id,objectid_1,Wetland_Code,Wetland_Name,Aquatic_Vegetation,Turbidity,Level_I_Category,Level_II_Category,Waterbody_Type,Area_ha,remarks,Latitude,Longitude,State_Code,Perimeter_Length_m,Shape_Area_sqm,Dataset_Name,Source_Agency,Waterbody_Name
1,1,1105,,No,Moderate,Inland,Natural,,0.308312402910435,,24.1274984124,92.3251128351,Tripura,349.507729188303,3083.12402910435,Hydrological Layer,SAC N,Waterlogged
1406,1406,1202,,No,Moderate,Inland,Man-made,,0.109010650592135,,24.4217257203,92.1516317241,Tripura,133.77835892451,1090.10650592135,Hydrological Layer,SAC N,Tank/Pond
461,461,1202,,No,Moderate,Inland,Man-made,,1.81367994031125,,23.212318994,91.5844696568,Tripura,560.815529751774,18136.7994031125,Hydrological Layer,SAC N,Tank/Pond
1788,1788,1202,,No,Moderate,Inland,Man-made,,0.106668484705925,,24.1471073365,92.0451192963,Tripura,152.115732282162,1066.68484705925,Hydrological Layer,SAC N,Tank/Pond
3,3,1202,,Yes,High,Inland,Man-made,,0.906189941128981,,23.5872492703,91.8188540784,Tripura,387.979128408322,9061.89941128981,Hydrological Layer,SAC N,Tank/Pond
4,4,1202,,No,Moderate,Inland,Man-made,,2.25332502588554,,24.198545991,92.1420089726,Tripura,1420.44325959071,22533.2502588554,Hydrological Layer,SAC N,Tank/Pond
5,5,1105,,No,Moderate,Inland,Natural,,1.2067635865227,,23.6402680732,91.3239289519,Tripura,889.768543985865,12067.635865227,Hydrological Layer,SAC N,Waterlogged
11,11,1202,,No,Moderate,Inland,Man-made,,1.52917613960801,,23.4235500136,91.4374594336,Tripura,911.863308980072,15291.7613960801,Hydrological Layer,SAC N,Tank/Pond
105,105,1202,,No,Moderate,Inland,Man-made,,1.9738108578628,,23.6872236386,91.3077271022,Tripura,564.974853753077,19738.108578628,Hydrological Layer,SAC N,Tank/Pond
1664,1664,1202,,No,Moderate,Inland,Man-made,,0.137755947833193,,24.3494130301,92.0034037336,Tripura,163.233276754668,1377.55947833193,Hydrological Layer,SAC N,Tank/Pond
6,6,1202,,No,Moderate,Inland,Man-made,,4.94563979404247,,24.1590334293,92.128282172,Tripura,2398.651257158,49456.3979404247,Hydrological Layer,SAC N,Tank/Pond
7,7,1202,,Yes,Moderate,Inland,Man-made,,1.10839331494705,,23.2217559531,91.5546708542,Tripura,1105.62810099002,11083.9331494705,Hydrological Layer,SAC N,Tank/Pond
8,8,1202,,Yes,Moderate,Inland,Man-made,,1.15518081358372,,23.2249390426,91.5531271861,Tripura,1111.49875401551,11551.8081358372,Hydrological Layer,SAC N,Tank/Pond
9,9,1202,,No,Moderate,Inland,Man-made,,1.60483411273086,,23.2477862717,91.4535262397,Tripura,769.657312638187,16048.3411273086,Hydrological Layer,SAC N,Tank/Pond
10,10,1202,,No,Moderate,Inland,Man-made,,1.65546975658736,,23.2511045472,91.4578199899,Tripura,791.771105545971,16554.6975658736,Hydrological Layer,SAC N,Tank/Pond
1665,1665,1202,,No,Moderate,Inland,Man-made,,0.119326261486908,,24.3495591841,92.002600127,Tripura,148.268101293778,1193.26261486908,Hydrological Layer,SAC N,Tank/Pond
351,351,1202,,No,Moderate,Inland,Man-made,,0.160784855255116,,24.344552219,92.0532350871,Tripura,184.310281302711,1607.84855255116,Hydrological Layer,SAC N,Tank/Pond
12,12,1202,,No,Moderate,Inland,Man-made,,0.978872676690093,,23.5816147403,91.2670401387,Tripura,705.223376967202,9788.72676690093,Hydrological Layer,SAC N,Tank/Pond
13,13,1202,,No,Moderate,Inland,Man-made,,1.07477928251174,,23.6610837595,91.3610193453,Tripura,946.699070544828,10747.7928251174,Hydrological Layer,SAC N,Tank/Pond
719,719,1202,,No,Moderate,Inland,Man-made,,1.11750931327472,,23.5282340261,91.5017978124,Tripura,423.312958762879,11175.0931327472,Hydrological Layer,SAC N,Tank/Pond
14,14,1202,,Yes,Moderate,Inland,Man-made,,1.14376452173241,,23.6624057742,91.3281767456,Tripura,776.803916196082,11437.6452173241,Hydrological Layer,SAC N,Tank/Pond
15,15,1202,,No,Moderate,Inland,Man-made,,1.60205597786347,,23.6620340201,91.2907997469,Tripura,866.846797401781,16020.5597786347,Hydrological Layer,SAC N,Tank/Pond
16,16,1202,,No,Moderate,Inland,Man-made,,1.78375699319185,,23.6616523317,91.2943706993,Tripura,971.734723113549,17837.5699319185,Hydrological Layer,SAC N,Tank/Pond
17,17,1202,,No,Moderate,Inland,Man-made,,2.74167332423085,,23.6887643042,91.2875445475,Tripura,722.283996855144,27416.7332423085,Hydrological Layer,SAC N,Tank/Pond
19,19,1202,,No,Moderate,Inland,Man-made,,1.6531200340863,,23.2641968572,91.5769598334,Tripura,905.569016221687,16531.200340863,Hydrological Layer,SAC N,Tank/Pond
20,20,1202,,No,Moderate,Inland,Man-made,,1.2337534148101,,23.2828428187,91.534322194,Tripura,462.126800174036,12337.534148101,Hydrological Layer,SAC N,Tank/Pond
18,18,1202,,No,Moderate,Inland,Man-made,,1.03981064366732,,23.2595613468,91.5156401564,Tripura,540.400740061088,10398.1064366732,Hydrological Layer,SAC N,Tank/Pond
939,939,1202,,No,Moderate,Inland,Man-made,,0.904256818560809,,23.8987003602,91.6450349787,Tripura,455.13161091667,9042.56818560809,Hydrological Layer,SAC N,Tank/Pond
21,21,1202,,No,Moderate,Inland,Man-made,,1.55154492618853,,23.282179567,91.5701340037,Tripura,1019.89425318666,15515.4492618853,Hydrological Layer,SAC N,Tank/Pond
22,22,1202,,No,Moderate,Inland,Man-made,,1.31468976499865,,23.2851813722,91.541696575,Tripura,584.514165508911,13146.8976499865,Hydrological Layer,SAC N,Tank/Pond
23,23,1202,,No,Moderate,Inland,Man-made,,1.08111029120431,,23.2935359523,91.4579721659,Tripura,687.849579378738,10811.1029120431,Hydrological Layer,SAC N,Tank/Pond
24,24,1202,,Yes,Moderate,Inland,Man-made,,2.82185536141111,,23.3512437091,91.5726439179,Tripura,794.924076310499,28218.5536141111,Hydrological Layer,SAC N,Tank/Pond
1407,1407,1202,,Yes,High,Inland,Man-made,,0.580279775343916,,24.3019384131,92.0886649976,Tripura,310.616640896639,5802.79775343916,Hydrological Layer,SAC N,Tank/Pond
25,25,1202,,No,Moderate,Inland,Man-made,,1.33692335895437,,23.3647480895,91.7754986057,Tripura,712.056838674969,13369.2335895437,Hydrological Layer,SAC N,Tank/Pond
133,133,1202,,No,Moderate,Inland,Man-made,,1.32813498615368,,23.7291921805,91.6540123047,Tripura,741.289896356393,13281.3498615368,Hydrological Layer,SAC N,Tank/Pond
27,27,1202,,No,Moderate,Inland,Man-made,,1.31874924504261,,23.4110286758,91.4163664634,Tripura,804.772319608645,13187.4924504261,Hydrological Layer,SAC N,Tank/Pond
33,33,1202,,No,Moderate,Inland,Man-made,,1.25307363342261,,23.4345913094,91.3603085906,Tripura,725.983461676406,12530.7363342261,Hydrological Layer,SAC N,Tank/Pond
28,28,1202,,No,Moderate,Inland,Man-made,,1.54628460536076,,23.4179464619,91.7626553782,Tripura,655.700403021257,15462.8460536076,Hydrological Layer,SAC N,Tank/Pond
29,29,1202,,No,Moderate,Inland,Man-made,,1.46464290444206,,23.4273858885,91.373429313,Tripura,852.96951107984,14646.4290444206,Hydrological Layer,SAC N,Tank/Pond
35,35,1202,,No,Moderate,Inland,Man-made,,1.79970744821029,,23.4536105004,91.4595032047,Tripura,597.740293868678,17997.0744821029,Hydrological Layer,SAC N,Tank/Pond
34,34,1202,,No,Moderate,Inland,Man-made,,0.966813228958512,,23.450407167,91.4136631183,Tripura,575.761601346265,9668.13228958512,Hydrological Layer,SAC N,Tank/Pond
5041,5041,1202,,No,Moderate,Inland,Man-made,,1.85572381171031,,23.1422091007,91.675478876,Tripura,1337.63385256028,18557.2381171031,Hydrological Layer,SAC N,Tank/Pond
30,30,1202,,No,Moderate,Inland,Man-made,,2.30916303581374,,23.4481321371,91.5261107862,Tripura,1778.44473564451,23091.6303581374,Hydrological Layer,SAC N,Tank/Pond
157,157,1202,,No,Low,Inland,Man-made,,2.65799768339935,,23.8356169684,91.2818046826,Tripura,688.8853963958,26579.9768339935,Hydrological Layer,SAC N,Tank/Pond
158,158,1202,,No,Moderate,Inland,Man-made,,1.04620901640966,,23.8373185115,91.2915983518,Tripura,431.476336921032,10462.0901640966,Hydrological Layer,SAC N,Tank/Pond
31,31,1202,,No,Moderate,Inland,Man-made,,2.00900908782164,,23.4499075081,91.3399728049,Tripura,1002.24086813057,20090.0908782164,Hydrological Layer,SAC N,Tank/Pond
32,32,1202,,No,Moderate,Inland,Man-made,,3.90706249220704,,23.4491102705,91.4538086505,Tripura,1493.56224729493,39070.6249220704,Hydrological Layer,SAC N,Tank/Pond
36,36,1202,,No,Moderate,Inland,Man-made,,1.26379945310904,,23.4535055813,91.427942095,Tripura,608.809556963982,12637.9945310904,Hydrological Layer,SAC N,Tank/Pond
37,37,1202,,No,Moderate,Inland,Man-made,,1.0642200810242,,23.454066931,91.4824209408,Tripura,499.901243136727,10642.200810242,Hydrological Layer,SAC N,Tank/Pond
159,159,1202,,No,Moderate,Inland,Man-made,,0.979141912156348,,23.8401404699,91.2815801786,Tripura,485.727466551154,9791.41912156348,Hydrological Layer,SAC N,Tank/Pond
38,38,1202,,No,Moderate,Inland,Man-made,,1.4549478306867,,23.4578574737,91.4589422087,Tripura,803.950798446936,14549.478306867,Hydrological Layer,SAC N,Tank/Pond
39,39,1202,,No,Moderate,Inland,Man-made,,1.145235477135,,23.4631086167,91.6760642066,Tripura,595.709681446022,11452.35477135,Hydrological Layer,SAC N,Tank/Pond
40,40,1202,,No,Moderate,Inland,Man-made,,1.60133771159046,,23.4658009714,91.431978287,Tripura,822.882018928619,16013.3771159046,Hydrological Layer,SAC N,Tank/Pond
41,41,1202,,No,Moderate,Inland,Man-made,,1.62682554553302,,23.4675383656,91.4327906367,Tripura,798.131601077385,16268.2554553302,Hydrological Layer,SAC N,Tank/Pond
42,42,1202,,No,Moderate,Inland,Man-made,,6.01566171656019,,23.5186983555,91.6529400096,Tripura,1104.3660277518,60156.6171656019,Hydrological Layer,SAC N,Tank/Pond
43,43,1202,,No,Moderate,Inland,Man-made,,10.1534373680316,,23.4684347688,91.2755853683,Tripura,1446.05954866245,101534.373680316,Hydrological Layer,SAC N,Tank/Pond
44,44,1202,,No,Moderate,Inland,Man-made,,2.01177184579844,,23.4683059649,91.4357092163,Tripura,1075.58657372371,20117.7184579844,Hydrological Layer,SAC N,Tank/Pond
315,315,1202,,No,Moderate,Inland,Man-made,,0.403405083592217,,24.1368162566,92.1271904703,Tripura,269.503577880813,4034.05083592217,Hydrological Layer,SAC N,Tank/Pond
1381,1381,1202,,No,Moderate,Inland,Man-made,,0.280219061179847,,24.3557317086,92.120852161,Tripura,261.634437654414,2802.19061179847,Hydrological Layer,SAC N,Tank/Pond
45,45,1202,,No,Moderate,Inland,Man-made,,3.12062805869919,,23.4697015554,91.4338553107,Tripura,1557.51147260468,31206.2805869919,Hydrological Layer,SAC N,Tank/Pond
46,46,1202,,No,Moderate,Inland,Man-made,,1.70990714102664,,23.4722204376,91.276246091,Tripura,729.463262734793,17099.0714102664,Hydrological Layer,SAC N,Tank/Pond
47,47,1202,,No,Moderate,Inland,Man-made,,1.19078877030244,,23.4727551577,91.3920458679,Tripura,562.324784247826,11907.8877030244,Hydrological Layer,SAC N,Tank/Pond
53,53,1202,,No,Moderate,Inland,Man-made,,2.35954773996476,,23.4801585261,91.2760024836,Tripura,624.768014920297,23595.4773996476,Hydrological Layer,SAC N,Tank/Pond
1763,1763,1202,,No,Moderate,Inland,Man-made,,0.172521933909341,,24.143291484,92.0375887211,Tripura,172.444140930165,1725.21933909341,Hydrological Layer,SAC N,Tank/Pond
48,48,1202,,No,Moderate,Inland,Man-made,,6.82768240716595,,23.4763836689,91.3210710761,Tripura,2513.59696887428,68276.8240716595,Hydrological Layer,SAC N,Tank/Pond
49,49,1202,,No,Moderate,Inland,Man-made,,4.40112818802204,,23.4747636431,91.281753441,Tripura,1331.70552939138,44011.2818802204,Hydrological Layer,SAC N,Tank/Pond
50,50,1202,,No,Moderate,Inland,Man-made,,1.60474040899126,,23.4798209493,91.3882039428,Tripura,649.831493244717,16047.4040899126,Hydrological Layer,SAC N,Tank/Pond
51,51,1202,,No,Moderate,Inland,Man-made,,1.02710944350685,,23.4796949965,91.6890783361,Tripura,955.629052081744,10271.0944350685,Hydrological Layer,SAC N,Tank/Pond
52,52,1202,,No,Moderate,Inland,Man-made,,1.35779246348851,,23.4794649669,91.2611690836,Tripura,638.621347340008,13577.9246348851,Hydrological Layer,SAC N,Tank/Pond
1585,1585,1202,,No,Moderate,Inland,Man-made,,0.198455325529136,,24.3729209966,92.0385034823,Tripura,211.568735207298,1984.55325529136,Hydrological Layer,SAC N,Tank/Pond
54,54,1202,,No,Moderate,Inland,Man-made,,3.65222296592061,,23.4803004388,91.2648315057,Tripura,1002.9142437861,36522.2296592061,Hydrological Layer,SAC N,Tank/Pond
55,55,1202,,No,Moderate,Inland,Man-made,,1.56908563686344,,23.4819478905,91.3791793049,Tripura,904.949517771766,15690.8563686344,Hydrological Layer,SAC N,Tank/Pond
56,56,1202,,No,Moderate,Inland,Man-made,,1.38377769857771,,23.4822820225,91.3983395611,Tripura,511.572165030517,13837.7769857771,Hydrological Layer,SAC N,Tank/Pond
57,57,1202,,No,Moderate,Inland,Man-made,,2.93541002813132,,23.4823792195,91.2997385238,Tripura,949.415674689733,29354.1002813132,Hydrological Layer,SAC N,Tank/Pond
392,392,1202,,No,Moderate,Inland,Man-made,,0.297319164368827,,24.3503708166,92.0200507621,Tripura,278.9102724143,2973.19164368827,Hydrological Layer,SAC N,Tank/Pond
1382,1382,1202,,No,Moderate,Inland,Man-made,,0.447133367724857,,24.2003515752,92.0991511498,Tripura,278.694017927391,4471.33367724857,Hydrological Layer,SAC N,Tank/Pond
58,58,1202,,Yes,High,Inland,Man-made,,7.51985144725228,,23.4834754964,91.270632598,Tripura,1131.68182120579,75198.5144725228,Hydrological Layer,SAC N,Tank/Pond
59,59,1202,,No,Moderate,Inland,Man-made,,2.9572374821112,,23.484355554,91.341205006,Tripura,1103.68616255056,29572.374821112,Hydrological Layer,SAC N,Tank/Pond
550,550,1202,,No,Moderate,Inland,Man-made,,1.24518424029226,,23.2782858381,91.3480269867,Tripura,605.88766212422,12451.8424029226,Hydrological Layer,SAC N,Tank/Pond
60,60,1202,,Yes,High,Inland,Man-made,,4.83688467830492,,23.485843548,91.2978363173,Tripura,1184.15345254006,48368.8467830492,Hydrological Layer,SAC N,Tank/Pond
61,61,1202,,No,Moderate,Inland,Man-made,,1.5721590826891,,23.4850850717,91.345370998,Tripura,832.541984272573,15721.590826891,Hydrological Layer,SAC N,Tank/Pond
62,62,1202,,No,Moderate,Inland,Man-made,,2.84796541503791,,23.4874399751,91.3201760152,Tripura,819.015936003253,28479.6541503791,Hydrological Layer,SAC N,Tank/Pond
63,63,1202,,Yes,High,Inland,Man-made,,1.40260337561945,,23.4888797491,91.3144326008,Tripura,544.456490892105,14026.0337561945,Hydrological Layer,SAC N,Tank/Pond
64,64,1202,,No,Moderate,Inland,Man-made,,1.83973901301401,,23.4898037928,91.5617394633,Tripura,1232.89229477113,18397.3901301401,Hydrological Layer,SAC N,Tank/Pond
1383,1383,1202,,No,Moderate,Inland,Man-made,,0.3071778133537,,23.2550677958,91.3402202237,Tripura,244.490875032002,3071.778133537,Hydrological Layer,SAC N,Tank/Pond
65,65,1202,,No,Moderate,Inland,Man-made,,1.30165666490854,,23.4899220764,91.4406526871,Tripura,859.987222435176,13016.5666490854,Hydrological Layer,SAC N,Tank/Pond
314,314,1202,,No,Moderate,Inland,Man-made,,0.595662313262816,,24.2036805837,92.1324791856,Tripura,465.398703462713,5956.62313262816,Hydrological Layer,SAC N,Tank/Pond
66,66,1202,,No,Moderate,Inland,Man-made,,4.48709740252996,,23.4901106839,91.510720404,Tripura,2056.36062526972,44870.9740252996,Hydrological Layer,SAC N,Tank/Pond
67,67,1202,,Yes,High,Inland,Man-made,,1.09315470835598,,23.4921068692,91.336716991,Tripura,551.745328760494,10931.5470835598,Hydrological Layer,SAC N,Tank/Pond
68,68,1202,,No,Moderate,Inland,Man-made,,1.63921179576564,,23.4939202153,91.3217687201,Tripura,939.439519363916,16392.1179576564,Hydrological Layer,SAC N,Tank/Pond
69,69,1202,,Yes,High,Inland,Man-made,,1.25831119651652,,23.4944499293,91.3278311399,Tripura,977.32404114799,12583.1119651652,Hydrological Layer,SAC N,Tank/Pond
70,70,1202,,No,Moderate,Inland,Man-made,,3.97151298582551,,23.4960528825,91.3097972261,Tripura,1101.8174991355,39715.1298582551,Hydrological Layer,SAC N,Tank/Pond
549,549,1202,,No,Moderate,Inland,Man-made,,1.0605926317111,,23.2775887312,91.3214878959,Tripura,808.057906503866,10605.926317111,Hydrological Layer,SAC N,Tank/Pond
676,676,1202,,No,Moderate,Inland,Man-made,,1.01374961867806,,23.5101478893,91.5206828348,Tripura,540.545745206032,10137.4961867806,Hydrological Layer,SAC N,Tank/Pond
71,71,1202,,No,Moderate,Inland,Man-made,,1.00302795511137,,23.4958908624,91.4630100803,Tripura,902.61376572566,10030.2795511137,Hydrological Layer,SAC N,Tank/Pond
72,72,1202,,No,Moderate,Inland,Man-made,,1.57415031944826,,23.4955810872,91.4445543576,Tripura,1091.39650457207,15741.5031944826,Hydrological Layer,SAC N,Tank/Pond
73,73,1202,,Yes,High,Inland,Man-made,,2.20334386474289,,23.589343035,91.8180538011,Tripura,1015.04552221057,22033.4386474289,Hydrological Layer,SAC N,Tank/Pond
119,119,1202,,No,Moderate,Inland,Man-made,,1.01224107493244,,23.705709804,91.3965256384,Tripura,800.976579600493,10122.4107493244,Hydrological Layer,SAC N,Tank/Pond
74,74,1202,,No,Moderate,Inland,Man-made,,3.28810765947844,,23.4963328034,91.3929790377,Tripura,1468.93236947875,32881.0765947844,Hydrological Layer,SAC N,Tank/Pond
75,75,1202,,No,Moderate,Inland,Man-made,,8.30780202410496,,23.4959395638,91.3573169303,Tripura,3458.21891472119,83078.0202410496,Hydrological Layer,SAC N,Tank/Pond
76,76,1202,,No,Moderate,Inland,Man-made,,2.49836161414599,,23.4979376177,91.5205893507,Tripura,965.483335751947,24983.6161414599,Hydrological Layer,SAC N,Tank/Pond
120,120,1202,,No,Moderate,Inland,Man-made,,1.51435700198303,,23.711139571,91.6486736662,Tripura,630.14277239376,15143.5700198303,Hydrological Layer,SAC N,Tank/Pond
664,664,1202,,No,Moderate,Inland,Man-made,,2.01703768017151,,23.5061726965,91.3995156529,Tripura,556.766587564517,20170.3768017151,Hydrological Layer,SAC N,Tank/Pond
516,516,1202,,No,Moderate,Inland,Man-made,,0.839152382469403,,24.3914501825,92.1343624641,Tripura,527.305367669334,8391.52382469403,Hydrological Layer,SAC N,Tank/Pond
77,77,1202,,Yes,High,Inland,Man-made,,4.16138739811591,,23.4990919893,91.3535045163,Tripura,2565.42346035738,41613.8739811591,Hydrological Layer,SAC N,Tank/Pond
78,78,1202,,No,Moderate,Inland,Man-made,,3.05744767404928,,23.4995197416,91.5190903965,Tripura,1271.70502289476,30574.4767404928,Hydrological Layer,SAC N,Tank/Pond
79,79,1202,,No,Moderate,Inland,Man-made,,2.03979414098399,,23.5681212225,91.6321587293,Tripura,1167.90911748123,20397.9414098399,Hydrological Layer,SAC N,Tank/Pond
82,82,1202,,No,Moderate,Inland,Man-made,,1.65756951132861,,23.6182547944,91.2578429677,Tripura,475.08021616057,16575.6951132861,Hydrological Layer,SAC N,Tank/Pond
154,154,1202,,No,Moderate,Inland,Man-made,,1.74550493906902,,23.8312924608,91.3911236356,Tripura,647.290293739741,17455.0493906902,Hydrological Layer,SAC N,Tank/Pond
121,121,1202,,No,Moderate,Inland,Man-made,,0.966890573535129,,23.7062487285,91.6267218329,Tripura,747.820795522594,9668.90573535129,Hydrological Layer,SAC N,Tank/Pond
80,80,1202,,No,Moderate,Inland,Man-made,,2.37076945316517,,23.5685919326,91.2690800853,Tripura,1576.31239157413,23707.6945316517,Hydrological Layer,SAC N,Tank/Pond
81,81,1202,,Yes,High,Inland,Man-made,,9.44437447857791,,23.5704375799,91.640056129,Tripura,1342.97655808097,94443.7447857791,Hydrological Layer,SAC N,Tank/Pond
156,156,1202,,No,Moderate,Inland,Man-made,,1.04686576467912,,23.8349743106,91.6748470345,Tripura,492.894110472693,10468.6576467912,Hydrological Layer,SAC N,Tank/Pond
1666,1666,1202,,No,Moderate,Inland,Man-made,,0.238437565790527,,24.349752395,92.0009785202,Tripura,225.709235033149,2384.37565790527,Hydrological Layer,SAC N,Tank/Pond
88,88,1202,,No,Moderate,Inland,Man-made,,1.41003542104123,,23.6466287561,91.282225744,Tripura,1263.61376979718,14100.3542104123,Hydrological Layer,SAC N,Tank/Pond
83,83,1202,,No,Moderate,Inland,Man-made,,1.24135554407511,,23.6353044714,91.3079296461,Tripura,1747.12733806612,12413.5554407511,Hydrological Layer,SAC N,Tank/Pond
84,84,1202,,No,Moderate,Inland,Man-made,,2.01139291413269,,23.5122247129,91.2998230819,Tripura,716.151869315329,20113.9291413269,Hydrological Layer,SAC N,Tank/Pond
85,85,1202,,No,Moderate,Inland,Man-made,,0.642412358820211,,23.6414741082,91.2400309819,Tripura,340.501459618452,6424.12358820211,Hydrological Layer,SAC N,Tank/Pond
197,197,1202,,No,Moderate,Inland,Man-made,,1.64080804880968,,24.0237445661,92.008233628,Tripura,518.79883604699,16408.0804880968,Hydrological Layer,SAC N,Tank/Pond
89,89,1202,,No,Moderate,Inland,Man-made,,1.57597145454879,,23.6542540715,91.2621612755,Tripura,629.012485641604,15759.7145454879,Hydrological Layer,SAC N,Tank/Pond
90,90,1202,,Yes,High,Inland,Man-made,,1.04921420474092,,23.6543793493,91.2704823759,Tripura,600.920918490079,10492.1420474092,Hydrological Layer,SAC N,Tank/Pond
91,91,1202,,No,Moderate,Inland,Man-made,,1.45642808319956,,23.6574197077,91.3350095204,Tripura,1313.5346012553,14564.2808319956,Hydrological Layer,SAC N,Tank/Pond
716,716,1101,,No,Moderate,Inland,Natural,,11.2583255645281,,23.5247795442,91.6574239369,Tripura,1426.51824137453,112583.255645281,Hydrological Layer,SAC N,Lake/Pond
104,104,1202,,No,Moderate,Inland,Man-made,,1.07335026280123,,23.6867250902,91.3942184037,Tripura,970.175208303079,10733.5026280123,Hydrological Layer,SAC N,Tank/Pond
260,260,1105,,No,Moderate,Inland,Natural,,0.161764308630171,,24.1961402696,92.133624762,Tripura,267.378963117887,1617.64308630171,Hydrological Layer,SAC N,Waterlogged
86,86,1202,,No,Moderate,Inland,Man-made,,2.34851591760333,,23.6355280204,91.2593642615,Tripura,2799.8523211139,23485.1591760333,Hydrological Layer,SAC N,Tank/Pond
116,116,1202,,No,Low,Inland,Man-made,,1.76118171991477,,23.7012691618,91.2598463827,Tripura,779.863517500069,17611.8171991477,Hydrological Layer,SAC N,Tank/Pond
117,117,1202,,No,Moderate,Inland,Man-made,,1.15317437229157,,23.7014304357,91.4960211882,Tripura,429.420912611502,11531.7437229157,Hydrological Layer,SAC N,Tank/Pond
87,87,1202,,Yes,High,Inland,Man-made,,2.19544917867097,,23.6444914594,91.2623612294,Tripura,1073.06780110881,21954.4917867097,Hydrological Layer,SAC N,Tank/Pond
1145,1145,1202,,No,Moderate,Inland,Man-made,,2.42971921147424,,23.7487460504,91.6080196894,Tripura,776.828925061441,24297.1921147424,Hydrological Layer,SAC N,Tank/Pond
92,92,1101,,No,Moderate,Inland,Natural,,17.9481643203172,,23.6593678404,91.3102094158,Tripura,6903.40608530961,179481.643203172,Hydrological Layer,SAC N,Lake/Pond
142,142,1202,,No,Moderate,Inland,Man-made,,1.1347692328218,,23.7386337295,91.4799818752,Tripura,636.798098933988,11347.692328218,Hydrological Layer,SAC N,Tank/Pond
98,98,1202,,No,Moderate,Inland,Man-made,,3.2948443287472,,23.6775387153,91.3324603328,Tripura,2238.60809242338,32948.443287472,Hydrological Layer,SAC N,Tank/Pond
99,99,1202,,No,Moderate,Inland,Man-made,,0.997065160659066,,23.6802061311,91.3534091913,Tripura,401.448855353137,9970.65160659066,Hydrological Layer,SAC N,Tank/Pond
128,128,1202,,No,Moderate,Inland,Man-made,,1.23579403485923,,23.7329022413,91.6554355521,Tripura,994.464191345828,12357.9403485923,Hydrological Layer,SAC N,Tank/Pond
93,93,1101,,Yes,High,Inland,Natural,,17.0804871701932,,23.6592546128,91.3025209326,Tripura,6726.04319991588,170804.871701932,Hydrological Layer,SAC N,Lake/Pond
1983,1983,1202,,No,Moderate,Inland,Man-made,,0.333648599217116,,23.6515355308,91.2243418891,Tripura,259.048714130283,3336.48599217116,Hydrological Layer,SAC N,Tank/Pond
100,100,1202,,No,Moderate,Inland,Man-made,,1.69631365060522,,23.6800931919,91.3197530624,Tripura,1586.67962939388,16963.1365060522,Hydrological Layer,SAC N,Tank/Pond
101,101,1202,,No,Moderate,Inland,Man-made,,1.65288413971405,,23.6827235038,91.3140939095,Tripura,964.323438833446,16528.8413971405,Hydrological Layer,SAC N,Tank/Pond
102,102,1202,,No,Moderate,Inland,Man-made,,1.08449607517345,,23.6841550875,91.3010005885,Tripura,764.229323370949,10844.9607517345,Hydrological Layer,SAC N,Tank/Pond
1729,1729,1202,,No,Moderate,Inland,Man-made,,0.513554652199959,,24.145201722,92.0301899458,Tripura,336.690683711735,5135.54652199959,Hydrological Layer,SAC N,Tank/Pond
106,106,1202,,No,Moderate,Inland,Man-made,,1.17813909215929,,23.6888839718,91.4977229467,Tripura,1189.44573995391,11781.3909215929,Hydrological Layer,SAC N,Tank/Pond
135,135,1202,,No,Moderate,Inland,Man-made,,1.54191302158415,,23.7303777249,91.4657943997,Tripura,969.281736006798,15419.1302158415,Hydrological Layer,SAC N,Tank/Pond
1487,1487,1202,,No,Moderate,Inland,Man-made,,0.380873755795033,,24.3522205673,92.2115958431,Tripura,355.448113519885,3808.73755795033,Hydrological Layer,SAC N,Tank/Pond
94,94,1202,,No,Moderate,Inland,Man-made,,1.07193004630654,,23.6670461916,91.3917597378,Tripura,2106.14519864291,10719.3004630654,Hydrological Layer,SAC N,Tank/Pond
103,103,1202,,No,Moderate,Inland,Man-made,,0.973136791540415,,23.6839517512,91.3657008393,Tripura,873.038600326217,9731.36791540415,Hydrological Layer,SAC N,Tank/Pond
126,126,1202,,No,Moderate,Inland,Man-made,,1.96634200932705,,23.7095215996,91.4552510698,Tripura,1519.34542111949,19663.4200932705,Hydrological Layer,SAC N,Tank/Pond
95,95,1202,,No,Moderate,Inland,Man-made,,5.49451699537826,,23.666346336,91.3957123256,Tripura,4274.44491972074,54945.1699537826,Hydrological Layer,SAC N,Tank/Pond
96,96,1202,,No,Moderate,Inland,Man-made,,1.57937037227093,,23.6679664949,91.2985468298,Tripura,1455.80997720809,15793.7037227093,Hydrological Layer,SAC N,Tank/Pond
97,97,1202,,Yes,High,Inland,Man-made,,1.20033518453637,,23.6794403155,91.2962782547,Tripura,459.227765404591,12003.3518453637,Hydrological Layer,SAC N,Tank/Pond
115,115,1202,,No,Moderate,Inland,Man-made,,1.32877617617624,,23.7003076246,91.3494264261,Tripura,778.544325564285,13287.7617617624,Hydrological Layer,SAC N,Tank/Pond
107,107,1202,,No,Moderate,Inland,Man-made,,2.31834453494036,,23.691925509,91.4602798494,Tripura,1716.36277935304,23183.4453494036,Hydrological Layer,SAC N,Tank/Pond
108,108,1202,,No,Moderate,Inland,Man-made,,3.50982634603692,,23.6914316163,91.3397592016,Tripura,1239.02347045931,35098.2634603692,Hydrological Layer,SAC N,Tank/Pond
129,129,1202,,No,Moderate,Inland,Man-made,,1.19955142067656,,23.7246350726,91.6171095628,Tripura,483.313671739352,11995.5142067656,Hydrological Layer,SAC N,Tank/Pond
109,109,1202,,No,Moderate,Inland,Man-made,,1.43595707428071,,23.6919803334,91.3972081605,Tripura,1124.02455174026,14359.5707428071,Hydrological Layer,SAC N,Tank/Pond
711,711,1202,,No,Moderate,Inland,Man-made,,2.23998213936759,,23.5240050053,91.5494393717,Tripura,857.200950436132,22399.8213936759,Hydrological Layer,SAC N,Tank/Pond
110,110,1202,,Yes,High,Inland,Man-made,,1.12949261884056,,23.6929394396,91.6143557775,Tripura,774.491112796993,11294.9261884056,Hydrological Layer,SAC N,Tank/Pond
118,118,1202,,No,Moderate,Inland,Man-made,,1.85039838357356,,23.6992715383,91.3632751843,Tripura,1600.44780643784,18503.9838357356,Hydrological Layer,SAC N,Tank/Pond
130,130,1202,,Yes,High,Inland,Man-made,,1.11302224894867,,23.7248939246,91.6506465866,Tripura,675.210572954344,11130.2224894867,Hydrological Layer,SAC N,Tank/Pond
1764,1764,1202,,No,Moderate,Inland,Man-made,,0.302776547160478,,24.1441253473,92.0440596007,Tripura,234.996874680894,3027.76547160478,Hydrological Layer,SAC N,Tank/Pond
127,127,1202,,No,Moderate,Inland,Man-made,,1.44725765280994,,23.7326492293,91.6240953188,Tripura,917.378382404058,14472.5765280994,Hydrological Layer,SAC N,Tank/Pond
359,359,1202,,No,Moderate,Inland,Man-made,,1.36747446721415,,23.6117737595,91.1746043656,Tripura,682.42173706406,13674.7446721415,Hydrological Layer,SAC N,Tank/Pond
134,134,1202,,No,Moderate,Inland,Man-made,,1.03715138046779,,23.7286104974,91.6305603602,Tripura,800.168921821067,10371.5138046779,Hydrological Layer,SAC N,Tank/Pond
136,136,1202,,No,Moderate,Inland,Man-made,,2.04071300954588,,23.7303374974,91.6558734054,Tripura,1095.65739383575,20407.1300954588,Hydrological Layer,SAC N,Tank/Pond
111,111,1202,,No,Moderate,Inland,Man-made,,1.97461348870154,,23.6939196372,91.4993032095,Tripura,2272.72078476369,19746.1348870154,Hydrological Layer,SAC N,Tank/Pond
112,112,1202,,Yes,High,Inland,Man-made,,2.83820437498977,,23.6943386496,91.5909898539,Tripura,4782.59718909212,28382.0437498976,Hydrological Layer,SAC N,Tank/Pond
113,113,1202,,No,Moderate,Inland,Man-made,,2.55485497798101,,23.697790259,91.4642048381,Tripura,1392.10865752549,25548.5497798101,Hydrological Layer,SAC N,Tank/Pond
114,114,1202,,Yes,Moderate,Inland,Man-made,,1.99453259925145,,23.6980895571,91.2583649064,Tripura,1356.4094527054,19945.3259925145,Hydrological Layer,SAC N,Tank/Pond
1146,1146,1202,,No,Moderate,Inland,Man-made,,1.17872796636854,,23.7476068962,91.6084106694,Tripura,444.400378207368,11787.2796636854,Hydrological Layer,SAC N,Tank/Pond
122,122,1202,,No,High,Inland,Man-made,,2.79395767592514,,23.7057293931,91.3808153793,Tripura,2770.00575660986,27939.5767592514,Hydrological Layer,SAC N,Tank/Pond
123,123,1202,,No,Moderate,Inland,Man-made,,0.289793559998851,,23.6422591987,91.2398151018,Tripura,220.467926543247,2897.93559998851,Hydrological Layer,SAC N,Tank/Pond
124,124,1105,,No,Moderate,Inland,Natural,,2.66590394754073,,23.6338334939,91.2983398031,Tripura,1019.70732575596,26659.0394754073,Hydrological Layer,SAC N,Waterlogged
125,125,1202,,No,Moderate,Inland,Man-made,,1.28920962317132,,23.709507946,91.4070953963,Tripura,1060.2314316731,12892.0962317132,Hydrological Layer,SAC N,Tank/Pond
253,253,1202,,Yes,High,Inland,Man-made,,1.01189986653282,,24.1907952856,92.1185148246,Tripura,630.296403604358,10118.9986653282,Hydrological Layer,SAC N,Tank/Pond
131,131,1202,,Yes,High,Inland,Man-made,,2.91670050484742,,23.7246247962,91.1590397252,Tripura,3775.58072314572,29167.0050484742,Hydrological Layer,SAC N,Tank/Pond
132,132,1202,,No,Moderate,Inland,Man-made,,1.212082182744,,23.7136298567,91.6576767123,Tripura,496.366807678724,12120.82182744,Hydrological Layer,SAC N,Tank/Pond
137,137,1202,,No,Moderate,Inland,Man-made,,2.93570696288796,,23.7293639221,91.3441434859,Tripura,1885.14717860773,29357.0696288796,Hydrological Layer,SAC N,Tank/Pond
138,138,1202,,No,Moderate,Inland,Man-made,,2.40344135351167,,23.739740153,91.6256667544,Tripura,656.585042782622,24034.4135351167,Hydrological Layer,SAC N,Tank/Pond
139,139,1202,,No,Moderate,Inland,Man-made,,1.64090406452276,,23.7353070861,91.5871013585,Tripura,1018.99212166382,16409.0406452276,Hydrological Layer,SAC N,Tank/Pond
140,140,1202,,No,Moderate,Inland,Man-made,,1.95860631649225,,23.7378209047,91.4667235611,Tripura,1592.35611952153,19586.0631649225,Hydrological Layer,SAC N,Tank/Pond
141,141,1202,,No,Low,Inland,Man-made,,0.949922189373696,,24.1983136504,92.1077896251,Tripura,662.781709927478,9499.22189373696,Hydrological Layer,SAC N,Tank/Pond
170,170,1105,,No,Moderate,Inland,Natural,,1.80853222514463,,24.2315750526,92.1334941057,Tripura,925.230273763314,18085.3222514463,Hydrological Layer,SAC N,Waterlogged
143,143,1202,,No,Moderate,Inland,Man-made,,1.59803584852261,,23.7403760619,91.6301492864,Tripura,736.813359048731,15980.3584852261,Hydrological Layer,SAC N,Tank/Pond
144,144,1105,,Yes,Moderate,Inland,Natural,,0.983679159894859,,23.7433386704,91.4287254543,Tripura,908.4350219635,9836.79159894859,Hydrological Layer,SAC N,Waterlogged
145,145,1202,,No,Moderate,Inland,Man-made,,2.02073639874798,,23.7427335197,91.6315669781,Tripura,1102.29173458321,20207.3639874798,Hydrological Layer,SAC N,Tank/Pond
712,712,1202,,No,Moderate,Inland,Man-made,,2.47268096087004,,23.5238570987,91.4798577314,Tripura,641.760982313861,24726.8096087004,Hydrological Layer,SAC N,Tank/Pond
146,146,1202,,No,Moderate,Inland,Man-made,,1.23687001816814,,23.7472327141,91.6182599901,Tripura,541.985424274361,12368.7001816814,Hydrological Layer,SAC N,Tank/Pond
147,147,1105,,Yes,Moderate,Inland,Natural,,2.48757097029953,,23.7467250595,91.4973987953,Tripura,1176.69346383014,24875.7097029953,Hydrological Layer,SAC N,Waterlogged
163,163,1202,,No,Moderate,Inland,Man-made,,2.56249914511318,,23.8700696188,91.4766788922,Tripura,1253.16190459605,25624.9914511318,Hydrological Layer,SAC N,Tank/Pond
148,148,1202,,No,Moderate,Inland,Man-made,,2.64197560455875,,23.7474002494,91.6277359348,Tripura,1667.05090492287,26419.7560455875,Hydrological Layer,SAC N,Tank/Pond
149,149,1202,,No,Moderate,Inland,Man-made,,1.6723294982662,,23.7490804547,91.2637826043,Tripura,551.544414959214,16723.294982662,Hydrological Layer,SAC N,Tank/Pond
150,150,1202,,Yes,Moderate,Inland,Man-made,,0.675695369781418,,23.8032226368,91.4513903361,Tripura,452.323156501484,6756.95369781418,Hydrological Layer,SAC N,Tank/Pond
198,198,1202,,No,Moderate,Inland,Man-made,,1.00911799804484,,24.0254904357,91.9870794555,Tripura,487.973919419171,10091.1799804484,Hydrological Layer,SAC N,Tank/Pond
151,151,1202,,No,Moderate,Inland,Man-made,,0.971426490700692,,23.8047861889,91.4512443493,Tripura,635.616004265858,9714.26490700692,Hydrological Layer,SAC N,Tank/Pond
152,152,1202,,No,Moderate,Inland,Man-made,,1.18032987472779,,23.811445204,91.5024388934,Tripura,490.045601317635,11803.2987472779,Hydrological Layer,SAC N,Tank/Pond
438,438,1105,,No,Moderate,Inland,Natural,,1.21892858291966,,23.8580437117,91.4484329378,Tripura,737.472178009546,12189.2858291966,Hydrological Layer,SAC N,Waterlogged
153,153,1202,,No,Moderate,Inland,Man-made,,1.44022882506897,,23.8140772346,91.4909848459,Tripura,1491.3085101445,14402.2882506897,Hydrological Layer,SAC N,Tank/Pond
155,155,1105,,No,Moderate,Inland,Natural,,0.448625709990558,,23.8249062861,91.4058693456,Tripura,265.480528833173,4486.25709990558,Hydrological Layer,SAC N,Waterlogged
713,713,1202,,No,Moderate,Inland,Man-made,,2.06315676064432,,23.5239421369,91.4777898296,Tripura,599.591688780463,20631.5676064432,Hydrological Layer,SAC N,Tank/Pond
160,160,1202,,Yes,Moderate,Inland,Man-made,,1.56634566118925,,23.841805574,91.4280994075,Tripura,937.455791821741,15663.4566118925,Hydrological Layer,SAC N,Tank/Pond
161,161,1202,,No,Moderate,Inland,Man-made,,1.07100422615625,,23.8552389532,91.4024161245,Tripura,534.402629171674,10710.0422615625,Hydrological Layer,SAC N,Tank/Pond
162,162,1202,,No,Moderate,Inland,Man-made,,1.07881620507548,,23.8567725477,91.6348370234,Tripura,446.25802354103,10788.1620507548,Hydrological Layer,SAC N,Tank/Pond
164,164,1202,,No,Moderate,Inland,Man-made,,1.44512004038823,,23.8850539879,91.6262345302,Tripura,866.742614297171,14451.2004038823,Hydrological Layer,SAC N,Tank/Pond
165,165,1202,,No,Moderate,Inland,Man-made,,1.2027084652378,,23.8851775203,91.61068326,Tripura,527.659850952536,12027.084652378,Hydrological Layer,SAC N,Tank/Pond
166,166,1105,,No,Moderate,Inland,Natural,,0.5326252381997,,24.1618451215,92.0942353356,Tripura,498.18690663356,5326.252381997,Hydrological Layer,SAC N,Waterlogged
261,261,1105,,No,Moderate,Inland,Natural,,0.66306200247436,,24.1964798202,92.1354867035,Tripura,558.165605918353,6630.6200247436,Hydrological Layer,SAC N,Waterlogged
167,167,1105,,No,Moderate,Inland,Natural,,0.579443377154198,,24.1907743398,92.1414698736,Tripura,691.530195091126,5794.43377154198,Hydrological Layer,SAC N,Waterlogged
168,168,1105,,No,Moderate,Inland,Natural,,1.23805513936273,,24.2285397181,92.1280531859,Tripura,1184.06645718508,12380.5513936273,Hydrological Layer,SAC N,Waterlogged
169,169,1105,,No,Moderate,Inland,Natural,,2.01961126742178,,24.230547102,92.1166728822,Tripura,1231.81653537899,20196.1126742178,Hydrological Layer,SAC N,Waterlogged
171,171,1105,,No,Moderate,Inland,Natural,,2.32392742456846,,24.2313749421,92.1285789988,Tripura,2244.68788190057,23239.2742456846,Hydrological Layer,SAC N,Waterlogged
262,262,1202,,No,Moderate,Inland,Man-made,,0.557801796618931,,24.2004075701,92.1292865594,Tripura,335.443296617704,5578.01796618931,Hydrological Layer,SAC N,Tank/Pond
714,714,1202,,No,Moderate,Inland,Man-made,,2.37959659691593,,23.5244454824,91.543908114,Tripura,619.809953581876,23795.9659691593,Hydrological Layer,SAC N,Tank/Pond
172,172,1105,,No,Moderate,Inland,Natural,,2.15664073687763,,24.2306558526,92.1262016818,Tripura,2315.04459645252,21566.4073687763,Hydrological Layer,SAC N,Waterlogged
173,173,1105,,No,Moderate,Inland,Natural,,1.73027112076501,,24.2331030177,92.1355091115,Tripura,1481.58526999905,17302.7112076501,Hydrological Layer,SAC N,Waterlogged
439,439,1105,,No,Moderate,Inland,Natural,,2.10923672969007,,23.8624387415,91.4527347603,Tripura,1016.24931753236,21092.3672969007,Hydrological Layer,SAC N,Waterlogged
174,174,1105,,No,Moderate,Inland,Natural,,1.81900939798782,,24.2322323188,92.1247040807,Tripura,1801.62924073494,18190.0939798782,Hydrological Layer,SAC N,Waterlogged
175,175,1202,,No,Moderate,Inland,Man-made,,1.13903310114951,,23.8886126945,92.2062541793,Tripura,558.099280521719,11390.3310114951,Hydrological Layer,SAC N,Tank/Pond
202,202,1202,,Yes,Moderate,Inland,Man-made,,1.36743563441577,,24.042430196,92.2226563258,Tripura,1055.17234204302,13674.3563441577,Hydrological Layer,SAC N,Tank/Pond
176,176,1202,,No,Moderate,Inland,Man-made,,1.36768542521117,,23.8939178051,92.2030650753,Tripura,775.646692962293,13676.8542521117,Hydrological Layer,SAC N,Tank/Pond
177,177,1202,,No,Moderate,Inland,Man-made,,2.24659581538155,,23.8934876188,91.625737527,Tripura,1217.55173735872,22465.9581538154,Hydrological Layer,SAC N,Tank/Pond
178,178,1202,,Yes,High,Inland,Man-made,,1.61029719966379,,23.9210519306,91.2505076146,Tripura,501.073841301555,16102.9719966379,Hydrological Layer,SAC N,Tank/Pond
307,307,1102,,No,Moderate,Inland,Natural,,1.10630630944826,,23.4273502809,91.7438058356,Tripura,671.421675998124,11063.0630944826,Hydrological Layer,SAC N,Ox-bow lake/cut-off meander
306,306,1105,,No,Moderate,Inland,Natural,,1.30380271887984,,24.236350995,92.143558205,Tripura,879.739957845851,13038.0271887984,Hydrological Layer,SAC N,Waterlogged
179,179,1202,,No,Moderate,Inland,Man-made,,1.64694014542957,,23.9305970597,91.5867701434,Tripura,1005.11358804797,16469.4014542957,Hydrological Layer,SAC N,Tank/Pond
180,180,1202,,No,Moderate,Inland,Man-made,,3.60701975522346,,23.9317933669,91.5951102766,Tripura,1344.89033334094,36070.1975522346,Hydrological Layer,SAC N,Tank/Pond
190,190,1202,,No,Moderate,Inland,Man-made,,1.70743650746759,,24.3513820808,92.0950577948,Tripura,1166.48485742347,17074.3650746759,Hydrological Layer,SAC N,Tank/Pond
181,181,1202,,No,Moderate,Inland,Man-made,,1.01073895267086,,23.9421835017,91.8654712181,Tripura,1010.00049665241,10107.3895267086,Hydrological Layer,SAC N,Tank/Pond
182,182,1202,,No,Moderate,Inland,Man-made,,2.25622015242641,,23.9491436834,92.1975638994,Tripura,681.303518744835,22562.2015242641,Hydrological Layer,SAC N,Tank/Pond
186,186,1202,,No,Moderate,Inland,Man-made,,1.05757849564501,,24.2872416759,92.1594172962,Tripura,915.21566576719,10575.7849564501,Hydrological Layer,SAC N,Tank/Pond
187,187,1105,,No,Moderate,Inland,Natural,,0.528691519799402,,24.1958626487,92.1319953427,Tripura,553.320525339192,5286.91519799402,Hydrological Layer,SAC N,Waterlogged
188,188,1202,,No,Moderate,Inland,Man-made,,0.52061021669416,,23.8414671988,91.3444846776,Tripura,294.825115135137,5206.1021669416,Hydrological Layer,SAC N,Tank/Pond
195,195,1202,,No,Moderate,Inland,Man-made,,1.17876211987892,,24.0115436351,91.9731185302,Tripura,748.825203303806,11787.6211987892,Hydrological Layer,SAC N,Tank/Pond
191,191,1202,,No,Moderate,Inland,Man-made,,1.93956889594584,,23.9933540288,92.2172343221,Tripura,993.776809122004,19395.6889594584,Hydrological Layer,SAC N,Tank/Pond
200,200,1202,,No,Moderate,Inland,Man-made,,1.58679783669739,,24.031407108,91.9859621493,Tripura,910.858904383283,15867.9783669739,Hydrological Layer,SAC N,Tank/Pond
183,183,1202,,No,Moderate,Inland,Man-made,,1.54055466121978,,24.1053098825,92.0100203082,Tripura,1762.36385933762,15405.5466121978,Hydrological Layer,SAC N,Tank/Pond
184,184,1202,,No,Moderate,Inland,Man-made,,1.44625258202917,,24.2423100476,92.11247084,Tripura,1501.42811364519,14462.5258202917,Hydrological Layer,SAC N,Tank/Pond
185,185,1202,,No,High,Inland,Man-made,,6.14074524287108,,24.2855141361,92.0210962684,Tripura,1746.1833194217,61407.4524287108,Hydrological Layer,SAC N,Tank/Pond
189,189,1202,,No,Moderate,Inland,Man-made,,0.796260600500015,,23.6185824108,91.2344757092,Tripura,400.161211124307,7962.60600500015,Hydrological Layer,SAC N,Tank/Pond
1586,1586,1202,,No,Moderate,Inland,Man-made,,0.224019440019864,,24.3732697524,92.0352929458,Tripura,262.049309223931,2240.19440019864,Hydrological Layer,SAC N,Tank/Pond
192,192,1202,,No,Moderate,Inland,Man-made,,1.87432871034273,,24.1587953773,92.1302787737,Tripura,979.706240943549,18743.2871034273,Hydrological Layer,SAC N,Tank/Pond
193,193,1105,,No,Moderate,Inland,Natural,,1.14361617966133,,24.1200857976,92.1140469991,Tripura,955.377260132282,11436.1617966133,Hydrological Layer,SAC N,Waterlogged
194,194,1202,,No,Moderate,Inland,Man-made,,10.2030939432406,,24.0112406639,91.9700799788,Tripura,1363.20708412497,102030.939432406,Hydrological Layer,SAC N,Tank/Pond
196,196,1202,,No,Moderate,Inland,Man-made,,1.05223036157717,,24.0122403443,91.3946156321,Tripura,421.890090259051,10522.3036157717,Hydrological Layer,SAC N,Tank/Pond
263,263,1202,,No,Moderate,Inland,Man-made,,0.184672383021303,,24.2009924548,92.1280221273,Tripura,162.773116992246,1846.72383021303,Hydrological Layer,SAC N,Tank/Pond
1667,1667,1202,,No,Moderate,Inland,Man-made,,0.202575348841844,,24.3502749608,92.0011172559,Tripura,181.669286919695,2025.75348841844,Hydrological Layer,SAC N,Tank/Pond
199,199,1202,,Yes,Moderate,Inland,Man-made,,1.43640841487502,,24.0253829289,92.1881098244,Tripura,1381.79074664759,14364.0841487502,Hydrological Layer,SAC N,Tank/Pond
201,201,1202,,Yes,Moderate,Inland,Man-made,,3.82320103798233,,24.0408034231,92.2284509891,Tripura,2933.63270154164,38232.0103798233,Hydrological Layer,SAC N,Tank/Pond
264,264,1202,,No,Moderate,Inland,Man-made,,0.64731982530059,,24.2013155503,92.1305748057,Tripura,409.069419091769,6473.1982530059,Hydrological Layer,SAC N,Tank/Pond
203,203,1202,,Yes,Moderate,Inland,Man-made,,1.13614075488363,,24.0437217755,92.2126412179,Tripura,744.602982884007,11361.4075488363,Hydrological Layer,SAC N,Tank/Pond
204,204,1202,,No,Moderate,Inland,Man-made,,1.12583701580489,,24.0459946927,92.0313716119,Tripura,641.498434508729,11258.3701580489,Hydrological Layer,SAC N,Tank/Pond
1147,1147,1202,,No,Moderate,Inland,Man-made,,1.18022978994093,,23.7503314889,91.6053643675,Tripura,468.906934727898,11802.2978994093,Hydrological Layer,SAC N,Tank/Pond
1403,1403,1202,,No,Moderate,Inland,Man-made,,0.110218894794944,,24.4200100302,92.1535759469,Tripura,134.793877883521,1102.18894794944,Hydrological Layer,SAC N,Tank/Pond
205,205,1202,,Yes,Moderate,Inland,Man-made,,1.01829641942679,,24.0467394652,92.2268591345,Tripura,878.323011574104,10182.9641942679,Hydrological Layer,SAC N,Tank/Pond
206,206,1202,,Yes,Moderate,Inland,Man-made,,3.0062966568196,,24.049283783,92.2231907088,Tripura,1937.23337231984,30062.966568196,Hydrological Layer,SAC N,Tank/Pond
207,207,1202,,No,Moderate,Inland,Man-made,,0.973239351962486,,24.0535795154,91.7099841326,Tripura,582.477450235463,9732.39351962486,Hydrological Layer,SAC N,Tank/Pond
1668,1668,1202,,No,Moderate,Inland,Man-made,,0.200151967823314,,24.3507345639,91.9971661998,Tripura,180.869023137947,2001.51967823314,Hydrological Layer,SAC N,Tank/Pond
208,208,1202,,No,Moderate,Inland,Man-made,,1.76987757631533,,24.0562677113,92.0034262181,Tripura,1479.66791902715,17698.7757631533,Hydrological Layer,SAC N,Tank/Pond
266,266,1105,,Yes,High,Inland,Natural,,0.795338431452628,,24.0769761359,92.2104662813,Tripura,600.578225876462,7953.38431452628,Hydrological Layer,SAC N,Waterlogged
209,209,1202,,No,Moderate,Inland,Man-made,,1.20642832533008,,24.0631044349,92.1631744675,Tripura,807.455900023188,12064.2832533008,Hydrological Layer,SAC N,Tank/Pond
210,210,1202,,No,Moderate,Inland,Man-made,,1.02081273573474,,24.074109803,91.9836197607,Tripura,658.353127516534,10208.1273573474,Hydrological Layer,SAC N,Tank/Pond
211,211,1202,,No,Moderate,Inland,Man-made,,1.76630191524779,,24.0765239935,91.9733171498,Tripura,730.231440141312,17663.0191524779,Hydrological Layer,SAC N,Tank/Pond
212,212,1202,,Yes,High,Inland,Man-made,,1.60702168890133,,24.0780847639,91.9789498083,Tripura,665.488414102224,16070.2168890133,Hydrological Layer,SAC N,Tank/Pond
1197,1197,1202,,No,Moderate,Inland,Man-made,,2.29397866996214,,23.8408283121,91.2540841048,Tripura,702.40615809499,22939.7866996214,Hydrological Layer,SAC N,Tank/Pond
213,213,1202,,No,Moderate,Inland,Man-made,,1.06625549754468,,24.0805751567,91.982330783,Tripura,640.566155777679,10662.5549754468,Hydrological Layer,SAC N,Tank/Pond
1670,1670,1202,,No,Moderate,Inland,Man-made,,0.164774248152733,,24.3535517388,91.9987449811,Tripura,176.640218014499,1647.74248152733,Hydrological Layer,SAC N,Tank/Pond
1405,1405,1202,,No,Moderate,Inland,Man-made,,0.271268764718646,,24.4210364255,92.1514180488,Tripura,215.81628507802,2712.68764718646,Hydrological Layer,SAC N,Tank/Pond
218,218,1202,,No,Moderate,Inland,Man-made,,1.93128669979267,,24.0935175717,92.2127890615,Tripura,1532.5597363241,19312.8669979267,Hydrological Layer,SAC N,Tank/Pond
1148,1148,1202,,No,Moderate,Inland,Man-made,,0.985747381832676,,23.7551179475,91.6022800694,Tripura,418.538920698157,9857.47381832676,Hydrological Layer,SAC N,Tank/Pond
316,316,1202,,No,High,Inland,Man-made,,1.10946784102512,,24.2541832671,92.1182679269,Tripura,930.187505112945,11094.6784102512,Hydrological Layer,SAC N,Tank/Pond
219,219,1202,,No,Moderate,Inland,Man-made,,1.79249950350682,,24.0956845296,92.1169552462,Tripura,833.116731070021,17924.9950350682,Hydrological Layer,SAC N,Tank/Pond
220,220,1202,,No,Moderate,Inland,Man-made,,1.00716216991774,,24.0973215569,91.382655265,Tripura,411.72851661199,10071.6216991774,Hydrological Layer,SAC N,Tank/Pond
265,265,1202,,No,Moderate,Inland,Man-made,,1.1840881926307,,24.2027041996,92.132738963,Tripura,719.365969134343,11840.881926307,Hydrological Layer,SAC N,Tank/Pond
1669,1669,1202,,No,Moderate,Inland,Man-made,,0.272252139501411,,24.3527646268,92.0326740331,Tripura,209.706805599519,2722.52139501411,Hydrological Layer,SAC N,Tank/Pond
227,227,1202,,No,Moderate,Inland,Man-made,,1.0294757334972,,24.1409198569,91.7787073181,Tripura,907.141150244946,10294.757334972,Hydrological Layer,SAC N,Tank/Pond
214,214,1202,,No,Moderate,Inland,Man-made,,2.79214225171993,,24.088232114,92.2149886295,Tripura,2945.5938796224,27921.4225171993,Hydrological Layer,SAC N,Tank/Pond
215,215,1202,,No,Moderate,Inland,Man-made,,1.30475455930555,,24.0887077998,92.1148685513,Tripura,600.055468470529,13047.5455930555,Hydrological Layer,SAC N,Tank/Pond
216,216,1202,,No,Moderate,Inland,Man-made,,1.58148071401817,,24.0899720923,92.2125528623,Tripura,1443.18056044676,15814.8071401817,Hydrological Layer,SAC N,Tank/Pond
217,217,1202,,No,Moderate,Inland,Man-made,,0.995905234567805,,24.0933874267,91.618730225,Tripura,420.25983359351,9959.05234567805,Hydrological Layer,SAC N,Tank/Pond
1507,1507,1202,,No,Moderate,Inland,Man-made,,0.300951226631198,,24.4036785239,92.1522560007,Tripura,266.555881758057,3009.51226631198,Hydrological Layer,SAC N,Tank/Pond
1598,1598,1202,,No,Moderate,Inland,Man-made,,0.600294857365062,,24.3598110172,91.9998155787,Tripura,390.205780635559,6002.94857365062,Hydrological Layer,SAC N,Tank/Pond
221,221,1202,,No,Moderate,Inland,Man-made,,2.19873059516048,,24.09843565,91.9810813969,Tripura,1530.34967462304,21987.3059516048,Hydrological Layer,SAC N,Tank/Pond
222,222,1202,,No,Moderate,Inland,Man-made,,1.23111152210092,,24.1031349571,92.123036241,Tripura,634.230028906763,12311.1152210092,Hydrological Layer,SAC N,Tank/Pond
223,223,1202,,No,Moderate,Inland,Man-made,,1.49917320279464,,24.1018072532,92.1223169131,Tripura,2531.40934347226,14991.7320279464,Hydrological Layer,SAC N,Tank/Pond
224,224,1202,,No,Moderate,Inland,Man-made,,0.240208014231762,,24.3526181262,92.1116790529,Tripura,283.833884802139,2402.08014231762,Hydrological Layer,SAC N,Tank/Pond
717,717,1202,,No,Moderate,Inland,Man-made,,2.03273039680396,,23.5264534899,91.5044882389,Tripura,623.767418259103,20327.3039680396,Hydrological Layer,SAC N,Tank/Pond
1604,1604,1202,,No,Moderate,Inland,Man-made,,0.40919050995632,,24.3795603606,92.0107802337,Tripura,285.64465446591,4091.9050995632,Hydrological Layer,SAC N,Tank/Pond
225,225,1202,,No,Moderate,Inland,Man-made,,3.57593584782071,,24.1102988331,92.2127310758,Tripura,3519.43190535599,35759.3584782071,Hydrological Layer,SAC N,Tank/Pond
226,226,1202,,No,Moderate,Inland,Man-made,,1.29583142356221,,24.1357554107,92.1039890018,Tripura,1056.0684991098,12958.3142356221,Hydrological Layer,SAC N,Tank/Pond
718,718,1202,,No,Moderate,Inland,Man-made,,1.47481982969145,,23.5266204134,91.4886228466,Tripura,483.885332731649,14748.1982969145,Hydrological Layer,SAC N,Tank/Pond
228,228,1202,,No,Moderate,Inland,Man-made,,1.06313205945843,,24.149598747,92.203556708,Tripura,908.773056486874,10631.3205945843,Hydrological Layer,SAC N,Tank/Pond
229,229,1202,,No,Moderate,Inland,Man-made,,1.1494940108429,,24.1501070536,91.6739509689,Tripura,697.686821021473,11494.9401084289,Hydrological Layer,SAC N,Tank/Pond
230,230,1202,,No,Moderate,Inland,Man-made,,1.73445037045217,,24.1555382427,91.7746963956,Tripura,1341.00256667688,17344.5037045217,Hydrological Layer,SAC N,Tank/Pond
234,234,1202,,No,Moderate,Inland,Man-made,,1.36581446273151,,23.4479104899,91.3968075349,Tripura,807.646423880462,13658.1446273151,Hydrological Layer,SAC N,Tank/Pond
1671,1671,1202,,No,Moderate,Inland,Man-made,,0.208498544271401,,24.3575194759,92.0017776472,Tripura,184.192800129886,2084.98544271401,Hydrological Layer,SAC N,Tank/Pond
239,239,1202,,Yes,High,Inland,Man-made,,1.09068224233119,,24.1744677139,92.1555485636,Tripura,917.637301232084,10906.8224233119,Hydrological Layer,SAC N,Tank/Pond
231,231,1202,,Yes,High,Inland,Man-made,,2.40460553521987,,24.1565913926,92.1428329102,Tripura,2501.05879805352,24046.0553521987,Hydrological Layer,SAC N,Tank/Pond
232,232,1202,,No,Moderate,Inland,Man-made,,1.89164552084525,,24.159537949,91.7750492589,Tripura,1161.05016489601,18916.4552084525,Hydrological Layer,SAC N,Tank/Pond
233,233,1202,,No,Moderate,Inland,Man-made,,1.25401168333726,,24.1864186522,92.1132395283,Tripura,570.925580521887,12540.1168333726,Hydrological Layer,SAC N,Tank/Pond
1483,1483,1202,,No,Moderate,Inland,Man-made,,0.715928484670467,,24.3443128535,92.2198659766,Tripura,469.032345814591,7159.28484670467,Hydrological Layer,SAC N,Tank/Pond
235,235,1202,,No,Moderate,Inland,Man-made,,1.4409382539773,,24.1622617357,92.1392836606,Tripura,1391.76719002313,14409.382539773,Hydrological Layer,SAC N,Tank/Pond
236,236,1202,,No,Moderate,Inland,Man-made,,1.16122590532019,,24.1667368184,92.1184700003,Tripura,785.095845247245,11612.2590532019,Hydrological Layer,SAC N,Tank/Pond
237,237,1202,,Yes,High,Inland,Man-made,,5.6166052399336,,24.1711094612,92.1252900395,Tripura,2895.46744026728,56166.052399336,Hydrological Layer,SAC N,Tank/Pond
238,238,1202,,No,Moderate,Inland,Man-made,,1.02709028392601,,24.1741418105,92.1186239277,Tripura,632.070585466289,10270.9028392601,Hydrological Layer,SAC N,Tank/Pond
325,325,1202,,No,Moderate,Inland,Man-made,,1.06080921728126,,24.2884239026,92.1074842219,Tripura,857.754678835706,10608.0921728126,Hydrological Layer,SAC N,Tank/Pond
240,240,1202,,No,Moderate,Inland,Man-made,,1.49268553478964,,24.1741807504,92.1047424384,Tripura,1048.9682770473,14926.8553478964,Hydrological Layer,SAC N,Tank/Pond
241,241,1202,,No,Moderate,Inland,Man-made,,1.28583100254914,,24.1759403474,92.1365187951,Tripura,1031.5076989967,12858.3100254914,Hydrological Layer,SAC N,Tank/Pond
242,242,1202,,Yes,High,Inland,Man-made,,1.33635464080743,,24.1752797665,92.1527350782,Tripura,1174.77561747156,13363.5464080743,Hydrological Layer,SAC N,Tank/Pond
1646,1646,1202,,No,Moderate,Inland,Man-made,,0.49565548702707,,24.3595025892,92.0009675038,Tripura,319.893602693933,4956.5548702707,Hydrological Layer,SAC N,Tank/Pond
337,337,1202,,No,High,Inland,Man-made,,1.72210882616523,,24.3016399132,92.0104818545,Tripura,778.563071879438,17221.0882616523,Hydrological Layer,SAC N,Tank/Pond
1673,1673,1202,,No,Moderate,Inland,Man-made,,0.293687052266491,,24.3729858,91.9960311893,Tripura,219.770987441021,2936.87052266491,Hydrological Layer,SAC N,Tank/Pond
312,312,1202,,No,Moderate,Inland,Man-made,,17.312702834982,,24.3707190531,92.0028519,Tripura,2009.61331308802,173127.02834982,Hydrological Layer,SAC N,Tank/Pond
245,245,1202,,Yes,High,Inland,Man-made,,1.45349431695125,,24.1939751202,92.1108632016,Tripura,1371.21708522638,14534.9431695125,Hydrological Layer,SAC N,Tank/Pond
246,246,1202,,No,Moderate,Inland,Man-made,,4.14041129085707,,24.1824583954,92.1458798101,Tripura,3445.79549314715,41404.1129085707,Hydrological Layer,SAC N,Tank/Pond
1672,1672,1202,,No,Moderate,Inland,Man-made,,0.303054941676408,,24.3717110591,92.0194584359,Tripura,245.516134944076,3030.54941676408,Hydrological Layer,SAC N,Tank/Pond
243,243,1202,,No,Moderate,Inland,Man-made,,2.09631380919163,,24.1752923088,92.1292830162,Tripura,4581.64607405708,20963.1380919163,Hydrological Layer,SAC N,Tank/Pond
244,244,1202,,No,Moderate,Inland,Man-made,,1.82342715109715,,24.1782709591,92.156791073,Tripura,1370.42579019711,18234.2715109715,Hydrological Layer,SAC N,Tank/Pond
247,247,1202,,No,Moderate,Inland,Man-made,,1.20985891660578,,24.1853663559,92.1466814541,Tripura,1136.88409609815,12098.5891660578,Hydrological Layer,SAC N,Tank/Pond
720,720,1202,,No,Moderate,Inland,Man-made,,1.07541033187456,,23.5285921674,91.5622091333,Tripura,470.626473139438,10754.1033187456,Hydrological Layer,SAC N,Tank/Pond
248,248,1202,,No,Moderate,Inland,Man-made,,2.24598946882407,,24.1863331742,92.1492006241,Tripura,2609.39038171401,22459.8946882407,Hydrological Layer,SAC N,Tank/Pond
894,894,1202,,No,Moderate,Inland,Man-made,,1.07473400583198,,23.8288491733,91.453293741,Tripura,443.425236476344,10747.3400583198,Hydrological Layer,SAC N,Tank/Pond
1647,1647,1202,,No,Moderate,Inland,Man-made,,0.256369516211593,,24.3776556625,92.0256827984,Tripura,193.343982193007,2563.69516211593,Hydrological Layer,SAC N,Tank/Pond
249,249,1202,,No,Moderate,Inland,Man-made,,4.28624888121584,,24.1855047114,92.1519950561,Tripura,3118.98076176818,42862.4888121584,Hydrological Layer,SAC N,Tank/Pond
854,854,1202,,No,Moderate,Inland,Man-made,,1.16783258568157,,23.7957531902,91.6113119145,Tripura,641.348349683907,11678.3258568157,Hydrological Layer,SAC N,Tank/Pond
254,254,1202,,No,Moderate,Inland,Man-made,,3.58867556659032,,24.1898009985,92.1315371833,Tripura,1944.86234843996,35886.7556659032,Hydrological Layer,SAC N,Tank/Pond
255,255,1202,,No,Moderate,Inland,Man-made,,2.48016633260785,,24.1902617081,92.1291331302,Tripura,1738.55888795365,24801.6633260785,Hydrological Layer,SAC N,Tank/Pond
1765,1765,1202,,No,Moderate,Inland,Man-made,,0.265445780207438,,24.1558800768,92.0440131808,Tripura,232.880454634098,2654.45780207438,Hydrological Layer,SAC N,Tank/Pond
250,250,1202,,No,Moderate,Inland,Man-made,,1.68045428900052,,24.189085914,92.1474303602,Tripura,2087.59796718206,16804.5428900052,Hydrological Layer,SAC N,Tank/Pond
251,251,1202,,No,Moderate,Inland,Man-made,,1.16437833288773,,24.1884948683,92.0984903531,Tripura,718.291043248111,11643.7833288773,Hydrological Layer,SAC N,Tank/Pond
252,252,1202,,Yes,High,Inland,Man-made,,1.26645421105425,,24.191110502,92.0351644153,Tripura,873.06342911959,12664.5421105425,Hydrological Layer,SAC N,Tank/Pond
1485,1485,1202,,No,Moderate,Inland,Man-made,,0.187197256716505,,24.3493783992,92.2156435208,Tripura,171.115285269437,1871.97256716505,Hydrological Layer,SAC N,Tank/Pond
256,256,1202,,No,Moderate,Inland,Man-made,,1.53132816496335,,24.1948760943,92.1446692302,Tripura,1858.33345351826,15313.2816496335,Hydrological Layer,SAC N,Tank/Pond
1384,1384,1202,,Yes,High,Inland,Man-made,,0.601142443326951,,24.3169563424,92.1029300823,Tripura,490.243445762146,6011.42443326951,Hydrological Layer,SAC N,Tank/Pond
257,257,1202,,Yes,High,Inland,Man-made,,2.93504520890391,,24.1601323802,92.1371753588,Tripura,2069.36267919185,29350.4520890391,Hydrological Layer,SAC N,Tank/Pond
258,258,1202,,No,Moderate,Inland,Man-made,,0.840309797953411,,24.1458142716,92.0284445838,Tripura,501.617266476194,8403.09797953411,Hydrological Layer,SAC N,Tank/Pond
259,259,1202,,No,Moderate,Inland,Man-made,,0.461887890735828,,24.1486344204,92.0375314284,Tripura,295.44614855631,4618.87890735828,Hydrological Layer,SAC N,Tank/Pond
267,267,1105,,Yes,High,Inland,Natural,,1.63531782223049,,24.0804336555,92.2066791513,Tripura,1591.10300748096,16353.1782223049,Hydrological Layer,SAC N,Waterlogged
268,268,1202,,No,Moderate,Inland,Man-made,,1.05668547028313,,24.1627695003,92.1364859804,Tripura,646.241410861441,10566.8547028313,Hydrological Layer,SAC N,Tank/Pond
269,269,1202,,No,Moderate,Inland,Man-made,,2.03253051553337,,24.1856290468,92.0515224885,Tripura,1280.68166851613,20325.3051553337,Hydrological Layer,SAC N,Tank/Pond
270,270,1202,,No,Moderate,Inland,Man-made,,2.38328953530003,,24.1956250857,92.1010839864,Tripura,1489.72033435821,23832.8953530003,Hydrological Layer,SAC N,Tank/Pond
317,317,1105,,No,Moderate,Inland,Natural,,1.0081504188228,,24.2541089971,92.1380369353,Tripura,716.734431610869,10081.504188228,Hydrological Layer,SAC N,Waterlogged
271,271,1202,,No,Moderate,Inland,Man-made,,1.79892612181293,,24.1971113872,92.1203275568,Tripura,916.392040606487,17989.2612181293,Hydrological Layer,SAC N,Tank/Pond
272,272,1202,,Yes,High,Inland,Man-made,,1.159217834085,,24.1982550006,92.1140465524,Tripura,922.749073578031,11592.17834085,Hydrological Layer,SAC N,Tank/Pond
273,273,1202,,No,Moderate,Inland,Man-made,,1.11824674499756,,24.197980136,91.797612258,Tripura,637.39133165712,11182.4674499756,Hydrological Layer,SAC N,Tank/Pond
277,277,1202,,No,Moderate,Inland,Man-made,,1.23379150309221,,24.2001426193,92.1253885266,Tripura,874.202560080019,12337.9150309221,Hydrological Layer,SAC N,Tank/Pond
1486,1486,1202,,No,Moderate,Inland,Man-made,,0.30977966255658,,24.3503802853,92.2179140978,Tripura,226.510368774763,3097.7966255658,Hydrological Layer,SAC N,Tank/Pond
274,274,1202,,No,Moderate,Inland,Man-made,,2.00993650515461,,24.1979431416,92.116969216,Tripura,1434.56204398765,20099.3650515461,Hydrological Layer,SAC N,Tank/Pond
275,275,1202,,No,Moderate,Inland,Man-made,,1.44845555869386,,24.1982353195,92.1442156071,Tripura,1032.21462519098,14484.5555869386,Hydrological Layer,SAC N,Tank/Pond
276,276,1202,,No,Moderate,Inland,Man-made,,1.48293229393479,,24.1991800723,92.162023588,Tripura,1625.3074147744,14829.3229393479,Hydrological Layer,SAC N,Tank/Pond
278,278,1202,,No,Moderate,Inland,Man-made,,1.14677338263617,,24.201266627,92.0974181663,Tripura,786.756136362619,11467.7338263617,Hydrological Layer,SAC N,Tank/Pond
1674,1674,1202,,No,Moderate,Inland,Man-made,,0.681516063922495,,24.3741083637,91.977203207,Tripura,353.767012371822,6815.16063922495,Hydrological Layer,SAC N,Tank/Pond
279,279,1202,,Yes,High,Inland,Man-made,,1.18697021183234,,24.2023746577,92.1642059124,Tripura,1319.44850915007,11869.7021183234,Hydrological Layer,SAC N,Tank/Pond
280,280,1202,,No,Moderate,Inland,Man-made,,3.77216337879422,,24.2039063415,92.1438196342,Tripura,3233.17965032506,37721.6337879422,Hydrological Layer,SAC N,Tank/Pond
326,326,1202,,No,Moderate,Inland,Man-made,,1.29028321516515,,24.2882442156,92.0188469611,Tripura,754.021365159727,12902.8321516515,Hydrological Layer,SAC N,Tank/Pond
281,281,1202,,No,Moderate,Inland,Man-made,,1.5450901074444,,24.2037935307,92.117851216,Tripura,1198.109458968,15450.901074444,Hydrological Layer,SAC N,Tank/Pond
282,282,1202,,Yes,Moderate,Inland,Man-made,,1.33664801022716,,24.2047911594,92.1057409934,Tripura,821.81444904779,13366.4801022716,Hydrological Layer,SAC N,Tank/Pond
283,283,1202,,No,Moderate,Inland,Man-made,,1.96258473642176,,24.2044225612,92.1241398799,Tripura,1237.09475947163,19625.8473642176,Hydrological Layer,SAC N,Tank/Pond
284,284,1202,,No,Moderate,Inland,Man-made,,1.45577001096746,,24.2063651843,92.0925454616,Tripura,766.178757339594,14557.7001096746,Hydrological Layer,SAC N,Tank/Pond
285,285,1105,,No,Moderate,Inland,Natural,,1.34701693010864,,24.206528011,92.1346184777,Tripura,925.670530843092,13470.1693010864,Hydrological Layer,SAC N,Waterlogged
349,349,1202,,No,Moderate,Inland,Man-made,,0.526787683160638,,24.3591592012,92.0589547619,Tripura,406.123700899161,5267.87683160638,Hydrological Layer,SAC N,Tank/Pond
350,350,1202,,No,Moderate,Inland,Man-made,,0.325666626875007,,24.3302396754,92.0583025457,Tripura,239.697562008428,3256.66626875007,Hydrological Layer,SAC N,Tank/Pond
286,286,1202,,No,Moderate,Inland,Man-made,,5.6169233263114,,24.2048370174,92.1277370089,Tripura,4058.19603798023,56169.233263114,Hydrological Layer,SAC N,Tank/Pond
287,287,1105,,No,Moderate,Inland,Natural,,3.16904037811926,,24.208031643,92.1332504012,Tripura,2035.63526308917,31690.4037811926,Hydrological Layer,SAC N,Waterlogged
288,288,1202,,No,Moderate,Inland,Man-made,,3.22924505727399,,24.2138714414,92.1015650289,Tripura,1627.81435369336,32292.4505727399,Hydrological Layer,SAC N,Tank/Pond
358,358,1202,,No,Moderate,Inland,Man-made,,1.13349497353007,,23.6108595946,91.4569370571,Tripura,687.267912442239,11334.9497353007,Hydrological Layer,SAC N,Tank/Pond
289,289,1202,,No,Moderate,Inland,Man-made,,2.53551852872009,,24.2154804813,92.0999995766,Tripura,1280.58324438649,25355.1852872009,Hydrological Layer,SAC N,Tank/Pond
290,290,1202,,No,Moderate,Inland,Man-made,,5.23943887661571,,24.2162352326,92.0440308535,Tripura,1634.0378333427,52394.3887661571,Hydrological Layer,SAC N,Tank/Pond
291,291,1202,,No,Moderate,Inland,Man-made,,1.8790210048829,,24.2180893961,92.0958466832,Tripura,1083.90496044822,18790.210048829,Hydrological Layer,SAC N,Tank/Pond
292,292,1202,,No,Moderate,Inland,Man-made,,1.6657725556984,,24.2199705738,92.0992068129,Tripura,1019.32300432543,16657.725556984,Hydrological Layer,SAC N,Tank/Pond
293,293,1202,,No,Moderate,Inland,Man-made,,1.2017310245192,,24.2279579585,92.037940695,Tripura,511.53869255952,12017.310245192,Hydrological Layer,SAC N,Tank/Pond
294,294,1105,,No,Moderate,Inland,Natural,,1.37057971452193,,24.2327037596,92.163700201,Tripura,735.961156320533,13705.7971452193,Hydrological Layer,SAC N,Waterlogged
295,295,1202,,No,Moderate,Inland,Man-made,,1.15993173672642,,24.2341670948,91.9733124883,Tripura,712.587191360583,11599.3173672642,Hydrological Layer,SAC N,Tank/Pond
1488,1488,1202,,No,Moderate,Inland,Man-made,,0.449716576910512,,24.3532601391,92.2262300314,Tripura,311.636777347105,4497.16576910512,Hydrological Layer,SAC N,Tank/Pond
296,296,1105,,No,Moderate,Inland,Natural,,2.74666249477104,,24.2385628067,92.195181922,Tripura,2274.00440539504,27466.6249477104,Hydrological Layer,SAC N,Waterlogged
297,297,1202,,Yes,High,Inland,Man-made,,1.56270969178689,,24.2418205087,92.1225789998,Tripura,1170.81482600043,15627.0969178689,Hydrological Layer,SAC N,Tank/Pond
298,298,1202,,No,High,Inland,Man-made,,2.82981803275969,,24.2421175562,92.1145542911,Tripura,1950.76264685403,28298.1803275969,Hydrological Layer,SAC N,Tank/Pond
299,299,1105,,No,Moderate,Inland,Natural,,1.20706474036025,,24.2444750697,92.1393222886,Tripura,817.082946520226,12070.6474036025,Hydrological Layer,SAC N,Waterlogged
304,304,1105,,No,Moderate,Inland,Natural,,0.981852494038777,,24.2352815475,92.1531039769,Tripura,918.970551141273,9818.52494038777,Hydrological Layer,SAC N,Waterlogged
338,338,1202,,No,Moderate,Inland,Man-made,,1.15854960781777,,24.3090159072,92.0498029442,Tripura,414.61890723858,11585.4960781777,Hydrological Layer,SAC N,Tank/Pond
313,313,1202,,No,Moderate,Inland,Man-made,,1.1438713617964,,24.1399197243,92.0248838566,Tripura,1034.23726782011,11438.713617964,Hydrological Layer,SAC N,Tank/Pond
300,300,1105,,No,Moderate,Inland,Natural,,1.60879318057708,,24.2436532492,92.1885541045,Tripura,1516.53798966407,16087.9318057708,Hydrological Layer,SAC N,Waterlogged
301,301,1105,,No,Moderate,Inland,Natural,,1.4920499737997,,24.2446283312,92.1715247264,Tripura,1084.5923425071,14920.499737997,Hydrological Layer,SAC N,Waterlogged
302,302,1105,,No,Moderate,Inland,Natural,,1.41688402252109,,24.2327662499,92.1413982025,Tripura,1123.11766033801,14168.8402252109,Hydrological Layer,SAC N,Waterlogged
303,303,1105,,No,Moderate,Inland,Natural,,0.973302805553589,,24.2343022421,92.1379956976,Tripura,1047.0251129979,9733.02805553589,Hydrological Layer,SAC N,Waterlogged
305,305,1105,,No,Moderate,Inland,Natural,,1.01978518264294,,24.2350929962,92.1445504714,Tripura,1066.90421255531,10197.8518264294,Hydrological Layer,SAC N,Waterlogged
308,308,1202,,No,Moderate,Inland,Man-made,,6.86551208853623,,24.24410792,92.1187138515,Tripura,4611.58439686986,68655.1208853623,Hydrological Layer,SAC N,Tank/Pond
309,309,1105,,No,Moderate,Inland,Natural,,1.52896357216687,,24.2469368647,92.1604423502,Tripura,948.606525125069,15289.6357216687,Hydrological Layer,SAC N,Waterlogged
310,310,1202,,No,High,Inland,Man-made,,1.31343274338326,,24.2474541354,92.1157974906,Tripura,856.179797360135,13134.3274338326,Hydrological Layer,SAC N,Tank/Pond
311,311,1202,,No,High,Inland,Man-made,,1.21479080014876,,24.2525937749,92.0204561239,Tripura,568.296929325587,12147.9080014876,Hydrological Layer,SAC N,Tank/Pond
318,318,1202,,No,Moderate,Inland,Man-made,,4.22029120175372,,24.2524580242,92.1087567693,Tripura,3371.94184534829,42202.9120175372,Hydrological Layer,SAC N,Tank/Pond
319,319,1105,,No,Moderate,Inland,Natural,,2.86135391079203,,24.2644921898,92.0912662273,Tripura,2235.69298077577,28613.5391079203,Hydrological Layer,SAC N,Waterlogged
320,320,1202,,No,Moderate,Inland,Man-made,,1.39827854272611,,24.2692508278,92.0286938691,Tripura,451.847895485678,13982.7854272611,Hydrological Layer,SAC N,Tank/Pond
321,321,1202,,No,Low,Inland,Man-made,,1.25872097777038,,24.2698533206,92.1107700808,Tripura,908.789915245763,12587.2097777038,Hydrological Layer,SAC N,Tank/Pond
322,322,1202,,No,High,Inland,Man-made,,1.46230175219428,,24.2721738137,92.0408836838,Tripura,929.134216258155,14623.0175219428,Hydrological Layer,SAC N,Tank/Pond
323,323,1202,,No,High,Inland,Man-made,,0.962795924857823,,24.2775820619,92.0550737242,Tripura,539.076274164012,9627.95924857823,Hydrological Layer,SAC N,Tank/Pond
411,411,1202,,No,Moderate,Inland,Man-made,,1.09769838566271,,23.8539983221,91.6071630012,Tripura,486.069531033177,10976.9838566271,Hydrological Layer,SAC N,Tank/Pond
324,324,1202,,No,Moderate,Inland,Man-made,,2.70991974177656,,24.2821061042,92.0162571272,Tripura,1158.89807096722,27099.1974177656,Hydrological Layer,SAC N,Tank/Pond
327,327,1105,,No,Moderate,Inland,Natural,,1.31613148118279,,24.2902045232,92.2081505622,Tripura,1247.26005558655,13161.3148118279,Hydrological Layer,SAC N,Waterlogged
328,328,1202,,No,High,Inland,Man-made,,1.01576387158425,,24.2905019717,92.0156589343,Tripura,595.575597019552,10157.6387158425,Hydrological Layer,SAC N,Tank/Pond
329,329,1202,,No,Moderate,Inland,Man-made,,1.99602811989201,,24.2930197614,92.1661310536,Tripura,1469.3513442226,19960.2811989201,Hydrological Layer,SAC N,Tank/Pond
330,330,1202,,No,Moderate,Inland,Man-made,,0.994835412981713,,24.2935131994,92.1117232229,Tripura,905.355961178699,9948.35412981713,Hydrological Layer,SAC N,Tank/Pond
331,331,1202,,No,Moderate,Inland,Man-made,,0.968758037419873,,24.294535527,92.0361357343,Tripura,396.653880539766,9687.58037419873,Hydrological Layer,SAC N,Tank/Pond
332,332,1202,,No,High,Inland,Man-made,,4.80297177652181,,24.2946572275,92.0147316371,Tripura,1196.6673123655,48029.7177652181,Hydrological Layer,SAC N,Tank/Pond
333,333,1105,,No,Moderate,Inland,Natural,,1.01126465284707,,24.295503015,92.2157004245,Tripura,613.513789514904,10112.6465284707,Hydrological Layer,SAC N,Waterlogged
1766,1766,1202,,No,Moderate,Inland,Man-made,,0.310394058821845,,24.1581713889,92.0373401677,Tripura,224.985431344911,3103.94058821845,Hydrological Layer,SAC N,Tank/Pond
334,334,1202,,No,Moderate,Inland,Man-made,,4.25707164314422,,24.2954494262,92.1665937405,Tripura,2799.89517060645,42570.7164314422,Hydrological Layer,SAC N,Tank/Pond
335,335,1202,,No,Moderate,Inland,Man-made,,4.90034880659284,,24.2952766996,92.1608336846,Tripura,3313.16028496922,49003.4880659284,Hydrological Layer,SAC N,Tank/Pond
336,336,1202,,No,High,Inland,Man-made,,1.8592295300424,,24.3007772786,92.0546529839,Tripura,888.468520561755,18592.295300424,Hydrological Layer,SAC N,Tank/Pond
730,730,1202,,No,Moderate,Inland,Man-made,,1.36962088060272,,23.5348252566,91.6485556162,Tripura,485.957968053827,13696.2088060272,Hydrological Layer,SAC N,Tank/Pond
339,339,1202,,No,Moderate,Inland,Man-made,,1.15731459278462,,24.3165725875,91.9844330018,Tripura,647.833087284011,11573.1459278462,Hydrological Layer,SAC N,Tank/Pond
340,340,1202,,No,Moderate,Inland,Man-made,,1.39118465569902,,24.3198640592,92.2186826482,Tripura,1095.499645685,13911.8465569902,Hydrological Layer,SAC N,Tank/Pond
341,341,1202,,Yes,Moderate,Inland,Man-made,,0.145673645643025,,23.6866730661,91.2796459671,Tripura,190.496539462201,1456.73645643025,Hydrological Layer,SAC N,Tank/Pond
342,342,1105,,No,Moderate,Inland,Natural,,2.30320746643818,,24.2381007538,92.1384824097,Tripura,1761.74589207245,23032.0746643818,Hydrological Layer,SAC N,Waterlogged
343,343,1202,,No,Moderate,Inland,Man-made,,1.21478177449487,,24.3458716765,92.1046933733,Tripura,878.785385942827,12147.8177449487,Hydrological Layer,SAC N,Tank/Pond
344,344,1202,,No,Moderate,Inland,Man-made,,0.265572551277305,,24.3633248229,92.1185558601,Tripura,199.152069998522,2655.72551277305,Hydrological Layer,SAC N,Tank/Pond
345,345,1202,,No,Moderate,Inland,Man-made,,1.03044777581738,,24.3212791853,92.0959231649,Tripura,754.356144886324,10304.4777581738,Hydrological Layer,SAC N,Tank/Pond
684,684,1202,,No,Moderate,Inland,Man-made,,1.03082369579784,,23.5120756948,91.3248574143,Tripura,405.980037330886,10308.2369579784,Hydrological Layer,SAC N,Tank/Pond
691,691,1202,,No,Moderate,Inland,Man-made,,1.67366456226539,,23.5146806073,91.4614040016,Tripura,565.243307355602,16736.6456226539,Hydrological Layer,SAC N,Tank/Pond
346,346,1202,,Yes,High,Inland,Man-made,,0.692094606037017,,24.3414962176,92.1301636111,Tripura,476.881413207359,6920.94606037017,Hydrological Layer,SAC N,Tank/Pond
347,347,1202,,No,Moderate,Inland,Man-made,,0.292498491102832,,24.3495764845,92.0525096763,Tripura,278.749497614506,2924.98491102832,Hydrological Layer,SAC N,Tank/Pond
348,348,1202,,No,Moderate,Inland,Man-made,,1.0035378946295,,24.3502686482,92.0538914312,Tripura,586.992647080653,10035.378946295,Hydrological Layer,SAC N,Tank/Pond
1786,1786,1202,,No,Moderate,Inland,Man-made,,0.16309863228235,,24.1465713146,92.0453160323,Tripura,162.847974681751,1630.9863228235,Hydrological Layer,SAC N,Tank/Pond
352,352,1202,,No,Moderate,Inland,Man-made,,1.82208048890966,,24.3556789023,92.0953105832,Tripura,926.618981393912,18220.8048890966,Hydrological Layer,SAC N,Tank/Pond
353,353,1202,,No,Low,Inland,Man-made,,1.28856464375166,,24.3569316502,92.141047072,Tripura,756.082818147336,12885.6464375166,Hydrological Layer,SAC N,Tank/Pond
354,354,1202,,No,Moderate,Inland,Man-made,,4.73303186041543,,24.3696040772,92.006916338,Tripura,1119.07523026506,47330.3186041543,Hydrological Layer,SAC N,Tank/Pond
355,355,1202,,No,Moderate,Inland,Man-made,,1.97533369776073,,24.3698138725,92.0942104748,Tripura,1323.78605651681,19753.3369776073,Hydrological Layer,SAC N,Tank/Pond
356,356,1202,,No,Moderate,Inland,Man-made,,0.962184420633741,,24.3723526908,92.1694008936,Tripura,399.694996509958,9621.84420633741,Hydrological Layer,SAC N,Tank/Pond
357,357,1202,,No,Moderate,Inland,Man-made,,1.82536349064354,,23.6057904289,91.6359620381,Tripura,1424.27499451454,18253.6349064354,Hydrological Layer,SAC N,Tank/Pond
360,360,1202,,No,Moderate,Inland,Man-made,,1.15270510526693,,23.6123055491,91.6404248104,Tripura,489.605931559558,11527.0510526693,Hydrological Layer,SAC N,Tank/Pond
1787,1787,1202,,No,Moderate,Inland,Man-made,,0.100556760305192,,24.1470427386,92.0443853023,Tripura,130.308670304794,1005.56760305192,Hydrological Layer,SAC N,Tank/Pond
361,361,1101,,No,Moderate,Inland,Natural,,3.69439961903999,,23.610410933,91.4430604866,Tripura,2272.24727352445,36943.9961903999,Hydrological Layer,SAC N,Lake/Pond
362,362,1202,,No,Moderate,Inland,Man-made,,1.00663245994604,,23.6137835428,91.5418627078,Tripura,466.24014858168,10066.3245994604,Hydrological Layer,SAC N,Tank/Pond
363,363,1202,,No,Moderate,Inland,Man-made,,2.98339531755467,,23.6138255374,91.4958245978,Tripura,1213.64848962271,29833.9531755466,Hydrological Layer,SAC N,Tank/Pond
364,364,1202,,No,Moderate,Inland,Man-made,,1.13180148714987,,23.6147634715,91.5432905505,Tripura,583.559374607712,11318.0148714987,Hydrological Layer,SAC N,Tank/Pond
365,365,1202,,No,Moderate,Inland,Man-made,,1.50309266519989,,23.6148141738,91.545617643,Tripura,848.652968910578,15030.9266519989,Hydrological Layer,SAC N,Tank/Pond
366,366,1202,,No,Moderate,Inland,Man-made,,2.23220524081376,,23.6162246912,91.4960634833,Tripura,906.382882762699,22322.0524081376,Hydrological Layer,SAC N,Tank/Pond
367,367,1202,,No,Moderate,Inland,Man-made,,2.58070954118757,,23.6159081233,91.5004754277,Tripura,1132.40837697741,25807.0954118757,Hydrological Layer,SAC N,Tank/Pond
368,368,1202,,No,Moderate,Inland,Man-made,,2.43960794662088,,23.6192751536,91.5239093643,Tripura,1024.97717583258,24396.0794662088,Hydrological Layer,SAC N,Tank/Pond
369,369,1202,,No,Moderate,Inland,Man-made,,1.06053280789455,,23.6220699322,91.5846289693,Tripura,404.241830407045,10605.3280789455,Hydrological Layer,SAC N,Tank/Pond
370,370,1101,,No,Moderate,Inland,Natural,,3.63926209920897,,23.6208958092,91.4762849292,Tripura,1694.57804953538,36392.6209920897,Hydrological Layer,SAC N,Lake/Pond
1239,1239,1202,,No,Moderate,Inland,Man-made,,0.311965747402036,,24.1793423225,92.1181735999,Tripura,232.600060324352,3119.65747402036,Hydrological Layer,SAC N,Tank/Pond
371,371,1202,,No,Moderate,Inland,Man-made,,1.39249029538562,,23.6223782685,91.4974841675,Tripura,558.397758778419,13924.9029538562,Hydrological Layer,SAC N,Tank/Pond
372,372,1202,,No,Moderate,Inland,Man-made,,1.59683801373229,,23.6212849794,91.6302386515,Tripura,977.347551191487,15968.3801373229,Hydrological Layer,SAC N,Tank/Pond
373,373,1202,,No,Moderate,Inland,Man-made,,1.03739493747025,,23.6226595109,91.5248593869,Tripura,497.254255901402,10373.9493747025,Hydrological Layer,SAC N,Tank/Pond
374,374,1202,,No,Moderate,Inland,Man-made,,1.09711333128616,,23.6225479044,91.6446831596,Tripura,706.721816464626,10971.1333128616,Hydrological Layer,SAC N,Tank/Pond
1385,1385,1202,,Yes,High,Inland,Man-made,,0.653699072461731,,24.3339860631,92.0937810954,Tripura,403.170533166868,6536.99072461731,Hydrological Layer,SAC N,Tank/Pond
375,375,1202,,No,Moderate,Inland,Man-made,,1.3066283351933,,23.6234572931,91.6273786642,Tripura,832.137929927095,13066.283351933,Hydrological Layer,SAC N,Tank/Pond
376,376,1202,,No,Moderate,Inland,Man-made,,2.45050031182209,,23.6229250759,91.3226863335,Tripura,1665.02074012933,24505.0031182209,Hydrological Layer,SAC N,Tank/Pond
377,377,1202,,No,Moderate,Inland,Man-made,,1.83810383430515,,23.6257745685,91.5257081857,Tripura,736.930091665484,18381.0383430515,Hydrological Layer,SAC N,Tank/Pond
378,378,1202,,No,Moderate,Inland,Man-made,,1.85127113324079,,23.6259198032,91.6278730445,Tripura,550.508723865609,18512.7113324079,Hydrological Layer,SAC N,Tank/Pond
379,379,1202,,No,Moderate,Inland,Man-made,,0.910827923083091,,23.6281813619,91.3439132785,Tripura,557.441152358303,9108.27923083091,Hydrological Layer,SAC N,Tank/Pond
380,380,1202,,No,Moderate,Inland,Man-made,,0.998172550642394,,23.6291986823,91.5010119951,Tripura,381.583010716998,9981.72550642394,Hydrological Layer,SAC N,Tank/Pond
391,391,1202,,No,Moderate,Inland,Man-made,,1.39338766142217,,24.2626315719,92.1217434021,Tripura,1424.83005576887,13933.8766142217,Hydrological Layer,SAC N,Tank/Pond
381,381,1202,,No,Moderate,Inland,Man-made,,1.79278406918313,,23.6304043798,91.3170251434,Tripura,1087.10547196228,17927.8406918313,Hydrological Layer,SAC N,Tank/Pond
382,382,1202,,No,Moderate,Inland,Man-made,,2.24901750576855,,23.6304543963,91.5391995908,Tripura,975.723341638677,22490.1750576855,Hydrological Layer,SAC N,Tank/Pond
896,896,1202,,No,Moderate,Inland,Man-made,,1.18978553533681,,23.8299135608,91.3263341277,Tripura,563.523587560017,11897.8553533681,Hydrological Layer,SAC N,Tank/Pond
398,398,1202,,No,Moderate,Inland,Man-made,,1.29843742378478,,23.8452585827,91.3911918062,Tripura,506.503657709019,12984.3742378478,Hydrological Layer,SAC N,Tank/Pond
383,383,1202,,No,Moderate,Inland,Man-made,,1.15090348798001,,23.6325916834,91.4038085844,Tripura,846.751561270689,11509.0348798001,Hydrological Layer,SAC N,Tank/Pond
384,384,1202,,No,Moderate,Inland,Man-made,,1.45377418710359,,23.635009016,91.5430900294,Tripura,506.318425454055,14537.7418710359,Hydrological Layer,SAC N,Tank/Pond
386,386,1202,,No,Moderate,Inland,Man-made,,0.65688828605621,,24.3718793923,92.2446519076,Tripura,686.925550043241,6568.8828605621,Hydrological Layer,SAC N,Tank/Pond
387,387,1202,,No,Moderate,Inland,Man-made,,0.227013912291463,,24.388078476,92.2210140353,Tripura,192.289960551066,2270.13912291463,Hydrological Layer,SAC N,Tank/Pond
388,388,1202,,No,Moderate,Inland,Man-made,,0.196563431047623,,24.32364766,92.106512435,Tripura,180.235013936537,1965.63431047623,Hydrological Layer,SAC N,Tank/Pond
389,389,1202,,Yes,High,Inland,Man-made,,0.636906571090499,,24.3268560846,92.1323909316,Tripura,478.591409770485,6369.06571090499,Hydrological Layer,SAC N,Tank/Pond
390,390,1202,,No,Moderate,Inland,Man-made,,1.71862444086043,,24.260812399,92.1209355324,Tripura,1246.36971993806,17186.2444086043,Hydrological Layer,SAC N,Tank/Pond
399,399,1202,,No,Moderate,Inland,Man-made,,1.12868605253522,,23.8467488021,91.6048854304,Tripura,649.846268621253,11286.8605253522,Hydrological Layer,SAC N,Tank/Pond
5042,5042,1202,,No,Moderate,Inland,Man-made,,0.300785184628926,,23.1450314132,91.6803325892,Tripura,281.594050698538,3007.85184628926,Hydrological Layer,SAC N,Tank/Pond
400,400,1202,,No,Moderate,Inland,Man-made,,1.49630126714176,,23.8481610647,91.485583528,Tripura,692.508797400788,14963.0126714176,Hydrological Layer,SAC N,Tank/Pond
1727,1727,1202,,No,Moderate,Inland,Man-made,,0.191906603240292,,24.1326163079,92.0215040525,Tripura,178.86300296103,1919.06603240292,Hydrological Layer,SAC N,Tank/Pond
393,393,1101,,No,Moderate,Inland,Natural,,6.25310012982345,,23.8397520084,91.4628257333,Tripura,2598.71316089578,62531.0012982345,Hydrological Layer,SAC N,Lake/Pond
394,394,1202,,No,Moderate,Inland,Man-made,,2.33091152396402,,23.8401012854,91.4660770786,Tripura,1529.04657216884,23309.1152396402,Hydrological Layer,SAC N,Tank/Pond
395,395,1202,,No,Moderate,Inland,Man-made,,1.27008367458591,,23.8427378533,91.5929143789,Tripura,783.437403998372,12700.8367458591,Hydrological Layer,SAC N,Tank/Pond
396,396,1202,,No,Moderate,Inland,Man-made,,0.962597865134974,,23.8436080116,91.6871166026,Tripura,611.754050124738,9625.97865134974,Hydrological Layer,SAC N,Tank/Pond
397,397,1202,,No,Moderate,Inland,Man-made,,2.18477804566073,,23.8441811916,91.9901971628,Tripura,777.340599974083,21847.7804566073,Hydrological Layer,SAC N,Tank/Pond
401,401,1202,,No,Moderate,Inland,Man-made,,1.97698753704927,,23.848443071,91.4427092172,Tripura,1025.93265040546,19769.8753704927,Hydrological Layer,SAC N,Tank/Pond
402,402,1202,,No,Moderate,Inland,Man-made,,1.3668618298441,,23.8486704129,91.591787639,Tripura,853.453232190657,13668.618298441,Hydrological Layer,SAC N,Tank/Pond
403,403,1202,,No,Moderate,Inland,Man-made,,1.26056863830761,,23.8488475301,91.2876017728,Tripura,729.860680174226,12605.6863830761,Hydrological Layer,SAC N,Tank/Pond
404,404,1202,,No,Moderate,Inland,Man-made,,1.66605478751403,,23.8481912238,91.2821986294,Tripura,777.043074984296,16660.5478751403,Hydrological Layer,SAC N,Tank/Pond
409,409,1202,,No,Moderate,Inland,Man-made,,1.74317180154624,,23.8529866008,91.5712258913,Tripura,1101.20472889884,17431.7180154624,Hydrological Layer,SAC N,Tank/Pond
405,405,1202,,No,Moderate,Inland,Man-made,,1.60206043558979,,23.8490215043,92.0236039766,Tripura,1159.3098993437,16020.6043558979,Hydrological Layer,SAC N,Tank/Pond
406,406,1202,,No,Moderate,Inland,Man-made,,1.27448584327652,,23.8486754895,91.5699635819,Tripura,1041.98763746359,12744.8584327652,Hydrological Layer,SAC N,Tank/Pond
407,407,1202,,No,Moderate,Inland,Man-made,,2.28956048914227,,23.8492647866,91.279718768,Tripura,1213.39432860926,22895.6048914227,Hydrological Layer,SAC N,Tank/Pond
408,408,1202,,No,Moderate,Inland,Man-made,,1.90795926131641,,23.8515088819,91.5750376541,Tripura,1220.40762756486,19079.5926131641,Hydrological Layer,SAC N,Tank/Pond
1730,1730,1102,,No,Moderate,Inland,Natural,,0.33680496047035,,24.1419505929,92.0341013101,Tripura,298.65232747009,3368.0496047035,Hydrological Layer,SAC N,Ox-bow lake/cut-off meander
410,410,1202,,No,Moderate,Inland,Man-made,,1.06329546403211,,23.8533922472,91.3680814496,Tripura,549.161214297233,10632.9546403211,Hydrological Layer,SAC N,Tank/Pond
412,412,1202,,No,Moderate,Inland,Man-made,,1.17529773203715,,23.8541480148,91.9063141932,Tripura,1041.28197296448,11752.9773203715,Hydrological Layer,SAC N,Tank/Pond
413,413,1202,,No,Moderate,Inland,Man-made,,1.86467167919514,,23.8575217719,91.4532046603,Tripura,807.50030338213,18646.7167919514,Hydrological Layer,SAC N,Tank/Pond
414,414,1202,,No,Moderate,Inland,Man-made,,2.26117175655658,,23.8571094037,91.578159778,Tripura,951.557032874564,22611.7175655658,Hydrological Layer,SAC N,Tank/Pond
415,415,1202,,No,Moderate,Inland,Man-made,,1.22362188601771,,23.8578141119,91.6849836898,Tripura,630.605518044323,12236.2188601771,Hydrological Layer,SAC N,Tank/Pond
897,897,1202,,No,Moderate,Inland,Man-made,,1.09401506621315,,23.8302823133,91.2987595336,Tripura,405.697128238742,10940.1506621315,Hydrological Layer,SAC N,Tank/Pond
423,423,1202,,No,Moderate,Inland,Man-made,,1.19754154632485,,24.0673831386,91.6577435703,Tripura,728.081046372741,11975.4154632485,Hydrological Layer,SAC N,Tank/Pond
1237,1237,1202,,No,Moderate,Inland,Man-made,,0.250060981677154,,24.389959878,92.2122155179,Tripura,204.441896390439,2500.60981677154,Hydrological Layer,SAC N,Tank/Pond
416,416,1202,,No,Moderate,Inland,Man-made,,1.85623001172219,,23.8579370614,91.6952104152,Tripura,1420.90450329656,18562.3001172219,Hydrological Layer,SAC N,Tank/Pond
1386,1386,1202,,Yes,High,Inland,Man-made,,0.475449375247786,,24.3346849915,92.0908539127,Tripura,394.962407271161,4754.49375247786,Hydrological Layer,SAC N,Tank/Pond
417,417,1202,,No,Moderate,Inland,Man-made,,1.25318927380393,,23.8603138229,91.6023333911,Tripura,920.549572875197,12531.8927380393,Hydrological Layer,SAC N,Tank/Pond
418,418,1202,,No,Moderate,Inland,Man-made,,1.35447875707789,,23.8626250587,91.5887631242,Tripura,1194.88529998099,13544.7875707789,Hydrological Layer,SAC N,Tank/Pond
419,419,1202,,No,Moderate,Inland,Man-made,,1.08709627971568,,23.863640811,92.0114849386,Tripura,517.33156749509,10870.9627971568,Hydrological Layer,SAC N,Tank/Pond
420,420,1202,,No,Moderate,Inland,Man-made,,1.10100830579487,,23.8641735725,91.5954484761,Tripura,1173.67190766675,11010.0830579487,Hydrological Layer,SAC N,Tank/Pond
1277,1277,1202,,No,Moderate,Inland,Man-made,,1.01481834264764,,24.3539406625,92.1220198644,Tripura,673.439614314506,10148.1834264764,Hydrological Layer,SAC N,Tank/Pond
425,425,1202,,No,Moderate,Inland,Man-made,,2.04998129875964,,24.0674848311,91.7804982831,Tripura,1162.76066720293,20499.8129875964,Hydrological Layer,SAC N,Tank/Pond
431,431,1202,,No,Moderate,Inland,Man-made,,0.971606732842543,,24.0698388567,91.6484110126,Tripura,768.223749066788,9716.06732842543,Hydrological Layer,SAC N,Tank/Pond
1497,1497,1202,,No,Moderate,Inland,Man-made,,0.291354548000331,,24.3637106853,92.2273892798,Tripura,241.494129296911,2913.54548000331,Hydrological Layer,SAC N,Tank/Pond
421,421,1101,,No,Moderate,Inland,Natural,,6.47004784271828,,24.0645643203,91.3932128511,Tripura,3271.19806769385,64700.4784271828,Hydrological Layer,SAC N,Lake/Pond
422,422,1202,,No,Moderate,Inland,Man-made,,1.11333278702649,,24.0673999265,91.6151418842,Tripura,877.054818979724,11133.3278702649,Hydrological Layer,SAC N,Tank/Pond
424,424,1202,,No,Moderate,Inland,Man-made,,1.60289331296283,,24.0681360851,91.6397819952,Tripura,962.234336084191,16028.9331296283,Hydrological Layer,SAC N,Tank/Pond
430,430,1202,,No,Moderate,Inland,Man-made,,1.09140755994516,,24.0701151746,91.9309605277,Tripura,536.091242133073,10914.0755994516,Hydrological Layer,SAC N,Tank/Pond
1404,1404,1202,,No,Moderate,Inland,Man-made,,0.108858893276454,,24.4208550748,92.152735167,Tripura,135.209805515279,1088.58893276454,Hydrological Layer,SAC N,Tank/Pond
426,426,1202,,No,Moderate,Inland,Man-made,,1.16541813106324,,24.0813239534,92.317421699,Tripura,998.347253666835,11654.1813106324,Hydrological Layer,SAC N,Tank/Pond
427,427,1202,,No,Moderate,Inland,Man-made,,1.00502458265643,,24.0820723443,91.6594542538,Tripura,560.571331298837,10050.2458265643,Hydrological Layer,SAC N,Tank/Pond
428,428,1202,,No,Moderate,Inland,Man-made,,1.53323733702886,,24.0818698478,91.941460515,Tripura,725.808968848328,15332.3733702886,Hydrological Layer,SAC N,Tank/Pond
436,436,1202,,No,Moderate,Inland,Man-made,,1.48854213453627,,24.072871713,91.9321271594,Tripura,1205.30882319405,14885.4213453627,Hydrological Layer,SAC N,Tank/Pond
429,429,1101,,No,Moderate,Inland,Natural,,2.99075806388123,,24.0810905331,91.8093597685,Tripura,2361.90049201841,29907.5806388123,Hydrological Layer,SAC N,Lake/Pond
432,432,1202,,No,Moderate,Inland,Man-made,,1.72526205884706,,24.0704410961,91.9532733104,Tripura,672.874368966038,17252.6205884706,Hydrological Layer,SAC N,Tank/Pond
433,433,1202,,No,Moderate,Inland,Man-made,,1.00415832895305,,24.0715162718,91.9578179793,Tripura,588.333965231428,10041.5832895305,Hydrological Layer,SAC N,Tank/Pond
434,434,1202,,No,Moderate,Inland,Man-made,,1.48289136016298,,24.0707943888,91.4265743915,Tripura,1042.10661224421,14828.9136016298,Hydrological Layer,SAC N,Tank/Pond
435,435,1202,,No,Moderate,Inland,Man-made,,0.804134209803742,,24.0722266049,91.9559044245,Tripura,490.104912115495,8041.34209803742,Hydrological Layer,SAC N,Tank/Pond
437,437,1202,,No,Moderate,Inland,Man-made,,1.15548569212024,,24.0732419162,91.7246635167,Tripura,828.734865181207,11554.8569212024,Hydrological Layer,SAC N,Tank/Pond
440,440,1101,,No,Moderate,Inland,Natural,,3.69776167225057,,23.9108277471,92.0081400968,Tripura,1865.56660966661,36977.6167225057,Hydrological Layer,SAC N,Lake/Pond
441,441,1202,,No,Moderate,Inland,Man-made,,1.19870591657651,,24.0736329372,91.657174254,Tripura,983.647297708106,11987.0591657651,Hydrological Layer,SAC N,Tank/Pond
442,442,1202,,No,Moderate,Inland,Man-made,,1.03398275107811,,24.0740564927,91.6842850224,Tripura,1072.43422034673,10339.8275107811,Hydrological Layer,SAC N,Tank/Pond
443,443,1202,,No,Moderate,Inland,Man-made,,0.894338369189828,,24.0749594962,91.9552718566,Tripura,465.164889625268,8943.38369189828,Hydrological Layer,SAC N,Tank/Pond
447,447,1101,,No,Moderate,Inland,Natural,,2.93518866381397,,24.0762775682,91.6496818727,Tripura,2339.42493888234,29351.8866381397,Hydrological Layer,SAC N,Lake/Pond
444,444,1202,,No,Moderate,Inland,Man-made,,1.12769909988507,,24.0752374197,91.6548687184,Tripura,1326.63057767106,11276.9909988507,Hydrological Layer,SAC N,Tank/Pond
445,445,1101,,No,Moderate,Inland,Natural,,5.4722583465839,,24.0751217935,91.9490772968,Tripura,2800.10981329942,54722.583465839,Hydrological Layer,SAC N,Lake/Pond
446,446,1202,,No,Moderate,Inland,Man-made,,2.48501772175648,,24.0765371887,91.9528660047,Tripura,949.763776504893,24850.1772175648,Hydrological Layer,SAC N,Tank/Pond
448,448,1202,,No,Moderate,Inland,Man-made,,1.72539814634074,,24.0771724064,91.6517162378,Tripura,1276.70183672774,17253.9814634074,Hydrological Layer,SAC N,Tank/Pond
449,449,1202,,No,Moderate,Inland,Man-made,,1.751331130783,,24.0785251547,91.9506749251,Tripura,856.429698679457,17513.31130783,Hydrological Layer,SAC N,Tank/Pond
450,450,1202,,No,Moderate,Inland,Man-made,,2.0630418447603,,24.0792664849,91.6924516963,Tripura,1377.62682573495,20630.418447603,Hydrological Layer,SAC N,Tank/Pond
451,451,1202,,No,Moderate,Inland,Man-made,,0.964225699721852,,24.0808268789,91.7940882371,Tripura,562.368732272754,9642.25699721852,Hydrological Layer,SAC N,Tank/Pond
452,452,1202,,No,Moderate,Inland,Man-made,,1.69625160435517,,24.0800807097,91.6961786989,Tripura,1392.89050426563,16962.5160435517,Hydrological Layer,SAC N,Tank/Pond
453,453,1202,,No,Moderate,Inland,Man-made,,1.52111485431645,,24.0832200714,91.7789836768,Tripura,905.049262909978,15211.1485431645,Hydrological Layer,SAC N,Tank/Pond
454,454,1202,,No,Moderate,Inland,Man-made,,1.49246639640214,,24.0854386145,91.7929655827,Tripura,976.951014678298,14924.6639640214,Hydrological Layer,SAC N,Tank/Pond
455,455,1202,,No,Low,Inland,Man-made,,1.31081859448639,,24.4012309056,92.2071181901,Tripura,496.903176240402,13108.1859448639,Hydrological Layer,SAC N,Tank/Pond
456,456,1202,,No,Moderate,Inland,Man-made,,1.6940709457553,,23.1821752679,91.3258680559,Tripura,768.781417287462,16940.709457553,Hydrological Layer,SAC N,Tank/Pond
457,457,1202,,No,Moderate,Inland,Man-made,,1.88143994786347,,23.1967406486,91.3742495059,Tripura,996.926816422028,18814.3994786347,Hydrological Layer,SAC N,Tank/Pond
458,458,1202,,No,Moderate,Inland,Man-made,,1.11433705573633,,23.2015610172,91.3636995393,Tripura,937.728801900204,11143.3705573633,Hydrological Layer,SAC N,Tank/Pond
459,459,1202,,No,Moderate,Inland,Man-made,,1.55735279263895,,23.2052731959,91.6244230119,Tripura,1258.64492340729,15573.5279263895,Hydrological Layer,SAC N,Tank/Pond
460,460,1202,,No,Moderate,Inland,Man-made,,1.32838549973013,,23.206442759,91.3371132579,Tripura,951.718325560057,13283.8549973013,Hydrological Layer,SAC N,Tank/Pond
462,462,1101,,No,Moderate,Inland,Natural,,4.12999879700248,,23.2121668243,91.540095695,Tripura,4394.82148131931,41299.9879700248,Hydrological Layer,SAC N,Lake/Pond
463,463,1202,,No,Moderate,Inland,Man-made,,1.98661744242514,,23.2968867622,91.3486226886,Tripura,1648.76798896701,19866.1744242514,Hydrological Layer,SAC N,Tank/Pond
464,464,1202,,No,Moderate,Inland,Man-made,,1.69792444372131,,23.298875405,91.5414776498,Tripura,912.069926578042,16979.2444372131,Hydrological Layer,SAC N,Tank/Pond
465,465,1202,,No,Moderate,Inland,Man-made,,1.23949028638031,,23.2993584874,91.3423200228,Tripura,624.673016232192,12394.9028638031,Hydrological Layer,SAC N,Tank/Pond
466,466,1202,,No,Moderate,Inland,Man-made,,1.30613537955695,,23.3561963419,91.7455942807,Tripura,977.585277423732,13061.3537955695,Hydrological Layer,SAC N,Tank/Pond
467,467,1202,,No,Moderate,Inland,Man-made,,2.19630171111942,,23.356411604,91.7435894163,Tripura,826.088647660847,21963.0171111942,Hydrological Layer,SAC N,Tank/Pond
468,468,1202,,No,Moderate,Inland,Man-made,,2.23732398195098,,23.3570202977,91.5656668731,Tripura,1573.26080550157,22373.2398195098,Hydrological Layer,SAC N,Tank/Pond
469,469,1202,,No,Moderate,Inland,Man-made,,1.71024606556193,,23.3576242539,91.7358461134,Tripura,1251.58239538037,17102.4606556193,Hydrological Layer,SAC N,Tank/Pond
470,470,1202,,No,Moderate,Inland,Man-made,,1.13747591642851,,23.3586338549,91.5606390839,Tripura,703.309017516428,11374.7591642851,Hydrological Layer,SAC N,Tank/Pond
471,471,1202,,No,Moderate,Inland,Man-made,,0.990833186595789,,23.497835412,91.4466042382,Tripura,812.581607162632,9908.33186595789,Hydrological Layer,SAC N,Tank/Pond
472,472,1202,,No,Moderate,Inland,Man-made,,1.15607772274736,,23.5159238628,91.3993775466,Tripura,524.84284830431,11560.7772274736,Hydrological Layer,SAC N,Tank/Pond
473,473,1101,,No,Moderate,Inland,Natural,,5.59299388002111,,23.5150133149,91.503914861,Tripura,1251.01192495276,55929.9388002111,Hydrological Layer,SAC N,Lake/Pond
474,474,1202,,No,Moderate,Inland,Man-made,,1.48116115777203,,23.5162007817,91.6581753514,Tripura,705.402196090597,14811.6115777203,Hydrological Layer,SAC N,Tank/Pond
475,475,1202,,No,Moderate,Inland,Man-made,,1.48312800778337,,23.5159967755,91.3974132596,Tripura,582.636913754291,14831.2800778337,Hydrological Layer,SAC N,Tank/Pond
476,476,1202,,No,Moderate,Inland,Man-made,,0.22163246853392,,24.4115342774,92.1847871016,Tripura,196.154055487357,2216.3246853392,Hydrological Layer,SAC N,Tank/Pond
477,477,1202,,No,Moderate,Inland,Man-made,,0.154723387762606,,24.3757620258,92.1895374177,Tripura,187.323151707437,1547.23387762606,Hydrological Layer,SAC N,Tank/Pond
478,478,1202,,No,Moderate,Inland,Man-made,,1.36120053525797,,24.3493434265,92.0428871701,Tripura,911.734716140831,13612.0053525797,Hydrological Layer,SAC N,Tank/Pond
479,479,1202,,No,Moderate,Inland,Man-made,,1.03826919503794,,23.2555405429,91.370560124,Tripura,584.434563210629,10382.6919503794,Hydrological Layer,SAC N,Tank/Pond
480,480,1101,,No,Moderate,Inland,Natural,,3.42370815521301,,22.9882997928,91.6733688732,Tripura,1275.35637607406,34237.0815521301,Hydrological Layer,SAC N,Lake/Pond
538,538,1202,,No,Moderate,Inland,Man-made,,1.17956011005289,,23.2655841447,91.376580724,Tripura,737.333906829787,11795.6011005289,Hydrological Layer,SAC N,Tank/Pond
488,488,1202,,No,Moderate,Inland,Man-made,,1.12414077671472,,23.0829818144,91.389263239,Tripura,711.616607217035,11241.4077671472,Hydrological Layer,SAC N,Tank/Pond
481,481,1202,,No,Moderate,Inland,Man-made,,2.04322375388156,,22.9967373826,91.7217807512,Tripura,1131.38520658999,20432.2375388156,Hydrological Layer,SAC N,Tank/Pond
1789,1789,1202,,No,Moderate,Inland,Man-made,,0.129118521174703,,24.1470880155,92.0425494133,Tripura,144.053156518736,1291.18521174703,Hydrological Layer,SAC N,Tank/Pond
482,482,1202,,No,Moderate,Inland,Man-made,,1.432807444616,,23.0135859172,91.6385466291,Tripura,930.662448200672,14328.07444616,Hydrological Layer,SAC N,Tank/Pond
483,483,1101,,No,Moderate,Inland,Natural,,3.44101132472145,,23.0231799775,91.5622740911,Tripura,1690.99074422823,34410.1132472145,Hydrological Layer,SAC N,Lake/Pond
484,484,1202,,No,Moderate,Inland,Man-made,,1.10461640306902,,23.0475724224,91.6626128979,Tripura,601.888428523058,11046.1640306902,Hydrological Layer,SAC N,Tank/Pond
485,485,1202,,No,Moderate,Inland,Man-made,,1.11602634869552,,23.0633583438,91.4100872354,Tripura,432.326789872498,11160.2634869552,Hydrological Layer,SAC N,Tank/Pond
524,524,1202,,No,Moderate,Inland,Man-made,,1.08186535852995,,23.2497348793,91.6104779324,Tripura,929.413057214845,10818.6535852995,Hydrological Layer,SAC N,Tank/Pond
486,486,1101,,No,Moderate,Inland,Natural,,3.66314765859078,,23.0695869409,91.3952031411,Tripura,1410.74883025059,36631.4765859078,Hydrological Layer,SAC N,Lake/Pond
487,487,1101,,No,Moderate,Inland,Natural,,3.34553468432722,,23.0815866438,91.4133142473,Tripura,763.862527574808,33455.3468432722,Hydrological Layer,SAC N,Lake/Pond
677,677,1202,,No,Moderate,Inland,Man-made,,1.01727179226942,,23.5107768335,91.3268200338,Tripura,587.437116364804,10172.7179226942,Hydrological Layer,SAC N,Tank/Pond
489,489,1202,,No,Moderate,Inland,Man-made,,2.43315796042678,,23.0879722525,91.3934094848,Tripura,1381.35728695783,24331.5796042678,Hydrological Layer,SAC N,Tank/Pond
490,490,1202,,No,Moderate,Inland,Man-made,,1.05619339839023,,23.1056637106,91.6526405808,Tripura,1042.24799902641,10561.9339839023,Hydrological Layer,SAC N,Tank/Pond
491,491,1202,,No,Moderate,Inland,Man-made,,1.04586277329547,,23.1085628653,91.3901791172,Tripura,925.752236468426,10458.6277329547,Hydrological Layer,SAC N,Tank/Pond
1522,1522,1202,,No,Moderate,Inland,Man-made,,0.405753654327815,,24.3699589088,92.0605990453,Tripura,366.991579820799,4057.53654327815,Hydrological Layer,SAC N,Tank/Pond
496,496,1202,,No,Moderate,Inland,Man-made,,2.1109505906812,,23.1170348575,91.3606046397,Tripura,2054.31599309394,21109.505906812,Hydrological Layer,SAC N,Tank/Pond
1508,1508,1202,,No,Moderate,Inland,Man-made,,0.129232728023657,,24.3577403637,92.1186540813,Tripura,158.278684351476,1292.32728023657,Hydrological Layer,SAC N,Tank/Pond
497,497,1202,,No,Moderate,Inland,Man-made,,1.292872236549,,23.1220242679,91.3568573234,Tripura,865.48282192365,12928.72236549,Hydrological Layer,SAC N,Tank/Pond
495,495,1202,,No,Moderate,Inland,Man-made,,1.44612610155708,,23.1165101461,91.3754854756,Tripura,1210.87617665329,14461.2610155708,Hydrological Layer,SAC N,Tank/Pond
498,498,1202,,No,Moderate,Inland,Man-made,,1.22389585139098,,23.1335049132,91.3404770141,Tripura,1040.40270698534,12238.9585139098,Hydrological Layer,SAC N,Tank/Pond
1971,1971,1202,,Yes,High,Inland,Man-made,,0.209308263069321,,23.4787879307,91.328894549,Tripura,207.190357176857,2093.08263069321,Hydrological Layer,SAC N,Tank/Pond
493,493,1202,,No,Moderate,Inland,Man-made,,2.14858062915542,,23.1109264979,91.3647725099,Tripura,2691.19868350454,21485.8062915542,Hydrological Layer,SAC N,Tank/Pond
494,494,1202,,No,Moderate,Inland,Man-made,,1.00468795040378,,23.1139978158,91.3579407001,Tripura,1025.93607425434,10046.8795040378,Hydrological Layer,SAC N,Tank/Pond
1675,1675,1202,,No,Moderate,Inland,Man-made,,0.909810477917555,,24.3499380297,92.0062743511,Tripura,474.137555717832,9098.10477917555,Hydrological Layer,SAC N,Tank/Pond
499,499,1202,,No,Moderate,Inland,Man-made,,1.05767929649977,,23.1351781513,91.3549590145,Tripura,623.279832051086,10576.7929649977,Hydrological Layer,SAC N,Tank/Pond
492,492,1101,,No,Moderate,Inland,Natural,,3.05217178699836,,23.1120030075,91.3713109516,Tripura,3973.25621785866,30521.7178699836,Hydrological Layer,SAC N,Lake/Pond
532,532,1202,,No,Moderate,Inland,Man-made,,1.63050215443286,,23.260878895,91.3471587643,Tripura,836.042722642132,16305.0215443286,Hydrological Layer,SAC N,Tank/Pond
500,500,1202,,No,Moderate,Inland,Man-made,,2.30803126599511,,23.142314661,91.3619285678,Tripura,1585.19199888553,23080.3126599511,Hydrological Layer,SAC N,Tank/Pond
501,501,1101,,No,Moderate,Inland,Natural,,4.73412062597224,,23.1449966474,91.3638210803,Tripura,5270.52593579135,47341.2062597224,Hydrological Layer,SAC N,Lake/Pond
1676,1676,1202,,No,Moderate,Inland,Man-made,,0.13496945934781,,24.3508161636,92.0069249502,Tripura,155.859547441871,1349.6945934781,Hydrological Layer,SAC N,Tank/Pond
502,502,1202,,No,Moderate,Inland,Man-made,,1.00368379766177,,23.1475689419,91.3652998082,Tripura,743.477670143546,10036.8379766177,Hydrological Layer,SAC N,Tank/Pond
503,503,1202,,No,Moderate,Inland,Man-made,,2.10433670968677,,23.1640787512,91.6907500934,Tripura,1255.13405749454,21043.3670968677,Hydrological Layer,SAC N,Tank/Pond
1408,1408,1202,,Yes,High,Inland,Man-made,,0.567227803081224,,24.3055683983,92.0914237152,Tripura,406.566836944561,5672.27803081224,Hydrological Layer,SAC N,Tank/Pond
504,504,1101,,No,Moderate,Inland,Natural,,3.64033146606242,,23.1659191084,91.3429198335,Tripura,1922.7145013505,36403.3146606242,Hydrological Layer,SAC N,Lake/Pond
505,505,1202,,No,Moderate,Inland,Man-made,,2.36923777946697,,23.1773052309,91.3802913346,Tripura,953.045989859016,23692.3777946697,Hydrological Layer,SAC N,Tank/Pond
506,506,1202,,No,Moderate,Inland,Man-made,,1.21527477732961,,23.1792464005,91.3394344163,Tripura,744.9371865752,12152.7477732961,Hydrological Layer,SAC N,Tank/Pond
507,507,1202,,No,Moderate,Inland,Man-made,,1.15584692848504,,23.2241579578,91.3544888758,Tripura,774.081200128563,11558.4692848504,Hydrological Layer,SAC N,Tank/Pond
1798,1798,1202,,No,Moderate,Inland,Man-made,,0.763261920974767,,24.1501220028,92.0405753026,Tripura,353.62305645048,7632.61920974767,Hydrological Layer,SAC N,Tank/Pond
508,508,1202,,No,Moderate,Inland,Man-made,,0.653300112293188,,23.2219375239,91.5331697067,Tripura,668.595970753248,6533.00112293188,Hydrological Layer,SAC N,Tank/Pond
509,509,1202,,No,Moderate,Inland,Man-made,,1.22928642634023,,23.22751415,91.3715413599,Tripura,1143.1438604574,12292.8642634023,Hydrological Layer,SAC N,Tank/Pond
1409,1409,1202,,Yes,High,Inland,Man-made,,0.260482229263939,,24.3062839385,92.0943962226,Tripura,228.316840149576,2604.82229263939,Hydrological Layer,SAC N,Tank/Pond
694,694,1202,,No,Moderate,Inland,Man-made,,1.39776546986435,,23.5178180438,91.3062178209,Tripura,523.262644728165,13977.6546986435,Hydrological Layer,SAC N,Tank/Pond
510,510,1101,,No,Moderate,Inland,Natural,,6.58208981635516,,23.2335370991,91.3696160248,Tripura,3227.76459103342,65820.8981635516,Hydrological Layer,SAC N,Lake/Pond
1728,1728,1202,,No,Moderate,Inland,Man-made,,0.284467343269158,,24.1331572402,92.020989038,Tripura,218.627877838209,2844.67343269158,Hydrological Layer,SAC N,Tank/Pond
511,511,1202,,No,Moderate,Inland,Man-made,,1.10830228479283,,23.238515816,91.3680051912,Tripura,906.975581387652,11083.0228479283,Hydrological Layer,SAC N,Tank/Pond
512,512,1202,,No,Moderate,Inland,Man-made,,1.41012108218923,,23.2391993426,91.3634728929,Tripura,1174.96549545564,14101.2108218923,Hydrological Layer,SAC N,Tank/Pond
1709,1709,1202,,No,Moderate,Inland,Man-made,,0.229160047005915,,24.0555719694,92.0122526409,Tripura,191.7170285919,2291.60047005915,Hydrological Layer,SAC N,Tank/Pond
513,513,1202,,No,Moderate,Inland,Man-made,,1.99250875749295,,23.2404837209,91.3483520218,Tripura,1642.85889980856,19925.0875749295,Hydrological Layer,SAC N,Tank/Pond
514,514,1202,,No,Moderate,Inland,Man-made,,2.29975619747782,,24.3219437328,92.0902450722,Tripura,1356.82937989933,22997.5619747782,Hydrological Layer,SAC N,Tank/Pond
515,515,1202,,No,Moderate,Inland,Man-made,,0.344787532218251,,24.3532926694,92.1124058162,Tripura,277.575104970104,3447.87532218251,Hydrological Layer,SAC N,Tank/Pond
517,517,1202,,No,Moderate,Inland,Man-made,,1.53636259359134,,23.4762824467,91.6794146692,Tripura,905.133477486599,15363.6259359134,Hydrological Layer,SAC N,Tank/Pond
519,519,1202,,No,Moderate,Inland,Man-made,,2.03695867296054,,23.2415220975,91.3516030658,Tripura,1256.03549322523,20369.5867296054,Hydrological Layer,SAC N,Tank/Pond
533,533,1202,,No,Moderate,Inland,Man-made,,1.85234659390416,,23.2605665437,91.3435720338,Tripura,892.14214272007,18523.4659390416,Hydrological Layer,SAC N,Tank/Pond
520,520,1101,,No,Moderate,Inland,Natural,,3.26033829384848,,23.2430581621,91.3610958704,Tripura,1778.19134304402,32603.3829384848,Hydrological Layer,SAC N,Lake/Pond
548,548,1101,,No,Moderate,Inland,Natural,,7.43230647811795,,23.2738499098,91.3863200673,Tripura,1805.53051442729,74323.0647811795,Hydrological Layer,SAC N,Lake/Pond
523,523,1101,,No,Moderate,Inland,Natural,,3.57819430734376,,23.2477773607,91.7153168044,Tripura,2943.67850079933,35781.9430734376,Hydrological Layer,SAC N,Lake/Pond
1732,1732,1105,,No,Moderate,Inland,Natural,,0.362752791756621,,23.6062765506,91.8153189063,Tripura,293.851221364541,3627.52791756621,Hydrological Layer,SAC N,Waterlogged
521,521,1101,,No,Moderate,Inland,Natural,,4.31452220332566,,23.242962423,91.3695100814,Tripura,3283.0691856078,43145.2220332566,Hydrological Layer,SAC N,Lake/Pond
1790,1790,1202,,No,Moderate,Inland,Man-made,,0.116091239250285,,24.1472367047,92.0439742443,Tripura,138.773690208636,1160.91239250285,Hydrological Layer,SAC N,Tank/Pond
522,522,1202,,No,Moderate,Inland,Man-made,,1.27908787425186,,23.2447601106,91.7150591368,Tripura,1455.35254193577,12790.8787425186,Hydrological Layer,SAC N,Tank/Pond
1575,1575,1202,,Yes,High,Inland,Man-made,,1.23740300955826,,24.3273886766,92.0566681594,Tripura,606.183307101934,12374.0300955826,Hydrological Layer,SAC N,Tank/Pond
525,525,1202,,No,Moderate,Inland,Man-made,,1.10934709029752,,23.2505264606,91.595302973,Tripura,713.496932281839,11093.4709029752,Hydrological Layer,SAC N,Tank/Pond
534,534,1202,,No,Moderate,Inland,Man-made,,1.13165384869651,,23.2618052177,91.5429407258,Tripura,549.324456757715,11316.5384869651,Hydrological Layer,SAC N,Tank/Pond
526,526,1101,,No,Moderate,Inland,Natural,,7.13827358481615,,23.2507588779,91.3504983844,Tripura,1781.31221358787,71382.7358481615,Hydrological Layer,SAC N,Lake/Pond
527,527,1202,,No,Moderate,Inland,Man-made,,2.43140124483081,,23.2520128337,91.6048025721,Tripura,1493.68019228646,24314.0124483081,Hydrological Layer,SAC N,Tank/Pond
528,528,1101,,No,Moderate,Inland,Natural,,3.28145406360066,,23.2544375052,91.5236757103,Tripura,1831.25748734005,32814.5406360066,Hydrological Layer,SAC N,Lake/Pond
529,529,1202,,No,Moderate,Inland,Man-made,,1.03539689551198,,23.2575508496,91.3530616349,Tripura,537.267372347379,10353.9689551198,Hydrological Layer,SAC N,Tank/Pond
530,530,1202,,No,Moderate,Inland,Man-made,,2.31797372219317,,23.2578800918,91.3419152652,Tripura,1063.34685383181,23179.7372219317,Hydrological Layer,SAC N,Tank/Pond
531,531,1202,,No,Moderate,Inland,Man-made,,1.32057954173005,,23.2603370647,91.4774968197,Tripura,523.140955851584,13205.7954173005,Hydrological Layer,SAC N,Tank/Pond
1410,1410,1202,,Yes,High,Inland,Man-made,,0.340999494967784,,24.3085531306,92.0979321054,Tripura,270.654229185553,3409.99494967784,Hydrological Layer,SAC N,Tank/Pond
547,547,1101,,No,Moderate,Inland,Natural,,4.04094269662503,,23.2735850803,91.3953392643,Tripura,1430.52862004007,40409.4269662503,Hydrological Layer,SAC N,Lake/Pond
535,535,1202,,No,Moderate,Inland,Man-made,,2.29150377628856,,23.2624340229,91.6202695834,Tripura,1652.27006404335,22915.0377628856,Hydrological Layer,SAC N,Tank/Pond
536,536,1202,,No,Moderate,Inland,Man-made,,1.54572569774587,,23.2642033703,91.7564228895,Tripura,1183.46043656994,15457.2569774587,Hydrological Layer,SAC N,Tank/Pond
537,537,1202,,No,Moderate,Inland,Man-made,,1.25878884985046,,23.264269816,91.5121468646,Tripura,831.817777019421,12587.8884985046,Hydrological Layer,SAC N,Tank/Pond
539,539,1101,,No,Moderate,Inland,Natural,,3.24829276939263,,23.266340893,91.3806716307,Tripura,732.194206668229,32482.9276939263,Hydrological Layer,SAC N,Lake/Pond
540,540,1202,,No,Moderate,Inland,Man-made,,1.68342751594956,,23.2693462073,91.5884513354,Tripura,930.397628468601,16834.2751594956,Hydrological Layer,SAC N,Tank/Pond
551,551,1202,,No,Moderate,Inland,Man-made,,2.12539799448685,,23.2776071525,91.4032738175,Tripura,1020.83622400616,21253.9799448685,Hydrological Layer,SAC N,Tank/Pond
541,541,1101,,No,Moderate,Inland,Natural,,3.07795327848639,,23.2691453362,91.5665176411,Tripura,1555.71025463533,30779.5327848639,Hydrological Layer,SAC N,Lake/Pond
542,542,1202,,No,Moderate,Inland,Man-made,,1.01586950068606,,23.2704487542,91.3501047069,Tripura,631.498718408046,10158.6950068606,Hydrological Layer,SAC N,Tank/Pond
543,543,1202,,No,Moderate,Inland,Man-made,,2.51419152429911,,23.2699485243,91.3761047341,Tripura,1127.86490966813,25141.9152429911,Hydrological Layer,SAC N,Tank/Pond
544,544,1202,,No,Moderate,Inland,Man-made,,1.16214612554353,,23.2707711216,91.5683676847,Tripura,719.530281622996,11621.4612554353,Hydrological Layer,SAC N,Tank/Pond
1905,1905,1202,,No,Moderate,Inland,Man-made,,0.236744822489916,,22.9829224055,91.6684800799,Tripura,198.25343674337,2367.44822489916,Hydrological Layer,SAC N,Tank/Pond
545,545,1202,,No,Moderate,Inland,Man-made,,1.24753974309617,,23.271079726,91.5918941256,Tripura,970.771828243621,12475.3974309617,Hydrological Layer,SAC N,Tank/Pond
546,546,1202,,No,Moderate,Inland,Man-made,,1.96066399507998,,23.2741806552,91.3511263154,Tripura,1205.75575040766,19606.6399507998,Hydrological Layer,SAC N,Tank/Pond
560,560,1202,,No,Moderate,Inland,Man-made,,1.01648941911708,,23.2873963646,91.5602296339,Tripura,528.925366916869,10164.8941911708,Hydrological Layer,SAC N,Tank/Pond
552,552,1202,,No,Moderate,Inland,Man-made,,1.20731630867834,,23.2785926602,91.3508048052,Tripura,704.579656581952,12073.1630867834,Hydrological Layer,SAC N,Tank/Pond
553,553,1202,,No,Moderate,Inland,Man-made,,1.46514924966535,,23.2807784409,91.4058356786,Tripura,750.154505794249,14651.4924966535,Hydrological Layer,SAC N,Tank/Pond
554,554,1101,,No,Moderate,Inland,Natural,,11.7473145176172,,23.2815985382,91.3884376311,Tripura,3005.68090788907,117473.145176172,Hydrological Layer,SAC N,Lake/Pond
1851,1851,1202,,No,Moderate,Inland,Man-made,,0.136672518987792,,24.1957076264,92.1295101076,Tripura,146.677988203413,1366.72518987792,Hydrological Layer,SAC N,Tank/Pond
561,561,1202,,No,Moderate,Inland,Man-made,,2.22769528099994,,23.2879989932,91.5179645416,Tripura,1531.13426203117,22276.9528099994,Hydrological Layer,SAC N,Tank/Pond
562,562,1202,,No,Moderate,Inland,Man-made,,2.13883807716127,,23.2593869923,91.3742322243,Tripura,1160.45786797237,21388.3807716127,Hydrological Layer,SAC N,Tank/Pond
1411,1411,1202,,Yes,High,Inland,Man-made,,0.500772692335413,,24.3099508861,92.0904850746,Tripura,411.868628266347,5007.72692335413,Hydrological Layer,SAC N,Tank/Pond
709,709,1202,,No,Moderate,Inland,Man-made,,1.73772313987275,,23.5230688926,91.3984324042,Tripura,688.69513799673,17377.2313987275,Hydrological Layer,SAC N,Tank/Pond
555,555,1101,,No,Moderate,Inland,Natural,,4.10592572064445,,23.2824823714,91.3524199013,Tripura,2886.14681631721,41059.2572064445,Hydrological Layer,SAC N,Lake/Pond
556,556,1202,,No,Moderate,Inland,Man-made,,1.49713186361441,,23.2856174778,91.4988573413,Tripura,586.460404954919,14971.3186361441,Hydrological Layer,SAC N,Tank/Pond
557,557,1202,,No,Moderate,Inland,Man-made,,1.98038007406179,,23.2848232597,91.6342189074,Tripura,1460.56293141233,19803.8007406179,Hydrological Layer,SAC N,Tank/Pond
558,558,1202,,No,Moderate,Inland,Man-made,,2.02072612492077,,23.286530125,91.3865452092,Tripura,834.207881513678,20207.2612492077,Hydrological Layer,SAC N,Tank/Pond
559,559,1202,,No,Moderate,Inland,Man-made,,1.58552230942414,,23.2868627575,91.3986167797,Tripura,835.011572085015,15855.2230942414,Hydrological Layer,SAC N,Tank/Pond
731,731,1101,,No,Moderate,Inland,Natural,,19.4492194317972,,23.5315026118,91.5029509861,Tripura,2217.89307866538,194492.194317972,Hydrological Layer,SAC N,Lake/Pond
563,563,1202,,No,Moderate,Inland,Man-made,,0.83222200794252,,23.5330046771,91.7952810086,Tripura,955.705829201477,8322.2200794252,Hydrological Layer,SAC N,Tank/Pond
568,568,1202,,No,Moderate,Inland,Man-made,,1.18797078084159,,23.3097534316,91.3668520986,Tripura,1275.35938117083,11879.7078084159,Hydrological Layer,SAC N,Tank/Pond
1399,1399,1202,,No,Moderate,Inland,Man-made,,0.193763087995761,,24.3491268794,92.1394760014,Tripura,225.476273626926,1937.63087995761,Hydrological Layer,SAC N,Tank/Pond
564,564,1202,,No,Moderate,Inland,Man-made,,1.25094605172073,,23.2906708592,91.350179734,Tripura,1409.80101940238,12509.4605172073,Hydrological Layer,SAC N,Tank/Pond
565,565,1202,,No,Moderate,Inland,Man-made,,1.26234405171341,,23.2924862175,91.6113485583,Tripura,741.870572758178,12623.4405171341,Hydrological Layer,SAC N,Tank/Pond
566,566,1202,,No,Moderate,Inland,Man-made,,1.4022206634906,,23.3033127457,91.3498155349,Tripura,1101.60065922509,14022.206634906,Hydrological Layer,SAC N,Tank/Pond
567,567,1202,,No,Moderate,Inland,Man-made,,1.11135777835496,,23.3042052431,91.3284966852,Tripura,764.029171964021,11113.5777835496,Hydrological Layer,SAC N,Tank/Pond
757,757,1202,,No,Moderate,Inland,Man-made,,1.49290459528277,,23.5966268782,91.6356048596,Tripura,742.597793752385,14929.0459528277,Hydrological Layer,SAC N,Tank/Pond
574,574,1202,,No,Moderate,Inland,Man-made,,1.37210049806604,,23.3164943339,91.5514345711,Tripura,940.171588458404,13721.0049806604,Hydrological Layer,SAC N,Tank/Pond
1435,1435,1203,,No,Moderate,Inland,Man-made,,0.527348820614333,,24.3942572652,92.2665022087,Tripura,404.091835613106,5273.48820614333,Hydrological Layer,SAC N,Waterlogged
569,569,1202,,No,Moderate,Inland,Man-made,,1.08837800253579,,23.312102565,91.4736298864,Tripura,844.011271310914,10883.7800253579,Hydrological Layer,SAC N,Tank/Pond
570,570,1202,,No,Moderate,Inland,Man-made,,1.1811700947061,,23.3118788084,91.4236995196,Tripura,727.646494764309,11811.700947061,Hydrological Layer,SAC N,Tank/Pond
571,571,1202,,No,Moderate,Inland,Man-made,,1.27325449972043,,23.3131034674,91.5482378222,Tripura,811.38769897122,12732.5449972043,Hydrological Layer,SAC N,Tank/Pond
572,572,1202,,No,Moderate,Inland,Man-made,,0.44580711252682,,23.3136177493,91.4744843522,Tripura,542.221595623485,4458.0711252682,Hydrological Layer,SAC N,Tank/Pond
1510,1510,1202,,No,Moderate,Inland,Man-made,,0.248987078475416,,24.4016307551,92.1671173447,Tripura,202.23881270641,2489.87078475416,Hydrological Layer,SAC N,Tank/Pond
1948,1948,1202,,No,Moderate,Inland,Man-made,,0.31217253861601,,23.4242556014,91.7600520482,Tripura,308.715429107132,3121.7253861601,Hydrological Layer,SAC N,Tank/Pond
573,573,1202,,No,Moderate,Inland,Man-made,,1.60482112810623,,23.3134506513,91.7558375527,Tripura,1106.28375218905,16048.2112810623,Hydrological Layer,SAC N,Tank/Pond
1412,1412,1202,,Yes,High,Inland,Man-made,,0.252573744649412,,24.3116449248,92.0927590421,Tripura,214.2422224711,2525.73744649412,Hydrological Layer,SAC N,Tank/Pond
594,594,1202,,No,Moderate,Inland,Man-made,,1.26924916196386,,23.3395471454,91.5369732077,Tripura,790.225742179047,12692.4916196386,Hydrological Layer,SAC N,Tank/Pond
575,575,1202,,No,Moderate,Inland,Man-made,,2.23152638683661,,23.3152160069,91.3201280333,Tripura,1557.50670096978,22315.2638683661,Hydrological Layer,SAC N,Tank/Pond
576,576,1202,,No,Moderate,Inland,Man-made,,1.29957429943316,,23.3179638169,91.7573695843,Tripura,1059.80668328479,12995.7429943316,Hydrological Layer,SAC N,Tank/Pond
577,577,1202,,No,Moderate,Inland,Man-made,,1.0246695993408,,23.3188077004,91.5349445249,Tripura,661.249386393582,10246.695993408,Hydrological Layer,SAC N,Tank/Pond
578,578,1202,,No,Moderate,Inland,Man-made,,2.20753304870997,,23.3187368201,91.3083432395,Tripura,868.402138247627,22075.3304870997,Hydrological Layer,SAC N,Tank/Pond
579,579,1202,,No,Moderate,Inland,Man-made,,1.18527068883326,,23.3198923054,91.742530485,Tripura,849.314677569504,11852.7068883326,Hydrological Layer,SAC N,Tank/Pond
841,841,1202,,No,Moderate,Inland,Man-made,,1.22253574474436,,23.7877256755,91.5958527303,Tripura,511.477043899414,12225.3574474436,Hydrological Layer,SAC N,Tank/Pond
580,580,1202,,No,Moderate,Inland,Man-made,,1.12658157834608,,23.3226208735,91.3465677919,Tripura,1018.15949041383,11265.8157834608,Hydrological Layer,SAC N,Tank/Pond
1791,1791,1202,,No,Moderate,Inland,Man-made,,0.162506296392809,,24.1477487727,92.0433997491,Tripura,161.583470815495,1625.06296392809,Hydrological Layer,SAC N,Tank/Pond
581,581,1202,,No,Moderate,Inland,Man-made,,2.13532697688576,,23.3230853071,91.3410939465,Tripura,1697.22131403837,21353.2697688576,Hydrological Layer,SAC N,Tank/Pond
582,582,1202,,No,Moderate,Inland,Man-made,,2.58758040586445,,23.3238461323,91.3363552587,Tripura,1777.24825287796,25875.8040586445,Hydrological Layer,SAC N,Tank/Pond
583,583,1202,,No,Moderate,Inland,Man-made,,1.20508426329813,,23.3269512944,91.3616000699,Tripura,844.821106233576,12050.8426329813,Hydrological Layer,SAC N,Tank/Pond
584,584,1202,,No,Moderate,Inland,Man-made,,2.01181907684566,,23.329483071,91.7386971496,Tripura,1507.74362022519,20118.1907684566,Hydrological Layer,SAC N,Tank/Pond
607,607,1202,,No,Moderate,Inland,Man-made,,1.06184649734341,,23.3604149211,91.7770299046,Tripura,563.351674449955,10618.4649734341,Hydrological Layer,SAC N,Tank/Pond
585,585,1202,,No,Moderate,Inland,Man-made,,1.46765471322887,,23.330364255,91.7681296749,Tripura,1030.75009382244,14676.5471322887,Hydrological Layer,SAC N,Tank/Pond
586,586,1202,,No,Moderate,Inland,Man-made,,2.41369999573096,,23.3299692347,91.7207022303,Tripura,1267.83059701011,24136.9999573096,Hydrological Layer,SAC N,Tank/Pond
587,587,1202,,No,Moderate,Inland,Man-made,,0.968607947661381,,23.3337471561,91.3471900058,Tripura,1031.16506404625,9686.07947661381,Hydrological Layer,SAC N,Tank/Pond
588,588,1101,,No,Moderate,Inland,Natural,,4.06303622254513,,23.3312696703,91.4113231086,Tripura,2496.40855783568,40630.3622254513,Hydrological Layer,SAC N,Lake/Pond
604,604,1202,,No,Moderate,Inland,Man-made,,1.42905580015831,,23.3521131361,91.3347104949,Tripura,1299.51284358278,14290.5580015831,Hydrological Layer,SAC N,Tank/Pond
1906,1906,1202,,No,Moderate,Inland,Man-made,,0.871934387830178,,22.9832193106,91.6659867757,Tripura,403.481524727712,8719.34387830178,Hydrological Layer,SAC N,Tank/Pond
589,589,1202,,No,Moderate,Inland,Man-made,,2.82481534153181,,23.3353123372,91.3428698213,Tripura,1713.31795563973,28248.1534153181,Hydrological Layer,SAC N,Tank/Pond
595,595,1202,,No,Moderate,Inland,Man-made,,1.19895930729861,,23.3426668461,91.3859786017,Tripura,400.914220444639,11989.5930729861,Hydrological Layer,SAC N,Tank/Pond
590,590,1202,,No,Moderate,Inland,Man-made,,1.1594937953783,,23.3354993628,91.3310357722,Tripura,980.488576228275,11594.937953783,Hydrological Layer,SAC N,Tank/Pond
591,591,1202,,No,Moderate,Inland,Man-made,,2.46303030985955,,23.3361293562,91.7313883194,Tripura,1236.33256250377,24630.3030985955,Hydrological Layer,SAC N,Tank/Pond
598,598,1202,,No,Moderate,Inland,Man-made,,1.12146470346722,,23.3444329972,91.7669277781,Tripura,970.761150164401,11214.6470346722,Hydrological Layer,SAC N,Tank/Pond
1949,1949,1202,,No,Moderate,Inland,Man-made,,0.240818193151225,,23.4267433305,91.7538133661,Tripura,197.368551514518,2408.18193151225,Hydrological Layer,SAC N,Tank/Pond
592,592,1101,,No,Moderate,Inland,Natural,,4.17618444719773,,23.33722709,91.3392231633,Tripura,3279.79645513629,41761.8444719773,Hydrological Layer,SAC N,Lake/Pond
593,593,1202,,No,Moderate,Inland,Man-made,,1.12734346647416,,23.3393617418,91.5940980064,Tripura,794.978356231895,11273.4346647416,Hydrological Layer,SAC N,Tank/Pond
1013,1013,1202,,No,Moderate,Inland,Man-made,,1.26689636244477,,24.0533645229,91.4002455699,Tripura,796.15450607412,12668.9636244477,Hydrological Layer,SAC N,Tank/Pond
596,596,1202,,No,Moderate,Inland,Man-made,,0.966109845807456,,23.3434864698,91.5714209487,Tripura,699.880400798098,9661.09845807456,Hydrological Layer,SAC N,Tank/Pond
605,605,1202,,No,Moderate,Inland,Man-made,,1.92098246266924,,23.353384272,91.568888752,Tripura,775.93179766044,19209.8246266924,Hydrological Layer,SAC N,Tank/Pond
606,606,1202,,No,Moderate,Inland,Man-made,,0.492121186009162,,23.3535502309,91.4378068587,Tripura,521.170451011619,4921.21186009162,Hydrological Layer,SAC N,Tank/Pond
597,597,1202,,No,Moderate,Inland,Man-made,,1.80193664551415,,23.3438666927,91.7724252796,Tripura,1347.01478386487,18019.3664551415,Hydrological Layer,SAC N,Tank/Pond
599,599,1202,,No,Moderate,Inland,Man-made,,1.22009990622904,,23.3455189245,91.5231968056,Tripura,769.7602517273,12200.9990622904,Hydrological Layer,SAC N,Tank/Pond
600,600,1202,,No,Moderate,Inland,Man-made,,1.37604578617043,,23.3479964923,91.3145169523,Tripura,657.172746831169,13760.4578617043,Hydrological Layer,SAC N,Tank/Pond
601,601,1202,,No,Moderate,Inland,Man-made,,1.55256916855499,,23.3484142508,91.4289940848,Tripura,1025.75780726953,15525.6916855499,Hydrological Layer,SAC N,Tank/Pond
602,602,1202,,No,Moderate,Inland,Man-made,,0.586703140878803,,23.350239347,91.3351965863,Tripura,479.840490279994,5867.03140878803,Hydrological Layer,SAC N,Tank/Pond
603,603,1202,,No,Moderate,Inland,Man-made,,1.73701961898761,,23.3515109589,91.4414402734,Tripura,1351.95620447146,17370.1961898761,Hydrological Layer,SAC N,Tank/Pond
1800,1800,1202,,No,Moderate,Inland,Man-made,,0.391748000660323,,24.1513029175,92.0381596593,Tripura,298.613397485036,3917.48000660323,Hydrological Layer,SAC N,Tank/Pond
608,608,1202,,No,Moderate,Inland,Man-made,,1.41230576347233,,23.3612913254,91.3366481168,Tripura,1077.14948471551,14123.0576347233,Hydrological Layer,SAC N,Tank/Pond
609,609,1202,,No,Moderate,Inland,Man-made,,1.54629039285316,,23.3625111951,91.7625774263,Tripura,1120.81973314957,15462.9039285316,Hydrological Layer,SAC N,Tank/Pond
622,622,1202,,No,Moderate,Inland,Man-made,,1.18427342821715,,23.3753551264,91.5685627727,Tripura,674.340903241197,11842.7342821715,Hydrological Layer,SAC N,Tank/Pond
610,610,1202,,No,Moderate,Inland,Man-made,,1.00375021505289,,23.3631060429,91.5632163713,Tripura,792.498964598148,10037.5021505289,Hydrological Layer,SAC N,Tank/Pond
611,611,1202,,No,Moderate,Inland,Man-made,,1.29275496444005,,23.3635504572,91.7746162097,Tripura,588.534044068957,12927.5496444005,Hydrological Layer,SAC N,Tank/Pond
612,612,1202,,No,Moderate,Inland,Man-made,,1.06605372975801,,23.3631262485,91.5518690315,Tripura,761.672018478794,10660.5372975801,Hydrological Layer,SAC N,Tank/Pond
613,613,1202,,No,Moderate,Inland,Man-made,,1.00632173535818,,23.3634784745,91.2953330062,Tripura,641.706948810247,10063.2173535818,Hydrological Layer,SAC N,Tank/Pond
614,614,1202,,No,Moderate,Inland,Man-made,,1.29846327194354,,23.3638070741,91.7670285655,Tripura,810.368532349322,12984.6327194354,Hydrological Layer,SAC N,Tank/Pond
615,615,1202,,No,Moderate,Inland,Man-made,,1.42625211615105,,23.3691149671,91.4368467746,Tripura,1000.17860752485,14262.5211615105,Hydrological Layer,SAC N,Tank/Pond
623,623,1202,,No,Moderate,Inland,Man-made,,1.3129035072961,,23.3760790557,91.3208084622,Tripura,827.494481708506,13129.035072961,Hydrological Layer,SAC N,Tank/Pond
624,624,1202,,No,Moderate,Inland,Man-made,,1.16898691837928,,23.3761029862,91.4504870871,Tripura,845.681304322614,11689.8691837928,Hydrological Layer,SAC N,Tank/Pond
616,616,1202,,No,Moderate,Inland,Man-made,,2.12944325686253,,23.3693750318,91.5505905577,Tripura,1753.23148806373,21294.4325686253,Hydrological Layer,SAC N,Tank/Pond
626,626,1202,,No,Moderate,Inland,Man-made,,1.0383998685891,,23.3829181479,91.58320771,Tripura,839.012886676365,10383.998685891,Hydrological Layer,SAC N,Tank/Pond
627,627,1202,,No,Moderate,Inland,Man-made,,1.0271860826407,,23.382418349,91.3314847276,Tripura,788.009537337289,10271.860826407,Hydrological Layer,SAC N,Tank/Pond
617,617,1202,,No,Moderate,Inland,Man-made,,1.42937471222886,,23.3682559842,91.4123293791,Tripura,1220.65643868348,14293.7471222886,Hydrological Layer,SAC N,Tank/Pond
618,618,1101,,No,Moderate,Inland,Natural,,2.84728601795282,,23.3688401832,91.3182498325,Tripura,1352.34682454603,28472.8601795282,Hydrological Layer,SAC N,Lake/Pond
619,619,1202,,No,Moderate,Inland,Man-made,,1.21804341231476,,23.3705596164,91.7524569024,Tripura,786.888185778181,12180.4341231476,Hydrological Layer,SAC N,Tank/Pond
620,620,1202,,No,Moderate,Inland,Man-made,,1.13247318995627,,23.3721703764,91.524930204,Tripura,756.862287113049,11324.7318995627,Hydrological Layer,SAC N,Tank/Pond
621,621,1202,,No,Moderate,Inland,Man-made,,1.02480293374393,,23.3751938503,91.3976197459,Tripura,883.600371761066,10248.0293374393,Hydrological Layer,SAC N,Tank/Pond
1890,1890,1202,,No,Moderate,Inland,Man-made,,0.152288149468473,,24.1790876292,92.1040737111,Tripura,174.485937203714,1522.88149468473,Hydrological Layer,SAC N,Tank/Pond
625,625,1101,,No,Moderate,Inland,Natural,,3.27069416909424,,23.3766928073,91.7594755294,Tripura,1829.6142066139,32706.9416909424,Hydrological Layer,SAC N,Lake/Pond
628,628,1202,,No,Moderate,Inland,Man-made,,1.83601979616204,,23.3847768403,91.3272764261,Tripura,1529.49928964618,18360.1979616204,Hydrological Layer,SAC N,Tank/Pond
629,629,1202,,No,Moderate,Inland,Man-made,,1.40285274022324,,23.3854264886,91.3380908977,Tripura,941.488679119251,14028.5274022324,Hydrological Layer,SAC N,Tank/Pond
630,630,1202,,No,Moderate,Inland,Man-made,,1.81512837637207,,23.3863674685,91.7698884173,Tripura,886.090204586775,18151.2837637207,Hydrological Layer,SAC N,Tank/Pond
1265,1265,1105,,No,Moderate,Inland,Natural,,0.996328365361595,,23.8619842247,91.8868759714,Tripura,593.081819795228,9963.28365361594,Hydrological Layer,SAC N,Waterlogged
631,631,1202,,No,Moderate,Inland,Man-made,,1.55531221717276,,23.38741527,91.4500755909,Tripura,1224.78764134365,15553.1221717276,Hydrological Layer,SAC N,Tank/Pond
1429,1429,1202,,No,Moderate,Inland,Man-made,,1.00743962154768,,24.3942033613,92.1567809335,Tripura,751.335274354058,10074.3962154768,Hydrological Layer,SAC N,Tank/Pond
1336,1336,1202,,No,Moderate,Inland,Man-made,,0.442188193566419,,24.3241357613,92.1030969099,Tripura,452.315902051522,4421.88193566419,Hydrological Layer,SAC N,Tank/Pond
1337,1337,1202,,Yes,High,Inland,Man-made,,0.471913631668838,,24.3417692574,92.0858191862,Tripura,310.207536163325,4719.13631668838,Hydrological Layer,SAC N,Tank/Pond
1311,1311,1202,,Yes,High,Inland,Man-made,,0.494957449210559,,24.3305405244,92.1128240254,Tripura,402.869119478681,4949.57449210559,Hydrological Layer,SAC N,Tank/Pond
632,632,1202,,No,Moderate,Inland,Man-made,,1.53065502195099,,23.3871038931,91.4201925377,Tripura,1333.28357499291,15306.5502195099,Hydrological Layer,SAC N,Tank/Pond
633,633,1202,,No,Moderate,Inland,Man-made,,1.13768968328291,,23.3874894488,91.3311582153,Tripura,815.59136371142,11376.8968328291,Hydrological Layer,SAC N,Tank/Pond
634,634,1202,,No,Moderate,Inland,Man-made,,1.71536915101041,,23.3878831166,91.7164952882,Tripura,950.351245817369,17153.6915101041,Hydrological Layer,SAC N,Tank/Pond
635,635,1202,,No,Moderate,Inland,Man-made,,2.35260232967806,,23.3908007836,91.5072479405,Tripura,1312.94067716526,23526.0232967805,Hydrological Layer,SAC N,Tank/Pond
642,642,1202,,No,Moderate,Inland,Man-made,,1.18350332451006,,23.3947379879,91.5075995684,Tripura,793.814326141861,11835.0332451006,Hydrological Layer,SAC N,Tank/Pond
643,643,1202,,No,Moderate,Inland,Man-made,,1.05798157342182,,23.3969553921,91.7335113631,Tripura,568.74511639702,10579.8157342182,Hydrological Layer,SAC N,Tank/Pond
1413,1413,1202,,Yes,High,Inland,Man-made,,0.410915848323491,,24.3122760291,92.0906681705,Tripura,296.35496150771,4109.15848323491,Hydrological Layer,SAC N,Tank/Pond
658,658,1202,,No,Moderate,Inland,Man-made,,1.07255627488105,,23.4993201984,91.4116590479,Tripura,433.464796233683,10725.5627488105,Hydrological Layer,SAC N,Tank/Pond
1950,1950,1202,,No,Moderate,Inland,Man-made,,0.231646367532303,,23.4270814314,91.754363892,Tripura,193.997041103815,2316.46367532303,Hydrological Layer,SAC N,Tank/Pond
636,636,1202,,No,Moderate,Inland,Man-made,,1.88327198441401,,23.3912932622,91.3298460837,Tripura,1934.59123360471,18832.7198441401,Hydrological Layer,SAC N,Tank/Pond
637,637,1202,,No,Moderate,Inland,Man-made,,0.969244097924012,,23.3932109906,91.4646208126,Tripura,706.17057445427,9692.44097924012,Hydrological Layer,SAC N,Tank/Pond
638,638,1202,,No,Moderate,Inland,Man-made,,1.33262175513831,,23.3934229479,91.4670577174,Tripura,949.510545082986,13326.2175513831,Hydrological Layer,SAC N,Tank/Pond
639,639,1202,,No,Moderate,Inland,Man-made,,1.10857263348892,,23.3944982093,91.5394518622,Tripura,671.958316692538,11085.7263348892,Hydrological Layer,SAC N,Tank/Pond
640,640,1202,,No,Moderate,Inland,Man-made,,1.11535670150634,,23.3945532704,91.4084523211,Tripura,656.59077385618,11153.5670150634,Hydrological Layer,SAC N,Tank/Pond
641,641,1202,,No,Moderate,Inland,Man-made,,0.977248672775333,,23.3949464854,91.5097663281,Tripura,506.96969845126,9772.48672775333,Hydrological Layer,SAC N,Tank/Pond
1968,1968,1202,,Yes,High,Inland,Man-made,,0.781441301516943,,23.5033894718,91.3218511135,Tripura,395.981962378116,7814.41301516943,Hydrological Layer,SAC N,Tank/Pond
644,644,1202,,No,Moderate,Inland,Man-made,,1.38707070018931,,23.3974951308,91.4039386558,Tripura,1004.24840478495,13870.7070018931,Hydrological Layer,SAC N,Tank/Pond
645,645,1202,,No,Moderate,Inland,Man-made,,1.07522561023335,,23.3980031868,91.5421591304,Tripura,655.24539489744,10752.2561023335,Hydrological Layer,SAC N,Tank/Pond
646,646,1202,,No,Moderate,Inland,Man-made,,1.25271075880601,,23.3980825045,91.7492843984,Tripura,814.584686308982,12527.1075880601,Hydrological Layer,SAC N,Tank/Pond
647,647,1202,,No,Moderate,Inland,Man-made,,2.82402028808681,,23.3975866609,91.5368035206,Tripura,1822.35908265926,28240.2028808681,Hydrological Layer,SAC N,Tank/Pond
648,648,1202,,No,Moderate,Inland,Man-made,,1.23517374947797,,23.4123390906,91.7342014371,Tripura,439.458150814495,12351.7374947797,Hydrological Layer,SAC N,Tank/Pond
681,681,1202,,No,Moderate,Inland,Man-made,,1.41695052162658,,23.511222719,91.6639634276,Tripura,552.660191396867,14169.5052162658,Hydrological Layer,SAC N,Tank/Pond
682,682,1202,,No,Moderate,Inland,Man-made,,1.08454092966799,,23.5112883354,91.5153008271,Tripura,541.773537970442,10845.4092966799,Hydrological Layer,SAC N,Tank/Pond
649,649,1202,,No,Moderate,Inland,Man-made,,1.10758481606547,,23.416671104,91.6941598109,Tripura,750.355070899844,11075.8481606547,Hydrological Layer,SAC N,Tank/Pond
650,650,1101,,No,Moderate,Inland,Natural,,3.39828212822177,,23.4160217938,91.6991946218,Tripura,2197.09315561875,33982.8212822177,Hydrological Layer,SAC N,Lake/Pond
651,651,1202,,No,Moderate,Inland,Man-made,,2.27405797452849,,23.4192051885,91.6939300017,Tripura,575.074791179357,22740.5797452849,Hydrological Layer,SAC N,Tank/Pond
683,683,1202,,No,Moderate,Inland,Man-made,,1.95251967525654,,23.5117698032,91.6586942252,Tripura,643.367154123925,19525.1967525654,Hydrological Layer,SAC N,Tank/Pond
652,652,1202,,No,Moderate,Inland,Man-made,,1.67510033423546,,23.4243182014,91.7090487874,Tripura,1031.44249954471,16751.0033423546,Hydrological Layer,SAC N,Tank/Pond
660,660,1101,,No,Moderate,Inland,Natural,,3.04857403999455,,23.4996322445,91.2945343104,Tripura,983.202286846477,30485.7403999455,Hydrological Layer,SAC N,Lake/Pond
653,653,1202,,No,Moderate,Inland,Man-made,,1.66062827766274,,23.4254110956,91.7346846983,Tripura,1021.48288280579,16606.2827766274,Hydrological Layer,SAC N,Tank/Pond
654,654,1102,,No,Moderate,Inland,Natural,,1.46060505471112,,23.4281037201,91.7474899477,Tripura,802.471091367898,14606.0505471112,Hydrological Layer,SAC N,Ox-bow lake/cut-off meander
655,655,1202,,No,Moderate,Inland,Man-made,,1.06721063937417,,23.4400111703,91.7680405458,Tripura,913.675983424327,10672.1063937417,Hydrological Layer,SAC N,Tank/Pond
656,656,1202,,No,Moderate,Inland,Man-made,,1.07741583989463,,23.4449039999,91.7265764684,Tripura,568.518777212388,10774.1583989463,Hydrological Layer,SAC N,Tank/Pond
657,657,1202,,No,Moderate,Inland,Man-made,,0.199777699587839,,23.6438929557,91.2365772388,Tripura,180.189876444715,1997.77699587839,Hydrological Layer,SAC N,Tank/Pond
1951,1951,1202,,No,Moderate,Inland,Man-made,,0.210779180006417,,23.4274868297,91.7547808033,Tripura,185.51891758999,2107.79180006417,Hydrological Layer,SAC N,Tank/Pond
659,659,1101,,No,Moderate,Inland,Natural,,2.88534772340095,,23.4994754394,91.3879111391,Tripura,1698.55485603644,28853.4772340095,Hydrological Layer,SAC N,Lake/Pond
661,661,1202,,No,Moderate,Inland,Man-made,,2.4381338564394,,23.5013789143,91.4154516058,Tripura,1122.2577963265,24381.338564394,Hydrological Layer,SAC N,Tank/Pond
662,662,1202,,No,Moderate,Inland,Man-made,,2.21536700416027,,23.5035143851,91.3839258654,Tripura,1734.80538681293,22153.6700416027,Hydrological Layer,SAC N,Tank/Pond
663,663,1101,,No,Moderate,Inland,Natural,,7.58606555250277,,23.5043011395,91.4942773616,Tripura,1233.21068185312,75860.6555250277,Hydrological Layer,SAC N,Lake/Pond
1799,1799,1202,,No,Moderate,Inland,Man-made,,0.362583292430919,,24.1504529687,92.0425927483,Tripura,265.543422510377,3625.83292430919,Hydrological Layer,SAC N,Tank/Pond
665,665,1202,,No,Moderate,Inland,Man-made,,1.94460738197918,,23.505258971,91.5309537774,Tripura,1517.56755287174,19446.0738197918,Hydrological Layer,SAC N,Tank/Pond
673,673,1202,,No,Moderate,Inland,Man-made,,1.1114855207456,,23.5095547803,91.3970555332,Tripura,486.437289396883,11114.855207456,Hydrological Layer,SAC N,Tank/Pond
674,674,1202,,No,Moderate,Inland,Man-made,,2.82967135781513,,23.5096401953,91.4996288884,Tripura,678.969755928712,28296.7135781513,Hydrological Layer,SAC N,Tank/Pond
675,675,1202,,No,Moderate,Inland,Man-made,,1.23008049802417,,23.5101676161,91.5012417555,Tripura,459.516396939674,12300.8049802417,Hydrological Layer,SAC N,Tank/Pond
666,666,1101,,No,Moderate,Inland,Natural,,3.845665666262,,23.5060910266,91.5158952649,Tripura,1589.68641655107,38456.65666262,Hydrological Layer,SAC N,Lake/Pond
667,667,1202,,No,Moderate,Inland,Man-made,,1.19748259567124,,23.5070413591,91.4206528269,Tripura,705.657739436326,11974.8259567124,Hydrological Layer,SAC N,Tank/Pond
668,668,1101,Rudrasagar Lake,No,Moderate,Inland,Natural,,390.719315712428,,23.5053193805,91.3146002761,Tripura,18894.4076293954,3907193.15712428,Hydrological Layer,SAC N,Lake/Pond
669,669,1202,,No,Moderate,Inland,Man-made,,2.78480595418062,,23.5079465115,91.3257492814,Tripura,1445.25311715548,27848.0595418062,Hydrological Layer,SAC N,Tank/Pond
1952,1952,1202,,No,Moderate,Inland,Man-made,,0.301054080075776,,23.8464305128,91.2816571282,Tripura,219.501333229522,3010.54080075776,Hydrological Layer,SAC N,Tank/Pond
670,670,1101,,No,Moderate,Inland,Natural,,2.91434482283264,,23.5135328119,91.7364010591,Tripura,2070.16077444892,29143.4482283264,Hydrological Layer,SAC N,Lake/Pond
671,671,1202,,No,Moderate,Inland,Man-made,,2.6784791999767,,23.5147809673,91.4530528029,Tripura,701.34434976509,26784.791999767,Hydrological Layer,SAC N,Tank/Pond
672,672,1202,,No,Moderate,Inland,Man-made,,1.1155175973862,,23.5094551819,91.4639232574,Tripura,425.774949832406,11155.175973862,Hydrological Layer,SAC N,Tank/Pond
1449,1449,1202,,No,Moderate,Inland,Man-made,,0.600924916681416,,24.3712178926,92.1687231348,Tripura,314.647307505147,6009.24916681416,Hydrological Layer,SAC N,Tank/Pond
678,678,1202,,No,Moderate,Inland,Man-made,,1.92998627202796,,23.5103290067,91.7053660005,Tripura,1275.98265249914,19299.8627202796,Hydrological Layer,SAC N,Tank/Pond
679,679,1101,,No,Moderate,Inland,Natural,,4.30938468976453,,23.5099567266,91.6899692785,Tripura,1450.55474419189,43093.8468976453,Hydrological Layer,SAC N,Lake/Pond
680,680,1101,,No,Moderate,Inland,Natural,,5.45925751265542,,23.5088746093,91.4399798954,Tripura,1666.72016434047,54592.5751265542,Hydrological Layer,SAC N,Lake/Pond
1953,1953,1202,,No,Moderate,Inland,Man-made,,0.282325935433787,,23.4269039957,91.7414625832,Tripura,212.187875320152,2823.25935433787,Hydrological Layer,SAC N,Tank/Pond
685,685,1202,,No,Moderate,Inland,Man-made,,6.94312531838947,,23.5092665381,91.3893487848,Tripura,2205.17723674643,69431.2531838947,Hydrological Layer,SAC N,Tank/Pond
1462,1462,1203,,No,Moderate,Inland,Man-made,,0.537556189045603,,24.3894794786,92.2366277915,Tripura,477.117912014156,5375.56189045603,Hydrological Layer,SAC N,Waterlogged
686,686,1202,,No,Moderate,Inland,Man-made,,2.29178791352894,,23.51098106,91.7258871536,Tripura,1368.71936578306,22917.8791352894,Hydrological Layer,SAC N,Tank/Pond
687,687,1202,,No,Moderate,Inland,Man-made,,1.35587950586117,,23.5119866809,91.4592353732,Tripura,746.380597044618,13558.7950586117,Hydrological Layer,SAC N,Tank/Pond
688,688,1202,,No,Moderate,Inland,Man-made,,1.40280341073835,,23.5132991886,91.4117593826,Tripura,638.039684751576,14028.0341073835,Hydrological Layer,SAC N,Tank/Pond
689,689,1202,,No,Moderate,Inland,Man-made,,1.19420245094782,,23.5144024476,91.5632961846,Tripura,620.972523116763,11942.0245094782,Hydrological Layer,SAC N,Tank/Pond
690,690,1101,,No,Moderate,Inland,Natural,,6.57796471577083,,23.5136702005,91.4589092145,Tripura,1351.76319648838,65779.6471577083,Hydrological Layer,SAC N,Lake/Pond
692,692,1202,,No,Moderate,Inland,Man-made,,1.00693242411623,,23.5175682806,91.3991190228,Tripura,577.596488800041,10069.3242411623,Hydrological Layer,SAC N,Tank/Pond
693,693,1202,,No,Moderate,Inland,Man-made,,2.23145063745293,,23.5173081062,91.4718696022,Tripura,601.940494271726,22314.5063745293,Hydrological Layer,SAC N,Tank/Pond
1498,1498,1202,,No,Moderate,Inland,Man-made,,0.219336493607576,,24.3640862695,92.2299901687,Tripura,198.934412823635,2193.36493607576,Hydrological Layer,SAC N,Tank/Pond
695,695,1202,,No,Moderate,Inland,Man-made,,1.2922074062026,,23.5179900829,91.3030868614,Tripura,670.805587104613,12922.074062026,Hydrological Layer,SAC N,Tank/Pond
696,696,1202,,No,Moderate,Inland,Man-made,,1.16936048421552,,23.5180632083,91.5032317511,Tripura,486.215152728451,11693.6048421552,Hydrological Layer,SAC N,Tank/Pond
697,697,1102,,No,Moderate,Inland,Natural,,2.66771384708564,,23.5175504286,91.4507713,Tripura,1002.90250847093,26677.1384708564,Hydrological Layer,SAC N,Ox-bow lake/cut-off meander
698,698,1101,,No,Moderate,Inland,Natural,,5.07584266723522,,23.5187574837,91.4607460229,Tripura,1581.77545401792,50758.4266723522,Hydrological Layer,SAC N,Lake/Pond
699,699,1101,,No,Moderate,Inland,Natural,,6.478444772043,,23.5193304552,91.4654822981,Tripura,1042.69043545187,64784.44772043,Hydrological Layer,SAC N,Lake/Pond
700,700,1202,,No,Moderate,Inland,Man-made,,2.22383548374473,,23.5196315038,91.6547851997,Tripura,745.813747437078,22238.3548374473,Hydrological Layer,SAC N,Tank/Pond
710,710,1101,,No,Moderate,Inland,Natural,,3.14357536803161,,23.523796508,91.4744982361,Tripura,966.629083733529,31435.7536803161,Hydrological Layer,SAC N,Lake/Pond
701,701,1101,,No,Moderate,Inland,Natural,,4.31688244742583,,23.5135445276,91.3296741909,Tripura,1769.50117237612,43168.8244742583,Hydrological Layer,SAC N,Lake/Pond
702,702,1202,,No,Moderate,Inland,Man-made,,0.227642486434123,,23.6442428129,91.235999926,Tripura,200.067331045002,2276.42486434123,Hydrological Layer,SAC N,Tank/Pond
715,715,1202,,No,Moderate,Inland,Man-made,,1.97910010851287,,23.5262648181,91.4772976732,Tripura,829.487030991864,19791.0010851287,Hydrological Layer,SAC N,Tank/Pond
703,703,1101,,No,Moderate,Inland,Natural,,3.08745560941875,,23.9145897295,92.0058954742,Tripura,1788.0351087037,30874.5560941875,Hydrological Layer,SAC N,Lake/Pond
704,704,1202,,No,Moderate,Inland,Man-made,,1.95135634823176,,23.5211484251,91.3058972276,Tripura,764.368645906852,19513.5634823176,Hydrological Layer,SAC N,Tank/Pond
705,705,1101,,No,Moderate,Inland,Natural,,7.51550674545347,,23.5208235393,91.5459579075,Tripura,1203.68520587175,75155.0674545347,Hydrological Layer,SAC N,Lake/Pond
706,706,1202,,No,Moderate,Inland,Man-made,,1.40745894408493,,23.5216092139,91.5513746132,Tripura,491.288899979475,14074.5894408493,Hydrological Layer,SAC N,Tank/Pond
707,707,1202,,No,Moderate,Inland,Man-made,,1.51755827182435,,23.5220529707,91.4744473088,Tripura,530.144498815703,15175.5827182435,Hydrological Layer,SAC N,Tank/Pond
728,728,1202,,No,Moderate,Inland,Man-made,,1.91094343669666,,23.53116897,91.3267400648,Tripura,1100.6757793706,19109.4343669666,Hydrological Layer,SAC N,Tank/Pond
708,708,1202,,No,Moderate,Inland,Man-made,,5.44001354548442,,23.5226950253,91.4698387237,Tripura,1504.66726752192,54400.1354548442,Hydrological Layer,SAC N,Tank/Pond
721,721,1202,,No,Moderate,Inland,Man-made,,1.23253465428164,,23.5286438255,91.5650025879,Tripura,994.515612888295,12325.3465428164,Hydrological Layer,SAC N,Tank/Pond
722,722,1202,,No,Moderate,Inland,Man-made,,1.07942111851396,,23.5296111206,91.5112499031,Tripura,417.868341086363,10794.2111851396,Hydrological Layer,SAC N,Tank/Pond
723,723,1202,,No,Moderate,Inland,Man-made,,1.21524635787807,,23.5297579966,91.487466789,Tripura,470.706496746897,12152.4635787807,Hydrological Layer,SAC N,Tank/Pond
724,724,1105,,No,Moderate,Inland,Natural,,2.86030751350847,,23.5389195101,91.5611973877,Tripura,2182.85665470415,28603.0751350847,Hydrological Layer,SAC N,Waterlogged
725,725,1101,,No,Moderate,Inland,Natural,,12.9533058210026,,23.5388508193,91.4897730661,Tripura,1744.60045021652,129533.058210026,Hydrological Layer,SAC N,Lake/Pond
726,726,1202,,No,Moderate,Inland,Man-made,,1.678943315593,,23.5308903786,91.5114212906,Tripura,519.324399171101,16789.43315593,Hydrological Layer,SAC N,Tank/Pond
727,727,1202,,No,Moderate,Inland,Man-made,,0.965046308328204,,23.5318555411,91.5435474405,Tripura,411.490283597055,9650.46308328204,Hydrological Layer,SAC N,Tank/Pond
729,729,1202,,No,Moderate,Inland,Man-made,,0.998033394890855,,23.5333245172,91.5575538832,Tripura,517.039607508916,9980.33394890855,Hydrological Layer,SAC N,Tank/Pond
745,745,1202,,No,Moderate,Inland,Man-made,,13.6637508661597,,23.5704880233,91.8403932902,Tripura,10888.1833362835,136637.508661597,Hydrological Layer,SAC N,Tank/Pond
732,732,1202,,No,Moderate,Inland,Man-made,,1.85764326187882,,23.5351365877,91.4692284946,Tripura,678.026486375019,18576.4326187882,Hydrological Layer,SAC N,Tank/Pond
733,733,1202,,No,Moderate,Inland,Man-made,,1.50625638459232,,23.5357028742,91.7908488376,Tripura,1127.34090439604,15062.5638459232,Hydrological Layer,SAC N,Tank/Pond
734,734,1101,,No,Moderate,Inland,Natural,,25.8989377100741,,23.5338071032,91.4943930508,Tripura,3082.94354241173,258989.377100741,Hydrological Layer,SAC N,Lake/Pond
735,735,1101,,No,Moderate,Inland,Natural,,6.34973777165296,,23.5378400089,91.4993331482,Tripura,1032.68447501614,63497.3777165295,Hydrological Layer,SAC N,Lake/Pond
736,736,1202,,No,Moderate,Inland,Man-made,,1.26981927401153,,23.5394189341,91.4294167763,Tripura,648.322137327991,12698.1927401153,Hydrological Layer,SAC N,Tank/Pond
737,737,1202,,No,Moderate,Inland,Man-made,,1.88970881787617,,23.541502137,91.4993778441,Tripura,912.06429760827,18897.0881787617,Hydrological Layer,SAC N,Tank/Pond
738,738,1202,,No,Moderate,Inland,Man-made,,1.12234251247262,,23.5421166104,91.5614183421,Tripura,621.71071623956,11223.4251247262,Hydrological Layer,SAC N,Tank/Pond
1377,1377,1202,,No,Moderate,Inland,Man-made,,0.204948658674752,,24.3648606837,92.2532329931,Tripura,258.572442879688,2049.48658674752,Hydrological Layer,SAC N,Tank/Pond
739,739,1202,,No,Moderate,Inland,Man-made,,0.966686849729321,,23.5422205911,91.4344207172,Tripura,713.022696519794,9666.86849729321,Hydrological Layer,SAC N,Tank/Pond
740,740,1101,,No,Moderate,Inland,Natural,,3.16014023036193,,23.5415275839,91.5579977609,Tripura,2135.11856971392,31601.4023036193,Hydrological Layer,SAC N,Lake/Pond
741,741,1202,,No,Moderate,Inland,Man-made,,1.34094547315954,,23.5437467952,91.5553110732,Tripura,966.173711233195,13409.4547315954,Hydrological Layer,SAC N,Tank/Pond
742,742,1202,,No,Moderate,Inland,Man-made,,1.24172088855849,,23.5441503905,91.317589551,Tripura,531.780144340257,12417.2088855849,Hydrological Layer,SAC N,Tank/Pond
743,743,1202,,No,Moderate,Inland,Man-made,,2.24264731510442,,23.5498615048,91.528106505,Tripura,609.752647960796,22426.4731510442,Hydrological Layer,SAC N,Tank/Pond
816,816,1202,,No,Moderate,Inland,Man-made,,1.22426849169551,,23.7703358379,91.2823617793,Tripura,511.406942426914,12242.6849169551,Hydrological Layer,SAC N,Tank/Pond
751,751,1202,,No,Moderate,Inland,Man-made,,1.61044258017968,,23.573122898,91.6380314994,Tripura,1027.93533114381,16104.4258017968,Hydrological Layer,SAC N,Tank/Pond
752,752,1202,,No,Moderate,Inland,Man-made,,1.92055616098648,,23.5823892056,91.5191816433,Tripura,703.857437587977,19205.5616098648,Hydrological Layer,SAC N,Tank/Pond
744,744,1202,,No,Moderate,Inland,Man-made,,1.51701864113649,,23.5510641255,91.5908274545,Tripura,1873.75228474371,15170.1864113649,Hydrological Layer,SAC N,Tank/Pond
746,746,1202,,No,Moderate,Inland,Man-made,,2.02951170892834,,23.5537059424,91.5794488566,Tripura,964.28805431284,20295.1170892834,Hydrological Layer,SAC N,Tank/Pond
747,747,1101,,No,Moderate,Inland,Natural,,4.35162232310186,,23.5595598941,91.421220951,Tripura,952.354691658327,43516.2232310186,Hydrological Layer,SAC N,Lake/Pond
1993,1993,1202,,Yes,High,Inland,Man-made,,0.279391871776312,,23.4809488069,91.3277675565,Tripura,221.819127348963,2793.91871776312,Hydrological Layer,SAC N,Tank/Pond
748,748,1202,,No,Moderate,Inland,Man-made,,1.11806736018039,,23.5613886877,91.6860564528,Tripura,735.961868000531,11180.6736018039,Hydrological Layer,SAC N,Tank/Pond
749,749,1202,,No,Moderate,Inland,Man-made,,1.92835113966091,,23.5658944279,91.4453386465,Tripura,592.762216850919,19283.5113966091,Hydrological Layer,SAC N,Tank/Pond
750,750,1202,,No,Moderate,Inland,Man-made,,1.2142949882221,,23.5665471418,91.5765934744,Tripura,580.035380627917,12142.949882221,Hydrological Layer,SAC N,Tank/Pond
753,753,1202,,No,Moderate,Inland,Man-made,,2.07998208179393,,23.5874440188,91.5366184612,Tripura,839.726847207482,20799.8208179393,Hydrological Layer,SAC N,Tank/Pond
754,754,1202,,No,Moderate,Inland,Man-made,,1.95563671113454,,23.5877005689,91.6315466812,Tripura,1006.2977374157,19556.3671113454,Hydrological Layer,SAC N,Tank/Pond
755,755,1202,,No,Moderate,Inland,Man-made,,1.51799558502626,,23.5924281526,91.2441834747,Tripura,696.595698681655,15179.9558502626,Hydrological Layer,SAC N,Tank/Pond
5043,5043,1202,,No,Moderate,Inland,Man-made,,0.648980644180321,,23.1410390336,91.6814797867,Tripura,655.517337761425,6489.80644180321,Hydrological Layer,SAC N,Tank/Pond
756,756,1202,,No,Moderate,Inland,Man-made,,1.09360153737755,,23.5951569189,91.392892019,Tripura,994.778867843739,10936.0153737755,Hydrological Layer,SAC N,Tank/Pond
1436,1436,1203,,No,Moderate,Inland,Man-made,,0.748792327572032,,24.3961000419,92.2478321602,Tripura,412.792845934669,7487.92327572032,Hydrological Layer,SAC N,Waterlogged
758,758,1202,,No,Moderate,Inland,Man-made,,2.40465890113918,,23.5965217982,91.4465685211,Tripura,1374.5104529517,24046.5890113918,Hydrological Layer,SAC N,Tank/Pond
963,963,1202,,No,Moderate,Inland,Man-made,,1.05525727357698,,23.9280124333,91.6411377491,Tripura,679.572910502529,10552.5727357698,Hydrological Layer,SAC N,Tank/Pond
759,759,1202,,No,Moderate,Inland,Man-made,,1.08179115378998,,23.5968201931,91.4126230287,Tripura,1075.95147151938,10817.9115378998,Hydrological Layer,SAC N,Tank/Pond
5044,5044,1202,,No,Moderate,Inland,Man-made,,1.44613568406119,,23.128101563,91.677582417,Tripura,928.972058894457,14461.3568406119,Hydrological Layer,SAC N,Tank/Pond
5045,5045,1202,,No,Moderate,Inland,Man-made,,0.555759023486325,,23.1316109541,91.6802828928,Tripura,481.782793681071,5557.59023486325,Hydrological Layer,SAC N,Tank/Pond
760,760,1202,,No,Moderate,Inland,Man-made,,1.97457107739814,,23.5970980067,91.4100170573,Tripura,1581.3789480275,19745.7107739814,Hydrological Layer,SAC N,Tank/Pond
837,837,1202,,No,Moderate,Inland,Man-made,,2.36826971534766,,23.7850487675,91.5942318788,Tripura,1118.98999457805,23682.6971534766,Hydrological Layer,SAC N,Tank/Pond
850,850,1202,,No,Moderate,Inland,Man-made,,1.96815518711435,,23.792446799,91.4393407916,Tripura,1075.02928270012,19681.5518711435,Hydrological Layer,SAC N,Tank/Pond
761,761,1202,,No,Moderate,Inland,Man-made,,0.999247565949741,,23.5969844474,91.4644858188,Tripura,833.418489829928,9992.47565949741,Hydrological Layer,SAC N,Tank/Pond
762,762,1202,,No,Moderate,Inland,Man-made,,1.0184688524437,,23.5982558874,91.3556905776,Tripura,924.023290036087,10184.688524437,Hydrological Layer,SAC N,Tank/Pond
909,909,1202,,No,Moderate,Inland,Man-made,,1.05332203222711,,23.8663965173,91.5984434655,Tripura,748.524470507068,10533.2203222711,Hydrological Layer,SAC N,Tank/Pond
763,763,1202,,No,Moderate,Inland,Man-made,,1.03884481717039,,23.5978580659,91.4662235221,Tripura,978.869495607872,10388.4481717039,Hydrological Layer,SAC N,Tank/Pond
764,764,1202,,No,Moderate,Inland,Man-made,,1.63461890137865,,23.5993774768,91.3851468488,Tripura,568.661788588602,16346.1890137865,Hydrological Layer,SAC N,Tank/Pond
765,765,1202,,No,Moderate,Inland,Man-made,,1.1918374105234,,23.6011187318,91.6369123477,Tripura,719.844785772946,11918.374105234,Hydrological Layer,SAC N,Tank/Pond
783,783,1202,,No,Moderate,Inland,Man-made,,1.08631464817981,,23.6049271733,91.4501130783,Tripura,797.086655239157,10863.1464817981,Hydrological Layer,SAC N,Tank/Pond
766,766,1202,,No,Moderate,Inland,Man-made,,2.58160938713336,,23.6022981241,91.6206902913,Tripura,1942.2210984903,25816.0938713336,Hydrological Layer,SAC N,Tank/Pond
767,767,1102,,No,Moderate,Inland,Natural,,2.73270945208253,,24.3188004298,91.9871757708,Tripura,1070.72221844401,27327.0945208253,Hydrological Layer,SAC N,Ox-bow lake/cut-off meander
796,796,1202,,No,Moderate,Inland,Man-made,,1.51598971519276,,23.650585588,91.2173107014,Tripura,658.18267500897,15159.8971519276,Hydrological Layer,SAC N,Tank/Pond
768,768,1102,,No,Moderate,Inland,Natural,,5.11931282309686,,24.2570547397,92.0276198829,Tripura,1789.48025199802,51193.1282309686,Hydrological Layer,SAC N,Ox-bow lake/cut-off meander
769,769,1105,,No,Moderate,Inland,Natural,,3.19147061615064,,24.2455186059,92.157706587,Tripura,2883.05140861393,31914.7061615064,Hydrological Layer,SAC N,Waterlogged
770,770,1102,,No,Moderate,Inland,Natural,,5.96265837133588,,24.2380427,92.0239217267,Tripura,2097.10748809982,59626.5837133588,Hydrological Layer,SAC N,Ox-bow lake/cut-off meander
771,771,1102,,No,Moderate,Inland,Natural,,4.50579008637918,,24.2384458925,92.0383688565,Tripura,1185.70561224633,45057.9008637918,Hydrological Layer,SAC N,Ox-bow lake/cut-off meander
1509,1509,1202,,No,Moderate,Inland,Man-made,,1.36509575183134,,23.2457323522,91.3270580543,Tripura,785.697063036943,13650.9575183134,Hydrological Layer,SAC N,Tank/Pond
937,937,1202,,No,Moderate,Inland,Man-made,,1.15455847736706,,23.8956160152,91.5840294629,Tripura,769.385296229623,11545.5847736706,Hydrological Layer,SAC N,Tank/Pond
772,772,1102,,No,Moderate,Inland,Natural,,2.8672399932468,,24.1783175395,92.2149821292,Tripura,2121.3655630102,28672.399932468,Hydrological Layer,SAC N,Ox-bow lake/cut-off meander
5046,5046,1202,,No,Moderate,Inland,Man-made,,0.99181320562382,,23.1330400786,91.6783964228,Tripura,882.587616059708,9918.1320562382,Hydrological Layer,SAC N,Tank/Pond
773,773,1102,,No,Moderate,Inland,Natural,,3.3175872507829,,24.1738906038,92.0263140917,Tripura,1095.8996633483,33175.872507829,Hydrological Layer,SAC N,Ox-bow lake/cut-off meander
774,774,1102,,No,Moderate,Inland,Natural,,7.41834792336633,,24.1626061368,92.0441753812,Tripura,1880.27115302378,74183.4792336633,Hydrological Layer,SAC N,Ox-bow lake/cut-off meander
804,804,1202,,No,Moderate,Inland,Man-made,,2.23808547544297,,23.7551742535,91.2559180985,Tripura,793.906456991674,22380.8547544297,Hydrological Layer,SAC N,Tank/Pond
775,775,1102,,No,Moderate,Inland,Natural,,4.88291721817929,,24.1062434217,91.9847151104,Tripura,1649.26921050504,48829.1721817929,Hydrological Layer,SAC N,Ox-bow lake/cut-off meander
776,776,1102,,No,Moderate,Inland,Natural,,3.86752321912755,,24.0980214271,92.3228064492,Tripura,1975.98961048538,38675.2321912755,Hydrological Layer,SAC N,Ox-bow lake/cut-off meander
777,777,1102,,No,Moderate,Inland,Natural,,1.01285635006277,,24.0702679553,91.9637684962,Tripura,561.93461126508,10128.5635006277,Hydrological Layer,SAC N,Ox-bow lake/cut-off meander
790,790,1202,,No,Moderate,Inland,Man-made,,1.60472505082117,,23.6063766026,91.3510646597,Tripura,1228.51014544959,16047.2505082117,Hydrological Layer,SAC N,Tank/Pond
805,805,1202,,No,Moderate,Inland,Man-made,,1.9035661266677,,23.7533938391,91.6043924982,Tripura,688.194897378018,19035.661266677,Hydrological Layer,SAC N,Tank/Pond
5047,5047,1202,,No,Moderate,Inland,Man-made,,1.77570662777294,,23.1244448995,91.6763785692,Tripura,1564.91095608099,17757.0662777294,Hydrological Layer,SAC N,Tank/Pond
5049,5049,1202,,No,Moderate,Inland,Man-made,,0.29665004473137,,23.1428832618,91.6967180546,Tripura,254.480244643707,2966.5004473137,Hydrological Layer,SAC N,Tank/Pond
778,778,1102,,No,Moderate,Inland,Natural,,7.55232293077301,,24.0366694536,92.1997125051,Tripura,3048.46664931599,75523.2293077301,Hydrological Layer,SAC N,Ox-bow lake/cut-off meander
791,791,1202,,No,Moderate,Inland,Man-made,,2.4220220237752,,23.6416102184,91.522356434,Tripura,1107.71955056192,24220.220237752,Hydrological Layer,SAC N,Tank/Pond
1511,1511,1202,,No,Moderate,Inland,Man-made,,0.231457371505266,,24.4016183774,92.1621519199,Tripura,195.887880089343,2314.57371505266,Hydrological Layer,SAC N,Tank/Pond
936,936,1202,,No,Moderate,Inland,Man-made,,1.10485129888417,,23.8933706091,92.0019241138,Tripura,544.264006465649,11048.5129888417,Hydrological Layer,SAC N,Tank/Pond
1731,1731,1202,,No,Moderate,Inland,Man-made,,0.419189514107599,,24.1548885905,92.0453506589,Tripura,301.880605350899,4191.89514107599,Hydrological Layer,SAC N,Tank/Pond
792,792,1202,,No,Moderate,Inland,Man-made,,1.57204045268227,,23.6433800073,91.5229498612,Tripura,1012.43352829812,15720.4045268227,Hydrological Layer,SAC N,Tank/Pond
779,779,1102,,No,Moderate,Inland,Natural,,3.86529211913579,,24.024078045,92.026660745,Tripura,2464.75520401922,38652.9211913579,Hydrological Layer,SAC N,Ox-bow lake/cut-off meander
781,781,1102,,No,Moderate,Inland,Natural,,4.38861371271267,,23.8923303583,92.2104697668,Tripura,2324.99955646702,43886.1371271267,Hydrological Layer,SAC N,Ox-bow lake/cut-off meander
782,782,1202,,No,Moderate,Inland,Man-made,,1.01946843354178,,23.6032941442,91.4408019386,Tripura,838.499834360227,10194.6843354178,Hydrological Layer,SAC N,Tank/Pond
780,780,1102,,No,Moderate,Inland,Natural,,7.16299038540502,,23.9235290523,91.657196459,Tripura,2817.04102895454,71629.9038540502,Hydrological Layer,SAC N,Ox-bow lake/cut-off meander
784,784,1101,,No,Moderate,Inland,Natural,,3.55909041291181,,23.6030443199,91.4612236125,Tripura,2463.92920169351,35590.9041291181,Hydrological Layer,SAC N,Lake/Pond
785,785,1202,,No,Moderate,Inland,Man-made,,1.65980388243534,,23.6059324526,91.4503716697,Tripura,1197.74257566547,16598.0388243534,Hydrological Layer,SAC N,Tank/Pond
786,786,1202,,No,Moderate,Inland,Man-made,,7.40237491916204,,24.3717499032,92.0078274765,Tripura,1122.7523829147,74023.7491916204,Hydrological Layer,SAC N,Tank/Pond
787,787,1202,,No,Moderate,Inland,Man-made,,0.24109440076972,,24.1508542442,92.0274591118,Tripura,219.820571536123,2410.9440076972,Hydrological Layer,SAC N,Tank/Pond
788,788,1202,,No,Moderate,Inland,Man-made,,0.553080742666205,,23.9460952603,92.2130877599,Tripura,324.42852240569,5530.80742666205,Hydrological Layer,SAC N,Tank/Pond
789,789,1202,,No,Moderate,Inland,Man-made,,2.17332894481981,,23.60504,91.6391341979,Tripura,1392.37452436475,21733.2894481981,Hydrological Layer,SAC N,Tank/Pond
938,938,1202,,No,Moderate,Inland,Man-made,,1.65256463352507,,23.8955254075,91.8746769584,Tripura,582.458391327715,16525.6463352507,Hydrological Layer,SAC N,Tank/Pond
5050,5050,1202,,No,Moderate,Inland,Man-made,,0.360036869160525,,23.1592444898,91.6878137135,Tripura,285.386857496843,3600.36869160525,Hydrological Layer,SAC N,Tank/Pond
793,793,1101,,No,Moderate,Inland,Natural,,4.31912601677369,,23.642586853,91.2466856967,Tripura,5218.70404033702,43191.2601677369,Hydrological Layer,SAC N,Lake/Pond
794,794,1202,,No,Moderate,Inland,Man-made,,1.12974750541974,,23.6455294807,91.5357489374,Tripura,540.787760956044,11297.4750541974,Hydrological Layer,SAC N,Tank/Pond
795,795,1202,,No,Moderate,Inland,Man-made,,1.14550245699321,,23.6459706425,91.6362831362,Tripura,589.809569422754,11455.0245699321,Hydrological Layer,SAC N,Tank/Pond
1710,1710,1202,,No,Moderate,Inland,Man-made,,0.549224025052059,,24.0561465793,92.0117333748,Tripura,297.950337275323,5492.24025052059,Hydrological Layer,SAC N,Tank/Pond
797,797,1202,,No,Moderate,Inland,Man-made,,3.12704275258948,,23.6544550794,91.2265498757,Tripura,1242.63884665802,31270.4275258948,Hydrological Layer,SAC N,Tank/Pond
798,798,1202,,No,Moderate,Inland,Man-made,,1.0934426365374,,23.671229487,91.9383436107,Tripura,885.960609837643,10934.426365374,Hydrological Layer,SAC N,Tank/Pond
802,802,1101,,No,Moderate,Inland,Natural,,6.65249969679535,,23.7506622899,91.3154745914,Tripura,3376.63283146982,66524.9969679535,Hydrological Layer,SAC N,Lake/Pond
801,801,1202,,No,Moderate,Inland,Man-made,,1.49619589298471,,23.7514671733,91.6272672663,Tripura,1054.65236512281,14961.9589298471,Hydrological Layer,SAC N,Tank/Pond
803,803,1202,,No,Moderate,Inland,Man-made,,1.87357681416039,,23.753359968,91.618587515,Tripura,1260.26364439731,18735.7681416039,Hydrological Layer,SAC N,Tank/Pond
799,799,1202,,No,Moderate,Inland,Man-made,,2.26697329908746,,23.73578399,91.8408967937,Tripura,3048.93234005329,22669.7329908746,Hydrological Layer,SAC N,Tank/Pond
800,800,1202,,No,Moderate,Inland,Man-made,,1.32495632089629,,23.7513352869,91.2905719302,Tripura,901.191172453442,13249.5632089629,Hydrological Layer,SAC N,Tank/Pond
806,806,1202,,No,Moderate,Inland,Man-made,,1.13698517975248,,23.7586082366,91.3959999982,Tripura,1049.33445334668,11369.8517975248,Hydrological Layer,SAC N,Tank/Pond
807,807,1202,,No,Moderate,Inland,Man-made,,1.84457849368994,,23.7577647342,91.5984678627,Tripura,1248.226779546,18445.7849368994,Hydrological Layer,SAC N,Tank/Pond
808,808,1202,,No,Moderate,Inland,Man-made,,1.00089812502331,,23.7616598207,91.5976687509,Tripura,497.163511370275,10008.9812502331,Hydrological Layer,SAC N,Tank/Pond
809,809,1202,,No,Moderate,Inland,Man-made,,2.01069375096926,,23.7620321051,91.247672508,Tripura,903.86493423792,20106.9375096926,Hydrological Layer,SAC N,Tank/Pond
810,810,1202,,No,Moderate,Inland,Man-made,,2.26807030928951,,23.7617516187,91.286390726,Tripura,1413.50302537747,22680.7030928951,Hydrological Layer,SAC N,Tank/Pond
817,817,1202,,No,Moderate,Inland,Man-made,,0.966710965075595,,23.7708860048,91.4932218179,Tripura,846.024795098225,9667.10965075595,Hydrological Layer,SAC N,Tank/Pond
820,820,1202,,No,Moderate,Inland,Man-made,,1.44291884393024,,23.7731539034,91.6627255659,Tripura,1088.81298389049,14429.1884393024,Hydrological Layer,SAC N,Tank/Pond
811,811,1101,,No,Moderate,Inland,Natural,,3.24679454240265,,23.7612042292,91.6146344325,Tripura,2054.30175545422,32467.9454240265,Hydrological Layer,SAC N,Lake/Pond
812,812,1202,,No,Moderate,Inland,Man-made,,1.6887128561753,,23.7653182418,91.5978081485,Tripura,956.135982967868,16887.128561753,Hydrological Layer,SAC N,Tank/Pond
813,813,1101,,No,Moderate,Inland,Natural,,3.49136217192151,,23.7654631867,91.2462910881,Tripura,1641.03816155548,34913.6217192151,Hydrological Layer,SAC N,Lake/Pond
818,818,1202,,No,Moderate,Inland,Man-made,,0.989902505920459,,23.7709619117,91.4831159105,Tripura,608.491431069159,9899.02505920459,Hydrological Layer,SAC N,Tank/Pond
819,819,1101,,No,Moderate,Inland,Natural,,4.39079248262108,,23.7709079947,91.6007358753,Tripura,2079.56811123314,43907.9248262108,Hydrological Layer,SAC N,Lake/Pond
1286,1286,1202,,No,Moderate,Inland,Man-made,,0.325182846363566,,24.3206245095,92.0937634778,Tripura,317.255496714725,3251.82846363566,Hydrological Layer,SAC N,Tank/Pond
814,814,1202,,No,Moderate,Inland,Man-made,,1.22899391426549,,23.7677475149,91.8430368674,Tripura,1420.17662929195,12289.9391426549,Hydrological Layer,SAC N,Tank/Pond
815,815,1202,,No,Moderate,Inland,Man-made,,1.08946748236396,,23.769590765,91.4389638847,Tripura,752.434517079489,10894.6748236396,Hydrological Layer,SAC N,Tank/Pond
1512,1512,1202,,No,Moderate,Inland,Man-made,,0.167800514251645,,24.3620959795,92.0950964646,Tripura,168.55292593081,1678.00514251645,Hydrological Layer,SAC N,Tank/Pond
821,821,1202,,No,Moderate,Inland,Man-made,,2.09107157614206,,23.7739680129,91.596035045,Tripura,1121.30140072166,20910.7157614206,Hydrological Layer,SAC N,Tank/Pond
822,822,1202,,No,Moderate,Inland,Man-made,,1.36897712621232,,23.7741427592,91.6036670614,Tripura,972.146379818194,13689.7712621232,Hydrological Layer,SAC N,Tank/Pond
823,823,1202,,No,Moderate,Inland,Man-made,,1.4782243979192,,23.7747713592,91.2382176733,Tripura,551.925172412026,14782.243979192,Hydrological Layer,SAC N,Tank/Pond
824,824,1202,,No,Moderate,Inland,Man-made,,1.54397845672818,,23.7748693983,91.6289021725,Tripura,1428.23045587519,15439.7845672818,Hydrological Layer,SAC N,Tank/Pond
825,825,1202,,No,Moderate,Inland,Man-made,,1.6333560242112,,23.7765201639,91.2370304088,Tripura,584.097703156918,16333.560242112,Hydrological Layer,SAC N,Tank/Pond
826,826,1202,,No,Moderate,Inland,Man-made,,1.53041016152606,,23.7790295451,91.2363717033,Tripura,647.412053735416,15304.1016152606,Hydrological Layer,SAC N,Tank/Pond
999,999,1202,,No,Moderate,Inland,Man-made,,1.7884318185646,,24.0181536811,91.6550706705,Tripura,767.755815144488,17884.318185646,Hydrological Layer,SAC N,Tank/Pond
827,827,1202,,No,Moderate,Inland,Man-made,,2.54714264891469,,23.7791621555,91.6007126596,Tripura,1918.81454466424,25471.4264891469,Hydrological Layer,SAC N,Tank/Pond
828,828,1202,,No,Moderate,Inland,Man-made,,1.99653430915576,,23.7790959202,91.6710894265,Tripura,1341.26695460703,19965.3430915576,Hydrological Layer,SAC N,Tank/Pond
829,829,1202,,No,Moderate,Inland,Man-made,,1.41693558364294,,23.779882588,91.3932869662,Tripura,1339.06970684359,14169.3558364294,Hydrological Layer,SAC N,Tank/Pond
830,830,1202,,No,Moderate,Inland,Man-made,,1.8203993201921,,23.7786588569,91.6217496576,Tripura,1285.83034133109,18203.993201921,Hydrological Layer,SAC N,Tank/Pond
946,946,1202,,No,Moderate,Inland,Man-made,,1.16837859700578,,23.9151571679,91.5868564494,Tripura,791.61369178137,11683.7859700578,Hydrological Layer,SAC N,Tank/Pond
1944,1944,1202,,No,Moderate,Inland,Man-made,,0.457454199519021,,23.8419394262,91.2592062456,Tripura,271.981874186785,4574.54199519021,Hydrological Layer,SAC N,Tank/Pond
838,838,1202,,No,Moderate,Inland,Man-made,,1.00633917917893,,23.7870121492,91.6058648587,Tripura,821.572153345532,10063.3917917893,Hydrological Layer,SAC N,Tank/Pond
831,831,1202,,No,Moderate,Inland,Man-made,,1.45755412158428,,23.7808777122,91.6042034034,Tripura,985.438130224213,14575.5412158428,Hydrological Layer,SAC N,Tank/Pond
832,832,1202,,No,Moderate,Inland,Man-made,,1.20796027947764,,23.7805204959,91.6690914376,Tripura,784.81899494275,12079.6027947764,Hydrological Layer,SAC N,Tank/Pond
833,833,1202,,No,Moderate,Inland,Man-made,,1.59029210025592,,23.7811894618,91.8554602472,Tripura,1548.41283926157,15902.9210025592,Hydrological Layer,SAC N,Tank/Pond
842,842,1202,,No,Moderate,Inland,Man-made,,2.26784052595004,,23.7877469917,91.6194736245,Tripura,932.662621417359,22678.4052595004,Hydrological Layer,SAC N,Tank/Pond
1530,1530,1202,,No,Moderate,Inland,Man-made,,0.781095660033147,,24.3567950917,92.0590451794,Tripura,445.70694471967,7810.95660033147,Hydrological Layer,SAC N,Tank/Pond
839,839,1101,,No,Moderate,Inland,Natural,,3.12538118988363,,23.7856485129,91.6067726915,Tripura,2299.13568291263,31253.8118988363,Hydrological Layer,SAC N,Lake/Pond
840,840,1202,,No,Moderate,Inland,Man-made,,1.31259681832919,,23.7867667248,91.4174451518,Tripura,685.433774482767,13125.9681832919,Hydrological Layer,SAC N,Tank/Pond
843,843,1101,,No,Moderate,Inland,Natural,,3.67502687916521,,23.7854713844,91.4185719996,Tripura,2096.81643353143,36750.2687916521,Hydrological Layer,SAC N,Lake/Pond
844,844,1202,,No,Moderate,Inland,Man-made,,0.992765640583009,,23.788825336,91.3816059574,Tripura,838.576934299654,9927.65640583009,Hydrological Layer,SAC N,Tank/Pond
845,845,1202,,No,Moderate,Inland,Man-made,,1.31556160906401,,23.7880333984,91.5986258575,Tripura,1029.14094403123,13155.6160906401,Hydrological Layer,SAC N,Tank/Pond
1252,1252,1202,,No,Moderate,Inland,Man-made,,0.291200273514379,,24.3518484049,92.1655545628,Tripura,216.495664179532,2912.00273514379,Hydrological Layer,SAC N,Tank/Pond
834,834,1105,,No,Moderate,Inland,Natural,,3.99422886824649,,23.7146270289,91.1554705414,Tripura,3689.1190059005,39942.2886824649,Hydrological Layer,SAC N,Waterlogged
835,835,1202,,No,Low,Inland,Man-made,,0.291447140897284,,24.3092105412,92.0156472907,Tripura,217.131143956623,2914.47140897284,Hydrological Layer,SAC N,Tank/Pond
836,836,1202,,No,Moderate,Inland,Man-made,,1.07104125305523,,23.7828401742,91.6174557042,Tripura,562.092886372969,10710.4125305523,Hydrological Layer,SAC N,Tank/Pond
1711,1711,1202,,No,Moderate,Inland,Man-made,,0.24062317691818,,24.0569426262,92.0114274734,Tripura,205.739217608563,2406.2317691818,Hydrological Layer,SAC N,Tank/Pond
846,846,1202,,No,Moderate,Inland,Man-made,,1.28179012468097,,23.7891721548,91.6393194269,Tripura,1118.24828742471,12817.9012468097,Hydrological Layer,SAC N,Tank/Pond
852,852,1202,,No,Moderate,Inland,Man-made,,1.73830228909279,,23.7938655822,91.6000815715,Tripura,1278.20511203336,17383.0228909279,Hydrological Layer,SAC N,Tank/Pond
847,847,1101,,No,Moderate,Inland,Natural,,3.31259493887396,,23.7883478005,91.3855132592,Tripura,1800.69818925112,33125.9493887396,Hydrological Layer,SAC N,Lake/Pond
848,848,1202,,No,Moderate,Inland,Man-made,,1.11673196556696,,23.7902483129,91.6057075085,Tripura,862.366253017327,11167.3196556696,Hydrological Layer,SAC N,Tank/Pond
849,849,1202,,No,Moderate,Inland,Man-made,,1.27738350227334,,23.7905478737,91.6020383339,Tripura,844.128996298281,12773.8350227334,Hydrological Layer,SAC N,Tank/Pond
1036,1036,1202,,No,Moderate,Inland,Man-made,,1.14847776753718,,24.0945921557,91.9543106818,Tripura,539.25985050237,11484.7776753718,Hydrological Layer,SAC N,Tank/Pond
851,851,1101,,No,Moderate,Inland,Natural,,2.98231784905704,,23.7924711992,91.5923420975,Tripura,1358.35808193383,29823.1784905704,Hydrological Layer,SAC N,Lake/Pond
853,853,1202,,No,Moderate,Inland,Man-made,,1.22002069120345,,23.7959100147,91.6288132809,Tripura,932.279774196152,12200.2069120345,Hydrological Layer,SAC N,Tank/Pond
855,855,1202,,No,Moderate,Inland,Man-made,,1.91751420396691,,23.7964550531,91.6005071404,Tripura,1752.77453128143,19175.1420396691,Hydrological Layer,SAC N,Tank/Pond
856,856,1202,,No,Moderate,Inland,Man-made,,1.84107442133849,,23.7972946479,91.4926025125,Tripura,1306.50131118393,18410.7442133849,Hydrological Layer,SAC N,Tank/Pond
864,864,1202,,No,Moderate,Inland,Man-made,,1.81701219130895,,23.8098923899,91.6589362941,Tripura,1187.33193199933,18170.1219130895,Hydrological Layer,SAC N,Tank/Pond
857,857,1202,,No,Moderate,Inland,Man-made,,2.69693867212026,,23.7969874259,91.4794244868,Tripura,1374.67082031768,26969.3867212026,Hydrological Layer,SAC N,Tank/Pond
858,858,1202,,No,Moderate,Inland,Man-made,,1.40193310094831,,23.7969151296,91.3794653506,Tripura,1046.22511700845,14019.3310094831,Hydrological Layer,SAC N,Tank/Pond
859,859,1202,,No,Moderate,Inland,Man-made,,2.04887936128371,,23.802369075,91.480483096,Tripura,896.945395470083,20488.7936128371,Hydrological Layer,SAC N,Tank/Pond
947,947,1202,,No,Moderate,Inland,Man-made,,1.67906634422599,,23.9162418084,91.9232154115,Tripura,759.799351850503,16790.6634422599,Hydrological Layer,SAC N,Tank/Pond
860,860,1202,,No,Moderate,Inland,Man-made,,1.82773753998286,,23.8045096844,91.649097529,Tripura,1287.22056273678,18277.3753998286,Hydrological Layer,SAC N,Tank/Pond
865,865,1202,,No,Moderate,Inland,Man-made,,1.07176353486278,,23.8111012631,91.4683967579,Tripura,494.786349878554,10717.6353486278,Hydrological Layer,SAC N,Tank/Pond
866,866,1202,,No,Moderate,Inland,Man-made,,1.09890998989232,,23.8113122294,91.4707426355,Tripura,579.468856929712,10989.0998989232,Hydrological Layer,SAC N,Tank/Pond
867,867,1202,,No,Moderate,Inland,Man-made,,2.12666675922224,,23.8122714455,91.5114556606,Tripura,556.059475070826,21266.6675922224,Hydrological Layer,SAC N,Tank/Pond
861,861,1202,,No,Moderate,Inland,Man-made,,2.83599223062073,,23.8048837418,91.6142106095,Tripura,2833.59997404145,28359.9223062073,Hydrological Layer,SAC N,Tank/Pond
862,862,1202,,No,Moderate,Inland,Man-made,,1.3239661674135,,23.8058891711,91.5856050804,Tripura,1078.46050241504,13239.661674135,Hydrological Layer,SAC N,Tank/Pond
863,863,1202,,No,Moderate,Inland,Man-made,,0.962577477608936,,23.8097924511,91.6134447777,Tripura,756.671907950773,9625.77477608936,Hydrological Layer,SAC N,Tank/Pond
974,974,1202,,No,Moderate,Inland,Man-made,,1.17584039966676,,23.9570921572,91.3425255262,Tripura,740.386527874019,11758.4039966676,Hydrological Layer,SAC N,Tank/Pond
975,975,1202,,No,Moderate,Inland,Man-made,,0.966540088140195,,23.9630060294,92.1684470738,Tripura,497.881838617577,9665.40088140195,Hydrological Layer,SAC N,Tank/Pond
1942,1942,1202,,No,Moderate,Inland,Man-made,,0.402965650604807,,23.8397406762,91.2586346444,Tripura,260.58858556684,4029.65650604807,Hydrological Layer,SAC N,Tank/Pond
1712,1712,1202,,No,Moderate,Inland,Man-made,,0.254154389918045,,24.3159520104,92.1250986758,Tripura,230.846808621162,2541.54389918044,Hydrological Layer,SAC N,Tank/Pond
868,868,1202,,No,Moderate,Inland,Man-made,,1.25520786819732,,23.8128420776,91.6106416732,Tripura,1200.95678121016,12552.0786819732,Hydrological Layer,SAC N,Tank/Pond
869,869,1202,,No,Moderate,Inland,Man-made,,2.33344453014057,,23.81221914,91.560605156,Tripura,2151.29489178331,23334.4453014057,Hydrological Layer,SAC N,Tank/Pond
870,870,1202,,No,Moderate,Inland,Man-made,,1.43060806568721,,23.8137402721,91.6468117156,Tripura,834.073840116861,14306.0806568721,Hydrological Layer,SAC N,Tank/Pond
1513,1513,1202,,No,Moderate,Inland,Man-made,,0.291634915798684,,24.36788787,92.1154808542,Tripura,218.168769891291,2916.34915798684,Hydrological Layer,SAC N,Tank/Pond
871,871,1202,,No,Moderate,Inland,Man-made,,0.987303576983722,,23.8140769664,91.5945602786,Tripura,795.671778332006,9873.03576983722,Hydrological Layer,SAC N,Tank/Pond
895,895,1202,,No,Moderate,Inland,Man-made,,0.985928056638008,,23.8296277645,91.5942010571,Tripura,1004.78919865707,9859.28056638008,Hydrological Layer,SAC N,Tank/Pond
872,872,1101,,No,Moderate,Inland,Natural,,5.12082025743796,,23.8150986635,91.4660554356,Tripura,2414.04285407655,51208.2025743796,Hydrological Layer,SAC N,Lake/Pond
873,873,1202,,No,Moderate,Inland,Man-made,,1.13100285974888,,23.8155653102,91.2962252421,Tripura,528.397779875244,11310.0285974888,Hydrological Layer,SAC N,Tank/Pond
874,874,1101,,No,Moderate,Inland,Natural,,5.04953369537773,,23.8142407954,91.2976136979,Tripura,1841.36366985386,50495.3369537773,Hydrological Layer,SAC N,Lake/Pond
875,875,1202,,No,Moderate,Inland,Man-made,,2.34317154190202,,23.8156708937,91.5978971397,Tripura,1675.39820012381,23431.7154190202,Hydrological Layer,SAC N,Tank/Pond
876,876,1202,,No,Moderate,Inland,Man-made,,2.66273683400172,,23.8153921717,91.2430716292,Tripura,938.929199213738,26627.3683400172,Hydrological Layer,SAC N,Tank/Pond
882,882,1202,,No,Moderate,Inland,Man-made,,1.37369481264847,,23.8196923994,91.6460394083,Tripura,820.657313110759,13736.9481264847,Hydrological Layer,SAC N,Tank/Pond
893,893,1202,,No,Moderate,Inland,Man-made,,1.00946367715835,,23.8278300191,91.5452710728,Tripura,983.987143410197,10094.6367715835,Hydrological Layer,SAC N,Tank/Pond
877,877,1202,,No,Moderate,Inland,Man-made,,2.27792169822142,,23.8164883025,91.5812833226,Tripura,2158.77780631317,22779.2169822142,Hydrological Layer,SAC N,Tank/Pond
878,878,1202,,No,Moderate,Inland,Man-made,,1.17141213774153,,23.8173937066,91.2444296078,Tripura,512.901217365938,11714.1213774153,Hydrological Layer,SAC N,Tank/Pond
879,879,1202,,No,Moderate,Inland,Man-made,,1.3254930597232,,23.8179279645,91.6470105253,Tripura,729.276455439133,13254.930597232,Hydrological Layer,SAC N,Tank/Pond
880,880,1202,,No,Moderate,Inland,Man-made,,1.65930970763475,,23.8179584483,91.5627314579,Tripura,1352.82636939552,16593.0970763475,Hydrological Layer,SAC N,Tank/Pond
881,881,1202,,No,Moderate,Inland,Man-made,,2.65136950806673,,23.8196482356,91.2493291469,Tripura,828.536780194199,26513.6950806673,Hydrological Layer,SAC N,Tank/Pond
5051,5051,1202,,No,Moderate,Inland,Man-made,,0.286380655729863,,23.1583923816,91.6952758941,Tripura,228.276628650064,2863.80655729863,Hydrological Layer,SAC N,Tank/Pond
883,883,1101,,No,Moderate,Inland,Natural,,8.80938140330377,,23.819467829,91.2613469241,Tripura,2199.3080774464,88093.8140330378,Hydrological Layer,SAC N,Lake/Pond
884,884,1202,,No,Moderate,Inland,Man-made,,2.65593616038659,,23.8204612771,91.2529674195,Tripura,988.465079708211,26559.3616038659,Hydrological Layer,SAC N,Tank/Pond
885,885,1101,,No,Moderate,Inland,Natural,,5.72848525038063,,23.8194811305,91.2571883266,Tripura,1837.55913553471,57284.8525038063,Hydrological Layer,SAC N,Lake/Pond
886,886,1202,,No,Moderate,Inland,Man-made,,1.07195891990998,,23.8206551576,91.6853845179,Tripura,952.493210965256,10719.5891990998,Hydrological Layer,SAC N,Tank/Pond
887,887,1202,,No,Moderate,Inland,Man-made,,3.53906777487044,,23.8225409889,91.2557596187,Tripura,974.700357187178,35390.6777487044,Hydrological Layer,SAC N,Tank/Pond
972,972,1202,,No,Moderate,Inland,Man-made,,1.09998730531795,,23.9475151779,91.5834000666,Tripura,862.265262153826,10999.8730531795,Hydrological Layer,SAC N,Tank/Pond
888,888,1202,,No,Moderate,Inland,Man-made,,1.38217414590776,,23.8220079491,91.5594692074,Tripura,1404.68072073395,13821.7414590776,Hydrological Layer,SAC N,Tank/Pond
889,889,1202,,No,Moderate,Inland,Man-made,,1.16850043847069,,23.8241273669,91.4971356154,Tripura,691.674949051549,11685.0043847069,Hydrological Layer,SAC N,Tank/Pond
890,890,1101,,No,Moderate,Inland,Natural,,3.22289513078548,,23.826525351,91.4667475651,Tripura,1532.22033417024,32228.9513078548,Hydrological Layer,SAC N,Lake/Pond
891,891,1101,,No,Moderate,Inland,Natural,,6.96923859952025,,23.826590805,91.2943922904,Tripura,2405.80084801627,69692.3859952025,Hydrological Layer,SAC N,Lake/Pond
892,892,1202,,No,Moderate,Inland,Man-made,,1.43384535527018,,23.8274679806,91.2924024714,Tripura,732.86020820344,14338.4535527018,Hydrological Layer,SAC N,Tank/Pond
993,993,1202,,No,Moderate,Inland,Man-made,,1.26849090810055,,24.0011984199,92.0345621024,Tripura,654.448316772459,12684.9090810055,Hydrological Layer,SAC N,Tank/Pond
898,898,1202,,No,Moderate,Inland,Man-made,,2.04155415137601,,23.8316558118,91.5934818072,Tripura,2033.4550920197,20415.5415137601,Hydrological Layer,SAC N,Tank/Pond
899,899,1202,,No,Moderate,Inland,Man-made,,1.02428388664747,,23.831420754,91.6863879817,Tripura,873.569619564742,10242.8388664747,Hydrological Layer,SAC N,Tank/Pond
900,900,1202,,No,Moderate,Inland,Man-made,,1.09282461027079,,23.8322405345,91.6470631896,Tripura,467.416974346237,10928.2461027079,Hydrological Layer,SAC N,Tank/Pond
901,901,1202,,No,Moderate,Inland,Man-made,,1.5414923995793,,23.8330021045,91.6455778182,Tripura,593.379826383783,15414.923995793,Hydrological Layer,SAC N,Tank/Pond
902,902,1202,,No,Moderate,Inland,Man-made,,1.20275564090801,,23.8336994052,92.0484666252,Tripura,1290.16848033291,12027.5564090801,Hydrological Layer,SAC N,Tank/Pond
1514,1514,1202,,No,Moderate,Inland,Man-made,,0.256026931740046,,24.370741779,92.0869936251,Tripura,226.559673598785,2560.26931740046,Hydrological Layer,SAC N,Tank/Pond
1762,1762,1202,,No,Moderate,Inland,Man-made,,0.364669691495529,,24.1427856732,92.0435343929,Tripura,249.232804354607,3646.69691495529,Hydrological Layer,SAC N,Tank/Pond
903,903,1202,,No,Moderate,Inland,Man-made,,1.17664753840395,,23.8343140808,92.0465511858,Tripura,975.103037777034,11766.4753840395,Hydrological Layer,SAC N,Tank/Pond
904,904,1202,,No,Moderate,Inland,Man-made,,1.64990043295547,,23.8355300771,91.4857957737,Tripura,861.022263161351,16499.0043295547,Hydrological Layer,SAC N,Tank/Pond
905,905,1202,,No,Moderate,Inland,Man-made,,1.0389060694937,,23.8375489391,91.604609692,Tripura,666.56937145747,10389.060694937,Hydrological Layer,SAC N,Tank/Pond
906,906,1202,,No,Moderate,Inland,Man-made,,1.13481290059959,,23.8394750957,91.5926544649,Tripura,946.083950332911,11348.1290059959,Hydrological Layer,SAC N,Tank/Pond
907,907,1202,,No,Moderate,Inland,Man-made,,1.79028950861697,,23.863652082,92.0096137153,Tripura,804.647368739975,17902.8950861697,Hydrological Layer,SAC N,Tank/Pond
908,908,1101,,No,Moderate,Inland,Natural,,3.40151590817346,,23.8637792445,91.6910350554,Tripura,1664.51716335683,34015.1590817346,Hydrological Layer,SAC N,Lake/Pond
923,923,1105,,No,Moderate,Inland,Natural,,0.374549759711031,,23.9122836124,92.0147015632,Tripura,257.876975684286,3745.49759711031,Hydrological Layer,SAC N,Waterlogged
910,910,1101,,No,Moderate,Inland,Natural,,3.25809001895336,,23.8662186509,91.351529108,Tripura,1819.11171771154,32580.9001895336,Hydrological Layer,SAC N,Lake/Pond
911,911,1202,,No,Moderate,Inland,Man-made,,1.35938081574912,,23.8668125295,91.4693640465,Tripura,903.002881034289,13593.8081574912,Hydrological Layer,SAC N,Tank/Pond
912,912,1202,,No,Moderate,Inland,Man-made,,3.10014929768533,,23.8671362714,91.4879361416,Tripura,1468.99227523795,31001.4929768533,Hydrological Layer,SAC N,Tank/Pond
913,913,1202,,No,Moderate,Inland,Man-made,,1.79689207672275,,23.8699317061,91.4667556434,Tripura,1659.09405247123,17968.9207672275,Hydrological Layer,SAC N,Tank/Pond
914,914,1202,,No,Moderate,Inland,Man-made,,1.20242439810321,,23.8705242794,91.6082273738,Tripura,655.44853242102,12024.2439810321,Hydrological Layer,SAC N,Tank/Pond
915,915,1202,,No,Moderate,Inland,Man-made,,2.58683758541341,,23.8725570311,91.8534901245,Tripura,1290.80582725252,25868.3758541341,Hydrological Layer,SAC N,Tank/Pond
916,916,1202,,No,Moderate,Inland,Man-made,,1.12913513210908,,23.875968213,91.3401595694,Tripura,610.692493696332,11291.3513210908,Hydrological Layer,SAC N,Tank/Pond
917,917,1101,,No,Moderate,Inland,Natural,,3.30124746068584,,23.8746414468,91.2835638148,Tripura,1636.31347150895,33012.4746068584,Hydrological Layer,SAC N,Lake/Pond
918,918,1202,,No,Moderate,Inland,Man-made,,1.75548081742468,,23.8239376445,91.2611569868,Tripura,673.445589324988,17554.8081742468,Hydrological Layer,SAC N,Tank/Pond
919,919,1105,,No,Moderate,Inland,Natural,,1.14410367036443,,23.8322134788,91.3999768957,Tripura,522.308641074457,11441.0367036443,Hydrological Layer,SAC N,Waterlogged
920,920,1105,,No,Moderate,Inland,Natural,,2.48783548561748,,23.8503796451,91.4522520151,Tripura,907.981934338452,24878.3548561748,Hydrological Layer,SAC N,Waterlogged
921,921,1105,,No,Moderate,Inland,Natural,,0.494033858557783,,23.8518969168,91.4568460266,Tripura,283.409337374121,4940.33858557783,Hydrological Layer,SAC N,Waterlogged
922,922,1202,,No,Moderate,Inland,Man-made,,0.803519104804469,,23.4350808627,91.274446458,Tripura,391.491546808026,8035.19104804469,Hydrological Layer,SAC N,Tank/Pond
924,924,1202,,No,Moderate,Inland,Man-made,,2.37388668134464,,23.8768844549,91.6136754349,Tripura,1122.88189839876,23738.8668134464,Hydrological Layer,SAC N,Tank/Pond
925,925,1101,,No,Moderate,Inland,Natural,,3.82919811333978,,23.8790962137,91.6020691883,Tripura,2393.64925681462,38291.9811333978,Hydrological Layer,SAC N,Lake/Pond
926,926,1202,,No,Moderate,Inland,Man-made,,1.1973083147499,,23.8813449486,91.5986170578,Tripura,908.880874226045,11973.083147499,Hydrological Layer,SAC N,Tank/Pond
927,927,1202,,No,Moderate,Inland,Man-made,,1.05813471421791,,23.8831186972,91.711605444,Tripura,710.189984899828,10581.3471421791,Hydrological Layer,SAC N,Tank/Pond
928,928,1202,,No,Moderate,Inland,Man-made,,1.34295073131656,,23.8837821013,91.8956065942,Tripura,842.15379888305,13429.5073131656,Hydrological Layer,SAC N,Tank/Pond
929,929,1202,,No,Moderate,Inland,Man-made,,2.30974794976253,,23.8844780564,91.8564584453,Tripura,2691.30752749616,23097.4794976253,Hydrological Layer,SAC N,Tank/Pond
930,930,1202,,No,Moderate,Inland,Man-made,,1.24483140902704,,23.8860678476,91.6047094838,Tripura,896.133615445657,12448.3140902704,Hydrological Layer,SAC N,Tank/Pond
973,973,1202,,No,Moderate,Inland,Man-made,,1.4756517490788,,23.95457867,91.3440546148,Tripura,722.962783155723,14756.517490788,Hydrological Layer,SAC N,Tank/Pond
931,931,1202,,No,Moderate,Inland,Man-made,,0.964035473330313,,23.8864868366,91.8627429908,Tripura,987.05186257049,9640.35473330313,Hydrological Layer,SAC N,Tank/Pond
932,932,1202,,No,Moderate,Inland,Man-made,,1.16315167264808,,23.8923595673,91.5847604607,Tripura,797.099949677276,11631.5167264807,Hydrological Layer,SAC N,Tank/Pond
933,933,1202,,No,Moderate,Inland,Man-made,,1.20858496922299,,23.892867795,91.590314131,Tripura,983.722193837287,12085.8496922299,Hydrological Layer,SAC N,Tank/Pond
934,934,1202,,No,Moderate,Inland,Man-made,,1.18388360920373,,23.8932052809,91.7060776921,Tripura,851.170599692781,11838.8360920373,Hydrological Layer,SAC N,Tank/Pond
935,935,1202,,No,Moderate,Inland,Man-made,,1.59135983260978,,23.8926204869,91.5867351658,Tripura,997.598115061758,15913.5983260978,Hydrological Layer,SAC N,Tank/Pond
2027,2027,1202,,No,Moderate,Inland,Man-made,,0.426569255695351,,23.6564942506,91.2224624048,Tripura,268.288739626583,4265.69255695351,Hydrological Layer,SAC N,Tank/Pond
940,940,1202,,No,Moderate,Inland,Man-made,,1.24268621216913,,23.9075341255,91.9929438491,Tripura,1130.36179298475,12426.8621216913,Hydrological Layer,SAC N,Tank/Pond
941,941,1202,,No,Moderate,Inland,Man-made,,2.39031819733218,,23.9085901101,91.6750285559,Tripura,1676.45091237849,23903.1819733218,Hydrological Layer,SAC N,Tank/Pond
942,942,1101,,No,Moderate,Inland,Natural,,3.38617228038208,,23.9088855741,91.315895359,Tripura,2051.75833655351,33861.7228038208,Hydrological Layer,SAC N,Lake/Pond
943,943,1202,,No,Moderate,Inland,Man-made,,1.05549784142983,,23.9113356888,91.6118566118,Tripura,614.303134479113,10554.9784142983,Hydrological Layer,SAC N,Tank/Pond
944,944,1202,,No,Moderate,Inland,Man-made,,1.66794646035736,,23.9117272485,91.6756637969,Tripura,795.526274392604,16679.4646035736,Hydrological Layer,SAC N,Tank/Pond
945,945,1202,,No,Moderate,Inland,Man-made,,1.23179594837514,,23.9115825426,91.6138090859,Tripura,888.495310388788,12317.9594837514,Hydrological Layer,SAC N,Tank/Pond
2035,2035,1202,,No,Moderate,Inland,Man-made,,0.723264537580306,,23.6574940698,91.2125303129,Tripura,350.547860916367,7232.64537580306,Hydrological Layer,SAC N,Tank/Pond
948,948,1202,,No,Moderate,Inland,Man-made,,1.6144108632626,,23.9168033185,91.7957421212,Tripura,1404.35898443704,16144.108632626,Hydrological Layer,SAC N,Tank/Pond
949,949,1101,,No,Moderate,Inland,Natural,,7.24496676194499,,23.9158370724,91.914470488,Tripura,2514.76114300162,72449.6676194499,Hydrological Layer,SAC N,Lake/Pond
950,950,1202,,No,Moderate,Inland,Man-made,,1.6427115931527,,23.9181164139,91.7995865853,Tripura,1013.97772554769,16427.115931527,Hydrological Layer,SAC N,Tank/Pond
951,951,1202,,No,Moderate,Inland,Man-made,,1.56418584245353,,23.9179068761,91.9019565499,Tripura,1144.2957549146,15641.8584245353,Hydrological Layer,SAC N,Tank/Pond
969,969,1105,,No,Moderate,Inland,Natural,,0.550732783391253,,23.9229891832,92.0141931496,Tripura,425.280905743222,5507.32783391253,Hydrological Layer,SAC N,Waterlogged
952,952,1202,,No,Moderate,Inland,Man-made,,2.140889988049,,23.9216378072,91.6087830624,Tripura,1191.29098703472,21408.89988049,Hydrological Layer,SAC N,Tank/Pond
953,953,1202,,No,Moderate,Inland,Man-made,,0.981964922113491,,23.9224588142,91.6555473876,Tripura,492.093041293418,9819.64922113491,Hydrological Layer,SAC N,Tank/Pond
954,954,1202,,No,Moderate,Inland,Man-made,,1.78177420684511,,23.9231830301,91.6969251612,Tripura,1374.61250052769,17817.7420684511,Hydrological Layer,SAC N,Tank/Pond
956,956,1202,,No,Moderate,Inland,Man-made,,1.4210224165037,,23.9241200729,91.5838458451,Tripura,999.168941014315,14210.224165037,Hydrological Layer,SAC N,Tank/Pond
957,957,1101,,No,Moderate,Inland,Natural,,3.64912436858166,,23.9237180329,91.6568505491,Tripura,1954.65184823618,36491.2436858166,Hydrological Layer,SAC N,Lake/Pond
980,980,1202,,No,Moderate,Inland,Man-made,,1.24548109249383,,23.9829193721,91.567414891,Tripura,576.351863829008,12454.8109249383,Hydrological Layer,SAC N,Tank/Pond
958,958,1202,,No,Moderate,Inland,Man-made,,1.35981947189373,,23.9244601181,91.6538413168,Tripura,1027.3011380176,13598.1947189373,Hydrological Layer,SAC N,Tank/Pond
959,959,1202,,No,Moderate,Inland,Man-made,,1.1282086625235,,23.9248688648,91.6886412123,Tripura,971.967667376195,11282.086625235,Hydrological Layer,SAC N,Tank/Pond
960,960,1202,,No,Moderate,Inland,Man-made,,1.56441440036395,,23.9244565807,91.6951448063,Tripura,1142.81685928814,15644.1440036395,Hydrological Layer,SAC N,Tank/Pond
961,961,1202,,No,Moderate,Inland,Man-made,,1.11170264621225,,23.9256434004,91.4333385059,Tripura,1075.44324870447,11117.0264621225,Hydrological Layer,SAC N,Tank/Pond
968,968,1202,,No,Moderate,Inland,Man-made,,1.10098774373698,,23.9418686745,91.7088713124,Tripura,893.915492769288,11009.8774373698,Hydrological Layer,SAC N,Tank/Pond
2026,2026,1202,,No,Moderate,Inland,Man-made,,0.25791292752434,,23.6561660828,91.2093722033,Tripura,204.524918612347,2579.1292752434,Hydrological Layer,SAC N,Tank/Pond
955,955,1101,,No,Moderate,Inland,Natural,,7.99163036065471,,23.9214456197,91.7956777017,Tripura,5826.00415659652,79916.3036065471,Hydrological Layer,SAC N,Lake/Pond
962,962,1101,,No,Moderate,Inland,Natural,,2.96134745084202,,23.9254879195,91.6738394538,Tripura,2447.23986569778,29613.4745084202,Hydrological Layer,SAC N,Lake/Pond
1945,1945,1202,,No,Low,Inland,Man-made,,0.367081843365648,,23.8165014671,91.2850586522,Tripura,263.93031927222,3670.81843365648,Hydrological Layer,SAC N,Tank/Pond
964,964,1101,,No,Moderate,Inland,Natural,,4.68609908890574,,23.9318764788,92.0044900492,Tripura,1948.84617959861,46860.9908890574,Hydrological Layer,SAC N,Lake/Pond
965,965,1202,,No,Moderate,Inland,Man-made,,2.40935174466587,,23.936495872,91.8872516352,Tripura,1487.03085167148,24093.5174466587,Hydrological Layer,SAC N,Tank/Pond
966,966,1202,,No,Moderate,Inland,Man-made,,2.29627409956086,,23.9376310311,91.6728589849,Tripura,729.6604232921,22962.7409956086,Hydrological Layer,SAC N,Tank/Pond
1969,1969,1202,,Yes,High,Inland,Man-made,,0.489582622737269,,23.5095362578,91.3242533755,Tripura,343.4894766083,4895.8262273727,Hydrological Layer,SAC N,Tank/Pond
970,970,1105,,No,Moderate,Inland,Natural,,2.95928315799469,,23.9388485094,92.0175476345,Tripura,1261.0793212301,29592.8315799469,Hydrological Layer,SAC N,Waterlogged
971,971,1202,,No,Moderate,Inland,Man-made,,1.08553428158702,,23.9460655198,92.036925673,Tripura,439.659299561901,10855.3428158702,Hydrological Layer,SAC N,Tank/Pond
976,976,1202,,No,Moderate,Inland,Man-made,,1.38670567372256,,23.964898397,91.7999885618,Tripura,1089.88138286687,13867.0567372256,Hydrological Layer,SAC N,Tank/Pond
977,977,1202,,No,Moderate,Inland,Man-made,,1.81754515495,,23.9691546383,91.7046234388,Tripura,852.086622518696,18175.4515495,Hydrological Layer,SAC N,Tank/Pond
978,978,1202,,No,Moderate,Inland,Man-made,,1.25001948329022,,23.9783824853,91.7126842716,Tripura,1033.12487588902,12500.1948329022,Hydrological Layer,SAC N,Tank/Pond
979,979,1202,,No,Moderate,Inland,Man-made,,2.14135423787304,,23.9797810213,91.6012026063,Tripura,1266.81052759627,21413.5423787304,Hydrological Layer,SAC N,Tank/Pond
967,967,1101,,No,Moderate,Inland,Natural,,5.38395706329692,,23.9389590738,91.8075520015,Tripura,4492.13655161551,53839.5706329692,Hydrological Layer,SAC N,Lake/Pond
1314,1314,1202,,Yes,High,Inland,Man-made,,0.516065286292523,,24.3395632228,92.1237616499,Tripura,514.514683627448,5160.65286292523,Hydrological Layer,SAC N,Tank/Pond
981,981,1202,,No,Moderate,Inland,Man-made,,1.01852559556748,,23.9853194249,91.689634079,Tripura,805.509754069509,10185.2559556748,Hydrological Layer,SAC N,Tank/Pond
1349,1349,1202,,Yes,High,Inland,Man-made,,0.289424524401002,,24.3422037198,92.1353542288,Tripura,256.241177138108,2894.24524401002,Hydrological Layer,SAC N,Tank/Pond
982,982,1202,,No,Moderate,Inland,Man-made,,3.32511279610964,,23.9874339068,91.6122327586,Tripura,1876.96577801547,33251.1279610964,Hydrological Layer,SAC N,Tank/Pond
983,983,1202,,No,Moderate,Inland,Man-made,,1.20730422629938,,23.9909456172,91.6108320209,Tripura,698.889853147602,12073.0422629938,Hydrological Layer,SAC N,Tank/Pond
984,984,1202,,No,Moderate,Inland,Man-made,,0.981730966809179,,23.9919080651,91.5959335138,Tripura,664.709061139848,9817.30966809179,Hydrological Layer,SAC N,Tank/Pond
985,985,1202,,No,Moderate,Inland,Man-made,,1.88268860900283,,23.9954869534,91.6268387688,Tripura,1321.09989261667,18826.8860900283,Hydrological Layer,SAC N,Tank/Pond
991,991,1202,,No,Moderate,Inland,Man-made,,1.30062177781165,,24.0009951397,91.9911986304,Tripura,850.838357304059,13006.2177781165,Hydrological Layer,SAC N,Tank/Pond
986,986,1202,,No,Moderate,Inland,Man-made,,1.70977939229936,,23.9963151872,91.596584239,Tripura,1240.69179938257,17097.7939229936,Hydrological Layer,SAC N,Tank/Pond
994,994,1202,,No,Moderate,Inland,Man-made,,1.66705527842152,,24.0037272351,91.4617741897,Tripura,1075.70439728066,16670.5527842152,Hydrological Layer,SAC N,Tank/Pond
987,987,1202,,No,Moderate,Inland,Man-made,,1.73255256901282,,23.9978687325,91.4090817987,Tripura,930.924802184775,17325.5256901282,Hydrological Layer,SAC N,Tank/Pond
988,988,1202,,No,Moderate,Inland,Man-made,,2.51270890885694,,23.9974568048,91.610839916,Tripura,1366.58789047836,25127.0890885694,Hydrological Layer,SAC N,Tank/Pond
989,989,1202,,No,Moderate,Inland,Man-made,,1.733147413105,,23.9991467034,91.6101514215,Tripura,1106.89425081486,17331.47413105,Hydrological Layer,SAC N,Tank/Pond
990,990,1202,,No,Moderate,Inland,Man-made,,1.37063717158387,,23.9999603524,91.6088162414,Tripura,909.843813823526,13706.3717158387,Hydrological Layer,SAC N,Tank/Pond
1557,1557,1202,,No,Moderate,Inland,Man-made,,0.188885689197541,,24.3421155499,92.0538969709,Tripura,188.630866658758,1888.85689197541,Hydrological Layer,SAC N,Tank/Pond
992,992,1202,,No,Moderate,Inland,Man-made,,2.85473239150886,,24.0002181863,91.3794729145,Tripura,1924.64027270021,28547.3239150886,Hydrological Layer,SAC N,Tank/Pond
1350,1350,1202,,No,Moderate,Inland,Man-made,,0.250279991400777,,24.3967084741,92.165226895,Tripura,200.572407075447,2502.79991400777,Hydrological Layer,SAC N,Tank/Pond
995,995,1202,,No,Moderate,Inland,Man-made,,1.22214513749238,,24.0083759495,91.6417605682,Tripura,689.430162144891,12221.4513749238,Hydrological Layer,SAC N,Tank/Pond
996,996,1202,,No,Moderate,Inland,Man-made,,1.5232023882777,,24.0143476689,91.6730570486,Tripura,1084.71366928368,15232.023882777,Hydrological Layer,SAC N,Tank/Pond
997,997,1202,,No,Moderate,Inland,Man-made,,1.57329791260072,,24.0157536497,91.6731522896,Tripura,660.670231190388,15732.9791260072,Hydrological Layer,SAC N,Tank/Pond
998,998,1202,,No,Moderate,Inland,Man-made,,1.37484190212546,,24.0175324877,91.4177141216,Tripura,675.551010857778,13748.4190212546,Hydrological Layer,SAC N,Tank/Pond
1558,1558,1202,,No,Moderate,Inland,Man-made,,0.215388707791256,,24.3431888085,92.0566567327,Tripura,188.203690782404,2153.88707791256,Hydrological Layer,SAC N,Tank/Pond
5052,5052,1202,,No,Moderate,Inland,Man-made,,0.212218225998426,,23.155959865,91.6899343612,Tripura,217.37898403874,2122.18225998426,Hydrological Layer,SAC N,Tank/Pond
1000,1000,1202,,No,Moderate,Inland,Man-made,,1.1981466638703,,24.0209296464,91.9522627313,Tripura,528.429009137268,11981.466638703,Hydrological Layer,SAC N,Tank/Pond
1005,1005,1202,,No,Moderate,Inland,Man-made,,1.45106801265114,,24.0319684211,91.8474151144,Tripura,719.190714179572,14510.6801265114,Hydrological Layer,SAC N,Tank/Pond
1351,1351,1202,,No,Moderate,Inland,Man-made,,0.461790129200097,,24.4001825776,92.1659854694,Tripura,314.268046810642,4617.90129200097,Hydrological Layer,SAC N,Tank/Pond
1352,1352,1202,,No,Moderate,Inland,Man-made,,0.345576339310742,,23.2431252234,91.3229967784,Tripura,246.292342825698,3455.76339310742,Hydrological Layer,SAC N,Tank/Pond
1001,1001,1202,,No,Moderate,Inland,Man-made,,1.55920086263297,,24.0224871818,91.649231388,Tripura,1109.21069639303,15592.0086263297,Hydrological Layer,SAC N,Tank/Pond
1002,1002,1102,,No,Moderate,Inland,Natural,,5.3121537092842,,24.0232919681,91.6176334255,Tripura,1798.2180993638,53121.537092842,Hydrological Layer,SAC N,Ox-bow lake/cut-off meander
1003,1003,1202,,No,Moderate,Inland,Man-made,,1.50714752140927,,24.0243907388,91.5669417807,Tripura,1016.88259566852,15071.4752140927,Hydrological Layer,SAC N,Tank/Pond
1004,1004,1202,,No,Moderate,Inland,Man-made,,1.00707817133386,,24.0279516096,91.6655943528,Tripura,919.068419845932,10070.7817133386,Hydrological Layer,SAC N,Tank/Pond
1353,1353,1202,,No,Moderate,Inland,Man-made,,0.44541838123854,,24.3516177878,92.1315187581,Tripura,335.352117894985,4454.1838123854,Hydrological Layer,SAC N,Tank/Pond
1354,1354,1202,,No,Moderate,Inland,Man-made,,0.149478681895307,,24.4135068476,92.1849691176,Tripura,156.099101211263,1494.78681895307,Hydrological Layer,SAC N,Tank/Pond
1006,1006,1202,,No,Moderate,Inland,Man-made,,1.42233713103156,,24.0358517893,91.5711026314,Tripura,915.512153928776,14223.3713103156,Hydrological Layer,SAC N,Tank/Pond
1007,1007,1202,,No,Moderate,Inland,Man-made,,0.991408839521353,,24.0367986627,91.8289085498,Tripura,494.491159993314,9914.08839521353,Hydrological Layer,SAC N,Tank/Pond
1008,1008,1202,,No,Moderate,Inland,Man-made,,1.07378774425181,,24.0387710443,91.5731362286,Tripura,772.19023655427,10737.8774425181,Hydrological Layer,SAC N,Tank/Pond
1009,1009,1202,,No,Moderate,Inland,Man-made,,1.0402531897362,,24.0402166102,91.6338760152,Tripura,870.938023355454,10402.531897362,Hydrological Layer,SAC N,Tank/Pond
1010,1010,1105,,Yes,Moderate,Inland,Natural,,2.62129288358044,,24.0473987296,92.1912537556,Tripura,1695.25978547639,26212.9288358044,Hydrological Layer,SAC N,Waterlogged
1011,1011,1202,,No,Moderate,Inland,Man-made,,1.1372531567474,,24.0522786818,91.9598101255,Tripura,440.333646731515,11372.531567474,Hydrological Layer,SAC N,Tank/Pond
1012,1012,1202,,No,Moderate,Inland,Man-made,,1.98213796665347,,24.0528419344,91.836914184,Tripura,967.17397456015,19821.3796665347,Hydrological Layer,SAC N,Tank/Pond
1355,1355,1202,,No,Moderate,Inland,Man-made,,0.271752026338531,,24.4163158384,92.166998575,Tripura,213.159923761911,2717.52026338531,Hydrological Layer,SAC N,Tank/Pond
1014,1014,1202,,No,Moderate,Inland,Man-made,,1.51933925824152,,24.0552802588,91.6909069067,Tripura,731.25826789142,15193.3925824152,Hydrological Layer,SAC N,Tank/Pond
1015,1015,1202,,No,Moderate,Inland,Man-made,,1.0584813862848,,24.0558687927,91.5865229205,Tripura,397.265301098477,10584.813862848,Hydrological Layer,SAC N,Tank/Pond
1016,1016,1202,,No,Moderate,Inland,Man-made,,0.987128859554545,,24.0557988695,91.6352105154,Tripura,809.635359296105,9871.28859554545,Hydrological Layer,SAC N,Tank/Pond
1030,1030,1202,,No,Moderate,Inland,Man-made,,1.05431426922026,,24.0906534285,91.7941515372,Tripura,718.290378954701,10543.1426922026,Hydrological Layer,SAC N,Tank/Pond
1569,1569,1202,,No,Moderate,Inland,Man-made,,0.191578016160551,,24.3355720479,92.0539299036,Tripura,175.660734020964,1915.78016160551,Hydrological Layer,SAC N,Tank/Pond
1017,1017,1202,,No,Moderate,Inland,Man-made,,1.09492209194522,,24.0558733069,91.8104637581,Tripura,1095.89929680998,10949.2209194522,Hydrological Layer,SAC N,Tank/Pond
1018,1018,1101,,No,Moderate,Inland,Natural,,4.89065814597104,,24.0613329817,91.3983789631,Tripura,1851.87186076936,48906.5814597104,Hydrological Layer,SAC N,Lake/Pond
1019,1019,1202,,No,Moderate,Inland,Man-made,,1.22266967263971,,24.0640580281,91.6978883802,Tripura,1097.2460010602,12226.6967263971,Hydrological Layer,SAC N,Tank/Pond
1020,1020,1202,,No,Moderate,Inland,Man-made,,1.18824240179111,,24.0641471411,91.9577699283,Tripura,567.451598415095,11882.4240179111,Hydrological Layer,SAC N,Tank/Pond
1356,1356,1202,,No,Moderate,Inland,Man-made,,0.251061092289268,,24.4168418492,92.1827421731,Tripura,204.510836714948,2510.61092289268,Hydrological Layer,SAC N,Tank/Pond
1021,1021,1202,,No,Moderate,Inland,Man-made,,1.87295584009282,,24.0646613024,91.7236202221,Tripura,894.7040089247,18729.5584009282,Hydrological Layer,SAC N,Tank/Pond
1037,1037,1101,,No,Moderate,Inland,Natural,,3.39342868753026,,24.0944732645,91.9380398363,Tripura,1539.54136553549,33934.2868753026,Hydrological Layer,SAC N,Lake/Pond
1022,1022,1202,,No,Moderate,Inland,Man-made,,2.07590543818168,,24.0847609805,91.6559093875,Tripura,1537.05998895939,20759.0543818167,Hydrological Layer,SAC N,Tank/Pond
1023,1023,1202,,No,Moderate,Inland,Man-made,,1.50098977818276,,24.0855965189,91.934155944,Tripura,741.750197389627,15009.8977818276,Hydrological Layer,SAC N,Tank/Pond
1024,1024,1202,,No,Moderate,Inland,Man-made,,1.04254032019012,,24.0878892911,91.9467757376,Tripura,692.097337116553,10425.4032019012,Hydrological Layer,SAC N,Tank/Pond
1025,1025,1202,,No,Moderate,Inland,Man-made,,1.14782999192149,,24.08819174,92.2354507157,Tripura,877.826174418406,11478.2999192149,Hydrological Layer,SAC N,Tank/Pond
1251,1251,1202,,No,Moderate,Inland,Man-made,,1.2969206979667,,24.3197736878,92.1381105867,Tripura,711.676932407351,12969.206979667,Hydrological Layer,SAC N,Tank/Pond
1256,1256,1202,,No,Moderate,Inland,Man-made,,0.363341647831802,,24.3530443909,92.1517165426,Tripura,286.213322309403,3633.41647831802,Hydrological Layer,SAC N,Tank/Pond
1782,1782,1202,,No,Moderate,Inland,Man-made,,0.13558192115172,,24.1441741995,92.0409728352,Tripura,175.711063306871,1355.8192115172,Hydrological Layer,SAC N,Tank/Pond
1026,1026,1202,,No,Moderate,Inland,Man-made,,0.997096954861195,,24.0888436104,91.6783792855,Tripura,1290.94339606475,9970.96954861195,Hydrological Layer,SAC N,Tank/Pond
1027,1027,1202,,No,Moderate,Inland,Man-made,,1.10623383722963,,24.089779845,91.6502178505,Tripura,886.098671498975,11062.3383722963,Hydrological Layer,SAC N,Tank/Pond
1028,1028,1202,,No,Moderate,Inland,Man-made,,1.15887385962619,,24.090492159,91.7168116843,Tripura,520.798230179996,11588.7385962619,Hydrological Layer,SAC N,Tank/Pond
1029,1029,1202,,No,Moderate,Inland,Man-made,,2.71253380220986,,24.0893830558,91.6664976219,Tripura,1937.74314911309,27125.3380220986,Hydrological Layer,SAC N,Tank/Pond
1031,1031,1202,,No,Moderate,Inland,Man-made,,0.991087091831048,,24.0906351617,91.6517968972,Tripura,821.77710959444,9910.87091831048,Hydrological Layer,SAC N,Tank/Pond
1032,1032,1202,,No,Moderate,Inland,Man-made,,1.10545029837027,,24.090428853,91.9533333373,Tripura,773.944754520989,11054.5029837027,Hydrological Layer,SAC N,Tank/Pond
1033,1033,1202,,No,Moderate,Inland,Man-made,,1.02610799301636,,24.0920055585,91.9583198356,Tripura,504.603876809875,10261.0799301636,Hydrological Layer,SAC N,Tank/Pond
1034,1034,1202,,No,Moderate,Inland,Man-made,,1.62351456271896,,24.0922516723,91.6675556518,Tripura,1760.18377753028,16235.1456271896,Hydrological Layer,SAC N,Tank/Pond
1035,1035,1202,,No,Moderate,Inland,Man-made,,1.14656616689506,,24.0939406461,91.7778285396,Tripura,624.621399263836,11465.6616689506,Hydrological Layer,SAC N,Tank/Pond
1253,1253,1202,,No,Moderate,Inland,Man-made,,1.87957738296698,,24.369890596,92.1681264501,Tripura,572.824877861976,18795.7738296698,Hydrological Layer,SAC N,Tank/Pond
1257,1257,1202,,No,Moderate,Inland,Man-made,,0.32348282296246,,24.3561890427,92.1424435626,Tripura,242.68279729119,3234.8282296246,Hydrological Layer,SAC N,Tank/Pond
1570,1570,1202,,Yes,High,Inland,Man-made,,0.20579754531879,,24.3327100007,92.0523550852,Tripura,208.177243433619,2057.9754531879,Hydrological Layer,SAC N,Tank/Pond
1038,1038,1202,,No,Moderate,Inland,Man-made,,1.65016300552011,,24.1211192721,91.6732380322,Tripura,1139.08987414848,16501.6300552011,Hydrological Layer,SAC N,Tank/Pond
1039,1039,1202,,No,Moderate,Inland,Man-made,,1.35741127617795,,24.1229124373,91.7753555512,Tripura,982.461694773584,13574.1127617795,Hydrological Layer,SAC N,Tank/Pond
1040,1040,1202,,No,Moderate,Inland,Man-made,,1.94014021502937,,24.1241719359,91.7105452633,Tripura,1075.21901929098,19401.4021502937,Hydrological Layer,SAC N,Tank/Pond
1041,1041,1202,,No,Moderate,Inland,Man-made,,2.55960278398486,,24.1237499565,91.9541374639,Tripura,1743.63790405086,25596.0278398486,Hydrological Layer,SAC N,Tank/Pond
1254,1254,1202,,No,Moderate,Inland,Man-made,,0.291533610211825,,24.3520423198,92.1647935095,Tripura,219.834576726836,2915.33610211825,Hydrological Layer,SAC N,Tank/Pond
1258,1258,1202,,No,Moderate,Inland,Man-made,,0.270901775529359,,24.3575511595,92.1432312545,Tripura,212.753415243995,2709.01775529359,Hydrological Layer,SAC N,Tank/Pond
1108,1108,1202,,No,Moderate,Inland,Man-made,,1.41696235027455,,24.2109919673,91.6539736143,Tripura,721.551770711634,14169.6235027455,Hydrological Layer,SAC N,Tank/Pond
1042,1042,1101,,No,Moderate,Inland,Natural,,10.2086527756394,,24.0935130062,91.9468377297,Tripura,4634.06917493634,102086.527756394,Hydrological Layer,SAC N,Lake/Pond
1043,1043,1202,,No,Moderate,Inland,Man-made,,1.47500923066139,,24.098462093,91.39199123,Tripura,590.619118249529,14750.0923066139,Hydrological Layer,SAC N,Tank/Pond
1044,1044,1202,,No,Moderate,Inland,Man-made,,1.07258279626825,,24.0984979047,91.6622642316,Tripura,775.546456673498,10725.8279626825,Hydrological Layer,SAC N,Tank/Pond
1255,1255,1202,,No,Moderate,Inland,Man-made,,0.476257300153449,,24.3564399514,92.1535284912,Tripura,336.154867887867,4762.57300153449,Hydrological Layer,SAC N,Tank/Pond
1045,1045,1202,,No,Moderate,Inland,Man-made,,1.84056638802372,,24.0975638005,91.6825768809,Tripura,1673.88578678824,18405.6638802372,Hydrological Layer,SAC N,Tank/Pond
1046,1046,1202,,No,Moderate,Inland,Man-made,,1.19216277894858,,24.0994114151,91.6718112783,Tripura,964.555185585041,11921.6277894858,Hydrological Layer,SAC N,Tank/Pond
1047,1047,1202,,No,Moderate,Inland,Man-made,,0.989816393260491,,24.0996013195,91.7907362493,Tripura,623.367997765946,9898.16393260491,Hydrological Layer,SAC N,Tank/Pond
1048,1048,1202,,No,Moderate,Inland,Man-made,,1.40084071893767,,24.0997493056,91.6759565931,Tripura,935.883527823678,14008.4071893767,Hydrological Layer,SAC N,Tank/Pond
1049,1049,1202,,No,Moderate,Inland,Man-made,,1.22669215675604,,24.1003687995,91.7872182605,Tripura,792.745899801522,12266.9215675604,Hydrological Layer,SAC N,Tank/Pond
1062,1062,1101,,No,Moderate,Inland,Natural,,3.24848305516914,,24.1151851033,91.7104444367,Tripura,1608.44154469185,32484.8305516914,Hydrological Layer,SAC N,Lake/Pond
1050,1050,1202,,No,Moderate,Inland,Man-made,,0.925027603119097,,24.1011716821,92.3220419814,Tripura,1050.70954300568,9250.27603119097,Hydrological Layer,SAC N,Tank/Pond
1051,1051,1202,,No,Moderate,Inland,Man-made,,1.20521513490804,,24.1024321704,91.6788127,Tripura,820.674328607109,12052.1513490804,Hydrological Layer,SAC N,Tank/Pond
1052,1052,1202,,No,Moderate,Inland,Man-made,,1.37029532167331,,24.1072502562,91.6578282397,Tripura,787.873718704434,13702.9532167331,Hydrological Layer,SAC N,Tank/Pond
1053,1053,1202,,No,Moderate,Inland,Man-made,,2.42144333799352,,24.1073419719,91.6508128609,Tripura,1214.14583500977,24214.4333799352,Hydrological Layer,SAC N,Tank/Pond
1054,1054,1202,,No,Moderate,Inland,Man-made,,1.5140604082099,,24.1110336011,91.664229778,Tripura,1010.25244725963,15140.604082099,Hydrological Layer,SAC N,Tank/Pond
1055,1055,1202,,No,Moderate,Inland,Man-made,,0.962549037262268,,24.1116503826,91.6416647551,Tripura,884.922168909905,9625.49037262268,Hydrological Layer,SAC N,Tank/Pond
1056,1056,1202,,No,Moderate,Inland,Man-made,,2.36742253880978,,24.1121857337,91.6822000197,Tripura,1701.69906739297,23674.2253880978,Hydrological Layer,SAC N,Tank/Pond
1057,1057,1202,,No,Moderate,Inland,Man-made,,1.11307653491529,,24.1132270542,91.672786607,Tripura,851.236614325604,11130.7653491529,Hydrological Layer,SAC N,Tank/Pond
1058,1058,1202,,No,Moderate,Inland,Man-made,,1.20945939023324,,24.1135302289,91.6571786226,Tripura,899.860500712779,12094.5939023324,Hydrological Layer,SAC N,Tank/Pond
1059,1059,1202,,No,Moderate,Inland,Man-made,,1.03654939760701,,24.1138288268,91.6999004406,Tripura,660.719867790777,10365.4939760701,Hydrological Layer,SAC N,Tank/Pond
1060,1060,1202,,No,Moderate,Inland,Man-made,,0.118702861396392,,24.1135605149,92.3249609527,Tripura,156.287648134051,1187.02861396392,Hydrological Layer,SAC N,Tank/Pond
1061,1061,1202,,No,Moderate,Inland,Man-made,,1.66265148910697,,24.1156878955,91.6714914129,Tripura,1285.28586312974,16626.5148910697,Hydrological Layer,SAC N,Tank/Pond
1571,1571,1202,,Yes,High,Inland,Man-made,,0.652055147421288,,24.3334474761,92.049884273,Tripura,380.251955780085,6520.55147421288,Hydrological Layer,SAC N,Tank/Pond
1063,1063,1202,,No,Moderate,Inland,Man-made,,2.65284062229157,,24.117238442,91.6673586968,Tripura,2007.3691352275,26528.4062229157,Hydrological Layer,SAC N,Tank/Pond
1064,1064,1202,,No,Moderate,Inland,Man-made,,2.34968881235148,,24.1194778758,91.667908183,Tripura,1200.34747344642,23496.8881235148,Hydrological Layer,SAC N,Tank/Pond
1065,1065,1101,,No,Moderate,Inland,Natural,,3.21407026034731,,24.1195285693,91.9539523504,Tripura,2140.66273535766,32140.7026034731,Hydrological Layer,SAC N,Lake/Pond
1066,1066,1202,,No,Moderate,Inland,Man-made,,1.18127242893293,,24.1210248292,91.7857843299,Tripura,715.939551397959,11812.7242893293,Hydrological Layer,SAC N,Tank/Pond
1110,1110,1202,,No,Moderate,Inland,Man-made,,0.916637325158128,,24.2134643069,92.2930221342,Tripura,472.433291205446,9166.37325158128,Hydrological Layer,SAC N,Tank/Pond
1077,1077,1202,,No,Moderate,Inland,Man-made,,1.14813684400345,,24.1342832018,91.687349226,Tripura,723.878150512121,11481.3684400345,Hydrological Layer,SAC N,Tank/Pond
1067,1067,1202,,No,Moderate,Inland,Man-made,,1.31237423765347,,24.121287468,91.7879097898,Tripura,781.095912852279,13123.7423765347,Hydrological Layer,SAC N,Tank/Pond
1068,1068,1202,,No,Moderate,Inland,Man-made,,1.61292783180324,,24.128208515,91.6924813617,Tripura,1484.31443671135,16129.2783180324,Hydrological Layer,SAC N,Tank/Pond
1069,1069,1202,,No,Moderate,Inland,Man-made,,0.977717859027206,,24.1299037312,91.641237087,Tripura,714.863127707392,9777.17859027206,Hydrological Layer,SAC N,Tank/Pond
1070,1070,1202,,No,Moderate,Inland,Man-made,,1.23178232859974,,24.1298396092,91.6898531327,Tripura,1286.9632421275,12317.8232859974,Hydrological Layer,SAC N,Tank/Pond
1074,1074,1202,,No,Moderate,Inland,Man-made,,1.39088412519022,,24.1324641076,91.6789671044,Tripura,1357.20780997567,13908.8412519022,Hydrological Layer,SAC N,Tank/Pond
1071,1071,1202,,No,Moderate,Inland,Man-made,,1.68405652086529,,24.1311415128,91.7828077685,Tripura,1399.92425573384,16840.5652086529,Hydrological Layer,SAC N,Tank/Pond
1139,1139,1202,,No,Moderate,Inland,Man-made,,1.15692650442569,,23.7510904622,91.6015657748,Tripura,674.696005042331,11569.2650442569,Hydrological Layer,SAC N,Tank/Pond
1072,1072,1101,,No,Moderate,Inland,Natural,,2.93396848236487,,24.131047775,91.7914577108,Tripura,1688.06561088696,29339.6848236487,Hydrological Layer,SAC N,Lake/Pond
1073,1073,1202,,No,Moderate,Inland,Man-made,,1.40851525423723,,24.1318306123,91.7315197008,Tripura,1169.89671935089,14085.1525423723,Hydrological Layer,SAC N,Tank/Pond
1075,1075,1202,,No,Moderate,Inland,Man-made,,0.97996773075178,,24.1332844217,91.7114066119,Tripura,464.740275763462,9799.6773075178,Hydrological Layer,SAC N,Tank/Pond
1113,1113,1202,,No,Moderate,Inland,Man-made,,2.59498711050028,,24.2177186793,92.2573684805,Tripura,634.938876826008,25949.8711050028,Hydrological Layer,SAC N,Tank/Pond
1076,1076,1202,,No,Moderate,Inland,Man-made,,1.69248013566449,,24.1337433083,91.6987753371,Tripura,1350.35845629153,16924.8013566449,Hydrological Layer,SAC N,Tank/Pond
1140,1140,1202,,No,Moderate,Inland,Man-made,,1.25939269761412,,23.7409991149,91.6117017464,Tripura,424.668040876127,12593.9269761412,Hydrological Layer,SAC N,Tank/Pond
1141,1141,1202,,No,Moderate,Inland,Man-made,,1.49415296523273,,23.7478100229,91.61065213,Tripura,487.24593322351,14941.5296523273,Hydrological Layer,SAC N,Tank/Pond
1078,1078,1202,,No,Moderate,Inland,Man-made,,0.975391389169945,,24.1347747476,91.6411805109,Tripura,737.788556581582,9753.91389169945,Hydrological Layer,SAC N,Tank/Pond
1079,1079,1202,,No,Moderate,Inland,Man-made,,1.33344648870157,,24.1371606382,91.6813472064,Tripura,874.610540649182,13334.4648870157,Hydrological Layer,SAC N,Tank/Pond
1080,1080,1202,,No,Moderate,Inland,Man-made,,1.64045292233433,,24.1372060517,91.6474114068,Tripura,1409.69777846803,16404.5292233433,Hydrological Layer,SAC N,Tank/Pond
1081,1081,1202,,No,Moderate,Inland,Man-made,,1.14339473179821,,24.1371586619,91.936165695,Tripura,804.711841321584,11433.9473179821,Hydrological Layer,SAC N,Tank/Pond
1261,1261,1202,,No,Moderate,Inland,Man-made,,0.135693387996881,,24.3509077696,92.1306833726,Tripura,153.976785653859,1356.93387996881,Hydrological Layer,SAC N,Tank/Pond
1082,1082,1202,,No,Moderate,Inland,Man-made,,1.21415168221404,,24.1397901193,91.6967048088,Tripura,915.72018780989,12141.5168221404,Hydrological Layer,SAC N,Tank/Pond
1088,1088,1101,,No,Moderate,Inland,Natural,,4.60601846706903,,24.1461539622,91.6909916169,Tripura,1338.22081281656,46060.1846706903,Hydrological Layer,SAC N,Lake/Pond
1259,1259,1202,,No,Moderate,Inland,Man-made,,0.109281407623178,,24.3587272948,92.1485570061,Tripura,133.19924298616,1092.81407623178,Hydrological Layer,SAC N,Tank/Pond
1083,1083,1105,,Yes,High,Inland,Natural,,1.07053586718461,,24.1416166717,91.7877056279,Tripura,739.169203454126,10705.3586718461,Hydrological Layer,SAC N,Waterlogged
1084,1084,1202,,No,Moderate,Inland,Man-made,,1.47755986468072,,24.1421726941,91.7727598823,Tripura,1045.1131433994,14775.5986468072,Hydrological Layer,SAC N,Tank/Pond
1085,1085,1202,,No,Moderate,Inland,Man-made,,1.2588791860231,,24.1426281067,91.7860400407,Tripura,727.607391330428,12588.791860231,Hydrological Layer,SAC N,Tank/Pond
1357,1357,1202,,No,Moderate,Inland,Man-made,,0.392224806019606,,24.4561725691,92.1764364624,Tripura,282.600120211229,3922.24806019606,Hydrological Layer,SAC N,Tank/Pond
1086,1086,1202,,No,Moderate,Inland,Man-made,,0.97035850930102,,24.144798082,91.7052545579,Tripura,866.085837321985,9703.5850930102,Hydrological Layer,SAC N,Tank/Pond
1087,1087,1202,,No,Moderate,Inland,Man-made,,1.38560211876831,,24.1450706541,91.7212870364,Tripura,1308.97001883131,13856.0211876831,Hydrological Layer,SAC N,Tank/Pond
1142,1142,1202,,No,Moderate,Inland,Man-made,,1.6561449926971,,23.7484022681,91.609100742,Tripura,504.5181331721,16561.449926971,Hydrological Layer,SAC N,Tank/Pond
1089,1089,1202,,No,Moderate,Inland,Man-made,,1.47102637847527,,24.1489452767,91.6986085951,Tripura,956.81844857912,14710.2637847527,Hydrological Layer,SAC N,Tank/Pond
1090,1090,1202,,No,Moderate,Inland,Man-made,,1.403443755616,,24.1498877115,91.7794091373,Tripura,1207.99562281192,14034.43755616,Hydrological Layer,SAC N,Tank/Pond
1091,1091,1202,,No,Moderate,Inland,Man-made,,1.0528419113353,,24.1509589202,91.7818576037,Tripura,989.998587609547,10528.419113353,Hydrological Layer,SAC N,Tank/Pond
1092,1092,1202,,No,Moderate,Inland,Man-made,,1.08769301720517,,24.1520801832,91.7024565629,Tripura,1168.96453975391,10876.9301720517,Hydrological Layer,SAC N,Tank/Pond
1095,1095,1202,,No,Moderate,Inland,Man-made,,1.43383131707125,,24.1550825298,91.700156667,Tripura,1336.54433013362,14338.3131707125,Hydrological Layer,SAC N,Tank/Pond
1143,1143,1202,,No,Moderate,Inland,Man-made,,0.982246947428317,,23.7473288706,91.6018343119,Tripura,410.975552231351,9822.46947428317,Hydrological Layer,SAC N,Tank/Pond
1260,1260,1202,,No,Moderate,Inland,Man-made,,0.182822873927801,,24.359266696,92.1484721532,Tripura,180.040843398164,1828.22873927801,Hydrological Layer,SAC N,Tank/Pond
1096,1096,1202,,No,Moderate,Inland,Man-made,,1.50842775248144,,24.1551373502,91.703943072,Tripura,1232.04446762168,15084.2775248144,Hydrological Layer,SAC N,Tank/Pond
1111,1111,1202,,No,Moderate,Inland,Man-made,,1.35796350455952,,24.214490438,91.6516536536,Tripura,664.270991848148,13579.6350455952,Hydrological Layer,SAC N,Tank/Pond
1112,1112,1202,,No,Moderate,Inland,Man-made,,1.31695446655182,,24.2161466218,91.9531620042,Tripura,795.041965777925,13169.5446655182,Hydrological Layer,SAC N,Tank/Pond
1093,1093,1101,,No,Moderate,Inland,Natural,,2.95294801548789,,24.1527033492,91.686891648,Tripura,3212.56128603448,29529.4801548789,Hydrological Layer,SAC N,Lake/Pond
1094,1094,1202,,No,Moderate,Inland,Man-made,,1.0380979448516,,24.1547216106,91.9400907478,Tripura,702.640985247452,10380.979448516,Hydrological Layer,SAC N,Tank/Pond
1103,1103,1202,,No,Moderate,Inland,Man-made,,1.37667514710875,,24.1921401309,92.2607846802,Tripura,594.866648975742,13766.7514710875,Hydrological Layer,SAC N,Tank/Pond
1097,1097,1101,,No,Moderate,Inland,Natural,,4.12386397521438,,24.1545802202,91.6507292371,Tripura,2924.15770642401,41238.6397521438,Hydrological Layer,SAC N,Lake/Pond
1098,1098,1202,,No,Moderate,Inland,Man-made,,1.36241731874666,,24.1569801714,91.6486242413,Tripura,1055.83392036678,13624.1731874666,Hydrological Layer,SAC N,Tank/Pond
1262,1262,1202,,Yes,High,Inland,Man-made,,0.145513547061188,,23.5902011117,91.8103450007,Tripura,168.044105544397,1455.13547061188,Hydrological Layer,SAC N,Tank/Pond
1107,1107,1202,,No,Moderate,Inland,Man-made,,1.43376052821175,,24.2072329197,91.9436350822,Tripura,1131.12181781443,14337.6052821175,Hydrological Layer,SAC N,Tank/Pond
1574,1574,1202,,No,Moderate,Inland,Man-made,,0.262335943551265,,24.3312921094,92.0554542062,Tripura,227.340427411206,2623.35943551265,Hydrological Layer,SAC N,Tank/Pond
1099,1099,1202,,No,Moderate,Inland,Man-made,,1.74103662920133,,24.1568159889,91.6945167784,Tripura,2075.31750389001,17410.3662920133,Hydrological Layer,SAC N,Tank/Pond
1100,1100,1202,,No,Moderate,Inland,Man-made,,1.10758259442341,,24.1577501423,91.6870356803,Tripura,946.825583574104,11075.8259442341,Hydrological Layer,SAC N,Tank/Pond
1101,1101,1202,,No,Moderate,Inland,Man-made,,1.18072998418689,,24.1592406661,91.7974150133,Tripura,776.030721604954,11807.2998418689,Hydrological Layer,SAC N,Tank/Pond
1102,1102,1101,,No,Moderate,Inland,Natural,,4.28013504384419,,24.1681438313,91.8529154191,Tripura,1864.72006092722,42801.3504384419,Hydrological Layer,SAC N,Lake/Pond
1104,1104,1202,,No,Moderate,Inland,Man-made,,1.61154338058948,,24.2030521096,91.8000252421,Tripura,1505.68612239284,16115.4338058948,Hydrological Layer,SAC N,Tank/Pond
1105,1105,1202,,No,Moderate,Inland,Man-made,,1.02790324808212,,24.2046790292,92.2633508362,Tripura,667.911605682147,10279.0324808212,Hydrological Layer,SAC N,Tank/Pond
1106,1106,1202,,No,Moderate,Inland,Man-made,,1.94891383140895,,24.2053885081,92.2578143625,Tripura,991.404170295433,19489.1383140895,Hydrological Layer,SAC N,Tank/Pond
1109,1109,1202,,No,Moderate,Inland,Man-made,,2.07211826252739,,24.2118511507,91.6652050383,Tripura,1009.02693493929,20721.1826252739,Hydrological Layer,SAC N,Tank/Pond
1114,1114,1105,,No,Moderate,Inland,Natural,,2.59539809017165,,24.217970016,92.2528781841,Tripura,1494.42625549248,25953.9809017165,Hydrological Layer,SAC N,Waterlogged
1117,1117,1202,,No,Moderate,Inland,Man-made,,1.03069977038363,,24.2333230367,92.2563775674,Tripura,661.95200272251,10306.9977038363,Hydrological Layer,SAC N,Tank/Pond
1263,1263,1202,,No,Moderate,Inland,Man-made,,1.0810112152391,,23.826061558,91.2630180043,Tripura,422.764852872957,10810.112152391,Hydrological Layer,SAC N,Tank/Pond
1118,1118,1202,,No,Moderate,Inland,Man-made,,1.24763400393625,,24.2337312625,92.2612180171,Tripura,734.077955597398,12476.3400393625,Hydrological Layer,SAC N,Tank/Pond
1119,1119,1202,,No,Moderate,Inland,Man-made,,0.810261360838988,,24.2344719168,92.2537583423,Tripura,450.108285979061,8102.61360838988,Hydrological Layer,SAC N,Tank/Pond
1120,1120,1101,,No,Moderate,Inland,Natural,,3.99867948324651,,24.2356709106,92.2633995471,Tripura,1524.03808330471,39986.794832465,Hydrological Layer,SAC N,Lake/Pond
1794,1794,1202,,No,Moderate,Inland,Man-made,,0.153177737859645,,24.1491566733,92.0421912927,Tripura,194.384810039303,1531.77737859645,Hydrological Layer,SAC N,Tank/Pond
1115,1115,1101,,No,Moderate,Inland,Natural,,20.9013173752901,,24.2212969762,91.6597809166,Tripura,6358.97337648904,209013.173752901,Hydrological Layer,SAC N,Lake/Pond
1116,1116,1202,,No,Moderate,Inland,Man-made,,2.865617766787,,24.2297499162,92.2551340347,Tripura,1320.15841403362,28656.17766787,Hydrological Layer,SAC N,Tank/Pond
1121,1121,1202,,No,Moderate,Inland,Man-made,,3.81693808655989,,24.2411639537,92.2578658706,Tripura,1452.9789983941,38169.3808655989,Hydrological Layer,SAC N,Tank/Pond
1122,1122,1202,,No,Moderate,Inland,Man-made,,1.68586938792824,,24.2420323433,92.2924150984,Tripura,1050.93488657233,16858.6938792824,Hydrological Layer,SAC N,Tank/Pond
1144,1144,1202,,No,Moderate,Inland,Man-made,,1.68857740950595,,23.7480124021,91.6063469005,Tripura,574.022834684499,16885.7740950595,Hydrological Layer,SAC N,Tank/Pond
1123,1123,1202,,No,Moderate,Inland,Man-made,,2.37152658143233,,24.243869787,92.2645723452,Tripura,1193.44715343152,23715.2658143233,Hydrological Layer,SAC N,Tank/Pond
1130,1130,1102,,No,Moderate,Inland,Natural,,1.83627960312211,,23.5004308655,91.4104488767,Tripura,844.543178010209,18362.7960312211,Hydrological Layer,SAC N,Ox-bow lake/cut-off meander
1213,1213,1105,,No,Moderate,Inland,Natural,,1.16382899628954,,24.1773304854,92.1501744603,Tripura,630.836945078259,11638.2899628954,Hydrological Layer,SAC N,Waterlogged
1124,1124,1101,,No,Moderate,Inland,Natural,,5.52996159951977,,24.2490698231,92.2562577559,Tripura,1986.11270754499,55299.6159951977,Hydrological Layer,SAC N,Lake/Pond
1125,1125,1202,,No,Moderate,Inland,Man-made,,1.13860988628997,,24.2506451936,92.2525670548,Tripura,498.986883727226,11386.0988628997,Hydrological Layer,SAC N,Tank/Pond
1126,1126,1202,,No,Moderate,Inland,Man-made,,1.25746963562957,,24.2581635733,91.9520836832,Tripura,862.414162695961,12574.6963562957,Hydrological Layer,SAC N,Tank/Pond
1127,1127,1202,,No,Moderate,Inland,Man-made,,1.01498957026277,,24.2906328941,91.9526973869,Tripura,729.986240842903,10149.8957026277,Hydrological Layer,SAC N,Tank/Pond
1358,1358,1202,,No,Moderate,Inland,Man-made,,0.227667020419728,,24.4539334294,92.1720099418,Tripura,201.615595823436,2276.67020419728,Hydrological Layer,SAC N,Tank/Pond
1128,1128,1102,,No,Moderate,Inland,Natural,,1.54192137976703,,24.1703894917,91.9737370208,Tripura,885.300127384356,15419.2137976703,Hydrological Layer,SAC N,Ox-bow lake/cut-off meander
1129,1129,1202,,No,Low,Inland,Man-made,,0.361112311157628,,24.3097034453,92.026355563,Tripura,243.987710477942,3611.12311157628,Hydrological Layer,SAC N,Tank/Pond
1131,1131,1105,,No,Moderate,Inland,Natural,,1.80386591521555,,23.4256017408,91.7427217765,Tripura,1243.04886528567,18038.6591521555,Hydrological Layer,SAC N,Waterlogged
1132,1132,1105,,No,Moderate,Inland,Natural,,1.06068980292721,,23.9277269618,91.8639046203,Tripura,803.402678999951,10606.8980292721,Hydrological Layer,SAC N,Waterlogged
1133,1133,1202,,No,Moderate,Inland,Man-made,,0.39219097748715,,23.6507361925,91.236314407,Tripura,251.470889117423,3921.9097748715,Hydrological Layer,SAC N,Tank/Pond
1134,1134,1101,,No,Moderate,Inland,Natural,,4.11003854363473,,23.2596251859,91.5434132713,Tripura,1040.85186968236,41100.3854363474,Hydrological Layer,SAC N,Lake/Pond
1135,1135,1202,,No,Moderate,Inland,Man-made,,1.24516815588525,,23.735408751,91.6310087565,Tripura,499.075853025162,12451.6815588525,Hydrological Layer,SAC N,Tank/Pond
1136,1136,1202,,No,Moderate,Inland,Man-made,,1.15117913038832,,23.7377006297,91.6327212478,Tripura,584.210288760602,11511.7913038832,Hydrological Layer,SAC N,Tank/Pond
1137,1137,1202,,No,Moderate,Inland,Man-made,,1.55367381313504,,23.7439581141,91.6149261363,Tripura,486.274473076842,15536.7381313504,Hydrological Layer,SAC N,Tank/Pond
1138,1138,1202,,No,Moderate,Inland,Man-made,,1.25011507356044,,23.7523084541,91.6055469158,Tripura,464.320672063927,12501.1507356044,Hydrological Layer,SAC N,Tank/Pond
1149,1149,1202,,No,Moderate,Inland,Man-made,,1.96386063357236,,23.7537702917,91.6013827043,Tripura,1318.24145420778,19638.6063357236,Hydrological Layer,SAC N,Tank/Pond
1361,1361,1202,,No,Moderate,Inland,Man-made,,0.164236177040326,,24.4903834494,92.1736683937,Tripura,169.1060868852,1642.36177040326,Hydrological Layer,SAC N,Tank/Pond
1150,1150,1202,,No,Moderate,Inland,Man-made,,1.4116408723545,,24.1704153644,92.1094671472,Tripura,965.06852941804,14116.408723545,Hydrological Layer,SAC N,Tank/Pond
1151,1151,1202,,No,Moderate,Inland,Man-made,,3.27436189649273,,23.7330538729,91.6380410221,Tripura,920.361838192297,32743.6189649273,Hydrological Layer,SAC N,Tank/Pond
1152,1152,1202,,No,Moderate,Inland,Man-made,,0.967901006823553,,23.7416958189,91.6444997501,Tripura,402.155877595453,9679.01006823553,Hydrological Layer,SAC N,Tank/Pond
1153,1153,1202,,No,Moderate,Inland,Man-made,,1.23832538771983,,23.7003972179,91.2620157925,Tripura,662.693020311651,12383.2538771983,Hydrological Layer,SAC N,Tank/Pond
1154,1154,1202,,No,Low,Inland,Man-made,,1.36843684148066,,23.7027611875,91.6325747265,Tripura,723.075553006408,13684.3684148066,Hydrological Layer,SAC N,Tank/Pond
1225,1225,1105,,No,Moderate,Inland,Natural,,1.06754583840262,,24.2167427049,92.1614493011,Tripura,972.709336715167,10675.4583840262,Hydrological Layer,SAC N,Waterlogged
1174,1174,1102,,No,Moderate,Inland,Natural,,3.06845127937506,,22.9920385424,91.7198643242,Tripura,1404.86743343337,30684.5127937506,Hydrological Layer,SAC N,Ox-bow lake/cut-off meander
1155,1155,1102,,No,Moderate,Inland,Natural,,1.31835034821776,,23.6531517899,91.8077544563,Tripura,1514.28478633765,13183.5034821776,Hydrological Layer,SAC N,Ox-bow lake/cut-off meander
1156,1156,1102,,No,Moderate,Inland,Natural,,10.2065985449883,,23.6280649539,91.3264003707,Tripura,3247.49218245039,102065.985449883,Hydrological Layer,SAC N,Ox-bow lake/cut-off meander
1164,1164,1102,,No,Moderate,Inland,Natural,,2.99516498761646,,23.517026274,91.5730967079,Tripura,1378.01235388983,29951.6498761646,Hydrological Layer,SAC N,Ox-bow lake/cut-off meander
1359,1359,1202,,No,Moderate,Inland,Man-made,,0.169704909492598,,24.4879334864,92.1759256159,Tripura,172.643333494741,1697.04909492598,Hydrological Layer,SAC N,Tank/Pond
1157,1157,1102,,No,Moderate,Inland,Natural,,7.53467331986684,,23.5736766654,91.4045123846,Tripura,3084.71636134105,75346.7331986684,Hydrological Layer,SAC N,Ox-bow lake/cut-off meander
1158,1158,1102,,No,Moderate,Inland,Natural,,1.64236437217824,,23.5641476569,91.8334238246,Tripura,1157.07876800917,16423.6437217824,Hydrological Layer,SAC N,Ox-bow lake/cut-off meander
1159,1159,1102,,No,Moderate,Inland,Natural,,3.71007279344492,,23.5562208423,91.6284243636,Tripura,1360.96068131121,37100.7279344492,Hydrological Layer,SAC N,Ox-bow lake/cut-off meander
1360,1360,1202,,No,Moderate,Inland,Man-made,,0.129403421641703,,24.489290294,92.1753663078,Tripura,145.623196060522,1294.03421641703,Hydrological Layer,SAC N,Tank/Pond
1160,1160,1102,,No,Moderate,Inland,Natural,,2.75564183386746,,23.553963113,91.5798710751,Tripura,1305.41983230136,27556.4183386746,Hydrological Layer,SAC N,Ox-bow lake/cut-off meander
1161,1161,1102,,No,Moderate,Inland,Natural,,2.87820141607809,,23.5312490516,91.665097779,Tripura,942.508421010269,28782.0141607809,Hydrological Layer,SAC N,Ox-bow lake/cut-off meander
1171,1171,1102,,No,Moderate,Inland,Natural,,2.31374859638905,,23.4976618188,91.4116770809,Tripura,762.33586176314,23137.4859638906,Hydrological Layer,SAC N,Ox-bow lake/cut-off meander
1264,1264,1105,,No,Moderate,Inland,Natural,,0.654234984262913,,23.8564755674,91.8938263464,Tripura,336.635265108675,6542.34984262913,Hydrological Layer,SAC N,Waterlogged
1162,1162,1102,,No,Moderate,Inland,Natural,,5.84602349172072,,23.5298794923,91.5286319867,Tripura,2011.30245973101,58460.2349172072,Hydrological Layer,SAC N,Ox-bow lake/cut-off meander
1163,1163,1102,,No,Moderate,Inland,Natural,,3.40300127986777,,23.5179742142,91.4209895568,Tripura,1631.640466883,34030.0127986777,Hydrological Layer,SAC N,Ox-bow lake/cut-off meander
1175,1175,1102,,No,Moderate,Inland,Natural,,4.23839357758987,,23.4750968573,91.3131520797,Tripura,1454.40163520397,42383.9357758987,Hydrological Layer,SAC N,Ox-bow lake/cut-off meander
1378,1378,1202,,No,Moderate,Inland,Man-made,,0.831224903503447,,24.3739375568,92.2495059564,Tripura,594.966671930037,8312.24903503447,Hydrological Layer,SAC N,Tank/Pond
1188,1188,1202,,No,Moderate,Inland,Man-made,,2.35567954595055,,24.1525705598,91.7839931305,Tripura,1123.5857105567,23556.7954595055,Hydrological Layer,SAC N,Tank/Pond
1165,1165,1102,,No,Moderate,Inland,Natural,,8.24609281775247,,23.5135114024,91.4354757349,Tripura,2842.25899024262,82460.9281775247,Hydrological Layer,SAC N,Ox-bow lake/cut-off meander
1219,1219,1105,,No,Moderate,Inland,Natural,,1.27691261993567,,24.1938010976,92.1619321968,Tripura,951.618119753546,12769.1261993567,Hydrological Layer,SAC N,Waterlogged
1783,1783,1202,,No,Moderate,Inland,Man-made,,0.169845278640661,,24.1454916509,92.0469335993,Tripura,173.023261707263,1698.45278640661,Hydrological Layer,SAC N,Tank/Pond
1166,1166,1102,,No,Moderate,Inland,Natural,,3.58311658347913,,23.5096854713,91.4298144135,Tripura,1405.13259910428,35831.1658347913,Hydrological Layer,SAC N,Ox-bow lake/cut-off meander
1167,1167,1102,,No,Moderate,Inland,Natural,,3.52867386769787,,23.5056456802,91.4264651139,Tripura,2235.47063204343,35286.7386769787,Hydrological Layer,SAC N,Ox-bow lake/cut-off meander
1168,1168,1102,,No,Moderate,Inland,Natural,,2.65569371642222,,23.5052404738,91.6863217726,Tripura,1167.24255930999,26556.9371642222,Hydrological Layer,SAC N,Ox-bow lake/cut-off meander
1172,1172,1102,,No,Moderate,Inland,Natural,,3.42818776611469,,23.4964530114,91.4075974701,Tripura,1480.61136315957,34281.8776611469,Hydrological Layer,SAC N,Ox-bow lake/cut-off meander
1169,1169,1202,,No,Moderate,Inland,Man-made,,4.23200202711162,,23.5048788413,91.3962222594,Tripura,1948.98823552062,42320.0202711162,Hydrological Layer,SAC N,Tank/Pond
1220,1220,1105,,No,Moderate,Inland,Natural,,1.0225947516457,,24.1719731741,92.1471530623,Tripura,872.872110158903,10225.947516457,Hydrological Layer,SAC N,Waterlogged
1170,1170,1102,,No,Moderate,Inland,Natural,,4.71107232706754,,23.4981968318,91.4054013033,Tripura,2008.06138178485,47110.7232706754,Hydrological Layer,SAC N,Ox-bow lake/cut-off meander
1362,1362,1202,,No,Moderate,Inland,Man-made,,0.120905999101548,,24.4913017516,92.1794693189,Tripura,142.161700922751,1209.05999101548,Hydrological Layer,SAC N,Tank/Pond
1173,1173,1102,,No,Moderate,Inland,Natural,,3.31093800408579,,23.4785191308,91.413187845,Tripura,1877.35366153717,33109.3800408579,Hydrological Layer,SAC N,Ox-bow lake/cut-off meander
1178,1178,1202,,No,Moderate,Inland,Man-made,,1.28630323301534,,23.728054113,91.4160241089,Tripura,1344.13973484455,12863.0323301534,Hydrological Layer,SAC N,Tank/Pond
1179,1179,1202,,No,Moderate,Inland,Man-made,,2.21366801880479,,23.7342399866,91.4247182505,Tripura,1837.96256416859,22136.6801880479,Hydrological Layer,SAC N,Tank/Pond
1180,1180,1202,,No,Moderate,Inland,Man-made,,1.75765044309482,,23.7241160303,91.4079210224,Tripura,1225.291549197,17576.5044309482,Hydrological Layer,SAC N,Tank/Pond
1238,1238,1105,,No,Moderate,Inland,Natural,,0.314405819274526,,24.2077752359,92.1385686357,Tripura,247.358019602986,3144.05819274526,Hydrological Layer,SAC N,Waterlogged
1176,1176,1102,,No,Moderate,Inland,Natural,,7.85744177511949,,23.4945833564,91.2845040663,Tripura,2708.88965862019,78574.4177511949,Hydrological Layer,SAC N,Ox-bow lake/cut-off meander
1177,1177,1102,,No,Moderate,Inland,Natural,,1.5491269719369,,23.478986308,91.3236088967,Tripura,578.839451347821,15491.269719369,Hydrological Layer,SAC N,Ox-bow lake/cut-off meander
1187,1187,1202,,No,Moderate,Inland,Man-made,,1.51641248855072,,24.1548185492,91.7854723047,Tripura,869.041918619336,15164.1248855072,Hydrological Layer,SAC N,Tank/Pond
1189,1189,1102,,No,Moderate,Inland,Natural,,3.62742666438236,,23.420557421,91.711072776,Tripura,1224.51128991481,36274.2666438236,Hydrological Layer,SAC N,Ox-bow lake/cut-off meander
1181,1181,1202,,No,Moderate,Inland,Man-made,,2.51439333479189,,23.7293142871,91.4094132612,Tripura,1806.496776141,25143.9333479189,Hydrological Layer,SAC N,Tank/Pond
1190,1190,1102,,No,Moderate,Inland,Natural,,0.898233452351087,,23.467708073,91.6826426715,Tripura,605.852507298785,8982.33452351087,Hydrological Layer,SAC N,Ox-bow lake/cut-off meander
1191,1191,1102,,No,Moderate,Inland,Natural,,0.6912301670353,,23.4682935469,91.6872212425,Tripura,700.94385656915,6912.301670353,Hydrological Layer,SAC N,Ox-bow lake/cut-off meander
1192,1192,1202,,No,Moderate,Inland,Man-made,,0.148772649846734,,23.6451378932,91.2245691597,Tripura,158.859908235028,1487.72649846734,Hydrological Layer,SAC N,Tank/Pond
1182,1182,1202,,No,Moderate,Inland,Man-made,,1.292461393021,,24.1632756906,92.0992462964,Tripura,860.222023837324,12924.61393021,Hydrological Layer,SAC N,Tank/Pond
1183,1183,1202,,No,Moderate,Inland,Man-made,,1.44552850528006,,24.1583626167,92.1012381631,Tripura,843.233039855173,14455.2850528006,Hydrological Layer,SAC N,Tank/Pond
1196,1196,1202,,No,Moderate,Inland,Man-made,,1.59376773925553,,23.8373451034,91.2552718091,Tripura,791.839694093571,15937.6773925553,Hydrological Layer,SAC N,Tank/Pond
1184,1184,1202,,No,Moderate,Inland,Man-made,,2.46977220604912,,24.1593580093,92.0997367483,Tripura,1487.90081639841,24697.7220604912,Hydrological Layer,SAC N,Tank/Pond
1185,1185,1202,,No,Moderate,Inland,Man-made,,2.12161109750841,,24.1694955193,92.1051149695,Tripura,837.339841908202,21216.1109750841,Hydrological Layer,SAC N,Tank/Pond
1186,1186,1202,,No,Moderate,Inland,Man-made,,4.32576140464456,,24.175182622,92.108832558,Tripura,1462.98222788739,43257.6140464456,Hydrological Layer,SAC N,Tank/Pond
1193,1193,1105,,No,Moderate,Inland,Natural,,0.207547151906896,,23.7174799646,91.1537986731,Tripura,236.646437245778,2075.47151906896,Hydrological Layer,SAC N,Waterlogged
1363,1363,1202,,No,Moderate,Inland,Man-made,,0.133526495773372,,24.4914665628,92.1788163409,Tripura,160.102219650596,1335.26495773372,Hydrological Layer,SAC N,Tank/Pond
1194,1194,1202,,No,Moderate,Inland,Man-made,,1.20984443880756,,24.1500161632,91.7876998425,Tripura,752.019143413826,12098.4443880756,Hydrological Layer,SAC N,Tank/Pond
1195,1195,1202,,No,Moderate,Inland,Man-made,,0.975367923790496,,24.1511183553,91.7874352077,Tripura,759.24975718564,9753.67923790496,Hydrological Layer,SAC N,Tank/Pond
1784,1784,1202,,No,Moderate,Inland,Man-made,,0.134446334702554,,24.1456190433,92.0456132225,Tripura,148.731819242032,1344.46334702554,Hydrological Layer,SAC N,Tank/Pond
1198,1198,1202,,No,Moderate,Inland,Man-made,,1.11286734813966,,24.1928066194,91.7823181352,Tripura,1084.80415113762,11128.6734813966,Hydrological Layer,SAC N,Tank/Pond
1199,1199,1202,,No,Moderate,Inland,Man-made,,1.27645453755203,,24.1851725254,92.1137902818,Tripura,510.764897755682,12764.5453755203,Hydrological Layer,SAC N,Tank/Pond
1200,1200,1202,,No,Moderate,Inland,Man-made,,1.50190449810359,,24.1872770129,92.0484590321,Tripura,787.163164362154,15019.0449810359,Hydrological Layer,SAC N,Tank/Pond
1224,1224,1105,,No,Moderate,Inland,Natural,,1.05671934732332,,24.2177183652,92.1486447344,Tripura,764.801789649324,10567.1934732332,Hydrological Layer,SAC N,Waterlogged
1201,1201,1202,,No,Moderate,Inland,Man-made,,0.331739941377993,,24.3923983955,92.2387689456,Tripura,538.249821352866,3317.39941377993,Hydrological Layer,SAC N,Tank/Pond
1202,1202,1105,,No,Moderate,Inland,Natural,,1.0478208603745,,24.3512365266,92.0918711905,Tripura,568.002279111922,10478.208603745,Hydrological Layer,SAC N,Waterlogged
1203,1203,1202,,No,Moderate,Inland,Man-made,,0.944962125555076,,24.1990679479,92.1088061468,Tripura,523.411421180984,9449.62125555076,Hydrological Layer,SAC N,Tank/Pond
1785,1785,1202,,No,Moderate,Inland,Man-made,,0.217697610794,,24.1460829852,92.045451804,Tripura,185.062007656637,2176.97610794,Hydrological Layer,SAC N,Tank/Pond
1204,1204,1202,,No,Moderate,Inland,Man-made,,0.931290130694524,,24.198838375,92.1002807655,Tripura,646.702032304142,9312.90130694524,Hydrological Layer,SAC N,Tank/Pond
1205,1205,1202,,No,Moderate,Inland,Man-made,,1.23426787262042,,24.1937815065,92.103910385,Tripura,762.662407849829,12342.6787262042,Hydrological Layer,SAC N,Tank/Pond
1206,1206,1202,,No,Moderate,Inland,Man-made,,0.973813060611942,,24.1863885831,92.1122341359,Tripura,589.859845353226,9738.13060611942,Hydrological Layer,SAC N,Tank/Pond
1207,1207,1105,,No,High,Inland,Natural,,0.5900747540672,,24.2048963108,92.131875844,Tripura,565.173319858978,5900.747540672,Hydrological Layer,SAC N,Waterlogged
1208,1208,1105,,No,Moderate,Inland,Natural,,1.02712875326007,,24.216049486,92.1296444258,Tripura,1295.63165731734,10271.2875326007,Hydrological Layer,SAC N,Waterlogged
1285,1285,1202,,No,Moderate,Inland,Man-made,,0.636183695062425,,24.3184982813,92.1000324156,Tripura,514.648844969837,6361.83695062425,Hydrological Layer,SAC N,Tank/Pond
1209,1209,1202,,No,Moderate,Inland,Man-made,,1.52497222099213,,24.1737018471,92.1195951076,Tripura,1326.75972587049,15249.7222099213,Hydrological Layer,SAC N,Tank/Pond
1210,1210,1105,,No,Moderate,Inland,Natural,,0.700134946390295,,24.1695795592,92.1214574953,Tripura,1079.21761450038,7001.34946390295,Hydrological Layer,SAC N,Waterlogged
1211,1211,1105,,No,Moderate,Inland,Natural,,1.25649795076925,,24.1615007268,92.0966502462,Tripura,947.925911908487,12564.9795076925,Hydrological Layer,SAC N,Waterlogged
1212,1212,1105,,No,Moderate,Inland,Natural,,1.06640258159331,,24.1632133591,92.1347636011,Tripura,865.144873119504,10664.0258159331,Hydrological Layer,SAC N,Waterlogged
1946,1946,1202,,No,Moderate,Inland,Man-made,,0.997033512627084,,23.8365978394,91.289480712,Tripura,411.797374953552,9970.33512627083,Hydrological Layer,SAC N,Tank/Pond
1214,1214,1105,,No,Moderate,Inland,Natural,,3.09064527090035,,24.1854974441,92.1609486985,Tripura,2469.97312826472,30906.4527090035,Hydrological Layer,SAC N,Waterlogged
1215,1215,1105,,No,Moderate,Inland,Natural,,1.21490349219853,,24.193946346,92.1507122863,Tripura,1189.30998440219,12149.0349219853,Hydrological Layer,SAC N,Waterlogged
1216,1216,1105,,No,Moderate,Inland,Natural,,1.06551298185719,,24.1983887917,92.1476978261,Tripura,853.757869630632,10655.1298185719,Hydrological Layer,SAC N,Waterlogged
1217,1217,1105,,No,Moderate,Inland,Natural,,1.2247068143694,,24.189812984,92.1522927794,Tripura,909.301111468698,12247.068143694,Hydrological Layer,SAC N,Waterlogged
1364,1364,1202,,No,Moderate,Inland,Man-made,,0.100965189536618,,24.4940711894,92.1742561585,Tripura,133.282589414035,1009.65189536618,Hydrological Layer,SAC N,Tank/Pond
1218,1218,1105,,No,Moderate,Inland,Natural,,1.46152089224338,,24.1968969502,92.1589434107,Tripura,1306.96495536114,14615.2089224338,Hydrological Layer,SAC N,Waterlogged
1380,1380,1202,,No,Moderate,Inland,Man-made,,0.281012971570903,,24.3555198342,92.1174231151,Tripura,313.412435805938,2810.12971570903,Hydrological Layer,SAC N,Tank/Pond
1221,1221,1105,,No,Moderate,Inland,Natural,,1.2529203941035,,24.1756311604,92.1591598954,Tripura,876.383947359887,12529.203941035,Hydrological Layer,SAC N,Waterlogged
1222,1222,1105,,No,Moderate,Inland,Natural,,1.5314293256952,,24.182506239,92.1550126764,Tripura,1306.99971329286,15314.293256952,Hydrological Layer,SAC N,Waterlogged
1223,1223,1105,,No,Moderate,Inland,Natural,,1.25405373751337,,24.1659366095,92.1449739317,Tripura,875.795318724377,12540.5373751337,Hydrological Layer,SAC N,Waterlogged
1365,1365,1202,,Yes,High,Inland,Man-made,,0.298847704577522,,24.3282465509,92.1074128829,Tripura,378.522025363992,2988.47704577522,Hydrological Layer,SAC N,Tank/Pond
1226,1226,1105,,No,Moderate,Inland,Natural,,1.15764354679708,,24.2014499116,92.1381720563,Tripura,865.610222772551,11576.4354679708,Hydrological Layer,SAC N,Waterlogged
1227,1227,1202,,No,Moderate,Inland,Man-made,,0.705523270741878,,24.1544314158,92.12203343,Tripura,377.922434318208,7055.23270741879,Hydrological Layer,SAC N,Tank/Pond
1228,1228,1202,,No,Moderate,Inland,Man-made,,0.421627318377816,,24.1568534529,92.0988222149,Tripura,381.302663678527,4216.27318377816,Hydrological Layer,SAC N,Tank/Pond
1366,1366,1202,,Yes,High,Inland,Man-made,,0.427575396710407,,24.329719361,92.1060349002,Tripura,537.519816525249,4275.75396710407,Hydrological Layer,SAC N,Tank/Pond
1229,1229,1105,,Yes,High,Inland,Natural,,2.12429991925716,,24.0716000103,92.039394643,Tripura,1172.42088294723,21242.9991925716,Hydrological Layer,SAC N,Waterlogged
1230,1230,1202,,No,Moderate,Inland,Man-made,,0.317022914485525,,24.0506449441,92.0275566335,Tripura,228.970300065437,3170.22914485525,Hydrological Layer,SAC N,Tank/Pond
1231,1231,1202,,No,Moderate,Inland,Man-made,,0.669772160523309,,24.0285076875,92.0431871594,Tripura,518.550889186553,6697.72160523309,Hydrological Layer,SAC N,Tank/Pond
1232,1232,1202,,No,Moderate,Inland,Man-made,,0.803824262916023,,24.4104615807,92.1793799891,Tripura,367.277607480831,8038.24262916023,Hydrological Layer,SAC N,Tank/Pond
1233,1233,1202,,No,Moderate,Inland,Man-made,,0.240252805754344,,24.4774180364,92.2271849225,Tripura,203.267214010074,2402.52805754344,Hydrological Layer,SAC N,Tank/Pond
1234,1234,1202,,No,Moderate,Inland,Man-made,,0.160652574068038,,24.477576172,92.2311227499,Tripura,162.234837023242,1606.52574068038,Hydrological Layer,SAC N,Tank/Pond
1235,1235,1202,,No,Moderate,Inland,Man-made,,0.147204838850662,,24.4800055065,92.2231700414,Tripura,159.741680326393,1472.04838850662,Hydrological Layer,SAC N,Tank/Pond
1243,1243,1105,,Yes,High,Inland,Natural,,1.33694628693687,,24.0630642171,91.9919709375,Tripura,601.011725649775,13369.4628693687,Hydrological Layer,SAC N,Waterlogged
1236,1236,1202,,No,Moderate,Inland,Man-made,,1.32685018810787,,24.3796220052,92.1815549167,Tripura,917.762161987891,13268.5018810787,Hydrological Layer,SAC N,Tank/Pond
1240,1240,1202,,No,Moderate,Inland,Man-made,,0.725397963485407,,24.0907360415,92.0058884308,Tripura,542.635189372948,7253.97963485407,Hydrological Layer,SAC N,Tank/Pond
1241,1241,1105,,Yes,High,Inland,Natural,,1.01694523761755,,24.0924913674,92.0052753126,Tripura,786.363341526416,10169.4523761755,Hydrological Layer,SAC N,Waterlogged
1242,1242,1105,,No,Moderate,Inland,Natural,,0.658094804295686,,24.0675609462,91.9947523378,Tripura,536.920057525001,6580.94804295686,Hydrological Layer,SAC N,Waterlogged
1543,1543,1202,,No,Moderate,Inland,Man-made,,0.471917258739581,,24.3442084909,92.0569066144,Tripura,322.744494881904,4719.17258739581,Hydrological Layer,SAC N,Tank/Pond
1244,1244,1202,,No,Moderate,Inland,Man-made,,0.764229305801817,,24.0290758465,91.9879177731,Tripura,598.86335867311,7642.29305801817,Hydrological Layer,SAC N,Tank/Pond
1792,1792,1202,,No,Moderate,Inland,Man-made,,0.582340308258382,,24.1488459636,92.046143848,Tripura,333.821427904575,5823.40308258382,Hydrological Layer,SAC N,Tank/Pond
1424,1424,1202,,No,Moderate,Inland,Man-made,,0.115854699808706,,24.3561824459,92.1162941871,Tripura,151.183573704724,1158.54699808706,Hydrological Layer,SAC N,Tank/Pond
1245,1245,1202,,Yes,High,Inland,Man-made,,0.617320116928882,,24.0176934439,92.0195198869,Tripura,506.654766611988,6173.20116928882,Hydrological Layer,SAC N,Tank/Pond
1246,1246,1102,,No,Moderate,Inland,Natural,,6.61315663258675,,23.520365716,91.5730080028,Tripura,2019.52646976297,66131.5663258675,Hydrological Layer,SAC N,Ox-bow lake/cut-off meander
1247,1247,1102,,No,Moderate,Inland,Natural,,0.477829370674595,,23.6117885869,91.8099649636,Tripura,845.609684731194,4778.29370674595,Hydrological Layer,SAC N,Ox-bow lake/cut-off meander
1248,1248,1202,,Yes,High,Inland,Man-made,,0.385785032809778,,23.586711133,91.8192300165,Tripura,251.66499757009,3857.85032809778,Hydrological Layer,SAC N,Tank/Pond
1249,1249,1202,,No,Moderate,Inland,Man-made,,0.124908941349655,,24.3128795064,92.1471978039,Tripura,146.388014152148,1249.08941349655,Hydrological Layer,SAC N,Tank/Pond
1250,1250,1202,,No,Moderate,Inland,Man-made,,0.163315216879238,,24.3138334859,92.1472543105,Tripura,162.701785204411,1633.15216879238,Hydrological Layer,SAC N,Tank/Pond
1544,1544,1202,,No,Moderate,Inland,Man-made,,0.454621543478097,,24.3437461807,92.053623963,Tripura,297.351505346989,4546.21543478097,Hydrological Layer,SAC N,Tank/Pond
1545,1545,1202,,No,Moderate,Inland,Man-made,,0.173657310874104,,24.343553695,92.0531419456,Tripura,162.176145068708,1736.57310874104,Hydrological Layer,SAC N,Tank/Pond
1266,1266,1105,,No,Moderate,Inland,Natural,,2.38175893759699,,23.8645784898,91.851787335,Tripura,1151.76007092962,23817.5893759699,Hydrological Layer,SAC N,Waterlogged
1267,1267,1105,,No,Moderate,Inland,Natural,,1.56442006858279,,23.8750810131,91.8661730099,Tripura,989.150685653925,15644.2006858279,Hydrological Layer,SAC N,Waterlogged
1268,1268,1202,,No,Moderate,Inland,Man-made,,0.183549513586222,,24.3534604111,92.1310739759,Tripura,175.527505130895,1835.49513586222,Hydrological Layer,SAC N,Tank/Pond
1269,1269,1202,,Yes,High,Inland,Man-made,,0.986191252724404,,23.5878820825,91.8185075133,Tripura,435.380283577953,9861.91252724404,Hydrological Layer,SAC N,Tank/Pond
1270,1270,1202,,Yes,High,Inland,Man-made,,0.381655457086775,,23.5905758175,91.8115640574,Tripura,326.407723069253,3816.55457086775,Hydrological Layer,SAC N,Tank/Pond
1271,1271,1202,,Yes,High,Inland,Man-made,,0.427817276121484,,23.5908528142,91.8127197694,Tripura,358.624421200087,4278.17276121484,Hydrological Layer,SAC N,Tank/Pond
1272,1272,1202,,Yes,High,Inland,Man-made,,0.223177108312244,,23.5912321656,91.8118325836,Tripura,256.113046905296,2231.77108312244,Hydrological Layer,SAC N,Tank/Pond
1273,1273,1202,,Yes,High,Inland,Man-made,,0.399951508814837,,23.5901236816,91.8113271884,Tripura,324.37661024782,3999.51508814837,Hydrological Layer,SAC N,Tank/Pond
1274,1274,1202,,No,Moderate,Inland,Man-made,,0.259755543581449,,24.3573611956,92.1440355197,Tripura,206.584465301218,2597.55543581449,Hydrological Layer,SAC N,Tank/Pond
1275,1275,1202,,No,Moderate,Inland,Man-made,,0.111947012044022,,24.3602379779,92.140760373,Tripura,135.053913078563,1119.47012044022,Hydrological Layer,SAC N,Tank/Pond
1276,1276,1202,,No,Moderate,Inland,Man-made,,1.17053026728103,,24.3530433977,92.1246824301,Tripura,917.158381528381,11705.3026728103,Hydrological Layer,SAC N,Tank/Pond
1546,1546,1202,,No,Moderate,Inland,Man-made,,0.202935389205899,,24.3312093222,92.0568848455,Tripura,180.250170054327,2029.35389205899,Hydrological Layer,SAC N,Tank/Pond
1313,1313,1202,,Yes,High,Inland,Man-made,,0.415049942739348,,24.3387479302,92.1102648172,Tripura,296.834678684791,4150.49942739348,Hydrological Layer,SAC N,Tank/Pond
1425,1425,1202,,No,Moderate,Inland,Man-made,,0.158174731027796,,24.3564797844,92.1170241121,Tripura,164.927424544166,1581.74731027796,Hydrological Layer,SAC N,Tank/Pond
1278,1278,1202,,No,Moderate,Inland,Man-made,,2.6957845837434,,24.3573299618,92.1079301438,Tripura,1805.56648728916,26957.8458374339,Hydrological Layer,SAC N,Tank/Pond
1279,1279,1202,,No,Moderate,Inland,Man-made,,0.670287012126509,,24.3516987674,92.0976650644,Tripura,479.103881427324,6702.87012126509,Hydrological Layer,SAC N,Tank/Pond
1280,1280,1202,,No,Moderate,Inland,Man-made,,1.80781663391627,,24.3551229474,92.0980471262,Tripura,1079.3683648317,18078.1663391627,Hydrological Layer,SAC N,Tank/Pond
1281,1281,1202,,Yes,High,Inland,Man-made,,1.48250723116374,,24.3272345373,92.0900391984,Tripura,852.625883067259,14825.0723116374,Hydrological Layer,SAC N,Tank/Pond
1282,1282,1202,,Yes,High,Inland,Man-made,,3.07502418383727,,24.3359469465,92.096560885,Tripura,1460.23551161401,30750.2418383727,Hydrological Layer,SAC N,Tank/Pond
1283,1283,1202,,No,Moderate,Inland,Man-made,,0.454251436514682,,24.3480060536,92.1079737031,Tripura,390.42764026522,4542.51436514682,Hydrological Layer,SAC N,Tank/Pond
1284,1284,1202,,No,Moderate,Inland,Man-made,,0.964286652531589,,24.3487704521,92.1134062577,Tripura,607.199671913523,9642.86652531589,Hydrological Layer,SAC N,Tank/Pond
1426,1426,1202,,No,Moderate,Inland,Man-made,,0.383661095509653,,24.3417676464,92.0544134251,Tripura,310.049999848115,3836.61095509653,Hydrological Layer,SAC N,Tank/Pond
1287,1287,1202,,No,Moderate,Inland,Man-made,,4.55976668908051,,24.3616571477,92.0985390306,Tripura,2186.11373804016,45597.6668908051,Hydrological Layer,SAC N,Tank/Pond
1288,1288,1202,,No,Moderate,Inland,Man-made,,1.24390832674892,,24.3693939198,92.0982468348,Tripura,638.485654213756,12439.0832674892,Hydrological Layer,SAC N,Tank/Pond
1289,1289,1202,,No,Moderate,Inland,Man-made,,0.898057308918856,,24.3538706312,92.1064009268,Tripura,1038.05445077331,8980.57308918857,Hydrological Layer,SAC N,Tank/Pond
1290,1290,1202,,No,Moderate,Inland,Man-made,,0.823738623491542,,24.3718430679,92.1135834249,Tripura,674.048079868766,8237.38623491542,Hydrological Layer,SAC N,Tank/Pond
1291,1291,1202,,No,Moderate,Inland,Man-made,,0.236082184368968,,24.3805015768,92.1800298846,Tripura,233.232076201779,2360.82184368968,Hydrological Layer,SAC N,Tank/Pond
1292,1292,1202,,No,Moderate,Inland,Man-made,,0.340746881450529,,24.3893246223,92.1888003166,Tripura,301.958863191938,3407.46881450529,Hydrological Layer,SAC N,Tank/Pond
1293,1293,1202,,No,Moderate,Inland,Man-made,,1.43313096590393,,24.3912169311,92.1882003609,Tripura,476.218926925068,14331.3096590393,Hydrological Layer,SAC N,Tank/Pond
1294,1294,1202,,No,Moderate,Inland,Man-made,,0.11568642769053,,24.3587767808,92.1166626451,Tripura,142.043834192269,1156.8642769053,Hydrological Layer,SAC N,Tank/Pond
1295,1295,1202,,No,Moderate,Inland,Man-made,,0.530393762739901,,24.3597595083,92.0939741479,Tripura,378.722313825978,5303.93762739901,Hydrological Layer,SAC N,Tank/Pond
1296,1296,1202,,No,Moderate,Inland,Man-made,,0.278173704554324,,24.3606729301,92.096127442,Tripura,219.051040468674,2781.73704554324,Hydrological Layer,SAC N,Tank/Pond
1297,1297,1202,,No,Moderate,Inland,Man-made,,0.682911572973643,,23.2552730277,91.3462535077,Tripura,451.339594943579,6829.11572973643,Hydrological Layer,SAC N,Tank/Pond
1427,1427,1202,,No,Moderate,Inland,Man-made,,0.226915421209972,,24.3428043822,92.0550350452,Tripura,215.170066888918,2269.15421209972,Hydrological Layer,SAC N,Tank/Pond
1298,1298,1101,,No,Moderate,Inland,Natural,,5.83406658497423,,23.2543059317,91.3521804003,Tripura,2959.90085858939,58340.6658497423,Hydrological Layer,SAC N,Lake/Pond
1299,1299,1202,,No,Moderate,Inland,Man-made,,1.24261375459192,,23.6374879812,91.3040842232,Tripura,450.919070517561,12426.1375459192,Hydrological Layer,SAC N,Tank/Pond
1300,1300,1105,,No,Moderate,Inland,Natural,,1.57406681866861,,23.6484645408,91.305500137,Tripura,976.817541658802,15740.6681866861,Hydrological Layer,SAC N,Waterlogged
1301,1301,1105,,No,Moderate,Inland,Natural,,3.51721061728827,,23.6513485304,91.301154762,Tripura,1054.83380334776,35172.1061728827,Hydrological Layer,SAC N,Waterlogged
1302,1302,1105,,No,Moderate,Inland,Natural,,4.43860455038408,,23.6396704854,91.3188763939,Tripura,2493.56965700343,44386.0455038408,Hydrological Layer,SAC N,Waterlogged
1312,1312,1202,,Yes,High,Inland,Man-made,,0.52101956722575,,24.3372135802,92.1085577937,Tripura,453.717603750042,5210.1956722575,Hydrological Layer,SAC N,Tank/Pond
1367,1367,1202,,Yes,High,Inland,Man-made,,0.869118634156162,,24.3300296591,92.0962526134,Tripura,538.854989184534,8691.18634156162,Hydrological Layer,SAC N,Tank/Pond
1303,1303,1105,,No,Moderate,Inland,Natural,,6.6680309148187,,23.6424434364,91.3150239986,Tripura,3542.59886636156,66680.309148187,Hydrological Layer,SAC N,Waterlogged
1304,1304,1202,,No,Moderate,Inland,Man-made,,0.8040627587509,,23.6523698345,91.3138883387,Tripura,391.559775271787,8040.627587509,Hydrological Layer,SAC N,Tank/Pond
1305,1305,1202,,No,Moderate,Inland,Man-made,,0.32339060594526,,23.6555873162,91.3155397574,Tripura,276.300874712627,3233.9060594526,Hydrological Layer,SAC N,Tank/Pond
1306,1306,1202,,No,Moderate,Inland,Man-made,,3.01384815504501,,23.6586130364,91.3160564277,Tripura,1203.98407501915,30138.4815504501,Hydrological Layer,SAC N,Tank/Pond
1307,1307,1202,,No,Moderate,Inland,Man-made,,0.819035484090463,,23.6513245569,91.3145513762,Tripura,404.996869951357,8190.35484090463,Hydrological Layer,SAC N,Tank/Pond
1308,1308,1202,,No,Moderate,Inland,Man-made,,0.451362073080045,,23.6533897867,91.3137945565,Tripura,299.706280210462,4513.62073080045,Hydrological Layer,SAC N,Tank/Pond
1309,1309,1105,,No,Moderate,Inland,Natural,,0.81669990437702,,23.877099666,91.8702942252,Tripura,444.055420387586,8166.9990437702,Hydrological Layer,SAC N,Waterlogged
1310,1310,1105,,No,Moderate,Inland,Natural,,0.721964666759363,,23.8787080128,91.8726447199,Tripura,591.023572578618,7219.64666759363,Hydrological Layer,SAC N,Waterlogged
1315,1315,1202,,Yes,High,Inland,Man-made,,0.829251561495013,,24.3414785843,92.1220997556,Tripura,745.999756715334,8292.51561495013,Hydrological Layer,SAC N,Tank/Pond
1316,1316,1202,,Yes,High,Inland,Man-made,,0.810581558607277,,24.3424680293,92.1143905533,Tripura,799.110446283164,8105.81558607277,Hydrological Layer,SAC N,Tank/Pond
1317,1317,1202,,Yes,High,Inland,Man-made,,0.446496319531419,,24.343903299,92.1143938273,Tripura,333.512847473757,4464.96319531419,Hydrological Layer,SAC N,Tank/Pond
1318,1318,1202,,No,Moderate,Inland,Man-made,,2.52455844763955,,24.361219631,92.1072976965,Tripura,1411.51337188109,25245.5844763955,Hydrological Layer,SAC N,Tank/Pond
1319,1319,1202,,No,Moderate,Inland,Man-made,,1.36931732201778,,24.3629907474,92.105871845,Tripura,817.795366053985,13693.1732201778,Hydrological Layer,SAC N,Tank/Pond
1320,1320,1202,,No,Moderate,Inland,Man-made,,1.51525271412092,,24.3665408332,92.1094815526,Tripura,1077.67250531943,15152.5271412092,Hydrological Layer,SAC N,Tank/Pond
1321,1321,1202,,No,Moderate,Inland,Man-made,,1.25054244465007,,24.3687676594,92.1104752281,Tripura,804.262969242197,12505.4244465007,Hydrological Layer,SAC N,Tank/Pond
1368,1368,1202,,Yes,High,Inland,Man-made,,0.94631470249274,,24.3317485095,92.1080443127,Tripura,761.542294031819,9463.1470249274,Hydrological Layer,SAC N,Tank/Pond
1374,1374,1202,,No,Moderate,Inland,Man-made,,0.358404462584891,,24.3807159969,92.1367610993,Tripura,306.05169322506,3584.04462584891,Hydrological Layer,SAC N,Tank/Pond
1334,1334,1202,,Yes,High,Inland,Man-made,,0.995942507717705,,24.3247290597,92.1107101731,Tripura,799.823146720532,9959.42507717705,Hydrological Layer,SAC N,Tank/Pond
1379,1379,1202,,No,Moderate,Inland,Man-made,,0.737868601668535,,24.3539807249,92.1107784815,Tripura,916.385502876306,7378.68601668535,Hydrological Layer,SAC N,Tank/Pond
1793,1793,1202,,No,Moderate,Inland,Man-made,,0.18875616594783,,24.1489311806,92.041655683,Tripura,179.665933549477,1887.5616594783,Hydrological Layer,SAC N,Tank/Pond
1322,1322,1202,,No,Moderate,Inland,Man-made,,5.08721060687363,,24.3691298012,92.1069440816,Tripura,2400.98731350546,50872.1060687363,Hydrological Layer,SAC N,Tank/Pond
1323,1323,1202,,No,Moderate,Inland,Man-made,,0.194690979507441,,24.3793889986,92.1228071316,Tripura,216.44464733525,1946.90979507441,Hydrological Layer,SAC N,Tank/Pond
1324,1324,1202,,No,Moderate,Inland,Man-made,,0.128139137497448,,24.382266858,92.1295483804,Tripura,152.347612326351,1281.39137497448,Hydrological Layer,SAC N,Tank/Pond
1325,1325,1202,,No,Moderate,Inland,Man-made,,0.434867968482367,,24.3853251992,92.1321306126,Tripura,282.768214080327,4348.67968482367,Hydrological Layer,SAC N,Tank/Pond
1326,1326,1202,,No,Moderate,Inland,Man-made,,0.508370730664992,,24.4061611372,92.146446325,Tripura,305.908405774595,5083.70730664992,Hydrological Layer,SAC N,Tank/Pond
1327,1327,1202,,No,Moderate,Inland,Man-made,,0.157987116264435,,24.4068402662,92.1491122243,Tripura,163.374287312604,1579.87116264435,Hydrological Layer,SAC N,Tank/Pond
1328,1328,1202,,No,Moderate,Inland,Man-made,,0.189730248506281,,24.4093110256,92.1465206236,Tripura,188.383627146322,1897.30248506281,Hydrological Layer,SAC N,Tank/Pond
1329,1329,1202,,No,Moderate,Inland,Man-made,,0.176160647381697,,24.4103912231,92.1466617037,Tripura,173.171901362056,1761.60647381697,Hydrological Layer,SAC N,Tank/Pond
1330,1330,1202,,No,Moderate,Inland,Man-made,,0.26678563235833,,24.4114166406,92.1477354331,Tripura,217.938404214025,2667.8563235833,Hydrological Layer,SAC N,Tank/Pond
1331,1331,1202,,No,Moderate,Inland,Man-made,,0.158108116561448,,24.4132902818,92.1616964735,Tripura,167.608991650599,1581.08116561448,Hydrological Layer,SAC N,Tank/Pond
1332,1332,1202,,Yes,High,Inland,Man-made,,0.322240428073858,,24.3146729503,92.1079264694,Tripura,359.843777680705,3222.40428073858,Hydrological Layer,SAC N,Tank/Pond
1599,1599,1202,,No,Moderate,Inland,Man-made,,0.191158497795432,,24.364261627,92.0524411291,Tripura,216.571854555407,1911.58497795432,Hydrological Layer,SAC N,Tank/Pond
1333,1333,1202,,Yes,High,Inland,Man-made,,1.11861901496284,,24.3231409604,92.1121856778,Tripura,703.969956504721,11186.1901496284,Hydrological Layer,SAC N,Tank/Pond
1335,1335,1202,,No,Moderate,Inland,Man-made,,0.167765606446281,,24.3219531048,92.0929993391,Tripura,222.890125671471,1677.65606446281,Hydrological Layer,SAC N,Tank/Pond
1338,1338,1202,,Yes,High,Inland,Man-made,,1.55733995131175,,24.345607112,92.0911791669,Tripura,1379.03449512049,15573.3995131175,Hydrological Layer,SAC N,Tank/Pond
1339,1339,1202,,No,Moderate,Inland,Man-made,,0.161862454528413,,24.349898904,92.130500151,Tripura,167.531039575573,1618.62454528413,Hydrological Layer,SAC N,Tank/Pond
1340,1340,1202,,No,Moderate,Inland,Man-made,,2.07978575760666,,24.3723991786,92.1171387212,Tripura,1190.23343648974,20797.8575760666,Hydrological Layer,SAC N,Tank/Pond
1341,1341,1202,,No,Moderate,Inland,Man-made,,0.330835210723105,,24.3771098094,92.1318631872,Tripura,286.514688324638,3308.35210723105,Hydrological Layer,SAC N,Tank/Pond
1342,1342,1202,,No,Moderate,Inland,Man-made,,0.756691880309217,,24.3794275774,92.1242830586,Tripura,633.13018014916,7566.91880309217,Hydrological Layer,SAC N,Tank/Pond
1343,1343,1202,,No,Moderate,Inland,Man-made,,0.80567526716543,,24.3798173034,92.1838461788,Tripura,755.50394278772,8056.7526716543,Hydrological Layer,SAC N,Tank/Pond
1344,1344,1202,,No,Moderate,Inland,Man-made,,0.332936215916912,,24.4126172978,92.1631459924,Tripura,255.314195680435,3329.36215916912,Hydrological Layer,SAC N,Tank/Pond
1398,1398,1202,,No,Moderate,Inland,Man-made,,0.351684702258685,,24.3479146846,92.1339429565,Tripura,403.999557658132,3516.84702258685,Hydrological Layer,SAC N,Tank/Pond
1345,1345,1202,,Yes,High,Inland,Man-made,,1.67871300235117,,24.3302620234,92.1330525088,Tripura,840.069238147867,16787.1300235117,Hydrological Layer,SAC N,Tank/Pond
1346,1346,1202,,Yes,High,Inland,Man-made,,0.216647023744446,,24.3392083204,92.1271791703,Tripura,272.253289168358,2166.47023744446,Hydrological Layer,SAC N,Tank/Pond
1428,1428,1202,,No,Moderate,Inland,Man-made,,0.55881825331234,,24.1414573849,92.0238665867,Tripura,518.597762609718,5588.1825331234,Hydrological Layer,SAC N,Tank/Pond
1347,1347,1202,,Yes,High,Inland,Man-made,,0.594695638147948,,24.339235475,92.1308340522,Tripura,537.545551249182,5946.95638147948,Hydrological Layer,SAC N,Tank/Pond
1348,1348,1202,,Yes,High,Inland,Man-made,,0.103738343292356,,24.3407986719,92.1330755545,Tripura,130.467517559734,1037.38343292356,Hydrological Layer,SAC N,Tank/Pond
1369,1369,1202,,Yes,High,Inland,Man-made,,2.30686048400295,,24.3306978069,92.104150264,Tripura,1907.9824657528,23068.6048400295,Hydrological Layer,SAC N,Tank/Pond
1370,1370,1202,,No,Moderate,Inland,Man-made,,1.49946099518729,,24.3251078625,92.0930558533,Tripura,898.213804778643,14994.6099518729,Hydrological Layer,SAC N,Tank/Pond
1371,1371,1202,,No,Moderate,Inland,Man-made,,0.113162082809622,,24.3264738614,92.1005965615,Tripura,180.991537164663,1131.62082809622,Hydrological Layer,SAC N,Tank/Pond
1372,1372,1202,,No,Moderate,Inland,Man-made,,0.678972630103265,,24.3280704167,92.0934088029,Tripura,475.843858316868,6789.72630103265,Hydrological Layer,SAC N,Tank/Pond
1373,1373,1202,,No,Moderate,Inland,Man-made,,0.833980474071912,,24.3564630973,92.1061967167,Tripura,592.351704112716,8339.80474071912,Hydrological Layer,SAC N,Tank/Pond
1375,1375,1202,,Yes,High,Inland,Man-made,,0.607959329087257,,24.3017159124,92.0899631677,Tripura,421.360771147208,6079.59329087257,Hydrological Layer,SAC N,Tank/Pond
1376,1376,1202,,No,Moderate,Inland,Man-made,,0.795058997196739,,24.3630891332,92.2467227372,Tripura,677.128689529727,7950.58997196739,Hydrological Layer,SAC N,Tank/Pond
1387,1387,1202,,Yes,High,Inland,Man-made,,0.584573614777945,,24.3357718568,92.09414992,Tripura,641.738927312706,5845.73614777945,Hydrological Layer,SAC N,Tank/Pond
1388,1388,1202,,Yes,High,Inland,Man-made,,0.745240705301773,,24.3396648498,92.0872450672,Tripura,490.595786988938,7452.40705301773,Hydrological Layer,SAC N,Tank/Pond
1389,1389,1202,,Yes,High,Inland,Man-made,,0.443310228071891,,24.338663954,92.0940797378,Tripura,508.992147073085,4433.10228071891,Hydrological Layer,SAC N,Tank/Pond
1390,1390,1202,,Yes,High,Inland,Man-made,,0.64158445877429,,24.3411917347,92.0966651119,Tripura,613.321835119326,6415.8445877429,Hydrological Layer,SAC N,Tank/Pond
1391,1391,1202,,No,Moderate,Inland,Man-made,,0.126608325319006,,24.3768424775,92.1100713774,Tripura,147.836876264001,1266.08325319006,Hydrological Layer,SAC N,Tank/Pond
1392,1392,1202,,Yes,High,Inland,Man-made,,0.630850255749565,,24.3307741648,92.1312776013,Tripura,414.508572082311,6308.50255749565,Hydrological Layer,SAC N,Tank/Pond
1393,1393,1202,,Yes,High,Inland,Man-made,,0.868071548595913,,24.3323902207,92.1313394175,Tripura,637.725797381809,8680.71548595913,Hydrological Layer,SAC N,Tank/Pond
1394,1394,1202,,No,Moderate,Inland,Man-made,,0.203781499940601,,24.3369370645,92.1385802454,Tripura,182.605931759938,2037.81499940601,Hydrological Layer,SAC N,Tank/Pond
1395,1395,1202,,No,Moderate,Inland,Man-made,,0.179308354023345,,24.337073897,92.1324032015,Tripura,172.400690495547,1793.08354023345,Hydrological Layer,SAC N,Tank/Pond
1396,1396,1202,,Yes,High,Inland,Man-made,,0.177187804225925,,24.3425104489,92.132704559,Tripura,194.807442213169,1771.87804225925,Hydrological Layer,SAC N,Tank/Pond
1397,1397,1202,,No,Moderate,Inland,Man-made,,0.298094783921635,,24.3531552223,92.1363656052,Tripura,234.096331793151,2980.94783921635,Hydrological Layer,SAC N,Tank/Pond
1582,1582,1202,,No,Moderate,Inland,Man-made,,1.09984119652998,,24.3707526898,92.0215993371,Tripura,616.843833061087,10998.4119652998,Hydrological Layer,SAC N,Tank/Pond
1400,1400,1202,,No,Moderate,Inland,Man-made,,2.33845180555646,,24.3502527153,92.1231496192,Tripura,1337.76161532947,23384.5180555646,Hydrological Layer,SAC N,Tank/Pond
1401,1401,1202,,No,Moderate,Inland,Man-made,,0.127092492693853,,24.4161251957,92.1530393044,Tripura,147.142022352393,1270.92492693853,Hydrological Layer,SAC N,Tank/Pond
1402,1402,1202,,No,Moderate,Inland,Man-made,,0.265089875462292,,24.4197804082,92.1523346798,Tripura,207.838073629919,2650.89875462292,Hydrological Layer,SAC N,Tank/Pond
1414,1414,1202,,Yes,High,Inland,Man-made,,0.808371126862564,,24.3136732216,92.0885378673,Tripura,611.46238487277,8083.71126862564,Hydrological Layer,SAC N,Tank/Pond
1415,1415,1202,,Yes,High,Inland,Man-made,,0.222200896467047,,24.3148778126,92.0949100655,Tripura,212.664410287321,2222.00896467047,Hydrological Layer,SAC N,Tank/Pond
1416,1416,1202,,No,Moderate,Inland,Man-made,,0.487048476387997,,24.3657213449,92.2449359673,Tripura,479.091583925703,4870.48476387997,Hydrological Layer,SAC N,Tank/Pond
1417,1417,1202,,No,Moderate,Inland,Man-made,,0.648111994888911,,24.3675280292,92.2533171162,Tripura,676.837040110668,6481.11994888911,Hydrological Layer,SAC N,Tank/Pond
1418,1418,1202,,No,Moderate,Inland,Man-made,,0.85740533930046,,24.3684033056,92.2433800917,Tripura,775.354565601624,8574.0533930046,Hydrological Layer,SAC N,Tank/Pond
1419,1419,1202,,No,Moderate,Inland,Man-made,,1.60028370921509,,24.3693970724,92.2488116499,Tripura,1080.82997900363,16002.8370921509,Hydrological Layer,SAC N,Tank/Pond
1420,1420,1202,,No,Moderate,Inland,Man-made,,0.160410296214732,,24.3719876232,92.1057812912,Tripura,170.358546991628,1604.10296214732,Hydrological Layer,SAC N,Tank/Pond
1421,1421,1202,,No,Moderate,Inland,Man-made,,0.410960937057521,,24.3759813475,92.1098097188,Tripura,257.476245170198,4109.60937057521,Hydrological Layer,SAC N,Tank/Pond
1954,1954,1202,,No,Moderate,Inland,Man-made,,0.249882690032369,,24.3933413504,92.1567201191,Tripura,218.78770043382,2498.82690032369,Hydrological Layer,SAC N,Tank/Pond
1422,1422,1202,,No,Moderate,Inland,Man-made,,0.290268389269911,,24.3583030129,92.110920555,Tripura,349.652412145291,2902.68389269911,Hydrological Layer,SAC N,Tank/Pond
1423,1423,1202,,No,Moderate,Inland,Man-made,,0.188800231933909,,24.3586523297,92.1121947952,Tripura,255.5199631135,1888.00231933909,Hydrological Layer,SAC N,Tank/Pond
1430,1430,1202,,No,Moderate,Inland,Man-made,,13.195344133501,,24.3558538661,92.2495512928,Tripura,5692.19446397507,131953.44133501,Hydrological Layer,SAC N,Tank/Pond
1431,1431,1202,,No,Moderate,Inland,Man-made,,1.52239592149769,,24.3759719202,92.2546343684,Tripura,1013.96913824566,15223.9592149769,Hydrological Layer,SAC N,Tank/Pond
1432,1432,1203,,No,Moderate,Inland,Man-made,,1.31349429950009,,24.3829466688,92.2485894963,Tripura,856.756744461981,13134.9429950009,Hydrological Layer,SAC N,Waterlogged
1433,1433,1203,,No,Moderate,Inland,Man-made,,0.848064089780908,,24.386031425,92.2647364895,Tripura,707.929829253871,8480.64089780908,Hydrological Layer,SAC N,Waterlogged
1434,1434,1203,,No,Moderate,Inland,Man-made,,1.50194841944373,,24.3897340696,92.2655386975,Tripura,1102.59574716762,15019.4841944373,Hydrological Layer,SAC N,Waterlogged
1437,1437,1203,,Yes,High,Inland,Man-made,,2.10117103992222,,24.4180489255,92.2453898737,Tripura,1594.23994835416,21011.7103992222,Hydrological Layer,SAC N,Waterlogged
1438,1438,1203,,Yes,High,Inland,Man-made,,1.16307490354742,,24.4199661748,92.246080378,Tripura,1006.1622260049,11630.7490354742,Hydrological Layer,SAC N,Waterlogged
1439,1439,1203,,Yes,High,Inland,Man-made,,1.73699675847833,,24.4209927485,92.2497195971,Tripura,1390.2031885438,17369.9675847833,Hydrological Layer,SAC N,Waterlogged
1440,1440,1203,,Yes,High,Inland,Man-made,,1.86544542583979,,24.4257655209,92.248230352,Tripura,1456.1376032195,18654.4542583979,Hydrological Layer,SAC N,Waterlogged
1441,1441,1203,,Yes,High,Inland,Man-made,,1.08144388425781,,24.427931873,92.2482256551,Tripura,741.858269487712,10814.4388425781,Hydrological Layer,SAC N,Waterlogged
1484,1484,1202,,No,Moderate,Inland,Man-made,,1.05321667364244,,24.3486440703,92.2253617229,Tripura,560.527397381593,10532.1667364244,Hydrological Layer,SAC N,Tank/Pond
1442,1442,1203,,Yes,High,Inland,Man-made,,1.75473812479578,,24.4297038459,92.2499186223,Tripura,1216.74584919655,17547.3812479578,Hydrological Layer,SAC N,Waterlogged
1443,1443,1203,,Yes,High,Inland,Man-made,,2.35336685959724,,24.4336353802,92.2540510838,Tripura,1802.66529301119,23533.6685959724,Hydrological Layer,SAC N,Waterlogged
1444,1444,1202,,No,Moderate,Inland,Man-made,,2.05109281465873,,24.4031990294,92.251228401,Tripura,1671.78260142875,20510.9281465873,Hydrological Layer,SAC N,Tank/Pond
1445,1445,1202,,No,Moderate,Inland,Man-made,,0.338902898792048,,24.4068380699,92.2529298259,Tripura,259.52920810346,3389.02898792048,Hydrological Layer,SAC N,Tank/Pond
1446,1446,1202,,No,Moderate,Inland,Man-made,,1.21131579398166,,24.410874465,92.2505960868,Tripura,997.370351102017,12113.1579398166,Hydrological Layer,SAC N,Tank/Pond
1447,1447,1202,,No,Moderate,Inland,Man-made,,0.740918052606737,,24.4121734314,92.2555584691,Tripura,450.296340200131,7409.18052606737,Hydrological Layer,SAC N,Tank/Pond
1457,1457,1202,,No,Low,Inland,Man-made,,1.52410736294116,,24.3942279131,92.1871788464,Tripura,810.077784139797,15241.0736294116,Hydrological Layer,SAC N,Tank/Pond
1458,1458,1202,,No,Low,Inland,Man-made,,0.513392445421685,,24.3955594285,92.1894022497,Tripura,316.885418672465,5133.92445421685,Hydrological Layer,SAC N,Tank/Pond
1459,1459,1202,,No,Low,Inland,Man-made,,0.618561929223329,,24.3965721032,92.1906247399,Tripura,550.316806038618,6185.61929223329,Hydrological Layer,SAC N,Tank/Pond
1448,1448,1202,,No,Moderate,Inland,Man-made,,1.32269656219279,,24.4149469362,92.2451532041,Tripura,1525.56077354073,13226.9656219279,Hydrological Layer,SAC N,Tank/Pond
1450,1450,1202,,No,Moderate,Inland,Man-made,,0.98658883062564,,24.3799610371,92.1621311929,Tripura,400.521929182346,9865.8883062564,Hydrological Layer,SAC N,Tank/Pond
1451,1451,1202,,No,Moderate,Inland,Man-made,,0.728866224662388,,24.3813688885,92.1676968317,Tripura,350.386864420268,7288.66224662388,Hydrological Layer,SAC N,Tank/Pond
1452,1452,1202,,No,Moderate,Inland,Man-made,,1.00046460749403,,24.3639204215,92.1667464068,Tripura,529.206554282049,10004.6460749403,Hydrological Layer,SAC N,Tank/Pond
1453,1453,1202,,No,Moderate,Inland,Man-made,,1.03004341964631,,24.3657842546,92.1658424081,Tripura,405.000865923028,10300.4341964631,Hydrological Layer,SAC N,Tank/Pond
1454,1454,1202,,No,Moderate,Inland,Man-made,,0.635303916756016,,24.3814505054,92.1819858672,Tripura,567.065410819778,6353.03916756016,Hydrological Layer,SAC N,Tank/Pond
1455,1455,1202,,No,Moderate,Inland,Man-made,,0.31887124532566,,24.3821188686,92.1831253866,Tripura,332.395656396966,3188.7124532566,Hydrological Layer,SAC N,Tank/Pond
1456,1456,1202,,No,Low,Inland,Man-made,,1.10843522002006,,24.393415581,92.2012898445,Tripura,1060.06332621285,11084.3522002006,Hydrological Layer,SAC N,Tank/Pond
1460,1460,1202,,No,Low,Inland,Man-made,,0.288831036782955,,24.388169194,92.2058031519,Tripura,289.077671082583,2888.31036782955,Hydrological Layer,SAC N,Tank/Pond
1461,1461,1203,,No,Moderate,Inland,Man-made,,0.98256910628817,,24.3873464106,92.2443002943,Tripura,945.899915341582,9825.6910628817,Hydrological Layer,SAC N,Waterlogged
1583,1583,1202,,No,Moderate,Inland,Man-made,,0.334929525871905,,24.3428143813,92.0532132244,Tripura,238.352560472716,3349.29525871905,Hydrological Layer,SAC N,Tank/Pond
1463,1463,1202,,No,Moderate,Inland,Man-made,,0.547827926840696,,24.3915958687,92.2372157277,Tripura,849.4991204615,5478.27926840696,Hydrological Layer,SAC N,Tank/Pond
1464,1464,1202,,No,Moderate,Inland,Man-made,,0.265355714725005,,24.4114390802,92.1991488134,Tripura,208.131193028084,2653.55714725005,Hydrological Layer,SAC N,Tank/Pond
1465,1465,1202,,No,Moderate,Inland,Man-made,,0.106769251625949,,24.4154069779,92.1484364868,Tripura,132.95354910342,1067.69251625949,Hydrological Layer,SAC N,Tank/Pond
1466,1466,1202,,No,Moderate,Inland,Man-made,,0.287325030867844,,24.4180370322,92.1535053212,Tripura,216.246066712691,2873.25030867844,Hydrological Layer,SAC N,Tank/Pond
1467,1467,1202,,No,Moderate,Inland,Man-made,,0.284954059256366,,24.3087712894,92.1167554999,Tripura,214.150595327792,2849.54059256366,Hydrological Layer,SAC N,Tank/Pond
1468,1468,1202,,No,Moderate,Inland,Man-made,,0.467045912422805,,24.3093471793,92.1479767645,Tripura,275.857756543173,4670.45912422805,Hydrological Layer,SAC N,Tank/Pond
1469,1469,1202,,No,Moderate,Inland,Man-made,,0.188379244990423,,24.354894905,92.1119420898,Tripura,213.648651267886,1883.79244990423,Hydrological Layer,SAC N,Tank/Pond
1477,1477,1202,,No,Moderate,Inland,Man-made,,0.213352170854746,,24.3923227989,92.1975367907,Tripura,187.940191077507,2133.52170854746,Hydrological Layer,SAC N,Tank/Pond
1478,1478,1202,,No,Moderate,Inland,Man-made,,0.136661802651695,,24.392539971,92.2120568389,Tripura,157.592705446878,1366.61802651695,Hydrological Layer,SAC N,Tank/Pond
1479,1479,1202,,No,Moderate,Inland,Man-made,,0.292061809624238,,24.3944577926,92.2027390764,Tripura,222.949507944061,2920.61809624238,Hydrological Layer,SAC N,Tank/Pond
1480,1480,1202,,No,Moderate,Inland,Man-made,,0.250060954031001,,24.3958948048,92.206690638,Tripura,202.998417551247,2500.60954031001,Hydrological Layer,SAC N,Tank/Pond
1481,1481,1202,,No,Moderate,Inland,Man-made,,0.475355294566307,,24.3971761702,92.2035560564,Tripura,277.224822587852,4753.55294566307,Hydrological Layer,SAC N,Tank/Pond
1482,1482,1202,,No,Moderate,Inland,Man-made,,0.710974772942007,,24.3409926769,92.2230029011,Tripura,448.231982866421,7109.74772942007,Hydrological Layer,SAC N,Tank/Pond
1470,1470,1101,,No,Moderate,Inland,Natural,,4.75611559338081,,23.2427657374,91.348204256,Tripura,3398.61854694958,47561.1559338081,Hydrological Layer,SAC N,Lake/Pond
1471,1471,1202,,No,Low,Inland,Man-made,,0.276352144649376,,24.3890232,92.2052300935,Tripura,222.528333887693,2763.52144649376,Hydrological Layer,SAC N,Tank/Pond
1584,1584,1202,,No,Moderate,Inland,Man-made,,0.311991805212524,,24.3631727659,92.0455952407,Tripura,336.6492303918,3119.91805212524,Hydrological Layer,SAC N,Tank/Pond
1472,1472,1202,,No,Low,Inland,Man-made,,0.677116355654144,,24.3888359982,92.2006834054,Tripura,543.599981354576,6771.16355654144,Hydrological Layer,SAC N,Tank/Pond
1473,1473,1202,,No,Low,Inland,Man-made,,0.61497644860317,,24.3892251044,92.2091881522,Tripura,464.494806526465,6149.7644860317,Hydrological Layer,SAC N,Tank/Pond
1474,1474,1202,,No,Low,Inland,Man-made,,1.41132178402319,,24.3913262651,92.2066139042,Tripura,1100.68989416599,14113.2178402319,Hydrological Layer,SAC N,Tank/Pond
1475,1475,1202,,No,Low,Inland,Man-made,,0.607223138095381,,24.3929315028,92.2063418974,Tripura,397.057792159456,6072.23138095381,Hydrological Layer,SAC N,Tank/Pond
1476,1476,1202,,No,Moderate,Inland,Man-made,,0.129634608135701,,24.3907932436,92.2092141426,Tripura,150.733537318048,1296.34608135701,Hydrological Layer,SAC N,Tank/Pond
1489,1489,1202,,No,Moderate,Inland,Man-made,,1.13664684057181,,24.3525640233,92.2157057711,Tripura,1127.04897371179,11366.4684057181,Hydrological Layer,SAC N,Tank/Pond
1490,1490,1202,,No,Moderate,Inland,Man-made,,1.90605285404985,,24.3530612957,92.213560435,Tripura,1281.01468997867,19060.5285404985,Hydrological Layer,SAC N,Tank/Pond
1491,1491,1202,,No,Moderate,Inland,Man-made,,1.35455253486897,,24.3569808275,92.2261514535,Tripura,900.426592292635,13545.5253486897,Hydrological Layer,SAC N,Tank/Pond
1492,1492,1202,,No,Moderate,Inland,Man-made,,0.945324092799032,,24.3574265272,92.2291247749,Tripura,453.946081026345,9453.24092799032,Hydrological Layer,SAC N,Tank/Pond
1493,1493,1202,,No,Moderate,Inland,Man-made,,0.241294681821276,,24.3584639869,92.2298817734,Tripura,249.251102687618,2412.94681821276,Hydrological Layer,SAC N,Tank/Pond
1494,1494,1202,,No,Moderate,Inland,Man-made,,0.465511277391902,,24.3601628488,92.2268624386,Tripura,481.06451477432,4655.11277391902,Hydrological Layer,SAC N,Tank/Pond
1495,1495,1202,,No,Moderate,Inland,Man-made,,1.89595154440679,,24.3616816923,92.2289138764,Tripura,1374.89706808513,18959.5154440679,Hydrological Layer,SAC N,Tank/Pond
1496,1496,1202,,No,Moderate,Inland,Man-made,,0.34183478564156,,24.3634530305,92.2309221049,Tripura,303.326832009346,3418.3478564156,Hydrological Layer,SAC N,Tank/Pond
1499,1499,1202,,No,Moderate,Inland,Man-made,,0.562182540890918,,24.3648426622,92.2224327945,Tripura,561.406187740693,5621.82540890918,Hydrological Layer,SAC N,Tank/Pond
1500,1500,1202,,No,Moderate,Inland,Man-made,,3.62423652109858,,24.3665317647,92.2317075865,Tripura,1569.06778797615,36242.3652109858,Hydrological Layer,SAC N,Tank/Pond
1501,1501,1202,,No,Moderate,Inland,Man-made,,3.13340400768105,,24.3700590456,92.2321093034,Tripura,1568.21368960444,31334.0400768105,Hydrological Layer,SAC N,Tank/Pond
1502,1502,1202,,No,Moderate,Inland,Man-made,,0.301306033190064,,24.3768143865,92.2433746823,Tripura,355.06304783462,3013.06033190064,Hydrological Layer,SAC N,Tank/Pond
1503,1503,1202,,No,Moderate,Inland,Man-made,,1.17778971314268,,24.3779649124,92.2342383972,Tripura,886.057140331437,11777.8971314268,Hydrological Layer,SAC N,Tank/Pond
1504,1504,1202,,No,Moderate,Inland,Man-made,,0.229685409505961,,24.3795459016,92.2358758299,Tripura,314.256444676148,2296.85409505961,Hydrological Layer,SAC N,Tank/Pond
1505,1505,1202,,No,Moderate,Inland,Man-made,,1.40461640993203,,24.3816212099,92.2355548558,Tripura,1182.52514296073,14046.1640993203,Hydrological Layer,SAC N,Tank/Pond
1506,1506,1202,,No,Moderate,Inland,Man-made,,0.199180681282027,,24.3906591817,92.1335338556,Tripura,183.824591352835,1991.80681282027,Hydrological Layer,SAC N,Tank/Pond
1515,1515,1202,,No,Moderate,Inland,Man-made,,1.14196229093634,,24.2557134439,92.1057722375,Tripura,866.542709770944,11419.6229093634,Hydrological Layer,SAC N,Tank/Pond
1516,1516,1202,,No,Moderate,Inland,Man-made,,3.42265233261629,,24.2551234579,92.1136071368,Tripura,2064.77599189731,34226.5233261629,Hydrological Layer,SAC N,Tank/Pond
1517,1517,1202,,No,Moderate,Inland,Man-made,,1.46395582726986,,24.2582236658,92.120212234,Tripura,1177.47371668065,14639.5582726986,Hydrological Layer,SAC N,Tank/Pond
1518,1518,1202,,No,Moderate,Inland,Man-made,,1.1386821156996,,24.2590889976,92.1174765852,Tripura,795.376218314958,11386.821156996,Hydrological Layer,SAC N,Tank/Pond
1519,1519,1202,,No,Moderate,Inland,Man-made,,4.34109099177568,,24.2584809595,92.1103250469,Tripura,2173.46468143919,43410.9099177568,Hydrological Layer,SAC N,Tank/Pond
1520,1520,1202,,No,Moderate,Inland,Man-made,,0.66345428583462,,24.3675227383,92.0587494976,Tripura,333.942951473541,6634.5428583462,Hydrological Layer,SAC N,Tank/Pond
1521,1521,1202,,No,Moderate,Inland,Man-made,,3.29224074322343,,24.3688801595,92.04285245,Tripura,1912.08581964686,32922.4074322343,Hydrological Layer,SAC N,Tank/Pond
1523,1523,1202,,No,Moderate,Inland,Man-made,,2.29483016104278,,24.3704779538,92.0641474519,Tripura,1571.61694227788,22948.3016104278,Hydrological Layer,SAC N,Tank/Pond
1524,1524,1202,,No,Moderate,Inland,Man-made,,0.569275430356568,,24.3713654402,92.0535126713,Tripura,482.750983044987,5692.75430356568,Hydrological Layer,SAC N,Tank/Pond
1525,1525,1202,,No,Moderate,Inland,Man-made,,0.417022294963213,,24.3733878523,92.0563559866,Tripura,344.373113753574,4170.22294963213,Hydrological Layer,SAC N,Tank/Pond
1526,1526,1202,,No,Moderate,Inland,Man-made,,1.92226562258562,,24.3501433035,92.0571157458,Tripura,1200.28683492646,19222.6562258562,Hydrological Layer,SAC N,Tank/Pond
1527,1527,1202,,No,Moderate,Inland,Man-made,,1.21419893220887,,24.3516859373,92.0513522266,Tripura,928.825082802274,12141.9893220887,Hydrological Layer,SAC N,Tank/Pond
1528,1528,1202,,No,Moderate,Inland,Man-made,,0.677022361910562,,24.3526073957,92.0584036411,Tripura,594.505240647183,6770.22361910562,Hydrological Layer,SAC N,Tank/Pond
1529,1529,1202,,No,Moderate,Inland,Man-made,,1.11924271485196,,24.3538175062,92.0576612936,Tripura,890.881790972808,11192.4271485196,Hydrological Layer,SAC N,Tank/Pond
1655,1655,1202,,No,Moderate,Inland,Man-made,,0.743030312122472,,24.3305946791,92.0113367922,Tripura,367.872424862951,7430.30312122472,Hydrological Layer,SAC N,Tank/Pond
1531,1531,1202,,No,Moderate,Inland,Man-made,,7.33747712520832,,24.3549948399,92.0550575683,Tripura,2446.96867942269,73374.7712520832,Hydrological Layer,SAC N,Tank/Pond
1532,1532,1202,,No,Moderate,Inland,Man-made,,2.90816019423169,,24.3653445083,92.0553779666,Tripura,2024.91379607132,29081.6019423169,Hydrological Layer,SAC N,Tank/Pond
1533,1533,1202,,No,Moderate,Inland,Man-made,,0.186954541541543,,24.3063975075,92.1071102342,Tripura,176.10818168596,1869.54541541543,Hydrological Layer,SAC N,Tank/Pond
1534,1534,1202,,No,Moderate,Inland,Man-made,,0.433792058761314,,24.3459603304,92.0573646679,Tripura,286.559455704021,4337.92058761314,Hydrological Layer,SAC N,Tank/Pond
1535,1535,1202,,No,Moderate,Inland,Man-made,,0.541918766268205,,24.3464337491,92.061009642,Tripura,429.807554603725,5419.18766268205,Hydrological Layer,SAC N,Tank/Pond
1536,1536,1202,,No,Moderate,Inland,Man-made,,0.32157526708646,,24.3530178802,92.0616368028,Tripura,232.331846160955,3215.7526708646,Hydrological Layer,SAC N,Tank/Pond
1537,1537,1202,,No,Moderate,Inland,Man-made,,0.330635924893238,,24.3483661795,92.0604404568,Tripura,239.689824914979,3306.35924893238,Hydrological Layer,SAC N,Tank/Pond
1538,1538,1202,,No,Moderate,Inland,Man-made,,0.628437122949379,,24.3484698296,92.0616259191,Tripura,374.692482187268,6284.37122949379,Hydrological Layer,SAC N,Tank/Pond
1539,1539,1202,,No,Moderate,Inland,Man-made,,0.225713844709357,,24.3438084511,92.0545589947,Tripura,192.616056945672,2257.13844709357,Hydrological Layer,SAC N,Tank/Pond
1540,1540,1202,,No,Moderate,Inland,Man-made,,0.14732607132479,,24.3467353135,92.0536900144,Tripura,161.801239515865,1473.2607132479,Hydrological Layer,SAC N,Tank/Pond
1541,1541,1202,,No,Moderate,Inland,Man-made,,0.142116341774264,,24.3480454707,92.0548727348,Tripura,157.687341812169,1421.16341774264,Hydrological Layer,SAC N,Tank/Pond
1656,1656,1202,,No,Moderate,Inland,Man-made,,0.546361013081919,,24.3314798312,92.0170226328,Tripura,309.089952112892,5463.61013081919,Hydrological Layer,SAC N,Tank/Pond
1542,1542,1202,,No,Moderate,Inland,Man-made,,0.275461507740806,,24.3426762159,92.0646132857,Tripura,348.889747396192,2754.61507740806,Hydrological Layer,SAC N,Tank/Pond
1970,1970,1202,,Yes,High,Inland,Man-made,,0.582166560678753,,23.4780413712,91.3298085698,Tripura,319.489128678025,5821.66560678753,Hydrological Layer,SAC N,Tank/Pond
1547,1547,1202,,Yes,High,Inland,Man-made,,0.916073295650795,,24.3333551776,92.0558069743,Tripura,770.985161085945,9160.73295650795,Hydrological Layer,SAC N,Tank/Pond
1548,1548,1202,,Yes,High,Inland,Man-made,,0.673735280128125,,24.3290851911,92.0483258922,Tripura,475.803466090158,6737.35280128125,Hydrological Layer,SAC N,Tank/Pond
1549,1549,1202,,Yes,High,Inland,Man-made,,3.76993536648177,,24.3292079747,92.0564180158,Tripura,1479.78995680726,37699.3536648177,Hydrological Layer,SAC N,Tank/Pond
1550,1550,1202,,No,Moderate,Inland,Man-made,,0.188249941661906,,24.3454731299,92.0532410156,Tripura,184.936119111904,1882.49941661906,Hydrological Layer,SAC N,Tank/Pond
1551,1551,1202,,No,Moderate,Inland,Man-made,,0.988646186549333,,23.4520932668,91.2633558317,Tripura,442.458180813534,9886.46186549333,Hydrological Layer,SAC N,Tank/Pond
1552,1552,1105,,No,Moderate,Inland,Natural,,1.76336917221854,,23.5909954304,91.8097306928,Tripura,1053.83342586857,17633.6917221854,Hydrological Layer,SAC N,Waterlogged
1553,1553,1105,,No,Moderate,Inland,Natural,,0.717996106410065,,23.5921899126,91.80974714,Tripura,503.7346743727,7179.96106410065,Hydrological Layer,SAC N,Waterlogged
1554,1554,1202,,No,Moderate,Inland,Man-made,,1.002986184948,,24.342827072,92.0612536528,Tripura,712.829536001386,10029.86184948,Hydrological Layer,SAC N,Tank/Pond
1555,1555,1202,,No,Moderate,Inland,Man-made,,0.498507033483799,,24.345141007,92.0548502031,Tripura,304.266684786917,4985.07033483799,Hydrological Layer,SAC N,Tank/Pond
1556,1556,1202,,No,Moderate,Inland,Man-made,,0.623764808007854,,24.3398818416,92.0572920976,Tripura,307.982482703867,6237.64808007854,Hydrological Layer,SAC N,Tank/Pond
1572,1572,1202,,Yes,High,Inland,Man-made,,0.842118019868037,,24.3357965842,92.0500226836,Tripura,608.080922533822,8421.18019868037,Hydrological Layer,SAC N,Tank/Pond
1573,1573,1202,,No,Moderate,Inland,Man-made,,0.131083628462374,,24.3313682189,92.052150231,Tripura,147.769296588409,1310.83628462374,Hydrological Layer,SAC N,Tank/Pond
1559,1559,1202,,Yes,High,Inland,Man-made,,0.734598748728069,,24.3332043794,92.0612491164,Tripura,702.478493978664,7345.98748728069,Hydrological Layer,SAC N,Tank/Pond
1560,1560,1202,,Yes,High,Inland,Man-made,,0.28496865104001,,24.334692575,92.0499671602,Tripura,199.598389456281,2849.6865104001,Hydrological Layer,SAC N,Tank/Pond
1561,1561,1202,,Yes,High,Inland,Man-made,,0.410751834680089,,24.33716389,92.0499336939,Tripura,346.392722782202,4107.51834680089,Hydrological Layer,SAC N,Tank/Pond
1562,1562,1202,,Yes,High,Inland,Man-made,,0.449959970980295,,24.3382962106,92.0543197791,Tripura,397.572296857782,4499.59970980295,Hydrological Layer,SAC N,Tank/Pond
1563,1563,1202,,Yes,High,Inland,Man-made,,0.309284532562094,,24.3381451995,92.0506123157,Tripura,509.031156381413,3092.84532562094,Hydrological Layer,SAC N,Tank/Pond
1564,1564,1202,,No,Moderate,Inland,Man-made,,0.233982534451486,,24.3349942325,92.0531999606,Tripura,213.464517340227,2339.82534451486,Hydrological Layer,SAC N,Tank/Pond
1565,1565,1202,,No,Moderate,Inland,Man-made,,0.234908462699832,,24.3358345943,92.0556511936,Tripura,200.887131722075,2349.08462699832,Hydrological Layer,SAC N,Tank/Pond
1566,1566,1202,,No,Moderate,Inland,Man-made,,0.292793834055235,,24.336775836,92.0561383251,Tripura,231.53035758907,2927.93834055235,Hydrological Layer,SAC N,Tank/Pond
1567,1567,1202,,No,Moderate,Inland,Man-made,,0.15758707806481,,24.3374567941,92.0568223451,Tripura,203.953758711342,1575.8707806481,Hydrological Layer,SAC N,Tank/Pond
1568,1568,1202,,No,Moderate,Inland,Man-made,,0.21909020630145,,24.3350355704,92.0578098657,Tripura,190.86272101383,2190.9020630145,Hydrological Layer,SAC N,Tank/Pond
1576,1576,1202,,Yes,High,Inland,Man-made,,7.17456537727297,,24.3239876764,92.0562293834,Tripura,2706.84877695759,71745.6537727297,Hydrological Layer,SAC N,Tank/Pond
1577,1577,1202,,No,Moderate,Inland,Man-made,,0.838921904779901,,24.3448908191,92.0595074273,Tripura,353.050328520576,8389.21904779901,Hydrological Layer,SAC N,Tank/Pond
1578,1578,1202,,No,Moderate,Inland,Man-made,,0.43680904928004,,24.3454538607,92.0602161471,Tripura,284.536971110362,4368.0904928004,Hydrological Layer,SAC N,Tank/Pond
1579,1579,1202,,No,Moderate,Inland,Man-made,,2.29763123622424,,24.3478617725,92.0585149574,Tripura,1135.84907911834,22976.3123622424,Hydrological Layer,SAC N,Tank/Pond
1580,1580,1202,,No,Moderate,Inland,Man-made,,0.860047373728919,,24.3519694054,92.0644406561,Tripura,513.537131691917,8600.47373728919,Hydrological Layer,SAC N,Tank/Pond
1600,1600,1202,,No,Moderate,Inland,Man-made,,0.10171831603431,,24.3647409914,92.044286227,Tripura,162.476153754502,1017.1831603431,Hydrological Layer,SAC N,Tank/Pond
1601,1601,1202,,No,Moderate,Inland,Man-made,,0.287330607921162,,24.3651122316,92.0437858842,Tripura,325.008733420107,2873.30607921162,Hydrological Layer,SAC N,Tank/Pond
1602,1602,1202,,No,Moderate,Inland,Man-made,,0.495181481714667,,24.3652922317,92.0523830642,Tripura,441.402851940514,4951.81481714667,Hydrological Layer,SAC N,Tank/Pond
1615,1615,1202,,No,Moderate,Inland,Man-made,,0.539394434087058,,24.3821425523,92.0207226088,Tripura,381.211814550526,5393.94434087058,Hydrological Layer,SAC N,Tank/Pond
1581,1581,1202,,No,Moderate,Inland,Man-made,,3.00927703508051,,24.3673600457,92.0307834629,Tripura,2324.69044691381,30092.7703508051,Hydrological Layer,SAC N,Tank/Pond
1587,1587,1202,,No,Moderate,Inland,Man-made,,0.937030086137547,,24.3738245529,92.0374227302,Tripura,827.050196389601,9370.30086137547,Hydrological Layer,SAC N,Tank/Pond
1588,1588,1202,,No,Moderate,Inland,Man-made,,0.328336681096737,,24.3769882814,92.0375709568,Tripura,241.37463333004,3283.36681096737,Hydrological Layer,SAC N,Tank/Pond
1589,1589,1202,,No,Moderate,Inland,Man-made,,0.431924979099513,,24.3536264153,92.0163845319,Tripura,391.346280112727,4319.24979099513,Hydrological Layer,SAC N,Tank/Pond
1590,1590,1202,,No,Moderate,Inland,Man-made,,0.982384053243841,,24.3636963774,92.0181194941,Tripura,677.51064051448,9823.84053243841,Hydrological Layer,SAC N,Tank/Pond
1591,1591,1202,,No,Moderate,Inland,Man-made,,0.223170901918734,,24.3489310507,92.0212433594,Tripura,199.226901466402,2231.70901918734,Hydrological Layer,SAC N,Tank/Pond
1592,1592,1202,,No,Moderate,Inland,Man-made,,0.270907180028327,,24.3519976154,92.0218224813,Tripura,264.589875186457,2709.07180028327,Hydrological Layer,SAC N,Tank/Pond
1593,1593,1202,,No,Moderate,Inland,Man-made,,0.308708148507752,,24.3527121831,92.0237241956,Tripura,285.71707812266,3087.08148507752,Hydrological Layer,SAC N,Tank/Pond
1594,1594,1202,,No,Moderate,Inland,Man-made,,0.257123478793814,,24.3639697532,92.0042921398,Tripura,256.527466110287,2571.23478793814,Hydrological Layer,SAC N,Tank/Pond
1595,1595,1202,,No,Moderate,Inland,Man-made,,0.235919793158259,,24.3410268381,91.9961767503,Tripura,206.893261621063,2359.19793158259,Hydrological Layer,SAC N,Tank/Pond
1596,1596,1202,,No,Moderate,Inland,Man-made,,0.209416694789455,,24.3412178661,91.9968626519,Tripura,188.828189223789,2094.16694789455,Hydrological Layer,SAC N,Tank/Pond
1597,1597,1202,,No,Moderate,Inland,Man-made,,0.161374691749806,,24.3417186579,91.9967895892,Tripura,162.704557444374,1613.74691749806,Hydrological Layer,SAC N,Tank/Pond
1603,1603,1202,,No,Moderate,Inland,Man-made,,3.52131912767394,,24.3774155433,92.0048100685,Tripura,1251.76593852788,35213.1912767394,Hydrological Layer,SAC N,Tank/Pond
1795,1795,1202,,No,Moderate,Inland,Man-made,,0.19233033280551,,24.1493051652,92.0433892922,Tripura,185.504630143516,1923.3033280551,Hydrological Layer,SAC N,Tank/Pond
1605,1605,1202,,No,Moderate,Inland,Man-made,,0.741607724917112,,24.380557741,92.0090621254,Tripura,454.373996722191,7416.07724917112,Hydrological Layer,SAC N,Tank/Pond
1606,1606,1202,,No,Moderate,Inland,Man-made,,2.59698310242579,,24.3800641901,92.0020816522,Tripura,952.065364417709,25969.8310242579,Hydrological Layer,SAC N,Tank/Pond
1607,1607,1202,,No,Moderate,Inland,Man-made,,0.369047596645359,,24.3810632859,92.0114764566,Tripura,310.541772396293,3690.47596645359,Hydrological Layer,SAC N,Tank/Pond
1608,1608,1202,,No,Moderate,Inland,Man-made,,0.427303371797891,,24.3814810668,92.0067162412,Tripura,255.533028441975,4273.03371797891,Hydrological Layer,SAC N,Tank/Pond
1609,1609,1202,,No,Moderate,Inland,Man-made,,0.754935473467088,,24.3812108564,92.0130332445,Tripura,569.462132158091,7549.35473467088,Hydrological Layer,SAC N,Tank/Pond
1610,1610,1202,,No,Moderate,Inland,Man-made,,4.43233252464342,,24.3794821382,92.0125571016,Tripura,1704.39368765843,44323.3252464342,Hydrological Layer,SAC N,Tank/Pond
1611,1611,1202,,No,Moderate,Inland,Man-made,,0.633511514774031,,24.3817707332,92.0106537684,Tripura,408.093047745572,6335.11514774031,Hydrological Layer,SAC N,Tank/Pond
1612,1612,1202,,No,Moderate,Inland,Man-made,,0.68645336330704,,24.3817974225,92.0171388972,Tripura,720.399856419703,6864.53363307039,Hydrological Layer,SAC N,Tank/Pond
1613,1613,1202,,No,Moderate,Inland,Man-made,,0.291748430390285,,24.3820593218,92.0041163251,Tripura,281.276099521071,2917.48430390285,Hydrological Layer,SAC N,Tank/Pond
1657,1657,1202,,No,Moderate,Inland,Man-made,,0.269236633634385,,24.3371853012,92.0109713676,Tripura,214.635288652009,2692.36633634385,Hydrological Layer,SAC N,Tank/Pond
1614,1614,1202,,No,Moderate,Inland,Man-made,,0.208828912469214,,24.3820586341,92.019405511,Tripura,251.11621981576,2088.28912469214,Hydrological Layer,SAC N,Tank/Pond
1616,1616,1202,,No,Moderate,Inland,Man-made,,2.01800771476878,,24.3818320078,92.004926615,Tripura,850.452017868483,20180.0771476878,Hydrological Layer,SAC N,Tank/Pond
1796,1796,1202,,No,Moderate,Inland,Man-made,,0.395321647342275,,24.1495087194,92.0416673822,Tripura,268.099875165177,3953.21647342275,Hydrological Layer,SAC N,Tank/Pond
1617,1617,1202,,No,Moderate,Inland,Man-made,,0.365745134346702,,24.3830415788,92.0188434082,Tripura,359.027073714903,3657.45134346702,Hydrological Layer,SAC N,Tank/Pond
1618,1618,1202,,No,Moderate,Inland,Man-made,,1.24862846428017,,24.3833412793,92.0030056453,Tripura,542.228976141739,12486.2846428017,Hydrological Layer,SAC N,Tank/Pond
1619,1619,1202,,No,Moderate,Inland,Man-made,,0.420540475071264,,24.3859590228,92.0025842525,Tripura,415.919651982391,4205.40475071264,Hydrological Layer,SAC N,Tank/Pond
1620,1620,1202,,No,Moderate,Inland,Man-made,,0.543435937053336,,24.3865426262,92.001856321,Tripura,313.784226488305,5434.35937053336,Hydrological Layer,SAC N,Tank/Pond
1621,1621,1202,,No,Moderate,Inland,Man-made,,0.572943092486978,,24.3758923822,92.010095107,Tripura,341.588520809678,5729.43092486978,Hydrological Layer,SAC N,Tank/Pond
1622,1622,1202,,No,Moderate,Inland,Man-made,,0.14853922536948,,24.3770960468,92.0077519062,Tripura,156.248374038051,1485.3922536948,Hydrological Layer,SAC N,Tank/Pond
1623,1623,1202,,No,Moderate,Inland,Man-made,,0.263854614331055,,24.3776519922,92.0082732427,Tripura,213.473148906998,2638.54614331055,Hydrological Layer,SAC N,Tank/Pond
1624,1624,1202,,No,Moderate,Inland,Man-made,,0.362019292393101,,24.3779176762,92.0097180424,Tripura,250.872016117782,3620.19292393101,Hydrological Layer,SAC N,Tank/Pond
1625,1625,1202,,No,Moderate,Inland,Man-made,,0.502078127702533,,24.3780329748,92.022996676,Tripura,331.798676405509,5020.78127702533,Hydrological Layer,SAC N,Tank/Pond
1626,1626,1202,,No,Moderate,Inland,Man-made,,0.236930941833564,,24.3788906859,92.0063790136,Tripura,199.300961056132,2369.30941833564,Hydrological Layer,SAC N,Tank/Pond
1627,1627,1202,,No,Moderate,Inland,Man-made,,0.878799047489886,,24.3790050778,92.0035552811,Tripura,391.608303934398,8787.99047489886,Hydrological Layer,SAC N,Tank/Pond
1628,1628,1202,,No,Moderate,Inland,Man-made,,0.249854753762963,,24.3797210904,92.0091519083,Tripura,202.037808793149,2498.54753762963,Hydrological Layer,SAC N,Tank/Pond
1629,1629,1202,,No,Moderate,Inland,Man-made,,3.25927050754974,,24.3733059967,92.0080852577,Tripura,922.789956533293,32592.7050754974,Hydrological Layer,SAC N,Tank/Pond
1630,1630,1202,,No,Moderate,Inland,Man-made,,0.435090008511394,,24.3710070761,92.0277181295,Tripura,313.288042543693,4350.90008511394,Hydrological Layer,SAC N,Tank/Pond
1631,1631,1202,,No,Moderate,Inland,Man-made,,0.179464789556477,,24.3713899684,92.0231826171,Tripura,222.088870348172,1794.64789556477,Hydrological Layer,SAC N,Tank/Pond
1632,1632,1202,,No,Moderate,Inland,Man-made,,0.465699282857692,,24.3726550321,92.0238613241,Tripura,404.195404650148,4656.99282857692,Hydrological Layer,SAC N,Tank/Pond
1633,1633,1202,,No,Moderate,Inland,Man-made,,0.385937118866014,,24.3750869556,92.025079046,Tripura,343.525369455883,3859.37118866014,Hydrological Layer,SAC N,Tank/Pond
1634,1634,1202,,No,Moderate,Inland,Man-made,,2.0632339304998,,24.3643284711,91.9986467461,Tripura,905.769751621737,20632.339304998,Hydrological Layer,SAC N,Tank/Pond
1635,1635,1202,,No,Moderate,Inland,Man-made,,0.154812490602565,,24.3666035017,92.0100316574,Tripura,231.776848736029,1548.12490602565,Hydrological Layer,SAC N,Tank/Pond
1797,1797,1202,,No,Moderate,Inland,Man-made,,0.144747257321709,,24.1496471957,92.0439395477,Tripura,158.388119034758,1447.47257321709,Hydrological Layer,SAC N,Tank/Pond
1636,1636,1202,,No,Moderate,Inland,Man-made,,2.11342216699787,,24.3665333473,91.9989985314,Tripura,965.194847172145,21134.2216699787,Hydrological Layer,SAC N,Tank/Pond
1637,1637,1202,,No,Moderate,Inland,Man-made,,2.02791403203927,,24.3687647849,91.9972743237,Tripura,838.043120171243,20279.1403203927,Hydrological Layer,SAC N,Tank/Pond
1638,1638,1202,,No,Moderate,Inland,Man-made,,0.152204483746293,,24.3657740934,91.9993709413,Tripura,180.261781207609,1522.04483746293,Hydrological Layer,SAC N,Tank/Pond
1639,1639,1202,,No,Moderate,Inland,Man-made,,0.139573908778461,,24.3658801105,91.9990156572,Tripura,184.83535004244,1395.73908778461,Hydrological Layer,SAC N,Tank/Pond
1640,1640,1202,,No,Moderate,Inland,Man-made,,0.256954949523222,,24.3675841184,92.0098600462,Tripura,240.324642536116,2569.54949523222,Hydrological Layer,SAC N,Tank/Pond
1641,1641,1202,,No,Moderate,Inland,Man-made,,0.135460880294922,,24.342814109,91.9974026895,Tripura,149.400271936801,1354.60880294922,Hydrological Layer,SAC N,Tank/Pond
1642,1642,1202,,No,Moderate,Inland,Man-made,,0.287331584074935,,24.3444102016,91.995530437,Tripura,243.250737079967,2873.31584074935,Hydrological Layer,SAC N,Tank/Pond
1643,1643,1202,,No,Moderate,Inland,Man-made,,0.209844727409246,,24.3490987078,92.0016746062,Tripura,198.212401914151,2098.44727409246,Hydrological Layer,SAC N,Tank/Pond
1648,1648,1202,,No,Moderate,Inland,Man-made,,0.186364185340562,,24.3805185764,92.0255761025,Tripura,188.037169160743,1863.64185340562,Hydrological Layer,SAC N,Tank/Pond
1649,1649,1202,,No,Moderate,Inland,Man-made,,0.96753831765563,,24.3727090455,92.0107820515,Tripura,404.258076155585,9675.3831765563,Hydrological Layer,SAC N,Tank/Pond
1650,1650,1202,,No,Moderate,Inland,Man-made,,0.98651600780322,,24.3879031882,91.9966994987,Tripura,424.088215014118,9865.1600780322,Hydrological Layer,SAC N,Tank/Pond
1658,1658,1202,,No,Moderate,Inland,Man-made,,0.322007005693696,,24.3391861651,92.0222494653,Tripura,238.189306119216,3220.07005693696,Hydrological Layer,SAC N,Tank/Pond
1651,1651,1202,,No,Moderate,Inland,Man-made,,1.8329292936223,,24.3631543556,92.0004606174,Tripura,615.296611491411,18329.292936223,Hydrological Layer,SAC N,Tank/Pond
1713,1713,1202,,No,Moderate,Inland,Man-made,,0.559119363317474,,24.0807870286,92.0193442327,Tripura,466.766084614912,5591.19363317474,Hydrological Layer,SAC N,Tank/Pond
1652,1652,1202,,No,Moderate,Inland,Man-made,,1.09975717030506,,24.3658051118,92.0135739145,Tripura,697.852290686859,10997.5717030506,Hydrological Layer,SAC N,Tank/Pond
1653,1653,1202,,No,Moderate,Inland,Man-made,,3.58819707171837,,24.3658807749,92.0101371564,Tripura,1944.25140483183,35881.9707171837,Hydrological Layer,SAC N,Tank/Pond
1677,1677,1202,,No,Moderate,Inland,Man-made,,1.13827284943292,,24.3511579341,92.0016244293,Tripura,690.147836840309,11382.7284943292,Hydrological Layer,SAC N,Tank/Pond
1645,1645,1202,,No,Moderate,Inland,Man-made,,4.57834114573032,,24.3729704168,92.0416151947,Tripura,2523.00461583974,45783.4114573032,Hydrological Layer,SAC N,Tank/Pond
1654,1654,1202,,No,Moderate,Inland,Man-made,,5.48666865580515,,24.3748823504,92.0131891424,Tripura,2194.20919235314,54866.6865580515,Hydrological Layer,SAC N,Tank/Pond
5053,5053,1202,,No,Moderate,Inland,Man-made,,0.664711406778215,,23.1712478145,91.6984433886,Tripura,512.258101420131,6647.11406778215,Hydrological Layer,SAC N,Tank/Pond
1644,1644,1202,,No,Moderate,Inland,Man-made,,41.5239361388157,,24.359588276,92.0067844211,Tripura,11199.9279579747,415239.361388157,Hydrological Layer,SAC N,Tank/Pond
1659,1659,1202,,No,Moderate,Inland,Man-made,,0.393947868901375,,24.3396246352,92.0232824351,Tripura,266.026386386225,3939.47868901375,Hydrological Layer,SAC N,Tank/Pond
1660,1660,1202,,No,Moderate,Inland,Man-made,,0.276560672257759,,24.3429080005,92.0173761382,Tripura,211.172183653241,2765.60672257759,Hydrological Layer,SAC N,Tank/Pond
1661,1661,1202,,No,Moderate,Inland,Man-made,,0.185451368102398,,24.3454838998,91.9979694833,Tripura,180.702107466052,1854.51368102398,Hydrological Layer,SAC N,Tank/Pond
1662,1662,1202,,No,Moderate,Inland,Man-made,,0.315331794534988,,24.3458840908,92.0113421293,Tripura,232.324387375752,3153.31794534988,Hydrological Layer,SAC N,Tank/Pond
1663,1663,1202,,No,Moderate,Inland,Man-made,,0.223050811227534,,24.3490622391,92.0039284736,Tripura,190.364459130678,2230.50811227534,Hydrological Layer,SAC N,Tank/Pond
1678,1678,1202,,No,Moderate,Inland,Man-made,,1.11064734367906,,24.3513041675,92.0064617512,Tripura,692.189575218675,11106.4734367906,Hydrological Layer,SAC N,Tank/Pond
1679,1679,1202,,No,Moderate,Inland,Man-made,,2.03306514061867,,24.3445602412,92.0225189268,Tripura,1050.16286516345,20330.6514061867,Hydrological Layer,SAC N,Tank/Pond
1680,1680,1202,,No,Moderate,Inland,Man-made,,6.42630634144225,,24.3538045232,92.0020356314,Tripura,2761.90122563592,64263.0634144225,Hydrological Layer,SAC N,Tank/Pond
1681,1681,1202,,No,Low,Inland,Man-made,,0.163560949857055,,24.3236467479,91.9987887967,Tripura,163.576716269285,1635.60949857055,Hydrological Layer,SAC N,Tank/Pond
1682,1682,1202,,No,Low,Inland,Man-made,,0.154232229772557,,24.3239196668,91.999542646,Tripura,157.550274054463,1542.32229772557,Hydrological Layer,SAC N,Tank/Pond
1683,1683,1202,,No,Low,Inland,Man-made,,0.217961077124729,,24.3255937137,91.9991070636,Tripura,207.517432315792,2179.61077124729,Hydrological Layer,SAC N,Tank/Pond
1684,1684,1202,,No,Low,Inland,Man-made,,0.326315984185102,,24.3244411948,91.9792926581,Tripura,231.596828787985,3263.15984185102,Hydrological Layer,SAC N,Tank/Pond
1685,1685,1202,,No,Moderate,Inland,Man-made,,0.321141469325267,,24.2406192999,91.9853535314,Tripura,296.176677495256,3211.41469325268,Hydrological Layer,SAC N,Tank/Pond
1686,1686,1202,,No,Moderate,Inland,Man-made,,0.445635333410274,,24.2406564768,91.9844200158,Tripura,301.761932283473,4456.35333410274,Hydrological Layer,SAC N,Tank/Pond
1687,1687,1202,,No,Moderate,Inland,Man-made,,1.86946382157757,,24.2439476983,91.9777806453,Tripura,1070.07324669668,18694.6382157757,Hydrological Layer,SAC N,Tank/Pond
1701,1701,1202,,No,Moderate,Inland,Man-made,,0.869523747946709,,24.153026548,91.9509149018,Tripura,778.498785682535,8695.23747946709,Hydrological Layer,SAC N,Tank/Pond
1707,1707,1202,,No,Moderate,Inland,Man-made,,0.276076253090369,,24.0550426928,92.0124838656,Tripura,210.974898932942,2760.76253090369,Hydrological Layer,SAC N,Tank/Pond
1888,1888,1202,,No,Moderate,Inland,Man-made,,1.11432385149701,,24.1785357228,92.1042980735,Tripura,530.228657846941,11143.2385149701,Hydrological Layer,SAC N,Tank/Pond
1688,1688,1101,,No,Moderate,Inland,Natural,,3.04153254416482,,24.1844375543,91.9548196836,Tripura,1729.06065844866,30415.3254416482,Hydrological Layer,SAC N,Lake/Pond
1689,1689,1202,,No,Moderate,Inland,Man-made,,0.126623512791713,,24.1871132905,91.9539535317,Tripura,143.894774627739,1266.23512791713,Hydrological Layer,SAC N,Tank/Pond
1690,1690,1102,,No,Moderate,Inland,Natural,,0.813792481934887,,24.1807913912,91.9793356597,Tripura,504.550401683854,8137.92481934886,Hydrological Layer,SAC N,Ox-bow lake/cut-off meander
1691,1691,1202,,No,Moderate,Inland,Man-made,,0.30143984453685,,24.3548642474,91.9962088284,Tripura,229.485378049078,3014.3984453685,Hydrological Layer,SAC N,Tank/Pond
1692,1692,1102,,No,Moderate,Inland,Natural,,0.472495694191669,,24.1359426498,92.0385590572,Tripura,479.128682339673,4724.95694191669,Hydrological Layer,SAC N,Ox-bow lake/cut-off meander
1693,1693,1202,,No,Moderate,Inland,Man-made,,0.329541896220537,,24.2459630535,91.9955180396,Tripura,299.160361982228,3295.41896220537,Hydrological Layer,SAC N,Tank/Pond
1694,1694,1202,,No,Moderate,Inland,Man-made,,0.738130706405827,,24.2470383911,91.9957247292,Tripura,463.801065324124,7381.30706405827,Hydrological Layer,SAC N,Tank/Pond
1695,1695,1202,,No,Low,Inland,Man-made,,0.448650070028701,,24.2463092869,92.0016999535,Tripura,284.235813019293,4486.50070028702,Hydrological Layer,SAC N,Tank/Pond
1696,1696,1202,,No,Low,Inland,Man-made,,0.262504848930496,,24.3109266159,92.0073514192,Tripura,214.570383175341,2625.04848930496,Hydrological Layer,SAC N,Tank/Pond
1697,1697,1202,,No,Low,Inland,Man-made,,0.421353685001151,,24.3135924034,92.0197851293,Tripura,273.105479238341,4213.53685001151,Hydrological Layer,SAC N,Tank/Pond
1698,1698,1202,,No,Low,Inland,Man-made,,1.05172772063182,,24.3296956683,91.9994204098,Tripura,437.345314719579,10517.2772063182,Hydrological Layer,SAC N,Tank/Pond
1699,1699,1202,,No,Moderate,Inland,Man-made,,0.50666697797356,,24.1500425235,91.9521685477,Tripura,424.014275890265,5066.6697797356,Hydrological Layer,SAC N,Tank/Pond
1708,1708,1202,,No,Moderate,Inland,Man-made,,0.483853427908836,,24.0551016167,92.0117991641,Tripura,299.251726842121,4838.53427908836,Hydrological Layer,SAC N,Tank/Pond
1714,1714,1202,,No,Moderate,Inland,Man-made,,0.365396540715653,,24.0860193365,92.0176692589,Tripura,293.200302342662,3653.96540715653,Hydrological Layer,SAC N,Tank/Pond
1889,1889,1202,,No,Moderate,Inland,Man-made,,0.122848001153829,,24.178906541,92.1055097742,Tripura,144.110675395042,1228.48001153829,Hydrological Layer,SAC N,Tank/Pond
1700,1700,1202,,No,Moderate,Inland,Man-made,,1.12008619120789,,24.1508740445,91.9476948761,Tripura,835.861870995436,11200.8619120789,Hydrological Layer,SAC N,Tank/Pond
1702,1702,1202,,No,Moderate,Inland,Man-made,,11.2341494478496,,24.3656635805,92.0043928187,Tripura,4254.61624048912,112341.494478496,Hydrological Layer,SAC N,Tank/Pond
1703,1703,1202,,No,Moderate,Inland,Man-made,,4.91621764486908,,24.3679270393,92.0021452271,Tripura,2102.73044671028,49162.1764486908,Hydrological Layer,SAC N,Tank/Pond
1704,1704,1202,,No,Moderate,Inland,Man-made,,0.167136653599654,,24.0463016856,92.0166998835,Tripura,164.410648254149,1671.36653599654,Hydrological Layer,SAC N,Tank/Pond
1705,1705,1202,,No,Moderate,Inland,Man-made,,0.16952903272033,,24.0510375623,92.0193668355,Tripura,168.832727532248,1695.2903272033,Hydrological Layer,SAC N,Tank/Pond
1706,1706,1202,,No,Moderate,Inland,Man-made,,0.307256216336487,,24.0534464411,92.0232651371,Tripura,226.11857794042,3072.56216336487,Hydrological Layer,SAC N,Tank/Pond
1715,1715,1202,,No,Moderate,Inland,Man-made,,1.96785829648451,,24.0870190551,92.0057674217,Tripura,1334.66705554582,19678.5829648451,Hydrological Layer,SAC N,Tank/Pond
1716,1716,1202,,No,Moderate,Inland,Man-made,,0.313664935294965,,24.0887826488,92.011244834,Tripura,247.780137901518,3136.64935294965,Hydrological Layer,SAC N,Tank/Pond
1717,1717,1202,,No,Moderate,Inland,Man-made,,0.64659201361823,,24.0814120596,92.0113677292,Tripura,458.701583220687,6465.9201361823,Hydrological Layer,SAC N,Tank/Pond
1718,1718,1202,,No,Moderate,Inland,Man-made,,0.2481207692734,,24.082595358,92.0141299987,Tripura,294.830625761435,2481.207692734,Hydrological Layer,SAC N,Tank/Pond
1719,1719,1202,,No,Moderate,Inland,Man-made,,0.427063739199141,,24.0827286135,92.0121290281,Tripura,456.559359784197,4270.63739199141,Hydrological Layer,SAC N,Tank/Pond
1720,1720,1202,,No,Moderate,Inland,Man-made,,0.15810423497541,,24.0823512395,92.0034636727,Tripura,160.458349205794,1581.0423497541,Hydrological Layer,SAC N,Tank/Pond
1721,1721,1202,,No,Moderate,Inland,Man-made,,0.161133330168053,,24.0826493838,92.0039424481,Tripura,167.530064425836,1611.33330168053,Hydrological Layer,SAC N,Tank/Pond
1722,1722,1202,,No,Moderate,Inland,Man-made,,0.210563410221554,,24.0829016169,92.0047195595,Tripura,185.419899467803,2105.63410221554,Hydrological Layer,SAC N,Tank/Pond
1723,1723,1202,,No,Moderate,Inland,Man-made,,0.113157067688737,,24.0834880061,92.0051943835,Tripura,137.148135423315,1131.57067688737,Hydrological Layer,SAC N,Tank/Pond
1724,1724,1202,,No,Moderate,Inland,Man-made,,0.176398396109381,,24.0815674578,92.0067767785,Tripura,181.054689688055,1763.98396109381,Hydrological Layer,SAC N,Tank/Pond
1725,1725,1202,,No,Moderate,Inland,Man-made,,0.964597144187326,,24.1426656812,92.0210892589,Tripura,813.927361045026,9645.97144187326,Hydrological Layer,SAC N,Tank/Pond
1726,1726,1202,,No,Moderate,Inland,Man-made,,0.364428586251156,,24.1435519562,92.0161496552,Tripura,314.671420548298,3644.28586251157,Hydrological Layer,SAC N,Tank/Pond
1733,1733,1105,,No,Moderate,Inland,Natural,,0.828007791158926,,23.6063867665,91.8087667024,Tripura,566.359586998379,8280.07791158926,Hydrological Layer,SAC N,Waterlogged
1734,1734,1202,,No,Moderate,Inland,Man-made,,0.157740917927351,,24.0886766953,92.0089615584,Tripura,166.368543925217,1577.40917927351,Hydrological Layer,SAC N,Tank/Pond
1735,1735,1202,,No,Moderate,Inland,Man-made,,0.190695105090493,,24.0897490819,92.0098155524,Tripura,183.975199244761,1906.95105090493,Hydrological Layer,SAC N,Tank/Pond
1736,1736,1202,,No,Moderate,Inland,Man-made,,1.94207855588316,,24.0891601599,92.016502126,Tripura,1056.74417652842,19420.7855588316,Hydrological Layer,SAC N,Tank/Pond
1737,1737,1202,,No,Moderate,Inland,Man-made,,0.867961588442647,,24.092880695,92.0120412787,Tripura,699.418957067821,8679.61588442647,Hydrological Layer,SAC N,Tank/Pond
1738,1738,1202,,No,Moderate,Inland,Man-made,,2.5422301191604,,24.0956584616,92.0142593836,Tripura,1427.87182865742,25422.301191604,Hydrological Layer,SAC N,Tank/Pond
1739,1739,1202,,No,Moderate,Inland,Man-made,,0.400774791072065,,24.113940084,92.0069186423,Tripura,258.195990565196,4007.74791072065,Hydrological Layer,SAC N,Tank/Pond
1740,1740,1202,,No,Moderate,Inland,Man-made,,0.307123919913235,,24.11496001,91.9942619668,Tripura,234.157245971631,3071.23919913235,Hydrological Layer,SAC N,Tank/Pond
1741,1741,1202,,No,Moderate,Inland,Man-made,,0.300028645523526,,24.1202717015,92.0055919433,Tripura,224.667503953838,3000.28645523526,Hydrological Layer,SAC N,Tank/Pond
1742,1742,1202,,No,Moderate,Inland,Man-made,,0.237353021519934,,24.1203992596,92.0043148842,Tripura,199.533379955387,2373.53021519934,Hydrological Layer,SAC N,Tank/Pond
1743,1743,1202,,No,Moderate,Inland,Man-made,,0.34418270485884,,24.121728168,92.012405983,Tripura,245.159925408067,3441.8270485884,Hydrological Layer,SAC N,Tank/Pond
1744,1744,1202,,No,Moderate,Inland,Man-made,,0.228858193065872,,24.1122892841,92.0088303254,Tripura,245.815664893891,2288.58193065872,Hydrological Layer,SAC N,Tank/Pond
1745,1745,1202,,No,Moderate,Inland,Man-made,,0.644292772319931,,24.1167396682,91.9942907097,Tripura,415.873818257224,6442.92772319931,Hydrological Layer,SAC N,Tank/Pond
1746,1746,1202,,No,Moderate,Inland,Man-made,,0.365639736032469,,24.1189237577,92.0111927196,Tripura,337.704432451762,3656.39736032469,Hydrological Layer,SAC N,Tank/Pond
1761,1761,1202,,No,Moderate,Inland,Man-made,,0.242305263246848,,24.1419001605,92.0444444388,Tripura,215.334305674426,2423.05263246848,Hydrological Layer,SAC N,Tank/Pond
1747,1747,1202,,No,Moderate,Inland,Man-made,,2.24795805707559,,24.1277605555,92.0053784608,Tripura,1046.73670237353,22479.5805707559,Hydrological Layer,SAC N,Tank/Pond
1748,1748,1202,,No,Moderate,Inland,Man-made,,2.66580163801099,,24.1313690209,92.0074714757,Tripura,1399.70919113349,26658.0163801099,Hydrological Layer,SAC N,Tank/Pond
1749,1749,1202,,No,Moderate,Inland,Man-made,,0.14441435831511,,24.1084297119,91.9997291825,Tripura,161.439940837203,1444.1435831511,Hydrological Layer,SAC N,Tank/Pond
1750,1750,1202,,No,Moderate,Inland,Man-made,,0.105887801449649,,24.1097924506,91.9953143368,Tripura,145.913970385994,1058.87801449649,Hydrological Layer,SAC N,Tank/Pond
1751,1751,1202,,No,Moderate,Inland,Man-made,,0.255875462957836,,24.1100697299,91.9933136989,Tripura,238.729225928256,2558.75462957836,Hydrological Layer,SAC N,Tank/Pond
1752,1752,1202,,No,Moderate,Inland,Man-made,,0.298762850423201,,24.1101151975,91.9944462825,Tripura,270.45894432409,2987.62850423201,Hydrological Layer,SAC N,Tank/Pond
1753,1753,1202,,No,Moderate,Inland,Man-made,,0.301537261821482,,24.111467609,91.9854971614,Tripura,238.920424384566,3015.37261821482,Hydrological Layer,SAC N,Tank/Pond
1754,1754,1202,,No,Moderate,Inland,Man-made,,0.210645801839246,,24.1124930308,91.9918969293,Tripura,187.871035598477,2106.45801839246,Hydrological Layer,SAC N,Tank/Pond
1755,1755,1102,,No,Moderate,Inland,Natural,,0.387325604560726,,24.142855395,92.0347572924,Tripura,274.682829008792,3873.25604560726,Hydrological Layer,SAC N,Ox-bow lake/cut-off meander
1756,1756,1102,,No,Moderate,Inland,Natural,,0.517081625013527,,24.1435297774,92.0319158574,Tripura,456.603849309884,5170.81625013527,Hydrological Layer,SAC N,Ox-bow lake/cut-off meander
1757,1757,1202,,No,Moderate,Inland,Man-made,,0.230190525426407,,24.1563403217,92.0430667736,Tripura,194.685095910293,2301.90525426407,Hydrological Layer,SAC N,Tank/Pond
1758,1758,1102,,No,Moderate,Inland,Natural,,0.494666899592735,,24.1425437752,92.0409225937,Tripura,452.564660428342,4946.66899592735,Hydrological Layer,SAC N,Ox-bow lake/cut-off meander
1759,1759,1102,,No,Moderate,Inland,Natural,,0.657981501447074,,24.1452140507,92.0359003549,Tripura,479.244559462257,6579.81501447074,Hydrological Layer,SAC N,Ox-bow lake/cut-off meander
1772,1772,1202,,No,Moderate,Inland,Man-made,,2.00088138016125,,24.1604807393,92.1222275422,Tripura,1455.45046219279,20008.8138016125,Hydrological Layer,SAC N,Tank/Pond
2097,2097,1202,,No,Moderate,Inland,Man-made,,0.251996028736418,,23.8209135027,91.3958366814,Tripura,205.854367645877,2519.96028736418,Hydrological Layer,SAC N,Tank/Pond
1760,1760,1102,,No,Moderate,Inland,Natural,,4.54053792368924,,24.1402735948,92.0381868446,Tripura,2099.73862263598,45405.3792368924,Hydrological Layer,SAC N,Ox-bow lake/cut-off meander
1767,1767,1202,,No,Moderate,Inland,Man-made,,3.99366816411221,,24.1531435555,92.1264187806,Tripura,1810.50212865283,39936.6816411221,Hydrological Layer,SAC N,Tank/Pond
1768,1768,1202,,No,Moderate,Inland,Man-made,,1.35301771278454,,24.1572258754,92.1183925605,Tripura,611.109731246469,13530.1771278454,Hydrological Layer,SAC N,Tank/Pond
1769,1769,1202,,No,Moderate,Inland,Man-made,,0.895982483322063,,24.1579013604,92.1151749076,Tripura,444.738316171816,8959.82483322063,Hydrological Layer,SAC N,Tank/Pond
1770,1770,1202,,No,Moderate,Inland,Man-made,,2.624189366296,,24.1569437174,92.1238948007,Tripura,1637.03767211575,26241.89366296,Hydrological Layer,SAC N,Tank/Pond
1771,1771,1202,,No,Moderate,Inland,Man-made,,1.12816188376723,,24.1597576745,92.1157166149,Tripura,684.675072258914,11281.6188376723,Hydrological Layer,SAC N,Tank/Pond
2039,2039,1202,,No,Moderate,Inland,Man-made,,0.3718091406827,,23.6590881186,91.2142920826,Tripura,247.666855628361,3718.091406827,Hydrological Layer,SAC N,Tank/Pond
1801,1801,1102,,No,Moderate,Inland,Natural,,0.322758345815091,,24.1446426142,92.0425384615,Tripura,352.687188330625,3227.58345815091,Hydrological Layer,SAC N,Ox-bow lake/cut-off meander
1773,1773,1202,,No,Moderate,Inland,Man-made,,1.0957956283693,,24.1564214335,92.1336466622,Tripura,1170.49645041334,10957.956283693,Hydrological Layer,SAC N,Tank/Pond
1774,1774,1202,,No,Moderate,Inland,Man-made,,1.90106263688848,,24.1579998288,92.1328227389,Tripura,1428.92835179493,19010.6263688848,Hydrological Layer,SAC N,Tank/Pond
1775,1775,1202,,No,Moderate,Inland,Man-made,,0.554607681319346,,24.1966835502,92.1098886635,Tripura,379.080779408572,5546.07681319346,Hydrological Layer,SAC N,Tank/Pond
1776,1776,1202,,No,Moderate,Inland,Man-made,,0.393071219203719,,24.1978595097,92.1016778048,Tripura,260.225591978742,3930.71219203719,Hydrological Layer,SAC N,Tank/Pond
1777,1777,1105,,No,Moderate,Inland,Natural,,0.277114054274536,,24.1971477071,92.129808813,Tripura,268.745036412796,2771.14054274536,Hydrological Layer,SAC N,Waterlogged
1778,1778,1202,,No,Moderate,Inland,Man-made,,0.567320712086914,,24.1253181579,92.0044264205,Tripura,335.901000848474,5673.20712086914,Hydrological Layer,SAC N,Tank/Pond
1779,1779,1202,,No,Moderate,Inland,Man-made,,0.130681331728631,,24.1435698746,92.0429726705,Tripura,144.973722588653,1306.81331728631,Hydrological Layer,SAC N,Tank/Pond
1780,1780,1202,,No,Moderate,Inland,Man-made,,0.106723751488699,,24.1436818979,92.0413125745,Tripura,129.531107539274,1067.23751488699,Hydrological Layer,SAC N,Tank/Pond
1781,1781,1202,,No,Moderate,Inland,Man-made,,0.152681554564157,,24.1439814437,92.0411734017,Tripura,169.082749381781,1526.81554564157,Hydrological Layer,SAC N,Tank/Pond
1802,1802,1202,,No,Moderate,Inland,Man-made,,1.47099142299012,,24.1541892403,92.1307036758,Tripura,1289.61747892254,14709.9142299012,Hydrological Layer,SAC N,Tank/Pond
1803,1803,1202,,No,Moderate,Inland,Man-made,,0.341160840749689,,24.131899545,92.1293861632,Tripura,237.762609155693,3411.60840749689,Hydrological Layer,SAC N,Tank/Pond
1804,1804,1202,,No,Moderate,Inland,Man-made,,0.370882702645341,,24.1329992378,92.1295296489,Tripura,247.804987313541,3708.82702645341,Hydrological Layer,SAC N,Tank/Pond
1805,1805,1202,,No,Moderate,Inland,Man-made,,0.340299600940669,,24.1349345919,92.1248719648,Tripura,240.125334158052,3402.99600940669,Hydrological Layer,SAC N,Tank/Pond
1806,1806,1202,,No,Moderate,Inland,Man-made,,0.23433291589858,,24.1366673668,92.1231631917,Tripura,226.185954035836,2343.3291589858,Hydrological Layer,SAC N,Tank/Pond
1807,1807,1202,,No,Moderate,Inland,Man-made,,0.354945937517774,,24.1370840931,92.1241096984,Tripura,245.775139072386,3549.45937517774,Hydrological Layer,SAC N,Tank/Pond
1808,1808,1202,,No,Moderate,Inland,Man-made,,2.12602792153611,,24.1389809922,92.1350959426,Tripura,1409.43384896686,21260.2792153611,Hydrological Layer,SAC N,Tank/Pond
1809,1809,1202,,No,Moderate,Inland,Man-made,,0.574636091022153,,24.1866266332,92.1173040726,Tripura,380.728204752962,5746.36091022153,Hydrological Layer,SAC N,Tank/Pond
1810,1810,1202,,No,Moderate,Inland,Man-made,,0.934320271351497,,24.1865164205,92.1287045827,Tripura,806.291571278658,9343.20271351497,Hydrological Layer,SAC N,Tank/Pond
1811,1811,1202,,No,Moderate,Inland,Man-made,,0.389839931016035,,24.1891539399,92.1201432404,Tripura,272.559775299038,3898.39931016035,Hydrological Layer,SAC N,Tank/Pond
1830,1830,1105,,No,Moderate,Inland,Natural,,0.841749929663236,,24.2080488447,92.1418470002,Tripura,564.880679669158,8417.49929663236,Hydrological Layer,SAC N,Waterlogged
1812,1812,1202,,No,Moderate,Inland,Man-made,,1.72365457074151,,24.1881690184,92.1174072804,Tripura,1194.57867846684,17236.5457074151,Hydrological Layer,SAC N,Tank/Pond
1813,1813,1202,,No,Moderate,Inland,Man-made,,1.42301918223734,,24.194635366,92.1313080486,Tripura,890.009739679951,14230.1918223734,Hydrological Layer,SAC N,Tank/Pond
1814,1814,1202,,No,Moderate,Inland,Man-made,,1.04158206013852,,24.1951543756,92.1215886809,Tripura,671.135176901291,10415.8206013852,Hydrological Layer,SAC N,Tank/Pond
1815,1815,1202,,No,Moderate,Inland,Man-made,,0.929153326275531,,24.1962474963,92.1231689198,Tripura,527.726227698962,9291.53326275531,Hydrological Layer,SAC N,Tank/Pond
1816,1816,1202,,No,Moderate,Inland,Man-made,,0.682325667817125,,24.1953076621,92.1247473951,Tripura,336.926184099734,6823.25667817125,Hydrological Layer,SAC N,Tank/Pond
1817,1817,1202,,No,Moderate,Inland,Man-made,,0.240283802894257,,24.1996546094,92.1325058449,Tripura,218.747083116316,2402.83802894257,Hydrological Layer,SAC N,Tank/Pond
1818,1818,1105,,No,Moderate,Inland,Natural,,2.45828710427054,,24.1217546239,92.1158927721,Tripura,1569.88136507047,24582.8710427054,Hydrological Layer,SAC N,Waterlogged
1819,1819,1202,,No,Moderate,Inland,Man-made,,0.779027193799619,,24.1229679818,92.1246504346,Tripura,353.763788374031,7790.27193799619,Hydrological Layer,SAC N,Tank/Pond
1820,1820,1202,,No,Moderate,Inland,Man-made,,0.231825596652305,,22.9887244064,91.6805894465,Tripura,195.62562295008,2318.25596652305,Hydrological Layer,SAC N,Tank/Pond
1821,1821,1202,,No,Moderate,Inland,Man-made,,0.223421405138592,,22.9980232369,91.713859938,Tripura,189.312477005101,2234.21405138592,Hydrological Layer,SAC N,Tank/Pond
1822,1822,1202,,No,Moderate,Inland,Man-made,,1.11690022167218,,22.9911496931,91.6941757902,Tripura,759.481757231006,11169.0022167218,Hydrological Layer,SAC N,Tank/Pond
1823,1823,1202,,No,Moderate,Inland,Man-made,,0.880545592509248,,22.9948507478,91.6300370768,Tripura,581.833162805634,8805.45592509248,Hydrological Layer,SAC N,Tank/Pond
2020,2020,1202,,No,Moderate,Inland,Man-made,,0.574385862123081,,23.6549836271,91.2237213529,Tripura,312.287181155974,5743.85862123081,Hydrological Layer,SAC N,Tank/Pond
2036,2036,1202,,No,Moderate,Inland,Man-made,,0.693299027713109,,23.6584869125,91.2158834829,Tripura,340.906581543308,6932.99027713109,Hydrological Layer,SAC N,Tank/Pond
1831,1831,1105,,No,Moderate,Inland,Natural,,0.963490257499038,,24.2088814389,92.1436346496,Tripura,772.720985156873,9634.90257499038,Hydrological Layer,SAC N,Waterlogged
1891,1891,1202,,No,Moderate,Inland,Man-made,,0.833739374489173,,24.1643232018,92.1109768412,Tripura,506.525841824747,8337.39374489173,Hydrological Layer,SAC N,Tank/Pond
1824,1824,1202,,No,Moderate,Inland,Man-made,,1.07704299587063,,23.064742424,91.6136331648,Tripura,1234.47832811698,10770.4299587063,Hydrological Layer,SAC N,Tank/Pond
1825,1825,1202,,No,Moderate,Inland,Man-made,,0.733384906346519,,24.1486279057,92.1259983169,Tripura,564.099088786218,7333.84906346519,Hydrological Layer,SAC N,Tank/Pond
1826,1826,1202,,No,Moderate,Inland,Man-made,,0.44977345917394,,24.1495672695,92.1303024463,Tripura,481.273778701221,4497.7345917394,Hydrological Layer,SAC N,Tank/Pond
1827,1827,1202,,No,Moderate,Inland,Man-made,,0.958791062752289,,24.1510855575,92.1346348803,Tripura,847.889229762891,9587.91062752289,Hydrological Layer,SAC N,Tank/Pond
1849,1849,1105,,No,Moderate,Inland,Natural,,0.425208624898596,,24.2030768982,92.1346982752,Tripura,346.378993695562,4252.08624898596,Hydrological Layer,SAC N,Waterlogged
1828,1828,1202,,No,Moderate,Inland,Man-made,,0.780077456840935,,24.1520207062,92.1296755792,Tripura,724.41692791253,7800.77456840935,Hydrological Layer,SAC N,Tank/Pond
1829,1829,1202,,No,Moderate,Inland,Man-made,,1.80338191269314,,24.1535559469,92.133802629,Tripura,1535.43254573571,18033.8191269314,Hydrological Layer,SAC N,Tank/Pond
1832,1832,1105,,No,Moderate,Inland,Natural,,1.40850585424208,,24.2112617272,92.1395911665,Tripura,1476.59309558351,14085.0585424208,Hydrological Layer,SAC N,Waterlogged
1833,1833,1105,,No,Moderate,Inland,Natural,,1.50498666618313,,24.2134216819,92.1398648135,Tripura,909.981883838893,15049.8666618313,Hydrological Layer,SAC N,Waterlogged
1837,1837,1202,,No,Moderate,Inland,Man-made,,4.02591829778595,,24.1636703013,92.1322008784,Tripura,2008.50044178647,40259.1829778595,Hydrological Layer,SAC N,Tank/Pond
1838,1838,1202,,No,Moderate,Inland,Man-made,,0.986707410061273,,24.1662807773,92.1366009982,Tripura,845.015288098579,9867.07410061273,Hydrological Layer,SAC N,Tank/Pond
1839,1839,1202,,No,Moderate,Inland,Man-made,,0.635706548250483,,24.1682373597,92.1339178788,Tripura,444.703599263971,6357.06548250483,Hydrological Layer,SAC N,Tank/Pond
2021,2021,1202,,No,Moderate,Inland,Man-made,,1.00324449600814,,23.6549821271,91.218651139,Tripura,433.424519559711,10032.4449600814,Hydrological Layer,SAC N,Tank/Pond
1840,1840,1202,,No,Moderate,Inland,Man-made,,0.86488379358458,,24.1696713228,92.1330007516,Tripura,479.597211368976,8648.8379358458,Hydrological Layer,SAC N,Tank/Pond
2037,2037,1202,,No,Moderate,Inland,Man-made,,0.482661791771305,,23.6585858188,91.2190932606,Tripura,279.156010348873,4826.61791771305,Hydrological Layer,SAC N,Tank/Pond
1834,1834,1105,,No,Moderate,Inland,Natural,,3.64953036499068,,24.2136533508,92.1311760053,Tripura,3586.44798783594,36495.3036499068,Hydrological Layer,SAC N,Waterlogged
1835,1835,1105,,No,Moderate,Inland,Natural,,1.33000404658034,,24.2160017766,92.1359249248,Tripura,1429.06724709607,13300.0404658034,Hydrological Layer,SAC N,Waterlogged
1907,1907,1202,,No,Moderate,Inland,Man-made,,0.894126619288372,,22.9842720493,91.670149218,Tripura,447.404178577341,8941.26619288372,Hydrological Layer,SAC N,Tank/Pond
1908,1908,1202,,No,Moderate,Inland,Man-made,,0.360828082952071,,23.1834458984,91.3445904677,Tripura,355.388453785451,3608.28082952071,Hydrological Layer,SAC N,Tank/Pond
1846,1846,1105,,No,Moderate,Inland,Natural,,0.199838947019501,,24.1995964446,92.1378445244,Tripura,236.214722595927,1998.38947019501,Hydrological Layer,SAC N,Waterlogged
1847,1847,1105,,No,Moderate,Inland,Natural,,0.220495431392755,,24.2003528242,92.1374254977,Tripura,294.631144483698,2204.95431392755,Hydrological Layer,SAC N,Waterlogged
1836,1836,1105,,No,Moderate,Inland,Natural,,1.71126780113738,,24.2079117661,92.1366615985,Tripura,1489.87032393287,17112.6780113738,Hydrological Layer,SAC N,Waterlogged
1850,1850,1202,,No,Moderate,Inland,Man-made,,0.347156786159271,,24.1941257123,92.1052774563,Tripura,251.304954323154,3471.56786159271,Hydrological Layer,SAC N,Tank/Pond
1843,1843,1105,,No,Moderate,Inland,Natural,,1.45504281779499,,24.1969834674,92.1321300711,Tripura,906.490591043806,14550.4281779499,Hydrological Layer,SAC N,Waterlogged
1844,1844,1105,,No,Moderate,Inland,Natural,,0.747237699310634,,24.1981074489,92.136527984,Tripura,1001.72630066089,7472.37699310634,Hydrological Layer,SAC N,Waterlogged
1909,1909,1202,,No,Moderate,Inland,Man-made,,0.513808342977053,,23.1854745022,91.3444955372,Tripura,555.549443011965,5138.08342977053,Hydrological Layer,SAC N,Tank/Pond
1972,1972,1202,,Yes,High,Inland,Man-made,,0.310165690470304,,23.4788210282,91.3293662859,Tripura,241.025514828876,3101.65690470304,Hydrological Layer,SAC N,Tank/Pond
1845,1845,1105,,No,Moderate,Inland,Natural,,2.43974278425151,,24.1980906009,92.1319688014,Tripura,1445.40340263194,24397.4278425151,Hydrological Layer,SAC N,Waterlogged
1848,1848,1105,,No,Moderate,Inland,Natural,,0.364296214149541,,24.2003361018,92.1346490366,Tripura,330.294770936718,3642.96214149541,Hydrological Layer,SAC N,Waterlogged
2040,2040,1202,,No,Moderate,Inland,Man-made,,0.41687716246092,,23.6590767615,91.2150691039,Tripura,271.51844853602,4168.7716246092,Hydrological Layer,SAC N,Tank/Pond
1841,1841,1202,,No,Moderate,Inland,Man-made,,11.2683737588619,,24.1676418344,92.1419544919,Tripura,7627.44662366156,112683.737588619,Hydrological Layer,SAC N,Tank/Pond
1842,1842,1202,,No,Moderate,Inland,Man-made,,0.442322480547522,,24.1719502666,92.1425448854,Tripura,267.884258841573,4423.22480547522,Hydrological Layer,SAC N,Tank/Pond
1902,1902,1202,,No,Moderate,Inland,Man-made,,0.850181124652411,,22.9653065656,91.6263645929,Tripura,408.996937940463,8501.81124652411,Hydrological Layer,SAC N,Tank/Pond
1858,1858,1202,,No,Moderate,Inland,Man-made,,0.174367455213138,,24.1947815886,92.1371555626,Tripura,294.92581262834,1743.67455213138,Hydrological Layer,SAC N,Tank/Pond
1936,1936,1202,,No,Moderate,Inland,Man-made,,0.568850596075046,,23.8327112252,91.2890135179,Tripura,346.247105110318,5688.50596075046,Hydrological Layer,SAC N,Tank/Pond
1937,1937,1202,,No,Moderate,Inland,Man-made,,0.347185887327152,,23.8355122639,91.2866248643,Tripura,250.144923173799,3471.85887327152,Hydrological Layer,SAC N,Tank/Pond
1852,1852,1202,,No,Moderate,Inland,Man-made,,0.203454562963476,,24.1964110105,92.1294371101,Tripura,173.36276078312,2034.54562963476,Hydrological Layer,SAC N,Tank/Pond
1853,1853,1202,,No,Moderate,Inland,Man-made,,0.35798686220845,,24.2018010983,92.1290309723,Tripura,312.119810404127,3579.8686220845,Hydrological Layer,SAC N,Tank/Pond
1854,1854,1202,,No,Moderate,Inland,Man-made,,0.289923387103046,,24.2024920922,92.1303619113,Tripura,248.430072975094,2899.23387103046,Hydrological Layer,SAC N,Tank/Pond
1855,1855,1202,,No,Moderate,Inland,Man-made,,0.660443933855827,,24.2043754035,92.1357531157,Tripura,337.284924121443,6604.43933855827,Hydrological Layer,SAC N,Tank/Pond
1856,1856,1202,,No,Moderate,Inland,Man-made,,0.355714391144033,,24.2047346251,92.1364126107,Tripura,237.860963441988,3557.14391144033,Hydrological Layer,SAC N,Tank/Pond
1857,1857,1202,,No,Moderate,Inland,Man-made,,0.315078474043589,,24.2052775261,92.1369780389,Tripura,237.845534786222,3150.78474043589,Hydrological Layer,SAC N,Tank/Pond
1938,1938,1202,,No,Moderate,Inland,Man-made,,0.518836779762919,,23.8338220407,91.2603135502,Tripura,324.65490117152,5188.36779762919,Hydrological Layer,SAC N,Tank/Pond
1859,1859,1202,,No,Moderate,Inland,Man-made,,1.2911406199211,,24.1952186605,92.1378113261,Tripura,1206.42218711924,12911.406199211,Hydrological Layer,SAC N,Tank/Pond
1860,1860,1202,,No,Moderate,Inland,Man-made,,0.207562962932252,,24.1984739723,92.1343606748,Tripura,276.810958403768,2075.62962932252,Hydrological Layer,SAC N,Tank/Pond
1861,1861,1105,,No,Moderate,Inland,Natural,,2.08314903191956,,24.129795672,92.1252942054,Tripura,1171.75302816388,20831.4903191956,Hydrological Layer,SAC N,Waterlogged
1862,1862,1105,,No,Moderate,Inland,Natural,,1.43291792927656,,24.1343669203,92.1313929254,Tripura,670.730226051333,14329.1792927656,Hydrological Layer,SAC N,Waterlogged
1863,1863,1105,,No,Moderate,Inland,Natural,,0.886081849096492,,24.1355932368,92.1409475462,Tripura,546.278826440684,8860.81849096492,Hydrological Layer,SAC N,Waterlogged
1864,1864,1105,,No,Moderate,Inland,Natural,,2.53587112835733,,24.1409673204,92.1416048692,Tripura,1504.40404200297,25358.7112835733,Hydrological Layer,SAC N,Waterlogged
1868,1868,1202,,No,Moderate,Inland,Man-made,,1.37401209795607,,23.187713117,91.3459317173,Tripura,1016.69790591496,13740.1209795607,Hydrological Layer,SAC N,Tank/Pond
1939,1939,1202,,No,Moderate,Inland,Man-made,,0.32112301906896,,23.8352374782,91.254338714,Tripura,231.58460982397,3211.2301906896,Hydrological Layer,SAC N,Tank/Pond
2029,2029,1202,,No,Moderate,Inland,Man-made,,0.201737829688407,,23.3686636483,91.3415308499,Tripura,196.15273831102,2017.37829688407,Hydrological Layer,SAC N,Tank/Pond
1865,1865,1105,,No,Moderate,Inland,Natural,,5.47464491047989,,24.1447033853,92.1296529694,Tripura,3493.6838100153,54746.4491047989,Hydrological Layer,SAC N,Waterlogged
1893,1893,1202,,No,Moderate,Inland,Man-made,,2.98043610045529,,24.1663560415,92.1129559435,Tripura,1425.85727414087,29804.3610045529,Hydrological Layer,SAC N,Tank/Pond
1955,1955,1102,,No,Moderate,Inland,Natural,,2.13325686743501,,23.4274249944,91.7383088036,Tripura,777.669215882347,21332.5686743501,Hydrological Layer,SAC N,Ox-bow lake/cut-off meander
1866,1866,1105,,No,Moderate,Inland,Natural,,4.22246337929136,,24.1457794999,92.1331159594,Tripura,2877.10343759433,42224.6337929136,Hydrological Layer,SAC N,Waterlogged
1867,1867,1101,,No,Moderate,Inland,Natural,,7.24981544358902,,23.188851464,91.3326551186,Tripura,3386.4515837624,72498.1544358902,Hydrological Layer,SAC N,Lake/Pond
1886,1886,1202,,No,Moderate,Inland,Man-made,,0.461346607046294,,24.172752991,92.0978074746,Tripura,281.026304613083,4613.46607046294,Hydrological Layer,SAC N,Tank/Pond
1887,1887,1202,,No,Moderate,Inland,Man-made,,0.217589506746653,,24.1762760344,92.1015196631,Tripura,194.529876622337,2175.89506746653,Hydrological Layer,SAC N,Tank/Pond
1940,1940,1202,,No,Moderate,Inland,Man-made,,0.775132356264403,,23.8353094024,91.2574807652,Tripura,347.999450572193,7751.32356264403,Hydrological Layer,SAC N,Tank/Pond
1903,1903,1202,,No,Moderate,Inland,Man-made,,0.283105000450415,,22.980908294,91.6818742075,Tripura,217.587286335558,2831.05000450415,Hydrological Layer,SAC N,Tank/Pond
5054,5054,1202,,No,Moderate,Inland,Man-made,,1.26789212099846,,23.19332191,91.5918566311,Tripura,521.023881375936,12678.9212099846,Hydrological Layer,SAC N,Tank/Pond
1877,1877,1202,,No,Moderate,Inland,Man-made,,4.72273590145145,,24.1798068991,92.1404652161,Tripura,2580.25188132081,47227.3590145144,Hydrological Layer,SAC N,Tank/Pond
1935,1935,1202,,No,Moderate,Inland,Man-made,,0.585820302297734,,23.8296567394,91.272454512,Tripura,308.832768103053,5858.20302297734,Hydrological Layer,SAC N,Tank/Pond
1869,1869,1101,,No,Moderate,Inland,Natural,,10.3426227275384,,23.279648229,91.4000137902,Tripura,4208.65174523364,103426.227275384,Hydrological Layer,SAC N,Lake/Pond
1870,1870,1202,,No,Moderate,Inland,Man-made,,1.19030674033648,,24.1719453337,92.1455954915,Tripura,1286.93658671748,11903.0674033648,Hydrological Layer,SAC N,Tank/Pond
1871,1871,1202,,No,Moderate,Inland,Man-made,,0.41990899474398,,24.1736476104,92.148843843,Tripura,366.567980186146,4199.0899474398,Hydrological Layer,SAC N,Tank/Pond
1872,1872,1202,,No,Moderate,Inland,Man-made,,0.799936373088254,,24.1747101567,92.1273744126,Tripura,499.376795751037,7999.36373088254,Hydrological Layer,SAC N,Tank/Pond
1904,1904,1202,,No,Moderate,Inland,Man-made,,0.230103161826259,,22.9817311703,91.681917393,Tripura,197.998546949385,2301.03161826259,Hydrological Layer,SAC N,Tank/Pond
1873,1873,1202,,No,Moderate,Inland,Man-made,,0.991621176098754,,24.1758916224,92.1431428194,Tripura,693.117167499449,9916.21176098754,Hydrological Layer,SAC N,Tank/Pond
1874,1874,1202,,No,Moderate,Inland,Man-made,,0.286159089519369,,24.1782394408,92.1479510975,Tripura,357.662111790378,2861.59089519369,Hydrological Layer,SAC N,Tank/Pond
1875,1875,1202,,No,Moderate,Inland,Man-made,,0.569289182883049,,24.1809732229,92.1363832714,Tripura,305.307506518265,5692.89182883049,Hydrological Layer,SAC N,Tank/Pond
1876,1876,1202,,No,Moderate,Inland,Man-made,,0.507987104587868,,24.1814180284,92.1389710136,Tripura,362.411509433519,5079.87104587868,Hydrological Layer,SAC N,Tank/Pond
1980,1980,1202,,No,Moderate,Inland,Man-made,,0.251872047633256,,23.6504673393,91.2252987331,Tripura,203.767440716131,2518.72047633256,Hydrological Layer,SAC N,Tank/Pond
1878,1878,1202,,No,Moderate,Inland,Man-made,,3.81778141923472,,24.1811330801,92.1334459754,Tripura,1822.55460348526,38177.8141923472,Hydrological Layer,SAC N,Tank/Pond
1879,1879,1202,,No,Moderate,Inland,Man-made,,0.904755381492045,,24.1826577478,92.1497064442,Tripura,776.902892134634,9047.55381492045,Hydrological Layer,SAC N,Tank/Pond
1880,1880,1202,,No,Moderate,Inland,Man-made,,0.970784838178319,,24.1838704115,92.1372005424,Tripura,743.602632285423,9707.84838178319,Hydrological Layer,SAC N,Tank/Pond
1881,1881,1202,,No,Moderate,Inland,Man-made,,1.14221389647439,,24.1842745025,92.1351788852,Tripura,1005.5436869376,11422.1389647439,Hydrological Layer,SAC N,Tank/Pond
1882,1882,1202,,No,Moderate,Inland,Man-made,,0.261323233995244,,24.1851551979,92.1403545294,Tripura,282.810079423923,2613.23233995244,Hydrological Layer,SAC N,Tank/Pond
1883,1883,1202,,No,Moderate,Inland,Man-made,,3.07360631598157,,24.1836067076,92.1396107274,Tripura,1642.38939068129,30736.0631598157,Hydrological Layer,SAC N,Tank/Pond
1884,1884,1202,,No,Moderate,Inland,Man-made,,0.302879683475015,,24.1704411565,92.1014684579,Tripura,236.819300499152,3028.79683475015,Hydrological Layer,SAC N,Tank/Pond
1892,1892,1202,,No,Moderate,Inland,Man-made,,3.08532797680751,,24.1658305583,92.1105881108,Tripura,1412.40350840572,30853.2797680751,Hydrological Layer,SAC N,Tank/Pond
1981,1981,1202,,No,Moderate,Inland,Man-made,,1.3001562912464,,23.6503007326,91.2262484176,Tripura,540.003380985156,13001.562912464,Hydrological Layer,SAC N,Tank/Pond
1894,1894,1202,,No,Moderate,Inland,Man-made,,1.82081158363404,,24.1708131328,92.1144472888,Tripura,1068.65175271598,18208.1158363404,Hydrological Layer,SAC N,Tank/Pond
1895,1895,1202,,No,Moderate,Inland,Man-made,,0.805540374633817,,24.1802613232,92.0954308708,Tripura,495.48414570737,8055.40374633817,Hydrological Layer,SAC N,Tank/Pond
1896,1896,1202,,No,Moderate,Inland,Man-made,,0.437358721564912,,24.17848583,92.1015087266,Tripura,269.427068191243,4373.58721564912,Hydrological Layer,SAC N,Tank/Pond
1897,1897,1202,,No,Moderate,Inland,Man-made,,0.147441968177548,,24.1816277497,92.0994265593,Tripura,155.601311540038,1474.41968177548,Hydrological Layer,SAC N,Tank/Pond
1898,1898,1202,,No,Moderate,Inland,Man-made,,0.282768643938141,,24.1829078843,92.1037341896,Tripura,220.547452254432,2827.68643938141,Hydrological Layer,SAC N,Tank/Pond
1899,1899,1202,,No,Moderate,Inland,Man-made,,0.433240794178158,,24.189883907,92.0979866678,Tripura,332.105576350581,4332.40794178158,Hydrological Layer,SAC N,Tank/Pond
1900,1900,1202,,No,Moderate,Inland,Man-made,,0.518894847596796,,24.1904237124,92.0970506197,Tripura,348.202665764266,5188.94847596796,Hydrological Layer,SAC N,Tank/Pond
1901,1901,1202,,No,Moderate,Inland,Man-made,,0.151106019089124,,24.1993562136,92.1349028615,Tripura,210.63860841426,1511.06019089124,Hydrological Layer,SAC N,Tank/Pond
1910,1910,1202,,No,Moderate,Inland,Man-made,,1.44941917950928,,23.21255266,91.3370192425,Tripura,1094.16837895342,14494.1917950927,Hydrological Layer,SAC N,Tank/Pond
1911,1911,1202,,No,Moderate,Inland,Man-made,,0.466761243614431,,23.2229737176,91.3363995927,Tripura,445.331290206808,4667.61243614431,Hydrological Layer,SAC N,Tank/Pond
1912,1912,1202,,No,Moderate,Inland,Man-made,,0.661960101947784,,23.2843508984,91.3969528252,Tripura,538.921585478003,6619.60101947784,Hydrological Layer,SAC N,Tank/Pond
1913,1913,1202,,No,Moderate,Inland,Man-made,,0.424574993317133,,23.288609502,91.3873935882,Tripura,359.784284395221,4245.74993317133,Hydrological Layer,SAC N,Tank/Pond
1914,1914,1202,,No,Moderate,Inland,Man-made,,0.298687809453254,,22.985155106,91.6712305422,Tripura,229.616267700801,2986.87809453254,Hydrological Layer,SAC N,Tank/Pond
1915,1915,1202,,No,Moderate,Inland,Man-made,,0.246046068282061,,22.9858581171,91.675032099,Tripura,201.707628284581,2460.46068282061,Hydrological Layer,SAC N,Tank/Pond
1916,1916,1202,,No,Moderate,Inland,Man-made,,1.06952726517922,,22.9869285446,91.6656694249,Tripura,537.34602844515,10695.2726517922,Hydrological Layer,SAC N,Tank/Pond
1917,1917,1202,,No,Moderate,Inland,Man-made,,0.237427689087812,,22.9880994663,91.6770002244,Tripura,197.514597529597,2374.27689087812,Hydrological Layer,SAC N,Tank/Pond
1918,1918,1202,,No,Moderate,Inland,Man-made,,0.247337849690268,,22.9897509963,91.7083849177,Tripura,203.45915770704,2473.37849690268,Hydrological Layer,SAC N,Tank/Pond
1919,1919,1202,,No,Moderate,Inland,Man-made,,0.61252640082231,,22.9916829955,91.6460038118,Tripura,350.213106533875,6125.2640082231,Hydrological Layer,SAC N,Tank/Pond
1920,1920,1202,,No,Moderate,Inland,Man-made,,0.968823987864881,,22.9921871255,91.6443930483,Tripura,491.426689237298,9688.23987864881,Hydrological Layer,SAC N,Tank/Pond
1921,1921,1202,,No,Moderate,Inland,Man-made,,1.67900027948438,,22.9977071442,91.6434862527,Tripura,529.125503983934,16790.0027948438,Hydrological Layer,SAC N,Tank/Pond
1922,1922,1202,,No,Moderate,Inland,Man-made,,0.237208929888562,,23.0071575824,91.6379551082,Tripura,197.536212063009,2372.08929888562,Hydrological Layer,SAC N,Tank/Pond
1923,1923,1202,,No,Moderate,Inland,Man-made,,0.146638896111578,,23.024034625,91.6510806403,Tripura,162.147956320761,1466.38896111578,Hydrological Layer,SAC N,Tank/Pond
1924,1924,1202,,No,Moderate,Inland,Man-made,,0.204081672685549,,23.0265692233,91.6407880636,Tripura,180.961727190421,2040.81672685549,Hydrological Layer,SAC N,Tank/Pond
1925,1925,1202,,No,Moderate,Inland,Man-made,,0.258966033637811,,23.0289357336,91.6617246916,Tripura,208.785866787911,2589.66033637811,Hydrological Layer,SAC N,Tank/Pond
1926,1926,1202,,No,Moderate,Inland,Man-made,,0.334277218862829,,23.0334335866,91.6586027814,Tripura,250.623182468969,3342.77218862829,Hydrological Layer,SAC N,Tank/Pond
1927,1927,1202,,No,Moderate,Inland,Man-made,,0.730675658504301,,23.5383433737,91.8017508518,Tripura,671.216755949115,7306.75658504301,Hydrological Layer,SAC N,Tank/Pond
1947,1947,1202,,No,Moderate,Inland,Man-made,,0.666495663056294,,23.845256473,91.28725315,Tripura,382.655791212884,6664.95663056294,Hydrological Layer,SAC N,Tank/Pond
1928,1928,1202,,No,Moderate,Inland,Man-made,,1.06411691177518,,23.542360458,91.8011277066,Tripura,808.271024252928,10641.1691177518,Hydrological Layer,SAC N,Tank/Pond
1929,1929,1202,,No,Moderate,Inland,Man-made,,2.83815577824029,,23.5436994478,91.8019121743,Tripura,3330.42392532688,28381.5577824029,Hydrological Layer,SAC N,Tank/Pond
1930,1930,1202,,No,Moderate,Inland,Man-made,,0.730650181860373,,23.8198184813,91.2930891007,Tripura,469.8795606249,7306.50181860373,Hydrological Layer,SAC N,Tank/Pond
1994,1994,1202,,Yes,High,Inland,Man-made,,0.593731633602299,,23.4809131888,91.3330202524,Tripura,443.688845949854,5937.31633602299,Hydrological Layer,SAC N,Tank/Pond
1931,1931,1202,,No,Moderate,Inland,Man-made,,2.13358444322181,,23.8239496875,91.2964057276,Tripura,829.611574730848,21335.8444322181,Hydrological Layer,SAC N,Tank/Pond
1932,1932,1202,,No,Moderate,Inland,Man-made,,0.343336751209694,,23.8196509127,91.2950154429,Tripura,246.38867357498,3433.36751209694,Hydrological Layer,SAC N,Tank/Pond
1933,1933,1202,,No,Moderate,Inland,Man-made,,0.434319907775999,,23.8209918669,91.2896514882,Tripura,282.025043348861,4343.19907775999,Hydrological Layer,SAC N,Tank/Pond
1934,1934,1202,,No,Moderate,Inland,Man-made,,0.471673518346315,,23.8257544482,91.2843455248,Tripura,284.186500770132,4716.73518346315,Hydrological Layer,SAC N,Tank/Pond
1956,1956,1102,,No,Moderate,Inland,Natural,,2.74521808959349,,23.4336078909,91.7218663999,Tripura,903.031996445267,27452.1808959349,Hydrological Layer,SAC N,Ox-bow lake/cut-off meander
1957,1957,1202,,No,Moderate,Inland,Man-made,,1.68008996358425,,23.422041869,91.7285780394,Tripura,654.075375943071,16800.8996358425,Hydrological Layer,SAC N,Tank/Pond
1958,1958,1101,,No,Moderate,Inland,Natural,,3.24532495654941,,23.4232515821,91.7307296451,Tripura,696.048890620858,32453.2495654941,Hydrological Layer,SAC N,Lake/Pond
1973,1973,1202,,Yes,High,Inland,Man-made,,1.02855697661408,,23.4793171057,91.3336627747,Tripura,601.763079100159,10285.5697661408,Hydrological Layer,SAC N,Tank/Pond
2030,2030,1202,,No,Moderate,Inland,Man-made,,0.474482733354693,,23.6196881553,91.2342607872,Tripura,283.303364529897,4744.82733354693,Hydrological Layer,SAC N,Tank/Pond
1995,1995,1202,,Yes,High,Inland,Man-made,,0.318042331632766,,23.4814339157,91.3312508568,Tripura,229.227293509147,3180.42331632766,Hydrological Layer,SAC N,Tank/Pond
1996,1996,1202,,Yes,High,Inland,Man-made,,0.32712764641805,,23.4821033066,91.3310544642,Tripura,233.511537534316,3271.2764641805,Hydrological Layer,SAC N,Tank/Pond
1959,1959,1102,,No,Moderate,Inland,Natural,,4.94734303218145,,23.4278364134,91.7359050248,Tripura,1534.86344617722,49473.4303218145,Hydrological Layer,SAC N,Ox-bow lake/cut-off meander
1960,1960,1102,,No,Moderate,Inland,Natural,,5.95861711203813,,23.4076977131,91.721072695,Tripura,1633.06236304686,59586.1711203813,Hydrological Layer,SAC N,Ox-bow lake/cut-off meander
1961,1961,1102,,No,Moderate,Inland,Natural,,4.45058717891081,,23.4278382949,91.7038581609,Tripura,1235.57392392754,44505.8717891081,Hydrological Layer,SAC N,Ox-bow lake/cut-off meander
1962,1962,1202,,No,Moderate,Inland,Man-made,,0.477261747635574,,23.4235139144,91.7531678557,Tripura,420.33230457218,4772.61747635574,Hydrological Layer,SAC N,Tank/Pond
1963,1963,1202,,No,Moderate,Inland,Man-made,,1.01252193801916,,23.422868205,91.7592309643,Tripura,790.070618602464,10125.2193801916,Hydrological Layer,SAC N,Tank/Pond
1964,1964,1202,,No,Moderate,Inland,Man-made,,0.786488473115753,,23.4242976377,91.7543000458,Tripura,565.823847379345,7864.88473115753,Hydrological Layer,SAC N,Tank/Pond
1965,1965,1202,,No,Moderate,Inland,Man-made,,1.47326701006384,,23.4242036787,91.7512931908,Tripura,812.78435433199,14732.6701006384,Hydrological Layer,SAC N,Tank/Pond
1997,1997,1202,,Yes,High,Inland,Man-made,,1.06444945565057,,23.4818255706,91.329052394,Tripura,400.520173406079,10644.4945565057,Hydrological Layer,SAC N,Tank/Pond
1966,1966,1202,,No,Moderate,Inland,Man-made,,1.24321753955414,,23.425981945,91.7578195239,Tripura,884.250307482931,12432.1753955414,Hydrological Layer,SAC N,Tank/Pond
1967,1967,1202,,Yes,High,Inland,Man-made,,2.11180454613496,,23.495053073,91.3123667656,Tripura,622.73384637831,21118.0454613496,Hydrological Layer,SAC N,Tank/Pond
1974,1974,1202,,No,Moderate,Inland,Man-made,,0.71837856522239,,23.6457505844,91.225721047,Tripura,440.094409849614,7183.7856522239,Hydrological Layer,SAC N,Tank/Pond
1975,1975,1202,,No,Moderate,Inland,Man-made,,1.10865086493189,,23.6461293814,91.2335854138,Tripura,433.01630551836,11086.5086493189,Hydrological Layer,SAC N,Tank/Pond
1976,1976,1202,,No,Moderate,Inland,Man-made,,0.253204851622654,,23.6476365427,91.2306987952,Tripura,205.48522260606,2532.04851622654,Hydrological Layer,SAC N,Tank/Pond
1977,1977,1202,,No,Moderate,Inland,Man-made,,0.291973584825641,,23.6479787297,91.2432103685,Tripura,222.316648126088,2919.73584825641,Hydrological Layer,SAC N,Tank/Pond
1978,1978,1202,,No,Moderate,Inland,Man-made,,0.523249043272483,,23.6480908483,91.2333570235,Tripura,295.384769950196,5232.49043272483,Hydrological Layer,SAC N,Tank/Pond
1979,1979,1202,,No,Moderate,Inland,Man-made,,0.435052284177155,,23.6483593715,91.2374494123,Tripura,317.667671490223,4350.52284177155,Hydrological Layer,SAC N,Tank/Pond
1984,1984,1202,,No,Moderate,Inland,Man-made,,1.21552215972796,,23.6517207156,91.2279908288,Tripura,506.848669073548,12155.2215972796,Hydrological Layer,SAC N,Tank/Pond
1985,1985,1202,,No,Moderate,Inland,Man-made,,1.95652529415701,,23.6519694522,91.2260772687,Tripura,937.956724072932,19565.2529415701,Hydrological Layer,SAC N,Tank/Pond
1986,1986,1202,,No,Moderate,Inland,Man-made,,0.426716386737413,,23.652612226,91.2324482142,Tripura,261.457356701179,4267.16386737413,Hydrological Layer,SAC N,Tank/Pond
1987,1987,1202,,No,Moderate,Inland,Man-made,,0.236363774703324,,23.6531836701,91.2204943381,Tripura,210.503207045309,2363.63774703324,Hydrological Layer,SAC N,Tank/Pond
1988,1988,1202,,No,Moderate,Inland,Man-made,,0.705699600331959,,23.6536916972,91.2243474061,Tripura,336.976950211793,7056.99600331959,Hydrological Layer,SAC N,Tank/Pond
1989,1989,1202,,Yes,High,Inland,Man-made,,0.779535280056145,,23.479845181,91.3299233699,Tripura,440.625904526216,7795.35280056146,Hydrological Layer,SAC N,Tank/Pond
1990,1990,1202,,Yes,High,Inland,Man-made,,0.494328563751965,,23.4806368429,91.3344572906,Tripura,292.760986537239,4943.28563751965,Hydrological Layer,SAC N,Tank/Pond
1991,1991,1202,,Yes,High,Inland,Man-made,,0.339729835948186,,23.480616281,91.331431271,Tripura,252.55366608637,3397.29835948186,Hydrological Layer,SAC N,Tank/Pond
1992,1992,1202,,Yes,High,Inland,Man-made,,0.560480915422632,,23.4807220279,91.3287661102,Tripura,307.593244837115,5604.80915422632,Hydrological Layer,SAC N,Tank/Pond
1998,1998,1202,,Yes,High,Inland,Man-made,,0.68656686859668,,23.4818960591,91.3354285803,Tripura,400.250949586091,6865.6686859668,Hydrological Layer,SAC N,Tank/Pond
1999,1999,1202,,Yes,High,Inland,Man-made,,0.98004379458349,,23.4822856162,91.3480188732,Tripura,454.385632851592,9800.4379458349,Hydrological Layer,SAC N,Tank/Pond
2000,2000,1202,,Yes,High,Inland,Man-made,,0.327504975420434,,23.4827596972,91.3296161787,Tripura,235.350496852337,3275.04975420434,Hydrological Layer,SAC N,Tank/Pond
2001,2001,1202,,Yes,High,Inland,Man-made,,0.941040877273256,,23.4825127995,91.3330386205,Tripura,446.390531960177,9410.40877273256,Hydrological Layer,SAC N,Tank/Pond
2038,2038,1202,,No,Moderate,Inland,Man-made,,0.412394754574214,,23.6588129892,91.2207889964,Tripura,323.87636271649,4123.94754574214,Hydrological Layer,SAC N,Tank/Pond
2002,2002,1202,,Yes,High,Inland,Man-made,,0.71909017266748,,23.4829149553,91.3344825444,Tripura,489.138804578044,7190.9017266748,Hydrological Layer,SAC N,Tank/Pond
2003,2003,1202,,Yes,High,Inland,Man-made,,0.630872745153207,,23.4830214224,91.331163324,Tripura,310.756108432004,6308.72745153207,Hydrological Layer,SAC N,Tank/Pond
2004,2004,1202,,Yes,High,Inland,Man-made,,0.919125033645609,,23.4833760315,91.3479277576,Tripura,392.969950935225,9191.25033645609,Hydrological Layer,SAC N,Tank/Pond
2005,2005,1202,,Yes,High,Inland,Man-made,,0.5911327038256,,23.4840220592,91.3351334013,Tripura,348.197191706101,5911.327038256,Hydrological Layer,SAC N,Tank/Pond
2006,2006,1202,,Yes,High,Inland,Man-made,,0.622056407889885,,23.4844990057,91.3376698281,Tripura,311.16933908987,6220.56407889885,Hydrological Layer,SAC N,Tank/Pond
2007,2007,1202,,Yes,High,Inland,Man-made,,0.733307211082864,,23.4843054107,91.3357100612,Tripura,389.422854748161,7333.07211082864,Hydrological Layer,SAC N,Tank/Pond
2008,2008,1202,,Yes,High,Inland,Man-made,,0.773101170466231,,23.4850124015,91.3364842043,Tripura,413.652645729643,7731.01170466231,Hydrological Layer,SAC N,Tank/Pond
2009,2009,1101,,No,Moderate,Inland,Natural,,3.13969855839313,,23.4684815655,91.3194587052,Tripura,1157.97623546891,31396.9855839313,Hydrological Layer,SAC N,Lake/Pond
2010,2010,1101,,No,Moderate,Inland,Natural,,7.70131232221308,,23.5121163173,91.3279632729,Tripura,2782.06429344917,77013.1232221308,Hydrological Layer,SAC N,Lake/Pond
2011,2011,1102,,No,Moderate,Inland,Natural,,2.68971592668278,,23.4747341121,91.3078038775,Tripura,1118.36222632916,26897.1592668278,Hydrological Layer,SAC N,Ox-bow lake/cut-off meander
2028,2028,1105,,No,Moderate,Inland,Natural,,0.393473051588809,,23.718443592,91.1544385616,Tripura,374.530808239229,3934.73051588809,Hydrological Layer,SAC N,Waterlogged
2031,2031,1202,,No,Moderate,Inland,Man-made,,0.904480335432201,,23.6561886036,91.2248508891,Tripura,474.643016255028,9044.80335432201,Hydrological Layer,SAC N,Tank/Pond
2032,2032,1202,,No,Moderate,Inland,Man-made,,0.404156794097248,,23.6569354971,91.2268831485,Tripura,261.965323076926,4041.56794097248,Hydrological Layer,SAC N,Tank/Pond
2033,2033,1202,,No,Moderate,Inland,Man-made,,0.190933359691164,,23.6572593974,91.2257045514,Tripura,177.038840624696,1909.33359691164,Hydrological Layer,SAC N,Tank/Pond
2034,2034,1202,,No,Moderate,Inland,Man-made,,0.661236264062207,,23.6570502496,91.2196779582,Tripura,328.810826740567,6612.36264062207,Hydrological Layer,SAC N,Tank/Pond
2012,2012,1102,,No,Moderate,Inland,Natural,,2.90550596040608,,23.4792943865,91.2852992671,Tripura,1176.75794737038,29055.0596040608,Hydrological Layer,SAC N,Ox-bow lake/cut-off meander
2013,2013,1202,,Yes,High,Inland,Man-made,,1.13553359074636,,23.4884959579,91.2654591895,Tripura,441.862635909194,11355.3359074636,Hydrological Layer,SAC N,Tank/Pond
2014,2014,1202,,Yes,High,Inland,Man-made,,0.441548937443243,,23.4895636132,91.2647415598,Tripura,273.993582150571,4415.48937443243,Hydrological Layer,SAC N,Tank/Pond
2015,2015,1202,,Yes,High,Inland,Man-made,,1.23182218082815,,23.4967668499,91.3079622165,Tripura,493.91087882883,12318.2218082815,Hydrological Layer,SAC N,Tank/Pond
2016,2016,1105,,No,Moderate,Inland,Natural,,2.85045684942025,,23.4918243147,91.2590417646,Tripura,1044.28998254216,28504.5684942025,Hydrological Layer,SAC N,Waterlogged
2017,2017,1105,,No,Moderate,Inland,Natural,,1.72048294828758,,23.4996288132,91.2234580902,Tripura,763.598949593049,17204.8294828758,Hydrological Layer,SAC N,Waterlogged
2018,2018,1105,,No,Moderate,Inland,Natural,,1.03191808940252,,23.5034705954,91.2202725821,Tripura,542.736025266843,10319.1808940252,Hydrological Layer,SAC N,Waterlogged
2019,2019,1202,,No,Moderate,Inland,Man-made,,0.569406521948419,,23.6549160903,91.2248894527,Tripura,305.912876542415,5694.06521948419,Hydrological Layer,SAC N,Tank/Pond
2022,2022,1202,,No,Moderate,Inland,Man-made,,0.729960838800508,,23.6553488715,91.2279787903,Tripura,369.847668896794,7299.60838800508,Hydrological Layer,SAC N,Tank/Pond
2024,2024,1202,,No,Moderate,Inland,Man-made,,0.309671043296709,,23.6558526338,91.2255845303,Tripura,229.672515978723,3096.71043296709,Hydrological Layer,SAC N,Tank/Pond
2025,2025,1202,,No,Moderate,Inland,Man-made,,0.254023143173954,,23.6561983226,91.2239419924,Tripura,203.100524822657,2540.23143173954,Hydrological Layer,SAC N,Tank/Pond
2041,2041,1202,,No,Moderate,Inland,Man-made,,0.266288678697245,,23.6597211057,91.2322573701,Tripura,215.970208009217,2662.88678697245,Hydrological Layer,SAC N,Tank/Pond
2042,2042,1202,,No,Moderate,Inland,Man-made,,1.04565355001567,,23.6612020722,91.2292607716,Tripura,432.215567357254,10456.5355001567,Hydrological Layer,SAC N,Tank/Pond
2043,2043,1202,,No,Moderate,Inland,Man-made,,0.365023698244473,,23.6621216672,91.2170421176,Tripura,251.753807417621,3650.23698244473,Hydrological Layer,SAC N,Tank/Pond
2044,2044,1202,,No,Moderate,Inland,Man-made,,0.218917397932527,,23.6621643241,91.2099020618,Tripura,201.043396335742,2189.17397932527,Hydrological Layer,SAC N,Tank/Pond
2045,2045,1105,,No,Moderate,Inland,Natural,,1.01572731452233,,23.642318487,91.2290727237,Tripura,537.112328916875,10157.2731452233,Hydrological Layer,SAC N,Waterlogged
2046,2046,1105,,No,Moderate,Inland,Natural,,2.96247975680967,,23.6465637137,91.2298728633,Tripura,764.760026841309,29624.7975680967,Hydrological Layer,SAC N,Waterlogged
2047,2047,1105,,No,Moderate,Inland,Natural,,1.66472839640276,,23.6470178126,91.2277125241,Tripura,622.232520200006,16647.2839640276,Hydrological Layer,SAC N,Waterlogged
2048,2048,1105,,No,Moderate,Inland,Natural,,0.60017695562769,,23.6585034359,91.2248080019,Tripura,396.316835730408,6001.7695562769,Hydrological Layer,SAC N,Waterlogged
2049,2049,1105,,No,Moderate,Inland,Natural,,1.25984075798771,,23.6583317283,91.2282569812,Tripura,826.165457301365,12598.4075798771,Hydrological Layer,SAC N,Waterlogged
2059,2059,1202,,No,Moderate,Inland,Man-made,,1.11675198214126,,23.9037471704,91.4458196522,Tripura,524.822129747277,11167.5198214126,Hydrological Layer,SAC N,Tank/Pond
2060,2060,1202,,No,Moderate,Inland,Man-made,,0.518256731004955,,23.8337120344,91.3651439356,Tripura,313.088167873545,5182.56731004955,Hydrological Layer,SAC N,Tank/Pond
2056,2056,1105,,No,Moderate,Inland,Natural,,0.371032232549982,,23.722045431,91.1663570723,Tripura,550.633304612392,3710.32232549982,Hydrological Layer,SAC N,Waterlogged
5055,5055,1202,,No,Moderate,Inland,Man-made,,1.30459240039574,,23.1910231425,91.5918373236,Tripura,734.432173983993,13045.9240039574,Hydrological Layer,SAC N,Tank/Pond
2050,2050,1105,,No,Moderate,Inland,Natural,,2.56898732665841,,23.6588693119,91.2220863073,Tripura,1362.23848472099,25689.8732665841,Hydrological Layer,SAC N,Waterlogged
2064,2064,1202,,No,Moderate,Inland,Man-made,,1.5139510345191,,23.4450450496,91.2621299187,Tripura,499.42095664942,15139.510345191,Hydrological Layer,SAC N,Tank/Pond
2065,2065,1202,,No,Moderate,Inland,Man-made,,0.451214626208865,,23.3692458397,91.3450257528,Tripura,393.36329322843,4512.14626208865,Hydrological Layer,SAC N,Tank/Pond
2066,2066,1202,,No,Moderate,Inland,Man-made,,0.99851391013127,,24.3576244301,92.1531536241,Tripura,407.12719619271,9985.1391013127,Hydrological Layer,SAC N,Tank/Pond
2051,2051,1105,,No,Moderate,Inland,Natural,,1.86578347796665,,23.7166075679,91.1671448167,Tripura,1710.80452727263,18657.8347796665,Hydrological Layer,SAC N,Waterlogged
2052,2052,1105,,No,Moderate,Inland,Natural,,1.07408590607235,,23.7179829955,91.1603257354,Tripura,983.729950179511,10740.8590607235,Hydrological Layer,SAC N,Waterlogged
2053,2053,1105,,No,Moderate,Inland,Natural,,0.540280534167507,,23.712081102,91.1594310137,Tripura,638.594313016908,5402.80534167507,Hydrological Layer,SAC N,Waterlogged
2054,2054,1105,,No,Moderate,Inland,Natural,,0.892501340369939,,23.7061108273,91.1571932178,Tripura,581.605484583208,8925.01340369939,Hydrological Layer,SAC N,Waterlogged
2055,2055,1105,,No,Moderate,Inland,Natural,,0.295274494947472,,23.7196515965,91.1590695812,Tripura,348.203867548203,2952.74494947472,Hydrological Layer,SAC N,Waterlogged
2057,2057,1105,,No,Moderate,Inland,Natural,,0.314549771982971,,23.722078455,91.1556294985,Tripura,405.149194701383,3145.49771982971,Hydrological Layer,SAC N,Waterlogged
2058,2058,1202,,No,Moderate,Inland,Man-made,,4.30711622631843,,23.7406912647,91.1575711044,Tripura,850.44228179711,43071.1622631842,Hydrological Layer,SAC N,Tank/Pond
2061,2061,1202,,No,Moderate,Inland,Man-made,,1.15362775322089,,23.8433666582,91.380009724,Tripura,435.538619386841,11536.2775322089,Hydrological Layer,SAC N,Tank/Pond
2062,2062,1202,,No,Moderate,Inland,Man-made,,1.96738433081723,,23.6511931347,91.2371499959,Tripura,651.816128410006,19673.8433081723,Hydrological Layer,SAC N,Tank/Pond
2067,2067,1105,,No,Moderate,Inland,Natural,,0.279390750439018,,23.7278763493,91.1598641073,Tripura,484.618069341826,2793.90750439018,Hydrological Layer,SAC N,Waterlogged
2068,2068,1105,,No,Moderate,Inland,Natural,,0.589901387226382,,23.7281416634,91.1582156338,Tripura,744.082297430282,5899.01387226382,Hydrological Layer,SAC N,Waterlogged
2069,2069,1105,,No,Moderate,Inland,Natural,,1.29772338125896,,23.7189826735,91.1640620523,Tripura,1241.99483602187,12977.2338125896,Hydrological Layer,SAC N,Waterlogged
2070,2070,1105,,No,Moderate,Inland,Natural,,0.275693318219536,,23.7199209449,91.1657330167,Tripura,389.154124148252,2756.93318219536,Hydrological Layer,SAC N,Waterlogged
2071,2071,1105,,No,Moderate,Inland,Natural,,0.339547054351175,,23.7223876697,91.1647586869,Tripura,418.378427528089,3395.47054351175,Hydrological Layer,SAC N,Waterlogged
2072,2072,1105,,No,Moderate,Inland,Natural,,0.298240116578366,,23.7252706606,91.1680994315,Tripura,295.445601597086,2982.40116578366,Hydrological Layer,SAC N,Waterlogged
2107,2107,1202,,No,Moderate,Inland,Man-made,,0.660604443035345,,23.8511454392,91.3428638273,Tripura,339.453085244489,6606.04443035345,Hydrological Layer,SAC N,Tank/Pond
2106,2106,1202,,No,Moderate,Inland,Man-made,,1.24432908360432,,23.8148550766,91.2412418817,Tripura,538.642056411493,12443.2908360432,Hydrological Layer,SAC N,Tank/Pond
2073,2073,1105,,No,Moderate,Inland,Natural,,1.28752178682,,23.7094368012,91.1615578291,Tripura,1141.01471298733,12875.2178682,Hydrological Layer,SAC N,Waterlogged
2074,2074,1105,,No,Moderate,Inland,Natural,,0.17574421006563,,23.7106682745,91.1637511853,Tripura,207.655187617999,1757.4421006563,Hydrological Layer,SAC N,Waterlogged
2075,2075,1202,,No,Moderate,Inland,Man-made,,0.861056237800504,,23.7419726903,91.1745061902,Tripura,435.467033766806,8610.56237800504,Hydrological Layer,SAC N,Tank/Pond
2104,2104,1202,,No,Moderate,Inland,Man-made,,0.178356508164127,,23.8113846545,91.2411447998,Tripura,172.308877787847,1783.56508164127,Hydrological Layer,SAC N,Tank/Pond
2076,2076,1202,,No,Moderate,Inland,Man-made,,1.853799666634,,23.7631836903,91.2637580282,Tripura,1084.24792203355,18537.99666634,Hydrological Layer,SAC N,Tank/Pond
2077,2077,1202,,No,Moderate,Inland,Man-made,,0.611021638743538,,23.7684564764,91.2651415317,Tripura,322.117161375292,6110.21638743538,Hydrological Layer,SAC N,Tank/Pond
2078,2078,1202,,No,Moderate,Inland,Man-made,,1.24802538652107,,23.8244842473,91.4272221595,Tripura,539.734987444987,12480.2538652107,Hydrological Layer,SAC N,Tank/Pond
2079,2079,1202,,No,Moderate,Inland,Man-made,,0.189481631209331,,23.8287344817,91.4039372892,Tripura,173.082367410698,1894.81631209331,Hydrological Layer,SAC N,Tank/Pond
2080,2080,1202,,No,Moderate,Inland,Man-made,,0.408161081020411,,23.8295748756,91.4063355286,Tripura,260.534765314555,4081.61081020411,Hydrological Layer,SAC N,Tank/Pond
2081,2081,1202,,No,Moderate,Inland,Man-made,,0.425969185722005,,23.831164987,91.4013081173,Tripura,278.68583569044,4259.69185722005,Hydrological Layer,SAC N,Tank/Pond
2082,2082,1202,,No,Moderate,Inland,Man-made,,0.534521319008226,,23.8313055557,91.4031170377,Tripura,368.25082865636,5345.21319008226,Hydrological Layer,SAC N,Tank/Pond
2083,2083,1105,,No,Moderate,Inland,Natural,,0.488606228674503,,23.8254079257,91.4123502527,Tripura,376.935711915577,4886.06228674503,Hydrological Layer,SAC N,Waterlogged
2084,2084,1105,,No,Moderate,Inland,Natural,,0.452300895725775,,23.828171699,91.4134249516,Tripura,396.208367380204,4523.00895725775,Hydrological Layer,SAC N,Waterlogged
2085,2085,1105,,No,Moderate,Inland,Natural,,0.284101731295843,,23.829024232,91.4140945434,Tripura,215.033792761871,2841.01731295843,Hydrological Layer,SAC N,Waterlogged
2108,2108,1202,,No,Moderate,Inland,Man-made,,1.02861514857981,,23.829096499,91.3733068968,Tripura,558.579562702675,10286.1514857981,Hydrological Layer,SAC N,Tank/Pond
2109,2109,1202,,No,Moderate,Inland,Man-made,,1.34656939847709,,23.8300369184,91.3711941724,Tripura,625.785016149839,13465.6939847709,Hydrological Layer,SAC N,Tank/Pond
2105,2105,1202,,No,Moderate,Inland,Man-made,,0.608860435466124,,23.8019330673,91.2341129765,Tripura,335.757838292491,6088.60435466124,Hydrological Layer,SAC N,Tank/Pond
2110,2110,1202,,No,Moderate,Inland,Man-made,,0.270733121043143,,23.8340362729,91.3809471974,Tripura,240.22177399451,2707.33121043143,Hydrological Layer,SAC N,Tank/Pond
2111,2111,1202,,No,Moderate,Inland,Man-made,,0.423425696691777,,23.826431776,91.4094707021,Tripura,299.466684311551,4234.25696691777,Hydrological Layer,SAC N,Tank/Pond
2086,2086,1105,,No,Moderate,Inland,Natural,,3.2027920207148,,23.8285185213,91.4397330162,Tripura,1372.21564293001,32027.920207148,Hydrological Layer,SAC N,Waterlogged
2087,2087,1105,,No,Moderate,Inland,Natural,,0.63980383625988,,23.8293830137,91.4106883799,Tripura,468.148784830505,6398.0383625988,Hydrological Layer,SAC N,Waterlogged
2088,2088,1202,,No,Moderate,Inland,Man-made,,0.20935011918812,,23.8300053996,91.3928631649,Tripura,187.798799814059,2093.5011918812,Hydrological Layer,SAC N,Tank/Pond
2089,2089,1202,,No,Moderate,Inland,Man-made,,0.161616230409541,,23.8303406662,91.404941696,Tripura,167.527071584567,1616.16230409541,Hydrological Layer,SAC N,Tank/Pond
2090,2090,1202,,No,Moderate,Inland,Man-made,,0.182817589979005,,23.8318528786,91.388285721,Tripura,174.534136423075,1828.17589979005,Hydrological Layer,SAC N,Tank/Pond
2091,2091,1202,,No,Moderate,Inland,Man-made,,0.403798808572471,,23.832784603,91.4026543401,Tripura,262.129939380494,4037.98808572471,Hydrological Layer,SAC N,Tank/Pond
2092,2092,1202,,No,Moderate,Inland,Man-made,,0.174337467791275,,23.8334980162,91.4044828129,Tripura,168.667561481375,1743.37467791275,Hydrological Layer,SAC N,Tank/Pond
2093,2093,1202,,No,Moderate,Inland,Man-made,,0.279981611603283,,23.8309366747,91.3933549325,Tripura,222.935441930598,2799.81611603283,Hydrological Layer,SAC N,Tank/Pond
2094,2094,1202,,No,Moderate,Inland,Man-made,,0.722789216903863,,23.8326732904,91.393458179,Tripura,339.864260865839,7227.89216903863,Hydrological Layer,SAC N,Tank/Pond
2095,2095,1202,,No,Moderate,Inland,Man-made,,0.967201160256688,,23.816939855,91.3979331498,Tripura,401.597759510543,9672.01160256688,Hydrological Layer,SAC N,Tank/Pond
2096,2096,1202,,No,Moderate,Inland,Man-made,,0.375208404319716,,23.817978992,91.4050194226,Tripura,254.793900416782,3752.08404319716,Hydrological Layer,SAC N,Tank/Pond
2098,2098,1202,,No,Moderate,Inland,Man-made,,0.171308571623851,,23.8210013732,91.3964369072,Tripura,169.997091263334,1713.08571623851,Hydrological Layer,SAC N,Tank/Pond
2099,2099,1202,,No,Moderate,Inland,Man-made,,0.153378445571223,,23.8217847938,91.403227338,Tripura,167.108925231515,1533.78445571223,Hydrological Layer,SAC N,Tank/Pond
2100,2100,1202,,No,Moderate,Inland,Man-made,,0.563350098362637,,23.8328091124,91.3496892656,Tripura,300.379210860027,5633.50098362637,Hydrological Layer,SAC N,Tank/Pond
2101,2101,1202,,No,Moderate,Inland,Man-made,,0.448594578609225,,23.833230041,91.3593935916,Tripura,270.742314650805,4485.94578609225,Hydrological Layer,SAC N,Tank/Pond
2102,2102,1202,,No,Moderate,Inland,Man-made,,0.665656775062029,,23.8337937957,91.3584865099,Tripura,375.46340447592,6656.56775062029,Hydrological Layer,SAC N,Tank/Pond
2103,2103,1202,,No,Moderate,Inland,Man-made,,0.29773779241396,,23.8108911892,91.2417553826,Tripura,225.585051798738,2977.3779241396,Hydrological Layer,SAC N,Tank/Pond
2112,2112,1202,,No,Moderate,Inland,Man-made,,0.196508244666041,,23.8192908614,91.4268242942,Tripura,184.399317895888,1965.08244666041,Hydrological Layer,SAC N,Tank/Pond
2113,2113,1202,,Yes,High,Inland,Man-made,,0.215723402892625,,23.4996456708,91.2190604375,Tripura,187.137424369505,2157.23402892625,Hydrological Layer,SAC N,Tank/Pond
2114,2114,1202,,No,Moderate,Inland,Man-made,,0.246907683197645,,23.8209396621,91.3977253844,Tripura,218.388387190865,2469.07683197645,Hydrological Layer,SAC N,Tank/Pond
2115,2115,1202,,No,Moderate,Inland,Man-made,,0.225342357952521,,23.8216085664,91.4048470331,Tripura,192.045319999553,2253.42357952521,Hydrological Layer,SAC N,Tank/Pond
2116,2116,1202,,No,Moderate,Inland,Man-made,,0.132176650731535,,23.8215944456,91.4042383523,Tripura,152.425626941848,1321.76650731535,Hydrological Layer,SAC N,Tank/Pond
2117,2117,1202,,No,Moderate,Inland,Man-made,,0.125513154609451,,23.8254000471,91.3979994402,Tripura,146.057244129408,1255.13154609451,Hydrological Layer,SAC N,Tank/Pond
2118,2118,1202,,No,Moderate,Inland,Man-made,,0.279133588846637,,23.8259105229,91.3964761779,Tripura,225.957321953214,2791.33588846637,Hydrological Layer,SAC N,Tank/Pond
2119,2119,1105,,No,Moderate,Inland,Natural,,1.45079735665849,,23.8277363624,91.418263614,Tripura,887.923150708291,14507.9735665849,Hydrological Layer,SAC N,Waterlogged
2120,2120,1105,,No,Moderate,Inland,Natural,,0.461587821213915,,23.8283522419,91.3984943555,Tripura,473.910642769086,4615.87821213915,Hydrological Layer,SAC N,Waterlogged
2121,2121,1202,,No,Moderate,Inland,Man-made,,0.160647186144543,,23.8342140159,91.3873637886,Tripura,166.65930731026,1606.47186144543,Hydrological Layer,SAC N,Tank/Pond
2122,2122,1202,,No,Moderate,Inland,Man-made,,0.302876834733174,,23.8352260265,91.3659741046,Tripura,222.320381969576,3028.76834733174,Hydrological Layer,SAC N,Tank/Pond
2123,2123,1202,,No,Moderate,Inland,Man-made,,0.599360685706555,,23.8358983639,91.3640712035,Tripura,305.732438320399,5993.60685706555,Hydrological Layer,SAC N,Tank/Pond
2124,2124,1202,,No,Moderate,Inland,Man-made,,0.3513363534819,,23.8405754545,91.3401693243,Tripura,245.598026641215,3513.363534819,Hydrological Layer,SAC N,Tank/Pond
2125,2125,1202,,No,Moderate,Inland,Man-made,,0.405178256996894,,23.8409271312,91.3131853353,Tripura,254.985741701693,4051.78256996894,Hydrological Layer,SAC N,Tank/Pond
2126,2126,1202,,No,Moderate,Inland,Man-made,,0.33820985746189,,23.8409929524,91.3181952858,Tripura,239.87213251924,3382.0985746189,Hydrological Layer,SAC N,Tank/Pond
2127,2127,1202,,No,Moderate,Inland,Man-made,,0.385995917996414,,23.8414880632,91.3203945826,Tripura,257.343446667282,3859.95917996414,Hydrological Layer,SAC N,Tank/Pond
2128,2128,1202,,No,Moderate,Inland,Man-made,,0.4613778796742,,23.8427674759,91.3129201554,Tripura,272.860041977409,4613.778796742,Hydrological Layer,SAC N,Tank/Pond
2129,2129,1202,,No,Moderate,Inland,Man-made,,0.73127331284976,,23.8442320182,91.3236362754,Tripura,355.418462515617,7312.7331284976,Hydrological Layer,SAC N,Tank/Pond
2130,2130,1202,,No,Moderate,Inland,Man-made,,0.762908959982146,,23.8493197736,91.3346812766,Tripura,361.37100798275,7629.08959982146,Hydrological Layer,SAC N,Tank/Pond
2131,2131,1202,,No,Moderate,Inland,Man-made,,0.185339416582631,,23.8116535276,91.2427313875,Tripura,177.896121170634,1853.39416582631,Hydrological Layer,SAC N,Tank/Pond
2132,2132,1202,,No,Moderate,Inland,Man-made,,0.159511287922805,,23.8141104522,91.2425162778,Tripura,161.315837105962,1595.11287922805,Hydrological Layer,SAC N,Tank/Pond
2133,2133,1202,,No,Moderate,Inland,Man-made,,0.194257170252018,,23.8175104121,91.2406198939,Tripura,179.299308281444,1942.57170252018,Hydrological Layer,SAC N,Tank/Pond
2134,2134,1202,,No,Moderate,Inland,Man-made,,0.545164690598988,,23.8192287955,91.2430907191,Tripura,296.515495826994,5451.64690598988,Hydrological Layer,SAC N,Tank/Pond
2135,2135,1202,,No,Moderate,Inland,Man-made,,0.249328313957832,,23.838609191,91.3479022967,Tripura,205.876739760096,2493.28313957832,Hydrological Layer,SAC N,Tank/Pond
2136,2136,1202,,No,Moderate,Inland,Man-made,,0.197838474596497,,23.8402883048,91.3419913616,Tripura,180.101075061228,1978.38474596497,Hydrological Layer,SAC N,Tank/Pond
2137,2137,1202,,No,Moderate,Inland,Man-made,,0.229458638653762,,23.8407031486,91.339015279,Tripura,201.111197439083,2294.58638653762,Hydrological Layer,SAC N,Tank/Pond
2138,2138,1202,,No,Moderate,Inland,Man-made,,0.659596604235142,,23.8417465271,91.3485698055,Tripura,330.312112734791,6595.96604235142,Hydrological Layer,SAC N,Tank/Pond
2139,2139,1202,,No,Moderate,Inland,Man-made,,0.362967980274702,,23.8429948012,91.3508073729,Tripura,237.841462112112,3629.67980274702,Hydrological Layer,SAC N,Tank/Pond
2140,2140,1202,,No,Moderate,Inland,Man-made,,0.134476827391367,,23.8432089751,91.3455939028,Tripura,147.868051618347,1344.76827391367,Hydrological Layer,SAC N,Tank/Pond
2141,2141,1202,,No,Moderate,Inland,Man-made,,0.228004940119913,,23.8434124201,91.3474420207,Tripura,196.553141852413,2280.04940119913,Hydrological Layer,SAC N,Tank/Pond
2142,2142,1202,,No,Moderate,Inland,Man-made,,0.183300692542256,,23.8440438748,91.3459680145,Tripura,178.430916778908,1833.00692542256,Hydrological Layer,SAC N,Tank/Pond
2143,2143,1202,,No,Moderate,Inland,Man-made,,0.274769469040435,,23.8442498173,91.3440241883,Tripura,213.038136114031,2747.69469040435,Hydrological Layer,SAC N,Tank/Pond
2144,2144,1202,,No,Moderate,Inland,Man-made,,0.188509443760689,,23.844755726,91.3431840876,Tripura,182.250807496015,1885.09443760689,Hydrological Layer,SAC N,Tank/Pond
2145,2145,1202,,No,Moderate,Inland,Man-made,,0.25695849192371,,23.8467721589,91.3390785848,Tripura,206.620004901469,2569.5849192371,Hydrological Layer,SAC N,Tank/Pond
2146,2146,1105,,No,Moderate,Inland,Natural,,1.00555929303266,,23.8226248489,91.39735888,Tripura,898.893373161946,10055.5929303266,Hydrological Layer,SAC N,Waterlogged
2164,2164,1202,,No,Moderate,Inland,Man-made,,0.114851986298497,,23.8203836868,91.41319952,Tripura,136.203015706638,1148.51986298497,Hydrological Layer,SAC N,Tank/Pond
2165,2165,1202,,No,Moderate,Inland,Man-made,,0.236125750035559,,23.8209393626,91.4183731969,Tripura,220.03720886306,2361.25750035559,Hydrological Layer,SAC N,Tank/Pond
2147,2147,1105,,No,Moderate,Inland,Natural,,2.1425951849518,,23.8262949728,91.3627411444,Tripura,1353.00370089968,21425.951849518,Hydrological Layer,SAC N,Waterlogged
2148,2148,1105,,No,Moderate,Inland,Natural,,0.600046340885382,,23.8303463595,91.3596542452,Tripura,535.547221553787,6000.46340885382,Hydrological Layer,SAC N,Waterlogged
2149,2149,1202,,No,Moderate,Inland,Man-made,,0.169977280932304,,23.8200223439,91.4273430746,Tripura,167.665678935386,1699.77280932304,Hydrological Layer,SAC N,Tank/Pond
2150,2150,1202,,No,Moderate,Inland,Man-made,,0.295005216244936,,23.8212850572,91.4277641426,Tripura,238.488921216699,2950.05216244936,Hydrological Layer,SAC N,Tank/Pond
2151,2151,1202,,No,Moderate,Inland,Man-made,,0.218680200310453,,23.8234093847,91.4314313032,Tripura,187.85286770468,2186.80200310453,Hydrological Layer,SAC N,Tank/Pond
2152,2152,1202,,No,Moderate,Inland,Man-made,,0.425971894065013,,23.8238506939,91.4281282044,Tripura,258.678861985091,4259.71894065013,Hydrological Layer,SAC N,Tank/Pond
2153,2153,1202,,No,Moderate,Inland,Man-made,,0.340801896117174,,23.8248357625,91.4217546848,Tripura,247.531283356951,3408.01896117174,Hydrological Layer,SAC N,Tank/Pond
2154,2154,1202,,No,Moderate,Inland,Man-made,,0.193964708976595,,23.8262210349,91.424355097,Tripura,179.647413380125,1939.64708976595,Hydrological Layer,SAC N,Tank/Pond
2155,2155,1105,,No,Moderate,Inland,Natural,,0.289311236080174,,23.8252894315,91.4136413188,Tripura,297.609038642791,2893.11236080174,Hydrological Layer,SAC N,Waterlogged
2156,2156,1105,,No,Moderate,Inland,Natural,,0.63774425372768,,23.8280463359,91.4149513334,Tripura,482.443910318939,6377.4425372768,Hydrological Layer,SAC N,Waterlogged
2157,2157,1202,,No,Moderate,Inland,Man-made,,0.444982092630926,,23.8065554257,91.4643562842,Tripura,269.359169314108,4449.82092630926,Hydrological Layer,SAC N,Tank/Pond
2158,2158,1202,,No,Moderate,Inland,Man-made,,3.03970838369265,,23.8083931369,91.4632323754,Tripura,883.397571433709,30397.0838369265,Hydrological Layer,SAC N,Tank/Pond
2159,2159,1202,,No,Moderate,Inland,Man-made,,0.395721158833646,,23.3695631464,91.3497850706,Tripura,275.973317388503,3957.21158833646,Hydrological Layer,SAC N,Tank/Pond
2160,2160,1105,,No,Moderate,Inland,Natural,,1.29629045257335,,23.6066682472,91.8102076277,Tripura,782.943784212314,12962.9045257335,Hydrological Layer,SAC N,Waterlogged
2161,2161,1202,,No,Moderate,Inland,Man-made,,0.204140865698557,,23.818189406,91.4178266595,Tripura,194.528435556478,2041.40865698557,Hydrological Layer,SAC N,Tank/Pond
2162,2162,1202,,No,Moderate,Inland,Man-made,,0.138234843890465,,23.8195376707,91.4227944365,Tripura,151.769410041123,1382.34843890465,Hydrological Layer,SAC N,Tank/Pond
2163,2163,1202,,No,Moderate,Inland,Man-made,,0.212016661514552,,23.8196385149,91.4237822114,Tripura,198.170790099485,2120.16661514552,Hydrological Layer,SAC N,Tank/Pond
2166,2166,1202,,No,Moderate,Inland,Man-made,,0.279740236079539,,23.8209939229,91.4137049742,Tripura,220.030141067097,2797.40236079539,Hydrological Layer,SAC N,Tank/Pond
2167,2167,1202,,No,Moderate,Inland,Man-made,,0.135205788103707,,23.8216775337,91.409395513,Tripura,147.37966804694,1352.05788103707,Hydrological Layer,SAC N,Tank/Pond
2168,2168,1202,,No,Moderate,Inland,Man-made,,0.178093810855146,,23.8222078939,91.4089625445,Tripura,169.784873616667,1780.93810855146,Hydrological Layer,SAC N,Tank/Pond
2169,2169,1202,,No,Moderate,Inland,Man-made,,0.151318823009888,,23.8233551901,91.4108023076,Tripura,159.600477575173,1513.18823009888,Hydrological Layer,SAC N,Tank/Pond
2170,2170,1202,,No,Moderate,Inland,Man-made,,0.27864945169681,,23.8240637174,91.4107654431,Tripura,232.418033580606,2786.4945169681,Hydrological Layer,SAC N,Tank/Pond
2171,2171,1202,,No,Moderate,Inland,Man-made,,0.414946635924819,,23.8240962481,91.4198014436,Tripura,339.937389109544,4149.46635924819,Hydrological Layer,SAC N,Tank/Pond
2172,2172,1202,,No,Moderate,Inland,Man-made,,0.512715455113502,,23.8242872729,91.4184845548,Tripura,317.142143182619,5127.15455113502,Hydrological Layer,SAC N,Tank/Pond
2173,2173,1202,,No,Moderate,Inland,Man-made,,0.23891280996216,,23.8252752459,91.4190124105,Tripura,209.632428916033,2389.1280996216,Hydrological Layer,SAC N,Tank/Pond
2174,2174,1202,,No,Moderate,Inland,Man-made,,0.177044233696748,,23.8203510543,91.4436840748,Tripura,182.577698083812,1770.44233696748,Hydrological Layer,SAC N,Tank/Pond
2175,2175,1202,,No,Moderate,Inland,Man-made,,0.332335157688488,,23.8218041809,91.4412967636,Tripura,243.456000467769,3323.35157688488,Hydrological Layer,SAC N,Tank/Pond
2176,2176,1202,,No,Moderate,Inland,Man-made,,0.360550147345179,,23.8230714472,91.4485558578,Tripura,266.218919632051,3605.50147345179,Hydrological Layer,SAC N,Tank/Pond
2177,2177,1202,,No,Moderate,Inland,Man-made,,0.334866022874147,,23.8233141612,91.4351100569,Tripura,235.343678232088,3348.66022874147,Hydrological Layer,SAC N,Tank/Pond
2178,2178,1202,,No,Moderate,Inland,Man-made,,0.158103866384286,,23.8259525356,91.4388471401,Tripura,165.199733662947,1581.03866384286,Hydrological Layer,SAC N,Tank/Pond
2179,2179,1202,,No,Moderate,Inland,Man-made,,0.270090034943949,,23.8266778718,91.4544785412,Tripura,212.337435760858,2700.90034943949,Hydrological Layer,SAC N,Tank/Pond
2180,2180,1202,,No,Moderate,Inland,Man-made,,0.159921078016005,,23.828375567,91.4378424462,Tripura,176.878923202851,1599.21078016005,Hydrological Layer,SAC N,Tank/Pond
2181,2181,1202,,No,Moderate,Inland,Man-made,,0.453812173740578,,23.8290669707,91.4545544196,Tripura,293.627031266097,4538.12173740578,Hydrological Layer,SAC N,Tank/Pond
2182,2182,1202,,No,Moderate,Inland,Man-made,,0.16258701830559,,23.8294432037,91.4417584438,Tripura,163.923205411534,1625.8701830559,Hydrological Layer,SAC N,Tank/Pond
2183,2183,1202,,No,Moderate,Inland,Man-made,,0.106371800179336,,23.8314795977,91.4470057238,Tripura,131.570747754134,1063.71800179336,Hydrological Layer,SAC N,Tank/Pond
2184,2184,1202,,No,Moderate,Inland,Man-made,,0.165857811860943,,23.8315980815,91.4410898432,Tripura,164.538159062451,1658.57811860943,Hydrological Layer,SAC N,Tank/Pond
2185,2185,1202,,No,Moderate,Inland,Man-made,,0.102555943774941,,23.8317425694,91.4460859013,Tripura,132.170078220736,1025.55943774941,Hydrological Layer,SAC N,Tank/Pond
2186,2186,1202,,No,Moderate,Inland,Man-made,,0.479521263816828,,23.8275868152,91.4244826041,Tripura,330.546207378995,4795.21263816828,Hydrological Layer,SAC N,Tank/Pond
2187,2187,1202,,No,Moderate,Inland,Man-made,,0.249573627403903,,23.8297350972,91.4249431719,Tripura,214.528064776371,2495.73627403903,Hydrological Layer,SAC N,Tank/Pond
2188,2188,1105,,No,Moderate,Inland,Natural,,0.650951960342175,,23.8293186975,91.4262807439,Tripura,418.745965452496,6509.51960342175,Hydrological Layer,SAC N,Waterlogged
2189,2189,1105,,No,Moderate,Inland,Natural,,0.197357766998327,,23.8323892688,91.443455834,Tripura,213.186127572907,1973.57766998327,Hydrological Layer,SAC N,Waterlogged
2190,2190,1105,,No,Moderate,Inland,Natural,,0.510749299425979,,23.8326527172,91.4444385249,Tripura,492.994858816796,5107.49299425979,Hydrological Layer,SAC N,Waterlogged
2191,2191,1105,,No,Moderate,Inland,Natural,,0.408193131508905,,23.8332064474,91.4432069717,Tripura,434.255246890142,4081.93131508905,Hydrological Layer,SAC N,Waterlogged
2209,2209,1202,,No,Moderate,Inland,Man-made,,0.664888379622418,,23.8305066851,91.4648752193,Tripura,369.889575341852,6648.88379622418,Hydrological Layer,SAC N,Tank/Pond
5056,5056,1202,,No,Moderate,Inland,Man-made,,0.566869718555503,,23.1935899876,91.5699645008,Tripura,421.866308452738,5668.69718555503,Hydrological Layer,SAC N,Tank/Pond
2192,2192,1105,,No,Moderate,Inland,Natural,,0.29155338749095,,23.8345708241,91.4414801915,Tripura,369.556353351209,2915.5338749095,Hydrological Layer,SAC N,Waterlogged
2193,2193,1202,,No,Moderate,Inland,Man-made,,0.356552847576572,,23.8309130659,91.4575122708,Tripura,244.113921923635,3565.52847576572,Hydrological Layer,SAC N,Tank/Pond
2194,2194,1202,,No,Moderate,Inland,Man-made,,0.160527697343069,,23.8321917353,91.4596561314,Tripura,161.445524222886,1605.27697343069,Hydrological Layer,SAC N,Tank/Pond
2195,2195,1202,,No,Moderate,Inland,Man-made,,0.136539366492926,,23.8326713732,91.4598203601,Tripura,149.160527391631,1365.39366492926,Hydrological Layer,SAC N,Tank/Pond
2196,2196,1202,,No,Moderate,Inland,Man-made,,0.312088573732099,,23.8336234787,91.4461118328,Tripura,252.575326399256,3120.88573732099,Hydrological Layer,SAC N,Tank/Pond
2197,2197,1202,,No,Moderate,Inland,Man-made,,0.607582771698356,,23.8336255327,91.4610293805,Tripura,325.236815187405,6075.82771698356,Hydrological Layer,SAC N,Tank/Pond
2198,2198,1202,,No,Moderate,Inland,Man-made,,0.397139382195969,,23.833755695,91.459773534,Tripura,253.53159125207,3971.39382195969,Hydrological Layer,SAC N,Tank/Pond
2199,2199,1202,,No,Moderate,Inland,Man-made,,0.120183033045715,,23.8339221791,91.4580979595,Tripura,141.779927449544,1201.83033045715,Hydrological Layer,SAC N,Tank/Pond
2200,2200,1202,,No,Moderate,Inland,Man-made,,0.505448720336504,,23.8336114612,91.458903377,Tripura,333.852725622487,5054.48720336504,Hydrological Layer,SAC N,Tank/Pond
2201,2201,1105,,No,Moderate,Inland,Natural,,0.872057191582561,,23.8288008566,91.4520925835,Tripura,452.271181869991,8720.57191582561,Hydrological Layer,SAC N,Waterlogged
2202,2202,1105,,No,Moderate,Inland,Natural,,1.13429154212194,,23.8311779183,91.4545724363,Tripura,760.38499390327,11342.9154212194,Hydrological Layer,SAC N,Waterlogged
2222,2222,1202,,No,Moderate,Inland,Man-made,,0.176519851514768,,23.8356472956,91.4648313818,Tripura,171.452912888254,1765.19851514768,Hydrological Layer,SAC N,Tank/Pond
2203,2203,1105,,No,Moderate,Inland,Natural,,0.463652393141726,,23.8324751107,91.4579658289,Tripura,355.090911389868,4636.52393141726,Hydrological Layer,SAC N,Waterlogged
2204,2204,1105,,No,Moderate,Inland,Natural,,1.20796601260779,,23.8353118091,91.4588449908,Tripura,600.491717475574,12079.6601260779,Hydrological Layer,SAC N,Waterlogged
2205,2205,1202,,No,Moderate,Inland,Man-made,,0.464740592429945,,23.8249600448,91.4289707148,Tripura,286.420819724831,4647.40592429945,Hydrological Layer,SAC N,Tank/Pond
2206,2206,1202,,No,Moderate,Inland,Man-made,,0.472009847496033,,23.8253997356,91.429917833,Tripura,290.917155756566,4720.09847496033,Hydrological Layer,SAC N,Tank/Pond
2207,2207,1202,,No,Moderate,Inland,Man-made,,0.488002358585182,,23.8251210085,91.4310200186,Tripura,363.768110793982,4880.02358585182,Hydrological Layer,SAC N,Tank/Pond
2208,2208,1202,,No,Moderate,Inland,Man-made,,0.312936628986452,,23.8262886805,91.42840104,Tripura,263.300260287023,3129.36628986452,Hydrological Layer,SAC N,Tank/Pond
2210,2210,1202,,No,Moderate,Inland,Man-made,,0.349998536038434,,23.8061832991,91.4788551998,Tripura,250.092189375021,3499.98536038434,Hydrological Layer,SAC N,Tank/Pond
2211,2211,1105,,No,Moderate,Inland,Natural,,0.376905325687661,,23.8346006829,91.442498499,Tripura,445.153095826854,3769.05325687661,Hydrological Layer,SAC N,Waterlogged
2212,2212,1105,,No,Moderate,Inland,Natural,,1.26235428362987,,23.8365729203,91.4371436182,Tripura,821.263566705592,12623.5428362987,Hydrological Layer,SAC N,Waterlogged
2213,2213,1202,,No,Moderate,Inland,Man-made,,0.158589014201506,,23.8282942748,91.4592304034,Tripura,161.591820245013,1585.89014201506,Hydrological Layer,SAC N,Tank/Pond
2214,2214,1202,,No,Moderate,Inland,Man-made,,0.348920769556544,,23.8289468747,91.4628200148,Tripura,243.870118482498,3489.20769556544,Hydrological Layer,SAC N,Tank/Pond
2215,2215,1202,,No,Moderate,Inland,Man-made,,0.414101333645897,,23.8299122922,91.4573847499,Tripura,269.579878128323,4141.01333645897,Hydrological Layer,SAC N,Tank/Pond
2216,2216,1202,,No,Moderate,Inland,Man-made,,0.294644192369753,,23.8302657394,91.4686256928,Tripura,224.798894715052,2946.44192369753,Hydrological Layer,SAC N,Tank/Pond
2217,2217,1202,,No,Moderate,Inland,Man-made,,0.442330289035648,,23.831000632,91.4687199145,Tripura,268.054538963019,4423.30289035648,Hydrological Layer,SAC N,Tank/Pond
2218,2218,1202,,No,Moderate,Inland,Man-made,,0.3724240278248,,23.8327194135,91.4661667698,Tripura,254.591665775696,3724.240278248,Hydrological Layer,SAC N,Tank/Pond
2219,2219,1202,,No,Moderate,Inland,Man-made,,0.303851787292268,,23.8335752764,91.4689810743,Tripura,224.030291324402,3038.51787292268,Hydrological Layer,SAC N,Tank/Pond
2220,2220,1202,,No,Moderate,Inland,Man-made,,0.195298607984025,,23.8340366014,91.4631971575,Tripura,178.878809686191,1952.98607984025,Hydrological Layer,SAC N,Tank/Pond
2221,2221,1202,,No,Moderate,Inland,Man-made,,0.25635909558761,,23.8348336497,91.4650369044,Tripura,210.393310617103,2563.5909558761,Hydrological Layer,SAC N,Tank/Pond
2223,2223,1202,,No,Moderate,Inland,Man-made,,0.574265412783481,,23.8356274944,91.4622319287,Tripura,311.769117014464,5742.65412783481,Hydrological Layer,SAC N,Tank/Pond
2224,2224,1202,,No,Moderate,Inland,Man-made,,0.216743034667735,,23.8369898718,91.4662410678,Tripura,189.706790828887,2167.43034667735,Hydrological Layer,SAC N,Tank/Pond
2225,2225,1202,,No,Moderate,Inland,Man-made,,0.339591605105252,,23.8372318801,91.468888777,Tripura,237.481184122868,3395.91605105252,Hydrological Layer,SAC N,Tank/Pond
2226,2226,1202,,No,Moderate,Inland,Man-made,,0.220982666665283,,23.8376798352,91.4640254703,Tripura,193.756829043332,2209.82666665283,Hydrological Layer,SAC N,Tank/Pond
2227,2227,1202,,No,Moderate,Inland,Man-made,,0.290587342823257,,23.8377437325,91.4634084204,Tripura,220.482748391424,2905.87342823257,Hydrological Layer,SAC N,Tank/Pond
2228,2228,1202,,No,Moderate,Inland,Man-made,,0.351828417253465,,23.8368830218,91.4669312058,Tripura,243.946626439358,3518.28417253465,Hydrological Layer,SAC N,Tank/Pond
2229,2229,1202,,No,Moderate,Inland,Man-made,,1.82747388886955,,23.8405281506,91.4715657424,Tripura,731.855791811024,18274.7388886955,Hydrological Layer,SAC N,Tank/Pond
2242,2242,1202,,No,Moderate,Inland,Man-made,,0.132427379616942,,23.8055311511,91.471944346,Tripura,155.674472546116,1324.27379616942,Hydrological Layer,SAC N,Tank/Pond
2230,2230,1202,,No,Moderate,Inland,Man-made,,0.61909164194784,,23.8397030363,91.4728164661,Tripura,703.365625722098,6190.9164194784,Hydrological Layer,SAC N,Tank/Pond
2231,2231,1101,,No,Moderate,Inland,Natural,,2.89416419856109,,23.839854428,91.4684498258,Tripura,1712.97344742694,28941.6419856109,Hydrological Layer,SAC N,Lake/Pond
2232,2232,1105,,No,Moderate,Inland,Natural,,1.03807483710757,,23.8487396388,91.4486736578,Tripura,703.92663874707,10380.7483710757,Hydrological Layer,SAC N,Waterlogged
2233,2233,1105,,No,Moderate,Inland,Natural,,1.57902593111855,,23.8517010163,91.4542840728,Tripura,894.745250901502,15790.2593111855,Hydrological Layer,SAC N,Waterlogged
2234,2234,1105,,No,Moderate,Inland,Natural,,0.770066081635934,,23.8571409727,91.4504354976,Tripura,446.603411296706,7700.66081635934,Hydrological Layer,SAC N,Waterlogged
2235,2235,1202,,No,Moderate,Inland,Man-made,,0.870722162621475,,23.8263805073,91.4267847589,Tripura,429.346834137772,8707.22162621475,Hydrological Layer,SAC N,Tank/Pond
2236,2236,1202,,No,Moderate,Inland,Man-made,,0.306394158560493,,23.8277970127,91.4287921769,Tripura,228.10844407754,3063.94158560493,Hydrological Layer,SAC N,Tank/Pond
2237,2237,1202,,No,Moderate,Inland,Man-made,,0.335353309092232,,23.7993109487,91.4775357888,Tripura,235.081927920757,3353.53309092232,Hydrological Layer,SAC N,Tank/Pond
2238,2238,1202,,No,Moderate,Inland,Man-made,,0.123088524854768,,23.8008673097,91.4728796694,Tripura,145.215833040728,1230.88524854768,Hydrological Layer,SAC N,Tank/Pond
2239,2239,1202,,No,Moderate,Inland,Man-made,,0.197127002679434,,23.8014479181,91.4763879157,Tripura,178.317357701117,1971.27002679434,Hydrological Layer,SAC N,Tank/Pond
2240,2240,1202,,No,Moderate,Inland,Man-made,,0.206802211647509,,23.8020443618,91.4778486099,Tripura,184.032982920784,2068.02211647509,Hydrological Layer,SAC N,Tank/Pond
2241,2241,1202,,No,Moderate,Inland,Man-made,,0.218076350355724,,23.8054286583,91.4777763681,Tripura,199.173442681547,2180.76350355724,Hydrological Layer,SAC N,Tank/Pond
2243,2243,1202,,No,Moderate,Inland,Man-made,,0.147403620184723,,23.8056534685,91.470841264,Tripura,157.676201020863,1474.03620184723,Hydrological Layer,SAC N,Tank/Pond
2244,2244,1202,,No,Moderate,Inland,Man-made,,0.153796862748788,,23.806595009,91.4705280116,Tripura,168.169563920326,1537.96862748788,Hydrological Layer,SAC N,Tank/Pond
2245,2245,1202,,No,Moderate,Inland,Man-made,,0.308268248732046,,23.8066281587,91.4719677056,Tripura,244.603427911958,3082.68248732046,Hydrological Layer,SAC N,Tank/Pond
2246,2246,1202,,No,Moderate,Inland,Man-made,,0.184506657725631,,23.8077488959,91.4699007216,Tripura,178.2495804999,1845.06657725631,Hydrological Layer,SAC N,Tank/Pond
2247,2247,1202,,No,Moderate,Inland,Man-made,,0.319845243607547,,23.8088495735,91.4768664063,Tripura,227.742447882038,3198.45243607547,Hydrological Layer,SAC N,Tank/Pond
2248,2248,1202,,No,Moderate,Inland,Man-made,,0.222074178799582,,23.8092712461,91.4799433864,Tripura,189.760623753346,2220.74178799582,Hydrological Layer,SAC N,Tank/Pond
2249,2249,1101,,No,Moderate,Inland,Natural,,3.99695036269319,,23.6619152143,91.2141471054,Tripura,1112.42840935856,39969.5036269319,Hydrological Layer,SAC N,Lake/Pond
2250,2250,1202,,No,Moderate,Inland,Man-made,,1.17248111024368,,23.445847679,91.2574088225,Tripura,428.408716059086,11724.8111024368,Hydrological Layer,SAC N,Tank/Pond
2251,2251,1202,,No,Moderate,Inland,Man-made,,0.902373679199667,,23.4489393342,91.2556917881,Tripura,369.922161009213,9023.73679199667,Hydrological Layer,SAC N,Tank/Pond
2252,2252,1105,,No,Moderate,Inland,Natural,,0.627002912316721,,23.6082897181,91.8097738835,Tripura,412.985838900424,6270.02912316721,Hydrological Layer,SAC N,Waterlogged
2253,2253,1105,,No,Moderate,Inland,Natural,,1.40048065899454,,23.6108519303,91.8212515026,Tripura,1245.39023276202,14004.8065899454,Hydrological Layer,SAC N,Waterlogged
2254,2254,1105,,No,Moderate,Inland,Natural,,0.799774641337797,,23.6146107386,91.8301835563,Tripura,575.075012524819,7997.74641337797,Hydrological Layer,SAC N,Waterlogged
2255,2255,1105,,No,Moderate,Inland,Natural,,0.45554003195951,,24.3060022761,92.1118762293,Tripura,374.274046172167,4555.4003195951,Hydrological Layer,SAC N,Waterlogged
2256,2256,1202,,No,Moderate,Inland,Man-made,,0.200576332407345,,23.8077755834,91.4687156656,Tripura,181.19121700844,2005.76332407345,Hydrological Layer,SAC N,Tank/Pond
2257,2257,1202,,No,Moderate,Inland,Man-made,,0.164230734541516,,23.8013588567,91.4753107653,Tripura,172.487899356731,1642.30734541516,Hydrological Layer,SAC N,Tank/Pond
2258,2258,1202,,No,Moderate,Inland,Man-made,,0.331944302676179,,23.8051189093,91.4774332973,Tripura,271.072710012309,3319.44302676179,Hydrological Layer,SAC N,Tank/Pond
2259,2259,1202,,No,Moderate,Inland,Man-made,,0.151320549529378,,23.7974498011,91.4873152955,Tripura,160.55376702718,1513.20549529378,Hydrological Layer,SAC N,Tank/Pond
2260,2260,1202,,No,Moderate,Inland,Man-made,,0.115459265586641,,23.7977257085,91.4853769685,Tripura,137.799434547483,1154.59265586641,Hydrological Layer,SAC N,Tank/Pond
2261,2261,1202,,No,Moderate,Inland,Man-made,,0.128423047755789,,23.7977758329,91.4860994914,Tripura,145.662551914696,1284.23047755789,Hydrological Layer,SAC N,Tank/Pond
2262,2262,1202,,No,Moderate,Inland,Man-made,,0.115580372427956,,23.7981414214,91.4856430494,Tripura,138.714867004544,1155.80372427956,Hydrological Layer,SAC N,Tank/Pond
2263,2263,1202,,No,Moderate,Inland,Man-made,,0.23188843094543,,23.7983310801,91.4844437181,Tripura,195.29896821436,2318.8843094543,Hydrological Layer,SAC N,Tank/Pond
2264,2264,1202,,No,Moderate,Inland,Man-made,,0.298645052584663,,23.7981716291,91.4849800093,Tripura,232.390189218246,2986.45052584663,Hydrological Layer,SAC N,Tank/Pond
2265,2265,1202,,No,Moderate,Inland,Man-made,,0.148655939870615,,23.7986559173,91.4866085684,Tripura,159.261357324145,1486.55939870615,Hydrological Layer,SAC N,Tank/Pond
2266,2266,1202,,No,Moderate,Inland,Man-made,,0.180518802651068,,23.8012535691,91.4823108087,Tripura,172.802255592067,1805.18802651068,Hydrological Layer,SAC N,Tank/Pond
2267,2267,1202,,No,Moderate,Inland,Man-made,,0.236249766815001,,23.8034344931,91.479088281,Tripura,199.992790020164,2362.49766815001,Hydrological Layer,SAC N,Tank/Pond
2268,2268,1202,,No,Moderate,Inland,Man-made,,0.233827296493901,,23.8044879851,91.490488132,Tripura,194.565292866931,2338.27296493901,Hydrological Layer,SAC N,Tank/Pond
2270,2270,1202,,No,Moderate,Inland,Man-made,,0.435546677392595,,23.8064911042,91.4805737674,Tripura,277.520759926166,4355.46677392595,Hydrological Layer,SAC N,Tank/Pond
2271,2271,1105,,No,Moderate,Inland,Natural,,0.337292893991471,,23.7985358032,91.497689568,Tripura,399.726078437104,3372.92893991471,Hydrological Layer,SAC N,Waterlogged
2272,2272,1105,,No,Moderate,Inland,Natural,,0.418600489204958,,23.7986373943,91.4964608887,Tripura,260.607850644628,4186.00489204958,Hydrological Layer,SAC N,Waterlogged
2273,2273,1105,,No,Moderate,Inland,Natural,,2.01761776630304,,23.7998762483,91.496826939,Tripura,1262.66488264516,20176.1776630304,Hydrological Layer,SAC N,Waterlogged
2289,2289,1202,,No,Moderate,Inland,Man-made,,0.476015396625298,,23.4581005824,91.2624593664,Tripura,303.745948929472,4760.15396625297,Hydrological Layer,SAC N,Tank/Pond
2290,2290,1202,,No,Moderate,Inland,Man-made,,1.12474607024032,,23.4625522087,91.2671080537,Tripura,487.390476768801,11247.4607024032,Hydrological Layer,SAC N,Tank/Pond
5060,5060,1202,,No,Moderate,Inland,Man-made,,0.769161151451872,,23.143619097,91.5439339993,Tripura,609.624300560029,7691.61151451872,Hydrological Layer,SAC N,Tank/Pond
2274,2274,1105,,No,Moderate,Inland,Natural,,1.05128939848326,,23.8147240104,91.4963321019,Tripura,957.406382645046,10512.8939848326,Hydrological Layer,SAC N,Waterlogged
2275,2275,1105,,No,Moderate,Inland,Natural,,0.82868394683939,,23.8515870757,91.4506886114,Tripura,639.785315477808,8286.8394683939,Hydrological Layer,SAC N,Waterlogged
2276,2276,1202,,No,Moderate,Inland,Man-made,,1.22470172129201,,23.6633159827,91.2146472942,Tripura,467.002110199066,12247.0172129201,Hydrological Layer,SAC N,Tank/Pond
2277,2277,1202,,No,Moderate,Inland,Man-made,,1.22129767319612,,23.6642355209,91.2187262711,Tripura,585.826203493015,12212.9767319612,Hydrological Layer,SAC N,Tank/Pond
2327,2327,1202,,No,Moderate,Inland,Man-made,,0.454151305799361,,23.6339129073,91.2553676733,Tripura,269.803522119564,4541.51305799361,Hydrological Layer,SAC N,Tank/Pond
2328,2328,1202,,No,Moderate,Inland,Man-made,,0.320918763796209,,23.6166067662,91.2561493122,Tripura,227.200082598833,3209.18763796209,Hydrological Layer,SAC N,Tank/Pond
2278,2278,1202,,No,Moderate,Inland,Man-made,,2.25930651835857,,23.6645926554,91.2155943328,Tripura,863.179624025101,22593.0651835857,Hydrological Layer,SAC N,Tank/Pond
2279,2279,1202,,No,Moderate,Inland,Man-made,,0.280474875915231,,23.6612703324,91.216853097,Tripura,226.808638887903,2804.74875915231,Hydrological Layer,SAC N,Tank/Pond
2280,2280,1202,,No,Moderate,Inland,Man-made,,0.401624383920231,,23.6622810396,91.2119205929,Tripura,292.529361287466,4016.24383920231,Hydrological Layer,SAC N,Tank/Pond
2281,2281,1202,,No,Moderate,Inland,Man-made,,0.616168175542988,,23.6631655674,91.2132976888,Tripura,316.826967379711,6161.68175542988,Hydrological Layer,SAC N,Tank/Pond
2282,2282,1202,,No,Moderate,Inland,Man-made,,0.420039184889881,,23.6656750055,91.2157542055,Tripura,267.251529905742,4200.39184889881,Hydrological Layer,SAC N,Tank/Pond
2283,2283,1202,,No,Moderate,Inland,Man-made,,0.26222148706577,,23.6670646522,91.2154775606,Tripura,206.026439392492,2622.2148706577,Hydrological Layer,SAC N,Tank/Pond
2284,2284,1202,,No,Moderate,Inland,Man-made,,0.131003001398941,,23.6676766075,91.2154607898,Tripura,153.489536677835,1310.03001398941,Hydrological Layer,SAC N,Tank/Pond
2285,2285,1202,,No,Moderate,Inland,Man-made,,0.340564772171557,,23.6685281968,91.2170551734,Tripura,227.849718391573,3405.64772171557,Hydrological Layer,SAC N,Tank/Pond
2286,2286,1202,,No,Moderate,Inland,Man-made,,0.274981881479037,,23.6686451748,91.2159858151,Tripura,227.607146312818,2749.81881479037,Hydrological Layer,SAC N,Tank/Pond
2287,2287,1202,,No,Moderate,Inland,Man-made,,0.282594355577586,,23.4517391345,91.2681553676,Tripura,215.113557415566,2825.94355577586,Hydrological Layer,SAC N,Tank/Pond
2288,2288,1202,,No,Moderate,Inland,Man-made,,1.41629014175452,,23.4574142282,91.2653850048,Tripura,506.938988218163,14162.9014175452,Hydrological Layer,SAC N,Tank/Pond
2291,2291,1202,,No,Moderate,Inland,Man-made,,0.612856057424045,,23.4633834027,91.2630224955,Tripura,328.807440985989,6128.56057424045,Hydrological Layer,SAC N,Tank/Pond
2292,2292,1202,,No,Moderate,Inland,Man-made,,0.397182951632765,,23.4707004131,91.2799204199,Tripura,253.210126018114,3971.82951632765,Hydrological Layer,SAC N,Tank/Pond
2293,2293,1202,,No,Moderate,Inland,Man-made,,0.567418246218432,,23.4733864746,91.2583801531,Tripura,339.420446559655,5674.18246218432,Hydrological Layer,SAC N,Tank/Pond
2294,2294,1202,,No,Moderate,Inland,Man-made,,0.332509197267042,,23.4744225701,91.256590648,Tripura,233.596510952962,3325.09197267042,Hydrological Layer,SAC N,Tank/Pond
2295,2295,1202,,No,Moderate,Inland,Man-made,,0.471501995775241,,23.476747585,91.2656546112,Tripura,285.889137045072,4715.01995775241,Hydrological Layer,SAC N,Tank/Pond
2296,2296,1202,,No,Moderate,Inland,Man-made,,0.331836212399976,,23.4783840551,91.2714500218,Tripura,252.411375423981,3318.36212399976,Hydrological Layer,SAC N,Tank/Pond
2297,2297,1202,,No,Moderate,Inland,Man-made,,0.879398190754785,,23.47854061,91.269301353,Tripura,389.387173723171,8793.98190754785,Hydrological Layer,SAC N,Tank/Pond
2298,2298,1202,,No,Moderate,Inland,Man-made,,0.357413086547867,,23.4803847829,91.2693164228,Tripura,257.540965913614,3574.13086547867,Hydrological Layer,SAC N,Tank/Pond
2299,2299,1105,,No,Moderate,Inland,Natural,,1.38194908224875,,23.4581099617,91.2942853228,Tripura,988.990534451867,13819.4908224875,Hydrological Layer,SAC N,Waterlogged
2300,2300,1105,,No,Moderate,Inland,Natural,,5.33810026106694,,23.4617136671,91.2785872741,Tripura,2998.98601022742,53381.0026106693,Hydrological Layer,SAC N,Waterlogged
2301,2301,1202,,No,Moderate,Inland,Man-made,,0.658237016203019,,23.465218284,91.2786383504,Tripura,330.254858007022,6582.37016203019,Hydrological Layer,SAC N,Tank/Pond
2302,2302,1202,,No,Moderate,Inland,Man-made,,0.694636715453759,,23.4652481806,91.2718239201,Tripura,340.947138924354,6946.36715453759,Hydrological Layer,SAC N,Tank/Pond
2303,2303,1105,,No,Moderate,Inland,Natural,,0.467386096631398,,24.3230587921,92.1255972143,Tripura,291.771470377851,4673.86096631398,Hydrological Layer,SAC N,Waterlogged
2304,2304,1105,,No,Moderate,Inland,Natural,,0.235715857207719,,24.3241235213,92.106339033,Tripura,206.987992953219,2357.15857207719,Hydrological Layer,SAC N,Waterlogged
2323,2323,1105,,No,Moderate,Inland,Natural,,2.19705587743941,,23.6193665573,91.2500856993,Tripura,845.755559617967,21970.5587743941,Hydrological Layer,SAC N,Waterlogged
2329,2329,1202,,No,Moderate,Inland,Man-made,,0.20116624129427,,23.6172990312,91.2565009409,Tripura,180.431914999927,2011.6624129427,Hydrological Layer,SAC N,Tank/Pond
2330,2330,1202,,No,Moderate,Inland,Man-made,,0.585886713835813,,23.6387624088,91.2361730409,Tripura,372.368713955779,5858.86713835813,Hydrological Layer,SAC N,Tank/Pond
2363,2363,1202,,No,Moderate,Inland,Man-made,,0.396732070271983,,23.6396828562,91.2708787405,Tripura,287.570677526942,3967.32070271983,Hydrological Layer,SAC N,Tank/Pond
2331,2331,1202,,No,Moderate,Inland,Man-made,,2.08247587397318,,23.6070697774,91.239596198,Tripura,950.519215759358,20824.7587397318,Hydrological Layer,SAC N,Tank/Pond
2305,2305,1105,,No,Moderate,Inland,Natural,,5.28172608297973,,24.375960826,92.1069144888,Tripura,2876.38042161241,52817.2608297973,Hydrological Layer,SAC N,Waterlogged
2306,2306,1105,,No,Moderate,Inland,Natural,,0.382648621960128,,24.3998668495,92.1616276681,Tripura,287.440226284861,3826.48621960128,Hydrological Layer,SAC N,Waterlogged
2307,2307,1202,,No,Moderate,Inland,Man-made,,0.372398471754342,,23.627139776,91.3020218822,Tripura,266.412210464114,3723.98471754342,Hydrological Layer,SAC N,Tank/Pond
2308,2308,1202,,No,Moderate,Inland,Man-made,,0.318551458533944,,23.6285840584,91.2941260163,Tripura,227.487452535909,3185.51458533944,Hydrological Layer,SAC N,Tank/Pond
2309,2309,1202,,No,Moderate,Inland,Man-made,,0.478579272486648,,23.6294542494,91.2824168103,Tripura,320.283340501357,4785.79272486648,Hydrological Layer,SAC N,Tank/Pond
2310,2310,1202,,No,Moderate,Inland,Man-made,,0.206801072710274,,23.6327385438,91.2926655384,Tripura,182.894791032972,2068.01072710274,Hydrological Layer,SAC N,Tank/Pond
2311,2311,1202,,No,Moderate,Inland,Man-made,,0.59997872271772,,23.6336479603,91.2792700936,Tripura,314.882656469712,5999.7872271772,Hydrological Layer,SAC N,Tank/Pond
2312,2312,1202,,No,Moderate,Inland,Man-made,,0.383314272274283,,23.6340936359,91.3004582289,Tripura,293.663260272367,3833.14272274283,Hydrological Layer,SAC N,Tank/Pond
2313,2313,1202,,No,Moderate,Inland,Man-made,,0.17180136202278,,23.6342314413,91.2919741577,Tripura,175.734460632415,1718.0136202278,Hydrological Layer,SAC N,Tank/Pond
2314,2314,1202,,No,Moderate,Inland,Man-made,,0.16507134265858,,23.6345027654,91.3024878686,Tripura,166.254258095593,1650.7134265858,Hydrological Layer,SAC N,Tank/Pond
2315,2315,1202,,No,Moderate,Inland,Man-made,,0.151104969477814,,23.6346114186,91.3030334131,Tripura,157.812383396832,1511.04969477814,Hydrological Layer,SAC N,Tank/Pond
2316,2316,1202,,No,Moderate,Inland,Man-made,,0.696329573528647,,23.6341638403,91.2808593262,Tripura,371.791084370795,6963.29573528647,Hydrological Layer,SAC N,Tank/Pond
2317,2317,1202,,No,Moderate,Inland,Man-made,,0.420642012641709,,23.6350375519,91.2820390868,Tripura,260.002844180081,4206.42012641709,Hydrological Layer,SAC N,Tank/Pond
2324,2324,1202,,No,Moderate,Inland,Man-made,,0.441100687962673,,23.6201502472,91.2531671816,Tripura,276.764051133974,4411.00687962673,Hydrological Layer,SAC N,Tank/Pond
2325,2325,1202,,No,Moderate,Inland,Man-made,,0.500328753303338,,23.6206917406,91.2343554404,Tripura,286.911185616133,5003.28753303338,Hydrological Layer,SAC N,Tank/Pond
2326,2326,1202,,No,Moderate,Inland,Man-made,,0.520278552043767,,23.6257801288,91.24140225,Tripura,306.061818296356,5202.78552043767,Hydrological Layer,SAC N,Tank/Pond
2318,2318,1105,,No,Moderate,Inland,Natural,,4.41659715454015,,23.6312926498,91.2474424064,Tripura,3550.19792864339,44165.9715454015,Hydrological Layer,SAC N,Waterlogged
2319,2319,1105,,No,Moderate,Inland,Natural,,0.791690530524092,,23.6345025834,91.2459583826,Tripura,525.320005080067,7916.90530524092,Hydrological Layer,SAC N,Waterlogged
2320,2320,1105,,No,Moderate,Inland,Natural,,1.0747140754244,,23.636030789,91.2480573231,Tripura,683.441142423564,10747.140754244,Hydrological Layer,SAC N,Waterlogged
2321,2321,1105,,No,Moderate,Inland,Natural,,5.48379616220307,,23.650399522,91.2576499409,Tripura,2295.48760491308,54837.9616220308,Hydrological Layer,SAC N,Waterlogged
2322,2322,1105,,No,Moderate,Inland,Natural,,2.63380282797593,,23.6595649239,91.2256783448,Tripura,1096.04986042427,26338.0282797593,Hydrological Layer,SAC N,Waterlogged
2362,2362,1202,,No,Moderate,Inland,Man-made,,0.259318980844782,,23.639763866,91.2670328584,Tripura,214.017870814099,2593.18980844782,Hydrological Layer,SAC N,Tank/Pond
2332,2332,1202,,No,Moderate,Inland,Man-made,,0.600483127829614,,23.6102411803,91.2409944921,Tripura,334.537488814752,6004.83127829614,Hydrological Layer,SAC N,Tank/Pond
2333,2333,1202,,No,Moderate,Inland,Man-made,,0.113816800755377,,23.6129508844,91.2367936453,Tripura,139.550769277738,1138.16800755377,Hydrological Layer,SAC N,Tank/Pond
2334,2334,1202,,No,Moderate,Inland,Man-made,,0.323072316813691,,23.6187487621,91.2539254343,Tripura,228.619906197785,3230.72316813691,Hydrological Layer,SAC N,Tank/Pond
2335,2335,1105,,No,Moderate,Inland,Natural,,1.17281459062198,,23.6064645832,91.2355636099,Tripura,850.436669342005,11728.1459062198,Hydrological Layer,SAC N,Waterlogged
2336,2336,1105,,No,Moderate,Inland,Natural,,1.27010541032874,,23.6101753065,91.2452406917,Tripura,803.328400557646,12701.0541032874,Hydrological Layer,SAC N,Waterlogged
2337,2337,1105,,No,Moderate,Inland,Natural,,0.98173473137777,,23.6161557926,91.2405697174,Tripura,462.086482002224,9817.3473137777,Hydrological Layer,SAC N,Waterlogged
2369,2369,1202,,No,Moderate,Inland,Man-made,,0.131922154403999,,23.6421425193,91.2961061657,Tripura,179.114420068995,1319.22154403999,Hydrological Layer,SAC N,Tank/Pond
2370,2370,1202,,No,Moderate,Inland,Man-made,,0.755986358659198,,23.6420039149,91.2759923015,Tripura,419.19646377636,7559.86358659198,Hydrological Layer,SAC N,Tank/Pond
2338,2338,1105,,No,Moderate,Inland,Natural,,2.06270150363546,,23.6184226812,91.2425968977,Tripura,1088.43185932773,20627.0150363546,Hydrological Layer,SAC N,Waterlogged
2339,2339,1202,,No,Moderate,Inland,Man-made,,0.76630277864394,,24.3586405753,92.150343752,Tripura,490.547225826814,7663.0277864394,Hydrological Layer,SAC N,Tank/Pond
2340,2340,1202,,No,Moderate,Inland,Man-made,,0.369400730335346,,24.3599022696,92.1373817118,Tripura,272.250216783919,3694.00730335346,Hydrological Layer,SAC N,Tank/Pond
2341,2341,1202,,No,Moderate,Inland,Man-made,,0.477107931698088,,24.361263489,92.1366272362,Tripura,411.548626777724,4771.07931698088,Hydrological Layer,SAC N,Tank/Pond
2342,2342,1202,,No,Moderate,Inland,Man-made,,1.3308766852067,,24.3663601168,92.1265727162,Tripura,876.376437433794,13308.766852067,Hydrological Layer,SAC N,Tank/Pond
2353,2353,1202,,No,Moderate,Inland,Man-made,,0.145186466489404,,23.637395293,91.2911392155,Tripura,154.509700265945,1451.86466489404,Hydrological Layer,SAC N,Tank/Pond
2343,2343,1105,,No,Moderate,Inland,Natural,,0.84185680934101,,23.848600756,91.8797240651,Tripura,668.658734774336,8418.5680934101,Hydrological Layer,SAC N,Waterlogged
2515,2515,1202,,No,Moderate,Inland,Man-made,,0.121306870016321,,23.6586431987,91.2439908135,Tripura,137.430872587095,1213.06870016321,Hydrological Layer,SAC N,Tank/Pond
2344,2344,1105,,No,Moderate,Inland,Natural,,2.44826614607335,,23.8509841004,91.8770463259,Tripura,1507.34652896829,24482.6614607335,Hydrological Layer,SAC N,Waterlogged
2345,2345,1105,,No,Moderate,Inland,Natural,,0.241889582934591,,23.8523267825,91.873173724,Tripura,209.393116329157,2418.89582934591,Hydrological Layer,SAC N,Waterlogged
2346,2346,1105,,No,Moderate,Inland,Natural,,0.242225763760346,,23.8528845265,91.874287079,Tripura,264.113907093834,2422.25763760346,Hydrological Layer,SAC N,Waterlogged
2347,2347,1105,,No,Moderate,Inland,Natural,,0.106010714449409,,23.8539274552,91.8741196154,Tripura,138.651216214404,1060.10714449409,Hydrological Layer,SAC N,Waterlogged
2371,2371,1202,,No,Moderate,Inland,Man-made,,0.227766746910592,,23.6423372585,91.2923515676,Tripura,208.833353797724,2277.66746910592,Hydrological Layer,SAC N,Tank/Pond
2372,2372,1202,,No,Moderate,Inland,Man-made,,0.459798827663723,,23.6424887398,91.296379681,Tripura,282.169331696487,4597.98827663723,Hydrological Layer,SAC N,Tank/Pond
5061,5061,1202,,No,Moderate,Inland,Man-made,,0.863184772579471,,23.131903331,91.5464833335,Tripura,568.472872055923,8631.84772579471,Hydrological Layer,SAC N,Tank/Pond
2348,2348,1105,,No,Moderate,Inland,Natural,,1.74445001075025,,23.943192921,92.018633198,Tripura,795.388406645985,17444.5001075025,Hydrological Layer,SAC N,Waterlogged
2349,2349,1202,,No,Moderate,Inland,Man-made,,0.398036353323037,,23.6350853749,91.2910593917,Tripura,253.489279502685,3980.36353323037,Hydrological Layer,SAC N,Tank/Pond
2350,2350,1202,,No,Moderate,Inland,Man-made,,0.694981313454586,,23.6357744899,91.2980847025,Tripura,425.252698848534,6949.81313454586,Hydrological Layer,SAC N,Tank/Pond
2351,2351,1202,,No,Moderate,Inland,Man-made,,1.52910971130224,,23.63654745,91.2952224321,Tripura,656.001112700155,15291.0971130224,Hydrological Layer,SAC N,Tank/Pond
2352,2352,1202,,No,Moderate,Inland,Man-made,,1.17619026086046,,23.6368600329,91.2922228195,Tripura,699.625920910017,11761.9026086046,Hydrological Layer,SAC N,Tank/Pond
2354,2354,1202,,No,Moderate,Inland,Man-made,,0.337508288016913,,23.6376113372,91.2887570089,Tripura,257.713678110719,3375.08288016913,Hydrological Layer,SAC N,Tank/Pond
2355,2355,1202,,No,Moderate,Inland,Man-made,,0.125780456283014,,23.6379250833,91.3009242867,Tripura,145.904683049951,1257.80456283014,Hydrological Layer,SAC N,Tank/Pond
2356,2356,1202,,No,Moderate,Inland,Man-made,,0.424301947375714,,23.6379946736,91.2766718129,Tripura,280.263267780476,4243.01947375714,Hydrological Layer,SAC N,Tank/Pond
2357,2357,1202,,No,Moderate,Inland,Man-made,,0.537590299236873,,23.6387721196,91.2644639708,Tripura,300.489045279332,5375.90299236873,Hydrological Layer,SAC N,Tank/Pond
2358,2358,1202,,No,Moderate,Inland,Man-made,,0.204193195272422,,23.6392532611,91.2933450337,Tripura,181.931483826266,2041.93195272422,Hydrological Layer,SAC N,Tank/Pond
2359,2359,1202,,No,Moderate,Inland,Man-made,,0.215297867851741,,23.639230026,91.2879716881,Tripura,189.296960722304,2152.97867851741,Hydrological Layer,SAC N,Tank/Pond
2360,2360,1202,,No,Moderate,Inland,Man-made,,0.162546268182227,,23.6397586039,91.2888467795,Tripura,177.173499876742,1625.46268182227,Hydrological Layer,SAC N,Tank/Pond
2361,2361,1202,,No,Moderate,Inland,Man-made,,0.432271303400295,,23.6397839198,91.2761557716,Tripura,273.523515414295,4322.71303400295,Hydrological Layer,SAC N,Tank/Pond
2364,2364,1202,,No,Moderate,Inland,Man-made,,1.16721710338435,,23.6404475101,91.2997016355,Tripura,703.157442832533,11672.1710338435,Hydrological Layer,SAC N,Tank/Pond
2365,2365,1202,,No,Moderate,Inland,Man-made,,0.211047584089908,,23.6403529667,91.2888949085,Tripura,193.076206076979,2110.47584089908,Hydrological Layer,SAC N,Tank/Pond
2366,2366,1202,,No,Moderate,Inland,Man-made,,0.142439301751542,,23.6407144986,91.3014735864,Tripura,156.203983702669,1424.39301751542,Hydrological Layer,SAC N,Tank/Pond
2367,2367,1202,,No,Moderate,Inland,Man-made,,0.136381400068665,,23.641455762,91.2952853039,Tripura,158.679056789404,1363.81400068665,Hydrological Layer,SAC N,Tank/Pond
2368,2368,1202,,No,Moderate,Inland,Man-made,,0.100960851470794,,23.6415433372,91.2917766603,Tripura,131.226824777972,1009.60851470794,Hydrological Layer,SAC N,Tank/Pond
2373,2373,1202,,No,Moderate,Inland,Man-made,,0.570805661720094,,23.6423856646,91.2734903547,Tripura,328.164185389076,5708.05661720094,Hydrological Layer,SAC N,Tank/Pond
2374,2374,1202,,No,Moderate,Inland,Man-made,,0.160890428854825,,23.6426808212,91.2950822055,Tripura,161.322575561853,1608.90428854825,Hydrological Layer,SAC N,Tank/Pond
2375,2375,1202,,No,Moderate,Inland,Man-made,,0.243516195788946,,23.6429400016,91.2930640064,Tripura,236.893428515364,2435.16195788946,Hydrological Layer,SAC N,Tank/Pond
2376,2376,1202,,No,Moderate,Inland,Man-made,,0.140949522931087,,23.6437232203,91.301610547,Tripura,150.62475789235,1409.49522931086,Hydrological Layer,SAC N,Tank/Pond
2377,2377,1202,,No,Moderate,Inland,Man-made,,0.505066224296959,,23.6437524939,91.2521092686,Tripura,302.524620709224,5050.66224296959,Hydrological Layer,SAC N,Tank/Pond
2378,2378,1202,,No,Moderate,Inland,Man-made,,0.222679140290469,,23.6440880112,91.2954446779,Tripura,198.932163497569,2226.79140290469,Hydrological Layer,SAC N,Tank/Pond
2379,2379,1202,,No,Moderate,Inland,Man-made,,0.757498884194472,,23.6437350378,91.2734334346,Tripura,459.033004801003,7574.98884194472,Hydrological Layer,SAC N,Tank/Pond
2380,2380,1202,,No,Moderate,Inland,Man-made,,0.197720637089977,,23.6445511252,91.2932858118,Tripura,181.300693942423,1977.20637089977,Hydrological Layer,SAC N,Tank/Pond
2381,2381,1202,,No,Moderate,Inland,Man-made,,0.292220067807519,,23.6446474442,91.2954731807,Tripura,222.557987607298,2922.20067807519,Hydrological Layer,SAC N,Tank/Pond
2382,2382,1202,,No,Moderate,Inland,Man-made,,0.266640537656951,,23.6468421497,91.2597354257,Tripura,213.131347822488,2666.40537656951,Hydrological Layer,SAC N,Tank/Pond
2383,2383,1202,,No,Moderate,Inland,Man-made,,0.450576339390179,,23.6475092796,91.2590869356,Tripura,286.349224688169,4505.7633939018,Hydrological Layer,SAC N,Tank/Pond
2384,2384,1202,,No,Moderate,Inland,Man-made,,0.300456283694083,,23.6524202309,91.2674173302,Tripura,229.915573515734,3004.56283694083,Hydrological Layer,SAC N,Tank/Pond
2385,2385,1105,,No,Moderate,Inland,Natural,,1.50890093497293,,23.6280888531,91.2388756979,Tripura,586.347352319479,15089.0093497293,Hydrological Layer,SAC N,Waterlogged
2412,2412,1105,,No,Moderate,Inland,Natural,,1.71994202542902,,23.9250629208,92.2084436523,Tripura,1172.11463392786,17199.4202542902,Hydrological Layer,SAC N,Waterlogged
2386,2386,1105,,No,Moderate,Inland,Natural,,2.7101369648072,,23.6202533082,91.2445430193,Tripura,1490.33039088881,27101.369648072,Hydrological Layer,SAC N,Waterlogged
2387,2387,1105,,No,Moderate,Inland,Natural,,0.910414107904207,,23.6235651934,91.2431231651,Tripura,610.920911835289,9104.14107904207,Hydrological Layer,SAC N,Waterlogged
2388,2388,1105,,No,Moderate,Inland,Natural,,0.466349660612547,,23.6360589976,91.2510843294,Tripura,442.265193362422,4663.49660612547,Hydrological Layer,SAC N,Waterlogged
2389,2389,1202,,No,Moderate,Inland,Man-made,,1.01487464609991,,23.6277853319,91.2479239444,Tripura,497.04652659371,10148.7464609991,Hydrological Layer,SAC N,Tank/Pond
2390,2390,1202,,No,Moderate,Inland,Man-made,,0.725833043433434,,23.6290418611,91.2489491364,Tripura,368.371380384689,7258.33043433434,Hydrological Layer,SAC N,Tank/Pond
2391,2391,1202,,No,Moderate,Inland,Man-made,,0.284949499780447,,23.6307469108,91.2499961963,Tripura,213.727500581214,2849.49499780447,Hydrological Layer,SAC N,Tank/Pond
2392,2392,1202,,No,Moderate,Inland,Man-made,,0.679000009595623,,23.6315988946,91.2442835636,Tripura,456.365702214261,6790.00009595623,Hydrological Layer,SAC N,Tank/Pond
2393,2393,1202,,No,Moderate,Inland,Man-made,,0.661705747514176,,23.6314303093,91.2506726471,Tripura,367.498374504268,6617.05747514176,Hydrological Layer,SAC N,Tank/Pond
2394,2394,1202,,No,Moderate,Inland,Man-made,,0.278900918514943,,23.6332080493,91.2516606096,Tripura,218.4645355999,2789.00918514943,Hydrological Layer,SAC N,Tank/Pond
2395,2395,1202,,No,Moderate,Inland,Man-made,,0.234141858848363,,23.6337929097,91.2510896352,Tripura,197.964732661356,2341.41858848363,Hydrological Layer,SAC N,Tank/Pond
2396,2396,1202,,No,Moderate,Inland,Man-made,,1.28647773462245,,23.6341343,91.2522044041,Tripura,451.684388655536,12864.7773462245,Hydrological Layer,SAC N,Tank/Pond
2397,2397,1202,,No,Moderate,Inland,Man-made,,0.201330579306431,,23.6348409328,91.2531313333,Tripura,183.061732986289,2013.30579306431,Hydrological Layer,SAC N,Tank/Pond
2398,2398,1202,,No,Moderate,Inland,Man-made,,0.418700002022051,,23.6355061065,91.2537938047,Tripura,263.843043631237,4187.00002022051,Hydrological Layer,SAC N,Tank/Pond
2399,2399,1202,,No,Moderate,Inland,Man-made,,0.554006300153603,,23.638500518,91.2396339371,Tripura,383.374951653484,5540.06300153603,Hydrological Layer,SAC N,Tank/Pond
2400,2400,1202,,No,Moderate,Inland,Man-made,,0.490634323214646,,23.6406422377,91.2380727803,Tripura,335.213605174468,4906.34323214646,Hydrological Layer,SAC N,Tank/Pond
2401,2401,1202,,No,Moderate,Inland,Man-made,,0.148157917292746,,23.6391032827,91.2505729913,Tripura,155.646094893203,1481.57917292746,Hydrological Layer,SAC N,Tank/Pond
2402,2402,1202,,No,Moderate,Inland,Man-made,,0.169527290071391,,23.6399903801,91.2495120665,Tripura,165.216338348744,1695.27290071391,Hydrological Layer,SAC N,Tank/Pond
2403,2403,1202,,No,Moderate,Inland,Man-made,,0.206683833587936,,23.6423754515,91.2418973982,Tripura,183.026750372639,2066.83833587936,Hydrological Layer,SAC N,Tank/Pond
2404,2404,1202,,No,Moderate,Inland,Man-made,,0.132341551536331,,23.6308132595,91.2534526497,Tripura,146.351818226701,1323.41551536331,Hydrological Layer,SAC N,Tank/Pond
2471,2471,1202,,No,Moderate,Inland,Man-made,,1.86741375428397,,23.539594422,91.5016113044,Tripura,657.493991349771,18674.1375428397,Hydrological Layer,SAC N,Tank/Pond
2472,2472,1202,,No,Moderate,Inland,Man-made,,0.225782229789146,,23.5407664601,91.5079216375,Tripura,191.806457088875,2257.82229789146,Hydrological Layer,SAC N,Tank/Pond
2405,2405,1105,,No,Moderate,Inland,Natural,,1.25370313056237,,23.948660399,92.0044025925,Tripura,872.981943263903,12537.0313056237,Hydrological Layer,SAC N,Waterlogged
2527,2527,1202,,No,Moderate,Inland,Man-made,,0.234213381767082,,23.6560277402,91.2459727992,Tripura,197.79746103274,2342.13381767082,Hydrological Layer,SAC N,Tank/Pond
2406,2406,1105,,No,Moderate,Inland,Natural,,0.559100103823245,,23.9160038412,92.205301821,Tripura,358.034847347806,5591.00103823245,Hydrological Layer,SAC N,Waterlogged
2407,2407,1105,,No,Moderate,Inland,Natural,,0.702539528823135,,23.9165401596,92.2067014963,Tripura,507.378475514187,7025.39528823135,Hydrological Layer,SAC N,Waterlogged
2408,2408,1105,,No,Moderate,Inland,Natural,,0.624883081833265,,23.9167357175,92.2042233496,Tripura,441.409773279996,6248.83081833265,Hydrological Layer,SAC N,Waterlogged
2409,2409,1105,,No,Moderate,Inland,Natural,,2.06521155701388,,23.9169804556,92.2141884675,Tripura,1018.24880253444,20652.1155701388,Hydrological Layer,SAC N,Waterlogged
2489,2489,1202,,No,Moderate,Inland,Man-made,,0.287852198944399,,23.6531030766,91.2125975764,Tripura,226.370011895995,2878.52198944399,Hydrological Layer,SAC N,Tank/Pond
2410,2410,1105,,No,Moderate,Inland,Natural,,1.19476290444752,,23.9226351966,92.2106523136,Tripura,819.141007152929,11947.6290444752,Hydrological Layer,SAC N,Waterlogged
2411,2411,1105,,No,Moderate,Inland,Natural,,6.10599675936507,,23.9236951028,92.2050513708,Tripura,3606.94223003991,61059.9675936507,Hydrological Layer,SAC N,Waterlogged
2473,2473,1202,,No,Moderate,Inland,Man-made,,0.759250636301444,,23.5383077263,91.4931266593,Tripura,372.68325029937,7592.50636301444,Hydrological Layer,SAC N,Tank/Pond
2474,2474,1202,,No,Moderate,Inland,Man-made,,0.651489879486106,,23.5386384151,91.5034318543,Tripura,330.676347460227,6514.89879486106,Hydrological Layer,SAC N,Tank/Pond
2427,2427,1202,,No,Moderate,Inland,Man-made,,0.936232734095101,,23.957864351,92.2129849811,Tripura,474.780671112446,9362.32734095101,Hydrological Layer,SAC N,Tank/Pond
2475,2475,1202,,No,Moderate,Inland,Man-made,,0.162420179905413,,23.5398775525,91.4933144057,Tripura,162.692051620417,1624.20179905413,Hydrological Layer,SAC N,Tank/Pond
2413,2413,1105,,No,Moderate,Inland,Natural,,1.78705568719069,,23.9277640672,92.2129656924,Tripura,1101.24446903383,17870.5568719069,Hydrological Layer,SAC N,Waterlogged
2414,2414,1105,,No,Moderate,Inland,Natural,,2.08350164156903,,23.9281407309,92.2193446784,Tripura,1237.54924774917,20835.0164156903,Hydrological Layer,SAC N,Waterlogged
2529,2529,1202,,No,Moderate,Inland,Man-made,,0.162550199555034,,23.6569281986,91.2470106275,Tripura,168.110637179092,1625.50199555034,Hydrological Layer,SAC N,Tank/Pond
2415,2415,1105,,No,Moderate,Inland,Natural,,1.68311180514788,,23.9292002965,92.2084109131,Tripura,999.240372432989,16831.1180514788,Hydrological Layer,SAC N,Waterlogged
2416,2416,1105,,No,Moderate,Inland,Natural,,0.701569441480518,,23.9311025409,92.2091207279,Tripura,412.387936539526,7015.69441480518,Hydrological Layer,SAC N,Waterlogged
2417,2417,1105,,No,Moderate,Inland,Natural,,0.727738170714076,,23.9318580796,92.2063517035,Tripura,428.592288460045,7277.38170714076,Hydrological Layer,SAC N,Waterlogged
2418,2418,1202,,No,Moderate,Inland,Man-made,,1.0720429751997,,23.9171713105,92.2023107289,Tripura,550.917624679268,10720.429751997,Hydrological Layer,SAC N,Tank/Pond
2419,2419,1202,,No,Moderate,Inland,Man-made,,0.386381261860963,,23.9459489594,92.2088962264,Tripura,258.359781389976,3863.81261860963,Hydrological Layer,SAC N,Tank/Pond
2420,2420,1202,,No,Moderate,Inland,Man-made,,0.346753934499894,,23.9464484387,92.2084906176,Tripura,249.616284582823,3467.53934499894,Hydrological Layer,SAC N,Tank/Pond
2421,2421,1202,,No,Moderate,Inland,Man-made,,1.33898156315599,,23.9511377599,92.2145696296,Tripura,512.530766752156,13389.8156315599,Hydrological Layer,SAC N,Tank/Pond
2422,2422,1202,,No,Moderate,Inland,Man-made,,1.41651482913795,,23.9515907606,92.2164532275,Tripura,479.780940042783,14165.1482913795,Hydrological Layer,SAC N,Tank/Pond
2423,2423,1202,,No,Moderate,Inland,Man-made,,0.395427820912879,,23.952302203,92.2099152948,Tripura,340.017402665327,3954.27820912879,Hydrological Layer,SAC N,Tank/Pond
2424,2424,1202,,No,Moderate,Inland,Man-made,,0.392843535032098,,23.9530865931,92.2021579567,Tripura,308.757962885989,3928.43535032098,Hydrological Layer,SAC N,Tank/Pond
2425,2425,1202,,No,Moderate,Inland,Man-made,,0.566433734182825,,23.955124525,92.2089914959,Tripura,370.012825214205,5664.33734182825,Hydrological Layer,SAC N,Tank/Pond
2426,2426,1202,,No,Moderate,Inland,Man-made,,1.25541660988783,,23.9577465864,92.2109947103,Tripura,438.44864370479,12554.1660988783,Hydrological Layer,SAC N,Tank/Pond
5062,5062,1202,,No,Moderate,Inland,Man-made,,1.0339058111715,,23.1333257972,91.5479788405,Tripura,721.760581436613,10339.058111715,Hydrological Layer,SAC N,Tank/Pond
2428,2428,1105,,No,Moderate,Inland,Natural,,3.19301900691629,,23.9287323844,92.2054942138,Tripura,1350.38881719394,31930.1900691629,Hydrological Layer,SAC N,Waterlogged
2429,2429,1105,,No,Moderate,Inland,Natural,,2.42252884782276,,23.9485317971,92.2137450606,Tripura,1234.53841504543,24225.2884782276,Hydrological Layer,SAC N,Waterlogged
2430,2430,1105,,No,Moderate,Inland,Natural,,0.980383368346383,,23.9530505996,92.2120908438,Tripura,506.962970295653,9803.83368346383,Hydrological Layer,SAC N,Waterlogged
2431,2431,1105,,No,Moderate,Inland,Natural,,2.30019850479494,,23.9532232347,92.2103958844,Tripura,971.717421144772,23001.9850479494,Hydrological Layer,SAC N,Waterlogged
2432,2432,1202,,No,Moderate,Inland,Man-made,,0.426038495352053,,24.0315435943,92.2017041127,Tripura,323.0146647892,4260.38495352053,Hydrological Layer,SAC N,Tank/Pond
2433,2433,1202,,No,Moderate,Inland,Man-made,,1.63468950676864,,23.9576965068,92.2159316793,Tripura,642.599120555325,16346.8950676864,Hydrological Layer,SAC N,Tank/Pond
2434,2434,1202,,No,Moderate,Inland,Man-made,,1.04211685864008,,23.968286522,92.2030440501,Tripura,506.301892760921,10421.1685864008,Hydrological Layer,SAC N,Tank/Pond
2435,2435,1202,,No,Moderate,Inland,Man-made,,0.553498097936924,,24.1020944605,92.1992273995,Tripura,639.271922781146,5534.98097936924,Hydrological Layer,SAC N,Tank/Pond
2436,2436,1105,,No,Moderate,Inland,Natural,,0.631192066270989,,24.1375222422,92.1621800925,Tripura,572.628269318904,6311.92066270989,Hydrological Layer,SAC N,Waterlogged
2437,2437,1105,,No,Moderate,Inland,Natural,,0.16742911548794,,24.1384250631,92.1610696602,Tripura,217.866201267644,1674.2911548794,Hydrological Layer,SAC N,Waterlogged
5063,5063,1202,,No,Moderate,Inland,Man-made,,0.249445693265478,,23.1376379016,91.547031403,Tripura,247.396823155019,2494.45693265478,Hydrological Layer,SAC N,Tank/Pond
2438,2438,1105,,No,Moderate,Inland,Natural,,0.736109092128122,,24.1393639045,92.1598709445,Tripura,466.382371315914,7361.09092128122,Hydrological Layer,SAC N,Waterlogged
2439,2439,1105,,No,Moderate,Inland,Natural,,0.718422204290553,,24.1393123683,92.1543984498,Tripura,627.70507457503,7184.22204290553,Hydrological Layer,SAC N,Waterlogged
2440,2440,1202,,No,Moderate,Inland,Man-made,,0.452204102240746,,24.1032409517,92.1988605591,Tripura,395.899222444092,4522.04102240746,Hydrological Layer,SAC N,Tank/Pond
2441,2441,1202,,No,Moderate,Inland,Man-made,,0.442529917049188,,24.1036312221,92.1998517735,Tripura,429.176927175955,4425.29917049188,Hydrological Layer,SAC N,Tank/Pond
2442,2442,1202,,No,Moderate,Inland,Man-made,,0.596910453945084,,24.105860422,92.1982015703,Tripura,516.173831306149,5969.10453945084,Hydrological Layer,SAC N,Tank/Pond
2443,2443,1202,,No,Moderate,Inland,Man-made,,0.369924462284779,,24.1076401871,92.2002007787,Tripura,308.645250709447,3699.24462284779,Hydrological Layer,SAC N,Tank/Pond
2444,2444,1202,,No,Moderate,Inland,Man-made,,0.289326436051142,,24.1082935709,92.1990276541,Tripura,343.290920552355,2893.26436051142,Hydrological Layer,SAC N,Tank/Pond
2445,2445,1202,,No,Moderate,Inland,Man-made,,1.25017795157993,,24.1103991896,92.2092598909,Tripura,770.766769350373,12501.7795157993,Hydrological Layer,SAC N,Tank/Pond
2446,2446,1202,,No,Moderate,Inland,Man-made,,1.14881011628225,,24.1105928502,92.2113225263,Tripura,574.472759527461,11488.1011628225,Hydrological Layer,SAC N,Tank/Pond
2447,2447,1202,,No,Moderate,Inland,Man-made,,0.230882403781708,,24.1089383454,92.1985554048,Tripura,185.112556315123,2308.82403781708,Hydrological Layer,SAC N,Tank/Pond
2448,2448,1202,,No,Moderate,Inland,Man-made,,0.306263594820776,,24.1102743693,92.2078065746,Tripura,242.915908141536,3062.63594820776,Hydrological Layer,SAC N,Tank/Pond
2449,2449,1105,,No,Moderate,Inland,Natural,,0.820365295207,,24.1113827221,92.2013234351,Tripura,420.897549028726,8203.65295207,Hydrological Layer,SAC N,Waterlogged
2476,2476,1202,,No,Moderate,Inland,Man-made,,0.390565185404962,,23.5325087046,91.4883039842,Tripura,255.209425353304,3905.65185404962,Hydrological Layer,SAC N,Tank/Pond
2477,2477,1202,,No,Moderate,Inland,Man-made,,1.72066072594515,,23.5348463456,91.486623109,Tripura,533.838480920056,17206.6072594515,Hydrological Layer,SAC N,Tank/Pond
2478,2478,1202,,No,Moderate,Inland,Man-made,,0.593799267284412,,23.536653351,91.4860790276,Tripura,309.73539658788,5937.99267284412,Hydrological Layer,SAC N,Tank/Pond
2479,2479,1202,,No,Moderate,Inland,Man-made,,0.448798650432391,,23.5397154744,91.4851598899,Tripura,273.859666448254,4487.98650432391,Hydrological Layer,SAC N,Tank/Pond
2530,2530,1202,,No,Moderate,Inland,Man-made,,0.274093468877315,,23.6576359622,91.2479701631,Tripura,209.792594714591,2740.93468877315,Hydrological Layer,SAC N,Tank/Pond
2531,2531,1202,,No,Moderate,Inland,Man-made,,0.101972531883355,,23.6579864655,91.2456262382,Tripura,127.955678168844,1019.72531883355,Hydrological Layer,SAC N,Tank/Pond
2450,2450,1105,,No,Moderate,Inland,Natural,,1.41802679323001,,24.1153837649,92.2146397286,Tripura,1178.81493853316,14180.2679323001,Hydrological Layer,SAC N,Waterlogged
2451,2451,1105,,No,Moderate,Inland,Natural,,0.495868524475639,,24.1404838926,92.1540767697,Tripura,440.240889458787,4958.68524475639,Hydrological Layer,SAC N,Waterlogged
2452,2452,1105,,No,Moderate,Inland,Natural,,0.706886825210631,,24.150177917,92.1569191236,Tripura,944.580017042963,7068.86825210631,Hydrological Layer,SAC N,Waterlogged
2453,2453,1202,,No,Moderate,Inland,Man-made,,0.198305569835754,,23.9287079939,91.8620971742,Tripura,228.022801967834,1983.05569835754,Hydrological Layer,SAC N,Tank/Pond
2454,2454,1202,,No,Moderate,Inland,Man-made,,0.332501390264567,,23.9293274774,91.8648616725,Tripura,266.767734276493,3325.01390264567,Hydrological Layer,SAC N,Tank/Pond
2455,2455,1202,,No,Moderate,Inland,Man-made,,0.183329969824121,,23.9328080118,91.872586975,Tripura,183.618843162242,1833.29969824121,Hydrological Layer,SAC N,Tank/Pond
2456,2456,1202,,No,Moderate,Inland,Man-made,,0.222452714356332,,23.9330260451,91.8717605574,Tripura,210.276127221832,2224.52714356332,Hydrological Layer,SAC N,Tank/Pond
2457,2457,1202,,No,Moderate,Inland,Man-made,,0.227230675481587,,24.0525964746,91.5817035994,Tripura,197.521822479681,2272.30675481587,Hydrological Layer,SAC N,Tank/Pond
2458,2458,1202,,No,Moderate,Inland,Man-made,,0.258461621137378,,24.0536606026,91.58723512,Tripura,210.878246216933,2584.61621137378,Hydrological Layer,SAC N,Tank/Pond
2459,2459,1202,,No,Moderate,Inland,Man-made,,0.475138055355544,,24.0534804471,91.5832803603,Tripura,308.544997400351,4751.38055355544,Hydrological Layer,SAC N,Tank/Pond
2460,2460,1202,,No,Moderate,Inland,Man-made,,0.441107903698267,,24.0534805547,91.576188467,Tripura,332.692388572006,4411.07903698267,Hydrological Layer,SAC N,Tank/Pond
2461,2461,1202,,No,Moderate,Inland,Man-made,,0.285815180410931,,24.0565700736,91.5829878242,Tripura,236.744062207458,2858.15180410931,Hydrological Layer,SAC N,Tank/Pond
2462,2462,1202,,No,Moderate,Inland,Man-made,,0.29658476565647,,24.0590982836,91.5887022071,Tripura,221.394906063755,2965.8476565647,Hydrological Layer,SAC N,Tank/Pond
2532,2532,1202,,No,Moderate,Inland,Man-made,,0.372827173189674,,23.6582389191,91.2484445432,Tripura,244.797929807734,3728.27173189674,Hydrological Layer,SAC N,Tank/Pond
2480,2480,1202,,No,Moderate,Inland,Man-made,,1.01615638527536,,23.6581196833,91.2078174459,Tripura,562.046901874169,10161.5638527536,Hydrological Layer,SAC N,Tank/Pond
2516,2516,1202,,No,Moderate,Inland,Man-made,,0.195181563108607,,23.6588087523,91.2446005238,Tripura,178.051596329593,1951.81563108607,Hydrological Layer,SAC N,Tank/Pond
2463,2463,1202,,No,Moderate,Inland,Man-made,,1.00984856128282,,24.060146472,91.5840636623,Tripura,391.686188206684,10098.4856128282,Hydrological Layer,SAC N,Tank/Pond
2464,2464,1202,,No,Moderate,Inland,Man-made,,0.178553656424104,,24.0638868168,91.5769279224,Tripura,174.435097487731,1785.53656424104,Hydrological Layer,SAC N,Tank/Pond
2465,2465,1105,,No,Moderate,Inland,Natural,,1.5111803009041,,24.0562738013,91.5499152894,Tripura,913.669698339117,15111.803009041,Hydrological Layer,SAC N,Waterlogged
2466,2466,1105,,No,Moderate,Inland,Natural,,2.08535412977496,,24.0558082586,91.5798978058,Tripura,1424.3719755754,20853.5412977496,Hydrological Layer,SAC N,Waterlogged
2467,2467,1105,,No,Moderate,Inland,Natural,,1.58913945748931,,23.9314072395,91.8653479614,Tripura,1042.7930294174,15891.3945748931,Hydrological Layer,SAC N,Waterlogged
2468,2468,1202,,No,Moderate,Inland,Man-made,,0.206975656023408,,24.1064524389,92.2114535622,Tripura,182.687719636586,2069.75656023408,Hydrological Layer,SAC N,Tank/Pond
2503,2503,1202,,No,Moderate,Inland,Man-made,,0.186829972893793,,23.6472751536,91.2127891366,Tripura,178.727927109177,1868.29972893793,Hydrological Layer,SAC N,Tank/Pond
2504,2504,1202,,No,Moderate,Inland,Man-made,,0.102642442698385,,23.6483673344,91.2112373801,Tripura,155.891406334628,1026.42442698385,Hydrological Layer,SAC N,Tank/Pond
2488,2488,1202,,No,Moderate,Inland,Man-made,,0.53669679602121,,23.6527357594,91.2142779965,Tripura,370.430992234737,5366.9679602121,Hydrological Layer,SAC N,Tank/Pond
2469,2469,1202,,No,Moderate,Inland,Man-made,,2.43427363753693,,24.1706964701,92.1110090738,Tripura,1759.96827228379,24342.7363753693,Hydrological Layer,SAC N,Tank/Pond
2470,2470,1202,,No,Moderate,Inland,Man-made,,0.1992824586487,,23.5401058351,91.5079642427,Tripura,179.33434042957,1992.824586487,Hydrological Layer,SAC N,Tank/Pond
2481,2481,1202,,No,Moderate,Inland,Man-made,,1.5144400774418,,23.6562016309,91.2104687205,Tripura,612.800009100509,15144.400774418,Hydrological Layer,SAC N,Tank/Pond
2482,2482,1202,,No,Moderate,Inland,Man-made,,0.47773414997649,,23.6573382954,91.2107412064,Tripura,288.806711690138,4777.3414997649,Hydrological Layer,SAC N,Tank/Pond
2483,2483,1202,,No,Moderate,Inland,Man-made,,0.461692041053785,,23.6572489814,91.2099715744,Tripura,256.824127769315,4616.92041053785,Hydrological Layer,SAC N,Tank/Pond
2484,2484,1202,,No,Moderate,Inland,Man-made,,1.17537403295019,,23.6566364386,91.2078411703,Tripura,432.996194803129,11753.740329502,Hydrological Layer,SAC N,Tank/Pond
2485,2485,1202,,No,Moderate,Inland,Man-made,,0.142058414844153,,23.651635735,91.2113989397,Tripura,145.784427673035,1420.58414844153,Hydrological Layer,SAC N,Tank/Pond
2486,2486,1202,,No,Moderate,Inland,Man-made,,0.276536233324045,,23.6522846605,91.2109270657,Tripura,230.615245234377,2765.36233324045,Hydrological Layer,SAC N,Tank/Pond
2487,2487,1202,,No,Moderate,Inland,Man-made,,0.69025108274132,,23.6525259971,91.2127719378,Tripura,324.56104801671,6902.5108274132,Hydrological Layer,SAC N,Tank/Pond
2526,2526,1202,,No,Moderate,Inland,Man-made,,0.129032896560835,,23.6607345303,91.2442603657,Tripura,150.653791826887,1290.32896560835,Hydrological Layer,SAC N,Tank/Pond
2490,2490,1202,,No,Moderate,Inland,Man-made,,0.667303283136476,,23.6527303606,91.211728918,Tripura,363.48307149445,6673.03283136476,Hydrological Layer,SAC N,Tank/Pond
2491,2491,1202,,No,Moderate,Inland,Man-made,,0.45621359178298,,23.6530351727,91.2134599071,Tripura,272.467744312854,4562.1359178298,Hydrological Layer,SAC N,Tank/Pond
2492,2492,1202,,No,Moderate,Inland,Man-made,,0.202340962993025,,23.6536191899,91.2134636315,Tripura,194.121040680551,2023.40962993025,Hydrological Layer,SAC N,Tank/Pond
2493,2493,1202,,No,Moderate,Inland,Man-made,,0.177426783084942,,23.6522892177,91.2102718114,Tripura,170.316512230046,1774.26783084942,Hydrological Layer,SAC N,Tank/Pond
2494,2494,1202,,No,Moderate,Inland,Man-made,,0.114495713761604,,23.6542641041,91.2070031905,Tripura,139.421542106284,1144.95713761604,Hydrological Layer,SAC N,Tank/Pond
2495,2495,1202,,No,Moderate,Inland,Man-made,,0.380890577303422,,23.6544210471,91.2080161823,Tripura,268.06965527742,3808.90577303422,Hydrological Layer,SAC N,Tank/Pond
2496,2496,1202,,No,Moderate,Inland,Man-made,,0.161640488117985,,23.6548295308,91.2076911037,Tripura,158.672321376573,1616.40488117985,Hydrological Layer,SAC N,Tank/Pond
2514,2514,1202,,No,Moderate,Inland,Man-made,,0.243975652050617,,23.657963006,91.2386415046,Tripura,198.425415969883,2439.75652050617,Hydrological Layer,SAC N,Tank/Pond
2497,2497,1202,,No,Moderate,Inland,Man-made,,0.229829533781409,,23.6551679147,91.2081983047,Tripura,192.695487358223,2298.29533781409,Hydrological Layer,SAC N,Tank/Pond
2498,2498,1202,,No,Moderate,Inland,Man-made,,0.448686972439951,,23.6562992025,91.2138863839,Tripura,266.652168119357,4486.86972439951,Hydrological Layer,SAC N,Tank/Pond
2499,2499,1202,,No,Moderate,Inland,Man-made,,1.02105025524916,,23.6570451212,91.2136539001,Tripura,468.836870385056,10210.5025524916,Hydrological Layer,SAC N,Tank/Pond
2500,2500,1202,,No,Moderate,Inland,Man-made,,0.438077801627635,,23.65617319,91.2175928334,Tripura,275.263330428374,4380.77801627635,Hydrological Layer,SAC N,Tank/Pond
2501,2501,1202,,No,Moderate,Inland,Man-made,,0.787915062052822,,23.6525465368,91.2164839207,Tripura,464.993199315563,7879.15062052822,Hydrological Layer,SAC N,Tank/Pond
2502,2502,1202,,No,Moderate,Inland,Man-made,,0.331351693521129,,23.6552018025,91.2160343327,Tripura,278.881497898415,3313.51693521129,Hydrological Layer,SAC N,Tank/Pond
2505,2505,1202,,No,Moderate,Inland,Man-made,,0.272053562887936,,23.6495779847,91.2123319484,Tripura,201.527163384564,2720.53562887936,Hydrological Layer,SAC N,Tank/Pond
2533,2533,1202,,No,Moderate,Inland,Man-made,,0.221172164636042,,23.6584471965,91.2474166842,Tripura,189.400853157983,2211.72164636042,Hydrological Layer,SAC N,Tank/Pond
2534,2534,1202,,No,Moderate,Inland,Man-made,,0.196120288083311,,23.6590988725,91.2482051258,Tripura,190.805173024047,1961.20288083311,Hydrological Layer,SAC N,Tank/Pond
2506,2506,1202,,No,Moderate,Inland,Man-made,,1.4681652601991,,23.6491011102,91.2132969964,Tripura,637.550268068743,14681.652601991,Hydrological Layer,SAC N,Tank/Pond
2507,2507,1202,,No,Moderate,Inland,Man-made,,0.232046809471653,,23.6498721663,91.2138650355,Tripura,192.322479190295,2320.46809471653,Hydrological Layer,SAC N,Tank/Pond
2508,2508,1202,,No,Moderate,Inland,Man-made,,0.134034676313585,,23.650587061,91.2139921209,Tripura,148.35259567689,1340.34676313585,Hydrological Layer,SAC N,Tank/Pond
2509,2509,1202,,No,Moderate,Inland,Man-made,,0.433771169730398,,23.6607955938,91.2436969779,Tripura,254.821258551414,4337.71169730398,Hydrological Layer,SAC N,Tank/Pond
2510,2510,1202,,No,Moderate,Inland,Man-made,,0.190878847455388,,23.6602371863,91.2437801184,Tripura,193.741331616006,1908.78847455388,Hydrological Layer,SAC N,Tank/Pond
2511,2511,1202,,No,Moderate,Inland,Man-made,,0.484236670250754,,23.6601710188,91.2443028027,Tripura,285.674953088176,4842.36670250754,Hydrological Layer,SAC N,Tank/Pond
2512,2512,1202,,No,Moderate,Inland,Man-made,,0.734459181491116,,23.6596797286,91.2438407197,Tripura,408.369129144842,7344.59181491116,Hydrological Layer,SAC N,Tank/Pond
2513,2513,1202,,No,Moderate,Inland,Man-made,,0.169647523190606,,23.6572695745,91.2435898123,Tripura,195.410916065984,1696.47523190606,Hydrological Layer,SAC N,Tank/Pond
2517,2517,1202,,No,Moderate,Inland,Man-made,,0.213868441760651,,23.6591733336,91.2418716872,Tripura,186.545777963787,2138.68441760651,Hydrological Layer,SAC N,Tank/Pond
2518,2518,1202,,No,Moderate,Inland,Man-made,,0.293981559187666,,23.6593809037,91.2387619546,Tripura,221.951922138683,2939.81559187666,Hydrological Layer,SAC N,Tank/Pond
2519,2519,1202,,No,Moderate,Inland,Man-made,,0.23897745282426,,23.6600371074,91.2371353882,Tripura,199.226701077653,2389.7745282426,Hydrological Layer,SAC N,Tank/Pond
2520,2520,1202,,No,Moderate,Inland,Man-made,,0.364904401868953,,23.6603265568,91.2326868261,Tripura,255.232489868437,3649.04401868953,Hydrological Layer,SAC N,Tank/Pond
2521,2521,1202,,No,Moderate,Inland,Man-made,,0.214080095662519,,23.6603491878,91.2344626345,Tripura,192.0052054255,2140.80095662519,Hydrological Layer,SAC N,Tank/Pond
2522,2522,1202,,No,Moderate,Inland,Man-made,,0.130907193972059,,23.6605870028,91.235441489,Tripura,151.062039858208,1309.07193972059,Hydrological Layer,SAC N,Tank/Pond
2523,2523,1202,,No,Moderate,Inland,Man-made,,0.175765587306853,,23.6612594761,91.2409963745,Tripura,183.473053970168,1757.65587306853,Hydrological Layer,SAC N,Tank/Pond
2524,2524,1202,,No,Moderate,Inland,Man-made,,0.260241323719901,,23.6611231132,91.2417753924,Tripura,238.267222302605,2602.41323719901,Hydrological Layer,SAC N,Tank/Pond
2525,2525,1202,,No,Moderate,Inland,Man-made,,0.315152943166415,,23.6613382149,91.2434997251,Tripura,222.338098703948,3151.52943166415,Hydrological Layer,SAC N,Tank/Pond
2528,2528,1202,,No,Moderate,Inland,Man-made,,0.114256331034084,,23.6567188584,91.242113674,Tripura,176.722929005513,1142.56331034084,Hydrological Layer,SAC N,Tank/Pond
2535,2535,1202,,No,Moderate,Inland,Man-made,,0.177715820822119,,23.6594730002,91.2482741675,Tripura,175.239010836103,1777.15820822119,Hydrological Layer,SAC N,Tank/Pond
2536,2536,1202,,No,Moderate,Inland,Man-made,,0.113226223593146,,23.6595202589,91.2489512739,Tripura,142.014945858283,1132.26223593146,Hydrological Layer,SAC N,Tank/Pond
2537,2537,1202,,No,Moderate,Inland,Man-made,,0.255815590209833,,23.6600705219,91.2468786919,Tripura,215.574344495639,2558.15590209833,Hydrological Layer,SAC N,Tank/Pond
2538,2538,1202,,No,Moderate,Inland,Man-made,,0.315046492243999,,23.660087342,91.2460447672,Tripura,221.350333758491,3150.46492243999,Hydrological Layer,SAC N,Tank/Pond
2539,2539,1202,,No,Moderate,Inland,Man-made,,0.12860140222398,,23.6605316278,91.2472766837,Tripura,144.421010313465,1286.0140222398,Hydrological Layer,SAC N,Tank/Pond
2540,2540,1202,,No,Moderate,Inland,Man-made,,0.2440574043814,,23.6606453653,91.2487173805,Tripura,221.153981079035,2440.574043814,Hydrological Layer,SAC N,Tank/Pond
2541,2541,1202,,No,Moderate,Inland,Man-made,,0.105674549736375,,23.6607893704,91.2477948086,Tripura,134.531754827523,1056.74549736375,Hydrological Layer,SAC N,Tank/Pond
2542,2542,1202,,No,Moderate,Inland,Man-made,,0.106473324860536,,23.6597901854,91.2403456724,Tripura,133.007001128114,1064.73324860536,Hydrological Layer,SAC N,Tank/Pond
2543,2543,1202,,No,Moderate,Inland,Man-made,,0.719803425260305,,23.6604595593,91.2402152954,Tripura,414.364202796077,7198.03425260305,Hydrological Layer,SAC N,Tank/Pond
2544,2544,1202,,No,Moderate,Inland,Man-made,,0.374425694909457,,23.6570401524,91.2463092857,Tripura,262.395273508629,3744.25694909457,Hydrological Layer,SAC N,Tank/Pond
2545,2545,1202,,No,Moderate,Inland,Man-made,,0.253247248443894,,23.6520809222,91.2394627985,Tripura,206.723745896775,2532.47248443894,Hydrological Layer,SAC N,Tank/Pond
2546,2546,1202,,No,Moderate,Inland,Man-made,,0.165326577523094,,23.6535574651,91.2447080468,Tripura,163.988828876541,1653.26577523094,Hydrological Layer,SAC N,Tank/Pond
2547,2547,1202,,No,Moderate,Inland,Man-made,,0.181228503043475,,23.6544355556,91.2438901151,Tripura,172.774335609953,1812.28503043475,Hydrological Layer,SAC N,Tank/Pond
2548,2548,1202,,No,Moderate,Inland,Man-made,,1.73426727481562,,23.653784067,91.2375335462,Tripura,633.466891582145,17342.6727481562,Hydrological Layer,SAC N,Tank/Pond
2549,2549,1202,,No,Moderate,Inland,Man-made,,0.12065027657945,,23.6549528409,91.2425490349,Tripura,142.216658702854,1206.5027657945,Hydrological Layer,SAC N,Tank/Pond
2550,2550,1202,,No,Moderate,Inland,Man-made,,0.141600645246699,,23.655069974,91.2436578387,Tripura,152.05916877907,1416.00645246699,Hydrological Layer,SAC N,Tank/Pond
2551,2551,1202,,No,Moderate,Inland,Man-made,,1.1405248607229,,23.6552998991,91.2511080387,Tripura,509.461654346414,11405.248607229,Hydrological Layer,SAC N,Tank/Pond
2552,2552,1202,,No,Moderate,Inland,Man-made,,0.575322378282604,,23.655539207,91.2494710329,Tripura,304.900230026967,5753.22378282604,Hydrological Layer,SAC N,Tank/Pond
2553,2553,1202,,No,Moderate,Inland,Man-made,,0.249800339101756,,23.6562844162,91.2497780592,Tripura,205.754691592069,2498.00339101756,Hydrological Layer,SAC N,Tank/Pond
2554,2554,1202,,No,Moderate,Inland,Man-made,,0.208507769566116,,23.6585051219,91.2399638266,Tripura,190.426735416736,2085.07769566116,Hydrological Layer,SAC N,Tank/Pond
2555,2555,1202,,No,Moderate,Inland,Man-made,,0.172479064750558,,23.6593109488,91.2495128257,Tripura,167.631304651142,1724.79064750558,Hydrological Layer,SAC N,Tank/Pond
2556,2556,1202,,No,Moderate,Inland,Man-made,,0.143282593839459,,23.6496984248,91.2389475296,Tripura,154.78530320948,1432.82593839459,Hydrological Layer,SAC N,Tank/Pond
2557,2557,1202,,No,Moderate,Inland,Man-made,,0.153937107570829,,23.6522782389,91.2380965106,Tripura,165.704281119694,1539.37107570829,Hydrological Layer,SAC N,Tank/Pond
2558,2558,1202,,No,Moderate,Inland,Man-made,,0.153463464989311,,23.652769397,91.242802031,Tripura,159.45663279648,1534.63464989311,Hydrological Layer,SAC N,Tank/Pond
2559,2559,1202,,No,Moderate,Inland,Man-made,,0.267551170124618,,23.6531881284,91.2396067189,Tripura,217.787666808945,2675.51170124618,Hydrological Layer,SAC N,Tank/Pond
2560,2560,1202,,No,Moderate,Inland,Man-made,,0.203608176308684,,23.6535649437,91.2409952681,Tripura,182.343112623134,2036.08176308684,Hydrological Layer,SAC N,Tank/Pond
2561,2561,1202,,No,Moderate,Inland,Man-made,,0.13335574599789,,23.656147488,91.250670218,Tripura,147.567638063757,1333.5574599789,Hydrological Layer,SAC N,Tank/Pond
2562,2562,1202,,No,Moderate,Inland,Man-made,,0.254726044908342,,23.7024512221,91.4727009278,Tripura,207.359515101701,2547.26044908342,Hydrological Layer,SAC N,Tank/Pond
2563,2563,1202,,No,Moderate,Inland,Man-made,,0.38036218150111,,23.7038320191,91.4680538328,Tripura,284.326763331348,3803.6218150111,Hydrological Layer,SAC N,Tank/Pond
2564,2564,1202,,No,Moderate,Inland,Man-made,,0.391805697007087,,23.7000567282,91.462745895,Tripura,268.370141422734,3918.05697007087,Hydrological Layer,SAC N,Tank/Pond
2565,2565,1202,,No,Moderate,Inland,Man-made,,0.433536737939944,,23.7048925949,91.4441207934,Tripura,263.911330355795,4335.36737939944,Hydrological Layer,SAC N,Tank/Pond
2566,2566,1202,,No,Moderate,Inland,Man-made,,0.135715498778368,,23.6971321576,91.4398771698,Tripura,149.041696278731,1357.15498778368,Hydrological Layer,SAC N,Tank/Pond
2567,2567,1202,,No,Moderate,Inland,Man-made,,0.105825725704637,,23.6971544874,91.4393915801,Tripura,131.017214815517,1058.25725704637,Hydrological Layer,SAC N,Tank/Pond
2568,2568,1202,,No,Moderate,Inland,Man-made,,0.133561080309992,,23.6988296332,91.4386074075,Tripura,153.786439496476,1335.61080309992,Hydrological Layer,SAC N,Tank/Pond
2569,2569,1202,,No,Moderate,Inland,Man-made,,0.528589668334009,,23.6989637288,91.4360468806,Tripura,292.878178978559,5285.89668334009,Hydrological Layer,SAC N,Tank/Pond
2570,2570,1202,,No,Moderate,Inland,Man-made,,0.187470845972646,,23.7023130724,91.4388616949,Tripura,181.07952290379,1874.70845972646,Hydrological Layer,SAC N,Tank/Pond
2571,2571,1202,,No,Moderate,Inland,Man-made,,0.132323160770086,,23.6990011704,91.4418511774,Tripura,153.247126236226,1323.23160770086,Hydrological Layer,SAC N,Tank/Pond
2572,2572,1202,,No,Moderate,Inland,Man-made,,0.156719381872667,,23.6990689074,91.4424640091,Tripura,162.843349004175,1567.19381872667,Hydrological Layer,SAC N,Tank/Pond
2573,2573,1202,,No,Moderate,Inland,Man-made,,0.115358170242904,,23.7016154393,91.4395218303,Tripura,142.240878337593,1153.58170242904,Hydrological Layer,SAC N,Tank/Pond
2574,2574,1202,,No,Moderate,Inland,Man-made,,0.149609438620945,,23.7042808735,91.4339576913,Tripura,158.690371371835,1496.09438620945,Hydrological Layer,SAC N,Tank/Pond
2575,2575,1202,,No,Moderate,Inland,Man-made,,0.151656162556478,,23.7050759241,91.4342033922,Tripura,164.907314575791,1516.56162556478,Hydrological Layer,SAC N,Tank/Pond
2576,2576,1202,,No,Moderate,Inland,Man-made,,0.150040625760064,,23.7060215327,91.4366255584,Tripura,163.903671366248,1500.40625760064,Hydrological Layer,SAC N,Tank/Pond
2577,2577,1202,,No,Moderate,Inland,Man-made,,0.654350343950292,,23.6997239126,91.4540748417,Tripura,341.078441240679,6543.50343950292,Hydrological Layer,SAC N,Tank/Pond
2578,2578,1202,,No,Moderate,Inland,Man-made,,0.286566860948845,,23.7044680803,91.450511839,Tripura,214.042519751804,2865.66860948845,Hydrological Layer,SAC N,Tank/Pond
2579,2579,1202,,No,Moderate,Inland,Man-made,,0.17002290963795,,23.7053639418,91.4533422735,Tripura,169.737923713239,1700.2290963795,Hydrological Layer,SAC N,Tank/Pond
2580,2580,1202,,No,Moderate,Inland,Man-made,,0.233734946396325,,23.7061731714,91.4524549587,Tripura,213.811450898954,2337.34946396325,Hydrological Layer,SAC N,Tank/Pond
5064,5064,1202,,No,Moderate,Inland,Man-made,,0.458953380916212,,23.1399586231,91.5475460893,Tripura,428.297928839052,4589.53380916212,Hydrological Layer,SAC N,Tank/Pond
2581,2581,1202,,No,Moderate,Inland,Man-made,,1.78350210417711,,23.7066385437,91.4614780007,Tripura,1072.30904472979,17835.0210417711,Hydrological Layer,SAC N,Tank/Pond
2582,2582,1202,,No,Moderate,Inland,Man-made,,0.392643275813749,,23.7115514932,91.4656935013,Tripura,333.079111222294,3926.43275813749,Hydrological Layer,SAC N,Tank/Pond
2583,2583,1202,,No,Moderate,Inland,Man-made,,0.597766900719227,,23.7175037142,91.469391117,Tripura,356.741709540371,5977.66900719227,Hydrological Layer,SAC N,Tank/Pond
2584,2584,1202,,No,Moderate,Inland,Man-made,,1.07484348836562,,23.7111694355,91.4750088114,Tripura,847.707296508341,10748.4348836562,Hydrological Layer,SAC N,Tank/Pond
2585,2585,1202,,No,Moderate,Inland,Man-made,,0.155485473509266,,23.7148584796,91.4829148126,Tripura,185.039746031102,1554.85473509266,Hydrological Layer,SAC N,Tank/Pond
2586,2586,1202,,No,Moderate,Inland,Man-made,,0.155566252900137,,23.7152586449,91.4835164885,Tripura,203.914924919722,1555.66252900137,Hydrological Layer,SAC N,Tank/Pond
2612,2612,1202,,No,Moderate,Inland,Man-made,,0.122243443152514,,23.6640886443,91.6359877274,Tripura,150.045696405473,1222.43443152514,Hydrological Layer,SAC N,Tank/Pond
2615,2615,1202,,No,Moderate,Inland,Man-made,,0.161308172522801,,23.665307723,91.6352060726,Tripura,163.033905793263,1613.08172522801,Hydrological Layer,SAC N,Tank/Pond
2587,2587,1202,,No,Moderate,Inland,Man-made,,0.253168917508727,,23.715404757,91.4849526824,Tripura,234.13699210532,2531.68917508727,Hydrological Layer,SAC N,Tank/Pond
2588,2588,1202,,No,Moderate,Inland,Man-made,,0.122602611087366,,23.7157030567,91.4844128643,Tripura,159.907812447036,1226.02611087366,Hydrological Layer,SAC N,Tank/Pond
2589,2589,1202,,No,Moderate,Inland,Man-made,,0.124995675081993,,23.7160312389,91.4832534938,Tripura,142.750776922525,1249.95675081993,Hydrological Layer,SAC N,Tank/Pond
2610,2610,1202,,No,Moderate,Inland,Man-made,,0.397257182199153,,23.6634352138,91.6339594327,Tripura,270.555040628503,3972.57182199153,Hydrological Layer,SAC N,Tank/Pond
2590,2590,1202,,No,Moderate,Inland,Man-made,,1.19897786016292,,23.7220828496,91.5005902163,Tripura,896.588019931285,11989.7786016292,Hydrological Layer,SAC N,Tank/Pond
2592,2592,1203,,Yes,High,Inland,Man-made,,0.166987578118488,,23.7063472307,91.4754384879,Tripura,263.076030701366,1669.87578118488,Hydrological Layer,SAC N,Waterlogged
2593,2593,1203,,Yes,High,Inland,Man-made,,1.07133027565454,,23.7083758164,91.4750127382,Tripura,1079.92177523993,10713.3027565454,Hydrological Layer,SAC N,Waterlogged
2594,2594,1202,,No,Moderate,Inland,Man-made,,0.113434742378443,,23.7073376667,91.4725122839,Tripura,138.047738941707,1134.34742378443,Hydrological Layer,SAC N,Tank/Pond
2595,2595,1202,,No,Moderate,Inland,Man-made,,1.17155455478421,,23.7045806514,91.4706385626,Tripura,906.861515838438,11715.5455478421,Hydrological Layer,SAC N,Tank/Pond
2596,2596,1202,,No,Moderate,Inland,Man-made,,0.153542267211908,,23.7067012104,91.4729807739,Tripura,159.035469439442,1535.42267211908,Hydrological Layer,SAC N,Tank/Pond
2597,2597,1202,,No,Moderate,Inland,Man-made,,0.343662225777127,,23.7157800158,91.4838503344,Tripura,225.867630548051,3436.62225777127,Hydrological Layer,SAC N,Tank/Pond
2613,2613,1202,,No,Moderate,Inland,Man-made,,0.268954131108207,,23.664171832,91.6348347702,Tripura,226.743623010941,2689.54131108207,Hydrological Layer,SAC N,Tank/Pond
2614,2614,1202,,No,Moderate,Inland,Man-made,,0.122465697725205,,23.664274878,91.6338035711,Tripura,148.136895503153,1224.65697725205,Hydrological Layer,SAC N,Tank/Pond
2611,2611,1202,,No,Moderate,Inland,Man-made,,0.169972942104022,,23.6639548137,91.6293028905,Tripura,179.011113861325,1699.72942104022,Hydrological Layer,SAC N,Tank/Pond
2616,2616,1202,,No,Moderate,Inland,Man-made,,0.135925128942147,,23.6657298113,91.6354100413,Tripura,150.256639469836,1359.25128942147,Hydrological Layer,SAC N,Tank/Pond
5065,5065,1202,,No,Moderate,Inland,Man-made,,0.540282834551377,,23.1371364407,91.5443854344,Tripura,559.978322468753,5402.82834551378,Hydrological Layer,SAC N,Tank/Pond
2598,2598,1202,,No,Moderate,Inland,Man-made,,1.86176672752446,,23.6553707651,91.6161015107,Tripura,1365.6349676336,18617.6672752446,Hydrological Layer,SAC N,Tank/Pond
2599,2599,1202,,No,Moderate,Inland,Man-made,,0.358004367882862,,23.6586421553,91.6320616205,Tripura,347.02648630847,3580.04367882862,Hydrological Layer,SAC N,Tank/Pond
2600,2600,1202,,No,Moderate,Inland,Man-made,,0.627174067526494,,23.6595410357,91.6303279441,Tripura,301.060501998061,6271.74067526494,Hydrological Layer,SAC N,Tank/Pond
2601,2601,1202,,No,Moderate,Inland,Man-made,,0.635172337533654,,23.6594127832,91.6311328883,Tripura,412.33991614782,6351.72337533654,Hydrological Layer,SAC N,Tank/Pond
2602,2602,1202,,No,Moderate,Inland,Man-made,,0.379424926236382,,23.6606214616,91.6315428057,Tripura,287.086822425416,3794.24926236382,Hydrological Layer,SAC N,Tank/Pond
2603,2603,1202,,No,Moderate,Inland,Man-made,,0.343945329953714,,23.6614603659,91.6289276984,Tripura,250.128069204048,3439.45329953714,Hydrological Layer,SAC N,Tank/Pond
2604,2604,1202,,No,Moderate,Inland,Man-made,,0.120586819016372,,23.6624673564,91.6314196606,Tripura,150.755815240197,1205.86819016372,Hydrological Layer,SAC N,Tank/Pond
2605,2605,1202,,No,Moderate,Inland,Man-made,,0.223813538498435,,23.6628526646,91.6331197981,Tripura,228.843958620681,2238.13538498435,Hydrological Layer,SAC N,Tank/Pond
2606,2606,1202,,No,Moderate,Inland,Man-made,,0.150127895283166,,23.6632429331,91.6334796467,Tripura,159.111675086965,1501.27895283166,Hydrological Layer,SAC N,Tank/Pond
2607,2607,1202,,No,Moderate,Inland,Man-made,,0.221359152580019,,23.6633614904,91.630489054,Tripura,199.029072476551,2213.59152580019,Hydrological Layer,SAC N,Tank/Pond
2608,2608,1202,,No,Moderate,Inland,Man-made,,0.140759056206848,,23.6634016175,91.6315624691,Tripura,140.968108728238,1407.59056206848,Hydrological Layer,SAC N,Tank/Pond
2609,2609,1202,,No,Moderate,Inland,Man-made,,0.250022155522755,,23.6633252631,91.6362902842,Tripura,207.877408061444,2500.22155522755,Hydrological Layer,SAC N,Tank/Pond
2617,2617,1202,,No,Moderate,Inland,Man-made,,0.128990148802589,,23.6658131124,91.6359644236,Tripura,147.546076705167,1289.90148802589,Hydrological Layer,SAC N,Tank/Pond
2618,2618,1202,,No,Moderate,Inland,Man-made,,0.140960859964414,,23.6657911599,91.6329386092,Tripura,158.360138135786,1409.60859964414,Hydrological Layer,SAC N,Tank/Pond
2619,2619,1202,,No,Moderate,Inland,Man-made,,1.14073777251917,,23.6575378281,91.6146999513,Tripura,938.697307384561,11407.3777251917,Hydrological Layer,SAC N,Tank/Pond
2620,2620,1202,,No,Moderate,Inland,Man-made,,0.260107750428938,,23.6727181697,91.6202154073,Tripura,238.966672918285,2601.07750428938,Hydrological Layer,SAC N,Tank/Pond
2621,2621,1202,,No,Moderate,Inland,Man-made,,0.33255595990774,,23.6722604917,91.6206193313,Tripura,287.845219058059,3325.5595990774,Hydrological Layer,SAC N,Tank/Pond
2622,2622,1202,,No,Moderate,Inland,Man-made,,0.36372229024638,,23.6719965732,91.619862576,Tripura,296.21006916172,3637.2229024638,Hydrological Layer,SAC N,Tank/Pond
2623,2623,1202,,No,Moderate,Inland,Man-made,,0.502877482421523,,23.671727932,91.6204885491,Tripura,282.282694652977,5028.77482421523,Hydrological Layer,SAC N,Tank/Pond
2624,2624,1202,,No,Moderate,Inland,Man-made,,0.578799206944187,,23.6718088295,91.623576149,Tripura,334.874552820572,5787.99206944187,Hydrological Layer,SAC N,Tank/Pond
2625,2625,1202,,No,Moderate,Inland,Man-made,,0.61228752894228,,23.6714099255,91.6222470599,Tripura,430.706608373236,6122.8752894228,Hydrological Layer,SAC N,Tank/Pond
2626,2626,1202,,No,Moderate,Inland,Man-made,,0.213258133026426,,23.6699893427,91.6213150964,Tripura,179.313659405036,2132.58133026426,Hydrological Layer,SAC N,Tank/Pond
2627,2627,1202,,No,Moderate,Inland,Man-made,,0.318438922208325,,23.6691826467,91.6227118866,Tripura,295.756775293569,3184.38922208325,Hydrological Layer,SAC N,Tank/Pond
2628,2628,1202,,No,Moderate,Inland,Man-made,,0.158503599145839,,23.6686859097,91.6217125171,Tripura,202.830512185484,1585.03599145839,Hydrological Layer,SAC N,Tank/Pond
2629,2629,1202,,No,Moderate,Inland,Man-made,,0.714670463881829,,23.6685413885,91.6212996843,Tripura,414.679023332059,7146.70463881829,Hydrological Layer,SAC N,Tank/Pond
2763,2763,1202,,No,Moderate,Inland,Man-made,,0.116795884487082,,23.7121825701,91.425201619,Tripura,140.690842730016,1167.95884487082,Hydrological Layer,SAC N,Tank/Pond
2630,2630,1202,,No,Moderate,Inland,Man-made,,0.801038502072526,,23.6677895437,91.621923416,Tripura,392.810711937502,8010.38502072526,Hydrological Layer,SAC N,Tank/Pond
2631,2631,1202,,No,Moderate,Inland,Man-made,,2.92166750783788,,23.6702011824,91.6206573172,Tripura,901.286067119413,29216.6750783788,Hydrological Layer,SAC N,Tank/Pond
2632,2632,1202,,No,Moderate,Inland,Man-made,,0.138531943351648,,23.6690832649,91.6196313635,Tripura,163.969851256899,1385.31943351648,Hydrological Layer,SAC N,Tank/Pond
2633,2633,1202,,No,Moderate,Inland,Man-made,,0.203808786190656,,23.669234221,91.6193186984,Tripura,175.775569750058,2038.08786190656,Hydrological Layer,SAC N,Tank/Pond
2634,2634,1202,,No,Moderate,Inland,Man-made,,0.138311353098456,,23.6702651373,91.624837635,Tripura,149.723887190228,1383.11353098456,Hydrological Layer,SAC N,Tank/Pond
2635,2635,1202,,No,Moderate,Inland,Man-made,,0.264674336366107,,23.6700742895,91.6242215237,Tripura,259.799346217857,2646.74336366107,Hydrological Layer,SAC N,Tank/Pond
2636,2636,1202,,No,Moderate,Inland,Man-made,,0.136429182688111,,23.6698427866,91.6236025712,Tripura,162.107301390485,1364.29182688111,Hydrological Layer,SAC N,Tank/Pond
2637,2637,1202,,No,Moderate,Inland,Man-made,,0.216176594871988,,23.6695663649,91.6232179302,Tripura,183.684095565964,2161.76594871988,Hydrological Layer,SAC N,Tank/Pond
2638,2638,1202,,No,Moderate,Inland,Man-made,,0.124076568542099,,23.6688002231,91.622085728,Tripura,180.609919148047,1240.76568542099,Hydrological Layer,SAC N,Tank/Pond
2639,2639,1202,,No,Moderate,Inland,Man-made,,0.853218498079017,,23.6673035312,91.6209426309,Tripura,369.016169251866,8532.18498079017,Hydrological Layer,SAC N,Tank/Pond
2640,2640,1202,,No,Moderate,Inland,Man-made,,0.148655842333802,,23.6678898845,91.622715276,Tripura,148.538187884087,1486.55842333802,Hydrological Layer,SAC N,Tank/Pond
2641,2641,1202,,No,Moderate,Inland,Man-made,,0.118943738065127,,23.6704854302,91.6251503156,Tripura,145.192064425556,1189.43738065127,Hydrological Layer,SAC N,Tank/Pond
2642,2642,1202,,Yes,High,Inland,Man-made,,0.355961097051443,,23.5659956763,91.8012528821,Tripura,549.664187307655,3559.61097051443,Hydrological Layer,SAC N,Tank/Pond
2653,2653,1202,,Yes,High,Inland,Man-made,,0.113344260510007,,23.5585385124,91.8068940756,Tripura,155.6649994129,1133.44260510007,Hydrological Layer,SAC N,Tank/Pond
2643,2643,1202,,Yes,High,Inland,Man-made,,0.25632838060626,,23.5662061811,91.8087271594,Tripura,281.590961617642,2563.2838060626,Hydrological Layer,SAC N,Tank/Pond
2644,2644,1202,,Yes,High,Inland,Man-made,,0.179360304917504,,23.5680602452,91.8089060387,Tripura,192.46292929643,1793.60304917504,Hydrological Layer,SAC N,Tank/Pond
2645,2645,1202,,Yes,High,Inland,Man-made,,0.119504098318804,,23.568589143,91.8004190919,Tripura,157.567103467466,1195.04098318804,Hydrological Layer,SAC N,Tank/Pond
2646,2646,1202,,Yes,High,Inland,Man-made,,0.636865414782942,,23.5688743752,91.8070302735,Tripura,646.529854707804,6368.65414782942,Hydrological Layer,SAC N,Tank/Pond
2647,2647,1202,,Yes,High,Inland,Man-made,,0.16388377939865,,23.5641941066,91.7902570513,Tripura,265.658105750419,1638.8377939865,Hydrological Layer,SAC N,Tank/Pond
2648,2648,1202,,Yes,High,Inland,Man-made,,0.35668069361185,,23.565409926,91.7896185424,Tripura,406.611035274252,3566.8069361185,Hydrological Layer,SAC N,Tank/Pond
2649,2649,1202,,Yes,High,Inland,Man-made,,0.302872358065045,,23.5602151531,91.8043895044,Tripura,246.928333690749,3028.72358065045,Hydrological Layer,SAC N,Tank/Pond
2650,2650,1202,,Yes,High,Inland,Man-made,,0.306296877484999,,23.5624083712,91.8042009686,Tripura,541.846435568125,3062.96877484999,Hydrological Layer,SAC N,Tank/Pond
2654,2654,1202,,Yes,High,Inland,Man-made,,0.207188130433172,,23.5587351876,91.8094142667,Tripura,269.823893803898,2071.88130433172,Hydrological Layer,SAC N,Tank/Pond
2655,2655,1202,,Yes,High,Inland,Man-made,,0.26585305325132,,23.5594830961,91.8091178296,Tripura,369.702719699133,2658.5305325132,Hydrological Layer,SAC N,Tank/Pond
5066,5066,1202,,No,Moderate,Inland,Man-made,,0.808085419936741,,23.1251451287,91.5270121972,Tripura,359.303615363875,8080.85419936741,Hydrological Layer,SAC N,Tank/Pond
5067,5067,1202,,No,Moderate,Inland,Man-made,,0.609548824256721,,23.1248931891,91.5291452188,Tripura,367.651818921032,6095.48824256721,Hydrological Layer,SAC N,Tank/Pond
5068,5068,1202,,No,Moderate,Inland,Man-made,,0.544942819970256,,23.1194152303,91.5172448351,Tripura,331.902944844904,5449.42819970256,Hydrological Layer,SAC N,Tank/Pond
2651,2651,1202,,Yes,High,Inland,Man-made,,2.17118985549088,,23.5651362586,91.8067118648,Tripura,1758.86825845878,21711.8985549088,Hydrological Layer,SAC N,Tank/Pond
2658,2658,1202,,Yes,High,Inland,Man-made,,0.570979498458721,,23.5640788456,91.8110428934,Tripura,413.539295536868,5709.79498458721,Hydrological Layer,SAC N,Tank/Pond
2659,2659,1202,,Yes,High,Inland,Man-made,,0.182514281051331,,23.5669950264,91.8046939333,Tripura,274.15563079998,1825.14281051331,Hydrological Layer,SAC N,Tank/Pond
2722,2722,1202,,No,Moderate,Inland,Man-made,,0.136788927256497,,23.6504513363,91.8062466561,Tripura,165.243377447385,1367.88927256497,Hydrological Layer,SAC N,Tank/Pond
2652,2652,1202,,Yes,High,Inland,Man-made,,5.94562762759961,,23.5633283143,91.8094138155,Tripura,4516.13551952116,59456.2762759961,Hydrological Layer,SAC N,Tank/Pond
2656,2656,1202,,Yes,High,Inland,Man-made,,0.406324942933982,,23.5602200727,91.8054505023,Tripura,312.159531282236,4063.24942933982,Hydrological Layer,SAC N,Tank/Pond
2657,2657,1202,,Yes,High,Inland,Man-made,,0.816147885303325,,23.5623000123,91.811619895,Tripura,646.566934671259,8161.47885303325,Hydrological Layer,SAC N,Tank/Pond
2718,2718,1202,,No,Moderate,Inland,Man-made,,0.182946268935383,,23.6554990359,91.8021843118,Tripura,221.150474510354,1829.46268935383,Hydrological Layer,SAC N,Tank/Pond
2660,2660,1202,,Yes,High,Inland,Man-made,,0.761346519234145,,23.5674881271,91.8053794567,Tripura,631.010283384333,7613.46519234145,Hydrological Layer,SAC N,Tank/Pond
2661,2661,1202,,Yes,High,Inland,Man-made,,0.218823291868879,,23.5721785097,91.8074981563,Tripura,199.573271608142,2188.23291868879,Hydrological Layer,SAC N,Tank/Pond
2662,2662,1202,,Yes,High,Inland,Man-made,,0.235684758374591,,23.5743131503,91.8093671872,Tripura,257.108315994324,2356.84758374591,Hydrological Layer,SAC N,Tank/Pond
2663,2663,1202,,Yes,High,Inland,Man-made,,0.421538229021551,,23.5752317489,91.8060823439,Tripura,403.054142973664,4215.38229021551,Hydrological Layer,SAC N,Tank/Pond
2664,2664,1202,,Yes,High,Inland,Man-made,,0.188720348099512,,23.5769589127,91.8090931235,Tripura,167.739505855147,1887.20348099512,Hydrological Layer,SAC N,Tank/Pond
2665,2665,1202,,Yes,High,Inland,Man-made,,0.261973983033204,,23.5775132625,91.8091988651,Tripura,207.915884685752,2619.73983033204,Hydrological Layer,SAC N,Tank/Pond
2758,2758,1202,,No,Moderate,Inland,Man-made,,0.222361180788402,,23.6845103725,91.6734050651,Tripura,218.763166310628,2223.61180788402,Hydrological Layer,SAC N,Tank/Pond
2666,2666,1202,,Yes,High,Inland,Man-made,,0.315824555748706,,23.5757791084,91.8091053124,Tripura,278.168288336725,3158.24555748706,Hydrological Layer,SAC N,Tank/Pond
2667,2667,1202,,Yes,High,Inland,Man-made,,0.358314941154427,,23.5764539712,91.8095162625,Tripura,271.30302596645,3583.14941154427,Hydrological Layer,SAC N,Tank/Pond
2697,2697,1202,,Yes,High,Inland,Man-made,,0.114179169219417,,23.5837923461,91.8088497476,Tripura,142.277816967286,1141.79169219417,Hydrological Layer,SAC N,Tank/Pond
5069,5069,1202,,No,Moderate,Inland,Man-made,,0.387495462685851,,23.1206606421,91.5169486717,Tripura,258.722415494594,3874.95462685851,Hydrological Layer,SAC N,Tank/Pond
2668,2668,1102,,Yes,High,Inland,Natural,,0.559449481095115,,23.5737434565,91.8110127941,Tripura,491.584837884839,5594.49481095115,Hydrological Layer,SAC N,Ox-bow lake/cut-off meander
2669,2669,1202,,Yes,High,Inland,Man-made,,0.106825561622864,,23.5794410964,91.8051750887,Tripura,137.863370159224,1068.25561622864,Hydrological Layer,SAC N,Tank/Pond
2670,2670,1202,,Yes,High,Inland,Man-made,,1.22357154049767,,23.5793828713,91.8013531289,Tripura,934.266737733521,12235.7154049767,Hydrological Layer,SAC N,Tank/Pond
2671,2671,1202,,Yes,High,Inland,Man-made,,0.275508012039951,,23.5801006081,91.8044741504,Tripura,341.509202117847,2755.08012039951,Hydrological Layer,SAC N,Tank/Pond
2672,2672,1202,,Yes,High,Inland,Man-made,,0.120831670878615,,23.5803357009,91.8026517879,Tripura,200.468561519727,1208.31670878615,Hydrological Layer,SAC N,Tank/Pond
2764,2764,1202,,No,Moderate,Inland,Man-made,,0.644382520697738,,23.5413658748,91.5065512841,Tripura,330.411797493579,6443.82520697738,Hydrological Layer,SAC N,Tank/Pond
2673,2673,1202,,Yes,High,Inland,Man-made,,0.256572289240557,,23.5816290607,91.803267988,Tripura,298.600744874088,2565.72289240557,Hydrological Layer,SAC N,Tank/Pond
2674,2674,1202,,Yes,High,Inland,Man-made,,0.190648197207637,,23.5816490239,91.805757437,Tripura,319.851758739553,1906.48197207637,Hydrological Layer,SAC N,Tank/Pond
2675,2675,1202,,Yes,High,Inland,Man-made,,0.197961003158714,,23.5823884824,91.8025385152,Tripura,249.193192831558,1979.61003158714,Hydrological Layer,SAC N,Tank/Pond
2676,2676,1202,,Yes,High,Inland,Man-made,,0.214580470866055,,23.5733769327,91.8024006905,Tripura,265.787200913774,2145.80470866055,Hydrological Layer,SAC N,Tank/Pond
2696,2696,1202,,Yes,High,Inland,Man-made,,0.231205861237581,,23.583264727,91.8039593032,Tripura,300.88390770812,2312.05861237581,Hydrological Layer,SAC N,Tank/Pond
5070,5070,1202,,No,Moderate,Inland,Man-made,,0.426162689125332,,23.1225320501,91.5228747581,Tripura,271.97876472657,4261.62689125332,Hydrological Layer,SAC N,Tank/Pond
2677,2677,1202,,Yes,High,Inland,Man-made,,0.398723587022489,,23.5743282226,91.8010435558,Tripura,672.600805113356,3987.23587022489,Hydrological Layer,SAC N,Tank/Pond
2678,2678,1202,,Yes,High,Inland,Man-made,,0.84054214136656,,23.574210115,91.7992048014,Tripura,1037.00369293812,8405.4214136656,Hydrological Layer,SAC N,Tank/Pond
2679,2679,1202,,Yes,High,Inland,Man-made,,0.892587456490416,,23.5745298577,91.8030022115,Tripura,894.134566665435,8925.87456490416,Hydrological Layer,SAC N,Tank/Pond
2680,2680,1202,,Yes,High,Inland,Man-made,,0.130852447524846,,23.5760305134,91.8044088927,Tripura,160.840642799203,1308.52447524846,Hydrological Layer,SAC N,Tank/Pond
2719,2719,1202,,No,Moderate,Inland,Man-made,,0.177111305535264,,23.6491659054,91.8096387119,Tripura,206.376984735968,1771.11305535265,Hydrological Layer,SAC N,Tank/Pond
2681,2681,1202,,No,Moderate,Inland,Man-made,,1.40209551662744,,23.4795872936,91.6953682319,Tripura,1040.02500067921,14020.9551662744,Hydrological Layer,SAC N,Tank/Pond
2692,2692,1202,,Yes,High,Inland,Man-made,,0.63632106807005,,23.5804906594,91.8071544218,Tripura,708.220240193246,6363.2106807005,Hydrological Layer,SAC N,Tank/Pond
2682,2682,1104,,No,Moderate,Inland,Natural,,1.92519064481482,,23.4999334391,91.8901519402,Tripura,1353.52808202521,19251.9064481482,Hydrological Layer,SAC N,Riverine Wetlands
2683,2683,1104,,No,Moderate,Inland,Natural,,5.94409930627678,,23.5030114418,91.8948879713,Tripura,3326.2052745652,59440.9930627678,Hydrological Layer,SAC N,Riverine Wetlands
2693,2693,1202,,Yes,High,Inland,Man-made,,0.563013372286811,,23.6288613612,91.8164149606,Tripura,654.718176771618,5630.13372286811,Hydrological Layer,SAC N,Tank/Pond
2720,2720,1202,,No,Moderate,Inland,Man-made,,0.101787218639533,,23.6495262317,91.8073871546,Tripura,127.509700809988,1017.87218639533,Hydrological Layer,SAC N,Tank/Pond
2789,2789,1202,,Yes,High,Inland,Man-made,,0.165546553769751,,23.5038646545,91.3003546593,Tripura,164.241328020334,1655.46553769751,Hydrological Layer,SAC N,Tank/Pond
2694,2694,1202,,Yes,High,Inland,Man-made,,0.370565118580538,,23.6304384722,91.8191697756,Tripura,543.54481936822,3705.65118580538,Hydrological Layer,SAC N,Tank/Pond
2684,2684,1104,,No,Moderate,Inland,Natural,,4.38251605637029,,23.5019831271,91.8875069296,Tripura,2801.56076665965,43825.1605637029,Hydrological Layer,SAC N,Riverine Wetlands
2685,2685,1202,,No,Moderate,Inland,Man-made,,0.323843288722708,,23.4819204735,91.9000573921,Tripura,290.868775640135,3238.43288722708,Hydrological Layer,SAC N,Tank/Pond
2686,2686,1202,,No,Moderate,Inland,Man-made,,0.154044529640895,,23.5240069783,91.6635079115,Tripura,164.251238810324,1540.44529640895,Hydrological Layer,SAC N,Tank/Pond
2687,2687,1202,,No,Moderate,Inland,Man-made,,0.146772805900482,,23.5243703184,91.6625775438,Tripura,154.982002687591,1467.72805900482,Hydrological Layer,SAC N,Tank/Pond
2688,2688,1202,,No,Moderate,Inland,Man-made,,0.372142597792396,,23.5250719329,91.6611144562,Tripura,255.990565500257,3721.42597792396,Hydrological Layer,SAC N,Tank/Pond
2689,2689,1202,,No,Moderate,Inland,Man-made,,1.25800222351339,,23.5282198642,91.6566781348,Tripura,659.174769184744,12580.0222351339,Hydrological Layer,SAC N,Tank/Pond
2690,2690,1202,,No,Moderate,Inland,Man-made,,0.183980616563968,,23.5238947915,91.6595124429,Tripura,172.725611990921,1839.80616563968,Hydrological Layer,SAC N,Tank/Pond
2691,2691,1202,,No,Moderate,Inland,Man-made,,0.453043915073327,,23.5242409228,91.661118026,Tripura,275.661846071434,4530.43915073327,Hydrological Layer,SAC N,Tank/Pond
2695,2695,1202,,Yes,High,Inland,Man-made,,0.137693874796203,,23.5832669364,91.8096086168,Tripura,144.126239676855,1376.93874796203,Hydrological Layer,SAC N,Tank/Pond
2780,2780,1202,,No,Moderate,Inland,Man-made,,0.320936209350497,,23.5438700965,91.5059942974,Tripura,236.551054506279,3209.36209350497,Hydrological Layer,SAC N,Tank/Pond
2698,2698,1202,,Yes,High,Inland,Man-made,,0.147693081630149,,23.5841613207,91.8092874998,Tripura,156.66386154156,1476.93081630149,Hydrological Layer,SAC N,Tank/Pond
2699,2699,1202,,Yes,High,Inland,Man-made,,1.18777098036469,,23.5850319265,91.8074179347,Tripura,695.602318413495,11877.709803647,Hydrological Layer,SAC N,Tank/Pond
2700,2700,1202,,Yes,High,Inland,Man-made,,0.181329976089359,,23.6239068381,91.831170129,Tripura,321.57614167046,1813.2997608936,Hydrological Layer,SAC N,Tank/Pond
2701,2701,1202,,Yes,High,Inland,Man-made,,0.439990392975648,,23.623386567,91.8276156065,Tripura,583.42132450922,4399.90392975648,Hydrological Layer,SAC N,Tank/Pond
2702,2702,1202,,Yes,High,Inland,Man-made,,0.235517636325083,,23.6264099448,91.8343818629,Tripura,353.969781222084,2355.17636325083,Hydrological Layer,SAC N,Tank/Pond
2703,2703,1202,,Yes,High,Inland,Man-made,,0.293198019146288,,23.62721043,91.8361516476,Tripura,350.05741608262,2931.98019146288,Hydrological Layer,SAC N,Tank/Pond
2704,2704,1202,,Yes,High,Inland,Man-made,,0.439079347817248,,23.6293531214,91.8232725078,Tripura,491.947449257932,4390.79347817248,Hydrological Layer,SAC N,Tank/Pond
2749,2749,1202,,No,Moderate,Inland,Man-made,,1.6722241897369,,23.6738841852,91.6466341557,Tripura,672.189887739441,16722.241897369,Hydrological Layer,SAC N,Tank/Pond
2781,2781,1202,,No,Moderate,Inland,Man-made,,0.172151374480501,,23.5438003825,91.5065733479,Tripura,168.816979642278,1721.51374480501,Hydrological Layer,SAC N,Tank/Pond
2782,2782,1202,,Yes,High,Inland,Man-made,,0.437256001708052,,23.4981284233,91.3042655047,Tripura,267.846709841486,4372.56001708052,Hydrological Layer,SAC N,Tank/Pond
2721,2721,1202,,No,Moderate,Inland,Man-made,,0.193527244580228,,23.6500359578,91.8058966769,Tripura,181.447954507488,1935.27244580228,Hydrological Layer,SAC N,Tank/Pond
5071,5071,1202,,No,Moderate,Inland,Man-made,,0.455250746457463,,23.1252975852,91.5212866666,Tripura,280.527159297565,4552.50746457463,Hydrological Layer,SAC N,Tank/Pond
2705,2705,1202,,No,Moderate,Inland,Man-made,,3.2152632923812,,23.6301438428,91.8131700666,Tripura,2589.59582983306,32152.632923812,Hydrological Layer,SAC N,Tank/Pond
2706,2706,1202,,No,Moderate,Inland,Man-made,,0.308971306391752,,23.6626175384,91.8005027048,Tripura,324.208519938056,3089.71306391752,Hydrological Layer,SAC N,Tank/Pond
2713,2713,1202,,No,Moderate,Inland,Man-made,,0.149929345944984,,23.6600760527,91.7967113817,Tripura,245.516683193587,1499.29345944984,Hydrological Layer,SAC N,Tank/Pond
2714,2714,1202,,No,Moderate,Inland,Man-made,,0.180189521612371,,23.6636489966,91.7996623402,Tripura,179.582858983856,1801.89521612371,Hydrological Layer,SAC N,Tank/Pond
2715,2715,1202,,No,Moderate,Inland,Man-made,,0.201505448525773,,23.6645911295,91.7988465011,Tripura,196.128094274966,2015.05448525773,Hydrological Layer,SAC N,Tank/Pond
2716,2716,1202,,No,Moderate,Inland,Man-made,,0.167500238336447,,23.6647979021,91.7979593281,Tripura,226.290854893579,1675.00238336447,Hydrological Layer,SAC N,Tank/Pond
2717,2717,1202,,No,Moderate,Inland,Man-made,,0.240609089656774,,23.6550866004,91.8033819236,Tripura,302.66431607099,2406.09089656774,Hydrological Layer,SAC N,Tank/Pond
2707,2707,1202,,No,Moderate,Inland,Man-made,,1.91296317083727,,23.660857154,91.8044185781,Tripura,2464.13593762576,19129.6317083727,Hydrological Layer,SAC N,Tank/Pond
2708,2708,1202,,No,Moderate,Inland,Man-made,,0.150274180722905,,23.6565444391,91.8019260515,Tripura,158.664633517964,1502.74180722905,Hydrological Layer,SAC N,Tank/Pond
2709,2709,1202,,No,Moderate,Inland,Man-made,,0.192581955208234,,23.6566370724,91.8014960304,Tripura,197.964777355109,1925.81955208234,Hydrological Layer,SAC N,Tank/Pond
2710,2710,1202,,No,Moderate,Inland,Man-made,,0.133848253753606,,23.6565922727,91.8023080906,Tripura,183.156198623952,1338.48253753606,Hydrological Layer,SAC N,Tank/Pond
2711,2711,1202,,No,Moderate,Inland,Man-made,,0.128719082894638,,23.6572095012,91.8002543373,Tripura,216.004061850716,1287.19082894638,Hydrological Layer,SAC N,Tank/Pond
2712,2712,1202,,No,Moderate,Inland,Man-made,,0.307035408151216,,23.6573102261,91.7973482613,Tripura,434.526542083346,3070.35408151216,Hydrological Layer,SAC N,Tank/Pond
2723,2723,1202,,No,Moderate,Inland,Man-made,,0.154969799573949,,23.6523877548,91.8030885298,Tripura,221.972748210517,1549.69799573949,Hydrological Layer,SAC N,Tank/Pond
2724,2724,1202,,No,Moderate,Inland,Man-made,,0.172653106287973,,23.6529075625,91.8091630202,Tripura,227.700091348062,1726.53106287973,Hydrological Layer,SAC N,Tank/Pond
2725,2725,1202,,No,Moderate,Inland,Man-made,,0.214927152422192,,23.6510318158,91.8107768864,Tripura,380.724425179481,2149.27152422192,Hydrological Layer,SAC N,Tank/Pond
2726,2726,1202,,No,Moderate,Inland,Man-made,,0.279194679184326,,23.6522080777,91.810795277,Tripura,266.741676834675,2791.94679184326,Hydrological Layer,SAC N,Tank/Pond
2727,2727,1202,,No,Moderate,Inland,Man-made,,0.129638146802531,,23.6522770708,91.8085183028,Tripura,142.592705178326,1296.38146802531,Hydrological Layer,SAC N,Tank/Pond
2728,2728,1202,,No,Moderate,Inland,Man-made,,0.114639667748494,,23.6552584809,91.8126924457,Tripura,267.223426251677,1146.39667748494,Hydrological Layer,SAC N,Tank/Pond
2729,2729,1202,,Yes,High,Inland,Man-made,,0.271141222275406,,23.4536147889,91.9156990963,Tripura,224.343537600312,2711.41222275406,Hydrological Layer,SAC N,Tank/Pond
2730,2730,1202,,Yes,High,Inland,Man-made,,0.774571432327694,,23.4536992579,91.9099075783,Tripura,897.38683307919,7745.71432327694,Hydrological Layer,SAC N,Tank/Pond
2731,2731,1202,,Yes,High,Inland,Man-made,,0.15034395483007,,23.4548109226,91.9122515989,Tripura,153.483249560306,1503.4395483007,Hydrological Layer,SAC N,Tank/Pond
2732,2732,1202,,Yes,High,Inland,Man-made,,1.02761950611324,,23.5885099674,91.8174332276,Tripura,429.508858292743,10276.1950611324,Hydrological Layer,SAC N,Tank/Pond
2744,2744,1202,,No,Moderate,Inland,Man-made,,0.378312788984146,,23.7015181717,91.6624801732,Tripura,238.487198006548,3783.12788984146,Hydrological Layer,SAC N,Tank/Pond
2745,2745,1202,,No,Moderate,Inland,Man-made,,0.301639958599972,,23.7021933,91.6621926512,Tripura,234.359967146764,3016.39958599972,Hydrological Layer,SAC N,Tank/Pond
2743,2743,1202,,No,Moderate,Inland,Man-made,,0.163207750239785,,23.7022522415,91.6528703025,Tripura,169.167838965063,1632.07750239785,Hydrological Layer,SAC N,Tank/Pond
5072,5072,1202,,No,Moderate,Inland,Man-made,,1.05909612533853,,23.1303590414,91.5187258059,Tripura,529.194285412707,10590.9612533853,Hydrological Layer,SAC N,Tank/Pond
2733,2733,1202,,No,Moderate,Inland,Man-made,,0.550624428604666,,23.4610317503,91.9122236183,Tripura,568.524922251128,5506.24428604666,Hydrological Layer,SAC N,Tank/Pond
2734,2734,1202,,No,Moderate,Inland,Man-made,,0.117745359833138,,23.4620712229,91.9094156614,Tripura,163.922722394232,1177.45359833138,Hydrological Layer,SAC N,Tank/Pond
2735,2735,1202,,No,Moderate,Inland,Man-made,,0.457096037353045,,23.4624377373,91.911655784,Tripura,507.968623155519,4570.96037353045,Hydrological Layer,SAC N,Tank/Pond
2736,2736,1202,,No,Moderate,Inland,Man-made,,0.25924703160823,,23.4824771761,91.8994798521,Tripura,222.575728465076,2592.4703160823,Hydrological Layer,SAC N,Tank/Pond
2737,2737,1202,,No,Low,Inland,Man-made,,2.67966479331001,,23.8356081728,91.2836408692,Tripura,686.249673603468,26796.6479331002,Hydrological Layer,SAC N,Tank/Pond
2738,2738,1202,,No,Low,Inland,Man-made,,1.01738354213237,,23.8560790782,91.291366521,Tripura,592.647681936965,10173.8354213237,Hydrological Layer,SAC N,Tank/Pond
2739,2739,1202,,No,Moderate,Inland,Man-made,,0.426113123359405,,23.6916830595,91.6461976685,Tripura,364.017009890002,4261.13123359405,Hydrological Layer,SAC N,Tank/Pond
2740,2740,1202,,No,Moderate,Inland,Man-made,,0.294632801105177,,23.6950182105,91.6373773876,Tripura,218.059526173966,2946.32801105177,Hydrological Layer,SAC N,Tank/Pond
2741,2741,1202,,No,Moderate,Inland,Man-made,,1.52618418002632,,23.6967680059,91.6539645607,Tripura,904.958596122015,15261.8418002632,Hydrological Layer,SAC N,Tank/Pond
2742,2742,1202,,No,Moderate,Inland,Man-made,,0.903455128604359,,23.6987927333,91.6281742853,Tripura,474.829088049217,9034.55128604359,Hydrological Layer,SAC N,Tank/Pond
5073,5073,1202,,No,Moderate,Inland,Man-made,,0.412584120037105,,23.1312521083,91.5181358763,Tripura,283.881980360916,4125.84120037105,Hydrological Layer,SAC N,Tank/Pond
2746,2746,1202,,No,Moderate,Inland,Man-made,,0.982943109983235,,23.7018138073,91.6518360903,Tripura,545.626746287261,9829.43109983235,Hydrological Layer,SAC N,Tank/Pond
2747,2747,1202,,No,Moderate,Inland,Man-made,,0.548069624257441,,23.7026649533,91.6639957902,Tripura,301.573365271473,5480.69624257441,Hydrological Layer,SAC N,Tank/Pond
2748,2748,1202,,No,Moderate,Inland,Man-made,,0.502454008273406,,23.7035657852,91.6684199582,Tripura,336.734795786798,5024.54008273406,Hydrological Layer,SAC N,Tank/Pond
2762,2762,1202,,No,Moderate,Inland,Man-made,,0.83946951130097,,23.7018934116,91.4377443814,Tripura,370.164539159113,8394.6951130097,Hydrological Layer,SAC N,Tank/Pond
2750,2750,1202,,No,Moderate,Inland,Man-made,,0.377156284117919,,23.679047613,91.6493828659,Tripura,332.234334391773,3771.56284117919,Hydrological Layer,SAC N,Tank/Pond
2751,2751,1202,,No,Moderate,Inland,Man-made,,0.448570668527856,,23.6802898155,91.6555694929,Tripura,410.981698539684,4485.70668527856,Hydrological Layer,SAC N,Tank/Pond
2752,2752,1202,,No,Moderate,Inland,Man-made,,2.3030537730112,,23.6808392496,91.6509843681,Tripura,1253.61767409245,23030.537730112,Hydrological Layer,SAC N,Tank/Pond
2753,2753,1202,,No,Moderate,Inland,Man-made,,0.696503763199358,,23.6823680062,91.6524017246,Tripura,431.404903135054,6965.03763199358,Hydrological Layer,SAC N,Tank/Pond
2754,2754,1202,,No,Moderate,Inland,Man-made,,1.15042128295232,,23.6946666257,91.6455697017,Tripura,715.414753548348,11504.2128295232,Hydrological Layer,SAC N,Tank/Pond
2755,2755,1202,,No,Moderate,Inland,Man-made,,1.13001663282139,,23.6813304181,91.654355754,Tripura,464.76645077916,11300.1663282139,Hydrological Layer,SAC N,Tank/Pond
2756,2756,1202,,No,Moderate,Inland,Man-made,,0.615234174478699,,23.6824468721,91.6639454578,Tripura,345.416907304527,6152.34174478699,Hydrological Layer,SAC N,Tank/Pond
2757,2757,1202,,No,Moderate,Inland,Man-made,,0.425617070544643,,23.6839400133,91.6754534578,Tripura,280.760334137482,4256.17070544644,Hydrological Layer,SAC N,Tank/Pond
2759,2759,1202,,No,Moderate,Inland,Man-made,,0.115351256321781,,23.6874424678,91.6700391701,Tripura,156.388911447462,1153.51256321781,Hydrological Layer,SAC N,Tank/Pond
2760,2760,1202,,No,Moderate,Inland,Man-made,,0.134473140545882,,23.7002290332,91.4658484316,Tripura,149.988281300549,1344.73140545882,Hydrological Layer,SAC N,Tank/Pond
2761,2761,1202,,No,Moderate,Inland,Man-made,,0.614799143700536,,23.7004301643,91.4805167964,Tripura,564.100252299643,6147.99143700536,Hydrological Layer,SAC N,Tank/Pond
2765,2765,1202,,No,Moderate,Inland,Man-made,,0.252646214086268,,23.544220352,91.5066247341,Tripura,234.62201638319,2526.46214086268,Hydrological Layer,SAC N,Tank/Pond
2766,2766,1202,,No,Moderate,Inland,Man-made,,0.126865280652168,,23.5460834647,91.506970051,Tripura,143.327139002662,1268.65280652168,Hydrological Layer,SAC N,Tank/Pond
2767,2767,1202,,No,Moderate,Inland,Man-made,,0.215792856908933,,23.5472346664,91.503937449,Tripura,209.038512917215,2157.92856908933,Hydrological Layer,SAC N,Tank/Pond
2768,2768,1202,,No,Moderate,Inland,Man-made,,0.111862283595548,,23.5470185055,91.5044766221,Tripura,131.268290708986,1118.62283595548,Hydrological Layer,SAC N,Tank/Pond
2769,2769,1202,,No,Moderate,Inland,Man-made,,0.116321335879389,,23.546914944,91.5051474529,Tripura,132.80059926107,1163.21335879389,Hydrological Layer,SAC N,Tank/Pond
2770,2770,1202,,No,Moderate,Inland,Man-made,,0.231075391422432,,23.5465205385,91.5054112373,Tripura,222.158367410011,2310.75391422432,Hydrological Layer,SAC N,Tank/Pond
2771,2771,1202,,No,Moderate,Inland,Man-made,,0.409414597100116,,23.5460802757,91.5057207081,Tripura,255.105440488597,4094.14597100116,Hydrological Layer,SAC N,Tank/Pond
2772,2772,1202,,No,Moderate,Inland,Man-made,,0.147052698594308,,23.5460062954,91.5052149906,Tripura,167.436092134629,1470.52698594308,Hydrological Layer,SAC N,Tank/Pond
2773,2773,1202,,No,Moderate,Inland,Man-made,,0.102154878246683,,23.5453673301,91.5051125652,Tripura,138.31965005473,1021.54878246683,Hydrological Layer,SAC N,Tank/Pond
2774,2774,1202,,No,Moderate,Inland,Man-made,,0.354883620895729,,23.5456376359,91.5051685799,Tripura,267.387776869072,3548.83620895729,Hydrological Layer,SAC N,Tank/Pond
2775,2775,1202,,No,Moderate,Inland,Man-made,,0.110619645263425,,23.5455780786,91.5063382803,Tripura,139.705757327627,1106.19645263425,Hydrological Layer,SAC N,Tank/Pond
2776,2776,1202,,No,Moderate,Inland,Man-made,,0.128636117640498,,23.5451436172,91.5063874866,Tripura,150.316989031358,1286.36117640498,Hydrological Layer,SAC N,Tank/Pond
2777,2777,1202,,No,Moderate,Inland,Man-made,,0.128715435992117,,23.5450051371,91.5058093626,Tripura,142.996334534236,1287.15435992117,Hydrological Layer,SAC N,Tank/Pond
2778,2778,1202,,No,Moderate,Inland,Man-made,,0.115649575459162,,23.5447372682,91.5057767096,Tripura,151.875658965276,1156.49575459162,Hydrological Layer,SAC N,Tank/Pond
2779,2779,1202,,No,Moderate,Inland,Man-made,,0.290627446422668,,23.5443684744,91.5057367382,Tripura,210.826105982185,2906.27446422668,Hydrological Layer,SAC N,Tank/Pond
2783,2783,1202,,Yes,High,Inland,Man-made,,0.277227936686917,,23.5000149077,91.2992979284,Tripura,213.423571363457,2772.27936686917,Hydrological Layer,SAC N,Tank/Pond
2784,2784,1202,,Yes,High,Inland,Man-made,,0.600861897711977,,23.4998103185,91.30019637,Tripura,341.227433328552,6008.61897711977,Hydrological Layer,SAC N,Tank/Pond
2785,2785,1202,,Yes,High,Inland,Man-made,,0.38651903609479,,23.500419108,91.2986512853,Tripura,256.15873567951,3865.1903609479,Hydrological Layer,SAC N,Tank/Pond
2786,2786,1202,,Yes,High,Inland,Man-made,,0.594801669246766,,23.4977127573,91.2960637744,Tripura,293.482693170639,5948.01669246766,Hydrological Layer,SAC N,Tank/Pond
2787,2787,1202,,Yes,High,Inland,Man-made,,0.163258368928095,,23.5039553643,91.3018273821,Tripura,175.323706034183,1632.58368928095,Hydrological Layer,SAC N,Tank/Pond
2788,2788,1202,,Yes,High,Inland,Man-made,,0.137368404752401,,23.5038262982,91.3006781839,Tripura,151.390360647306,1373.68404752401,Hydrological Layer,SAC N,Tank/Pond
2790,2790,1202,,Yes,High,Inland,Man-made,,4.57791368340188,,23.500762369,91.3025618949,Tripura,1261.44773389648,45779.1368340188,Hydrological Layer,SAC N,Tank/Pond
2791,2791,1202,,Yes,High,Inland,Man-made,,0.145802588832369,,23.5067586003,91.2982719008,Tripura,163.789376096211,1458.02588832369,Hydrological Layer,SAC N,Tank/Pond
2792,2792,1202,,Yes,High,Inland,Man-made,,0.144631196752522,,23.5072712423,91.2981917742,Tripura,154.567362261873,1446.31196752522,Hydrological Layer,SAC N,Tank/Pond
2793,2793,1202,,Yes,High,Inland,Man-made,,0.116507558637102,,23.5076877767,91.2988225813,Tripura,138.714458838116,1165.07558637102,Hydrological Layer,SAC N,Tank/Pond
2794,2794,1202,,Yes,High,Inland,Man-made,,0.23233381569124,,23.5114852067,91.2941871591,Tripura,193.137656408979,2323.3381569124,Hydrological Layer,SAC N,Tank/Pond
2795,2795,1202,,Yes,High,Inland,Man-made,,0.368403002722693,,23.5116151982,91.2971474542,Tripura,260.868949472701,3684.03002722693,Hydrological Layer,SAC N,Tank/Pond
2796,2796,1202,,Yes,High,Inland,Man-made,,0.141945000017801,,23.5133758888,91.2946116926,Tripura,151.00461958001,1419.45000017801,Hydrological Layer,SAC N,Tank/Pond
2797,2797,1202,,Yes,High,Inland,Man-made,,0.104959222979757,,23.5143668766,91.2954795712,Tripura,129.862618039521,1049.59222979757,Hydrological Layer,SAC N,Tank/Pond
2798,2798,1202,,Yes,High,Inland,Man-made,,0.244480134014181,,23.5146237524,91.2937051194,Tripura,200.938525800942,2444.80134014181,Hydrological Layer,SAC N,Tank/Pond
2799,2799,1202,,Yes,High,Inland,Man-made,,0.185625041059264,,23.5148335976,91.2953527746,Tripura,172.118416446917,1856.25041059264,Hydrological Layer,SAC N,Tank/Pond
2800,2800,1202,,Yes,High,Inland,Man-made,,0.797477578938036,,23.5128101243,91.2968664344,Tripura,360.610946945877,7974.77578938036,Hydrological Layer,SAC N,Tank/Pond
2801,2801,1202,,Yes,High,Inland,Man-made,,0.127385049130382,,23.5081486692,91.2983299064,Tripura,153.312535416448,1273.85049130382,Hydrological Layer,SAC N,Tank/Pond
2802,2802,1202,,Yes,High,Inland,Man-made,,0.174010567152382,,23.5102225454,91.2994218744,Tripura,177.003257320512,1740.10567152382,Hydrological Layer,SAC N,Tank/Pond
2803,2803,1202,,Yes,High,Inland,Man-made,,0.181176822287283,,23.5097251243,91.2993605704,Tripura,172.480832918363,1811.76822287283,Hydrological Layer,SAC N,Tank/Pond
2843,2843,1202,,No,Moderate,Inland,Man-made,,0.468494452670654,,24.0025665794,91.9742695283,Tripura,309.224702727621,4684.94452670654,Hydrological Layer,SAC N,Tank/Pond
5074,5074,1202,,No,Moderate,Inland,Man-made,,1.39023128080409,,23.1274736596,91.5184278958,Tripura,826.7519845663,13902.3128080409,Hydrological Layer,SAC N,Tank/Pond
2804,2804,1202,,Yes,High,Inland,Man-made,,2.91556470037373,,23.5109160853,91.2985807911,Tripura,1096.29563489051,29155.6470037372,Hydrological Layer,SAC N,Tank/Pond
2805,2805,1202,,Yes,High,Inland,Man-made,,0.132104449706408,,23.5138053763,91.3022677372,Tripura,156.409504730383,1321.04449706408,Hydrological Layer,SAC N,Tank/Pond
2807,2807,1202,,Yes,High,Inland,Man-made,,0.148995420747398,,23.5141608251,91.3002933754,Tripura,157.79202029005,1489.95420747398,Hydrological Layer,SAC N,Tank/Pond
2808,2808,1202,,Yes,High,Inland,Man-made,,0.335603648160731,,23.5142161002,91.3009975456,Tripura,295.311716868161,3356.03648160731,Hydrological Layer,SAC N,Tank/Pond
2809,2809,1202,,Yes,High,Inland,Man-made,,0.140917496555422,,23.5142808802,91.299666774,Tripura,158.561023090968,1409.17496555422,Hydrological Layer,SAC N,Tank/Pond
2810,2810,1202,,Yes,High,Inland,Man-made,,0.239049596996175,,23.5106194088,91.3003634587,Tripura,182.204464355591,2390.49596996175,Hydrological Layer,SAC N,Tank/Pond
2811,2811,1202,,Yes,High,Inland,Man-made,,0.142853396292209,,23.5108885168,91.30104963,Tripura,156.111201672085,1428.53396292209,Hydrological Layer,SAC N,Tank/Pond
2812,2812,1202,,Yes,High,Inland,Man-made,,0.198261977225596,,23.5120247733,91.3010411735,Tripura,227.227042307819,1982.61977225596,Hydrological Layer,SAC N,Tank/Pond
2813,2813,1202,,Yes,High,Inland,Man-made,,6.34498224097884,,23.4919271013,91.332725632,Tripura,2046.64310107642,63449.8224097884,Hydrological Layer,SAC N,Tank/Pond
2814,2814,1202,,Yes,High,Inland,Man-made,,0.155732673716406,,23.5072030114,91.3324991414,Tripura,163.90170459615,1557.32673716406,Hydrological Layer,SAC N,Tank/Pond
2815,2815,1202,,Yes,High,Inland,Man-made,,0.188659397300182,,23.5072279585,91.3298641438,Tripura,171.357334100709,1886.59397300182,Hydrological Layer,SAC N,Tank/Pond
2831,2831,1202,,Yes,High,Inland,Man-made,,0.181265634853879,,23.4881955162,91.3004264673,Tripura,178.467605619641,1812.65634853879,Hydrological Layer,SAC N,Tank/Pond
2844,2844,1202,,No,Moderate,Inland,Man-made,,0.943710301290114,,24.0034871252,91.9675341373,Tripura,441.757526422201,9437.10301290114,Hydrological Layer,SAC N,Tank/Pond
2816,2816,1202,,Yes,High,Inland,Man-made,,0.58226738081738,,23.5080338159,91.3316912099,Tripura,420.617411544896,5822.6738081738,Hydrological Layer,SAC N,Tank/Pond
2817,2817,1202,,Yes,High,Inland,Man-made,,0.10981092061,,23.5093078519,91.3348909455,Tripura,133.931676282829,1098.1092061,Hydrological Layer,SAC N,Tank/Pond
2818,2818,1202,,Yes,High,Inland,Man-made,,1.45144790341434,,23.5093416337,91.3319362968,Tripura,919.839383954753,14514.4790341434,Hydrological Layer,SAC N,Tank/Pond
2819,2819,1202,,Yes,High,Inland,Man-made,,0.337001575679256,,23.5116663803,91.3341495047,Tripura,269.122456063334,3370.01575679256,Hydrological Layer,SAC N,Tank/Pond
2820,2820,1202,,Yes,High,Inland,Man-made,,0.270873902325942,,23.5125174943,91.3352879538,Tripura,222.746591740209,2708.73902325942,Hydrological Layer,SAC N,Tank/Pond
2821,2821,1202,,Yes,High,Inland,Man-made,,0.613361986589349,,23.4964155482,91.3353269555,Tripura,327.045803758208,6133.61986589349,Hydrological Layer,SAC N,Tank/Pond
2822,2822,1202,,Yes,High,Inland,Man-made,,0.550713458741171,,23.499789829,91.3293412813,Tripura,303.762471053531,5507.13458741171,Hydrological Layer,SAC N,Tank/Pond
2823,2823,1202,,Yes,High,Inland,Man-made,,0.578973902229467,,23.502535549,91.3275440013,Tripura,311.541615535083,5789.73902229467,Hydrological Layer,SAC N,Tank/Pond
2824,2824,1202,,Yes,High,Inland,Man-made,,0.246377071957562,,23.4905168196,91.3254924004,Tripura,198.719144004621,2463.77071957562,Hydrological Layer,SAC N,Tank/Pond
2825,2825,1202,,Yes,High,Inland,Man-made,,0.321181408169298,,23.4913441469,91.3234689056,Tripura,246.762783243024,3211.81408169298,Hydrological Layer,SAC N,Tank/Pond
2826,2826,1202,,Yes,High,Inland,Man-made,,0.265224525515564,,23.4917278637,91.32431072,Tripura,215.170675577337,2652.24525515564,Hydrological Layer,SAC N,Tank/Pond
2827,2827,1202,,Yes,High,Inland,Man-made,,0.257147427873079,,23.4920466057,91.3235061865,Tripura,204.773007382202,2571.47427873079,Hydrological Layer,SAC N,Tank/Pond
2828,2828,1202,,Yes,High,Inland,Man-made,,0.457493256590223,,23.4943917932,91.3004659726,Tripura,272.154886382465,4574.93256590223,Hydrological Layer,SAC N,Tank/Pond
2829,2829,1202,,Yes,High,Inland,Man-made,,3.93335245777469,,23.4973600005,91.306407794,Tripura,967.972499459907,39333.5245777469,Hydrological Layer,SAC N,Tank/Pond
2830,2830,1202,,Yes,High,Inland,Man-made,,0.116202000186126,,23.4882233751,91.3001468647,Tripura,144.709119146262,1162.02000186126,Hydrological Layer,SAC N,Tank/Pond
2845,2845,1202,,No,Moderate,Inland,Man-made,,1.32341472554525,,24.0044521612,91.9643443297,Tripura,463.373318317735,13234.1472554525,Hydrological Layer,SAC N,Tank/Pond
5075,5075,1202,,No,Moderate,Inland,Man-made,,1.06878991612398,,23.1280228433,91.5152224318,Tripura,622.957154311961,10687.8991612398,Hydrological Layer,SAC N,Tank/Pond
2832,2832,1202,,Yes,High,Inland,Man-made,,6.6557983596585,,23.4911111366,91.3114448259,Tripura,1621.28658379148,66557.983596585,Hydrological Layer,SAC N,Tank/Pond
2833,2833,1202,,No,Moderate,Inland,Man-made,,0.683227777406572,,23.6568677163,91.8064655467,Tripura,852.015527225889,6832.27777406572,Hydrological Layer,SAC N,Tank/Pond
2834,2834,1202,,No,Moderate,Inland,Man-made,,0.123885637569255,,23.6589124278,91.8180494562,Tripura,138.956138110905,1238.85637569255,Hydrological Layer,SAC N,Tank/Pond
2835,2835,1202,,No,Moderate,Inland,Man-made,,0.264666291362345,,24.04450439,91.9439644979,Tripura,300.402154529273,2646.66291362345,Hydrological Layer,SAC N,Tank/Pond
2836,2836,1202,,No,Moderate,Inland,Man-made,,0.263030241955834,,24.0448649562,91.9445792791,Tripura,309.727331708577,2630.30241955834,Hydrological Layer,SAC N,Tank/Pond
2837,2837,1202,,No,Moderate,Inland,Man-made,,1.05445533709749,,24.1090535463,91.9848239171,Tripura,424.678367606308,10544.5533709749,Hydrological Layer,SAC N,Tank/Pond
2838,2838,1202,,No,Moderate,Inland,Man-made,,0.977570471812312,,23.98957951,91.956067516,Tripura,523.638150828386,9775.70471812312,Hydrological Layer,SAC N,Tank/Pond
2839,2839,1202,,No,Moderate,Inland,Man-made,,1.11347627926786,,23.9931270477,91.9724191088,Tripura,428.719460955744,11134.7627926786,Hydrological Layer,SAC N,Tank/Pond
2840,2840,1202,,No,Moderate,Inland,Man-made,,1.10291397855763,,24.0246836158,91.9897244794,Tripura,547.883712152182,11029.1397855763,Hydrological Layer,SAC N,Tank/Pond
2841,2841,1202,,No,Moderate,Inland,Man-made,,0.281580690096268,,24.0015395471,91.9658161947,Tripura,212.736102059961,2815.80690096268,Hydrological Layer,SAC N,Tank/Pond
2842,2842,1202,,No,Moderate,Inland,Man-made,,0.386672720942406,,24.002558598,91.9641557165,Tripura,265.835598043906,3866.72720942406,Hydrological Layer,SAC N,Tank/Pond
2846,2846,1202,,No,Moderate,Inland,Man-made,,0.198912370405901,,24.005717108,91.9679869756,Tripura,184.553317345121,1989.12370405901,Hydrological Layer,SAC N,Tank/Pond
2847,2847,1202,,No,Moderate,Inland,Man-made,,0.208851566181285,,24.0059142728,91.9645379458,Tripura,183.958342732536,2088.51566181285,Hydrological Layer,SAC N,Tank/Pond
2848,2848,1202,,No,Moderate,Inland,Man-made,,0.265459215846193,,24.0064885927,91.9681687471,Tripura,212.7245044132,2654.59215846193,Hydrological Layer,SAC N,Tank/Pond
2849,2849,1202,,No,Moderate,Inland,Man-made,,0.210549170126545,,24.0085818092,91.968354741,Tripura,190.950914069631,2105.49170126545,Hydrological Layer,SAC N,Tank/Pond
2850,2850,1202,,No,Moderate,Inland,Man-made,,1.17748040667061,,24.0128627915,91.9720087708,Tripura,623.595337212326,11774.8040667061,Hydrological Layer,SAC N,Tank/Pond
2851,2851,1202,,No,Moderate,Inland,Man-made,,0.412857107076644,,24.0114580022,91.9740036066,Tripura,306.285786776535,4128.57107076644,Hydrological Layer,SAC N,Tank/Pond
2852,2852,1202,,No,Moderate,Inland,Man-made,,0.236974282213373,,24.0146515124,91.9724834908,Tripura,199.654903843032,2369.74282213373,Hydrological Layer,SAC N,Tank/Pond
2853,2853,1202,,No,Moderate,Inland,Man-made,,0.991288610786848,,24.0160422428,91.9660580161,Tripura,399.12626172393,9912.88610786848,Hydrological Layer,SAC N,Tank/Pond
2854,2854,1202,,No,Moderate,Inland,Man-made,,1.4552439608983,,24.0424148539,91.9852689676,Tripura,681.361686233852,14552.439608983,Hydrological Layer,SAC N,Tank/Pond
2855,2855,1202,,No,Moderate,Inland,Man-made,,0.143412278178663,,24.0437572804,92.0012808908,Tripura,156.822867537432,1434.12278178663,Hydrological Layer,SAC N,Tank/Pond
2856,2856,1202,,No,Moderate,Inland,Man-made,,0.139910635724824,,24.0444378142,92.0020208496,Tripura,151.89838984071,1399.10635724824,Hydrological Layer,SAC N,Tank/Pond
2857,2857,1202,,No,Moderate,Inland,Man-made,,0.21560382557833,,24.0449637847,92.0021954016,Tripura,178.315144395411,2156.0382557833,Hydrological Layer,SAC N,Tank/Pond
2858,2858,1202,,No,Moderate,Inland,Man-made,,0.197447830970491,,24.0455254797,92.0023444527,Tripura,164.597132114624,1974.47830970491,Hydrological Layer,SAC N,Tank/Pond
2859,2859,1202,,No,Moderate,Inland,Man-made,,0.261396023166789,,24.0453793718,91.998585809,Tripura,227.090781593976,2613.96023166789,Hydrological Layer,SAC N,Tank/Pond
2955,2955,1202,,No,Moderate,Inland,Man-made,,0.217532859754712,,24.3462986628,91.9564906055,Tripura,189.070766124949,2175.32859754712,Hydrological Layer,SAC N,Tank/Pond
2860,2860,1202,,No,Moderate,Inland,Man-made,,0.300292511980648,,24.0468995863,91.9982527656,Tripura,248.706010666215,3002.92511980648,Hydrological Layer,SAC N,Tank/Pond
2861,2861,1202,,No,Moderate,Inland,Man-made,,0.287685855984939,,24.0468637778,91.9975875326,Tripura,219.219965587798,2876.85855984939,Hydrological Layer,SAC N,Tank/Pond
2862,2862,1202,,No,Moderate,Inland,Man-made,,0.140341218407536,,24.0471349637,91.9909792833,Tripura,153.152252935957,1403.41218407536,Hydrological Layer,SAC N,Tank/Pond
2863,2863,1202,,No,Moderate,Inland,Man-made,,0.280196980559564,,24.0469258239,91.9918474318,Tripura,237.492837868281,2801.96980559564,Hydrological Layer,SAC N,Tank/Pond
2864,2864,1202,,No,Moderate,Inland,Man-made,,0.137054801399691,,24.0474592083,91.9955197123,Tripura,150.620998017155,1370.54801399691,Hydrological Layer,SAC N,Tank/Pond
2865,2865,1202,,No,Moderate,Inland,Man-made,,0.391124274086965,,24.0479784477,91.9974474571,Tripura,253.064096953637,3911.24274086965,Hydrological Layer,SAC N,Tank/Pond
2866,2866,1202,,No,Moderate,Inland,Man-made,,0.226717816673545,,24.0491983944,91.9979434458,Tripura,189.637797711855,2267.17816673545,Hydrological Layer,SAC N,Tank/Pond
2867,2867,1202,,No,Moderate,Inland,Man-made,,0.297152691407534,,24.0487557853,91.997757674,Tripura,211.988615617711,2971.52691407534,Hydrological Layer,SAC N,Tank/Pond
2868,2868,1202,,No,Moderate,Inland,Man-made,,0.433253916697437,,24.0498721684,91.9982001802,Tripura,244.482571586836,4332.53916697437,Hydrological Layer,SAC N,Tank/Pond
2869,2869,1202,,No,Moderate,Inland,Man-made,,0.210981940597902,,24.0447197328,91.9982291944,Tripura,187.28633982702,2109.81940597902,Hydrological Layer,SAC N,Tank/Pond
2870,2870,1202,,No,Moderate,Inland,Man-made,,0.212036225878878,,24.0443890036,91.9985423479,Tripura,189.580714720035,2120.36225878878,Hydrological Layer,SAC N,Tank/Pond
2871,2871,1202,,No,Moderate,Inland,Man-made,,0.200082878501023,,24.044002909,91.9988827807,Tripura,194.189963479326,2000.82878501023,Hydrological Layer,SAC N,Tank/Pond
2872,2872,1202,,No,Moderate,Inland,Man-made,,0.339804138735242,,24.0436498309,91.9994802255,Tripura,258.233031017915,3398.04138735242,Hydrological Layer,SAC N,Tank/Pond
2873,2873,1202,,No,Moderate,Inland,Man-made,,0.208652488398839,,24.0443896771,92.0000342179,Tripura,197.185151934117,2086.52488398839,Hydrological Layer,SAC N,Tank/Pond
2874,2874,1202,,Yes,High,Inland,Man-made,,0.295524591929813,,24.0647122372,91.9929015986,Tripura,225.043497521971,2955.24591929813,Hydrological Layer,SAC N,Tank/Pond
2875,2875,1202,,Yes,High,Inland,Man-made,,0.498322106893115,,24.0660325184,92.005517838,Tripura,280.470884824135,4983.22106893115,Hydrological Layer,SAC N,Tank/Pond
2876,2876,1202,,Yes,High,Inland,Man-made,,0.322679054214377,,24.0661037872,92.0066400211,Tripura,221.733556715805,3226.79054214377,Hydrological Layer,SAC N,Tank/Pond
2877,2877,1202,,Yes,High,Inland,Man-made,,0.683182050669767,,24.0696212606,91.9814618073,Tripura,612.043738517479,6831.82050669767,Hydrological Layer,SAC N,Tank/Pond
2878,2878,1202,,Yes,High,Inland,Man-made,,0.978917422200138,,24.0703311804,91.9789248333,Tripura,566.915070816011,9789.17422200138,Hydrological Layer,SAC N,Tank/Pond
2879,2879,1202,,Yes,High,Inland,Man-made,,0.403682034106818,,24.072204097,91.9841377066,Tripura,309.511851983438,4036.82034106818,Hydrological Layer,SAC N,Tank/Pond
2880,2880,1202,,Yes,High,Inland,Man-made,,1.17177497766531,,24.0748457749,91.98725647,Tripura,569.075986833599,11717.7497766531,Hydrological Layer,SAC N,Tank/Pond
2881,2881,1202,,Yes,High,Inland,Man-made,,0.31269649418476,,24.0776670896,91.9893995776,Tripura,339.207092838729,3126.9649418476,Hydrological Layer,SAC N,Tank/Pond
2882,2882,1202,,No,Moderate,Inland,Man-made,,0.175900304298679,,24.0502988689,92.0193564212,Tripura,154.522924988649,1759.00304298679,Hydrological Layer,SAC N,Tank/Pond
2883,2883,1202,,No,Moderate,Inland,Man-made,,0.123853459745001,,24.0508917151,92.0146328917,Tripura,157.467961826872,1238.53459745001,Hydrological Layer,SAC N,Tank/Pond
2884,2884,1202,,No,Moderate,Inland,Man-made,,0.117429157117066,,24.0510798783,92.0151573307,Tripura,141.387063826525,1174.29157117066,Hydrological Layer,SAC N,Tank/Pond
2885,2885,1202,,No,Moderate,Inland,Man-made,,0.104578050216127,,24.0511160958,92.0128660923,Tripura,137.541572492525,1045.78050216127,Hydrological Layer,SAC N,Tank/Pond
2886,2886,1202,,No,Moderate,Inland,Man-made,,0.118604082804701,,24.0515265728,92.0139955464,Tripura,134.541620970461,1186.04082804701,Hydrological Layer,SAC N,Tank/Pond
2887,2887,1202,,No,Moderate,Inland,Man-made,,0.114025277454623,,24.0519463759,92.0140328479,Tripura,141.036095086971,1140.25277454623,Hydrological Layer,SAC N,Tank/Pond
2888,2888,1202,,No,Moderate,Inland,Man-made,,0.100974071783351,,24.0523680997,92.017621226,Tripura,129.889015624906,1009.74071783351,Hydrological Layer,SAC N,Tank/Pond
2889,2889,1202,,No,Moderate,Inland,Man-made,,0.152369877421335,,24.0525238437,92.0125233528,Tripura,157.287186336702,1523.69877421335,Hydrological Layer,SAC N,Tank/Pond
2890,2890,1202,,No,Moderate,Inland,Man-made,,0.191038714580842,,24.0529447619,92.0129618875,Tripura,192.324659070733,1910.38714580842,Hydrological Layer,SAC N,Tank/Pond
2891,2891,1202,,No,Moderate,Inland,Man-made,,0.112611521716742,,24.0527551045,92.012118652,Tripura,137.241002554246,1126.11521716742,Hydrological Layer,SAC N,Tank/Pond
2892,2892,1202,,No,Moderate,Inland,Man-made,,0.243272796965381,,24.0533948348,92.0114428883,Tripura,191.626873609202,2432.72796965381,Hydrological Layer,SAC N,Tank/Pond
2984,2984,1202,,No,Moderate,Inland,Man-made,,0.132724127360788,,23.6620182153,91.2460554655,Tripura,149.131563553728,1327.24127360788,Hydrological Layer,SAC N,Tank/Pond
2893,2893,1202,,No,Moderate,Inland,Man-made,,0.125459822244107,,24.0535922892,92.010760175,Tripura,147.788147822705,1254.59822244107,Hydrological Layer,SAC N,Tank/Pond
2894,2894,1202,,No,Moderate,Inland,Man-made,,0.105497409893392,,24.0543804386,92.0114438227,Tripura,152.609144082504,1054.97409893392,Hydrological Layer,SAC N,Tank/Pond
2895,2895,1202,,No,Moderate,Inland,Man-made,,0.100612479707319,,24.0541221086,92.0115857599,Tripura,129.825657719475,1006.12479707319,Hydrological Layer,SAC N,Tank/Pond
2896,2896,1202,,No,Moderate,Inland,Man-made,,0.115782785083943,,24.0542592254,92.0118291119,Tripura,133.875072655424,1157.82785083943,Hydrological Layer,SAC N,Tank/Pond
2897,2897,1202,,No,Moderate,Inland,Man-made,,0.112357932651638,,24.0543596638,92.0120787021,Tripura,138.990359521038,1123.57932651638,Hydrological Layer,SAC N,Tank/Pond
2898,2898,1202,,No,Moderate,Inland,Man-made,,0.593768915526791,,24.0543526603,92.0126970238,Tripura,309.901353241937,5937.68915526791,Hydrological Layer,SAC N,Tank/Pond
2899,2899,1202,,No,Moderate,Inland,Man-made,,0.106064911610489,,24.0554563335,92.0143080181,Tripura,125.844538950163,1060.64911610489,Hydrological Layer,SAC N,Tank/Pond
2900,2900,1202,,No,Moderate,Inland,Man-made,,0.284163217410646,,24.0555516972,92.0137489378,Tripura,215.65036660312,2841.63217410646,Hydrological Layer,SAC N,Tank/Pond
2901,2901,1202,,No,Moderate,Inland,Man-made,,0.582691775854209,,24.0518741008,92.0156336302,Tripura,376.098292637009,5826.91775854209,Hydrological Layer,SAC N,Tank/Pond
2902,2902,1202,,No,Moderate,Inland,Man-made,,0.384594736989948,,24.0569205022,92.0263552534,Tripura,294.59925583051,3845.94736989948,Hydrological Layer,SAC N,Tank/Pond
2903,2903,1202,,No,Moderate,Inland,Man-made,,0.20843473771516,,24.0575975913,92.02720607,Tripura,196.189384577372,2084.3473771516,Hydrological Layer,SAC N,Tank/Pond
2904,2904,1202,,No,Moderate,Inland,Man-made,,0.128278970586681,,24.0578359749,92.024068752,Tripura,144.108765544161,1282.78970586681,Hydrological Layer,SAC N,Tank/Pond
2905,2905,1202,,No,Moderate,Inland,Man-made,,0.458599036407107,,24.0585896385,92.0295568966,Tripura,335.14771197826,4585.99036407107,Hydrological Layer,SAC N,Tank/Pond
2906,2906,1202,,No,Moderate,Inland,Man-made,,0.20161468417097,,24.059795888,92.0242921172,Tripura,173.351586482456,2016.1468417097,Hydrological Layer,SAC N,Tank/Pond
2907,2907,1202,,No,Moderate,Inland,Man-made,,0.143675890822969,,24.0599723895,92.024930194,Tripura,185.677085542892,1436.75890822969,Hydrological Layer,SAC N,Tank/Pond
3018,3018,1202,,No,Moderate,Inland,Man-made,,0.140384853633529,,24.3828470731,92.154006282,Tripura,150.094242397563,1403.84853633529,Hydrological Layer,SAC N,Tank/Pond
2908,2908,1202,,No,Moderate,Inland,Man-made,,0.379549854156152,,24.0348121113,92.041478361,Tripura,378.195662908902,3795.49854156152,Hydrological Layer,SAC N,Tank/Pond
2909,2909,1202,,No,Moderate,Inland,Man-made,,0.550494347228243,,24.035325763,92.0390621342,Tripura,469.804079862127,5504.94347228243,Hydrological Layer,SAC N,Tank/Pond
5076,5076,1202,,No,Moderate,Inland,Man-made,,0.597063842343791,,23.1273733382,91.5256311039,Tripura,399.435314463815,5970.6384234379,Hydrological Layer,SAC N,Tank/Pond
2910,2910,1202,,No,Moderate,Inland,Man-made,,0.290009184345178,,24.0359154431,92.0422533014,Tripura,296.726276355019,2900.09184345178,Hydrological Layer,SAC N,Tank/Pond
2911,2911,1202,,No,Moderate,Inland,Man-made,,0.402767960572563,,24.0381720044,92.0338101167,Tripura,311.566609250126,4027.67960572563,Hydrological Layer,SAC N,Tank/Pond
2912,2912,1202,,No,Moderate,Inland,Man-made,,1.19894693939642,,24.0445073472,92.0328717136,Tripura,605.539535437981,11989.4693939642,Hydrological Layer,SAC N,Tank/Pond
2913,2913,1202,,No,Moderate,Inland,Man-made,,0.279545972594615,,23.9991282024,91.9598968609,Tripura,288.030389988836,2795.45972594616,Hydrological Layer,SAC N,Tank/Pond
2914,2914,1202,,No,Moderate,Inland,Man-made,,0.131018507352636,,23.9994411935,91.9580575977,Tripura,158.633225985134,1310.18507352636,Hydrological Layer,SAC N,Tank/Pond
2915,2915,1202,,No,Moderate,Inland,Man-made,,0.138291147672569,,24.0007407333,91.9569736923,Tripura,190.773735123469,1382.91147672569,Hydrological Layer,SAC N,Tank/Pond
2916,2916,1202,,No,Moderate,Inland,Man-made,,0.364892595124938,,24.0012973447,91.9544930722,Tripura,376.523266969756,3648.92595124938,Hydrological Layer,SAC N,Tank/Pond
2917,2917,1202,,No,Moderate,Inland,Man-made,,0.269920018835193,,24.0025038192,91.9583721736,Tripura,334.074548514823,2699.20018835193,Hydrological Layer,SAC N,Tank/Pond
2918,2918,1202,,No,Moderate,Inland,Man-made,,0.121721336242975,,24.0045208857,91.9566090609,Tripura,141.88281150501,1217.21336242975,Hydrological Layer,SAC N,Tank/Pond
2919,2919,1202,,No,Moderate,Inland,Man-made,,0.253002631407248,,24.0057233373,91.9560672949,Tripura,251.809797577106,2530.02631407248,Hydrological Layer,SAC N,Tank/Pond
2920,2920,1202,,No,Moderate,Inland,Man-made,,0.148971081556586,,24.0061224729,91.9550779208,Tripura,148.872989637223,1489.71081556586,Hydrological Layer,SAC N,Tank/Pond
2921,2921,1202,,No,Moderate,Inland,Man-made,,0.161426185564366,,24.0049717867,91.9598409065,Tripura,160.349191735082,1614.26185564366,Hydrological Layer,SAC N,Tank/Pond
2922,2922,1202,,No,Moderate,Inland,Man-made,,0.243033267339999,,24.0067748507,91.9609127296,Tripura,199.778742113644,2430.33267339999,Hydrological Layer,SAC N,Tank/Pond
2923,2923,1202,,No,Moderate,Inland,Man-made,,0.565480348732496,,24.0607534575,92.0250850757,Tripura,330.509257613912,5654.80348732496,Hydrological Layer,SAC N,Tank/Pond
2948,2948,1202,,No,Moderate,Inland,Man-made,,0.249728474656699,,23.9925685472,91.9450475937,Tripura,202.104226457431,2497.28474656699,Hydrological Layer,SAC N,Tank/Pond
2924,2924,1202,,No,Moderate,Inland,Man-made,,1.17622608915338,,24.0620084985,92.0262323998,Tripura,727.133906823909,11762.2608915338,Hydrological Layer,SAC N,Tank/Pond
2925,2925,1202,,No,Moderate,Inland,Man-made,,0.408638806561366,,24.0890069271,92.201297301,Tripura,269.848248050578,4086.38806561366,Hydrological Layer,SAC N,Tank/Pond
2926,2926,1202,,No,Moderate,Inland,Man-made,,0.52649905787429,,24.0895078005,92.2006091493,Tripura,337.546677899187,5264.9905787429,Hydrological Layer,SAC N,Tank/Pond
2927,2927,1202,,No,Moderate,Inland,Man-made,,0.182599191413499,,24.0926263779,92.1986063802,Tripura,172.525779608081,1825.99191413499,Hydrological Layer,SAC N,Tank/Pond
2928,2928,1202,,No,Moderate,Inland,Man-made,,0.908868345063751,,24.0923088105,92.190409088,Tripura,413.845665693857,9088.68345063751,Hydrological Layer,SAC N,Tank/Pond
2929,2929,1202,,No,Moderate,Inland,Man-made,,0.407375935510371,,24.0928280434,92.2003521223,Tripura,282.958388667174,4073.75935510371,Hydrological Layer,SAC N,Tank/Pond
2930,2930,1202,,No,Moderate,Inland,Man-made,,0.383805661739097,,24.1066971861,92.1970463442,Tripura,401.112358714357,3838.05661739097,Hydrological Layer,SAC N,Tank/Pond
2931,2931,1105,,No,Moderate,Inland,Natural,,0.989439667140574,,24.1699254091,92.2078682546,Tripura,622.779385560172,9894.39667140574,Hydrological Layer,SAC N,Waterlogged
2932,2932,1105,,No,Moderate,Inland,Natural,,1.93445201403084,,24.1724571996,92.2147962753,Tripura,1207.82559350133,19344.5201403084,Hydrological Layer,SAC N,Waterlogged
2956,2956,1202,,No,Moderate,Inland,Man-made,,0.211627267774877,,24.3466057105,91.9570349718,Tripura,191.754204581824,2116.27267774877,Hydrological Layer,SAC N,Tank/Pond
2933,2933,1105,,No,Moderate,Inland,Natural,,0.276463096831533,,24.1669069007,92.2120560334,Tripura,285.636119101379,2764.63096831533,Hydrological Layer,SAC N,Waterlogged
2934,2934,1202,,No,Moderate,Inland,Man-made,,0.541108129891112,,24.1689695071,92.2178865846,Tripura,310.739608584857,5411.08129891112,Hydrological Layer,SAC N,Tank/Pond
2935,2935,1202,,No,Moderate,Inland,Man-made,,0.472461032422479,,24.1693417399,92.214154995,Tripura,408.075860260262,4724.61032422479,Hydrological Layer,SAC N,Tank/Pond
2936,2936,1202,,No,Moderate,Inland,Man-made,,0.303578431004733,,24.1708539107,92.2185453894,Tripura,218.654531400469,3035.78431004733,Hydrological Layer,SAC N,Tank/Pond
2981,2981,1202,,No,Moderate,Inland,Man-made,,0.1362367598962,,23.6605515474,91.2468743243,Tripura,153.762563272534,1362.367598962,Hydrological Layer,SAC N,Tank/Pond
2937,2937,1202,,No,Moderate,Inland,Man-made,,0.580722424381138,,24.1638000229,92.2159622599,Tripura,501.171347335418,5807.22424381138,Hydrological Layer,SAC N,Tank/Pond
2938,2938,1202,,No,Moderate,Inland,Man-made,,0.404736174974633,,24.1678024389,92.2185927356,Tripura,289.802406680314,4047.36174974633,Hydrological Layer,SAC N,Tank/Pond
2939,2939,1202,,No,Moderate,Inland,Man-made,,0.907168130762047,,24.165343151,92.2417827737,Tripura,434.79552687223,9071.68130762047,Hydrological Layer,SAC N,Tank/Pond
2940,2940,1202,,No,Moderate,Inland,Man-made,,0.999484406262721,,24.1693981587,92.2365256011,Tripura,498.543416392506,9994.84406262721,Hydrological Layer,SAC N,Tank/Pond
2941,2941,1202,,No,Moderate,Inland,Man-made,,0.424034087444412,,24.1701284862,92.2407014869,Tripura,311.115859307216,4240.34087444412,Hydrological Layer,SAC N,Tank/Pond
3019,3019,1202,,No,Moderate,Inland,Man-made,,0.145894407975285,,24.494016431,92.1734557687,Tripura,155.26724820299,1458.94407975285,Hydrological Layer,SAC N,Tank/Pond
2942,2942,1202,,No,Moderate,Inland,Man-made,,2.27725019368198,,24.1712746231,92.2358112109,Tripura,800.383404357884,22772.5019368198,Hydrological Layer,SAC N,Tank/Pond
2943,2943,1202,,No,Moderate,Inland,Man-made,,1.27348192635496,,24.2411247514,92.2611709796,Tripura,498.858122876765,12734.8192635496,Hydrological Layer,SAC N,Tank/Pond
2957,2957,1202,,No,Moderate,Inland,Man-made,,0.20994195312974,,24.3466937614,91.9475290898,Tripura,219.203287399589,2099.4195312974,Hydrological Layer,SAC N,Tank/Pond
2944,2944,1202,,No,Moderate,Inland,Man-made,,0.827748652571577,,24.224594865,92.2541848878,Tripura,504.654882039324,8277.48652571577,Hydrological Layer,SAC N,Tank/Pond
2945,2945,1202,,No,Moderate,Inland,Man-made,,0.587551925533945,,24.2287035451,92.2584003675,Tripura,293.303992069406,5875.51925533945,Hydrological Layer,SAC N,Tank/Pond
2946,2946,1202,,No,Moderate,Inland,Man-made,,1.81317761721511,,24.2131004804,92.2616397249,Tripura,787.361360965812,18131.7761721511,Hydrological Layer,SAC N,Tank/Pond
2947,2947,1202,,No,Moderate,Inland,Man-made,,0.678657945613329,,24.2274806803,92.2583908065,Tripura,325.017905712958,6786.57945613329,Hydrological Layer,SAC N,Tank/Pond
2982,2982,1202,,No,Moderate,Inland,Man-made,,0.105380365155858,,23.6611361824,91.2477253484,Tripura,130.774456198177,1053.80365155858,Hydrological Layer,SAC N,Tank/Pond
2949,2949,1202,,No,Moderate,Inland,Man-made,,0.587406264873249,,24.0315043319,92.1912185492,Tripura,684.389536575714,5874.06264873249,Hydrological Layer,SAC N,Tank/Pond
2950,2950,1202,,No,Moderate,Inland,Man-made,,1.29662205924167,,24.0205169516,92.2010328914,Tripura,544.174940813158,12966.2205924167,Hydrological Layer,SAC N,Tank/Pond
2951,2951,1202,,No,Moderate,Inland,Man-made,,0.209783188654426,,24.0221117298,92.1901661757,Tripura,195.610676199981,2097.83188654426,Hydrological Layer,SAC N,Tank/Pond
3021,3021,1202,,No,Moderate,Inland,Man-made,,0.149794581337889,,24.5243362472,92.1683896504,Tripura,160.316871642094,1497.94581337889,Hydrological Layer,SAC N,Tank/Pond
2952,2952,1202,,No,Moderate,Inland,Man-made,,1.15304618582261,,24.3251873923,91.9549373549,Tripura,583.924935242414,11530.4618582261,Hydrological Layer,SAC N,Tank/Pond
2953,2953,1202,,No,Moderate,Inland,Man-made,,0.266005442626046,,24.3443481274,91.9489106305,Tripura,250.367027749182,2660.05442626046,Hydrological Layer,SAC N,Tank/Pond
2954,2954,1202,,No,Moderate,Inland,Man-made,,1.20771187392759,,24.3454098148,91.9555090015,Tripura,781.327319994777,12077.1187392759,Hydrological Layer,SAC N,Tank/Pond
2958,2958,1202,,No,Moderate,Inland,Man-made,,0.175008308426861,,24.3473745698,91.9490228732,Tripura,176.176811368249,1750.08308426861,Hydrological Layer,SAC N,Tank/Pond
2959,2959,1202,,No,Moderate,Inland,Man-made,,0.662745019814955,,24.3489326549,91.9595234702,Tripura,319.581271720645,6627.45019814955,Hydrological Layer,SAC N,Tank/Pond
2960,2960,1202,,No,Moderate,Inland,Man-made,,0.138234268729776,,24.3497435608,91.9574395974,Tripura,150.953921228469,1382.34268729776,Hydrological Layer,SAC N,Tank/Pond
2961,2961,1202,,No,Moderate,Inland,Man-made,,0.17584185576278,,24.3502150282,91.9554121628,Tripura,172.392534062906,1758.41855762781,Hydrological Layer,SAC N,Tank/Pond
2962,2962,1202,,No,Moderate,Inland,Man-made,,0.262218677920395,,24.3507455487,91.9556336165,Tripura,207.48938438879,2622.18677920395,Hydrological Layer,SAC N,Tank/Pond
2963,2963,1202,,No,Moderate,Inland,Man-made,,0.936074981822035,,24.3505450994,91.9578853102,Tripura,392.15782533507,9360.74981822035,Hydrological Layer,SAC N,Tank/Pond
2964,2964,1202,,No,Moderate,Inland,Man-made,,0.332713621127368,,24.3516581267,91.9557907347,Tripura,238.041099013234,3327.13621127368,Hydrological Layer,SAC N,Tank/Pond
2965,2965,1202,,No,Moderate,Inland,Man-made,,0.314252136633578,,24.3515395696,91.9579642254,Tripura,237.047942669642,3142.52136633578,Hydrological Layer,SAC N,Tank/Pond
2966,2966,1202,,No,Moderate,Inland,Man-made,,0.489923849429326,,24.3515276416,91.9548720571,Tripura,289.839145463723,4899.23849429326,Hydrological Layer,SAC N,Tank/Pond
2983,2983,1202,,No,Moderate,Inland,Man-made,,0.107988445819546,,23.6615899381,91.2480583375,Tripura,140.739398239526,1079.88445819546,Hydrological Layer,SAC N,Tank/Pond
2967,2967,1202,,Yes,High,Inland,Man-made,,1.94689117276879,,23.4984679383,91.8650841096,Tripura,1403.67818766594,19468.9117276879,Hydrological Layer,SAC N,Tank/Pond
3022,3022,1202,,No,Moderate,Inland,Man-made,,0.105084857403527,,24.5253345089,92.1675978318,Tripura,143.561943312188,1050.84857403527,Hydrological Layer,SAC N,Tank/Pond
2968,2968,1202,,Yes,High,Inland,Man-made,,1.02436065263899,,23.5041750692,91.8746840146,Tripura,594.755698309627,10243.6065263899,Hydrological Layer,SAC N,Tank/Pond
2969,2969,1202,,Yes,High,Inland,Man-made,,0.375286385187456,,23.5055988995,91.8764448054,Tripura,306.085856365334,3752.86385187456,Hydrological Layer,SAC N,Tank/Pond
2970,2970,1202,,No,Moderate,Inland,Man-made,,0.636200570962121,,23.503418107,91.8802378973,Tripura,552.606865960589,6362.00570962121,Hydrological Layer,SAC N,Tank/Pond
2971,2971,1202,,Yes,High,Inland,Man-made,,0.149007262643511,,23.4991167373,91.3275630146,Tripura,155.22321517383,1490.07262643511,Hydrological Layer,SAC N,Tank/Pond
2972,2972,1202,,Yes,High,Inland,Man-made,,0.850998916539453,,23.497686626,91.3246521998,Tripura,455.175491251689,8509.98916539453,Hydrological Layer,SAC N,Tank/Pond
2973,2973,1202,,Yes,High,Inland,Man-made,,0.114920796069822,,23.4997106259,91.3246358087,Tripura,136.008488497174,1149.20796069822,Hydrological Layer,SAC N,Tank/Pond
2974,2974,1202,,Yes,High,Inland,Man-made,,0.119149537367088,,23.4959460688,91.3262633195,Tripura,139.379191449627,1191.49537367088,Hydrological Layer,SAC N,Tank/Pond
2975,2975,1202,,Yes,High,Inland,Man-made,,0.127605518654962,,23.4960269187,91.3226908843,Tripura,150.991479871032,1276.05518654962,Hydrological Layer,SAC N,Tank/Pond
2976,2976,1202,,No,Moderate,Inland,Man-made,,0.31734393435485,,23.5340399748,91.5073753588,Tripura,226.600899155438,3173.4393435485,Hydrological Layer,SAC N,Tank/Pond
2977,2977,1202,,No,Moderate,Inland,Man-made,,0.756197178651775,,23.5390885871,91.5079035551,Tripura,359.616860131632,7561.97178651775,Hydrological Layer,SAC N,Tank/Pond
2978,2978,1202,,No,Moderate,Inland,Man-made,,0.108727268526323,,23.6499516893,91.2142662896,Tripura,130.264694389031,1087.27268526323,Hydrological Layer,SAC N,Tank/Pond
2979,2979,1202,,No,Moderate,Inland,Man-made,,0.503589630315334,,23.6500536438,91.2150018437,Tripura,389.147803376317,5035.89630315334,Hydrological Layer,SAC N,Tank/Pond
2980,2980,1202,,No,Moderate,Inland,Man-made,,0.193654422716465,,23.6484386965,91.2116020808,Tripura,179.644490994639,1936.54422716465,Hydrological Layer,SAC N,Tank/Pond
2985,2985,1202,,No,Moderate,Inland,Man-made,,0.100360636593341,,23.6953381594,91.4367107506,Tripura,130.585104072283,1003.60636593341,Hydrological Layer,SAC N,Tank/Pond
2986,2986,1202,,No,Moderate,Inland,Man-made,,0.211059359499678,,23.6971469166,91.4389004775,Tripura,183.779636115861,2110.59359499678,Hydrological Layer,SAC N,Tank/Pond
2987,2987,1202,,Yes,High,Inland,Man-made,,0.298666826298688,,23.5692016229,91.8001015323,Tripura,224.000855566171,2986.66826298688,Hydrological Layer,SAC N,Tank/Pond
2988,2988,1202,,Yes,High,Inland,Man-made,,0.130088775386576,,23.569807576,91.7966746837,Tripura,209.836353340299,1300.88775386576,Hydrological Layer,SAC N,Tank/Pond
2989,2989,1202,,Yes,High,Inland,Man-made,,0.269776119453617,,23.5707346746,91.8000351164,Tripura,326.796726867501,2697.76119453617,Hydrological Layer,SAC N,Tank/Pond
2990,2990,1202,,Yes,High,Inland,Man-made,,0.179429315938128,,23.5716789208,91.7979581394,Tripura,372.680741817687,1794.29315938128,Hydrological Layer,SAC N,Tank/Pond
2991,2991,1202,,Yes,High,Inland,Man-made,,0.12472418647198,,23.5688043399,91.8049326895,Tripura,165.405386136177,1247.2418647198,Hydrological Layer,SAC N,Tank/Pond
2992,2992,1202,,Yes,High,Inland,Man-made,,0.415081715099125,,23.5701858057,91.8065788245,Tripura,536.203658652809,4150.81715099125,Hydrological Layer,SAC N,Tank/Pond
2993,2993,1202,,Yes,High,Inland,Man-made,,0.266047997269861,,23.5676688818,91.7893298961,Tripura,504.711152345378,2660.47997269861,Hydrological Layer,SAC N,Tank/Pond
2994,2994,1202,,Yes,High,Inland,Man-made,,0.11678892662501,,23.568537,91.7892623173,Tripura,227.608203668371,1167.8892662501,Hydrological Layer,SAC N,Tank/Pond
2995,2995,1202,,Yes,High,Inland,Man-made,,0.172063135356134,,23.5792671126,91.8078715993,Tripura,176.037949512634,1720.63135356134,Hydrological Layer,SAC N,Tank/Pond
2996,2996,1202,,Yes,High,Inland,Man-made,,0.144872027225071,,23.5804575809,91.809328776,Tripura,191.440503586521,1448.72027225071,Hydrological Layer,SAC N,Tank/Pond
3020,3020,1202,,No,Moderate,Inland,Man-made,,0.200040359117583,,24.5241354627,92.1699801269,Tripura,192.353947658596,2000.40359117584,Hydrological Layer,SAC N,Tank/Pond
2997,2997,1202,,Yes,High,Inland,Man-made,,0.332436386315001,,23.5804773177,91.8082889061,Tripura,433.42028170863,3324.36386315001,Hydrological Layer,SAC N,Tank/Pond
2998,2998,1202,,No,Moderate,Inland,Man-made,,0.224666890673857,,23.7013013578,91.4895180943,Tripura,193.441440019974,2246.66890673857,Hydrological Layer,SAC N,Tank/Pond
2999,2999,1202,,No,Moderate,Inland,Man-made,,0.40419199075679,,23.7015662639,91.4831401562,Tripura,338.306996271873,4041.9199075679,Hydrological Layer,SAC N,Tank/Pond
3000,3000,1202,,No,Moderate,Inland,Man-made,,0.109676868844954,,23.7127951437,91.4267520371,Tripura,140.480394623958,1096.76868844954,Hydrological Layer,SAC N,Tank/Pond
3001,3001,1202,,No,Moderate,Inland,Man-made,,0.954806556284875,,24.0065833593,91.9719914858,Tripura,488.366904715837,9548.06556284875,Hydrological Layer,SAC N,Tank/Pond
3002,3002,1202,,No,Moderate,Inland,Man-made,,0.408978341275423,,24.0077351619,91.9740217403,Tripura,269.768879134812,4089.78341275423,Hydrological Layer,SAC N,Tank/Pond
3003,3003,1202,,No,Moderate,Inland,Man-made,,0.241702226181863,,24.0079124231,91.9746192248,Tripura,200.754023269938,2417.02226181863,Hydrological Layer,SAC N,Tank/Pond
3004,3004,1202,,No,Moderate,Inland,Man-made,,0.128728171673316,,24.420544649,92.1537806351,Tripura,145.689435733617,1287.28171673316,Hydrological Layer,SAC N,Tank/Pond
3005,3005,1202,,No,Moderate,Inland,Man-made,,0.20718832752535,,24.4212817538,92.1541980662,Tripura,182.698980968741,2071.8832752535,Hydrological Layer,SAC N,Tank/Pond
3006,3006,1202,,No,Moderate,Inland,Man-made,,0.103907944321598,,24.4157366003,92.1540451522,Tripura,130.162462355667,1039.07944321598,Hydrological Layer,SAC N,Tank/Pond
3007,3007,1202,,No,Moderate,Inland,Man-made,,0.106687963124157,,24.4157972356,92.1513813094,Tripura,141.762676184994,1066.87963124157,Hydrological Layer,SAC N,Tank/Pond
3008,3008,1202,,No,Moderate,Inland,Man-made,,0.1166221871992,,24.4139023447,92.1497639241,Tripura,137.149447620688,1166.221871992,Hydrological Layer,SAC N,Tank/Pond
3009,3009,1202,,No,Moderate,Inland,Man-made,,0.13798539498962,,24.4146246444,92.1535365775,Tripura,150.500022681403,1379.8539498962,Hydrological Layer,SAC N,Tank/Pond
3010,3010,1202,,No,Moderate,Inland,Man-made,,0.156254435344696,,24.4127749679,92.1570534674,Tripura,158.920579605237,1562.54435344696,Hydrological Layer,SAC N,Tank/Pond
3011,3011,1202,,No,Moderate,Inland,Man-made,,0.130929792786375,,24.406121868,92.1565627628,Tripura,148.536566287813,1309.29792786375,Hydrological Layer,SAC N,Tank/Pond
3012,3012,1202,,No,Moderate,Inland,Man-made,,0.511517901625603,,24.407813394,92.159505296,Tripura,298.929919741242,5115.17901625602,Hydrological Layer,SAC N,Tank/Pond
3013,3013,1202,,No,Moderate,Inland,Man-made,,0.101044335590695,,24.3994880382,92.1481435618,Tripura,129.608297235863,1010.44335590695,Hydrological Layer,SAC N,Tank/Pond
3014,3014,1202,,No,Moderate,Inland,Man-made,,0.22078336007107,,24.3961638672,92.1492813136,Tripura,189.261496655037,2207.8336007107,Hydrological Layer,SAC N,Tank/Pond
3015,3015,1202,,No,Moderate,Inland,Man-made,,0.270565304653254,,24.3956633091,92.1492740643,Tripura,203.204964777334,2705.65304653254,Hydrological Layer,SAC N,Tank/Pond
3016,3016,1202,,No,Moderate,Inland,Man-made,,0.221610162221984,,24.3786688582,92.1605308733,Tripura,191.24141955298,2216.10162221984,Hydrological Layer,SAC N,Tank/Pond
3017,3017,1202,,No,Moderate,Inland,Man-made,,0.311017692529693,,24.3787466004,92.1612866349,Tripura,243.251487374368,3110.17692529693,Hydrological Layer,SAC N,Tank/Pond
3023,3023,1202,,No,Moderate,Inland,Man-made,,0.193654818382313,,24.5279983686,92.1667323134,Tripura,182.276361708147,1936.54818382313,Hydrological Layer,SAC N,Tank/Pond
3024,3024,1202,,No,Moderate,Inland,Man-made,,0.203949228228426,,24.5214777938,92.1700726321,Tripura,185.991592661261,2039.49228228426,Hydrological Layer,SAC N,Tank/Pond
3025,3025,1202,,No,Moderate,Inland,Man-made,,0.261112563250143,,24.5214843121,92.168954596,Tripura,208.654494646252,2611.12563250143,Hydrological Layer,SAC N,Tank/Pond
3026,3026,1202,,No,Moderate,Inland,Man-made,,0.263265467242099,,24.4903446436,92.1788106007,Tripura,218.841940264737,2632.65467242099,Hydrological Layer,SAC N,Tank/Pond
3027,3027,1202,,No,Moderate,Inland,Man-made,,0.113575620145079,,24.513943211,92.1903106669,Tripura,142.851760144591,1135.75620145079,Hydrological Layer,SAC N,Tank/Pond
3028,3028,1202,,No,Moderate,Inland,Man-made,,0.355122493842439,,24.5147570421,92.1878109625,Tripura,305.702230396779,3551.22493842439,Hydrological Layer,SAC N,Tank/Pond
3029,3029,1202,,No,Moderate,Inland,Man-made,,0.700503761790092,,24.4311667253,92.2392975735,Tripura,339.677139577896,7005.03761790092,Hydrological Layer,SAC N,Tank/Pond
3030,3030,1202,,No,Moderate,Inland,Man-made,,0.126448992469024,,24.4359482633,92.2257291369,Tripura,143.27599406851,1264.48992469024,Hydrological Layer,SAC N,Tank/Pond
3031,3031,1202,,No,Moderate,Inland,Man-made,,0.53630430661493,,24.406667266,92.2437589087,Tripura,512.177670107306,5363.0430661493,Hydrological Layer,SAC N,Tank/Pond
3032,3032,1202,,No,Moderate,Inland,Man-made,,0.427989494991727,,24.4093738172,92.2430207525,Tripura,391.870028395679,4279.89494991727,Hydrological Layer,SAC N,Tank/Pond
3033,3033,1202,,No,Moderate,Inland,Man-made,,0.122744264295443,,24.4118164719,92.2410496224,Tripura,145.197039247432,1227.44264295443,Hydrological Layer,SAC N,Tank/Pond
3034,3034,1202,,No,Moderate,Inland,Man-made,,0.124360754344539,,24.4090762168,92.2363292242,Tripura,142.30714071736,1243.60754344539,Hydrological Layer,SAC N,Tank/Pond
3035,3035,1202,,No,Moderate,Inland,Man-made,,0.177758528280666,,24.4119844734,92.2404815176,Tripura,174.15083719769,1777.58528280666,Hydrological Layer,SAC N,Tank/Pond
3036,3036,1202,,No,Moderate,Inland,Man-made,,0.288538461219259,,24.4019327276,92.2207757328,Tripura,218.686011465836,2885.38461219259,Hydrological Layer,SAC N,Tank/Pond
3037,3037,1202,,No,Moderate,Inland,Man-made,,0.160569433299871,,24.40615704,92.2318862186,Tripura,170.420731308224,1605.69433299871,Hydrological Layer,SAC N,Tank/Pond
3038,3038,1202,,No,Moderate,Inland,Man-made,,0.220647883129172,,24.4087298305,92.2265459421,Tripura,190.667208558989,2206.47883129172,Hydrological Layer,SAC N,Tank/Pond
3039,3039,1202,,No,Moderate,Inland,Man-made,,0.259494416340139,,24.401693069,92.2050068374,Tripura,205.828091302907,2594.94416340139,Hydrological Layer,SAC N,Tank/Pond
3040,3040,1202,,No,Moderate,Inland,Man-made,,0.239234306521384,,24.4028571359,92.199471177,Tripura,202.837998000172,2392.34306521384,Hydrological Layer,SAC N,Tank/Pond
3041,3041,1202,,No,Moderate,Inland,Man-made,,0.27415006833351,,24.403706576,92.2024531638,Tripura,209.983245461723,2741.5006833351,Hydrological Layer,SAC N,Tank/Pond
3042,3042,1202,,No,Moderate,Inland,Man-made,,0.260787493946264,,24.4039139657,92.1988182205,Tripura,216.844196946929,2607.87493946264,Hydrological Layer,SAC N,Tank/Pond
3043,3043,1202,,No,Moderate,Inland,Man-made,,0.367503330344597,,24.4078372082,92.1929918308,Tripura,248.039493742013,3675.03330344597,Hydrological Layer,SAC N,Tank/Pond
3044,3044,1202,,NA,NA,Inland,Man-made,,1.76690696848313,,23.5167571725,91.5899268489,Tripura,753.182193496197,17669.0696848313,Hydrological Layer,SAC N,Tank/Pond
3045,3045,1202,,NA,NA,Inland,Man-made,,0.549906369507621,,23.5186891675,91.5895603026,Tripura,334.990180592217,5499.06369507621,Hydrological Layer,SAC N,Tank/Pond
3046,3046,1202,,NA,NA,Inland,Man-made,,0.658438697054616,,23.519045527,91.5920177313,Tripura,472.320893147169,6584.38697054616,Hydrological Layer,SAC N,Tank/Pond
3047,3047,1202,,NA,NA,Inland,Man-made,,0.503828467321126,,23.5188462955,91.5960244013,Tripura,413.688619330454,5038.28467321126,Hydrological Layer,SAC N,Tank/Pond
3048,3048,1202,,NA,NA,Inland,Man-made,,1.09787260592149,,23.3400956322,91.6166163821,Tripura,604.167133506969,10978.7260592149,Hydrological Layer,SAC N,Tank/Pond
3049,3049,1202,,NA,NA,Inland,Man-made,,0.504981638360496,,23.3446166367,91.6079684455,Tripura,439.918333709505,5049.81638360496,Hydrological Layer,SAC N,Tank/Pond
3050,3050,1202,,NA,NA,Inland,Man-made,,0.422909373563519,,23.3398166356,91.6217402045,Tripura,261.714596497117,4229.09373563519,Hydrological Layer,SAC N,Tank/Pond
3051,3051,1202,,NA,NA,Inland,Man-made,,1.68894415778937,,23.2656752315,91.6819251447,Tripura,1042.70655538784,16889.4415778937,Hydrological Layer,SAC N,Tank/Pond
3052,3052,1202,,NA,NA,Inland,Man-made,,1.53499521110535,,23.2705715652,91.694557885,Tripura,892.900937214798,15349.9521110535,Hydrological Layer,SAC N,Tank/Pond
3053,3053,1202,,NA,NA,Inland,Man-made,,0.942286730173312,,23.2509397275,91.7245504553,Tripura,579.107977154004,9422.86730173312,Hydrological Layer,SAC N,Tank/Pond
3054,3054,1202,,NA,NA,Inland,Man-made,,2.36909153148731,,23.2216334834,91.7731875001,Tripura,1786.84767663811,23690.9153148731,Hydrological Layer,SAC N,Tank/Pond
3105,3105,1202,,No,Moderate,Inland,Man-made,,0.268086507808519,,24.4981329301,92.2147111011,Tripura,212.103950811675,2680.86507808519,Hydrological Layer,SAC N,Tank/Pond
3055,3055,1202,,NA,NA,Inland,Man-made,,2.41851162733521,,23.2293777301,91.7611811212,Tripura,1179.19352324822,24185.1162733521,Hydrological Layer,SAC N,Tank/Pond
3056,3056,1202,,NA,NA,Inland,Man-made,,1.05593074329703,,23.2041266785,91.7713014178,Tripura,537.382887776469,10559.3074329703,Hydrological Layer,SAC N,Tank/Pond
3057,3057,1202,,NA,NA,Inland,Man-made,,0.589013930227084,,23.2050526038,91.7727797206,Tripura,393.592043157876,5890.13930227084,Hydrological Layer,SAC N,Tank/Pond
3058,3058,1202,,NA,NA,Inland,Man-made,,0.527289862726029,,23.1974174756,91.7921884346,Tripura,302.359262752951,5272.89862726029,Hydrological Layer,SAC N,Tank/Pond
3059,3059,1202,,NA,NA,Inland,Man-made,,1.21566918547508,,23.1403552475,91.6876469576,Tripura,447.342553796773,12156.6918547508,Hydrological Layer,SAC N,Tank/Pond
3224,3224,1202,,No,Moderate,Inland,Man-made,,0.213368409539025,,24.3585670563,92.1960033749,Tripura,187.331213324621,2133.68409539025,Hydrological Layer,SAC N,Tank/Pond
3060,3060,1202,,NA,NA,Inland,Man-made,,0.326886931587382,,23.0864489878,91.6307097381,Tripura,280.736937728768,3268.86931587382,Hydrological Layer,SAC N,Tank/Pond
3061,3061,1202,,NA,NA,Inland,Man-made,,0.458009089324745,,23.0894595361,91.6324692913,Tripura,424.944352386534,4580.09089324745,Hydrological Layer,SAC N,Tank/Pond
3062,3062,1202,,NA,NA,Inland,Man-made,,0.799384752485539,,23.0864975265,91.635307797,Tripura,433.15557993665,7993.84752485539,Hydrological Layer,SAC N,Tank/Pond
3063,3063,1202,,NA,NA,Inland,Man-made,,0.502388378725426,,23.0872161753,91.6450149035,Tripura,282.458103470562,5023.88378725426,Hydrological Layer,SAC N,Tank/Pond
3064,3064,1202,,NA,NA,Inland,Man-made,,2.35155277653194,,23.1116120537,91.6812380082,Tripura,1545.1554608087,23515.5277653194,Hydrological Layer,SAC N,Tank/Pond
3065,3065,1202,,NA,NA,Inland,Man-made,,0.434759195256308,,23.1104601663,91.6793012457,Tripura,337.320525766582,4347.59195256308,Hydrological Layer,SAC N,Tank/Pond
3066,3066,1202,,NA,NA,Inland,Man-made,,0.669318726358432,,23.1116086972,91.6786662107,Tripura,520.995460331106,6693.18726358432,Hydrological Layer,SAC N,Tank/Pond
3067,3067,1202,,NA,NA,Inland,Man-made,,0.366811809204058,,23.1100111213,91.680112094,Tripura,356.049558471705,3668.11809204058,Hydrological Layer,SAC N,Tank/Pond
3161,3161,1202,,No,Moderate,Inland,Man-made,,0.157979883039936,,24.3944460659,92.1924054879,Tripura,159.99343158721,1579.79883039936,Hydrological Layer,SAC N,Tank/Pond
3068,3068,1202,,NA,NA,Inland,Man-made,,3.08619949772749,,23.1200223297,91.6274675021,Tripura,1563.26639622011,30861.9949772749,Hydrological Layer,SAC N,Tank/Pond
3069,3069,1202,,NA,NA,Inland,Man-made,,0.247137376341986,,23.1180233879,91.6290011412,Tripura,237.895724416731,2471.37376341986,Hydrological Layer,SAC N,Tank/Pond
3070,3070,1202,,NA,NA,Inland,Man-made,,0.923753850071208,,23.5562448275,91.8166276131,Tripura,683.74676793649,9237.53850071208,Hydrological Layer,SAC N,Tank/Pond
3071,3071,1202,,NA,NA,Inland,Man-made,,0.638278845613046,,23.5592785593,91.8153843657,Tripura,434.794209782287,6382.78845613046,Hydrological Layer,SAC N,Tank/Pond
3072,3072,1202,,NA,NA,Inland,Man-made,,0.582302903599462,,23.5599615513,91.8146146727,Tripura,362.801035602577,5823.02903599462,Hydrological Layer,SAC N,Tank/Pond
3073,3073,1202,,NA,NA,Inland,Man-made,,0.49194216657953,,23.5607106178,91.813766987,Tripura,328.10714283635,4919.4216657953,Hydrological Layer,SAC N,Tank/Pond
3074,3074,1202,,NA,NA,Inland,Man-made,,0.347526384105995,,23.5615000842,91.8137886872,Tripura,290.429681485982,3475.26384105995,Hydrological Layer,SAC N,Tank/Pond
3091,3091,1202,,NA,NA,Inland,Man-made,,1.21211668331857,,23.4960191203,91.3122619589,Tripura,538.256002484256,12121.1668331857,Hydrological Layer,SAC N,Tank/Pond
3089,3089,1201,Dumbur Lake (Gomati Reservoir),No,Moderate,Inland,Man-made,,5123.24216315102,,23.4888031222,91.851557555,Tripura,883489.379092514,51232421.6315102,Hydrological Layer,SAC N,Reservoir/Barrage
3075,3075,1104,,NA,NA,Inland,Natural,,13.1128900010073,,23.5094770566,91.9019798088,Tripura,4692.78786188922,131128.900010073,Hydrological Layer,SAC N,Riverine Wetlands
3090,3090,1202,,Yes,High,Inland,Man-made,,2.01742198623779,,23.4901579256,91.3232936557,Tripura,643.271686157854,20174.2198623779,Hydrological Layer,SAC N,Tank/Pond
3106,3106,1202,,No,Moderate,Inland,Man-made,,0.207619308967559,,24.4949565936,92.216545199,Tripura,187.597371367757,2076.19308967559,Hydrological Layer,SAC N,Tank/Pond
3107,3107,1202,,No,Moderate,Inland,Man-made,,0.199981992512124,,24.4943494598,92.2172622048,Tripura,181.879784661676,1999.81992512124,Hydrological Layer,SAC N,Tank/Pond
3076,3076,1202,,NA,NA,Inland,Man-made,,3.32556441755203,,23.5071775729,91.8894834872,Tripura,2532.19260407812,33255.6441755203,Hydrological Layer,SAC N,Tank/Pond
3077,3077,1202,,NA,NA,Inland,Man-made,,1.82264832459617,,23.5235636813,91.890665268,Tripura,1177.37231976965,18226.4832459617,Hydrological Layer,SAC N,Tank/Pond
3078,3078,1202,,Yes,High,Inland,Man-made,,1.30711667210077,,23.9652506065,91.3922511716,Tripura,971.687925157299,13071.1667210077,Hydrological Layer,SAC N,Tank/Pond
3092,3092,1202,,NA,NA,Inland,Man-made,,0.560269799282991,,23.5052054334,91.3220350102,Tripura,300.843784463842,5602.69799282991,Hydrological Layer,SAC N,Tank/Pond
3093,3093,1202,,NA,NA,Inland,Man-made,,0.923935861886681,,23.5079375667,91.3041693213,Tripura,494.098636145218,9239.35861886681,Hydrological Layer,SAC N,Tank/Pond
3094,3094,1202,,NA,NA,Inland,Man-made,,2.10123510858492,,23.5140939529,91.2819502503,Tripura,808.857985818549,21012.3510858492,Hydrological Layer,SAC N,Tank/Pond
3095,3095,1202,,NA,NA,Inland,Man-made,,3.3105676513814,,23.5304628094,91.3183286983,Tripura,1030.53353908687,33105.676513814,Hydrological Layer,SAC N,Tank/Pond
3108,3108,1202,,No,Moderate,Inland,Man-made,,0.256296310120401,,24.4937669075,92.21725526,Tripura,204.654685436098,2562.96310120401,Hydrological Layer,SAC N,Tank/Pond
3109,3109,1202,,No,Moderate,Inland,Man-made,,0.226532379231711,,24.4934603777,92.2178907717,Tripura,192.859359404043,2265.32379231711,Hydrological Layer,SAC N,Tank/Pond
3110,3110,1202,,No,Moderate,Inland,Man-made,,0.103203352977839,,24.4916418534,92.215335845,Tripura,120.108137273234,1032.03352977839,Hydrological Layer,SAC N,Tank/Pond
3111,3111,1202,,No,Moderate,Inland,Man-made,,0.13363412051086,,24.4924155804,92.2179225018,Tripura,154.044673061188,1336.3412051086,Hydrological Layer,SAC N,Tank/Pond
3112,3112,1202,,No,Moderate,Inland,Man-made,,0.189857540290947,,24.4950430578,92.2147391317,Tripura,171.811025241304,1898.57540290947,Hydrological Layer,SAC N,Tank/Pond
3079,3079,1101,,No,Moderate,Inland,Natural,,13.2547136647288,,23.4915067637,91.2750933096,Tripura,2025.78883540255,132547.136647288,Hydrological Layer,SAC N,Lake/Pond
3080,3080,1101,,No,Moderate,Inland,Natural,,4.13238233033273,,23.5187030259,91.4538594702,Tripura,2318.28307707069,41323.8233033273,Hydrological Layer,SAC N,Lake/Pond
3096,3096,1202,,NA,NA,Inland,Man-made,,0.571562758000014,,23.5344279236,91.3169823145,Tripura,310.904774866307,5715.62758000014,Hydrological Layer,SAC N,Tank/Pond
3097,3097,1202,,NA,NA,Inland,Man-made,,0.467748911171737,,24.5252773212,92.1700691908,Tripura,310.935194216693,4677.48911171737,Hydrological Layer,SAC N,Tank/Pond
3098,3098,1202,,No,Moderate,Inland,Man-made,,0.174094773675504,,24.5250052626,92.1630805611,Tripura,173.847605983848,1740.94773675504,Hydrological Layer,SAC N,Tank/Pond
3099,3099,1202,,No,Moderate,Inland,Man-made,,0.288703524021693,,24.5260161121,92.1631833648,Tripura,228.16523337099,2887.03524021693,Hydrological Layer,SAC N,Tank/Pond
3100,3100,1202,,No,Moderate,Inland,Man-made,,0.135137331332282,,24.5201382063,92.1637066495,Tripura,151.895875769305,1351.37331332282,Hydrological Layer,SAC N,Tank/Pond
3101,3101,1202,,No,Moderate,Inland,Man-made,,0.150198046729233,,24.5185662793,92.1656559543,Tripura,156.178853205138,1501.98046729233,Hydrological Layer,SAC N,Tank/Pond
3102,3102,1202,,No,Moderate,Inland,Man-made,,0.386522631226109,,24.515369334,92.1641794898,Tripura,271.884496716123,3865.22631226109,Hydrological Layer,SAC N,Tank/Pond
3103,3103,1202,,No,Moderate,Inland,Man-made,,0.221713058936377,,24.4988401298,92.2134365556,Tripura,208.874375815632,2217.13058936378,Hydrological Layer,SAC N,Tank/Pond
3104,3104,1202,,No,Moderate,Inland,Man-made,,0.353165520210911,,24.5003786642,92.2156945456,Tripura,263.642065342824,3531.65520210911,Hydrological Layer,SAC N,Tank/Pond
5077,5077,1202,,No,Moderate,Inland,Man-made,,1.1410165069902,,23.1322414147,91.5193727516,Tripura,686.670328709293,11410.165069902,Hydrological Layer,SAC N,Tank/Pond
5078,5078,1202,,No,Moderate,Inland,Man-made,,0.363701926748734,,23.1317476904,91.5218904688,Tripura,267.966615942253,3637.01926748734,Hydrological Layer,SAC N,Tank/Pond
5079,5079,1202,,No,Moderate,Inland,Man-made,,1.08867307313742,,23.1192851172,91.5512215728,Tripura,654.870725582214,10886.7307313742,Hydrological Layer,SAC N,Tank/Pond
5080,5080,1202,,No,Moderate,Inland,Man-made,,0.73986056395156,,23.1094528628,91.5407012544,Tripura,350.680249311715,7398.6056395156,Hydrological Layer,SAC N,Tank/Pond
5081,5081,1202,,No,Moderate,Inland,Man-made,,1.92032767152909,,23.1060844214,91.5470093691,Tripura,1706.01538019021,19203.2767152909,Hydrological Layer,SAC N,Tank/Pond
5082,5082,1202,,No,Moderate,Inland,Man-made,,0.439265908742816,,23.1045973786,91.5518701129,Tripura,288.610551930509,4392.65908742816,Hydrological Layer,SAC N,Tank/Pond
5083,5083,1202,,No,Moderate,Inland,Man-made,,0.631383172547586,,23.1010621305,91.5476483341,Tripura,543.186860474366,6313.83172547586,Hydrological Layer,SAC N,Tank/Pond
3081,3081,1203,,No,Moderate,Inland,Man-made,,5.96023876783721,,24.382466894,92.2461868228,Tripura,4063.57662068994,59602.3876783721,Hydrological Layer,SAC N,Waterlogged
3082,3082,1202,,No,Moderate,Inland,Man-made,,0.580674824413393,,24.3927172953,92.2206741181,Tripura,378.328550182945,5806.74824413393,Hydrological Layer,SAC N,Tank/Pond
3083,3083,1202,,No,Moderate,Inland,Man-made,,0.74996571150066,,24.3962913551,92.2369961829,Tripura,512.170175984133,7499.6571150066,Hydrological Layer,SAC N,Tank/Pond
3084,3084,1202,,No,Moderate,Inland,Man-made,,0.422021774271603,,24.1880199327,91.953640616,Tripura,321.413655698503,4220.21774271603,Hydrological Layer,SAC N,Tank/Pond
3085,3085,1202,,No,Moderate,Inland,Man-made,,0.245927383620374,,24.1924579905,91.9615108866,Tripura,254.066598100867,2459.27383620374,Hydrological Layer,SAC N,Tank/Pond
3086,3086,1202,,No,Moderate,Inland,Man-made,,0.879466432060082,,23.4240940954,91.699148001,Tripura,376.135777790489,8794.66432060082,Hydrological Layer,SAC N,Tank/Pond
3087,3087,1202,,No,Moderate,Inland,Man-made,,1.2006752274439,,23.435328667,91.718283227,Tripura,469.513868745246,12006.752274439,Hydrological Layer,SAC N,Tank/Pond
3088,3088,1202,,Yes,High,Inland,Man-made,,0.151188770448041,,23.4908081968,91.3250529005,Tripura,165.569724436242,1511.88770448041,Hydrological Layer,SAC N,Tank/Pond
3178,3178,1202,,No,Moderate,Inland,Man-made,,0.149841628567132,,24.3838769303,92.1625430503,Tripura,157.431606503321,1498.41628567132,Hydrological Layer,SAC N,Tank/Pond
3113,3113,1202,,No,Moderate,Inland,Man-made,,0.237291872822014,,24.4950941653,92.212520539,Tripura,221.805641094204,2372.91872822014,Hydrological Layer,SAC N,Tank/Pond
3114,3114,1202,,No,Moderate,Inland,Man-made,,0.420755661142583,,24.4911239527,92.2266222051,Tripura,272.482384706089,4207.55661142583,Hydrological Layer,SAC N,Tank/Pond
3115,3115,1202,,No,Moderate,Inland,Man-made,,0.466190826655341,,24.492152399,92.2271069758,Tripura,304.47541370963,4661.90826655341,Hydrological Layer,SAC N,Tank/Pond
3116,3116,1202,,No,Moderate,Inland,Man-made,,0.140181350884344,,24.491107894,92.2254052408,Tripura,139.020424213394,1401.81350884344,Hydrological Layer,SAC N,Tank/Pond
3117,3117,1202,,No,Moderate,Inland,Man-made,,0.137756791185122,,24.4908714762,92.226143229,Tripura,141.81183838173,1377.56791185122,Hydrological Layer,SAC N,Tank/Pond
3118,3118,1202,,No,Moderate,Inland,Man-made,,0.1660690772525,,24.4896850726,92.2312334231,Tripura,163.857297755766,1660.690772525,Hydrological Layer,SAC N,Tank/Pond
3119,3119,1202,,No,Moderate,Inland,Man-made,,0.119729311559771,,24.493787812,92.2297995042,Tripura,142.024371230829,1197.29311559771,Hydrological Layer,SAC N,Tank/Pond
3120,3120,1202,,No,Moderate,Inland,Man-made,,0.240869727960582,,24.4846684194,92.234055899,Tripura,235.564163993144,2408.69727960582,Hydrological Layer,SAC N,Tank/Pond
3121,3121,1202,,No,Moderate,Inland,Man-made,,0.303428377440306,,24.4867713445,92.2339841893,Tripura,268.09573058176,3034.28377440306,Hydrological Layer,SAC N,Tank/Pond
3122,3122,1202,,No,Moderate,Inland,Man-made,,0.407084117538969,,24.4812376224,92.2003473341,Tripura,338.05054052115,4070.84117538969,Hydrological Layer,SAC N,Tank/Pond
3123,3123,1202,,No,Moderate,Inland,Man-made,,0.16854602092156,,24.484553366,92.2073132188,Tripura,157.385557870817,1685.4602092156,Hydrological Layer,SAC N,Tank/Pond
3124,3124,1202,,No,Moderate,Inland,Man-made,,0.122692408987703,,24.4878869075,92.2186439944,Tripura,140.212171807356,1226.92408987703,Hydrological Layer,SAC N,Tank/Pond
3125,3125,1202,,No,Moderate,Inland,Man-made,,0.135632852810158,,24.4677904148,92.208975608,Tripura,155.436567072233,1356.32852810158,Hydrological Layer,SAC N,Tank/Pond
3126,3126,1202,,No,Moderate,Inland,Man-made,,0.1632481543798,,24.4703469153,92.2138731576,Tripura,183.347878297627,1632.481543798,Hydrological Layer,SAC N,Tank/Pond
3127,3127,1202,,No,Moderate,Inland,Man-made,,0.151881602847641,,24.4567855398,92.2128361944,Tripura,174.091423324469,1518.81602847641,Hydrological Layer,SAC N,Tank/Pond
3128,3128,1202,,No,Moderate,Inland,Man-made,,0.192377919645963,,24.4611580357,92.2084846175,Tripura,194.388179186799,1923.77919645963,Hydrological Layer,SAC N,Tank/Pond
3129,3129,1202,,No,Moderate,Inland,Man-made,,0.200495196070186,,24.4565471969,92.2232673133,Tripura,194.399132072304,2004.95196070186,Hydrological Layer,SAC N,Tank/Pond
3130,3130,1202,,No,Moderate,Inland,Man-made,,0.108476260524784,,24.4597497178,92.2147607532,Tripura,132.592690201395,1084.76260524784,Hydrological Layer,SAC N,Tank/Pond
3131,3131,1202,,No,Moderate,Inland,Man-made,,0.171427721899486,,24.4580808936,92.2142279218,Tripura,196.612713835991,1714.27721899486,Hydrological Layer,SAC N,Tank/Pond
3132,3132,1202,,No,Moderate,Inland,Man-made,,0.119993508440293,,24.459513584,92.2124754725,Tripura,155.632001981527,1199.93508440293,Hydrological Layer,SAC N,Tank/Pond
3133,3133,1202,,No,Moderate,Inland,Man-made,,0.275988463166297,,24.450897823,92.2290346276,Tripura,219.92353589579,2759.88463166297,Hydrological Layer,SAC N,Tank/Pond
3134,3134,1202,,No,Moderate,Inland,Man-made,,0.157984574849649,,24.4472187926,92.2279129748,Tripura,160.56293190801,1579.84574849649,Hydrological Layer,SAC N,Tank/Pond
3135,3135,1202,,No,Moderate,Inland,Man-made,,0.505678346178886,,24.4449306683,92.2361602893,Tripura,469.735621695745,5056.78346178886,Hydrological Layer,SAC N,Tank/Pond
3136,3136,1202,,No,Moderate,Inland,Man-made,,0.499006849404169,,24.4306165784,92.2265823277,Tripura,504.684986800926,4990.06849404169,Hydrological Layer,SAC N,Tank/Pond
3137,3137,1202,,No,Moderate,Inland,Man-made,,0.108304374319332,,24.4352502937,92.2302097986,Tripura,124.88937158183,1083.04374319332,Hydrological Layer,SAC N,Tank/Pond
3138,3138,1202,,No,Moderate,Inland,Man-made,,0.61797129654816,,24.4290529406,92.2360963759,Tripura,524.818025049163,6179.7129654816,Hydrological Layer,SAC N,Tank/Pond
3139,3139,1202,,No,Moderate,Inland,Man-made,,0.118386869302009,,24.4293378564,92.2306147685,Tripura,137.29656753372,1183.86869302009,Hydrological Layer,SAC N,Tank/Pond
3140,3140,1202,,No,Moderate,Inland,Man-made,,0.440329219141359,,24.427146385,92.2332170999,Tripura,300.142073968592,4403.29219141359,Hydrological Layer,SAC N,Tank/Pond
3141,3141,1202,,No,Moderate,Inland,Man-made,,0.219738678227968,,24.4147051125,92.2259014895,Tripura,235.54942804218,2197.38678227968,Hydrological Layer,SAC N,Tank/Pond
3142,3142,1202,,No,Moderate,Inland,Man-made,,0.632455185371447,,24.4123801195,92.2310896864,Tripura,649.114302835395,6324.55185371447,Hydrological Layer,SAC N,Tank/Pond
3143,3143,1202,,No,Moderate,Inland,Man-made,,0.172262331698124,,24.41117803,92.2324477684,Tripura,171.192998582552,1722.62331698124,Hydrological Layer,SAC N,Tank/Pond
3144,3144,1202,,No,Moderate,Inland,Man-made,,0.82463952043663,,24.4159754554,92.2179304633,Tripura,591.57530470501,8246.3952043663,Hydrological Layer,SAC N,Tank/Pond
3145,3145,1202,,No,Moderate,Inland,Man-made,,0.22270880058693,,24.4207688014,92.2202069197,Tripura,271.972859340125,2227.0880058693,Hydrological Layer,SAC N,Tank/Pond
3146,3146,1202,,No,Moderate,Inland,Man-made,,0.451782797449223,,24.4217286933,92.2222237304,Tripura,364.682937813114,4517.82797449223,Hydrological Layer,SAC N,Tank/Pond
3147,3147,1202,,No,Moderate,Inland,Man-made,,0.612055978534666,,24.4228488121,92.2209152964,Tripura,554.114536553496,6120.55978534666,Hydrological Layer,SAC N,Tank/Pond
3148,3148,1202,,No,Moderate,Inland,Man-made,,1.23052394259723,,24.416913259,92.1957331784,Tripura,786.718405050407,12305.2394259723,Hydrological Layer,SAC N,Tank/Pond
3149,3149,1202,,No,Moderate,Inland,Man-made,,0.222853175279585,,24.4165028511,92.2099813352,Tripura,209.469772669795,2228.53175279585,Hydrological Layer,SAC N,Tank/Pond
3241,3241,1202,,No,Moderate,Inland,Man-made,,0.199147867002503,,24.4028052149,92.2120567562,Tripura,214.413294915065,1991.47867002503,Hydrological Layer,SAC N,Tank/Pond
3150,3150,1202,,No,Moderate,Inland,Man-made,,0.44957680789131,,24.418343549,92.2000353986,Tripura,307.70262385907,4495.7680789131,Hydrological Layer,SAC N,Tank/Pond
3151,3151,1202,,No,Moderate,Inland,Man-made,,0.156089020694909,,24.4111025758,92.2035746597,Tripura,161.458719960947,1560.89020694909,Hydrological Layer,SAC N,Tank/Pond
3152,3152,1202,,No,Moderate,Inland,Man-made,,0.150026824396203,,24.4119458129,92.2060114962,Tripura,157.340469588532,1500.26824396203,Hydrological Layer,SAC N,Tank/Pond
3153,3153,1202,,No,Moderate,Inland,Man-made,,0.201720797090531,,24.4164852309,92.2038440128,Tripura,190.908846482472,2017.20797090531,Hydrological Layer,SAC N,Tank/Pond
3154,3154,1202,,No,Moderate,Inland,Man-made,,0.122497282192301,,24.4121276901,92.2074019474,Tripura,146.513850068587,1224.97282192301,Hydrological Layer,SAC N,Tank/Pond
3155,3155,1202,,No,Moderate,Inland,Man-made,,0.196500507846294,,24.415088556,92.2051777117,Tripura,197.160154687093,1965.00507846294,Hydrological Layer,SAC N,Tank/Pond
3156,3156,1202,,No,Moderate,Inland,Man-made,,0.351825477949613,,24.4275803883,92.2240799605,Tripura,246.187809234381,3518.25477949613,Hydrological Layer,SAC N,Tank/Pond
3157,3157,1202,,No,Moderate,Inland,Man-made,,0.26315985792513,,24.4082103738,92.215376845,Tripura,202.984413326486,2631.5985792513,Hydrological Layer,SAC N,Tank/Pond
3158,3158,1202,,No,Moderate,Inland,Man-made,,0.214342455655095,,24.4038865587,92.2159345339,Tripura,201.35210846978,2143.42455655095,Hydrological Layer,SAC N,Tank/Pond
3159,3159,1202,,No,Moderate,Inland,Man-made,,0.231436150527551,,24.4005457123,92.2174058235,Tripura,218.508118304729,2314.36150527551,Hydrological Layer,SAC N,Tank/Pond
3160,3160,1202,,No,Moderate,Inland,Man-made,,1.13293747924752,,24.3971386538,92.2240402537,Tripura,675.520034271938,11329.3747924752,Hydrological Layer,SAC N,Tank/Pond
3162,3162,1202,,No,Moderate,Inland,Man-made,,0.175383486701989,,24.3930771552,92.1932373635,Tripura,163.601463217332,1753.83486701989,Hydrological Layer,SAC N,Tank/Pond
3163,3163,1202,,No,Moderate,Inland,Man-made,,0.208089854845414,,24.392835658,92.1936948273,Tripura,240.405304223126,2080.89854845414,Hydrological Layer,SAC N,Tank/Pond
3164,3164,1202,,No,Moderate,Inland,Man-made,,0.697726715911761,,24.3856943738,92.1991041724,Tripura,345.944155899442,6977.26715911761,Hydrological Layer,SAC N,Tank/Pond
3165,3165,1202,,No,Moderate,Inland,Man-made,,0.468808992803302,,24.385356318,92.2022717223,Tripura,411.474724629993,4688.08992803301,Hydrological Layer,SAC N,Tank/Pond
3166,3166,1202,,No,Moderate,Inland,Man-made,,0.714358325418171,,24.3827212285,92.1968199666,Tripura,353.686636145223,7143.58325418171,Hydrological Layer,SAC N,Tank/Pond
3444,3444,1202,,No,Moderate,Inland,Man-made,,0.369039463333632,,24.3243685952,91.9540595713,Tripura,278.234826832202,3690.39463333632,Hydrological Layer,SAC N,Tank/Pond
3167,3167,1202,,No,Moderate,Inland,Man-made,,0.220050817367388,,24.3786255164,92.1932784701,Tripura,207.908364690597,2200.50817367388,Hydrological Layer,SAC N,Tank/Pond
3168,3168,1202,,No,Moderate,Inland,Man-made,,0.199145711519489,,24.3886915913,92.1983098215,Tripura,182.997577793641,1991.45711519489,Hydrological Layer,SAC N,Tank/Pond
3169,3169,1202,,No,Moderate,Inland,Man-made,,0.112342575708133,,24.3884909573,92.1988998648,Tripura,136.598948313849,1123.42575708133,Hydrological Layer,SAC N,Tank/Pond
3170,3170,1202,,No,Moderate,Inland,Man-made,,0.111480388010316,,24.3867419025,92.1908222232,Tripura,136.801086627935,1114.80388010316,Hydrological Layer,SAC N,Tank/Pond
3171,3171,1202,,No,Moderate,Inland,Man-made,,0.203616985323936,,24.3872274131,92.1907942863,Tripura,184.16462607572,2036.16985323936,Hydrological Layer,SAC N,Tank/Pond
3172,3172,1202,,No,Moderate,Inland,Man-made,,0.410198039663925,,24.3863903454,92.1921273426,Tripura,328.71996029319,4101.98039663925,Hydrological Layer,SAC N,Tank/Pond
3173,3173,1202,,No,Moderate,Inland,Man-made,,0.410130102353355,,24.3930092142,92.1868831901,Tripura,320.301631446426,4101.30102353355,Hydrological Layer,SAC N,Tank/Pond
3174,3174,1202,,No,Moderate,Inland,Man-made,,0.124573686762045,,24.4023690383,92.1905987196,Tripura,141.371278491915,1245.73686762045,Hydrological Layer,SAC N,Tank/Pond
3175,3175,1202,,No,Moderate,Inland,Man-made,,0.123927048482201,,24.4020466352,92.1910302614,Tripura,138.889524969264,1239.27048482201,Hydrological Layer,SAC N,Tank/Pond
3176,3176,1202,,No,Moderate,Inland,Man-made,,0.222044525916277,,24.4025387342,92.1879715921,Tripura,212.587681714689,2220.44525916277,Hydrological Layer,SAC N,Tank/Pond
3177,3177,1202,,No,Moderate,Inland,Man-made,,0.30620387866837,,24.3877302892,92.1673292788,Tripura,224.851800820234,3062.0387866837,Hydrological Layer,SAC N,Tank/Pond
3179,3179,1202,,No,Moderate,Inland,Man-made,,0.184864556766074,,24.3849097567,92.1642550772,Tripura,173.39933786046,1848.64556766074,Hydrological Layer,SAC N,Tank/Pond
3180,3180,1202,,No,Moderate,Inland,Man-made,,0.327593393037703,,24.3812565856,92.1612972466,Tripura,235.740430991937,3275.93393037703,Hydrological Layer,SAC N,Tank/Pond
3181,3181,1202,,No,Moderate,Inland,Man-made,,0.214929967728162,,24.3830444398,92.1673955734,Tripura,187.274096701774,2149.29967728162,Hydrological Layer,SAC N,Tank/Pond
3182,3182,1202,,No,Moderate,Inland,Man-made,,0.341301166393023,,24.381367995,92.1771009744,Tripura,237.661557065953,3413.01166393023,Hydrological Layer,SAC N,Tank/Pond
3183,3183,1202,,No,Moderate,Inland,Man-made,,0.352708265992565,,24.3808131723,92.1767888566,Tripura,240.896498825736,3527.08265992565,Hydrological Layer,SAC N,Tank/Pond
3184,3184,1202,,No,Moderate,Inland,Man-made,,0.372099700552875,,24.3761168282,92.1713867624,Tripura,290.241047289653,3720.99700552875,Hydrological Layer,SAC N,Tank/Pond
3185,3185,1202,,No,Moderate,Inland,Man-made,,0.494572372268479,,24.3728150824,92.182233857,Tripura,324.590971871719,4945.72372268479,Hydrological Layer,SAC N,Tank/Pond
3186,3186,1202,,No,Moderate,Inland,Man-made,,1.05195473230263,,24.374432265,92.1808404844,Tripura,558.81249167299,10519.5473230263,Hydrological Layer,SAC N,Tank/Pond
3187,3187,1202,,No,Moderate,Inland,Man-made,,0.20512456440939,,24.400445931,92.1681190324,Tripura,169.42475276711,2051.2456440939,Hydrological Layer,SAC N,Tank/Pond
3188,3188,1202,,No,Moderate,Inland,Man-made,,0.193001385227737,,24.4000373482,92.1721826625,Tripura,178.377651715137,1930.01385227738,Hydrological Layer,SAC N,Tank/Pond
3189,3189,1202,,No,Moderate,Inland,Man-made,,0.14284051751289,,24.38601154,92.1631840269,Tripura,153.492151812053,1428.4051751289,Hydrological Layer,SAC N,Tank/Pond
3190,3190,1202,,No,Moderate,Inland,Man-made,,0.138203304480022,,24.3867177997,92.1586341614,Tripura,150.101606346256,1382.03304480022,Hydrological Layer,SAC N,Tank/Pond
3191,3191,1202,,No,Moderate,Inland,Man-made,,0.213743311053039,,24.3781467821,92.1629044326,Tripura,196.792570140316,2137.43311053039,Hydrological Layer,SAC N,Tank/Pond
3192,3192,1202,,No,Moderate,Inland,Man-made,,0.319200555852784,,24.3757320712,92.1555831159,Tripura,227.516102724107,3192.00555852784,Hydrological Layer,SAC N,Tank/Pond
3193,3193,1202,,No,Moderate,Inland,Man-made,,0.163297532694989,,24.3730871804,92.1548059691,Tripura,164.702129774491,1632.97532694989,Hydrological Layer,SAC N,Tank/Pond
3194,3194,1202,,No,Moderate,Inland,Man-made,,0.470617209476687,,24.3715147146,92.1566937429,Tripura,392.05934639598,4706.17209476687,Hydrological Layer,SAC N,Tank/Pond
3195,3195,1202,,No,Moderate,Inland,Man-made,,0.409395579725243,,24.3688688154,92.1568248066,Tripura,290.89817960953,4093.95579725243,Hydrological Layer,SAC N,Tank/Pond
3196,3196,1202,,No,Moderate,Inland,Man-made,,0.230822883144486,,24.3680083516,92.1578373519,Tripura,194.331224937859,2308.22883144486,Hydrological Layer,SAC N,Tank/Pond
3197,3197,1202,,No,Moderate,Inland,Man-made,,0.275125901674902,,24.3680671799,92.1587391181,Tripura,210.875066667511,2751.25901674902,Hydrological Layer,SAC N,Tank/Pond
3198,3198,1202,,No,Moderate,Inland,Man-made,,0.932967698294889,,24.3617585005,92.1546037094,Tripura,438.86167807566,9329.67698294889,Hydrological Layer,SAC N,Tank/Pond
3214,3214,1202,,No,Moderate,Inland,Man-made,,0.126444316983273,,24.3599617549,92.1754971619,Tripura,153.452316183671,1264.44316983273,Hydrological Layer,SAC N,Tank/Pond
3199,3199,1202,,No,Moderate,Inland,Man-made,,0.868796148852121,,24.3501493275,92.1603581399,Tripura,406.97014584129,8687.96148852121,Hydrological Layer,SAC N,Tank/Pond
3200,3200,1202,,No,Moderate,Inland,Man-made,,0.618696906095796,,24.3517807662,92.1669202381,Tripura,382.346287217336,6186.96906095796,Hydrological Layer,SAC N,Tank/Pond
3201,3201,1202,,No,Moderate,Inland,Man-made,,0.351719690540492,,24.3500378107,92.1654188271,Tripura,260.138444371026,3517.19690540492,Hydrological Layer,SAC N,Tank/Pond
3202,3202,1202,,No,Moderate,Inland,Man-made,,0.449159116816487,,24.3502079831,92.1665391624,Tripura,379.035677241999,4491.59116816486,Hydrological Layer,SAC N,Tank/Pond
3203,3203,1202,,No,Moderate,Inland,Man-made,,0.148528851426501,,24.353700953,92.1706141803,Tripura,145.137064282885,1485.28851426501,Hydrological Layer,SAC N,Tank/Pond
3204,3204,1202,,No,Moderate,Inland,Man-made,,0.235579147716131,,24.3544213054,92.1706943978,Tripura,215.632537604156,2355.79147716131,Hydrological Layer,SAC N,Tank/Pond
3205,3205,1202,,No,Moderate,Inland,Man-made,,0.27573558035326,,24.3562684924,92.1600899622,Tripura,216.744815904224,2757.3558035326,Hydrological Layer,SAC N,Tank/Pond
3206,3206,1202,,No,Moderate,Inland,Man-made,,0.145497695733634,,24.357770664,92.1593374137,Tripura,147.373951326483,1454.97695733634,Hydrological Layer,SAC N,Tank/Pond
3207,3207,1202,,No,Moderate,Inland,Man-made,,0.225580680961006,,24.3521284221,92.1604537802,Tripura,196.470315508063,2255.80680961006,Hydrological Layer,SAC N,Tank/Pond
3208,3208,1202,,No,Moderate,Inland,Man-made,,0.211626691521777,,24.351109874,92.1633844038,Tripura,189.865675692599,2116.26691521777,Hydrological Layer,SAC N,Tank/Pond
3209,3209,1202,,No,Moderate,Inland,Man-made,,0.266203775208419,,24.3593775519,92.1807928476,Tripura,206.823128329115,2662.03775208419,Hydrological Layer,SAC N,Tank/Pond
3210,3210,1202,,No,Moderate,Inland,Man-made,,0.232445301930114,,24.3627351154,92.1853280529,Tripura,194.813555413691,2324.45301930114,Hydrological Layer,SAC N,Tank/Pond
3211,3211,1202,,No,Moderate,Inland,Man-made,,0.860493798282411,,24.3605277782,92.1863792006,Tripura,481.057999702259,8604.93798282411,Hydrological Layer,SAC N,Tank/Pond
3212,3212,1202,,No,Moderate,Inland,Man-made,,1.12804317910389,,24.3574497275,92.1861121657,Tripura,800.990076782227,11280.4317910389,Hydrological Layer,SAC N,Tank/Pond
3213,3213,1202,,No,Moderate,Inland,Man-made,,0.248927983174701,,24.3569570759,92.1802929936,Tripura,257.886564566155,2489.27983174701,Hydrological Layer,SAC N,Tank/Pond
3215,3215,1202,,No,Moderate,Inland,Man-made,,0.107168408831096,,24.3590006999,92.1749817829,Tripura,123.67308476323,1071.68408831096,Hydrological Layer,SAC N,Tank/Pond
3216,3216,1202,,No,Moderate,Inland,Man-made,,0.101955454239019,,24.3586441226,92.1748242184,Tripura,121.805287834952,1019.5545423902,Hydrological Layer,SAC N,Tank/Pond
3217,3217,1202,,No,Moderate,Inland,Man-made,,0.155085249267384,,24.360803222,92.1785956018,Tripura,153.966423918946,1550.85249267384,Hydrological Layer,SAC N,Tank/Pond
3218,3218,1202,,No,Moderate,Inland,Man-made,,0.103046862150762,,24.360934399,92.1791145794,Tripura,120.413515745527,1030.46862150762,Hydrological Layer,SAC N,Tank/Pond
3219,3219,1202,,No,Moderate,Inland,Man-made,,0.110441299149007,,24.3605001709,92.1758918488,Tripura,124.2423752111,1104.41299149007,Hydrological Layer,SAC N,Tank/Pond
3220,3220,1202,,No,Moderate,Inland,Man-made,,0.123457129904658,,24.3601335019,92.175163124,Tripura,130.958471281853,1234.57129904658,Hydrological Layer,SAC N,Tank/Pond
3221,3221,1202,,No,Moderate,Inland,Man-made,,0.25943655737171,,24.3596191565,92.1918613957,Tripura,204.010723329687,2594.3655737171,Hydrological Layer,SAC N,Tank/Pond
3222,3222,1202,,No,Moderate,Inland,Man-made,,0.321830840257739,,24.3594806236,92.1926364314,Tripura,227.838937339216,3218.30840257739,Hydrological Layer,SAC N,Tank/Pond
3223,3223,1202,,No,Moderate,Inland,Man-made,,0.280288123146671,,24.3579523988,92.1955402679,Tripura,209.773625277411,2802.88123146671,Hydrological Layer,SAC N,Tank/Pond
3225,3225,1202,,No,Moderate,Inland,Man-made,,0.285946316308754,,24.3584732609,92.197059948,Tripura,211.105397996249,2859.46316308754,Hydrological Layer,SAC N,Tank/Pond
3295,3295,1202,,No,Moderate,Inland,Man-made,,0.311486101044927,,24.2618500627,92.1428679946,Tripura,292.079707895551,3114.86101044927,Hydrological Layer,SAC N,Tank/Pond
3226,3226,1202,,No,Moderate,Inland,Man-made,,0.158654391251908,,24.3574038687,92.1980228937,Tripura,157.304032975164,1586.54391251908,Hydrological Layer,SAC N,Tank/Pond
3227,3227,1202,,No,Moderate,Inland,Man-made,,0.355109523892136,,24.3568170404,92.1985398157,Tripura,238.636579725732,3551.09523892136,Hydrological Layer,SAC N,Tank/Pond
3228,3228,1202,,No,Moderate,Inland,Man-made,,0.25471378307155,,24.356978083,92.199391028,Tripura,192.972617710072,2547.1378307155,Hydrological Layer,SAC N,Tank/Pond
3229,3229,1202,,No,Moderate,Inland,Man-made,,0.204639530326823,,24.3656927768,92.1873580311,Tripura,173.716261149371,2046.39530326823,Hydrological Layer,SAC N,Tank/Pond
3230,3230,1202,,No,Moderate,Inland,Man-made,,0.143754912340696,,24.3657597641,92.1978414581,Tripura,152.857219460107,1437.54912340696,Hydrological Layer,SAC N,Tank/Pond
3231,3231,1202,,No,Moderate,Inland,Man-made,,0.116059934050877,,24.3663919255,92.1979726669,Tripura,137.838720281158,1160.59934050877,Hydrological Layer,SAC N,Tank/Pond
3232,3232,1202,,No,Moderate,Inland,Man-made,,1.03463532858192,,24.3703582208,92.2218261128,Tripura,492.584216887249,10346.3532858192,Hydrological Layer,SAC N,Tank/Pond
3233,3233,1202,,No,Moderate,Inland,Man-made,,0.5584297006611,,24.3693602809,92.2226715882,Tripura,407.873845185328,5584.297006611,Hydrological Layer,SAC N,Tank/Pond
3234,3234,1202,,No,Moderate,Inland,Man-made,,0.562897192746638,,24.3860046506,92.2231106948,Tripura,283.497145001895,5628.97192746638,Hydrological Layer,SAC N,Tank/Pond
3235,3235,1202,,No,Moderate,Inland,Man-made,,0.439306477442884,,24.3906517499,92.2249651993,Tripura,403.272899627217,4393.06477442884,Hydrological Layer,SAC N,Tank/Pond
3236,3236,1202,,No,Moderate,Inland,Man-made,,0.517856801734494,,24.3871923422,92.227944659,Tripura,343.119487675732,5178.56801734494,Hydrological Layer,SAC N,Tank/Pond
3237,3237,1202,,No,Moderate,Inland,Man-made,,0.152269968584841,,24.4012593201,92.2125498695,Tripura,152.927135847157,1522.69968584841,Hydrological Layer,SAC N,Tank/Pond
3238,3238,1202,,No,Moderate,Inland,Man-made,,0.375826385112771,,24.4027815756,92.2157615299,Tripura,321.67560862903,3758.26385112771,Hydrological Layer,SAC N,Tank/Pond
3239,3239,1202,,No,Moderate,Inland,Man-made,,0.131364217355966,,24.4017591929,92.2124815122,Tripura,148.367633916964,1313.64217355966,Hydrological Layer,SAC N,Tank/Pond
3242,3242,1202,,No,Moderate,Inland,Man-made,,0.174415782323647,,24.4028595261,92.2132409347,Tripura,177.741421854757,1744.15782323647,Hydrological Layer,SAC N,Tank/Pond
3243,3243,1202,,No,Moderate,Inland,Man-made,,0.201467353878547,,24.3996935309,92.2157469849,Tripura,222.204461570605,2014.67353878547,Hydrological Layer,SAC N,Tank/Pond
3296,3296,1202,,No,Moderate,Inland,Man-made,,0.152597588191641,,24.258163853,92.1512733287,Tripura,174.083274293885,1525.97588191641,Hydrological Layer,SAC N,Tank/Pond
3244,3244,1202,,No,Moderate,Inland,Man-made,,0.480392301528107,,24.4000251317,92.2225095246,Tripura,360.432583115002,4803.92301528107,Hydrological Layer,SAC N,Tank/Pond
3245,3245,1202,,No,Moderate,Inland,Man-made,,0.329701088194994,,24.3929354759,92.2031813655,Tripura,286.607991005315,3297.01088194994,Hydrological Layer,SAC N,Tank/Pond
3246,3246,1202,,No,Moderate,Inland,Man-made,,0.303783920353606,,24.3920248747,92.2020893088,Tripura,331.091856579834,3037.83920353606,Hydrological Layer,SAC N,Tank/Pond
3247,3247,1202,,No,Moderate,Inland,Man-made,,0.215341163629566,,24.3948640559,92.2064153508,Tripura,197.906050534262,2153.41163629566,Hydrological Layer,SAC N,Tank/Pond
3248,3248,1202,,No,Moderate,Inland,Man-made,,0.237588154028902,,24.3950729576,92.2072425394,Tripura,187.805637700977,2375.88154028902,Hydrological Layer,SAC N,Tank/Pond
3292,3292,1202,,No,Moderate,Inland,Man-made,,0.159363267516155,,24.2634523215,92.1386784298,Tripura,162.840433667366,1593.63267516155,Hydrological Layer,SAC N,Tank/Pond
3249,3249,1202,,No,Moderate,Inland,Man-made,,0.942653518617228,,24.3959814203,92.2086263949,Tripura,496.718012177198,9426.53518617228,Hydrological Layer,SAC N,Tank/Pond
3250,3250,1202,,No,Moderate,Inland,Man-made,,0.546703882744398,,24.3950503435,92.2092649171,Tripura,346.672705157001,5467.03882744398,Hydrological Layer,SAC N,Tank/Pond
3251,3251,1202,,No,Moderate,Inland,Man-made,,0.161644790075279,,24.3928584306,92.2053849758,Tripura,152.565680537855,1616.44790075279,Hydrological Layer,SAC N,Tank/Pond
3252,3252,1202,,No,Moderate,Inland,Man-made,,0.234923088019954,,24.3917134283,92.1992846663,Tripura,228.833446214562,2349.23088019954,Hydrological Layer,SAC N,Tank/Pond
3253,3253,1202,,No,Moderate,Inland,Man-made,,0.24693871624548,,24.3909765295,92.1988505337,Tripura,256.116987986998,2469.3871624548,Hydrological Layer,SAC N,Tank/Pond
3254,3254,1202,,No,Moderate,Inland,Man-made,,0.650189527739833,,24.3868913353,92.2097241206,Tripura,443.103002047494,6501.89527739833,Hydrological Layer,SAC N,Tank/Pond
3255,3255,1202,,No,Moderate,Inland,Man-made,,0.257770525651346,,24.3835668144,92.2139089459,Tripura,198.948900796717,2577.70525651346,Hydrological Layer,SAC N,Tank/Pond
3256,3256,1202,,No,Moderate,Inland,Man-made,,0.352601622559533,,24.3818782536,92.2153784067,Tripura,221.10207303796,3526.01622559533,Hydrological Layer,SAC N,Tank/Pond
3257,3257,1202,,No,Moderate,Inland,Man-made,,0.296349585784561,,24.385404663,92.2119094454,Tripura,221.667957105734,2963.49585784561,Hydrological Layer,SAC N,Tank/Pond
3258,3258,1202,,No,Moderate,Inland,Man-made,,1.25094317256526,,24.2824802323,92.2100907675,Tripura,622.037609057038,12509.4317256526,Hydrological Layer,SAC N,Tank/Pond
3259,3259,1202,,No,Moderate,Inland,Man-made,,0.501788612974046,,24.2837000376,92.2097217515,Tripura,291.133211776519,5017.88612974046,Hydrological Layer,SAC N,Tank/Pond
3260,3260,1202,,No,Moderate,Inland,Man-made,,0.469838384981605,,24.2902262219,92.2142705377,Tripura,349.20710223539,4698.38384981605,Hydrological Layer,SAC N,Tank/Pond
3261,3261,1202,,No,Moderate,Inland,Man-made,,1.65857517997101,,24.2917946532,92.2256477259,Tripura,977.984743851522,16585.7517997101,Hydrological Layer,SAC N,Tank/Pond
3262,3262,1202,,No,Moderate,Inland,Man-made,,0.820420897763967,,24.2866354301,92.1677155455,Tripura,628.645324154863,8204.20897763967,Hydrological Layer,SAC N,Tank/Pond
3263,3263,1202,,No,Moderate,Inland,Man-made,,0.347628626800319,,24.277784757,92.1570517957,Tripura,272.223707225607,3476.28626800319,Hydrological Layer,SAC N,Tank/Pond
3264,3264,1202,,No,Moderate,Inland,Man-made,,0.350213853962055,,24.27461369,92.1563438199,Tripura,239.760352860871,3502.13853962055,Hydrological Layer,SAC N,Tank/Pond
3265,3265,1202,,No,Moderate,Inland,Man-made,,0.115462689337772,,24.2748361491,92.1546969799,Tripura,138.880712274849,1154.62689337772,Hydrological Layer,SAC N,Tank/Pond
3266,3266,1202,,No,Moderate,Inland,Man-made,,0.268155811578896,,24.2766532236,92.1480845166,Tripura,226.686399465069,2681.55811578896,Hydrological Layer,SAC N,Tank/Pond
3267,3267,1202,,No,Moderate,Inland,Man-made,,0.455816282179818,,24.2799728589,92.1458088977,Tripura,367.05111250774,4558.16282179818,Hydrological Layer,SAC N,Tank/Pond
3268,3268,1202,,No,Moderate,Inland,Man-made,,0.370310511257792,,24.2814408757,92.1468200391,Tripura,340.976886967205,3703.10511257792,Hydrological Layer,SAC N,Tank/Pond
3269,3269,1202,,No,Moderate,Inland,Man-made,,0.223382729219522,,24.2816177544,92.1483378179,Tripura,187.832894023486,2233.82729219522,Hydrological Layer,SAC N,Tank/Pond
3270,3270,1202,,No,Moderate,Inland,Man-made,,0.974778364945571,,24.2782878938,92.1468730607,Tripura,629.755393366098,9747.78364945571,Hydrological Layer,SAC N,Tank/Pond
3407,3407,1202,,No,Moderate,Inland,Man-made,,1.20531061622785,,24.2651609939,92.024645177,Tripura,559.025346029774,12053.1061622785,Hydrological Layer,SAC N,Tank/Pond
3271,3271,1202,,No,Moderate,Inland,Man-made,,0.462073633809995,,24.2829174161,92.1341641705,Tripura,352.594780597873,4620.73633809995,Hydrological Layer,SAC N,Tank/Pond
3272,3272,1202,,No,Moderate,Inland,Man-made,,0.200206805665842,,24.278357799,92.1382427071,Tripura,175.475514367503,2002.06805665842,Hydrological Layer,SAC N,Tank/Pond
3273,3273,1202,,No,Moderate,Inland,Man-made,,0.452753500355851,,24.2754981575,92.1375384065,Tripura,360.810543660902,4527.53500355851,Hydrological Layer,SAC N,Tank/Pond
3274,3274,1202,,No,Moderate,Inland,Man-made,,0.16599017095771,,24.2769429864,92.1371220738,Tripura,159.342937603799,1659.9017095771,Hydrological Layer,SAC N,Tank/Pond
3275,3275,1202,,No,Moderate,Inland,Man-made,,0.176688340191773,,24.2774007907,92.1384446365,Tripura,221.59642638885,1766.88340191773,Hydrological Layer,SAC N,Tank/Pond
3276,3276,1202,,No,Moderate,Inland,Man-made,,0.199772789450263,,24.279404389,92.1431623824,Tripura,180.720005297701,1997.72789450263,Hydrological Layer,SAC N,Tank/Pond
3293,3293,1202,,No,Moderate,Inland,Man-made,,0.2198931252341,,24.2606983937,92.1492010949,Tripura,189.76846891757,2198.931252341,Hydrological Layer,SAC N,Tank/Pond
3277,3277,1202,,No,Moderate,Inland,Man-made,,0.21799901715971,,24.2800572708,92.1426426874,Tripura,229.050370804489,2179.9901715971,Hydrological Layer,SAC N,Tank/Pond
3278,3278,1202,,No,Moderate,Inland,Man-made,,0.244274028315732,,24.2799408479,92.1486469914,Tripura,231.60482763461,2442.74028315732,Hydrological Layer,SAC N,Tank/Pond
3279,3279,1202,,No,Moderate,Inland,Man-made,,0.17650792818217,,24.2796712824,92.152269996,Tripura,154.285064781021,1765.0792818217,Hydrological Layer,SAC N,Tank/Pond
3280,3280,1202,,No,Moderate,Inland,Man-made,,0.279823879901131,,24.2794444601,92.147297424,Tripura,217.184229559517,2798.23879901131,Hydrological Layer,SAC N,Tank/Pond
3281,3281,1202,,No,Moderate,Inland,Man-made,,0.428282429561094,,24.2912525093,92.129500194,Tripura,343.228210394312,4282.82429561094,Hydrological Layer,SAC N,Tank/Pond
3282,3282,1202,,No,Moderate,Inland,Man-made,,0.364005610250413,,24.2898012226,92.134695361,Tripura,274.395730349221,3640.05610250413,Hydrological Layer,SAC N,Tank/Pond
3283,3283,1202,,No,Moderate,Inland,Man-made,,0.542114496355881,,24.2636954122,92.0883538077,Tripura,313.469803232034,5421.14496355882,Hydrological Layer,SAC N,Tank/Pond
3284,3284,1202,,No,Moderate,Inland,Man-made,,0.625893877257165,,24.2646606971,92.0874878253,Tripura,410.898468862093,6258.93877257165,Hydrological Layer,SAC N,Tank/Pond
3285,3285,1202,,No,Moderate,Inland,Man-made,,0.989889896496384,,24.2661497406,92.0866763386,Tripura,506.103079567098,9898.89896496384,Hydrological Layer,SAC N,Tank/Pond
3286,3286,1202,,No,Moderate,Inland,Man-made,,0.37223928718155,,24.2643647573,92.086460715,Tripura,259.137119821277,3722.3928718155,Hydrological Layer,SAC N,Tank/Pond
3287,3287,1202,,No,Moderate,Inland,Man-made,,0.513667364807555,,24.2612032766,92.0885026815,Tripura,352.776586684978,5136.67364807555,Hydrological Layer,SAC N,Tank/Pond
3288,3288,1202,,No,Moderate,Inland,Man-made,,0.722890406267982,,24.2536423497,92.1110416537,Tripura,375.021081240383,7228.90406267982,Hydrological Layer,SAC N,Tank/Pond
3289,3289,1202,,No,Moderate,Inland,Man-made,,0.815608125519077,,24.2510732603,92.122895528,Tripura,447.4396842054,8156.08125519077,Hydrological Layer,SAC N,Tank/Pond
3290,3290,1202,,No,Moderate,Inland,Man-made,,0.83489144758256,,24.2496834516,92.1213082337,Tripura,768.89070384477,8348.9144758256,Hydrological Layer,SAC N,Tank/Pond
3291,3291,1202,,No,Moderate,Inland,Man-made,,0.315611437100609,,24.2633118392,92.1413234583,Tripura,227.123786377043,3156.11437100609,Hydrological Layer,SAC N,Tank/Pond
3294,3294,1202,,No,Moderate,Inland,Man-made,,0.259712203283337,,24.2624671223,92.1446000804,Tripura,247.453293930132,2597.12203283337,Hydrological Layer,SAC N,Tank/Pond
3297,3297,1202,,No,Moderate,Inland,Man-made,,0.621734476727959,,24.2557874381,92.151866733,Tripura,320.299279283268,6217.34476727959,Hydrological Layer,SAC N,Tank/Pond
3298,3298,1202,,No,Moderate,Inland,Man-made,,0.500501548537873,,24.2580867067,92.1517472763,Tripura,280.747320863124,5005.01548537873,Hydrological Layer,SAC N,Tank/Pond
3299,3299,1202,,No,Moderate,Inland,Man-made,,0.626825151229393,,24.2566384035,92.1518258011,Tripura,319.645516103455,6268.25151229393,Hydrological Layer,SAC N,Tank/Pond
3300,3300,1202,,No,Moderate,Inland,Man-made,,0.264182421998675,,24.2575786517,92.1517791426,Tripura,218.333398154272,2641.82421998675,Hydrological Layer,SAC N,Tank/Pond
3301,3301,1202,,No,Moderate,Inland,Man-made,,0.279716670948217,,24.2572370019,92.1517999767,Tripura,221.301350020876,2797.16670948217,Hydrological Layer,SAC N,Tank/Pond
3302,3302,1202,,No,Moderate,Inland,Man-made,,1.32769881401624,,24.2584440907,92.1763367932,Tripura,477.690316999434,13276.9881401624,Hydrological Layer,SAC N,Tank/Pond
3303,3303,1202,,No,Moderate,Inland,Man-made,,0.32882656861023,,24.2573768386,92.1748853834,Tripura,305.230645780473,3288.2656861023,Hydrological Layer,SAC N,Tank/Pond
3304,3304,1202,,No,Moderate,Inland,Man-made,,0.359106313621144,,24.2506485602,92.1780656091,Tripura,292.892525469009,3591.06313621144,Hydrological Layer,SAC N,Tank/Pond
3305,3305,1202,,No,Moderate,Inland,Man-made,,0.443864755570265,,24.2609610554,92.2050301611,Tripura,341.784850142679,4438.64755570265,Hydrological Layer,SAC N,Tank/Pond
3369,3369,1202,,No,Moderate,Inland,Man-made,,0.235764859990628,,24.3358308047,92.0340011067,Tripura,186.281953998958,2357.64859990628,Hydrological Layer,SAC N,Tank/Pond
5085,5085,1202,,No,Moderate,Inland,Man-made,,0.36628993027767,,23.1015401505,91.5223193951,Tripura,246.107325641294,3662.8993027767,Hydrological Layer,SAC N,Tank/Pond
3306,3306,1202,,No,Moderate,Inland,Man-made,,0.34999251620256,,24.2654305875,92.20910011,Tripura,267.348291642253,3499.9251620256,Hydrological Layer,SAC N,Tank/Pond
3307,3307,1202,,No,Moderate,Inland,Man-made,,1.63863554378004,,24.2772272885,92.2057523772,Tripura,1331.58156825735,16386.3554378004,Hydrological Layer,SAC N,Tank/Pond
3308,3308,1202,,No,Moderate,Inland,Man-made,,0.499823683556977,,24.279234699,92.2055722207,Tripura,316.906148376555,4998.23683556977,Hydrological Layer,SAC N,Tank/Pond
3309,3309,1202,,No,Moderate,Inland,Man-made,,0.869996404276581,,24.2779782901,92.1990847506,Tripura,806.299016746824,8699.96404276581,Hydrological Layer,SAC N,Tank/Pond
3310,3310,1202,,No,Moderate,Inland,Man-made,,0.307650506280231,,24.2546201045,92.1659594289,Tripura,251.862363810856,3076.50506280231,Hydrological Layer,SAC N,Tank/Pond
3311,3311,1202,,No,Moderate,Inland,Man-made,,0.286798695855687,,24.2507530976,92.1649578076,Tripura,205.164964989774,2867.98695855687,Hydrological Layer,SAC N,Tank/Pond
3312,3312,1202,,No,Moderate,Inland,Man-made,,0.374028706817293,,24.2507483333,92.1626291657,Tripura,317.504120945979,3740.28706817293,Hydrological Layer,SAC N,Tank/Pond
3313,3313,1202,,No,Moderate,Inland,Man-made,,0.184050902095214,,24.2508876179,92.1633685542,Tripura,178.227100783577,1840.50902095214,Hydrological Layer,SAC N,Tank/Pond
3314,3314,1202,,No,Moderate,Inland,Man-made,,0.180440473295839,,24.2541814486,92.1566878946,Tripura,193.170334958052,1804.40473295839,Hydrological Layer,SAC N,Tank/Pond
3315,3315,1202,,No,Moderate,Inland,Man-made,,0.321010773683698,,24.2511865655,92.1535419057,Tripura,255.953796410195,3210.10773683698,Hydrological Layer,SAC N,Tank/Pond
3316,3316,1202,,No,Moderate,Inland,Man-made,,0.131518552697557,,24.2524855527,92.154440036,Tripura,179.040482314424,1315.18552697557,Hydrological Layer,SAC N,Tank/Pond
3317,3317,1202,,No,Moderate,Inland,Man-made,,0.900197080728268,,24.2528132828,92.1220227041,Tripura,725.605077430298,9001.97080728268,Hydrological Layer,SAC N,Tank/Pond
3318,3318,1202,,No,Moderate,Inland,Man-made,,0.358505229522225,,24.2535241107,92.1201071128,Tripura,420.405918869946,3585.05229522225,Hydrological Layer,SAC N,Tank/Pond
3319,3319,1202,,No,Moderate,Inland,Man-made,,0.397017734358987,,24.25198537,92.1364688749,Tripura,415.926228838791,3970.17734358987,Hydrological Layer,SAC N,Tank/Pond
3321,3321,1202,,No,Moderate,Inland,Man-made,,0.472664740976323,,24.2566497458,92.1436010054,Tripura,448.377359342894,4726.64740976323,Hydrological Layer,SAC N,Tank/Pond
3322,3322,1202,,No,Moderate,Inland,Man-made,,0.355589456630755,,24.2587150539,92.1431477991,Tripura,339.570723550011,3555.89456630755,Hydrological Layer,SAC N,Tank/Pond
3323,3323,1202,,No,Moderate,Inland,Man-made,,0.123347929619095,,24.2572277049,92.1343916093,Tripura,141.070306797561,1233.47929619095,Hydrological Layer,SAC N,Tank/Pond
3324,3324,1202,,No,Moderate,Inland,Man-made,,0.194811737325576,,24.2574198385,92.1417442343,Tripura,176.94217908382,1948.11737325576,Hydrological Layer,SAC N,Tank/Pond
3325,3325,1202,,No,Moderate,Inland,Man-made,,0.32734301593691,,24.2507990328,92.1400639056,Tripura,389.803101111536,3273.4301593691,Hydrological Layer,SAC N,Tank/Pond
3326,3326,1202,,No,Moderate,Inland,Man-made,,0.525670741115471,,24.2523691972,92.1438690623,Tripura,509.507694899582,5256.70741115471,Hydrological Layer,SAC N,Tank/Pond
3327,3327,1202,,No,Moderate,Inland,Man-made,,0.575002907926434,,24.2702401635,92.1190192995,Tripura,419.442193494315,5750.02907926434,Hydrological Layer,SAC N,Tank/Pond
3328,3328,1202,,No,Moderate,Inland,Man-made,,0.366748820434378,,24.2800181683,92.1108708242,Tripura,284.426931400009,3667.48820434378,Hydrological Layer,SAC N,Tank/Pond
3329,3329,1202,,No,Moderate,Inland,Man-made,,0.533503192684518,,24.2806784367,92.1180695192,Tripura,460.718137224891,5335.03192684518,Hydrological Layer,SAC N,Tank/Pond
3330,3330,1202,,No,Moderate,Inland,Man-made,,0.279144076825922,,24.2805085008,92.1199072493,Tripura,318.743993979507,2791.44076825922,Hydrological Layer,SAC N,Tank/Pond
3331,3331,1202,,No,Moderate,Inland,Man-made,,0.350314231714511,,24.2753237054,92.1038854039,Tripura,335.179377562928,3503.14231714511,Hydrological Layer,SAC N,Tank/Pond
3332,3332,1202,,No,Moderate,Inland,Man-made,,0.673999766195274,,24.272911666,92.0960968849,Tripura,520.226067303421,6739.99766195274,Hydrological Layer,SAC N,Tank/Pond
3410,3410,1202,,No,Moderate,Inland,Man-made,,0.432759029260618,,24.2676628463,92.0330994785,Tripura,272.165746586909,4327.59029260618,Hydrological Layer,SAC N,Tank/Pond
3333,3333,1202,,No,Moderate,Inland,Man-made,,0.321425730427075,,24.2797149101,92.1043178536,Tripura,240.506102199832,3214.25730427075,Hydrological Layer,SAC N,Tank/Pond
3334,3334,1202,,No,Moderate,Inland,Man-made,,1.84668034061307,,24.290531787,92.051613874,Tripura,886.896570855136,18466.8034061307,Hydrological Layer,SAC N,Tank/Pond
3335,3335,1202,,No,Moderate,Inland,Man-made,,0.173644839973458,,24.2912235249,92.0536702558,Tripura,176.744513766079,1736.44839973458,Hydrological Layer,SAC N,Tank/Pond
3336,3336,1202,,No,Moderate,Inland,Man-made,,0.843927049019399,,24.2895660379,92.0553995627,Tripura,444.712060427258,8439.27049019399,Hydrological Layer,SAC N,Tank/Pond
3337,3337,1202,,No,Moderate,Inland,Man-made,,0.429290432391572,,24.2904625739,92.0566918607,Tripura,303.852423181255,4292.90432391572,Hydrological Layer,SAC N,Tank/Pond
3338,3338,1202,,No,Moderate,Inland,Man-made,,0.409842086147325,,24.2921371882,92.0592228216,Tripura,300.118366309108,4098.42086147325,Hydrological Layer,SAC N,Tank/Pond
3339,3339,1202,,No,Moderate,Inland,Man-made,,0.233500103214886,,24.2846699055,92.0368844118,Tripura,195.154831780504,2335.00103214886,Hydrological Layer,SAC N,Tank/Pond
3340,3340,1202,,No,Moderate,Inland,Man-made,,0.237486819696562,,24.2839823978,92.0379320438,Tripura,206.339193262373,2374.86819696562,Hydrological Layer,SAC N,Tank/Pond
3341,3341,1202,,No,Moderate,Inland,Man-made,,0.224664019907595,,24.2871177572,92.0370828946,Tripura,183.573979944443,2246.64019907595,Hydrological Layer,SAC N,Tank/Pond
3342,3342,1202,,No,Moderate,Inland,Man-made,,0.184849692194011,,24.2887459635,92.0385649656,Tripura,162.949694044125,1848.49692194011,Hydrological Layer,SAC N,Tank/Pond
3343,3343,1202,,No,Moderate,Inland,Man-made,,0.214753408369335,,24.285310299,92.0598353677,Tripura,197.454663189431,2147.53408369335,Hydrological Layer,SAC N,Tank/Pond
3344,3344,1202,,No,Moderate,Inland,Man-made,,0.413342185473844,,24.2843689394,92.0519150522,Tripura,271.873627278574,4133.42185473844,Hydrological Layer,SAC N,Tank/Pond
3345,3345,1202,,No,Moderate,Inland,Man-made,,0.325846474666141,,24.2962860491,92.0485592872,Tripura,261.526478306232,3258.46474666141,Hydrological Layer,SAC N,Tank/Pond
3346,3346,1202,,No,Moderate,Inland,Man-made,,0.68305080085072,,24.2959512555,92.0537407624,Tripura,395.625612226048,6830.5080085072,Hydrological Layer,SAC N,Tank/Pond
3347,3347,1202,,No,Moderate,Inland,Man-made,,0.433007416925775,,24.3067225115,92.045045876,Tripura,301.590586192372,4330.07416925775,Hydrological Layer,SAC N,Tank/Pond
3348,3348,1202,,No,Moderate,Inland,Man-made,,0.154788269173295,,24.3036049028,92.0491414678,Tripura,175.23699399084,1547.88269173295,Hydrological Layer,SAC N,Tank/Pond
3349,3349,1202,,No,Moderate,Inland,Man-made,,1.14741538256601,,24.3050536142,92.0491739453,Tripura,519.428343014653,11474.1538256601,Hydrological Layer,SAC N,Tank/Pond
3350,3350,1202,,No,Moderate,Inland,Man-made,,0.719794571082915,,24.3040308939,92.0510537041,Tripura,344.370378882561,7197.94571082915,Hydrological Layer,SAC N,Tank/Pond
3351,3351,1202,,No,Moderate,Inland,Man-made,,1.2930470038413,,24.3034810546,92.054445972,Tripura,572.974766255612,12930.470038413,Hydrological Layer,SAC N,Tank/Pond
3389,3389,1202,,No,Moderate,Inland,Man-made,,0.678238367311362,,24.3612626829,92.1385248943,Tripura,468.714902703405,6782.38367311362,Hydrological Layer,SAC N,Tank/Pond
3352,3352,1202,,No,Moderate,Inland,Man-made,,0.786710244297044,,24.3021701881,92.0521755497,Tripura,513.937270802631,7867.10244297044,Hydrological Layer,SAC N,Tank/Pond
3353,3353,1202,,No,Moderate,Inland,Man-made,,1.341847505654,,24.3051332825,92.0373024959,Tripura,530.434506894885,13418.47505654,Hydrological Layer,SAC N,Tank/Pond
3354,3354,1202,,No,Moderate,Inland,Man-made,,1.19396034709574,,24.310186386,92.0387665855,Tripura,780.469646979154,11939.6034709574,Hydrological Layer,SAC N,Tank/Pond
3355,3355,1202,,No,Moderate,Inland,Man-made,,1.09795413693311,,24.3135351608,92.0416922874,Tripura,613.077389263834,10979.5413693311,Hydrological Layer,SAC N,Tank/Pond
3356,3356,1202,,No,Moderate,Inland,Man-made,,0.244112294358436,,24.3089933251,92.0465943613,Tripura,199.228856100749,2441.12294358436,Hydrological Layer,SAC N,Tank/Pond
3357,3357,1202,,No,Moderate,Inland,Man-made,,0.475466545306105,,24.3097610138,92.046453931,Tripura,332.315781483594,4754.66545306105,Hydrological Layer,SAC N,Tank/Pond
3370,3370,1202,,No,Moderate,Inland,Man-made,,0.424764190814199,,24.3343059036,92.0340439358,Tripura,331.153351732765,4247.64190814199,Hydrological Layer,SAC N,Tank/Pond
3409,3409,1202,,No,Moderate,Inland,Man-made,,0.799210467473085,,24.2720192899,92.0132406212,Tripura,367.130648418719,7992.10467473085,Hydrological Layer,SAC N,Tank/Pond
3371,3371,1202,,No,Moderate,Inland,Man-made,,0.848350152199452,,24.3374534431,92.0402886067,Tripura,841.583824751896,8483.50152199452,Hydrological Layer,SAC N,Tank/Pond
5086,5086,1202,,No,Moderate,Inland,Man-made,,0.246053235793459,,23.0939999658,91.522421562,Tripura,199.08756973177,2460.53235793459,Hydrological Layer,SAC N,Tank/Pond
3358,3358,1202,,No,Moderate,Inland,Man-made,,0.868502741981493,,24.3111868302,92.0508634238,Tripura,729.530308143203,8685.02741981493,Hydrological Layer,SAC N,Tank/Pond
3390,3390,1202,,No,Moderate,Inland,Man-made,,1.05302489070283,,24.33350071,92.1513086507,Tripura,449.708504930958,10530.2489070283,Hydrological Layer,SAC N,Tank/Pond
3391,3391,1202,,No,Moderate,Inland,Man-made,,0.576198157595643,,24.3260079568,92.1357324224,Tripura,391.203011630505,5761.98157595643,Hydrological Layer,SAC N,Tank/Pond
3359,3359,1202,,No,Moderate,Inland,Man-made,,1.18885133668971,,24.3133721776,92.0530543626,Tripura,771.002695910414,11888.5133668971,Hydrological Layer,SAC N,Tank/Pond
3360,3360,1202,,No,Moderate,Inland,Man-made,,0.28587246265766,,24.3116561493,92.05933203,Tripura,212.114601703761,2858.7246265766,Hydrological Layer,SAC N,Tank/Pond
3361,3361,1202,,No,Moderate,Inland,Man-made,,1.09585974263519,,24.3151537626,92.0543975153,Tripura,487.960880047681,10958.5974263519,Hydrological Layer,SAC N,Tank/Pond
3362,3362,1202,,No,Moderate,Inland,Man-made,,2.27991581314625,,24.3184829914,92.0431688803,Tripura,1139.34565713719,22799.1581314625,Hydrological Layer,SAC N,Tank/Pond
3363,3363,1202,,No,Moderate,Inland,Man-made,,0.732310209243119,,24.3228281222,92.0496670353,Tripura,443.8586315263,7323.10209243119,Hydrological Layer,SAC N,Tank/Pond
3364,3364,1202,,No,Moderate,Inland,Man-made,,0.542833374577863,,24.3256724187,92.0312209839,Tripura,363.200034554863,5428.33374577863,Hydrological Layer,SAC N,Tank/Pond
3365,3365,1202,,No,Moderate,Inland,Man-made,,2.37669478980439,,24.3250680147,92.0400748146,Tripura,1567.19724712519,23766.9478980439,Hydrological Layer,SAC N,Tank/Pond
3366,3366,1202,,No,Moderate,Inland,Man-made,,0.772368810944412,,24.3324865745,92.0301082362,Tripura,366.574732495835,7723.68810944412,Hydrological Layer,SAC N,Tank/Pond
5087,5087,1202,,No,Moderate,Inland,Man-made,,0.615622056611389,,23.0945321523,91.5330444991,Tripura,362.805959520441,6156.22056611389,Hydrological Layer,SAC N,Tank/Pond
3367,3367,1202,,No,Moderate,Inland,Man-made,,0.208381148998826,,24.3316860967,92.0316005937,Tripura,203.258873889549,2083.81148998826,Hydrological Layer,SAC N,Tank/Pond
3368,3368,1202,,No,Moderate,Inland,Man-made,,0.174044667207653,,24.330904074,92.0269493971,Tripura,167.142117793997,1740.44667207653,Hydrological Layer,SAC N,Tank/Pond
3372,3372,1202,,No,Moderate,Inland,Man-made,,0.782523939882542,,24.334897576,92.0374674898,Tripura,510.364577362632,7825.23939882542,Hydrological Layer,SAC N,Tank/Pond
3430,3430,1202,,No,Moderate,Inland,Man-made,,0.36220705169279,,24.2839648739,92.0187864814,Tripura,249.278040350524,3622.0705169279,Hydrological Layer,SAC N,Tank/Pond
3373,3373,1202,,No,Moderate,Inland,Man-made,,1.11255704894138,,24.3330732532,92.0378529815,Tripura,888.567274897351,11125.5704894138,Hydrological Layer,SAC N,Tank/Pond
3374,3374,1202,,No,Moderate,Inland,Man-made,,0.553836817140014,,24.3292932824,92.0367715233,Tripura,527.564771345385,5538.36817140014,Hydrological Layer,SAC N,Tank/Pond
3375,3375,1202,,No,Moderate,Inland,Man-made,,0.571093247994805,,24.3438464907,92.0272176303,Tripura,399.304482872566,5710.93247994805,Hydrological Layer,SAC N,Tank/Pond
3376,3376,1202,,No,Moderate,Inland,Man-made,,0.213486534479083,,24.3380776331,92.0321917256,Tripura,190.219332922766,2134.86534479083,Hydrological Layer,SAC N,Tank/Pond
3377,3377,1202,,No,Moderate,Inland,Man-made,,0.359576062206618,,24.3609271511,92.0362502227,Tripura,246.584006620442,3595.76062206618,Hydrological Layer,SAC N,Tank/Pond
3378,3378,1202,,No,Moderate,Inland,Man-made,,0.420400825937868,,24.3770868833,92.0189586134,Tripura,295.539190746072,4204.00825937868,Hydrological Layer,SAC N,Tank/Pond
3379,3379,1202,,No,Moderate,Inland,Man-made,,0.653860295380585,,24.3616011149,92.059552029,Tripura,367.806003188272,6538.60295380585,Hydrological Layer,SAC N,Tank/Pond
3380,3380,1202,,No,Moderate,Inland,Man-made,,0.381024018082634,,24.3555878995,92.0632280172,Tripura,321.424048452516,3810.24018082634,Hydrological Layer,SAC N,Tank/Pond
3381,3381,1202,,No,Moderate,Inland,Man-made,,0.307188383589577,,24.3578787145,92.0924578567,Tripura,230.632770391653,3071.88383589577,Hydrological Layer,SAC N,Tank/Pond
3382,3382,1202,,No,Moderate,Inland,Man-made,,0.328764945305392,,24.3517721715,92.0846389209,Tripura,241.644583440401,3287.64945305392,Hydrological Layer,SAC N,Tank/Pond
3383,3383,1202,,No,Moderate,Inland,Man-made,,0.280707749039211,,24.3720640246,92.0924260359,Tripura,273.701897978165,2807.07749039211,Hydrological Layer,SAC N,Tank/Pond
3384,3384,1202,,No,Moderate,Inland,Man-made,,0.343476831991404,,24.367581458,92.0952027155,Tripura,247.142102327728,3434.76831991404,Hydrological Layer,SAC N,Tank/Pond
5088,5088,1202,,No,Moderate,Inland,Man-made,,0.305446892445624,,23.0942117365,91.5319946092,Tripura,236.586016299593,3054.46892445624,Hydrological Layer,SAC N,Tank/Pond
3385,3385,1202,,No,Moderate,Inland,Man-made,,0.232594838650808,,24.3687505724,92.0966279563,Tripura,183.967541679687,2325.94838650808,Hydrological Layer,SAC N,Tank/Pond
3386,3386,1202,,No,Moderate,Inland,Man-made,,0.128769656686624,,24.3661315572,92.0941734271,Tripura,155.467703933578,1287.69656686624,Hydrological Layer,SAC N,Tank/Pond
3387,3387,1202,,No,Moderate,Inland,Man-made,,0.149297961910011,,24.3633894441,92.0966923846,Tripura,161.822409491247,1492.97961910011,Hydrological Layer,SAC N,Tank/Pond
3388,3388,1202,,No,Moderate,Inland,Man-made,,0.307735179171512,,24.3540134817,92.1022595053,Tripura,322.233796740838,3077.35179171512,Hydrological Layer,SAC N,Tank/Pond
3392,3392,1202,,No,Moderate,Inland,Man-made,,0.589775457379568,,24.3214714461,92.1367470132,Tripura,414.567122372185,5897.75457379568,Hydrological Layer,SAC N,Tank/Pond
3393,3393,1202,,No,Moderate,Inland,Man-made,,0.317254053888168,,24.3214334286,92.1381828188,Tripura,250.475114153562,3172.54053888168,Hydrological Layer,SAC N,Tank/Pond
3394,3394,1202,,No,Moderate,Inland,Man-made,,0.793682441971633,,24.3216486656,92.139789908,Tripura,478.703956838349,7936.82441971633,Hydrological Layer,SAC N,Tank/Pond
3395,3395,1202,,No,Moderate,Inland,Man-made,,0.558620142480109,,24.3196363728,92.1401396232,Tripura,380.088577918595,5586.20142480109,Hydrological Layer,SAC N,Tank/Pond
3396,3396,1202,,No,Moderate,Inland,Man-made,,0.295580239538118,,24.3312481901,92.1518009034,Tripura,209.423414771013,2955.80239538118,Hydrological Layer,SAC N,Tank/Pond
3397,3397,1202,,No,Moderate,Inland,Man-made,,0.207267902628558,,24.3276280647,92.1507816985,Tripura,185.64625744863,2072.67902628558,Hydrological Layer,SAC N,Tank/Pond
3398,3398,1202,,No,Moderate,Inland,Man-made,,0.307494252628218,,24.3056629928,92.1380226513,Tripura,255.340124120915,3074.94252628218,Hydrological Layer,SAC N,Tank/Pond
3399,3399,1202,,No,Moderate,Inland,Man-made,,0.579582805218866,,24.2543750729,92.0198508264,Tripura,366.395893706515,5795.82805218866,Hydrological Layer,SAC N,Tank/Pond
3400,3400,1202,,No,Moderate,Inland,Man-made,,0.18182987797227,,24.2532754292,92.0160221818,Tripura,201.487662719767,1818.2987797227,Hydrological Layer,SAC N,Tank/Pond
3401,3401,1202,,No,Moderate,Inland,Man-made,,0.53075898886577,,24.2513167403,92.0199679125,Tripura,337.989738249333,5307.5898886577,Hydrological Layer,SAC N,Tank/Pond
3402,3402,1202,,No,Moderate,Inland,Man-made,,0.40802266813926,,24.2567259057,92.0174091951,Tripura,354.667268409865,4080.2266813926,Hydrological Layer,SAC N,Tank/Pond
3403,3403,1202,,No,Moderate,Inland,Man-made,,0.260874745525852,,24.2514414277,92.0127335099,Tripura,220.979027427784,2608.74745525852,Hydrological Layer,SAC N,Tank/Pond
3404,3404,1202,,No,Moderate,Inland,Man-made,,0.462469824663859,,24.2630908616,92.0239273553,Tripura,280.995156377709,4624.69824663859,Hydrological Layer,SAC N,Tank/Pond
3405,3405,1202,,No,Moderate,Inland,Man-made,,0.594573758207366,,24.2597047349,92.0261244411,Tripura,322.503400437266,5945.73758207366,Hydrological Layer,SAC N,Tank/Pond
3406,3406,1202,,No,Moderate,Inland,Man-made,,0.494149348036252,,24.2611084512,92.0264252338,Tripura,354.918926245685,4941.49348036252,Hydrological Layer,SAC N,Tank/Pond
3408,3408,1202,,No,Moderate,Inland,Man-made,,0.394890388543119,,24.2737852608,92.014320339,Tripura,286.915312598314,3948.90388543119,Hydrological Layer,SAC N,Tank/Pond
3411,3411,1202,,No,Moderate,Inland,Man-made,,0.353359334138962,,24.2677026493,92.0315781379,Tripura,250.759288895084,3533.59334138962,Hydrological Layer,SAC N,Tank/Pond
3412,3412,1202,,No,Moderate,Inland,Man-made,,0.710841164074224,,24.2612414949,92.0362568157,Tripura,372.490774730807,7108.41164074224,Hydrological Layer,SAC N,Tank/Pond
3413,3413,1202,,No,Moderate,Inland,Man-made,,0.632896265504487,,24.2518343044,92.0406509983,Tripura,366.652918334693,6328.96265504487,Hydrological Layer,SAC N,Tank/Pond
3431,3431,1202,,No,Moderate,Inland,Man-made,,0.290929715064791,,24.2844345063,92.0180582637,Tripura,218.578342305946,2909.29715064791,Hydrological Layer,SAC N,Tank/Pond
3414,3414,1202,,No,Moderate,Inland,Man-made,,0.660413214073711,,24.2552234693,92.0404924857,Tripura,388.821874053264,6604.13214073711,Hydrological Layer,SAC N,Tank/Pond
3415,3415,1202,,No,Moderate,Inland,Man-made,,0.340874490358677,,24.257470396,92.0422836062,Tripura,254.396261320773,3408.74490358677,Hydrological Layer,SAC N,Tank/Pond
3416,3416,1202,,No,Moderate,Inland,Man-made,,1.30725063384371,,24.259221436,92.0391638469,Tripura,845.262638602381,13072.5063384371,Hydrological Layer,SAC N,Tank/Pond
3417,3417,1202,,No,Moderate,Inland,Man-made,,0.788062418806594,,24.2580378288,92.0458725118,Tripura,576.310216847417,7880.62418806594,Hydrological Layer,SAC N,Tank/Pond
3418,3418,1202,,No,Moderate,Inland,Man-made,,0.347785429324623,,24.2572865433,92.0501784788,Tripura,282.895922677189,3477.85429324623,Hydrological Layer,SAC N,Tank/Pond
3419,3419,1202,,No,Moderate,Inland,Man-made,,0.521375885498634,,24.25382139,92.0533028888,Tripura,277.020497121592,5213.75885498634,Hydrological Layer,SAC N,Tank/Pond
3420,3420,1202,,No,Moderate,Inland,Man-made,,0.839221654175263,,24.2599355181,92.0555169415,Tripura,427.338141028616,8392.21654175263,Hydrological Layer,SAC N,Tank/Pond
3421,3421,1202,,No,Moderate,Inland,Man-made,,0.358333268899187,,24.2608716922,92.0563122522,Tripura,263.959370843706,3583.33268899187,Hydrological Layer,SAC N,Tank/Pond
3422,3422,1202,,No,Moderate,Inland,Man-made,,0.68442234986389,,24.2603460561,92.0579993669,Tripura,333.338744610523,6844.2234986389,Hydrological Layer,SAC N,Tank/Pond
3423,3423,1202,,No,Moderate,Inland,Man-made,,1.34447730596552,,24.2581111602,92.0577096986,Tripura,624.48692191871,13444.7730596552,Hydrological Layer,SAC N,Tank/Pond
3424,3424,1202,,No,Moderate,Inland,Man-made,,0.3398509392509,,24.2652878917,92.0384698174,Tripura,261.819711670965,3398.509392509,Hydrological Layer,SAC N,Tank/Pond
3425,3425,1202,,No,Moderate,Inland,Man-made,,1.26242821838121,,24.2637535727,92.0414802129,Tripura,845.937020847902,12624.2821838121,Hydrological Layer,SAC N,Tank/Pond
3426,3426,1202,,No,Moderate,Inland,Man-made,,0.2794183950215,,24.2716250986,92.060916209,Tripura,214.256892701826,2794.183950215,Hydrological Layer,SAC N,Tank/Pond
3427,3427,1202,,No,Moderate,Inland,Man-made,,0.320386219312972,,24.2804935323,92.0198618651,Tripura,211.03922627213,3203.86219312972,Hydrological Layer,SAC N,Tank/Pond
3428,3428,1202,,No,Moderate,Inland,Man-made,,0.714595516498614,,24.2814762826,92.020313298,Tripura,337.226034565912,7145.95516498614,Hydrological Layer,SAC N,Tank/Pond
3429,3429,1202,,No,Moderate,Inland,Man-made,,0.354448232273861,,24.2833894583,92.019548225,Tripura,253.407216759496,3544.48232273861,Hydrological Layer,SAC N,Tank/Pond
3432,3432,1202,,No,Moderate,Inland,Man-made,,0.668409967317086,,24.2873393386,92.0174897536,Tripura,338.185067734581,6684.09967317086,Hydrological Layer,SAC N,Tank/Pond
3433,3433,1202,,No,Moderate,Inland,Man-made,,0.525975610706618,,24.2870219142,92.0165393116,Tripura,318.466123809398,5259.75610706618,Hydrological Layer,SAC N,Tank/Pond
3434,3434,1202,,No,Moderate,Inland,Man-made,,0.13625191706846,,24.2849185806,92.0163827418,Tripura,151.750951626105,1362.5191706846,Hydrological Layer,SAC N,Tank/Pond
3435,3435,1202,,No,Moderate,Inland,Man-made,,0.233711357637844,,24.2807699361,92.0056694245,Tripura,212.338852198141,2337.11357637844,Hydrological Layer,SAC N,Tank/Pond
3436,3436,1202,,No,Moderate,Inland,Man-made,,0.515911887468651,,24.2881984739,92.0078666859,Tripura,444.023503803934,5159.11887468651,Hydrological Layer,SAC N,Tank/Pond
3437,3437,1202,,No,Moderate,Inland,Man-made,,0.339920207046394,,24.2910123362,92.0015801856,Tripura,235.876418948238,3399.20207046394,Hydrological Layer,SAC N,Tank/Pond
3438,3438,1202,,No,Moderate,Inland,Man-made,,1.42379992710302,,24.3149847731,91.9322252665,Tripura,847.13584119904,14237.9992710302,Hydrological Layer,SAC N,Tank/Pond
3439,3439,1202,,No,Moderate,Inland,Man-made,,1.45394755315715,,24.3152816036,91.9728240509,Tripura,616.003533325905,14539.4755315715,Hydrological Layer,SAC N,Tank/Pond
3440,3440,1202,,No,Moderate,Inland,Man-made,,0.920926173335379,,24.3112242497,91.9793171977,Tripura,510.414969326551,9209.26173335379,Hydrological Layer,SAC N,Tank/Pond
3441,3441,1202,,No,Moderate,Inland,Man-made,,0.470648434446904,,24.3128813734,91.9783567491,Tripura,347.719980047614,4706.48434446904,Hydrological Layer,SAC N,Tank/Pond
3442,3442,1202,,No,Moderate,Inland,Man-made,,0.301274408980899,,24.3290302634,91.9429944511,Tripura,288.11690351689,3012.74408980899,Hydrological Layer,SAC N,Tank/Pond
3443,3443,1202,,No,Moderate,Inland,Man-made,,0.403132125174567,,24.3317366846,91.9493566721,Tripura,426.374570421564,4031.32125174567,Hydrological Layer,SAC N,Tank/Pond
3445,3445,1202,,No,Moderate,Inland,Man-made,,0.129887363527795,,24.3201459608,91.9515752833,Tripura,146.716425815266,1298.87363527795,Hydrological Layer,SAC N,Tank/Pond
3446,3446,1202,,No,Moderate,Inland,Man-made,,0.244287792304723,,24.3266999359,91.9597453362,Tripura,221.076631703038,2442.87792304723,Hydrological Layer,SAC N,Tank/Pond
3447,3447,1202,,No,Moderate,Inland,Man-made,,0.248007606960044,,24.2981613848,91.9364390344,Tripura,220.959354989094,2480.07606960044,Hydrological Layer,SAC N,Tank/Pond
3448,3448,1202,,No,Moderate,Inland,Man-made,,0.439531037827982,,24.3021290734,91.9457219015,Tripura,282.419931076041,4395.31037827982,Hydrological Layer,SAC N,Tank/Pond
3449,3449,1202,,No,Moderate,Inland,Man-made,,0.618688821994532,,24.3061492685,91.9449844958,Tripura,432.302100356975,6186.88821994532,Hydrological Layer,SAC N,Tank/Pond
3623,3623,1202,,No,Moderate,Inland,Man-made,,0.285255307519081,,24.0639824653,91.9472776339,Tripura,265.282813144135,2852.55307519081,Hydrological Layer,SAC N,Tank/Pond
3450,3450,1202,,No,Moderate,Inland,Man-made,,0.738935914865332,,24.3052555333,91.9462855963,Tripura,537.626652245727,7389.35914865332,Hydrological Layer,SAC N,Tank/Pond
3451,3451,1202,,No,Moderate,Inland,Man-made,,1.56579541218523,,24.2861137581,91.9516807609,Tripura,825.18254415274,15657.9541218523,Hydrological Layer,SAC N,Tank/Pond
3452,3452,1202,,No,Moderate,Inland,Man-made,,0.234183386700226,,24.2856105401,91.952694758,Tripura,202.01842355584,2341.83386700226,Hydrological Layer,SAC N,Tank/Pond
3453,3453,1202,,No,Moderate,Inland,Man-made,,0.25707964773603,,24.2844397019,91.9524604605,Tripura,205.366075390986,2570.7964773603,Hydrological Layer,SAC N,Tank/Pond
3454,3454,1202,,No,Moderate,Inland,Man-made,,0.46946813005741,,24.2833250805,91.9403040389,Tripura,429.804478839642,4694.6813005741,Hydrological Layer,SAC N,Tank/Pond
3455,3455,1202,,No,Moderate,Inland,Man-made,,0.298554911599235,,24.2839186783,91.9437253062,Tripura,214.186559764974,2985.54911599235,Hydrological Layer,SAC N,Tank/Pond
3456,3456,1202,,No,Moderate,Inland,Man-made,,0.189150647025575,,24.2519188912,91.9548808436,Tripura,166.617044709757,1891.50647025575,Hydrological Layer,SAC N,Tank/Pond
3457,3457,1202,,No,Moderate,Inland,Man-made,,0.245502466798121,,24.2518703685,91.9539480332,Tripura,193.545436547648,2455.02466798121,Hydrological Layer,SAC N,Tank/Pond
3458,3458,1202,,No,Moderate,Inland,Man-made,,0.454964451905194,,24.2511065024,91.9595416707,Tripura,251.08362111787,4549.64451905194,Hydrological Layer,SAC N,Tank/Pond
3459,3459,1202,,No,Moderate,Inland,Man-made,,0.432122437395519,,24.254093981,91.9551560988,Tripura,537.301553642846,4321.22437395519,Hydrological Layer,SAC N,Tank/Pond
3489,3489,1202,,No,Moderate,Inland,Man-made,,0.977690220569534,,24.2961053857,92.0251985136,Tripura,393.046963885889,9776.90220569534,Hydrological Layer,SAC N,Tank/Pond
3460,3460,1202,,No,Moderate,Inland,Man-made,,1.37200538968477,,24.2541504574,91.9585776821,Tripura,1215.35011141082,13720.0538968477,Hydrological Layer,SAC N,Tank/Pond
5089,5089,1202,,No,Moderate,Inland,Man-made,,0.720600627572651,,23.0603720005,91.5537385704,Tripura,349.868079432452,7206.00627572651,Hydrological Layer,SAC N,Tank/Pond
3461,3461,1202,,No,Moderate,Inland,Man-made,,0.599452057294114,,24.2500856424,91.9911217948,Tripura,394.924204757808,5994.52057294114,Hydrological Layer,SAC N,Tank/Pond
3462,3462,1202,,No,Moderate,Inland,Man-made,,0.527803052725307,,24.2517908101,91.985949396,Tripura,325.260765329671,5278.03052725307,Hydrological Layer,SAC N,Tank/Pond
3463,3463,1202,,No,Moderate,Inland,Man-made,,0.372408231814109,,24.2529480394,91.9817098307,Tripura,378.011083730207,3724.08231814109,Hydrological Layer,SAC N,Tank/Pond
3464,3464,1202,,No,Moderate,Inland,Man-made,,0.308832838292035,,24.2557597885,91.9810783973,Tripura,221.931117160577,3088.32838292035,Hydrological Layer,SAC N,Tank/Pond
3465,3465,1202,,No,Moderate,Inland,Man-made,,0.25016346532831,,24.2554373137,91.9842794242,Tripura,211.885547722107,2501.6346532831,Hydrological Layer,SAC N,Tank/Pond
3466,3466,1202,,No,Moderate,Inland,Man-made,,0.521723594340776,,24.2781732502,91.9899987445,Tripura,343.558055987074,5217.23594340776,Hydrological Layer,SAC N,Tank/Pond
3467,3467,1202,,No,Moderate,Inland,Man-made,,0.246921491181345,,24.2725965395,91.9831448801,Tripura,240.903946990006,2469.21491181345,Hydrological Layer,SAC N,Tank/Pond
3468,3468,1202,,No,Moderate,Inland,Man-made,,1.08772491346308,,24.3004732175,91.980157548,Tripura,930.988701368761,10877.2491346308,Hydrological Layer,SAC N,Tank/Pond
3469,3469,1202,,No,Moderate,Inland,Man-made,,0.31053275664753,,24.2999301033,91.983725085,Tripura,297.657682842508,3105.3275664753,Hydrological Layer,SAC N,Tank/Pond
3470,3470,1202,,No,Moderate,Inland,Man-made,,0.518634217556326,,24.3026571374,91.9819722341,Tripura,462.521653676081,5186.34217556326,Hydrological Layer,SAC N,Tank/Pond
3471,3471,1202,,No,Moderate,Inland,Man-made,,0.355414337378461,,24.3052119586,91.9871944855,Tripura,226.652003630792,3554.14337378461,Hydrological Layer,SAC N,Tank/Pond
3472,3472,1202,,No,Moderate,Inland,Man-made,,0.541486563117408,,24.3059406141,91.9881724695,Tripura,361.360766067756,5414.86563117408,Hydrological Layer,SAC N,Tank/Pond
3473,3473,1202,,No,Moderate,Inland,Man-made,,0.757347575772614,,24.3054750758,91.9897809712,Tripura,555.256751010324,7573.47575772614,Hydrological Layer,SAC N,Tank/Pond
3474,3474,1202,,No,Moderate,Inland,Man-made,,0.214376462279,,24.3042584728,91.9904767003,Tripura,171.607717130829,2143.76462279,Hydrological Layer,SAC N,Tank/Pond
3475,3475,1202,,No,Moderate,Inland,Man-made,,0.424358997066339,,24.3127363922,91.9903969549,Tripura,239.353918892705,4243.58997066339,Hydrological Layer,SAC N,Tank/Pond
3476,3476,1202,,No,Moderate,Inland,Man-made,,0.230407792153967,,24.3089368833,91.9894794835,Tripura,200.252474785741,2304.07792153967,Hydrological Layer,SAC N,Tank/Pond
3477,3477,1202,,No,Moderate,Inland,Man-made,,0.655706750536364,,24.3086768785,91.9909998596,Tripura,430.201168534662,6557.06750536364,Hydrological Layer,SAC N,Tank/Pond
3478,3478,1202,,No,Moderate,Inland,Man-made,,0.285835605216816,,24.3169929944,91.986540708,Tripura,225.001247916025,2858.35605216816,Hydrological Layer,SAC N,Tank/Pond
3479,3479,1202,,No,Moderate,Inland,Man-made,,0.400749918288241,,24.3066060945,91.9809855364,Tripura,266.647145953091,4007.49918288241,Hydrological Layer,SAC N,Tank/Pond
3480,3480,1202,,No,Moderate,Inland,Man-made,,0.374930602961161,,24.3072275696,91.985401198,Tripura,327.347368059785,3749.30602961161,Hydrological Layer,SAC N,Tank/Pond
3481,3481,1202,,No,Moderate,Inland,Man-made,,0.637370628413311,,24.3120240915,91.9840967221,Tripura,368.450249484837,6373.70628413311,Hydrological Layer,SAC N,Tank/Pond
3482,3482,1202,,No,Moderate,Inland,Man-made,,1.40885625277949,,24.2903558008,92.0212980696,Tripura,727.829964142813,14088.5625277949,Hydrological Layer,SAC N,Tank/Pond
3483,3483,1202,,No,Moderate,Inland,Man-made,,0.103374431549026,,24.2936541314,92.0221054778,Tripura,130.197367775773,1033.74431549026,Hydrological Layer,SAC N,Tank/Pond
3484,3484,1202,,No,Moderate,Inland,Man-made,,1.0065562078545,,24.2932969122,92.023298678,Tripura,456.633946353949,10065.562078545,Hydrological Layer,SAC N,Tank/Pond
3485,3485,1202,,No,Moderate,Inland,Man-made,,0.762259992269807,,24.2899716263,92.0196415894,Tripura,540.696273064507,7622.59992269807,Hydrological Layer,SAC N,Tank/Pond
3486,3486,1202,,No,Moderate,Inland,Man-made,,0.531098301986247,,24.2900499057,92.0170103292,Tripura,342.454324156353,5310.98301986247,Hydrological Layer,SAC N,Tank/Pond
3487,3487,1202,,No,Moderate,Inland,Man-made,,0.859825270579393,,24.2929657646,92.0173644878,Tripura,587.264280518341,8598.25270579393,Hydrological Layer,SAC N,Tank/Pond
3488,3488,1202,,No,Moderate,Inland,Man-made,,0.29911801535419,,24.2973489878,92.0126178799,Tripura,221.195516384301,2991.1801535419,Hydrological Layer,SAC N,Tank/Pond
3490,3490,1202,,No,Moderate,Inland,Man-made,,0.487796359382788,,24.2962159869,92.0354199898,Tripura,279.780261284098,4877.96359382788,Hydrological Layer,SAC N,Tank/Pond
3491,3491,1202,,No,Moderate,Inland,Man-made,,0.285542797888671,,24.3146121328,92.0136221308,Tripura,217.226362677512,2855.42797888671,Hydrological Layer,SAC N,Tank/Pond
3492,3492,1202,,No,Moderate,Inland,Man-made,,0.152031574753217,,24.3173825302,92.0132801434,Tripura,157.301590954934,1520.31574753217,Hydrological Layer,SAC N,Tank/Pond
3493,3493,1202,,No,Moderate,Inland,Man-made,,0.254942561143073,,24.3142441049,92.0190153121,Tripura,202.809264787773,2549.42561143073,Hydrological Layer,SAC N,Tank/Pond
3494,3494,1202,,No,Moderate,Inland,Man-made,,0.646516050076902,,24.3222576508,92.0232346955,Tripura,395.83090427384,6465.16050076902,Hydrological Layer,SAC N,Tank/Pond
3495,3495,1202,,No,Moderate,Inland,Man-made,,0.208289592380857,,24.3058955922,92.0317576239,Tripura,186.38345891623,2082.89592380857,Hydrological Layer,SAC N,Tank/Pond
3496,3496,1202,,No,Moderate,Inland,Man-made,,0.592682713090119,,24.304948289,92.0272502216,Tripura,424.651952975444,5926.82713090119,Hydrological Layer,SAC N,Tank/Pond
3497,3497,1202,,No,Moderate,Inland,Man-made,,1.40086805967628,,24.2427952777,92.2846157818,Tripura,516.953386714291,14008.6805967628,Hydrological Layer,SAC N,Tank/Pond
3498,3498,1202,,No,Moderate,Inland,Man-made,,0.6182910078892,,24.2409896874,92.2843213748,Tripura,332.033510844054,6182.910078892,Hydrological Layer,SAC N,Tank/Pond
3499,3499,1202,,No,Moderate,Inland,Man-made,,0.699060226115471,,24.2395426025,92.2838154575,Tripura,391.766031175353,6990.60226115471,Hydrological Layer,SAC N,Tank/Pond
3500,3500,1202,,No,Moderate,Inland,Man-made,,2.03025010718102,,24.2248777184,92.2783505629,Tripura,963.847640756044,20302.5010718102,Hydrological Layer,SAC N,Tank/Pond
3501,3501,1202,,No,Moderate,Inland,Man-made,,0.373234402156945,,24.2390122686,92.2614776236,Tripura,240.927444269728,3732.34402156945,Hydrological Layer,SAC N,Tank/Pond
3502,3502,1202,,No,Moderate,Inland,Man-made,,0.841512046774969,,24.2284584165,92.2874811963,Tripura,482.782372455488,8415.1204677497,Hydrological Layer,SAC N,Tank/Pond
3503,3503,1202,,No,Moderate,Inland,Man-made,,0.918438315780679,,24.2318462752,92.2948897036,Tripura,766.427149902433,9184.38315780679,Hydrological Layer,SAC N,Tank/Pond
3504,3504,1202,,No,Moderate,Inland,Man-made,,0.460357238792732,,24.2357866056,92.278416841,Tripura,272.999376285286,4603.57238792732,Hydrological Layer,SAC N,Tank/Pond
3515,3515,1202,,No,Moderate,Inland,Man-made,,0.453414367824521,,24.2501804229,92.2859680152,Tripura,332.636602225812,4534.14367824521,Hydrological Layer,SAC N,Tank/Pond
3505,3505,1202,,No,Moderate,Inland,Man-made,,0.691404560138065,,24.2329559248,92.2710330333,Tripura,528.859002334612,6914.04560138065,Hydrological Layer,SAC N,Tank/Pond
3506,3506,1202,,No,Moderate,Inland,Man-made,,1.73939564120102,,24.2359306192,92.2710918947,Tripura,1146.57475208389,17393.9564120102,Hydrological Layer,SAC N,Tank/Pond
3507,3507,1202,,No,Moderate,Inland,Man-made,,0.419100363920029,,24.2448856808,92.2548771486,Tripura,249.929885208964,4191.00363920029,Hydrological Layer,SAC N,Tank/Pond
3508,3508,1202,,No,Moderate,Inland,Man-made,,0.756541908603359,,24.2402940843,92.2521617364,Tripura,479.984525536128,7565.41908603359,Hydrological Layer,SAC N,Tank/Pond
3509,3509,1202,,No,Moderate,Inland,Man-made,,0.660687649771957,,24.2496258438,92.2611643547,Tripura,537.874487088966,6606.87649771957,Hydrological Layer,SAC N,Tank/Pond
3510,3510,1202,,No,Moderate,Inland,Man-made,,0.5520666279809,,24.2479440803,92.2615318309,Tripura,544.882528449604,5520.666279809,Hydrological Layer,SAC N,Tank/Pond
3511,3511,1202,,No,Moderate,Inland,Man-made,,0.923800225084225,,24.2507308815,92.2793819804,Tripura,553.590876526035,9238.00225084225,Hydrological Layer,SAC N,Tank/Pond
3562,3562,1202,,No,Moderate,Inland,Man-made,,0.290558542540251,,24.1005615744,92.0137263771,Tripura,270.887996428454,2905.58542540251,Hydrological Layer,SAC N,Tank/Pond
3512,3512,1202,,No,Moderate,Inland,Man-made,,1.60662079572789,,24.25067931,92.2818543326,Tripura,905.794053888523,16066.2079572789,Hydrological Layer,SAC N,Tank/Pond
3513,3513,1202,,No,Moderate,Inland,Man-made,,0.261434394033515,,24.251195695,92.2883744391,Tripura,217.41303007018,2614.34394033515,Hydrological Layer,SAC N,Tank/Pond
3514,3514,1202,,No,Moderate,Inland,Man-made,,0.220160861011237,,24.2519066012,92.2879446304,Tripura,173.79179070817,2201.60861011237,Hydrological Layer,SAC N,Tank/Pond
3516,3516,1202,,No,Moderate,Inland,Man-made,,0.512885401305708,,24.2475241339,92.2772995571,Tripura,361.758024134385,5128.85401305708,Hydrological Layer,SAC N,Tank/Pond
3517,3517,1202,,No,Moderate,Inland,Man-made,,0.564356283905263,,24.2332631179,92.2893210842,Tripura,376.789635772493,5643.56283905263,Hydrological Layer,SAC N,Tank/Pond
3518,3518,1202,,No,Moderate,Inland,Man-made,,0.256315430821947,,24.2393020624,92.2908901139,Tripura,214.748557917742,2563.15430821947,Hydrological Layer,SAC N,Tank/Pond
3944,3944,1202,,No,Moderate,Inland,Man-made,,0.355374960195867,,23.8589441902,91.4057325392,Tripura,257.658249719011,3553.74960195867,Hydrological Layer,SAC N,Tank/Pond
3519,3519,1202,,No,Moderate,Inland,Man-made,,0.266929889938135,,24.2360442533,92.2905472804,Tripura,278.859546398324,2669.29889938136,Hydrological Layer,SAC N,Tank/Pond
3520,3520,1202,,No,Moderate,Inland,Man-made,,0.185084216755207,,24.2372006728,92.2935636145,Tripura,198.660385029608,1850.84216755207,Hydrological Layer,SAC N,Tank/Pond
3521,3521,1202,,No,Moderate,Inland,Man-made,,0.761244449671194,,24.2380981978,92.277648229,Tripura,437.272438458616,7612.44449671194,Hydrological Layer,SAC N,Tank/Pond
3522,3522,1202,,No,Moderate,Inland,Man-made,,0.52733702880732,,24.2181681535,92.2790580742,Tripura,397.230965026706,5273.3702880732,Hydrological Layer,SAC N,Tank/Pond
3523,3523,1202,,No,Moderate,Inland,Man-made,,1.27213083564384,,24.2151530165,92.2928375965,Tripura,612.546936295347,12721.3083564384,Hydrological Layer,SAC N,Tank/Pond
3524,3524,1202,,No,Moderate,Inland,Man-made,,0.5528775011887,,24.2106639999,92.2870138122,Tripura,513.832805126585,5528.775011887,Hydrological Layer,SAC N,Tank/Pond
3525,3525,1202,,No,Moderate,Inland,Man-made,,0.25846907042826,,24.213375186,92.2896409118,Tripura,221.831428967454,2584.6907042826,Hydrological Layer,SAC N,Tank/Pond
3548,3548,1202,,No,Moderate,Inland,Man-made,,1.10594529782998,,24.0314621727,92.1440072487,Tripura,670.68418628928,11059.4529782998,Hydrological Layer,SAC N,Tank/Pond
3530,3530,1202,,No,Moderate,Inland,Man-made,,1.25192442098975,,24.2086262911,92.2969925284,Tripura,958.399747818007,12519.2442098975,Hydrological Layer,SAC N,Tank/Pond
3549,3549,1202,,No,Moderate,Inland,Man-made,,0.705317165171889,,24.0150638976,92.1505903322,Tripura,377.430422525111,7053.17165171889,Hydrological Layer,SAC N,Tank/Pond
3531,3531,1202,,No,Moderate,Inland,Man-made,,0.786291606079787,,24.2047614284,92.2954285202,Tripura,441.616211621794,7862.91606079787,Hydrological Layer,SAC N,Tank/Pond
3526,3526,1202,,No,Moderate,Inland,Man-made,,3.36129971116077,,24.2069913603,92.2889838778,Tripura,1973.98138323555,33612.9971116077,Hydrological Layer,SAC N,Tank/Pond
3527,3527,1202,,No,Moderate,Inland,Man-made,,4.07976730125003,,24.2020335247,92.2879336737,Tripura,1585.46049073262,40797.6730125003,Hydrological Layer,SAC N,Tank/Pond
3528,3528,1202,,No,Moderate,Inland,Man-made,,2.69139775212816,,24.1976965476,92.2861515613,Tripura,1409.64375819726,26913.9775212816,Hydrological Layer,SAC N,Tank/Pond
3529,3529,1202,,No,Moderate,Inland,Man-made,,2.83776057365639,,24.1942460858,92.2876536803,Tripura,1756.38924342778,28377.6057365639,Hydrological Layer,SAC N,Tank/Pond
3532,3532,1202,,No,Moderate,Inland,Man-made,,0.357154978185,,24.2057974962,92.2945067569,Tripura,334.994933002991,3571.54978185,Hydrological Layer,SAC N,Tank/Pond
3533,3533,1202,,No,Moderate,Inland,Man-made,,1.15229693123316,,24.200467149,92.3031310911,Tripura,608.320576671349,11522.9693123316,Hydrological Layer,SAC N,Tank/Pond
3534,3534,1202,,No,Moderate,Inland,Man-made,,0.531549362440213,,24.2032476881,92.3028749502,Tripura,480.355579927485,5315.49362440213,Hydrological Layer,SAC N,Tank/Pond
3535,3535,1202,,No,Moderate,Inland,Man-made,,0.44025180755184,,24.2032913769,92.3080285745,Tripura,425.659715155407,4402.5180755184,Hydrological Layer,SAC N,Tank/Pond
3536,3536,1202,,No,Moderate,Inland,Man-made,,0.405249914225751,,24.2045602274,92.3071701495,Tripura,345.896218685009,4052.49914225751,Hydrological Layer,SAC N,Tank/Pond
3537,3537,1202,,No,Moderate,Inland,Man-made,,0.349936290064261,,24.2056702389,92.3060878597,Tripura,535.424362373652,3499.36290064261,Hydrological Layer,SAC N,Tank/Pond
3538,3538,1202,,No,Moderate,Inland,Man-made,,1.08933771055979,,24.1935942892,92.3116305927,Tripura,750.83483991134,10893.3771055979,Hydrological Layer,SAC N,Tank/Pond
3539,3539,1202,,No,Moderate,Inland,Man-made,,0.614540368437797,,24.190994924,92.3242952148,Tripura,486.327450969581,6145.40368437797,Hydrological Layer,SAC N,Tank/Pond
3540,3540,1202,,No,Moderate,Inland,Man-made,,1.42732608810614,,24.1973057876,92.3044449976,Tripura,640.185939810877,14273.2608810614,Hydrological Layer,SAC N,Tank/Pond
3547,3547,1202,,No,Moderate,Inland,Man-made,,0.82871370559086,,24.0291844992,92.1685536454,Tripura,530.643153768295,8287.1370559086,Hydrological Layer,SAC N,Tank/Pond
3550,3550,1202,,No,Moderate,Inland,Man-made,,0.57588039069572,,24.0107942506,92.1476531644,Tripura,383.694893342637,5758.8039069572,Hydrological Layer,SAC N,Tank/Pond
3671,3671,1202,,No,Moderate,Inland,Man-made,,0.331343654261949,,24.0327538155,91.5699353574,Tripura,218.701194832246,3313.43654261949,Hydrological Layer,SAC N,Tank/Pond
3541,3541,1202,,No,Moderate,Inland,Man-made,,3.85572226095238,,24.1959378229,92.3069730549,Tripura,1465.44189983171,38557.2226095238,Hydrological Layer,SAC N,Tank/Pond
3542,3542,1202,,No,Moderate,Inland,Man-made,,0.995787477237067,,24.1954125213,92.3042155724,Tripura,876.905019306319,9957.87477237067,Hydrological Layer,SAC N,Tank/Pond
3543,3543,1202,,No,Moderate,Inland,Man-made,,1.66924433318623,,24.1973680675,92.3160642074,Tripura,867.229402442867,16692.4433318623,Hydrological Layer,SAC N,Tank/Pond
3544,3544,1202,,No,Moderate,Inland,Man-made,,4.5463629590268,,24.1980298682,92.3111017323,Tripura,2104.91510672041,45463.629590268,Hydrological Layer,SAC N,Tank/Pond
3545,3545,1202,,No,Moderate,Inland,Man-made,,1.22092732263483,,24.2005405198,92.3090599799,Tripura,706.572457813354,12209.2732263483,Hydrological Layer,SAC N,Tank/Pond
3546,3546,1202,,No,Moderate,Inland,Man-made,,5.89525678537968,,24.1667155252,92.2435129428,Tripura,1768.02512587733,58952.5678537968,Hydrological Layer,SAC N,Tank/Pond
3561,3561,1202,,No,Moderate,Inland,Man-made,,0.392142741908805,,24.0788345594,92.037294873,Tripura,330.395422498646,3921.42741908805,Hydrological Layer,SAC N,Tank/Pond
3551,3551,1202,,No,Moderate,Inland,Man-made,,1.00879563843165,,24.0084859046,92.1488765736,Tripura,703.270537557024,10087.9563843165,Hydrological Layer,SAC N,Tank/Pond
3552,3552,1202,,No,Moderate,Inland,Man-made,,1.71741691084489,,24.0091055219,92.1500023363,Tripura,876.072910474595,17174.1691084489,Hydrological Layer,SAC N,Tank/Pond
3553,3553,1202,,No,Moderate,Inland,Man-made,,1.13148645384015,,24.0061335586,92.1509543493,Tripura,785.92899332755,11314.8645384015,Hydrological Layer,SAC N,Tank/Pond
3554,3554,1202,,No,Moderate,Inland,Man-made,,0.441691776784366,,23.9970036014,92.1489786203,Tripura,356.681078668966,4416.91776784366,Hydrological Layer,SAC N,Tank/Pond
3556,3556,1202,,No,Moderate,Inland,Man-made,,0.901103747604665,,24.0675199489,92.0235994421,Tripura,515.405038192137,9011.03747604665,Hydrological Layer,SAC N,Tank/Pond
3557,3557,1202,,No,Moderate,Inland,Man-made,,0.174671619587422,,24.0657413951,92.0267874114,Tripura,203.535986679259,1746.71619587422,Hydrological Layer,SAC N,Tank/Pond
3558,3558,1202,,No,Moderate,Inland,Man-made,,0.371925447149024,,24.0656063158,92.0285310997,Tripura,332.017878954316,3719.25447149024,Hydrological Layer,SAC N,Tank/Pond
3559,3559,1202,,No,Moderate,Inland,Man-made,,0.352229288972029,,24.085110031,92.0377833405,Tripura,363.846157889488,3522.29288972029,Hydrological Layer,SAC N,Tank/Pond
3560,3560,1202,,No,Moderate,Inland,Man-made,,0.197889789859034,,24.0803644699,92.0343977441,Tripura,168.618450805958,1978.89789859034,Hydrological Layer,SAC N,Tank/Pond
3563,3563,1202,,No,Moderate,Inland,Man-made,,0.467148232647152,,24.1138614673,92.024814986,Tripura,259.783074426746,4671.48232647152,Hydrological Layer,SAC N,Tank/Pond
5091,5091,1202,,No,Moderate,Inland,Man-made,,0.526084432730404,,23.0451445736,91.588727763,Tripura,442.973618939006,5260.84432730404,Hydrological Layer,SAC N,Tank/Pond
3564,3564,1202,,No,Moderate,Inland,Man-made,,1.13363652036703,,24.1108905968,92.0307294218,Tripura,800.689418612765,11336.3652036703,Hydrological Layer,SAC N,Tank/Pond
3565,3565,1202,,No,Moderate,Inland,Man-made,,0.721833932108637,,24.1219054222,92.0401144962,Tripura,532.631925853837,7218.33932108637,Hydrological Layer,SAC N,Tank/Pond
3566,3566,1202,,No,Moderate,Inland,Man-made,,0.724643011226639,,24.1264650557,92.0376766562,Tripura,716.276561819272,7246.43011226639,Hydrological Layer,SAC N,Tank/Pond
3567,3567,1202,,No,Moderate,Inland,Man-made,,0.263041505181386,,24.1299410523,92.0370617963,Tripura,267.240810821651,2630.41505181386,Hydrological Layer,SAC N,Tank/Pond
3568,3568,1202,,No,Moderate,Inland,Man-made,,1.30112505614222,,24.1409592755,92.0551880746,Tripura,897.904436984811,13011.2505614222,Hydrological Layer,SAC N,Tank/Pond
3569,3569,1202,,No,Moderate,Inland,Man-made,,0.41774307779425,,24.1079625373,92.0150858366,Tripura,334.472969886636,4177.4307779425,Hydrological Layer,SAC N,Tank/Pond
3570,3570,1202,,No,Moderate,Inland,Man-made,,0.623920226856824,,24.1067974327,92.0157621277,Tripura,500.163566284874,6239.20226856824,Hydrological Layer,SAC N,Tank/Pond
3571,3571,1202,,No,Moderate,Inland,Man-made,,0.20181856877695,,24.1285785933,92.0234359517,Tripura,197.452018759534,2018.1856877695,Hydrological Layer,SAC N,Tank/Pond
3572,3572,1202,,No,Moderate,Inland,Man-made,,0.28034788893289,,24.1295152466,92.0229176118,Tripura,207.798605689931,2803.4788893289,Hydrological Layer,SAC N,Tank/Pond
3601,3601,1202,,No,Moderate,Inland,Man-made,,0.335067877364262,,24.0267808628,91.9739660071,Tripura,228.343529945975,3350.67877364262,Hydrological Layer,SAC N,Tank/Pond
3585,3585,1202,,No,Moderate,Inland,Man-made,,0.250762996321734,,24.0915784509,91.9731102196,Tripura,226.085210492072,2507.62996321734,Hydrological Layer,SAC N,Tank/Pond
3573,3573,1202,,No,Moderate,Inland,Man-made,,0.336449104517905,,24.1300656889,92.0223607136,Tripura,251.475545579854,3364.49104517905,Hydrological Layer,SAC N,Tank/Pond
3574,3574,1202,,No,Moderate,Inland,Man-made,,0.18431248463238,,24.1305739412,92.0218064611,Tripura,165.975164995998,1843.1248463238,Hydrological Layer,SAC N,Tank/Pond
3575,3575,1202,,No,Moderate,Inland,Man-made,,0.82461058923963,,24.0995801139,92.0088361701,Tripura,711.916239788395,8246.1058923963,Hydrological Layer,SAC N,Tank/Pond
3576,3576,1202,,No,Moderate,Inland,Man-made,,0.568319434330906,,24.1088320574,92.0045857372,Tripura,475.477723965501,5683.19434330906,Hydrological Layer,SAC N,Tank/Pond
3577,3577,1202,,No,Moderate,Inland,Man-made,,0.600943212512952,,24.1006682115,92.038882186,Tripura,422.357005566853,6009.43212512952,Hydrological Layer,SAC N,Tank/Pond
3578,3578,1202,,No,Moderate,Inland,Man-made,,0.860865626729742,,24.1122391637,92.0333903183,Tripura,765.403281180077,8608.65626729742,Hydrological Layer,SAC N,Tank/Pond
3580,3580,1202,,No,Moderate,Inland,Man-made,,0.857000400099103,,24.1294427604,91.9902883389,Tripura,418.162798847648,8570.00400099103,Hydrological Layer,SAC N,Tank/Pond
3581,3581,1202,,No,Moderate,Inland,Man-made,,0.865206466883675,,24.0898412615,91.9757662476,Tripura,546.612686389864,8652.06466883675,Hydrological Layer,SAC N,Tank/Pond
3582,3582,1202,,No,Moderate,Inland,Man-made,,1.24684458104816,,24.0883114031,91.9756286801,Tripura,588.009242105712,12468.4458104816,Hydrological Layer,SAC N,Tank/Pond
3583,3583,1202,,No,Moderate,Inland,Man-made,,1.62288308725981,,24.0861070227,91.9776928532,Tripura,892.962950507642,16228.8308725981,Hydrological Layer,SAC N,Tank/Pond
3584,3584,1202,,No,Moderate,Inland,Man-made,,0.338855511462105,,24.0892254096,91.9728644122,Tripura,269.562780670018,3388.55511462105,Hydrological Layer,SAC N,Tank/Pond
3586,3586,1202,,No,Moderate,Inland,Man-made,,0.669409488322303,,24.0924114318,91.9745960826,Tripura,428.018139786315,6694.09488322303,Hydrological Layer,SAC N,Tank/Pond
3587,3587,1202,,No,Moderate,Inland,Man-made,,1.09237888291582,,24.0688691291,91.9634301748,Tripura,493.44254396809,10923.7888291582,Hydrological Layer,SAC N,Tank/Pond
3588,3588,1202,,No,Moderate,Inland,Man-made,,0.381096176096947,,24.0738661607,91.958050612,Tripura,259.832977666192,3810.96176096947,Hydrological Layer,SAC N,Tank/Pond
3589,3589,1202,,No,Moderate,Inland,Man-made,,0.283368183697426,,24.0731240679,91.959621449,Tripura,209.67552498824,2833.68183697426,Hydrological Layer,SAC N,Tank/Pond
3590,3590,1202,,No,Moderate,Inland,Man-made,,0.141335353438433,,24.074266593,91.9590396045,Tripura,157.518175038567,1413.35353438433,Hydrological Layer,SAC N,Tank/Pond
3591,3591,1202,,No,Moderate,Inland,Man-made,,0.302458970242318,,24.0749670029,91.9581072659,Tripura,213.985916453945,3024.58970242318,Hydrological Layer,SAC N,Tank/Pond
3592,3592,1202,,No,Moderate,Inland,Man-made,,0.546068474428817,,24.0762338298,91.9563151347,Tripura,374.750099451031,5460.68474428817,Hydrological Layer,SAC N,Tank/Pond
3593,3593,1202,,No,Moderate,Inland,Man-made,,0.420802533008565,,24.0719589517,91.9690991477,Tripura,290.982090733437,4208.02533008565,Hydrological Layer,SAC N,Tank/Pond
3594,3594,1202,,No,Moderate,Inland,Man-made,,0.218078006854873,,24.0733303529,91.9669271881,Tripura,190.095047608088,2180.78006854873,Hydrological Layer,SAC N,Tank/Pond
3595,3595,1202,,No,Moderate,Inland,Man-made,,0.409592531172674,,24.0294155931,91.9489416969,Tripura,269.184726733132,4095.92531172674,Hydrological Layer,SAC N,Tank/Pond
3596,3596,1202,,No,Moderate,Inland,Man-made,,0.508433304536718,,24.0256747359,91.9540122666,Tripura,339.83637243001,5084.33304536718,Hydrological Layer,SAC N,Tank/Pond
3597,3597,1202,,No,Moderate,Inland,Man-made,,1.39872402643325,,24.0238570812,91.971138046,Tripura,495.138641869281,13987.2402643325,Hydrological Layer,SAC N,Tank/Pond
3598,3598,1202,,No,Moderate,Inland,Man-made,,0.285642057718856,,24.0261756135,91.9687774345,Tripura,202.426284196672,2856.42057718856,Hydrological Layer,SAC N,Tank/Pond
3599,3599,1202,,No,Moderate,Inland,Man-made,,0.782408087320832,,24.0253031095,91.9702971523,Tripura,454.387100136447,7824.08087320832,Hydrological Layer,SAC N,Tank/Pond
3600,3600,1202,,No,Moderate,Inland,Man-made,,0.215428321342276,,24.0268697106,91.9701126924,Tripura,179.083740821154,2154.28321342276,Hydrological Layer,SAC N,Tank/Pond
3602,3602,1202,,No,Moderate,Inland,Man-made,,0.22939880947101,,24.0261607473,91.9746202603,Tripura,210.691722613515,2293.9880947101,Hydrological Layer,SAC N,Tank/Pond
3603,3603,1202,,No,Moderate,Inland,Man-made,,0.26430868839811,,24.0267779127,91.9749080551,Tripura,193.633658621359,2643.0868839811,Hydrological Layer,SAC N,Tank/Pond
3604,3604,1202,,No,Moderate,Inland,Man-made,,1.12580983232408,,24.019316668,91.9720981328,Tripura,461.919063810586,11258.0983232408,Hydrological Layer,SAC N,Tank/Pond
3605,3605,1202,,No,Moderate,Inland,Man-made,,0.439463742110323,,24.018310397,91.9728964234,Tripura,306.980261068247,4394.63742110323,Hydrological Layer,SAC N,Tank/Pond
3622,3622,1202,,No,Moderate,Inland,Man-made,,0.587801985426257,,24.0646862924,91.9438649906,Tripura,369.748788726883,5878.01985426257,Hydrological Layer,SAC N,Tank/Pond
3606,3606,1202,,No,Moderate,Inland,Man-made,,0.672710701692694,,24.0185325699,91.9740267256,Tripura,331.603613014626,6727.10701692694,Hydrological Layer,SAC N,Tank/Pond
3607,3607,1202,,No,Moderate,Inland,Man-made,,0.394305778437656,,24.0193212423,91.9759596764,Tripura,289.732231666385,3943.05778437656,Hydrological Layer,SAC N,Tank/Pond
3609,3609,1202,,No,Moderate,Inland,Man-made,,0.35110212589049,,24.0185142735,91.9771303832,Tripura,255.304140453918,3511.0212589049,Hydrological Layer,SAC N,Tank/Pond
3610,3610,1202,,No,Moderate,Inland,Man-made,,0.184515745338431,,24.0199963405,91.9755196961,Tripura,186.837169117795,1845.15745338431,Hydrological Layer,SAC N,Tank/Pond
3611,3611,1202,,No,Moderate,Inland,Man-made,,0.230455777749176,,24.019790525,91.9745193923,Tripura,254.561593672652,2304.55777749176,Hydrological Layer,SAC N,Tank/Pond
3612,3612,1202,,No,Moderate,Inland,Man-made,,0.593593702622672,,24.0138538847,91.9731254961,Tripura,436.721189672656,5935.93702622672,Hydrological Layer,SAC N,Tank/Pond
3613,3613,1202,,No,Moderate,Inland,Man-made,,0.831656931881091,,24.0381089528,91.9982572392,Tripura,543.618951018374,8316.56931881091,Hydrological Layer,SAC N,Tank/Pond
3614,3614,1202,,No,Moderate,Inland,Man-made,,0.222629724299811,,24.0389353854,91.996908841,Tripura,182.468288268965,2226.29724299811,Hydrological Layer,SAC N,Tank/Pond
3615,3615,1202,,No,Moderate,Inland,Man-made,,0.588613882303352,,24.0412159394,91.9984145049,Tripura,354.012826732219,5886.13882303352,Hydrological Layer,SAC N,Tank/Pond
3616,3616,1202,,No,Moderate,Inland,Man-made,,0.871274124836249,,24.0410095001,91.9995897444,Tripura,481.628606233239,8712.74124836249,Hydrological Layer,SAC N,Tank/Pond
3617,3617,1202,,No,Moderate,Inland,Man-made,,0.707858951930977,,24.0375015164,91.9899766726,Tripura,436.169032090377,7078.58951930977,Hydrological Layer,SAC N,Tank/Pond
3618,3618,1202,,No,Moderate,Inland,Man-made,,0.591167668228554,,24.0241015312,91.987859984,Tripura,326.225582904236,5911.67668228554,Hydrological Layer,SAC N,Tank/Pond
3619,3619,1202,,No,Moderate,Inland,Man-made,,0.415791341500991,,24.0511648517,91.9485120899,Tripura,300.190624108872,4157.91341500991,Hydrological Layer,SAC N,Tank/Pond
3620,3620,1202,,No,Moderate,Inland,Man-made,,0.240426389112515,,24.0508127666,91.9474278728,Tripura,208.740518613588,2404.26389112515,Hydrological Layer,SAC N,Tank/Pond
3621,3621,1202,,No,Moderate,Inland,Man-made,,0.303247025864679,,24.0605354339,91.9415204897,Tripura,209.563194616737,3032.47025864679,Hydrological Layer,SAC N,Tank/Pond
3624,3624,1202,,No,Moderate,Inland,Man-made,,0.219449213819659,,24.0725205115,91.9403377299,Tripura,206.533423258817,2194.49213819659,Hydrological Layer,SAC N,Tank/Pond
3625,3625,1202,,No,Moderate,Inland,Man-made,,0.225846269126741,,24.0728791773,91.9411218605,Tripura,178.890743127427,2258.46269126741,Hydrological Layer,SAC N,Tank/Pond
3626,3626,1202,,No,Moderate,Inland,Man-made,,0.103084975035786,,24.0733002536,91.9408260638,Tripura,132.45639570207,1030.84975035786,Hydrological Layer,SAC N,Tank/Pond
3627,3627,1202,,No,Moderate,Inland,Man-made,,0.633378286570778,,24.0751821094,91.9424789629,Tripura,388.02320597522,6333.78286570778,Hydrological Layer,SAC N,Tank/Pond
3628,3628,1202,,No,Moderate,Inland,Man-made,,0.932226989779235,,24.0275511148,91.8487083622,Tripura,438.180346452135,9322.26989779235,Hydrological Layer,SAC N,Tank/Pond
3629,3629,1202,,No,Moderate,Inland,Man-made,,0.367132994312354,,24.023586029,91.847174906,Tripura,270.071211271181,3671.32994312354,Hydrological Layer,SAC N,Tank/Pond
3630,3630,1202,,No,Moderate,Inland,Man-made,,0.226200624532082,,24.0239268412,91.8462760153,Tripura,181.172184833537,2262.00624532082,Hydrological Layer,SAC N,Tank/Pond
3631,3631,1202,,No,Moderate,Inland,Man-made,,0.504213292957323,,24.0328816582,91.8330239406,Tripura,270.463128188481,5042.13292957323,Hydrological Layer,SAC N,Tank/Pond
3632,3632,1202,,No,Moderate,Inland,Man-made,,0.614146566521535,,24.0214259317,91.8312042706,Tripura,352.757906096994,6141.46566521535,Hydrological Layer,SAC N,Tank/Pond
3633,3633,1202,,No,Moderate,Inland,Man-made,,0.558572321120842,,24.0217477224,91.8299063097,Tripura,356.336036850969,5585.72321120842,Hydrological Layer,SAC N,Tank/Pond
3634,3634,1202,,No,Moderate,Inland,Man-made,,0.439873823893835,,24.0232543045,91.8332735986,Tripura,342.799258438178,4398.73823893835,Hydrological Layer,SAC N,Tank/Pond
3635,3635,1202,,No,Moderate,Inland,Man-made,,0.229629408532027,,24.0230677761,91.8321158464,Tripura,203.127354048773,2296.29408532027,Hydrological Layer,SAC N,Tank/Pond
3636,3636,1202,,No,Moderate,Inland,Man-made,,0.17580121272274,,24.0232413565,91.8313438537,Tripura,185.312324715566,1758.0121272274,Hydrological Layer,SAC N,Tank/Pond
3637,3637,1202,,No,Moderate,Inland,Man-made,,0.776410695901723,,24.0303249229,91.834645155,Tripura,793.385369295997,7764.10695901723,Hydrological Layer,SAC N,Tank/Pond
3638,3638,1202,,No,Moderate,Inland,Man-made,,0.616798829955593,,24.0417368743,91.8307322396,Tripura,374.817849709224,6167.98829955593,Hydrological Layer,SAC N,Tank/Pond
3640,3640,1202,,No,Moderate,Inland,Man-made,,0.457376339308618,,24.0349043449,91.8153767294,Tripura,311.385453510695,4573.76339308618,Hydrological Layer,SAC N,Tank/Pond
3641,3641,1202,,No,Moderate,Inland,Man-made,,0.706159502617417,,24.0310166545,91.8142098964,Tripura,495.304201027835,7061.59502617417,Hydrological Layer,SAC N,Tank/Pond
3642,3642,1202,,No,Moderate,Inland,Man-made,,0.415964256877136,,24.0304479363,91.8157629354,Tripura,402.383562188183,4159.64256877136,Hydrological Layer,SAC N,Tank/Pond
3643,3643,1202,,No,Moderate,Inland,Man-made,,0.740105485621989,,24.0003488792,91.8050112541,Tripura,683.658245900745,7401.05485621989,Hydrological Layer,SAC N,Tank/Pond
3644,3644,1202,,No,Moderate,Inland,Man-made,,0.472556875257821,,24.0018036404,91.8059433556,Tripura,408.910090234029,4725.56875257821,Hydrological Layer,SAC N,Tank/Pond
3945,3945,1202,,No,Moderate,Inland,Man-made,,0.290321436386954,,23.858828536,91.4079358398,Tripura,231.218083897833,2903.21436386954,Hydrological Layer,SAC N,Tank/Pond
3645,3645,1202,,No,Moderate,Inland,Man-made,,0.941722954281028,,24.0082678363,91.8072983898,Tripura,626.469644819153,9417.22954281028,Hydrological Layer,SAC N,Tank/Pond
3646,3646,1202,,No,Moderate,Inland,Man-made,,0.626720350045534,,24.0056642449,91.8054458783,Tripura,520.254035286628,6267.20350045534,Hydrological Layer,SAC N,Tank/Pond
3647,3647,1202,,No,Moderate,Inland,Man-made,,0.461222897946796,,24.0054297191,91.8033981695,Tripura,497.181345758223,4612.22897946796,Hydrological Layer,SAC N,Tank/Pond
3648,3648,1202,,No,Moderate,Inland,Man-made,,1.04945302499324,,24.009085786,91.8319407912,Tripura,700.065270449698,10494.5302499324,Hydrological Layer,SAC N,Tank/Pond
3649,3649,1202,,No,Moderate,Inland,Man-made,,0.871064162822129,,24.0319579571,91.8392946266,Tripura,668.940301441978,8710.64162822129,Hydrological Layer,SAC N,Tank/Pond
3774,3774,1202,,No,Moderate,Inland,Man-made,,0.812605433683972,,23.9201424513,91.6129065785,Tripura,399.278441554961,8126.05433683972,Hydrological Layer,SAC N,Tank/Pond
3650,3650,1202,,No,Moderate,Inland,Man-made,,0.427127105317667,,24.0222045785,91.8350752753,Tripura,393.668788477512,4271.27105317667,Hydrological Layer,SAC N,Tank/Pond
3651,3651,1202,,No,Moderate,Inland,Man-made,,0.444824499107765,,24.0214990861,91.8395740824,Tripura,396.947114867401,4448.24499107765,Hydrological Layer,SAC N,Tank/Pond
3652,3652,1202,,No,Moderate,Inland,Man-made,,0.694684250528053,,23.9681693504,91.9831223237,Tripura,398.179556015489,6946.84250528053,Hydrological Layer,SAC N,Tank/Pond
3653,3653,1202,,No,Moderate,Inland,Man-made,,0.510953185924729,,23.9897825225,91.9729416983,Tripura,366.444337013493,5109.53185924729,Hydrological Layer,SAC N,Tank/Pond
3654,3654,1202,,No,Moderate,Inland,Man-made,,0.47088375081423,,23.9852690767,91.9694129861,Tripura,291.373103954821,4708.8375081423,Hydrological Layer,SAC N,Tank/Pond
3655,3655,1202,,No,Moderate,Inland,Man-made,,0.415243570920315,,23.987101275,91.9714520196,Tripura,309.334575928261,4152.43570920315,Hydrological Layer,SAC N,Tank/Pond
3656,3656,1202,,No,Moderate,Inland,Man-made,,0.368945261340498,,23.9886143682,91.9646633901,Tripura,256.307852520743,3689.45261340498,Hydrological Layer,SAC N,Tank/Pond
3657,3657,1202,,No,Moderate,Inland,Man-made,,0.640917834859264,,23.9898016689,91.9623658663,Tripura,428.963931938451,6409.17834859264,Hydrological Layer,SAC N,Tank/Pond
3658,3658,1202,,No,Moderate,Inland,Man-made,,0.518695958880296,,23.9840249818,91.9684775756,Tripura,458.105426051574,5186.95958880296,Hydrological Layer,SAC N,Tank/Pond
3659,3659,1202,,No,Moderate,Inland,Man-made,,1.45990884718205,,23.994847169,91.9730558334,Tripura,873.850254521979,14599.0884718205,Hydrological Layer,SAC N,Tank/Pond
3660,3660,1202,,No,Moderate,Inland,Man-made,,0.404141398312758,,24.0025728011,91.9677191487,Tripura,251.768654519562,4041.41398312758,Hydrological Layer,SAC N,Tank/Pond
3672,3672,1202,,No,Moderate,Inland,Man-made,,0.528792983237626,,24.0310730642,91.5702652543,Tripura,380.126599356701,5287.92983237626,Hydrological Layer,SAC N,Tank/Pond
3673,3673,1202,,No,Moderate,Inland,Man-made,,0.507487455456509,,24.0295357017,91.5680695852,Tripura,393.522934750887,5074.87455456509,Hydrological Layer,SAC N,Tank/Pond
3674,3674,1202,,No,Moderate,Inland,Man-made,,1.16090867262601,,24.0275250346,91.5664982812,Tripura,1059.04185979893,11609.0867262601,Hydrological Layer,SAC N,Tank/Pond
3775,3775,1202,,No,Moderate,Inland,Man-made,,0.251477716911925,,23.9215010718,91.6132020108,Tripura,187.984993567679,2514.77716911925,Hydrological Layer,SAC N,Tank/Pond
3685,3685,1202,,No,Moderate,Inland,Man-made,,0.519382168388306,,23.9923553303,91.6118743992,Tripura,296.192186737097,5193.82168388306,Hydrological Layer,SAC N,Tank/Pond
3669,3669,1202,,No,Moderate,Inland,Man-made,,0.554157162134026,,24.0319506296,91.5614297837,Tripura,407.530139463163,5541.57162134026,Hydrological Layer,SAC N,Tank/Pond
3686,3686,1202,,No,Moderate,Inland,Man-made,,0.55563121567816,,23.9896621141,91.6122508716,Tripura,404.369832673516,5556.3121567816,Hydrological Layer,SAC N,Tank/Pond
3728,3728,1202,,No,Moderate,Inland,Man-made,,0.733175214602764,,23.9011905857,91.6442536335,Tripura,522.90209146351,7331.75214602764,Hydrological Layer,SAC N,Tank/Pond
5092,5092,1202,,No,Moderate,Inland,Man-made,,0.234300659647956,,23.0475060994,91.5957991703,Tripura,256.670763319304,2343.00659647956,Hydrological Layer,SAC N,Tank/Pond
5093,5093,1202,,No,Moderate,Inland,Man-made,,0.230650700166356,,23.0423842847,91.5858652017,Tripura,250.118069630632,2306.50700166356,Hydrological Layer,SAC N,Tank/Pond
3661,3661,1202,,No,Moderate,Inland,Man-made,,2.67600936844724,,24.057928801,91.5353994634,Tripura,1809.65124179429,26760.0936844724,Hydrological Layer,SAC N,Tank/Pond
3662,3662,1202,,No,Moderate,Inland,Man-made,,0.488663835195198,,24.0565996457,91.5396891946,Tripura,341.640341856983,4886.63835195198,Hydrological Layer,SAC N,Tank/Pond
3663,3663,1202,,No,Moderate,Inland,Man-made,,0.627624817747998,,24.0607283376,91.5548091762,Tripura,371.566197379624,6276.24817747998,Hydrological Layer,SAC N,Tank/Pond
3664,3664,1202,,No,Moderate,Inland,Man-made,,0.630759809228278,,24.0626537037,91.5629926634,Tripura,413.875031013737,6307.59809228278,Hydrological Layer,SAC N,Tank/Pond
3665,3665,1202,,No,Moderate,Inland,Man-made,,1.09311352193236,,24.0402764831,91.5913563048,Tripura,583.453272265633,10931.1352193236,Hydrological Layer,SAC N,Tank/Pond
3666,3666,1202,,No,Moderate,Inland,Man-made,,1.20689358237201,,24.0425113096,91.5916317867,Tripura,548.347598751082,12068.9358237201,Hydrological Layer,SAC N,Tank/Pond
3667,3667,1202,,No,Moderate,Inland,Man-made,,0.66298696024336,,24.0425816798,91.5905625558,Tripura,392.634631745049,6629.8696024336,Hydrological Layer,SAC N,Tank/Pond
3668,3668,1202,,No,Moderate,Inland,Man-made,,0.515377409678942,,24.0417234122,91.5925519842,Tripura,386.481368156393,5153.77409678942,Hydrological Layer,SAC N,Tank/Pond
3670,3670,1202,,No,Moderate,Inland,Man-made,,0.119621534218386,,24.0330693679,91.5606904047,Tripura,144.215829062579,1196.21534218386,Hydrological Layer,SAC N,Tank/Pond
3725,3725,1202,,No,Moderate,Inland,Man-made,,0.273350865110199,,23.8998485628,91.6409041917,Tripura,220.087272201524,2733.50865110198,Hydrological Layer,SAC N,Tank/Pond
3675,3675,1202,,No,Moderate,Inland,Man-made,,2.1652885170603,,24.0092855721,91.6121843505,Tripura,1527.54730065857,21652.885170603,Hydrological Layer,SAC N,Tank/Pond
3676,3676,1202,,No,Moderate,Inland,Man-made,,0.688892790730974,,24.0124387801,91.6040617393,Tripura,622.901141752664,6888.92790730974,Hydrological Layer,SAC N,Tank/Pond
3677,3677,1202,,No,Moderate,Inland,Man-made,,0.296319632951222,,24.0121892551,91.6071281724,Tripura,292.893179677728,2963.19632951222,Hydrological Layer,SAC N,Tank/Pond
3678,3678,1202,,No,Moderate,Inland,Man-made,,1.06661342932746,,23.997189991,91.6047340108,Tripura,497.355885705512,10666.1342932746,Hydrological Layer,SAC N,Tank/Pond
3679,3679,1202,,No,Moderate,Inland,Man-made,,0.844690121797606,,24.0023046909,91.6049387568,Tripura,646.314504914155,8446.90121797606,Hydrological Layer,SAC N,Tank/Pond
3680,3680,1202,,No,Moderate,Inland,Man-made,,1.16766593507064,,23.9997293972,91.6122287588,Tripura,750.651601610556,11676.6593507064,Hydrological Layer,SAC N,Tank/Pond
3681,3681,1202,,No,Moderate,Inland,Man-made,,0.853277762367097,,24.0012627779,91.6124295479,Tripura,392.316337374888,8532.77762367097,Hydrological Layer,SAC N,Tank/Pond
3682,3682,1202,,No,Moderate,Inland,Man-made,,1.06214310624591,,23.9921206232,91.6137711741,Tripura,667.568669450556,10621.4310624591,Hydrological Layer,SAC N,Tank/Pond
3683,3683,1202,,No,Moderate,Inland,Man-made,,0.748401698930783,,23.9906266432,91.6139198562,Tripura,498.703183585402,7484.01698930783,Hydrological Layer,SAC N,Tank/Pond
3684,3684,1202,,No,Moderate,Inland,Man-made,,0.446239153262272,,23.991786055,91.6106524717,Tripura,306.244740205418,4462.39153262272,Hydrological Layer,SAC N,Tank/Pond
3687,3687,1202,,No,Moderate,Inland,Man-made,,0.573132536433825,,23.9870508594,91.6029775551,Tripura,463.741842518285,5731.32536433825,Hydrological Layer,SAC N,Tank/Pond
3688,3688,1202,,No,Moderate,Inland,Man-made,,0.766602795178291,,23.9857840208,91.6074782612,Tripura,491.23288187951,7666.02795178291,Hydrological Layer,SAC N,Tank/Pond
3689,3689,1202,,No,Moderate,Inland,Man-made,,1.27006316716526,,23.9832075882,91.6079749955,Tripura,894.293955055324,12700.6316716526,Hydrological Layer,SAC N,Tank/Pond
3690,3690,1202,,No,Moderate,Inland,Man-made,,1.05099001592355,,23.9840474224,91.6095096734,Tripura,686.716734470486,10509.9001592355,Hydrological Layer,SAC N,Tank/Pond
3691,3691,1202,,No,Moderate,Inland,Man-made,,0.69749102411589,,23.9845819734,91.5918839289,Tripura,542.378955916229,6974.9102411589,Hydrological Layer,SAC N,Tank/Pond
3692,3692,1202,,No,Moderate,Inland,Man-made,,0.601620450382942,,23.9846549913,91.5931424038,Tripura,536.735684011405,6016.20450382942,Hydrological Layer,SAC N,Tank/Pond
3693,3693,1202,,No,Moderate,Inland,Man-made,,0.741822199674055,,23.9863393101,91.5988868348,Tripura,521.134099413639,7418.22199674055,Hydrological Layer,SAC N,Tank/Pond
3694,3694,1202,,No,Moderate,Inland,Man-made,,1.1765824806582,,23.9873475539,91.5955487822,Tripura,1042.23103716804,11765.824806582,Hydrological Layer,SAC N,Tank/Pond
3695,3695,1202,,No,Moderate,Inland,Man-made,,1.15929424889829,,23.9879107034,91.5972993829,Tripura,859.777624971941,11592.9424889829,Hydrological Layer,SAC N,Tank/Pond
3696,3696,1202,,No,Moderate,Inland,Man-made,,0.347508044530401,,23.9873705464,91.6056243441,Tripura,320.720484030111,3475.08044530401,Hydrological Layer,SAC N,Tank/Pond
3697,3697,1202,,No,Moderate,Inland,Man-made,,0.883548880293358,,23.9884057092,91.6050732203,Tripura,744.389046417205,8835.48880293358,Hydrological Layer,SAC N,Tank/Pond
3698,3698,1202,,No,Moderate,Inland,Man-made,,1.24098501252992,,24.0000453768,91.507095585,Tripura,811.071360781624,12409.8501252992,Hydrological Layer,SAC N,Tank/Pond
3699,3699,1202,,No,Moderate,Inland,Man-made,,0.487626337412787,,23.9988131114,91.5207894038,Tripura,509.361963236239,4876.26337412787,Hydrological Layer,SAC N,Tank/Pond
3700,3700,1202,,No,Moderate,Inland,Man-made,,0.252962297845769,,23.9986032955,91.5233392818,Tripura,296.038099063451,2529.62297845769,Hydrological Layer,SAC N,Tank/Pond
3701,3701,1202,,No,Moderate,Inland,Man-made,,0.350619379401935,,23.983706746,91.5490456024,Tripura,223.82387439697,3506.19379401935,Hydrological Layer,SAC N,Tank/Pond
3702,3702,1202,,No,Moderate,Inland,Man-made,,0.424569044870186,,23.9797556741,91.5516709315,Tripura,468.559056935802,4245.69044870186,Hydrological Layer,SAC N,Tank/Pond
3703,3703,1202,,No,Moderate,Inland,Man-made,,0.830124821928588,,23.9806402896,91.5509624669,Tripura,764.804369738428,8301.24821928588,Hydrological Layer,SAC N,Tank/Pond
3704,3704,1202,,No,Moderate,Inland,Man-made,,0.555663232476994,,23.9703874783,91.5320212245,Tripura,337.516805858283,5556.63232476994,Hydrological Layer,SAC N,Tank/Pond
3705,3705,1202,,No,Moderate,Inland,Man-made,,0.483206551393727,,23.9687283497,91.5315666656,Tripura,370.606572871517,4832.06551393727,Hydrological Layer,SAC N,Tank/Pond
3721,3721,1202,,No,Moderate,Inland,Man-made,,0.987618416613583,,23.9081748206,91.6459718472,Tripura,530.638425416836,9876.18416613583,Hydrological Layer,SAC N,Tank/Pond
3706,3706,1202,,No,Moderate,Inland,Man-made,,0.741051777455656,,23.9676928572,91.5312580364,Tripura,447.59472356673,7410.51777455656,Hydrological Layer,SAC N,Tank/Pond
3726,3726,1202,,No,Moderate,Inland,Man-made,,0.400736090431614,,23.9001241913,91.6422118463,Tripura,276.394693060494,4007.36090431614,Hydrological Layer,SAC N,Tank/Pond
3977,3977,1202,,No,Moderate,Inland,Man-made,,0.132365143016728,,23.9931398518,91.304064445,Tripura,148.040717332099,1323.65143016728,Hydrological Layer,SAC N,Tank/Pond
3732,3732,1202,,No,Moderate,Inland,Man-made,,0.922503201538555,,23.895157027,91.6450195045,Tripura,670.506153116262,9225.03201538555,Hydrological Layer,SAC N,Tank/Pond
3816,3816,1202,,No,Moderate,Inland,Man-made,,0.123794386234453,,23.8900352232,91.6238844954,Tripura,142.873290783536,1237.94386234453,Hydrological Layer,SAC N,Tank/Pond
3707,3707,1202,,No,Moderate,Inland,Man-made,,2.01220268696896,,23.9704288713,91.5419704722,Tripura,1352.91052112238,20122.0268696896,Hydrological Layer,SAC N,Tank/Pond
3708,3708,1202,,No,Moderate,Inland,Man-made,,0.190389248817705,,23.9681023086,91.5414676303,Tripura,207.296732451758,1903.89248817705,Hydrological Layer,SAC N,Tank/Pond
3709,3709,1202,,No,Moderate,Inland,Man-made,,1.15338535235682,,23.9561552811,91.551221452,Tripura,1053.2194378965,11533.8535235682,Hydrological Layer,SAC N,Tank/Pond
3710,3710,1202,,No,Moderate,Inland,Man-made,,0.899548255070932,,23.9525132564,91.5510740392,Tripura,815.234866971641,8995.48255070932,Hydrological Layer,SAC N,Tank/Pond
3711,3711,1202,,No,Moderate,Inland,Man-made,,0.547313357028275,,23.9519684933,91.5524007527,Tripura,513.003316936594,5473.13357028275,Hydrological Layer,SAC N,Tank/Pond
3720,3720,1202,,No,Moderate,Inland,Man-made,,2.73890764291656,,23.9067849286,91.6462108652,Tripura,1369.61949775018,27389.0764291656,Hydrological Layer,SAC N,Tank/Pond
3927,3927,1202,,No,Moderate,Inland,Man-made,,0.586738666560685,,23.8465623552,91.3952513165,Tripura,392.136734926066,5867.38666560685,Hydrological Layer,SAC N,Tank/Pond
3712,3712,1202,,No,Moderate,Inland,Man-made,,1.22916542313011,,23.947577103,91.5600258924,Tripura,1008.85495521443,12291.6542313011,Hydrological Layer,SAC N,Tank/Pond
3713,3713,1202,,No,Moderate,Inland,Man-made,,0.80309733461958,,23.9425977157,91.5664585856,Tripura,477.161957960048,8030.9733461958,Hydrological Layer,SAC N,Tank/Pond
3727,3727,1202,,No,Moderate,Inland,Man-made,,0.350482907393455,,23.9002345416,91.6437092377,Tripura,294.005383308933,3504.82907393455,Hydrological Layer,SAC N,Tank/Pond
3781,3781,1202,,No,Moderate,Inland,Man-made,,0.783082635592257,,23.9333698688,91.5986466154,Tripura,416.141111482196,7830.82635592257,Hydrological Layer,SAC N,Tank/Pond
3714,3714,1202,,No,Moderate,Inland,Man-made,,1.56122225285551,,23.9437824981,91.5668888526,Tripura,827.300750645774,15612.2225285551,Hydrological Layer,SAC N,Tank/Pond
3715,3715,1202,,No,Moderate,Inland,Man-made,,0.28200991583834,,23.9419772709,91.5768302769,Tripura,212.691075504879,2820.0991583834,Hydrological Layer,SAC N,Tank/Pond
3757,3757,1202,,No,Moderate,Inland,Man-made,,1.25200943413859,,23.8573605911,91.6136707559,Tripura,585.645635829414,12520.0943413859,Hydrological Layer,SAC N,Tank/Pond
3716,3716,1202,,No,Moderate,Inland,Man-made,,1.87760858342116,,23.940033139,91.5787674567,Tripura,1114.45666422626,18776.0858342116,Hydrological Layer,SAC N,Tank/Pond
3717,3717,1202,,No,Moderate,Inland,Man-made,,0.377773145793,,23.9417604794,91.5784044198,Tripura,329.600136562062,3777.73145793,Hydrological Layer,SAC N,Tank/Pond
3718,3718,1202,,No,Moderate,Inland,Man-made,,1.21594662387344,,23.9030300127,91.6464410336,Tripura,577.541486690965,12159.4662387344,Hydrological Layer,SAC N,Tank/Pond
3719,3719,1202,,No,Moderate,Inland,Man-made,,4.15187518371358,,23.9043577108,91.6470876044,Tripura,1541.66647575357,41518.7518371358,Hydrological Layer,SAC N,Tank/Pond
3722,3722,1202,,No,Moderate,Inland,Man-made,,1.57826088986038,,23.9090097158,91.6515192016,Tripura,566.358627432275,15782.6088986038,Hydrological Layer,SAC N,Tank/Pond
3723,3723,1202,,No,Moderate,Inland,Man-made,,0.953248394428708,,23.9030027116,91.6370144475,Tripura,477.265547534937,9532.48394428708,Hydrological Layer,SAC N,Tank/Pond
3724,3724,1202,,No,Moderate,Inland,Man-made,,0.447644494242548,,23.9038666076,91.6358716041,Tripura,372.790391520527,4476.44494242548,Hydrological Layer,SAC N,Tank/Pond
3729,3729,1202,,No,Moderate,Inland,Man-made,,0.615054882724194,,23.9017957321,91.6457042226,Tripura,398.490689899276,6150.54882724194,Hydrological Layer,SAC N,Tank/Pond
3730,3730,1202,,No,Moderate,Inland,Man-made,,0.472858883648551,,23.8920722955,91.6451741747,Tripura,272.299581468409,4728.58883648551,Hydrological Layer,SAC N,Tank/Pond
3731,3731,1202,,No,Moderate,Inland,Man-made,,0.936938470676521,,23.893433505,91.6451843021,Tripura,439.873418961565,9369.38470676522,Hydrological Layer,SAC N,Tank/Pond
3733,3733,1202,,No,Moderate,Inland,Man-made,,1.86266957658071,,23.8860471588,91.6011023733,Tripura,1172.38154369391,18626.6957658071,Hydrological Layer,SAC N,Tank/Pond
3734,3734,1202,,No,Moderate,Inland,Man-made,,0.860755703728838,,23.8868152757,91.6097600394,Tripura,762.87895448372,8607.55703728838,Hydrological Layer,SAC N,Tank/Pond
3735,3735,1202,,No,Moderate,Inland,Man-made,,0.61255898264711,,23.8849400451,91.5998882225,Tripura,541.729265049524,6125.5898264711,Hydrological Layer,SAC N,Tank/Pond
3736,3736,1202,,No,Moderate,Inland,Man-made,,0.50376811621539,,23.8781710841,91.6031776893,Tripura,264.497393671214,5037.6811621539,Hydrological Layer,SAC N,Tank/Pond
3737,3737,1202,,No,Moderate,Inland,Man-made,,0.661509732047593,,23.8550805187,91.5764627788,Tripura,322.796242353753,6615.09732047593,Hydrological Layer,SAC N,Tank/Pond
3738,3738,1202,,No,Moderate,Inland,Man-made,,0.581836872079958,,23.8547874409,91.5800499076,Tripura,324.857281945567,5818.36872079958,Hydrological Layer,SAC N,Tank/Pond
3739,3739,1202,,No,Moderate,Inland,Man-made,,0.296907733586001,,23.8452464007,91.5970394799,Tripura,221.126798666554,2969.07733586001,Hydrological Layer,SAC N,Tank/Pond
3931,3931,1202,,No,Moderate,Inland,Man-made,,0.238728920625439,,23.8563303651,91.398809145,Tripura,200.807806858694,2387.28920625439,Hydrological Layer,SAC N,Tank/Pond
3740,3740,1202,,No,Moderate,Inland,Man-made,,2.60546448822717,,23.8472301079,91.6010691209,Tripura,1793.49092036607,26054.6448822717,Hydrological Layer,SAC N,Tank/Pond
3741,3741,1202,,No,Moderate,Inland,Man-made,,0.664439213076381,,23.8486342863,91.6010608551,Tripura,518.693323885146,6644.39213076381,Hydrological Layer,SAC N,Tank/Pond
3742,3742,1202,,No,Moderate,Inland,Man-made,,0.679943513281152,,23.8499835606,91.6047113837,Tripura,330.251726543333,6799.43513281152,Hydrological Layer,SAC N,Tank/Pond
3758,3758,1202,,No,Moderate,Inland,Man-made,,0.221141515546649,,23.8564410436,91.6128636458,Tripura,182.628760898952,2211.41515546649,Hydrological Layer,SAC N,Tank/Pond
3759,3759,1202,,No,Moderate,Inland,Man-made,,0.244142075696768,,23.848964486,91.6025781969,Tripura,193.918389502371,2441.42075696768,Hydrological Layer,SAC N,Tank/Pond
3743,3743,1202,,No,Moderate,Inland,Man-made,,1.5415041313813,,23.8665897898,91.6055463392,Tripura,969.537824655725,15415.041313813,Hydrological Layer,SAC N,Tank/Pond
3744,3744,1202,,No,Moderate,Inland,Man-made,,0.689165716906305,,23.8676066574,91.6104059108,Tripura,465.792240645508,6891.65716906305,Hydrological Layer,SAC N,Tank/Pond
3745,3745,1202,,No,Moderate,Inland,Man-made,,0.375892529703141,,23.8452026617,91.5899108626,Tripura,267.052762304158,3758.92529703141,Hydrological Layer,SAC N,Tank/Pond
3746,3746,1202,,No,Moderate,Inland,Man-made,,0.373684262418586,,23.8468282942,91.5888289906,Tripura,311.401224086287,3736.84262418586,Hydrological Layer,SAC N,Tank/Pond
3747,3747,1202,,No,Moderate,Inland,Man-made,,0.432734773962812,,23.8519298982,91.5855155395,Tripura,316.425702088563,4327.34773962812,Hydrological Layer,SAC N,Tank/Pond
3932,3932,1202,,No,Moderate,Inland,Man-made,,0.190315294228058,,23.8571594322,91.3992992869,Tripura,201.66756821386,1903.15294228058,Hydrological Layer,SAC N,Tank/Pond
3748,3748,1202,,No,Moderate,Inland,Man-made,,0.237070655508341,,23.8526325764,91.5893565172,Tripura,216.333628081839,2370.70655508341,Hydrological Layer,SAC N,Tank/Pond
3749,3749,1202,,No,Moderate,Inland,Man-made,,0.216367609385977,,23.8551566577,91.5895461521,Tripura,216.517357304601,2163.67609385977,Hydrological Layer,SAC N,Tank/Pond
3750,3750,1202,,No,Moderate,Inland,Man-made,,0.368692426128102,,23.8557187092,91.5904858072,Tripura,283.705014642489,3686.92426128102,Hydrological Layer,SAC N,Tank/Pond
3751,3751,1202,,No,Moderate,Inland,Man-made,,0.722265925629053,,23.8457931676,91.5812409402,Tripura,485.090681163499,7222.65925629053,Hydrological Layer,SAC N,Tank/Pond
3946,3946,1202,,No,Moderate,Inland,Man-made,,0.684695193124208,,23.8538635396,91.4177189178,Tripura,427.22944933574,6846.95193124208,Hydrological Layer,SAC N,Tank/Pond
3752,3752,1202,,No,Moderate,Inland,Man-made,,0.565802355095859,,23.842485834,91.5841951498,Tripura,355.013490346375,5658.02355095859,Hydrological Layer,SAC N,Tank/Pond
3753,3753,1202,,No,Moderate,Inland,Man-made,,0.778499975156987,,23.8402667739,91.5883303125,Tripura,421.789230015325,7784.99975156987,Hydrological Layer,SAC N,Tank/Pond
3754,3754,1202,,No,Moderate,Inland,Man-made,,0.346377341113656,,23.8413652902,91.589890065,Tripura,275.004546926394,3463.77341113656,Hydrological Layer,SAC N,Tank/Pond
3755,3755,1202,,No,Moderate,Inland,Man-made,,0.2445307519082,,23.8583612875,91.6146792342,Tripura,227.05653326588,2445.307519082,Hydrological Layer,SAC N,Tank/Pond
3756,3756,1202,,No,Moderate,Inland,Man-made,,0.168383968051364,,23.8581680091,91.6127391511,Tripura,194.31433360595,1683.83968051364,Hydrological Layer,SAC N,Tank/Pond
3760,3760,1202,,No,Moderate,Inland,Man-made,,0.756484960287285,,23.8823455586,91.6188714797,Tripura,367.179580562948,7564.84960287285,Hydrological Layer,SAC N,Tank/Pond
3817,3817,1202,,No,Moderate,Inland,Man-made,,0.199992235450932,,23.8901495268,91.6255287292,Tripura,212.989878680032,1999.92235450932,Hydrological Layer,SAC N,Tank/Pond
3761,3761,1202,,No,Moderate,Inland,Man-made,,0.551594374294311,,23.8810187987,91.6149373894,Tripura,397.853234980829,5515.94374294311,Hydrological Layer,SAC N,Tank/Pond
3762,3762,1202,,No,Moderate,Inland,Man-made,,2.1723045452406,,23.8852102582,91.6285054272,Tripura,859.50646572073,21723.045452406,Hydrological Layer,SAC N,Tank/Pond
3788,3788,1202,,No,Moderate,Inland,Man-made,,1.12677533814221,,23.9172661281,91.5909006078,Tripura,752.517789744509,11267.7533814221,Hydrological Layer,SAC N,Tank/Pond
3933,3933,1202,,No,Moderate,Inland,Man-made,,0.231349698764378,,23.8560577344,91.3969893669,Tripura,215.980536911783,2313.49698764378,Hydrological Layer,SAC N,Tank/Pond
3763,3763,1202,,No,Moderate,Inland,Man-made,,2.93476362147835,,23.8865924261,91.6240037983,Tripura,1376.83293667581,29347.6362147835,Hydrological Layer,SAC N,Tank/Pond
3764,3764,1202,,No,Moderate,Inland,Man-made,,0.923890477645869,,23.895890225,91.6243873517,Tripura,520.628215788561,9238.90477645869,Hydrological Layer,SAC N,Tank/Pond
3765,3765,1202,,No,Moderate,Inland,Man-made,,0.582299503087779,,23.895219048,91.6251685907,Tripura,357.851226617891,5822.99503087779,Hydrological Layer,SAC N,Tank/Pond
3766,3766,1202,,No,Moderate,Inland,Man-made,,0.882417553478804,,23.8937814012,91.6269701287,Tripura,609.300523084667,8824.17553478804,Hydrological Layer,SAC N,Tank/Pond
3803,3803,1202,,No,Moderate,Inland,Man-made,,0.306841010492772,,23.8651021365,91.579283032,Tripura,254.752926195293,3068.41010492772,Hydrological Layer,SAC N,Tank/Pond
3767,3767,1202,,No,Moderate,Inland,Man-made,,2.60551627177782,,23.8922579041,91.6296539529,Tripura,989.227351410905,26055.1627177782,Hydrological Layer,SAC N,Tank/Pond
3768,3768,1202,,No,Moderate,Inland,Man-made,,0.499349445404692,,23.9047114489,91.6184454315,Tripura,265.069339717314,4993.49445404692,Hydrological Layer,SAC N,Tank/Pond
3769,3769,1202,,No,Moderate,Inland,Man-made,,1.43104410420133,,23.9052312929,91.6174033192,Tripura,634.753031790008,14310.4410420133,Hydrological Layer,SAC N,Tank/Pond
3770,3770,1202,,No,Moderate,Inland,Man-made,,0.316016392163964,,23.9039636967,91.6236406539,Tripura,228.938286272996,3160.16392163964,Hydrological Layer,SAC N,Tank/Pond
3771,3771,1202,,No,Moderate,Inland,Man-made,,1.45435006336324,,23.9045533018,91.6245892942,Tripura,582.694485822028,14543.5006336324,Hydrological Layer,SAC N,Tank/Pond
3772,3772,1202,,No,Moderate,Inland,Man-made,,0.882320097038142,,23.9044320085,91.6216849371,Tripura,458.041678135455,8823.20097038142,Hydrological Layer,SAC N,Tank/Pond
3773,3773,1202,,No,Moderate,Inland,Man-made,,1.00115285218069,,23.9078631078,91.6224018975,Tripura,695.924899101207,10011.5285218069,Hydrological Layer,SAC N,Tank/Pond
3776,3776,1202,,No,Moderate,Inland,Man-made,,3.24277359804556,,23.923678767,91.6154365366,Tripura,1350.83487443013,32427.7359804556,Hydrological Layer,SAC N,Tank/Pond
3777,3777,1202,,No,Moderate,Inland,Man-made,,0.365986454775091,,23.9221647412,91.6110817088,Tripura,233.854965178549,3659.86454775091,Hydrological Layer,SAC N,Tank/Pond
3778,3778,1202,,No,Moderate,Inland,Man-made,,1.16496273949189,,23.925787601,91.6111183727,Tripura,560.428781229773,11649.6273949189,Hydrological Layer,SAC N,Tank/Pond
3779,3779,1202,,No,Moderate,Inland,Man-made,,0.764147397352166,,23.9321654115,91.5979124968,Tripura,497.368928528976,7641.47397352166,Hydrological Layer,SAC N,Tank/Pond
3780,3780,1202,,No,Moderate,Inland,Man-made,,0.467119382626477,,23.9331235673,91.5976344332,Tripura,325.44927710005,4671.19382626477,Hydrological Layer,SAC N,Tank/Pond
3976,3976,1202,,No,Moderate,Inland,Man-made,,0.154567234309228,,23.9889980507,91.3050046317,Tripura,158.801527230265,1545.67234309228,Hydrological Layer,SAC N,Tank/Pond
3782,3782,1202,,No,Moderate,Inland,Man-made,,0.798489601601167,,23.9310306923,91.6086893784,Tripura,589.247357381519,7984.89601601167,Hydrological Layer,SAC N,Tank/Pond
3783,3783,1202,,No,Moderate,Inland,Man-made,,1.17088485036965,,23.9374362014,91.6090850878,Tripura,515.909117588585,11708.8485036965,Hydrological Layer,SAC N,Tank/Pond
3784,3784,1202,,No,Moderate,Inland,Man-made,,0.8500867637665,,23.9328606765,91.6219531115,Tripura,433.504108053555,8500.867637665,Hydrological Layer,SAC N,Tank/Pond
3785,3785,1202,,No,Moderate,Inland,Man-made,,0.967066536598945,,23.9389027637,91.6218534865,Tripura,618.630090924059,9670.66536598945,Hydrological Layer,SAC N,Tank/Pond
3786,3786,1202,,No,Moderate,Inland,Man-made,,0.892121628802896,,23.9181747026,91.6433923298,Tripura,527.504604051734,8921.21628802896,Hydrological Layer,SAC N,Tank/Pond
3787,3787,1202,,No,Moderate,Inland,Man-made,,1.36906939934906,,23.9157846037,91.6396863772,Tripura,769.929391553354,13690.6939934906,Hydrological Layer,SAC N,Tank/Pond
3812,3812,1202,,No,Moderate,Inland,Man-made,,0.272646723145597,,23.9039094308,91.6203053019,Tripura,199.907012707767,2726.46723145597,Hydrological Layer,SAC N,Tank/Pond
3789,3789,1202,,No,Moderate,Inland,Man-made,,0.55215483565185,,23.9175659149,91.5962057469,Tripura,401.379789690689,5521.5483565185,Hydrological Layer,SAC N,Tank/Pond
3790,3790,1202,,No,Moderate,Inland,Man-made,,1.06096568014486,,23.9130715618,91.5913107956,Tripura,759.614617344419,10609.6568014486,Hydrological Layer,SAC N,Tank/Pond
3791,3791,1202,,No,Moderate,Inland,Man-made,,2.00262565577225,,23.9184047948,91.5835165069,Tripura,1601.46900150681,20026.2565577225,Hydrological Layer,SAC N,Tank/Pond
3876,3876,1202,,No,Moderate,Inland,Man-made,,0.288079038880931,,23.8908343824,91.4951334884,Tripura,252.783958828355,2880.79038880931,Hydrological Layer,SAC N,Tank/Pond
3792,3792,1202,,No,Moderate,Inland,Man-made,,0.819210091085925,,23.9219860796,91.5812559245,Tripura,606.945688148839,8192.10091085925,Hydrological Layer,SAC N,Tank/Pond
3793,3793,1202,,No,Moderate,Inland,Man-made,,0.255204480046661,,23.9199098353,91.5881669292,Tripura,215.174033817699,2552.04480046661,Hydrological Layer,SAC N,Tank/Pond
3794,3794,1202,,No,Moderate,Inland,Man-made,,0.710289633488178,,23.9172023601,91.5712399748,Tripura,563.955183435614,7102.89633488178,Hydrological Layer,SAC N,Tank/Pond
3795,3795,1202,,No,Moderate,Inland,Man-made,,0.986531134424016,,23.9143479983,91.5722361789,Tripura,687.326606592976,9865.31134424016,Hydrological Layer,SAC N,Tank/Pond
3796,3796,1202,,No,Moderate,Inland,Man-made,,0.277572633602743,,23.9146844739,91.5739347526,Tripura,213.914348880016,2775.72633602743,Hydrological Layer,SAC N,Tank/Pond
3797,3797,1202,,No,Moderate,Inland,Man-made,,0.504887897320335,,23.9100028694,91.5933817363,Tripura,320.824847199378,5048.87897320335,Hydrological Layer,SAC N,Tank/Pond
3798,3798,1202,,No,Moderate,Inland,Man-made,,1.65271354321181,,23.9102112985,91.5755219256,Tripura,1136.00198305285,16527.1354321181,Hydrological Layer,SAC N,Tank/Pond
3799,3799,1202,,No,Moderate,Inland,Man-made,,0.409607164280211,,23.8881542511,91.5841419423,Tripura,299.702902724931,4096.07164280211,Hydrological Layer,SAC N,Tank/Pond
3800,3800,1202,,No,Moderate,Inland,Man-made,,0.162721627381721,,23.865122624,91.5814927395,Tripura,157.017285611656,1627.21627381721,Hydrological Layer,SAC N,Tank/Pond
3801,3801,1202,,No,Moderate,Inland,Man-made,,0.236614103544061,,23.8657804683,91.5813239409,Tripura,227.192650662469,2366.14103544061,Hydrological Layer,SAC N,Tank/Pond
3802,3802,1202,,No,Moderate,Inland,Man-made,,0.309688821263742,,23.8633268427,91.5806665052,Tripura,290.363156260628,3096.88821263742,Hydrological Layer,SAC N,Tank/Pond
3804,3804,1202,,No,Moderate,Inland,Man-made,,0.843551928418355,,23.8629318442,91.5842982903,Tripura,524.466674440603,8435.51928418355,Hydrological Layer,SAC N,Tank/Pond
3805,3805,1202,,No,Moderate,Inland,Man-made,,0.212915789021546,,23.8649484065,91.5835465486,Tripura,178.695088405865,2129.15789021546,Hydrological Layer,SAC N,Tank/Pond
3806,3806,1202,,No,Moderate,Inland,Man-made,,0.57722782493689,,23.87188413,91.603221591,Tripura,429.368225652181,5772.27824936889,Hydrological Layer,SAC N,Tank/Pond
3807,3807,1202,,No,Moderate,Inland,Man-made,,1.54022053847233,,23.8855693209,91.6154004359,Tripura,926.671875575107,15402.2053847233,Hydrological Layer,SAC N,Tank/Pond
3808,3808,1202,,No,Moderate,Inland,Man-made,,0.366956791718769,,23.8893734112,91.612533744,Tripura,302.670525214106,3669.56791718769,Hydrological Layer,SAC N,Tank/Pond
3809,3809,1202,,No,Moderate,Inland,Man-made,,0.379172615702185,,23.8859781819,91.6197912632,Tripura,293.281101519562,3791.72615702185,Hydrological Layer,SAC N,Tank/Pond
3810,3810,1202,,No,Moderate,Inland,Man-made,,1.07728243472098,,23.8874784412,91.6290722982,Tripura,670.430920725848,10772.8243472098,Hydrological Layer,SAC N,Tank/Pond
3811,3811,1202,,No,Moderate,Inland,Man-made,,0.535977157039092,,23.9052417192,91.6233106196,Tripura,336.746789023501,5359.77157039092,Hydrological Layer,SAC N,Tank/Pond
3813,3813,1202,,No,Moderate,Inland,Man-made,,0.395720511281592,,23.902949426,91.6200640505,Tripura,315.260987514464,3957.20511281592,Hydrological Layer,SAC N,Tank/Pond
3814,3814,1202,,No,Moderate,Inland,Man-made,,0.49310311424853,,23.9050382461,91.6213948852,Tripura,341.094230401574,4931.0311424853,Hydrological Layer,SAC N,Tank/Pond
3815,3815,1202,,No,Moderate,Inland,Man-made,,0.189630189476756,,23.8889018919,91.6242080451,Tripura,175.4111143305,1896.30189476756,Hydrological Layer,SAC N,Tank/Pond
3818,3818,1202,,No,Moderate,Inland,Man-made,,0.350084130901734,,23.8887693984,91.6207988378,Tripura,288.308142668634,3500.84130901734,Hydrological Layer,SAC N,Tank/Pond
3819,3819,1202,,No,Moderate,Inland,Man-made,,0.249573882133317,,23.8901063279,91.6277559696,Tripura,203.356311752665,2495.73882133317,Hydrological Layer,SAC N,Tank/Pond
3820,3820,1202,,No,Moderate,Inland,Man-made,,0.155168799555258,,23.8901745763,91.6271117114,Tripura,177.01431122057,1551.68799555258,Hydrological Layer,SAC N,Tank/Pond
3821,3821,1202,,No,Moderate,Inland,Man-made,,0.163924187043993,,23.8666528648,91.5890151535,Tripura,173.914405711297,1639.24187043993,Hydrological Layer,SAC N,Tank/Pond
3822,3822,1202,,No,Moderate,Inland,Man-made,,0.197076017639879,,23.8675220761,91.5892194517,Tripura,187.513651593547,1970.76017639879,Hydrological Layer,SAC N,Tank/Pond
3823,3823,1202,,No,Moderate,Inland,Man-made,,0.280869202236535,,23.8694125618,91.5917544631,Tripura,261.868562121635,2808.69202236535,Hydrological Layer,SAC N,Tank/Pond
3824,3824,1202,,No,Moderate,Inland,Man-made,,0.322325034954902,,23.865788484,91.5895480833,Tripura,269.521274249629,3223.25034954902,Hydrological Layer,SAC N,Tank/Pond
3825,3825,1202,,No,Moderate,Inland,Man-made,,0.360741323373792,,23.8666934418,91.5917819843,Tripura,308.534618435658,3607.41323373792,Hydrological Layer,SAC N,Tank/Pond
3826,3826,1202,,No,Moderate,Inland,Man-made,,0.180294756951657,,23.8652315772,91.5902865395,Tripura,158.035113912402,1802.94756951657,Hydrological Layer,SAC N,Tank/Pond
3827,3827,1202,,No,Moderate,Inland,Man-made,,0.370936348499594,,23.8583631111,91.5858225532,Tripura,280.7123551004,3709.36348499594,Hydrological Layer,SAC N,Tank/Pond
3828,3828,1202,,No,Moderate,Inland,Man-made,,0.259662169200339,,23.8585149462,91.5915843429,Tripura,250.345982683802,2596.62169200339,Hydrological Layer,SAC N,Tank/Pond
3829,3829,1202,,No,Moderate,Inland,Man-made,,0.317185603215944,,23.8543969354,91.5917867875,Tripura,226.284589770482,3171.85603215944,Hydrological Layer,SAC N,Tank/Pond
3830,3830,1202,,No,Moderate,Inland,Man-made,,0.297687006952878,,23.8537265534,91.5900292816,Tripura,289.234024908436,2976.87006952878,Hydrological Layer,SAC N,Tank/Pond
4085,4085,1202,,No,Moderate,Inland,Man-made,,0.161070759165348,,23.8205245874,91.3788246233,Tripura,161.393804808636,1610.70759165348,Hydrological Layer,SAC N,Tank/Pond
3831,3831,1202,,No,Moderate,Inland,Man-made,,0.125656401075476,,23.8518542019,91.5878176745,Tripura,134.754954758807,1256.56401075476,Hydrological Layer,SAC N,Tank/Pond
3832,3832,1202,,No,Moderate,Inland,Man-made,,0.172083845488071,,23.853203955,91.5840267688,Tripura,184.186681745946,1720.83845488071,Hydrological Layer,SAC N,Tank/Pond
3833,3833,1202,,No,Moderate,Inland,Man-made,,0.376106570193482,,23.8545708809,91.5837726923,Tripura,314.402372748284,3761.06570193482,Hydrological Layer,SAC N,Tank/Pond
3834,3834,1202,,No,Moderate,Inland,Man-made,,0.434589469374574,,23.8425195012,91.5954127024,Tripura,334.330294119024,4345.89469374574,Hydrological Layer,SAC N,Tank/Pond
3851,3851,1202,,No,Moderate,Inland,Man-made,,0.254306118923825,,23.879340062,91.505436466,Tripura,244.300728019368,2543.06118923825,Hydrological Layer,SAC N,Tank/Pond
3835,3835,1202,,No,Moderate,Inland,Man-made,,0.399432910937097,,23.843582595,91.596308919,Tripura,309.381922888855,3994.32910937097,Hydrological Layer,SAC N,Tank/Pond
3901,3901,1202,,No,Moderate,Inland,Man-made,,0.690473419313962,,23.8552480757,91.3392236765,Tripura,327.138776295066,6904.73419313962,Hydrological Layer,SAC N,Tank/Pond
3836,3836,1202,,No,Moderate,Inland,Man-made,,0.310710994750466,,23.8411115883,91.5999413413,Tripura,288.488712903924,3107.10994750466,Hydrological Layer,SAC N,Tank/Pond
3837,3837,1202,,No,Moderate,Inland,Man-made,,0.217923222559579,,23.8520941731,91.5789985147,Tripura,243.405375098098,2179.23222559579,Hydrological Layer,SAC N,Tank/Pond
3838,3838,1202,,No,Moderate,Inland,Man-made,,0.257371261618634,,23.8531980098,91.5795549518,Tripura,256.335355196437,2573.71261618634,Hydrological Layer,SAC N,Tank/Pond
3839,3839,1202,,No,Moderate,Inland,Man-made,,0.165143269846313,,23.840094298,91.5341503977,Tripura,166.916973950216,1651.43269846313,Hydrological Layer,SAC N,Tank/Pond
3840,3840,1202,,No,Moderate,Inland,Man-made,,0.481978781533069,,23.8405784639,91.5346451871,Tripura,320.353286137899,4819.78781533069,Hydrological Layer,SAC N,Tank/Pond
3841,3841,1202,,No,Moderate,Inland,Man-made,,0.693091120756656,,23.8411979059,91.5367436732,Tripura,480.881872416951,6930.91120756656,Hydrological Layer,SAC N,Tank/Pond
4186,4186,1202,,No,Moderate,Inland,Man-made,,0.313895258138149,,23.7011263905,91.4100054078,Tripura,224.905036502772,3138.95258138149,Hydrological Layer,SAC N,Tank/Pond
3842,3842,1202,,No,Moderate,Inland,Man-made,,0.403296662046107,,23.8405696827,91.5511170042,Tripura,401.162405248608,4032.96662046107,Hydrological Layer,SAC N,Tank/Pond
3843,3843,1202,,No,Moderate,Inland,Man-made,,1.01220586262265,,23.8549299999,91.5069462489,Tripura,444.00244381751,10122.0586262265,Hydrological Layer,SAC N,Tank/Pond
3844,3844,1202,,No,Moderate,Inland,Man-made,,0.654848411363664,,23.8481073508,91.5030219702,Tripura,383.541030733454,6548.48411363664,Hydrological Layer,SAC N,Tank/Pond
3845,3845,1202,,No,Moderate,Inland,Man-made,,0.376138014577067,,23.8468257984,91.5037156643,Tripura,248.054776677601,3761.38014577067,Hydrological Layer,SAC N,Tank/Pond
3846,3846,1202,,No,Moderate,Inland,Man-made,,0.334210725671269,,23.8481586372,91.5072024652,Tripura,286.700650462708,3342.10725671269,Hydrological Layer,SAC N,Tank/Pond
3847,3847,1202,,No,Moderate,Inland,Man-made,,0.285134155552675,,23.8483380802,91.5084067975,Tripura,247.224154191537,2851.34155552675,Hydrological Layer,SAC N,Tank/Pond
3848,3848,1202,,No,Moderate,Inland,Man-made,,0.373835905911765,,23.8514552373,91.5044005933,Tripura,290.841110708534,3738.35905911765,Hydrological Layer,SAC N,Tank/Pond
3849,3849,1202,,No,Moderate,Inland,Man-made,,0.32681826110335,,23.8497332592,91.5037261336,Tripura,263.225623894863,3268.1826110335,Hydrological Layer,SAC N,Tank/Pond
3920,3920,1202,,No,Moderate,Inland,Man-made,,0.164211571350445,,23.8243562232,91.268816014,Tripura,159.283165203009,1642.11571350445,Hydrological Layer,SAC N,Tank/Pond
3850,3850,1202,,No,Moderate,Inland,Man-made,,0.631473608153545,,23.8841852745,91.5038545285,Tripura,349.628322646955,6314.73608153545,Hydrological Layer,SAC N,Tank/Pond
3852,3852,1202,,No,Moderate,Inland,Man-made,,0.254810272533121,,23.8850183092,91.5017540935,Tripura,223.822203941286,2548.10272533121,Hydrological Layer,SAC N,Tank/Pond
3853,3853,1202,,No,Moderate,Inland,Man-made,,0.88577890178309,,23.8713688662,91.4923997448,Tripura,499.579130358468,8857.7890178309,Hydrological Layer,SAC N,Tank/Pond
3854,3854,1202,,No,Moderate,Inland,Man-made,,0.342691046299399,,23.8698493983,91.4981514122,Tripura,272.702863961144,3426.91046299399,Hydrological Layer,SAC N,Tank/Pond
3855,3855,1202,,No,Moderate,Inland,Man-made,,0.525047871670186,,23.8728500889,91.4944806971,Tripura,411.897333954525,5250.47871670185,Hydrological Layer,SAC N,Tank/Pond
3856,3856,1202,,No,Moderate,Inland,Man-made,,0.369617235682464,,23.8744087569,91.4929109391,Tripura,271.269122880636,3696.17235682464,Hydrological Layer,SAC N,Tank/Pond
3857,3857,1202,,No,Moderate,Inland,Man-made,,0.354472711834639,,23.875342852,91.4887956052,Tripura,279.196817684972,3544.72711834639,Hydrological Layer,SAC N,Tank/Pond
3858,3858,1202,,No,Moderate,Inland,Man-made,,0.614730086180796,,23.8779000393,91.4886110343,Tripura,422.695380585786,6147.30086180796,Hydrological Layer,SAC N,Tank/Pond
3859,3859,1202,,No,Moderate,Inland,Man-made,,0.188823806337477,,23.8791084429,91.4890331165,Tripura,160.860437280745,1888.23806337477,Hydrological Layer,SAC N,Tank/Pond
3860,3860,1202,,No,Moderate,Inland,Man-made,,0.312545487785943,,23.8796307467,91.4894786856,Tripura,280.752607236157,3125.45487785943,Hydrological Layer,SAC N,Tank/Pond
3861,3861,1202,,No,Moderate,Inland,Man-made,,0.450839607071627,,23.8982014319,91.4944120909,Tripura,403.757244114386,4508.39607071627,Hydrological Layer,SAC N,Tank/Pond
3862,3862,1202,,No,Moderate,Inland,Man-made,,0.464624263286849,,23.8997161417,91.4949996688,Tripura,352.069523477841,4646.24263286849,Hydrological Layer,SAC N,Tank/Pond
3863,3863,1202,,No,Moderate,Inland,Man-made,,0.396492037949496,,23.9000364281,91.4936894609,Tripura,439.309378502079,3964.92037949496,Hydrological Layer,SAC N,Tank/Pond
3864,3864,1202,,No,Moderate,Inland,Man-made,,0.41011817387558,,23.9041129215,91.4966397134,Tripura,324.331325301195,4101.1817387558,Hydrological Layer,SAC N,Tank/Pond
3865,3865,1202,,No,Moderate,Inland,Man-made,,0.170223621520593,,23.8912504213,91.4682451413,Tripura,152.664538450194,1702.23621520593,Hydrological Layer,SAC N,Tank/Pond
3890,3890,1202,,No,Moderate,Inland,Man-made,,0.36720978628057,,23.8569544372,91.3614782163,Tripura,247.155024006772,3672.0978628057,Hydrological Layer,SAC N,Tank/Pond
3929,3929,1202,,No,Moderate,Inland,Man-made,,0.629538267040988,,23.8519194665,91.4018793888,Tripura,338.762039816954,6295.38267040988,Hydrological Layer,SAC N,Tank/Pond
3866,3866,1202,,No,Moderate,Inland,Man-made,,0.670312449620833,,23.89197375,91.4689572268,Tripura,407.066634809816,6703.12449620833,Hydrological Layer,SAC N,Tank/Pond
3867,3867,1202,,No,Moderate,Inland,Man-made,,0.418766923013378,,23.8929599046,91.4701088092,Tripura,403.462929694307,4187.66923013378,Hydrological Layer,SAC N,Tank/Pond
3868,3868,1202,,No,Moderate,Inland,Man-made,,1.22269991248351,,23.892241463,91.4535608126,Tripura,666.183881847747,12226.9991248351,Hydrological Layer,SAC N,Tank/Pond
3869,3869,1202,,No,Moderate,Inland,Man-made,,0.438041070874792,,23.8897707855,91.4505681651,Tripura,315.574967850169,4380.41070874792,Hydrological Layer,SAC N,Tank/Pond
3870,3870,1202,,No,Moderate,Inland,Man-made,,1.65128930674732,,23.8855732261,91.4750882077,Tripura,992.700042540749,16512.8930674732,Hydrological Layer,SAC N,Tank/Pond
3871,3871,1202,,No,Moderate,Inland,Man-made,,0.286884069862782,,23.8886088212,91.4775352053,Tripura,216.534320447758,2868.84069862782,Hydrological Layer,SAC N,Tank/Pond
3872,3872,1202,,No,Moderate,Inland,Man-made,,0.116601731701329,,23.8925796445,91.4794605207,Tripura,140.266868900241,1166.01731701329,Hydrological Layer,SAC N,Tank/Pond
3873,3873,1202,,No,Moderate,Inland,Man-made,,0.266828869385844,,23.8967747154,91.4777572235,Tripura,240.377915595709,2668.28869385844,Hydrological Layer,SAC N,Tank/Pond
3874,3874,1202,,No,Moderate,Inland,Man-made,,0.375706643543619,,23.894455316,91.4825630017,Tripura,348.776429188003,3757.06643543619,Hydrological Layer,SAC N,Tank/Pond
3875,3875,1202,,No,Moderate,Inland,Man-made,,0.68402988919023,,23.8892073062,91.489727759,Tripura,610.822238305395,6840.2988919023,Hydrological Layer,SAC N,Tank/Pond
3891,3891,1202,,No,Moderate,Inland,Man-made,,0.78465022978968,,23.8614546037,91.3692097174,Tripura,364.681053191014,7846.5022978968,Hydrological Layer,SAC N,Tank/Pond
3892,3892,1202,,No,Moderate,Inland,Man-made,,0.511585176839738,,23.8631360397,91.3650669376,Tripura,323.284814976486,5115.85176839738,Hydrological Layer,SAC N,Tank/Pond
3930,3930,1202,,No,Moderate,Inland,Man-made,,0.27454036723869,,23.8523014053,91.3996366902,Tripura,243.249814160895,2745.4036723869,Hydrological Layer,SAC N,Tank/Pond
3877,3877,1202,,No,Moderate,Inland,Man-made,,2.89398823392855,,23.8687159583,91.4727971575,Tripura,1929.23693172621,28939.8823392855,Hydrological Layer,SAC N,Tank/Pond
4015,4015,1202,,No,Moderate,Inland,Man-made,,0.557902259326498,,23.9928297983,91.4116804654,Tripura,426.688680688264,5579.02259326498,Hydrological Layer,SAC N,Tank/Pond
3878,3878,1202,,No,Moderate,Inland,Man-made,,0.537751910786817,,23.8638811948,91.4788611181,Tripura,372.934636437916,5377.51910786817,Hydrological Layer,SAC N,Tank/Pond
3879,3879,1202,,No,Moderate,Inland,Man-made,,0.796047773802936,,23.8642509034,91.4829326961,Tripura,397.076176500069,7960.47773802936,Hydrological Layer,SAC N,Tank/Pond
3880,3880,1202,,No,Moderate,Inland,Man-made,,0.322329748056027,,23.8635568932,91.4841646976,Tripura,237.114635681143,3223.29748056027,Hydrological Layer,SAC N,Tank/Pond
3881,3881,1202,,No,Moderate,Inland,Man-made,,0.362774603453735,,23.8617644078,91.4808044951,Tripura,339.574843836951,3627.74603453735,Hydrological Layer,SAC N,Tank/Pond
3882,3882,1202,,No,Moderate,Inland,Man-made,,2.38675298582978,,23.8596690388,91.4679139472,Tripura,1064.54146608919,23867.5298582978,Hydrological Layer,SAC N,Tank/Pond
3883,3883,1202,,No,Moderate,Inland,Man-made,,0.920080654544358,,23.8615168211,91.4656525676,Tripura,628.128686559568,9200.80654544357,Hydrological Layer,SAC N,Tank/Pond
3884,3884,1202,,No,Moderate,Inland,Man-made,,0.365627483700146,,23.8590589592,91.4614707976,Tripura,304.508956866592,3656.27483700146,Hydrological Layer,SAC N,Tank/Pond
3885,3885,1202,,No,Moderate,Inland,Man-made,,0.427223633551135,,23.8604652178,91.4599840001,Tripura,356.797338443127,4272.23633551135,Hydrological Layer,SAC N,Tank/Pond
3886,3886,1202,,No,Moderate,Inland,Man-made,,0.877417570383857,,23.8596841774,91.4578093704,Tripura,623.936976645186,8774.17570383857,Hydrological Layer,SAC N,Tank/Pond
3887,3887,1202,,No,Moderate,Inland,Man-made,,1.16698393503354,,23.8561882381,91.4688162679,Tripura,670.471618150583,11669.8393503354,Hydrological Layer,SAC N,Tank/Pond
3888,3888,1202,,No,Moderate,Inland,Man-made,,0.381209015511973,,23.8507675869,91.3557461729,Tripura,261.981760200266,3812.09015511972,Hydrological Layer,SAC N,Tank/Pond
3889,3889,1202,,No,Moderate,Inland,Man-made,,1.27491447324465,,23.8516842636,91.3562976463,Tripura,643.472219951282,12749.1447324465,Hydrological Layer,SAC N,Tank/Pond
3928,3928,1202,,No,Moderate,Inland,Man-made,,0.805430032588099,,23.8462247672,91.3934438636,Tripura,568.845704940723,8054.30032588099,Hydrological Layer,SAC N,Tank/Pond
3893,3893,1202,,No,Moderate,Inland,Man-made,,1.31790307661847,,23.8651209587,91.3689117731,Tripura,926.672039072992,13179.0307661847,Hydrological Layer,SAC N,Tank/Pond
3894,3894,1202,,No,Moderate,Inland,Man-made,,0.916317573249128,,23.8627585437,91.3486397884,Tripura,579.007013977339,9163.17573249128,Hydrological Layer,SAC N,Tank/Pond
3895,3895,1202,,No,Moderate,Inland,Man-made,,0.293403561021677,,23.8630829153,91.3500349382,Tripura,285.417281084687,2934.03561021677,Hydrological Layer,SAC N,Tank/Pond
3896,3896,1202,,No,Moderate,Inland,Man-made,,0.571824772639556,,23.8613579684,91.337746624,Tripura,297.542322315903,5718.24772639556,Hydrological Layer,SAC N,Tank/Pond
3897,3897,1202,,No,Moderate,Inland,Man-made,,0.656455723766347,,23.8633931267,91.3369617222,Tripura,454.823414257814,6564.55723766347,Hydrological Layer,SAC N,Tank/Pond
3898,3898,1202,,No,Moderate,Inland,Man-made,,0.336346082963063,,23.8645041401,91.3383894682,Tripura,305.082524055276,3363.46082963063,Hydrological Layer,SAC N,Tank/Pond
3899,3899,1202,,No,Moderate,Inland,Man-made,,1.30879697553524,,23.8632307818,91.3418510195,Tripura,704.92234196938,13087.9697553524,Hydrological Layer,SAC N,Tank/Pond
3900,3900,1202,,No,Moderate,Inland,Man-made,,0.207187282661996,,23.8642100299,91.340561415,Tripura,234.633687678067,2071.87282661996,Hydrological Layer,SAC N,Tank/Pond
3902,3902,1202,,No,Moderate,Inland,Man-made,,0.499127355646315,,23.8531333381,91.336730924,Tripura,299.259414414484,4991.27355646315,Hydrological Layer,SAC N,Tank/Pond
3903,3903,1202,,No,Moderate,Inland,Man-made,,0.173352992204799,,23.852953143,91.3402922626,Tripura,169.533263527874,1733.52992204799,Hydrological Layer,SAC N,Tank/Pond
3904,3904,1202,,No,Moderate,Inland,Man-made,,0.185197104813154,,23.8542922938,91.3410517711,Tripura,177.637630460439,1851.97104813154,Hydrological Layer,SAC N,Tank/Pond
3905,3905,1202,,No,Moderate,Inland,Man-made,,0.13094650355038,,23.8540441821,91.3403105672,Tripura,150.734696661217,1309.4650355038,Hydrological Layer,SAC N,Tank/Pond
3906,3906,1202,,No,Moderate,Inland,Man-made,,0.164235261986543,,23.8523456392,91.3396519992,Tripura,156.243749458835,1642.35261986543,Hydrological Layer,SAC N,Tank/Pond
3907,3907,1202,,No,Moderate,Inland,Man-made,,0.444148044402147,,23.8471477102,91.3308409952,Tripura,321.291308057101,4441.48044402147,Hydrological Layer,SAC N,Tank/Pond
3908,3908,1202,,No,Moderate,Inland,Man-made,,0.540622254413241,,23.8493097405,91.3312920173,Tripura,313.256883850999,5406.22254413241,Hydrological Layer,SAC N,Tank/Pond
3909,3909,1202,,No,Moderate,Inland,Man-made,,0.758473214979841,,23.8477319255,91.3343755216,Tripura,411.994205152647,7584.73214979841,Hydrological Layer,SAC N,Tank/Pond
3910,3910,1202,,No,Moderate,Inland,Man-made,,0.722973431022609,,23.8475086529,91.3350976434,Tripura,370.736170291589,7229.73431022609,Hydrological Layer,SAC N,Tank/Pond
3911,3911,1202,,No,Moderate,Inland,Man-made,,0.195981486096913,,23.8474979858,91.3191629335,Tripura,181.706622364132,1959.81486096913,Hydrological Layer,SAC N,Tank/Pond
3912,3912,1202,,No,Moderate,Inland,Man-made,,0.232813111854763,,23.8484770264,91.3199799,Tripura,197.286265515306,2328.13111854763,Hydrological Layer,SAC N,Tank/Pond
3913,3913,1202,,No,Moderate,Inland,Man-made,,0.272611080769437,,23.8491563603,91.3223071368,Tripura,210.089389636118,2726.11080769437,Hydrological Layer,SAC N,Tank/Pond
3914,3914,1202,,No,Moderate,Inland,Man-made,,0.655361748080981,,23.8491609395,91.3237088675,Tripura,418.147327070542,6553.61748080981,Hydrological Layer,SAC N,Tank/Pond
3915,3915,1202,,No,Moderate,Inland,Man-made,,0.338059847809396,,23.8523174776,91.2823592644,Tripura,233.633537603567,3380.59847809396,Hydrological Layer,SAC N,Tank/Pond
3916,3916,1202,,No,Moderate,Inland,Man-made,,0.556292747776928,,23.8459944205,91.2891036587,Tripura,333.071888452817,5562.92747776928,Hydrological Layer,SAC N,Tank/Pond
3917,3917,1202,,No,Moderate,Inland,Man-made,,0.319380908789252,,23.8616383369,91.2822932752,Tripura,230.481611376867,3193.80908789252,Hydrological Layer,SAC N,Tank/Pond
3918,3918,1202,,No,Moderate,Inland,Man-made,,0.350465544252057,,23.8255940693,91.2654228755,Tripura,257.256444172279,3504.65544252057,Hydrological Layer,SAC N,Tank/Pond
3919,3919,1202,,No,Moderate,Inland,Man-made,,0.2016726529927,,23.825848465,91.2681881986,Tripura,182.403685269351,2016.726529927,Hydrological Layer,SAC N,Tank/Pond
3922,3922,1202,,No,Moderate,Inland,Man-made,,0.651441096559406,,23.846666166,91.3852806417,Tripura,429.415341672242,6514.41096559406,Hydrological Layer,SAC N,Tank/Pond
3923,3923,1202,,No,Moderate,Inland,Man-made,,1.1933326435036,,23.8505958943,91.3916895264,Tripura,529.337128437364,11933.326435036,Hydrological Layer,SAC N,Tank/Pond
3924,3924,1202,,No,Moderate,Inland,Man-made,,0.428629338259118,,23.850608879,91.388864685,Tripura,244.782730614457,4286.29338259118,Hydrological Layer,SAC N,Tank/Pond
3925,3925,1202,,No,Moderate,Inland,Man-made,,0.904973091885011,,23.8477548089,91.3927359867,Tripura,495.527884582656,9049.73091885011,Hydrological Layer,SAC N,Tank/Pond
3926,3926,1202,,No,Moderate,Inland,Man-made,,0.474155017968948,,23.8446330766,91.3958863646,Tripura,287.246126236044,4741.55017968948,Hydrological Layer,SAC N,Tank/Pond
3934,3934,1202,,No,Moderate,Inland,Man-made,,0.194730890395276,,23.8546989749,91.3976049253,Tripura,161.146805170379,1947.30890395276,Hydrological Layer,SAC N,Tank/Pond
3935,3935,1202,,No,Moderate,Inland,Man-made,,0.329470337889133,,23.854908578,91.3994420661,Tripura,272.998766832549,3294.70337889133,Hydrological Layer,SAC N,Tank/Pond
3936,3936,1202,,No,Moderate,Inland,Man-made,,0.987865554093129,,23.8686187149,91.3921032518,Tripura,715.394333772177,9878.65554093129,Hydrological Layer,SAC N,Tank/Pond
3937,3937,1202,,No,Moderate,Inland,Man-made,,0.218101784943274,,23.8670332644,91.3942389662,Tripura,213.386421409222,2181.01784943274,Hydrological Layer,SAC N,Tank/Pond
3938,3938,1202,,No,Moderate,Inland,Man-made,,0.289618605546829,,23.8667539545,91.3950420991,Tripura,230.886458536318,2896.18605546828,Hydrological Layer,SAC N,Tank/Pond
3939,3939,1202,,No,Moderate,Inland,Man-made,,0.388598846238606,,23.8681637711,91.3943722557,Tripura,314.815073773697,3885.98846238606,Hydrological Layer,SAC N,Tank/Pond
3940,3940,1202,,No,Moderate,Inland,Man-made,,0.605785600783604,,23.8723576886,91.3958936845,Tripura,475.823694938963,6057.85600783604,Hydrological Layer,SAC N,Tank/Pond
3941,3941,1202,,No,Moderate,Inland,Man-made,,0.375029392905548,,23.8598373906,91.4011686024,Tripura,358.867264338826,3750.29392905548,Hydrological Layer,SAC N,Tank/Pond
3942,3942,1202,,No,Moderate,Inland,Man-made,,0.52544138295404,,23.8612575547,91.4024731718,Tripura,327.522433214873,5254.4138295404,Hydrological Layer,SAC N,Tank/Pond
3943,3943,1202,,No,Moderate,Inland,Man-made,,0.425488985701114,,23.861347947,91.4004478009,Tripura,296.093317938751,4254.88985701114,Hydrological Layer,SAC N,Tank/Pond
3947,3947,1202,,No,Moderate,Inland,Man-made,,0.549055970685794,,23.8604011149,91.4263166692,Tripura,360.313724321772,5490.55970685794,Hydrological Layer,SAC N,Tank/Pond
3948,3948,1202,,No,Moderate,Inland,Man-made,,0.98880285636174,,23.8605169458,91.421953768,Tripura,616.411475109443,9888.0285636174,Hydrological Layer,SAC N,Tank/Pond
3949,3949,1202,,No,Moderate,Inland,Man-made,,1.06495238702257,,23.8617504747,91.4188038055,Tripura,869.571914292662,10649.5238702257,Hydrological Layer,SAC N,Tank/Pond
3950,3950,1202,,No,Moderate,Inland,Man-made,,0.298969815492049,,23.8601251872,91.4158850639,Tripura,248.512064804063,2989.69815492049,Hydrological Layer,SAC N,Tank/Pond
3999,3999,1202,,No,Moderate,Inland,Man-made,,0.387085774424629,,23.9626729307,91.4477313926,Tripura,337.232636625231,3870.85774424629,Hydrological Layer,SAC N,Tank/Pond
3951,3951,1202,,No,Moderate,Inland,Man-made,,0.760277344258565,,23.8553948381,91.4657763456,Tripura,530.593148295755,7602.77344258565,Hydrological Layer,SAC N,Tank/Pond
4304,4304,1202,,No,Moderate,Inland,Man-made,,0.311971539809281,,23.6573162827,91.2329735163,Tripura,238.846517538526,3119.71539809281,Hydrological Layer,SAC N,Tank/Pond
3952,3952,1202,,No,Moderate,Inland,Man-made,,0.622511462923988,,23.8504881547,91.4583524518,Tripura,495.840448519145,6225.11462923988,Hydrological Layer,SAC N,Tank/Pond
3954,3954,1202,,No,Moderate,Inland,Man-made,,0.258289596817475,,23.8523185061,91.4553115005,Tripura,215.790721883702,2582.89596817475,Hydrological Layer,SAC N,Tank/Pond
3955,3955,1202,,No,Moderate,Inland,Man-made,,0.442192424654408,,23.8631121609,91.4327139447,Tripura,340.986160066645,4421.92424654408,Hydrological Layer,SAC N,Tank/Pond
3956,3956,1202,,No,Moderate,Inland,Man-made,,1.24554277398414,,23.862022711,91.4326530284,Tripura,780.265422818825,12455.4277398414,Hydrological Layer,SAC N,Tank/Pond
3957,3957,1202,,No,Moderate,Inland,Man-made,,1.9610542285904,,23.8823700341,91.3672331393,Tripura,522.640682700531,19610.542285904,Hydrological Layer,SAC N,Tank/Pond
3958,3958,1202,,No,Moderate,Inland,Man-made,,1.22086276236594,,23.9067426452,91.3207522021,Tripura,733.639913099601,12208.6276236594,Hydrological Layer,SAC N,Tank/Pond
3959,3959,1202,,No,Moderate,Inland,Man-made,,0.425567851767619,,23.9051930646,91.3213347604,Tripura,342.555172949163,4255.67851767619,Hydrological Layer,SAC N,Tank/Pond
3960,3960,1202,,No,Moderate,Inland,Man-made,,0.88656062573372,,23.9014708582,91.3069777091,Tripura,505.823409333073,8865.6062573372,Hydrological Layer,SAC N,Tank/Pond
3961,3961,1202,,No,Moderate,Inland,Man-made,,2.11968669585526,,23.9052400996,91.3074592235,Tripura,1434.47242635634,21196.8669585526,Hydrological Layer,SAC N,Tank/Pond
3962,3962,1202,,No,Moderate,Inland,Man-made,,0.464282708597092,,23.900494394,91.3115140413,Tripura,412.992982471833,4642.82708597092,Hydrological Layer,SAC N,Tank/Pond
3963,3963,1202,,No,Moderate,Inland,Man-made,,0.148353193051547,,23.9031434154,91.3144742224,Tripura,160.004734839944,1483.53193051547,Hydrological Layer,SAC N,Tank/Pond
3964,3964,1202,,No,Moderate,Inland,Man-made,,0.617376172828989,,23.8999793498,91.3169500266,Tripura,538.119684513928,6173.76172828989,Hydrological Layer,SAC N,Tank/Pond
3965,3965,1202,,No,Moderate,Inland,Man-made,,0.440752488347161,,23.8994713352,91.3192332712,Tripura,303.565230237665,4407.52488347161,Hydrological Layer,SAC N,Tank/Pond
3966,3966,1202,,No,Moderate,Inland,Man-made,,0.999165441701546,,23.9504573987,91.3209092547,Tripura,586.289572677951,9991.65441701546,Hydrological Layer,SAC N,Tank/Pond
3967,3967,1202,,No,Moderate,Inland,Man-made,,0.645024535901174,,23.9412696909,91.3204351934,Tripura,433.018950892156,6450.24535901174,Hydrological Layer,SAC N,Tank/Pond
3968,3968,1202,,No,Moderate,Inland,Man-made,,0.150783100944526,,23.940085821,91.3204206278,Tripura,152.546837032931,1507.83100944526,Hydrological Layer,SAC N,Tank/Pond
3969,3969,1202,,No,Moderate,Inland,Man-made,,0.359704817029135,,23.9793925751,91.3050310563,Tripura,279.581385876959,3597.04817029135,Hydrological Layer,SAC N,Tank/Pond
3970,3970,1202,,No,Moderate,Inland,Man-made,,0.447099365452972,,23.9769796796,91.3014492904,Tripura,308.364063709511,4470.99365452972,Hydrological Layer,SAC N,Tank/Pond
3971,3971,1202,,No,Moderate,Inland,Man-made,,0.848216507790194,,23.9727139773,91.3072451342,Tripura,407.880883141083,8482.16507790194,Hydrological Layer,SAC N,Tank/Pond
3972,3972,1202,,No,Moderate,Inland,Man-made,,0.201152254018242,,23.9806535682,91.3048206672,Tripura,185.497074413855,2011.52254018242,Hydrological Layer,SAC N,Tank/Pond
3973,3973,1202,,No,Moderate,Inland,Man-made,,0.192640703164123,,23.9813046672,91.3030102688,Tripura,198.496245912244,1926.40703164123,Hydrological Layer,SAC N,Tank/Pond
3974,3974,1202,,No,Moderate,Inland,Man-made,,0.193641161172079,,23.9808082125,91.3038521933,Tripura,176.852892104779,1936.41161172079,Hydrological Layer,SAC N,Tank/Pond
3975,3975,1202,,No,Moderate,Inland,Man-made,,0.244225364952543,,23.9814900815,91.3053185631,Tripura,201.901030691743,2442.25364952543,Hydrological Layer,SAC N,Tank/Pond
3978,3978,1202,,No,Moderate,Inland,Man-made,,0.415903314938284,,23.9650433046,91.3353060972,Tripura,259.748255145432,4159.03314938284,Hydrological Layer,SAC N,Tank/Pond
3979,3979,1202,,No,Moderate,Inland,Man-made,,0.352965063098387,,23.9620264282,91.32892779,Tripura,251.069085428558,3529.65063098387,Hydrological Layer,SAC N,Tank/Pond
3980,3980,1202,,No,Moderate,Inland,Man-made,,0.252670984077055,,23.967213376,91.3298976803,Tripura,216.699783231307,2526.70984077055,Hydrological Layer,SAC N,Tank/Pond
3981,3981,1202,,No,Moderate,Inland,Man-made,,0.48784518990983,,23.9659188318,91.3421765101,Tripura,288.035917908239,4878.4518990983,Hydrological Layer,SAC N,Tank/Pond
3982,3982,1202,,No,Moderate,Inland,Man-made,,0.738246892216757,,23.9627047924,91.3420084336,Tripura,401.207689038411,7382.46892216757,Hydrological Layer,SAC N,Tank/Pond
3983,3983,1202,,No,Moderate,Inland,Man-made,,0.280017827447332,,23.9640634287,91.3389055493,Tripura,224.930826720872,2800.17827447332,Hydrological Layer,SAC N,Tank/Pond
3984,3984,1202,,No,Moderate,Inland,Man-made,,0.460819704845164,,23.9736768018,91.3551505712,Tripura,333.253307927317,4608.19704845164,Hydrological Layer,SAC N,Tank/Pond
3985,3985,1202,,No,Moderate,Inland,Man-made,,0.373713613200344,,23.9729790517,91.3563104417,Tripura,252.382020392597,3737.13613200344,Hydrological Layer,SAC N,Tank/Pond
3986,3986,1202,,No,Moderate,Inland,Man-made,,0.162561076702499,,23.9709958083,91.3552981801,Tripura,165.033478615074,1625.61076702499,Hydrological Layer,SAC N,Tank/Pond
4016,4016,1202,,No,Moderate,Inland,Man-made,,1.91435106105193,,23.9815242197,91.3932251612,Tripura,764.998396807028,19143.5106105193,Hydrological Layer,SAC N,Tank/Pond
3987,3987,1202,,No,Moderate,Inland,Man-made,,1.2117361857495,,23.9631788455,91.3620768772,Tripura,612.125412738345,12117.361857495,Hydrological Layer,SAC N,Tank/Pond
3988,3988,1202,,No,Moderate,Inland,Man-made,,0.976910460276301,,23.9465993768,91.3923794106,Tripura,555.468758541358,9769.10460276301,Hydrological Layer,SAC N,Tank/Pond
3989,3989,1202,,No,Moderate,Inland,Man-made,,0.287924337097801,,23.9463120616,91.3954840177,Tripura,209.175063440414,2879.24337097801,Hydrological Layer,SAC N,Tank/Pond
3990,3990,1202,,No,Moderate,Inland,Man-made,,1.6629930451287,,23.9441457467,91.3956800254,Tripura,785.674434293375,16629.930451287,Hydrological Layer,SAC N,Tank/Pond
3991,3991,1202,,No,Moderate,Inland,Man-made,,0.55473561488859,,23.9434899148,91.3974669072,Tripura,345.027196017421,5547.3561488859,Hydrological Layer,SAC N,Tank/Pond
4014,4014,1202,,No,Moderate,Inland,Man-made,,0.198056100152883,,23.9897337175,91.4094063603,Tripura,182.14067148822,1980.56100152883,Hydrological Layer,SAC N,Tank/Pond
4039,4039,1202,,No,Moderate,Inland,Man-made,,0.231969578474054,,23.7599916154,91.2486216746,Tripura,214.314731713616,2319.69578474054,Hydrological Layer,SAC N,Tank/Pond
3992,3992,1202,,No,Moderate,Inland,Man-made,,1.47702949928228,,23.9460532656,91.418540879,Tripura,955.941600561222,14770.2949928228,Hydrological Layer,SAC N,Tank/Pond
3993,3993,1202,,No,Moderate,Inland,Man-made,,1.56159708589485,,23.9432168504,91.4192762711,Tripura,879.253155083033,15615.9708589485,Hydrological Layer,SAC N,Tank/Pond
3994,3994,1202,,No,Moderate,Inland,Man-made,,0.731268531984486,,23.9513677036,91.4108862632,Tripura,452.320685448371,7312.68531984486,Hydrological Layer,SAC N,Tank/Pond
4305,4305,1202,,No,Moderate,Inland,Man-made,,0.154653112310566,,23.6580787629,91.2320891816,Tripura,157.356369266564,1546.53112310566,Hydrological Layer,SAC N,Tank/Pond
3995,3995,1202,,No,Moderate,Inland,Man-made,,1.81037355012559,,23.9505244403,91.4234691412,Tripura,747.957495953411,18103.7355012559,Hydrological Layer,SAC N,Tank/Pond
3996,3996,1202,,No,Moderate,Inland,Man-made,,0.216229126309342,,23.9518382755,91.4275266703,Tripura,187.267442620375,2162.29126309342,Hydrological Layer,SAC N,Tank/Pond
3997,3997,1202,,No,Moderate,Inland,Man-made,,0.395689636098357,,23.9631496708,91.4506191136,Tripura,385.998094680704,3956.89636098357,Hydrological Layer,SAC N,Tank/Pond
3998,3998,1202,,No,Moderate,Inland,Man-made,,0.167491384293765,,23.962140823,91.4508533862,Tripura,177.410934998041,1674.91384293765,Hydrological Layer,SAC N,Tank/Pond
4000,4000,1202,,No,Moderate,Inland,Man-made,,0.785320648887354,,23.9618208176,91.4487618532,Tripura,693.027158517372,7853.20648887354,Hydrological Layer,SAC N,Tank/Pond
4001,4001,1202,,No,Moderate,Inland,Man-made,,0.203508884343619,,23.9606403575,91.4472309616,Tripura,200.310157533041,2035.08884343619,Hydrological Layer,SAC N,Tank/Pond
4002,4002,1202,,No,Moderate,Inland,Man-made,,0.274847536609837,,23.9670305465,91.4378138192,Tripura,217.018970530735,2748.47536609837,Hydrological Layer,SAC N,Tank/Pond
4003,4003,1202,,No,Moderate,Inland,Man-made,,0.117536402048151,,23.9696354123,91.4364252266,Tripura,141.868745662963,1175.36402048151,Hydrological Layer,SAC N,Tank/Pond
4004,4004,1202,,No,Moderate,Inland,Man-made,,0.299051230330248,,23.9656249542,91.4370148382,Tripura,279.913008762044,2990.51230330248,Hydrological Layer,SAC N,Tank/Pond
4021,4021,1202,,No,Moderate,Inland,Man-made,,1.02837922113477,,23.7767893327,91.2515410579,Tripura,616.324414279224,10283.7922113477,Hydrological Layer,SAC N,Tank/Pond
4005,4005,1202,,No,Moderate,Inland,Man-made,,1.04503338720432,,23.974180879,91.4319628853,Tripura,714.722667818669,10450.3338720432,Hydrological Layer,SAC N,Tank/Pond
4006,4006,1202,,No,Moderate,Inland,Man-made,,1.21956291393413,,23.9510653607,91.4817813934,Tripura,1244.52604817319,12195.6291393413,Hydrological Layer,SAC N,Tank/Pond
4017,4017,1202,,No,Moderate,Inland,Man-made,,1.08604923841863,,23.9839454548,91.3902906591,Tripura,652.750645936977,10860.4923841863,Hydrological Layer,SAC N,Tank/Pond
4018,4018,1202,,No,Moderate,Inland,Man-made,,0.3119972217862,,23.9782476898,91.4805983713,Tripura,284.893146206831,3119.972217862,Hydrological Layer,SAC N,Tank/Pond
4019,4019,1202,,No,Moderate,Inland,Man-made,,1.84958764786463,,23.8091368102,91.238473142,Tripura,837.460334585988,18495.8764786463,Hydrological Layer,SAC N,Tank/Pond
4020,4020,1202,,No,Moderate,Inland,Man-made,,0.790591691823771,,23.8059977675,91.2457356426,Tripura,444.771591115142,7905.91691823771,Hydrological Layer,SAC N,Tank/Pond
4040,4040,1202,,No,Moderate,Inland,Man-made,,0.411330563117418,,23.7581835951,91.2483250395,Tripura,389.477108248188,4113.30563117418,Hydrological Layer,SAC N,Tank/Pond
4022,4022,1202,,No,Moderate,Inland,Man-made,,0.767421374339592,,23.7722327606,91.2545030435,Tripura,510.112989981181,7674.21374339592,Hydrological Layer,SAC N,Tank/Pond
4023,4023,1202,,No,Moderate,Inland,Man-made,,0.218562781155756,,23.7747725865,91.25742869,Tripura,190.860746954013,2185.62781155756,Hydrological Layer,SAC N,Tank/Pond
4024,4024,1202,,No,Moderate,Inland,Man-made,,0.440063840769804,,23.7754072595,91.2587855223,Tripura,411.804028305344,4400.63840769804,Hydrological Layer,SAC N,Tank/Pond
4079,4079,1202,,No,Moderate,Inland,Man-made,,0.197562377095308,,23.8176090388,91.3812671531,Tripura,175.219476302029,1975.62377095308,Hydrological Layer,SAC N,Tank/Pond
4025,4025,1202,,No,Moderate,Inland,Man-made,,0.301312215722408,,23.7735024492,91.2607651799,Tripura,204.255678611044,3013.12215722408,Hydrological Layer,SAC N,Tank/Pond
4026,4026,1202,,No,Moderate,Inland,Man-made,,0.278020473905542,,23.7753050008,91.2609411284,Tripura,220.058647670042,2780.20473905542,Hydrological Layer,SAC N,Tank/Pond
4027,4027,1202,,No,Moderate,Inland,Man-made,,0.461175067757277,,23.771951709,91.2562913554,Tripura,282.208292450835,4611.75067757277,Hydrological Layer,SAC N,Tank/Pond
4028,4028,1202,,No,Moderate,Inland,Man-made,,0.197939025479896,,23.7685195596,91.2517484418,Tripura,191.569336689614,1979.39025479896,Hydrological Layer,SAC N,Tank/Pond
4029,4029,1202,,No,Moderate,Inland,Man-made,,0.186254251776235,,23.7680979948,91.2511292959,Tripura,177.432844095353,1862.54251776235,Hydrological Layer,SAC N,Tank/Pond
4046,4046,1202,,No,Moderate,Inland,Man-made,,0.527474981941402,,23.7520764745,91.2428991414,Tripura,321.070730854728,5274.74981941402,Hydrological Layer,SAC N,Tank/Pond
4007,4007,1202,,No,Moderate,Inland,Man-made,,3.72290815335602,,23.9535547965,91.4890087022,Tripura,3503.64671708422,37229.0815335602,Hydrological Layer,SAC N,Tank/Pond
4008,4008,1202,,No,Moderate,Inland,Man-made,,0.289260497588862,,23.9346073177,91.4822466544,Tripura,237.671144068359,2892.60497588862,Hydrological Layer,SAC N,Tank/Pond
4009,4009,1202,,No,Moderate,Inland,Man-made,,0.368611036154984,,23.9594307341,91.4651831611,Tripura,291.009751442076,3686.11036154984,Hydrological Layer,SAC N,Tank/Pond
4010,4010,1202,,No,Moderate,Inland,Man-made,,0.703294437156006,,23.9607072054,91.4654826778,Tripura,526.349313152863,7032.94437156006,Hydrological Layer,SAC N,Tank/Pond
4011,4011,1202,,No,Moderate,Inland,Man-made,,0.697758681397357,,23.9967893517,91.3889652902,Tripura,359.449298295159,6977.58681397357,Hydrological Layer,SAC N,Tank/Pond
4012,4012,1202,,No,Moderate,Inland,Man-made,,4.10278244430301,,23.9962066411,91.3957826827,Tripura,2163.4690977773,41027.8244430301,Hydrological Layer,SAC N,Tank/Pond
4013,4013,1202,,No,Moderate,Inland,Man-made,,0.471842114202438,,23.9918236865,91.4070430102,Tripura,268.377114304945,4718.42114202438,Hydrological Layer,SAC N,Tank/Pond
4030,4030,1202,,No,Moderate,Inland,Man-made,,0.511034069737872,,23.7620191754,91.2512695477,Tripura,333.791399921292,5110.34069737872,Hydrological Layer,SAC N,Tank/Pond
4031,4031,1202,,No,Moderate,Inland,Man-made,,0.457942606975112,,23.7516479098,91.2740654644,Tripura,275.931605838287,4579.42606975112,Hydrological Layer,SAC N,Tank/Pond
4032,4032,1202,,No,Moderate,Inland,Man-made,,0.241707228939044,,23.7519881982,91.2708234191,Tripura,186.158207051164,2417.07228939044,Hydrological Layer,SAC N,Tank/Pond
4033,4033,1202,,No,Moderate,Inland,Man-made,,1.35205623995826,,23.7547607068,91.2588900612,Tripura,547.246872057903,13520.5623995826,Hydrological Layer,SAC N,Tank/Pond
4034,4034,1202,,No,Moderate,Inland,Man-made,,0.32927102406804,,23.7518163253,91.264594209,Tripura,264.281396879745,3292.7102406804,Hydrological Layer,SAC N,Tank/Pond
4035,4035,1202,,No,Moderate,Inland,Man-made,,0.143690445269627,,23.7527175263,91.2643428917,Tripura,139.839749823491,1436.90445269627,Hydrological Layer,SAC N,Tank/Pond
4036,4036,1202,,No,Moderate,Inland,Man-made,,0.9438199351735,,23.7599430515,91.2529468964,Tripura,793.798692734661,9438.199351735,Hydrological Layer,SAC N,Tank/Pond
4037,4037,1202,,No,Moderate,Inland,Man-made,,0.483649465703399,,23.7589820636,91.2545426111,Tripura,426.805458171207,4836.49465703399,Hydrological Layer,SAC N,Tank/Pond
4038,4038,1202,,No,Moderate,Inland,Man-made,,0.315108067128933,,23.7597626811,91.2497173895,Tripura,273.063359815363,3151.08067128933,Hydrological Layer,SAC N,Tank/Pond
4041,4041,1202,,No,Moderate,Inland,Man-made,,0.194546190430659,,23.7571206678,91.2483760615,Tripura,179.35418688207,1945.46190430659,Hydrological Layer,SAC N,Tank/Pond
4042,4042,1202,,No,Moderate,Inland,Man-made,,0.986527460254831,,23.7505405152,91.2346202637,Tripura,631.855630743214,9865.2746025483,Hydrological Layer,SAC N,Tank/Pond
4062,4062,1202,,No,Moderate,Inland,Man-made,,0.399291141172184,,23.7974893904,91.3154054798,Tripura,309.27432755127,3992.91141172184,Hydrological Layer,SAC N,Tank/Pond
4043,4043,1202,,No,Moderate,Inland,Man-made,,0.814753638310802,,23.7588910583,91.2402399961,Tripura,476.093303725699,8147.53638310802,Hydrological Layer,SAC N,Tank/Pond
4044,4044,1202,,No,Moderate,Inland,Man-made,,0.385053090214193,,23.7526453964,91.2356697112,Tripura,286.955305393128,3850.53090214193,Hydrological Layer,SAC N,Tank/Pond
4045,4045,1202,,No,Moderate,Inland,Man-made,,0.384750470974604,,23.7534616926,91.2360841583,Tripura,225.950323707929,3847.50470974604,Hydrological Layer,SAC N,Tank/Pond
4047,4047,1202,,No,Moderate,Inland,Man-made,,0.318698058880714,,23.7682594073,91.2351085652,Tripura,215.715920852803,3186.98058880714,Hydrological Layer,SAC N,Tank/Pond
4048,4048,1202,,No,Moderate,Inland,Man-made,,0.317603440258211,,23.771473372,91.2334299229,Tripura,218.825350435716,3176.03440258211,Hydrological Layer,SAC N,Tank/Pond
4049,4049,1202,,No,Moderate,Inland,Man-made,,0.251408453988343,,23.7706241901,91.2547606182,Tripura,191.572503563922,2514.08453988343,Hydrological Layer,SAC N,Tank/Pond
4050,4050,1202,,No,Moderate,Inland,Man-made,,0.148077538503651,,23.7712584697,91.2547589432,Tripura,155.113113347199,1480.77538503651,Hydrological Layer,SAC N,Tank/Pond
4051,4051,1202,,No,Moderate,Inland,Man-made,,0.224970030303918,,23.7700851746,91.2521607434,Tripura,205.660169253558,2249.70030303918,Hydrological Layer,SAC N,Tank/Pond
4052,4052,1202,,No,Moderate,Inland,Man-made,,0.373582890741142,,23.7852668465,91.2677366887,Tripura,319.651461975141,3735.82890741142,Hydrological Layer,SAC N,Tank/Pond
4053,4053,1202,,No,Moderate,Inland,Man-made,,0.371886346788224,,23.7833307761,91.267702299,Tripura,294.924849027691,3718.86346788224,Hydrological Layer,SAC N,Tank/Pond
4054,4054,1202,,No,Moderate,Inland,Man-made,,0.282535428904601,,23.7823906209,91.2689288479,Tripura,222.074143000577,2825.35428904601,Hydrological Layer,SAC N,Tank/Pond
4055,4055,1202,,No,Moderate,Inland,Man-made,,0.597480236871012,,23.7823094746,91.2705463364,Tripura,444.296125325427,5974.80236871012,Hydrological Layer,SAC N,Tank/Pond
4056,4056,1202,,No,Moderate,Inland,Man-made,,0.227421740173083,,23.8025523042,91.2842627342,Tripura,196.214929901128,2274.21740173083,Hydrological Layer,SAC N,Tank/Pond
4057,4057,1202,,No,Moderate,Inland,Man-made,,0.203443077715091,,23.8019717089,91.2844772078,Tripura,186.196175731337,2034.43077715091,Hydrological Layer,SAC N,Tank/Pond
4058,4058,1202,,No,Moderate,Inland,Man-made,,0.390147048337302,,23.8015169346,91.2959023956,Tripura,317.349820764483,3901.47048337302,Hydrological Layer,SAC N,Tank/Pond
4059,4059,1202,,No,Moderate,Inland,Man-made,,0.293302247476703,,23.8002835251,91.2889022908,Tripura,227.192228970786,2933.02247476703,Hydrological Layer,SAC N,Tank/Pond
4060,4060,1202,,No,Moderate,Inland,Man-made,,0.322076802276042,,23.8026678338,91.2871661529,Tripura,286.48583046865,3220.76802276042,Hydrological Layer,SAC N,Tank/Pond
4061,4061,1202,,No,Moderate,Inland,Man-made,,0.163226669262116,,23.8019159505,91.2899505795,Tripura,161.952583426362,1632.26669262116,Hydrological Layer,SAC N,Tank/Pond
4063,4063,1202,,No,Moderate,Inland,Man-made,,1.4141290988712,,23.8024231129,91.3149766551,Tripura,822.384078567017,14141.290988712,Hydrological Layer,SAC N,Tank/Pond
4064,4064,1202,,No,Moderate,Inland,Man-made,,0.443631526840626,,23.8000199784,91.3361316199,Tripura,378.597078723278,4436.31526840626,Hydrological Layer,SAC N,Tank/Pond
4084,4084,1202,,No,Moderate,Inland,Man-made,,0.14561546516772,,23.8181289352,91.3792228036,Tripura,156.14052939163,1456.1546516772,Hydrological Layer,SAC N,Tank/Pond
4065,4065,1202,,No,Moderate,Inland,Man-made,,0.621253621349081,,23.7982637001,91.3384752015,Tripura,485.130028243459,6212.53621349081,Hydrological Layer,SAC N,Tank/Pond
4066,4066,1202,,No,Moderate,Inland,Man-made,,0.310395689891425,,23.7980892906,91.3399554812,Tripura,221.562833043814,3103.95689891425,Hydrological Layer,SAC N,Tank/Pond
4067,4067,1202,,No,Moderate,Inland,Man-made,,0.530333141817462,,23.80272098,91.3244175103,Tripura,293.990248818653,5303.33141817462,Hydrological Layer,SAC N,Tank/Pond
4068,4068,1202,,No,Moderate,Inland,Man-made,,0.634575774277949,,23.8142913512,91.3125038638,Tripura,415.36918646249,6345.75774277949,Hydrological Layer,SAC N,Tank/Pond
4069,4069,1202,,No,Moderate,Inland,Man-made,,0.263187473224535,,23.8182193041,91.318948597,Tripura,207.649604974318,2631.87473224535,Hydrological Layer,SAC N,Tank/Pond
4070,4070,1202,,No,Moderate,Inland,Man-made,,0.373949341674014,,23.8331262468,91.3761812076,Tripura,281.830910871024,3739.49341674014,Hydrological Layer,SAC N,Tank/Pond
4071,4071,1202,,No,Moderate,Inland,Man-made,,0.7984516038356,,23.8327710698,91.3709137979,Tripura,538.116858529687,7984.516038356,Hydrological Layer,SAC N,Tank/Pond
4072,4072,1202,,No,Moderate,Inland,Man-made,,0.592203229711883,,23.8320591787,91.3686197113,Tripura,401.258602388301,5922.03229711883,Hydrological Layer,SAC N,Tank/Pond
4073,4073,1202,,No,Moderate,Inland,Man-made,,0.340395171094477,,23.8310757821,91.3703623447,Tripura,234.577763130719,3403.95171094477,Hydrological Layer,SAC N,Tank/Pond
4074,4074,1202,,No,Moderate,Inland,Man-made,,0.152454597999238,,23.8283421768,91.3731761456,Tripura,165.998739015161,1524.54597999238,Hydrological Layer,SAC N,Tank/Pond
4075,4075,1202,,No,Moderate,Inland,Man-made,,0.174873007026232,,23.8299953116,91.3739185343,Tripura,168.763952415945,1748.73007026232,Hydrological Layer,SAC N,Tank/Pond
4076,4076,1202,,No,Moderate,Inland,Man-made,,0.254388410466133,,23.8303002578,91.3754693891,Tripura,208.082767807518,2543.88410466133,Hydrological Layer,SAC N,Tank/Pond
4077,4077,1202,,No,Moderate,Inland,Man-made,,0.489677910228104,,23.8161376479,91.3848112508,Tripura,296.915277056466,4896.77910228104,Hydrological Layer,SAC N,Tank/Pond
4078,4078,1202,,No,Moderate,Inland,Man-made,,0.515742212552439,,23.8159998312,91.3856145275,Tripura,350.61173658685,5157.42212552439,Hydrological Layer,SAC N,Tank/Pond
4080,4080,1202,,No,Moderate,Inland,Man-made,,0.341583775577689,,23.816162865,91.3839651898,Tripura,234.925479871501,3415.83775577689,Hydrological Layer,SAC N,Tank/Pond
4081,4081,1202,,No,Moderate,Inland,Man-made,,0.405990608455929,,23.8153959758,91.3835141103,Tripura,334.822259054018,4059.90608455929,Hydrological Layer,SAC N,Tank/Pond
4082,4082,1202,,No,Moderate,Inland,Man-made,,0.240719134953077,,23.815118939,91.3848239298,Tripura,229.383558919804,2407.19134953077,Hydrological Layer,SAC N,Tank/Pond
4083,4083,1202,,No,Moderate,Inland,Man-made,,0.187189230665115,,23.8180560957,91.3801400291,Tripura,174.85886221794,1871.89230665115,Hydrological Layer,SAC N,Tank/Pond
4086,4086,1202,,No,Moderate,Inland,Man-made,,0.385705894016863,,23.8067162829,91.3832638103,Tripura,292.403044340076,3857.05894016863,Hydrological Layer,SAC N,Tank/Pond
4087,4087,1202,,No,Moderate,Inland,Man-made,,0.195927553860715,,23.8060596347,91.3811039383,Tripura,187.114942222863,1959.27553860715,Hydrological Layer,SAC N,Tank/Pond
4088,4088,1202,,No,Moderate,Inland,Man-made,,0.461888583264538,,23.8059841923,91.3795500158,Tripura,367.52975311446,4618.88583264538,Hydrological Layer,SAC N,Tank/Pond
4089,4089,1202,,No,Moderate,Inland,Man-made,,0.126195583711338,,23.8063314105,91.3802519789,Tripura,140.598520237945,1261.95583711338,Hydrological Layer,SAC N,Tank/Pond
4090,4090,1202,,No,Moderate,Inland,Man-made,,0.394634567551487,,23.8048397358,91.3845231776,Tripura,290.36130215538,3946.34567551487,Hydrological Layer,SAC N,Tank/Pond
4091,4091,1202,,No,Moderate,Inland,Man-made,,0.448955972814885,,23.8018898368,91.3860530101,Tripura,460.791219702523,4489.55972814885,Hydrological Layer,SAC N,Tank/Pond
4092,4092,1202,,No,Moderate,Inland,Man-made,,0.215769102389606,,23.8025927763,91.3852830529,Tripura,223.021207553782,2157.69102389606,Hydrological Layer,SAC N,Tank/Pond
4093,4093,1202,,No,Moderate,Inland,Man-made,,0.154080873808892,,23.8033478599,91.3859163896,Tripura,158.234450725153,1540.80873808892,Hydrological Layer,SAC N,Tank/Pond
4094,4094,1202,,No,Moderate,Inland,Man-made,,0.50465542085657,,23.8036175076,91.3882983193,Tripura,329.710584422501,5046.5542085657,Hydrological Layer,SAC N,Tank/Pond
4095,4095,1202,,No,Moderate,Inland,Man-made,,1.16301584595409,,23.7911905183,91.4366038879,Tripura,539.724669722205,11630.1584595409,Hydrological Layer,SAC N,Tank/Pond
4096,4096,1202,,No,Moderate,Inland,Man-made,,0.890733495059104,,23.7826147053,91.4244893724,Tripura,516.058858995785,8907.33495059104,Hydrological Layer,SAC N,Tank/Pond
4097,4097,1202,,No,Moderate,Inland,Man-made,,0.562238040621306,,23.7805229549,91.4245057879,Tripura,408.34235806619,5622.38040621306,Hydrological Layer,SAC N,Tank/Pond
4098,4098,1202,,No,Moderate,Inland,Man-made,,0.626217284864496,,23.7788010111,91.4281386662,Tripura,408.70126330209,6262.17284864496,Hydrological Layer,SAC N,Tank/Pond
4099,4099,1202,,No,Moderate,Inland,Man-made,,0.51934060322005,,23.7840468931,91.421885925,Tripura,378.241184076861,5193.4060322005,Hydrological Layer,SAC N,Tank/Pond
4100,4100,1202,,No,Moderate,Inland,Man-made,,0.461299324366097,,23.7800151917,91.421444348,Tripura,396.192667749036,4612.99324366097,Hydrological Layer,SAC N,Tank/Pond
4101,4101,1202,,No,Moderate,Inland,Man-made,,0.599681750856114,,23.7778433657,91.4305068553,Tripura,400.912217482615,5996.81750856114,Hydrological Layer,SAC N,Tank/Pond
4102,4102,1202,,No,Moderate,Inland,Man-made,,0.529874689180214,,23.7924951194,91.4276654055,Tripura,421.119165806411,5298.74689180213,Hydrological Layer,SAC N,Tank/Pond
4103,4103,1202,,No,Moderate,Inland,Man-made,,0.448673847732952,,23.7908624126,91.4309566089,Tripura,321.423229376306,4486.73847732952,Hydrological Layer,SAC N,Tank/Pond
4104,4104,1202,,No,Moderate,Inland,Man-made,,0.419645408626278,,23.7883528488,91.436988841,Tripura,302.480618574151,4196.45408626278,Hydrological Layer,SAC N,Tank/Pond
4105,4105,1202,,No,Moderate,Inland,Man-made,,0.20031461236706,,23.7868892351,91.4408363145,Tripura,184.353112310601,2003.1461236706,Hydrological Layer,SAC N,Tank/Pond
4106,4106,1202,,No,Moderate,Inland,Man-made,,0.171262805882235,,23.7875905793,91.4409085732,Tripura,172.305547173724,1712.62805882235,Hydrological Layer,SAC N,Tank/Pond
4107,4107,1202,,No,Moderate,Inland,Man-made,,0.403889748752841,,23.7885804166,91.4410806435,Tripura,322.276316746934,4038.89748752841,Hydrological Layer,SAC N,Tank/Pond
4108,4108,1202,,No,Moderate,Inland,Man-made,,0.58707963959093,,23.7967834682,91.4319253335,Tripura,431.43144245701,5870.7963959093,Hydrological Layer,SAC N,Tank/Pond
4109,4109,1202,,No,Moderate,Inland,Man-made,,0.996586253630558,,23.7966292295,91.4384993652,Tripura,573.205032904582,9965.86253630558,Hydrological Layer,SAC N,Tank/Pond
4110,4110,1202,,No,Moderate,Inland,Man-made,,0.669746236962014,,23.7976695954,91.4275930556,Tripura,451.722207942379,6697.46236962014,Hydrological Layer,SAC N,Tank/Pond
4111,4111,1202,,No,Moderate,Inland,Man-made,,0.714341241829649,,23.7944086221,91.431255057,Tripura,533.282697364028,7143.41241829649,Hydrological Layer,SAC N,Tank/Pond
4112,4112,1202,,No,Moderate,Inland,Man-made,,0.515378235535933,,23.8004181988,91.4255647802,Tripura,336.448202809791,5153.78235535933,Hydrological Layer,SAC N,Tank/Pond
4113,4113,1202,,No,Moderate,Inland,Man-made,,0.457568972956138,,23.8020283504,91.4241393029,Tripura,374.171811030253,4575.68972956138,Hydrological Layer,SAC N,Tank/Pond
4114,4114,1202,,No,Moderate,Inland,Man-made,,0.406764783799473,,23.8035211708,91.4211988973,Tripura,314.168957401227,4067.64783799473,Hydrological Layer,SAC N,Tank/Pond
4115,4115,1202,,No,Moderate,Inland,Man-made,,0.105772671319203,,23.8029379395,91.4242469891,Tripura,132.427121793416,1057.72671319203,Hydrological Layer,SAC N,Tank/Pond
4116,4116,1202,,No,Moderate,Inland,Man-made,,0.396386434200764,,23.7843620694,91.4356500917,Tripura,282.431576898434,3963.86434200764,Hydrological Layer,SAC N,Tank/Pond
4117,4117,1202,,No,Moderate,Inland,Man-made,,0.20026799168851,,23.7835971748,91.433127698,Tripura,180.741666219582,2002.6799168851,Hydrological Layer,SAC N,Tank/Pond
4118,4118,1202,,No,Moderate,Inland,Man-made,,0.520344321424653,,23.785464195,91.4320994928,Tripura,425.180469397477,5203.44321424653,Hydrological Layer,SAC N,Tank/Pond
4119,4119,1202,,No,Moderate,Inland,Man-made,,0.636244471669365,,23.7845001321,91.4307000476,Tripura,362.646403020067,6362.44471669365,Hydrological Layer,SAC N,Tank/Pond
4120,4120,1202,,No,Moderate,Inland,Man-made,,0.292782065730007,,23.7859816374,91.4306812573,Tripura,251.671391285878,2927.82065730007,Hydrological Layer,SAC N,Tank/Pond
4121,4121,1202,,No,Moderate,Inland,Man-made,,0.266608757560846,,23.7863069706,91.4294901499,Tripura,264.820305882592,2666.08757560846,Hydrological Layer,SAC N,Tank/Pond
4122,4122,1202,,No,Moderate,Inland,Man-made,,0.436918692285714,,23.7790017513,91.4236466646,Tripura,301.170907492276,4369.18692285714,Hydrological Layer,SAC N,Tank/Pond
4123,4123,1202,,No,Moderate,Inland,Man-made,,0.505097322381411,,23.7770447235,91.4225221214,Tripura,445.842611907184,5050.97322381411,Hydrological Layer,SAC N,Tank/Pond
4124,4124,1202,,No,Moderate,Inland,Man-made,,0.460615158510893,,23.7775920143,91.4259296306,Tripura,337.474552481865,4606.15158510893,Hydrological Layer,SAC N,Tank/Pond
4125,4125,1202,,No,Moderate,Inland,Man-made,,0.311655880119556,,23.7807245724,91.432474427,Tripura,227.083712736002,3116.55880119556,Hydrological Layer,SAC N,Tank/Pond
4126,4126,1202,,No,Moderate,Inland,Man-made,,0.365397423333048,,23.7842411435,91.4169580935,Tripura,312.013862392833,3653.97423333048,Hydrological Layer,SAC N,Tank/Pond
4127,4127,1202,,No,Moderate,Inland,Man-made,,0.305890274918596,,23.7814952264,91.4200317686,Tripura,284.433365618194,3058.90274918596,Hydrological Layer,SAC N,Tank/Pond
4128,4128,1202,,No,Moderate,Inland,Man-made,,0.284187407830281,,23.7818353569,91.4214879867,Tripura,299.059015907663,2841.87407830281,Hydrological Layer,SAC N,Tank/Pond
4129,4129,1202,,No,Moderate,Inland,Man-made,,0.509006615828897,,23.790129596,91.4119881209,Tripura,409.969636233806,5090.06615828897,Hydrological Layer,SAC N,Tank/Pond
4146,4146,1202,,No,Moderate,Inland,Man-made,,0.268148922282396,,23.8076944413,91.408195489,Tripura,287.865107965048,2681.48922282396,Hydrological Layer,SAC N,Tank/Pond
4130,4130,1202,,No,Moderate,Inland,Man-made,,0.580469143042028,,23.7903004747,91.4154936551,Tripura,436.501720980018,5804.69143042028,Hydrological Layer,SAC N,Tank/Pond
4131,4131,1202,,No,Moderate,Inland,Man-made,,0.232951025740485,,23.7899627529,91.4165695881,Tripura,196.324078997194,2329.51025740485,Hydrological Layer,SAC N,Tank/Pond
4132,4132,1202,,No,Moderate,Inland,Man-made,,0.164489405038712,,23.7911823855,91.4160849349,Tripura,162.378425352755,1644.89405038712,Hydrological Layer,SAC N,Tank/Pond
4133,4133,1202,,No,Moderate,Inland,Man-made,,0.579226272110568,,23.7884817919,91.4153966255,Tripura,358.21126176498,5792.26272110568,Hydrological Layer,SAC N,Tank/Pond
4134,4134,1202,,No,Moderate,Inland,Man-made,,0.453724784659742,,23.7890283464,91.4191087167,Tripura,405.782883803469,4537.24784659742,Hydrological Layer,SAC N,Tank/Pond
4135,4135,1202,,No,Moderate,Inland,Man-made,,0.4965581108937,,23.7851657457,91.4153920737,Tripura,371.237095868448,4965.581108937,Hydrological Layer,SAC N,Tank/Pond
4136,4136,1202,,No,Moderate,Inland,Man-made,,0.323647217117547,,23.7834022839,91.4159464589,Tripura,281.128835922063,3236.47217117547,Hydrological Layer,SAC N,Tank/Pond
4137,4137,1202,,No,Moderate,Inland,Man-made,,0.274389903220846,,23.809035626,91.41026171,Tripura,242.384938532767,2743.89903220846,Hydrological Layer,SAC N,Tank/Pond
4138,4138,1202,,No,Moderate,Inland,Man-made,,0.860213929468317,,23.8098846669,91.407933581,Tripura,468.786777683218,8602.13929468317,Hydrological Layer,SAC N,Tank/Pond
4139,4139,1202,,No,Moderate,Inland,Man-made,,0.227556432284763,,23.8112622886,91.4073542712,Tripura,184.633671027394,2275.56432284763,Hydrological Layer,SAC N,Tank/Pond
4140,4140,1202,,No,Moderate,Inland,Man-made,,1.10979316082205,,23.8118011184,91.408904859,Tripura,581.602196866233,11097.9316082205,Hydrological Layer,SAC N,Tank/Pond
4141,4141,1202,,No,Moderate,Inland,Man-made,,0.628023428594252,,23.8105533088,91.4104753024,Tripura,497.04705127185,6280.23428594252,Hydrological Layer,SAC N,Tank/Pond
4142,4142,1202,,No,Moderate,Inland,Man-made,,0.394634547528649,,23.8124938555,91.4044130162,Tripura,309.683636243279,3946.34547528649,Hydrological Layer,SAC N,Tank/Pond
4143,4143,1202,,No,Moderate,Inland,Man-made,,0.625988701441776,,23.8138131579,91.4075091682,Tripura,478.110705958679,6259.88701441776,Hydrological Layer,SAC N,Tank/Pond
4144,4144,1202,,No,Moderate,Inland,Man-made,,0.222734496889605,,23.815340596,91.3943278468,Tripura,190.499486406542,2227.34496889605,Hydrological Layer,SAC N,Tank/Pond
4145,4145,1202,,No,Moderate,Inland,Man-made,,0.362843622157232,,23.8076803598,91.4096130271,Tripura,263.357761835505,3628.43622157232,Hydrological Layer,SAC N,Tank/Pond
4147,4147,1202,,No,Moderate,Inland,Man-made,,0.414856754140194,,23.804343851,91.4134528398,Tripura,432.159057796103,4148.56754140194,Hydrological Layer,SAC N,Tank/Pond
4148,4148,1202,,No,Moderate,Inland,Man-made,,0.325433984504164,,23.8035390241,91.4164735192,Tripura,285.362882464131,3254.33984504164,Hydrological Layer,SAC N,Tank/Pond
4149,4149,1202,,No,Moderate,Inland,Man-made,,0.157036441852053,,23.8056195653,91.4108051667,Tripura,160.390324568241,1570.36441852053,Hydrological Layer,SAC N,Tank/Pond
4150,4150,1202,,No,Moderate,Inland,Man-made,,0.242764206569878,,23.8078204931,91.4125233207,Tripura,202.437135528916,2427.64206569878,Hydrological Layer,SAC N,Tank/Pond
4338,4338,1202,,No,Moderate,Inland,Man-made,,0.224537406963355,,23.6132394,91.2384411327,Tripura,190.082666324412,2245.37406963355,Hydrological Layer,SAC N,Tank/Pond
4151,4151,1202,,No,Moderate,Inland,Man-made,,0.555808051152448,,23.805445232,91.412719552,Tripura,462.937304268891,5558.08051152448,Hydrological Layer,SAC N,Tank/Pond
4152,4152,1202,,No,Moderate,Inland,Man-made,,0.245515891196162,,23.8065033379,91.4070497863,Tripura,218.506848761518,2455.15891196162,Hydrological Layer,SAC N,Tank/Pond
4153,4153,1202,,No,Moderate,Inland,Man-made,,0.392977523209379,,23.8060147727,91.4395876532,Tripura,274.598772223602,3929.77523209379,Hydrological Layer,SAC N,Tank/Pond
4154,4154,1202,,No,Moderate,Inland,Man-made,,0.402563428710224,,23.8046973591,91.4397883005,Tripura,338.351922444513,4025.63428710224,Hydrological Layer,SAC N,Tank/Pond
4155,4155,1202,,No,Moderate,Inland,Man-made,,0.176104653623767,,23.805298375,91.4406264913,Tripura,175.552886882808,1761.04653623767,Hydrological Layer,SAC N,Tank/Pond
4233,4233,1202,,No,Moderate,Inland,Man-made,,0.526672587826568,,23.702345019,91.3341486801,Tripura,318.78609053486,5266.72587826568,Hydrological Layer,SAC N,Tank/Pond
4156,4156,1202,,No,Moderate,Inland,Man-made,,0.211541028924197,,23.8068814644,91.4397136219,Tripura,186.037489593132,2115.41028924197,Hydrological Layer,SAC N,Tank/Pond
4157,4157,1202,,No,Moderate,Inland,Man-made,,0.285213950675569,,23.8039525823,91.4401530859,Tripura,238.673729157076,2852.13950675569,Hydrological Layer,SAC N,Tank/Pond
4158,4158,1202,,No,Moderate,Inland,Man-made,,0.512753064323974,,23.8082278359,91.4473326592,Tripura,312.526813187333,5127.53064323974,Hydrological Layer,SAC N,Tank/Pond
4159,4159,1202,,No,Moderate,Inland,Man-made,,0.439833301736823,,23.8073513242,91.4480448545,Tripura,296.57591528355,4398.33301736823,Hydrological Layer,SAC N,Tank/Pond
4160,4160,1202,,No,Moderate,Inland,Man-made,,0.353724460068439,,23.8148328653,91.4429940553,Tripura,418.646343549918,3537.24460068439,Hydrological Layer,SAC N,Tank/Pond
4161,4161,1202,,No,Moderate,Inland,Man-made,,1.68370515319038,,23.6952474563,91.461056395,Tripura,925.625827482834,16837.0515319038,Hydrological Layer,SAC N,Tank/Pond
4162,4162,1202,,No,Moderate,Inland,Man-made,,0.151134519809871,,23.6946038995,91.4628353002,Tripura,181.091651907205,1511.34519809871,Hydrological Layer,SAC N,Tank/Pond
4163,4163,1202,,No,Moderate,Inland,Man-made,,0.264947947762664,,23.6951988508,91.4632316123,Tripura,211.124606384785,2649.47947762664,Hydrological Layer,SAC N,Tank/Pond
4164,4164,1202,,No,Moderate,Inland,Man-made,,1.40071826781287,,23.6892154187,91.4509256722,Tripura,737.956403179008,14007.1826781287,Hydrological Layer,SAC N,Tank/Pond
4165,4165,1202,,No,Moderate,Inland,Man-made,,0.164927961721786,,23.6902654525,91.452425872,Tripura,192.001175649053,1649.27961721786,Hydrological Layer,SAC N,Tank/Pond
4166,4166,1202,,No,Moderate,Inland,Man-made,,0.656191497820908,,23.6888201559,91.4714178961,Tripura,530.004932898065,6561.91497820908,Hydrological Layer,SAC N,Tank/Pond
4167,4167,1202,,No,Moderate,Inland,Man-made,,0.32270945042178,,23.6902595289,91.4681138265,Tripura,221.036360043081,3227.0945042178,Hydrological Layer,SAC N,Tank/Pond
4168,4168,1202,,No,Moderate,Inland,Man-made,,0.324299696144746,,23.6834796708,91.4615743129,Tripura,253.420388891094,3242.99696144746,Hydrological Layer,SAC N,Tank/Pond
4169,4169,1202,,No,Moderate,Inland,Man-made,,0.369228232320741,,23.682089859,91.4661439668,Tripura,417.535058286672,3692.28232320741,Hydrological Layer,SAC N,Tank/Pond
4170,4170,1202,,No,Moderate,Inland,Man-made,,0.204699204151109,,23.6811084002,91.4653275441,Tripura,194.110623661351,2046.99204151109,Hydrological Layer,SAC N,Tank/Pond
4171,4171,1202,,No,Moderate,Inland,Man-made,,0.736041864734707,,23.6913401345,91.4830848565,Tripura,354.529865036064,7360.41864734707,Hydrological Layer,SAC N,Tank/Pond
4172,4172,1202,,No,Moderate,Inland,Man-made,,0.702750781625275,,23.6901420721,91.4890253391,Tripura,514.991210081677,7027.50781625275,Hydrological Layer,SAC N,Tank/Pond
4173,4173,1202,,No,Moderate,Inland,Man-made,,0.344362428820814,,23.6906087124,91.4922412686,Tripura,271.306612544551,3443.62428820814,Hydrological Layer,SAC N,Tank/Pond
4174,4174,1202,,No,Moderate,Inland,Man-made,,0.725292619562612,,23.6891124653,91.493423995,Tripura,645.895620661593,7252.92619562612,Hydrological Layer,SAC N,Tank/Pond
4175,4175,1202,,No,Moderate,Inland,Man-made,,0.343453550188612,,23.6915043993,91.490769466,Tripura,258.339069420293,3434.53550188612,Hydrological Layer,SAC N,Tank/Pond
4176,4176,1202,,No,Moderate,Inland,Man-made,,0.586428604267912,,23.6956115279,91.4733361567,Tripura,570.461960692269,5864.28604267912,Hydrological Layer,SAC N,Tank/Pond
4254,4254,1202,,No,Moderate,Inland,Man-made,,0.352394361982338,,23.6788206309,91.2949615497,Tripura,310.727466552815,3523.94361982338,Hydrological Layer,SAC N,Tank/Pond
4177,4177,1202,,No,Moderate,Inland,Man-made,,1.19025262367802,,23.6997603026,91.491356712,Tripura,592.410987694225,11902.5262367802,Hydrological Layer,SAC N,Tank/Pond
4232,4232,1202,,No,Moderate,Inland,Man-made,,0.338198944568162,,23.7057546433,91.333611549,Tripura,335.2525169526,3381.98944568162,Hydrological Layer,SAC N,Tank/Pond
4178,4178,1202,,No,Moderate,Inland,Man-made,,0.309174919240601,,23.6857542155,91.4821274156,Tripura,316.508524547296,3091.74919240601,Hydrological Layer,SAC N,Tank/Pond
4179,4179,1202,,No,Moderate,Inland,Man-made,,0.314370752389617,,23.6868582002,91.481297119,Tripura,280.653968356788,3143.70752389617,Hydrological Layer,SAC N,Tank/Pond
4180,4180,1202,,No,Moderate,Inland,Man-made,,0.493921030616559,,23.7037392227,91.4732631556,Tripura,401.981682746203,4939.21030616559,Hydrological Layer,SAC N,Tank/Pond
4181,4181,1202,,No,Moderate,Inland,Man-made,,0.378495098491785,,23.6935925049,91.4368757229,Tripura,336.075337820212,3784.95098491785,Hydrological Layer,SAC N,Tank/Pond
4182,4182,1202,,No,Moderate,Inland,Man-made,,0.385550924735653,,23.6921984492,91.4392401696,Tripura,264.457878057557,3855.50924735653,Hydrological Layer,SAC N,Tank/Pond
4183,4183,1202,,No,Moderate,Inland,Man-made,,0.27928114571963,,23.6914893733,91.4408618803,Tripura,234.608456572132,2792.8114571963,Hydrological Layer,SAC N,Tank/Pond
4184,4184,1202,,No,Moderate,Inland,Man-made,,1.06374681790394,,23.6967208844,91.4211644731,Tripura,997.932240621873,10637.4681790394,Hydrological Layer,SAC N,Tank/Pond
4185,4185,1202,,No,Moderate,Inland,Man-made,,0.436539928193344,,23.7007494064,91.406171449,Tripura,289.46833813566,4365.39928193344,Hydrological Layer,SAC N,Tank/Pond
4187,4187,1202,,No,Moderate,Inland,Man-made,,0.698616849888922,,23.7023843359,91.3863303675,Tripura,372.512482042062,6986.16849888922,Hydrological Layer,SAC N,Tank/Pond
4188,4188,1202,,No,Moderate,Inland,Man-made,,0.454448234351106,,23.7031979917,91.3879349141,Tripura,473.467290547073,4544.48234351106,Hydrological Layer,SAC N,Tank/Pond
4189,4189,1202,,No,Moderate,Inland,Man-made,,0.297265878325308,,23.7018188058,91.3914610002,Tripura,354.508560140418,2972.65878325308,Hydrological Layer,SAC N,Tank/Pond
4190,4190,1202,,No,Moderate,Inland,Man-made,,0.185562968758693,,23.7017508687,91.3943446755,Tripura,181.927703491278,1855.62968758693,Hydrological Layer,SAC N,Tank/Pond
4273,4273,1202,,No,Moderate,Inland,Man-made,,0.800374639934585,,23.6734350736,91.279281049,Tripura,519.23220674868,8003.74639934585,Hydrological Layer,SAC N,Tank/Pond
4191,4191,1202,,No,Moderate,Inland,Man-made,,0.20748198603114,,23.7026277524,91.3923713166,Tripura,284.090181888761,2074.8198603114,Hydrological Layer,SAC N,Tank/Pond
4192,4192,1202,,No,Moderate,Inland,Man-made,,0.316305446235827,,23.7081158047,91.397972996,Tripura,323.262746043095,3163.05446235827,Hydrological Layer,SAC N,Tank/Pond
4193,4193,1202,,No,Moderate,Inland,Man-made,,0.260831882245349,,23.7064816097,91.3991022594,Tripura,269.402655170267,2608.31882245349,Hydrological Layer,SAC N,Tank/Pond
4195,4195,1202,,No,Moderate,Inland,Man-made,,0.134044900067024,,23.7043264189,91.395162243,Tripura,146.628856939968,1340.44900067024,Hydrological Layer,SAC N,Tank/Pond
4196,4196,1202,,No,Moderate,Inland,Man-made,,0.111619620837362,,23.7105677462,91.3951695608,Tripura,134.831240320173,1116.19620837362,Hydrological Layer,SAC N,Tank/Pond
4197,4197,1202,,No,Moderate,Inland,Man-made,,0.184679531152054,,23.7091071431,91.3954799042,Tripura,158.526522621528,1846.79531152054,Hydrological Layer,SAC N,Tank/Pond
4198,4198,1202,,No,Moderate,Inland,Man-made,,0.609911215359963,,23.7127476924,91.398802053,Tripura,431.50608960021,6099.11215359963,Hydrological Layer,SAC N,Tank/Pond
4199,4199,1202,,No,Moderate,Inland,Man-made,,0.156310492657427,,23.7123268013,91.4030723833,Tripura,162.583689386407,1563.10492657427,Hydrological Layer,SAC N,Tank/Pond
4200,4200,1202,,No,Moderate,Inland,Man-made,,0.120292235727046,,23.7116082146,91.4033604675,Tripura,149.473825284239,1202.92235727046,Hydrological Layer,SAC N,Tank/Pond
4201,4201,1202,,No,Moderate,Inland,Man-made,,0.171365674924721,,23.7131464753,91.4033654638,Tripura,213.009887385532,1713.65674924721,Hydrological Layer,SAC N,Tank/Pond
4202,4202,1202,,No,Moderate,Inland,Man-made,,0.431852958192669,,23.715974639,91.4053345874,Tripura,342.293202528093,4318.52958192669,Hydrological Layer,SAC N,Tank/Pond
4203,4203,1202,,No,Moderate,Inland,Man-made,,0.426791220244383,,23.7171163752,91.406280806,Tripura,429.454414208163,4267.91220244383,Hydrological Layer,SAC N,Tank/Pond
4204,4204,1202,,No,Moderate,Inland,Man-made,,0.51139647875924,,23.7166108299,91.4096094936,Tripura,443.346331154913,5113.9647875924,Hydrological Layer,SAC N,Tank/Pond
4205,4205,1202,,No,Moderate,Inland,Man-made,,0.421728104113814,,23.7209232198,91.4062298749,Tripura,447.978468362934,4217.28104113814,Hydrological Layer,SAC N,Tank/Pond
4206,4206,1202,,No,Moderate,Inland,Man-made,,0.497338123794627,,23.7201537148,91.4041945157,Tripura,567.438584270708,4973.38123794627,Hydrological Layer,SAC N,Tank/Pond
4207,4207,1202,,No,Moderate,Inland,Man-made,,0.465889802918904,,23.718822599,91.4078547772,Tripura,389.346753758217,4658.89802918904,Hydrological Layer,SAC N,Tank/Pond
4208,4208,1202,,No,Moderate,Inland,Man-made,,0.338095269833368,,23.7184157096,91.4100936147,Tripura,340.967011215862,3380.95269833368,Hydrological Layer,SAC N,Tank/Pond
4209,4209,1202,,No,Moderate,Inland,Man-made,,0.164577719492033,,23.7162609258,91.4125750656,Tripura,168.157908937997,1645.77719492033,Hydrological Layer,SAC N,Tank/Pond
4210,4210,1202,,No,Moderate,Inland,Man-made,,0.71134877537525,,23.7206137875,91.396623818,Tripura,538.300047318157,7113.4877537525,Hydrological Layer,SAC N,Tank/Pond
4211,4211,1202,,No,Moderate,Inland,Man-made,,0.331360949803025,,23.7224755057,91.4001436724,Tripura,296.033780756081,3313.60949803025,Hydrological Layer,SAC N,Tank/Pond
4212,4212,1202,,No,Moderate,Inland,Man-made,,0.306725294994303,,23.7140710059,91.3885248141,Tripura,375.171663977464,3067.25294994303,Hydrological Layer,SAC N,Tank/Pond
4213,4213,1202,,No,Moderate,Inland,Man-made,,0.493424133908479,,23.7151562163,91.3889504328,Tripura,470.69392586328,4934.24133908479,Hydrological Layer,SAC N,Tank/Pond
4214,4214,1202,,No,Moderate,Inland,Man-made,,0.143858296248205,,23.7152123365,91.3900023789,Tripura,175.707166904761,1438.58296248205,Hydrological Layer,SAC N,Tank/Pond
4234,4234,1202,,No,Moderate,Inland,Man-made,,0.293283677979964,,23.7008902099,91.3318112726,Tripura,275.697854218797,2932.83677979964,Hydrological Layer,SAC N,Tank/Pond
4235,4235,1202,,No,Moderate,Inland,Man-made,,0.237723859194311,,23.7000128401,91.3330714756,Tripura,200.308468086651,2377.23859194311,Hydrological Layer,SAC N,Tank/Pond
4236,4236,1202,,No,Moderate,Inland,Man-made,,0.208248304097418,,23.7020225116,91.324163741,Tripura,184.664861154191,2082.48304097418,Hydrological Layer,SAC N,Tank/Pond
4279,4279,1202,,No,Moderate,Inland,Man-made,,0.359655033466992,,23.6751924967,91.2861742676,Tripura,262.8005493536,3596.55033466992,Hydrological Layer,SAC N,Tank/Pond
4231,4231,1202,,No,Moderate,Inland,Man-made,,0.205765813512173,,23.7044616061,91.3296373051,Tripura,202.255183407298,2057.65813512173,Hydrological Layer,SAC N,Tank/Pond
4215,4215,1202,,No,Moderate,Inland,Man-made,,0.741013878788673,,23.7029373835,91.3793686445,Tripura,762.485917010828,7410.13878788673,Hydrological Layer,SAC N,Tank/Pond
4216,4216,1202,,No,Moderate,Inland,Man-made,,0.524135403340123,,23.6960533778,91.3720174021,Tripura,470.065862494453,5241.35403340123,Hydrological Layer,SAC N,Tank/Pond
4217,4217,1202,,No,Moderate,Inland,Man-made,,0.332011644684465,,23.6963699579,91.3709801984,Tripura,284.777123920338,3320.11644684465,Hydrological Layer,SAC N,Tank/Pond
4218,4218,1202,,No,Moderate,Inland,Man-made,,0.396997366632802,,23.6953920849,91.3646411003,Tripura,253.116744199267,3969.97366632802,Hydrological Layer,SAC N,Tank/Pond
4219,4219,1202,,No,Moderate,Inland,Man-made,,0.159778949581151,,23.6959434654,91.3631327241,Tripura,156.112601411546,1597.78949581151,Hydrological Layer,SAC N,Tank/Pond
4220,4220,1202,,No,Moderate,Inland,Man-made,,0.252390677733855,,23.695581507,91.3627022695,Tripura,183.130178604391,2523.90677733855,Hydrological Layer,SAC N,Tank/Pond
4221,4221,1202,,No,Moderate,Inland,Man-made,,0.263136000363456,,23.6988259111,91.3495076405,Tripura,208.539875940405,2631.36000363456,Hydrological Layer,SAC N,Tank/Pond
4222,4222,1202,,No,Moderate,Inland,Man-made,,0.200722419396605,,23.6979580113,91.3486726288,Tripura,190.424304315246,2007.22419396605,Hydrological Layer,SAC N,Tank/Pond
4223,4223,1202,,No,Moderate,Inland,Man-made,,0.284424537759161,,23.6961032903,91.3497508706,Tripura,263.571054987299,2844.24537759161,Hydrological Layer,SAC N,Tank/Pond
4224,4224,1202,,No,Moderate,Inland,Man-made,,0.185325094368099,,23.6973351304,91.3516083261,Tripura,174.159937960499,1853.25094368099,Hydrological Layer,SAC N,Tank/Pond
4225,4225,1202,,No,Moderate,Inland,Man-made,,0.186805491468031,,23.6987029127,91.3404754657,Tripura,182.176344777282,1868.05491468031,Hydrological Layer,SAC N,Tank/Pond
4226,4226,1202,,No,Moderate,Inland,Man-made,,0.122194877003668,,23.6986023537,91.3446977878,Tripura,143.294516147676,1221.94877003668,Hydrological Layer,SAC N,Tank/Pond
4227,4227,1202,,No,Moderate,Inland,Man-made,,0.225791737652708,,23.6983150788,91.3460505415,Tripura,214.118721466904,2257.91737652708,Hydrological Layer,SAC N,Tank/Pond
4228,4228,1202,,No,Moderate,Inland,Man-made,,0.270349615138523,,23.6991866846,91.3459726722,Tripura,240.36625107392,2703.49615138523,Hydrological Layer,SAC N,Tank/Pond
4229,4229,1202,,No,Moderate,Inland,Man-made,,0.519397643157228,,23.7078605715,91.3306736141,Tripura,330.476939660566,5193.97643157228,Hydrological Layer,SAC N,Tank/Pond
4230,4230,1202,,No,Moderate,Inland,Man-made,,0.368064925682989,,23.7053744409,91.3309158739,Tripura,244.777801387508,3680.64925682989,Hydrological Layer,SAC N,Tank/Pond
4237,4237,1202,,No,Moderate,Inland,Man-made,,0.581644033895964,,23.7022526054,91.3258812126,Tripura,384.122652866741,5816.44033895964,Hydrological Layer,SAC N,Tank/Pond
4238,4238,1202,,No,Moderate,Inland,Man-made,,0.308633325435889,,23.7023898433,91.3280614904,Tripura,226.81214675706,3086.33325435889,Hydrological Layer,SAC N,Tank/Pond
4239,4239,1202,,No,Moderate,Inland,Man-made,,0.240991397236993,,23.6991839331,91.3157811689,Tripura,197.788625526891,2409.91397236993,Hydrological Layer,SAC N,Tank/Pond
4240,4240,1202,,No,Moderate,Inland,Man-made,,0.123675925062959,,23.6995705012,91.3153620582,Tripura,141.861418157232,1236.75925062959,Hydrological Layer,SAC N,Tank/Pond
4241,4241,1202,,No,Moderate,Inland,Man-made,,0.693502511559666,,23.7012409622,91.3180024434,Tripura,450.469224093159,6935.02511559666,Hydrological Layer,SAC N,Tank/Pond
4242,4242,1202,,No,Moderate,Inland,Man-made,,0.243414341140899,,23.6993659109,91.3144478419,Tripura,194.516944490836,2434.14341140899,Hydrological Layer,SAC N,Tank/Pond
4243,4243,1202,,No,Moderate,Inland,Man-made,,0.26585930230519,,23.6991913262,91.3122092744,Tripura,251.602152786836,2658.5930230519,Hydrological Layer,SAC N,Tank/Pond
4244,4244,1202,,No,Moderate,Inland,Man-made,,0.253107004515694,,23.702034961,91.3136718928,Tripura,252.796798700366,2531.07004515694,Hydrological Layer,SAC N,Tank/Pond
4245,4245,1202,,No,Moderate,Inland,Man-made,,0.213423388603674,,23.6921075592,91.2956323809,Tripura,187.156986464992,2134.23388603674,Hydrological Layer,SAC N,Tank/Pond
4246,4246,1202,,No,Moderate,Inland,Man-made,,0.565393670446594,,23.6878807866,91.2938112525,Tripura,385.47888569976,5653.93670446594,Hydrological Layer,SAC N,Tank/Pond
4247,4247,1202,,No,Moderate,Inland,Man-made,,0.188255492847318,,23.6772658389,91.3106684851,Tripura,184.392268331448,1882.55492847318,Hydrological Layer,SAC N,Tank/Pond
4248,4248,1202,,No,Moderate,Inland,Man-made,,0.116073247132996,,23.6768800853,91.3111757063,Tripura,136.8314161981,1160.73247132996,Hydrological Layer,SAC N,Tank/Pond
4249,4249,1202,,No,Moderate,Inland,Man-made,,1.16997334996641,,23.6759736328,91.3122481162,Tripura,720.866046104132,11699.7334996641,Hydrological Layer,SAC N,Tank/Pond
4250,4250,1202,,No,Moderate,Inland,Man-made,,0.230117658759086,,23.6791599879,91.3138362668,Tripura,200.634038707884,2301.17658759086,Hydrological Layer,SAC N,Tank/Pond
4251,4251,1202,,No,Moderate,Inland,Man-made,,0.426945330855969,,23.678777442,91.3122184855,Tripura,404.38250496888,4269.45330855969,Hydrological Layer,SAC N,Tank/Pond
4252,4252,1202,,No,Moderate,Inland,Man-made,,0.822597154324078,,23.6800085445,91.3138343841,Tripura,498.241271467198,8225.97154324078,Hydrological Layer,SAC N,Tank/Pond
4253,4253,1202,,No,Moderate,Inland,Man-made,,0.363239004063564,,23.6774662926,91.2943665695,Tripura,246.737653815132,3632.39004063564,Hydrological Layer,SAC N,Tank/Pond
4388,4388,1202,,No,Moderate,Inland,Man-made,,0.222931079427699,,23.6670020214,91.2755100113,Tripura,189.299353218819,2229.31079427699,Hydrological Layer,SAC N,Tank/Pond
4255,4255,1202,,No,Moderate,Inland,Man-made,,1.32050328735611,,23.6786849229,91.3013536403,Tripura,866.076579282409,13205.0328735611,Hydrological Layer,SAC N,Tank/Pond
4278,4278,1202,,No,Moderate,Inland,Man-made,,0.369993827066756,,23.6747815492,91.2851501817,Tripura,257.085984317926,3699.93827066756,Hydrological Layer,SAC N,Tank/Pond
4256,4256,1202,,No,Moderate,Inland,Man-made,,1.04107705734319,,23.6802289804,91.3019717037,Tripura,409.933367973418,10410.7705734319,Hydrological Layer,SAC N,Tank/Pond
4257,4257,1202,,No,Moderate,Inland,Man-made,,0.477858661973946,,23.6794765853,91.3007306616,Tripura,278.550033437307,4778.58661973946,Hydrological Layer,SAC N,Tank/Pond
4258,4258,1202,,No,Moderate,Inland,Man-made,,0.206760642424856,,23.6770868357,91.29715184,Tripura,182.610530204597,2067.60642424856,Hydrological Layer,SAC N,Tank/Pond
4259,4259,1202,,No,Moderate,Inland,Man-made,,0.227872899272835,,23.6773619235,91.2978925015,Tripura,194.617448320564,2278.72899272835,Hydrological Layer,SAC N,Tank/Pond
4260,4260,1202,,No,Moderate,Inland,Man-made,,0.182498298582071,,23.677550138,91.298567359,Tripura,167.240178332487,1824.98298582071,Hydrological Layer,SAC N,Tank/Pond
4261,4261,1202,,No,Moderate,Inland,Man-made,,0.132004788570381,,23.6780914767,91.2983658432,Tripura,145.912958850681,1320.04788570381,Hydrological Layer,SAC N,Tank/Pond
4262,4262,1202,,No,Moderate,Inland,Man-made,,0.251832890496592,,23.6785891292,91.298691417,Tripura,246.348752164775,2518.32890496592,Hydrological Layer,SAC N,Tank/Pond
4263,4263,1202,,No,Moderate,Inland,Man-made,,0.64078764389974,,23.6761367734,91.294283239,Tripura,308.775577585275,6407.87643899739,Hydrological Layer,SAC N,Tank/Pond
4264,4264,1202,,No,Moderate,Inland,Man-made,,0.28836189742385,,23.6772019078,91.2954092391,Tripura,219.029922920835,2883.6189742385,Hydrological Layer,SAC N,Tank/Pond
4265,4265,1202,,No,Moderate,Inland,Man-made,,0.476372749464236,,23.6770510874,91.2959734331,Tripura,292.270727706135,4763.72749464236,Hydrological Layer,SAC N,Tank/Pond
4266,4266,1202,,No,Moderate,Inland,Man-made,,0.205186180701049,,23.6779596663,91.3003010782,Tripura,182.206899573064,2051.86180701049,Hydrological Layer,SAC N,Tank/Pond
4267,4267,1202,,No,Moderate,Inland,Man-made,,0.229742372349618,,23.6798582348,91.2949455965,Tripura,194.254474714461,2297.42372349618,Hydrological Layer,SAC N,Tank/Pond
4268,4268,1202,,No,Moderate,Inland,Man-made,,0.314533322300298,,23.6810949354,91.2946645272,Tripura,236.925436613996,3145.33322300298,Hydrological Layer,SAC N,Tank/Pond
4269,4269,1202,,No,Moderate,Inland,Man-made,,0.636323378310558,,23.6813306369,91.2953161424,Tripura,373.420748036697,6363.23378310558,Hydrological Layer,SAC N,Tank/Pond
4270,4270,1202,,No,Moderate,Inland,Man-made,,0.303068970175221,,23.6815236013,91.2958299855,Tripura,207.724021057819,3030.68970175221,Hydrological Layer,SAC N,Tank/Pond
4271,4271,1202,,No,Moderate,Inland,Man-made,,0.347012033161239,,23.6803231263,91.2972565327,Tripura,268.460948918179,3470.12033161239,Hydrological Layer,SAC N,Tank/Pond
4272,4272,1202,,No,Moderate,Inland,Man-made,,0.200777977700023,,23.6798267435,91.298333862,Tripura,185.173448099377,2007.77977700023,Hydrological Layer,SAC N,Tank/Pond
4274,4274,1202,,No,Moderate,Inland,Man-made,,0.713595614079117,,23.6749822438,91.2809349797,Tripura,408.820877792584,7135.95614079117,Hydrological Layer,SAC N,Tank/Pond
4275,4275,1202,,No,Moderate,Inland,Man-made,,0.185342188650263,,23.676515403,91.2780223098,Tripura,177.326616698417,1853.42188650263,Hydrological Layer,SAC N,Tank/Pond
4276,4276,1202,,No,Moderate,Inland,Man-made,,0.363854950868903,,23.6712590486,91.2828996242,Tripura,282.781094068084,3638.54950868903,Hydrological Layer,SAC N,Tank/Pond
4277,4277,1202,,No,Moderate,Inland,Man-made,,0.333753480731892,,23.6739921876,91.2848256101,Tripura,261.608160353882,3337.53480731892,Hydrological Layer,SAC N,Tank/Pond
4280,4280,1202,,No,Moderate,Inland,Man-made,,0.552110516873865,,23.6759821061,91.2872746171,Tripura,301.989373553879,5521.10516873865,Hydrological Layer,SAC N,Tank/Pond
4281,4281,1202,,No,Moderate,Inland,Man-made,,0.300461062532339,,23.6632886379,91.2937842066,Tripura,202.9485204874,3004.61062532339,Hydrological Layer,SAC N,Tank/Pond
4282,4282,1202,,No,Moderate,Inland,Man-made,,0.801112772819224,,23.6645260019,91.2956124786,Tripura,597.826688710548,8011.12772819224,Hydrological Layer,SAC N,Tank/Pond
4283,4283,1202,,No,Moderate,Inland,Man-made,,0.721885619851978,,23.6659523132,91.2931677242,Tripura,498.662933729378,7218.85619851977,Hydrological Layer,SAC N,Tank/Pond
4284,4284,1202,,No,Moderate,Inland,Man-made,,0.587224698630216,,23.6749335787,91.2947772865,Tripura,389.590191260988,5872.24698630216,Hydrological Layer,SAC N,Tank/Pond
4285,4285,1202,,No,Moderate,Inland,Man-made,,0.96529859543585,,23.6726592782,91.2930866084,Tripura,535.356955804269,9652.9859543585,Hydrological Layer,SAC N,Tank/Pond
4286,4286,1202,,No,Moderate,Inland,Man-made,,0.369026921044769,,23.672225026,91.2912151762,Tripura,270.216090057919,3690.26921044769,Hydrological Layer,SAC N,Tank/Pond
4287,4287,1202,,No,Moderate,Inland,Man-made,,0.215610553415752,,23.6699229082,91.2877435459,Tripura,202.660110548352,2156.10553415752,Hydrological Layer,SAC N,Tank/Pond
4288,4288,1202,,No,Moderate,Inland,Man-made,,0.841594381248157,,23.6615556007,91.2743337888,Tripura,417.160924618708,8415.94381248157,Hydrological Layer,SAC N,Tank/Pond
4289,4289,1202,,No,Moderate,Inland,Man-made,,0.142967094287868,,23.6608271779,91.275175859,Tripura,151.286924341849,1429.67094287868,Hydrological Layer,SAC N,Tank/Pond
4290,4290,1202,,No,Moderate,Inland,Man-made,,0.336767514827934,,23.6608795748,91.2761628143,Tripura,302.141740453874,3367.67514827934,Hydrological Layer,SAC N,Tank/Pond
4291,4291,1202,,No,Moderate,Inland,Man-made,,1.13851212423003,,23.6576288562,91.2723024366,Tripura,559.973168517527,11385.1212423003,Hydrological Layer,SAC N,Tank/Pond
4383,4383,1202,,No,Moderate,Inland,Man-made,,0.18545418873245,,23.6479937306,91.2778391998,Tripura,193.430038577827,1854.5418873245,Hydrological Layer,SAC N,Tank/Pond
4292,4292,1202,,No,Moderate,Inland,Man-made,,0.477259215531294,,23.6581603455,91.2763776405,Tripura,418.281458748602,4772.59215531294,Hydrological Layer,SAC N,Tank/Pond
4293,4293,1202,,No,Moderate,Inland,Man-made,,0.664542536518444,,23.6551418705,91.2739237963,Tripura,451.763179150429,6645.42536518444,Hydrological Layer,SAC N,Tank/Pond
4294,4294,1202,,No,Moderate,Inland,Man-made,,0.336982223906352,,23.6543200205,91.2728564201,Tripura,323.248911985072,3369.82223906352,Hydrological Layer,SAC N,Tank/Pond
4295,4295,1202,,No,Moderate,Inland,Man-made,,0.479948232109833,,23.6526138593,91.2687985761,Tripura,359.799989183962,4799.48232109833,Hydrological Layer,SAC N,Tank/Pond
4296,4296,1202,,No,Moderate,Inland,Man-made,,0.445745635261604,,23.6599224592,91.2502018224,Tripura,326.169883330903,4457.45635261604,Hydrological Layer,SAC N,Tank/Pond
4312,4312,1202,,No,Moderate,Inland,Man-made,,0.353015283206826,,23.6535619635,91.2389435308,Tripura,250.121241131729,3530.15283206826,Hydrological Layer,SAC N,Tank/Pond
4297,4297,1202,,No,Moderate,Inland,Man-made,,3.03487849902542,,23.6618332885,91.2513526228,Tripura,1404.2232744524,30348.7849902542,Hydrological Layer,SAC N,Tank/Pond
4298,4298,1202,,No,Moderate,Inland,Man-made,,1.0922898149661,,23.6600668162,91.2522288346,Tripura,425.935448299966,10922.898149661,Hydrological Layer,SAC N,Tank/Pond
4299,4299,1202,,No,Moderate,Inland,Man-made,,0.885678377792045,,23.6617740825,91.2530071698,Tripura,604.96514308867,8856.78377792045,Hydrological Layer,SAC N,Tank/Pond
4300,4300,1202,,No,Moderate,Inland,Man-made,,0.29680547873959,,23.6632600536,91.2529954294,Tripura,225.211830333848,2968.0547873959,Hydrological Layer,SAC N,Tank/Pond
4301,4301,1202,,No,Moderate,Inland,Man-made,,0.251034820909622,,23.6625160524,91.25056799,Tripura,205.703389089358,2510.34820909622,Hydrological Layer,SAC N,Tank/Pond
4302,4302,1202,,No,Moderate,Inland,Man-made,,0.345860261129553,,23.6633265394,91.2507817193,Tripura,289.369007602187,3458.60261129553,Hydrological Layer,SAC N,Tank/Pond
4318,4318,1202,,No,Moderate,Inland,Man-made,,0.246144057772189,,23.6476891078,91.2269758978,Tripura,199.023293470506,2461.44057772189,Hydrological Layer,SAC N,Tank/Pond
4319,4319,1202,,No,Moderate,Inland,Man-made,,0.693146003101877,,23.6447307872,91.2315991274,Tripura,389.447231105002,6931.46003101877,Hydrological Layer,SAC N,Tank/Pond
4320,4320,1202,,No,Moderate,Inland,Man-made,,0.726983594872697,,23.6450461926,91.2236644215,Tripura,433.294978574816,7269.83594872697,Hydrological Layer,SAC N,Tank/Pond
4303,4303,1202,,No,Moderate,Inland,Man-made,,9.87332127858817,,23.6552725099,91.2315012678,Tripura,3135.53320213202,98733.2127858817,Hydrological Layer,SAC N,Tank/Pond
4306,4306,1202,,No,Moderate,Inland,Man-made,,0.415793516172819,,23.6514745691,91.2289513568,Tripura,308.446596012058,4157.93516172819,Hydrological Layer,SAC N,Tank/Pond
4307,4307,1202,,No,Moderate,Inland,Man-made,,0.312832121397105,,23.6543283626,91.2247318845,Tripura,259.785142559515,3128.32121397105,Hydrological Layer,SAC N,Tank/Pond
4308,4308,1202,,No,Moderate,Inland,Man-made,,0.338829047542605,,23.6544133286,91.2234242857,Tripura,271.907955836397,3388.29047542605,Hydrological Layer,SAC N,Tank/Pond
4309,4309,1202,,No,Moderate,Inland,Man-made,,0.972242771026136,,23.6559234732,91.2234183756,Tripura,490.156233653586,9722.42771026136,Hydrological Layer,SAC N,Tank/Pond
4310,4310,1202,,No,Moderate,Inland,Man-made,,0.348294563754191,,23.6517211208,91.2233135648,Tripura,297.126307666462,3482.94563754191,Hydrological Layer,SAC N,Tank/Pond
4311,4311,1202,,No,Moderate,Inland,Man-made,,0.813220319142046,,23.6521926789,91.2367158823,Tripura,565.224151987955,8132.20319142046,Hydrological Layer,SAC N,Tank/Pond
4313,4313,1202,,No,Moderate,Inland,Man-made,,0.152958068991246,,23.6524011486,91.2388052157,Tripura,166.567231919842,1529.58068991246,Hydrological Layer,SAC N,Tank/Pond
4314,4314,1202,,No,Moderate,Inland,Man-made,,0.487919785338398,,23.6458364242,91.2351866575,Tripura,350.634602381518,4879.19785338398,Hydrological Layer,SAC N,Tank/Pond
4315,4315,1202,,No,Moderate,Inland,Man-made,,1.03002518059369,,23.6430752692,91.233386494,Tripura,484.528474605142,10300.2518059369,Hydrological Layer,SAC N,Tank/Pond
4316,4316,1202,,No,Moderate,Inland,Man-made,,0.81352445057339,,23.6425603258,91.236239808,Tripura,473.21618185477,8135.2445057339,Hydrological Layer,SAC N,Tank/Pond
4317,4317,1202,,No,Moderate,Inland,Man-made,,0.394638509892585,,23.6452791189,91.2273550144,Tripura,265.604590718251,3946.38509892585,Hydrological Layer,SAC N,Tank/Pond
4321,4321,1202,,No,Moderate,Inland,Man-made,,0.334706568585875,,23.6402980807,91.2222288881,Tripura,237.116809413216,3347.06568585875,Hydrological Layer,SAC N,Tank/Pond
4322,4322,1202,,No,Moderate,Inland,Man-made,,0.404543861533246,,23.6421949245,91.2210405317,Tripura,279.003974104067,4045.43861533246,Hydrological Layer,SAC N,Tank/Pond
4323,4323,1202,,No,Moderate,Inland,Man-made,,0.25383088459441,,23.6414446276,91.2274116087,Tripura,205.429306735827,2538.3088459441,Hydrological Layer,SAC N,Tank/Pond
4324,4324,1202,,No,Moderate,Inland,Man-made,,0.948568465335088,,23.6359736867,91.2417619914,Tripura,481.812224265441,9485.68465335088,Hydrological Layer,SAC N,Tank/Pond
4325,4325,1202,,No,Moderate,Inland,Man-made,,0.749228748169355,,23.6374232069,91.2412157305,Tripura,431.541566687429,7492.28748169355,Hydrological Layer,SAC N,Tank/Pond
4326,4326,1202,,No,Moderate,Inland,Man-made,,0.744104283526123,,23.6302560946,91.2358680489,Tripura,467.86513983889,7441.04283526123,Hydrological Layer,SAC N,Tank/Pond
4327,4327,1202,,No,Moderate,Inland,Man-made,,1.26765061874848,,23.6298171557,91.2394318844,Tripura,543.851447218084,12676.5061874848,Hydrological Layer,SAC N,Tank/Pond
4328,4328,1202,,No,Moderate,Inland,Man-made,,0.580852141695178,,23.6303032081,91.2439815103,Tripura,423.142318545739,5808.52141695178,Hydrological Layer,SAC N,Tank/Pond
4406,4406,1202,,No,Moderate,Inland,Man-made,,0.459413944157639,,23.6112236626,91.3496657564,Tripura,289.406036787253,4594.13944157639,Hydrological Layer,SAC N,Tank/Pond
4329,4329,1202,,No,Moderate,Inland,Man-made,,0.471175706047768,,23.6330914761,91.2456667759,Tripura,277.816308674644,4711.75706047768,Hydrological Layer,SAC N,Tank/Pond
4330,4330,1202,,No,Moderate,Inland,Man-made,,0.159864649531489,,23.6319247827,91.2378710703,Tripura,167.445915191447,1598.64649531489,Hydrological Layer,SAC N,Tank/Pond
4331,4331,1202,,No,Moderate,Inland,Man-made,,0.174888149440099,,23.6324493394,91.2384255317,Tripura,176.12838590705,1748.88149440099,Hydrological Layer,SAC N,Tank/Pond
4332,4332,1202,,No,Moderate,Inland,Man-made,,0.203995293799517,,23.6328828862,91.2388418125,Tripura,177.90142427083,2039.95293799517,Hydrological Layer,SAC N,Tank/Pond
4333,4333,1202,,No,Moderate,Inland,Man-made,,0.361104925196348,,23.6319896793,91.2390256967,Tripura,313.826490016646,3611.04925196348,Hydrological Layer,SAC N,Tank/Pond
4334,4334,1202,,No,Moderate,Inland,Man-made,,0.397496333766174,,23.6424168113,91.2391260188,Tripura,275.211299882615,3974.96333766174,Hydrological Layer,SAC N,Tank/Pond
4335,4335,1202,,No,Moderate,Inland,Man-made,,0.350649960243151,,23.6427853451,91.2399294485,Tripura,259.694919161601,3506.49960243151,Hydrological Layer,SAC N,Tank/Pond
4336,4336,1202,,No,Moderate,Inland,Man-made,,0.501556129845036,,23.6359870881,91.2458614612,Tripura,333.416452325304,5015.56129845036,Hydrological Layer,SAC N,Tank/Pond
4337,4337,1202,,No,Moderate,Inland,Man-made,,0.149551405186984,,23.612860373,91.235910248,Tripura,155.160026473509,1495.51405186984,Hydrological Layer,SAC N,Tank/Pond
4339,4339,1202,,No,Moderate,Inland,Man-made,,0.696814152564699,,23.6141102263,91.2377701812,Tripura,390.171611057614,6968.14152564699,Hydrological Layer,SAC N,Tank/Pond
4340,4340,1202,,No,Moderate,Inland,Man-made,,0.449311229185431,,23.619834669,91.2515774027,Tripura,283.365960625763,4493.11229185431,Hydrological Layer,SAC N,Tank/Pond
4341,4341,1202,,No,Moderate,Inland,Man-made,,0.218109949587271,,23.6405395558,91.2396522105,Tripura,191.184181837173,2181.09949587271,Hydrological Layer,SAC N,Tank/Pond
4342,4342,1202,,No,Moderate,Inland,Man-made,,0.342506034763288,,23.6398875989,91.240301031,Tripura,257.874260839943,3425.06034763288,Hydrological Layer,SAC N,Tank/Pond
4343,4343,1202,,No,Moderate,Inland,Man-made,,0.188638455888139,,23.6391902903,91.2381474508,Tripura,182.250752702266,1886.38455888139,Hydrological Layer,SAC N,Tank/Pond
4344,4344,1202,,No,Moderate,Inland,Man-made,,0.163316680737913,,23.6376569286,91.2357838024,Tripura,163.217097175486,1633.16680737913,Hydrological Layer,SAC N,Tank/Pond
4345,4345,1202,,No,Moderate,Inland,Man-made,,0.353348241079242,,23.6391002106,91.2344637959,Tripura,253.490075101988,3533.48241079242,Hydrological Layer,SAC N,Tank/Pond
4346,4346,1202,,No,Moderate,Inland,Man-made,,0.361797863568883,,23.6373307948,91.2342113639,Tripura,266.807990150519,3617.97863568883,Hydrological Layer,SAC N,Tank/Pond
4347,4347,1202,,No,Moderate,Inland,Man-made,,0.147809009664304,,23.6380745604,91.2329502495,Tripura,157.926848917779,1478.09009664304,Hydrological Layer,SAC N,Tank/Pond
4348,4348,1202,,No,Moderate,Inland,Man-made,,1.51924720931036,,23.657550286,91.2149399301,Tripura,794.186411619555,15192.4720931036,Hydrological Layer,SAC N,Tank/Pond
4349,4349,1202,,No,Moderate,Inland,Man-made,,1.65951091367012,,23.6602842079,91.2150520257,Tripura,536.126777755542,16595.1091367012,Hydrological Layer,SAC N,Tank/Pond
4384,4384,1202,,No,Moderate,Inland,Man-made,,0.225948710958262,,23.6484418511,91.2774176973,Tripura,198.62192825899,2259.48710958262,Hydrological Layer,SAC N,Tank/Pond
4350,4350,1202,,No,Moderate,Inland,Man-made,,0.706461351212754,,23.6736277034,91.24478096,Tripura,402.632437538997,7064.61351212754,Hydrological Layer,SAC N,Tank/Pond
4351,4351,1202,,No,Moderate,Inland,Man-made,,0.643273072538572,,23.6694009085,91.2447299754,Tripura,332.379273191971,6432.73072538572,Hydrological Layer,SAC N,Tank/Pond
4352,4352,1202,,No,Moderate,Inland,Man-made,,0.197240673303985,,23.6692883683,91.2458419338,Tripura,165.404901175274,1972.40673303985,Hydrological Layer,SAC N,Tank/Pond
4353,4353,1202,,No,Moderate,Inland,Man-made,,0.15880437344924,,23.6705561919,91.2467811597,Tripura,146.469188908663,1588.0437344924,Hydrological Layer,SAC N,Tank/Pond
4354,4354,1202,,No,Moderate,Inland,Man-made,,0.183980347658649,,23.6669797519,91.24271843,Tripura,169.3222928675,1839.80347658649,Hydrological Layer,SAC N,Tank/Pond
4355,4355,1202,,No,Moderate,Inland,Man-made,,0.274550717331556,,23.6674796174,91.2421749811,Tripura,230.222363866901,2745.50717331556,Hydrological Layer,SAC N,Tank/Pond
4356,4356,1202,,No,Moderate,Inland,Man-made,,0.241784267709512,,23.6684927,91.2418380471,Tripura,233.023183040725,2417.84267709512,Hydrological Layer,SAC N,Tank/Pond
4357,4357,1202,,No,Moderate,Inland,Man-made,,0.283946942455372,,23.6668527685,91.2438401621,Tripura,231.844543073058,2839.46942455372,Hydrological Layer,SAC N,Tank/Pond
4358,4358,1202,,No,Moderate,Inland,Man-made,,0.30024919626414,,23.6623708599,91.2446718287,Tripura,234.055104065732,3002.4919626414,Hydrological Layer,SAC N,Tank/Pond
4359,4359,1202,,No,Moderate,Inland,Man-made,,0.329058604575651,,23.6631750878,91.2462204337,Tripura,289.38025930206,3290.58604575651,Hydrological Layer,SAC N,Tank/Pond
4360,4360,1202,,No,Moderate,Inland,Man-made,,0.230519071485065,,23.6634230126,91.2475286238,Tripura,192.269901189715,2305.19071485065,Hydrological Layer,SAC N,Tank/Pond
4361,4361,1202,,No,Moderate,Inland,Man-made,,0.161056379989751,,23.6623415079,91.2484976792,Tripura,161.626738486149,1610.56379989751,Hydrological Layer,SAC N,Tank/Pond
4362,4362,1202,,No,Moderate,Inland,Man-made,,0.507482609495915,,23.6570309278,91.2394992188,Tripura,369.267304646027,5074.82609495915,Hydrological Layer,SAC N,Tank/Pond
4363,4363,1202,,No,Moderate,Inland,Man-made,,0.458853576059546,,23.6568268487,91.2407327014,Tripura,358.374215189271,4588.53576059546,Hydrological Layer,SAC N,Tank/Pond
4364,4364,1202,,No,Moderate,Inland,Man-made,,1.86663903758746,,23.6638958478,91.2693760307,Tripura,966.951242293795,18666.3903758746,Hydrological Layer,SAC N,Tank/Pond
4365,4365,1202,,No,Moderate,Inland,Man-made,,0.976264051847892,,23.6617576926,91.2682844795,Tripura,608.425517300327,9762.64051847892,Hydrological Layer,SAC N,Tank/Pond
4366,4366,1202,,No,Moderate,Inland,Man-made,,0.208230183097104,,23.6626746327,91.2691746094,Tripura,184.497381236578,2082.30183097104,Hydrological Layer,SAC N,Tank/Pond
4367,4367,1202,,No,Moderate,Inland,Man-made,,0.381244393418212,,23.6642889877,91.2720103792,Tripura,263.48594103007,3812.44393418212,Hydrological Layer,SAC N,Tank/Pond
4368,4368,1202,,No,Moderate,Inland,Man-made,,0.722964781690454,,23.6652592613,91.2715601461,Tripura,553.810852300271,7229.64781690454,Hydrological Layer,SAC N,Tank/Pond
4385,4385,1202,,No,Moderate,Inland,Man-made,,0.155945215938727,,23.6469304343,91.2757023492,Tripura,161.921647534933,1559.45215938727,Hydrological Layer,SAC N,Tank/Pond
4386,4386,1202,,No,Moderate,Inland,Man-made,,0.31328865951895,,23.6639229803,91.274759949,Tripura,219.955913499729,3132.8865951895,Hydrological Layer,SAC N,Tank/Pond
4369,4369,1202,,No,Moderate,Inland,Man-made,,1.23167758196018,,23.644829002,91.2795259424,Tripura,665.099541505788,12316.7758196018,Hydrological Layer,SAC N,Tank/Pond
4387,4387,1202,,No,Moderate,Inland,Man-made,,0.625230901423654,,23.6661036472,91.274391606,Tripura,443.896461946644,6252.30901423654,Hydrological Layer,SAC N,Tank/Pond
4370,4370,1202,,No,Moderate,Inland,Man-made,,2.7465999036142,,23.6427811689,91.2812160613,Tripura,1704.8360300227,27465.999036142,Hydrological Layer,SAC N,Tank/Pond
4371,4371,1202,,No,Moderate,Inland,Man-made,,0.393958572426884,,23.6401697114,91.282898569,Tripura,275.61879395457,3939.58572426884,Hydrological Layer,SAC N,Tank/Pond
4372,4372,1202,,No,Moderate,Inland,Man-made,,1.04773175638248,,23.643785414,91.276282535,Tripura,637.253923075994,10477.3175638248,Hydrological Layer,SAC N,Tank/Pond
4373,4373,1202,,No,Moderate,Inland,Man-made,,0.764272779994322,,23.646012971,91.2772487408,Tripura,611.256666940747,7642.72779994322,Hydrological Layer,SAC N,Tank/Pond
4374,4374,1202,,No,Moderate,Inland,Man-made,,0.613710128809926,,23.646692123,91.2745665766,Tripura,441.971770426439,6137.10128809926,Hydrological Layer,SAC N,Tank/Pond
4375,4375,1202,,No,Moderate,Inland,Man-made,,0.248133085583008,,23.6440781979,91.2724143943,Tripura,205.008224192328,2481.33085583008,Hydrological Layer,SAC N,Tank/Pond
4376,4376,1202,,No,Moderate,Inland,Man-made,,1.09581823489762,,23.6534476647,91.2783138093,Tripura,688.578401222953,10958.1823489762,Hydrological Layer,SAC N,Tank/Pond
4377,4377,1202,,No,Moderate,Inland,Man-made,,0.779291584585403,,23.6493542193,91.28124899,Tripura,512.801886900557,7792.91584585403,Hydrological Layer,SAC N,Tank/Pond
4378,4378,1202,,No,Moderate,Inland,Man-made,,0.455358677511407,,23.6512844193,91.2841949148,Tripura,281.846114987929,4553.58677511406,Hydrological Layer,SAC N,Tank/Pond
4379,4379,1202,,No,Moderate,Inland,Man-made,,0.282369557358622,,23.6514961635,91.2813871818,Tripura,274.347196501053,2823.69557358622,Hydrological Layer,SAC N,Tank/Pond
4380,4380,1202,,No,Moderate,Inland,Man-made,,0.392087039850862,,23.6530972363,91.2851508319,Tripura,267.824226611855,3920.87039850862,Hydrological Layer,SAC N,Tank/Pond
4381,4381,1202,,No,Moderate,Inland,Man-made,,0.433987898255485,,23.6537091151,91.2859325783,Tripura,263.579278078946,4339.87898255485,Hydrological Layer,SAC N,Tank/Pond
4382,4382,1202,,No,Moderate,Inland,Man-made,,1.0458119920113,,23.6501176842,91.274494576,Tripura,896.419224072433,10458.119920113,Hydrological Layer,SAC N,Tank/Pond
4389,4389,1202,,No,Moderate,Inland,Man-made,,0.744414488069616,,23.6539597175,91.2979047756,Tripura,534.393438042563,7444.14488069616,Hydrological Layer,SAC N,Tank/Pond
4390,4390,1202,,No,Moderate,Inland,Man-made,,0.650757645950738,,23.6502115474,91.2973596325,Tripura,374.505627667716,6507.57645950738,Hydrological Layer,SAC N,Tank/Pond
4391,4391,1202,,No,Moderate,Inland,Man-made,,0.599747496943101,,23.6480249729,91.2946630836,Tripura,379.204372884276,5997.47496943101,Hydrological Layer,SAC N,Tank/Pond
4392,4392,1202,,No,Moderate,Inland,Man-made,,0.43363436952215,,23.647696498,91.2912375806,Tripura,308.024986069021,4336.3436952215,Hydrological Layer,SAC N,Tank/Pond
4393,4393,1202,,No,Moderate,Inland,Man-made,,1.33549161378365,,23.6341324268,91.3155867167,Tripura,654.565095220015,13354.9161378365,Hydrological Layer,SAC N,Tank/Pond
4394,4394,1202,,No,Moderate,Inland,Man-made,,0.267097889819066,,23.6367589,91.3141462054,Tripura,216.315817128721,2670.97889819066,Hydrological Layer,SAC N,Tank/Pond
4395,4395,1202,,No,Moderate,Inland,Man-made,,0.773728466020879,,23.6382589676,91.3232813631,Tripura,467.36376288658,7737.28466020879,Hydrological Layer,SAC N,Tank/Pond
4396,4396,1202,,No,Moderate,Inland,Man-made,,0.787080628773387,,23.6383809294,91.3201583728,Tripura,469.85880876639,7870.80628773387,Hydrological Layer,SAC N,Tank/Pond
4397,4397,1202,,No,Moderate,Inland,Man-made,,0.53764342925876,,23.6365832964,91.3169502536,Tripura,376.171843671728,5376.4342925876,Hydrological Layer,SAC N,Tank/Pond
4398,4398,1202,,No,Moderate,Inland,Man-made,,1.90201883513135,,23.6234239647,91.3249272611,Tripura,1251.07793640927,19020.1883513135,Hydrological Layer,SAC N,Tank/Pond
4399,4399,1202,,No,Moderate,Inland,Man-made,,0.699475822137208,,23.6196169353,91.3321789906,Tripura,443.685358919227,6994.75822137208,Hydrological Layer,SAC N,Tank/Pond
4400,4400,1202,,No,Moderate,Inland,Man-made,,0.189610867001024,,23.6181010801,91.3341174562,Tripura,174.320918127461,1896.10867001024,Hydrological Layer,SAC N,Tank/Pond
4401,4401,1202,,No,Moderate,Inland,Man-made,,0.910791506594981,,23.6191351236,91.3344841496,Tripura,590.834871288763,9107.91506594981,Hydrological Layer,SAC N,Tank/Pond
4402,4402,1202,,No,Moderate,Inland,Man-made,,0.203559053446893,,23.6174457592,91.3350917135,Tripura,183.180137543941,2035.59053446893,Hydrological Layer,SAC N,Tank/Pond
4403,4403,1202,,No,Moderate,Inland,Man-made,,0.316434794683164,,23.6122110958,91.3442876841,Tripura,302.271059898194,3164.34794683164,Hydrological Layer,SAC N,Tank/Pond
4404,4404,1202,,No,Moderate,Inland,Man-made,,0.240557915280875,,23.6119351059,91.3455298146,Tripura,218.229925004104,2405.57915280875,Hydrological Layer,SAC N,Tank/Pond
4405,4405,1202,,No,Moderate,Inland,Man-made,,0.699594654833489,,23.6115234018,91.3474923353,Tripura,374.281302739289,6995.94654833489,Hydrological Layer,SAC N,Tank/Pond
4459,4459,1202,,No,Moderate,Inland,Man-made,,0.140284132640027,,23.6776380198,91.3553370734,Tripura,150.1036823283,1402.84132640027,Hydrological Layer,SAC N,Tank/Pond
4407,4407,1202,,No,Moderate,Inland,Man-made,,0.816617111566776,,23.61074857,91.3515817038,Tripura,465.316775453132,8166.17111566776,Hydrological Layer,SAC N,Tank/Pond
4408,4408,1202,,No,Moderate,Inland,Man-made,,0.255475756600908,,23.609823235,91.3524609363,Tripura,220.242652861144,2554.75756600908,Hydrological Layer,SAC N,Tank/Pond
4409,4409,1202,,No,Moderate,Inland,Man-made,,0.819407090224767,,23.614174292,91.3358624911,Tripura,488.384322333312,8194.07090224767,Hydrological Layer,SAC N,Tank/Pond
4410,4410,1202,,No,Moderate,Inland,Man-made,,0.945312892334961,,23.6148911971,91.3377486351,Tripura,590.003192071254,9453.12892334961,Hydrological Layer,SAC N,Tank/Pond
4411,4411,1202,,No,Moderate,Inland,Man-made,,0.416005140125138,,23.6146941577,91.3401651535,Tripura,311.923540128245,4160.05140125138,Hydrological Layer,SAC N,Tank/Pond
4412,4412,1202,,No,Moderate,Inland,Man-made,,0.208513971143216,,23.6156772069,91.3391085761,Tripura,170.637955539581,2085.13971143216,Hydrological Layer,SAC N,Tank/Pond
4413,4413,1202,,No,Moderate,Inland,Man-made,,0.970153828759705,,23.6245983457,91.3461422327,Tripura,559.097813200516,9701.53828759705,Hydrological Layer,SAC N,Tank/Pond
4414,4414,1202,,No,Moderate,Inland,Man-made,,0.63851987827009,,23.6269808069,91.3465869664,Tripura,493.090398406798,6385.1987827009,Hydrological Layer,SAC N,Tank/Pond
4415,4415,1202,,No,Moderate,Inland,Man-made,,0.283408325534694,,23.6266852146,91.3417833512,Tripura,265.698286793917,2834.08325534694,Hydrological Layer,SAC N,Tank/Pond
4416,4416,1202,,No,Moderate,Inland,Man-made,,0.261296006587313,,23.625234273,91.3438274887,Tripura,246.81303583062,2612.96006587313,Hydrological Layer,SAC N,Tank/Pond
4417,4417,1202,,No,Moderate,Inland,Man-made,,1.01801766007394,,23.6283979946,91.3160803702,Tripura,599.201944738985,10180.1766007394,Hydrological Layer,SAC N,Tank/Pond
4418,4418,1202,,No,Moderate,Inland,Man-made,,0.644916447880223,,23.6354545294,91.320783213,Tripura,395.60948466883,6449.16447880223,Hydrological Layer,SAC N,Tank/Pond
4419,4419,1202,,No,Moderate,Inland,Man-made,,0.271838441708755,,23.6360362452,91.3217572393,Tripura,226.271443456222,2718.38441708755,Hydrological Layer,SAC N,Tank/Pond
4420,4420,1202,,No,Moderate,Inland,Man-made,,0.171999390668093,,23.6363621999,91.3225493438,Tripura,169.887871597947,1719.99390668093,Hydrological Layer,SAC N,Tank/Pond
4421,4421,1202,,No,Moderate,Inland,Man-made,,0.421329201383311,,23.6376695019,91.3249375588,Tripura,309.79657409103,4213.29201383311,Hydrological Layer,SAC N,Tank/Pond
4422,4422,1202,,No,Moderate,Inland,Man-made,,0.456871543826334,,23.637330389,91.326863496,Tripura,352.579087301772,4568.71543826334,Hydrological Layer,SAC N,Tank/Pond
4424,4424,1202,,No,Moderate,Inland,Man-made,,0.48658709603789,,23.6343992149,91.3111987408,Tripura,302.205532414486,4865.8709603789,Hydrological Layer,SAC N,Tank/Pond
4425,4425,1202,,No,Moderate,Inland,Man-made,,0.324953167252627,,23.6328655358,91.3121919178,Tripura,236.476015516697,3249.53167252627,Hydrological Layer,SAC N,Tank/Pond
4426,4426,1202,,No,Moderate,Inland,Man-made,,0.256885044593108,,23.6347836155,91.3219794978,Tripura,203.204007013866,2568.85044593108,Hydrological Layer,SAC N,Tank/Pond
4427,4427,1202,,No,Moderate,Inland,Man-made,,1.05123391450396,,23.6424036675,91.3043445505,Tripura,529.961941470595,10512.3391450396,Hydrological Layer,SAC N,Tank/Pond
4428,4428,1202,,No,Moderate,Inland,Man-made,,0.260771565311889,,23.6417022696,91.3049014805,Tripura,248.810185837024,2607.71565311889,Hydrological Layer,SAC N,Tank/Pond
4429,4429,1202,,No,Moderate,Inland,Man-made,,0.624168374789687,,23.6446124245,91.3061064937,Tripura,391.790910136788,6241.68374789687,Hydrological Layer,SAC N,Tank/Pond
4430,4430,1202,,No,Moderate,Inland,Man-made,,0.757477481402235,,23.6447980842,91.3075725718,Tripura,366.022230662595,7574.77481402235,Hydrological Layer,SAC N,Tank/Pond
4431,4431,1202,,No,Moderate,Inland,Man-made,,0.560134528769587,,23.6421066575,91.3080637436,Tripura,424.938707903758,5601.34528769587,Hydrological Layer,SAC N,Tank/Pond
4432,4432,1202,,No,Moderate,Inland,Man-made,,0.177492558911174,,23.6433546498,91.2951096136,Tripura,171.196322778012,1774.92558911174,Hydrological Layer,SAC N,Tank/Pond
4433,4433,1202,,No,Moderate,Inland,Man-made,,0.276021254572624,,23.643601666,91.2972221089,Tripura,209.666533809752,2760.21254572624,Hydrological Layer,SAC N,Tank/Pond
4434,4434,1202,,No,Moderate,Inland,Man-made,,0.70515554785293,,23.6417800884,91.2958121078,Tripura,398.955591227584,7051.5554785293,Hydrological Layer,SAC N,Tank/Pond
4435,4435,1202,,No,Moderate,Inland,Man-made,,0.533420120045097,,23.6417260051,91.2976870636,Tripura,361.155063001894,5334.20120045097,Hydrological Layer,SAC N,Tank/Pond
4436,4436,1202,,No,Moderate,Inland,Man-made,,0.168791808181711,,23.6424531944,91.2985290775,Tripura,151.738424763077,1687.91808181711,Hydrological Layer,SAC N,Tank/Pond
4437,4437,1202,,No,Moderate,Inland,Man-made,,0.100967292233197,,23.6423214414,91.2946713176,Tripura,129.660160938266,1009.67292233197,Hydrological Layer,SAC N,Tank/Pond
4438,4438,1202,,No,Moderate,Inland,Man-made,,0.351850819902271,,23.6412872071,91.2903040328,Tripura,272.829946182251,3518.5081990227,Hydrological Layer,SAC N,Tank/Pond
4439,4439,1202,,No,Moderate,Inland,Man-made,,1.56776508123263,,23.6379063175,91.2858827101,Tripura,814.550942034826,15677.6508123263,Hydrological Layer,SAC N,Tank/Pond
4457,4457,1202,,No,Moderate,Inland,Man-made,,0.657699747145193,,23.6533222015,91.3075454339,Tripura,384.678556273311,6576.99747145193,Hydrological Layer,SAC N,Tank/Pond
4458,4458,1202,,No,Moderate,Inland,Man-made,,0.153100892648689,,23.6780468131,91.3549622393,Tripura,158.225904405827,1531.00892648689,Hydrological Layer,SAC N,Tank/Pond
4440,4440,1202,,No,Moderate,Inland,Man-made,,1.13716160510747,,23.6399398234,91.2866065669,Tripura,725.066149327463,11371.6160510747,Hydrological Layer,SAC N,Tank/Pond
4441,4441,1202,,No,Moderate,Inland,Man-made,,0.173662825081625,,23.6398223968,91.2881027916,Tripura,180.228247011646,1736.62825081625,Hydrological Layer,SAC N,Tank/Pond
4442,4442,1202,,No,Moderate,Inland,Man-made,,0.25801293116169,,23.6405208888,91.2882475998,Tripura,212.470342112005,2580.1293116169,Hydrological Layer,SAC N,Tank/Pond
4443,4443,1202,,No,Moderate,Inland,Man-made,,0.315479915352878,,23.6415301108,91.2882029275,Tripura,269.974629512604,3154.79915352878,Hydrological Layer,SAC N,Tank/Pond
4444,4444,1202,,No,Moderate,Inland,Man-made,,0.71390685140658,,23.6459048885,91.2869718124,Tripura,524.208826992034,7139.0685140658,Hydrological Layer,SAC N,Tank/Pond
4445,4445,1202,,No,Moderate,Inland,Man-made,,0.657993265627289,,23.6457427391,91.3037183191,Tripura,377.543193031473,6579.93265627289,Hydrological Layer,SAC N,Tank/Pond
4446,4446,1202,,No,Moderate,Inland,Man-made,,0.336708922131265,,23.6438664772,91.3023507742,Tripura,288.281477032869,3367.08922131265,Hydrological Layer,SAC N,Tank/Pond
4447,4447,1202,,No,Moderate,Inland,Man-made,,0.439302609641494,,23.6452874704,91.3012801353,Tripura,374.026223850087,4393.02609641494,Hydrological Layer,SAC N,Tank/Pond
4448,4448,1202,,No,Moderate,Inland,Man-made,,0.226815131224243,,23.646842857,91.3012741423,Tripura,212.594894686892,2268.15131224243,Hydrological Layer,SAC N,Tank/Pond
4449,4449,1202,,No,Moderate,Inland,Man-made,,0.507458982013959,,23.6484768466,91.3074068813,Tripura,466.530945325045,5074.58982013959,Hydrological Layer,SAC N,Tank/Pond
4450,4450,1202,,No,Moderate,Inland,Man-made,,0.470232139846409,,23.6511966508,91.3101112578,Tripura,399.807977901879,4702.32139846409,Hydrological Layer,SAC N,Tank/Pond
4451,4451,1202,,No,Moderate,Inland,Man-made,,0.441606475308876,,23.6496659874,91.3092596022,Tripura,428.713628119854,4416.06475308876,Hydrological Layer,SAC N,Tank/Pond
4452,4452,1202,,No,Moderate,Inland,Man-made,,1.08167729891006,,23.6476196939,91.3078883446,Tripura,655.576933837188,10816.7729891006,Hydrological Layer,SAC N,Tank/Pond
4453,4453,1202,,No,Moderate,Inland,Man-made,,1.1234294529271,,23.6564117599,91.3218145966,Tripura,542.695226612182,11234.294529271,Hydrological Layer,SAC N,Tank/Pond
4454,4454,1202,,No,Moderate,Inland,Man-made,,0.408556338119243,,23.6533765587,91.3192122274,Tripura,252.120496128438,4085.56338119243,Hydrological Layer,SAC N,Tank/Pond
4455,4455,1202,,No,Moderate,Inland,Man-made,,0.495205354079318,,23.6543373186,91.3122124603,Tripura,365.620073379745,4952.05354079318,Hydrological Layer,SAC N,Tank/Pond
4456,4456,1202,,No,Moderate,Inland,Man-made,,0.292060713750522,,23.652643609,91.3033531899,Tripura,215.643205687657,2920.60713750522,Hydrological Layer,SAC N,Tank/Pond
4460,4460,1202,,No,Moderate,Inland,Man-made,,0.780420840315395,,23.6770532621,91.3544678452,Tripura,453.080721755462,7804.20840315395,Hydrological Layer,SAC N,Tank/Pond
4461,4461,1202,,No,Moderate,Inland,Man-made,,0.317996571850474,,23.681206749,91.3382291352,Tripura,242.810589437022,3179.96571850474,Hydrological Layer,SAC N,Tank/Pond
4462,4462,1202,,No,Moderate,Inland,Man-made,,0.174477604405938,,23.6815952872,91.3373492232,Tripura,171.384880137252,1744.77604405938,Hydrological Layer,SAC N,Tank/Pond
4463,4463,1202,,No,Moderate,Inland,Man-made,,0.487537554352769,,23.6803121705,91.3399053034,Tripura,356.464356808723,4875.37554352769,Hydrological Layer,SAC N,Tank/Pond
4464,4464,1202,,No,Moderate,Inland,Man-made,,0.384244933266376,,23.6786624665,91.3405561911,Tripura,334.787922247061,3842.44933266376,Hydrological Layer,SAC N,Tank/Pond
4465,4465,1202,,No,Moderate,Inland,Man-made,,0.422594114558406,,23.6770861426,91.3414281448,Tripura,393.393670688042,4225.94114558406,Hydrological Layer,SAC N,Tank/Pond
4466,4466,1202,,No,Moderate,Inland,Man-made,,0.115258419305656,,23.679101572,91.3414630463,Tripura,128.509050971639,1152.58419305656,Hydrological Layer,SAC N,Tank/Pond
4467,4467,1202,,No,Moderate,Inland,Man-made,,0.279559148812729,,23.6764047656,91.3447595719,Tripura,234.420030985576,2795.59148812729,Hydrological Layer,SAC N,Tank/Pond
4468,4468,1202,,No,Moderate,Inland,Man-made,,0.513411185797571,,23.6757572759,91.3474397614,Tripura,371.518025108624,5134.11185797571,Hydrological Layer,SAC N,Tank/Pond
4469,4469,1202,,No,Moderate,Inland,Man-made,,0.443043935694538,,23.6717820059,91.349753226,Tripura,291.48801651787,4430.43935694538,Hydrological Layer,SAC N,Tank/Pond
4470,4470,1202,,No,Moderate,Inland,Man-made,,0.387852917287224,,23.6727984781,91.3482315637,Tripura,293.631868041884,3878.52917287224,Hydrological Layer,SAC N,Tank/Pond
4471,4471,1202,,No,Moderate,Inland,Man-made,,0.39733810157408,,23.6691560756,91.3597653589,Tripura,334.127026828497,3973.3810157408,Hydrological Layer,SAC N,Tank/Pond
4609,4609,1202,,No,Moderate,Inland,Man-made,,0.327100483317062,,23.5306892198,91.3309179682,Tripura,233.644407509728,3271.00483317062,Hydrological Layer,SAC N,Tank/Pond
4472,4472,1202,,No,Moderate,Inland,Man-made,,0.877161032461437,,23.671123192,91.3612736521,Tripura,611.345840373917,8771.61032461437,Hydrological Layer,SAC N,Tank/Pond
4473,4473,1202,,No,Moderate,Inland,Man-made,,0.297951549179257,,23.6712597299,91.363759874,Tripura,238.413232430866,2979.51549179257,Hydrological Layer,SAC N,Tank/Pond
4474,4474,1202,,No,Moderate,Inland,Man-made,,0.272227203437826,,23.6850000145,91.3853176837,Tripura,259.516425841252,2722.27203437826,Hydrological Layer,SAC N,Tank/Pond
4475,4475,1202,,No,Moderate,Inland,Man-made,,0.192955972695384,,23.68497446,91.3871425812,Tripura,221.317644045909,1929.55972695384,Hydrological Layer,SAC N,Tank/Pond
4476,4476,1202,,No,Moderate,Inland,Man-made,,0.27362837272435,,23.6866648695,91.3880935163,Tripura,259.339177244948,2736.2837272435,Hydrological Layer,SAC N,Tank/Pond
4477,4477,1202,,No,Moderate,Inland,Man-made,,1.36776946139926,,23.6841748719,91.3910669045,Tripura,947.85218820434,13677.6946139926,Hydrological Layer,SAC N,Tank/Pond
4478,4478,1202,,No,Moderate,Inland,Man-made,,0.867095955414392,,23.6837155807,91.3931178695,Tripura,595.850512427366,8670.95955414392,Hydrological Layer,SAC N,Tank/Pond
4479,4479,1202,,No,Moderate,Inland,Man-made,,0.370722709039527,,23.6873252467,91.3785054594,Tripura,358.976584823099,3707.22709039527,Hydrological Layer,SAC N,Tank/Pond
4480,4480,1202,,No,Moderate,Inland,Man-made,,0.248046735320307,,23.6898649163,91.3823610203,Tripura,193.368586315045,2480.46735320307,Hydrological Layer,SAC N,Tank/Pond
4481,4481,1202,,No,Moderate,Inland,Man-made,,0.412566967064896,,23.6902020965,91.3814884159,Tripura,330.876400793581,4125.66967064896,Hydrological Layer,SAC N,Tank/Pond
4482,4482,1202,,No,Moderate,Inland,Man-made,,0.38844116493909,,23.6935942005,91.3815410999,Tripura,256.805219826827,3884.4116493909,Hydrological Layer,SAC N,Tank/Pond
4483,4483,1202,,No,Moderate,Inland,Man-made,,0.40179850165461,,23.6945342451,91.3871154538,Tripura,331.38874742397,4017.9850165461,Hydrological Layer,SAC N,Tank/Pond
4484,4484,1202,,No,Moderate,Inland,Man-made,,0.145339474339587,,23.6902967095,91.3767474186,Tripura,146.862229716323,1453.39474339587,Hydrological Layer,SAC N,Tank/Pond
4485,4485,1202,,No,Moderate,Inland,Man-made,,0.345330509496682,,23.6906264968,91.3780097537,Tripura,366.98781168361,3453.30509496682,Hydrological Layer,SAC N,Tank/Pond
4486,4486,1202,,No,Moderate,Inland,Man-made,,0.456591952495843,,23.6897757614,91.3786575948,Tripura,504.69553433954,4565.91952495843,Hydrological Layer,SAC N,Tank/Pond
4487,4487,1202,,No,Moderate,Inland,Man-made,,0.522887281872663,,23.6762337925,91.4005801176,Tripura,351.908059129303,5228.87281872663,Hydrological Layer,SAC N,Tank/Pond
4488,4488,1202,,No,Moderate,Inland,Man-made,,0.608752469816145,,23.6773349099,91.3869730096,Tripura,672.997052577362,6087.52469816145,Hydrological Layer,SAC N,Tank/Pond
4489,4489,1202,,No,Moderate,Inland,Man-made,,0.592312927633282,,23.6738892598,91.4084210985,Tripura,408.099016541769,5923.12927633282,Hydrological Layer,SAC N,Tank/Pond
4490,4490,1202,,No,Moderate,Inland,Man-made,,0.586757450816284,,23.6720024166,91.4045490646,Tripura,466.492530480941,5867.57450816284,Hydrological Layer,SAC N,Tank/Pond
4491,4491,1202,,No,Moderate,Inland,Man-made,,0.26371745245153,,23.6710297409,91.4056931066,Tripura,232.358251276836,2637.1745245153,Hydrological Layer,SAC N,Tank/Pond
4525,4525,1202,,No,Moderate,Inland,Man-made,,0.255886474221201,,23.6406318345,91.4059784755,Tripura,239.127585146209,2558.86474221201,Hydrological Layer,SAC N,Tank/Pond
4605,4605,1202,,No,Moderate,Inland,Man-made,,0.758626546410843,,23.526582394,91.3385243456,Tripura,353.365239491668,7586.26546410843,Hydrological Layer,SAC N,Tank/Pond
4492,4492,1202,,No,Moderate,Inland,Man-made,,0.631662622737246,,23.6722246189,91.394578869,Tripura,665.70638878671,6316.62622737246,Hydrological Layer,SAC N,Tank/Pond
4493,4493,1202,,No,Moderate,Inland,Man-made,,0.403741311719075,,23.6718756478,91.3963362233,Tripura,459.07241966542,4037.41311719075,Hydrological Layer,SAC N,Tank/Pond
4509,4509,1202,,No,Moderate,Inland,Man-made,,0.139371595543808,,23.6660314054,91.3745703362,Tripura,151.591556589469,1393.71595543808,Hydrological Layer,SAC N,Tank/Pond
4536,4536,1202,,No,Moderate,Inland,Man-made,,0.319921029843964,,23.6144276839,91.4975997605,Tripura,234.709755358256,3199.21029843964,Hydrological Layer,SAC N,Tank/Pond
4494,4494,1202,,No,Moderate,Inland,Man-made,,0.425162909825586,,23.664639525,91.408027382,Tripura,389.159651322808,4251.62909825586,Hydrological Layer,SAC N,Tank/Pond
4512,4512,1202,,No,Moderate,Inland,Man-made,,0.307340130991724,,23.6626566772,91.3829254121,Tripura,287.856424500618,3073.40130991724,Hydrological Layer,SAC N,Tank/Pond
4495,4495,1202,,No,Moderate,Inland,Man-made,,1.16979252691819,,23.6614777975,91.4020609591,Tripura,1088.23335291141,11697.9252691819,Hydrological Layer,SAC N,Tank/Pond
4496,4496,1202,,No,Moderate,Inland,Man-made,,0.747422545939547,,23.6754239952,91.4163692311,Tripura,574.471626841918,7474.22545939547,Hydrological Layer,SAC N,Tank/Pond
4497,4497,1202,,No,Moderate,Inland,Man-made,,0.433862910917692,,23.6848616657,91.4096037039,Tripura,391.625361271517,4338.62910917692,Hydrological Layer,SAC N,Tank/Pond
4498,4498,1202,,No,Moderate,Inland,Man-made,,2.33141431642482,,23.6606589222,91.4513994922,Tripura,2061.8975417422,23314.1431642482,Hydrological Layer,SAC N,Tank/Pond
4606,4606,1202,,No,Moderate,Inland,Man-made,,0.454409352364952,,23.5284575247,91.3359015179,Tripura,279.668337829595,4544.09352364952,Hydrological Layer,SAC N,Tank/Pond
4510,4510,1202,,No,Moderate,Inland,Man-made,,0.23867585283554,,23.6663665252,91.3753303531,Tripura,234.804746597284,2386.7585283554,Hydrological Layer,SAC N,Tank/Pond
4537,4537,1202,,No,Moderate,Inland,Man-made,,0.778794147705472,,23.6228911358,91.4948235275,Tripura,381.411023560871,7787.94147705472,Hydrological Layer,SAC N,Tank/Pond
4499,4499,1202,,No,Moderate,Inland,Man-made,,0.87052913641774,,23.6558159253,91.4450982206,Tripura,925.268750226073,8705.2913641774,Hydrological Layer,SAC N,Tank/Pond
4500,4500,1202,,No,Moderate,Inland,Man-made,,0.637173668898728,,23.662761922,91.4459026989,Tripura,570.241339844265,6371.73668898728,Hydrological Layer,SAC N,Tank/Pond
4501,4501,1202,,No,Moderate,Inland,Man-made,,0.927572258108048,,23.6660727876,91.4468100789,Tripura,524.821340562407,9275.72258108048,Hydrological Layer,SAC N,Tank/Pond
4502,4502,1202,,No,Moderate,Inland,Man-made,,0.919466999240921,,23.6469294257,91.3884263886,Tripura,577.793581360753,9194.66999240921,Hydrological Layer,SAC N,Tank/Pond
4503,4503,1202,,No,Moderate,Inland,Man-made,,0.482632654447147,,23.6358123155,91.3757766077,Tripura,387.433452379605,4826.32654447147,Hydrological Layer,SAC N,Tank/Pond
4504,4504,1202,,No,Moderate,Inland,Man-made,,0.725293225955459,,23.6394099549,91.3739163531,Tripura,568.295275525465,7252.93225955459,Hydrological Layer,SAC N,Tank/Pond
4505,4505,1202,,No,Moderate,Inland,Man-made,,0.526348134679404,,23.6504936148,91.3682788796,Tripura,561.999448115572,5263.48134679404,Hydrological Layer,SAC N,Tank/Pond
4506,4506,1202,,No,Moderate,Inland,Man-made,,0.459744894076837,,23.6554958246,91.3709296289,Tripura,480.244982127172,4597.44894076837,Hydrological Layer,SAC N,Tank/Pond
4507,4507,1202,,No,Moderate,Inland,Man-made,,0.645619814872251,,23.6567932375,91.3750512341,Tripura,722.52757534419,6456.19814872251,Hydrological Layer,SAC N,Tank/Pond
4508,4508,1202,,No,Moderate,Inland,Man-made,,0.15337293013272,,23.6650620052,91.3748645147,Tripura,159.209986939963,1533.7293013272,Hydrological Layer,SAC N,Tank/Pond
4511,4511,1202,,No,Moderate,Inland,Man-made,,0.647042478833923,,23.6666127041,91.3765477533,Tripura,711.362534679197,6470.42478833923,Hydrological Layer,SAC N,Tank/Pond
4608,4608,1202,,No,Moderate,Inland,Man-made,,0.597117628721729,,23.5299329497,91.3317576572,Tripura,353.473247383058,5971.17628721729,Hydrological Layer,SAC N,Tank/Pond
4513,4513,1202,,No,Moderate,Inland,Man-made,,0.619527941806142,,23.6642572677,91.3848893557,Tripura,729.442856695903,6195.27941806142,Hydrological Layer,SAC N,Tank/Pond
4514,4514,1202,,No,Moderate,Inland,Man-made,,0.51839071713232,,23.6418247515,91.4414737324,Tripura,292.723063107367,5183.9071713232,Hydrological Layer,SAC N,Tank/Pond
4515,4515,1202,,No,Moderate,Inland,Man-made,,0.348744615834118,,23.6424678856,91.4408909564,Tripura,251.699282206785,3487.44615834118,Hydrological Layer,SAC N,Tank/Pond
4516,4516,1202,,No,Moderate,Inland,Man-made,,0.985526761133533,,23.6437685957,91.4434629264,Tripura,448.165579076983,9855.26761133533,Hydrological Layer,SAC N,Tank/Pond
4517,4517,1202,,No,Moderate,Inland,Man-made,,0.418663889820997,,23.6454674508,91.4440926029,Tripura,280.903371944756,4186.63889820997,Hydrological Layer,SAC N,Tank/Pond
4518,4518,1202,,No,Moderate,Inland,Man-made,,0.247805865362005,,23.6475328231,91.4462487635,Tripura,221.393585502731,2478.05865362005,Hydrological Layer,SAC N,Tank/Pond
4519,4519,1202,,No,Moderate,Inland,Man-made,,0.478764193568766,,23.649627251,91.4356489468,Tripura,429.652230978789,4787.64193568766,Hydrological Layer,SAC N,Tank/Pond
4520,4520,1202,,No,Moderate,Inland,Man-made,,0.751185250885655,,23.6366586955,91.4417388905,Tripura,593.08257288352,7511.85250885655,Hydrological Layer,SAC N,Tank/Pond
4521,4521,1202,,No,Moderate,Inland,Man-made,,0.746374448935042,,23.6448274184,91.4155020862,Tripura,714.752110652812,7463.74448935042,Hydrological Layer,SAC N,Tank/Pond
4522,4522,1202,,No,Moderate,Inland,Man-made,,0.53192501070739,,23.6460030991,91.4163029052,Tripura,540.842850707393,5319.2501070739,Hydrological Layer,SAC N,Tank/Pond
4523,4523,1202,,No,Moderate,Inland,Man-made,,0.706195605654455,,23.6427132038,91.4091974987,Tripura,551.569085253366,7061.95605654455,Hydrological Layer,SAC N,Tank/Pond
4524,4524,1202,,No,Moderate,Inland,Man-made,,0.625614795539943,,23.6410846213,91.4071427386,Tripura,496.915780446561,6256.14795539943,Hydrological Layer,SAC N,Tank/Pond
4526,4526,1202,,No,Moderate,Inland,Man-made,,0.816005665745711,,23.6323385018,91.4015787836,Tripura,620.956788765097,8160.05665745711,Hydrological Layer,SAC N,Tank/Pond
4527,4527,1202,,No,Moderate,Inland,Man-made,,0.976601828463231,,23.6017604906,91.4474797996,Tripura,453.474047800206,9766.01828463231,Hydrological Layer,SAC N,Tank/Pond
4528,4528,1202,,No,Moderate,Inland,Man-made,,0.423332707021572,,23.6037716162,91.4439259537,Tripura,265.993683229208,4233.32707021572,Hydrological Layer,SAC N,Tank/Pond
4529,4529,1202,,No,Moderate,Inland,Man-made,,0.361836974280433,,23.6042980291,91.4462695407,Tripura,309.484868739811,3618.36974280433,Hydrological Layer,SAC N,Tank/Pond
4530,4530,1202,,No,Moderate,Inland,Man-made,,1.57354886962387,,23.5872357384,91.4641185921,Tripura,1195.48688555218,15735.4886962387,Hydrological Layer,SAC N,Tank/Pond
4531,4531,1202,,No,Moderate,Inland,Man-made,,0.754238620365039,,23.59210342,91.4409180415,Tripura,595.159884322699,7542.38620365039,Hydrological Layer,SAC N,Tank/Pond
4532,4532,1202,,No,Moderate,Inland,Man-made,,0.507006055591822,,23.5936654581,91.4417672672,Tripura,301.73971474806,5070.06055591822,Hydrological Layer,SAC N,Tank/Pond
4533,4533,1202,,No,Moderate,Inland,Man-made,,0.268893129994343,,23.5940376034,91.4431780466,Tripura,214.666007899035,2688.93129994343,Hydrological Layer,SAC N,Tank/Pond
4534,4534,1202,,No,Moderate,Inland,Man-made,,1.60406561135609,,23.5919150089,91.4481396306,Tripura,1338.0064949695,16040.6561135609,Hydrological Layer,SAC N,Tank/Pond
4535,4535,1202,,No,Moderate,Inland,Man-made,,1.42625392449898,,23.5933004972,91.4597945468,Tripura,1148.40997610664,14262.5392449898,Hydrological Layer,SAC N,Tank/Pond
4607,4607,1202,,No,Moderate,Inland,Man-made,,1.41411192217694,,23.5293850999,91.3303529579,Tripura,753.071407678907,14141.1192217694,Hydrological Layer,SAC N,Tank/Pond
4538,4538,1202,,No,Moderate,Inland,Man-made,,1.9205991966787,,23.6258094582,91.4984454851,Tripura,802.248523442123,19205.991966787,Hydrological Layer,SAC N,Tank/Pond
4539,4539,1202,,No,Moderate,Inland,Man-made,,1.8518393714976,,23.6258609421,91.503615937,Tripura,1052.56061866314,18518.393714976,Hydrological Layer,SAC N,Tank/Pond
4540,4540,1202,,No,Moderate,Inland,Man-made,,0.816538074599477,,23.6179777758,91.475271809,Tripura,425.717398583451,8165.38074599477,Hydrological Layer,SAC N,Tank/Pond
4541,4541,1202,,No,Moderate,Inland,Man-made,,1.12918565061409,,23.6178224938,91.4793373035,Tripura,910.59554354354,11291.8565061409,Hydrological Layer,SAC N,Tank/Pond
4542,4542,1202,,No,Moderate,Inland,Man-made,,2.65641843705286,,23.6052278796,91.4971093067,Tripura,1163.73916302449,26564.1843705286,Hydrological Layer,SAC N,Tank/Pond
4543,4543,1202,,No,Moderate,Inland,Man-made,,0.90040889348162,,23.6048118196,91.5003781688,Tripura,372.666805303423,9004.0889348162,Hydrological Layer,SAC N,Tank/Pond
4544,4544,1202,,No,Moderate,Inland,Man-made,,0.593121972790258,,23.6018011982,91.4981806956,Tripura,303.652979111318,5931.21972790258,Hydrological Layer,SAC N,Tank/Pond
4545,4545,1202,,No,Moderate,Inland,Man-made,,0.820808258300982,,23.5804610635,91.4889698113,Tripura,401.939022217667,8208.08258300982,Hydrological Layer,SAC N,Tank/Pond
4546,4546,1202,,No,Moderate,Inland,Man-made,,1.58711104085975,,23.5825806244,91.4884743917,Tripura,728.503158521016,15871.1104085975,Hydrological Layer,SAC N,Tank/Pond
4547,4547,1202,,No,Moderate,Inland,Man-made,,1.16033010509309,,23.5810320908,91.4839613519,Tripura,678.378188235669,11603.3010509309,Hydrological Layer,SAC N,Tank/Pond
4566,4566,1202,,No,Moderate,Inland,Man-made,,0.280687217244729,,23.5957428838,91.3843887628,Tripura,242.1879942109,2806.87217244728,Hydrological Layer,SAC N,Tank/Pond
4558,4558,1202,,No,Moderate,Inland,Man-made,,0.839446615680553,,23.5758341427,91.4932807408,Tripura,511.980614537158,8394.46615680553,Hydrological Layer,SAC N,Tank/Pond
4548,4548,1202,,No,Moderate,Inland,Man-made,,3.06590564358532,,23.5793832762,91.4853058763,Tripura,2105.64915919479,30659.0564358532,Hydrological Layer,SAC N,Tank/Pond
4549,4549,1202,,No,Moderate,Inland,Man-made,,0.739817256372833,,23.5900471421,91.4914688464,Tripura,423.13276062453,7398.17256372833,Hydrological Layer,SAC N,Tank/Pond
4550,4550,1202,,No,Moderate,Inland,Man-made,,1.16128448385001,,23.5932456358,91.4873545509,Tripura,567.972632575853,11612.8448385001,Hydrological Layer,SAC N,Tank/Pond
4551,4551,1202,,No,Moderate,Inland,Man-made,,0.820865289996618,,23.5946272015,91.4986747272,Tripura,498.611078937917,8208.65289996618,Hydrological Layer,SAC N,Tank/Pond
4552,4552,1202,,No,Moderate,Inland,Man-made,,0.59239667743507,,23.593003016,91.499229289,Tripura,327.04715129507,5923.9667743507,Hydrological Layer,SAC N,Tank/Pond
4553,4553,1202,,No,Moderate,Inland,Man-made,,0.487967713278949,,23.5817185727,91.479504844,Tripura,507.227733734594,4879.67713278949,Hydrological Layer,SAC N,Tank/Pond
4554,4554,1202,,No,Moderate,Inland,Man-made,,0.746326248274882,,23.5795068195,91.4798056724,Tripura,590.587958534552,7463.26248274882,Hydrological Layer,SAC N,Tank/Pond
4555,4555,1202,,No,Moderate,Inland,Man-made,,0.624810022462204,,23.5800364356,91.4767722717,Tripura,484.311845707103,6248.10022462204,Hydrological Layer,SAC N,Tank/Pond
4556,4556,1202,,No,Moderate,Inland,Man-made,,0.553707021158068,,23.5780848466,91.4773596953,Tripura,479.558250686587,5537.07021158068,Hydrological Layer,SAC N,Tank/Pond
4567,4567,1202,,No,Moderate,Inland,Man-made,,0.3845729148766,,23.5917131639,91.3844332469,Tripura,278.864340138309,3845.729148766,Hydrological Layer,SAC N,Tank/Pond
4557,4557,1202,,No,Moderate,Inland,Man-made,,2.69871107619294,,23.5732049008,91.4900875773,Tripura,1433.38915269178,26987.1107619294,Hydrological Layer,SAC N,Tank/Pond
4559,4559,1202,,No,Moderate,Inland,Man-made,,0.987875147659381,,23.5840834282,91.4860320949,Tripura,745.059309419129,9878.75147659381,Hydrological Layer,SAC N,Tank/Pond
4560,4560,1202,,No,Moderate,Inland,Man-made,,0.32634322135456,,23.5855523333,91.4884571732,Tripura,283.555468005912,3263.4322135456,Hydrological Layer,SAC N,Tank/Pond
4561,4561,1202,,No,Moderate,Inland,Man-made,,0.938799798128988,,23.5826607781,91.4913637281,Tripura,661.778026592102,9387.99798128988,Hydrological Layer,SAC N,Tank/Pond
4562,4562,1202,,No,Moderate,Inland,Man-made,,1.38335811418809,,23.5862427043,91.4919733718,Tripura,1217.74572086391,13833.5811418809,Hydrological Layer,SAC N,Tank/Pond
4563,4563,1202,,No,Moderate,Inland,Man-made,,0.775291096001226,,23.5966407777,91.3910117177,Tripura,534.176197694958,7752.91096001226,Hydrological Layer,SAC N,Tank/Pond
4564,4564,1202,,No,Moderate,Inland,Man-made,,0.620735994215874,,23.5950787527,91.3911022098,Tripura,594.200798197088,6207.35994215874,Hydrological Layer,SAC N,Tank/Pond
4592,4592,1202,,No,Moderate,Inland,Man-made,,0.642513105757179,,23.547891346,91.3096147621,Tripura,388.3715069684,6425.13105757179,Hydrological Layer,SAC N,Tank/Pond
4565,4565,1202,,No,Moderate,Inland,Man-made,,1.08289560243202,,23.595323872,91.381314928,Tripura,845.146818183652,10828.9560243202,Hydrological Layer,SAC N,Tank/Pond
4730,4730,1202,,No,Moderate,Inland,Man-made,,0.432841225034446,,23.3804272569,91.3526302806,Tripura,310.0207181107,4328.41225034446,Hydrological Layer,SAC N,Tank/Pond
4568,4568,1202,,No,Moderate,Inland,Man-made,,0.536279572529657,,23.6198741408,91.4015178845,Tripura,500.040132167711,5362.79572529657,Hydrological Layer,SAC N,Tank/Pond
4569,4569,1202,,No,Moderate,Inland,Man-made,,0.758555302187523,,23.6011646916,91.3395396339,Tripura,458.608436575174,7585.55302187523,Hydrological Layer,SAC N,Tank/Pond
4603,4603,1202,,No,Moderate,Inland,Man-made,,1.06810764549649,,23.542524054,91.3310623191,Tripura,504.708373816918,10681.0764549649,Hydrological Layer,SAC N,Tank/Pond
4570,4570,1202,,No,Moderate,Inland,Man-made,,1.16548552232342,,23.5916480961,91.3480123908,Tripura,860.474399244985,11654.8552232342,Hydrological Layer,SAC N,Tank/Pond
4571,4571,1202,,No,Moderate,Inland,Man-made,,0.439051909246986,,23.6032421364,91.3126740651,Tripura,315.818841368576,4390.51909246986,Hydrological Layer,SAC N,Tank/Pond
4572,4572,1202,,No,Moderate,Inland,Man-made,,0.747345278902513,,23.6023564543,91.3106206808,Tripura,522.250674131017,7473.45278902513,Hydrological Layer,SAC N,Tank/Pond
4573,4573,1202,,No,Moderate,Inland,Man-made,,0.333874175121632,,23.6001425936,91.3116469389,Tripura,301.268325936537,3338.74175121632,Hydrological Layer,SAC N,Tank/Pond
4574,4574,1202,,No,Moderate,Inland,Man-made,,0.43795606760409,,23.6020313847,91.3082294866,Tripura,325.830948658037,4379.5606760409,Hydrological Layer,SAC N,Tank/Pond
4575,4575,1202,,No,Moderate,Inland,Man-made,,0.260251436393366,,23.6043698146,91.3162198048,Tripura,226.443366665862,2602.51436393366,Hydrological Layer,SAC N,Tank/Pond
4576,4576,1202,,No,Moderate,Inland,Man-made,,0.258435978000054,,23.5841438802,91.3362417415,Tripura,207.548617066299,2584.35978000054,Hydrological Layer,SAC N,Tank/Pond
4577,4577,1202,,No,Moderate,Inland,Man-made,,0.226823637335805,,23.5832051211,91.3316401989,Tripura,196.400298299925,2268.23637335805,Hydrological Layer,SAC N,Tank/Pond
4578,4578,1202,,No,Moderate,Inland,Man-made,,0.409006261951336,,23.5830786469,91.3354638632,Tripura,310.697244259046,4090.06261951336,Hydrological Layer,SAC N,Tank/Pond
4579,4579,1202,,No,Moderate,Inland,Man-made,,0.276746963818883,,23.5818416371,91.3424698837,Tripura,216.416163101402,2767.46963818883,Hydrological Layer,SAC N,Tank/Pond
4580,4580,1202,,No,Moderate,Inland,Man-made,,0.775247997855286,,23.5701046076,91.3630621883,Tripura,521.511289772638,7752.47997855286,Hydrological Layer,SAC N,Tank/Pond
4581,4581,1202,,No,Moderate,Inland,Man-made,,1.91983498258885,,23.5750977864,91.335197926,Tripura,1702.65191061486,19198.3498258885,Hydrological Layer,SAC N,Tank/Pond
4582,4582,1202,,No,Moderate,Inland,Man-made,,1.02661255506885,,23.5763781035,91.3274300932,Tripura,749.381409963963,10266.1255506885,Hydrological Layer,SAC N,Tank/Pond
4583,4583,1202,,No,Moderate,Inland,Man-made,,0.767476685998273,,23.5455801975,91.3334044139,Tripura,395.412250718405,7674.76685998273,Hydrological Layer,SAC N,Tank/Pond
4584,4584,1202,,No,Moderate,Inland,Man-made,,0.790834226112205,,23.5460970587,91.3359380266,Tripura,663.068821660486,7908.34226112205,Hydrological Layer,SAC N,Tank/Pond
4604,4604,1202,,No,Moderate,Inland,Man-made,,2.13520557600995,,23.5297052877,91.3341125225,Tripura,939.071815858257,21352.0557600995,Hydrological Layer,SAC N,Tank/Pond
4585,4585,1202,,No,Moderate,Inland,Man-made,,1.62144756566449,,23.5454365774,91.3396095827,Tripura,1042.99717682407,16214.4756566449,Hydrological Layer,SAC N,Tank/Pond
4586,4586,1202,,No,Moderate,Inland,Man-made,,0.505150501630719,,23.543365693,91.33595758,Tripura,487.888035688742,5051.50501630719,Hydrological Layer,SAC N,Tank/Pond
4587,4587,1202,,No,Moderate,Inland,Man-made,,0.80988927126415,,23.5446392724,91.3366230011,Tripura,443.823497662206,8098.8927126415,Hydrological Layer,SAC N,Tank/Pond
4588,4588,1202,,No,Moderate,Inland,Man-made,,0.575614050466574,,23.5572061129,91.3066785943,Tripura,387.378433930938,5756.14050466574,Hydrological Layer,SAC N,Tank/Pond
4589,4589,1202,,No,Moderate,Inland,Man-made,,0.218095889440107,,23.5587065459,91.3042353019,Tripura,204.725139789259,2180.95889440107,Hydrological Layer,SAC N,Tank/Pond
4590,4590,1202,,No,Moderate,Inland,Man-made,,0.939397650109319,,23.5521594027,91.3138621093,Tripura,426.247505135429,9393.97650109319,Hydrological Layer,SAC N,Tank/Pond
4591,4591,1202,,No,Moderate,Inland,Man-made,,0.195924876021378,,23.5535231833,91.3139467027,Tripura,177.366636185312,1959.24876021378,Hydrological Layer,SAC N,Tank/Pond
4593,4593,1202,,No,Moderate,Inland,Man-made,,0.264544907001168,,23.5494180216,91.3129029508,Tripura,216.876594765069,2645.44907001168,Hydrological Layer,SAC N,Tank/Pond
4594,4594,1202,,No,Moderate,Inland,Man-made,,0.248509602987187,,23.538681947,91.3055590489,Tripura,218.653818852726,2485.09602987187,Hydrological Layer,SAC N,Tank/Pond
4595,4595,1202,,No,Moderate,Inland,Man-made,,0.425653938969868,,23.5380434493,91.306479386,Tripura,250.250459311263,4256.53938969868,Hydrological Layer,SAC N,Tank/Pond
4796,4796,1202,,No,Moderate,Inland,Man-made,,0.609198996321909,,23.4456853685,91.4734706198,Tripura,312.801625516709,6091.98996321909,Hydrological Layer,SAC N,Tank/Pond
4596,4596,1202,,No,Moderate,Inland,Man-made,,0.804538660583538,,23.5450898378,91.3094028801,Tripura,561.661201032355,8045.38660583538,Hydrological Layer,SAC N,Tank/Pond
4597,4597,1202,,No,Moderate,Inland,Man-made,,0.243180180916689,,23.5458771915,91.3147909653,Tripura,204.445281384148,2431.80180916689,Hydrological Layer,SAC N,Tank/Pond
4598,4598,1202,,No,Moderate,Inland,Man-made,,0.362044596866524,,23.5446710897,91.3156139623,Tripura,341.95106418409,3620.44596866524,Hydrological Layer,SAC N,Tank/Pond
4599,4599,1202,,No,Moderate,Inland,Man-made,,1.00290292329737,,23.5380725272,91.3148494183,Tripura,536.230614727716,10029.0292329737,Hydrological Layer,SAC N,Tank/Pond
4600,4600,1202,,No,Moderate,Inland,Man-made,,1.02545500014196,,23.5381278385,91.3166144369,Tripura,579.32321206842,10254.5500014196,Hydrological Layer,SAC N,Tank/Pond
4601,4601,1202,,No,Moderate,Inland,Man-made,,0.763857988397355,,23.5354818152,91.322226567,Tripura,468.740779055136,7638.57988397355,Hydrological Layer,SAC N,Tank/Pond
4602,4602,1202,,No,Moderate,Inland,Man-made,,0.278178433968841,,23.5345344013,91.3159288389,Tripura,211.664527966983,2781.78433968841,Hydrological Layer,SAC N,Tank/Pond
4610,4610,1202,,No,Moderate,Inland,Man-made,,0.556669424167606,,23.5445244768,91.3263077832,Tripura,386.674091832592,5566.69424167606,Hydrological Layer,SAC N,Tank/Pond
4611,4611,1202,,No,Moderate,Inland,Man-made,,1.23925068463465,,23.5478711992,91.3317653455,Tripura,921.293074329559,12392.5068463465,Hydrological Layer,SAC N,Tank/Pond
4612,4612,1202,,No,Moderate,Inland,Man-made,,0.403726419102193,,23.5513035313,91.3213975204,Tripura,338.487290424791,4037.26419102193,Hydrological Layer,SAC N,Tank/Pond
4613,4613,1202,,No,Moderate,Inland,Man-made,,0.319970186674837,,23.5541081038,91.3229655053,Tripura,249.677886556898,3199.70186674836,Hydrological Layer,SAC N,Tank/Pond
4614,4614,1202,,No,Moderate,Inland,Man-made,,0.321275055440322,,23.5511214338,91.3280207029,Tripura,283.615369490327,3212.75055440322,Hydrological Layer,SAC N,Tank/Pond
4615,4615,1202,,No,Moderate,Inland,Man-made,,0.387433157542538,,23.5559203862,91.3316353548,Tripura,310.110614149635,3874.33157542538,Hydrological Layer,SAC N,Tank/Pond
4844,4844,1202,,No,Moderate,Inland,Man-made,,0.553822140352337,,23.5137936276,91.6786341082,Tripura,338.613897613205,5538.22140352337,Hydrological Layer,SAC N,Tank/Pond
4616,4616,1202,,No,Moderate,Inland,Man-made,,0.309264544924759,,23.5064420424,91.2603148439,Tripura,219.295194421492,3092.64544924759,Hydrological Layer,SAC N,Tank/Pond
4617,4617,1202,,No,Moderate,Inland,Man-made,,0.502790620746369,,23.5055415718,91.261666918,Tripura,282.609500283668,5027.90620746369,Hydrological Layer,SAC N,Tank/Pond
4681,4681,1202,,No,Moderate,Inland,Man-made,,0.688888220264494,,23.6270224264,91.23530125,Tripura,380.474372466814,6888.88220264494,Hydrological Layer,SAC N,Tank/Pond
4618,4618,1202,,No,Moderate,Inland,Man-made,,1.00554982204692,,23.5048711462,91.2602679653,Tripura,485.235536922821,10055.4982204692,Hydrological Layer,SAC N,Tank/Pond
4619,4619,1202,,No,Moderate,Inland,Man-made,,0.700399382148096,,23.4917889469,91.2533310021,Tripura,325.521164097664,7003.99382148096,Hydrological Layer,SAC N,Tank/Pond
4620,4620,1202,,No,Moderate,Inland,Man-made,,0.692849942849282,,23.4903076313,91.2539962925,Tripura,378.79709126909,6928.49942849282,Hydrological Layer,SAC N,Tank/Pond
4621,4621,1202,,No,Moderate,Inland,Man-made,,0.243816229796458,,23.4901237604,91.2555790957,Tripura,197.990597661056,2438.16229796458,Hydrological Layer,SAC N,Tank/Pond
4622,4622,1202,,No,Moderate,Inland,Man-made,,0.277618993747786,,23.4886000746,91.2506312632,Tripura,234.967530590397,2776.18993747786,Hydrological Layer,SAC N,Tank/Pond
4623,4623,1202,,No,Moderate,Inland,Man-made,,0.192090941058887,,23.4891284326,91.251229159,Tripura,196.97285838974,1920.90941058887,Hydrological Layer,SAC N,Tank/Pond
4624,4624,1202,,No,Moderate,Inland,Man-made,,1.53197665150795,,23.4869145103,91.2621344131,Tripura,621.378881396805,15319.7665150795,Hydrological Layer,SAC N,Tank/Pond
4625,4625,1202,,No,Moderate,Inland,Man-made,,0.645189013276617,,23.4720298833,91.2565894056,Tripura,391.758701944919,6451.89013276617,Hydrological Layer,SAC N,Tank/Pond
4626,4626,1202,,No,Moderate,Inland,Man-made,,0.297830112410544,,23.4934265481,91.3114066849,Tripura,219.626078234738,2978.30112410544,Hydrological Layer,SAC N,Tank/Pond
4627,4627,1202,,No,Moderate,Inland,Man-made,,6.1254694653952,,23.507330936,91.3226211799,Tripura,1291.21826907412,61254.694653952,Hydrological Layer,SAC N,Tank/Pond
4628,4628,1202,,No,Moderate,Inland,Man-made,,0.893376484995945,,23.5204927118,91.2797894617,Tripura,588.462544038557,8933.76484995945,Hydrological Layer,SAC N,Tank/Pond
4629,4629,1202,,No,Moderate,Inland,Man-made,,0.555034759895825,,23.5215932186,91.2797272855,Tripura,389.324542392563,5550.34759895825,Hydrological Layer,SAC N,Tank/Pond
4630,4630,1202,,No,Moderate,Inland,Man-made,,1.36629814109278,,23.5172401605,91.2809737962,Tripura,714.963271651441,13662.9814109278,Hydrological Layer,SAC N,Tank/Pond
4632,4632,1202,,No,Moderate,Inland,Man-made,,1.30503046696177,,23.5039470153,91.2769050657,Tripura,457.392454981828,13050.3046696177,Hydrological Layer,SAC N,Tank/Pond
4797,4797,1202,,No,Moderate,Inland,Man-made,,0.536972519995017,,23.4454979422,91.4715015253,Tripura,296.98722499822,5369.72519995017,Hydrological Layer,SAC N,Tank/Pond
4633,4633,1202,,No,Moderate,Inland,Man-made,,1.43646645019945,,23.5025519867,91.2823506088,Tripura,796.359486180893,14364.6645019945,Hydrological Layer,SAC N,Tank/Pond
4634,4634,1202,,No,Moderate,Inland,Man-made,,1.18605881030857,,23.5054442817,91.2814549926,Tripura,560.011115296367,11860.5881030857,Hydrological Layer,SAC N,Tank/Pond
4635,4635,1202,,No,Moderate,Inland,Man-made,,0.553191535953084,,23.5225241707,91.2554215167,Tripura,349.452106000168,5531.91535953084,Hydrological Layer,SAC N,Tank/Pond
4636,4636,1202,,No,Moderate,Inland,Man-made,,0.728439347158927,,23.5254861953,91.2498691949,Tripura,490.122302610716,7284.39347158927,Hydrological Layer,SAC N,Tank/Pond
4637,4637,1202,,No,Moderate,Inland,Man-made,,2.37201079706981,,23.5316495694,91.2261404504,Tripura,729.38330008908,23720.1079706981,Hydrological Layer,SAC N,Tank/Pond
4638,4638,1202,,No,Moderate,Inland,Man-made,,0.337541079761215,,23.5348660137,91.2196725507,Tripura,233.010470218861,3375.41079761215,Hydrological Layer,SAC N,Tank/Pond
4639,4639,1202,,No,Moderate,Inland,Man-made,,0.180886228873967,,23.5375698855,91.22391106,Tripura,176.156966181328,1808.86228873967,Hydrological Layer,SAC N,Tank/Pond
4640,4640,1202,,No,Moderate,Inland,Man-made,,1.22410870462399,,23.5693764646,91.2400758304,Tripura,823.874509110031,12241.0870462399,Hydrological Layer,SAC N,Tank/Pond
4641,4641,1202,,No,Moderate,Inland,Man-made,,1.30249560411375,,23.5616759017,91.2141153352,Tripura,996.286161845119,13024.9560411375,Hydrological Layer,SAC N,Tank/Pond
4642,4642,1202,,No,Moderate,Inland,Man-made,,0.720521134360804,,23.5742154241,91.2400038564,Tripura,462.043895912073,7205.21134360804,Hydrological Layer,SAC N,Tank/Pond
4643,4643,1202,,No,Moderate,Inland,Man-made,,0.635830547291354,,23.5685923373,91.2345152732,Tripura,548.50071225027,6358.30547291354,Hydrological Layer,SAC N,Tank/Pond
4644,4644,1202,,No,Moderate,Inland,Man-made,,0.551549903816461,,23.579522538,91.2198106618,Tripura,522.257915199729,5515.49903816461,Hydrological Layer,SAC N,Tank/Pond
4645,4645,1202,,No,Moderate,Inland,Man-made,,1.23075569801686,,23.5912647788,91.209105765,Tripura,1040.14273530054,12307.5569801686,Hydrological Layer,SAC N,Tank/Pond
4646,4646,1202,,No,Moderate,Inland,Man-made,,1.64634149227353,,23.586566402,91.2104992576,Tripura,1182.85864360253,16463.4149227353,Hydrological Layer,SAC N,Tank/Pond
4647,4647,1202,,No,Moderate,Inland,Man-made,,0.818403036769501,,23.5888305309,91.2087673164,Tripura,660.48996653899,8184.03036769501,Hydrological Layer,SAC N,Tank/Pond
4648,4648,1202,,No,Moderate,Inland,Man-made,,0.808698879850628,,23.592995492,91.2122909676,Tripura,746.50372279559,8086.98879850628,Hydrological Layer,SAC N,Tank/Pond
4649,4649,1202,,No,Moderate,Inland,Man-made,,0.557181235418878,,23.5917744957,91.2147092824,Tripura,433.108636546968,5571.81235418878,Hydrological Layer,SAC N,Tank/Pond
4650,4650,1202,,No,Moderate,Inland,Man-made,,0.570536721573782,,23.5957024359,91.2134365583,Tripura,442.842523490218,5705.36721573782,Hydrological Layer,SAC N,Tank/Pond
4651,4651,1202,,No,Moderate,Inland,Man-made,,0.524219818112196,,23.5936349486,91.216858475,Tripura,463.588849305293,5242.19818112196,Hydrological Layer,SAC N,Tank/Pond
4652,4652,1202,,No,Moderate,Inland,Man-made,,0.341904145699991,,23.5911301571,91.2217587407,Tripura,366.522912248952,3419.04145699991,Hydrological Layer,SAC N,Tank/Pond
4680,4680,1202,,No,Moderate,Inland,Man-made,,0.402987092949012,,23.6170902326,91.2192387615,Tripura,296.258956174816,4029.87092949012,Hydrological Layer,SAC N,Tank/Pond
4653,4653,1202,,No,Moderate,Inland,Man-made,,0.664541718381353,,23.5928384665,91.2227094403,Tripura,562.603419101156,6645.41718381353,Hydrological Layer,SAC N,Tank/Pond
4654,4654,1202,,No,Moderate,Inland,Man-made,,0.804984967688707,,23.5914498067,91.2272490861,Tripura,641.632078711031,8049.84967688707,Hydrological Layer,SAC N,Tank/Pond
4655,4655,1202,,No,Moderate,Inland,Man-made,,0.618809537408612,,23.5804707722,91.2118458651,Tripura,431.276152221522,6188.09537408612,Hydrological Layer,SAC N,Tank/Pond
4656,4656,1202,,No,Moderate,Inland,Man-made,,0.242770957443163,,23.5801705825,91.2157370094,Tripura,214.527535355564,2427.70957443163,Hydrological Layer,SAC N,Tank/Pond
4657,4657,1202,,No,Moderate,Inland,Man-made,,0.258937647869452,,23.5769592091,91.2187718554,Tripura,216.592683258061,2589.37647869452,Hydrological Layer,SAC N,Tank/Pond
4658,4658,1202,,No,Moderate,Inland,Man-made,,0.478683439970248,,23.5782318562,91.2211387729,Tripura,353.977633267613,4786.83439970248,Hydrological Layer,SAC N,Tank/Pond
4659,4659,1202,,No,Moderate,Inland,Man-made,,0.7530683114739,,23.5757662718,91.2210361934,Tripura,821.077217475766,7530.683114739,Hydrological Layer,SAC N,Tank/Pond
4660,4660,1202,,No,Moderate,Inland,Man-made,,0.158077430829553,,23.5851574472,91.2280420502,Tripura,177.253264533499,1580.77430829553,Hydrological Layer,SAC N,Tank/Pond
4661,4661,1202,,No,Moderate,Inland,Man-made,,0.390241339767834,,23.5856644366,91.2270791847,Tripura,288.097283799967,3902.41339767834,Hydrological Layer,SAC N,Tank/Pond
4662,4662,1202,,No,Moderate,Inland,Man-made,,0.303918114389321,,23.5854775018,91.2256840712,Tripura,257.545904699178,3039.18114389321,Hydrological Layer,SAC N,Tank/Pond
4663,4663,1202,,No,Moderate,Inland,Man-made,,0.411566671020322,,23.5694051935,91.2281850525,Tripura,383.396769408504,4115.66671020322,Hydrological Layer,SAC N,Tank/Pond
4664,4664,1202,,No,Moderate,Inland,Man-made,,0.71998187411582,,23.5842438748,91.2198923216,Tripura,570.983718528189,7199.8187411582,Hydrological Layer,SAC N,Tank/Pond
4665,4665,1202,,No,Moderate,Inland,Man-made,,0.594073838634096,,23.5759687662,91.2091950711,Tripura,411.53488827623,5940.73838634096,Hydrological Layer,SAC N,Tank/Pond
4666,4666,1202,,No,Moderate,Inland,Man-made,,1.56538707058607,,23.6108396362,91.2635060839,Tripura,688.216327441237,15653.8707058607,Hydrological Layer,SAC N,Tank/Pond
4713,4713,1202,,No,Moderate,Inland,Man-made,,0.889956289411328,,23.3653832997,91.3265383589,Tripura,497.634186987605,8899.56289411328,Hydrological Layer,SAC N,Tank/Pond
4667,4667,1202,,No,Moderate,Inland,Man-made,,0.727199534704208,,23.6127116402,91.2565630624,Tripura,576.004906479187,7271.99534704208,Hydrological Layer,SAC N,Tank/Pond
4668,4668,1202,,No,Moderate,Inland,Man-made,,0.295155877335714,,23.612770799,91.2635425162,Tripura,226.419602827717,2951.55877335714,Hydrological Layer,SAC N,Tank/Pond
4669,4669,1202,,No,Moderate,Inland,Man-made,,2.63619759594626,,23.6287460807,91.2684989424,Tripura,1308.57222114955,26361.9759594626,Hydrological Layer,SAC N,Tank/Pond
4670,4670,1202,,No,Moderate,Inland,Man-made,,0.988978258036661,,23.5976486256,91.2601514575,Tripura,642.324699959642,9889.78258036661,Hydrological Layer,SAC N,Tank/Pond
4671,4671,1202,,No,Moderate,Inland,Man-made,,0.694751290605151,,23.6014381828,91.2612947787,Tripura,471.689676804385,6947.51290605151,Hydrological Layer,SAC N,Tank/Pond
4672,4672,1202,,No,Moderate,Inland,Man-made,,0.509378925809704,,23.5984575016,91.2502642727,Tripura,365.367551775701,5093.78925809704,Hydrological Layer,SAC N,Tank/Pond
4673,4673,1202,,No,Moderate,Inland,Man-made,,0.498570986550035,,23.6054965892,91.2391012569,Tripura,391.493201908598,4985.70986550035,Hydrological Layer,SAC N,Tank/Pond
4674,4674,1202,,No,Moderate,Inland,Man-made,,0.650348638193824,,23.6077178747,91.2097621681,Tripura,378.603008550342,6503.48638193824,Hydrological Layer,SAC N,Tank/Pond
4675,4675,1202,,No,Moderate,Inland,Man-made,,0.20219097818453,,23.6095024592,91.2111150163,Tripura,190.470904777689,2021.9097818453,Hydrological Layer,SAC N,Tank/Pond
4676,4676,1202,,No,Moderate,Inland,Man-made,,0.265836712507263,,23.6099921324,91.2140200209,Tripura,243.9927506208,2658.36712507263,Hydrological Layer,SAC N,Tank/Pond
4677,4677,1202,,No,Moderate,Inland,Man-made,,0.504161421052014,,23.6108955248,91.2187667292,Tripura,356.574575372454,5041.61421052014,Hydrological Layer,SAC N,Tank/Pond
4678,4678,1202,,No,Moderate,Inland,Man-made,,0.205900150009268,,23.6218242105,91.2184024613,Tripura,173.536164544561,2059.00150009268,Hydrological Layer,SAC N,Tank/Pond
4679,4679,1202,,No,Moderate,Inland,Man-made,,0.150684409958482,,23.6180297021,91.2172544126,Tripura,151.147603637173,1506.84409958482,Hydrological Layer,SAC N,Tank/Pond
4682,4682,1202,,No,Moderate,Inland,Man-made,,7.3851291542672,,23.3707226735,91.4554639111,Tripura,3979.40256604259,73851.291542672,Hydrological Layer,SAC N,Tank/Pond
4685,4685,1202,,No,Moderate,Inland,Man-made,,0.721142397416148,,23.3648897442,91.4825648522,Tripura,568.853037546739,7211.42397416148,Hydrological Layer,SAC N,Tank/Pond
4686,4686,1202,,No,Moderate,Inland,Man-made,,0.924913845449587,,23.3807983715,91.4816761153,Tripura,529.413350843106,9249.13845449587,Hydrological Layer,SAC N,Tank/Pond
4687,4687,1202,,No,Moderate,Inland,Man-made,,0.343629933010246,,23.3818958232,91.4782344399,Tripura,361.666801616475,3436.29933010246,Hydrological Layer,SAC N,Tank/Pond
4688,4688,1202,,No,Moderate,Inland,Man-made,,0.582069768190504,,23.3840004628,91.4806668337,Tripura,568.150760481051,5820.69768190504,Hydrological Layer,SAC N,Tank/Pond
4689,4689,1202,,No,Moderate,Inland,Man-made,,0.540095877076206,,23.3412843472,91.3956667995,Tripura,389.274045200874,5400.95877076206,Hydrological Layer,SAC N,Tank/Pond
4699,4699,1202,,No,Moderate,Inland,Man-made,,0.968962214749516,,23.2673723429,91.3457978879,Tripura,418.263617512215,9689.62214749516,Hydrological Layer,SAC N,Tank/Pond
4700,4700,1202,,No,Moderate,Inland,Man-made,,0.659733060251549,,23.2568445133,91.3296754496,Tripura,368.561595729689,6597.33060251549,Hydrological Layer,SAC N,Tank/Pond
4791,4791,1202,,No,Moderate,Inland,Man-made,,0.357151061960049,,23.4582838949,91.4449934714,Tripura,280.603679983938,3571.51061960049,Hydrological Layer,SAC N,Tank/Pond
4701,4701,1202,,No,Moderate,Inland,Man-made,,0.891499232670957,,23.2535880806,91.3192454484,Tripura,419.581109279582,8914.99232670957,Hydrological Layer,SAC N,Tank/Pond
4690,4690,1202,,No,Moderate,Inland,Man-made,,1.53187663556534,,23.2687146598,91.3557357929,Tripura,1341.43693301379,15318.7663556534,Hydrological Layer,SAC N,Tank/Pond
4691,4691,1202,,No,Moderate,Inland,Man-made,,0.999568462887381,,23.2594307977,91.3502779534,Tripura,945.377305760113,9995.68462887381,Hydrological Layer,SAC N,Tank/Pond
4692,4692,1202,,No,Moderate,Inland,Man-made,,1.13788463555066,,23.2994815634,91.3299272188,Tripura,722.503014177909,11378.8463555066,Hydrological Layer,SAC N,Tank/Pond
4693,4693,1202,,No,Moderate,Inland,Man-made,,0.733424662029591,,23.299536376,91.3356079243,Tripura,425.54519808868,7334.24662029591,Hydrological Layer,SAC N,Tank/Pond
4694,4694,1202,,No,Moderate,Inland,Man-made,,0.875731375883965,,23.2962751696,91.3428479941,Tripura,438.163632359814,8757.31375883965,Hydrological Layer,SAC N,Tank/Pond
4725,4725,1202,,No,Moderate,Inland,Man-made,,0.210740278419079,,23.3719768318,91.3575452542,Tripura,190.181979792138,2107.40278419079,Hydrological Layer,SAC N,Tank/Pond
4683,4683,1202,,No,Moderate,Inland,Man-made,,6.33658916059499,,23.3701100692,91.4642719082,Tripura,6078.90444712665,63365.8916059499,Hydrological Layer,SAC N,Tank/Pond
4684,4684,1202,,No,Moderate,Inland,Man-made,,0.957816619035012,,23.3710425265,91.4683923763,Tripura,747.671386322372,9578.16619035012,Hydrological Layer,SAC N,Tank/Pond
4849,4849,1202,,No,Moderate,Inland,Man-made,,0.582311359079932,,23.5240983971,91.6966496984,Tripura,335.657947505314,5823.11359079932,Hydrological Layer,SAC N,Tank/Pond
4695,4695,1202,,No,Moderate,Inland,Man-made,,1.28641037754379,,23.3098007044,91.3252225507,Tripura,838.122982847922,12864.1037754379,Hydrological Layer,SAC N,Tank/Pond
4696,4696,1202,,No,Moderate,Inland,Man-made,,0.595080573009414,,23.3002578752,91.3451141426,Tripura,410.987562459504,5950.80573009414,Hydrological Layer,SAC N,Tank/Pond
4697,4697,1202,,No,Moderate,Inland,Man-made,,1.05530028989349,,23.2875519383,91.3478596962,Tripura,658.48603788946,10553.0028989349,Hydrological Layer,SAC N,Tank/Pond
4698,4698,1202,,No,Moderate,Inland,Man-made,,0.639341520848022,,23.2891237797,91.3410051066,Tripura,380.793630905689,6393.41520848022,Hydrological Layer,SAC N,Tank/Pond
4729,4729,1202,,No,Moderate,Inland,Man-made,,0.32051132256278,,23.380407422,91.3539969914,Tripura,244.592253664118,3205.1132256278,Hydrological Layer,SAC N,Tank/Pond
4702,4702,1202,,No,Moderate,Inland,Man-made,,0.748025191167671,,23.2602208226,91.3202772986,Tripura,328.246555346303,7480.25191167671,Hydrological Layer,SAC N,Tank/Pond
4703,4703,1202,,No,Moderate,Inland,Man-made,,1.42570790750321,,23.261325996,91.3281252352,Tripura,816.274181228754,14257.0790750321,Hydrological Layer,SAC N,Tank/Pond
4704,4704,1202,,No,Moderate,Inland,Man-made,,0.317697169930517,,23.2817136025,91.3209354595,Tripura,251.571555200947,3176.97169930517,Hydrological Layer,SAC N,Tank/Pond
4705,4705,1202,,No,Moderate,Inland,Man-made,,0.200064671102648,,23.2812530414,91.3218269624,Tripura,182.263245462198,2000.64671102648,Hydrological Layer,SAC N,Tank/Pond
4706,4706,1202,,No,Moderate,Inland,Man-made,,0.402150913825279,,23.3054393293,91.3402685997,Tripura,307.539849406857,4021.50913825279,Hydrological Layer,SAC N,Tank/Pond
4707,4707,1202,,No,Moderate,Inland,Man-made,,0.169703337027225,,23.3045705533,91.3394047926,Tripura,171.352022201951,1697.03337027225,Hydrological Layer,SAC N,Tank/Pond
4708,4708,1202,,No,Moderate,Inland,Man-made,,0.889923290629196,,23.3144010901,91.3299929454,Tripura,456.641719868284,8899.23290629196,Hydrological Layer,SAC N,Tank/Pond
4709,4709,1202,,No,Moderate,Inland,Man-made,,0.583995973457378,,23.3465854114,91.3260952071,Tripura,342.993624328883,5839.95973457378,Hydrological Layer,SAC N,Tank/Pond
4719,4719,1202,,No,Moderate,Inland,Man-made,,0.405368463265528,,23.3779097868,91.282474345,Tripura,336.39846952389,4053.68463265528,Hydrological Layer,SAC N,Tank/Pond
4710,4710,1202,,No,Moderate,Inland,Man-made,,2.57086395423439,,23.3474020063,91.3356091961,Tripura,1849.75562067671,25708.6395423439,Hydrological Layer,SAC N,Tank/Pond
4711,4711,1202,,No,Moderate,Inland,Man-made,,1.13737647767963,,23.3550989723,91.3322676668,Tripura,977.127963294492,11373.7647767963,Hydrological Layer,SAC N,Tank/Pond
4712,4712,1202,,No,Moderate,Inland,Man-made,,1.02453874690971,,23.366914778,91.326220148,Tripura,486.432882480125,10245.3874690971,Hydrological Layer,SAC N,Tank/Pond
4714,4714,1202,,No,Moderate,Inland,Man-made,,1.1551419865028,,23.3644294115,91.3282392741,Tripura,755.590391016206,11551.419865028,Hydrological Layer,SAC N,Tank/Pond
4715,4715,1202,,No,Moderate,Inland,Man-made,,0.827339690553648,,23.3606717967,91.3098218464,Tripura,478.159334313696,8273.39690553648,Hydrological Layer,SAC N,Tank/Pond
4716,4716,1202,,No,Moderate,Inland,Man-made,,0.815475291398687,,23.3637104038,91.3116093397,Tripura,384.24928064088,8154.75291398687,Hydrological Layer,SAC N,Tank/Pond
4717,4717,1202,,No,Moderate,Inland,Man-made,,2.72983483828522,,23.3677727017,91.3138135736,Tripura,1544.38454234301,27298.3483828522,Hydrological Layer,SAC N,Tank/Pond
4718,4718,1202,,No,Moderate,Inland,Man-made,,0.765214081312316,,23.379199563,91.2811956259,Tripura,446.649441763313,7652.14081312316,Hydrological Layer,SAC N,Tank/Pond
4720,4720,1202,,No,Moderate,Inland,Man-made,,0.503881100132972,,23.3785395033,91.282013278,Tripura,376.415238279044,5038.81100132972,Hydrological Layer,SAC N,Tank/Pond
4721,4721,1202,,No,Moderate,Inland,Man-made,,0.599490063985543,,23.3834223854,91.2858868135,Tripura,384.580820929297,5994.90063985543,Hydrological Layer,SAC N,Tank/Pond
4722,4722,1202,,No,Moderate,Inland,Man-made,,0.66783381065671,,23.3802208384,91.291949635,Tripura,374.693501905409,6678.3381065671,Hydrological Layer,SAC N,Tank/Pond
4723,4723,1202,,No,Moderate,Inland,Man-made,,1.25932014674394,,23.3674226106,91.350863409,Tripura,1134.43182885823,12593.2014674394,Hydrological Layer,SAC N,Tank/Pond
4850,4850,1202,,No,Moderate,Inland,Man-made,,0.32956233679177,,23.5243956411,91.6959359895,Tripura,266.925027150324,3295.6233679177,Hydrological Layer,SAC N,Tank/Pond
4724,4724,1202,,No,Moderate,Inland,Man-made,,0.740903575924971,,23.3703436515,91.3581414263,Tripura,370.5823262742,7409.03575924971,Hydrological Layer,SAC N,Tank/Pond
4726,4726,1202,,No,Moderate,Inland,Man-made,,0.537539862351472,,23.3758321939,91.3553916553,Tripura,330.177231788509,5375.39862351472,Hydrological Layer,SAC N,Tank/Pond
4727,4727,1202,,No,Moderate,Inland,Man-made,,1.05036706227814,,23.3710038834,91.3628539455,Tripura,763.9609817332,10503.6706227814,Hydrological Layer,SAC N,Tank/Pond
4728,4728,1202,,No,Moderate,Inland,Man-made,,0.405609679375876,,23.3676570041,91.3655261146,Tripura,311.37177022026,4056.09679375876,Hydrological Layer,SAC N,Tank/Pond
4731,4731,1202,,No,Moderate,Inland,Man-made,,1.49019769907429,,23.3918721788,91.3448348571,Tripura,870.767412023273,14901.9769907429,Hydrological Layer,SAC N,Tank/Pond
4732,4732,1202,,No,Moderate,Inland,Man-made,,0.518934971922654,,23.3913995306,91.3146982782,Tripura,285.446683726134,5189.34971922654,Hydrological Layer,SAC N,Tank/Pond
4733,4733,1202,,No,Moderate,Inland,Man-made,,0.43436715038004,,23.3900170718,91.3150780685,Tripura,285.494070682121,4343.6715038004,Hydrological Layer,SAC N,Tank/Pond
4734,4734,1202,,No,Moderate,Inland,Man-made,,2.36507314427975,,23.3413307514,91.3090501837,Tripura,837.402221452089,23650.7314427975,Hydrological Layer,SAC N,Tank/Pond
4735,4735,1202,,No,Moderate,Inland,Man-made,,0.4320172267595,,23.3409049421,91.3113881492,Tripura,283.191994591289,4320.172267595,Hydrological Layer,SAC N,Tank/Pond
4736,4736,1202,,No,Moderate,Inland,Man-made,,1.26365646251596,,23.3401447721,91.3119304016,Tripura,670.004452381139,12636.5646251596,Hydrological Layer,SAC N,Tank/Pond
4737,4737,1202,,No,Moderate,Inland,Man-made,,0.451796186382847,,23.3470321684,91.3137078818,Tripura,345.690172858311,4517.96186382847,Hydrological Layer,SAC N,Tank/Pond
4738,4738,1202,,No,Moderate,Inland,Man-made,,0.42432994513085,,23.3410167775,91.3306722668,Tripura,255.426842983011,4243.2994513085,Hydrological Layer,SAC N,Tank/Pond
4739,4739,1202,,No,Moderate,Inland,Man-made,,0.976515464474367,,23.342531942,91.3330212974,Tripura,586.310434277797,9765.15464474367,Hydrological Layer,SAC N,Tank/Pond
4740,4740,1202,,No,Moderate,Inland,Man-made,,0.510122957179032,,23.3439325687,91.3335570306,Tripura,286.386775347175,5101.22957179032,Hydrological Layer,SAC N,Tank/Pond
4741,4741,1202,,No,Moderate,Inland,Man-made,,0.410903111861766,,23.3549724384,91.336822008,Tripura,302.473271216323,4109.03111861766,Hydrological Layer,SAC N,Tank/Pond
4742,4742,1202,,No,Moderate,Inland,Man-made,,0.551944229394766,,23.3457692403,91.4420488952,Tripura,538.135957217138,5519.44229394766,Hydrological Layer,SAC N,Tank/Pond
4743,4743,1202,,No,Moderate,Inland,Man-made,,0.303543887075268,,23.3318694731,91.4414882841,Tripura,303.291331960001,3035.43887075268,Hydrological Layer,SAC N,Tank/Pond
4744,4744,1202,,No,Moderate,Inland,Man-made,,0.541437050579604,,23.3275666406,91.445783549,Tripura,370.929161631117,5414.37050579604,Hydrological Layer,SAC N,Tank/Pond
4745,4745,1202,,No,Moderate,Inland,Man-made,,0.880183370477215,,23.3097793575,91.473982708,Tripura,802.765977234564,8801.83370477215,Hydrological Layer,SAC N,Tank/Pond
4755,4755,1202,,No,Moderate,Inland,Man-made,,0.378711132300109,,23.3935643149,91.4723828144,Tripura,366.66297785481,3787.11132300109,Hydrological Layer,SAC N,Tank/Pond
4894,4894,1202,,No,Moderate,Inland,Man-made,,0.818256887013045,,23.2689086779,91.3934718177,Tripura,391.721804975267,8182.56887013045,Hydrological Layer,SAC N,Tank/Pond
4746,4746,1202,,No,Moderate,Inland,Man-made,,0.715731771457621,,23.3147674003,91.4797131096,Tripura,889.837107664872,7157.31771457621,Hydrological Layer,SAC N,Tank/Pond
4747,4747,1202,,No,Moderate,Inland,Man-made,,0.508097536058486,,23.3073617336,91.478228866,Tripura,517.475724928061,5080.97536058486,Hydrological Layer,SAC N,Tank/Pond
4748,4748,1202,,No,Moderate,Inland,Man-made,,0.571301913758662,,23.3047634855,91.4833878503,Tripura,326.209086741205,5713.01913758662,Hydrological Layer,SAC N,Tank/Pond
4749,4749,1202,,No,Moderate,Inland,Man-made,,0.255837656629081,,23.3056650646,91.4823928011,Tripura,195.089859613417,2558.37656629081,Hydrological Layer,SAC N,Tank/Pond
4769,4769,1202,,No,Moderate,Inland,Man-made,,0.930067966061229,,23.4683855548,91.4409166273,Tripura,516.634627668094,9300.67966061229,Hydrological Layer,SAC N,Tank/Pond
4750,4750,1202,,No,Moderate,Inland,Man-made,,0.630630603505113,,23.3158389387,91.4974188981,Tripura,760.068373384296,6306.30603505113,Hydrological Layer,SAC N,Tank/Pond
4751,4751,1202,,No,Moderate,Inland,Man-made,,0.533786340500997,,23.360673885,91.4411574472,Tripura,584.246141704473,5337.86340500997,Hydrological Layer,SAC N,Tank/Pond
4752,4752,1202,,No,Moderate,Inland,Man-made,,0.149378234634277,,23.3589056259,91.440880786,Tripura,186.301335047059,1493.78234634277,Hydrological Layer,SAC N,Tank/Pond
4753,4753,1202,,No,Moderate,Inland,Man-made,,1.12581026623897,,23.3856110274,91.4763472108,Tripura,939.468266733227,11258.1026623897,Hydrological Layer,SAC N,Tank/Pond
4754,4754,1202,,No,Moderate,Inland,Man-made,,0.382193799632283,,23.3716433255,91.4485676114,Tripura,394.862566475802,3821.93799632283,Hydrological Layer,SAC N,Tank/Pond
4831,4831,1202,,No,Moderate,Inland,Man-made,,0.93545831071957,,23.4700233156,91.5791748134,Tripura,452.358454754889,9354.5831071957,Hydrological Layer,SAC N,Tank/Pond
4756,4756,1202,,No,Moderate,Inland,Man-made,,1.48900912942805,,23.3938369094,91.4746073393,Tripura,943.12041893144,14890.0912942805,Hydrological Layer,SAC N,Tank/Pond
4757,4757,1202,,No,Moderate,Inland,Man-made,,0.852989316185427,,23.3928998296,91.4582965771,Tripura,561.485515383969,8529.89316185427,Hydrological Layer,SAC N,Tank/Pond
4758,4758,1202,,No,Moderate,Inland,Man-made,,0.621442838035729,,23.4001820989,91.4618551945,Tripura,441.97770008948,6214.42838035729,Hydrological Layer,SAC N,Tank/Pond
4759,4759,1202,,No,Moderate,Inland,Man-made,,0.742307779616594,,23.3996854711,91.4649220035,Tripura,583.95546946042,7423.07779616594,Hydrological Layer,SAC N,Tank/Pond
4760,4760,1202,,No,Moderate,Inland,Man-made,,0.663779376698458,,23.4016681851,91.4662504148,Tripura,764.937778117398,6637.79376698458,Hydrological Layer,SAC N,Tank/Pond
4761,4761,1202,,No,Moderate,Inland,Man-made,,1.18088298879554,,23.4032595438,91.4531048534,Tripura,507.8335109658,11808.8298879554,Hydrological Layer,SAC N,Tank/Pond
4762,4762,1202,,No,Moderate,Inland,Man-made,,0.545642938387982,,23.4136475071,91.4429474991,Tripura,313.193711010401,5456.42938387982,Hydrological Layer,SAC N,Tank/Pond
4763,4763,1202,,No,Moderate,Inland,Man-made,,3.59784851215654,,23.4743602563,91.4331331767,Tripura,2326.53648123482,35978.4851215654,Hydrological Layer,SAC N,Tank/Pond
4764,4764,1202,,No,Moderate,Inland,Man-made,,0.767633194600958,,23.4803818699,91.4169184994,Tripura,328.206458683935,7676.33194600958,Hydrological Layer,SAC N,Tank/Pond
4765,4765,1202,,No,Moderate,Inland,Man-made,,1.22938085617692,,23.475375433,91.4218253509,Tripura,670.246063099824,12293.8085617692,Hydrological Layer,SAC N,Tank/Pond
4766,4766,1202,,No,Moderate,Inland,Man-made,,0.764777167956093,,23.4770452081,91.4248450149,Tripura,493.507385812595,7647.77167956093,Hydrological Layer,SAC N,Tank/Pond
4767,4767,1202,,No,Moderate,Inland,Man-made,,0.462081120550492,,23.479442523,91.4251283524,Tripura,356.30690996713,4620.81120550492,Hydrological Layer,SAC N,Tank/Pond
4768,4768,1202,,No,Moderate,Inland,Man-made,,1.04855366904827,,23.4684305905,91.4370818251,Tripura,607.051742833352,10485.5366904827,Hydrological Layer,SAC N,Tank/Pond
4794,4794,1202,,No,Moderate,Inland,Man-made,,0.682026666210829,,23.445061741,91.464212774,Tripura,404.177742398938,6820.26666210829,Hydrological Layer,SAC N,Tank/Pond
4770,4770,1202,,No,Moderate,Inland,Man-made,,1.23141979168329,,23.4693990041,91.4391615615,Tripura,702.080400893205,12314.1979168329,Hydrological Layer,SAC N,Tank/Pond
4771,4771,1202,,No,Moderate,Inland,Man-made,,1.33676093194985,,23.464075999,91.4352083113,Tripura,549.799080003133,13367.6093194985,Hydrological Layer,SAC N,Tank/Pond
4772,4772,1202,,No,Moderate,Inland,Man-made,,0.504651125888088,,23.4659926425,91.4347399678,Tripura,307.7886595597,5046.51125888088,Hydrological Layer,SAC N,Tank/Pond
4773,4773,1202,,No,Moderate,Inland,Man-made,,3.0264166844865,,23.4586955497,91.4347143723,Tripura,1289.5040906283,30264.166844865,Hydrological Layer,SAC N,Tank/Pond
4774,4774,1202,,No,Moderate,Inland,Man-made,,0.623145548919284,,23.4595612611,91.444881861,Tripura,385.56062545106,6231.45548919284,Hydrological Layer,SAC N,Tank/Pond
4775,4775,1202,,No,Moderate,Inland,Man-made,,0.437819519531523,,23.4593990635,91.4478902156,Tripura,327.65554134086,4378.19519531523,Hydrological Layer,SAC N,Tank/Pond
4776,4776,1202,,No,Moderate,Inland,Man-made,,2.16834227303525,,23.4505777448,91.4552896321,Tripura,1068.59784113675,21683.4227303525,Hydrological Layer,SAC N,Tank/Pond
4777,4777,1202,,No,Moderate,Inland,Man-made,,1.02534409933004,,23.4496397175,91.4512095565,Tripura,513.715123258314,10253.4409933004,Hydrological Layer,SAC N,Tank/Pond
4778,4778,1202,,No,Moderate,Inland,Man-made,,0.759767622128539,,23.4724532238,91.4218193824,Tripura,391.64049898947,7597.67622128539,Hydrological Layer,SAC N,Tank/Pond
4779,4779,1202,,No,Moderate,Inland,Man-made,,1.073533432601,,23.4690377134,91.4263417105,Tripura,598.28407786543,10735.33432601,Hydrological Layer,SAC N,Tank/Pond
4780,4780,1202,,No,Moderate,Inland,Man-made,,0.717477999950061,,23.4693953629,91.4289014766,Tripura,586.725866093473,7174.77999950061,Hydrological Layer,SAC N,Tank/Pond
4781,4781,1202,,No,Moderate,Inland,Man-made,,0.555915450954942,,23.4658899508,91.4294751773,Tripura,363.715116770087,5559.15450954942,Hydrological Layer,SAC N,Tank/Pond
4795,4795,1202,,No,Moderate,Inland,Man-made,,0.594539206738094,,23.4392096574,91.4785747095,Tripura,385.15850647686,5945.39206738094,Hydrological Layer,SAC N,Tank/Pond
4782,4782,1202,,No,Moderate,Inland,Man-made,,0.671142533606351,,23.486063231,91.4211607731,Tripura,367.060521061878,6711.42533606351,Hydrological Layer,SAC N,Tank/Pond
4783,4783,1202,,No,Moderate,Inland,Man-made,,0.477223972603616,,23.483373156,91.4160371097,Tripura,313.803589489042,4772.23972603616,Hydrological Layer,SAC N,Tank/Pond
4784,4784,1202,,No,Moderate,Inland,Man-made,,0.386066299802547,,23.4851676142,91.4156857717,Tripura,291.296550164705,3860.66299802547,Hydrological Layer,SAC N,Tank/Pond
4785,4785,1202,,No,Moderate,Inland,Man-made,,4.08681922721225,,23.4681810437,91.4541764186,Tripura,2146.06780193404,40868.1922721225,Hydrological Layer,SAC N,Tank/Pond
4786,4786,1202,,No,Moderate,Inland,Man-made,,1.08444686233884,,23.4696394218,91.4491205387,Tripura,598.128289207351,10844.4686233884,Hydrological Layer,SAC N,Tank/Pond
4787,4787,1202,,No,Moderate,Inland,Man-made,,2.09509743541329,,23.4552380262,91.4387020642,Tripura,860.246391464354,20950.9743541329,Hydrological Layer,SAC N,Tank/Pond
4788,4788,1202,,No,Moderate,Inland,Man-made,,2.43137646439146,,23.457119439,91.4395899863,Tripura,1277.9354852541,24313.7646439146,Hydrological Layer,SAC N,Tank/Pond
4789,4789,1202,,No,Moderate,Inland,Man-made,,0.591686799520667,,23.4613149922,91.4404254077,Tripura,362.877816611409,5916.86799520667,Hydrological Layer,SAC N,Tank/Pond
4790,4790,1202,,No,Moderate,Inland,Man-made,,0.814867557741869,,23.456441568,91.4453989988,Tripura,424.032051126179,8148.67557741869,Hydrological Layer,SAC N,Tank/Pond
4792,4792,1202,,No,Moderate,Inland,Man-made,,0.934247018011232,,23.4476895817,91.467986819,Tripura,550.673766442775,9342.47018011232,Hydrological Layer,SAC N,Tank/Pond
4793,4793,1202,,No,Moderate,Inland,Man-made,,1.14080491220131,,23.4495145112,91.4641092018,Tripura,637.900920174455,11408.0491220131,Hydrological Layer,SAC N,Tank/Pond
4798,4798,1202,,No,Moderate,Inland,Man-made,,0.937504540266803,,23.457302423,91.4802928118,Tripura,795.263288911985,9375.04540266803,Hydrological Layer,SAC N,Tank/Pond
4799,4799,1202,,No,Moderate,Inland,Man-made,,1.17979336568141,,23.4605338396,91.4825961095,Tripura,772.031413941978,11797.9336568141,Hydrological Layer,SAC N,Tank/Pond
4800,4800,1202,,No,Moderate,Inland,Man-made,,0.793595346335205,,23.4593642818,91.4770375796,Tripura,443.562621326399,7935.95346335205,Hydrological Layer,SAC N,Tank/Pond
4801,4801,1202,,No,Moderate,Inland,Man-made,,1.27958838008828,,23.4528148255,91.4679792517,Tripura,506.008229700362,12795.8838008828,Hydrological Layer,SAC N,Tank/Pond
4802,4802,1202,,No,Moderate,Inland,Man-made,,1.6024951697598,,23.4564407595,91.4666255013,Tripura,676.457097036724,16024.951697598,Hydrological Layer,SAC N,Tank/Pond
4803,4803,1202,,No,Moderate,Inland,Man-made,,1.47881387099134,,23.4625859955,91.470384492,Tripura,779.890203413656,14788.1387099134,Hydrological Layer,SAC N,Tank/Pond
4804,4804,1202,,No,Moderate,Inland,Man-made,,1.60554752488738,,23.4731712383,91.4548284952,Tripura,1101.27588591034,16055.4752488738,Hydrological Layer,SAC N,Tank/Pond
4826,4826,1202,,No,Moderate,Inland,Man-made,,0.649979600909239,,23.4880786391,91.5692714055,Tripura,414.515917997234,6499.79600909239,Hydrological Layer,SAC N,Tank/Pond
4805,4805,1202,,No,Moderate,Inland,Man-made,,1.74038609621447,,23.4746202016,91.444372892,Tripura,811.149428519276,17403.8609621447,Hydrological Layer,SAC N,Tank/Pond
4806,4806,1202,,No,Moderate,Inland,Man-made,,0.96507604839247,,23.4701004749,91.4426098944,Tripura,526.575765588152,9650.7604839247,Hydrological Layer,SAC N,Tank/Pond
4833,4833,1202,,No,Moderate,Inland,Man-made,,1.00514339871296,,23.5224159046,91.6552773735,Tripura,425.728215528011,10051.4339871296,Hydrological Layer,SAC N,Tank/Pond
4807,4807,1202,,No,Moderate,Inland,Man-made,,0.981822276471665,,23.4706562862,91.4410281621,Tripura,662.554097168385,9818.22276471665,Hydrological Layer,SAC N,Tank/Pond
4808,4808,1202,,No,Moderate,Inland,Man-made,,1.52031719437657,,23.4932096958,91.5313421265,Tripura,1060.00113444534,15203.1719437657,Hydrological Layer,SAC N,Tank/Pond
4818,4818,1202,,No,Moderate,Inland,Man-made,,0.152636178964591,,23.4756907689,91.5089359844,Tripura,150.669172056088,1526.36178964591,Hydrological Layer,SAC N,Tank/Pond
4809,4809,1202,,No,Moderate,Inland,Man-made,,0.571281902660728,,23.469128698,91.5446629861,Tripura,400.602309445875,5712.81902660728,Hydrological Layer,SAC N,Tank/Pond
4810,4810,1202,,No,Moderate,Inland,Man-made,,1.63220493019612,,23.4706430902,91.5413434357,Tripura,1368.46441265764,16322.0493019612,Hydrological Layer,SAC N,Tank/Pond
4811,4811,1202,,No,Moderate,Inland,Man-made,,0.524024535299684,,23.4669263142,91.5294666696,Tripura,378.127327828716,5240.24535299684,Hydrological Layer,SAC N,Tank/Pond
4812,4812,1202,,No,Moderate,Inland,Man-made,,0.524616965301849,,23.4684172788,91.529237757,Tripura,430.312764424112,5246.16965301849,Hydrological Layer,SAC N,Tank/Pond
4813,4813,1202,,No,Moderate,Inland,Man-made,,1.2111311531539,,23.4683079704,91.5166271522,Tripura,1128.31621512686,12111.311531539,Hydrological Layer,SAC N,Tank/Pond
4814,4814,1202,,No,Moderate,Inland,Man-made,,1.06587323029895,,23.4691634267,91.5231886959,Tripura,870.699668903682,10658.7323029895,Hydrological Layer,SAC N,Tank/Pond
4815,4815,1202,,No,Moderate,Inland,Man-made,,0.440403526818401,,23.4739878301,91.5204892848,Tripura,273.378663474329,4404.03526818401,Hydrological Layer,SAC N,Tank/Pond
4816,4816,1202,,No,Moderate,Inland,Man-made,,0.204358541180322,,23.4735248149,91.51861733,Tripura,212.608651372923,2043.58541180322,Hydrological Layer,SAC N,Tank/Pond
4832,4832,1202,,No,Moderate,Inland,Man-made,,1.80673299033631,,23.5146495201,91.657322033,Tripura,802.236398796711,18067.3299033631,Hydrological Layer,SAC N,Tank/Pond
4817,4817,1202,,No,Moderate,Inland,Man-made,,1.8245362795635,,23.4753412612,91.5062577715,Tripura,1171.18923396003,18245.362795635,Hydrological Layer,SAC N,Tank/Pond
4819,4819,1202,,No,Moderate,Inland,Man-made,,0.340083051259239,,23.4760758142,91.5103569495,Tripura,347.31223597217,3400.83051259239,Hydrological Layer,SAC N,Tank/Pond
4820,4820,1202,,No,Moderate,Inland,Man-made,,1.11823686177873,,23.4782219787,91.5185668849,Tripura,633.003439842344,11182.3686177873,Hydrological Layer,SAC N,Tank/Pond
4821,4821,1202,,No,Moderate,Inland,Man-made,,0.370351607424211,,23.477586835,91.5171080678,Tripura,398.683029674745,3703.51607424211,Hydrological Layer,SAC N,Tank/Pond
4822,4822,1202,,No,Moderate,Inland,Man-made,,0.61787260002462,,23.4982305183,91.5855086866,Tripura,461.890976397628,6178.7260002462,Hydrological Layer,SAC N,Tank/Pond
4823,4823,1202,,No,Moderate,Inland,Man-made,,0.293719647822265,,23.4988184081,91.5826649185,Tripura,216.063573840486,2937.19647822265,Hydrological Layer,SAC N,Tank/Pond
4824,4824,1202,,No,Moderate,Inland,Man-made,,2.11126928827132,,23.4891382334,91.5649546545,Tripura,807.470338474295,21112.6928827132,Hydrological Layer,SAC N,Tank/Pond
4825,4825,1202,,No,Moderate,Inland,Man-made,,0.471892109943223,,23.4916082159,91.5672398118,Tripura,343.088757884445,4718.92109943223,Hydrological Layer,SAC N,Tank/Pond
4827,4827,1202,,No,Moderate,Inland,Man-made,,1.36123263858452,,23.4875928792,91.5717381502,Tripura,695.125371766909,13612.3263858452,Hydrological Layer,SAC N,Tank/Pond
4828,4828,1202,,No,Moderate,Inland,Man-made,,1.313924308376,,23.4846031689,91.5829472018,Tripura,998.180772358133,13139.24308376,Hydrological Layer,SAC N,Tank/Pond
4829,4829,1202,,No,Moderate,Inland,Man-made,,1.16357894881769,,23.4668639474,91.5692690691,Tripura,481.511630486794,11635.7894881769,Hydrological Layer,SAC N,Tank/Pond
4830,4830,1202,,No,Moderate,Inland,Man-made,,0.989062080162437,,23.4722704993,91.573721286,Tripura,477.188319791905,9890.62080162437,Hydrological Layer,SAC N,Tank/Pond
4834,4834,1202,,No,Moderate,Inland,Man-made,,1.50759437634256,,23.5204834578,91.6560195276,Tripura,641.710817927517,15075.9437634256,Hydrological Layer,SAC N,Tank/Pond
4848,4848,1202,,No,Moderate,Inland,Man-made,,0.292071448834625,,23.5203816849,91.6953435072,Tripura,247.15194886195,2920.71448834625,Hydrological Layer,SAC N,Tank/Pond
4835,4835,1202,,No,Moderate,Inland,Man-made,,0.945848391360067,,23.5171392536,91.6719994354,Tripura,486.693506253662,9458.48391360067,Hydrological Layer,SAC N,Tank/Pond
4836,4836,1202,,No,Moderate,Inland,Man-made,,1.88901916694518,,23.5119206796,91.6605372099,Tripura,683.715396404295,18890.1916694518,Hydrological Layer,SAC N,Tank/Pond
4837,4837,1202,,No,Moderate,Inland,Man-made,,1.85968677531274,,23.5144725809,91.6598939927,Tripura,885.03498854881,18596.8677531274,Hydrological Layer,SAC N,Tank/Pond
4838,4838,1202,,No,Moderate,Inland,Man-made,,1.06486167343067,,23.5287515658,91.6673250076,Tripura,433.446968110632,10648.6167343067,Hydrological Layer,SAC N,Tank/Pond
4839,4839,1202,,No,Moderate,Inland,Man-made,,1.83375518216095,,23.5234081376,91.6677713994,Tripura,619.184783327593,18337.5518216095,Hydrological Layer,SAC N,Tank/Pond
4840,4840,1202,,No,Moderate,Inland,Man-made,,1.73305385903459,,23.5105826414,91.6755761759,Tripura,1038.70715717212,17330.5385903459,Hydrological Layer,SAC N,Tank/Pond
4841,4841,1202,,No,Moderate,Inland,Man-made,,1.13832249369446,,23.5142324987,91.680187769,Tripura,584.662997946695,11383.2249369446,Hydrological Layer,SAC N,Tank/Pond
4842,4842,1202,,No,Moderate,Inland,Man-made,,0.93594718021908,,23.5104985295,91.6847558418,Tripura,429.853026043539,9359.4718021908,Hydrological Layer,SAC N,Tank/Pond
4843,4843,1202,,No,Moderate,Inland,Man-made,,0.960015065679138,,23.5125669554,91.6782118207,Tripura,426.092080173607,9600.15065679137,Hydrological Layer,SAC N,Tank/Pond
4845,4845,1202,,No,Moderate,Inland,Man-made,,2.62083709463116,,23.5067747066,91.6923880322,Tripura,1550.15173110418,26208.3709463116,Hydrological Layer,SAC N,Tank/Pond
4846,4846,1202,,No,Moderate,Inland,Man-made,,0.68452284183595,,23.5075357236,91.6951330739,Tripura,440.436275542927,6845.2284183595,Hydrological Layer,SAC N,Tank/Pond
4847,4847,1202,,No,Moderate,Inland,Man-made,,0.588015811599793,,23.5084995131,91.6953561983,Tripura,427.133932668697,5880.15811599793,Hydrological Layer,SAC N,Tank/Pond
4851,4851,1202,,No,Moderate,Inland,Man-made,,0.438963956623826,,23.544197357,91.7049709137,Tripura,265.297253947098,4389.63956623826,Hydrological Layer,SAC N,Tank/Pond
4852,4852,1202,,No,Moderate,Inland,Man-made,,2.91598525693442,,23.5414605478,91.7083821748,Tripura,1465.91757284127,29159.8525693442,Hydrological Layer,SAC N,Tank/Pond
4853,4853,1202,,No,Moderate,Inland,Man-made,,1.07084883955453,,23.553531164,91.6744724377,Tripura,874.790287933989,10708.4883955453,Hydrological Layer,SAC N,Tank/Pond
4854,4854,1202,,No,Moderate,Inland,Man-made,,0.961980385407758,,23.5554097718,91.6833302668,Tripura,834.321386344699,9619.80385407758,Hydrological Layer,SAC N,Tank/Pond
4855,4855,1202,,No,Moderate,Inland,Man-made,,0.610208090924738,,23.5526297921,91.6783895395,Tripura,558.44368505945,6102.08090924738,Hydrological Layer,SAC N,Tank/Pond
4904,4904,1202,,No,Moderate,Inland,Man-made,,0.26638274140256,,23.2354714528,91.5017357596,Tripura,224.783167222619,2663.8274140256,Hydrological Layer,SAC N,Tank/Pond
4856,4856,1202,,No,Moderate,Inland,Man-made,,1.13583683488585,,23.5569388241,91.6872753193,Tripura,802.210569588168,11358.3683488585,Hydrological Layer,SAC N,Tank/Pond
4857,4857,1202,,No,Moderate,Inland,Man-made,,1.09795280757064,,23.5677836013,91.6711427667,Tripura,822.210037465349,10979.5280757064,Hydrological Layer,SAC N,Tank/Pond
4858,4858,1202,,No,Moderate,Inland,Man-made,,0.963881149714695,,23.5693491835,91.6723381595,Tripura,802.689305724305,9638.81149714695,Hydrological Layer,SAC N,Tank/Pond
4866,4866,1202,,No,Moderate,Inland,Man-made,,1.18482784814312,,23.6012175544,91.8095144306,Tripura,797.310482470946,11848.2784814312,Hydrological Layer,SAC N,Tank/Pond
4859,4859,1202,,No,Moderate,Inland,Man-made,,1.63249178696781,,23.5676244773,91.8076200284,Tripura,922.790355403812,16324.9178696781,Hydrological Layer,SAC N,Tank/Pond
4860,4860,1202,,No,Moderate,Inland,Man-made,,2.14644251493214,,23.5670585217,91.832956729,Tripura,1865.59152439534,21464.4251493214,Hydrological Layer,SAC N,Tank/Pond
4861,4861,1202,,No,Moderate,Inland,Man-made,,0.515542606412806,,23.5710428914,91.8011432457,Tripura,437.50573665672,5155.42606412806,Hydrological Layer,SAC N,Tank/Pond
4862,4862,1202,,No,Moderate,Inland,Man-made,,0.499137250940076,,23.5751078904,91.7973073994,Tripura,472.461779166554,4991.37250940076,Hydrological Layer,SAC N,Tank/Pond
4863,4863,1202,,No,Moderate,Inland,Man-made,,2.96032058630559,,23.5923970387,91.8215902939,Tripura,1771.65373024756,29603.2058630559,Hydrological Layer,SAC N,Tank/Pond
4864,4864,1202,,No,Moderate,Inland,Man-made,,10.8980784830034,,23.587984968,91.8170422774,Tripura,1872.34160757699,108980.784830034,Hydrological Layer,SAC N,Tank/Pond
4865,4865,1202,,No,Moderate,Inland,Man-made,,1.9378490887725,,23.5914814921,91.8180337212,Tripura,1175.16118452684,19378.490887725,Hydrological Layer,SAC N,Tank/Pond
4948,4948,1202,,No,Moderate,Inland,Man-made,,0.39199218076684,,23.2273148021,91.6158922993,Tripura,281.278244033832,3919.9218076684,Hydrological Layer,SAC N,Tank/Pond
4887,4887,1202,,No,Moderate,Inland,Man-made,,2.96058936904623,,23.2604010676,91.4053037648,Tripura,1346.69381201037,29605.8936904623,Hydrological Layer,SAC N,Tank/Pond
4867,4867,1202,,No,Moderate,Inland,Man-made,,1.99672597892482,,23.6021417845,91.8138000829,Tripura,1262.22151176845,19967.2597892482,Hydrological Layer,SAC N,Tank/Pond
4868,4868,1202,,No,Moderate,Inland,Man-made,,0.206378608319006,,23.6013250635,91.8166194018,Tripura,207.815654645067,2063.78608319006,Hydrological Layer,SAC N,Tank/Pond
4869,4869,1202,,No,Moderate,Inland,Man-made,,0.302861296999585,,23.6021131118,91.8171024666,Tripura,212.480745236748,3028.61296999585,Hydrological Layer,SAC N,Tank/Pond
4870,4870,1202,,No,Moderate,Inland,Man-made,,0.344353306541208,,23.5807308398,91.8121076377,Tripura,246.302339534318,3443.53306541208,Hydrological Layer,SAC N,Tank/Pond
4871,4871,1202,,No,Moderate,Inland,Man-made,,1.55885683087622,,23.5838146004,91.8131727303,Tripura,824.9528737621,15588.5683087622,Hydrological Layer,SAC N,Tank/Pond
4872,4872,1202,,No,Moderate,Inland,Man-made,,0.762061210960198,,23.578877899,91.8189516041,Tripura,455.690095109178,7620.61210960198,Hydrological Layer,SAC N,Tank/Pond
4873,4873,1202,,No,Moderate,Inland,Man-made,,2.7243732160884,,23.5140573649,91.8472082342,Tripura,1031.16083345063,27243.732160884,Hydrological Layer,SAC N,Tank/Pond
4874,4874,1202,,No,Moderate,Inland,Man-made,,4.66447233466672,,23.5162415892,91.847261532,Tripura,1808.5780399417,46644.7233466672,Hydrological Layer,SAC N,Tank/Pond
4875,4875,1202,,No,Moderate,Inland,Man-made,,4.21362927410146,,23.5160945393,91.8496368068,Tripura,1134.65601897078,42136.2927410146,Hydrological Layer,SAC N,Tank/Pond
4888,4888,1202,,No,Moderate,Inland,Man-made,,0.243890175933044,,23.2587297138,91.4071384028,Tripura,202.572429387606,2438.90175933044,Hydrological Layer,SAC N,Tank/Pond
4876,4876,1202,,No,Moderate,Inland,Man-made,,1.50473302517532,,23.2477662932,91.3699574597,Tripura,794.011073741313,15047.3302517532,Hydrological Layer,SAC N,Tank/Pond
4877,4877,1202,,No,Moderate,Inland,Man-made,,0.712350502320893,,23.245412575,91.3706242889,Tripura,517.214312992066,7123.50502320893,Hydrological Layer,SAC N,Tank/Pond
4878,4878,1202,,No,Moderate,Inland,Man-made,,0.732016002187738,,23.236267301,91.3666032608,Tripura,585.510556294378,7320.16002187738,Hydrological Layer,SAC N,Tank/Pond
4905,4905,1202,,No,Moderate,Inland,Man-made,,0.428906133860053,,23.2352352187,91.5025207408,Tripura,288.119917750434,4289.06133860053,Hydrological Layer,SAC N,Tank/Pond
4879,4879,1202,,No,Moderate,Inland,Man-made,,0.569295422391226,,23.2310489332,91.3629739309,Tripura,464.986994678274,5692.95422391226,Hydrological Layer,SAC N,Tank/Pond
4880,4880,1202,,No,Moderate,Inland,Man-made,,0.560490765047293,,23.2500190335,91.3348237853,Tripura,492.927597137311,5604.90765047293,Hydrological Layer,SAC N,Tank/Pond
4881,4881,1202,,No,Moderate,Inland,Man-made,,0.369000337821189,,23.2490387281,91.3521007102,Tripura,331.789633535397,3690.00337821189,Hydrological Layer,SAC N,Tank/Pond
4882,4882,1202,,No,Moderate,Inland,Man-made,,0.478490035310027,,23.2510817087,91.354645664,Tripura,499.567951891284,4784.90035310027,Hydrological Layer,SAC N,Tank/Pond
4883,4883,1202,,No,Moderate,Inland,Man-made,,0.684945885452191,,23.2498991973,91.3536986922,Tripura,578.653517778564,6849.45885452191,Hydrological Layer,SAC N,Tank/Pond
4949,4949,1202,,No,Moderate,Inland,Man-made,,0.329789238211539,,23.2255427704,91.6158660824,Tripura,240.477119108078,3297.89238211539,Hydrological Layer,SAC N,Tank/Pond
4884,4884,1202,,No,Moderate,Inland,Man-made,,0.5873511186954,,23.2395668803,91.3881988323,Tripura,434.607053135629,5873.511186954,Hydrological Layer,SAC N,Tank/Pond
4885,4885,1202,,No,Moderate,Inland,Man-made,,0.21684350439394,,23.2400963295,91.3899274615,Tripura,173.373558887821,2168.4350439394,Hydrological Layer,SAC N,Tank/Pond
4886,4886,1202,,No,Moderate,Inland,Man-made,,0.707137814034004,,23.2434921281,91.3910712895,Tripura,373.724130791331,7071.37814034004,Hydrological Layer,SAC N,Tank/Pond
4889,4889,1202,,No,Moderate,Inland,Man-made,,1.05492114081679,,23.2601067772,91.408075432,Tripura,530.417931882437,10549.2114081679,Hydrological Layer,SAC N,Tank/Pond
4890,4890,1202,,No,Moderate,Inland,Man-made,,0.185147389732373,,23.2611723457,91.4078622107,Tripura,180.147966826945,1851.47389732373,Hydrological Layer,SAC N,Tank/Pond
4891,4891,1202,,No,Moderate,Inland,Man-made,,0.492576100912837,,23.2619786023,91.40726131,Tripura,322.291695589742,4925.76100912837,Hydrological Layer,SAC N,Tank/Pond
4892,4892,1202,,No,Moderate,Inland,Man-made,,0.261765410729152,,23.256997713,91.4082193429,Tripura,236.681075093785,2617.65410729152,Hydrological Layer,SAC N,Tank/Pond
4893,4893,1202,,No,Moderate,Inland,Man-made,,0.631496076061348,,23.2579785022,91.4106200466,Tripura,404.611291393981,6314.96076061348,Hydrological Layer,SAC N,Tank/Pond
4895,4895,1202,,No,Moderate,Inland,Man-made,,0.820242959150676,,23.2775362015,91.4058125628,Tripura,612.774838408396,8202.42959150676,Hydrological Layer,SAC N,Tank/Pond
4896,4896,1202,,No,Moderate,Inland,Man-made,,1.29346422830955,,23.2749901543,91.4057088331,Tripura,706.582302158422,12934.6422830955,Hydrological Layer,SAC N,Tank/Pond
4897,4897,1202,,No,Moderate,Inland,Man-made,,0.559169067417813,,23.2485596959,91.4912871641,Tripura,421.460184578697,5591.69067417813,Hydrological Layer,SAC N,Tank/Pond
4898,4898,1202,,No,Moderate,Inland,Man-made,,0.28807171977794,,23.2487182068,91.488201443,Tripura,273.303375952227,2880.7171977794,Hydrological Layer,SAC N,Tank/Pond
4899,4899,1202,,No,Moderate,Inland,Man-made,,0.6625188988607,,23.2439175579,91.4871879619,Tripura,528.768943626832,6625.188988607,Hydrological Layer,SAC N,Tank/Pond
4900,4900,1202,,No,Moderate,Inland,Man-made,,0.733842318833516,,23.2464435174,91.4895840695,Tripura,478.781698198086,7338.42318833516,Hydrological Layer,SAC N,Tank/Pond
4901,4901,1202,,No,Moderate,Inland,Man-made,,1.60344496501499,,23.2553495116,91.4854256498,Tripura,1071.24989944302,16034.4496501499,Hydrological Layer,SAC N,Tank/Pond
4902,4902,1202,,No,Moderate,Inland,Man-made,,1.35375255241166,,23.2383395487,91.5013824408,Tripura,655.712755958457,13537.5255241166,Hydrological Layer,SAC N,Tank/Pond
5059,5059,1202,,No,Moderate,Inland,Man-made,,0.375486507346567,,23.152109064,91.5373222943,Tripura,347.719350944609,3754.86507346567,Hydrological Layer,SAC N,Tank/Pond
4903,4903,1202,,No,Moderate,Inland,Man-made,,2.21658179899587,,23.2409905308,91.508105847,Tripura,1035.95096706502,22165.8179899587,Hydrological Layer,SAC N,Tank/Pond
4906,4906,1202,,No,Moderate,Inland,Man-made,,0.248540191070447,,23.2399874851,91.5043406568,Tripura,197.488407355706,2485.40191070447,Hydrological Layer,SAC N,Tank/Pond
4907,4907,1202,,No,Moderate,Inland,Man-made,,1.57326851724933,,23.2341011037,91.5103430662,Tripura,793.288753543364,15732.6851724933,Hydrological Layer,SAC N,Tank/Pond
4908,4908,1202,,No,Moderate,Inland,Man-made,,1.61456288251619,,23.2242001977,91.5109066266,Tripura,878.395030985002,16145.6288251619,Hydrological Layer,SAC N,Tank/Pond
4909,4909,1202,,No,Moderate,Inland,Man-made,,1.29927730302432,,23.2227587384,91.5129630184,Tripura,518.044703781874,12992.7730302432,Hydrological Layer,SAC N,Tank/Pond
4910,4910,1202,,No,Moderate,Inland,Man-made,,0.897803421049156,,23.224439698,91.5128099395,Tripura,546.849633793855,8978.03421049156,Hydrological Layer,SAC N,Tank/Pond
5090,5090,1202,,No,Moderate,Inland,Man-made,,0.222717373890935,,23.0439765698,91.5884510984,Tripura,190.98763711986,2227.17373890935,Hydrological Layer,SAC N,Tank/Pond
4911,4911,1202,,No,Moderate,Inland,Man-made,,1.07716286251653,,23.2208676887,91.5120650311,Tripura,609.529903188199,10771.6286251653,Hydrological Layer,SAC N,Tank/Pond
4912,4912,1202,,No,Moderate,Inland,Man-made,,0.741421237733879,,23.2219403663,91.5097423149,Tripura,444.80019486718,7414.21237733879,Hydrological Layer,SAC N,Tank/Pond
4913,4913,1202,,No,Moderate,Inland,Man-made,,0.926342066308604,,23.228419415,91.5240874468,Tripura,514.477239232278,9263.42066308604,Hydrological Layer,SAC N,Tank/Pond
4914,4914,1202,,No,Moderate,Inland,Man-made,,0.528651560222295,,23.2251123902,91.5186688117,Tripura,327.02532001254,5286.51560222295,Hydrological Layer,SAC N,Tank/Pond
4915,4915,1202,,No,Moderate,Inland,Man-made,,0.942498934772299,,23.2271749919,91.5199925338,Tripura,555.181270937616,9424.98934772299,Hydrological Layer,SAC N,Tank/Pond
4916,4916,1202,,No,Moderate,Inland,Man-made,,1.26270422460917,,23.2238632238,91.5298120359,Tripura,696.848695616103,12627.0422460917,Hydrological Layer,SAC N,Tank/Pond
4917,4917,1202,,No,Moderate,Inland,Man-made,,0.793262616319925,,23.226341277,91.5320941394,Tripura,501.117633069373,7932.62616319925,Hydrological Layer,SAC N,Tank/Pond
4918,4918,1202,,No,Moderate,Inland,Man-made,,0.119908400611471,,23.2259457643,91.5329481991,Tripura,141.55092768932,1199.08400611471,Hydrological Layer,SAC N,Tank/Pond
4919,4919,1202,,No,Moderate,Inland,Man-made,,0.709274951855488,,23.2235033461,91.5392592398,Tripura,556.628222408926,7092.74951855488,Hydrological Layer,SAC N,Tank/Pond
4920,4920,1202,,No,Moderate,Inland,Man-made,,0.657404543749373,,23.2217857263,91.5470318892,Tripura,501.553318788297,6574.04543749373,Hydrological Layer,SAC N,Tank/Pond
4921,4921,1202,,No,Moderate,Inland,Man-made,,3.19951253057363,,23.2221490039,91.5807518536,Tripura,1182.99287841681,31995.1253057363,Hydrological Layer,SAC N,Tank/Pond
4922,4922,1202,,No,Moderate,Inland,Man-made,,1.31672927917675,,23.2221634927,91.5825046685,Tripura,858.785922748789,13167.2927917675,Hydrological Layer,SAC N,Tank/Pond
4923,4923,1202,,No,Moderate,Inland,Man-made,,3.08842711063829,,23.2243512267,91.57856687,Tripura,1581.44615823046,30884.2711063829,Hydrological Layer,SAC N,Tank/Pond
4924,4924,1202,,No,Moderate,Inland,Man-made,,0.597363518498525,,23.2243081432,91.5813197961,Tripura,367.961801328172,5973.63518498525,Hydrological Layer,SAC N,Tank/Pond
4925,4925,1202,,No,Moderate,Inland,Man-made,,0.925920964185923,,23.2254093315,91.5801212193,Tripura,642.235317483455,9259.20964185923,Hydrological Layer,SAC N,Tank/Pond
4926,4926,1202,,No,Moderate,Inland,Man-made,,0.374950577352487,,23.2252097633,91.5814973965,Tripura,323.721075608254,3749.50577352487,Hydrological Layer,SAC N,Tank/Pond
4927,4927,1202,,No,Moderate,Inland,Man-made,,0.574819695471335,,23.2246334025,91.5828221677,Tripura,354.341891254009,5748.19695471335,Hydrological Layer,SAC N,Tank/Pond
4939,4939,1202,,No,Moderate,Inland,Man-made,,1.23534640008831,,23.2167039822,91.5943214824,Tripura,551.467488885996,12353.4640008831,Hydrological Layer,SAC N,Tank/Pond
4984,4984,1202,,No,Moderate,Inland,Man-made,,0.102853986186515,,23.1912270147,91.7138357208,Tripura,133.601640623177,1028.53986186515,Hydrological Layer,SAC N,Tank/Pond
4928,4928,1202,,No,Moderate,Inland,Man-made,,1.04112913838279,,23.2248921075,91.5837538476,Tripura,831.094145175517,10411.2913838279,Hydrological Layer,SAC N,Tank/Pond
4929,4929,1202,,No,Moderate,Inland,Man-made,,0.287227815014411,,23.2247505091,91.5846383859,Tripura,313.101434917031,2872.27815014411,Hydrological Layer,SAC N,Tank/Pond
4930,4930,1202,,No,Moderate,Inland,Man-made,,0.445742551113535,,23.2307907894,91.5710027102,Tripura,316.938897834788,4457.42551113535,Hydrological Layer,SAC N,Tank/Pond
4931,4931,1202,,No,Moderate,Inland,Man-made,,0.874926104481741,,23.2303323676,91.5742285442,Tripura,786.548417187092,8749.26104481741,Hydrological Layer,SAC N,Tank/Pond
4932,4932,1202,,No,Moderate,Inland,Man-made,,0.323752006306788,,23.2247721477,91.5728788888,Tripura,230.886822836749,3237.52006306788,Hydrological Layer,SAC N,Tank/Pond
4933,4933,1202,,No,Moderate,Inland,Man-made,,0.530825165656595,,23.2237241634,91.5735371215,Tripura,346.609478890215,5308.25165656595,Hydrological Layer,SAC N,Tank/Pond
4934,4934,1202,,No,Moderate,Inland,Man-made,,0.157459432758026,,23.2244686331,91.575829075,Tripura,166.7102759536,1574.59432758026,Hydrological Layer,SAC N,Tank/Pond
4935,4935,1202,,No,Moderate,Inland,Man-made,,0.413930544087077,,23.2273585117,91.5796947253,Tripura,407.316623922004,4139.30544087077,Hydrological Layer,SAC N,Tank/Pond
4936,4936,1202,,No,Moderate,Inland,Man-made,,3.35451753409479,,23.2235082728,91.5827000683,Tripura,1310.75717713084,33545.1753409479,Hydrological Layer,SAC N,Tank/Pond
4937,4937,1202,,No,Moderate,Inland,Man-made,,1.17797338908367,,23.2247686809,91.5860835274,Tripura,1135.12918588706,11779.7338908367,Hydrological Layer,SAC N,Tank/Pond
4938,4938,1202,,No,Moderate,Inland,Man-made,,0.770028907862377,,23.2211076514,91.592476418,Tripura,414.562081230932,7700.28907862377,Hydrological Layer,SAC N,Tank/Pond
4974,4974,1202,,No,Moderate,Inland,Man-made,,0.384395914173314,,23.2065842207,91.7120465636,Tripura,331.766409611229,3843.95914173314,Hydrological Layer,SAC N,Tank/Pond
4940,4940,1202,,No,Moderate,Inland,Man-made,,1.08395813195855,,23.2151498914,91.5941644191,Tripura,714.274084212117,10839.5813195855,Hydrological Layer,SAC N,Tank/Pond
4942,4942,1202,,No,Moderate,Inland,Man-made,,0.377202572509754,,23.2274190489,91.6182645125,Tripura,252.837485051546,3772.02572509754,Hydrological Layer,SAC N,Tank/Pond
4943,4943,1202,,No,Moderate,Inland,Man-made,,0.546894118195026,,23.2258484005,91.6179942296,Tripura,305.165834868876,5468.94118195026,Hydrological Layer,SAC N,Tank/Pond
4944,4944,1202,,No,Moderate,Inland,Man-made,,0.274053311919199,,23.2296926019,91.6191695351,Tripura,210.586811189587,2740.53311919199,Hydrological Layer,SAC N,Tank/Pond
4945,4945,1202,,No,Moderate,Inland,Man-made,,1.12735911638715,,23.2238789502,91.6094084617,Tripura,640.360309333111,11273.5911638715,Hydrological Layer,SAC N,Tank/Pond
4946,4946,1202,,No,Moderate,Inland,Man-made,,0.797787148309622,,23.2293996968,91.6136725888,Tripura,454.996166769631,7977.87148309622,Hydrological Layer,SAC N,Tank/Pond
4947,4947,1202,,No,Moderate,Inland,Man-made,,0.964028655275686,,23.2280773748,91.6140114717,Tripura,523.32382957538,9640.28655275686,Hydrological Layer,SAC N,Tank/Pond
4950,4950,1202,,No,Moderate,Inland,Man-made,,1.53008909396486,,23.2250323594,91.6113008557,Tripura,1087.38924414661,15300.8909396486,Hydrological Layer,SAC N,Tank/Pond
4951,4951,1202,,No,Moderate,Inland,Man-made,,0.607893309506127,,23.228239225,91.6105408807,Tripura,476.34714205975,6078.93309506127,Hydrological Layer,SAC N,Tank/Pond
4952,4952,1202,,No,Moderate,Inland,Man-made,,0.499224581315574,,23.2254443459,91.6037832877,Tripura,455.384904688567,4992.24581315574,Hydrological Layer,SAC N,Tank/Pond
4953,4953,1202,,No,Moderate,Inland,Man-made,,0.678067471826821,,23.2242725617,91.6038712008,Tripura,521.231108425104,6780.67471826821,Hydrological Layer,SAC N,Tank/Pond
4954,4954,1202,,No,Moderate,Inland,Man-made,,1.01293589543699,,23.2241544811,91.6065378694,Tripura,837.777442594956,10129.3589543699,Hydrological Layer,SAC N,Tank/Pond
4955,4955,1202,,No,Moderate,Inland,Man-made,,0.58860877616772,,23.2236227509,91.586987707,Tripura,434.562937038195,5886.0877616772,Hydrological Layer,SAC N,Tank/Pond
4956,4956,1202,,No,Moderate,Inland,Man-made,,0.383820695566499,,23.2211398257,91.5863070957,Tripura,284.31023816229,3838.20695566498,Hydrological Layer,SAC N,Tank/Pond
4957,4957,1202,,No,Moderate,Inland,Man-made,,0.357862317370794,,23.220925019,91.5874508446,Tripura,251.041596894027,3578.62317370794,Hydrological Layer,SAC N,Tank/Pond
4958,4958,1202,,No,Moderate,Inland,Man-made,,0.308409563194614,,23.2218032536,91.5878877794,Tripura,277.001703148966,3084.09563194614,Hydrological Layer,SAC N,Tank/Pond
4959,4959,1202,,No,Moderate,Inland,Man-made,,0.165386525843269,,23.2195297342,91.5878736733,Tripura,195.66016551827,1653.86525843269,Hydrological Layer,SAC N,Tank/Pond
4960,4960,1202,,No,Moderate,Inland,Man-made,,0.266763644912263,,23.2101716779,91.5879875819,Tripura,199.427713510925,2667.63644912263,Hydrological Layer,SAC N,Tank/Pond
4961,4961,1202,,No,Moderate,Inland,Man-made,,0.392064492562499,,23.2118479312,91.5870056965,Tripura,298.605909899167,3920.64492562499,Hydrological Layer,SAC N,Tank/Pond
4981,4981,1202,,No,Moderate,Inland,Man-made,,0.784915747286406,,23.1871121088,91.714432601,Tripura,412.917950814159,7849.15747286406,Hydrological Layer,SAC N,Tank/Pond
4962,4962,1202,,No,Moderate,Inland,Man-made,,1.25355427161803,,23.210970584,91.5903869387,Tripura,1003.48171675244,12535.5427161803,Hydrological Layer,SAC N,Tank/Pond
4963,4963,1202,,No,Moderate,Inland,Man-made,,0.167427908957549,,23.2093760689,91.5897115073,Tripura,165.556548660142,1674.27908957549,Hydrological Layer,SAC N,Tank/Pond
4964,4964,1202,,No,Moderate,Inland,Man-made,,2.92390611618825,,23.2099191569,91.5927564688,Tripura,2376.47063724114,29239.0611618825,Hydrological Layer,SAC N,Tank/Pond
4975,4975,1202,,No,Moderate,Inland,Man-made,,0.457665741373432,,23.2115643295,91.715689981,Tripura,341.874142956841,4576.65741373432,Hydrological Layer,SAC N,Tank/Pond
4965,4965,1202,,No,Moderate,Inland,Man-made,,1.8361038816863,,23.2147084215,91.5929158503,Tripura,1299.79564561874,18361.038816863,Hydrological Layer,SAC N,Tank/Pond
4966,4966,1202,,No,Moderate,Inland,Man-made,,0.569012372224861,,23.2108035904,91.6177662308,Tripura,366.733312659716,5690.12372224861,Hydrological Layer,SAC N,Tank/Pond
4967,4967,1202,,No,Moderate,Inland,Man-made,,1.6963517312947,,23.2100975328,91.6201452053,Tripura,1085.71318027126,16963.517312947,Hydrological Layer,SAC N,Tank/Pond
4968,4968,1202,,No,Moderate,Inland,Man-made,,1.56554629189323,,23.2118671236,91.6208638825,Tripura,761.663463987873,15655.4629189323,Hydrological Layer,SAC N,Tank/Pond
4969,4969,1202,,No,Moderate,Inland,Man-made,,1.42270500945275,,23.2126785177,91.6227050978,Tripura,841.039756229502,14227.0500945275,Hydrological Layer,SAC N,Tank/Pond
4982,4982,1202,,No,Moderate,Inland,Man-made,,0.334445340353026,,23.1892921539,91.7072514903,Tripura,269.214224761994,3344.45340353026,Hydrological Layer,SAC N,Tank/Pond
4983,4983,1202,,No,Moderate,Inland,Man-made,,0.127946291243151,,23.1927631137,91.7124228379,Tripura,133.789091001331,1279.46291243151,Hydrological Layer,SAC N,Tank/Pond
4970,4970,1202,,No,Moderate,Inland,Man-made,,3.68228472709756,,23.2102051947,91.6250036757,Tripura,1602.21410895046,36822.8472709756,Hydrological Layer,SAC N,Tank/Pond
4973,4973,1202,,No,Moderate,Inland,Man-made,,0.934732120056192,,23.2081324958,91.7025662649,Tripura,1045.69501844427,9347.32120056192,Hydrological Layer,SAC N,Tank/Pond
4976,4976,1202,,No,Moderate,Inland,Man-made,,0.559658548874951,,23.1848750319,91.7208430371,Tripura,372.651591645095,5596.58548874952,Hydrological Layer,SAC N,Tank/Pond
4977,4977,1202,,No,Moderate,Inland,Man-made,,1.7321258947743,,23.1823524932,91.719985889,Tripura,550.935448327326,17321.258947743,Hydrological Layer,SAC N,Tank/Pond
4978,4978,1202,,No,Moderate,Inland,Man-made,,0.977355940682697,,23.1814601832,91.7192315804,Tripura,449.565449916637,9773.55940682697,Hydrological Layer,SAC N,Tank/Pond
4979,4979,1202,,No,Moderate,Inland,Man-made,,0.613050374975631,,23.1801721944,91.7186720927,Tripura,310.654339288059,6130.50374975631,Hydrological Layer,SAC N,Tank/Pond
4980,4980,1202,,No,Moderate,Inland,Man-made,,0.561599541997012,,23.1804165841,91.7208390882,Tripura,296.218993942933,5615.99541997012,Hydrological Layer,SAC N,Tank/Pond
4997,4997,1202,,No,Moderate,Inland,Man-made,,0.778638870370428,,23.1299175519,91.7049974826,Tripura,508.39818568178,7786.38870370428,Hydrological Layer,SAC N,Tank/Pond
4985,4985,1202,,No,Moderate,Inland,Man-made,,2.47431472171558,,23.1051788575,91.811388813,Tripura,1300.61782990981,24743.1472171558,Hydrological Layer,SAC N,Tank/Pond
4986,4986,1202,,No,Moderate,Inland,Man-made,,0.351062517023112,,23.0812246358,91.8124351715,Tripura,396.867668315209,3510.62517023112,Hydrological Layer,SAC N,Tank/Pond
4987,4987,1202,,No,Moderate,Inland,Man-made,,0.369081683256585,,23.0149806531,91.7251618861,Tripura,286.031175155403,3690.81683256585,Hydrological Layer,SAC N,Tank/Pond
4988,4988,1202,,No,Moderate,Inland,Man-made,,0.711917720205163,,23.0203875657,91.7168738836,Tripura,424.448807201163,7119.17720205163,Hydrological Layer,SAC N,Tank/Pond
4989,4989,1202,,No,Moderate,Inland,Man-made,,0.664597051481118,,23.1535861124,91.7769348533,Tripura,444.229128710774,6645.97051481118,Hydrological Layer,SAC N,Tank/Pond
4990,4990,1202,,No,Moderate,Inland,Man-made,,0.25897720900437,,23.1637330089,91.7712819681,Tripura,266.425704388873,2589.7720900437,Hydrological Layer,SAC N,Tank/Pond
4971,4971,1202,,No,Moderate,Inland,Man-made,,10.148541351492,,23.2326519592,91.6847895503,Tripura,8232.63032165463,101485.41351492,Hydrological Layer,SAC N,Tank/Pond
4972,4972,1202,,No,Moderate,Inland,Man-made,,0.967669582948873,,23.2206079349,91.6810217951,Tripura,691.968446973549,9676.69582948873,Hydrological Layer,SAC N,Tank/Pond
5017,5017,1202,,No,Moderate,Inland,Man-made,,0.244466484810905,,23.1033051404,91.6358845493,Tripura,231.135328963101,2444.66484810905,Hydrological Layer,SAC N,Tank/Pond
4991,4991,1202,,No,Moderate,Inland,Man-made,,1.68371685293574,,23.141822453,91.6881563186,Tripura,570.957486371297,16837.1685293574,Hydrological Layer,SAC N,Tank/Pond
4992,4992,1202,,No,Moderate,Inland,Man-made,,0.55254791889192,,23.1408222821,91.6906197604,Tripura,353.584153888807,5525.4791889192,Hydrological Layer,SAC N,Tank/Pond
4993,4993,1202,,No,Moderate,Inland,Man-made,,0.640282208899264,,23.1236111006,91.6872454129,Tripura,347.037268309529,6402.82208899264,Hydrological Layer,SAC N,Tank/Pond
4994,4994,1202,,No,Moderate,Inland,Man-made,,0.533493775487298,,23.1262632336,91.690516301,Tripura,373.866999880964,5334.93775487298,Hydrological Layer,SAC N,Tank/Pond
4995,4995,1202,,No,Moderate,Inland,Man-made,,1.7935272237126,,23.128455065,91.6953212048,Tripura,1202.6856706485,17935.272237126,Hydrological Layer,SAC N,Tank/Pond
4996,4996,1202,,No,Moderate,Inland,Man-made,,0.221987246215289,,23.129408078,91.7037972496,Tripura,189.867750956227,2219.87246215289,Hydrological Layer,SAC N,Tank/Pond
5057,5057,1202,,No,Moderate,Inland,Man-made,,0.30193063330089,,23.1689480059,91.5758928311,Tripura,228.891898055913,3019.3063330089,Hydrological Layer,SAC N,Tank/Pond
4998,4998,1202,,No,Moderate,Inland,Man-made,,1.00007465587806,,23.1419196489,91.7043427701,Tripura,713.630440788555,10000.7465587806,Hydrological Layer,SAC N,Tank/Pond
4999,4999,1202,,No,Moderate,Inland,Man-made,,0.844004477230134,,23.1410117828,91.7062025624,Tripura,756.071676227246,8440.04477230134,Hydrological Layer,SAC N,Tank/Pond
5000,5000,1202,,No,Moderate,Inland,Man-made,,0.886906405989088,,23.1168365617,91.6823659195,Tripura,571.109226790959,8869.06405989088,Hydrological Layer,SAC N,Tank/Pond
5001,5001,1202,,No,Moderate,Inland,Man-made,,0.701360113091605,,23.1155635415,91.6862421916,Tripura,515.056983376997,7013.60113091605,Hydrological Layer,SAC N,Tank/Pond
5002,5002,1202,,No,Moderate,Inland,Man-made,,0.868407116742432,,23.1139832657,91.6950560718,Tripura,369.708469238819,8684.07116742432,Hydrological Layer,SAC N,Tank/Pond
5011,5011,1202,,No,Moderate,Inland,Man-made,,0.340817993024759,,23.0899875556,91.6543317237,Tripura,246.053119325395,3408.17993024759,Hydrological Layer,SAC N,Tank/Pond
5003,5003,1202,,No,Moderate,Inland,Man-made,,2.02501097172123,,23.0965387731,91.6772731546,Tripura,1387.64957572063,20250.1097172123,Hydrological Layer,SAC N,Tank/Pond
5018,5018,1202,,No,Moderate,Inland,Man-made,,0.630281184684925,,23.097273799,91.6363925592,Tripura,391.106289671422,6302.81184684925,Hydrological Layer,SAC N,Tank/Pond
5004,5004,1202,,No,Moderate,Inland,Man-made,,0.979502001370898,,23.0931324892,91.6734583952,Tripura,810.836682016719,9795.02001370898,Hydrological Layer,SAC N,Tank/Pond
5005,5005,1202,,No,Moderate,Inland,Man-made,,0.495856933640112,,23.0915809122,91.6725331377,Tripura,499.105207806211,4958.56933640112,Hydrological Layer,SAC N,Tank/Pond
5006,5006,1202,,No,Moderate,Inland,Man-made,,0.878693917465401,,23.0867093843,91.6766942387,Tripura,759.780461554498,8786.93917465401,Hydrological Layer,SAC N,Tank/Pond
5007,5007,1202,,No,Moderate,Inland,Man-made,,0.828878368283177,,23.0855429532,91.6750766827,Tripura,648.942792255077,8288.78368283177,Hydrological Layer,SAC N,Tank/Pond
5008,5008,1202,,No,Moderate,Inland,Man-made,,1.20321297803842,,23.0943481467,91.6657712166,Tripura,995.287663118899,12032.1297803842,Hydrological Layer,SAC N,Tank/Pond
5009,5009,1202,,No,Moderate,Inland,Man-made,,0.382838860144132,,23.0847286512,91.6451073685,Tripura,250.472712785939,3828.38860144132,Hydrological Layer,SAC N,Tank/Pond
5010,5010,1202,,No,Moderate,Inland,Man-made,,0.508587968734233,,23.0850789254,91.6533984694,Tripura,327.516048548935,5085.87968734233,Hydrological Layer,SAC N,Tank/Pond
5012,5012,1202,,No,Moderate,Inland,Man-made,,0.53417777853566,,23.0887806775,91.654100879,Tripura,406.475995117416,5341.7777853566,Hydrological Layer,SAC N,Tank/Pond
5013,5013,1202,,No,Moderate,Inland,Man-made,,0.629819965023323,,23.1050081865,91.6417035936,Tripura,457.317273038786,6298.19965023323,Hydrological Layer,SAC N,Tank/Pond
5014,5014,1202,,No,Moderate,Inland,Man-made,,0.512934785441675,,23.1017988978,91.6373887896,Tripura,360.887406905338,5129.34785441675,Hydrological Layer,SAC N,Tank/Pond
5015,5015,1202,,No,Moderate,Inland,Man-made,,0.421263682054337,,23.1003236524,91.6377175656,Tripura,368.877739902415,4212.63682054337,Hydrological Layer,SAC N,Tank/Pond
5016,5016,1202,,No,Moderate,Inland,Man-made,,0.394594248368409,,23.1023558452,91.6361785253,Tripura,303.420871214099,3945.94248368409,Hydrological Layer,SAC N,Tank/Pond
5019,5019,1202,,No,Moderate,Inland,Man-made,,0.553834783693074,,23.0985642896,91.6414586559,Tripura,478.900301702672,5538.34783693074,Hydrological Layer,SAC N,Tank/Pond
5020,5020,1202,,No,Moderate,Inland,Man-made,,0.337902933632689,,23.1008751413,91.639650097,Tripura,252.237097547119,3379.02933632689,Hydrological Layer,SAC N,Tank/Pond
5021,5021,1202,,No,Moderate,Inland,Man-made,,0.677306744186052,,23.0929371734,91.6334824755,Tripura,546.052944581106,6773.06744186052,Hydrological Layer,SAC N,Tank/Pond
5022,5022,1202,,No,Moderate,Inland,Man-made,,0.761824591104418,,23.095484807,91.6298856283,Tripura,680.254283864816,7618.24591104418,Hydrological Layer,SAC N,Tank/Pond
5023,5023,1202,,No,Moderate,Inland,Man-made,,0.248769214608909,,23.096010877,91.6288965364,Tripura,286.234145419922,2487.69214608909,Hydrological Layer,SAC N,Tank/Pond
5024,5024,1202,,No,Moderate,Inland,Man-made,,0.425201585183009,,23.0960051016,91.6279742764,Tripura,371.166542055583,4252.01585183009,Hydrological Layer,SAC N,Tank/Pond
5025,5025,1202,,No,Moderate,Inland,Man-made,,1.71836725088649,,23.1022770909,91.6516407467,Tripura,1015.88778647724,17183.6725088649,Hydrological Layer,SAC N,Tank/Pond
5026,5026,1202,,No,Moderate,Inland,Man-made,,3.80455378079598,,23.1295224082,91.6141024007,Tripura,1300.5310266256,38045.5378079598,Hydrological Layer,SAC N,Tank/Pond
5027,5027,1202,,No,Moderate,Inland,Man-made,,0.946686033786204,,23.1303317985,91.6179032919,Tripura,825.330437981015,9466.86033786204,Hydrological Layer,SAC N,Tank/Pond
5028,5028,1202,,No,Moderate,Inland,Man-made,,1.06305745887042,,23.1314003041,91.6243604679,Tripura,686.766788384665,10630.5745887042,Hydrological Layer,SAC N,Tank/Pond
5029,5029,1202,,No,Moderate,Inland,Man-made,,0.850587294799312,,23.1391753841,91.6256327566,Tripura,408.882578878424,8505.87294799312,Hydrological Layer,SAC N,Tank/Pond
5030,5030,1202,,No,Moderate,Inland,Man-made,,0.109972634412344,,23.1256818927,91.6236207254,Tripura,133.701904557862,1099.72634412344,Hydrological Layer,SAC N,Tank/Pond
5031,5031,1202,,No,Moderate,Inland,Man-made,,1.03421625427044,,23.1269254894,91.6230462342,Tripura,769.328387209324,10342.1625427044,Hydrological Layer,SAC N,Tank/Pond
5058,5058,1202,,No,Moderate,Inland,Man-made,,0.545850622248427,,23.1502004652,91.5410723322,Tripura,324.343154052426,5458.50622248427,Hydrological Layer,SAC N,Tank/Pond
5032,5032,1202,,No,Moderate,Inland,Man-made,,1.13463842375852,,23.1192606637,91.6199326365,Tripura,926.245630665647,11346.3842375852,Hydrological Layer,SAC N,Tank/Pond
5033,5033,1202,,No,Moderate,Inland,Man-made,,0.128761366644838,,23.1237486921,91.6239122843,Tripura,143.668265829131,1287.61366644838,Hydrological Layer,SAC N,Tank/Pond
5034,5034,1202,,No,Moderate,Inland,Man-made,,0.484284899150618,,23.123644963,91.6194638199,Tripura,334.81837685908,4842.84899150618,Hydrological Layer,SAC N,Tank/Pond
5035,5035,1202,,No,Moderate,Inland,Man-made,,0.426082814866363,,23.1344787018,91.6232920614,Tripura,286.667866603918,4260.82814866363,Hydrological Layer,SAC N,Tank/Pond
5036,5036,1202,,No,Moderate,Inland,Man-made,,0.362908290775437,,23.1356642151,91.6262028377,Tripura,257.897469494656,3629.08290775437,Hydrological Layer,SAC N,Tank/Pond
5037,5037,1202,,No,Moderate,Inland,Man-made,,0.162714428684699,,23.1334089765,91.6256608025,Tripura,187.531972217709,1627.14428684699,Hydrological Layer,SAC N,Tank/Pond
5038,5038,1202,,No,Moderate,Inland,Man-made,,0.793317246625107,,23.1290057755,91.6420963114,Tripura,565.503218470175,7933.17246625107,Hydrological Layer,SAC N,Tank/Pond
1941,1941,1202,,No,Moderate,Inland,Man-made,,0.933175265726505,,23.8391129412,91.2569657624,Tripura,464.643062188379,9331.75265726505,Hydrological Layer,SAC N,Tank/Pond
1943,1943,1202,,No,Moderate,Inland,Man-made,,1.15460790136099,,23.8415889356,91.2568568505,Tripura,446.570003166003,11546.0790136099,Hydrological Layer,SAC N,Tank/Pond
2,2,1202,,No,Moderate,Inland,Man-made,,1.97105019072238,,23.4928707412,91.5286453116,Tripura,904.047824783475,19710.5019072239,Hydrological Layer,SAC N,Tank/Pond
26,26,1101,,No,Moderate,Inland,Natural,,24.7118144893791,,23.401322118,91.3490133014,Tripura,11954.6668289257,247118.144893791,Hydrological Layer,SAC N,Lake/Pond
385,385,1202,,No,Moderate,Inland,Man-made,,0.378218454954298,,24.4051183498,92.1851081436,Tripura,254.985031100822,3782.18454954298,Hydrological Layer,SAC N,Tank/Pond
518,518,1202,,No,Moderate,Inland,Man-made,,0.636103767019695,,23.5227364007,91.6612596806,Tripura,323.092148871849,6361.03767019695,Hydrological Layer,SAC N,Tank/Pond
1885,1885,1202,,No,Moderate,Inland,Man-made,,0.182212528473294,,24.1713364135,92.1013118824,Tripura,184.311357965823,1822.12528473294,Hydrological Layer,SAC N,Tank/Pond
1982,1982,1202,,No,Moderate,Inland,Man-made,,0.272466949480635,,23.6510410329,91.2248438885,Tripura,219.235035192747,2724.66949480635,Hydrological Layer,SAC N,Tank/Pond
2023,2023,1202,,No,Moderate,Inland,Man-made,,0.288226854795503,,23.6556824551,91.2246015701,Tripura,224.185198880352,2882.26854795503,Hydrological Layer,SAC N,Tank/Pond
2063,2063,1202,,Yes,High,Inland,Man-made,,0.599208473789289,,23.4960898104,91.2429757174,Tripura,316.656203716606,5992.08473789289,Hydrological Layer,SAC N,Tank/Pond
2269,2269,1202,,No,Moderate,Inland,Man-made,,0.35183126394915,,23.8063863111,91.4932516344,Tripura,249.423677860715,3518.3126394915,Hydrological Layer,SAC N,Tank/Pond
2591,2591,1202,,No,Moderate,Inland,Man-made,,0.426310977026126,,23.7270103061,91.5007181099,Tripura,267.08572485845,4263.10977026126,Hydrological Layer,SAC N,Tank/Pond
2806,2806,1202,,Yes,High,Inland,Man-made,,0.12756060771561,,23.5139158388,91.3018755357,Tripura,143.640847427046,1275.6060771561,Hydrological Layer,SAC N,Tank/Pond
3240,3240,1202,,No,Moderate,Inland,Man-made,,0.279000376797896,,24.4035993795,92.2120440329,Tripura,216.192093672752,2790.00376797896,Hydrological Layer,SAC N,Tank/Pond
3320,3320,1202,,No,Moderate,Inland,Man-made,,0.187932267941586,,24.2587250838,92.1407701298,Tripura,186.589060891679,1879.32267941586,Hydrological Layer,SAC N,Tank/Pond
3555,3555,1202,,No,Moderate,Inland,Man-made,,38.4965903289562,,24.040541114,92.063172578,Tripura,19938.8624206262,384965.903289562,Hydrological Layer,SAC N,Tank/Pond
3579,3579,1202,,No,Moderate,Inland,Man-made,,0.337708101120709,,24.1243715458,91.9885384152,Tripura,233.834121168005,3377.08101120709,Hydrological Layer,SAC N,Tank/Pond
3608,3608,1202,,No,Moderate,Inland,Man-made,,0.154969978968265,,24.0188912323,91.9765775004,Tripura,162.203651373772,1549.69978968265,Hydrological Layer,SAC N,Tank/Pond
3639,3639,1202,,No,Moderate,Inland,Man-made,,0.447281236301815,,24.041770793,91.8350804753,Tripura,269.282497033788,4472.81236301815,Hydrological Layer,SAC N,Tank/Pond
3921,3921,1202,,No,Moderate,Inland,Man-made,,0.426902402397935,,23.8279433755,91.2837463023,Tripura,261.582856629372,4269.02402397935,Hydrological Layer,SAC N,Tank/Pond
3953,3953,1202,,No,Moderate,Inland,Man-made,,0.277623972758259,,23.8537414805,91.4602717389,Tripura,223.728605712577,2776.23972758259,Hydrological Layer,SAC N,Tank/Pond
4194,4194,1202,,No,Moderate,Inland,Man-made,,0.122474553041051,,23.7042212051,91.3956726373,Tripura,140.400273075476,1224.74553041051,Hydrological Layer,SAC N,Tank/Pond
4423,4423,1202,,No,Moderate,Inland,Man-made,,0.23715965980719,,23.630659717,91.3260534957,Tripura,200.778702353918,2371.5965980719,Hydrological Layer,SAC N,Tank/Pond
4631,4631,1202,,No,Moderate,Inland,Man-made,,0.501565310534803,,23.5045308688,91.2755145861,Tripura,290.524909922981,5015.65310534803,Hydrological Layer,SAC N,Tank/Pond
4941,4941,1202,,No,Moderate,Inland,Man-made,,0.858383843281963,,23.2173217701,91.5839320376,Tripura,439.945306759795,8583.83843281963,Hydrological Layer,SAC N,Tank/Pond
5048,5048,1202,,No,Moderate,Inland,Man-made,,0.383754252229787,,23.1418243102,91.6969679107,Tripura,295.343551530555,3837.54252229787,Hydrological Layer,SAC N,Tank/Pond
5039,5039,1202,,No,Moderate,Inland,Man-made,,0.347835051797442,,23.132516115,91.6581239878,Tripura,295.948606822251,3478.35051797442,Hydrological Layer,SAC N,Tank/Pond
5040,5040,1202,,No,Moderate,Inland,Man-made,,0.533267625646349,,23.1332450225,91.6593556646,Tripura,553.129654154831,5332.67625646349,Hydrological Layer,SAC N,Tank/Pond
5084,5084,1202,,No,Moderate,Inland,Man-made,,0.832214451871824,,23.0947386458,91.5198489367,Tripura,367.02356847667,8322.14451871824,Hydrological Layer,SAC N,Tank/Pond
