Station,State,District,Tehsil,Block,River,Basin,Latitude,Longitude,Acquisition_Time,Hourly_Rainfall_mm
Doyang Hep Reservoir,Nagaland,WOKHA,WOKHA,-,Dhansiri,Brahmaputra,26.23,94.26083333,2021-01-21 09:30:00,3.0
Doyang Hep Reservoir,Nagaland,WOKHA,WOKHA,-,Dhansiri,Brahmaputra,26.23,94.26083333,2021-01-21 10:30:00,2.5
Doyang Hep Reservoir,Nagaland,WOKHA,WOKHA,-,Dhansiri,Brahmaputra,26.23,94.26083333,2021-01-21 11:30:00,2.5
Doyang Hep Reservoir,Nagaland,WOKHA,WOKHA,-,Dhansiri,Brahmaputra,26.23,94.26083333,2021-02-25 20:30:00,0.5
Doyang Hep Reservoir,Nagaland,WOKHA,WOKHA,-,Dhansiri,Brahmaputra,26.23,94.26083333,2021-02-25 21:30:00,0.5
Doyang Hep Reservoir,Nagaland,WOKHA,WOKHA,-,Dhansiri,Brahmaputra,26.23,94.26083333,2021-02-25 22:30:00,0.5
Doyang Hep Reservoir,Nagaland,WOKHA,WOKHA,-,Dhansiri,Brahmaputra,26.23,94.26083333,2021-02-28 07:30:00,0.5
Doyang Hep Reservoir,Nagaland,WOKHA,WOKHA,-,Dhansiri,Brahmaputra,26.23,94.26083333,2021-03-04 10:30:00,0.5
Doyang Hep Reservoir,Nagaland,WOKHA,WOKHA,-,Dhansiri,Brahmaputra,26.23,94.26083333,2021-03-12 23:30:00,0.5
Doyang Hep Reservoir,Nagaland,WOKHA,WOKHA,-,Dhansiri,Brahmaputra,26.23,94.26083333,2021-03-13 20:30:00,0.5
Doyang Hep Reservoir,Nagaland,WOKHA,WOKHA,-,Dhansiri,Brahmaputra,26.23,94.26083333,2021-03-14 05:30:00,0.5
Doyang Hep Reservoir,Nagaland,WOKHA,WOKHA,-,Dhansiri,Brahmaputra,26.23,94.26083333,2021-03-14 12:30:00,0.5
Doyang Hep Reservoir,Nagaland,WOKHA,WOKHA,-,Dhansiri,Brahmaputra,26.23,94.26083333,2021-03-16 06:30:00,0.5
Doyang Hep Reservoir,Nagaland,WOKHA,WOKHA,-,Dhansiri,Brahmaputra,26.23,94.26083333,2021-03-17 16:30:00,0.5
Doyang Hep Reservoir,Nagaland,WOKHA,WOKHA,-,Dhansiri,Brahmaputra,26.23,94.26083333,2021-03-18 21:30:00,0.5
Doyang Hep Reservoir,Nagaland,WOKHA,WOKHA,-,Dhansiri,Brahmaputra,26.23,94.26083333,2021-03-22 07:30:00,0.5
Doyang Hep Reservoir,Nagaland,WOKHA,WOKHA,-,Dhansiri,Brahmaputra,26.23,94.26083333,2021-03-29 17:00:00,0.5
Doyang Hep Reservoir,Nagaland,WOKHA,WOKHA,-,Dhansiri,Brahmaputra,26.23,94.26083333,2021-03-29 22:30:00,0.5
Doyang Hep Reservoir,Nagaland,WOKHA,WOKHA,-,Dhansiri,Brahmaputra,26.23,94.26083333,2021-03-30 00:00:00,0.5
Doyang Hep Reservoir,Nagaland,WOKHA,WOKHA,-,Dhansiri,Brahmaputra,26.23,94.26083333,2021-03-30 01:00:00,0.5
Doyang Hep Reservoir,Nagaland,WOKHA,WOKHA,-,Dhansiri,Brahmaputra,26.23,94.26083333,2021-03-30 05:30:00,0.5
Doyang Hep Reservoir,Nagaland,WOKHA,WOKHA,-,Dhansiri,Brahmaputra,26.23,94.26083333,2021-03-30 06:00:00,0.5
Doyang Hep Reservoir,Nagaland,WOKHA,WOKHA,-,Dhansiri,Brahmaputra,26.23,94.26083333,2021-03-30 06:30:00,0.5
Doyang Hep Reservoir,Nagaland,WOKHA,WOKHA,-,Dhansiri,Brahmaputra,26.23,94.26083333,2021-03-30 09:30:00,0.5
Doyang Hep Reservoir,Nagaland,WOKHA,WOKHA,-,Dhansiri,Brahmaputra,26.23,94.26083333,2021-03-30 11:30:00,0.5
Doyang Hep Reservoir,Nagaland,WOKHA,WOKHA,-,Dhansiri,Brahmaputra,26.23,94.26083333,2021-03-31 12:30:00,0.5
Doyang Hep Reservoir,Nagaland,WOKHA,WOKHA,-,Dhansiri,Brahmaputra,26.23,94.26083333,2021-04-01 08:30:00,0.5
Doyang Hep Reservoir,Nagaland,WOKHA,WOKHA,-,Dhansiri,Brahmaputra,26.23,94.26083333,2021-04-01 22:30:00,1.0
Doyang Hep Reservoir,Nagaland,WOKHA,WOKHA,-,Dhansiri,Brahmaputra,26.23,94.26083333,2021-04-01 23:30:00,1.5
Doyang Hep Reservoir,Nagaland,WOKHA,WOKHA,-,Dhansiri,Brahmaputra,26.23,94.26083333,2021-04-02 00:30:00,1.5
Doyang Hep Reservoir,Nagaland,WOKHA,WOKHA,-,Dhansiri,Brahmaputra,26.23,94.26083333,2021-04-02 01:30:00,0.5
Doyang Hep Reservoir,Nagaland,WOKHA,WOKHA,-,Dhansiri,Brahmaputra,26.23,94.26083333,2021-04-02 03:30:00,1.5
Doyang Hep Reservoir,Nagaland,WOKHA,WOKHA,-,Dhansiri,Brahmaputra,26.23,94.26083333,2021-04-02 04:30:00,1.5
Doyang Hep Reservoir,Nagaland,WOKHA,WOKHA,-,Dhansiri,Brahmaputra,26.23,94.26083333,2021-04-02 05:30:00,1.5
Doyang Hep Reservoir,Nagaland,WOKHA,WOKHA,-,Dhansiri,Brahmaputra,26.23,94.26083333,2021-04-02 06:30:00,1.5
Doyang Hep Reservoir,Nagaland,WOKHA,WOKHA,-,Dhansiri,Brahmaputra,26.23,94.26083333,2021-04-02 07:30:00,1.5
Doyang Hep Reservoir,Nagaland,WOKHA,WOKHA,-,Dhansiri,Brahmaputra,26.23,94.26083333,2021-04-02 08:30:00,1.5
Doyang Hep Reservoir,Nagaland,WOKHA,WOKHA,-,Dhansiri,Brahmaputra,26.23,94.26083333,2021-04-08 23:00:00,0.5
Doyang Hep Reservoir,Nagaland,WOKHA,WOKHA,-,Dhansiri,Brahmaputra,26.23,94.26083333,2021-04-10 11:00:00,0.5
Doyang Hep Reservoir,Nagaland,WOKHA,WOKHA,-,Dhansiri,Brahmaputra,26.23,94.26083333,2021-04-16 04:00:00,0.5
Doyang Hep Reservoir,Nagaland,WOKHA,WOKHA,-,Dhansiri,Brahmaputra,26.23,94.26083333,2021-04-16 06:00:00,0.5
Doyang Hep Reservoir,Nagaland,WOKHA,WOKHA,-,Dhansiri,Brahmaputra,26.23,94.26083333,2021-04-16 08:00:00,1.5
Doyang Hep Reservoir,Nagaland,WOKHA,WOKHA,-,Dhansiri,Brahmaputra,26.23,94.26083333,2021-04-16 09:00:00,1.5
Doyang Hep Reservoir,Nagaland,WOKHA,WOKHA,-,Dhansiri,Brahmaputra,26.23,94.26083333,2021-04-16 10:00:00,1.0
Doyang Hep Reservoir,Nagaland,WOKHA,WOKHA,-,Dhansiri,Brahmaputra,26.23,94.26083333,2021-04-16 11:00:00,1.0
Doyang Hep Reservoir,Nagaland,WOKHA,WOKHA,-,Dhansiri,Brahmaputra,26.23,94.26083333,2021-04-16 12:00:00,0.5
Doyang Hep Reservoir,Nagaland,WOKHA,WOKHA,-,Dhansiri,Brahmaputra,26.23,94.26083333,2021-04-16 14:00:00,1.0
Doyang Hep Reservoir,Nagaland,WOKHA,WOKHA,-,Dhansiri,Brahmaputra,26.23,94.26083333,2021-04-16 15:00:00,1.0
Doyang Hep Reservoir,Nagaland,WOKHA,WOKHA,-,Dhansiri,Brahmaputra,26.23,94.26083333,2021-04-18 23:00:00,0.5
Doyang Hep Reservoir,Nagaland,WOKHA,WOKHA,-,Dhansiri,Brahmaputra,26.23,94.26083333,2021-04-19 00:00:00,0.5
Doyang Hep Reservoir,Nagaland,WOKHA,WOKHA,-,Dhansiri,Brahmaputra,26.23,94.26083333,2021-04-19 01:00:00,1.0
Doyang Hep Reservoir,Nagaland,WOKHA,WOKHA,-,Dhansiri,Brahmaputra,26.23,94.26083333,2021-04-19 02:00:00,0.5
Doyang Hep Reservoir,Nagaland,WOKHA,WOKHA,-,Dhansiri,Brahmaputra,26.23,94.26083333,2021-05-01 12:00:00,1.5
Doyang Hep Reservoir,Nagaland,WOKHA,WOKHA,-,Dhansiri,Brahmaputra,26.23,94.26083333,2021-05-02 03:00:00,1.0
Doyang Hep Reservoir,Nagaland,WOKHA,WOKHA,-,Dhansiri,Brahmaputra,26.23,94.26083333,2021-05-02 04:00:00,1.0
Doyang Hep Reservoir,Nagaland,WOKHA,WOKHA,-,Dhansiri,Brahmaputra,26.23,94.26083333,2021-05-02 06:00:00,0.5
Doyang Hep Reservoir,Nagaland,WOKHA,WOKHA,-,Dhansiri,Brahmaputra,26.23,94.26083333,2021-05-03 05:00:00,1.5
Doyang Hep Reservoir,Nagaland,WOKHA,WOKHA,-,Dhansiri,Brahmaputra,26.23,94.26083333,2021-05-03 07:00:00,0.5
Doyang Hep Reservoir,Nagaland,WOKHA,WOKHA,-,Dhansiri,Brahmaputra,26.23,94.26083333,2021-05-03 12:00:00,0.5
Doyang Hep Reservoir,Nagaland,WOKHA,WOKHA,-,Dhansiri,Brahmaputra,26.23,94.26083333,2021-05-06 10:00:00,0.5
Doyang Hep Reservoir,Nagaland,WOKHA,WOKHA,-,Dhansiri,Brahmaputra,26.23,94.26083333,2021-05-12 20:00:00,0.5
Doyang Hep Reservoir,Nagaland,WOKHA,WOKHA,-,Dhansiri,Brahmaputra,26.23,94.26083333,2021-05-15 18:00:00,0.5
Doyang Hep Reservoir,Nagaland,WOKHA,WOKHA,-,Dhansiri,Brahmaputra,26.23,94.26083333,2021-05-20 21:00:00,0.5
Doyang Hep Reservoir,Nagaland,WOKHA,WOKHA,-,Dhansiri,Brahmaputra,26.23,94.26083333,2021-08-20 02:00:00,0.5
Doyang Hep Reservoir,Nagaland,WOKHA,WOKHA,-,Dhansiri,Brahmaputra,26.23,94.26083333,2021-08-20 03:00:00,0.5
Doyang Hep Reservoir,Nagaland,WOKHA,WOKHA,-,Dhansiri,Brahmaputra,26.23,94.26083333,2021-09-02 07:00:00,1.5
Doyang Hep Reservoir,Nagaland,WOKHA,WOKHA,-,Dhansiri,Brahmaputra,26.23,94.26083333,2021-09-06 10:00:00,21.0
Doyang Hep Reservoir,Nagaland,WOKHA,WOKHA,-,Dhansiri,Brahmaputra,26.23,94.26083333,2021-09-09 11:00:00,2.5
Doyang Hep Reservoir,Nagaland,WOKHA,WOKHA,-,Dhansiri,Brahmaputra,26.23,94.26083333,2021-09-09 15:00:00,0.5
Doyang Hep Reservoir,Nagaland,WOKHA,WOKHA,-,Dhansiri,Brahmaputra,26.23,94.26083333,2022-05-16 05:00:00,0.5
Doyang Hep Reservoir,Nagaland,WOKHA,WOKHA,-,Dhansiri,Brahmaputra,26.23,94.26083333,2022-05-16 07:00:00,2.0
Doyang Hep Reservoir,Nagaland,WOKHA,WOKHA,-,Dhansiri,Brahmaputra,26.23,94.26083333,2022-05-16 10:00:00,2.5
Doyang Hep Reservoir,Nagaland,WOKHA,WOKHA,-,Dhansiri,Brahmaputra,26.23,94.26083333,2022-05-16 12:00:00,2.5
Doyang Hep Reservoir,Nagaland,WOKHA,WOKHA,-,Dhansiri,Brahmaputra,26.23,94.26083333,2022-05-16 13:00:00,2.5
Doyang Hep Reservoir,Nagaland,WOKHA,WOKHA,-,Dhansiri,Brahmaputra,26.23,94.26083333,2022-05-16 14:00:00,2.5
Doyang Hep Reservoir,Nagaland,WOKHA,WOKHA,-,Dhansiri,Brahmaputra,26.23,94.26083333,2022-05-16 15:00:00,2.5
Doyang Hep Reservoir,Nagaland,WOKHA,WOKHA,-,Dhansiri,Brahmaputra,26.23,94.26083333,2022-05-16 16:00:00,2.5
Doyang Hep Reservoir,Nagaland,WOKHA,WOKHA,-,Dhansiri,Brahmaputra,26.23,94.26083333,2022-05-16 17:00:00,2.5
Doyang Hep Reservoir,Nagaland,WOKHA,WOKHA,-,Dhansiri,Brahmaputra,26.23,94.26083333,2022-05-16 18:00:00,2.5
Doyang Hep Reservoir,Nagaland,WOKHA,WOKHA,-,Dhansiri,Brahmaputra,26.23,94.26083333,2022-05-16 23:00:00,3.0
Doyang Hep Reservoir,Nagaland,WOKHA,WOKHA,-,Dhansiri,Brahmaputra,26.23,94.26083333,2022-05-17 00:00:00,3.0
Doyang Hep Reservoir,Nagaland,WOKHA,WOKHA,-,Dhansiri,Brahmaputra,26.23,94.26083333,2022-05-17 01:00:00,3.5
Doyang Hep Reservoir,Nagaland,WOKHA,WOKHA,-,Dhansiri,Brahmaputra,26.23,94.26083333,2022-05-17 03:00:00,3.5
Doyang Hep Reservoir,Nagaland,WOKHA,WOKHA,-,Dhansiri,Brahmaputra,26.23,94.26083333,2022-05-17 11:00:00,1.5
Doyang Hep Reservoir,Nagaland,WOKHA,WOKHA,-,Dhansiri,Brahmaputra,26.23,94.26083333,2022-05-17 12:00:00,1.5
Doyang Hep Reservoir,Nagaland,WOKHA,WOKHA,-,Dhansiri,Brahmaputra,26.23,94.26083333,2022-05-17 16:00:00,2.0
Doyang Hep Reservoir,Nagaland,WOKHA,WOKHA,-,Dhansiri,Brahmaputra,26.23,94.26083333,2022-05-17 17:00:00,2.0
Doyang Hep Reservoir,Nagaland,WOKHA,WOKHA,-,Dhansiri,Brahmaputra,26.23,94.26083333,2022-05-17 20:00:00,2.0
Doyang Hep Reservoir,Nagaland,WOKHA,WOKHA,-,Dhansiri,Brahmaputra,26.23,94.26083333,2022-05-17 21:00:00,2.0
Doyang Hep Reservoir,Nagaland,WOKHA,WOKHA,-,Dhansiri,Brahmaputra,26.23,94.26083333,2022-05-18 00:00:00,2.0
Doyang Hep Reservoir,Nagaland,WOKHA,WOKHA,-,Dhansiri,Brahmaputra,26.23,94.26083333,2022-05-18 01:00:00,2.0
Doyang Hep Reservoir,Nagaland,WOKHA,WOKHA,-,Dhansiri,Brahmaputra,26.23,94.26083333,2022-05-18 02:00:00,2.0
Doyang Hep Reservoir,Nagaland,WOKHA,WOKHA,-,Dhansiri,Brahmaputra,26.23,94.26083333,2022-05-18 03:00:00,2.5
Doyang Hep Reservoir,Nagaland,WOKHA,WOKHA,-,Dhansiri,Brahmaputra,26.23,94.26083333,2022-05-18 23:00:00,2.0
Doyang Hep Reservoir,Nagaland,WOKHA,WOKHA,-,Dhansiri,Brahmaputra,26.23,94.26083333,2022-05-19 02:00:00,26.0
Doyang Hep Reservoir,Nagaland,WOKHA,WOKHA,-,Dhansiri,Brahmaputra,26.23,94.26083333,2022-05-19 03:00:00,35.0
Doyang Hep Reservoir,Nagaland,WOKHA,WOKHA,-,Dhansiri,Brahmaputra,26.23,94.26083333,2022-05-19 05:00:00,0.5
Doyang Hep Reservoir,Nagaland,WOKHA,WOKHA,-,Dhansiri,Brahmaputra,26.23,94.26083333,2022-05-19 08:00:00,0.5
Doyang Hep Reservoir,Nagaland,WOKHA,WOKHA,-,Dhansiri,Brahmaputra,26.23,94.26083333,2022-05-19 12:00:00,0.5
Doyang Hep Reservoir,Nagaland,WOKHA,WOKHA,-,Dhansiri,Brahmaputra,26.23,94.26083333,2022-05-19 15:00:00,0.5
Doyang Hep Reservoir,Nagaland,WOKHA,WOKHA,-,Dhansiri,Brahmaputra,26.23,94.26083333,2022-05-19 17:00:00,0.5
Doyang Hep Reservoir,Nagaland,WOKHA,WOKHA,-,Dhansiri,Brahmaputra,26.23,94.26083333,2022-05-19 18:00:00,0.5
Doyang Hep Reservoir,Nagaland,WOKHA,WOKHA,-,Dhansiri,Brahmaputra,26.23,94.26083333,2022-05-19 21:00:00,13.0
Doyang Hep Reservoir,Nagaland,WOKHA,WOKHA,-,Dhansiri,Brahmaputra,26.23,94.26083333,2022-05-19 23:00:00,13.0
Doyang Hep Reservoir,Nagaland,WOKHA,WOKHA,-,Dhansiri,Brahmaputra,26.23,94.26083333,2022-05-20 02:00:00,13.0
Doyang Hep Reservoir,Nagaland,WOKHA,WOKHA,-,Dhansiri,Brahmaputra,26.23,94.26083333,2022-05-20 18:00:00,1.5
Doyang Hep Reservoir,Nagaland,WOKHA,WOKHA,-,Dhansiri,Brahmaputra,26.23,94.26083333,2022-05-20 22:00:00,4.0
Doyang Hep Reservoir,Nagaland,WOKHA,WOKHA,-,Dhansiri,Brahmaputra,26.23,94.26083333,2022-05-21 00:00:00,4.5
Doyang Hep Reservoir,Nagaland,WOKHA,WOKHA,-,Dhansiri,Brahmaputra,26.23,94.26083333,2022-05-21 01:00:00,4.5
Doyang Hep Reservoir,Nagaland,WOKHA,WOKHA,-,Dhansiri,Brahmaputra,26.23,94.26083333,2022-05-21 02:00:00,4.5
Doyang Hep Reservoir,Nagaland,WOKHA,WOKHA,-,Dhansiri,Brahmaputra,26.23,94.26083333,2022-05-21 03:00:00,4.5
Doyang Hep Reservoir,Nagaland,WOKHA,WOKHA,-,Dhansiri,Brahmaputra,26.23,94.26083333,2022-05-21 21:00:00,7.0
Doyang Hep Reservoir,Nagaland,WOKHA,WOKHA,-,Dhansiri,Brahmaputra,26.23,94.26083333,2022-05-24 09:00:00,1.0
Doyang Hep Reservoir,Nagaland,WOKHA,WOKHA,-,Dhansiri,Brahmaputra,26.23,94.26083333,2022-05-24 10:00:00,3.0
Doyang Hep Reservoir,Nagaland,WOKHA,WOKHA,-,Dhansiri,Brahmaputra,26.23,94.26083333,2022-05-24 11:00:00,4.5
Doyang Hep Reservoir,Nagaland,WOKHA,WOKHA,-,Dhansiri,Brahmaputra,26.23,94.26083333,2022-05-24 17:00:00,6.0
Doyang Hep Reservoir,Nagaland,WOKHA,WOKHA,-,Dhansiri,Brahmaputra,26.23,94.26083333,2022-05-24 19:00:00,7.5
Doyang Hep Reservoir,Nagaland,WOKHA,WOKHA,-,Dhansiri,Brahmaputra,26.23,94.26083333,2022-05-24 21:00:00,7.5
Doyang Hep Reservoir,Nagaland,WOKHA,WOKHA,-,Dhansiri,Brahmaputra,26.23,94.26083333,2022-05-24 23:00:00,7.5
Doyang Hep Reservoir,Nagaland,WOKHA,WOKHA,-,Dhansiri,Brahmaputra,26.23,94.26083333,2022-05-25 10:00:00,0.5
Doyang Hep Reservoir,Nagaland,WOKHA,WOKHA,-,Dhansiri,Brahmaputra,26.23,94.26083333,2022-05-25 12:00:00,1.0
Doyang Hep Reservoir,Nagaland,WOKHA,WOKHA,-,Dhansiri,Brahmaputra,26.23,94.26083333,2022-05-25 18:00:00,1.0
Doyang Hep Reservoir,Nagaland,WOKHA,WOKHA,-,Dhansiri,Brahmaputra,26.23,94.26083333,2022-05-26 00:00:00,1.5
Doyang Hep Reservoir,Nagaland,WOKHA,WOKHA,-,Dhansiri,Brahmaputra,26.23,94.26083333,2022-05-26 03:00:00,1.5
Doyang Hep Reservoir,Nagaland,WOKHA,WOKHA,-,Dhansiri,Brahmaputra,26.23,94.26083333,2022-05-27 13:00:00,2.0
Doyang Hep Reservoir,Nagaland,WOKHA,WOKHA,-,Dhansiri,Brahmaputra,26.23,94.26083333,2022-05-27 15:00:00,2.0
Doyang Hep Reservoir,Nagaland,WOKHA,WOKHA,-,Dhansiri,Brahmaputra,26.23,94.26083333,2022-05-27 16:00:00,2.0
Doyang Hep Reservoir,Nagaland,WOKHA,WOKHA,-,Dhansiri,Brahmaputra,26.23,94.26083333,2022-05-27 20:00:00,2.0
Doyang Hep Reservoir,Nagaland,WOKHA,WOKHA,-,Dhansiri,Brahmaputra,26.23,94.26083333,2022-05-27 21:00:00,2.0
Doyang Hep Reservoir,Nagaland,WOKHA,WOKHA,-,Dhansiri,Brahmaputra,26.23,94.26083333,2022-05-27 22:00:00,2.0
Doyang Hep Reservoir,Nagaland,WOKHA,WOKHA,-,Dhansiri,Brahmaputra,26.23,94.26083333,2022-05-27 23:00:00,2.0
Doyang Hep Reservoir,Nagaland,WOKHA,WOKHA,-,Dhansiri,Brahmaputra,26.23,94.26083333,2022-05-28 00:00:00,2.0
Doyang Hep Reservoir,Nagaland,WOKHA,WOKHA,-,Dhansiri,Brahmaputra,26.23,94.26083333,2022-05-28 01:00:00,2.0
Doyang Hep Reservoir,Nagaland,WOKHA,WOKHA,-,Dhansiri,Brahmaputra,26.23,94.26083333,2022-05-28 06:00:00,0.5
Doyang Hep Reservoir,Nagaland,WOKHA,WOKHA,-,Dhansiri,Brahmaputra,26.23,94.26083333,2022-05-28 12:00:00,1.5
Doyang Hep Reservoir,Nagaland,WOKHA,WOKHA,-,Dhansiri,Brahmaputra,26.23,94.26083333,2022-05-28 13:00:00,1.5
Doyang Hep Reservoir,Nagaland,WOKHA,WOKHA,-,Dhansiri,Brahmaputra,26.23,94.26083333,2022-05-28 15:00:00,1.5
Doyang Hep Reservoir,Nagaland,WOKHA,WOKHA,-,Dhansiri,Brahmaputra,26.23,94.26083333,2022-05-28 18:00:00,1.5
Doyang Hep Reservoir,Nagaland,WOKHA,WOKHA,-,Dhansiri,Brahmaputra,26.23,94.26083333,2022-05-28 20:00:00,1.5
Doyang Hep Reservoir,Nagaland,WOKHA,WOKHA,-,Dhansiri,Brahmaputra,26.23,94.26083333,2022-05-28 22:00:00,1.5
Doyang Hep Reservoir,Nagaland,WOKHA,WOKHA,-,Dhansiri,Brahmaputra,26.23,94.26083333,2022-05-29 00:00:00,1.5
Doyang Hep Reservoir,Nagaland,WOKHA,WOKHA,-,Dhansiri,Brahmaputra,26.23,94.26083333,2022-05-29 02:00:00,1.5
Doyang Hep Reservoir,Nagaland,WOKHA,WOKHA,-,Dhansiri,Brahmaputra,26.23,94.26083333,2022-05-30 11:00:00,16.5
Doyang Hep Reservoir,Nagaland,WOKHA,WOKHA,-,Dhansiri,Brahmaputra,26.23,94.26083333,2022-05-30 14:00:00,26.5
Doyang Hep Reservoir,Nagaland,WOKHA,WOKHA,-,Dhansiri,Brahmaputra,26.23,94.26083333,2022-05-30 15:00:00,26.5
Doyang Hep Reservoir,Nagaland,WOKHA,WOKHA,-,Dhansiri,Brahmaputra,26.23,94.26083333,2022-05-30 16:00:00,27.0
Doyang Hep Reservoir,Nagaland,WOKHA,WOKHA,-,Dhansiri,Brahmaputra,26.23,94.26083333,2022-05-30 21:00:00,27.0
Doyang Hep Reservoir,Nagaland,WOKHA,WOKHA,-,Dhansiri,Brahmaputra,26.23,94.26083333,2022-05-30 23:00:00,27.0
Doyang Hep Reservoir,Nagaland,WOKHA,WOKHA,-,Dhansiri,Brahmaputra,26.23,94.26083333,2022-05-31 17:00:00,4.0
Doyang Hep Reservoir,Nagaland,WOKHA,WOKHA,-,Dhansiri,Brahmaputra,26.23,94.26083333,2022-05-31 18:00:00,27.5
Doyang Hep Reservoir,Nagaland,WOKHA,WOKHA,-,Dhansiri,Brahmaputra,26.23,94.26083333,2022-05-31 19:00:00,40.5
Doyang Hep Reservoir,Nagaland,WOKHA,WOKHA,-,Dhansiri,Brahmaputra,26.23,94.26083333,2022-05-31 21:00:00,51.5
Doyang Hep Reservoir,Nagaland,WOKHA,WOKHA,-,Dhansiri,Brahmaputra,26.23,94.26083333,2022-06-01 00:00:00,52.0
Doyang Hep Reservoir,Nagaland,WOKHA,WOKHA,-,Dhansiri,Brahmaputra,26.23,94.26083333,2022-06-02 09:00:00,0.5
Doyang Hep Reservoir,Nagaland,WOKHA,WOKHA,-,Dhansiri,Brahmaputra,26.23,94.26083333,2022-06-02 11:00:00,0.5
Doyang Hep Reservoir,Nagaland,WOKHA,WOKHA,-,Dhansiri,Brahmaputra,26.23,94.26083333,2022-06-02 13:00:00,0.5
Doyang Hep Reservoir,Nagaland,WOKHA,WOKHA,-,Dhansiri,Brahmaputra,26.23,94.26083333,2022-06-02 14:00:00,0.5
Doyang Hep Reservoir,Nagaland,WOKHA,WOKHA,-,Dhansiri,Brahmaputra,26.23,94.26083333,2022-06-02 15:00:00,0.5
Doyang Hep Reservoir,Nagaland,WOKHA,WOKHA,-,Dhansiri,Brahmaputra,26.23,94.26083333,2022-06-02 17:00:00,0.5
Doyang Hep Reservoir,Nagaland,WOKHA,WOKHA,-,Dhansiri,Brahmaputra,26.23,94.26083333,2022-06-02 19:00:00,0.5
Doyang Hep Reservoir,Nagaland,WOKHA,WOKHA,-,Dhansiri,Brahmaputra,26.23,94.26083333,2022-06-02 21:00:00,0.5
Doyang Hep Reservoir,Nagaland,WOKHA,WOKHA,-,Dhansiri,Brahmaputra,26.23,94.26083333,2022-06-02 22:00:00,0.5
Doyang Hep Reservoir,Nagaland,WOKHA,WOKHA,-,Dhansiri,Brahmaputra,26.23,94.26083333,2022-06-02 23:00:00,0.5
Doyang Hep Reservoir,Nagaland,WOKHA,WOKHA,-,Dhansiri,Brahmaputra,26.23,94.26083333,2022-06-03 00:00:00,0.5
Doyang Hep Reservoir,Nagaland,WOKHA,WOKHA,-,Dhansiri,Brahmaputra,26.23,94.26083333,2022-06-03 01:00:00,0.5
Doyang Hep Reservoir,Nagaland,WOKHA,WOKHA,-,Dhansiri,Brahmaputra,26.23,94.26083333,2022-06-03 02:00:00,0.5
Doyang Hep Reservoir,Nagaland,WOKHA,WOKHA,-,Dhansiri,Brahmaputra,26.23,94.26083333,2022-06-03 03:00:00,0.5
Doyang Hep Reservoir,Nagaland,WOKHA,WOKHA,-,Dhansiri,Brahmaputra,26.23,94.26083333,2022-06-03 11:00:00,5.0
Doyang Hep Reservoir,Nagaland,WOKHA,WOKHA,-,Dhansiri,Brahmaputra,26.23,94.26083333,2022-06-03 13:00:00,5.0
Doyang Hep Reservoir,Nagaland,WOKHA,WOKHA,-,Dhansiri,Brahmaputra,26.23,94.26083333,2022-06-03 14:00:00,5.0
Doyang Hep Reservoir,Nagaland,WOKHA,WOKHA,-,Dhansiri,Brahmaputra,26.23,94.26083333,2022-06-03 15:00:00,5.0
Doyang Hep Reservoir,Nagaland,WOKHA,WOKHA,-,Dhansiri,Brahmaputra,26.23,94.26083333,2022-06-03 22:00:00,13.0
Doyang Hep Reservoir,Nagaland,WOKHA,WOKHA,-,Dhansiri,Brahmaputra,26.23,94.26083333,2022-06-04 00:00:00,13.0
Doyang Hep Reservoir,Nagaland,WOKHA,WOKHA,-,Dhansiri,Brahmaputra,26.23,94.26083333,2022-06-07 13:00:00,19.0
Doyang Hep Reservoir,Nagaland,WOKHA,WOKHA,-,Dhansiri,Brahmaputra,26.23,94.26083333,2022-06-07 14:00:00,19.0
Doyang Hep Reservoir,Nagaland,WOKHA,WOKHA,-,Dhansiri,Brahmaputra,26.23,94.26083333,2022-06-07 16:00:00,19.0
Doyang Hep Reservoir,Nagaland,WOKHA,WOKHA,-,Dhansiri,Brahmaputra,26.23,94.26083333,2022-06-07 18:00:00,19.0
Doyang Hep Reservoir,Nagaland,WOKHA,WOKHA,-,Dhansiri,Brahmaputra,26.23,94.26083333,2022-06-07 21:00:00,19.0
Doyang Hep Reservoir,Nagaland,WOKHA,WOKHA,-,Dhansiri,Brahmaputra,26.23,94.26083333,2022-06-08 00:00:00,19.0
Doyang Hep Reservoir,Nagaland,WOKHA,WOKHA,-,Dhansiri,Brahmaputra,26.23,94.26083333,2022-06-08 01:00:00,19.0
Doyang Hep Reservoir,Nagaland,WOKHA,WOKHA,-,Dhansiri,Brahmaputra,26.23,94.26083333,2022-06-08 02:00:00,19.0
Doyang Hep Reservoir,Nagaland,WOKHA,WOKHA,-,Dhansiri,Brahmaputra,26.23,94.26083333,2022-06-08 03:00:00,19.0
Doyang Hep Reservoir,Nagaland,WOKHA,WOKHA,-,Dhansiri,Brahmaputra,26.23,94.26083333,2022-06-08 12:00:00,2.5
Doyang Hep Reservoir,Nagaland,WOKHA,WOKHA,-,Dhansiri,Brahmaputra,26.23,94.26083333,2022-06-08 13:00:00,2.5
Doyang Hep Reservoir,Nagaland,WOKHA,WOKHA,-,Dhansiri,Brahmaputra,26.23,94.26083333,2022-06-08 17:00:00,2.5
Doyang Hep Reservoir,Nagaland,WOKHA,WOKHA,-,Dhansiri,Brahmaputra,26.23,94.26083333,2022-06-08 19:00:00,2.5
Doyang Hep Reservoir,Nagaland,WOKHA,WOKHA,-,Dhansiri,Brahmaputra,26.23,94.26083333,2022-06-08 20:00:00,2.5
Doyang Hep Reservoir,Nagaland,WOKHA,WOKHA,-,Dhansiri,Brahmaputra,26.23,94.26083333,2022-06-08 23:00:00,2.5
Doyang Hep Reservoir,Nagaland,WOKHA,WOKHA,-,Dhansiri,Brahmaputra,26.23,94.26083333,2022-06-09 02:00:00,2.5
Doyang Hep Reservoir,Nagaland,WOKHA,WOKHA,-,Dhansiri,Brahmaputra,26.23,94.26083333,2022-06-09 03:00:00,2.5
Doyang Hep Reservoir,Nagaland,WOKHA,WOKHA,-,Dhansiri,Brahmaputra,26.23,94.26083333,2022-06-09 13:00:00,10.0
Doyang Hep Reservoir,Nagaland,WOKHA,WOKHA,-,Dhansiri,Brahmaputra,26.23,94.26083333,2022-06-09 14:00:00,10.0
Doyang Hep Reservoir,Nagaland,WOKHA,WOKHA,-,Dhansiri,Brahmaputra,26.23,94.26083333,2022-06-09 15:00:00,10.0
Doyang Hep Reservoir,Nagaland,WOKHA,WOKHA,-,Dhansiri,Brahmaputra,26.23,94.26083333,2022-06-09 17:00:00,10.0
Doyang Hep Reservoir,Nagaland,WOKHA,WOKHA,-,Dhansiri,Brahmaputra,26.23,94.26083333,2022-06-09 18:00:00,10.0
Doyang Hep Reservoir,Nagaland,WOKHA,WOKHA,-,Dhansiri,Brahmaputra,26.23,94.26083333,2022-06-10 02:00:00,10.5
Doyang Hep Reservoir,Nagaland,WOKHA,WOKHA,-,Dhansiri,Brahmaputra,26.23,94.26083333,2022-06-10 08:00:00,1.5
Doyang Hep Reservoir,Nagaland,WOKHA,WOKHA,-,Dhansiri,Brahmaputra,26.23,94.26083333,2022-06-10 10:00:00,2.0
Doyang Hep Reservoir,Nagaland,WOKHA,WOKHA,-,Dhansiri,Brahmaputra,26.23,94.26083333,2022-06-10 11:00:00,2.0
Doyang Hep Reservoir,Nagaland,WOKHA,WOKHA,-,Dhansiri,Brahmaputra,26.23,94.26083333,2022-06-10 14:00:00,2.0
Doyang Hep Reservoir,Nagaland,WOKHA,WOKHA,-,Dhansiri,Brahmaputra,26.23,94.26083333,2022-06-10 16:00:00,2.0
Doyang Hep Reservoir,Nagaland,WOKHA,WOKHA,-,Dhansiri,Brahmaputra,26.23,94.26083333,2022-06-10 17:00:00,2.0
Doyang Hep Reservoir,Nagaland,WOKHA,WOKHA,-,Dhansiri,Brahmaputra,26.23,94.26083333,2022-06-10 18:00:00,2.0
Doyang Hep Reservoir,Nagaland,WOKHA,WOKHA,-,Dhansiri,Brahmaputra,26.23,94.26083333,2022-06-10 19:00:00,2.0
Doyang Hep Reservoir,Nagaland,WOKHA,WOKHA,-,Dhansiri,Brahmaputra,26.23,94.26083333,2022-06-14 01:00:00,0.5
Doyang Hep Reservoir,Nagaland,WOKHA,WOKHA,-,Dhansiri,Brahmaputra,26.23,94.26083333,2022-06-14 03:00:00,0.5
Doyang Hep Reservoir,Nagaland,WOKHA,WOKHA,-,Dhansiri,Brahmaputra,26.23,94.26083333,2022-06-14 07:00:00,0.5
Doyang Hep Reservoir,Nagaland,WOKHA,WOKHA,-,Dhansiri,Brahmaputra,26.23,94.26083333,2022-06-14 11:00:00,6.0
Doyang Hep Reservoir,Nagaland,WOKHA,WOKHA,-,Dhansiri,Brahmaputra,26.23,94.26083333,2022-06-14 18:00:00,6.0
Doyang Hep Reservoir,Nagaland,WOKHA,WOKHA,-,Dhansiri,Brahmaputra,26.23,94.26083333,2022-06-14 19:00:00,6.5
Doyang Hep Reservoir,Nagaland,WOKHA,WOKHA,-,Dhansiri,Brahmaputra,26.23,94.26083333,2022-06-14 21:00:00,6.5
Doyang Hep Reservoir,Nagaland,WOKHA,WOKHA,-,Dhansiri,Brahmaputra,26.23,94.26083333,2022-06-14 22:00:00,6.5
Doyang Hep Reservoir,Nagaland,WOKHA,WOKHA,-,Dhansiri,Brahmaputra,26.23,94.26083333,2022-06-14 23:00:00,6.5
Doyang Hep Reservoir,Nagaland,WOKHA,WOKHA,-,Dhansiri,Brahmaputra,26.23,94.26083333,2022-06-15 00:00:00,6.5
Doyang Hep Reservoir,Nagaland,WOKHA,WOKHA,-,Dhansiri,Brahmaputra,26.23,94.26083333,2022-06-15 01:00:00,6.5
Doyang Hep Reservoir,Nagaland,WOKHA,WOKHA,-,Dhansiri,Brahmaputra,26.23,94.26083333,2022-06-15 03:00:00,6.5
Doyang Hep Reservoir,Nagaland,WOKHA,WOKHA,-,Dhansiri,Brahmaputra,26.23,94.26083333,2022-06-15 11:00:00,4.0
Doyang Hep Reservoir,Nagaland,WOKHA,WOKHA,-,Dhansiri,Brahmaputra,26.23,94.26083333,2022-06-15 15:00:00,4.0
Doyang Hep Reservoir,Nagaland,WOKHA,WOKHA,-,Dhansiri,Brahmaputra,26.23,94.26083333,2022-06-15 16:00:00,4.0
Doyang Hep Reservoir,Nagaland,WOKHA,WOKHA,-,Dhansiri,Brahmaputra,26.23,94.26083333,2022-06-15 20:00:00,4.5
Doyang Hep Reservoir,Nagaland,WOKHA,WOKHA,-,Dhansiri,Brahmaputra,26.23,94.26083333,2022-06-15 21:00:00,4.5
Doyang Hep Reservoir,Nagaland,WOKHA,WOKHA,-,Dhansiri,Brahmaputra,26.23,94.26083333,2022-06-15 22:00:00,4.5
Doyang Hep Reservoir,Nagaland,WOKHA,WOKHA,-,Dhansiri,Brahmaputra,26.23,94.26083333,2022-06-15 23:00:00,4.5
Doyang Hep Reservoir,Nagaland,WOKHA,WOKHA,-,Dhansiri,Brahmaputra,26.23,94.26083333,2022-06-16 00:00:00,4.5
Doyang Hep Reservoir,Nagaland,WOKHA,WOKHA,-,Dhansiri,Brahmaputra,26.23,94.26083333,2022-06-16 01:00:00,6.0
Doyang Hep Reservoir,Nagaland,WOKHA,WOKHA,-,Dhansiri,Brahmaputra,26.23,94.26083333,2022-06-16 06:00:00,1.5
Doyang Hep Reservoir,Nagaland,WOKHA,WOKHA,-,Dhansiri,Brahmaputra,26.23,94.26083333,2022-06-16 07:00:00,2.0
Doyang Hep Reservoir,Nagaland,WOKHA,WOKHA,-,Dhansiri,Brahmaputra,26.23,94.26083333,2022-06-16 11:00:00,3.0
Doyang Hep Reservoir,Nagaland,WOKHA,WOKHA,-,Dhansiri,Brahmaputra,26.23,94.26083333,2022-06-16 12:00:00,3.0
Doyang Hep Reservoir,Nagaland,WOKHA,WOKHA,-,Dhansiri,Brahmaputra,26.23,94.26083333,2022-06-16 14:00:00,3.0
Doyang Hep Reservoir,Nagaland,WOKHA,WOKHA,-,Dhansiri,Brahmaputra,26.23,94.26083333,2022-06-16 17:00:00,3.0
Doyang Hep Reservoir,Nagaland,WOKHA,WOKHA,-,Dhansiri,Brahmaputra,26.23,94.26083333,2022-06-16 18:00:00,3.0
Doyang Hep Reservoir,Nagaland,WOKHA,WOKHA,-,Dhansiri,Brahmaputra,26.23,94.26083333,2022-06-16 19:00:00,3.0
Doyang Hep Reservoir,Nagaland,WOKHA,WOKHA,-,Dhansiri,Brahmaputra,26.23,94.26083333,2022-06-16 20:00:00,3.0
Doyang Hep Reservoir,Nagaland,WOKHA,WOKHA,-,Dhansiri,Brahmaputra,26.23,94.26083333,2022-06-16 21:00:00,3.0
Doyang Hep Reservoir,Nagaland,WOKHA,WOKHA,-,Dhansiri,Brahmaputra,26.23,94.26083333,2022-06-16 22:00:00,3.0
Doyang Hep Reservoir,Nagaland,WOKHA,WOKHA,-,Dhansiri,Brahmaputra,26.23,94.26083333,2022-06-17 00:00:00,3.0
Doyang Hep Reservoir,Nagaland,WOKHA,WOKHA,-,Dhansiri,Brahmaputra,26.23,94.26083333,2022-06-17 01:00:00,3.0
Doyang Hep Reservoir,Nagaland,WOKHA,WOKHA,-,Dhansiri,Brahmaputra,26.23,94.26083333,2022-06-17 02:00:00,3.5
Doyang Hep Reservoir,Nagaland,WOKHA,WOKHA,-,Dhansiri,Brahmaputra,26.23,94.26083333,2022-06-17 03:00:00,3.5
Doyang Hep Reservoir,Nagaland,WOKHA,WOKHA,-,Dhansiri,Brahmaputra,26.23,94.26083333,2022-06-17 04:00:00,2.0
Doyang Hep Reservoir,Nagaland,WOKHA,WOKHA,-,Dhansiri,Brahmaputra,26.23,94.26083333,2022-06-17 05:00:00,3.0
Doyang Hep Reservoir,Nagaland,WOKHA,WOKHA,-,Dhansiri,Brahmaputra,26.23,94.26083333,2022-06-17 06:00:00,4.0
Doyang Hep Reservoir,Nagaland,WOKHA,WOKHA,-,Dhansiri,Brahmaputra,26.23,94.26083333,2022-06-17 07:00:00,5.0
Doyang Hep Reservoir,Nagaland,WOKHA,WOKHA,-,Dhansiri,Brahmaputra,26.23,94.26083333,2022-06-17 08:00:00,5.5
Doyang Hep Reservoir,Nagaland,WOKHA,WOKHA,-,Dhansiri,Brahmaputra,26.23,94.26083333,2022-06-17 10:00:00,5.5
Doyang Hep Reservoir,Nagaland,WOKHA,WOKHA,-,Dhansiri,Brahmaputra,26.23,94.26083333,2022-06-17 11:00:00,5.5
Doyang Hep Reservoir,Nagaland,WOKHA,WOKHA,-,Dhansiri,Brahmaputra,26.23,94.26083333,2022-06-17 12:00:00,5.5
Doyang Hep Reservoir,Nagaland,WOKHA,WOKHA,-,Dhansiri,Brahmaputra,26.23,94.26083333,2022-06-17 13:00:00,5.5
Doyang Hep Reservoir,Nagaland,WOKHA,WOKHA,-,Dhansiri,Brahmaputra,26.23,94.26083333,2022-06-17 14:00:00,5.5
Doyang Hep Reservoir,Nagaland,WOKHA,WOKHA,-,Dhansiri,Brahmaputra,26.23,94.26083333,2022-06-17 15:00:00,5.5
Doyang Hep Reservoir,Nagaland,WOKHA,WOKHA,-,Dhansiri,Brahmaputra,26.23,94.26083333,2022-06-17 16:00:00,5.5
Doyang Hep Reservoir,Nagaland,WOKHA,WOKHA,-,Dhansiri,Brahmaputra,26.23,94.26083333,2022-06-17 19:00:00,5.5
Doyang Hep Reservoir,Nagaland,WOKHA,WOKHA,-,Dhansiri,Brahmaputra,26.23,94.26083333,2022-06-17 20:00:00,5.5
Doyang Hep Reservoir,Nagaland,WOKHA,WOKHA,-,Dhansiri,Brahmaputra,26.23,94.26083333,2022-06-17 21:00:00,6.0
Doyang Hep Reservoir,Nagaland,WOKHA,WOKHA,-,Dhansiri,Brahmaputra,26.23,94.26083333,2022-06-18 00:00:00,7.5
Doyang Hep Reservoir,Nagaland,WOKHA,WOKHA,-,Dhansiri,Brahmaputra,26.23,94.26083333,2022-06-18 01:00:00,7.5
Doyang Hep Reservoir,Nagaland,WOKHA,WOKHA,-,Dhansiri,Brahmaputra,26.23,94.26083333,2022-06-18 02:00:00,7.5
Doyang Hep Reservoir,Nagaland,WOKHA,WOKHA,-,Dhansiri,Brahmaputra,26.23,94.26083333,2022-06-18 03:00:00,7.5
Doyang Hep Reservoir,Nagaland,WOKHA,WOKHA,-,Dhansiri,Brahmaputra,26.23,94.26083333,2022-06-19 04:00:00,0.5
Doyang Hep Reservoir,Nagaland,WOKHA,WOKHA,-,Dhansiri,Brahmaputra,26.23,94.26083333,2022-06-19 09:00:00,0.5
Doyang Hep Reservoir,Nagaland,WOKHA,WOKHA,-,Dhansiri,Brahmaputra,26.23,94.26083333,2022-06-19 12:00:00,0.5
Doyang Hep Reservoir,Nagaland,WOKHA,WOKHA,-,Dhansiri,Brahmaputra,26.23,94.26083333,2022-06-19 13:00:00,0.5
Doyang Hep Reservoir,Nagaland,WOKHA,WOKHA,-,Dhansiri,Brahmaputra,26.23,94.26083333,2022-06-19 16:00:00,0.5
Doyang Hep Reservoir,Nagaland,WOKHA,WOKHA,-,Dhansiri,Brahmaputra,26.23,94.26083333,2022-06-19 21:00:00,0.5
Doyang Hep Reservoir,Nagaland,WOKHA,WOKHA,-,Dhansiri,Brahmaputra,26.23,94.26083333,2022-06-19 23:00:00,0.5
Doyang Hep Reservoir,Nagaland,WOKHA,WOKHA,-,Dhansiri,Brahmaputra,26.23,94.26083333,2022-06-20 00:00:00,0.5
Doyang Hep Reservoir,Nagaland,WOKHA,WOKHA,-,Dhansiri,Brahmaputra,26.23,94.26083333,2022-06-20 01:00:00,0.5
Doyang Hep Reservoir,Nagaland,WOKHA,WOKHA,-,Dhansiri,Brahmaputra,26.23,94.26083333,2022-06-20 02:00:00,0.5
Doyang Hep Reservoir,Nagaland,WOKHA,WOKHA,-,Dhansiri,Brahmaputra,26.23,94.26083333,2022-06-20 14:00:00,26.5
Doyang Hep Reservoir,Nagaland,WOKHA,WOKHA,-,Dhansiri,Brahmaputra,26.23,94.26083333,2022-06-20 16:00:00,27.0
Doyang Hep Reservoir,Nagaland,WOKHA,WOKHA,-,Dhansiri,Brahmaputra,26.23,94.26083333,2022-06-20 19:00:00,27.0
Doyang Hep Reservoir,Nagaland,WOKHA,WOKHA,-,Dhansiri,Brahmaputra,26.23,94.26083333,2022-06-20 20:00:00,27.0
Doyang Hep Reservoir,Nagaland,WOKHA,WOKHA,-,Dhansiri,Brahmaputra,26.23,94.26083333,2022-06-20 23:00:00,27.0
Doyang Hep Reservoir,Nagaland,WOKHA,WOKHA,-,Dhansiri,Brahmaputra,26.23,94.26083333,2022-06-21 02:00:00,27.0
Doyang Hep Reservoir,Nagaland,WOKHA,WOKHA,-,Dhansiri,Brahmaputra,26.23,94.26083333,2022-06-21 15:00:00,1.5
Doyang Hep Reservoir,Nagaland,WOKHA,WOKHA,-,Dhansiri,Brahmaputra,26.23,94.26083333,2022-06-21 17:00:00,15.0
Doyang Hep Reservoir,Nagaland,WOKHA,WOKHA,-,Dhansiri,Brahmaputra,26.23,94.26083333,2022-06-21 19:00:00,15.5
Doyang Hep Reservoir,Nagaland,WOKHA,WOKHA,-,Dhansiri,Brahmaputra,26.23,94.26083333,2022-06-21 21:00:00,59.0
Doyang Hep Reservoir,Nagaland,WOKHA,WOKHA,-,Dhansiri,Brahmaputra,26.23,94.26083333,2022-06-21 22:00:00,63.0
Doyang Hep Reservoir,Nagaland,WOKHA,WOKHA,-,Dhansiri,Brahmaputra,26.23,94.26083333,2022-06-22 01:00:00,74.0
Doyang Hep Reservoir,Nagaland,WOKHA,WOKHA,-,Dhansiri,Brahmaputra,26.23,94.26083333,2022-06-22 21:00:00,4.0
Doyang Hep Reservoir,Nagaland,WOKHA,WOKHA,-,Dhansiri,Brahmaputra,26.23,94.26083333,2022-06-22 23:00:00,4.0
Doyang Hep Reservoir,Nagaland,WOKHA,WOKHA,-,Dhansiri,Brahmaputra,26.23,94.26083333,2022-06-24 20:00:00,36.5
Doyang Hep Reservoir,Nagaland,WOKHA,WOKHA,-,Dhansiri,Brahmaputra,26.23,94.26083333,2022-06-24 22:00:00,40.0
Doyang Hep Reservoir,Nagaland,WOKHA,WOKHA,-,Dhansiri,Brahmaputra,26.23,94.26083333,2022-06-24 23:00:00,40.5
Doyang Hep Reservoir,Nagaland,WOKHA,WOKHA,-,Dhansiri,Brahmaputra,26.23,94.26083333,2022-06-25 01:00:00,40.5
Doyang Hep Reservoir,Nagaland,WOKHA,WOKHA,-,Dhansiri,Brahmaputra,26.23,94.26083333,2022-06-25 03:00:00,40.5
Doyang Hep Reservoir,Nagaland,WOKHA,WOKHA,-,Dhansiri,Brahmaputra,26.23,94.26083333,2022-06-28 07:00:00,5.0
Doyang Hep Reservoir,Nagaland,WOKHA,WOKHA,-,Dhansiri,Brahmaputra,26.23,94.26083333,2022-06-28 11:00:00,6.0
Doyang Hep Reservoir,Nagaland,WOKHA,WOKHA,-,Dhansiri,Brahmaputra,26.23,94.26083333,2022-06-28 15:00:00,6.0
Doyang Hep Reservoir,Nagaland,WOKHA,WOKHA,-,Dhansiri,Brahmaputra,26.23,94.26083333,2022-06-28 19:00:00,6.0
Doyang Hep Reservoir,Nagaland,WOKHA,WOKHA,-,Dhansiri,Brahmaputra,26.23,94.26083333,2022-06-28 22:00:00,6.0
Doyang Hep Reservoir,Nagaland,WOKHA,WOKHA,-,Dhansiri,Brahmaputra,26.23,94.26083333,2022-06-29 03:00:00,6.0
Doyang Hep Reservoir,Nagaland,WOKHA,WOKHA,-,Dhansiri,Brahmaputra,26.23,94.26083333,2022-06-29 09:00:00,11.0
Doyang Hep Reservoir,Nagaland,WOKHA,WOKHA,-,Dhansiri,Brahmaputra,26.23,94.26083333,2022-06-29 13:00:00,18.0
Doyang Hep Reservoir,Nagaland,WOKHA,WOKHA,-,Dhansiri,Brahmaputra,26.23,94.26083333,2022-06-29 15:00:00,18.0
Doyang Hep Reservoir,Nagaland,WOKHA,WOKHA,-,Dhansiri,Brahmaputra,26.23,94.26083333,2022-06-29 18:00:00,18.0
Doyang Hep Reservoir,Nagaland,WOKHA,WOKHA,-,Dhansiri,Brahmaputra,26.23,94.26083333,2022-06-29 19:00:00,18.0
Doyang Hep Reservoir,Nagaland,WOKHA,WOKHA,-,Dhansiri,Brahmaputra,26.23,94.26083333,2022-06-29 22:00:00,18.0
Doyang Hep Reservoir,Nagaland,WOKHA,WOKHA,-,Dhansiri,Brahmaputra,26.23,94.26083333,2022-06-30 07:00:00,1.0
Doyang Hep Reservoir,Nagaland,WOKHA,WOKHA,-,Dhansiri,Brahmaputra,26.23,94.26083333,2022-06-30 12:00:00,1.0
Doyang Hep Reservoir,Nagaland,WOKHA,WOKHA,-,Dhansiri,Brahmaputra,26.23,94.26083333,2022-06-30 13:00:00,1.0
Doyang Hep Reservoir,Nagaland,WOKHA,WOKHA,-,Dhansiri,Brahmaputra,26.23,94.26083333,2022-06-30 15:00:00,1.0
Doyang Hep Reservoir,Nagaland,WOKHA,WOKHA,-,Dhansiri,Brahmaputra,26.23,94.26083333,2022-06-30 18:00:00,1.0
Doyang Hep Reservoir,Nagaland,WOKHA,WOKHA,-,Dhansiri,Brahmaputra,26.23,94.26083333,2022-06-30 19:00:00,1.0
Doyang Hep Reservoir,Nagaland,WOKHA,WOKHA,-,Dhansiri,Brahmaputra,26.23,94.26083333,2022-06-30 21:00:00,1.0
Doyang Hep Reservoir,Nagaland,WOKHA,WOKHA,-,Dhansiri,Brahmaputra,26.23,94.26083333,2022-06-30 22:00:00,1.0
Doyang Hep Reservoir,Nagaland,WOKHA,WOKHA,-,Dhansiri,Brahmaputra,26.23,94.26083333,2022-06-30 23:00:00,1.0
Doyang Hep Reservoir,Nagaland,WOKHA,WOKHA,-,Dhansiri,Brahmaputra,26.23,94.26083333,2022-07-01 01:00:00,1.0
Doyang Hep Reservoir,Nagaland,WOKHA,WOKHA,-,Dhansiri,Brahmaputra,26.23,94.26083333,2022-07-01 02:00:00,1.0
Doyang Hep Reservoir,Nagaland,WOKHA,WOKHA,-,Dhansiri,Brahmaputra,26.23,94.26083333,2022-07-01 03:00:00,1.0
Doyang Hep Reservoir,Nagaland,WOKHA,WOKHA,-,Dhansiri,Brahmaputra,26.23,94.26083333,2022-07-02 12:00:00,5.5
Doyang Hep Reservoir,Nagaland,WOKHA,WOKHA,-,Dhansiri,Brahmaputra,26.23,94.26083333,2022-07-02 14:00:00,14.0
Doyang Hep Reservoir,Nagaland,WOKHA,WOKHA,-,Dhansiri,Brahmaputra,26.23,94.26083333,2022-07-02 15:00:00,14.0
Doyang Hep Reservoir,Nagaland,WOKHA,WOKHA,-,Dhansiri,Brahmaputra,26.23,94.26083333,2022-07-02 16:00:00,14.0
Doyang Hep Reservoir,Nagaland,WOKHA,WOKHA,-,Dhansiri,Brahmaputra,26.23,94.26083333,2022-07-02 20:00:00,14.0
Doyang Hep Reservoir,Nagaland,WOKHA,WOKHA,-,Dhansiri,Brahmaputra,26.23,94.26083333,2022-07-02 21:00:00,14.0
Doyang Hep Reservoir,Nagaland,WOKHA,WOKHA,-,Dhansiri,Brahmaputra,26.23,94.26083333,2022-07-02 22:00:00,14.0
Doyang Hep Reservoir,Nagaland,WOKHA,WOKHA,-,Dhansiri,Brahmaputra,26.23,94.26083333,2022-07-03 00:00:00,14.0
Doyang Hep Reservoir,Nagaland,WOKHA,WOKHA,-,Dhansiri,Brahmaputra,26.23,94.26083333,2022-07-03 01:00:00,14.5
Doyang Hep Reservoir,Nagaland,WOKHA,WOKHA,-,Dhansiri,Brahmaputra,26.23,94.26083333,2022-07-03 02:00:00,15.5
Doyang Hep Reservoir,Nagaland,WOKHA,WOKHA,-,Dhansiri,Brahmaputra,26.23,94.26083333,2022-07-05 17:00:00,3.5
Doyang Hep Reservoir,Nagaland,WOKHA,WOKHA,-,Dhansiri,Brahmaputra,26.23,94.26083333,2022-07-05 18:00:00,10.0
Doyang Hep Reservoir,Nagaland,WOKHA,WOKHA,-,Dhansiri,Brahmaputra,26.23,94.26083333,2022-07-05 19:00:00,10.0
Doyang Hep Reservoir,Nagaland,WOKHA,WOKHA,-,Dhansiri,Brahmaputra,26.23,94.26083333,2022-07-05 20:00:00,10.0
Doyang Hep Reservoir,Nagaland,WOKHA,WOKHA,-,Dhansiri,Brahmaputra,26.23,94.26083333,2022-07-05 21:00:00,10.0
Doyang Hep Reservoir,Nagaland,WOKHA,WOKHA,-,Dhansiri,Brahmaputra,26.23,94.26083333,2022-07-05 22:00:00,10.0
Doyang Hep Reservoir,Nagaland,WOKHA,WOKHA,-,Dhansiri,Brahmaputra,26.23,94.26083333,2022-07-05 23:00:00,10.0
Doyang Hep Reservoir,Nagaland,WOKHA,WOKHA,-,Dhansiri,Brahmaputra,26.23,94.26083333,2022-07-06 00:00:00,10.0
Doyang Hep Reservoir,Nagaland,WOKHA,WOKHA,-,Dhansiri,Brahmaputra,26.23,94.26083333,2022-07-06 01:00:00,10.0
Doyang Hep Reservoir,Nagaland,WOKHA,WOKHA,-,Dhansiri,Brahmaputra,26.23,94.26083333,2022-07-06 02:00:00,10.0
Doyang Hep Reservoir,Nagaland,WOKHA,WOKHA,-,Dhansiri,Brahmaputra,26.23,94.26083333,2022-07-06 03:00:00,10.0
Doyang Hep Reservoir,Nagaland,WOKHA,WOKHA,-,Dhansiri,Brahmaputra,26.23,94.26083333,2022-07-08 00:00:00,2.0
Doyang Hep Reservoir,Nagaland,WOKHA,WOKHA,-,Dhansiri,Brahmaputra,26.23,94.26083333,2022-07-08 01:00:00,21.5
Doyang Hep Reservoir,Nagaland,WOKHA,WOKHA,-,Dhansiri,Brahmaputra,26.23,94.26083333,2022-07-08 02:00:00,24.5
Doyang Hep Reservoir,Nagaland,WOKHA,WOKHA,-,Dhansiri,Brahmaputra,26.23,94.26083333,2022-07-08 03:00:00,25.5
Doyang Hep Reservoir,Nagaland,WOKHA,WOKHA,-,Dhansiri,Brahmaputra,26.23,94.26083333,2022-07-08 07:00:00,0.5
Doyang Hep Reservoir,Nagaland,WOKHA,WOKHA,-,Dhansiri,Brahmaputra,26.23,94.26083333,2022-07-08 08:00:00,0.5
Doyang Hep Reservoir,Nagaland,WOKHA,WOKHA,-,Dhansiri,Brahmaputra,26.23,94.26083333,2022-07-08 11:00:00,0.5
Doyang Hep Reservoir,Nagaland,WOKHA,WOKHA,-,Dhansiri,Brahmaputra,26.23,94.26083333,2022-07-08 13:00:00,0.5
Doyang Hep Reservoir,Nagaland,WOKHA,WOKHA,-,Dhansiri,Brahmaputra,26.23,94.26083333,2022-07-08 19:00:00,0.5
Doyang Hep Reservoir,Nagaland,WOKHA,WOKHA,-,Dhansiri,Brahmaputra,26.23,94.26083333,2022-07-08 21:00:00,0.5
Doyang Hep Reservoir,Nagaland,WOKHA,WOKHA,-,Dhansiri,Brahmaputra,26.23,94.26083333,2022-07-09 00:00:00,0.5
Doyang Hep Reservoir,Nagaland,WOKHA,WOKHA,-,Dhansiri,Brahmaputra,26.23,94.26083333,2022-07-09 02:00:00,0.5
Doyang Hep Reservoir,Nagaland,WOKHA,WOKHA,-,Dhansiri,Brahmaputra,26.23,94.26083333,2022-07-09 03:00:00,0.5
Doyang Hep Reservoir,Nagaland,WOKHA,WOKHA,-,Dhansiri,Brahmaputra,26.23,94.26083333,2022-07-10 12:00:00,11.5
Doyang Hep Reservoir,Nagaland,WOKHA,WOKHA,-,Dhansiri,Brahmaputra,26.23,94.26083333,2022-07-10 14:00:00,11.5
Doyang Hep Reservoir,Nagaland,WOKHA,WOKHA,-,Dhansiri,Brahmaputra,26.23,94.26083333,2022-07-10 16:00:00,11.5
Doyang Hep Reservoir,Nagaland,WOKHA,WOKHA,-,Dhansiri,Brahmaputra,26.23,94.26083333,2022-07-10 18:00:00,11.5
Doyang Hep Reservoir,Nagaland,WOKHA,WOKHA,-,Dhansiri,Brahmaputra,26.23,94.26083333,2022-07-10 19:00:00,11.5
Doyang Hep Reservoir,Nagaland,WOKHA,WOKHA,-,Dhansiri,Brahmaputra,26.23,94.26083333,2022-07-10 21:00:00,11.5
Doyang Hep Reservoir,Nagaland,WOKHA,WOKHA,-,Dhansiri,Brahmaputra,26.23,94.26083333,2022-07-10 22:00:00,11.5
Doyang Hep Reservoir,Nagaland,WOKHA,WOKHA,-,Dhansiri,Brahmaputra,26.23,94.26083333,2022-07-10 23:00:00,11.5
Doyang Hep Reservoir,Nagaland,WOKHA,WOKHA,-,Dhansiri,Brahmaputra,26.23,94.26083333,2022-07-11 00:00:00,11.5
Doyang Hep Reservoir,Nagaland,WOKHA,WOKHA,-,Dhansiri,Brahmaputra,26.23,94.26083333,2022-07-11 01:00:00,11.5
Doyang Hep Reservoir,Nagaland,WOKHA,WOKHA,-,Dhansiri,Brahmaputra,26.23,94.26083333,2022-07-11 02:00:00,11.5
Doyang Hep Reservoir,Nagaland,WOKHA,WOKHA,-,Dhansiri,Brahmaputra,26.23,94.26083333,2022-07-11 03:00:00,11.5
Doyang Hep Reservoir,Nagaland,WOKHA,WOKHA,-,Dhansiri,Brahmaputra,26.23,94.26083333,2022-07-11 14:00:00,2.0
Doyang Hep Reservoir,Nagaland,WOKHA,WOKHA,-,Dhansiri,Brahmaputra,26.23,94.26083333,2022-07-11 15:00:00,6.5
Doyang Hep Reservoir,Nagaland,WOKHA,WOKHA,-,Dhansiri,Brahmaputra,26.23,94.26083333,2022-07-11 16:00:00,19.0
Doyang Hep Reservoir,Nagaland,WOKHA,WOKHA,-,Dhansiri,Brahmaputra,26.23,94.26083333,2022-07-11 17:00:00,20.5
Doyang Hep Reservoir,Nagaland,WOKHA,WOKHA,-,Dhansiri,Brahmaputra,26.23,94.26083333,2022-07-11 18:00:00,20.5
Doyang Hep Reservoir,Nagaland,WOKHA,WOKHA,-,Dhansiri,Brahmaputra,26.23,94.26083333,2022-07-11 19:00:00,20.5
Doyang Hep Reservoir,Nagaland,WOKHA,WOKHA,-,Dhansiri,Brahmaputra,26.23,94.26083333,2022-07-11 20:00:00,20.5
Doyang Hep Reservoir,Nagaland,WOKHA,WOKHA,-,Dhansiri,Brahmaputra,26.23,94.26083333,2022-07-11 21:00:00,20.5
Doyang Hep Reservoir,Nagaland,WOKHA,WOKHA,-,Dhansiri,Brahmaputra,26.23,94.26083333,2022-07-11 22:00:00,20.5
Doyang Hep Reservoir,Nagaland,WOKHA,WOKHA,-,Dhansiri,Brahmaputra,26.23,94.26083333,2022-07-11 23:00:00,20.5
Doyang Hep Reservoir,Nagaland,WOKHA,WOKHA,-,Dhansiri,Brahmaputra,26.23,94.26083333,2022-07-12 00:00:00,20.5
Doyang Hep Reservoir,Nagaland,WOKHA,WOKHA,-,Dhansiri,Brahmaputra,26.23,94.26083333,2022-07-12 01:00:00,20.5
Doyang Hep Reservoir,Nagaland,WOKHA,WOKHA,-,Dhansiri,Brahmaputra,26.23,94.26083333,2022-07-12 02:00:00,11.5
Doyang Hep Reservoir,Nagaland,WOKHA,WOKHA,-,Dhansiri,Brahmaputra,26.23,94.26083333,2022-07-12 03:00:00,20.5
Doyang Hep Reservoir,Nagaland,WOKHA,WOKHA,-,Dhansiri,Brahmaputra,26.23,94.26083333,2022-07-16 16:00:00,0.5
Doyang Hep Reservoir,Nagaland,WOKHA,WOKHA,-,Dhansiri,Brahmaputra,26.23,94.26083333,2022-07-16 17:00:00,0.5
Doyang Hep Reservoir,Nagaland,WOKHA,WOKHA,-,Dhansiri,Brahmaputra,26.23,94.26083333,2022-07-16 18:00:00,0.5
Doyang Hep Reservoir,Nagaland,WOKHA,WOKHA,-,Dhansiri,Brahmaputra,26.23,94.26083333,2022-07-16 19:00:00,0.5
Doyang Hep Reservoir,Nagaland,WOKHA,WOKHA,-,Dhansiri,Brahmaputra,26.23,94.26083333,2022-07-16 20:00:00,0.5
Doyang Hep Reservoir,Nagaland,WOKHA,WOKHA,-,Dhansiri,Brahmaputra,26.23,94.26083333,2022-07-16 21:00:00,0.5
Doyang Hep Reservoir,Nagaland,WOKHA,WOKHA,-,Dhansiri,Brahmaputra,26.23,94.26083333,2022-07-17 00:00:00,0.5
Doyang Hep Reservoir,Nagaland,WOKHA,WOKHA,-,Dhansiri,Brahmaputra,26.23,94.26083333,2022-07-17 01:00:00,0.5
Doyang Hep Reservoir,Nagaland,WOKHA,WOKHA,-,Dhansiri,Brahmaputra,26.23,94.26083333,2022-07-17 02:00:00,0.5
Doyang Hep Reservoir,Nagaland,WOKHA,WOKHA,-,Dhansiri,Brahmaputra,26.23,94.26083333,2022-07-17 03:00:00,0.5
Doyang Hep Reservoir,Nagaland,WOKHA,WOKHA,-,Dhansiri,Brahmaputra,26.23,94.26083333,2022-07-20 20:00:00,1.0
Doyang Hep Reservoir,Nagaland,WOKHA,WOKHA,-,Dhansiri,Brahmaputra,26.23,94.26083333,2022-07-20 21:00:00,14.0
Doyang Hep Reservoir,Nagaland,WOKHA,WOKHA,-,Dhansiri,Brahmaputra,26.23,94.26083333,2022-07-20 22:00:00,14.0
Doyang Hep Reservoir,Nagaland,WOKHA,WOKHA,-,Dhansiri,Brahmaputra,26.23,94.26083333,2022-07-20 23:00:00,15.5
Doyang Hep Reservoir,Nagaland,WOKHA,WOKHA,-,Dhansiri,Brahmaputra,26.23,94.26083333,2022-07-21 00:00:00,15.5
Doyang Hep Reservoir,Nagaland,WOKHA,WOKHA,-,Dhansiri,Brahmaputra,26.23,94.26083333,2022-07-21 01:00:00,15.5
Doyang Hep Reservoir,Nagaland,WOKHA,WOKHA,-,Dhansiri,Brahmaputra,26.23,94.26083333,2022-07-21 02:00:00,15.5
Doyang Hep Reservoir,Nagaland,WOKHA,WOKHA,-,Dhansiri,Brahmaputra,26.23,94.26083333,2022-07-21 03:00:00,15.5
Doyang Hep Reservoir,Nagaland,WOKHA,WOKHA,-,Dhansiri,Brahmaputra,26.23,94.26083333,2022-07-21 10:00:00,0.5
Doyang Hep Reservoir,Nagaland,WOKHA,WOKHA,-,Dhansiri,Brahmaputra,26.23,94.26083333,2022-07-21 11:00:00,1.5
Doyang Hep Reservoir,Nagaland,WOKHA,WOKHA,-,Dhansiri,Brahmaputra,26.23,94.26083333,2022-07-21 12:00:00,1.5
Doyang Hep Reservoir,Nagaland,WOKHA,WOKHA,-,Dhansiri,Brahmaputra,26.23,94.26083333,2022-07-21 13:00:00,1.5
Doyang Hep Reservoir,Nagaland,WOKHA,WOKHA,-,Dhansiri,Brahmaputra,26.23,94.26083333,2022-07-21 14:00:00,1.5
Doyang Hep Reservoir,Nagaland,WOKHA,WOKHA,-,Dhansiri,Brahmaputra,26.23,94.26083333,2022-07-21 15:00:00,1.5
Doyang Hep Reservoir,Nagaland,WOKHA,WOKHA,-,Dhansiri,Brahmaputra,26.23,94.26083333,2022-07-21 16:00:00,1.5
Doyang Hep Reservoir,Nagaland,WOKHA,WOKHA,-,Dhansiri,Brahmaputra,26.23,94.26083333,2022-07-21 17:00:00,1.5
Doyang Hep Reservoir,Nagaland,WOKHA,WOKHA,-,Dhansiri,Brahmaputra,26.23,94.26083333,2022-07-21 18:00:00,1.5
Doyang Hep Reservoir,Nagaland,WOKHA,WOKHA,-,Dhansiri,Brahmaputra,26.23,94.26083333,2022-07-21 19:00:00,1.5
Doyang Hep Reservoir,Nagaland,WOKHA,WOKHA,-,Dhansiri,Brahmaputra,26.23,94.26083333,2022-07-21 20:00:00,1.5
Doyang Hep Reservoir,Nagaland,WOKHA,WOKHA,-,Dhansiri,Brahmaputra,26.23,94.26083333,2022-07-21 21:00:00,1.5
Doyang Hep Reservoir,Nagaland,WOKHA,WOKHA,-,Dhansiri,Brahmaputra,26.23,94.26083333,2022-07-21 22:00:00,1.5
Doyang Hep Reservoir,Nagaland,WOKHA,WOKHA,-,Dhansiri,Brahmaputra,26.23,94.26083333,2022-07-21 23:00:00,1.5
Doyang Hep Reservoir,Nagaland,WOKHA,WOKHA,-,Dhansiri,Brahmaputra,26.23,94.26083333,2022-07-22 00:00:00,1.5
Doyang Hep Reservoir,Nagaland,WOKHA,WOKHA,-,Dhansiri,Brahmaputra,26.23,94.26083333,2022-07-22 01:00:00,1.5
Doyang Hep Reservoir,Nagaland,WOKHA,WOKHA,-,Dhansiri,Brahmaputra,26.23,94.26083333,2022-07-22 02:00:00,1.5
Doyang Hep Reservoir,Nagaland,WOKHA,WOKHA,-,Dhansiri,Brahmaputra,26.23,94.26083333,2022-07-22 03:00:00,1.5
Doyang Hep Reservoir,Nagaland,WOKHA,WOKHA,-,Dhansiri,Brahmaputra,26.23,94.26083333,2022-07-22 14:00:00,1.0
Doyang Hep Reservoir,Nagaland,WOKHA,WOKHA,-,Dhansiri,Brahmaputra,26.23,94.26083333,2022-07-22 15:00:00,1.5
Doyang Hep Reservoir,Nagaland,WOKHA,WOKHA,-,Dhansiri,Brahmaputra,26.23,94.26083333,2022-07-22 16:00:00,1.5
Doyang Hep Reservoir,Nagaland,WOKHA,WOKHA,-,Dhansiri,Brahmaputra,26.23,94.26083333,2022-07-22 17:00:00,1.5
Doyang Hep Reservoir,Nagaland,WOKHA,WOKHA,-,Dhansiri,Brahmaputra,26.23,94.26083333,2022-07-22 18:00:00,1.5
Doyang Hep Reservoir,Nagaland,WOKHA,WOKHA,-,Dhansiri,Brahmaputra,26.23,94.26083333,2022-07-22 19:00:00,1.5
Doyang Hep Reservoir,Nagaland,WOKHA,WOKHA,-,Dhansiri,Brahmaputra,26.23,94.26083333,2022-07-22 20:00:00,1.5
Doyang Hep Reservoir,Nagaland,WOKHA,WOKHA,-,Dhansiri,Brahmaputra,26.23,94.26083333,2022-07-22 21:00:00,1.5
Doyang Hep Reservoir,Nagaland,WOKHA,WOKHA,-,Dhansiri,Brahmaputra,26.23,94.26083333,2022-07-22 22:00:00,1.5
Doyang Hep Reservoir,Nagaland,WOKHA,WOKHA,-,Dhansiri,Brahmaputra,26.23,94.26083333,2022-07-22 23:00:00,1.5
Doyang Hep Reservoir,Nagaland,WOKHA,WOKHA,-,Dhansiri,Brahmaputra,26.23,94.26083333,2022-07-23 00:00:00,1.5
Doyang Hep Reservoir,Nagaland,WOKHA,WOKHA,-,Dhansiri,Brahmaputra,26.23,94.26083333,2022-07-23 01:00:00,1.5
Doyang Hep Reservoir,Nagaland,WOKHA,WOKHA,-,Dhansiri,Brahmaputra,26.23,94.26083333,2022-07-23 02:00:00,1.5
Doyang Hep Reservoir,Nagaland,WOKHA,WOKHA,-,Dhansiri,Brahmaputra,26.23,94.26083333,2022-07-23 03:00:00,1.5
Doyang Hep Reservoir,Nagaland,WOKHA,WOKHA,-,Dhansiri,Brahmaputra,26.23,94.26083333,2022-07-23 19:00:00,3.5
Doyang Hep Reservoir,Nagaland,WOKHA,WOKHA,-,Dhansiri,Brahmaputra,26.23,94.26083333,2022-07-23 20:00:00,4.0
Doyang Hep Reservoir,Nagaland,WOKHA,WOKHA,-,Dhansiri,Brahmaputra,26.23,94.26083333,2022-07-23 21:00:00,4.0
Doyang Hep Reservoir,Nagaland,WOKHA,WOKHA,-,Dhansiri,Brahmaputra,26.23,94.26083333,2022-07-23 22:00:00,6.5
Doyang Hep Reservoir,Nagaland,WOKHA,WOKHA,-,Dhansiri,Brahmaputra,26.23,94.26083333,2022-07-23 23:00:00,22.0
Doyang Hep Reservoir,Nagaland,WOKHA,WOKHA,-,Dhansiri,Brahmaputra,26.23,94.26083333,2022-07-24 00:00:00,23.0
Doyang Hep Reservoir,Nagaland,WOKHA,WOKHA,-,Dhansiri,Brahmaputra,26.23,94.26083333,2022-07-24 01:00:00,23.0
Doyang Hep Reservoir,Nagaland,WOKHA,WOKHA,-,Dhansiri,Brahmaputra,26.23,94.26083333,2022-07-24 02:00:00,23.0
Doyang Hep Reservoir,Nagaland,WOKHA,WOKHA,-,Dhansiri,Brahmaputra,26.23,94.26083333,2022-07-24 03:00:00,23.0
Doyang Hep Reservoir,Nagaland,WOKHA,WOKHA,-,Dhansiri,Brahmaputra,26.23,94.26083333,2022-07-24 18:00:00,0.5
Doyang Hep Reservoir,Nagaland,WOKHA,WOKHA,-,Dhansiri,Brahmaputra,26.23,94.26083333,2022-07-24 19:00:00,0.5
Doyang Hep Reservoir,Nagaland,WOKHA,WOKHA,-,Dhansiri,Brahmaputra,26.23,94.26083333,2022-07-24 20:00:00,0.5
Doyang Hep Reservoir,Nagaland,WOKHA,WOKHA,-,Dhansiri,Brahmaputra,26.23,94.26083333,2022-07-24 21:00:00,0.5
Doyang Hep Reservoir,Nagaland,WOKHA,WOKHA,-,Dhansiri,Brahmaputra,26.23,94.26083333,2022-07-24 22:00:00,0.5
Doyang Hep Reservoir,Nagaland,WOKHA,WOKHA,-,Dhansiri,Brahmaputra,26.23,94.26083333,2022-07-24 23:00:00,0.5
Doyang Hep Reservoir,Nagaland,WOKHA,WOKHA,-,Dhansiri,Brahmaputra,26.23,94.26083333,2022-07-25 00:00:00,1.0
Doyang Hep Reservoir,Nagaland,WOKHA,WOKHA,-,Dhansiri,Brahmaputra,26.23,94.26083333,2022-07-25 01:00:00,1.5
Doyang Hep Reservoir,Nagaland,WOKHA,WOKHA,-,Dhansiri,Brahmaputra,26.23,94.26083333,2022-07-25 02:00:00,2.5
Doyang Hep Reservoir,Nagaland,WOKHA,WOKHA,-,Dhansiri,Brahmaputra,26.23,94.26083333,2022-07-25 03:00:00,3.5
Doyang Hep Reservoir,Nagaland,WOKHA,WOKHA,-,Dhansiri,Brahmaputra,26.23,94.26083333,2022-07-26 07:00:00,0.5
Doyang Hep Reservoir,Nagaland,WOKHA,WOKHA,-,Dhansiri,Brahmaputra,26.23,94.26083333,2022-07-26 08:00:00,0.5
Doyang Hep Reservoir,Nagaland,WOKHA,WOKHA,-,Dhansiri,Brahmaputra,26.23,94.26083333,2022-07-26 09:00:00,0.5
Doyang Hep Reservoir,Nagaland,WOKHA,WOKHA,-,Dhansiri,Brahmaputra,26.23,94.26083333,2022-07-26 10:00:00,0.5
Doyang Hep Reservoir,Nagaland,WOKHA,WOKHA,-,Dhansiri,Brahmaputra,26.23,94.26083333,2022-07-26 11:00:00,0.5
Doyang Hep Reservoir,Nagaland,WOKHA,WOKHA,-,Dhansiri,Brahmaputra,26.23,94.26083333,2022-07-26 12:00:00,0.5
Doyang Hep Reservoir,Nagaland,WOKHA,WOKHA,-,Dhansiri,Brahmaputra,26.23,94.26083333,2022-07-26 13:00:00,0.5
Doyang Hep Reservoir,Nagaland,WOKHA,WOKHA,-,Dhansiri,Brahmaputra,26.23,94.26083333,2022-07-26 14:00:00,0.5
Doyang Hep Reservoir,Nagaland,WOKHA,WOKHA,-,Dhansiri,Brahmaputra,26.23,94.26083333,2022-07-26 15:00:00,0.5
Doyang Hep Reservoir,Nagaland,WOKHA,WOKHA,-,Dhansiri,Brahmaputra,26.23,94.26083333,2022-07-26 16:00:00,0.5
Doyang Hep Reservoir,Nagaland,WOKHA,WOKHA,-,Dhansiri,Brahmaputra,26.23,94.26083333,2022-07-26 17:00:00,0.5
Doyang Hep Reservoir,Nagaland,WOKHA,WOKHA,-,Dhansiri,Brahmaputra,26.23,94.26083333,2022-07-26 18:00:00,0.5
Doyang Hep Reservoir,Nagaland,WOKHA,WOKHA,-,Dhansiri,Brahmaputra,26.23,94.26083333,2022-07-26 19:00:00,0.5
Doyang Hep Reservoir,Nagaland,WOKHA,WOKHA,-,Dhansiri,Brahmaputra,26.23,94.26083333,2022-07-26 20:00:00,0.5
Doyang Hep Reservoir,Nagaland,WOKHA,WOKHA,-,Dhansiri,Brahmaputra,26.23,94.26083333,2022-07-26 21:00:00,0.5
Doyang Hep Reservoir,Nagaland,WOKHA,WOKHA,-,Dhansiri,Brahmaputra,26.23,94.26083333,2022-07-26 22:00:00,0.5
Doyang Hep Reservoir,Nagaland,WOKHA,WOKHA,-,Dhansiri,Brahmaputra,26.23,94.26083333,2022-07-26 23:00:00,0.5
Doyang Hep Reservoir,Nagaland,WOKHA,WOKHA,-,Dhansiri,Brahmaputra,26.23,94.26083333,2022-07-27 00:00:00,0.5
Doyang Hep Reservoir,Nagaland,WOKHA,WOKHA,-,Dhansiri,Brahmaputra,26.23,94.26083333,2022-07-27 01:00:00,0.5
Doyang Hep Reservoir,Nagaland,WOKHA,WOKHA,-,Dhansiri,Brahmaputra,26.23,94.26083333,2022-07-27 02:00:00,0.5
Doyang Hep Reservoir,Nagaland,WOKHA,WOKHA,-,Dhansiri,Brahmaputra,26.23,94.26083333,2022-07-27 03:00:00,0.5
Doyang Hep Reservoir,Nagaland,WOKHA,WOKHA,-,Dhansiri,Brahmaputra,26.23,94.26083333,2022-07-27 23:00:00,1.0
Doyang Hep Reservoir,Nagaland,WOKHA,WOKHA,-,Dhansiri,Brahmaputra,26.23,94.26083333,2022-07-28 00:00:00,2.5
Doyang Hep Reservoir,Nagaland,WOKHA,WOKHA,-,Dhansiri,Brahmaputra,26.23,94.26083333,2022-07-28 01:00:00,2.5
Doyang Hep Reservoir,Nagaland,WOKHA,WOKHA,-,Dhansiri,Brahmaputra,26.23,94.26083333,2022-07-28 02:00:00,12.0
Doyang Hep Reservoir,Nagaland,WOKHA,WOKHA,-,Dhansiri,Brahmaputra,26.23,94.26083333,2022-07-28 03:00:00,16.5
Doyang Hep Reservoir,Nagaland,WOKHA,WOKHA,-,Dhansiri,Brahmaputra,26.23,94.26083333,2022-07-29 20:00:00,1.0
Doyang Hep Reservoir,Nagaland,WOKHA,WOKHA,-,Dhansiri,Brahmaputra,26.23,94.26083333,2022-07-29 21:00:00,22.5
Doyang Hep Reservoir,Nagaland,WOKHA,WOKHA,-,Dhansiri,Brahmaputra,26.23,94.26083333,2022-07-29 22:00:00,26.0
Doyang Hep Reservoir,Nagaland,WOKHA,WOKHA,-,Dhansiri,Brahmaputra,26.23,94.26083333,2022-07-29 23:00:00,30.0
Doyang Hep Reservoir,Nagaland,WOKHA,WOKHA,-,Dhansiri,Brahmaputra,26.23,94.26083333,2022-07-30 00:00:00,30.5
Doyang Hep Reservoir,Nagaland,WOKHA,WOKHA,-,Dhansiri,Brahmaputra,26.23,94.26083333,2022-07-30 01:00:00,31.0
Doyang Hep Reservoir,Nagaland,WOKHA,WOKHA,-,Dhansiri,Brahmaputra,26.23,94.26083333,2022-07-30 02:00:00,31.0
Doyang Hep Reservoir,Nagaland,WOKHA,WOKHA,-,Dhansiri,Brahmaputra,26.23,94.26083333,2022-07-30 03:00:00,31.0
Doyang Hep Reservoir,Nagaland,WOKHA,WOKHA,-,Dhansiri,Brahmaputra,26.23,94.26083333,2022-07-31 08:00:00,0.5
Doyang Hep Reservoir,Nagaland,WOKHA,WOKHA,-,Dhansiri,Brahmaputra,26.23,94.26083333,2022-07-31 09:00:00,0.5
Doyang Hep Reservoir,Nagaland,WOKHA,WOKHA,-,Dhansiri,Brahmaputra,26.23,94.26083333,2022-07-31 10:00:00,0.5
Doyang Hep Reservoir,Nagaland,WOKHA,WOKHA,-,Dhansiri,Brahmaputra,26.23,94.26083333,2022-07-31 11:00:00,0.5
Doyang Hep Reservoir,Nagaland,WOKHA,WOKHA,-,Dhansiri,Brahmaputra,26.23,94.26083333,2022-07-31 12:00:00,0.5
Doyang Hep Reservoir,Nagaland,WOKHA,WOKHA,-,Dhansiri,Brahmaputra,26.23,94.26083333,2022-07-31 13:00:00,0.5
Doyang Hep Reservoir,Nagaland,WOKHA,WOKHA,-,Dhansiri,Brahmaputra,26.23,94.26083333,2022-07-31 14:00:00,0.5
Doyang Hep Reservoir,Nagaland,WOKHA,WOKHA,-,Dhansiri,Brahmaputra,26.23,94.26083333,2022-07-31 15:00:00,0.5
Doyang Hep Reservoir,Nagaland,WOKHA,WOKHA,-,Dhansiri,Brahmaputra,26.23,94.26083333,2022-07-31 16:00:00,0.5
Doyang Hep Reservoir,Nagaland,WOKHA,WOKHA,-,Dhansiri,Brahmaputra,26.23,94.26083333,2022-07-31 17:00:00,0.5
Doyang Hep Reservoir,Nagaland,WOKHA,WOKHA,-,Dhansiri,Brahmaputra,26.23,94.26083333,2022-07-31 18:00:00,0.5
Doyang Hep Reservoir,Nagaland,WOKHA,WOKHA,-,Dhansiri,Brahmaputra,26.23,94.26083333,2022-07-31 19:00:00,0.5
Doyang Hep Reservoir,Nagaland,WOKHA,WOKHA,-,Dhansiri,Brahmaputra,26.23,94.26083333,2022-07-31 20:00:00,0.5
Doyang Hep Reservoir,Nagaland,WOKHA,WOKHA,-,Dhansiri,Brahmaputra,26.23,94.26083333,2022-07-31 21:00:00,0.5
Doyang Hep Reservoir,Nagaland,WOKHA,WOKHA,-,Dhansiri,Brahmaputra,26.23,94.26083333,2022-07-31 22:00:00,0.5
Doyang Hep Reservoir,Nagaland,WOKHA,WOKHA,-,Dhansiri,Brahmaputra,26.23,94.26083333,2022-07-31 23:00:00,0.5
Doyang Hep Reservoir,Nagaland,WOKHA,WOKHA,-,Dhansiri,Brahmaputra,26.23,94.26083333,2022-08-01 00:00:00,0.5
Doyang Hep Reservoir,Nagaland,WOKHA,WOKHA,-,Dhansiri,Brahmaputra,26.23,94.26083333,2022-08-01 16:00:00,0.5
Doyang Hep Reservoir,Nagaland,WOKHA,WOKHA,-,Dhansiri,Brahmaputra,26.23,94.26083333,2022-08-01 17:00:00,0.5
Doyang Hep Reservoir,Nagaland,WOKHA,WOKHA,-,Dhansiri,Brahmaputra,26.23,94.26083333,2022-08-01 18:00:00,0.5
Doyang Hep Reservoir,Nagaland,WOKHA,WOKHA,-,Dhansiri,Brahmaputra,26.23,94.26083333,2022-08-01 19:00:00,0.5
Doyang Hep Reservoir,Nagaland,WOKHA,WOKHA,-,Dhansiri,Brahmaputra,26.23,94.26083333,2022-08-01 20:00:00,0.5
Doyang Hep Reservoir,Nagaland,WOKHA,WOKHA,-,Dhansiri,Brahmaputra,26.23,94.26083333,2022-08-01 21:00:00,0.5
Doyang Hep Reservoir,Nagaland,WOKHA,WOKHA,-,Dhansiri,Brahmaputra,26.23,94.26083333,2022-08-01 22:00:00,0.5
Doyang Hep Reservoir,Nagaland,WOKHA,WOKHA,-,Dhansiri,Brahmaputra,26.23,94.26083333,2022-08-02 00:00:00,0.5
Doyang Hep Reservoir,Nagaland,WOKHA,WOKHA,-,Dhansiri,Brahmaputra,26.23,94.26083333,2022-08-02 01:00:00,0.5
Doyang Hep Reservoir,Nagaland,WOKHA,WOKHA,-,Dhansiri,Brahmaputra,26.23,94.26083333,2022-08-02 02:00:00,0.5
Doyang Hep Reservoir,Nagaland,WOKHA,WOKHA,-,Dhansiri,Brahmaputra,26.23,94.26083333,2022-08-02 03:00:00,0.5
Doyang Hep Reservoir,Nagaland,WOKHA,WOKHA,-,Dhansiri,Brahmaputra,26.23,94.26083333,2022-08-02 19:00:00,1.5
Doyang Hep Reservoir,Nagaland,WOKHA,WOKHA,-,Dhansiri,Brahmaputra,26.23,94.26083333,2022-08-02 20:00:00,2.5
Doyang Hep Reservoir,Nagaland,WOKHA,WOKHA,-,Dhansiri,Brahmaputra,26.23,94.26083333,2022-08-02 21:00:00,2.5
Doyang Hep Reservoir,Nagaland,WOKHA,WOKHA,-,Dhansiri,Brahmaputra,26.23,94.26083333,2022-08-02 22:00:00,6.0
Doyang Hep Reservoir,Nagaland,WOKHA,WOKHA,-,Dhansiri,Brahmaputra,26.23,94.26083333,2022-08-02 23:00:00,6.0
Doyang Hep Reservoir,Nagaland,WOKHA,WOKHA,-,Dhansiri,Brahmaputra,26.23,94.26083333,2022-08-03 00:00:00,8.0
Doyang Hep Reservoir,Nagaland,WOKHA,WOKHA,-,Dhansiri,Brahmaputra,26.23,94.26083333,2022-08-03 01:00:00,8.0
Doyang Hep Reservoir,Nagaland,WOKHA,WOKHA,-,Dhansiri,Brahmaputra,26.23,94.26083333,2022-08-03 02:00:00,8.0
Doyang Hep Reservoir,Nagaland,WOKHA,WOKHA,-,Dhansiri,Brahmaputra,26.23,94.26083333,2022-08-03 03:00:00,8.0
Doyang Hep Reservoir,Nagaland,WOKHA,WOKHA,-,Dhansiri,Brahmaputra,26.23,94.26083333,2022-08-03 08:00:00,6.5
Doyang Hep Reservoir,Nagaland,WOKHA,WOKHA,-,Dhansiri,Brahmaputra,26.23,94.26083333,2022-08-03 10:00:00,8.0
Doyang Hep Reservoir,Nagaland,WOKHA,WOKHA,-,Dhansiri,Brahmaputra,26.23,94.26083333,2022-08-03 11:00:00,8.0
Doyang Hep Reservoir,Nagaland,WOKHA,WOKHA,-,Dhansiri,Brahmaputra,26.23,94.26083333,2022-08-03 12:00:00,8.0
Doyang Hep Reservoir,Nagaland,WOKHA,WOKHA,-,Dhansiri,Brahmaputra,26.23,94.26083333,2022-08-03 13:00:00,8.0
Doyang Hep Reservoir,Nagaland,WOKHA,WOKHA,-,Dhansiri,Brahmaputra,26.23,94.26083333,2022-08-03 14:00:00,8.0
Doyang Hep Reservoir,Nagaland,WOKHA,WOKHA,-,Dhansiri,Brahmaputra,26.23,94.26083333,2022-08-03 15:00:00,8.0
Doyang Hep Reservoir,Nagaland,WOKHA,WOKHA,-,Dhansiri,Brahmaputra,26.23,94.26083333,2022-08-03 16:00:00,8.0
Doyang Hep Reservoir,Nagaland,WOKHA,WOKHA,-,Dhansiri,Brahmaputra,26.23,94.26083333,2022-08-03 17:00:00,8.0
Doyang Hep Reservoir,Nagaland,WOKHA,WOKHA,-,Dhansiri,Brahmaputra,26.23,94.26083333,2022-08-03 18:00:00,8.0
Doyang Hep Reservoir,Nagaland,WOKHA,WOKHA,-,Dhansiri,Brahmaputra,26.23,94.26083333,2022-08-03 19:00:00,8.0
Doyang Hep Reservoir,Nagaland,WOKHA,WOKHA,-,Dhansiri,Brahmaputra,26.23,94.26083333,2022-08-03 20:00:00,8.0
Doyang Hep Reservoir,Nagaland,WOKHA,WOKHA,-,Dhansiri,Brahmaputra,26.23,94.26083333,2022-08-03 21:00:00,8.0
Doyang Hep Reservoir,Nagaland,WOKHA,WOKHA,-,Dhansiri,Brahmaputra,26.23,94.26083333,2022-08-03 23:00:00,1.5
Doyang Hep Reservoir,Nagaland,WOKHA,WOKHA,-,Dhansiri,Brahmaputra,26.23,94.26083333,2022-08-04 02:00:00,8.0
Doyang Hep Reservoir,Nagaland,WOKHA,WOKHA,-,Dhansiri,Brahmaputra,26.23,94.26083333,2022-08-04 03:00:00,8.0
Doyang Hep Reservoir,Nagaland,WOKHA,WOKHA,-,Dhansiri,Brahmaputra,26.23,94.26083333,2022-08-04 18:00:00,1.0
Doyang Hep Reservoir,Nagaland,WOKHA,WOKHA,-,Dhansiri,Brahmaputra,26.23,94.26083333,2022-08-04 19:00:00,10.0
Doyang Hep Reservoir,Nagaland,WOKHA,WOKHA,-,Dhansiri,Brahmaputra,26.23,94.26083333,2022-08-04 20:00:00,26.0
Doyang Hep Reservoir,Nagaland,WOKHA,WOKHA,-,Dhansiri,Brahmaputra,26.23,94.26083333,2022-08-04 21:00:00,27.5
Doyang Hep Reservoir,Nagaland,WOKHA,WOKHA,-,Dhansiri,Brahmaputra,26.23,94.26083333,2022-08-04 22:00:00,28.0
Doyang Hep Reservoir,Nagaland,WOKHA,WOKHA,-,Dhansiri,Brahmaputra,26.23,94.26083333,2022-08-05 01:00:00,1.0
Doyang Hep Reservoir,Nagaland,WOKHA,WOKHA,-,Dhansiri,Brahmaputra,26.23,94.26083333,2022-08-05 02:00:00,2.0
Doyang Hep Reservoir,Nagaland,WOKHA,WOKHA,-,Dhansiri,Brahmaputra,26.23,94.26083333,2022-08-05 03:00:00,2.5
Doyang Hep Reservoir,Nagaland,WOKHA,WOKHA,-,Dhansiri,Brahmaputra,26.23,94.26083333,2022-08-05 18:00:00,0.5
Doyang Hep Reservoir,Nagaland,WOKHA,WOKHA,-,Dhansiri,Brahmaputra,26.23,94.26083333,2022-08-05 19:00:00,0.5
Doyang Hep Reservoir,Nagaland,WOKHA,WOKHA,-,Dhansiri,Brahmaputra,26.23,94.26083333,2022-08-05 21:00:00,25.0
Doyang Hep Reservoir,Nagaland,WOKHA,WOKHA,-,Dhansiri,Brahmaputra,26.23,94.26083333,2022-08-05 22:00:00,26.5
Doyang Hep Reservoir,Nagaland,WOKHA,WOKHA,-,Dhansiri,Brahmaputra,26.23,94.26083333,2022-08-05 23:00:00,26.5
Doyang Hep Reservoir,Nagaland,WOKHA,WOKHA,-,Dhansiri,Brahmaputra,26.23,94.26083333,2022-08-06 00:00:00,26.5
Doyang Hep Reservoir,Nagaland,WOKHA,WOKHA,-,Dhansiri,Brahmaputra,26.23,94.26083333,2022-08-06 01:00:00,26.5
Doyang Hep Reservoir,Nagaland,WOKHA,WOKHA,-,Dhansiri,Brahmaputra,26.23,94.26083333,2022-08-06 02:00:00,26.5
Doyang Hep Reservoir,Nagaland,WOKHA,WOKHA,-,Dhansiri,Brahmaputra,26.23,94.26083333,2022-08-06 03:00:00,26.5
Doyang Hep Reservoir,Nagaland,WOKHA,WOKHA,-,Dhansiri,Brahmaputra,26.23,94.26083333,2022-08-07 08:00:00,0.5
Doyang Hep Reservoir,Nagaland,WOKHA,WOKHA,-,Dhansiri,Brahmaputra,26.23,94.26083333,2022-08-07 10:00:00,0.5
Doyang Hep Reservoir,Nagaland,WOKHA,WOKHA,-,Dhansiri,Brahmaputra,26.23,94.26083333,2022-08-07 11:00:00,0.5
Doyang Hep Reservoir,Nagaland,WOKHA,WOKHA,-,Dhansiri,Brahmaputra,26.23,94.26083333,2022-08-07 12:00:00,0.5
Doyang Hep Reservoir,Nagaland,WOKHA,WOKHA,-,Dhansiri,Brahmaputra,26.23,94.26083333,2022-08-07 13:00:00,0.5
Doyang Hep Reservoir,Nagaland,WOKHA,WOKHA,-,Dhansiri,Brahmaputra,26.23,94.26083333,2022-08-07 14:00:00,0.5
Doyang Hep Reservoir,Nagaland,WOKHA,WOKHA,-,Dhansiri,Brahmaputra,26.23,94.26083333,2022-08-07 15:00:00,0.5
Doyang Hep Reservoir,Nagaland,WOKHA,WOKHA,-,Dhansiri,Brahmaputra,26.23,94.26083333,2022-08-07 16:00:00,0.5
Doyang Hep Reservoir,Nagaland,WOKHA,WOKHA,-,Dhansiri,Brahmaputra,26.23,94.26083333,2022-08-07 17:00:00,0.5
Doyang Hep Reservoir,Nagaland,WOKHA,WOKHA,-,Dhansiri,Brahmaputra,26.23,94.26083333,2022-08-07 18:00:00,0.5
Doyang Hep Reservoir,Nagaland,WOKHA,WOKHA,-,Dhansiri,Brahmaputra,26.23,94.26083333,2022-08-07 19:00:00,0.5
Doyang Hep Reservoir,Nagaland,WOKHA,WOKHA,-,Dhansiri,Brahmaputra,26.23,94.26083333,2022-08-07 20:00:00,0.5
Doyang Hep Reservoir,Nagaland,WOKHA,WOKHA,-,Dhansiri,Brahmaputra,26.23,94.26083333,2022-08-07 22:00:00,0.5
Doyang Hep Reservoir,Nagaland,WOKHA,WOKHA,-,Dhansiri,Brahmaputra,26.23,94.26083333,2022-08-07 23:00:00,0.5
Doyang Hep Reservoir,Nagaland,WOKHA,WOKHA,-,Dhansiri,Brahmaputra,26.23,94.26083333,2022-08-08 00:00:00,0.5
Doyang Hep Reservoir,Nagaland,WOKHA,WOKHA,-,Dhansiri,Brahmaputra,26.23,94.26083333,2022-08-08 01:00:00,0.5
Doyang Hep Reservoir,Nagaland,WOKHA,WOKHA,-,Dhansiri,Brahmaputra,26.23,94.26083333,2022-08-08 02:00:00,0.5
Doyang Hep Reservoir,Nagaland,WOKHA,WOKHA,-,Dhansiri,Brahmaputra,26.23,94.26083333,2022-08-08 03:00:00,0.5
Doyang Hep Reservoir,Nagaland,WOKHA,WOKHA,-,Dhansiri,Brahmaputra,26.23,94.26083333,2022-08-09 21:00:00,0.5
Doyang Hep Reservoir,Nagaland,WOKHA,WOKHA,-,Dhansiri,Brahmaputra,26.23,94.26083333,2022-08-09 22:00:00,1.0
Doyang Hep Reservoir,Nagaland,WOKHA,WOKHA,-,Dhansiri,Brahmaputra,26.23,94.26083333,2022-08-09 23:00:00,1.0
Doyang Hep Reservoir,Nagaland,WOKHA,WOKHA,-,Dhansiri,Brahmaputra,26.23,94.26083333,2022-08-10 00:00:00,1.0
Doyang Hep Reservoir,Nagaland,WOKHA,WOKHA,-,Dhansiri,Brahmaputra,26.23,94.26083333,2022-08-10 01:00:00,1.0
Doyang Hep Reservoir,Nagaland,WOKHA,WOKHA,-,Dhansiri,Brahmaputra,26.23,94.26083333,2022-08-10 02:00:00,1.0
Doyang Hep Reservoir,Nagaland,WOKHA,WOKHA,-,Dhansiri,Brahmaputra,26.23,94.26083333,2022-08-10 03:00:00,1.0
Doyang Hep Reservoir,Nagaland,WOKHA,WOKHA,-,Dhansiri,Brahmaputra,26.23,94.26083333,2022-08-13 04:00:00,0.5
Doyang Hep Reservoir,Nagaland,WOKHA,WOKHA,-,Dhansiri,Brahmaputra,26.23,94.26083333,2022-08-13 05:00:00,0.5
Doyang Hep Reservoir,Nagaland,WOKHA,WOKHA,-,Dhansiri,Brahmaputra,26.23,94.26083333,2022-08-13 06:00:00,0.5
Doyang Hep Reservoir,Nagaland,WOKHA,WOKHA,-,Dhansiri,Brahmaputra,26.23,94.26083333,2022-08-13 07:00:00,0.5
Doyang Hep Reservoir,Nagaland,WOKHA,WOKHA,-,Dhansiri,Brahmaputra,26.23,94.26083333,2022-08-13 08:00:00,0.5
Doyang Hep Reservoir,Nagaland,WOKHA,WOKHA,-,Dhansiri,Brahmaputra,26.23,94.26083333,2022-08-13 09:00:00,0.5
Doyang Hep Reservoir,Nagaland,WOKHA,WOKHA,-,Dhansiri,Brahmaputra,26.23,94.26083333,2022-08-13 10:00:00,0.5
Doyang Hep Reservoir,Nagaland,WOKHA,WOKHA,-,Dhansiri,Brahmaputra,26.23,94.26083333,2022-08-13 11:00:00,0.5
Doyang Hep Reservoir,Nagaland,WOKHA,WOKHA,-,Dhansiri,Brahmaputra,26.23,94.26083333,2022-08-13 12:00:00,0.5
Doyang Hep Reservoir,Nagaland,WOKHA,WOKHA,-,Dhansiri,Brahmaputra,26.23,94.26083333,2022-08-13 13:00:00,0.5
Doyang Hep Reservoir,Nagaland,WOKHA,WOKHA,-,Dhansiri,Brahmaputra,26.23,94.26083333,2022-08-13 14:00:00,0.5
Doyang Hep Reservoir,Nagaland,WOKHA,WOKHA,-,Dhansiri,Brahmaputra,26.23,94.26083333,2022-08-13 15:00:00,0.5
Doyang Hep Reservoir,Nagaland,WOKHA,WOKHA,-,Dhansiri,Brahmaputra,26.23,94.26083333,2022-08-13 16:00:00,0.5
Doyang Hep Reservoir,Nagaland,WOKHA,WOKHA,-,Dhansiri,Brahmaputra,26.23,94.26083333,2022-08-13 17:00:00,0.5
Doyang Hep Reservoir,Nagaland,WOKHA,WOKHA,-,Dhansiri,Brahmaputra,26.23,94.26083333,2022-08-13 18:00:00,0.5
Doyang Hep Reservoir,Nagaland,WOKHA,WOKHA,-,Dhansiri,Brahmaputra,26.23,94.26083333,2022-08-13 19:00:00,0.5
Doyang Hep Reservoir,Nagaland,WOKHA,WOKHA,-,Dhansiri,Brahmaputra,26.23,94.26083333,2022-08-13 20:00:00,0.5
Doyang Hep Reservoir,Nagaland,WOKHA,WOKHA,-,Dhansiri,Brahmaputra,26.23,94.26083333,2022-08-13 21:00:00,0.5
Doyang Hep Reservoir,Nagaland,WOKHA,WOKHA,-,Dhansiri,Brahmaputra,26.23,94.26083333,2022-08-13 22:00:00,0.5
Doyang Hep Reservoir,Nagaland,WOKHA,WOKHA,-,Dhansiri,Brahmaputra,26.23,94.26083333,2022-08-13 23:00:00,0.5
Doyang Hep Reservoir,Nagaland,WOKHA,WOKHA,-,Dhansiri,Brahmaputra,26.23,94.26083333,2022-08-14 00:00:00,0.5
Doyang Hep Reservoir,Nagaland,WOKHA,WOKHA,-,Dhansiri,Brahmaputra,26.23,94.26083333,2022-08-14 01:00:00,0.5
Doyang Hep Reservoir,Nagaland,WOKHA,WOKHA,-,Dhansiri,Brahmaputra,26.23,94.26083333,2022-08-14 02:00:00,0.5
Doyang Hep Reservoir,Nagaland,WOKHA,WOKHA,-,Dhansiri,Brahmaputra,26.23,94.26083333,2022-08-14 03:00:00,0.5
Doyang Hep Reservoir,Nagaland,WOKHA,WOKHA,-,Dhansiri,Brahmaputra,26.23,94.26083333,2022-08-14 11:00:00,12.0
Doyang Hep Reservoir,Nagaland,WOKHA,WOKHA,-,Dhansiri,Brahmaputra,26.23,94.26083333,2022-08-14 13:00:00,12.5
Doyang Hep Reservoir,Nagaland,WOKHA,WOKHA,-,Dhansiri,Brahmaputra,26.23,94.26083333,2022-08-14 15:00:00,22.0
Doyang Hep Reservoir,Nagaland,WOKHA,WOKHA,-,Dhansiri,Brahmaputra,26.23,94.26083333,2022-08-14 16:00:00,24.5
Doyang Hep Reservoir,Nagaland,WOKHA,WOKHA,-,Dhansiri,Brahmaputra,26.23,94.26083333,2022-08-14 17:00:00,25.0
Doyang Hep Reservoir,Nagaland,WOKHA,WOKHA,-,Dhansiri,Brahmaputra,26.23,94.26083333,2022-08-14 18:00:00,25.5
Doyang Hep Reservoir,Nagaland,WOKHA,WOKHA,-,Dhansiri,Brahmaputra,26.23,94.26083333,2022-08-14 19:00:00,26.0
Doyang Hep Reservoir,Nagaland,WOKHA,WOKHA,-,Dhansiri,Brahmaputra,26.23,94.26083333,2022-08-14 20:00:00,26.0
Doyang Hep Reservoir,Nagaland,WOKHA,WOKHA,-,Dhansiri,Brahmaputra,26.23,94.26083333,2022-08-14 21:00:00,26.0
Doyang Hep Reservoir,Nagaland,WOKHA,WOKHA,-,Dhansiri,Brahmaputra,26.23,94.26083333,2022-08-14 22:00:00,26.0
Doyang Hep Reservoir,Nagaland,WOKHA,WOKHA,-,Dhansiri,Brahmaputra,26.23,94.26083333,2022-08-14 23:00:00,26.0
Doyang Hep Reservoir,Nagaland,WOKHA,WOKHA,-,Dhansiri,Brahmaputra,26.23,94.26083333,2022-08-15 00:00:00,26.0
Doyang Hep Reservoir,Nagaland,WOKHA,WOKHA,-,Dhansiri,Brahmaputra,26.23,94.26083333,2022-08-15 01:00:00,26.0
Doyang Hep Reservoir,Nagaland,WOKHA,WOKHA,-,Dhansiri,Brahmaputra,26.23,94.26083333,2022-08-15 02:00:00,26.0
Doyang Hep Reservoir,Nagaland,WOKHA,WOKHA,-,Dhansiri,Brahmaputra,26.23,94.26083333,2022-08-15 03:00:00,26.0
Doyang Hep Reservoir,Nagaland,WOKHA,WOKHA,-,Dhansiri,Brahmaputra,26.23,94.26083333,2022-08-15 04:00:00,0.5
Doyang Hep Reservoir,Nagaland,WOKHA,WOKHA,-,Dhansiri,Brahmaputra,26.23,94.26083333,2022-08-15 05:00:00,0.5
Doyang Hep Reservoir,Nagaland,WOKHA,WOKHA,-,Dhansiri,Brahmaputra,26.23,94.26083333,2022-08-15 06:00:00,0.5
Doyang Hep Reservoir,Nagaland,WOKHA,WOKHA,-,Dhansiri,Brahmaputra,26.23,94.26083333,2022-08-15 07:00:00,0.5
Doyang Hep Reservoir,Nagaland,WOKHA,WOKHA,-,Dhansiri,Brahmaputra,26.23,94.26083333,2022-08-15 08:00:00,0.5
Doyang Hep Reservoir,Nagaland,WOKHA,WOKHA,-,Dhansiri,Brahmaputra,26.23,94.26083333,2022-08-15 09:00:00,0.5
Doyang Hep Reservoir,Nagaland,WOKHA,WOKHA,-,Dhansiri,Brahmaputra,26.23,94.26083333,2022-08-15 10:00:00,0.5
Doyang Hep Reservoir,Nagaland,WOKHA,WOKHA,-,Dhansiri,Brahmaputra,26.23,94.26083333,2022-08-15 11:00:00,0.5
Doyang Hep Reservoir,Nagaland,WOKHA,WOKHA,-,Dhansiri,Brahmaputra,26.23,94.26083333,2022-08-15 12:00:00,0.5
Doyang Hep Reservoir,Nagaland,WOKHA,WOKHA,-,Dhansiri,Brahmaputra,26.23,94.26083333,2022-08-15 13:00:00,0.5
Doyang Hep Reservoir,Nagaland,WOKHA,WOKHA,-,Dhansiri,Brahmaputra,26.23,94.26083333,2022-08-15 14:00:00,0.5
Doyang Hep Reservoir,Nagaland,WOKHA,WOKHA,-,Dhansiri,Brahmaputra,26.23,94.26083333,2022-08-15 15:00:00,0.5
Doyang Hep Reservoir,Nagaland,WOKHA,WOKHA,-,Dhansiri,Brahmaputra,26.23,94.26083333,2022-08-15 16:00:00,0.5
Doyang Hep Reservoir,Nagaland,WOKHA,WOKHA,-,Dhansiri,Brahmaputra,26.23,94.26083333,2022-08-15 17:00:00,1.0
Doyang Hep Reservoir,Nagaland,WOKHA,WOKHA,-,Dhansiri,Brahmaputra,26.23,94.26083333,2022-08-15 17:44:00,1.0
Doyang Hep Reservoir,Nagaland,WOKHA,WOKHA,-,Dhansiri,Brahmaputra,26.23,94.26083333,2022-08-15 18:00:00,1.0
Doyang Hep Reservoir,Nagaland,WOKHA,WOKHA,-,Dhansiri,Brahmaputra,26.23,94.26083333,2022-08-15 19:00:00,1.0
Doyang Hep Reservoir,Nagaland,WOKHA,WOKHA,-,Dhansiri,Brahmaputra,26.23,94.26083333,2022-08-15 20:00:00,1.0
Doyang Hep Reservoir,Nagaland,WOKHA,WOKHA,-,Dhansiri,Brahmaputra,26.23,94.26083333,2022-08-15 21:00:00,4.5
Doyang Hep Reservoir,Nagaland,WOKHA,WOKHA,-,Dhansiri,Brahmaputra,26.23,94.26083333,2022-08-15 22:00:00,5.0
Doyang Hep Reservoir,Nagaland,WOKHA,WOKHA,-,Dhansiri,Brahmaputra,26.23,94.26083333,2022-08-15 23:00:00,5.0
Doyang Hep Reservoir,Nagaland,WOKHA,WOKHA,-,Dhansiri,Brahmaputra,26.23,94.26083333,2022-08-16 00:00:00,5.0
Doyang Hep Reservoir,Nagaland,WOKHA,WOKHA,-,Dhansiri,Brahmaputra,26.23,94.26083333,2022-08-16 01:00:00,5.0
Doyang Hep Reservoir,Nagaland,WOKHA,WOKHA,-,Dhansiri,Brahmaputra,26.23,94.26083333,2022-08-16 02:00:00,5.0
Doyang Hep Reservoir,Nagaland,WOKHA,WOKHA,-,Dhansiri,Brahmaputra,26.23,94.26083333,2022-08-16 03:00:00,5.0
Doyang Hep Reservoir,Nagaland,WOKHA,WOKHA,-,Dhansiri,Brahmaputra,26.23,94.26083333,2022-08-18 07:00:00,0.5
Doyang Hep Reservoir,Nagaland,WOKHA,WOKHA,-,Dhansiri,Brahmaputra,26.23,94.26083333,2022-08-18 08:00:00,0.5
Doyang Hep Reservoir,Nagaland,WOKHA,WOKHA,-,Dhansiri,Brahmaputra,26.23,94.26083333,2022-08-18 09:00:00,1.0
Doyang Hep Reservoir,Nagaland,WOKHA,WOKHA,-,Dhansiri,Brahmaputra,26.23,94.26083333,2022-08-18 10:00:00,1.0
Doyang Hep Reservoir,Nagaland,WOKHA,WOKHA,-,Dhansiri,Brahmaputra,26.23,94.26083333,2022-08-18 11:00:00,1.0
Doyang Hep Reservoir,Nagaland,WOKHA,WOKHA,-,Dhansiri,Brahmaputra,26.23,94.26083333,2022-08-18 12:00:00,1.0
Doyang Hep Reservoir,Nagaland,WOKHA,WOKHA,-,Dhansiri,Brahmaputra,26.23,94.26083333,2022-08-18 13:00:00,1.0
Doyang Hep Reservoir,Nagaland,WOKHA,WOKHA,-,Dhansiri,Brahmaputra,26.23,94.26083333,2022-08-18 14:00:00,1.0
Doyang Hep Reservoir,Nagaland,WOKHA,WOKHA,-,Dhansiri,Brahmaputra,26.23,94.26083333,2022-08-18 15:00:00,1.0
Doyang Hep Reservoir,Nagaland,WOKHA,WOKHA,-,Dhansiri,Brahmaputra,26.23,94.26083333,2022-08-18 16:00:00,1.0
Doyang Hep Reservoir,Nagaland,WOKHA,WOKHA,-,Dhansiri,Brahmaputra,26.23,94.26083333,2022-08-18 17:00:00,1.0
Doyang Hep Reservoir,Nagaland,WOKHA,WOKHA,-,Dhansiri,Brahmaputra,26.23,94.26083333,2022-08-18 18:00:00,1.0
Doyang Hep Reservoir,Nagaland,WOKHA,WOKHA,-,Dhansiri,Brahmaputra,26.23,94.26083333,2022-08-18 19:00:00,1.0
Doyang Hep Reservoir,Nagaland,WOKHA,WOKHA,-,Dhansiri,Brahmaputra,26.23,94.26083333,2022-08-18 20:00:00,1.0
Doyang Hep Reservoir,Nagaland,WOKHA,WOKHA,-,Dhansiri,Brahmaputra,26.23,94.26083333,2022-08-18 21:00:00,1.0
Doyang Hep Reservoir,Nagaland,WOKHA,WOKHA,-,Dhansiri,Brahmaputra,26.23,94.26083333,2022-08-18 22:00:00,1.0
Doyang Hep Reservoir,Nagaland,WOKHA,WOKHA,-,Dhansiri,Brahmaputra,26.23,94.26083333,2022-08-18 23:00:00,1.0
Doyang Hep Reservoir,Nagaland,WOKHA,WOKHA,-,Dhansiri,Brahmaputra,26.23,94.26083333,2022-08-19 00:00:00,1.0
Doyang Hep Reservoir,Nagaland,WOKHA,WOKHA,-,Dhansiri,Brahmaputra,26.23,94.26083333,2022-08-19 01:00:00,1.0
Doyang Hep Reservoir,Nagaland,WOKHA,WOKHA,-,Dhansiri,Brahmaputra,26.23,94.26083333,2022-08-19 02:00:00,1.0
Doyang Hep Reservoir,Nagaland,WOKHA,WOKHA,-,Dhansiri,Brahmaputra,26.23,94.26083333,2022-08-19 08:00:00,1.5
Doyang Hep Reservoir,Nagaland,WOKHA,WOKHA,-,Dhansiri,Brahmaputra,26.23,94.26083333,2022-08-19 09:00:00,1.5
Doyang Hep Reservoir,Nagaland,WOKHA,WOKHA,-,Dhansiri,Brahmaputra,26.23,94.26083333,2022-08-19 10:00:00,1.5
Doyang Hep Reservoir,Nagaland,WOKHA,WOKHA,-,Dhansiri,Brahmaputra,26.23,94.26083333,2022-08-19 11:00:00,1.5
Doyang Hep Reservoir,Nagaland,WOKHA,WOKHA,-,Dhansiri,Brahmaputra,26.23,94.26083333,2022-08-19 12:00:00,1.5
Doyang Hep Reservoir,Nagaland,WOKHA,WOKHA,-,Dhansiri,Brahmaputra,26.23,94.26083333,2022-08-19 13:00:00,1.5
Doyang Hep Reservoir,Nagaland,WOKHA,WOKHA,-,Dhansiri,Brahmaputra,26.23,94.26083333,2022-08-19 14:00:00,1.5
Doyang Hep Reservoir,Nagaland,WOKHA,WOKHA,-,Dhansiri,Brahmaputra,26.23,94.26083333,2022-08-19 15:00:00,1.5
Doyang Hep Reservoir,Nagaland,WOKHA,WOKHA,-,Dhansiri,Brahmaputra,26.23,94.26083333,2022-08-19 16:00:00,1.5
Doyang Hep Reservoir,Nagaland,WOKHA,WOKHA,-,Dhansiri,Brahmaputra,26.23,94.26083333,2022-08-19 17:00:00,1.5
Doyang Hep Reservoir,Nagaland,WOKHA,WOKHA,-,Dhansiri,Brahmaputra,26.23,94.26083333,2022-08-19 18:00:00,1.5
Doyang Hep Reservoir,Nagaland,WOKHA,WOKHA,-,Dhansiri,Brahmaputra,26.23,94.26083333,2022-08-19 19:00:00,1.5
Doyang Hep Reservoir,Nagaland,WOKHA,WOKHA,-,Dhansiri,Brahmaputra,26.23,94.26083333,2022-08-19 20:00:00,1.5
Doyang Hep Reservoir,Nagaland,WOKHA,WOKHA,-,Dhansiri,Brahmaputra,26.23,94.26083333,2022-08-19 21:00:00,1.5
Doyang Hep Reservoir,Nagaland,WOKHA,WOKHA,-,Dhansiri,Brahmaputra,26.23,94.26083333,2022-08-19 22:00:00,1.5
Doyang Hep Reservoir,Nagaland,WOKHA,WOKHA,-,Dhansiri,Brahmaputra,26.23,94.26083333,2022-08-19 23:00:00,1.5
Doyang Hep Reservoir,Nagaland,WOKHA,WOKHA,-,Dhansiri,Brahmaputra,26.23,94.26083333,2022-08-20 00:00:00,1.5
Doyang Hep Reservoir,Nagaland,WOKHA,WOKHA,-,Dhansiri,Brahmaputra,26.23,94.26083333,2022-08-20 01:00:00,1.5
Doyang Hep Reservoir,Nagaland,WOKHA,WOKHA,-,Dhansiri,Brahmaputra,26.23,94.26083333,2022-08-20 02:00:00,1.5
Doyang Hep Reservoir,Nagaland,WOKHA,WOKHA,-,Dhansiri,Brahmaputra,26.23,94.26083333,2022-08-20 03:00:00,1.5
Doyang Hep Reservoir,Nagaland,WOKHA,WOKHA,-,Dhansiri,Brahmaputra,26.23,94.26083333,2022-08-20 18:00:00,1.0
Doyang Hep Reservoir,Nagaland,WOKHA,WOKHA,-,Dhansiri,Brahmaputra,26.23,94.26083333,2022-08-20 19:00:00,1.5
Doyang Hep Reservoir,Nagaland,WOKHA,WOKHA,-,Dhansiri,Brahmaputra,26.23,94.26083333,2022-08-20 20:00:00,1.5
Doyang Hep Reservoir,Nagaland,WOKHA,WOKHA,-,Dhansiri,Brahmaputra,26.23,94.26083333,2022-08-20 21:00:00,1.5
Doyang Hep Reservoir,Nagaland,WOKHA,WOKHA,-,Dhansiri,Brahmaputra,26.23,94.26083333,2022-08-20 22:00:00,2.0
Doyang Hep Reservoir,Nagaland,WOKHA,WOKHA,-,Dhansiri,Brahmaputra,26.23,94.26083333,2022-08-21 00:00:00,2.0
Doyang Hep Reservoir,Nagaland,WOKHA,WOKHA,-,Dhansiri,Brahmaputra,26.23,94.26083333,2022-08-21 01:00:00,2.0
Doyang Hep Reservoir,Nagaland,WOKHA,WOKHA,-,Dhansiri,Brahmaputra,26.23,94.26083333,2022-08-21 02:00:00,2.0
Doyang Hep Reservoir,Nagaland,WOKHA,WOKHA,-,Dhansiri,Brahmaputra,26.23,94.26083333,2022-08-21 03:00:00,2.0
Doyang Hep Reservoir,Nagaland,WOKHA,WOKHA,-,Dhansiri,Brahmaputra,26.23,94.26083333,2022-08-21 22:00:00,17.5
Doyang Hep Reservoir,Nagaland,WOKHA,WOKHA,-,Dhansiri,Brahmaputra,26.23,94.26083333,2022-08-21 23:00:00,17.5
Doyang Hep Reservoir,Nagaland,WOKHA,WOKHA,-,Dhansiri,Brahmaputra,26.23,94.26083333,2022-08-22 00:00:00,17.5
Doyang Hep Reservoir,Nagaland,WOKHA,WOKHA,-,Dhansiri,Brahmaputra,26.23,94.26083333,2022-08-22 01:00:00,17.5
Doyang Hep Reservoir,Nagaland,WOKHA,WOKHA,-,Dhansiri,Brahmaputra,26.23,94.26083333,2022-08-22 02:00:00,17.5
Doyang Hep Reservoir,Nagaland,WOKHA,WOKHA,-,Dhansiri,Brahmaputra,26.23,94.26083333,2022-08-22 03:00:00,17.5
Doyang Hep Reservoir,Nagaland,WOKHA,WOKHA,-,Dhansiri,Brahmaputra,26.23,94.26083333,2022-08-23 17:00:00,0.5
Doyang Hep Reservoir,Nagaland,WOKHA,WOKHA,-,Dhansiri,Brahmaputra,26.23,94.26083333,2022-08-23 18:00:00,0.5
Doyang Hep Reservoir,Nagaland,WOKHA,WOKHA,-,Dhansiri,Brahmaputra,26.23,94.26083333,2022-08-23 19:00:00,0.5
Doyang Hep Reservoir,Nagaland,WOKHA,WOKHA,-,Dhansiri,Brahmaputra,26.23,94.26083333,2022-08-23 20:00:00,0.5
Doyang Hep Reservoir,Nagaland,WOKHA,WOKHA,-,Dhansiri,Brahmaputra,26.23,94.26083333,2022-08-23 21:00:00,0.5
Doyang Hep Reservoir,Nagaland,WOKHA,WOKHA,-,Dhansiri,Brahmaputra,26.23,94.26083333,2022-08-23 22:00:00,0.5
Doyang Hep Reservoir,Nagaland,WOKHA,WOKHA,-,Dhansiri,Brahmaputra,26.23,94.26083333,2022-08-23 23:00:00,0.5
Doyang Hep Reservoir,Nagaland,WOKHA,WOKHA,-,Dhansiri,Brahmaputra,26.23,94.26083333,2022-08-24 00:00:00,0.5
Doyang Hep Reservoir,Nagaland,WOKHA,WOKHA,-,Dhansiri,Brahmaputra,26.23,94.26083333,2022-08-24 01:00:00,0.5
Doyang Hep Reservoir,Nagaland,WOKHA,WOKHA,-,Dhansiri,Brahmaputra,26.23,94.26083333,2022-08-24 02:00:00,0.5
Doyang Hep Reservoir,Nagaland,WOKHA,WOKHA,-,Dhansiri,Brahmaputra,26.23,94.26083333,2022-08-24 03:00:00,0.5
Doyang Hep Reservoir,Nagaland,WOKHA,WOKHA,-,Dhansiri,Brahmaputra,26.23,94.26083333,2022-08-24 23:00:00,1.0
Doyang Hep Reservoir,Nagaland,WOKHA,WOKHA,-,Dhansiri,Brahmaputra,26.23,94.26083333,2022-08-25 00:00:00,1.0
Doyang Hep Reservoir,Nagaland,WOKHA,WOKHA,-,Dhansiri,Brahmaputra,26.23,94.26083333,2022-08-25 01:00:00,1.0
Doyang Hep Reservoir,Nagaland,WOKHA,WOKHA,-,Dhansiri,Brahmaputra,26.23,94.26083333,2022-08-25 02:00:00,1.0
Doyang Hep Reservoir,Nagaland,WOKHA,WOKHA,-,Dhansiri,Brahmaputra,26.23,94.26083333,2022-08-25 03:00:00,1.0
Doyang Hep Reservoir,Nagaland,WOKHA,WOKHA,-,Dhansiri,Brahmaputra,26.23,94.26083333,2022-08-25 22:00:00,5.0
Doyang Hep Reservoir,Nagaland,WOKHA,WOKHA,-,Dhansiri,Brahmaputra,26.23,94.26083333,2022-08-26 00:00:00,5.0
Doyang Hep Reservoir,Nagaland,WOKHA,WOKHA,-,Dhansiri,Brahmaputra,26.23,94.26083333,2022-08-26 01:00:00,5.0
Doyang Hep Reservoir,Nagaland,WOKHA,WOKHA,-,Dhansiri,Brahmaputra,26.23,94.26083333,2022-08-26 02:00:00,5.0
Doyang Hep Reservoir,Nagaland,WOKHA,WOKHA,-,Dhansiri,Brahmaputra,26.23,94.26083333,2022-08-26 03:00:00,5.0
Doyang Hep Reservoir,Nagaland,WOKHA,WOKHA,-,Dhansiri,Brahmaputra,26.23,94.26083333,2022-08-26 23:00:00,1.0
Doyang Hep Reservoir,Nagaland,WOKHA,WOKHA,-,Dhansiri,Brahmaputra,26.23,94.26083333,2022-08-27 00:00:00,1.5
Doyang Hep Reservoir,Nagaland,WOKHA,WOKHA,-,Dhansiri,Brahmaputra,26.23,94.26083333,2022-08-27 01:00:00,1.5
Doyang Hep Reservoir,Nagaland,WOKHA,WOKHA,-,Dhansiri,Brahmaputra,26.23,94.26083333,2022-08-27 02:00:00,2.0
Doyang Hep Reservoir,Nagaland,WOKHA,WOKHA,-,Dhansiri,Brahmaputra,26.23,94.26083333,2022-08-27 03:00:00,2.0
Doyang Hep Reservoir,Nagaland,WOKHA,WOKHA,-,Dhansiri,Brahmaputra,26.23,94.26083333,2022-08-27 08:00:00,7.5
Doyang Hep Reservoir,Nagaland,WOKHA,WOKHA,-,Dhansiri,Brahmaputra,26.23,94.26083333,2022-08-27 09:00:00,8.5
Doyang Hep Reservoir,Nagaland,WOKHA,WOKHA,-,Dhansiri,Brahmaputra,26.23,94.26083333,2022-08-27 10:00:00,8.5
Doyang Hep Reservoir,Nagaland,WOKHA,WOKHA,-,Dhansiri,Brahmaputra,26.23,94.26083333,2022-08-27 11:00:00,8.5
Doyang Hep Reservoir,Nagaland,WOKHA,WOKHA,-,Dhansiri,Brahmaputra,26.23,94.26083333,2022-08-27 12:00:00,8.5
Doyang Hep Reservoir,Nagaland,WOKHA,WOKHA,-,Dhansiri,Brahmaputra,26.23,94.26083333,2022-08-27 13:00:00,8.5
Doyang Hep Reservoir,Nagaland,WOKHA,WOKHA,-,Dhansiri,Brahmaputra,26.23,94.26083333,2022-08-27 14:00:00,8.5
Doyang Hep Reservoir,Nagaland,WOKHA,WOKHA,-,Dhansiri,Brahmaputra,26.23,94.26083333,2022-08-27 15:00:00,8.5
Doyang Hep Reservoir,Nagaland,WOKHA,WOKHA,-,Dhansiri,Brahmaputra,26.23,94.26083333,2022-08-27 16:00:00,8.5
Doyang Hep Reservoir,Nagaland,WOKHA,WOKHA,-,Dhansiri,Brahmaputra,26.23,94.26083333,2022-08-27 19:00:00,8.5
Doyang Hep Reservoir,Nagaland,WOKHA,WOKHA,-,Dhansiri,Brahmaputra,26.23,94.26083333,2022-08-27 20:00:00,9.0
Doyang Hep Reservoir,Nagaland,WOKHA,WOKHA,-,Dhansiri,Brahmaputra,26.23,94.26083333,2022-08-28 03:00:00,27.0
Doyang Hep Reservoir,Nagaland,WOKHA,WOKHA,-,Dhansiri,Brahmaputra,26.23,94.26083333,2022-08-28 07:00:00,2.0
Doyang Hep Reservoir,Nagaland,WOKHA,WOKHA,-,Dhansiri,Brahmaputra,26.23,94.26083333,2022-08-28 08:00:00,2.0
Doyang Hep Reservoir,Nagaland,WOKHA,WOKHA,-,Dhansiri,Brahmaputra,26.23,94.26083333,2022-08-28 10:00:00,2.0
Doyang Hep Reservoir,Nagaland,WOKHA,WOKHA,-,Dhansiri,Brahmaputra,26.23,94.26083333,2022-08-28 11:00:00,2.0
Doyang Hep Reservoir,Nagaland,WOKHA,WOKHA,-,Dhansiri,Brahmaputra,26.23,94.26083333,2022-08-28 13:00:00,2.0
Doyang Hep Reservoir,Nagaland,WOKHA,WOKHA,-,Dhansiri,Brahmaputra,26.23,94.26083333,2022-08-28 16:00:00,2.0
Doyang Hep Reservoir,Nagaland,WOKHA,WOKHA,-,Dhansiri,Brahmaputra,26.23,94.26083333,2022-08-28 18:00:00,2.0
Doyang Hep Reservoir,Nagaland,WOKHA,WOKHA,-,Dhansiri,Brahmaputra,26.23,94.26083333,2022-08-28 19:00:00,2.0
Doyang Hep Reservoir,Nagaland,WOKHA,WOKHA,-,Dhansiri,Brahmaputra,26.23,94.26083333,2022-08-28 20:00:00,2.0
Doyang Hep Reservoir,Nagaland,WOKHA,WOKHA,-,Dhansiri,Brahmaputra,26.23,94.26083333,2022-08-28 21:00:00,2.0
Doyang Hep Reservoir,Nagaland,WOKHA,WOKHA,-,Dhansiri,Brahmaputra,26.23,94.26083333,2022-08-29 00:00:00,2.0
Doyang Hep Reservoir,Nagaland,WOKHA,WOKHA,-,Dhansiri,Brahmaputra,26.23,94.26083333,2022-08-29 01:00:00,2.0
Doyang Hep Reservoir,Nagaland,WOKHA,WOKHA,-,Dhansiri,Brahmaputra,26.23,94.26083333,2022-08-29 02:00:00,2.0
Doyang Hep Reservoir,Nagaland,WOKHA,WOKHA,-,Dhansiri,Brahmaputra,26.23,94.26083333,2022-08-29 03:00:00,2.0
Doyang Hep Reservoir,Nagaland,WOKHA,WOKHA,-,Dhansiri,Brahmaputra,26.23,94.26083333,2022-08-30 13:00:00,13.0
Doyang Hep Reservoir,Nagaland,WOKHA,WOKHA,-,Dhansiri,Brahmaputra,26.23,94.26083333,2022-08-30 14:00:00,13.0
Doyang Hep Reservoir,Nagaland,WOKHA,WOKHA,-,Dhansiri,Brahmaputra,26.23,94.26083333,2022-08-30 15:00:00,13.5
Doyang Hep Reservoir,Nagaland,WOKHA,WOKHA,-,Dhansiri,Brahmaputra,26.23,94.26083333,2022-08-30 16:00:00,13.5
Doyang Hep Reservoir,Nagaland,WOKHA,WOKHA,-,Dhansiri,Brahmaputra,26.23,94.26083333,2022-08-30 17:00:00,13.5
Doyang Hep Reservoir,Nagaland,WOKHA,WOKHA,-,Dhansiri,Brahmaputra,26.23,94.26083333,2022-08-30 18:00:00,13.5
Doyang Hep Reservoir,Nagaland,WOKHA,WOKHA,-,Dhansiri,Brahmaputra,26.23,94.26083333,2022-08-30 19:00:00,13.5
Doyang Hep Reservoir,Nagaland,WOKHA,WOKHA,-,Dhansiri,Brahmaputra,26.23,94.26083333,2022-08-30 20:00:00,13.5
Doyang Hep Reservoir,Nagaland,WOKHA,WOKHA,-,Dhansiri,Brahmaputra,26.23,94.26083333,2022-08-30 21:00:00,13.5
Doyang Hep Reservoir,Nagaland,WOKHA,WOKHA,-,Dhansiri,Brahmaputra,26.23,94.26083333,2022-08-30 22:00:00,13.5
Doyang Hep Reservoir,Nagaland,WOKHA,WOKHA,-,Dhansiri,Brahmaputra,26.23,94.26083333,2022-08-30 23:00:00,13.5
Doyang Hep Reservoir,Nagaland,WOKHA,WOKHA,-,Dhansiri,Brahmaputra,26.23,94.26083333,2022-08-31 00:00:00,13.5
Doyang Hep Reservoir,Nagaland,WOKHA,WOKHA,-,Dhansiri,Brahmaputra,26.23,94.26083333,2022-08-31 01:00:00,13.5
Doyang Hep Reservoir,Nagaland,WOKHA,WOKHA,-,Dhansiri,Brahmaputra,26.23,94.26083333,2022-08-31 02:00:00,13.5
Doyang Hep Reservoir,Nagaland,WOKHA,WOKHA,-,Dhansiri,Brahmaputra,26.23,94.26083333,2022-08-31 03:00:00,13.5
Doyang Hep Reservoir,Nagaland,WOKHA,WOKHA,-,Dhansiri,Brahmaputra,26.23,94.26083333,2022-08-31 18:00:00,2.0
Doyang Hep Reservoir,Nagaland,WOKHA,WOKHA,-,Dhansiri,Brahmaputra,26.23,94.26083333,2022-08-31 21:00:00,2.0
Doyang Hep Reservoir,Nagaland,WOKHA,WOKHA,-,Dhansiri,Brahmaputra,26.23,94.26083333,2022-08-31 22:00:00,2.0
Doyang Hep Reservoir,Nagaland,WOKHA,WOKHA,-,Dhansiri,Brahmaputra,26.23,94.26083333,2022-09-01 00:00:00,2.0
Doyang Hep Reservoir,Nagaland,WOKHA,WOKHA,-,Dhansiri,Brahmaputra,26.23,94.26083333,2022-09-01 01:00:00,2.0
Doyang Hep Reservoir,Nagaland,WOKHA,WOKHA,-,Dhansiri,Brahmaputra,26.23,94.26083333,2022-09-01 02:00:00,2.0
Doyang Hep Reservoir,Nagaland,WOKHA,WOKHA,-,Dhansiri,Brahmaputra,26.23,94.26083333,2022-09-01 03:00:00,2.0
Doyang Hep Reservoir,Nagaland,WOKHA,WOKHA,-,Dhansiri,Brahmaputra,26.23,94.26083333,2022-09-01 11:00:00,7.0
Doyang Hep Reservoir,Nagaland,WOKHA,WOKHA,-,Dhansiri,Brahmaputra,26.23,94.26083333,2022-09-01 12:00:00,8.0
Doyang Hep Reservoir,Nagaland,WOKHA,WOKHA,-,Dhansiri,Brahmaputra,26.23,94.26083333,2022-09-01 13:00:00,8.0
Doyang Hep Reservoir,Nagaland,WOKHA,WOKHA,-,Dhansiri,Brahmaputra,26.23,94.26083333,2022-09-01 14:00:00,8.0
Doyang Hep Reservoir,Nagaland,WOKHA,WOKHA,-,Dhansiri,Brahmaputra,26.23,94.26083333,2022-09-01 15:00:00,8.0
Doyang Hep Reservoir,Nagaland,WOKHA,WOKHA,-,Dhansiri,Brahmaputra,26.23,94.26083333,2022-09-01 16:00:00,8.0
Doyang Hep Reservoir,Nagaland,WOKHA,WOKHA,-,Dhansiri,Brahmaputra,26.23,94.26083333,2022-09-01 17:00:00,8.0
Doyang Hep Reservoir,Nagaland,WOKHA,WOKHA,-,Dhansiri,Brahmaputra,26.23,94.26083333,2022-09-01 18:00:00,8.0
Doyang Hep Reservoir,Nagaland,WOKHA,WOKHA,-,Dhansiri,Brahmaputra,26.23,94.26083333,2022-09-01 19:00:00,8.0
Doyang Hep Reservoir,Nagaland,WOKHA,WOKHA,-,Dhansiri,Brahmaputra,26.23,94.26083333,2022-09-01 20:00:00,8.0
Doyang Hep Reservoir,Nagaland,WOKHA,WOKHA,-,Dhansiri,Brahmaputra,26.23,94.26083333,2022-09-01 21:00:00,8.0
Doyang Hep Reservoir,Nagaland,WOKHA,WOKHA,-,Dhansiri,Brahmaputra,26.23,94.26083333,2022-09-01 22:00:00,8.0
Doyang Hep Reservoir,Nagaland,WOKHA,WOKHA,-,Dhansiri,Brahmaputra,26.23,94.26083333,2022-09-02 00:00:00,8.0
Doyang Hep Reservoir,Nagaland,WOKHA,WOKHA,-,Dhansiri,Brahmaputra,26.23,94.26083333,2022-09-02 01:00:00,8.0
Doyang Hep Reservoir,Nagaland,WOKHA,WOKHA,-,Dhansiri,Brahmaputra,26.23,94.26083333,2022-09-02 02:00:00,8.0
Doyang Hep Reservoir,Nagaland,WOKHA,WOKHA,-,Dhansiri,Brahmaputra,26.23,94.26083333,2022-09-02 03:00:00,8.0
Doyang Hep Reservoir,Nagaland,WOKHA,WOKHA,-,Dhansiri,Brahmaputra,26.23,94.26083333,2022-09-05 12:00:00,2.5
Doyang Hep Reservoir,Nagaland,WOKHA,WOKHA,-,Dhansiri,Brahmaputra,26.23,94.26083333,2022-09-05 13:00:00,2.5
Doyang Hep Reservoir,Nagaland,WOKHA,WOKHA,-,Dhansiri,Brahmaputra,26.23,94.26083333,2022-09-05 14:00:00,2.5
Doyang Hep Reservoir,Nagaland,WOKHA,WOKHA,-,Dhansiri,Brahmaputra,26.23,94.26083333,2022-09-05 15:00:00,2.5
Doyang Hep Reservoir,Nagaland,WOKHA,WOKHA,-,Dhansiri,Brahmaputra,26.23,94.26083333,2022-09-05 16:00:00,2.5
Doyang Hep Reservoir,Nagaland,WOKHA,WOKHA,-,Dhansiri,Brahmaputra,26.23,94.26083333,2022-09-05 17:00:00,2.5
Doyang Hep Reservoir,Nagaland,WOKHA,WOKHA,-,Dhansiri,Brahmaputra,26.23,94.26083333,2022-09-05 18:00:00,2.5
Doyang Hep Reservoir,Nagaland,WOKHA,WOKHA,-,Dhansiri,Brahmaputra,26.23,94.26083333,2022-09-05 19:00:00,2.5
Doyang Hep Reservoir,Nagaland,WOKHA,WOKHA,-,Dhansiri,Brahmaputra,26.23,94.26083333,2022-09-05 20:00:00,3.0
Doyang Hep Reservoir,Nagaland,WOKHA,WOKHA,-,Dhansiri,Brahmaputra,26.23,94.26083333,2022-09-05 21:00:00,3.0
Doyang Hep Reservoir,Nagaland,WOKHA,WOKHA,-,Dhansiri,Brahmaputra,26.23,94.26083333,2022-09-05 22:00:00,3.0
Doyang Hep Reservoir,Nagaland,WOKHA,WOKHA,-,Dhansiri,Brahmaputra,26.23,94.26083333,2022-09-05 23:00:00,3.0
Doyang Hep Reservoir,Nagaland,WOKHA,WOKHA,-,Dhansiri,Brahmaputra,26.23,94.26083333,2022-09-06 00:00:00,3.0
Doyang Hep Reservoir,Nagaland,WOKHA,WOKHA,-,Dhansiri,Brahmaputra,26.23,94.26083333,2022-09-06 01:00:00,3.0
Doyang Hep Reservoir,Nagaland,WOKHA,WOKHA,-,Dhansiri,Brahmaputra,26.23,94.26083333,2022-09-06 02:00:00,3.0
Doyang Hep Reservoir,Nagaland,WOKHA,WOKHA,-,Dhansiri,Brahmaputra,26.23,94.26083333,2022-09-06 03:00:00,3.0
Doyang Hep Reservoir,Nagaland,WOKHA,WOKHA,-,Dhansiri,Brahmaputra,26.23,94.26083333,2022-09-06 09:00:00,5.0
Doyang Hep Reservoir,Nagaland,WOKHA,WOKHA,-,Dhansiri,Brahmaputra,26.23,94.26083333,2022-09-06 10:00:00,5.0
Doyang Hep Reservoir,Nagaland,WOKHA,WOKHA,-,Dhansiri,Brahmaputra,26.23,94.26083333,2022-09-06 11:00:00,5.0
Doyang Hep Reservoir,Nagaland,WOKHA,WOKHA,-,Dhansiri,Brahmaputra,26.23,94.26083333,2022-09-06 12:00:00,5.0
Doyang Hep Reservoir,Nagaland,WOKHA,WOKHA,-,Dhansiri,Brahmaputra,26.23,94.26083333,2022-09-06 13:00:00,5.0
Doyang Hep Reservoir,Nagaland,WOKHA,WOKHA,-,Dhansiri,Brahmaputra,26.23,94.26083333,2022-09-06 14:00:00,5.0
Doyang Hep Reservoir,Nagaland,WOKHA,WOKHA,-,Dhansiri,Brahmaputra,26.23,94.26083333,2022-09-06 15:00:00,5.0
Doyang Hep Reservoir,Nagaland,WOKHA,WOKHA,-,Dhansiri,Brahmaputra,26.23,94.26083333,2022-09-06 16:00:00,5.0
Doyang Hep Reservoir,Nagaland,WOKHA,WOKHA,-,Dhansiri,Brahmaputra,26.23,94.26083333,2022-09-06 17:00:00,5.0
Doyang Hep Reservoir,Nagaland,WOKHA,WOKHA,-,Dhansiri,Brahmaputra,26.23,94.26083333,2022-09-06 18:00:00,5.0
Doyang Hep Reservoir,Nagaland,WOKHA,WOKHA,-,Dhansiri,Brahmaputra,26.23,94.26083333,2022-09-06 19:00:00,5.0
Doyang Hep Reservoir,Nagaland,WOKHA,WOKHA,-,Dhansiri,Brahmaputra,26.23,94.26083333,2022-09-06 20:00:00,5.0
Doyang Hep Reservoir,Nagaland,WOKHA,WOKHA,-,Dhansiri,Brahmaputra,26.23,94.26083333,2022-09-06 21:00:00,5.0
Doyang Hep Reservoir,Nagaland,WOKHA,WOKHA,-,Dhansiri,Brahmaputra,26.23,94.26083333,2022-09-06 22:00:00,5.0
Doyang Hep Reservoir,Nagaland,WOKHA,WOKHA,-,Dhansiri,Brahmaputra,26.23,94.26083333,2022-09-06 23:00:00,5.0
Doyang Hep Reservoir,Nagaland,WOKHA,WOKHA,-,Dhansiri,Brahmaputra,26.23,94.26083333,2022-09-07 00:00:00,5.0
Doyang Hep Reservoir,Nagaland,WOKHA,WOKHA,-,Dhansiri,Brahmaputra,26.23,94.26083333,2022-09-07 01:00:00,5.0
Doyang Hep Reservoir,Nagaland,WOKHA,WOKHA,-,Dhansiri,Brahmaputra,26.23,94.26083333,2022-09-07 02:00:00,5.0
Doyang Hep Reservoir,Nagaland,WOKHA,WOKHA,-,Dhansiri,Brahmaputra,26.23,94.26083333,2022-09-07 03:00:00,5.0
Doyang Hep Reservoir,Nagaland,WOKHA,WOKHA,-,Dhansiri,Brahmaputra,26.23,94.26083333,2022-09-07 09:00:00,0.5
Doyang Hep Reservoir,Nagaland,WOKHA,WOKHA,-,Dhansiri,Brahmaputra,26.23,94.26083333,2022-09-07 10:00:00,3.5
Doyang Hep Reservoir,Nagaland,WOKHA,WOKHA,-,Dhansiri,Brahmaputra,26.23,94.26083333,2022-09-07 11:00:00,4.0
Doyang Hep Reservoir,Nagaland,WOKHA,WOKHA,-,Dhansiri,Brahmaputra,26.23,94.26083333,2022-09-07 12:00:00,4.5
Doyang Hep Reservoir,Nagaland,WOKHA,WOKHA,-,Dhansiri,Brahmaputra,26.23,94.26083333,2022-09-07 13:00:00,4.5
Doyang Hep Reservoir,Nagaland,WOKHA,WOKHA,-,Dhansiri,Brahmaputra,26.23,94.26083333,2022-09-07 14:00:00,4.5
Doyang Hep Reservoir,Nagaland,WOKHA,WOKHA,-,Dhansiri,Brahmaputra,26.23,94.26083333,2022-09-07 15:00:00,4.5
Doyang Hep Reservoir,Nagaland,WOKHA,WOKHA,-,Dhansiri,Brahmaputra,26.23,94.26083333,2022-09-07 16:00:00,4.5
Doyang Hep Reservoir,Nagaland,WOKHA,WOKHA,-,Dhansiri,Brahmaputra,26.23,94.26083333,2022-09-07 17:00:00,4.5
Doyang Hep Reservoir,Nagaland,WOKHA,WOKHA,-,Dhansiri,Brahmaputra,26.23,94.26083333,2022-09-07 18:00:00,4.5
Doyang Hep Reservoir,Nagaland,WOKHA,WOKHA,-,Dhansiri,Brahmaputra,26.23,94.26083333,2022-09-07 19:00:00,4.5
Doyang Hep Reservoir,Nagaland,WOKHA,WOKHA,-,Dhansiri,Brahmaputra,26.23,94.26083333,2022-09-07 20:00:00,4.5
Doyang Hep Reservoir,Nagaland,WOKHA,WOKHA,-,Dhansiri,Brahmaputra,26.23,94.26083333,2022-09-07 21:00:00,4.5
Doyang Hep Reservoir,Nagaland,WOKHA,WOKHA,-,Dhansiri,Brahmaputra,26.23,94.26083333,2022-09-07 22:00:00,4.5
Doyang Hep Reservoir,Nagaland,WOKHA,WOKHA,-,Dhansiri,Brahmaputra,26.23,94.26083333,2022-09-07 23:00:00,4.5
Doyang Hep Reservoir,Nagaland,WOKHA,WOKHA,-,Dhansiri,Brahmaputra,26.23,94.26083333,2022-09-08 00:00:00,4.5
Doyang Hep Reservoir,Nagaland,WOKHA,WOKHA,-,Dhansiri,Brahmaputra,26.23,94.26083333,2022-09-08 01:00:00,4.5
Doyang Hep Reservoir,Nagaland,WOKHA,WOKHA,-,Dhansiri,Brahmaputra,26.23,94.26083333,2022-09-08 02:00:00,4.5
Doyang Hep Reservoir,Nagaland,WOKHA,WOKHA,-,Dhansiri,Brahmaputra,26.23,94.26083333,2022-09-08 03:00:00,4.5
Doyang Hep Reservoir,Nagaland,WOKHA,WOKHA,-,Dhansiri,Brahmaputra,26.23,94.26083333,2022-09-11 14:00:00,4.0
Doyang Hep Reservoir,Nagaland,WOKHA,WOKHA,-,Dhansiri,Brahmaputra,26.23,94.26083333,2022-09-11 15:00:00,4.0
Doyang Hep Reservoir,Nagaland,WOKHA,WOKHA,-,Dhansiri,Brahmaputra,26.23,94.26083333,2022-09-11 16:00:00,4.0
Doyang Hep Reservoir,Nagaland,WOKHA,WOKHA,-,Dhansiri,Brahmaputra,26.23,94.26083333,2022-09-11 17:00:00,4.5
Doyang Hep Reservoir,Nagaland,WOKHA,WOKHA,-,Dhansiri,Brahmaputra,26.23,94.26083333,2022-09-11 18:00:00,8.0
Doyang Hep Reservoir,Nagaland,WOKHA,WOKHA,-,Dhansiri,Brahmaputra,26.23,94.26083333,2022-09-11 19:00:00,9.5
Doyang Hep Reservoir,Nagaland,WOKHA,WOKHA,-,Dhansiri,Brahmaputra,26.23,94.26083333,2022-09-11 20:00:00,33.5
Doyang Hep Reservoir,Nagaland,WOKHA,WOKHA,-,Dhansiri,Brahmaputra,26.23,94.26083333,2022-09-11 21:00:00,59.0
Doyang Hep Reservoir,Nagaland,WOKHA,WOKHA,-,Dhansiri,Brahmaputra,26.23,94.26083333,2022-09-11 22:00:00,59.5
Doyang Hep Reservoir,Nagaland,WOKHA,WOKHA,-,Dhansiri,Brahmaputra,26.23,94.26083333,2022-09-11 23:00:00,59.5
Doyang Hep Reservoir,Nagaland,WOKHA,WOKHA,-,Dhansiri,Brahmaputra,26.23,94.26083333,2022-09-12 00:00:00,59.5
Doyang Hep Reservoir,Nagaland,WOKHA,WOKHA,-,Dhansiri,Brahmaputra,26.23,94.26083333,2022-09-12 01:00:00,59.5
Doyang Hep Reservoir,Nagaland,WOKHA,WOKHA,-,Dhansiri,Brahmaputra,26.23,94.26083333,2022-09-12 02:00:00,59.5
Doyang Hep Reservoir,Nagaland,WOKHA,WOKHA,-,Dhansiri,Brahmaputra,26.23,94.26083333,2022-09-12 03:00:00,59.5
Doyang Hep Reservoir,Nagaland,WOKHA,WOKHA,-,Dhansiri,Brahmaputra,26.23,94.26083333,2022-09-12 17:00:00,2.0
Doyang Hep Reservoir,Nagaland,WOKHA,WOKHA,-,Dhansiri,Brahmaputra,26.23,94.26083333,2022-09-12 18:00:00,3.5
Doyang Hep Reservoir,Nagaland,WOKHA,WOKHA,-,Dhansiri,Brahmaputra,26.23,94.26083333,2022-09-12 19:00:00,14.5
Doyang Hep Reservoir,Nagaland,WOKHA,WOKHA,-,Dhansiri,Brahmaputra,26.23,94.26083333,2022-09-12 20:00:00,15.5
Doyang Hep Reservoir,Nagaland,WOKHA,WOKHA,-,Dhansiri,Brahmaputra,26.23,94.26083333,2022-09-12 21:00:00,19.5
Doyang Hep Reservoir,Nagaland,WOKHA,WOKHA,-,Dhansiri,Brahmaputra,26.23,94.26083333,2022-09-12 22:00:00,22.5
Doyang Hep Reservoir,Nagaland,WOKHA,WOKHA,-,Dhansiri,Brahmaputra,26.23,94.26083333,2022-09-12 23:00:00,23.0
Doyang Hep Reservoir,Nagaland,WOKHA,WOKHA,-,Dhansiri,Brahmaputra,26.23,94.26083333,2022-09-13 00:00:00,23.0
Doyang Hep Reservoir,Nagaland,WOKHA,WOKHA,-,Dhansiri,Brahmaputra,26.23,94.26083333,2022-09-13 01:00:00,23.0
Doyang Hep Reservoir,Nagaland,WOKHA,WOKHA,-,Dhansiri,Brahmaputra,26.23,94.26083333,2022-09-13 02:00:00,23.5
Doyang Hep Reservoir,Nagaland,WOKHA,WOKHA,-,Dhansiri,Brahmaputra,26.23,94.26083333,2022-09-13 03:00:00,23.5
Doyang Hep Reservoir,Nagaland,WOKHA,WOKHA,-,Dhansiri,Brahmaputra,26.23,94.26083333,2022-09-14 19:00:00,2.0
Doyang Hep Reservoir,Nagaland,WOKHA,WOKHA,-,Dhansiri,Brahmaputra,26.23,94.26083333,2022-09-14 20:00:00,3.0
Doyang Hep Reservoir,Nagaland,WOKHA,WOKHA,-,Dhansiri,Brahmaputra,26.23,94.26083333,2022-09-14 21:00:00,3.0
Doyang Hep Reservoir,Nagaland,WOKHA,WOKHA,-,Dhansiri,Brahmaputra,26.23,94.26083333,2022-09-14 22:00:00,3.0
Doyang Hep Reservoir,Nagaland,WOKHA,WOKHA,-,Dhansiri,Brahmaputra,26.23,94.26083333,2022-09-14 23:00:00,3.0
Doyang Hep Reservoir,Nagaland,WOKHA,WOKHA,-,Dhansiri,Brahmaputra,26.23,94.26083333,2022-09-15 00:00:00,3.0
Doyang Hep Reservoir,Nagaland,WOKHA,WOKHA,-,Dhansiri,Brahmaputra,26.23,94.26083333,2022-09-15 01:00:00,3.0
Doyang Hep Reservoir,Nagaland,WOKHA,WOKHA,-,Dhansiri,Brahmaputra,26.23,94.26083333,2022-09-15 02:00:00,3.0
Doyang Hep Reservoir,Nagaland,WOKHA,WOKHA,-,Dhansiri,Brahmaputra,26.23,94.26083333,2022-09-15 03:00:00,3.0
Doyang Hep Reservoir,Nagaland,WOKHA,WOKHA,-,Dhansiri,Brahmaputra,26.23,94.26083333,2022-09-15 07:00:00,0.5
Doyang Hep Reservoir,Nagaland,WOKHA,WOKHA,-,Dhansiri,Brahmaputra,26.23,94.26083333,2022-09-15 08:00:00,0.5
Doyang Hep Reservoir,Nagaland,WOKHA,WOKHA,-,Dhansiri,Brahmaputra,26.23,94.26083333,2022-09-15 09:00:00,0.5
Doyang Hep Reservoir,Nagaland,WOKHA,WOKHA,-,Dhansiri,Brahmaputra,26.23,94.26083333,2022-09-15 10:00:00,0.5
Doyang Hep Reservoir,Nagaland,WOKHA,WOKHA,-,Dhansiri,Brahmaputra,26.23,94.26083333,2022-09-15 11:00:00,0.5
Doyang Hep Reservoir,Nagaland,WOKHA,WOKHA,-,Dhansiri,Brahmaputra,26.23,94.26083333,2022-09-15 12:00:00,0.5
Doyang Hep Reservoir,Nagaland,WOKHA,WOKHA,-,Dhansiri,Brahmaputra,26.23,94.26083333,2022-09-15 13:00:00,0.5
Doyang Hep Reservoir,Nagaland,WOKHA,WOKHA,-,Dhansiri,Brahmaputra,26.23,94.26083333,2022-09-15 14:00:00,0.5
Doyang Hep Reservoir,Nagaland,WOKHA,WOKHA,-,Dhansiri,Brahmaputra,26.23,94.26083333,2022-09-15 15:00:00,0.5
Doyang Hep Reservoir,Nagaland,WOKHA,WOKHA,-,Dhansiri,Brahmaputra,26.23,94.26083333,2022-09-15 16:00:00,0.5
Doyang Hep Reservoir,Nagaland,WOKHA,WOKHA,-,Dhansiri,Brahmaputra,26.23,94.26083333,2022-09-15 17:00:00,0.5
Doyang Hep Reservoir,Nagaland,WOKHA,WOKHA,-,Dhansiri,Brahmaputra,26.23,94.26083333,2022-09-15 18:00:00,0.5
Doyang Hep Reservoir,Nagaland,WOKHA,WOKHA,-,Dhansiri,Brahmaputra,26.23,94.26083333,2022-09-15 19:00:00,0.5
Doyang Hep Reservoir,Nagaland,WOKHA,WOKHA,-,Dhansiri,Brahmaputra,26.23,94.26083333,2022-09-15 20:00:00,0.5
Doyang Hep Reservoir,Nagaland,WOKHA,WOKHA,-,Dhansiri,Brahmaputra,26.23,94.26083333,2022-09-15 21:00:00,0.5
Doyang Hep Reservoir,Nagaland,WOKHA,WOKHA,-,Dhansiri,Brahmaputra,26.23,94.26083333,2022-09-16 00:00:00,0.5
Doyang Hep Reservoir,Nagaland,WOKHA,WOKHA,-,Dhansiri,Brahmaputra,26.23,94.26083333,2022-09-16 01:00:00,0.5
Doyang Hep Reservoir,Nagaland,WOKHA,WOKHA,-,Dhansiri,Brahmaputra,26.23,94.26083333,2022-09-16 02:00:00,0.5
Doyang Hep Reservoir,Nagaland,WOKHA,WOKHA,-,Dhansiri,Brahmaputra,26.23,94.26083333,2022-09-16 03:00:00,0.5
Doyang Hep Reservoir,Nagaland,WOKHA,WOKHA,-,Dhansiri,Brahmaputra,26.23,94.26083333,2022-09-19 17:00:00,10.0
Doyang Hep Reservoir,Nagaland,WOKHA,WOKHA,-,Dhansiri,Brahmaputra,26.23,94.26083333,2022-09-19 19:00:00,20.0
Doyang Hep Reservoir,Nagaland,WOKHA,WOKHA,-,Dhansiri,Brahmaputra,26.23,94.26083333,2022-09-19 22:00:00,37.0
Doyang Hep Reservoir,Nagaland,WOKHA,WOKHA,-,Dhansiri,Brahmaputra,26.23,94.26083333,2022-09-23 20:00:00,3.0
Doyang Hep Reservoir,Nagaland,WOKHA,WOKHA,-,Dhansiri,Brahmaputra,26.23,94.26083333,2022-09-23 21:00:00,4.5
Doyang Hep Reservoir,Nagaland,WOKHA,WOKHA,-,Dhansiri,Brahmaputra,26.23,94.26083333,2022-09-23 22:00:00,4.5
Doyang Hep Reservoir,Nagaland,WOKHA,WOKHA,-,Dhansiri,Brahmaputra,26.23,94.26083333,2022-09-24 00:00:00,4.5
Doyang Hep Reservoir,Nagaland,WOKHA,WOKHA,-,Dhansiri,Brahmaputra,26.23,94.26083333,2022-09-24 01:00:00,4.5
Doyang Hep Reservoir,Nagaland,WOKHA,WOKHA,-,Dhansiri,Brahmaputra,26.23,94.26083333,2022-09-25 13:00:00,12.0
Doyang Hep Reservoir,Nagaland,WOKHA,WOKHA,-,Dhansiri,Brahmaputra,26.23,94.26083333,2022-09-25 16:00:00,12.0
Doyang Hep Reservoir,Nagaland,WOKHA,WOKHA,-,Dhansiri,Brahmaputra,26.23,94.26083333,2022-09-25 19:00:00,12.0
Doyang Hep Reservoir,Nagaland,WOKHA,WOKHA,-,Dhansiri,Brahmaputra,26.23,94.26083333,2022-09-25 20:00:00,12.0
Doyang Hep Reservoir,Nagaland,WOKHA,WOKHA,-,Dhansiri,Brahmaputra,26.23,94.26083333,2022-09-25 23:00:00,12.0
Doyang Hep Reservoir,Nagaland,WOKHA,WOKHA,-,Dhansiri,Brahmaputra,26.23,94.26083333,2022-09-26 00:00:00,12.0
Doyang Hep Reservoir,Nagaland,WOKHA,WOKHA,-,Dhansiri,Brahmaputra,26.23,94.26083333,2022-09-26 01:00:00,12.0
Doyang Hep Reservoir,Nagaland,WOKHA,WOKHA,-,Dhansiri,Brahmaputra,26.23,94.26083333,2022-09-26 02:00:00,12.0
Doyang Hep Reservoir,Nagaland,WOKHA,WOKHA,-,Dhansiri,Brahmaputra,26.23,94.26083333,2022-09-26 03:00:00,12.0
Doyang Hep Reservoir,Nagaland,WOKHA,WOKHA,-,Dhansiri,Brahmaputra,26.23,94.26083333,2022-09-27 07:00:00,0.5
Doyang Hep Reservoir,Nagaland,WOKHA,WOKHA,-,Dhansiri,Brahmaputra,26.23,94.26083333,2022-09-27 08:00:00,0.5
Doyang Hep Reservoir,Nagaland,WOKHA,WOKHA,-,Dhansiri,Brahmaputra,26.23,94.26083333,2022-09-27 09:00:00,0.5
Doyang Hep Reservoir,Nagaland,WOKHA,WOKHA,-,Dhansiri,Brahmaputra,26.23,94.26083333,2022-09-27 10:00:00,0.5
Doyang Hep Reservoir,Nagaland,WOKHA,WOKHA,-,Dhansiri,Brahmaputra,26.23,94.26083333,2022-09-27 11:00:00,0.5
Doyang Hep Reservoir,Nagaland,WOKHA,WOKHA,-,Dhansiri,Brahmaputra,26.23,94.26083333,2022-09-27 15:00:00,0.5
Doyang Hep Reservoir,Nagaland,WOKHA,WOKHA,-,Dhansiri,Brahmaputra,26.23,94.26083333,2022-09-27 16:00:00,0.5
Doyang Hep Reservoir,Nagaland,WOKHA,WOKHA,-,Dhansiri,Brahmaputra,26.23,94.26083333,2022-09-27 17:00:00,0.5
Doyang Hep Reservoir,Nagaland,WOKHA,WOKHA,-,Dhansiri,Brahmaputra,26.23,94.26083333,2022-09-27 18:00:00,0.5
Doyang Hep Reservoir,Nagaland,WOKHA,WOKHA,-,Dhansiri,Brahmaputra,26.23,94.26083333,2022-09-27 19:00:00,1.0
Doyang Hep Reservoir,Nagaland,WOKHA,WOKHA,-,Dhansiri,Brahmaputra,26.23,94.26083333,2022-09-27 20:00:00,1.0
Doyang Hep Reservoir,Nagaland,WOKHA,WOKHA,-,Dhansiri,Brahmaputra,26.23,94.26083333,2022-09-27 21:00:00,1.0
Doyang Hep Reservoir,Nagaland,WOKHA,WOKHA,-,Dhansiri,Brahmaputra,26.23,94.26083333,2022-09-27 23:00:00,1.0
Doyang Hep Reservoir,Nagaland,WOKHA,WOKHA,-,Dhansiri,Brahmaputra,26.23,94.26083333,2022-09-28 01:00:00,1.0
Doyang Hep Reservoir,Nagaland,WOKHA,WOKHA,-,Dhansiri,Brahmaputra,26.23,94.26083333,2022-09-28 02:00:00,1.0
Doyang Hep Reservoir,Nagaland,WOKHA,WOKHA,-,Dhansiri,Brahmaputra,26.23,94.26083333,2022-09-28 03:00:00,1.0
Doyang Hep Reservoir,Nagaland,WOKHA,WOKHA,-,Dhansiri,Brahmaputra,26.23,94.26083333,2022-10-02 20:00:00,1.0
Doyang Hep Reservoir,Nagaland,WOKHA,WOKHA,-,Dhansiri,Brahmaputra,26.23,94.26083333,2022-10-02 21:00:00,1.5
Doyang Hep Reservoir,Nagaland,WOKHA,WOKHA,-,Dhansiri,Brahmaputra,26.23,94.26083333,2022-10-02 22:00:00,1.5
Doyang Hep Reservoir,Nagaland,WOKHA,WOKHA,-,Dhansiri,Brahmaputra,26.23,94.26083333,2022-10-02 23:00:00,1.5
Doyang Hep Reservoir,Nagaland,WOKHA,WOKHA,-,Dhansiri,Brahmaputra,26.23,94.26083333,2022-10-03 00:00:00,1.5
Doyang Hep Reservoir,Nagaland,WOKHA,WOKHA,-,Dhansiri,Brahmaputra,26.23,94.26083333,2022-10-03 01:00:00,1.5
Doyang Hep Reservoir,Nagaland,WOKHA,WOKHA,-,Dhansiri,Brahmaputra,26.23,94.26083333,2022-10-03 02:00:00,1.5
Doyang Hep Reservoir,Nagaland,WOKHA,WOKHA,-,Dhansiri,Brahmaputra,26.23,94.26083333,2022-10-03 03:00:00,1.5
Doyang Hep Reservoir,Nagaland,WOKHA,WOKHA,-,Dhansiri,Brahmaputra,26.23,94.26083333,2022-10-04 16:00:00,1.5
Doyang Hep Reservoir,Nagaland,WOKHA,WOKHA,-,Dhansiri,Brahmaputra,26.23,94.26083333,2022-10-04 17:00:00,2.0
Doyang Hep Reservoir,Nagaland,WOKHA,WOKHA,-,Dhansiri,Brahmaputra,26.23,94.26083333,2022-10-04 18:00:00,2.0
Doyang Hep Reservoir,Nagaland,WOKHA,WOKHA,-,Dhansiri,Brahmaputra,26.23,94.26083333,2022-10-04 19:00:00,2.0
Doyang Hep Reservoir,Nagaland,WOKHA,WOKHA,-,Dhansiri,Brahmaputra,26.23,94.26083333,2022-10-05 00:00:00,37.5
Doyang Hep Reservoir,Nagaland,WOKHA,WOKHA,-,Dhansiri,Brahmaputra,26.23,94.26083333,2022-10-05 01:00:00,37.5
Doyang Hep Reservoir,Nagaland,WOKHA,WOKHA,-,Dhansiri,Brahmaputra,26.23,94.26083333,2022-10-05 02:00:00,37.5
Doyang Hep Reservoir,Nagaland,WOKHA,WOKHA,-,Dhansiri,Brahmaputra,26.23,94.26083333,2022-10-05 03:00:00,37.5
Doyang Hep Reservoir,Nagaland,WOKHA,WOKHA,-,Dhansiri,Brahmaputra,26.23,94.26083333,2022-10-05 18:00:00,1.0
Doyang Hep Reservoir,Nagaland,WOKHA,WOKHA,-,Dhansiri,Brahmaputra,26.23,94.26083333,2022-10-05 19:00:00,1.0
Doyang Hep Reservoir,Nagaland,WOKHA,WOKHA,-,Dhansiri,Brahmaputra,26.23,94.26083333,2022-10-05 20:00:00,1.0
Doyang Hep Reservoir,Nagaland,WOKHA,WOKHA,-,Dhansiri,Brahmaputra,26.23,94.26083333,2022-10-05 21:00:00,1.0
Doyang Hep Reservoir,Nagaland,WOKHA,WOKHA,-,Dhansiri,Brahmaputra,26.23,94.26083333,2022-10-05 22:00:00,1.0
Doyang Hep Reservoir,Nagaland,WOKHA,WOKHA,-,Dhansiri,Brahmaputra,26.23,94.26083333,2022-10-06 00:00:00,1.0
Doyang Hep Reservoir,Nagaland,WOKHA,WOKHA,-,Dhansiri,Brahmaputra,26.23,94.26083333,2022-10-06 01:00:00,1.0
Doyang Hep Reservoir,Nagaland,WOKHA,WOKHA,-,Dhansiri,Brahmaputra,26.23,94.26083333,2022-10-06 02:00:00,1.0
Doyang Hep Reservoir,Nagaland,WOKHA,WOKHA,-,Dhansiri,Brahmaputra,26.23,94.26083333,2022-10-06 03:00:00,1.0
Doyang Hep Reservoir,Nagaland,WOKHA,WOKHA,-,Dhansiri,Brahmaputra,26.23,94.26083333,2022-10-07 20:00:00,0.5
Doyang Hep Reservoir,Nagaland,WOKHA,WOKHA,-,Dhansiri,Brahmaputra,26.23,94.26083333,2022-10-07 21:00:00,0.5
Doyang Hep Reservoir,Nagaland,WOKHA,WOKHA,-,Dhansiri,Brahmaputra,26.23,94.26083333,2022-10-07 23:00:00,1.5
Doyang Hep Reservoir,Nagaland,WOKHA,WOKHA,-,Dhansiri,Brahmaputra,26.23,94.26083333,2022-10-08 00:00:00,1.5
Doyang Hep Reservoir,Nagaland,WOKHA,WOKHA,-,Dhansiri,Brahmaputra,26.23,94.26083333,2022-10-08 01:00:00,1.5
Doyang Hep Reservoir,Nagaland,WOKHA,WOKHA,-,Dhansiri,Brahmaputra,26.23,94.26083333,2022-10-08 02:00:00,1.5
Doyang Hep Reservoir,Nagaland,WOKHA,WOKHA,-,Dhansiri,Brahmaputra,26.23,94.26083333,2022-10-08 03:00:00,1.5
Doyang Hep Reservoir,Nagaland,WOKHA,WOKHA,-,Dhansiri,Brahmaputra,26.23,94.26083333,2022-10-08 23:00:00,20.0
Doyang Hep Reservoir,Nagaland,WOKHA,WOKHA,-,Dhansiri,Brahmaputra,26.23,94.26083333,2022-10-09 00:00:00,20.0
Doyang Hep Reservoir,Nagaland,WOKHA,WOKHA,-,Dhansiri,Brahmaputra,26.23,94.26083333,2022-10-09 03:00:00,20.0
Doyang Hep Reservoir,Nagaland,WOKHA,WOKHA,-,Dhansiri,Brahmaputra,26.23,94.26083333,2022-10-09 13:00:00,0.5
Doyang Hep Reservoir,Nagaland,WOKHA,WOKHA,-,Dhansiri,Brahmaputra,26.23,94.26083333,2022-10-09 14:00:00,0.5
Doyang Hep Reservoir,Nagaland,WOKHA,WOKHA,-,Dhansiri,Brahmaputra,26.23,94.26083333,2022-10-09 17:00:00,0.5
Doyang Hep Reservoir,Nagaland,WOKHA,WOKHA,-,Dhansiri,Brahmaputra,26.23,94.26083333,2022-10-09 20:00:00,1.0
Doyang Hep Reservoir,Nagaland,WOKHA,WOKHA,-,Dhansiri,Brahmaputra,26.23,94.26083333,2022-10-09 21:00:00,1.0
Doyang Hep Reservoir,Nagaland,WOKHA,WOKHA,-,Dhansiri,Brahmaputra,26.23,94.26083333,2022-10-10 00:00:00,1.0
Doyang Hep Reservoir,Nagaland,WOKHA,WOKHA,-,Dhansiri,Brahmaputra,26.23,94.26083333,2022-10-10 01:00:00,1.0
Doyang Hep Reservoir,Nagaland,WOKHA,WOKHA,-,Dhansiri,Brahmaputra,26.23,94.26083333,2022-10-10 02:00:00,1.0
Doyang Hep Reservoir,Nagaland,WOKHA,WOKHA,-,Dhansiri,Brahmaputra,26.23,94.26083333,2022-10-10 03:00:00,1.0
Doyang Hep Reservoir,Nagaland,WOKHA,WOKHA,-,Dhansiri,Brahmaputra,26.23,94.26083333,2022-10-11 05:00:00,2.0
Doyang Hep Reservoir,Nagaland,WOKHA,WOKHA,-,Dhansiri,Brahmaputra,26.23,94.26083333,2022-10-11 06:00:00,2.0
Doyang Hep Reservoir,Nagaland,WOKHA,WOKHA,-,Dhansiri,Brahmaputra,26.23,94.26083333,2022-10-11 07:00:00,2.0
Doyang Hep Reservoir,Nagaland,WOKHA,WOKHA,-,Dhansiri,Brahmaputra,26.23,94.26083333,2022-10-11 08:00:00,2.0
Doyang Hep Reservoir,Nagaland,WOKHA,WOKHA,-,Dhansiri,Brahmaputra,26.23,94.26083333,2022-10-11 09:00:00,2.0
Doyang Hep Reservoir,Nagaland,WOKHA,WOKHA,-,Dhansiri,Brahmaputra,26.23,94.26083333,2022-10-11 10:00:00,2.0
Doyang Hep Reservoir,Nagaland,WOKHA,WOKHA,-,Dhansiri,Brahmaputra,26.23,94.26083333,2022-10-11 11:00:00,2.0
Doyang Hep Reservoir,Nagaland,WOKHA,WOKHA,-,Dhansiri,Brahmaputra,26.23,94.26083333,2022-10-11 12:00:00,2.0
Doyang Hep Reservoir,Nagaland,WOKHA,WOKHA,-,Dhansiri,Brahmaputra,26.23,94.26083333,2022-10-11 13:00:00,2.0
Doyang Hep Reservoir,Nagaland,WOKHA,WOKHA,-,Dhansiri,Brahmaputra,26.23,94.26083333,2022-10-11 14:00:00,2.0
Doyang Hep Reservoir,Nagaland,WOKHA,WOKHA,-,Dhansiri,Brahmaputra,26.23,94.26083333,2022-10-11 15:00:00,2.0
Doyang Hep Reservoir,Nagaland,WOKHA,WOKHA,-,Dhansiri,Brahmaputra,26.23,94.26083333,2022-10-11 16:00:00,2.0
Doyang Hep Reservoir,Nagaland,WOKHA,WOKHA,-,Dhansiri,Brahmaputra,26.23,94.26083333,2022-10-11 17:00:00,2.0
Doyang Hep Reservoir,Nagaland,WOKHA,WOKHA,-,Dhansiri,Brahmaputra,26.23,94.26083333,2022-10-11 18:00:00,2.0
Doyang Hep Reservoir,Nagaland,WOKHA,WOKHA,-,Dhansiri,Brahmaputra,26.23,94.26083333,2022-10-11 19:00:00,2.0
Doyang Hep Reservoir,Nagaland,WOKHA,WOKHA,-,Dhansiri,Brahmaputra,26.23,94.26083333,2022-10-11 20:00:00,2.0
Doyang Hep Reservoir,Nagaland,WOKHA,WOKHA,-,Dhansiri,Brahmaputra,26.23,94.26083333,2022-10-11 21:00:00,2.0
Doyang Hep Reservoir,Nagaland,WOKHA,WOKHA,-,Dhansiri,Brahmaputra,26.23,94.26083333,2022-10-11 22:00:00,2.0
Doyang Hep Reservoir,Nagaland,WOKHA,WOKHA,-,Dhansiri,Brahmaputra,26.23,94.26083333,2022-10-11 23:00:00,2.0
Doyang Hep Reservoir,Nagaland,WOKHA,WOKHA,-,Dhansiri,Brahmaputra,26.23,94.26083333,2022-10-12 00:00:00,2.0
Doyang Hep Reservoir,Nagaland,WOKHA,WOKHA,-,Dhansiri,Brahmaputra,26.23,94.26083333,2022-10-12 01:00:00,10.0
Doyang Hep Reservoir,Nagaland,WOKHA,WOKHA,-,Dhansiri,Brahmaputra,26.23,94.26083333,2022-10-12 02:00:00,10.0
Doyang Hep Reservoir,Nagaland,WOKHA,WOKHA,-,Dhansiri,Brahmaputra,26.23,94.26083333,2022-10-12 03:00:00,10.0
Doyang Hep Reservoir,Nagaland,WOKHA,WOKHA,-,Dhansiri,Brahmaputra,26.23,94.26083333,2022-10-12 10:00:00,0.5
Doyang Hep Reservoir,Nagaland,WOKHA,WOKHA,-,Dhansiri,Brahmaputra,26.23,94.26083333,2022-10-12 11:00:00,4.0
Doyang Hep Reservoir,Nagaland,WOKHA,WOKHA,-,Dhansiri,Brahmaputra,26.23,94.26083333,2022-10-12 12:00:00,4.0
Doyang Hep Reservoir,Nagaland,WOKHA,WOKHA,-,Dhansiri,Brahmaputra,26.23,94.26083333,2022-10-12 13:00:00,4.0
Doyang Hep Reservoir,Nagaland,WOKHA,WOKHA,-,Dhansiri,Brahmaputra,26.23,94.26083333,2022-10-12 14:00:00,4.0
Doyang Hep Reservoir,Nagaland,WOKHA,WOKHA,-,Dhansiri,Brahmaputra,26.23,94.26083333,2022-10-12 15:00:00,4.0
Doyang Hep Reservoir,Nagaland,WOKHA,WOKHA,-,Dhansiri,Brahmaputra,26.23,94.26083333,2022-10-12 16:00:00,4.0
Doyang Hep Reservoir,Nagaland,WOKHA,WOKHA,-,Dhansiri,Brahmaputra,26.23,94.26083333,2022-10-12 17:00:00,4.0
Doyang Hep Reservoir,Nagaland,WOKHA,WOKHA,-,Dhansiri,Brahmaputra,26.23,94.26083333,2022-10-12 18:00:00,4.0
Doyang Hep Reservoir,Nagaland,WOKHA,WOKHA,-,Dhansiri,Brahmaputra,26.23,94.26083333,2022-10-12 19:00:00,4.0
Doyang Hep Reservoir,Nagaland,WOKHA,WOKHA,-,Dhansiri,Brahmaputra,26.23,94.26083333,2022-10-12 20:00:00,4.0
Doyang Hep Reservoir,Nagaland,WOKHA,WOKHA,-,Dhansiri,Brahmaputra,26.23,94.26083333,2022-10-12 21:00:00,4.0
Doyang Hep Reservoir,Nagaland,WOKHA,WOKHA,-,Dhansiri,Brahmaputra,26.23,94.26083333,2022-10-12 22:00:00,4.0
Doyang Hep Reservoir,Nagaland,WOKHA,WOKHA,-,Dhansiri,Brahmaputra,26.23,94.26083333,2022-10-13 00:00:00,4.0
Doyang Hep Reservoir,Nagaland,WOKHA,WOKHA,-,Dhansiri,Brahmaputra,26.23,94.26083333,2022-10-13 01:00:00,4.0
Doyang Hep Reservoir,Nagaland,WOKHA,WOKHA,-,Dhansiri,Brahmaputra,26.23,94.26083333,2022-10-13 02:00:00,4.0
Doyang Hep Reservoir,Nagaland,WOKHA,WOKHA,-,Dhansiri,Brahmaputra,26.23,94.26083333,2022-10-13 03:00:00,4.0
Doyang Hep Reservoir,Nagaland,WOKHA,WOKHA,-,Dhansiri,Brahmaputra,26.23,94.26083333,2022-10-17 22:00:00,28.0
Doyang Hep Reservoir,Nagaland,WOKHA,WOKHA,-,Dhansiri,Brahmaputra,26.23,94.26083333,2022-10-18 00:00:00,29.5
Doyang Hep Reservoir,Nagaland,WOKHA,WOKHA,-,Dhansiri,Brahmaputra,26.23,94.26083333,2022-10-18 01:00:00,29.5
Doyang Hep Reservoir,Nagaland,WOKHA,WOKHA,-,Dhansiri,Brahmaputra,26.23,94.26083333,2022-10-18 02:00:00,29.5
Doyang Hep Reservoir,Nagaland,WOKHA,WOKHA,-,Dhansiri,Brahmaputra,26.23,94.26083333,2022-10-18 03:00:00,29.5
Doyang Hep Reservoir,Nagaland,WOKHA,WOKHA,-,Dhansiri,Brahmaputra,26.23,94.26083333,2022-10-19 04:00:00,0.5
Doyang Hep Reservoir,Nagaland,WOKHA,WOKHA,-,Dhansiri,Brahmaputra,26.23,94.26083333,2022-10-19 05:00:00,0.5
Doyang Hep Reservoir,Nagaland,WOKHA,WOKHA,-,Dhansiri,Brahmaputra,26.23,94.26083333,2022-10-19 06:00:00,0.5
Doyang Hep Reservoir,Nagaland,WOKHA,WOKHA,-,Dhansiri,Brahmaputra,26.23,94.26083333,2022-10-19 07:00:00,0.5
Doyang Hep Reservoir,Nagaland,WOKHA,WOKHA,-,Dhansiri,Brahmaputra,26.23,94.26083333,2022-10-19 08:00:00,0.5
Doyang Hep Reservoir,Nagaland,WOKHA,WOKHA,-,Dhansiri,Brahmaputra,26.23,94.26083333,2022-10-19 09:00:00,0.5
Doyang Hep Reservoir,Nagaland,WOKHA,WOKHA,-,Dhansiri,Brahmaputra,26.23,94.26083333,2022-10-19 11:00:00,0.5
Doyang Hep Reservoir,Nagaland,WOKHA,WOKHA,-,Dhansiri,Brahmaputra,26.23,94.26083333,2022-10-19 16:00:00,0.5
Doyang Hep Reservoir,Nagaland,WOKHA,WOKHA,-,Dhansiri,Brahmaputra,26.23,94.26083333,2022-10-19 17:00:00,0.5
Doyang Hep Reservoir,Nagaland,WOKHA,WOKHA,-,Dhansiri,Brahmaputra,26.23,94.26083333,2022-10-19 19:00:00,0.5
Doyang Hep Reservoir,Nagaland,WOKHA,WOKHA,-,Dhansiri,Brahmaputra,26.23,94.26083333,2022-10-19 22:00:00,0.5
Doyang Hep Reservoir,Nagaland,WOKHA,WOKHA,-,Dhansiri,Brahmaputra,26.23,94.26083333,2022-10-19 23:00:00,0.5
Doyang Hep Reservoir,Nagaland,WOKHA,WOKHA,-,Dhansiri,Brahmaputra,26.23,94.26083333,2022-10-20 00:00:00,0.5
Doyang Hep Reservoir,Nagaland,WOKHA,WOKHA,-,Dhansiri,Brahmaputra,26.23,94.26083333,2022-10-20 01:00:00,0.5
Doyang Hep Reservoir,Nagaland,WOKHA,WOKHA,-,Dhansiri,Brahmaputra,26.23,94.26083333,2022-10-20 03:00:00,0.5
Doyang Hep Reservoir,Nagaland,WOKHA,WOKHA,-,Dhansiri,Brahmaputra,26.23,94.26083333,2022-10-24 02:00:00,0.5
Doyang Hep Reservoir,Nagaland,WOKHA,WOKHA,-,Dhansiri,Brahmaputra,26.23,94.26083333,2022-10-24 04:00:00,0.5
Doyang Hep Reservoir,Nagaland,WOKHA,WOKHA,-,Dhansiri,Brahmaputra,26.23,94.26083333,2022-10-24 05:00:00,1.0
Doyang Hep Reservoir,Nagaland,WOKHA,WOKHA,-,Dhansiri,Brahmaputra,26.23,94.26083333,2022-10-24 06:00:00,1.0
Doyang Hep Reservoir,Nagaland,WOKHA,WOKHA,-,Dhansiri,Brahmaputra,26.23,94.26083333,2022-10-24 07:00:00,2.0
Doyang Hep Reservoir,Nagaland,WOKHA,WOKHA,-,Dhansiri,Brahmaputra,26.23,94.26083333,2022-10-24 08:00:00,4.5
Doyang Hep Reservoir,Nagaland,WOKHA,WOKHA,-,Dhansiri,Brahmaputra,26.23,94.26083333,2022-10-24 10:00:00,9.0
Doyang Hep Reservoir,Nagaland,WOKHA,WOKHA,-,Dhansiri,Brahmaputra,26.23,94.26083333,2022-10-24 11:00:00,9.5
Doyang Hep Reservoir,Nagaland,WOKHA,WOKHA,-,Dhansiri,Brahmaputra,26.23,94.26083333,2022-10-24 12:00:00,11.5
Doyang Hep Reservoir,Nagaland,WOKHA,WOKHA,-,Dhansiri,Brahmaputra,26.23,94.26083333,2022-10-24 17:00:00,16.0
Doyang Hep Reservoir,Nagaland,WOKHA,WOKHA,-,Dhansiri,Brahmaputra,26.23,94.26083333,2022-10-24 19:00:00,16.0
Doyang Hep Reservoir,Nagaland,WOKHA,WOKHA,-,Dhansiri,Brahmaputra,26.23,94.26083333,2022-10-24 21:00:00,16.0
Doyang Hep Reservoir,Nagaland,WOKHA,WOKHA,-,Dhansiri,Brahmaputra,26.23,94.26083333,2022-10-24 22:00:00,16.0
Doyang Hep Reservoir,Nagaland,WOKHA,WOKHA,-,Dhansiri,Brahmaputra,26.23,94.26083333,2022-10-24 23:00:00,16.5
Doyang Hep Reservoir,Nagaland,WOKHA,WOKHA,-,Dhansiri,Brahmaputra,26.23,94.26083333,2022-10-25 13:00:00,4.5
Doyang Hep Reservoir,Nagaland,WOKHA,WOKHA,-,Dhansiri,Brahmaputra,26.23,94.26083333,2022-10-25 16:00:00,4.5
Doyang Hep Reservoir,Nagaland,WOKHA,WOKHA,-,Dhansiri,Brahmaputra,26.23,94.26083333,2022-10-25 17:00:00,4.5
Doyang Hep Reservoir,Nagaland,WOKHA,WOKHA,-,Dhansiri,Brahmaputra,26.23,94.26083333,2022-10-25 18:00:00,4.5
Doyang Hep Reservoir,Nagaland,WOKHA,WOKHA,-,Dhansiri,Brahmaputra,26.23,94.26083333,2022-10-25 20:00:00,4.5
Doyang Hep Reservoir,Nagaland,WOKHA,WOKHA,-,Dhansiri,Brahmaputra,26.23,94.26083333,2022-10-25 21:00:00,4.5
Doyang Hep Reservoir,Nagaland,WOKHA,WOKHA,-,Dhansiri,Brahmaputra,26.23,94.26083333,2022-10-25 22:00:00,4.5
Doyang Hep Reservoir,Nagaland,WOKHA,WOKHA,-,Dhansiri,Brahmaputra,26.23,94.26083333,2022-10-26 00:00:00,4.5
Doyang Hep Reservoir,Nagaland,WOKHA,WOKHA,-,Dhansiri,Brahmaputra,26.23,94.26083333,2022-10-26 10:00:00,1.0
Doyang Hep Reservoir,Nagaland,WOKHA,WOKHA,-,Dhansiri,Brahmaputra,26.23,94.26083333,2022-10-26 12:00:00,2.0
Doyang Hep Reservoir,Nagaland,WOKHA,WOKHA,-,Dhansiri,Brahmaputra,26.23,94.26083333,2022-10-26 17:00:00,2.0
Doyang Hep Reservoir,Nagaland,WOKHA,WOKHA,-,Dhansiri,Brahmaputra,26.23,94.26083333,2022-10-26 18:00:00,2.0
Doyang Hep Reservoir,Nagaland,WOKHA,WOKHA,-,Dhansiri,Brahmaputra,26.23,94.26083333,2022-10-26 19:00:00,2.0
Doyang Hep Reservoir,Nagaland,WOKHA,WOKHA,-,Dhansiri,Brahmaputra,26.23,94.26083333,2022-10-26 22:00:00,2.0
Doyang Hep Reservoir,Nagaland,WOKHA,WOKHA,-,Dhansiri,Brahmaputra,26.23,94.26083333,2022-10-26 23:00:00,2.0
Doyang Hep Reservoir,Nagaland,WOKHA,WOKHA,-,Dhansiri,Brahmaputra,26.23,94.26083333,2022-10-27 00:00:00,2.0
Doyang Hep Reservoir,Nagaland,WOKHA,WOKHA,-,Dhansiri,Brahmaputra,26.23,94.26083333,2022-10-27 01:00:00,2.0
Doyang Hep Reservoir,Nagaland,WOKHA,WOKHA,-,Dhansiri,Brahmaputra,26.23,94.26083333,2022-10-27 02:00:00,2.0
Doyang Hep Reservoir,Nagaland,WOKHA,WOKHA,-,Dhansiri,Brahmaputra,26.23,94.26083333,2022-10-27 03:00:00,2.0
Doyang Hep Reservoir,Nagaland,WOKHA,WOKHA,-,Dhansiri,Brahmaputra,26.23,94.26083333,2022-11-17 05:00:00,19.0
Doyang Hep Reservoir,Nagaland,WOKHA,WOKHA,-,Dhansiri,Brahmaputra,26.23,94.26083333,2022-12-26 10:00:00,1.0
Doyang Hep Reservoir,Nagaland,WOKHA,WOKHA,-,Dhansiri,Brahmaputra,26.23,94.26083333,2022-12-26 11:00:00,1.0
Doyang Hep Reservoir,Nagaland,WOKHA,WOKHA,-,Dhansiri,Brahmaputra,26.23,94.26083333,2022-12-26 12:00:00,1.0
Doyang Hep Reservoir,Nagaland,WOKHA,WOKHA,-,Dhansiri,Brahmaputra,26.23,94.26083333,2022-12-26 13:00:00,1.0
Doyang Hep Reservoir,Nagaland,WOKHA,WOKHA,-,Dhansiri,Brahmaputra,26.23,94.26083333,2022-12-26 14:00:00,1.0
Doyang Hep Reservoir,Nagaland,WOKHA,WOKHA,-,Dhansiri,Brahmaputra,26.23,94.26083333,2022-12-26 15:00:00,1.5
Doyang Hep Reservoir,Nagaland,WOKHA,WOKHA,-,Dhansiri,Brahmaputra,26.23,94.26083333,2022-12-26 16:00:00,1.5
Doyang Hep Reservoir,Nagaland,WOKHA,WOKHA,-,Dhansiri,Brahmaputra,26.23,94.26083333,2022-12-26 17:00:00,3.5
Doyang Hep Reservoir,Nagaland,WOKHA,WOKHA,-,Dhansiri,Brahmaputra,26.23,94.26083333,2022-12-26 18:00:00,3.5
Doyang Hep Reservoir,Nagaland,WOKHA,WOKHA,-,Dhansiri,Brahmaputra,26.23,94.26083333,2022-12-26 19:00:00,3.5
Doyang Hep Reservoir,Nagaland,WOKHA,WOKHA,-,Dhansiri,Brahmaputra,26.23,94.26083333,2022-12-26 20:00:00,3.5
Doyang Hep Reservoir,Nagaland,WOKHA,WOKHA,-,Dhansiri,Brahmaputra,26.23,94.26083333,2022-12-26 21:00:00,3.5
Doyang Hep Reservoir,Nagaland,WOKHA,WOKHA,-,Dhansiri,Brahmaputra,26.23,94.26083333,2023-02-08 12:00:00,0.5
Doyang Hep Reservoir,Nagaland,WOKHA,WOKHA,-,Dhansiri,Brahmaputra,26.23,94.26083333,2023-02-08 13:00:00,0.5
Doyang Hep Reservoir,Nagaland,WOKHA,WOKHA,-,Dhansiri,Brahmaputra,26.23,94.26083333,2023-02-22 13:00:00,2.0
Doyang Hep Reservoir,Nagaland,WOKHA,WOKHA,-,Dhansiri,Brahmaputra,26.23,94.26083333,2023-02-22 18:00:00,0.5
Doyang Hep Reservoir,Nagaland,WOKHA,WOKHA,-,Dhansiri,Brahmaputra,26.23,94.26083333,2023-03-15 10:00:00,0.5
Doyang Hep Reservoir,Nagaland,WOKHA,WOKHA,-,Dhansiri,Brahmaputra,26.23,94.26083333,2023-03-15 11:00:00,1.5
Doyang Hep Reservoir,Nagaland,WOKHA,WOKHA,-,Dhansiri,Brahmaputra,26.23,94.26083333,2023-03-19 08:00:00,0.5
Doyang Hep Reservoir,Nagaland,WOKHA,WOKHA,-,Dhansiri,Brahmaputra,26.23,94.26083333,2023-03-19 09:00:00,0.5
Doyang Hep Reservoir,Nagaland,WOKHA,WOKHA,-,Dhansiri,Brahmaputra,26.23,94.26083333,2023-03-19 10:00:00,1.5
Doyang Hep Reservoir,Nagaland,WOKHA,WOKHA,-,Dhansiri,Brahmaputra,26.23,94.26083333,2023-03-19 11:00:00,1.0
Doyang Hep Reservoir,Nagaland,WOKHA,WOKHA,-,Dhansiri,Brahmaputra,26.23,94.26083333,2023-03-19 12:00:00,0.5
Doyang Hep Reservoir,Nagaland,WOKHA,WOKHA,-,Dhansiri,Brahmaputra,26.23,94.26083333,2023-03-19 13:00:00,0.5
Doyang Hep Reservoir,Nagaland,WOKHA,WOKHA,-,Dhansiri,Brahmaputra,26.23,94.26083333,2023-03-19 14:00:00,0.5
Doyang Hep Reservoir,Nagaland,WOKHA,WOKHA,-,Dhansiri,Brahmaputra,26.23,94.26083333,2023-03-19 21:00:00,0.5
Doyang Hep Reservoir,Nagaland,WOKHA,WOKHA,-,Dhansiri,Brahmaputra,26.23,94.26083333,2023-03-19 22:00:00,0.5
Doyang Hep Reservoir,Nagaland,WOKHA,WOKHA,-,Dhansiri,Brahmaputra,26.23,94.26083333,2023-03-19 23:00:00,0.5
Doyang Hep Reservoir,Nagaland,WOKHA,WOKHA,-,Dhansiri,Brahmaputra,26.23,94.26083333,2023-03-20 03:00:00,0.5
Doyang Hep Reservoir,Nagaland,WOKHA,WOKHA,-,Dhansiri,Brahmaputra,26.23,94.26083333,2023-03-20 05:00:00,0.5
Doyang Hep Reservoir,Nagaland,WOKHA,WOKHA,-,Dhansiri,Brahmaputra,26.23,94.26083333,2023-03-20 09:00:00,0.5
Doyang Hep Reservoir,Nagaland,WOKHA,WOKHA,-,Dhansiri,Brahmaputra,26.23,94.26083333,2023-03-20 13:00:00,0.5
Doyang Hep Reservoir,Nagaland,WOKHA,WOKHA,-,Dhansiri,Brahmaputra,26.23,94.26083333,2023-03-20 23:00:00,0.5
Doyang Hep Reservoir,Nagaland,WOKHA,WOKHA,-,Dhansiri,Brahmaputra,26.23,94.26083333,2023-03-21 11:00:00,0.5
Doyang Hep Reservoir,Nagaland,WOKHA,WOKHA,-,Dhansiri,Brahmaputra,26.23,94.26083333,2023-03-22 08:00:00,0.5
Doyang Hep Reservoir,Nagaland,WOKHA,WOKHA,-,Dhansiri,Brahmaputra,26.23,94.26083333,2023-03-23 13:00:00,0.5
Doyang Hep Reservoir,Nagaland,WOKHA,WOKHA,-,Dhansiri,Brahmaputra,26.23,94.26083333,2023-03-25 13:00:00,0.5
Doyang Hep Reservoir,Nagaland,WOKHA,WOKHA,-,Dhansiri,Brahmaputra,26.23,94.26083333,2023-03-28 00:00:00,0.5
Doyang Hep Reservoir,Nagaland,WOKHA,WOKHA,-,Dhansiri,Brahmaputra,26.23,94.26083333,2023-03-29 22:00:00,0.5
Doyang Hep Reservoir,Nagaland,WOKHA,WOKHA,-,Dhansiri,Brahmaputra,26.23,94.26083333,2023-04-01 08:00:00,0.5
Doyang Hep Reservoir,Nagaland,WOKHA,WOKHA,-,Dhansiri,Brahmaputra,26.23,94.26083333,2023-04-04 15:00:00,0.5
Doyang Hep Reservoir,Nagaland,WOKHA,WOKHA,-,Dhansiri,Brahmaputra,26.23,94.26083333,2023-04-08 22:00:00,0.5
Doyang Hep Reservoir,Nagaland,WOKHA,WOKHA,-,Dhansiri,Brahmaputra,26.23,94.26083333,2023-04-17 17:00:00,0.5
Doyang Hep Reservoir,Nagaland,WOKHA,WOKHA,-,Dhansiri,Brahmaputra,26.23,94.26083333,2023-04-17 18:00:00,0.5
Doyang Hep Reservoir,Nagaland,WOKHA,WOKHA,-,Dhansiri,Brahmaputra,26.23,94.26083333,2023-04-17 19:00:00,0.5
Doyang Hep Reservoir,Nagaland,WOKHA,WOKHA,-,Dhansiri,Brahmaputra,26.23,94.26083333,2023-04-17 20:00:00,1.5
Doyang Hep Reservoir,Nagaland,WOKHA,WOKHA,-,Dhansiri,Brahmaputra,26.23,94.26083333,2023-04-17 21:00:00,1.5
Doyang Hep Reservoir,Nagaland,WOKHA,WOKHA,-,Dhansiri,Brahmaputra,26.23,94.26083333,2023-04-17 22:00:00,1.0
Doyang Hep Reservoir,Nagaland,WOKHA,WOKHA,-,Dhansiri,Brahmaputra,26.23,94.26083333,2023-04-17 23:00:00,1.0
Doyang Hep Reservoir,Nagaland,WOKHA,WOKHA,-,Dhansiri,Brahmaputra,26.23,94.26083333,2023-04-18 00:00:00,0.5
Doyang Hep Reservoir,Nagaland,WOKHA,WOKHA,-,Dhansiri,Brahmaputra,26.23,94.26083333,2023-04-18 01:00:00,0.5
Doyang Hep Reservoir,Nagaland,WOKHA,WOKHA,-,Dhansiri,Brahmaputra,26.23,94.26083333,2023-04-18 02:00:00,0.5
Doyang Hep Reservoir,Nagaland,WOKHA,WOKHA,-,Dhansiri,Brahmaputra,26.23,94.26083333,2023-04-18 03:00:00,0.5
Doyang Hep Reservoir,Nagaland,WOKHA,WOKHA,-,Dhansiri,Brahmaputra,26.23,94.26083333,2023-04-18 05:00:00,0.5
Doyang Hep Reservoir,Nagaland,WOKHA,WOKHA,-,Dhansiri,Brahmaputra,26.23,94.26083333,2023-04-18 07:00:00,0.5
Doyang Hep Reservoir,Nagaland,WOKHA,WOKHA,-,Dhansiri,Brahmaputra,26.23,94.26083333,2023-04-18 08:00:00,0.5
Doyang Hep Reservoir,Nagaland,WOKHA,WOKHA,-,Dhansiri,Brahmaputra,26.23,94.26083333,2023-04-18 11:00:00,0.5
Doyang Hep Reservoir,Nagaland,WOKHA,WOKHA,-,Dhansiri,Brahmaputra,26.23,94.26083333,2023-05-27 09:00:00,0.5
Doyang Hep Reservoir,Nagaland,WOKHA,WOKHA,-,Dhansiri,Brahmaputra,26.23,94.26083333,2023-06-07 10:00:00,1.5
Doyang Hep Reservoir,Nagaland,WOKHA,WOKHA,-,Dhansiri,Brahmaputra,26.23,94.26083333,2023-06-13 12:00:00,0.5
Doyang Hep Reservoir,Nagaland,WOKHA,WOKHA,-,Dhansiri,Brahmaputra,26.23,94.26083333,2023-06-19 12:00:00,0.5
Doyang Hep Reservoir,Nagaland,WOKHA,WOKHA,-,Dhansiri,Brahmaputra,26.23,94.26083333,2023-06-20 10:00:00,0.5
Doyang Hep Reservoir,Nagaland,WOKHA,WOKHA,-,Dhansiri,Brahmaputra,26.23,94.26083333,2023-06-21 10:00:00,0.5
Doyang Hep Reservoir,Nagaland,WOKHA,WOKHA,-,Dhansiri,Brahmaputra,26.23,94.26083333,2023-06-22 13:00:00,0.5
Doyang Hep Reservoir,Nagaland,WOKHA,WOKHA,-,Dhansiri,Brahmaputra,26.23,94.26083333,2023-06-24 04:00:00,0.5
Doyang Hep Reservoir,Nagaland,WOKHA,WOKHA,-,Dhansiri,Brahmaputra,26.23,94.26083333,2023-06-27 16:00:00,0.5
Doyang Hep Reservoir,Nagaland,WOKHA,WOKHA,-,Dhansiri,Brahmaputra,26.23,94.26083333,2023-07-15 16:00:00,0.5
Doyang Hep Reservoir,Nagaland,WOKHA,WOKHA,-,Dhansiri,Brahmaputra,26.23,94.26083333,2023-08-02 02:00:00,3.5
Doyang Hep Reservoir,Nagaland,WOKHA,WOKHA,-,Dhansiri,Brahmaputra,26.23,94.26083333,2023-08-06 11:00:00,8.5
Doyang Hep Reservoir,Nagaland,WOKHA,WOKHA,-,Dhansiri,Brahmaputra,26.23,94.26083333,2023-08-06 12:00:00,2.5
Doyang Hep Reservoir,Nagaland,WOKHA,WOKHA,-,Dhansiri,Brahmaputra,26.23,94.26083333,2023-08-06 14:00:00,3.0
Doyang Hep Reservoir,Nagaland,WOKHA,WOKHA,-,Dhansiri,Brahmaputra,26.23,94.26083333,2023-08-06 15:00:00,2.5
Doyang Hep Reservoir,Nagaland,WOKHA,WOKHA,-,Dhansiri,Brahmaputra,26.23,94.26083333,2023-08-06 18:00:00,7.0
Doyang Hep Reservoir,Nagaland,WOKHA,WOKHA,-,Dhansiri,Brahmaputra,26.23,94.26083333,2023-08-06 19:00:00,10.5
Doyang Hep Reservoir,Nagaland,WOKHA,WOKHA,-,Dhansiri,Brahmaputra,26.23,94.26083333,2023-08-06 20:00:00,1.5
Doyang Hep Reservoir,Nagaland,WOKHA,WOKHA,-,Dhansiri,Brahmaputra,26.23,94.26083333,2023-08-06 22:00:00,1.0
Doyang Hep Reservoir,Nagaland,WOKHA,WOKHA,-,Dhansiri,Brahmaputra,26.23,94.26083333,2023-08-06 23:00:00,0.5
Doyang Hep Reservoir,Nagaland,WOKHA,WOKHA,-,Dhansiri,Brahmaputra,26.23,94.26083333,2023-08-07 08:00:00,0.5
Doyang Hep Reservoir,Nagaland,WOKHA,WOKHA,-,Dhansiri,Brahmaputra,26.23,94.26083333,2023-08-07 14:00:00,12.5
Doyang Hep Reservoir,Nagaland,WOKHA,WOKHA,-,Dhansiri,Brahmaputra,26.23,94.26083333,2023-08-07 15:00:00,5.0
Doyang Hep Reservoir,Nagaland,WOKHA,WOKHA,-,Dhansiri,Brahmaputra,26.23,94.26083333,2023-08-07 16:00:00,3.5
Doyang Hep Reservoir,Nagaland,WOKHA,WOKHA,-,Dhansiri,Brahmaputra,26.23,94.26083333,2023-08-07 17:00:00,1.0
Doyang Hep Reservoir,Nagaland,WOKHA,WOKHA,-,Dhansiri,Brahmaputra,26.23,94.26083333,2023-08-07 18:00:00,1.5
Doyang Hep Reservoir,Nagaland,WOKHA,WOKHA,-,Dhansiri,Brahmaputra,26.23,94.26083333,2023-08-09 17:00:00,0.5
Doyang Hep Reservoir,Nagaland,WOKHA,WOKHA,-,Dhansiri,Brahmaputra,26.23,94.26083333,2023-08-09 20:00:00,1.0
Doyang Hep Reservoir,Nagaland,WOKHA,WOKHA,-,Dhansiri,Brahmaputra,26.23,94.26083333,2023-08-09 21:00:00,7.0
Doyang Hep Reservoir,Nagaland,WOKHA,WOKHA,-,Dhansiri,Brahmaputra,26.23,94.26083333,2023-08-12 14:00:00,1.0
Doyang Hep Reservoir,Nagaland,WOKHA,WOKHA,-,Dhansiri,Brahmaputra,26.23,94.26083333,2023-08-12 15:00:00,1.0
Doyang Hep Reservoir,Nagaland,WOKHA,WOKHA,-,Dhansiri,Brahmaputra,26.23,94.26083333,2023-08-12 16:00:00,1.5
Doyang Hep Reservoir,Nagaland,WOKHA,WOKHA,-,Dhansiri,Brahmaputra,26.23,94.26083333,2023-08-12 17:00:00,1.0
Doyang Hep Reservoir,Nagaland,WOKHA,WOKHA,-,Dhansiri,Brahmaputra,26.23,94.26083333,2023-08-12 18:00:00,0.5
Doyang Hep Reservoir,Nagaland,WOKHA,WOKHA,-,Dhansiri,Brahmaputra,26.23,94.26083333,2023-08-12 23:00:00,0.5
Doyang Hep Reservoir,Nagaland,WOKHA,WOKHA,-,Dhansiri,Brahmaputra,26.23,94.26083333,2023-08-13 10:00:00,1.0
Doyang Hep Reservoir,Nagaland,WOKHA,WOKHA,-,Dhansiri,Brahmaputra,26.23,94.26083333,2023-08-13 14:00:00,1.0
Doyang Hep Reservoir,Nagaland,WOKHA,WOKHA,-,Dhansiri,Brahmaputra,26.23,94.26083333,2023-08-14 16:00:00,1.5
Doyang Hep Reservoir,Nagaland,WOKHA,WOKHA,-,Dhansiri,Brahmaputra,26.23,94.26083333,2023-08-14 17:00:00,0.5
Doyang Hep Reservoir,Nagaland,WOKHA,WOKHA,-,Dhansiri,Brahmaputra,26.23,94.26083333,2023-08-16 02:00:00,1.0
Doyang Hep Reservoir,Nagaland,WOKHA,WOKHA,-,Dhansiri,Brahmaputra,26.23,94.26083333,2023-08-16 03:00:00,3.0
Doyang Hep Reservoir,Nagaland,WOKHA,WOKHA,-,Dhansiri,Brahmaputra,26.23,94.26083333,2023-08-16 04:00:00,0.5
Doyang Hep Reservoir,Nagaland,WOKHA,WOKHA,-,Dhansiri,Brahmaputra,26.23,94.26083333,2023-08-17 11:00:00,1.0
Doyang Hep Reservoir,Nagaland,WOKHA,WOKHA,-,Dhansiri,Brahmaputra,26.23,94.26083333,2023-08-17 12:00:00,0.5
Doyang Hep Reservoir,Nagaland,WOKHA,WOKHA,-,Dhansiri,Brahmaputra,26.23,94.26083333,2023-08-19 00:00:00,8.5
Doyang Hep Reservoir,Nagaland,WOKHA,WOKHA,-,Dhansiri,Brahmaputra,26.23,94.26083333,2023-08-19 01:00:00,3.0
Doyang Hep Reservoir,Nagaland,WOKHA,WOKHA,-,Dhansiri,Brahmaputra,26.23,94.26083333,2023-08-19 02:00:00,0.5
Doyang Hep Reservoir,Nagaland,WOKHA,WOKHA,-,Dhansiri,Brahmaputra,26.23,94.26083333,2023-08-19 03:00:00,0.5
Doyang Hep Reservoir,Nagaland,WOKHA,WOKHA,-,Dhansiri,Brahmaputra,26.23,94.26083333,2023-08-20 01:00:00,0.5
Doyang Hep Reservoir,Nagaland,WOKHA,WOKHA,-,Dhansiri,Brahmaputra,26.23,94.26083333,2023-08-20 20:00:00,3.5
Doyang Hep Reservoir,Nagaland,WOKHA,WOKHA,-,Dhansiri,Brahmaputra,26.23,94.26083333,2023-08-22 00:00:00,1.0
Doyang Hep Reservoir,Nagaland,WOKHA,WOKHA,-,Dhansiri,Brahmaputra,26.23,94.26083333,2023-08-22 01:00:00,4.5
Doyang Hep Reservoir,Nagaland,WOKHA,WOKHA,-,Dhansiri,Brahmaputra,26.23,94.26083333,2023-08-22 02:00:00,1.0
Doyang Hep Reservoir,Nagaland,WOKHA,WOKHA,-,Dhansiri,Brahmaputra,26.23,94.26083333,2023-08-24 10:00:00,1.0
Doyang Hep Reservoir,Nagaland,WOKHA,WOKHA,-,Dhansiri,Brahmaputra,26.23,94.26083333,2023-08-24 18:00:00,3.0
Doyang Hep Reservoir,Nagaland,WOKHA,WOKHA,-,Dhansiri,Brahmaputra,26.23,94.26083333,2023-08-24 19:00:00,9.0
Doyang Hep Reservoir,Nagaland,WOKHA,WOKHA,-,Dhansiri,Brahmaputra,26.23,94.26083333,2023-08-24 23:00:00,2.0
Doyang Hep Reservoir,Nagaland,WOKHA,WOKHA,-,Dhansiri,Brahmaputra,26.23,94.26083333,2023-08-25 00:00:00,13.0
Doyang Hep Reservoir,Nagaland,WOKHA,WOKHA,-,Dhansiri,Brahmaputra,26.23,94.26083333,2023-08-25 01:00:00,1.0
Doyang Hep Reservoir,Nagaland,WOKHA,WOKHA,-,Dhansiri,Brahmaputra,26.23,94.26083333,2023-08-25 10:00:00,0.5
Doyang Hep Reservoir,Nagaland,WOKHA,WOKHA,-,Dhansiri,Brahmaputra,26.23,94.26083333,2023-08-25 14:00:00,2.5
Doyang Hep Reservoir,Nagaland,WOKHA,WOKHA,-,Dhansiri,Brahmaputra,26.23,94.26083333,2023-08-25 15:00:00,4.0
Doyang Hep Reservoir,Nagaland,WOKHA,WOKHA,-,Dhansiri,Brahmaputra,26.23,94.26083333,2023-08-25 16:00:00,1.0
Doyang Hep Reservoir,Nagaland,WOKHA,WOKHA,-,Dhansiri,Brahmaputra,26.23,94.26083333,2023-08-25 19:00:00,2.0
Doyang Hep Reservoir,Nagaland,WOKHA,WOKHA,-,Dhansiri,Brahmaputra,26.23,94.26083333,2023-08-25 20:00:00,1.0
Doyang Hep Reservoir,Nagaland,WOKHA,WOKHA,-,Dhansiri,Brahmaputra,26.23,94.26083333,2023-08-26 07:00:00,0.5
Doyang Hep Reservoir,Nagaland,WOKHA,WOKHA,-,Dhansiri,Brahmaputra,26.23,94.26083333,2023-08-28 04:00:00,1.0
Doyang Hep Reservoir,Nagaland,WOKHA,WOKHA,-,Dhansiri,Brahmaputra,26.23,94.26083333,2023-08-28 05:00:00,1.0
Doyang Hep Reservoir,Nagaland,WOKHA,WOKHA,-,Dhansiri,Brahmaputra,26.23,94.26083333,2023-09-23 13:00:00,2.0
Doyang Hep Reservoir,Nagaland,WOKHA,WOKHA,-,Dhansiri,Brahmaputra,26.23,94.26083333,2023-09-24 17:00:00,0.5
Doyang Hep Reservoir,Nagaland,WOKHA,WOKHA,-,Dhansiri,Brahmaputra,26.23,94.26083333,2023-09-25 08:00:00,7.0
Doyang Hep Reservoir,Nagaland,WOKHA,WOKHA,-,Dhansiri,Brahmaputra,26.23,94.26083333,2023-09-30 12:00:00,2.0
Doyang Hep Reservoir,Nagaland,WOKHA,WOKHA,-,Dhansiri,Brahmaputra,26.23,94.26083333,2023-09-30 23:00:00,2.0
Doyang Hep Reservoir,Nagaland,WOKHA,WOKHA,-,Dhansiri,Brahmaputra,26.23,94.26083333,2023-10-01 00:00:00,2.0
Doyang Hep Reservoir,Nagaland,WOKHA,WOKHA,-,Dhansiri,Brahmaputra,26.23,94.26083333,2023-10-01 01:00:00,2.0
Doyang Hep Reservoir,Nagaland,WOKHA,WOKHA,-,Dhansiri,Brahmaputra,26.23,94.26083333,2023-10-01 02:00:00,2.0
Doyang Hep Reservoir,Nagaland,WOKHA,WOKHA,-,Dhansiri,Brahmaputra,26.23,94.26083333,2023-10-02 16:00:00,31.5
Doyang Hep Reservoir,Nagaland,WOKHA,WOKHA,-,Dhansiri,Brahmaputra,26.23,94.26083333,2023-10-02 17:00:00,0.5
Doyang Hep Reservoir,Nagaland,WOKHA,WOKHA,-,Dhansiri,Brahmaputra,26.23,94.26083333,2023-10-04 14:00:00,0.5
Doyang Hep Reservoir,Nagaland,WOKHA,WOKHA,-,Dhansiri,Brahmaputra,26.23,94.26083333,2023-10-05 09:00:00,0.5
Doyang Hep Reservoir,Nagaland,WOKHA,WOKHA,-,Dhansiri,Brahmaputra,26.23,94.26083333,2023-10-06 00:00:00,0.5
Doyang Hep Reservoir,Nagaland,WOKHA,WOKHA,-,Dhansiri,Brahmaputra,26.23,94.26083333,2023-10-06 02:00:00,1.0
Doyang Hep Reservoir,Nagaland,WOKHA,WOKHA,-,Dhansiri,Brahmaputra,26.23,94.26083333,2023-10-06 03:00:00,1.0
Doyang Hep Reservoir,Nagaland,WOKHA,WOKHA,-,Dhansiri,Brahmaputra,26.23,94.26083333,2023-10-06 04:00:00,1.0
Doyang Hep Reservoir,Nagaland,WOKHA,WOKHA,-,Dhansiri,Brahmaputra,26.23,94.26083333,2023-10-06 05:00:00,0.5
Doyang Hep Reservoir,Nagaland,WOKHA,WOKHA,-,Dhansiri,Brahmaputra,26.23,94.26083333,2023-10-07 02:00:00,0.5
Doyang Hep Reservoir,Nagaland,WOKHA,WOKHA,-,Dhansiri,Brahmaputra,26.23,94.26083333,2023-10-07 03:00:00,0.5
Doyang Hep Reservoir,Nagaland,WOKHA,WOKHA,-,Dhansiri,Brahmaputra,26.23,94.26083333,2023-10-07 16:00:00,1.5
Doyang Hep Reservoir,Nagaland,WOKHA,WOKHA,-,Dhansiri,Brahmaputra,26.23,94.26083333,2023-10-10 10:00:00,6.5
Doyang Hep Reservoir,Nagaland,WOKHA,WOKHA,-,Dhansiri,Brahmaputra,26.23,94.26083333,2023-10-10 11:00:00,6.5
Doyang Hep Reservoir,Nagaland,WOKHA,WOKHA,-,Dhansiri,Brahmaputra,26.23,94.26083333,2023-10-10 12:00:00,6.5
Doyang Hep Reservoir,Nagaland,WOKHA,WOKHA,-,Dhansiri,Brahmaputra,26.23,94.26083333,2023-10-10 13:00:00,6.5
Doyang Hep Reservoir,Nagaland,WOKHA,WOKHA,-,Dhansiri,Brahmaputra,26.23,94.26083333,2023-10-10 15:00:00,6.5
Doyang Hep Reservoir,Nagaland,WOKHA,WOKHA,-,Dhansiri,Brahmaputra,26.23,94.26083333,2023-10-10 16:00:00,6.5
Doyang Hep Reservoir,Nagaland,WOKHA,WOKHA,-,Dhansiri,Brahmaputra,26.23,94.26083333,2023-10-10 17:00:00,6.5
Doyang Hep Reservoir,Nagaland,WOKHA,WOKHA,-,Dhansiri,Brahmaputra,26.23,94.26083333,2023-10-10 18:00:00,6.5
Doyang Hep Reservoir,Nagaland,WOKHA,WOKHA,-,Dhansiri,Brahmaputra,26.23,94.26083333,2023-10-10 21:00:00,6.5
Doyang Hep Reservoir,Nagaland,WOKHA,WOKHA,-,Dhansiri,Brahmaputra,26.23,94.26083333,2023-10-10 23:00:00,6.5
Doyang Hep Reservoir,Nagaland,WOKHA,WOKHA,-,Dhansiri,Brahmaputra,26.23,94.26083333,2023-10-11 02:00:00,6.5
Doyang Hep Reservoir,Nagaland,WOKHA,WOKHA,-,Dhansiri,Brahmaputra,26.23,94.26083333,2023-10-11 20:00:00,0.5
Doyang Hep Reservoir,Nagaland,WOKHA,WOKHA,-,Dhansiri,Brahmaputra,26.23,94.26083333,2023-10-11 22:00:00,0.5
Doyang Hep Reservoir,Nagaland,WOKHA,WOKHA,-,Dhansiri,Brahmaputra,26.23,94.26083333,2023-10-11 23:00:00,0.5
Doyang Hep Reservoir,Nagaland,WOKHA,WOKHA,-,Dhansiri,Brahmaputra,26.23,94.26083333,2023-10-25 11:00:00,0.5
Doyang Hep Reservoir,Nagaland,WOKHA,WOKHA,-,Dhansiri,Brahmaputra,26.23,94.26083333,2023-10-26 00:00:00,0.5
Doyang Hep Reservoir,Nagaland,WOKHA,WOKHA,-,Dhansiri,Brahmaputra,26.23,94.26083333,2023-10-26 06:00:00,1.0
Doyang Hep Reservoir,Nagaland,WOKHA,WOKHA,-,Dhansiri,Brahmaputra,26.23,94.26083333,2023-11-05 03:00:00,6.0
Doyang Hep Reservoir,Nagaland,WOKHA,WOKHA,-,Dhansiri,Brahmaputra,26.23,94.26083333,2023-11-17 01:00:00,2.0
Doyang Hep Reservoir,Nagaland,WOKHA,WOKHA,-,Dhansiri,Brahmaputra,26.23,94.26083333,2023-11-17 02:00:00,3.0
Doyang Hep Reservoir,Nagaland,WOKHA,WOKHA,-,Dhansiri,Brahmaputra,26.23,94.26083333,2023-11-17 04:00:00,0.5
Doyang Hep Reservoir,Nagaland,WOKHA,WOKHA,-,Dhansiri,Brahmaputra,26.23,94.26083333,2023-11-17 07:00:00,2.5
Doyang Hep Reservoir,Nagaland,WOKHA,WOKHA,-,Dhansiri,Brahmaputra,26.23,94.26083333,2023-11-17 08:00:00,3.5
Doyang Hep Reservoir,Nagaland,WOKHA,WOKHA,-,Dhansiri,Brahmaputra,26.23,94.26083333,2023-11-17 09:00:00,4.0
Doyang Hep Reservoir,Nagaland,WOKHA,WOKHA,-,Dhansiri,Brahmaputra,26.23,94.26083333,2023-11-17 10:00:00,0.5
Doyang Hep Reservoir,Nagaland,WOKHA,WOKHA,-,Dhansiri,Brahmaputra,26.23,94.26083333,2023-11-17 11:00:00,5.5
Doyang Hep Reservoir,Nagaland,WOKHA,WOKHA,-,Dhansiri,Brahmaputra,26.23,94.26083333,2023-11-17 12:00:00,1.0
Doyang Hep Reservoir,Nagaland,WOKHA,WOKHA,-,Dhansiri,Brahmaputra,26.23,94.26083333,2023-11-17 13:00:00,1.5
Doyang Hep Reservoir,Nagaland,WOKHA,WOKHA,-,Dhansiri,Brahmaputra,26.23,94.26083333,2023-12-07 05:00:00,0.5
Doyang Hep Reservoir,Nagaland,WOKHA,WOKHA,-,Dhansiri,Brahmaputra,26.23,94.26083333,2023-12-07 06:00:00,1.0
Doyang Hep Reservoir,Nagaland,WOKHA,WOKHA,-,Dhansiri,Brahmaputra,26.23,94.26083333,2023-12-07 07:00:00,0.5
Doyang Hep Reservoir,Nagaland,WOKHA,WOKHA,-,Dhansiri,Brahmaputra,26.23,94.26083333,2023-12-07 08:00:00,0.5
Doyang Hep Reservoir,Nagaland,WOKHA,WOKHA,-,Dhansiri,Brahmaputra,26.23,94.26083333,2023-12-07 10:00:00,0.5
Doyang Hep Reservoir,Nagaland,WOKHA,WOKHA,-,Dhansiri,Brahmaputra,26.23,94.26083333,2023-12-07 11:00:00,0.5
Doyang Hep Reservoir,Nagaland,WOKHA,WOKHA,-,Dhansiri,Brahmaputra,26.23,94.26083333,2023-12-08 02:00:00,3.5
Doyang Hep Reservoir,Nagaland,WOKHA,WOKHA,-,Dhansiri,Brahmaputra,26.23,94.26083333,2023-12-08 03:00:00,1.5
Doyang Hep Reservoir,Nagaland,WOKHA,WOKHA,-,Dhansiri,Brahmaputra,26.23,94.26083333,2023-12-08 04:00:00,1.5
Doyang Hep Reservoir,Nagaland,WOKHA,WOKHA,-,Dhansiri,Brahmaputra,26.23,94.26083333,2023-12-08 05:00:00,2.5
Doyang Hep Reservoir,Nagaland,WOKHA,WOKHA,-,Dhansiri,Brahmaputra,26.23,94.26083333,2023-12-08 06:00:00,1.5
Doyang Hep Reservoir,Nagaland,WOKHA,WOKHA,-,Dhansiri,Brahmaputra,26.23,94.26083333,2023-12-08 08:00:00,6.0
Doyang Hep Reservoir,Nagaland,WOKHA,WOKHA,-,Dhansiri,Brahmaputra,26.23,94.26083333,2023-12-08 09:00:00,6.0
Doyang Hep Reservoir,Nagaland,WOKHA,WOKHA,-,Dhansiri,Brahmaputra,26.23,94.26083333,2023-12-08 13:00:00,6.0
Doyang Hep Reservoir,Nagaland,WOKHA,WOKHA,-,Dhansiri,Brahmaputra,26.23,94.26083333,2023-12-08 15:00:00,6.0
Doyang Hep Reservoir,Nagaland,WOKHA,WOKHA,-,Dhansiri,Brahmaputra,26.23,94.26083333,2024-01-25 21:00:00,0.5
Doyang Hep Reservoir,Nagaland,WOKHA,WOKHA,-,Dhansiri,Brahmaputra,26.23,94.26083333,2024-01-26 00:00:00,0.5
Doyang Hep Reservoir,Nagaland,WOKHA,WOKHA,-,Dhansiri,Brahmaputra,26.23,94.26083333,2024-01-26 01:00:00,0.5
Doyang Hep Reservoir,Nagaland,WOKHA,WOKHA,-,Dhansiri,Brahmaputra,26.23,94.26083333,2024-01-31 15:00:00,1.0
Doyang Hep Reservoir,Nagaland,WOKHA,WOKHA,-,Dhansiri,Brahmaputra,26.23,94.26083333,2024-01-31 16:00:00,1.0
Doyang Hep Reservoir,Nagaland,WOKHA,WOKHA,-,Dhansiri,Brahmaputra,26.23,94.26083333,2024-02-02 12:00:00,0.5
Doyang Hep Reservoir,Nagaland,WOKHA,WOKHA,-,Dhansiri,Brahmaputra,26.23,94.26083333,2024-02-02 13:00:00,3.5
Doyang Hep Reservoir,Nagaland,WOKHA,WOKHA,-,Dhansiri,Brahmaputra,26.23,94.26083333,2024-02-02 17:00:00,4.0
Doyang Hep Reservoir,Nagaland,WOKHA,WOKHA,-,Dhansiri,Brahmaputra,26.23,94.26083333,2024-02-02 20:00:00,4.5
Doyang Hep Reservoir,Nagaland,WOKHA,WOKHA,-,Dhansiri,Brahmaputra,26.23,94.26083333,2024-02-02 21:00:00,0.5
Doyang Hep Reservoir,Nagaland,WOKHA,WOKHA,-,Dhansiri,Brahmaputra,26.23,94.26083333,2024-02-08 01:00:00,0.5
Doyang Hep Reservoir,Nagaland,WOKHA,WOKHA,-,Dhansiri,Brahmaputra,26.23,94.26083333,2024-02-08 02:00:00,0.5
Doyang Hep Reservoir,Nagaland,WOKHA,WOKHA,-,Dhansiri,Brahmaputra,26.23,94.26083333,2024-02-18 00:00:00,1.0
Doyang Hep Reservoir,Nagaland,WOKHA,WOKHA,-,Dhansiri,Brahmaputra,26.23,94.26083333,2024-02-18 02:00:00,1.0
Doyang Hep Reservoir,Nagaland,WOKHA,WOKHA,-,Dhansiri,Brahmaputra,26.23,94.26083333,2024-02-21 09:00:00,1.0
Doyang Hep Reservoir,Nagaland,WOKHA,WOKHA,-,Dhansiri,Brahmaputra,26.23,94.26083333,2024-02-21 10:00:00,1.0
Doyang Hep Reservoir,Nagaland,WOKHA,WOKHA,-,Dhansiri,Brahmaputra,26.23,94.26083333,2024-02-21 11:00:00,2.0
Doyang Hep Reservoir,Nagaland,WOKHA,WOKHA,-,Dhansiri,Brahmaputra,26.23,94.26083333,2024-02-21 12:00:00,0.5
Doyang Hep Reservoir,Nagaland,WOKHA,WOKHA,-,Dhansiri,Brahmaputra,26.23,94.26083333,2024-02-22 05:00:00,0.5
Doyang Hep Reservoir,Nagaland,WOKHA,WOKHA,-,Dhansiri,Brahmaputra,26.23,94.26083333,2024-02-22 06:00:00,0.5
Doyang Hep Reservoir,Nagaland,WOKHA,WOKHA,-,Dhansiri,Brahmaputra,26.23,94.26083333,2024-02-22 07:00:00,3.5
Doyang Hep Reservoir,Nagaland,WOKHA,WOKHA,-,Dhansiri,Brahmaputra,26.23,94.26083333,2024-02-22 08:00:00,5.0
Doyang Hep Reservoir,Nagaland,WOKHA,WOKHA,-,Dhansiri,Brahmaputra,26.23,94.26083333,2024-02-22 09:00:00,1.5
Doyang Hep Reservoir,Nagaland,WOKHA,WOKHA,-,Dhansiri,Brahmaputra,26.23,94.26083333,2024-02-22 10:00:00,1.0
Doyang Hep Reservoir,Nagaland,WOKHA,WOKHA,-,Dhansiri,Brahmaputra,26.23,94.26083333,2024-02-22 11:00:00,0.5
Doyang Hep Reservoir,Nagaland,WOKHA,WOKHA,-,Dhansiri,Brahmaputra,26.23,94.26083333,2024-02-23 08:00:00,0.5
Doyang Hep Reservoir,Nagaland,WOKHA,WOKHA,-,Dhansiri,Brahmaputra,26.23,94.26083333,2024-02-23 10:00:00,0.5
Doyang Hep Reservoir,Nagaland,WOKHA,WOKHA,-,Dhansiri,Brahmaputra,26.23,94.26083333,2024-02-23 11:00:00,0.5
Doyang Hep Reservoir,Nagaland,WOKHA,WOKHA,-,Dhansiri,Brahmaputra,26.23,94.26083333,2024-02-23 12:00:00,0.5
Doyang Hep Reservoir,Nagaland,WOKHA,WOKHA,-,Dhansiri,Brahmaputra,26.23,94.26083333,2024-02-25 09:00:00,0.5
Doyang Hep Reservoir,Nagaland,WOKHA,WOKHA,-,Dhansiri,Brahmaputra,26.23,94.26083333,2024-02-28 16:00:00,0.5
Doyang Hep Reservoir,Nagaland,WOKHA,WOKHA,-,Dhansiri,Brahmaputra,26.23,94.26083333,2024-02-28 17:00:00,0.5
Doyang Hep Reservoir,Nagaland,WOKHA,WOKHA,-,Dhansiri,Brahmaputra,26.23,94.26083333,2024-02-29 00:00:00,0.5
Doyang Hep Reservoir,Nagaland,WOKHA,WOKHA,-,Dhansiri,Brahmaputra,26.23,94.26083333,2024-02-29 01:00:00,0.5
Doyang Hep Reservoir,Nagaland,WOKHA,WOKHA,-,Dhansiri,Brahmaputra,26.23,94.26083333,2024-02-29 02:00:00,0.5
Doyang Hep Reservoir,Nagaland,WOKHA,WOKHA,-,Dhansiri,Brahmaputra,26.23,94.26083333,2024-03-03 12:00:00,48.0
Doyang Hep Reservoir,Nagaland,WOKHA,WOKHA,-,Dhansiri,Brahmaputra,26.23,94.26083333,2024-03-03 20:00:00,191.0
Doyang Hep Reservoir,Nagaland,WOKHA,WOKHA,-,Dhansiri,Brahmaputra,26.23,94.26083333,2025-01-08 01:00:00,6.0
Doyang Hep Reservoir,Nagaland,WOKHA,WOKHA,-,Dhansiri,Brahmaputra,26.23,94.26083333,2025-01-08 02:00:00,6.0
Doyang Hep Reservoir,Nagaland,WOKHA,WOKHA,-,Dhansiri,Brahmaputra,26.23,94.26083333,2025-01-28 09:00:00,114.5
Doyang Hep Reservoir,Nagaland,WOKHA,WOKHA,-,Dhansiri,Brahmaputra,26.23,94.26083333,2025-02-18 01:00:00,0.5
Doyang Hep Reservoir,Nagaland,WOKHA,WOKHA,-,Dhansiri,Brahmaputra,26.23,94.26083333,2025-02-18 02:00:00,1.0
Doyang Hep Reservoir,Nagaland,WOKHA,WOKHA,-,Dhansiri,Brahmaputra,26.23,94.26083333,2025-02-18 04:00:00,0.5
Doyang Hep Reservoir,Nagaland,WOKHA,WOKHA,-,Dhansiri,Brahmaputra,26.23,94.26083333,2025-02-18 05:00:00,0.5
Doyang Hep Reservoir,Nagaland,WOKHA,WOKHA,-,Dhansiri,Brahmaputra,26.23,94.26083333,2025-02-18 06:00:00,1.0
Doyang Hep Reservoir,Nagaland,WOKHA,WOKHA,-,Dhansiri,Brahmaputra,26.23,94.26083333,2025-02-18 07:00:00,1.0
Doyang Hep Reservoir,Nagaland,WOKHA,WOKHA,-,Dhansiri,Brahmaputra,26.23,94.26083333,2025-02-22 04:00:00,0.5
Doyang Hep Reservoir,Nagaland,WOKHA,WOKHA,-,Dhansiri,Brahmaputra,26.23,94.26083333,2025-02-24 00:00:00,0.5
Doyang Hep Reservoir,Nagaland,WOKHA,WOKHA,-,Dhansiri,Brahmaputra,26.23,94.26083333,2025-02-24 01:00:00,0.5
Doyang Hep Reservoir,Nagaland,WOKHA,WOKHA,-,Dhansiri,Brahmaputra,26.23,94.26083333,2025-02-24 02:00:00,0.5
Doyang Hep Reservoir,Nagaland,WOKHA,WOKHA,-,Dhansiri,Brahmaputra,26.23,94.26083333,2025-02-24 06:00:00,0.5
Doyang Hep Reservoir,Nagaland,WOKHA,WOKHA,-,Dhansiri,Brahmaputra,26.23,94.26083333,2025-02-24 07:00:00,0.5
Doyang Hep Reservoir,Nagaland,WOKHA,WOKHA,-,Dhansiri,Brahmaputra,26.23,94.26083333,2025-02-24 08:00:00,0.5
Doyang Hep Reservoir,Nagaland,WOKHA,WOKHA,-,Dhansiri,Brahmaputra,26.23,94.26083333,2025-03-15 01:00:00,0.5
Doyang Hep Reservoir,Nagaland,WOKHA,WOKHA,-,Dhansiri,Brahmaputra,26.23,94.26083333,2025-03-15 04:00:00,0.5
Doyang Hep Reservoir,Nagaland,WOKHA,WOKHA,-,Dhansiri,Brahmaputra,26.23,94.26083333,2025-03-16 01:00:00,0.5
Doyang Hep Reservoir,Nagaland,WOKHA,WOKHA,-,Dhansiri,Brahmaputra,26.23,94.26083333,2025-03-17 00:00:00,0.5
Doyang Hep Reservoir,Nagaland,WOKHA,WOKHA,-,Dhansiri,Brahmaputra,26.23,94.26083333,2025-03-17 01:00:00,0.5
Doyang Hep Reservoir,Nagaland,WOKHA,WOKHA,-,Dhansiri,Brahmaputra,26.23,94.26083333,2025-03-23 04:00:00,0.5
Doyang Hep Reservoir,Nagaland,WOKHA,WOKHA,-,Dhansiri,Brahmaputra,26.23,94.26083333,2025-03-27 08:00:00,0.5
Doyang Hep Reservoir,Nagaland,WOKHA,WOKHA,-,Dhansiri,Brahmaputra,26.23,94.26083333,2025-05-02 01:00:00,168.5
Doyang Hep Reservoir,Nagaland,WOKHA,WOKHA,-,Dhansiri,Brahmaputra,26.23,94.26083333,2025-05-02 06:00:00,0.5
Doyang Hep Reservoir,Nagaland,WOKHA,WOKHA,-,Dhansiri,Brahmaputra,26.23,94.26083333,2025-05-07 03:00:00,0.5
Doyang Hep Reservoir,Nagaland,WOKHA,WOKHA,-,Dhansiri,Brahmaputra,26.23,94.26083333,2025-05-07 05:00:00,0.5
Doyang Hep Reservoir,Nagaland,WOKHA,WOKHA,-,Dhansiri,Brahmaputra,26.23,94.26083333,2025-05-07 08:00:00,0.5
Doyang Hep Reservoir,Nagaland,WOKHA,WOKHA,-,Dhansiri,Brahmaputra,26.23,94.26083333,2025-05-08 05:00:00,0.5
Doyang Hep Reservoir,Nagaland,WOKHA,WOKHA,-,Dhansiri,Brahmaputra,26.23,94.26083333,2025-05-08 07:00:00,0.5
Doyang Hep Reservoir,Nagaland,WOKHA,WOKHA,-,Dhansiri,Brahmaputra,26.23,94.26083333,2025-05-09 03:00:00,0.5
Doyang Hep Reservoir,Nagaland,WOKHA,WOKHA,-,Dhansiri,Brahmaputra,26.23,94.26083333,2025-05-09 05:00:00,0.5
Doyang Hep Reservoir,Nagaland,WOKHA,WOKHA,-,Dhansiri,Brahmaputra,26.23,94.26083333,2025-05-09 08:00:00,0.5
Doyang Hep Reservoir,Nagaland,WOKHA,WOKHA,-,Dhansiri,Brahmaputra,26.23,94.26083333,2025-05-10 06:00:00,0.5
Doyang Hep Reservoir,Nagaland,WOKHA,WOKHA,-,Dhansiri,Brahmaputra,26.23,94.26083333,2025-05-10 08:00:00,0.5
Doyang Hep Reservoir,Nagaland,WOKHA,WOKHA,-,Dhansiri,Brahmaputra,26.23,94.26083333,2025-05-14 01:00:00,0.5
Doyang Hep Reservoir,Nagaland,WOKHA,WOKHA,-,Dhansiri,Brahmaputra,26.23,94.26083333,2025-05-16 09:00:00,0.5
Doyang Hep Reservoir,Nagaland,WOKHA,WOKHA,-,Dhansiri,Brahmaputra,26.23,94.26083333,2025-05-17 02:00:00,0.5
Doyang Hep Reservoir,Nagaland,WOKHA,WOKHA,-,Dhansiri,Brahmaputra,26.23,94.26083333,2025-07-30 02:00:00,1.5
Doyang Hep Reservoir,Nagaland,WOKHA,WOKHA,-,Dhansiri,Brahmaputra,26.23,94.26083333,2025-09-04 03:00:00,0.5
Doyang Hep Reservoir,Nagaland,WOKHA,WOKHA,-,Dhansiri,Brahmaputra,26.23,94.26083333,2025-09-04 09:00:00,0.5
Doyang Hep Reservoir,Nagaland,WOKHA,WOKHA,-,Dhansiri,Brahmaputra,26.23,94.26083333,2025-09-04 10:00:00,1.5
Doyang Hep Reservoir,Nagaland,WOKHA,WOKHA,-,Dhansiri,Brahmaputra,26.23,94.26083333,2025-09-05 03:00:00,0.5
Doyang Hep Reservoir,Nagaland,WOKHA,WOKHA,-,Dhansiri,Brahmaputra,26.23,94.26083333,2025-09-17 04:00:00,0.5
Doyang Hep Reservoir,Nagaland,WOKHA,WOKHA,-,Dhansiri,Brahmaputra,26.23,94.26083333,2025-09-18 07:00:00,0.5
Doyang Hep Reservoir,Nagaland,WOKHA,WOKHA,-,Dhansiri,Brahmaputra,26.23,94.26083333,2025-09-22 08:00:00,0.5
Doyang Hep Reservoir,Nagaland,WOKHA,WOKHA,-,Dhansiri,Brahmaputra,26.23,94.26083333,2025-11-08 05:00:00,1.5
Doyang Hep Reservoir,Nagaland,WOKHA,WOKHA,-,Dhansiri,Brahmaputra,26.23,94.26083333,2025-11-08 06:00:00,44.5
Doyang Hep Reservoir,Nagaland,WOKHA,WOKHA,-,Dhansiri,Brahmaputra,26.23,94.26083333,2025-11-08 08:00:00,3.5
Doyang Hep Reservoir,Nagaland,WOKHA,WOKHA,-,Dhansiri,Brahmaputra,26.23,94.26083333,2025-11-10 02:00:00,8.5
Doyang Hep Reservoir,Nagaland,WOKHA,WOKHA,-,Dhansiri,Brahmaputra,26.23,94.26083333,2025-11-10 03:00:00,147.5
Doyang Hep Reservoir,Nagaland,WOKHA,WOKHA,-,Dhansiri,Brahmaputra,26.23,94.26083333,2025-11-10 04:00:00,332.0
Doyang Hep Reservoir,Nagaland,WOKHA,WOKHA,-,Dhansiri,Brahmaputra,26.23,94.26083333,2025-11-10 05:00:00,71.0
Doyang Hep Reservoir,Nagaland,WOKHA,WOKHA,-,Dhansiri,Brahmaputra,26.23,94.26083333,2025-11-18 04:00:00,4.5
Doyang Hep Reservoir,Nagaland,WOKHA,WOKHA,-,Dhansiri,Brahmaputra,26.23,94.26083333,2025-11-18 05:00:00,85.5
Doyang Hep Reservoir,Nagaland,WOKHA,WOKHA,-,Dhansiri,Brahmaputra,26.23,94.26083333,2025-11-20 08:00:00,251.5
Doyang Hep Reservoir,Nagaland,WOKHA,WOKHA,-,Dhansiri,Brahmaputra,26.23,94.26083333,2025-11-21 04:00:00,23.0
Doyang Hep Reservoir,Nagaland,WOKHA,WOKHA,-,Dhansiri,Brahmaputra,26.23,94.26083333,2025-11-22 03:00:00,7.0
Doyang Hep Reservoir,Nagaland,WOKHA,WOKHA,-,Dhansiri,Brahmaputra,26.23,94.26083333,2025-11-22 04:00:00,97.5
Doyang Hep Reservoir,Nagaland,WOKHA,WOKHA,-,Dhansiri,Brahmaputra,26.23,94.26083333,2025-11-22 05:00:00,141.0
Doyang Hep Reservoir,Nagaland,WOKHA,WOKHA,-,Dhansiri,Brahmaputra,26.23,94.26083333,2025-11-22 06:00:00,49.5
Doyang Hep Reservoir,Nagaland,WOKHA,WOKHA,-,Dhansiri,Brahmaputra,26.23,94.26083333,2025-11-22 07:00:00,186.0
Doyang Hep Reservoir,Nagaland,WOKHA,WOKHA,-,Dhansiri,Brahmaputra,26.23,94.26083333,2025-12-01 07:00:00,30.5
Doyang Hep Reservoir,Nagaland,WOKHA,WOKHA,-,Dhansiri,Brahmaputra,26.23,94.26083333,2025-12-01 08:00:00,18.5
Doyang Hep Reservoir,Nagaland,WOKHA,WOKHA,-,Dhansiri,Brahmaputra,26.23,94.26083333,2025-12-02 02:00:00,198.5
Doyang Hep Reservoir,Nagaland,WOKHA,WOKHA,-,Dhansiri,Brahmaputra,26.23,94.26083333,2025-12-02 03:00:00,10.5
Doyang Hep Reservoir,Nagaland,WOKHA,WOKHA,-,Dhansiri,Brahmaputra,26.23,94.26083333,2025-12-02 05:00:00,1.0
Doyang Hep Reservoir,Nagaland,WOKHA,WOKHA,-,Dhansiri,Brahmaputra,26.23,94.26083333,2025-12-02 07:00:00,10.0
Doyang Hep Reservoir,Nagaland,WOKHA,WOKHA,-,Dhansiri,Brahmaputra,26.23,94.26083333,2025-12-02 08:00:00,70.5
Doyang Hep Reservoir,Nagaland,WOKHA,WOKHA,-,Dhansiri,Brahmaputra,26.23,94.26083333,2025-12-05 04:00:00,400.0
Doyang Hep Reservoir,Nagaland,WOKHA,WOKHA,-,Dhansiri,Brahmaputra,26.23,94.26083333,2025-12-05 05:00:00,53.0
Doyang Hep Reservoir,Nagaland,WOKHA,WOKHA,-,Dhansiri,Brahmaputra,26.23,94.26083333,2025-12-05 08:00:00,5.0
Doyang Hep Reservoir,Nagaland,WOKHA,WOKHA,-,Dhansiri,Brahmaputra,26.23,94.26083333,2025-12-06 07:00:00,400.0
Doyang Hep Reservoir,Nagaland,WOKHA,WOKHA,-,Dhansiri,Brahmaputra,26.23,94.26083333,2025-12-06 08:00:00,60.5
Doyang Hep Reservoir,Nagaland,WOKHA,WOKHA,-,Dhansiri,Brahmaputra,26.23,94.26083333,2025-12-08 01:00:00,15.0
Doyang Hep Reservoir,Nagaland,WOKHA,WOKHA,-,Dhansiri,Brahmaputra,26.23,94.26083333,2025-12-16 01:00:00,368.5
Doyang Hep Reservoir,Nagaland,WOKHA,WOKHA,-,Dhansiri,Brahmaputra,26.23,94.26083333,2025-12-16 02:00:00,202.0
Doyang Hep Reservoir,Nagaland,WOKHA,WOKHA,-,Dhansiri,Brahmaputra,26.23,94.26083333,2025-12-17 01:00:00,2.0
Doyang Hep Reservoir,Nagaland,WOKHA,WOKHA,-,Dhansiri,Brahmaputra,26.23,94.26083333,2025-12-17 07:00:00,64.5
Doyang Hep Reservoir,Nagaland,WOKHA,WOKHA,-,Dhansiri,Brahmaputra,26.23,94.26083333,2025-12-19 09:00:00,1.0
Doyang Hep Reservoir,Nagaland,WOKHA,WOKHA,-,Dhansiri,Brahmaputra,26.23,94.26083333,2025-12-20 03:00:00,14.5
Doyang Hep Reservoir,Nagaland,WOKHA,WOKHA,-,Dhansiri,Brahmaputra,26.23,94.26083333,2025-12-20 04:00:00,20.0
Doyang Hep Reservoir,Nagaland,WOKHA,WOKHA,-,Dhansiri,Brahmaputra,26.23,94.26083333,2025-12-20 05:00:00,7.0
Doyang Hep Reservoir,Nagaland,WOKHA,WOKHA,-,Dhansiri,Brahmaputra,26.23,94.26083333,2025-12-20 06:00:00,4.0
Doyang Hep Reservoir,Nagaland,WOKHA,WOKHA,-,Dhansiri,Brahmaputra,26.23,94.26083333,2025-12-20 07:00:00,1.0
Doyang Hep Reservoir,Nagaland,WOKHA,WOKHA,-,Dhansiri,Brahmaputra,26.23,94.26083333,2025-12-20 08:00:00,221.0
