Dist_Name,avg_elevation,min_elevation,max_elevation,avg_rainfall_mm,max_rainfall_mm,avg_temp,min_temp,max_temp,avg_air_pressure,DFSI,Percent_Flooded_Area,Parmanent_Water,Corrected_Percent_Flooded_Area,Human_fatality,Human_injured,Population,Mean_Flood_Duration,State_Name
Adilabad,,,,,,,,,,14.340837653964073,1.209758847,0.22104424,0.988714607,174.0,0.0,802880.0,8.0,Telangana
Agar Malwa,,,,,,,,,,9.189893645189708,0.53688887,0.338892414,0.197996456,2.0,0.0,702666.0,6.0,Madhya Pradesh
Agra,168.0,168.0,168.0,2.3574489795918367,59.9,24.92532332081769,1.2,46.0,1008.4175636211932,17.46347311350804,4.133356464,0.10192976,4.031426704,133.0,32.0,5296620.0,20.0,Uttar Pradesh
Ahmadabad,,,,,,,,,,18.117122356772818,4.222292965,0.122458085,4.09983488,177.0,23.0,8738876.0,12.0,Gujarat
Ahmadnagar,,,,,,,,,,13.744180643719863,0.691347983,0.697616588,0.006268605,50.0,18.0,5113145.0,4.0,Maharashtra
Ahmedabad,55.0,55.0,55.0,4.826963048498845,261.9,27.903768980477224,7.0,50.0,1008.417812599936,,,,,,,,,Gujarat
Ahmednagar,655.0,655.0,655.0,2.645668233713902,210.8,24.634049697783748,7.2,41.0,1010.4666218938886,,,,,,,,,Maharashtra
Aizawl,227.03724928366762,0.0,426.0,4.614219197707737,99.5,24.1131446991404,6.7,40.2,1010.3799426934097,15.373862352432583,2.162077627,0.096288881,2.065788746,154.0,42.0,483635.0,2.0,Mizoram
Ajmer,485.0,485.0,485.0,3.109398907103825,136.9,25.474759903961584,3.0,46.3,1009.0537944929483,15.626895014531897,0.260510002,0.05695381,0.203556192,135.0,23.0,2985855.0,4.0,Rajasthan
Akola,292.5,280.0,305.0,4.4784079601990054,202.9,27.36021165475536,5.8,47.1,1008.6054063129617,15.578364230579806,0.880057177,0.274621796,0.605435381,106.0,14.0,2032614.0,4.0,Maharashtra
Alappuzha,2.0,2.0,2.0,7.707330195023537,84.2,26.800067249495626,18.9,39.9,1009.8658372562206,17.725461969849633,21.06652893,8.660110439,12.40641849,170.0,70.0,2167462.0,5.0,Kerala
Aligarh,186.0,186.0,186.0,2.320147750167898,110.8,24.21645399597045,2.5,46.1,1008.5337139019476,16.49352826124584,1.93292949,0.006094499,1.926834991,97.0,22.0,4376425.0,24.0,Uttar Pradesh
Alipurduar,,,,,,,,,,12.287153516516195,4.056971682,0.017650059,4.039321623,19.0,0.0,1381430.0,5.0,West Bengal
Alirajpur,,,,,,,,,,10.19595043322708,0.872416618,0.738663983,0.133752635,7.0,0.0,917115.0,5.0,Madhya Pradesh
Almora,,,,,,,,,,7.102979287602845,0.649027255,0.000454012,0.648573243,0.0,0.0,618943.0,7.0,Uttarakhand
Alwar,270.0,270.0,270.0,2.104096709200806,73.2,24.6252518468771,2.4,47.3,1008.8799194089993,16.035513548288417,0.348076896,0.005601607,0.342475289,102.0,15.0,4491235.0,14.0,Rajasthan
Ambala,468.59378018157236,271.0,958.0,3.116203078584931,224.0,22.550859571180222,-0.1,45.7,1008.9333109469442,14.403936732301004,4.251029067,0.0,4.251029067,36.0,11.0,1296203.0,5.0,Haryana
Ambedkar Nagar,,,,,,,,,,14.34664676935026,3.80490503,0.342207082,3.462697948,44.0,0.0,2918048.0,22.0,Uttar Pradesh
Amethi,,,,,,,,,,15.387214003222002,2.870234132,0.0,2.870234132,49.0,6.0,3139220.0,21.0,Uttar Pradesh
Amravati,367.0,367.0,367.0,3.8582568807339452,137.9,28.039204545454545,8.6,46.4,1008.7179986568167,17.907707348841942,1.132570579,0.452234552,0.680336027,430.0,34.0,3195039.0,5.0,Maharashtra
Amreli,0.0,0.0,0.0,2.378067484662577,154.6,27.709509202453987,10.2,45.7,1008.9348159509202,15.68483276196048,0.551647653,0.455725673,0.09592198,224.0,10.0,1650731.0,18.0,Gujarat
Amritsar,229.0,229.0,229.0,3.23245869776482,202.9,23.087002437043054,-1.0,47.5,1009.067365506329,16.326198333448385,2.592469047,0.034259992,2.558209055,117.0,21.0,2748187.0,7.0,Punjab
Amroha,,,,,,,,,,14.964340640710867,3.77465624,0.02670143,3.74795481,54.0,3.0,2208108.0,24.0,Uttar Pradesh
Anand,41.0,41.0,41.0,2.587239758226998,86.8,27.186165211551376,9.5,46.9,1008.5582269979852,14.750432819149474,5.640448142,0.236729361,5.403718781,42.0,1.0,2767476.0,22.0,Gujarat
Anantapur,,,,,,,,,,15.3202557247576,0.698641838,0.216018195,0.482623643,118.0,1.0,4537583.0,10.0,Andhra Pradesh
Anantnag,0.0,0.0,0.0,4.273829623944743,83.8,20.745280122793552,-7.6,42.8,1015.3233307751343,14.756466762456736,0.462302357,0.159500867,0.30280149,81.0,44.0,1290100.0,4.0,Jammu and Kashmir
Angul,137.0,137.0,137.0,3.5840832773673603,88.4,26.375285426460714,9.6,42.7,1008.1724647414372,,,,,,,,,Odisha
Anjaw,,,,,,,,,,10.331746414673855,1.599292296,0.251543379,1.347748917,5.0,1.0,24066.0,5.0,Arunachal Pradesh
Anugul,,,,,,,,,,12.81414308699189,1.964959616,1.692681852,0.272277764,24.0,0.0,1393181.0,34.0,Odisha
Anuppur,,,,,,,,,,9.990783932578736,0.69532992,0.16785608,0.52747384,2.0,0.0,902339.0,9.0,Madhya Pradesh
Araria,59.0,59.0,59.0,5.2948959032908,143.0,24.011282740094025,6.8,41.6,1008.3441235728676,16.139375553110227,6.399493143,0.0,6.399493143,162.0,0.0,3634320.0,23.0,Bihar
Aravalli,,,,,,,,,,13.53249300044823,1.017301706,0.334042991,0.683258715,39.0,1.0,1276998.0,24.0,Gujarat
Ariyalur,,,,,,,,,,13.089804218720658,2.450977499,0.08746038,2.363517119,23.0,4.0,772923.0,7.0,Tamil Nadu
Arwal,,,,,,,,,,14.60179082289652,22.2718737,0.595563792,21.67630991,85.0,0.0,591972.0,27.0,Bihar
Ashoknagar,,,,,,,,,,11.23645822753216,1.106305566,0.886532248,0.219773318,6.0,4.0,1071470.0,6.0,Madhya Pradesh
Auraiya,,,,,,,,,,14.613329857835854,6.808487542,0.145826885,6.662660657,46.0,1.0,1619128.0,24.0,Uttar Pradesh
Aurangabad,580.5,579.0,582.0,2.7179503500954802,97.0,26.720748576078112,5.7,43.8,1009.9437877770316,18.255102457499184,2.741713494,0.192197924,2.54951557,301.0,46.0,3160597.0,13.0,Maharashtra
Aurangabad,580.5,579.0,582.0,2.7179503500954802,97.0,26.720748576078112,5.7,43.8,1009.9437877770316,18.09924752686318,2.741713494,0.192197924,2.54951557,301.0,46.0,3160597.0,13.0,Maharashtra
Aurangabad,580.5,579.0,582.0,2.7179503500954802,97.0,26.720748576078112,5.7,43.8,1009.9437877770316,16.453444018807634,2.741713494,0.192197924,2.54951557,301.0,46.0,3160597.0,13.0,Maharashtra
Aurangabad,580.5,579.0,582.0,2.7179503500954802,97.0,26.720748576078112,5.7,43.8,1009.9437877770316,16.29758908817163,2.741713494,0.192197924,2.54951557,301.0,46.0,3160597.0,13.0,Maharashtra
Aurangabad,580.5,579.0,582.0,2.7179503500954802,97.0,26.720748576078112,5.7,43.8,1009.9437877770316,18.255102457499184,0.75855332,0.771925606,0.013372286,301.0,46.0,3160597.0,13.0,Maharashtra
Aurangabad,580.5,579.0,582.0,2.7179503500954802,97.0,26.720748576078112,5.7,43.8,1009.9437877770316,18.09924752686318,0.75855332,0.771925606,0.013372286,301.0,46.0,3160597.0,13.0,Maharashtra
Aurangabad,580.5,579.0,582.0,2.7179503500954802,97.0,26.720748576078112,5.7,43.8,1009.9437877770316,16.453444018807634,0.75855332,0.771925606,0.013372286,301.0,46.0,3160597.0,13.0,Maharashtra
Aurangabad,580.5,579.0,582.0,2.7179503500954802,97.0,26.720748576078112,5.7,43.8,1009.9437877770316,16.29758908817163,0.75855332,0.771925606,0.013372286,301.0,46.0,3160597.0,13.0,Maharashtra
Aurangabad,580.5,579.0,582.0,2.7179503500954802,97.0,26.720748576078112,5.7,43.8,1009.9437877770316,18.255102457499184,2.741713494,0.192197924,2.54951557,301.0,46.0,4525057.0,13.0,Maharashtra
Aurangabad,580.5,579.0,582.0,2.7179503500954802,97.0,26.720748576078112,5.7,43.8,1009.9437877770316,18.09924752686318,2.741713494,0.192197924,2.54951557,301.0,46.0,4525057.0,13.0,Maharashtra
Aurangabad,580.5,579.0,582.0,2.7179503500954802,97.0,26.720748576078112,5.7,43.8,1009.9437877770316,16.453444018807634,2.741713494,0.192197924,2.54951557,301.0,46.0,4525057.0,13.0,Maharashtra
Aurangabad,580.5,579.0,582.0,2.7179503500954802,97.0,26.720748576078112,5.7,43.8,1009.9437877770316,16.29758908817163,2.741713494,0.192197924,2.54951557,301.0,46.0,4525057.0,13.0,Maharashtra
Aurangabad,580.5,579.0,582.0,2.7179503500954802,97.0,26.720748576078112,5.7,43.8,1009.9437877770316,18.255102457499184,0.75855332,0.771925606,0.013372286,301.0,46.0,4525057.0,13.0,Maharashtra
Aurangabad,580.5,579.0,582.0,2.7179503500954802,97.0,26.720748576078112,5.7,43.8,1009.9437877770316,18.09924752686318,0.75855332,0.771925606,0.013372286,301.0,46.0,4525057.0,13.0,Maharashtra
Aurangabad,580.5,579.0,582.0,2.7179503500954802,97.0,26.720748576078112,5.7,43.8,1009.9437877770316,16.453444018807634,0.75855332,0.771925606,0.013372286,301.0,46.0,4525057.0,13.0,Maharashtra
Aurangabad,580.5,579.0,582.0,2.7179503500954802,97.0,26.720748576078112,5.7,43.8,1009.9437877770316,16.29758908817163,0.75855332,0.771925606,0.013372286,301.0,46.0,4525057.0,13.0,Maharashtra
Azamgarh,,,,,,,,,,17.951289130056143,6.067454778,0.055490347,6.011964431,257.0,11.0,5177742.0,20.0,Uttar Pradesh
Badgam,,,,,,,,,,14.282593564658416,3.988476641,0.182326085,3.806150556,51.0,11.0,992328.0,6.0,Jammu & Kashmir
Bagalkote,524.0,524.0,524.0,2.289724647414372,65.7,26.101678979180658,13.6,42.1,1010.0644728005373,12.352264924637735,1.462562203,1.460163536,0.002398667,67.0,4.0,2065589.0,14.0,Karnataka
Bageshwar,,,,,,,,,,12.479758572738648,0.57268385,0.001914048,0.570769802,40.0,13.0,256564.0,2.0,Uttarakhand
Baghpat,,,,,,,,,,14.060014261552078,4.30209073,0.0,4.30209073,58.0,0.0,1340897.0,26.0,Uttar Pradesh
Bahraich,122.0,122.0,122.0,5.799482133609528,201.9,24.844437799043064,0.2,45.4,1008.2974479516454,18.077352963427945,4.089125081,0.40923834,3.679886741,225.0,32.0,4156731.0,15.0,Uttar Pradesh
Baksa,,,,,,,,,,14.8521292715311,3.829965692,0.097900998,3.732064694,51.0,1.0,1258285.0,7.0,Assam
Balaghat,580.0,580.0,580.0,3.5317662860980525,148.7,24.10933512424446,5.7,42.9,1009.3370047011417,16.630218636838876,1.159502036,0.086946009,1.072556027,118.0,108.0,1884118.0,6.0,Madhya Pradesh
Balangir,,,,,,,,,,13.663829374845571,1.245116533,0.149789566,1.095326967,25.0,0.0,2028038.0,32.0,Odisha
Balasore,18.0,18.0,18.0,6.52376784891755,150.9,26.79008398807911,7.6,44.7,1007.9010073875085,,,,,,,,,Odisha
Baleshwar,,,,,,,,,,17.31748221832247,12.64357177,3.878298705,8.765273065,220.0,5.0,2513933.0,16.0,Odisha
Ballari,468.5,448.0,489.0,1.9904633982538618,94.7,26.290161182001345,13.0,42.2,1010.7315312290127,16.687776013211217,1.132672375,0.584051989,0.548620386,147.0,30.0,2961339.0,8.0,Karnataka
Ballia,,,,,,,,,,18.282412575936064,14.2259764,0.925904877,13.30007152,312.0,13.0,3696633.0,18.0,Uttar Pradesh
Balod,,,,,,,,,,6.814171814275378,0.692282824,0.717205888,0.024923064,0.0,0.0,961306.0,3.0,Chhattisgarh
Baloda Bazar,,,,,,,,,,9.197380868666414,3.669338228,0.368934666,3.300403562,0.0,0.0,1681629.0,2.0,Chhattisgarh
Balrampur,,,,,,,,,,16.273890154213387,0.665330167,0.022677673,0.642652494,58.0,26.0,853775.0,20.0,Uttar Pradesh
Balrampur,,,,,,,,,,15.795300126674809,0.665330167,0.022677673,0.642652494,58.0,26.0,853775.0,20.0,Uttar Pradesh
Balrampur,,,,,,,,,,15.71565822290066,0.665330167,0.022677673,0.642652494,58.0,26.0,853775.0,20.0,Chhattisgarh
Balrampur,,,,,,,,,,15.237068195362085,0.665330167,0.022677673,0.642652494,58.0,26.0,853775.0,20.0,Chhattisgarh
Balrampur,,,,,,,,,,16.273890154213387,4.434421195,0.059511194,4.374910001,58.0,26.0,853775.0,20.0,Uttar Pradesh
Balrampur,,,,,,,,,,15.795300126674809,4.434421195,0.059511194,4.374910001,58.0,26.0,853775.0,20.0,Uttar Pradesh
Balrampur,,,,,,,,,,15.71565822290066,4.434421195,0.059511194,4.374910001,58.0,26.0,853775.0,20.0,Chhattisgarh
Balrampur,,,,,,,,,,15.237068195362085,4.434421195,0.059511194,4.374910001,58.0,26.0,853775.0,20.0,Chhattisgarh
Balrampur,,,,,,,,,,16.273890154213387,0.665330167,0.022677673,0.642652494,58.0,26.0,2570002.0,20.0,Uttar Pradesh
Balrampur,,,,,,,,,,15.795300126674809,0.665330167,0.022677673,0.642652494,58.0,26.0,2570002.0,20.0,Uttar Pradesh
Balrampur,,,,,,,,,,15.71565822290066,0.665330167,0.022677673,0.642652494,58.0,26.0,2570002.0,20.0,Chhattisgarh
Balrampur,,,,,,,,,,15.237068195362085,0.665330167,0.022677673,0.642652494,58.0,26.0,2570002.0,20.0,Chhattisgarh
Balrampur,,,,,,,,,,16.273890154213387,4.434421195,0.059511194,4.374910001,58.0,26.0,2570002.0,20.0,Uttar Pradesh
Balrampur,,,,,,,,,,15.795300126674809,4.434421195,0.059511194,4.374910001,58.0,26.0,2570002.0,20.0,Uttar Pradesh
Balrampur,,,,,,,,,,15.71565822290066,4.434421195,0.059511194,4.374910001,58.0,26.0,2570002.0,20.0,Chhattisgarh
Balrampur,,,,,,,,,,15.237068195362085,4.434421195,0.059511194,4.374910001,58.0,26.0,2570002.0,20.0,Chhattisgarh
Bametara,,,,,,,,,,9.95595548857293,2.704068243,0.320047689,2.384020554,3.0,0.0,909116.0,2.0,Chhattisgarh
Banas Kantha,,,,,,,,,,15.557662783463703,0.684661264,0.116877662,0.567783602,109.0,2.0,3729629.0,18.0,Gujarat
Banaskantha,135.0,135.0,135.0,3.5247210804462714,269.0,28.298235505941662,6.0,48.0,1008.6433176628609,,,,,,,,,Gujarat
Banda,120.0,120.0,120.0,3.005977165883143,310.3,25.427602417730018,4.4,48.1,1008.2946272666219,16.059900808320847,6.835722082,0.522039626,6.313682456,87.0,4.0,2069729.0,22.0,Uttar Pradesh
Bandipore,,,,,,,,,,13.083772934787342,2.552861234,0.616409408,1.936451826,30.0,4.0,378179.0,7.0,Jammu & Kashmir
Bangalore,,,,,,,,,,15.439242120141657,0.342520348,0.227953363,0.114566985,75.0,37.0,13403998.0,6.0,Karnataka
Banka,,,,,,,,,,15.16369520645247,2.03422427,0.348262775,1.685961495,120.0,0.0,2787874.0,26.0,Bihar
Bankura,0.0,0.0,0.0,4.119248466257669,165.7,25.626073619631903,8.4,44.4,1007.9709355828221,17.31955291994364,1.837666654,0.435897763,1.401768891,203.0,26.0,3957405.0,35.0,West Bengal
Banswara,,,,,,,,,,13.54361333571918,0.908342871,0.925230196,0.016887325,72.0,8.0,2229890.0,17.0,Rajasthan
Bapatla,0.0,0.0,0.0,3.7057515337423315,112.3,27.825613496932515,14.3,43.6,1008.339800613497,,,,,,,,,Andhra Pradesh
Bara Banki,,,,,,,,,,17.20010241203816,3.016814521,0.151297728,2.865516793,202.0,10.0,3807867.0,13.0,Uttar Pradesh
Baramula,,,,,,,,,,14.999944827865958,1.128824654,0.217682121,0.911142533,75.0,39.0,1224436.0,5.0,Jammu & Kashmir
Baramulla,2652.0,2652.0,2652.0,3.4651881720430104,60.7,6.912634408602151,-18.5,24.4,1017.7971774193549,,,,,,,,,Jammu and Kashmir
Baran,,,,,,,,,,15.039160483347256,2.698445577,0.273336329,2.425109248,43.0,4.0,1450001.0,19.0,Rajasthan
Bareilly,167.0,167.0,167.0,5.583047619047619,206.0,24.428730330982095,2.5,45.0,1008.3160510409672,16.485703008265663,4.170101962,0.0,4.170101962,85.0,7.0,5352228.0,19.0,Uttar Pradesh
Bargarh,,,,,,,,,,13.614087660258908,1.309118184,1.345216816,0.036098632,139.0,0.0,1562701.0,24.0,Odisha
Barmer,193.0,193.0,193.0,1.776190476190476,122.9,27.903555431131018,4.3,49.5,1008.8517797179315,16.36665709469927,0.88895207,0.014956261,0.873995809,85.0,8.0,3345308.0,20.0,Rajasthan
Barnala,,,,,,,,,,11.104807807396751,1.6671773,0.0,1.6671773,6.0,0.0,684088.0,7.0,Punjab
Barpeta,,,,,,,,,,17.072155278812332,13.96647843,3.478605956,10.48787247,159.0,5.0,1877307.0,9.0,Assam
Barwani,,,,,,,,,,12.157796682598162,0.86377453,0.58771354,0.27606099,7.0,10.0,1771460.0,6.0,Madhya Pradesh
Bastar,552.0,552.0,552.0,6.2751175716117995,289.1,25.183373950717574,5.5,43.1,1009.3197447951646,13.274181260306246,1.887109361,0.254405482,1.632703879,9.0,38.0,948753.0,4.0,Madhya Pradesh
Basti,,,,,,,,,,17.214701565903344,4.958766648,0.322726847,4.636039801,188.0,14.0,2718480.0,19.0,Uttar Pradesh
Bathinda,207.0,207.0,207.0,0.7605351170568563,37.6,23.503567447045707,1.6,47.0,1009.561872909699,14.432439103601508,4.083232034,0.018454025,4.064778009,24.0,5.0,1697487.0,7.0,Punjab
Baudh,,,,,,,,,,13.156021760829558,2.608651472,0.899336006,1.709315466,30.0,0.0,520532.0,32.0,Odisha
Begusarai,,,,,,,,,,17.41078092869951,21.87259266,1.072873296,20.79971936,126.0,10.0,3830215.0,22.0,Bihar
Belagavi,754.5,751.0,758.0,4.546506941334528,191.9,24.113445378151262,7.4,40.2,1010.6693418401611,14.974630688320827,1.274110942,0.55806105,0.716049892,63.0,2.0,5439561.0,6.0,Karnataka
Bengaluru Rural,897.0,897.0,897.0,3.918328220858896,143.8,24.15186789388197,9.0,41.0,1013.9902054467271,15.693701586601923,0.192307509,0.071765205,0.120542304,164.0,135.0,1355031.0,4.0,Karnataka
Bengaluru Urban,904.0,888.0,920.0,4.52726226993865,143.8,24.18515159718462,9.2,40.1,1012.5145007166747,,,,,,,,,Karnataka
Betul,652.0,652.0,652.0,3.2051040967092006,101.9,23.710208193418403,6.4,41.2,1009.7489590329079,13.474591542759846,0.659609051,0.086627039,0.572982012,26.0,2.0,1776782.0,6.0,Madhya Pradesh
Bhadohi,,,,,,,,,,13.979632076415218,12.0892717,1.079228201,11.0100435,36.0,0.0,1805095.0,30.0,Uttar Pradesh
Bhadradri Kothagudem,110.0,110.0,110.0,3.5484217595701817,162.1,27.585090664875754,13.4,43.7,1008.5547347212895,10.291820822002276,1.367448139,0.625093908,0.742354231,2.0,0.0,1149137.0,8.0,Andhra Pradesh
Bhadrak,5.0,5.0,5.0,6.73544794188862,288.0,27.17875261116085,9.5,43.4,1008.1137676292814,15.017488855468349,10.96625941,2.562091316,8.404168094,68.0,0.0,1613470.0,23.0,Odisha
Bhagalpur,40.0,36.0,44.0,4.598100048100048,174.0,25.511500563063066,3.0,42.8,1008.2749832102081,17.604486494190635,16.20260487,2.47274559,13.72985928,161.0,12.0,3509828.0,20.0,Bihar
Bhandara,,,,,,,,,,15.806534648057134,2.564278476,0.742932408,1.821346068,91.0,26.0,1132270.0,5.0,Maharashtra
Bharatpur,,,,,,,,,,17.131242714643918,2.342300583,0.003684995,2.338615588,98.0,252.0,2952552.0,5.0,Rajasthan
Bharuch,,,,,,,,,,17.568946762319865,3.432850261,1.612396534,1.820453727,233.0,56.0,1704669.0,14.0,Gujarat
Bhavnagar,5.942603924878666,5.0,8.0,2.9546350477363723,371.3,28.49246676514032,3.0,44.5,1008.7149764942915,14.866710246249184,1.164791431,1.145481372,0.019310059,225.0,6.0,2765060.0,14.0,Gujarat
Bhilwara,421.0,421.0,421.0,2.069576897246474,143.4,24.513901947615846,3.3,46.1,1009.448085963734,15.558022770832022,0.795160097,0.045229947,0.74993015,85.0,4.0,2821404.0,20.0,Rajasthan
Bhind,,,,,,,,,,13.121998929581226,2.808721208,0.119319241,2.689401967,25.0,0.0,1937516.0,6.0,Madhya Pradesh
Bhiwani,,,,,,,,,,13.861181519056318,2.188213606,0.000980524,2.187233082,31.0,6.0,1296415.0,5.0,Haryana
Bhojpur,,,,,,,,,,15.752007841506035,6.197224303,0.810391565,5.386832738,119.0,0.0,3338604.0,21.0,Bihar
Bhopal,523.0,523.0,523.0,6.296345029239767,320.0,25.392950462710942,4.0,45.4,1009.7154929577465,11.67764066032228,0.626374883,0.626869321,0.000494438,64.0,13.0,2938719.0,4.0,Madhya Pradesh
Bid,,,,,,,,,,16.327195488559887,0.847814579,0.573485427,0.274329152,242.0,15.0,3032850.0,4.0,Maharashtra
Bidar,663.0,663.0,663.0,2.53619879113499,94.4,25.42303559435863,11.4,42.3,1009.974479516454,15.210263157247708,1.344650341,0.577171919,0.767478422,89.0,7.0,1848763.0,8.0,Karnataka
Bijapur,593.0,593.0,593.0,2.221423774345198,72.0,26.25413028878442,13.4,42.2,1009.9506380120887,15.438205824489648,2.067319021,0.119061839,1.948257182,85.0,20.0,275997.0,9.0,Karnataka
Bijnor,269.0,269.0,269.0,3.2169912693082607,168.1,22.332034922766958,2.1,44.3,1008.7497649429147,15.029465062390958,3.55139876,0.063788983,3.487609777,56.0,0.0,4311589.0,24.0,Uttar Pradesh
Bikaner,223.0,223.0,223.0,1.0208926261319533,64.0,26.622861356932155,2.1,48.2,1008.1160510409671,16.457523131899894,0.693208661,0.008307225,0.684901436,61.0,23.0,3124233.0,14.0,Rajasthan
Bilaspur,589.0,589.0,589.0,2.5045668233713902,101.4,21.196843519140362,2.4,45.8,1009.549563465413,15.634530172393664,1.199971728,0.445297237,0.754674491,111.0,9.0,2180689.0,5.0,Himachal Pradesh
Bilaspur,589.0,589.0,589.0,2.5045668233713902,101.4,21.196843519140362,2.4,45.8,1009.549563465413,15.413478259569072,1.199971728,0.445297237,0.754674491,111.0,9.0,2180689.0,5.0,Himachal Pradesh
Bilaspur,589.0,589.0,589.0,2.5045668233713902,101.4,21.196843519140362,2.4,45.8,1009.549563465413,15.010063257516087,1.199971728,0.445297237,0.754674491,111.0,9.0,2180689.0,5.0,Himachal Pradesh
Bilaspur,589.0,589.0,589.0,2.5045668233713902,101.4,21.196843519140362,2.4,45.8,1009.549563465413,14.789011344691492,1.199971728,0.445297237,0.754674491,111.0,9.0,2180689.0,5.0,Himachal Pradesh
Bilaspur,589.0,589.0,589.0,2.5045668233713902,101.4,21.196843519140362,2.4,45.8,1009.549563465413,15.634530172393664,6.380614515,4.196110632,2.184503883,111.0,9.0,2180689.0,5.0,Himachal Pradesh
Bilaspur,589.0,589.0,589.0,2.5045668233713902,101.4,21.196843519140362,2.4,45.8,1009.549563465413,15.413478259569072,6.380614515,4.196110632,2.184503883,111.0,9.0,2180689.0,5.0,Himachal Pradesh
Bilaspur,589.0,589.0,589.0,2.5045668233713902,101.4,21.196843519140362,2.4,45.8,1009.549563465413,15.010063257516087,6.380614515,4.196110632,2.184503883,111.0,9.0,2180689.0,5.0,Himachal Pradesh
Bilaspur,589.0,589.0,589.0,2.5045668233713902,101.4,21.196843519140362,2.4,45.8,1009.549563465413,14.789011344691492,6.380614515,4.196110632,2.184503883,111.0,9.0,2180689.0,5.0,Himachal Pradesh
Bilaspur,589.0,589.0,589.0,2.5045668233713902,101.4,21.196843519140362,2.4,45.8,1009.549563465413,15.634530172393664,1.199971728,0.445297237,0.754674491,111.0,9.0,517758.0,5.0,Himachal Pradesh
Bilaspur,589.0,589.0,589.0,2.5045668233713902,101.4,21.196843519140362,2.4,45.8,1009.549563465413,15.413478259569072,1.199971728,0.445297237,0.754674491,111.0,9.0,517758.0,5.0,Himachal Pradesh
Bilaspur,589.0,589.0,589.0,2.5045668233713902,101.4,21.196843519140362,2.4,45.8,1009.549563465413,15.010063257516087,1.199971728,0.445297237,0.754674491,111.0,9.0,517758.0,5.0,Himachal Pradesh
Bilaspur,589.0,589.0,589.0,2.5045668233713902,101.4,21.196843519140362,2.4,45.8,1009.549563465413,14.789011344691492,1.199971728,0.445297237,0.754674491,111.0,9.0,517758.0,5.0,Himachal Pradesh
Bilaspur,589.0,589.0,589.0,2.5045668233713902,101.4,21.196843519140362,2.4,45.8,1009.549563465413,15.634530172393664,6.380614515,4.196110632,2.184503883,111.0,9.0,517758.0,5.0,Himachal Pradesh
Bilaspur,589.0,589.0,589.0,2.5045668233713902,101.4,21.196843519140362,2.4,45.8,1009.549563465413,15.413478259569072,6.380614515,4.196110632,2.184503883,111.0,9.0,517758.0,5.0,Himachal Pradesh
Bilaspur,589.0,589.0,589.0,2.5045668233713902,101.4,21.196843519140362,2.4,45.8,1009.549563465413,15.010063257516087,6.380614515,4.196110632,2.184503883,111.0,9.0,517758.0,5.0,Himachal Pradesh
Bilaspur,589.0,589.0,589.0,2.5045668233713902,101.4,21.196843519140362,2.4,45.8,1009.549563465413,14.789011344691492,6.380614515,4.196110632,2.184503883,111.0,9.0,517758.0,5.0,Himachal Pradesh
Birbhum,58.0,58.0,58.0,3.7049026192075223,108.3,25.617461383478847,7.7,43.4,1008.1645399597045,16.588413943958574,4.557102699,0.073826304,4.483276395,186.0,1.0,4082552.0,31.0,West Bengal
Bishnupur,,,,,,,,,,5.479314363347237,3.487839839,3.486841412,0.000998427,1.0,0.0,299943.0,6.0,Manipur
Biswanath,,,,,,,,,,14.377846930502969,5.175865068,2.020191719,3.155673349,56.0,1.0,666698.0,10.0,Assam
Bokaro,,,,,,,,,,10.052560471915164,1.369848729,1.347818433,0.022030296,12.0,1.0,2426002.0,2.0,Jharkhand
Bongaigaon,,,,,,,,,,15.001631836615058,11.75738514,3.469432123,8.287953017,79.0,1.0,803266.0,11.0,Assam
Botad,,,,,,,,,,13.385629591123912,0.962947549,0.085839662,0.877107887,38.0,1.0,737921.0,17.0,Gujarat
Budaun,,,,,,,,,,16.11888766407801,3.899941243,0.043402472,3.856538771,90.0,4.0,3653296.0,23.0,Uttar Pradesh
Bulandshahr,,,,,,,,,,16.156742626782666,4.647089954,0.043817515,4.603272439,142.0,1.0,4116049.0,24.0,Uttar Pradesh
Buldana,,,,,,,,,,14.778399410216522,0.570331597,0.427298223,0.143033374,92.0,7.0,2939030.0,3.0,Maharashtra
Buldhana,648.0,648.0,648.0,4.290877192982456,130.0,27.00959700872455,7.5,43.0,1009.713364674278,,,,,,,,,Maharashtra
Bundi,266.0,266.0,266.0,2.4860980523841505,139.1,24.623505708529215,2.7,47.2,1008.9911349899262,15.82948386480906,2.12987866,0.138460405,1.991418255,137.0,4.0,1323567.0,17.0,Rajasthan
Burhanpur,,,,,,,,,,12.778778889751598,0.821960718,0.136420671,0.685540047,15.0,10.0,917654.0,6.0,Madhya Pradesh
Buxar,,,,,,,,,,15.01252575840675,5.8158623,0.526160857,5.289701443,89.0,0.0,2014287.0,25.0,Bihar
Cachar,21.0,21.0,21.0,10.181510164569216,289.1,25.64587084148728,8.0,40.0,1009.0120214909334,18.140456924041366,9.573358688,0.339758463,9.233600225,194.0,33.0,2105643.0,8.0,Assam
Central,,,,,,,,,,11.556032138850329,7.250541685,0.0,7.250541685,5.0,13.0,1667718.0,3.0,Delhi
Chamarajanagar,760.0,760.0,760.0,2.950540315876974,70.4,24.250041562759765,12.4,40.1,1011.1372402327515,,,,,,,,,Karnataka
Chamarajanagara,,,,,,,,,,12.976241045034715,2.083532915,0.145853665,1.93767925,20.0,1.0,1089392.0,9.0,Karnataka
Chamba,,,,,,,,,,14.895307241291423,0.400300346,0.191863584,0.208436762,125.0,13.0,586226.0,5.0,Himachal Pradesh
Chamoli,,,,,,,,,,18.05798993917151,1.044647093,0.05612071,0.988526383,1546.0,75.0,426828.0,4.0,Uttarakhand
Champawat,,,,,,,,,,12.273131236919184,1.472908997,0.256522301,1.216386696,26.0,14.0,293584.0,2.0,Uttarakhand
Champhai,,,,,,,,,,11.253727492530876,0.919185436,0.0,0.919185436,9.0,8.0,136805.0,3.0,Mizoram
Chandauli,,,,,,,,,,14.75193730729792,8.940225734,1.049386239,7.890839495,40.0,1.0,2179069.0,28.0,Uttar Pradesh
Chandel,,,,,,,,,,7.865775829637234,0.632996,0.002124825,0.630871175,0.0,0.0,125173.0,7.0,Manipur
Chandigarh,347.0,347.0,347.0,4.0076218041485765,302.0,23.500059898173106,1.0,46.0,1008.7715337423314,8.444719669556333,0.001739235,0.000745464,0.000993771,17.0,13.0,897511.0,2.0,Chandigarh
Chandrapur,204.7481405488587,191.0,227.0,4.803897723729342,136.9,28.076250320595026,5.1,47.9,1008.4211215580928,16.530213646482306,1.760192182,0.535308039,1.224884143,114.0,20.0,2348545.0,5.0,Maharashtra
Changlang,,,,,,,,,,11.251637398872711,2.538486995,0.021259348,2.517227647,4.0,1.0,183018.0,5.0,Arunachal Pradesh
Charaideo,,,,,,,,,,14.498483193678696,16.05397104,0.010879162,16.04309188,50.0,1.0,496227.0,18.0,Assam
Charki Dadri,,,,,,,,,,9.619373407745462,0.854921696,0.002355435,0.852566261,2.0,0.0,545880.0,7.0,Haryana
Chatra,,,,,,,,,,11.172518237918649,0.37639693,0.036811514,0.339585416,8.0,3.0,1313082.0,2.0,Jharkhand
Chengalpattu,,,,,,,,,,14.338825559345638,4.817890104,2.065380723,2.752509381,36.0,4.0,3240797.0,10.0,Tamil Nadu
Chennai,8.0,6.0,10.0,7.020199115044248,344.9,28.977219815917707,17.2,43.6,1008.8034246575343,16.62215635244921,4.645634657,1.072848464,3.572786193,238.0,21.0,5558758.0,8.0,Tamil Nadu
Chhatarpur,221.5,217.0,226.0,3.0022834116856947,139.1,25.184754869039622,3.4,47.3,1008.4800537273338,12.460824774657857,1.27766675,0.251215844,1.026450906,12.0,0.0,2100270.0,6.0,Madhya Pradesh
Chhindwara,675.0,675.0,675.0,3.135527199462727,80.8,23.797716588314305,5.2,43.0,1009.5490261920752,13.955243811560596,0.626598635,0.382961008,0.243637627,33.0,6.0,2383077.0,5.0,Madhya Pradesh
Chikkaballapura,811.1005558362809,672.0,857.0,2.825972713491663,82.9,23.65421930267812,10.0,40.1,1011.2943911066195,13.40917971659012,0.292140809,0.110670649,0.18147016,34.0,7.0,1326139.0,7.0,Karnataka
Chikkamagaluru,0.0,0.0,0.0,5.115272448196469,90.5,27.430621642363775,14.6,42.3,1012.464313123561,13.92807228565061,1.355001002,0.868566012,0.48643499,40.0,6.0,1168539.0,7.0,Karnataka
Chirang,,,,,,,,,,14.327177071038736,2.875769392,0.021873585,2.853895807,56.0,1.0,616102.0,9.0,Assam
Chitradurga,724.0,724.0,724.0,3.6771509167842034,128.0,25.368997289972903,9.3,41.0,1010.5676292813969,14.586114591603268,0.426895091,0.23997582,0.186919271,99.0,3.0,1798153.0,9.0,Karnataka
Chitrakoot,,,,,,,,,,14.4798686527041,2.917583682,0.454897641,2.462686041,41.0,3.0,1269815.0,24.0,Uttar Pradesh
Chittaurgarh,,,,,,,,,,9.594135959660097,1.068551638,1.101782041,0.033230403,4.0,0.0,1838803.0,10.0,Rajasthan
Chittoor,,,,,,,,,,14.968531993958036,0.573483172,0.068957975,0.504525197,124.0,0.0,4580686.0,8.0,Andhra Pradesh
Chittorgarh,404.0,404.0,404.0,2.2134989926124917,117.7,24.294963062458024,2.0,46.4,1009.3545332437877,,,,,,,,,Rajasthan
Chota Udaipur,,,,,,,,,,11.771129154593742,0.859683354,0.747200646,0.112482708,22.0,0.0,1206205.0,16.0,Gujarat
Churachandpur,,,,,,,,,,8.413451680279724,1.167264968,0.2279733,0.939291668,0.0,0.0,257051.0,7.0,Manipur
Churu,290.0,290.0,290.0,2.0062095032397407,125.0,25.533003003003,-1.9,50.8,1008.5890530557422,15.457609817828727,0.776519408,0.00062635,0.775893058,43.0,14.0,2206492.0,25.0,Rajasthan
Coimbatore,508.8044654939107,396.0,1041.0,4.610159224645206,163.7,25.861389264772214,8.8,40.0,1011.5457989690722,15.81294135542745,0.519629022,0.20279264,0.316836382,142.0,24.0,4180340.0,5.0,Tamil Nadu
Cooch Behar,41.0,41.0,41.0,11.314620535714285,261.9,25.593504604944258,5.1,40.0,1008.7257891202149,17.04587802487752,7.872524259,0.371070198,7.501454061,337.0,3.0,3286533.0,8.0,West Bengal
Cuddalore,5.0,5.0,5.0,7.046433439345752,281.9,28.479696394686908,17.9,42.1,1008.8282360831656,15.662049981665302,6.561569456,0.689771711,5.871797745,63.0,10.0,2998319.0,4.0,Puducherry
Cuddalore,3.0,3.0,3.0,6.4650454545454545,281.9,28.21328273244782,9.6,42.1,1008.9350570852922,15.662049981665302,6.561569456,0.689771711,5.871797745,63.0,10.0,2998319.0,4.0,Tamil Nadu
Cuttack,27.0,27.0,27.0,6.00280731603573,195.1,26.99033567948024,8.3,45.5,1008.026955256457,17.44880793951162,13.14840204,1.638891263,11.50951078,285.0,2.0,2887779.0,16.0,Odisha
Dadra & Nagar Haveli,,,,,,,,,,9.82021116955276,3.614704922,0.645537217,2.969167705,10.0,0.0,618459.0,1.0,Dadra & Nagar Have
Dakshin Bastar Dantewada,,,,,,,,,,7.263513106542463,1.73160173,0.05840241,1.67319932,0.0,0.0,332104.0,7.0,Chhattisgarh
Dakshin Dinajpur,0.0,0.0,0.0,4.990337423312883,100.4,24.716257668711656,6.6,39.7,1008.2969325153374,16.243608173190268,3.854366613,0.005980479,3.848386134,190.0,3.0,1838248.0,24.0,West Bengal
Dakshina Kannada,67.0,32.0,102.0,14.707142857142857,283.7,27.426800216567408,17.2,38.3,1009.5011939810271,16.67252490434371,1.44861205,0.422123179,1.026488871,117.0,41.0,2388502.0,8.0,Karnataka
Daman,5.0,0.0,10.0,5.5081447963800905,217.3,27.12926093514329,14.4,40.6,1008.854298642534,5.2337505446842085,2.853534384,1.308995942,1.544538442,0.0,0.0,190125.0,7.0,Dadra and Nagar Haveli and Daman and Diu
Damoh,369.0,369.0,369.0,3.3869711215580924,132.3,24.85594358629953,4.7,46.2,1008.8466756212223,12.953807470822902,1.37672163,0.183081246,1.193640384,26.0,0.0,1437365.0,6.0,Madhya Pradesh
Darbhanga,47.0,47.0,47.0,3.882672934855608,133.0,24.336467427803896,5.8,42.1,1008.1777703156481,17.744619139380248,10.08119281,0.024744941,10.05644787,207.0,9.0,4562640.0,18.0,Bihar
Darjeeling,2127.0,2127.0,2127.0,10.971189591078067,233.9,13.503579059829061,-2.7,25.0,1012.9963948973932,,,,,,,,,West Bengal
Darjiling,,,,,,,,,,18.01898148587533,2.014600116,0.096238867,1.918361249,548.0,63.0,1849559.0,11.0,West Bengal
Darrang,,,,,,,,,,16.49301020590384,15.62408864,3.822695958,11.80139268,150.0,3.0,1126535.0,9.0,Assam
Datia,227.0,227.0,227.0,4.0195530726256985,141.0,26.317454776261506,1.9,48.2,1008.6130960376091,11.492406961849484,2.46515688,0.299925165,2.165231715,9.0,0.0,955153.0,6.0,Madhya Pradesh
Dausa,,,,,,,,,,13.21177452936812,0.503371084,0.004574126,0.498796958,17.0,3.0,2162212.0,30.0,Rajasthan
Davanagere,,,,,,,,,,14.5671206333669,0.757147753,0.419899366,0.337248387,57.0,6.0,2110205.0,11.0,Karnataka
Davangere,620.0,620.0,620.0,3.1622565480188047,83.0,25.32491605104097,13.1,41.4,1010.5407656145063,,,,,,,,,Karnataka
Debagarh,,,,,,,,,,11.204453176669588,2.166747854,2.19247626,0.025728406,36.0,0.0,351390.0,32.0,Odisha
Dehradun,620.5,558.0,683.0,7.107419758232597,177.0,21.985880758807586,2.0,43.0,1009.4599597585513,16.331394182480402,1.565549733,0.084799737,1.480749996,232.0,17.0,2132260.0,6.0,Uttar Pradesh
Deoghar,,,,,,,,,,10.195271519719046,0.900022929,0.088257849,0.81176508,3.0,0.0,1878226.0,4.0,Jharkhand
Deoria,,,,,,,,,,17.491668267861357,7.998150162,0.303328624,7.694821538,211.0,11.0,3288259.0,19.0,Uttar Pradesh
Devbhumi Dwarka,7.5,5.0,10.0,3.7973684210526315,308.1,26.74345878136201,10.7,39.2,1009.308596373405,12.768307391455854,0.632384691,0.65675835,0.024373659,59.0,2.0,898223.0,20.0,Gujarat
Dewas,,,,,,,,,,13.55760707742869,1.037523564,0.405980697,0.631542867,17.0,18.0,1839994.0,5.0,Madhya Pradesh
Dhalai,,,,,,,,,,11.161184783193038,1.167627679,0.830802532,0.336825147,12.0,1.0,436885.0,4.0,Tripura
Dhamtari,,,,,,,,,,9.737562775263704,1.523869436,1.570806706,0.04693727,13.0,1.0,897907.0,1.0,Chhattisgarh
Dhanbad,,,,,,,,,,8.927454083908186,1.331577575,1.123698027,0.207879548,1.0,1.0,3014375.0,1.0,Jharkhand
Dhar,581.0,581.0,581.0,3.139959704499664,284.9,24.542310275352584,6.8,43.4,1009.8787777031565,12.222735675425495,0.815779757,0.487835201,0.327944556,14.0,0.0,2722423.0,5.0,Madhya Pradesh
Dharmapuri,396.0,396.0,396.0,3.190524193548387,62.3,26.034206989247313,13.6,42.1,1010.1026209677419,12.963906917019216,0.764553583,0.519672081,0.244881502,28.0,4.0,1771524.0,6.0,Tamil Nadu
Dharwad,678.0,678.0,678.0,2.956749496306246,144.1,24.318535930154468,11.3,40.3,1010.7479516453996,15.72960889374524,0.419364228,0.136242811,0.283121417,123.0,30.0,2085599.0,7.0,Karnataka
Dhaulpur,,,,,,,,,,14.322869345442635,3.16604113,0.385474633,2.780566497,62.0,0.0,1501877.0,21.0,Rajasthan
Dhemaji,,,,,,,,,,17.531994905456393,10.8217802,1.436232391,9.385547809,162.0,35.0,702202.0,9.0,Assam
Dhenkanal,,,,,,,,,,14.83228359745756,1.607306371,0.725516959,0.881789412,140.0,0.0,1387551.0,28.0,Odisha
Dhubri,17.5,0.0,35.0,11.139706578324658,363.4,25.314131875414184,6.2,39.9,1008.7093941717792,16.416419374958934,11.79092943,2.559481456,9.231447974,141.0,3.0,1376422.0,12.0,Assam
Dhule,,,,,,,,,,13.905379214570328,0.703409115,0.475721838,0.227687277,58.0,4.0,2456650.0,4.0,Maharashtra
Dibrugarh,110.0,110.0,110.0,8.549306296691569,195.1,24.744531672983218,5.7,39.0,1009.4080591000672,18.06823270299057,14.95295738,3.039084044,11.91387334,147.0,47.0,1510242.0,10.0,Assam
Dima Hasao,680.0,680.0,680.0,4.333109469442579,269.4,20.879919408999328,4.9,34.1,1010.4850906648758,13.785682728615216,1.849797408,0.192925704,1.656871704,41.0,1.0,288305.0,8.0,Assam
Dimapur,,,,,,,,,,8.881072108678037,1.720970931,0.004473913,1.716497018,1.0,0.0,510639.0,4.0,Nagaland
Dindigul,2339.0,2339.0,2339.0,5.778494623655914,77.5,13.336155913978494,3.0,26.6,1012.7612231182795,14.460504975996663,0.458409501,0.079067201,0.3793423,52.0,12.0,2457758.0,6.0,Tamil Nadu
Dindori,,,,,,,,,,10.83104980705238,1.451159302,0.207929959,1.243229343,3.0,0.0,917721.0,7.0,Madhya Pradesh
Diu,10.0,10.0,10.0,2.476091336467428,112.4,27.295634654130286,11.8,42.7,1009.004432505037,4.269141538160504,5.79981831,4.979981831,0.819836479,0.0,0.0,67412.0,7.0,Gujarat
Doda,,,,,,,,,,14.487666525517204,0.541398151,0.270867996,0.270530155,122.0,34.0,563657.0,4.0,Jammu & Kashmir
Dohad,,,,,,,,,,12.50521505039512,0.331645594,0.201923678,0.129721916,25.0,0.0,2742293.0,25.0,Gujarat
Dumka,,,,,,,,,,10.5848069481936,0.826039058,0.598250003,0.227789055,8.0,0.0,1522340.0,6.0,Jharkhand
Dungarpur,,,,,,,,,,12.3151833538887,0.586707161,0.388930127,0.197777034,10.0,3.0,1670388.0,30.0,Rajasthan
Durg,292.0,292.0,292.0,3.6596373404969778,91.6,25.78388179986568,7.8,44.1,1008.5995298858294,11.387358838485303,1.029480865,0.598727155,0.43075371,16.0,0.0,2010685.0,2.0,Madhya Pradesh
East,,,,,,,,,,14.147611779485713,0.1,0.0,0.1,0.0,0.0,1368632.0,7.0,Delhi
East Champaran,83.0,83.0,83.0,4.493745796906523,147.1,23.687357094821788,3.7,42.2,1008.4773369199731,,,,,,,,,Bihar
East District,,,,,,,,,,13.733855784396166,0.934153719,0.10298745,0.831166269,146.0,8.0,337891.0,2.0,Sikkim
East Garo Hills,,,,,,,,,,10.696820929375155,0.691122728,0.004744409,0.686378319,20.0,0.0,188522.0,4.0,Meghalaya
East Godavari,46.0,46.0,46.0,3.943010752688172,109.1,28.231384408602153,15.9,44.0,1008.3030913978495,17.021823993758144,6.191781457,2.48908494,3.702696517,222.0,1.0,5569277.0,9.0,Andhra Pradesh
East Jaintia Hills,,,,,,,,,,9.65998633260374,1.649728103,0.02228155,1.627446553,4.0,0.0,150787.0,5.0,Meghalaya
East Kameng,,,,,,,,,,7.516648699454786,1.388336152,0.061410827,1.326925325,0.0,0.0,87734.0,2.0,Arunachal Pradesh
East Khasi Hills,1509.6129165804182,1312.0,1598.0,9.524103335841485,386.1,17.394204098530324,-0.7,31.6,1011.6660510409671,12.893531577652482,1.226830999,0.077062889,1.14976811,20.0,9.0,1005453.0,2.0,Meghalaya
East Nimar,,,,,,,,,,9.24772357188089,1.041803014,1.03067221,0.011130804,4.0,0.0,1518478.0,7.0,Madhya Pradesh
East Siang,155.0,155.0,155.0,14.40678246484698,296.9,24.009996785599487,9.0,39.0,1009.8621222296844,13.92916281791021,3.916385666,1.35629866,2.560087006,13.0,668.0,86959.0,6.0,Arunachal Pradesh
East Singhbhum,134.0,128.0,140.0,3.58609805238415,86.0,26.1144966442953,8.0,45.1,1008.116845637584,,,,,,,,,Bihar
Ernakulam,5.0,1.0,9.0,8.714321692411014,169.2,26.992703744493394,17.0,38.6,1009.6080121145374,16.88354555320735,5.103357738,3.843019755,1.260337983,136.0,61.0,3428525.0,5.0,Kerala
Erode,,,,,,,,,,14.637086139673444,1.28966656,0.635350328,0.654316232,64.0,9.0,2286982.0,6.0,Tamil Nadu
Etah,,,,,,,,,,14.857222982218246,1.185341675,0.000451786,1.184889889,106.0,1.0,2068262.0,23.0,Uttar Pradesh
Etawah,,,,,,,,,,17.067086494018813,8.738456012,0.23711024,8.501345772,184.0,13.0,1845391.0,18.0,Uttar Pradesh
Faizabad,,,,,,,,,,16.85165548633664,4.054677701,0.247188018,3.807489683,207.0,5.0,3092832.0,18.0,Uttar Pradesh
Faridabad,,,,,,,,,,13.063797652273236,6.911149485,0.0,6.911149485,14.0,2.0,2383525.0,7.0,Haryana
Faridkot,,,,,,,,,,12.569999024995894,4.441457773,0.0,4.441457773,15.0,1.0,659286.0,5.0,Punjab
Farrukhabad,,,,,,,,,,14.975491783899162,6.314129092,0.099039455,6.215089637,76.0,0.0,2145188.0,20.0,Uttar Pradesh
Fatehabad,,,,,,,,,,12.608094599668735,9.544000142,0.0,9.544000142,4.0,6.0,1056284.0,6.0,Haryana
Fatehgarh Sahib,,,,,,,,,,12.183871093468309,0.476176498,0.0,0.476176498,37.0,1.0,640240.0,5.0,Punjab
Fatehpur,,,,,,,,,,15.880027904370005,6.194245238,0.497518236,5.696727002,94.0,1.0,3038415.0,16.0,Uttar Pradesh
Fazilka,,,,,,,,,,12.711655400142604,4.742047502,0.0,4.742047502,13.0,0.0,1143916.0,7.0,Punjab
Firozabad,,,,,,,,,,16.085013203174043,4.216316792,0.0,4.216316792,62.0,21.0,2948291.0,21.0,Uttar Pradesh
Firozpur,,,,,,,,,,14.946469180526158,8.113945312,0.027828753,8.086116559,79.0,1.0,1057444.0,8.0,Punjab
Gadag,661.0,661.0,661.0,3.0911617312072894,122.2,25.631852654387867,11.0,40.6,1009.5278038952316,15.077883110523665,0.935237691,0.161614128,0.773623563,82.0,8.0,1218001.0,10.0,Karnataka
Gadchiroli,,,,,,,,,,16.028387315575035,1.859313068,0.196356508,1.66295656,90.0,15.0,1183215.0,4.0,Maharashtra
Gajapati,,,,,,,,,,12.730445509094396,0.776854184,0.1973271,0.579527084,25.0,0.0,638094.0,29.0,Odisha
Ganderbal,,,,,,,,,,13.968864401256017,1.994547665,0.499016366,1.495531299,58.0,13.0,559525.0,6.0,Jammu & Kashmir
Gandhinagar,0.0,0.0,0.0,4.695727482678984,261.9,27.806155097613885,7.3,50.3,1008.5871442276942,14.150495722380777,1.280221069,0.000328815,1.279892254,49.0,2.0,1324292.0,25.0,Gujarat
Ganganagar,176.0,176.0,176.0,1.5455882352941175,84.1,24.95999455337691,-1.1,49.6,1008.5028206850235,15.146737991741976,6.604699359,0.009686833,6.595012526,31.0,1.0,2163051.0,21.0,Rajasthan
Gangtok,1756.0,1756.0,1756.0,11.148824714573538,146.5,13.544660846205508,-6.8,42.7,1012.3345869711216,,,,,,,,,Sikkim
Ganjam,16.0,16.0,16.0,5.0910185649774204,168.9,26.96697521648253,11.6,39.6,1008.1111484217596,17.46172971322325,3.782362954,1.187000815,2.595362139,391.0,2.0,3912072.0,23.0,Odisha
Garhwa,,,,,,,,,,11.04842383413576,0.838209479,0.290692695,0.547516784,10.0,0.0,1689634.0,2.0,Jharkhand
Garhwal,,,,,,,,,,14.763560782047266,1.014386007,0.69594354,0.318442467,171.0,7.0,727119.0,7.0,Uttarakhand
Gariaband,,,,,,,,,,7.285327069503,0.872452961,0.366717302,0.505735659,0.0,0.0,777859.0,7.0,Chhattisgarh
Gaurela-Pendra-Marwahi,624.0,624.0,624.0,5.547423620611035,182.9,24.36732592793281,2.5,44.6,1009.1388179986568,,,,,,,,,Madhya Pradesh
Gautam Buddha Nagar,,,,,,,,,,15.137927295438988,4.671283575,0.002840861,4.668442714,59.0,4.0,2613780.0,25.0,Uttar Pradesh
Gaya,110.0,110.0,110.0,3.176481257557436,132.1,25.41035704551649,2.4,47.2,1008.3122977346278,16.047065958457697,3.47076538,0.000225598,3.470539782,122.0,0.0,5429170.0,23.0,Bihar
Ghaziabad,,,,,,,,,,14.894861635598293,2.474121961,0.0,2.474121961,70.0,2.0,4601786.0,24.0,Uttar Pradesh
Ghazipur,0.0,0.0,0.0,3.23489263803681,158.5,25.182975460122698,2.0,45.9,1008.0417944785277,16.433974169994748,9.244698358,0.864783267,8.379915091,97.0,3.0,4171506.0,20.0,Uttar Pradesh
Gir Somnath,15.76639864578925,6.0,50.0,3.9978556841388704,182.9,27.120418958950488,9.3,44.1,1009.0828211189914,14.319257269450071,0.779801587,0.532788711,0.247012876,62.0,5.0,1353212.0,20.0,Gujarat
Giridih,,,,,,,,,,11.462058703328612,0.488850861,0.045970652,0.442880209,12.0,0.0,3023152.0,4.0,Jharkhand
Goalpara,36.0,36.0,36.0,10.090261920752182,347.3,24.05352585627938,9.1,38.5,1008.5572867696441,16.805708109763213,15.877175,3.270135105,12.6070399,158.0,5.0,1063871.0,10.0,Assam
Godda,,,,,,,,,,11.1329118351489,0.351053647,0.042063828,0.308989819,16.0,0.0,1541633.0,5.0,Jharkhand
Golaghat,0.0,0.0,0.0,7.44010736196319,152.5,23.509279141104294,8.4,37.7,1009.0949386503067,16.50027274094674,13.18454925,1.593594635,11.59095462,83.0,5.0,1310870.0,9.0,Assam
Gomati,,,,,,,,,,11.77133230588312,2.520489489,0.002801781,2.517687708,10.0,1.0,559331.0,4.0,Tripura
Gonda,,,,,,,,,,16.927312735081465,2.9367264,0.067902889,2.868823511,196.0,4.0,4066976.0,15.0,Uttar Pradesh
Gondia,311.0,311.0,311.0,5.927369956246962,285.0,28.11222791293214,5.2,46.4,1008.6580926796507,,,,,,,,,Maharashtra
Gondiya,,,,,,,,,,13.257668751528763,1.020830235,0.911616345,0.10921389,35.0,10.0,1579976.0,5.0,Maharashtra
Gopalganj,,,,,,,,,,16.76771702942539,5.900053501,0.432458286,5.467595215,129.0,10.0,2913408.0,24.0,Bihar
Gorakhpur,76.0,76.0,76.0,6.066148615832929,180.1,24.984571428571428,2.4,44.0,1007.8375081116159,18.30257560143651,10.44474452,0.35299449,10.09175003,312.0,11.0,5059142.0,18.0,Uttar Pradesh
Gumla,,,,,,,,,,11.057680028059243,0.738034735,0.061045269,0.676989466,8.0,0.0,1266667.0,4.0,Jharkhand
Guna,477.0,477.0,477.0,5.630609212481427,164.1,25.364795226471387,2.0,46.2,1008.7298858294157,13.740949040317725,0.595168951,0.137757934,0.457411017,63.0,2.0,1461635.0,6.0,Madhya Pradesh
Guntur,104.0,104.0,104.0,2.7319006044325054,65.5,28.472666218938887,13.2,45.7,1008.4098723975823,18.83206907033492,10.2423074,0.999528068,9.242779332,188.0,108.0,5374652.0,8.0,Andhra Pradesh
Gurdaspur,,,,,,,,,,15.565982611007676,8.104089132,0.113656362,7.99043277,92.0,3.0,1740157.0,6.0,Punjab
Gurugram,,,,,,,,,,11.613218485059855,1.190106782,0.025213178,1.164893604,9.0,0.0,2517256.0,7.0,Haryana
Gwalior,205.0,205.0,205.0,3.9415736040609137,198.1,25.34778472410981,1.9,48.0,1008.2754669987546,13.086771542139497,0.637436542,0.480315571,0.157120971,46.0,2.0,2515503.0,5.0,Madhya Pradesh
Hailakandi,,,,,,,,,,15.767161467507034,17.39218508,0.052376525,17.33980856,73.0,6.0,765445.0,9.0,Assam
Hamirpur,109.0,109.0,109.0,2.842377434519812,75.5,25.180725319006044,4.2,47.8,1008.2044325050368,17.536827590186714,0.722347337,0.097059815,0.625287522,219.0,20.0,502514.0,10.0,Uttar Pradesh
Hamirpur,109.0,109.0,109.0,2.842377434519812,75.5,25.180725319006044,4.2,47.8,1008.2044325050368,17.140789966571763,0.722347337,0.097059815,0.625287522,219.0,20.0,502514.0,10.0,Uttar Pradesh
Hamirpur,109.0,109.0,109.0,2.842377434519812,75.5,25.180725319006044,4.2,47.8,1008.2044325050368,16.006186764037174,0.722347337,0.097059815,0.625287522,219.0,20.0,502514.0,10.0,Uttar Pradesh
Hamirpur,109.0,109.0,109.0,2.842377434519812,75.5,25.180725319006044,4.2,47.8,1008.2044325050368,15.610149140422228,0.722347337,0.097059815,0.625287522,219.0,20.0,502514.0,10.0,Uttar Pradesh
Hamirpur,109.0,109.0,109.0,2.842377434519812,75.5,25.180725319006044,4.2,47.8,1008.2044325050368,17.536827590186714,6.709509044,0.665130154,6.04437889,219.0,20.0,502514.0,10.0,Uttar Pradesh
Hamirpur,109.0,109.0,109.0,2.842377434519812,75.5,25.180725319006044,4.2,47.8,1008.2044325050368,17.140789966571763,6.709509044,0.665130154,6.04437889,219.0,20.0,502514.0,10.0,Uttar Pradesh
Hamirpur,109.0,109.0,109.0,2.842377434519812,75.5,25.180725319006044,4.2,47.8,1008.2044325050368,16.006186764037174,6.709509044,0.665130154,6.04437889,219.0,20.0,502514.0,10.0,Uttar Pradesh
Hamirpur,109.0,109.0,109.0,2.842377434519812,75.5,25.180725319006044,4.2,47.8,1008.2044325050368,15.610149140422228,6.709509044,0.665130154,6.04437889,219.0,20.0,502514.0,10.0,Uttar Pradesh
Hamirpur,109.0,109.0,109.0,2.842377434519812,75.5,25.180725319006044,4.2,47.8,1008.2044325050368,17.536827590186714,0.722347337,0.097059815,0.625287522,219.0,20.0,1250794.0,10.0,Uttar Pradesh
Hamirpur,109.0,109.0,109.0,2.842377434519812,75.5,25.180725319006044,4.2,47.8,1008.2044325050368,17.140789966571763,0.722347337,0.097059815,0.625287522,219.0,20.0,1250794.0,10.0,Uttar Pradesh
Hamirpur,109.0,109.0,109.0,2.842377434519812,75.5,25.180725319006044,4.2,47.8,1008.2044325050368,16.006186764037174,0.722347337,0.097059815,0.625287522,219.0,20.0,1250794.0,10.0,Uttar Pradesh
Hamirpur,109.0,109.0,109.0,2.842377434519812,75.5,25.180725319006044,4.2,47.8,1008.2044325050368,15.610149140422228,0.722347337,0.097059815,0.625287522,219.0,20.0,1250794.0,10.0,Uttar Pradesh
Hamirpur,109.0,109.0,109.0,2.842377434519812,75.5,25.180725319006044,4.2,47.8,1008.2044325050368,17.536827590186714,6.709509044,0.665130154,6.04437889,219.0,20.0,1250794.0,10.0,Uttar Pradesh
Hamirpur,109.0,109.0,109.0,2.842377434519812,75.5,25.180725319006044,4.2,47.8,1008.2044325050368,17.140789966571763,6.709509044,0.665130154,6.04437889,219.0,20.0,1250794.0,10.0,Uttar Pradesh
Hamirpur,109.0,109.0,109.0,2.842377434519812,75.5,25.180725319006044,4.2,47.8,1008.2044325050368,16.006186764037174,6.709509044,0.665130154,6.04437889,219.0,20.0,1250794.0,10.0,Uttar Pradesh
Hamirpur,109.0,109.0,109.0,2.842377434519812,75.5,25.180725319006044,4.2,47.8,1008.2044325050368,15.610149140422228,6.709509044,0.665130154,6.04437889,219.0,20.0,1250794.0,10.0,Uttar Pradesh
Hanumakonda,266.0,266.0,266.0,3.0871054398925453,92.0,26.82726662189389,11.0,42.7,1008.8410342511753,,,,,,,,,Andhra Pradesh
Hanumangarh,,,,,,,,,,12.891351268862383,3.719727987,0.012851681,3.706876306,12.0,0.0,2002775.0,7.0,Rajasthan
Hapur,,,,,,,,,,13.946634127067115,1.533241589,0.006144137,1.527097452,58.0,1.0,1831968.0,28.0,Uttar Pradesh
Harda,,,,,,,,,,11.890187891324528,1.414901297,0.286810929,1.128090368,9.0,3.0,669689.0,6.0,Madhya Pradesh
Hardoi,141.0,141.0,141.0,3.0030221625251845,177.7,24.188985896574884,4.0,45.6,1008.2038952316992,16.246358522053228,4.375049349,0.028511914,4.346537435,77.0,3.0,4789431.0,16.0,Uttar Pradesh
Hardwar,,,,,,,,,,12.275895813177405,2.049997612,0.174571933,1.875425679,15.0,0.0,2449262.0,6.0,Uttarakhand
Hassan,955.0,955.0,955.0,3.160551075268817,68.6,22.460887096774197,11.1,38.8,1011.8780241935484,14.452359136779716,0.65942209,0.611212696,0.048209394,61.0,28.0,1843387.0,9.0,Karnataka
Hathras,,,,,,,,,,13.565689697624794,1.329597887,0.0,1.329597887,46.0,0.0,1789810.0,27.0,Uttar Pradesh
Haveri,573.0,573.0,573.0,2.8346541302887847,107.5,25.033915379449294,12.3,40.6,1010.5364002686366,14.846701945959106,1.243636673,0.202049296,1.041587377,67.0,4.0,1601523.0,13.0,Karnataka
Hazaribagh,,,,,,,,,,8.551359145646899,0.550169328,0.473117617,0.077051711,1.0,1.0,2130620.0,1.0,Jharkhand
Hingoli,,,,,,,,,,11.971959816564476,1.332394248,1.334570744,0.002176496,82.0,5.0,1419813.0,4.0,Maharashtra
Hisar,216.0,216.0,216.0,2.447591006423983,296.2,24.42641304347826,-1.2,48.2,1008.6650772330423,14.841568140078657,4.240875674,0.000529024,4.24034665,54.0,3.0,1943429.0,8.0,Haryana
Hojai,147.0,147.0,147.0,4.661517797179315,143.8,23.672867696440566,8.1,39.4,1008.9558764271324,14.688703399179165,5.264427439,0.109771283,5.154656156,57.0,1.0,1112181.0,10.0,Assam
Hooghly,0.0,0.0,0.0,4.704064417177914,91.2,25.670782208588953,8.8,43.2,1008.1976993865031,17.48618759234521,9.728119034,0.332437756,9.395681278,175.0,18.0,5689338.0,10.0,West Bengal
Hoshangabad,,,,,,,,,,13.706241370677152,2.346467017,0.970690301,1.375776716,53.0,0.0,1371450.0,5.0,Madhya Pradesh
Hoshiarpur,,,,,,,,,,14.345076149771591,1.124097105,0.108432652,1.015664453,77.0,1.0,1743086.0,7.0,Punjab
Howrah,0.0,0.0,0.0,4.700153374233129,97.9,25.833972392638035,9.0,50.0,1008.1414110429447,16.963762846672328,22.79593904,3.23081923,19.56511981,170.0,8.0,4370011.0,9.0,West Bengal
Hyderabad,573.5,530.0,617.0,3.8757769652650826,192.0,26.804331348132106,8.8,44.3,1011.1934629803187,10.461370494449875,0.522269753,0.52199262,0.000277133,101.0,4.0,3345250.0,7.0,Andhra Pradesh
Idukki,,,,,,,,,,14.830320339480933,0.789197649,0.784504282,0.004693367,275.0,71.0,1048101.0,4.0,Kerala
Imphal East,,,,,,,,,,10.245482380946884,11.82536756,0.032628883,11.79273868,2.0,0.0,434974.0,5.0,Manipur
Imphal West,780.0,780.0,780.0,4.858749040675365,199.9,22.221819166215482,0.2,38.0,1011.2299529885829,9.824765631403093,3.366895401,0.042914083,3.323981318,2.0,0.0,589610.0,5.0,Manipur
Indore,561.0,561.0,561.0,5.09025974025974,262.9,25.29110146500271,5.0,43.6,1010.5033289817233,14.276474793430763,0.351694942,0.088367293,0.263327649,57.0,6.0,4193901.0,5.0,Madhya Pradesh
Jabalpur,391.0,391.0,391.0,4.023713235294117,190.0,25.8937033968517,3.6,46.2,1009.5612080536912,14.46779199915463,1.701345896,1.091398785,0.609947111,54.0,6.0,2843254.0,5.0,Madhya Pradesh
Jagatsinghapur,,,,,,,,,,12.26514761315928,3.152171799,3.230232986,0.078061187,44.0,0.0,1268480.0,31.0,Odisha
Jagatsinghpur,4.0,4.0,4.0,4.253995970449966,128.1,26.643049026192074,11.4,40.7,1008.2366017461384,,,,,,,,,Odisha
Jagitial,,,,,,,,,,9.679544393631508,1.696878929,0.394204469,1.30267446,1.0,0.0,1063443.0,14.0,Telangana
Jaipur,385.0,385.0,385.0,3.7562457337883957,156.0,26.16861630111021,1.0,87.0,1009.5431321732692,16.921200252666964,0.300794996,0.001876113,0.298918883,190.0,14.0,8193632.0,12.0,Rajasthan
Jaisalmer,231.0,231.0,231.0,1.7967779056386652,95.0,27.15367123287671,1.0,49.0,1007.5268636668906,15.080382269472423,0.490864938,0.007376732,0.483488206,64.0,14.0,848518.0,7.0,Rajasthan
Jajapur,,,,,,,,,,14.634660263004424,12.17977255,0.632633041,11.54713951,33.0,0.0,2048302.0,30.0,Odisha
Jalandhar,,,,,,,,,,16.12634939775498,5.423173348,0.0,5.423173348,56.0,39.0,2446748.0,6.0,Punjab
Jalaun,140.0,140.0,140.0,2.863532572196105,239.2,25.285224983210206,3.9,48.1,1008.2491605104096,16.4785904772343,5.196857221,0.392709551,4.80414767,145.0,6.0,1897451.0,22.0,Uttar Pradesh
Jalgaon,200.0,200.0,200.0,2.943049026192075,160.2,27.18280725319006,7.4,45.7,1008.7112827400941,16.203766218047182,1.523114248,0.504330321,1.018783927,75.0,26.0,4760079.0,3.0,Maharashtra
Jalna,534.0,534.0,534.0,2.8794492948287442,110.4,25.753995970449964,10.1,43.2,1009.6711215580928,14.992897194017871,0.710994286,0.649960977,0.061033309,157.0,13.0,2330103.0,5.0,Maharashtra
Jalor,,,,,,,,,,15.941008821581091,1.350286581,0.005874951,1.34441163,113.0,4.0,2252706.0,25.0,Rajasthan
Jalpaiguri,83.05670367207514,0.0,126.0,10.06279114533205,244.1,24.80461144321093,5.5,40.0,1008.6052005597014,18.00303602720487,4.914165317,0.3463879,4.567777417,366.0,20.0,2766173.0,17.0,West Bengal
Jammu,341.2750533049041,314.0,366.0,4.514162497843712,226.2,22.50265813788202,0.5,45.4,1009.6434638354347,17.046325534618752,2.064462057,0.475037449,1.589424608,274.0,80.0,1766664.0,5.0,Jammu and Kashmir
Jamnagar,14.0,14.0,14.0,2.1559931506849312,247.4,26.348287671232875,9.2,40.6,1009.3371575342467,13.855960916031115,0.665233515,0.663125755,0.00210776,236.0,8.0,1509267.0,20.0,Gujarat
Jamtara,,,,,,,,,,9.108846380469975,1.614168247,0.953600878,0.660567369,1.0,0.0,923311.0,6.0,Jharkhand
Jamui,,,,,,,,,,14.080780697205766,0.5711396,0.157890825,0.413248775,80.0,0.0,2203798.0,29.0,Bihar
Jangoan,,,,,,,,,,8.296947751656099,0.433243486,0.315476097,0.117767389,1.0,0.0,609289.0,14.0,Telangana
Janjgir - Champa,,,,,,,,,,10.791229865876428,2.305607554,0.376710728,1.928896826,2.0,2.0,2018726.0,2.0,Chhattisgarh
Jashpur,,,,,,,,,,9.061379751377704,0.612002702,0.04317362,0.568829082,2.0,0.0,942821.0,1.0,Chhattisgarh
Jaunpur,,,,,,,,,,16.67693934713436,4.255610411,0.012266083,4.243344328,200.0,1.0,4985265.0,19.0,Uttar Pradesh
Jayashankar,,,,,,,,,,11.63604258574657,5.683848444,0.464301349,5.219547095,4.0,1.0,423171.0,18.0,Telangana
Jehanabad,,,,,,,,,,14.842210309592142,10.28041514,0.001189369,10.27922577,87.0,0.0,1409612.0,27.0,Bihar
Jhabua,,,,,,,,,,10.24113162541924,0.409073564,0.130395664,0.2786779,3.0,0.0,1290473.0,7.0,Madhya Pradesh
Jhajjar,,,,,,,,,,10.71628017524838,1.433630243,0.004170675,1.429459568,4.0,0.0,999200.0,7.0,Haryana
Jhalawar,,,,,,,,,,14.608564014472394,1.321031828,0.380898218,0.94013361,35.0,6.0,1669164.0,17.0,Rajasthan
Jhansi,250.0,250.0,250.0,4.228745556119858,168.9,26.429704855601397,1.8,48.4,1009.1010745466756,15.684866276313064,2.23315222,0.409255286,1.823896934,127.0,3.0,2198410.0,27.0,Uttar Pradesh
Jhargram,,,,,,,,,,7.851960065827975,1.847517048,0.072751655,1.774765393,0.0,0.0,1247343.0,7.0,West Bengal
Jharsuguda,228.0,228.0,228.0,5.909855453350854,192.0,27.02103825136612,5.6,46.4,1008.6091761553919,12.322353113292673,2.936283719,3.100195768,0.163912049,44.0,0.0,621362.0,31.0,Odisha
Jhunjhunu,300.0,300.0,300.0,1.4277367360644728,147.4,24.601611820013435,1.4,46.6,1008.828475486904,,,,,,,,,Rajasthan
Jhunjhunun,,,,,,,,,,12.688618436513297,0.337331328,0.000184082,0.337147246,22.0,2.0,2449782.0,6.0,Rajasthan
Jind,,,,,,,,,,13.731396627652702,1.133905451,0.0,1.133905451,31.0,6.0,1489426.0,6.0,Haryana
Jiribam,152.0,152.0,152.0,4.388575268817204,151.3,23.924663978494625,7.4,40.0,1009.2726478494624,7.702555124846091,5.343630309,0.111022838,5.232607471,0.0,0.0,56027.0,7.0,Nagaland
Jodhpur,221.6268425135764,217.0,233.0,1.575068161163284,172.0,26.68733514352211,1.1,48.8,1008.5377770315648,16.68515856127328,0.356570143,0.004713804,0.351856339,154.0,9.0,4624883.0,13.0,Rajasthan
Jogulamba Gadwal,,,,,,,,,,10.137668799539624,2.863639705,1.45893785,1.404701855,1.0,0.0,677578.0,34.0,Telangana
Jorhat,880.0,880.0,880.0,7.164482900700453,135.9,24.034267100977196,4.0,38.0,1008.6619879113499,16.78312101435033,7.736947443,1.082349707,6.654597736,205.0,4.0,1037431.0,13.0,Assam
Junagadh,,,,,,,,,,16.930629004549242,1.288798667,0.096341257,1.19245741,272.0,12.0,1644700.0,16.0,Gujarat
Kabeerdham,,,,,,,,,,8.3867421635168,0.818669924,0.253989706,0.564680218,0.0,0.0,1131600.0,2.0,Chhattisgarh
Kachchh,41.22917914919113,10.0,78.0,2.3921355397951145,301.0,26.80643099660475,1.4,46.1,1008.9190564137006,17.66899887709203,12.67467755,9.585998161,3.088679389,123.0,10.0,2654359.0,24.0,Gujarat
Kaimur (Bhabua),,,,,,,,,,14.971136972647972,2.869921368,0.262638721,2.607282647,88.0,0.0,1966164.0,27.0,Bihar
Kaithal,,,,,,,,,,13.45663716226992,3.116757085,0.00046637,3.116290715,30.0,3.0,1238219.0,6.0,Haryana
Kakching,,,,,,,,,,7.928141727053354,3.624802358,0.104413907,3.520388451,0.0,0.0,180789.0,7.0,Manipur
Kakinada,11.48407643312102,2.0,35.0,4.461179087875417,175.0,27.95985331017178,13.8,46.7,1008.5696440564137,,,,,,,,,Andhra Pradesh
Kalaburagi,457.0,457.0,457.0,2.7529107373868045,83.1,27.488042865200228,11.4,44.3,1009.3398253861652,16.27130403580589,1.1108725,0.548079914,0.562792586,112.0,16.0,2925453.0,8.0,Karnataka
Kalahandi,261.0,261.0,261.0,3.553055742108798,118.6,26.0556077904634,10.6,43.8,1008.7728676964406,14.95201812997386,0.969360733,0.57131064,0.398050093,149.0,0.0,1864838.0,22.0,Odisha
Kalimpong,0.0,0.0,0.0,7.896549079754601,233.1,23.316411042944782,5.4,37.3,1011.3507668711655,9.916650213959274,1.209230259,0.250831636,0.958398623,12.0,0.0,214033.0,6.0,West Bengal
Kallakurichi,,,,,,,,,,13.373623675453258,1.726935239,0.016931089,1.71000415,20.0,4.0,1575629.0,10.0,Tamil Nadu
Kamareddy,,,,,,,,,,11.365235920129477,1.880129371,0.928824065,0.951305306,6.0,1.0,1051890.0,20.0,Telangana
Kamjong,,,,,,,,,,7.479566995010197,0.610853038,0.129302233,0.481550805,0.0,0.0,61519.0,7.0,Manipur
Kamle,,,,,,,,,,9.357481439682791,2.140222737,0.304270955,1.835951782,3.0,1.0,25202.0,5.0,Arunachal Pradesh
Kamrup,57.0,57.0,57.0,9.219476158495635,246.5,23.840362659503025,7.7,38.5,1008.8095366017461,17.51092316732499,10.03897902,1.476174408,8.562804612,181.0,13.0,1546068.0,8.0,Assam
Kamrup Metropolitan,47.0,47.0,47.0,7.127941176470587,119.9,25.279994585814837,2.9,41.0,1009.090066539924,12.092662660538268,14.80454405,1.622970103,13.18157395,7.0,2.0,1437551.0,1.0,Assam
Kancheepuram,,,,,,,,,,13.470096546622718,2.694220448,0.935998334,1.758222114,28.0,6.0,1542112.0,6.0,Tamil Nadu
Kandhamal,,,,,,,,,,14.724730115877072,0.573783436,0.032063654,0.541719782,142.0,0.0,832740.0,26.0,Odisha
Kangpokpi,,,,,,,,,,8.00393638306531,0.701396511,0.166897675,0.534498836,0.0,0.0,268532.0,7.0,Manipur
Kangra,990.5,770.0,1211.0,4.942405913978495,176.2,18.853662634408604,-4.6,41.0,1014.4558803763441,15.827797199316024,1.044453548,0.966952237,0.077501311,173.0,58.0,1693351.0,4.0,Himachal Pradesh
Kannauj,,,,,,,,,,15.449324962770856,3.637205694,0.028212116,3.608993578,71.0,7.0,1938161.0,21.0,Uttar Pradesh
Kanniyakumari,,,,,,,,,,11.01336275465019,0.216023548,0.214453049,0.001570499,50.0,5.0,2092603.0,6.0,Tamil Nadu
Kannur,11.0,11.0,11.0,12.732949210413999,194.1,28.961126586196222,18.2,39.2,1009.6370967741935,17.10860522742122,3.447996641,1.090489394,2.357507247,153.0,53.0,2666656.0,5.0,Kerala
Kanpur Dehat,,,,,,,,,,16.056076897408293,3.309974643,0.222688571,3.087286072,131.0,4.0,2010692.0,16.0,Uttar Pradesh
Kanpur Nagar,124.0,123.0,125.0,2.939758226997985,95.3,24.935997313633308,3.9,47.1,1008.2419744795164,16.037032577580113,5.234616541,0.360877047,4.873739494,112.0,1.0,4932257.0,20.0,Uttar Pradesh
Kanyakumari,36.0,36.0,36.0,4.18143624816805,173.0,28.064520958083833,19.7,37.4,1009.4204438466711,,,,,,,,,Tamil Nadu
Kapurthala,,,,,,,,,,14.437077915657298,3.634049856,0.260845183,3.373204673,85.0,2.0,865875.0,6.0,Punjab
Karaikal,7.0,7.0,7.0,6.920566448801743,287.0,28.699566395663954,18.3,42.4,1008.8584677419354,7.016885974680272,1.148059852,1.327174677,0.179114825,2.0,0.0,220595.0,5.0,Puducherry
Karauli,,,,,,,,,,12.785134804609754,0.633480722,0.197979321,0.435501401,10.0,3.0,1777972.0,35.0,Rajasthan
Karbi Anglong,,,,,,,,,,15.362021962889797,1.843407844,0.000151248,1.843256596,66.0,5.0,693265.0,20.0,Assam
Kargil,,,,,,,,,,11.688354952761175,0.468179461,0.181839586,0.286339875,46.0,1.0,154801.0,1.0,Ladakh
Karimganj,,,,,,,,,,17.19490183397846,22.54591712,0.019195636,22.52672148,116.0,14.0,1393118.0,11.0,Assam
Karimnagar,,,,,,,,,,12.450590881962183,1.016544336,1.029366402,0.012822066,140.0,1.0,1113366.0,7.0,Telangana
Karnal,248.0,248.0,248.0,2.319946272666219,130.3,23.22283411685695,2.4,45.6,1008.8200134318334,14.130339778285856,3.351988487,0.003219511,3.348768976,27.0,7.0,1700198.0,6.0,Haryana
Karur,182.0,182.0,182.0,2.996034946236559,54.8,28.195030221625252,16.8,44.2,1009.2510752688173,13.300072728632385,1.785192578,0.062914047,1.722278531,23.0,4.0,1234912.0,7.0,Tamil Nadu
Kasaragod,,,,,,,,,,16.122794226826645,3.02140911,0.717632918,2.303776192,108.0,40.0,1320168.0,6.0,Kerala
Kasganj,,,,,,,,,,15.10167008257926,11.5492555,0.061598326,11.48765717,45.0,3.0,1633713.0,26.0,Uttar Pradesh
Kathua,,,,,,,,,,13.453405870231894,1.038752523,0.993134601,0.045617922,112.0,21.0,639161.0,4.0,Jammu & Kashmir
Katihar,,,,,,,,,,17.361725993584006,13.34677951,1.934686307,11.4120932,221.0,2.0,3735857.0,20.0,Bihar
Katni,,,,,,,,,,11.376302525668784,1.074565636,0.544194583,0.530371053,10.0,0.0,1481656.0,6.0,Madhya Pradesh
Kaushambi,,,,,,,,,,14.462724521248196,5.838259619,0.615851316,5.222408303,41.0,1.0,1981279.0,21.0,Uttar Pradesh
Kendrapara,,,,,,,,,,15.214873218557004,23.2512603,4.951021358,18.30023894,57.0,0.0,1692082.0,24.0,Odisha
Kendujhar,,,,,,,,,,15.190476797786722,1.491690841,0.370501647,1.121189194,54.0,3.0,2118363.0,20.0,Odisha
Keonjhar,461.0,461.0,461.0,3.6838817998656816,129.6,24.661047683008732,8.4,41.8,1009.5218267293485,,,,,,,,,Odisha
Khagaria,,,,,,,,,,17.067464382639127,12.48011269,0.872843213,11.60726948,166.0,10.0,2060105.0,23.0,Bihar
Khammam,110.0,110.0,110.0,3.2574210879785093,131.4,27.80033579583613,12.4,44.0,1008.6166554734721,13.876207135960096,0.560077929,0.458663756,0.101414173,177.0,0.0,1521069.0,7.0,Andhra Pradesh
Khandwa,317.0,317.0,317.0,3.251578240429819,125.3,26.268770987239755,7.0,44.8,1009.0759570181331,,,,,,,,,Madhya Pradesh
Khargone,250.0,250.0,250.0,2.7509738079247814,127.6,26.258428475486905,7.5,45.0,1008.9995970449966,,,,,,,,,Madhya Pradesh
Kheda,,,,,,,,,,15.780664183908018,2.857113599,0.01148306,2.845630539,102.0,6.0,2023119.0,15.0,Gujarat
Kheri,,,,,,,,,,17.48620569437293,7.086100462,0.145950617,6.940149845,146.0,6.0,4820329.0,16.0,Uttar Pradesh
Khordha,45.0,45.0,45.0,6.244279030199914,259.1,27.044477531131566,8.2,45.4,1008.1396144052381,13.849602114839051,3.367308168,1.214771584,2.152536584,28.0,0.0,2574912.0,29.0,Odisha
Khowai,,,,,,,,,,10.896522224413973,0.889218209,0.0,0.889218209,10.0,1.0,324410.0,4.0,Tripura
Khunti,,,,,,,,,,10.055094618285557,0.760830841,0.025055895,0.735774946,3.0,2.0,661665.0,2.0,Jharkhand
Kinnaur,,,,,,,,,,15.549731350637837,0.710681995,0.171089112,0.539592883,225.0,64.0,87703.0,5.0,Himachal Pradesh
Kiphire,,,,,,,,,,9.05089449050156,1.066560501,0.0,1.066560501,4.0,0.0,54731.0,19.0,Nagaland
Kishanganj,,,,,,,,,,15.818143694114555,9.339752372,0.190724422,9.14902795,143.0,0.0,2214692.0,22.0,Bihar
Kishtwar,,,,,,,,,,13.851620129028582,0.405119324,0.12316298,0.281956344,55.0,29.0,231938.0,5.0,Jammu & Kashmir
Kodagu,1150.0,1150.0,1150.0,6.769422043010753,129.5,20.22768817204301,10.7,35.5,1012.3278897849461,14.593232577967798,0.795547476,0.154509876,0.6410376,57.0,17.0,575814.0,6.0,Karnataka
Kodarma,,,,,,,,,,5.936974084070552,0.4952359,0.493650006,0.001585894,1.0,0.0,894355.0,2.0,Jharkhand
Kohima,1405.0,1405.0,1405.0,4.587038280725319,132.9,17.403223640026866,1.5,41.6,1012.5998656816655,9.5925154353088,0.321623488,0.0,0.321623488,5.0,0.0,311382.0,6.0,Nagaland
Kokrajhar,,,,,,,,,,15.045468181811822,2.564133007,0.046972576,2.517160431,71.0,1.0,1311786.0,13.0,Assam
Kolar,,,,,,,,,,14.532189534439569,0.261632224,0.109739276,0.151892948,78.0,21.0,1625062.0,8.0,Karnataka
Kolasib,,,,,,,,,,9.878909712173492,1.964392845,0.380323566,1.584069279,7.0,0.0,125377.0,4.0,Mizoram
Kolhapur,569.0,569.0,569.0,5.219824804057169,181.1,26.764003701418876,11.6,40.4,1010.7099395567495,17.133566360241808,1.531674907,0.739128811,0.792546096,258.0,32.0,3952672.0,4.0,Maharashtra
Kolkata,4.5,4.0,5.0,6.5531847133757966,163.1,26.783798050893342,9.0,44.0,1007.6724932654893,15.957336198809111,12.06523072,10.21461453,1.85061619,262.0,79.0,2896202.0,3.0,West Bengal
Kollam,33.0,33.0,33.0,7.8228648285137865,105.0,25.9724277067922,18.6,39.4,1010.0881640887694,14.687865175552338,2.689873614,2.697055096,0.007181482,177.0,60.0,2503307.0,5.0,Kerala
Kondagaon,,,,,,,,,,7.560307969081454,1.123981488,0.045498909,1.078482579,0.0,0.0,656011.0,7.0,Chhattisgarh
Koppal,532.0,532.0,532.0,2.34331766286098,42.8,25.941773002014777,13.6,41.8,1010.1500335795836,14.465288797483144,1.056602421,0.555929835,0.500672586,74.0,3.0,1551558.0,11.0,Karnataka
Koraput,0.0,0.0,0.0,3.6817484662576687,93.7,27.51556748466258,10.0,43.2,1010.581518404908,15.560269755580746,1.383903026,1.198572767,0.185330259,198.0,4.0,1573932.0,18.0,Odisha
Korba,,,,,,,,,,9.450878057206763,1.961395836,1.651028381,0.310367455,1.0,1.0,1414402.0,2.0,Chhattisgarh
Koriya,,,,,,,,,,8.59284199242208,0.581343442,0.102575658,0.478767784,1.0,0.0,763582.0,1.0,Chhattisgarh
Kota,273.0,273.0,273.0,3.1690184049079755,224.0,26.367997811816192,-0.6,48.3,1008.500873069174,18.28899123555501,2.883610805,0.503964127,2.379646678,206.0,266.0,2286428.0,12.0,Rajasthan
Kottayam,39.0,39.0,39.0,9.134431741761937,88.1,26.141627437794217,17.7,37.7,1009.9299260255549,17.17757331913893,3.699266664,2.178531176,1.520735488,200.0,90.0,2015065.0,5.0,Kerala
Kozhikode,54.0,4.0,104.0,11.629507874015749,215.9,27.82652950730915,16.5,39.2,1009.4546590909091,16.80782668073376,1.40055533,0.599372106,0.801183224,181.0,45.0,3349063.0,5.0,Kerala
Kra Daadi,,,,,,,,,,11.01656951844341,1.846265574,0.008415915,1.837849659,7.0,2.0,93220.0,5.0,Arunachal Pradesh
Krishna,11.981675037328628,3.0,21.0,5.258229338356487,242.1,28.69503189900909,13.6,47.3,1008.2183796451288,15.957324083169675,4.604283716,3.894573341,0.709710375,210.0,1.0,4751934.0,8.0,Andhra Pradesh
Krishnagiri,,,,,,,,,,13.915616759115895,1.019903242,0.155619892,0.86428335,35.0,4.0,2151735.0,6.0,Tamil Nadu
Kulgam,,,,,,,,,,11.544190820352002,0.367091191,0.344100009,0.022991182,49.0,7.0,578651.0,6.0,Jammu & Kashmir
Kullu,0.0,0.0,0.0,5.333026467203682,114.0,21.923820483314156,-5.4,41.5,1015.78139624089,16.874404330835112,0.26843604,0.052025107,0.216410933,371.0,205.0,460044.0,4.0,Himachal Pradesh
Kumuram Bheem Asifabad,,,,,,,,,,8.66093849709519,1.762360552,0.6274381,1.134922452,1.0,0.0,561927.0,1.0,Telangana
Kupwara,,,,,,,,,,12.911015617775956,0.534056594,0.014099434,0.51995716,37.0,2.0,1053524.0,5.0,Jammu & Kashmir
Kurnool,280.0,280.0,280.0,3.6230434782608696,143.0,28.782239696312363,13.5,45.4,1008.7257891202149,17.238126513748753,0.793739864,0.504632198,0.289107666,161.0,108.0,4618046.0,7.0,Andhra Pradesh
Kurukshetra,,,,,,,,,,12.69188176334306,5.505038063,0.003818992,5.501219071,17.0,0.0,1080970.0,7.0,Haryana
Kurung Kumey,,,,,,,,,,11.510044988050431,0.581168345,0.025194178,0.555974167,17.0,3.0,77223.0,4.0,Arunachal Pradesh
Kushinagar,,,,,,,,,,14.5257316692209,4.446808531,0.238357002,4.208451529,38.0,0.0,4300787.0,25.0,Uttar Pradesh
Lahul & Spiti,,,,,,,,,,10.96578019019641,0.310107104,0.321979852,0.011872748,58.0,1.0,31023.0,6.0,Himachal Pradesh
Lakhimpur,101.0,101.0,101.0,11.775787965616045,188.0,24.688949079089927,5.1,40.0,1009.3351242444594,18.33746571265321,15.4979388,1.049242136,14.44869666,214.0,39.0,1161342.0,9.0,Assam
Lakhisarai,,,,,,,,,,14.989151061334136,12.2823616,0.192831525,12.08953008,89.0,0.0,1174729.0,25.0,Bihar
Lakshadweep,2.5871589085072233,1.0,4.0,5.752091730368312,217.9,28.48343499197432,16.7,37.6,1009.8639126784215,4.858476899467763,17.42627711,13.42627711,4.0,0.0,0.0,60324.0,7.0,Lakshadweep
Lalitpur,,,,,,,,,,12.22704290043755,1.497263878,1.506086959,0.008823081,35.0,4.0,1495673.0,25.0,Uttar Pradesh
Latehar,,,,,,,,,,8.923637897176071,0.573164859,0.027933586,0.545231273,1.0,0.0,974550.0,2.0,Jharkhand
Latur,639.0,639.0,639.0,2.542377434519812,69.1,25.77535258562794,11.1,42.6,1009.4607790463399,14.271939876754926,0.559348532,0.350302784,0.209045748,54.0,6.0,2795413.0,4.0,Karnataka
Lawngtlai,,,,,,,,,,11.266585849948353,2.814060532,0.021722019,2.792338513,12.0,2.0,149520.0,3.0,Mizoram
Leh,,,,,,,,,,13.64846403214242,0.46868104,0.486956079,0.018275039,162.0,30.0,158993.0,1.0,Ladakh
Lepa Rada,,,,,,,,,,8.713845097816714,0.870628148,0.0,0.870628148,3.0,1.0,22468.0,5.0,Arunachal Pradesh
Lohardaga,,,,,,,,,,9.906912664619114,0.868753763,0.077224984,0.791528779,7.0,0.0,575951.0,2.0,Jharkhand
Lohit,,,,,,,,,,11.565889287647884,2.719050727,0.57149925,2.147551477,14.0,1.0,51927.0,6.0,Arunachal Pradesh
Longding,,,,,,,,,,9.380106398863669,0.638916752,0.0,0.638916752,4.0,1.0,60400.0,5.0,Arunachal Pradesh
Longleng,,,,,,,,,,6.923534921461172,2.847941427,0.010400483,2.837540944,0.0,0.0,30296.0,7.0,Nagaland
Lower Dibang Valley,,,,,,,,,,10.435148428163515,1.560368914,0.162468901,1.397900013,5.0,1.0,59491.0,4.0,Arunachal Pradesh
Lower Siang,,,,,,,,,,9.609839787960246,2.214148435,0.042159747,2.171988688,4.0,1.0,19141.0,5.0,Arunachal Pradesh
Lower Subansiri,,,,,,,,,,10.74706790781616,0.836132857,0.006756278,0.829376579,12.0,1.0,99671.0,5.0,Arunachal Pradesh
Lucknow,116.0,110.0,122.0,5.285856807511737,162.1,25.39349945828819,0.1,48.1,1008.2060329067642,16.858658560379418,1.996226278,0.00696436,1.989261918,175.0,10.0,5804005.0,17.0,Uttar Pradesh
Ludhiana,254.5,254.0,255.0,3.0397100625355318,148.1,24.086742587021917,0.3,45.8,1008.8381287726357,15.295306737527335,4.786805709,0.007473247,4.779332462,70.0,1.0,3965684.0,7.0,Punjab
Lunglei,,,,,,,,,,11.271881135911611,2.6734292,0.01244799,2.66098121,12.0,0.0,188482.0,4.0,Mizoram
Madhepura,,,,,,,,,,15.593342755837629,3.91579591,0.008027921,3.907767989,156.0,0.0,2498415.0,24.0,Bihar
Madhubani,,,,,,,,,,17.604319048943815,3.784620529,0.037751436,3.746869093,216.0,10.0,5126077.0,19.0,Bihar
Madurai,135.5,132.0,139.0,4.380894495412845,217.8,29.11744776119403,15.0,43.1,1009.361284544524,15.602727307977238,1.022103303,0.009182441,1.012920862,56.0,54.0,3384080.0,7.0,Tamil Nadu
Mahabubabad,,,,,,,,,,9.98365424991606,0.514342184,0.26668014,0.247662044,4.0,0.0,802801.0,8.0,Telangana
Mahabubnagar,504.0,504.0,504.0,2.5202149093351243,151.1,25.57313633310947,13.3,42.0,1009.9114842175957,12.413518304684972,0.520380467,0.103573838,0.416806629,40.0,0.0,1071711.0,6.0,Andhra Pradesh
Maharajganj,98.0,98.0,98.0,5.080265848670757,148.8,23.64718397997497,3.6,43.1,1009.1506883604507,,,,,,,,,Uttar Pradesh
Mahasamund,,,,,,,,,,12.26337002920788,0.960933082,0.333392516,0.627540566,5.0,56.0,1179980.0,4.0,Chhattisgarh
Mahe,,,,,,,,,,4.244484579746598,1.6545,1.410606801,0.243893199,0.0,0.0,50846.0,7.0,Puducherry
Mahendragarh,306.0,306.0,306.0,1.599194089993284,90.7,24.243519140362658,1.8,46.8,1008.8390866353257,9.834091081145813,0.562223928,0.000562973,0.561660955,2.0,0.0,970462.0,7.0,Haryana
Mahesana,,,,,,,,,,14.85260955635632,0.776246826,0.08453985,0.691706976,68.0,3.0,2169424.0,26.0,Gujarat
Mahisagar,,,,,,,,,,13.187004050682395,2.501932587,1.803625613,0.698306974,33.0,1.0,1041596.0,25.0,Gujarat
Mahoba,,,,,,,,,,12.917103678722318,0.539052412,0.300865401,0.238187011,35.0,1.0,1077440.0,26.0,Uttar Pradesh
Mahrajganj,,,,,,,,,,14.2467026717813,3.336576576,0.082956237,3.253620339,36.0,0.0,3375140.0,27.0,Uttar Pradesh
Mainpuri,,,,,,,,,,15.403048909170366,3.043030701,0.0,3.043030701,111.0,1.0,2193399.0,24.0,Uttar Pradesh
Majuli,,,,,,,,,,13.73119882779235,13.12975694,4.888294451,8.241462489,54.0,1.0,147155.0,11.0,Assam
Malappuram,52.028169014084504,0.0,100.0,10.430784508440913,197.1,27.411746478873237,18.2,38.6,1009.4806479113385,17.302052893954528,1.938819937,0.260316709,1.678503228,161.0,50.0,4458146.0,5.0,Kerala
Malda,26.0,26.0,26.0,5.1245766811804545,309.1,26.187051435406698,5.7,42.9,1008.3173270651444,,,,,,,,,West Bengal
Maldah,,,,,,,,,,18.258130027039368,11.77624381,2.419208171,9.357035639,221.0,53.0,4260890.0,11.0,West Bengal
Malkangiri,,,,,,,,,,12.198866393642604,1.711137196,1.784198785,0.073061589,30.0,0.0,757865.0,29.0,Odisha
Mamit,,,,,,,,,,10.112772397135728,1.381857077,0.0,1.381857077,7.0,0.0,138551.0,3.0,Mizoram
Mancherial,,,,,,,,,,9.717544076057568,2.37206874,1.035405769,1.336662971,1.0,0.0,750195.0,10.0,Telangana
Mandi,817.0,760.0,874.0,2.958226997985225,102.0,19.39355271994627,-2.4,41.4,1011.3301544660847,16.145166319236747,0.910437082,0.174020686,0.736416396,187.0,26.0,1131583.0,4.0,Himachal Pradesh
Mandla,441.0,441.0,441.0,3.990261920752183,134.0,24.47568838146407,5.4,43.7,1009.0488247145735,11.733446041493288,1.57739714,0.911846658,0.665550482,10.0,0.0,1110768.0,7.0,Madhya Pradesh
Mandsaur,,,,,,,,,,11.601043157916012,1.435703116,1.47147063,0.035767514,27.0,1.0,1424619.0,5.0,Madhya Pradesh
Mandya,695.0,695.0,695.0,3.3190860215053766,54.2,24.377904633982535,12.0,40.1,1011.0226326393553,14.626883248678867,2.146957544,0.730831983,1.416125561,43.0,4.0,1886354.0,10.0,Karnataka
Mansa,,,,,,,,,,13.005437411372714,2.763547618,0.004390434,2.759157184,37.0,0.0,742955.0,5.0,Punjab
Mathura,,,,,,,,,,16.360129491585603,4.807455013,0.0,4.807455013,115.0,5.0,3064227.0,23.0,Uttar Pradesh
Mau,,,,,,,,,,14.344909064687036,4.820667589,0.274573764,4.546093825,50.0,0.0,2493398.0,24.0,Uttar Pradesh
Mayurbhanj,53.0,53.0,53.0,4.068166554734721,91.0,26.24372061786434,9.0,45.3,1008.1972464741436,15.016612155483823,1.289395367,0.185356663,1.104038704,40.0,2.0,2891283.0,23.0,Odisha
Medak,472.0,472.0,472.0,2.9181329751511083,104.5,25.410812625923437,11.3,42.0,1009.3110812625923,13.270380934338942,1.038975884,0.130629891,0.908345993,38.0,1.0,858985.0,14.0,Andhra Pradesh
Medchal Malkajgiri,,,,,,,,,,10.786006196303363,0.338814937,0.108188415,0.230626522,6.0,1.0,3917267.0,15.0,Telangana
Medinipur West,,,,,,,,,,17.869045637008952,7.838525951,0.025978003,7.812547948,294.0,10.0,5510554.0,10.0,West Bengal
Meerut,221.0,221.0,221.0,2.490396239086635,177.9,23.592142377434516,1.3,46.3,1008.6461383478845,16.977844683490805,3.284379909,0.007909836,3.276470073,213.0,10.0,3877321.0,21.0,Uttar Pradesh
Mirpur,,,,,,,,,,9.948679414974752,2.033481738,1.696173528,0.33730821,29.0,0.0,7110.0,8.0,Jammu & Kashmir
Mirzapur,,,,,,,,,,16.08213687752855,4.158753681,1.473547713,2.685205968,206.0,0.0,3135271.0,21.0,Uttar Pradesh
Moga,,,,,,,,,,12.249494272419687,2.73145838,0.0,2.73145838,8.0,1.0,1027279.0,6.0,Punjab
Mokokchung,,,,,,,,,,7.757549146183988,1.200974196,0.0,1.200974196,0.0,0.0,168849.0,7.0,Nagaland
Mon,,,,,,,,,,8.374345913494796,2.746283665,0.00464644,2.741637225,0.0,0.0,228717.0,7.0,Nagaland
Moradabad,0.0,0.0,0.0,3.1254601226993866,135.6,24.466180981595095,4.4,46.1,1008.5509202453987,16.170468649462784,3.838687956,0.0,3.838687956,200.0,1.0,3696840.0,22.0,Uttar Pradesh
Morbi,,,,,,,,,,13.62129132955512,0.897578925,1.089593543,0.192014618,48.0,2.0,1099951.0,21.0,Gujarat
Morena,,,,,,,,,,13.939282508437586,3.024035354,0.36602215,2.658013204,57.0,0.0,2318601.0,5.0,Madhya Pradesh
Morigaon,,,,,,,,,,15.894310472731716,15.71118817,2.221938191,13.48924998,81.0,3.0,1127394.0,8.0,Assam
Mulugu,,,,,,,,,,11.639663312410365,2.920152054,0.667449464,2.25270259,17.0,0.0,308187.0,8.0,Telangana
Mumbai,,,,,,,,,,15.096322280834936,0.013175876,0.012175873,0.001000003,1016.0,437.0,2831580.0,3.0,Maharashtra
Mumbai City,10.0,10.0,10.0,12.461940966010735,374.9,27.95679480238224,11.4,41.0,1008.8757512019231,,,,,,,,,Maharashtra
Mumbai Suburban,7.1741579362397205,4.0,13.0,10.228082536487166,374.9,28.10782922158387,11.0,42.5,1008.8236464088397,12.892295185056971,0.915654785,0.914657543,0.000997242,145.0,77.0,10791581.0,3.0,Maharashtra
Mungeli,,,,,,,,,,10.213543018484753,2.354397777,0.519156343,1.835241434,2.0,4.0,784748.0,2.0,Chhattisgarh
Munger,,,,,,,,,,16.453027127776114,15.77841256,2.040092021,13.73832054,134.0,4.0,1690301.0,22.0,Bihar
Murshidabad,18.0,18.0,18.0,3.974748153122901,88.4,25.50624580255205,7.8,44.3,1008.1800537273339,18.910883771379428,11.63868869,1.234154397,10.40453429,435.0,9.0,8350690.0,23.0,West Bengal
Muzaffarabad,,,,,,,,,,10.252418880453558,0.705240174,0.275433011,0.429807163,29.0,0.0,9108.0,8.0,Jammu & Kashmir
Muzaffarnagar,,,,,,,,,,16.43435970342118,1.484914141,0.003804991,1.48110915,146.0,13.0,3353539.0,21.0,Uttar Pradesh
Muzaffarpur,52.0,52.0,52.0,3.5584956346541303,110.3,24.633915379449295,5.9,43.5,1008.0805238415043,18.28701590256185,11.95012947,0.19126057,11.7588689,201.0,18.0,6144680.0,19.0,Bihar
Mysuru,765.0,765.0,765.0,3.263709677419355,52.9,24.348220282068503,8.0,39.2,1012.3809267965077,15.49929207355667,1.66900183,1.291071277,0.377930553,75.0,14.0,3330925.0,8.0,Karnataka
Nabarangapur,,,,,,,,,,10.296490508721549,0.945022433,0.509433477,0.435588956,3.0,0.0,1425811.0,8.0,Odisha
Nadia,12.0,12.0,12.0,4.425923438549362,132.5,25.581732706514437,8.0,44.0,1008.0695097380792,17.534500094496988,10.67147424,0.744726558,9.926747682,230.0,3.0,5440236.0,24.0,West Bengal
Nagaon,64.0,64.0,64.0,6.198656816655473,102.2,24.009402283411685,8.2,39.3,1009.1307588985896,17.238952599430498,13.62634202,0.20685283,13.41948919,144.0,5.0,2348489.0,8.0,Assam
Nagapattinam,2.0,2.0,2.0,7.239259259259259,309.9,28.842710027100274,18.5,43.2,1008.8212365591398,15.510547035317163,12.49792911,4.028133598,8.469795512,81.0,5.0,1816255.0,6.0,Tamil Nadu
Nagarkurnool,,,,,,,,,,10.02790622304353,2.158570923,0.873611522,1.284959401,1.0,0.0,978724.0,10.0,Telangana
Nagaur,,,,,,,,,,13.9140218797126,0.318324761,0.004782392,0.313542369,30.0,0.0,3826407.0,24.0,Rajasthan
Nagpur,309.5,308.0,311.0,5.487763713080168,361.9,27.017154471544718,2.0,47.0,1009.5208880994671,18.687113593311008,1.535057736,1.136796464,0.398261272,689.0,78.0,5242373.0,3.0,Maharashtra
Nainital,2196.0752250321475,1953.0,2310.0,4.887939426717144,460.5,15.110094299185597,-5.2,41.0,1011.7844526527871,14.17404358957349,0.775389314,0.026065252,0.749324062,91.0,6.0,1104668.0,3.0,Uttar Pradesh
Nalanda,,,,,,,,,,16.16893638177635,17.26579914,0.017069197,17.24872994,108.0,0.0,3649192.0,23.0,Bihar
Nalbari,,,,,,,,,,15.551852487901126,8.823179287,2.234621552,6.588557735,130.0,1.0,978546.0,10.0,Assam
Nalgonda,0.0,0.0,0.0,3.0714723926380367,84.7,28.495015337423315,13.7,45.6,1008.6081288343559,12.523449573878914,1.110181564,1.121014225,0.010832661,67.0,2.0,1795837.0,8.0,Andhra Pradesh
Namakkal,,,,,,,,,,13.186444809565328,0.411626715,0.022086664,0.389540051,29.0,4.0,2030160.0,8.0,Tamil Nadu
Namsai,,,,,,,,,,10.56352688594745,4.082402322,0.299110207,3.783292115,4.0,1.0,120106.0,5.0,Arunachal Pradesh
Nanded,355.0,355.0,355.0,2.9623237071860307,79.2,26.769375419744794,10.9,43.3,1009.1529214237743,17.5598713904459,1.586913636,0.436541633,1.150372003,262.0,34.0,3861544.0,4.0,Maharashtra
Nandurbar,,,,,,,,,,14.135883571377343,1.936180535,1.1061674,0.830013135,43.0,6.0,2039682.0,4.0,Maharashtra
Nandyal,211.0,211.0,211.0,3.0511752854264604,83.7,28.12081934184016,13.7,46.5,1008.7842847548691,,,,,,,,,Andhra Pradesh
Narayanpet,,,,,,,,,,10.866879335501324,1.584991037,0.815999907,0.76899113,11.0,0.0,669576.0,5.0,Telangana
Narayanpur,,,,,,,,,,9.55376214188696,0.591873275,0.019401894,0.572471381,6.0,2.0,120311.0,2.0,Chhattisgarh
Narmada,,,,,,,,,,13.624414483992092,5.679248253,2.564251605,3.114996648,47.0,0.0,694589.0,11.0,Gujarat
Narmadapuram,543.945963401507,300.0,1061.0,5.57214899713467,248.9,25.690204520990314,-0.4,47.2,1009.512323707186,,,,,,,,,Madhya Pradesh
Narsimhapur,,,,,,,,,,12.272207128992587,2.214872889,0.238163477,1.976709412,14.0,0.0,1275736.0,7.0,Madhya Pradesh
Narsinghpur,354.0,354.0,354.0,3.547078576225655,181.9,25.247683008730693,5.6,45.9,1009.0099395567495,,,,,,,,,Madhya Pradesh
Nashik,551.8521303258145,436.0,599.0,2.5742108797850904,132.8,25.315866589550797,7.5,42.9,1009.9254085516006,15.8107558547062,0.73876734,0.729292944,0.009474396,158.0,70.0,7301954.0,3.0,Maharashtra
Navsari,,,,,,,,,,15.33375021700011,2.899986996,0.636447966,2.26353903,79.0,6.0,1457183.0,21.0,Gujarat
Nawada,,,,,,,,,,16.329761098405058,1.840779083,0.079535975,1.761243108,98.0,23.0,2765346.0,25.0,Bihar
Nayagarh,,,,,,,,,,14.147611779485713,4.840654376,0.392848482,4.447805894,36.0,0.0,1012257.0,29.0,Odisha
Neemuch,,,,,,,,,,10.664636960132986,1.80618778,1.853193024,0.047005244,14.0,1.0,905934.0,6.0,Madhya Pradesh
Nellore,18.425096525096524,17.0,19.0,4.533899264289756,217.9,29.050752895752893,15.9,45.2,1008.6674613834789,,,,,,,,,Andhra Pradesh
New Delhi,215.5,211.0,220.0,4.362213958810068,228.1,25.30018949648078,0.7,48.1,1008.8481576417815,10.399872325032984,0.014199219,0.0,0.014199219,21.0,20.0,1064852.0,3.0,Delhi
Nicobar,14.0,9.0,23.0,6.584263618022865,83.4,27.506747366061422,5.0,47.0,1009.760031383098,,,,,,,,,Andaman and Nicobar Islands
Nicobars,,,,,,,,,,4.664727108280096,0.090612489,0.0,0.090612489,0.0,0.0,27340.0,7.0,Andaman & Nicobar
Nilgiris,1990.5,1745.0,2236.0,5.232224462365592,97.2,15.96676747311828,5.0,32.0,1015.0706989247311,,,,,,,,,Tamil Nadu
Nirmal,,,,,,,,,,9.97777035268932,2.495939442,1.345821289,1.150118153,2.0,0.0,747102.0,10.0,Telangana
Niwari,,,,,,,,,,9.638222930912182,2.347448333,0.208926357,2.138521976,2.0,0.0,474884.0,8.0,Madhya Pradesh
Nizamabad,379.0,379.0,379.0,5.140410958904109,144.0,28.446517262265292,10.1,45.9,1008.7494963062458,13.178789742186606,1.414979667,1.37012829,0.044851377,95.0,1.0,1716963.0,8.0,Andhra Pradesh
Noney,,,,,,,,,,12.728499352537504,2.73207358,0.05487921,2.67719437,56.0,18.0,58122.0,6.0,Manipur
North,,,,,,,,,,12.505519713351603,1.725427554,0.0,1.725427554,19.0,9.0,2128488.0,3.0,Delhi
North  & Middle Andaman,,,,,,,,,,7.46257473986789,1.3148171,0.0,1.3148171,0.0,0.0,101677.0,1.0,Andaman & Nicobar
North  District,,,,,,,,,,12.129733510221849,0.608832673,0.545185157,0.063647516,88.0,16.0,44583.0,3.0,Sikkim
North & Middle Andaman,19.5,12.0,27.0,5.673857526881721,158.6,27.222950268817204,18.8,35.4,1009.6306115591399,,,,,,,,,Andaman and Nicobar Islands
North East,,,,,,,,,,9.525736278273992,1.464774777,0.0,1.464774777,2.0,7.0,1444919.0,3.0,Delhi
North Garo Hills,,,,,,,,,,10.473013602064915,1.505747627,0.0,1.505747627,13.0,0.0,191024.0,5.0,Meghalaya
North Goa,58.0,58.0,58.0,12.492817912970004,189.9,27.596858922285403,15.9,38.6,1009.3572286572287,11.69334031962348,4.159637042,2.577757251,1.581879791,7.0,4.0,718288.0,4.0,Goa
North Tripura,,,,,,,,,,13.425164734923865,1.542869002,0.0,1.542869002,96.0,1.0,417050.0,4.0,Tripura
North Twenty Four Pargan*,,,,,,,,,,18.77053767455695,18.6648469,7.43925593,11.22559097,294.0,16.0,10544399.0,19.0,West Bengal
North West,,,,,,,,,,8.981260027282882,0.1,0.0,0.1,2.0,4.0,2287355.0,3.0,Delhi
Ntr,0.0,0.0,0.0,3.496165644171779,106.4,28.23604294478528,11.9,45.6,1008.3740797546012,,,,,,,,,Andhra Pradesh
Nuapada,,,,,,,,,,13.038948634816052,1.647190051,0.35257892,1.294611131,25.0,0.0,702602.0,34.0,Odisha
Nuh,,,,,,,,,,9.922296092954678,0.669910248,0.0,0.669910248,2.0,0.0,1279625.0,7.0,Haryana
Osmanabad,,,,,,,,,,12.274168152976904,0.279521656,0.27922672,0.000294936,137.0,10.0,1913512.0,4.0,Maharashtra
Pakke Kessang,,,,,,,,,,9.274304467085791,1.745384121,0.023431627,1.721952494,3.0,1.0,18414.0,5.0,Arunachal Pradesh
Pakur,,,,,,,,,,9.940192955238464,3.841519374,0.015471341,3.826048033,1.0,0.0,1077497.0,6.0,Jharkhand
Palakkad,95.0,95.0,95.0,5.623252688172043,123.2,26.854166666666668,19.2,43.0,1009.9663978494624,16.724680975555888,2.435607291,0.550109826,1.885497465,104.0,38.0,3024581.0,6.0,Kerala
Palamu,0.0,0.0,0.0,5.575249003984064,294.9,25.91349726775956,0.7,47.7,1008.2781441717791,13.05444301227634,1.260455563,0.197368643,1.06308692,23.0,1.0,2294123.0,8.0,Bihar
Palghar,4.0,4.0,4.0,5.1642041638683684,198.8,26.866420416386834,13.8,41.6,1008.8702484889187,14.821020652118024,2.015211138,1.112239022,0.902972116,78.0,4.0,3787472.0,3.0,Maharashtra
Pali,294.0,294.0,294.0,1.7114170584284756,135.5,25.41846877098724,3.2,46.1,1008.9343854936199,15.976500768955797,0.420034216,0.028374093,0.391660123,136.0,8.0,2254626.0,18.0,Rajasthan
Palwal,,,,,,,,,,10.310952075785933,1.788990887,0.0,1.788990887,2.0,0.0,1312139.0,7.0,Haryana
Panch Mahals,,,,,,,,,,14.51254197973977,0.963141904,0.574815885,0.388326019,86.0,2.0,1953336.0,22.0,Gujarat
Panchkula,,,,,,,,,,11.642563713114605,0.322349702,0.040273471,0.282076231,18.0,6.0,597239.0,4.0,Haryana
Panipat,,,,,,,,,,12.229658578335464,1.825319296,0.0,1.825319296,19.0,0.0,1456085.0,6.0,Haryana
Panna,,,,,,,,,,11.464881114149012,0.90658603,0.165583402,0.741002628,8.0,0.0,1214594.0,7.0,Madhya Pradesh
Papum Pare,,,,,,,,,,13.819670181121646,0.846868747,0.021507801,0.825360946,73.0,9.0,245559.0,4.0,Arunachal Pradesh
Parbhani,422.0,422.0,422.0,2.8411133467471497,108.6,26.589290495314593,9.6,43.9,1009.1209536601747,16.906483978740717,3.612234955,0.631474073,2.980760882,230.0,15.0,2068053.0,4.0,Maharashtra
Paschim Bardhaman,79.9979872525998,74.0,86.0,3.9329084199932907,169.8,25.609627641730963,7.7,44.0,1008.4274069104328,14.167484802131147,2.156244683,0.422563785,1.733680898,117.0,0.0,3727296.0,13.0,West Bengal
Paschim Medinipur,0.0,0.0,0.0,4.392714723926381,139.3,25.817177914110427,8.5,44.6,1008.0721625766872,,,,,,,,,West Bengal
Pashchim Champaran,,,,,,,,,,17.92933849820152,6.581510908,0.22060865,6.360902258,194.0,11.0,4925046.0,20.0,Bihar
Pashchimi Singhbhum,,,,,,,,,,10.306841150931811,0.910148694,0.04196336,0.868185334,2.0,0.0,1744372.0,3.0,Jharkhand
Patan,,,,,,,,,,14.916492724107847,2.72529709,0.128901094,2.596395996,48.0,2.0,1464752.0,25.0,Gujarat
Pathanamthitta,,,,,,,,,,15.993823606127968,1.224907042,0.233181386,0.991725656,132.0,30.0,1320089.0,6.0,Kerala
Pathankot,310.0,310.0,310.0,2.9203941730934018,260.4,21.3528706083976,2.5,43.3,1009.5670094258783,10.849183480056968,2.474306677,1.207937139,1.266369538,6.0,0.0,713016.0,7.0,Punjab
Patiala,249.0,249.0,249.0,3.6285004516711834,183.9,23.67551518438178,1.6,46.6,1009.1128274009402,16.73168616422408,4.903037722,0.000974475,4.902063247,80.0,74.0,2269761.0,5.0,Punjab
Patna,51.0,51.0,51.0,4.257361660079051,151.9,25.726776994031468,3.4,45.4,1007.3097944377267,19.300564104042078,20.26981192,1.449192516,18.8206194,381.0,30.0,6868950.0,16.0,Bihar
Peddapalli,156.0,156.0,156.0,5.364761904761905,264.9,27.777025196423732,8.6,47.2,1008.2412357286769,9.845408482920163,3.699961317,1.102681823,2.597279494,1.0,0.0,919259.0,10.0,Andhra Pradesh
Perambalur,,,,,,,,,,12.76838110171406,0.714228873,0.002767237,0.711461636,32.0,4.0,600175.0,8.0,Tamil Nadu
Peren,,,,,,,,,,7.912089199797859,0.587829484,0.001342531,0.586486953,1.0,0.0,96231.0,4.0,Nagaland
Phek,,,,,,,,,,9.433797710693456,1.968885678,0.002356585,1.966529093,2.0,2.0,164195.0,4.0,Nagaland
Pherzawl,,,,,,,,,,8.073969241981777,2.387954764,0.021159458,2.366795306,0.0,0.0,54252.0,7.0,Manipur
Pilibhit,,,,,,,,,,15.377845702339462,3.104616978,0.672146699,2.432470279,98.0,1.0,2398821.0,23.0,Uttar Pradesh
Pithoragarh,,,,,,,,,,16.95882245057062,0.525534276,0.108953862,0.416580414,1636.0,21.0,510103.0,3.0,Uttarakhand
Porbandar,5.0,5.0,5.0,4.522808927599346,485.9,26.958427973699937,6.2,43.6,1009.4239758226998,14.31098938483066,5.378579118,0.51266173,4.865917388,49.0,2.0,660431.0,12.0,Gujarat
Prakasam,22.0,22.0,22.0,3.207588985896575,121.8,28.347615849563464,15.6,44.6,1008.6949630624581,15.737687231974204,1.152408401,0.273749091,0.87865931,177.0,0.0,3731704.0,8.0,Andhra Pradesh
Pratapgarh,,,,,,,,,,17.176322542772045,0.34101676,0.239472067,0.101544693,165.0,9.0,1070109.0,23.0,Uttar Pradesh
Pratapgarh,,,,,,,,,,16.61975366631914,0.34101676,0.239472067,0.101544693,165.0,9.0,1070109.0,23.0,Uttar Pradesh
Pratapgarh,,,,,,,,,,15.69178815766196,0.34101676,0.239472067,0.101544693,165.0,9.0,1070109.0,23.0,Rajasthan
Pratapgarh,,,,,,,,,,15.135219281209052,0.34101676,0.239472067,0.101544693,165.0,9.0,1070109.0,23.0,Rajasthan
Pratapgarh,,,,,,,,,,17.176322542772045,3.66688256,0.018238429,3.648644131,165.0,9.0,1070109.0,23.0,Uttar Pradesh
Pratapgarh,,,,,,,,,,16.61975366631914,3.66688256,0.018238429,3.648644131,165.0,9.0,1070109.0,23.0,Uttar Pradesh
Pratapgarh,,,,,,,,,,15.69178815766196,3.66688256,0.018238429,3.648644131,165.0,9.0,1070109.0,23.0,Rajasthan
Pratapgarh,,,,,,,,,,15.135219281209052,3.66688256,0.018238429,3.648644131,165.0,9.0,1070109.0,23.0,Rajasthan
Pratapgarh,,,,,,,,,,17.176322542772045,0.34101676,0.239472067,0.101544693,165.0,9.0,3854756.0,23.0,Uttar Pradesh
Pratapgarh,,,,,,,,,,16.61975366631914,0.34101676,0.239472067,0.101544693,165.0,9.0,3854756.0,23.0,Uttar Pradesh
Pratapgarh,,,,,,,,,,15.69178815766196,0.34101676,0.239472067,0.101544693,165.0,9.0,3854756.0,23.0,Rajasthan
Pratapgarh,,,,,,,,,,15.135219281209052,0.34101676,0.239472067,0.101544693,165.0,9.0,3854756.0,23.0,Rajasthan
Pratapgarh,,,,,,,,,,17.176322542772045,3.66688256,0.018238429,3.648644131,165.0,9.0,3854756.0,23.0,Uttar Pradesh
Pratapgarh,,,,,,,,,,16.61975366631914,3.66688256,0.018238429,3.648644131,165.0,9.0,3854756.0,23.0,Uttar Pradesh
Pratapgarh,,,,,,,,,,15.69178815766196,3.66688256,0.018238429,3.648644131,165.0,9.0,3854756.0,23.0,Rajasthan
Pratapgarh,,,,,,,,,,15.135219281209052,3.66688256,0.018238429,3.648644131,165.0,9.0,3854756.0,23.0,Rajasthan
Prayagraj,97.0,97.0,97.0,3.1844897959183673,81.2,25.77843137254902,5.0,46.0,1007.8611597830622,18.06694088316479,8.8123858,0.784955122,8.027430678,277.0,5.0,7094453.0,18.0,Uttar Pradesh
Puducherry,37.0,36.0,38.0,6.549068605179464,281.9,28.123448088912983,17.6,41.9,1009.0251677852349,9.745259263728006,1.760373358,0.820562264,0.939811094,6.0,0.0,1148821.0,4.0,Tamil Nadu
Pudukkottai,,,,,,,,,,13.88705312286014,0.699430563,0.085746267,0.613684296,46.0,4.0,1827769.0,6.0,Tamil Nadu
Pulwama,,,,,,,,,,14.653153505632142,3.270901569,0.279219117,2.991682452,76.0,17.0,1008086.0,4.0,Jammu & Kashmir
Punch,,,,,,,,,,15.139791863648927,0.738012141,0.059684491,0.67832765,155.0,13.0,697454.0,4.0,Jammu & Kashmir
Pune,568.3081257748225,550.0,589.0,3.397194524252155,472.2,24.978057026935645,4.9,42.6,1010.1832773673607,17.524811977180292,1.079353461,1.091416421,0.01206296,547.0,119.0,11979873.0,2.0,Maharashtra
Purba Bardhaman,0.0,0.0,0.0,4.229524539877301,111.8,25.5396472392638,7.9,43.8,1008.0268404907976,15.321666311237394,8.794297365,0.24975544,8.544541925,45.0,0.0,4891157.0,34.0,West Bengal
Purba Champaran,,,,,,,,,,18.29578760114369,9.508604013,0.12116348,9.387440533,184.0,20.0,6322257.0,19.0,Bihar
Purba Medinipur,5.0,0.0,10.0,4.650235057085292,110.1,26.261551376762927,9.6,40.7,1008.0061114842176,18.370425949562637,17.52355839,2.04670632,15.47685207,302.0,17.0,5760374.0,10.0,West Bengal
Purbi Singhbhum,,,,,,,,,,12.645560586066884,1.736697053,0.089703785,1.646993268,32.0,0.0,2787911.0,3.0,Jharkhand
Puri,5.0,5.0,5.0,6.911304757418748,394.0,27.644750224349384,9.7,40.4,1008.120752182673,15.10138817904642,18.91181616,18.5900097,0.32180646,267.0,0.0,1855870.0,22.0,Odisha
Purnia,0.0,0.0,0.0,6.829691327780499,213.1,25.4671968787515,1.2,42.8,1008.2910276073619,16.341519369758835,6.353941784,0.033127573,6.320814211,166.0,0.0,4127576.0,21.0,Bihar
Purulia,254.0,254.0,254.0,3.5739422431161856,104.5,24.941974479516453,7.3,43.0,1008.4364002686367,,,,,,,,,West Bengal
Puruliya,,,,,,,,,,13.90934183977769,0.817297747,0.509342358,0.307955389,54.0,0.0,3407465.0,32.0,West Bengal
Rae Bareli,107.0,107.0,107.0,2.9674278038952315,81.0,24.92357286769644,4.2,46.6,1008.3006044325051,14.578343910610434,5.209973941,0.023735469,5.186238472,45.0,0.0,2819588.0,30.0,Uttar Pradesh
Raichur,398.0,398.0,398.0,2.737273337810611,69.0,27.20349227669577,12.6,44.5,1009.4524513096037,16.75793281018545,1.42584206,0.565825072,0.860016988,141.0,34.0,2140588.0,8.0,Karnataka
Raigad,3.238313969197514,0.0,5.0,6.344933762978877,149.5,27.032450689002975,10.2,43.8,1009.089975682248,,,,,,,,,Maharashtra
Raigarh,,,,,,,,,,17.570758110656712,1.171171998,0.340147342,0.831024656,328.0,93.0,1654533.0,3.0,Chhattisgarh
Raigarh,,,,,,,,,,17.301913666593386,1.171171998,0.340147342,0.831024656,328.0,93.0,1654533.0,3.0,Chhattisgarh
Raigarh,,,,,,,,,,16.20634326085652,1.171171998,0.340147342,0.831024656,328.0,93.0,1654533.0,3.0,Maharashtra
Raigarh,,,,,,,,,,15.937498816793196,1.171171998,0.340147342,0.831024656,328.0,93.0,1654533.0,3.0,Maharashtra
Raigarh,,,,,,,,,,17.570758110656712,2.063545631,2.02693479,0.036610841,328.0,93.0,1654533.0,3.0,Chhattisgarh
Raigarh,,,,,,,,,,17.301913666593386,2.063545631,2.02693479,0.036610841,328.0,93.0,1654533.0,3.0,Chhattisgarh
Raigarh,,,,,,,,,,16.20634326085652,2.063545631,2.02693479,0.036610841,328.0,93.0,1654533.0,3.0,Maharashtra
Raigarh,,,,,,,,,,15.937498816793196,2.063545631,2.02693479,0.036610841,328.0,93.0,1654533.0,3.0,Maharashtra
Raigarh,,,,,,,,,,17.570758110656712,1.171171998,0.340147342,0.831024656,328.0,93.0,3072698.0,3.0,Chhattisgarh
Raigarh,,,,,,,,,,17.301913666593386,1.171171998,0.340147342,0.831024656,328.0,93.0,3072698.0,3.0,Chhattisgarh
Raigarh,,,,,,,,,,16.20634326085652,1.171171998,0.340147342,0.831024656,328.0,93.0,3072698.0,3.0,Maharashtra
Raigarh,,,,,,,,,,15.937498816793196,1.171171998,0.340147342,0.831024656,328.0,93.0,3072698.0,3.0,Maharashtra
Raigarh,,,,,,,,,,17.570758110656712,2.063545631,2.02693479,0.036610841,328.0,93.0,3072698.0,3.0,Chhattisgarh
Raigarh,,,,,,,,,,17.301913666593386,2.063545631,2.02693479,0.036610841,328.0,93.0,3072698.0,3.0,Chhattisgarh
Raigarh,,,,,,,,,,16.20634326085652,2.063545631,2.02693479,0.036610841,328.0,93.0,3072698.0,3.0,Maharashtra
Raigarh,,,,,,,,,,15.937498816793196,2.063545631,2.02693479,0.036610841,328.0,93.0,3072698.0,3.0,Maharashtra
Raipur,313.0,313.0,313.0,3.6920858484238765,165.7,26.783917851500792,7.5,45.3,1008.495836131632,14.7538608107357,1.037598285,0.445146211,0.592452074,39.0,66.0,2814996.0,3.0,Chhattisgarh
Raipur,294.0,294.0,294.0,3.6908115358819584,165.7,26.984202211690363,7.5,46.0,1008.4392881128275,14.7538608107357,1.037598285,0.445146211,0.592452074,39.0,66.0,2814996.0,3.0,Madhya Pradesh
Raisen,435.0,435.0,435.0,2.5330561330561334,53.3,23.52655601659751,6.4,44.9,1010.8484407484407,14.793973354915757,1.851820563,0.547154614,1.304665949,56.0,12.0,1582981.0,5.0,Madhya Pradesh
Rajanna Sircilla,,,,,,,,,,6.28564759560078,0.563623248,0.564767428,0.00114418,1.0,0.0,587140.0,9.0,Telangana
Rajgarh,380.0,380.0,380.0,3.3644056413700474,240.2,25.06366689053056,3.7,46.8,1009.1627938213566,12.960728774648368,0.937282124,0.464455125,0.472826999,21.0,3.0,1797738.0,5.0,Madhya Pradesh
Rajkot,134.0,134.0,134.0,5.315289488476672,348.0,27.51806346623271,7.4,44.4,1009.0736736064473,18.23927454775029,0.801285355,0.493588848,0.307696507,1726.0,8.0,3534875.0,18.0,Gujarat
Rajnandgaon,329.0,329.0,329.0,3.546944257891202,96.3,25.667293485560776,7.7,44.0,1008.7377434519811,13.118907039563627,0.602269912,0.353818517,0.248451395,23.0,14.0,1792617.0,2.0,Chhattisgarh
Rajouri,,,,,,,,,,14.26711792280496,0.301855404,0.017946919,0.283908485,109.0,18.0,659577.0,4.0,Jammu & Kashmir
Rajsamand,,,,,,,,,,12.045072167700985,0.253865414,0.088450607,0.165414807,17.0,0.0,1353032.0,32.0,Rajasthan
Ramanagara,,,,,,,,,,13.056740386416603,1.21544654,0.259579863,0.955866677,23.0,1.0,1168086.0,17.0,Karnataka
Ramanathapuram,7.140939597315437,4.0,10.0,5.322466515036644,182.9,29.116350135656145,17.4,40.4,1009.0791862811029,15.515402596471082,3.269130248,1.290662657,1.978467591,103.0,17.0,1550443.0,7.0,Tamil Nadu
Ramban,1624.0,1624.0,1624.0,3.0475806451612906,83.3,13.827620967741936,-7.2,35.0,1015.7010080645161,13.13604914030907,0.754358554,0.309949623,0.444408931,49.0,18.0,360350.0,5.0,Jammu and Kashmir
Ramgarh,,,,,,,,,,10.627312499651268,0.955188073,0.516207464,0.438980609,4.0,11.0,1068909.0,2.0,Jharkhand
Rampur,191.0,191.0,191.0,3.1254601226993866,135.6,23.366180981595093,3.3,45.0,1008.5509202453987,14.611820675964706,4.515924008,0.0,4.515924008,52.0,0.0,2830370.0,23.0,Uttar Pradesh
Ranchi,649.5,647.0,652.0,5.539964317573595,206.0,24.07281368821293,4.6,43.2,1010.2835672249886,14.197119998803474,0.833116849,0.368094084,0.465022765,45.0,6.0,3525357.0,5.0,Bihar
Ranga Reddy,,,,,,,,,,9.536145532868831,0.412349188,0.327322292,0.085026896,1.0,0.0,3667925.0,4.0,Telangana
Ranipet,,,,,,,,,,12.643814299855505,1.50587668,0.142824545,1.363052135,16.0,4.0,1198951.0,10.0,Tamil Nadu
Ratlam,484.0,484.0,484.0,3.1466084620550707,191.2,24.693552719946272,6.9,44.2,1009.5849563465413,12.364180423938164,0.690751655,0.102150461,0.588601194,24.0,0.0,1682145.0,6.0,Madhya Pradesh
Ratnagiri,49.05148929800928,17.0,75.0,15.402486637229838,373.9,27.652956144289774,11.7,39.9,1009.4747145735394,17.025442396530302,1.554240455,0.978975411,0.575265044,280.0,72.0,1532470.0,3.0,Maharashtra
Rayagada,,,,,,,,,,13.778353303027748,1.514776096,0.065376151,1.449399945,31.0,0.0,1127993.0,31.0,Odisha
Reasi,,,,,,,,,,14.047250900942071,1.749523708,0.510462262,1.239061446,63.0,18.0,394393.0,5.0,Jammu & Kashmir
Rewa,298.0,298.0,298.0,2.854197447951645,68.4,24.725721961047682,4.1,45.6,1008.7676292813969,14.768595828074591,0.994456438,0.175699644,0.818756794,38.0,25.0,2794552.0,5.0,Madhya Pradesh
Rewari,,,,,,,,,,10.597251089448347,0.830835644,0.002779906,0.828055738,5.0,0.0,1012074.0,6.0,Haryana
Ri-Bhoi,893.0,893.0,893.0,6.711215580926797,102.0,19.675016789791805,2.4,35.0,1010.8639355271994,,,,,,,,,Meghalaya
Ribhoi,,,,,,,,,,11.56983751271364,1.874505797,0.159366599,1.715139198,14.0,1.0,389832.0,3.0,Meghalaya
Rohtak,0.0,0.0,0.0,1.8013036809815952,71.3,25.10621165644172,2.8,47.4,1008.579064417178,13.710172868710089,1.003708527,0.003867208,0.999841319,52.0,5.0,1194736.0,7.0,Haryana
Rohtas,0.0,0.0,0.0,3.1340490797546012,114.8,25.84049079754601,6.2,46.9,1008.1036809815951,15.415270144390568,4.672962273,0.800130744,3.872831529,82.0,0.0,3605080.0,29.0,Bihar
Rudraprayag,,,,,,,,,,16.76850435872075,1.443384607,0.040330005,1.403054602,1324.0,79.0,248925.0,2.0,Uttarakhand
Rupnagar,,,,,,,,,,14.55015296383351,8.530840592,0.471251752,8.05958884,48.0,6.0,716979.0,6.0,Punjab
Sabar Kantha,,,,,,,,,,13.935683700651056,0.981927574,0.655214573,0.326713001,91.0,0.0,1581118.0,16.0,Gujarat
Sagar,550.0,550.0,550.0,5.061720904578047,174.0,25.252902328814738,2.9,47.0,1008.8803223640027,14.673597686558567,0.895085498,0.240442317,0.654643181,46.0,8.0,2792584.0,5.0,Madhya Pradesh
Saharanpur,,,,,,,,,,17.04140679871483,2.705190205,0.020060771,2.685129434,215.0,9.0,4096003.0,23.0,Uttar Pradesh
Saharsa,,,,,,,,,,17.01851798654835,8.841447371,0.644150281,8.19729709,167.0,9.0,2422652.0,23.0,Bihar
Sahibganj,,,,,,,,,,11.06901446570178,8.050315684,2.307096524,5.74321916,3.0,0.0,1863699.0,5.0,Jharkhand
Sahibzada Ajit Singh Nag*,,,,,,,,,,7.786181657360266,0.112972873,0.010724633,0.10224824,0.0,0.0,1662669.0,10.0,Punjab
Saiha,,,,,,,,,,9.83880428968046,2.96841934,0.016731928,2.951687412,7.0,0.0,65651.0,4.0,Mizoram
Salem,858.1558185404339,279.0,1463.0,3.768772863318923,98.0,23.732281393819857,8.6,47.6,1010.6180107526882,14.8645723747814,1.698807354,0.995995874,0.70281148,64.0,9.0,3947265.0,6.0,Tamil Nadu
Samastipur,,,,,,,,,,17.76199430185416,14.7707354,0.395790839,14.37494456,152.0,10.0,5463227.0,21.0,Bihar
Samba,,,,,,,,,,11.523626947400388,0.669356657,0.039351707,0.63000495,33.0,0.0,433040.0,6.0,Jammu & Kashmir
Sambalpur,0.0,0.0,0.0,5.984233365477338,166.1,28.608247099404203,7.3,46.0,1008.1684049079755,15.13820084693786,1.95082885,1.296871576,0.653957274,191.0,0.0,1271970.0,21.0,Odisha
Sambhal,,,,,,,,,,15.160659531247893,2.052578084,0.044450144,2.00812794,46.0,10.0,2818198.0,23.0,Uttar Pradesh
Sangareddy,,,,,,,,,,9.492916177630676,1.457531752,1.462695895,0.005164143,6.0,1.0,1729145.0,7.0,Telangana
Sangli,545.0,545.0,545.0,2.778576225654802,93.7,26.416241610738254,12.1,52.4,1010.0358629952988,15.438451271929043,0.816411266,0.371511861,0.444899405,107.0,13.0,3253446.0,4.0,Maharashtra
Sangrur,,,,,,,,,,14.183626924681889,2.448919322,0.0,2.448919322,44.0,1.0,1835441.0,7.0,Punjab
Sant Kabir Nagar,,,,,,,,,,14.638923672830568,6.190358252,0.19440129,5.995956962,48.0,1.0,1990205.0,23.0,Uttar Pradesh
Saraikela-Kharsawan,,,,,,,,,,8.535902648674234,1.982457722,1.685259625,0.297198097,1.0,0.0,1170854.0,2.0,Jharkhand
Saran,55.0,55.0,55.0,3.1523169912693083,73.5,24.858831430490262,5.9,43.1,1008.0653458697112,17.163889217193876,13.6847545,1.299936265,12.38481824,177.0,2.0,4674827.0,22.0,Bihar
Satara,1138.424461964628,610.0,1384.0,15.77787175989086,480.1,22.48022586831451,6.5,41.3,1011.1333781061115,14.196438317671806,0.886672906,0.88365251,0.003020396,108.0,67.0,3138971.0,3.0,Maharashtra
Satna,315.0,315.0,315.0,5.051602104256337,277.1,25.529956545355784,3.3,47.0,1008.4535258562794,10.888948730776102,0.676054775,0.682682458,0.006627683,28.0,0.0,2619145.0,6.0,Madhya Pradesh
Sawai Madhopur,0.0,0.0,0.0,3.1361019736842106,180.0,27.03955592105263,6.2,48.6,1008.5203124999999,17.29473115217755,1.752297609,0.2640657,1.488231909,121.0,254.0,1511281.0,22.0,Rajasthan
Sehore,,,,,,,,,,13.624297549713402,1.308962201,0.443833329,0.865128872,36.0,2.0,1581777.0,5.0,Madhya Pradesh
Senapati,,,,,,,,,,8.399273632440867,0.710207411,0.0,0.710207411,0.0,0.0,459428.0,7.0,Manipur
Seoni,617.0,617.0,617.0,3.532437877770316,126.3,24.454063129617193,6.8,43.1,1009.3779717931498,12.338171071605162,1.235483561,0.815741223,0.419742338,18.0,0.0,1600897.0,5.0,Madhya Pradesh
Serchhip,,,,,,,,,,9.723515036831328,1.328475491,0.0,1.328475491,8.0,1.0,61426.0,3.0,Mizoram
Shahdara,,,,,,,,,,8.206277741519726,0.1,0.0,0.1,2.0,4.0,1645700.0,3.0,Delhi
Shahdol,,,,,,,,,,8.606111330127606,0.76725114,0.771098824,0.003847684,2.0,2.0,1075359.0,6.0,Madhya Pradesh
Shahid Bhagat Singh Nagar,,,,,,,,,,11.623164130923987,10.97305613,0.067246598,10.90580953,5.0,0.0,636289.0,6.0,Punjab
Shahjahanpur,155.0,155.0,155.0,3.1513767629281393,143.4,23.818200134318335,1.0,45.6,1008.277165883143,15.810738427976837,4.764711247,0.007833177,4.75687807,64.0,3.0,3533793.0,20.0,Uttar Pradesh
Shajapur,444.0,444.0,444.0,3.19543317662861,199.9,24.712894560107454,4.3,44.3,1009.4028206850236,10.84349368116641,0.571010644,0.057503291,0.513507353,7.0,0.0,1036523.0,6.0,Madhya Pradesh
Shamli,,,,,,,,,,14.024477523954967,1.857718186,0.0,1.857718186,44.0,3.0,1373173.0,26.0,Uttar Pradesh
Sheikhpura,,,,,,,,,,13.952974381669137,3.509671673,0.004092988,3.505578685,82.0,0.0,820089.0,28.0,Bihar
Sheohar,,,,,,,,,,14.98702657896984,9.002316572,0.0,9.002316572,136.0,1.0,851775.0,23.0,Bihar
Sheopur,234.0,234.0,234.0,3.151247327156094,283.6,25.292516037063436,2.3,47.3,1008.3917320028511,11.164904277475754,1.417634793,0.185883526,1.231751267,5.0,0.0,890783.0,7.0,Madhya Pradesh
Shi Yomi,,,,,,,,,,9.096398933410187,0.730870815,0.051292052,0.679578763,4.0,1.0,12507.0,5.0,Arunachal Pradesh
Shimla,1992.7965808266608,1546.0,2205.0,4.663454790823211,173.0,15.27171607877083,-8.7,35.0,1012.7532079274437,17.6226469397165,0.771392749,0.035574686,0.735818063,355.0,172.0,904737.0,4.0,Himachal Pradesh
Shivamogga,613.9527371642298,571.0,658.0,7.430805848350901,218.6,23.530023801428086,12.0,41.1,1010.9190751445087,14.573367465271405,1.276369106,1.203198506,0.0731706,74.0,12.0,1877441.0,9.0,Karnataka
Shivpuri,463.0,463.0,463.0,2.788448623237072,168.2,24.28797850906649,0.7,45.7,1009.1543989254533,11.667533409556553,0.728096946,0.56739149,0.160705456,13.0,0.0,2047132.0,6.0,Madhya Pradesh
Shrawasti,,,,,,,,,,14.636054820548718,7.721578816,0.028878669,7.692700147,47.0,1.0,1390228.0,24.0,Uttar Pradesh
Shupiyan,,,,,,,,,,11.718809232418751,1.082625131,0.002022763,1.080602368,32.0,1.0,391024.0,6.0,Jammu & Kashmir
Siang,,,,,,,,,,10.300113768441996,2.518308001,0.498407734,2.019900267,4.0,1.0,48365.0,5.0,Arunachal Pradesh
Siddharthnagar,,,,,,,,,,9.72399035289081,13.40492833,0.022007889,13.38292044,0.0,0.0,3367475.0,1.0,Uttar Pradesh
Siddipet,,,,,,,,,,9.736998679525309,0.469975702,0.091876715,0.378098987,2.0,0.0,1102022.0,7.0,Telangana
Sidhi,270.0,270.0,270.0,2.867024848891874,127.4,24.743989254533247,4.0,46.1,1008.5785090664875,10.556680246809432,2.184368869,0.402325215,1.782043654,2.0,0.0,1292335.0,8.0,Madhya Pradesh
Sikar,431.0,431.0,431.0,1.329214237743452,91.5,24.48321020819342,0.0,45.8,1008.8904633982538,14.433744535144232,0.420855874,0.0,0.420855874,87.0,2.0,3026385.0,6.0,Rajasthan
Simdega,,,,,,,,,,8.94116808234982,1.054648305,0.125948542,0.928699763,1.0,0.0,677321.0,2.0,Jharkhand
Sindhudurg,15.0,15.0,15.0,8.05668233713902,165.9,27.063398253861653,17.0,37.7,1009.3299529885829,16.48929416640429,1.40862314,0.632545644,0.776077496,190.0,103.0,808570.0,4.0,Maharashtra
Singrauli,,,,,,,,,,11.286876313176668,1.521857949,0.715195816,0.806662133,6.0,0.0,1558134.0,8.0,Madhya Pradesh
Sipahijala,,,,,,,,,,10.887426944928729,0.601362713,0.003254841,0.598107872,10.0,1.0,477873.0,4.0,Tripura
Sirmaur,,,,,,,,,,14.806329363348578,1.011405104,0.033540578,0.977864526,84.0,14.0,564300.0,5.0,Himachal Pradesh
Sirohi,1196.0,1196.0,1196.0,2.801880456682337,247.5,20.798589657488247,0.8,38.4,1009.7185359301544,14.414967587255116,0.276456745,0.023800256,0.252656489,71.0,6.0,1264133.0,22.0,Rajasthan
Sirsa,,,,,,,,,,15.03133710706316,9.796778385,0.001758909,9.795019476,44.0,5.0,1511023.0,6.0,Haryana
Sitamarhi,,,,,,,,,,16.54083412285714,4.621194206,0.001510558,4.619683648,196.0,1.0,4182895.0,20.0,Bihar
Sitapur,,,,,,,,,,17.504226814413553,3.400453125,0.025174919,3.375278206,177.0,11.0,5391584.0,13.0,Uttar Pradesh
Sivaganga,,,,,,,,,,13.241569375849704,1.984480953,0.051279472,1.933201481,16.0,4.0,1534446.0,10.0,Tamil Nadu
Sivasagar,,,,,,,,,,16.918155167420082,17.15000888,0.611686093,16.53832279,117.0,15.0,800874.0,12.0,Assam
Siwan,,,,,,,,,,15.941828102345882,6.753345435,0.145588085,6.60775735,133.0,0.0,3880318.0,23.0,Bihar
Solan,1986.0,1986.0,1986.0,5.782183130356337,173.0,16.26568783913182,-7.4,32.5,1012.641840161182,14.504602095216216,0.404819031,0.124151886,0.280667145,116.0,15.0,678073.0,5.0,Himachal Pradesh
Solapur,489.0776361529548,477.0,519.0,3.238544083526682,118.1,27.36102742371572,9.7,44.3,1009.4204835460041,16.464257131913666,1.684216461,0.761165008,0.923051453,161.0,11.0,4817374.0,3.0,Maharashtra
Sonbhadra,,,,,,,,,,13.056183216198006,2.644815378,2.70977361,0.064958232,50.0,0.0,2259539.0,24.0,Uttar Pradesh
Sonipat,,,,,,,,,,13.321513999514549,0.905127272,0.0,0.905127272,22.0,5.0,1771137.0,6.0,Haryana
Sonitpur,77.0,77.0,77.0,7.125861401471157,170.9,24.76544516829533,8.5,39.0,1009.2110812625924,16.918268535297507,7.745899654,2.549489328,5.196410326,144.0,8.0,1462078.0,9.0,Assam
South,,,,,,,,,,7.686692945997747,0.006747594,0.0,0.006747594,2.0,4.0,1636592.0,3.0,Delhi
South 24 Parganas,3.5,3.0,4.0,4.828811282740094,107.0,26.095063801208866,9.0,43.4,1008.2177635997314,,,,,,,,,West Bengal
South Andaman,32.8870985915493,4.0,73.0,9.124233619061455,230.9,27.42223098591549,1.0,39.0,1009.5188717259906,8.360463034157858,1.443452407,0.0,1.443452407,1.0,0.0,257900.0,2.0,Andaman and Nicobar Islands
South District,,,,,,,,,,11.559174791160126,1.694907072,0.18276756,1.512139512,19.0,4.0,164403.0,4.0,Sikkim
South East,,,,,,,,,,9.482388752073582,0.675204493,0.045915107,0.629289386,2.0,4.0,1758195.0,3.0,Delhi
South Garo Hills,,,,,,,,,,10.843939023790394,1.298508569,0.025829871,1.272678698,20.0,0.0,190314.0,3.0,Meghalaya
South Goa,51.5,42.0,61.0,12.330439374735953,241.2,27.6608448415922,15.7,39.1,1009.3646718146717,11.68967796451052,2.764330826,0.971762276,1.79256855,2.0,4.0,857449.0,16.0,Goa
South Salmara Mancachar,,,,,,,,,,14.088728871221644,28.02392571,10.81288284,17.21104287,39.0,1.0,533060.0,16.0,Assam
South Tripura,,,,,,,,,,11.614260287187228,0.931395601,0.0,0.931395601,12.0,2.0,415745.0,4.0,Tripura
South Twenty Four Pargan*,,,,,,,,,,15.125565011678852,17.30461094,7.77866316,9.52594778,30.0,0.0,12843801.0,17.0,West Bengal
South West,,,,,,,,,,12.004899852874884,3.339650881,0.0,3.339650881,13.0,4.0,1719303.0,3.0,Delhi
South West Garo Hills,,,,,,,,,,10.671036900750009,3.341603843,0.001275329,3.340328514,13.0,0.0,161524.0,5.0,Meghalaya
South West Khasi Hills,,,,,,,,,,9.505296323813456,1.814196952,0.045431517,1.768765435,5.0,0.0,136573.0,3.0,Meghalaya
Sri Muktsar Sahib,,,,,,,,,,11.775474642293869,2.388794655,0.000403704,2.388390951,6.0,0.0,1149045.0,7.0,Punjab
Sri Potti Sriramulu Nell*,,,,,,,,,,15.305835568857868,4.296954395,3.608219113,0.688735282,175.0,0.0,3285473.0,6.0,Andhra Pradesh
Sri Sathya Sai,349.0,349.0,349.0,3.230148514851485,119.1,28.393490642799023,11.1,44.7,1008.6638012088649,,,,,,,,,Andhra Pradesh
Srikakulam,5.0,5.0,5.0,5.256001890359169,145.0,27.39376361655773,11.2,43.9,1008.1871054398927,15.261049338054017,4.01307877,0.566374643,3.446704127,144.0,0.0,2726592.0,6.0,Andhra Pradesh
Srinagar,1624.5,1585.0,1664.0,3.4074865201161346,84.1,13.63570655116405,-16.2,36.5,1015.578217612193,12.888221332606244,1.003599347,0.724666434,0.278932913,73.0,7.0,904040.0,6.0,Jammu and Kashmir
Subarnapur,,,,,,,,,,13.102763511412055,3.493045358,1.212807104,2.280238254,26.0,0.0,663973.0,33.0,Odisha
Sukma,,,,,,,,,,7.909024380663381,1.578192343,0.11146237,1.466729973,0.0,0.0,259382.0,1.0,Chhattisgarh
Sultanpur,,,,,,,,,,16.055801690738456,4.349309327,0.002008734,4.347300593,139.0,2.0,2509152.0,20.0,Uttar Pradesh
Sundargarh,176.95406929895245,0.0,240.0,5.604181767493728,192.0,26.358561643835614,5.7,46.3,1008.3953879156238,14.201704186966252,2.122434122,0.304650931,1.817783191,28.0,0.0,2361775.0,33.0,Odisha
Supaul,0.0,0.0,0.0,4.149539877300613,95.7,24.239340490797545,6.5,40.8,1008.30245398773,17.111278582391943,7.982821848,0.634587242,7.348234606,162.0,10.0,2904278.0,22.0,Bihar
Surajpur,,,,,,,,,,7.792234030913422,1.420793586,0.200734056,1.22005953,0.0,0.0,917283.0,7.0,Chhattisgarh
Surat,7.5,5.0,10.0,6.775995085995086,214.9,27.650663956639566,10.6,44.5,1008.8377945026177,17.686867251651705,5.928437334,0.593664003,5.334773331,215.0,9.0,8228098.0,11.0,Gujarat
Surendranagar,72.0,72.0,72.0,2.1696440564137003,158.9,27.416856950973806,8.6,45.6,1008.7928811282741,15.827202884851877,1.286502045,0.14688655,1.139615495,109.0,5.0,1806637.0,13.0,Gujarat
Surguja,596.0,596.0,596.0,5.344695898161245,172.2,23.869304269931323,3.2,44.2,1009.3758226997986,10.750021653536365,0.479102379,0.278929567,0.200172812,12.0,2.0,971194.0,1.0,Madhya Pradesh
Suryapet,,,,,,,,,,9.901334243798267,1.862321095,0.526090291,1.336230804,1.0,0.0,1145777.0,11.0,Telangana
Tamenglong,,,,,,,,,,11.226699133445404,1.701837152,0.006002374,1.695834778,11.0,2.0,139509.0,5.0,Manipur
Tapi,,,,,,,,,,13.096050919214967,3.084521179,2.984765412,0.099755767,45.0,3.0,952637.0,18.0,Gujarat
Tarn Taran,,,,,,,,,,11.93121167916792,5.771552223,0.165720765,5.605831458,5.0,0.0,1251033.0,6.0,Punjab
Tawang,,,,,,,,,,13.365469548955232,1.104117118,0.227751689,0.876365429,92.0,8.0,60141.0,6.0,Arunachal Pradesh
Tehri Garhwal,0.0,0.0,0.0,4.341090018371096,118.1,19.786059113300492,-2.0,44.5,1011.4961656441718,13.928911332831516,1.072103335,0.531062216,0.541041119,102.0,6.0,665938.0,2.0,Uttar Pradesh
Tengnoupal,,,,,,,,,,7.310092891311484,0.539127806,0.0,0.539127806,0.0,0.0,75461.0,7.0,Manipur
Tenkasi,,,,,,,,,,12.438608592591056,0.457961738,0.050554592,0.407407146,16.0,4.0,1653931.0,11.0,Tamil Nadu
Thane,,,,,,,,,,18.86178924193549,3.51519111,2.261563329,1.253627781,418.0,204.0,9950177.0,3.0,Maharashtra
Thanjavur,2.131899641577061,0.0,4.0,3.9584229390681003,86.9,27.815842293906808,16.0,50.2,1009.1017562724014,16.98285416233113,6.402076626,0.139785443,6.262291183,144.0,22.0,2499232.0,9.0,Tamil Nadu
The Dangs,,,,,,,,,,14.193027581514269,2.171927273,0.007193835,2.164733438,68.0,4.0,274863.0,24.0,Gujarat
The Nilgiris,,,,,,,,,,14.181521521398048,0.41168295,0.339577292,0.072105658,156.0,23.0,708881.0,6.0,Tamil Nadu
Theni,300.0,300.0,300.0,7.408876933423,137.6,25.07276395427034,14.9,38.4,1012.8435104236719,11.776661030227343,0.346368373,0.314606199,0.031762174,23.0,5.0,1406691.0,8.0,Kerala
Thiruvallur,,,,,,,,,,13.673875251994277,2.527745598,2.390831933,0.136913665,44.0,6.0,4840586.0,6.0,Tamil Nadu
Thiruvananthapuram,32.0,4.0,60.0,7.598084789884716,211.1,28.09607471575528,18.9,39.8,1009.3217752035066,17.350365322366642,0.884604088,0.648894373,0.235709715,276.0,149.0,3288743.0,4.0,Kerala
Thiruvarur,,,,,,,,,,13.980877190636448,2.20727188,0.026905003,2.180366877,41.0,5.0,1412221.0,5.0,Tamil Nadu
Thoothukkudi,,,,,,,,,,12.099855590037578,0.991755053,1.009030229,0.017275176,34.0,4.0,1817973.0,6.0,Tamil Nadu
Thoothukudi,0.0,0.0,0.0,3.6350230414746547,194.7,28.11728110599078,18.0,39.8,1009.1426267281106,,,,,,,,,Tamil Nadu
Thoubal,,,,,,,,,,11.46109993778033,23.65742483,0.052982735,23.6044421,7.0,2.0,325077.0,5.0,Manipur
Thrissur,40.0,40.0,40.0,8.214122394082045,181.9,26.75568258238063,19.1,39.8,1009.8310020174848,17.200701537959194,5.136358427,0.761485485,4.374872942,124.0,43.0,3305535.0,5.0,Kerala
Tikamgarh,344.0,344.0,344.0,2.8482202820685023,79.5,24.56729348556078,2.9,45.8,1008.5343854936199,10.89427204404565,0.397359874,0.123153605,0.274206269,9.0,0.0,1216750.0,6.0,Madhya Pradesh
Tinsukia,,,,,,,,,,17.191385633985888,6.140689939,1.259207522,4.881482417,105.0,45.0,1408250.0,13.0,Assam
Tirap,,,,,,,,,,9.475632710698273,0.650808941,0.020888139,0.629920802,4.0,1.0,69112.0,5.0,Arunachal Pradesh
Tiruchirappalli,85.0,85.0,85.0,4.174775625885688,133.1,29.25185486054698,16.8,43.0,1008.8413083538082,16.507546354019137,2.799798931,0.030082563,2.769716368,85.0,53.0,3072981.0,6.0,Tamil Nadu
Tirunelveli,45.0,45.0,45.0,3.6020174848688633,237.9,28.25588433086752,18.3,43.0,1009.2519166106255,7.541970999898446,0.61478851,0.622191008,0.007402498,3.0,0.0,1871307.0,1.0,Tamil Nadu
Tirupathur,,,,,,,,,,12.510208774828982,0.890009742,0.007876167,0.882133575,16.0,4.0,1329320.0,11.0,Tamil Nadu
Tirupati,304.15801253357205,107.0,696.0,3.2057072515666967,118.2,26.670658012533572,11.2,46.0,1009.6374440465531,,,,,,,,,Andhra Pradesh
Tirupattur,385.0,385.0,385.0,3.2264112903225803,105.4,25.978763440860217,12.8,42.7,1010.2146505376344,,,,,,,,,Tamil Nadu
Tiruppur,,,,,,,,,,13.330983392681423,0.635364224,0.084088984,0.55127524,20.0,4.0,3131866.0,8.0,Tamil Nadu
Tiruvallur,0.0,0.0,0.0,3.9402148887183426,74.8,28.22256331542594,7.2,44.8,1009.1108979278588,,,,,,,,,Tamil Nadu
Tiruvannamalai,,,,,,,,,,14.853012994402956,1.068840485,0.111931507,0.956908978,48.0,10.0,2908761.0,5.0,Tamil Nadu
Tonk,,,,,,,,,,15.834013405214002,0.845948588,0.871896612,0.025948024,137.0,252.0,1641156.0,21.0,Rajasthan
Tuensang,,,,,,,,,,7.690746667159076,0.650005813,0.0,0.650005813,0.0,0.0,197958.0,7.0,Nagaland
Tumakuru,,,,,,,,,,12.981699460911374,0.340404409,0.284595715,0.055808694,25.0,2.0,2774415.0,17.0,Karnataka
Udaipur,534.3333333333334,509.0,581.0,3.629072303304815,140.0,25.191739367502727,1.4,46.4,1009.8026827632463,13.340999144048794,0.289382661,0.290943084,0.001560423,97.0,6.0,3607694.0,14.0,Rajasthan
Udalguri,0.0,0.0,0.0,8.943174846625766,194.6,23.61756134969325,7.4,39.6,1008.9455521472393,14.55326951500184,3.138974031,0.003282254,3.135691777,51.0,2.0,909069.0,10.0,Assam
Udham Singh Nagar,233.0,233.0,233.0,3.7226997985224988,191.7,22.982740094022837,3.6,43.7,1008.5766957689724,12.813095833142514,2.061876849,0.785339181,1.276537668,26.0,3.0,2171345.0,2.0,Uttar Pradesh
Udhampur,,,,,,,,,,14.21953874401665,0.487802833,0.013526323,0.47427651,121.0,8.0,695644.0,5.0,Jammu & Kashmir
Udupi,,,,,,,,,,13.008514448906736,0.74927375,0.741689148,0.007584602,58.0,21.0,1144919.0,10.0,Karnataka
Ujjain,488.0,488.0,488.0,2.916319677635997,162.0,24.68865010073875,6.0,44.2,1009.5122229684351,14.028002398535865,0.752619653,0.044407032,0.708212621,50.0,3.0,2261682.0,4.0,Madhya Pradesh
Ukhrul,,,,,,,,,,8.053628266155952,0.669906789,0.0,0.669906789,0.0,0.0,178796.0,7.0,Manipur
Umaria,458.0,458.0,458.0,3.191202149093351,94.3,24.3456682337139,3.4,44.0,1009.1672934855609,8.24755174208456,0.907342834,0.911756287,0.004413453,3.0,0.0,849658.0,7.0,Madhya Pradesh
Una,365.0,365.0,365.0,2.5986568166554735,172.6,22.136400268636667,2.6,44.6,1009.5014103425118,12.186777576748492,0.647137511,0.628882095,0.018255416,65.0,5.0,573625.0,6.0,Himachal Pradesh
Unakoti,27.0,27.0,27.0,9.730304293455607,246.1,25.599317295188555,7.0,38.0,1008.9537273337811,,,,,,,,,Tripura
Unnao,,,,,,,,,,16.230177745178764,3.590127624,0.07773585,3.512391774,97.0,4.0,3601532.0,18.0,Uttar Pradesh
Unokoti,,,,,,,,,,12.194018533074011,23.62357053,0.001642557,23.62192797,10.0,1.0,370767.0,4.0,Tripura
Upper Dibang Valley,,,,,,,,,,9.841545884430838,1.084032399,0.372682252,0.711350147,5.0,1.0,10102.0,5.0,Arunachal Pradesh
Upper Siang,,,,,,,,,,14.46874306085235,2.722491305,0.336009842,2.386481463,24.0,671.0,34326.0,4.0,Arunachal Pradesh
Upper Subansiri,,,,,,,,,,11.125065157677906,1.234996868,0.078758779,1.156238089,5.0,1.0,119722.0,7.0,Arunachal Pradesh
Uttar Bastar Kanker,,,,,,,,,,11.025433919960095,0.836672614,0.106473076,0.730199538,7.0,2.0,868469.0,1.0,Chhattisgarh
Uttar Dinajpur,,,,,,,,,,14.792902568137231,6.673772935,0.007231452,6.666541483,46.0,3.0,3289303.0,10.0,West Bengal
Uttara Kannada,19.322027510834747,3.0,45.0,15.268585268556775,234.7,27.85535142264933,12.9,40.2,1009.22905753302,16.67968267591538,4.074727101,1.655079328,2.419647773,102.0,19.0,1597345.0,7.0,Karnataka
Uttarkashi,,,,,,,,,,16.914467976234626,0.450692495,0.082932117,0.367760378,1373.0,25.0,410687.0,5.0,Uttarakhand
Vadodara,35.5,34.0,37.0,2.9034251175285424,164.8,27.393896713615025,3.0,44.0,1008.517907444668,15.994498844329868,3.328415211,0.284762754,3.043652457,105.0,3.0,3437852.0,13.0,Gujarat
Vaishali,,,,,,,,,,16.699429152017437,17.98113124,1.112916504,16.86821474,111.0,2.0,4598311.0,23.0,Bihar
Valsad,0.0,0.0,0.0,5.785294117647059,276.6,26.879336349924586,12.0,42.3,1008.7310708898943,15.547421370787786,2.551668353,0.812747791,1.738920562,126.0,2.0,2077846.0,17.0,Gujarat
Varanasi,84.5,81.0,88.0,4.405298651252409,148.1,25.96484757757213,2.3,47.0,1008.1964741437206,17.20928123007672,4.599652222,0.883647796,3.716004426,363.0,5.0,4311285.0,18.0,Uttar Pradesh
Vellore,213.0,213.0,213.0,4.333125707814269,166.1,29.293830090175604,14.8,44.5,1009.3345430107527,13.909700707778669,0.459638695,0.021681234,0.437957461,38.0,23.0,1718125.0,6.0,Tamil Nadu
Vidisha,425.0,425.0,425.0,2.5330561330561334,53.3,23.62655601659751,6.5,45.0,1010.8484407484407,13.879084524896264,0.912677122,0.277215122,0.635462,35.0,6.0,1710603.0,4.0,Madhya Pradesh
Vijayapura,,,,,,,,,,12.22306824443187,0.883343513,0.871904394,0.011439119,45.0,1.0,2612195.0,8.0,Karnataka
Vikarabad,,,,,,,,,,10.890505293328674,0.271652781,0.187043402,0.084609379,10.0,1.0,1308948.0,9.0,Telangana
Viluppuram,,,,,,,,,,15.458700034241383,2.829205267,0.250109562,2.579095705,75.0,10.0,2449240.0,6.0,Tamil Nadu
Virudhunagar,103.0,103.0,103.0,4.2631651376146795,103.7,29.272805970149253,17.4,43.2,1009.2687819856704,13.884611316574295,1.881503151,0.022872843,1.858630308,26.0,5.0,2112777.0,6.0,Tamil Nadu
Visakhapatnam,14.5,3.0,45.0,4.289449112978525,267.0,27.7555671641791,11.8,44.6,1008.3983119419643,17.206748814948707,1.175590784,0.439675977,0.735914807,106.0,115.0,4885485.0,10.0,Andhra Pradesh
Vizianagaram,,,,,,,,,,15.961001525134424,1.110588388,0.320586402,0.790001986,63.0,107.0,2443656.0,9.0,Andhra Pradesh
Wanaparthy,,,,,,,,,,9.983597435827042,5.911067913,0.984745694,4.926322219,1.0,0.0,680558.0,10.0,Telangana
Warangal Rural,,,,,,,,,,13.50247233551987,0.420854233,0.3791028,0.041751433,134.0,2.0,811309.0,6.0,Telangana
Warangal Urban,,,,,,,,,,13.167522816940686,0.487587909,0.354480511,0.133107398,127.0,1.0,1152989.0,7.0,Telangana
Wardha,282.0,282.0,282.0,3.4481531229012763,108.5,26.7252518468771,10.0,46.0,1008.601477501679,15.93909113222713,1.65012412,1.005544539,0.644579581,134.0,20.0,1365264.0,5.0,Maharashtra
Washim,565.0,565.0,565.0,3.1662860980523844,129.7,25.724714573539288,9.7,41.9,1009.3842175957019,10.734974523913712,0.392447344,0.392373985,7.34e-05,62.0,6.0,1362768.0,4.0,Madhya Pradesh
Wayanad,,,,,,,,,,16.135483336003308,0.815062099,0.354881107,0.460180992,151.0,95.0,847406.0,4.0,Kerala
West,,,,,,,,,,10.94354846228993,5.312905892,0.0,5.312905892,2.0,6.0,3053772.0,3.0,Delhi
West District,,,,,,,,,,11.83245566150928,0.75096604,0.065150406,0.685815634,23.0,12.0,133590.0,3.0,Sikkim
West Garo Hills,,,,,,,,,,12.11627981147293,1.111942423,0.032280391,1.079662032,28.0,0.0,701102.0,3.0,Meghalaya
West Godavari,0.0,0.0,0.0,3.936273006134969,107.0,27.544861963190183,16.6,43.0,1008.5614263803682,16.38794981720737,5.603589524,2.064339191,3.539250333,232.0,0.0,4167944.0,8.0,Andhra Pradesh
West Jaintia Hills,,,,,,,,,,9.874314592993612,1.733990094,0.091584225,1.642405869,4.0,0.0,372716.0,3.0,Meghalaya
West Kameng,,,,,,,,,,12.988574519395987,1.93207052,0.043990415,1.888080105,22.0,6.0,99039.0,4.0,Arunachal Pradesh
West Karbi Anglong,,,,,,,,,,13.792560401075464,3.225931636,0.096610327,3.129321309,38.0,1.0,363939.0,26.0,Assam
West Khasi Hills,,,,,,,,,,12.234504460081457,1.198133343,0.006185816,1.191947527,18.0,5.0,341864.0,3.0,Meghalaya
West Nimar,,,,,,,,,,15.15254210391885,1.727264926,0.465974584,1.261290342,52.0,18.0,2194354.0,4.0,Madhya Pradesh
West Siang,,,,,,,,,,14.206931820531816,0.744207577,0.123427923,0.620779654,52.0,668.0,48422.0,7.0,Arunachal Pradesh
West Tripura,15.0,15.0,15.0,7.837584158415842,361.9,26.02338927991337,3.0,40.0,1008.7785378940309,14.77717186516576,0.612502471,0.0,0.612502471,66.0,110.0,1081396.0,4.0,Tripura
Wokha,,,,,,,,,,7.815000444608371,2.044958036,0.491956258,1.553001778,0.0,0.0,164833.0,4.0,Nagaland
Y.S.R.,,,,,,,,,,14.315856218355387,1.141752714,1.095797136,0.045955578,144.0,1.0,3162142.0,9.0,Andhra Pradesh
Yadadri Bhuvanagiri,,,,,,,,,,9.86087462664835,0.630428715,0.084363209,0.546065506,3.0,0.0,769265.0,10.0,Telangana
Yadgir,,,,,,,,,,14.804164824424284,1.651730783,0.57450138,1.077229403,64.0,5.0,1373369.0,13.0,Karnataka
Yamunanagar,,,,,,,,,,13.206928094938394,5.773638579,0.042011596,5.731626983,11.0,5.0,1366309.0,5.0,Haryana
Yanam,,,,,,,,,,5.860381611156025,32.6562,29.67097127,2.98522873,0.0,0.0,47877.0,7.0,Puducherry
Yavatmal,450.0,450.0,450.0,3.5143720617864336,169.7,26.460510409670917,10.4,43.5,1009.067965077233,14.48260719028669,0.98190471,0.983855741,0.001951031,211.0,22.0,3117757.0,4.0,Maharashtra
Ysr,129.0,129.0,129.0,2.5001343183344527,77.1,28.221826729348557,3.0,44.0,1009.006245802552,,,,,,,,,Andhra Pradesh
Zunheboto,,,,,,,,,,9.351020631650451,0.640526895,0.0,0.640526895,4.0,0.0,135618.0,19.0,Nagaland
