SlNo,Station,Agency,State LGD Code,State,District LGD Code,District,Tehsil,Block,Village,River,Basin,Tributary,Subtributary,SubSubtributary,Local River,Latitude,Longitude,Data Acquisition Time,Telemetry Hourly Rainfall (mm)
1,AKKIHEBBAL,CWC,29,Karnataka,544,Mandya,KRISHNARAJPET,-,-,Cauvery,Cauvery,Hemavathi,-,-,Hemavathi,12.59861111,76.40055556,05-01-2026 19:00,0.7
2,AKKIHEBBAL,CWC,29,Karnataka,544,Mandya,KRISHNARAJPET,-,-,Cauvery,Cauvery,Hemavathi,-,-,Hemavathi,12.59861111,76.40055556,09-01-2026 17:00,76.8
3,AKKIHEBBAL,CWC,29,Karnataka,544,Mandya,KRISHNARAJPET,-,-,Cauvery,Cauvery,Hemavathi,-,-,Hemavathi,12.59861111,76.40055556,10-01-2026 18:00,0.5
4,AKKIHEBBAL,CWC,29,Karnataka,544,Mandya,KRISHNARAJPET,-,-,Cauvery,Cauvery,Hemavathi,-,-,Hemavathi,12.59861111,76.40055556,11-01-2026 23:00,9.2
5,AKKIHEBBAL,CWC,29,Karnataka,544,Mandya,KRISHNARAJPET,-,-,Cauvery,Cauvery,Hemavathi,-,-,Hemavathi,12.59861111,76.40055556,12-01-2026 21:00,33.1
6,AKKIHEBBAL,CWC,29,Karnataka,544,Mandya,KRISHNARAJPET,-,-,Cauvery,Cauvery,Hemavathi,-,-,Hemavathi,12.59861111,76.40055556,29-01-2026 08:00,92.8
7,AKKIHEBBAL,CWC,29,Karnataka,544,Mandya,KRISHNARAJPET,-,-,Cauvery,Cauvery,Hemavathi,-,-,Hemavathi,12.59861111,76.40055556,01-02-2026 02:00,58.2
8,AKKIHEBBAL,CWC,29,Karnataka,544,Mandya,KRISHNARAJPET,-,-,Cauvery,Cauvery,Hemavathi,-,-,Hemavathi,12.59861111,76.40055556,04-02-2026 07:00,0.1
9,AKKIHEBBAL,CWC,29,Karnataka,544,Mandya,KRISHNARAJPET,-,-,Cauvery,Cauvery,Hemavathi,-,-,Hemavathi,12.59861111,76.40055556,04-02-2026 11:00,82.9
10,AKKIHEBBAL,CWC,29,Karnataka,544,Mandya,KRISHNARAJPET,-,-,Cauvery,Cauvery,Hemavathi,-,-,Hemavathi,12.59861111,76.40055556,09-02-2026 07:00,8
11,AKKIHEBBAL,CWC,29,Karnataka,544,Mandya,KRISHNARAJPET,-,-,Cauvery,Cauvery,Hemavathi,-,-,Hemavathi,12.59861111,76.40055556,11-02-2026 14:00,76.8
12,AKKIHEBBAL,CWC,29,Karnataka,544,Mandya,KRISHNARAJPET,-,-,Cauvery,Cauvery,Hemavathi,-,-,Hemavathi,12.59861111,76.40055556,19-02-2026 07:00,26.4
13,AKKIHEBBAL,CWC,29,Karnataka,544,Mandya,KRISHNARAJPET,-,-,Cauvery,Cauvery,Hemavathi,-,-,Hemavathi,12.59861111,76.40055556,23-02-2026 05:00,62.3
14,AKKIHEBBAL,CWC,29,Karnataka,544,Mandya,KRISHNARAJPET,-,-,Cauvery,Cauvery,Hemavathi,-,-,Hemavathi,12.59861111,76.40055556,28-03-2026 06:00,6
15,AKKIHEBBAL,CWC,29,Karnataka,544,Mandya,KRISHNARAJPET,-,-,Cauvery,Cauvery,Hemavathi,-,-,Hemavathi,12.59861111,76.40055556,29-03-2026 00:00,0.3
16,AKKIHEBBAL,CWC,29,Karnataka,544,Mandya,KRISHNARAJPET,-,-,Cauvery,Cauvery,Hemavathi,-,-,Hemavathi,12.59861111,76.40055556,29-03-2026 01:00,0.2
17,AKKIHEBBAL,CWC,29,Karnataka,544,Mandya,KRISHNARAJPET,-,-,Cauvery,Cauvery,Hemavathi,-,-,Hemavathi,12.59861111,76.40055556,01-04-2026 19:00,53
18,AKKIHEBBAL,CWC,29,Karnataka,544,Mandya,KRISHNARAJPET,-,-,Cauvery,Cauvery,Hemavathi,-,-,Hemavathi,12.59861111,76.40055556,02-04-2026 08:00,1.9
19,AKKIHEBBAL,CWC,29,Karnataka,544,Mandya,KRISHNARAJPET,-,-,Cauvery,Cauvery,Hemavathi,-,-,Hemavathi,12.59861111,76.40055556,05-04-2026 12:00,64
20,AKKIHEBBAL,CWC,29,Karnataka,544,Mandya,KRISHNARAJPET,-,-,Cauvery,Cauvery,Hemavathi,-,-,Hemavathi,12.59861111,76.40055556,06-04-2026 08:00,38.4
21,AKKIHEBBAL,CWC,29,Karnataka,544,Mandya,KRISHNARAJPET,-,-,Cauvery,Cauvery,Hemavathi,-,-,Hemavathi,12.59861111,76.40055556,09-04-2026 04:00,47
22,AKKIHEBBAL,CWC,29,Karnataka,544,Mandya,KRISHNARAJPET,-,-,Cauvery,Cauvery,Hemavathi,-,-,Hemavathi,12.59861111,76.40055556,09-04-2026 13:00,36.8
23,AKKIHEBBAL,CWC,29,Karnataka,544,Mandya,KRISHNARAJPET,-,-,Cauvery,Cauvery,Hemavathi,-,-,Hemavathi,12.59861111,76.40055556,10-04-2026 18:00,23.8
24,AKKIHEBBAL,CWC,29,Karnataka,544,Mandya,KRISHNARAJPET,-,-,Cauvery,Cauvery,Hemavathi,-,-,Hemavathi,12.59861111,76.40055556,11-04-2026 01:00,0.1
25,AKKIHEBBAL,CWC,29,Karnataka,544,Mandya,KRISHNARAJPET,-,-,Cauvery,Cauvery,Hemavathi,-,-,Hemavathi,12.59861111,76.40055556,11-04-2026 06:00,64
26,AKKIHEBBAL,CWC,29,Karnataka,544,Mandya,KRISHNARAJPET,-,-,Cauvery,Cauvery,Hemavathi,-,-,Hemavathi,12.59861111,76.40055556,17-04-2026 07:00,1.1
27,AKKIHEBBAL,CWC,29,Karnataka,544,Mandya,KRISHNARAJPET,-,-,Cauvery,Cauvery,Hemavathi,-,-,Hemavathi,12.59861111,76.40055556,18-04-2026 07:00,6
28,AKKIHEBBAL,CWC,29,Karnataka,544,Mandya,KRISHNARAJPET,-,-,Cauvery,Cauvery,Hemavathi,-,-,Hemavathi,12.59861111,76.40055556,19-04-2026 00:00,0.2
29,AKKIHEBBAL,CWC,29,Karnataka,544,Mandya,KRISHNARAJPET,-,-,Cauvery,Cauvery,Hemavathi,-,-,Hemavathi,12.59861111,76.40055556,19-04-2026 18:00,29.8
30,AKKIHEBBAL,CWC,29,Karnataka,544,Mandya,KRISHNARAJPET,-,-,Cauvery,Cauvery,Hemavathi,-,-,Hemavathi,12.59861111,76.40055556,21-04-2026 04:00,52.4
31,AKKIHEBBAL,CWC,29,Karnataka,544,Mandya,KRISHNARAJPET,-,-,Cauvery,Cauvery,Hemavathi,-,-,Hemavathi,12.59861111,76.40055556,22-04-2026 13:00,35
32,AKKIHEBBAL,CWC,29,Karnataka,544,Mandya,KRISHNARAJPET,-,-,Cauvery,Cauvery,Hemavathi,-,-,Hemavathi,12.59861111,76.40055556,22-04-2026 14:00,59.5
33,AKKIHEBBAL,CWC,29,Karnataka,544,Mandya,KRISHNARAJPET,-,-,Cauvery,Cauvery,Hemavathi,-,-,Hemavathi,12.59861111,76.40055556,23-04-2026 01:00,42.4
34,AKKIHEBBAL,CWC,29,Karnataka,544,Mandya,KRISHNARAJPET,-,-,Cauvery,Cauvery,Hemavathi,-,-,Hemavathi,12.59861111,76.40055556,23-04-2026 08:00,19.2
35,AKKIHEBBAL,CWC,29,Karnataka,544,Mandya,KRISHNARAJPET,-,-,Cauvery,Cauvery,Hemavathi,-,-,Hemavathi,12.59861111,76.40055556,23-04-2026 18:00,1.2
36,AKKIHEBBAL,CWC,29,Karnataka,544,Mandya,KRISHNARAJPET,-,-,Cauvery,Cauvery,Hemavathi,-,-,Hemavathi,12.59861111,76.40055556,24-04-2026 02:00,45.6
37,AKKIHEBBAL,CWC,29,Karnataka,544,Mandya,KRISHNARAJPET,-,-,Cauvery,Cauvery,Hemavathi,-,-,Hemavathi,12.59861111,76.40055556,26-04-2026 01:00,38.4
38,AKKIHEBBAL,CWC,29,Karnataka,544,Mandya,KRISHNARAJPET,-,-,Cauvery,Cauvery,Hemavathi,-,-,Hemavathi,12.59861111,76.40055556,26-04-2026 03:00,38.4
39,AKKIHEBBAL,CWC,29,Karnataka,544,Mandya,KRISHNARAJPET,-,-,Cauvery,Cauvery,Hemavathi,-,-,Hemavathi,12.59861111,76.40055556,28-04-2026 05:00,61
40,AKKIHEBBAL,CWC,29,Karnataka,544,Mandya,KRISHNARAJPET,-,-,Cauvery,Cauvery,Hemavathi,-,-,Hemavathi,12.59861111,76.40055556,28-04-2026 18:00,95.5
41,AKKIHEBBAL,CWC,29,Karnataka,544,Mandya,KRISHNARAJPET,-,-,Cauvery,Cauvery,Hemavathi,-,-,Hemavathi,12.59861111,76.40055556,28-04-2026 19:00,48.1
42,AKKIHEBBAL,CWC,29,Karnataka,544,Mandya,KRISHNARAJPET,-,-,Cauvery,Cauvery,Hemavathi,-,-,Hemavathi,12.59861111,76.40055556,30-04-2026 01:00,0.7
43,AKKIHEBBAL,CWC,29,Karnataka,544,Mandya,KRISHNARAJPET,-,-,Cauvery,Cauvery,Hemavathi,-,-,Hemavathi,12.59861111,76.40055556,02-05-2026 13:00,0.5
44,AKKIHEBBAL,CWC,29,Karnataka,544,Mandya,KRISHNARAJPET,-,-,Cauvery,Cauvery,Hemavathi,-,-,Hemavathi,12.59861111,76.40055556,10-05-2026 06:30,57.5
45,AKKIHEBBAL,CWC,29,Karnataka,544,Mandya,KRISHNARAJPET,-,-,Cauvery,Cauvery,Hemavathi,-,-,Hemavathi,12.59861111,76.40055556,10-05-2026 07:30,69.1
46,AKKIHEBBAL,CWC,29,Karnataka,544,Mandya,KRISHNARAJPET,-,-,Cauvery,Cauvery,Hemavathi,-,-,Hemavathi,12.59861111,76.40055556,12-05-2026 17:30,8.8
47,AKKIHEBBAL,CWC,29,Karnataka,544,Mandya,KRISHNARAJPET,-,-,Cauvery,Cauvery,Hemavathi,-,-,Hemavathi,12.59861111,76.40055556,13-05-2026 09:00,2.9
48,AKKIHEBBAL,CWC,29,Karnataka,544,Mandya,KRISHNARAJPET,-,-,Cauvery,Cauvery,Hemavathi,-,-,Hemavathi,12.59861111,76.40055556,14-05-2026 22:00,1.9
49,AKKIHEBBAL,CWC,29,Karnataka,544,Mandya,KRISHNARAJPET,-,-,Cauvery,Cauvery,Hemavathi,-,-,Hemavathi,12.59861111,76.40055556,15-05-2026 10:00,4.1
50,AKKIHEBBAL,CWC,29,Karnataka,544,Mandya,KRISHNARAJPET,-,-,Cauvery,Cauvery,Hemavathi,-,-,Hemavathi,12.59861111,76.40055556,16-05-2026 17:00,0.1
51,AKKIHEBBAL,CWC,29,Karnataka,544,Mandya,KRISHNARAJPET,-,-,Cauvery,Cauvery,Hemavathi,-,-,Hemavathi,12.59861111,76.40055556,16-05-2026 18:00,0.2
52,AKKIHEBBAL,CWC,29,Karnataka,544,Mandya,KRISHNARAJPET,-,-,Cauvery,Cauvery,Hemavathi,-,-,Hemavathi,12.59861111,76.40055556,16-05-2026 19:00,0.2
53,AKKIHEBBAL,CWC,29,Karnataka,544,Mandya,KRISHNARAJPET,-,-,Cauvery,Cauvery,Hemavathi,-,-,Hemavathi,12.59861111,76.40055556,16-05-2026 21:00,1.1
54,AKKIHEBBAL,CWC,29,Karnataka,544,Mandya,KRISHNARAJPET,-,-,Cauvery,Cauvery,Hemavathi,-,-,Hemavathi,12.59861111,76.40055556,16-05-2026 22:00,1.1
55,AKKIHEBBAL,CWC,29,Karnataka,544,Mandya,KRISHNARAJPET,-,-,Cauvery,Cauvery,Hemavathi,-,-,Hemavathi,12.59861111,76.40055556,16-05-2026 23:00,1.1
56,AKKIHEBBAL,CWC,29,Karnataka,544,Mandya,KRISHNARAJPET,-,-,Cauvery,Cauvery,Hemavathi,-,-,Hemavathi,12.59861111,76.40055556,17-05-2026 00:00,1.1
57,AKKIHEBBAL,CWC,29,Karnataka,544,Mandya,KRISHNARAJPET,-,-,Cauvery,Cauvery,Hemavathi,-,-,Hemavathi,12.59861111,76.40055556,17-05-2026 01:00,1.1
58,AKKIHEBBAL,CWC,29,Karnataka,544,Mandya,KRISHNARAJPET,-,-,Cauvery,Cauvery,Hemavathi,-,-,Hemavathi,12.59861111,76.40055556,17-05-2026 02:00,1.1
59,AKKIHEBBAL,CWC,29,Karnataka,544,Mandya,KRISHNARAJPET,-,-,Cauvery,Cauvery,Hemavathi,-,-,Hemavathi,12.59861111,76.40055556,18-05-2026 06:00,92.1
60,AKKIHEBBAL,CWC,29,Karnataka,544,Mandya,KRISHNARAJPET,-,-,Cauvery,Cauvery,Hemavathi,-,-,Hemavathi,12.59861111,76.40055556,23-05-2026 12:00,0.8
61,AKKIHEBBAL,CWC,29,Karnataka,544,Mandya,KRISHNARAJPET,-,-,Cauvery,Cauvery,Hemavathi,-,-,Hemavathi,12.59861111,76.40055556,24-05-2026 18:00,0.3
62,AKKIHEBBAL,CWC,29,Karnataka,544,Mandya,KRISHNARAJPET,-,-,Cauvery,Cauvery,Hemavathi,-,-,Hemavathi,12.59861111,76.40055556,24-05-2026 19:00,0.7
63,AKKIHEBBAL,CWC,29,Karnataka,544,Mandya,KRISHNARAJPET,-,-,Cauvery,Cauvery,Hemavathi,-,-,Hemavathi,12.59861111,76.40055556,24-05-2026 20:00,0.4
64,AKKIHEBBAL,CWC,29,Karnataka,544,Mandya,KRISHNARAJPET,-,-,Cauvery,Cauvery,Hemavathi,-,-,Hemavathi,12.59861111,76.40055556,24-05-2026 21:00,0.4
65,AKKIHEBBAL,CWC,29,Karnataka,544,Mandya,KRISHNARAJPET,-,-,Cauvery,Cauvery,Hemavathi,-,-,Hemavathi,12.59861111,76.40055556,24-05-2026 22:00,0.4
66,AKKIHEBBAL,CWC,29,Karnataka,544,Mandya,KRISHNARAJPET,-,-,Cauvery,Cauvery,Hemavathi,-,-,Hemavathi,12.59861111,76.40055556,24-05-2026 23:00,0.4
67,AKKIHEBBAL,CWC,29,Karnataka,544,Mandya,KRISHNARAJPET,-,-,Cauvery,Cauvery,Hemavathi,-,-,Hemavathi,12.59861111,76.40055556,25-05-2026 18:00,0.3
68,AKKIHEBBAL,CWC,29,Karnataka,544,Mandya,KRISHNARAJPET,-,-,Cauvery,Cauvery,Hemavathi,-,-,Hemavathi,12.59861111,76.40055556,25-05-2026 19:00,0.3
69,AKKIHEBBAL,CWC,29,Karnataka,544,Mandya,KRISHNARAJPET,-,-,Cauvery,Cauvery,Hemavathi,-,-,Hemavathi,12.59861111,76.40055556,26-05-2026 07:00,4.8
70,AKKIHEBBAL,CWC,29,Karnataka,544,Mandya,KRISHNARAJPET,-,-,Cauvery,Cauvery,Hemavathi,-,-,Hemavathi,12.59861111,76.40055556,26-05-2026 14:00,14.4
71,AKKIHEBBAL,CWC,29,Karnataka,544,Mandya,KRISHNARAJPET,-,-,Cauvery,Cauvery,Hemavathi,-,-,Hemavathi,12.59861111,76.40055556,29-05-2026 01:00,0.9
72,AKKIHEBBAL,CWC,29,Karnataka,544,Mandya,KRISHNARAJPET,-,-,Cauvery,Cauvery,Hemavathi,-,-,Hemavathi,12.59861111,76.40055556,30-05-2026 00:00,0.8
73,AKKIHEBBAL,CWC,29,Karnataka,544,Mandya,KRISHNARAJPET,-,-,Cauvery,Cauvery,Hemavathi,-,-,Hemavathi,12.59861111,76.40055556,30-05-2026 01:00,0.1
74,AKKIHEBBAL,CWC,29,Karnataka,544,Mandya,KRISHNARAJPET,-,-,Cauvery,Cauvery,Hemavathi,-,-,Hemavathi,12.59861111,76.40055556,30-05-2026 13:00,51.2
75,AKKIHEBBAL,CWC,29,Karnataka,544,Mandya,KRISHNARAJPET,-,-,Cauvery,Cauvery,Hemavathi,-,-,Hemavathi,12.59861111,76.40055556,31-05-2026 03:00,2
76,AKKIHEBBAL,CWC,29,Karnataka,544,Mandya,KRISHNARAJPET,-,-,Cauvery,Cauvery,Hemavathi,-,-,Hemavathi,12.59861111,76.40055556,31-05-2026 10:00,64
77,AKKIHEBBAL,CWC,29,Karnataka,544,Mandya,KRISHNARAJPET,-,-,Cauvery,Cauvery,Hemavathi,-,-,Hemavathi,12.59861111,76.40055556,31-05-2026 23:00,49.5
78,AKKIHEBBAL,CWC,29,Karnataka,544,Mandya,KRISHNARAJPET,-,-,Cauvery,Cauvery,Hemavathi,-,-,Hemavathi,12.59861111,76.40055556,02-06-2026 00:00,0.1
79,AKKIHEBBAL,CWC,29,Karnataka,544,Mandya,KRISHNARAJPET,-,-,Cauvery,Cauvery,Hemavathi,-,-,Hemavathi,12.59861111,76.40055556,02-06-2026 01:00,0.1
80,AKKIHEBBAL,CWC,29,Karnataka,544,Mandya,KRISHNARAJPET,-,-,Cauvery,Cauvery,Hemavathi,-,-,Hemavathi,12.59861111,76.40055556,03-06-2026 02:00,39.1
81,AKKIHEBBAL,CWC,29,Karnataka,544,Mandya,KRISHNARAJPET,-,-,Cauvery,Cauvery,Hemavathi,-,-,Hemavathi,12.59861111,76.40055556,03-06-2026 09:00,0.3
82,Almatti Reservoir,CWC,29,Karnataka,524,Bagalkote,BAGALKOT,-,-,Krishna,Krishna,-,-,-,Krishna,16.33000000,75.88000000,02-01-2026 22:00,96
83,Almatti Reservoir,CWC,29,Karnataka,524,Bagalkote,BAGALKOT,-,-,Krishna,Krishna,-,-,-,Krishna,16.33000000,75.88000000,04-01-2026 11:00,1
84,Almatti Reservoir,CWC,29,Karnataka,524,Bagalkote,BAGALKOT,-,-,Krishna,Krishna,-,-,-,Krishna,16.33000000,75.88000000,08-01-2026 22:00,40
85,Almatti Reservoir,CWC,29,Karnataka,524,Bagalkote,BAGALKOT,-,-,Krishna,Krishna,-,-,-,Krishna,16.33000000,75.88000000,10-01-2026 13:00,116
86,Almatti Reservoir,CWC,29,Karnataka,524,Bagalkote,BAGALKOT,-,-,Krishna,Krishna,-,-,-,Krishna,16.33000000,75.88000000,11-01-2026 22:00,0.5
87,Almatti Reservoir,CWC,29,Karnataka,524,Bagalkote,BAGALKOT,-,-,Krishna,Krishna,-,-,-,Krishna,16.33000000,75.88000000,11-01-2026 23:00,0.5
88,Almatti Reservoir,CWC,29,Karnataka,524,Bagalkote,BAGALKOT,-,-,Krishna,Krishna,-,-,-,Krishna,16.33000000,75.88000000,17-01-2026 00:00,221
89,Almatti Reservoir,CWC,29,Karnataka,524,Bagalkote,BAGALKOT,-,-,Krishna,Krishna,-,-,-,Krishna,16.33000000,75.88000000,01-02-2026 11:00,1.5
90,Almatti Reservoir,CWC,29,Karnataka,524,Bagalkote,BAGALKOT,-,-,Krishna,Krishna,-,-,-,Krishna,16.33000000,75.88000000,09-02-2026 18:00,42
91,Almatti Reservoir,CWC,29,Karnataka,524,Bagalkote,BAGALKOT,-,-,Krishna,Krishna,-,-,-,Krishna,16.33000000,75.88000000,22-02-2026 01:00,4
92,Almatti Reservoir,CWC,29,Karnataka,524,Bagalkote,BAGALKOT,-,-,Krishna,Krishna,-,-,-,Krishna,16.33000000,75.88000000,19-03-2026 02:00,1
93,Almatti Reservoir,CWC,29,Karnataka,524,Bagalkote,BAGALKOT,-,-,Krishna,Krishna,-,-,-,Krishna,16.33000000,75.88000000,19-03-2026 05:00,0.5
94,Almatti Reservoir,CWC,29,Karnataka,524,Bagalkote,BAGALKOT,-,-,Krishna,Krishna,-,-,-,Krishna,16.33000000,75.88000000,25-03-2026 04:00,0.5
95,Almatti Reservoir,CWC,29,Karnataka,524,Bagalkote,BAGALKOT,-,-,Krishna,Krishna,-,-,-,Krishna,16.33000000,75.88000000,04-04-2026 18:00,451
96,Almatti Reservoir,CWC,29,Karnataka,524,Bagalkote,BAGALKOT,-,-,Krishna,Krishna,-,-,-,Krishna,16.33000000,75.88000000,06-04-2026 18:00,6
97,Almatti Reservoir,CWC,29,Karnataka,524,Bagalkote,BAGALKOT,-,-,Krishna,Krishna,-,-,-,Krishna,16.33000000,75.88000000,07-04-2026 20:00,0.5
98,Almatti Reservoir,CWC,29,Karnataka,524,Bagalkote,BAGALKOT,-,-,Krishna,Krishna,-,-,-,Krishna,16.33000000,75.88000000,08-04-2026 10:00,1
99,Almatti Reservoir,CWC,29,Karnataka,524,Bagalkote,BAGALKOT,-,-,Krishna,Krishna,-,-,-,Krishna,16.33000000,75.88000000,09-04-2026 13:00,0.5
100,Almatti Reservoir,CWC,29,Karnataka,524,Bagalkote,BAGALKOT,-,-,Krishna,Krishna,-,-,-,Krishna,16.33000000,75.88000000,11-04-2026 09:00,0.5
101,Almatti Reservoir,CWC,29,Karnataka,524,Bagalkote,BAGALKOT,-,-,Krishna,Krishna,-,-,-,Krishna,16.33000000,75.88000000,11-04-2026 10:00,2
102,Almatti Reservoir,CWC,29,Karnataka,524,Bagalkote,BAGALKOT,-,-,Krishna,Krishna,-,-,-,Krishna,16.33000000,75.88000000,11-04-2026 11:00,0.5
103,Almatti Reservoir,CWC,29,Karnataka,524,Bagalkote,BAGALKOT,-,-,Krishna,Krishna,-,-,-,Krishna,16.33000000,75.88000000,11-04-2026 15:00,0.5
104,Almatti Reservoir,CWC,29,Karnataka,524,Bagalkote,BAGALKOT,-,-,Krishna,Krishna,-,-,-,Krishna,16.33000000,75.88000000,11-04-2026 17:00,0.5
105,Almatti Reservoir,CWC,29,Karnataka,524,Bagalkote,BAGALKOT,-,-,Krishna,Krishna,-,-,-,Krishna,16.33000000,75.88000000,11-04-2026 22:00,0.5
106,Almatti Reservoir,CWC,29,Karnataka,524,Bagalkote,BAGALKOT,-,-,Krishna,Krishna,-,-,-,Krishna,16.33000000,75.88000000,13-04-2026 06:00,0.5
107,Almatti Reservoir,CWC,29,Karnataka,524,Bagalkote,BAGALKOT,-,-,Krishna,Krishna,-,-,-,Krishna,16.33000000,75.88000000,13-04-2026 07:00,0.5
108,Almatti Reservoir,CWC,29,Karnataka,524,Bagalkote,BAGALKOT,-,-,Krishna,Krishna,-,-,-,Krishna,16.33000000,75.88000000,13-04-2026 10:00,0.5
109,Almatti Reservoir,CWC,29,Karnataka,524,Bagalkote,BAGALKOT,-,-,Krishna,Krishna,-,-,-,Krishna,16.33000000,75.88000000,13-04-2026 13:00,0.5
110,Almatti Reservoir,CWC,29,Karnataka,524,Bagalkote,BAGALKOT,-,-,Krishna,Krishna,-,-,-,Krishna,16.33000000,75.88000000,13-04-2026 15:00,0.5
111,Almatti Reservoir,CWC,29,Karnataka,524,Bagalkote,BAGALKOT,-,-,Krishna,Krishna,-,-,-,Krishna,16.33000000,75.88000000,13-04-2026 18:00,0.5
112,Almatti Reservoir,CWC,29,Karnataka,524,Bagalkote,BAGALKOT,-,-,Krishna,Krishna,-,-,-,Krishna,16.33000000,75.88000000,13-04-2026 19:00,0.5
113,Almatti Reservoir,CWC,29,Karnataka,524,Bagalkote,BAGALKOT,-,-,Krishna,Krishna,-,-,-,Krishna,16.33000000,75.88000000,13-04-2026 22:00,0.5
114,Almatti Reservoir,CWC,29,Karnataka,524,Bagalkote,BAGALKOT,-,-,Krishna,Krishna,-,-,-,Krishna,16.33000000,75.88000000,17-04-2026 19:00,258
115,Almatti Reservoir,CWC,29,Karnataka,524,Bagalkote,BAGALKOT,-,-,Krishna,Krishna,-,-,-,Krishna,16.33000000,75.88000000,18-04-2026 04:00,312
116,Almatti Reservoir,CWC,29,Karnataka,524,Bagalkote,BAGALKOT,-,-,Krishna,Krishna,-,-,-,Krishna,16.33000000,75.88000000,18-04-2026 05:00,48
117,Almatti Reservoir,CWC,29,Karnataka,524,Bagalkote,BAGALKOT,-,-,Krishna,Krishna,-,-,-,Krishna,16.33000000,75.88000000,19-04-2026 14:00,0.5
118,Almatti Reservoir,CWC,29,Karnataka,524,Bagalkote,BAGALKOT,-,-,Krishna,Krishna,-,-,-,Krishna,16.33000000,75.88000000,19-04-2026 15:00,257
119,Almatti Reservoir,CWC,29,Karnataka,524,Bagalkote,BAGALKOT,-,-,Krishna,Krishna,-,-,-,Krishna,16.33000000,75.88000000,19-04-2026 18:00,8
120,Almatti Reservoir,CWC,29,Karnataka,524,Bagalkote,BAGALKOT,-,-,Krishna,Krishna,-,-,-,Krishna,16.33000000,75.88000000,19-04-2026 21:00,14.5
121,Almatti Reservoir,CWC,29,Karnataka,524,Bagalkote,BAGALKOT,-,-,Krishna,Krishna,-,-,-,Krishna,16.33000000,75.88000000,19-04-2026 22:00,21.5
122,Almatti Reservoir,CWC,29,Karnataka,524,Bagalkote,BAGALKOT,-,-,Krishna,Krishna,-,-,-,Krishna,16.33000000,75.88000000,19-04-2026 23:00,14.5
123,Almatti Reservoir,CWC,29,Karnataka,524,Bagalkote,BAGALKOT,-,-,Krishna,Krishna,-,-,-,Krishna,16.33000000,75.88000000,20-04-2026 02:00,0.5
124,Almatti Reservoir,CWC,29,Karnataka,524,Bagalkote,BAGALKOT,-,-,Krishna,Krishna,-,-,-,Krishna,16.33000000,75.88000000,20-04-2026 03:00,0.5
125,Almatti Reservoir,CWC,29,Karnataka,524,Bagalkote,BAGALKOT,-,-,Krishna,Krishna,-,-,-,Krishna,16.33000000,75.88000000,20-04-2026 04:00,0.5
126,Almatti Reservoir,CWC,29,Karnataka,524,Bagalkote,BAGALKOT,-,-,Krishna,Krishna,-,-,-,Krishna,16.33000000,75.88000000,20-04-2026 05:00,0.5
127,Almatti Reservoir,CWC,29,Karnataka,524,Bagalkote,BAGALKOT,-,-,Krishna,Krishna,-,-,-,Krishna,16.33000000,75.88000000,20-04-2026 07:00,0.5
128,Almatti Reservoir,CWC,29,Karnataka,524,Bagalkote,BAGALKOT,-,-,Krishna,Krishna,-,-,-,Krishna,16.33000000,75.88000000,20-04-2026 11:00,0.5
129,Almatti Reservoir,CWC,29,Karnataka,524,Bagalkote,BAGALKOT,-,-,Krishna,Krishna,-,-,-,Krishna,16.33000000,75.88000000,20-04-2026 15:00,0.5
130,Almatti Reservoir,CWC,29,Karnataka,524,Bagalkote,BAGALKOT,-,-,Krishna,Krishna,-,-,-,Krishna,16.33000000,75.88000000,20-04-2026 16:00,0.5
131,Almatti Reservoir,CWC,29,Karnataka,524,Bagalkote,BAGALKOT,-,-,Krishna,Krishna,-,-,-,Krishna,16.33000000,75.88000000,20-04-2026 19:00,0.5
132,Almatti Reservoir,CWC,29,Karnataka,524,Bagalkote,BAGALKOT,-,-,Krishna,Krishna,-,-,-,Krishna,16.33000000,75.88000000,20-04-2026 21:00,0.5
133,Almatti Reservoir,CWC,29,Karnataka,524,Bagalkote,BAGALKOT,-,-,Krishna,Krishna,-,-,-,Krishna,16.33000000,75.88000000,20-04-2026 22:00,0.5
134,Almatti Reservoir,CWC,29,Karnataka,524,Bagalkote,BAGALKOT,-,-,Krishna,Krishna,-,-,-,Krishna,16.33000000,75.88000000,20-04-2026 23:00,0.5
135,Almatti Reservoir,CWC,29,Karnataka,524,Bagalkote,BAGALKOT,-,-,Krishna,Krishna,-,-,-,Krishna,16.33000000,75.88000000,21-04-2026 17:00,2
136,Almatti Reservoir,CWC,29,Karnataka,524,Bagalkote,BAGALKOT,-,-,Krishna,Krishna,-,-,-,Krishna,16.33000000,75.88000000,21-04-2026 18:00,2
137,Almatti Reservoir,CWC,29,Karnataka,524,Bagalkote,BAGALKOT,-,-,Krishna,Krishna,-,-,-,Krishna,16.33000000,75.88000000,21-04-2026 23:00,2
138,Almatti Reservoir,CWC,29,Karnataka,524,Bagalkote,BAGALKOT,-,-,Krishna,Krishna,-,-,-,Krishna,16.33000000,75.88000000,23-04-2026 21:00,5
139,Almatti Reservoir,CWC,29,Karnataka,524,Bagalkote,BAGALKOT,-,-,Krishna,Krishna,-,-,-,Krishna,16.33000000,75.88000000,24-04-2026 04:00,1
140,Almatti Reservoir,CWC,29,Karnataka,524,Bagalkote,BAGALKOT,-,-,Krishna,Krishna,-,-,-,Krishna,16.33000000,75.88000000,24-04-2026 05:00,1.5
141,Almatti Reservoir,CWC,29,Karnataka,524,Bagalkote,BAGALKOT,-,-,Krishna,Krishna,-,-,-,Krishna,16.33000000,75.88000000,24-04-2026 06:00,0.5
142,Almatti Reservoir,CWC,29,Karnataka,524,Bagalkote,BAGALKOT,-,-,Krishna,Krishna,-,-,-,Krishna,16.33000000,75.88000000,24-04-2026 12:00,1
143,Almatti Reservoir,CWC,29,Karnataka,524,Bagalkote,BAGALKOT,-,-,Krishna,Krishna,-,-,-,Krishna,16.33000000,75.88000000,24-04-2026 18:00,1
144,Almatti Reservoir,CWC,29,Karnataka,524,Bagalkote,BAGALKOT,-,-,Krishna,Krishna,-,-,-,Krishna,16.33000000,75.88000000,27-04-2026 03:00,39
145,Almatti Reservoir,CWC,29,Karnataka,524,Bagalkote,BAGALKOT,-,-,Krishna,Krishna,-,-,-,Krishna,16.33000000,75.88000000,28-04-2026 19:00,1
146,Almatti Reservoir,CWC,29,Karnataka,524,Bagalkote,BAGALKOT,-,-,Krishna,Krishna,-,-,-,Krishna,16.33000000,75.88000000,16-05-2026 10:00,0.5
147,Almatti Reservoir,CWC,29,Karnataka,524,Bagalkote,BAGALKOT,-,-,Krishna,Krishna,-,-,-,Krishna,16.33000000,75.88000000,16-05-2026 14:00,0.5
148,Almatti Reservoir,CWC,29,Karnataka,524,Bagalkote,BAGALKOT,-,-,Krishna,Krishna,-,-,-,Krishna,16.33000000,75.88000000,16-05-2026 15:00,0.5
149,Almatti Reservoir,CWC,29,Karnataka,524,Bagalkote,BAGALKOT,-,-,Krishna,Krishna,-,-,-,Krishna,16.33000000,75.88000000,24-05-2026 12:00,0.5
150,Almatti Reservoir,CWC,29,Karnataka,524,Bagalkote,BAGALKOT,-,-,Krishna,Krishna,-,-,-,Krishna,16.33000000,75.88000000,24-05-2026 14:00,0.5
151,Almatti Reservoir,CWC,29,Karnataka,524,Bagalkote,BAGALKOT,-,-,Krishna,Krishna,-,-,-,Krishna,16.33000000,75.88000000,28-05-2026 12:00,0.5
152,Almatti Reservoir,CWC,29,Karnataka,524,Bagalkote,BAGALKOT,-,-,Krishna,Krishna,-,-,-,Krishna,16.33000000,75.88000000,02-06-2026 04:00,3
153,Bhadra Reservoir,CWC,29,Karnataka,532,Chikkamagaluru,TARIKERE,-,-,Krishna,Krishna,Tungabhadra,Bhadra,-,Bhadra,13.70135278,75.63661111,03-01-2026 00:00,4
154,Bhadra Reservoir,CWC,29,Karnataka,532,Chikkamagaluru,TARIKERE,-,-,Krishna,Krishna,Tungabhadra,Bhadra,-,Bhadra,13.70135278,75.63661111,03-01-2026 02:00,4.2
155,Bhadra Reservoir,CWC,29,Karnataka,532,Chikkamagaluru,TARIKERE,-,-,Krishna,Krishna,Tungabhadra,Bhadra,-,Bhadra,13.70135278,75.63661111,03-01-2026 22:00,64
156,Bhadra Reservoir,CWC,29,Karnataka,532,Chikkamagaluru,TARIKERE,-,-,Krishna,Krishna,Tungabhadra,Bhadra,-,Bhadra,13.70135278,75.63661111,04-01-2026 08:00,7.2
157,Bhadra Reservoir,CWC,29,Karnataka,532,Chikkamagaluru,TARIKERE,-,-,Krishna,Krishna,Tungabhadra,Bhadra,-,Bhadra,13.70135278,75.63661111,05-01-2026 04:00,10.6
158,Bhadra Reservoir,CWC,29,Karnataka,532,Chikkamagaluru,TARIKERE,-,-,Krishna,Krishna,Tungabhadra,Bhadra,-,Bhadra,13.70135278,75.63661111,05-01-2026 08:00,0.3
159,Bhadra Reservoir,CWC,29,Karnataka,532,Chikkamagaluru,TARIKERE,-,-,Krishna,Krishna,Tungabhadra,Bhadra,-,Bhadra,13.70135278,75.63661111,07-01-2026 18:00,11
160,Bhadra Reservoir,CWC,29,Karnataka,532,Chikkamagaluru,TARIKERE,-,-,Krishna,Krishna,Tungabhadra,Bhadra,-,Bhadra,13.70135278,75.63661111,09-01-2026 01:00,13.8
161,Bhadra Reservoir,CWC,29,Karnataka,532,Chikkamagaluru,TARIKERE,-,-,Krishna,Krishna,Tungabhadra,Bhadra,-,Bhadra,13.70135278,75.63661111,15-01-2026 01:00,0.1
162,Bhadra Reservoir,CWC,29,Karnataka,532,Chikkamagaluru,TARIKERE,-,-,Krishna,Krishna,Tungabhadra,Bhadra,-,Bhadra,13.70135278,75.63661111,15-01-2026 07:00,38.4
163,Bhadra Reservoir,CWC,29,Karnataka,532,Chikkamagaluru,TARIKERE,-,-,Krishna,Krishna,Tungabhadra,Bhadra,-,Bhadra,13.70135278,75.63661111,01-02-2026 01:00,25.7
164,Bhadra Reservoir,CWC,29,Karnataka,532,Chikkamagaluru,TARIKERE,-,-,Krishna,Krishna,Tungabhadra,Bhadra,-,Bhadra,13.70135278,75.63661111,01-02-2026 08:00,76.8
165,Bhadra Reservoir,CWC,29,Karnataka,532,Chikkamagaluru,TARIKERE,-,-,Krishna,Krishna,Tungabhadra,Bhadra,-,Bhadra,13.70135278,75.63661111,03-02-2026 06:00,2.5
166,Bhadra Reservoir,CWC,29,Karnataka,532,Chikkamagaluru,TARIKERE,-,-,Krishna,Krishna,Tungabhadra,Bhadra,-,Bhadra,13.70135278,75.63661111,02-03-2026 04:00,76.8
167,Bhadra Reservoir,CWC,29,Karnataka,532,Chikkamagaluru,TARIKERE,-,-,Krishna,Krishna,Tungabhadra,Bhadra,-,Bhadra,13.70135278,75.63661111,29-03-2026 03:00,38.4
168,Bhadra Reservoir,CWC,29,Karnataka,532,Chikkamagaluru,TARIKERE,-,-,Krishna,Krishna,Tungabhadra,Bhadra,-,Bhadra,13.70135278,75.63661111,02-04-2026 18:00,66.6
169,Bhadra Reservoir,CWC,29,Karnataka,532,Chikkamagaluru,TARIKERE,-,-,Krishna,Krishna,Tungabhadra,Bhadra,-,Bhadra,13.70135278,75.63661111,03-04-2026 19:00,72.2
170,Bhadra Reservoir,CWC,29,Karnataka,532,Chikkamagaluru,TARIKERE,-,-,Krishna,Krishna,Tungabhadra,Bhadra,-,Bhadra,13.70135278,75.63661111,04-04-2026 17:00,2.1
171,Bhadra Reservoir,CWC,29,Karnataka,532,Chikkamagaluru,TARIKERE,-,-,Krishna,Krishna,Tungabhadra,Bhadra,-,Bhadra,13.70135278,75.63661111,06-04-2026 15:00,36.1
172,Bhadra Reservoir,CWC,29,Karnataka,532,Chikkamagaluru,TARIKERE,-,-,Krishna,Krishna,Tungabhadra,Bhadra,-,Bhadra,13.70135278,75.63661111,06-04-2026 16:00,61.8
173,Bhadra Reservoir,CWC,29,Karnataka,532,Chikkamagaluru,TARIKERE,-,-,Krishna,Krishna,Tungabhadra,Bhadra,-,Bhadra,13.70135278,75.63661111,06-04-2026 23:00,12.8
174,Bhadra Reservoir,CWC,29,Karnataka,532,Chikkamagaluru,TARIKERE,-,-,Krishna,Krishna,Tungabhadra,Bhadra,-,Bhadra,13.70135278,75.63661111,11-04-2026 14:30,13.6
175,Bhadra Reservoir,CWC,29,Karnataka,532,Chikkamagaluru,TARIKERE,-,-,Krishna,Krishna,Tungabhadra,Bhadra,-,Bhadra,13.70135278,75.63661111,14-04-2026 07:00,0.4
176,Bhadra Reservoir,CWC,29,Karnataka,532,Chikkamagaluru,TARIKERE,-,-,Krishna,Krishna,Tungabhadra,Bhadra,-,Bhadra,13.70135278,75.63661111,17-04-2026 17:00,6.5
177,Bhadra Reservoir,CWC,29,Karnataka,532,Chikkamagaluru,TARIKERE,-,-,Krishna,Krishna,Tungabhadra,Bhadra,-,Bhadra,13.70135278,75.63661111,18-04-2026 00:00,32.8
178,Bhadra Reservoir,CWC,29,Karnataka,532,Chikkamagaluru,TARIKERE,-,-,Krishna,Krishna,Tungabhadra,Bhadra,-,Bhadra,13.70135278,75.63661111,18-04-2026 09:00,4.2
179,Bhadra Reservoir,CWC,29,Karnataka,532,Chikkamagaluru,TARIKERE,-,-,Krishna,Krishna,Tungabhadra,Bhadra,-,Bhadra,13.70135278,75.63661111,18-04-2026 11:00,64
180,Bhadra Reservoir,CWC,29,Karnataka,532,Chikkamagaluru,TARIKERE,-,-,Krishna,Krishna,Tungabhadra,Bhadra,-,Bhadra,13.70135278,75.63661111,20-04-2026 02:00,0.1
181,Bhadra Reservoir,CWC,29,Karnataka,532,Chikkamagaluru,TARIKERE,-,-,Krishna,Krishna,Tungabhadra,Bhadra,-,Bhadra,13.70135278,75.63661111,20-04-2026 03:00,0.1
182,Bhadra Reservoir,CWC,29,Karnataka,532,Chikkamagaluru,TARIKERE,-,-,Krishna,Krishna,Tungabhadra,Bhadra,-,Bhadra,13.70135278,75.63661111,20-04-2026 10:00,75.7
183,Bhadra Reservoir,CWC,29,Karnataka,532,Chikkamagaluru,TARIKERE,-,-,Krishna,Krishna,Tungabhadra,Bhadra,-,Bhadra,13.70135278,75.63661111,20-04-2026 23:00,38.4
184,Bhadra Reservoir,CWC,29,Karnataka,532,Chikkamagaluru,TARIKERE,-,-,Krishna,Krishna,Tungabhadra,Bhadra,-,Bhadra,13.70135278,75.63661111,22-04-2026 02:00,0.1
185,Bhadra Reservoir,CWC,29,Karnataka,532,Chikkamagaluru,TARIKERE,-,-,Krishna,Krishna,Tungabhadra,Bhadra,-,Bhadra,13.70135278,75.63661111,29-04-2026 13:00,4.8
186,Bhadra Reservoir,CWC,29,Karnataka,532,Chikkamagaluru,TARIKERE,-,-,Krishna,Krishna,Tungabhadra,Bhadra,-,Bhadra,13.70135278,75.63661111,01-05-2026 16:00,50.6
187,Bhadra Reservoir,CWC,29,Karnataka,532,Chikkamagaluru,TARIKERE,-,-,Krishna,Krishna,Tungabhadra,Bhadra,-,Bhadra,13.70135278,75.63661111,11-05-2026 00:00,76.8
188,Bhadra Reservoir,CWC,29,Karnataka,532,Chikkamagaluru,TARIKERE,-,-,Krishna,Krishna,Tungabhadra,Bhadra,-,Bhadra,13.70135278,75.63661111,11-05-2026 01:00,6.8
189,Bhadra Reservoir,CWC,29,Karnataka,532,Chikkamagaluru,TARIKERE,-,-,Krishna,Krishna,Tungabhadra,Bhadra,-,Bhadra,13.70135278,75.63661111,11-05-2026 05:00,64
190,Bhadra Reservoir,CWC,29,Karnataka,532,Chikkamagaluru,TARIKERE,-,-,Krishna,Krishna,Tungabhadra,Bhadra,-,Bhadra,13.70135278,75.63661111,12-05-2026 09:00,64
191,Bhadra Reservoir,CWC,29,Karnataka,532,Chikkamagaluru,TARIKERE,-,-,Krishna,Krishna,Tungabhadra,Bhadra,-,Bhadra,13.70135278,75.63661111,12-05-2026 12:00,12
192,Bhadra Reservoir,CWC,29,Karnataka,532,Chikkamagaluru,TARIKERE,-,-,Krishna,Krishna,Tungabhadra,Bhadra,-,Bhadra,13.70135278,75.63661111,13-05-2026 20:00,7.2
193,Bhadra Reservoir,CWC,29,Karnataka,532,Chikkamagaluru,TARIKERE,-,-,Krishna,Krishna,Tungabhadra,Bhadra,-,Bhadra,13.70135278,75.63661111,21-05-2026 07:00,4
194,Bhadra Reservoir,CWC,29,Karnataka,532,Chikkamagaluru,TARIKERE,-,-,Krishna,Krishna,Tungabhadra,Bhadra,-,Bhadra,13.70135278,75.63661111,24-05-2026 18:00,6
195,Bhadra Reservoir,CWC,29,Karnataka,532,Chikkamagaluru,TARIKERE,-,-,Krishna,Krishna,Tungabhadra,Bhadra,-,Bhadra,13.70135278,75.63661111,26-05-2026 09:00,101.6
196,Bhadra Reservoir,CWC,29,Karnataka,532,Chikkamagaluru,TARIKERE,-,-,Krishna,Krishna,Tungabhadra,Bhadra,-,Bhadra,13.70135278,75.63661111,26-05-2026 10:00,29.8
197,Bhadra Reservoir,CWC,29,Karnataka,532,Chikkamagaluru,TARIKERE,-,-,Krishna,Krishna,Tungabhadra,Bhadra,-,Bhadra,13.70135278,75.63661111,26-05-2026 14:00,3
198,Bhadra Reservoir,CWC,29,Karnataka,532,Chikkamagaluru,TARIKERE,-,-,Krishna,Krishna,Tungabhadra,Bhadra,-,Bhadra,13.70135278,75.63661111,27-05-2026 12:00,96.7
199,Bhadra Reservoir,CWC,29,Karnataka,532,Chikkamagaluru,TARIKERE,-,-,Krishna,Krishna,Tungabhadra,Bhadra,-,Bhadra,13.70135278,75.63661111,30-05-2026 11:00,38.4
200,Bhadra Reservoir,CWC,29,Karnataka,532,Chikkamagaluru,TARIKERE,-,-,Krishna,Krishna,Tungabhadra,Bhadra,-,Bhadra,13.70135278,75.63661111,02-06-2026 18:00,31
201,Harangi Reservoir,CWC,29,Karnataka,541,Kodagu,SOMVARPET,-,-,Cauvery,Cauvery,Harangi,-,-,Harangi,12.49380000,75.90541389,10-01-2026 20:00,76.8
202,Harangi Reservoir,CWC,29,Karnataka,541,Kodagu,SOMVARPET,-,-,Cauvery,Cauvery,Harangi,-,-,Harangi,12.49380000,75.90541389,01-02-2026 18:00,7.2
203,Harangi Reservoir,CWC,29,Karnataka,541,Kodagu,SOMVARPET,-,-,Cauvery,Cauvery,Harangi,-,-,Harangi,12.49380000,75.90541389,09-02-2026 03:00,58.6
204,Harangi Reservoir,CWC,29,Karnataka,541,Kodagu,SOMVARPET,-,-,Cauvery,Cauvery,Harangi,-,-,Harangi,12.49380000,75.90541389,13-02-2026 06:00,5.4
205,Harangi Reservoir,CWC,29,Karnataka,541,Kodagu,SOMVARPET,-,-,Cauvery,Cauvery,Harangi,-,-,Harangi,12.49380000,75.90541389,16-02-2026 05:00,3.5
206,Harangi Reservoir,CWC,29,Karnataka,541,Kodagu,SOMVARPET,-,-,Cauvery,Cauvery,Harangi,-,-,Harangi,12.49380000,75.90541389,17-02-2026 22:00,25.7
207,Harangi Reservoir,CWC,29,Karnataka,541,Kodagu,SOMVARPET,-,-,Cauvery,Cauvery,Harangi,-,-,Harangi,12.49380000,75.90541389,25-02-2026 02:00,64
208,Harangi Reservoir,CWC,29,Karnataka,541,Kodagu,SOMVARPET,-,-,Cauvery,Cauvery,Harangi,-,-,Harangi,12.49380000,75.90541389,01-03-2026 06:00,38.4
209,Harangi Reservoir,CWC,29,Karnataka,541,Kodagu,SOMVARPET,-,-,Cauvery,Cauvery,Harangi,-,-,Harangi,12.49380000,75.90541389,02-03-2026 06:00,7.3
210,Harangi Reservoir,CWC,29,Karnataka,541,Kodagu,SOMVARPET,-,-,Cauvery,Cauvery,Harangi,-,-,Harangi,12.49380000,75.90541389,29-03-2026 05:00,0.1
211,Harangi Reservoir,CWC,29,Karnataka,541,Kodagu,SOMVARPET,-,-,Cauvery,Cauvery,Harangi,-,-,Harangi,12.49380000,75.90541389,30-03-2026 07:00,19.4
212,Harangi Reservoir,CWC,29,Karnataka,541,Kodagu,SOMVARPET,-,-,Cauvery,Cauvery,Harangi,-,-,Harangi,12.49380000,75.90541389,30-03-2026 08:00,1.7
213,Harangi Reservoir,CWC,29,Karnataka,541,Kodagu,SOMVARPET,-,-,Cauvery,Cauvery,Harangi,-,-,Harangi,12.49380000,75.90541389,31-03-2026 02:00,4.4
214,Harangi Reservoir,CWC,29,Karnataka,541,Kodagu,SOMVARPET,-,-,Cauvery,Cauvery,Harangi,-,-,Harangi,12.49380000,75.90541389,01-04-2026 01:00,0.2
215,Harangi Reservoir,CWC,29,Karnataka,541,Kodagu,SOMVARPET,-,-,Cauvery,Cauvery,Harangi,-,-,Harangi,12.49380000,75.90541389,01-04-2026 02:00,0.2
216,Harangi Reservoir,CWC,29,Karnataka,541,Kodagu,SOMVARPET,-,-,Cauvery,Cauvery,Harangi,-,-,Harangi,12.49380000,75.90541389,02-04-2026 15:00,59.4
217,Harangi Reservoir,CWC,29,Karnataka,541,Kodagu,SOMVARPET,-,-,Cauvery,Cauvery,Harangi,-,-,Harangi,12.49380000,75.90541389,02-04-2026 21:00,0.1
218,Harangi Reservoir,CWC,29,Karnataka,541,Kodagu,SOMVARPET,-,-,Cauvery,Cauvery,Harangi,-,-,Harangi,12.49380000,75.90541389,03-04-2026 16:00,0.3
219,Harangi Reservoir,CWC,29,Karnataka,541,Kodagu,SOMVARPET,-,-,Cauvery,Cauvery,Harangi,-,-,Harangi,12.49380000,75.90541389,03-04-2026 18:00,0.1
220,Harangi Reservoir,CWC,29,Karnataka,541,Kodagu,SOMVARPET,-,-,Cauvery,Cauvery,Harangi,-,-,Harangi,12.49380000,75.90541389,03-04-2026 21:00,0.1
221,Harangi Reservoir,CWC,29,Karnataka,541,Kodagu,SOMVARPET,-,-,Cauvery,Cauvery,Harangi,-,-,Harangi,12.49380000,75.90541389,04-04-2026 01:00,0.1
222,Harangi Reservoir,CWC,29,Karnataka,541,Kodagu,SOMVARPET,-,-,Cauvery,Cauvery,Harangi,-,-,Harangi,12.49380000,75.90541389,05-04-2026 17:00,0.2
223,Harangi Reservoir,CWC,29,Karnataka,541,Kodagu,SOMVARPET,-,-,Cauvery,Cauvery,Harangi,-,-,Harangi,12.49380000,75.90541389,05-04-2026 21:00,0.1
224,Harangi Reservoir,CWC,29,Karnataka,541,Kodagu,SOMVARPET,-,-,Cauvery,Cauvery,Harangi,-,-,Harangi,12.49380000,75.90541389,05-04-2026 23:00,0.1
225,Harangi Reservoir,CWC,29,Karnataka,541,Kodagu,SOMVARPET,-,-,Cauvery,Cauvery,Harangi,-,-,Harangi,12.49380000,75.90541389,17-04-2026 20:00,38.4
226,Harangi Reservoir,CWC,29,Karnataka,541,Kodagu,SOMVARPET,-,-,Cauvery,Cauvery,Harangi,-,-,Harangi,12.49380000,75.90541389,19-04-2026 18:00,21.9
227,Harangi Reservoir,CWC,29,Karnataka,541,Kodagu,SOMVARPET,-,-,Cauvery,Cauvery,Harangi,-,-,Harangi,12.49380000,75.90541389,23-04-2026 15:00,5.9
228,Harangi Reservoir,CWC,29,Karnataka,541,Kodagu,SOMVARPET,-,-,Cauvery,Cauvery,Harangi,-,-,Harangi,12.49380000,75.90541389,25-04-2026 03:00,19.2
229,Harangi Reservoir,CWC,29,Karnataka,541,Kodagu,SOMVARPET,-,-,Cauvery,Cauvery,Harangi,-,-,Harangi,12.49380000,75.90541389,27-04-2026 17:00,7.4
230,Harangi Reservoir,CWC,29,Karnataka,541,Kodagu,SOMVARPET,-,-,Cauvery,Cauvery,Harangi,-,-,Harangi,12.49380000,75.90541389,29-04-2026 23:00,0.2
231,Harangi Reservoir,CWC,29,Karnataka,541,Kodagu,SOMVARPET,-,-,Cauvery,Cauvery,Harangi,-,-,Harangi,12.49380000,75.90541389,30-04-2026 00:00,0.2
232,Harangi Reservoir,CWC,29,Karnataka,541,Kodagu,SOMVARPET,-,-,Cauvery,Cauvery,Harangi,-,-,Harangi,12.49380000,75.90541389,02-05-2026 15:00,1
233,Harangi Reservoir,CWC,29,Karnataka,541,Kodagu,SOMVARPET,-,-,Cauvery,Cauvery,Harangi,-,-,Harangi,12.49380000,75.90541389,02-05-2026 17:00,1
234,Harangi Reservoir,CWC,29,Karnataka,541,Kodagu,SOMVARPET,-,-,Cauvery,Cauvery,Harangi,-,-,Harangi,12.49380000,75.90541389,02-05-2026 19:00,1
235,Harangi Reservoir,CWC,29,Karnataka,541,Kodagu,SOMVARPET,-,-,Cauvery,Cauvery,Harangi,-,-,Harangi,12.49380000,75.90541389,02-05-2026 20:00,1
236,Harangi Reservoir,CWC,29,Karnataka,541,Kodagu,SOMVARPET,-,-,Cauvery,Cauvery,Harangi,-,-,Harangi,12.49380000,75.90541389,03-05-2026 00:00,1
237,Harangi Reservoir,CWC,29,Karnataka,541,Kodagu,SOMVARPET,-,-,Cauvery,Cauvery,Harangi,-,-,Harangi,12.49380000,75.90541389,03-05-2026 01:00,1
238,Harangi Reservoir,CWC,29,Karnataka,541,Kodagu,SOMVARPET,-,-,Cauvery,Cauvery,Harangi,-,-,Harangi,12.49380000,75.90541389,11-05-2026 13:00,83.6
239,Harangi Reservoir,CWC,29,Karnataka,541,Kodagu,SOMVARPET,-,-,Cauvery,Cauvery,Harangi,-,-,Harangi,12.49380000,75.90541389,11-05-2026 14:00,33.4
240,Harangi Reservoir,CWC,29,Karnataka,541,Kodagu,SOMVARPET,-,-,Cauvery,Cauvery,Harangi,-,-,Harangi,12.49380000,75.90541389,11-05-2026 21:00,25.6
241,Kabini Reservoir,CWC,29,Karnataka,545,Mysore,HEGGADADEVANKOTE,-,-,Cauvery,Cauvery,Kabini,-,-,Kabini,11.97339167,76.35275000,05-01-2026 12:00,31.3
242,Kabini Reservoir,CWC,29,Karnataka,545,Mysore,HEGGADADEVANKOTE,-,-,Cauvery,Cauvery,Kabini,-,-,Kabini,11.97339167,76.35275000,07-01-2026 01:00,51.4
243,Kabini Reservoir,CWC,29,Karnataka,545,Mysore,HEGGADADEVANKOTE,-,-,Cauvery,Cauvery,Kabini,-,-,Kabini,11.97339167,76.35275000,07-01-2026 14:00,87.8
244,Kabini Reservoir,CWC,29,Karnataka,545,Mysore,HEGGADADEVANKOTE,-,-,Cauvery,Cauvery,Kabini,-,-,Kabini,11.97339167,76.35275000,08-01-2026 00:00,68.9
245,Kabini Reservoir,CWC,29,Karnataka,545,Mysore,HEGGADADEVANKOTE,-,-,Cauvery,Cauvery,Kabini,-,-,Kabini,11.97339167,76.35275000,11-01-2026 00:00,14.4
246,Kabini Reservoir,CWC,29,Karnataka,545,Mysore,HEGGADADEVANKOTE,-,-,Cauvery,Cauvery,Kabini,-,-,Kabini,11.97339167,76.35275000,12-01-2026 19:00,26.2
247,Kabini Reservoir,CWC,29,Karnataka,545,Mysore,HEGGADADEVANKOTE,-,-,Cauvery,Cauvery,Kabini,-,-,Kabini,11.97339167,76.35275000,14-01-2026 02:00,76.8
248,Kabini Reservoir,CWC,29,Karnataka,545,Mysore,HEGGADADEVANKOTE,-,-,Cauvery,Cauvery,Kabini,-,-,Kabini,11.97339167,76.35275000,16-01-2026 18:00,6.8
249,Kabini Reservoir,CWC,29,Karnataka,545,Mysore,HEGGADADEVANKOTE,-,-,Cauvery,Cauvery,Kabini,-,-,Kabini,11.97339167,76.35275000,16-01-2026 21:00,54.9
250,Kabini Reservoir,CWC,29,Karnataka,545,Mysore,HEGGADADEVANKOTE,-,-,Cauvery,Cauvery,Kabini,-,-,Kabini,11.97339167,76.35275000,11-02-2026 00:00,3.6
251,Kabini Reservoir,CWC,29,Karnataka,545,Mysore,HEGGADADEVANKOTE,-,-,Cauvery,Cauvery,Kabini,-,-,Kabini,11.97339167,76.35275000,11-02-2026 02:00,59.5
252,Kabini Reservoir,CWC,29,Karnataka,545,Mysore,HEGGADADEVANKOTE,-,-,Cauvery,Cauvery,Kabini,-,-,Kabini,11.97339167,76.35275000,15-02-2026 02:00,62.2
253,Kabini Reservoir,CWC,29,Karnataka,545,Mysore,HEGGADADEVANKOTE,-,-,Cauvery,Cauvery,Kabini,-,-,Kabini,11.97339167,76.35275000,15-02-2026 20:00,0.6
254,Kabini Reservoir,CWC,29,Karnataka,545,Mysore,HEGGADADEVANKOTE,-,-,Cauvery,Cauvery,Kabini,-,-,Kabini,11.97339167,76.35275000,15-02-2026 23:00,29.2
255,Kabini Reservoir,CWC,29,Karnataka,545,Mysore,HEGGADADEVANKOTE,-,-,Cauvery,Cauvery,Kabini,-,-,Kabini,11.97339167,76.35275000,22-02-2026 23:00,7.3
256,Kabini Reservoir,CWC,29,Karnataka,545,Mysore,HEGGADADEVANKOTE,-,-,Cauvery,Cauvery,Kabini,-,-,Kabini,11.97339167,76.35275000,29-03-2026 00:00,9.2
257,Kabini Reservoir,CWC,29,Karnataka,545,Mysore,HEGGADADEVANKOTE,-,-,Cauvery,Cauvery,Kabini,-,-,Kabini,11.97339167,76.35275000,29-03-2026 21:00,2.1
258,Kabini Reservoir,CWC,29,Karnataka,545,Mysore,HEGGADADEVANKOTE,-,-,Cauvery,Cauvery,Kabini,-,-,Kabini,11.97339167,76.35275000,30-03-2026 23:00,27.8
259,Kabini Reservoir,CWC,29,Karnataka,545,Mysore,HEGGADADEVANKOTE,-,-,Cauvery,Cauvery,Kabini,-,-,Kabini,11.97339167,76.35275000,02-04-2026 14:00,86.6
260,Kabini Reservoir,CWC,29,Karnataka,545,Mysore,HEGGADADEVANKOTE,-,-,Cauvery,Cauvery,Kabini,-,-,Kabini,11.97339167,76.35275000,02-04-2026 20:00,92.5
261,Kabini Reservoir,CWC,29,Karnataka,545,Mysore,HEGGADADEVANKOTE,-,-,Cauvery,Cauvery,Kabini,-,-,Kabini,11.97339167,76.35275000,04-04-2026 23:00,2
262,Kabini Reservoir,CWC,29,Karnataka,545,Mysore,HEGGADADEVANKOTE,-,-,Cauvery,Cauvery,Kabini,-,-,Kabini,11.97339167,76.35275000,12-04-2026 23:00,51.4
263,Kabini Reservoir,CWC,29,Karnataka,545,Mysore,HEGGADADEVANKOTE,-,-,Cauvery,Cauvery,Kabini,-,-,Kabini,11.97339167,76.35275000,14-04-2026 02:00,4.3
264,Kabini Reservoir,CWC,29,Karnataka,545,Mysore,HEGGADADEVANKOTE,-,-,Cauvery,Cauvery,Kabini,-,-,Kabini,11.97339167,76.35275000,14-04-2026 09:00,32.8
265,Kabini Reservoir,CWC,29,Karnataka,545,Mysore,HEGGADADEVANKOTE,-,-,Cauvery,Cauvery,Kabini,-,-,Kabini,11.97339167,76.35275000,19-04-2026 12:00,3.6
266,Kabini Reservoir,CWC,29,Karnataka,545,Mysore,HEGGADADEVANKOTE,-,-,Cauvery,Cauvery,Kabini,-,-,Kabini,11.97339167,76.35275000,19-04-2026 16:00,56.9
267,Kabini Reservoir,CWC,29,Karnataka,545,Mysore,HEGGADADEVANKOTE,-,-,Cauvery,Cauvery,Kabini,-,-,Kabini,11.97339167,76.35275000,22-04-2026 01:00,93
268,Kabini Reservoir,CWC,29,Karnataka,545,Mysore,HEGGADADEVANKOTE,-,-,Cauvery,Cauvery,Kabini,-,-,Kabini,11.97339167,76.35275000,22-04-2026 15:00,13
269,Kabini Reservoir,CWC,29,Karnataka,545,Mysore,HEGGADADEVANKOTE,-,-,Cauvery,Cauvery,Kabini,-,-,Kabini,11.97339167,76.35275000,24-04-2026 03:00,94.2
270,Kabini Reservoir,CWC,29,Karnataka,545,Mysore,HEGGADADEVANKOTE,-,-,Cauvery,Cauvery,Kabini,-,-,Kabini,11.97339167,76.35275000,24-04-2026 11:00,0.1
271,Kabini Reservoir,CWC,29,Karnataka,545,Mysore,HEGGADADEVANKOTE,-,-,Cauvery,Cauvery,Kabini,-,-,Kabini,11.97339167,76.35275000,24-04-2026 13:00,0.1
272,Kabini Reservoir,CWC,29,Karnataka,545,Mysore,HEGGADADEVANKOTE,-,-,Cauvery,Cauvery,Kabini,-,-,Kabini,11.97339167,76.35275000,24-04-2026 15:00,0.1
273,Kabini Reservoir,CWC,29,Karnataka,545,Mysore,HEGGADADEVANKOTE,-,-,Cauvery,Cauvery,Kabini,-,-,Kabini,11.97339167,76.35275000,24-04-2026 17:00,14.6
274,Kabini Reservoir,CWC,29,Karnataka,545,Mysore,HEGGADADEVANKOTE,-,-,Cauvery,Cauvery,Kabini,-,-,Kabini,11.97339167,76.35275000,24-04-2026 20:00,0.1
275,Kabini Reservoir,CWC,29,Karnataka,545,Mysore,HEGGADADEVANKOTE,-,-,Cauvery,Cauvery,Kabini,-,-,Kabini,11.97339167,76.35275000,24-04-2026 23:00,0.1
276,Kabini Reservoir,CWC,29,Karnataka,545,Mysore,HEGGADADEVANKOTE,-,-,Cauvery,Cauvery,Kabini,-,-,Kabini,11.97339167,76.35275000,25-04-2026 00:00,0.1
277,Kabini Reservoir,CWC,29,Karnataka,545,Mysore,HEGGADADEVANKOTE,-,-,Cauvery,Cauvery,Kabini,-,-,Kabini,11.97339167,76.35275000,25-04-2026 01:00,0.1
278,Kabini Reservoir,CWC,29,Karnataka,545,Mysore,HEGGADADEVANKOTE,-,-,Cauvery,Cauvery,Kabini,-,-,Kabini,11.97339167,76.35275000,25-04-2026 03:00,55.4
279,Kabini Reservoir,CWC,29,Karnataka,545,Mysore,HEGGADADEVANKOTE,-,-,Cauvery,Cauvery,Kabini,-,-,Kabini,11.97339167,76.35275000,26-04-2026 10:00,0.2
280,Kabini Reservoir,CWC,29,Karnataka,545,Mysore,HEGGADADEVANKOTE,-,-,Cauvery,Cauvery,Kabini,-,-,Kabini,11.97339167,76.35275000,02-05-2026 00:00,0.8
281,Kabini Reservoir,CWC,29,Karnataka,545,Mysore,HEGGADADEVANKOTE,-,-,Cauvery,Cauvery,Kabini,-,-,Kabini,11.97339167,76.35275000,02-05-2026 02:00,0.8
282,Kabini Reservoir,CWC,29,Karnataka,545,Mysore,HEGGADADEVANKOTE,-,-,Cauvery,Cauvery,Kabini,-,-,Kabini,11.97339167,76.35275000,10-05-2026 00:00,0.8
283,Kabini Reservoir,CWC,29,Karnataka,545,Mysore,HEGGADADEVANKOTE,-,-,Cauvery,Cauvery,Kabini,-,-,Kabini,11.97339167,76.35275000,10-05-2026 01:00,0.8
284,Kabini Reservoir,CWC,29,Karnataka,545,Mysore,HEGGADADEVANKOTE,-,-,Cauvery,Cauvery,Kabini,-,-,Kabini,11.97339167,76.35275000,10-05-2026 05:00,8
285,Kabini Reservoir,CWC,29,Karnataka,545,Mysore,HEGGADADEVANKOTE,-,-,Cauvery,Cauvery,Kabini,-,-,Kabini,11.97339167,76.35275000,13-05-2026 01:00,76.8
286,Kabini Reservoir,CWC,29,Karnataka,545,Mysore,HEGGADADEVANKOTE,-,-,Cauvery,Cauvery,Kabini,-,-,Kabini,11.97339167,76.35275000,13-05-2026 15:00,32.1
287,Kabini Reservoir,CWC,29,Karnataka,545,Mysore,HEGGADADEVANKOTE,-,-,Cauvery,Cauvery,Kabini,-,-,Kabini,11.97339167,76.35275000,14-05-2026 02:00,41.9
288,Kabini Reservoir,CWC,29,Karnataka,545,Mysore,HEGGADADEVANKOTE,-,-,Cauvery,Cauvery,Kabini,-,-,Kabini,11.97339167,76.35275000,15-05-2026 21:00,2.4
289,Kabini Reservoir,CWC,29,Karnataka,545,Mysore,HEGGADADEVANKOTE,-,-,Cauvery,Cauvery,Kabini,-,-,Kabini,11.97339167,76.35275000,15-05-2026 22:00,0.4
290,Kabini Reservoir,CWC,29,Karnataka,545,Mysore,HEGGADADEVANKOTE,-,-,Cauvery,Cauvery,Kabini,-,-,Kabini,11.97339167,76.35275000,15-05-2026 23:00,2.5
291,Kabini Reservoir,CWC,29,Karnataka,545,Mysore,HEGGADADEVANKOTE,-,-,Cauvery,Cauvery,Kabini,-,-,Kabini,11.97339167,76.35275000,16-05-2026 00:00,2.5
292,Kabini Reservoir,CWC,29,Karnataka,545,Mysore,HEGGADADEVANKOTE,-,-,Cauvery,Cauvery,Kabini,-,-,Kabini,11.97339167,76.35275000,17-05-2026 18:00,2.5
293,Kabini Reservoir,CWC,29,Karnataka,545,Mysore,HEGGADADEVANKOTE,-,-,Cauvery,Cauvery,Kabini,-,-,Kabini,11.97339167,76.35275000,17-05-2026 19:00,2.6
294,Kabini Reservoir,CWC,29,Karnataka,545,Mysore,HEGGADADEVANKOTE,-,-,Cauvery,Cauvery,Kabini,-,-,Kabini,11.97339167,76.35275000,17-05-2026 20:00,2.6
295,Kabini Reservoir,CWC,29,Karnataka,545,Mysore,HEGGADADEVANKOTE,-,-,Cauvery,Cauvery,Kabini,-,-,Kabini,11.97339167,76.35275000,17-05-2026 21:00,2.6
296,Kabini Reservoir,CWC,29,Karnataka,545,Mysore,HEGGADADEVANKOTE,-,-,Cauvery,Cauvery,Kabini,-,-,Kabini,11.97339167,76.35275000,17-05-2026 22:00,2.6
297,Kabini Reservoir,CWC,29,Karnataka,545,Mysore,HEGGADADEVANKOTE,-,-,Cauvery,Cauvery,Kabini,-,-,Kabini,11.97339167,76.35275000,17-05-2026 23:00,2.6
298,Kabini Reservoir,CWC,29,Karnataka,545,Mysore,HEGGADADEVANKOTE,-,-,Cauvery,Cauvery,Kabini,-,-,Kabini,11.97339167,76.35275000,23-05-2026 15:00,2
299,Kabini Reservoir,CWC,29,Karnataka,545,Mysore,HEGGADADEVANKOTE,-,-,Cauvery,Cauvery,Kabini,-,-,Kabini,11.97339167,76.35275000,24-05-2026 12:00,0.3
300,Kabini Reservoir,CWC,29,Karnataka,545,Mysore,HEGGADADEVANKOTE,-,-,Cauvery,Cauvery,Kabini,-,-,Kabini,11.97339167,76.35275000,24-05-2026 14:00,0.3
301,Kabini Reservoir,CWC,29,Karnataka,545,Mysore,HEGGADADEVANKOTE,-,-,Cauvery,Cauvery,Kabini,-,-,Kabini,11.97339167,76.35275000,24-05-2026 20:00,0.3
302,Kabini Reservoir,CWC,29,Karnataka,545,Mysore,HEGGADADEVANKOTE,-,-,Cauvery,Cauvery,Kabini,-,-,Kabini,11.97339167,76.35275000,24-05-2026 23:00,0.3
303,Kabini Reservoir,CWC,29,Karnataka,545,Mysore,HEGGADADEVANKOTE,-,-,Cauvery,Cauvery,Kabini,-,-,Kabini,11.97339167,76.35275000,25-05-2026 02:00,0.3
304,Kabini Reservoir,CWC,29,Karnataka,545,Mysore,HEGGADADEVANKOTE,-,-,Cauvery,Cauvery,Kabini,-,-,Kabini,11.97339167,76.35275000,27-05-2026 05:00,56.4
305,Kabini Reservoir,CWC,29,Karnataka,545,Mysore,HEGGADADEVANKOTE,-,-,Cauvery,Cauvery,Kabini,-,-,Kabini,11.97339167,76.35275000,29-05-2026 18:00,1.8
306,Kabini Reservoir,CWC,29,Karnataka,545,Mysore,HEGGADADEVANKOTE,-,-,Cauvery,Cauvery,Kabini,-,-,Kabini,11.97339167,76.35275000,29-05-2026 19:00,0.2
307,Kabini Reservoir,CWC,29,Karnataka,545,Mysore,HEGGADADEVANKOTE,-,-,Cauvery,Cauvery,Kabini,-,-,Kabini,11.97339167,76.35275000,29-05-2026 20:00,0.1
308,Kabini Reservoir,CWC,29,Karnataka,545,Mysore,HEGGADADEVANKOTE,-,-,Cauvery,Cauvery,Kabini,-,-,Kabini,11.97339167,76.35275000,29-05-2026 23:00,1.8
309,Kabini Reservoir,CWC,29,Karnataka,545,Mysore,HEGGADADEVANKOTE,-,-,Cauvery,Cauvery,Kabini,-,-,Kabini,11.97339167,76.35275000,31-05-2026 22:00,0.1
310,Kabini Reservoir,CWC,29,Karnataka,545,Mysore,HEGGADADEVANKOTE,-,-,Cauvery,Cauvery,Kabini,-,-,Kabini,11.97339167,76.35275000,01-06-2026 00:00,0.2
311,Kabini Reservoir,CWC,29,Karnataka,545,Mysore,HEGGADADEVANKOTE,-,-,Cauvery,Cauvery,Kabini,-,-,Kabini,11.97339167,76.35275000,01-06-2026 02:00,0.2
312,Kabini Reservoir,CWC,29,Karnataka,545,Mysore,HEGGADADEVANKOTE,-,-,Cauvery,Cauvery,Kabini,-,-,Kabini,11.97339167,76.35275000,02-06-2026 01:00,25.7
313,K.M. VADI,CWC,29,Karnataka,545,Mysore,HUNSUR,-,-,Cauvery,Cauvery,Lakshmanthirtha,-,-,Lakshmanthirtha,12.34722222,76.29222222,05-01-2026 08:00,29.8
314,K.M. VADI,CWC,29,Karnataka,545,Mysore,HUNSUR,-,-,Cauvery,Cauvery,Lakshmanthirtha,-,-,Lakshmanthirtha,12.34722222,76.29222222,07-01-2026 11:00,54.1
315,K.M. VADI,CWC,29,Karnataka,545,Mysore,HUNSUR,-,-,Cauvery,Cauvery,Lakshmanthirtha,-,-,Lakshmanthirtha,12.34722222,76.29222222,10-01-2026 01:00,38.7
316,K.M. VADI,CWC,29,Karnataka,545,Mysore,HUNSUR,-,-,Cauvery,Cauvery,Lakshmanthirtha,-,-,Lakshmanthirtha,12.34722222,76.29222222,11-01-2026 11:00,0.1
317,K.M. VADI,CWC,29,Karnataka,545,Mysore,HUNSUR,-,-,Cauvery,Cauvery,Lakshmanthirtha,-,-,Lakshmanthirtha,12.34722222,76.29222222,11-01-2026 18:00,0.1
318,K.M. VADI,CWC,29,Karnataka,545,Mysore,HUNSUR,-,-,Cauvery,Cauvery,Lakshmanthirtha,-,-,Lakshmanthirtha,12.34722222,76.29222222,11-01-2026 21:00,0.1
319,K.M. VADI,CWC,29,Karnataka,545,Mysore,HUNSUR,-,-,Cauvery,Cauvery,Lakshmanthirtha,-,-,Lakshmanthirtha,12.34722222,76.29222222,12-01-2026 02:00,0.1
320,K.M. VADI,CWC,29,Karnataka,545,Mysore,HUNSUR,-,-,Cauvery,Cauvery,Lakshmanthirtha,-,-,Lakshmanthirtha,12.34722222,76.29222222,12-01-2026 05:00,0.1
321,K.M. VADI,CWC,29,Karnataka,545,Mysore,HUNSUR,-,-,Cauvery,Cauvery,Lakshmanthirtha,-,-,Lakshmanthirtha,12.34722222,76.29222222,12-01-2026 06:00,0.1
322,K.M. VADI,CWC,29,Karnataka,545,Mysore,HUNSUR,-,-,Cauvery,Cauvery,Lakshmanthirtha,-,-,Lakshmanthirtha,12.34722222,76.29222222,12-01-2026 17:00,0.1
323,K.M. VADI,CWC,29,Karnataka,545,Mysore,HUNSUR,-,-,Cauvery,Cauvery,Lakshmanthirtha,-,-,Lakshmanthirtha,12.34722222,76.29222222,12-01-2026 21:00,0.1
324,K.M. VADI,CWC,29,Karnataka,545,Mysore,HUNSUR,-,-,Cauvery,Cauvery,Lakshmanthirtha,-,-,Lakshmanthirtha,12.34722222,76.29222222,16-01-2026 00:00,6
325,K.M. VADI,CWC,29,Karnataka,545,Mysore,HUNSUR,-,-,Cauvery,Cauvery,Lakshmanthirtha,-,-,Lakshmanthirtha,12.34722222,76.29222222,29-01-2026 22:00,49.5
326,K.M. VADI,CWC,29,Karnataka,545,Mysore,HUNSUR,-,-,Cauvery,Cauvery,Lakshmanthirtha,-,-,Lakshmanthirtha,12.34722222,76.29222222,30-01-2026 20:00,3.4
327,K.M. VADI,CWC,29,Karnataka,545,Mysore,HUNSUR,-,-,Cauvery,Cauvery,Lakshmanthirtha,-,-,Lakshmanthirtha,12.34722222,76.29222222,30-01-2026 21:00,4.8
328,K.M. VADI,CWC,29,Karnataka,545,Mysore,HUNSUR,-,-,Cauvery,Cauvery,Lakshmanthirtha,-,-,Lakshmanthirtha,12.34722222,76.29222222,01-02-2026 00:00,6.8
329,K.M. VADI,CWC,29,Karnataka,545,Mysore,HUNSUR,-,-,Cauvery,Cauvery,Lakshmanthirtha,-,-,Lakshmanthirtha,12.34722222,76.29222222,01-02-2026 02:00,51.4
330,K.M. VADI,CWC,29,Karnataka,545,Mysore,HUNSUR,-,-,Cauvery,Cauvery,Lakshmanthirtha,-,-,Lakshmanthirtha,12.34722222,76.29222222,07-02-2026 13:00,0.6
331,K.M. VADI,CWC,29,Karnataka,545,Mysore,HUNSUR,-,-,Cauvery,Cauvery,Lakshmanthirtha,-,-,Lakshmanthirtha,12.34722222,76.29222222,19-02-2026 00:00,0.2
332,K.M. VADI,CWC,29,Karnataka,545,Mysore,HUNSUR,-,-,Cauvery,Cauvery,Lakshmanthirtha,-,-,Lakshmanthirtha,12.34722222,76.29222222,25-02-2026 03:00,0.1
333,K.M. VADI,CWC,29,Karnataka,545,Mysore,HUNSUR,-,-,Cauvery,Cauvery,Lakshmanthirtha,-,-,Lakshmanthirtha,12.34722222,76.29222222,26-02-2026 05:00,14.4
334,K.M. VADI,CWC,29,Karnataka,545,Mysore,HUNSUR,-,-,Cauvery,Cauvery,Lakshmanthirtha,-,-,Lakshmanthirtha,12.34722222,76.29222222,28-02-2026 07:00,7.2
335,K.M. VADI,CWC,29,Karnataka,545,Mysore,HUNSUR,-,-,Cauvery,Cauvery,Lakshmanthirtha,-,-,Lakshmanthirtha,12.34722222,76.29222222,19-03-2026 05:00,1.4
336,K.M. VADI,CWC,29,Karnataka,545,Mysore,HUNSUR,-,-,Cauvery,Cauvery,Lakshmanthirtha,-,-,Lakshmanthirtha,12.34722222,76.29222222,19-03-2026 07:00,1.4
337,K.M. VADI,CWC,29,Karnataka,545,Mysore,HUNSUR,-,-,Cauvery,Cauvery,Lakshmanthirtha,-,-,Lakshmanthirtha,12.34722222,76.29222222,23-03-2026 22:00,0.4
338,K.M. VADI,CWC,29,Karnataka,545,Mysore,HUNSUR,-,-,Cauvery,Cauvery,Lakshmanthirtha,-,-,Lakshmanthirtha,12.34722222,76.29222222,29-03-2026 02:00,0.3
339,K.M. VADI,CWC,29,Karnataka,545,Mysore,HUNSUR,-,-,Cauvery,Cauvery,Lakshmanthirtha,-,-,Lakshmanthirtha,12.34722222,76.29222222,29-03-2026 03:00,0.1
340,K.M. VADI,CWC,29,Karnataka,545,Mysore,HUNSUR,-,-,Cauvery,Cauvery,Lakshmanthirtha,-,-,Lakshmanthirtha,12.34722222,76.29222222,29-03-2026 04:00,0.3
341,K.M. VADI,CWC,29,Karnataka,545,Mysore,HUNSUR,-,-,Cauvery,Cauvery,Lakshmanthirtha,-,-,Lakshmanthirtha,12.34722222,76.29222222,29-03-2026 05:00,0.3
342,K.M. VADI,CWC,29,Karnataka,545,Mysore,HUNSUR,-,-,Cauvery,Cauvery,Lakshmanthirtha,-,-,Lakshmanthirtha,12.34722222,76.29222222,29-03-2026 08:00,0.3
343,K.M. VADI,CWC,29,Karnataka,545,Mysore,HUNSUR,-,-,Cauvery,Cauvery,Lakshmanthirtha,-,-,Lakshmanthirtha,12.34722222,76.29222222,29-03-2026 13:00,0.3
344,K.M. VADI,CWC,29,Karnataka,545,Mysore,HUNSUR,-,-,Cauvery,Cauvery,Lakshmanthirtha,-,-,Lakshmanthirtha,12.34722222,76.29222222,01-04-2026 11:00,93.8
345,K.M. VADI,CWC,29,Karnataka,545,Mysore,HUNSUR,-,-,Cauvery,Cauvery,Lakshmanthirtha,-,-,Lakshmanthirtha,12.34722222,76.29222222,04-04-2026 22:00,3.6
346,K.M. VADI,CWC,29,Karnataka,545,Mysore,HUNSUR,-,-,Cauvery,Cauvery,Lakshmanthirtha,-,-,Lakshmanthirtha,12.34722222,76.29222222,07-04-2026 11:00,89.8
347,K.M. VADI,CWC,29,Karnataka,545,Mysore,HUNSUR,-,-,Cauvery,Cauvery,Lakshmanthirtha,-,-,Lakshmanthirtha,12.34722222,76.29222222,08-04-2026 08:00,38.5
348,K.M. VADI,CWC,29,Karnataka,545,Mysore,HUNSUR,-,-,Cauvery,Cauvery,Lakshmanthirtha,-,-,Lakshmanthirtha,12.34722222,76.29222222,09-04-2026 13:00,76.8
349,K.M. VADI,CWC,29,Karnataka,545,Mysore,HUNSUR,-,-,Cauvery,Cauvery,Lakshmanthirtha,-,-,Lakshmanthirtha,12.34722222,76.29222222,10-04-2026 21:00,79.4
350,K.M. VADI,CWC,29,Karnataka,545,Mysore,HUNSUR,-,-,Cauvery,Cauvery,Lakshmanthirtha,-,-,Lakshmanthirtha,12.34722222,76.29222222,11-04-2026 04:00,2.6
351,K.M. VADI,CWC,29,Karnataka,545,Mysore,HUNSUR,-,-,Cauvery,Cauvery,Lakshmanthirtha,-,-,Lakshmanthirtha,12.34722222,76.29222222,11-04-2026 14:00,2.6
352,K.M. VADI,CWC,29,Karnataka,545,Mysore,HUNSUR,-,-,Cauvery,Cauvery,Lakshmanthirtha,-,-,Lakshmanthirtha,12.34722222,76.29222222,11-04-2026 17:00,2.6
353,K.M. VADI,CWC,29,Karnataka,545,Mysore,HUNSUR,-,-,Cauvery,Cauvery,Lakshmanthirtha,-,-,Lakshmanthirtha,12.34722222,76.29222222,11-04-2026 18:00,2.6
354,K.M. VADI,CWC,29,Karnataka,545,Mysore,HUNSUR,-,-,Cauvery,Cauvery,Lakshmanthirtha,-,-,Lakshmanthirtha,12.34722222,76.29222222,12-04-2026 01:00,2.6
355,K.M. VADI,CWC,29,Karnataka,545,Mysore,HUNSUR,-,-,Cauvery,Cauvery,Lakshmanthirtha,-,-,Lakshmanthirtha,12.34722222,76.29222222,22-04-2026 10:00,4
356,K.M. VADI,CWC,29,Karnataka,545,Mysore,HUNSUR,-,-,Cauvery,Cauvery,Lakshmanthirtha,-,-,Lakshmanthirtha,12.34722222,76.29222222,29-04-2026 12:00,1.8
357,K.M. VADI,CWC,29,Karnataka,545,Mysore,HUNSUR,-,-,Cauvery,Cauvery,Lakshmanthirtha,-,-,Lakshmanthirtha,12.34722222,76.29222222,30-04-2026 03:00,2.6
358,K.M. VADI,CWC,29,Karnataka,545,Mysore,HUNSUR,-,-,Cauvery,Cauvery,Lakshmanthirtha,-,-,Lakshmanthirtha,12.34722222,76.29222222,02-05-2026 06:00,7
359,K.M. VADI,CWC,29,Karnataka,545,Mysore,HUNSUR,-,-,Cauvery,Cauvery,Lakshmanthirtha,-,-,Lakshmanthirtha,12.34722222,76.29222222,02-05-2026 07:00,7
360,K.M. VADI,CWC,29,Karnataka,545,Mysore,HUNSUR,-,-,Cauvery,Cauvery,Lakshmanthirtha,-,-,Lakshmanthirtha,12.34722222,76.29222222,02-05-2026 08:00,7
361,K.M. VADI,CWC,29,Karnataka,545,Mysore,HUNSUR,-,-,Cauvery,Cauvery,Lakshmanthirtha,-,-,Lakshmanthirtha,12.34722222,76.29222222,02-05-2026 10:00,7
362,K.M. VADI,CWC,29,Karnataka,545,Mysore,HUNSUR,-,-,Cauvery,Cauvery,Lakshmanthirtha,-,-,Lakshmanthirtha,12.34722222,76.29222222,02-05-2026 11:00,7
363,K.M. VADI,CWC,29,Karnataka,545,Mysore,HUNSUR,-,-,Cauvery,Cauvery,Lakshmanthirtha,-,-,Lakshmanthirtha,12.34722222,76.29222222,02-05-2026 12:00,7
364,K.M. VADI,CWC,29,Karnataka,545,Mysore,HUNSUR,-,-,Cauvery,Cauvery,Lakshmanthirtha,-,-,Lakshmanthirtha,12.34722222,76.29222222,02-05-2026 13:00,7
365,K.M. VADI,CWC,29,Karnataka,545,Mysore,HUNSUR,-,-,Cauvery,Cauvery,Lakshmanthirtha,-,-,Lakshmanthirtha,12.34722222,76.29222222,02-05-2026 14:00,7
366,K.M. VADI,CWC,29,Karnataka,545,Mysore,HUNSUR,-,-,Cauvery,Cauvery,Lakshmanthirtha,-,-,Lakshmanthirtha,12.34722222,76.29222222,02-05-2026 17:00,7
367,K.M. VADI,CWC,29,Karnataka,545,Mysore,HUNSUR,-,-,Cauvery,Cauvery,Lakshmanthirtha,-,-,Lakshmanthirtha,12.34722222,76.29222222,02-05-2026 19:00,7
368,K.M. VADI,CWC,29,Karnataka,545,Mysore,HUNSUR,-,-,Cauvery,Cauvery,Lakshmanthirtha,-,-,Lakshmanthirtha,12.34722222,76.29222222,02-05-2026 20:00,7
369,K.M. VADI,CWC,29,Karnataka,545,Mysore,HUNSUR,-,-,Cauvery,Cauvery,Lakshmanthirtha,-,-,Lakshmanthirtha,12.34722222,76.29222222,02-05-2026 23:00,7
370,K.M. VADI,CWC,29,Karnataka,545,Mysore,HUNSUR,-,-,Cauvery,Cauvery,Lakshmanthirtha,-,-,Lakshmanthirtha,12.34722222,76.29222222,03-05-2026 00:00,7
371,K.M. VADI,CWC,29,Karnataka,545,Mysore,HUNSUR,-,-,Cauvery,Cauvery,Lakshmanthirtha,-,-,Lakshmanthirtha,12.34722222,76.29222222,03-05-2026 01:00,7
372,K.M. VADI,CWC,29,Karnataka,545,Mysore,HUNSUR,-,-,Cauvery,Cauvery,Lakshmanthirtha,-,-,Lakshmanthirtha,12.34722222,76.29222222,03-05-2026 02:00,0.7
373,K.M. VADI,CWC,29,Karnataka,545,Mysore,HUNSUR,-,-,Cauvery,Cauvery,Lakshmanthirtha,-,-,Lakshmanthirtha,12.34722222,76.29222222,03-05-2026 03:00,0.7
374,K.M. VADI,CWC,29,Karnataka,545,Mysore,HUNSUR,-,-,Cauvery,Cauvery,Lakshmanthirtha,-,-,Lakshmanthirtha,12.34722222,76.29222222,12-05-2026 18:00,0.1
375,K.M. VADI,CWC,29,Karnataka,545,Mysore,HUNSUR,-,-,Cauvery,Cauvery,Lakshmanthirtha,-,-,Lakshmanthirtha,12.34722222,76.29222222,13-05-2026 04:00,0.7
376,K.M. VADI,CWC,29,Karnataka,545,Mysore,HUNSUR,-,-,Cauvery,Cauvery,Lakshmanthirtha,-,-,Lakshmanthirtha,12.34722222,76.29222222,13-05-2026 06:30,0.1
377,K.M. VADI,CWC,29,Karnataka,545,Mysore,HUNSUR,-,-,Cauvery,Cauvery,Lakshmanthirtha,-,-,Lakshmanthirtha,12.34722222,76.29222222,13-05-2026 11:00,0.7
378,K.M. VADI,CWC,29,Karnataka,545,Mysore,HUNSUR,-,-,Cauvery,Cauvery,Lakshmanthirtha,-,-,Lakshmanthirtha,12.34722222,76.29222222,13-05-2026 12:00,0.7
379,K.M. VADI,CWC,29,Karnataka,545,Mysore,HUNSUR,-,-,Cauvery,Cauvery,Lakshmanthirtha,-,-,Lakshmanthirtha,12.34722222,76.29222222,13-05-2026 19:00,0.1
380,K.M. VADI,CWC,29,Karnataka,545,Mysore,HUNSUR,-,-,Cauvery,Cauvery,Lakshmanthirtha,-,-,Lakshmanthirtha,12.34722222,76.29222222,14-05-2026 01:00,0.7
381,K.M. VADI,CWC,29,Karnataka,545,Mysore,HUNSUR,-,-,Cauvery,Cauvery,Lakshmanthirtha,-,-,Lakshmanthirtha,12.34722222,76.29222222,14-05-2026 04:00,0.1
382,K.M. VADI,CWC,29,Karnataka,545,Mysore,HUNSUR,-,-,Cauvery,Cauvery,Lakshmanthirtha,-,-,Lakshmanthirtha,12.34722222,76.29222222,14-05-2026 05:00,0.1
383,K.M. VADI,CWC,29,Karnataka,545,Mysore,HUNSUR,-,-,Cauvery,Cauvery,Lakshmanthirtha,-,-,Lakshmanthirtha,12.34722222,76.29222222,14-05-2026 06:00,0.1
384,K.M. VADI,CWC,29,Karnataka,545,Mysore,HUNSUR,-,-,Cauvery,Cauvery,Lakshmanthirtha,-,-,Lakshmanthirtha,12.34722222,76.29222222,14-05-2026 07:00,0.1
385,K.M. VADI,CWC,29,Karnataka,545,Mysore,HUNSUR,-,-,Cauvery,Cauvery,Lakshmanthirtha,-,-,Lakshmanthirtha,12.34722222,76.29222222,14-05-2026 08:00,0.1
386,K.M. VADI,CWC,29,Karnataka,545,Mysore,HUNSUR,-,-,Cauvery,Cauvery,Lakshmanthirtha,-,-,Lakshmanthirtha,12.34722222,76.29222222,14-05-2026 09:00,0.1
387,K.M. VADI,CWC,29,Karnataka,545,Mysore,HUNSUR,-,-,Cauvery,Cauvery,Lakshmanthirtha,-,-,Lakshmanthirtha,12.34722222,76.29222222,14-05-2026 09:39,0.1
388,K.M. VADI,CWC,29,Karnataka,545,Mysore,HUNSUR,-,-,Cauvery,Cauvery,Lakshmanthirtha,-,-,Lakshmanthirtha,12.34722222,76.29222222,14-05-2026 10:00,0.1
389,K.M. VADI,CWC,29,Karnataka,545,Mysore,HUNSUR,-,-,Cauvery,Cauvery,Lakshmanthirtha,-,-,Lakshmanthirtha,12.34722222,76.29222222,14-05-2026 13:00,0.1
390,K.M. VADI,CWC,29,Karnataka,545,Mysore,HUNSUR,-,-,Cauvery,Cauvery,Lakshmanthirtha,-,-,Lakshmanthirtha,12.34722222,76.29222222,14-05-2026 14:00,0.1
391,K.M. VADI,CWC,29,Karnataka,545,Mysore,HUNSUR,-,-,Cauvery,Cauvery,Lakshmanthirtha,-,-,Lakshmanthirtha,12.34722222,76.29222222,14-05-2026 15:00,0.1
392,K.M. VADI,CWC,29,Karnataka,545,Mysore,HUNSUR,-,-,Cauvery,Cauvery,Lakshmanthirtha,-,-,Lakshmanthirtha,12.34722222,76.29222222,14-05-2026 16:00,0.1
393,K.M. VADI,CWC,29,Karnataka,545,Mysore,HUNSUR,-,-,Cauvery,Cauvery,Lakshmanthirtha,-,-,Lakshmanthirtha,12.34722222,76.29222222,14-05-2026 17:00,0.1
394,K.M. VADI,CWC,29,Karnataka,545,Mysore,HUNSUR,-,-,Cauvery,Cauvery,Lakshmanthirtha,-,-,Lakshmanthirtha,12.34722222,76.29222222,14-05-2026 18:00,0.1
395,K.M. VADI,CWC,29,Karnataka,545,Mysore,HUNSUR,-,-,Cauvery,Cauvery,Lakshmanthirtha,-,-,Lakshmanthirtha,12.34722222,76.29222222,14-05-2026 19:00,0.1
396,K.M. VADI,CWC,29,Karnataka,545,Mysore,HUNSUR,-,-,Cauvery,Cauvery,Lakshmanthirtha,-,-,Lakshmanthirtha,12.34722222,76.29222222,14-05-2026 20:00,0.1
397,K.M. VADI,CWC,29,Karnataka,545,Mysore,HUNSUR,-,-,Cauvery,Cauvery,Lakshmanthirtha,-,-,Lakshmanthirtha,12.34722222,76.29222222,14-05-2026 21:00,0.1
398,K.M. VADI,CWC,29,Karnataka,545,Mysore,HUNSUR,-,-,Cauvery,Cauvery,Lakshmanthirtha,-,-,Lakshmanthirtha,12.34722222,76.29222222,14-05-2026 22:00,0.1
399,K.M. VADI,CWC,29,Karnataka,545,Mysore,HUNSUR,-,-,Cauvery,Cauvery,Lakshmanthirtha,-,-,Lakshmanthirtha,12.34722222,76.29222222,14-05-2026 23:00,0.1
400,K.M. VADI,CWC,29,Karnataka,545,Mysore,HUNSUR,-,-,Cauvery,Cauvery,Lakshmanthirtha,-,-,Lakshmanthirtha,12.34722222,76.29222222,15-05-2026 00:00,0.1
401,K.M. VADI,CWC,29,Karnataka,545,Mysore,HUNSUR,-,-,Cauvery,Cauvery,Lakshmanthirtha,-,-,Lakshmanthirtha,12.34722222,76.29222222,15-05-2026 01:00,0.1
402,K.M. VADI,CWC,29,Karnataka,545,Mysore,HUNSUR,-,-,Cauvery,Cauvery,Lakshmanthirtha,-,-,Lakshmanthirtha,12.34722222,76.29222222,15-05-2026 13:00,19.3
403,K.M. VADI,CWC,29,Karnataka,545,Mysore,HUNSUR,-,-,Cauvery,Cauvery,Lakshmanthirtha,-,-,Lakshmanthirtha,12.34722222,76.29222222,15-05-2026 15:00,0.8
404,K.M. VADI,CWC,29,Karnataka,545,Mysore,HUNSUR,-,-,Cauvery,Cauvery,Lakshmanthirtha,-,-,Lakshmanthirtha,12.34722222,76.29222222,17-05-2026 02:00,2.3
405,K.M. VADI,CWC,29,Karnataka,545,Mysore,HUNSUR,-,-,Cauvery,Cauvery,Lakshmanthirtha,-,-,Lakshmanthirtha,12.34722222,76.29222222,17-05-2026 03:00,2.3
406,K.M. VADI,CWC,29,Karnataka,545,Mysore,HUNSUR,-,-,Cauvery,Cauvery,Lakshmanthirtha,-,-,Lakshmanthirtha,12.34722222,76.29222222,17-05-2026 04:00,2.3
407,K.M. VADI,CWC,29,Karnataka,545,Mysore,HUNSUR,-,-,Cauvery,Cauvery,Lakshmanthirtha,-,-,Lakshmanthirtha,12.34722222,76.29222222,17-05-2026 05:00,2.3
408,K.M. VADI,CWC,29,Karnataka,545,Mysore,HUNSUR,-,-,Cauvery,Cauvery,Lakshmanthirtha,-,-,Lakshmanthirtha,12.34722222,76.29222222,17-05-2026 06:00,2.3
409,K.M. VADI,CWC,29,Karnataka,545,Mysore,HUNSUR,-,-,Cauvery,Cauvery,Lakshmanthirtha,-,-,Lakshmanthirtha,12.34722222,76.29222222,17-05-2026 07:00,2.3
410,K.M. VADI,CWC,29,Karnataka,545,Mysore,HUNSUR,-,-,Cauvery,Cauvery,Lakshmanthirtha,-,-,Lakshmanthirtha,12.34722222,76.29222222,17-05-2026 08:00,2.3
411,K.M. VADI,CWC,29,Karnataka,545,Mysore,HUNSUR,-,-,Cauvery,Cauvery,Lakshmanthirtha,-,-,Lakshmanthirtha,12.34722222,76.29222222,17-05-2026 09:00,2.3
412,K.M. VADI,CWC,29,Karnataka,545,Mysore,HUNSUR,-,-,Cauvery,Cauvery,Lakshmanthirtha,-,-,Lakshmanthirtha,12.34722222,76.29222222,17-05-2026 10:00,2.3
413,K.M. VADI,CWC,29,Karnataka,545,Mysore,HUNSUR,-,-,Cauvery,Cauvery,Lakshmanthirtha,-,-,Lakshmanthirtha,12.34722222,76.29222222,17-05-2026 11:00,2.3
414,K.M. VADI,CWC,29,Karnataka,545,Mysore,HUNSUR,-,-,Cauvery,Cauvery,Lakshmanthirtha,-,-,Lakshmanthirtha,12.34722222,76.29222222,17-05-2026 12:00,2.3
415,K.M. VADI,CWC,29,Karnataka,545,Mysore,HUNSUR,-,-,Cauvery,Cauvery,Lakshmanthirtha,-,-,Lakshmanthirtha,12.34722222,76.29222222,17-05-2026 13:00,2.3
416,K.M. VADI,CWC,29,Karnataka,545,Mysore,HUNSUR,-,-,Cauvery,Cauvery,Lakshmanthirtha,-,-,Lakshmanthirtha,12.34722222,76.29222222,17-05-2026 14:00,2.3
417,K.M. VADI,CWC,29,Karnataka,545,Mysore,HUNSUR,-,-,Cauvery,Cauvery,Lakshmanthirtha,-,-,Lakshmanthirtha,12.34722222,76.29222222,17-05-2026 15:00,2.7
418,K.M. VADI,CWC,29,Karnataka,545,Mysore,HUNSUR,-,-,Cauvery,Cauvery,Lakshmanthirtha,-,-,Lakshmanthirtha,12.34722222,76.29222222,17-05-2026 16:00,2.3
419,K.M. VADI,CWC,29,Karnataka,545,Mysore,HUNSUR,-,-,Cauvery,Cauvery,Lakshmanthirtha,-,-,Lakshmanthirtha,12.34722222,76.29222222,17-05-2026 17:00,2.3
420,K.M. VADI,CWC,29,Karnataka,545,Mysore,HUNSUR,-,-,Cauvery,Cauvery,Lakshmanthirtha,-,-,Lakshmanthirtha,12.34722222,76.29222222,17-05-2026 18:00,2.3
421,K.M. VADI,CWC,29,Karnataka,545,Mysore,HUNSUR,-,-,Cauvery,Cauvery,Lakshmanthirtha,-,-,Lakshmanthirtha,12.34722222,76.29222222,17-05-2026 19:00,2.3
422,K.M. VADI,CWC,29,Karnataka,545,Mysore,HUNSUR,-,-,Cauvery,Cauvery,Lakshmanthirtha,-,-,Lakshmanthirtha,12.34722222,76.29222222,17-05-2026 20:00,2.3
423,K.M. VADI,CWC,29,Karnataka,545,Mysore,HUNSUR,-,-,Cauvery,Cauvery,Lakshmanthirtha,-,-,Lakshmanthirtha,12.34722222,76.29222222,17-05-2026 21:00,2.3
424,K.M. VADI,CWC,29,Karnataka,545,Mysore,HUNSUR,-,-,Cauvery,Cauvery,Lakshmanthirtha,-,-,Lakshmanthirtha,12.34722222,76.29222222,17-05-2026 22:00,2.3
425,K.M. VADI,CWC,29,Karnataka,545,Mysore,HUNSUR,-,-,Cauvery,Cauvery,Lakshmanthirtha,-,-,Lakshmanthirtha,12.34722222,76.29222222,17-05-2026 23:00,2.3
426,K.M. VADI,CWC,29,Karnataka,545,Mysore,HUNSUR,-,-,Cauvery,Cauvery,Lakshmanthirtha,-,-,Lakshmanthirtha,12.34722222,76.29222222,18-05-2026 00:00,2.3
427,K.M. VADI,CWC,29,Karnataka,545,Mysore,HUNSUR,-,-,Cauvery,Cauvery,Lakshmanthirtha,-,-,Lakshmanthirtha,12.34722222,76.29222222,18-05-2026 01:00,2.3
428,K.M. VADI,CWC,29,Karnataka,545,Mysore,HUNSUR,-,-,Cauvery,Cauvery,Lakshmanthirtha,-,-,Lakshmanthirtha,12.34722222,76.29222222,21-05-2026 10:00,2.4
429,K.M. VADI,CWC,29,Karnataka,545,Mysore,HUNSUR,-,-,Cauvery,Cauvery,Lakshmanthirtha,-,-,Lakshmanthirtha,12.34722222,76.29222222,23-05-2026 04:00,0.1
430,K.M. VADI,CWC,29,Karnataka,545,Mysore,HUNSUR,-,-,Cauvery,Cauvery,Lakshmanthirtha,-,-,Lakshmanthirtha,12.34722222,76.29222222,23-05-2026 10:00,0.1
431,K.M. VADI,CWC,29,Karnataka,545,Mysore,HUNSUR,-,-,Cauvery,Cauvery,Lakshmanthirtha,-,-,Lakshmanthirtha,12.34722222,76.29222222,23-05-2026 13:00,0.1
432,K.M. VADI,CWC,29,Karnataka,545,Mysore,HUNSUR,-,-,Cauvery,Cauvery,Lakshmanthirtha,-,-,Lakshmanthirtha,12.34722222,76.29222222,23-05-2026 16:00,0.1
433,K.M. VADI,CWC,29,Karnataka,545,Mysore,HUNSUR,-,-,Cauvery,Cauvery,Lakshmanthirtha,-,-,Lakshmanthirtha,12.34722222,76.29222222,23-05-2026 17:00,0.1
434,K.M. VADI,CWC,29,Karnataka,545,Mysore,HUNSUR,-,-,Cauvery,Cauvery,Lakshmanthirtha,-,-,Lakshmanthirtha,12.34722222,76.29222222,24-05-2026 01:00,0.1
435,K.M. VADI,CWC,29,Karnataka,545,Mysore,HUNSUR,-,-,Cauvery,Cauvery,Lakshmanthirtha,-,-,Lakshmanthirtha,12.34722222,76.29222222,25-05-2026 04:00,1.3
436,K.M. VADI,CWC,29,Karnataka,545,Mysore,HUNSUR,-,-,Cauvery,Cauvery,Lakshmanthirtha,-,-,Lakshmanthirtha,12.34722222,76.29222222,25-05-2026 17:00,1.3
437,K.M. VADI,CWC,29,Karnataka,545,Mysore,HUNSUR,-,-,Cauvery,Cauvery,Lakshmanthirtha,-,-,Lakshmanthirtha,12.34722222,76.29222222,25-05-2026 19:00,2.3
438,K.M. VADI,CWC,29,Karnataka,545,Mysore,HUNSUR,-,-,Cauvery,Cauvery,Lakshmanthirtha,-,-,Lakshmanthirtha,12.34722222,76.29222222,26-05-2026 04:00,1.9
439,K.M. VADI,CWC,29,Karnataka,545,Mysore,HUNSUR,-,-,Cauvery,Cauvery,Lakshmanthirtha,-,-,Lakshmanthirtha,12.34722222,76.29222222,26-05-2026 05:00,1.9
440,K.M. VADI,CWC,29,Karnataka,545,Mysore,HUNSUR,-,-,Cauvery,Cauvery,Lakshmanthirtha,-,-,Lakshmanthirtha,12.34722222,76.29222222,26-05-2026 06:00,1.9
441,K.M. VADI,CWC,29,Karnataka,545,Mysore,HUNSUR,-,-,Cauvery,Cauvery,Lakshmanthirtha,-,-,Lakshmanthirtha,12.34722222,76.29222222,26-05-2026 09:30,0.1
442,K.M. VADI,CWC,29,Karnataka,545,Mysore,HUNSUR,-,-,Cauvery,Cauvery,Lakshmanthirtha,-,-,Lakshmanthirtha,12.34722222,76.29222222,26-05-2026 10:00,1.9
443,K.M. VADI,CWC,29,Karnataka,545,Mysore,HUNSUR,-,-,Cauvery,Cauvery,Lakshmanthirtha,-,-,Lakshmanthirtha,12.34722222,76.29222222,26-05-2026 13:00,1.9
444,K.M. VADI,CWC,29,Karnataka,545,Mysore,HUNSUR,-,-,Cauvery,Cauvery,Lakshmanthirtha,-,-,Lakshmanthirtha,12.34722222,76.29222222,26-05-2026 14:00,1.9
445,K.M. VADI,CWC,29,Karnataka,545,Mysore,HUNSUR,-,-,Cauvery,Cauvery,Lakshmanthirtha,-,-,Lakshmanthirtha,12.34722222,76.29222222,26-05-2026 15:00,1.9
446,K.M. VADI,CWC,29,Karnataka,545,Mysore,HUNSUR,-,-,Cauvery,Cauvery,Lakshmanthirtha,-,-,Lakshmanthirtha,12.34722222,76.29222222,26-05-2026 17:00,0.1
447,K.M. VADI,CWC,29,Karnataka,545,Mysore,HUNSUR,-,-,Cauvery,Cauvery,Lakshmanthirtha,-,-,Lakshmanthirtha,12.34722222,76.29222222,26-05-2026 18:00,0.3
448,K.M. VADI,CWC,29,Karnataka,545,Mysore,HUNSUR,-,-,Cauvery,Cauvery,Lakshmanthirtha,-,-,Lakshmanthirtha,12.34722222,76.29222222,26-05-2026 19:00,1.9
449,K.M. VADI,CWC,29,Karnataka,545,Mysore,HUNSUR,-,-,Cauvery,Cauvery,Lakshmanthirtha,-,-,Lakshmanthirtha,12.34722222,76.29222222,27-05-2026 00:00,1.9
450,K.M. VADI,CWC,29,Karnataka,545,Mysore,HUNSUR,-,-,Cauvery,Cauvery,Lakshmanthirtha,-,-,Lakshmanthirtha,12.34722222,76.29222222,27-05-2026 04:00,0.1
451,K.M. VADI,CWC,29,Karnataka,545,Mysore,HUNSUR,-,-,Cauvery,Cauvery,Lakshmanthirtha,-,-,Lakshmanthirtha,12.34722222,76.29222222,27-05-2026 13:00,0.1
452,K.M. VADI,CWC,29,Karnataka,545,Mysore,HUNSUR,-,-,Cauvery,Cauvery,Lakshmanthirtha,-,-,Lakshmanthirtha,12.34722222,76.29222222,27-05-2026 15:00,0.1
453,K.M. VADI,CWC,29,Karnataka,545,Mysore,HUNSUR,-,-,Cauvery,Cauvery,Lakshmanthirtha,-,-,Lakshmanthirtha,12.34722222,76.29222222,27-05-2026 17:00,0.1
454,K.M. VADI,CWC,29,Karnataka,545,Mysore,HUNSUR,-,-,Cauvery,Cauvery,Lakshmanthirtha,-,-,Lakshmanthirtha,12.34722222,76.29222222,28-05-2026 02:00,0.3
455,K.M. VADI,CWC,29,Karnataka,545,Mysore,HUNSUR,-,-,Cauvery,Cauvery,Lakshmanthirtha,-,-,Lakshmanthirtha,12.34722222,76.29222222,28-05-2026 04:00,0.3
456,K.M. VADI,CWC,29,Karnataka,545,Mysore,HUNSUR,-,-,Cauvery,Cauvery,Lakshmanthirtha,-,-,Lakshmanthirtha,12.34722222,76.29222222,28-05-2026 17:00,0.3
457,K.M. VADI,CWC,29,Karnataka,545,Mysore,HUNSUR,-,-,Cauvery,Cauvery,Lakshmanthirtha,-,-,Lakshmanthirtha,12.34722222,76.29222222,28-05-2026 19:00,0.3
458,K.M. VADI,CWC,29,Karnataka,545,Mysore,HUNSUR,-,-,Cauvery,Cauvery,Lakshmanthirtha,-,-,Lakshmanthirtha,12.34722222,76.29222222,29-05-2026 01:00,0.3
459,K.M. VADI,CWC,29,Karnataka,545,Mysore,HUNSUR,-,-,Cauvery,Cauvery,Lakshmanthirtha,-,-,Lakshmanthirtha,12.34722222,76.29222222,29-05-2026 12:00,0.6
460,K.M. VADI,CWC,29,Karnataka,545,Mysore,HUNSUR,-,-,Cauvery,Cauvery,Lakshmanthirtha,-,-,Lakshmanthirtha,12.34722222,76.29222222,29-05-2026 17:00,1
461,K.M. VADI,CWC,29,Karnataka,545,Mysore,HUNSUR,-,-,Cauvery,Cauvery,Lakshmanthirtha,-,-,Lakshmanthirtha,12.34722222,76.29222222,29-05-2026 22:00,0.1
462,K.M. VADI,CWC,29,Karnataka,545,Mysore,HUNSUR,-,-,Cauvery,Cauvery,Lakshmanthirtha,-,-,Lakshmanthirtha,12.34722222,76.29222222,29-05-2026 23:00,2.3
463,K.M. VADI,CWC,29,Karnataka,545,Mysore,HUNSUR,-,-,Cauvery,Cauvery,Lakshmanthirtha,-,-,Lakshmanthirtha,12.34722222,76.29222222,30-05-2026 00:00,0.2
464,K.M. VADI,CWC,29,Karnataka,545,Mysore,HUNSUR,-,-,Cauvery,Cauvery,Lakshmanthirtha,-,-,Lakshmanthirtha,12.34722222,76.29222222,30-05-2026 01:00,0.1
465,K.M. VADI,CWC,29,Karnataka,545,Mysore,HUNSUR,-,-,Cauvery,Cauvery,Lakshmanthirtha,-,-,Lakshmanthirtha,12.34722222,76.29222222,30-05-2026 04:00,3.1
466,K.M. VADI,CWC,29,Karnataka,545,Mysore,HUNSUR,-,-,Cauvery,Cauvery,Lakshmanthirtha,-,-,Lakshmanthirtha,12.34722222,76.29222222,30-05-2026 05:00,3.1
467,K.M. VADI,CWC,29,Karnataka,545,Mysore,HUNSUR,-,-,Cauvery,Cauvery,Lakshmanthirtha,-,-,Lakshmanthirtha,12.34722222,76.29222222,30-05-2026 07:00,3.1
468,K.M. VADI,CWC,29,Karnataka,545,Mysore,HUNSUR,-,-,Cauvery,Cauvery,Lakshmanthirtha,-,-,Lakshmanthirtha,12.34722222,76.29222222,30-05-2026 08:00,3.1
469,K.M. VADI,CWC,29,Karnataka,545,Mysore,HUNSUR,-,-,Cauvery,Cauvery,Lakshmanthirtha,-,-,Lakshmanthirtha,12.34722222,76.29222222,30-05-2026 09:00,3.1
470,K.M. VADI,CWC,29,Karnataka,545,Mysore,HUNSUR,-,-,Cauvery,Cauvery,Lakshmanthirtha,-,-,Lakshmanthirtha,12.34722222,76.29222222,30-05-2026 11:00,3.1
471,K.M. VADI,CWC,29,Karnataka,545,Mysore,HUNSUR,-,-,Cauvery,Cauvery,Lakshmanthirtha,-,-,Lakshmanthirtha,12.34722222,76.29222222,30-05-2026 12:00,3.1
472,K.M. VADI,CWC,29,Karnataka,545,Mysore,HUNSUR,-,-,Cauvery,Cauvery,Lakshmanthirtha,-,-,Lakshmanthirtha,12.34722222,76.29222222,30-05-2026 14:00,3.1
473,K.M. VADI,CWC,29,Karnataka,545,Mysore,HUNSUR,-,-,Cauvery,Cauvery,Lakshmanthirtha,-,-,Lakshmanthirtha,12.34722222,76.29222222,30-05-2026 15:00,3.1
474,K.M. VADI,CWC,29,Karnataka,545,Mysore,HUNSUR,-,-,Cauvery,Cauvery,Lakshmanthirtha,-,-,Lakshmanthirtha,12.34722222,76.29222222,30-05-2026 16:00,3.1
475,K.M. VADI,CWC,29,Karnataka,545,Mysore,HUNSUR,-,-,Cauvery,Cauvery,Lakshmanthirtha,-,-,Lakshmanthirtha,12.34722222,76.29222222,30-05-2026 19:00,3.1
476,K.M. VADI,CWC,29,Karnataka,545,Mysore,HUNSUR,-,-,Cauvery,Cauvery,Lakshmanthirtha,-,-,Lakshmanthirtha,12.34722222,76.29222222,30-05-2026 20:00,3.1
477,K.M. VADI,CWC,29,Karnataka,545,Mysore,HUNSUR,-,-,Cauvery,Cauvery,Lakshmanthirtha,-,-,Lakshmanthirtha,12.34722222,76.29222222,30-05-2026 21:00,3.1
478,K.M. VADI,CWC,29,Karnataka,545,Mysore,HUNSUR,-,-,Cauvery,Cauvery,Lakshmanthirtha,-,-,Lakshmanthirtha,12.34722222,76.29222222,30-05-2026 22:00,3.1
479,K.M. VADI,CWC,29,Karnataka,545,Mysore,HUNSUR,-,-,Cauvery,Cauvery,Lakshmanthirtha,-,-,Lakshmanthirtha,12.34722222,76.29222222,30-05-2026 23:00,0.7
480,K.M. VADI,CWC,29,Karnataka,545,Mysore,HUNSUR,-,-,Cauvery,Cauvery,Lakshmanthirtha,-,-,Lakshmanthirtha,12.34722222,76.29222222,31-05-2026 00:00,0.2
481,K.M. VADI,CWC,29,Karnataka,545,Mysore,HUNSUR,-,-,Cauvery,Cauvery,Lakshmanthirtha,-,-,Lakshmanthirtha,12.34722222,76.29222222,31-05-2026 01:00,3.1
482,K.M. VADI,CWC,29,Karnataka,545,Mysore,HUNSUR,-,-,Cauvery,Cauvery,Lakshmanthirtha,-,-,Lakshmanthirtha,12.34722222,76.29222222,31-05-2026 02:00,0.8
483,K.M. VADI,CWC,29,Karnataka,545,Mysore,HUNSUR,-,-,Cauvery,Cauvery,Lakshmanthirtha,-,-,Lakshmanthirtha,12.34722222,76.29222222,31-05-2026 03:00,0.8
484,K.M. VADI,CWC,29,Karnataka,545,Mysore,HUNSUR,-,-,Cauvery,Cauvery,Lakshmanthirtha,-,-,Lakshmanthirtha,12.34722222,76.29222222,31-05-2026 04:00,0.8
485,K.M. VADI,CWC,29,Karnataka,545,Mysore,HUNSUR,-,-,Cauvery,Cauvery,Lakshmanthirtha,-,-,Lakshmanthirtha,12.34722222,76.29222222,31-05-2026 06:00,0.8
486,K.M. VADI,CWC,29,Karnataka,545,Mysore,HUNSUR,-,-,Cauvery,Cauvery,Lakshmanthirtha,-,-,Lakshmanthirtha,12.34722222,76.29222222,31-05-2026 07:00,0.8
487,K.M. VADI,CWC,29,Karnataka,545,Mysore,HUNSUR,-,-,Cauvery,Cauvery,Lakshmanthirtha,-,-,Lakshmanthirtha,12.34722222,76.29222222,31-05-2026 08:00,0.8
488,K.M. VADI,CWC,29,Karnataka,545,Mysore,HUNSUR,-,-,Cauvery,Cauvery,Lakshmanthirtha,-,-,Lakshmanthirtha,12.34722222,76.29222222,31-05-2026 09:00,0.8
489,K.M. VADI,CWC,29,Karnataka,545,Mysore,HUNSUR,-,-,Cauvery,Cauvery,Lakshmanthirtha,-,-,Lakshmanthirtha,12.34722222,76.29222222,31-05-2026 10:00,0.8
490,K.M. VADI,CWC,29,Karnataka,545,Mysore,HUNSUR,-,-,Cauvery,Cauvery,Lakshmanthirtha,-,-,Lakshmanthirtha,12.34722222,76.29222222,31-05-2026 11:00,0.8
491,K.M. VADI,CWC,29,Karnataka,545,Mysore,HUNSUR,-,-,Cauvery,Cauvery,Lakshmanthirtha,-,-,Lakshmanthirtha,12.34722222,76.29222222,31-05-2026 12:00,0.8
492,K.M. VADI,CWC,29,Karnataka,545,Mysore,HUNSUR,-,-,Cauvery,Cauvery,Lakshmanthirtha,-,-,Lakshmanthirtha,12.34722222,76.29222222,31-05-2026 13:00,0.8
493,K.M. VADI,CWC,29,Karnataka,545,Mysore,HUNSUR,-,-,Cauvery,Cauvery,Lakshmanthirtha,-,-,Lakshmanthirtha,12.34722222,76.29222222,31-05-2026 14:00,0.8
494,K.M. VADI,CWC,29,Karnataka,545,Mysore,HUNSUR,-,-,Cauvery,Cauvery,Lakshmanthirtha,-,-,Lakshmanthirtha,12.34722222,76.29222222,31-05-2026 15:00,0.8
495,K.M. VADI,CWC,29,Karnataka,545,Mysore,HUNSUR,-,-,Cauvery,Cauvery,Lakshmanthirtha,-,-,Lakshmanthirtha,12.34722222,76.29222222,31-05-2026 16:00,0.8
496,K.M. VADI,CWC,29,Karnataka,545,Mysore,HUNSUR,-,-,Cauvery,Cauvery,Lakshmanthirtha,-,-,Lakshmanthirtha,12.34722222,76.29222222,31-05-2026 17:00,0.8
497,K.M. VADI,CWC,29,Karnataka,545,Mysore,HUNSUR,-,-,Cauvery,Cauvery,Lakshmanthirtha,-,-,Lakshmanthirtha,12.34722222,76.29222222,31-05-2026 18:00,0.8
498,K.M. VADI,CWC,29,Karnataka,545,Mysore,HUNSUR,-,-,Cauvery,Cauvery,Lakshmanthirtha,-,-,Lakshmanthirtha,12.34722222,76.29222222,31-05-2026 19:00,0.8
499,K.M. VADI,CWC,29,Karnataka,545,Mysore,HUNSUR,-,-,Cauvery,Cauvery,Lakshmanthirtha,-,-,Lakshmanthirtha,12.34722222,76.29222222,31-05-2026 20:00,0.8
500,K.M. VADI,CWC,29,Karnataka,545,Mysore,HUNSUR,-,-,Cauvery,Cauvery,Lakshmanthirtha,-,-,Lakshmanthirtha,12.34722222,76.29222222,31-05-2026 21:00,0.8
501,K.M. VADI,CWC,29,Karnataka,545,Mysore,HUNSUR,-,-,Cauvery,Cauvery,Lakshmanthirtha,-,-,Lakshmanthirtha,12.34722222,76.29222222,31-05-2026 22:00,0.8
502,K.M. VADI,CWC,29,Karnataka,545,Mysore,HUNSUR,-,-,Cauvery,Cauvery,Lakshmanthirtha,-,-,Lakshmanthirtha,12.34722222,76.29222222,31-05-2026 23:00,0.8
503,K.M. VADI,CWC,29,Karnataka,545,Mysore,HUNSUR,-,-,Cauvery,Cauvery,Lakshmanthirtha,-,-,Lakshmanthirtha,12.34722222,76.29222222,01-06-2026 00:00,0.8
504,K.M. VADI,CWC,29,Karnataka,545,Mysore,HUNSUR,-,-,Cauvery,Cauvery,Lakshmanthirtha,-,-,Lakshmanthirtha,12.34722222,76.29222222,01-06-2026 01:00,0.8
505,K.M. VADI,CWC,29,Karnataka,545,Mysore,HUNSUR,-,-,Cauvery,Cauvery,Lakshmanthirtha,-,-,Lakshmanthirtha,12.34722222,76.29222222,01-06-2026 16:00,83
506,K.M. VADI,CWC,29,Karnataka,545,Mysore,HUNSUR,-,-,Cauvery,Cauvery,Lakshmanthirtha,-,-,Lakshmanthirtha,12.34722222,76.29222222,02-06-2026 03:00,1.1
507,K.M. VADI,CWC,29,Karnataka,545,Mysore,HUNSUR,-,-,Cauvery,Cauvery,Lakshmanthirtha,-,-,Lakshmanthirtha,12.34722222,76.29222222,02-06-2026 04:00,1.1
508,K.M. VADI,CWC,29,Karnataka,545,Mysore,HUNSUR,-,-,Cauvery,Cauvery,Lakshmanthirtha,-,-,Lakshmanthirtha,12.34722222,76.29222222,02-06-2026 05:00,1.1
509,K.M. VADI,CWC,29,Karnataka,545,Mysore,HUNSUR,-,-,Cauvery,Cauvery,Lakshmanthirtha,-,-,Lakshmanthirtha,12.34722222,76.29222222,02-06-2026 07:00,1.1
510,K.M. VADI,CWC,29,Karnataka,545,Mysore,HUNSUR,-,-,Cauvery,Cauvery,Lakshmanthirtha,-,-,Lakshmanthirtha,12.34722222,76.29222222,02-06-2026 08:00,1.1
511,K.M. VADI,CWC,29,Karnataka,545,Mysore,HUNSUR,-,-,Cauvery,Cauvery,Lakshmanthirtha,-,-,Lakshmanthirtha,12.34722222,76.29222222,02-06-2026 12:00,1.1
512,K.M. VADI,CWC,29,Karnataka,545,Mysore,HUNSUR,-,-,Cauvery,Cauvery,Lakshmanthirtha,-,-,Lakshmanthirtha,12.34722222,76.29222222,02-06-2026 13:00,1.1
513,K.M. VADI,CWC,29,Karnataka,545,Mysore,HUNSUR,-,-,Cauvery,Cauvery,Lakshmanthirtha,-,-,Lakshmanthirtha,12.34722222,76.29222222,02-06-2026 14:00,1.1
514,K.M. VADI,CWC,29,Karnataka,545,Mysore,HUNSUR,-,-,Cauvery,Cauvery,Lakshmanthirtha,-,-,Lakshmanthirtha,12.34722222,76.29222222,02-06-2026 16:00,1.1
515,K.M. VADI,CWC,29,Karnataka,545,Mysore,HUNSUR,-,-,Cauvery,Cauvery,Lakshmanthirtha,-,-,Lakshmanthirtha,12.34722222,76.29222222,02-06-2026 18:00,1.1
516,K.M. VADI,CWC,29,Karnataka,545,Mysore,HUNSUR,-,-,Cauvery,Cauvery,Lakshmanthirtha,-,-,Lakshmanthirtha,12.34722222,76.29222222,02-06-2026 19:00,1.1
517,K.M. VADI,CWC,29,Karnataka,545,Mysore,HUNSUR,-,-,Cauvery,Cauvery,Lakshmanthirtha,-,-,Lakshmanthirtha,12.34722222,76.29222222,02-06-2026 23:00,1.1
518,K.M. VADI,CWC,29,Karnataka,545,Mysore,HUNSUR,-,-,Cauvery,Cauvery,Lakshmanthirtha,-,-,Lakshmanthirtha,12.34722222,76.29222222,03-06-2026 02:00,0.1
519,K.M. VADI,CWC,29,Karnataka,545,Mysore,HUNSUR,-,-,Cauvery,Cauvery,Lakshmanthirtha,-,-,Lakshmanthirtha,12.34722222,76.29222222,03-06-2026 06:00,0.5
520,K.M. VADI,CWC,29,Karnataka,545,Mysore,HUNSUR,-,-,Cauvery,Cauvery,Lakshmanthirtha,-,-,Lakshmanthirtha,12.34722222,76.29222222,03-06-2026 07:00,0.5
521,K.M. VADI,CWC,29,Karnataka,545,Mysore,HUNSUR,-,-,Cauvery,Cauvery,Lakshmanthirtha,-,-,Lakshmanthirtha,12.34722222,76.29222222,03-06-2026 09:00,0.5
522,K.M. VADI,CWC,29,Karnataka,545,Mysore,HUNSUR,-,-,Cauvery,Cauvery,Lakshmanthirtha,-,-,Lakshmanthirtha,12.34722222,76.29222222,03-06-2026 10:00,0.5
523,K.M. VADI,CWC,29,Karnataka,545,Mysore,HUNSUR,-,-,Cauvery,Cauvery,Lakshmanthirtha,-,-,Lakshmanthirtha,12.34722222,76.29222222,03-06-2026 11:00,0.5
524,K.M. VADI,CWC,29,Karnataka,545,Mysore,HUNSUR,-,-,Cauvery,Cauvery,Lakshmanthirtha,-,-,Lakshmanthirtha,12.34722222,76.29222222,03-06-2026 12:00,0.5
525,K.M. VADI,CWC,29,Karnataka,545,Mysore,HUNSUR,-,-,Cauvery,Cauvery,Lakshmanthirtha,-,-,Lakshmanthirtha,12.34722222,76.29222222,03-06-2026 16:00,0.5
526,K.M. VADI,CWC,29,Karnataka,545,Mysore,HUNSUR,-,-,Cauvery,Cauvery,Lakshmanthirtha,-,-,Lakshmanthirtha,12.34722222,76.29222222,03-06-2026 17:00,0.5
527,K.M. VADI,CWC,29,Karnataka,545,Mysore,HUNSUR,-,-,Cauvery,Cauvery,Lakshmanthirtha,-,-,Lakshmanthirtha,12.34722222,76.29222222,03-06-2026 18:00,0.5
528,K.M. VADI,CWC,29,Karnataka,545,Mysore,HUNSUR,-,-,Cauvery,Cauvery,Lakshmanthirtha,-,-,Lakshmanthirtha,12.34722222,76.29222222,03-06-2026 19:00,0.5
529,K.M. VADI,CWC,29,Karnataka,545,Mysore,HUNSUR,-,-,Cauvery,Cauvery,Lakshmanthirtha,-,-,Lakshmanthirtha,12.34722222,76.29222222,03-06-2026 20:00,0.5
530,K.M. VADI,CWC,29,Karnataka,545,Mysore,HUNSUR,-,-,Cauvery,Cauvery,Lakshmanthirtha,-,-,Lakshmanthirtha,12.34722222,76.29222222,03-06-2026 21:00,0.5
531,K.M. VADI,CWC,29,Karnataka,545,Mysore,HUNSUR,-,-,Cauvery,Cauvery,Lakshmanthirtha,-,-,Lakshmanthirtha,12.34722222,76.29222222,03-06-2026 22:00,0.5
532,KOLLEGAL,CWC,29,Karnataka,531,Chamarajanagara,KOLLEGAL,-,-,Cauvery,Cauvery,-,-,-,Cauvery,12.18944444,77.10194444,02-01-2026 09:00,0.2
533,KOLLEGAL,CWC,29,Karnataka,531,Chamarajanagara,KOLLEGAL,-,-,Cauvery,Cauvery,-,-,-,Cauvery,12.18944444,77.10194444,03-01-2026 17:00,0.2
534,KOLLEGAL,CWC,29,Karnataka,531,Chamarajanagara,KOLLEGAL,-,-,Cauvery,Cauvery,-,-,-,Cauvery,12.18944444,77.10194444,04-01-2026 06:00,64
535,KOLLEGAL,CWC,29,Karnataka,531,Chamarajanagara,KOLLEGAL,-,-,Cauvery,Cauvery,-,-,-,Cauvery,12.18944444,77.10194444,05-01-2026 11:00,3.2
536,KOLLEGAL,CWC,29,Karnataka,531,Chamarajanagara,KOLLEGAL,-,-,Cauvery,Cauvery,-,-,-,Cauvery,12.18944444,77.10194444,05-01-2026 12:00,4.8
537,KOLLEGAL,CWC,29,Karnataka,531,Chamarajanagara,KOLLEGAL,-,-,Cauvery,Cauvery,-,-,-,Cauvery,12.18944444,77.10194444,09-01-2026 06:00,6.6
538,KOLLEGAL,CWC,29,Karnataka,531,Chamarajanagara,KOLLEGAL,-,-,Cauvery,Cauvery,-,-,-,Cauvery,12.18944444,77.10194444,10-01-2026 15:00,64.1
539,KOLLEGAL,CWC,29,Karnataka,531,Chamarajanagara,KOLLEGAL,-,-,Cauvery,Cauvery,-,-,-,Cauvery,12.18944444,77.10194444,11-01-2026 17:00,0.5
540,KOLLEGAL,CWC,29,Karnataka,531,Chamarajanagara,KOLLEGAL,-,-,Cauvery,Cauvery,-,-,-,Cauvery,12.18944444,77.10194444,31-01-2026 16:00,49.2
541,KOLLEGAL,CWC,29,Karnataka,531,Chamarajanagara,KOLLEGAL,-,-,Cauvery,Cauvery,-,-,-,Cauvery,12.18944444,77.10194444,06-02-2026 01:30,7.4
542,KOLLEGAL,CWC,29,Karnataka,531,Chamarajanagara,KOLLEGAL,-,-,Cauvery,Cauvery,-,-,-,Cauvery,12.18944444,77.10194444,10-02-2026 06:00,0.8
543,KOLLEGAL,CWC,29,Karnataka,531,Chamarajanagara,KOLLEGAL,-,-,Cauvery,Cauvery,-,-,-,Cauvery,12.18944444,77.10194444,13-02-2026 02:00,2.7
544,KOLLEGAL,CWC,29,Karnataka,531,Chamarajanagara,KOLLEGAL,-,-,Cauvery,Cauvery,-,-,-,Cauvery,12.18944444,77.10194444,23-02-2026 02:00,0.1
545,KOLLEGAL,CWC,29,Karnataka,531,Chamarajanagara,KOLLEGAL,-,-,Cauvery,Cauvery,-,-,-,Cauvery,12.18944444,77.10194444,25-02-2026 00:00,0.2
546,KOLLEGAL,CWC,29,Karnataka,531,Chamarajanagara,KOLLEGAL,-,-,Cauvery,Cauvery,-,-,-,Cauvery,12.18944444,77.10194444,25-02-2026 02:00,0.4
547,KOLLEGAL,CWC,29,Karnataka,531,Chamarajanagara,KOLLEGAL,-,-,Cauvery,Cauvery,-,-,-,Cauvery,12.18944444,77.10194444,25-02-2026 04:00,0.4
548,KOLLEGAL,CWC,29,Karnataka,531,Chamarajanagara,KOLLEGAL,-,-,Cauvery,Cauvery,-,-,-,Cauvery,12.18944444,77.10194444,25-02-2026 05:00,0.5
549,KOLLEGAL,CWC,29,Karnataka,531,Chamarajanagara,KOLLEGAL,-,-,Cauvery,Cauvery,-,-,-,Cauvery,12.18944444,77.10194444,25-02-2026 06:00,0.5
550,KOLLEGAL,CWC,29,Karnataka,531,Chamarajanagara,KOLLEGAL,-,-,Cauvery,Cauvery,-,-,-,Cauvery,12.18944444,77.10194444,25-02-2026 07:00,0.4
551,KOLLEGAL,CWC,29,Karnataka,531,Chamarajanagara,KOLLEGAL,-,-,Cauvery,Cauvery,-,-,-,Cauvery,12.18944444,77.10194444,24-03-2026 05:00,0.2
552,KOLLEGAL,CWC,29,Karnataka,531,Chamarajanagara,KOLLEGAL,-,-,Cauvery,Cauvery,-,-,-,Cauvery,12.18944444,77.10194444,28-03-2026 19:00,68.1
553,KOLLEGAL,CWC,29,Karnataka,531,Chamarajanagara,KOLLEGAL,-,-,Cauvery,Cauvery,-,-,-,Cauvery,12.18944444,77.10194444,29-03-2026 02:00,0.5
554,KOLLEGAL,CWC,29,Karnataka,531,Chamarajanagara,KOLLEGAL,-,-,Cauvery,Cauvery,-,-,-,Cauvery,12.18944444,77.10194444,29-03-2026 03:00,0.1
555,KOLLEGAL,CWC,29,Karnataka,531,Chamarajanagara,KOLLEGAL,-,-,Cauvery,Cauvery,-,-,-,Cauvery,12.18944444,77.10194444,29-03-2026 04:00,0.5
556,KOLLEGAL,CWC,29,Karnataka,531,Chamarajanagara,KOLLEGAL,-,-,Cauvery,Cauvery,-,-,-,Cauvery,12.18944444,77.10194444,29-03-2026 05:00,0.5
557,KOLLEGAL,CWC,29,Karnataka,531,Chamarajanagara,KOLLEGAL,-,-,Cauvery,Cauvery,-,-,-,Cauvery,12.18944444,77.10194444,29-03-2026 06:00,0.1
558,KOLLEGAL,CWC,29,Karnataka,531,Chamarajanagara,KOLLEGAL,-,-,Cauvery,Cauvery,-,-,-,Cauvery,12.18944444,77.10194444,30-03-2026 01:00,0.5
559,KOLLEGAL,CWC,29,Karnataka,531,Chamarajanagara,KOLLEGAL,-,-,Cauvery,Cauvery,-,-,-,Cauvery,12.18944444,77.10194444,30-03-2026 02:00,0.4
560,KOLLEGAL,CWC,29,Karnataka,531,Chamarajanagara,KOLLEGAL,-,-,Cauvery,Cauvery,-,-,-,Cauvery,12.18944444,77.10194444,30-03-2026 06:00,64.5
561,KOLLEGAL,CWC,29,Karnataka,531,Chamarajanagara,KOLLEGAL,-,-,Cauvery,Cauvery,-,-,-,Cauvery,12.18944444,77.10194444,31-03-2026 01:00,0.4
562,KOLLEGAL,CWC,29,Karnataka,531,Chamarajanagara,KOLLEGAL,-,-,Cauvery,Cauvery,-,-,-,Cauvery,12.18944444,77.10194444,03-04-2026 12:00,2.8
563,KOLLEGAL,CWC,29,Karnataka,531,Chamarajanagara,KOLLEGAL,-,-,Cauvery,Cauvery,-,-,-,Cauvery,12.18944444,77.10194444,04-04-2026 16:00,0.3
564,KOLLEGAL,CWC,29,Karnataka,531,Chamarajanagara,KOLLEGAL,-,-,Cauvery,Cauvery,-,-,-,Cauvery,12.18944444,77.10194444,04-04-2026 20:00,2.4
565,KOLLEGAL,CWC,29,Karnataka,531,Chamarajanagara,KOLLEGAL,-,-,Cauvery,Cauvery,-,-,-,Cauvery,12.18944444,77.10194444,09-04-2026 17:00,31.7
566,KOLLEGAL,CWC,29,Karnataka,531,Chamarajanagara,KOLLEGAL,-,-,Cauvery,Cauvery,-,-,-,Cauvery,12.18944444,77.10194444,10-04-2026 01:00,0.1
567,KOLLEGAL,CWC,29,Karnataka,531,Chamarajanagara,KOLLEGAL,-,-,Cauvery,Cauvery,-,-,-,Cauvery,12.18944444,77.10194444,10-04-2026 02:00,0.1
568,KOLLEGAL,CWC,29,Karnataka,531,Chamarajanagara,KOLLEGAL,-,-,Cauvery,Cauvery,-,-,-,Cauvery,12.18944444,77.10194444,10-04-2026 04:00,0.2
569,KOLLEGAL,CWC,29,Karnataka,531,Chamarajanagara,KOLLEGAL,-,-,Cauvery,Cauvery,-,-,-,Cauvery,12.18944444,77.10194444,10-04-2026 05:00,0.2
570,KOLLEGAL,CWC,29,Karnataka,531,Chamarajanagara,KOLLEGAL,-,-,Cauvery,Cauvery,-,-,-,Cauvery,12.18944444,77.10194444,10-04-2026 07:00,0.2
571,KOLLEGAL,CWC,29,Karnataka,531,Chamarajanagara,KOLLEGAL,-,-,Cauvery,Cauvery,-,-,-,Cauvery,12.18944444,77.10194444,10-04-2026 08:00,0.2
572,KOLLEGAL,CWC,29,Karnataka,531,Chamarajanagara,KOLLEGAL,-,-,Cauvery,Cauvery,-,-,-,Cauvery,12.18944444,77.10194444,10-04-2026 12:00,49
573,KOLLEGAL,CWC,29,Karnataka,531,Chamarajanagara,KOLLEGAL,-,-,Cauvery,Cauvery,-,-,-,Cauvery,12.18944444,77.10194444,10-04-2026 16:00,38.6
574,KOLLEGAL,CWC,29,Karnataka,531,Chamarajanagara,KOLLEGAL,-,-,Cauvery,Cauvery,-,-,-,Cauvery,12.18944444,77.10194444,10-04-2026 17:00,0.2
575,KOLLEGAL,CWC,29,Karnataka,531,Chamarajanagara,KOLLEGAL,-,-,Cauvery,Cauvery,-,-,-,Cauvery,12.18944444,77.10194444,10-04-2026 22:00,0.2
576,KOLLEGAL,CWC,29,Karnataka,531,Chamarajanagara,KOLLEGAL,-,-,Cauvery,Cauvery,-,-,-,Cauvery,12.18944444,77.10194444,10-04-2026 23:00,0.2
577,KOLLEGAL,CWC,29,Karnataka,531,Chamarajanagara,KOLLEGAL,-,-,Cauvery,Cauvery,-,-,-,Cauvery,12.18944444,77.10194444,11-04-2026 01:00,0.2
578,KOLLEGAL,CWC,29,Karnataka,531,Chamarajanagara,KOLLEGAL,-,-,Cauvery,Cauvery,-,-,-,Cauvery,12.18944444,77.10194444,11-04-2026 04:00,0.3
579,KOLLEGAL,CWC,29,Karnataka,531,Chamarajanagara,KOLLEGAL,-,-,Cauvery,Cauvery,-,-,-,Cauvery,12.18944444,77.10194444,11-04-2026 20:00,0.3
580,KOLLEGAL,CWC,29,Karnataka,531,Chamarajanagara,KOLLEGAL,-,-,Cauvery,Cauvery,-,-,-,Cauvery,12.18944444,77.10194444,11-04-2026 23:00,0.3
581,KOLLEGAL,CWC,29,Karnataka,531,Chamarajanagara,KOLLEGAL,-,-,Cauvery,Cauvery,-,-,-,Cauvery,12.18944444,77.10194444,12-04-2026 01:00,0.3
582,KOLLEGAL,CWC,29,Karnataka,531,Chamarajanagara,KOLLEGAL,-,-,Cauvery,Cauvery,-,-,-,Cauvery,12.18944444,77.10194444,14-04-2026 12:00,32
583,KOLLEGAL,CWC,29,Karnataka,531,Chamarajanagara,KOLLEGAL,-,-,Cauvery,Cauvery,-,-,-,Cauvery,12.18944444,77.10194444,17-04-2026 05:00,76.6
584,KOLLEGAL,CWC,29,Karnataka,531,Chamarajanagara,KOLLEGAL,-,-,Cauvery,Cauvery,-,-,-,Cauvery,12.18944444,77.10194444,21-04-2026 22:00,7.2
585,KOLLEGAL,CWC,29,Karnataka,531,Chamarajanagara,KOLLEGAL,-,-,Cauvery,Cauvery,-,-,-,Cauvery,12.18944444,77.10194444,22-04-2026 12:00,5.7
586,KOLLEGAL,CWC,29,Karnataka,531,Chamarajanagara,KOLLEGAL,-,-,Cauvery,Cauvery,-,-,-,Cauvery,12.18944444,77.10194444,23-04-2026 09:00,3.6
587,KOLLEGAL,CWC,29,Karnataka,531,Chamarajanagara,KOLLEGAL,-,-,Cauvery,Cauvery,-,-,-,Cauvery,12.18944444,77.10194444,23-04-2026 10:00,88.3
588,KOLLEGAL,CWC,29,Karnataka,531,Chamarajanagara,KOLLEGAL,-,-,Cauvery,Cauvery,-,-,-,Cauvery,12.18944444,77.10194444,23-04-2026 16:00,51.7
589,KOLLEGAL,CWC,29,Karnataka,531,Chamarajanagara,KOLLEGAL,-,-,Cauvery,Cauvery,-,-,-,Cauvery,12.18944444,77.10194444,25-04-2026 02:00,76.8
590,KOLLEGAL,CWC,29,Karnataka,531,Chamarajanagara,KOLLEGAL,-,-,Cauvery,Cauvery,-,-,-,Cauvery,12.18944444,77.10194444,01-05-2026 04:00,0.7
591,KOLLEGAL,CWC,29,Karnataka,531,Chamarajanagara,KOLLEGAL,-,-,Cauvery,Cauvery,-,-,-,Cauvery,12.18944444,77.10194444,01-05-2026 06:00,0.1
592,KOLLEGAL,CWC,29,Karnataka,531,Chamarajanagara,KOLLEGAL,-,-,Cauvery,Cauvery,-,-,-,Cauvery,12.18944444,77.10194444,01-05-2026 08:00,0.1
593,KOLLEGAL,CWC,29,Karnataka,531,Chamarajanagara,KOLLEGAL,-,-,Cauvery,Cauvery,-,-,-,Cauvery,12.18944444,77.10194444,01-05-2026 10:00,0.1
594,KOLLEGAL,CWC,29,Karnataka,531,Chamarajanagara,KOLLEGAL,-,-,Cauvery,Cauvery,-,-,-,Cauvery,12.18944444,77.10194444,02-05-2026 02:00,0.1
595,KOLLEGAL,CWC,29,Karnataka,531,Chamarajanagara,KOLLEGAL,-,-,Cauvery,Cauvery,-,-,-,Cauvery,12.18944444,77.10194444,02-05-2026 02:30,0.1
596,KOLLEGAL,CWC,29,Karnataka,531,Chamarajanagara,KOLLEGAL,-,-,Cauvery,Cauvery,-,-,-,Cauvery,12.18944444,77.10194444,02-05-2026 05:00,0.7
597,KOLLEGAL,CWC,29,Karnataka,531,Chamarajanagara,KOLLEGAL,-,-,Cauvery,Cauvery,-,-,-,Cauvery,12.18944444,77.10194444,02-05-2026 07:00,0.7
598,KOLLEGAL,CWC,29,Karnataka,531,Chamarajanagara,KOLLEGAL,-,-,Cauvery,Cauvery,-,-,-,Cauvery,12.18944444,77.10194444,02-05-2026 08:00,0.1
599,KOLLEGAL,CWC,29,Karnataka,531,Chamarajanagara,KOLLEGAL,-,-,Cauvery,Cauvery,-,-,-,Cauvery,12.18944444,77.10194444,02-05-2026 10:00,0.7
600,KOLLEGAL,CWC,29,Karnataka,531,Chamarajanagara,KOLLEGAL,-,-,Cauvery,Cauvery,-,-,-,Cauvery,12.18944444,77.10194444,02-05-2026 11:00,0.7
601,KOLLEGAL,CWC,29,Karnataka,531,Chamarajanagara,KOLLEGAL,-,-,Cauvery,Cauvery,-,-,-,Cauvery,12.18944444,77.10194444,02-05-2026 15:00,0.7
602,KOLLEGAL,CWC,29,Karnataka,531,Chamarajanagara,KOLLEGAL,-,-,Cauvery,Cauvery,-,-,-,Cauvery,12.18944444,77.10194444,02-05-2026 16:00,0.7
603,KOLLEGAL,CWC,29,Karnataka,531,Chamarajanagara,KOLLEGAL,-,-,Cauvery,Cauvery,-,-,-,Cauvery,12.18944444,77.10194444,02-05-2026 17:00,0.7
604,KOLLEGAL,CWC,29,Karnataka,531,Chamarajanagara,KOLLEGAL,-,-,Cauvery,Cauvery,-,-,-,Cauvery,12.18944444,77.10194444,02-05-2026 19:00,0.7
605,KOLLEGAL,CWC,29,Karnataka,531,Chamarajanagara,KOLLEGAL,-,-,Cauvery,Cauvery,-,-,-,Cauvery,12.18944444,77.10194444,02-05-2026 20:00,0.7
606,KOLLEGAL,CWC,29,Karnataka,531,Chamarajanagara,KOLLEGAL,-,-,Cauvery,Cauvery,-,-,-,Cauvery,12.18944444,77.10194444,02-05-2026 21:00,0.2
607,KOLLEGAL,CWC,29,Karnataka,531,Chamarajanagara,KOLLEGAL,-,-,Cauvery,Cauvery,-,-,-,Cauvery,12.18944444,77.10194444,02-05-2026 23:00,0.7
608,KOLLEGAL,CWC,29,Karnataka,531,Chamarajanagara,KOLLEGAL,-,-,Cauvery,Cauvery,-,-,-,Cauvery,12.18944444,77.10194444,03-05-2026 00:00,0.7
609,KOLLEGAL,CWC,29,Karnataka,531,Chamarajanagara,KOLLEGAL,-,-,Cauvery,Cauvery,-,-,-,Cauvery,12.18944444,77.10194444,03-05-2026 01:00,0.7
610,KOLLEGAL,CWC,29,Karnataka,531,Chamarajanagara,KOLLEGAL,-,-,Cauvery,Cauvery,-,-,-,Cauvery,12.18944444,77.10194444,03-05-2026 02:00,0.3
611,KOLLEGAL,CWC,29,Karnataka,531,Chamarajanagara,KOLLEGAL,-,-,Cauvery,Cauvery,-,-,-,Cauvery,12.18944444,77.10194444,03-05-2026 03:00,0.3
612,KOLLEGAL,CWC,29,Karnataka,531,Chamarajanagara,KOLLEGAL,-,-,Cauvery,Cauvery,-,-,-,Cauvery,12.18944444,77.10194444,10-05-2026 04:00,0.1
613,KOLLEGAL,CWC,29,Karnataka,531,Chamarajanagara,KOLLEGAL,-,-,Cauvery,Cauvery,-,-,-,Cauvery,12.18944444,77.10194444,10-05-2026 08:00,0.1
614,KOLLEGAL,CWC,29,Karnataka,531,Chamarajanagara,KOLLEGAL,-,-,Cauvery,Cauvery,-,-,-,Cauvery,12.18944444,77.10194444,10-05-2026 09:00,0.1
615,KOLLEGAL,CWC,29,Karnataka,531,Chamarajanagara,KOLLEGAL,-,-,Cauvery,Cauvery,-,-,-,Cauvery,12.18944444,77.10194444,10-05-2026 13:00,0.1
616,KOLLEGAL,CWC,29,Karnataka,531,Chamarajanagara,KOLLEGAL,-,-,Cauvery,Cauvery,-,-,-,Cauvery,12.18944444,77.10194444,10-05-2026 15:00,0.1
617,KOLLEGAL,CWC,29,Karnataka,531,Chamarajanagara,KOLLEGAL,-,-,Cauvery,Cauvery,-,-,-,Cauvery,12.18944444,77.10194444,10-05-2026 16:30,0.2
618,KOLLEGAL,CWC,29,Karnataka,531,Chamarajanagara,KOLLEGAL,-,-,Cauvery,Cauvery,-,-,-,Cauvery,12.18944444,77.10194444,10-05-2026 17:30,0.1
619,KOLLEGAL,CWC,29,Karnataka,531,Chamarajanagara,KOLLEGAL,-,-,Cauvery,Cauvery,-,-,-,Cauvery,12.18944444,77.10194444,10-05-2026 18:00,0.1
620,KOLLEGAL,CWC,29,Karnataka,531,Chamarajanagara,KOLLEGAL,-,-,Cauvery,Cauvery,-,-,-,Cauvery,12.18944444,77.10194444,10-05-2026 19:00,0.1
621,KOLLEGAL,CWC,29,Karnataka,531,Chamarajanagara,KOLLEGAL,-,-,Cauvery,Cauvery,-,-,-,Cauvery,12.18944444,77.10194444,10-05-2026 22:00,0.1
622,KOLLEGAL,CWC,29,Karnataka,531,Chamarajanagara,KOLLEGAL,-,-,Cauvery,Cauvery,-,-,-,Cauvery,12.18944444,77.10194444,11-05-2026 01:00,0.1
623,KOLLEGAL,CWC,29,Karnataka,531,Chamarajanagara,KOLLEGAL,-,-,Cauvery,Cauvery,-,-,-,Cauvery,12.18944444,77.10194444,11-05-2026 02:00,0.2
624,KOLLEGAL,CWC,29,Karnataka,531,Chamarajanagara,KOLLEGAL,-,-,Cauvery,Cauvery,-,-,-,Cauvery,12.18944444,77.10194444,11-05-2026 03:00,0.2
625,KOLLEGAL,CWC,29,Karnataka,531,Chamarajanagara,KOLLEGAL,-,-,Cauvery,Cauvery,-,-,-,Cauvery,12.18944444,77.10194444,11-05-2026 04:00,0.2
626,KOLLEGAL,CWC,29,Karnataka,531,Chamarajanagara,KOLLEGAL,-,-,Cauvery,Cauvery,-,-,-,Cauvery,12.18944444,77.10194444,11-05-2026 07:00,0.1
627,KOLLEGAL,CWC,29,Karnataka,531,Chamarajanagara,KOLLEGAL,-,-,Cauvery,Cauvery,-,-,-,Cauvery,12.18944444,77.10194444,11-05-2026 09:00,0.2
628,KOLLEGAL,CWC,29,Karnataka,531,Chamarajanagara,KOLLEGAL,-,-,Cauvery,Cauvery,-,-,-,Cauvery,12.18944444,77.10194444,11-05-2026 15:00,0.2
629,KOLLEGAL,CWC,29,Karnataka,531,Chamarajanagara,KOLLEGAL,-,-,Cauvery,Cauvery,-,-,-,Cauvery,12.18944444,77.10194444,11-05-2026 17:00,0.2
630,KOLLEGAL,CWC,29,Karnataka,531,Chamarajanagara,KOLLEGAL,-,-,Cauvery,Cauvery,-,-,-,Cauvery,12.18944444,77.10194444,11-05-2026 18:00,0.2
631,KOLLEGAL,CWC,29,Karnataka,531,Chamarajanagara,KOLLEGAL,-,-,Cauvery,Cauvery,-,-,-,Cauvery,12.18944444,77.10194444,11-05-2026 21:00,0.2
632,KOLLEGAL,CWC,29,Karnataka,531,Chamarajanagara,KOLLEGAL,-,-,Cauvery,Cauvery,-,-,-,Cauvery,12.18944444,77.10194444,12-05-2026 00:00,0.2
633,KOLLEGAL,CWC,29,Karnataka,531,Chamarajanagara,KOLLEGAL,-,-,Cauvery,Cauvery,-,-,-,Cauvery,12.18944444,77.10194444,12-05-2026 02:00,0.7
634,KOLLEGAL,CWC,29,Karnataka,531,Chamarajanagara,KOLLEGAL,-,-,Cauvery,Cauvery,-,-,-,Cauvery,12.18944444,77.10194444,12-05-2026 03:00,0.7
635,KOLLEGAL,CWC,29,Karnataka,531,Chamarajanagara,KOLLEGAL,-,-,Cauvery,Cauvery,-,-,-,Cauvery,12.18944444,77.10194444,12-05-2026 05:00,0.7
636,KOLLEGAL,CWC,29,Karnataka,531,Chamarajanagara,KOLLEGAL,-,-,Cauvery,Cauvery,-,-,-,Cauvery,12.18944444,77.10194444,12-05-2026 07:00,0.7
637,KOLLEGAL,CWC,29,Karnataka,531,Chamarajanagara,KOLLEGAL,-,-,Cauvery,Cauvery,-,-,-,Cauvery,12.18944444,77.10194444,12-05-2026 13:00,0.7
638,KOLLEGAL,CWC,29,Karnataka,531,Chamarajanagara,KOLLEGAL,-,-,Cauvery,Cauvery,-,-,-,Cauvery,12.18944444,77.10194444,12-05-2026 14:00,0.1
639,KOLLEGAL,CWC,29,Karnataka,531,Chamarajanagara,KOLLEGAL,-,-,Cauvery,Cauvery,-,-,-,Cauvery,12.18944444,77.10194444,12-05-2026 15:00,0.7
640,KOLLEGAL,CWC,29,Karnataka,531,Chamarajanagara,KOLLEGAL,-,-,Cauvery,Cauvery,-,-,-,Cauvery,12.18944444,77.10194444,12-05-2026 16:00,0.1
641,KOLLEGAL,CWC,29,Karnataka,531,Chamarajanagara,KOLLEGAL,-,-,Cauvery,Cauvery,-,-,-,Cauvery,12.18944444,77.10194444,12-05-2026 17:00,0.7
642,KOLLEGAL,CWC,29,Karnataka,531,Chamarajanagara,KOLLEGAL,-,-,Cauvery,Cauvery,-,-,-,Cauvery,12.18944444,77.10194444,12-05-2026 18:00,0.1
643,KOLLEGAL,CWC,29,Karnataka,531,Chamarajanagara,KOLLEGAL,-,-,Cauvery,Cauvery,-,-,-,Cauvery,12.18944444,77.10194444,12-05-2026 19:00,0.1
644,KOLLEGAL,CWC,29,Karnataka,531,Chamarajanagara,KOLLEGAL,-,-,Cauvery,Cauvery,-,-,-,Cauvery,12.18944444,77.10194444,12-05-2026 21:00,0.1
645,KOLLEGAL,CWC,29,Karnataka,531,Chamarajanagara,KOLLEGAL,-,-,Cauvery,Cauvery,-,-,-,Cauvery,12.18944444,77.10194444,12-05-2026 23:00,0.1
646,KOLLEGAL,CWC,29,Karnataka,531,Chamarajanagara,KOLLEGAL,-,-,Cauvery,Cauvery,-,-,-,Cauvery,12.18944444,77.10194444,13-05-2026 01:00,0.1
647,KOLLEGAL,CWC,29,Karnataka,531,Chamarajanagara,KOLLEGAL,-,-,Cauvery,Cauvery,-,-,-,Cauvery,12.18944444,77.10194444,13-05-2026 02:00,1.2
648,KOLLEGAL,CWC,29,Karnataka,531,Chamarajanagara,KOLLEGAL,-,-,Cauvery,Cauvery,-,-,-,Cauvery,12.18944444,77.10194444,13-05-2026 04:00,1.2
649,KOLLEGAL,CWC,29,Karnataka,531,Chamarajanagara,KOLLEGAL,-,-,Cauvery,Cauvery,-,-,-,Cauvery,12.18944444,77.10194444,13-05-2026 06:00,0.1
650,KOLLEGAL,CWC,29,Karnataka,531,Chamarajanagara,KOLLEGAL,-,-,Cauvery,Cauvery,-,-,-,Cauvery,12.18944444,77.10194444,13-05-2026 08:00,0.1
651,KOLLEGAL,CWC,29,Karnataka,531,Chamarajanagara,KOLLEGAL,-,-,Cauvery,Cauvery,-,-,-,Cauvery,12.18944444,77.10194444,13-05-2026 11:00,1.2
652,KOLLEGAL,CWC,29,Karnataka,531,Chamarajanagara,KOLLEGAL,-,-,Cauvery,Cauvery,-,-,-,Cauvery,12.18944444,77.10194444,13-05-2026 12:00,0.1
653,KOLLEGAL,CWC,29,Karnataka,531,Chamarajanagara,KOLLEGAL,-,-,Cauvery,Cauvery,-,-,-,Cauvery,12.18944444,77.10194444,13-05-2026 15:00,0.1
654,KOLLEGAL,CWC,29,Karnataka,531,Chamarajanagara,KOLLEGAL,-,-,Cauvery,Cauvery,-,-,-,Cauvery,12.18944444,77.10194444,13-05-2026 18:00,1.2
655,KOLLEGAL,CWC,29,Karnataka,531,Chamarajanagara,KOLLEGAL,-,-,Cauvery,Cauvery,-,-,-,Cauvery,12.18944444,77.10194444,13-05-2026 19:00,38.5
656,KOLLEGAL,CWC,29,Karnataka,531,Chamarajanagara,KOLLEGAL,-,-,Cauvery,Cauvery,-,-,-,Cauvery,12.18944444,77.10194444,14-05-2026 02:00,0.6
657,KOLLEGAL,CWC,29,Karnataka,531,Chamarajanagara,KOLLEGAL,-,-,Cauvery,Cauvery,-,-,-,Cauvery,12.18944444,77.10194444,14-05-2026 04:00,0.6
658,KOLLEGAL,CWC,29,Karnataka,531,Chamarajanagara,KOLLEGAL,-,-,Cauvery,Cauvery,-,-,-,Cauvery,12.18944444,77.10194444,14-05-2026 05:00,0.6
659,KOLLEGAL,CWC,29,Karnataka,531,Chamarajanagara,KOLLEGAL,-,-,Cauvery,Cauvery,-,-,-,Cauvery,12.18944444,77.10194444,14-05-2026 07:00,0.6
660,KOLLEGAL,CWC,29,Karnataka,531,Chamarajanagara,KOLLEGAL,-,-,Cauvery,Cauvery,-,-,-,Cauvery,12.18944444,77.10194444,14-05-2026 08:00,0.6
661,KOLLEGAL,CWC,29,Karnataka,531,Chamarajanagara,KOLLEGAL,-,-,Cauvery,Cauvery,-,-,-,Cauvery,12.18944444,77.10194444,14-05-2026 09:00,0.6
662,KOLLEGAL,CWC,29,Karnataka,531,Chamarajanagara,KOLLEGAL,-,-,Cauvery,Cauvery,-,-,-,Cauvery,12.18944444,77.10194444,14-05-2026 11:00,0.6
663,KOLLEGAL,CWC,29,Karnataka,531,Chamarajanagara,KOLLEGAL,-,-,Cauvery,Cauvery,-,-,-,Cauvery,12.18944444,77.10194444,14-05-2026 18:00,0.6
664,KOLLEGAL,CWC,29,Karnataka,531,Chamarajanagara,KOLLEGAL,-,-,Cauvery,Cauvery,-,-,-,Cauvery,12.18944444,77.10194444,14-05-2026 19:00,0.6
665,KOLLEGAL,CWC,29,Karnataka,531,Chamarajanagara,KOLLEGAL,-,-,Cauvery,Cauvery,-,-,-,Cauvery,12.18944444,77.10194444,14-05-2026 20:00,0.6
666,KOLLEGAL,CWC,29,Karnataka,531,Chamarajanagara,KOLLEGAL,-,-,Cauvery,Cauvery,-,-,-,Cauvery,12.18944444,77.10194444,14-05-2026 21:00,0.6
667,KOLLEGAL,CWC,29,Karnataka,531,Chamarajanagara,KOLLEGAL,-,-,Cauvery,Cauvery,-,-,-,Cauvery,12.18944444,77.10194444,14-05-2026 22:00,0.6
668,KOLLEGAL,CWC,29,Karnataka,531,Chamarajanagara,KOLLEGAL,-,-,Cauvery,Cauvery,-,-,-,Cauvery,12.18944444,77.10194444,14-05-2026 23:00,0.6
669,KOLLEGAL,CWC,29,Karnataka,531,Chamarajanagara,KOLLEGAL,-,-,Cauvery,Cauvery,-,-,-,Cauvery,12.18944444,77.10194444,15-05-2026 00:00,0.6
670,KOLLEGAL,CWC,29,Karnataka,531,Chamarajanagara,KOLLEGAL,-,-,Cauvery,Cauvery,-,-,-,Cauvery,12.18944444,77.10194444,15-05-2026 01:00,0.6
671,KOLLEGAL,CWC,29,Karnataka,531,Chamarajanagara,KOLLEGAL,-,-,Cauvery,Cauvery,-,-,-,Cauvery,12.18944444,77.10194444,16-05-2026 02:00,0.5
672,KOLLEGAL,CWC,29,Karnataka,531,Chamarajanagara,KOLLEGAL,-,-,Cauvery,Cauvery,-,-,-,Cauvery,12.18944444,77.10194444,16-05-2026 03:00,0.5
673,KOLLEGAL,CWC,29,Karnataka,531,Chamarajanagara,KOLLEGAL,-,-,Cauvery,Cauvery,-,-,-,Cauvery,12.18944444,77.10194444,16-05-2026 04:00,0.5
674,KOLLEGAL,CWC,29,Karnataka,531,Chamarajanagara,KOLLEGAL,-,-,Cauvery,Cauvery,-,-,-,Cauvery,12.18944444,77.10194444,16-05-2026 05:00,0.5
675,KOLLEGAL,CWC,29,Karnataka,531,Chamarajanagara,KOLLEGAL,-,-,Cauvery,Cauvery,-,-,-,Cauvery,12.18944444,77.10194444,16-05-2026 06:00,0.5
676,KOLLEGAL,CWC,29,Karnataka,531,Chamarajanagara,KOLLEGAL,-,-,Cauvery,Cauvery,-,-,-,Cauvery,12.18944444,77.10194444,16-05-2026 07:00,0.5
677,KOLLEGAL,CWC,29,Karnataka,531,Chamarajanagara,KOLLEGAL,-,-,Cauvery,Cauvery,-,-,-,Cauvery,12.18944444,77.10194444,16-05-2026 08:00,0.5
678,KOLLEGAL,CWC,29,Karnataka,531,Chamarajanagara,KOLLEGAL,-,-,Cauvery,Cauvery,-,-,-,Cauvery,12.18944444,77.10194444,16-05-2026 09:00,0.5
679,KOLLEGAL,CWC,29,Karnataka,531,Chamarajanagara,KOLLEGAL,-,-,Cauvery,Cauvery,-,-,-,Cauvery,12.18944444,77.10194444,16-05-2026 10:00,0.5
680,KOLLEGAL,CWC,29,Karnataka,531,Chamarajanagara,KOLLEGAL,-,-,Cauvery,Cauvery,-,-,-,Cauvery,12.18944444,77.10194444,16-05-2026 11:00,0.5
681,KOLLEGAL,CWC,29,Karnataka,531,Chamarajanagara,KOLLEGAL,-,-,Cauvery,Cauvery,-,-,-,Cauvery,12.18944444,77.10194444,16-05-2026 12:00,0.5
682,KOLLEGAL,CWC,29,Karnataka,531,Chamarajanagara,KOLLEGAL,-,-,Cauvery,Cauvery,-,-,-,Cauvery,12.18944444,77.10194444,16-05-2026 15:00,0.5
683,KOLLEGAL,CWC,29,Karnataka,531,Chamarajanagara,KOLLEGAL,-,-,Cauvery,Cauvery,-,-,-,Cauvery,12.18944444,77.10194444,16-05-2026 16:00,0.5
684,KOLLEGAL,CWC,29,Karnataka,531,Chamarajanagara,KOLLEGAL,-,-,Cauvery,Cauvery,-,-,-,Cauvery,12.18944444,77.10194444,16-05-2026 17:00,0.5
685,KOLLEGAL,CWC,29,Karnataka,531,Chamarajanagara,KOLLEGAL,-,-,Cauvery,Cauvery,-,-,-,Cauvery,12.18944444,77.10194444,16-05-2026 18:00,0.5
686,KOLLEGAL,CWC,29,Karnataka,531,Chamarajanagara,KOLLEGAL,-,-,Cauvery,Cauvery,-,-,-,Cauvery,12.18944444,77.10194444,16-05-2026 19:00,0.5
687,KOLLEGAL,CWC,29,Karnataka,531,Chamarajanagara,KOLLEGAL,-,-,Cauvery,Cauvery,-,-,-,Cauvery,12.18944444,77.10194444,16-05-2026 20:00,0.5
688,KOLLEGAL,CWC,29,Karnataka,531,Chamarajanagara,KOLLEGAL,-,-,Cauvery,Cauvery,-,-,-,Cauvery,12.18944444,77.10194444,16-05-2026 21:00,0.5
689,KOLLEGAL,CWC,29,Karnataka,531,Chamarajanagara,KOLLEGAL,-,-,Cauvery,Cauvery,-,-,-,Cauvery,12.18944444,77.10194444,16-05-2026 22:00,0.5
690,KOLLEGAL,CWC,29,Karnataka,531,Chamarajanagara,KOLLEGAL,-,-,Cauvery,Cauvery,-,-,-,Cauvery,12.18944444,77.10194444,16-05-2026 23:00,0.5
691,KOLLEGAL,CWC,29,Karnataka,531,Chamarajanagara,KOLLEGAL,-,-,Cauvery,Cauvery,-,-,-,Cauvery,12.18944444,77.10194444,17-05-2026 00:00,0.5
692,KOLLEGAL,CWC,29,Karnataka,531,Chamarajanagara,KOLLEGAL,-,-,Cauvery,Cauvery,-,-,-,Cauvery,12.18944444,77.10194444,17-05-2026 01:00,0.5
693,KOLLEGAL,CWC,29,Karnataka,531,Chamarajanagara,KOLLEGAL,-,-,Cauvery,Cauvery,-,-,-,Cauvery,12.18944444,77.10194444,17-05-2026 02:00,1.7
694,KOLLEGAL,CWC,29,Karnataka,531,Chamarajanagara,KOLLEGAL,-,-,Cauvery,Cauvery,-,-,-,Cauvery,12.18944444,77.10194444,17-05-2026 03:00,1.7
695,KOLLEGAL,CWC,29,Karnataka,531,Chamarajanagara,KOLLEGAL,-,-,Cauvery,Cauvery,-,-,-,Cauvery,12.18944444,77.10194444,17-05-2026 04:00,1.7
696,KOLLEGAL,CWC,29,Karnataka,531,Chamarajanagara,KOLLEGAL,-,-,Cauvery,Cauvery,-,-,-,Cauvery,12.18944444,77.10194444,17-05-2026 05:00,1.7
697,KOLLEGAL,CWC,29,Karnataka,531,Chamarajanagara,KOLLEGAL,-,-,Cauvery,Cauvery,-,-,-,Cauvery,12.18944444,77.10194444,17-05-2026 06:00,1.7
698,KOLLEGAL,CWC,29,Karnataka,531,Chamarajanagara,KOLLEGAL,-,-,Cauvery,Cauvery,-,-,-,Cauvery,12.18944444,77.10194444,17-05-2026 07:00,1.7
699,KOLLEGAL,CWC,29,Karnataka,531,Chamarajanagara,KOLLEGAL,-,-,Cauvery,Cauvery,-,-,-,Cauvery,12.18944444,77.10194444,17-05-2026 08:00,1.7
700,KOLLEGAL,CWC,29,Karnataka,531,Chamarajanagara,KOLLEGAL,-,-,Cauvery,Cauvery,-,-,-,Cauvery,12.18944444,77.10194444,17-05-2026 09:00,1.7
701,KOLLEGAL,CWC,29,Karnataka,531,Chamarajanagara,KOLLEGAL,-,-,Cauvery,Cauvery,-,-,-,Cauvery,12.18944444,77.10194444,17-05-2026 10:00,1.7
702,KOLLEGAL,CWC,29,Karnataka,531,Chamarajanagara,KOLLEGAL,-,-,Cauvery,Cauvery,-,-,-,Cauvery,12.18944444,77.10194444,17-05-2026 11:00,1.7
703,KOLLEGAL,CWC,29,Karnataka,531,Chamarajanagara,KOLLEGAL,-,-,Cauvery,Cauvery,-,-,-,Cauvery,12.18944444,77.10194444,17-05-2026 13:00,1.7
704,KOLLEGAL,CWC,29,Karnataka,531,Chamarajanagara,KOLLEGAL,-,-,Cauvery,Cauvery,-,-,-,Cauvery,12.18944444,77.10194444,17-05-2026 16:00,1.7
705,KOLLEGAL,CWC,29,Karnataka,531,Chamarajanagara,KOLLEGAL,-,-,Cauvery,Cauvery,-,-,-,Cauvery,12.18944444,77.10194444,17-05-2026 17:00,1.7
706,KOLLEGAL,CWC,29,Karnataka,531,Chamarajanagara,KOLLEGAL,-,-,Cauvery,Cauvery,-,-,-,Cauvery,12.18944444,77.10194444,17-05-2026 18:00,1.7
707,KOLLEGAL,CWC,29,Karnataka,531,Chamarajanagara,KOLLEGAL,-,-,Cauvery,Cauvery,-,-,-,Cauvery,12.18944444,77.10194444,17-05-2026 19:00,1.7
708,KOLLEGAL,CWC,29,Karnataka,531,Chamarajanagara,KOLLEGAL,-,-,Cauvery,Cauvery,-,-,-,Cauvery,12.18944444,77.10194444,17-05-2026 20:00,1.7
709,KOLLEGAL,CWC,29,Karnataka,531,Chamarajanagara,KOLLEGAL,-,-,Cauvery,Cauvery,-,-,-,Cauvery,12.18944444,77.10194444,17-05-2026 21:00,1.7
710,KOLLEGAL,CWC,29,Karnataka,531,Chamarajanagara,KOLLEGAL,-,-,Cauvery,Cauvery,-,-,-,Cauvery,12.18944444,77.10194444,17-05-2026 22:00,1.7
711,KOLLEGAL,CWC,29,Karnataka,531,Chamarajanagara,KOLLEGAL,-,-,Cauvery,Cauvery,-,-,-,Cauvery,12.18944444,77.10194444,17-05-2026 23:00,1.7
712,KOLLEGAL,CWC,29,Karnataka,531,Chamarajanagara,KOLLEGAL,-,-,Cauvery,Cauvery,-,-,-,Cauvery,12.18944444,77.10194444,18-05-2026 00:00,1.7
713,KOLLEGAL,CWC,29,Karnataka,531,Chamarajanagara,KOLLEGAL,-,-,Cauvery,Cauvery,-,-,-,Cauvery,12.18944444,77.10194444,18-05-2026 01:00,1.7
714,KOLLEGAL,CWC,29,Karnataka,531,Chamarajanagara,KOLLEGAL,-,-,Cauvery,Cauvery,-,-,-,Cauvery,12.18944444,77.10194444,18-05-2026 02:00,0.4
715,KOLLEGAL,CWC,29,Karnataka,531,Chamarajanagara,KOLLEGAL,-,-,Cauvery,Cauvery,-,-,-,Cauvery,12.18944444,77.10194444,18-05-2026 03:00,0.4
716,KOLLEGAL,CWC,29,Karnataka,531,Chamarajanagara,KOLLEGAL,-,-,Cauvery,Cauvery,-,-,-,Cauvery,12.18944444,77.10194444,18-05-2026 04:00,0.4
717,KOLLEGAL,CWC,29,Karnataka,531,Chamarajanagara,KOLLEGAL,-,-,Cauvery,Cauvery,-,-,-,Cauvery,12.18944444,77.10194444,18-05-2026 05:00,0.4
718,KOLLEGAL,CWC,29,Karnataka,531,Chamarajanagara,KOLLEGAL,-,-,Cauvery,Cauvery,-,-,-,Cauvery,12.18944444,77.10194444,18-05-2026 07:00,0.4
719,KOLLEGAL,CWC,29,Karnataka,531,Chamarajanagara,KOLLEGAL,-,-,Cauvery,Cauvery,-,-,-,Cauvery,12.18944444,77.10194444,18-05-2026 08:00,0.4
720,KOLLEGAL,CWC,29,Karnataka,531,Chamarajanagara,KOLLEGAL,-,-,Cauvery,Cauvery,-,-,-,Cauvery,12.18944444,77.10194444,18-05-2026 09:00,0.4
721,KOLLEGAL,CWC,29,Karnataka,531,Chamarajanagara,KOLLEGAL,-,-,Cauvery,Cauvery,-,-,-,Cauvery,12.18944444,77.10194444,23-05-2026 04:00,0.1
722,KOLLEGAL,CWC,29,Karnataka,531,Chamarajanagara,KOLLEGAL,-,-,Cauvery,Cauvery,-,-,-,Cauvery,12.18944444,77.10194444,23-05-2026 11:00,0.1
723,KOLLEGAL,CWC,29,Karnataka,531,Chamarajanagara,KOLLEGAL,-,-,Cauvery,Cauvery,-,-,-,Cauvery,12.18944444,77.10194444,23-05-2026 14:00,0.1
724,KOLLEGAL,CWC,29,Karnataka,531,Chamarajanagara,KOLLEGAL,-,-,Cauvery,Cauvery,-,-,-,Cauvery,12.18944444,77.10194444,23-05-2026 17:00,0.1
725,KOLLEGAL,CWC,29,Karnataka,531,Chamarajanagara,KOLLEGAL,-,-,Cauvery,Cauvery,-,-,-,Cauvery,12.18944444,77.10194444,23-05-2026 18:00,0.1
726,KOLLEGAL,CWC,29,Karnataka,531,Chamarajanagara,KOLLEGAL,-,-,Cauvery,Cauvery,-,-,-,Cauvery,12.18944444,77.10194444,23-05-2026 23:00,0.1
727,KOLLEGAL,CWC,29,Karnataka,531,Chamarajanagara,KOLLEGAL,-,-,Cauvery,Cauvery,-,-,-,Cauvery,12.18944444,77.10194444,24-05-2026 07:00,25.7
728,KOLLEGAL,CWC,29,Karnataka,531,Chamarajanagara,KOLLEGAL,-,-,Cauvery,Cauvery,-,-,-,Cauvery,12.18944444,77.10194444,25-05-2026 04:00,0.3
729,KOLLEGAL,CWC,29,Karnataka,531,Chamarajanagara,KOLLEGAL,-,-,Cauvery,Cauvery,-,-,-,Cauvery,12.18944444,77.10194444,25-05-2026 05:00,0.1
730,KOLLEGAL,CWC,29,Karnataka,531,Chamarajanagara,KOLLEGAL,-,-,Cauvery,Cauvery,-,-,-,Cauvery,12.18944444,77.10194444,25-05-2026 06:00,0.1
731,KOLLEGAL,CWC,29,Karnataka,531,Chamarajanagara,KOLLEGAL,-,-,Cauvery,Cauvery,-,-,-,Cauvery,12.18944444,77.10194444,25-05-2026 07:00,0.1
732,KOLLEGAL,CWC,29,Karnataka,531,Chamarajanagara,KOLLEGAL,-,-,Cauvery,Cauvery,-,-,-,Cauvery,12.18944444,77.10194444,25-05-2026 08:00,0.1
733,KOLLEGAL,CWC,29,Karnataka,531,Chamarajanagara,KOLLEGAL,-,-,Cauvery,Cauvery,-,-,-,Cauvery,12.18944444,77.10194444,25-05-2026 09:00,0.1
734,KOLLEGAL,CWC,29,Karnataka,531,Chamarajanagara,KOLLEGAL,-,-,Cauvery,Cauvery,-,-,-,Cauvery,12.18944444,77.10194444,25-05-2026 10:00,0.1
735,KOLLEGAL,CWC,29,Karnataka,531,Chamarajanagara,KOLLEGAL,-,-,Cauvery,Cauvery,-,-,-,Cauvery,12.18944444,77.10194444,25-05-2026 12:00,0.3
736,KOLLEGAL,CWC,29,Karnataka,531,Chamarajanagara,KOLLEGAL,-,-,Cauvery,Cauvery,-,-,-,Cauvery,12.18944444,77.10194444,25-05-2026 13:00,0.1
737,KOLLEGAL,CWC,29,Karnataka,531,Chamarajanagara,KOLLEGAL,-,-,Cauvery,Cauvery,-,-,-,Cauvery,12.18944444,77.10194444,25-05-2026 14:00,0.1
738,KOLLEGAL,CWC,29,Karnataka,531,Chamarajanagara,KOLLEGAL,-,-,Cauvery,Cauvery,-,-,-,Cauvery,12.18944444,77.10194444,25-05-2026 16:00,0.1
739,KOLLEGAL,CWC,29,Karnataka,531,Chamarajanagara,KOLLEGAL,-,-,Cauvery,Cauvery,-,-,-,Cauvery,12.18944444,77.10194444,25-05-2026 17:00,1.3
740,KOLLEGAL,CWC,29,Karnataka,531,Chamarajanagara,KOLLEGAL,-,-,Cauvery,Cauvery,-,-,-,Cauvery,12.18944444,77.10194444,25-05-2026 19:00,0.3
741,KOLLEGAL,CWC,29,Karnataka,531,Chamarajanagara,KOLLEGAL,-,-,Cauvery,Cauvery,-,-,-,Cauvery,12.18944444,77.10194444,26-05-2026 04:00,1.3
742,KOLLEGAL,CWC,29,Karnataka,531,Chamarajanagara,KOLLEGAL,-,-,Cauvery,Cauvery,-,-,-,Cauvery,12.18944444,77.10194444,26-05-2026 05:00,1.3
743,KOLLEGAL,CWC,29,Karnataka,531,Chamarajanagara,KOLLEGAL,-,-,Cauvery,Cauvery,-,-,-,Cauvery,12.18944444,77.10194444,26-05-2026 06:00,1.3
744,KOLLEGAL,CWC,29,Karnataka,531,Chamarajanagara,KOLLEGAL,-,-,Cauvery,Cauvery,-,-,-,Cauvery,12.18944444,77.10194444,26-05-2026 07:00,0.1
745,KOLLEGAL,CWC,29,Karnataka,531,Chamarajanagara,KOLLEGAL,-,-,Cauvery,Cauvery,-,-,-,Cauvery,12.18944444,77.10194444,26-05-2026 10:00,1.3
746,KOLLEGAL,CWC,29,Karnataka,531,Chamarajanagara,KOLLEGAL,-,-,Cauvery,Cauvery,-,-,-,Cauvery,12.18944444,77.10194444,26-05-2026 15:00,1.3
747,KOLLEGAL,CWC,29,Karnataka,531,Chamarajanagara,KOLLEGAL,-,-,Cauvery,Cauvery,-,-,-,Cauvery,12.18944444,77.10194444,26-05-2026 18:00,1.3
748,KOLLEGAL,CWC,29,Karnataka,531,Chamarajanagara,KOLLEGAL,-,-,Cauvery,Cauvery,-,-,-,Cauvery,12.18944444,77.10194444,26-05-2026 19:00,1.3
749,KOLLEGAL,CWC,29,Karnataka,531,Chamarajanagara,KOLLEGAL,-,-,Cauvery,Cauvery,-,-,-,Cauvery,12.18944444,77.10194444,26-05-2026 23:00,1.3
750,KOLLEGAL,CWC,29,Karnataka,531,Chamarajanagara,KOLLEGAL,-,-,Cauvery,Cauvery,-,-,-,Cauvery,12.18944444,77.10194444,27-05-2026 02:00,0.4
751,KOLLEGAL,CWC,29,Karnataka,531,Chamarajanagara,KOLLEGAL,-,-,Cauvery,Cauvery,-,-,-,Cauvery,12.18944444,77.10194444,27-05-2026 03:00,0.1
752,KOLLEGAL,CWC,29,Karnataka,531,Chamarajanagara,KOLLEGAL,-,-,Cauvery,Cauvery,-,-,-,Cauvery,12.18944444,77.10194444,27-05-2026 04:00,0.4
753,KOLLEGAL,CWC,29,Karnataka,531,Chamarajanagara,KOLLEGAL,-,-,Cauvery,Cauvery,-,-,-,Cauvery,12.18944444,77.10194444,27-05-2026 05:00,0.1
754,KOLLEGAL,CWC,29,Karnataka,531,Chamarajanagara,KOLLEGAL,-,-,Cauvery,Cauvery,-,-,-,Cauvery,12.18944444,77.10194444,27-05-2026 06:00,0.1
755,KOLLEGAL,CWC,29,Karnataka,531,Chamarajanagara,KOLLEGAL,-,-,Cauvery,Cauvery,-,-,-,Cauvery,12.18944444,77.10194444,27-05-2026 07:00,0.4
756,KOLLEGAL,CWC,29,Karnataka,531,Chamarajanagara,KOLLEGAL,-,-,Cauvery,Cauvery,-,-,-,Cauvery,12.18944444,77.10194444,27-05-2026 08:00,0.1
757,KOLLEGAL,CWC,29,Karnataka,531,Chamarajanagara,KOLLEGAL,-,-,Cauvery,Cauvery,-,-,-,Cauvery,12.18944444,77.10194444,27-05-2026 09:00,0.1
758,KOLLEGAL,CWC,29,Karnataka,531,Chamarajanagara,KOLLEGAL,-,-,Cauvery,Cauvery,-,-,-,Cauvery,12.18944444,77.10194444,27-05-2026 12:00,0.4
759,KOLLEGAL,CWC,29,Karnataka,531,Chamarajanagara,KOLLEGAL,-,-,Cauvery,Cauvery,-,-,-,Cauvery,12.18944444,77.10194444,27-05-2026 13:00,0.4
760,KOLLEGAL,CWC,29,Karnataka,531,Chamarajanagara,KOLLEGAL,-,-,Cauvery,Cauvery,-,-,-,Cauvery,12.18944444,77.10194444,27-05-2026 14:00,0.1
761,KOLLEGAL,CWC,29,Karnataka,531,Chamarajanagara,KOLLEGAL,-,-,Cauvery,Cauvery,-,-,-,Cauvery,12.18944444,77.10194444,27-05-2026 16:00,4.4
762,KOLLEGAL,CWC,29,Karnataka,531,Chamarajanagara,KOLLEGAL,-,-,Cauvery,Cauvery,-,-,-,Cauvery,12.18944444,77.10194444,27-05-2026 17:00,0.1
763,KOLLEGAL,CWC,29,Karnataka,531,Chamarajanagara,KOLLEGAL,-,-,Cauvery,Cauvery,-,-,-,Cauvery,12.18944444,77.10194444,27-05-2026 20:00,0.1
764,KOLLEGAL,CWC,29,Karnataka,531,Chamarajanagara,KOLLEGAL,-,-,Cauvery,Cauvery,-,-,-,Cauvery,12.18944444,77.10194444,27-05-2026 22:00,0.4
765,KOLLEGAL,CWC,29,Karnataka,531,Chamarajanagara,KOLLEGAL,-,-,Cauvery,Cauvery,-,-,-,Cauvery,12.18944444,77.10194444,27-05-2026 23:00,0.1
766,KOLLEGAL,CWC,29,Karnataka,531,Chamarajanagara,KOLLEGAL,-,-,Cauvery,Cauvery,-,-,-,Cauvery,12.18944444,77.10194444,28-05-2026 00:00,0.4
767,KOLLEGAL,CWC,29,Karnataka,531,Chamarajanagara,KOLLEGAL,-,-,Cauvery,Cauvery,-,-,-,Cauvery,12.18944444,77.10194444,28-05-2026 03:00,0.1
768,KOLLEGAL,CWC,29,Karnataka,531,Chamarajanagara,KOLLEGAL,-,-,Cauvery,Cauvery,-,-,-,Cauvery,12.18944444,77.10194444,28-05-2026 04:00,1.1
769,KOLLEGAL,CWC,29,Karnataka,531,Chamarajanagara,KOLLEGAL,-,-,Cauvery,Cauvery,-,-,-,Cauvery,12.18944444,77.10194444,28-05-2026 09:00,0.1
770,KOLLEGAL,CWC,29,Karnataka,531,Chamarajanagara,KOLLEGAL,-,-,Cauvery,Cauvery,-,-,-,Cauvery,12.18944444,77.10194444,28-05-2026 11:00,1.1
771,KOLLEGAL,CWC,29,Karnataka,531,Chamarajanagara,KOLLEGAL,-,-,Cauvery,Cauvery,-,-,-,Cauvery,12.18944444,77.10194444,28-05-2026 14:00,1.1
772,KOLLEGAL,CWC,29,Karnataka,531,Chamarajanagara,KOLLEGAL,-,-,Cauvery,Cauvery,-,-,-,Cauvery,12.18944444,77.10194444,28-05-2026 16:00,1.1
773,KOLLEGAL,CWC,29,Karnataka,531,Chamarajanagara,KOLLEGAL,-,-,Cauvery,Cauvery,-,-,-,Cauvery,12.18944444,77.10194444,28-05-2026 20:00,1.1
774,KOLLEGAL,CWC,29,Karnataka,531,Chamarajanagara,KOLLEGAL,-,-,Cauvery,Cauvery,-,-,-,Cauvery,12.18944444,77.10194444,28-05-2026 22:00,1.1
775,KOLLEGAL,CWC,29,Karnataka,531,Chamarajanagara,KOLLEGAL,-,-,Cauvery,Cauvery,-,-,-,Cauvery,12.18944444,77.10194444,29-05-2026 00:00,1.1
776,KOLLEGAL,CWC,29,Karnataka,531,Chamarajanagara,KOLLEGAL,-,-,Cauvery,Cauvery,-,-,-,Cauvery,12.18944444,77.10194444,29-05-2026 02:00,0.1
777,KOLLEGAL,CWC,29,Karnataka,531,Chamarajanagara,KOLLEGAL,-,-,Cauvery,Cauvery,-,-,-,Cauvery,12.18944444,77.10194444,29-05-2026 03:00,0.1
778,KOLLEGAL,CWC,29,Karnataka,531,Chamarajanagara,KOLLEGAL,-,-,Cauvery,Cauvery,-,-,-,Cauvery,12.18944444,77.10194444,29-05-2026 04:00,0.1
779,KOLLEGAL,CWC,29,Karnataka,531,Chamarajanagara,KOLLEGAL,-,-,Cauvery,Cauvery,-,-,-,Cauvery,12.18944444,77.10194444,29-05-2026 09:00,0.1
780,KOLLEGAL,CWC,29,Karnataka,531,Chamarajanagara,KOLLEGAL,-,-,Cauvery,Cauvery,-,-,-,Cauvery,12.18944444,77.10194444,29-05-2026 11:00,0.1
781,KOLLEGAL,CWC,29,Karnataka,531,Chamarajanagara,KOLLEGAL,-,-,Cauvery,Cauvery,-,-,-,Cauvery,12.18944444,77.10194444,29-05-2026 16:00,0.1
782,KOLLEGAL,CWC,29,Karnataka,531,Chamarajanagara,KOLLEGAL,-,-,Cauvery,Cauvery,-,-,-,Cauvery,12.18944444,77.10194444,29-05-2026 18:00,0.1
783,KOLLEGAL,CWC,29,Karnataka,531,Chamarajanagara,KOLLEGAL,-,-,Cauvery,Cauvery,-,-,-,Cauvery,12.18944444,77.10194444,29-05-2026 21:00,0.1
784,KOLLEGAL,CWC,29,Karnataka,531,Chamarajanagara,KOLLEGAL,-,-,Cauvery,Cauvery,-,-,-,Cauvery,12.18944444,77.10194444,29-05-2026 22:00,0.1
785,KOLLEGAL,CWC,29,Karnataka,531,Chamarajanagara,KOLLEGAL,-,-,Cauvery,Cauvery,-,-,-,Cauvery,12.18944444,77.10194444,29-05-2026 23:00,0.1
786,KOLLEGAL,CWC,29,Karnataka,531,Chamarajanagara,KOLLEGAL,-,-,Cauvery,Cauvery,-,-,-,Cauvery,12.18944444,77.10194444,30-05-2026 00:00,0.1
787,KOLLEGAL,CWC,29,Karnataka,531,Chamarajanagara,KOLLEGAL,-,-,Cauvery,Cauvery,-,-,-,Cauvery,12.18944444,77.10194444,30-05-2026 01:00,0.1
788,KOLLEGAL,CWC,29,Karnataka,531,Chamarajanagara,KOLLEGAL,-,-,Cauvery,Cauvery,-,-,-,Cauvery,12.18944444,77.10194444,30-05-2026 02:00,0.2
789,KOLLEGAL,CWC,29,Karnataka,531,Chamarajanagara,KOLLEGAL,-,-,Cauvery,Cauvery,-,-,-,Cauvery,12.18944444,77.10194444,30-05-2026 03:00,0.1
790,KOLLEGAL,CWC,29,Karnataka,531,Chamarajanagara,KOLLEGAL,-,-,Cauvery,Cauvery,-,-,-,Cauvery,12.18944444,77.10194444,30-05-2026 04:00,0.7
791,KOLLEGAL,CWC,29,Karnataka,531,Chamarajanagara,KOLLEGAL,-,-,Cauvery,Cauvery,-,-,-,Cauvery,12.18944444,77.10194444,30-05-2026 05:00,0.7
792,KOLLEGAL,CWC,29,Karnataka,531,Chamarajanagara,KOLLEGAL,-,-,Cauvery,Cauvery,-,-,-,Cauvery,12.18944444,77.10194444,30-05-2026 06:00,0.7
793,KOLLEGAL,CWC,29,Karnataka,531,Chamarajanagara,KOLLEGAL,-,-,Cauvery,Cauvery,-,-,-,Cauvery,12.18944444,77.10194444,30-05-2026 07:00,0.7
794,KOLLEGAL,CWC,29,Karnataka,531,Chamarajanagara,KOLLEGAL,-,-,Cauvery,Cauvery,-,-,-,Cauvery,12.18944444,77.10194444,30-05-2026 08:00,0.7
795,KOLLEGAL,CWC,29,Karnataka,531,Chamarajanagara,KOLLEGAL,-,-,Cauvery,Cauvery,-,-,-,Cauvery,12.18944444,77.10194444,30-05-2026 09:00,0.7
796,KOLLEGAL,CWC,29,Karnataka,531,Chamarajanagara,KOLLEGAL,-,-,Cauvery,Cauvery,-,-,-,Cauvery,12.18944444,77.10194444,30-05-2026 11:00,0.1
797,KOLLEGAL,CWC,29,Karnataka,531,Chamarajanagara,KOLLEGAL,-,-,Cauvery,Cauvery,-,-,-,Cauvery,12.18944444,77.10194444,30-05-2026 12:00,0.1
798,KOLLEGAL,CWC,29,Karnataka,531,Chamarajanagara,KOLLEGAL,-,-,Cauvery,Cauvery,-,-,-,Cauvery,12.18944444,77.10194444,30-05-2026 13:00,0.7
799,KOLLEGAL,CWC,29,Karnataka,531,Chamarajanagara,KOLLEGAL,-,-,Cauvery,Cauvery,-,-,-,Cauvery,12.18944444,77.10194444,30-05-2026 14:00,0.1
800,KOLLEGAL,CWC,29,Karnataka,531,Chamarajanagara,KOLLEGAL,-,-,Cauvery,Cauvery,-,-,-,Cauvery,12.18944444,77.10194444,30-05-2026 15:00,0.7
801,KOLLEGAL,CWC,29,Karnataka,531,Chamarajanagara,KOLLEGAL,-,-,Cauvery,Cauvery,-,-,-,Cauvery,12.18944444,77.10194444,30-05-2026 16:00,0.1
802,KOLLEGAL,CWC,29,Karnataka,531,Chamarajanagara,KOLLEGAL,-,-,Cauvery,Cauvery,-,-,-,Cauvery,12.18944444,77.10194444,30-05-2026 17:00,0.7
803,KOLLEGAL,CWC,29,Karnataka,531,Chamarajanagara,KOLLEGAL,-,-,Cauvery,Cauvery,-,-,-,Cauvery,12.18944444,77.10194444,30-05-2026 18:00,0.1
804,KOLLEGAL,CWC,29,Karnataka,531,Chamarajanagara,KOLLEGAL,-,-,Cauvery,Cauvery,-,-,-,Cauvery,12.18944444,77.10194444,30-05-2026 19:00,0.7
805,KOLLEGAL,CWC,29,Karnataka,531,Chamarajanagara,KOLLEGAL,-,-,Cauvery,Cauvery,-,-,-,Cauvery,12.18944444,77.10194444,30-05-2026 20:00,0.1
806,KOLLEGAL,CWC,29,Karnataka,531,Chamarajanagara,KOLLEGAL,-,-,Cauvery,Cauvery,-,-,-,Cauvery,12.18944444,77.10194444,30-05-2026 22:00,0.7
807,KOLLEGAL,CWC,29,Karnataka,531,Chamarajanagara,KOLLEGAL,-,-,Cauvery,Cauvery,-,-,-,Cauvery,12.18944444,77.10194444,30-05-2026 23:00,0.7
808,KOLLEGAL,CWC,29,Karnataka,531,Chamarajanagara,KOLLEGAL,-,-,Cauvery,Cauvery,-,-,-,Cauvery,12.18944444,77.10194444,31-05-2026 01:00,0.1
809,KOLLEGAL,CWC,29,Karnataka,531,Chamarajanagara,KOLLEGAL,-,-,Cauvery,Cauvery,-,-,-,Cauvery,12.18944444,77.10194444,31-05-2026 02:00,1.4
810,KOLLEGAL,CWC,29,Karnataka,531,Chamarajanagara,KOLLEGAL,-,-,Cauvery,Cauvery,-,-,-,Cauvery,12.18944444,77.10194444,31-05-2026 04:00,0.1
811,KOLLEGAL,CWC,29,Karnataka,531,Chamarajanagara,KOLLEGAL,-,-,Cauvery,Cauvery,-,-,-,Cauvery,12.18944444,77.10194444,31-05-2026 06:00,1.4
812,KOLLEGAL,CWC,29,Karnataka,531,Chamarajanagara,KOLLEGAL,-,-,Cauvery,Cauvery,-,-,-,Cauvery,12.18944444,77.10194444,31-05-2026 07:00,1.4
813,KOLLEGAL,CWC,29,Karnataka,531,Chamarajanagara,KOLLEGAL,-,-,Cauvery,Cauvery,-,-,-,Cauvery,12.18944444,77.10194444,31-05-2026 08:00,1.4
814,KOLLEGAL,CWC,29,Karnataka,531,Chamarajanagara,KOLLEGAL,-,-,Cauvery,Cauvery,-,-,-,Cauvery,12.18944444,77.10194444,31-05-2026 09:00,1.4
815,KOLLEGAL,CWC,29,Karnataka,531,Chamarajanagara,KOLLEGAL,-,-,Cauvery,Cauvery,-,-,-,Cauvery,12.18944444,77.10194444,31-05-2026 10:00,1.4
816,KOLLEGAL,CWC,29,Karnataka,531,Chamarajanagara,KOLLEGAL,-,-,Cauvery,Cauvery,-,-,-,Cauvery,12.18944444,77.10194444,31-05-2026 11:00,1.4
817,KOLLEGAL,CWC,29,Karnataka,531,Chamarajanagara,KOLLEGAL,-,-,Cauvery,Cauvery,-,-,-,Cauvery,12.18944444,77.10194444,31-05-2026 12:00,1.4
818,KOLLEGAL,CWC,29,Karnataka,531,Chamarajanagara,KOLLEGAL,-,-,Cauvery,Cauvery,-,-,-,Cauvery,12.18944444,77.10194444,31-05-2026 13:00,1.4
819,KOLLEGAL,CWC,29,Karnataka,531,Chamarajanagara,KOLLEGAL,-,-,Cauvery,Cauvery,-,-,-,Cauvery,12.18944444,77.10194444,31-05-2026 16:00,1.4
820,KOLLEGAL,CWC,29,Karnataka,531,Chamarajanagara,KOLLEGAL,-,-,Cauvery,Cauvery,-,-,-,Cauvery,12.18944444,77.10194444,31-05-2026 18:00,1.4
821,KOLLEGAL,CWC,29,Karnataka,531,Chamarajanagara,KOLLEGAL,-,-,Cauvery,Cauvery,-,-,-,Cauvery,12.18944444,77.10194444,31-05-2026 19:00,1.4
822,KOLLEGAL,CWC,29,Karnataka,531,Chamarajanagara,KOLLEGAL,-,-,Cauvery,Cauvery,-,-,-,Cauvery,12.18944444,77.10194444,31-05-2026 20:00,1.4
823,KOLLEGAL,CWC,29,Karnataka,531,Chamarajanagara,KOLLEGAL,-,-,Cauvery,Cauvery,-,-,-,Cauvery,12.18944444,77.10194444,31-05-2026 21:00,1.4
824,KOLLEGAL,CWC,29,Karnataka,531,Chamarajanagara,KOLLEGAL,-,-,Cauvery,Cauvery,-,-,-,Cauvery,12.18944444,77.10194444,31-05-2026 23:00,1.4
825,KOLLEGAL,CWC,29,Karnataka,531,Chamarajanagara,KOLLEGAL,-,-,Cauvery,Cauvery,-,-,-,Cauvery,12.18944444,77.10194444,01-06-2026 00:00,1.4
826,KOLLEGAL,CWC,29,Karnataka,531,Chamarajanagara,KOLLEGAL,-,-,Cauvery,Cauvery,-,-,-,Cauvery,12.18944444,77.10194444,01-06-2026 01:00,1.4
827,KOLLEGAL,CWC,29,Karnataka,531,Chamarajanagara,KOLLEGAL,-,-,Cauvery,Cauvery,-,-,-,Cauvery,12.18944444,77.10194444,01-06-2026 02:00,0.4
828,KOLLEGAL,CWC,29,Karnataka,531,Chamarajanagara,KOLLEGAL,-,-,Cauvery,Cauvery,-,-,-,Cauvery,12.18944444,77.10194444,01-06-2026 03:00,0.4
829,KOLLEGAL,CWC,29,Karnataka,531,Chamarajanagara,KOLLEGAL,-,-,Cauvery,Cauvery,-,-,-,Cauvery,12.18944444,77.10194444,01-06-2026 04:00,0.4
830,KOLLEGAL,CWC,29,Karnataka,531,Chamarajanagara,KOLLEGAL,-,-,Cauvery,Cauvery,-,-,-,Cauvery,12.18944444,77.10194444,01-06-2026 05:00,0.4
831,KOLLEGAL,CWC,29,Karnataka,531,Chamarajanagara,KOLLEGAL,-,-,Cauvery,Cauvery,-,-,-,Cauvery,12.18944444,77.10194444,01-06-2026 06:00,0.1
832,KOLLEGAL,CWC,29,Karnataka,531,Chamarajanagara,KOLLEGAL,-,-,Cauvery,Cauvery,-,-,-,Cauvery,12.18944444,77.10194444,01-06-2026 07:00,0.4
833,KOLLEGAL,CWC,29,Karnataka,531,Chamarajanagara,KOLLEGAL,-,-,Cauvery,Cauvery,-,-,-,Cauvery,12.18944444,77.10194444,01-06-2026 09:00,0.4
834,KOLLEGAL,CWC,29,Karnataka,531,Chamarajanagara,KOLLEGAL,-,-,Cauvery,Cauvery,-,-,-,Cauvery,12.18944444,77.10194444,01-06-2026 12:00,0.4
835,KOLLEGAL,CWC,29,Karnataka,531,Chamarajanagara,KOLLEGAL,-,-,Cauvery,Cauvery,-,-,-,Cauvery,12.18944444,77.10194444,01-06-2026 15:00,0.4
836,KOLLEGAL,CWC,29,Karnataka,531,Chamarajanagara,KOLLEGAL,-,-,Cauvery,Cauvery,-,-,-,Cauvery,12.18944444,77.10194444,01-06-2026 23:00,0.4
837,KOLLEGAL,CWC,29,Karnataka,531,Chamarajanagara,KOLLEGAL,-,-,Cauvery,Cauvery,-,-,-,Cauvery,12.18944444,77.10194444,02-06-2026 01:00,0.4
838,KOLLEGAL,CWC,29,Karnataka,531,Chamarajanagara,KOLLEGAL,-,-,Cauvery,Cauvery,-,-,-,Cauvery,12.18944444,77.10194444,02-06-2026 03:00,0.2
839,KOLLEGAL,CWC,29,Karnataka,531,Chamarajanagara,KOLLEGAL,-,-,Cauvery,Cauvery,-,-,-,Cauvery,12.18944444,77.10194444,02-06-2026 04:00,0.2
840,KOLLEGAL,CWC,29,Karnataka,531,Chamarajanagara,KOLLEGAL,-,-,Cauvery,Cauvery,-,-,-,Cauvery,12.18944444,77.10194444,02-06-2026 05:00,0.2
841,KOLLEGAL,CWC,29,Karnataka,531,Chamarajanagara,KOLLEGAL,-,-,Cauvery,Cauvery,-,-,-,Cauvery,12.18944444,77.10194444,02-06-2026 07:00,0.2
842,KOLLEGAL,CWC,29,Karnataka,531,Chamarajanagara,KOLLEGAL,-,-,Cauvery,Cauvery,-,-,-,Cauvery,12.18944444,77.10194444,02-06-2026 08:00,0.2
843,KOLLEGAL,CWC,29,Karnataka,531,Chamarajanagara,KOLLEGAL,-,-,Cauvery,Cauvery,-,-,-,Cauvery,12.18944444,77.10194444,02-06-2026 10:00,0.1
844,KOLLEGAL,CWC,29,Karnataka,531,Chamarajanagara,KOLLEGAL,-,-,Cauvery,Cauvery,-,-,-,Cauvery,12.18944444,77.10194444,02-06-2026 16:00,0.2
845,KOLLEGAL,CWC,29,Karnataka,531,Chamarajanagara,KOLLEGAL,-,-,Cauvery,Cauvery,-,-,-,Cauvery,12.18944444,77.10194444,02-06-2026 17:00,0.2
846,KOLLEGAL,CWC,29,Karnataka,531,Chamarajanagara,KOLLEGAL,-,-,Cauvery,Cauvery,-,-,-,Cauvery,12.18944444,77.10194444,02-06-2026 18:00,0.2
847,KOLLEGAL,CWC,29,Karnataka,531,Chamarajanagara,KOLLEGAL,-,-,Cauvery,Cauvery,-,-,-,Cauvery,12.18944444,77.10194444,02-06-2026 19:00,0.2
848,KOLLEGAL,CWC,29,Karnataka,531,Chamarajanagara,KOLLEGAL,-,-,Cauvery,Cauvery,-,-,-,Cauvery,12.18944444,77.10194444,02-06-2026 22:00,0.2
849,KOLLEGAL,CWC,29,Karnataka,531,Chamarajanagara,KOLLEGAL,-,-,Cauvery,Cauvery,-,-,-,Cauvery,12.18944444,77.10194444,02-06-2026 23:00,0.2
850,KOLLEGAL,CWC,29,Karnataka,531,Chamarajanagara,KOLLEGAL,-,-,Cauvery,Cauvery,-,-,-,Cauvery,12.18944444,77.10194444,03-06-2026 02:00,0.1
851,KOLLEGAL,CWC,29,Karnataka,531,Chamarajanagara,KOLLEGAL,-,-,Cauvery,Cauvery,-,-,-,Cauvery,12.18944444,77.10194444,03-06-2026 06:00,0.1
852,KOLLEGAL,CWC,29,Karnataka,531,Chamarajanagara,KOLLEGAL,-,-,Cauvery,Cauvery,-,-,-,Cauvery,12.18944444,77.10194444,03-06-2026 11:00,0.1
853,KOLLEGAL,CWC,29,Karnataka,531,Chamarajanagara,KOLLEGAL,-,-,Cauvery,Cauvery,-,-,-,Cauvery,12.18944444,77.10194444,03-06-2026 14:00,38.5
854,KOLLEGAL,CWC,29,Karnataka,531,Chamarajanagara,KOLLEGAL,-,-,Cauvery,Cauvery,-,-,-,Cauvery,12.18944444,77.10194444,03-06-2026 18:00,0.1
855,KOLLEGAL,CWC,29,Karnataka,531,Chamarajanagara,KOLLEGAL,-,-,Cauvery,Cauvery,-,-,-,Cauvery,12.18944444,77.10194444,03-06-2026 19:00,0.1
856,KOLLEGAL,CWC,29,Karnataka,531,Chamarajanagara,KOLLEGAL,-,-,Cauvery,Cauvery,-,-,-,Cauvery,12.18944444,77.10194444,03-06-2026 20:00,0.1
857,KOLLEGAL,CWC,29,Karnataka,531,Chamarajanagara,KOLLEGAL,-,-,Cauvery,Cauvery,-,-,-,Cauvery,12.18944444,77.10194444,03-06-2026 23:00,0.1
858,Krishnarajasagar Reservoir,CWC,29,Karnataka,544,Mandya,SHRIRANGAPATTANA,-,-,Cauvery,Cauvery,-,-,-,Cauvery,12.42559444,76.57250000,02-01-2026 11:00,12.5
859,Krishnarajasagar Reservoir,CWC,29,Karnataka,544,Mandya,SHRIRANGAPATTANA,-,-,Cauvery,Cauvery,-,-,-,Cauvery,12.42559444,76.57250000,03-01-2026 01:00,25
860,Krishnarajasagar Reservoir,CWC,29,Karnataka,544,Mandya,SHRIRANGAPATTANA,-,-,Cauvery,Cauvery,-,-,-,Cauvery,12.42559444,76.57250000,03-01-2026 23:00,76.8
861,Krishnarajasagar Reservoir,CWC,29,Karnataka,544,Mandya,SHRIRANGAPATTANA,-,-,Cauvery,Cauvery,-,-,-,Cauvery,12.42559444,76.57250000,05-01-2026 21:00,39
862,Krishnarajasagar Reservoir,CWC,29,Karnataka,544,Mandya,SHRIRANGAPATTANA,-,-,Cauvery,Cauvery,-,-,-,Cauvery,12.42559444,76.57250000,05-01-2026 23:00,0.4
863,Krishnarajasagar Reservoir,CWC,29,Karnataka,544,Mandya,SHRIRANGAPATTANA,-,-,Cauvery,Cauvery,-,-,-,Cauvery,12.42559444,76.57250000,06-01-2026 05:00,61.7
864,Krishnarajasagar Reservoir,CWC,29,Karnataka,544,Mandya,SHRIRANGAPATTANA,-,-,Cauvery,Cauvery,-,-,-,Cauvery,12.42559444,76.57250000,07-01-2026 08:00,51.5
865,Krishnarajasagar Reservoir,CWC,29,Karnataka,544,Mandya,SHRIRANGAPATTANA,-,-,Cauvery,Cauvery,-,-,-,Cauvery,12.42559444,76.57250000,09-01-2026 01:00,38.4
866,Krishnarajasagar Reservoir,CWC,29,Karnataka,544,Mandya,SHRIRANGAPATTANA,-,-,Cauvery,Cauvery,-,-,-,Cauvery,12.42559444,76.57250000,10-01-2026 15:00,38.4
867,Krishnarajasagar Reservoir,CWC,29,Karnataka,544,Mandya,SHRIRANGAPATTANA,-,-,Cauvery,Cauvery,-,-,-,Cauvery,12.42559444,76.57250000,11-01-2026 09:00,0.1
868,Krishnarajasagar Reservoir,CWC,29,Karnataka,544,Mandya,SHRIRANGAPATTANA,-,-,Cauvery,Cauvery,-,-,-,Cauvery,12.42559444,76.57250000,11-01-2026 11:00,25.6
869,Krishnarajasagar Reservoir,CWC,29,Karnataka,544,Mandya,SHRIRANGAPATTANA,-,-,Cauvery,Cauvery,-,-,-,Cauvery,12.42559444,76.57250000,12-01-2026 13:00,9.6
870,Krishnarajasagar Reservoir,CWC,29,Karnataka,544,Mandya,SHRIRANGAPATTANA,-,-,Cauvery,Cauvery,-,-,-,Cauvery,12.42559444,76.57250000,15-01-2026 23:00,0.2
871,KUDIGE,CWC,29,Karnataka,541,Kodagu,SOMVARPET,-,-,Cauvery,Cauvery,-,-,-,Cauvery,12.50250000,75.96083333,02-01-2026 07:00,3.3
872,KUDIGE,CWC,29,Karnataka,541,Kodagu,SOMVARPET,-,-,Cauvery,Cauvery,-,-,-,Cauvery,12.50250000,75.96083333,02-01-2026 11:00,6.6
873,KUDIGE,CWC,29,Karnataka,541,Kodagu,SOMVARPET,-,-,Cauvery,Cauvery,-,-,-,Cauvery,12.50250000,75.96083333,08-01-2026 08:00,19.2
874,KUDIGE,CWC,29,Karnataka,541,Kodagu,SOMVARPET,-,-,Cauvery,Cauvery,-,-,-,Cauvery,12.50250000,75.96083333,08-01-2026 11:00,9.4
875,KUDIGE,CWC,29,Karnataka,541,Kodagu,SOMVARPET,-,-,Cauvery,Cauvery,-,-,-,Cauvery,12.50250000,75.96083333,06-02-2026 12:00,89
876,KUDIGE,CWC,29,Karnataka,541,Kodagu,SOMVARPET,-,-,Cauvery,Cauvery,-,-,-,Cauvery,12.50250000,75.96083333,08-04-2026 09:00,96
877,KUDIGE,CWC,29,Karnataka,541,Kodagu,SOMVARPET,-,-,Cauvery,Cauvery,-,-,-,Cauvery,12.50250000,75.96083333,15-04-2026 06:00,88
878,KUDIGE,CWC,29,Karnataka,541,Kodagu,SOMVARPET,-,-,Cauvery,Cauvery,-,-,-,Cauvery,12.50250000,75.96083333,15-04-2026 07:00,7.8
879,KUDIGE,CWC,29,Karnataka,541,Kodagu,SOMVARPET,-,-,Cauvery,Cauvery,-,-,-,Cauvery,12.50250000,75.96083333,23-04-2026 05:00,27.2
880,KUDIGE,CWC,29,Karnataka,541,Kodagu,SOMVARPET,-,-,Cauvery,Cauvery,-,-,-,Cauvery,12.50250000,75.96083333,26-04-2026 02:00,14.4
881,KUDIGE,CWC,29,Karnataka,541,Kodagu,SOMVARPET,-,-,Cauvery,Cauvery,-,-,-,Cauvery,12.50250000,75.96083333,26-04-2026 07:00,2
882,KUDIGE,CWC,29,Karnataka,541,Kodagu,SOMVARPET,-,-,Cauvery,Cauvery,-,-,-,Cauvery,12.50250000,75.96083333,28-04-2026 12:00,0.1
883,KUDIGE,CWC,29,Karnataka,541,Kodagu,SOMVARPET,-,-,Cauvery,Cauvery,-,-,-,Cauvery,12.50250000,75.96083333,02-05-2026 10:00,0.1
884,KUDIGE,CWC,29,Karnataka,541,Kodagu,SOMVARPET,-,-,Cauvery,Cauvery,-,-,-,Cauvery,12.50250000,75.96083333,13-05-2026 11:00,0.3
885,KUDLUR,CWC,29,Karnataka,531,Chamarajanagara,KOLLEGAL,-,-,Cauvery,Cauvery,Palar,-,-,Palar,11.84055556,77.46277778,03-01-2026 17:00,19.2
886,KUDLUR,CWC,29,Karnataka,531,Chamarajanagara,KOLLEGAL,-,-,Cauvery,Cauvery,Palar,-,-,Palar,11.84055556,77.46277778,06-01-2026 19:00,97.1
887,KUDLUR,CWC,29,Karnataka,531,Chamarajanagara,KOLLEGAL,-,-,Cauvery,Cauvery,Palar,-,-,Palar,11.84055556,77.46277778,01-02-2026 18:00,38.4
888,KUDLUR,CWC,29,Karnataka,531,Chamarajanagara,KOLLEGAL,-,-,Cauvery,Cauvery,Palar,-,-,Palar,11.84055556,77.46277778,16-02-2026 02:00,10.1
889,KUDLUR,CWC,29,Karnataka,531,Chamarajanagara,KOLLEGAL,-,-,Cauvery,Cauvery,Palar,-,-,Palar,11.84055556,77.46277778,04-04-2026 10:00,1.2
890,KUDLUR,CWC,29,Karnataka,531,Chamarajanagara,KOLLEGAL,-,-,Cauvery,Cauvery,Palar,-,-,Palar,11.84055556,77.46277778,06-04-2026 09:00,24.4
891,KUDLUR,CWC,29,Karnataka,531,Chamarajanagara,KOLLEGAL,-,-,Cauvery,Cauvery,Palar,-,-,Palar,11.84055556,77.46277778,06-04-2026 18:00,40
892,KUDLUR,CWC,29,Karnataka,531,Chamarajanagara,KOLLEGAL,-,-,Cauvery,Cauvery,Palar,-,-,Palar,11.84055556,77.46277778,11-04-2026 18:00,0.9
893,KUDLUR,CWC,29,Karnataka,531,Chamarajanagara,KOLLEGAL,-,-,Cauvery,Cauvery,Palar,-,-,Palar,11.84055556,77.46277778,14-04-2026 14:30,100.5
894,KUDLUR,CWC,29,Karnataka,531,Chamarajanagara,KOLLEGAL,-,-,Cauvery,Cauvery,Palar,-,-,Palar,11.84055556,77.46277778,14-04-2026 15:30,20.2
895,KUDLUR,CWC,29,Karnataka,531,Chamarajanagara,KOLLEGAL,-,-,Cauvery,Cauvery,Palar,-,-,Palar,11.84055556,77.46277778,17-04-2026 13:00,57.6
896,KUDLUR,CWC,29,Karnataka,531,Chamarajanagara,KOLLEGAL,-,-,Cauvery,Cauvery,Palar,-,-,Palar,11.84055556,77.46277778,18-04-2026 02:00,19.2
897,KUDLUR,CWC,29,Karnataka,531,Chamarajanagara,KOLLEGAL,-,-,Cauvery,Cauvery,Palar,-,-,Palar,11.84055556,77.46277778,18-04-2026 07:00,51.2
898,KUDLUR,CWC,29,Karnataka,531,Chamarajanagara,KOLLEGAL,-,-,Cauvery,Cauvery,Palar,-,-,Palar,11.84055556,77.46277778,19-04-2026 07:00,84.7
899,KUDLUR,CWC,29,Karnataka,531,Chamarajanagara,KOLLEGAL,-,-,Cauvery,Cauvery,Palar,-,-,Palar,11.84055556,77.46277778,19-04-2026 13:00,82.1
900,KUDLUR,CWC,29,Karnataka,531,Chamarajanagara,KOLLEGAL,-,-,Cauvery,Cauvery,Palar,-,-,Palar,11.84055556,77.46277778,20-04-2026 22:00,2.4
901,KUDLUR,CWC,29,Karnataka,531,Chamarajanagara,KOLLEGAL,-,-,Cauvery,Cauvery,Palar,-,-,Palar,11.84055556,77.46277778,21-04-2026 18:00,29.8
902,KUDLUR,CWC,29,Karnataka,531,Chamarajanagara,KOLLEGAL,-,-,Cauvery,Cauvery,Palar,-,-,Palar,11.84055556,77.46277778,22-04-2026 23:00,2
903,KUDLUR,CWC,29,Karnataka,531,Chamarajanagara,KOLLEGAL,-,-,Cauvery,Cauvery,Palar,-,-,Palar,11.84055556,77.46277778,23-04-2026 20:00,90
904,KUDLUR,CWC,29,Karnataka,531,Chamarajanagara,KOLLEGAL,-,-,Cauvery,Cauvery,Palar,-,-,Palar,11.84055556,77.46277778,28-04-2026 19:00,1.3
905,KUDLUR,CWC,29,Karnataka,531,Chamarajanagara,KOLLEGAL,-,-,Cauvery,Cauvery,Palar,-,-,Palar,11.84055556,77.46277778,01-05-2026 23:00,51.2
906,KUDLUR,CWC,29,Karnataka,531,Chamarajanagara,KOLLEGAL,-,-,Cauvery,Cauvery,Palar,-,-,Palar,11.84055556,77.46277778,02-05-2026 00:00,9.6
907,KUDLUR,CWC,29,Karnataka,531,Chamarajanagara,KOLLEGAL,-,-,Cauvery,Cauvery,Palar,-,-,Palar,11.84055556,77.46277778,11-05-2026 17:00,64
908,KUDLUR,CWC,29,Karnataka,531,Chamarajanagara,KOLLEGAL,-,-,Cauvery,Cauvery,Palar,-,-,Palar,11.84055556,77.46277778,23-05-2026 13:00,4.8
909,KUDLUR,CWC,29,Karnataka,531,Chamarajanagara,KOLLEGAL,-,-,Cauvery,Cauvery,Palar,-,-,Palar,11.84055556,77.46277778,27-05-2026 11:00,8.7
910,KUDLUR,CWC,29,Karnataka,531,Chamarajanagara,KOLLEGAL,-,-,Cauvery,Cauvery,Palar,-,-,Palar,11.84055556,77.46277778,27-05-2026 12:00,38
911,KUDLUR,CWC,29,Karnataka,531,Chamarajanagara,KOLLEGAL,-,-,Cauvery,Cauvery,Palar,-,-,Palar,11.84055556,77.46277778,27-05-2026 13:00,5.8
912,KUDLUR,CWC,29,Karnataka,531,Chamarajanagara,KOLLEGAL,-,-,Cauvery,Cauvery,Palar,-,-,Palar,11.84055556,77.46277778,27-05-2026 16:00,89.7
913,KUDLUR,CWC,29,Karnataka,531,Chamarajanagara,KOLLEGAL,-,-,Cauvery,Cauvery,Palar,-,-,Palar,11.84055556,77.46277778,31-05-2026 11:00,36.6
914,MAHISHI,CWC,29,Karnataka,547,Shivamogga,TIRTHAHALLI,-,-,Krishna,Krishna,Tungabhadra,Tunga,-,Tunga,13.69722222,75.33555556,06-01-2026 09:00,39.5
915,MAHISHI,CWC,29,Karnataka,547,Shivamogga,TIRTHAHALLI,-,-,Krishna,Krishna,Tungabhadra,Tunga,-,Tunga,13.69722222,75.33555556,06-01-2026 14:00,1.1
916,MAHISHI,CWC,29,Karnataka,547,Shivamogga,TIRTHAHALLI,-,-,Krishna,Krishna,Tungabhadra,Tunga,-,Tunga,13.69722222,75.33555556,12-01-2026 14:00,6.8
917,MAHISHI,CWC,29,Karnataka,547,Shivamogga,TIRTHAHALLI,-,-,Krishna,Krishna,Tungabhadra,Tunga,-,Tunga,13.69722222,75.33555556,13-01-2026 17:00,0.1
918,MAHISHI,CWC,29,Karnataka,547,Shivamogga,TIRTHAHALLI,-,-,Krishna,Krishna,Tungabhadra,Tunga,-,Tunga,13.69722222,75.33555556,14-01-2026 14:00,0.5
919,MAHISHI,CWC,29,Karnataka,547,Shivamogga,TIRTHAHALLI,-,-,Krishna,Krishna,Tungabhadra,Tunga,-,Tunga,13.69722222,75.33555556,29-01-2026 21:00,10.5
920,MAHISHI,CWC,29,Karnataka,547,Shivamogga,TIRTHAHALLI,-,-,Krishna,Krishna,Tungabhadra,Tunga,-,Tunga,13.69722222,75.33555556,06-02-2026 22:00,64
921,MAHISHI,CWC,29,Karnataka,547,Shivamogga,TIRTHAHALLI,-,-,Krishna,Krishna,Tungabhadra,Tunga,-,Tunga,13.69722222,75.33555556,06-02-2026 23:00,32.6
922,MAHISHI,CWC,29,Karnataka,547,Shivamogga,TIRTHAHALLI,-,-,Krishna,Krishna,Tungabhadra,Tunga,-,Tunga,13.69722222,75.33555556,10-02-2026 00:00,3.3
923,MAHISHI,CWC,29,Karnataka,547,Shivamogga,TIRTHAHALLI,-,-,Krishna,Krishna,Tungabhadra,Tunga,-,Tunga,13.69722222,75.33555556,12-02-2026 22:00,3.2
924,MAHISHI,CWC,29,Karnataka,547,Shivamogga,TIRTHAHALLI,-,-,Krishna,Krishna,Tungabhadra,Tunga,-,Tunga,13.69722222,75.33555556,27-02-2026 20:30,4.2
925,MAHISHI,CWC,29,Karnataka,547,Shivamogga,TIRTHAHALLI,-,-,Krishna,Krishna,Tungabhadra,Tunga,-,Tunga,13.69722222,75.33555556,01-03-2026 19:00,13.4
926,MAHISHI,CWC,29,Karnataka,547,Shivamogga,TIRTHAHALLI,-,-,Krishna,Krishna,Tungabhadra,Tunga,-,Tunga,13.69722222,75.33555556,18-03-2026 06:00,0.1
927,MAHISHI,CWC,29,Karnataka,547,Shivamogga,TIRTHAHALLI,-,-,Krishna,Krishna,Tungabhadra,Tunga,-,Tunga,13.69722222,75.33555556,18-03-2026 19:00,0.4
928,MAHISHI,CWC,29,Karnataka,547,Shivamogga,TIRTHAHALLI,-,-,Krishna,Krishna,Tungabhadra,Tunga,-,Tunga,13.69722222,75.33555556,24-03-2026 00:00,0.5
929,MAHISHI,CWC,29,Karnataka,547,Shivamogga,TIRTHAHALLI,-,-,Krishna,Krishna,Tungabhadra,Tunga,-,Tunga,13.69722222,75.33555556,24-03-2026 02:00,0.5
930,MAHISHI,CWC,29,Karnataka,547,Shivamogga,TIRTHAHALLI,-,-,Krishna,Krishna,Tungabhadra,Tunga,-,Tunga,13.69722222,75.33555556,24-03-2026 04:00,0.3
931,MAHISHI,CWC,29,Karnataka,547,Shivamogga,TIRTHAHALLI,-,-,Krishna,Krishna,Tungabhadra,Tunga,-,Tunga,13.69722222,75.33555556,24-03-2026 05:00,0.7
932,MAHISHI,CWC,29,Karnataka,547,Shivamogga,TIRTHAHALLI,-,-,Krishna,Krishna,Tungabhadra,Tunga,-,Tunga,13.69722222,75.33555556,24-03-2026 07:00,0.5
933,MAHISHI,CWC,29,Karnataka,547,Shivamogga,TIRTHAHALLI,-,-,Krishna,Krishna,Tungabhadra,Tunga,-,Tunga,13.69722222,75.33555556,24-03-2026 08:00,0.1
934,MAHISHI,CWC,29,Karnataka,547,Shivamogga,TIRTHAHALLI,-,-,Krishna,Krishna,Tungabhadra,Tunga,-,Tunga,13.69722222,75.33555556,25-03-2026 02:00,0.6
935,MAHISHI,CWC,29,Karnataka,547,Shivamogga,TIRTHAHALLI,-,-,Krishna,Krishna,Tungabhadra,Tunga,-,Tunga,13.69722222,75.33555556,28-03-2026 21:00,0.2
936,MAHISHI,CWC,29,Karnataka,547,Shivamogga,TIRTHAHALLI,-,-,Krishna,Krishna,Tungabhadra,Tunga,-,Tunga,13.69722222,75.33555556,28-03-2026 22:00,0.1
937,MAHISHI,CWC,29,Karnataka,547,Shivamogga,TIRTHAHALLI,-,-,Krishna,Krishna,Tungabhadra,Tunga,-,Tunga,13.69722222,75.33555556,29-03-2026 01:00,0.2
938,MAHISHI,CWC,29,Karnataka,547,Shivamogga,TIRTHAHALLI,-,-,Krishna,Krishna,Tungabhadra,Tunga,-,Tunga,13.69722222,75.33555556,29-03-2026 04:00,0.1
939,MAHISHI,CWC,29,Karnataka,547,Shivamogga,TIRTHAHALLI,-,-,Krishna,Krishna,Tungabhadra,Tunga,-,Tunga,13.69722222,75.33555556,02-04-2026 16:00,0.5
940,MAHISHI,CWC,29,Karnataka,547,Shivamogga,TIRTHAHALLI,-,-,Krishna,Krishna,Tungabhadra,Tunga,-,Tunga,13.69722222,75.33555556,02-04-2026 17:00,0.4
941,MAHISHI,CWC,29,Karnataka,547,Shivamogga,TIRTHAHALLI,-,-,Krishna,Krishna,Tungabhadra,Tunga,-,Tunga,13.69722222,75.33555556,02-04-2026 23:00,0.4
942,MAHISHI,CWC,29,Karnataka,547,Shivamogga,TIRTHAHALLI,-,-,Krishna,Krishna,Tungabhadra,Tunga,-,Tunga,13.69722222,75.33555556,03-04-2026 00:00,0.4
943,MAHISHI,CWC,29,Karnataka,547,Shivamogga,TIRTHAHALLI,-,-,Krishna,Krishna,Tungabhadra,Tunga,-,Tunga,13.69722222,75.33555556,03-04-2026 10:00,0.1
944,MAHISHI,CWC,29,Karnataka,547,Shivamogga,TIRTHAHALLI,-,-,Krishna,Krishna,Tungabhadra,Tunga,-,Tunga,13.69722222,75.33555556,03-04-2026 14:00,0.1
945,MAHISHI,CWC,29,Karnataka,547,Shivamogga,TIRTHAHALLI,-,-,Krishna,Krishna,Tungabhadra,Tunga,-,Tunga,13.69722222,75.33555556,03-04-2026 21:00,0.1
946,MAHISHI,CWC,29,Karnataka,547,Shivamogga,TIRTHAHALLI,-,-,Krishna,Krishna,Tungabhadra,Tunga,-,Tunga,13.69722222,75.33555556,04-04-2026 00:00,0.1
947,MAHISHI,CWC,29,Karnataka,547,Shivamogga,TIRTHAHALLI,-,-,Krishna,Krishna,Tungabhadra,Tunga,-,Tunga,13.69722222,75.33555556,08-04-2026 09:30,3
948,MAHISHI,CWC,29,Karnataka,547,Shivamogga,TIRTHAHALLI,-,-,Krishna,Krishna,Tungabhadra,Tunga,-,Tunga,13.69722222,75.33555556,13-04-2026 11:00,1
949,MAHISHI,CWC,29,Karnataka,547,Shivamogga,TIRTHAHALLI,-,-,Krishna,Krishna,Tungabhadra,Tunga,-,Tunga,13.69722222,75.33555556,13-04-2026 16:00,76.8
950,MAHISHI,CWC,29,Karnataka,547,Shivamogga,TIRTHAHALLI,-,-,Krishna,Krishna,Tungabhadra,Tunga,-,Tunga,13.69722222,75.33555556,15-04-2026 11:00,11.3
951,MAHISHI,CWC,29,Karnataka,547,Shivamogga,TIRTHAHALLI,-,-,Krishna,Krishna,Tungabhadra,Tunga,-,Tunga,13.69722222,75.33555556,20-04-2026 03:00,1.3
952,MAHISHI,CWC,29,Karnataka,547,Shivamogga,TIRTHAHALLI,-,-,Krishna,Krishna,Tungabhadra,Tunga,-,Tunga,13.69722222,75.33555556,20-04-2026 04:00,1.6
953,MAHISHI,CWC,29,Karnataka,547,Shivamogga,TIRTHAHALLI,-,-,Krishna,Krishna,Tungabhadra,Tunga,-,Tunga,13.69722222,75.33555556,20-04-2026 05:00,1.6
954,MAHISHI,CWC,29,Karnataka,547,Shivamogga,TIRTHAHALLI,-,-,Krishna,Krishna,Tungabhadra,Tunga,-,Tunga,13.69722222,75.33555556,20-04-2026 06:00,1.6
955,MAHISHI,CWC,29,Karnataka,547,Shivamogga,TIRTHAHALLI,-,-,Krishna,Krishna,Tungabhadra,Tunga,-,Tunga,13.69722222,75.33555556,20-04-2026 07:00,1.6
956,MAHISHI,CWC,29,Karnataka,547,Shivamogga,TIRTHAHALLI,-,-,Krishna,Krishna,Tungabhadra,Tunga,-,Tunga,13.69722222,75.33555556,20-04-2026 09:00,0.1
957,MAHISHI,CWC,29,Karnataka,547,Shivamogga,TIRTHAHALLI,-,-,Krishna,Krishna,Tungabhadra,Tunga,-,Tunga,13.69722222,75.33555556,20-04-2026 11:00,1.6
958,MAHISHI,CWC,29,Karnataka,547,Shivamogga,TIRTHAHALLI,-,-,Krishna,Krishna,Tungabhadra,Tunga,-,Tunga,13.69722222,75.33555556,20-04-2026 15:00,1.6
959,MAHISHI,CWC,29,Karnataka,547,Shivamogga,TIRTHAHALLI,-,-,Krishna,Krishna,Tungabhadra,Tunga,-,Tunga,13.69722222,75.33555556,20-04-2026 16:00,1.6
960,MAHISHI,CWC,29,Karnataka,547,Shivamogga,TIRTHAHALLI,-,-,Krishna,Krishna,Tungabhadra,Tunga,-,Tunga,13.69722222,75.33555556,20-04-2026 18:00,1.6
961,MAHISHI,CWC,29,Karnataka,547,Shivamogga,TIRTHAHALLI,-,-,Krishna,Krishna,Tungabhadra,Tunga,-,Tunga,13.69722222,75.33555556,20-04-2026 19:00,1.6
962,MAHISHI,CWC,29,Karnataka,547,Shivamogga,TIRTHAHALLI,-,-,Krishna,Krishna,Tungabhadra,Tunga,-,Tunga,13.69722222,75.33555556,20-04-2026 20:00,1.6
963,MAHISHI,CWC,29,Karnataka,547,Shivamogga,TIRTHAHALLI,-,-,Krishna,Krishna,Tungabhadra,Tunga,-,Tunga,13.69722222,75.33555556,20-04-2026 21:00,1.6
964,MAHISHI,CWC,29,Karnataka,547,Shivamogga,TIRTHAHALLI,-,-,Krishna,Krishna,Tungabhadra,Tunga,-,Tunga,13.69722222,75.33555556,21-04-2026 00:00,1.6
965,MAHISHI,CWC,29,Karnataka,547,Shivamogga,TIRTHAHALLI,-,-,Krishna,Krishna,Tungabhadra,Tunga,-,Tunga,13.69722222,75.33555556,21-04-2026 02:00,1.6
966,MAHISHI,CWC,29,Karnataka,547,Shivamogga,TIRTHAHALLI,-,-,Krishna,Krishna,Tungabhadra,Tunga,-,Tunga,13.69722222,75.33555556,27-04-2026 20:00,0.2
967,MAHISHI,CWC,29,Karnataka,547,Shivamogga,TIRTHAHALLI,-,-,Krishna,Krishna,Tungabhadra,Tunga,-,Tunga,13.69722222,75.33555556,27-04-2026 21:00,0.5
968,MAHISHI,CWC,29,Karnataka,547,Shivamogga,TIRTHAHALLI,-,-,Krishna,Krishna,Tungabhadra,Tunga,-,Tunga,13.69722222,75.33555556,27-04-2026 22:00,0.2
969,MAHISHI,CWC,29,Karnataka,547,Shivamogga,TIRTHAHALLI,-,-,Krishna,Krishna,Tungabhadra,Tunga,-,Tunga,13.69722222,75.33555556,28-04-2026 00:00,64
970,MAHISHI,CWC,29,Karnataka,547,Shivamogga,TIRTHAHALLI,-,-,Krishna,Krishna,Tungabhadra,Tunga,-,Tunga,13.69722222,75.33555556,28-04-2026 02:00,0.2
971,MAHISHI,CWC,29,Karnataka,547,Shivamogga,TIRTHAHALLI,-,-,Krishna,Krishna,Tungabhadra,Tunga,-,Tunga,13.69722222,75.33555556,28-04-2026 07:00,0.1
972,MAHISHI,CWC,29,Karnataka,547,Shivamogga,TIRTHAHALLI,-,-,Krishna,Krishna,Tungabhadra,Tunga,-,Tunga,13.69722222,75.33555556,11-05-2026 14:00,0.3
973,MAHISHI,CWC,29,Karnataka,547,Shivamogga,TIRTHAHALLI,-,-,Krishna,Krishna,Tungabhadra,Tunga,-,Tunga,13.69722222,75.33555556,11-05-2026 15:00,0.7
974,MAHISHI,CWC,29,Karnataka,547,Shivamogga,TIRTHAHALLI,-,-,Krishna,Krishna,Tungabhadra,Tunga,-,Tunga,13.69722222,75.33555556,11-05-2026 18:00,0.4
975,MAHISHI,CWC,29,Karnataka,547,Shivamogga,TIRTHAHALLI,-,-,Krishna,Krishna,Tungabhadra,Tunga,-,Tunga,13.69722222,75.33555556,11-05-2026 20:00,0.4
976,MAHISHI,CWC,29,Karnataka,547,Shivamogga,TIRTHAHALLI,-,-,Krishna,Krishna,Tungabhadra,Tunga,-,Tunga,13.69722222,75.33555556,11-05-2026 22:00,0.4
977,MAHISHI,CWC,29,Karnataka,547,Shivamogga,TIRTHAHALLI,-,-,Krishna,Krishna,Tungabhadra,Tunga,-,Tunga,13.69722222,75.33555556,12-05-2026 00:00,0.4
978,MAHISHI,CWC,29,Karnataka,547,Shivamogga,TIRTHAHALLI,-,-,Krishna,Krishna,Tungabhadra,Tunga,-,Tunga,13.69722222,75.33555556,14-05-2026 18:00,0.1
979,MAHISHI,CWC,29,Karnataka,547,Shivamogga,TIRTHAHALLI,-,-,Krishna,Krishna,Tungabhadra,Tunga,-,Tunga,13.69722222,75.33555556,14-05-2026 19:00,0.1
980,MAHISHI,CWC,29,Karnataka,547,Shivamogga,TIRTHAHALLI,-,-,Krishna,Krishna,Tungabhadra,Tunga,-,Tunga,13.69722222,75.33555556,14-05-2026 20:00,0.1
981,MAHISHI,CWC,29,Karnataka,547,Shivamogga,TIRTHAHALLI,-,-,Krishna,Krishna,Tungabhadra,Tunga,-,Tunga,13.69722222,75.33555556,14-05-2026 21:00,0.1
982,MAHISHI,CWC,29,Karnataka,547,Shivamogga,TIRTHAHALLI,-,-,Krishna,Krishna,Tungabhadra,Tunga,-,Tunga,13.69722222,75.33555556,14-05-2026 22:00,0.1
983,MAHISHI,CWC,29,Karnataka,547,Shivamogga,TIRTHAHALLI,-,-,Krishna,Krishna,Tungabhadra,Tunga,-,Tunga,13.69722222,75.33555556,14-05-2026 23:00,0.1
984,MAHISHI,CWC,29,Karnataka,547,Shivamogga,TIRTHAHALLI,-,-,Krishna,Krishna,Tungabhadra,Tunga,-,Tunga,13.69722222,75.33555556,15-05-2026 00:00,0.1
985,MAHISHI,CWC,29,Karnataka,547,Shivamogga,TIRTHAHALLI,-,-,Krishna,Krishna,Tungabhadra,Tunga,-,Tunga,13.69722222,75.33555556,15-05-2026 01:00,0.1
986,MAHISHI,CWC,29,Karnataka,547,Shivamogga,TIRTHAHALLI,-,-,Krishna,Krishna,Tungabhadra,Tunga,-,Tunga,13.69722222,75.33555556,15-05-2026 02:00,0.1
987,MAHISHI,CWC,29,Karnataka,547,Shivamogga,TIRTHAHALLI,-,-,Krishna,Krishna,Tungabhadra,Tunga,-,Tunga,13.69722222,75.33555556,15-05-2026 03:30,0.1
988,MAHISHI,CWC,29,Karnataka,547,Shivamogga,TIRTHAHALLI,-,-,Krishna,Krishna,Tungabhadra,Tunga,-,Tunga,13.69722222,75.33555556,16-05-2026 12:00,0.1
989,MAHISHI,CWC,29,Karnataka,547,Shivamogga,TIRTHAHALLI,-,-,Krishna,Krishna,Tungabhadra,Tunga,-,Tunga,13.69722222,75.33555556,16-05-2026 13:00,0.1
990,MAHISHI,CWC,29,Karnataka,547,Shivamogga,TIRTHAHALLI,-,-,Krishna,Krishna,Tungabhadra,Tunga,-,Tunga,13.69722222,75.33555556,16-05-2026 14:00,0.2
991,MAHISHI,CWC,29,Karnataka,547,Shivamogga,TIRTHAHALLI,-,-,Krishna,Krishna,Tungabhadra,Tunga,-,Tunga,13.69722222,75.33555556,16-05-2026 15:00,0.2
992,MAHISHI,CWC,29,Karnataka,547,Shivamogga,TIRTHAHALLI,-,-,Krishna,Krishna,Tungabhadra,Tunga,-,Tunga,13.69722222,75.33555556,16-05-2026 16:00,0.2
993,MAHISHI,CWC,29,Karnataka,547,Shivamogga,TIRTHAHALLI,-,-,Krishna,Krishna,Tungabhadra,Tunga,-,Tunga,13.69722222,75.33555556,16-05-2026 17:00,0.2
994,MAHISHI,CWC,29,Karnataka,547,Shivamogga,TIRTHAHALLI,-,-,Krishna,Krishna,Tungabhadra,Tunga,-,Tunga,13.69722222,75.33555556,16-05-2026 18:00,0.2
995,MAHISHI,CWC,29,Karnataka,547,Shivamogga,TIRTHAHALLI,-,-,Krishna,Krishna,Tungabhadra,Tunga,-,Tunga,13.69722222,75.33555556,16-05-2026 19:00,0.2
996,MAHISHI,CWC,29,Karnataka,547,Shivamogga,TIRTHAHALLI,-,-,Krishna,Krishna,Tungabhadra,Tunga,-,Tunga,13.69722222,75.33555556,16-05-2026 20:00,0.2
997,MAHISHI,CWC,29,Karnataka,547,Shivamogga,TIRTHAHALLI,-,-,Krishna,Krishna,Tungabhadra,Tunga,-,Tunga,13.69722222,75.33555556,16-05-2026 21:00,0.2
998,MAHISHI,CWC,29,Karnataka,547,Shivamogga,TIRTHAHALLI,-,-,Krishna,Krishna,Tungabhadra,Tunga,-,Tunga,13.69722222,75.33555556,16-05-2026 22:00,0.2
999,MAHISHI,CWC,29,Karnataka,547,Shivamogga,TIRTHAHALLI,-,-,Krishna,Krishna,Tungabhadra,Tunga,-,Tunga,13.69722222,75.33555556,16-05-2026 23:00,0.2
1000,MAHISHI,CWC,29,Karnataka,547,Shivamogga,TIRTHAHALLI,-,-,Krishna,Krishna,Tungabhadra,Tunga,-,Tunga,13.69722222,75.33555556,17-05-2026 00:00,0.2
1001,MAHISHI,CWC,29,Karnataka,547,Shivamogga,TIRTHAHALLI,-,-,Krishna,Krishna,Tungabhadra,Tunga,-,Tunga,13.69722222,75.33555556,17-05-2026 01:00,0.2
1002,MAHISHI,CWC,29,Karnataka,547,Shivamogga,TIRTHAHALLI,-,-,Krishna,Krishna,Tungabhadra,Tunga,-,Tunga,13.69722222,75.33555556,17-05-2026 02:00,0.2
1003,MAHISHI,CWC,29,Karnataka,547,Shivamogga,TIRTHAHALLI,-,-,Krishna,Krishna,Tungabhadra,Tunga,-,Tunga,13.69722222,75.33555556,17-05-2026 14:00,0.1
1004,MAHISHI,CWC,29,Karnataka,547,Shivamogga,TIRTHAHALLI,-,-,Krishna,Krishna,Tungabhadra,Tunga,-,Tunga,13.69722222,75.33555556,17-05-2026 15:00,0.1
1005,MAHISHI,CWC,29,Karnataka,547,Shivamogga,TIRTHAHALLI,-,-,Krishna,Krishna,Tungabhadra,Tunga,-,Tunga,13.69722222,75.33555556,17-05-2026 16:00,0.1
1006,MAHISHI,CWC,29,Karnataka,547,Shivamogga,TIRTHAHALLI,-,-,Krishna,Krishna,Tungabhadra,Tunga,-,Tunga,13.69722222,75.33555556,17-05-2026 17:00,0.1
1007,MAHISHI,CWC,29,Karnataka,547,Shivamogga,TIRTHAHALLI,-,-,Krishna,Krishna,Tungabhadra,Tunga,-,Tunga,13.69722222,75.33555556,17-05-2026 18:00,0.1
1008,MAHISHI,CWC,29,Karnataka,547,Shivamogga,TIRTHAHALLI,-,-,Krishna,Krishna,Tungabhadra,Tunga,-,Tunga,13.69722222,75.33555556,17-05-2026 19:00,0.1
1009,MAHISHI,CWC,29,Karnataka,547,Shivamogga,TIRTHAHALLI,-,-,Krishna,Krishna,Tungabhadra,Tunga,-,Tunga,13.69722222,75.33555556,17-05-2026 20:00,0.1
1010,MAHISHI,CWC,29,Karnataka,547,Shivamogga,TIRTHAHALLI,-,-,Krishna,Krishna,Tungabhadra,Tunga,-,Tunga,13.69722222,75.33555556,17-05-2026 21:00,0.1
1011,MAHISHI,CWC,29,Karnataka,547,Shivamogga,TIRTHAHALLI,-,-,Krishna,Krishna,Tungabhadra,Tunga,-,Tunga,13.69722222,75.33555556,17-05-2026 22:00,0.1
1012,MAHISHI,CWC,29,Karnataka,547,Shivamogga,TIRTHAHALLI,-,-,Krishna,Krishna,Tungabhadra,Tunga,-,Tunga,13.69722222,75.33555556,17-05-2026 23:00,0.1
1013,MAHISHI,CWC,29,Karnataka,547,Shivamogga,TIRTHAHALLI,-,-,Krishna,Krishna,Tungabhadra,Tunga,-,Tunga,13.69722222,75.33555556,18-05-2026 00:00,0.1
1014,MAHISHI,CWC,29,Karnataka,547,Shivamogga,TIRTHAHALLI,-,-,Krishna,Krishna,Tungabhadra,Tunga,-,Tunga,13.69722222,75.33555556,18-05-2026 01:00,0.1
1015,MAHISHI,CWC,29,Karnataka,547,Shivamogga,TIRTHAHALLI,-,-,Krishna,Krishna,Tungabhadra,Tunga,-,Tunga,13.69722222,75.33555556,18-05-2026 02:00,0.1
1016,MAHISHI,CWC,29,Karnataka,547,Shivamogga,TIRTHAHALLI,-,-,Krishna,Krishna,Tungabhadra,Tunga,-,Tunga,13.69722222,75.33555556,24-05-2026 03:00,0.6
1017,MAHISHI,CWC,29,Karnataka,547,Shivamogga,TIRTHAHALLI,-,-,Krishna,Krishna,Tungabhadra,Tunga,-,Tunga,13.69722222,75.33555556,24-05-2026 04:00,0.1
1018,MAHISHI,CWC,29,Karnataka,547,Shivamogga,TIRTHAHALLI,-,-,Krishna,Krishna,Tungabhadra,Tunga,-,Tunga,13.69722222,75.33555556,24-05-2026 05:00,0.3
1019,MAHISHI,CWC,29,Karnataka,547,Shivamogga,TIRTHAHALLI,-,-,Krishna,Krishna,Tungabhadra,Tunga,-,Tunga,13.69722222,75.33555556,24-05-2026 08:00,0.2
1020,MAHISHI,CWC,29,Karnataka,547,Shivamogga,TIRTHAHALLI,-,-,Krishna,Krishna,Tungabhadra,Tunga,-,Tunga,13.69722222,75.33555556,24-05-2026 09:00,0.2
1021,MAHISHI,CWC,29,Karnataka,547,Shivamogga,TIRTHAHALLI,-,-,Krishna,Krishna,Tungabhadra,Tunga,-,Tunga,13.69722222,75.33555556,24-05-2026 10:00,0.2
1022,MAHISHI,CWC,29,Karnataka,547,Shivamogga,TIRTHAHALLI,-,-,Krishna,Krishna,Tungabhadra,Tunga,-,Tunga,13.69722222,75.33555556,24-05-2026 11:00,0.2
1023,MAHISHI,CWC,29,Karnataka,547,Shivamogga,TIRTHAHALLI,-,-,Krishna,Krishna,Tungabhadra,Tunga,-,Tunga,13.69722222,75.33555556,24-05-2026 12:00,0.2
1024,MAHISHI,CWC,29,Karnataka,547,Shivamogga,TIRTHAHALLI,-,-,Krishna,Krishna,Tungabhadra,Tunga,-,Tunga,13.69722222,75.33555556,24-05-2026 13:00,0.2
1025,MAHISHI,CWC,29,Karnataka,547,Shivamogga,TIRTHAHALLI,-,-,Krishna,Krishna,Tungabhadra,Tunga,-,Tunga,13.69722222,75.33555556,24-05-2026 14:00,0.2
1026,MAHISHI,CWC,29,Karnataka,547,Shivamogga,TIRTHAHALLI,-,-,Krishna,Krishna,Tungabhadra,Tunga,-,Tunga,13.69722222,75.33555556,24-05-2026 15:00,0.2
1027,MAHISHI,CWC,29,Karnataka,547,Shivamogga,TIRTHAHALLI,-,-,Krishna,Krishna,Tungabhadra,Tunga,-,Tunga,13.69722222,75.33555556,24-05-2026 16:00,0.2
1028,MAHISHI,CWC,29,Karnataka,547,Shivamogga,TIRTHAHALLI,-,-,Krishna,Krishna,Tungabhadra,Tunga,-,Tunga,13.69722222,75.33555556,24-05-2026 17:00,0.2
1029,MAHISHI,CWC,29,Karnataka,547,Shivamogga,TIRTHAHALLI,-,-,Krishna,Krishna,Tungabhadra,Tunga,-,Tunga,13.69722222,75.33555556,24-05-2026 18:00,0.2
1030,MAHISHI,CWC,29,Karnataka,547,Shivamogga,TIRTHAHALLI,-,-,Krishna,Krishna,Tungabhadra,Tunga,-,Tunga,13.69722222,75.33555556,24-05-2026 19:00,0.2
1031,MAHISHI,CWC,29,Karnataka,547,Shivamogga,TIRTHAHALLI,-,-,Krishna,Krishna,Tungabhadra,Tunga,-,Tunga,13.69722222,75.33555556,24-05-2026 20:00,0.2
1032,MAHISHI,CWC,29,Karnataka,547,Shivamogga,TIRTHAHALLI,-,-,Krishna,Krishna,Tungabhadra,Tunga,-,Tunga,13.69722222,75.33555556,24-05-2026 21:00,0.2
1033,MAHISHI,CWC,29,Karnataka,547,Shivamogga,TIRTHAHALLI,-,-,Krishna,Krishna,Tungabhadra,Tunga,-,Tunga,13.69722222,75.33555556,24-05-2026 22:00,0.2
1034,MAHISHI,CWC,29,Karnataka,547,Shivamogga,TIRTHAHALLI,-,-,Krishna,Krishna,Tungabhadra,Tunga,-,Tunga,13.69722222,75.33555556,24-05-2026 23:00,0.2
1035,MAHISHI,CWC,29,Karnataka,547,Shivamogga,TIRTHAHALLI,-,-,Krishna,Krishna,Tungabhadra,Tunga,-,Tunga,13.69722222,75.33555556,31-05-2026 18:00,3.6
1036,MAHISHI,CWC,29,Karnataka,547,Shivamogga,TIRTHAHALLI,-,-,Krishna,Krishna,Tungabhadra,Tunga,-,Tunga,13.69722222,75.33555556,03-06-2026 12:00,0.2
1037,MAHISHI,CWC,29,Karnataka,547,Shivamogga,TIRTHAHALLI,-,-,Krishna,Krishna,Tungabhadra,Tunga,-,Tunga,13.69722222,75.33555556,03-06-2026 13:00,0.2
1038,MAHISHI,CWC,29,Karnataka,547,Shivamogga,TIRTHAHALLI,-,-,Krishna,Krishna,Tungabhadra,Tunga,-,Tunga,13.69722222,75.33555556,03-06-2026 14:00,0.2
1039,MAHISHI,CWC,29,Karnataka,547,Shivamogga,TIRTHAHALLI,-,-,Krishna,Krishna,Tungabhadra,Tunga,-,Tunga,13.69722222,75.33555556,03-06-2026 15:00,0.2
1040,Shimoga,CWC,29,Karnataka,547,Shivamogga,SHIMOGA,-,-,Krishna,Krishna,Tungabhadra,-,-,Tunga,13.92694444,75.58500000,24-04-2026 02:00,0.5
1041,Shimoga,CWC,29,Karnataka,547,Shivamogga,SHIMOGA,-,-,Krishna,Krishna,Tungabhadra,-,-,Tunga,13.92694444,75.58500000,24-04-2026 03:00,0.5
1042,T. BEKKUPE,CWC,29,Karnataka,631,Ramanagar,Kanakapura,-,-,Cauvery,Cauvery,Arkavathi,-,-,Arkavathi,12.50722222,77.42805556,01-01-2026 19:00,0.3
1043,T. BEKKUPE,CWC,29,Karnataka,631,Ramanagar,Kanakapura,-,-,Cauvery,Cauvery,Arkavathi,-,-,Arkavathi,12.50722222,77.42805556,05-01-2026 11:00,25.6
1044,T. BEKKUPE,CWC,29,Karnataka,631,Ramanagar,Kanakapura,-,-,Cauvery,Cauvery,Arkavathi,-,-,Arkavathi,12.50722222,77.42805556,05-01-2026 15:00,51.2
1045,T. BEKKUPE,CWC,29,Karnataka,631,Ramanagar,Kanakapura,-,-,Cauvery,Cauvery,Arkavathi,-,-,Arkavathi,12.50722222,77.42805556,06-01-2026 13:00,0.2
1046,T. BEKKUPE,CWC,29,Karnataka,631,Ramanagar,Kanakapura,-,-,Cauvery,Cauvery,Arkavathi,-,-,Arkavathi,12.50722222,77.42805556,07-01-2026 09:00,0.4
1047,T. BEKKUPE,CWC,29,Karnataka,631,Ramanagar,Kanakapura,-,-,Cauvery,Cauvery,Arkavathi,-,-,Arkavathi,12.50722222,77.42805556,07-01-2026 23:00,25.6
1048,T. BEKKUPE,CWC,29,Karnataka,631,Ramanagar,Kanakapura,-,-,Cauvery,Cauvery,Arkavathi,-,-,Arkavathi,12.50722222,77.42805556,08-01-2026 12:00,64
1049,T. BEKKUPE,CWC,29,Karnataka,631,Ramanagar,Kanakapura,-,-,Cauvery,Cauvery,Arkavathi,-,-,Arkavathi,12.50722222,77.42805556,10-01-2026 17:00,0.6
1050,T. BEKKUPE,CWC,29,Karnataka,631,Ramanagar,Kanakapura,-,-,Cauvery,Cauvery,Arkavathi,-,-,Arkavathi,12.50722222,77.42805556,11-01-2026 10:00,1.2
1051,T. BEKKUPE,CWC,29,Karnataka,631,Ramanagar,Kanakapura,-,-,Cauvery,Cauvery,Arkavathi,-,-,Arkavathi,12.50722222,77.42805556,11-01-2026 18:00,25.7
1052,T. BEKKUPE,CWC,29,Karnataka,631,Ramanagar,Kanakapura,-,-,Cauvery,Cauvery,Arkavathi,-,-,Arkavathi,12.50722222,77.42805556,11-01-2026 20:00,77
1053,T. BEKKUPE,CWC,29,Karnataka,631,Ramanagar,Kanakapura,-,-,Cauvery,Cauvery,Arkavathi,-,-,Arkavathi,12.50722222,77.42805556,12-01-2026 17:00,4.8
1054,T. BEKKUPE,CWC,29,Karnataka,631,Ramanagar,Kanakapura,-,-,Cauvery,Cauvery,Arkavathi,-,-,Arkavathi,12.50722222,77.42805556,12-01-2026 18:00,8
1055,T. BEKKUPE,CWC,29,Karnataka,631,Ramanagar,Kanakapura,-,-,Cauvery,Cauvery,Arkavathi,-,-,Arkavathi,12.50722222,77.42805556,14-01-2026 18:00,52.4
1056,T. BEKKUPE,CWC,29,Karnataka,631,Ramanagar,Kanakapura,-,-,Cauvery,Cauvery,Arkavathi,-,-,Arkavathi,12.50722222,77.42805556,15-01-2026 19:00,1
1057,T. BEKKUPE,CWC,29,Karnataka,631,Ramanagar,Kanakapura,-,-,Cauvery,Cauvery,Arkavathi,-,-,Arkavathi,12.50722222,77.42805556,17-01-2026 00:00,34.3
1058,T. BEKKUPE,CWC,29,Karnataka,631,Ramanagar,Kanakapura,-,-,Cauvery,Cauvery,Arkavathi,-,-,Arkavathi,12.50722222,77.42805556,02-02-2026 00:00,5.3
1059,T. BEKKUPE,CWC,29,Karnataka,631,Ramanagar,Kanakapura,-,-,Cauvery,Cauvery,Arkavathi,-,-,Arkavathi,12.50722222,77.42805556,04-02-2026 05:30,13.2
1060,T. BEKKUPE,CWC,29,Karnataka,631,Ramanagar,Kanakapura,-,-,Cauvery,Cauvery,Arkavathi,-,-,Arkavathi,12.50722222,77.42805556,04-02-2026 19:00,10.3
1061,T. BEKKUPE,CWC,29,Karnataka,631,Ramanagar,Kanakapura,-,-,Cauvery,Cauvery,Arkavathi,-,-,Arkavathi,12.50722222,77.42805556,07-02-2026 09:00,51.2
1062,T. BEKKUPE,CWC,29,Karnataka,631,Ramanagar,Kanakapura,-,-,Cauvery,Cauvery,Arkavathi,-,-,Arkavathi,12.50722222,77.42805556,08-02-2026 10:00,67.3
1063,T. BEKKUPE,CWC,29,Karnataka,631,Ramanagar,Kanakapura,-,-,Cauvery,Cauvery,Arkavathi,-,-,Arkavathi,12.50722222,77.42805556,09-02-2026 02:00,4.2
1064,T. BEKKUPE,CWC,29,Karnataka,631,Ramanagar,Kanakapura,-,-,Cauvery,Cauvery,Arkavathi,-,-,Arkavathi,12.50722222,77.42805556,09-02-2026 07:00,4
1065,T. BEKKUPE,CWC,29,Karnataka,631,Ramanagar,Kanakapura,-,-,Cauvery,Cauvery,Arkavathi,-,-,Arkavathi,12.50722222,77.42805556,13-02-2026 08:00,65.1
1066,T. BEKKUPE,CWC,29,Karnataka,631,Ramanagar,Kanakapura,-,-,Cauvery,Cauvery,Arkavathi,-,-,Arkavathi,12.50722222,77.42805556,14-02-2026 05:30,25.8
1067,T. BEKKUPE,CWC,29,Karnataka,631,Ramanagar,Kanakapura,-,-,Cauvery,Cauvery,Arkavathi,-,-,Arkavathi,12.50722222,77.42805556,27-02-2026 04:00,9.3
1068,T. BEKKUPE,CWC,29,Karnataka,631,Ramanagar,Kanakapura,-,-,Cauvery,Cauvery,Arkavathi,-,-,Arkavathi,12.50722222,77.42805556,03-03-2026 04:00,2.4
1069,T. BEKKUPE,CWC,29,Karnataka,631,Ramanagar,Kanakapura,-,-,Cauvery,Cauvery,Arkavathi,-,-,Arkavathi,12.50722222,77.42805556,24-03-2026 05:00,24.8
1070,T. BEKKUPE,CWC,29,Karnataka,631,Ramanagar,Kanakapura,-,-,Cauvery,Cauvery,Arkavathi,-,-,Arkavathi,12.50722222,77.42805556,04-04-2026 05:00,0.1
1071,T. BEKKUPE,CWC,29,Karnataka,631,Ramanagar,Kanakapura,-,-,Cauvery,Cauvery,Arkavathi,-,-,Arkavathi,12.50722222,77.42805556,09-04-2026 11:00,64
1072,T. BEKKUPE,CWC,29,Karnataka,631,Ramanagar,Kanakapura,-,-,Cauvery,Cauvery,Arkavathi,-,-,Arkavathi,12.50722222,77.42805556,10-04-2026 17:00,3.6
1073,T. BEKKUPE,CWC,29,Karnataka,631,Ramanagar,Kanakapura,-,-,Cauvery,Cauvery,Arkavathi,-,-,Arkavathi,12.50722222,77.42805556,14-04-2026 15:00,3.1
1074,T. BEKKUPE,CWC,29,Karnataka,631,Ramanagar,Kanakapura,-,-,Cauvery,Cauvery,Arkavathi,-,-,Arkavathi,12.50722222,77.42805556,17-04-2026 12:00,64.4
1075,T. BEKKUPE,CWC,29,Karnataka,631,Ramanagar,Kanakapura,-,-,Cauvery,Cauvery,Arkavathi,-,-,Arkavathi,12.50722222,77.42805556,18-04-2026 09:00,10.6
1076,T. BEKKUPE,CWC,29,Karnataka,631,Ramanagar,Kanakapura,-,-,Cauvery,Cauvery,Arkavathi,-,-,Arkavathi,12.50722222,77.42805556,18-04-2026 17:00,0.2
1077,T. BEKKUPE,CWC,29,Karnataka,631,Ramanagar,Kanakapura,-,-,Cauvery,Cauvery,Arkavathi,-,-,Arkavathi,12.50722222,77.42805556,25-05-2026 11:00,13.6
1078,T. BEKKUPE,CWC,29,Karnataka,631,Ramanagar,Kanakapura,-,-,Cauvery,Cauvery,Arkavathi,-,-,Arkavathi,12.50722222,77.42805556,26-05-2026 23:00,0.1
1079,T. BEKKUPE,CWC,29,Karnataka,631,Ramanagar,Kanakapura,-,-,Cauvery,Cauvery,Arkavathi,-,-,Arkavathi,12.50722222,77.42805556,29-05-2026 19:00,0.6
1080,T. BEKKUPE,CWC,29,Karnataka,631,Ramanagar,Kanakapura,-,-,Cauvery,Cauvery,Arkavathi,-,-,Arkavathi,12.50722222,77.42805556,29-05-2026 20:00,0.2
1081,T. BEKKUPE,CWC,29,Karnataka,631,Ramanagar,Kanakapura,-,-,Cauvery,Cauvery,Arkavathi,-,-,Arkavathi,12.50722222,77.42805556,29-05-2026 23:00,0.4
1082,T. BEKKUPE,CWC,29,Karnataka,631,Ramanagar,Kanakapura,-,-,Cauvery,Cauvery,Arkavathi,-,-,Arkavathi,12.50722222,77.42805556,03-06-2026 11:00,1.7
1083,THIMMANAHALLI,CWC,29,Karnataka,539,Hassan,HASSAN,-,-,Cauvery,Cauvery,Yagachi,-,-,Yagachi,12.98527778,76.03777778,02-01-2026 10:00,52.4
1084,THIMMANAHALLI,CWC,29,Karnataka,539,Hassan,HASSAN,-,-,Cauvery,Cauvery,Yagachi,-,-,Yagachi,12.98527778,76.03777778,02-01-2026 16:00,9.6
1085,THIMMANAHALLI,CWC,29,Karnataka,539,Hassan,HASSAN,-,-,Cauvery,Cauvery,Yagachi,-,-,Yagachi,12.98527778,76.03777778,03-01-2026 18:00,1.3
1086,THIMMANAHALLI,CWC,29,Karnataka,539,Hassan,HASSAN,-,-,Cauvery,Cauvery,Yagachi,-,-,Yagachi,12.98527778,76.03777778,05-01-2026 22:00,38.6
1087,THIMMANAHALLI,CWC,29,Karnataka,539,Hassan,HASSAN,-,-,Cauvery,Cauvery,Yagachi,-,-,Yagachi,12.98527778,76.03777778,06-01-2026 02:00,9.6
1088,THIMMANAHALLI,CWC,29,Karnataka,539,Hassan,HASSAN,-,-,Cauvery,Cauvery,Yagachi,-,-,Yagachi,12.98527778,76.03777778,07-01-2026 12:00,4.2
1089,THIMMANAHALLI,CWC,29,Karnataka,539,Hassan,HASSAN,-,-,Cauvery,Cauvery,Yagachi,-,-,Yagachi,12.98527778,76.03777778,07-01-2026 17:00,49.2
1090,THIMMANAHALLI,CWC,29,Karnataka,539,Hassan,HASSAN,-,-,Cauvery,Cauvery,Yagachi,-,-,Yagachi,12.98527778,76.03777778,08-01-2026 22:00,77.7
1091,THIMMANAHALLI,CWC,29,Karnataka,539,Hassan,HASSAN,-,-,Cauvery,Cauvery,Yagachi,-,-,Yagachi,12.98527778,76.03777778,10-01-2026 21:00,40.7
1092,THIMMANAHALLI,CWC,29,Karnataka,539,Hassan,HASSAN,-,-,Cauvery,Cauvery,Yagachi,-,-,Yagachi,12.98527778,76.03777778,12-01-2026 23:00,71.8
1093,THIMMANAHALLI,CWC,29,Karnataka,539,Hassan,HASSAN,-,-,Cauvery,Cauvery,Yagachi,-,-,Yagachi,12.98527778,76.03777778,13-01-2026 08:00,57.6
1094,THIMMANAHALLI,CWC,29,Karnataka,539,Hassan,HASSAN,-,-,Cauvery,Cauvery,Yagachi,-,-,Yagachi,12.98527778,76.03777778,17-01-2026 11:00,64
1095,THIMMANAHALLI,CWC,29,Karnataka,539,Hassan,HASSAN,-,-,Cauvery,Cauvery,Yagachi,-,-,Yagachi,12.98527778,76.03777778,17-01-2026 13:00,79.2
1096,THIMMANAHALLI,CWC,29,Karnataka,539,Hassan,HASSAN,-,-,Cauvery,Cauvery,Yagachi,-,-,Yagachi,12.98527778,76.03777778,01-02-2026 02:00,90.4
1097,THIMMANAHALLI,CWC,29,Karnataka,539,Hassan,HASSAN,-,-,Cauvery,Cauvery,Yagachi,-,-,Yagachi,12.98527778,76.03777778,01-02-2026 08:00,4.8
1098,THIMMANAHALLI,CWC,29,Karnataka,539,Hassan,HASSAN,-,-,Cauvery,Cauvery,Yagachi,-,-,Yagachi,12.98527778,76.03777778,01-02-2026 18:00,8
1099,THIMMANAHALLI,CWC,29,Karnataka,539,Hassan,HASSAN,-,-,Cauvery,Cauvery,Yagachi,-,-,Yagachi,12.98527778,76.03777778,01-02-2026 19:00,0.3
1100,THIMMANAHALLI,CWC,29,Karnataka,539,Hassan,HASSAN,-,-,Cauvery,Cauvery,Yagachi,-,-,Yagachi,12.98527778,76.03777778,04-02-2026 01:00,3.1
1101,THIMMANAHALLI,CWC,29,Karnataka,539,Hassan,HASSAN,-,-,Cauvery,Cauvery,Yagachi,-,-,Yagachi,12.98527778,76.03777778,09-02-2026 19:00,9.6
1102,THIMMANAHALLI,CWC,29,Karnataka,539,Hassan,HASSAN,-,-,Cauvery,Cauvery,Yagachi,-,-,Yagachi,12.98527778,76.03777778,10-02-2026 00:00,9.6
1103,THIMMANAHALLI,CWC,29,Karnataka,539,Hassan,HASSAN,-,-,Cauvery,Cauvery,Yagachi,-,-,Yagachi,12.98527778,76.03777778,10-02-2026 07:00,9.6
1104,THIMMANAHALLI,CWC,29,Karnataka,539,Hassan,HASSAN,-,-,Cauvery,Cauvery,Yagachi,-,-,Yagachi,12.98527778,76.03777778,24-03-2026 00:00,0.2
1105,THIMMANAHALLI,CWC,29,Karnataka,539,Hassan,HASSAN,-,-,Cauvery,Cauvery,Yagachi,-,-,Yagachi,12.98527778,76.03777778,25-03-2026 00:00,0.8
1106,THIMMANAHALLI,CWC,29,Karnataka,539,Hassan,HASSAN,-,-,Cauvery,Cauvery,Yagachi,-,-,Yagachi,12.98527778,76.03777778,25-03-2026 01:00,0.8
1107,THIMMANAHALLI,CWC,29,Karnataka,539,Hassan,HASSAN,-,-,Cauvery,Cauvery,Yagachi,-,-,Yagachi,12.98527778,76.03777778,25-03-2026 02:00,0.8
1108,THIMMANAHALLI,CWC,29,Karnataka,539,Hassan,HASSAN,-,-,Cauvery,Cauvery,Yagachi,-,-,Yagachi,12.98527778,76.03777778,25-03-2026 04:00,0.4
1109,THIMMANAHALLI,CWC,29,Karnataka,539,Hassan,HASSAN,-,-,Cauvery,Cauvery,Yagachi,-,-,Yagachi,12.98527778,76.03777778,25-03-2026 05:00,0.7
1110,THIMMANAHALLI,CWC,29,Karnataka,539,Hassan,HASSAN,-,-,Cauvery,Cauvery,Yagachi,-,-,Yagachi,12.98527778,76.03777778,25-03-2026 06:00,0.6
1111,THIMMANAHALLI,CWC,29,Karnataka,539,Hassan,HASSAN,-,-,Cauvery,Cauvery,Yagachi,-,-,Yagachi,12.98527778,76.03777778,26-03-2026 02:00,0.6
1112,THIMMANAHALLI,CWC,29,Karnataka,539,Hassan,HASSAN,-,-,Cauvery,Cauvery,Yagachi,-,-,Yagachi,12.98527778,76.03777778,26-03-2026 07:00,2.1
1113,THIMMANAHALLI,CWC,29,Karnataka,539,Hassan,HASSAN,-,-,Cauvery,Cauvery,Yagachi,-,-,Yagachi,12.98527778,76.03777778,26-03-2026 08:00,4.1
1114,THIMMANAHALLI,CWC,29,Karnataka,539,Hassan,HASSAN,-,-,Cauvery,Cauvery,Yagachi,-,-,Yagachi,12.98527778,76.03777778,27-03-2026 02:00,4.7
1115,THIMMANAHALLI,CWC,29,Karnataka,539,Hassan,HASSAN,-,-,Cauvery,Cauvery,Yagachi,-,-,Yagachi,12.98527778,76.03777778,31-03-2026 05:00,21.1
1116,THIMMANAHALLI,CWC,29,Karnataka,539,Hassan,HASSAN,-,-,Cauvery,Cauvery,Yagachi,-,-,Yagachi,12.98527778,76.03777778,31-03-2026 06:00,22
1117,THIMMANAHALLI,CWC,29,Karnataka,539,Hassan,HASSAN,-,-,Cauvery,Cauvery,Yagachi,-,-,Yagachi,12.98527778,76.03777778,31-03-2026 07:00,21
1118,THIMMANAHALLI,CWC,29,Karnataka,539,Hassan,HASSAN,-,-,Cauvery,Cauvery,Yagachi,-,-,Yagachi,12.98527778,76.03777778,31-03-2026 15:00,21.1
1119,THIMMANAHALLI,CWC,29,Karnataka,539,Hassan,HASSAN,-,-,Cauvery,Cauvery,Yagachi,-,-,Yagachi,12.98527778,76.03777778,31-03-2026 19:00,21.5
1120,THIMMANAHALLI,CWC,29,Karnataka,539,Hassan,HASSAN,-,-,Cauvery,Cauvery,Yagachi,-,-,Yagachi,12.98527778,76.03777778,31-03-2026 21:00,22
1121,THIMMANAHALLI,CWC,29,Karnataka,539,Hassan,HASSAN,-,-,Cauvery,Cauvery,Yagachi,-,-,Yagachi,12.98527778,76.03777778,01-04-2026 00:00,22
1122,THIMMANAHALLI,CWC,29,Karnataka,539,Hassan,HASSAN,-,-,Cauvery,Cauvery,Yagachi,-,-,Yagachi,12.98527778,76.03777778,01-04-2026 01:00,22
1123,THIMMANAHALLI,CWC,29,Karnataka,539,Hassan,HASSAN,-,-,Cauvery,Cauvery,Yagachi,-,-,Yagachi,12.98527778,76.03777778,01-04-2026 02:00,22
1124,THIMMANAHALLI,CWC,29,Karnataka,539,Hassan,HASSAN,-,-,Cauvery,Cauvery,Yagachi,-,-,Yagachi,12.98527778,76.03777778,01-04-2026 08:00,57.6
1125,THIMMANAHALLI,CWC,29,Karnataka,539,Hassan,HASSAN,-,-,Cauvery,Cauvery,Yagachi,-,-,Yagachi,12.98527778,76.03777778,01-04-2026 09:00,0.6
1126,THIMMANAHALLI,CWC,29,Karnataka,539,Hassan,HASSAN,-,-,Cauvery,Cauvery,Yagachi,-,-,Yagachi,12.98527778,76.03777778,01-04-2026 21:00,6.4
1127,THIMMANAHALLI,CWC,29,Karnataka,539,Hassan,HASSAN,-,-,Cauvery,Cauvery,Yagachi,-,-,Yagachi,12.98527778,76.03777778,04-04-2026 08:00,35.4
1128,THIMMANAHALLI,CWC,29,Karnataka,539,Hassan,HASSAN,-,-,Cauvery,Cauvery,Yagachi,-,-,Yagachi,12.98527778,76.03777778,04-04-2026 23:00,91.2
1129,THIMMANAHALLI,CWC,29,Karnataka,539,Hassan,HASSAN,-,-,Cauvery,Cauvery,Yagachi,-,-,Yagachi,12.98527778,76.03777778,05-04-2026 02:00,1.6
1130,THIMMANAHALLI,CWC,29,Karnataka,539,Hassan,HASSAN,-,-,Cauvery,Cauvery,Yagachi,-,-,Yagachi,12.98527778,76.03777778,06-04-2026 10:00,38.4
1131,THIMMANAHALLI,CWC,29,Karnataka,539,Hassan,HASSAN,-,-,Cauvery,Cauvery,Yagachi,-,-,Yagachi,12.98527778,76.03777778,06-04-2026 16:00,81.3
1132,THIMMANAHALLI,CWC,29,Karnataka,539,Hassan,HASSAN,-,-,Cauvery,Cauvery,Yagachi,-,-,Yagachi,12.98527778,76.03777778,09-04-2026 10:00,0.7
1133,THIMMANAHALLI,CWC,29,Karnataka,539,Hassan,HASSAN,-,-,Cauvery,Cauvery,Yagachi,-,-,Yagachi,12.98527778,76.03777778,10-04-2026 10:00,55.4
1134,THIMMANAHALLI,CWC,29,Karnataka,539,Hassan,HASSAN,-,-,Cauvery,Cauvery,Yagachi,-,-,Yagachi,12.98527778,76.03777778,15-04-2026 09:00,38.4
1135,THIMMANAHALLI,CWC,29,Karnataka,539,Hassan,HASSAN,-,-,Cauvery,Cauvery,Yagachi,-,-,Yagachi,12.98527778,76.03777778,16-04-2026 00:00,57.6
1136,THIMMANAHALLI,CWC,29,Karnataka,539,Hassan,HASSAN,-,-,Cauvery,Cauvery,Yagachi,-,-,Yagachi,12.98527778,76.03777778,16-04-2026 20:00,0.5
1137,THIMMANAHALLI,CWC,29,Karnataka,539,Hassan,HASSAN,-,-,Cauvery,Cauvery,Yagachi,-,-,Yagachi,12.98527778,76.03777778,16-04-2026 21:00,0.1
1138,THIMMANAHALLI,CWC,29,Karnataka,539,Hassan,HASSAN,-,-,Cauvery,Cauvery,Yagachi,-,-,Yagachi,12.98527778,76.03777778,16-04-2026 22:00,0.5
1139,THIMMANAHALLI,CWC,29,Karnataka,539,Hassan,HASSAN,-,-,Cauvery,Cauvery,Yagachi,-,-,Yagachi,12.98527778,76.03777778,19-04-2026 21:00,0.2
1140,THIMMANAHALLI,CWC,29,Karnataka,539,Hassan,HASSAN,-,-,Cauvery,Cauvery,Yagachi,-,-,Yagachi,12.98527778,76.03777778,19-04-2026 22:00,0.5
1141,THIMMANAHALLI,CWC,29,Karnataka,539,Hassan,HASSAN,-,-,Cauvery,Cauvery,Yagachi,-,-,Yagachi,12.98527778,76.03777778,19-04-2026 23:00,0.1
1142,THIMMANAHALLI,CWC,29,Karnataka,539,Hassan,HASSAN,-,-,Cauvery,Cauvery,Yagachi,-,-,Yagachi,12.98527778,76.03777778,20-04-2026 00:00,0.3
1143,THIMMANAHALLI,CWC,29,Karnataka,539,Hassan,HASSAN,-,-,Cauvery,Cauvery,Yagachi,-,-,Yagachi,12.98527778,76.03777778,20-04-2026 02:00,0.3
1144,THIMMANAHALLI,CWC,29,Karnataka,539,Hassan,HASSAN,-,-,Cauvery,Cauvery,Yagachi,-,-,Yagachi,12.98527778,76.03777778,22-04-2026 09:00,76.8
1145,THIMMANAHALLI,CWC,29,Karnataka,539,Hassan,HASSAN,-,-,Cauvery,Cauvery,Yagachi,-,-,Yagachi,12.98527778,76.03777778,23-04-2026 05:00,3.8
1146,THIMMANAHALLI,CWC,29,Karnataka,539,Hassan,HASSAN,-,-,Cauvery,Cauvery,Yagachi,-,-,Yagachi,12.98527778,76.03777778,23-04-2026 06:00,7.7
1147,THIMMANAHALLI,CWC,29,Karnataka,539,Hassan,HASSAN,-,-,Cauvery,Cauvery,Yagachi,-,-,Yagachi,12.98527778,76.03777778,23-04-2026 07:00,1.5
1148,THIMMANAHALLI,CWC,29,Karnataka,539,Hassan,HASSAN,-,-,Cauvery,Cauvery,Yagachi,-,-,Yagachi,12.98527778,76.03777778,23-04-2026 11:00,4.6
1149,THIMMANAHALLI,CWC,29,Karnataka,539,Hassan,HASSAN,-,-,Cauvery,Cauvery,Yagachi,-,-,Yagachi,12.98527778,76.03777778,23-04-2026 14:00,4.6
1150,THIMMANAHALLI,CWC,29,Karnataka,539,Hassan,HASSAN,-,-,Cauvery,Cauvery,Yagachi,-,-,Yagachi,12.98527778,76.03777778,23-04-2026 19:00,4.6
1151,THIMMANAHALLI,CWC,29,Karnataka,539,Hassan,HASSAN,-,-,Cauvery,Cauvery,Yagachi,-,-,Yagachi,12.98527778,76.03777778,23-04-2026 21:00,4.6
1152,THIMMANAHALLI,CWC,29,Karnataka,539,Hassan,HASSAN,-,-,Cauvery,Cauvery,Yagachi,-,-,Yagachi,12.98527778,76.03777778,23-04-2026 22:00,4.6
1153,THIMMANAHALLI,CWC,29,Karnataka,539,Hassan,HASSAN,-,-,Cauvery,Cauvery,Yagachi,-,-,Yagachi,12.98527778,76.03777778,24-04-2026 00:00,4.6
1154,THIMMANAHALLI,CWC,29,Karnataka,539,Hassan,HASSAN,-,-,Cauvery,Cauvery,Yagachi,-,-,Yagachi,12.98527778,76.03777778,24-04-2026 22:00,0.8
1155,THIMMANAHALLI,CWC,29,Karnataka,539,Hassan,HASSAN,-,-,Cauvery,Cauvery,Yagachi,-,-,Yagachi,12.98527778,76.03777778,25-04-2026 00:00,0.1
1156,THIMMANAHALLI,CWC,29,Karnataka,539,Hassan,HASSAN,-,-,Cauvery,Cauvery,Yagachi,-,-,Yagachi,12.98527778,76.03777778,25-04-2026 01:00,0.2
1157,THIMMANAHALLI,CWC,29,Karnataka,539,Hassan,HASSAN,-,-,Cauvery,Cauvery,Yagachi,-,-,Yagachi,12.98527778,76.03777778,25-04-2026 03:00,0.1
1158,THIMMANAHALLI,CWC,29,Karnataka,539,Hassan,HASSAN,-,-,Cauvery,Cauvery,Yagachi,-,-,Yagachi,12.98527778,76.03777778,25-04-2026 16:00,0.1
1159,THIMMANAHALLI,CWC,29,Karnataka,539,Hassan,HASSAN,-,-,Cauvery,Cauvery,Yagachi,-,-,Yagachi,12.98527778,76.03777778,25-04-2026 17:00,0.2
1160,THIMMANAHALLI,CWC,29,Karnataka,539,Hassan,HASSAN,-,-,Cauvery,Cauvery,Yagachi,-,-,Yagachi,12.98527778,76.03777778,25-04-2026 18:00,0.2
1161,THIMMANAHALLI,CWC,29,Karnataka,539,Hassan,HASSAN,-,-,Cauvery,Cauvery,Yagachi,-,-,Yagachi,12.98527778,76.03777778,25-04-2026 19:00,0.2
1162,THIMMANAHALLI,CWC,29,Karnataka,539,Hassan,HASSAN,-,-,Cauvery,Cauvery,Yagachi,-,-,Yagachi,12.98527778,76.03777778,25-04-2026 22:00,0.2
1163,THIMMANAHALLI,CWC,29,Karnataka,539,Hassan,HASSAN,-,-,Cauvery,Cauvery,Yagachi,-,-,Yagachi,12.98527778,76.03777778,26-04-2026 00:00,0.2
1164,THIMMANAHALLI,CWC,29,Karnataka,539,Hassan,HASSAN,-,-,Cauvery,Cauvery,Yagachi,-,-,Yagachi,12.98527778,76.03777778,26-04-2026 09:00,0.1
1165,THIMMANAHALLI,CWC,29,Karnataka,539,Hassan,HASSAN,-,-,Cauvery,Cauvery,Yagachi,-,-,Yagachi,12.98527778,76.03777778,26-04-2026 11:00,0.1
1166,THIMMANAHALLI,CWC,29,Karnataka,539,Hassan,HASSAN,-,-,Cauvery,Cauvery,Yagachi,-,-,Yagachi,12.98527778,76.03777778,26-04-2026 12:00,0.1
1167,THIMMANAHALLI,CWC,29,Karnataka,539,Hassan,HASSAN,-,-,Cauvery,Cauvery,Yagachi,-,-,Yagachi,12.98527778,76.03777778,26-04-2026 13:00,0.2
1168,THIMMANAHALLI,CWC,29,Karnataka,539,Hassan,HASSAN,-,-,Cauvery,Cauvery,Yagachi,-,-,Yagachi,12.98527778,76.03777778,26-04-2026 14:00,0.2
1169,THIMMANAHALLI,CWC,29,Karnataka,539,Hassan,HASSAN,-,-,Cauvery,Cauvery,Yagachi,-,-,Yagachi,12.98527778,76.03777778,26-04-2026 16:00,0.2
1170,THIMMANAHALLI,CWC,29,Karnataka,539,Hassan,HASSAN,-,-,Cauvery,Cauvery,Yagachi,-,-,Yagachi,12.98527778,76.03777778,26-04-2026 18:00,0.2
1171,THIMMANAHALLI,CWC,29,Karnataka,539,Hassan,HASSAN,-,-,Cauvery,Cauvery,Yagachi,-,-,Yagachi,12.98527778,76.03777778,26-04-2026 19:00,0.3
1172,THIMMANAHALLI,CWC,29,Karnataka,539,Hassan,HASSAN,-,-,Cauvery,Cauvery,Yagachi,-,-,Yagachi,12.98527778,76.03777778,26-04-2026 20:00,0.3
1173,THIMMANAHALLI,CWC,29,Karnataka,539,Hassan,HASSAN,-,-,Cauvery,Cauvery,Yagachi,-,-,Yagachi,12.98527778,76.03777778,27-04-2026 06:00,0.1
1174,THIMMANAHALLI,CWC,29,Karnataka,539,Hassan,HASSAN,-,-,Cauvery,Cauvery,Yagachi,-,-,Yagachi,12.98527778,76.03777778,28-04-2026 02:00,0.1
1175,THIMMANAHALLI,CWC,29,Karnataka,539,Hassan,HASSAN,-,-,Cauvery,Cauvery,Yagachi,-,-,Yagachi,12.98527778,76.03777778,28-04-2026 04:00,0.2
1176,THIMMANAHALLI,CWC,29,Karnataka,539,Hassan,HASSAN,-,-,Cauvery,Cauvery,Yagachi,-,-,Yagachi,12.98527778,76.03777778,28-04-2026 05:00,0.4
1177,THIMMANAHALLI,CWC,29,Karnataka,539,Hassan,HASSAN,-,-,Cauvery,Cauvery,Yagachi,-,-,Yagachi,12.98527778,76.03777778,28-04-2026 11:00,0.2
1178,THIMMANAHALLI,CWC,29,Karnataka,539,Hassan,HASSAN,-,-,Cauvery,Cauvery,Yagachi,-,-,Yagachi,12.98527778,76.03777778,28-04-2026 13:00,0.2
1179,THIMMANAHALLI,CWC,29,Karnataka,539,Hassan,HASSAN,-,-,Cauvery,Cauvery,Yagachi,-,-,Yagachi,12.98527778,76.03777778,28-04-2026 15:00,0.8
1180,THIMMANAHALLI,CWC,29,Karnataka,539,Hassan,HASSAN,-,-,Cauvery,Cauvery,Yagachi,-,-,Yagachi,12.98527778,76.03777778,28-04-2026 16:00,1.2
1181,THIMMANAHALLI,CWC,29,Karnataka,539,Hassan,HASSAN,-,-,Cauvery,Cauvery,Yagachi,-,-,Yagachi,12.98527778,76.03777778,28-04-2026 17:00,0.3
1182,THIMMANAHALLI,CWC,29,Karnataka,539,Hassan,HASSAN,-,-,Cauvery,Cauvery,Yagachi,-,-,Yagachi,12.98527778,76.03777778,28-04-2026 18:00,7.7
1183,THIMMANAHALLI,CWC,29,Karnataka,539,Hassan,HASSAN,-,-,Cauvery,Cauvery,Yagachi,-,-,Yagachi,12.98527778,76.03777778,28-04-2026 19:00,1.6
1184,THIMMANAHALLI,CWC,29,Karnataka,539,Hassan,HASSAN,-,-,Cauvery,Cauvery,Yagachi,-,-,Yagachi,12.98527778,76.03777778,28-04-2026 20:00,0.3
1185,THIMMANAHALLI,CWC,29,Karnataka,539,Hassan,HASSAN,-,-,Cauvery,Cauvery,Yagachi,-,-,Yagachi,12.98527778,76.03777778,28-04-2026 21:00,0.6
1186,THIMMANAHALLI,CWC,29,Karnataka,539,Hassan,HASSAN,-,-,Cauvery,Cauvery,Yagachi,-,-,Yagachi,12.98527778,76.03777778,28-04-2026 22:00,2
1187,THIMMANAHALLI,CWC,29,Karnataka,539,Hassan,HASSAN,-,-,Cauvery,Cauvery,Yagachi,-,-,Yagachi,12.98527778,76.03777778,29-04-2026 02:00,0.1
1188,THIMMANAHALLI,CWC,29,Karnataka,539,Hassan,HASSAN,-,-,Cauvery,Cauvery,Yagachi,-,-,Yagachi,12.98527778,76.03777778,10-05-2026 10:00,3.9
1189,THIMMANAHALLI,CWC,29,Karnataka,539,Hassan,HASSAN,-,-,Cauvery,Cauvery,Yagachi,-,-,Yagachi,12.98527778,76.03777778,01-06-2026 07:00,1.7
1190,T.K.HALLI,CWC,29,Karnataka,544,Mandya,MALVALLI,-,-,Cauvery,Cauvery,Shimsha,-,-,Shimsha,12.41194444,77.19277778,07-01-2026 05:00,65.6
1191,T.K.HALLI,CWC,29,Karnataka,544,Mandya,MALVALLI,-,-,Cauvery,Cauvery,Shimsha,-,-,Shimsha,12.41194444,77.19277778,09-01-2026 03:00,64
1192,T.K.HALLI,CWC,29,Karnataka,544,Mandya,MALVALLI,-,-,Cauvery,Cauvery,Shimsha,-,-,Shimsha,12.41194444,77.19277778,14-01-2026 02:00,12.8
1193,T.K.HALLI,CWC,29,Karnataka,544,Mandya,MALVALLI,-,-,Cauvery,Cauvery,Shimsha,-,-,Shimsha,12.41194444,77.19277778,08-02-2026 04:00,64
1194,T.K.HALLI,CWC,29,Karnataka,544,Mandya,MALVALLI,-,-,Cauvery,Cauvery,Shimsha,-,-,Shimsha,12.41194444,77.19277778,04-04-2026 20:00,7.4
1195,T.K.HALLI,CWC,29,Karnataka,544,Mandya,MALVALLI,-,-,Cauvery,Cauvery,Shimsha,-,-,Shimsha,12.41194444,77.19277778,06-04-2026 01:00,64.4
1196,T.K.HALLI,CWC,29,Karnataka,544,Mandya,MALVALLI,-,-,Cauvery,Cauvery,Shimsha,-,-,Shimsha,12.41194444,77.19277778,07-04-2026 02:00,57.6
1197,T.K.HALLI,CWC,29,Karnataka,544,Mandya,MALVALLI,-,-,Cauvery,Cauvery,Shimsha,-,-,Shimsha,12.41194444,77.19277778,07-04-2026 03:00,0.1
1198,T.K.HALLI,CWC,29,Karnataka,544,Mandya,MALVALLI,-,-,Cauvery,Cauvery,Shimsha,-,-,Shimsha,12.41194444,77.19277778,07-04-2026 18:00,0.9
1199,T.K.HALLI,CWC,29,Karnataka,544,Mandya,MALVALLI,-,-,Cauvery,Cauvery,Shimsha,-,-,Shimsha,12.41194444,77.19277778,09-04-2026 03:00,2
1200,T.K.HALLI,CWC,29,Karnataka,544,Mandya,MALVALLI,-,-,Cauvery,Cauvery,Shimsha,-,-,Shimsha,12.41194444,77.19277778,10-04-2026 01:00,1.9
1201,T.K.HALLI,CWC,29,Karnataka,544,Mandya,MALVALLI,-,-,Cauvery,Cauvery,Shimsha,-,-,Shimsha,12.41194444,77.19277778,10-04-2026 10:00,1.2
1202,T.K.HALLI,CWC,29,Karnataka,544,Mandya,MALVALLI,-,-,Cauvery,Cauvery,Shimsha,-,-,Shimsha,12.41194444,77.19277778,10-04-2026 14:00,57.6
1203,T.K.HALLI,CWC,29,Karnataka,544,Mandya,MALVALLI,-,-,Cauvery,Cauvery,Shimsha,-,-,Shimsha,12.41194444,77.19277778,10-04-2026 15:00,61.1
1204,T.K.HALLI,CWC,29,Karnataka,544,Mandya,MALVALLI,-,-,Cauvery,Cauvery,Shimsha,-,-,Shimsha,12.41194444,77.19277778,11-04-2026 06:00,12.8
1205,T.K.HALLI,CWC,29,Karnataka,544,Mandya,MALVALLI,-,-,Cauvery,Cauvery,Shimsha,-,-,Shimsha,12.41194444,77.19277778,13-04-2026 17:00,1.5
1206,T.K.HALLI,CWC,29,Karnataka,544,Mandya,MALVALLI,-,-,Cauvery,Cauvery,Shimsha,-,-,Shimsha,12.41194444,77.19277778,19-04-2026 13:00,3.4
1207,T.K.HALLI,CWC,29,Karnataka,544,Mandya,MALVALLI,-,-,Cauvery,Cauvery,Shimsha,-,-,Shimsha,12.41194444,77.19277778,24-04-2026 03:00,67.3
1208,T.K.HALLI,CWC,29,Karnataka,544,Mandya,MALVALLI,-,-,Cauvery,Cauvery,Shimsha,-,-,Shimsha,12.41194444,77.19277778,29-04-2026 21:00,38.8
1209,T.K.HALLI,CWC,29,Karnataka,544,Mandya,MALVALLI,-,-,Cauvery,Cauvery,Shimsha,-,-,Shimsha,12.41194444,77.19277778,30-04-2026 02:00,38.4
1210,T.K.HALLI,CWC,29,Karnataka,544,Mandya,MALVALLI,-,-,Cauvery,Cauvery,Shimsha,-,-,Shimsha,12.41194444,77.19277778,10-05-2026 08:00,2.3
1211,T.K.HALLI,CWC,29,Karnataka,544,Mandya,MALVALLI,-,-,Cauvery,Cauvery,Shimsha,-,-,Shimsha,12.41194444,77.19277778,15-05-2026 01:00,2.4
1212,T.K.HALLI,CWC,29,Karnataka,544,Mandya,MALVALLI,-,-,Cauvery,Cauvery,Shimsha,-,-,Shimsha,12.41194444,77.19277778,18-05-2026 01:00,0.1
1213,T.K.HALLI,CWC,29,Karnataka,544,Mandya,MALVALLI,-,-,Cauvery,Cauvery,Shimsha,-,-,Shimsha,12.41194444,77.19277778,18-05-2026 02:00,0.1
1214,T.K.HALLI,CWC,29,Karnataka,544,Mandya,MALVALLI,-,-,Cauvery,Cauvery,Shimsha,-,-,Shimsha,12.41194444,77.19277778,29-05-2026 01:00,0.1
1215,T.K.HALLI,CWC,29,Karnataka,544,Mandya,MALVALLI,-,-,Cauvery,Cauvery,Shimsha,-,-,Shimsha,12.41194444,77.19277778,29-05-2026 15:00,0.3
1216,T.K.HALLI,CWC,29,Karnataka,544,Mandya,MALVALLI,-,-,Cauvery,Cauvery,Shimsha,-,-,Shimsha,12.41194444,77.19277778,30-05-2026 02:00,2.3
1217,T.K.HALLI,CWC,29,Karnataka,544,Mandya,MALVALLI,-,-,Cauvery,Cauvery,Shimsha,-,-,Shimsha,12.41194444,77.19277778,31-05-2026 08:00,5.1
1218,T.K.HALLI,CWC,29,Karnataka,544,Mandya,MALVALLI,-,-,Cauvery,Cauvery,Shimsha,-,-,Shimsha,12.41194444,77.19277778,01-06-2026 02:00,2.9
1219,T.K.HALLI,CWC,29,Karnataka,544,Mandya,MALVALLI,-,-,Cauvery,Cauvery,Shimsha,-,-,Shimsha,12.41194444,77.19277778,02-06-2026 09:00,8
1220,T.K.HALLI,CWC,29,Karnataka,544,Mandya,MALVALLI,-,-,Cauvery,Cauvery,Shimsha,-,-,Shimsha,12.41194444,77.19277778,03-06-2026 12:00,38.5
1221,Tungabhadra Dam,CWC,29,Karnataka,528,Bellary,BELLARY,-,-,Krishna,Krishna,Tungabhadra,-,-,Tungabhadra,15.26000000,76.34000000,05-01-2026 19:00,204
1222,Tungabhadra Dam,CWC,29,Karnataka,528,Bellary,BELLARY,-,-,Krishna,Krishna,Tungabhadra,-,-,Tungabhadra,15.26000000,76.34000000,15-01-2026 02:00,33
1223,Tungabhadra Dam,CWC,29,Karnataka,528,Bellary,BELLARY,-,-,Krishna,Krishna,Tungabhadra,-,-,Tungabhadra,15.26000000,76.34000000,05-02-2026 23:00,170
1224,Tungabhadra Dam,CWC,29,Karnataka,528,Bellary,BELLARY,-,-,Krishna,Krishna,Tungabhadra,-,-,Tungabhadra,15.26000000,76.34000000,12-02-2026 07:00,20
1225,Tungabhadra Dam,CWC,29,Karnataka,528,Bellary,BELLARY,-,-,Krishna,Krishna,Tungabhadra,-,-,Tungabhadra,15.26000000,76.34000000,19-03-2026 04:00,1.5
1226,Tungabhadra Dam,CWC,29,Karnataka,528,Bellary,BELLARY,-,-,Krishna,Krishna,Tungabhadra,-,-,Tungabhadra,15.26000000,76.34000000,19-03-2026 05:00,0.5
1227,Tungabhadra Dam,CWC,29,Karnataka,528,Bellary,BELLARY,-,-,Krishna,Krishna,Tungabhadra,-,-,Tungabhadra,15.26000000,76.34000000,30-03-2026 16:00,257
1228,Tungabhadra Dam,CWC,29,Karnataka,528,Bellary,BELLARY,-,-,Krishna,Krishna,Tungabhadra,-,-,Tungabhadra,15.26000000,76.34000000,06-04-2026 15:00,3
1229,Tungabhadra Dam,CWC,29,Karnataka,528,Bellary,BELLARY,-,-,Krishna,Krishna,Tungabhadra,-,-,Tungabhadra,15.26000000,76.34000000,09-04-2026 01:00,275
1230,Tungabhadra Dam,CWC,29,Karnataka,528,Bellary,BELLARY,-,-,Krishna,Krishna,Tungabhadra,-,-,Tungabhadra,15.26000000,76.34000000,09-04-2026 15:00,80.5
1231,Tungabhadra Dam,CWC,29,Karnataka,528,Bellary,BELLARY,-,-,Krishna,Krishna,Tungabhadra,-,-,Tungabhadra,15.26000000,76.34000000,29-04-2026 02:00,0.5
1232,Tungabhadra Dam,CWC,29,Karnataka,528,Bellary,BELLARY,-,-,Krishna,Krishna,Tungabhadra,-,-,Tungabhadra,15.26000000,76.34000000,29-04-2026 04:00,0.5
1233,Tungabhadra Dam,CWC,29,Karnataka,528,Bellary,BELLARY,-,-,Krishna,Krishna,Tungabhadra,-,-,Tungabhadra,15.26000000,76.34000000,29-04-2026 05:00,0.5
1234,Tungabhadra Dam,CWC,29,Karnataka,528,Bellary,BELLARY,-,-,Krishna,Krishna,Tungabhadra,-,-,Tungabhadra,15.26000000,76.34000000,29-04-2026 09:00,1
1235,Tungabhadra Dam,CWC,29,Karnataka,528,Bellary,BELLARY,-,-,Krishna,Krishna,Tungabhadra,-,-,Tungabhadra,15.26000000,76.34000000,29-04-2026 11:00,1
1236,Tungabhadra Dam,CWC,29,Karnataka,528,Bellary,BELLARY,-,-,Krishna,Krishna,Tungabhadra,-,-,Tungabhadra,15.26000000,76.34000000,29-04-2026 13:00,1.5
1237,Tungabhadra Dam,CWC,29,Karnataka,528,Bellary,BELLARY,-,-,Krishna,Krishna,Tungabhadra,-,-,Tungabhadra,15.26000000,76.34000000,29-04-2026 19:00,1.5
1238,Tungabhadra Dam,CWC,29,Karnataka,528,Bellary,BELLARY,-,-,Krishna,Krishna,Tungabhadra,-,-,Tungabhadra,15.26000000,76.34000000,14-05-2026 11:00,0.5
1239,Tungabhadra Dam,CWC,29,Karnataka,528,Bellary,BELLARY,-,-,Krishna,Krishna,Tungabhadra,-,-,Tungabhadra,15.26000000,76.34000000,14-05-2026 21:00,1
1240,Tungabhadra Dam,CWC,29,Karnataka,528,Bellary,BELLARY,-,-,Krishna,Krishna,Tungabhadra,-,-,Tungabhadra,15.26000000,76.34000000,14-05-2026 22:00,1
1241,Tungabhadra Dam,CWC,29,Karnataka,528,Bellary,BELLARY,-,-,Krishna,Krishna,Tungabhadra,-,-,Tungabhadra,15.26000000,76.34000000,14-05-2026 23:00,1
1242,Tungabhadra Dam,CWC,29,Karnataka,528,Bellary,BELLARY,-,-,Krishna,Krishna,Tungabhadra,-,-,Tungabhadra,15.26000000,76.34000000,23-05-2026 23:00,23.5
1243,Tungabhadra Dam,CWC,29,Karnataka,528,Bellary,BELLARY,-,-,Krishna,Krishna,Tungabhadra,-,-,Tungabhadra,15.26000000,76.34000000,24-05-2026 00:00,5.5
1244,Tungabhadra Dam,CWC,29,Karnataka,528,Bellary,BELLARY,-,-,Krishna,Krishna,Tungabhadra,-,-,Tungabhadra,15.26000000,76.34000000,24-05-2026 01:00,2
1245,Tungabhadra Dam,CWC,29,Karnataka,528,Bellary,BELLARY,-,-,Krishna,Krishna,Tungabhadra,-,-,Tungabhadra,15.26000000,76.34000000,24-05-2026 04:00,1
1246,Tungabhadra Dam,CWC,29,Karnataka,528,Bellary,BELLARY,-,-,Krishna,Krishna,Tungabhadra,-,-,Tungabhadra,15.26000000,76.34000000,24-05-2026 07:00,1
1247,Tungabhadra Dam,CWC,29,Karnataka,528,Bellary,BELLARY,-,-,Krishna,Krishna,Tungabhadra,-,-,Tungabhadra,15.26000000,76.34000000,24-05-2026 12:00,1
1248,Tungabhadra Dam,CWC,29,Karnataka,528,Bellary,BELLARY,-,-,Krishna,Krishna,Tungabhadra,-,-,Tungabhadra,15.26000000,76.34000000,24-05-2026 13:00,1
1249,Tungabhadra Dam,CWC,29,Karnataka,528,Bellary,BELLARY,-,-,Krishna,Krishna,Tungabhadra,-,-,Tungabhadra,15.26000000,76.34000000,24-05-2026 14:00,1
1250,Tungabhadra Dam,CWC,29,Karnataka,528,Bellary,BELLARY,-,-,Krishna,Krishna,Tungabhadra,-,-,Tungabhadra,15.26000000,76.34000000,24-05-2026 15:00,273
1251,Tungabhadra Dam,CWC,29,Karnataka,528,Bellary,BELLARY,-,-,Krishna,Krishna,Tungabhadra,-,-,Tungabhadra,15.26000000,76.34000000,24-05-2026 16:00,1
1252,Tungabhadra Dam,CWC,29,Karnataka,528,Bellary,BELLARY,-,-,Krishna,Krishna,Tungabhadra,-,-,Tungabhadra,15.26000000,76.34000000,24-05-2026 17:00,1
1253,Tungabhadra Dam,CWC,29,Karnataka,528,Bellary,BELLARY,-,-,Krishna,Krishna,Tungabhadra,-,-,Tungabhadra,15.26000000,76.34000000,24-05-2026 18:00,1
1254,Tungabhadra Dam,CWC,29,Karnataka,528,Bellary,BELLARY,-,-,Krishna,Krishna,Tungabhadra,-,-,Tungabhadra,15.26000000,76.34000000,24-05-2026 19:00,1
1255,Tungabhadra Dam,CWC,29,Karnataka,528,Bellary,BELLARY,-,-,Krishna,Krishna,Tungabhadra,-,-,Tungabhadra,15.26000000,76.34000000,24-05-2026 20:00,1
1256,Tungabhadra Dam,CWC,29,Karnataka,528,Bellary,BELLARY,-,-,Krishna,Krishna,Tungabhadra,-,-,Tungabhadra,15.26000000,76.34000000,24-05-2026 21:00,1
1257,Tungabhadra Dam,CWC,29,Karnataka,528,Bellary,BELLARY,-,-,Krishna,Krishna,Tungabhadra,-,-,Tungabhadra,15.26000000,76.34000000,24-05-2026 22:00,1
1258,Tungabhadra Dam,CWC,29,Karnataka,528,Bellary,BELLARY,-,-,Krishna,Krishna,Tungabhadra,-,-,Tungabhadra,15.26000000,76.34000000,24-05-2026 23:00,1
1259,Tungabhadra Dam,CWC,29,Karnataka,528,Bellary,BELLARY,-,-,Krishna,Krishna,Tungabhadra,-,-,Tungabhadra,15.26000000,76.34000000,27-05-2026 14:00,1.5
1260,Tungabhadra Dam,CWC,29,Karnataka,528,Bellary,BELLARY,-,-,Krishna,Krishna,Tungabhadra,-,-,Tungabhadra,15.26000000,76.34000000,27-05-2026 16:00,1.5
1261,Tungabhadra Dam,CWC,29,Karnataka,528,Bellary,BELLARY,-,-,Krishna,Krishna,Tungabhadra,-,-,Tungabhadra,15.26000000,76.34000000,27-05-2026 17:00,1.5
1262,Tungabhadra Dam,CWC,29,Karnataka,528,Bellary,BELLARY,-,-,Krishna,Krishna,Tungabhadra,-,-,Tungabhadra,15.26000000,76.34000000,27-05-2026 19:00,1.5
1263,Tungabhadra Dam,CWC,29,Karnataka,528,Bellary,BELLARY,-,-,Krishna,Krishna,Tungabhadra,-,-,Tungabhadra,15.26000000,76.34000000,27-05-2026 22:00,1.5
1264,Tungabhadra Dam,CWC,29,Karnataka,528,Bellary,BELLARY,-,-,Krishna,Krishna,Tungabhadra,-,-,Tungabhadra,15.26000000,76.34000000,30-05-2026 23:00,250.5
1265,Tungabhadra Dam,CWC,29,Karnataka,528,Bellary,BELLARY,-,-,Krishna,Krishna,Tungabhadra,-,-,Tungabhadra,15.26000000,76.34000000,31-05-2026 12:00,39
1266,Tungabhadra Dam,CWC,29,Karnataka,528,Bellary,BELLARY,-,-,Krishna,Krishna,Tungabhadra,-,-,Tungabhadra,15.26000000,76.34000000,03-06-2026 16:00,0.5
1267,Tungabhadra Dam,CWC,29,Karnataka,528,Bellary,BELLARY,-,-,Krishna,Krishna,Tungabhadra,-,-,Tungabhadra,15.26000000,76.34000000,03-06-2026 17:00,0.5
1268,Tungabhadra Dam,CWC,29,Karnataka,528,Bellary,BELLARY,-,-,Krishna,Krishna,Tungabhadra,-,-,Tungabhadra,15.26000000,76.34000000,03-06-2026 18:00,0.5
1269,Tungabhadra Dam,CWC,29,Karnataka,528,Bellary,BELLARY,-,-,Krishna,Krishna,Tungabhadra,-,-,Tungabhadra,15.26000000,76.34000000,03-06-2026 19:00,0.5
1270,Tungabhadra Dam,CWC,29,Karnataka,528,Bellary,BELLARY,-,-,Krishna,Krishna,Tungabhadra,-,-,Tungabhadra,15.26000000,76.34000000,03-06-2026 20:00,0.5
1271,Tungabhadra Dam,CWC,29,Karnataka,528,Bellary,BELLARY,-,-,Krishna,Krishna,Tungabhadra,-,-,Tungabhadra,15.26000000,76.34000000,03-06-2026 21:00,0.5
1272,Tungabhadra Dam,CWC,29,Karnataka,528,Bellary,BELLARY,-,-,Krishna,Krishna,Tungabhadra,-,-,Tungabhadra,15.26000000,76.34000000,03-06-2026 22:00,0.5
1273,Tungabhadra Dam,CWC,29,Karnataka,528,Bellary,BELLARY,-,-,Krishna,Krishna,Tungabhadra,-,-,Tungabhadra,15.26000000,76.34000000,03-06-2026 23:00,0.5
