SlNo,Station,Agency,State LGD Code,State,District LGD Code,District,Tehsil,Block,Village,River,Basin,Tributary,Subtributary,SubSubtributary,Local River,Latitude,Longitude,Data Acquisition Time,Telemetry Hourly Rainfall (mm)
1,Doyang Hep Reservoir,CWC,13,Nagaland,250,WOKHA,WOKHA,-,-,Dhansiri,Brahmaputra,BRAHMAPUTRA,BRAHMAPUTRA,BRAMAPUTRA,Dhansiri,26.23000000,94.26083333,21-01-2021 09:30,3
2,Doyang Hep Reservoir,CWC,13,Nagaland,250,WOKHA,WOKHA,-,-,Dhansiri,Brahmaputra,BRAHMAPUTRA,BRAHMAPUTRA,BRAMAPUTRA,Dhansiri,26.23000000,94.26083333,21-01-2021 10:30,2.5
3,Doyang Hep Reservoir,CWC,13,Nagaland,250,WOKHA,WOKHA,-,-,Dhansiri,Brahmaputra,BRAHMAPUTRA,BRAHMAPUTRA,BRAMAPUTRA,Dhansiri,26.23000000,94.26083333,21-01-2021 11:30,2.5
4,Doyang Hep Reservoir,CWC,13,Nagaland,250,WOKHA,WOKHA,-,-,Dhansiri,Brahmaputra,BRAHMAPUTRA,BRAHMAPUTRA,BRAMAPUTRA,Dhansiri,26.23000000,94.26083333,25-02-2021 20:30,0.5
5,Doyang Hep Reservoir,CWC,13,Nagaland,250,WOKHA,WOKHA,-,-,Dhansiri,Brahmaputra,BRAHMAPUTRA,BRAHMAPUTRA,BRAMAPUTRA,Dhansiri,26.23000000,94.26083333,25-02-2021 21:30,0.5
6,Doyang Hep Reservoir,CWC,13,Nagaland,250,WOKHA,WOKHA,-,-,Dhansiri,Brahmaputra,BRAHMAPUTRA,BRAHMAPUTRA,BRAMAPUTRA,Dhansiri,26.23000000,94.26083333,25-02-2021 22:30,0.5
7,Doyang Hep Reservoir,CWC,13,Nagaland,250,WOKHA,WOKHA,-,-,Dhansiri,Brahmaputra,BRAHMAPUTRA,BRAHMAPUTRA,BRAMAPUTRA,Dhansiri,26.23000000,94.26083333,28-02-2021 07:30,0.5
8,Doyang Hep Reservoir,CWC,13,Nagaland,250,WOKHA,WOKHA,-,-,Dhansiri,Brahmaputra,BRAHMAPUTRA,BRAHMAPUTRA,BRAMAPUTRA,Dhansiri,26.23000000,94.26083333,04-03-2021 10:30,0.5
9,Doyang Hep Reservoir,CWC,13,Nagaland,250,WOKHA,WOKHA,-,-,Dhansiri,Brahmaputra,BRAHMAPUTRA,BRAHMAPUTRA,BRAMAPUTRA,Dhansiri,26.23000000,94.26083333,12-03-2021 23:30,0.5
10,Doyang Hep Reservoir,CWC,13,Nagaland,250,WOKHA,WOKHA,-,-,Dhansiri,Brahmaputra,BRAHMAPUTRA,BRAHMAPUTRA,BRAMAPUTRA,Dhansiri,26.23000000,94.26083333,13-03-2021 20:30,0.5
11,Doyang Hep Reservoir,CWC,13,Nagaland,250,WOKHA,WOKHA,-,-,Dhansiri,Brahmaputra,BRAHMAPUTRA,BRAHMAPUTRA,BRAMAPUTRA,Dhansiri,26.23000000,94.26083333,14-03-2021 05:30,0.5
12,Doyang Hep Reservoir,CWC,13,Nagaland,250,WOKHA,WOKHA,-,-,Dhansiri,Brahmaputra,BRAHMAPUTRA,BRAHMAPUTRA,BRAMAPUTRA,Dhansiri,26.23000000,94.26083333,14-03-2021 12:30,0.5
13,Doyang Hep Reservoir,CWC,13,Nagaland,250,WOKHA,WOKHA,-,-,Dhansiri,Brahmaputra,BRAHMAPUTRA,BRAHMAPUTRA,BRAMAPUTRA,Dhansiri,26.23000000,94.26083333,16-03-2021 06:30,0.5
14,Doyang Hep Reservoir,CWC,13,Nagaland,250,WOKHA,WOKHA,-,-,Dhansiri,Brahmaputra,BRAHMAPUTRA,BRAHMAPUTRA,BRAMAPUTRA,Dhansiri,26.23000000,94.26083333,17-03-2021 16:30,0.5
15,Doyang Hep Reservoir,CWC,13,Nagaland,250,WOKHA,WOKHA,-,-,Dhansiri,Brahmaputra,BRAHMAPUTRA,BRAHMAPUTRA,BRAMAPUTRA,Dhansiri,26.23000000,94.26083333,18-03-2021 21:30,0.5
16,Doyang Hep Reservoir,CWC,13,Nagaland,250,WOKHA,WOKHA,-,-,Dhansiri,Brahmaputra,BRAHMAPUTRA,BRAHMAPUTRA,BRAMAPUTRA,Dhansiri,26.23000000,94.26083333,22-03-2021 07:30,0.5
17,Doyang Hep Reservoir,CWC,13,Nagaland,250,WOKHA,WOKHA,-,-,Dhansiri,Brahmaputra,BRAHMAPUTRA,BRAHMAPUTRA,BRAMAPUTRA,Dhansiri,26.23000000,94.26083333,29-03-2021 17:00,0.5
18,Doyang Hep Reservoir,CWC,13,Nagaland,250,WOKHA,WOKHA,-,-,Dhansiri,Brahmaputra,BRAHMAPUTRA,BRAHMAPUTRA,BRAMAPUTRA,Dhansiri,26.23000000,94.26083333,29-03-2021 22:30,0.5
19,Doyang Hep Reservoir,CWC,13,Nagaland,250,WOKHA,WOKHA,-,-,Dhansiri,Brahmaputra,BRAHMAPUTRA,BRAHMAPUTRA,BRAMAPUTRA,Dhansiri,26.23000000,94.26083333,30-03-2021 00:00,0.5
20,Doyang Hep Reservoir,CWC,13,Nagaland,250,WOKHA,WOKHA,-,-,Dhansiri,Brahmaputra,BRAHMAPUTRA,BRAHMAPUTRA,BRAMAPUTRA,Dhansiri,26.23000000,94.26083333,30-03-2021 01:00,0.5
21,Doyang Hep Reservoir,CWC,13,Nagaland,250,WOKHA,WOKHA,-,-,Dhansiri,Brahmaputra,BRAHMAPUTRA,BRAHMAPUTRA,BRAMAPUTRA,Dhansiri,26.23000000,94.26083333,30-03-2021 05:30,0.5
22,Doyang Hep Reservoir,CWC,13,Nagaland,250,WOKHA,WOKHA,-,-,Dhansiri,Brahmaputra,BRAHMAPUTRA,BRAHMAPUTRA,BRAMAPUTRA,Dhansiri,26.23000000,94.26083333,30-03-2021 06:00,0.5
23,Doyang Hep Reservoir,CWC,13,Nagaland,250,WOKHA,WOKHA,-,-,Dhansiri,Brahmaputra,BRAHMAPUTRA,BRAHMAPUTRA,BRAMAPUTRA,Dhansiri,26.23000000,94.26083333,30-03-2021 06:30,0.5
24,Doyang Hep Reservoir,CWC,13,Nagaland,250,WOKHA,WOKHA,-,-,Dhansiri,Brahmaputra,BRAHMAPUTRA,BRAHMAPUTRA,BRAMAPUTRA,Dhansiri,26.23000000,94.26083333,30-03-2021 09:30,0.5
25,Doyang Hep Reservoir,CWC,13,Nagaland,250,WOKHA,WOKHA,-,-,Dhansiri,Brahmaputra,BRAHMAPUTRA,BRAHMAPUTRA,BRAMAPUTRA,Dhansiri,26.23000000,94.26083333,30-03-2021 11:30,0.5
26,Doyang Hep Reservoir,CWC,13,Nagaland,250,WOKHA,WOKHA,-,-,Dhansiri,Brahmaputra,BRAHMAPUTRA,BRAHMAPUTRA,BRAMAPUTRA,Dhansiri,26.23000000,94.26083333,31-03-2021 12:30,0.5
27,Doyang Hep Reservoir,CWC,13,Nagaland,250,WOKHA,WOKHA,-,-,Dhansiri,Brahmaputra,BRAHMAPUTRA,BRAHMAPUTRA,BRAMAPUTRA,Dhansiri,26.23000000,94.26083333,01-04-2021 08:30,0.5
28,Doyang Hep Reservoir,CWC,13,Nagaland,250,WOKHA,WOKHA,-,-,Dhansiri,Brahmaputra,BRAHMAPUTRA,BRAHMAPUTRA,BRAMAPUTRA,Dhansiri,26.23000000,94.26083333,01-04-2021 22:30,1
29,Doyang Hep Reservoir,CWC,13,Nagaland,250,WOKHA,WOKHA,-,-,Dhansiri,Brahmaputra,BRAHMAPUTRA,BRAHMAPUTRA,BRAMAPUTRA,Dhansiri,26.23000000,94.26083333,01-04-2021 23:30,1.5
30,Doyang Hep Reservoir,CWC,13,Nagaland,250,WOKHA,WOKHA,-,-,Dhansiri,Brahmaputra,BRAHMAPUTRA,BRAHMAPUTRA,BRAMAPUTRA,Dhansiri,26.23000000,94.26083333,02-04-2021 00:30,1.5
31,Doyang Hep Reservoir,CWC,13,Nagaland,250,WOKHA,WOKHA,-,-,Dhansiri,Brahmaputra,BRAHMAPUTRA,BRAHMAPUTRA,BRAMAPUTRA,Dhansiri,26.23000000,94.26083333,02-04-2021 01:30,0.5
32,Doyang Hep Reservoir,CWC,13,Nagaland,250,WOKHA,WOKHA,-,-,Dhansiri,Brahmaputra,BRAHMAPUTRA,BRAHMAPUTRA,BRAMAPUTRA,Dhansiri,26.23000000,94.26083333,02-04-2021 03:30,1.5
33,Doyang Hep Reservoir,CWC,13,Nagaland,250,WOKHA,WOKHA,-,-,Dhansiri,Brahmaputra,BRAHMAPUTRA,BRAHMAPUTRA,BRAMAPUTRA,Dhansiri,26.23000000,94.26083333,02-04-2021 04:30,1.5
34,Doyang Hep Reservoir,CWC,13,Nagaland,250,WOKHA,WOKHA,-,-,Dhansiri,Brahmaputra,BRAHMAPUTRA,BRAHMAPUTRA,BRAMAPUTRA,Dhansiri,26.23000000,94.26083333,02-04-2021 05:30,1.5
35,Doyang Hep Reservoir,CWC,13,Nagaland,250,WOKHA,WOKHA,-,-,Dhansiri,Brahmaputra,BRAHMAPUTRA,BRAHMAPUTRA,BRAMAPUTRA,Dhansiri,26.23000000,94.26083333,02-04-2021 06:30,1.5
36,Doyang Hep Reservoir,CWC,13,Nagaland,250,WOKHA,WOKHA,-,-,Dhansiri,Brahmaputra,BRAHMAPUTRA,BRAHMAPUTRA,BRAMAPUTRA,Dhansiri,26.23000000,94.26083333,02-04-2021 07:30,1.5
37,Doyang Hep Reservoir,CWC,13,Nagaland,250,WOKHA,WOKHA,-,-,Dhansiri,Brahmaputra,BRAHMAPUTRA,BRAHMAPUTRA,BRAMAPUTRA,Dhansiri,26.23000000,94.26083333,02-04-2021 08:30,1.5
38,Doyang Hep Reservoir,CWC,13,Nagaland,250,WOKHA,WOKHA,-,-,Dhansiri,Brahmaputra,BRAHMAPUTRA,BRAHMAPUTRA,BRAMAPUTRA,Dhansiri,26.23000000,94.26083333,08-04-2021 23:00,0.5
39,Doyang Hep Reservoir,CWC,13,Nagaland,250,WOKHA,WOKHA,-,-,Dhansiri,Brahmaputra,BRAHMAPUTRA,BRAHMAPUTRA,BRAMAPUTRA,Dhansiri,26.23000000,94.26083333,10-04-2021 11:00,0.5
40,Doyang Hep Reservoir,CWC,13,Nagaland,250,WOKHA,WOKHA,-,-,Dhansiri,Brahmaputra,BRAHMAPUTRA,BRAHMAPUTRA,BRAMAPUTRA,Dhansiri,26.23000000,94.26083333,16-04-2021 04:00,0.5
41,Doyang Hep Reservoir,CWC,13,Nagaland,250,WOKHA,WOKHA,-,-,Dhansiri,Brahmaputra,BRAHMAPUTRA,BRAHMAPUTRA,BRAMAPUTRA,Dhansiri,26.23000000,94.26083333,16-04-2021 06:00,0.5
42,Doyang Hep Reservoir,CWC,13,Nagaland,250,WOKHA,WOKHA,-,-,Dhansiri,Brahmaputra,BRAHMAPUTRA,BRAHMAPUTRA,BRAMAPUTRA,Dhansiri,26.23000000,94.26083333,16-04-2021 08:00,1.5
43,Doyang Hep Reservoir,CWC,13,Nagaland,250,WOKHA,WOKHA,-,-,Dhansiri,Brahmaputra,BRAHMAPUTRA,BRAHMAPUTRA,BRAMAPUTRA,Dhansiri,26.23000000,94.26083333,16-04-2021 09:00,1.5
44,Doyang Hep Reservoir,CWC,13,Nagaland,250,WOKHA,WOKHA,-,-,Dhansiri,Brahmaputra,BRAHMAPUTRA,BRAHMAPUTRA,BRAMAPUTRA,Dhansiri,26.23000000,94.26083333,16-04-2021 10:00,1
45,Doyang Hep Reservoir,CWC,13,Nagaland,250,WOKHA,WOKHA,-,-,Dhansiri,Brahmaputra,BRAHMAPUTRA,BRAHMAPUTRA,BRAMAPUTRA,Dhansiri,26.23000000,94.26083333,16-04-2021 11:00,1
46,Doyang Hep Reservoir,CWC,13,Nagaland,250,WOKHA,WOKHA,-,-,Dhansiri,Brahmaputra,BRAHMAPUTRA,BRAHMAPUTRA,BRAMAPUTRA,Dhansiri,26.23000000,94.26083333,16-04-2021 12:00,0.5
47,Doyang Hep Reservoir,CWC,13,Nagaland,250,WOKHA,WOKHA,-,-,Dhansiri,Brahmaputra,BRAHMAPUTRA,BRAHMAPUTRA,BRAMAPUTRA,Dhansiri,26.23000000,94.26083333,16-04-2021 14:00,1
48,Doyang Hep Reservoir,CWC,13,Nagaland,250,WOKHA,WOKHA,-,-,Dhansiri,Brahmaputra,BRAHMAPUTRA,BRAHMAPUTRA,BRAMAPUTRA,Dhansiri,26.23000000,94.26083333,16-04-2021 15:00,1
49,Doyang Hep Reservoir,CWC,13,Nagaland,250,WOKHA,WOKHA,-,-,Dhansiri,Brahmaputra,BRAHMAPUTRA,BRAHMAPUTRA,BRAMAPUTRA,Dhansiri,26.23000000,94.26083333,18-04-2021 23:00,0.5
50,Doyang Hep Reservoir,CWC,13,Nagaland,250,WOKHA,WOKHA,-,-,Dhansiri,Brahmaputra,BRAHMAPUTRA,BRAHMAPUTRA,BRAMAPUTRA,Dhansiri,26.23000000,94.26083333,19-04-2021 00:00,0.5
51,Doyang Hep Reservoir,CWC,13,Nagaland,250,WOKHA,WOKHA,-,-,Dhansiri,Brahmaputra,BRAHMAPUTRA,BRAHMAPUTRA,BRAMAPUTRA,Dhansiri,26.23000000,94.26083333,19-04-2021 01:00,1
52,Doyang Hep Reservoir,CWC,13,Nagaland,250,WOKHA,WOKHA,-,-,Dhansiri,Brahmaputra,BRAHMAPUTRA,BRAHMAPUTRA,BRAMAPUTRA,Dhansiri,26.23000000,94.26083333,19-04-2021 02:00,0.5
53,Doyang Hep Reservoir,CWC,13,Nagaland,250,WOKHA,WOKHA,-,-,Dhansiri,Brahmaputra,BRAHMAPUTRA,BRAHMAPUTRA,BRAMAPUTRA,Dhansiri,26.23000000,94.26083333,01-05-2021 12:00,1.5
54,Doyang Hep Reservoir,CWC,13,Nagaland,250,WOKHA,WOKHA,-,-,Dhansiri,Brahmaputra,BRAHMAPUTRA,BRAHMAPUTRA,BRAMAPUTRA,Dhansiri,26.23000000,94.26083333,02-05-2021 03:00,1
55,Doyang Hep Reservoir,CWC,13,Nagaland,250,WOKHA,WOKHA,-,-,Dhansiri,Brahmaputra,BRAHMAPUTRA,BRAHMAPUTRA,BRAMAPUTRA,Dhansiri,26.23000000,94.26083333,02-05-2021 04:00,1
56,Doyang Hep Reservoir,CWC,13,Nagaland,250,WOKHA,WOKHA,-,-,Dhansiri,Brahmaputra,BRAHMAPUTRA,BRAHMAPUTRA,BRAMAPUTRA,Dhansiri,26.23000000,94.26083333,02-05-2021 06:00,0.5
57,Doyang Hep Reservoir,CWC,13,Nagaland,250,WOKHA,WOKHA,-,-,Dhansiri,Brahmaputra,BRAHMAPUTRA,BRAHMAPUTRA,BRAMAPUTRA,Dhansiri,26.23000000,94.26083333,03-05-2021 05:00,1.5
58,Doyang Hep Reservoir,CWC,13,Nagaland,250,WOKHA,WOKHA,-,-,Dhansiri,Brahmaputra,BRAHMAPUTRA,BRAHMAPUTRA,BRAMAPUTRA,Dhansiri,26.23000000,94.26083333,03-05-2021 07:00,0.5
59,Doyang Hep Reservoir,CWC,13,Nagaland,250,WOKHA,WOKHA,-,-,Dhansiri,Brahmaputra,BRAHMAPUTRA,BRAHMAPUTRA,BRAMAPUTRA,Dhansiri,26.23000000,94.26083333,03-05-2021 12:00,0.5
60,Doyang Hep Reservoir,CWC,13,Nagaland,250,WOKHA,WOKHA,-,-,Dhansiri,Brahmaputra,BRAHMAPUTRA,BRAHMAPUTRA,BRAMAPUTRA,Dhansiri,26.23000000,94.26083333,06-05-2021 10:00,0.5
61,Doyang Hep Reservoir,CWC,13,Nagaland,250,WOKHA,WOKHA,-,-,Dhansiri,Brahmaputra,BRAHMAPUTRA,BRAHMAPUTRA,BRAMAPUTRA,Dhansiri,26.23000000,94.26083333,12-05-2021 20:00,0.5
62,Doyang Hep Reservoir,CWC,13,Nagaland,250,WOKHA,WOKHA,-,-,Dhansiri,Brahmaputra,BRAHMAPUTRA,BRAHMAPUTRA,BRAMAPUTRA,Dhansiri,26.23000000,94.26083333,15-05-2021 18:00,0.5
63,Doyang Hep Reservoir,CWC,13,Nagaland,250,WOKHA,WOKHA,-,-,Dhansiri,Brahmaputra,BRAHMAPUTRA,BRAHMAPUTRA,BRAMAPUTRA,Dhansiri,26.23000000,94.26083333,20-05-2021 21:00,0.5
64,Doyang Hep Reservoir,CWC,13,Nagaland,250,WOKHA,WOKHA,-,-,Dhansiri,Brahmaputra,BRAHMAPUTRA,BRAHMAPUTRA,BRAMAPUTRA,Dhansiri,26.23000000,94.26083333,20-08-2021 02:00,0.5
65,Doyang Hep Reservoir,CWC,13,Nagaland,250,WOKHA,WOKHA,-,-,Dhansiri,Brahmaputra,BRAHMAPUTRA,BRAHMAPUTRA,BRAMAPUTRA,Dhansiri,26.23000000,94.26083333,20-08-2021 03:00,0.5
66,Doyang Hep Reservoir,CWC,13,Nagaland,250,WOKHA,WOKHA,-,-,Dhansiri,Brahmaputra,BRAHMAPUTRA,BRAHMAPUTRA,BRAMAPUTRA,Dhansiri,26.23000000,94.26083333,02-09-2021 07:00,1.5
67,Doyang Hep Reservoir,CWC,13,Nagaland,250,WOKHA,WOKHA,-,-,Dhansiri,Brahmaputra,BRAHMAPUTRA,BRAHMAPUTRA,BRAMAPUTRA,Dhansiri,26.23000000,94.26083333,06-09-2021 10:00,21
68,Doyang Hep Reservoir,CWC,13,Nagaland,250,WOKHA,WOKHA,-,-,Dhansiri,Brahmaputra,BRAHMAPUTRA,BRAHMAPUTRA,BRAMAPUTRA,Dhansiri,26.23000000,94.26083333,09-09-2021 11:00,2.5
69,Doyang Hep Reservoir,CWC,13,Nagaland,250,WOKHA,WOKHA,-,-,Dhansiri,Brahmaputra,BRAHMAPUTRA,BRAHMAPUTRA,BRAMAPUTRA,Dhansiri,26.23000000,94.26083333,09-09-2021 15:00,0.5
70,Doyang Hep Reservoir,CWC,13,Nagaland,250,WOKHA,WOKHA,-,-,Dhansiri,Brahmaputra,BRAHMAPUTRA,BRAHMAPUTRA,BRAMAPUTRA,Dhansiri,26.23000000,94.26083333,16-05-2022 05:00,0.5
71,Doyang Hep Reservoir,CWC,13,Nagaland,250,WOKHA,WOKHA,-,-,Dhansiri,Brahmaputra,BRAHMAPUTRA,BRAHMAPUTRA,BRAMAPUTRA,Dhansiri,26.23000000,94.26083333,16-05-2022 07:00,2
72,Doyang Hep Reservoir,CWC,13,Nagaland,250,WOKHA,WOKHA,-,-,Dhansiri,Brahmaputra,BRAHMAPUTRA,BRAHMAPUTRA,BRAMAPUTRA,Dhansiri,26.23000000,94.26083333,16-05-2022 10:00,2.5
73,Doyang Hep Reservoir,CWC,13,Nagaland,250,WOKHA,WOKHA,-,-,Dhansiri,Brahmaputra,BRAHMAPUTRA,BRAHMAPUTRA,BRAMAPUTRA,Dhansiri,26.23000000,94.26083333,16-05-2022 12:00,2.5
74,Doyang Hep Reservoir,CWC,13,Nagaland,250,WOKHA,WOKHA,-,-,Dhansiri,Brahmaputra,BRAHMAPUTRA,BRAHMAPUTRA,BRAMAPUTRA,Dhansiri,26.23000000,94.26083333,16-05-2022 13:00,2.5
75,Doyang Hep Reservoir,CWC,13,Nagaland,250,WOKHA,WOKHA,-,-,Dhansiri,Brahmaputra,BRAHMAPUTRA,BRAHMAPUTRA,BRAMAPUTRA,Dhansiri,26.23000000,94.26083333,16-05-2022 14:00,2.5
76,Doyang Hep Reservoir,CWC,13,Nagaland,250,WOKHA,WOKHA,-,-,Dhansiri,Brahmaputra,BRAHMAPUTRA,BRAHMAPUTRA,BRAMAPUTRA,Dhansiri,26.23000000,94.26083333,16-05-2022 15:00,2.5
77,Doyang Hep Reservoir,CWC,13,Nagaland,250,WOKHA,WOKHA,-,-,Dhansiri,Brahmaputra,BRAHMAPUTRA,BRAHMAPUTRA,BRAMAPUTRA,Dhansiri,26.23000000,94.26083333,16-05-2022 16:00,2.5
78,Doyang Hep Reservoir,CWC,13,Nagaland,250,WOKHA,WOKHA,-,-,Dhansiri,Brahmaputra,BRAHMAPUTRA,BRAHMAPUTRA,BRAMAPUTRA,Dhansiri,26.23000000,94.26083333,16-05-2022 17:00,2.5
79,Doyang Hep Reservoir,CWC,13,Nagaland,250,WOKHA,WOKHA,-,-,Dhansiri,Brahmaputra,BRAHMAPUTRA,BRAHMAPUTRA,BRAMAPUTRA,Dhansiri,26.23000000,94.26083333,16-05-2022 18:00,2.5
80,Doyang Hep Reservoir,CWC,13,Nagaland,250,WOKHA,WOKHA,-,-,Dhansiri,Brahmaputra,BRAHMAPUTRA,BRAHMAPUTRA,BRAMAPUTRA,Dhansiri,26.23000000,94.26083333,16-05-2022 23:00,3
81,Doyang Hep Reservoir,CWC,13,Nagaland,250,WOKHA,WOKHA,-,-,Dhansiri,Brahmaputra,BRAHMAPUTRA,BRAHMAPUTRA,BRAMAPUTRA,Dhansiri,26.23000000,94.26083333,17-05-2022 00:00,3
82,Doyang Hep Reservoir,CWC,13,Nagaland,250,WOKHA,WOKHA,-,-,Dhansiri,Brahmaputra,BRAHMAPUTRA,BRAHMAPUTRA,BRAMAPUTRA,Dhansiri,26.23000000,94.26083333,17-05-2022 01:00,3.5
83,Doyang Hep Reservoir,CWC,13,Nagaland,250,WOKHA,WOKHA,-,-,Dhansiri,Brahmaputra,BRAHMAPUTRA,BRAHMAPUTRA,BRAMAPUTRA,Dhansiri,26.23000000,94.26083333,17-05-2022 03:00,3.5
84,Doyang Hep Reservoir,CWC,13,Nagaland,250,WOKHA,WOKHA,-,-,Dhansiri,Brahmaputra,BRAHMAPUTRA,BRAHMAPUTRA,BRAMAPUTRA,Dhansiri,26.23000000,94.26083333,17-05-2022 11:00,1.5
85,Doyang Hep Reservoir,CWC,13,Nagaland,250,WOKHA,WOKHA,-,-,Dhansiri,Brahmaputra,BRAHMAPUTRA,BRAHMAPUTRA,BRAMAPUTRA,Dhansiri,26.23000000,94.26083333,17-05-2022 12:00,1.5
86,Doyang Hep Reservoir,CWC,13,Nagaland,250,WOKHA,WOKHA,-,-,Dhansiri,Brahmaputra,BRAHMAPUTRA,BRAHMAPUTRA,BRAMAPUTRA,Dhansiri,26.23000000,94.26083333,17-05-2022 16:00,2
87,Doyang Hep Reservoir,CWC,13,Nagaland,250,WOKHA,WOKHA,-,-,Dhansiri,Brahmaputra,BRAHMAPUTRA,BRAHMAPUTRA,BRAMAPUTRA,Dhansiri,26.23000000,94.26083333,17-05-2022 17:00,2
88,Doyang Hep Reservoir,CWC,13,Nagaland,250,WOKHA,WOKHA,-,-,Dhansiri,Brahmaputra,BRAHMAPUTRA,BRAHMAPUTRA,BRAMAPUTRA,Dhansiri,26.23000000,94.26083333,17-05-2022 20:00,2
89,Doyang Hep Reservoir,CWC,13,Nagaland,250,WOKHA,WOKHA,-,-,Dhansiri,Brahmaputra,BRAHMAPUTRA,BRAHMAPUTRA,BRAMAPUTRA,Dhansiri,26.23000000,94.26083333,17-05-2022 21:00,2
90,Doyang Hep Reservoir,CWC,13,Nagaland,250,WOKHA,WOKHA,-,-,Dhansiri,Brahmaputra,BRAHMAPUTRA,BRAHMAPUTRA,BRAMAPUTRA,Dhansiri,26.23000000,94.26083333,18-05-2022 00:00,2
91,Doyang Hep Reservoir,CWC,13,Nagaland,250,WOKHA,WOKHA,-,-,Dhansiri,Brahmaputra,BRAHMAPUTRA,BRAHMAPUTRA,BRAMAPUTRA,Dhansiri,26.23000000,94.26083333,18-05-2022 01:00,2
92,Doyang Hep Reservoir,CWC,13,Nagaland,250,WOKHA,WOKHA,-,-,Dhansiri,Brahmaputra,BRAHMAPUTRA,BRAHMAPUTRA,BRAMAPUTRA,Dhansiri,26.23000000,94.26083333,18-05-2022 02:00,2
93,Doyang Hep Reservoir,CWC,13,Nagaland,250,WOKHA,WOKHA,-,-,Dhansiri,Brahmaputra,BRAHMAPUTRA,BRAHMAPUTRA,BRAMAPUTRA,Dhansiri,26.23000000,94.26083333,18-05-2022 03:00,2.5
94,Doyang Hep Reservoir,CWC,13,Nagaland,250,WOKHA,WOKHA,-,-,Dhansiri,Brahmaputra,BRAHMAPUTRA,BRAHMAPUTRA,BRAMAPUTRA,Dhansiri,26.23000000,94.26083333,18-05-2022 23:00,2
95,Doyang Hep Reservoir,CWC,13,Nagaland,250,WOKHA,WOKHA,-,-,Dhansiri,Brahmaputra,BRAHMAPUTRA,BRAHMAPUTRA,BRAMAPUTRA,Dhansiri,26.23000000,94.26083333,19-05-2022 02:00,26
96,Doyang Hep Reservoir,CWC,13,Nagaland,250,WOKHA,WOKHA,-,-,Dhansiri,Brahmaputra,BRAHMAPUTRA,BRAHMAPUTRA,BRAMAPUTRA,Dhansiri,26.23000000,94.26083333,19-05-2022 03:00,35
97,Doyang Hep Reservoir,CWC,13,Nagaland,250,WOKHA,WOKHA,-,-,Dhansiri,Brahmaputra,BRAHMAPUTRA,BRAHMAPUTRA,BRAMAPUTRA,Dhansiri,26.23000000,94.26083333,19-05-2022 05:00,0.5
98,Doyang Hep Reservoir,CWC,13,Nagaland,250,WOKHA,WOKHA,-,-,Dhansiri,Brahmaputra,BRAHMAPUTRA,BRAHMAPUTRA,BRAMAPUTRA,Dhansiri,26.23000000,94.26083333,19-05-2022 08:00,0.5
99,Doyang Hep Reservoir,CWC,13,Nagaland,250,WOKHA,WOKHA,-,-,Dhansiri,Brahmaputra,BRAHMAPUTRA,BRAHMAPUTRA,BRAMAPUTRA,Dhansiri,26.23000000,94.26083333,19-05-2022 12:00,0.5
100,Doyang Hep Reservoir,CWC,13,Nagaland,250,WOKHA,WOKHA,-,-,Dhansiri,Brahmaputra,BRAHMAPUTRA,BRAHMAPUTRA,BRAMAPUTRA,Dhansiri,26.23000000,94.26083333,19-05-2022 15:00,0.5
101,Doyang Hep Reservoir,CWC,13,Nagaland,250,WOKHA,WOKHA,-,-,Dhansiri,Brahmaputra,BRAHMAPUTRA,BRAHMAPUTRA,BRAMAPUTRA,Dhansiri,26.23000000,94.26083333,19-05-2022 17:00,0.5
102,Doyang Hep Reservoir,CWC,13,Nagaland,250,WOKHA,WOKHA,-,-,Dhansiri,Brahmaputra,BRAHMAPUTRA,BRAHMAPUTRA,BRAMAPUTRA,Dhansiri,26.23000000,94.26083333,19-05-2022 18:00,0.5
103,Doyang Hep Reservoir,CWC,13,Nagaland,250,WOKHA,WOKHA,-,-,Dhansiri,Brahmaputra,BRAHMAPUTRA,BRAHMAPUTRA,BRAMAPUTRA,Dhansiri,26.23000000,94.26083333,19-05-2022 21:00,13
104,Doyang Hep Reservoir,CWC,13,Nagaland,250,WOKHA,WOKHA,-,-,Dhansiri,Brahmaputra,BRAHMAPUTRA,BRAHMAPUTRA,BRAMAPUTRA,Dhansiri,26.23000000,94.26083333,19-05-2022 23:00,13
105,Doyang Hep Reservoir,CWC,13,Nagaland,250,WOKHA,WOKHA,-,-,Dhansiri,Brahmaputra,BRAHMAPUTRA,BRAHMAPUTRA,BRAMAPUTRA,Dhansiri,26.23000000,94.26083333,20-05-2022 02:00,13
106,Doyang Hep Reservoir,CWC,13,Nagaland,250,WOKHA,WOKHA,-,-,Dhansiri,Brahmaputra,BRAHMAPUTRA,BRAHMAPUTRA,BRAMAPUTRA,Dhansiri,26.23000000,94.26083333,20-05-2022 18:00,1.5
107,Doyang Hep Reservoir,CWC,13,Nagaland,250,WOKHA,WOKHA,-,-,Dhansiri,Brahmaputra,BRAHMAPUTRA,BRAHMAPUTRA,BRAMAPUTRA,Dhansiri,26.23000000,94.26083333,20-05-2022 22:00,4
108,Doyang Hep Reservoir,CWC,13,Nagaland,250,WOKHA,WOKHA,-,-,Dhansiri,Brahmaputra,BRAHMAPUTRA,BRAHMAPUTRA,BRAMAPUTRA,Dhansiri,26.23000000,94.26083333,21-05-2022 00:00,4.5
109,Doyang Hep Reservoir,CWC,13,Nagaland,250,WOKHA,WOKHA,-,-,Dhansiri,Brahmaputra,BRAHMAPUTRA,BRAHMAPUTRA,BRAMAPUTRA,Dhansiri,26.23000000,94.26083333,21-05-2022 01:00,4.5
110,Doyang Hep Reservoir,CWC,13,Nagaland,250,WOKHA,WOKHA,-,-,Dhansiri,Brahmaputra,BRAHMAPUTRA,BRAHMAPUTRA,BRAMAPUTRA,Dhansiri,26.23000000,94.26083333,21-05-2022 02:00,4.5
111,Doyang Hep Reservoir,CWC,13,Nagaland,250,WOKHA,WOKHA,-,-,Dhansiri,Brahmaputra,BRAHMAPUTRA,BRAHMAPUTRA,BRAMAPUTRA,Dhansiri,26.23000000,94.26083333,21-05-2022 03:00,4.5
112,Doyang Hep Reservoir,CWC,13,Nagaland,250,WOKHA,WOKHA,-,-,Dhansiri,Brahmaputra,BRAHMAPUTRA,BRAHMAPUTRA,BRAMAPUTRA,Dhansiri,26.23000000,94.26083333,21-05-2022 21:00,7
113,Doyang Hep Reservoir,CWC,13,Nagaland,250,WOKHA,WOKHA,-,-,Dhansiri,Brahmaputra,BRAHMAPUTRA,BRAHMAPUTRA,BRAMAPUTRA,Dhansiri,26.23000000,94.26083333,24-05-2022 09:00,1
114,Doyang Hep Reservoir,CWC,13,Nagaland,250,WOKHA,WOKHA,-,-,Dhansiri,Brahmaputra,BRAHMAPUTRA,BRAHMAPUTRA,BRAMAPUTRA,Dhansiri,26.23000000,94.26083333,24-05-2022 10:00,3
115,Doyang Hep Reservoir,CWC,13,Nagaland,250,WOKHA,WOKHA,-,-,Dhansiri,Brahmaputra,BRAHMAPUTRA,BRAHMAPUTRA,BRAMAPUTRA,Dhansiri,26.23000000,94.26083333,24-05-2022 11:00,4.5
116,Doyang Hep Reservoir,CWC,13,Nagaland,250,WOKHA,WOKHA,-,-,Dhansiri,Brahmaputra,BRAHMAPUTRA,BRAHMAPUTRA,BRAMAPUTRA,Dhansiri,26.23000000,94.26083333,24-05-2022 17:00,6
117,Doyang Hep Reservoir,CWC,13,Nagaland,250,WOKHA,WOKHA,-,-,Dhansiri,Brahmaputra,BRAHMAPUTRA,BRAHMAPUTRA,BRAMAPUTRA,Dhansiri,26.23000000,94.26083333,24-05-2022 19:00,7.5
118,Doyang Hep Reservoir,CWC,13,Nagaland,250,WOKHA,WOKHA,-,-,Dhansiri,Brahmaputra,BRAHMAPUTRA,BRAHMAPUTRA,BRAMAPUTRA,Dhansiri,26.23000000,94.26083333,24-05-2022 21:00,7.5
119,Doyang Hep Reservoir,CWC,13,Nagaland,250,WOKHA,WOKHA,-,-,Dhansiri,Brahmaputra,BRAHMAPUTRA,BRAHMAPUTRA,BRAMAPUTRA,Dhansiri,26.23000000,94.26083333,24-05-2022 23:00,7.5
120,Doyang Hep Reservoir,CWC,13,Nagaland,250,WOKHA,WOKHA,-,-,Dhansiri,Brahmaputra,BRAHMAPUTRA,BRAHMAPUTRA,BRAMAPUTRA,Dhansiri,26.23000000,94.26083333,25-05-2022 10:00,0.5
121,Doyang Hep Reservoir,CWC,13,Nagaland,250,WOKHA,WOKHA,-,-,Dhansiri,Brahmaputra,BRAHMAPUTRA,BRAHMAPUTRA,BRAMAPUTRA,Dhansiri,26.23000000,94.26083333,25-05-2022 12:00,1
122,Doyang Hep Reservoir,CWC,13,Nagaland,250,WOKHA,WOKHA,-,-,Dhansiri,Brahmaputra,BRAHMAPUTRA,BRAHMAPUTRA,BRAMAPUTRA,Dhansiri,26.23000000,94.26083333,25-05-2022 18:00,1
123,Doyang Hep Reservoir,CWC,13,Nagaland,250,WOKHA,WOKHA,-,-,Dhansiri,Brahmaputra,BRAHMAPUTRA,BRAHMAPUTRA,BRAMAPUTRA,Dhansiri,26.23000000,94.26083333,26-05-2022 00:00,1.5
124,Doyang Hep Reservoir,CWC,13,Nagaland,250,WOKHA,WOKHA,-,-,Dhansiri,Brahmaputra,BRAHMAPUTRA,BRAHMAPUTRA,BRAMAPUTRA,Dhansiri,26.23000000,94.26083333,26-05-2022 03:00,1.5
125,Doyang Hep Reservoir,CWC,13,Nagaland,250,WOKHA,WOKHA,-,-,Dhansiri,Brahmaputra,BRAHMAPUTRA,BRAHMAPUTRA,BRAMAPUTRA,Dhansiri,26.23000000,94.26083333,27-05-2022 13:00,2
126,Doyang Hep Reservoir,CWC,13,Nagaland,250,WOKHA,WOKHA,-,-,Dhansiri,Brahmaputra,BRAHMAPUTRA,BRAHMAPUTRA,BRAMAPUTRA,Dhansiri,26.23000000,94.26083333,27-05-2022 15:00,2
127,Doyang Hep Reservoir,CWC,13,Nagaland,250,WOKHA,WOKHA,-,-,Dhansiri,Brahmaputra,BRAHMAPUTRA,BRAHMAPUTRA,BRAMAPUTRA,Dhansiri,26.23000000,94.26083333,27-05-2022 16:00,2
128,Doyang Hep Reservoir,CWC,13,Nagaland,250,WOKHA,WOKHA,-,-,Dhansiri,Brahmaputra,BRAHMAPUTRA,BRAHMAPUTRA,BRAMAPUTRA,Dhansiri,26.23000000,94.26083333,27-05-2022 20:00,2
129,Doyang Hep Reservoir,CWC,13,Nagaland,250,WOKHA,WOKHA,-,-,Dhansiri,Brahmaputra,BRAHMAPUTRA,BRAHMAPUTRA,BRAMAPUTRA,Dhansiri,26.23000000,94.26083333,27-05-2022 21:00,2
130,Doyang Hep Reservoir,CWC,13,Nagaland,250,WOKHA,WOKHA,-,-,Dhansiri,Brahmaputra,BRAHMAPUTRA,BRAHMAPUTRA,BRAMAPUTRA,Dhansiri,26.23000000,94.26083333,27-05-2022 22:00,2
131,Doyang Hep Reservoir,CWC,13,Nagaland,250,WOKHA,WOKHA,-,-,Dhansiri,Brahmaputra,BRAHMAPUTRA,BRAHMAPUTRA,BRAMAPUTRA,Dhansiri,26.23000000,94.26083333,27-05-2022 23:00,2
132,Doyang Hep Reservoir,CWC,13,Nagaland,250,WOKHA,WOKHA,-,-,Dhansiri,Brahmaputra,BRAHMAPUTRA,BRAHMAPUTRA,BRAMAPUTRA,Dhansiri,26.23000000,94.26083333,28-05-2022 00:00,2
133,Doyang Hep Reservoir,CWC,13,Nagaland,250,WOKHA,WOKHA,-,-,Dhansiri,Brahmaputra,BRAHMAPUTRA,BRAHMAPUTRA,BRAMAPUTRA,Dhansiri,26.23000000,94.26083333,28-05-2022 01:00,2
134,Doyang Hep Reservoir,CWC,13,Nagaland,250,WOKHA,WOKHA,-,-,Dhansiri,Brahmaputra,BRAHMAPUTRA,BRAHMAPUTRA,BRAMAPUTRA,Dhansiri,26.23000000,94.26083333,28-05-2022 06:00,0.5
135,Doyang Hep Reservoir,CWC,13,Nagaland,250,WOKHA,WOKHA,-,-,Dhansiri,Brahmaputra,BRAHMAPUTRA,BRAHMAPUTRA,BRAMAPUTRA,Dhansiri,26.23000000,94.26083333,28-05-2022 12:00,1.5
136,Doyang Hep Reservoir,CWC,13,Nagaland,250,WOKHA,WOKHA,-,-,Dhansiri,Brahmaputra,BRAHMAPUTRA,BRAHMAPUTRA,BRAMAPUTRA,Dhansiri,26.23000000,94.26083333,28-05-2022 13:00,1.5
137,Doyang Hep Reservoir,CWC,13,Nagaland,250,WOKHA,WOKHA,-,-,Dhansiri,Brahmaputra,BRAHMAPUTRA,BRAHMAPUTRA,BRAMAPUTRA,Dhansiri,26.23000000,94.26083333,28-05-2022 15:00,1.5
138,Doyang Hep Reservoir,CWC,13,Nagaland,250,WOKHA,WOKHA,-,-,Dhansiri,Brahmaputra,BRAHMAPUTRA,BRAHMAPUTRA,BRAMAPUTRA,Dhansiri,26.23000000,94.26083333,28-05-2022 18:00,1.5
139,Doyang Hep Reservoir,CWC,13,Nagaland,250,WOKHA,WOKHA,-,-,Dhansiri,Brahmaputra,BRAHMAPUTRA,BRAHMAPUTRA,BRAMAPUTRA,Dhansiri,26.23000000,94.26083333,28-05-2022 20:00,1.5
140,Doyang Hep Reservoir,CWC,13,Nagaland,250,WOKHA,WOKHA,-,-,Dhansiri,Brahmaputra,BRAHMAPUTRA,BRAHMAPUTRA,BRAMAPUTRA,Dhansiri,26.23000000,94.26083333,28-05-2022 22:00,1.5
141,Doyang Hep Reservoir,CWC,13,Nagaland,250,WOKHA,WOKHA,-,-,Dhansiri,Brahmaputra,BRAHMAPUTRA,BRAHMAPUTRA,BRAMAPUTRA,Dhansiri,26.23000000,94.26083333,29-05-2022 00:00,1.5
142,Doyang Hep Reservoir,CWC,13,Nagaland,250,WOKHA,WOKHA,-,-,Dhansiri,Brahmaputra,BRAHMAPUTRA,BRAHMAPUTRA,BRAMAPUTRA,Dhansiri,26.23000000,94.26083333,29-05-2022 02:00,1.5
143,Doyang Hep Reservoir,CWC,13,Nagaland,250,WOKHA,WOKHA,-,-,Dhansiri,Brahmaputra,BRAHMAPUTRA,BRAHMAPUTRA,BRAMAPUTRA,Dhansiri,26.23000000,94.26083333,30-05-2022 11:00,16.5
144,Doyang Hep Reservoir,CWC,13,Nagaland,250,WOKHA,WOKHA,-,-,Dhansiri,Brahmaputra,BRAHMAPUTRA,BRAHMAPUTRA,BRAMAPUTRA,Dhansiri,26.23000000,94.26083333,30-05-2022 14:00,26.5
145,Doyang Hep Reservoir,CWC,13,Nagaland,250,WOKHA,WOKHA,-,-,Dhansiri,Brahmaputra,BRAHMAPUTRA,BRAHMAPUTRA,BRAMAPUTRA,Dhansiri,26.23000000,94.26083333,30-05-2022 15:00,26.5
146,Doyang Hep Reservoir,CWC,13,Nagaland,250,WOKHA,WOKHA,-,-,Dhansiri,Brahmaputra,BRAHMAPUTRA,BRAHMAPUTRA,BRAMAPUTRA,Dhansiri,26.23000000,94.26083333,30-05-2022 16:00,27
147,Doyang Hep Reservoir,CWC,13,Nagaland,250,WOKHA,WOKHA,-,-,Dhansiri,Brahmaputra,BRAHMAPUTRA,BRAHMAPUTRA,BRAMAPUTRA,Dhansiri,26.23000000,94.26083333,30-05-2022 21:00,27
148,Doyang Hep Reservoir,CWC,13,Nagaland,250,WOKHA,WOKHA,-,-,Dhansiri,Brahmaputra,BRAHMAPUTRA,BRAHMAPUTRA,BRAMAPUTRA,Dhansiri,26.23000000,94.26083333,30-05-2022 23:00,27
149,Doyang Hep Reservoir,CWC,13,Nagaland,250,WOKHA,WOKHA,-,-,Dhansiri,Brahmaputra,BRAHMAPUTRA,BRAHMAPUTRA,BRAMAPUTRA,Dhansiri,26.23000000,94.26083333,31-05-2022 17:00,4
150,Doyang Hep Reservoir,CWC,13,Nagaland,250,WOKHA,WOKHA,-,-,Dhansiri,Brahmaputra,BRAHMAPUTRA,BRAHMAPUTRA,BRAMAPUTRA,Dhansiri,26.23000000,94.26083333,31-05-2022 18:00,27.5
151,Doyang Hep Reservoir,CWC,13,Nagaland,250,WOKHA,WOKHA,-,-,Dhansiri,Brahmaputra,BRAHMAPUTRA,BRAHMAPUTRA,BRAMAPUTRA,Dhansiri,26.23000000,94.26083333,31-05-2022 19:00,40.5
152,Doyang Hep Reservoir,CWC,13,Nagaland,250,WOKHA,WOKHA,-,-,Dhansiri,Brahmaputra,BRAHMAPUTRA,BRAHMAPUTRA,BRAMAPUTRA,Dhansiri,26.23000000,94.26083333,31-05-2022 21:00,51.5
153,Doyang Hep Reservoir,CWC,13,Nagaland,250,WOKHA,WOKHA,-,-,Dhansiri,Brahmaputra,BRAHMAPUTRA,BRAHMAPUTRA,BRAMAPUTRA,Dhansiri,26.23000000,94.26083333,01-06-2022 00:00,52
154,Doyang Hep Reservoir,CWC,13,Nagaland,250,WOKHA,WOKHA,-,-,Dhansiri,Brahmaputra,BRAHMAPUTRA,BRAHMAPUTRA,BRAMAPUTRA,Dhansiri,26.23000000,94.26083333,02-06-2022 09:00,0.5
155,Doyang Hep Reservoir,CWC,13,Nagaland,250,WOKHA,WOKHA,-,-,Dhansiri,Brahmaputra,BRAHMAPUTRA,BRAHMAPUTRA,BRAMAPUTRA,Dhansiri,26.23000000,94.26083333,02-06-2022 11:00,0.5
156,Doyang Hep Reservoir,CWC,13,Nagaland,250,WOKHA,WOKHA,-,-,Dhansiri,Brahmaputra,BRAHMAPUTRA,BRAHMAPUTRA,BRAMAPUTRA,Dhansiri,26.23000000,94.26083333,02-06-2022 13:00,0.5
157,Doyang Hep Reservoir,CWC,13,Nagaland,250,WOKHA,WOKHA,-,-,Dhansiri,Brahmaputra,BRAHMAPUTRA,BRAHMAPUTRA,BRAMAPUTRA,Dhansiri,26.23000000,94.26083333,02-06-2022 14:00,0.5
158,Doyang Hep Reservoir,CWC,13,Nagaland,250,WOKHA,WOKHA,-,-,Dhansiri,Brahmaputra,BRAHMAPUTRA,BRAHMAPUTRA,BRAMAPUTRA,Dhansiri,26.23000000,94.26083333,02-06-2022 15:00,0.5
159,Doyang Hep Reservoir,CWC,13,Nagaland,250,WOKHA,WOKHA,-,-,Dhansiri,Brahmaputra,BRAHMAPUTRA,BRAHMAPUTRA,BRAMAPUTRA,Dhansiri,26.23000000,94.26083333,02-06-2022 17:00,0.5
160,Doyang Hep Reservoir,CWC,13,Nagaland,250,WOKHA,WOKHA,-,-,Dhansiri,Brahmaputra,BRAHMAPUTRA,BRAHMAPUTRA,BRAMAPUTRA,Dhansiri,26.23000000,94.26083333,02-06-2022 19:00,0.5
161,Doyang Hep Reservoir,CWC,13,Nagaland,250,WOKHA,WOKHA,-,-,Dhansiri,Brahmaputra,BRAHMAPUTRA,BRAHMAPUTRA,BRAMAPUTRA,Dhansiri,26.23000000,94.26083333,02-06-2022 21:00,0.5
162,Doyang Hep Reservoir,CWC,13,Nagaland,250,WOKHA,WOKHA,-,-,Dhansiri,Brahmaputra,BRAHMAPUTRA,BRAHMAPUTRA,BRAMAPUTRA,Dhansiri,26.23000000,94.26083333,02-06-2022 22:00,0.5
163,Doyang Hep Reservoir,CWC,13,Nagaland,250,WOKHA,WOKHA,-,-,Dhansiri,Brahmaputra,BRAHMAPUTRA,BRAHMAPUTRA,BRAMAPUTRA,Dhansiri,26.23000000,94.26083333,02-06-2022 23:00,0.5
164,Doyang Hep Reservoir,CWC,13,Nagaland,250,WOKHA,WOKHA,-,-,Dhansiri,Brahmaputra,BRAHMAPUTRA,BRAHMAPUTRA,BRAMAPUTRA,Dhansiri,26.23000000,94.26083333,03-06-2022 00:00,0.5
165,Doyang Hep Reservoir,CWC,13,Nagaland,250,WOKHA,WOKHA,-,-,Dhansiri,Brahmaputra,BRAHMAPUTRA,BRAHMAPUTRA,BRAMAPUTRA,Dhansiri,26.23000000,94.26083333,03-06-2022 01:00,0.5
166,Doyang Hep Reservoir,CWC,13,Nagaland,250,WOKHA,WOKHA,-,-,Dhansiri,Brahmaputra,BRAHMAPUTRA,BRAHMAPUTRA,BRAMAPUTRA,Dhansiri,26.23000000,94.26083333,03-06-2022 02:00,0.5
167,Doyang Hep Reservoir,CWC,13,Nagaland,250,WOKHA,WOKHA,-,-,Dhansiri,Brahmaputra,BRAHMAPUTRA,BRAHMAPUTRA,BRAMAPUTRA,Dhansiri,26.23000000,94.26083333,03-06-2022 03:00,0.5
168,Doyang Hep Reservoir,CWC,13,Nagaland,250,WOKHA,WOKHA,-,-,Dhansiri,Brahmaputra,BRAHMAPUTRA,BRAHMAPUTRA,BRAMAPUTRA,Dhansiri,26.23000000,94.26083333,03-06-2022 11:00,5
169,Doyang Hep Reservoir,CWC,13,Nagaland,250,WOKHA,WOKHA,-,-,Dhansiri,Brahmaputra,BRAHMAPUTRA,BRAHMAPUTRA,BRAMAPUTRA,Dhansiri,26.23000000,94.26083333,03-06-2022 13:00,5
170,Doyang Hep Reservoir,CWC,13,Nagaland,250,WOKHA,WOKHA,-,-,Dhansiri,Brahmaputra,BRAHMAPUTRA,BRAHMAPUTRA,BRAMAPUTRA,Dhansiri,26.23000000,94.26083333,03-06-2022 14:00,5
171,Doyang Hep Reservoir,CWC,13,Nagaland,250,WOKHA,WOKHA,-,-,Dhansiri,Brahmaputra,BRAHMAPUTRA,BRAHMAPUTRA,BRAMAPUTRA,Dhansiri,26.23000000,94.26083333,03-06-2022 15:00,5
172,Doyang Hep Reservoir,CWC,13,Nagaland,250,WOKHA,WOKHA,-,-,Dhansiri,Brahmaputra,BRAHMAPUTRA,BRAHMAPUTRA,BRAMAPUTRA,Dhansiri,26.23000000,94.26083333,03-06-2022 22:00,13
173,Doyang Hep Reservoir,CWC,13,Nagaland,250,WOKHA,WOKHA,-,-,Dhansiri,Brahmaputra,BRAHMAPUTRA,BRAHMAPUTRA,BRAMAPUTRA,Dhansiri,26.23000000,94.26083333,04-06-2022 00:00,13
174,Doyang Hep Reservoir,CWC,13,Nagaland,250,WOKHA,WOKHA,-,-,Dhansiri,Brahmaputra,BRAHMAPUTRA,BRAHMAPUTRA,BRAMAPUTRA,Dhansiri,26.23000000,94.26083333,07-06-2022 13:00,19
175,Doyang Hep Reservoir,CWC,13,Nagaland,250,WOKHA,WOKHA,-,-,Dhansiri,Brahmaputra,BRAHMAPUTRA,BRAHMAPUTRA,BRAMAPUTRA,Dhansiri,26.23000000,94.26083333,07-06-2022 14:00,19
176,Doyang Hep Reservoir,CWC,13,Nagaland,250,WOKHA,WOKHA,-,-,Dhansiri,Brahmaputra,BRAHMAPUTRA,BRAHMAPUTRA,BRAMAPUTRA,Dhansiri,26.23000000,94.26083333,07-06-2022 16:00,19
177,Doyang Hep Reservoir,CWC,13,Nagaland,250,WOKHA,WOKHA,-,-,Dhansiri,Brahmaputra,BRAHMAPUTRA,BRAHMAPUTRA,BRAMAPUTRA,Dhansiri,26.23000000,94.26083333,07-06-2022 18:00,19
178,Doyang Hep Reservoir,CWC,13,Nagaland,250,WOKHA,WOKHA,-,-,Dhansiri,Brahmaputra,BRAHMAPUTRA,BRAHMAPUTRA,BRAMAPUTRA,Dhansiri,26.23000000,94.26083333,07-06-2022 21:00,19
179,Doyang Hep Reservoir,CWC,13,Nagaland,250,WOKHA,WOKHA,-,-,Dhansiri,Brahmaputra,BRAHMAPUTRA,BRAHMAPUTRA,BRAMAPUTRA,Dhansiri,26.23000000,94.26083333,08-06-2022 00:00,19
180,Doyang Hep Reservoir,CWC,13,Nagaland,250,WOKHA,WOKHA,-,-,Dhansiri,Brahmaputra,BRAHMAPUTRA,BRAHMAPUTRA,BRAMAPUTRA,Dhansiri,26.23000000,94.26083333,08-06-2022 01:00,19
181,Doyang Hep Reservoir,CWC,13,Nagaland,250,WOKHA,WOKHA,-,-,Dhansiri,Brahmaputra,BRAHMAPUTRA,BRAHMAPUTRA,BRAMAPUTRA,Dhansiri,26.23000000,94.26083333,08-06-2022 02:00,19
182,Doyang Hep Reservoir,CWC,13,Nagaland,250,WOKHA,WOKHA,-,-,Dhansiri,Brahmaputra,BRAHMAPUTRA,BRAHMAPUTRA,BRAMAPUTRA,Dhansiri,26.23000000,94.26083333,08-06-2022 03:00,19
183,Doyang Hep Reservoir,CWC,13,Nagaland,250,WOKHA,WOKHA,-,-,Dhansiri,Brahmaputra,BRAHMAPUTRA,BRAHMAPUTRA,BRAMAPUTRA,Dhansiri,26.23000000,94.26083333,08-06-2022 12:00,2.5
184,Doyang Hep Reservoir,CWC,13,Nagaland,250,WOKHA,WOKHA,-,-,Dhansiri,Brahmaputra,BRAHMAPUTRA,BRAHMAPUTRA,BRAMAPUTRA,Dhansiri,26.23000000,94.26083333,08-06-2022 13:00,2.5
185,Doyang Hep Reservoir,CWC,13,Nagaland,250,WOKHA,WOKHA,-,-,Dhansiri,Brahmaputra,BRAHMAPUTRA,BRAHMAPUTRA,BRAMAPUTRA,Dhansiri,26.23000000,94.26083333,08-06-2022 17:00,2.5
186,Doyang Hep Reservoir,CWC,13,Nagaland,250,WOKHA,WOKHA,-,-,Dhansiri,Brahmaputra,BRAHMAPUTRA,BRAHMAPUTRA,BRAMAPUTRA,Dhansiri,26.23000000,94.26083333,08-06-2022 19:00,2.5
187,Doyang Hep Reservoir,CWC,13,Nagaland,250,WOKHA,WOKHA,-,-,Dhansiri,Brahmaputra,BRAHMAPUTRA,BRAHMAPUTRA,BRAMAPUTRA,Dhansiri,26.23000000,94.26083333,08-06-2022 20:00,2.5
188,Doyang Hep Reservoir,CWC,13,Nagaland,250,WOKHA,WOKHA,-,-,Dhansiri,Brahmaputra,BRAHMAPUTRA,BRAHMAPUTRA,BRAMAPUTRA,Dhansiri,26.23000000,94.26083333,08-06-2022 23:00,2.5
189,Doyang Hep Reservoir,CWC,13,Nagaland,250,WOKHA,WOKHA,-,-,Dhansiri,Brahmaputra,BRAHMAPUTRA,BRAHMAPUTRA,BRAMAPUTRA,Dhansiri,26.23000000,94.26083333,09-06-2022 02:00,2.5
190,Doyang Hep Reservoir,CWC,13,Nagaland,250,WOKHA,WOKHA,-,-,Dhansiri,Brahmaputra,BRAHMAPUTRA,BRAHMAPUTRA,BRAMAPUTRA,Dhansiri,26.23000000,94.26083333,09-06-2022 03:00,2.5
191,Doyang Hep Reservoir,CWC,13,Nagaland,250,WOKHA,WOKHA,-,-,Dhansiri,Brahmaputra,BRAHMAPUTRA,BRAHMAPUTRA,BRAMAPUTRA,Dhansiri,26.23000000,94.26083333,09-06-2022 13:00,10
192,Doyang Hep Reservoir,CWC,13,Nagaland,250,WOKHA,WOKHA,-,-,Dhansiri,Brahmaputra,BRAHMAPUTRA,BRAHMAPUTRA,BRAMAPUTRA,Dhansiri,26.23000000,94.26083333,09-06-2022 14:00,10
193,Doyang Hep Reservoir,CWC,13,Nagaland,250,WOKHA,WOKHA,-,-,Dhansiri,Brahmaputra,BRAHMAPUTRA,BRAHMAPUTRA,BRAMAPUTRA,Dhansiri,26.23000000,94.26083333,09-06-2022 15:00,10
194,Doyang Hep Reservoir,CWC,13,Nagaland,250,WOKHA,WOKHA,-,-,Dhansiri,Brahmaputra,BRAHMAPUTRA,BRAHMAPUTRA,BRAMAPUTRA,Dhansiri,26.23000000,94.26083333,09-06-2022 17:00,10
195,Doyang Hep Reservoir,CWC,13,Nagaland,250,WOKHA,WOKHA,-,-,Dhansiri,Brahmaputra,BRAHMAPUTRA,BRAHMAPUTRA,BRAMAPUTRA,Dhansiri,26.23000000,94.26083333,09-06-2022 18:00,10
196,Doyang Hep Reservoir,CWC,13,Nagaland,250,WOKHA,WOKHA,-,-,Dhansiri,Brahmaputra,BRAHMAPUTRA,BRAHMAPUTRA,BRAMAPUTRA,Dhansiri,26.23000000,94.26083333,10-06-2022 02:00,10.5
197,Doyang Hep Reservoir,CWC,13,Nagaland,250,WOKHA,WOKHA,-,-,Dhansiri,Brahmaputra,BRAHMAPUTRA,BRAHMAPUTRA,BRAMAPUTRA,Dhansiri,26.23000000,94.26083333,10-06-2022 08:00,1.5
198,Doyang Hep Reservoir,CWC,13,Nagaland,250,WOKHA,WOKHA,-,-,Dhansiri,Brahmaputra,BRAHMAPUTRA,BRAHMAPUTRA,BRAMAPUTRA,Dhansiri,26.23000000,94.26083333,10-06-2022 10:00,2
199,Doyang Hep Reservoir,CWC,13,Nagaland,250,WOKHA,WOKHA,-,-,Dhansiri,Brahmaputra,BRAHMAPUTRA,BRAHMAPUTRA,BRAMAPUTRA,Dhansiri,26.23000000,94.26083333,10-06-2022 11:00,2
200,Doyang Hep Reservoir,CWC,13,Nagaland,250,WOKHA,WOKHA,-,-,Dhansiri,Brahmaputra,BRAHMAPUTRA,BRAHMAPUTRA,BRAMAPUTRA,Dhansiri,26.23000000,94.26083333,10-06-2022 14:00,2
201,Doyang Hep Reservoir,CWC,13,Nagaland,250,WOKHA,WOKHA,-,-,Dhansiri,Brahmaputra,BRAHMAPUTRA,BRAHMAPUTRA,BRAMAPUTRA,Dhansiri,26.23000000,94.26083333,10-06-2022 16:00,2
202,Doyang Hep Reservoir,CWC,13,Nagaland,250,WOKHA,WOKHA,-,-,Dhansiri,Brahmaputra,BRAHMAPUTRA,BRAHMAPUTRA,BRAMAPUTRA,Dhansiri,26.23000000,94.26083333,10-06-2022 17:00,2
203,Doyang Hep Reservoir,CWC,13,Nagaland,250,WOKHA,WOKHA,-,-,Dhansiri,Brahmaputra,BRAHMAPUTRA,BRAHMAPUTRA,BRAMAPUTRA,Dhansiri,26.23000000,94.26083333,10-06-2022 18:00,2
204,Doyang Hep Reservoir,CWC,13,Nagaland,250,WOKHA,WOKHA,-,-,Dhansiri,Brahmaputra,BRAHMAPUTRA,BRAHMAPUTRA,BRAMAPUTRA,Dhansiri,26.23000000,94.26083333,10-06-2022 19:00,2
205,Doyang Hep Reservoir,CWC,13,Nagaland,250,WOKHA,WOKHA,-,-,Dhansiri,Brahmaputra,BRAHMAPUTRA,BRAHMAPUTRA,BRAMAPUTRA,Dhansiri,26.23000000,94.26083333,14-06-2022 01:00,0.5
206,Doyang Hep Reservoir,CWC,13,Nagaland,250,WOKHA,WOKHA,-,-,Dhansiri,Brahmaputra,BRAHMAPUTRA,BRAHMAPUTRA,BRAMAPUTRA,Dhansiri,26.23000000,94.26083333,14-06-2022 03:00,0.5
207,Doyang Hep Reservoir,CWC,13,Nagaland,250,WOKHA,WOKHA,-,-,Dhansiri,Brahmaputra,BRAHMAPUTRA,BRAHMAPUTRA,BRAMAPUTRA,Dhansiri,26.23000000,94.26083333,14-06-2022 07:00,0.5
208,Doyang Hep Reservoir,CWC,13,Nagaland,250,WOKHA,WOKHA,-,-,Dhansiri,Brahmaputra,BRAHMAPUTRA,BRAHMAPUTRA,BRAMAPUTRA,Dhansiri,26.23000000,94.26083333,14-06-2022 11:00,6
209,Doyang Hep Reservoir,CWC,13,Nagaland,250,WOKHA,WOKHA,-,-,Dhansiri,Brahmaputra,BRAHMAPUTRA,BRAHMAPUTRA,BRAMAPUTRA,Dhansiri,26.23000000,94.26083333,14-06-2022 18:00,6
210,Doyang Hep Reservoir,CWC,13,Nagaland,250,WOKHA,WOKHA,-,-,Dhansiri,Brahmaputra,BRAHMAPUTRA,BRAHMAPUTRA,BRAMAPUTRA,Dhansiri,26.23000000,94.26083333,14-06-2022 19:00,6.5
211,Doyang Hep Reservoir,CWC,13,Nagaland,250,WOKHA,WOKHA,-,-,Dhansiri,Brahmaputra,BRAHMAPUTRA,BRAHMAPUTRA,BRAMAPUTRA,Dhansiri,26.23000000,94.26083333,14-06-2022 21:00,6.5
212,Doyang Hep Reservoir,CWC,13,Nagaland,250,WOKHA,WOKHA,-,-,Dhansiri,Brahmaputra,BRAHMAPUTRA,BRAHMAPUTRA,BRAMAPUTRA,Dhansiri,26.23000000,94.26083333,14-06-2022 22:00,6.5
213,Doyang Hep Reservoir,CWC,13,Nagaland,250,WOKHA,WOKHA,-,-,Dhansiri,Brahmaputra,BRAHMAPUTRA,BRAHMAPUTRA,BRAMAPUTRA,Dhansiri,26.23000000,94.26083333,14-06-2022 23:00,6.5
214,Doyang Hep Reservoir,CWC,13,Nagaland,250,WOKHA,WOKHA,-,-,Dhansiri,Brahmaputra,BRAHMAPUTRA,BRAHMAPUTRA,BRAMAPUTRA,Dhansiri,26.23000000,94.26083333,15-06-2022 00:00,6.5
215,Doyang Hep Reservoir,CWC,13,Nagaland,250,WOKHA,WOKHA,-,-,Dhansiri,Brahmaputra,BRAHMAPUTRA,BRAHMAPUTRA,BRAMAPUTRA,Dhansiri,26.23000000,94.26083333,15-06-2022 01:00,6.5
216,Doyang Hep Reservoir,CWC,13,Nagaland,250,WOKHA,WOKHA,-,-,Dhansiri,Brahmaputra,BRAHMAPUTRA,BRAHMAPUTRA,BRAMAPUTRA,Dhansiri,26.23000000,94.26083333,15-06-2022 03:00,6.5
217,Doyang Hep Reservoir,CWC,13,Nagaland,250,WOKHA,WOKHA,-,-,Dhansiri,Brahmaputra,BRAHMAPUTRA,BRAHMAPUTRA,BRAMAPUTRA,Dhansiri,26.23000000,94.26083333,15-06-2022 11:00,4
218,Doyang Hep Reservoir,CWC,13,Nagaland,250,WOKHA,WOKHA,-,-,Dhansiri,Brahmaputra,BRAHMAPUTRA,BRAHMAPUTRA,BRAMAPUTRA,Dhansiri,26.23000000,94.26083333,15-06-2022 15:00,4
219,Doyang Hep Reservoir,CWC,13,Nagaland,250,WOKHA,WOKHA,-,-,Dhansiri,Brahmaputra,BRAHMAPUTRA,BRAHMAPUTRA,BRAMAPUTRA,Dhansiri,26.23000000,94.26083333,15-06-2022 16:00,4
220,Doyang Hep Reservoir,CWC,13,Nagaland,250,WOKHA,WOKHA,-,-,Dhansiri,Brahmaputra,BRAHMAPUTRA,BRAHMAPUTRA,BRAMAPUTRA,Dhansiri,26.23000000,94.26083333,15-06-2022 20:00,4.5
221,Doyang Hep Reservoir,CWC,13,Nagaland,250,WOKHA,WOKHA,-,-,Dhansiri,Brahmaputra,BRAHMAPUTRA,BRAHMAPUTRA,BRAMAPUTRA,Dhansiri,26.23000000,94.26083333,15-06-2022 21:00,4.5
222,Doyang Hep Reservoir,CWC,13,Nagaland,250,WOKHA,WOKHA,-,-,Dhansiri,Brahmaputra,BRAHMAPUTRA,BRAHMAPUTRA,BRAMAPUTRA,Dhansiri,26.23000000,94.26083333,15-06-2022 22:00,4.5
223,Doyang Hep Reservoir,CWC,13,Nagaland,250,WOKHA,WOKHA,-,-,Dhansiri,Brahmaputra,BRAHMAPUTRA,BRAHMAPUTRA,BRAMAPUTRA,Dhansiri,26.23000000,94.26083333,15-06-2022 23:00,4.5
224,Doyang Hep Reservoir,CWC,13,Nagaland,250,WOKHA,WOKHA,-,-,Dhansiri,Brahmaputra,BRAHMAPUTRA,BRAHMAPUTRA,BRAMAPUTRA,Dhansiri,26.23000000,94.26083333,16-06-2022 00:00,4.5
225,Doyang Hep Reservoir,CWC,13,Nagaland,250,WOKHA,WOKHA,-,-,Dhansiri,Brahmaputra,BRAHMAPUTRA,BRAHMAPUTRA,BRAMAPUTRA,Dhansiri,26.23000000,94.26083333,16-06-2022 01:00,6
226,Doyang Hep Reservoir,CWC,13,Nagaland,250,WOKHA,WOKHA,-,-,Dhansiri,Brahmaputra,BRAHMAPUTRA,BRAHMAPUTRA,BRAMAPUTRA,Dhansiri,26.23000000,94.26083333,16-06-2022 06:00,1.5
227,Doyang Hep Reservoir,CWC,13,Nagaland,250,WOKHA,WOKHA,-,-,Dhansiri,Brahmaputra,BRAHMAPUTRA,BRAHMAPUTRA,BRAMAPUTRA,Dhansiri,26.23000000,94.26083333,16-06-2022 07:00,2
228,Doyang Hep Reservoir,CWC,13,Nagaland,250,WOKHA,WOKHA,-,-,Dhansiri,Brahmaputra,BRAHMAPUTRA,BRAHMAPUTRA,BRAMAPUTRA,Dhansiri,26.23000000,94.26083333,16-06-2022 11:00,3
229,Doyang Hep Reservoir,CWC,13,Nagaland,250,WOKHA,WOKHA,-,-,Dhansiri,Brahmaputra,BRAHMAPUTRA,BRAHMAPUTRA,BRAMAPUTRA,Dhansiri,26.23000000,94.26083333,16-06-2022 12:00,3
230,Doyang Hep Reservoir,CWC,13,Nagaland,250,WOKHA,WOKHA,-,-,Dhansiri,Brahmaputra,BRAHMAPUTRA,BRAHMAPUTRA,BRAMAPUTRA,Dhansiri,26.23000000,94.26083333,16-06-2022 14:00,3
231,Doyang Hep Reservoir,CWC,13,Nagaland,250,WOKHA,WOKHA,-,-,Dhansiri,Brahmaputra,BRAHMAPUTRA,BRAHMAPUTRA,BRAMAPUTRA,Dhansiri,26.23000000,94.26083333,16-06-2022 17:00,3
232,Doyang Hep Reservoir,CWC,13,Nagaland,250,WOKHA,WOKHA,-,-,Dhansiri,Brahmaputra,BRAHMAPUTRA,BRAHMAPUTRA,BRAMAPUTRA,Dhansiri,26.23000000,94.26083333,16-06-2022 18:00,3
233,Doyang Hep Reservoir,CWC,13,Nagaland,250,WOKHA,WOKHA,-,-,Dhansiri,Brahmaputra,BRAHMAPUTRA,BRAHMAPUTRA,BRAMAPUTRA,Dhansiri,26.23000000,94.26083333,16-06-2022 19:00,3
234,Doyang Hep Reservoir,CWC,13,Nagaland,250,WOKHA,WOKHA,-,-,Dhansiri,Brahmaputra,BRAHMAPUTRA,BRAHMAPUTRA,BRAMAPUTRA,Dhansiri,26.23000000,94.26083333,16-06-2022 20:00,3
235,Doyang Hep Reservoir,CWC,13,Nagaland,250,WOKHA,WOKHA,-,-,Dhansiri,Brahmaputra,BRAHMAPUTRA,BRAHMAPUTRA,BRAMAPUTRA,Dhansiri,26.23000000,94.26083333,16-06-2022 21:00,3
236,Doyang Hep Reservoir,CWC,13,Nagaland,250,WOKHA,WOKHA,-,-,Dhansiri,Brahmaputra,BRAHMAPUTRA,BRAHMAPUTRA,BRAMAPUTRA,Dhansiri,26.23000000,94.26083333,16-06-2022 22:00,3
237,Doyang Hep Reservoir,CWC,13,Nagaland,250,WOKHA,WOKHA,-,-,Dhansiri,Brahmaputra,BRAHMAPUTRA,BRAHMAPUTRA,BRAMAPUTRA,Dhansiri,26.23000000,94.26083333,17-06-2022 00:00,3
238,Doyang Hep Reservoir,CWC,13,Nagaland,250,WOKHA,WOKHA,-,-,Dhansiri,Brahmaputra,BRAHMAPUTRA,BRAHMAPUTRA,BRAMAPUTRA,Dhansiri,26.23000000,94.26083333,17-06-2022 01:00,3
239,Doyang Hep Reservoir,CWC,13,Nagaland,250,WOKHA,WOKHA,-,-,Dhansiri,Brahmaputra,BRAHMAPUTRA,BRAHMAPUTRA,BRAMAPUTRA,Dhansiri,26.23000000,94.26083333,17-06-2022 02:00,3.5
240,Doyang Hep Reservoir,CWC,13,Nagaland,250,WOKHA,WOKHA,-,-,Dhansiri,Brahmaputra,BRAHMAPUTRA,BRAHMAPUTRA,BRAMAPUTRA,Dhansiri,26.23000000,94.26083333,17-06-2022 03:00,3.5
241,Doyang Hep Reservoir,CWC,13,Nagaland,250,WOKHA,WOKHA,-,-,Dhansiri,Brahmaputra,BRAHMAPUTRA,BRAHMAPUTRA,BRAMAPUTRA,Dhansiri,26.23000000,94.26083333,17-06-2022 04:00,2
242,Doyang Hep Reservoir,CWC,13,Nagaland,250,WOKHA,WOKHA,-,-,Dhansiri,Brahmaputra,BRAHMAPUTRA,BRAHMAPUTRA,BRAMAPUTRA,Dhansiri,26.23000000,94.26083333,17-06-2022 05:00,3
243,Doyang Hep Reservoir,CWC,13,Nagaland,250,WOKHA,WOKHA,-,-,Dhansiri,Brahmaputra,BRAHMAPUTRA,BRAHMAPUTRA,BRAMAPUTRA,Dhansiri,26.23000000,94.26083333,17-06-2022 06:00,4
244,Doyang Hep Reservoir,CWC,13,Nagaland,250,WOKHA,WOKHA,-,-,Dhansiri,Brahmaputra,BRAHMAPUTRA,BRAHMAPUTRA,BRAMAPUTRA,Dhansiri,26.23000000,94.26083333,17-06-2022 07:00,5
245,Doyang Hep Reservoir,CWC,13,Nagaland,250,WOKHA,WOKHA,-,-,Dhansiri,Brahmaputra,BRAHMAPUTRA,BRAHMAPUTRA,BRAMAPUTRA,Dhansiri,26.23000000,94.26083333,17-06-2022 08:00,5.5
246,Doyang Hep Reservoir,CWC,13,Nagaland,250,WOKHA,WOKHA,-,-,Dhansiri,Brahmaputra,BRAHMAPUTRA,BRAHMAPUTRA,BRAMAPUTRA,Dhansiri,26.23000000,94.26083333,17-06-2022 10:00,5.5
247,Doyang Hep Reservoir,CWC,13,Nagaland,250,WOKHA,WOKHA,-,-,Dhansiri,Brahmaputra,BRAHMAPUTRA,BRAHMAPUTRA,BRAMAPUTRA,Dhansiri,26.23000000,94.26083333,17-06-2022 11:00,5.5
248,Doyang Hep Reservoir,CWC,13,Nagaland,250,WOKHA,WOKHA,-,-,Dhansiri,Brahmaputra,BRAHMAPUTRA,BRAHMAPUTRA,BRAMAPUTRA,Dhansiri,26.23000000,94.26083333,17-06-2022 12:00,5.5
249,Doyang Hep Reservoir,CWC,13,Nagaland,250,WOKHA,WOKHA,-,-,Dhansiri,Brahmaputra,BRAHMAPUTRA,BRAHMAPUTRA,BRAMAPUTRA,Dhansiri,26.23000000,94.26083333,17-06-2022 13:00,5.5
250,Doyang Hep Reservoir,CWC,13,Nagaland,250,WOKHA,WOKHA,-,-,Dhansiri,Brahmaputra,BRAHMAPUTRA,BRAHMAPUTRA,BRAMAPUTRA,Dhansiri,26.23000000,94.26083333,17-06-2022 14:00,5.5
251,Doyang Hep Reservoir,CWC,13,Nagaland,250,WOKHA,WOKHA,-,-,Dhansiri,Brahmaputra,BRAHMAPUTRA,BRAHMAPUTRA,BRAMAPUTRA,Dhansiri,26.23000000,94.26083333,17-06-2022 15:00,5.5
252,Doyang Hep Reservoir,CWC,13,Nagaland,250,WOKHA,WOKHA,-,-,Dhansiri,Brahmaputra,BRAHMAPUTRA,BRAHMAPUTRA,BRAMAPUTRA,Dhansiri,26.23000000,94.26083333,17-06-2022 16:00,5.5
253,Doyang Hep Reservoir,CWC,13,Nagaland,250,WOKHA,WOKHA,-,-,Dhansiri,Brahmaputra,BRAHMAPUTRA,BRAHMAPUTRA,BRAMAPUTRA,Dhansiri,26.23000000,94.26083333,17-06-2022 19:00,5.5
254,Doyang Hep Reservoir,CWC,13,Nagaland,250,WOKHA,WOKHA,-,-,Dhansiri,Brahmaputra,BRAHMAPUTRA,BRAHMAPUTRA,BRAMAPUTRA,Dhansiri,26.23000000,94.26083333,17-06-2022 20:00,5.5
255,Doyang Hep Reservoir,CWC,13,Nagaland,250,WOKHA,WOKHA,-,-,Dhansiri,Brahmaputra,BRAHMAPUTRA,BRAHMAPUTRA,BRAMAPUTRA,Dhansiri,26.23000000,94.26083333,17-06-2022 21:00,6
256,Doyang Hep Reservoir,CWC,13,Nagaland,250,WOKHA,WOKHA,-,-,Dhansiri,Brahmaputra,BRAHMAPUTRA,BRAHMAPUTRA,BRAMAPUTRA,Dhansiri,26.23000000,94.26083333,18-06-2022 00:00,7.5
257,Doyang Hep Reservoir,CWC,13,Nagaland,250,WOKHA,WOKHA,-,-,Dhansiri,Brahmaputra,BRAHMAPUTRA,BRAHMAPUTRA,BRAMAPUTRA,Dhansiri,26.23000000,94.26083333,18-06-2022 01:00,7.5
258,Doyang Hep Reservoir,CWC,13,Nagaland,250,WOKHA,WOKHA,-,-,Dhansiri,Brahmaputra,BRAHMAPUTRA,BRAHMAPUTRA,BRAMAPUTRA,Dhansiri,26.23000000,94.26083333,18-06-2022 02:00,7.5
259,Doyang Hep Reservoir,CWC,13,Nagaland,250,WOKHA,WOKHA,-,-,Dhansiri,Brahmaputra,BRAHMAPUTRA,BRAHMAPUTRA,BRAMAPUTRA,Dhansiri,26.23000000,94.26083333,18-06-2022 03:00,7.5
260,Doyang Hep Reservoir,CWC,13,Nagaland,250,WOKHA,WOKHA,-,-,Dhansiri,Brahmaputra,BRAHMAPUTRA,BRAHMAPUTRA,BRAMAPUTRA,Dhansiri,26.23000000,94.26083333,19-06-2022 04:00,0.5
261,Doyang Hep Reservoir,CWC,13,Nagaland,250,WOKHA,WOKHA,-,-,Dhansiri,Brahmaputra,BRAHMAPUTRA,BRAHMAPUTRA,BRAMAPUTRA,Dhansiri,26.23000000,94.26083333,19-06-2022 09:00,0.5
262,Doyang Hep Reservoir,CWC,13,Nagaland,250,WOKHA,WOKHA,-,-,Dhansiri,Brahmaputra,BRAHMAPUTRA,BRAHMAPUTRA,BRAMAPUTRA,Dhansiri,26.23000000,94.26083333,19-06-2022 12:00,0.5
263,Doyang Hep Reservoir,CWC,13,Nagaland,250,WOKHA,WOKHA,-,-,Dhansiri,Brahmaputra,BRAHMAPUTRA,BRAHMAPUTRA,BRAMAPUTRA,Dhansiri,26.23000000,94.26083333,19-06-2022 13:00,0.5
264,Doyang Hep Reservoir,CWC,13,Nagaland,250,WOKHA,WOKHA,-,-,Dhansiri,Brahmaputra,BRAHMAPUTRA,BRAHMAPUTRA,BRAMAPUTRA,Dhansiri,26.23000000,94.26083333,19-06-2022 16:00,0.5
265,Doyang Hep Reservoir,CWC,13,Nagaland,250,WOKHA,WOKHA,-,-,Dhansiri,Brahmaputra,BRAHMAPUTRA,BRAHMAPUTRA,BRAMAPUTRA,Dhansiri,26.23000000,94.26083333,19-06-2022 21:00,0.5
266,Doyang Hep Reservoir,CWC,13,Nagaland,250,WOKHA,WOKHA,-,-,Dhansiri,Brahmaputra,BRAHMAPUTRA,BRAHMAPUTRA,BRAMAPUTRA,Dhansiri,26.23000000,94.26083333,19-06-2022 23:00,0.5
267,Doyang Hep Reservoir,CWC,13,Nagaland,250,WOKHA,WOKHA,-,-,Dhansiri,Brahmaputra,BRAHMAPUTRA,BRAHMAPUTRA,BRAMAPUTRA,Dhansiri,26.23000000,94.26083333,20-06-2022 00:00,0.5
268,Doyang Hep Reservoir,CWC,13,Nagaland,250,WOKHA,WOKHA,-,-,Dhansiri,Brahmaputra,BRAHMAPUTRA,BRAHMAPUTRA,BRAMAPUTRA,Dhansiri,26.23000000,94.26083333,20-06-2022 01:00,0.5
269,Doyang Hep Reservoir,CWC,13,Nagaland,250,WOKHA,WOKHA,-,-,Dhansiri,Brahmaputra,BRAHMAPUTRA,BRAHMAPUTRA,BRAMAPUTRA,Dhansiri,26.23000000,94.26083333,20-06-2022 02:00,0.5
270,Doyang Hep Reservoir,CWC,13,Nagaland,250,WOKHA,WOKHA,-,-,Dhansiri,Brahmaputra,BRAHMAPUTRA,BRAHMAPUTRA,BRAMAPUTRA,Dhansiri,26.23000000,94.26083333,20-06-2022 14:00,26.5
271,Doyang Hep Reservoir,CWC,13,Nagaland,250,WOKHA,WOKHA,-,-,Dhansiri,Brahmaputra,BRAHMAPUTRA,BRAHMAPUTRA,BRAMAPUTRA,Dhansiri,26.23000000,94.26083333,20-06-2022 16:00,27
272,Doyang Hep Reservoir,CWC,13,Nagaland,250,WOKHA,WOKHA,-,-,Dhansiri,Brahmaputra,BRAHMAPUTRA,BRAHMAPUTRA,BRAMAPUTRA,Dhansiri,26.23000000,94.26083333,20-06-2022 19:00,27
273,Doyang Hep Reservoir,CWC,13,Nagaland,250,WOKHA,WOKHA,-,-,Dhansiri,Brahmaputra,BRAHMAPUTRA,BRAHMAPUTRA,BRAMAPUTRA,Dhansiri,26.23000000,94.26083333,20-06-2022 20:00,27
274,Doyang Hep Reservoir,CWC,13,Nagaland,250,WOKHA,WOKHA,-,-,Dhansiri,Brahmaputra,BRAHMAPUTRA,BRAHMAPUTRA,BRAMAPUTRA,Dhansiri,26.23000000,94.26083333,20-06-2022 23:00,27
275,Doyang Hep Reservoir,CWC,13,Nagaland,250,WOKHA,WOKHA,-,-,Dhansiri,Brahmaputra,BRAHMAPUTRA,BRAHMAPUTRA,BRAMAPUTRA,Dhansiri,26.23000000,94.26083333,21-06-2022 02:00,27
276,Doyang Hep Reservoir,CWC,13,Nagaland,250,WOKHA,WOKHA,-,-,Dhansiri,Brahmaputra,BRAHMAPUTRA,BRAHMAPUTRA,BRAMAPUTRA,Dhansiri,26.23000000,94.26083333,21-06-2022 15:00,1.5
277,Doyang Hep Reservoir,CWC,13,Nagaland,250,WOKHA,WOKHA,-,-,Dhansiri,Brahmaputra,BRAHMAPUTRA,BRAHMAPUTRA,BRAMAPUTRA,Dhansiri,26.23000000,94.26083333,21-06-2022 17:00,15
278,Doyang Hep Reservoir,CWC,13,Nagaland,250,WOKHA,WOKHA,-,-,Dhansiri,Brahmaputra,BRAHMAPUTRA,BRAHMAPUTRA,BRAMAPUTRA,Dhansiri,26.23000000,94.26083333,21-06-2022 19:00,15.5
279,Doyang Hep Reservoir,CWC,13,Nagaland,250,WOKHA,WOKHA,-,-,Dhansiri,Brahmaputra,BRAHMAPUTRA,BRAHMAPUTRA,BRAMAPUTRA,Dhansiri,26.23000000,94.26083333,21-06-2022 21:00,59
280,Doyang Hep Reservoir,CWC,13,Nagaland,250,WOKHA,WOKHA,-,-,Dhansiri,Brahmaputra,BRAHMAPUTRA,BRAHMAPUTRA,BRAMAPUTRA,Dhansiri,26.23000000,94.26083333,21-06-2022 22:00,63
281,Doyang Hep Reservoir,CWC,13,Nagaland,250,WOKHA,WOKHA,-,-,Dhansiri,Brahmaputra,BRAHMAPUTRA,BRAHMAPUTRA,BRAMAPUTRA,Dhansiri,26.23000000,94.26083333,22-06-2022 01:00,74
282,Doyang Hep Reservoir,CWC,13,Nagaland,250,WOKHA,WOKHA,-,-,Dhansiri,Brahmaputra,BRAHMAPUTRA,BRAHMAPUTRA,BRAMAPUTRA,Dhansiri,26.23000000,94.26083333,22-06-2022 21:00,4
283,Doyang Hep Reservoir,CWC,13,Nagaland,250,WOKHA,WOKHA,-,-,Dhansiri,Brahmaputra,BRAHMAPUTRA,BRAHMAPUTRA,BRAMAPUTRA,Dhansiri,26.23000000,94.26083333,22-06-2022 23:00,4
284,Doyang Hep Reservoir,CWC,13,Nagaland,250,WOKHA,WOKHA,-,-,Dhansiri,Brahmaputra,BRAHMAPUTRA,BRAHMAPUTRA,BRAMAPUTRA,Dhansiri,26.23000000,94.26083333,24-06-2022 20:00,36.5
285,Doyang Hep Reservoir,CWC,13,Nagaland,250,WOKHA,WOKHA,-,-,Dhansiri,Brahmaputra,BRAHMAPUTRA,BRAHMAPUTRA,BRAMAPUTRA,Dhansiri,26.23000000,94.26083333,24-06-2022 22:00,40
286,Doyang Hep Reservoir,CWC,13,Nagaland,250,WOKHA,WOKHA,-,-,Dhansiri,Brahmaputra,BRAHMAPUTRA,BRAHMAPUTRA,BRAMAPUTRA,Dhansiri,26.23000000,94.26083333,24-06-2022 23:00,40.5
287,Doyang Hep Reservoir,CWC,13,Nagaland,250,WOKHA,WOKHA,-,-,Dhansiri,Brahmaputra,BRAHMAPUTRA,BRAHMAPUTRA,BRAMAPUTRA,Dhansiri,26.23000000,94.26083333,25-06-2022 01:00,40.5
288,Doyang Hep Reservoir,CWC,13,Nagaland,250,WOKHA,WOKHA,-,-,Dhansiri,Brahmaputra,BRAHMAPUTRA,BRAHMAPUTRA,BRAMAPUTRA,Dhansiri,26.23000000,94.26083333,25-06-2022 03:00,40.5
289,Doyang Hep Reservoir,CWC,13,Nagaland,250,WOKHA,WOKHA,-,-,Dhansiri,Brahmaputra,BRAHMAPUTRA,BRAHMAPUTRA,BRAMAPUTRA,Dhansiri,26.23000000,94.26083333,28-06-2022 07:00,5
290,Doyang Hep Reservoir,CWC,13,Nagaland,250,WOKHA,WOKHA,-,-,Dhansiri,Brahmaputra,BRAHMAPUTRA,BRAHMAPUTRA,BRAMAPUTRA,Dhansiri,26.23000000,94.26083333,28-06-2022 11:00,6
291,Doyang Hep Reservoir,CWC,13,Nagaland,250,WOKHA,WOKHA,-,-,Dhansiri,Brahmaputra,BRAHMAPUTRA,BRAHMAPUTRA,BRAMAPUTRA,Dhansiri,26.23000000,94.26083333,28-06-2022 15:00,6
292,Doyang Hep Reservoir,CWC,13,Nagaland,250,WOKHA,WOKHA,-,-,Dhansiri,Brahmaputra,BRAHMAPUTRA,BRAHMAPUTRA,BRAMAPUTRA,Dhansiri,26.23000000,94.26083333,28-06-2022 19:00,6
293,Doyang Hep Reservoir,CWC,13,Nagaland,250,WOKHA,WOKHA,-,-,Dhansiri,Brahmaputra,BRAHMAPUTRA,BRAHMAPUTRA,BRAMAPUTRA,Dhansiri,26.23000000,94.26083333,28-06-2022 22:00,6
294,Doyang Hep Reservoir,CWC,13,Nagaland,250,WOKHA,WOKHA,-,-,Dhansiri,Brahmaputra,BRAHMAPUTRA,BRAHMAPUTRA,BRAMAPUTRA,Dhansiri,26.23000000,94.26083333,29-06-2022 03:00,6
295,Doyang Hep Reservoir,CWC,13,Nagaland,250,WOKHA,WOKHA,-,-,Dhansiri,Brahmaputra,BRAHMAPUTRA,BRAHMAPUTRA,BRAMAPUTRA,Dhansiri,26.23000000,94.26083333,29-06-2022 09:00,11
296,Doyang Hep Reservoir,CWC,13,Nagaland,250,WOKHA,WOKHA,-,-,Dhansiri,Brahmaputra,BRAHMAPUTRA,BRAHMAPUTRA,BRAMAPUTRA,Dhansiri,26.23000000,94.26083333,29-06-2022 13:00,18
297,Doyang Hep Reservoir,CWC,13,Nagaland,250,WOKHA,WOKHA,-,-,Dhansiri,Brahmaputra,BRAHMAPUTRA,BRAHMAPUTRA,BRAMAPUTRA,Dhansiri,26.23000000,94.26083333,29-06-2022 15:00,18
298,Doyang Hep Reservoir,CWC,13,Nagaland,250,WOKHA,WOKHA,-,-,Dhansiri,Brahmaputra,BRAHMAPUTRA,BRAHMAPUTRA,BRAMAPUTRA,Dhansiri,26.23000000,94.26083333,29-06-2022 18:00,18
299,Doyang Hep Reservoir,CWC,13,Nagaland,250,WOKHA,WOKHA,-,-,Dhansiri,Brahmaputra,BRAHMAPUTRA,BRAHMAPUTRA,BRAMAPUTRA,Dhansiri,26.23000000,94.26083333,29-06-2022 19:00,18
300,Doyang Hep Reservoir,CWC,13,Nagaland,250,WOKHA,WOKHA,-,-,Dhansiri,Brahmaputra,BRAHMAPUTRA,BRAHMAPUTRA,BRAMAPUTRA,Dhansiri,26.23000000,94.26083333,29-06-2022 22:00,18
301,Doyang Hep Reservoir,CWC,13,Nagaland,250,WOKHA,WOKHA,-,-,Dhansiri,Brahmaputra,BRAHMAPUTRA,BRAHMAPUTRA,BRAMAPUTRA,Dhansiri,26.23000000,94.26083333,30-06-2022 07:00,1
302,Doyang Hep Reservoir,CWC,13,Nagaland,250,WOKHA,WOKHA,-,-,Dhansiri,Brahmaputra,BRAHMAPUTRA,BRAHMAPUTRA,BRAMAPUTRA,Dhansiri,26.23000000,94.26083333,30-06-2022 12:00,1
303,Doyang Hep Reservoir,CWC,13,Nagaland,250,WOKHA,WOKHA,-,-,Dhansiri,Brahmaputra,BRAHMAPUTRA,BRAHMAPUTRA,BRAMAPUTRA,Dhansiri,26.23000000,94.26083333,30-06-2022 13:00,1
304,Doyang Hep Reservoir,CWC,13,Nagaland,250,WOKHA,WOKHA,-,-,Dhansiri,Brahmaputra,BRAHMAPUTRA,BRAHMAPUTRA,BRAMAPUTRA,Dhansiri,26.23000000,94.26083333,30-06-2022 15:00,1
305,Doyang Hep Reservoir,CWC,13,Nagaland,250,WOKHA,WOKHA,-,-,Dhansiri,Brahmaputra,BRAHMAPUTRA,BRAHMAPUTRA,BRAMAPUTRA,Dhansiri,26.23000000,94.26083333,30-06-2022 18:00,1
306,Doyang Hep Reservoir,CWC,13,Nagaland,250,WOKHA,WOKHA,-,-,Dhansiri,Brahmaputra,BRAHMAPUTRA,BRAHMAPUTRA,BRAMAPUTRA,Dhansiri,26.23000000,94.26083333,30-06-2022 19:00,1
307,Doyang Hep Reservoir,CWC,13,Nagaland,250,WOKHA,WOKHA,-,-,Dhansiri,Brahmaputra,BRAHMAPUTRA,BRAHMAPUTRA,BRAMAPUTRA,Dhansiri,26.23000000,94.26083333,30-06-2022 21:00,1
308,Doyang Hep Reservoir,CWC,13,Nagaland,250,WOKHA,WOKHA,-,-,Dhansiri,Brahmaputra,BRAHMAPUTRA,BRAHMAPUTRA,BRAMAPUTRA,Dhansiri,26.23000000,94.26083333,30-06-2022 22:00,1
309,Doyang Hep Reservoir,CWC,13,Nagaland,250,WOKHA,WOKHA,-,-,Dhansiri,Brahmaputra,BRAHMAPUTRA,BRAHMAPUTRA,BRAMAPUTRA,Dhansiri,26.23000000,94.26083333,30-06-2022 23:00,1
310,Doyang Hep Reservoir,CWC,13,Nagaland,250,WOKHA,WOKHA,-,-,Dhansiri,Brahmaputra,BRAHMAPUTRA,BRAHMAPUTRA,BRAMAPUTRA,Dhansiri,26.23000000,94.26083333,01-07-2022 01:00,1
311,Doyang Hep Reservoir,CWC,13,Nagaland,250,WOKHA,WOKHA,-,-,Dhansiri,Brahmaputra,BRAHMAPUTRA,BRAHMAPUTRA,BRAMAPUTRA,Dhansiri,26.23000000,94.26083333,01-07-2022 02:00,1
312,Doyang Hep Reservoir,CWC,13,Nagaland,250,WOKHA,WOKHA,-,-,Dhansiri,Brahmaputra,BRAHMAPUTRA,BRAHMAPUTRA,BRAMAPUTRA,Dhansiri,26.23000000,94.26083333,01-07-2022 03:00,1
313,Doyang Hep Reservoir,CWC,13,Nagaland,250,WOKHA,WOKHA,-,-,Dhansiri,Brahmaputra,BRAHMAPUTRA,BRAHMAPUTRA,BRAMAPUTRA,Dhansiri,26.23000000,94.26083333,02-07-2022 12:00,5.5
314,Doyang Hep Reservoir,CWC,13,Nagaland,250,WOKHA,WOKHA,-,-,Dhansiri,Brahmaputra,BRAHMAPUTRA,BRAHMAPUTRA,BRAMAPUTRA,Dhansiri,26.23000000,94.26083333,02-07-2022 14:00,14
315,Doyang Hep Reservoir,CWC,13,Nagaland,250,WOKHA,WOKHA,-,-,Dhansiri,Brahmaputra,BRAHMAPUTRA,BRAHMAPUTRA,BRAMAPUTRA,Dhansiri,26.23000000,94.26083333,02-07-2022 15:00,14
316,Doyang Hep Reservoir,CWC,13,Nagaland,250,WOKHA,WOKHA,-,-,Dhansiri,Brahmaputra,BRAHMAPUTRA,BRAHMAPUTRA,BRAMAPUTRA,Dhansiri,26.23000000,94.26083333,02-07-2022 16:00,14
317,Doyang Hep Reservoir,CWC,13,Nagaland,250,WOKHA,WOKHA,-,-,Dhansiri,Brahmaputra,BRAHMAPUTRA,BRAHMAPUTRA,BRAMAPUTRA,Dhansiri,26.23000000,94.26083333,02-07-2022 20:00,14
318,Doyang Hep Reservoir,CWC,13,Nagaland,250,WOKHA,WOKHA,-,-,Dhansiri,Brahmaputra,BRAHMAPUTRA,BRAHMAPUTRA,BRAMAPUTRA,Dhansiri,26.23000000,94.26083333,02-07-2022 21:00,14
319,Doyang Hep Reservoir,CWC,13,Nagaland,250,WOKHA,WOKHA,-,-,Dhansiri,Brahmaputra,BRAHMAPUTRA,BRAHMAPUTRA,BRAMAPUTRA,Dhansiri,26.23000000,94.26083333,02-07-2022 22:00,14
320,Doyang Hep Reservoir,CWC,13,Nagaland,250,WOKHA,WOKHA,-,-,Dhansiri,Brahmaputra,BRAHMAPUTRA,BRAHMAPUTRA,BRAMAPUTRA,Dhansiri,26.23000000,94.26083333,03-07-2022 00:00,14
321,Doyang Hep Reservoir,CWC,13,Nagaland,250,WOKHA,WOKHA,-,-,Dhansiri,Brahmaputra,BRAHMAPUTRA,BRAHMAPUTRA,BRAMAPUTRA,Dhansiri,26.23000000,94.26083333,03-07-2022 01:00,14.5
322,Doyang Hep Reservoir,CWC,13,Nagaland,250,WOKHA,WOKHA,-,-,Dhansiri,Brahmaputra,BRAHMAPUTRA,BRAHMAPUTRA,BRAMAPUTRA,Dhansiri,26.23000000,94.26083333,03-07-2022 02:00,15.5
323,Doyang Hep Reservoir,CWC,13,Nagaland,250,WOKHA,WOKHA,-,-,Dhansiri,Brahmaputra,BRAHMAPUTRA,BRAHMAPUTRA,BRAMAPUTRA,Dhansiri,26.23000000,94.26083333,05-07-2022 17:00,3.5
324,Doyang Hep Reservoir,CWC,13,Nagaland,250,WOKHA,WOKHA,-,-,Dhansiri,Brahmaputra,BRAHMAPUTRA,BRAHMAPUTRA,BRAMAPUTRA,Dhansiri,26.23000000,94.26083333,05-07-2022 18:00,10
325,Doyang Hep Reservoir,CWC,13,Nagaland,250,WOKHA,WOKHA,-,-,Dhansiri,Brahmaputra,BRAHMAPUTRA,BRAHMAPUTRA,BRAMAPUTRA,Dhansiri,26.23000000,94.26083333,05-07-2022 19:00,10
326,Doyang Hep Reservoir,CWC,13,Nagaland,250,WOKHA,WOKHA,-,-,Dhansiri,Brahmaputra,BRAHMAPUTRA,BRAHMAPUTRA,BRAMAPUTRA,Dhansiri,26.23000000,94.26083333,05-07-2022 20:00,10
327,Doyang Hep Reservoir,CWC,13,Nagaland,250,WOKHA,WOKHA,-,-,Dhansiri,Brahmaputra,BRAHMAPUTRA,BRAHMAPUTRA,BRAMAPUTRA,Dhansiri,26.23000000,94.26083333,05-07-2022 21:00,10
328,Doyang Hep Reservoir,CWC,13,Nagaland,250,WOKHA,WOKHA,-,-,Dhansiri,Brahmaputra,BRAHMAPUTRA,BRAHMAPUTRA,BRAMAPUTRA,Dhansiri,26.23000000,94.26083333,05-07-2022 22:00,10
329,Doyang Hep Reservoir,CWC,13,Nagaland,250,WOKHA,WOKHA,-,-,Dhansiri,Brahmaputra,BRAHMAPUTRA,BRAHMAPUTRA,BRAMAPUTRA,Dhansiri,26.23000000,94.26083333,05-07-2022 23:00,10
330,Doyang Hep Reservoir,CWC,13,Nagaland,250,WOKHA,WOKHA,-,-,Dhansiri,Brahmaputra,BRAHMAPUTRA,BRAHMAPUTRA,BRAMAPUTRA,Dhansiri,26.23000000,94.26083333,06-07-2022 00:00,10
331,Doyang Hep Reservoir,CWC,13,Nagaland,250,WOKHA,WOKHA,-,-,Dhansiri,Brahmaputra,BRAHMAPUTRA,BRAHMAPUTRA,BRAMAPUTRA,Dhansiri,26.23000000,94.26083333,06-07-2022 01:00,10
332,Doyang Hep Reservoir,CWC,13,Nagaland,250,WOKHA,WOKHA,-,-,Dhansiri,Brahmaputra,BRAHMAPUTRA,BRAHMAPUTRA,BRAMAPUTRA,Dhansiri,26.23000000,94.26083333,06-07-2022 02:00,10
333,Doyang Hep Reservoir,CWC,13,Nagaland,250,WOKHA,WOKHA,-,-,Dhansiri,Brahmaputra,BRAHMAPUTRA,BRAHMAPUTRA,BRAMAPUTRA,Dhansiri,26.23000000,94.26083333,06-07-2022 03:00,10
334,Doyang Hep Reservoir,CWC,13,Nagaland,250,WOKHA,WOKHA,-,-,Dhansiri,Brahmaputra,BRAHMAPUTRA,BRAHMAPUTRA,BRAMAPUTRA,Dhansiri,26.23000000,94.26083333,08-07-2022 00:00,2
335,Doyang Hep Reservoir,CWC,13,Nagaland,250,WOKHA,WOKHA,-,-,Dhansiri,Brahmaputra,BRAHMAPUTRA,BRAHMAPUTRA,BRAMAPUTRA,Dhansiri,26.23000000,94.26083333,08-07-2022 01:00,21.5
336,Doyang Hep Reservoir,CWC,13,Nagaland,250,WOKHA,WOKHA,-,-,Dhansiri,Brahmaputra,BRAHMAPUTRA,BRAHMAPUTRA,BRAMAPUTRA,Dhansiri,26.23000000,94.26083333,08-07-2022 02:00,24.5
337,Doyang Hep Reservoir,CWC,13,Nagaland,250,WOKHA,WOKHA,-,-,Dhansiri,Brahmaputra,BRAHMAPUTRA,BRAHMAPUTRA,BRAMAPUTRA,Dhansiri,26.23000000,94.26083333,08-07-2022 03:00,25.5
338,Doyang Hep Reservoir,CWC,13,Nagaland,250,WOKHA,WOKHA,-,-,Dhansiri,Brahmaputra,BRAHMAPUTRA,BRAHMAPUTRA,BRAMAPUTRA,Dhansiri,26.23000000,94.26083333,08-07-2022 07:00,0.5
339,Doyang Hep Reservoir,CWC,13,Nagaland,250,WOKHA,WOKHA,-,-,Dhansiri,Brahmaputra,BRAHMAPUTRA,BRAHMAPUTRA,BRAMAPUTRA,Dhansiri,26.23000000,94.26083333,08-07-2022 08:00,0.5
340,Doyang Hep Reservoir,CWC,13,Nagaland,250,WOKHA,WOKHA,-,-,Dhansiri,Brahmaputra,BRAHMAPUTRA,BRAHMAPUTRA,BRAMAPUTRA,Dhansiri,26.23000000,94.26083333,08-07-2022 11:00,0.5
341,Doyang Hep Reservoir,CWC,13,Nagaland,250,WOKHA,WOKHA,-,-,Dhansiri,Brahmaputra,BRAHMAPUTRA,BRAHMAPUTRA,BRAMAPUTRA,Dhansiri,26.23000000,94.26083333,08-07-2022 13:00,0.5
342,Doyang Hep Reservoir,CWC,13,Nagaland,250,WOKHA,WOKHA,-,-,Dhansiri,Brahmaputra,BRAHMAPUTRA,BRAHMAPUTRA,BRAMAPUTRA,Dhansiri,26.23000000,94.26083333,08-07-2022 19:00,0.5
343,Doyang Hep Reservoir,CWC,13,Nagaland,250,WOKHA,WOKHA,-,-,Dhansiri,Brahmaputra,BRAHMAPUTRA,BRAHMAPUTRA,BRAMAPUTRA,Dhansiri,26.23000000,94.26083333,08-07-2022 21:00,0.5
344,Doyang Hep Reservoir,CWC,13,Nagaland,250,WOKHA,WOKHA,-,-,Dhansiri,Brahmaputra,BRAHMAPUTRA,BRAHMAPUTRA,BRAMAPUTRA,Dhansiri,26.23000000,94.26083333,09-07-2022 00:00,0.5
345,Doyang Hep Reservoir,CWC,13,Nagaland,250,WOKHA,WOKHA,-,-,Dhansiri,Brahmaputra,BRAHMAPUTRA,BRAHMAPUTRA,BRAMAPUTRA,Dhansiri,26.23000000,94.26083333,09-07-2022 02:00,0.5
346,Doyang Hep Reservoir,CWC,13,Nagaland,250,WOKHA,WOKHA,-,-,Dhansiri,Brahmaputra,BRAHMAPUTRA,BRAHMAPUTRA,BRAMAPUTRA,Dhansiri,26.23000000,94.26083333,09-07-2022 03:00,0.5
347,Doyang Hep Reservoir,CWC,13,Nagaland,250,WOKHA,WOKHA,-,-,Dhansiri,Brahmaputra,BRAHMAPUTRA,BRAHMAPUTRA,BRAMAPUTRA,Dhansiri,26.23000000,94.26083333,10-07-2022 12:00,11.5
348,Doyang Hep Reservoir,CWC,13,Nagaland,250,WOKHA,WOKHA,-,-,Dhansiri,Brahmaputra,BRAHMAPUTRA,BRAHMAPUTRA,BRAMAPUTRA,Dhansiri,26.23000000,94.26083333,10-07-2022 14:00,11.5
349,Doyang Hep Reservoir,CWC,13,Nagaland,250,WOKHA,WOKHA,-,-,Dhansiri,Brahmaputra,BRAHMAPUTRA,BRAHMAPUTRA,BRAMAPUTRA,Dhansiri,26.23000000,94.26083333,10-07-2022 16:00,11.5
350,Doyang Hep Reservoir,CWC,13,Nagaland,250,WOKHA,WOKHA,-,-,Dhansiri,Brahmaputra,BRAHMAPUTRA,BRAHMAPUTRA,BRAMAPUTRA,Dhansiri,26.23000000,94.26083333,10-07-2022 18:00,11.5
351,Doyang Hep Reservoir,CWC,13,Nagaland,250,WOKHA,WOKHA,-,-,Dhansiri,Brahmaputra,BRAHMAPUTRA,BRAHMAPUTRA,BRAMAPUTRA,Dhansiri,26.23000000,94.26083333,10-07-2022 19:00,11.5
352,Doyang Hep Reservoir,CWC,13,Nagaland,250,WOKHA,WOKHA,-,-,Dhansiri,Brahmaputra,BRAHMAPUTRA,BRAHMAPUTRA,BRAMAPUTRA,Dhansiri,26.23000000,94.26083333,10-07-2022 21:00,11.5
353,Doyang Hep Reservoir,CWC,13,Nagaland,250,WOKHA,WOKHA,-,-,Dhansiri,Brahmaputra,BRAHMAPUTRA,BRAHMAPUTRA,BRAMAPUTRA,Dhansiri,26.23000000,94.26083333,10-07-2022 22:00,11.5
354,Doyang Hep Reservoir,CWC,13,Nagaland,250,WOKHA,WOKHA,-,-,Dhansiri,Brahmaputra,BRAHMAPUTRA,BRAHMAPUTRA,BRAMAPUTRA,Dhansiri,26.23000000,94.26083333,10-07-2022 23:00,11.5
355,Doyang Hep Reservoir,CWC,13,Nagaland,250,WOKHA,WOKHA,-,-,Dhansiri,Brahmaputra,BRAHMAPUTRA,BRAHMAPUTRA,BRAMAPUTRA,Dhansiri,26.23000000,94.26083333,11-07-2022 00:00,11.5
356,Doyang Hep Reservoir,CWC,13,Nagaland,250,WOKHA,WOKHA,-,-,Dhansiri,Brahmaputra,BRAHMAPUTRA,BRAHMAPUTRA,BRAMAPUTRA,Dhansiri,26.23000000,94.26083333,11-07-2022 01:00,11.5
357,Doyang Hep Reservoir,CWC,13,Nagaland,250,WOKHA,WOKHA,-,-,Dhansiri,Brahmaputra,BRAHMAPUTRA,BRAHMAPUTRA,BRAMAPUTRA,Dhansiri,26.23000000,94.26083333,11-07-2022 02:00,11.5
358,Doyang Hep Reservoir,CWC,13,Nagaland,250,WOKHA,WOKHA,-,-,Dhansiri,Brahmaputra,BRAHMAPUTRA,BRAHMAPUTRA,BRAMAPUTRA,Dhansiri,26.23000000,94.26083333,11-07-2022 03:00,11.5
359,Doyang Hep Reservoir,CWC,13,Nagaland,250,WOKHA,WOKHA,-,-,Dhansiri,Brahmaputra,BRAHMAPUTRA,BRAHMAPUTRA,BRAMAPUTRA,Dhansiri,26.23000000,94.26083333,11-07-2022 14:00,2
360,Doyang Hep Reservoir,CWC,13,Nagaland,250,WOKHA,WOKHA,-,-,Dhansiri,Brahmaputra,BRAHMAPUTRA,BRAHMAPUTRA,BRAMAPUTRA,Dhansiri,26.23000000,94.26083333,11-07-2022 15:00,6.5
361,Doyang Hep Reservoir,CWC,13,Nagaland,250,WOKHA,WOKHA,-,-,Dhansiri,Brahmaputra,BRAHMAPUTRA,BRAHMAPUTRA,BRAMAPUTRA,Dhansiri,26.23000000,94.26083333,11-07-2022 16:00,19
362,Doyang Hep Reservoir,CWC,13,Nagaland,250,WOKHA,WOKHA,-,-,Dhansiri,Brahmaputra,BRAHMAPUTRA,BRAHMAPUTRA,BRAMAPUTRA,Dhansiri,26.23000000,94.26083333,11-07-2022 17:00,20.5
363,Doyang Hep Reservoir,CWC,13,Nagaland,250,WOKHA,WOKHA,-,-,Dhansiri,Brahmaputra,BRAHMAPUTRA,BRAHMAPUTRA,BRAMAPUTRA,Dhansiri,26.23000000,94.26083333,11-07-2022 18:00,20.5
364,Doyang Hep Reservoir,CWC,13,Nagaland,250,WOKHA,WOKHA,-,-,Dhansiri,Brahmaputra,BRAHMAPUTRA,BRAHMAPUTRA,BRAMAPUTRA,Dhansiri,26.23000000,94.26083333,11-07-2022 19:00,20.5
365,Doyang Hep Reservoir,CWC,13,Nagaland,250,WOKHA,WOKHA,-,-,Dhansiri,Brahmaputra,BRAHMAPUTRA,BRAHMAPUTRA,BRAMAPUTRA,Dhansiri,26.23000000,94.26083333,11-07-2022 20:00,20.5
366,Doyang Hep Reservoir,CWC,13,Nagaland,250,WOKHA,WOKHA,-,-,Dhansiri,Brahmaputra,BRAHMAPUTRA,BRAHMAPUTRA,BRAMAPUTRA,Dhansiri,26.23000000,94.26083333,11-07-2022 21:00,20.5
367,Doyang Hep Reservoir,CWC,13,Nagaland,250,WOKHA,WOKHA,-,-,Dhansiri,Brahmaputra,BRAHMAPUTRA,BRAHMAPUTRA,BRAMAPUTRA,Dhansiri,26.23000000,94.26083333,11-07-2022 22:00,20.5
368,Doyang Hep Reservoir,CWC,13,Nagaland,250,WOKHA,WOKHA,-,-,Dhansiri,Brahmaputra,BRAHMAPUTRA,BRAHMAPUTRA,BRAMAPUTRA,Dhansiri,26.23000000,94.26083333,11-07-2022 23:00,20.5
369,Doyang Hep Reservoir,CWC,13,Nagaland,250,WOKHA,WOKHA,-,-,Dhansiri,Brahmaputra,BRAHMAPUTRA,BRAHMAPUTRA,BRAMAPUTRA,Dhansiri,26.23000000,94.26083333,12-07-2022 00:00,20.5
370,Doyang Hep Reservoir,CWC,13,Nagaland,250,WOKHA,WOKHA,-,-,Dhansiri,Brahmaputra,BRAHMAPUTRA,BRAHMAPUTRA,BRAMAPUTRA,Dhansiri,26.23000000,94.26083333,12-07-2022 01:00,20.5
371,Doyang Hep Reservoir,CWC,13,Nagaland,250,WOKHA,WOKHA,-,-,Dhansiri,Brahmaputra,BRAHMAPUTRA,BRAHMAPUTRA,BRAMAPUTRA,Dhansiri,26.23000000,94.26083333,12-07-2022 02:00,11.5
372,Doyang Hep Reservoir,CWC,13,Nagaland,250,WOKHA,WOKHA,-,-,Dhansiri,Brahmaputra,BRAHMAPUTRA,BRAHMAPUTRA,BRAMAPUTRA,Dhansiri,26.23000000,94.26083333,12-07-2022 03:00,20.5
373,Doyang Hep Reservoir,CWC,13,Nagaland,250,WOKHA,WOKHA,-,-,Dhansiri,Brahmaputra,BRAHMAPUTRA,BRAHMAPUTRA,BRAMAPUTRA,Dhansiri,26.23000000,94.26083333,16-07-2022 16:00,0.5
374,Doyang Hep Reservoir,CWC,13,Nagaland,250,WOKHA,WOKHA,-,-,Dhansiri,Brahmaputra,BRAHMAPUTRA,BRAHMAPUTRA,BRAMAPUTRA,Dhansiri,26.23000000,94.26083333,16-07-2022 17:00,0.5
375,Doyang Hep Reservoir,CWC,13,Nagaland,250,WOKHA,WOKHA,-,-,Dhansiri,Brahmaputra,BRAHMAPUTRA,BRAHMAPUTRA,BRAMAPUTRA,Dhansiri,26.23000000,94.26083333,16-07-2022 18:00,0.5
376,Doyang Hep Reservoir,CWC,13,Nagaland,250,WOKHA,WOKHA,-,-,Dhansiri,Brahmaputra,BRAHMAPUTRA,BRAHMAPUTRA,BRAMAPUTRA,Dhansiri,26.23000000,94.26083333,16-07-2022 19:00,0.5
377,Doyang Hep Reservoir,CWC,13,Nagaland,250,WOKHA,WOKHA,-,-,Dhansiri,Brahmaputra,BRAHMAPUTRA,BRAHMAPUTRA,BRAMAPUTRA,Dhansiri,26.23000000,94.26083333,16-07-2022 20:00,0.5
378,Doyang Hep Reservoir,CWC,13,Nagaland,250,WOKHA,WOKHA,-,-,Dhansiri,Brahmaputra,BRAHMAPUTRA,BRAHMAPUTRA,BRAMAPUTRA,Dhansiri,26.23000000,94.26083333,16-07-2022 21:00,0.5
379,Doyang Hep Reservoir,CWC,13,Nagaland,250,WOKHA,WOKHA,-,-,Dhansiri,Brahmaputra,BRAHMAPUTRA,BRAHMAPUTRA,BRAMAPUTRA,Dhansiri,26.23000000,94.26083333,17-07-2022 00:00,0.5
380,Doyang Hep Reservoir,CWC,13,Nagaland,250,WOKHA,WOKHA,-,-,Dhansiri,Brahmaputra,BRAHMAPUTRA,BRAHMAPUTRA,BRAMAPUTRA,Dhansiri,26.23000000,94.26083333,17-07-2022 01:00,0.5
381,Doyang Hep Reservoir,CWC,13,Nagaland,250,WOKHA,WOKHA,-,-,Dhansiri,Brahmaputra,BRAHMAPUTRA,BRAHMAPUTRA,BRAMAPUTRA,Dhansiri,26.23000000,94.26083333,17-07-2022 02:00,0.5
382,Doyang Hep Reservoir,CWC,13,Nagaland,250,WOKHA,WOKHA,-,-,Dhansiri,Brahmaputra,BRAHMAPUTRA,BRAHMAPUTRA,BRAMAPUTRA,Dhansiri,26.23000000,94.26083333,17-07-2022 03:00,0.5
383,Doyang Hep Reservoir,CWC,13,Nagaland,250,WOKHA,WOKHA,-,-,Dhansiri,Brahmaputra,BRAHMAPUTRA,BRAHMAPUTRA,BRAMAPUTRA,Dhansiri,26.23000000,94.26083333,20-07-2022 20:00,1
384,Doyang Hep Reservoir,CWC,13,Nagaland,250,WOKHA,WOKHA,-,-,Dhansiri,Brahmaputra,BRAHMAPUTRA,BRAHMAPUTRA,BRAMAPUTRA,Dhansiri,26.23000000,94.26083333,20-07-2022 21:00,14
385,Doyang Hep Reservoir,CWC,13,Nagaland,250,WOKHA,WOKHA,-,-,Dhansiri,Brahmaputra,BRAHMAPUTRA,BRAHMAPUTRA,BRAMAPUTRA,Dhansiri,26.23000000,94.26083333,20-07-2022 22:00,14
386,Doyang Hep Reservoir,CWC,13,Nagaland,250,WOKHA,WOKHA,-,-,Dhansiri,Brahmaputra,BRAHMAPUTRA,BRAHMAPUTRA,BRAMAPUTRA,Dhansiri,26.23000000,94.26083333,20-07-2022 23:00,15.5
387,Doyang Hep Reservoir,CWC,13,Nagaland,250,WOKHA,WOKHA,-,-,Dhansiri,Brahmaputra,BRAHMAPUTRA,BRAHMAPUTRA,BRAMAPUTRA,Dhansiri,26.23000000,94.26083333,21-07-2022 00:00,15.5
388,Doyang Hep Reservoir,CWC,13,Nagaland,250,WOKHA,WOKHA,-,-,Dhansiri,Brahmaputra,BRAHMAPUTRA,BRAHMAPUTRA,BRAMAPUTRA,Dhansiri,26.23000000,94.26083333,21-07-2022 01:00,15.5
389,Doyang Hep Reservoir,CWC,13,Nagaland,250,WOKHA,WOKHA,-,-,Dhansiri,Brahmaputra,BRAHMAPUTRA,BRAHMAPUTRA,BRAMAPUTRA,Dhansiri,26.23000000,94.26083333,21-07-2022 02:00,15.5
390,Doyang Hep Reservoir,CWC,13,Nagaland,250,WOKHA,WOKHA,-,-,Dhansiri,Brahmaputra,BRAHMAPUTRA,BRAHMAPUTRA,BRAMAPUTRA,Dhansiri,26.23000000,94.26083333,21-07-2022 03:00,15.5
391,Doyang Hep Reservoir,CWC,13,Nagaland,250,WOKHA,WOKHA,-,-,Dhansiri,Brahmaputra,BRAHMAPUTRA,BRAHMAPUTRA,BRAMAPUTRA,Dhansiri,26.23000000,94.26083333,21-07-2022 10:00,0.5
392,Doyang Hep Reservoir,CWC,13,Nagaland,250,WOKHA,WOKHA,-,-,Dhansiri,Brahmaputra,BRAHMAPUTRA,BRAHMAPUTRA,BRAMAPUTRA,Dhansiri,26.23000000,94.26083333,21-07-2022 11:00,1.5
393,Doyang Hep Reservoir,CWC,13,Nagaland,250,WOKHA,WOKHA,-,-,Dhansiri,Brahmaputra,BRAHMAPUTRA,BRAHMAPUTRA,BRAMAPUTRA,Dhansiri,26.23000000,94.26083333,21-07-2022 12:00,1.5
394,Doyang Hep Reservoir,CWC,13,Nagaland,250,WOKHA,WOKHA,-,-,Dhansiri,Brahmaputra,BRAHMAPUTRA,BRAHMAPUTRA,BRAMAPUTRA,Dhansiri,26.23000000,94.26083333,21-07-2022 13:00,1.5
395,Doyang Hep Reservoir,CWC,13,Nagaland,250,WOKHA,WOKHA,-,-,Dhansiri,Brahmaputra,BRAHMAPUTRA,BRAHMAPUTRA,BRAMAPUTRA,Dhansiri,26.23000000,94.26083333,21-07-2022 14:00,1.5
396,Doyang Hep Reservoir,CWC,13,Nagaland,250,WOKHA,WOKHA,-,-,Dhansiri,Brahmaputra,BRAHMAPUTRA,BRAHMAPUTRA,BRAMAPUTRA,Dhansiri,26.23000000,94.26083333,21-07-2022 15:00,1.5
397,Doyang Hep Reservoir,CWC,13,Nagaland,250,WOKHA,WOKHA,-,-,Dhansiri,Brahmaputra,BRAHMAPUTRA,BRAHMAPUTRA,BRAMAPUTRA,Dhansiri,26.23000000,94.26083333,21-07-2022 16:00,1.5
398,Doyang Hep Reservoir,CWC,13,Nagaland,250,WOKHA,WOKHA,-,-,Dhansiri,Brahmaputra,BRAHMAPUTRA,BRAHMAPUTRA,BRAMAPUTRA,Dhansiri,26.23000000,94.26083333,21-07-2022 17:00,1.5
399,Doyang Hep Reservoir,CWC,13,Nagaland,250,WOKHA,WOKHA,-,-,Dhansiri,Brahmaputra,BRAHMAPUTRA,BRAHMAPUTRA,BRAMAPUTRA,Dhansiri,26.23000000,94.26083333,21-07-2022 18:00,1.5
400,Doyang Hep Reservoir,CWC,13,Nagaland,250,WOKHA,WOKHA,-,-,Dhansiri,Brahmaputra,BRAHMAPUTRA,BRAHMAPUTRA,BRAMAPUTRA,Dhansiri,26.23000000,94.26083333,21-07-2022 19:00,1.5
401,Doyang Hep Reservoir,CWC,13,Nagaland,250,WOKHA,WOKHA,-,-,Dhansiri,Brahmaputra,BRAHMAPUTRA,BRAHMAPUTRA,BRAMAPUTRA,Dhansiri,26.23000000,94.26083333,21-07-2022 20:00,1.5
402,Doyang Hep Reservoir,CWC,13,Nagaland,250,WOKHA,WOKHA,-,-,Dhansiri,Brahmaputra,BRAHMAPUTRA,BRAHMAPUTRA,BRAMAPUTRA,Dhansiri,26.23000000,94.26083333,21-07-2022 21:00,1.5
403,Doyang Hep Reservoir,CWC,13,Nagaland,250,WOKHA,WOKHA,-,-,Dhansiri,Brahmaputra,BRAHMAPUTRA,BRAHMAPUTRA,BRAMAPUTRA,Dhansiri,26.23000000,94.26083333,21-07-2022 22:00,1.5
404,Doyang Hep Reservoir,CWC,13,Nagaland,250,WOKHA,WOKHA,-,-,Dhansiri,Brahmaputra,BRAHMAPUTRA,BRAHMAPUTRA,BRAMAPUTRA,Dhansiri,26.23000000,94.26083333,21-07-2022 23:00,1.5
405,Doyang Hep Reservoir,CWC,13,Nagaland,250,WOKHA,WOKHA,-,-,Dhansiri,Brahmaputra,BRAHMAPUTRA,BRAHMAPUTRA,BRAMAPUTRA,Dhansiri,26.23000000,94.26083333,22-07-2022 00:00,1.5
406,Doyang Hep Reservoir,CWC,13,Nagaland,250,WOKHA,WOKHA,-,-,Dhansiri,Brahmaputra,BRAHMAPUTRA,BRAHMAPUTRA,BRAMAPUTRA,Dhansiri,26.23000000,94.26083333,22-07-2022 01:00,1.5
407,Doyang Hep Reservoir,CWC,13,Nagaland,250,WOKHA,WOKHA,-,-,Dhansiri,Brahmaputra,BRAHMAPUTRA,BRAHMAPUTRA,BRAMAPUTRA,Dhansiri,26.23000000,94.26083333,22-07-2022 02:00,1.5
408,Doyang Hep Reservoir,CWC,13,Nagaland,250,WOKHA,WOKHA,-,-,Dhansiri,Brahmaputra,BRAHMAPUTRA,BRAHMAPUTRA,BRAMAPUTRA,Dhansiri,26.23000000,94.26083333,22-07-2022 03:00,1.5
409,Doyang Hep Reservoir,CWC,13,Nagaland,250,WOKHA,WOKHA,-,-,Dhansiri,Brahmaputra,BRAHMAPUTRA,BRAHMAPUTRA,BRAMAPUTRA,Dhansiri,26.23000000,94.26083333,22-07-2022 14:00,1
410,Doyang Hep Reservoir,CWC,13,Nagaland,250,WOKHA,WOKHA,-,-,Dhansiri,Brahmaputra,BRAHMAPUTRA,BRAHMAPUTRA,BRAMAPUTRA,Dhansiri,26.23000000,94.26083333,22-07-2022 15:00,1.5
411,Doyang Hep Reservoir,CWC,13,Nagaland,250,WOKHA,WOKHA,-,-,Dhansiri,Brahmaputra,BRAHMAPUTRA,BRAHMAPUTRA,BRAMAPUTRA,Dhansiri,26.23000000,94.26083333,22-07-2022 16:00,1.5
412,Doyang Hep Reservoir,CWC,13,Nagaland,250,WOKHA,WOKHA,-,-,Dhansiri,Brahmaputra,BRAHMAPUTRA,BRAHMAPUTRA,BRAMAPUTRA,Dhansiri,26.23000000,94.26083333,22-07-2022 17:00,1.5
413,Doyang Hep Reservoir,CWC,13,Nagaland,250,WOKHA,WOKHA,-,-,Dhansiri,Brahmaputra,BRAHMAPUTRA,BRAHMAPUTRA,BRAMAPUTRA,Dhansiri,26.23000000,94.26083333,22-07-2022 18:00,1.5
414,Doyang Hep Reservoir,CWC,13,Nagaland,250,WOKHA,WOKHA,-,-,Dhansiri,Brahmaputra,BRAHMAPUTRA,BRAHMAPUTRA,BRAMAPUTRA,Dhansiri,26.23000000,94.26083333,22-07-2022 19:00,1.5
415,Doyang Hep Reservoir,CWC,13,Nagaland,250,WOKHA,WOKHA,-,-,Dhansiri,Brahmaputra,BRAHMAPUTRA,BRAHMAPUTRA,BRAMAPUTRA,Dhansiri,26.23000000,94.26083333,22-07-2022 20:00,1.5
416,Doyang Hep Reservoir,CWC,13,Nagaland,250,WOKHA,WOKHA,-,-,Dhansiri,Brahmaputra,BRAHMAPUTRA,BRAHMAPUTRA,BRAMAPUTRA,Dhansiri,26.23000000,94.26083333,22-07-2022 21:00,1.5
417,Doyang Hep Reservoir,CWC,13,Nagaland,250,WOKHA,WOKHA,-,-,Dhansiri,Brahmaputra,BRAHMAPUTRA,BRAHMAPUTRA,BRAMAPUTRA,Dhansiri,26.23000000,94.26083333,22-07-2022 22:00,1.5
418,Doyang Hep Reservoir,CWC,13,Nagaland,250,WOKHA,WOKHA,-,-,Dhansiri,Brahmaputra,BRAHMAPUTRA,BRAHMAPUTRA,BRAMAPUTRA,Dhansiri,26.23000000,94.26083333,22-07-2022 23:00,1.5
419,Doyang Hep Reservoir,CWC,13,Nagaland,250,WOKHA,WOKHA,-,-,Dhansiri,Brahmaputra,BRAHMAPUTRA,BRAHMAPUTRA,BRAMAPUTRA,Dhansiri,26.23000000,94.26083333,23-07-2022 00:00,1.5
420,Doyang Hep Reservoir,CWC,13,Nagaland,250,WOKHA,WOKHA,-,-,Dhansiri,Brahmaputra,BRAHMAPUTRA,BRAHMAPUTRA,BRAMAPUTRA,Dhansiri,26.23000000,94.26083333,23-07-2022 01:00,1.5
421,Doyang Hep Reservoir,CWC,13,Nagaland,250,WOKHA,WOKHA,-,-,Dhansiri,Brahmaputra,BRAHMAPUTRA,BRAHMAPUTRA,BRAMAPUTRA,Dhansiri,26.23000000,94.26083333,23-07-2022 02:00,1.5
422,Doyang Hep Reservoir,CWC,13,Nagaland,250,WOKHA,WOKHA,-,-,Dhansiri,Brahmaputra,BRAHMAPUTRA,BRAHMAPUTRA,BRAMAPUTRA,Dhansiri,26.23000000,94.26083333,23-07-2022 03:00,1.5
423,Doyang Hep Reservoir,CWC,13,Nagaland,250,WOKHA,WOKHA,-,-,Dhansiri,Brahmaputra,BRAHMAPUTRA,BRAHMAPUTRA,BRAMAPUTRA,Dhansiri,26.23000000,94.26083333,23-07-2022 19:00,3.5
424,Doyang Hep Reservoir,CWC,13,Nagaland,250,WOKHA,WOKHA,-,-,Dhansiri,Brahmaputra,BRAHMAPUTRA,BRAHMAPUTRA,BRAMAPUTRA,Dhansiri,26.23000000,94.26083333,23-07-2022 20:00,4
425,Doyang Hep Reservoir,CWC,13,Nagaland,250,WOKHA,WOKHA,-,-,Dhansiri,Brahmaputra,BRAHMAPUTRA,BRAHMAPUTRA,BRAMAPUTRA,Dhansiri,26.23000000,94.26083333,23-07-2022 21:00,4
426,Doyang Hep Reservoir,CWC,13,Nagaland,250,WOKHA,WOKHA,-,-,Dhansiri,Brahmaputra,BRAHMAPUTRA,BRAHMAPUTRA,BRAMAPUTRA,Dhansiri,26.23000000,94.26083333,23-07-2022 22:00,6.5
427,Doyang Hep Reservoir,CWC,13,Nagaland,250,WOKHA,WOKHA,-,-,Dhansiri,Brahmaputra,BRAHMAPUTRA,BRAHMAPUTRA,BRAMAPUTRA,Dhansiri,26.23000000,94.26083333,23-07-2022 23:00,22
428,Doyang Hep Reservoir,CWC,13,Nagaland,250,WOKHA,WOKHA,-,-,Dhansiri,Brahmaputra,BRAHMAPUTRA,BRAHMAPUTRA,BRAMAPUTRA,Dhansiri,26.23000000,94.26083333,24-07-2022 00:00,23
429,Doyang Hep Reservoir,CWC,13,Nagaland,250,WOKHA,WOKHA,-,-,Dhansiri,Brahmaputra,BRAHMAPUTRA,BRAHMAPUTRA,BRAMAPUTRA,Dhansiri,26.23000000,94.26083333,24-07-2022 01:00,23
430,Doyang Hep Reservoir,CWC,13,Nagaland,250,WOKHA,WOKHA,-,-,Dhansiri,Brahmaputra,BRAHMAPUTRA,BRAHMAPUTRA,BRAMAPUTRA,Dhansiri,26.23000000,94.26083333,24-07-2022 02:00,23
431,Doyang Hep Reservoir,CWC,13,Nagaland,250,WOKHA,WOKHA,-,-,Dhansiri,Brahmaputra,BRAHMAPUTRA,BRAHMAPUTRA,BRAMAPUTRA,Dhansiri,26.23000000,94.26083333,24-07-2022 03:00,23
432,Doyang Hep Reservoir,CWC,13,Nagaland,250,WOKHA,WOKHA,-,-,Dhansiri,Brahmaputra,BRAHMAPUTRA,BRAHMAPUTRA,BRAMAPUTRA,Dhansiri,26.23000000,94.26083333,24-07-2022 18:00,0.5
433,Doyang Hep Reservoir,CWC,13,Nagaland,250,WOKHA,WOKHA,-,-,Dhansiri,Brahmaputra,BRAHMAPUTRA,BRAHMAPUTRA,BRAMAPUTRA,Dhansiri,26.23000000,94.26083333,24-07-2022 19:00,0.5
434,Doyang Hep Reservoir,CWC,13,Nagaland,250,WOKHA,WOKHA,-,-,Dhansiri,Brahmaputra,BRAHMAPUTRA,BRAHMAPUTRA,BRAMAPUTRA,Dhansiri,26.23000000,94.26083333,24-07-2022 20:00,0.5
435,Doyang Hep Reservoir,CWC,13,Nagaland,250,WOKHA,WOKHA,-,-,Dhansiri,Brahmaputra,BRAHMAPUTRA,BRAHMAPUTRA,BRAMAPUTRA,Dhansiri,26.23000000,94.26083333,24-07-2022 21:00,0.5
436,Doyang Hep Reservoir,CWC,13,Nagaland,250,WOKHA,WOKHA,-,-,Dhansiri,Brahmaputra,BRAHMAPUTRA,BRAHMAPUTRA,BRAMAPUTRA,Dhansiri,26.23000000,94.26083333,24-07-2022 22:00,0.5
437,Doyang Hep Reservoir,CWC,13,Nagaland,250,WOKHA,WOKHA,-,-,Dhansiri,Brahmaputra,BRAHMAPUTRA,BRAHMAPUTRA,BRAMAPUTRA,Dhansiri,26.23000000,94.26083333,24-07-2022 23:00,0.5
438,Doyang Hep Reservoir,CWC,13,Nagaland,250,WOKHA,WOKHA,-,-,Dhansiri,Brahmaputra,BRAHMAPUTRA,BRAHMAPUTRA,BRAMAPUTRA,Dhansiri,26.23000000,94.26083333,25-07-2022 00:00,1
439,Doyang Hep Reservoir,CWC,13,Nagaland,250,WOKHA,WOKHA,-,-,Dhansiri,Brahmaputra,BRAHMAPUTRA,BRAHMAPUTRA,BRAMAPUTRA,Dhansiri,26.23000000,94.26083333,25-07-2022 01:00,1.5
440,Doyang Hep Reservoir,CWC,13,Nagaland,250,WOKHA,WOKHA,-,-,Dhansiri,Brahmaputra,BRAHMAPUTRA,BRAHMAPUTRA,BRAMAPUTRA,Dhansiri,26.23000000,94.26083333,25-07-2022 02:00,2.5
441,Doyang Hep Reservoir,CWC,13,Nagaland,250,WOKHA,WOKHA,-,-,Dhansiri,Brahmaputra,BRAHMAPUTRA,BRAHMAPUTRA,BRAMAPUTRA,Dhansiri,26.23000000,94.26083333,25-07-2022 03:00,3.5
442,Doyang Hep Reservoir,CWC,13,Nagaland,250,WOKHA,WOKHA,-,-,Dhansiri,Brahmaputra,BRAHMAPUTRA,BRAHMAPUTRA,BRAMAPUTRA,Dhansiri,26.23000000,94.26083333,26-07-2022 07:00,0.5
443,Doyang Hep Reservoir,CWC,13,Nagaland,250,WOKHA,WOKHA,-,-,Dhansiri,Brahmaputra,BRAHMAPUTRA,BRAHMAPUTRA,BRAMAPUTRA,Dhansiri,26.23000000,94.26083333,26-07-2022 08:00,0.5
444,Doyang Hep Reservoir,CWC,13,Nagaland,250,WOKHA,WOKHA,-,-,Dhansiri,Brahmaputra,BRAHMAPUTRA,BRAHMAPUTRA,BRAMAPUTRA,Dhansiri,26.23000000,94.26083333,26-07-2022 09:00,0.5
445,Doyang Hep Reservoir,CWC,13,Nagaland,250,WOKHA,WOKHA,-,-,Dhansiri,Brahmaputra,BRAHMAPUTRA,BRAHMAPUTRA,BRAMAPUTRA,Dhansiri,26.23000000,94.26083333,26-07-2022 10:00,0.5
446,Doyang Hep Reservoir,CWC,13,Nagaland,250,WOKHA,WOKHA,-,-,Dhansiri,Brahmaputra,BRAHMAPUTRA,BRAHMAPUTRA,BRAMAPUTRA,Dhansiri,26.23000000,94.26083333,26-07-2022 11:00,0.5
447,Doyang Hep Reservoir,CWC,13,Nagaland,250,WOKHA,WOKHA,-,-,Dhansiri,Brahmaputra,BRAHMAPUTRA,BRAHMAPUTRA,BRAMAPUTRA,Dhansiri,26.23000000,94.26083333,26-07-2022 12:00,0.5
448,Doyang Hep Reservoir,CWC,13,Nagaland,250,WOKHA,WOKHA,-,-,Dhansiri,Brahmaputra,BRAHMAPUTRA,BRAHMAPUTRA,BRAMAPUTRA,Dhansiri,26.23000000,94.26083333,26-07-2022 13:00,0.5
449,Doyang Hep Reservoir,CWC,13,Nagaland,250,WOKHA,WOKHA,-,-,Dhansiri,Brahmaputra,BRAHMAPUTRA,BRAHMAPUTRA,BRAMAPUTRA,Dhansiri,26.23000000,94.26083333,26-07-2022 14:00,0.5
450,Doyang Hep Reservoir,CWC,13,Nagaland,250,WOKHA,WOKHA,-,-,Dhansiri,Brahmaputra,BRAHMAPUTRA,BRAHMAPUTRA,BRAMAPUTRA,Dhansiri,26.23000000,94.26083333,26-07-2022 15:00,0.5
451,Doyang Hep Reservoir,CWC,13,Nagaland,250,WOKHA,WOKHA,-,-,Dhansiri,Brahmaputra,BRAHMAPUTRA,BRAHMAPUTRA,BRAMAPUTRA,Dhansiri,26.23000000,94.26083333,26-07-2022 16:00,0.5
452,Doyang Hep Reservoir,CWC,13,Nagaland,250,WOKHA,WOKHA,-,-,Dhansiri,Brahmaputra,BRAHMAPUTRA,BRAHMAPUTRA,BRAMAPUTRA,Dhansiri,26.23000000,94.26083333,26-07-2022 17:00,0.5
453,Doyang Hep Reservoir,CWC,13,Nagaland,250,WOKHA,WOKHA,-,-,Dhansiri,Brahmaputra,BRAHMAPUTRA,BRAHMAPUTRA,BRAMAPUTRA,Dhansiri,26.23000000,94.26083333,26-07-2022 18:00,0.5
454,Doyang Hep Reservoir,CWC,13,Nagaland,250,WOKHA,WOKHA,-,-,Dhansiri,Brahmaputra,BRAHMAPUTRA,BRAHMAPUTRA,BRAMAPUTRA,Dhansiri,26.23000000,94.26083333,26-07-2022 19:00,0.5
455,Doyang Hep Reservoir,CWC,13,Nagaland,250,WOKHA,WOKHA,-,-,Dhansiri,Brahmaputra,BRAHMAPUTRA,BRAHMAPUTRA,BRAMAPUTRA,Dhansiri,26.23000000,94.26083333,26-07-2022 20:00,0.5
456,Doyang Hep Reservoir,CWC,13,Nagaland,250,WOKHA,WOKHA,-,-,Dhansiri,Brahmaputra,BRAHMAPUTRA,BRAHMAPUTRA,BRAMAPUTRA,Dhansiri,26.23000000,94.26083333,26-07-2022 21:00,0.5
457,Doyang Hep Reservoir,CWC,13,Nagaland,250,WOKHA,WOKHA,-,-,Dhansiri,Brahmaputra,BRAHMAPUTRA,BRAHMAPUTRA,BRAMAPUTRA,Dhansiri,26.23000000,94.26083333,26-07-2022 22:00,0.5
458,Doyang Hep Reservoir,CWC,13,Nagaland,250,WOKHA,WOKHA,-,-,Dhansiri,Brahmaputra,BRAHMAPUTRA,BRAHMAPUTRA,BRAMAPUTRA,Dhansiri,26.23000000,94.26083333,26-07-2022 23:00,0.5
459,Doyang Hep Reservoir,CWC,13,Nagaland,250,WOKHA,WOKHA,-,-,Dhansiri,Brahmaputra,BRAHMAPUTRA,BRAHMAPUTRA,BRAMAPUTRA,Dhansiri,26.23000000,94.26083333,27-07-2022 00:00,0.5
460,Doyang Hep Reservoir,CWC,13,Nagaland,250,WOKHA,WOKHA,-,-,Dhansiri,Brahmaputra,BRAHMAPUTRA,BRAHMAPUTRA,BRAMAPUTRA,Dhansiri,26.23000000,94.26083333,27-07-2022 01:00,0.5
461,Doyang Hep Reservoir,CWC,13,Nagaland,250,WOKHA,WOKHA,-,-,Dhansiri,Brahmaputra,BRAHMAPUTRA,BRAHMAPUTRA,BRAMAPUTRA,Dhansiri,26.23000000,94.26083333,27-07-2022 02:00,0.5
462,Doyang Hep Reservoir,CWC,13,Nagaland,250,WOKHA,WOKHA,-,-,Dhansiri,Brahmaputra,BRAHMAPUTRA,BRAHMAPUTRA,BRAMAPUTRA,Dhansiri,26.23000000,94.26083333,27-07-2022 03:00,0.5
463,Doyang Hep Reservoir,CWC,13,Nagaland,250,WOKHA,WOKHA,-,-,Dhansiri,Brahmaputra,BRAHMAPUTRA,BRAHMAPUTRA,BRAMAPUTRA,Dhansiri,26.23000000,94.26083333,27-07-2022 23:00,1
464,Doyang Hep Reservoir,CWC,13,Nagaland,250,WOKHA,WOKHA,-,-,Dhansiri,Brahmaputra,BRAHMAPUTRA,BRAHMAPUTRA,BRAMAPUTRA,Dhansiri,26.23000000,94.26083333,28-07-2022 00:00,2.5
465,Doyang Hep Reservoir,CWC,13,Nagaland,250,WOKHA,WOKHA,-,-,Dhansiri,Brahmaputra,BRAHMAPUTRA,BRAHMAPUTRA,BRAMAPUTRA,Dhansiri,26.23000000,94.26083333,28-07-2022 01:00,2.5
466,Doyang Hep Reservoir,CWC,13,Nagaland,250,WOKHA,WOKHA,-,-,Dhansiri,Brahmaputra,BRAHMAPUTRA,BRAHMAPUTRA,BRAMAPUTRA,Dhansiri,26.23000000,94.26083333,28-07-2022 02:00,12
467,Doyang Hep Reservoir,CWC,13,Nagaland,250,WOKHA,WOKHA,-,-,Dhansiri,Brahmaputra,BRAHMAPUTRA,BRAHMAPUTRA,BRAMAPUTRA,Dhansiri,26.23000000,94.26083333,28-07-2022 03:00,16.5
468,Doyang Hep Reservoir,CWC,13,Nagaland,250,WOKHA,WOKHA,-,-,Dhansiri,Brahmaputra,BRAHMAPUTRA,BRAHMAPUTRA,BRAMAPUTRA,Dhansiri,26.23000000,94.26083333,29-07-2022 20:00,1
469,Doyang Hep Reservoir,CWC,13,Nagaland,250,WOKHA,WOKHA,-,-,Dhansiri,Brahmaputra,BRAHMAPUTRA,BRAHMAPUTRA,BRAMAPUTRA,Dhansiri,26.23000000,94.26083333,29-07-2022 21:00,22.5
470,Doyang Hep Reservoir,CWC,13,Nagaland,250,WOKHA,WOKHA,-,-,Dhansiri,Brahmaputra,BRAHMAPUTRA,BRAHMAPUTRA,BRAMAPUTRA,Dhansiri,26.23000000,94.26083333,29-07-2022 22:00,26
471,Doyang Hep Reservoir,CWC,13,Nagaland,250,WOKHA,WOKHA,-,-,Dhansiri,Brahmaputra,BRAHMAPUTRA,BRAHMAPUTRA,BRAMAPUTRA,Dhansiri,26.23000000,94.26083333,29-07-2022 23:00,30
472,Doyang Hep Reservoir,CWC,13,Nagaland,250,WOKHA,WOKHA,-,-,Dhansiri,Brahmaputra,BRAHMAPUTRA,BRAHMAPUTRA,BRAMAPUTRA,Dhansiri,26.23000000,94.26083333,30-07-2022 00:00,30.5
473,Doyang Hep Reservoir,CWC,13,Nagaland,250,WOKHA,WOKHA,-,-,Dhansiri,Brahmaputra,BRAHMAPUTRA,BRAHMAPUTRA,BRAMAPUTRA,Dhansiri,26.23000000,94.26083333,30-07-2022 01:00,31
474,Doyang Hep Reservoir,CWC,13,Nagaland,250,WOKHA,WOKHA,-,-,Dhansiri,Brahmaputra,BRAHMAPUTRA,BRAHMAPUTRA,BRAMAPUTRA,Dhansiri,26.23000000,94.26083333,30-07-2022 02:00,31
475,Doyang Hep Reservoir,CWC,13,Nagaland,250,WOKHA,WOKHA,-,-,Dhansiri,Brahmaputra,BRAHMAPUTRA,BRAHMAPUTRA,BRAMAPUTRA,Dhansiri,26.23000000,94.26083333,30-07-2022 03:00,31
476,Doyang Hep Reservoir,CWC,13,Nagaland,250,WOKHA,WOKHA,-,-,Dhansiri,Brahmaputra,BRAHMAPUTRA,BRAHMAPUTRA,BRAMAPUTRA,Dhansiri,26.23000000,94.26083333,31-07-2022 08:00,0.5
477,Doyang Hep Reservoir,CWC,13,Nagaland,250,WOKHA,WOKHA,-,-,Dhansiri,Brahmaputra,BRAHMAPUTRA,BRAHMAPUTRA,BRAMAPUTRA,Dhansiri,26.23000000,94.26083333,31-07-2022 09:00,0.5
478,Doyang Hep Reservoir,CWC,13,Nagaland,250,WOKHA,WOKHA,-,-,Dhansiri,Brahmaputra,BRAHMAPUTRA,BRAHMAPUTRA,BRAMAPUTRA,Dhansiri,26.23000000,94.26083333,31-07-2022 10:00,0.5
479,Doyang Hep Reservoir,CWC,13,Nagaland,250,WOKHA,WOKHA,-,-,Dhansiri,Brahmaputra,BRAHMAPUTRA,BRAHMAPUTRA,BRAMAPUTRA,Dhansiri,26.23000000,94.26083333,31-07-2022 11:00,0.5
480,Doyang Hep Reservoir,CWC,13,Nagaland,250,WOKHA,WOKHA,-,-,Dhansiri,Brahmaputra,BRAHMAPUTRA,BRAHMAPUTRA,BRAMAPUTRA,Dhansiri,26.23000000,94.26083333,31-07-2022 12:00,0.5
481,Doyang Hep Reservoir,CWC,13,Nagaland,250,WOKHA,WOKHA,-,-,Dhansiri,Brahmaputra,BRAHMAPUTRA,BRAHMAPUTRA,BRAMAPUTRA,Dhansiri,26.23000000,94.26083333,31-07-2022 13:00,0.5
482,Doyang Hep Reservoir,CWC,13,Nagaland,250,WOKHA,WOKHA,-,-,Dhansiri,Brahmaputra,BRAHMAPUTRA,BRAHMAPUTRA,BRAMAPUTRA,Dhansiri,26.23000000,94.26083333,31-07-2022 14:00,0.5
483,Doyang Hep Reservoir,CWC,13,Nagaland,250,WOKHA,WOKHA,-,-,Dhansiri,Brahmaputra,BRAHMAPUTRA,BRAHMAPUTRA,BRAMAPUTRA,Dhansiri,26.23000000,94.26083333,31-07-2022 15:00,0.5
484,Doyang Hep Reservoir,CWC,13,Nagaland,250,WOKHA,WOKHA,-,-,Dhansiri,Brahmaputra,BRAHMAPUTRA,BRAHMAPUTRA,BRAMAPUTRA,Dhansiri,26.23000000,94.26083333,31-07-2022 16:00,0.5
485,Doyang Hep Reservoir,CWC,13,Nagaland,250,WOKHA,WOKHA,-,-,Dhansiri,Brahmaputra,BRAHMAPUTRA,BRAHMAPUTRA,BRAMAPUTRA,Dhansiri,26.23000000,94.26083333,31-07-2022 17:00,0.5
486,Doyang Hep Reservoir,CWC,13,Nagaland,250,WOKHA,WOKHA,-,-,Dhansiri,Brahmaputra,BRAHMAPUTRA,BRAHMAPUTRA,BRAMAPUTRA,Dhansiri,26.23000000,94.26083333,31-07-2022 18:00,0.5
487,Doyang Hep Reservoir,CWC,13,Nagaland,250,WOKHA,WOKHA,-,-,Dhansiri,Brahmaputra,BRAHMAPUTRA,BRAHMAPUTRA,BRAMAPUTRA,Dhansiri,26.23000000,94.26083333,31-07-2022 19:00,0.5
488,Doyang Hep Reservoir,CWC,13,Nagaland,250,WOKHA,WOKHA,-,-,Dhansiri,Brahmaputra,BRAHMAPUTRA,BRAHMAPUTRA,BRAMAPUTRA,Dhansiri,26.23000000,94.26083333,31-07-2022 20:00,0.5
489,Doyang Hep Reservoir,CWC,13,Nagaland,250,WOKHA,WOKHA,-,-,Dhansiri,Brahmaputra,BRAHMAPUTRA,BRAHMAPUTRA,BRAMAPUTRA,Dhansiri,26.23000000,94.26083333,31-07-2022 21:00,0.5
490,Doyang Hep Reservoir,CWC,13,Nagaland,250,WOKHA,WOKHA,-,-,Dhansiri,Brahmaputra,BRAHMAPUTRA,BRAHMAPUTRA,BRAMAPUTRA,Dhansiri,26.23000000,94.26083333,31-07-2022 22:00,0.5
491,Doyang Hep Reservoir,CWC,13,Nagaland,250,WOKHA,WOKHA,-,-,Dhansiri,Brahmaputra,BRAHMAPUTRA,BRAHMAPUTRA,BRAMAPUTRA,Dhansiri,26.23000000,94.26083333,31-07-2022 23:00,0.5
492,Doyang Hep Reservoir,CWC,13,Nagaland,250,WOKHA,WOKHA,-,-,Dhansiri,Brahmaputra,BRAHMAPUTRA,BRAHMAPUTRA,BRAMAPUTRA,Dhansiri,26.23000000,94.26083333,01-08-2022 00:00,0.5
493,Doyang Hep Reservoir,CWC,13,Nagaland,250,WOKHA,WOKHA,-,-,Dhansiri,Brahmaputra,BRAHMAPUTRA,BRAHMAPUTRA,BRAMAPUTRA,Dhansiri,26.23000000,94.26083333,01-08-2022 16:00,0.5
494,Doyang Hep Reservoir,CWC,13,Nagaland,250,WOKHA,WOKHA,-,-,Dhansiri,Brahmaputra,BRAHMAPUTRA,BRAHMAPUTRA,BRAMAPUTRA,Dhansiri,26.23000000,94.26083333,01-08-2022 17:00,0.5
495,Doyang Hep Reservoir,CWC,13,Nagaland,250,WOKHA,WOKHA,-,-,Dhansiri,Brahmaputra,BRAHMAPUTRA,BRAHMAPUTRA,BRAMAPUTRA,Dhansiri,26.23000000,94.26083333,01-08-2022 18:00,0.5
496,Doyang Hep Reservoir,CWC,13,Nagaland,250,WOKHA,WOKHA,-,-,Dhansiri,Brahmaputra,BRAHMAPUTRA,BRAHMAPUTRA,BRAMAPUTRA,Dhansiri,26.23000000,94.26083333,01-08-2022 19:00,0.5
497,Doyang Hep Reservoir,CWC,13,Nagaland,250,WOKHA,WOKHA,-,-,Dhansiri,Brahmaputra,BRAHMAPUTRA,BRAHMAPUTRA,BRAMAPUTRA,Dhansiri,26.23000000,94.26083333,01-08-2022 20:00,0.5
498,Doyang Hep Reservoir,CWC,13,Nagaland,250,WOKHA,WOKHA,-,-,Dhansiri,Brahmaputra,BRAHMAPUTRA,BRAHMAPUTRA,BRAMAPUTRA,Dhansiri,26.23000000,94.26083333,01-08-2022 21:00,0.5
499,Doyang Hep Reservoir,CWC,13,Nagaland,250,WOKHA,WOKHA,-,-,Dhansiri,Brahmaputra,BRAHMAPUTRA,BRAHMAPUTRA,BRAMAPUTRA,Dhansiri,26.23000000,94.26083333,01-08-2022 22:00,0.5
500,Doyang Hep Reservoir,CWC,13,Nagaland,250,WOKHA,WOKHA,-,-,Dhansiri,Brahmaputra,BRAHMAPUTRA,BRAHMAPUTRA,BRAMAPUTRA,Dhansiri,26.23000000,94.26083333,02-08-2022 00:00,0.5
501,Doyang Hep Reservoir,CWC,13,Nagaland,250,WOKHA,WOKHA,-,-,Dhansiri,Brahmaputra,BRAHMAPUTRA,BRAHMAPUTRA,BRAMAPUTRA,Dhansiri,26.23000000,94.26083333,02-08-2022 01:00,0.5
502,Doyang Hep Reservoir,CWC,13,Nagaland,250,WOKHA,WOKHA,-,-,Dhansiri,Brahmaputra,BRAHMAPUTRA,BRAHMAPUTRA,BRAMAPUTRA,Dhansiri,26.23000000,94.26083333,02-08-2022 02:00,0.5
503,Doyang Hep Reservoir,CWC,13,Nagaland,250,WOKHA,WOKHA,-,-,Dhansiri,Brahmaputra,BRAHMAPUTRA,BRAHMAPUTRA,BRAMAPUTRA,Dhansiri,26.23000000,94.26083333,02-08-2022 03:00,0.5
504,Doyang Hep Reservoir,CWC,13,Nagaland,250,WOKHA,WOKHA,-,-,Dhansiri,Brahmaputra,BRAHMAPUTRA,BRAHMAPUTRA,BRAMAPUTRA,Dhansiri,26.23000000,94.26083333,02-08-2022 19:00,1.5
505,Doyang Hep Reservoir,CWC,13,Nagaland,250,WOKHA,WOKHA,-,-,Dhansiri,Brahmaputra,BRAHMAPUTRA,BRAHMAPUTRA,BRAMAPUTRA,Dhansiri,26.23000000,94.26083333,02-08-2022 20:00,2.5
506,Doyang Hep Reservoir,CWC,13,Nagaland,250,WOKHA,WOKHA,-,-,Dhansiri,Brahmaputra,BRAHMAPUTRA,BRAHMAPUTRA,BRAMAPUTRA,Dhansiri,26.23000000,94.26083333,02-08-2022 21:00,2.5
507,Doyang Hep Reservoir,CWC,13,Nagaland,250,WOKHA,WOKHA,-,-,Dhansiri,Brahmaputra,BRAHMAPUTRA,BRAHMAPUTRA,BRAMAPUTRA,Dhansiri,26.23000000,94.26083333,02-08-2022 22:00,6
508,Doyang Hep Reservoir,CWC,13,Nagaland,250,WOKHA,WOKHA,-,-,Dhansiri,Brahmaputra,BRAHMAPUTRA,BRAHMAPUTRA,BRAMAPUTRA,Dhansiri,26.23000000,94.26083333,02-08-2022 23:00,6
509,Doyang Hep Reservoir,CWC,13,Nagaland,250,WOKHA,WOKHA,-,-,Dhansiri,Brahmaputra,BRAHMAPUTRA,BRAHMAPUTRA,BRAMAPUTRA,Dhansiri,26.23000000,94.26083333,03-08-2022 00:00,8
510,Doyang Hep Reservoir,CWC,13,Nagaland,250,WOKHA,WOKHA,-,-,Dhansiri,Brahmaputra,BRAHMAPUTRA,BRAHMAPUTRA,BRAMAPUTRA,Dhansiri,26.23000000,94.26083333,03-08-2022 01:00,8
511,Doyang Hep Reservoir,CWC,13,Nagaland,250,WOKHA,WOKHA,-,-,Dhansiri,Brahmaputra,BRAHMAPUTRA,BRAHMAPUTRA,BRAMAPUTRA,Dhansiri,26.23000000,94.26083333,03-08-2022 02:00,8
512,Doyang Hep Reservoir,CWC,13,Nagaland,250,WOKHA,WOKHA,-,-,Dhansiri,Brahmaputra,BRAHMAPUTRA,BRAHMAPUTRA,BRAMAPUTRA,Dhansiri,26.23000000,94.26083333,03-08-2022 03:00,8
513,Doyang Hep Reservoir,CWC,13,Nagaland,250,WOKHA,WOKHA,-,-,Dhansiri,Brahmaputra,BRAHMAPUTRA,BRAHMAPUTRA,BRAMAPUTRA,Dhansiri,26.23000000,94.26083333,03-08-2022 08:00,6.5
514,Doyang Hep Reservoir,CWC,13,Nagaland,250,WOKHA,WOKHA,-,-,Dhansiri,Brahmaputra,BRAHMAPUTRA,BRAHMAPUTRA,BRAMAPUTRA,Dhansiri,26.23000000,94.26083333,03-08-2022 10:00,8
515,Doyang Hep Reservoir,CWC,13,Nagaland,250,WOKHA,WOKHA,-,-,Dhansiri,Brahmaputra,BRAHMAPUTRA,BRAHMAPUTRA,BRAMAPUTRA,Dhansiri,26.23000000,94.26083333,03-08-2022 11:00,8
516,Doyang Hep Reservoir,CWC,13,Nagaland,250,WOKHA,WOKHA,-,-,Dhansiri,Brahmaputra,BRAHMAPUTRA,BRAHMAPUTRA,BRAMAPUTRA,Dhansiri,26.23000000,94.26083333,03-08-2022 12:00,8
517,Doyang Hep Reservoir,CWC,13,Nagaland,250,WOKHA,WOKHA,-,-,Dhansiri,Brahmaputra,BRAHMAPUTRA,BRAHMAPUTRA,BRAMAPUTRA,Dhansiri,26.23000000,94.26083333,03-08-2022 13:00,8
518,Doyang Hep Reservoir,CWC,13,Nagaland,250,WOKHA,WOKHA,-,-,Dhansiri,Brahmaputra,BRAHMAPUTRA,BRAHMAPUTRA,BRAMAPUTRA,Dhansiri,26.23000000,94.26083333,03-08-2022 14:00,8
519,Doyang Hep Reservoir,CWC,13,Nagaland,250,WOKHA,WOKHA,-,-,Dhansiri,Brahmaputra,BRAHMAPUTRA,BRAHMAPUTRA,BRAMAPUTRA,Dhansiri,26.23000000,94.26083333,03-08-2022 15:00,8
520,Doyang Hep Reservoir,CWC,13,Nagaland,250,WOKHA,WOKHA,-,-,Dhansiri,Brahmaputra,BRAHMAPUTRA,BRAHMAPUTRA,BRAMAPUTRA,Dhansiri,26.23000000,94.26083333,03-08-2022 16:00,8
521,Doyang Hep Reservoir,CWC,13,Nagaland,250,WOKHA,WOKHA,-,-,Dhansiri,Brahmaputra,BRAHMAPUTRA,BRAHMAPUTRA,BRAMAPUTRA,Dhansiri,26.23000000,94.26083333,03-08-2022 17:00,8
522,Doyang Hep Reservoir,CWC,13,Nagaland,250,WOKHA,WOKHA,-,-,Dhansiri,Brahmaputra,BRAHMAPUTRA,BRAHMAPUTRA,BRAMAPUTRA,Dhansiri,26.23000000,94.26083333,03-08-2022 18:00,8
523,Doyang Hep Reservoir,CWC,13,Nagaland,250,WOKHA,WOKHA,-,-,Dhansiri,Brahmaputra,BRAHMAPUTRA,BRAHMAPUTRA,BRAMAPUTRA,Dhansiri,26.23000000,94.26083333,03-08-2022 19:00,8
524,Doyang Hep Reservoir,CWC,13,Nagaland,250,WOKHA,WOKHA,-,-,Dhansiri,Brahmaputra,BRAHMAPUTRA,BRAHMAPUTRA,BRAMAPUTRA,Dhansiri,26.23000000,94.26083333,03-08-2022 20:00,8
525,Doyang Hep Reservoir,CWC,13,Nagaland,250,WOKHA,WOKHA,-,-,Dhansiri,Brahmaputra,BRAHMAPUTRA,BRAHMAPUTRA,BRAMAPUTRA,Dhansiri,26.23000000,94.26083333,03-08-2022 21:00,8
526,Doyang Hep Reservoir,CWC,13,Nagaland,250,WOKHA,WOKHA,-,-,Dhansiri,Brahmaputra,BRAHMAPUTRA,BRAHMAPUTRA,BRAMAPUTRA,Dhansiri,26.23000000,94.26083333,03-08-2022 23:00,1.5
527,Doyang Hep Reservoir,CWC,13,Nagaland,250,WOKHA,WOKHA,-,-,Dhansiri,Brahmaputra,BRAHMAPUTRA,BRAHMAPUTRA,BRAMAPUTRA,Dhansiri,26.23000000,94.26083333,04-08-2022 02:00,8
528,Doyang Hep Reservoir,CWC,13,Nagaland,250,WOKHA,WOKHA,-,-,Dhansiri,Brahmaputra,BRAHMAPUTRA,BRAHMAPUTRA,BRAMAPUTRA,Dhansiri,26.23000000,94.26083333,04-08-2022 03:00,8
529,Doyang Hep Reservoir,CWC,13,Nagaland,250,WOKHA,WOKHA,-,-,Dhansiri,Brahmaputra,BRAHMAPUTRA,BRAHMAPUTRA,BRAMAPUTRA,Dhansiri,26.23000000,94.26083333,04-08-2022 18:00,1
530,Doyang Hep Reservoir,CWC,13,Nagaland,250,WOKHA,WOKHA,-,-,Dhansiri,Brahmaputra,BRAHMAPUTRA,BRAHMAPUTRA,BRAMAPUTRA,Dhansiri,26.23000000,94.26083333,04-08-2022 19:00,10
531,Doyang Hep Reservoir,CWC,13,Nagaland,250,WOKHA,WOKHA,-,-,Dhansiri,Brahmaputra,BRAHMAPUTRA,BRAHMAPUTRA,BRAMAPUTRA,Dhansiri,26.23000000,94.26083333,04-08-2022 20:00,26
532,Doyang Hep Reservoir,CWC,13,Nagaland,250,WOKHA,WOKHA,-,-,Dhansiri,Brahmaputra,BRAHMAPUTRA,BRAHMAPUTRA,BRAMAPUTRA,Dhansiri,26.23000000,94.26083333,04-08-2022 21:00,27.5
533,Doyang Hep Reservoir,CWC,13,Nagaland,250,WOKHA,WOKHA,-,-,Dhansiri,Brahmaputra,BRAHMAPUTRA,BRAHMAPUTRA,BRAMAPUTRA,Dhansiri,26.23000000,94.26083333,04-08-2022 22:00,28
534,Doyang Hep Reservoir,CWC,13,Nagaland,250,WOKHA,WOKHA,-,-,Dhansiri,Brahmaputra,BRAHMAPUTRA,BRAHMAPUTRA,BRAMAPUTRA,Dhansiri,26.23000000,94.26083333,05-08-2022 01:00,1
535,Doyang Hep Reservoir,CWC,13,Nagaland,250,WOKHA,WOKHA,-,-,Dhansiri,Brahmaputra,BRAHMAPUTRA,BRAHMAPUTRA,BRAMAPUTRA,Dhansiri,26.23000000,94.26083333,05-08-2022 02:00,2
536,Doyang Hep Reservoir,CWC,13,Nagaland,250,WOKHA,WOKHA,-,-,Dhansiri,Brahmaputra,BRAHMAPUTRA,BRAHMAPUTRA,BRAMAPUTRA,Dhansiri,26.23000000,94.26083333,05-08-2022 03:00,2.5
537,Doyang Hep Reservoir,CWC,13,Nagaland,250,WOKHA,WOKHA,-,-,Dhansiri,Brahmaputra,BRAHMAPUTRA,BRAHMAPUTRA,BRAMAPUTRA,Dhansiri,26.23000000,94.26083333,05-08-2022 18:00,0.5
538,Doyang Hep Reservoir,CWC,13,Nagaland,250,WOKHA,WOKHA,-,-,Dhansiri,Brahmaputra,BRAHMAPUTRA,BRAHMAPUTRA,BRAMAPUTRA,Dhansiri,26.23000000,94.26083333,05-08-2022 19:00,0.5
539,Doyang Hep Reservoir,CWC,13,Nagaland,250,WOKHA,WOKHA,-,-,Dhansiri,Brahmaputra,BRAHMAPUTRA,BRAHMAPUTRA,BRAMAPUTRA,Dhansiri,26.23000000,94.26083333,05-08-2022 21:00,25
540,Doyang Hep Reservoir,CWC,13,Nagaland,250,WOKHA,WOKHA,-,-,Dhansiri,Brahmaputra,BRAHMAPUTRA,BRAHMAPUTRA,BRAMAPUTRA,Dhansiri,26.23000000,94.26083333,05-08-2022 22:00,26.5
541,Doyang Hep Reservoir,CWC,13,Nagaland,250,WOKHA,WOKHA,-,-,Dhansiri,Brahmaputra,BRAHMAPUTRA,BRAHMAPUTRA,BRAMAPUTRA,Dhansiri,26.23000000,94.26083333,05-08-2022 23:00,26.5
542,Doyang Hep Reservoir,CWC,13,Nagaland,250,WOKHA,WOKHA,-,-,Dhansiri,Brahmaputra,BRAHMAPUTRA,BRAHMAPUTRA,BRAMAPUTRA,Dhansiri,26.23000000,94.26083333,06-08-2022 00:00,26.5
543,Doyang Hep Reservoir,CWC,13,Nagaland,250,WOKHA,WOKHA,-,-,Dhansiri,Brahmaputra,BRAHMAPUTRA,BRAHMAPUTRA,BRAMAPUTRA,Dhansiri,26.23000000,94.26083333,06-08-2022 01:00,26.5
544,Doyang Hep Reservoir,CWC,13,Nagaland,250,WOKHA,WOKHA,-,-,Dhansiri,Brahmaputra,BRAHMAPUTRA,BRAHMAPUTRA,BRAMAPUTRA,Dhansiri,26.23000000,94.26083333,06-08-2022 02:00,26.5
545,Doyang Hep Reservoir,CWC,13,Nagaland,250,WOKHA,WOKHA,-,-,Dhansiri,Brahmaputra,BRAHMAPUTRA,BRAHMAPUTRA,BRAMAPUTRA,Dhansiri,26.23000000,94.26083333,06-08-2022 03:00,26.5
546,Doyang Hep Reservoir,CWC,13,Nagaland,250,WOKHA,WOKHA,-,-,Dhansiri,Brahmaputra,BRAHMAPUTRA,BRAHMAPUTRA,BRAMAPUTRA,Dhansiri,26.23000000,94.26083333,07-08-2022 08:00,0.5
547,Doyang Hep Reservoir,CWC,13,Nagaland,250,WOKHA,WOKHA,-,-,Dhansiri,Brahmaputra,BRAHMAPUTRA,BRAHMAPUTRA,BRAMAPUTRA,Dhansiri,26.23000000,94.26083333,07-08-2022 10:00,0.5
548,Doyang Hep Reservoir,CWC,13,Nagaland,250,WOKHA,WOKHA,-,-,Dhansiri,Brahmaputra,BRAHMAPUTRA,BRAHMAPUTRA,BRAMAPUTRA,Dhansiri,26.23000000,94.26083333,07-08-2022 11:00,0.5
549,Doyang Hep Reservoir,CWC,13,Nagaland,250,WOKHA,WOKHA,-,-,Dhansiri,Brahmaputra,BRAHMAPUTRA,BRAHMAPUTRA,BRAMAPUTRA,Dhansiri,26.23000000,94.26083333,07-08-2022 12:00,0.5
550,Doyang Hep Reservoir,CWC,13,Nagaland,250,WOKHA,WOKHA,-,-,Dhansiri,Brahmaputra,BRAHMAPUTRA,BRAHMAPUTRA,BRAMAPUTRA,Dhansiri,26.23000000,94.26083333,07-08-2022 13:00,0.5
551,Doyang Hep Reservoir,CWC,13,Nagaland,250,WOKHA,WOKHA,-,-,Dhansiri,Brahmaputra,BRAHMAPUTRA,BRAHMAPUTRA,BRAMAPUTRA,Dhansiri,26.23000000,94.26083333,07-08-2022 14:00,0.5
552,Doyang Hep Reservoir,CWC,13,Nagaland,250,WOKHA,WOKHA,-,-,Dhansiri,Brahmaputra,BRAHMAPUTRA,BRAHMAPUTRA,BRAMAPUTRA,Dhansiri,26.23000000,94.26083333,07-08-2022 15:00,0.5
553,Doyang Hep Reservoir,CWC,13,Nagaland,250,WOKHA,WOKHA,-,-,Dhansiri,Brahmaputra,BRAHMAPUTRA,BRAHMAPUTRA,BRAMAPUTRA,Dhansiri,26.23000000,94.26083333,07-08-2022 16:00,0.5
554,Doyang Hep Reservoir,CWC,13,Nagaland,250,WOKHA,WOKHA,-,-,Dhansiri,Brahmaputra,BRAHMAPUTRA,BRAHMAPUTRA,BRAMAPUTRA,Dhansiri,26.23000000,94.26083333,07-08-2022 17:00,0.5
555,Doyang Hep Reservoir,CWC,13,Nagaland,250,WOKHA,WOKHA,-,-,Dhansiri,Brahmaputra,BRAHMAPUTRA,BRAHMAPUTRA,BRAMAPUTRA,Dhansiri,26.23000000,94.26083333,07-08-2022 18:00,0.5
556,Doyang Hep Reservoir,CWC,13,Nagaland,250,WOKHA,WOKHA,-,-,Dhansiri,Brahmaputra,BRAHMAPUTRA,BRAHMAPUTRA,BRAMAPUTRA,Dhansiri,26.23000000,94.26083333,07-08-2022 19:00,0.5
557,Doyang Hep Reservoir,CWC,13,Nagaland,250,WOKHA,WOKHA,-,-,Dhansiri,Brahmaputra,BRAHMAPUTRA,BRAHMAPUTRA,BRAMAPUTRA,Dhansiri,26.23000000,94.26083333,07-08-2022 20:00,0.5
558,Doyang Hep Reservoir,CWC,13,Nagaland,250,WOKHA,WOKHA,-,-,Dhansiri,Brahmaputra,BRAHMAPUTRA,BRAHMAPUTRA,BRAMAPUTRA,Dhansiri,26.23000000,94.26083333,07-08-2022 22:00,0.5
559,Doyang Hep Reservoir,CWC,13,Nagaland,250,WOKHA,WOKHA,-,-,Dhansiri,Brahmaputra,BRAHMAPUTRA,BRAHMAPUTRA,BRAMAPUTRA,Dhansiri,26.23000000,94.26083333,07-08-2022 23:00,0.5
560,Doyang Hep Reservoir,CWC,13,Nagaland,250,WOKHA,WOKHA,-,-,Dhansiri,Brahmaputra,BRAHMAPUTRA,BRAHMAPUTRA,BRAMAPUTRA,Dhansiri,26.23000000,94.26083333,08-08-2022 00:00,0.5
561,Doyang Hep Reservoir,CWC,13,Nagaland,250,WOKHA,WOKHA,-,-,Dhansiri,Brahmaputra,BRAHMAPUTRA,BRAHMAPUTRA,BRAMAPUTRA,Dhansiri,26.23000000,94.26083333,08-08-2022 01:00,0.5
562,Doyang Hep Reservoir,CWC,13,Nagaland,250,WOKHA,WOKHA,-,-,Dhansiri,Brahmaputra,BRAHMAPUTRA,BRAHMAPUTRA,BRAMAPUTRA,Dhansiri,26.23000000,94.26083333,08-08-2022 02:00,0.5
563,Doyang Hep Reservoir,CWC,13,Nagaland,250,WOKHA,WOKHA,-,-,Dhansiri,Brahmaputra,BRAHMAPUTRA,BRAHMAPUTRA,BRAMAPUTRA,Dhansiri,26.23000000,94.26083333,08-08-2022 03:00,0.5
564,Doyang Hep Reservoir,CWC,13,Nagaland,250,WOKHA,WOKHA,-,-,Dhansiri,Brahmaputra,BRAHMAPUTRA,BRAHMAPUTRA,BRAMAPUTRA,Dhansiri,26.23000000,94.26083333,09-08-2022 21:00,0.5
565,Doyang Hep Reservoir,CWC,13,Nagaland,250,WOKHA,WOKHA,-,-,Dhansiri,Brahmaputra,BRAHMAPUTRA,BRAHMAPUTRA,BRAMAPUTRA,Dhansiri,26.23000000,94.26083333,09-08-2022 22:00,1
566,Doyang Hep Reservoir,CWC,13,Nagaland,250,WOKHA,WOKHA,-,-,Dhansiri,Brahmaputra,BRAHMAPUTRA,BRAHMAPUTRA,BRAMAPUTRA,Dhansiri,26.23000000,94.26083333,09-08-2022 23:00,1
567,Doyang Hep Reservoir,CWC,13,Nagaland,250,WOKHA,WOKHA,-,-,Dhansiri,Brahmaputra,BRAHMAPUTRA,BRAHMAPUTRA,BRAMAPUTRA,Dhansiri,26.23000000,94.26083333,10-08-2022 00:00,1
568,Doyang Hep Reservoir,CWC,13,Nagaland,250,WOKHA,WOKHA,-,-,Dhansiri,Brahmaputra,BRAHMAPUTRA,BRAHMAPUTRA,BRAMAPUTRA,Dhansiri,26.23000000,94.26083333,10-08-2022 01:00,1
569,Doyang Hep Reservoir,CWC,13,Nagaland,250,WOKHA,WOKHA,-,-,Dhansiri,Brahmaputra,BRAHMAPUTRA,BRAHMAPUTRA,BRAMAPUTRA,Dhansiri,26.23000000,94.26083333,10-08-2022 02:00,1
570,Doyang Hep Reservoir,CWC,13,Nagaland,250,WOKHA,WOKHA,-,-,Dhansiri,Brahmaputra,BRAHMAPUTRA,BRAHMAPUTRA,BRAMAPUTRA,Dhansiri,26.23000000,94.26083333,10-08-2022 03:00,1
571,Doyang Hep Reservoir,CWC,13,Nagaland,250,WOKHA,WOKHA,-,-,Dhansiri,Brahmaputra,BRAHMAPUTRA,BRAHMAPUTRA,BRAMAPUTRA,Dhansiri,26.23000000,94.26083333,13-08-2022 04:00,0.5
572,Doyang Hep Reservoir,CWC,13,Nagaland,250,WOKHA,WOKHA,-,-,Dhansiri,Brahmaputra,BRAHMAPUTRA,BRAHMAPUTRA,BRAMAPUTRA,Dhansiri,26.23000000,94.26083333,13-08-2022 05:00,0.5
573,Doyang Hep Reservoir,CWC,13,Nagaland,250,WOKHA,WOKHA,-,-,Dhansiri,Brahmaputra,BRAHMAPUTRA,BRAHMAPUTRA,BRAMAPUTRA,Dhansiri,26.23000000,94.26083333,13-08-2022 06:00,0.5
574,Doyang Hep Reservoir,CWC,13,Nagaland,250,WOKHA,WOKHA,-,-,Dhansiri,Brahmaputra,BRAHMAPUTRA,BRAHMAPUTRA,BRAMAPUTRA,Dhansiri,26.23000000,94.26083333,13-08-2022 07:00,0.5
575,Doyang Hep Reservoir,CWC,13,Nagaland,250,WOKHA,WOKHA,-,-,Dhansiri,Brahmaputra,BRAHMAPUTRA,BRAHMAPUTRA,BRAMAPUTRA,Dhansiri,26.23000000,94.26083333,13-08-2022 08:00,0.5
576,Doyang Hep Reservoir,CWC,13,Nagaland,250,WOKHA,WOKHA,-,-,Dhansiri,Brahmaputra,BRAHMAPUTRA,BRAHMAPUTRA,BRAMAPUTRA,Dhansiri,26.23000000,94.26083333,13-08-2022 09:00,0.5
577,Doyang Hep Reservoir,CWC,13,Nagaland,250,WOKHA,WOKHA,-,-,Dhansiri,Brahmaputra,BRAHMAPUTRA,BRAHMAPUTRA,BRAMAPUTRA,Dhansiri,26.23000000,94.26083333,13-08-2022 10:00,0.5
578,Doyang Hep Reservoir,CWC,13,Nagaland,250,WOKHA,WOKHA,-,-,Dhansiri,Brahmaputra,BRAHMAPUTRA,BRAHMAPUTRA,BRAMAPUTRA,Dhansiri,26.23000000,94.26083333,13-08-2022 11:00,0.5
579,Doyang Hep Reservoir,CWC,13,Nagaland,250,WOKHA,WOKHA,-,-,Dhansiri,Brahmaputra,BRAHMAPUTRA,BRAHMAPUTRA,BRAMAPUTRA,Dhansiri,26.23000000,94.26083333,13-08-2022 12:00,0.5
580,Doyang Hep Reservoir,CWC,13,Nagaland,250,WOKHA,WOKHA,-,-,Dhansiri,Brahmaputra,BRAHMAPUTRA,BRAHMAPUTRA,BRAMAPUTRA,Dhansiri,26.23000000,94.26083333,13-08-2022 13:00,0.5
581,Doyang Hep Reservoir,CWC,13,Nagaland,250,WOKHA,WOKHA,-,-,Dhansiri,Brahmaputra,BRAHMAPUTRA,BRAHMAPUTRA,BRAMAPUTRA,Dhansiri,26.23000000,94.26083333,13-08-2022 14:00,0.5
582,Doyang Hep Reservoir,CWC,13,Nagaland,250,WOKHA,WOKHA,-,-,Dhansiri,Brahmaputra,BRAHMAPUTRA,BRAHMAPUTRA,BRAMAPUTRA,Dhansiri,26.23000000,94.26083333,13-08-2022 15:00,0.5
583,Doyang Hep Reservoir,CWC,13,Nagaland,250,WOKHA,WOKHA,-,-,Dhansiri,Brahmaputra,BRAHMAPUTRA,BRAHMAPUTRA,BRAMAPUTRA,Dhansiri,26.23000000,94.26083333,13-08-2022 16:00,0.5
584,Doyang Hep Reservoir,CWC,13,Nagaland,250,WOKHA,WOKHA,-,-,Dhansiri,Brahmaputra,BRAHMAPUTRA,BRAHMAPUTRA,BRAMAPUTRA,Dhansiri,26.23000000,94.26083333,13-08-2022 17:00,0.5
585,Doyang Hep Reservoir,CWC,13,Nagaland,250,WOKHA,WOKHA,-,-,Dhansiri,Brahmaputra,BRAHMAPUTRA,BRAHMAPUTRA,BRAMAPUTRA,Dhansiri,26.23000000,94.26083333,13-08-2022 18:00,0.5
586,Doyang Hep Reservoir,CWC,13,Nagaland,250,WOKHA,WOKHA,-,-,Dhansiri,Brahmaputra,BRAHMAPUTRA,BRAHMAPUTRA,BRAMAPUTRA,Dhansiri,26.23000000,94.26083333,13-08-2022 19:00,0.5
587,Doyang Hep Reservoir,CWC,13,Nagaland,250,WOKHA,WOKHA,-,-,Dhansiri,Brahmaputra,BRAHMAPUTRA,BRAHMAPUTRA,BRAMAPUTRA,Dhansiri,26.23000000,94.26083333,13-08-2022 20:00,0.5
588,Doyang Hep Reservoir,CWC,13,Nagaland,250,WOKHA,WOKHA,-,-,Dhansiri,Brahmaputra,BRAHMAPUTRA,BRAHMAPUTRA,BRAMAPUTRA,Dhansiri,26.23000000,94.26083333,13-08-2022 21:00,0.5
589,Doyang Hep Reservoir,CWC,13,Nagaland,250,WOKHA,WOKHA,-,-,Dhansiri,Brahmaputra,BRAHMAPUTRA,BRAHMAPUTRA,BRAMAPUTRA,Dhansiri,26.23000000,94.26083333,13-08-2022 22:00,0.5
590,Doyang Hep Reservoir,CWC,13,Nagaland,250,WOKHA,WOKHA,-,-,Dhansiri,Brahmaputra,BRAHMAPUTRA,BRAHMAPUTRA,BRAMAPUTRA,Dhansiri,26.23000000,94.26083333,13-08-2022 23:00,0.5
591,Doyang Hep Reservoir,CWC,13,Nagaland,250,WOKHA,WOKHA,-,-,Dhansiri,Brahmaputra,BRAHMAPUTRA,BRAHMAPUTRA,BRAMAPUTRA,Dhansiri,26.23000000,94.26083333,14-08-2022 00:00,0.5
592,Doyang Hep Reservoir,CWC,13,Nagaland,250,WOKHA,WOKHA,-,-,Dhansiri,Brahmaputra,BRAHMAPUTRA,BRAHMAPUTRA,BRAMAPUTRA,Dhansiri,26.23000000,94.26083333,14-08-2022 01:00,0.5
593,Doyang Hep Reservoir,CWC,13,Nagaland,250,WOKHA,WOKHA,-,-,Dhansiri,Brahmaputra,BRAHMAPUTRA,BRAHMAPUTRA,BRAMAPUTRA,Dhansiri,26.23000000,94.26083333,14-08-2022 02:00,0.5
594,Doyang Hep Reservoir,CWC,13,Nagaland,250,WOKHA,WOKHA,-,-,Dhansiri,Brahmaputra,BRAHMAPUTRA,BRAHMAPUTRA,BRAMAPUTRA,Dhansiri,26.23000000,94.26083333,14-08-2022 03:00,0.5
595,Doyang Hep Reservoir,CWC,13,Nagaland,250,WOKHA,WOKHA,-,-,Dhansiri,Brahmaputra,BRAHMAPUTRA,BRAHMAPUTRA,BRAMAPUTRA,Dhansiri,26.23000000,94.26083333,14-08-2022 11:00,12
596,Doyang Hep Reservoir,CWC,13,Nagaland,250,WOKHA,WOKHA,-,-,Dhansiri,Brahmaputra,BRAHMAPUTRA,BRAHMAPUTRA,BRAMAPUTRA,Dhansiri,26.23000000,94.26083333,14-08-2022 13:00,12.5
597,Doyang Hep Reservoir,CWC,13,Nagaland,250,WOKHA,WOKHA,-,-,Dhansiri,Brahmaputra,BRAHMAPUTRA,BRAHMAPUTRA,BRAMAPUTRA,Dhansiri,26.23000000,94.26083333,14-08-2022 15:00,22
598,Doyang Hep Reservoir,CWC,13,Nagaland,250,WOKHA,WOKHA,-,-,Dhansiri,Brahmaputra,BRAHMAPUTRA,BRAHMAPUTRA,BRAMAPUTRA,Dhansiri,26.23000000,94.26083333,14-08-2022 16:00,24.5
599,Doyang Hep Reservoir,CWC,13,Nagaland,250,WOKHA,WOKHA,-,-,Dhansiri,Brahmaputra,BRAHMAPUTRA,BRAHMAPUTRA,BRAMAPUTRA,Dhansiri,26.23000000,94.26083333,14-08-2022 17:00,25
600,Doyang Hep Reservoir,CWC,13,Nagaland,250,WOKHA,WOKHA,-,-,Dhansiri,Brahmaputra,BRAHMAPUTRA,BRAHMAPUTRA,BRAMAPUTRA,Dhansiri,26.23000000,94.26083333,14-08-2022 18:00,25.5
601,Doyang Hep Reservoir,CWC,13,Nagaland,250,WOKHA,WOKHA,-,-,Dhansiri,Brahmaputra,BRAHMAPUTRA,BRAHMAPUTRA,BRAMAPUTRA,Dhansiri,26.23000000,94.26083333,14-08-2022 19:00,26
602,Doyang Hep Reservoir,CWC,13,Nagaland,250,WOKHA,WOKHA,-,-,Dhansiri,Brahmaputra,BRAHMAPUTRA,BRAHMAPUTRA,BRAMAPUTRA,Dhansiri,26.23000000,94.26083333,14-08-2022 20:00,26
603,Doyang Hep Reservoir,CWC,13,Nagaland,250,WOKHA,WOKHA,-,-,Dhansiri,Brahmaputra,BRAHMAPUTRA,BRAHMAPUTRA,BRAMAPUTRA,Dhansiri,26.23000000,94.26083333,14-08-2022 21:00,26
604,Doyang Hep Reservoir,CWC,13,Nagaland,250,WOKHA,WOKHA,-,-,Dhansiri,Brahmaputra,BRAHMAPUTRA,BRAHMAPUTRA,BRAMAPUTRA,Dhansiri,26.23000000,94.26083333,14-08-2022 22:00,26
605,Doyang Hep Reservoir,CWC,13,Nagaland,250,WOKHA,WOKHA,-,-,Dhansiri,Brahmaputra,BRAHMAPUTRA,BRAHMAPUTRA,BRAMAPUTRA,Dhansiri,26.23000000,94.26083333,14-08-2022 23:00,26
606,Doyang Hep Reservoir,CWC,13,Nagaland,250,WOKHA,WOKHA,-,-,Dhansiri,Brahmaputra,BRAHMAPUTRA,BRAHMAPUTRA,BRAMAPUTRA,Dhansiri,26.23000000,94.26083333,15-08-2022 00:00,26
607,Doyang Hep Reservoir,CWC,13,Nagaland,250,WOKHA,WOKHA,-,-,Dhansiri,Brahmaputra,BRAHMAPUTRA,BRAHMAPUTRA,BRAMAPUTRA,Dhansiri,26.23000000,94.26083333,15-08-2022 01:00,26
608,Doyang Hep Reservoir,CWC,13,Nagaland,250,WOKHA,WOKHA,-,-,Dhansiri,Brahmaputra,BRAHMAPUTRA,BRAHMAPUTRA,BRAMAPUTRA,Dhansiri,26.23000000,94.26083333,15-08-2022 02:00,26
609,Doyang Hep Reservoir,CWC,13,Nagaland,250,WOKHA,WOKHA,-,-,Dhansiri,Brahmaputra,BRAHMAPUTRA,BRAHMAPUTRA,BRAMAPUTRA,Dhansiri,26.23000000,94.26083333,15-08-2022 03:00,26
610,Doyang Hep Reservoir,CWC,13,Nagaland,250,WOKHA,WOKHA,-,-,Dhansiri,Brahmaputra,BRAHMAPUTRA,BRAHMAPUTRA,BRAMAPUTRA,Dhansiri,26.23000000,94.26083333,15-08-2022 04:00,0.5
611,Doyang Hep Reservoir,CWC,13,Nagaland,250,WOKHA,WOKHA,-,-,Dhansiri,Brahmaputra,BRAHMAPUTRA,BRAHMAPUTRA,BRAMAPUTRA,Dhansiri,26.23000000,94.26083333,15-08-2022 05:00,0.5
612,Doyang Hep Reservoir,CWC,13,Nagaland,250,WOKHA,WOKHA,-,-,Dhansiri,Brahmaputra,BRAHMAPUTRA,BRAHMAPUTRA,BRAMAPUTRA,Dhansiri,26.23000000,94.26083333,15-08-2022 06:00,0.5
613,Doyang Hep Reservoir,CWC,13,Nagaland,250,WOKHA,WOKHA,-,-,Dhansiri,Brahmaputra,BRAHMAPUTRA,BRAHMAPUTRA,BRAMAPUTRA,Dhansiri,26.23000000,94.26083333,15-08-2022 07:00,0.5
614,Doyang Hep Reservoir,CWC,13,Nagaland,250,WOKHA,WOKHA,-,-,Dhansiri,Brahmaputra,BRAHMAPUTRA,BRAHMAPUTRA,BRAMAPUTRA,Dhansiri,26.23000000,94.26083333,15-08-2022 08:00,0.5
615,Doyang Hep Reservoir,CWC,13,Nagaland,250,WOKHA,WOKHA,-,-,Dhansiri,Brahmaputra,BRAHMAPUTRA,BRAHMAPUTRA,BRAMAPUTRA,Dhansiri,26.23000000,94.26083333,15-08-2022 09:00,0.5
616,Doyang Hep Reservoir,CWC,13,Nagaland,250,WOKHA,WOKHA,-,-,Dhansiri,Brahmaputra,BRAHMAPUTRA,BRAHMAPUTRA,BRAMAPUTRA,Dhansiri,26.23000000,94.26083333,15-08-2022 10:00,0.5
617,Doyang Hep Reservoir,CWC,13,Nagaland,250,WOKHA,WOKHA,-,-,Dhansiri,Brahmaputra,BRAHMAPUTRA,BRAHMAPUTRA,BRAMAPUTRA,Dhansiri,26.23000000,94.26083333,15-08-2022 11:00,0.5
618,Doyang Hep Reservoir,CWC,13,Nagaland,250,WOKHA,WOKHA,-,-,Dhansiri,Brahmaputra,BRAHMAPUTRA,BRAHMAPUTRA,BRAMAPUTRA,Dhansiri,26.23000000,94.26083333,15-08-2022 12:00,0.5
619,Doyang Hep Reservoir,CWC,13,Nagaland,250,WOKHA,WOKHA,-,-,Dhansiri,Brahmaputra,BRAHMAPUTRA,BRAHMAPUTRA,BRAMAPUTRA,Dhansiri,26.23000000,94.26083333,15-08-2022 13:00,0.5
620,Doyang Hep Reservoir,CWC,13,Nagaland,250,WOKHA,WOKHA,-,-,Dhansiri,Brahmaputra,BRAHMAPUTRA,BRAHMAPUTRA,BRAMAPUTRA,Dhansiri,26.23000000,94.26083333,15-08-2022 14:00,0.5
621,Doyang Hep Reservoir,CWC,13,Nagaland,250,WOKHA,WOKHA,-,-,Dhansiri,Brahmaputra,BRAHMAPUTRA,BRAHMAPUTRA,BRAMAPUTRA,Dhansiri,26.23000000,94.26083333,15-08-2022 15:00,0.5
622,Doyang Hep Reservoir,CWC,13,Nagaland,250,WOKHA,WOKHA,-,-,Dhansiri,Brahmaputra,BRAHMAPUTRA,BRAHMAPUTRA,BRAMAPUTRA,Dhansiri,26.23000000,94.26083333,15-08-2022 16:00,0.5
623,Doyang Hep Reservoir,CWC,13,Nagaland,250,WOKHA,WOKHA,-,-,Dhansiri,Brahmaputra,BRAHMAPUTRA,BRAHMAPUTRA,BRAMAPUTRA,Dhansiri,26.23000000,94.26083333,15-08-2022 17:00,1
624,Doyang Hep Reservoir,CWC,13,Nagaland,250,WOKHA,WOKHA,-,-,Dhansiri,Brahmaputra,BRAHMAPUTRA,BRAHMAPUTRA,BRAMAPUTRA,Dhansiri,26.23000000,94.26083333,15-08-2022 17:44,1
625,Doyang Hep Reservoir,CWC,13,Nagaland,250,WOKHA,WOKHA,-,-,Dhansiri,Brahmaputra,BRAHMAPUTRA,BRAHMAPUTRA,BRAMAPUTRA,Dhansiri,26.23000000,94.26083333,15-08-2022 18:00,1
626,Doyang Hep Reservoir,CWC,13,Nagaland,250,WOKHA,WOKHA,-,-,Dhansiri,Brahmaputra,BRAHMAPUTRA,BRAHMAPUTRA,BRAMAPUTRA,Dhansiri,26.23000000,94.26083333,15-08-2022 19:00,1
627,Doyang Hep Reservoir,CWC,13,Nagaland,250,WOKHA,WOKHA,-,-,Dhansiri,Brahmaputra,BRAHMAPUTRA,BRAHMAPUTRA,BRAMAPUTRA,Dhansiri,26.23000000,94.26083333,15-08-2022 20:00,1
628,Doyang Hep Reservoir,CWC,13,Nagaland,250,WOKHA,WOKHA,-,-,Dhansiri,Brahmaputra,BRAHMAPUTRA,BRAHMAPUTRA,BRAMAPUTRA,Dhansiri,26.23000000,94.26083333,15-08-2022 21:00,4.5
629,Doyang Hep Reservoir,CWC,13,Nagaland,250,WOKHA,WOKHA,-,-,Dhansiri,Brahmaputra,BRAHMAPUTRA,BRAHMAPUTRA,BRAMAPUTRA,Dhansiri,26.23000000,94.26083333,15-08-2022 22:00,5
630,Doyang Hep Reservoir,CWC,13,Nagaland,250,WOKHA,WOKHA,-,-,Dhansiri,Brahmaputra,BRAHMAPUTRA,BRAHMAPUTRA,BRAMAPUTRA,Dhansiri,26.23000000,94.26083333,15-08-2022 23:00,5
631,Doyang Hep Reservoir,CWC,13,Nagaland,250,WOKHA,WOKHA,-,-,Dhansiri,Brahmaputra,BRAHMAPUTRA,BRAHMAPUTRA,BRAMAPUTRA,Dhansiri,26.23000000,94.26083333,16-08-2022 00:00,5
632,Doyang Hep Reservoir,CWC,13,Nagaland,250,WOKHA,WOKHA,-,-,Dhansiri,Brahmaputra,BRAHMAPUTRA,BRAHMAPUTRA,BRAMAPUTRA,Dhansiri,26.23000000,94.26083333,16-08-2022 01:00,5
633,Doyang Hep Reservoir,CWC,13,Nagaland,250,WOKHA,WOKHA,-,-,Dhansiri,Brahmaputra,BRAHMAPUTRA,BRAHMAPUTRA,BRAMAPUTRA,Dhansiri,26.23000000,94.26083333,16-08-2022 02:00,5
634,Doyang Hep Reservoir,CWC,13,Nagaland,250,WOKHA,WOKHA,-,-,Dhansiri,Brahmaputra,BRAHMAPUTRA,BRAHMAPUTRA,BRAMAPUTRA,Dhansiri,26.23000000,94.26083333,16-08-2022 03:00,5
635,Doyang Hep Reservoir,CWC,13,Nagaland,250,WOKHA,WOKHA,-,-,Dhansiri,Brahmaputra,BRAHMAPUTRA,BRAHMAPUTRA,BRAMAPUTRA,Dhansiri,26.23000000,94.26083333,18-08-2022 07:00,0.5
636,Doyang Hep Reservoir,CWC,13,Nagaland,250,WOKHA,WOKHA,-,-,Dhansiri,Brahmaputra,BRAHMAPUTRA,BRAHMAPUTRA,BRAMAPUTRA,Dhansiri,26.23000000,94.26083333,18-08-2022 08:00,0.5
637,Doyang Hep Reservoir,CWC,13,Nagaland,250,WOKHA,WOKHA,-,-,Dhansiri,Brahmaputra,BRAHMAPUTRA,BRAHMAPUTRA,BRAMAPUTRA,Dhansiri,26.23000000,94.26083333,18-08-2022 09:00,1
638,Doyang Hep Reservoir,CWC,13,Nagaland,250,WOKHA,WOKHA,-,-,Dhansiri,Brahmaputra,BRAHMAPUTRA,BRAHMAPUTRA,BRAMAPUTRA,Dhansiri,26.23000000,94.26083333,18-08-2022 10:00,1
639,Doyang Hep Reservoir,CWC,13,Nagaland,250,WOKHA,WOKHA,-,-,Dhansiri,Brahmaputra,BRAHMAPUTRA,BRAHMAPUTRA,BRAMAPUTRA,Dhansiri,26.23000000,94.26083333,18-08-2022 11:00,1
640,Doyang Hep Reservoir,CWC,13,Nagaland,250,WOKHA,WOKHA,-,-,Dhansiri,Brahmaputra,BRAHMAPUTRA,BRAHMAPUTRA,BRAMAPUTRA,Dhansiri,26.23000000,94.26083333,18-08-2022 12:00,1
641,Doyang Hep Reservoir,CWC,13,Nagaland,250,WOKHA,WOKHA,-,-,Dhansiri,Brahmaputra,BRAHMAPUTRA,BRAHMAPUTRA,BRAMAPUTRA,Dhansiri,26.23000000,94.26083333,18-08-2022 13:00,1
642,Doyang Hep Reservoir,CWC,13,Nagaland,250,WOKHA,WOKHA,-,-,Dhansiri,Brahmaputra,BRAHMAPUTRA,BRAHMAPUTRA,BRAMAPUTRA,Dhansiri,26.23000000,94.26083333,18-08-2022 14:00,1
643,Doyang Hep Reservoir,CWC,13,Nagaland,250,WOKHA,WOKHA,-,-,Dhansiri,Brahmaputra,BRAHMAPUTRA,BRAHMAPUTRA,BRAMAPUTRA,Dhansiri,26.23000000,94.26083333,18-08-2022 15:00,1
644,Doyang Hep Reservoir,CWC,13,Nagaland,250,WOKHA,WOKHA,-,-,Dhansiri,Brahmaputra,BRAHMAPUTRA,BRAHMAPUTRA,BRAMAPUTRA,Dhansiri,26.23000000,94.26083333,18-08-2022 16:00,1
645,Doyang Hep Reservoir,CWC,13,Nagaland,250,WOKHA,WOKHA,-,-,Dhansiri,Brahmaputra,BRAHMAPUTRA,BRAHMAPUTRA,BRAMAPUTRA,Dhansiri,26.23000000,94.26083333,18-08-2022 17:00,1
646,Doyang Hep Reservoir,CWC,13,Nagaland,250,WOKHA,WOKHA,-,-,Dhansiri,Brahmaputra,BRAHMAPUTRA,BRAHMAPUTRA,BRAMAPUTRA,Dhansiri,26.23000000,94.26083333,18-08-2022 18:00,1
647,Doyang Hep Reservoir,CWC,13,Nagaland,250,WOKHA,WOKHA,-,-,Dhansiri,Brahmaputra,BRAHMAPUTRA,BRAHMAPUTRA,BRAMAPUTRA,Dhansiri,26.23000000,94.26083333,18-08-2022 19:00,1
648,Doyang Hep Reservoir,CWC,13,Nagaland,250,WOKHA,WOKHA,-,-,Dhansiri,Brahmaputra,BRAHMAPUTRA,BRAHMAPUTRA,BRAMAPUTRA,Dhansiri,26.23000000,94.26083333,18-08-2022 20:00,1
649,Doyang Hep Reservoir,CWC,13,Nagaland,250,WOKHA,WOKHA,-,-,Dhansiri,Brahmaputra,BRAHMAPUTRA,BRAHMAPUTRA,BRAMAPUTRA,Dhansiri,26.23000000,94.26083333,18-08-2022 21:00,1
650,Doyang Hep Reservoir,CWC,13,Nagaland,250,WOKHA,WOKHA,-,-,Dhansiri,Brahmaputra,BRAHMAPUTRA,BRAHMAPUTRA,BRAMAPUTRA,Dhansiri,26.23000000,94.26083333,18-08-2022 22:00,1
651,Doyang Hep Reservoir,CWC,13,Nagaland,250,WOKHA,WOKHA,-,-,Dhansiri,Brahmaputra,BRAHMAPUTRA,BRAHMAPUTRA,BRAMAPUTRA,Dhansiri,26.23000000,94.26083333,18-08-2022 23:00,1
652,Doyang Hep Reservoir,CWC,13,Nagaland,250,WOKHA,WOKHA,-,-,Dhansiri,Brahmaputra,BRAHMAPUTRA,BRAHMAPUTRA,BRAMAPUTRA,Dhansiri,26.23000000,94.26083333,19-08-2022 00:00,1
653,Doyang Hep Reservoir,CWC,13,Nagaland,250,WOKHA,WOKHA,-,-,Dhansiri,Brahmaputra,BRAHMAPUTRA,BRAHMAPUTRA,BRAMAPUTRA,Dhansiri,26.23000000,94.26083333,19-08-2022 01:00,1
654,Doyang Hep Reservoir,CWC,13,Nagaland,250,WOKHA,WOKHA,-,-,Dhansiri,Brahmaputra,BRAHMAPUTRA,BRAHMAPUTRA,BRAMAPUTRA,Dhansiri,26.23000000,94.26083333,19-08-2022 02:00,1
655,Doyang Hep Reservoir,CWC,13,Nagaland,250,WOKHA,WOKHA,-,-,Dhansiri,Brahmaputra,BRAHMAPUTRA,BRAHMAPUTRA,BRAMAPUTRA,Dhansiri,26.23000000,94.26083333,19-08-2022 08:00,1.5
656,Doyang Hep Reservoir,CWC,13,Nagaland,250,WOKHA,WOKHA,-,-,Dhansiri,Brahmaputra,BRAHMAPUTRA,BRAHMAPUTRA,BRAMAPUTRA,Dhansiri,26.23000000,94.26083333,19-08-2022 09:00,1.5
657,Doyang Hep Reservoir,CWC,13,Nagaland,250,WOKHA,WOKHA,-,-,Dhansiri,Brahmaputra,BRAHMAPUTRA,BRAHMAPUTRA,BRAMAPUTRA,Dhansiri,26.23000000,94.26083333,19-08-2022 10:00,1.5
658,Doyang Hep Reservoir,CWC,13,Nagaland,250,WOKHA,WOKHA,-,-,Dhansiri,Brahmaputra,BRAHMAPUTRA,BRAHMAPUTRA,BRAMAPUTRA,Dhansiri,26.23000000,94.26083333,19-08-2022 11:00,1.5
659,Doyang Hep Reservoir,CWC,13,Nagaland,250,WOKHA,WOKHA,-,-,Dhansiri,Brahmaputra,BRAHMAPUTRA,BRAHMAPUTRA,BRAMAPUTRA,Dhansiri,26.23000000,94.26083333,19-08-2022 12:00,1.5
660,Doyang Hep Reservoir,CWC,13,Nagaland,250,WOKHA,WOKHA,-,-,Dhansiri,Brahmaputra,BRAHMAPUTRA,BRAHMAPUTRA,BRAMAPUTRA,Dhansiri,26.23000000,94.26083333,19-08-2022 13:00,1.5
661,Doyang Hep Reservoir,CWC,13,Nagaland,250,WOKHA,WOKHA,-,-,Dhansiri,Brahmaputra,BRAHMAPUTRA,BRAHMAPUTRA,BRAMAPUTRA,Dhansiri,26.23000000,94.26083333,19-08-2022 14:00,1.5
662,Doyang Hep Reservoir,CWC,13,Nagaland,250,WOKHA,WOKHA,-,-,Dhansiri,Brahmaputra,BRAHMAPUTRA,BRAHMAPUTRA,BRAMAPUTRA,Dhansiri,26.23000000,94.26083333,19-08-2022 15:00,1.5
663,Doyang Hep Reservoir,CWC,13,Nagaland,250,WOKHA,WOKHA,-,-,Dhansiri,Brahmaputra,BRAHMAPUTRA,BRAHMAPUTRA,BRAMAPUTRA,Dhansiri,26.23000000,94.26083333,19-08-2022 16:00,1.5
664,Doyang Hep Reservoir,CWC,13,Nagaland,250,WOKHA,WOKHA,-,-,Dhansiri,Brahmaputra,BRAHMAPUTRA,BRAHMAPUTRA,BRAMAPUTRA,Dhansiri,26.23000000,94.26083333,19-08-2022 17:00,1.5
665,Doyang Hep Reservoir,CWC,13,Nagaland,250,WOKHA,WOKHA,-,-,Dhansiri,Brahmaputra,BRAHMAPUTRA,BRAHMAPUTRA,BRAMAPUTRA,Dhansiri,26.23000000,94.26083333,19-08-2022 18:00,1.5
666,Doyang Hep Reservoir,CWC,13,Nagaland,250,WOKHA,WOKHA,-,-,Dhansiri,Brahmaputra,BRAHMAPUTRA,BRAHMAPUTRA,BRAMAPUTRA,Dhansiri,26.23000000,94.26083333,19-08-2022 19:00,1.5
667,Doyang Hep Reservoir,CWC,13,Nagaland,250,WOKHA,WOKHA,-,-,Dhansiri,Brahmaputra,BRAHMAPUTRA,BRAHMAPUTRA,BRAMAPUTRA,Dhansiri,26.23000000,94.26083333,19-08-2022 20:00,1.5
668,Doyang Hep Reservoir,CWC,13,Nagaland,250,WOKHA,WOKHA,-,-,Dhansiri,Brahmaputra,BRAHMAPUTRA,BRAHMAPUTRA,BRAMAPUTRA,Dhansiri,26.23000000,94.26083333,19-08-2022 21:00,1.5
669,Doyang Hep Reservoir,CWC,13,Nagaland,250,WOKHA,WOKHA,-,-,Dhansiri,Brahmaputra,BRAHMAPUTRA,BRAHMAPUTRA,BRAMAPUTRA,Dhansiri,26.23000000,94.26083333,19-08-2022 22:00,1.5
670,Doyang Hep Reservoir,CWC,13,Nagaland,250,WOKHA,WOKHA,-,-,Dhansiri,Brahmaputra,BRAHMAPUTRA,BRAHMAPUTRA,BRAMAPUTRA,Dhansiri,26.23000000,94.26083333,19-08-2022 23:00,1.5
671,Doyang Hep Reservoir,CWC,13,Nagaland,250,WOKHA,WOKHA,-,-,Dhansiri,Brahmaputra,BRAHMAPUTRA,BRAHMAPUTRA,BRAMAPUTRA,Dhansiri,26.23000000,94.26083333,20-08-2022 00:00,1.5
672,Doyang Hep Reservoir,CWC,13,Nagaland,250,WOKHA,WOKHA,-,-,Dhansiri,Brahmaputra,BRAHMAPUTRA,BRAHMAPUTRA,BRAMAPUTRA,Dhansiri,26.23000000,94.26083333,20-08-2022 01:00,1.5
673,Doyang Hep Reservoir,CWC,13,Nagaland,250,WOKHA,WOKHA,-,-,Dhansiri,Brahmaputra,BRAHMAPUTRA,BRAHMAPUTRA,BRAMAPUTRA,Dhansiri,26.23000000,94.26083333,20-08-2022 02:00,1.5
674,Doyang Hep Reservoir,CWC,13,Nagaland,250,WOKHA,WOKHA,-,-,Dhansiri,Brahmaputra,BRAHMAPUTRA,BRAHMAPUTRA,BRAMAPUTRA,Dhansiri,26.23000000,94.26083333,20-08-2022 03:00,1.5
675,Doyang Hep Reservoir,CWC,13,Nagaland,250,WOKHA,WOKHA,-,-,Dhansiri,Brahmaputra,BRAHMAPUTRA,BRAHMAPUTRA,BRAMAPUTRA,Dhansiri,26.23000000,94.26083333,20-08-2022 18:00,1
676,Doyang Hep Reservoir,CWC,13,Nagaland,250,WOKHA,WOKHA,-,-,Dhansiri,Brahmaputra,BRAHMAPUTRA,BRAHMAPUTRA,BRAMAPUTRA,Dhansiri,26.23000000,94.26083333,20-08-2022 19:00,1.5
677,Doyang Hep Reservoir,CWC,13,Nagaland,250,WOKHA,WOKHA,-,-,Dhansiri,Brahmaputra,BRAHMAPUTRA,BRAHMAPUTRA,BRAMAPUTRA,Dhansiri,26.23000000,94.26083333,20-08-2022 20:00,1.5
678,Doyang Hep Reservoir,CWC,13,Nagaland,250,WOKHA,WOKHA,-,-,Dhansiri,Brahmaputra,BRAHMAPUTRA,BRAHMAPUTRA,BRAMAPUTRA,Dhansiri,26.23000000,94.26083333,20-08-2022 21:00,1.5
679,Doyang Hep Reservoir,CWC,13,Nagaland,250,WOKHA,WOKHA,-,-,Dhansiri,Brahmaputra,BRAHMAPUTRA,BRAHMAPUTRA,BRAMAPUTRA,Dhansiri,26.23000000,94.26083333,20-08-2022 22:00,2
680,Doyang Hep Reservoir,CWC,13,Nagaland,250,WOKHA,WOKHA,-,-,Dhansiri,Brahmaputra,BRAHMAPUTRA,BRAHMAPUTRA,BRAMAPUTRA,Dhansiri,26.23000000,94.26083333,21-08-2022 00:00,2
681,Doyang Hep Reservoir,CWC,13,Nagaland,250,WOKHA,WOKHA,-,-,Dhansiri,Brahmaputra,BRAHMAPUTRA,BRAHMAPUTRA,BRAMAPUTRA,Dhansiri,26.23000000,94.26083333,21-08-2022 01:00,2
682,Doyang Hep Reservoir,CWC,13,Nagaland,250,WOKHA,WOKHA,-,-,Dhansiri,Brahmaputra,BRAHMAPUTRA,BRAHMAPUTRA,BRAMAPUTRA,Dhansiri,26.23000000,94.26083333,21-08-2022 02:00,2
683,Doyang Hep Reservoir,CWC,13,Nagaland,250,WOKHA,WOKHA,-,-,Dhansiri,Brahmaputra,BRAHMAPUTRA,BRAHMAPUTRA,BRAMAPUTRA,Dhansiri,26.23000000,94.26083333,21-08-2022 03:00,2
684,Doyang Hep Reservoir,CWC,13,Nagaland,250,WOKHA,WOKHA,-,-,Dhansiri,Brahmaputra,BRAHMAPUTRA,BRAHMAPUTRA,BRAMAPUTRA,Dhansiri,26.23000000,94.26083333,21-08-2022 22:00,17.5
685,Doyang Hep Reservoir,CWC,13,Nagaland,250,WOKHA,WOKHA,-,-,Dhansiri,Brahmaputra,BRAHMAPUTRA,BRAHMAPUTRA,BRAMAPUTRA,Dhansiri,26.23000000,94.26083333,21-08-2022 23:00,17.5
686,Doyang Hep Reservoir,CWC,13,Nagaland,250,WOKHA,WOKHA,-,-,Dhansiri,Brahmaputra,BRAHMAPUTRA,BRAHMAPUTRA,BRAMAPUTRA,Dhansiri,26.23000000,94.26083333,22-08-2022 00:00,17.5
687,Doyang Hep Reservoir,CWC,13,Nagaland,250,WOKHA,WOKHA,-,-,Dhansiri,Brahmaputra,BRAHMAPUTRA,BRAHMAPUTRA,BRAMAPUTRA,Dhansiri,26.23000000,94.26083333,22-08-2022 01:00,17.5
688,Doyang Hep Reservoir,CWC,13,Nagaland,250,WOKHA,WOKHA,-,-,Dhansiri,Brahmaputra,BRAHMAPUTRA,BRAHMAPUTRA,BRAMAPUTRA,Dhansiri,26.23000000,94.26083333,22-08-2022 02:00,17.5
689,Doyang Hep Reservoir,CWC,13,Nagaland,250,WOKHA,WOKHA,-,-,Dhansiri,Brahmaputra,BRAHMAPUTRA,BRAHMAPUTRA,BRAMAPUTRA,Dhansiri,26.23000000,94.26083333,22-08-2022 03:00,17.5
690,Doyang Hep Reservoir,CWC,13,Nagaland,250,WOKHA,WOKHA,-,-,Dhansiri,Brahmaputra,BRAHMAPUTRA,BRAHMAPUTRA,BRAMAPUTRA,Dhansiri,26.23000000,94.26083333,23-08-2022 17:00,0.5
691,Doyang Hep Reservoir,CWC,13,Nagaland,250,WOKHA,WOKHA,-,-,Dhansiri,Brahmaputra,BRAHMAPUTRA,BRAHMAPUTRA,BRAMAPUTRA,Dhansiri,26.23000000,94.26083333,23-08-2022 18:00,0.5
692,Doyang Hep Reservoir,CWC,13,Nagaland,250,WOKHA,WOKHA,-,-,Dhansiri,Brahmaputra,BRAHMAPUTRA,BRAHMAPUTRA,BRAMAPUTRA,Dhansiri,26.23000000,94.26083333,23-08-2022 19:00,0.5
693,Doyang Hep Reservoir,CWC,13,Nagaland,250,WOKHA,WOKHA,-,-,Dhansiri,Brahmaputra,BRAHMAPUTRA,BRAHMAPUTRA,BRAMAPUTRA,Dhansiri,26.23000000,94.26083333,23-08-2022 20:00,0.5
694,Doyang Hep Reservoir,CWC,13,Nagaland,250,WOKHA,WOKHA,-,-,Dhansiri,Brahmaputra,BRAHMAPUTRA,BRAHMAPUTRA,BRAMAPUTRA,Dhansiri,26.23000000,94.26083333,23-08-2022 21:00,0.5
695,Doyang Hep Reservoir,CWC,13,Nagaland,250,WOKHA,WOKHA,-,-,Dhansiri,Brahmaputra,BRAHMAPUTRA,BRAHMAPUTRA,BRAMAPUTRA,Dhansiri,26.23000000,94.26083333,23-08-2022 22:00,0.5
696,Doyang Hep Reservoir,CWC,13,Nagaland,250,WOKHA,WOKHA,-,-,Dhansiri,Brahmaputra,BRAHMAPUTRA,BRAHMAPUTRA,BRAMAPUTRA,Dhansiri,26.23000000,94.26083333,23-08-2022 23:00,0.5
697,Doyang Hep Reservoir,CWC,13,Nagaland,250,WOKHA,WOKHA,-,-,Dhansiri,Brahmaputra,BRAHMAPUTRA,BRAHMAPUTRA,BRAMAPUTRA,Dhansiri,26.23000000,94.26083333,24-08-2022 00:00,0.5
698,Doyang Hep Reservoir,CWC,13,Nagaland,250,WOKHA,WOKHA,-,-,Dhansiri,Brahmaputra,BRAHMAPUTRA,BRAHMAPUTRA,BRAMAPUTRA,Dhansiri,26.23000000,94.26083333,24-08-2022 01:00,0.5
699,Doyang Hep Reservoir,CWC,13,Nagaland,250,WOKHA,WOKHA,-,-,Dhansiri,Brahmaputra,BRAHMAPUTRA,BRAHMAPUTRA,BRAMAPUTRA,Dhansiri,26.23000000,94.26083333,24-08-2022 02:00,0.5
700,Doyang Hep Reservoir,CWC,13,Nagaland,250,WOKHA,WOKHA,-,-,Dhansiri,Brahmaputra,BRAHMAPUTRA,BRAHMAPUTRA,BRAMAPUTRA,Dhansiri,26.23000000,94.26083333,24-08-2022 03:00,0.5
701,Doyang Hep Reservoir,CWC,13,Nagaland,250,WOKHA,WOKHA,-,-,Dhansiri,Brahmaputra,BRAHMAPUTRA,BRAHMAPUTRA,BRAMAPUTRA,Dhansiri,26.23000000,94.26083333,24-08-2022 23:00,1
702,Doyang Hep Reservoir,CWC,13,Nagaland,250,WOKHA,WOKHA,-,-,Dhansiri,Brahmaputra,BRAHMAPUTRA,BRAHMAPUTRA,BRAMAPUTRA,Dhansiri,26.23000000,94.26083333,25-08-2022 00:00,1
703,Doyang Hep Reservoir,CWC,13,Nagaland,250,WOKHA,WOKHA,-,-,Dhansiri,Brahmaputra,BRAHMAPUTRA,BRAHMAPUTRA,BRAMAPUTRA,Dhansiri,26.23000000,94.26083333,25-08-2022 01:00,1
704,Doyang Hep Reservoir,CWC,13,Nagaland,250,WOKHA,WOKHA,-,-,Dhansiri,Brahmaputra,BRAHMAPUTRA,BRAHMAPUTRA,BRAMAPUTRA,Dhansiri,26.23000000,94.26083333,25-08-2022 02:00,1
705,Doyang Hep Reservoir,CWC,13,Nagaland,250,WOKHA,WOKHA,-,-,Dhansiri,Brahmaputra,BRAHMAPUTRA,BRAHMAPUTRA,BRAMAPUTRA,Dhansiri,26.23000000,94.26083333,25-08-2022 03:00,1
706,Doyang Hep Reservoir,CWC,13,Nagaland,250,WOKHA,WOKHA,-,-,Dhansiri,Brahmaputra,BRAHMAPUTRA,BRAHMAPUTRA,BRAMAPUTRA,Dhansiri,26.23000000,94.26083333,25-08-2022 22:00,5
707,Doyang Hep Reservoir,CWC,13,Nagaland,250,WOKHA,WOKHA,-,-,Dhansiri,Brahmaputra,BRAHMAPUTRA,BRAHMAPUTRA,BRAMAPUTRA,Dhansiri,26.23000000,94.26083333,26-08-2022 00:00,5
708,Doyang Hep Reservoir,CWC,13,Nagaland,250,WOKHA,WOKHA,-,-,Dhansiri,Brahmaputra,BRAHMAPUTRA,BRAHMAPUTRA,BRAMAPUTRA,Dhansiri,26.23000000,94.26083333,26-08-2022 01:00,5
709,Doyang Hep Reservoir,CWC,13,Nagaland,250,WOKHA,WOKHA,-,-,Dhansiri,Brahmaputra,BRAHMAPUTRA,BRAHMAPUTRA,BRAMAPUTRA,Dhansiri,26.23000000,94.26083333,26-08-2022 02:00,5
710,Doyang Hep Reservoir,CWC,13,Nagaland,250,WOKHA,WOKHA,-,-,Dhansiri,Brahmaputra,BRAHMAPUTRA,BRAHMAPUTRA,BRAMAPUTRA,Dhansiri,26.23000000,94.26083333,26-08-2022 03:00,5
711,Doyang Hep Reservoir,CWC,13,Nagaland,250,WOKHA,WOKHA,-,-,Dhansiri,Brahmaputra,BRAHMAPUTRA,BRAHMAPUTRA,BRAMAPUTRA,Dhansiri,26.23000000,94.26083333,26-08-2022 23:00,1
712,Doyang Hep Reservoir,CWC,13,Nagaland,250,WOKHA,WOKHA,-,-,Dhansiri,Brahmaputra,BRAHMAPUTRA,BRAHMAPUTRA,BRAMAPUTRA,Dhansiri,26.23000000,94.26083333,27-08-2022 00:00,1.5
713,Doyang Hep Reservoir,CWC,13,Nagaland,250,WOKHA,WOKHA,-,-,Dhansiri,Brahmaputra,BRAHMAPUTRA,BRAHMAPUTRA,BRAMAPUTRA,Dhansiri,26.23000000,94.26083333,27-08-2022 01:00,1.5
714,Doyang Hep Reservoir,CWC,13,Nagaland,250,WOKHA,WOKHA,-,-,Dhansiri,Brahmaputra,BRAHMAPUTRA,BRAHMAPUTRA,BRAMAPUTRA,Dhansiri,26.23000000,94.26083333,27-08-2022 02:00,2
715,Doyang Hep Reservoir,CWC,13,Nagaland,250,WOKHA,WOKHA,-,-,Dhansiri,Brahmaputra,BRAHMAPUTRA,BRAHMAPUTRA,BRAMAPUTRA,Dhansiri,26.23000000,94.26083333,27-08-2022 03:00,2
716,Doyang Hep Reservoir,CWC,13,Nagaland,250,WOKHA,WOKHA,-,-,Dhansiri,Brahmaputra,BRAHMAPUTRA,BRAHMAPUTRA,BRAMAPUTRA,Dhansiri,26.23000000,94.26083333,27-08-2022 08:00,7.5
717,Doyang Hep Reservoir,CWC,13,Nagaland,250,WOKHA,WOKHA,-,-,Dhansiri,Brahmaputra,BRAHMAPUTRA,BRAHMAPUTRA,BRAMAPUTRA,Dhansiri,26.23000000,94.26083333,27-08-2022 09:00,8.5
718,Doyang Hep Reservoir,CWC,13,Nagaland,250,WOKHA,WOKHA,-,-,Dhansiri,Brahmaputra,BRAHMAPUTRA,BRAHMAPUTRA,BRAMAPUTRA,Dhansiri,26.23000000,94.26083333,27-08-2022 10:00,8.5
719,Doyang Hep Reservoir,CWC,13,Nagaland,250,WOKHA,WOKHA,-,-,Dhansiri,Brahmaputra,BRAHMAPUTRA,BRAHMAPUTRA,BRAMAPUTRA,Dhansiri,26.23000000,94.26083333,27-08-2022 11:00,8.5
720,Doyang Hep Reservoir,CWC,13,Nagaland,250,WOKHA,WOKHA,-,-,Dhansiri,Brahmaputra,BRAHMAPUTRA,BRAHMAPUTRA,BRAMAPUTRA,Dhansiri,26.23000000,94.26083333,27-08-2022 12:00,8.5
721,Doyang Hep Reservoir,CWC,13,Nagaland,250,WOKHA,WOKHA,-,-,Dhansiri,Brahmaputra,BRAHMAPUTRA,BRAHMAPUTRA,BRAMAPUTRA,Dhansiri,26.23000000,94.26083333,27-08-2022 13:00,8.5
722,Doyang Hep Reservoir,CWC,13,Nagaland,250,WOKHA,WOKHA,-,-,Dhansiri,Brahmaputra,BRAHMAPUTRA,BRAHMAPUTRA,BRAMAPUTRA,Dhansiri,26.23000000,94.26083333,27-08-2022 14:00,8.5
723,Doyang Hep Reservoir,CWC,13,Nagaland,250,WOKHA,WOKHA,-,-,Dhansiri,Brahmaputra,BRAHMAPUTRA,BRAHMAPUTRA,BRAMAPUTRA,Dhansiri,26.23000000,94.26083333,27-08-2022 15:00,8.5
724,Doyang Hep Reservoir,CWC,13,Nagaland,250,WOKHA,WOKHA,-,-,Dhansiri,Brahmaputra,BRAHMAPUTRA,BRAHMAPUTRA,BRAMAPUTRA,Dhansiri,26.23000000,94.26083333,27-08-2022 16:00,8.5
725,Doyang Hep Reservoir,CWC,13,Nagaland,250,WOKHA,WOKHA,-,-,Dhansiri,Brahmaputra,BRAHMAPUTRA,BRAHMAPUTRA,BRAMAPUTRA,Dhansiri,26.23000000,94.26083333,27-08-2022 19:00,8.5
726,Doyang Hep Reservoir,CWC,13,Nagaland,250,WOKHA,WOKHA,-,-,Dhansiri,Brahmaputra,BRAHMAPUTRA,BRAHMAPUTRA,BRAMAPUTRA,Dhansiri,26.23000000,94.26083333,27-08-2022 20:00,9
727,Doyang Hep Reservoir,CWC,13,Nagaland,250,WOKHA,WOKHA,-,-,Dhansiri,Brahmaputra,BRAHMAPUTRA,BRAHMAPUTRA,BRAMAPUTRA,Dhansiri,26.23000000,94.26083333,28-08-2022 03:00,27
728,Doyang Hep Reservoir,CWC,13,Nagaland,250,WOKHA,WOKHA,-,-,Dhansiri,Brahmaputra,BRAHMAPUTRA,BRAHMAPUTRA,BRAMAPUTRA,Dhansiri,26.23000000,94.26083333,28-08-2022 07:00,2
729,Doyang Hep Reservoir,CWC,13,Nagaland,250,WOKHA,WOKHA,-,-,Dhansiri,Brahmaputra,BRAHMAPUTRA,BRAHMAPUTRA,BRAMAPUTRA,Dhansiri,26.23000000,94.26083333,28-08-2022 08:00,2
730,Doyang Hep Reservoir,CWC,13,Nagaland,250,WOKHA,WOKHA,-,-,Dhansiri,Brahmaputra,BRAHMAPUTRA,BRAHMAPUTRA,BRAMAPUTRA,Dhansiri,26.23000000,94.26083333,28-08-2022 10:00,2
731,Doyang Hep Reservoir,CWC,13,Nagaland,250,WOKHA,WOKHA,-,-,Dhansiri,Brahmaputra,BRAHMAPUTRA,BRAHMAPUTRA,BRAMAPUTRA,Dhansiri,26.23000000,94.26083333,28-08-2022 11:00,2
732,Doyang Hep Reservoir,CWC,13,Nagaland,250,WOKHA,WOKHA,-,-,Dhansiri,Brahmaputra,BRAHMAPUTRA,BRAHMAPUTRA,BRAMAPUTRA,Dhansiri,26.23000000,94.26083333,28-08-2022 13:00,2
733,Doyang Hep Reservoir,CWC,13,Nagaland,250,WOKHA,WOKHA,-,-,Dhansiri,Brahmaputra,BRAHMAPUTRA,BRAHMAPUTRA,BRAMAPUTRA,Dhansiri,26.23000000,94.26083333,28-08-2022 16:00,2
734,Doyang Hep Reservoir,CWC,13,Nagaland,250,WOKHA,WOKHA,-,-,Dhansiri,Brahmaputra,BRAHMAPUTRA,BRAHMAPUTRA,BRAMAPUTRA,Dhansiri,26.23000000,94.26083333,28-08-2022 18:00,2
735,Doyang Hep Reservoir,CWC,13,Nagaland,250,WOKHA,WOKHA,-,-,Dhansiri,Brahmaputra,BRAHMAPUTRA,BRAHMAPUTRA,BRAMAPUTRA,Dhansiri,26.23000000,94.26083333,28-08-2022 19:00,2
736,Doyang Hep Reservoir,CWC,13,Nagaland,250,WOKHA,WOKHA,-,-,Dhansiri,Brahmaputra,BRAHMAPUTRA,BRAHMAPUTRA,BRAMAPUTRA,Dhansiri,26.23000000,94.26083333,28-08-2022 20:00,2
737,Doyang Hep Reservoir,CWC,13,Nagaland,250,WOKHA,WOKHA,-,-,Dhansiri,Brahmaputra,BRAHMAPUTRA,BRAHMAPUTRA,BRAMAPUTRA,Dhansiri,26.23000000,94.26083333,28-08-2022 21:00,2
738,Doyang Hep Reservoir,CWC,13,Nagaland,250,WOKHA,WOKHA,-,-,Dhansiri,Brahmaputra,BRAHMAPUTRA,BRAHMAPUTRA,BRAMAPUTRA,Dhansiri,26.23000000,94.26083333,29-08-2022 00:00,2
739,Doyang Hep Reservoir,CWC,13,Nagaland,250,WOKHA,WOKHA,-,-,Dhansiri,Brahmaputra,BRAHMAPUTRA,BRAHMAPUTRA,BRAMAPUTRA,Dhansiri,26.23000000,94.26083333,29-08-2022 01:00,2
740,Doyang Hep Reservoir,CWC,13,Nagaland,250,WOKHA,WOKHA,-,-,Dhansiri,Brahmaputra,BRAHMAPUTRA,BRAHMAPUTRA,BRAMAPUTRA,Dhansiri,26.23000000,94.26083333,29-08-2022 02:00,2
741,Doyang Hep Reservoir,CWC,13,Nagaland,250,WOKHA,WOKHA,-,-,Dhansiri,Brahmaputra,BRAHMAPUTRA,BRAHMAPUTRA,BRAMAPUTRA,Dhansiri,26.23000000,94.26083333,29-08-2022 03:00,2
742,Doyang Hep Reservoir,CWC,13,Nagaland,250,WOKHA,WOKHA,-,-,Dhansiri,Brahmaputra,BRAHMAPUTRA,BRAHMAPUTRA,BRAMAPUTRA,Dhansiri,26.23000000,94.26083333,30-08-2022 13:00,13
743,Doyang Hep Reservoir,CWC,13,Nagaland,250,WOKHA,WOKHA,-,-,Dhansiri,Brahmaputra,BRAHMAPUTRA,BRAHMAPUTRA,BRAMAPUTRA,Dhansiri,26.23000000,94.26083333,30-08-2022 14:00,13
744,Doyang Hep Reservoir,CWC,13,Nagaland,250,WOKHA,WOKHA,-,-,Dhansiri,Brahmaputra,BRAHMAPUTRA,BRAHMAPUTRA,BRAMAPUTRA,Dhansiri,26.23000000,94.26083333,30-08-2022 15:00,13.5
745,Doyang Hep Reservoir,CWC,13,Nagaland,250,WOKHA,WOKHA,-,-,Dhansiri,Brahmaputra,BRAHMAPUTRA,BRAHMAPUTRA,BRAMAPUTRA,Dhansiri,26.23000000,94.26083333,30-08-2022 16:00,13.5
746,Doyang Hep Reservoir,CWC,13,Nagaland,250,WOKHA,WOKHA,-,-,Dhansiri,Brahmaputra,BRAHMAPUTRA,BRAHMAPUTRA,BRAMAPUTRA,Dhansiri,26.23000000,94.26083333,30-08-2022 17:00,13.5
747,Doyang Hep Reservoir,CWC,13,Nagaland,250,WOKHA,WOKHA,-,-,Dhansiri,Brahmaputra,BRAHMAPUTRA,BRAHMAPUTRA,BRAMAPUTRA,Dhansiri,26.23000000,94.26083333,30-08-2022 18:00,13.5
748,Doyang Hep Reservoir,CWC,13,Nagaland,250,WOKHA,WOKHA,-,-,Dhansiri,Brahmaputra,BRAHMAPUTRA,BRAHMAPUTRA,BRAMAPUTRA,Dhansiri,26.23000000,94.26083333,30-08-2022 19:00,13.5
749,Doyang Hep Reservoir,CWC,13,Nagaland,250,WOKHA,WOKHA,-,-,Dhansiri,Brahmaputra,BRAHMAPUTRA,BRAHMAPUTRA,BRAMAPUTRA,Dhansiri,26.23000000,94.26083333,30-08-2022 20:00,13.5
750,Doyang Hep Reservoir,CWC,13,Nagaland,250,WOKHA,WOKHA,-,-,Dhansiri,Brahmaputra,BRAHMAPUTRA,BRAHMAPUTRA,BRAMAPUTRA,Dhansiri,26.23000000,94.26083333,30-08-2022 21:00,13.5
751,Doyang Hep Reservoir,CWC,13,Nagaland,250,WOKHA,WOKHA,-,-,Dhansiri,Brahmaputra,BRAHMAPUTRA,BRAHMAPUTRA,BRAMAPUTRA,Dhansiri,26.23000000,94.26083333,30-08-2022 22:00,13.5
752,Doyang Hep Reservoir,CWC,13,Nagaland,250,WOKHA,WOKHA,-,-,Dhansiri,Brahmaputra,BRAHMAPUTRA,BRAHMAPUTRA,BRAMAPUTRA,Dhansiri,26.23000000,94.26083333,30-08-2022 23:00,13.5
753,Doyang Hep Reservoir,CWC,13,Nagaland,250,WOKHA,WOKHA,-,-,Dhansiri,Brahmaputra,BRAHMAPUTRA,BRAHMAPUTRA,BRAMAPUTRA,Dhansiri,26.23000000,94.26083333,31-08-2022 00:00,13.5
754,Doyang Hep Reservoir,CWC,13,Nagaland,250,WOKHA,WOKHA,-,-,Dhansiri,Brahmaputra,BRAHMAPUTRA,BRAHMAPUTRA,BRAMAPUTRA,Dhansiri,26.23000000,94.26083333,31-08-2022 01:00,13.5
755,Doyang Hep Reservoir,CWC,13,Nagaland,250,WOKHA,WOKHA,-,-,Dhansiri,Brahmaputra,BRAHMAPUTRA,BRAHMAPUTRA,BRAMAPUTRA,Dhansiri,26.23000000,94.26083333,31-08-2022 02:00,13.5
756,Doyang Hep Reservoir,CWC,13,Nagaland,250,WOKHA,WOKHA,-,-,Dhansiri,Brahmaputra,BRAHMAPUTRA,BRAHMAPUTRA,BRAMAPUTRA,Dhansiri,26.23000000,94.26083333,31-08-2022 03:00,13.5
757,Doyang Hep Reservoir,CWC,13,Nagaland,250,WOKHA,WOKHA,-,-,Dhansiri,Brahmaputra,BRAHMAPUTRA,BRAHMAPUTRA,BRAMAPUTRA,Dhansiri,26.23000000,94.26083333,31-08-2022 18:00,2
758,Doyang Hep Reservoir,CWC,13,Nagaland,250,WOKHA,WOKHA,-,-,Dhansiri,Brahmaputra,BRAHMAPUTRA,BRAHMAPUTRA,BRAMAPUTRA,Dhansiri,26.23000000,94.26083333,31-08-2022 21:00,2
759,Doyang Hep Reservoir,CWC,13,Nagaland,250,WOKHA,WOKHA,-,-,Dhansiri,Brahmaputra,BRAHMAPUTRA,BRAHMAPUTRA,BRAMAPUTRA,Dhansiri,26.23000000,94.26083333,31-08-2022 22:00,2
760,Doyang Hep Reservoir,CWC,13,Nagaland,250,WOKHA,WOKHA,-,-,Dhansiri,Brahmaputra,BRAHMAPUTRA,BRAHMAPUTRA,BRAMAPUTRA,Dhansiri,26.23000000,94.26083333,01-09-2022 00:00,2
761,Doyang Hep Reservoir,CWC,13,Nagaland,250,WOKHA,WOKHA,-,-,Dhansiri,Brahmaputra,BRAHMAPUTRA,BRAHMAPUTRA,BRAMAPUTRA,Dhansiri,26.23000000,94.26083333,01-09-2022 01:00,2
762,Doyang Hep Reservoir,CWC,13,Nagaland,250,WOKHA,WOKHA,-,-,Dhansiri,Brahmaputra,BRAHMAPUTRA,BRAHMAPUTRA,BRAMAPUTRA,Dhansiri,26.23000000,94.26083333,01-09-2022 02:00,2
763,Doyang Hep Reservoir,CWC,13,Nagaland,250,WOKHA,WOKHA,-,-,Dhansiri,Brahmaputra,BRAHMAPUTRA,BRAHMAPUTRA,BRAMAPUTRA,Dhansiri,26.23000000,94.26083333,01-09-2022 03:00,2
764,Doyang Hep Reservoir,CWC,13,Nagaland,250,WOKHA,WOKHA,-,-,Dhansiri,Brahmaputra,BRAHMAPUTRA,BRAHMAPUTRA,BRAMAPUTRA,Dhansiri,26.23000000,94.26083333,01-09-2022 11:00,7
765,Doyang Hep Reservoir,CWC,13,Nagaland,250,WOKHA,WOKHA,-,-,Dhansiri,Brahmaputra,BRAHMAPUTRA,BRAHMAPUTRA,BRAMAPUTRA,Dhansiri,26.23000000,94.26083333,01-09-2022 12:00,8
766,Doyang Hep Reservoir,CWC,13,Nagaland,250,WOKHA,WOKHA,-,-,Dhansiri,Brahmaputra,BRAHMAPUTRA,BRAHMAPUTRA,BRAMAPUTRA,Dhansiri,26.23000000,94.26083333,01-09-2022 13:00,8
767,Doyang Hep Reservoir,CWC,13,Nagaland,250,WOKHA,WOKHA,-,-,Dhansiri,Brahmaputra,BRAHMAPUTRA,BRAHMAPUTRA,BRAMAPUTRA,Dhansiri,26.23000000,94.26083333,01-09-2022 14:00,8
768,Doyang Hep Reservoir,CWC,13,Nagaland,250,WOKHA,WOKHA,-,-,Dhansiri,Brahmaputra,BRAHMAPUTRA,BRAHMAPUTRA,BRAMAPUTRA,Dhansiri,26.23000000,94.26083333,01-09-2022 15:00,8
769,Doyang Hep Reservoir,CWC,13,Nagaland,250,WOKHA,WOKHA,-,-,Dhansiri,Brahmaputra,BRAHMAPUTRA,BRAHMAPUTRA,BRAMAPUTRA,Dhansiri,26.23000000,94.26083333,01-09-2022 16:00,8
770,Doyang Hep Reservoir,CWC,13,Nagaland,250,WOKHA,WOKHA,-,-,Dhansiri,Brahmaputra,BRAHMAPUTRA,BRAHMAPUTRA,BRAMAPUTRA,Dhansiri,26.23000000,94.26083333,01-09-2022 17:00,8
771,Doyang Hep Reservoir,CWC,13,Nagaland,250,WOKHA,WOKHA,-,-,Dhansiri,Brahmaputra,BRAHMAPUTRA,BRAHMAPUTRA,BRAMAPUTRA,Dhansiri,26.23000000,94.26083333,01-09-2022 18:00,8
772,Doyang Hep Reservoir,CWC,13,Nagaland,250,WOKHA,WOKHA,-,-,Dhansiri,Brahmaputra,BRAHMAPUTRA,BRAHMAPUTRA,BRAMAPUTRA,Dhansiri,26.23000000,94.26083333,01-09-2022 19:00,8
773,Doyang Hep Reservoir,CWC,13,Nagaland,250,WOKHA,WOKHA,-,-,Dhansiri,Brahmaputra,BRAHMAPUTRA,BRAHMAPUTRA,BRAMAPUTRA,Dhansiri,26.23000000,94.26083333,01-09-2022 20:00,8
774,Doyang Hep Reservoir,CWC,13,Nagaland,250,WOKHA,WOKHA,-,-,Dhansiri,Brahmaputra,BRAHMAPUTRA,BRAHMAPUTRA,BRAMAPUTRA,Dhansiri,26.23000000,94.26083333,01-09-2022 21:00,8
775,Doyang Hep Reservoir,CWC,13,Nagaland,250,WOKHA,WOKHA,-,-,Dhansiri,Brahmaputra,BRAHMAPUTRA,BRAHMAPUTRA,BRAMAPUTRA,Dhansiri,26.23000000,94.26083333,01-09-2022 22:00,8
776,Doyang Hep Reservoir,CWC,13,Nagaland,250,WOKHA,WOKHA,-,-,Dhansiri,Brahmaputra,BRAHMAPUTRA,BRAHMAPUTRA,BRAMAPUTRA,Dhansiri,26.23000000,94.26083333,02-09-2022 00:00,8
777,Doyang Hep Reservoir,CWC,13,Nagaland,250,WOKHA,WOKHA,-,-,Dhansiri,Brahmaputra,BRAHMAPUTRA,BRAHMAPUTRA,BRAMAPUTRA,Dhansiri,26.23000000,94.26083333,02-09-2022 01:00,8
778,Doyang Hep Reservoir,CWC,13,Nagaland,250,WOKHA,WOKHA,-,-,Dhansiri,Brahmaputra,BRAHMAPUTRA,BRAHMAPUTRA,BRAMAPUTRA,Dhansiri,26.23000000,94.26083333,02-09-2022 02:00,8
779,Doyang Hep Reservoir,CWC,13,Nagaland,250,WOKHA,WOKHA,-,-,Dhansiri,Brahmaputra,BRAHMAPUTRA,BRAHMAPUTRA,BRAMAPUTRA,Dhansiri,26.23000000,94.26083333,02-09-2022 03:00,8
780,Doyang Hep Reservoir,CWC,13,Nagaland,250,WOKHA,WOKHA,-,-,Dhansiri,Brahmaputra,BRAHMAPUTRA,BRAHMAPUTRA,BRAMAPUTRA,Dhansiri,26.23000000,94.26083333,05-09-2022 12:00,2.5
781,Doyang Hep Reservoir,CWC,13,Nagaland,250,WOKHA,WOKHA,-,-,Dhansiri,Brahmaputra,BRAHMAPUTRA,BRAHMAPUTRA,BRAMAPUTRA,Dhansiri,26.23000000,94.26083333,05-09-2022 13:00,2.5
782,Doyang Hep Reservoir,CWC,13,Nagaland,250,WOKHA,WOKHA,-,-,Dhansiri,Brahmaputra,BRAHMAPUTRA,BRAHMAPUTRA,BRAMAPUTRA,Dhansiri,26.23000000,94.26083333,05-09-2022 14:00,2.5
783,Doyang Hep Reservoir,CWC,13,Nagaland,250,WOKHA,WOKHA,-,-,Dhansiri,Brahmaputra,BRAHMAPUTRA,BRAHMAPUTRA,BRAMAPUTRA,Dhansiri,26.23000000,94.26083333,05-09-2022 15:00,2.5
784,Doyang Hep Reservoir,CWC,13,Nagaland,250,WOKHA,WOKHA,-,-,Dhansiri,Brahmaputra,BRAHMAPUTRA,BRAHMAPUTRA,BRAMAPUTRA,Dhansiri,26.23000000,94.26083333,05-09-2022 16:00,2.5
785,Doyang Hep Reservoir,CWC,13,Nagaland,250,WOKHA,WOKHA,-,-,Dhansiri,Brahmaputra,BRAHMAPUTRA,BRAHMAPUTRA,BRAMAPUTRA,Dhansiri,26.23000000,94.26083333,05-09-2022 17:00,2.5
786,Doyang Hep Reservoir,CWC,13,Nagaland,250,WOKHA,WOKHA,-,-,Dhansiri,Brahmaputra,BRAHMAPUTRA,BRAHMAPUTRA,BRAMAPUTRA,Dhansiri,26.23000000,94.26083333,05-09-2022 18:00,2.5
787,Doyang Hep Reservoir,CWC,13,Nagaland,250,WOKHA,WOKHA,-,-,Dhansiri,Brahmaputra,BRAHMAPUTRA,BRAHMAPUTRA,BRAMAPUTRA,Dhansiri,26.23000000,94.26083333,05-09-2022 19:00,2.5
788,Doyang Hep Reservoir,CWC,13,Nagaland,250,WOKHA,WOKHA,-,-,Dhansiri,Brahmaputra,BRAHMAPUTRA,BRAHMAPUTRA,BRAMAPUTRA,Dhansiri,26.23000000,94.26083333,05-09-2022 20:00,3
789,Doyang Hep Reservoir,CWC,13,Nagaland,250,WOKHA,WOKHA,-,-,Dhansiri,Brahmaputra,BRAHMAPUTRA,BRAHMAPUTRA,BRAMAPUTRA,Dhansiri,26.23000000,94.26083333,05-09-2022 21:00,3
790,Doyang Hep Reservoir,CWC,13,Nagaland,250,WOKHA,WOKHA,-,-,Dhansiri,Brahmaputra,BRAHMAPUTRA,BRAHMAPUTRA,BRAMAPUTRA,Dhansiri,26.23000000,94.26083333,05-09-2022 22:00,3
791,Doyang Hep Reservoir,CWC,13,Nagaland,250,WOKHA,WOKHA,-,-,Dhansiri,Brahmaputra,BRAHMAPUTRA,BRAHMAPUTRA,BRAMAPUTRA,Dhansiri,26.23000000,94.26083333,05-09-2022 23:00,3
792,Doyang Hep Reservoir,CWC,13,Nagaland,250,WOKHA,WOKHA,-,-,Dhansiri,Brahmaputra,BRAHMAPUTRA,BRAHMAPUTRA,BRAMAPUTRA,Dhansiri,26.23000000,94.26083333,06-09-2022 00:00,3
793,Doyang Hep Reservoir,CWC,13,Nagaland,250,WOKHA,WOKHA,-,-,Dhansiri,Brahmaputra,BRAHMAPUTRA,BRAHMAPUTRA,BRAMAPUTRA,Dhansiri,26.23000000,94.26083333,06-09-2022 01:00,3
794,Doyang Hep Reservoir,CWC,13,Nagaland,250,WOKHA,WOKHA,-,-,Dhansiri,Brahmaputra,BRAHMAPUTRA,BRAHMAPUTRA,BRAMAPUTRA,Dhansiri,26.23000000,94.26083333,06-09-2022 02:00,3
795,Doyang Hep Reservoir,CWC,13,Nagaland,250,WOKHA,WOKHA,-,-,Dhansiri,Brahmaputra,BRAHMAPUTRA,BRAHMAPUTRA,BRAMAPUTRA,Dhansiri,26.23000000,94.26083333,06-09-2022 03:00,3
796,Doyang Hep Reservoir,CWC,13,Nagaland,250,WOKHA,WOKHA,-,-,Dhansiri,Brahmaputra,BRAHMAPUTRA,BRAHMAPUTRA,BRAMAPUTRA,Dhansiri,26.23000000,94.26083333,06-09-2022 09:00,5
797,Doyang Hep Reservoir,CWC,13,Nagaland,250,WOKHA,WOKHA,-,-,Dhansiri,Brahmaputra,BRAHMAPUTRA,BRAHMAPUTRA,BRAMAPUTRA,Dhansiri,26.23000000,94.26083333,06-09-2022 10:00,5
798,Doyang Hep Reservoir,CWC,13,Nagaland,250,WOKHA,WOKHA,-,-,Dhansiri,Brahmaputra,BRAHMAPUTRA,BRAHMAPUTRA,BRAMAPUTRA,Dhansiri,26.23000000,94.26083333,06-09-2022 11:00,5
799,Doyang Hep Reservoir,CWC,13,Nagaland,250,WOKHA,WOKHA,-,-,Dhansiri,Brahmaputra,BRAHMAPUTRA,BRAHMAPUTRA,BRAMAPUTRA,Dhansiri,26.23000000,94.26083333,06-09-2022 12:00,5
800,Doyang Hep Reservoir,CWC,13,Nagaland,250,WOKHA,WOKHA,-,-,Dhansiri,Brahmaputra,BRAHMAPUTRA,BRAHMAPUTRA,BRAMAPUTRA,Dhansiri,26.23000000,94.26083333,06-09-2022 13:00,5
801,Doyang Hep Reservoir,CWC,13,Nagaland,250,WOKHA,WOKHA,-,-,Dhansiri,Brahmaputra,BRAHMAPUTRA,BRAHMAPUTRA,BRAMAPUTRA,Dhansiri,26.23000000,94.26083333,06-09-2022 14:00,5
802,Doyang Hep Reservoir,CWC,13,Nagaland,250,WOKHA,WOKHA,-,-,Dhansiri,Brahmaputra,BRAHMAPUTRA,BRAHMAPUTRA,BRAMAPUTRA,Dhansiri,26.23000000,94.26083333,06-09-2022 15:00,5
803,Doyang Hep Reservoir,CWC,13,Nagaland,250,WOKHA,WOKHA,-,-,Dhansiri,Brahmaputra,BRAHMAPUTRA,BRAHMAPUTRA,BRAMAPUTRA,Dhansiri,26.23000000,94.26083333,06-09-2022 16:00,5
804,Doyang Hep Reservoir,CWC,13,Nagaland,250,WOKHA,WOKHA,-,-,Dhansiri,Brahmaputra,BRAHMAPUTRA,BRAHMAPUTRA,BRAMAPUTRA,Dhansiri,26.23000000,94.26083333,06-09-2022 17:00,5
805,Doyang Hep Reservoir,CWC,13,Nagaland,250,WOKHA,WOKHA,-,-,Dhansiri,Brahmaputra,BRAHMAPUTRA,BRAHMAPUTRA,BRAMAPUTRA,Dhansiri,26.23000000,94.26083333,06-09-2022 18:00,5
806,Doyang Hep Reservoir,CWC,13,Nagaland,250,WOKHA,WOKHA,-,-,Dhansiri,Brahmaputra,BRAHMAPUTRA,BRAHMAPUTRA,BRAMAPUTRA,Dhansiri,26.23000000,94.26083333,06-09-2022 19:00,5
807,Doyang Hep Reservoir,CWC,13,Nagaland,250,WOKHA,WOKHA,-,-,Dhansiri,Brahmaputra,BRAHMAPUTRA,BRAHMAPUTRA,BRAMAPUTRA,Dhansiri,26.23000000,94.26083333,06-09-2022 20:00,5
808,Doyang Hep Reservoir,CWC,13,Nagaland,250,WOKHA,WOKHA,-,-,Dhansiri,Brahmaputra,BRAHMAPUTRA,BRAHMAPUTRA,BRAMAPUTRA,Dhansiri,26.23000000,94.26083333,06-09-2022 21:00,5
809,Doyang Hep Reservoir,CWC,13,Nagaland,250,WOKHA,WOKHA,-,-,Dhansiri,Brahmaputra,BRAHMAPUTRA,BRAHMAPUTRA,BRAMAPUTRA,Dhansiri,26.23000000,94.26083333,06-09-2022 22:00,5
810,Doyang Hep Reservoir,CWC,13,Nagaland,250,WOKHA,WOKHA,-,-,Dhansiri,Brahmaputra,BRAHMAPUTRA,BRAHMAPUTRA,BRAMAPUTRA,Dhansiri,26.23000000,94.26083333,06-09-2022 23:00,5
811,Doyang Hep Reservoir,CWC,13,Nagaland,250,WOKHA,WOKHA,-,-,Dhansiri,Brahmaputra,BRAHMAPUTRA,BRAHMAPUTRA,BRAMAPUTRA,Dhansiri,26.23000000,94.26083333,07-09-2022 00:00,5
812,Doyang Hep Reservoir,CWC,13,Nagaland,250,WOKHA,WOKHA,-,-,Dhansiri,Brahmaputra,BRAHMAPUTRA,BRAHMAPUTRA,BRAMAPUTRA,Dhansiri,26.23000000,94.26083333,07-09-2022 01:00,5
813,Doyang Hep Reservoir,CWC,13,Nagaland,250,WOKHA,WOKHA,-,-,Dhansiri,Brahmaputra,BRAHMAPUTRA,BRAHMAPUTRA,BRAMAPUTRA,Dhansiri,26.23000000,94.26083333,07-09-2022 02:00,5
814,Doyang Hep Reservoir,CWC,13,Nagaland,250,WOKHA,WOKHA,-,-,Dhansiri,Brahmaputra,BRAHMAPUTRA,BRAHMAPUTRA,BRAMAPUTRA,Dhansiri,26.23000000,94.26083333,07-09-2022 03:00,5
815,Doyang Hep Reservoir,CWC,13,Nagaland,250,WOKHA,WOKHA,-,-,Dhansiri,Brahmaputra,BRAHMAPUTRA,BRAHMAPUTRA,BRAMAPUTRA,Dhansiri,26.23000000,94.26083333,07-09-2022 09:00,0.5
816,Doyang Hep Reservoir,CWC,13,Nagaland,250,WOKHA,WOKHA,-,-,Dhansiri,Brahmaputra,BRAHMAPUTRA,BRAHMAPUTRA,BRAMAPUTRA,Dhansiri,26.23000000,94.26083333,07-09-2022 10:00,3.5
817,Doyang Hep Reservoir,CWC,13,Nagaland,250,WOKHA,WOKHA,-,-,Dhansiri,Brahmaputra,BRAHMAPUTRA,BRAHMAPUTRA,BRAMAPUTRA,Dhansiri,26.23000000,94.26083333,07-09-2022 11:00,4
818,Doyang Hep Reservoir,CWC,13,Nagaland,250,WOKHA,WOKHA,-,-,Dhansiri,Brahmaputra,BRAHMAPUTRA,BRAHMAPUTRA,BRAMAPUTRA,Dhansiri,26.23000000,94.26083333,07-09-2022 12:00,4.5
819,Doyang Hep Reservoir,CWC,13,Nagaland,250,WOKHA,WOKHA,-,-,Dhansiri,Brahmaputra,BRAHMAPUTRA,BRAHMAPUTRA,BRAMAPUTRA,Dhansiri,26.23000000,94.26083333,07-09-2022 13:00,4.5
820,Doyang Hep Reservoir,CWC,13,Nagaland,250,WOKHA,WOKHA,-,-,Dhansiri,Brahmaputra,BRAHMAPUTRA,BRAHMAPUTRA,BRAMAPUTRA,Dhansiri,26.23000000,94.26083333,07-09-2022 14:00,4.5
821,Doyang Hep Reservoir,CWC,13,Nagaland,250,WOKHA,WOKHA,-,-,Dhansiri,Brahmaputra,BRAHMAPUTRA,BRAHMAPUTRA,BRAMAPUTRA,Dhansiri,26.23000000,94.26083333,07-09-2022 15:00,4.5
822,Doyang Hep Reservoir,CWC,13,Nagaland,250,WOKHA,WOKHA,-,-,Dhansiri,Brahmaputra,BRAHMAPUTRA,BRAHMAPUTRA,BRAMAPUTRA,Dhansiri,26.23000000,94.26083333,07-09-2022 16:00,4.5
823,Doyang Hep Reservoir,CWC,13,Nagaland,250,WOKHA,WOKHA,-,-,Dhansiri,Brahmaputra,BRAHMAPUTRA,BRAHMAPUTRA,BRAMAPUTRA,Dhansiri,26.23000000,94.26083333,07-09-2022 17:00,4.5
824,Doyang Hep Reservoir,CWC,13,Nagaland,250,WOKHA,WOKHA,-,-,Dhansiri,Brahmaputra,BRAHMAPUTRA,BRAHMAPUTRA,BRAMAPUTRA,Dhansiri,26.23000000,94.26083333,07-09-2022 18:00,4.5
825,Doyang Hep Reservoir,CWC,13,Nagaland,250,WOKHA,WOKHA,-,-,Dhansiri,Brahmaputra,BRAHMAPUTRA,BRAHMAPUTRA,BRAMAPUTRA,Dhansiri,26.23000000,94.26083333,07-09-2022 19:00,4.5
826,Doyang Hep Reservoir,CWC,13,Nagaland,250,WOKHA,WOKHA,-,-,Dhansiri,Brahmaputra,BRAHMAPUTRA,BRAHMAPUTRA,BRAMAPUTRA,Dhansiri,26.23000000,94.26083333,07-09-2022 20:00,4.5
827,Doyang Hep Reservoir,CWC,13,Nagaland,250,WOKHA,WOKHA,-,-,Dhansiri,Brahmaputra,BRAHMAPUTRA,BRAHMAPUTRA,BRAMAPUTRA,Dhansiri,26.23000000,94.26083333,07-09-2022 21:00,4.5
828,Doyang Hep Reservoir,CWC,13,Nagaland,250,WOKHA,WOKHA,-,-,Dhansiri,Brahmaputra,BRAHMAPUTRA,BRAHMAPUTRA,BRAMAPUTRA,Dhansiri,26.23000000,94.26083333,07-09-2022 22:00,4.5
829,Doyang Hep Reservoir,CWC,13,Nagaland,250,WOKHA,WOKHA,-,-,Dhansiri,Brahmaputra,BRAHMAPUTRA,BRAHMAPUTRA,BRAMAPUTRA,Dhansiri,26.23000000,94.26083333,07-09-2022 23:00,4.5
830,Doyang Hep Reservoir,CWC,13,Nagaland,250,WOKHA,WOKHA,-,-,Dhansiri,Brahmaputra,BRAHMAPUTRA,BRAHMAPUTRA,BRAMAPUTRA,Dhansiri,26.23000000,94.26083333,08-09-2022 00:00,4.5
831,Doyang Hep Reservoir,CWC,13,Nagaland,250,WOKHA,WOKHA,-,-,Dhansiri,Brahmaputra,BRAHMAPUTRA,BRAHMAPUTRA,BRAMAPUTRA,Dhansiri,26.23000000,94.26083333,08-09-2022 01:00,4.5
832,Doyang Hep Reservoir,CWC,13,Nagaland,250,WOKHA,WOKHA,-,-,Dhansiri,Brahmaputra,BRAHMAPUTRA,BRAHMAPUTRA,BRAMAPUTRA,Dhansiri,26.23000000,94.26083333,08-09-2022 02:00,4.5
833,Doyang Hep Reservoir,CWC,13,Nagaland,250,WOKHA,WOKHA,-,-,Dhansiri,Brahmaputra,BRAHMAPUTRA,BRAHMAPUTRA,BRAMAPUTRA,Dhansiri,26.23000000,94.26083333,08-09-2022 03:00,4.5
834,Doyang Hep Reservoir,CWC,13,Nagaland,250,WOKHA,WOKHA,-,-,Dhansiri,Brahmaputra,BRAHMAPUTRA,BRAHMAPUTRA,BRAMAPUTRA,Dhansiri,26.23000000,94.26083333,11-09-2022 14:00,4
835,Doyang Hep Reservoir,CWC,13,Nagaland,250,WOKHA,WOKHA,-,-,Dhansiri,Brahmaputra,BRAHMAPUTRA,BRAHMAPUTRA,BRAMAPUTRA,Dhansiri,26.23000000,94.26083333,11-09-2022 15:00,4
836,Doyang Hep Reservoir,CWC,13,Nagaland,250,WOKHA,WOKHA,-,-,Dhansiri,Brahmaputra,BRAHMAPUTRA,BRAHMAPUTRA,BRAMAPUTRA,Dhansiri,26.23000000,94.26083333,11-09-2022 16:00,4
837,Doyang Hep Reservoir,CWC,13,Nagaland,250,WOKHA,WOKHA,-,-,Dhansiri,Brahmaputra,BRAHMAPUTRA,BRAHMAPUTRA,BRAMAPUTRA,Dhansiri,26.23000000,94.26083333,11-09-2022 17:00,4.5
838,Doyang Hep Reservoir,CWC,13,Nagaland,250,WOKHA,WOKHA,-,-,Dhansiri,Brahmaputra,BRAHMAPUTRA,BRAHMAPUTRA,BRAMAPUTRA,Dhansiri,26.23000000,94.26083333,11-09-2022 18:00,8
839,Doyang Hep Reservoir,CWC,13,Nagaland,250,WOKHA,WOKHA,-,-,Dhansiri,Brahmaputra,BRAHMAPUTRA,BRAHMAPUTRA,BRAMAPUTRA,Dhansiri,26.23000000,94.26083333,11-09-2022 19:00,9.5
840,Doyang Hep Reservoir,CWC,13,Nagaland,250,WOKHA,WOKHA,-,-,Dhansiri,Brahmaputra,BRAHMAPUTRA,BRAHMAPUTRA,BRAMAPUTRA,Dhansiri,26.23000000,94.26083333,11-09-2022 20:00,33.5
841,Doyang Hep Reservoir,CWC,13,Nagaland,250,WOKHA,WOKHA,-,-,Dhansiri,Brahmaputra,BRAHMAPUTRA,BRAHMAPUTRA,BRAMAPUTRA,Dhansiri,26.23000000,94.26083333,11-09-2022 21:00,59
842,Doyang Hep Reservoir,CWC,13,Nagaland,250,WOKHA,WOKHA,-,-,Dhansiri,Brahmaputra,BRAHMAPUTRA,BRAHMAPUTRA,BRAMAPUTRA,Dhansiri,26.23000000,94.26083333,11-09-2022 22:00,59.5
843,Doyang Hep Reservoir,CWC,13,Nagaland,250,WOKHA,WOKHA,-,-,Dhansiri,Brahmaputra,BRAHMAPUTRA,BRAHMAPUTRA,BRAMAPUTRA,Dhansiri,26.23000000,94.26083333,11-09-2022 23:00,59.5
844,Doyang Hep Reservoir,CWC,13,Nagaland,250,WOKHA,WOKHA,-,-,Dhansiri,Brahmaputra,BRAHMAPUTRA,BRAHMAPUTRA,BRAMAPUTRA,Dhansiri,26.23000000,94.26083333,12-09-2022 00:00,59.5
845,Doyang Hep Reservoir,CWC,13,Nagaland,250,WOKHA,WOKHA,-,-,Dhansiri,Brahmaputra,BRAHMAPUTRA,BRAHMAPUTRA,BRAMAPUTRA,Dhansiri,26.23000000,94.26083333,12-09-2022 01:00,59.5
846,Doyang Hep Reservoir,CWC,13,Nagaland,250,WOKHA,WOKHA,-,-,Dhansiri,Brahmaputra,BRAHMAPUTRA,BRAHMAPUTRA,BRAMAPUTRA,Dhansiri,26.23000000,94.26083333,12-09-2022 02:00,59.5
847,Doyang Hep Reservoir,CWC,13,Nagaland,250,WOKHA,WOKHA,-,-,Dhansiri,Brahmaputra,BRAHMAPUTRA,BRAHMAPUTRA,BRAMAPUTRA,Dhansiri,26.23000000,94.26083333,12-09-2022 03:00,59.5
848,Doyang Hep Reservoir,CWC,13,Nagaland,250,WOKHA,WOKHA,-,-,Dhansiri,Brahmaputra,BRAHMAPUTRA,BRAHMAPUTRA,BRAMAPUTRA,Dhansiri,26.23000000,94.26083333,12-09-2022 17:00,2
849,Doyang Hep Reservoir,CWC,13,Nagaland,250,WOKHA,WOKHA,-,-,Dhansiri,Brahmaputra,BRAHMAPUTRA,BRAHMAPUTRA,BRAMAPUTRA,Dhansiri,26.23000000,94.26083333,12-09-2022 18:00,3.5
850,Doyang Hep Reservoir,CWC,13,Nagaland,250,WOKHA,WOKHA,-,-,Dhansiri,Brahmaputra,BRAHMAPUTRA,BRAHMAPUTRA,BRAMAPUTRA,Dhansiri,26.23000000,94.26083333,12-09-2022 19:00,14.5
851,Doyang Hep Reservoir,CWC,13,Nagaland,250,WOKHA,WOKHA,-,-,Dhansiri,Brahmaputra,BRAHMAPUTRA,BRAHMAPUTRA,BRAMAPUTRA,Dhansiri,26.23000000,94.26083333,12-09-2022 20:00,15.5
852,Doyang Hep Reservoir,CWC,13,Nagaland,250,WOKHA,WOKHA,-,-,Dhansiri,Brahmaputra,BRAHMAPUTRA,BRAHMAPUTRA,BRAMAPUTRA,Dhansiri,26.23000000,94.26083333,12-09-2022 21:00,19.5
853,Doyang Hep Reservoir,CWC,13,Nagaland,250,WOKHA,WOKHA,-,-,Dhansiri,Brahmaputra,BRAHMAPUTRA,BRAHMAPUTRA,BRAMAPUTRA,Dhansiri,26.23000000,94.26083333,12-09-2022 22:00,22.5
854,Doyang Hep Reservoir,CWC,13,Nagaland,250,WOKHA,WOKHA,-,-,Dhansiri,Brahmaputra,BRAHMAPUTRA,BRAHMAPUTRA,BRAMAPUTRA,Dhansiri,26.23000000,94.26083333,12-09-2022 23:00,23
855,Doyang Hep Reservoir,CWC,13,Nagaland,250,WOKHA,WOKHA,-,-,Dhansiri,Brahmaputra,BRAHMAPUTRA,BRAHMAPUTRA,BRAMAPUTRA,Dhansiri,26.23000000,94.26083333,13-09-2022 00:00,23
856,Doyang Hep Reservoir,CWC,13,Nagaland,250,WOKHA,WOKHA,-,-,Dhansiri,Brahmaputra,BRAHMAPUTRA,BRAHMAPUTRA,BRAMAPUTRA,Dhansiri,26.23000000,94.26083333,13-09-2022 01:00,23
857,Doyang Hep Reservoir,CWC,13,Nagaland,250,WOKHA,WOKHA,-,-,Dhansiri,Brahmaputra,BRAHMAPUTRA,BRAHMAPUTRA,BRAMAPUTRA,Dhansiri,26.23000000,94.26083333,13-09-2022 02:00,23.5
858,Doyang Hep Reservoir,CWC,13,Nagaland,250,WOKHA,WOKHA,-,-,Dhansiri,Brahmaputra,BRAHMAPUTRA,BRAHMAPUTRA,BRAMAPUTRA,Dhansiri,26.23000000,94.26083333,13-09-2022 03:00,23.5
859,Doyang Hep Reservoir,CWC,13,Nagaland,250,WOKHA,WOKHA,-,-,Dhansiri,Brahmaputra,BRAHMAPUTRA,BRAHMAPUTRA,BRAMAPUTRA,Dhansiri,26.23000000,94.26083333,14-09-2022 19:00,2
860,Doyang Hep Reservoir,CWC,13,Nagaland,250,WOKHA,WOKHA,-,-,Dhansiri,Brahmaputra,BRAHMAPUTRA,BRAHMAPUTRA,BRAMAPUTRA,Dhansiri,26.23000000,94.26083333,14-09-2022 20:00,3
861,Doyang Hep Reservoir,CWC,13,Nagaland,250,WOKHA,WOKHA,-,-,Dhansiri,Brahmaputra,BRAHMAPUTRA,BRAHMAPUTRA,BRAMAPUTRA,Dhansiri,26.23000000,94.26083333,14-09-2022 21:00,3
862,Doyang Hep Reservoir,CWC,13,Nagaland,250,WOKHA,WOKHA,-,-,Dhansiri,Brahmaputra,BRAHMAPUTRA,BRAHMAPUTRA,BRAMAPUTRA,Dhansiri,26.23000000,94.26083333,14-09-2022 22:00,3
863,Doyang Hep Reservoir,CWC,13,Nagaland,250,WOKHA,WOKHA,-,-,Dhansiri,Brahmaputra,BRAHMAPUTRA,BRAHMAPUTRA,BRAMAPUTRA,Dhansiri,26.23000000,94.26083333,14-09-2022 23:00,3
864,Doyang Hep Reservoir,CWC,13,Nagaland,250,WOKHA,WOKHA,-,-,Dhansiri,Brahmaputra,BRAHMAPUTRA,BRAHMAPUTRA,BRAMAPUTRA,Dhansiri,26.23000000,94.26083333,15-09-2022 00:00,3
865,Doyang Hep Reservoir,CWC,13,Nagaland,250,WOKHA,WOKHA,-,-,Dhansiri,Brahmaputra,BRAHMAPUTRA,BRAHMAPUTRA,BRAMAPUTRA,Dhansiri,26.23000000,94.26083333,15-09-2022 01:00,3
866,Doyang Hep Reservoir,CWC,13,Nagaland,250,WOKHA,WOKHA,-,-,Dhansiri,Brahmaputra,BRAHMAPUTRA,BRAHMAPUTRA,BRAMAPUTRA,Dhansiri,26.23000000,94.26083333,15-09-2022 02:00,3
867,Doyang Hep Reservoir,CWC,13,Nagaland,250,WOKHA,WOKHA,-,-,Dhansiri,Brahmaputra,BRAHMAPUTRA,BRAHMAPUTRA,BRAMAPUTRA,Dhansiri,26.23000000,94.26083333,15-09-2022 03:00,3
868,Doyang Hep Reservoir,CWC,13,Nagaland,250,WOKHA,WOKHA,-,-,Dhansiri,Brahmaputra,BRAHMAPUTRA,BRAHMAPUTRA,BRAMAPUTRA,Dhansiri,26.23000000,94.26083333,15-09-2022 07:00,0.5
869,Doyang Hep Reservoir,CWC,13,Nagaland,250,WOKHA,WOKHA,-,-,Dhansiri,Brahmaputra,BRAHMAPUTRA,BRAHMAPUTRA,BRAMAPUTRA,Dhansiri,26.23000000,94.26083333,15-09-2022 08:00,0.5
870,Doyang Hep Reservoir,CWC,13,Nagaland,250,WOKHA,WOKHA,-,-,Dhansiri,Brahmaputra,BRAHMAPUTRA,BRAHMAPUTRA,BRAMAPUTRA,Dhansiri,26.23000000,94.26083333,15-09-2022 09:00,0.5
871,Doyang Hep Reservoir,CWC,13,Nagaland,250,WOKHA,WOKHA,-,-,Dhansiri,Brahmaputra,BRAHMAPUTRA,BRAHMAPUTRA,BRAMAPUTRA,Dhansiri,26.23000000,94.26083333,15-09-2022 10:00,0.5
872,Doyang Hep Reservoir,CWC,13,Nagaland,250,WOKHA,WOKHA,-,-,Dhansiri,Brahmaputra,BRAHMAPUTRA,BRAHMAPUTRA,BRAMAPUTRA,Dhansiri,26.23000000,94.26083333,15-09-2022 11:00,0.5
873,Doyang Hep Reservoir,CWC,13,Nagaland,250,WOKHA,WOKHA,-,-,Dhansiri,Brahmaputra,BRAHMAPUTRA,BRAHMAPUTRA,BRAMAPUTRA,Dhansiri,26.23000000,94.26083333,15-09-2022 12:00,0.5
874,Doyang Hep Reservoir,CWC,13,Nagaland,250,WOKHA,WOKHA,-,-,Dhansiri,Brahmaputra,BRAHMAPUTRA,BRAHMAPUTRA,BRAMAPUTRA,Dhansiri,26.23000000,94.26083333,15-09-2022 13:00,0.5
875,Doyang Hep Reservoir,CWC,13,Nagaland,250,WOKHA,WOKHA,-,-,Dhansiri,Brahmaputra,BRAHMAPUTRA,BRAHMAPUTRA,BRAMAPUTRA,Dhansiri,26.23000000,94.26083333,15-09-2022 14:00,0.5
876,Doyang Hep Reservoir,CWC,13,Nagaland,250,WOKHA,WOKHA,-,-,Dhansiri,Brahmaputra,BRAHMAPUTRA,BRAHMAPUTRA,BRAMAPUTRA,Dhansiri,26.23000000,94.26083333,15-09-2022 15:00,0.5
877,Doyang Hep Reservoir,CWC,13,Nagaland,250,WOKHA,WOKHA,-,-,Dhansiri,Brahmaputra,BRAHMAPUTRA,BRAHMAPUTRA,BRAMAPUTRA,Dhansiri,26.23000000,94.26083333,15-09-2022 16:00,0.5
878,Doyang Hep Reservoir,CWC,13,Nagaland,250,WOKHA,WOKHA,-,-,Dhansiri,Brahmaputra,BRAHMAPUTRA,BRAHMAPUTRA,BRAMAPUTRA,Dhansiri,26.23000000,94.26083333,15-09-2022 17:00,0.5
879,Doyang Hep Reservoir,CWC,13,Nagaland,250,WOKHA,WOKHA,-,-,Dhansiri,Brahmaputra,BRAHMAPUTRA,BRAHMAPUTRA,BRAMAPUTRA,Dhansiri,26.23000000,94.26083333,15-09-2022 18:00,0.5
880,Doyang Hep Reservoir,CWC,13,Nagaland,250,WOKHA,WOKHA,-,-,Dhansiri,Brahmaputra,BRAHMAPUTRA,BRAHMAPUTRA,BRAMAPUTRA,Dhansiri,26.23000000,94.26083333,15-09-2022 19:00,0.5
881,Doyang Hep Reservoir,CWC,13,Nagaland,250,WOKHA,WOKHA,-,-,Dhansiri,Brahmaputra,BRAHMAPUTRA,BRAHMAPUTRA,BRAMAPUTRA,Dhansiri,26.23000000,94.26083333,15-09-2022 20:00,0.5
882,Doyang Hep Reservoir,CWC,13,Nagaland,250,WOKHA,WOKHA,-,-,Dhansiri,Brahmaputra,BRAHMAPUTRA,BRAHMAPUTRA,BRAMAPUTRA,Dhansiri,26.23000000,94.26083333,15-09-2022 21:00,0.5
883,Doyang Hep Reservoir,CWC,13,Nagaland,250,WOKHA,WOKHA,-,-,Dhansiri,Brahmaputra,BRAHMAPUTRA,BRAHMAPUTRA,BRAMAPUTRA,Dhansiri,26.23000000,94.26083333,16-09-2022 00:00,0.5
884,Doyang Hep Reservoir,CWC,13,Nagaland,250,WOKHA,WOKHA,-,-,Dhansiri,Brahmaputra,BRAHMAPUTRA,BRAHMAPUTRA,BRAMAPUTRA,Dhansiri,26.23000000,94.26083333,16-09-2022 01:00,0.5
885,Doyang Hep Reservoir,CWC,13,Nagaland,250,WOKHA,WOKHA,-,-,Dhansiri,Brahmaputra,BRAHMAPUTRA,BRAHMAPUTRA,BRAMAPUTRA,Dhansiri,26.23000000,94.26083333,16-09-2022 02:00,0.5
886,Doyang Hep Reservoir,CWC,13,Nagaland,250,WOKHA,WOKHA,-,-,Dhansiri,Brahmaputra,BRAHMAPUTRA,BRAHMAPUTRA,BRAMAPUTRA,Dhansiri,26.23000000,94.26083333,16-09-2022 03:00,0.5
887,Doyang Hep Reservoir,CWC,13,Nagaland,250,WOKHA,WOKHA,-,-,Dhansiri,Brahmaputra,BRAHMAPUTRA,BRAHMAPUTRA,BRAMAPUTRA,Dhansiri,26.23000000,94.26083333,19-09-2022 17:00,10
888,Doyang Hep Reservoir,CWC,13,Nagaland,250,WOKHA,WOKHA,-,-,Dhansiri,Brahmaputra,BRAHMAPUTRA,BRAHMAPUTRA,BRAMAPUTRA,Dhansiri,26.23000000,94.26083333,19-09-2022 19:00,20
889,Doyang Hep Reservoir,CWC,13,Nagaland,250,WOKHA,WOKHA,-,-,Dhansiri,Brahmaputra,BRAHMAPUTRA,BRAHMAPUTRA,BRAMAPUTRA,Dhansiri,26.23000000,94.26083333,19-09-2022 22:00,37
890,Doyang Hep Reservoir,CWC,13,Nagaland,250,WOKHA,WOKHA,-,-,Dhansiri,Brahmaputra,BRAHMAPUTRA,BRAHMAPUTRA,BRAMAPUTRA,Dhansiri,26.23000000,94.26083333,23-09-2022 20:00,3
891,Doyang Hep Reservoir,CWC,13,Nagaland,250,WOKHA,WOKHA,-,-,Dhansiri,Brahmaputra,BRAHMAPUTRA,BRAHMAPUTRA,BRAMAPUTRA,Dhansiri,26.23000000,94.26083333,23-09-2022 21:00,4.5
892,Doyang Hep Reservoir,CWC,13,Nagaland,250,WOKHA,WOKHA,-,-,Dhansiri,Brahmaputra,BRAHMAPUTRA,BRAHMAPUTRA,BRAMAPUTRA,Dhansiri,26.23000000,94.26083333,23-09-2022 22:00,4.5
893,Doyang Hep Reservoir,CWC,13,Nagaland,250,WOKHA,WOKHA,-,-,Dhansiri,Brahmaputra,BRAHMAPUTRA,BRAHMAPUTRA,BRAMAPUTRA,Dhansiri,26.23000000,94.26083333,24-09-2022 00:00,4.5
894,Doyang Hep Reservoir,CWC,13,Nagaland,250,WOKHA,WOKHA,-,-,Dhansiri,Brahmaputra,BRAHMAPUTRA,BRAHMAPUTRA,BRAMAPUTRA,Dhansiri,26.23000000,94.26083333,24-09-2022 01:00,4.5
895,Doyang Hep Reservoir,CWC,13,Nagaland,250,WOKHA,WOKHA,-,-,Dhansiri,Brahmaputra,BRAHMAPUTRA,BRAHMAPUTRA,BRAMAPUTRA,Dhansiri,26.23000000,94.26083333,25-09-2022 13:00,12
896,Doyang Hep Reservoir,CWC,13,Nagaland,250,WOKHA,WOKHA,-,-,Dhansiri,Brahmaputra,BRAHMAPUTRA,BRAHMAPUTRA,BRAMAPUTRA,Dhansiri,26.23000000,94.26083333,25-09-2022 16:00,12
897,Doyang Hep Reservoir,CWC,13,Nagaland,250,WOKHA,WOKHA,-,-,Dhansiri,Brahmaputra,BRAHMAPUTRA,BRAHMAPUTRA,BRAMAPUTRA,Dhansiri,26.23000000,94.26083333,25-09-2022 19:00,12
898,Doyang Hep Reservoir,CWC,13,Nagaland,250,WOKHA,WOKHA,-,-,Dhansiri,Brahmaputra,BRAHMAPUTRA,BRAHMAPUTRA,BRAMAPUTRA,Dhansiri,26.23000000,94.26083333,25-09-2022 20:00,12
899,Doyang Hep Reservoir,CWC,13,Nagaland,250,WOKHA,WOKHA,-,-,Dhansiri,Brahmaputra,BRAHMAPUTRA,BRAHMAPUTRA,BRAMAPUTRA,Dhansiri,26.23000000,94.26083333,25-09-2022 23:00,12
900,Doyang Hep Reservoir,CWC,13,Nagaland,250,WOKHA,WOKHA,-,-,Dhansiri,Brahmaputra,BRAHMAPUTRA,BRAHMAPUTRA,BRAMAPUTRA,Dhansiri,26.23000000,94.26083333,26-09-2022 00:00,12
901,Doyang Hep Reservoir,CWC,13,Nagaland,250,WOKHA,WOKHA,-,-,Dhansiri,Brahmaputra,BRAHMAPUTRA,BRAHMAPUTRA,BRAMAPUTRA,Dhansiri,26.23000000,94.26083333,26-09-2022 01:00,12
902,Doyang Hep Reservoir,CWC,13,Nagaland,250,WOKHA,WOKHA,-,-,Dhansiri,Brahmaputra,BRAHMAPUTRA,BRAHMAPUTRA,BRAMAPUTRA,Dhansiri,26.23000000,94.26083333,26-09-2022 02:00,12
903,Doyang Hep Reservoir,CWC,13,Nagaland,250,WOKHA,WOKHA,-,-,Dhansiri,Brahmaputra,BRAHMAPUTRA,BRAHMAPUTRA,BRAMAPUTRA,Dhansiri,26.23000000,94.26083333,26-09-2022 03:00,12
904,Doyang Hep Reservoir,CWC,13,Nagaland,250,WOKHA,WOKHA,-,-,Dhansiri,Brahmaputra,BRAHMAPUTRA,BRAHMAPUTRA,BRAMAPUTRA,Dhansiri,26.23000000,94.26083333,27-09-2022 07:00,0.5
905,Doyang Hep Reservoir,CWC,13,Nagaland,250,WOKHA,WOKHA,-,-,Dhansiri,Brahmaputra,BRAHMAPUTRA,BRAHMAPUTRA,BRAMAPUTRA,Dhansiri,26.23000000,94.26083333,27-09-2022 08:00,0.5
906,Doyang Hep Reservoir,CWC,13,Nagaland,250,WOKHA,WOKHA,-,-,Dhansiri,Brahmaputra,BRAHMAPUTRA,BRAHMAPUTRA,BRAMAPUTRA,Dhansiri,26.23000000,94.26083333,27-09-2022 09:00,0.5
907,Doyang Hep Reservoir,CWC,13,Nagaland,250,WOKHA,WOKHA,-,-,Dhansiri,Brahmaputra,BRAHMAPUTRA,BRAHMAPUTRA,BRAMAPUTRA,Dhansiri,26.23000000,94.26083333,27-09-2022 10:00,0.5
908,Doyang Hep Reservoir,CWC,13,Nagaland,250,WOKHA,WOKHA,-,-,Dhansiri,Brahmaputra,BRAHMAPUTRA,BRAHMAPUTRA,BRAMAPUTRA,Dhansiri,26.23000000,94.26083333,27-09-2022 11:00,0.5
909,Doyang Hep Reservoir,CWC,13,Nagaland,250,WOKHA,WOKHA,-,-,Dhansiri,Brahmaputra,BRAHMAPUTRA,BRAHMAPUTRA,BRAMAPUTRA,Dhansiri,26.23000000,94.26083333,27-09-2022 15:00,0.5
910,Doyang Hep Reservoir,CWC,13,Nagaland,250,WOKHA,WOKHA,-,-,Dhansiri,Brahmaputra,BRAHMAPUTRA,BRAHMAPUTRA,BRAMAPUTRA,Dhansiri,26.23000000,94.26083333,27-09-2022 16:00,0.5
911,Doyang Hep Reservoir,CWC,13,Nagaland,250,WOKHA,WOKHA,-,-,Dhansiri,Brahmaputra,BRAHMAPUTRA,BRAHMAPUTRA,BRAMAPUTRA,Dhansiri,26.23000000,94.26083333,27-09-2022 17:00,0.5
912,Doyang Hep Reservoir,CWC,13,Nagaland,250,WOKHA,WOKHA,-,-,Dhansiri,Brahmaputra,BRAHMAPUTRA,BRAHMAPUTRA,BRAMAPUTRA,Dhansiri,26.23000000,94.26083333,27-09-2022 18:00,0.5
913,Doyang Hep Reservoir,CWC,13,Nagaland,250,WOKHA,WOKHA,-,-,Dhansiri,Brahmaputra,BRAHMAPUTRA,BRAHMAPUTRA,BRAMAPUTRA,Dhansiri,26.23000000,94.26083333,27-09-2022 19:00,1
914,Doyang Hep Reservoir,CWC,13,Nagaland,250,WOKHA,WOKHA,-,-,Dhansiri,Brahmaputra,BRAHMAPUTRA,BRAHMAPUTRA,BRAMAPUTRA,Dhansiri,26.23000000,94.26083333,27-09-2022 20:00,1
915,Doyang Hep Reservoir,CWC,13,Nagaland,250,WOKHA,WOKHA,-,-,Dhansiri,Brahmaputra,BRAHMAPUTRA,BRAHMAPUTRA,BRAMAPUTRA,Dhansiri,26.23000000,94.26083333,27-09-2022 21:00,1
916,Doyang Hep Reservoir,CWC,13,Nagaland,250,WOKHA,WOKHA,-,-,Dhansiri,Brahmaputra,BRAHMAPUTRA,BRAHMAPUTRA,BRAMAPUTRA,Dhansiri,26.23000000,94.26083333,27-09-2022 23:00,1
917,Doyang Hep Reservoir,CWC,13,Nagaland,250,WOKHA,WOKHA,-,-,Dhansiri,Brahmaputra,BRAHMAPUTRA,BRAHMAPUTRA,BRAMAPUTRA,Dhansiri,26.23000000,94.26083333,28-09-2022 01:00,1
918,Doyang Hep Reservoir,CWC,13,Nagaland,250,WOKHA,WOKHA,-,-,Dhansiri,Brahmaputra,BRAHMAPUTRA,BRAHMAPUTRA,BRAMAPUTRA,Dhansiri,26.23000000,94.26083333,28-09-2022 02:00,1
919,Doyang Hep Reservoir,CWC,13,Nagaland,250,WOKHA,WOKHA,-,-,Dhansiri,Brahmaputra,BRAHMAPUTRA,BRAHMAPUTRA,BRAMAPUTRA,Dhansiri,26.23000000,94.26083333,28-09-2022 03:00,1
920,Doyang Hep Reservoir,CWC,13,Nagaland,250,WOKHA,WOKHA,-,-,Dhansiri,Brahmaputra,BRAHMAPUTRA,BRAHMAPUTRA,BRAMAPUTRA,Dhansiri,26.23000000,94.26083333,02-10-2022 20:00,1
921,Doyang Hep Reservoir,CWC,13,Nagaland,250,WOKHA,WOKHA,-,-,Dhansiri,Brahmaputra,BRAHMAPUTRA,BRAHMAPUTRA,BRAMAPUTRA,Dhansiri,26.23000000,94.26083333,02-10-2022 21:00,1.5
922,Doyang Hep Reservoir,CWC,13,Nagaland,250,WOKHA,WOKHA,-,-,Dhansiri,Brahmaputra,BRAHMAPUTRA,BRAHMAPUTRA,BRAMAPUTRA,Dhansiri,26.23000000,94.26083333,02-10-2022 22:00,1.5
923,Doyang Hep Reservoir,CWC,13,Nagaland,250,WOKHA,WOKHA,-,-,Dhansiri,Brahmaputra,BRAHMAPUTRA,BRAHMAPUTRA,BRAMAPUTRA,Dhansiri,26.23000000,94.26083333,02-10-2022 23:00,1.5
924,Doyang Hep Reservoir,CWC,13,Nagaland,250,WOKHA,WOKHA,-,-,Dhansiri,Brahmaputra,BRAHMAPUTRA,BRAHMAPUTRA,BRAMAPUTRA,Dhansiri,26.23000000,94.26083333,03-10-2022 00:00,1.5
925,Doyang Hep Reservoir,CWC,13,Nagaland,250,WOKHA,WOKHA,-,-,Dhansiri,Brahmaputra,BRAHMAPUTRA,BRAHMAPUTRA,BRAMAPUTRA,Dhansiri,26.23000000,94.26083333,03-10-2022 01:00,1.5
926,Doyang Hep Reservoir,CWC,13,Nagaland,250,WOKHA,WOKHA,-,-,Dhansiri,Brahmaputra,BRAHMAPUTRA,BRAHMAPUTRA,BRAMAPUTRA,Dhansiri,26.23000000,94.26083333,03-10-2022 02:00,1.5
927,Doyang Hep Reservoir,CWC,13,Nagaland,250,WOKHA,WOKHA,-,-,Dhansiri,Brahmaputra,BRAHMAPUTRA,BRAHMAPUTRA,BRAMAPUTRA,Dhansiri,26.23000000,94.26083333,03-10-2022 03:00,1.5
928,Doyang Hep Reservoir,CWC,13,Nagaland,250,WOKHA,WOKHA,-,-,Dhansiri,Brahmaputra,BRAHMAPUTRA,BRAHMAPUTRA,BRAMAPUTRA,Dhansiri,26.23000000,94.26083333,04-10-2022 16:00,1.5
929,Doyang Hep Reservoir,CWC,13,Nagaland,250,WOKHA,WOKHA,-,-,Dhansiri,Brahmaputra,BRAHMAPUTRA,BRAHMAPUTRA,BRAMAPUTRA,Dhansiri,26.23000000,94.26083333,04-10-2022 17:00,2
930,Doyang Hep Reservoir,CWC,13,Nagaland,250,WOKHA,WOKHA,-,-,Dhansiri,Brahmaputra,BRAHMAPUTRA,BRAHMAPUTRA,BRAMAPUTRA,Dhansiri,26.23000000,94.26083333,04-10-2022 18:00,2
931,Doyang Hep Reservoir,CWC,13,Nagaland,250,WOKHA,WOKHA,-,-,Dhansiri,Brahmaputra,BRAHMAPUTRA,BRAHMAPUTRA,BRAMAPUTRA,Dhansiri,26.23000000,94.26083333,04-10-2022 19:00,2
932,Doyang Hep Reservoir,CWC,13,Nagaland,250,WOKHA,WOKHA,-,-,Dhansiri,Brahmaputra,BRAHMAPUTRA,BRAHMAPUTRA,BRAMAPUTRA,Dhansiri,26.23000000,94.26083333,05-10-2022 00:00,37.5
933,Doyang Hep Reservoir,CWC,13,Nagaland,250,WOKHA,WOKHA,-,-,Dhansiri,Brahmaputra,BRAHMAPUTRA,BRAHMAPUTRA,BRAMAPUTRA,Dhansiri,26.23000000,94.26083333,05-10-2022 01:00,37.5
934,Doyang Hep Reservoir,CWC,13,Nagaland,250,WOKHA,WOKHA,-,-,Dhansiri,Brahmaputra,BRAHMAPUTRA,BRAHMAPUTRA,BRAMAPUTRA,Dhansiri,26.23000000,94.26083333,05-10-2022 02:00,37.5
935,Doyang Hep Reservoir,CWC,13,Nagaland,250,WOKHA,WOKHA,-,-,Dhansiri,Brahmaputra,BRAHMAPUTRA,BRAHMAPUTRA,BRAMAPUTRA,Dhansiri,26.23000000,94.26083333,05-10-2022 03:00,37.5
936,Doyang Hep Reservoir,CWC,13,Nagaland,250,WOKHA,WOKHA,-,-,Dhansiri,Brahmaputra,BRAHMAPUTRA,BRAHMAPUTRA,BRAMAPUTRA,Dhansiri,26.23000000,94.26083333,05-10-2022 18:00,1
937,Doyang Hep Reservoir,CWC,13,Nagaland,250,WOKHA,WOKHA,-,-,Dhansiri,Brahmaputra,BRAHMAPUTRA,BRAHMAPUTRA,BRAMAPUTRA,Dhansiri,26.23000000,94.26083333,05-10-2022 19:00,1
938,Doyang Hep Reservoir,CWC,13,Nagaland,250,WOKHA,WOKHA,-,-,Dhansiri,Brahmaputra,BRAHMAPUTRA,BRAHMAPUTRA,BRAMAPUTRA,Dhansiri,26.23000000,94.26083333,05-10-2022 20:00,1
939,Doyang Hep Reservoir,CWC,13,Nagaland,250,WOKHA,WOKHA,-,-,Dhansiri,Brahmaputra,BRAHMAPUTRA,BRAHMAPUTRA,BRAMAPUTRA,Dhansiri,26.23000000,94.26083333,05-10-2022 21:00,1
940,Doyang Hep Reservoir,CWC,13,Nagaland,250,WOKHA,WOKHA,-,-,Dhansiri,Brahmaputra,BRAHMAPUTRA,BRAHMAPUTRA,BRAMAPUTRA,Dhansiri,26.23000000,94.26083333,05-10-2022 22:00,1
941,Doyang Hep Reservoir,CWC,13,Nagaland,250,WOKHA,WOKHA,-,-,Dhansiri,Brahmaputra,BRAHMAPUTRA,BRAHMAPUTRA,BRAMAPUTRA,Dhansiri,26.23000000,94.26083333,06-10-2022 00:00,1
942,Doyang Hep Reservoir,CWC,13,Nagaland,250,WOKHA,WOKHA,-,-,Dhansiri,Brahmaputra,BRAHMAPUTRA,BRAHMAPUTRA,BRAMAPUTRA,Dhansiri,26.23000000,94.26083333,06-10-2022 01:00,1
943,Doyang Hep Reservoir,CWC,13,Nagaland,250,WOKHA,WOKHA,-,-,Dhansiri,Brahmaputra,BRAHMAPUTRA,BRAHMAPUTRA,BRAMAPUTRA,Dhansiri,26.23000000,94.26083333,06-10-2022 02:00,1
944,Doyang Hep Reservoir,CWC,13,Nagaland,250,WOKHA,WOKHA,-,-,Dhansiri,Brahmaputra,BRAHMAPUTRA,BRAHMAPUTRA,BRAMAPUTRA,Dhansiri,26.23000000,94.26083333,06-10-2022 03:00,1
945,Doyang Hep Reservoir,CWC,13,Nagaland,250,WOKHA,WOKHA,-,-,Dhansiri,Brahmaputra,BRAHMAPUTRA,BRAHMAPUTRA,BRAMAPUTRA,Dhansiri,26.23000000,94.26083333,07-10-2022 20:00,0.5
946,Doyang Hep Reservoir,CWC,13,Nagaland,250,WOKHA,WOKHA,-,-,Dhansiri,Brahmaputra,BRAHMAPUTRA,BRAHMAPUTRA,BRAMAPUTRA,Dhansiri,26.23000000,94.26083333,07-10-2022 21:00,0.5
947,Doyang Hep Reservoir,CWC,13,Nagaland,250,WOKHA,WOKHA,-,-,Dhansiri,Brahmaputra,BRAHMAPUTRA,BRAHMAPUTRA,BRAMAPUTRA,Dhansiri,26.23000000,94.26083333,07-10-2022 23:00,1.5
948,Doyang Hep Reservoir,CWC,13,Nagaland,250,WOKHA,WOKHA,-,-,Dhansiri,Brahmaputra,BRAHMAPUTRA,BRAHMAPUTRA,BRAMAPUTRA,Dhansiri,26.23000000,94.26083333,08-10-2022 00:00,1.5
949,Doyang Hep Reservoir,CWC,13,Nagaland,250,WOKHA,WOKHA,-,-,Dhansiri,Brahmaputra,BRAHMAPUTRA,BRAHMAPUTRA,BRAMAPUTRA,Dhansiri,26.23000000,94.26083333,08-10-2022 01:00,1.5
950,Doyang Hep Reservoir,CWC,13,Nagaland,250,WOKHA,WOKHA,-,-,Dhansiri,Brahmaputra,BRAHMAPUTRA,BRAHMAPUTRA,BRAMAPUTRA,Dhansiri,26.23000000,94.26083333,08-10-2022 02:00,1.5
951,Doyang Hep Reservoir,CWC,13,Nagaland,250,WOKHA,WOKHA,-,-,Dhansiri,Brahmaputra,BRAHMAPUTRA,BRAHMAPUTRA,BRAMAPUTRA,Dhansiri,26.23000000,94.26083333,08-10-2022 03:00,1.5
952,Doyang Hep Reservoir,CWC,13,Nagaland,250,WOKHA,WOKHA,-,-,Dhansiri,Brahmaputra,BRAHMAPUTRA,BRAHMAPUTRA,BRAMAPUTRA,Dhansiri,26.23000000,94.26083333,08-10-2022 23:00,20
953,Doyang Hep Reservoir,CWC,13,Nagaland,250,WOKHA,WOKHA,-,-,Dhansiri,Brahmaputra,BRAHMAPUTRA,BRAHMAPUTRA,BRAMAPUTRA,Dhansiri,26.23000000,94.26083333,09-10-2022 00:00,20
954,Doyang Hep Reservoir,CWC,13,Nagaland,250,WOKHA,WOKHA,-,-,Dhansiri,Brahmaputra,BRAHMAPUTRA,BRAHMAPUTRA,BRAMAPUTRA,Dhansiri,26.23000000,94.26083333,09-10-2022 03:00,20
955,Doyang Hep Reservoir,CWC,13,Nagaland,250,WOKHA,WOKHA,-,-,Dhansiri,Brahmaputra,BRAHMAPUTRA,BRAHMAPUTRA,BRAMAPUTRA,Dhansiri,26.23000000,94.26083333,09-10-2022 13:00,0.5
956,Doyang Hep Reservoir,CWC,13,Nagaland,250,WOKHA,WOKHA,-,-,Dhansiri,Brahmaputra,BRAHMAPUTRA,BRAHMAPUTRA,BRAMAPUTRA,Dhansiri,26.23000000,94.26083333,09-10-2022 14:00,0.5
957,Doyang Hep Reservoir,CWC,13,Nagaland,250,WOKHA,WOKHA,-,-,Dhansiri,Brahmaputra,BRAHMAPUTRA,BRAHMAPUTRA,BRAMAPUTRA,Dhansiri,26.23000000,94.26083333,09-10-2022 17:00,0.5
958,Doyang Hep Reservoir,CWC,13,Nagaland,250,WOKHA,WOKHA,-,-,Dhansiri,Brahmaputra,BRAHMAPUTRA,BRAHMAPUTRA,BRAMAPUTRA,Dhansiri,26.23000000,94.26083333,09-10-2022 20:00,1
959,Doyang Hep Reservoir,CWC,13,Nagaland,250,WOKHA,WOKHA,-,-,Dhansiri,Brahmaputra,BRAHMAPUTRA,BRAHMAPUTRA,BRAMAPUTRA,Dhansiri,26.23000000,94.26083333,09-10-2022 21:00,1
960,Doyang Hep Reservoir,CWC,13,Nagaland,250,WOKHA,WOKHA,-,-,Dhansiri,Brahmaputra,BRAHMAPUTRA,BRAHMAPUTRA,BRAMAPUTRA,Dhansiri,26.23000000,94.26083333,10-10-2022 00:00,1
961,Doyang Hep Reservoir,CWC,13,Nagaland,250,WOKHA,WOKHA,-,-,Dhansiri,Brahmaputra,BRAHMAPUTRA,BRAHMAPUTRA,BRAMAPUTRA,Dhansiri,26.23000000,94.26083333,10-10-2022 01:00,1
962,Doyang Hep Reservoir,CWC,13,Nagaland,250,WOKHA,WOKHA,-,-,Dhansiri,Brahmaputra,BRAHMAPUTRA,BRAHMAPUTRA,BRAMAPUTRA,Dhansiri,26.23000000,94.26083333,10-10-2022 02:00,1
963,Doyang Hep Reservoir,CWC,13,Nagaland,250,WOKHA,WOKHA,-,-,Dhansiri,Brahmaputra,BRAHMAPUTRA,BRAHMAPUTRA,BRAMAPUTRA,Dhansiri,26.23000000,94.26083333,10-10-2022 03:00,1
964,Doyang Hep Reservoir,CWC,13,Nagaland,250,WOKHA,WOKHA,-,-,Dhansiri,Brahmaputra,BRAHMAPUTRA,BRAHMAPUTRA,BRAMAPUTRA,Dhansiri,26.23000000,94.26083333,11-10-2022 05:00,2
965,Doyang Hep Reservoir,CWC,13,Nagaland,250,WOKHA,WOKHA,-,-,Dhansiri,Brahmaputra,BRAHMAPUTRA,BRAHMAPUTRA,BRAMAPUTRA,Dhansiri,26.23000000,94.26083333,11-10-2022 06:00,2
966,Doyang Hep Reservoir,CWC,13,Nagaland,250,WOKHA,WOKHA,-,-,Dhansiri,Brahmaputra,BRAHMAPUTRA,BRAHMAPUTRA,BRAMAPUTRA,Dhansiri,26.23000000,94.26083333,11-10-2022 07:00,2
967,Doyang Hep Reservoir,CWC,13,Nagaland,250,WOKHA,WOKHA,-,-,Dhansiri,Brahmaputra,BRAHMAPUTRA,BRAHMAPUTRA,BRAMAPUTRA,Dhansiri,26.23000000,94.26083333,11-10-2022 08:00,2
968,Doyang Hep Reservoir,CWC,13,Nagaland,250,WOKHA,WOKHA,-,-,Dhansiri,Brahmaputra,BRAHMAPUTRA,BRAHMAPUTRA,BRAMAPUTRA,Dhansiri,26.23000000,94.26083333,11-10-2022 09:00,2
969,Doyang Hep Reservoir,CWC,13,Nagaland,250,WOKHA,WOKHA,-,-,Dhansiri,Brahmaputra,BRAHMAPUTRA,BRAHMAPUTRA,BRAMAPUTRA,Dhansiri,26.23000000,94.26083333,11-10-2022 10:00,2
970,Doyang Hep Reservoir,CWC,13,Nagaland,250,WOKHA,WOKHA,-,-,Dhansiri,Brahmaputra,BRAHMAPUTRA,BRAHMAPUTRA,BRAMAPUTRA,Dhansiri,26.23000000,94.26083333,11-10-2022 11:00,2
971,Doyang Hep Reservoir,CWC,13,Nagaland,250,WOKHA,WOKHA,-,-,Dhansiri,Brahmaputra,BRAHMAPUTRA,BRAHMAPUTRA,BRAMAPUTRA,Dhansiri,26.23000000,94.26083333,11-10-2022 12:00,2
972,Doyang Hep Reservoir,CWC,13,Nagaland,250,WOKHA,WOKHA,-,-,Dhansiri,Brahmaputra,BRAHMAPUTRA,BRAHMAPUTRA,BRAMAPUTRA,Dhansiri,26.23000000,94.26083333,11-10-2022 13:00,2
973,Doyang Hep Reservoir,CWC,13,Nagaland,250,WOKHA,WOKHA,-,-,Dhansiri,Brahmaputra,BRAHMAPUTRA,BRAHMAPUTRA,BRAMAPUTRA,Dhansiri,26.23000000,94.26083333,11-10-2022 14:00,2
974,Doyang Hep Reservoir,CWC,13,Nagaland,250,WOKHA,WOKHA,-,-,Dhansiri,Brahmaputra,BRAHMAPUTRA,BRAHMAPUTRA,BRAMAPUTRA,Dhansiri,26.23000000,94.26083333,11-10-2022 15:00,2
975,Doyang Hep Reservoir,CWC,13,Nagaland,250,WOKHA,WOKHA,-,-,Dhansiri,Brahmaputra,BRAHMAPUTRA,BRAHMAPUTRA,BRAMAPUTRA,Dhansiri,26.23000000,94.26083333,11-10-2022 16:00,2
976,Doyang Hep Reservoir,CWC,13,Nagaland,250,WOKHA,WOKHA,-,-,Dhansiri,Brahmaputra,BRAHMAPUTRA,BRAHMAPUTRA,BRAMAPUTRA,Dhansiri,26.23000000,94.26083333,11-10-2022 17:00,2
977,Doyang Hep Reservoir,CWC,13,Nagaland,250,WOKHA,WOKHA,-,-,Dhansiri,Brahmaputra,BRAHMAPUTRA,BRAHMAPUTRA,BRAMAPUTRA,Dhansiri,26.23000000,94.26083333,11-10-2022 18:00,2
978,Doyang Hep Reservoir,CWC,13,Nagaland,250,WOKHA,WOKHA,-,-,Dhansiri,Brahmaputra,BRAHMAPUTRA,BRAHMAPUTRA,BRAMAPUTRA,Dhansiri,26.23000000,94.26083333,11-10-2022 19:00,2
979,Doyang Hep Reservoir,CWC,13,Nagaland,250,WOKHA,WOKHA,-,-,Dhansiri,Brahmaputra,BRAHMAPUTRA,BRAHMAPUTRA,BRAMAPUTRA,Dhansiri,26.23000000,94.26083333,11-10-2022 20:00,2
980,Doyang Hep Reservoir,CWC,13,Nagaland,250,WOKHA,WOKHA,-,-,Dhansiri,Brahmaputra,BRAHMAPUTRA,BRAHMAPUTRA,BRAMAPUTRA,Dhansiri,26.23000000,94.26083333,11-10-2022 21:00,2
981,Doyang Hep Reservoir,CWC,13,Nagaland,250,WOKHA,WOKHA,-,-,Dhansiri,Brahmaputra,BRAHMAPUTRA,BRAHMAPUTRA,BRAMAPUTRA,Dhansiri,26.23000000,94.26083333,11-10-2022 22:00,2
982,Doyang Hep Reservoir,CWC,13,Nagaland,250,WOKHA,WOKHA,-,-,Dhansiri,Brahmaputra,BRAHMAPUTRA,BRAHMAPUTRA,BRAMAPUTRA,Dhansiri,26.23000000,94.26083333,11-10-2022 23:00,2
983,Doyang Hep Reservoir,CWC,13,Nagaland,250,WOKHA,WOKHA,-,-,Dhansiri,Brahmaputra,BRAHMAPUTRA,BRAHMAPUTRA,BRAMAPUTRA,Dhansiri,26.23000000,94.26083333,12-10-2022 00:00,2
984,Doyang Hep Reservoir,CWC,13,Nagaland,250,WOKHA,WOKHA,-,-,Dhansiri,Brahmaputra,BRAHMAPUTRA,BRAHMAPUTRA,BRAMAPUTRA,Dhansiri,26.23000000,94.26083333,12-10-2022 01:00,10
985,Doyang Hep Reservoir,CWC,13,Nagaland,250,WOKHA,WOKHA,-,-,Dhansiri,Brahmaputra,BRAHMAPUTRA,BRAHMAPUTRA,BRAMAPUTRA,Dhansiri,26.23000000,94.26083333,12-10-2022 02:00,10
986,Doyang Hep Reservoir,CWC,13,Nagaland,250,WOKHA,WOKHA,-,-,Dhansiri,Brahmaputra,BRAHMAPUTRA,BRAHMAPUTRA,BRAMAPUTRA,Dhansiri,26.23000000,94.26083333,12-10-2022 03:00,10
987,Doyang Hep Reservoir,CWC,13,Nagaland,250,WOKHA,WOKHA,-,-,Dhansiri,Brahmaputra,BRAHMAPUTRA,BRAHMAPUTRA,BRAMAPUTRA,Dhansiri,26.23000000,94.26083333,12-10-2022 10:00,0.5
988,Doyang Hep Reservoir,CWC,13,Nagaland,250,WOKHA,WOKHA,-,-,Dhansiri,Brahmaputra,BRAHMAPUTRA,BRAHMAPUTRA,BRAMAPUTRA,Dhansiri,26.23000000,94.26083333,12-10-2022 11:00,4
989,Doyang Hep Reservoir,CWC,13,Nagaland,250,WOKHA,WOKHA,-,-,Dhansiri,Brahmaputra,BRAHMAPUTRA,BRAHMAPUTRA,BRAMAPUTRA,Dhansiri,26.23000000,94.26083333,12-10-2022 12:00,4
990,Doyang Hep Reservoir,CWC,13,Nagaland,250,WOKHA,WOKHA,-,-,Dhansiri,Brahmaputra,BRAHMAPUTRA,BRAHMAPUTRA,BRAMAPUTRA,Dhansiri,26.23000000,94.26083333,12-10-2022 13:00,4
991,Doyang Hep Reservoir,CWC,13,Nagaland,250,WOKHA,WOKHA,-,-,Dhansiri,Brahmaputra,BRAHMAPUTRA,BRAHMAPUTRA,BRAMAPUTRA,Dhansiri,26.23000000,94.26083333,12-10-2022 14:00,4
992,Doyang Hep Reservoir,CWC,13,Nagaland,250,WOKHA,WOKHA,-,-,Dhansiri,Brahmaputra,BRAHMAPUTRA,BRAHMAPUTRA,BRAMAPUTRA,Dhansiri,26.23000000,94.26083333,12-10-2022 15:00,4
993,Doyang Hep Reservoir,CWC,13,Nagaland,250,WOKHA,WOKHA,-,-,Dhansiri,Brahmaputra,BRAHMAPUTRA,BRAHMAPUTRA,BRAMAPUTRA,Dhansiri,26.23000000,94.26083333,12-10-2022 16:00,4
994,Doyang Hep Reservoir,CWC,13,Nagaland,250,WOKHA,WOKHA,-,-,Dhansiri,Brahmaputra,BRAHMAPUTRA,BRAHMAPUTRA,BRAMAPUTRA,Dhansiri,26.23000000,94.26083333,12-10-2022 17:00,4
995,Doyang Hep Reservoir,CWC,13,Nagaland,250,WOKHA,WOKHA,-,-,Dhansiri,Brahmaputra,BRAHMAPUTRA,BRAHMAPUTRA,BRAMAPUTRA,Dhansiri,26.23000000,94.26083333,12-10-2022 18:00,4
996,Doyang Hep Reservoir,CWC,13,Nagaland,250,WOKHA,WOKHA,-,-,Dhansiri,Brahmaputra,BRAHMAPUTRA,BRAHMAPUTRA,BRAMAPUTRA,Dhansiri,26.23000000,94.26083333,12-10-2022 19:00,4
997,Doyang Hep Reservoir,CWC,13,Nagaland,250,WOKHA,WOKHA,-,-,Dhansiri,Brahmaputra,BRAHMAPUTRA,BRAHMAPUTRA,BRAMAPUTRA,Dhansiri,26.23000000,94.26083333,12-10-2022 20:00,4
998,Doyang Hep Reservoir,CWC,13,Nagaland,250,WOKHA,WOKHA,-,-,Dhansiri,Brahmaputra,BRAHMAPUTRA,BRAHMAPUTRA,BRAMAPUTRA,Dhansiri,26.23000000,94.26083333,12-10-2022 21:00,4
999,Doyang Hep Reservoir,CWC,13,Nagaland,250,WOKHA,WOKHA,-,-,Dhansiri,Brahmaputra,BRAHMAPUTRA,BRAHMAPUTRA,BRAMAPUTRA,Dhansiri,26.23000000,94.26083333,12-10-2022 22:00,4
1000,Doyang Hep Reservoir,CWC,13,Nagaland,250,WOKHA,WOKHA,-,-,Dhansiri,Brahmaputra,BRAHMAPUTRA,BRAHMAPUTRA,BRAMAPUTRA,Dhansiri,26.23000000,94.26083333,13-10-2022 00:00,4
1001,Doyang Hep Reservoir,CWC,13,Nagaland,250,WOKHA,WOKHA,-,-,Dhansiri,Brahmaputra,BRAHMAPUTRA,BRAHMAPUTRA,BRAMAPUTRA,Dhansiri,26.23000000,94.26083333,13-10-2022 01:00,4
1002,Doyang Hep Reservoir,CWC,13,Nagaland,250,WOKHA,WOKHA,-,-,Dhansiri,Brahmaputra,BRAHMAPUTRA,BRAHMAPUTRA,BRAMAPUTRA,Dhansiri,26.23000000,94.26083333,13-10-2022 02:00,4
1003,Doyang Hep Reservoir,CWC,13,Nagaland,250,WOKHA,WOKHA,-,-,Dhansiri,Brahmaputra,BRAHMAPUTRA,BRAHMAPUTRA,BRAMAPUTRA,Dhansiri,26.23000000,94.26083333,13-10-2022 03:00,4
1004,Doyang Hep Reservoir,CWC,13,Nagaland,250,WOKHA,WOKHA,-,-,Dhansiri,Brahmaputra,BRAHMAPUTRA,BRAHMAPUTRA,BRAMAPUTRA,Dhansiri,26.23000000,94.26083333,17-10-2022 22:00,28
1005,Doyang Hep Reservoir,CWC,13,Nagaland,250,WOKHA,WOKHA,-,-,Dhansiri,Brahmaputra,BRAHMAPUTRA,BRAHMAPUTRA,BRAMAPUTRA,Dhansiri,26.23000000,94.26083333,18-10-2022 00:00,29.5
1006,Doyang Hep Reservoir,CWC,13,Nagaland,250,WOKHA,WOKHA,-,-,Dhansiri,Brahmaputra,BRAHMAPUTRA,BRAHMAPUTRA,BRAMAPUTRA,Dhansiri,26.23000000,94.26083333,18-10-2022 01:00,29.5
1007,Doyang Hep Reservoir,CWC,13,Nagaland,250,WOKHA,WOKHA,-,-,Dhansiri,Brahmaputra,BRAHMAPUTRA,BRAHMAPUTRA,BRAMAPUTRA,Dhansiri,26.23000000,94.26083333,18-10-2022 02:00,29.5
1008,Doyang Hep Reservoir,CWC,13,Nagaland,250,WOKHA,WOKHA,-,-,Dhansiri,Brahmaputra,BRAHMAPUTRA,BRAHMAPUTRA,BRAMAPUTRA,Dhansiri,26.23000000,94.26083333,18-10-2022 03:00,29.5
1009,Doyang Hep Reservoir,CWC,13,Nagaland,250,WOKHA,WOKHA,-,-,Dhansiri,Brahmaputra,BRAHMAPUTRA,BRAHMAPUTRA,BRAMAPUTRA,Dhansiri,26.23000000,94.26083333,19-10-2022 04:00,0.5
1010,Doyang Hep Reservoir,CWC,13,Nagaland,250,WOKHA,WOKHA,-,-,Dhansiri,Brahmaputra,BRAHMAPUTRA,BRAHMAPUTRA,BRAMAPUTRA,Dhansiri,26.23000000,94.26083333,19-10-2022 05:00,0.5
1011,Doyang Hep Reservoir,CWC,13,Nagaland,250,WOKHA,WOKHA,-,-,Dhansiri,Brahmaputra,BRAHMAPUTRA,BRAHMAPUTRA,BRAMAPUTRA,Dhansiri,26.23000000,94.26083333,19-10-2022 06:00,0.5
1012,Doyang Hep Reservoir,CWC,13,Nagaland,250,WOKHA,WOKHA,-,-,Dhansiri,Brahmaputra,BRAHMAPUTRA,BRAHMAPUTRA,BRAMAPUTRA,Dhansiri,26.23000000,94.26083333,19-10-2022 07:00,0.5
1013,Doyang Hep Reservoir,CWC,13,Nagaland,250,WOKHA,WOKHA,-,-,Dhansiri,Brahmaputra,BRAHMAPUTRA,BRAHMAPUTRA,BRAMAPUTRA,Dhansiri,26.23000000,94.26083333,19-10-2022 08:00,0.5
1014,Doyang Hep Reservoir,CWC,13,Nagaland,250,WOKHA,WOKHA,-,-,Dhansiri,Brahmaputra,BRAHMAPUTRA,BRAHMAPUTRA,BRAMAPUTRA,Dhansiri,26.23000000,94.26083333,19-10-2022 09:00,0.5
1015,Doyang Hep Reservoir,CWC,13,Nagaland,250,WOKHA,WOKHA,-,-,Dhansiri,Brahmaputra,BRAHMAPUTRA,BRAHMAPUTRA,BRAMAPUTRA,Dhansiri,26.23000000,94.26083333,19-10-2022 11:00,0.5
1016,Doyang Hep Reservoir,CWC,13,Nagaland,250,WOKHA,WOKHA,-,-,Dhansiri,Brahmaputra,BRAHMAPUTRA,BRAHMAPUTRA,BRAMAPUTRA,Dhansiri,26.23000000,94.26083333,19-10-2022 16:00,0.5
1017,Doyang Hep Reservoir,CWC,13,Nagaland,250,WOKHA,WOKHA,-,-,Dhansiri,Brahmaputra,BRAHMAPUTRA,BRAHMAPUTRA,BRAMAPUTRA,Dhansiri,26.23000000,94.26083333,19-10-2022 17:00,0.5
1018,Doyang Hep Reservoir,CWC,13,Nagaland,250,WOKHA,WOKHA,-,-,Dhansiri,Brahmaputra,BRAHMAPUTRA,BRAHMAPUTRA,BRAMAPUTRA,Dhansiri,26.23000000,94.26083333,19-10-2022 19:00,0.5
1019,Doyang Hep Reservoir,CWC,13,Nagaland,250,WOKHA,WOKHA,-,-,Dhansiri,Brahmaputra,BRAHMAPUTRA,BRAHMAPUTRA,BRAMAPUTRA,Dhansiri,26.23000000,94.26083333,19-10-2022 22:00,0.5
1020,Doyang Hep Reservoir,CWC,13,Nagaland,250,WOKHA,WOKHA,-,-,Dhansiri,Brahmaputra,BRAHMAPUTRA,BRAHMAPUTRA,BRAMAPUTRA,Dhansiri,26.23000000,94.26083333,19-10-2022 23:00,0.5
1021,Doyang Hep Reservoir,CWC,13,Nagaland,250,WOKHA,WOKHA,-,-,Dhansiri,Brahmaputra,BRAHMAPUTRA,BRAHMAPUTRA,BRAMAPUTRA,Dhansiri,26.23000000,94.26083333,20-10-2022 00:00,0.5
1022,Doyang Hep Reservoir,CWC,13,Nagaland,250,WOKHA,WOKHA,-,-,Dhansiri,Brahmaputra,BRAHMAPUTRA,BRAHMAPUTRA,BRAMAPUTRA,Dhansiri,26.23000000,94.26083333,20-10-2022 01:00,0.5
1023,Doyang Hep Reservoir,CWC,13,Nagaland,250,WOKHA,WOKHA,-,-,Dhansiri,Brahmaputra,BRAHMAPUTRA,BRAHMAPUTRA,BRAMAPUTRA,Dhansiri,26.23000000,94.26083333,20-10-2022 03:00,0.5
1024,Doyang Hep Reservoir,CWC,13,Nagaland,250,WOKHA,WOKHA,-,-,Dhansiri,Brahmaputra,BRAHMAPUTRA,BRAHMAPUTRA,BRAMAPUTRA,Dhansiri,26.23000000,94.26083333,24-10-2022 02:00,0.5
1025,Doyang Hep Reservoir,CWC,13,Nagaland,250,WOKHA,WOKHA,-,-,Dhansiri,Brahmaputra,BRAHMAPUTRA,BRAHMAPUTRA,BRAMAPUTRA,Dhansiri,26.23000000,94.26083333,24-10-2022 04:00,0.5
1026,Doyang Hep Reservoir,CWC,13,Nagaland,250,WOKHA,WOKHA,-,-,Dhansiri,Brahmaputra,BRAHMAPUTRA,BRAHMAPUTRA,BRAMAPUTRA,Dhansiri,26.23000000,94.26083333,24-10-2022 05:00,1
1027,Doyang Hep Reservoir,CWC,13,Nagaland,250,WOKHA,WOKHA,-,-,Dhansiri,Brahmaputra,BRAHMAPUTRA,BRAHMAPUTRA,BRAMAPUTRA,Dhansiri,26.23000000,94.26083333,24-10-2022 06:00,1
1028,Doyang Hep Reservoir,CWC,13,Nagaland,250,WOKHA,WOKHA,-,-,Dhansiri,Brahmaputra,BRAHMAPUTRA,BRAHMAPUTRA,BRAMAPUTRA,Dhansiri,26.23000000,94.26083333,24-10-2022 07:00,2
1029,Doyang Hep Reservoir,CWC,13,Nagaland,250,WOKHA,WOKHA,-,-,Dhansiri,Brahmaputra,BRAHMAPUTRA,BRAHMAPUTRA,BRAMAPUTRA,Dhansiri,26.23000000,94.26083333,24-10-2022 08:00,4.5
1030,Doyang Hep Reservoir,CWC,13,Nagaland,250,WOKHA,WOKHA,-,-,Dhansiri,Brahmaputra,BRAHMAPUTRA,BRAHMAPUTRA,BRAMAPUTRA,Dhansiri,26.23000000,94.26083333,24-10-2022 10:00,9
1031,Doyang Hep Reservoir,CWC,13,Nagaland,250,WOKHA,WOKHA,-,-,Dhansiri,Brahmaputra,BRAHMAPUTRA,BRAHMAPUTRA,BRAMAPUTRA,Dhansiri,26.23000000,94.26083333,24-10-2022 11:00,9.5
1032,Doyang Hep Reservoir,CWC,13,Nagaland,250,WOKHA,WOKHA,-,-,Dhansiri,Brahmaputra,BRAHMAPUTRA,BRAHMAPUTRA,BRAMAPUTRA,Dhansiri,26.23000000,94.26083333,24-10-2022 12:00,11.5
1033,Doyang Hep Reservoir,CWC,13,Nagaland,250,WOKHA,WOKHA,-,-,Dhansiri,Brahmaputra,BRAHMAPUTRA,BRAHMAPUTRA,BRAMAPUTRA,Dhansiri,26.23000000,94.26083333,24-10-2022 17:00,16
1034,Doyang Hep Reservoir,CWC,13,Nagaland,250,WOKHA,WOKHA,-,-,Dhansiri,Brahmaputra,BRAHMAPUTRA,BRAHMAPUTRA,BRAMAPUTRA,Dhansiri,26.23000000,94.26083333,24-10-2022 19:00,16
1035,Doyang Hep Reservoir,CWC,13,Nagaland,250,WOKHA,WOKHA,-,-,Dhansiri,Brahmaputra,BRAHMAPUTRA,BRAHMAPUTRA,BRAMAPUTRA,Dhansiri,26.23000000,94.26083333,24-10-2022 21:00,16
1036,Doyang Hep Reservoir,CWC,13,Nagaland,250,WOKHA,WOKHA,-,-,Dhansiri,Brahmaputra,BRAHMAPUTRA,BRAHMAPUTRA,BRAMAPUTRA,Dhansiri,26.23000000,94.26083333,24-10-2022 22:00,16
1037,Doyang Hep Reservoir,CWC,13,Nagaland,250,WOKHA,WOKHA,-,-,Dhansiri,Brahmaputra,BRAHMAPUTRA,BRAHMAPUTRA,BRAMAPUTRA,Dhansiri,26.23000000,94.26083333,24-10-2022 23:00,16.5
1038,Doyang Hep Reservoir,CWC,13,Nagaland,250,WOKHA,WOKHA,-,-,Dhansiri,Brahmaputra,BRAHMAPUTRA,BRAHMAPUTRA,BRAMAPUTRA,Dhansiri,26.23000000,94.26083333,25-10-2022 13:00,4.5
1039,Doyang Hep Reservoir,CWC,13,Nagaland,250,WOKHA,WOKHA,-,-,Dhansiri,Brahmaputra,BRAHMAPUTRA,BRAHMAPUTRA,BRAMAPUTRA,Dhansiri,26.23000000,94.26083333,25-10-2022 16:00,4.5
1040,Doyang Hep Reservoir,CWC,13,Nagaland,250,WOKHA,WOKHA,-,-,Dhansiri,Brahmaputra,BRAHMAPUTRA,BRAHMAPUTRA,BRAMAPUTRA,Dhansiri,26.23000000,94.26083333,25-10-2022 17:00,4.5
1041,Doyang Hep Reservoir,CWC,13,Nagaland,250,WOKHA,WOKHA,-,-,Dhansiri,Brahmaputra,BRAHMAPUTRA,BRAHMAPUTRA,BRAMAPUTRA,Dhansiri,26.23000000,94.26083333,25-10-2022 18:00,4.5
1042,Doyang Hep Reservoir,CWC,13,Nagaland,250,WOKHA,WOKHA,-,-,Dhansiri,Brahmaputra,BRAHMAPUTRA,BRAHMAPUTRA,BRAMAPUTRA,Dhansiri,26.23000000,94.26083333,25-10-2022 20:00,4.5
1043,Doyang Hep Reservoir,CWC,13,Nagaland,250,WOKHA,WOKHA,-,-,Dhansiri,Brahmaputra,BRAHMAPUTRA,BRAHMAPUTRA,BRAMAPUTRA,Dhansiri,26.23000000,94.26083333,25-10-2022 21:00,4.5
1044,Doyang Hep Reservoir,CWC,13,Nagaland,250,WOKHA,WOKHA,-,-,Dhansiri,Brahmaputra,BRAHMAPUTRA,BRAHMAPUTRA,BRAMAPUTRA,Dhansiri,26.23000000,94.26083333,25-10-2022 22:00,4.5
1045,Doyang Hep Reservoir,CWC,13,Nagaland,250,WOKHA,WOKHA,-,-,Dhansiri,Brahmaputra,BRAHMAPUTRA,BRAHMAPUTRA,BRAMAPUTRA,Dhansiri,26.23000000,94.26083333,26-10-2022 00:00,4.5
1046,Doyang Hep Reservoir,CWC,13,Nagaland,250,WOKHA,WOKHA,-,-,Dhansiri,Brahmaputra,BRAHMAPUTRA,BRAHMAPUTRA,BRAMAPUTRA,Dhansiri,26.23000000,94.26083333,26-10-2022 10:00,1
1047,Doyang Hep Reservoir,CWC,13,Nagaland,250,WOKHA,WOKHA,-,-,Dhansiri,Brahmaputra,BRAHMAPUTRA,BRAHMAPUTRA,BRAMAPUTRA,Dhansiri,26.23000000,94.26083333,26-10-2022 12:00,2
1048,Doyang Hep Reservoir,CWC,13,Nagaland,250,WOKHA,WOKHA,-,-,Dhansiri,Brahmaputra,BRAHMAPUTRA,BRAHMAPUTRA,BRAMAPUTRA,Dhansiri,26.23000000,94.26083333,26-10-2022 17:00,2
1049,Doyang Hep Reservoir,CWC,13,Nagaland,250,WOKHA,WOKHA,-,-,Dhansiri,Brahmaputra,BRAHMAPUTRA,BRAHMAPUTRA,BRAMAPUTRA,Dhansiri,26.23000000,94.26083333,26-10-2022 18:00,2
1050,Doyang Hep Reservoir,CWC,13,Nagaland,250,WOKHA,WOKHA,-,-,Dhansiri,Brahmaputra,BRAHMAPUTRA,BRAHMAPUTRA,BRAMAPUTRA,Dhansiri,26.23000000,94.26083333,26-10-2022 19:00,2
1051,Doyang Hep Reservoir,CWC,13,Nagaland,250,WOKHA,WOKHA,-,-,Dhansiri,Brahmaputra,BRAHMAPUTRA,BRAHMAPUTRA,BRAMAPUTRA,Dhansiri,26.23000000,94.26083333,26-10-2022 22:00,2
1052,Doyang Hep Reservoir,CWC,13,Nagaland,250,WOKHA,WOKHA,-,-,Dhansiri,Brahmaputra,BRAHMAPUTRA,BRAHMAPUTRA,BRAMAPUTRA,Dhansiri,26.23000000,94.26083333,26-10-2022 23:00,2
1053,Doyang Hep Reservoir,CWC,13,Nagaland,250,WOKHA,WOKHA,-,-,Dhansiri,Brahmaputra,BRAHMAPUTRA,BRAHMAPUTRA,BRAMAPUTRA,Dhansiri,26.23000000,94.26083333,27-10-2022 00:00,2
1054,Doyang Hep Reservoir,CWC,13,Nagaland,250,WOKHA,WOKHA,-,-,Dhansiri,Brahmaputra,BRAHMAPUTRA,BRAHMAPUTRA,BRAMAPUTRA,Dhansiri,26.23000000,94.26083333,27-10-2022 01:00,2
1055,Doyang Hep Reservoir,CWC,13,Nagaland,250,WOKHA,WOKHA,-,-,Dhansiri,Brahmaputra,BRAHMAPUTRA,BRAHMAPUTRA,BRAMAPUTRA,Dhansiri,26.23000000,94.26083333,27-10-2022 02:00,2
1056,Doyang Hep Reservoir,CWC,13,Nagaland,250,WOKHA,WOKHA,-,-,Dhansiri,Brahmaputra,BRAHMAPUTRA,BRAHMAPUTRA,BRAMAPUTRA,Dhansiri,26.23000000,94.26083333,27-10-2022 03:00,2
1057,Doyang Hep Reservoir,CWC,13,Nagaland,250,WOKHA,WOKHA,-,-,Dhansiri,Brahmaputra,BRAHMAPUTRA,BRAHMAPUTRA,BRAMAPUTRA,Dhansiri,26.23000000,94.26083333,17-11-2022 05:00,19
1058,Doyang Hep Reservoir,CWC,13,Nagaland,250,WOKHA,WOKHA,-,-,Dhansiri,Brahmaputra,BRAHMAPUTRA,BRAHMAPUTRA,BRAMAPUTRA,Dhansiri,26.23000000,94.26083333,26-12-2022 10:00,1
1059,Doyang Hep Reservoir,CWC,13,Nagaland,250,WOKHA,WOKHA,-,-,Dhansiri,Brahmaputra,BRAHMAPUTRA,BRAHMAPUTRA,BRAMAPUTRA,Dhansiri,26.23000000,94.26083333,26-12-2022 11:00,1
1060,Doyang Hep Reservoir,CWC,13,Nagaland,250,WOKHA,WOKHA,-,-,Dhansiri,Brahmaputra,BRAHMAPUTRA,BRAHMAPUTRA,BRAMAPUTRA,Dhansiri,26.23000000,94.26083333,26-12-2022 12:00,1
1061,Doyang Hep Reservoir,CWC,13,Nagaland,250,WOKHA,WOKHA,-,-,Dhansiri,Brahmaputra,BRAHMAPUTRA,BRAHMAPUTRA,BRAMAPUTRA,Dhansiri,26.23000000,94.26083333,26-12-2022 13:00,1
1062,Doyang Hep Reservoir,CWC,13,Nagaland,250,WOKHA,WOKHA,-,-,Dhansiri,Brahmaputra,BRAHMAPUTRA,BRAHMAPUTRA,BRAMAPUTRA,Dhansiri,26.23000000,94.26083333,26-12-2022 14:00,1
1063,Doyang Hep Reservoir,CWC,13,Nagaland,250,WOKHA,WOKHA,-,-,Dhansiri,Brahmaputra,BRAHMAPUTRA,BRAHMAPUTRA,BRAMAPUTRA,Dhansiri,26.23000000,94.26083333,26-12-2022 15:00,1.5
1064,Doyang Hep Reservoir,CWC,13,Nagaland,250,WOKHA,WOKHA,-,-,Dhansiri,Brahmaputra,BRAHMAPUTRA,BRAHMAPUTRA,BRAMAPUTRA,Dhansiri,26.23000000,94.26083333,26-12-2022 16:00,1.5
1065,Doyang Hep Reservoir,CWC,13,Nagaland,250,WOKHA,WOKHA,-,-,Dhansiri,Brahmaputra,BRAHMAPUTRA,BRAHMAPUTRA,BRAMAPUTRA,Dhansiri,26.23000000,94.26083333,26-12-2022 17:00,3.5
1066,Doyang Hep Reservoir,CWC,13,Nagaland,250,WOKHA,WOKHA,-,-,Dhansiri,Brahmaputra,BRAHMAPUTRA,BRAHMAPUTRA,BRAMAPUTRA,Dhansiri,26.23000000,94.26083333,26-12-2022 18:00,3.5
1067,Doyang Hep Reservoir,CWC,13,Nagaland,250,WOKHA,WOKHA,-,-,Dhansiri,Brahmaputra,BRAHMAPUTRA,BRAHMAPUTRA,BRAMAPUTRA,Dhansiri,26.23000000,94.26083333,26-12-2022 19:00,3.5
1068,Doyang Hep Reservoir,CWC,13,Nagaland,250,WOKHA,WOKHA,-,-,Dhansiri,Brahmaputra,BRAHMAPUTRA,BRAHMAPUTRA,BRAMAPUTRA,Dhansiri,26.23000000,94.26083333,26-12-2022 20:00,3.5
1069,Doyang Hep Reservoir,CWC,13,Nagaland,250,WOKHA,WOKHA,-,-,Dhansiri,Brahmaputra,BRAHMAPUTRA,BRAHMAPUTRA,BRAMAPUTRA,Dhansiri,26.23000000,94.26083333,26-12-2022 21:00,3.5
1070,Doyang Hep Reservoir,CWC,13,Nagaland,250,WOKHA,WOKHA,-,-,Dhansiri,Brahmaputra,BRAHMAPUTRA,BRAHMAPUTRA,BRAMAPUTRA,Dhansiri,26.23000000,94.26083333,08-02-2023 12:00,0.5
1071,Doyang Hep Reservoir,CWC,13,Nagaland,250,WOKHA,WOKHA,-,-,Dhansiri,Brahmaputra,BRAHMAPUTRA,BRAHMAPUTRA,BRAMAPUTRA,Dhansiri,26.23000000,94.26083333,08-02-2023 13:00,0.5
1072,Doyang Hep Reservoir,CWC,13,Nagaland,250,WOKHA,WOKHA,-,-,Dhansiri,Brahmaputra,BRAHMAPUTRA,BRAHMAPUTRA,BRAMAPUTRA,Dhansiri,26.23000000,94.26083333,22-02-2023 13:00,2
1073,Doyang Hep Reservoir,CWC,13,Nagaland,250,WOKHA,WOKHA,-,-,Dhansiri,Brahmaputra,BRAHMAPUTRA,BRAHMAPUTRA,BRAMAPUTRA,Dhansiri,26.23000000,94.26083333,22-02-2023 18:00,0.5
1074,Doyang Hep Reservoir,CWC,13,Nagaland,250,WOKHA,WOKHA,-,-,Dhansiri,Brahmaputra,BRAHMAPUTRA,BRAHMAPUTRA,BRAMAPUTRA,Dhansiri,26.23000000,94.26083333,15-03-2023 10:00,0.5
1075,Doyang Hep Reservoir,CWC,13,Nagaland,250,WOKHA,WOKHA,-,-,Dhansiri,Brahmaputra,BRAHMAPUTRA,BRAHMAPUTRA,BRAMAPUTRA,Dhansiri,26.23000000,94.26083333,15-03-2023 11:00,1.5
1076,Doyang Hep Reservoir,CWC,13,Nagaland,250,WOKHA,WOKHA,-,-,Dhansiri,Brahmaputra,BRAHMAPUTRA,BRAHMAPUTRA,BRAMAPUTRA,Dhansiri,26.23000000,94.26083333,19-03-2023 08:00,0.5
1077,Doyang Hep Reservoir,CWC,13,Nagaland,250,WOKHA,WOKHA,-,-,Dhansiri,Brahmaputra,BRAHMAPUTRA,BRAHMAPUTRA,BRAMAPUTRA,Dhansiri,26.23000000,94.26083333,19-03-2023 09:00,0.5
1078,Doyang Hep Reservoir,CWC,13,Nagaland,250,WOKHA,WOKHA,-,-,Dhansiri,Brahmaputra,BRAHMAPUTRA,BRAHMAPUTRA,BRAMAPUTRA,Dhansiri,26.23000000,94.26083333,19-03-2023 10:00,1.5
1079,Doyang Hep Reservoir,CWC,13,Nagaland,250,WOKHA,WOKHA,-,-,Dhansiri,Brahmaputra,BRAHMAPUTRA,BRAHMAPUTRA,BRAMAPUTRA,Dhansiri,26.23000000,94.26083333,19-03-2023 11:00,1
1080,Doyang Hep Reservoir,CWC,13,Nagaland,250,WOKHA,WOKHA,-,-,Dhansiri,Brahmaputra,BRAHMAPUTRA,BRAHMAPUTRA,BRAMAPUTRA,Dhansiri,26.23000000,94.26083333,19-03-2023 12:00,0.5
1081,Doyang Hep Reservoir,CWC,13,Nagaland,250,WOKHA,WOKHA,-,-,Dhansiri,Brahmaputra,BRAHMAPUTRA,BRAHMAPUTRA,BRAMAPUTRA,Dhansiri,26.23000000,94.26083333,19-03-2023 13:00,0.5
1082,Doyang Hep Reservoir,CWC,13,Nagaland,250,WOKHA,WOKHA,-,-,Dhansiri,Brahmaputra,BRAHMAPUTRA,BRAHMAPUTRA,BRAMAPUTRA,Dhansiri,26.23000000,94.26083333,19-03-2023 14:00,0.5
1083,Doyang Hep Reservoir,CWC,13,Nagaland,250,WOKHA,WOKHA,-,-,Dhansiri,Brahmaputra,BRAHMAPUTRA,BRAHMAPUTRA,BRAMAPUTRA,Dhansiri,26.23000000,94.26083333,19-03-2023 21:00,0.5
1084,Doyang Hep Reservoir,CWC,13,Nagaland,250,WOKHA,WOKHA,-,-,Dhansiri,Brahmaputra,BRAHMAPUTRA,BRAHMAPUTRA,BRAMAPUTRA,Dhansiri,26.23000000,94.26083333,19-03-2023 22:00,0.5
1085,Doyang Hep Reservoir,CWC,13,Nagaland,250,WOKHA,WOKHA,-,-,Dhansiri,Brahmaputra,BRAHMAPUTRA,BRAHMAPUTRA,BRAMAPUTRA,Dhansiri,26.23000000,94.26083333,19-03-2023 23:00,0.5
1086,Doyang Hep Reservoir,CWC,13,Nagaland,250,WOKHA,WOKHA,-,-,Dhansiri,Brahmaputra,BRAHMAPUTRA,BRAHMAPUTRA,BRAMAPUTRA,Dhansiri,26.23000000,94.26083333,20-03-2023 03:00,0.5
1087,Doyang Hep Reservoir,CWC,13,Nagaland,250,WOKHA,WOKHA,-,-,Dhansiri,Brahmaputra,BRAHMAPUTRA,BRAHMAPUTRA,BRAMAPUTRA,Dhansiri,26.23000000,94.26083333,20-03-2023 05:00,0.5
1088,Doyang Hep Reservoir,CWC,13,Nagaland,250,WOKHA,WOKHA,-,-,Dhansiri,Brahmaputra,BRAHMAPUTRA,BRAHMAPUTRA,BRAMAPUTRA,Dhansiri,26.23000000,94.26083333,20-03-2023 09:00,0.5
1089,Doyang Hep Reservoir,CWC,13,Nagaland,250,WOKHA,WOKHA,-,-,Dhansiri,Brahmaputra,BRAHMAPUTRA,BRAHMAPUTRA,BRAMAPUTRA,Dhansiri,26.23000000,94.26083333,20-03-2023 13:00,0.5
1090,Doyang Hep Reservoir,CWC,13,Nagaland,250,WOKHA,WOKHA,-,-,Dhansiri,Brahmaputra,BRAHMAPUTRA,BRAHMAPUTRA,BRAMAPUTRA,Dhansiri,26.23000000,94.26083333,20-03-2023 23:00,0.5
1091,Doyang Hep Reservoir,CWC,13,Nagaland,250,WOKHA,WOKHA,-,-,Dhansiri,Brahmaputra,BRAHMAPUTRA,BRAHMAPUTRA,BRAMAPUTRA,Dhansiri,26.23000000,94.26083333,21-03-2023 11:00,0.5
1092,Doyang Hep Reservoir,CWC,13,Nagaland,250,WOKHA,WOKHA,-,-,Dhansiri,Brahmaputra,BRAHMAPUTRA,BRAHMAPUTRA,BRAMAPUTRA,Dhansiri,26.23000000,94.26083333,22-03-2023 08:00,0.5
1093,Doyang Hep Reservoir,CWC,13,Nagaland,250,WOKHA,WOKHA,-,-,Dhansiri,Brahmaputra,BRAHMAPUTRA,BRAHMAPUTRA,BRAMAPUTRA,Dhansiri,26.23000000,94.26083333,23-03-2023 13:00,0.5
1094,Doyang Hep Reservoir,CWC,13,Nagaland,250,WOKHA,WOKHA,-,-,Dhansiri,Brahmaputra,BRAHMAPUTRA,BRAHMAPUTRA,BRAMAPUTRA,Dhansiri,26.23000000,94.26083333,25-03-2023 13:00,0.5
1095,Doyang Hep Reservoir,CWC,13,Nagaland,250,WOKHA,WOKHA,-,-,Dhansiri,Brahmaputra,BRAHMAPUTRA,BRAHMAPUTRA,BRAMAPUTRA,Dhansiri,26.23000000,94.26083333,28-03-2023 00:00,0.5
1096,Doyang Hep Reservoir,CWC,13,Nagaland,250,WOKHA,WOKHA,-,-,Dhansiri,Brahmaputra,BRAHMAPUTRA,BRAHMAPUTRA,BRAMAPUTRA,Dhansiri,26.23000000,94.26083333,29-03-2023 22:00,0.5
1097,Doyang Hep Reservoir,CWC,13,Nagaland,250,WOKHA,WOKHA,-,-,Dhansiri,Brahmaputra,BRAHMAPUTRA,BRAHMAPUTRA,BRAMAPUTRA,Dhansiri,26.23000000,94.26083333,01-04-2023 08:00,0.5
1098,Doyang Hep Reservoir,CWC,13,Nagaland,250,WOKHA,WOKHA,-,-,Dhansiri,Brahmaputra,BRAHMAPUTRA,BRAHMAPUTRA,BRAMAPUTRA,Dhansiri,26.23000000,94.26083333,04-04-2023 15:00,0.5
1099,Doyang Hep Reservoir,CWC,13,Nagaland,250,WOKHA,WOKHA,-,-,Dhansiri,Brahmaputra,BRAHMAPUTRA,BRAHMAPUTRA,BRAMAPUTRA,Dhansiri,26.23000000,94.26083333,08-04-2023 22:00,0.5
1100,Doyang Hep Reservoir,CWC,13,Nagaland,250,WOKHA,WOKHA,-,-,Dhansiri,Brahmaputra,BRAHMAPUTRA,BRAHMAPUTRA,BRAMAPUTRA,Dhansiri,26.23000000,94.26083333,17-04-2023 17:00,0.5
1101,Doyang Hep Reservoir,CWC,13,Nagaland,250,WOKHA,WOKHA,-,-,Dhansiri,Brahmaputra,BRAHMAPUTRA,BRAHMAPUTRA,BRAMAPUTRA,Dhansiri,26.23000000,94.26083333,17-04-2023 18:00,0.5
1102,Doyang Hep Reservoir,CWC,13,Nagaland,250,WOKHA,WOKHA,-,-,Dhansiri,Brahmaputra,BRAHMAPUTRA,BRAHMAPUTRA,BRAMAPUTRA,Dhansiri,26.23000000,94.26083333,17-04-2023 19:00,0.5
1103,Doyang Hep Reservoir,CWC,13,Nagaland,250,WOKHA,WOKHA,-,-,Dhansiri,Brahmaputra,BRAHMAPUTRA,BRAHMAPUTRA,BRAMAPUTRA,Dhansiri,26.23000000,94.26083333,17-04-2023 20:00,1.5
1104,Doyang Hep Reservoir,CWC,13,Nagaland,250,WOKHA,WOKHA,-,-,Dhansiri,Brahmaputra,BRAHMAPUTRA,BRAHMAPUTRA,BRAMAPUTRA,Dhansiri,26.23000000,94.26083333,17-04-2023 21:00,1.5
1105,Doyang Hep Reservoir,CWC,13,Nagaland,250,WOKHA,WOKHA,-,-,Dhansiri,Brahmaputra,BRAHMAPUTRA,BRAHMAPUTRA,BRAMAPUTRA,Dhansiri,26.23000000,94.26083333,17-04-2023 22:00,1
1106,Doyang Hep Reservoir,CWC,13,Nagaland,250,WOKHA,WOKHA,-,-,Dhansiri,Brahmaputra,BRAHMAPUTRA,BRAHMAPUTRA,BRAMAPUTRA,Dhansiri,26.23000000,94.26083333,17-04-2023 23:00,1
1107,Doyang Hep Reservoir,CWC,13,Nagaland,250,WOKHA,WOKHA,-,-,Dhansiri,Brahmaputra,BRAHMAPUTRA,BRAHMAPUTRA,BRAMAPUTRA,Dhansiri,26.23000000,94.26083333,18-04-2023 00:00,0.5
1108,Doyang Hep Reservoir,CWC,13,Nagaland,250,WOKHA,WOKHA,-,-,Dhansiri,Brahmaputra,BRAHMAPUTRA,BRAHMAPUTRA,BRAMAPUTRA,Dhansiri,26.23000000,94.26083333,18-04-2023 01:00,0.5
1109,Doyang Hep Reservoir,CWC,13,Nagaland,250,WOKHA,WOKHA,-,-,Dhansiri,Brahmaputra,BRAHMAPUTRA,BRAHMAPUTRA,BRAMAPUTRA,Dhansiri,26.23000000,94.26083333,18-04-2023 02:00,0.5
1110,Doyang Hep Reservoir,CWC,13,Nagaland,250,WOKHA,WOKHA,-,-,Dhansiri,Brahmaputra,BRAHMAPUTRA,BRAHMAPUTRA,BRAMAPUTRA,Dhansiri,26.23000000,94.26083333,18-04-2023 03:00,0.5
1111,Doyang Hep Reservoir,CWC,13,Nagaland,250,WOKHA,WOKHA,-,-,Dhansiri,Brahmaputra,BRAHMAPUTRA,BRAHMAPUTRA,BRAMAPUTRA,Dhansiri,26.23000000,94.26083333,18-04-2023 05:00,0.5
1112,Doyang Hep Reservoir,CWC,13,Nagaland,250,WOKHA,WOKHA,-,-,Dhansiri,Brahmaputra,BRAHMAPUTRA,BRAHMAPUTRA,BRAMAPUTRA,Dhansiri,26.23000000,94.26083333,18-04-2023 07:00,0.5
1113,Doyang Hep Reservoir,CWC,13,Nagaland,250,WOKHA,WOKHA,-,-,Dhansiri,Brahmaputra,BRAHMAPUTRA,BRAHMAPUTRA,BRAMAPUTRA,Dhansiri,26.23000000,94.26083333,18-04-2023 08:00,0.5
1114,Doyang Hep Reservoir,CWC,13,Nagaland,250,WOKHA,WOKHA,-,-,Dhansiri,Brahmaputra,BRAHMAPUTRA,BRAHMAPUTRA,BRAMAPUTRA,Dhansiri,26.23000000,94.26083333,18-04-2023 11:00,0.5
1115,Doyang Hep Reservoir,CWC,13,Nagaland,250,WOKHA,WOKHA,-,-,Dhansiri,Brahmaputra,BRAHMAPUTRA,BRAHMAPUTRA,BRAMAPUTRA,Dhansiri,26.23000000,94.26083333,27-05-2023 09:00,0.5
1116,Doyang Hep Reservoir,CWC,13,Nagaland,250,WOKHA,WOKHA,-,-,Dhansiri,Brahmaputra,BRAHMAPUTRA,BRAHMAPUTRA,BRAMAPUTRA,Dhansiri,26.23000000,94.26083333,07-06-2023 10:00,1.5
1117,Doyang Hep Reservoir,CWC,13,Nagaland,250,WOKHA,WOKHA,-,-,Dhansiri,Brahmaputra,BRAHMAPUTRA,BRAHMAPUTRA,BRAMAPUTRA,Dhansiri,26.23000000,94.26083333,13-06-2023 12:00,0.5
1118,Doyang Hep Reservoir,CWC,13,Nagaland,250,WOKHA,WOKHA,-,-,Dhansiri,Brahmaputra,BRAHMAPUTRA,BRAHMAPUTRA,BRAMAPUTRA,Dhansiri,26.23000000,94.26083333,19-06-2023 12:00,0.5
1119,Doyang Hep Reservoir,CWC,13,Nagaland,250,WOKHA,WOKHA,-,-,Dhansiri,Brahmaputra,BRAHMAPUTRA,BRAHMAPUTRA,BRAMAPUTRA,Dhansiri,26.23000000,94.26083333,20-06-2023 10:00,0.5
1120,Doyang Hep Reservoir,CWC,13,Nagaland,250,WOKHA,WOKHA,-,-,Dhansiri,Brahmaputra,BRAHMAPUTRA,BRAHMAPUTRA,BRAMAPUTRA,Dhansiri,26.23000000,94.26083333,21-06-2023 10:00,0.5
1121,Doyang Hep Reservoir,CWC,13,Nagaland,250,WOKHA,WOKHA,-,-,Dhansiri,Brahmaputra,BRAHMAPUTRA,BRAHMAPUTRA,BRAMAPUTRA,Dhansiri,26.23000000,94.26083333,22-06-2023 13:00,0.5
1122,Doyang Hep Reservoir,CWC,13,Nagaland,250,WOKHA,WOKHA,-,-,Dhansiri,Brahmaputra,BRAHMAPUTRA,BRAHMAPUTRA,BRAMAPUTRA,Dhansiri,26.23000000,94.26083333,24-06-2023 04:00,0.5
1123,Doyang Hep Reservoir,CWC,13,Nagaland,250,WOKHA,WOKHA,-,-,Dhansiri,Brahmaputra,BRAHMAPUTRA,BRAHMAPUTRA,BRAMAPUTRA,Dhansiri,26.23000000,94.26083333,27-06-2023 16:00,0.5
1124,Doyang Hep Reservoir,CWC,13,Nagaland,250,WOKHA,WOKHA,-,-,Dhansiri,Brahmaputra,BRAHMAPUTRA,BRAHMAPUTRA,BRAMAPUTRA,Dhansiri,26.23000000,94.26083333,15-07-2023 16:00,0.5
1125,Doyang Hep Reservoir,CWC,13,Nagaland,250,WOKHA,WOKHA,-,-,Dhansiri,Brahmaputra,BRAHMAPUTRA,BRAHMAPUTRA,BRAMAPUTRA,Dhansiri,26.23000000,94.26083333,02-08-2023 02:00,3.5
1126,Doyang Hep Reservoir,CWC,13,Nagaland,250,WOKHA,WOKHA,-,-,Dhansiri,Brahmaputra,BRAHMAPUTRA,BRAHMAPUTRA,BRAMAPUTRA,Dhansiri,26.23000000,94.26083333,06-08-2023 11:00,8.5
1127,Doyang Hep Reservoir,CWC,13,Nagaland,250,WOKHA,WOKHA,-,-,Dhansiri,Brahmaputra,BRAHMAPUTRA,BRAHMAPUTRA,BRAMAPUTRA,Dhansiri,26.23000000,94.26083333,06-08-2023 12:00,2.5
1128,Doyang Hep Reservoir,CWC,13,Nagaland,250,WOKHA,WOKHA,-,-,Dhansiri,Brahmaputra,BRAHMAPUTRA,BRAHMAPUTRA,BRAMAPUTRA,Dhansiri,26.23000000,94.26083333,06-08-2023 14:00,3
1129,Doyang Hep Reservoir,CWC,13,Nagaland,250,WOKHA,WOKHA,-,-,Dhansiri,Brahmaputra,BRAHMAPUTRA,BRAHMAPUTRA,BRAMAPUTRA,Dhansiri,26.23000000,94.26083333,06-08-2023 15:00,2.5
1130,Doyang Hep Reservoir,CWC,13,Nagaland,250,WOKHA,WOKHA,-,-,Dhansiri,Brahmaputra,BRAHMAPUTRA,BRAHMAPUTRA,BRAMAPUTRA,Dhansiri,26.23000000,94.26083333,06-08-2023 18:00,7
1131,Doyang Hep Reservoir,CWC,13,Nagaland,250,WOKHA,WOKHA,-,-,Dhansiri,Brahmaputra,BRAHMAPUTRA,BRAHMAPUTRA,BRAMAPUTRA,Dhansiri,26.23000000,94.26083333,06-08-2023 19:00,10.5
1132,Doyang Hep Reservoir,CWC,13,Nagaland,250,WOKHA,WOKHA,-,-,Dhansiri,Brahmaputra,BRAHMAPUTRA,BRAHMAPUTRA,BRAMAPUTRA,Dhansiri,26.23000000,94.26083333,06-08-2023 20:00,1.5
1133,Doyang Hep Reservoir,CWC,13,Nagaland,250,WOKHA,WOKHA,-,-,Dhansiri,Brahmaputra,BRAHMAPUTRA,BRAHMAPUTRA,BRAMAPUTRA,Dhansiri,26.23000000,94.26083333,06-08-2023 22:00,1
1134,Doyang Hep Reservoir,CWC,13,Nagaland,250,WOKHA,WOKHA,-,-,Dhansiri,Brahmaputra,BRAHMAPUTRA,BRAHMAPUTRA,BRAMAPUTRA,Dhansiri,26.23000000,94.26083333,06-08-2023 23:00,0.5
1135,Doyang Hep Reservoir,CWC,13,Nagaland,250,WOKHA,WOKHA,-,-,Dhansiri,Brahmaputra,BRAHMAPUTRA,BRAHMAPUTRA,BRAMAPUTRA,Dhansiri,26.23000000,94.26083333,07-08-2023 08:00,0.5
1136,Doyang Hep Reservoir,CWC,13,Nagaland,250,WOKHA,WOKHA,-,-,Dhansiri,Brahmaputra,BRAHMAPUTRA,BRAHMAPUTRA,BRAMAPUTRA,Dhansiri,26.23000000,94.26083333,07-08-2023 14:00,12.5
1137,Doyang Hep Reservoir,CWC,13,Nagaland,250,WOKHA,WOKHA,-,-,Dhansiri,Brahmaputra,BRAHMAPUTRA,BRAHMAPUTRA,BRAMAPUTRA,Dhansiri,26.23000000,94.26083333,07-08-2023 15:00,5
1138,Doyang Hep Reservoir,CWC,13,Nagaland,250,WOKHA,WOKHA,-,-,Dhansiri,Brahmaputra,BRAHMAPUTRA,BRAHMAPUTRA,BRAMAPUTRA,Dhansiri,26.23000000,94.26083333,07-08-2023 16:00,3.5
1139,Doyang Hep Reservoir,CWC,13,Nagaland,250,WOKHA,WOKHA,-,-,Dhansiri,Brahmaputra,BRAHMAPUTRA,BRAHMAPUTRA,BRAMAPUTRA,Dhansiri,26.23000000,94.26083333,07-08-2023 17:00,1
1140,Doyang Hep Reservoir,CWC,13,Nagaland,250,WOKHA,WOKHA,-,-,Dhansiri,Brahmaputra,BRAHMAPUTRA,BRAHMAPUTRA,BRAMAPUTRA,Dhansiri,26.23000000,94.26083333,07-08-2023 18:00,1.5
1141,Doyang Hep Reservoir,CWC,13,Nagaland,250,WOKHA,WOKHA,-,-,Dhansiri,Brahmaputra,BRAHMAPUTRA,BRAHMAPUTRA,BRAMAPUTRA,Dhansiri,26.23000000,94.26083333,09-08-2023 17:00,0.5
1142,Doyang Hep Reservoir,CWC,13,Nagaland,250,WOKHA,WOKHA,-,-,Dhansiri,Brahmaputra,BRAHMAPUTRA,BRAHMAPUTRA,BRAMAPUTRA,Dhansiri,26.23000000,94.26083333,09-08-2023 20:00,1
1143,Doyang Hep Reservoir,CWC,13,Nagaland,250,WOKHA,WOKHA,-,-,Dhansiri,Brahmaputra,BRAHMAPUTRA,BRAHMAPUTRA,BRAMAPUTRA,Dhansiri,26.23000000,94.26083333,09-08-2023 21:00,7
1144,Doyang Hep Reservoir,CWC,13,Nagaland,250,WOKHA,WOKHA,-,-,Dhansiri,Brahmaputra,BRAHMAPUTRA,BRAHMAPUTRA,BRAMAPUTRA,Dhansiri,26.23000000,94.26083333,12-08-2023 14:00,1
1145,Doyang Hep Reservoir,CWC,13,Nagaland,250,WOKHA,WOKHA,-,-,Dhansiri,Brahmaputra,BRAHMAPUTRA,BRAHMAPUTRA,BRAMAPUTRA,Dhansiri,26.23000000,94.26083333,12-08-2023 15:00,1
1146,Doyang Hep Reservoir,CWC,13,Nagaland,250,WOKHA,WOKHA,-,-,Dhansiri,Brahmaputra,BRAHMAPUTRA,BRAHMAPUTRA,BRAMAPUTRA,Dhansiri,26.23000000,94.26083333,12-08-2023 16:00,1.5
1147,Doyang Hep Reservoir,CWC,13,Nagaland,250,WOKHA,WOKHA,-,-,Dhansiri,Brahmaputra,BRAHMAPUTRA,BRAHMAPUTRA,BRAMAPUTRA,Dhansiri,26.23000000,94.26083333,12-08-2023 17:00,1
1148,Doyang Hep Reservoir,CWC,13,Nagaland,250,WOKHA,WOKHA,-,-,Dhansiri,Brahmaputra,BRAHMAPUTRA,BRAHMAPUTRA,BRAMAPUTRA,Dhansiri,26.23000000,94.26083333,12-08-2023 18:00,0.5
1149,Doyang Hep Reservoir,CWC,13,Nagaland,250,WOKHA,WOKHA,-,-,Dhansiri,Brahmaputra,BRAHMAPUTRA,BRAHMAPUTRA,BRAMAPUTRA,Dhansiri,26.23000000,94.26083333,12-08-2023 23:00,0.5
1150,Doyang Hep Reservoir,CWC,13,Nagaland,250,WOKHA,WOKHA,-,-,Dhansiri,Brahmaputra,BRAHMAPUTRA,BRAHMAPUTRA,BRAMAPUTRA,Dhansiri,26.23000000,94.26083333,13-08-2023 10:00,1
1151,Doyang Hep Reservoir,CWC,13,Nagaland,250,WOKHA,WOKHA,-,-,Dhansiri,Brahmaputra,BRAHMAPUTRA,BRAHMAPUTRA,BRAMAPUTRA,Dhansiri,26.23000000,94.26083333,13-08-2023 14:00,1
1152,Doyang Hep Reservoir,CWC,13,Nagaland,250,WOKHA,WOKHA,-,-,Dhansiri,Brahmaputra,BRAHMAPUTRA,BRAHMAPUTRA,BRAMAPUTRA,Dhansiri,26.23000000,94.26083333,14-08-2023 16:00,1.5
1153,Doyang Hep Reservoir,CWC,13,Nagaland,250,WOKHA,WOKHA,-,-,Dhansiri,Brahmaputra,BRAHMAPUTRA,BRAHMAPUTRA,BRAMAPUTRA,Dhansiri,26.23000000,94.26083333,14-08-2023 17:00,0.5
1154,Doyang Hep Reservoir,CWC,13,Nagaland,250,WOKHA,WOKHA,-,-,Dhansiri,Brahmaputra,BRAHMAPUTRA,BRAHMAPUTRA,BRAMAPUTRA,Dhansiri,26.23000000,94.26083333,16-08-2023 02:00,1
1155,Doyang Hep Reservoir,CWC,13,Nagaland,250,WOKHA,WOKHA,-,-,Dhansiri,Brahmaputra,BRAHMAPUTRA,BRAHMAPUTRA,BRAMAPUTRA,Dhansiri,26.23000000,94.26083333,16-08-2023 03:00,3
1156,Doyang Hep Reservoir,CWC,13,Nagaland,250,WOKHA,WOKHA,-,-,Dhansiri,Brahmaputra,BRAHMAPUTRA,BRAHMAPUTRA,BRAMAPUTRA,Dhansiri,26.23000000,94.26083333,16-08-2023 04:00,0.5
1157,Doyang Hep Reservoir,CWC,13,Nagaland,250,WOKHA,WOKHA,-,-,Dhansiri,Brahmaputra,BRAHMAPUTRA,BRAHMAPUTRA,BRAMAPUTRA,Dhansiri,26.23000000,94.26083333,17-08-2023 11:00,1
1158,Doyang Hep Reservoir,CWC,13,Nagaland,250,WOKHA,WOKHA,-,-,Dhansiri,Brahmaputra,BRAHMAPUTRA,BRAHMAPUTRA,BRAMAPUTRA,Dhansiri,26.23000000,94.26083333,17-08-2023 12:00,0.5
1159,Doyang Hep Reservoir,CWC,13,Nagaland,250,WOKHA,WOKHA,-,-,Dhansiri,Brahmaputra,BRAHMAPUTRA,BRAHMAPUTRA,BRAMAPUTRA,Dhansiri,26.23000000,94.26083333,19-08-2023 00:00,8.5
1160,Doyang Hep Reservoir,CWC,13,Nagaland,250,WOKHA,WOKHA,-,-,Dhansiri,Brahmaputra,BRAHMAPUTRA,BRAHMAPUTRA,BRAMAPUTRA,Dhansiri,26.23000000,94.26083333,19-08-2023 01:00,3
1161,Doyang Hep Reservoir,CWC,13,Nagaland,250,WOKHA,WOKHA,-,-,Dhansiri,Brahmaputra,BRAHMAPUTRA,BRAHMAPUTRA,BRAMAPUTRA,Dhansiri,26.23000000,94.26083333,19-08-2023 02:00,0.5
1162,Doyang Hep Reservoir,CWC,13,Nagaland,250,WOKHA,WOKHA,-,-,Dhansiri,Brahmaputra,BRAHMAPUTRA,BRAHMAPUTRA,BRAMAPUTRA,Dhansiri,26.23000000,94.26083333,19-08-2023 03:00,0.5
1163,Doyang Hep Reservoir,CWC,13,Nagaland,250,WOKHA,WOKHA,-,-,Dhansiri,Brahmaputra,BRAHMAPUTRA,BRAHMAPUTRA,BRAMAPUTRA,Dhansiri,26.23000000,94.26083333,20-08-2023 01:00,0.5
1164,Doyang Hep Reservoir,CWC,13,Nagaland,250,WOKHA,WOKHA,-,-,Dhansiri,Brahmaputra,BRAHMAPUTRA,BRAHMAPUTRA,BRAMAPUTRA,Dhansiri,26.23000000,94.26083333,20-08-2023 20:00,3.5
1165,Doyang Hep Reservoir,CWC,13,Nagaland,250,WOKHA,WOKHA,-,-,Dhansiri,Brahmaputra,BRAHMAPUTRA,BRAHMAPUTRA,BRAMAPUTRA,Dhansiri,26.23000000,94.26083333,22-08-2023 00:00,1
1166,Doyang Hep Reservoir,CWC,13,Nagaland,250,WOKHA,WOKHA,-,-,Dhansiri,Brahmaputra,BRAHMAPUTRA,BRAHMAPUTRA,BRAMAPUTRA,Dhansiri,26.23000000,94.26083333,22-08-2023 01:00,4.5
1167,Doyang Hep Reservoir,CWC,13,Nagaland,250,WOKHA,WOKHA,-,-,Dhansiri,Brahmaputra,BRAHMAPUTRA,BRAHMAPUTRA,BRAMAPUTRA,Dhansiri,26.23000000,94.26083333,22-08-2023 02:00,1
1168,Doyang Hep Reservoir,CWC,13,Nagaland,250,WOKHA,WOKHA,-,-,Dhansiri,Brahmaputra,BRAHMAPUTRA,BRAHMAPUTRA,BRAMAPUTRA,Dhansiri,26.23000000,94.26083333,24-08-2023 10:00,1
1169,Doyang Hep Reservoir,CWC,13,Nagaland,250,WOKHA,WOKHA,-,-,Dhansiri,Brahmaputra,BRAHMAPUTRA,BRAHMAPUTRA,BRAMAPUTRA,Dhansiri,26.23000000,94.26083333,24-08-2023 18:00,3
1170,Doyang Hep Reservoir,CWC,13,Nagaland,250,WOKHA,WOKHA,-,-,Dhansiri,Brahmaputra,BRAHMAPUTRA,BRAHMAPUTRA,BRAMAPUTRA,Dhansiri,26.23000000,94.26083333,24-08-2023 19:00,9
1171,Doyang Hep Reservoir,CWC,13,Nagaland,250,WOKHA,WOKHA,-,-,Dhansiri,Brahmaputra,BRAHMAPUTRA,BRAHMAPUTRA,BRAMAPUTRA,Dhansiri,26.23000000,94.26083333,24-08-2023 23:00,2
1172,Doyang Hep Reservoir,CWC,13,Nagaland,250,WOKHA,WOKHA,-,-,Dhansiri,Brahmaputra,BRAHMAPUTRA,BRAHMAPUTRA,BRAMAPUTRA,Dhansiri,26.23000000,94.26083333,25-08-2023 00:00,13
1173,Doyang Hep Reservoir,CWC,13,Nagaland,250,WOKHA,WOKHA,-,-,Dhansiri,Brahmaputra,BRAHMAPUTRA,BRAHMAPUTRA,BRAMAPUTRA,Dhansiri,26.23000000,94.26083333,25-08-2023 01:00,1
1174,Doyang Hep Reservoir,CWC,13,Nagaland,250,WOKHA,WOKHA,-,-,Dhansiri,Brahmaputra,BRAHMAPUTRA,BRAHMAPUTRA,BRAMAPUTRA,Dhansiri,26.23000000,94.26083333,25-08-2023 10:00,0.5
1175,Doyang Hep Reservoir,CWC,13,Nagaland,250,WOKHA,WOKHA,-,-,Dhansiri,Brahmaputra,BRAHMAPUTRA,BRAHMAPUTRA,BRAMAPUTRA,Dhansiri,26.23000000,94.26083333,25-08-2023 14:00,2.5
1176,Doyang Hep Reservoir,CWC,13,Nagaland,250,WOKHA,WOKHA,-,-,Dhansiri,Brahmaputra,BRAHMAPUTRA,BRAHMAPUTRA,BRAMAPUTRA,Dhansiri,26.23000000,94.26083333,25-08-2023 15:00,4
1177,Doyang Hep Reservoir,CWC,13,Nagaland,250,WOKHA,WOKHA,-,-,Dhansiri,Brahmaputra,BRAHMAPUTRA,BRAHMAPUTRA,BRAMAPUTRA,Dhansiri,26.23000000,94.26083333,25-08-2023 16:00,1
1178,Doyang Hep Reservoir,CWC,13,Nagaland,250,WOKHA,WOKHA,-,-,Dhansiri,Brahmaputra,BRAHMAPUTRA,BRAHMAPUTRA,BRAMAPUTRA,Dhansiri,26.23000000,94.26083333,25-08-2023 19:00,2
1179,Doyang Hep Reservoir,CWC,13,Nagaland,250,WOKHA,WOKHA,-,-,Dhansiri,Brahmaputra,BRAHMAPUTRA,BRAHMAPUTRA,BRAMAPUTRA,Dhansiri,26.23000000,94.26083333,25-08-2023 20:00,1
1180,Doyang Hep Reservoir,CWC,13,Nagaland,250,WOKHA,WOKHA,-,-,Dhansiri,Brahmaputra,BRAHMAPUTRA,BRAHMAPUTRA,BRAMAPUTRA,Dhansiri,26.23000000,94.26083333,26-08-2023 07:00,0.5
1181,Doyang Hep Reservoir,CWC,13,Nagaland,250,WOKHA,WOKHA,-,-,Dhansiri,Brahmaputra,BRAHMAPUTRA,BRAHMAPUTRA,BRAMAPUTRA,Dhansiri,26.23000000,94.26083333,28-08-2023 04:00,1
1182,Doyang Hep Reservoir,CWC,13,Nagaland,250,WOKHA,WOKHA,-,-,Dhansiri,Brahmaputra,BRAHMAPUTRA,BRAHMAPUTRA,BRAMAPUTRA,Dhansiri,26.23000000,94.26083333,28-08-2023 05:00,1
1183,Doyang Hep Reservoir,CWC,13,Nagaland,250,WOKHA,WOKHA,-,-,Dhansiri,Brahmaputra,BRAHMAPUTRA,BRAHMAPUTRA,BRAMAPUTRA,Dhansiri,26.23000000,94.26083333,23-09-2023 13:00,2
1184,Doyang Hep Reservoir,CWC,13,Nagaland,250,WOKHA,WOKHA,-,-,Dhansiri,Brahmaputra,BRAHMAPUTRA,BRAHMAPUTRA,BRAMAPUTRA,Dhansiri,26.23000000,94.26083333,24-09-2023 17:00,0.5
1185,Doyang Hep Reservoir,CWC,13,Nagaland,250,WOKHA,WOKHA,-,-,Dhansiri,Brahmaputra,BRAHMAPUTRA,BRAHMAPUTRA,BRAMAPUTRA,Dhansiri,26.23000000,94.26083333,25-09-2023 08:00,7
1186,Doyang Hep Reservoir,CWC,13,Nagaland,250,WOKHA,WOKHA,-,-,Dhansiri,Brahmaputra,BRAHMAPUTRA,BRAHMAPUTRA,BRAMAPUTRA,Dhansiri,26.23000000,94.26083333,30-09-2023 12:00,2
1187,Doyang Hep Reservoir,CWC,13,Nagaland,250,WOKHA,WOKHA,-,-,Dhansiri,Brahmaputra,BRAHMAPUTRA,BRAHMAPUTRA,BRAMAPUTRA,Dhansiri,26.23000000,94.26083333,30-09-2023 23:00,2
1188,Doyang Hep Reservoir,CWC,13,Nagaland,250,WOKHA,WOKHA,-,-,Dhansiri,Brahmaputra,BRAHMAPUTRA,BRAHMAPUTRA,BRAMAPUTRA,Dhansiri,26.23000000,94.26083333,01-10-2023 00:00,2
1189,Doyang Hep Reservoir,CWC,13,Nagaland,250,WOKHA,WOKHA,-,-,Dhansiri,Brahmaputra,BRAHMAPUTRA,BRAHMAPUTRA,BRAMAPUTRA,Dhansiri,26.23000000,94.26083333,01-10-2023 01:00,2
1190,Doyang Hep Reservoir,CWC,13,Nagaland,250,WOKHA,WOKHA,-,-,Dhansiri,Brahmaputra,BRAHMAPUTRA,BRAHMAPUTRA,BRAMAPUTRA,Dhansiri,26.23000000,94.26083333,01-10-2023 02:00,2
1191,Doyang Hep Reservoir,CWC,13,Nagaland,250,WOKHA,WOKHA,-,-,Dhansiri,Brahmaputra,BRAHMAPUTRA,BRAHMAPUTRA,BRAMAPUTRA,Dhansiri,26.23000000,94.26083333,02-10-2023 16:00,31.5
1192,Doyang Hep Reservoir,CWC,13,Nagaland,250,WOKHA,WOKHA,-,-,Dhansiri,Brahmaputra,BRAHMAPUTRA,BRAHMAPUTRA,BRAMAPUTRA,Dhansiri,26.23000000,94.26083333,02-10-2023 17:00,0.5
1193,Doyang Hep Reservoir,CWC,13,Nagaland,250,WOKHA,WOKHA,-,-,Dhansiri,Brahmaputra,BRAHMAPUTRA,BRAHMAPUTRA,BRAMAPUTRA,Dhansiri,26.23000000,94.26083333,04-10-2023 14:00,0.5
1194,Doyang Hep Reservoir,CWC,13,Nagaland,250,WOKHA,WOKHA,-,-,Dhansiri,Brahmaputra,BRAHMAPUTRA,BRAHMAPUTRA,BRAMAPUTRA,Dhansiri,26.23000000,94.26083333,05-10-2023 09:00,0.5
1195,Doyang Hep Reservoir,CWC,13,Nagaland,250,WOKHA,WOKHA,-,-,Dhansiri,Brahmaputra,BRAHMAPUTRA,BRAHMAPUTRA,BRAMAPUTRA,Dhansiri,26.23000000,94.26083333,06-10-2023 00:00,0.5
1196,Doyang Hep Reservoir,CWC,13,Nagaland,250,WOKHA,WOKHA,-,-,Dhansiri,Brahmaputra,BRAHMAPUTRA,BRAHMAPUTRA,BRAMAPUTRA,Dhansiri,26.23000000,94.26083333,06-10-2023 02:00,1
1197,Doyang Hep Reservoir,CWC,13,Nagaland,250,WOKHA,WOKHA,-,-,Dhansiri,Brahmaputra,BRAHMAPUTRA,BRAHMAPUTRA,BRAMAPUTRA,Dhansiri,26.23000000,94.26083333,06-10-2023 03:00,1
1198,Doyang Hep Reservoir,CWC,13,Nagaland,250,WOKHA,WOKHA,-,-,Dhansiri,Brahmaputra,BRAHMAPUTRA,BRAHMAPUTRA,BRAMAPUTRA,Dhansiri,26.23000000,94.26083333,06-10-2023 04:00,1
1199,Doyang Hep Reservoir,CWC,13,Nagaland,250,WOKHA,WOKHA,-,-,Dhansiri,Brahmaputra,BRAHMAPUTRA,BRAHMAPUTRA,BRAMAPUTRA,Dhansiri,26.23000000,94.26083333,06-10-2023 05:00,0.5
1200,Doyang Hep Reservoir,CWC,13,Nagaland,250,WOKHA,WOKHA,-,-,Dhansiri,Brahmaputra,BRAHMAPUTRA,BRAHMAPUTRA,BRAMAPUTRA,Dhansiri,26.23000000,94.26083333,07-10-2023 02:00,0.5
1201,Doyang Hep Reservoir,CWC,13,Nagaland,250,WOKHA,WOKHA,-,-,Dhansiri,Brahmaputra,BRAHMAPUTRA,BRAHMAPUTRA,BRAMAPUTRA,Dhansiri,26.23000000,94.26083333,07-10-2023 03:00,0.5
1202,Doyang Hep Reservoir,CWC,13,Nagaland,250,WOKHA,WOKHA,-,-,Dhansiri,Brahmaputra,BRAHMAPUTRA,BRAHMAPUTRA,BRAMAPUTRA,Dhansiri,26.23000000,94.26083333,07-10-2023 16:00,1.5
1203,Doyang Hep Reservoir,CWC,13,Nagaland,250,WOKHA,WOKHA,-,-,Dhansiri,Brahmaputra,BRAHMAPUTRA,BRAHMAPUTRA,BRAMAPUTRA,Dhansiri,26.23000000,94.26083333,10-10-2023 10:00,6.5
1204,Doyang Hep Reservoir,CWC,13,Nagaland,250,WOKHA,WOKHA,-,-,Dhansiri,Brahmaputra,BRAHMAPUTRA,BRAHMAPUTRA,BRAMAPUTRA,Dhansiri,26.23000000,94.26083333,10-10-2023 11:00,6.5
1205,Doyang Hep Reservoir,CWC,13,Nagaland,250,WOKHA,WOKHA,-,-,Dhansiri,Brahmaputra,BRAHMAPUTRA,BRAHMAPUTRA,BRAMAPUTRA,Dhansiri,26.23000000,94.26083333,10-10-2023 12:00,6.5
1206,Doyang Hep Reservoir,CWC,13,Nagaland,250,WOKHA,WOKHA,-,-,Dhansiri,Brahmaputra,BRAHMAPUTRA,BRAHMAPUTRA,BRAMAPUTRA,Dhansiri,26.23000000,94.26083333,10-10-2023 13:00,6.5
1207,Doyang Hep Reservoir,CWC,13,Nagaland,250,WOKHA,WOKHA,-,-,Dhansiri,Brahmaputra,BRAHMAPUTRA,BRAHMAPUTRA,BRAMAPUTRA,Dhansiri,26.23000000,94.26083333,10-10-2023 15:00,6.5
1208,Doyang Hep Reservoir,CWC,13,Nagaland,250,WOKHA,WOKHA,-,-,Dhansiri,Brahmaputra,BRAHMAPUTRA,BRAHMAPUTRA,BRAMAPUTRA,Dhansiri,26.23000000,94.26083333,10-10-2023 16:00,6.5
1209,Doyang Hep Reservoir,CWC,13,Nagaland,250,WOKHA,WOKHA,-,-,Dhansiri,Brahmaputra,BRAHMAPUTRA,BRAHMAPUTRA,BRAMAPUTRA,Dhansiri,26.23000000,94.26083333,10-10-2023 17:00,6.5
1210,Doyang Hep Reservoir,CWC,13,Nagaland,250,WOKHA,WOKHA,-,-,Dhansiri,Brahmaputra,BRAHMAPUTRA,BRAHMAPUTRA,BRAMAPUTRA,Dhansiri,26.23000000,94.26083333,10-10-2023 18:00,6.5
1211,Doyang Hep Reservoir,CWC,13,Nagaland,250,WOKHA,WOKHA,-,-,Dhansiri,Brahmaputra,BRAHMAPUTRA,BRAHMAPUTRA,BRAMAPUTRA,Dhansiri,26.23000000,94.26083333,10-10-2023 21:00,6.5
1212,Doyang Hep Reservoir,CWC,13,Nagaland,250,WOKHA,WOKHA,-,-,Dhansiri,Brahmaputra,BRAHMAPUTRA,BRAHMAPUTRA,BRAMAPUTRA,Dhansiri,26.23000000,94.26083333,10-10-2023 23:00,6.5
1213,Doyang Hep Reservoir,CWC,13,Nagaland,250,WOKHA,WOKHA,-,-,Dhansiri,Brahmaputra,BRAHMAPUTRA,BRAHMAPUTRA,BRAMAPUTRA,Dhansiri,26.23000000,94.26083333,11-10-2023 02:00,6.5
1214,Doyang Hep Reservoir,CWC,13,Nagaland,250,WOKHA,WOKHA,-,-,Dhansiri,Brahmaputra,BRAHMAPUTRA,BRAHMAPUTRA,BRAMAPUTRA,Dhansiri,26.23000000,94.26083333,11-10-2023 20:00,0.5
1215,Doyang Hep Reservoir,CWC,13,Nagaland,250,WOKHA,WOKHA,-,-,Dhansiri,Brahmaputra,BRAHMAPUTRA,BRAHMAPUTRA,BRAMAPUTRA,Dhansiri,26.23000000,94.26083333,11-10-2023 22:00,0.5
1216,Doyang Hep Reservoir,CWC,13,Nagaland,250,WOKHA,WOKHA,-,-,Dhansiri,Brahmaputra,BRAHMAPUTRA,BRAHMAPUTRA,BRAMAPUTRA,Dhansiri,26.23000000,94.26083333,11-10-2023 23:00,0.5
1217,Doyang Hep Reservoir,CWC,13,Nagaland,250,WOKHA,WOKHA,-,-,Dhansiri,Brahmaputra,BRAHMAPUTRA,BRAHMAPUTRA,BRAMAPUTRA,Dhansiri,26.23000000,94.26083333,25-10-2023 11:00,0.5
1218,Doyang Hep Reservoir,CWC,13,Nagaland,250,WOKHA,WOKHA,-,-,Dhansiri,Brahmaputra,BRAHMAPUTRA,BRAHMAPUTRA,BRAMAPUTRA,Dhansiri,26.23000000,94.26083333,26-10-2023 00:00,0.5
1219,Doyang Hep Reservoir,CWC,13,Nagaland,250,WOKHA,WOKHA,-,-,Dhansiri,Brahmaputra,BRAHMAPUTRA,BRAHMAPUTRA,BRAMAPUTRA,Dhansiri,26.23000000,94.26083333,26-10-2023 06:00,1
1220,Doyang Hep Reservoir,CWC,13,Nagaland,250,WOKHA,WOKHA,-,-,Dhansiri,Brahmaputra,BRAHMAPUTRA,BRAHMAPUTRA,BRAMAPUTRA,Dhansiri,26.23000000,94.26083333,05-11-2023 03:00,6
1221,Doyang Hep Reservoir,CWC,13,Nagaland,250,WOKHA,WOKHA,-,-,Dhansiri,Brahmaputra,BRAHMAPUTRA,BRAHMAPUTRA,BRAMAPUTRA,Dhansiri,26.23000000,94.26083333,17-11-2023 01:00,2
1222,Doyang Hep Reservoir,CWC,13,Nagaland,250,WOKHA,WOKHA,-,-,Dhansiri,Brahmaputra,BRAHMAPUTRA,BRAHMAPUTRA,BRAMAPUTRA,Dhansiri,26.23000000,94.26083333,17-11-2023 02:00,3
1223,Doyang Hep Reservoir,CWC,13,Nagaland,250,WOKHA,WOKHA,-,-,Dhansiri,Brahmaputra,BRAHMAPUTRA,BRAHMAPUTRA,BRAMAPUTRA,Dhansiri,26.23000000,94.26083333,17-11-2023 04:00,0.5
1224,Doyang Hep Reservoir,CWC,13,Nagaland,250,WOKHA,WOKHA,-,-,Dhansiri,Brahmaputra,BRAHMAPUTRA,BRAHMAPUTRA,BRAMAPUTRA,Dhansiri,26.23000000,94.26083333,17-11-2023 07:00,2.5
1225,Doyang Hep Reservoir,CWC,13,Nagaland,250,WOKHA,WOKHA,-,-,Dhansiri,Brahmaputra,BRAHMAPUTRA,BRAHMAPUTRA,BRAMAPUTRA,Dhansiri,26.23000000,94.26083333,17-11-2023 08:00,3.5
1226,Doyang Hep Reservoir,CWC,13,Nagaland,250,WOKHA,WOKHA,-,-,Dhansiri,Brahmaputra,BRAHMAPUTRA,BRAHMAPUTRA,BRAMAPUTRA,Dhansiri,26.23000000,94.26083333,17-11-2023 09:00,4
1227,Doyang Hep Reservoir,CWC,13,Nagaland,250,WOKHA,WOKHA,-,-,Dhansiri,Brahmaputra,BRAHMAPUTRA,BRAHMAPUTRA,BRAMAPUTRA,Dhansiri,26.23000000,94.26083333,17-11-2023 10:00,0.5
1228,Doyang Hep Reservoir,CWC,13,Nagaland,250,WOKHA,WOKHA,-,-,Dhansiri,Brahmaputra,BRAHMAPUTRA,BRAHMAPUTRA,BRAMAPUTRA,Dhansiri,26.23000000,94.26083333,17-11-2023 11:00,5.5
1229,Doyang Hep Reservoir,CWC,13,Nagaland,250,WOKHA,WOKHA,-,-,Dhansiri,Brahmaputra,BRAHMAPUTRA,BRAHMAPUTRA,BRAMAPUTRA,Dhansiri,26.23000000,94.26083333,17-11-2023 12:00,1
1230,Doyang Hep Reservoir,CWC,13,Nagaland,250,WOKHA,WOKHA,-,-,Dhansiri,Brahmaputra,BRAHMAPUTRA,BRAHMAPUTRA,BRAMAPUTRA,Dhansiri,26.23000000,94.26083333,17-11-2023 13:00,1.5
1231,Doyang Hep Reservoir,CWC,13,Nagaland,250,WOKHA,WOKHA,-,-,Dhansiri,Brahmaputra,BRAHMAPUTRA,BRAHMAPUTRA,BRAMAPUTRA,Dhansiri,26.23000000,94.26083333,07-12-2023 05:00,0.5
1232,Doyang Hep Reservoir,CWC,13,Nagaland,250,WOKHA,WOKHA,-,-,Dhansiri,Brahmaputra,BRAHMAPUTRA,BRAHMAPUTRA,BRAMAPUTRA,Dhansiri,26.23000000,94.26083333,07-12-2023 06:00,1
1233,Doyang Hep Reservoir,CWC,13,Nagaland,250,WOKHA,WOKHA,-,-,Dhansiri,Brahmaputra,BRAHMAPUTRA,BRAHMAPUTRA,BRAMAPUTRA,Dhansiri,26.23000000,94.26083333,07-12-2023 07:00,0.5
1234,Doyang Hep Reservoir,CWC,13,Nagaland,250,WOKHA,WOKHA,-,-,Dhansiri,Brahmaputra,BRAHMAPUTRA,BRAHMAPUTRA,BRAMAPUTRA,Dhansiri,26.23000000,94.26083333,07-12-2023 08:00,0.5
1235,Doyang Hep Reservoir,CWC,13,Nagaland,250,WOKHA,WOKHA,-,-,Dhansiri,Brahmaputra,BRAHMAPUTRA,BRAHMAPUTRA,BRAMAPUTRA,Dhansiri,26.23000000,94.26083333,07-12-2023 10:00,0.5
1236,Doyang Hep Reservoir,CWC,13,Nagaland,250,WOKHA,WOKHA,-,-,Dhansiri,Brahmaputra,BRAHMAPUTRA,BRAHMAPUTRA,BRAMAPUTRA,Dhansiri,26.23000000,94.26083333,07-12-2023 11:00,0.5
1237,Doyang Hep Reservoir,CWC,13,Nagaland,250,WOKHA,WOKHA,-,-,Dhansiri,Brahmaputra,BRAHMAPUTRA,BRAHMAPUTRA,BRAMAPUTRA,Dhansiri,26.23000000,94.26083333,08-12-2023 02:00,3.5
1238,Doyang Hep Reservoir,CWC,13,Nagaland,250,WOKHA,WOKHA,-,-,Dhansiri,Brahmaputra,BRAHMAPUTRA,BRAHMAPUTRA,BRAMAPUTRA,Dhansiri,26.23000000,94.26083333,08-12-2023 03:00,1.5
1239,Doyang Hep Reservoir,CWC,13,Nagaland,250,WOKHA,WOKHA,-,-,Dhansiri,Brahmaputra,BRAHMAPUTRA,BRAHMAPUTRA,BRAMAPUTRA,Dhansiri,26.23000000,94.26083333,08-12-2023 04:00,1.5
1240,Doyang Hep Reservoir,CWC,13,Nagaland,250,WOKHA,WOKHA,-,-,Dhansiri,Brahmaputra,BRAHMAPUTRA,BRAHMAPUTRA,BRAMAPUTRA,Dhansiri,26.23000000,94.26083333,08-12-2023 05:00,2.5
1241,Doyang Hep Reservoir,CWC,13,Nagaland,250,WOKHA,WOKHA,-,-,Dhansiri,Brahmaputra,BRAHMAPUTRA,BRAHMAPUTRA,BRAMAPUTRA,Dhansiri,26.23000000,94.26083333,08-12-2023 06:00,1.5
1242,Doyang Hep Reservoir,CWC,13,Nagaland,250,WOKHA,WOKHA,-,-,Dhansiri,Brahmaputra,BRAHMAPUTRA,BRAHMAPUTRA,BRAMAPUTRA,Dhansiri,26.23000000,94.26083333,08-12-2023 08:00,6
1243,Doyang Hep Reservoir,CWC,13,Nagaland,250,WOKHA,WOKHA,-,-,Dhansiri,Brahmaputra,BRAHMAPUTRA,BRAHMAPUTRA,BRAMAPUTRA,Dhansiri,26.23000000,94.26083333,08-12-2023 09:00,6
1244,Doyang Hep Reservoir,CWC,13,Nagaland,250,WOKHA,WOKHA,-,-,Dhansiri,Brahmaputra,BRAHMAPUTRA,BRAHMAPUTRA,BRAMAPUTRA,Dhansiri,26.23000000,94.26083333,08-12-2023 13:00,6
1245,Doyang Hep Reservoir,CWC,13,Nagaland,250,WOKHA,WOKHA,-,-,Dhansiri,Brahmaputra,BRAHMAPUTRA,BRAHMAPUTRA,BRAMAPUTRA,Dhansiri,26.23000000,94.26083333,08-12-2023 15:00,6
1246,Doyang Hep Reservoir,CWC,13,Nagaland,250,WOKHA,WOKHA,-,-,Dhansiri,Brahmaputra,BRAHMAPUTRA,BRAHMAPUTRA,BRAMAPUTRA,Dhansiri,26.23000000,94.26083333,25-01-2024 21:00,0.5
1247,Doyang Hep Reservoir,CWC,13,Nagaland,250,WOKHA,WOKHA,-,-,Dhansiri,Brahmaputra,BRAHMAPUTRA,BRAHMAPUTRA,BRAMAPUTRA,Dhansiri,26.23000000,94.26083333,26-01-2024 00:00,0.5
1248,Doyang Hep Reservoir,CWC,13,Nagaland,250,WOKHA,WOKHA,-,-,Dhansiri,Brahmaputra,BRAHMAPUTRA,BRAHMAPUTRA,BRAMAPUTRA,Dhansiri,26.23000000,94.26083333,26-01-2024 01:00,0.5
1249,Doyang Hep Reservoir,CWC,13,Nagaland,250,WOKHA,WOKHA,-,-,Dhansiri,Brahmaputra,BRAHMAPUTRA,BRAHMAPUTRA,BRAMAPUTRA,Dhansiri,26.23000000,94.26083333,31-01-2024 15:00,1
1250,Doyang Hep Reservoir,CWC,13,Nagaland,250,WOKHA,WOKHA,-,-,Dhansiri,Brahmaputra,BRAHMAPUTRA,BRAHMAPUTRA,BRAMAPUTRA,Dhansiri,26.23000000,94.26083333,31-01-2024 16:00,1
1251,Doyang Hep Reservoir,CWC,13,Nagaland,250,WOKHA,WOKHA,-,-,Dhansiri,Brahmaputra,BRAHMAPUTRA,BRAHMAPUTRA,BRAMAPUTRA,Dhansiri,26.23000000,94.26083333,02-02-2024 12:00,0.5
1252,Doyang Hep Reservoir,CWC,13,Nagaland,250,WOKHA,WOKHA,-,-,Dhansiri,Brahmaputra,BRAHMAPUTRA,BRAHMAPUTRA,BRAMAPUTRA,Dhansiri,26.23000000,94.26083333,02-02-2024 13:00,3.5
1253,Doyang Hep Reservoir,CWC,13,Nagaland,250,WOKHA,WOKHA,-,-,Dhansiri,Brahmaputra,BRAHMAPUTRA,BRAHMAPUTRA,BRAMAPUTRA,Dhansiri,26.23000000,94.26083333,02-02-2024 17:00,4
1254,Doyang Hep Reservoir,CWC,13,Nagaland,250,WOKHA,WOKHA,-,-,Dhansiri,Brahmaputra,BRAHMAPUTRA,BRAHMAPUTRA,BRAMAPUTRA,Dhansiri,26.23000000,94.26083333,02-02-2024 20:00,4.5
1255,Doyang Hep Reservoir,CWC,13,Nagaland,250,WOKHA,WOKHA,-,-,Dhansiri,Brahmaputra,BRAHMAPUTRA,BRAHMAPUTRA,BRAMAPUTRA,Dhansiri,26.23000000,94.26083333,02-02-2024 21:00,0.5
1256,Doyang Hep Reservoir,CWC,13,Nagaland,250,WOKHA,WOKHA,-,-,Dhansiri,Brahmaputra,BRAHMAPUTRA,BRAHMAPUTRA,BRAMAPUTRA,Dhansiri,26.23000000,94.26083333,08-02-2024 01:00,0.5
1257,Doyang Hep Reservoir,CWC,13,Nagaland,250,WOKHA,WOKHA,-,-,Dhansiri,Brahmaputra,BRAHMAPUTRA,BRAHMAPUTRA,BRAMAPUTRA,Dhansiri,26.23000000,94.26083333,08-02-2024 02:00,0.5
1258,Doyang Hep Reservoir,CWC,13,Nagaland,250,WOKHA,WOKHA,-,-,Dhansiri,Brahmaputra,BRAHMAPUTRA,BRAHMAPUTRA,BRAMAPUTRA,Dhansiri,26.23000000,94.26083333,18-02-2024 00:00,1
1259,Doyang Hep Reservoir,CWC,13,Nagaland,250,WOKHA,WOKHA,-,-,Dhansiri,Brahmaputra,BRAHMAPUTRA,BRAHMAPUTRA,BRAMAPUTRA,Dhansiri,26.23000000,94.26083333,18-02-2024 02:00,1
1260,Doyang Hep Reservoir,CWC,13,Nagaland,250,WOKHA,WOKHA,-,-,Dhansiri,Brahmaputra,BRAHMAPUTRA,BRAHMAPUTRA,BRAMAPUTRA,Dhansiri,26.23000000,94.26083333,21-02-2024 09:00,1
1261,Doyang Hep Reservoir,CWC,13,Nagaland,250,WOKHA,WOKHA,-,-,Dhansiri,Brahmaputra,BRAHMAPUTRA,BRAHMAPUTRA,BRAMAPUTRA,Dhansiri,26.23000000,94.26083333,21-02-2024 10:00,1
1262,Doyang Hep Reservoir,CWC,13,Nagaland,250,WOKHA,WOKHA,-,-,Dhansiri,Brahmaputra,BRAHMAPUTRA,BRAHMAPUTRA,BRAMAPUTRA,Dhansiri,26.23000000,94.26083333,21-02-2024 11:00,2
1263,Doyang Hep Reservoir,CWC,13,Nagaland,250,WOKHA,WOKHA,-,-,Dhansiri,Brahmaputra,BRAHMAPUTRA,BRAHMAPUTRA,BRAMAPUTRA,Dhansiri,26.23000000,94.26083333,21-02-2024 12:00,0.5
1264,Doyang Hep Reservoir,CWC,13,Nagaland,250,WOKHA,WOKHA,-,-,Dhansiri,Brahmaputra,BRAHMAPUTRA,BRAHMAPUTRA,BRAMAPUTRA,Dhansiri,26.23000000,94.26083333,22-02-2024 05:00,0.5
1265,Doyang Hep Reservoir,CWC,13,Nagaland,250,WOKHA,WOKHA,-,-,Dhansiri,Brahmaputra,BRAHMAPUTRA,BRAHMAPUTRA,BRAMAPUTRA,Dhansiri,26.23000000,94.26083333,22-02-2024 06:00,0.5
1266,Doyang Hep Reservoir,CWC,13,Nagaland,250,WOKHA,WOKHA,-,-,Dhansiri,Brahmaputra,BRAHMAPUTRA,BRAHMAPUTRA,BRAMAPUTRA,Dhansiri,26.23000000,94.26083333,22-02-2024 07:00,3.5
1267,Doyang Hep Reservoir,CWC,13,Nagaland,250,WOKHA,WOKHA,-,-,Dhansiri,Brahmaputra,BRAHMAPUTRA,BRAHMAPUTRA,BRAMAPUTRA,Dhansiri,26.23000000,94.26083333,22-02-2024 08:00,5
1268,Doyang Hep Reservoir,CWC,13,Nagaland,250,WOKHA,WOKHA,-,-,Dhansiri,Brahmaputra,BRAHMAPUTRA,BRAHMAPUTRA,BRAMAPUTRA,Dhansiri,26.23000000,94.26083333,22-02-2024 09:00,1.5
1269,Doyang Hep Reservoir,CWC,13,Nagaland,250,WOKHA,WOKHA,-,-,Dhansiri,Brahmaputra,BRAHMAPUTRA,BRAHMAPUTRA,BRAMAPUTRA,Dhansiri,26.23000000,94.26083333,22-02-2024 10:00,1
1270,Doyang Hep Reservoir,CWC,13,Nagaland,250,WOKHA,WOKHA,-,-,Dhansiri,Brahmaputra,BRAHMAPUTRA,BRAHMAPUTRA,BRAMAPUTRA,Dhansiri,26.23000000,94.26083333,22-02-2024 11:00,0.5
1271,Doyang Hep Reservoir,CWC,13,Nagaland,250,WOKHA,WOKHA,-,-,Dhansiri,Brahmaputra,BRAHMAPUTRA,BRAHMAPUTRA,BRAMAPUTRA,Dhansiri,26.23000000,94.26083333,23-02-2024 08:00,0.5
1272,Doyang Hep Reservoir,CWC,13,Nagaland,250,WOKHA,WOKHA,-,-,Dhansiri,Brahmaputra,BRAHMAPUTRA,BRAHMAPUTRA,BRAMAPUTRA,Dhansiri,26.23000000,94.26083333,23-02-2024 10:00,0.5
1273,Doyang Hep Reservoir,CWC,13,Nagaland,250,WOKHA,WOKHA,-,-,Dhansiri,Brahmaputra,BRAHMAPUTRA,BRAHMAPUTRA,BRAMAPUTRA,Dhansiri,26.23000000,94.26083333,23-02-2024 11:00,0.5
1274,Doyang Hep Reservoir,CWC,13,Nagaland,250,WOKHA,WOKHA,-,-,Dhansiri,Brahmaputra,BRAHMAPUTRA,BRAHMAPUTRA,BRAMAPUTRA,Dhansiri,26.23000000,94.26083333,23-02-2024 12:00,0.5
1275,Doyang Hep Reservoir,CWC,13,Nagaland,250,WOKHA,WOKHA,-,-,Dhansiri,Brahmaputra,BRAHMAPUTRA,BRAHMAPUTRA,BRAMAPUTRA,Dhansiri,26.23000000,94.26083333,25-02-2024 09:00,0.5
1276,Doyang Hep Reservoir,CWC,13,Nagaland,250,WOKHA,WOKHA,-,-,Dhansiri,Brahmaputra,BRAHMAPUTRA,BRAHMAPUTRA,BRAMAPUTRA,Dhansiri,26.23000000,94.26083333,28-02-2024 16:00,0.5
1277,Doyang Hep Reservoir,CWC,13,Nagaland,250,WOKHA,WOKHA,-,-,Dhansiri,Brahmaputra,BRAHMAPUTRA,BRAHMAPUTRA,BRAMAPUTRA,Dhansiri,26.23000000,94.26083333,28-02-2024 17:00,0.5
1278,Doyang Hep Reservoir,CWC,13,Nagaland,250,WOKHA,WOKHA,-,-,Dhansiri,Brahmaputra,BRAHMAPUTRA,BRAHMAPUTRA,BRAMAPUTRA,Dhansiri,26.23000000,94.26083333,29-02-2024 00:00,0.5
1279,Doyang Hep Reservoir,CWC,13,Nagaland,250,WOKHA,WOKHA,-,-,Dhansiri,Brahmaputra,BRAHMAPUTRA,BRAHMAPUTRA,BRAMAPUTRA,Dhansiri,26.23000000,94.26083333,29-02-2024 01:00,0.5
1280,Doyang Hep Reservoir,CWC,13,Nagaland,250,WOKHA,WOKHA,-,-,Dhansiri,Brahmaputra,BRAHMAPUTRA,BRAHMAPUTRA,BRAMAPUTRA,Dhansiri,26.23000000,94.26083333,29-02-2024 02:00,0.5
1281,Doyang Hep Reservoir,CWC,13,Nagaland,250,WOKHA,WOKHA,-,-,Dhansiri,Brahmaputra,BRAHMAPUTRA,BRAHMAPUTRA,BRAMAPUTRA,Dhansiri,26.23000000,94.26083333,03-03-2024 12:00,48
1282,Doyang Hep Reservoir,CWC,13,Nagaland,250,WOKHA,WOKHA,-,-,Dhansiri,Brahmaputra,BRAHMAPUTRA,BRAHMAPUTRA,BRAMAPUTRA,Dhansiri,26.23000000,94.26083333,03-03-2024 20:00,191
1283,Doyang Hep Reservoir,CWC,13,Nagaland,250,WOKHA,WOKHA,-,-,Dhansiri,Brahmaputra,BRAHMAPUTRA,BRAHMAPUTRA,BRAMAPUTRA,Dhansiri,26.23000000,94.26083333,08-01-2025 01:00,6
1284,Doyang Hep Reservoir,CWC,13,Nagaland,250,WOKHA,WOKHA,-,-,Dhansiri,Brahmaputra,BRAHMAPUTRA,BRAHMAPUTRA,BRAMAPUTRA,Dhansiri,26.23000000,94.26083333,08-01-2025 02:00,6
1285,Doyang Hep Reservoir,CWC,13,Nagaland,250,WOKHA,WOKHA,-,-,Dhansiri,Brahmaputra,BRAHMAPUTRA,BRAHMAPUTRA,BRAMAPUTRA,Dhansiri,26.23000000,94.26083333,28-01-2025 09:00,114.5
1286,Doyang Hep Reservoir,CWC,13,Nagaland,250,WOKHA,WOKHA,-,-,Dhansiri,Brahmaputra,BRAHMAPUTRA,BRAHMAPUTRA,BRAMAPUTRA,Dhansiri,26.23000000,94.26083333,18-02-2025 01:00,0.5
1287,Doyang Hep Reservoir,CWC,13,Nagaland,250,WOKHA,WOKHA,-,-,Dhansiri,Brahmaputra,BRAHMAPUTRA,BRAHMAPUTRA,BRAMAPUTRA,Dhansiri,26.23000000,94.26083333,18-02-2025 02:00,1
1288,Doyang Hep Reservoir,CWC,13,Nagaland,250,WOKHA,WOKHA,-,-,Dhansiri,Brahmaputra,BRAHMAPUTRA,BRAHMAPUTRA,BRAMAPUTRA,Dhansiri,26.23000000,94.26083333,18-02-2025 04:00,0.5
1289,Doyang Hep Reservoir,CWC,13,Nagaland,250,WOKHA,WOKHA,-,-,Dhansiri,Brahmaputra,BRAHMAPUTRA,BRAHMAPUTRA,BRAMAPUTRA,Dhansiri,26.23000000,94.26083333,18-02-2025 05:00,0.5
1290,Doyang Hep Reservoir,CWC,13,Nagaland,250,WOKHA,WOKHA,-,-,Dhansiri,Brahmaputra,BRAHMAPUTRA,BRAHMAPUTRA,BRAMAPUTRA,Dhansiri,26.23000000,94.26083333,18-02-2025 06:00,1
1291,Doyang Hep Reservoir,CWC,13,Nagaland,250,WOKHA,WOKHA,-,-,Dhansiri,Brahmaputra,BRAHMAPUTRA,BRAHMAPUTRA,BRAMAPUTRA,Dhansiri,26.23000000,94.26083333,18-02-2025 07:00,1
1292,Doyang Hep Reservoir,CWC,13,Nagaland,250,WOKHA,WOKHA,-,-,Dhansiri,Brahmaputra,BRAHMAPUTRA,BRAHMAPUTRA,BRAMAPUTRA,Dhansiri,26.23000000,94.26083333,22-02-2025 04:00,0.5
1293,Doyang Hep Reservoir,CWC,13,Nagaland,250,WOKHA,WOKHA,-,-,Dhansiri,Brahmaputra,BRAHMAPUTRA,BRAHMAPUTRA,BRAMAPUTRA,Dhansiri,26.23000000,94.26083333,24-02-2025 00:00,0.5
1294,Doyang Hep Reservoir,CWC,13,Nagaland,250,WOKHA,WOKHA,-,-,Dhansiri,Brahmaputra,BRAHMAPUTRA,BRAHMAPUTRA,BRAMAPUTRA,Dhansiri,26.23000000,94.26083333,24-02-2025 01:00,0.5
1295,Doyang Hep Reservoir,CWC,13,Nagaland,250,WOKHA,WOKHA,-,-,Dhansiri,Brahmaputra,BRAHMAPUTRA,BRAHMAPUTRA,BRAMAPUTRA,Dhansiri,26.23000000,94.26083333,24-02-2025 02:00,0.5
1296,Doyang Hep Reservoir,CWC,13,Nagaland,250,WOKHA,WOKHA,-,-,Dhansiri,Brahmaputra,BRAHMAPUTRA,BRAHMAPUTRA,BRAMAPUTRA,Dhansiri,26.23000000,94.26083333,24-02-2025 06:00,0.5
1297,Doyang Hep Reservoir,CWC,13,Nagaland,250,WOKHA,WOKHA,-,-,Dhansiri,Brahmaputra,BRAHMAPUTRA,BRAHMAPUTRA,BRAMAPUTRA,Dhansiri,26.23000000,94.26083333,24-02-2025 07:00,0.5
1298,Doyang Hep Reservoir,CWC,13,Nagaland,250,WOKHA,WOKHA,-,-,Dhansiri,Brahmaputra,BRAHMAPUTRA,BRAHMAPUTRA,BRAMAPUTRA,Dhansiri,26.23000000,94.26083333,24-02-2025 08:00,0.5
1299,Doyang Hep Reservoir,CWC,13,Nagaland,250,WOKHA,WOKHA,-,-,Dhansiri,Brahmaputra,BRAHMAPUTRA,BRAHMAPUTRA,BRAMAPUTRA,Dhansiri,26.23000000,94.26083333,15-03-2025 01:00,0.5
1300,Doyang Hep Reservoir,CWC,13,Nagaland,250,WOKHA,WOKHA,-,-,Dhansiri,Brahmaputra,BRAHMAPUTRA,BRAHMAPUTRA,BRAMAPUTRA,Dhansiri,26.23000000,94.26083333,15-03-2025 04:00,0.5
1301,Doyang Hep Reservoir,CWC,13,Nagaland,250,WOKHA,WOKHA,-,-,Dhansiri,Brahmaputra,BRAHMAPUTRA,BRAHMAPUTRA,BRAMAPUTRA,Dhansiri,26.23000000,94.26083333,16-03-2025 01:00,0.5
1302,Doyang Hep Reservoir,CWC,13,Nagaland,250,WOKHA,WOKHA,-,-,Dhansiri,Brahmaputra,BRAHMAPUTRA,BRAHMAPUTRA,BRAMAPUTRA,Dhansiri,26.23000000,94.26083333,17-03-2025 00:00,0.5
1303,Doyang Hep Reservoir,CWC,13,Nagaland,250,WOKHA,WOKHA,-,-,Dhansiri,Brahmaputra,BRAHMAPUTRA,BRAHMAPUTRA,BRAMAPUTRA,Dhansiri,26.23000000,94.26083333,17-03-2025 01:00,0.5
1304,Doyang Hep Reservoir,CWC,13,Nagaland,250,WOKHA,WOKHA,-,-,Dhansiri,Brahmaputra,BRAHMAPUTRA,BRAHMAPUTRA,BRAMAPUTRA,Dhansiri,26.23000000,94.26083333,23-03-2025 04:00,0.5
1305,Doyang Hep Reservoir,CWC,13,Nagaland,250,WOKHA,WOKHA,-,-,Dhansiri,Brahmaputra,BRAHMAPUTRA,BRAHMAPUTRA,BRAMAPUTRA,Dhansiri,26.23000000,94.26083333,27-03-2025 08:00,0.5
1306,Doyang Hep Reservoir,CWC,13,Nagaland,250,WOKHA,WOKHA,-,-,Dhansiri,Brahmaputra,BRAHMAPUTRA,BRAHMAPUTRA,BRAMAPUTRA,Dhansiri,26.23000000,94.26083333,02-05-2025 01:00,168.5
1307,Doyang Hep Reservoir,CWC,13,Nagaland,250,WOKHA,WOKHA,-,-,Dhansiri,Brahmaputra,BRAHMAPUTRA,BRAHMAPUTRA,BRAMAPUTRA,Dhansiri,26.23000000,94.26083333,02-05-2025 06:00,0.5
1308,Doyang Hep Reservoir,CWC,13,Nagaland,250,WOKHA,WOKHA,-,-,Dhansiri,Brahmaputra,BRAHMAPUTRA,BRAHMAPUTRA,BRAMAPUTRA,Dhansiri,26.23000000,94.26083333,07-05-2025 03:00,0.5
1309,Doyang Hep Reservoir,CWC,13,Nagaland,250,WOKHA,WOKHA,-,-,Dhansiri,Brahmaputra,BRAHMAPUTRA,BRAHMAPUTRA,BRAMAPUTRA,Dhansiri,26.23000000,94.26083333,07-05-2025 05:00,0.5
1310,Doyang Hep Reservoir,CWC,13,Nagaland,250,WOKHA,WOKHA,-,-,Dhansiri,Brahmaputra,BRAHMAPUTRA,BRAHMAPUTRA,BRAMAPUTRA,Dhansiri,26.23000000,94.26083333,07-05-2025 08:00,0.5
1311,Doyang Hep Reservoir,CWC,13,Nagaland,250,WOKHA,WOKHA,-,-,Dhansiri,Brahmaputra,BRAHMAPUTRA,BRAHMAPUTRA,BRAMAPUTRA,Dhansiri,26.23000000,94.26083333,08-05-2025 05:00,0.5
1312,Doyang Hep Reservoir,CWC,13,Nagaland,250,WOKHA,WOKHA,-,-,Dhansiri,Brahmaputra,BRAHMAPUTRA,BRAHMAPUTRA,BRAMAPUTRA,Dhansiri,26.23000000,94.26083333,08-05-2025 07:00,0.5
1313,Doyang Hep Reservoir,CWC,13,Nagaland,250,WOKHA,WOKHA,-,-,Dhansiri,Brahmaputra,BRAHMAPUTRA,BRAHMAPUTRA,BRAMAPUTRA,Dhansiri,26.23000000,94.26083333,09-05-2025 03:00,0.5
1314,Doyang Hep Reservoir,CWC,13,Nagaland,250,WOKHA,WOKHA,-,-,Dhansiri,Brahmaputra,BRAHMAPUTRA,BRAHMAPUTRA,BRAMAPUTRA,Dhansiri,26.23000000,94.26083333,09-05-2025 05:00,0.5
1315,Doyang Hep Reservoir,CWC,13,Nagaland,250,WOKHA,WOKHA,-,-,Dhansiri,Brahmaputra,BRAHMAPUTRA,BRAHMAPUTRA,BRAMAPUTRA,Dhansiri,26.23000000,94.26083333,09-05-2025 08:00,0.5
1316,Doyang Hep Reservoir,CWC,13,Nagaland,250,WOKHA,WOKHA,-,-,Dhansiri,Brahmaputra,BRAHMAPUTRA,BRAHMAPUTRA,BRAMAPUTRA,Dhansiri,26.23000000,94.26083333,10-05-2025 06:00,0.5
1317,Doyang Hep Reservoir,CWC,13,Nagaland,250,WOKHA,WOKHA,-,-,Dhansiri,Brahmaputra,BRAHMAPUTRA,BRAHMAPUTRA,BRAMAPUTRA,Dhansiri,26.23000000,94.26083333,10-05-2025 08:00,0.5
1318,Doyang Hep Reservoir,CWC,13,Nagaland,250,WOKHA,WOKHA,-,-,Dhansiri,Brahmaputra,BRAHMAPUTRA,BRAHMAPUTRA,BRAMAPUTRA,Dhansiri,26.23000000,94.26083333,14-05-2025 01:00,0.5
1319,Doyang Hep Reservoir,CWC,13,Nagaland,250,WOKHA,WOKHA,-,-,Dhansiri,Brahmaputra,BRAHMAPUTRA,BRAHMAPUTRA,BRAMAPUTRA,Dhansiri,26.23000000,94.26083333,16-05-2025 09:00,0.5
1320,Doyang Hep Reservoir,CWC,13,Nagaland,250,WOKHA,WOKHA,-,-,Dhansiri,Brahmaputra,BRAHMAPUTRA,BRAHMAPUTRA,BRAMAPUTRA,Dhansiri,26.23000000,94.26083333,17-05-2025 02:00,0.5
1321,Doyang Hep Reservoir,CWC,13,Nagaland,250,WOKHA,WOKHA,-,-,Dhansiri,Brahmaputra,BRAHMAPUTRA,BRAHMAPUTRA,BRAMAPUTRA,Dhansiri,26.23000000,94.26083333,30-07-2025 02:00,1.5
1322,Doyang Hep Reservoir,CWC,13,Nagaland,250,WOKHA,WOKHA,-,-,Dhansiri,Brahmaputra,BRAHMAPUTRA,BRAHMAPUTRA,BRAMAPUTRA,Dhansiri,26.23000000,94.26083333,04-09-2025 03:00,0.5
1323,Doyang Hep Reservoir,CWC,13,Nagaland,250,WOKHA,WOKHA,-,-,Dhansiri,Brahmaputra,BRAHMAPUTRA,BRAHMAPUTRA,BRAMAPUTRA,Dhansiri,26.23000000,94.26083333,04-09-2025 09:00,0.5
1324,Doyang Hep Reservoir,CWC,13,Nagaland,250,WOKHA,WOKHA,-,-,Dhansiri,Brahmaputra,BRAHMAPUTRA,BRAHMAPUTRA,BRAMAPUTRA,Dhansiri,26.23000000,94.26083333,04-09-2025 10:00,1.5
1325,Doyang Hep Reservoir,CWC,13,Nagaland,250,WOKHA,WOKHA,-,-,Dhansiri,Brahmaputra,BRAHMAPUTRA,BRAHMAPUTRA,BRAMAPUTRA,Dhansiri,26.23000000,94.26083333,05-09-2025 03:00,0.5
1326,Doyang Hep Reservoir,CWC,13,Nagaland,250,WOKHA,WOKHA,-,-,Dhansiri,Brahmaputra,BRAHMAPUTRA,BRAHMAPUTRA,BRAMAPUTRA,Dhansiri,26.23000000,94.26083333,17-09-2025 04:00,0.5
1327,Doyang Hep Reservoir,CWC,13,Nagaland,250,WOKHA,WOKHA,-,-,Dhansiri,Brahmaputra,BRAHMAPUTRA,BRAHMAPUTRA,BRAMAPUTRA,Dhansiri,26.23000000,94.26083333,18-09-2025 07:00,0.5
1328,Doyang Hep Reservoir,CWC,13,Nagaland,250,WOKHA,WOKHA,-,-,Dhansiri,Brahmaputra,BRAHMAPUTRA,BRAHMAPUTRA,BRAMAPUTRA,Dhansiri,26.23000000,94.26083333,22-09-2025 08:00,0.5
1329,Doyang Hep Reservoir,CWC,13,Nagaland,250,WOKHA,WOKHA,-,-,Dhansiri,Brahmaputra,BRAHMAPUTRA,BRAHMAPUTRA,BRAMAPUTRA,Dhansiri,26.23000000,94.26083333,08-11-2025 05:00,1.5
1330,Doyang Hep Reservoir,CWC,13,Nagaland,250,WOKHA,WOKHA,-,-,Dhansiri,Brahmaputra,BRAHMAPUTRA,BRAHMAPUTRA,BRAMAPUTRA,Dhansiri,26.23000000,94.26083333,08-11-2025 06:00,44.5
1331,Doyang Hep Reservoir,CWC,13,Nagaland,250,WOKHA,WOKHA,-,-,Dhansiri,Brahmaputra,BRAHMAPUTRA,BRAHMAPUTRA,BRAMAPUTRA,Dhansiri,26.23000000,94.26083333,08-11-2025 08:00,3.5
1332,Doyang Hep Reservoir,CWC,13,Nagaland,250,WOKHA,WOKHA,-,-,Dhansiri,Brahmaputra,BRAHMAPUTRA,BRAHMAPUTRA,BRAMAPUTRA,Dhansiri,26.23000000,94.26083333,10-11-2025 02:00,8.5
1333,Doyang Hep Reservoir,CWC,13,Nagaland,250,WOKHA,WOKHA,-,-,Dhansiri,Brahmaputra,BRAHMAPUTRA,BRAHMAPUTRA,BRAMAPUTRA,Dhansiri,26.23000000,94.26083333,10-11-2025 03:00,147.5
1334,Doyang Hep Reservoir,CWC,13,Nagaland,250,WOKHA,WOKHA,-,-,Dhansiri,Brahmaputra,BRAHMAPUTRA,BRAHMAPUTRA,BRAMAPUTRA,Dhansiri,26.23000000,94.26083333,10-11-2025 04:00,332
1335,Doyang Hep Reservoir,CWC,13,Nagaland,250,WOKHA,WOKHA,-,-,Dhansiri,Brahmaputra,BRAHMAPUTRA,BRAHMAPUTRA,BRAMAPUTRA,Dhansiri,26.23000000,94.26083333,10-11-2025 05:00,71
1336,Doyang Hep Reservoir,CWC,13,Nagaland,250,WOKHA,WOKHA,-,-,Dhansiri,Brahmaputra,BRAHMAPUTRA,BRAHMAPUTRA,BRAMAPUTRA,Dhansiri,26.23000000,94.26083333,18-11-2025 04:00,4.5
1337,Doyang Hep Reservoir,CWC,13,Nagaland,250,WOKHA,WOKHA,-,-,Dhansiri,Brahmaputra,BRAHMAPUTRA,BRAHMAPUTRA,BRAMAPUTRA,Dhansiri,26.23000000,94.26083333,18-11-2025 05:00,85.5
1338,Doyang Hep Reservoir,CWC,13,Nagaland,250,WOKHA,WOKHA,-,-,Dhansiri,Brahmaputra,BRAHMAPUTRA,BRAHMAPUTRA,BRAMAPUTRA,Dhansiri,26.23000000,94.26083333,20-11-2025 08:00,251.5
1339,Doyang Hep Reservoir,CWC,13,Nagaland,250,WOKHA,WOKHA,-,-,Dhansiri,Brahmaputra,BRAHMAPUTRA,BRAHMAPUTRA,BRAMAPUTRA,Dhansiri,26.23000000,94.26083333,21-11-2025 04:00,23
1340,Doyang Hep Reservoir,CWC,13,Nagaland,250,WOKHA,WOKHA,-,-,Dhansiri,Brahmaputra,BRAHMAPUTRA,BRAHMAPUTRA,BRAMAPUTRA,Dhansiri,26.23000000,94.26083333,22-11-2025 03:00,7
1341,Doyang Hep Reservoir,CWC,13,Nagaland,250,WOKHA,WOKHA,-,-,Dhansiri,Brahmaputra,BRAHMAPUTRA,BRAHMAPUTRA,BRAMAPUTRA,Dhansiri,26.23000000,94.26083333,22-11-2025 04:00,97.5
1342,Doyang Hep Reservoir,CWC,13,Nagaland,250,WOKHA,WOKHA,-,-,Dhansiri,Brahmaputra,BRAHMAPUTRA,BRAHMAPUTRA,BRAMAPUTRA,Dhansiri,26.23000000,94.26083333,22-11-2025 05:00,141
1343,Doyang Hep Reservoir,CWC,13,Nagaland,250,WOKHA,WOKHA,-,-,Dhansiri,Brahmaputra,BRAHMAPUTRA,BRAHMAPUTRA,BRAMAPUTRA,Dhansiri,26.23000000,94.26083333,22-11-2025 06:00,49.5
1344,Doyang Hep Reservoir,CWC,13,Nagaland,250,WOKHA,WOKHA,-,-,Dhansiri,Brahmaputra,BRAHMAPUTRA,BRAHMAPUTRA,BRAMAPUTRA,Dhansiri,26.23000000,94.26083333,22-11-2025 07:00,186
1345,Doyang Hep Reservoir,CWC,13,Nagaland,250,WOKHA,WOKHA,-,-,Dhansiri,Brahmaputra,BRAHMAPUTRA,BRAHMAPUTRA,BRAMAPUTRA,Dhansiri,26.23000000,94.26083333,01-12-2025 07:00,30.5
1346,Doyang Hep Reservoir,CWC,13,Nagaland,250,WOKHA,WOKHA,-,-,Dhansiri,Brahmaputra,BRAHMAPUTRA,BRAHMAPUTRA,BRAMAPUTRA,Dhansiri,26.23000000,94.26083333,01-12-2025 08:00,18.5
1347,Doyang Hep Reservoir,CWC,13,Nagaland,250,WOKHA,WOKHA,-,-,Dhansiri,Brahmaputra,BRAHMAPUTRA,BRAHMAPUTRA,BRAMAPUTRA,Dhansiri,26.23000000,94.26083333,02-12-2025 02:00,198.5
1348,Doyang Hep Reservoir,CWC,13,Nagaland,250,WOKHA,WOKHA,-,-,Dhansiri,Brahmaputra,BRAHMAPUTRA,BRAHMAPUTRA,BRAMAPUTRA,Dhansiri,26.23000000,94.26083333,02-12-2025 03:00,10.5
1349,Doyang Hep Reservoir,CWC,13,Nagaland,250,WOKHA,WOKHA,-,-,Dhansiri,Brahmaputra,BRAHMAPUTRA,BRAHMAPUTRA,BRAMAPUTRA,Dhansiri,26.23000000,94.26083333,02-12-2025 05:00,1
1350,Doyang Hep Reservoir,CWC,13,Nagaland,250,WOKHA,WOKHA,-,-,Dhansiri,Brahmaputra,BRAHMAPUTRA,BRAHMAPUTRA,BRAMAPUTRA,Dhansiri,26.23000000,94.26083333,02-12-2025 07:00,10
1351,Doyang Hep Reservoir,CWC,13,Nagaland,250,WOKHA,WOKHA,-,-,Dhansiri,Brahmaputra,BRAHMAPUTRA,BRAHMAPUTRA,BRAMAPUTRA,Dhansiri,26.23000000,94.26083333,02-12-2025 08:00,70.5
1352,Doyang Hep Reservoir,CWC,13,Nagaland,250,WOKHA,WOKHA,-,-,Dhansiri,Brahmaputra,BRAHMAPUTRA,BRAHMAPUTRA,BRAMAPUTRA,Dhansiri,26.23000000,94.26083333,05-12-2025 04:00,479.5
1353,Doyang Hep Reservoir,CWC,13,Nagaland,250,WOKHA,WOKHA,-,-,Dhansiri,Brahmaputra,BRAHMAPUTRA,BRAHMAPUTRA,BRAMAPUTRA,Dhansiri,26.23000000,94.26083333,05-12-2025 05:00,53
1354,Doyang Hep Reservoir,CWC,13,Nagaland,250,WOKHA,WOKHA,-,-,Dhansiri,Brahmaputra,BRAHMAPUTRA,BRAHMAPUTRA,BRAMAPUTRA,Dhansiri,26.23000000,94.26083333,05-12-2025 08:00,5
1355,Doyang Hep Reservoir,CWC,13,Nagaland,250,WOKHA,WOKHA,-,-,Dhansiri,Brahmaputra,BRAHMAPUTRA,BRAHMAPUTRA,BRAMAPUTRA,Dhansiri,26.23000000,94.26083333,06-12-2025 07:00,409.5
1356,Doyang Hep Reservoir,CWC,13,Nagaland,250,WOKHA,WOKHA,-,-,Dhansiri,Brahmaputra,BRAHMAPUTRA,BRAHMAPUTRA,BRAMAPUTRA,Dhansiri,26.23000000,94.26083333,06-12-2025 08:00,60.5
1357,Doyang Hep Reservoir,CWC,13,Nagaland,250,WOKHA,WOKHA,-,-,Dhansiri,Brahmaputra,BRAHMAPUTRA,BRAHMAPUTRA,BRAMAPUTRA,Dhansiri,26.23000000,94.26083333,08-12-2025 01:00,15
1358,Doyang Hep Reservoir,CWC,13,Nagaland,250,WOKHA,WOKHA,-,-,Dhansiri,Brahmaputra,BRAHMAPUTRA,BRAHMAPUTRA,BRAMAPUTRA,Dhansiri,26.23000000,94.26083333,16-12-2025 01:00,368.5
1359,Doyang Hep Reservoir,CWC,13,Nagaland,250,WOKHA,WOKHA,-,-,Dhansiri,Brahmaputra,BRAHMAPUTRA,BRAHMAPUTRA,BRAMAPUTRA,Dhansiri,26.23000000,94.26083333,16-12-2025 02:00,202
1360,Doyang Hep Reservoir,CWC,13,Nagaland,250,WOKHA,WOKHA,-,-,Dhansiri,Brahmaputra,BRAHMAPUTRA,BRAHMAPUTRA,BRAMAPUTRA,Dhansiri,26.23000000,94.26083333,17-12-2025 01:00,2
1361,Doyang Hep Reservoir,CWC,13,Nagaland,250,WOKHA,WOKHA,-,-,Dhansiri,Brahmaputra,BRAHMAPUTRA,BRAHMAPUTRA,BRAMAPUTRA,Dhansiri,26.23000000,94.26083333,17-12-2025 07:00,64.5
1362,Doyang Hep Reservoir,CWC,13,Nagaland,250,WOKHA,WOKHA,-,-,Dhansiri,Brahmaputra,BRAHMAPUTRA,BRAHMAPUTRA,BRAMAPUTRA,Dhansiri,26.23000000,94.26083333,19-12-2025 09:00,1
1363,Doyang Hep Reservoir,CWC,13,Nagaland,250,WOKHA,WOKHA,-,-,Dhansiri,Brahmaputra,BRAHMAPUTRA,BRAHMAPUTRA,BRAMAPUTRA,Dhansiri,26.23000000,94.26083333,20-12-2025 03:00,14.5
1364,Doyang Hep Reservoir,CWC,13,Nagaland,250,WOKHA,WOKHA,-,-,Dhansiri,Brahmaputra,BRAHMAPUTRA,BRAHMAPUTRA,BRAMAPUTRA,Dhansiri,26.23000000,94.26083333,20-12-2025 04:00,20
1365,Doyang Hep Reservoir,CWC,13,Nagaland,250,WOKHA,WOKHA,-,-,Dhansiri,Brahmaputra,BRAHMAPUTRA,BRAHMAPUTRA,BRAMAPUTRA,Dhansiri,26.23000000,94.26083333,20-12-2025 05:00,7
1366,Doyang Hep Reservoir,CWC,13,Nagaland,250,WOKHA,WOKHA,-,-,Dhansiri,Brahmaputra,BRAHMAPUTRA,BRAHMAPUTRA,BRAMAPUTRA,Dhansiri,26.23000000,94.26083333,20-12-2025 06:00,4
1367,Doyang Hep Reservoir,CWC,13,Nagaland,250,WOKHA,WOKHA,-,-,Dhansiri,Brahmaputra,BRAHMAPUTRA,BRAHMAPUTRA,BRAMAPUTRA,Dhansiri,26.23000000,94.26083333,20-12-2025 07:00,1
1368,Doyang Hep Reservoir,CWC,13,Nagaland,250,WOKHA,WOKHA,-,-,Dhansiri,Brahmaputra,BRAHMAPUTRA,BRAHMAPUTRA,BRAMAPUTRA,Dhansiri,26.23000000,94.26083333,20-12-2025 08:00,221
