SlNo,Station,Agency,State LGD Code,State,District LGD Code,District,Tehsil,Block,Village,River,Basin,Tributary,Subtributary,SubSubtributary,Local River,Latitude,Longitude,Data Acquisition Time,Telemetry Hourly Rainfall (mm)
1,Dhadgaon,NCA,27,Maharashtra,486,Nandurbar,Dhadgaon,-,-,Narmada,Narmada,-,-,-,-,21.82000000,74.22000000,12-10-2021 16:00,3.5
2,Dhadgaon,NCA,27,Maharashtra,486,Nandurbar,Dhadgaon,-,-,Narmada,Narmada,-,-,-,-,21.82000000,74.22000000,17-10-2021 03:00,0.5
3,Dhadgaon,NCA,27,Maharashtra,486,Nandurbar,Dhadgaon,-,-,Narmada,Narmada,-,-,-,-,21.82000000,74.22000000,18-10-2021 01:00,7.5
4,Dhadgaon,NCA,27,Maharashtra,486,Nandurbar,Dhadgaon,-,-,Narmada,Narmada,-,-,-,-,21.82000000,74.22000000,18-10-2021 02:00,1.5
5,Dhadgaon,NCA,27,Maharashtra,486,Nandurbar,Dhadgaon,-,-,Narmada,Narmada,-,-,-,-,21.82000000,74.22000000,11-06-2022 14:00,1.5
6,Dhadgaon,NCA,27,Maharashtra,486,Nandurbar,Dhadgaon,-,-,Narmada,Narmada,-,-,-,-,21.82000000,74.22000000,11-06-2022 14:00,1.5
7,Dhadgaon,NCA,27,Maharashtra,486,Nandurbar,Dhadgaon,-,-,Narmada,Narmada,-,-,-,-,21.82000000,74.22000000,11-06-2022 15:00,0.5
8,Dhadgaon,NCA,27,Maharashtra,486,Nandurbar,Dhadgaon,-,-,Narmada,Narmada,-,-,-,-,21.82000000,74.22000000,11-06-2022 15:00,0.5
9,Dhadgaon,NCA,27,Maharashtra,486,Nandurbar,Dhadgaon,-,-,Narmada,Narmada,-,-,-,-,21.82000000,74.22000000,11-06-2022 21:00,0.5
10,Dhadgaon,NCA,27,Maharashtra,486,Nandurbar,Dhadgaon,-,-,Narmada,Narmada,-,-,-,-,21.82000000,74.22000000,11-06-2022 21:00,0.5
11,Dhadgaon,NCA,27,Maharashtra,486,Nandurbar,Dhadgaon,-,-,Narmada,Narmada,-,-,-,-,21.82000000,74.22000000,11-06-2022 22:00,0.5
12,Dhadgaon,NCA,27,Maharashtra,486,Nandurbar,Dhadgaon,-,-,Narmada,Narmada,-,-,-,-,21.82000000,74.22000000,11-06-2022 22:00,0.5
13,Dhadgaon,NCA,27,Maharashtra,486,Nandurbar,Dhadgaon,-,-,Narmada,Narmada,-,-,-,-,21.82000000,74.22000000,11-06-2022 23:00,0.5
14,Dhadgaon,NCA,27,Maharashtra,486,Nandurbar,Dhadgaon,-,-,Narmada,Narmada,-,-,-,-,21.82000000,74.22000000,11-06-2022 23:00,0.5
15,Dhadgaon,NCA,27,Maharashtra,486,Nandurbar,Dhadgaon,-,-,Narmada,Narmada,-,-,-,-,21.82000000,74.22000000,12-06-2022 06:00,0.5
16,Dhadgaon,NCA,27,Maharashtra,486,Nandurbar,Dhadgaon,-,-,Narmada,Narmada,-,-,-,-,21.82000000,74.22000000,12-06-2022 21:00,1
17,Dhadgaon,NCA,27,Maharashtra,486,Nandurbar,Dhadgaon,-,-,Narmada,Narmada,-,-,-,-,21.82000000,74.22000000,16-06-2022 15:00,0.5
18,Dhadgaon,NCA,27,Maharashtra,486,Nandurbar,Dhadgaon,-,-,Narmada,Narmada,-,-,-,-,21.82000000,74.22000000,16-06-2022 16:00,1.5
19,Dhadgaon,NCA,27,Maharashtra,486,Nandurbar,Dhadgaon,-,-,Narmada,Narmada,-,-,-,-,21.82000000,74.22000000,16-06-2022 17:00,0.5
20,Dhadgaon,NCA,27,Maharashtra,486,Nandurbar,Dhadgaon,-,-,Narmada,Narmada,-,-,-,-,21.82000000,74.22000000,19-06-2022 13:00,0.5
21,Dhadgaon,NCA,27,Maharashtra,486,Nandurbar,Dhadgaon,-,-,Narmada,Narmada,-,-,-,-,21.82000000,74.22000000,19-06-2022 15:00,0.5
22,Dhadgaon,NCA,27,Maharashtra,486,Nandurbar,Dhadgaon,-,-,Narmada,Narmada,-,-,-,-,21.82000000,74.22000000,20-06-2022 13:00,0.5
23,Dhadgaon,NCA,27,Maharashtra,486,Nandurbar,Dhadgaon,-,-,Narmada,Narmada,-,-,-,-,21.82000000,74.22000000,20-06-2022 14:00,0.5
24,Dhadgaon,NCA,27,Maharashtra,486,Nandurbar,Dhadgaon,-,-,Narmada,Narmada,-,-,-,-,21.82000000,74.22000000,20-06-2022 15:00,0.5
25,Dhadgaon,NCA,27,Maharashtra,486,Nandurbar,Dhadgaon,-,-,Narmada,Narmada,-,-,-,-,21.82000000,74.22000000,21-06-2022 07:00,0.5
26,Dhadgaon,NCA,27,Maharashtra,486,Nandurbar,Dhadgaon,-,-,Narmada,Narmada,-,-,-,-,21.82000000,74.22000000,21-06-2022 11:00,0.5
27,Dhadgaon,NCA,27,Maharashtra,486,Nandurbar,Dhadgaon,-,-,Narmada,Narmada,-,-,-,-,21.82000000,74.22000000,22-06-2022 14:00,0.5
28,Dhadgaon,NCA,27,Maharashtra,486,Nandurbar,Dhadgaon,-,-,Narmada,Narmada,-,-,-,-,21.82000000,74.22000000,22-06-2022 15:00,1
29,Dhadgaon,NCA,27,Maharashtra,486,Nandurbar,Dhadgaon,-,-,Narmada,Narmada,-,-,-,-,21.82000000,74.22000000,22-06-2022 16:00,1
30,Dhadgaon,NCA,27,Maharashtra,486,Nandurbar,Dhadgaon,-,-,Narmada,Narmada,-,-,-,-,21.82000000,74.22000000,23-06-2022 01:00,0.5
31,Dhadgaon,NCA,27,Maharashtra,486,Nandurbar,Dhadgaon,-,-,Narmada,Narmada,-,-,-,-,21.82000000,74.22000000,24-06-2022 14:00,1
32,Dhadgaon,NCA,27,Maharashtra,486,Nandurbar,Dhadgaon,-,-,Narmada,Narmada,-,-,-,-,21.82000000,74.22000000,24-06-2022 15:00,0.5
33,Dhadgaon,NCA,27,Maharashtra,486,Nandurbar,Dhadgaon,-,-,Narmada,Narmada,-,-,-,-,21.82000000,74.22000000,24-06-2022 16:00,0.5
34,Dhadgaon,NCA,27,Maharashtra,486,Nandurbar,Dhadgaon,-,-,Narmada,Narmada,-,-,-,-,21.82000000,74.22000000,24-06-2022 17:00,0.5
35,Dhadgaon,NCA,27,Maharashtra,486,Nandurbar,Dhadgaon,-,-,Narmada,Narmada,-,-,-,-,21.82000000,74.22000000,26-06-2022 15:00,0.5
36,Dhadgaon,NCA,27,Maharashtra,486,Nandurbar,Dhadgaon,-,-,Narmada,Narmada,-,-,-,-,21.82000000,74.22000000,26-06-2022 16:00,0.5
37,Dhadgaon,NCA,27,Maharashtra,486,Nandurbar,Dhadgaon,-,-,Narmada,Narmada,-,-,-,-,21.82000000,74.22000000,27-06-2022 06:00,0.5
38,Dhadgaon,NCA,27,Maharashtra,486,Nandurbar,Dhadgaon,-,-,Narmada,Narmada,-,-,-,-,21.82000000,74.22000000,28-06-2022 06:00,0.5
39,Dhadgaon,NCA,27,Maharashtra,486,Nandurbar,Dhadgaon,-,-,Narmada,Narmada,-,-,-,-,21.82000000,74.22000000,30-06-2022 10:00,1
40,Dhadgaon,NCA,27,Maharashtra,486,Nandurbar,Dhadgaon,-,-,Narmada,Narmada,-,-,-,-,21.82000000,74.22000000,01-07-2022 05:00,1
41,Dhadgaon,NCA,27,Maharashtra,486,Nandurbar,Dhadgaon,-,-,Narmada,Narmada,-,-,-,-,21.82000000,74.22000000,01-07-2022 06:00,0.5
42,Dhadgaon,NCA,27,Maharashtra,486,Nandurbar,Dhadgaon,-,-,Narmada,Narmada,-,-,-,-,21.82000000,74.22000000,01-07-2022 07:00,0.5
43,Dhadgaon,NCA,27,Maharashtra,486,Nandurbar,Dhadgaon,-,-,Narmada,Narmada,-,-,-,-,21.82000000,74.22000000,02-07-2022 18:00,0.5
44,Dhadgaon,NCA,27,Maharashtra,486,Nandurbar,Dhadgaon,-,-,Narmada,Narmada,-,-,-,-,21.82000000,74.22000000,03-07-2022 13:00,0.5
45,Dhadgaon,NCA,27,Maharashtra,486,Nandurbar,Dhadgaon,-,-,Narmada,Narmada,-,-,-,-,21.82000000,74.22000000,03-07-2022 14:00,0.5
46,Dhadgaon,NCA,27,Maharashtra,486,Nandurbar,Dhadgaon,-,-,Narmada,Narmada,-,-,-,-,21.82000000,74.22000000,04-07-2022 17:00,0.5
47,Dhadgaon,NCA,27,Maharashtra,486,Nandurbar,Dhadgaon,-,-,Narmada,Narmada,-,-,-,-,21.82000000,74.22000000,04-07-2022 18:00,0.5
48,Dhadgaon,NCA,27,Maharashtra,486,Nandurbar,Dhadgaon,-,-,Narmada,Narmada,-,-,-,-,21.82000000,74.22000000,04-07-2022 20:00,0.5
49,Dhadgaon,NCA,27,Maharashtra,486,Nandurbar,Dhadgaon,-,-,Narmada,Narmada,-,-,-,-,21.82000000,74.22000000,05-07-2022 09:00,0.5
50,Dhadgaon,NCA,27,Maharashtra,486,Nandurbar,Dhadgaon,-,-,Narmada,Narmada,-,-,-,-,21.82000000,74.22000000,05-07-2022 14:00,0.5
51,Dhadgaon,NCA,27,Maharashtra,486,Nandurbar,Dhadgaon,-,-,Narmada,Narmada,-,-,-,-,21.82000000,74.22000000,05-07-2022 16:00,0.5
52,Dhadgaon,NCA,27,Maharashtra,486,Nandurbar,Dhadgaon,-,-,Narmada,Narmada,-,-,-,-,21.82000000,74.22000000,05-07-2022 18:00,0.5
53,Dhadgaon,NCA,27,Maharashtra,486,Nandurbar,Dhadgaon,-,-,Narmada,Narmada,-,-,-,-,21.82000000,74.22000000,05-07-2022 19:00,0.5
54,Dhadgaon,NCA,27,Maharashtra,486,Nandurbar,Dhadgaon,-,-,Narmada,Narmada,-,-,-,-,21.82000000,74.22000000,05-07-2022 22:00,0.5
55,Dhadgaon,NCA,27,Maharashtra,486,Nandurbar,Dhadgaon,-,-,Narmada,Narmada,-,-,-,-,21.82000000,74.22000000,07-07-2022 14:00,0.5
56,Dhadgaon,NCA,27,Maharashtra,486,Nandurbar,Dhadgaon,-,-,Narmada,Narmada,-,-,-,-,21.82000000,74.22000000,07-07-2022 15:00,0.5
57,Dhadgaon,NCA,27,Maharashtra,486,Nandurbar,Dhadgaon,-,-,Narmada,Narmada,-,-,-,-,21.82000000,74.22000000,08-07-2022 06:00,0.5
58,Dhadgaon,NCA,27,Maharashtra,486,Nandurbar,Dhadgaon,-,-,Narmada,Narmada,-,-,-,-,21.82000000,74.22000000,08-07-2022 08:00,0.5
59,Dhadgaon,NCA,27,Maharashtra,486,Nandurbar,Dhadgaon,-,-,Narmada,Narmada,-,-,-,-,21.82000000,74.22000000,08-07-2022 10:00,0.5
60,Dhadgaon,NCA,27,Maharashtra,486,Nandurbar,Dhadgaon,-,-,Narmada,Narmada,-,-,-,-,21.82000000,74.22000000,08-07-2022 11:00,0.5
61,Dhadgaon,NCA,27,Maharashtra,486,Nandurbar,Dhadgaon,-,-,Narmada,Narmada,-,-,-,-,21.82000000,74.22000000,08-07-2022 12:00,0.5
62,Dhadgaon,NCA,27,Maharashtra,486,Nandurbar,Dhadgaon,-,-,Narmada,Narmada,-,-,-,-,21.82000000,74.22000000,08-07-2022 14:00,0.5
63,Dhadgaon,NCA,27,Maharashtra,486,Nandurbar,Dhadgaon,-,-,Narmada,Narmada,-,-,-,-,21.82000000,74.22000000,08-07-2022 15:00,0.5
64,Dhadgaon,NCA,27,Maharashtra,486,Nandurbar,Dhadgaon,-,-,Narmada,Narmada,-,-,-,-,21.82000000,74.22000000,08-07-2022 17:00,0.5
65,Dhadgaon,NCA,27,Maharashtra,486,Nandurbar,Dhadgaon,-,-,Narmada,Narmada,-,-,-,-,21.82000000,74.22000000,08-07-2022 18:00,0.5
66,Dhadgaon,NCA,27,Maharashtra,486,Nandurbar,Dhadgaon,-,-,Narmada,Narmada,-,-,-,-,21.82000000,74.22000000,08-07-2022 20:00,0.5
67,Dhadgaon,NCA,27,Maharashtra,486,Nandurbar,Dhadgaon,-,-,Narmada,Narmada,-,-,-,-,21.82000000,74.22000000,08-07-2022 22:00,0.5
68,Dhadgaon,NCA,27,Maharashtra,486,Nandurbar,Dhadgaon,-,-,Narmada,Narmada,-,-,-,-,21.82000000,74.22000000,09-07-2022 01:00,0.5
69,Dhadgaon,NCA,27,Maharashtra,486,Nandurbar,Dhadgaon,-,-,Narmada,Narmada,-,-,-,-,21.82000000,74.22000000,09-07-2022 14:00,0.5
70,Dhadgaon,NCA,27,Maharashtra,486,Nandurbar,Dhadgaon,-,-,Narmada,Narmada,-,-,-,-,21.82000000,74.22000000,09-07-2022 22:00,0.5
71,Dhadgaon,NCA,27,Maharashtra,486,Nandurbar,Dhadgaon,-,-,Narmada,Narmada,-,-,-,-,21.82000000,74.22000000,10-07-2022 00:00,0.5
72,Dhadgaon,NCA,27,Maharashtra,486,Nandurbar,Dhadgaon,-,-,Narmada,Narmada,-,-,-,-,21.82000000,74.22000000,10-07-2022 08:00,0.5
73,Dhadgaon,NCA,27,Maharashtra,486,Nandurbar,Dhadgaon,-,-,Narmada,Narmada,-,-,-,-,21.82000000,74.22000000,10-07-2022 10:00,0.5
74,Dhadgaon,NCA,27,Maharashtra,486,Nandurbar,Dhadgaon,-,-,Narmada,Narmada,-,-,-,-,21.82000000,74.22000000,10-07-2022 10:00,0.5
75,Dhadgaon,NCA,27,Maharashtra,486,Nandurbar,Dhadgaon,-,-,Narmada,Narmada,-,-,-,-,21.82000000,74.22000000,10-07-2022 12:00,0.5
76,Dhadgaon,NCA,27,Maharashtra,486,Nandurbar,Dhadgaon,-,-,Narmada,Narmada,-,-,-,-,21.82000000,74.22000000,10-07-2022 12:00,0.5
77,Dhadgaon,NCA,27,Maharashtra,486,Nandurbar,Dhadgaon,-,-,Narmada,Narmada,-,-,-,-,21.82000000,74.22000000,10-07-2022 14:00,0.5
78,Dhadgaon,NCA,27,Maharashtra,486,Nandurbar,Dhadgaon,-,-,Narmada,Narmada,-,-,-,-,21.82000000,74.22000000,10-07-2022 14:00,0.5
79,Dhadgaon,NCA,27,Maharashtra,486,Nandurbar,Dhadgaon,-,-,Narmada,Narmada,-,-,-,-,21.82000000,74.22000000,10-07-2022 16:00,0.5
80,Dhadgaon,NCA,27,Maharashtra,486,Nandurbar,Dhadgaon,-,-,Narmada,Narmada,-,-,-,-,21.82000000,74.22000000,10-07-2022 16:00,0.5
81,Dhadgaon,NCA,27,Maharashtra,486,Nandurbar,Dhadgaon,-,-,Narmada,Narmada,-,-,-,-,21.82000000,74.22000000,10-07-2022 18:00,0.5
82,Dhadgaon,NCA,27,Maharashtra,486,Nandurbar,Dhadgaon,-,-,Narmada,Narmada,-,-,-,-,21.82000000,74.22000000,10-07-2022 18:00,0.5
83,Dhadgaon,NCA,27,Maharashtra,486,Nandurbar,Dhadgaon,-,-,Narmada,Narmada,-,-,-,-,21.82000000,74.22000000,10-07-2022 20:00,0.5
84,Dhadgaon,NCA,27,Maharashtra,486,Nandurbar,Dhadgaon,-,-,Narmada,Narmada,-,-,-,-,21.82000000,74.22000000,10-07-2022 20:00,0.5
85,Dhadgaon,NCA,27,Maharashtra,486,Nandurbar,Dhadgaon,-,-,Narmada,Narmada,-,-,-,-,21.82000000,74.22000000,10-07-2022 23:00,0.5
86,Dhadgaon,NCA,27,Maharashtra,486,Nandurbar,Dhadgaon,-,-,Narmada,Narmada,-,-,-,-,21.82000000,74.22000000,11-07-2022 01:00,0.5
87,Dhadgaon,NCA,27,Maharashtra,486,Nandurbar,Dhadgaon,-,-,Narmada,Narmada,-,-,-,-,21.82000000,74.22000000,11-07-2022 03:00,0.5
88,Dhadgaon,NCA,27,Maharashtra,486,Nandurbar,Dhadgaon,-,-,Narmada,Narmada,-,-,-,-,21.82000000,74.22000000,11-07-2022 05:00,0.5
89,Dhadgaon,NCA,27,Maharashtra,486,Nandurbar,Dhadgaon,-,-,Narmada,Narmada,-,-,-,-,21.82000000,74.22000000,11-07-2022 09:00,0.5
90,Dhadgaon,NCA,27,Maharashtra,486,Nandurbar,Dhadgaon,-,-,Narmada,Narmada,-,-,-,-,21.82000000,74.22000000,11-07-2022 09:00,0.5
91,Dhadgaon,NCA,27,Maharashtra,486,Nandurbar,Dhadgaon,-,-,Narmada,Narmada,-,-,-,-,21.82000000,74.22000000,11-07-2022 12:00,0.5
92,Dhadgaon,NCA,27,Maharashtra,486,Nandurbar,Dhadgaon,-,-,Narmada,Narmada,-,-,-,-,21.82000000,74.22000000,11-07-2022 12:00,0.5
93,Dhadgaon,NCA,27,Maharashtra,486,Nandurbar,Dhadgaon,-,-,Narmada,Narmada,-,-,-,-,21.82000000,74.22000000,11-07-2022 14:00,0.5
94,Dhadgaon,NCA,27,Maharashtra,486,Nandurbar,Dhadgaon,-,-,Narmada,Narmada,-,-,-,-,21.82000000,74.22000000,11-07-2022 14:00,0.5
95,Dhadgaon,NCA,27,Maharashtra,486,Nandurbar,Dhadgaon,-,-,Narmada,Narmada,-,-,-,-,21.82000000,74.22000000,11-07-2022 16:00,0.5
96,Dhadgaon,NCA,27,Maharashtra,486,Nandurbar,Dhadgaon,-,-,Narmada,Narmada,-,-,-,-,21.82000000,74.22000000,11-07-2022 16:00,0.5
97,Dhadgaon,NCA,27,Maharashtra,486,Nandurbar,Dhadgaon,-,-,Narmada,Narmada,-,-,-,-,21.82000000,74.22000000,11-07-2022 18:00,0.5
98,Dhadgaon,NCA,27,Maharashtra,486,Nandurbar,Dhadgaon,-,-,Narmada,Narmada,-,-,-,-,21.82000000,74.22000000,11-07-2022 18:00,0.5
99,Dhadgaon,NCA,27,Maharashtra,486,Nandurbar,Dhadgaon,-,-,Narmada,Narmada,-,-,-,-,21.82000000,74.22000000,11-07-2022 21:00,0.5
100,Dhadgaon,NCA,27,Maharashtra,486,Nandurbar,Dhadgaon,-,-,Narmada,Narmada,-,-,-,-,21.82000000,74.22000000,11-07-2022 21:00,0.5
101,Dhadgaon,NCA,27,Maharashtra,486,Nandurbar,Dhadgaon,-,-,Narmada,Narmada,-,-,-,-,21.82000000,74.22000000,12-07-2022 01:00,0.5
102,Dhadgaon,NCA,27,Maharashtra,486,Nandurbar,Dhadgaon,-,-,Narmada,Narmada,-,-,-,-,21.82000000,74.22000000,12-07-2022 06:00,0.5
103,Dhadgaon,NCA,27,Maharashtra,486,Nandurbar,Dhadgaon,-,-,Narmada,Narmada,-,-,-,-,21.82000000,74.22000000,12-07-2022 06:00,0.5
104,Dhadgaon,NCA,27,Maharashtra,486,Nandurbar,Dhadgaon,-,-,Narmada,Narmada,-,-,-,-,21.82000000,74.22000000,12-07-2022 10:00,0.5
105,Dhadgaon,NCA,27,Maharashtra,486,Nandurbar,Dhadgaon,-,-,Narmada,Narmada,-,-,-,-,21.82000000,74.22000000,12-07-2022 12:00,0.5
106,Dhadgaon,NCA,27,Maharashtra,486,Nandurbar,Dhadgaon,-,-,Narmada,Narmada,-,-,-,-,21.82000000,74.22000000,12-07-2022 12:00,0.5
107,Dhadgaon,NCA,27,Maharashtra,486,Nandurbar,Dhadgaon,-,-,Narmada,Narmada,-,-,-,-,21.82000000,74.22000000,12-07-2022 14:00,0.5
108,Dhadgaon,NCA,27,Maharashtra,486,Nandurbar,Dhadgaon,-,-,Narmada,Narmada,-,-,-,-,21.82000000,74.22000000,12-07-2022 14:00,0.5
109,Dhadgaon,NCA,27,Maharashtra,486,Nandurbar,Dhadgaon,-,-,Narmada,Narmada,-,-,-,-,21.82000000,74.22000000,12-07-2022 17:00,0.5
110,Dhadgaon,NCA,27,Maharashtra,486,Nandurbar,Dhadgaon,-,-,Narmada,Narmada,-,-,-,-,21.82000000,74.22000000,12-07-2022 17:00,0.5
111,Dhadgaon,NCA,27,Maharashtra,486,Nandurbar,Dhadgaon,-,-,Narmada,Narmada,-,-,-,-,21.82000000,74.22000000,12-07-2022 20:00,0.5
112,Dhadgaon,NCA,27,Maharashtra,486,Nandurbar,Dhadgaon,-,-,Narmada,Narmada,-,-,-,-,21.82000000,74.22000000,12-07-2022 23:00,0.5
113,Dhadgaon,NCA,27,Maharashtra,486,Nandurbar,Dhadgaon,-,-,Narmada,Narmada,-,-,-,-,21.82000000,74.22000000,12-07-2022 23:00,0.5
114,Dhadgaon,NCA,27,Maharashtra,486,Nandurbar,Dhadgaon,-,-,Narmada,Narmada,-,-,-,-,21.82000000,74.22000000,13-07-2022 06:00,0.5
115,Dhadgaon,NCA,27,Maharashtra,486,Nandurbar,Dhadgaon,-,-,Narmada,Narmada,-,-,-,-,21.82000000,74.22000000,13-07-2022 06:00,0.5
116,Dhadgaon,NCA,27,Maharashtra,486,Nandurbar,Dhadgaon,-,-,Narmada,Narmada,-,-,-,-,21.82000000,74.22000000,13-07-2022 17:00,0.5
117,Dhadgaon,NCA,27,Maharashtra,486,Nandurbar,Dhadgaon,-,-,Narmada,Narmada,-,-,-,-,21.82000000,74.22000000,14-07-2022 01:00,0.5
118,Dhadgaon,NCA,27,Maharashtra,486,Nandurbar,Dhadgaon,-,-,Narmada,Narmada,-,-,-,-,21.82000000,74.22000000,14-07-2022 01:00,0.5
119,Dhadgaon,NCA,27,Maharashtra,486,Nandurbar,Dhadgaon,-,-,Narmada,Narmada,-,-,-,-,21.82000000,74.22000000,14-07-2022 03:00,0.5
120,Dhadgaon,NCA,27,Maharashtra,486,Nandurbar,Dhadgaon,-,-,Narmada,Narmada,-,-,-,-,21.82000000,74.22000000,14-07-2022 03:00,0.5
121,Dhadgaon,NCA,27,Maharashtra,486,Nandurbar,Dhadgaon,-,-,Narmada,Narmada,-,-,-,-,21.82000000,74.22000000,14-07-2022 06:00,0.5
122,Dhadgaon,NCA,27,Maharashtra,486,Nandurbar,Dhadgaon,-,-,Narmada,Narmada,-,-,-,-,21.82000000,74.22000000,14-07-2022 08:00,0.5
123,Dhadgaon,NCA,27,Maharashtra,486,Nandurbar,Dhadgaon,-,-,Narmada,Narmada,-,-,-,-,21.82000000,74.22000000,14-07-2022 11:00,0.5
124,Dhadgaon,NCA,27,Maharashtra,486,Nandurbar,Dhadgaon,-,-,Narmada,Narmada,-,-,-,-,21.82000000,74.22000000,14-07-2022 11:00,0.5
125,Dhadgaon,NCA,27,Maharashtra,486,Nandurbar,Dhadgaon,-,-,Narmada,Narmada,-,-,-,-,21.82000000,74.22000000,14-07-2022 14:00,0.5
126,Dhadgaon,NCA,27,Maharashtra,486,Nandurbar,Dhadgaon,-,-,Narmada,Narmada,-,-,-,-,21.82000000,74.22000000,14-07-2022 17:00,0.5
127,Dhadgaon,NCA,27,Maharashtra,486,Nandurbar,Dhadgaon,-,-,Narmada,Narmada,-,-,-,-,21.82000000,74.22000000,14-07-2022 19:00,0.5
128,Dhadgaon,NCA,27,Maharashtra,486,Nandurbar,Dhadgaon,-,-,Narmada,Narmada,-,-,-,-,21.82000000,74.22000000,14-07-2022 19:00,0.5
129,Dhadgaon,NCA,27,Maharashtra,486,Nandurbar,Dhadgaon,-,-,Narmada,Narmada,-,-,-,-,21.82000000,74.22000000,14-07-2022 22:00,0.5
130,Dhadgaon,NCA,27,Maharashtra,486,Nandurbar,Dhadgaon,-,-,Narmada,Narmada,-,-,-,-,21.82000000,74.22000000,14-07-2022 22:00,0.5
131,Dhadgaon,NCA,27,Maharashtra,486,Nandurbar,Dhadgaon,-,-,Narmada,Narmada,-,-,-,-,21.82000000,74.22000000,15-07-2022 04:00,0.5
132,Dhadgaon,NCA,27,Maharashtra,486,Nandurbar,Dhadgaon,-,-,Narmada,Narmada,-,-,-,-,21.82000000,74.22000000,15-07-2022 06:00,0.5
133,Dhadgaon,NCA,27,Maharashtra,486,Nandurbar,Dhadgaon,-,-,Narmada,Narmada,-,-,-,-,21.82000000,74.22000000,15-07-2022 09:00,0.5
134,Dhadgaon,NCA,27,Maharashtra,486,Nandurbar,Dhadgaon,-,-,Narmada,Narmada,-,-,-,-,21.82000000,74.22000000,15-07-2022 12:00,0.5
135,Dhadgaon,NCA,27,Maharashtra,486,Nandurbar,Dhadgaon,-,-,Narmada,Narmada,-,-,-,-,21.82000000,74.22000000,15-07-2022 16:00,0.5
136,Dhadgaon,NCA,27,Maharashtra,486,Nandurbar,Dhadgaon,-,-,Narmada,Narmada,-,-,-,-,21.82000000,74.22000000,15-07-2022 19:00,0.5
137,Dhadgaon,NCA,27,Maharashtra,486,Nandurbar,Dhadgaon,-,-,Narmada,Narmada,-,-,-,-,21.82000000,74.22000000,15-07-2022 20:00,3
138,Dhadgaon,NCA,27,Maharashtra,486,Nandurbar,Dhadgaon,-,-,Narmada,Narmada,-,-,-,-,21.82000000,74.22000000,15-07-2022 23:00,0.5
139,Dhadgaon,NCA,27,Maharashtra,486,Nandurbar,Dhadgaon,-,-,Narmada,Narmada,-,-,-,-,21.82000000,74.22000000,16-07-2022 02:00,0.5
140,Dhadgaon,NCA,27,Maharashtra,486,Nandurbar,Dhadgaon,-,-,Narmada,Narmada,-,-,-,-,21.82000000,74.22000000,16-07-2022 05:00,0.5
141,Dhadgaon,NCA,27,Maharashtra,486,Nandurbar,Dhadgaon,-,-,Narmada,Narmada,-,-,-,-,21.82000000,74.22000000,16-07-2022 14:00,0.5
142,Dhadgaon,NCA,27,Maharashtra,486,Nandurbar,Dhadgaon,-,-,Narmada,Narmada,-,-,-,-,21.82000000,74.22000000,17-07-2022 07:00,0.5
143,Dhadgaon,NCA,27,Maharashtra,486,Nandurbar,Dhadgaon,-,-,Narmada,Narmada,-,-,-,-,21.82000000,74.22000000,17-07-2022 15:00,0.5
144,Dhadgaon,NCA,27,Maharashtra,486,Nandurbar,Dhadgaon,-,-,Narmada,Narmada,-,-,-,-,21.82000000,74.22000000,18-07-2022 03:00,0.5
145,Dhadgaon,NCA,27,Maharashtra,486,Nandurbar,Dhadgaon,-,-,Narmada,Narmada,-,-,-,-,21.82000000,74.22000000,18-07-2022 11:00,0.5
146,Dhadgaon,NCA,27,Maharashtra,486,Nandurbar,Dhadgaon,-,-,Narmada,Narmada,-,-,-,-,21.82000000,74.22000000,18-07-2022 14:00,0.5
147,Dhadgaon,NCA,27,Maharashtra,486,Nandurbar,Dhadgaon,-,-,Narmada,Narmada,-,-,-,-,21.82000000,74.22000000,18-07-2022 17:00,0.5
148,Dhadgaon,NCA,27,Maharashtra,486,Nandurbar,Dhadgaon,-,-,Narmada,Narmada,-,-,-,-,21.82000000,74.22000000,18-07-2022 20:00,0.5
149,Dhadgaon,NCA,27,Maharashtra,486,Nandurbar,Dhadgaon,-,-,Narmada,Narmada,-,-,-,-,21.82000000,74.22000000,19-07-2022 10:00,0.5
150,Dhadgaon,NCA,27,Maharashtra,486,Nandurbar,Dhadgaon,-,-,Narmada,Narmada,-,-,-,-,21.82000000,74.22000000,19-07-2022 15:00,0.5
151,Dhadgaon,NCA,27,Maharashtra,486,Nandurbar,Dhadgaon,-,-,Narmada,Narmada,-,-,-,-,21.82000000,74.22000000,20-07-2022 01:00,0.5
152,Dhadgaon,NCA,27,Maharashtra,486,Nandurbar,Dhadgaon,-,-,Narmada,Narmada,-,-,-,-,21.82000000,74.22000000,20-07-2022 12:00,15
153,Dhadgaon,NCA,27,Maharashtra,486,Nandurbar,Dhadgaon,-,-,Narmada,Narmada,-,-,-,-,21.82000000,74.22000000,20-07-2022 15:00,17
154,Dhadgaon,NCA,27,Maharashtra,486,Nandurbar,Dhadgaon,-,-,Narmada,Narmada,-,-,-,-,21.82000000,74.22000000,20-07-2022 19:00,0.5
155,Dhadgaon,NCA,27,Maharashtra,486,Nandurbar,Dhadgaon,-,-,Narmada,Narmada,-,-,-,-,21.82000000,74.22000000,22-07-2022 07:00,12.5
156,Dhadgaon,NCA,27,Maharashtra,486,Nandurbar,Dhadgaon,-,-,Narmada,Narmada,-,-,-,-,21.82000000,74.22000000,23-07-2022 03:00,0.5
157,Dhadgaon,NCA,27,Maharashtra,486,Nandurbar,Dhadgaon,-,-,Narmada,Narmada,-,-,-,-,21.82000000,74.22000000,23-07-2022 06:00,0.5
158,Dhadgaon,NCA,27,Maharashtra,486,Nandurbar,Dhadgaon,-,-,Narmada,Narmada,-,-,-,-,21.82000000,74.22000000,23-07-2022 11:00,0.5
159,Dhadgaon,NCA,27,Maharashtra,486,Nandurbar,Dhadgaon,-,-,Narmada,Narmada,-,-,-,-,21.82000000,74.22000000,23-07-2022 17:00,0.5
160,Dhadgaon,NCA,27,Maharashtra,486,Nandurbar,Dhadgaon,-,-,Narmada,Narmada,-,-,-,-,21.82000000,74.22000000,24-07-2022 03:00,0.5
161,Dhadgaon,NCA,27,Maharashtra,486,Nandurbar,Dhadgaon,-,-,Narmada,Narmada,-,-,-,-,21.82000000,74.22000000,24-07-2022 06:00,0.5
162,Dhadgaon,NCA,27,Maharashtra,486,Nandurbar,Dhadgaon,-,-,Narmada,Narmada,-,-,-,-,21.82000000,74.22000000,24-07-2022 09:00,0.5
163,Dhadgaon,NCA,27,Maharashtra,486,Nandurbar,Dhadgaon,-,-,Narmada,Narmada,-,-,-,-,21.82000000,74.22000000,24-07-2022 12:00,0.5
164,Dhadgaon,NCA,27,Maharashtra,486,Nandurbar,Dhadgaon,-,-,Narmada,Narmada,-,-,-,-,21.82000000,74.22000000,24-07-2022 16:00,0.5
165,Dhadgaon,NCA,27,Maharashtra,486,Nandurbar,Dhadgaon,-,-,Narmada,Narmada,-,-,-,-,21.82000000,74.22000000,24-07-2022 20:00,0.5
166,Dhadgaon,NCA,27,Maharashtra,486,Nandurbar,Dhadgaon,-,-,Narmada,Narmada,-,-,-,-,21.82000000,74.22000000,26-07-2022 08:00,0.5
167,Dhadgaon,NCA,27,Maharashtra,486,Nandurbar,Dhadgaon,-,-,Narmada,Narmada,-,-,-,-,21.82000000,74.22000000,26-07-2022 22:00,0.5
168,Dhadgaon,NCA,27,Maharashtra,486,Nandurbar,Dhadgaon,-,-,Narmada,Narmada,-,-,-,-,21.82000000,74.22000000,26-07-2022 22:00,0.5
169,Dhadgaon,NCA,27,Maharashtra,486,Nandurbar,Dhadgaon,-,-,Narmada,Narmada,-,-,-,-,21.82000000,74.22000000,27-07-2022 01:00,0.5
170,Dhadgaon,NCA,27,Maharashtra,486,Nandurbar,Dhadgaon,-,-,Narmada,Narmada,-,-,-,-,21.82000000,74.22000000,27-07-2022 01:00,0.5
171,Dhadgaon,NCA,27,Maharashtra,486,Nandurbar,Dhadgaon,-,-,Narmada,Narmada,-,-,-,-,21.82000000,74.22000000,27-07-2022 04:00,0.5
172,Dhadgaon,NCA,27,Maharashtra,486,Nandurbar,Dhadgaon,-,-,Narmada,Narmada,-,-,-,-,21.82000000,74.22000000,27-07-2022 04:00,0.5
173,Dhadgaon,NCA,27,Maharashtra,486,Nandurbar,Dhadgaon,-,-,Narmada,Narmada,-,-,-,-,21.82000000,74.22000000,27-07-2022 07:00,0.5
174,Dhadgaon,NCA,27,Maharashtra,486,Nandurbar,Dhadgaon,-,-,Narmada,Narmada,-,-,-,-,21.82000000,74.22000000,27-07-2022 07:00,0.5
175,Dhadgaon,NCA,27,Maharashtra,486,Nandurbar,Dhadgaon,-,-,Narmada,Narmada,-,-,-,-,21.82000000,74.22000000,27-07-2022 11:00,0.5
176,Dhadgaon,NCA,27,Maharashtra,486,Nandurbar,Dhadgaon,-,-,Narmada,Narmada,-,-,-,-,21.82000000,74.22000000,27-07-2022 14:00,0.5
177,Dhadgaon,NCA,27,Maharashtra,486,Nandurbar,Dhadgaon,-,-,Narmada,Narmada,-,-,-,-,21.82000000,74.22000000,27-07-2022 18:00,0.5
178,Dhadgaon,NCA,27,Maharashtra,486,Nandurbar,Dhadgaon,-,-,Narmada,Narmada,-,-,-,-,21.82000000,74.22000000,27-07-2022 18:00,0.5
179,Dhadgaon,NCA,27,Maharashtra,486,Nandurbar,Dhadgaon,-,-,Narmada,Narmada,-,-,-,-,21.82000000,74.22000000,28-07-2022 14:00,0.5
180,Dhadgaon,NCA,27,Maharashtra,486,Nandurbar,Dhadgaon,-,-,Narmada,Narmada,-,-,-,-,21.82000000,74.22000000,28-07-2022 14:00,0.5
181,Dhadgaon,NCA,27,Maharashtra,486,Nandurbar,Dhadgaon,-,-,Narmada,Narmada,-,-,-,-,21.82000000,74.22000000,28-07-2022 17:00,0.5
182,Dhadgaon,NCA,27,Maharashtra,486,Nandurbar,Dhadgaon,-,-,Narmada,Narmada,-,-,-,-,21.82000000,74.22000000,28-07-2022 17:00,0.5
183,Dhadgaon,NCA,27,Maharashtra,486,Nandurbar,Dhadgaon,-,-,Narmada,Narmada,-,-,-,-,21.82000000,74.22000000,28-07-2022 20:00,0.5
184,Dhadgaon,NCA,27,Maharashtra,486,Nandurbar,Dhadgaon,-,-,Narmada,Narmada,-,-,-,-,21.82000000,74.22000000,28-07-2022 23:00,0.5
185,Dhadgaon,NCA,27,Maharashtra,486,Nandurbar,Dhadgaon,-,-,Narmada,Narmada,-,-,-,-,21.82000000,74.22000000,28-07-2022 23:00,0.5
186,Dhadgaon,NCA,27,Maharashtra,486,Nandurbar,Dhadgaon,-,-,Narmada,Narmada,-,-,-,-,21.82000000,74.22000000,29-07-2022 03:00,0.5
187,Dhadgaon,NCA,27,Maharashtra,486,Nandurbar,Dhadgaon,-,-,Narmada,Narmada,-,-,-,-,21.82000000,74.22000000,29-07-2022 03:00,0.5
188,Dhadgaon,NCA,27,Maharashtra,486,Nandurbar,Dhadgaon,-,-,Narmada,Narmada,-,-,-,-,21.82000000,74.22000000,29-07-2022 08:00,0.5
189,Dhadgaon,NCA,27,Maharashtra,486,Nandurbar,Dhadgaon,-,-,Narmada,Narmada,-,-,-,-,21.82000000,74.22000000,29-07-2022 08:00,0.5
190,Dhadgaon,NCA,27,Maharashtra,486,Nandurbar,Dhadgaon,-,-,Narmada,Narmada,-,-,-,-,21.82000000,74.22000000,29-07-2022 13:00,0.5
191,Dhadgaon,NCA,27,Maharashtra,486,Nandurbar,Dhadgaon,-,-,Narmada,Narmada,-,-,-,-,21.82000000,74.22000000,29-07-2022 13:00,0.5
192,Dhadgaon,NCA,27,Maharashtra,486,Nandurbar,Dhadgaon,-,-,Narmada,Narmada,-,-,-,-,21.82000000,74.22000000,29-07-2022 17:00,0.5
193,Dhadgaon,NCA,27,Maharashtra,486,Nandurbar,Dhadgaon,-,-,Narmada,Narmada,-,-,-,-,21.82000000,74.22000000,29-07-2022 17:00,0.5
194,Dhadgaon,NCA,27,Maharashtra,486,Nandurbar,Dhadgaon,-,-,Narmada,Narmada,-,-,-,-,21.82000000,74.22000000,30-07-2022 05:00,0.5
195,Dhadgaon,NCA,27,Maharashtra,486,Nandurbar,Dhadgaon,-,-,Narmada,Narmada,-,-,-,-,21.82000000,74.22000000,30-07-2022 05:00,0.5
196,Dhadgaon,NCA,27,Maharashtra,486,Nandurbar,Dhadgaon,-,-,Narmada,Narmada,-,-,-,-,21.82000000,74.22000000,30-07-2022 13:00,0.5
197,Dhadgaon,NCA,27,Maharashtra,486,Nandurbar,Dhadgaon,-,-,Narmada,Narmada,-,-,-,-,21.82000000,74.22000000,30-07-2022 13:00,0.5
198,Dhadgaon,NCA,27,Maharashtra,486,Nandurbar,Dhadgaon,-,-,Narmada,Narmada,-,-,-,-,21.82000000,74.22000000,30-07-2022 17:00,0.5
199,Dhadgaon,NCA,27,Maharashtra,486,Nandurbar,Dhadgaon,-,-,Narmada,Narmada,-,-,-,-,21.82000000,74.22000000,30-07-2022 17:00,0.5
200,Dhadgaon,NCA,27,Maharashtra,486,Nandurbar,Dhadgaon,-,-,Narmada,Narmada,-,-,-,-,21.82000000,74.22000000,30-07-2022 21:00,0.5
201,Dhadgaon,NCA,27,Maharashtra,486,Nandurbar,Dhadgaon,-,-,Narmada,Narmada,-,-,-,-,21.82000000,74.22000000,31-07-2022 08:00,0.5
202,Dhadgaon,NCA,27,Maharashtra,486,Nandurbar,Dhadgaon,-,-,Narmada,Narmada,-,-,-,-,21.82000000,74.22000000,31-07-2022 13:00,0.5
203,Dhadgaon,NCA,27,Maharashtra,486,Nandurbar,Dhadgaon,-,-,Narmada,Narmada,-,-,-,-,21.82000000,74.22000000,01-08-2022 05:00,0.5
204,Dhadgaon,NCA,27,Maharashtra,486,Nandurbar,Dhadgaon,-,-,Narmada,Narmada,-,-,-,-,21.82000000,74.22000000,02-08-2022 14:00,0.5
205,Dhadgaon,NCA,27,Maharashtra,486,Nandurbar,Dhadgaon,-,-,Narmada,Narmada,-,-,-,-,21.82000000,74.22000000,03-08-2022 00:00,0.5
206,Dhadgaon,NCA,27,Maharashtra,486,Nandurbar,Dhadgaon,-,-,Narmada,Narmada,-,-,-,-,21.82000000,74.22000000,03-08-2022 23:00,0.5
207,Dhadgaon,NCA,27,Maharashtra,486,Nandurbar,Dhadgaon,-,-,Narmada,Narmada,-,-,-,-,21.82000000,74.22000000,04-08-2022 10:00,0.5
208,Dhadgaon,NCA,27,Maharashtra,486,Nandurbar,Dhadgaon,-,-,Narmada,Narmada,-,-,-,-,21.82000000,74.22000000,04-08-2022 17:00,0.5
209,Dhadgaon,NCA,27,Maharashtra,486,Nandurbar,Dhadgaon,-,-,Narmada,Narmada,-,-,-,-,21.82000000,74.22000000,05-08-2022 01:00,0.5
210,Dhadgaon,NCA,27,Maharashtra,486,Nandurbar,Dhadgaon,-,-,Narmada,Narmada,-,-,-,-,21.82000000,74.22000000,05-08-2022 14:00,0.5
211,Dhadgaon,NCA,27,Maharashtra,486,Nandurbar,Dhadgaon,-,-,Narmada,Narmada,-,-,-,-,21.82000000,74.22000000,05-08-2022 18:00,0.5
212,Dhadgaon,NCA,27,Maharashtra,486,Nandurbar,Dhadgaon,-,-,Narmada,Narmada,-,-,-,-,21.82000000,74.22000000,05-08-2022 22:00,0.5
213,Dhadgaon,NCA,27,Maharashtra,486,Nandurbar,Dhadgaon,-,-,Narmada,Narmada,-,-,-,-,21.82000000,74.22000000,06-08-2022 05:00,0.5
214,Dhadgaon,NCA,27,Maharashtra,486,Nandurbar,Dhadgaon,-,-,Narmada,Narmada,-,-,-,-,21.82000000,74.22000000,06-08-2022 11:00,0.5
215,Dhadgaon,NCA,27,Maharashtra,486,Nandurbar,Dhadgaon,-,-,Narmada,Narmada,-,-,-,-,21.82000000,74.22000000,09-08-2022 17:00,0.5
216,Dhadgaon,NCA,27,Maharashtra,486,Nandurbar,Dhadgaon,-,-,Narmada,Narmada,-,-,-,-,21.82000000,74.22000000,09-08-2022 22:00,0.5
217,Dhadgaon,NCA,27,Maharashtra,486,Nandurbar,Dhadgaon,-,-,Narmada,Narmada,-,-,-,-,21.82000000,74.22000000,10-08-2022 04:00,0.5
218,Dhadgaon,NCA,27,Maharashtra,486,Nandurbar,Dhadgaon,-,-,Narmada,Narmada,-,-,-,-,21.82000000,74.22000000,11-08-2022 05:00,0.5
219,Dhadgaon,NCA,27,Maharashtra,486,Nandurbar,Dhadgaon,-,-,Narmada,Narmada,-,-,-,-,21.82000000,74.22000000,11-08-2022 10:00,0.5
220,Dhadgaon,NCA,27,Maharashtra,486,Nandurbar,Dhadgaon,-,-,Narmada,Narmada,-,-,-,-,21.82000000,74.22000000,11-08-2022 15:00,0.5
221,Dhadgaon,NCA,27,Maharashtra,486,Nandurbar,Dhadgaon,-,-,Narmada,Narmada,-,-,-,-,21.82000000,74.22000000,11-08-2022 21:00,0.5
222,Dhadgaon,NCA,27,Maharashtra,486,Nandurbar,Dhadgaon,-,-,Narmada,Narmada,-,-,-,-,21.82000000,74.22000000,12-08-2022 16:00,0.5
223,Dhadgaon,NCA,27,Maharashtra,486,Nandurbar,Dhadgaon,-,-,Narmada,Narmada,-,-,-,-,21.82000000,74.22000000,12-08-2022 20:00,0.5
224,Dhadgaon,NCA,27,Maharashtra,486,Nandurbar,Dhadgaon,-,-,Narmada,Narmada,-,-,-,-,21.82000000,74.22000000,13-08-2022 10:00,0.5
225,Dhadgaon,NCA,27,Maharashtra,486,Nandurbar,Dhadgaon,-,-,Narmada,Narmada,-,-,-,-,21.82000000,74.22000000,13-08-2022 10:00,0.5
226,Dhadgaon,NCA,27,Maharashtra,486,Nandurbar,Dhadgaon,-,-,Narmada,Narmada,-,-,-,-,21.82000000,74.22000000,13-08-2022 15:00,0.5
227,Dhadgaon,NCA,27,Maharashtra,486,Nandurbar,Dhadgaon,-,-,Narmada,Narmada,-,-,-,-,21.82000000,74.22000000,13-08-2022 15:00,0.5
228,Dhadgaon,NCA,27,Maharashtra,486,Nandurbar,Dhadgaon,-,-,Narmada,Narmada,-,-,-,-,21.82000000,74.22000000,13-08-2022 19:00,0.5
229,Dhadgaon,NCA,27,Maharashtra,486,Nandurbar,Dhadgaon,-,-,Narmada,Narmada,-,-,-,-,21.82000000,74.22000000,13-08-2022 19:00,0.5
230,Dhadgaon,NCA,27,Maharashtra,486,Nandurbar,Dhadgaon,-,-,Narmada,Narmada,-,-,-,-,21.82000000,74.22000000,14-08-2022 01:00,0.5
231,Dhadgaon,NCA,27,Maharashtra,486,Nandurbar,Dhadgaon,-,-,Narmada,Narmada,-,-,-,-,21.82000000,74.22000000,14-08-2022 01:00,0.5
232,Dhadgaon,NCA,27,Maharashtra,486,Nandurbar,Dhadgaon,-,-,Narmada,Narmada,-,-,-,-,21.82000000,74.22000000,14-08-2022 08:00,0.5
233,Dhadgaon,NCA,27,Maharashtra,486,Nandurbar,Dhadgaon,-,-,Narmada,Narmada,-,-,-,-,21.82000000,74.22000000,14-08-2022 08:00,0.5
234,Dhadgaon,NCA,27,Maharashtra,486,Nandurbar,Dhadgaon,-,-,Narmada,Narmada,-,-,-,-,21.82000000,74.22000000,14-08-2022 21:00,0.5
235,Dhadgaon,NCA,27,Maharashtra,486,Nandurbar,Dhadgaon,-,-,Narmada,Narmada,-,-,-,-,21.82000000,74.22000000,14-08-2022 21:00,0.5
236,Dhadgaon,NCA,27,Maharashtra,486,Nandurbar,Dhadgaon,-,-,Narmada,Narmada,-,-,-,-,21.82000000,74.22000000,15-08-2022 01:00,0.5
237,Dhadgaon,NCA,27,Maharashtra,486,Nandurbar,Dhadgaon,-,-,Narmada,Narmada,-,-,-,-,21.82000000,74.22000000,15-08-2022 01:00,0.5
238,Dhadgaon,NCA,27,Maharashtra,486,Nandurbar,Dhadgaon,-,-,Narmada,Narmada,-,-,-,-,21.82000000,74.22000000,15-08-2022 06:00,0.5
239,Dhadgaon,NCA,27,Maharashtra,486,Nandurbar,Dhadgaon,-,-,Narmada,Narmada,-,-,-,-,21.82000000,74.22000000,15-08-2022 06:00,0.5
240,Dhadgaon,NCA,27,Maharashtra,486,Nandurbar,Dhadgaon,-,-,Narmada,Narmada,-,-,-,-,21.82000000,74.22000000,15-08-2022 11:00,0.5
241,Dhadgaon,NCA,27,Maharashtra,486,Nandurbar,Dhadgaon,-,-,Narmada,Narmada,-,-,-,-,21.82000000,74.22000000,15-08-2022 11:00,0.5
242,Dhadgaon,NCA,27,Maharashtra,486,Nandurbar,Dhadgaon,-,-,Narmada,Narmada,-,-,-,-,21.82000000,74.22000000,15-08-2022 15:00,0.5
243,Dhadgaon,NCA,27,Maharashtra,486,Nandurbar,Dhadgaon,-,-,Narmada,Narmada,-,-,-,-,21.82000000,74.22000000,15-08-2022 15:00,0.5
244,Dhadgaon,NCA,27,Maharashtra,486,Nandurbar,Dhadgaon,-,-,Narmada,Narmada,-,-,-,-,21.82000000,74.22000000,15-08-2022 19:00,0.5
245,Dhadgaon,NCA,27,Maharashtra,486,Nandurbar,Dhadgaon,-,-,Narmada,Narmada,-,-,-,-,21.82000000,74.22000000,15-08-2022 19:00,0.5
246,Dhadgaon,NCA,27,Maharashtra,486,Nandurbar,Dhadgaon,-,-,Narmada,Narmada,-,-,-,-,21.82000000,74.22000000,16-08-2022 01:00,0.5
247,Dhadgaon,NCA,27,Maharashtra,486,Nandurbar,Dhadgaon,-,-,Narmada,Narmada,-,-,-,-,21.82000000,74.22000000,16-08-2022 01:00,0.5
248,Dhadgaon,NCA,27,Maharashtra,486,Nandurbar,Dhadgaon,-,-,Narmada,Narmada,-,-,-,-,21.82000000,74.22000000,16-08-2022 06:00,0.5
249,Dhadgaon,NCA,27,Maharashtra,486,Nandurbar,Dhadgaon,-,-,Narmada,Narmada,-,-,-,-,21.82000000,74.22000000,16-08-2022 06:00,0.5
250,Dhadgaon,NCA,27,Maharashtra,486,Nandurbar,Dhadgaon,-,-,Narmada,Narmada,-,-,-,-,21.82000000,74.22000000,16-08-2022 11:00,0.5
251,Dhadgaon,NCA,27,Maharashtra,486,Nandurbar,Dhadgaon,-,-,Narmada,Narmada,-,-,-,-,21.82000000,74.22000000,16-08-2022 11:00,0.5
252,Dhadgaon,NCA,27,Maharashtra,486,Nandurbar,Dhadgaon,-,-,Narmada,Narmada,-,-,-,-,21.82000000,74.22000000,16-08-2022 16:00,0.5
253,Dhadgaon,NCA,27,Maharashtra,486,Nandurbar,Dhadgaon,-,-,Narmada,Narmada,-,-,-,-,21.82000000,74.22000000,16-08-2022 16:00,0.5
254,Dhadgaon,NCA,27,Maharashtra,486,Nandurbar,Dhadgaon,-,-,Narmada,Narmada,-,-,-,-,21.82000000,74.22000000,16-08-2022 21:00,0.5
255,Dhadgaon,NCA,27,Maharashtra,486,Nandurbar,Dhadgaon,-,-,Narmada,Narmada,-,-,-,-,21.82000000,74.22000000,16-08-2022 21:00,0.5
256,Dhadgaon,NCA,27,Maharashtra,486,Nandurbar,Dhadgaon,-,-,Narmada,Narmada,-,-,-,-,21.82000000,74.22000000,17-08-2022 02:00,0.5
257,Dhadgaon,NCA,27,Maharashtra,486,Nandurbar,Dhadgaon,-,-,Narmada,Narmada,-,-,-,-,21.82000000,74.22000000,17-08-2022 07:00,0.5
258,Dhadgaon,NCA,27,Maharashtra,486,Nandurbar,Dhadgaon,-,-,Narmada,Narmada,-,-,-,-,21.82000000,74.22000000,17-08-2022 07:00,0.5
259,Dhadgaon,NCA,27,Maharashtra,486,Nandurbar,Dhadgaon,-,-,Narmada,Narmada,-,-,-,-,21.82000000,74.22000000,17-08-2022 12:00,0.5
260,Dhadgaon,NCA,27,Maharashtra,486,Nandurbar,Dhadgaon,-,-,Narmada,Narmada,-,-,-,-,21.82000000,74.22000000,17-08-2022 12:00,0.5
261,Dhadgaon,NCA,27,Maharashtra,486,Nandurbar,Dhadgaon,-,-,Narmada,Narmada,-,-,-,-,21.82000000,74.22000000,17-08-2022 17:00,0.5
262,Dhadgaon,NCA,27,Maharashtra,486,Nandurbar,Dhadgaon,-,-,Narmada,Narmada,-,-,-,-,21.82000000,74.22000000,17-08-2022 17:00,0.5
263,Dhadgaon,NCA,27,Maharashtra,486,Nandurbar,Dhadgaon,-,-,Narmada,Narmada,-,-,-,-,21.82000000,74.22000000,17-08-2022 22:00,0.5
264,Dhadgaon,NCA,27,Maharashtra,486,Nandurbar,Dhadgaon,-,-,Narmada,Narmada,-,-,-,-,21.82000000,74.22000000,17-08-2022 22:00,0.5
265,Dhadgaon,NCA,27,Maharashtra,486,Nandurbar,Dhadgaon,-,-,Narmada,Narmada,-,-,-,-,21.82000000,74.22000000,18-08-2022 09:00,0.5
266,Dhadgaon,NCA,27,Maharashtra,486,Nandurbar,Dhadgaon,-,-,Narmada,Narmada,-,-,-,-,21.82000000,74.22000000,30-08-2022 15:00,6.5
267,Dhadgaon,NCA,27,Maharashtra,486,Nandurbar,Dhadgaon,-,-,Narmada,Narmada,-,-,-,-,21.82000000,74.22000000,30-08-2022 16:00,0.5
268,Dhadgaon,NCA,27,Maharashtra,486,Nandurbar,Dhadgaon,-,-,Narmada,Narmada,-,-,-,-,21.82000000,74.22000000,31-08-2022 16:00,0.5
269,Dhadgaon,NCA,27,Maharashtra,486,Nandurbar,Dhadgaon,-,-,Narmada,Narmada,-,-,-,-,21.82000000,74.22000000,01-09-2022 08:00,2
270,Dhadgaon,NCA,27,Maharashtra,486,Nandurbar,Dhadgaon,-,-,Narmada,Narmada,-,-,-,-,21.82000000,74.22000000,01-09-2022 09:00,4
271,Dhadgaon,NCA,27,Maharashtra,486,Nandurbar,Dhadgaon,-,-,Narmada,Narmada,-,-,-,-,21.82000000,74.22000000,01-09-2022 10:00,4.5
272,Dhadgaon,NCA,27,Maharashtra,486,Nandurbar,Dhadgaon,-,-,Narmada,Narmada,-,-,-,-,21.82000000,74.22000000,01-09-2022 11:00,4.5
273,Dhadgaon,NCA,27,Maharashtra,486,Nandurbar,Dhadgaon,-,-,Narmada,Narmada,-,-,-,-,21.82000000,74.22000000,01-09-2022 12:00,1.5
274,Dhadgaon,NCA,27,Maharashtra,486,Nandurbar,Dhadgaon,-,-,Narmada,Narmada,-,-,-,-,21.82000000,74.22000000,01-09-2022 13:00,0.5
275,Dhadgaon,NCA,27,Maharashtra,486,Nandurbar,Dhadgaon,-,-,Narmada,Narmada,-,-,-,-,21.82000000,74.22000000,01-09-2022 14:00,0.5
276,Dhadgaon,NCA,27,Maharashtra,486,Nandurbar,Dhadgaon,-,-,Narmada,Narmada,-,-,-,-,21.82000000,74.22000000,01-09-2022 17:00,0.5
277,Dhadgaon,NCA,27,Maharashtra,486,Nandurbar,Dhadgaon,-,-,Narmada,Narmada,-,-,-,-,21.82000000,74.22000000,01-09-2022 18:00,0.5
278,Dhadgaon,NCA,27,Maharashtra,486,Nandurbar,Dhadgaon,-,-,Narmada,Narmada,-,-,-,-,21.82000000,74.22000000,01-09-2022 19:00,0.5
279,Dhadgaon,NCA,27,Maharashtra,486,Nandurbar,Dhadgaon,-,-,Narmada,Narmada,-,-,-,-,21.82000000,74.22000000,03-09-2022 15:00,1
280,Dhadgaon,NCA,27,Maharashtra,486,Nandurbar,Dhadgaon,-,-,Narmada,Narmada,-,-,-,-,21.82000000,74.22000000,03-09-2022 17:00,2
281,Dhadgaon,NCA,27,Maharashtra,486,Nandurbar,Dhadgaon,-,-,Narmada,Narmada,-,-,-,-,21.82000000,74.22000000,06-09-2022 14:00,10
282,Dhadgaon,NCA,27,Maharashtra,486,Nandurbar,Dhadgaon,-,-,Narmada,Narmada,-,-,-,-,21.82000000,74.22000000,06-09-2022 15:00,0.5
283,Dhadgaon,NCA,27,Maharashtra,486,Nandurbar,Dhadgaon,-,-,Narmada,Narmada,-,-,-,-,21.82000000,74.22000000,09-09-2022 02:00,0.5
284,Dhadgaon,NCA,27,Maharashtra,486,Nandurbar,Dhadgaon,-,-,Narmada,Narmada,-,-,-,-,21.82000000,74.22000000,10-09-2022 17:00,0.5
285,Dhadgaon,NCA,27,Maharashtra,486,Nandurbar,Dhadgaon,-,-,Narmada,Narmada,-,-,-,-,21.82000000,74.22000000,11-09-2022 15:00,4
286,Dhadgaon,NCA,27,Maharashtra,486,Nandurbar,Dhadgaon,-,-,Narmada,Narmada,-,-,-,-,21.82000000,74.22000000,11-09-2022 16:00,6.5
287,Dhadgaon,NCA,27,Maharashtra,486,Nandurbar,Dhadgaon,-,-,Narmada,Narmada,-,-,-,-,21.82000000,74.22000000,11-09-2022 17:00,1
288,Dhadgaon,NCA,27,Maharashtra,486,Nandurbar,Dhadgaon,-,-,Narmada,Narmada,-,-,-,-,21.82000000,74.22000000,12-09-2022 03:00,0.5
289,Dhadgaon,NCA,27,Maharashtra,486,Nandurbar,Dhadgaon,-,-,Narmada,Narmada,-,-,-,-,21.82000000,74.22000000,12-09-2022 04:00,1.5
290,Dhadgaon,NCA,27,Maharashtra,486,Nandurbar,Dhadgaon,-,-,Narmada,Narmada,-,-,-,-,21.82000000,74.22000000,12-09-2022 05:00,2
291,Dhadgaon,NCA,27,Maharashtra,486,Nandurbar,Dhadgaon,-,-,Narmada,Narmada,-,-,-,-,21.82000000,74.22000000,12-09-2022 06:00,2
292,Dhadgaon,NCA,27,Maharashtra,486,Nandurbar,Dhadgaon,-,-,Narmada,Narmada,-,-,-,-,21.82000000,74.22000000,12-09-2022 07:00,2
293,Dhadgaon,NCA,27,Maharashtra,486,Nandurbar,Dhadgaon,-,-,Narmada,Narmada,-,-,-,-,21.82000000,74.22000000,12-09-2022 08:00,1.5
294,Dhadgaon,NCA,27,Maharashtra,486,Nandurbar,Dhadgaon,-,-,Narmada,Narmada,-,-,-,-,21.82000000,74.22000000,12-09-2022 09:00,1
295,Dhadgaon,NCA,27,Maharashtra,486,Nandurbar,Dhadgaon,-,-,Narmada,Narmada,-,-,-,-,21.82000000,74.22000000,12-09-2022 10:00,1.5
296,Dhadgaon,NCA,27,Maharashtra,486,Nandurbar,Dhadgaon,-,-,Narmada,Narmada,-,-,-,-,21.82000000,74.22000000,12-09-2022 11:00,1
297,Dhadgaon,NCA,27,Maharashtra,486,Nandurbar,Dhadgaon,-,-,Narmada,Narmada,-,-,-,-,21.82000000,74.22000000,12-09-2022 12:00,0.5
298,Dhadgaon,NCA,27,Maharashtra,486,Nandurbar,Dhadgaon,-,-,Narmada,Narmada,-,-,-,-,21.82000000,74.22000000,12-09-2022 13:00,0.5
299,Dhadgaon,NCA,27,Maharashtra,486,Nandurbar,Dhadgaon,-,-,Narmada,Narmada,-,-,-,-,21.82000000,74.22000000,12-09-2022 15:00,0.5
300,Dhadgaon,NCA,27,Maharashtra,486,Nandurbar,Dhadgaon,-,-,Narmada,Narmada,-,-,-,-,21.82000000,74.22000000,12-09-2022 17:00,0.5
301,Dhadgaon,NCA,27,Maharashtra,486,Nandurbar,Dhadgaon,-,-,Narmada,Narmada,-,-,-,-,21.82000000,74.22000000,12-09-2022 19:00,0.5
302,Dhadgaon,NCA,27,Maharashtra,486,Nandurbar,Dhadgaon,-,-,Narmada,Narmada,-,-,-,-,21.82000000,74.22000000,12-09-2022 21:00,0.5
303,Dhadgaon,NCA,27,Maharashtra,486,Nandurbar,Dhadgaon,-,-,Narmada,Narmada,-,-,-,-,21.82000000,74.22000000,12-09-2022 23:00,0.5
304,Dhadgaon,NCA,27,Maharashtra,486,Nandurbar,Dhadgaon,-,-,Narmada,Narmada,-,-,-,-,21.82000000,74.22000000,13-09-2022 01:00,0.5
305,Dhadgaon,NCA,27,Maharashtra,486,Nandurbar,Dhadgaon,-,-,Narmada,Narmada,-,-,-,-,21.82000000,74.22000000,13-09-2022 04:00,0.5
306,Dhadgaon,NCA,27,Maharashtra,486,Nandurbar,Dhadgaon,-,-,Narmada,Narmada,-,-,-,-,21.82000000,74.22000000,13-09-2022 06:00,0.5
307,Dhadgaon,NCA,27,Maharashtra,486,Nandurbar,Dhadgaon,-,-,Narmada,Narmada,-,-,-,-,21.82000000,74.22000000,13-09-2022 09:00,0.5
308,Dhadgaon,NCA,27,Maharashtra,486,Nandurbar,Dhadgaon,-,-,Narmada,Narmada,-,-,-,-,21.82000000,74.22000000,13-09-2022 13:00,0.5
309,Dhadgaon,NCA,27,Maharashtra,486,Nandurbar,Dhadgaon,-,-,Narmada,Narmada,-,-,-,-,21.82000000,74.22000000,13-09-2022 19:00,0.5
310,Dhadgaon,NCA,27,Maharashtra,486,Nandurbar,Dhadgaon,-,-,Narmada,Narmada,-,-,-,-,21.82000000,74.22000000,14-09-2022 00:00,0.5
311,Dhadgaon,NCA,27,Maharashtra,486,Nandurbar,Dhadgaon,-,-,Narmada,Narmada,-,-,-,-,21.82000000,74.22000000,14-09-2022 05:00,0.5
312,Dhadgaon,NCA,27,Maharashtra,486,Nandurbar,Dhadgaon,-,-,Narmada,Narmada,-,-,-,-,21.82000000,74.22000000,14-09-2022 08:00,0.5
313,Dhadgaon,NCA,27,Maharashtra,486,Nandurbar,Dhadgaon,-,-,Narmada,Narmada,-,-,-,-,21.82000000,74.22000000,14-09-2022 11:00,0.5
314,Dhadgaon,NCA,27,Maharashtra,486,Nandurbar,Dhadgaon,-,-,Narmada,Narmada,-,-,-,-,21.82000000,74.22000000,14-09-2022 15:00,0.5
315,Dhadgaon,NCA,27,Maharashtra,486,Nandurbar,Dhadgaon,-,-,Narmada,Narmada,-,-,-,-,21.82000000,74.22000000,14-09-2022 20:00,0.5
316,Dhadgaon,NCA,27,Maharashtra,486,Nandurbar,Dhadgaon,-,-,Narmada,Narmada,-,-,-,-,21.82000000,74.22000000,15-09-2022 00:00,0.5
317,Dhadgaon,NCA,27,Maharashtra,486,Nandurbar,Dhadgaon,-,-,Narmada,Narmada,-,-,-,-,21.82000000,74.22000000,15-09-2022 05:00,0.5
318,Dhadgaon,NCA,27,Maharashtra,486,Nandurbar,Dhadgaon,-,-,Narmada,Narmada,-,-,-,-,21.82000000,74.22000000,15-09-2022 10:00,0.5
319,Dhadgaon,NCA,27,Maharashtra,486,Nandurbar,Dhadgaon,-,-,Narmada,Narmada,-,-,-,-,21.82000000,74.22000000,15-09-2022 10:00,0.5
320,Dhadgaon,NCA,27,Maharashtra,486,Nandurbar,Dhadgaon,-,-,Narmada,Narmada,-,-,-,-,21.82000000,74.22000000,15-09-2022 15:00,0.5
321,Dhadgaon,NCA,27,Maharashtra,486,Nandurbar,Dhadgaon,-,-,Narmada,Narmada,-,-,-,-,21.82000000,74.22000000,15-09-2022 15:00,0.5
322,Dhadgaon,NCA,27,Maharashtra,486,Nandurbar,Dhadgaon,-,-,Narmada,Narmada,-,-,-,-,21.82000000,74.22000000,15-09-2022 19:00,0.5
323,Dhadgaon,NCA,27,Maharashtra,486,Nandurbar,Dhadgaon,-,-,Narmada,Narmada,-,-,-,-,21.82000000,74.22000000,15-09-2022 19:00,0.5
324,Dhadgaon,NCA,27,Maharashtra,486,Nandurbar,Dhadgaon,-,-,Narmada,Narmada,-,-,-,-,21.82000000,74.22000000,16-09-2022 00:00,0.5
325,Dhadgaon,NCA,27,Maharashtra,486,Nandurbar,Dhadgaon,-,-,Narmada,Narmada,-,-,-,-,21.82000000,74.22000000,16-09-2022 00:00,0.5
326,Dhadgaon,NCA,27,Maharashtra,486,Nandurbar,Dhadgaon,-,-,Narmada,Narmada,-,-,-,-,21.82000000,74.22000000,16-09-2022 04:00,0.5
327,Dhadgaon,NCA,27,Maharashtra,486,Nandurbar,Dhadgaon,-,-,Narmada,Narmada,-,-,-,-,21.82000000,74.22000000,16-09-2022 08:00,0.5
328,Dhadgaon,NCA,27,Maharashtra,486,Nandurbar,Dhadgaon,-,-,Narmada,Narmada,-,-,-,-,21.82000000,74.22000000,16-09-2022 08:00,0.5
329,Dhadgaon,NCA,27,Maharashtra,486,Nandurbar,Dhadgaon,-,-,Narmada,Narmada,-,-,-,-,21.82000000,74.22000000,16-09-2022 12:00,0.5
330,Dhadgaon,NCA,27,Maharashtra,486,Nandurbar,Dhadgaon,-,-,Narmada,Narmada,-,-,-,-,21.82000000,74.22000000,16-09-2022 12:00,0.5
331,Dhadgaon,NCA,27,Maharashtra,486,Nandurbar,Dhadgaon,-,-,Narmada,Narmada,-,-,-,-,21.82000000,74.22000000,16-09-2022 16:00,0.5
332,Dhadgaon,NCA,27,Maharashtra,486,Nandurbar,Dhadgaon,-,-,Narmada,Narmada,-,-,-,-,21.82000000,74.22000000,16-09-2022 16:00,0.5
333,Dhadgaon,NCA,27,Maharashtra,486,Nandurbar,Dhadgaon,-,-,Narmada,Narmada,-,-,-,-,21.82000000,74.22000000,16-09-2022 20:00,0.5
334,Dhadgaon,NCA,27,Maharashtra,486,Nandurbar,Dhadgaon,-,-,Narmada,Narmada,-,-,-,-,21.82000000,74.22000000,17-09-2022 00:00,0.5
335,Dhadgaon,NCA,27,Maharashtra,486,Nandurbar,Dhadgaon,-,-,Narmada,Narmada,-,-,-,-,21.82000000,74.22000000,17-09-2022 00:00,0.5
336,Dhadgaon,NCA,27,Maharashtra,486,Nandurbar,Dhadgaon,-,-,Narmada,Narmada,-,-,-,-,21.82000000,74.22000000,17-09-2022 05:00,0.5
337,Dhadgaon,NCA,27,Maharashtra,486,Nandurbar,Dhadgaon,-,-,Narmada,Narmada,-,-,-,-,21.82000000,74.22000000,17-09-2022 05:00,0.5
338,Dhadgaon,NCA,27,Maharashtra,486,Nandurbar,Dhadgaon,-,-,Narmada,Narmada,-,-,-,-,21.82000000,74.22000000,17-09-2022 10:00,0.5
339,Dhadgaon,NCA,27,Maharashtra,486,Nandurbar,Dhadgaon,-,-,Narmada,Narmada,-,-,-,-,21.82000000,74.22000000,17-09-2022 10:00,0.5
340,Dhadgaon,NCA,27,Maharashtra,486,Nandurbar,Dhadgaon,-,-,Narmada,Narmada,-,-,-,-,21.82000000,74.22000000,17-09-2022 13:00,0.5
341,Dhadgaon,NCA,27,Maharashtra,486,Nandurbar,Dhadgaon,-,-,Narmada,Narmada,-,-,-,-,21.82000000,74.22000000,17-09-2022 13:00,0.5
342,Dhadgaon,NCA,27,Maharashtra,486,Nandurbar,Dhadgaon,-,-,Narmada,Narmada,-,-,-,-,21.82000000,74.22000000,17-09-2022 14:00,0.5
343,Dhadgaon,NCA,27,Maharashtra,486,Nandurbar,Dhadgaon,-,-,Narmada,Narmada,-,-,-,-,21.82000000,74.22000000,17-09-2022 14:00,0.5
344,Dhadgaon,NCA,27,Maharashtra,486,Nandurbar,Dhadgaon,-,-,Narmada,Narmada,-,-,-,-,21.82000000,74.22000000,17-09-2022 17:00,0.5
345,Dhadgaon,NCA,27,Maharashtra,486,Nandurbar,Dhadgaon,-,-,Narmada,Narmada,-,-,-,-,21.82000000,74.22000000,17-09-2022 17:00,0.5
346,Dhadgaon,NCA,27,Maharashtra,486,Nandurbar,Dhadgaon,-,-,Narmada,Narmada,-,-,-,-,21.82000000,74.22000000,17-09-2022 19:00,1
347,Dhadgaon,NCA,27,Maharashtra,486,Nandurbar,Dhadgaon,-,-,Narmada,Narmada,-,-,-,-,21.82000000,74.22000000,17-09-2022 19:00,1
348,Dhadgaon,NCA,27,Maharashtra,486,Nandurbar,Dhadgaon,-,-,Narmada,Narmada,-,-,-,-,21.82000000,74.22000000,17-09-2022 20:00,0.5
349,Dhadgaon,NCA,27,Maharashtra,486,Nandurbar,Dhadgaon,-,-,Narmada,Narmada,-,-,-,-,21.82000000,74.22000000,17-09-2022 20:00,0.5
350,Dhadgaon,NCA,27,Maharashtra,486,Nandurbar,Dhadgaon,-,-,Narmada,Narmada,-,-,-,-,21.82000000,74.22000000,17-09-2022 21:00,0.5
351,Dhadgaon,NCA,27,Maharashtra,486,Nandurbar,Dhadgaon,-,-,Narmada,Narmada,-,-,-,-,21.82000000,74.22000000,17-09-2022 21:00,0.5
352,Dhadgaon,NCA,27,Maharashtra,486,Nandurbar,Dhadgaon,-,-,Narmada,Narmada,-,-,-,-,21.82000000,74.22000000,17-09-2022 22:00,0.5
353,Dhadgaon,NCA,27,Maharashtra,486,Nandurbar,Dhadgaon,-,-,Narmada,Narmada,-,-,-,-,21.82000000,74.22000000,17-09-2022 22:00,0.5
354,Dhadgaon,NCA,27,Maharashtra,486,Nandurbar,Dhadgaon,-,-,Narmada,Narmada,-,-,-,-,21.82000000,74.22000000,18-09-2022 01:00,0.5
355,Dhadgaon,NCA,27,Maharashtra,486,Nandurbar,Dhadgaon,-,-,Narmada,Narmada,-,-,-,-,21.82000000,74.22000000,18-09-2022 01:00,0.5
356,Dhadgaon,NCA,27,Maharashtra,486,Nandurbar,Dhadgaon,-,-,Narmada,Narmada,-,-,-,-,21.82000000,74.22000000,18-09-2022 05:00,0.5
357,Dhadgaon,NCA,27,Maharashtra,486,Nandurbar,Dhadgaon,-,-,Narmada,Narmada,-,-,-,-,21.82000000,74.22000000,18-09-2022 09:00,0.5
358,Dhadgaon,NCA,27,Maharashtra,486,Nandurbar,Dhadgaon,-,-,Narmada,Narmada,-,-,-,-,21.82000000,74.22000000,18-09-2022 18:00,0.5
359,Dhadgaon,NCA,27,Maharashtra,486,Nandurbar,Dhadgaon,-,-,Narmada,Narmada,-,-,-,-,21.82000000,74.22000000,18-09-2022 18:00,0.5
360,Dhadgaon,NCA,27,Maharashtra,486,Nandurbar,Dhadgaon,-,-,Narmada,Narmada,-,-,-,-,21.82000000,74.22000000,18-09-2022 22:00,0.5
361,Dhadgaon,NCA,27,Maharashtra,486,Nandurbar,Dhadgaon,-,-,Narmada,Narmada,-,-,-,-,21.82000000,74.22000000,19-09-2022 02:00,0.5
362,Dhadgaon,NCA,27,Maharashtra,486,Nandurbar,Dhadgaon,-,-,Narmada,Narmada,-,-,-,-,21.82000000,74.22000000,19-09-2022 02:00,0.5
363,Dhadgaon,NCA,27,Maharashtra,486,Nandurbar,Dhadgaon,-,-,Narmada,Narmada,-,-,-,-,21.82000000,74.22000000,19-09-2022 07:00,0.5
364,Dhadgaon,NCA,27,Maharashtra,486,Nandurbar,Dhadgaon,-,-,Narmada,Narmada,-,-,-,-,21.82000000,74.22000000,19-09-2022 07:00,0.5
365,Dhadgaon,NCA,27,Maharashtra,486,Nandurbar,Dhadgaon,-,-,Narmada,Narmada,-,-,-,-,21.82000000,74.22000000,19-09-2022 17:00,0.5
366,Dhadgaon,NCA,27,Maharashtra,486,Nandurbar,Dhadgaon,-,-,Narmada,Narmada,-,-,-,-,21.82000000,74.22000000,19-09-2022 17:00,0.5
367,Dhadgaon,NCA,27,Maharashtra,486,Nandurbar,Dhadgaon,-,-,Narmada,Narmada,-,-,-,-,21.82000000,74.22000000,19-09-2022 22:00,0.5
368,Dhadgaon,NCA,27,Maharashtra,486,Nandurbar,Dhadgaon,-,-,Narmada,Narmada,-,-,-,-,21.82000000,74.22000000,20-09-2022 03:00,0.5
369,Dhadgaon,NCA,27,Maharashtra,486,Nandurbar,Dhadgaon,-,-,Narmada,Narmada,-,-,-,-,21.82000000,74.22000000,20-09-2022 12:00,0.5
370,Dhadgaon,NCA,27,Maharashtra,486,Nandurbar,Dhadgaon,-,-,Narmada,Narmada,-,-,-,-,21.82000000,74.22000000,20-09-2022 15:00,0.5
371,Dhadgaon,NCA,27,Maharashtra,486,Nandurbar,Dhadgaon,-,-,Narmada,Narmada,-,-,-,-,21.82000000,74.22000000,20-09-2022 18:00,0.5
372,Dhadgaon,NCA,27,Maharashtra,486,Nandurbar,Dhadgaon,-,-,Narmada,Narmada,-,-,-,-,21.82000000,74.22000000,20-09-2022 21:00,0.5
373,Dhadgaon,NCA,27,Maharashtra,486,Nandurbar,Dhadgaon,-,-,Narmada,Narmada,-,-,-,-,21.82000000,74.22000000,21-09-2022 00:00,0.5
374,Dhadgaon,NCA,27,Maharashtra,486,Nandurbar,Dhadgaon,-,-,Narmada,Narmada,-,-,-,-,21.82000000,74.22000000,21-09-2022 03:00,0.5
375,Dhadgaon,NCA,27,Maharashtra,486,Nandurbar,Dhadgaon,-,-,Narmada,Narmada,-,-,-,-,21.82000000,74.22000000,21-09-2022 05:00,0.5
376,Dhadgaon,NCA,27,Maharashtra,486,Nandurbar,Dhadgaon,-,-,Narmada,Narmada,-,-,-,-,21.82000000,74.22000000,21-09-2022 08:00,0.5
377,Dhadgaon,NCA,27,Maharashtra,486,Nandurbar,Dhadgaon,-,-,Narmada,Narmada,-,-,-,-,21.82000000,74.22000000,21-09-2022 12:00,0.5
378,Dhadgaon,NCA,27,Maharashtra,486,Nandurbar,Dhadgaon,-,-,Narmada,Narmada,-,-,-,-,21.82000000,74.22000000,21-09-2022 15:00,6
379,Dhadgaon,NCA,27,Maharashtra,486,Nandurbar,Dhadgaon,-,-,Narmada,Narmada,-,-,-,-,21.82000000,74.22000000,21-09-2022 15:00,6
380,Dhadgaon,NCA,27,Maharashtra,486,Nandurbar,Dhadgaon,-,-,Narmada,Narmada,-,-,-,-,21.82000000,74.22000000,27-09-2022 16:00,2
381,Dhadgaon,NCA,27,Maharashtra,486,Nandurbar,Dhadgaon,-,-,Narmada,Narmada,-,-,-,-,21.82000000,74.22000000,27-09-2022 16:00,2
382,Dhadgaon,NCA,27,Maharashtra,486,Nandurbar,Dhadgaon,-,-,Narmada,Narmada,-,-,-,-,21.82000000,74.22000000,27-09-2022 17:00,0.5
383,Dhadgaon,NCA,27,Maharashtra,486,Nandurbar,Dhadgaon,-,-,Narmada,Narmada,-,-,-,-,21.82000000,74.22000000,29-09-2022 15:00,5.5
384,Dhadgaon,NCA,27,Maharashtra,486,Nandurbar,Dhadgaon,-,-,Narmada,Narmada,-,-,-,-,21.82000000,74.22000000,29-09-2022 16:00,0.5
385,Dhadgaon,NCA,27,Maharashtra,486,Nandurbar,Dhadgaon,-,-,Narmada,Narmada,-,-,-,-,21.82000000,74.22000000,07-10-2022 05:00,1.5
386,Dhadgaon,NCA,27,Maharashtra,486,Nandurbar,Dhadgaon,-,-,Narmada,Narmada,-,-,-,-,21.82000000,74.22000000,07-10-2022 06:00,0.5
387,Dhadgaon,NCA,27,Maharashtra,486,Nandurbar,Dhadgaon,-,-,Narmada,Narmada,-,-,-,-,21.82000000,74.22000000,07-10-2022 07:00,0.5
388,Dhadgaon,NCA,27,Maharashtra,486,Nandurbar,Dhadgaon,-,-,Narmada,Narmada,-,-,-,-,21.82000000,74.22000000,07-10-2022 22:00,5
389,Dhadgaon,NCA,27,Maharashtra,486,Nandurbar,Dhadgaon,-,-,Narmada,Narmada,-,-,-,-,21.82000000,74.22000000,07-10-2022 23:00,4.5
390,Dhadgaon,NCA,27,Maharashtra,486,Nandurbar,Dhadgaon,-,-,Narmada,Narmada,-,-,-,-,21.82000000,74.22000000,08-10-2022 00:00,0.5
391,Dhadgaon,NCA,27,Maharashtra,486,Nandurbar,Dhadgaon,-,-,Narmada,Narmada,-,-,-,-,21.82000000,74.22000000,08-10-2022 03:00,0.5
392,Dhadgaon,NCA,27,Maharashtra,486,Nandurbar,Dhadgaon,-,-,Narmada,Narmada,-,-,-,-,21.82000000,74.22000000,08-10-2022 18:00,4.5
393,Dhadgaon,NCA,27,Maharashtra,486,Nandurbar,Dhadgaon,-,-,Narmada,Narmada,-,-,-,-,21.82000000,74.22000000,10-10-2022 16:00,13
394,Dhadgaon,NCA,27,Maharashtra,486,Nandurbar,Dhadgaon,-,-,Narmada,Narmada,-,-,-,-,21.82000000,74.22000000,10-10-2022 17:00,8
395,Dhadgaon,NCA,27,Maharashtra,486,Nandurbar,Dhadgaon,-,-,Narmada,Narmada,-,-,-,-,21.82000000,74.22000000,06-03-2023 18:00,0.5
396,Dhadgaon,NCA,27,Maharashtra,486,Nandurbar,Dhadgaon,-,-,Narmada,Narmada,-,-,-,-,21.82000000,74.22000000,15-03-2023 18:00,1
397,Dhadgaon,NCA,27,Maharashtra,486,Nandurbar,Dhadgaon,-,-,Narmada,Narmada,-,-,-,-,21.82000000,74.22000000,16-03-2023 01:00,0.5
398,Dhadgaon,NCA,27,Maharashtra,486,Nandurbar,Dhadgaon,-,-,Narmada,Narmada,-,-,-,-,21.82000000,74.22000000,16-03-2023 04:00,4.5
399,Dhadgaon,NCA,27,Maharashtra,486,Nandurbar,Dhadgaon,-,-,Narmada,Narmada,-,-,-,-,21.82000000,74.22000000,17-03-2023 16:00,0.5
400,Dhadgaon,NCA,27,Maharashtra,486,Nandurbar,Dhadgaon,-,-,Narmada,Narmada,-,-,-,-,21.82000000,74.22000000,17-03-2023 18:00,0.5
401,Dhadgaon,NCA,27,Maharashtra,486,Nandurbar,Dhadgaon,-,-,Narmada,Narmada,-,-,-,-,21.82000000,74.22000000,20-03-2023 15:00,1.5
402,Dhadgaon,NCA,27,Maharashtra,486,Nandurbar,Dhadgaon,-,-,Narmada,Narmada,-,-,-,-,21.82000000,74.22000000,24-03-2023 20:00,0.5
403,Dhadgaon,NCA,27,Maharashtra,486,Nandurbar,Dhadgaon,-,-,Narmada,Narmada,-,-,-,-,21.82000000,74.22000000,18-04-2023 08:00,0.5
404,Dhadgaon,NCA,27,Maharashtra,486,Nandurbar,Dhadgaon,-,-,Narmada,Narmada,-,-,-,-,21.82000000,74.22000000,19-04-2023 08:00,0.5
405,Dhadgaon,NCA,27,Maharashtra,486,Nandurbar,Dhadgaon,-,-,Narmada,Narmada,-,-,-,-,21.82000000,74.22000000,22-04-2023 16:00,0.5
406,Dhadgaon,NCA,27,Maharashtra,486,Nandurbar,Dhadgaon,-,-,Narmada,Narmada,-,-,-,-,21.82000000,74.22000000,25-04-2023 03:00,18
407,Dhadgaon,NCA,27,Maharashtra,486,Nandurbar,Dhadgaon,-,-,Narmada,Narmada,-,-,-,-,21.82000000,74.22000000,02-05-2023 11:00,7
408,Dhadgaon,NCA,27,Maharashtra,486,Nandurbar,Dhadgaon,-,-,Narmada,Narmada,-,-,-,-,21.82000000,74.22000000,02-05-2023 16:00,0.5
409,Dhadgaon,NCA,27,Maharashtra,486,Nandurbar,Dhadgaon,-,-,Narmada,Narmada,-,-,-,-,21.82000000,74.22000000,02-05-2023 18:00,0.5
410,Dhadgaon,NCA,27,Maharashtra,486,Nandurbar,Dhadgaon,-,-,Narmada,Narmada,-,-,-,-,21.82000000,74.22000000,03-05-2023 09:00,0.5
411,Dhadgaon,NCA,27,Maharashtra,486,Nandurbar,Dhadgaon,-,-,Narmada,Narmada,-,-,-,-,21.82000000,74.22000000,04-05-2023 10:00,2
412,Dhadgaon,NCA,27,Maharashtra,486,Nandurbar,Dhadgaon,-,-,Narmada,Narmada,-,-,-,-,21.82000000,74.22000000,04-05-2023 12:00,1.5
413,Dhadgaon,NCA,27,Maharashtra,486,Nandurbar,Dhadgaon,-,-,Narmada,Narmada,-,-,-,-,21.82000000,74.22000000,04-05-2023 15:00,6
414,Dhadgaon,NCA,27,Maharashtra,486,Nandurbar,Dhadgaon,-,-,Narmada,Narmada,-,-,-,-,21.82000000,74.22000000,04-05-2023 16:00,6.5
415,Dhadgaon,NCA,27,Maharashtra,486,Nandurbar,Dhadgaon,-,-,Narmada,Narmada,-,-,-,-,21.82000000,74.22000000,04-05-2023 17:00,1.5
416,Dhadgaon,NCA,27,Maharashtra,486,Nandurbar,Dhadgaon,-,-,Narmada,Narmada,-,-,-,-,21.82000000,74.22000000,05-05-2023 08:00,1
417,Dhadgaon,NCA,27,Maharashtra,486,Nandurbar,Dhadgaon,-,-,Narmada,Narmada,-,-,-,-,21.82000000,74.22000000,05-05-2023 09:00,0.5
418,Dhadgaon,NCA,27,Maharashtra,486,Nandurbar,Dhadgaon,-,-,Narmada,Narmada,-,-,-,-,21.82000000,74.22000000,05-05-2023 17:00,0.5
419,Dhadgaon,NCA,27,Maharashtra,486,Nandurbar,Dhadgaon,-,-,Narmada,Narmada,-,-,-,-,21.82000000,74.22000000,06-05-2023 09:00,0.5
420,Dhadgaon,NCA,27,Maharashtra,486,Nandurbar,Dhadgaon,-,-,Narmada,Narmada,-,-,-,-,21.82000000,74.22000000,06-05-2023 14:00,0.5
421,Dhadgaon,NCA,27,Maharashtra,486,Nandurbar,Dhadgaon,-,-,Narmada,Narmada,-,-,-,-,21.82000000,74.22000000,07-05-2023 01:00,0.5
422,Dhadgaon,NCA,27,Maharashtra,486,Nandurbar,Dhadgaon,-,-,Narmada,Narmada,-,-,-,-,21.82000000,74.22000000,08-05-2023 07:00,1
423,Dhadgaon,NCA,27,Maharashtra,486,Nandurbar,Dhadgaon,-,-,Narmada,Narmada,-,-,-,-,21.82000000,74.22000000,08-05-2023 08:00,0.5
424,Dhadgaon,NCA,27,Maharashtra,486,Nandurbar,Dhadgaon,-,-,Narmada,Narmada,-,-,-,-,21.82000000,74.22000000,08-05-2023 20:00,0.5
425,Dhadgaon,NCA,27,Maharashtra,486,Nandurbar,Dhadgaon,-,-,Narmada,Narmada,-,-,-,-,21.82000000,74.22000000,11-05-2023 08:00,1
426,Dhadgaon,NCA,27,Maharashtra,486,Nandurbar,Dhadgaon,-,-,Narmada,Narmada,-,-,-,-,21.82000000,74.22000000,24-05-2023 08:00,0.5
427,Dhadgaon,NCA,27,Maharashtra,486,Nandurbar,Dhadgaon,-,-,Narmada,Narmada,-,-,-,-,21.82000000,74.22000000,29-05-2023 09:00,1
428,Dhadgaon,NCA,27,Maharashtra,486,Nandurbar,Dhadgaon,-,-,Narmada,Narmada,-,-,-,-,21.82000000,74.22000000,30-05-2023 08:00,1
429,Dhadgaon,NCA,27,Maharashtra,486,Nandurbar,Dhadgaon,-,-,Narmada,Narmada,-,-,-,-,21.82000000,74.22000000,01-06-2023 14:00,1
430,Dhadgaon,NCA,27,Maharashtra,486,Nandurbar,Dhadgaon,-,-,Narmada,Narmada,-,-,-,-,21.82000000,74.22000000,04-06-2023 08:00,0.5
431,Dhadgaon,NCA,27,Maharashtra,486,Nandurbar,Dhadgaon,-,-,Narmada,Narmada,-,-,-,-,21.82000000,74.22000000,05-06-2023 08:00,0.5
432,Dhadgaon,NCA,27,Maharashtra,486,Nandurbar,Dhadgaon,-,-,Narmada,Narmada,-,-,-,-,21.82000000,74.22000000,25-06-2023 06:00,224
433,Dhadgaon,NCA,27,Maharashtra,486,Nandurbar,Dhadgaon,-,-,Narmada,Narmada,-,-,-,-,21.82000000,74.22000000,03-07-2023 01:00,0.5
434,Dhadgaon,NCA,27,Maharashtra,486,Nandurbar,Dhadgaon,-,-,Narmada,Narmada,-,-,-,-,21.82000000,74.22000000,03-07-2023 05:00,0.5
435,Dhadgaon,NCA,27,Maharashtra,486,Nandurbar,Dhadgaon,-,-,Narmada,Narmada,-,-,-,-,21.82000000,74.22000000,03-07-2023 20:00,1
436,Dhadgaon,NCA,27,Maharashtra,486,Nandurbar,Dhadgaon,-,-,Narmada,Narmada,-,-,-,-,21.82000000,74.22000000,03-07-2023 21:00,9.5
437,Dhadgaon,NCA,27,Maharashtra,486,Nandurbar,Dhadgaon,-,-,Narmada,Narmada,-,-,-,-,21.82000000,74.22000000,03-07-2023 22:00,1
438,Dhadgaon,NCA,27,Maharashtra,486,Nandurbar,Dhadgaon,-,-,Narmada,Narmada,-,-,-,-,21.82000000,74.22000000,03-07-2023 23:00,5.5
439,Dhadgaon,NCA,27,Maharashtra,486,Nandurbar,Dhadgaon,-,-,Narmada,Narmada,-,-,-,-,21.82000000,74.22000000,04-07-2023 00:00,1.5
440,Dhadgaon,NCA,27,Maharashtra,486,Nandurbar,Dhadgaon,-,-,Narmada,Narmada,-,-,-,-,21.82000000,74.22000000,05-07-2023 00:00,2.5
441,Dhadgaon,NCA,27,Maharashtra,486,Nandurbar,Dhadgaon,-,-,Narmada,Narmada,-,-,-,-,21.82000000,74.22000000,05-07-2023 10:00,9
442,Dhadgaon,NCA,27,Maharashtra,486,Nandurbar,Dhadgaon,-,-,Narmada,Narmada,-,-,-,-,21.82000000,74.22000000,05-07-2023 19:00,0.5
443,Dhadgaon,NCA,27,Maharashtra,486,Nandurbar,Dhadgaon,-,-,Narmada,Narmada,-,-,-,-,21.82000000,74.22000000,06-07-2023 07:00,68
444,Dhadgaon,NCA,27,Maharashtra,486,Nandurbar,Dhadgaon,-,-,Narmada,Narmada,-,-,-,-,21.82000000,74.22000000,06-07-2023 11:00,0.5
445,Dhadgaon,NCA,27,Maharashtra,486,Nandurbar,Dhadgaon,-,-,Narmada,Narmada,-,-,-,-,21.82000000,74.22000000,10-07-2023 10:00,0.5
446,Dhadgaon,NCA,27,Maharashtra,486,Nandurbar,Dhadgaon,-,-,Narmada,Narmada,-,-,-,-,21.82000000,74.22000000,26-08-2023 16:00,0.5
447,Dhadgaon,NCA,27,Maharashtra,486,Nandurbar,Dhadgaon,-,-,Narmada,Narmada,-,-,-,-,21.82000000,74.22000000,26-08-2023 16:00,0.5
448,Dhadgaon,NCA,27,Maharashtra,486,Nandurbar,Dhadgaon,-,-,Narmada,Narmada,-,-,-,-,21.82000000,74.22000000,26-08-2023 17:00,1
449,Dhadgaon,NCA,27,Maharashtra,486,Nandurbar,Dhadgaon,-,-,Narmada,Narmada,-,-,-,-,21.82000000,74.22000000,26-08-2023 17:00,1
450,Dhadgaon,NCA,27,Maharashtra,486,Nandurbar,Dhadgaon,-,-,Narmada,Narmada,-,-,-,-,21.82000000,74.22000000,26-08-2023 18:00,5
451,Dhadgaon,NCA,27,Maharashtra,486,Nandurbar,Dhadgaon,-,-,Narmada,Narmada,-,-,-,-,21.82000000,74.22000000,26-08-2023 18:00,5
452,Dhadgaon,NCA,27,Maharashtra,486,Nandurbar,Dhadgaon,-,-,Narmada,Narmada,-,-,-,-,21.82000000,74.22000000,06-09-2023 15:00,5
453,Dhadgaon,NCA,27,Maharashtra,486,Nandurbar,Dhadgaon,-,-,Narmada,Narmada,-,-,-,-,21.82000000,74.22000000,06-09-2023 16:00,17.5
454,Dhadgaon,NCA,27,Maharashtra,486,Nandurbar,Dhadgaon,-,-,Narmada,Narmada,-,-,-,-,21.82000000,74.22000000,06-09-2023 17:00,33
455,Dhadgaon,NCA,27,Maharashtra,486,Nandurbar,Dhadgaon,-,-,Narmada,Narmada,-,-,-,-,21.82000000,74.22000000,06-09-2023 18:00,1
456,Dhadgaon,NCA,27,Maharashtra,486,Nandurbar,Dhadgaon,-,-,Narmada,Narmada,-,-,-,-,21.82000000,74.22000000,06-09-2023 23:00,0.5
457,Dhadgaon,NCA,27,Maharashtra,486,Nandurbar,Dhadgaon,-,-,Narmada,Narmada,-,-,-,-,21.82000000,74.22000000,07-09-2023 04:00,0.5
458,Dhadgaon,NCA,27,Maharashtra,486,Nandurbar,Dhadgaon,-,-,Narmada,Narmada,-,-,-,-,21.82000000,74.22000000,07-09-2023 05:00,0.5
459,Dhadgaon,NCA,27,Maharashtra,486,Nandurbar,Dhadgaon,-,-,Narmada,Narmada,-,-,-,-,21.82000000,74.22000000,07-09-2023 14:00,1
460,Dhadgaon,NCA,27,Maharashtra,486,Nandurbar,Dhadgaon,-,-,Narmada,Narmada,-,-,-,-,21.82000000,74.22000000,07-09-2023 15:00,0.5
461,Dhadgaon,NCA,27,Maharashtra,486,Nandurbar,Dhadgaon,-,-,Narmada,Narmada,-,-,-,-,21.82000000,74.22000000,07-09-2023 16:00,0.5
462,Dhadgaon,NCA,27,Maharashtra,486,Nandurbar,Dhadgaon,-,-,Narmada,Narmada,-,-,-,-,21.82000000,74.22000000,07-09-2023 23:00,1
463,Dhadgaon,NCA,27,Maharashtra,486,Nandurbar,Dhadgaon,-,-,Narmada,Narmada,-,-,-,-,21.82000000,74.22000000,08-09-2023 00:00,0.5
464,Dhadgaon,NCA,27,Maharashtra,486,Nandurbar,Dhadgaon,-,-,Narmada,Narmada,-,-,-,-,21.82000000,74.22000000,08-09-2023 01:00,0.5
465,Dhadgaon,NCA,27,Maharashtra,486,Nandurbar,Dhadgaon,-,-,Narmada,Narmada,-,-,-,-,21.82000000,74.22000000,08-09-2023 10:00,0.5
466,Dhadgaon,NCA,27,Maharashtra,486,Nandurbar,Dhadgaon,-,-,Narmada,Narmada,-,-,-,-,21.82000000,74.22000000,08-09-2023 12:00,0.5
467,Dhadgaon,NCA,27,Maharashtra,486,Nandurbar,Dhadgaon,-,-,Narmada,Narmada,-,-,-,-,21.82000000,74.22000000,08-09-2023 13:00,0.5
468,Dhadgaon,NCA,27,Maharashtra,486,Nandurbar,Dhadgaon,-,-,Narmada,Narmada,-,-,-,-,21.82000000,74.22000000,08-09-2023 19:00,3.5
469,Dhadgaon,NCA,27,Maharashtra,486,Nandurbar,Dhadgaon,-,-,Narmada,Narmada,-,-,-,-,21.82000000,74.22000000,08-09-2023 20:00,1
470,Dhadgaon,NCA,27,Maharashtra,486,Nandurbar,Dhadgaon,-,-,Narmada,Narmada,-,-,-,-,21.82000000,74.22000000,08-09-2023 21:00,3
471,Dhadgaon,NCA,27,Maharashtra,486,Nandurbar,Dhadgaon,-,-,Narmada,Narmada,-,-,-,-,21.82000000,74.22000000,08-09-2023 22:00,15
472,Dhadgaon,NCA,27,Maharashtra,486,Nandurbar,Dhadgaon,-,-,Narmada,Narmada,-,-,-,-,21.82000000,74.22000000,09-09-2023 05:00,0.5
473,Dhadgaon,NCA,27,Maharashtra,486,Nandurbar,Dhadgaon,-,-,Narmada,Narmada,-,-,-,-,21.82000000,74.22000000,09-09-2023 06:00,1
474,Dhadgaon,NCA,27,Maharashtra,486,Nandurbar,Dhadgaon,-,-,Narmada,Narmada,-,-,-,-,21.82000000,74.22000000,09-09-2023 07:00,2
475,Dhadgaon,NCA,27,Maharashtra,486,Nandurbar,Dhadgaon,-,-,Narmada,Narmada,-,-,-,-,21.82000000,74.22000000,09-09-2023 08:00,1
476,Dhadgaon,NCA,27,Maharashtra,486,Nandurbar,Dhadgaon,-,-,Narmada,Narmada,-,-,-,-,21.82000000,74.22000000,09-09-2023 09:00,5.5
477,Dhadgaon,NCA,27,Maharashtra,486,Nandurbar,Dhadgaon,-,-,Narmada,Narmada,-,-,-,-,21.82000000,74.22000000,09-09-2023 10:00,5
478,Dhadgaon,NCA,27,Maharashtra,486,Nandurbar,Dhadgaon,-,-,Narmada,Narmada,-,-,-,-,21.82000000,74.22000000,10-09-2023 03:00,7
479,Dhadgaon,NCA,27,Maharashtra,486,Nandurbar,Dhadgaon,-,-,Narmada,Narmada,-,-,-,-,21.82000000,74.22000000,10-09-2023 04:00,2
480,Dhadgaon,NCA,27,Maharashtra,486,Nandurbar,Dhadgaon,-,-,Narmada,Narmada,-,-,-,-,21.82000000,74.22000000,10-09-2023 05:00,0.5
481,Dhadgaon,NCA,27,Maharashtra,486,Nandurbar,Dhadgaon,-,-,Narmada,Narmada,-,-,-,-,21.82000000,74.22000000,10-09-2023 20:00,48
482,Dhadgaon,NCA,27,Maharashtra,486,Nandurbar,Dhadgaon,-,-,Narmada,Narmada,-,-,-,-,21.82000000,74.22000000,13-09-2023 14:00,193
483,Dhadgaon,NCA,27,Maharashtra,486,Nandurbar,Dhadgaon,-,-,Narmada,Narmada,-,-,-,-,21.82000000,74.22000000,15-09-2023 11:00,0.5
484,Dhadgaon,NCA,27,Maharashtra,486,Nandurbar,Dhadgaon,-,-,Narmada,Narmada,-,-,-,-,21.82000000,74.22000000,15-09-2023 12:00,1.5
485,Dhadgaon,NCA,27,Maharashtra,486,Nandurbar,Dhadgaon,-,-,Narmada,Narmada,-,-,-,-,21.82000000,74.22000000,16-09-2023 04:00,2
486,Dhadgaon,NCA,27,Maharashtra,486,Nandurbar,Dhadgaon,-,-,Narmada,Narmada,-,-,-,-,21.82000000,74.22000000,16-09-2023 05:00,2.5
487,Dhadgaon,NCA,27,Maharashtra,486,Nandurbar,Dhadgaon,-,-,Narmada,Narmada,-,-,-,-,21.82000000,74.22000000,16-09-2023 06:00,6
488,Dhadgaon,NCA,27,Maharashtra,486,Nandurbar,Dhadgaon,-,-,Narmada,Narmada,-,-,-,-,21.82000000,74.22000000,16-09-2023 07:00,15
489,Dhadgaon,NCA,27,Maharashtra,486,Nandurbar,Dhadgaon,-,-,Narmada,Narmada,-,-,-,-,21.82000000,74.22000000,16-09-2023 08:00,8.5
490,Dhadgaon,NCA,27,Maharashtra,486,Nandurbar,Dhadgaon,-,-,Narmada,Narmada,-,-,-,-,21.82000000,74.22000000,16-09-2023 09:00,3
491,Dhadgaon,NCA,27,Maharashtra,486,Nandurbar,Dhadgaon,-,-,Narmada,Narmada,-,-,-,-,21.82000000,74.22000000,16-09-2023 10:00,14.5
492,Dhadgaon,NCA,27,Maharashtra,486,Nandurbar,Dhadgaon,-,-,Narmada,Narmada,-,-,-,-,21.82000000,74.22000000,16-09-2023 11:00,8.5
493,Dhadgaon,NCA,27,Maharashtra,486,Nandurbar,Dhadgaon,-,-,Narmada,Narmada,-,-,-,-,21.82000000,74.22000000,16-09-2023 12:00,5.5
494,Dhadgaon,NCA,27,Maharashtra,486,Nandurbar,Dhadgaon,-,-,Narmada,Narmada,-,-,-,-,21.82000000,74.22000000,16-09-2023 13:00,3
495,Dhadgaon,NCA,27,Maharashtra,486,Nandurbar,Dhadgaon,-,-,Narmada,Narmada,-,-,-,-,21.82000000,74.22000000,16-09-2023 17:00,0.5
496,Dhadgaon,NCA,27,Maharashtra,486,Nandurbar,Dhadgaon,-,-,Narmada,Narmada,-,-,-,-,21.82000000,74.22000000,16-09-2023 18:00,2
497,Dhadgaon,NCA,27,Maharashtra,486,Nandurbar,Dhadgaon,-,-,Narmada,Narmada,-,-,-,-,21.82000000,74.22000000,16-09-2023 19:00,2.5
498,Dhadgaon,NCA,27,Maharashtra,486,Nandurbar,Dhadgaon,-,-,Narmada,Narmada,-,-,-,-,21.82000000,74.22000000,16-09-2023 22:00,0.5
499,Dhadgaon,NCA,27,Maharashtra,486,Nandurbar,Dhadgaon,-,-,Narmada,Narmada,-,-,-,-,21.82000000,74.22000000,17-09-2023 04:00,1.5
500,Dhadgaon,NCA,27,Maharashtra,486,Nandurbar,Dhadgaon,-,-,Narmada,Narmada,-,-,-,-,21.82000000,74.22000000,17-09-2023 05:00,1
501,Dhadgaon,NCA,27,Maharashtra,486,Nandurbar,Dhadgaon,-,-,Narmada,Narmada,-,-,-,-,21.82000000,74.22000000,17-09-2023 06:00,1.5
502,Dhadgaon,NCA,27,Maharashtra,486,Nandurbar,Dhadgaon,-,-,Narmada,Narmada,-,-,-,-,21.82000000,74.22000000,17-09-2023 07:00,0.5
503,Dhadgaon,NCA,27,Maharashtra,486,Nandurbar,Dhadgaon,-,-,Narmada,Narmada,-,-,-,-,21.82000000,74.22000000,17-09-2023 08:00,1
504,Dhadgaon,NCA,27,Maharashtra,486,Nandurbar,Dhadgaon,-,-,Narmada,Narmada,-,-,-,-,21.82000000,74.22000000,17-09-2023 10:00,0.5
505,Dhadgaon,NCA,27,Maharashtra,486,Nandurbar,Dhadgaon,-,-,Narmada,Narmada,-,-,-,-,21.82000000,74.22000000,17-09-2023 11:00,1
506,Dhadgaon,NCA,27,Maharashtra,486,Nandurbar,Dhadgaon,-,-,Narmada,Narmada,-,-,-,-,21.82000000,74.22000000,17-09-2023 16:00,1
507,Dhadgaon,NCA,27,Maharashtra,486,Nandurbar,Dhadgaon,-,-,Narmada,Narmada,-,-,-,-,21.82000000,74.22000000,17-09-2023 17:00,2.5
508,Dhadgaon,NCA,27,Maharashtra,486,Nandurbar,Dhadgaon,-,-,Narmada,Narmada,-,-,-,-,21.82000000,74.22000000,17-09-2023 18:00,1
509,Dhadgaon,NCA,27,Maharashtra,486,Nandurbar,Dhadgaon,-,-,Narmada,Narmada,-,-,-,-,21.82000000,74.22000000,18-09-2023 06:00,1.5
510,Dhadgaon,NCA,27,Maharashtra,486,Nandurbar,Dhadgaon,-,-,Narmada,Narmada,-,-,-,-,21.82000000,74.22000000,18-09-2023 07:00,2
511,Dhadgaon,NCA,27,Maharashtra,486,Nandurbar,Dhadgaon,-,-,Narmada,Narmada,-,-,-,-,21.82000000,74.22000000,19-09-2023 04:00,0.5
512,Dhadgaon,NCA,27,Maharashtra,486,Nandurbar,Dhadgaon,-,-,Narmada,Narmada,-,-,-,-,21.82000000,74.22000000,20-09-2023 15:00,0.5
513,Dhadgaon,NCA,27,Maharashtra,486,Nandurbar,Dhadgaon,-,-,Narmada,Narmada,-,-,-,-,21.82000000,74.22000000,23-09-2023 18:00,0.5
514,Dhadgaon,NCA,27,Maharashtra,486,Nandurbar,Dhadgaon,-,-,Narmada,Narmada,-,-,-,-,21.82000000,74.22000000,24-09-2023 14:00,1
515,Dhadgaon,NCA,27,Maharashtra,486,Nandurbar,Dhadgaon,-,-,Narmada,Narmada,-,-,-,-,21.82000000,74.22000000,28-09-2023 19:00,2.5
516,Dhadgaon,NCA,27,Maharashtra,486,Nandurbar,Dhadgaon,-,-,Narmada,Narmada,-,-,-,-,21.82000000,74.22000000,21-10-2023 19:00,0.5
517,Dhadgaon,NCA,27,Maharashtra,486,Nandurbar,Dhadgaon,-,-,Narmada,Narmada,-,-,-,-,21.82000000,74.22000000,26-11-2023 13:00,13
518,Dhadgaon,NCA,27,Maharashtra,486,Nandurbar,Dhadgaon,-,-,Narmada,Narmada,-,-,-,-,21.82000000,74.22000000,26-11-2023 14:00,2.5
519,Dhadgaon,NCA,27,Maharashtra,486,Nandurbar,Dhadgaon,-,-,Narmada,Narmada,-,-,-,-,21.82000000,74.22000000,26-11-2023 18:00,1
520,Dhadgaon,NCA,27,Maharashtra,486,Nandurbar,Dhadgaon,-,-,Narmada,Narmada,-,-,-,-,21.82000000,74.22000000,26-11-2023 19:00,2
521,Dhadgaon,NCA,27,Maharashtra,486,Nandurbar,Dhadgaon,-,-,Narmada,Narmada,-,-,-,-,21.82000000,74.22000000,26-11-2023 20:00,4.5
522,Dhadgaon,NCA,27,Maharashtra,486,Nandurbar,Dhadgaon,-,-,Narmada,Narmada,-,-,-,-,21.82000000,74.22000000,26-11-2023 22:00,2.5
523,Dhadgaon,NCA,27,Maharashtra,486,Nandurbar,Dhadgaon,-,-,Narmada,Narmada,-,-,-,-,21.82000000,74.22000000,26-11-2023 23:00,25
524,Dhadgaon,NCA,27,Maharashtra,486,Nandurbar,Dhadgaon,-,-,Narmada,Narmada,-,-,-,-,21.82000000,74.22000000,27-11-2023 00:00,6.5
525,Dhadgaon,NCA,27,Maharashtra,486,Nandurbar,Dhadgaon,-,-,Narmada,Narmada,-,-,-,-,21.82000000,74.22000000,27-11-2023 01:00,5.5
526,Dhadgaon,NCA,27,Maharashtra,486,Nandurbar,Dhadgaon,-,-,Narmada,Narmada,-,-,-,-,21.82000000,74.22000000,27-11-2023 02:00,5
527,Dhadgaon,NCA,27,Maharashtra,486,Nandurbar,Dhadgaon,-,-,Narmada,Narmada,-,-,-,-,21.82000000,74.22000000,27-11-2023 03:00,1.5
528,Dhadgaon,NCA,27,Maharashtra,486,Nandurbar,Dhadgaon,-,-,Narmada,Narmada,-,-,-,-,21.82000000,74.22000000,27-11-2023 04:00,8
529,Dhadgaon,NCA,27,Maharashtra,486,Nandurbar,Dhadgaon,-,-,Narmada,Narmada,-,-,-,-,21.82000000,74.22000000,27-11-2023 05:00,1
530,Dhadgaon,NCA,27,Maharashtra,486,Nandurbar,Dhadgaon,-,-,Narmada,Narmada,-,-,-,-,21.82000000,74.22000000,27-11-2023 06:00,1
531,Dhadgaon,NCA,27,Maharashtra,486,Nandurbar,Dhadgaon,-,-,Narmada,Narmada,-,-,-,-,21.82000000,74.22000000,27-11-2023 07:00,0.5
532,Dhadgaon,NCA,27,Maharashtra,486,Nandurbar,Dhadgaon,-,-,Narmada,Narmada,-,-,-,-,21.82000000,74.22000000,27-11-2023 08:00,0.5
533,Dhadgaon,NCA,27,Maharashtra,486,Nandurbar,Dhadgaon,-,-,Narmada,Narmada,-,-,-,-,21.82000000,74.22000000,27-11-2023 11:00,1.5
534,Dhadgaon,NCA,27,Maharashtra,486,Nandurbar,Dhadgaon,-,-,Narmada,Narmada,-,-,-,-,21.82000000,74.22000000,27-11-2023 12:00,0.5
535,Dhadgaon,NCA,27,Maharashtra,486,Nandurbar,Dhadgaon,-,-,Narmada,Narmada,-,-,-,-,21.82000000,74.22000000,21-01-2024 18:00,0.5
536,Dhadgaon,NCA,27,Maharashtra,486,Nandurbar,Dhadgaon,-,-,Narmada,Narmada,-,-,-,-,21.82000000,74.22000000,11-05-2024 18:00,1.5
537,Dhadgaon,NCA,27,Maharashtra,486,Nandurbar,Dhadgaon,-,-,Narmada,Narmada,-,-,-,-,21.82000000,74.22000000,13-05-2024 18:00,1
538,Dhadgaon,NCA,27,Maharashtra,486,Nandurbar,Dhadgaon,-,-,Narmada,Narmada,-,-,-,-,21.82000000,74.22000000,13-05-2024 19:00,0.5
539,Dhadgaon,NCA,27,Maharashtra,486,Nandurbar,Dhadgaon,-,-,Narmada,Narmada,-,-,-,-,21.82000000,74.22000000,13-05-2024 21:00,5
540,Dhadgaon,NCA,27,Maharashtra,486,Nandurbar,Dhadgaon,-,-,Narmada,Narmada,-,-,-,-,21.82000000,74.22000000,13-05-2024 22:00,10
541,Dhadgaon,NCA,27,Maharashtra,486,Nandurbar,Dhadgaon,-,-,Narmada,Narmada,-,-,-,-,21.82000000,74.22000000,13-05-2024 23:00,5.5
542,Dhadgaon,NCA,27,Maharashtra,486,Nandurbar,Dhadgaon,-,-,Narmada,Narmada,-,-,-,-,21.82000000,74.22000000,14-05-2024 00:00,1
543,Dhadgaon,NCA,27,Maharashtra,486,Nandurbar,Dhadgaon,-,-,Narmada,Narmada,-,-,-,-,21.82000000,74.22000000,14-05-2024 17:00,1
544,Dhadgaon,NCA,27,Maharashtra,486,Nandurbar,Dhadgaon,-,-,Narmada,Narmada,-,-,-,-,21.82000000,74.22000000,16-05-2024 19:00,2.5
545,Dhadgaon,NCA,27,Maharashtra,486,Nandurbar,Dhadgaon,-,-,Narmada,Narmada,-,-,-,-,21.82000000,74.22000000,03-06-2024 16:00,0.5
546,Dhadgaon,NCA,27,Maharashtra,486,Nandurbar,Dhadgaon,-,-,Narmada,Narmada,-,-,-,-,21.82000000,74.22000000,08-06-2024 07:00,21.5
547,Dhadgaon,NCA,27,Maharashtra,486,Nandurbar,Dhadgaon,-,-,Narmada,Narmada,-,-,-,-,21.82000000,74.22000000,08-06-2024 08:00,2
548,Dhadgaon,NCA,27,Maharashtra,486,Nandurbar,Dhadgaon,-,-,Narmada,Narmada,-,-,-,-,21.82000000,74.22000000,08-06-2024 09:00,0.5
549,Dhadgaon,NCA,27,Maharashtra,486,Nandurbar,Dhadgaon,-,-,Narmada,Narmada,-,-,-,-,21.82000000,74.22000000,11-06-2024 16:00,0.5
550,Dhadgaon,NCA,27,Maharashtra,486,Nandurbar,Dhadgaon,-,-,Narmada,Narmada,-,-,-,-,21.82000000,74.22000000,12-06-2024 18:00,0.5
551,Dhadgaon,NCA,27,Maharashtra,486,Nandurbar,Dhadgaon,-,-,Narmada,Narmada,-,-,-,-,21.82000000,74.22000000,17-06-2024 16:00,12
552,Dhadgaon,NCA,27,Maharashtra,486,Nandurbar,Dhadgaon,-,-,Narmada,Narmada,-,-,-,-,21.82000000,74.22000000,06-07-2024 16:00,0.5
553,Dhadgaon,NCA,27,Maharashtra,486,Nandurbar,Dhadgaon,-,-,Narmada,Narmada,-,-,-,-,21.82000000,74.22000000,11-07-2024 15:00,0.5
554,Dhadgaon,NCA,27,Maharashtra,486,Nandurbar,Dhadgaon,-,-,Narmada,Narmada,-,-,-,-,21.82000000,74.22000000,12-07-2024 07:00,50
555,Dhadgaon,NCA,27,Maharashtra,486,Nandurbar,Dhadgaon,-,-,Narmada,Narmada,-,-,-,-,21.82000000,74.22000000,13-07-2024 02:00,0.5
556,Dhadgaon,NCA,27,Maharashtra,486,Nandurbar,Dhadgaon,-,-,Narmada,Narmada,-,-,-,-,21.82000000,74.22000000,14-07-2024 06:00,1
557,Dhadgaon,NCA,27,Maharashtra,486,Nandurbar,Dhadgaon,-,-,Narmada,Narmada,-,-,-,-,21.82000000,74.22000000,14-07-2024 11:00,48
558,Dhadgaon,NCA,27,Maharashtra,486,Nandurbar,Dhadgaon,-,-,Narmada,Narmada,-,-,-,-,21.82000000,74.22000000,16-07-2024 13:00,4.5
559,Dhadgaon,NCA,27,Maharashtra,486,Nandurbar,Dhadgaon,-,-,Narmada,Narmada,-,-,-,-,21.82000000,74.22000000,16-07-2024 14:00,10.5
560,Dhadgaon,NCA,27,Maharashtra,486,Nandurbar,Dhadgaon,-,-,Narmada,Narmada,-,-,-,-,21.82000000,74.22000000,16-07-2024 20:30,24.5
561,Dhadgaon,NCA,27,Maharashtra,486,Nandurbar,Dhadgaon,-,-,Narmada,Narmada,-,-,-,-,21.82000000,74.22000000,16-07-2024 23:00,4.5
562,Dhadgaon,NCA,27,Maharashtra,486,Nandurbar,Dhadgaon,-,-,Narmada,Narmada,-,-,-,-,21.82000000,74.22000000,17-07-2024 17:00,64
563,Dhadgaon,NCA,27,Maharashtra,486,Nandurbar,Dhadgaon,-,-,Narmada,Narmada,-,-,-,-,21.82000000,74.22000000,23-07-2024 08:00,0.5
564,Dhadgaon,NCA,27,Maharashtra,486,Nandurbar,Dhadgaon,-,-,Narmada,Narmada,-,-,-,-,21.82000000,74.22000000,23-07-2024 14:00,99.5
565,Dhadgaon,NCA,27,Maharashtra,486,Nandurbar,Dhadgaon,-,-,Narmada,Narmada,-,-,-,-,21.82000000,74.22000000,23-07-2024 16:00,0.5
566,Dhadgaon,NCA,27,Maharashtra,486,Nandurbar,Dhadgaon,-,-,Narmada,Narmada,-,-,-,-,21.82000000,74.22000000,24-07-2024 01:00,0.5
567,Dhadgaon,NCA,27,Maharashtra,486,Nandurbar,Dhadgaon,-,-,Narmada,Narmada,-,-,-,-,21.82000000,74.22000000,24-07-2024 04:00,0.5
568,Dhadgaon,NCA,27,Maharashtra,486,Nandurbar,Dhadgaon,-,-,Narmada,Narmada,-,-,-,-,21.82000000,74.22000000,24-07-2024 07:00,0.5
569,Dhadgaon,NCA,27,Maharashtra,486,Nandurbar,Dhadgaon,-,-,Narmada,Narmada,-,-,-,-,21.82000000,74.22000000,24-07-2024 08:00,2.5
570,Dhadgaon,NCA,27,Maharashtra,486,Nandurbar,Dhadgaon,-,-,Narmada,Narmada,-,-,-,-,21.82000000,74.22000000,24-07-2024 22:00,1
571,Dhadgaon,NCA,27,Maharashtra,486,Nandurbar,Dhadgaon,-,-,Narmada,Narmada,-,-,-,-,21.82000000,74.22000000,27-07-2024 00:00,0.5
572,Dhadgaon,NCA,27,Maharashtra,486,Nandurbar,Dhadgaon,-,-,Narmada,Narmada,-,-,-,-,21.82000000,74.22000000,27-07-2024 01:00,0.5
573,Dhadgaon,NCA,27,Maharashtra,486,Nandurbar,Dhadgaon,-,-,Narmada,Narmada,-,-,-,-,21.82000000,74.22000000,27-07-2024 04:00,3
574,Dhadgaon,NCA,27,Maharashtra,486,Nandurbar,Dhadgaon,-,-,Narmada,Narmada,-,-,-,-,21.82000000,74.22000000,27-07-2024 05:00,0.5
575,Dhadgaon,NCA,27,Maharashtra,486,Nandurbar,Dhadgaon,-,-,Narmada,Narmada,-,-,-,-,21.82000000,74.22000000,27-07-2024 06:00,1.5
576,Dhadgaon,NCA,27,Maharashtra,486,Nandurbar,Dhadgaon,-,-,Narmada,Narmada,-,-,-,-,21.82000000,74.22000000,27-07-2024 09:00,0.5
577,Dhadgaon,NCA,27,Maharashtra,486,Nandurbar,Dhadgaon,-,-,Narmada,Narmada,-,-,-,-,21.82000000,74.22000000,27-07-2024 13:00,0.5
578,Dhadgaon,NCA,27,Maharashtra,486,Nandurbar,Dhadgaon,-,-,Narmada,Narmada,-,-,-,-,21.82000000,74.22000000,27-07-2024 20:00,0.5
579,Dhadgaon,NCA,27,Maharashtra,486,Nandurbar,Dhadgaon,-,-,Narmada,Narmada,-,-,-,-,21.82000000,74.22000000,28-07-2024 09:00,1
580,Dhadgaon,NCA,27,Maharashtra,486,Nandurbar,Dhadgaon,-,-,Narmada,Narmada,-,-,-,-,21.82000000,74.22000000,28-07-2024 09:00,1
581,Dhadgaon,NCA,27,Maharashtra,486,Nandurbar,Dhadgaon,-,-,Narmada,Narmada,-,-,-,-,21.82000000,74.22000000,28-07-2024 10:00,0.5
582,Dhadgaon,NCA,27,Maharashtra,486,Nandurbar,Dhadgaon,-,-,Narmada,Narmada,-,-,-,-,21.82000000,74.22000000,28-07-2024 10:00,0.5
583,Dhadgaon,NCA,27,Maharashtra,486,Nandurbar,Dhadgaon,-,-,Narmada,Narmada,-,-,-,-,21.82000000,74.22000000,28-07-2024 11:00,0.5
584,Dhadgaon,NCA,27,Maharashtra,486,Nandurbar,Dhadgaon,-,-,Narmada,Narmada,-,-,-,-,21.82000000,74.22000000,28-07-2024 11:00,0.5
585,Dhadgaon,NCA,27,Maharashtra,486,Nandurbar,Dhadgaon,-,-,Narmada,Narmada,-,-,-,-,21.82000000,74.22000000,28-07-2024 12:00,0.5
586,Dhadgaon,NCA,27,Maharashtra,486,Nandurbar,Dhadgaon,-,-,Narmada,Narmada,-,-,-,-,21.82000000,74.22000000,28-07-2024 12:00,0.5
587,Dhadgaon,NCA,27,Maharashtra,486,Nandurbar,Dhadgaon,-,-,Narmada,Narmada,-,-,-,-,21.82000000,74.22000000,28-07-2024 13:00,1
588,Dhadgaon,NCA,27,Maharashtra,486,Nandurbar,Dhadgaon,-,-,Narmada,Narmada,-,-,-,-,21.82000000,74.22000000,28-07-2024 13:00,1
589,Dhadgaon,NCA,27,Maharashtra,486,Nandurbar,Dhadgaon,-,-,Narmada,Narmada,-,-,-,-,21.82000000,74.22000000,28-07-2024 17:00,208
590,Dhadgaon,NCA,27,Maharashtra,486,Nandurbar,Dhadgaon,-,-,Narmada,Narmada,-,-,-,-,21.82000000,74.22000000,28-07-2024 19:00,1
591,Dhadgaon,NCA,27,Maharashtra,486,Nandurbar,Dhadgaon,-,-,Narmada,Narmada,-,-,-,-,21.82000000,74.22000000,28-07-2024 20:00,2
592,Dhadgaon,NCA,27,Maharashtra,486,Nandurbar,Dhadgaon,-,-,Narmada,Narmada,-,-,-,-,21.82000000,74.22000000,28-07-2024 22:00,0.5
593,Dhadgaon,NCA,27,Maharashtra,486,Nandurbar,Dhadgaon,-,-,Narmada,Narmada,-,-,-,-,21.82000000,74.22000000,29-07-2024 00:00,0.5
594,Dhadgaon,NCA,27,Maharashtra,486,Nandurbar,Dhadgaon,-,-,Narmada,Narmada,-,-,-,-,21.82000000,74.22000000,29-07-2024 00:00,0.5
595,Dhadgaon,NCA,27,Maharashtra,486,Nandurbar,Dhadgaon,-,-,Narmada,Narmada,-,-,-,-,21.82000000,74.22000000,29-07-2024 04:00,0.5
596,Dhadgaon,NCA,27,Maharashtra,486,Nandurbar,Dhadgaon,-,-,Narmada,Narmada,-,-,-,-,21.82000000,74.22000000,29-07-2024 04:00,0.5
597,Dhadgaon,NCA,27,Maharashtra,486,Nandurbar,Dhadgaon,-,-,Narmada,Narmada,-,-,-,-,21.82000000,74.22000000,29-07-2024 06:00,4
598,Dhadgaon,NCA,27,Maharashtra,486,Nandurbar,Dhadgaon,-,-,Narmada,Narmada,-,-,-,-,21.82000000,74.22000000,29-07-2024 06:00,4
599,Dhadgaon,NCA,27,Maharashtra,486,Nandurbar,Dhadgaon,-,-,Narmada,Narmada,-,-,-,-,21.82000000,74.22000000,29-07-2024 07:00,16
600,Dhadgaon,NCA,27,Maharashtra,486,Nandurbar,Dhadgaon,-,-,Narmada,Narmada,-,-,-,-,21.82000000,74.22000000,29-07-2024 07:00,16
601,Dhadgaon,NCA,27,Maharashtra,486,Nandurbar,Dhadgaon,-,-,Narmada,Narmada,-,-,-,-,21.82000000,74.22000000,29-07-2024 08:00,6
602,Dhadgaon,NCA,27,Maharashtra,486,Nandurbar,Dhadgaon,-,-,Narmada,Narmada,-,-,-,-,21.82000000,74.22000000,29-07-2024 10:00,2
603,Dhadgaon,NCA,27,Maharashtra,486,Nandurbar,Dhadgaon,-,-,Narmada,Narmada,-,-,-,-,21.82000000,74.22000000,29-07-2024 10:00,2
604,Dhadgaon,NCA,27,Maharashtra,486,Nandurbar,Dhadgaon,-,-,Narmada,Narmada,-,-,-,-,21.82000000,74.22000000,30-07-2024 02:00,0.5
605,Dhadgaon,NCA,27,Maharashtra,486,Nandurbar,Dhadgaon,-,-,Narmada,Narmada,-,-,-,-,21.82000000,74.22000000,30-07-2024 02:00,0.5
606,Dhadgaon,NCA,27,Maharashtra,486,Nandurbar,Dhadgaon,-,-,Narmada,Narmada,-,-,-,-,21.82000000,74.22000000,30-07-2024 15:00,1
607,Dhadgaon,NCA,27,Maharashtra,486,Nandurbar,Dhadgaon,-,-,Narmada,Narmada,-,-,-,-,21.82000000,74.22000000,30-07-2024 15:00,1
608,Dhadgaon,NCA,27,Maharashtra,486,Nandurbar,Dhadgaon,-,-,Narmada,Narmada,-,-,-,-,21.82000000,74.22000000,01-08-2024 01:00,0.5
609,Dhadgaon,NCA,27,Maharashtra,486,Nandurbar,Dhadgaon,-,-,Narmada,Narmada,-,-,-,-,21.82000000,74.22000000,01-08-2024 06:00,0.5
610,Dhadgaon,NCA,27,Maharashtra,486,Nandurbar,Dhadgaon,-,-,Narmada,Narmada,-,-,-,-,21.82000000,74.22000000,01-08-2024 06:00,0.5
611,Dhadgaon,NCA,27,Maharashtra,486,Nandurbar,Dhadgaon,-,-,Narmada,Narmada,-,-,-,-,21.82000000,74.22000000,01-08-2024 07:00,2
612,Dhadgaon,NCA,27,Maharashtra,486,Nandurbar,Dhadgaon,-,-,Narmada,Narmada,-,-,-,-,21.82000000,74.22000000,01-08-2024 07:00,2
613,Dhadgaon,NCA,27,Maharashtra,486,Nandurbar,Dhadgaon,-,-,Narmada,Narmada,-,-,-,-,21.82000000,74.22000000,01-08-2024 14:00,0.5
614,Dhadgaon,NCA,27,Maharashtra,486,Nandurbar,Dhadgaon,-,-,Narmada,Narmada,-,-,-,-,21.82000000,74.22000000,01-08-2024 14:00,0.5
615,Dhadgaon,NCA,27,Maharashtra,486,Nandurbar,Dhadgaon,-,-,Narmada,Narmada,-,-,-,-,21.82000000,74.22000000,01-08-2024 15:00,8.5
616,Dhadgaon,NCA,27,Maharashtra,486,Nandurbar,Dhadgaon,-,-,Narmada,Narmada,-,-,-,-,21.82000000,74.22000000,01-08-2024 15:00,8.5
617,Dhadgaon,NCA,27,Maharashtra,486,Nandurbar,Dhadgaon,-,-,Narmada,Narmada,-,-,-,-,21.82000000,74.22000000,01-08-2024 16:00,0.5
618,Dhadgaon,NCA,27,Maharashtra,486,Nandurbar,Dhadgaon,-,-,Narmada,Narmada,-,-,-,-,21.82000000,74.22000000,01-08-2024 16:00,0.5
619,Dhadgaon,NCA,27,Maharashtra,486,Nandurbar,Dhadgaon,-,-,Narmada,Narmada,-,-,-,-,21.82000000,74.22000000,01-08-2024 20:00,0.5
620,Dhadgaon,NCA,27,Maharashtra,486,Nandurbar,Dhadgaon,-,-,Narmada,Narmada,-,-,-,-,21.82000000,74.22000000,01-08-2024 20:00,0.5
621,Dhadgaon,NCA,27,Maharashtra,486,Nandurbar,Dhadgaon,-,-,Narmada,Narmada,-,-,-,-,21.82000000,74.22000000,01-08-2024 21:00,0.5
622,Dhadgaon,NCA,27,Maharashtra,486,Nandurbar,Dhadgaon,-,-,Narmada,Narmada,-,-,-,-,21.82000000,74.22000000,01-08-2024 21:00,0.5
623,Dhadgaon,NCA,27,Maharashtra,486,Nandurbar,Dhadgaon,-,-,Narmada,Narmada,-,-,-,-,21.82000000,74.22000000,02-08-2024 02:00,0.5
624,Dhadgaon,NCA,27,Maharashtra,486,Nandurbar,Dhadgaon,-,-,Narmada,Narmada,-,-,-,-,21.82000000,74.22000000,02-08-2024 02:00,0.5
625,Dhadgaon,NCA,27,Maharashtra,486,Nandurbar,Dhadgaon,-,-,Narmada,Narmada,-,-,-,-,21.82000000,74.22000000,02-08-2024 03:00,2.5
626,Dhadgaon,NCA,27,Maharashtra,486,Nandurbar,Dhadgaon,-,-,Narmada,Narmada,-,-,-,-,21.82000000,74.22000000,02-08-2024 03:00,2.5
627,Dhadgaon,NCA,27,Maharashtra,486,Nandurbar,Dhadgaon,-,-,Narmada,Narmada,-,-,-,-,21.82000000,74.22000000,02-08-2024 05:00,1
628,Dhadgaon,NCA,27,Maharashtra,486,Nandurbar,Dhadgaon,-,-,Narmada,Narmada,-,-,-,-,21.82000000,74.22000000,02-08-2024 05:00,1
629,Dhadgaon,NCA,27,Maharashtra,486,Nandurbar,Dhadgaon,-,-,Narmada,Narmada,-,-,-,-,21.82000000,74.22000000,02-08-2024 06:00,2
630,Dhadgaon,NCA,27,Maharashtra,486,Nandurbar,Dhadgaon,-,-,Narmada,Narmada,-,-,-,-,21.82000000,74.22000000,02-08-2024 06:00,2
631,Dhadgaon,NCA,27,Maharashtra,486,Nandurbar,Dhadgaon,-,-,Narmada,Narmada,-,-,-,-,21.82000000,74.22000000,02-08-2024 07:00,3.5
632,Dhadgaon,NCA,27,Maharashtra,486,Nandurbar,Dhadgaon,-,-,Narmada,Narmada,-,-,-,-,21.82000000,74.22000000,02-08-2024 07:00,3.5
633,Dhadgaon,NCA,27,Maharashtra,486,Nandurbar,Dhadgaon,-,-,Narmada,Narmada,-,-,-,-,21.82000000,74.22000000,02-08-2024 10:00,0.5
634,Dhadgaon,NCA,27,Maharashtra,486,Nandurbar,Dhadgaon,-,-,Narmada,Narmada,-,-,-,-,21.82000000,74.22000000,02-08-2024 10:00,0.5
635,Dhadgaon,NCA,27,Maharashtra,486,Nandurbar,Dhadgaon,-,-,Narmada,Narmada,-,-,-,-,21.82000000,74.22000000,02-08-2024 14:00,0.5
636,Dhadgaon,NCA,27,Maharashtra,486,Nandurbar,Dhadgaon,-,-,Narmada,Narmada,-,-,-,-,21.82000000,74.22000000,02-08-2024 14:00,0.5
637,Dhadgaon,NCA,27,Maharashtra,486,Nandurbar,Dhadgaon,-,-,Narmada,Narmada,-,-,-,-,21.82000000,74.22000000,02-08-2024 15:00,0.5
638,Dhadgaon,NCA,27,Maharashtra,486,Nandurbar,Dhadgaon,-,-,Narmada,Narmada,-,-,-,-,21.82000000,74.22000000,02-08-2024 15:00,0.5
639,Dhadgaon,NCA,27,Maharashtra,486,Nandurbar,Dhadgaon,-,-,Narmada,Narmada,-,-,-,-,21.82000000,74.22000000,02-08-2024 23:00,0.5
640,Dhadgaon,NCA,27,Maharashtra,486,Nandurbar,Dhadgaon,-,-,Narmada,Narmada,-,-,-,-,21.82000000,74.22000000,02-08-2024 23:00,0.5
641,Dhadgaon,NCA,27,Maharashtra,486,Nandurbar,Dhadgaon,-,-,Narmada,Narmada,-,-,-,-,21.82000000,74.22000000,03-08-2024 01:00,0.5
642,Dhadgaon,NCA,27,Maharashtra,486,Nandurbar,Dhadgaon,-,-,Narmada,Narmada,-,-,-,-,21.82000000,74.22000000,03-08-2024 03:00,4
643,Dhadgaon,NCA,27,Maharashtra,486,Nandurbar,Dhadgaon,-,-,Narmada,Narmada,-,-,-,-,21.82000000,74.22000000,03-08-2024 04:00,4.5
644,Dhadgaon,NCA,27,Maharashtra,486,Nandurbar,Dhadgaon,-,-,Narmada,Narmada,-,-,-,-,21.82000000,74.22000000,03-08-2024 04:00,4.5
645,Dhadgaon,NCA,27,Maharashtra,486,Nandurbar,Dhadgaon,-,-,Narmada,Narmada,-,-,-,-,21.82000000,74.22000000,03-08-2024 05:00,8.5
646,Dhadgaon,NCA,27,Maharashtra,486,Nandurbar,Dhadgaon,-,-,Narmada,Narmada,-,-,-,-,21.82000000,74.22000000,03-08-2024 05:00,8.5
647,Dhadgaon,NCA,27,Maharashtra,486,Nandurbar,Dhadgaon,-,-,Narmada,Narmada,-,-,-,-,21.82000000,74.22000000,03-08-2024 06:00,2.5
648,Dhadgaon,NCA,27,Maharashtra,486,Nandurbar,Dhadgaon,-,-,Narmada,Narmada,-,-,-,-,21.82000000,74.22000000,03-08-2024 06:00,2.5
649,Dhadgaon,NCA,27,Maharashtra,486,Nandurbar,Dhadgaon,-,-,Narmada,Narmada,-,-,-,-,21.82000000,74.22000000,03-08-2024 07:00,8
650,Dhadgaon,NCA,27,Maharashtra,486,Nandurbar,Dhadgaon,-,-,Narmada,Narmada,-,-,-,-,21.82000000,74.22000000,03-08-2024 07:00,8
651,Dhadgaon,NCA,27,Maharashtra,486,Nandurbar,Dhadgaon,-,-,Narmada,Narmada,-,-,-,-,21.82000000,74.22000000,03-08-2024 08:00,2
652,Dhadgaon,NCA,27,Maharashtra,486,Nandurbar,Dhadgaon,-,-,Narmada,Narmada,-,-,-,-,21.82000000,74.22000000,03-08-2024 08:00,2
653,Dhadgaon,NCA,27,Maharashtra,486,Nandurbar,Dhadgaon,-,-,Narmada,Narmada,-,-,-,-,21.82000000,74.22000000,03-08-2024 09:00,25
654,Dhadgaon,NCA,27,Maharashtra,486,Nandurbar,Dhadgaon,-,-,Narmada,Narmada,-,-,-,-,21.82000000,74.22000000,03-08-2024 09:00,25
655,Dhadgaon,NCA,27,Maharashtra,486,Nandurbar,Dhadgaon,-,-,Narmada,Narmada,-,-,-,-,21.82000000,74.22000000,03-08-2024 10:00,0.5
656,Dhadgaon,NCA,27,Maharashtra,486,Nandurbar,Dhadgaon,-,-,Narmada,Narmada,-,-,-,-,21.82000000,74.22000000,03-08-2024 10:00,0.5
657,Dhadgaon,NCA,27,Maharashtra,486,Nandurbar,Dhadgaon,-,-,Narmada,Narmada,-,-,-,-,21.82000000,74.22000000,03-08-2024 14:00,0.5
658,Dhadgaon,NCA,27,Maharashtra,486,Nandurbar,Dhadgaon,-,-,Narmada,Narmada,-,-,-,-,21.82000000,74.22000000,03-08-2024 14:00,0.5
659,Dhadgaon,NCA,27,Maharashtra,486,Nandurbar,Dhadgaon,-,-,Narmada,Narmada,-,-,-,-,21.82000000,74.22000000,03-08-2024 21:00,7
660,Dhadgaon,NCA,27,Maharashtra,486,Nandurbar,Dhadgaon,-,-,Narmada,Narmada,-,-,-,-,21.82000000,74.22000000,03-08-2024 22:00,12
661,Dhadgaon,NCA,27,Maharashtra,486,Nandurbar,Dhadgaon,-,-,Narmada,Narmada,-,-,-,-,21.82000000,74.22000000,03-08-2024 23:00,17
662,Dhadgaon,NCA,27,Maharashtra,486,Nandurbar,Dhadgaon,-,-,Narmada,Narmada,-,-,-,-,21.82000000,74.22000000,04-08-2024 00:00,3.5
663,Dhadgaon,NCA,27,Maharashtra,486,Nandurbar,Dhadgaon,-,-,Narmada,Narmada,-,-,-,-,21.82000000,74.22000000,04-08-2024 01:00,0.5
664,Dhadgaon,NCA,27,Maharashtra,486,Nandurbar,Dhadgaon,-,-,Narmada,Narmada,-,-,-,-,21.82000000,74.22000000,04-08-2024 03:00,0.5
665,Dhadgaon,NCA,27,Maharashtra,486,Nandurbar,Dhadgaon,-,-,Narmada,Narmada,-,-,-,-,21.82000000,74.22000000,04-08-2024 07:00,1
666,Dhadgaon,NCA,27,Maharashtra,486,Nandurbar,Dhadgaon,-,-,Narmada,Narmada,-,-,-,-,21.82000000,74.22000000,04-08-2024 07:00,1
667,Dhadgaon,NCA,27,Maharashtra,486,Nandurbar,Dhadgaon,-,-,Narmada,Narmada,-,-,-,-,21.82000000,74.22000000,04-08-2024 08:00,3
668,Dhadgaon,NCA,27,Maharashtra,486,Nandurbar,Dhadgaon,-,-,Narmada,Narmada,-,-,-,-,21.82000000,74.22000000,04-08-2024 08:00,3
669,Dhadgaon,NCA,27,Maharashtra,486,Nandurbar,Dhadgaon,-,-,Narmada,Narmada,-,-,-,-,21.82000000,74.22000000,04-08-2024 14:00,1
670,Dhadgaon,NCA,27,Maharashtra,486,Nandurbar,Dhadgaon,-,-,Narmada,Narmada,-,-,-,-,21.82000000,74.22000000,04-08-2024 14:00,1
671,Dhadgaon,NCA,27,Maharashtra,486,Nandurbar,Dhadgaon,-,-,Narmada,Narmada,-,-,-,-,21.82000000,74.22000000,04-08-2024 15:00,2.5
672,Dhadgaon,NCA,27,Maharashtra,486,Nandurbar,Dhadgaon,-,-,Narmada,Narmada,-,-,-,-,21.82000000,74.22000000,04-08-2024 15:00,2.5
673,Dhadgaon,NCA,27,Maharashtra,486,Nandurbar,Dhadgaon,-,-,Narmada,Narmada,-,-,-,-,21.82000000,74.22000000,04-08-2024 16:00,0.5
674,Dhadgaon,NCA,27,Maharashtra,486,Nandurbar,Dhadgaon,-,-,Narmada,Narmada,-,-,-,-,21.82000000,74.22000000,04-08-2024 16:00,0.5
675,Dhadgaon,NCA,27,Maharashtra,486,Nandurbar,Dhadgaon,-,-,Narmada,Narmada,-,-,-,-,21.82000000,74.22000000,04-08-2024 19:00,0.5
676,Dhadgaon,NCA,27,Maharashtra,486,Nandurbar,Dhadgaon,-,-,Narmada,Narmada,-,-,-,-,21.82000000,74.22000000,04-08-2024 19:00,0.5
677,Dhadgaon,NCA,27,Maharashtra,486,Nandurbar,Dhadgaon,-,-,Narmada,Narmada,-,-,-,-,21.82000000,74.22000000,05-08-2024 16:00,0.5
678,Dhadgaon,NCA,27,Maharashtra,486,Nandurbar,Dhadgaon,-,-,Narmada,Narmada,-,-,-,-,21.82000000,74.22000000,05-08-2024 16:00,0.5
679,Dhadgaon,NCA,27,Maharashtra,486,Nandurbar,Dhadgaon,-,-,Narmada,Narmada,-,-,-,-,21.82000000,74.22000000,06-08-2024 02:00,0.5
680,Dhadgaon,NCA,27,Maharashtra,486,Nandurbar,Dhadgaon,-,-,Narmada,Narmada,-,-,-,-,21.82000000,74.22000000,06-08-2024 02:00,0.5
681,Dhadgaon,NCA,27,Maharashtra,486,Nandurbar,Dhadgaon,-,-,Narmada,Narmada,-,-,-,-,21.82000000,74.22000000,06-08-2024 03:00,0.5
682,Dhadgaon,NCA,27,Maharashtra,486,Nandurbar,Dhadgaon,-,-,Narmada,Narmada,-,-,-,-,21.82000000,74.22000000,06-08-2024 03:00,0.5
683,Dhadgaon,NCA,27,Maharashtra,486,Nandurbar,Dhadgaon,-,-,Narmada,Narmada,-,-,-,-,21.82000000,74.22000000,06-08-2024 06:00,1
684,Dhadgaon,NCA,27,Maharashtra,486,Nandurbar,Dhadgaon,-,-,Narmada,Narmada,-,-,-,-,21.82000000,74.22000000,06-08-2024 06:00,1
685,Dhadgaon,NCA,27,Maharashtra,486,Nandurbar,Dhadgaon,-,-,Narmada,Narmada,-,-,-,-,21.82000000,74.22000000,06-08-2024 07:00,0.5
686,Dhadgaon,NCA,27,Maharashtra,486,Nandurbar,Dhadgaon,-,-,Narmada,Narmada,-,-,-,-,21.82000000,74.22000000,06-08-2024 09:00,0.5
687,Dhadgaon,NCA,27,Maharashtra,486,Nandurbar,Dhadgaon,-,-,Narmada,Narmada,-,-,-,-,21.82000000,74.22000000,06-08-2024 12:00,0.5
688,Dhadgaon,NCA,27,Maharashtra,486,Nandurbar,Dhadgaon,-,-,Narmada,Narmada,-,-,-,-,21.82000000,74.22000000,06-08-2024 15:00,0.5
689,Dhadgaon,NCA,27,Maharashtra,486,Nandurbar,Dhadgaon,-,-,Narmada,Narmada,-,-,-,-,21.82000000,74.22000000,06-08-2024 15:00,0.5
690,Dhadgaon,NCA,27,Maharashtra,486,Nandurbar,Dhadgaon,-,-,Narmada,Narmada,-,-,-,-,21.82000000,74.22000000,06-08-2024 21:00,2
691,Dhadgaon,NCA,27,Maharashtra,486,Nandurbar,Dhadgaon,-,-,Narmada,Narmada,-,-,-,-,21.82000000,74.22000000,06-08-2024 21:00,2
692,Dhadgaon,NCA,27,Maharashtra,486,Nandurbar,Dhadgaon,-,-,Narmada,Narmada,-,-,-,-,21.82000000,74.22000000,06-08-2024 23:00,0.5
693,Dhadgaon,NCA,27,Maharashtra,486,Nandurbar,Dhadgaon,-,-,Narmada,Narmada,-,-,-,-,21.82000000,74.22000000,07-08-2024 02:00,0.5
694,Dhadgaon,NCA,27,Maharashtra,486,Nandurbar,Dhadgaon,-,-,Narmada,Narmada,-,-,-,-,21.82000000,74.22000000,07-08-2024 02:00,0.5
695,Dhadgaon,NCA,27,Maharashtra,486,Nandurbar,Dhadgaon,-,-,Narmada,Narmada,-,-,-,-,21.82000000,74.22000000,07-08-2024 04:00,2
696,Dhadgaon,NCA,27,Maharashtra,486,Nandurbar,Dhadgaon,-,-,Narmada,Narmada,-,-,-,-,21.82000000,74.22000000,07-08-2024 04:00,2
697,Dhadgaon,NCA,27,Maharashtra,486,Nandurbar,Dhadgaon,-,-,Narmada,Narmada,-,-,-,-,21.82000000,74.22000000,07-08-2024 07:00,0.5
698,Dhadgaon,NCA,27,Maharashtra,486,Nandurbar,Dhadgaon,-,-,Narmada,Narmada,-,-,-,-,21.82000000,74.22000000,08-08-2024 11:00,0.5
699,Dhadgaon,NCA,27,Maharashtra,486,Nandurbar,Dhadgaon,-,-,Narmada,Narmada,-,-,-,-,21.82000000,74.22000000,08-08-2024 11:00,0.5
700,Dhadgaon,NCA,27,Maharashtra,486,Nandurbar,Dhadgaon,-,-,Narmada,Narmada,-,-,-,-,21.82000000,74.22000000,08-08-2024 13:00,1
701,Dhadgaon,NCA,27,Maharashtra,486,Nandurbar,Dhadgaon,-,-,Narmada,Narmada,-,-,-,-,21.82000000,74.22000000,08-08-2024 13:00,1
702,Dhadgaon,NCA,27,Maharashtra,486,Nandurbar,Dhadgaon,-,-,Narmada,Narmada,-,-,-,-,21.82000000,74.22000000,09-08-2024 06:00,0.5
703,Dhadgaon,NCA,27,Maharashtra,486,Nandurbar,Dhadgaon,-,-,Narmada,Narmada,-,-,-,-,21.82000000,74.22000000,10-08-2024 01:00,1
704,Dhadgaon,NCA,27,Maharashtra,486,Nandurbar,Dhadgaon,-,-,Narmada,Narmada,-,-,-,-,21.82000000,74.22000000,10-08-2024 06:00,0.5
705,Dhadgaon,NCA,27,Maharashtra,486,Nandurbar,Dhadgaon,-,-,Narmada,Narmada,-,-,-,-,21.82000000,74.22000000,11-08-2024 16:00,0.5
706,Dhadgaon,NCA,27,Maharashtra,486,Nandurbar,Dhadgaon,-,-,Narmada,Narmada,-,-,-,-,21.82000000,74.22000000,11-08-2024 18:00,0.5
707,Dhadgaon,NCA,27,Maharashtra,486,Nandurbar,Dhadgaon,-,-,Narmada,Narmada,-,-,-,-,21.82000000,74.22000000,11-08-2024 19:00,0.5
708,Dhadgaon,NCA,27,Maharashtra,486,Nandurbar,Dhadgaon,-,-,Narmada,Narmada,-,-,-,-,21.82000000,74.22000000,12-08-2024 13:00,0.5
709,Dhadgaon,NCA,27,Maharashtra,486,Nandurbar,Dhadgaon,-,-,Narmada,Narmada,-,-,-,-,21.82000000,74.22000000,12-08-2024 13:00,0.5
710,Dhadgaon,NCA,27,Maharashtra,486,Nandurbar,Dhadgaon,-,-,Narmada,Narmada,-,-,-,-,21.82000000,74.22000000,12-08-2024 17:00,0.5
711,Dhadgaon,NCA,27,Maharashtra,486,Nandurbar,Dhadgaon,-,-,Narmada,Narmada,-,-,-,-,21.82000000,74.22000000,12-08-2024 17:00,0.5
712,Dhadgaon,NCA,27,Maharashtra,486,Nandurbar,Dhadgaon,-,-,Narmada,Narmada,-,-,-,-,21.82000000,74.22000000,13-08-2024 03:00,0.5
713,Dhadgaon,NCA,27,Maharashtra,486,Nandurbar,Dhadgaon,-,-,Narmada,Narmada,-,-,-,-,21.82000000,74.22000000,13-08-2024 05:00,0.5
714,Dhadgaon,NCA,27,Maharashtra,486,Nandurbar,Dhadgaon,-,-,Narmada,Narmada,-,-,-,-,21.82000000,74.22000000,14-08-2024 17:00,12
715,Dhadgaon,NCA,27,Maharashtra,486,Nandurbar,Dhadgaon,-,-,Narmada,Narmada,-,-,-,-,21.82000000,74.22000000,14-08-2024 17:00,12
716,Dhadgaon,NCA,27,Maharashtra,486,Nandurbar,Dhadgaon,-,-,Narmada,Narmada,-,-,-,-,21.82000000,74.22000000,14-08-2024 18:00,1
717,Dhadgaon,NCA,27,Maharashtra,486,Nandurbar,Dhadgaon,-,-,Narmada,Narmada,-,-,-,-,21.82000000,74.22000000,14-08-2024 18:00,1
718,Dhadgaon,NCA,27,Maharashtra,486,Nandurbar,Dhadgaon,-,-,Narmada,Narmada,-,-,-,-,21.82000000,74.22000000,15-08-2024 14:00,0.5
719,Dhadgaon,NCA,27,Maharashtra,486,Nandurbar,Dhadgaon,-,-,Narmada,Narmada,-,-,-,-,21.82000000,74.22000000,15-08-2024 14:00,0.5
720,Dhadgaon,NCA,27,Maharashtra,486,Nandurbar,Dhadgaon,-,-,Narmada,Narmada,-,-,-,-,21.82000000,74.22000000,20-08-2024 19:00,0.5
721,Dhadgaon,NCA,27,Maharashtra,486,Nandurbar,Dhadgaon,-,-,Narmada,Narmada,-,-,-,-,21.82000000,74.22000000,20-08-2024 19:00,0.5
722,Dhadgaon,NCA,27,Maharashtra,486,Nandurbar,Dhadgaon,-,-,Narmada,Narmada,-,-,-,-,21.82000000,74.22000000,20-08-2024 20:00,10.5
723,Dhadgaon,NCA,27,Maharashtra,486,Nandurbar,Dhadgaon,-,-,Narmada,Narmada,-,-,-,-,21.82000000,74.22000000,20-08-2024 20:00,10.5
724,Dhadgaon,NCA,27,Maharashtra,486,Nandurbar,Dhadgaon,-,-,Narmada,Narmada,-,-,-,-,21.82000000,74.22000000,20-08-2024 21:00,27
725,Dhadgaon,NCA,27,Maharashtra,486,Nandurbar,Dhadgaon,-,-,Narmada,Narmada,-,-,-,-,21.82000000,74.22000000,20-08-2024 21:00,27
726,Dhadgaon,NCA,27,Maharashtra,486,Nandurbar,Dhadgaon,-,-,Narmada,Narmada,-,-,-,-,21.82000000,74.22000000,20-08-2024 22:00,2.5
727,Dhadgaon,NCA,27,Maharashtra,486,Nandurbar,Dhadgaon,-,-,Narmada,Narmada,-,-,-,-,21.82000000,74.22000000,20-08-2024 22:00,2.5
728,Dhadgaon,NCA,27,Maharashtra,486,Nandurbar,Dhadgaon,-,-,Narmada,Narmada,-,-,-,-,21.82000000,74.22000000,23-08-2024 07:00,1.5
729,Dhadgaon,NCA,27,Maharashtra,486,Nandurbar,Dhadgaon,-,-,Narmada,Narmada,-,-,-,-,21.82000000,74.22000000,23-08-2024 07:00,1.5
730,Dhadgaon,NCA,27,Maharashtra,486,Nandurbar,Dhadgaon,-,-,Narmada,Narmada,-,-,-,-,21.82000000,74.22000000,23-08-2024 08:00,6
731,Dhadgaon,NCA,27,Maharashtra,486,Nandurbar,Dhadgaon,-,-,Narmada,Narmada,-,-,-,-,21.82000000,74.22000000,23-08-2024 08:00,6
732,Dhadgaon,NCA,27,Maharashtra,486,Nandurbar,Dhadgaon,-,-,Narmada,Narmada,-,-,-,-,21.82000000,74.22000000,23-08-2024 09:00,4
733,Dhadgaon,NCA,27,Maharashtra,486,Nandurbar,Dhadgaon,-,-,Narmada,Narmada,-,-,-,-,21.82000000,74.22000000,23-08-2024 09:00,4
734,Dhadgaon,NCA,27,Maharashtra,486,Nandurbar,Dhadgaon,-,-,Narmada,Narmada,-,-,-,-,21.82000000,74.22000000,23-08-2024 10:00,2.5
735,Dhadgaon,NCA,27,Maharashtra,486,Nandurbar,Dhadgaon,-,-,Narmada,Narmada,-,-,-,-,21.82000000,74.22000000,23-08-2024 10:00,2.5
736,Dhadgaon,NCA,27,Maharashtra,486,Nandurbar,Dhadgaon,-,-,Narmada,Narmada,-,-,-,-,21.82000000,74.22000000,23-08-2024 11:00,2
737,Dhadgaon,NCA,27,Maharashtra,486,Nandurbar,Dhadgaon,-,-,Narmada,Narmada,-,-,-,-,21.82000000,74.22000000,23-08-2024 11:00,2
738,Dhadgaon,NCA,27,Maharashtra,486,Nandurbar,Dhadgaon,-,-,Narmada,Narmada,-,-,-,-,21.82000000,74.22000000,23-08-2024 12:00,4
739,Dhadgaon,NCA,27,Maharashtra,486,Nandurbar,Dhadgaon,-,-,Narmada,Narmada,-,-,-,-,21.82000000,74.22000000,23-08-2024 12:00,4
740,Dhadgaon,NCA,27,Maharashtra,486,Nandurbar,Dhadgaon,-,-,Narmada,Narmada,-,-,-,-,21.82000000,74.22000000,23-08-2024 13:00,1
741,Dhadgaon,NCA,27,Maharashtra,486,Nandurbar,Dhadgaon,-,-,Narmada,Narmada,-,-,-,-,21.82000000,74.22000000,23-08-2024 13:00,1
742,Dhadgaon,NCA,27,Maharashtra,486,Nandurbar,Dhadgaon,-,-,Narmada,Narmada,-,-,-,-,21.82000000,74.22000000,24-08-2024 03:00,0.5
743,Dhadgaon,NCA,27,Maharashtra,486,Nandurbar,Dhadgaon,-,-,Narmada,Narmada,-,-,-,-,21.82000000,74.22000000,24-08-2024 07:00,17
744,Dhadgaon,NCA,27,Maharashtra,486,Nandurbar,Dhadgaon,-,-,Narmada,Narmada,-,-,-,-,21.82000000,74.22000000,24-08-2024 07:00,17
745,Dhadgaon,NCA,27,Maharashtra,486,Nandurbar,Dhadgaon,-,-,Narmada,Narmada,-,-,-,-,21.82000000,74.22000000,24-08-2024 08:00,1
746,Dhadgaon,NCA,27,Maharashtra,486,Nandurbar,Dhadgaon,-,-,Narmada,Narmada,-,-,-,-,21.82000000,74.22000000,24-08-2024 08:00,1
747,Dhadgaon,NCA,27,Maharashtra,486,Nandurbar,Dhadgaon,-,-,Narmada,Narmada,-,-,-,-,21.82000000,74.22000000,24-08-2024 10:00,30
748,Dhadgaon,NCA,27,Maharashtra,486,Nandurbar,Dhadgaon,-,-,Narmada,Narmada,-,-,-,-,21.82000000,74.22000000,24-08-2024 10:00,30
749,Dhadgaon,NCA,27,Maharashtra,486,Nandurbar,Dhadgaon,-,-,Narmada,Narmada,-,-,-,-,21.82000000,74.22000000,24-08-2024 11:00,10
750,Dhadgaon,NCA,27,Maharashtra,486,Nandurbar,Dhadgaon,-,-,Narmada,Narmada,-,-,-,-,21.82000000,74.22000000,24-08-2024 11:00,10
751,Dhadgaon,NCA,27,Maharashtra,486,Nandurbar,Dhadgaon,-,-,Narmada,Narmada,-,-,-,-,21.82000000,74.22000000,24-08-2024 12:00,6.5
752,Dhadgaon,NCA,27,Maharashtra,486,Nandurbar,Dhadgaon,-,-,Narmada,Narmada,-,-,-,-,21.82000000,74.22000000,24-08-2024 12:00,6.5
753,Dhadgaon,NCA,27,Maharashtra,486,Nandurbar,Dhadgaon,-,-,Narmada,Narmada,-,-,-,-,21.82000000,74.22000000,24-08-2024 13:00,4
754,Dhadgaon,NCA,27,Maharashtra,486,Nandurbar,Dhadgaon,-,-,Narmada,Narmada,-,-,-,-,21.82000000,74.22000000,24-08-2024 13:00,4
755,Dhadgaon,NCA,27,Maharashtra,486,Nandurbar,Dhadgaon,-,-,Narmada,Narmada,-,-,-,-,21.82000000,74.22000000,24-08-2024 15:00,1
756,Dhadgaon,NCA,27,Maharashtra,486,Nandurbar,Dhadgaon,-,-,Narmada,Narmada,-,-,-,-,21.82000000,74.22000000,24-08-2024 15:00,1
757,Dhadgaon,NCA,27,Maharashtra,486,Nandurbar,Dhadgaon,-,-,Narmada,Narmada,-,-,-,-,21.82000000,74.22000000,24-08-2024 16:00,4.5
758,Dhadgaon,NCA,27,Maharashtra,486,Nandurbar,Dhadgaon,-,-,Narmada,Narmada,-,-,-,-,21.82000000,74.22000000,24-08-2024 16:00,4.5
759,Dhadgaon,NCA,27,Maharashtra,486,Nandurbar,Dhadgaon,-,-,Narmada,Narmada,-,-,-,-,21.82000000,74.22000000,24-08-2024 18:00,1
760,Dhadgaon,NCA,27,Maharashtra,486,Nandurbar,Dhadgaon,-,-,Narmada,Narmada,-,-,-,-,21.82000000,74.22000000,24-08-2024 18:00,1
761,Dhadgaon,NCA,27,Maharashtra,486,Nandurbar,Dhadgaon,-,-,Narmada,Narmada,-,-,-,-,21.82000000,74.22000000,24-08-2024 21:00,0.5
762,Dhadgaon,NCA,27,Maharashtra,486,Nandurbar,Dhadgaon,-,-,Narmada,Narmada,-,-,-,-,21.82000000,74.22000000,24-08-2024 21:00,0.5
763,Dhadgaon,NCA,27,Maharashtra,486,Nandurbar,Dhadgaon,-,-,Narmada,Narmada,-,-,-,-,21.82000000,74.22000000,24-08-2024 22:00,2
764,Dhadgaon,NCA,27,Maharashtra,486,Nandurbar,Dhadgaon,-,-,Narmada,Narmada,-,-,-,-,21.82000000,74.22000000,24-08-2024 22:00,2
765,Dhadgaon,NCA,27,Maharashtra,486,Nandurbar,Dhadgaon,-,-,Narmada,Narmada,-,-,-,-,21.82000000,74.22000000,24-08-2024 23:00,0.5
766,Dhadgaon,NCA,27,Maharashtra,486,Nandurbar,Dhadgaon,-,-,Narmada,Narmada,-,-,-,-,21.82000000,74.22000000,25-08-2024 01:00,0.5
767,Dhadgaon,NCA,27,Maharashtra,486,Nandurbar,Dhadgaon,-,-,Narmada,Narmada,-,-,-,-,21.82000000,74.22000000,25-08-2024 02:00,0.5
768,Dhadgaon,NCA,27,Maharashtra,486,Nandurbar,Dhadgaon,-,-,Narmada,Narmada,-,-,-,-,21.82000000,74.22000000,25-08-2024 04:00,1
769,Dhadgaon,NCA,27,Maharashtra,486,Nandurbar,Dhadgaon,-,-,Narmada,Narmada,-,-,-,-,21.82000000,74.22000000,25-08-2024 04:00,1
770,Dhadgaon,NCA,27,Maharashtra,486,Nandurbar,Dhadgaon,-,-,Narmada,Narmada,-,-,-,-,21.82000000,74.22000000,25-08-2024 05:00,7
771,Dhadgaon,NCA,27,Maharashtra,486,Nandurbar,Dhadgaon,-,-,Narmada,Narmada,-,-,-,-,21.82000000,74.22000000,25-08-2024 05:00,7
772,Dhadgaon,NCA,27,Maharashtra,486,Nandurbar,Dhadgaon,-,-,Narmada,Narmada,-,-,-,-,21.82000000,74.22000000,25-08-2024 06:00,13
773,Dhadgaon,NCA,27,Maharashtra,486,Nandurbar,Dhadgaon,-,-,Narmada,Narmada,-,-,-,-,21.82000000,74.22000000,25-08-2024 06:00,13
774,Dhadgaon,NCA,27,Maharashtra,486,Nandurbar,Dhadgaon,-,-,Narmada,Narmada,-,-,-,-,21.82000000,74.22000000,25-08-2024 07:00,13.5
775,Dhadgaon,NCA,27,Maharashtra,486,Nandurbar,Dhadgaon,-,-,Narmada,Narmada,-,-,-,-,21.82000000,74.22000000,25-08-2024 07:00,13.5
776,Dhadgaon,NCA,27,Maharashtra,486,Nandurbar,Dhadgaon,-,-,Narmada,Narmada,-,-,-,-,21.82000000,74.22000000,25-08-2024 08:00,7.5
777,Dhadgaon,NCA,27,Maharashtra,486,Nandurbar,Dhadgaon,-,-,Narmada,Narmada,-,-,-,-,21.82000000,74.22000000,25-08-2024 08:00,7.5
778,Dhadgaon,NCA,27,Maharashtra,486,Nandurbar,Dhadgaon,-,-,Narmada,Narmada,-,-,-,-,21.82000000,74.22000000,25-08-2024 09:00,1.5
779,Dhadgaon,NCA,27,Maharashtra,486,Nandurbar,Dhadgaon,-,-,Narmada,Narmada,-,-,-,-,21.82000000,74.22000000,25-08-2024 09:00,1.5
780,Dhadgaon,NCA,27,Maharashtra,486,Nandurbar,Dhadgaon,-,-,Narmada,Narmada,-,-,-,-,21.82000000,74.22000000,25-08-2024 10:00,4
781,Dhadgaon,NCA,27,Maharashtra,486,Nandurbar,Dhadgaon,-,-,Narmada,Narmada,-,-,-,-,21.82000000,74.22000000,25-08-2024 11:00,11
782,Dhadgaon,NCA,27,Maharashtra,486,Nandurbar,Dhadgaon,-,-,Narmada,Narmada,-,-,-,-,21.82000000,74.22000000,25-08-2024 11:00,11
783,Dhadgaon,NCA,27,Maharashtra,486,Nandurbar,Dhadgaon,-,-,Narmada,Narmada,-,-,-,-,21.82000000,74.22000000,25-08-2024 12:00,13
784,Dhadgaon,NCA,27,Maharashtra,486,Nandurbar,Dhadgaon,-,-,Narmada,Narmada,-,-,-,-,21.82000000,74.22000000,25-08-2024 12:00,13
785,Dhadgaon,NCA,27,Maharashtra,486,Nandurbar,Dhadgaon,-,-,Narmada,Narmada,-,-,-,-,21.82000000,74.22000000,25-08-2024 13:00,9.5
786,Dhadgaon,NCA,27,Maharashtra,486,Nandurbar,Dhadgaon,-,-,Narmada,Narmada,-,-,-,-,21.82000000,74.22000000,25-08-2024 14:00,3
787,Dhadgaon,NCA,27,Maharashtra,486,Nandurbar,Dhadgaon,-,-,Narmada,Narmada,-,-,-,-,21.82000000,74.22000000,25-08-2024 14:00,3
788,Dhadgaon,NCA,27,Maharashtra,486,Nandurbar,Dhadgaon,-,-,Narmada,Narmada,-,-,-,-,21.82000000,74.22000000,25-08-2024 15:00,6
789,Dhadgaon,NCA,27,Maharashtra,486,Nandurbar,Dhadgaon,-,-,Narmada,Narmada,-,-,-,-,21.82000000,74.22000000,25-08-2024 15:00,6
790,Dhadgaon,NCA,27,Maharashtra,486,Nandurbar,Dhadgaon,-,-,Narmada,Narmada,-,-,-,-,21.82000000,74.22000000,25-08-2024 16:00,18.5
791,Dhadgaon,NCA,27,Maharashtra,486,Nandurbar,Dhadgaon,-,-,Narmada,Narmada,-,-,-,-,21.82000000,74.22000000,25-08-2024 16:00,18.5
792,Dhadgaon,NCA,27,Maharashtra,486,Nandurbar,Dhadgaon,-,-,Narmada,Narmada,-,-,-,-,21.82000000,74.22000000,25-08-2024 17:00,25.5
793,Dhadgaon,NCA,27,Maharashtra,486,Nandurbar,Dhadgaon,-,-,Narmada,Narmada,-,-,-,-,21.82000000,74.22000000,25-08-2024 18:00,28
794,Dhadgaon,NCA,27,Maharashtra,486,Nandurbar,Dhadgaon,-,-,Narmada,Narmada,-,-,-,-,21.82000000,74.22000000,25-08-2024 19:00,11.5
795,Dhadgaon,NCA,27,Maharashtra,486,Nandurbar,Dhadgaon,-,-,Narmada,Narmada,-,-,-,-,21.82000000,74.22000000,25-08-2024 19:00,11.5
796,Dhadgaon,NCA,27,Maharashtra,486,Nandurbar,Dhadgaon,-,-,Narmada,Narmada,-,-,-,-,21.82000000,74.22000000,25-08-2024 20:00,2.5
797,Dhadgaon,NCA,27,Maharashtra,486,Nandurbar,Dhadgaon,-,-,Narmada,Narmada,-,-,-,-,21.82000000,74.22000000,25-08-2024 20:00,2.5
798,Dhadgaon,NCA,27,Maharashtra,486,Nandurbar,Dhadgaon,-,-,Narmada,Narmada,-,-,-,-,21.82000000,74.22000000,25-08-2024 21:00,1.5
799,Dhadgaon,NCA,27,Maharashtra,486,Nandurbar,Dhadgaon,-,-,Narmada,Narmada,-,-,-,-,21.82000000,74.22000000,25-08-2024 21:00,1.5
800,Dhadgaon,NCA,27,Maharashtra,486,Nandurbar,Dhadgaon,-,-,Narmada,Narmada,-,-,-,-,21.82000000,74.22000000,25-08-2024 22:00,1
801,Dhadgaon,NCA,27,Maharashtra,486,Nandurbar,Dhadgaon,-,-,Narmada,Narmada,-,-,-,-,21.82000000,74.22000000,25-08-2024 22:00,1
802,Dhadgaon,NCA,27,Maharashtra,486,Nandurbar,Dhadgaon,-,-,Narmada,Narmada,-,-,-,-,21.82000000,74.22000000,25-08-2024 23:00,3.5
803,Dhadgaon,NCA,27,Maharashtra,486,Nandurbar,Dhadgaon,-,-,Narmada,Narmada,-,-,-,-,21.82000000,74.22000000,25-08-2024 23:00,3.5
804,Dhadgaon,NCA,27,Maharashtra,486,Nandurbar,Dhadgaon,-,-,Narmada,Narmada,-,-,-,-,21.82000000,74.22000000,26-08-2024 01:00,0.5
805,Dhadgaon,NCA,27,Maharashtra,486,Nandurbar,Dhadgaon,-,-,Narmada,Narmada,-,-,-,-,21.82000000,74.22000000,26-08-2024 01:00,0.5
806,Dhadgaon,NCA,27,Maharashtra,486,Nandurbar,Dhadgaon,-,-,Narmada,Narmada,-,-,-,-,21.82000000,74.22000000,26-08-2024 03:00,0.5
807,Dhadgaon,NCA,27,Maharashtra,486,Nandurbar,Dhadgaon,-,-,Narmada,Narmada,-,-,-,-,21.82000000,74.22000000,26-08-2024 03:00,0.5
808,Dhadgaon,NCA,27,Maharashtra,486,Nandurbar,Dhadgaon,-,-,Narmada,Narmada,-,-,-,-,21.82000000,74.22000000,26-08-2024 04:00,1.5
809,Dhadgaon,NCA,27,Maharashtra,486,Nandurbar,Dhadgaon,-,-,Narmada,Narmada,-,-,-,-,21.82000000,74.22000000,26-08-2024 04:00,1.5
810,Dhadgaon,NCA,27,Maharashtra,486,Nandurbar,Dhadgaon,-,-,Narmada,Narmada,-,-,-,-,21.82000000,74.22000000,26-08-2024 05:00,0.5
811,Dhadgaon,NCA,27,Maharashtra,486,Nandurbar,Dhadgaon,-,-,Narmada,Narmada,-,-,-,-,21.82000000,74.22000000,26-08-2024 05:00,0.5
812,Dhadgaon,NCA,27,Maharashtra,486,Nandurbar,Dhadgaon,-,-,Narmada,Narmada,-,-,-,-,21.82000000,74.22000000,26-08-2024 06:00,5.5
813,Dhadgaon,NCA,27,Maharashtra,486,Nandurbar,Dhadgaon,-,-,Narmada,Narmada,-,-,-,-,21.82000000,74.22000000,26-08-2024 06:00,5.5
814,Dhadgaon,NCA,27,Maharashtra,486,Nandurbar,Dhadgaon,-,-,Narmada,Narmada,-,-,-,-,21.82000000,74.22000000,26-08-2024 07:00,12.5
815,Dhadgaon,NCA,27,Maharashtra,486,Nandurbar,Dhadgaon,-,-,Narmada,Narmada,-,-,-,-,21.82000000,74.22000000,26-08-2024 07:00,12.5
816,Dhadgaon,NCA,27,Maharashtra,486,Nandurbar,Dhadgaon,-,-,Narmada,Narmada,-,-,-,-,21.82000000,74.22000000,26-08-2024 08:00,8.5
817,Dhadgaon,NCA,27,Maharashtra,486,Nandurbar,Dhadgaon,-,-,Narmada,Narmada,-,-,-,-,21.82000000,74.22000000,26-08-2024 08:00,8.5
818,Dhadgaon,NCA,27,Maharashtra,486,Nandurbar,Dhadgaon,-,-,Narmada,Narmada,-,-,-,-,21.82000000,74.22000000,26-08-2024 15:00,0.5
819,Dhadgaon,NCA,27,Maharashtra,486,Nandurbar,Dhadgaon,-,-,Narmada,Narmada,-,-,-,-,21.82000000,74.22000000,26-08-2024 15:00,0.5
820,Dhadgaon,NCA,27,Maharashtra,486,Nandurbar,Dhadgaon,-,-,Narmada,Narmada,-,-,-,-,21.82000000,74.22000000,26-08-2024 16:00,0.5
821,Dhadgaon,NCA,27,Maharashtra,486,Nandurbar,Dhadgaon,-,-,Narmada,Narmada,-,-,-,-,21.82000000,74.22000000,26-08-2024 16:00,0.5
822,Dhadgaon,NCA,27,Maharashtra,486,Nandurbar,Dhadgaon,-,-,Narmada,Narmada,-,-,-,-,21.82000000,74.22000000,26-08-2024 17:00,0.5
823,Dhadgaon,NCA,27,Maharashtra,486,Nandurbar,Dhadgaon,-,-,Narmada,Narmada,-,-,-,-,21.82000000,74.22000000,26-08-2024 17:00,0.5
824,Dhadgaon,NCA,27,Maharashtra,486,Nandurbar,Dhadgaon,-,-,Narmada,Narmada,-,-,-,-,21.82000000,74.22000000,26-08-2024 20:00,0.5
825,Dhadgaon,NCA,27,Maharashtra,486,Nandurbar,Dhadgaon,-,-,Narmada,Narmada,-,-,-,-,21.82000000,74.22000000,26-08-2024 20:00,0.5
826,Dhadgaon,NCA,27,Maharashtra,486,Nandurbar,Dhadgaon,-,-,Narmada,Narmada,-,-,-,-,21.82000000,74.22000000,26-08-2024 23:00,1.5
827,Dhadgaon,NCA,27,Maharashtra,486,Nandurbar,Dhadgaon,-,-,Narmada,Narmada,-,-,-,-,21.82000000,74.22000000,26-08-2024 23:00,1.5
828,Dhadgaon,NCA,27,Maharashtra,486,Nandurbar,Dhadgaon,-,-,Narmada,Narmada,-,-,-,-,21.82000000,74.22000000,27-08-2024 05:00,0.5
829,Dhadgaon,NCA,27,Maharashtra,486,Nandurbar,Dhadgaon,-,-,Narmada,Narmada,-,-,-,-,21.82000000,74.22000000,27-08-2024 05:00,0.5
830,Dhadgaon,NCA,27,Maharashtra,486,Nandurbar,Dhadgaon,-,-,Narmada,Narmada,-,-,-,-,21.82000000,74.22000000,27-08-2024 08:00,0.5
831,Dhadgaon,NCA,27,Maharashtra,486,Nandurbar,Dhadgaon,-,-,Narmada,Narmada,-,-,-,-,21.82000000,74.22000000,27-08-2024 08:00,0.5
832,Dhadgaon,NCA,27,Maharashtra,486,Nandurbar,Dhadgaon,-,-,Narmada,Narmada,-,-,-,-,21.82000000,74.22000000,27-08-2024 09:00,0.5
833,Dhadgaon,NCA,27,Maharashtra,486,Nandurbar,Dhadgaon,-,-,Narmada,Narmada,-,-,-,-,21.82000000,74.22000000,27-08-2024 09:00,0.5
834,Dhadgaon,NCA,27,Maharashtra,486,Nandurbar,Dhadgaon,-,-,Narmada,Narmada,-,-,-,-,21.82000000,74.22000000,27-08-2024 16:00,1
835,Dhadgaon,NCA,27,Maharashtra,486,Nandurbar,Dhadgaon,-,-,Narmada,Narmada,-,-,-,-,21.82000000,74.22000000,27-08-2024 16:00,1
836,Dhadgaon,NCA,27,Maharashtra,486,Nandurbar,Dhadgaon,-,-,Narmada,Narmada,-,-,-,-,21.82000000,74.22000000,28-08-2024 05:00,1
837,Dhadgaon,NCA,27,Maharashtra,486,Nandurbar,Dhadgaon,-,-,Narmada,Narmada,-,-,-,-,21.82000000,74.22000000,28-08-2024 13:00,5
838,Dhadgaon,NCA,27,Maharashtra,486,Nandurbar,Dhadgaon,-,-,Narmada,Narmada,-,-,-,-,21.82000000,74.22000000,28-08-2024 14:00,3.5
839,Dhadgaon,NCA,27,Maharashtra,486,Nandurbar,Dhadgaon,-,-,Narmada,Narmada,-,-,-,-,21.82000000,74.22000000,28-08-2024 16:00,0.5
840,Dhadgaon,NCA,27,Maharashtra,486,Nandurbar,Dhadgaon,-,-,Narmada,Narmada,-,-,-,-,21.82000000,74.22000000,28-08-2024 21:00,0.5
841,Dhadgaon,NCA,27,Maharashtra,486,Nandurbar,Dhadgaon,-,-,Narmada,Narmada,-,-,-,-,21.82000000,74.22000000,28-08-2024 22:00,0.5
842,Dhadgaon,NCA,27,Maharashtra,486,Nandurbar,Dhadgaon,-,-,Narmada,Narmada,-,-,-,-,21.82000000,74.22000000,29-08-2024 06:00,0.5
843,Dhadgaon,NCA,27,Maharashtra,486,Nandurbar,Dhadgaon,-,-,Narmada,Narmada,-,-,-,-,21.82000000,74.22000000,29-08-2024 06:00,0.5
844,Dhadgaon,NCA,27,Maharashtra,486,Nandurbar,Dhadgaon,-,-,Narmada,Narmada,-,-,-,-,21.82000000,74.22000000,29-08-2024 13:00,1
845,Dhadgaon,NCA,27,Maharashtra,486,Nandurbar,Dhadgaon,-,-,Narmada,Narmada,-,-,-,-,21.82000000,74.22000000,29-08-2024 13:00,1
846,Dhadgaon,NCA,27,Maharashtra,486,Nandurbar,Dhadgaon,-,-,Narmada,Narmada,-,-,-,-,21.82000000,74.22000000,29-08-2024 17:00,0.5
847,Dhadgaon,NCA,27,Maharashtra,486,Nandurbar,Dhadgaon,-,-,Narmada,Narmada,-,-,-,-,21.82000000,74.22000000,29-08-2024 17:00,0.5
848,Dhadgaon,NCA,27,Maharashtra,486,Nandurbar,Dhadgaon,-,-,Narmada,Narmada,-,-,-,-,21.82000000,74.22000000,29-08-2024 18:00,5.5
849,Dhadgaon,NCA,27,Maharashtra,486,Nandurbar,Dhadgaon,-,-,Narmada,Narmada,-,-,-,-,21.82000000,74.22000000,29-08-2024 18:00,5.5
850,Dhadgaon,NCA,27,Maharashtra,486,Nandurbar,Dhadgaon,-,-,Narmada,Narmada,-,-,-,-,21.82000000,74.22000000,29-08-2024 19:00,1
851,Dhadgaon,NCA,27,Maharashtra,486,Nandurbar,Dhadgaon,-,-,Narmada,Narmada,-,-,-,-,21.82000000,74.22000000,29-08-2024 19:00,1
852,Dhadgaon,NCA,27,Maharashtra,486,Nandurbar,Dhadgaon,-,-,Narmada,Narmada,-,-,-,-,21.82000000,74.22000000,29-08-2024 21:00,0.5
853,Dhadgaon,NCA,27,Maharashtra,486,Nandurbar,Dhadgaon,-,-,Narmada,Narmada,-,-,-,-,21.82000000,74.22000000,29-08-2024 21:00,0.5
854,Dhadgaon,NCA,27,Maharashtra,486,Nandurbar,Dhadgaon,-,-,Narmada,Narmada,-,-,-,-,21.82000000,74.22000000,29-08-2024 23:00,3
855,Dhadgaon,NCA,27,Maharashtra,486,Nandurbar,Dhadgaon,-,-,Narmada,Narmada,-,-,-,-,21.82000000,74.22000000,30-08-2024 00:00,1.5
856,Dhadgaon,NCA,27,Maharashtra,486,Nandurbar,Dhadgaon,-,-,Narmada,Narmada,-,-,-,-,21.82000000,74.22000000,30-08-2024 00:00,1.5
857,Dhadgaon,NCA,27,Maharashtra,486,Nandurbar,Dhadgaon,-,-,Narmada,Narmada,-,-,-,-,21.82000000,74.22000000,02-09-2024 06:00,0.5
858,Dhadgaon,NCA,27,Maharashtra,486,Nandurbar,Dhadgaon,-,-,Narmada,Narmada,-,-,-,-,21.82000000,74.22000000,02-09-2024 06:00,0.5
859,Dhadgaon,NCA,27,Maharashtra,486,Nandurbar,Dhadgaon,-,-,Narmada,Narmada,-,-,-,-,21.82000000,74.22000000,02-09-2024 07:00,0.5
860,Dhadgaon,NCA,27,Maharashtra,486,Nandurbar,Dhadgaon,-,-,Narmada,Narmada,-,-,-,-,21.82000000,74.22000000,02-09-2024 07:00,0.5
861,Dhadgaon,NCA,27,Maharashtra,486,Nandurbar,Dhadgaon,-,-,Narmada,Narmada,-,-,-,-,21.82000000,74.22000000,02-09-2024 10:00,0.5
862,Dhadgaon,NCA,27,Maharashtra,486,Nandurbar,Dhadgaon,-,-,Narmada,Narmada,-,-,-,-,21.82000000,74.22000000,02-09-2024 10:00,0.5
863,Dhadgaon,NCA,27,Maharashtra,486,Nandurbar,Dhadgaon,-,-,Narmada,Narmada,-,-,-,-,21.82000000,74.22000000,02-09-2024 11:00,1
864,Dhadgaon,NCA,27,Maharashtra,486,Nandurbar,Dhadgaon,-,-,Narmada,Narmada,-,-,-,-,21.82000000,74.22000000,02-09-2024 11:00,1
865,Dhadgaon,NCA,27,Maharashtra,486,Nandurbar,Dhadgaon,-,-,Narmada,Narmada,-,-,-,-,21.82000000,74.22000000,02-09-2024 12:00,2.5
866,Dhadgaon,NCA,27,Maharashtra,486,Nandurbar,Dhadgaon,-,-,Narmada,Narmada,-,-,-,-,21.82000000,74.22000000,02-09-2024 12:00,2.5
867,Dhadgaon,NCA,27,Maharashtra,486,Nandurbar,Dhadgaon,-,-,Narmada,Narmada,-,-,-,-,21.82000000,74.22000000,02-09-2024 13:00,1
868,Dhadgaon,NCA,27,Maharashtra,486,Nandurbar,Dhadgaon,-,-,Narmada,Narmada,-,-,-,-,21.82000000,74.22000000,02-09-2024 13:00,1
869,Dhadgaon,NCA,27,Maharashtra,486,Nandurbar,Dhadgaon,-,-,Narmada,Narmada,-,-,-,-,21.82000000,74.22000000,02-09-2024 21:00,1.5
870,Dhadgaon,NCA,27,Maharashtra,486,Nandurbar,Dhadgaon,-,-,Narmada,Narmada,-,-,-,-,21.82000000,74.22000000,02-09-2024 21:00,1.5
871,Dhadgaon,NCA,27,Maharashtra,486,Nandurbar,Dhadgaon,-,-,Narmada,Narmada,-,-,-,-,21.82000000,74.22000000,02-09-2024 22:00,17.5
872,Dhadgaon,NCA,27,Maharashtra,486,Nandurbar,Dhadgaon,-,-,Narmada,Narmada,-,-,-,-,21.82000000,74.22000000,02-09-2024 22:00,17.5
873,Dhadgaon,NCA,27,Maharashtra,486,Nandurbar,Dhadgaon,-,-,Narmada,Narmada,-,-,-,-,21.82000000,74.22000000,02-09-2024 23:00,1.5
874,Dhadgaon,NCA,27,Maharashtra,486,Nandurbar,Dhadgaon,-,-,Narmada,Narmada,-,-,-,-,21.82000000,74.22000000,02-09-2024 23:00,1.5
875,Dhadgaon,NCA,27,Maharashtra,486,Nandurbar,Dhadgaon,-,-,Narmada,Narmada,-,-,-,-,21.82000000,74.22000000,03-09-2024 04:00,1.5
876,Dhadgaon,NCA,27,Maharashtra,486,Nandurbar,Dhadgaon,-,-,Narmada,Narmada,-,-,-,-,21.82000000,74.22000000,03-09-2024 04:00,1.5
877,Dhadgaon,NCA,27,Maharashtra,486,Nandurbar,Dhadgaon,-,-,Narmada,Narmada,-,-,-,-,21.82000000,74.22000000,03-09-2024 05:00,1
878,Dhadgaon,NCA,27,Maharashtra,486,Nandurbar,Dhadgaon,-,-,Narmada,Narmada,-,-,-,-,21.82000000,74.22000000,03-09-2024 05:00,1
879,Dhadgaon,NCA,27,Maharashtra,486,Nandurbar,Dhadgaon,-,-,Narmada,Narmada,-,-,-,-,21.82000000,74.22000000,03-09-2024 06:00,0.5
880,Dhadgaon,NCA,27,Maharashtra,486,Nandurbar,Dhadgaon,-,-,Narmada,Narmada,-,-,-,-,21.82000000,74.22000000,03-09-2024 06:00,0.5
881,Dhadgaon,NCA,27,Maharashtra,486,Nandurbar,Dhadgaon,-,-,Narmada,Narmada,-,-,-,-,21.82000000,74.22000000,03-09-2024 16:00,1.5
882,Dhadgaon,NCA,27,Maharashtra,486,Nandurbar,Dhadgaon,-,-,Narmada,Narmada,-,-,-,-,21.82000000,74.22000000,03-09-2024 16:00,1.5
883,Dhadgaon,NCA,27,Maharashtra,486,Nandurbar,Dhadgaon,-,-,Narmada,Narmada,-,-,-,-,21.82000000,74.22000000,03-09-2024 22:00,0.5
884,Dhadgaon,NCA,27,Maharashtra,486,Nandurbar,Dhadgaon,-,-,Narmada,Narmada,-,-,-,-,21.82000000,74.22000000,03-09-2024 22:00,0.5
885,Dhadgaon,NCA,27,Maharashtra,486,Nandurbar,Dhadgaon,-,-,Narmada,Narmada,-,-,-,-,21.82000000,74.22000000,06-09-2024 05:00,2.5
886,Dhadgaon,NCA,27,Maharashtra,486,Nandurbar,Dhadgaon,-,-,Narmada,Narmada,-,-,-,-,21.82000000,74.22000000,06-09-2024 05:00,2.5
887,Dhadgaon,NCA,27,Maharashtra,486,Nandurbar,Dhadgaon,-,-,Narmada,Narmada,-,-,-,-,21.82000000,74.22000000,06-09-2024 06:00,1.5
888,Dhadgaon,NCA,27,Maharashtra,486,Nandurbar,Dhadgaon,-,-,Narmada,Narmada,-,-,-,-,21.82000000,74.22000000,06-09-2024 06:00,1.5
889,Dhadgaon,NCA,27,Maharashtra,486,Nandurbar,Dhadgaon,-,-,Narmada,Narmada,-,-,-,-,21.82000000,74.22000000,06-09-2024 07:00,8.5
890,Dhadgaon,NCA,27,Maharashtra,486,Nandurbar,Dhadgaon,-,-,Narmada,Narmada,-,-,-,-,21.82000000,74.22000000,06-09-2024 07:00,8.5
891,Dhadgaon,NCA,27,Maharashtra,486,Nandurbar,Dhadgaon,-,-,Narmada,Narmada,-,-,-,-,21.82000000,74.22000000,06-09-2024 08:00,0.5
892,Dhadgaon,NCA,27,Maharashtra,486,Nandurbar,Dhadgaon,-,-,Narmada,Narmada,-,-,-,-,21.82000000,74.22000000,06-09-2024 08:00,0.5
893,Dhadgaon,NCA,27,Maharashtra,486,Nandurbar,Dhadgaon,-,-,Narmada,Narmada,-,-,-,-,21.82000000,74.22000000,06-09-2024 09:00,0.5
894,Dhadgaon,NCA,27,Maharashtra,486,Nandurbar,Dhadgaon,-,-,Narmada,Narmada,-,-,-,-,21.82000000,74.22000000,06-09-2024 09:00,0.5
895,Dhadgaon,NCA,27,Maharashtra,486,Nandurbar,Dhadgaon,-,-,Narmada,Narmada,-,-,-,-,21.82000000,74.22000000,06-09-2024 12:00,1.5
896,Dhadgaon,NCA,27,Maharashtra,486,Nandurbar,Dhadgaon,-,-,Narmada,Narmada,-,-,-,-,21.82000000,74.22000000,06-09-2024 12:00,1.5
897,Dhadgaon,NCA,27,Maharashtra,486,Nandurbar,Dhadgaon,-,-,Narmada,Narmada,-,-,-,-,21.82000000,74.22000000,06-09-2024 13:00,1.5
898,Dhadgaon,NCA,27,Maharashtra,486,Nandurbar,Dhadgaon,-,-,Narmada,Narmada,-,-,-,-,21.82000000,74.22000000,06-09-2024 13:00,1.5
899,Dhadgaon,NCA,27,Maharashtra,486,Nandurbar,Dhadgaon,-,-,Narmada,Narmada,-,-,-,-,21.82000000,74.22000000,06-09-2024 15:00,0.5
900,Dhadgaon,NCA,27,Maharashtra,486,Nandurbar,Dhadgaon,-,-,Narmada,Narmada,-,-,-,-,21.82000000,74.22000000,06-09-2024 15:00,0.5
901,Dhadgaon,NCA,27,Maharashtra,486,Nandurbar,Dhadgaon,-,-,Narmada,Narmada,-,-,-,-,21.82000000,74.22000000,06-09-2024 16:00,0.5
902,Dhadgaon,NCA,27,Maharashtra,486,Nandurbar,Dhadgaon,-,-,Narmada,Narmada,-,-,-,-,21.82000000,74.22000000,06-09-2024 16:00,0.5
903,Dhadgaon,NCA,27,Maharashtra,486,Nandurbar,Dhadgaon,-,-,Narmada,Narmada,-,-,-,-,21.82000000,74.22000000,06-09-2024 17:00,3
904,Dhadgaon,NCA,27,Maharashtra,486,Nandurbar,Dhadgaon,-,-,Narmada,Narmada,-,-,-,-,21.82000000,74.22000000,06-09-2024 17:00,3
905,Dhadgaon,NCA,27,Maharashtra,486,Nandurbar,Dhadgaon,-,-,Narmada,Narmada,-,-,-,-,21.82000000,74.22000000,06-09-2024 18:00,0.5
906,Dhadgaon,NCA,27,Maharashtra,486,Nandurbar,Dhadgaon,-,-,Narmada,Narmada,-,-,-,-,21.82000000,74.22000000,06-09-2024 18:00,0.5
907,Dhadgaon,NCA,27,Maharashtra,486,Nandurbar,Dhadgaon,-,-,Narmada,Narmada,-,-,-,-,21.82000000,74.22000000,07-09-2024 09:00,0.5
908,Dhadgaon,NCA,27,Maharashtra,486,Nandurbar,Dhadgaon,-,-,Narmada,Narmada,-,-,-,-,21.82000000,74.22000000,07-09-2024 09:00,0.5
909,Dhadgaon,NCA,27,Maharashtra,486,Nandurbar,Dhadgaon,-,-,Narmada,Narmada,-,-,-,-,21.82000000,74.22000000,07-09-2024 10:00,0.5
910,Dhadgaon,NCA,27,Maharashtra,486,Nandurbar,Dhadgaon,-,-,Narmada,Narmada,-,-,-,-,21.82000000,74.22000000,07-09-2024 10:00,0.5
911,Dhadgaon,NCA,27,Maharashtra,486,Nandurbar,Dhadgaon,-,-,Narmada,Narmada,-,-,-,-,21.82000000,74.22000000,07-09-2024 14:00,1.5
912,Dhadgaon,NCA,27,Maharashtra,486,Nandurbar,Dhadgaon,-,-,Narmada,Narmada,-,-,-,-,21.82000000,74.22000000,07-09-2024 14:00,1.5
913,Dhadgaon,NCA,27,Maharashtra,486,Nandurbar,Dhadgaon,-,-,Narmada,Narmada,-,-,-,-,21.82000000,74.22000000,08-09-2024 12:00,0.5
914,Dhadgaon,NCA,27,Maharashtra,486,Nandurbar,Dhadgaon,-,-,Narmada,Narmada,-,-,-,-,21.82000000,74.22000000,08-09-2024 12:00,0.5
915,Dhadgaon,NCA,27,Maharashtra,486,Nandurbar,Dhadgaon,-,-,Narmada,Narmada,-,-,-,-,21.82000000,74.22000000,09-09-2024 17:00,0.5
916,Dhadgaon,NCA,27,Maharashtra,486,Nandurbar,Dhadgaon,-,-,Narmada,Narmada,-,-,-,-,21.82000000,74.22000000,09-09-2024 17:00,0.5
917,Dhadgaon,NCA,27,Maharashtra,486,Nandurbar,Dhadgaon,-,-,Narmada,Narmada,-,-,-,-,21.82000000,74.22000000,09-09-2024 18:00,5.5
918,Dhadgaon,NCA,27,Maharashtra,486,Nandurbar,Dhadgaon,-,-,Narmada,Narmada,-,-,-,-,21.82000000,74.22000000,09-09-2024 18:00,5.5
919,Dhadgaon,NCA,27,Maharashtra,486,Nandurbar,Dhadgaon,-,-,Narmada,Narmada,-,-,-,-,21.82000000,74.22000000,10-09-2024 16:00,0.5
920,Dhadgaon,NCA,27,Maharashtra,486,Nandurbar,Dhadgaon,-,-,Narmada,Narmada,-,-,-,-,21.82000000,74.22000000,10-09-2024 16:00,0.5
921,Dhadgaon,NCA,27,Maharashtra,486,Nandurbar,Dhadgaon,-,-,Narmada,Narmada,-,-,-,-,21.82000000,74.22000000,11-09-2024 00:00,5.5
922,Dhadgaon,NCA,27,Maharashtra,486,Nandurbar,Dhadgaon,-,-,Narmada,Narmada,-,-,-,-,21.82000000,74.22000000,11-09-2024 01:00,0.5
923,Dhadgaon,NCA,27,Maharashtra,486,Nandurbar,Dhadgaon,-,-,Narmada,Narmada,-,-,-,-,21.82000000,74.22000000,11-09-2024 01:00,0.5
924,Dhadgaon,NCA,27,Maharashtra,486,Nandurbar,Dhadgaon,-,-,Narmada,Narmada,-,-,-,-,21.82000000,74.22000000,11-09-2024 14:00,0.5
925,Dhadgaon,NCA,27,Maharashtra,486,Nandurbar,Dhadgaon,-,-,Narmada,Narmada,-,-,-,-,21.82000000,74.22000000,11-09-2024 14:00,0.5
926,Dhadgaon,NCA,27,Maharashtra,486,Nandurbar,Dhadgaon,-,-,Narmada,Narmada,-,-,-,-,21.82000000,74.22000000,15-09-2024 10:00,1
927,Dhadgaon,NCA,27,Maharashtra,486,Nandurbar,Dhadgaon,-,-,Narmada,Narmada,-,-,-,-,21.82000000,74.22000000,15-09-2024 10:00,1
928,Dhadgaon,NCA,27,Maharashtra,486,Nandurbar,Dhadgaon,-,-,Narmada,Narmada,-,-,-,-,21.82000000,74.22000000,15-09-2024 11:00,4.5
929,Dhadgaon,NCA,27,Maharashtra,486,Nandurbar,Dhadgaon,-,-,Narmada,Narmada,-,-,-,-,21.82000000,74.22000000,15-09-2024 11:00,4.5
930,Dhadgaon,NCA,27,Maharashtra,486,Nandurbar,Dhadgaon,-,-,Narmada,Narmada,-,-,-,-,21.82000000,74.22000000,15-09-2024 12:00,2.5
931,Dhadgaon,NCA,27,Maharashtra,486,Nandurbar,Dhadgaon,-,-,Narmada,Narmada,-,-,-,-,21.82000000,74.22000000,15-09-2024 12:00,2.5
932,Dhadgaon,NCA,27,Maharashtra,486,Nandurbar,Dhadgaon,-,-,Narmada,Narmada,-,-,-,-,21.82000000,74.22000000,23-09-2024 17:00,0.5
933,Dhadgaon,NCA,27,Maharashtra,486,Nandurbar,Dhadgaon,-,-,Narmada,Narmada,-,-,-,-,21.82000000,74.22000000,23-09-2024 17:00,0.5
934,Dhadgaon,NCA,27,Maharashtra,486,Nandurbar,Dhadgaon,-,-,Narmada,Narmada,-,-,-,-,21.82000000,74.22000000,23-09-2024 18:00,1
935,Dhadgaon,NCA,27,Maharashtra,486,Nandurbar,Dhadgaon,-,-,Narmada,Narmada,-,-,-,-,21.82000000,74.22000000,23-09-2024 18:00,1
936,Dhadgaon,NCA,27,Maharashtra,486,Nandurbar,Dhadgaon,-,-,Narmada,Narmada,-,-,-,-,21.82000000,74.22000000,23-09-2024 19:00,0.5
937,Dhadgaon,NCA,27,Maharashtra,486,Nandurbar,Dhadgaon,-,-,Narmada,Narmada,-,-,-,-,21.82000000,74.22000000,23-09-2024 19:00,0.5
938,Dhadgaon,NCA,27,Maharashtra,486,Nandurbar,Dhadgaon,-,-,Narmada,Narmada,-,-,-,-,21.82000000,74.22000000,23-09-2024 20:00,0.5
939,Dhadgaon,NCA,27,Maharashtra,486,Nandurbar,Dhadgaon,-,-,Narmada,Narmada,-,-,-,-,21.82000000,74.22000000,23-09-2024 20:00,0.5
940,Dhadgaon,NCA,27,Maharashtra,486,Nandurbar,Dhadgaon,-,-,Narmada,Narmada,-,-,-,-,21.82000000,74.22000000,23-09-2024 21:00,0.5
941,Dhadgaon,NCA,27,Maharashtra,486,Nandurbar,Dhadgaon,-,-,Narmada,Narmada,-,-,-,-,21.82000000,74.22000000,23-09-2024 21:00,0.5
942,Dhadgaon,NCA,27,Maharashtra,486,Nandurbar,Dhadgaon,-,-,Narmada,Narmada,-,-,-,-,21.82000000,74.22000000,23-09-2024 22:00,1
943,Dhadgaon,NCA,27,Maharashtra,486,Nandurbar,Dhadgaon,-,-,Narmada,Narmada,-,-,-,-,21.82000000,74.22000000,23-09-2024 22:00,1
944,Dhadgaon,NCA,27,Maharashtra,486,Nandurbar,Dhadgaon,-,-,Narmada,Narmada,-,-,-,-,21.82000000,74.22000000,23-09-2024 23:00,2.5
945,Dhadgaon,NCA,27,Maharashtra,486,Nandurbar,Dhadgaon,-,-,Narmada,Narmada,-,-,-,-,21.82000000,74.22000000,23-09-2024 23:00,2.5
946,Dhadgaon,NCA,27,Maharashtra,486,Nandurbar,Dhadgaon,-,-,Narmada,Narmada,-,-,-,-,21.82000000,74.22000000,24-09-2024 03:00,4
947,Dhadgaon,NCA,27,Maharashtra,486,Nandurbar,Dhadgaon,-,-,Narmada,Narmada,-,-,-,-,21.82000000,74.22000000,24-09-2024 03:00,4
948,Dhadgaon,NCA,27,Maharashtra,486,Nandurbar,Dhadgaon,-,-,Narmada,Narmada,-,-,-,-,21.82000000,74.22000000,24-09-2024 04:00,1.5
949,Dhadgaon,NCA,27,Maharashtra,486,Nandurbar,Dhadgaon,-,-,Narmada,Narmada,-,-,-,-,21.82000000,74.22000000,24-09-2024 04:00,1.5
950,Dhadgaon,NCA,27,Maharashtra,486,Nandurbar,Dhadgaon,-,-,Narmada,Narmada,-,-,-,-,21.82000000,74.22000000,25-09-2024 01:00,4.5
951,Dhadgaon,NCA,27,Maharashtra,486,Nandurbar,Dhadgaon,-,-,Narmada,Narmada,-,-,-,-,21.82000000,74.22000000,25-09-2024 04:00,2
952,Dhadgaon,NCA,27,Maharashtra,486,Nandurbar,Dhadgaon,-,-,Narmada,Narmada,-,-,-,-,21.82000000,74.22000000,25-09-2024 04:00,2
953,Dhadgaon,NCA,27,Maharashtra,486,Nandurbar,Dhadgaon,-,-,Narmada,Narmada,-,-,-,-,21.82000000,74.22000000,25-09-2024 05:00,4.5
954,Dhadgaon,NCA,27,Maharashtra,486,Nandurbar,Dhadgaon,-,-,Narmada,Narmada,-,-,-,-,21.82000000,74.22000000,25-09-2024 05:00,4.5
955,Dhadgaon,NCA,27,Maharashtra,486,Nandurbar,Dhadgaon,-,-,Narmada,Narmada,-,-,-,-,21.82000000,74.22000000,25-09-2024 06:00,3
956,Dhadgaon,NCA,27,Maharashtra,486,Nandurbar,Dhadgaon,-,-,Narmada,Narmada,-,-,-,-,21.82000000,74.22000000,25-09-2024 06:00,3
957,Dhadgaon,NCA,27,Maharashtra,486,Nandurbar,Dhadgaon,-,-,Narmada,Narmada,-,-,-,-,21.82000000,74.22000000,25-09-2024 18:00,18
958,Dhadgaon,NCA,27,Maharashtra,486,Nandurbar,Dhadgaon,-,-,Narmada,Narmada,-,-,-,-,21.82000000,74.22000000,25-09-2024 21:00,1.5
959,Dhadgaon,NCA,27,Maharashtra,486,Nandurbar,Dhadgaon,-,-,Narmada,Narmada,-,-,-,-,21.82000000,74.22000000,25-09-2024 22:00,0.5
960,Dhadgaon,NCA,27,Maharashtra,486,Nandurbar,Dhadgaon,-,-,Narmada,Narmada,-,-,-,-,21.82000000,74.22000000,26-09-2024 19:00,0.5
961,Dhadgaon,NCA,27,Maharashtra,486,Nandurbar,Dhadgaon,-,-,Narmada,Narmada,-,-,-,-,21.82000000,74.22000000,26-09-2024 19:00,0.5
962,Dhadgaon,NCA,27,Maharashtra,486,Nandurbar,Dhadgaon,-,-,Narmada,Narmada,-,-,-,-,21.82000000,74.22000000,26-09-2024 20:00,1.5
963,Dhadgaon,NCA,27,Maharashtra,486,Nandurbar,Dhadgaon,-,-,Narmada,Narmada,-,-,-,-,21.82000000,74.22000000,26-09-2024 20:00,1.5
964,Dhadgaon,NCA,27,Maharashtra,486,Nandurbar,Dhadgaon,-,-,Narmada,Narmada,-,-,-,-,21.82000000,74.22000000,26-09-2024 21:00,4
965,Dhadgaon,NCA,27,Maharashtra,486,Nandurbar,Dhadgaon,-,-,Narmada,Narmada,-,-,-,-,21.82000000,74.22000000,26-09-2024 21:00,4
966,Dhadgaon,NCA,27,Maharashtra,486,Nandurbar,Dhadgaon,-,-,Narmada,Narmada,-,-,-,-,21.82000000,74.22000000,26-09-2024 22:00,3
967,Dhadgaon,NCA,27,Maharashtra,486,Nandurbar,Dhadgaon,-,-,Narmada,Narmada,-,-,-,-,21.82000000,74.22000000,26-09-2024 22:00,3
968,Dhadgaon,NCA,27,Maharashtra,486,Nandurbar,Dhadgaon,-,-,Narmada,Narmada,-,-,-,-,21.82000000,74.22000000,26-09-2024 23:00,1
969,Dhadgaon,NCA,27,Maharashtra,486,Nandurbar,Dhadgaon,-,-,Narmada,Narmada,-,-,-,-,21.82000000,74.22000000,26-09-2024 23:00,1
970,Dhadgaon,NCA,27,Maharashtra,486,Nandurbar,Dhadgaon,-,-,Narmada,Narmada,-,-,-,-,21.82000000,74.22000000,27-09-2024 00:00,1
971,Dhadgaon,NCA,27,Maharashtra,486,Nandurbar,Dhadgaon,-,-,Narmada,Narmada,-,-,-,-,21.82000000,74.22000000,27-09-2024 00:00,1
972,Dhadgaon,NCA,27,Maharashtra,486,Nandurbar,Dhadgaon,-,-,Narmada,Narmada,-,-,-,-,21.82000000,74.22000000,27-09-2024 03:00,0.5
973,Dhadgaon,NCA,27,Maharashtra,486,Nandurbar,Dhadgaon,-,-,Narmada,Narmada,-,-,-,-,21.82000000,74.22000000,27-09-2024 03:00,0.5
974,Dhadgaon,NCA,27,Maharashtra,486,Nandurbar,Dhadgaon,-,-,Narmada,Narmada,-,-,-,-,21.82000000,74.22000000,27-09-2024 12:00,6.5
975,Dhadgaon,NCA,27,Maharashtra,486,Nandurbar,Dhadgaon,-,-,Narmada,Narmada,-,-,-,-,21.82000000,74.22000000,27-09-2024 12:00,6.5
976,Dhadgaon,NCA,27,Maharashtra,486,Nandurbar,Dhadgaon,-,-,Narmada,Narmada,-,-,-,-,21.82000000,74.22000000,27-09-2024 13:00,4.5
977,Dhadgaon,NCA,27,Maharashtra,486,Nandurbar,Dhadgaon,-,-,Narmada,Narmada,-,-,-,-,21.82000000,74.22000000,27-09-2024 13:00,4.5
978,Dhadgaon,NCA,27,Maharashtra,486,Nandurbar,Dhadgaon,-,-,Narmada,Narmada,-,-,-,-,21.82000000,74.22000000,27-09-2024 14:00,0.5
979,Dhadgaon,NCA,27,Maharashtra,486,Nandurbar,Dhadgaon,-,-,Narmada,Narmada,-,-,-,-,21.82000000,74.22000000,27-09-2024 14:00,0.5
980,Dhadgaon,NCA,27,Maharashtra,486,Nandurbar,Dhadgaon,-,-,Narmada,Narmada,-,-,-,-,21.82000000,74.22000000,27-09-2024 20:00,0.5
981,Dhadgaon,NCA,27,Maharashtra,486,Nandurbar,Dhadgaon,-,-,Narmada,Narmada,-,-,-,-,21.82000000,74.22000000,27-09-2024 20:00,0.5
982,Dhadgaon,NCA,27,Maharashtra,486,Nandurbar,Dhadgaon,-,-,Narmada,Narmada,-,-,-,-,21.82000000,74.22000000,27-09-2024 23:00,3
983,Dhadgaon,NCA,27,Maharashtra,486,Nandurbar,Dhadgaon,-,-,Narmada,Narmada,-,-,-,-,21.82000000,74.22000000,27-09-2024 23:00,3
984,Dhadgaon,NCA,27,Maharashtra,486,Nandurbar,Dhadgaon,-,-,Narmada,Narmada,-,-,-,-,21.82000000,74.22000000,28-09-2024 00:00,1
985,Dhadgaon,NCA,27,Maharashtra,486,Nandurbar,Dhadgaon,-,-,Narmada,Narmada,-,-,-,-,21.82000000,74.22000000,28-09-2024 00:00,1
986,Dhadgaon,NCA,27,Maharashtra,486,Nandurbar,Dhadgaon,-,-,Narmada,Narmada,-,-,-,-,21.82000000,74.22000000,28-09-2024 01:00,0.5
987,Dhadgaon,NCA,27,Maharashtra,486,Nandurbar,Dhadgaon,-,-,Narmada,Narmada,-,-,-,-,21.82000000,74.22000000,28-09-2024 01:00,0.5
988,Dhadgaon,NCA,27,Maharashtra,486,Nandurbar,Dhadgaon,-,-,Narmada,Narmada,-,-,-,-,21.82000000,74.22000000,28-09-2024 02:00,5.5
989,Dhadgaon,NCA,27,Maharashtra,486,Nandurbar,Dhadgaon,-,-,Narmada,Narmada,-,-,-,-,21.82000000,74.22000000,28-09-2024 02:00,5.5
990,Dhadgaon,NCA,27,Maharashtra,486,Nandurbar,Dhadgaon,-,-,Narmada,Narmada,-,-,-,-,21.82000000,74.22000000,28-09-2024 03:00,13
991,Dhadgaon,NCA,27,Maharashtra,486,Nandurbar,Dhadgaon,-,-,Narmada,Narmada,-,-,-,-,21.82000000,74.22000000,28-09-2024 03:00,13
992,Dhadgaon,NCA,27,Maharashtra,486,Nandurbar,Dhadgaon,-,-,Narmada,Narmada,-,-,-,-,21.82000000,74.22000000,28-09-2024 04:00,0.5
993,Dhadgaon,NCA,27,Maharashtra,486,Nandurbar,Dhadgaon,-,-,Narmada,Narmada,-,-,-,-,21.82000000,74.22000000,28-09-2024 04:00,0.5
994,Dhadgaon,NCA,27,Maharashtra,486,Nandurbar,Dhadgaon,-,-,Narmada,Narmada,-,-,-,-,21.82000000,74.22000000,28-09-2024 05:00,3
995,Dhadgaon,NCA,27,Maharashtra,486,Nandurbar,Dhadgaon,-,-,Narmada,Narmada,-,-,-,-,21.82000000,74.22000000,28-09-2024 05:00,3
996,Dhadgaon,NCA,27,Maharashtra,486,Nandurbar,Dhadgaon,-,-,Narmada,Narmada,-,-,-,-,21.82000000,74.22000000,28-09-2024 06:00,1
997,Dhadgaon,NCA,27,Maharashtra,486,Nandurbar,Dhadgaon,-,-,Narmada,Narmada,-,-,-,-,21.82000000,74.22000000,28-09-2024 06:00,1
998,Dhadgaon,NCA,27,Maharashtra,486,Nandurbar,Dhadgaon,-,-,Narmada,Narmada,-,-,-,-,21.82000000,74.22000000,29-09-2024 16:00,1.5
999,Dhadgaon,NCA,27,Maharashtra,486,Nandurbar,Dhadgaon,-,-,Narmada,Narmada,-,-,-,-,21.82000000,74.22000000,29-09-2024 16:00,1.5
1000,Dhadgaon,NCA,27,Maharashtra,486,Nandurbar,Dhadgaon,-,-,Narmada,Narmada,-,-,-,-,21.82000000,74.22000000,29-09-2024 17:00,9.5
1001,Dhadgaon,NCA,27,Maharashtra,486,Nandurbar,Dhadgaon,-,-,Narmada,Narmada,-,-,-,-,21.82000000,74.22000000,29-09-2024 17:00,9.5
1002,Dhadgaon,NCA,27,Maharashtra,486,Nandurbar,Dhadgaon,-,-,Narmada,Narmada,-,-,-,-,21.82000000,74.22000000,29-09-2024 18:00,1
1003,Dhadgaon,NCA,27,Maharashtra,486,Nandurbar,Dhadgaon,-,-,Narmada,Narmada,-,-,-,-,21.82000000,74.22000000,29-09-2024 18:00,1
1004,Dhadgaon,NCA,27,Maharashtra,486,Nandurbar,Dhadgaon,-,-,Narmada,Narmada,-,-,-,-,21.82000000,74.22000000,07-10-2024 16:00,2
1005,Dhadgaon,NCA,27,Maharashtra,486,Nandurbar,Dhadgaon,-,-,Narmada,Narmada,-,-,-,-,21.82000000,74.22000000,07-10-2024 16:00,2
1006,Toranmal,NCA,27,Maharashtra,486,Nandurbar,Dhadgaon,-,-,Narmada,Narmada,-,-,-,-,21.88000000,74.46000000,14-01-2025 09:00,8
1007,Toranmal,NCA,27,Maharashtra,486,Nandurbar,Dhadgaon,-,-,Narmada,Narmada,-,-,-,-,21.88000000,74.46000000,02-04-2025 20:00,1.5
1008,Toranmal,NCA,27,Maharashtra,486,Nandurbar,Dhadgaon,-,-,Narmada,Narmada,-,-,-,-,21.88000000,74.46000000,08-06-2025 00:00,318
1009,Toranmal,NCA,27,Maharashtra,486,Nandurbar,Dhadgaon,-,-,Narmada,Narmada,-,-,-,-,21.88000000,74.46000000,08-06-2025 09:00,0.5
1010,Toranmal,NCA,27,Maharashtra,486,Nandurbar,Dhadgaon,-,-,Narmada,Narmada,-,-,-,-,21.88000000,74.46000000,15-06-2025 17:00,0.5
1011,Toranmal,NCA,27,Maharashtra,486,Nandurbar,Dhadgaon,-,-,Narmada,Narmada,-,-,-,-,21.88000000,74.46000000,14-07-2025 15:00,0.5
1012,Toranmal,NCA,27,Maharashtra,486,Nandurbar,Dhadgaon,-,-,Narmada,Narmada,-,-,-,-,21.88000000,74.46000000,15-07-2025 08:00,0.5
1013,Toranmal,NCA,27,Maharashtra,486,Nandurbar,Dhadgaon,-,-,Narmada,Narmada,-,-,-,-,21.88000000,74.46000000,20-07-2025 14:00,0.5
1014,Toranmal,NCA,27,Maharashtra,486,Nandurbar,Dhadgaon,-,-,Narmada,Narmada,-,-,-,-,21.88000000,74.46000000,24-07-2025 07:00,0.5
1015,Toranmal,NCA,27,Maharashtra,486,Nandurbar,Dhadgaon,-,-,Narmada,Narmada,-,-,-,-,21.88000000,74.46000000,24-07-2025 07:00,0.5
1016,Toranmal,NCA,27,Maharashtra,486,Nandurbar,Dhadgaon,-,-,Narmada,Narmada,-,-,-,-,21.88000000,74.46000000,24-07-2025 16:00,3.5
1017,Toranmal,NCA,27,Maharashtra,486,Nandurbar,Dhadgaon,-,-,Narmada,Narmada,-,-,-,-,21.88000000,74.46000000,27-07-2025 04:00,0.5
1018,Toranmal,NCA,27,Maharashtra,486,Nandurbar,Dhadgaon,-,-,Narmada,Narmada,-,-,-,-,21.88000000,74.46000000,27-07-2025 10:00,0.5
1019,Toranmal,NCA,27,Maharashtra,486,Nandurbar,Dhadgaon,-,-,Narmada,Narmada,-,-,-,-,21.88000000,74.46000000,27-07-2025 10:00,0.5
1020,Toranmal,NCA,27,Maharashtra,486,Nandurbar,Dhadgaon,-,-,Narmada,Narmada,-,-,-,-,21.88000000,74.46000000,27-07-2025 11:00,2
1021,Toranmal,NCA,27,Maharashtra,486,Nandurbar,Dhadgaon,-,-,Narmada,Narmada,-,-,-,-,21.88000000,74.46000000,27-07-2025 11:00,2
1022,Toranmal,NCA,27,Maharashtra,486,Nandurbar,Dhadgaon,-,-,Narmada,Narmada,-,-,-,-,21.88000000,74.46000000,27-07-2025 12:00,3
1023,Toranmal,NCA,27,Maharashtra,486,Nandurbar,Dhadgaon,-,-,Narmada,Narmada,-,-,-,-,21.88000000,74.46000000,27-07-2025 12:00,3
1024,Toranmal,NCA,27,Maharashtra,486,Nandurbar,Dhadgaon,-,-,Narmada,Narmada,-,-,-,-,21.88000000,74.46000000,27-07-2025 13:00,1.5
1025,Toranmal,NCA,27,Maharashtra,486,Nandurbar,Dhadgaon,-,-,Narmada,Narmada,-,-,-,-,21.88000000,74.46000000,27-07-2025 13:00,1.5
1026,Toranmal,NCA,27,Maharashtra,486,Nandurbar,Dhadgaon,-,-,Narmada,Narmada,-,-,-,-,21.88000000,74.46000000,27-07-2025 18:00,0.5
1027,Toranmal,NCA,27,Maharashtra,486,Nandurbar,Dhadgaon,-,-,Narmada,Narmada,-,-,-,-,21.88000000,74.46000000,27-07-2025 19:00,0.5
1028,Toranmal,NCA,27,Maharashtra,486,Nandurbar,Dhadgaon,-,-,Narmada,Narmada,-,-,-,-,21.88000000,74.46000000,27-07-2025 20:00,1
1029,Toranmal,NCA,27,Maharashtra,486,Nandurbar,Dhadgaon,-,-,Narmada,Narmada,-,-,-,-,21.88000000,74.46000000,27-07-2025 21:00,1
1030,Toranmal,NCA,27,Maharashtra,486,Nandurbar,Dhadgaon,-,-,Narmada,Narmada,-,-,-,-,21.88000000,74.46000000,27-07-2025 22:00,0.5
1031,Toranmal,NCA,27,Maharashtra,486,Nandurbar,Dhadgaon,-,-,Narmada,Narmada,-,-,-,-,21.88000000,74.46000000,28-07-2025 01:00,1
1032,Toranmal,NCA,27,Maharashtra,486,Nandurbar,Dhadgaon,-,-,Narmada,Narmada,-,-,-,-,21.88000000,74.46000000,28-07-2025 02:00,2.5
1033,Toranmal,NCA,27,Maharashtra,486,Nandurbar,Dhadgaon,-,-,Narmada,Narmada,-,-,-,-,21.88000000,74.46000000,28-07-2025 03:00,1
1034,Toranmal,NCA,27,Maharashtra,486,Nandurbar,Dhadgaon,-,-,Narmada,Narmada,-,-,-,-,21.88000000,74.46000000,28-07-2025 04:00,1.5
1035,Toranmal,NCA,27,Maharashtra,486,Nandurbar,Dhadgaon,-,-,Narmada,Narmada,-,-,-,-,21.88000000,74.46000000,28-07-2025 07:00,0.5
1036,Toranmal,NCA,27,Maharashtra,486,Nandurbar,Dhadgaon,-,-,Narmada,Narmada,-,-,-,-,21.88000000,74.46000000,28-07-2025 07:00,0.5
1037,Toranmal,NCA,27,Maharashtra,486,Nandurbar,Dhadgaon,-,-,Narmada,Narmada,-,-,-,-,21.88000000,74.46000000,28-07-2025 08:00,0.5
1038,Toranmal,NCA,27,Maharashtra,486,Nandurbar,Dhadgaon,-,-,Narmada,Narmada,-,-,-,-,21.88000000,74.46000000,28-07-2025 08:00,0.5
1039,Toranmal,NCA,27,Maharashtra,486,Nandurbar,Dhadgaon,-,-,Narmada,Narmada,-,-,-,-,21.88000000,74.46000000,28-07-2025 09:00,0.5
1040,Toranmal,NCA,27,Maharashtra,486,Nandurbar,Dhadgaon,-,-,Narmada,Narmada,-,-,-,-,21.88000000,74.46000000,28-07-2025 09:00,0.5
1041,Toranmal,NCA,27,Maharashtra,486,Nandurbar,Dhadgaon,-,-,Narmada,Narmada,-,-,-,-,21.88000000,74.46000000,28-07-2025 10:00,1.5
1042,Toranmal,NCA,27,Maharashtra,486,Nandurbar,Dhadgaon,-,-,Narmada,Narmada,-,-,-,-,21.88000000,74.46000000,28-07-2025 11:00,1
1043,Toranmal,NCA,27,Maharashtra,486,Nandurbar,Dhadgaon,-,-,Narmada,Narmada,-,-,-,-,21.88000000,74.46000000,28-07-2025 11:00,1
1044,Toranmal,NCA,27,Maharashtra,486,Nandurbar,Dhadgaon,-,-,Narmada,Narmada,-,-,-,-,21.88000000,74.46000000,28-07-2025 12:00,0.5
1045,Toranmal,NCA,27,Maharashtra,486,Nandurbar,Dhadgaon,-,-,Narmada,Narmada,-,-,-,-,21.88000000,74.46000000,28-07-2025 12:00,0.5
1046,Toranmal,NCA,27,Maharashtra,486,Nandurbar,Dhadgaon,-,-,Narmada,Narmada,-,-,-,-,21.88000000,74.46000000,28-07-2025 13:00,0.5
1047,Toranmal,NCA,27,Maharashtra,486,Nandurbar,Dhadgaon,-,-,Narmada,Narmada,-,-,-,-,21.88000000,74.46000000,28-07-2025 13:00,0.5
1048,Toranmal,NCA,27,Maharashtra,486,Nandurbar,Dhadgaon,-,-,Narmada,Narmada,-,-,-,-,21.88000000,74.46000000,28-07-2025 14:00,1.5
1049,Toranmal,NCA,27,Maharashtra,486,Nandurbar,Dhadgaon,-,-,Narmada,Narmada,-,-,-,-,21.88000000,74.46000000,28-07-2025 14:00,1.5
1050,Toranmal,NCA,27,Maharashtra,486,Nandurbar,Dhadgaon,-,-,Narmada,Narmada,-,-,-,-,21.88000000,74.46000000,28-07-2025 15:00,2
1051,Toranmal,NCA,27,Maharashtra,486,Nandurbar,Dhadgaon,-,-,Narmada,Narmada,-,-,-,-,21.88000000,74.46000000,28-07-2025 15:00,2
1052,Toranmal,NCA,27,Maharashtra,486,Nandurbar,Dhadgaon,-,-,Narmada,Narmada,-,-,-,-,21.88000000,74.46000000,28-07-2025 16:00,3.5
1053,Toranmal,NCA,27,Maharashtra,486,Nandurbar,Dhadgaon,-,-,Narmada,Narmada,-,-,-,-,21.88000000,74.46000000,28-07-2025 17:00,0.5
1054,Toranmal,NCA,27,Maharashtra,486,Nandurbar,Dhadgaon,-,-,Narmada,Narmada,-,-,-,-,21.88000000,74.46000000,28-07-2025 18:00,0.5
1055,Toranmal,NCA,27,Maharashtra,486,Nandurbar,Dhadgaon,-,-,Narmada,Narmada,-,-,-,-,21.88000000,74.46000000,28-07-2025 19:00,0.5
1056,Toranmal,NCA,27,Maharashtra,486,Nandurbar,Dhadgaon,-,-,Narmada,Narmada,-,-,-,-,21.88000000,74.46000000,28-07-2025 21:00,0.5
1057,Toranmal,NCA,27,Maharashtra,486,Nandurbar,Dhadgaon,-,-,Narmada,Narmada,-,-,-,-,21.88000000,74.46000000,28-07-2025 22:00,1
1058,Toranmal,NCA,27,Maharashtra,486,Nandurbar,Dhadgaon,-,-,Narmada,Narmada,-,-,-,-,21.88000000,74.46000000,28-07-2025 23:00,0.5
1059,Toranmal,NCA,27,Maharashtra,486,Nandurbar,Dhadgaon,-,-,Narmada,Narmada,-,-,-,-,21.88000000,74.46000000,29-07-2025 00:00,1
1060,Toranmal,NCA,27,Maharashtra,486,Nandurbar,Dhadgaon,-,-,Narmada,Narmada,-,-,-,-,21.88000000,74.46000000,29-07-2025 01:00,0.5
1061,Toranmal,NCA,27,Maharashtra,486,Nandurbar,Dhadgaon,-,-,Narmada,Narmada,-,-,-,-,21.88000000,74.46000000,29-07-2025 05:00,0.5
1062,Toranmal,NCA,27,Maharashtra,486,Nandurbar,Dhadgaon,-,-,Narmada,Narmada,-,-,-,-,21.88000000,74.46000000,29-07-2025 05:00,0.5
1063,Toranmal,NCA,27,Maharashtra,486,Nandurbar,Dhadgaon,-,-,Narmada,Narmada,-,-,-,-,21.88000000,74.46000000,29-07-2025 06:00,1
1064,Toranmal,NCA,27,Maharashtra,486,Nandurbar,Dhadgaon,-,-,Narmada,Narmada,-,-,-,-,21.88000000,74.46000000,29-07-2025 06:00,1
1065,Toranmal,NCA,27,Maharashtra,486,Nandurbar,Dhadgaon,-,-,Narmada,Narmada,-,-,-,-,21.88000000,74.46000000,29-07-2025 07:00,0.5
1066,Toranmal,NCA,27,Maharashtra,486,Nandurbar,Dhadgaon,-,-,Narmada,Narmada,-,-,-,-,21.88000000,74.46000000,29-07-2025 07:00,0.5
1067,Toranmal,NCA,27,Maharashtra,486,Nandurbar,Dhadgaon,-,-,Narmada,Narmada,-,-,-,-,21.88000000,74.46000000,29-07-2025 08:00,0.5
1068,Toranmal,NCA,27,Maharashtra,486,Nandurbar,Dhadgaon,-,-,Narmada,Narmada,-,-,-,-,21.88000000,74.46000000,29-07-2025 08:00,0.5
1069,Toranmal,NCA,27,Maharashtra,486,Nandurbar,Dhadgaon,-,-,Narmada,Narmada,-,-,-,-,21.88000000,74.46000000,29-07-2025 14:00,0.5
1070,Toranmal,NCA,27,Maharashtra,486,Nandurbar,Dhadgaon,-,-,Narmada,Narmada,-,-,-,-,21.88000000,74.46000000,29-07-2025 15:00,4.5
1071,Toranmal,NCA,27,Maharashtra,486,Nandurbar,Dhadgaon,-,-,Narmada,Narmada,-,-,-,-,21.88000000,74.46000000,29-07-2025 16:00,1
1072,Toranmal,NCA,27,Maharashtra,486,Nandurbar,Dhadgaon,-,-,Narmada,Narmada,-,-,-,-,21.88000000,74.46000000,29-07-2025 18:00,0.5
1073,Toranmal,NCA,27,Maharashtra,486,Nandurbar,Dhadgaon,-,-,Narmada,Narmada,-,-,-,-,21.88000000,74.46000000,30-07-2025 05:00,0.5
1074,Toranmal,NCA,27,Maharashtra,486,Nandurbar,Dhadgaon,-,-,Narmada,Narmada,-,-,-,-,21.88000000,74.46000000,30-07-2025 07:00,0.5
1075,Toranmal,NCA,27,Maharashtra,486,Nandurbar,Dhadgaon,-,-,Narmada,Narmada,-,-,-,-,21.88000000,74.46000000,30-07-2025 09:00,2
1076,Toranmal,NCA,27,Maharashtra,486,Nandurbar,Dhadgaon,-,-,Narmada,Narmada,-,-,-,-,21.88000000,74.46000000,30-07-2025 10:00,1.5
1077,Toranmal,NCA,27,Maharashtra,486,Nandurbar,Dhadgaon,-,-,Narmada,Narmada,-,-,-,-,21.88000000,74.46000000,01-08-2025 09:00,0.5
1078,Toranmal,NCA,27,Maharashtra,486,Nandurbar,Dhadgaon,-,-,Narmada,Narmada,-,-,-,-,21.88000000,74.46000000,01-08-2025 09:00,0.5
1079,Toranmal,NCA,27,Maharashtra,486,Nandurbar,Dhadgaon,-,-,Narmada,Narmada,-,-,-,-,21.88000000,74.46000000,05-08-2025 15:00,3
1080,Toranmal,NCA,27,Maharashtra,486,Nandurbar,Dhadgaon,-,-,Narmada,Narmada,-,-,-,-,21.88000000,74.46000000,16-08-2025 08:00,0.5
1081,Toranmal,NCA,27,Maharashtra,486,Nandurbar,Dhadgaon,-,-,Narmada,Narmada,-,-,-,-,21.88000000,74.46000000,17-08-2025 08:00,1
1082,Toranmal,NCA,27,Maharashtra,486,Nandurbar,Dhadgaon,-,-,Narmada,Narmada,-,-,-,-,21.88000000,74.46000000,20-08-2025 13:00,0.5
1083,Toranmal,NCA,27,Maharashtra,486,Nandurbar,Dhadgaon,-,-,Narmada,Narmada,-,-,-,-,21.88000000,74.46000000,20-08-2025 14:00,0.5
1084,Toranmal,NCA,27,Maharashtra,486,Nandurbar,Dhadgaon,-,-,Narmada,Narmada,-,-,-,-,21.88000000,74.46000000,20-08-2025 15:00,0.5
1085,Toranmal,NCA,27,Maharashtra,486,Nandurbar,Dhadgaon,-,-,Narmada,Narmada,-,-,-,-,21.88000000,74.46000000,21-08-2025 11:00,0.5
1086,Toranmal,NCA,27,Maharashtra,486,Nandurbar,Dhadgaon,-,-,Narmada,Narmada,-,-,-,-,21.88000000,74.46000000,21-08-2025 13:00,1.5
1087,Toranmal,NCA,27,Maharashtra,486,Nandurbar,Dhadgaon,-,-,Narmada,Narmada,-,-,-,-,21.88000000,74.46000000,22-08-2025 11:00,1
1088,Toranmal,NCA,27,Maharashtra,486,Nandurbar,Dhadgaon,-,-,Narmada,Narmada,-,-,-,-,21.88000000,74.46000000,22-08-2025 12:00,0.5
1089,Toranmal,NCA,27,Maharashtra,486,Nandurbar,Dhadgaon,-,-,Narmada,Narmada,-,-,-,-,21.88000000,74.46000000,22-08-2025 13:00,0.5
1090,Toranmal,NCA,27,Maharashtra,486,Nandurbar,Dhadgaon,-,-,Narmada,Narmada,-,-,-,-,21.88000000,74.46000000,23-08-2025 14:00,1
1091,Toranmal,NCA,27,Maharashtra,486,Nandurbar,Dhadgaon,-,-,Narmada,Narmada,-,-,-,-,21.88000000,74.46000000,23-08-2025 15:00,0.5
1092,Toranmal,NCA,27,Maharashtra,486,Nandurbar,Dhadgaon,-,-,Narmada,Narmada,-,-,-,-,21.88000000,74.46000000,23-08-2025 16:00,2.5
1093,Toranmal,NCA,27,Maharashtra,486,Nandurbar,Dhadgaon,-,-,Narmada,Narmada,-,-,-,-,21.88000000,74.46000000,24-08-2025 11:00,0.5
1094,Toranmal,NCA,27,Maharashtra,486,Nandurbar,Dhadgaon,-,-,Narmada,Narmada,-,-,-,-,21.88000000,74.46000000,24-08-2025 12:00,3
1095,Toranmal,NCA,27,Maharashtra,486,Nandurbar,Dhadgaon,-,-,Narmada,Narmada,-,-,-,-,21.88000000,74.46000000,24-08-2025 13:00,2
1096,Toranmal,NCA,27,Maharashtra,486,Nandurbar,Dhadgaon,-,-,Narmada,Narmada,-,-,-,-,21.88000000,74.46000000,24-08-2025 14:00,2
1097,Toranmal,NCA,27,Maharashtra,486,Nandurbar,Dhadgaon,-,-,Narmada,Narmada,-,-,-,-,21.88000000,74.46000000,25-08-2025 14:00,0.5
1098,Toranmal,NCA,27,Maharashtra,486,Nandurbar,Dhadgaon,-,-,Narmada,Narmada,-,-,-,-,21.88000000,74.46000000,25-08-2025 16:00,0.5
1099,Toranmal,NCA,27,Maharashtra,486,Nandurbar,Dhadgaon,-,-,Narmada,Narmada,-,-,-,-,21.88000000,74.46000000,07-09-2025 10:00,1.5
1100,Toranmal,NCA,27,Maharashtra,486,Nandurbar,Dhadgaon,-,-,Narmada,Narmada,-,-,-,-,21.88000000,74.46000000,07-09-2025 11:00,0.5
