SlNo,Station,Agency,State LGD Code,State,District LGD Code,District,Tehsil,Block,Village,River,Basin,Tributary,Subtributary,SubSubtributary,Local River,Latitude,Longitude,Data Acquisition Time,Telemetry Hourly Rainfall (mm)
1,CHEL,CWC,19,West Bengal,314,JALPAIGURI,MAL,-,-,Brahmaputra,Brahmaputra,Teesta,Chel,-,Chel,26.86250000,88.63611111,04-01-2026 09:30,60
2,CHEL,CWC,19,West Bengal,314,JALPAIGURI,MAL,-,-,Brahmaputra,Brahmaputra,Teesta,Chel,-,Chel,26.86250000,88.63611111,01-02-2026 12:30,54
3,CHEL,CWC,19,West Bengal,314,JALPAIGURI,MAL,-,-,Brahmaputra,Brahmaputra,Teesta,Chel,-,Chel,26.86250000,88.63611111,09-02-2026 09:30,252
4,CHEL,CWC,19,West Bengal,314,JALPAIGURI,MAL,-,-,Brahmaputra,Brahmaputra,Teesta,Chel,-,Chel,26.86250000,88.63611111,25-02-2026 22:30,3
5,CHEL,CWC,19,West Bengal,314,JALPAIGURI,MAL,-,-,Brahmaputra,Brahmaputra,Teesta,Chel,-,Chel,26.86250000,88.63611111,18-03-2026 22:30,0.5
6,CHEL,CWC,19,West Bengal,314,JALPAIGURI,MAL,-,-,Brahmaputra,Brahmaputra,Teesta,Chel,-,Chel,26.86250000,88.63611111,19-03-2026 04:30,45.5
7,CHEL,CWC,19,West Bengal,314,JALPAIGURI,MAL,-,-,Brahmaputra,Brahmaputra,Teesta,Chel,-,Chel,26.86250000,88.63611111,23-03-2026 04:30,23
8,CHEL,CWC,19,West Bengal,314,JALPAIGURI,MAL,-,-,Brahmaputra,Brahmaputra,Teesta,Chel,-,Chel,26.86250000,88.63611111,23-03-2026 23:30,1
9,CHEL,CWC,19,West Bengal,314,JALPAIGURI,MAL,-,-,Brahmaputra,Brahmaputra,Teesta,Chel,-,Chel,26.86250000,88.63611111,24-03-2026 00:30,1
10,CHEL,CWC,19,West Bengal,314,JALPAIGURI,MAL,-,-,Brahmaputra,Brahmaputra,Teesta,Chel,-,Chel,26.86250000,88.63611111,24-03-2026 01:30,1
11,CHEL,CWC,19,West Bengal,314,JALPAIGURI,MAL,-,-,Brahmaputra,Brahmaputra,Teesta,Chel,-,Chel,26.86250000,88.63611111,24-03-2026 03:30,1
12,CHEL,CWC,19,West Bengal,314,JALPAIGURI,MAL,-,-,Brahmaputra,Brahmaputra,Teesta,Chel,-,Chel,26.86250000,88.63611111,24-03-2026 16:30,4.5
13,CHEL,CWC,19,West Bengal,314,JALPAIGURI,MAL,-,-,Brahmaputra,Brahmaputra,Teesta,Chel,-,Chel,26.86250000,88.63611111,24-03-2026 22:30,26
14,CHEL,CWC,19,West Bengal,314,JALPAIGURI,MAL,-,-,Brahmaputra,Brahmaputra,Teesta,Chel,-,Chel,26.86250000,88.63611111,25-03-2026 01:30,26
15,CHEL,CWC,19,West Bengal,314,JALPAIGURI,MAL,-,-,Brahmaputra,Brahmaputra,Teesta,Chel,-,Chel,26.86250000,88.63611111,25-03-2026 02:30,26
16,CHEL,CWC,19,West Bengal,314,JALPAIGURI,MAL,-,-,Brahmaputra,Brahmaputra,Teesta,Chel,-,Chel,26.86250000,88.63611111,25-03-2026 03:30,26
17,CHEL,CWC,19,West Bengal,314,JALPAIGURI,MAL,-,-,Brahmaputra,Brahmaputra,Teesta,Chel,-,Chel,26.86250000,88.63611111,25-03-2026 04:30,26
18,CHEL,CWC,19,West Bengal,314,JALPAIGURI,MAL,-,-,Brahmaputra,Brahmaputra,Teesta,Chel,-,Chel,26.86250000,88.63611111,26-03-2026 02:30,15
19,CHEL,CWC,19,West Bengal,314,JALPAIGURI,MAL,-,-,Brahmaputra,Brahmaputra,Teesta,Chel,-,Chel,26.86250000,88.63611111,26-03-2026 07:30,2.5
20,CHEL,CWC,19,West Bengal,314,JALPAIGURI,MAL,-,-,Brahmaputra,Brahmaputra,Teesta,Chel,-,Chel,26.86250000,88.63611111,26-03-2026 08:30,2.5
21,CHEL,CWC,19,West Bengal,314,JALPAIGURI,MAL,-,-,Brahmaputra,Brahmaputra,Teesta,Chel,-,Chel,26.86250000,88.63611111,26-03-2026 09:30,0.5
22,CHEL,CWC,19,West Bengal,314,JALPAIGURI,MAL,-,-,Brahmaputra,Brahmaputra,Teesta,Chel,-,Chel,26.86250000,88.63611111,26-03-2026 10:30,0.5
23,CHEL,CWC,19,West Bengal,314,JALPAIGURI,MAL,-,-,Brahmaputra,Brahmaputra,Teesta,Chel,-,Chel,26.86250000,88.63611111,26-03-2026 14:30,0.5
24,CHEL,CWC,19,West Bengal,314,JALPAIGURI,MAL,-,-,Brahmaputra,Brahmaputra,Teesta,Chel,-,Chel,26.86250000,88.63611111,26-03-2026 18:30,0.5
25,CHEL,CWC,19,West Bengal,314,JALPAIGURI,MAL,-,-,Brahmaputra,Brahmaputra,Teesta,Chel,-,Chel,26.86250000,88.63611111,26-03-2026 22:30,0.5
26,CHEL,CWC,19,West Bengal,314,JALPAIGURI,MAL,-,-,Brahmaputra,Brahmaputra,Teesta,Chel,-,Chel,26.86250000,88.63611111,26-03-2026 23:30,0.5
27,CHEL,CWC,19,West Bengal,314,JALPAIGURI,MAL,-,-,Brahmaputra,Brahmaputra,Teesta,Chel,-,Chel,26.86250000,88.63611111,27-03-2026 01:30,0.5
28,CHEL,CWC,19,West Bengal,314,JALPAIGURI,MAL,-,-,Brahmaputra,Brahmaputra,Teesta,Chel,-,Chel,26.86250000,88.63611111,27-03-2026 04:30,1.5
29,CHEL,CWC,19,West Bengal,314,JALPAIGURI,MAL,-,-,Brahmaputra,Brahmaputra,Teesta,Chel,-,Chel,26.86250000,88.63611111,27-03-2026 22:30,1
30,CHEL,CWC,19,West Bengal,314,JALPAIGURI,MAL,-,-,Brahmaputra,Brahmaputra,Teesta,Chel,-,Chel,26.86250000,88.63611111,27-03-2026 23:30,0.5
31,CHEL,CWC,19,West Bengal,314,JALPAIGURI,MAL,-,-,Brahmaputra,Brahmaputra,Teesta,Chel,-,Chel,26.86250000,88.63611111,28-03-2026 00:30,4
32,CHEL,CWC,19,West Bengal,314,JALPAIGURI,MAL,-,-,Brahmaputra,Brahmaputra,Teesta,Chel,-,Chel,26.86250000,88.63611111,28-03-2026 01:30,5
33,CHEL,CWC,19,West Bengal,314,JALPAIGURI,MAL,-,-,Brahmaputra,Brahmaputra,Teesta,Chel,-,Chel,26.86250000,88.63611111,28-03-2026 04:30,5.5
34,CHEL,CWC,19,West Bengal,314,JALPAIGURI,MAL,-,-,Brahmaputra,Brahmaputra,Teesta,Chel,-,Chel,26.86250000,88.63611111,28-03-2026 08:30,3.5
35,CHEL,CWC,19,West Bengal,314,JALPAIGURI,MAL,-,-,Brahmaputra,Brahmaputra,Teesta,Chel,-,Chel,26.86250000,88.63611111,28-03-2026 09:30,3
36,CHEL,CWC,19,West Bengal,314,JALPAIGURI,MAL,-,-,Brahmaputra,Brahmaputra,Teesta,Chel,-,Chel,26.86250000,88.63611111,28-03-2026 11:30,3.5
37,CHEL,CWC,19,West Bengal,314,JALPAIGURI,MAL,-,-,Brahmaputra,Brahmaputra,Teesta,Chel,-,Chel,26.86250000,88.63611111,28-03-2026 12:30,3.5
38,CHEL,CWC,19,West Bengal,314,JALPAIGURI,MAL,-,-,Brahmaputra,Brahmaputra,Teesta,Chel,-,Chel,26.86250000,88.63611111,28-03-2026 17:30,3.5
39,CHEL,CWC,19,West Bengal,314,JALPAIGURI,MAL,-,-,Brahmaputra,Brahmaputra,Teesta,Chel,-,Chel,26.86250000,88.63611111,28-03-2026 20:30,0.5
40,CHEL,CWC,19,West Bengal,314,JALPAIGURI,MAL,-,-,Brahmaputra,Brahmaputra,Teesta,Chel,-,Chel,26.86250000,88.63611111,29-03-2026 00:30,4
41,CHEL,CWC,19,West Bengal,314,JALPAIGURI,MAL,-,-,Brahmaputra,Brahmaputra,Teesta,Chel,-,Chel,26.86250000,88.63611111,29-03-2026 01:30,4
42,CHEL,CWC,19,West Bengal,314,JALPAIGURI,MAL,-,-,Brahmaputra,Brahmaputra,Teesta,Chel,-,Chel,26.86250000,88.63611111,29-03-2026 02:30,4
43,CHEL,CWC,19,West Bengal,314,JALPAIGURI,MAL,-,-,Brahmaputra,Brahmaputra,Teesta,Chel,-,Chel,26.86250000,88.63611111,29-03-2026 04:30,4
44,CHEL,CWC,19,West Bengal,314,JALPAIGURI,MAL,-,-,Brahmaputra,Brahmaputra,Teesta,Chel,-,Chel,26.86250000,88.63611111,29-03-2026 20:30,3
45,CHEL,CWC,19,West Bengal,314,JALPAIGURI,MAL,-,-,Brahmaputra,Brahmaputra,Teesta,Chel,-,Chel,26.86250000,88.63611111,01-04-2026 14:30,0.5
46,CHEL,CWC,19,West Bengal,314,JALPAIGURI,MAL,-,-,Brahmaputra,Brahmaputra,Teesta,Chel,-,Chel,26.86250000,88.63611111,01-04-2026 15:30,0.5
47,CHEL,CWC,19,West Bengal,314,JALPAIGURI,MAL,-,-,Brahmaputra,Brahmaputra,Teesta,Chel,-,Chel,26.86250000,88.63611111,01-04-2026 16:30,7
48,CHEL,CWC,19,West Bengal,314,JALPAIGURI,MAL,-,-,Brahmaputra,Brahmaputra,Teesta,Chel,-,Chel,26.86250000,88.63611111,01-04-2026 17:30,7.5
49,CHEL,CWC,19,West Bengal,314,JALPAIGURI,MAL,-,-,Brahmaputra,Brahmaputra,Teesta,Chel,-,Chel,26.86250000,88.63611111,01-04-2026 19:30,7.5
50,CHEL,CWC,19,West Bengal,314,JALPAIGURI,MAL,-,-,Brahmaputra,Brahmaputra,Teesta,Chel,-,Chel,26.86250000,88.63611111,01-04-2026 21:30,7.5
51,CHEL,CWC,19,West Bengal,314,JALPAIGURI,MAL,-,-,Brahmaputra,Brahmaputra,Teesta,Chel,-,Chel,26.86250000,88.63611111,01-04-2026 23:30,7.5
52,CHEL,CWC,19,West Bengal,314,JALPAIGURI,MAL,-,-,Brahmaputra,Brahmaputra,Teesta,Chel,-,Chel,26.86250000,88.63611111,02-04-2026 04:30,7.5
53,CHEL,CWC,19,West Bengal,314,JALPAIGURI,MAL,-,-,Brahmaputra,Brahmaputra,Teesta,Chel,-,Chel,26.86250000,88.63611111,04-04-2026 01:30,16.5
54,CHEL,CWC,19,West Bengal,314,JALPAIGURI,MAL,-,-,Brahmaputra,Brahmaputra,Teesta,Chel,-,Chel,26.86250000,88.63611111,04-04-2026 02:30,16
55,CHEL,CWC,19,West Bengal,314,JALPAIGURI,MAL,-,-,Brahmaputra,Brahmaputra,Teesta,Chel,-,Chel,26.86250000,88.63611111,04-04-2026 03:30,16.5
56,CHEL,CWC,19,West Bengal,314,JALPAIGURI,MAL,-,-,Brahmaputra,Brahmaputra,Teesta,Chel,-,Chel,26.86250000,88.63611111,04-04-2026 04:30,16.5
57,CHEL,CWC,19,West Bengal,314,JALPAIGURI,MAL,-,-,Brahmaputra,Brahmaputra,Teesta,Chel,-,Chel,26.86250000,88.63611111,08-04-2026 19:30,5.5
58,CHEL,CWC,19,West Bengal,314,JALPAIGURI,MAL,-,-,Brahmaputra,Brahmaputra,Teesta,Chel,-,Chel,26.86250000,88.63611111,08-04-2026 20:30,5.5
59,CHEL,CWC,19,West Bengal,314,JALPAIGURI,MAL,-,-,Brahmaputra,Brahmaputra,Teesta,Chel,-,Chel,26.86250000,88.63611111,08-04-2026 21:30,8.5
60,CHEL,CWC,19,West Bengal,314,JALPAIGURI,MAL,-,-,Brahmaputra,Brahmaputra,Teesta,Chel,-,Chel,26.86250000,88.63611111,08-04-2026 22:30,3.5
61,CHEL,CWC,19,West Bengal,314,JALPAIGURI,MAL,-,-,Brahmaputra,Brahmaputra,Teesta,Chel,-,Chel,26.86250000,88.63611111,08-04-2026 23:30,0.5
62,CHEL,CWC,19,West Bengal,314,JALPAIGURI,MAL,-,-,Brahmaputra,Brahmaputra,Teesta,Chel,-,Chel,26.86250000,88.63611111,09-04-2026 02:30,18
63,CHEL,CWC,19,West Bengal,314,JALPAIGURI,MAL,-,-,Brahmaputra,Brahmaputra,Teesta,Chel,-,Chel,26.86250000,88.63611111,09-04-2026 04:30,18
64,CHEL,CWC,19,West Bengal,314,JALPAIGURI,MAL,-,-,Brahmaputra,Brahmaputra,Teesta,Chel,-,Chel,26.86250000,88.63611111,09-04-2026 11:30,7
65,CHEL,CWC,19,West Bengal,314,JALPAIGURI,MAL,-,-,Brahmaputra,Brahmaputra,Teesta,Chel,-,Chel,26.86250000,88.63611111,09-04-2026 13:30,7
66,CHEL,CWC,19,West Bengal,314,JALPAIGURI,MAL,-,-,Brahmaputra,Brahmaputra,Teesta,Chel,-,Chel,26.86250000,88.63611111,09-04-2026 15:30,7
67,CHEL,CWC,19,West Bengal,314,JALPAIGURI,MAL,-,-,Brahmaputra,Brahmaputra,Teesta,Chel,-,Chel,26.86250000,88.63611111,09-04-2026 18:30,7
68,CHEL,CWC,19,West Bengal,314,JALPAIGURI,MAL,-,-,Brahmaputra,Brahmaputra,Teesta,Chel,-,Chel,26.86250000,88.63611111,09-04-2026 20:30,7
69,CHEL,CWC,19,West Bengal,314,JALPAIGURI,MAL,-,-,Brahmaputra,Brahmaputra,Teesta,Chel,-,Chel,26.86250000,88.63611111,09-04-2026 23:30,7.5
70,CHEL,CWC,19,West Bengal,314,JALPAIGURI,MAL,-,-,Brahmaputra,Brahmaputra,Teesta,Chel,-,Chel,26.86250000,88.63611111,10-04-2026 00:30,13.5
71,CHEL,CWC,19,West Bengal,314,JALPAIGURI,MAL,-,-,Brahmaputra,Brahmaputra,Teesta,Chel,-,Chel,26.86250000,88.63611111,10-04-2026 01:30,6
72,CHEL,CWC,19,West Bengal,314,JALPAIGURI,MAL,-,-,Brahmaputra,Brahmaputra,Teesta,Chel,-,Chel,26.86250000,88.63611111,10-04-2026 02:30,13.5
73,CHEL,CWC,19,West Bengal,314,JALPAIGURI,MAL,-,-,Brahmaputra,Brahmaputra,Teesta,Chel,-,Chel,26.86250000,88.63611111,10-04-2026 04:30,13.5
74,CHEL,CWC,19,West Bengal,314,JALPAIGURI,MAL,-,-,Brahmaputra,Brahmaputra,Teesta,Chel,-,Chel,26.86250000,88.63611111,15-04-2026 21:30,5.5
75,CHEL,CWC,19,West Bengal,314,JALPAIGURI,MAL,-,-,Brahmaputra,Brahmaputra,Teesta,Chel,-,Chel,26.86250000,88.63611111,15-04-2026 22:30,3.5
76,CHEL,CWC,19,West Bengal,314,JALPAIGURI,MAL,-,-,Brahmaputra,Brahmaputra,Teesta,Chel,-,Chel,26.86250000,88.63611111,16-04-2026 01:30,0.5
77,CHEL,CWC,19,West Bengal,314,JALPAIGURI,MAL,-,-,Brahmaputra,Brahmaputra,Teesta,Chel,-,Chel,26.86250000,88.63611111,16-04-2026 04:30,6
78,CHEL,CWC,19,West Bengal,314,JALPAIGURI,MAL,-,-,Brahmaputra,Brahmaputra,Teesta,Chel,-,Chel,26.86250000,88.63611111,18-04-2026 15:30,2.5
79,CHEL,CWC,19,West Bengal,314,JALPAIGURI,MAL,-,-,Brahmaputra,Brahmaputra,Teesta,Chel,-,Chel,26.86250000,88.63611111,18-04-2026 16:30,2.5
80,CHEL,CWC,19,West Bengal,314,JALPAIGURI,MAL,-,-,Brahmaputra,Brahmaputra,Teesta,Chel,-,Chel,26.86250000,88.63611111,18-04-2026 17:30,5.5
81,CHEL,CWC,19,West Bengal,314,JALPAIGURI,MAL,-,-,Brahmaputra,Brahmaputra,Teesta,Chel,-,Chel,26.86250000,88.63611111,18-04-2026 18:30,1
82,CHEL,CWC,19,West Bengal,314,JALPAIGURI,MAL,-,-,Brahmaputra,Brahmaputra,Teesta,Chel,-,Chel,26.86250000,88.63611111,18-04-2026 19:30,0.5
83,CHEL,CWC,19,West Bengal,314,JALPAIGURI,MAL,-,-,Brahmaputra,Brahmaputra,Teesta,Chel,-,Chel,26.86250000,88.63611111,18-04-2026 20:30,9.5
84,CHEL,CWC,19,West Bengal,314,JALPAIGURI,MAL,-,-,Brahmaputra,Brahmaputra,Teesta,Chel,-,Chel,26.86250000,88.63611111,18-04-2026 21:30,9.5
85,CHEL,CWC,19,West Bengal,314,JALPAIGURI,MAL,-,-,Brahmaputra,Brahmaputra,Teesta,Chel,-,Chel,26.86250000,88.63611111,21-04-2026 15:30,5.5
86,CHEL,CWC,19,West Bengal,314,JALPAIGURI,MAL,-,-,Brahmaputra,Brahmaputra,Teesta,Chel,-,Chel,26.86250000,88.63611111,21-04-2026 16:30,5.5
87,CHEL,CWC,19,West Bengal,314,JALPAIGURI,MAL,-,-,Brahmaputra,Brahmaputra,Teesta,Chel,-,Chel,26.86250000,88.63611111,21-04-2026 17:30,5.5
88,CHEL,CWC,19,West Bengal,314,JALPAIGURI,MAL,-,-,Brahmaputra,Brahmaputra,Teesta,Chel,-,Chel,26.86250000,88.63611111,21-04-2026 20:30,5.5
89,CHEL,CWC,19,West Bengal,314,JALPAIGURI,MAL,-,-,Brahmaputra,Brahmaputra,Teesta,Chel,-,Chel,26.86250000,88.63611111,21-04-2026 22:30,5.5
90,CHEL,CWC,19,West Bengal,314,JALPAIGURI,MAL,-,-,Brahmaputra,Brahmaputra,Teesta,Chel,-,Chel,26.86250000,88.63611111,22-04-2026 04:30,5.5
91,CHEL,CWC,19,West Bengal,314,JALPAIGURI,MAL,-,-,Brahmaputra,Brahmaputra,Teesta,Chel,-,Chel,26.86250000,88.63611111,25-04-2026 01:30,1
92,CHEL,CWC,19,West Bengal,314,JALPAIGURI,MAL,-,-,Brahmaputra,Brahmaputra,Teesta,Chel,-,Chel,26.86250000,88.63611111,25-04-2026 02:30,1
93,CHEL,CWC,19,West Bengal,314,JALPAIGURI,MAL,-,-,Brahmaputra,Brahmaputra,Teesta,Chel,-,Chel,26.86250000,88.63611111,25-04-2026 03:30,6.5
94,CHEL,CWC,19,West Bengal,314,JALPAIGURI,MAL,-,-,Brahmaputra,Brahmaputra,Teesta,Chel,-,Chel,26.86250000,88.63611111,25-04-2026 04:30,6.5
95,CHEL,CWC,19,West Bengal,314,JALPAIGURI,MAL,-,-,Brahmaputra,Brahmaputra,Teesta,Chel,-,Chel,26.86250000,88.63611111,25-04-2026 18:30,0.5
96,CHEL,CWC,19,West Bengal,314,JALPAIGURI,MAL,-,-,Brahmaputra,Brahmaputra,Teesta,Chel,-,Chel,26.86250000,88.63611111,25-04-2026 20:30,0.5
97,CHEL,CWC,19,West Bengal,314,JALPAIGURI,MAL,-,-,Brahmaputra,Brahmaputra,Teesta,Chel,-,Chel,26.86250000,88.63611111,25-04-2026 22:30,0.5
98,CHEL,CWC,19,West Bengal,314,JALPAIGURI,MAL,-,-,Brahmaputra,Brahmaputra,Teesta,Chel,-,Chel,26.86250000,88.63611111,26-04-2026 00:30,0.5
99,CHEL,CWC,19,West Bengal,314,JALPAIGURI,MAL,-,-,Brahmaputra,Brahmaputra,Teesta,Chel,-,Chel,26.86250000,88.63611111,26-04-2026 01:30,0.5
100,CHEL,CWC,19,West Bengal,314,JALPAIGURI,MAL,-,-,Brahmaputra,Brahmaputra,Teesta,Chel,-,Chel,26.86250000,88.63611111,26-04-2026 02:30,0.5
101,CHEL,CWC,19,West Bengal,314,JALPAIGURI,MAL,-,-,Brahmaputra,Brahmaputra,Teesta,Chel,-,Chel,26.86250000,88.63611111,26-04-2026 04:30,0.5
102,CHEL,CWC,19,West Bengal,314,JALPAIGURI,MAL,-,-,Brahmaputra,Brahmaputra,Teesta,Chel,-,Chel,26.86250000,88.63611111,26-04-2026 07:30,0.5
103,CHEL,CWC,19,West Bengal,314,JALPAIGURI,MAL,-,-,Brahmaputra,Brahmaputra,Teesta,Chel,-,Chel,26.86250000,88.63611111,26-04-2026 21:30,0.5
104,CHEL,CWC,19,West Bengal,314,JALPAIGURI,MAL,-,-,Brahmaputra,Brahmaputra,Teesta,Chel,-,Chel,26.86250000,88.63611111,26-04-2026 22:30,0.5
105,CHEL,CWC,19,West Bengal,314,JALPAIGURI,MAL,-,-,Brahmaputra,Brahmaputra,Teesta,Chel,-,Chel,26.86250000,88.63611111,27-04-2026 00:30,0.5
106,CHEL,CWC,19,West Bengal,314,JALPAIGURI,MAL,-,-,Brahmaputra,Brahmaputra,Teesta,Chel,-,Chel,26.86250000,88.63611111,27-04-2026 01:30,1
107,CHEL,CWC,19,West Bengal,314,JALPAIGURI,MAL,-,-,Brahmaputra,Brahmaputra,Teesta,Chel,-,Chel,26.86250000,88.63611111,27-04-2026 04:30,1
108,CHEL,CWC,19,West Bengal,314,JALPAIGURI,MAL,-,-,Brahmaputra,Brahmaputra,Teesta,Chel,-,Chel,26.86250000,88.63611111,29-04-2026 00:30,2
109,CHEL,CWC,19,West Bengal,314,JALPAIGURI,MAL,-,-,Brahmaputra,Brahmaputra,Teesta,Chel,-,Chel,26.86250000,88.63611111,29-04-2026 01:30,1
110,CHEL,CWC,19,West Bengal,314,JALPAIGURI,MAL,-,-,Brahmaputra,Brahmaputra,Teesta,Chel,-,Chel,26.86250000,88.63611111,29-04-2026 02:30,21
111,CHEL,CWC,19,West Bengal,314,JALPAIGURI,MAL,-,-,Brahmaputra,Brahmaputra,Teesta,Chel,-,Chel,26.86250000,88.63611111,29-04-2026 03:30,4.5
112,CHEL,CWC,19,West Bengal,314,JALPAIGURI,MAL,-,-,Brahmaputra,Brahmaputra,Teesta,Chel,-,Chel,26.86250000,88.63611111,29-04-2026 04:30,21
113,CHEL,CWC,19,West Bengal,314,JALPAIGURI,MAL,-,-,Brahmaputra,Brahmaputra,Teesta,Chel,-,Chel,26.86250000,88.63611111,29-04-2026 19:30,22.5
114,CHEL,CWC,19,West Bengal,314,JALPAIGURI,MAL,-,-,Brahmaputra,Brahmaputra,Teesta,Chel,-,Chel,26.86250000,88.63611111,29-04-2026 20:30,2
115,CHEL,CWC,19,West Bengal,314,JALPAIGURI,MAL,-,-,Brahmaputra,Brahmaputra,Teesta,Chel,-,Chel,26.86250000,88.63611111,29-04-2026 21:30,3
116,CHEL,CWC,19,West Bengal,314,JALPAIGURI,MAL,-,-,Brahmaputra,Brahmaputra,Teesta,Chel,-,Chel,26.86250000,88.63611111,29-04-2026 22:30,5
117,CHEL,CWC,19,West Bengal,314,JALPAIGURI,MAL,-,-,Brahmaputra,Brahmaputra,Teesta,Chel,-,Chel,26.86250000,88.63611111,29-04-2026 23:30,39
118,CHEL,CWC,19,West Bengal,314,JALPAIGURI,MAL,-,-,Brahmaputra,Brahmaputra,Teesta,Chel,-,Chel,26.86250000,88.63611111,30-04-2026 00:30,1
119,CHEL,CWC,19,West Bengal,314,JALPAIGURI,MAL,-,-,Brahmaputra,Brahmaputra,Teesta,Chel,-,Chel,26.86250000,88.63611111,30-04-2026 01:30,39
120,CHEL,CWC,19,West Bengal,314,JALPAIGURI,MAL,-,-,Brahmaputra,Brahmaputra,Teesta,Chel,-,Chel,26.86250000,88.63611111,01-05-2026 04:30,1
121,CHEL,CWC,19,West Bengal,314,JALPAIGURI,MAL,-,-,Brahmaputra,Brahmaputra,Teesta,Chel,-,Chel,26.86250000,88.63611111,01-05-2026 23:30,0.5
122,CHEL,CWC,19,West Bengal,314,JALPAIGURI,MAL,-,-,Brahmaputra,Brahmaputra,Teesta,Chel,-,Chel,26.86250000,88.63611111,02-05-2026 10:30,1
123,CHEL,CWC,19,West Bengal,314,JALPAIGURI,MAL,-,-,Brahmaputra,Brahmaputra,Teesta,Chel,-,Chel,26.86250000,88.63611111,02-05-2026 11:30,1.5
124,CHEL,CWC,19,West Bengal,314,JALPAIGURI,MAL,-,-,Brahmaputra,Brahmaputra,Teesta,Chel,-,Chel,26.86250000,88.63611111,02-05-2026 12:30,2
125,CHEL,CWC,19,West Bengal,314,JALPAIGURI,MAL,-,-,Brahmaputra,Brahmaputra,Teesta,Chel,-,Chel,26.86250000,88.63611111,02-05-2026 13:30,0.5
126,CHEL,CWC,19,West Bengal,314,JALPAIGURI,MAL,-,-,Brahmaputra,Brahmaputra,Teesta,Chel,-,Chel,26.86250000,88.63611111,02-05-2026 14:30,2
127,CHEL,CWC,19,West Bengal,314,JALPAIGURI,MAL,-,-,Brahmaputra,Brahmaputra,Teesta,Chel,-,Chel,26.86250000,88.63611111,02-05-2026 15:30,2
128,CHEL,CWC,19,West Bengal,314,JALPAIGURI,MAL,-,-,Brahmaputra,Brahmaputra,Teesta,Chel,-,Chel,26.86250000,88.63611111,02-05-2026 16:30,2
129,CHEL,CWC,19,West Bengal,314,JALPAIGURI,MAL,-,-,Brahmaputra,Brahmaputra,Teesta,Chel,-,Chel,26.86250000,88.63611111,02-05-2026 18:30,2
130,CHEL,CWC,19,West Bengal,314,JALPAIGURI,MAL,-,-,Brahmaputra,Brahmaputra,Teesta,Chel,-,Chel,26.86250000,88.63611111,02-05-2026 19:30,2
131,CHEL,CWC,19,West Bengal,314,JALPAIGURI,MAL,-,-,Brahmaputra,Brahmaputra,Teesta,Chel,-,Chel,26.86250000,88.63611111,11-05-2026 21:30,15
132,CHEL,CWC,19,West Bengal,314,JALPAIGURI,MAL,-,-,Brahmaputra,Brahmaputra,Teesta,Chel,-,Chel,26.86250000,88.63611111,11-05-2026 22:30,17.5
133,CHEL,CWC,19,West Bengal,314,JALPAIGURI,MAL,-,-,Brahmaputra,Brahmaputra,Teesta,Chel,-,Chel,26.86250000,88.63611111,12-05-2026 00:30,20
134,CHEL,CWC,19,West Bengal,314,JALPAIGURI,MAL,-,-,Brahmaputra,Brahmaputra,Teesta,Chel,-,Chel,26.86250000,88.63611111,12-05-2026 01:30,0.5
135,CHEL,CWC,19,West Bengal,314,JALPAIGURI,MAL,-,-,Brahmaputra,Brahmaputra,Teesta,Chel,-,Chel,26.86250000,88.63611111,12-05-2026 04:30,20
136,CHEL,CWC,19,West Bengal,314,JALPAIGURI,MAL,-,-,Brahmaputra,Brahmaputra,Teesta,Chel,-,Chel,26.86250000,88.63611111,12-05-2026 05:30,20
137,CHEL,CWC,19,West Bengal,314,JALPAIGURI,MAL,-,-,Brahmaputra,Brahmaputra,Teesta,Chel,-,Chel,26.86250000,88.63611111,13-05-2026 08:30,2
138,CHEL,CWC,19,West Bengal,314,JALPAIGURI,MAL,-,-,Brahmaputra,Brahmaputra,Teesta,Chel,-,Chel,26.86250000,88.63611111,13-05-2026 09:30,0.5
139,CHEL,CWC,19,West Bengal,314,JALPAIGURI,MAL,-,-,Brahmaputra,Brahmaputra,Teesta,Chel,-,Chel,26.86250000,88.63611111,13-05-2026 11:30,0.5
140,CHEL,CWC,19,West Bengal,314,JALPAIGURI,MAL,-,-,Brahmaputra,Brahmaputra,Teesta,Chel,-,Chel,26.86250000,88.63611111,13-05-2026 16:30,0.5
141,CHEL,CWC,19,West Bengal,314,JALPAIGURI,MAL,-,-,Brahmaputra,Brahmaputra,Teesta,Chel,-,Chel,26.86250000,88.63611111,13-05-2026 20:30,0.5
142,CHEL,CWC,19,West Bengal,314,JALPAIGURI,MAL,-,-,Brahmaputra,Brahmaputra,Teesta,Chel,-,Chel,26.86250000,88.63611111,13-05-2026 21:30,0.5
143,CHEL,CWC,19,West Bengal,314,JALPAIGURI,MAL,-,-,Brahmaputra,Brahmaputra,Teesta,Chel,-,Chel,26.86250000,88.63611111,14-05-2026 02:30,6
144,CHEL,CWC,19,West Bengal,314,JALPAIGURI,MAL,-,-,Brahmaputra,Brahmaputra,Teesta,Chel,-,Chel,26.86250000,88.63611111,14-05-2026 03:30,7.5
145,CHEL,CWC,19,West Bengal,314,JALPAIGURI,MAL,-,-,Brahmaputra,Brahmaputra,Teesta,Chel,-,Chel,26.86250000,88.63611111,14-05-2026 04:30,16
146,CHEL,CWC,19,West Bengal,314,JALPAIGURI,MAL,-,-,Brahmaputra,Brahmaputra,Teesta,Chel,-,Chel,26.86250000,88.63611111,14-05-2026 05:30,16
147,CHEL,CWC,19,West Bengal,314,JALPAIGURI,MAL,-,-,Brahmaputra,Brahmaputra,Teesta,Chel,-,Chel,26.86250000,88.63611111,14-05-2026 06:30,16
148,CHEL,CWC,19,West Bengal,314,JALPAIGURI,MAL,-,-,Brahmaputra,Brahmaputra,Teesta,Chel,-,Chel,26.86250000,88.63611111,15-05-2026 16:30,10
149,CHEL,CWC,19,West Bengal,314,JALPAIGURI,MAL,-,-,Brahmaputra,Brahmaputra,Teesta,Chel,-,Chel,26.86250000,88.63611111,15-05-2026 17:30,67
150,CHEL,CWC,19,West Bengal,314,JALPAIGURI,MAL,-,-,Brahmaputra,Brahmaputra,Teesta,Chel,-,Chel,26.86250000,88.63611111,15-05-2026 18:30,91.5
151,CHEL,CWC,19,West Bengal,314,JALPAIGURI,MAL,-,-,Brahmaputra,Brahmaputra,Teesta,Chel,-,Chel,26.86250000,88.63611111,15-05-2026 19:30,91.5
152,CHEL,CWC,19,West Bengal,314,JALPAIGURI,MAL,-,-,Brahmaputra,Brahmaputra,Teesta,Chel,-,Chel,26.86250000,88.63611111,15-05-2026 20:30,92
153,CHEL,CWC,19,West Bengal,314,JALPAIGURI,MAL,-,-,Brahmaputra,Brahmaputra,Teesta,Chel,-,Chel,26.86250000,88.63611111,15-05-2026 21:30,92
154,CHEL,CWC,19,West Bengal,314,JALPAIGURI,MAL,-,-,Brahmaputra,Brahmaputra,Teesta,Chel,-,Chel,26.86250000,88.63611111,15-05-2026 22:30,93.5
155,CHEL,CWC,19,West Bengal,314,JALPAIGURI,MAL,-,-,Brahmaputra,Brahmaputra,Teesta,Chel,-,Chel,26.86250000,88.63611111,15-05-2026 23:30,95
156,CHEL,CWC,19,West Bengal,314,JALPAIGURI,MAL,-,-,Brahmaputra,Brahmaputra,Teesta,Chel,-,Chel,26.86250000,88.63611111,16-05-2026 00:30,95
157,CHEL,CWC,19,West Bengal,314,JALPAIGURI,MAL,-,-,Brahmaputra,Brahmaputra,Teesta,Chel,-,Chel,26.86250000,88.63611111,16-05-2026 02:30,95
158,CHEL,CWC,19,West Bengal,314,JALPAIGURI,MAL,-,-,Brahmaputra,Brahmaputra,Teesta,Chel,-,Chel,26.86250000,88.63611111,16-05-2026 03:30,95
159,CHEL,CWC,19,West Bengal,314,JALPAIGURI,MAL,-,-,Brahmaputra,Brahmaputra,Teesta,Chel,-,Chel,26.86250000,88.63611111,16-05-2026 04:30,95
160,CHEL,CWC,19,West Bengal,314,JALPAIGURI,MAL,-,-,Brahmaputra,Brahmaputra,Teesta,Chel,-,Chel,26.86250000,88.63611111,16-05-2026 05:30,97
161,CHEL,CWC,19,West Bengal,314,JALPAIGURI,MAL,-,-,Brahmaputra,Brahmaputra,Teesta,Chel,-,Chel,26.86250000,88.63611111,16-05-2026 06:30,100.5
162,CS 97 A GANGA FARAKKA,CWC,19,West Bengal,319,MURSHIDABAD,FARAKKA,-,-,Ganga,Ganga,-,-,-,Ganga,24.79083333,87.93666667,10-01-2026 11:00,160
163,CS 97 A GANGA FARAKKA,CWC,19,West Bengal,319,MURSHIDABAD,FARAKKA,-,-,Ganga,Ganga,-,-,-,Ganga,24.79083333,87.93666667,15-01-2026 08:00,275
164,CS 97 A GANGA FARAKKA,CWC,19,West Bengal,319,MURSHIDABAD,FARAKKA,-,-,Ganga,Ganga,-,-,-,Ganga,24.79083333,87.93666667,17-01-2026 11:00,32
165,CS 97 A GANGA FARAKKA,CWC,19,West Bengal,319,MURSHIDABAD,FARAKKA,-,-,Ganga,Ganga,-,-,-,Ganga,24.79083333,87.93666667,05-02-2026 20:00,257
166,CS 97 A GANGA FARAKKA,CWC,19,West Bengal,319,MURSHIDABAD,FARAKKA,-,-,Ganga,Ganga,-,-,-,Ganga,24.79083333,87.93666667,14-02-2026 08:00,84
167,CS 97 A GANGA FARAKKA,CWC,19,West Bengal,319,MURSHIDABAD,FARAKKA,-,-,Ganga,Ganga,-,-,-,Ganga,24.79083333,87.93666667,14-02-2026 22:00,148
168,CS 97 A GANGA FARAKKA,CWC,19,West Bengal,319,MURSHIDABAD,FARAKKA,-,-,Ganga,Ganga,-,-,-,Ganga,24.79083333,87.93666667,08-04-2026 15:00,1.5
169,CS 97 A GANGA FARAKKA,CWC,19,West Bengal,319,MURSHIDABAD,FARAKKA,-,-,Ganga,Ganga,-,-,-,Ganga,24.79083333,87.93666667,08-04-2026 18:00,1.5
170,CS 97 A GANGA FARAKKA,CWC,19,West Bengal,319,MURSHIDABAD,FARAKKA,-,-,Ganga,Ganga,-,-,-,Ganga,24.79083333,87.93666667,19-04-2026 01:00,13
171,CS 97 A GANGA FARAKKA,CWC,19,West Bengal,319,MURSHIDABAD,FARAKKA,-,-,Ganga,Ganga,-,-,-,Ganga,24.79083333,87.93666667,02-05-2026 01:00,15
172,CS 97 A GANGA FARAKKA,CWC,19,West Bengal,319,MURSHIDABAD,FARAKKA,-,-,Ganga,Ganga,-,-,-,Ganga,24.79083333,87.93666667,02-05-2026 02:00,15
173,CS 97 A GANGA FARAKKA,CWC,19,West Bengal,319,MURSHIDABAD,FARAKKA,-,-,Ganga,Ganga,-,-,-,Ganga,24.79083333,87.93666667,14-05-2026 02:00,2.5
174,CS 97 A GANGA FARAKKA,CWC,19,West Bengal,319,MURSHIDABAD,FARAKKA,-,-,Ganga,Ganga,-,-,-,Ganga,24.79083333,87.93666667,14-05-2026 05:00,48
175,CS 97 A GANGA FARAKKA,CWC,19,West Bengal,319,MURSHIDABAD,FARAKKA,-,-,Ganga,Ganga,-,-,-,Ganga,24.79083333,87.93666667,27-05-2026 07:00,0.5
176,CS 97 A GANGA FARAKKA,CWC,19,West Bengal,319,MURSHIDABAD,FARAKKA,-,-,Ganga,Ganga,-,-,-,Ganga,24.79083333,87.93666667,29-05-2026 02:00,5.5
177,CS 97 A GANGA FARAKKA,CWC,19,West Bengal,319,MURSHIDABAD,FARAKKA,-,-,Ganga,Ganga,-,-,-,Ganga,24.79083333,87.93666667,29-05-2026 04:00,0.5
178,CS 97 A GANGA FARAKKA,CWC,19,West Bengal,319,MURSHIDABAD,FARAKKA,-,-,Ganga,Ganga,-,-,-,Ganga,24.79083333,87.93666667,29-05-2026 05:00,1
179,CS 97 A GANGA FARAKKA,CWC,19,West Bengal,319,MURSHIDABAD,FARAKKA,-,-,Ganga,Ganga,-,-,-,Ganga,24.79083333,87.93666667,29-05-2026 06:00,0.5
180,CS 97 A GANGA FARAKKA,CWC,19,West Bengal,319,MURSHIDABAD,FARAKKA,-,-,Ganga,Ganga,-,-,-,Ganga,24.79083333,87.93666667,29-05-2026 23:00,5.5
181,CS 97 A GANGA FARAKKA,CWC,19,West Bengal,319,MURSHIDABAD,FARAKKA,-,-,Ganga,Ganga,-,-,-,Ganga,24.79083333,87.93666667,30-05-2026 00:00,5.5
182,CS 97 A GANGA FARAKKA,CWC,19,West Bengal,319,MURSHIDABAD,FARAKKA,-,-,Ganga,Ganga,-,-,-,Ganga,24.79083333,87.93666667,30-05-2026 01:00,5.5
183,CS 97 A GANGA FARAKKA,CWC,19,West Bengal,319,MURSHIDABAD,FARAKKA,-,-,Ganga,Ganga,-,-,-,Ganga,24.79083333,87.93666667,30-05-2026 08:00,1
184,CS 97 A GANGA FARAKKA,CWC,19,West Bengal,319,MURSHIDABAD,FARAKKA,-,-,Ganga,Ganga,-,-,-,Ganga,24.79083333,87.93666667,30-05-2026 09:00,1
185,CS 97 A GANGA FARAKKA,CWC,19,West Bengal,319,MURSHIDABAD,FARAKKA,-,-,Ganga,Ganga,-,-,-,Ganga,24.79083333,87.93666667,30-05-2026 11:00,1.5
186,CS 97 A GANGA FARAKKA,CWC,19,West Bengal,319,MURSHIDABAD,FARAKKA,-,-,Ganga,Ganga,-,-,-,Ganga,24.79083333,87.93666667,30-05-2026 12:00,2
187,CS 97 A GANGA FARAKKA,CWC,19,West Bengal,319,MURSHIDABAD,FARAKKA,-,-,Ganga,Ganga,-,-,-,Ganga,24.79083333,87.93666667,30-05-2026 13:00,0.5
188,CS 97 A GANGA FARAKKA,CWC,19,West Bengal,319,MURSHIDABAD,FARAKKA,-,-,Ganga,Ganga,-,-,-,Ganga,24.79083333,87.93666667,30-05-2026 18:00,2.5
189,CS 97 A GANGA FARAKKA,CWC,19,West Bengal,319,MURSHIDABAD,FARAKKA,-,-,Ganga,Ganga,-,-,-,Ganga,24.79083333,87.93666667,30-05-2026 20:00,0.5
190,CS 97 A GANGA FARAKKA,CWC,19,West Bengal,319,MURSHIDABAD,FARAKKA,-,-,Ganga,Ganga,-,-,-,Ganga,24.79083333,87.93666667,30-05-2026 21:00,3
191,CS 97 A GANGA FARAKKA,CWC,19,West Bengal,319,MURSHIDABAD,FARAKKA,-,-,Ganga,Ganga,-,-,-,Ganga,24.79083333,87.93666667,31-05-2026 02:00,3.5
192,CS 97 A GANGA FARAKKA,CWC,19,West Bengal,319,MURSHIDABAD,FARAKKA,-,-,Ganga,Ganga,-,-,-,Ganga,24.79083333,87.93666667,31-05-2026 03:00,0.5
193,CS 97 A GANGA FARAKKA,CWC,19,West Bengal,319,MURSHIDABAD,FARAKKA,-,-,Ganga,Ganga,-,-,-,Ganga,24.79083333,87.93666667,31-05-2026 04:00,0.5
194,CS 97 A GANGA FARAKKA,CWC,19,West Bengal,319,MURSHIDABAD,FARAKKA,-,-,Ganga,Ganga,-,-,-,Ganga,24.79083333,87.93666667,31-05-2026 05:00,0.5
195,CS 97 A GANGA FARAKKA,CWC,19,West Bengal,319,MURSHIDABAD,FARAKKA,-,-,Ganga,Ganga,-,-,-,Ganga,24.79083333,87.93666667,31-05-2026 06:00,1
196,CS 97 A GANGA FARAKKA,CWC,19,West Bengal,319,MURSHIDABAD,FARAKKA,-,-,Ganga,Ganga,-,-,-,Ganga,24.79083333,87.93666667,31-05-2026 07:00,1
197,CS 97 A GANGA FARAKKA,CWC,19,West Bengal,319,MURSHIDABAD,FARAKKA,-,-,Ganga,Ganga,-,-,-,Ganga,24.79083333,87.93666667,31-05-2026 08:00,1
198,CS 97 A GANGA FARAKKA,CWC,19,West Bengal,319,MURSHIDABAD,FARAKKA,-,-,Ganga,Ganga,-,-,-,Ganga,24.79083333,87.93666667,31-05-2026 09:00,1.5
199,CS 97 A GANGA FARAKKA,CWC,19,West Bengal,319,MURSHIDABAD,FARAKKA,-,-,Ganga,Ganga,-,-,-,Ganga,24.79083333,87.93666667,31-05-2026 10:00,1.5
200,CS 97 A GANGA FARAKKA,CWC,19,West Bengal,319,MURSHIDABAD,FARAKKA,-,-,Ganga,Ganga,-,-,-,Ganga,24.79083333,87.93666667,31-05-2026 15:00,2
201,CS 97 A GANGA FARAKKA,CWC,19,West Bengal,319,MURSHIDABAD,FARAKKA,-,-,Ganga,Ganga,-,-,-,Ganga,24.79083333,87.93666667,01-06-2026 00:00,3
202,CS 97 A GANGA FARAKKA,CWC,19,West Bengal,319,MURSHIDABAD,FARAKKA,-,-,Ganga,Ganga,-,-,-,Ganga,24.79083333,87.93666667,01-06-2026 02:00,3
203,CS 97 A GANGA FARAKKA,CWC,19,West Bengal,319,MURSHIDABAD,FARAKKA,-,-,Ganga,Ganga,-,-,-,Ganga,24.79083333,87.93666667,01-06-2026 05:00,0.5
204,CS 97 A GANGA FARAKKA,CWC,19,West Bengal,319,MURSHIDABAD,FARAKKA,-,-,Ganga,Ganga,-,-,-,Ganga,24.79083333,87.93666667,01-06-2026 08:00,0.5
205,CS 97 A GANGA FARAKKA,CWC,19,West Bengal,319,MURSHIDABAD,FARAKKA,-,-,Ganga,Ganga,-,-,-,Ganga,24.79083333,87.93666667,01-06-2026 10:00,0.5
206,CS 97 A GANGA FARAKKA,CWC,19,West Bengal,319,MURSHIDABAD,FARAKKA,-,-,Ganga,Ganga,-,-,-,Ganga,24.79083333,87.93666667,01-06-2026 18:00,1
207,CS 97 A GANGA FARAKKA,CWC,19,West Bengal,319,MURSHIDABAD,FARAKKA,-,-,Ganga,Ganga,-,-,-,Ganga,24.79083333,87.93666667,01-06-2026 19:00,1
208,CS 97 A GANGA FARAKKA,CWC,19,West Bengal,319,MURSHIDABAD,FARAKKA,-,-,Ganga,Ganga,-,-,-,Ganga,24.79083333,87.93666667,02-06-2026 00:00,1
209,D P Ghat,CWC,19,West Bengal,703,JHARGRAM,JHARGRAM,-,-,Ganga,Ganga,Bhagirathi-II (WB)*,Kangsabati,-,Bairabanki & Taraphini,22.62972222,86.97472222,01-01-2026 08:00,171
210,D P Ghat,CWC,19,West Bengal,703,JHARGRAM,JHARGRAM,-,-,Ganga,Ganga,Bhagirathi-II (WB)*,Kangsabati,-,Bairabanki & Taraphini,22.62972222,86.97472222,08-01-2026 10:00,160
211,D P Ghat,CWC,19,West Bengal,703,JHARGRAM,JHARGRAM,-,-,Ganga,Ganga,Bhagirathi-II (WB)*,Kangsabati,-,Bairabanki & Taraphini,22.62972222,86.97472222,16-01-2026 07:00,43
212,D P Ghat,CWC,19,West Bengal,703,JHARGRAM,JHARGRAM,-,-,Ganga,Ganga,Bhagirathi-II (WB)*,Kangsabati,-,Bairabanki & Taraphini,22.62972222,86.97472222,01-02-2026 22:00,162
213,D P Ghat,CWC,19,West Bengal,703,JHARGRAM,JHARGRAM,-,-,Ganga,Ganga,Bhagirathi-II (WB)*,Kangsabati,-,Bairabanki & Taraphini,22.62972222,86.97472222,03-02-2026 04:00,0.5
214,D P Ghat,CWC,19,West Bengal,703,JHARGRAM,JHARGRAM,-,-,Ganga,Ganga,Bhagirathi-II (WB)*,Kangsabati,-,Bairabanki & Taraphini,22.62972222,86.97472222,03-02-2026 11:00,6
215,D P Ghat,CWC,19,West Bengal,703,JHARGRAM,JHARGRAM,-,-,Ganga,Ganga,Bhagirathi-II (WB)*,Kangsabati,-,Bairabanki & Taraphini,22.62972222,86.97472222,03-02-2026 20:00,412
216,D P Ghat,CWC,19,West Bengal,703,JHARGRAM,JHARGRAM,-,-,Ganga,Ganga,Bhagirathi-II (WB)*,Kangsabati,-,Bairabanki & Taraphini,22.62972222,86.97472222,05-02-2026 05:00,192
217,D P Ghat,CWC,19,West Bengal,703,JHARGRAM,JHARGRAM,-,-,Ganga,Ganga,Bhagirathi-II (WB)*,Kangsabati,-,Bairabanki & Taraphini,22.62972222,86.97472222,07-02-2026 08:00,126.5
218,D P Ghat,CWC,19,West Bengal,703,JHARGRAM,JHARGRAM,-,-,Ganga,Ganga,Bhagirathi-II (WB)*,Kangsabati,-,Bairabanki & Taraphini,22.62972222,86.97472222,23-02-2026 10:00,260
219,D P Ghat,CWC,19,West Bengal,703,JHARGRAM,JHARGRAM,-,-,Ganga,Ganga,Bhagirathi-II (WB)*,Kangsabati,-,Bairabanki & Taraphini,22.62972222,86.97472222,23-02-2026 21:00,11
220,D P Ghat,CWC,19,West Bengal,703,JHARGRAM,JHARGRAM,-,-,Ganga,Ganga,Bhagirathi-II (WB)*,Kangsabati,-,Bairabanki & Taraphini,22.62972222,86.97472222,23-02-2026 22:00,2.5
221,D P Ghat,CWC,19,West Bengal,703,JHARGRAM,JHARGRAM,-,-,Ganga,Ganga,Bhagirathi-II (WB)*,Kangsabati,-,Bairabanki & Taraphini,22.62972222,86.97472222,23-02-2026 23:00,0.5
222,D P Ghat,CWC,19,West Bengal,703,JHARGRAM,JHARGRAM,-,-,Ganga,Ganga,Bhagirathi-II (WB)*,Kangsabati,-,Bairabanki & Taraphini,22.62972222,86.97472222,26-02-2026 14:00,6
223,D P Ghat,CWC,19,West Bengal,703,JHARGRAM,JHARGRAM,-,-,Ganga,Ganga,Bhagirathi-II (WB)*,Kangsabati,-,Bairabanki & Taraphini,22.62972222,86.97472222,27-02-2026 20:00,10.5
224,D P Ghat,CWC,19,West Bengal,703,JHARGRAM,JHARGRAM,-,-,Ganga,Ganga,Bhagirathi-II (WB)*,Kangsabati,-,Bairabanki & Taraphini,22.62972222,86.97472222,19-03-2026 05:30,0.5
225,D P Ghat,CWC,19,West Bengal,703,JHARGRAM,JHARGRAM,-,-,Ganga,Ganga,Bhagirathi-II (WB)*,Kangsabati,-,Bairabanki & Taraphini,22.62972222,86.97472222,23-03-2026 01:00,36
226,D P Ghat,CWC,19,West Bengal,703,JHARGRAM,JHARGRAM,-,-,Ganga,Ganga,Bhagirathi-II (WB)*,Kangsabati,-,Bairabanki & Taraphini,22.62972222,86.97472222,24-03-2026 16:00,204
227,D P Ghat,CWC,19,West Bengal,703,JHARGRAM,JHARGRAM,-,-,Ganga,Ganga,Bhagirathi-II (WB)*,Kangsabati,-,Bairabanki & Taraphini,22.62972222,86.97472222,26-03-2026 03:00,3.5
228,D P Ghat,CWC,19,West Bengal,703,JHARGRAM,JHARGRAM,-,-,Ganga,Ganga,Bhagirathi-II (WB)*,Kangsabati,-,Bairabanki & Taraphini,22.62972222,86.97472222,26-03-2026 16:00,224.5
229,D P Ghat,CWC,19,West Bengal,703,JHARGRAM,JHARGRAM,-,-,Ganga,Ganga,Bhagirathi-II (WB)*,Kangsabati,-,Bairabanki & Taraphini,22.62972222,86.97472222,27-03-2026 17:00,6.5
230,D P Ghat,CWC,19,West Bengal,703,JHARGRAM,JHARGRAM,-,-,Ganga,Ganga,Bhagirathi-II (WB)*,Kangsabati,-,Bairabanki & Taraphini,22.62972222,86.97472222,27-03-2026 18:00,8.5
231,D P Ghat,CWC,19,West Bengal,703,JHARGRAM,JHARGRAM,-,-,Ganga,Ganga,Bhagirathi-II (WB)*,Kangsabati,-,Bairabanki & Taraphini,22.62972222,86.97472222,27-03-2026 20:00,15
232,D P Ghat,CWC,19,West Bengal,703,JHARGRAM,JHARGRAM,-,-,Ganga,Ganga,Bhagirathi-II (WB)*,Kangsabati,-,Bairabanki & Taraphini,22.62972222,86.97472222,27-03-2026 21:00,15.5
233,D P Ghat,CWC,19,West Bengal,703,JHARGRAM,JHARGRAM,-,-,Ganga,Ganga,Bhagirathi-II (WB)*,Kangsabati,-,Bairabanki & Taraphini,22.62972222,86.97472222,27-03-2026 22:00,0.5
234,D P Ghat,CWC,19,West Bengal,703,JHARGRAM,JHARGRAM,-,-,Ganga,Ganga,Bhagirathi-II (WB)*,Kangsabati,-,Bairabanki & Taraphini,22.62972222,86.97472222,27-03-2026 23:00,16
235,D P Ghat,CWC,19,West Bengal,703,JHARGRAM,JHARGRAM,-,-,Ganga,Ganga,Bhagirathi-II (WB)*,Kangsabati,-,Bairabanki & Taraphini,22.62972222,86.97472222,28-03-2026 00:00,16
236,D P Ghat,CWC,19,West Bengal,703,JHARGRAM,JHARGRAM,-,-,Ganga,Ganga,Bhagirathi-II (WB)*,Kangsabati,-,Bairabanki & Taraphini,22.62972222,86.97472222,28-03-2026 07:00,275
237,D P Ghat,CWC,19,West Bengal,703,JHARGRAM,JHARGRAM,-,-,Ganga,Ganga,Bhagirathi-II (WB)*,Kangsabati,-,Bairabanki & Taraphini,22.62972222,86.97472222,28-03-2026 09:00,16.5
238,D P Ghat,CWC,19,West Bengal,703,JHARGRAM,JHARGRAM,-,-,Ganga,Ganga,Bhagirathi-II (WB)*,Kangsabati,-,Bairabanki & Taraphini,22.62972222,86.97472222,28-03-2026 18:00,36
239,D P Ghat,CWC,19,West Bengal,703,JHARGRAM,JHARGRAM,-,-,Ganga,Ganga,Bhagirathi-II (WB)*,Kangsabati,-,Bairabanki & Taraphini,22.62972222,86.97472222,29-03-2026 10:00,40
240,D P Ghat,CWC,19,West Bengal,703,JHARGRAM,JHARGRAM,-,-,Ganga,Ganga,Bhagirathi-II (WB)*,Kangsabati,-,Bairabanki & Taraphini,22.62972222,86.97472222,30-03-2026 13:00,128.5
241,D P Ghat,CWC,19,West Bengal,703,JHARGRAM,JHARGRAM,-,-,Ganga,Ganga,Bhagirathi-II (WB)*,Kangsabati,-,Bairabanki & Taraphini,22.62972222,86.97472222,30-03-2026 15:00,18
242,D P Ghat,CWC,19,West Bengal,703,JHARGRAM,JHARGRAM,-,-,Ganga,Ganga,Bhagirathi-II (WB)*,Kangsabati,-,Bairabanki & Taraphini,22.62972222,86.97472222,30-03-2026 16:00,18
243,D P Ghat,CWC,19,West Bengal,703,JHARGRAM,JHARGRAM,-,-,Ganga,Ganga,Bhagirathi-II (WB)*,Kangsabati,-,Bairabanki & Taraphini,22.62972222,86.97472222,30-03-2026 18:00,1
244,D P Ghat,CWC,19,West Bengal,703,JHARGRAM,JHARGRAM,-,-,Ganga,Ganga,Bhagirathi-II (WB)*,Kangsabati,-,Bairabanki & Taraphini,22.62972222,86.97472222,30-03-2026 19:00,21.5
245,D P Ghat,CWC,19,West Bengal,703,JHARGRAM,JHARGRAM,-,-,Ganga,Ganga,Bhagirathi-II (WB)*,Kangsabati,-,Bairabanki & Taraphini,22.62972222,86.97472222,30-03-2026 20:00,0.5
246,D P Ghat,CWC,19,West Bengal,703,JHARGRAM,JHARGRAM,-,-,Ganga,Ganga,Bhagirathi-II (WB)*,Kangsabati,-,Bairabanki & Taraphini,22.62972222,86.97472222,30-03-2026 21:00,0.5
247,D P Ghat,CWC,19,West Bengal,703,JHARGRAM,JHARGRAM,-,-,Ganga,Ganga,Bhagirathi-II (WB)*,Kangsabati,-,Bairabanki & Taraphini,22.62972222,86.97472222,31-03-2026 00:00,22
248,D P Ghat,CWC,19,West Bengal,703,JHARGRAM,JHARGRAM,-,-,Ganga,Ganga,Bhagirathi-II (WB)*,Kangsabati,-,Bairabanki & Taraphini,22.62972222,86.97472222,31-03-2026 01:00,22
249,D P Ghat,CWC,19,West Bengal,703,JHARGRAM,JHARGRAM,-,-,Ganga,Ganga,Bhagirathi-II (WB)*,Kangsabati,-,Bairabanki & Taraphini,22.62972222,86.97472222,31-03-2026 02:00,22
250,D P Ghat,CWC,19,West Bengal,703,JHARGRAM,JHARGRAM,-,-,Ganga,Ganga,Bhagirathi-II (WB)*,Kangsabati,-,Bairabanki & Taraphini,22.62972222,86.97472222,04-04-2026 17:00,96
251,D P Ghat,CWC,19,West Bengal,703,JHARGRAM,JHARGRAM,-,-,Ganga,Ganga,Bhagirathi-II (WB)*,Kangsabati,-,Bairabanki & Taraphini,22.62972222,86.97472222,05-04-2026 03:00,1.5
252,D P Ghat,CWC,19,West Bengal,703,JHARGRAM,JHARGRAM,-,-,Ganga,Ganga,Bhagirathi-II (WB)*,Kangsabati,-,Bairabanki & Taraphini,22.62972222,86.97472222,05-04-2026 04:00,1.5
253,D P Ghat,CWC,19,West Bengal,703,JHARGRAM,JHARGRAM,-,-,Ganga,Ganga,Bhagirathi-II (WB)*,Kangsabati,-,Bairabanki & Taraphini,22.62972222,86.97472222,05-04-2026 07:00,8
254,D P Ghat,CWC,19,West Bengal,703,JHARGRAM,JHARGRAM,-,-,Ganga,Ganga,Bhagirathi-II (WB)*,Kangsabati,-,Bairabanki & Taraphini,22.62972222,86.97472222,05-04-2026 09:00,8.5
255,D P Ghat,CWC,19,West Bengal,703,JHARGRAM,JHARGRAM,-,-,Ganga,Ganga,Bhagirathi-II (WB)*,Kangsabati,-,Bairabanki & Taraphini,22.62972222,86.97472222,05-04-2026 23:00,8.5
256,D P Ghat,CWC,19,West Bengal,703,JHARGRAM,JHARGRAM,-,-,Ganga,Ganga,Bhagirathi-II (WB)*,Kangsabati,-,Bairabanki & Taraphini,22.62972222,86.97472222,06-04-2026 01:00,8.5
257,D P Ghat,CWC,19,West Bengal,703,JHARGRAM,JHARGRAM,-,-,Ganga,Ganga,Bhagirathi-II (WB)*,Kangsabati,-,Bairabanki & Taraphini,22.62972222,86.97472222,06-04-2026 14:00,17
258,D P Ghat,CWC,19,West Bengal,703,JHARGRAM,JHARGRAM,-,-,Ganga,Ganga,Bhagirathi-II (WB)*,Kangsabati,-,Bairabanki & Taraphini,22.62972222,86.97472222,06-04-2026 15:00,19.5
259,D P Ghat,CWC,19,West Bengal,703,JHARGRAM,JHARGRAM,-,-,Ganga,Ganga,Bhagirathi-II (WB)*,Kangsabati,-,Bairabanki & Taraphini,22.62972222,86.97472222,06-04-2026 18:00,19.5
260,D P Ghat,CWC,19,West Bengal,703,JHARGRAM,JHARGRAM,-,-,Ganga,Ganga,Bhagirathi-II (WB)*,Kangsabati,-,Bairabanki & Taraphini,22.62972222,86.97472222,06-04-2026 19:00,19.5
261,D P Ghat,CWC,19,West Bengal,703,JHARGRAM,JHARGRAM,-,-,Ganga,Ganga,Bhagirathi-II (WB)*,Kangsabati,-,Bairabanki & Taraphini,22.62972222,86.97472222,06-04-2026 22:00,19.5
262,D P Ghat,CWC,19,West Bengal,703,JHARGRAM,JHARGRAM,-,-,Ganga,Ganga,Bhagirathi-II (WB)*,Kangsabati,-,Bairabanki & Taraphini,22.62972222,86.97472222,06-04-2026 23:00,19.5
263,D P Ghat,CWC,19,West Bengal,703,JHARGRAM,JHARGRAM,-,-,Ganga,Ganga,Bhagirathi-II (WB)*,Kangsabati,-,Bairabanki & Taraphini,22.62972222,86.97472222,07-04-2026 00:00,19.5
264,D P Ghat,CWC,19,West Bengal,703,JHARGRAM,JHARGRAM,-,-,Ganga,Ganga,Bhagirathi-II (WB)*,Kangsabati,-,Bairabanki & Taraphini,22.62972222,86.97472222,07-04-2026 02:00,19.5
265,D P Ghat,CWC,19,West Bengal,703,JHARGRAM,JHARGRAM,-,-,Ganga,Ganga,Bhagirathi-II (WB)*,Kangsabati,-,Bairabanki & Taraphini,22.62972222,86.97472222,07-04-2026 12:00,15.5
266,D P Ghat,CWC,19,West Bengal,703,JHARGRAM,JHARGRAM,-,-,Ganga,Ganga,Bhagirathi-II (WB)*,Kangsabati,-,Bairabanki & Taraphini,22.62972222,86.97472222,07-04-2026 16:00,15.5
267,D P Ghat,CWC,19,West Bengal,703,JHARGRAM,JHARGRAM,-,-,Ganga,Ganga,Bhagirathi-II (WB)*,Kangsabati,-,Bairabanki & Taraphini,22.62972222,86.97472222,07-04-2026 17:00,15.5
268,D P Ghat,CWC,19,West Bengal,703,JHARGRAM,JHARGRAM,-,-,Ganga,Ganga,Bhagirathi-II (WB)*,Kangsabati,-,Bairabanki & Taraphini,22.62972222,86.97472222,07-04-2026 19:00,15.5
269,D P Ghat,CWC,19,West Bengal,703,JHARGRAM,JHARGRAM,-,-,Ganga,Ganga,Bhagirathi-II (WB)*,Kangsabati,-,Bairabanki & Taraphini,22.62972222,86.97472222,07-04-2026 20:00,15.5
270,D P Ghat,CWC,19,West Bengal,703,JHARGRAM,JHARGRAM,-,-,Ganga,Ganga,Bhagirathi-II (WB)*,Kangsabati,-,Bairabanki & Taraphini,22.62972222,86.97472222,07-04-2026 23:00,2.5
271,D P Ghat,CWC,19,West Bengal,703,JHARGRAM,JHARGRAM,-,-,Ganga,Ganga,Bhagirathi-II (WB)*,Kangsabati,-,Bairabanki & Taraphini,22.62972222,86.97472222,08-04-2026 00:00,18.5
272,D P Ghat,CWC,19,West Bengal,703,JHARGRAM,JHARGRAM,-,-,Ganga,Ganga,Bhagirathi-II (WB)*,Kangsabati,-,Bairabanki & Taraphini,22.62972222,86.97472222,08-04-2026 01:00,19
273,D P Ghat,CWC,19,West Bengal,703,JHARGRAM,JHARGRAM,-,-,Ganga,Ganga,Bhagirathi-II (WB)*,Kangsabati,-,Bairabanki & Taraphini,22.62972222,86.97472222,08-04-2026 02:00,19
274,D P Ghat,CWC,19,West Bengal,703,JHARGRAM,JHARGRAM,-,-,Ganga,Ganga,Bhagirathi-II (WB)*,Kangsabati,-,Bairabanki & Taraphini,22.62972222,86.97472222,08-04-2026 20:00,0.5
275,D P Ghat,CWC,19,West Bengal,703,JHARGRAM,JHARGRAM,-,-,Ganga,Ganga,Bhagirathi-II (WB)*,Kangsabati,-,Bairabanki & Taraphini,22.62972222,86.97472222,08-04-2026 21:00,1
276,D P Ghat,CWC,19,West Bengal,703,JHARGRAM,JHARGRAM,-,-,Ganga,Ganga,Bhagirathi-II (WB)*,Kangsabati,-,Bairabanki & Taraphini,22.62972222,86.97472222,08-04-2026 23:00,1
277,D P Ghat,CWC,19,West Bengal,703,JHARGRAM,JHARGRAM,-,-,Ganga,Ganga,Bhagirathi-II (WB)*,Kangsabati,-,Bairabanki & Taraphini,22.62972222,86.97472222,09-04-2026 01:00,15
278,D P Ghat,CWC,19,West Bengal,703,JHARGRAM,JHARGRAM,-,-,Ganga,Ganga,Bhagirathi-II (WB)*,Kangsabati,-,Bairabanki & Taraphini,22.62972222,86.97472222,09-04-2026 02:00,19
279,D P Ghat,CWC,19,West Bengal,703,JHARGRAM,JHARGRAM,-,-,Ganga,Ganga,Bhagirathi-II (WB)*,Kangsabati,-,Bairabanki & Taraphini,22.62972222,86.97472222,09-04-2026 11:00,501.5
280,D P Ghat,CWC,19,West Bengal,703,JHARGRAM,JHARGRAM,-,-,Ganga,Ganga,Bhagirathi-II (WB)*,Kangsabati,-,Bairabanki & Taraphini,22.62972222,86.97472222,10-04-2026 08:00,480
281,D P Ghat,CWC,19,West Bengal,703,JHARGRAM,JHARGRAM,-,-,Ganga,Ganga,Bhagirathi-II (WB)*,Kangsabati,-,Bairabanki & Taraphini,22.62972222,86.97472222,16-04-2026 06:00,51
282,D P Ghat,CWC,19,West Bengal,703,JHARGRAM,JHARGRAM,-,-,Ganga,Ganga,Bhagirathi-II (WB)*,Kangsabati,-,Bairabanki & Taraphini,22.62972222,86.97472222,16-04-2026 14:00,1
283,D P Ghat,CWC,19,West Bengal,703,JHARGRAM,JHARGRAM,-,-,Ganga,Ganga,Bhagirathi-II (WB)*,Kangsabati,-,Bairabanki & Taraphini,22.62972222,86.97472222,16-04-2026 15:00,1
284,D P Ghat,CWC,19,West Bengal,703,JHARGRAM,JHARGRAM,-,-,Ganga,Ganga,Bhagirathi-II (WB)*,Kangsabati,-,Bairabanki & Taraphini,22.62972222,86.97472222,16-04-2026 17:00,2
285,D P Ghat,CWC,19,West Bengal,703,JHARGRAM,JHARGRAM,-,-,Ganga,Ganga,Bhagirathi-II (WB)*,Kangsabati,-,Bairabanki & Taraphini,22.62972222,86.97472222,16-04-2026 18:00,2
286,D P Ghat,CWC,19,West Bengal,703,JHARGRAM,JHARGRAM,-,-,Ganga,Ganga,Bhagirathi-II (WB)*,Kangsabati,-,Bairabanki & Taraphini,22.62972222,86.97472222,16-04-2026 23:00,2
287,D P Ghat,CWC,19,West Bengal,703,JHARGRAM,JHARGRAM,-,-,Ganga,Ganga,Bhagirathi-II (WB)*,Kangsabati,-,Bairabanki & Taraphini,22.62972222,86.97472222,20-04-2026 10:00,267
288,D P Ghat,CWC,19,West Bengal,703,JHARGRAM,JHARGRAM,-,-,Ganga,Ganga,Bhagirathi-II (WB)*,Kangsabati,-,Bairabanki & Taraphini,22.62972222,86.97472222,24-04-2026 09:00,0.5
289,D P Ghat,CWC,19,West Bengal,703,JHARGRAM,JHARGRAM,-,-,Ganga,Ganga,Bhagirathi-II (WB)*,Kangsabati,-,Bairabanki & Taraphini,22.62972222,86.97472222,27-04-2026 11:00,6
290,D P Ghat,CWC,19,West Bengal,703,JHARGRAM,JHARGRAM,-,-,Ganga,Ganga,Bhagirathi-II (WB)*,Kangsabati,-,Bairabanki & Taraphini,22.62972222,86.97472222,27-04-2026 12:00,6
291,D P Ghat,CWC,19,West Bengal,703,JHARGRAM,JHARGRAM,-,-,Ganga,Ganga,Bhagirathi-II (WB)*,Kangsabati,-,Bairabanki & Taraphini,22.62972222,86.97472222,27-04-2026 14:00,6
292,D P Ghat,CWC,19,West Bengal,703,JHARGRAM,JHARGRAM,-,-,Ganga,Ganga,Bhagirathi-II (WB)*,Kangsabati,-,Bairabanki & Taraphini,22.62972222,86.97472222,27-04-2026 18:00,6
293,D P Ghat,CWC,19,West Bengal,703,JHARGRAM,JHARGRAM,-,-,Ganga,Ganga,Bhagirathi-II (WB)*,Kangsabati,-,Bairabanki & Taraphini,22.62972222,86.97472222,27-04-2026 21:00,6
294,D P Ghat,CWC,19,West Bengal,703,JHARGRAM,JHARGRAM,-,-,Ganga,Ganga,Bhagirathi-II (WB)*,Kangsabati,-,Bairabanki & Taraphini,22.62972222,86.97472222,27-04-2026 23:00,6
295,D P Ghat,CWC,19,West Bengal,703,JHARGRAM,JHARGRAM,-,-,Ganga,Ganga,Bhagirathi-II (WB)*,Kangsabati,-,Bairabanki & Taraphini,22.62972222,86.97472222,28-04-2026 22:00,4
296,D P Ghat,CWC,19,West Bengal,703,JHARGRAM,JHARGRAM,-,-,Ganga,Ganga,Bhagirathi-II (WB)*,Kangsabati,-,Bairabanki & Taraphini,22.62972222,86.97472222,28-04-2026 23:00,4
297,D P Ghat,CWC,19,West Bengal,703,JHARGRAM,JHARGRAM,-,-,Ganga,Ganga,Bhagirathi-II (WB)*,Kangsabati,-,Bairabanki & Taraphini,22.62972222,86.97472222,29-04-2026 02:00,1
298,D P Ghat,CWC,19,West Bengal,703,JHARGRAM,JHARGRAM,-,-,Ganga,Ganga,Bhagirathi-II (WB)*,Kangsabati,-,Bairabanki & Taraphini,22.62972222,86.97472222,29-04-2026 14:00,16.5
299,D P Ghat,CWC,19,West Bengal,703,JHARGRAM,JHARGRAM,-,-,Ganga,Ganga,Bhagirathi-II (WB)*,Kangsabati,-,Bairabanki & Taraphini,22.62972222,86.97472222,29-04-2026 15:00,21.5
300,D P Ghat,CWC,19,West Bengal,703,JHARGRAM,JHARGRAM,-,-,Ganga,Ganga,Bhagirathi-II (WB)*,Kangsabati,-,Bairabanki & Taraphini,22.62972222,86.97472222,29-04-2026 16:00,1.5
301,D P Ghat,CWC,19,West Bengal,703,JHARGRAM,JHARGRAM,-,-,Ganga,Ganga,Bhagirathi-II (WB)*,Kangsabati,-,Bairabanki & Taraphini,22.62972222,86.97472222,29-04-2026 17:00,0.5
302,D P Ghat,CWC,19,West Bengal,703,JHARGRAM,JHARGRAM,-,-,Ganga,Ganga,Bhagirathi-II (WB)*,Kangsabati,-,Bairabanki & Taraphini,22.62972222,86.97472222,29-04-2026 18:00,1.5
303,D P Ghat,CWC,19,West Bengal,703,JHARGRAM,JHARGRAM,-,-,Ganga,Ganga,Bhagirathi-II (WB)*,Kangsabati,-,Bairabanki & Taraphini,22.62972222,86.97472222,29-04-2026 19:00,26
304,D P Ghat,CWC,19,West Bengal,703,JHARGRAM,JHARGRAM,-,-,Ganga,Ganga,Bhagirathi-II (WB)*,Kangsabati,-,Bairabanki & Taraphini,22.62972222,86.97472222,29-04-2026 20:00,26.5
305,D P Ghat,CWC,19,West Bengal,703,JHARGRAM,JHARGRAM,-,-,Ganga,Ganga,Bhagirathi-II (WB)*,Kangsabati,-,Bairabanki & Taraphini,22.62972222,86.97472222,29-04-2026 21:00,0.5
306,D P Ghat,CWC,19,West Bengal,703,JHARGRAM,JHARGRAM,-,-,Ganga,Ganga,Bhagirathi-II (WB)*,Kangsabati,-,Bairabanki & Taraphini,22.62972222,86.97472222,29-04-2026 22:00,26.5
307,D P Ghat,CWC,19,West Bengal,703,JHARGRAM,JHARGRAM,-,-,Ganga,Ganga,Bhagirathi-II (WB)*,Kangsabati,-,Bairabanki & Taraphini,22.62972222,86.97472222,30-04-2026 23:00,36
308,D P Ghat,CWC,19,West Bengal,703,JHARGRAM,JHARGRAM,-,-,Ganga,Ganga,Bhagirathi-II (WB)*,Kangsabati,-,Bairabanki & Taraphini,22.62972222,86.97472222,01-05-2026 00:00,0.5
309,D P Ghat,CWC,19,West Bengal,703,JHARGRAM,JHARGRAM,-,-,Ganga,Ganga,Bhagirathi-II (WB)*,Kangsabati,-,Bairabanki & Taraphini,22.62972222,86.97472222,01-05-2026 16:00,6.5
310,D P Ghat,CWC,19,West Bengal,703,JHARGRAM,JHARGRAM,-,-,Ganga,Ganga,Bhagirathi-II (WB)*,Kangsabati,-,Bairabanki & Taraphini,22.62972222,86.97472222,02-05-2026 00:00,7.5
311,D P Ghat,CWC,19,West Bengal,703,JHARGRAM,JHARGRAM,-,-,Ganga,Ganga,Bhagirathi-II (WB)*,Kangsabati,-,Bairabanki & Taraphini,22.62972222,86.97472222,02-05-2026 01:00,8
312,D P Ghat,CWC,19,West Bengal,703,JHARGRAM,JHARGRAM,-,-,Ganga,Ganga,Bhagirathi-II (WB)*,Kangsabati,-,Bairabanki & Taraphini,22.62972222,86.97472222,02-05-2026 02:00,0.5
313,D P Ghat,CWC,19,West Bengal,703,JHARGRAM,JHARGRAM,-,-,Ganga,Ganga,Bhagirathi-II (WB)*,Kangsabati,-,Bairabanki & Taraphini,22.62972222,86.97472222,02-05-2026 09:00,11
314,D P Ghat,CWC,19,West Bengal,703,JHARGRAM,JHARGRAM,-,-,Ganga,Ganga,Bhagirathi-II (WB)*,Kangsabati,-,Bairabanki & Taraphini,22.62972222,86.97472222,02-05-2026 10:00,11
315,D P Ghat,CWC,19,West Bengal,703,JHARGRAM,JHARGRAM,-,-,Ganga,Ganga,Bhagirathi-II (WB)*,Kangsabati,-,Bairabanki & Taraphini,22.62972222,86.97472222,02-05-2026 11:00,2
316,D P Ghat,CWC,19,West Bengal,703,JHARGRAM,JHARGRAM,-,-,Ganga,Ganga,Bhagirathi-II (WB)*,Kangsabati,-,Bairabanki & Taraphini,22.62972222,86.97472222,02-05-2026 12:00,13
317,D P Ghat,CWC,19,West Bengal,703,JHARGRAM,JHARGRAM,-,-,Ganga,Ganga,Bhagirathi-II (WB)*,Kangsabati,-,Bairabanki & Taraphini,22.62972222,86.97472222,02-05-2026 13:00,13
318,D P Ghat,CWC,19,West Bengal,703,JHARGRAM,JHARGRAM,-,-,Ganga,Ganga,Bhagirathi-II (WB)*,Kangsabati,-,Bairabanki & Taraphini,22.62972222,86.97472222,02-05-2026 14:00,13
319,D P Ghat,CWC,19,West Bengal,703,JHARGRAM,JHARGRAM,-,-,Ganga,Ganga,Bhagirathi-II (WB)*,Kangsabati,-,Bairabanki & Taraphini,22.62972222,86.97472222,02-05-2026 15:00,13
320,D P Ghat,CWC,19,West Bengal,703,JHARGRAM,JHARGRAM,-,-,Ganga,Ganga,Bhagirathi-II (WB)*,Kangsabati,-,Bairabanki & Taraphini,22.62972222,86.97472222,02-05-2026 18:00,13
321,D P Ghat,CWC,19,West Bengal,703,JHARGRAM,JHARGRAM,-,-,Ganga,Ganga,Bhagirathi-II (WB)*,Kangsabati,-,Bairabanki & Taraphini,22.62972222,86.97472222,02-05-2026 20:00,13
322,D P Ghat,CWC,19,West Bengal,703,JHARGRAM,JHARGRAM,-,-,Ganga,Ganga,Bhagirathi-II (WB)*,Kangsabati,-,Bairabanki & Taraphini,22.62972222,86.97472222,02-05-2026 21:00,13
323,D P Ghat,CWC,19,West Bengal,703,JHARGRAM,JHARGRAM,-,-,Ganga,Ganga,Bhagirathi-II (WB)*,Kangsabati,-,Bairabanki & Taraphini,22.62972222,86.97472222,02-05-2026 22:00,13
324,D P Ghat,CWC,19,West Bengal,703,JHARGRAM,JHARGRAM,-,-,Ganga,Ganga,Bhagirathi-II (WB)*,Kangsabati,-,Bairabanki & Taraphini,22.62972222,86.97472222,09-05-2026 23:00,0.5
325,D P Ghat,CWC,19,West Bengal,703,JHARGRAM,JHARGRAM,-,-,Ganga,Ganga,Bhagirathi-II (WB)*,Kangsabati,-,Bairabanki & Taraphini,22.62972222,86.97472222,11-05-2026 01:00,0.5
326,D P Ghat,CWC,19,West Bengal,703,JHARGRAM,JHARGRAM,-,-,Ganga,Ganga,Bhagirathi-II (WB)*,Kangsabati,-,Bairabanki & Taraphini,22.62972222,86.97472222,11-05-2026 02:00,0.5
327,D P Ghat,CWC,19,West Bengal,703,JHARGRAM,JHARGRAM,-,-,Ganga,Ganga,Bhagirathi-II (WB)*,Kangsabati,-,Bairabanki & Taraphini,22.62972222,86.97472222,12-05-2026 15:00,1
328,D P Ghat,CWC,19,West Bengal,703,JHARGRAM,JHARGRAM,-,-,Ganga,Ganga,Bhagirathi-II (WB)*,Kangsabati,-,Bairabanki & Taraphini,22.62972222,86.97472222,12-05-2026 16:00,1
329,D P Ghat,CWC,19,West Bengal,703,JHARGRAM,JHARGRAM,-,-,Ganga,Ganga,Bhagirathi-II (WB)*,Kangsabati,-,Bairabanki & Taraphini,22.62972222,86.97472222,12-05-2026 20:00,1
330,D P Ghat,CWC,19,West Bengal,703,JHARGRAM,JHARGRAM,-,-,Ganga,Ganga,Bhagirathi-II (WB)*,Kangsabati,-,Bairabanki & Taraphini,22.62972222,86.97472222,12-05-2026 21:00,1
331,D P Ghat,CWC,19,West Bengal,703,JHARGRAM,JHARGRAM,-,-,Ganga,Ganga,Bhagirathi-II (WB)*,Kangsabati,-,Bairabanki & Taraphini,22.62972222,86.97472222,12-05-2026 22:00,1
332,D P Ghat,CWC,19,West Bengal,703,JHARGRAM,JHARGRAM,-,-,Ganga,Ganga,Bhagirathi-II (WB)*,Kangsabati,-,Bairabanki & Taraphini,22.62972222,86.97472222,12-05-2026 23:00,1
333,D P Ghat,CWC,19,West Bengal,703,JHARGRAM,JHARGRAM,-,-,Ganga,Ganga,Bhagirathi-II (WB)*,Kangsabati,-,Bairabanki & Taraphini,22.62972222,86.97472222,14-05-2026 05:00,40
334,D P Ghat,CWC,19,West Bengal,703,JHARGRAM,JHARGRAM,-,-,Ganga,Ganga,Bhagirathi-II (WB)*,Kangsabati,-,Bairabanki & Taraphini,22.62972222,86.97472222,15-05-2026 12:00,0.5
335,D P Ghat,CWC,19,West Bengal,703,JHARGRAM,JHARGRAM,-,-,Ganga,Ganga,Bhagirathi-II (WB)*,Kangsabati,-,Bairabanki & Taraphini,22.62972222,86.97472222,15-05-2026 13:00,0.5
336,D P Ghat,CWC,19,West Bengal,703,JHARGRAM,JHARGRAM,-,-,Ganga,Ganga,Bhagirathi-II (WB)*,Kangsabati,-,Bairabanki & Taraphini,22.62972222,86.97472222,15-05-2026 14:00,1
337,D P Ghat,CWC,19,West Bengal,703,JHARGRAM,JHARGRAM,-,-,Ganga,Ganga,Bhagirathi-II (WB)*,Kangsabati,-,Bairabanki & Taraphini,22.62972222,86.97472222,15-05-2026 15:00,1.5
338,D P Ghat,CWC,19,West Bengal,703,JHARGRAM,JHARGRAM,-,-,Ganga,Ganga,Bhagirathi-II (WB)*,Kangsabati,-,Bairabanki & Taraphini,22.62972222,86.97472222,15-05-2026 16:00,1.5
339,D P Ghat,CWC,19,West Bengal,703,JHARGRAM,JHARGRAM,-,-,Ganga,Ganga,Bhagirathi-II (WB)*,Kangsabati,-,Bairabanki & Taraphini,22.62972222,86.97472222,15-05-2026 17:00,1.5
340,D P Ghat,CWC,19,West Bengal,703,JHARGRAM,JHARGRAM,-,-,Ganga,Ganga,Bhagirathi-II (WB)*,Kangsabati,-,Bairabanki & Taraphini,22.62972222,86.97472222,15-05-2026 18:00,2
341,D P Ghat,CWC,19,West Bengal,703,JHARGRAM,JHARGRAM,-,-,Ganga,Ganga,Bhagirathi-II (WB)*,Kangsabati,-,Bairabanki & Taraphini,22.62972222,86.97472222,15-05-2026 19:00,2
342,D P Ghat,CWC,19,West Bengal,703,JHARGRAM,JHARGRAM,-,-,Ganga,Ganga,Bhagirathi-II (WB)*,Kangsabati,-,Bairabanki & Taraphini,22.62972222,86.97472222,15-05-2026 20:00,2
343,D P Ghat,CWC,19,West Bengal,703,JHARGRAM,JHARGRAM,-,-,Ganga,Ganga,Bhagirathi-II (WB)*,Kangsabati,-,Bairabanki & Taraphini,22.62972222,86.97472222,15-05-2026 21:00,2
344,D P Ghat,CWC,19,West Bengal,703,JHARGRAM,JHARGRAM,-,-,Ganga,Ganga,Bhagirathi-II (WB)*,Kangsabati,-,Bairabanki & Taraphini,22.62972222,86.97472222,15-05-2026 22:00,2
345,D P Ghat,CWC,19,West Bengal,703,JHARGRAM,JHARGRAM,-,-,Ganga,Ganga,Bhagirathi-II (WB)*,Kangsabati,-,Bairabanki & Taraphini,22.62972222,86.97472222,15-05-2026 23:00,2.5
346,D P Ghat,CWC,19,West Bengal,703,JHARGRAM,JHARGRAM,-,-,Ganga,Ganga,Bhagirathi-II (WB)*,Kangsabati,-,Bairabanki & Taraphini,22.62972222,86.97472222,16-05-2026 00:00,2.5
347,D P Ghat,CWC,19,West Bengal,703,JHARGRAM,JHARGRAM,-,-,Ganga,Ganga,Bhagirathi-II (WB)*,Kangsabati,-,Bairabanki & Taraphini,22.62972222,86.97472222,16-05-2026 01:00,2.5
348,D P Ghat,CWC,19,West Bengal,703,JHARGRAM,JHARGRAM,-,-,Ganga,Ganga,Bhagirathi-II (WB)*,Kangsabati,-,Bairabanki & Taraphini,22.62972222,86.97472222,16-05-2026 02:00,2.5
349,D P Ghat,CWC,19,West Bengal,703,JHARGRAM,JHARGRAM,-,-,Ganga,Ganga,Bhagirathi-II (WB)*,Kangsabati,-,Bairabanki & Taraphini,22.62972222,86.97472222,21-05-2026 04:00,1
350,D P Ghat,CWC,19,West Bengal,703,JHARGRAM,JHARGRAM,-,-,Ganga,Ganga,Bhagirathi-II (WB)*,Kangsabati,-,Bairabanki & Taraphini,22.62972222,86.97472222,27-05-2026 05:00,68.5
351,D P Ghat,CWC,19,West Bengal,703,JHARGRAM,JHARGRAM,-,-,Ganga,Ganga,Bhagirathi-II (WB)*,Kangsabati,-,Bairabanki & Taraphini,22.62972222,86.97472222,29-05-2026 06:00,7.5
352,D P Ghat,CWC,19,West Bengal,703,JHARGRAM,JHARGRAM,-,-,Ganga,Ganga,Bhagirathi-II (WB)*,Kangsabati,-,Bairabanki & Taraphini,22.62972222,86.97472222,29-05-2026 07:00,7.5
353,D P Ghat,CWC,19,West Bengal,703,JHARGRAM,JHARGRAM,-,-,Ganga,Ganga,Bhagirathi-II (WB)*,Kangsabati,-,Bairabanki & Taraphini,22.62972222,86.97472222,29-05-2026 08:00,30
354,D P Ghat,CWC,19,West Bengal,703,JHARGRAM,JHARGRAM,-,-,Ganga,Ganga,Bhagirathi-II (WB)*,Kangsabati,-,Bairabanki & Taraphini,22.62972222,86.97472222,29-05-2026 10:00,0.5
355,D P Ghat,CWC,19,West Bengal,703,JHARGRAM,JHARGRAM,-,-,Ganga,Ganga,Bhagirathi-II (WB)*,Kangsabati,-,Bairabanki & Taraphini,22.62972222,86.97472222,29-05-2026 11:00,30.5
356,D P Ghat,CWC,19,West Bengal,703,JHARGRAM,JHARGRAM,-,-,Ganga,Ganga,Bhagirathi-II (WB)*,Kangsabati,-,Bairabanki & Taraphini,22.62972222,86.97472222,29-05-2026 23:00,30.5
357,D P Ghat,CWC,19,West Bengal,703,JHARGRAM,JHARGRAM,-,-,Ganga,Ganga,Bhagirathi-II (WB)*,Kangsabati,-,Bairabanki & Taraphini,22.62972222,86.97472222,30-05-2026 01:00,30.5
358,D P Ghat,CWC,19,West Bengal,703,JHARGRAM,JHARGRAM,-,-,Ganga,Ganga,Bhagirathi-II (WB)*,Kangsabati,-,Bairabanki & Taraphini,22.62972222,86.97472222,30-05-2026 07:00,3.5
359,D P Ghat,CWC,19,West Bengal,703,JHARGRAM,JHARGRAM,-,-,Ganga,Ganga,Bhagirathi-II (WB)*,Kangsabati,-,Bairabanki & Taraphini,22.62972222,86.97472222,30-05-2026 08:00,3.5
360,D P Ghat,CWC,19,West Bengal,703,JHARGRAM,JHARGRAM,-,-,Ganga,Ganga,Bhagirathi-II (WB)*,Kangsabati,-,Bairabanki & Taraphini,22.62972222,86.97472222,30-05-2026 10:00,3.5
361,D P Ghat,CWC,19,West Bengal,703,JHARGRAM,JHARGRAM,-,-,Ganga,Ganga,Bhagirathi-II (WB)*,Kangsabati,-,Bairabanki & Taraphini,22.62972222,86.97472222,30-05-2026 14:00,3.5
362,D P Ghat,CWC,19,West Bengal,703,JHARGRAM,JHARGRAM,-,-,Ganga,Ganga,Bhagirathi-II (WB)*,Kangsabati,-,Bairabanki & Taraphini,22.62972222,86.97472222,30-05-2026 16:00,3.5
363,D P Ghat,CWC,19,West Bengal,703,JHARGRAM,JHARGRAM,-,-,Ganga,Ganga,Bhagirathi-II (WB)*,Kangsabati,-,Bairabanki & Taraphini,22.62972222,86.97472222,30-05-2026 19:00,3.5
364,D P Ghat,CWC,19,West Bengal,703,JHARGRAM,JHARGRAM,-,-,Ganga,Ganga,Bhagirathi-II (WB)*,Kangsabati,-,Bairabanki & Taraphini,22.62972222,86.97472222,30-05-2026 20:00,3.5
365,D P Ghat,CWC,19,West Bengal,703,JHARGRAM,JHARGRAM,-,-,Ganga,Ganga,Bhagirathi-II (WB)*,Kangsabati,-,Bairabanki & Taraphini,22.62972222,86.97472222,30-05-2026 21:00,3.5
366,D P Ghat,CWC,19,West Bengal,703,JHARGRAM,JHARGRAM,-,-,Ganga,Ganga,Bhagirathi-II (WB)*,Kangsabati,-,Bairabanki & Taraphini,22.62972222,86.97472222,30-05-2026 22:00,3.5
367,D P Ghat,CWC,19,West Bengal,703,JHARGRAM,JHARGRAM,-,-,Ganga,Ganga,Bhagirathi-II (WB)*,Kangsabati,-,Bairabanki & Taraphini,22.62972222,86.97472222,31-05-2026 00:00,3.5
368,D P Ghat,CWC,19,West Bengal,703,JHARGRAM,JHARGRAM,-,-,Ganga,Ganga,Bhagirathi-II (WB)*,Kangsabati,-,Bairabanki & Taraphini,22.62972222,86.97472222,31-05-2026 01:00,3.5
369,D P Ghat,CWC,19,West Bengal,703,JHARGRAM,JHARGRAM,-,-,Ganga,Ganga,Bhagirathi-II (WB)*,Kangsabati,-,Bairabanki & Taraphini,22.62972222,86.97472222,31-05-2026 02:00,3.5
370,Fekoghat,CWC,19,West Bengal,317,MEDINIPUR,MIDNAPORE,-,-,Subarnarekha,Subernarekha,Dulung,Dulang,-,Dulang,22.30861111,86.91638889,03-01-2026 07:30,278
371,Fekoghat,CWC,19,West Bengal,317,MEDINIPUR,MIDNAPORE,-,-,Subarnarekha,Subernarekha,Dulung,Dulang,-,Dulang,22.30861111,86.91638889,02-02-2026 12:30,208
372,Fekoghat,CWC,19,West Bengal,317,MEDINIPUR,MIDNAPORE,-,-,Subarnarekha,Subernarekha,Dulung,Dulang,-,Dulang,22.30861111,86.91638889,08-02-2026 17:30,144
373,Fekoghat,CWC,19,West Bengal,317,MEDINIPUR,MIDNAPORE,-,-,Subarnarekha,Subernarekha,Dulung,Dulang,-,Dulang,22.30861111,86.91638889,08-02-2026 19:30,1.5
374,Fekoghat,CWC,19,West Bengal,317,MEDINIPUR,MIDNAPORE,-,-,Subarnarekha,Subernarekha,Dulung,Dulang,-,Dulang,22.30861111,86.91638889,25-02-2026 04:30,0.5
375,Fekoghat,CWC,19,West Bengal,317,MEDINIPUR,MIDNAPORE,-,-,Subarnarekha,Subernarekha,Dulung,Dulang,-,Dulang,22.30861111,86.91638889,25-02-2026 10:30,0.5
376,Fekoghat,CWC,19,West Bengal,317,MEDINIPUR,MIDNAPORE,-,-,Subarnarekha,Subernarekha,Dulung,Dulang,-,Dulang,22.30861111,86.91638889,24-03-2026 02:30,89
377,Fekoghat,CWC,19,West Bengal,317,MEDINIPUR,MIDNAPORE,-,-,Subarnarekha,Subernarekha,Dulung,Dulang,-,Dulang,22.30861111,86.91638889,24-03-2026 13:30,246
378,Fekoghat,CWC,19,West Bengal,317,MEDINIPUR,MIDNAPORE,-,-,Subarnarekha,Subernarekha,Dulung,Dulang,-,Dulang,22.30861111,86.91638889,28-03-2026 04:30,5
379,Fekoghat,CWC,19,West Bengal,317,MEDINIPUR,MIDNAPORE,-,-,Subarnarekha,Subernarekha,Dulung,Dulang,-,Dulang,22.30861111,86.91638889,28-03-2026 05:30,4
380,Fekoghat,CWC,19,West Bengal,317,MEDINIPUR,MIDNAPORE,-,-,Subarnarekha,Subernarekha,Dulung,Dulang,-,Dulang,22.30861111,86.91638889,28-03-2026 07:30,4
381,Fekoghat,CWC,19,West Bengal,317,MEDINIPUR,MIDNAPORE,-,-,Subarnarekha,Subernarekha,Dulung,Dulang,-,Dulang,22.30861111,86.91638889,28-03-2026 09:30,4
382,Fekoghat,CWC,19,West Bengal,317,MEDINIPUR,MIDNAPORE,-,-,Subarnarekha,Subernarekha,Dulung,Dulang,-,Dulang,22.30861111,86.91638889,28-03-2026 10:30,4
383,Fekoghat,CWC,19,West Bengal,317,MEDINIPUR,MIDNAPORE,-,-,Subarnarekha,Subernarekha,Dulung,Dulang,-,Dulang,22.30861111,86.91638889,28-03-2026 12:30,4
384,Fekoghat,CWC,19,West Bengal,317,MEDINIPUR,MIDNAPORE,-,-,Subarnarekha,Subernarekha,Dulung,Dulang,-,Dulang,22.30861111,86.91638889,28-03-2026 23:30,8.5
385,Fekoghat,CWC,19,West Bengal,317,MEDINIPUR,MIDNAPORE,-,-,Subarnarekha,Subernarekha,Dulung,Dulang,-,Dulang,22.30861111,86.91638889,29-03-2026 00:30,16.5
386,Fekoghat,CWC,19,West Bengal,317,MEDINIPUR,MIDNAPORE,-,-,Subarnarekha,Subernarekha,Dulung,Dulang,-,Dulang,22.30861111,86.91638889,29-03-2026 01:30,10.5
387,Fekoghat,CWC,19,West Bengal,317,MEDINIPUR,MIDNAPORE,-,-,Subarnarekha,Subernarekha,Dulung,Dulang,-,Dulang,22.30861111,86.91638889,29-03-2026 03:30,10.5
388,Fekoghat,CWC,19,West Bengal,317,MEDINIPUR,MIDNAPORE,-,-,Subarnarekha,Subernarekha,Dulung,Dulang,-,Dulang,22.30861111,86.91638889,29-03-2026 07:30,10.5
389,Fekoghat,CWC,19,West Bengal,317,MEDINIPUR,MIDNAPORE,-,-,Subarnarekha,Subernarekha,Dulung,Dulang,-,Dulang,22.30861111,86.91638889,29-03-2026 09:30,10.5
390,Fekoghat,CWC,19,West Bengal,317,MEDINIPUR,MIDNAPORE,-,-,Subarnarekha,Subernarekha,Dulung,Dulang,-,Dulang,22.30861111,86.91638889,30-03-2026 23:00,3.5
391,Fekoghat,CWC,19,West Bengal,317,MEDINIPUR,MIDNAPORE,-,-,Subarnarekha,Subernarekha,Dulung,Dulang,-,Dulang,22.30861111,86.91638889,31-03-2026 06:30,2
392,Fekoghat,CWC,19,West Bengal,317,MEDINIPUR,MIDNAPORE,-,-,Subarnarekha,Subernarekha,Dulung,Dulang,-,Dulang,22.30861111,86.91638889,31-03-2026 07:30,2
393,Fekoghat,CWC,19,West Bengal,317,MEDINIPUR,MIDNAPORE,-,-,Subarnarekha,Subernarekha,Dulung,Dulang,-,Dulang,22.30861111,86.91638889,05-04-2026 17:30,1.5
394,Fekoghat,CWC,19,West Bengal,317,MEDINIPUR,MIDNAPORE,-,-,Subarnarekha,Subernarekha,Dulung,Dulang,-,Dulang,22.30861111,86.91638889,05-04-2026 18:30,2.5
395,Fekoghat,CWC,19,West Bengal,317,MEDINIPUR,MIDNAPORE,-,-,Subarnarekha,Subernarekha,Dulung,Dulang,-,Dulang,22.30861111,86.91638889,05-04-2026 19:30,3
396,Fekoghat,CWC,19,West Bengal,317,MEDINIPUR,MIDNAPORE,-,-,Subarnarekha,Subernarekha,Dulung,Dulang,-,Dulang,22.30861111,86.91638889,05-04-2026 20:30,0.5
397,Fekoghat,CWC,19,West Bengal,317,MEDINIPUR,MIDNAPORE,-,-,Subarnarekha,Subernarekha,Dulung,Dulang,-,Dulang,22.30861111,86.91638889,05-04-2026 21:30,0.5
398,Fekoghat,CWC,19,West Bengal,317,MEDINIPUR,MIDNAPORE,-,-,Subarnarekha,Subernarekha,Dulung,Dulang,-,Dulang,22.30861111,86.91638889,05-04-2026 22:30,0.5
399,Fekoghat,CWC,19,West Bengal,317,MEDINIPUR,MIDNAPORE,-,-,Subarnarekha,Subernarekha,Dulung,Dulang,-,Dulang,22.30861111,86.91638889,06-04-2026 00:30,3.5
400,Fekoghat,CWC,19,West Bengal,317,MEDINIPUR,MIDNAPORE,-,-,Subarnarekha,Subernarekha,Dulung,Dulang,-,Dulang,22.30861111,86.91638889,06-04-2026 01:30,3.5
401,Fekoghat,CWC,19,West Bengal,317,MEDINIPUR,MIDNAPORE,-,-,Subarnarekha,Subernarekha,Dulung,Dulang,-,Dulang,22.30861111,86.91638889,06-04-2026 03:30,3.5
402,Fekoghat,CWC,19,West Bengal,317,MEDINIPUR,MIDNAPORE,-,-,Subarnarekha,Subernarekha,Dulung,Dulang,-,Dulang,22.30861111,86.91638889,06-04-2026 08:30,3.5
403,Fekoghat,CWC,19,West Bengal,317,MEDINIPUR,MIDNAPORE,-,-,Subarnarekha,Subernarekha,Dulung,Dulang,-,Dulang,22.30861111,86.91638889,06-04-2026 09:30,3.5
404,Fekoghat,CWC,19,West Bengal,317,MEDINIPUR,MIDNAPORE,-,-,Subarnarekha,Subernarekha,Dulung,Dulang,-,Dulang,22.30861111,86.91638889,06-04-2026 10:30,3.5
405,Fekoghat,CWC,19,West Bengal,317,MEDINIPUR,MIDNAPORE,-,-,Subarnarekha,Subernarekha,Dulung,Dulang,-,Dulang,22.30861111,86.91638889,06-04-2026 12:30,3.5
406,Fekoghat,CWC,19,West Bengal,317,MEDINIPUR,MIDNAPORE,-,-,Subarnarekha,Subernarekha,Dulung,Dulang,-,Dulang,22.30861111,86.91638889,07-04-2026 00:30,0.5
407,Fekoghat,CWC,19,West Bengal,317,MEDINIPUR,MIDNAPORE,-,-,Subarnarekha,Subernarekha,Dulung,Dulang,-,Dulang,22.30861111,86.91638889,07-04-2026 01:30,10.5
408,Fekoghat,CWC,19,West Bengal,317,MEDINIPUR,MIDNAPORE,-,-,Subarnarekha,Subernarekha,Dulung,Dulang,-,Dulang,22.30861111,86.91638889,07-04-2026 02:30,1
409,Fekoghat,CWC,19,West Bengal,317,MEDINIPUR,MIDNAPORE,-,-,Subarnarekha,Subernarekha,Dulung,Dulang,-,Dulang,22.30861111,86.91638889,07-04-2026 05:30,6
410,Fekoghat,CWC,19,West Bengal,317,MEDINIPUR,MIDNAPORE,-,-,Subarnarekha,Subernarekha,Dulung,Dulang,-,Dulang,22.30861111,86.91638889,07-04-2026 09:30,6
411,Fekoghat,CWC,19,West Bengal,317,MEDINIPUR,MIDNAPORE,-,-,Subarnarekha,Subernarekha,Dulung,Dulang,-,Dulang,22.30861111,86.91638889,07-04-2026 12:30,6
412,Fekoghat,CWC,19,West Bengal,317,MEDINIPUR,MIDNAPORE,-,-,Subarnarekha,Subernarekha,Dulung,Dulang,-,Dulang,22.30861111,86.91638889,07-04-2026 23:30,1
413,Fekoghat,CWC,19,West Bengal,317,MEDINIPUR,MIDNAPORE,-,-,Subarnarekha,Subernarekha,Dulung,Dulang,-,Dulang,22.30861111,86.91638889,08-04-2026 00:30,0.5
414,Fekoghat,CWC,19,West Bengal,317,MEDINIPUR,MIDNAPORE,-,-,Subarnarekha,Subernarekha,Dulung,Dulang,-,Dulang,22.30861111,86.91638889,08-04-2026 01:30,0.5
415,Fekoghat,CWC,19,West Bengal,317,MEDINIPUR,MIDNAPORE,-,-,Subarnarekha,Subernarekha,Dulung,Dulang,-,Dulang,22.30861111,86.91638889,08-04-2026 05:30,1
416,Fekoghat,CWC,19,West Bengal,317,MEDINIPUR,MIDNAPORE,-,-,Subarnarekha,Subernarekha,Dulung,Dulang,-,Dulang,22.30861111,86.91638889,08-04-2026 10:30,4.5
417,Fekoghat,CWC,19,West Bengal,317,MEDINIPUR,MIDNAPORE,-,-,Subarnarekha,Subernarekha,Dulung,Dulang,-,Dulang,22.30861111,86.91638889,08-04-2026 11:30,4.5
418,Fekoghat,CWC,19,West Bengal,317,MEDINIPUR,MIDNAPORE,-,-,Subarnarekha,Subernarekha,Dulung,Dulang,-,Dulang,22.30861111,86.91638889,09-04-2026 11:30,1.5
419,Fekoghat,CWC,19,West Bengal,317,MEDINIPUR,MIDNAPORE,-,-,Subarnarekha,Subernarekha,Dulung,Dulang,-,Dulang,22.30861111,86.91638889,09-04-2026 12:30,2.5
420,Fekoghat,CWC,19,West Bengal,317,MEDINIPUR,MIDNAPORE,-,-,Subarnarekha,Subernarekha,Dulung,Dulang,-,Dulang,22.30861111,86.91638889,09-04-2026 13:30,9
421,Fekoghat,CWC,19,West Bengal,317,MEDINIPUR,MIDNAPORE,-,-,Subarnarekha,Subernarekha,Dulung,Dulang,-,Dulang,22.30861111,86.91638889,17-04-2026 01:30,7.5
422,Fekoghat,CWC,19,West Bengal,317,MEDINIPUR,MIDNAPORE,-,-,Subarnarekha,Subernarekha,Dulung,Dulang,-,Dulang,22.30861111,86.91638889,17-04-2026 03:30,7.5
423,Fekoghat,CWC,19,West Bengal,317,MEDINIPUR,MIDNAPORE,-,-,Subarnarekha,Subernarekha,Dulung,Dulang,-,Dulang,22.30861111,86.91638889,17-04-2026 09:30,7.5
424,Fekoghat,CWC,19,West Bengal,317,MEDINIPUR,MIDNAPORE,-,-,Subarnarekha,Subernarekha,Dulung,Dulang,-,Dulang,22.30861111,86.91638889,17-04-2026 10:30,7.5
425,Fekoghat,CWC,19,West Bengal,317,MEDINIPUR,MIDNAPORE,-,-,Subarnarekha,Subernarekha,Dulung,Dulang,-,Dulang,22.30861111,86.91638889,17-04-2026 11:30,7.5
426,Fekoghat,CWC,19,West Bengal,317,MEDINIPUR,MIDNAPORE,-,-,Subarnarekha,Subernarekha,Dulung,Dulang,-,Dulang,22.30861111,86.91638889,21-04-2026 03:30,1
427,Fekoghat,CWC,19,West Bengal,317,MEDINIPUR,MIDNAPORE,-,-,Subarnarekha,Subernarekha,Dulung,Dulang,-,Dulang,22.30861111,86.91638889,21-04-2026 04:30,0.5
428,Fekoghat,CWC,19,West Bengal,317,MEDINIPUR,MIDNAPORE,-,-,Subarnarekha,Subernarekha,Dulung,Dulang,-,Dulang,22.30861111,86.91638889,21-04-2026 07:30,1
429,Fekoghat,CWC,19,West Bengal,317,MEDINIPUR,MIDNAPORE,-,-,Subarnarekha,Subernarekha,Dulung,Dulang,-,Dulang,22.30861111,86.91638889,21-04-2026 09:30,1
430,Fekoghat,CWC,19,West Bengal,317,MEDINIPUR,MIDNAPORE,-,-,Subarnarekha,Subernarekha,Dulung,Dulang,-,Dulang,22.30861111,86.91638889,23-04-2026 05:30,90.5
431,Fekoghat,CWC,19,West Bengal,317,MEDINIPUR,MIDNAPORE,-,-,Subarnarekha,Subernarekha,Dulung,Dulang,-,Dulang,22.30861111,86.91638889,29-04-2026 14:30,0.5
432,Fekoghat,CWC,19,West Bengal,317,MEDINIPUR,MIDNAPORE,-,-,Subarnarekha,Subernarekha,Dulung,Dulang,-,Dulang,22.30861111,86.91638889,29-04-2026 16:30,0.5
433,Fekoghat,CWC,19,West Bengal,317,MEDINIPUR,MIDNAPORE,-,-,Subarnarekha,Subernarekha,Dulung,Dulang,-,Dulang,22.30861111,86.91638889,30-04-2026 00:30,7.5
434,Fekoghat,CWC,19,West Bengal,317,MEDINIPUR,MIDNAPORE,-,-,Subarnarekha,Subernarekha,Dulung,Dulang,-,Dulang,22.30861111,86.91638889,30-04-2026 01:30,14
435,Fekoghat,CWC,19,West Bengal,317,MEDINIPUR,MIDNAPORE,-,-,Subarnarekha,Subernarekha,Dulung,Dulang,-,Dulang,22.30861111,86.91638889,30-04-2026 02:30,2
436,Fekoghat,CWC,19,West Bengal,317,MEDINIPUR,MIDNAPORE,-,-,Subarnarekha,Subernarekha,Dulung,Dulang,-,Dulang,22.30861111,86.91638889,30-04-2026 03:30,1
437,Fekoghat,CWC,19,West Bengal,317,MEDINIPUR,MIDNAPORE,-,-,Subarnarekha,Subernarekha,Dulung,Dulang,-,Dulang,22.30861111,86.91638889,30-04-2026 04:30,0.5
438,Fekoghat,CWC,19,West Bengal,317,MEDINIPUR,MIDNAPORE,-,-,Subarnarekha,Subernarekha,Dulung,Dulang,-,Dulang,22.30861111,86.91638889,30-04-2026 05:30,0.5
439,Fekoghat,CWC,19,West Bengal,317,MEDINIPUR,MIDNAPORE,-,-,Subarnarekha,Subernarekha,Dulung,Dulang,-,Dulang,22.30861111,86.91638889,30-04-2026 06:30,9.5
440,Fekoghat,CWC,19,West Bengal,317,MEDINIPUR,MIDNAPORE,-,-,Subarnarekha,Subernarekha,Dulung,Dulang,-,Dulang,22.30861111,86.91638889,30-04-2026 07:30,0.5
441,Fekoghat,CWC,19,West Bengal,317,MEDINIPUR,MIDNAPORE,-,-,Subarnarekha,Subernarekha,Dulung,Dulang,-,Dulang,22.30861111,86.91638889,01-05-2026 09:30,0.5
442,Fekoghat,CWC,19,West Bengal,317,MEDINIPUR,MIDNAPORE,-,-,Subarnarekha,Subernarekha,Dulung,Dulang,-,Dulang,22.30861111,86.91638889,01-05-2026 14:30,0.5
443,Fekoghat,CWC,19,West Bengal,317,MEDINIPUR,MIDNAPORE,-,-,Subarnarekha,Subernarekha,Dulung,Dulang,-,Dulang,22.30861111,86.91638889,02-05-2026 10:30,0.5
444,Fekoghat,CWC,19,West Bengal,317,MEDINIPUR,MIDNAPORE,-,-,Subarnarekha,Subernarekha,Dulung,Dulang,-,Dulang,22.30861111,86.91638889,02-05-2026 11:30,1
445,Fekoghat,CWC,19,West Bengal,317,MEDINIPUR,MIDNAPORE,-,-,Subarnarekha,Subernarekha,Dulung,Dulang,-,Dulang,22.30861111,86.91638889,02-05-2026 17:30,0.5
446,Fekoghat,CWC,19,West Bengal,317,MEDINIPUR,MIDNAPORE,-,-,Subarnarekha,Subernarekha,Dulung,Dulang,-,Dulang,22.30861111,86.91638889,02-05-2026 18:30,0.5
447,Fekoghat,CWC,19,West Bengal,317,MEDINIPUR,MIDNAPORE,-,-,Subarnarekha,Subernarekha,Dulung,Dulang,-,Dulang,22.30861111,86.91638889,02-05-2026 20:30,0.5
448,Fekoghat,CWC,19,West Bengal,317,MEDINIPUR,MIDNAPORE,-,-,Subarnarekha,Subernarekha,Dulung,Dulang,-,Dulang,22.30861111,86.91638889,02-05-2026 22:30,0.5
449,Fekoghat,CWC,19,West Bengal,317,MEDINIPUR,MIDNAPORE,-,-,Subarnarekha,Subernarekha,Dulung,Dulang,-,Dulang,22.30861111,86.91638889,02-05-2026 23:30,0.5
450,Fekoghat,CWC,19,West Bengal,317,MEDINIPUR,MIDNAPORE,-,-,Subarnarekha,Subernarekha,Dulung,Dulang,-,Dulang,22.30861111,86.91638889,03-05-2026 01:30,0.5
451,Fekoghat,CWC,19,West Bengal,317,MEDINIPUR,MIDNAPORE,-,-,Subarnarekha,Subernarekha,Dulung,Dulang,-,Dulang,22.30861111,86.91638889,03-05-2026 03:30,0.5
452,Fekoghat,CWC,19,West Bengal,317,MEDINIPUR,MIDNAPORE,-,-,Subarnarekha,Subernarekha,Dulung,Dulang,-,Dulang,22.30861111,86.91638889,03-05-2026 04:30,0.5
453,Fekoghat,CWC,19,West Bengal,317,MEDINIPUR,MIDNAPORE,-,-,Subarnarekha,Subernarekha,Dulung,Dulang,-,Dulang,22.30861111,86.91638889,03-05-2026 08:30,1
454,Fekoghat,CWC,19,West Bengal,317,MEDINIPUR,MIDNAPORE,-,-,Subarnarekha,Subernarekha,Dulung,Dulang,-,Dulang,22.30861111,86.91638889,03-05-2026 09:30,1
455,Fekoghat,CWC,19,West Bengal,317,MEDINIPUR,MIDNAPORE,-,-,Subarnarekha,Subernarekha,Dulung,Dulang,-,Dulang,22.30861111,86.91638889,10-05-2026 09:30,0.5
456,Fekoghat,CWC,19,West Bengal,317,MEDINIPUR,MIDNAPORE,-,-,Subarnarekha,Subernarekha,Dulung,Dulang,-,Dulang,22.30861111,86.91638889,15-05-2026 23:30,0.5
457,Fekoghat,CWC,19,West Bengal,317,MEDINIPUR,MIDNAPORE,-,-,Subarnarekha,Subernarekha,Dulung,Dulang,-,Dulang,22.30861111,86.91638889,16-05-2026 00:30,2.5
458,Fekoghat,CWC,19,West Bengal,317,MEDINIPUR,MIDNAPORE,-,-,Subarnarekha,Subernarekha,Dulung,Dulang,-,Dulang,22.30861111,86.91638889,16-05-2026 01:30,2.5
459,Fekoghat,CWC,19,West Bengal,317,MEDINIPUR,MIDNAPORE,-,-,Subarnarekha,Subernarekha,Dulung,Dulang,-,Dulang,22.30861111,86.91638889,16-05-2026 02:30,1.5
460,Fekoghat,CWC,19,West Bengal,317,MEDINIPUR,MIDNAPORE,-,-,Subarnarekha,Subernarekha,Dulung,Dulang,-,Dulang,22.30861111,86.91638889,16-05-2026 03:30,2.5
461,Fekoghat,CWC,19,West Bengal,317,MEDINIPUR,MIDNAPORE,-,-,Subarnarekha,Subernarekha,Dulung,Dulang,-,Dulang,22.30861111,86.91638889,16-05-2026 04:30,2.5
462,Fekoghat,CWC,19,West Bengal,317,MEDINIPUR,MIDNAPORE,-,-,Subarnarekha,Subernarekha,Dulung,Dulang,-,Dulang,22.30861111,86.91638889,16-05-2026 05:30,2.5
463,Fekoghat,CWC,19,West Bengal,317,MEDINIPUR,MIDNAPORE,-,-,Subarnarekha,Subernarekha,Dulung,Dulang,-,Dulang,22.30861111,86.91638889,16-05-2026 06:30,2.5
464,Fekoghat,CWC,19,West Bengal,317,MEDINIPUR,MIDNAPORE,-,-,Subarnarekha,Subernarekha,Dulung,Dulang,-,Dulang,22.30861111,86.91638889,16-05-2026 07:30,2.5
465,Fekoghat,CWC,19,West Bengal,317,MEDINIPUR,MIDNAPORE,-,-,Subarnarekha,Subernarekha,Dulung,Dulang,-,Dulang,22.30861111,86.91638889,16-05-2026 09:30,2.5
466,Fekoghat,CWC,19,West Bengal,317,MEDINIPUR,MIDNAPORE,-,-,Subarnarekha,Subernarekha,Dulung,Dulang,-,Dulang,22.30861111,86.91638889,16-05-2026 10:30,2.5
467,Fekoghat,CWC,19,West Bengal,317,MEDINIPUR,MIDNAPORE,-,-,Subarnarekha,Subernarekha,Dulung,Dulang,-,Dulang,22.30861111,86.91638889,16-05-2026 11:30,2.5
468,Fekoghat,CWC,19,West Bengal,317,MEDINIPUR,MIDNAPORE,-,-,Subarnarekha,Subernarekha,Dulung,Dulang,-,Dulang,22.30861111,86.91638889,16-05-2026 12:30,2.5
469,Fekoghat,CWC,19,West Bengal,317,MEDINIPUR,MIDNAPORE,-,-,Subarnarekha,Subernarekha,Dulung,Dulang,-,Dulang,22.30861111,86.91638889,26-05-2026 01:30,0.5
470,Fekoghat,CWC,19,West Bengal,317,MEDINIPUR,MIDNAPORE,-,-,Subarnarekha,Subernarekha,Dulung,Dulang,-,Dulang,22.30861111,86.91638889,26-05-2026 09:30,0.5
471,Fekoghat,CWC,19,West Bengal,317,MEDINIPUR,MIDNAPORE,-,-,Subarnarekha,Subernarekha,Dulung,Dulang,-,Dulang,22.30861111,86.91638889,26-05-2026 12:30,0.5
472,Fekoghat,CWC,19,West Bengal,317,MEDINIPUR,MIDNAPORE,-,-,Subarnarekha,Subernarekha,Dulung,Dulang,-,Dulang,22.30861111,86.91638889,29-05-2026 19:30,1
473,Fekoghat,CWC,19,West Bengal,317,MEDINIPUR,MIDNAPORE,-,-,Subarnarekha,Subernarekha,Dulung,Dulang,-,Dulang,22.30861111,86.91638889,29-05-2026 20:30,1
474,Fekoghat,CWC,19,West Bengal,317,MEDINIPUR,MIDNAPORE,-,-,Subarnarekha,Subernarekha,Dulung,Dulang,-,Dulang,22.30861111,86.91638889,29-05-2026 21:30,0.5
475,Fekoghat,CWC,19,West Bengal,317,MEDINIPUR,MIDNAPORE,-,-,Subarnarekha,Subernarekha,Dulung,Dulang,-,Dulang,22.30861111,86.91638889,29-05-2026 22:30,1.5
476,Fekoghat,CWC,19,West Bengal,317,MEDINIPUR,MIDNAPORE,-,-,Subarnarekha,Subernarekha,Dulung,Dulang,-,Dulang,22.30861111,86.91638889,30-05-2026 00:30,1
477,Fekoghat,CWC,19,West Bengal,317,MEDINIPUR,MIDNAPORE,-,-,Subarnarekha,Subernarekha,Dulung,Dulang,-,Dulang,22.30861111,86.91638889,30-05-2026 01:30,1
478,Fekoghat,CWC,19,West Bengal,317,MEDINIPUR,MIDNAPORE,-,-,Subarnarekha,Subernarekha,Dulung,Dulang,-,Dulang,22.30861111,86.91638889,30-05-2026 02:30,0.5
479,Fekoghat,CWC,19,West Bengal,317,MEDINIPUR,MIDNAPORE,-,-,Subarnarekha,Subernarekha,Dulung,Dulang,-,Dulang,22.30861111,86.91638889,30-05-2026 03:30,0.5
480,Fekoghat,CWC,19,West Bengal,317,MEDINIPUR,MIDNAPORE,-,-,Subarnarekha,Subernarekha,Dulung,Dulang,-,Dulang,22.30861111,86.91638889,30-05-2026 04:30,0.5
481,Fekoghat,CWC,19,West Bengal,317,MEDINIPUR,MIDNAPORE,-,-,Subarnarekha,Subernarekha,Dulung,Dulang,-,Dulang,22.30861111,86.91638889,30-05-2026 06:30,0.5
482,Fekoghat,CWC,19,West Bengal,317,MEDINIPUR,MIDNAPORE,-,-,Subarnarekha,Subernarekha,Dulung,Dulang,-,Dulang,22.30861111,86.91638889,30-05-2026 09:30,4
483,Fekoghat,CWC,19,West Bengal,317,MEDINIPUR,MIDNAPORE,-,-,Subarnarekha,Subernarekha,Dulung,Dulang,-,Dulang,22.30861111,86.91638889,30-05-2026 10:30,4
484,Fekoghat,CWC,19,West Bengal,317,MEDINIPUR,MIDNAPORE,-,-,Subarnarekha,Subernarekha,Dulung,Dulang,-,Dulang,22.30861111,86.91638889,30-05-2026 23:30,0.5
485,Fekoghat,CWC,19,West Bengal,317,MEDINIPUR,MIDNAPORE,-,-,Subarnarekha,Subernarekha,Dulung,Dulang,-,Dulang,22.30861111,86.91638889,31-05-2026 00:30,0.5
486,Fekoghat,CWC,19,West Bengal,317,MEDINIPUR,MIDNAPORE,-,-,Subarnarekha,Subernarekha,Dulung,Dulang,-,Dulang,22.30861111,86.91638889,31-05-2026 01:30,0.5
487,Fekoghat,CWC,19,West Bengal,317,MEDINIPUR,MIDNAPORE,-,-,Subarnarekha,Subernarekha,Dulung,Dulang,-,Dulang,22.30861111,86.91638889,31-05-2026 02:30,0.5
488,Fekoghat,CWC,19,West Bengal,317,MEDINIPUR,MIDNAPORE,-,-,Subarnarekha,Subernarekha,Dulung,Dulang,-,Dulang,22.30861111,86.91638889,31-05-2026 03:30,0.5
489,Fekoghat,CWC,19,West Bengal,317,MEDINIPUR,MIDNAPORE,-,-,Subarnarekha,Subernarekha,Dulung,Dulang,-,Dulang,22.30861111,86.91638889,31-05-2026 04:30,0.5
490,Fekoghat,CWC,19,West Bengal,317,MEDINIPUR,MIDNAPORE,-,-,Subarnarekha,Subernarekha,Dulung,Dulang,-,Dulang,22.30861111,86.91638889,31-05-2026 06:30,0.5
491,Fekoghat,CWC,19,West Bengal,317,MEDINIPUR,MIDNAPORE,-,-,Subarnarekha,Subernarekha,Dulung,Dulang,-,Dulang,22.30861111,86.91638889,02-06-2026 20:30,0.5
492,Fekoghat,CWC,19,West Bengal,317,MEDINIPUR,MIDNAPORE,-,-,Subarnarekha,Subernarekha,Dulung,Dulang,-,Dulang,22.30861111,86.91638889,02-06-2026 22:30,0.5
493,Fekoghat,CWC,19,West Bengal,317,MEDINIPUR,MIDNAPORE,-,-,Subarnarekha,Subernarekha,Dulung,Dulang,-,Dulang,22.30861111,86.91638889,03-06-2026 02:30,0.5
494,Fekoghat,CWC,19,West Bengal,317,MEDINIPUR,MIDNAPORE,-,-,Subarnarekha,Subernarekha,Dulung,Dulang,-,Dulang,22.30861111,86.91638889,03-06-2026 03:30,0.5
495,Fekoghat,CWC,19,West Bengal,317,MEDINIPUR,MIDNAPORE,-,-,Subarnarekha,Subernarekha,Dulung,Dulang,-,Dulang,22.30861111,86.91638889,03-06-2026 05:30,0.5
496,Fekoghat,CWC,19,West Bengal,317,MEDINIPUR,MIDNAPORE,-,-,Subarnarekha,Subernarekha,Dulung,Dulang,-,Dulang,22.30861111,86.91638889,03-06-2026 06:30,0.5
497,GHEROPARA,CWC,19,West Bengal,307,BIRBHUM,BOLPUR-SRINIKETAN,-,-,Ganga,Ganga,Bhagirathi-II (WB)*,Ajoy,-,Ajoy,23.61805556,87.70305556,04-01-2026 02:00,10
498,GHEROPARA,CWC,19,West Bengal,307,BIRBHUM,BOLPUR-SRINIKETAN,-,-,Ganga,Ganga,Bhagirathi-II (WB)*,Ajoy,-,Ajoy,23.61805556,87.70305556,12-01-2026 05:00,1
499,GHEROPARA,CWC,19,West Bengal,307,BIRBHUM,BOLPUR-SRINIKETAN,-,-,Ganga,Ganga,Bhagirathi-II (WB)*,Ajoy,-,Ajoy,23.61805556,87.70305556,12-01-2026 08:00,1
500,GHEROPARA,CWC,19,West Bengal,307,BIRBHUM,BOLPUR-SRINIKETAN,-,-,Ganga,Ganga,Bhagirathi-II (WB)*,Ajoy,-,Ajoy,23.61805556,87.70305556,13-01-2026 02:00,1
501,GHEROPARA,CWC,19,West Bengal,307,BIRBHUM,BOLPUR-SRINIKETAN,-,-,Ganga,Ganga,Bhagirathi-II (WB)*,Ajoy,-,Ajoy,23.61805556,87.70305556,14-01-2026 10:00,96
502,GHEROPARA,CWC,19,West Bengal,307,BIRBHUM,BOLPUR-SRINIKETAN,-,-,Ganga,Ganga,Bhagirathi-II (WB)*,Ajoy,-,Ajoy,23.61805556,87.70305556,02-02-2026 17:30,3
503,GHEROPARA,CWC,19,West Bengal,307,BIRBHUM,BOLPUR-SRINIKETAN,-,-,Ganga,Ganga,Bhagirathi-II (WB)*,Ajoy,-,Ajoy,23.61805556,87.70305556,03-02-2026 05:00,202
504,GHEROPARA,CWC,19,West Bengal,307,BIRBHUM,BOLPUR-SRINIKETAN,-,-,Ganga,Ganga,Bhagirathi-II (WB)*,Ajoy,-,Ajoy,23.61805556,87.70305556,08-02-2026 13:00,506
505,GHEROPARA,CWC,19,West Bengal,307,BIRBHUM,BOLPUR-SRINIKETAN,-,-,Ganga,Ganga,Bhagirathi-II (WB)*,Ajoy,-,Ajoy,23.61805556,87.70305556,17-02-2026 00:00,10
506,GHEROPARA,CWC,19,West Bengal,307,BIRBHUM,BOLPUR-SRINIKETAN,-,-,Ganga,Ganga,Bhagirathi-II (WB)*,Ajoy,-,Ajoy,23.61805556,87.70305556,20-02-2026 14:00,0.5
507,GHEROPARA,CWC,19,West Bengal,307,BIRBHUM,BOLPUR-SRINIKETAN,-,-,Ganga,Ganga,Bhagirathi-II (WB)*,Ajoy,-,Ajoy,23.61805556,87.70305556,22-02-2026 08:00,184
508,GHEROPARA,CWC,19,West Bengal,307,BIRBHUM,BOLPUR-SRINIKETAN,-,-,Ganga,Ganga,Bhagirathi-II (WB)*,Ajoy,-,Ajoy,23.61805556,87.70305556,23-02-2026 23:00,0.5
509,GHEROPARA,CWC,19,West Bengal,307,BIRBHUM,BOLPUR-SRINIKETAN,-,-,Ganga,Ganga,Bhagirathi-II (WB)*,Ajoy,-,Ajoy,23.61805556,87.70305556,27-02-2026 09:00,258
510,GHEROPARA,CWC,19,West Bengal,307,BIRBHUM,BOLPUR-SRINIKETAN,-,-,Ganga,Ganga,Bhagirathi-II (WB)*,Ajoy,-,Ajoy,23.61805556,87.70305556,24-03-2026 08:00,506
511,GHEROPARA,CWC,19,West Bengal,307,BIRBHUM,BOLPUR-SRINIKETAN,-,-,Ganga,Ganga,Bhagirathi-II (WB)*,Ajoy,-,Ajoy,23.61805556,87.70305556,24-03-2026 09:00,239
512,GHEROPARA,CWC,19,West Bengal,307,BIRBHUM,BOLPUR-SRINIKETAN,-,-,Ganga,Ganga,Bhagirathi-II (WB)*,Ajoy,-,Ajoy,23.61805556,87.70305556,25-03-2026 12:00,1.5
513,GHEROPARA,CWC,19,West Bengal,307,BIRBHUM,BOLPUR-SRINIKETAN,-,-,Ganga,Ganga,Bhagirathi-II (WB)*,Ajoy,-,Ajoy,23.61805556,87.70305556,25-03-2026 14:00,7.5
514,GHEROPARA,CWC,19,West Bengal,307,BIRBHUM,BOLPUR-SRINIKETAN,-,-,Ganga,Ganga,Bhagirathi-II (WB)*,Ajoy,-,Ajoy,23.61805556,87.70305556,27-03-2026 06:00,0.5
515,GHEROPARA,CWC,19,West Bengal,307,BIRBHUM,BOLPUR-SRINIKETAN,-,-,Ganga,Ganga,Bhagirathi-II (WB)*,Ajoy,-,Ajoy,23.61805556,87.70305556,28-03-2026 04:30,6
516,GHEROPARA,CWC,19,West Bengal,307,BIRBHUM,BOLPUR-SRINIKETAN,-,-,Ganga,Ganga,Bhagirathi-II (WB)*,Ajoy,-,Ajoy,23.61805556,87.70305556,28-03-2026 11:00,144
517,GHEROPARA,CWC,19,West Bengal,307,BIRBHUM,BOLPUR-SRINIKETAN,-,-,Ganga,Ganga,Bhagirathi-II (WB)*,Ajoy,-,Ajoy,23.61805556,87.70305556,29-03-2026 15:00,48
518,GHEROPARA,CWC,19,West Bengal,307,BIRBHUM,BOLPUR-SRINIKETAN,-,-,Ganga,Ganga,Bhagirathi-II (WB)*,Ajoy,-,Ajoy,23.61805556,87.70305556,29-03-2026 16:00,64.5
519,GHEROPARA,CWC,19,West Bengal,307,BIRBHUM,BOLPUR-SRINIKETAN,-,-,Ganga,Ganga,Bhagirathi-II (WB)*,Ajoy,-,Ajoy,23.61805556,87.70305556,31-03-2026 02:00,393
520,GHEROPARA,CWC,19,West Bengal,307,BIRBHUM,BOLPUR-SRINIKETAN,-,-,Ganga,Ganga,Bhagirathi-II (WB)*,Ajoy,-,Ajoy,23.61805556,87.70305556,31-03-2026 03:00,1
521,GHEROPARA,CWC,19,West Bengal,307,BIRBHUM,BOLPUR-SRINIKETAN,-,-,Ganga,Ganga,Bhagirathi-II (WB)*,Ajoy,-,Ajoy,23.61805556,87.70305556,31-03-2026 04:00,1
522,GHEROPARA,CWC,19,West Bengal,307,BIRBHUM,BOLPUR-SRINIKETAN,-,-,Ganga,Ganga,Bhagirathi-II (WB)*,Ajoy,-,Ajoy,23.61805556,87.70305556,31-03-2026 06:00,1
523,GHEROPARA,CWC,19,West Bengal,307,BIRBHUM,BOLPUR-SRINIKETAN,-,-,Ganga,Ganga,Bhagirathi-II (WB)*,Ajoy,-,Ajoy,23.61805556,87.70305556,31-03-2026 08:00,1
524,GHEROPARA,CWC,19,West Bengal,307,BIRBHUM,BOLPUR-SRINIKETAN,-,-,Ganga,Ganga,Bhagirathi-II (WB)*,Ajoy,-,Ajoy,23.61805556,87.70305556,31-03-2026 09:00,1
525,GHEROPARA,CWC,19,West Bengal,307,BIRBHUM,BOLPUR-SRINIKETAN,-,-,Ganga,Ganga,Bhagirathi-II (WB)*,Ajoy,-,Ajoy,23.61805556,87.70305556,31-03-2026 11:00,1
526,GHEROPARA,CWC,19,West Bengal,307,BIRBHUM,BOLPUR-SRINIKETAN,-,-,Ganga,Ganga,Bhagirathi-II (WB)*,Ajoy,-,Ajoy,23.61805556,87.70305556,31-03-2026 12:00,1
527,GHEROPARA,CWC,19,West Bengal,307,BIRBHUM,BOLPUR-SRINIKETAN,-,-,Ganga,Ganga,Bhagirathi-II (WB)*,Ajoy,-,Ajoy,23.61805556,87.70305556,31-03-2026 13:00,1
528,GHEROPARA,CWC,19,West Bengal,307,BIRBHUM,BOLPUR-SRINIKETAN,-,-,Ganga,Ganga,Bhagirathi-II (WB)*,Ajoy,-,Ajoy,23.61805556,87.70305556,31-03-2026 15:00,1
529,GHEROPARA,CWC,19,West Bengal,307,BIRBHUM,BOLPUR-SRINIKETAN,-,-,Ganga,Ganga,Bhagirathi-II (WB)*,Ajoy,-,Ajoy,23.61805556,87.70305556,31-03-2026 16:00,1
530,GHEROPARA,CWC,19,West Bengal,307,BIRBHUM,BOLPUR-SRINIKETAN,-,-,Ganga,Ganga,Bhagirathi-II (WB)*,Ajoy,-,Ajoy,23.61805556,87.70305556,31-03-2026 17:00,1
531,GHEROPARA,CWC,19,West Bengal,307,BIRBHUM,BOLPUR-SRINIKETAN,-,-,Ganga,Ganga,Bhagirathi-II (WB)*,Ajoy,-,Ajoy,23.61805556,87.70305556,31-03-2026 18:00,1
532,GHEROPARA,CWC,19,West Bengal,307,BIRBHUM,BOLPUR-SRINIKETAN,-,-,Ganga,Ganga,Bhagirathi-II (WB)*,Ajoy,-,Ajoy,23.61805556,87.70305556,31-03-2026 19:00,1
533,GHEROPARA,CWC,19,West Bengal,307,BIRBHUM,BOLPUR-SRINIKETAN,-,-,Ganga,Ganga,Bhagirathi-II (WB)*,Ajoy,-,Ajoy,23.61805556,87.70305556,31-03-2026 20:00,1
534,GHEROPARA,CWC,19,West Bengal,307,BIRBHUM,BOLPUR-SRINIKETAN,-,-,Ganga,Ganga,Bhagirathi-II (WB)*,Ajoy,-,Ajoy,23.61805556,87.70305556,31-03-2026 21:00,1
535,GHEROPARA,CWC,19,West Bengal,307,BIRBHUM,BOLPUR-SRINIKETAN,-,-,Ganga,Ganga,Bhagirathi-II (WB)*,Ajoy,-,Ajoy,23.61805556,87.70305556,31-03-2026 22:00,1
536,GHEROPARA,CWC,19,West Bengal,307,BIRBHUM,BOLPUR-SRINIKETAN,-,-,Ganga,Ganga,Bhagirathi-II (WB)*,Ajoy,-,Ajoy,23.61805556,87.70305556,31-03-2026 23:00,1
537,GHEROPARA,CWC,19,West Bengal,307,BIRBHUM,BOLPUR-SRINIKETAN,-,-,Ganga,Ganga,Bhagirathi-II (WB)*,Ajoy,-,Ajoy,23.61805556,87.70305556,03-04-2026 12:00,144
538,GHEROPARA,CWC,19,West Bengal,307,BIRBHUM,BOLPUR-SRINIKETAN,-,-,Ganga,Ganga,Bhagirathi-II (WB)*,Ajoy,-,Ajoy,23.61805556,87.70305556,05-04-2026 03:00,0.5
539,GHEROPARA,CWC,19,West Bengal,307,BIRBHUM,BOLPUR-SRINIKETAN,-,-,Ganga,Ganga,Bhagirathi-II (WB)*,Ajoy,-,Ajoy,23.61805556,87.70305556,05-04-2026 04:00,0.5
540,GHEROPARA,CWC,19,West Bengal,307,BIRBHUM,BOLPUR-SRINIKETAN,-,-,Ganga,Ganga,Bhagirathi-II (WB)*,Ajoy,-,Ajoy,23.61805556,87.70305556,05-04-2026 05:00,0.5
541,GHEROPARA,CWC,19,West Bengal,307,BIRBHUM,BOLPUR-SRINIKETAN,-,-,Ganga,Ganga,Bhagirathi-II (WB)*,Ajoy,-,Ajoy,23.61805556,87.70305556,05-04-2026 08:00,1
542,GHEROPARA,CWC,19,West Bengal,307,BIRBHUM,BOLPUR-SRINIKETAN,-,-,Ganga,Ganga,Bhagirathi-II (WB)*,Ajoy,-,Ajoy,23.61805556,87.70305556,05-04-2026 10:00,1
543,GHEROPARA,CWC,19,West Bengal,307,BIRBHUM,BOLPUR-SRINIKETAN,-,-,Ganga,Ganga,Bhagirathi-II (WB)*,Ajoy,-,Ajoy,23.61805556,87.70305556,05-04-2026 19:00,1
544,GHEROPARA,CWC,19,West Bengal,307,BIRBHUM,BOLPUR-SRINIKETAN,-,-,Ganga,Ganga,Bhagirathi-II (WB)*,Ajoy,-,Ajoy,23.61805556,87.70305556,05-04-2026 21:00,1
545,GHEROPARA,CWC,19,West Bengal,307,BIRBHUM,BOLPUR-SRINIKETAN,-,-,Ganga,Ganga,Bhagirathi-II (WB)*,Ajoy,-,Ajoy,23.61805556,87.70305556,05-04-2026 22:00,1
546,GHEROPARA,CWC,19,West Bengal,307,BIRBHUM,BOLPUR-SRINIKETAN,-,-,Ganga,Ganga,Bhagirathi-II (WB)*,Ajoy,-,Ajoy,23.61805556,87.70305556,07-04-2026 12:00,8.5
547,GHEROPARA,CWC,19,West Bengal,307,BIRBHUM,BOLPUR-SRINIKETAN,-,-,Ganga,Ganga,Bhagirathi-II (WB)*,Ajoy,-,Ajoy,23.61805556,87.70305556,07-04-2026 13:00,8.5
548,GHEROPARA,CWC,19,West Bengal,307,BIRBHUM,BOLPUR-SRINIKETAN,-,-,Ganga,Ganga,Bhagirathi-II (WB)*,Ajoy,-,Ajoy,23.61805556,87.70305556,07-04-2026 15:00,8.5
549,GHEROPARA,CWC,19,West Bengal,307,BIRBHUM,BOLPUR-SRINIKETAN,-,-,Ganga,Ganga,Bhagirathi-II (WB)*,Ajoy,-,Ajoy,23.61805556,87.70305556,07-04-2026 18:00,8.5
550,GHEROPARA,CWC,19,West Bengal,307,BIRBHUM,BOLPUR-SRINIKETAN,-,-,Ganga,Ganga,Bhagirathi-II (WB)*,Ajoy,-,Ajoy,23.61805556,87.70305556,07-04-2026 20:00,8.5
551,GHEROPARA,CWC,19,West Bengal,307,BIRBHUM,BOLPUR-SRINIKETAN,-,-,Ganga,Ganga,Bhagirathi-II (WB)*,Ajoy,-,Ajoy,23.61805556,87.70305556,07-04-2026 22:00,8.5
552,GHEROPARA,CWC,19,West Bengal,307,BIRBHUM,BOLPUR-SRINIKETAN,-,-,Ganga,Ganga,Bhagirathi-II (WB)*,Ajoy,-,Ajoy,23.61805556,87.70305556,08-04-2026 00:00,8.5
553,GHEROPARA,CWC,19,West Bengal,307,BIRBHUM,BOLPUR-SRINIKETAN,-,-,Ganga,Ganga,Bhagirathi-II (WB)*,Ajoy,-,Ajoy,23.61805556,87.70305556,08-04-2026 01:00,8.5
554,GHEROPARA,CWC,19,West Bengal,307,BIRBHUM,BOLPUR-SRINIKETAN,-,-,Ganga,Ganga,Bhagirathi-II (WB)*,Ajoy,-,Ajoy,23.61805556,87.70305556,08-04-2026 02:00,8.5
555,GHEROPARA,CWC,19,West Bengal,307,BIRBHUM,BOLPUR-SRINIKETAN,-,-,Ganga,Ganga,Bhagirathi-II (WB)*,Ajoy,-,Ajoy,23.61805556,87.70305556,08-04-2026 11:00,9.5
556,GHEROPARA,CWC,19,West Bengal,307,BIRBHUM,BOLPUR-SRINIKETAN,-,-,Ganga,Ganga,Bhagirathi-II (WB)*,Ajoy,-,Ajoy,23.61805556,87.70305556,08-04-2026 12:00,11
557,GHEROPARA,CWC,19,West Bengal,307,BIRBHUM,BOLPUR-SRINIKETAN,-,-,Ganga,Ganga,Bhagirathi-II (WB)*,Ajoy,-,Ajoy,23.61805556,87.70305556,08-04-2026 13:00,11
558,GHEROPARA,CWC,19,West Bengal,307,BIRBHUM,BOLPUR-SRINIKETAN,-,-,Ganga,Ganga,Bhagirathi-II (WB)*,Ajoy,-,Ajoy,23.61805556,87.70305556,08-04-2026 14:00,11
559,GHEROPARA,CWC,19,West Bengal,307,BIRBHUM,BOLPUR-SRINIKETAN,-,-,Ganga,Ganga,Bhagirathi-II (WB)*,Ajoy,-,Ajoy,23.61805556,87.70305556,08-04-2026 16:00,11.5
560,GHEROPARA,CWC,19,West Bengal,307,BIRBHUM,BOLPUR-SRINIKETAN,-,-,Ganga,Ganga,Bhagirathi-II (WB)*,Ajoy,-,Ajoy,23.61805556,87.70305556,08-04-2026 17:00,0.5
561,GHEROPARA,CWC,19,West Bengal,307,BIRBHUM,BOLPUR-SRINIKETAN,-,-,Ganga,Ganga,Bhagirathi-II (WB)*,Ajoy,-,Ajoy,23.61805556,87.70305556,08-04-2026 19:00,11.5
562,GHEROPARA,CWC,19,West Bengal,307,BIRBHUM,BOLPUR-SRINIKETAN,-,-,Ganga,Ganga,Bhagirathi-II (WB)*,Ajoy,-,Ajoy,23.61805556,87.70305556,08-04-2026 21:00,12
563,GHEROPARA,CWC,19,West Bengal,307,BIRBHUM,BOLPUR-SRINIKETAN,-,-,Ganga,Ganga,Bhagirathi-II (WB)*,Ajoy,-,Ajoy,23.61805556,87.70305556,08-04-2026 23:00,12
564,GHEROPARA,CWC,19,West Bengal,307,BIRBHUM,BOLPUR-SRINIKETAN,-,-,Ganga,Ganga,Bhagirathi-II (WB)*,Ajoy,-,Ajoy,23.61805556,87.70305556,09-04-2026 16:00,1.5
565,GHEROPARA,CWC,19,West Bengal,307,BIRBHUM,BOLPUR-SRINIKETAN,-,-,Ganga,Ganga,Bhagirathi-II (WB)*,Ajoy,-,Ajoy,23.61805556,87.70305556,09-04-2026 17:00,1.5
566,GHEROPARA,CWC,19,West Bengal,307,BIRBHUM,BOLPUR-SRINIKETAN,-,-,Ganga,Ganga,Bhagirathi-II (WB)*,Ajoy,-,Ajoy,23.61805556,87.70305556,09-04-2026 20:00,1.5
567,GHEROPARA,CWC,19,West Bengal,307,BIRBHUM,BOLPUR-SRINIKETAN,-,-,Ganga,Ganga,Bhagirathi-II (WB)*,Ajoy,-,Ajoy,23.61805556,87.70305556,09-04-2026 21:00,1.5
568,GHEROPARA,CWC,19,West Bengal,307,BIRBHUM,BOLPUR-SRINIKETAN,-,-,Ganga,Ganga,Bhagirathi-II (WB)*,Ajoy,-,Ajoy,23.61805556,87.70305556,09-04-2026 23:00,1.5
569,GHEROPARA,CWC,19,West Bengal,307,BIRBHUM,BOLPUR-SRINIKETAN,-,-,Ganga,Ganga,Bhagirathi-II (WB)*,Ajoy,-,Ajoy,23.61805556,87.70305556,10-04-2026 05:00,39
570,GHEROPARA,CWC,19,West Bengal,307,BIRBHUM,BOLPUR-SRINIKETAN,-,-,Ganga,Ganga,Bhagirathi-II (WB)*,Ajoy,-,Ajoy,23.61805556,87.70305556,16-04-2026 13:00,0.5
571,GHEROPARA,CWC,19,West Bengal,307,BIRBHUM,BOLPUR-SRINIKETAN,-,-,Ganga,Ganga,Bhagirathi-II (WB)*,Ajoy,-,Ajoy,23.61805556,87.70305556,16-04-2026 14:00,0.5
572,GHEROPARA,CWC,19,West Bengal,307,BIRBHUM,BOLPUR-SRINIKETAN,-,-,Ganga,Ganga,Bhagirathi-II (WB)*,Ajoy,-,Ajoy,23.61805556,87.70305556,16-04-2026 15:00,0.5
573,GHEROPARA,CWC,19,West Bengal,307,BIRBHUM,BOLPUR-SRINIKETAN,-,-,Ganga,Ganga,Bhagirathi-II (WB)*,Ajoy,-,Ajoy,23.61805556,87.70305556,16-04-2026 18:00,0.5
574,GHEROPARA,CWC,19,West Bengal,307,BIRBHUM,BOLPUR-SRINIKETAN,-,-,Ganga,Ganga,Bhagirathi-II (WB)*,Ajoy,-,Ajoy,23.61805556,87.70305556,16-04-2026 20:00,0.5
575,GHEROPARA,CWC,19,West Bengal,307,BIRBHUM,BOLPUR-SRINIKETAN,-,-,Ganga,Ganga,Bhagirathi-II (WB)*,Ajoy,-,Ajoy,23.61805556,87.70305556,16-04-2026 21:00,0.5
576,GHEROPARA,CWC,19,West Bengal,307,BIRBHUM,BOLPUR-SRINIKETAN,-,-,Ganga,Ganga,Bhagirathi-II (WB)*,Ajoy,-,Ajoy,23.61805556,87.70305556,16-04-2026 23:00,0.5
577,GHEROPARA,CWC,19,West Bengal,307,BIRBHUM,BOLPUR-SRINIKETAN,-,-,Ganga,Ganga,Bhagirathi-II (WB)*,Ajoy,-,Ajoy,23.61805556,87.70305556,17-04-2026 00:00,0.5
578,GHEROPARA,CWC,19,West Bengal,307,BIRBHUM,BOLPUR-SRINIKETAN,-,-,Ganga,Ganga,Bhagirathi-II (WB)*,Ajoy,-,Ajoy,23.61805556,87.70305556,17-04-2026 01:00,0.5
579,GHEROPARA,CWC,19,West Bengal,307,BIRBHUM,BOLPUR-SRINIKETAN,-,-,Ganga,Ganga,Bhagirathi-II (WB)*,Ajoy,-,Ajoy,23.61805556,87.70305556,17-04-2026 02:00,0.5
580,GHEROPARA,CWC,19,West Bengal,307,BIRBHUM,BOLPUR-SRINIKETAN,-,-,Ganga,Ganga,Bhagirathi-II (WB)*,Ajoy,-,Ajoy,23.61805556,87.70305556,29-04-2026 02:00,2.5
581,GHEROPARA,CWC,19,West Bengal,307,BIRBHUM,BOLPUR-SRINIKETAN,-,-,Ganga,Ganga,Bhagirathi-II (WB)*,Ajoy,-,Ajoy,23.61805556,87.70305556,29-04-2026 14:00,1
582,GHEROPARA,CWC,19,West Bengal,307,BIRBHUM,BOLPUR-SRINIKETAN,-,-,Ganga,Ganga,Bhagirathi-II (WB)*,Ajoy,-,Ajoy,23.61805556,87.70305556,29-04-2026 15:00,1.5
583,GHEROPARA,CWC,19,West Bengal,307,BIRBHUM,BOLPUR-SRINIKETAN,-,-,Ganga,Ganga,Bhagirathi-II (WB)*,Ajoy,-,Ajoy,23.61805556,87.70305556,29-04-2026 16:00,0.5
584,GHEROPARA,CWC,19,West Bengal,307,BIRBHUM,BOLPUR-SRINIKETAN,-,-,Ganga,Ganga,Bhagirathi-II (WB)*,Ajoy,-,Ajoy,23.61805556,87.70305556,29-04-2026 17:00,0.5
585,GHEROPARA,CWC,19,West Bengal,307,BIRBHUM,BOLPUR-SRINIKETAN,-,-,Ganga,Ganga,Bhagirathi-II (WB)*,Ajoy,-,Ajoy,23.61805556,87.70305556,29-04-2026 18:00,5.5
586,GHEROPARA,CWC,19,West Bengal,307,BIRBHUM,BOLPUR-SRINIKETAN,-,-,Ganga,Ganga,Bhagirathi-II (WB)*,Ajoy,-,Ajoy,23.61805556,87.70305556,29-04-2026 19:00,1.5
587,GHEROPARA,CWC,19,West Bengal,307,BIRBHUM,BOLPUR-SRINIKETAN,-,-,Ganga,Ganga,Bhagirathi-II (WB)*,Ajoy,-,Ajoy,23.61805556,87.70305556,29-04-2026 20:00,10
588,GHEROPARA,CWC,19,West Bengal,307,BIRBHUM,BOLPUR-SRINIKETAN,-,-,Ganga,Ganga,Bhagirathi-II (WB)*,Ajoy,-,Ajoy,23.61805556,87.70305556,29-04-2026 21:00,2
589,GHEROPARA,CWC,19,West Bengal,307,BIRBHUM,BOLPUR-SRINIKETAN,-,-,Ganga,Ganga,Bhagirathi-II (WB)*,Ajoy,-,Ajoy,23.61805556,87.70305556,29-04-2026 22:00,1
590,GHEROPARA,CWC,19,West Bengal,307,BIRBHUM,BOLPUR-SRINIKETAN,-,-,Ganga,Ganga,Bhagirathi-II (WB)*,Ajoy,-,Ajoy,23.61805556,87.70305556,29-04-2026 23:00,0.5
591,GHEROPARA,CWC,19,West Bengal,307,BIRBHUM,BOLPUR-SRINIKETAN,-,-,Ganga,Ganga,Bhagirathi-II (WB)*,Ajoy,-,Ajoy,23.61805556,87.70305556,30-04-2026 23:00,4.5
592,GHEROPARA,CWC,19,West Bengal,307,BIRBHUM,BOLPUR-SRINIKETAN,-,-,Ganga,Ganga,Bhagirathi-II (WB)*,Ajoy,-,Ajoy,23.61805556,87.70305556,01-05-2026 02:00,0.5
593,GHEROPARA,CWC,19,West Bengal,307,BIRBHUM,BOLPUR-SRINIKETAN,-,-,Ganga,Ganga,Bhagirathi-II (WB)*,Ajoy,-,Ajoy,23.61805556,87.70305556,01-05-2026 06:00,0.5
594,GHEROPARA,CWC,19,West Bengal,307,BIRBHUM,BOLPUR-SRINIKETAN,-,-,Ganga,Ganga,Bhagirathi-II (WB)*,Ajoy,-,Ajoy,23.61805556,87.70305556,01-05-2026 08:00,0.5
595,GHEROPARA,CWC,19,West Bengal,307,BIRBHUM,BOLPUR-SRINIKETAN,-,-,Ganga,Ganga,Bhagirathi-II (WB)*,Ajoy,-,Ajoy,23.61805556,87.70305556,01-05-2026 10:00,0.5
596,GHEROPARA,CWC,19,West Bengal,307,BIRBHUM,BOLPUR-SRINIKETAN,-,-,Ganga,Ganga,Bhagirathi-II (WB)*,Ajoy,-,Ajoy,23.61805556,87.70305556,01-05-2026 18:00,0.5
597,GHEROPARA,CWC,19,West Bengal,307,BIRBHUM,BOLPUR-SRINIKETAN,-,-,Ganga,Ganga,Bhagirathi-II (WB)*,Ajoy,-,Ajoy,23.61805556,87.70305556,01-05-2026 22:00,0.5
598,GHEROPARA,CWC,19,West Bengal,307,BIRBHUM,BOLPUR-SRINIKETAN,-,-,Ganga,Ganga,Bhagirathi-II (WB)*,Ajoy,-,Ajoy,23.61805556,87.70305556,02-05-2026 00:00,4
599,GHEROPARA,CWC,19,West Bengal,307,BIRBHUM,BOLPUR-SRINIKETAN,-,-,Ganga,Ganga,Bhagirathi-II (WB)*,Ajoy,-,Ajoy,23.61805556,87.70305556,02-05-2026 01:00,4
600,GHEROPARA,CWC,19,West Bengal,307,BIRBHUM,BOLPUR-SRINIKETAN,-,-,Ganga,Ganga,Bhagirathi-II (WB)*,Ajoy,-,Ajoy,23.61805556,87.70305556,02-05-2026 06:00,0.5
601,GHEROPARA,CWC,19,West Bengal,307,BIRBHUM,BOLPUR-SRINIKETAN,-,-,Ganga,Ganga,Bhagirathi-II (WB)*,Ajoy,-,Ajoy,23.61805556,87.70305556,02-05-2026 07:00,0.5
602,GHEROPARA,CWC,19,West Bengal,307,BIRBHUM,BOLPUR-SRINIKETAN,-,-,Ganga,Ganga,Bhagirathi-II (WB)*,Ajoy,-,Ajoy,23.61805556,87.70305556,02-05-2026 08:00,0.5
603,GHEROPARA,CWC,19,West Bengal,307,BIRBHUM,BOLPUR-SRINIKETAN,-,-,Ganga,Ganga,Bhagirathi-II (WB)*,Ajoy,-,Ajoy,23.61805556,87.70305556,02-05-2026 09:00,0.5
604,GHEROPARA,CWC,19,West Bengal,307,BIRBHUM,BOLPUR-SRINIKETAN,-,-,Ganga,Ganga,Bhagirathi-II (WB)*,Ajoy,-,Ajoy,23.61805556,87.70305556,02-05-2026 10:00,1
605,GHEROPARA,CWC,19,West Bengal,307,BIRBHUM,BOLPUR-SRINIKETAN,-,-,Ganga,Ganga,Bhagirathi-II (WB)*,Ajoy,-,Ajoy,23.61805556,87.70305556,02-05-2026 13:00,3
606,GHEROPARA,CWC,19,West Bengal,307,BIRBHUM,BOLPUR-SRINIKETAN,-,-,Ganga,Ganga,Bhagirathi-II (WB)*,Ajoy,-,Ajoy,23.61805556,87.70305556,02-05-2026 14:00,4.5
607,GHEROPARA,CWC,19,West Bengal,307,BIRBHUM,BOLPUR-SRINIKETAN,-,-,Ganga,Ganga,Bhagirathi-II (WB)*,Ajoy,-,Ajoy,23.61805556,87.70305556,02-05-2026 16:00,1.5
608,GHEROPARA,CWC,19,West Bengal,307,BIRBHUM,BOLPUR-SRINIKETAN,-,-,Ganga,Ganga,Bhagirathi-II (WB)*,Ajoy,-,Ajoy,23.61805556,87.70305556,02-05-2026 18:00,11
609,GHEROPARA,CWC,19,West Bengal,307,BIRBHUM,BOLPUR-SRINIKETAN,-,-,Ganga,Ganga,Bhagirathi-II (WB)*,Ajoy,-,Ajoy,23.61805556,87.70305556,02-05-2026 19:00,2
610,GHEROPARA,CWC,19,West Bengal,307,BIRBHUM,BOLPUR-SRINIKETAN,-,-,Ganga,Ganga,Bhagirathi-II (WB)*,Ajoy,-,Ajoy,23.61805556,87.70305556,02-05-2026 20:00,15.5
611,GHEROPARA,CWC,19,West Bengal,307,BIRBHUM,BOLPUR-SRINIKETAN,-,-,Ganga,Ganga,Bhagirathi-II (WB)*,Ajoy,-,Ajoy,23.61805556,87.70305556,02-05-2026 21:00,17
612,GHEROPARA,CWC,19,West Bengal,307,BIRBHUM,BOLPUR-SRINIKETAN,-,-,Ganga,Ganga,Bhagirathi-II (WB)*,Ajoy,-,Ajoy,23.61805556,87.70305556,02-05-2026 22:00,18.5
613,GHEROPARA,CWC,19,West Bengal,307,BIRBHUM,BOLPUR-SRINIKETAN,-,-,Ganga,Ganga,Bhagirathi-II (WB)*,Ajoy,-,Ajoy,23.61805556,87.70305556,02-05-2026 23:00,1.5
614,GHEROPARA,CWC,19,West Bengal,307,BIRBHUM,BOLPUR-SRINIKETAN,-,-,Ganga,Ganga,Bhagirathi-II (WB)*,Ajoy,-,Ajoy,23.61805556,87.70305556,09-05-2026 23:00,0.5
615,GHEROPARA,CWC,19,West Bengal,307,BIRBHUM,BOLPUR-SRINIKETAN,-,-,Ganga,Ganga,Bhagirathi-II (WB)*,Ajoy,-,Ajoy,23.61805556,87.70305556,10-05-2026 00:00,0.5
616,GHEROPARA,CWC,19,West Bengal,307,BIRBHUM,BOLPUR-SRINIKETAN,-,-,Ganga,Ganga,Bhagirathi-II (WB)*,Ajoy,-,Ajoy,23.61805556,87.70305556,10-05-2026 02:00,0.5
617,GHEROPARA,CWC,19,West Bengal,307,BIRBHUM,BOLPUR-SRINIKETAN,-,-,Ganga,Ganga,Bhagirathi-II (WB)*,Ajoy,-,Ajoy,23.61805556,87.70305556,10-05-2026 12:00,187
618,GHEROPARA,CWC,19,West Bengal,307,BIRBHUM,BOLPUR-SRINIKETAN,-,-,Ganga,Ganga,Bhagirathi-II (WB)*,Ajoy,-,Ajoy,23.61805556,87.70305556,13-05-2026 20:00,0.5
619,GHEROPARA,CWC,19,West Bengal,307,BIRBHUM,BOLPUR-SRINIKETAN,-,-,Ganga,Ganga,Bhagirathi-II (WB)*,Ajoy,-,Ajoy,23.61805556,87.70305556,13-05-2026 23:00,0.5
620,GHEROPARA,CWC,19,West Bengal,307,BIRBHUM,BOLPUR-SRINIKETAN,-,-,Ganga,Ganga,Bhagirathi-II (WB)*,Ajoy,-,Ajoy,23.61805556,87.70305556,14-05-2026 00:00,0.5
621,GHEROPARA,CWC,19,West Bengal,307,BIRBHUM,BOLPUR-SRINIKETAN,-,-,Ganga,Ganga,Bhagirathi-II (WB)*,Ajoy,-,Ajoy,23.61805556,87.70305556,14-05-2026 01:00,0.5
622,GHEROPARA,CWC,19,West Bengal,307,BIRBHUM,BOLPUR-SRINIKETAN,-,-,Ganga,Ganga,Bhagirathi-II (WB)*,Ajoy,-,Ajoy,23.61805556,87.70305556,14-05-2026 02:00,0.5
623,GHEROPARA,CWC,19,West Bengal,307,BIRBHUM,BOLPUR-SRINIKETAN,-,-,Ganga,Ganga,Bhagirathi-II (WB)*,Ajoy,-,Ajoy,23.61805556,87.70305556,14-05-2026 04:00,0.5
624,GHEROPARA,CWC,19,West Bengal,307,BIRBHUM,BOLPUR-SRINIKETAN,-,-,Ganga,Ganga,Bhagirathi-II (WB)*,Ajoy,-,Ajoy,23.61805556,87.70305556,14-05-2026 05:00,8.5
625,GHEROPARA,CWC,19,West Bengal,307,BIRBHUM,BOLPUR-SRINIKETAN,-,-,Ganga,Ganga,Bhagirathi-II (WB)*,Ajoy,-,Ajoy,23.61805556,87.70305556,14-05-2026 06:00,8
626,GHEROPARA,CWC,19,West Bengal,307,BIRBHUM,BOLPUR-SRINIKETAN,-,-,Ganga,Ganga,Bhagirathi-II (WB)*,Ajoy,-,Ajoy,23.61805556,87.70305556,14-05-2026 07:00,14
627,GHEROPARA,CWC,19,West Bengal,307,BIRBHUM,BOLPUR-SRINIKETAN,-,-,Ganga,Ganga,Bhagirathi-II (WB)*,Ajoy,-,Ajoy,23.61805556,87.70305556,14-05-2026 08:00,15
628,GHEROPARA,CWC,19,West Bengal,307,BIRBHUM,BOLPUR-SRINIKETAN,-,-,Ganga,Ganga,Bhagirathi-II (WB)*,Ajoy,-,Ajoy,23.61805556,87.70305556,14-05-2026 09:00,1
629,GHEROPARA,CWC,19,West Bengal,307,BIRBHUM,BOLPUR-SRINIKETAN,-,-,Ganga,Ganga,Bhagirathi-II (WB)*,Ajoy,-,Ajoy,23.61805556,87.70305556,14-05-2026 10:00,16
630,GHEROPARA,CWC,19,West Bengal,307,BIRBHUM,BOLPUR-SRINIKETAN,-,-,Ganga,Ganga,Bhagirathi-II (WB)*,Ajoy,-,Ajoy,23.61805556,87.70305556,14-05-2026 11:00,16.5
631,GHEROPARA,CWC,19,West Bengal,307,BIRBHUM,BOLPUR-SRINIKETAN,-,-,Ganga,Ganga,Bhagirathi-II (WB)*,Ajoy,-,Ajoy,23.61805556,87.70305556,14-05-2026 12:00,17
632,GHEROPARA,CWC,19,West Bengal,307,BIRBHUM,BOLPUR-SRINIKETAN,-,-,Ganga,Ganga,Bhagirathi-II (WB)*,Ajoy,-,Ajoy,23.61805556,87.70305556,14-05-2026 13:00,17
633,GHEROPARA,CWC,19,West Bengal,307,BIRBHUM,BOLPUR-SRINIKETAN,-,-,Ganga,Ganga,Bhagirathi-II (WB)*,Ajoy,-,Ajoy,23.61805556,87.70305556,14-05-2026 14:00,17
634,GHEROPARA,CWC,19,West Bengal,307,BIRBHUM,BOLPUR-SRINIKETAN,-,-,Ganga,Ganga,Bhagirathi-II (WB)*,Ajoy,-,Ajoy,23.61805556,87.70305556,14-05-2026 15:00,17
635,GHEROPARA,CWC,19,West Bengal,307,BIRBHUM,BOLPUR-SRINIKETAN,-,-,Ganga,Ganga,Bhagirathi-II (WB)*,Ajoy,-,Ajoy,23.61805556,87.70305556,14-05-2026 16:00,17.5
636,GHEROPARA,CWC,19,West Bengal,307,BIRBHUM,BOLPUR-SRINIKETAN,-,-,Ganga,Ganga,Bhagirathi-II (WB)*,Ajoy,-,Ajoy,23.61805556,87.70305556,14-05-2026 17:00,17.5
637,GHEROPARA,CWC,19,West Bengal,307,BIRBHUM,BOLPUR-SRINIKETAN,-,-,Ganga,Ganga,Bhagirathi-II (WB)*,Ajoy,-,Ajoy,23.61805556,87.70305556,14-05-2026 18:00,17.5
638,GHEROPARA,CWC,19,West Bengal,307,BIRBHUM,BOLPUR-SRINIKETAN,-,-,Ganga,Ganga,Bhagirathi-II (WB)*,Ajoy,-,Ajoy,23.61805556,87.70305556,14-05-2026 19:00,17.5
639,GHEROPARA,CWC,19,West Bengal,307,BIRBHUM,BOLPUR-SRINIKETAN,-,-,Ganga,Ganga,Bhagirathi-II (WB)*,Ajoy,-,Ajoy,23.61805556,87.70305556,14-05-2026 20:00,18
640,GHEROPARA,CWC,19,West Bengal,307,BIRBHUM,BOLPUR-SRINIKETAN,-,-,Ganga,Ganga,Bhagirathi-II (WB)*,Ajoy,-,Ajoy,23.61805556,87.70305556,14-05-2026 21:00,18
641,GHEROPARA,CWC,19,West Bengal,307,BIRBHUM,BOLPUR-SRINIKETAN,-,-,Ganga,Ganga,Bhagirathi-II (WB)*,Ajoy,-,Ajoy,23.61805556,87.70305556,14-05-2026 22:00,18
642,GHEROPARA,CWC,19,West Bengal,307,BIRBHUM,BOLPUR-SRINIKETAN,-,-,Ganga,Ganga,Bhagirathi-II (WB)*,Ajoy,-,Ajoy,23.61805556,87.70305556,14-05-2026 23:00,18
643,GHEROPARA,CWC,19,West Bengal,307,BIRBHUM,BOLPUR-SRINIKETAN,-,-,Ganga,Ganga,Bhagirathi-II (WB)*,Ajoy,-,Ajoy,23.61805556,87.70305556,15-05-2026 00:00,18
644,GHEROPARA,CWC,19,West Bengal,307,BIRBHUM,BOLPUR-SRINIKETAN,-,-,Ganga,Ganga,Bhagirathi-II (WB)*,Ajoy,-,Ajoy,23.61805556,87.70305556,15-05-2026 01:00,18.5
645,GHEROPARA,CWC,19,West Bengal,307,BIRBHUM,BOLPUR-SRINIKETAN,-,-,Ganga,Ganga,Bhagirathi-II (WB)*,Ajoy,-,Ajoy,23.61805556,87.70305556,15-05-2026 02:00,18.5
646,GHEROPARA,CWC,19,West Bengal,307,BIRBHUM,BOLPUR-SRINIKETAN,-,-,Ganga,Ganga,Bhagirathi-II (WB)*,Ajoy,-,Ajoy,23.61805556,87.70305556,15-05-2026 11:00,0.5
647,GHEROPARA,CWC,19,West Bengal,307,BIRBHUM,BOLPUR-SRINIKETAN,-,-,Ganga,Ganga,Bhagirathi-II (WB)*,Ajoy,-,Ajoy,23.61805556,87.70305556,15-05-2026 12:00,0.5
648,GHEROPARA,CWC,19,West Bengal,307,BIRBHUM,BOLPUR-SRINIKETAN,-,-,Ganga,Ganga,Bhagirathi-II (WB)*,Ajoy,-,Ajoy,23.61805556,87.70305556,15-05-2026 13:00,0.5
649,GHEROPARA,CWC,19,West Bengal,307,BIRBHUM,BOLPUR-SRINIKETAN,-,-,Ganga,Ganga,Bhagirathi-II (WB)*,Ajoy,-,Ajoy,23.61805556,87.70305556,15-05-2026 14:00,0.5
650,GHEROPARA,CWC,19,West Bengal,307,BIRBHUM,BOLPUR-SRINIKETAN,-,-,Ganga,Ganga,Bhagirathi-II (WB)*,Ajoy,-,Ajoy,23.61805556,87.70305556,15-05-2026 15:00,0.5
651,GHEROPARA,CWC,19,West Bengal,307,BIRBHUM,BOLPUR-SRINIKETAN,-,-,Ganga,Ganga,Bhagirathi-II (WB)*,Ajoy,-,Ajoy,23.61805556,87.70305556,15-05-2026 16:00,0.5
652,GHEROPARA,CWC,19,West Bengal,307,BIRBHUM,BOLPUR-SRINIKETAN,-,-,Ganga,Ganga,Bhagirathi-II (WB)*,Ajoy,-,Ajoy,23.61805556,87.70305556,15-05-2026 17:00,0.5
653,GHEROPARA,CWC,19,West Bengal,307,BIRBHUM,BOLPUR-SRINIKETAN,-,-,Ganga,Ganga,Bhagirathi-II (WB)*,Ajoy,-,Ajoy,23.61805556,87.70305556,15-05-2026 18:00,0.5
654,GHEROPARA,CWC,19,West Bengal,307,BIRBHUM,BOLPUR-SRINIKETAN,-,-,Ganga,Ganga,Bhagirathi-II (WB)*,Ajoy,-,Ajoy,23.61805556,87.70305556,15-05-2026 19:00,0.5
655,GHEROPARA,CWC,19,West Bengal,307,BIRBHUM,BOLPUR-SRINIKETAN,-,-,Ganga,Ganga,Bhagirathi-II (WB)*,Ajoy,-,Ajoy,23.61805556,87.70305556,15-05-2026 20:00,0.5
656,GHEROPARA,CWC,19,West Bengal,307,BIRBHUM,BOLPUR-SRINIKETAN,-,-,Ganga,Ganga,Bhagirathi-II (WB)*,Ajoy,-,Ajoy,23.61805556,87.70305556,15-05-2026 21:00,0.5
657,GHEROPARA,CWC,19,West Bengal,307,BIRBHUM,BOLPUR-SRINIKETAN,-,-,Ganga,Ganga,Bhagirathi-II (WB)*,Ajoy,-,Ajoy,23.61805556,87.70305556,15-05-2026 22:00,0.5
658,GHEROPARA,CWC,19,West Bengal,307,BIRBHUM,BOLPUR-SRINIKETAN,-,-,Ganga,Ganga,Bhagirathi-II (WB)*,Ajoy,-,Ajoy,23.61805556,87.70305556,15-05-2026 23:00,0.5
659,GHEROPARA,CWC,19,West Bengal,307,BIRBHUM,BOLPUR-SRINIKETAN,-,-,Ganga,Ganga,Bhagirathi-II (WB)*,Ajoy,-,Ajoy,23.61805556,87.70305556,16-05-2026 00:00,0.5
660,GHEROPARA,CWC,19,West Bengal,307,BIRBHUM,BOLPUR-SRINIKETAN,-,-,Ganga,Ganga,Bhagirathi-II (WB)*,Ajoy,-,Ajoy,23.61805556,87.70305556,16-05-2026 01:00,0.5
661,GHEROPARA,CWC,19,West Bengal,307,BIRBHUM,BOLPUR-SRINIKETAN,-,-,Ganga,Ganga,Bhagirathi-II (WB)*,Ajoy,-,Ajoy,23.61805556,87.70305556,16-05-2026 02:00,0.5
662,GHEROPARA,CWC,19,West Bengal,307,BIRBHUM,BOLPUR-SRINIKETAN,-,-,Ganga,Ganga,Bhagirathi-II (WB)*,Ajoy,-,Ajoy,23.61805556,87.70305556,16-05-2026 03:00,0.5
663,GHEROPARA,CWC,19,West Bengal,307,BIRBHUM,BOLPUR-SRINIKETAN,-,-,Ganga,Ganga,Bhagirathi-II (WB)*,Ajoy,-,Ajoy,23.61805556,87.70305556,16-05-2026 04:00,0.5
664,GHEROPARA,CWC,19,West Bengal,307,BIRBHUM,BOLPUR-SRINIKETAN,-,-,Ganga,Ganga,Bhagirathi-II (WB)*,Ajoy,-,Ajoy,23.61805556,87.70305556,16-05-2026 05:00,0.5
665,GHEROPARA,CWC,19,West Bengal,307,BIRBHUM,BOLPUR-SRINIKETAN,-,-,Ganga,Ganga,Bhagirathi-II (WB)*,Ajoy,-,Ajoy,23.61805556,87.70305556,16-05-2026 06:00,0.5
666,GHEROPARA,CWC,19,West Bengal,307,BIRBHUM,BOLPUR-SRINIKETAN,-,-,Ganga,Ganga,Bhagirathi-II (WB)*,Ajoy,-,Ajoy,23.61805556,87.70305556,16-05-2026 07:00,0.5
667,GHEROPARA,CWC,19,West Bengal,307,BIRBHUM,BOLPUR-SRINIKETAN,-,-,Ganga,Ganga,Bhagirathi-II (WB)*,Ajoy,-,Ajoy,23.61805556,87.70305556,16-05-2026 08:00,0.5
668,GHEROPARA,CWC,19,West Bengal,307,BIRBHUM,BOLPUR-SRINIKETAN,-,-,Ganga,Ganga,Bhagirathi-II (WB)*,Ajoy,-,Ajoy,23.61805556,87.70305556,16-05-2026 09:00,0.5
669,GHEROPARA,CWC,19,West Bengal,307,BIRBHUM,BOLPUR-SRINIKETAN,-,-,Ganga,Ganga,Bhagirathi-II (WB)*,Ajoy,-,Ajoy,23.61805556,87.70305556,16-05-2026 10:00,0.5
670,GHEROPARA,CWC,19,West Bengal,307,BIRBHUM,BOLPUR-SRINIKETAN,-,-,Ganga,Ganga,Bhagirathi-II (WB)*,Ajoy,-,Ajoy,23.61805556,87.70305556,16-05-2026 11:00,0.5
671,GHEROPARA,CWC,19,West Bengal,307,BIRBHUM,BOLPUR-SRINIKETAN,-,-,Ganga,Ganga,Bhagirathi-II (WB)*,Ajoy,-,Ajoy,23.61805556,87.70305556,16-05-2026 12:00,0.5
672,GHEROPARA,CWC,19,West Bengal,307,BIRBHUM,BOLPUR-SRINIKETAN,-,-,Ganga,Ganga,Bhagirathi-II (WB)*,Ajoy,-,Ajoy,23.61805556,87.70305556,16-05-2026 13:00,0.5
673,GHEROPARA,CWC,19,West Bengal,307,BIRBHUM,BOLPUR-SRINIKETAN,-,-,Ganga,Ganga,Bhagirathi-II (WB)*,Ajoy,-,Ajoy,23.61805556,87.70305556,16-05-2026 14:00,0.5
674,GHEROPARA,CWC,19,West Bengal,307,BIRBHUM,BOLPUR-SRINIKETAN,-,-,Ganga,Ganga,Bhagirathi-II (WB)*,Ajoy,-,Ajoy,23.61805556,87.70305556,16-05-2026 15:00,0.5
675,GHEROPARA,CWC,19,West Bengal,307,BIRBHUM,BOLPUR-SRINIKETAN,-,-,Ganga,Ganga,Bhagirathi-II (WB)*,Ajoy,-,Ajoy,23.61805556,87.70305556,16-05-2026 16:00,1
676,GHEROPARA,CWC,19,West Bengal,307,BIRBHUM,BOLPUR-SRINIKETAN,-,-,Ganga,Ganga,Bhagirathi-II (WB)*,Ajoy,-,Ajoy,23.61805556,87.70305556,16-05-2026 17:00,1
677,GHEROPARA,CWC,19,West Bengal,307,BIRBHUM,BOLPUR-SRINIKETAN,-,-,Ganga,Ganga,Bhagirathi-II (WB)*,Ajoy,-,Ajoy,23.61805556,87.70305556,16-05-2026 18:00,1
678,GHEROPARA,CWC,19,West Bengal,307,BIRBHUM,BOLPUR-SRINIKETAN,-,-,Ganga,Ganga,Bhagirathi-II (WB)*,Ajoy,-,Ajoy,23.61805556,87.70305556,16-05-2026 19:00,1
679,GHEROPARA,CWC,19,West Bengal,307,BIRBHUM,BOLPUR-SRINIKETAN,-,-,Ganga,Ganga,Bhagirathi-II (WB)*,Ajoy,-,Ajoy,23.61805556,87.70305556,16-05-2026 20:00,1
680,GHEROPARA,CWC,19,West Bengal,307,BIRBHUM,BOLPUR-SRINIKETAN,-,-,Ganga,Ganga,Bhagirathi-II (WB)*,Ajoy,-,Ajoy,23.61805556,87.70305556,16-05-2026 21:00,1
681,GHEROPARA,CWC,19,West Bengal,307,BIRBHUM,BOLPUR-SRINIKETAN,-,-,Ganga,Ganga,Bhagirathi-II (WB)*,Ajoy,-,Ajoy,23.61805556,87.70305556,16-05-2026 22:00,1
682,GHEROPARA,CWC,19,West Bengal,307,BIRBHUM,BOLPUR-SRINIKETAN,-,-,Ganga,Ganga,Bhagirathi-II (WB)*,Ajoy,-,Ajoy,23.61805556,87.70305556,16-05-2026 23:00,1
683,GHEROPARA,CWC,19,West Bengal,307,BIRBHUM,BOLPUR-SRINIKETAN,-,-,Ganga,Ganga,Bhagirathi-II (WB)*,Ajoy,-,Ajoy,23.61805556,87.70305556,17-05-2026 00:00,1
684,GHEROPARA,CWC,19,West Bengal,307,BIRBHUM,BOLPUR-SRINIKETAN,-,-,Ganga,Ganga,Bhagirathi-II (WB)*,Ajoy,-,Ajoy,23.61805556,87.70305556,17-05-2026 01:00,1
685,GHEROPARA,CWC,19,West Bengal,307,BIRBHUM,BOLPUR-SRINIKETAN,-,-,Ganga,Ganga,Bhagirathi-II (WB)*,Ajoy,-,Ajoy,23.61805556,87.70305556,17-05-2026 02:00,1
686,GHEROPARA,CWC,19,West Bengal,307,BIRBHUM,BOLPUR-SRINIKETAN,-,-,Ganga,Ganga,Bhagirathi-II (WB)*,Ajoy,-,Ajoy,23.61805556,87.70305556,17-05-2026 16:00,0.5
687,GHEROPARA,CWC,19,West Bengal,307,BIRBHUM,BOLPUR-SRINIKETAN,-,-,Ganga,Ganga,Bhagirathi-II (WB)*,Ajoy,-,Ajoy,23.61805556,87.70305556,17-05-2026 17:00,0.5
688,GHEROPARA,CWC,19,West Bengal,307,BIRBHUM,BOLPUR-SRINIKETAN,-,-,Ganga,Ganga,Bhagirathi-II (WB)*,Ajoy,-,Ajoy,23.61805556,87.70305556,17-05-2026 18:00,0.5
689,GHEROPARA,CWC,19,West Bengal,307,BIRBHUM,BOLPUR-SRINIKETAN,-,-,Ganga,Ganga,Bhagirathi-II (WB)*,Ajoy,-,Ajoy,23.61805556,87.70305556,17-05-2026 19:00,0.5
690,GHEROPARA,CWC,19,West Bengal,307,BIRBHUM,BOLPUR-SRINIKETAN,-,-,Ganga,Ganga,Bhagirathi-II (WB)*,Ajoy,-,Ajoy,23.61805556,87.70305556,17-05-2026 20:00,0.5
691,GHEROPARA,CWC,19,West Bengal,307,BIRBHUM,BOLPUR-SRINIKETAN,-,-,Ganga,Ganga,Bhagirathi-II (WB)*,Ajoy,-,Ajoy,23.61805556,87.70305556,17-05-2026 21:00,0.5
692,GHEROPARA,CWC,19,West Bengal,307,BIRBHUM,BOLPUR-SRINIKETAN,-,-,Ganga,Ganga,Bhagirathi-II (WB)*,Ajoy,-,Ajoy,23.61805556,87.70305556,17-05-2026 22:00,0.5
693,GHEROPARA,CWC,19,West Bengal,307,BIRBHUM,BOLPUR-SRINIKETAN,-,-,Ganga,Ganga,Bhagirathi-II (WB)*,Ajoy,-,Ajoy,23.61805556,87.70305556,17-05-2026 23:00,0.5
694,GHEROPARA,CWC,19,West Bengal,307,BIRBHUM,BOLPUR-SRINIKETAN,-,-,Ganga,Ganga,Bhagirathi-II (WB)*,Ajoy,-,Ajoy,23.61805556,87.70305556,18-05-2026 00:00,0.5
695,GHEROPARA,CWC,19,West Bengal,307,BIRBHUM,BOLPUR-SRINIKETAN,-,-,Ganga,Ganga,Bhagirathi-II (WB)*,Ajoy,-,Ajoy,23.61805556,87.70305556,18-05-2026 01:00,0.5
696,GHEROPARA,CWC,19,West Bengal,307,BIRBHUM,BOLPUR-SRINIKETAN,-,-,Ganga,Ganga,Bhagirathi-II (WB)*,Ajoy,-,Ajoy,23.61805556,87.70305556,18-05-2026 02:00,0.5
697,GHEROPARA,CWC,19,West Bengal,307,BIRBHUM,BOLPUR-SRINIKETAN,-,-,Ganga,Ganga,Bhagirathi-II (WB)*,Ajoy,-,Ajoy,23.61805556,87.70305556,23-05-2026 07:00,407
698,GHEROPARA,CWC,19,West Bengal,307,BIRBHUM,BOLPUR-SRINIKETAN,-,-,Ganga,Ganga,Bhagirathi-II (WB)*,Ajoy,-,Ajoy,23.61805556,87.70305556,23-05-2026 17:00,0.5
699,GHEROPARA,CWC,19,West Bengal,307,BIRBHUM,BOLPUR-SRINIKETAN,-,-,Ganga,Ganga,Bhagirathi-II (WB)*,Ajoy,-,Ajoy,23.61805556,87.70305556,23-05-2026 18:00,0.5
700,GHEROPARA,CWC,19,West Bengal,307,BIRBHUM,BOLPUR-SRINIKETAN,-,-,Ganga,Ganga,Bhagirathi-II (WB)*,Ajoy,-,Ajoy,23.61805556,87.70305556,23-05-2026 20:00,0.5
701,GHEROPARA,CWC,19,West Bengal,307,BIRBHUM,BOLPUR-SRINIKETAN,-,-,Ganga,Ganga,Bhagirathi-II (WB)*,Ajoy,-,Ajoy,23.61805556,87.70305556,23-05-2026 23:00,0.5
702,GHEROPARA,CWC,19,West Bengal,307,BIRBHUM,BOLPUR-SRINIKETAN,-,-,Ganga,Ganga,Bhagirathi-II (WB)*,Ajoy,-,Ajoy,23.61805556,87.70305556,24-05-2026 01:00,0.5
703,GHEROPARA,CWC,19,West Bengal,307,BIRBHUM,BOLPUR-SRINIKETAN,-,-,Ganga,Ganga,Bhagirathi-II (WB)*,Ajoy,-,Ajoy,23.61805556,87.70305556,24-05-2026 02:00,0.5
704,GHEROPARA,CWC,19,West Bengal,307,BIRBHUM,BOLPUR-SRINIKETAN,-,-,Ganga,Ganga,Bhagirathi-II (WB)*,Ajoy,-,Ajoy,23.61805556,87.70305556,24-05-2026 11:00,0.5
705,GHEROPARA,CWC,19,West Bengal,307,BIRBHUM,BOLPUR-SRINIKETAN,-,-,Ganga,Ganga,Bhagirathi-II (WB)*,Ajoy,-,Ajoy,23.61805556,87.70305556,24-05-2026 12:00,0.5
706,GHEROPARA,CWC,19,West Bengal,307,BIRBHUM,BOLPUR-SRINIKETAN,-,-,Ganga,Ganga,Bhagirathi-II (WB)*,Ajoy,-,Ajoy,23.61805556,87.70305556,24-05-2026 13:00,0.5
707,GHEROPARA,CWC,19,West Bengal,307,BIRBHUM,BOLPUR-SRINIKETAN,-,-,Ganga,Ganga,Bhagirathi-II (WB)*,Ajoy,-,Ajoy,23.61805556,87.70305556,24-05-2026 14:00,0.5
708,GHEROPARA,CWC,19,West Bengal,307,BIRBHUM,BOLPUR-SRINIKETAN,-,-,Ganga,Ganga,Bhagirathi-II (WB)*,Ajoy,-,Ajoy,23.61805556,87.70305556,24-05-2026 15:00,0.5
709,GHEROPARA,CWC,19,West Bengal,307,BIRBHUM,BOLPUR-SRINIKETAN,-,-,Ganga,Ganga,Bhagirathi-II (WB)*,Ajoy,-,Ajoy,23.61805556,87.70305556,24-05-2026 16:00,0.5
710,GHEROPARA,CWC,19,West Bengal,307,BIRBHUM,BOLPUR-SRINIKETAN,-,-,Ganga,Ganga,Bhagirathi-II (WB)*,Ajoy,-,Ajoy,23.61805556,87.70305556,24-05-2026 17:00,0.5
711,GHEROPARA,CWC,19,West Bengal,307,BIRBHUM,BOLPUR-SRINIKETAN,-,-,Ganga,Ganga,Bhagirathi-II (WB)*,Ajoy,-,Ajoy,23.61805556,87.70305556,24-05-2026 23:00,1
712,GHEROPARA,CWC,19,West Bengal,307,BIRBHUM,BOLPUR-SRINIKETAN,-,-,Ganga,Ganga,Bhagirathi-II (WB)*,Ajoy,-,Ajoy,23.61805556,87.70305556,25-05-2026 13:00,0.5
713,GHEROPARA,CWC,19,West Bengal,307,BIRBHUM,BOLPUR-SRINIKETAN,-,-,Ganga,Ganga,Bhagirathi-II (WB)*,Ajoy,-,Ajoy,23.61805556,87.70305556,25-05-2026 15:00,1.5
714,GHEROPARA,CWC,19,West Bengal,307,BIRBHUM,BOLPUR-SRINIKETAN,-,-,Ganga,Ganga,Bhagirathi-II (WB)*,Ajoy,-,Ajoy,23.61805556,87.70305556,25-05-2026 23:00,14.5
715,GHEROPARA,CWC,19,West Bengal,307,BIRBHUM,BOLPUR-SRINIKETAN,-,-,Ganga,Ganga,Bhagirathi-II (WB)*,Ajoy,-,Ajoy,23.61805556,87.70305556,26-05-2026 00:00,14.5
716,GHEROPARA,CWC,19,West Bengal,307,BIRBHUM,BOLPUR-SRINIKETAN,-,-,Ganga,Ganga,Bhagirathi-II (WB)*,Ajoy,-,Ajoy,23.61805556,87.70305556,26-05-2026 01:00,14.5
717,GHEROPARA,CWC,19,West Bengal,307,BIRBHUM,BOLPUR-SRINIKETAN,-,-,Ganga,Ganga,Bhagirathi-II (WB)*,Ajoy,-,Ajoy,23.61805556,87.70305556,26-05-2026 03:00,0.5
718,GHEROPARA,CWC,19,West Bengal,307,BIRBHUM,BOLPUR-SRINIKETAN,-,-,Ganga,Ganga,Bhagirathi-II (WB)*,Ajoy,-,Ajoy,23.61805556,87.70305556,26-05-2026 06:00,0.5
719,GHEROPARA,CWC,19,West Bengal,307,BIRBHUM,BOLPUR-SRINIKETAN,-,-,Ganga,Ganga,Bhagirathi-II (WB)*,Ajoy,-,Ajoy,23.61805556,87.70305556,26-05-2026 07:00,0.5
720,GHEROPARA,CWC,19,West Bengal,307,BIRBHUM,BOLPUR-SRINIKETAN,-,-,Ganga,Ganga,Bhagirathi-II (WB)*,Ajoy,-,Ajoy,23.61805556,87.70305556,26-05-2026 09:00,0.5
721,GHEROPARA,CWC,19,West Bengal,307,BIRBHUM,BOLPUR-SRINIKETAN,-,-,Ganga,Ganga,Bhagirathi-II (WB)*,Ajoy,-,Ajoy,23.61805556,87.70305556,26-05-2026 12:00,0.5
722,GHEROPARA,CWC,19,West Bengal,307,BIRBHUM,BOLPUR-SRINIKETAN,-,-,Ganga,Ganga,Bhagirathi-II (WB)*,Ajoy,-,Ajoy,23.61805556,87.70305556,26-05-2026 13:00,0.5
723,GHEROPARA,CWC,19,West Bengal,307,BIRBHUM,BOLPUR-SRINIKETAN,-,-,Ganga,Ganga,Bhagirathi-II (WB)*,Ajoy,-,Ajoy,23.61805556,87.70305556,26-05-2026 19:00,0.5
724,GHEROPARA,CWC,19,West Bengal,307,BIRBHUM,BOLPUR-SRINIKETAN,-,-,Ganga,Ganga,Bhagirathi-II (WB)*,Ajoy,-,Ajoy,23.61805556,87.70305556,26-05-2026 21:00,0.5
725,GHEROPARA,CWC,19,West Bengal,307,BIRBHUM,BOLPUR-SRINIKETAN,-,-,Ganga,Ganga,Bhagirathi-II (WB)*,Ajoy,-,Ajoy,23.61805556,87.70305556,26-05-2026 23:00,1
726,GHEROPARA,CWC,19,West Bengal,307,BIRBHUM,BOLPUR-SRINIKETAN,-,-,Ganga,Ganga,Bhagirathi-II (WB)*,Ajoy,-,Ajoy,23.61805556,87.70305556,27-05-2026 00:00,1
727,GHEROPARA,CWC,19,West Bengal,307,BIRBHUM,BOLPUR-SRINIKETAN,-,-,Ganga,Ganga,Bhagirathi-II (WB)*,Ajoy,-,Ajoy,23.61805556,87.70305556,28-05-2026 20:00,0.5
728,GHEROPARA,CWC,19,West Bengal,307,BIRBHUM,BOLPUR-SRINIKETAN,-,-,Ganga,Ganga,Bhagirathi-II (WB)*,Ajoy,-,Ajoy,23.61805556,87.70305556,28-05-2026 21:00,0.5
729,GHEROPARA,CWC,19,West Bengal,307,BIRBHUM,BOLPUR-SRINIKETAN,-,-,Ganga,Ganga,Bhagirathi-II (WB)*,Ajoy,-,Ajoy,23.61805556,87.70305556,28-05-2026 23:00,0.5
730,GHEROPARA,CWC,19,West Bengal,307,BIRBHUM,BOLPUR-SRINIKETAN,-,-,Ganga,Ganga,Bhagirathi-II (WB)*,Ajoy,-,Ajoy,23.61805556,87.70305556,29-05-2026 01:00,0.5
731,GHEROPARA,CWC,19,West Bengal,307,BIRBHUM,BOLPUR-SRINIKETAN,-,-,Ganga,Ganga,Bhagirathi-II (WB)*,Ajoy,-,Ajoy,23.61805556,87.70305556,29-05-2026 20:00,0.5
732,GHEROPARA,CWC,19,West Bengal,307,BIRBHUM,BOLPUR-SRINIKETAN,-,-,Ganga,Ganga,Bhagirathi-II (WB)*,Ajoy,-,Ajoy,23.61805556,87.70305556,29-05-2026 23:00,0.5
733,GHEROPARA,CWC,19,West Bengal,307,BIRBHUM,BOLPUR-SRINIKETAN,-,-,Ganga,Ganga,Bhagirathi-II (WB)*,Ajoy,-,Ajoy,23.61805556,87.70305556,30-05-2026 02:00,0.5
734,GHEROPARA,CWC,19,West Bengal,307,BIRBHUM,BOLPUR-SRINIKETAN,-,-,Ganga,Ganga,Bhagirathi-II (WB)*,Ajoy,-,Ajoy,23.61805556,87.70305556,30-05-2026 09:00,0.5
735,GHEROPARA,CWC,19,West Bengal,307,BIRBHUM,BOLPUR-SRINIKETAN,-,-,Ganga,Ganga,Bhagirathi-II (WB)*,Ajoy,-,Ajoy,23.61805556,87.70305556,30-05-2026 12:00,0.5
736,GHEROPARA,CWC,19,West Bengal,307,BIRBHUM,BOLPUR-SRINIKETAN,-,-,Ganga,Ganga,Bhagirathi-II (WB)*,Ajoy,-,Ajoy,23.61805556,87.70305556,30-05-2026 14:00,0.5
737,GHEROPARA,CWC,19,West Bengal,307,BIRBHUM,BOLPUR-SRINIKETAN,-,-,Ganga,Ganga,Bhagirathi-II (WB)*,Ajoy,-,Ajoy,23.61805556,87.70305556,30-05-2026 15:00,0.5
738,GHEROPARA,CWC,19,West Bengal,307,BIRBHUM,BOLPUR-SRINIKETAN,-,-,Ganga,Ganga,Bhagirathi-II (WB)*,Ajoy,-,Ajoy,23.61805556,87.70305556,30-05-2026 18:00,0.5
739,GHEROPARA,CWC,19,West Bengal,307,BIRBHUM,BOLPUR-SRINIKETAN,-,-,Ganga,Ganga,Bhagirathi-II (WB)*,Ajoy,-,Ajoy,23.61805556,87.70305556,30-05-2026 20:00,0.5
740,GHEROPARA,CWC,19,West Bengal,307,BIRBHUM,BOLPUR-SRINIKETAN,-,-,Ganga,Ganga,Bhagirathi-II (WB)*,Ajoy,-,Ajoy,23.61805556,87.70305556,30-05-2026 21:00,0.5
741,GHEROPARA,CWC,19,West Bengal,307,BIRBHUM,BOLPUR-SRINIKETAN,-,-,Ganga,Ganga,Bhagirathi-II (WB)*,Ajoy,-,Ajoy,23.61805556,87.70305556,30-05-2026 22:00,0.5
742,GHEROPARA,CWC,19,West Bengal,307,BIRBHUM,BOLPUR-SRINIKETAN,-,-,Ganga,Ganga,Bhagirathi-II (WB)*,Ajoy,-,Ajoy,23.61805556,87.70305556,31-05-2026 00:00,0.5
743,GHEROPARA,CWC,19,West Bengal,307,BIRBHUM,BOLPUR-SRINIKETAN,-,-,Ganga,Ganga,Bhagirathi-II (WB)*,Ajoy,-,Ajoy,23.61805556,87.70305556,31-05-2026 01:00,1
744,GHEROPARA,CWC,19,West Bengal,307,BIRBHUM,BOLPUR-SRINIKETAN,-,-,Ganga,Ganga,Bhagirathi-II (WB)*,Ajoy,-,Ajoy,23.61805556,87.70305556,31-05-2026 02:00,1
745,GHEROPARA,CWC,19,West Bengal,307,BIRBHUM,BOLPUR-SRINIKETAN,-,-,Ganga,Ganga,Bhagirathi-II (WB)*,Ajoy,-,Ajoy,23.61805556,87.70305556,31-05-2026 07:00,0.5
746,GHEROPARA,CWC,19,West Bengal,307,BIRBHUM,BOLPUR-SRINIKETAN,-,-,Ganga,Ganga,Bhagirathi-II (WB)*,Ajoy,-,Ajoy,23.61805556,87.70305556,31-05-2026 08:00,0.5
747,GHEROPARA,CWC,19,West Bengal,307,BIRBHUM,BOLPUR-SRINIKETAN,-,-,Ganga,Ganga,Bhagirathi-II (WB)*,Ajoy,-,Ajoy,23.61805556,87.70305556,31-05-2026 09:00,1
748,GHEROPARA,CWC,19,West Bengal,307,BIRBHUM,BOLPUR-SRINIKETAN,-,-,Ganga,Ganga,Bhagirathi-II (WB)*,Ajoy,-,Ajoy,23.61805556,87.70305556,31-05-2026 10:00,1.5
749,GHEROPARA,CWC,19,West Bengal,307,BIRBHUM,BOLPUR-SRINIKETAN,-,-,Ganga,Ganga,Bhagirathi-II (WB)*,Ajoy,-,Ajoy,23.61805556,87.70305556,31-05-2026 11:00,2
750,GHEROPARA,CWC,19,West Bengal,307,BIRBHUM,BOLPUR-SRINIKETAN,-,-,Ganga,Ganga,Bhagirathi-II (WB)*,Ajoy,-,Ajoy,23.61805556,87.70305556,31-05-2026 12:00,2
751,GHEROPARA,CWC,19,West Bengal,307,BIRBHUM,BOLPUR-SRINIKETAN,-,-,Ganga,Ganga,Bhagirathi-II (WB)*,Ajoy,-,Ajoy,23.61805556,87.70305556,31-05-2026 13:00,2.5
752,GHEROPARA,CWC,19,West Bengal,307,BIRBHUM,BOLPUR-SRINIKETAN,-,-,Ganga,Ganga,Bhagirathi-II (WB)*,Ajoy,-,Ajoy,23.61805556,87.70305556,31-05-2026 14:00,3
753,GHEROPARA,CWC,19,West Bengal,307,BIRBHUM,BOLPUR-SRINIKETAN,-,-,Ganga,Ganga,Bhagirathi-II (WB)*,Ajoy,-,Ajoy,23.61805556,87.70305556,31-05-2026 15:00,3
754,GHEROPARA,CWC,19,West Bengal,307,BIRBHUM,BOLPUR-SRINIKETAN,-,-,Ganga,Ganga,Bhagirathi-II (WB)*,Ajoy,-,Ajoy,23.61805556,87.70305556,31-05-2026 16:00,3.5
755,GHEROPARA,CWC,19,West Bengal,307,BIRBHUM,BOLPUR-SRINIKETAN,-,-,Ganga,Ganga,Bhagirathi-II (WB)*,Ajoy,-,Ajoy,23.61805556,87.70305556,31-05-2026 17:00,4
756,GHEROPARA,CWC,19,West Bengal,307,BIRBHUM,BOLPUR-SRINIKETAN,-,-,Ganga,Ganga,Bhagirathi-II (WB)*,Ajoy,-,Ajoy,23.61805556,87.70305556,31-05-2026 18:00,4
757,GHEROPARA,CWC,19,West Bengal,307,BIRBHUM,BOLPUR-SRINIKETAN,-,-,Ganga,Ganga,Bhagirathi-II (WB)*,Ajoy,-,Ajoy,23.61805556,87.70305556,31-05-2026 19:00,4.5
758,GHEROPARA,CWC,19,West Bengal,307,BIRBHUM,BOLPUR-SRINIKETAN,-,-,Ganga,Ganga,Bhagirathi-II (WB)*,Ajoy,-,Ajoy,23.61805556,87.70305556,31-05-2026 20:00,4.5
759,GHEROPARA,CWC,19,West Bengal,307,BIRBHUM,BOLPUR-SRINIKETAN,-,-,Ganga,Ganga,Bhagirathi-II (WB)*,Ajoy,-,Ajoy,23.61805556,87.70305556,31-05-2026 21:00,5
760,GHEROPARA,CWC,19,West Bengal,307,BIRBHUM,BOLPUR-SRINIKETAN,-,-,Ganga,Ganga,Bhagirathi-II (WB)*,Ajoy,-,Ajoy,23.61805556,87.70305556,31-05-2026 22:00,5
761,GHEROPARA,CWC,19,West Bengal,307,BIRBHUM,BOLPUR-SRINIKETAN,-,-,Ganga,Ganga,Bhagirathi-II (WB)*,Ajoy,-,Ajoy,23.61805556,87.70305556,31-05-2026 23:00,5
762,GHEROPARA,CWC,19,West Bengal,307,BIRBHUM,BOLPUR-SRINIKETAN,-,-,Ganga,Ganga,Bhagirathi-II (WB)*,Ajoy,-,Ajoy,23.61805556,87.70305556,01-06-2026 00:00,5.5
763,GHEROPARA,CWC,19,West Bengal,307,BIRBHUM,BOLPUR-SRINIKETAN,-,-,Ganga,Ganga,Bhagirathi-II (WB)*,Ajoy,-,Ajoy,23.61805556,87.70305556,01-06-2026 01:00,0.5
764,GHEROPARA,CWC,19,West Bengal,307,BIRBHUM,BOLPUR-SRINIKETAN,-,-,Ganga,Ganga,Bhagirathi-II (WB)*,Ajoy,-,Ajoy,23.61805556,87.70305556,01-06-2026 05:00,0.5
765,GHEROPARA,CWC,19,West Bengal,307,BIRBHUM,BOLPUR-SRINIKETAN,-,-,Ganga,Ganga,Bhagirathi-II (WB)*,Ajoy,-,Ajoy,23.61805556,87.70305556,01-06-2026 06:00,0.5
766,GHEROPARA,CWC,19,West Bengal,307,BIRBHUM,BOLPUR-SRINIKETAN,-,-,Ganga,Ganga,Bhagirathi-II (WB)*,Ajoy,-,Ajoy,23.61805556,87.70305556,01-06-2026 07:00,0.5
767,GHEROPARA,CWC,19,West Bengal,307,BIRBHUM,BOLPUR-SRINIKETAN,-,-,Ganga,Ganga,Bhagirathi-II (WB)*,Ajoy,-,Ajoy,23.61805556,87.70305556,01-06-2026 08:00,0.5
768,GHEROPARA,CWC,19,West Bengal,307,BIRBHUM,BOLPUR-SRINIKETAN,-,-,Ganga,Ganga,Bhagirathi-II (WB)*,Ajoy,-,Ajoy,23.61805556,87.70305556,01-06-2026 10:00,1
769,GHEROPARA,CWC,19,West Bengal,307,BIRBHUM,BOLPUR-SRINIKETAN,-,-,Ganga,Ganga,Bhagirathi-II (WB)*,Ajoy,-,Ajoy,23.61805556,87.70305556,01-06-2026 11:00,0.5
770,GHEROPARA,CWC,19,West Bengal,307,BIRBHUM,BOLPUR-SRINIKETAN,-,-,Ganga,Ganga,Bhagirathi-II (WB)*,Ajoy,-,Ajoy,23.61805556,87.70305556,01-06-2026 12:00,1
771,GHEROPARA,CWC,19,West Bengal,307,BIRBHUM,BOLPUR-SRINIKETAN,-,-,Ganga,Ganga,Bhagirathi-II (WB)*,Ajoy,-,Ajoy,23.61805556,87.70305556,01-06-2026 15:00,0.5
772,GHEROPARA,CWC,19,West Bengal,307,BIRBHUM,BOLPUR-SRINIKETAN,-,-,Ganga,Ganga,Bhagirathi-II (WB)*,Ajoy,-,Ajoy,23.61805556,87.70305556,01-06-2026 17:00,1.5
773,GHEROPARA,CWC,19,West Bengal,307,BIRBHUM,BOLPUR-SRINIKETAN,-,-,Ganga,Ganga,Bhagirathi-II (WB)*,Ajoy,-,Ajoy,23.61805556,87.70305556,01-06-2026 18:00,1.5
774,GHEROPARA,CWC,19,West Bengal,307,BIRBHUM,BOLPUR-SRINIKETAN,-,-,Ganga,Ganga,Bhagirathi-II (WB)*,Ajoy,-,Ajoy,23.61805556,87.70305556,01-06-2026 20:00,2
775,GHEROPARA,CWC,19,West Bengal,307,BIRBHUM,BOLPUR-SRINIKETAN,-,-,Ganga,Ganga,Bhagirathi-II (WB)*,Ajoy,-,Ajoy,23.61805556,87.70305556,01-06-2026 21:00,2
776,GHEROPARA,CWC,19,West Bengal,307,BIRBHUM,BOLPUR-SRINIKETAN,-,-,Ganga,Ganga,Bhagirathi-II (WB)*,Ajoy,-,Ajoy,23.61805556,87.70305556,01-06-2026 23:00,2
777,GHEROPARA,CWC,19,West Bengal,307,BIRBHUM,BOLPUR-SRINIKETAN,-,-,Ganga,Ganga,Bhagirathi-II (WB)*,Ajoy,-,Ajoy,23.61805556,87.70305556,02-06-2026 02:00,2.5
778,GHEROPARA,CWC,19,West Bengal,307,BIRBHUM,BOLPUR-SRINIKETAN,-,-,Ganga,Ganga,Bhagirathi-II (WB)*,Ajoy,-,Ajoy,23.61805556,87.70305556,02-06-2026 03:00,0.5
779,GHEROPARA,CWC,19,West Bengal,307,BIRBHUM,BOLPUR-SRINIKETAN,-,-,Ganga,Ganga,Bhagirathi-II (WB)*,Ajoy,-,Ajoy,23.61805556,87.70305556,02-06-2026 07:00,0.5
780,GHEROPARA,CWC,19,West Bengal,307,BIRBHUM,BOLPUR-SRINIKETAN,-,-,Ganga,Ganga,Bhagirathi-II (WB)*,Ajoy,-,Ajoy,23.61805556,87.70305556,02-06-2026 09:00,1
781,GHEROPARA,CWC,19,West Bengal,307,BIRBHUM,BOLPUR-SRINIKETAN,-,-,Ganga,Ganga,Bhagirathi-II (WB)*,Ajoy,-,Ajoy,23.61805556,87.70305556,02-06-2026 10:00,0.5
782,GHEROPARA,CWC,19,West Bengal,307,BIRBHUM,BOLPUR-SRINIKETAN,-,-,Ganga,Ganga,Bhagirathi-II (WB)*,Ajoy,-,Ajoy,23.61805556,87.70305556,02-06-2026 11:00,1
783,GHEROPARA,CWC,19,West Bengal,307,BIRBHUM,BOLPUR-SRINIKETAN,-,-,Ganga,Ganga,Bhagirathi-II (WB)*,Ajoy,-,Ajoy,23.61805556,87.70305556,02-06-2026 13:00,1.5
784,GHEROPARA,CWC,19,West Bengal,307,BIRBHUM,BOLPUR-SRINIKETAN,-,-,Ganga,Ganga,Bhagirathi-II (WB)*,Ajoy,-,Ajoy,23.61805556,87.70305556,02-06-2026 14:00,1.5
785,GHEROPARA,CWC,19,West Bengal,307,BIRBHUM,BOLPUR-SRINIKETAN,-,-,Ganga,Ganga,Bhagirathi-II (WB)*,Ajoy,-,Ajoy,23.61805556,87.70305556,02-06-2026 16:00,1.5
786,GHEROPARA,CWC,19,West Bengal,307,BIRBHUM,BOLPUR-SRINIKETAN,-,-,Ganga,Ganga,Bhagirathi-II (WB)*,Ajoy,-,Ajoy,23.61805556,87.70305556,02-06-2026 17:00,1.5
787,GHEROPARA,CWC,19,West Bengal,307,BIRBHUM,BOLPUR-SRINIKETAN,-,-,Ganga,Ganga,Bhagirathi-II (WB)*,Ajoy,-,Ajoy,23.61805556,87.70305556,02-06-2026 18:00,1.5
788,GHEROPARA,CWC,19,West Bengal,307,BIRBHUM,BOLPUR-SRINIKETAN,-,-,Ganga,Ganga,Bhagirathi-II (WB)*,Ajoy,-,Ajoy,23.61805556,87.70305556,02-06-2026 21:00,2
789,GHEROPARA,CWC,19,West Bengal,307,BIRBHUM,BOLPUR-SRINIKETAN,-,-,Ganga,Ganga,Bhagirathi-II (WB)*,Ajoy,-,Ajoy,23.61805556,87.70305556,02-06-2026 22:00,2
790,GHEROPARA,CWC,19,West Bengal,307,BIRBHUM,BOLPUR-SRINIKETAN,-,-,Ganga,Ganga,Bhagirathi-II (WB)*,Ajoy,-,Ajoy,23.61805556,87.70305556,03-06-2026 00:00,2
791,GHEROPARA,CWC,19,West Bengal,307,BIRBHUM,BOLPUR-SRINIKETAN,-,-,Ganga,Ganga,Bhagirathi-II (WB)*,Ajoy,-,Ajoy,23.61805556,87.70305556,03-06-2026 01:00,2
792,GHEROPARA,CWC,19,West Bengal,307,BIRBHUM,BOLPUR-SRINIKETAN,-,-,Ganga,Ganga,Bhagirathi-II (WB)*,Ajoy,-,Ajoy,23.61805556,87.70305556,03-06-2026 02:00,2
793,GHEROPARA,CWC,19,West Bengal,307,BIRBHUM,BOLPUR-SRINIKETAN,-,-,Ganga,Ganga,Bhagirathi-II (WB)*,Ajoy,-,Ajoy,23.61805556,87.70305556,03-06-2026 03:00,0.5
794,GHEROPARA,CWC,19,West Bengal,307,BIRBHUM,BOLPUR-SRINIKETAN,-,-,Ganga,Ganga,Bhagirathi-II (WB)*,Ajoy,-,Ajoy,23.61805556,87.70305556,03-06-2026 04:00,0.5
795,GHEROPARA,CWC,19,West Bengal,307,BIRBHUM,BOLPUR-SRINIKETAN,-,-,Ganga,Ganga,Bhagirathi-II (WB)*,Ajoy,-,Ajoy,23.61805556,87.70305556,03-06-2026 05:00,0.5
796,GHEROPARA,CWC,19,West Bengal,307,BIRBHUM,BOLPUR-SRINIKETAN,-,-,Ganga,Ganga,Bhagirathi-II (WB)*,Ajoy,-,Ajoy,23.61805556,87.70305556,03-06-2026 08:00,0.5
797,GHEROPARA,CWC,19,West Bengal,307,BIRBHUM,BOLPUR-SRINIKETAN,-,-,Ganga,Ganga,Bhagirathi-II (WB)*,Ajoy,-,Ajoy,23.61805556,87.70305556,03-06-2026 10:00,1
798,GHEROPARA,CWC,19,West Bengal,307,BIRBHUM,BOLPUR-SRINIKETAN,-,-,Ganga,Ganga,Bhagirathi-II (WB)*,Ajoy,-,Ajoy,23.61805556,87.70305556,03-06-2026 11:00,1
799,GHEROPARA,CWC,19,West Bengal,307,BIRBHUM,BOLPUR-SRINIKETAN,-,-,Ganga,Ganga,Bhagirathi-II (WB)*,Ajoy,-,Ajoy,23.61805556,87.70305556,03-06-2026 12:00,1
800,GHEROPARA,CWC,19,West Bengal,307,BIRBHUM,BOLPUR-SRINIKETAN,-,-,Ganga,Ganga,Bhagirathi-II (WB)*,Ajoy,-,Ajoy,23.61805556,87.70305556,03-06-2026 14:00,1
801,GHEROPARA,CWC,19,West Bengal,307,BIRBHUM,BOLPUR-SRINIKETAN,-,-,Ganga,Ganga,Bhagirathi-II (WB)*,Ajoy,-,Ajoy,23.61805556,87.70305556,03-06-2026 15:00,1.5
802,GHEROPARA,CWC,19,West Bengal,307,BIRBHUM,BOLPUR-SRINIKETAN,-,-,Ganga,Ganga,Bhagirathi-II (WB)*,Ajoy,-,Ajoy,23.61805556,87.70305556,03-06-2026 16:00,1.5
803,GHEROPARA,CWC,19,West Bengal,307,BIRBHUM,BOLPUR-SRINIKETAN,-,-,Ganga,Ganga,Bhagirathi-II (WB)*,Ajoy,-,Ajoy,23.61805556,87.70305556,03-06-2026 17:00,1.5
804,GHEROPARA,CWC,19,West Bengal,307,BIRBHUM,BOLPUR-SRINIKETAN,-,-,Ganga,Ganga,Bhagirathi-II (WB)*,Ajoy,-,Ajoy,23.61805556,87.70305556,03-06-2026 18:00,1.5
805,GHEROPARA,CWC,19,West Bengal,307,BIRBHUM,BOLPUR-SRINIKETAN,-,-,Ganga,Ganga,Bhagirathi-II (WB)*,Ajoy,-,Ajoy,23.61805556,87.70305556,03-06-2026 19:00,1.5
806,GHEROPARA,CWC,19,West Bengal,307,BIRBHUM,BOLPUR-SRINIKETAN,-,-,Ganga,Ganga,Bhagirathi-II (WB)*,Ajoy,-,Ajoy,23.61805556,87.70305556,03-06-2026 20:00,1.5
807,GHEROPARA,CWC,19,West Bengal,307,BIRBHUM,BOLPUR-SRINIKETAN,-,-,Ganga,Ganga,Bhagirathi-II (WB)*,Ajoy,-,Ajoy,23.61805556,87.70305556,03-06-2026 21:00,1.5
808,Ghugumari,CWC,19,West Bengal,308,COOCH BEHAR,COOCH BEHAR-I,-,-,Brahmaputra,Brahmaputra,Torsa,-,-,Torsa,26.28666667,89.45972222,03-01-2026 04:00,113
809,Ghugumari,CWC,19,West Bengal,308,COOCH BEHAR,COOCH BEHAR-I,-,-,Brahmaputra,Brahmaputra,Torsa,-,-,Torsa,26.28666667,89.45972222,08-01-2026 02:00,192
810,Ghugumari,CWC,19,West Bengal,308,COOCH BEHAR,COOCH BEHAR-I,-,-,Brahmaputra,Brahmaputra,Torsa,-,-,Torsa,26.28666667,89.45972222,09-01-2026 07:00,320
811,Ghugumari,CWC,19,West Bengal,308,COOCH BEHAR,COOCH BEHAR-I,-,-,Brahmaputra,Brahmaputra,Torsa,-,-,Torsa,26.28666667,89.45972222,11-01-2026 06:00,53
812,Ghugumari,CWC,19,West Bengal,308,COOCH BEHAR,COOCH BEHAR-I,-,-,Brahmaputra,Brahmaputra,Torsa,-,-,Torsa,26.28666667,89.45972222,14-01-2026 09:00,133.5
813,Ghugumari,CWC,19,West Bengal,308,COOCH BEHAR,COOCH BEHAR-I,-,-,Brahmaputra,Brahmaputra,Torsa,-,-,Torsa,26.28666667,89.45972222,16-01-2026 08:00,33
814,Ghugumari,CWC,19,West Bengal,308,COOCH BEHAR,COOCH BEHAR-I,-,-,Brahmaputra,Brahmaputra,Torsa,-,-,Torsa,26.28666667,89.45972222,18-04-2026 10:00,80
815,Ghugumari,CWC,19,West Bengal,308,COOCH BEHAR,COOCH BEHAR-I,-,-,Brahmaputra,Brahmaputra,Torsa,-,-,Torsa,26.28666667,89.45972222,27-05-2026 08:00,93.5
816,Kangsabati Reservoir,CWC,19,West Bengal,305,BANKURA,-,-,-,Ganga,Ganga,Bhagirathi-II (WB)*,Kangsabati,-,Kangsabati,22.96500000,86.79027778,04-01-2026 19:30,258
817,Kangsabati Reservoir,CWC,19,West Bengal,305,BANKURA,-,-,-,Ganga,Ganga,Bhagirathi-II (WB)*,Kangsabati,-,Kangsabati,22.96500000,86.79027778,12-01-2026 19:30,128
818,Kangsabati Reservoir,CWC,19,West Bengal,305,BANKURA,-,-,-,Ganga,Ganga,Bhagirathi-II (WB)*,Kangsabati,-,Kangsabati,22.96500000,86.79027778,29-01-2026 19:30,6
819,Kangsabati Reservoir,CWC,19,West Bengal,305,BANKURA,-,-,-,Ganga,Ganga,Bhagirathi-II (WB)*,Kangsabati,-,Kangsabati,22.96500000,86.79027778,30-01-2026 11:30,0.5
820,Kangsabati Reservoir,CWC,19,West Bengal,305,BANKURA,-,-,-,Ganga,Ganga,Bhagirathi-II (WB)*,Kangsabati,-,Kangsabati,22.96500000,86.79027778,01-02-2026 01:30,0.5
821,Kangsabati Reservoir,CWC,19,West Bengal,305,BANKURA,-,-,-,Ganga,Ganga,Bhagirathi-II (WB)*,Kangsabati,-,Kangsabati,22.96500000,86.79027778,02-02-2026 16:30,5
822,Kangsabati Reservoir,CWC,19,West Bengal,305,BANKURA,-,-,-,Ganga,Ganga,Bhagirathi-II (WB)*,Kangsabati,-,Kangsabati,22.96500000,86.79027778,04-02-2026 10:30,220
823,Kangsabati Reservoir,CWC,19,West Bengal,305,BANKURA,-,-,-,Ganga,Ganga,Bhagirathi-II (WB)*,Kangsabati,-,Kangsabati,22.96500000,86.79027778,08-02-2026 23:30,43.5
824,Kangsabati Reservoir,CWC,19,West Bengal,305,BANKURA,-,-,-,Ganga,Ganga,Bhagirathi-II (WB)*,Kangsabati,-,Kangsabati,22.96500000,86.79027778,10-02-2026 05:30,430
825,Kangsabati Reservoir,CWC,19,West Bengal,305,BANKURA,-,-,-,Ganga,Ganga,Bhagirathi-II (WB)*,Kangsabati,-,Kangsabati,22.96500000,86.79027778,24-02-2026 02:30,1
826,Kangsabati Reservoir,CWC,19,West Bengal,305,BANKURA,-,-,-,Ganga,Ganga,Bhagirathi-II (WB)*,Kangsabati,-,Kangsabati,22.96500000,86.79027778,24-02-2026 22:30,0.5
827,Kangsabati Reservoir,CWC,19,West Bengal,305,BANKURA,-,-,-,Ganga,Ganga,Bhagirathi-II (WB)*,Kangsabati,-,Kangsabati,22.96500000,86.79027778,25-02-2026 02:30,0.5
828,Kangsabati Reservoir,CWC,19,West Bengal,305,BANKURA,-,-,-,Ganga,Ganga,Bhagirathi-II (WB)*,Kangsabati,-,Kangsabati,22.96500000,86.79027778,25-02-2026 03:30,0.5
829,Kangsabati Reservoir,CWC,19,West Bengal,305,BANKURA,-,-,-,Ganga,Ganga,Bhagirathi-II (WB)*,Kangsabati,-,Kangsabati,22.96500000,86.79027778,25-02-2026 18:30,0.5
830,Kangsabati Reservoir,CWC,19,West Bengal,305,BANKURA,-,-,-,Ganga,Ganga,Bhagirathi-II (WB)*,Kangsabati,-,Kangsabati,22.96500000,86.79027778,02-03-2026 22:30,257
831,Kangsabati Reservoir,CWC,19,West Bengal,305,BANKURA,-,-,-,Ganga,Ganga,Bhagirathi-II (WB)*,Kangsabati,-,Kangsabati,22.96500000,86.79027778,17-03-2026 08:30,119
832,Kangsabati Reservoir,CWC,19,West Bengal,305,BANKURA,-,-,-,Ganga,Ganga,Bhagirathi-II (WB)*,Kangsabati,-,Kangsabati,22.96500000,86.79027778,23-03-2026 13:30,2.5
833,Kangsabati Reservoir,CWC,19,West Bengal,305,BANKURA,-,-,-,Ganga,Ganga,Bhagirathi-II (WB)*,Kangsabati,-,Kangsabati,22.96500000,86.79027778,23-03-2026 18:30,247.5
834,Kangsabati Reservoir,CWC,19,West Bengal,305,BANKURA,-,-,-,Ganga,Ganga,Bhagirathi-II (WB)*,Kangsabati,-,Kangsabati,22.96500000,86.79027778,23-03-2026 19:30,32
835,Kangsabati Reservoir,CWC,19,West Bengal,305,BANKURA,-,-,-,Ganga,Ganga,Bhagirathi-II (WB)*,Kangsabati,-,Kangsabati,22.96500000,86.79027778,26-03-2026 11:30,160
836,Kangsabati Reservoir,CWC,19,West Bengal,305,BANKURA,-,-,-,Ganga,Ganga,Bhagirathi-II (WB)*,Kangsabati,-,Kangsabati,22.96500000,86.79027778,27-03-2026 21:30,0.5
837,Kangsabati Reservoir,CWC,19,West Bengal,305,BANKURA,-,-,-,Ganga,Ganga,Bhagirathi-II (WB)*,Kangsabati,-,Kangsabati,22.96500000,86.79027778,27-03-2026 22:30,0.5
838,Kangsabati Reservoir,CWC,19,West Bengal,305,BANKURA,-,-,-,Ganga,Ganga,Bhagirathi-II (WB)*,Kangsabati,-,Kangsabati,22.96500000,86.79027778,27-03-2026 23:30,0.5
839,Kangsabati Reservoir,CWC,19,West Bengal,305,BANKURA,-,-,-,Ganga,Ganga,Bhagirathi-II (WB)*,Kangsabati,-,Kangsabati,22.96500000,86.79027778,28-03-2026 01:30,1
840,Kangsabati Reservoir,CWC,19,West Bengal,305,BANKURA,-,-,-,Ganga,Ganga,Bhagirathi-II (WB)*,Kangsabati,-,Kangsabati,22.96500000,86.79027778,28-03-2026 02:30,1
841,Kangsabati Reservoir,CWC,19,West Bengal,305,BANKURA,-,-,-,Ganga,Ganga,Bhagirathi-II (WB)*,Kangsabati,-,Kangsabati,22.96500000,86.79027778,28-03-2026 04:30,1.5
842,Kangsabati Reservoir,CWC,19,West Bengal,305,BANKURA,-,-,-,Ganga,Ganga,Bhagirathi-II (WB)*,Kangsabati,-,Kangsabati,22.96500000,86.79027778,28-03-2026 07:30,1.5
843,Kangsabati Reservoir,CWC,19,West Bengal,305,BANKURA,-,-,-,Ganga,Ganga,Bhagirathi-II (WB)*,Kangsabati,-,Kangsabati,22.96500000,86.79027778,28-03-2026 23:30,138
844,Kangsabati Reservoir,CWC,19,West Bengal,305,BANKURA,-,-,-,Ganga,Ganga,Bhagirathi-II (WB)*,Kangsabati,-,Kangsabati,22.96500000,86.79027778,29-03-2026 21:30,110
845,Kangsabati Reservoir,CWC,19,West Bengal,305,BANKURA,-,-,-,Ganga,Ganga,Bhagirathi-II (WB)*,Kangsabati,-,Kangsabati,22.96500000,86.79027778,30-03-2026 17:30,5
846,Kangsabati Reservoir,CWC,19,West Bengal,305,BANKURA,-,-,-,Ganga,Ganga,Bhagirathi-II (WB)*,Kangsabati,-,Kangsabati,22.96500000,86.79027778,30-03-2026 18:30,2
847,Kangsabati Reservoir,CWC,19,West Bengal,305,BANKURA,-,-,-,Ganga,Ganga,Bhagirathi-II (WB)*,Kangsabati,-,Kangsabati,22.96500000,86.79027778,30-03-2026 19:30,495.5
848,Kangsabati Reservoir,CWC,19,West Bengal,305,BANKURA,-,-,-,Ganga,Ganga,Bhagirathi-II (WB)*,Kangsabati,-,Kangsabati,22.96500000,86.79027778,30-03-2026 21:30,0.5
849,Kangsabati Reservoir,CWC,19,West Bengal,305,BANKURA,-,-,-,Ganga,Ganga,Bhagirathi-II (WB)*,Kangsabati,-,Kangsabati,22.96500000,86.79027778,30-03-2026 22:30,1
850,Kangsabati Reservoir,CWC,19,West Bengal,305,BANKURA,-,-,-,Ganga,Ganga,Bhagirathi-II (WB)*,Kangsabati,-,Kangsabati,22.96500000,86.79027778,30-03-2026 23:30,0.5
851,Kangsabati Reservoir,CWC,19,West Bengal,305,BANKURA,-,-,-,Ganga,Ganga,Bhagirathi-II (WB)*,Kangsabati,-,Kangsabati,22.96500000,86.79027778,31-03-2026 00:30,11.5
852,Kangsabati Reservoir,CWC,19,West Bengal,305,BANKURA,-,-,-,Ganga,Ganga,Bhagirathi-II (WB)*,Kangsabati,-,Kangsabati,22.96500000,86.79027778,31-03-2026 01:30,0.5
853,Kangsabati Reservoir,CWC,19,West Bengal,305,BANKURA,-,-,-,Ganga,Ganga,Bhagirathi-II (WB)*,Kangsabati,-,Kangsabati,22.96500000,86.79027778,31-03-2026 02:30,0.5
854,Kangsabati Reservoir,CWC,19,West Bengal,305,BANKURA,-,-,-,Ganga,Ganga,Bhagirathi-II (WB)*,Kangsabati,-,Kangsabati,22.96500000,86.79027778,31-03-2026 03:30,0.5
855,Kangsabati Reservoir,CWC,19,West Bengal,305,BANKURA,-,-,-,Ganga,Ganga,Bhagirathi-II (WB)*,Kangsabati,-,Kangsabati,22.96500000,86.79027778,31-03-2026 04:30,0.5
856,Kangsabati Reservoir,CWC,19,West Bengal,305,BANKURA,-,-,-,Ganga,Ganga,Bhagirathi-II (WB)*,Kangsabati,-,Kangsabati,22.96500000,86.79027778,31-03-2026 05:30,13.5
857,Kangsabati Reservoir,CWC,19,West Bengal,305,BANKURA,-,-,-,Ganga,Ganga,Bhagirathi-II (WB)*,Kangsabati,-,Kangsabati,22.96500000,86.79027778,31-03-2026 06:30,14
858,Kangsabati Reservoir,CWC,19,West Bengal,305,BANKURA,-,-,-,Ganga,Ganga,Bhagirathi-II (WB)*,Kangsabati,-,Kangsabati,22.96500000,86.79027778,31-03-2026 13:30,15
859,Kangsabati Reservoir,CWC,19,West Bengal,305,BANKURA,-,-,-,Ganga,Ganga,Bhagirathi-II (WB)*,Kangsabati,-,Kangsabati,22.96500000,86.79027778,31-03-2026 14:30,15.5
860,Kangsabati Reservoir,CWC,19,West Bengal,305,BANKURA,-,-,-,Ganga,Ganga,Bhagirathi-II (WB)*,Kangsabati,-,Kangsabati,22.96500000,86.79027778,31-03-2026 18:30,16
861,Kangsabati Reservoir,CWC,19,West Bengal,305,BANKURA,-,-,-,Ganga,Ganga,Bhagirathi-II (WB)*,Kangsabati,-,Kangsabati,22.96500000,86.79027778,31-03-2026 19:30,16
862,Kangsabati Reservoir,CWC,19,West Bengal,305,BANKURA,-,-,-,Ganga,Ganga,Bhagirathi-II (WB)*,Kangsabati,-,Kangsabati,22.96500000,86.79027778,31-03-2026 20:30,16
863,Kangsabati Reservoir,CWC,19,West Bengal,305,BANKURA,-,-,-,Ganga,Ganga,Bhagirathi-II (WB)*,Kangsabati,-,Kangsabati,22.96500000,86.79027778,31-03-2026 21:30,16
864,Kangsabati Reservoir,CWC,19,West Bengal,305,BANKURA,-,-,-,Ganga,Ganga,Bhagirathi-II (WB)*,Kangsabati,-,Kangsabati,22.96500000,86.79027778,31-03-2026 22:30,16.5
865,Kangsabati Reservoir,CWC,19,West Bengal,305,BANKURA,-,-,-,Ganga,Ganga,Bhagirathi-II (WB)*,Kangsabati,-,Kangsabati,22.96500000,86.79027778,31-03-2026 23:30,16.5
866,Kangsabati Reservoir,CWC,19,West Bengal,305,BANKURA,-,-,-,Ganga,Ganga,Bhagirathi-II (WB)*,Kangsabati,-,Kangsabati,22.96500000,86.79027778,01-04-2026 00:30,16.5
867,Kangsabati Reservoir,CWC,19,West Bengal,305,BANKURA,-,-,-,Ganga,Ganga,Bhagirathi-II (WB)*,Kangsabati,-,Kangsabati,22.96500000,86.79027778,01-04-2026 01:30,16.5
868,Kangsabati Reservoir,CWC,19,West Bengal,305,BANKURA,-,-,-,Ganga,Ganga,Bhagirathi-II (WB)*,Kangsabati,-,Kangsabati,22.96500000,86.79027778,01-04-2026 02:30,16.5
869,Kangsabati Reservoir,CWC,19,West Bengal,305,BANKURA,-,-,-,Ganga,Ganga,Bhagirathi-II (WB)*,Kangsabati,-,Kangsabati,22.96500000,86.79027778,01-04-2026 03:30,16.5
870,Kangsabati Reservoir,CWC,19,West Bengal,305,BANKURA,-,-,-,Ganga,Ganga,Bhagirathi-II (WB)*,Kangsabati,-,Kangsabati,22.96500000,86.79027778,01-04-2026 04:30,16.5
871,Kangsabati Reservoir,CWC,19,West Bengal,305,BANKURA,-,-,-,Ganga,Ganga,Bhagirathi-II (WB)*,Kangsabati,-,Kangsabati,22.96500000,86.79027778,01-04-2026 06:30,0.5
872,Kangsabati Reservoir,CWC,19,West Bengal,305,BANKURA,-,-,-,Ganga,Ganga,Bhagirathi-II (WB)*,Kangsabati,-,Kangsabati,22.96500000,86.79027778,01-04-2026 15:30,0.5
873,Kangsabati Reservoir,CWC,19,West Bengal,305,BANKURA,-,-,-,Ganga,Ganga,Bhagirathi-II (WB)*,Kangsabati,-,Kangsabati,22.96500000,86.79027778,01-04-2026 17:30,0.5
874,Kangsabati Reservoir,CWC,19,West Bengal,305,BANKURA,-,-,-,Ganga,Ganga,Bhagirathi-II (WB)*,Kangsabati,-,Kangsabati,22.96500000,86.79027778,01-04-2026 18:30,0.5
875,Kangsabati Reservoir,CWC,19,West Bengal,305,BANKURA,-,-,-,Ganga,Ganga,Bhagirathi-II (WB)*,Kangsabati,-,Kangsabati,22.96500000,86.79027778,01-04-2026 22:30,0.5
876,Kangsabati Reservoir,CWC,19,West Bengal,305,BANKURA,-,-,-,Ganga,Ganga,Bhagirathi-II (WB)*,Kangsabati,-,Kangsabati,22.96500000,86.79027778,02-04-2026 00:30,0.5
877,Kangsabati Reservoir,CWC,19,West Bengal,305,BANKURA,-,-,-,Ganga,Ganga,Bhagirathi-II (WB)*,Kangsabati,-,Kangsabati,22.96500000,86.79027778,02-04-2026 02:30,0.5
878,Kangsabati Reservoir,CWC,19,West Bengal,305,BANKURA,-,-,-,Ganga,Ganga,Bhagirathi-II (WB)*,Kangsabati,-,Kangsabati,22.96500000,86.79027778,02-04-2026 04:30,1
879,Kangsabati Reservoir,CWC,19,West Bengal,305,BANKURA,-,-,-,Ganga,Ganga,Bhagirathi-II (WB)*,Kangsabati,-,Kangsabati,22.96500000,86.79027778,02-04-2026 09:30,0.5
880,Kangsabati Reservoir,CWC,19,West Bengal,305,BANKURA,-,-,-,Ganga,Ganga,Bhagirathi-II (WB)*,Kangsabati,-,Kangsabati,22.96500000,86.79027778,02-04-2026 10:30,0.5
881,Kangsabati Reservoir,CWC,19,West Bengal,305,BANKURA,-,-,-,Ganga,Ganga,Bhagirathi-II (WB)*,Kangsabati,-,Kangsabati,22.96500000,86.79027778,02-04-2026 11:30,0.5
882,Kangsabati Reservoir,CWC,19,West Bengal,305,BANKURA,-,-,-,Ganga,Ganga,Bhagirathi-II (WB)*,Kangsabati,-,Kangsabati,22.96500000,86.79027778,02-04-2026 14:30,144
883,Kangsabati Reservoir,CWC,19,West Bengal,305,BANKURA,-,-,-,Ganga,Ganga,Bhagirathi-II (WB)*,Kangsabati,-,Kangsabati,22.96500000,86.79027778,02-04-2026 15:30,0.5
884,Kangsabati Reservoir,CWC,19,West Bengal,305,BANKURA,-,-,-,Ganga,Ganga,Bhagirathi-II (WB)*,Kangsabati,-,Kangsabati,22.96500000,86.79027778,02-04-2026 17:30,0.5
885,Kangsabati Reservoir,CWC,19,West Bengal,305,BANKURA,-,-,-,Ganga,Ganga,Bhagirathi-II (WB)*,Kangsabati,-,Kangsabati,22.96500000,86.79027778,02-04-2026 20:30,1
886,Kangsabati Reservoir,CWC,19,West Bengal,305,BANKURA,-,-,-,Ganga,Ganga,Bhagirathi-II (WB)*,Kangsabati,-,Kangsabati,22.96500000,86.79027778,02-04-2026 21:30,1
887,Kangsabati Reservoir,CWC,19,West Bengal,305,BANKURA,-,-,-,Ganga,Ganga,Bhagirathi-II (WB)*,Kangsabati,-,Kangsabati,22.96500000,86.79027778,02-04-2026 23:30,1
888,Kangsabati Reservoir,CWC,19,West Bengal,305,BANKURA,-,-,-,Ganga,Ganga,Bhagirathi-II (WB)*,Kangsabati,-,Kangsabati,22.96500000,86.79027778,03-04-2026 03:30,0.5
889,Kangsabati Reservoir,CWC,19,West Bengal,305,BANKURA,-,-,-,Ganga,Ganga,Bhagirathi-II (WB)*,Kangsabati,-,Kangsabati,22.96500000,86.79027778,03-04-2026 04:30,1.5
890,Kangsabati Reservoir,CWC,19,West Bengal,305,BANKURA,-,-,-,Ganga,Ganga,Bhagirathi-II (WB)*,Kangsabati,-,Kangsabati,22.96500000,86.79027778,03-04-2026 05:30,1.5
891,Kangsabati Reservoir,CWC,19,West Bengal,305,BANKURA,-,-,-,Ganga,Ganga,Bhagirathi-II (WB)*,Kangsabati,-,Kangsabati,22.96500000,86.79027778,03-04-2026 07:30,1.5
892,Kangsabati Reservoir,CWC,19,West Bengal,305,BANKURA,-,-,-,Ganga,Ganga,Bhagirathi-II (WB)*,Kangsabati,-,Kangsabati,22.96500000,86.79027778,03-04-2026 11:30,0.5
893,Kangsabati Reservoir,CWC,19,West Bengal,305,BANKURA,-,-,-,Ganga,Ganga,Bhagirathi-II (WB)*,Kangsabati,-,Kangsabati,22.96500000,86.79027778,03-04-2026 12:30,0.5
894,Kangsabati Reservoir,CWC,19,West Bengal,305,BANKURA,-,-,-,Ganga,Ganga,Bhagirathi-II (WB)*,Kangsabati,-,Kangsabati,22.96500000,86.79027778,03-04-2026 13:30,0.5
895,Kangsabati Reservoir,CWC,19,West Bengal,305,BANKURA,-,-,-,Ganga,Ganga,Bhagirathi-II (WB)*,Kangsabati,-,Kangsabati,22.96500000,86.79027778,03-04-2026 14:30,0.5
896,Kangsabati Reservoir,CWC,19,West Bengal,305,BANKURA,-,-,-,Ganga,Ganga,Bhagirathi-II (WB)*,Kangsabati,-,Kangsabati,22.96500000,86.79027778,03-04-2026 17:30,0.5
897,Kangsabati Reservoir,CWC,19,West Bengal,305,BANKURA,-,-,-,Ganga,Ganga,Bhagirathi-II (WB)*,Kangsabati,-,Kangsabati,22.96500000,86.79027778,03-04-2026 19:30,0.5
898,Kangsabati Reservoir,CWC,19,West Bengal,305,BANKURA,-,-,-,Ganga,Ganga,Bhagirathi-II (WB)*,Kangsabati,-,Kangsabati,22.96500000,86.79027778,03-04-2026 21:30,0.5
899,Kangsabati Reservoir,CWC,19,West Bengal,305,BANKURA,-,-,-,Ganga,Ganga,Bhagirathi-II (WB)*,Kangsabati,-,Kangsabati,22.96500000,86.79027778,04-04-2026 02:30,0.5
900,Kangsabati Reservoir,CWC,19,West Bengal,305,BANKURA,-,-,-,Ganga,Ganga,Bhagirathi-II (WB)*,Kangsabati,-,Kangsabati,22.96500000,86.79027778,04-04-2026 04:30,1
901,Kangsabati Reservoir,CWC,19,West Bengal,305,BANKURA,-,-,-,Ganga,Ganga,Bhagirathi-II (WB)*,Kangsabati,-,Kangsabati,22.96500000,86.79027778,04-04-2026 05:30,1
902,Kangsabati Reservoir,CWC,19,West Bengal,305,BANKURA,-,-,-,Ganga,Ganga,Bhagirathi-II (WB)*,Kangsabati,-,Kangsabati,22.96500000,86.79027778,04-04-2026 06:30,1
903,Kangsabati Reservoir,CWC,19,West Bengal,305,BANKURA,-,-,-,Ganga,Ganga,Bhagirathi-II (WB)*,Kangsabati,-,Kangsabati,22.96500000,86.79027778,04-04-2026 15:30,0.5
904,Kangsabati Reservoir,CWC,19,West Bengal,305,BANKURA,-,-,-,Ganga,Ganga,Bhagirathi-II (WB)*,Kangsabati,-,Kangsabati,22.96500000,86.79027778,04-04-2026 18:30,0.5
905,Kangsabati Reservoir,CWC,19,West Bengal,305,BANKURA,-,-,-,Ganga,Ganga,Bhagirathi-II (WB)*,Kangsabati,-,Kangsabati,22.96500000,86.79027778,04-04-2026 20:30,0.5
906,Kangsabati Reservoir,CWC,19,West Bengal,305,BANKURA,-,-,-,Ganga,Ganga,Bhagirathi-II (WB)*,Kangsabati,-,Kangsabati,22.96500000,86.79027778,04-04-2026 23:30,0.5
907,Kangsabati Reservoir,CWC,19,West Bengal,305,BANKURA,-,-,-,Ganga,Ganga,Bhagirathi-II (WB)*,Kangsabati,-,Kangsabati,22.96500000,86.79027778,05-04-2026 01:30,0.5
908,Kangsabati Reservoir,CWC,19,West Bengal,305,BANKURA,-,-,-,Ganga,Ganga,Bhagirathi-II (WB)*,Kangsabati,-,Kangsabati,22.96500000,86.79027778,05-04-2026 04:30,1
909,Kangsabati Reservoir,CWC,19,West Bengal,305,BANKURA,-,-,-,Ganga,Ganga,Bhagirathi-II (WB)*,Kangsabati,-,Kangsabati,22.96500000,86.79027778,05-04-2026 05:30,0.5
910,Kangsabati Reservoir,CWC,19,West Bengal,305,BANKURA,-,-,-,Ganga,Ganga,Bhagirathi-II (WB)*,Kangsabati,-,Kangsabati,22.96500000,86.79027778,06-04-2026 18:30,0.5
911,Kangsabati Reservoir,CWC,19,West Bengal,305,BANKURA,-,-,-,Ganga,Ganga,Bhagirathi-II (WB)*,Kangsabati,-,Kangsabati,22.96500000,86.79027778,06-04-2026 22:30,0.5
912,Kangsabati Reservoir,CWC,19,West Bengal,305,BANKURA,-,-,-,Ganga,Ganga,Bhagirathi-II (WB)*,Kangsabati,-,Kangsabati,22.96500000,86.79027778,07-04-2026 00:30,0.5
913,Kangsabati Reservoir,CWC,19,West Bengal,305,BANKURA,-,-,-,Ganga,Ganga,Bhagirathi-II (WB)*,Kangsabati,-,Kangsabati,22.96500000,86.79027778,07-04-2026 04:30,0.5
914,Kangsabati Reservoir,CWC,19,West Bengal,305,BANKURA,-,-,-,Ganga,Ganga,Bhagirathi-II (WB)*,Kangsabati,-,Kangsabati,22.96500000,86.79027778,07-04-2026 17:30,0.5
915,Kangsabati Reservoir,CWC,19,West Bengal,305,BANKURA,-,-,-,Ganga,Ganga,Bhagirathi-II (WB)*,Kangsabati,-,Kangsabati,22.96500000,86.79027778,07-04-2026 18:30,0.5
916,Kangsabati Reservoir,CWC,19,West Bengal,305,BANKURA,-,-,-,Ganga,Ganga,Bhagirathi-II (WB)*,Kangsabati,-,Kangsabati,22.96500000,86.79027778,07-04-2026 20:30,0.5
917,Kangsabati Reservoir,CWC,19,West Bengal,305,BANKURA,-,-,-,Ganga,Ganga,Bhagirathi-II (WB)*,Kangsabati,-,Kangsabati,22.96500000,86.79027778,07-04-2026 22:30,0.5
918,Kangsabati Reservoir,CWC,19,West Bengal,305,BANKURA,-,-,-,Ganga,Ganga,Bhagirathi-II (WB)*,Kangsabati,-,Kangsabati,22.96500000,86.79027778,08-04-2026 02:30,0.5
919,Kangsabati Reservoir,CWC,19,West Bengal,305,BANKURA,-,-,-,Ganga,Ganga,Bhagirathi-II (WB)*,Kangsabati,-,Kangsabati,22.96500000,86.79027778,08-04-2026 03:30,0.5
920,Kangsabati Reservoir,CWC,19,West Bengal,305,BANKURA,-,-,-,Ganga,Ganga,Bhagirathi-II (WB)*,Kangsabati,-,Kangsabati,22.96500000,86.79027778,08-04-2026 05:30,0.5
921,Kangsabati Reservoir,CWC,19,West Bengal,305,BANKURA,-,-,-,Ganga,Ganga,Bhagirathi-II (WB)*,Kangsabati,-,Kangsabati,22.96500000,86.79027778,08-04-2026 06:30,0.5
922,Kangsabati Reservoir,CWC,19,West Bengal,305,BANKURA,-,-,-,Ganga,Ganga,Bhagirathi-II (WB)*,Kangsabati,-,Kangsabati,22.96500000,86.79027778,08-04-2026 07:30,0.5
923,Kangsabati Reservoir,CWC,19,West Bengal,305,BANKURA,-,-,-,Ganga,Ganga,Bhagirathi-II (WB)*,Kangsabati,-,Kangsabati,22.96500000,86.79027778,08-04-2026 08:30,2.5
924,Kangsabati Reservoir,CWC,19,West Bengal,305,BANKURA,-,-,-,Ganga,Ganga,Bhagirathi-II (WB)*,Kangsabati,-,Kangsabati,22.96500000,86.79027778,08-04-2026 11:30,0.5
925,Kangsabati Reservoir,CWC,19,West Bengal,305,BANKURA,-,-,-,Ganga,Ganga,Bhagirathi-II (WB)*,Kangsabati,-,Kangsabati,22.96500000,86.79027778,08-04-2026 12:30,0.5
926,Kangsabati Reservoir,CWC,19,West Bengal,305,BANKURA,-,-,-,Ganga,Ganga,Bhagirathi-II (WB)*,Kangsabati,-,Kangsabati,22.96500000,86.79027778,08-04-2026 13:30,0.5
927,Kangsabati Reservoir,CWC,19,West Bengal,305,BANKURA,-,-,-,Ganga,Ganga,Bhagirathi-II (WB)*,Kangsabati,-,Kangsabati,22.96500000,86.79027778,08-04-2026 14:30,3
928,Kangsabati Reservoir,CWC,19,West Bengal,305,BANKURA,-,-,-,Ganga,Ganga,Bhagirathi-II (WB)*,Kangsabati,-,Kangsabati,22.96500000,86.79027778,08-04-2026 15:30,0.5
929,Kangsabati Reservoir,CWC,19,West Bengal,305,BANKURA,-,-,-,Ganga,Ganga,Bhagirathi-II (WB)*,Kangsabati,-,Kangsabati,22.96500000,86.79027778,08-04-2026 17:30,0.5
930,Kangsabati Reservoir,CWC,19,West Bengal,305,BANKURA,-,-,-,Ganga,Ganga,Bhagirathi-II (WB)*,Kangsabati,-,Kangsabati,22.96500000,86.79027778,08-04-2026 18:30,0.5
931,Kangsabati Reservoir,CWC,19,West Bengal,305,BANKURA,-,-,-,Ganga,Ganga,Bhagirathi-II (WB)*,Kangsabati,-,Kangsabati,22.96500000,86.79027778,08-04-2026 19:30,0.5
932,Kangsabati Reservoir,CWC,19,West Bengal,305,BANKURA,-,-,-,Ganga,Ganga,Bhagirathi-II (WB)*,Kangsabati,-,Kangsabati,22.96500000,86.79027778,09-04-2026 00:30,0.5
933,Kangsabati Reservoir,CWC,19,West Bengal,305,BANKURA,-,-,-,Ganga,Ganga,Bhagirathi-II (WB)*,Kangsabati,-,Kangsabati,22.96500000,86.79027778,09-04-2026 04:30,0.5
934,Kangsabati Reservoir,CWC,19,West Bengal,305,BANKURA,-,-,-,Ganga,Ganga,Bhagirathi-II (WB)*,Kangsabati,-,Kangsabati,22.96500000,86.79027778,09-04-2026 05:30,0.5
935,Kangsabati Reservoir,CWC,19,West Bengal,305,BANKURA,-,-,-,Ganga,Ganga,Bhagirathi-II (WB)*,Kangsabati,-,Kangsabati,22.96500000,86.79027778,09-04-2026 12:30,40
936,Kangsabati Reservoir,CWC,19,West Bengal,305,BANKURA,-,-,-,Ganga,Ganga,Bhagirathi-II (WB)*,Kangsabati,-,Kangsabati,22.96500000,86.79027778,09-04-2026 18:30,0.5
937,Kangsabati Reservoir,CWC,19,West Bengal,305,BANKURA,-,-,-,Ganga,Ganga,Bhagirathi-II (WB)*,Kangsabati,-,Kangsabati,22.96500000,86.79027778,10-04-2026 01:30,0.5
938,Kangsabati Reservoir,CWC,19,West Bengal,305,BANKURA,-,-,-,Ganga,Ganga,Bhagirathi-II (WB)*,Kangsabati,-,Kangsabati,22.96500000,86.79027778,10-04-2026 02:30,0.5
939,Kangsabati Reservoir,CWC,19,West Bengal,305,BANKURA,-,-,-,Ganga,Ganga,Bhagirathi-II (WB)*,Kangsabati,-,Kangsabati,22.96500000,86.79027778,10-04-2026 04:30,0.5
940,Kangsabati Reservoir,CWC,19,West Bengal,305,BANKURA,-,-,-,Ganga,Ganga,Bhagirathi-II (WB)*,Kangsabati,-,Kangsabati,22.96500000,86.79027778,11-04-2026 07:30,0.5
941,Kangsabati Reservoir,CWC,19,West Bengal,305,BANKURA,-,-,-,Ganga,Ganga,Bhagirathi-II (WB)*,Kangsabati,-,Kangsabati,22.96500000,86.79027778,12-04-2026 07:30,0.5
942,Kangsabati Reservoir,CWC,19,West Bengal,305,BANKURA,-,-,-,Ganga,Ganga,Bhagirathi-II (WB)*,Kangsabati,-,Kangsabati,22.96500000,86.79027778,12-04-2026 14:30,0.5
943,Kangsabati Reservoir,CWC,19,West Bengal,305,BANKURA,-,-,-,Ganga,Ganga,Bhagirathi-II (WB)*,Kangsabati,-,Kangsabati,22.96500000,86.79027778,12-04-2026 16:30,0.5
944,Kangsabati Reservoir,CWC,19,West Bengal,305,BANKURA,-,-,-,Ganga,Ganga,Bhagirathi-II (WB)*,Kangsabati,-,Kangsabati,22.96500000,86.79027778,12-04-2026 19:30,0.5
945,Kangsabati Reservoir,CWC,19,West Bengal,305,BANKURA,-,-,-,Ganga,Ganga,Bhagirathi-II (WB)*,Kangsabati,-,Kangsabati,22.96500000,86.79027778,12-04-2026 22:30,1.5
946,Kangsabati Reservoir,CWC,19,West Bengal,305,BANKURA,-,-,-,Ganga,Ganga,Bhagirathi-II (WB)*,Kangsabati,-,Kangsabati,22.96500000,86.79027778,12-04-2026 23:30,1.5
947,Kangsabati Reservoir,CWC,19,West Bengal,305,BANKURA,-,-,-,Ganga,Ganga,Bhagirathi-II (WB)*,Kangsabati,-,Kangsabati,22.96500000,86.79027778,13-04-2026 00:30,1.5
948,Kangsabati Reservoir,CWC,19,West Bengal,305,BANKURA,-,-,-,Ganga,Ganga,Bhagirathi-II (WB)*,Kangsabati,-,Kangsabati,22.96500000,86.79027778,13-04-2026 02:30,1.5
949,Kangsabati Reservoir,CWC,19,West Bengal,305,BANKURA,-,-,-,Ganga,Ganga,Bhagirathi-II (WB)*,Kangsabati,-,Kangsabati,22.96500000,86.79027778,13-04-2026 04:30,2
950,Kangsabati Reservoir,CWC,19,West Bengal,305,BANKURA,-,-,-,Ganga,Ganga,Bhagirathi-II (WB)*,Kangsabati,-,Kangsabati,22.96500000,86.79027778,13-04-2026 07:30,2.5
951,Kangsabati Reservoir,CWC,19,West Bengal,305,BANKURA,-,-,-,Ganga,Ganga,Bhagirathi-II (WB)*,Kangsabati,-,Kangsabati,22.96500000,86.79027778,13-04-2026 08:30,0.5
952,Kangsabati Reservoir,CWC,19,West Bengal,305,BANKURA,-,-,-,Ganga,Ganga,Bhagirathi-II (WB)*,Kangsabati,-,Kangsabati,22.96500000,86.79027778,13-04-2026 10:30,0.5
953,Kangsabati Reservoir,CWC,19,West Bengal,305,BANKURA,-,-,-,Ganga,Ganga,Bhagirathi-II (WB)*,Kangsabati,-,Kangsabati,22.96500000,86.79027778,13-04-2026 11:30,0.5
954,Kangsabati Reservoir,CWC,19,West Bengal,305,BANKURA,-,-,-,Ganga,Ganga,Bhagirathi-II (WB)*,Kangsabati,-,Kangsabati,22.96500000,86.79027778,13-04-2026 17:30,1.5
955,Kangsabati Reservoir,CWC,19,West Bengal,305,BANKURA,-,-,-,Ganga,Ganga,Bhagirathi-II (WB)*,Kangsabati,-,Kangsabati,22.96500000,86.79027778,13-04-2026 18:30,1.5
956,Kangsabati Reservoir,CWC,19,West Bengal,305,BANKURA,-,-,-,Ganga,Ganga,Bhagirathi-II (WB)*,Kangsabati,-,Kangsabati,22.96500000,86.79027778,13-04-2026 21:30,153
957,Kangsabati Reservoir,CWC,19,West Bengal,305,BANKURA,-,-,-,Ganga,Ganga,Bhagirathi-II (WB)*,Kangsabati,-,Kangsabati,22.96500000,86.79027778,13-04-2026 23:30,2
958,Kangsabati Reservoir,CWC,19,West Bengal,305,BANKURA,-,-,-,Ganga,Ganga,Bhagirathi-II (WB)*,Kangsabati,-,Kangsabati,22.96500000,86.79027778,14-04-2026 02:30,2
959,Kangsabati Reservoir,CWC,19,West Bengal,305,BANKURA,-,-,-,Ganga,Ganga,Bhagirathi-II (WB)*,Kangsabati,-,Kangsabati,22.96500000,86.79027778,14-04-2026 04:30,2
960,Kangsabati Reservoir,CWC,19,West Bengal,305,BANKURA,-,-,-,Ganga,Ganga,Bhagirathi-II (WB)*,Kangsabati,-,Kangsabati,22.96500000,86.79027778,14-04-2026 07:30,2
961,Kangsabati Reservoir,CWC,19,West Bengal,305,BANKURA,-,-,-,Ganga,Ganga,Bhagirathi-II (WB)*,Kangsabati,-,Kangsabati,22.96500000,86.79027778,20-04-2026 19:30,0.5
962,Kangsabati Reservoir,CWC,19,West Bengal,305,BANKURA,-,-,-,Ganga,Ganga,Bhagirathi-II (WB)*,Kangsabati,-,Kangsabati,22.96500000,86.79027778,21-04-2026 00:30,0.5
963,Kangsabati Reservoir,CWC,19,West Bengal,305,BANKURA,-,-,-,Ganga,Ganga,Bhagirathi-II (WB)*,Kangsabati,-,Kangsabati,22.96500000,86.79027778,21-04-2026 04:30,0.5
964,Kangsabati Reservoir,CWC,19,West Bengal,305,BANKURA,-,-,-,Ganga,Ganga,Bhagirathi-II (WB)*,Kangsabati,-,Kangsabati,22.96500000,86.79027778,21-04-2026 07:30,0.5
965,Kangsabati Reservoir,CWC,19,West Bengal,305,BANKURA,-,-,-,Ganga,Ganga,Bhagirathi-II (WB)*,Kangsabati,-,Kangsabati,22.96500000,86.79027778,27-04-2026 15:30,4
966,Kangsabati Reservoir,CWC,19,West Bengal,305,BANKURA,-,-,-,Ganga,Ganga,Bhagirathi-II (WB)*,Kangsabati,-,Kangsabati,22.96500000,86.79027778,27-04-2026 16:30,4
967,Kangsabati Reservoir,CWC,19,West Bengal,305,BANKURA,-,-,-,Ganga,Ganga,Bhagirathi-II (WB)*,Kangsabati,-,Kangsabati,22.96500000,86.79027778,27-04-2026 17:30,5.5
968,Kangsabati Reservoir,CWC,19,West Bengal,305,BANKURA,-,-,-,Ganga,Ganga,Bhagirathi-II (WB)*,Kangsabati,-,Kangsabati,22.96500000,86.79027778,27-04-2026 19:30,5.5
969,Kangsabati Reservoir,CWC,19,West Bengal,305,BANKURA,-,-,-,Ganga,Ganga,Bhagirathi-II (WB)*,Kangsabati,-,Kangsabati,22.96500000,86.79027778,27-04-2026 22:30,5.5
970,Kangsabati Reservoir,CWC,19,West Bengal,305,BANKURA,-,-,-,Ganga,Ganga,Bhagirathi-II (WB)*,Kangsabati,-,Kangsabati,22.96500000,86.79027778,27-04-2026 23:30,5.5
971,Kangsabati Reservoir,CWC,19,West Bengal,305,BANKURA,-,-,-,Ganga,Ganga,Bhagirathi-II (WB)*,Kangsabati,-,Kangsabati,22.96500000,86.79027778,28-04-2026 04:30,5.5
972,Kangsabati Reservoir,CWC,19,West Bengal,305,BANKURA,-,-,-,Ganga,Ganga,Bhagirathi-II (WB)*,Kangsabati,-,Kangsabati,22.96500000,86.79027778,28-04-2026 06:30,5.5
973,Kangsabati Reservoir,CWC,19,West Bengal,305,BANKURA,-,-,-,Ganga,Ganga,Bhagirathi-II (WB)*,Kangsabati,-,Kangsabati,22.96500000,86.79027778,29-04-2026 04:30,0.5
974,Kangsabati Reservoir,CWC,19,West Bengal,305,BANKURA,-,-,-,Ganga,Ganga,Bhagirathi-II (WB)*,Kangsabati,-,Kangsabati,22.96500000,86.79027778,29-04-2026 05:30,0.5
975,Kangsabati Reservoir,CWC,19,West Bengal,305,BANKURA,-,-,-,Ganga,Ganga,Bhagirathi-II (WB)*,Kangsabati,-,Kangsabati,22.96500000,86.79027778,29-04-2026 06:30,0.5
976,Kangsabati Reservoir,CWC,19,West Bengal,305,BANKURA,-,-,-,Ganga,Ganga,Bhagirathi-II (WB)*,Kangsabati,-,Kangsabati,22.96500000,86.79027778,29-04-2026 08:30,0.5
977,Kangsabati Reservoir,CWC,19,West Bengal,305,BANKURA,-,-,-,Ganga,Ganga,Bhagirathi-II (WB)*,Kangsabati,-,Kangsabati,22.96500000,86.79027778,29-04-2026 09:30,0.5
978,Kangsabati Reservoir,CWC,19,West Bengal,305,BANKURA,-,-,-,Ganga,Ganga,Bhagirathi-II (WB)*,Kangsabati,-,Kangsabati,22.96500000,86.79027778,29-04-2026 10:30,0.5
979,Kangsabati Reservoir,CWC,19,West Bengal,305,BANKURA,-,-,-,Ganga,Ganga,Bhagirathi-II (WB)*,Kangsabati,-,Kangsabati,22.96500000,86.79027778,29-04-2026 12:30,0.5
980,Kangsabati Reservoir,CWC,19,West Bengal,305,BANKURA,-,-,-,Ganga,Ganga,Bhagirathi-II (WB)*,Kangsabati,-,Kangsabati,22.96500000,86.79027778,29-04-2026 18:30,2.5
981,Kangsabati Reservoir,CWC,19,West Bengal,305,BANKURA,-,-,-,Ganga,Ganga,Bhagirathi-II (WB)*,Kangsabati,-,Kangsabati,22.96500000,86.79027778,29-04-2026 19:30,1.5
982,Kangsabati Reservoir,CWC,19,West Bengal,305,BANKURA,-,-,-,Ganga,Ganga,Bhagirathi-II (WB)*,Kangsabati,-,Kangsabati,22.96500000,86.79027778,29-04-2026 20:30,8.5
983,Kangsabati Reservoir,CWC,19,West Bengal,305,BANKURA,-,-,-,Ganga,Ganga,Bhagirathi-II (WB)*,Kangsabati,-,Kangsabati,22.96500000,86.79027778,29-04-2026 21:30,10.5
984,Kangsabati Reservoir,CWC,19,West Bengal,305,BANKURA,-,-,-,Ganga,Ganga,Bhagirathi-II (WB)*,Kangsabati,-,Kangsabati,22.96500000,86.79027778,29-04-2026 22:30,2
985,Kangsabati Reservoir,CWC,19,West Bengal,305,BANKURA,-,-,-,Ganga,Ganga,Bhagirathi-II (WB)*,Kangsabati,-,Kangsabati,22.96500000,86.79027778,29-04-2026 23:30,12.5
986,Kangsabati Reservoir,CWC,19,West Bengal,305,BANKURA,-,-,-,Ganga,Ganga,Bhagirathi-II (WB)*,Kangsabati,-,Kangsabati,22.96500000,86.79027778,30-04-2026 00:30,0.5
987,Kangsabati Reservoir,CWC,19,West Bengal,305,BANKURA,-,-,-,Ganga,Ganga,Bhagirathi-II (WB)*,Kangsabati,-,Kangsabati,22.96500000,86.79027778,30-04-2026 01:30,13
988,Kangsabati Reservoir,CWC,19,West Bengal,305,BANKURA,-,-,-,Ganga,Ganga,Bhagirathi-II (WB)*,Kangsabati,-,Kangsabati,22.96500000,86.79027778,30-04-2026 03:30,13
989,Kangsabati Reservoir,CWC,19,West Bengal,305,BANKURA,-,-,-,Ganga,Ganga,Bhagirathi-II (WB)*,Kangsabati,-,Kangsabati,22.96500000,86.79027778,01-05-2026 04:30,20
990,Kangsabati Reservoir,CWC,19,West Bengal,305,BANKURA,-,-,-,Ganga,Ganga,Bhagirathi-II (WB)*,Kangsabati,-,Kangsabati,22.96500000,86.79027778,01-05-2026 05:30,1
991,Kangsabati Reservoir,CWC,19,West Bengal,305,BANKURA,-,-,-,Ganga,Ganga,Bhagirathi-II (WB)*,Kangsabati,-,Kangsabati,22.96500000,86.79027778,01-05-2026 07:30,0.5
992,Kangsabati Reservoir,CWC,19,West Bengal,305,BANKURA,-,-,-,Ganga,Ganga,Bhagirathi-II (WB)*,Kangsabati,-,Kangsabati,22.96500000,86.79027778,01-05-2026 08:30,1
993,Kangsabati Reservoir,CWC,19,West Bengal,305,BANKURA,-,-,-,Ganga,Ganga,Bhagirathi-II (WB)*,Kangsabati,-,Kangsabati,22.96500000,86.79027778,01-05-2026 17:30,0.5
994,Kangsabati Reservoir,CWC,19,West Bengal,305,BANKURA,-,-,-,Ganga,Ganga,Bhagirathi-II (WB)*,Kangsabati,-,Kangsabati,22.96500000,86.79027778,02-05-2026 00:30,0.5
995,Kangsabati Reservoir,CWC,19,West Bengal,305,BANKURA,-,-,-,Ganga,Ganga,Bhagirathi-II (WB)*,Kangsabati,-,Kangsabati,22.96500000,86.79027778,02-05-2026 04:30,0.5
996,Kangsabati Reservoir,CWC,19,West Bengal,305,BANKURA,-,-,-,Ganga,Ganga,Bhagirathi-II (WB)*,Kangsabati,-,Kangsabati,22.96500000,86.79027778,02-05-2026 05:30,27
997,Kangsabati Reservoir,CWC,19,West Bengal,305,BANKURA,-,-,-,Ganga,Ganga,Bhagirathi-II (WB)*,Kangsabati,-,Kangsabati,22.96500000,86.79027778,02-05-2026 06:30,27
998,Kangsabati Reservoir,CWC,19,West Bengal,305,BANKURA,-,-,-,Ganga,Ganga,Bhagirathi-II (WB)*,Kangsabati,-,Kangsabati,22.96500000,86.79027778,02-05-2026 07:30,27
999,Kangsabati Reservoir,CWC,19,West Bengal,305,BANKURA,-,-,-,Ganga,Ganga,Bhagirathi-II (WB)*,Kangsabati,-,Kangsabati,22.96500000,86.79027778,02-05-2026 10:30,0.5
1000,Kangsabati Reservoir,CWC,19,West Bengal,305,BANKURA,-,-,-,Ganga,Ganga,Bhagirathi-II (WB)*,Kangsabati,-,Kangsabati,22.96500000,86.79027778,02-05-2026 11:30,0.5
1001,Kangsabati Reservoir,CWC,19,West Bengal,305,BANKURA,-,-,-,Ganga,Ganga,Bhagirathi-II (WB)*,Kangsabati,-,Kangsabati,22.96500000,86.79027778,02-05-2026 12:30,0.5
1002,Kangsabati Reservoir,CWC,19,West Bengal,305,BANKURA,-,-,-,Ganga,Ganga,Bhagirathi-II (WB)*,Kangsabati,-,Kangsabati,22.96500000,86.79027778,02-05-2026 13:30,0.5
1003,Kangsabati Reservoir,CWC,19,West Bengal,305,BANKURA,-,-,-,Ganga,Ganga,Bhagirathi-II (WB)*,Kangsabati,-,Kangsabati,22.96500000,86.79027778,02-05-2026 14:30,3.5
1004,Kangsabati Reservoir,CWC,19,West Bengal,305,BANKURA,-,-,-,Ganga,Ganga,Bhagirathi-II (WB)*,Kangsabati,-,Kangsabati,22.96500000,86.79027778,02-05-2026 15:30,4
1005,Kangsabati Reservoir,CWC,19,West Bengal,305,BANKURA,-,-,-,Ganga,Ganga,Bhagirathi-II (WB)*,Kangsabati,-,Kangsabati,22.96500000,86.79027778,02-05-2026 17:30,4
1006,Kangsabati Reservoir,CWC,19,West Bengal,305,BANKURA,-,-,-,Ganga,Ganga,Bhagirathi-II (WB)*,Kangsabati,-,Kangsabati,22.96500000,86.79027778,02-05-2026 19:30,4
1007,Kangsabati Reservoir,CWC,19,West Bengal,305,BANKURA,-,-,-,Ganga,Ganga,Bhagirathi-II (WB)*,Kangsabati,-,Kangsabati,22.96500000,86.79027778,02-05-2026 23:30,4
1008,Kangsabati Reservoir,CWC,19,West Bengal,305,BANKURA,-,-,-,Ganga,Ganga,Bhagirathi-II (WB)*,Kangsabati,-,Kangsabati,22.96500000,86.79027778,03-05-2026 01:30,4
1009,Kangsabati Reservoir,CWC,19,West Bengal,305,BANKURA,-,-,-,Ganga,Ganga,Bhagirathi-II (WB)*,Kangsabati,-,Kangsabati,22.96500000,86.79027778,03-05-2026 03:30,4
1010,Kangsabati Reservoir,CWC,19,West Bengal,305,BANKURA,-,-,-,Ganga,Ganga,Bhagirathi-II (WB)*,Kangsabati,-,Kangsabati,22.96500000,86.79027778,10-05-2026 04:30,7
1011,Kangsabati Reservoir,CWC,19,West Bengal,305,BANKURA,-,-,-,Ganga,Ganga,Bhagirathi-II (WB)*,Kangsabati,-,Kangsabati,22.96500000,86.79027778,10-05-2026 07:30,7
1012,Kangsabati Reservoir,CWC,19,West Bengal,305,BANKURA,-,-,-,Ganga,Ganga,Bhagirathi-II (WB)*,Kangsabati,-,Kangsabati,22.96500000,86.79027778,12-05-2026 20:30,0.5
1013,Kangsabati Reservoir,CWC,19,West Bengal,305,BANKURA,-,-,-,Ganga,Ganga,Bhagirathi-II (WB)*,Kangsabati,-,Kangsabati,22.96500000,86.79027778,12-05-2026 22:30,0.5
1014,Kangsabati Reservoir,CWC,19,West Bengal,305,BANKURA,-,-,-,Ganga,Ganga,Bhagirathi-II (WB)*,Kangsabati,-,Kangsabati,22.96500000,86.79027778,13-05-2026 02:30,0.5
1015,Kangsabati Reservoir,CWC,19,West Bengal,305,BANKURA,-,-,-,Ganga,Ganga,Bhagirathi-II (WB)*,Kangsabati,-,Kangsabati,22.96500000,86.79027778,13-05-2026 04:30,0.5
1016,Kangsabati Reservoir,CWC,19,West Bengal,305,BANKURA,-,-,-,Ganga,Ganga,Bhagirathi-II (WB)*,Kangsabati,-,Kangsabati,22.96500000,86.79027778,21-05-2026 04:30,2
1017,Kangsabati Reservoir,CWC,19,West Bengal,305,BANKURA,-,-,-,Ganga,Ganga,Bhagirathi-II (WB)*,Kangsabati,-,Kangsabati,22.96500000,86.79027778,21-05-2026 05:30,2
1018,Kangsabati Reservoir,CWC,19,West Bengal,305,BANKURA,-,-,-,Ganga,Ganga,Bhagirathi-II (WB)*,Kangsabati,-,Kangsabati,22.96500000,86.79027778,21-05-2026 10:30,0.5
1019,Kangsabati Reservoir,CWC,19,West Bengal,305,BANKURA,-,-,-,Ganga,Ganga,Bhagirathi-II (WB)*,Kangsabati,-,Kangsabati,22.96500000,86.79027778,21-05-2026 12:30,2
1020,Kangsabati Reservoir,CWC,19,West Bengal,305,BANKURA,-,-,-,Ganga,Ganga,Bhagirathi-II (WB)*,Kangsabati,-,Kangsabati,22.96500000,86.79027778,27-05-2026 17:30,0.5
1021,Kangsabati Reservoir,CWC,19,West Bengal,305,BANKURA,-,-,-,Ganga,Ganga,Bhagirathi-II (WB)*,Kangsabati,-,Kangsabati,22.96500000,86.79027778,27-05-2026 18:30,0.5
1022,Kangsabati Reservoir,CWC,19,West Bengal,305,BANKURA,-,-,-,Ganga,Ganga,Bhagirathi-II (WB)*,Kangsabati,-,Kangsabati,22.96500000,86.79027778,27-05-2026 21:30,1
1023,Kangsabati Reservoir,CWC,19,West Bengal,305,BANKURA,-,-,-,Ganga,Ganga,Bhagirathi-II (WB)*,Kangsabati,-,Kangsabati,22.96500000,86.79027778,28-05-2026 02:30,1
1024,Kangsabati Reservoir,CWC,19,West Bengal,305,BANKURA,-,-,-,Ganga,Ganga,Bhagirathi-II (WB)*,Kangsabati,-,Kangsabati,22.96500000,86.79027778,28-05-2026 04:30,1
1025,Kangsabati Reservoir,CWC,19,West Bengal,305,BANKURA,-,-,-,Ganga,Ganga,Bhagirathi-II (WB)*,Kangsabati,-,Kangsabati,22.96500000,86.79027778,28-05-2026 07:30,1
1026,Kangsabati Reservoir,CWC,19,West Bengal,305,BANKURA,-,-,-,Ganga,Ganga,Bhagirathi-II (WB)*,Kangsabati,-,Kangsabati,22.96500000,86.79027778,29-05-2026 12:30,9
1027,Kangsabati Reservoir,CWC,19,West Bengal,305,BANKURA,-,-,-,Ganga,Ganga,Bhagirathi-II (WB)*,Kangsabati,-,Kangsabati,22.96500000,86.79027778,29-05-2026 13:30,11
1028,Kangsabati Reservoir,CWC,19,West Bengal,305,BANKURA,-,-,-,Ganga,Ganga,Bhagirathi-II (WB)*,Kangsabati,-,Kangsabati,22.96500000,86.79027778,29-05-2026 14:30,0.5
1029,Kangsabati Reservoir,CWC,19,West Bengal,305,BANKURA,-,-,-,Ganga,Ganga,Bhagirathi-II (WB)*,Kangsabati,-,Kangsabati,22.96500000,86.79027778,29-05-2026 15:30,0.5
1030,Kangsabati Reservoir,CWC,19,West Bengal,305,BANKURA,-,-,-,Ganga,Ganga,Bhagirathi-II (WB)*,Kangsabati,-,Kangsabati,22.96500000,86.79027778,29-05-2026 16:30,12
1031,Kangsabati Reservoir,CWC,19,West Bengal,305,BANKURA,-,-,-,Ganga,Ganga,Bhagirathi-II (WB)*,Kangsabati,-,Kangsabati,22.96500000,86.79027778,29-05-2026 17:30,0.5
1032,Kangsabati Reservoir,CWC,19,West Bengal,305,BANKURA,-,-,-,Ganga,Ganga,Bhagirathi-II (WB)*,Kangsabati,-,Kangsabati,22.96500000,86.79027778,29-05-2026 21:30,12
1033,Kangsabati Reservoir,CWC,19,West Bengal,305,BANKURA,-,-,-,Ganga,Ganga,Bhagirathi-II (WB)*,Kangsabati,-,Kangsabati,22.96500000,86.79027778,30-05-2026 04:30,12
1034,Kangsabati Reservoir,CWC,19,West Bengal,305,BANKURA,-,-,-,Ganga,Ganga,Bhagirathi-II (WB)*,Kangsabati,-,Kangsabati,22.96500000,86.79027778,30-05-2026 05:30,12
1035,Kangsabati Reservoir,CWC,19,West Bengal,305,BANKURA,-,-,-,Ganga,Ganga,Bhagirathi-II (WB)*,Kangsabati,-,Kangsabati,22.96500000,86.79027778,30-05-2026 06:30,12
1036,Kangsabati Reservoir,CWC,19,West Bengal,305,BANKURA,-,-,-,Ganga,Ganga,Bhagirathi-II (WB)*,Kangsabati,-,Kangsabati,22.96500000,86.79027778,30-05-2026 07:30,12
1037,KHARIDWAR,CWC,19,West Bengal,321,PURULIYA,PURULIYA - I,-,-,Ganga,Ganga,Bhagirathi-II (WB)*,Kangsabati,-,Kumari,23.00069444,86.63944444,02-01-2026 11:00,0.5
1038,KHARIDWAR,CWC,19,West Bengal,321,PURULIYA,PURULIYA - I,-,-,Ganga,Ganga,Bhagirathi-II (WB)*,Kangsabati,-,Kumari,23.00069444,86.63944444,04-01-2026 14:00,5
1039,KHARIDWAR,CWC,19,West Bengal,321,PURULIYA,PURULIYA - I,-,-,Ganga,Ganga,Bhagirathi-II (WB)*,Kangsabati,-,Kumari,23.00069444,86.63944444,08-01-2026 14:00,5
1040,KHARIDWAR,CWC,19,West Bengal,321,PURULIYA,PURULIYA - I,-,-,Ganga,Ganga,Bhagirathi-II (WB)*,Kangsabati,-,Kumari,23.00069444,86.63944444,10-01-2026 13:00,257
1041,KHARIDWAR,CWC,19,West Bengal,321,PURULIYA,PURULIYA - I,-,-,Ganga,Ganga,Bhagirathi-II (WB)*,Kangsabati,-,Kumari,23.00069444,86.63944444,12-01-2026 06:00,113
1042,KHARIDWAR,CWC,19,West Bengal,321,PURULIYA,PURULIYA - I,-,-,Ganga,Ganga,Bhagirathi-II (WB)*,Kangsabati,-,Kumari,23.00069444,86.63944444,03-02-2026 20:00,7
1043,KHARIDWAR,CWC,19,West Bengal,321,PURULIYA,PURULIYA - I,-,-,Ganga,Ganga,Bhagirathi-II (WB)*,Kangsabati,-,Kumari,23.00069444,86.63944444,07-02-2026 05:00,48
1044,KHARIDWAR,CWC,19,West Bengal,321,PURULIYA,PURULIYA - I,-,-,Ganga,Ganga,Bhagirathi-II (WB)*,Kangsabati,-,Kumari,23.00069444,86.63944444,08-02-2026 11:00,0.5
1045,KHARIDWAR,CWC,19,West Bengal,321,PURULIYA,PURULIYA - I,-,-,Ganga,Ganga,Bhagirathi-II (WB)*,Kangsabati,-,Kumari,23.00069444,86.63944444,14-02-2026 00:00,377
1046,KHARIDWAR,CWC,19,West Bengal,321,PURULIYA,PURULIYA - I,-,-,Ganga,Ganga,Bhagirathi-II (WB)*,Kangsabati,-,Kumari,23.00069444,86.63944444,14-02-2026 06:00,209
1047,KHARIDWAR,CWC,19,West Bengal,321,PURULIYA,PURULIYA - I,-,-,Ganga,Ganga,Bhagirathi-II (WB)*,Kangsabati,-,Kumari,23.00069444,86.63944444,14-02-2026 12:00,32
1048,KHARIDWAR,CWC,19,West Bengal,321,PURULIYA,PURULIYA - I,-,-,Ganga,Ganga,Bhagirathi-II (WB)*,Kangsabati,-,Kumari,23.00069444,86.63944444,14-02-2026 13:00,131.5
1049,KHARIDWAR,CWC,19,West Bengal,321,PURULIYA,PURULIYA - I,-,-,Ganga,Ganga,Bhagirathi-II (WB)*,Kangsabati,-,Kumari,23.00069444,86.63944444,17-02-2026 19:00,136
1050,KHARIDWAR,CWC,19,West Bengal,321,PURULIYA,PURULIYA - I,-,-,Ganga,Ganga,Bhagirathi-II (WB)*,Kangsabati,-,Kumari,23.00069444,86.63944444,18-02-2026 04:00,306
1051,KHARIDWAR,CWC,19,West Bengal,321,PURULIYA,PURULIYA - I,-,-,Ganga,Ganga,Bhagirathi-II (WB)*,Kangsabati,-,Kumari,23.00069444,86.63944444,22-02-2026 02:00,139
1052,KHARIDWAR,CWC,19,West Bengal,321,PURULIYA,PURULIYA - I,-,-,Ganga,Ganga,Bhagirathi-II (WB)*,Kangsabati,-,Kumari,23.00069444,86.63944444,23-02-2026 21:00,0.5
1053,KHARIDWAR,CWC,19,West Bengal,321,PURULIYA,PURULIYA - I,-,-,Ganga,Ganga,Bhagirathi-II (WB)*,Kangsabati,-,Kumari,23.00069444,86.63944444,26-02-2026 02:00,160
1054,KHARIDWAR,CWC,19,West Bengal,321,PURULIYA,PURULIYA - I,-,-,Ganga,Ganga,Bhagirathi-II (WB)*,Kangsabati,-,Kumari,23.00069444,86.63944444,28-02-2026 16:00,296.5
1055,KHARIDWAR,CWC,19,West Bengal,321,PURULIYA,PURULIYA - I,-,-,Ganga,Ganga,Bhagirathi-II (WB)*,Kangsabati,-,Kumari,23.00069444,86.63944444,19-03-2026 03:00,232
1056,KHARIDWAR,CWC,19,West Bengal,321,PURULIYA,PURULIYA - I,-,-,Ganga,Ganga,Bhagirathi-II (WB)*,Kangsabati,-,Kumari,23.00069444,86.63944444,26-03-2026 12:30,32.5
1057,KHARIDWAR,CWC,19,West Bengal,321,PURULIYA,PURULIYA - I,-,-,Ganga,Ganga,Bhagirathi-II (WB)*,Kangsabati,-,Kumari,23.00069444,86.63944444,27-03-2026 13:30,1.5
1058,KHARIDWAR,CWC,19,West Bengal,321,PURULIYA,PURULIYA - I,-,-,Ganga,Ganga,Bhagirathi-II (WB)*,Kangsabati,-,Kumari,23.00069444,86.63944444,27-03-2026 21:00,0.5
1059,KHARIDWAR,CWC,19,West Bengal,321,PURULIYA,PURULIYA - I,-,-,Ganga,Ganga,Bhagirathi-II (WB)*,Kangsabati,-,Kumari,23.00069444,86.63944444,27-03-2026 22:00,0.5
1060,KHARIDWAR,CWC,19,West Bengal,321,PURULIYA,PURULIYA - I,-,-,Ganga,Ganga,Bhagirathi-II (WB)*,Kangsabati,-,Kumari,23.00069444,86.63944444,27-03-2026 23:00,1
1061,KHARIDWAR,CWC,19,West Bengal,321,PURULIYA,PURULIYA - I,-,-,Ganga,Ganga,Bhagirathi-II (WB)*,Kangsabati,-,Kumari,23.00069444,86.63944444,28-03-2026 00:00,1
1062,KHARIDWAR,CWC,19,West Bengal,321,PURULIYA,PURULIYA - I,-,-,Ganga,Ganga,Bhagirathi-II (WB)*,Kangsabati,-,Kumari,23.00069444,86.63944444,28-03-2026 02:00,1
1063,KHARIDWAR,CWC,19,West Bengal,321,PURULIYA,PURULIYA - I,-,-,Ganga,Ganga,Bhagirathi-II (WB)*,Kangsabati,-,Kumari,23.00069444,86.63944444,29-03-2026 05:00,1
1064,KHARIDWAR,CWC,19,West Bengal,321,PURULIYA,PURULIYA - I,-,-,Ganga,Ganga,Bhagirathi-II (WB)*,Kangsabati,-,Kumari,23.00069444,86.63944444,30-03-2026 15:00,365
1065,KHARIDWAR,CWC,19,West Bengal,321,PURULIYA,PURULIYA - I,-,-,Ganga,Ganga,Bhagirathi-II (WB)*,Kangsabati,-,Kumari,23.00069444,86.63944444,30-03-2026 16:00,64
1066,KHARIDWAR,CWC,19,West Bengal,321,PURULIYA,PURULIYA - I,-,-,Ganga,Ganga,Bhagirathi-II (WB)*,Kangsabati,-,Kumari,23.00069444,86.63944444,30-03-2026 18:00,2
1067,KHARIDWAR,CWC,19,West Bengal,321,PURULIYA,PURULIYA - I,-,-,Ganga,Ganga,Bhagirathi-II (WB)*,Kangsabati,-,Kumari,23.00069444,86.63944444,30-03-2026 20:00,2
1068,KHARIDWAR,CWC,19,West Bengal,321,PURULIYA,PURULIYA - I,-,-,Ganga,Ganga,Bhagirathi-II (WB)*,Kangsabati,-,Kumari,23.00069444,86.63944444,31-03-2026 00:00,2
1069,KHARIDWAR,CWC,19,West Bengal,321,PURULIYA,PURULIYA - I,-,-,Ganga,Ganga,Bhagirathi-II (WB)*,Kangsabati,-,Kumari,23.00069444,86.63944444,31-03-2026 08:00,2.5
1070,KHARIDWAR,CWC,19,West Bengal,321,PURULIYA,PURULIYA - I,-,-,Ganga,Ganga,Bhagirathi-II (WB)*,Kangsabati,-,Kumari,23.00069444,86.63944444,03-04-2026 10:00,0.5
1071,KHARIDWAR,CWC,19,West Bengal,321,PURULIYA,PURULIYA - I,-,-,Ganga,Ganga,Bhagirathi-II (WB)*,Kangsabati,-,Kumari,23.00069444,86.63944444,03-04-2026 14:00,0.5
1072,KHARIDWAR,CWC,19,West Bengal,321,PURULIYA,PURULIYA - I,-,-,Ganga,Ganga,Bhagirathi-II (WB)*,Kangsabati,-,Kumari,23.00069444,86.63944444,03-04-2026 15:00,0.5
1073,KHARIDWAR,CWC,19,West Bengal,321,PURULIYA,PURULIYA - I,-,-,Ganga,Ganga,Bhagirathi-II (WB)*,Kangsabati,-,Kumari,23.00069444,86.63944444,03-04-2026 17:00,0.5
1074,KHARIDWAR,CWC,19,West Bengal,321,PURULIYA,PURULIYA - I,-,-,Ganga,Ganga,Bhagirathi-II (WB)*,Kangsabati,-,Kumari,23.00069444,86.63944444,03-04-2026 20:00,0.5
1075,KHARIDWAR,CWC,19,West Bengal,321,PURULIYA,PURULIYA - I,-,-,Ganga,Ganga,Bhagirathi-II (WB)*,Kangsabati,-,Kumari,23.00069444,86.63944444,03-04-2026 23:00,0.5
1076,KHARIDWAR,CWC,19,West Bengal,321,PURULIYA,PURULIYA - I,-,-,Ganga,Ganga,Bhagirathi-II (WB)*,Kangsabati,-,Kumari,23.00069444,86.63944444,04-04-2026 01:00,0.5
1077,KHARIDWAR,CWC,19,West Bengal,321,PURULIYA,PURULIYA - I,-,-,Ganga,Ganga,Bhagirathi-II (WB)*,Kangsabati,-,Kumari,23.00069444,86.63944444,05-04-2026 09:30,0.5
1078,KHARIDWAR,CWC,19,West Bengal,321,PURULIYA,PURULIYA - I,-,-,Ganga,Ganga,Bhagirathi-II (WB)*,Kangsabati,-,Kumari,23.00069444,86.63944444,08-04-2026 07:00,2
1079,KHARIDWAR,CWC,19,West Bengal,321,PURULIYA,PURULIYA - I,-,-,Ganga,Ganga,Bhagirathi-II (WB)*,Kangsabati,-,Kumari,23.00069444,86.63944444,08-04-2026 08:00,2
1080,KHARIDWAR,CWC,19,West Bengal,321,PURULIYA,PURULIYA - I,-,-,Ganga,Ganga,Bhagirathi-II (WB)*,Kangsabati,-,Kumari,23.00069444,86.63944444,08-04-2026 09:00,2
1081,KHARIDWAR,CWC,19,West Bengal,321,PURULIYA,PURULIYA - I,-,-,Ganga,Ganga,Bhagirathi-II (WB)*,Kangsabati,-,Kumari,23.00069444,86.63944444,08-04-2026 10:00,2
1082,KHARIDWAR,CWC,19,West Bengal,321,PURULIYA,PURULIYA - I,-,-,Ganga,Ganga,Bhagirathi-II (WB)*,Kangsabati,-,Kumari,23.00069444,86.63944444,08-04-2026 11:00,2
1083,KHARIDWAR,CWC,19,West Bengal,321,PURULIYA,PURULIYA - I,-,-,Ganga,Ganga,Bhagirathi-II (WB)*,Kangsabati,-,Kumari,23.00069444,86.63944444,08-04-2026 12:00,2
1084,KHARIDWAR,CWC,19,West Bengal,321,PURULIYA,PURULIYA - I,-,-,Ganga,Ganga,Bhagirathi-II (WB)*,Kangsabati,-,Kumari,23.00069444,86.63944444,08-04-2026 14:00,2.5
1085,KHARIDWAR,CWC,19,West Bengal,321,PURULIYA,PURULIYA - I,-,-,Ganga,Ganga,Bhagirathi-II (WB)*,Kangsabati,-,Kumari,23.00069444,86.63944444,08-04-2026 16:00,3
1086,KHARIDWAR,CWC,19,West Bengal,321,PURULIYA,PURULIYA - I,-,-,Ganga,Ganga,Bhagirathi-II (WB)*,Kangsabati,-,Kumari,23.00069444,86.63944444,08-04-2026 17:00,3
1087,KHARIDWAR,CWC,19,West Bengal,321,PURULIYA,PURULIYA - I,-,-,Ganga,Ganga,Bhagirathi-II (WB)*,Kangsabati,-,Kumari,23.00069444,86.63944444,08-04-2026 19:00,0.5
1088,KHARIDWAR,CWC,19,West Bengal,321,PURULIYA,PURULIYA - I,-,-,Ganga,Ganga,Bhagirathi-II (WB)*,Kangsabati,-,Kumari,23.00069444,86.63944444,08-04-2026 20:00,1
1089,KHARIDWAR,CWC,19,West Bengal,321,PURULIYA,PURULIYA - I,-,-,Ganga,Ganga,Bhagirathi-II (WB)*,Kangsabati,-,Kumari,23.00069444,86.63944444,08-04-2026 21:00,6
1090,KHARIDWAR,CWC,19,West Bengal,321,PURULIYA,PURULIYA - I,-,-,Ganga,Ganga,Bhagirathi-II (WB)*,Kangsabati,-,Kumari,23.00069444,86.63944444,08-04-2026 22:00,1
1091,KHARIDWAR,CWC,19,West Bengal,321,PURULIYA,PURULIYA - I,-,-,Ganga,Ganga,Bhagirathi-II (WB)*,Kangsabati,-,Kumari,23.00069444,86.63944444,08-04-2026 23:00,7
1092,KHARIDWAR,CWC,19,West Bengal,321,PURULIYA,PURULIYA - I,-,-,Ganga,Ganga,Bhagirathi-II (WB)*,Kangsabati,-,Kumari,23.00069444,86.63944444,09-04-2026 00:00,0.5
1093,KHARIDWAR,CWC,19,West Bengal,321,PURULIYA,PURULIYA - I,-,-,Ganga,Ganga,Bhagirathi-II (WB)*,Kangsabati,-,Kumari,23.00069444,86.63944444,09-04-2026 01:00,0.5
1094,KHARIDWAR,CWC,19,West Bengal,321,PURULIYA,PURULIYA - I,-,-,Ganga,Ganga,Bhagirathi-II (WB)*,Kangsabati,-,Kumari,23.00069444,86.63944444,09-04-2026 02:00,9
1095,KHARIDWAR,CWC,19,West Bengal,321,PURULIYA,PURULIYA - I,-,-,Ganga,Ganga,Bhagirathi-II (WB)*,Kangsabati,-,Kumari,23.00069444,86.63944444,09-04-2026 03:00,0.5
1096,KHARIDWAR,CWC,19,West Bengal,321,PURULIYA,PURULIYA - I,-,-,Ganga,Ganga,Bhagirathi-II (WB)*,Kangsabati,-,Kumari,23.00069444,86.63944444,09-04-2026 04:00,1.5
1097,KHARIDWAR,CWC,19,West Bengal,321,PURULIYA,PURULIYA - I,-,-,Ganga,Ganga,Bhagirathi-II (WB)*,Kangsabati,-,Kumari,23.00069444,86.63944444,09-04-2026 05:00,0.5
1098,KHARIDWAR,CWC,19,West Bengal,321,PURULIYA,PURULIYA - I,-,-,Ganga,Ganga,Bhagirathi-II (WB)*,Kangsabati,-,Kumari,23.00069444,86.63944444,09-04-2026 07:00,0.5
1099,KHARIDWAR,CWC,19,West Bengal,321,PURULIYA,PURULIYA - I,-,-,Ganga,Ganga,Bhagirathi-II (WB)*,Kangsabati,-,Kumari,23.00069444,86.63944444,09-04-2026 08:00,2.5
1100,KHARIDWAR,CWC,19,West Bengal,321,PURULIYA,PURULIYA - I,-,-,Ganga,Ganga,Bhagirathi-II (WB)*,Kangsabati,-,Kumari,23.00069444,86.63944444,09-04-2026 09:00,0.5
1101,KHARIDWAR,CWC,19,West Bengal,321,PURULIYA,PURULIYA - I,-,-,Ganga,Ganga,Bhagirathi-II (WB)*,Kangsabati,-,Kumari,23.00069444,86.63944444,09-04-2026 12:00,3.5
1102,KHARIDWAR,CWC,19,West Bengal,321,PURULIYA,PURULIYA - I,-,-,Ganga,Ganga,Bhagirathi-II (WB)*,Kangsabati,-,Kumari,23.00069444,86.63944444,09-04-2026 13:00,3.5
1103,KHARIDWAR,CWC,19,West Bengal,321,PURULIYA,PURULIYA - I,-,-,Ganga,Ganga,Bhagirathi-II (WB)*,Kangsabati,-,Kumari,23.00069444,86.63944444,09-04-2026 15:00,0.5
1104,KHARIDWAR,CWC,19,West Bengal,321,PURULIYA,PURULIYA - I,-,-,Ganga,Ganga,Bhagirathi-II (WB)*,Kangsabati,-,Kumari,23.00069444,86.63944444,09-04-2026 16:00,4
1105,KHARIDWAR,CWC,19,West Bengal,321,PURULIYA,PURULIYA - I,-,-,Ganga,Ganga,Bhagirathi-II (WB)*,Kangsabati,-,Kumari,23.00069444,86.63944444,09-04-2026 17:00,4.5
1106,KHARIDWAR,CWC,19,West Bengal,321,PURULIYA,PURULIYA - I,-,-,Ganga,Ganga,Bhagirathi-II (WB)*,Kangsabati,-,Kumari,23.00069444,86.63944444,09-04-2026 18:00,4.5
1107,KHARIDWAR,CWC,19,West Bengal,321,PURULIYA,PURULIYA - I,-,-,Ganga,Ganga,Bhagirathi-II (WB)*,Kangsabati,-,Kumari,23.00069444,86.63944444,09-04-2026 20:00,5
1108,KHARIDWAR,CWC,19,West Bengal,321,PURULIYA,PURULIYA - I,-,-,Ganga,Ganga,Bhagirathi-II (WB)*,Kangsabati,-,Kumari,23.00069444,86.63944444,09-04-2026 21:00,0.5
1109,KHARIDWAR,CWC,19,West Bengal,321,PURULIYA,PURULIYA - I,-,-,Ganga,Ganga,Bhagirathi-II (WB)*,Kangsabati,-,Kumari,23.00069444,86.63944444,09-04-2026 23:00,5.5
1110,KHARIDWAR,CWC,19,West Bengal,321,PURULIYA,PURULIYA - I,-,-,Ganga,Ganga,Bhagirathi-II (WB)*,Kangsabati,-,Kumari,23.00069444,86.63944444,10-04-2026 02:00,6
1111,KHARIDWAR,CWC,19,West Bengal,321,PURULIYA,PURULIYA - I,-,-,Ganga,Ganga,Bhagirathi-II (WB)*,Kangsabati,-,Kumari,23.00069444,86.63944444,10-04-2026 03:00,0.5
1112,KHARIDWAR,CWC,19,West Bengal,321,PURULIYA,PURULIYA - I,-,-,Ganga,Ganga,Bhagirathi-II (WB)*,Kangsabati,-,Kumari,23.00069444,86.63944444,10-04-2026 13:00,0.5
1113,KHARIDWAR,CWC,19,West Bengal,321,PURULIYA,PURULIYA - I,-,-,Ganga,Ganga,Bhagirathi-II (WB)*,Kangsabati,-,Kumari,23.00069444,86.63944444,10-04-2026 15:00,0.5
1114,KHARIDWAR,CWC,19,West Bengal,321,PURULIYA,PURULIYA - I,-,-,Ganga,Ganga,Bhagirathi-II (WB)*,Kangsabati,-,Kumari,23.00069444,86.63944444,10-04-2026 17:00,0.5
1115,KHARIDWAR,CWC,19,West Bengal,321,PURULIYA,PURULIYA - I,-,-,Ganga,Ganga,Bhagirathi-II (WB)*,Kangsabati,-,Kumari,23.00069444,86.63944444,10-04-2026 20:00,0.5
1116,KHARIDWAR,CWC,19,West Bengal,321,PURULIYA,PURULIYA - I,-,-,Ganga,Ganga,Bhagirathi-II (WB)*,Kangsabati,-,Kumari,23.00069444,86.63944444,10-04-2026 23:00,0.5
1117,KHARIDWAR,CWC,19,West Bengal,321,PURULIYA,PURULIYA - I,-,-,Ganga,Ganga,Bhagirathi-II (WB)*,Kangsabati,-,Kumari,23.00069444,86.63944444,11-04-2026 01:00,0.5
1118,KHARIDWAR,CWC,19,West Bengal,321,PURULIYA,PURULIYA - I,-,-,Ganga,Ganga,Bhagirathi-II (WB)*,Kangsabati,-,Kumari,23.00069444,86.63944444,11-04-2026 06:00,0.5
1119,KHARIDWAR,CWC,19,West Bengal,321,PURULIYA,PURULIYA - I,-,-,Ganga,Ganga,Bhagirathi-II (WB)*,Kangsabati,-,Kumari,23.00069444,86.63944444,11-04-2026 08:00,0.5
1120,KHARIDWAR,CWC,19,West Bengal,321,PURULIYA,PURULIYA - I,-,-,Ganga,Ganga,Bhagirathi-II (WB)*,Kangsabati,-,Kumari,23.00069444,86.63944444,11-04-2026 12:00,0.5
1121,KHARIDWAR,CWC,19,West Bengal,321,PURULIYA,PURULIYA - I,-,-,Ganga,Ganga,Bhagirathi-II (WB)*,Kangsabati,-,Kumari,23.00069444,86.63944444,11-04-2026 13:00,0.5
1122,KHARIDWAR,CWC,19,West Bengal,321,PURULIYA,PURULIYA - I,-,-,Ganga,Ganga,Bhagirathi-II (WB)*,Kangsabati,-,Kumari,23.00069444,86.63944444,11-04-2026 16:00,0.5
1123,KHARIDWAR,CWC,19,West Bengal,321,PURULIYA,PURULIYA - I,-,-,Ganga,Ganga,Bhagirathi-II (WB)*,Kangsabati,-,Kumari,23.00069444,86.63944444,11-04-2026 21:00,0.5
1124,KHARIDWAR,CWC,19,West Bengal,321,PURULIYA,PURULIYA - I,-,-,Ganga,Ganga,Bhagirathi-II (WB)*,Kangsabati,-,Kumari,23.00069444,86.63944444,11-04-2026 23:00,0.5
1125,KHARIDWAR,CWC,19,West Bengal,321,PURULIYA,PURULIYA - I,-,-,Ganga,Ganga,Bhagirathi-II (WB)*,Kangsabati,-,Kumari,23.00069444,86.63944444,12-04-2026 00:00,0.5
1126,KHARIDWAR,CWC,19,West Bengal,321,PURULIYA,PURULIYA - I,-,-,Ganga,Ganga,Bhagirathi-II (WB)*,Kangsabati,-,Kumari,23.00069444,86.63944444,15-04-2026 15:00,0.5
1127,KHARIDWAR,CWC,19,West Bengal,321,PURULIYA,PURULIYA - I,-,-,Ganga,Ganga,Bhagirathi-II (WB)*,Kangsabati,-,Kumari,23.00069444,86.63944444,15-04-2026 21:00,0.5
1128,KHARIDWAR,CWC,19,West Bengal,321,PURULIYA,PURULIYA - I,-,-,Ganga,Ganga,Bhagirathi-II (WB)*,Kangsabati,-,Kumari,23.00069444,86.63944444,15-04-2026 23:00,0.5
1129,KHARIDWAR,CWC,19,West Bengal,321,PURULIYA,PURULIYA - I,-,-,Ganga,Ganga,Bhagirathi-II (WB)*,Kangsabati,-,Kumari,23.00069444,86.63944444,16-04-2026 00:00,0.5
1130,KHARIDWAR,CWC,19,West Bengal,321,PURULIYA,PURULIYA - I,-,-,Ganga,Ganga,Bhagirathi-II (WB)*,Kangsabati,-,Kumari,23.00069444,86.63944444,16-04-2026 08:00,0.5
1131,KHARIDWAR,CWC,19,West Bengal,321,PURULIYA,PURULIYA - I,-,-,Ganga,Ganga,Bhagirathi-II (WB)*,Kangsabati,-,Kumari,23.00069444,86.63944444,16-04-2026 09:00,0.5
1132,KHARIDWAR,CWC,19,West Bengal,321,PURULIYA,PURULIYA - I,-,-,Ganga,Ganga,Bhagirathi-II (WB)*,Kangsabati,-,Kumari,23.00069444,86.63944444,16-04-2026 10:00,0.5
1133,KHARIDWAR,CWC,19,West Bengal,321,PURULIYA,PURULIYA - I,-,-,Ganga,Ganga,Bhagirathi-II (WB)*,Kangsabati,-,Kumari,23.00069444,86.63944444,16-04-2026 12:00,0.5
1134,KHARIDWAR,CWC,19,West Bengal,321,PURULIYA,PURULIYA - I,-,-,Ganga,Ganga,Bhagirathi-II (WB)*,Kangsabati,-,Kumari,23.00069444,86.63944444,16-04-2026 17:00,0.5
1135,KHARIDWAR,CWC,19,West Bengal,321,PURULIYA,PURULIYA - I,-,-,Ganga,Ganga,Bhagirathi-II (WB)*,Kangsabati,-,Kumari,23.00069444,86.63944444,16-04-2026 18:00,0.5
1136,KHARIDWAR,CWC,19,West Bengal,321,PURULIYA,PURULIYA - I,-,-,Ganga,Ganga,Bhagirathi-II (WB)*,Kangsabati,-,Kumari,23.00069444,86.63944444,16-04-2026 22:00,0.5
1137,KHARIDWAR,CWC,19,West Bengal,321,PURULIYA,PURULIYA - I,-,-,Ganga,Ganga,Bhagirathi-II (WB)*,Kangsabati,-,Kumari,23.00069444,86.63944444,16-04-2026 23:00,1
1138,KHARIDWAR,CWC,19,West Bengal,321,PURULIYA,PURULIYA - I,-,-,Ganga,Ganga,Bhagirathi-II (WB)*,Kangsabati,-,Kumari,23.00069444,86.63944444,17-04-2026 02:00,1
1139,KHARIDWAR,CWC,19,West Bengal,321,PURULIYA,PURULIYA - I,-,-,Ganga,Ganga,Bhagirathi-II (WB)*,Kangsabati,-,Kumari,23.00069444,86.63944444,17-04-2026 06:00,0.5
1140,KHARIDWAR,CWC,19,West Bengal,321,PURULIYA,PURULIYA - I,-,-,Ganga,Ganga,Bhagirathi-II (WB)*,Kangsabati,-,Kumari,23.00069444,86.63944444,17-04-2026 07:00,1.5
1141,KHARIDWAR,CWC,19,West Bengal,321,PURULIYA,PURULIYA - I,-,-,Ganga,Ganga,Bhagirathi-II (WB)*,Kangsabati,-,Kumari,23.00069444,86.63944444,17-04-2026 08:00,1
1142,KHARIDWAR,CWC,19,West Bengal,321,PURULIYA,PURULIYA - I,-,-,Ganga,Ganga,Bhagirathi-II (WB)*,Kangsabati,-,Kumari,23.00069444,86.63944444,17-04-2026 09:00,1
1143,KHARIDWAR,CWC,19,West Bengal,321,PURULIYA,PURULIYA - I,-,-,Ganga,Ganga,Bhagirathi-II (WB)*,Kangsabati,-,Kumari,23.00069444,86.63944444,17-04-2026 10:00,1
1144,KHARIDWAR,CWC,19,West Bengal,321,PURULIYA,PURULIYA - I,-,-,Ganga,Ganga,Bhagirathi-II (WB)*,Kangsabati,-,Kumari,23.00069444,86.63944444,17-04-2026 11:00,4
1145,KHARIDWAR,CWC,19,West Bengal,321,PURULIYA,PURULIYA - I,-,-,Ganga,Ganga,Bhagirathi-II (WB)*,Kangsabati,-,Kumari,23.00069444,86.63944444,17-04-2026 12:00,0.5
1146,KHARIDWAR,CWC,19,West Bengal,321,PURULIYA,PURULIYA - I,-,-,Ganga,Ganga,Bhagirathi-II (WB)*,Kangsabati,-,Kumari,23.00069444,86.63944444,17-04-2026 13:00,4.5
1147,KHARIDWAR,CWC,19,West Bengal,321,PURULIYA,PURULIYA - I,-,-,Ganga,Ganga,Bhagirathi-II (WB)*,Kangsabati,-,Kumari,23.00069444,86.63944444,17-04-2026 14:00,4.5
1148,KHARIDWAR,CWC,19,West Bengal,321,PURULIYA,PURULIYA - I,-,-,Ganga,Ganga,Bhagirathi-II (WB)*,Kangsabati,-,Kumari,23.00069444,86.63944444,17-04-2026 18:00,4.5
1149,KHARIDWAR,CWC,19,West Bengal,321,PURULIYA,PURULIYA - I,-,-,Ganga,Ganga,Bhagirathi-II (WB)*,Kangsabati,-,Kumari,23.00069444,86.63944444,17-04-2026 22:00,4.5
1150,KHARIDWAR,CWC,19,West Bengal,321,PURULIYA,PURULIYA - I,-,-,Ganga,Ganga,Bhagirathi-II (WB)*,Kangsabati,-,Kumari,23.00069444,86.63944444,17-04-2026 23:00,4.5
1151,KHARIDWAR,CWC,19,West Bengal,321,PURULIYA,PURULIYA - I,-,-,Ganga,Ganga,Bhagirathi-II (WB)*,Kangsabati,-,Kumari,23.00069444,86.63944444,18-04-2026 02:00,4.5
1152,KHARIDWAR,CWC,19,West Bengal,321,PURULIYA,PURULIYA - I,-,-,Ganga,Ganga,Bhagirathi-II (WB)*,Kangsabati,-,Kumari,23.00069444,86.63944444,20-04-2026 15:00,0.5
1153,KHARIDWAR,CWC,19,West Bengal,321,PURULIYA,PURULIYA - I,-,-,Ganga,Ganga,Bhagirathi-II (WB)*,Kangsabati,-,Kumari,23.00069444,86.63944444,20-04-2026 18:00,0.5
1154,KHARIDWAR,CWC,19,West Bengal,321,PURULIYA,PURULIYA - I,-,-,Ganga,Ganga,Bhagirathi-II (WB)*,Kangsabati,-,Kumari,23.00069444,86.63944444,20-04-2026 20:00,0.5
1155,KHARIDWAR,CWC,19,West Bengal,321,PURULIYA,PURULIYA - I,-,-,Ganga,Ganga,Bhagirathi-II (WB)*,Kangsabati,-,Kumari,23.00069444,86.63944444,20-04-2026 23:00,0.5
1156,KHARIDWAR,CWC,19,West Bengal,321,PURULIYA,PURULIYA - I,-,-,Ganga,Ganga,Bhagirathi-II (WB)*,Kangsabati,-,Kumari,23.00069444,86.63944444,28-04-2026 23:00,1
1157,KHARIDWAR,CWC,19,West Bengal,321,PURULIYA,PURULIYA - I,-,-,Ganga,Ganga,Bhagirathi-II (WB)*,Kangsabati,-,Kumari,23.00069444,86.63944444,29-04-2026 00:00,1
1158,KHARIDWAR,CWC,19,West Bengal,321,PURULIYA,PURULIYA - I,-,-,Ganga,Ganga,Bhagirathi-II (WB)*,Kangsabati,-,Kumari,23.00069444,86.63944444,29-04-2026 11:00,2
1159,KHARIDWAR,CWC,19,West Bengal,321,PURULIYA,PURULIYA - I,-,-,Ganga,Ganga,Bhagirathi-II (WB)*,Kangsabati,-,Kumari,23.00069444,86.63944444,29-04-2026 12:00,2
1160,KHARIDWAR,CWC,19,West Bengal,321,PURULIYA,PURULIYA - I,-,-,Ganga,Ganga,Bhagirathi-II (WB)*,Kangsabati,-,Kumari,23.00069444,86.63944444,29-04-2026 13:00,8.5
1161,KHARIDWAR,CWC,19,West Bengal,321,PURULIYA,PURULIYA - I,-,-,Ganga,Ganga,Bhagirathi-II (WB)*,Kangsabati,-,Kumari,23.00069444,86.63944444,29-04-2026 14:00,2.5
1162,KHARIDWAR,CWC,19,West Bengal,321,PURULIYA,PURULIYA - I,-,-,Ganga,Ganga,Bhagirathi-II (WB)*,Kangsabati,-,Kumari,23.00069444,86.63944444,29-04-2026 15:00,18
1163,KHARIDWAR,CWC,19,West Bengal,321,PURULIYA,PURULIYA - I,-,-,Ganga,Ganga,Bhagirathi-II (WB)*,Kangsabati,-,Kumari,23.00069444,86.63944444,29-04-2026 16:00,2.5
1164,KHARIDWAR,CWC,19,West Bengal,321,PURULIYA,PURULIYA - I,-,-,Ganga,Ganga,Bhagirathi-II (WB)*,Kangsabati,-,Kumari,23.00069444,86.63944444,29-04-2026 17:00,1
1165,KHARIDWAR,CWC,19,West Bengal,321,PURULIYA,PURULIYA - I,-,-,Ganga,Ganga,Bhagirathi-II (WB)*,Kangsabati,-,Kumari,23.00069444,86.63944444,29-04-2026 18:00,0.5
1166,KHARIDWAR,CWC,19,West Bengal,321,PURULIYA,PURULIYA - I,-,-,Ganga,Ganga,Bhagirathi-II (WB)*,Kangsabati,-,Kumari,23.00069444,86.63944444,29-04-2026 19:00,19.5
1167,KHARIDWAR,CWC,19,West Bengal,321,PURULIYA,PURULIYA - I,-,-,Ganga,Ganga,Bhagirathi-II (WB)*,Kangsabati,-,Kumari,23.00069444,86.63944444,29-04-2026 20:00,19.5
1168,KHARIDWAR,CWC,19,West Bengal,321,PURULIYA,PURULIYA - I,-,-,Ganga,Ganga,Bhagirathi-II (WB)*,Kangsabati,-,Kumari,23.00069444,86.63944444,29-04-2026 22:00,20
1169,KHARIDWAR,CWC,19,West Bengal,321,PURULIYA,PURULIYA - I,-,-,Ganga,Ganga,Bhagirathi-II (WB)*,Kangsabati,-,Kumari,23.00069444,86.63944444,30-04-2026 23:00,4.5
1170,KHARIDWAR,CWC,19,West Bengal,321,PURULIYA,PURULIYA - I,-,-,Ganga,Ganga,Bhagirathi-II (WB)*,Kangsabati,-,Kumari,23.00069444,86.63944444,01-05-2026 04:00,0.5
1171,KHARIDWAR,CWC,19,West Bengal,321,PURULIYA,PURULIYA - I,-,-,Ganga,Ganga,Bhagirathi-II (WB)*,Kangsabati,-,Kumari,23.00069444,86.63944444,01-05-2026 05:00,0.5
1172,KHARIDWAR,CWC,19,West Bengal,321,PURULIYA,PURULIYA - I,-,-,Ganga,Ganga,Bhagirathi-II (WB)*,Kangsabati,-,Kumari,23.00069444,86.63944444,01-05-2026 06:00,0.5
1173,KHARIDWAR,CWC,19,West Bengal,321,PURULIYA,PURULIYA - I,-,-,Ganga,Ganga,Bhagirathi-II (WB)*,Kangsabati,-,Kumari,23.00069444,86.63944444,01-05-2026 07:00,2.5
1174,KHARIDWAR,CWC,19,West Bengal,321,PURULIYA,PURULIYA - I,-,-,Ganga,Ganga,Bhagirathi-II (WB)*,Kangsabati,-,Kumari,23.00069444,86.63944444,01-05-2026 10:00,2
1175,KHARIDWAR,CWC,19,West Bengal,321,PURULIYA,PURULIYA - I,-,-,Ganga,Ganga,Bhagirathi-II (WB)*,Kangsabati,-,Kumari,23.00069444,86.63944444,01-05-2026 11:00,1.5
1176,KHARIDWAR,CWC,19,West Bengal,321,PURULIYA,PURULIYA - I,-,-,Ganga,Ganga,Bhagirathi-II (WB)*,Kangsabati,-,Kumari,23.00069444,86.63944444,01-05-2026 15:00,0.5
1177,KHARIDWAR,CWC,19,West Bengal,321,PURULIYA,PURULIYA - I,-,-,Ganga,Ganga,Bhagirathi-II (WB)*,Kangsabati,-,Kumari,23.00069444,86.63944444,01-05-2026 18:00,0.5
1178,KHARIDWAR,CWC,19,West Bengal,321,PURULIYA,PURULIYA - I,-,-,Ganga,Ganga,Bhagirathi-II (WB)*,Kangsabati,-,Kumari,23.00069444,86.63944444,01-05-2026 20:00,0.5
1179,KHARIDWAR,CWC,19,West Bengal,321,PURULIYA,PURULIYA - I,-,-,Ganga,Ganga,Bhagirathi-II (WB)*,Kangsabati,-,Kumari,23.00069444,86.63944444,01-05-2026 23:00,0.5
1180,KHARIDWAR,CWC,19,West Bengal,321,PURULIYA,PURULIYA - I,-,-,Ganga,Ganga,Bhagirathi-II (WB)*,Kangsabati,-,Kumari,23.00069444,86.63944444,02-05-2026 00:00,15.5
1181,KHARIDWAR,CWC,19,West Bengal,321,PURULIYA,PURULIYA - I,-,-,Ganga,Ganga,Bhagirathi-II (WB)*,Kangsabati,-,Kumari,23.00069444,86.63944444,02-05-2026 01:00,16
1182,KHARIDWAR,CWC,19,West Bengal,321,PURULIYA,PURULIYA - I,-,-,Ganga,Ganga,Bhagirathi-II (WB)*,Kangsabati,-,Kumari,23.00069444,86.63944444,02-05-2026 02:00,16
1183,KHARIDWAR,CWC,19,West Bengal,321,PURULIYA,PURULIYA - I,-,-,Ganga,Ganga,Bhagirathi-II (WB)*,Kangsabati,-,Kumari,23.00069444,86.63944444,02-05-2026 03:00,1
1184,KHARIDWAR,CWC,19,West Bengal,321,PURULIYA,PURULIYA - I,-,-,Ganga,Ganga,Bhagirathi-II (WB)*,Kangsabati,-,Kumari,23.00069444,86.63944444,02-05-2026 04:00,1
1185,KHARIDWAR,CWC,19,West Bengal,321,PURULIYA,PURULIYA - I,-,-,Ganga,Ganga,Bhagirathi-II (WB)*,Kangsabati,-,Kumari,23.00069444,86.63944444,02-05-2026 05:00,3.5
1186,KHARIDWAR,CWC,19,West Bengal,321,PURULIYA,PURULIYA - I,-,-,Ganga,Ganga,Bhagirathi-II (WB)*,Kangsabati,-,Kumari,23.00069444,86.63944444,02-05-2026 06:00,5
1187,KHARIDWAR,CWC,19,West Bengal,321,PURULIYA,PURULIYA - I,-,-,Ganga,Ganga,Bhagirathi-II (WB)*,Kangsabati,-,Kumari,23.00069444,86.63944444,02-05-2026 07:00,1.5
1188,KHARIDWAR,CWC,19,West Bengal,321,PURULIYA,PURULIYA - I,-,-,Ganga,Ganga,Bhagirathi-II (WB)*,Kangsabati,-,Kumari,23.00069444,86.63944444,02-05-2026 08:00,7
1189,KHARIDWAR,CWC,19,West Bengal,321,PURULIYA,PURULIYA - I,-,-,Ganga,Ganga,Bhagirathi-II (WB)*,Kangsabati,-,Kumari,23.00069444,86.63944444,02-05-2026 09:00,7
1190,KHARIDWAR,CWC,19,West Bengal,321,PURULIYA,PURULIYA - I,-,-,Ganga,Ganga,Bhagirathi-II (WB)*,Kangsabati,-,Kumari,23.00069444,86.63944444,02-05-2026 11:00,0.5
1191,KHARIDWAR,CWC,19,West Bengal,321,PURULIYA,PURULIYA - I,-,-,Ganga,Ganga,Bhagirathi-II (WB)*,Kangsabati,-,Kumari,23.00069444,86.63944444,02-05-2026 12:00,0.5
1192,KHARIDWAR,CWC,19,West Bengal,321,PURULIYA,PURULIYA - I,-,-,Ganga,Ganga,Bhagirathi-II (WB)*,Kangsabati,-,Kumari,23.00069444,86.63944444,02-05-2026 14:00,9
1193,KHARIDWAR,CWC,19,West Bengal,321,PURULIYA,PURULIYA - I,-,-,Ganga,Ganga,Bhagirathi-II (WB)*,Kangsabati,-,Kumari,23.00069444,86.63944444,02-05-2026 15:00,9
1194,KHARIDWAR,CWC,19,West Bengal,321,PURULIYA,PURULIYA - I,-,-,Ganga,Ganga,Bhagirathi-II (WB)*,Kangsabati,-,Kumari,23.00069444,86.63944444,02-05-2026 18:00,0.5
1195,KHARIDWAR,CWC,19,West Bengal,321,PURULIYA,PURULIYA - I,-,-,Ganga,Ganga,Bhagirathi-II (WB)*,Kangsabati,-,Kumari,23.00069444,86.63944444,02-05-2026 19:00,10.5
1196,KHARIDWAR,CWC,19,West Bengal,321,PURULIYA,PURULIYA - I,-,-,Ganga,Ganga,Bhagirathi-II (WB)*,Kangsabati,-,Kumari,23.00069444,86.63944444,02-05-2026 20:00,11
1197,KHARIDWAR,CWC,19,West Bengal,321,PURULIYA,PURULIYA - I,-,-,Ganga,Ganga,Bhagirathi-II (WB)*,Kangsabati,-,Kumari,23.00069444,86.63944444,02-05-2026 21:00,11.5
1198,KHARIDWAR,CWC,19,West Bengal,321,PURULIYA,PURULIYA - I,-,-,Ganga,Ganga,Bhagirathi-II (WB)*,Kangsabati,-,Kumari,23.00069444,86.63944444,02-05-2026 22:00,12
1199,KHARIDWAR,CWC,19,West Bengal,321,PURULIYA,PURULIYA - I,-,-,Ganga,Ganga,Bhagirathi-II (WB)*,Kangsabati,-,Kumari,23.00069444,86.63944444,02-05-2026 23:00,0.5
1200,KHARIDWAR,CWC,19,West Bengal,321,PURULIYA,PURULIYA - I,-,-,Ganga,Ganga,Bhagirathi-II (WB)*,Kangsabati,-,Kumari,23.00069444,86.63944444,09-05-2026 23:00,9
1201,KHARIDWAR,CWC,19,West Bengal,321,PURULIYA,PURULIYA - I,-,-,Ganga,Ganga,Bhagirathi-II (WB)*,Kangsabati,-,Kumari,23.00069444,86.63944444,10-05-2026 02:00,0.5
1202,KHARIDWAR,CWC,19,West Bengal,321,PURULIYA,PURULIYA - I,-,-,Ganga,Ganga,Bhagirathi-II (WB)*,Kangsabati,-,Kumari,23.00069444,86.63944444,10-05-2026 18:00,0.5
1203,KHARIDWAR,CWC,19,West Bengal,321,PURULIYA,PURULIYA - I,-,-,Ganga,Ganga,Bhagirathi-II (WB)*,Kangsabati,-,Kumari,23.00069444,86.63944444,10-05-2026 19:00,0.5
1204,KHARIDWAR,CWC,19,West Bengal,321,PURULIYA,PURULIYA - I,-,-,Ganga,Ganga,Bhagirathi-II (WB)*,Kangsabati,-,Kumari,23.00069444,86.63944444,10-05-2026 23:00,0.5
1205,KHARIDWAR,CWC,19,West Bengal,321,PURULIYA,PURULIYA - I,-,-,Ganga,Ganga,Bhagirathi-II (WB)*,Kangsabati,-,Kumari,23.00069444,86.63944444,11-05-2026 02:00,0.5
1206,KHARIDWAR,CWC,19,West Bengal,321,PURULIYA,PURULIYA - I,-,-,Ganga,Ganga,Bhagirathi-II (WB)*,Kangsabati,-,Kumari,23.00069444,86.63944444,11-05-2026 08:00,0.5
1207,KHARIDWAR,CWC,19,West Bengal,321,PURULIYA,PURULIYA - I,-,-,Ganga,Ganga,Bhagirathi-II (WB)*,Kangsabati,-,Kumari,23.00069444,86.63944444,11-05-2026 09:00,0.5
1208,KHARIDWAR,CWC,19,West Bengal,321,PURULIYA,PURULIYA - I,-,-,Ganga,Ganga,Bhagirathi-II (WB)*,Kangsabati,-,Kumari,23.00069444,86.63944444,11-05-2026 14:00,1
1209,KHARIDWAR,CWC,19,West Bengal,321,PURULIYA,PURULIYA - I,-,-,Ganga,Ganga,Bhagirathi-II (WB)*,Kangsabati,-,Kumari,23.00069444,86.63944444,11-05-2026 15:00,1
1210,KHARIDWAR,CWC,19,West Bengal,321,PURULIYA,PURULIYA - I,-,-,Ganga,Ganga,Bhagirathi-II (WB)*,Kangsabati,-,Kumari,23.00069444,86.63944444,11-05-2026 17:00,1
1211,KHARIDWAR,CWC,19,West Bengal,321,PURULIYA,PURULIYA - I,-,-,Ganga,Ganga,Bhagirathi-II (WB)*,Kangsabati,-,Kumari,23.00069444,86.63944444,11-05-2026 18:00,1
1212,KHARIDWAR,CWC,19,West Bengal,321,PURULIYA,PURULIYA - I,-,-,Ganga,Ganga,Bhagirathi-II (WB)*,Kangsabati,-,Kumari,23.00069444,86.63944444,11-05-2026 19:00,1
1213,KHARIDWAR,CWC,19,West Bengal,321,PURULIYA,PURULIYA - I,-,-,Ganga,Ganga,Bhagirathi-II (WB)*,Kangsabati,-,Kumari,23.00069444,86.63944444,11-05-2026 20:00,1
1214,KHARIDWAR,CWC,19,West Bengal,321,PURULIYA,PURULIYA - I,-,-,Ganga,Ganga,Bhagirathi-II (WB)*,Kangsabati,-,Kumari,23.00069444,86.63944444,11-05-2026 22:00,1
1215,KHARIDWAR,CWC,19,West Bengal,321,PURULIYA,PURULIYA - I,-,-,Ganga,Ganga,Bhagirathi-II (WB)*,Kangsabati,-,Kumari,23.00069444,86.63944444,11-05-2026 23:00,1
1216,KHARIDWAR,CWC,19,West Bengal,321,PURULIYA,PURULIYA - I,-,-,Ganga,Ganga,Bhagirathi-II (WB)*,Kangsabati,-,Kumari,23.00069444,86.63944444,12-05-2026 00:00,1
1217,KHARIDWAR,CWC,19,West Bengal,321,PURULIYA,PURULIYA - I,-,-,Ganga,Ganga,Bhagirathi-II (WB)*,Kangsabati,-,Kumari,23.00069444,86.63944444,12-05-2026 02:00,0.5
1218,KHARIDWAR,CWC,19,West Bengal,321,PURULIYA,PURULIYA - I,-,-,Ganga,Ganga,Bhagirathi-II (WB)*,Kangsabati,-,Kumari,23.00069444,86.63944444,12-05-2026 14:00,0.5
1219,KHARIDWAR,CWC,19,West Bengal,321,PURULIYA,PURULIYA - I,-,-,Ganga,Ganga,Bhagirathi-II (WB)*,Kangsabati,-,Kumari,23.00069444,86.63944444,12-05-2026 17:00,0.5
1220,KHARIDWAR,CWC,19,West Bengal,321,PURULIYA,PURULIYA - I,-,-,Ganga,Ganga,Bhagirathi-II (WB)*,Kangsabati,-,Kumari,23.00069444,86.63944444,12-05-2026 20:00,0.5
1221,KHARIDWAR,CWC,19,West Bengal,321,PURULIYA,PURULIYA - I,-,-,Ganga,Ganga,Bhagirathi-II (WB)*,Kangsabati,-,Kumari,23.00069444,86.63944444,12-05-2026 21:00,0.5
1222,KHARIDWAR,CWC,19,West Bengal,321,PURULIYA,PURULIYA - I,-,-,Ganga,Ganga,Bhagirathi-II (WB)*,Kangsabati,-,Kumari,23.00069444,86.63944444,12-05-2026 22:00,0.5
1223,KHARIDWAR,CWC,19,West Bengal,321,PURULIYA,PURULIYA - I,-,-,Ganga,Ganga,Bhagirathi-II (WB)*,Kangsabati,-,Kumari,23.00069444,86.63944444,12-05-2026 23:00,0.5
1224,KHARIDWAR,CWC,19,West Bengal,321,PURULIYA,PURULIYA - I,-,-,Ganga,Ganga,Bhagirathi-II (WB)*,Kangsabati,-,Kumari,23.00069444,86.63944444,13-05-2026 06:00,0.5
1225,KHARIDWAR,CWC,19,West Bengal,321,PURULIYA,PURULIYA - I,-,-,Ganga,Ganga,Bhagirathi-II (WB)*,Kangsabati,-,Kumari,23.00069444,86.63944444,13-05-2026 07:00,0.5
1226,KHARIDWAR,CWC,19,West Bengal,321,PURULIYA,PURULIYA - I,-,-,Ganga,Ganga,Bhagirathi-II (WB)*,Kangsabati,-,Kumari,23.00069444,86.63944444,13-05-2026 10:00,0.5
1227,KHARIDWAR,CWC,19,West Bengal,321,PURULIYA,PURULIYA - I,-,-,Ganga,Ganga,Bhagirathi-II (WB)*,Kangsabati,-,Kumari,23.00069444,86.63944444,13-05-2026 13:00,0.5
1228,KHARIDWAR,CWC,19,West Bengal,321,PURULIYA,PURULIYA - I,-,-,Ganga,Ganga,Bhagirathi-II (WB)*,Kangsabati,-,Kumari,23.00069444,86.63944444,13-05-2026 16:00,0.5
1229,KHARIDWAR,CWC,19,West Bengal,321,PURULIYA,PURULIYA - I,-,-,Ganga,Ganga,Bhagirathi-II (WB)*,Kangsabati,-,Kumari,23.00069444,86.63944444,13-05-2026 21:00,1
1230,KHARIDWAR,CWC,19,West Bengal,321,PURULIYA,PURULIYA - I,-,-,Ganga,Ganga,Bhagirathi-II (WB)*,Kangsabati,-,Kumari,23.00069444,86.63944444,13-05-2026 23:00,1
1231,KHARIDWAR,CWC,19,West Bengal,321,PURULIYA,PURULIYA - I,-,-,Ganga,Ganga,Bhagirathi-II (WB)*,Kangsabati,-,Kumari,23.00069444,86.63944444,14-05-2026 00:00,1
1232,KHARIDWAR,CWC,19,West Bengal,321,PURULIYA,PURULIYA - I,-,-,Ganga,Ganga,Bhagirathi-II (WB)*,Kangsabati,-,Kumari,23.00069444,86.63944444,14-05-2026 01:00,1
1233,KHARIDWAR,CWC,19,West Bengal,321,PURULIYA,PURULIYA - I,-,-,Ganga,Ganga,Bhagirathi-II (WB)*,Kangsabati,-,Kumari,23.00069444,86.63944444,14-05-2026 02:00,1
1234,KHARIDWAR,CWC,19,West Bengal,321,PURULIYA,PURULIYA - I,-,-,Ganga,Ganga,Bhagirathi-II (WB)*,Kangsabati,-,Kumari,23.00069444,86.63944444,14-05-2026 08:00,0.5
1235,KHARIDWAR,CWC,19,West Bengal,321,PURULIYA,PURULIYA - I,-,-,Ganga,Ganga,Bhagirathi-II (WB)*,Kangsabati,-,Kumari,23.00069444,86.63944444,14-05-2026 09:00,0.5
1236,KHARIDWAR,CWC,19,West Bengal,321,PURULIYA,PURULIYA - I,-,-,Ganga,Ganga,Bhagirathi-II (WB)*,Kangsabati,-,Kumari,23.00069444,86.63944444,14-05-2026 10:00,0.5
1237,KHARIDWAR,CWC,19,West Bengal,321,PURULIYA,PURULIYA - I,-,-,Ganga,Ganga,Bhagirathi-II (WB)*,Kangsabati,-,Kumari,23.00069444,86.63944444,14-05-2026 11:00,0.5
1238,KHARIDWAR,CWC,19,West Bengal,321,PURULIYA,PURULIYA - I,-,-,Ganga,Ganga,Bhagirathi-II (WB)*,Kangsabati,-,Kumari,23.00069444,86.63944444,14-05-2026 12:00,0.5
1239,KHARIDWAR,CWC,19,West Bengal,321,PURULIYA,PURULIYA - I,-,-,Ganga,Ganga,Bhagirathi-II (WB)*,Kangsabati,-,Kumari,23.00069444,86.63944444,14-05-2026 13:00,0.5
1240,KHARIDWAR,CWC,19,West Bengal,321,PURULIYA,PURULIYA - I,-,-,Ganga,Ganga,Bhagirathi-II (WB)*,Kangsabati,-,Kumari,23.00069444,86.63944444,14-05-2026 14:00,0.5
1241,KHARIDWAR,CWC,19,West Bengal,321,PURULIYA,PURULIYA - I,-,-,Ganga,Ganga,Bhagirathi-II (WB)*,Kangsabati,-,Kumari,23.00069444,86.63944444,14-05-2026 15:00,0.5
1242,KHARIDWAR,CWC,19,West Bengal,321,PURULIYA,PURULIYA - I,-,-,Ganga,Ganga,Bhagirathi-II (WB)*,Kangsabati,-,Kumari,23.00069444,86.63944444,14-05-2026 16:00,0.5
1243,KHARIDWAR,CWC,19,West Bengal,321,PURULIYA,PURULIYA - I,-,-,Ganga,Ganga,Bhagirathi-II (WB)*,Kangsabati,-,Kumari,23.00069444,86.63944444,14-05-2026 17:00,0.5
1244,KHARIDWAR,CWC,19,West Bengal,321,PURULIYA,PURULIYA - I,-,-,Ganga,Ganga,Bhagirathi-II (WB)*,Kangsabati,-,Kumari,23.00069444,86.63944444,14-05-2026 18:00,0.5
1245,KHARIDWAR,CWC,19,West Bengal,321,PURULIYA,PURULIYA - I,-,-,Ganga,Ganga,Bhagirathi-II (WB)*,Kangsabati,-,Kumari,23.00069444,86.63944444,14-05-2026 19:00,0.5
1246,KHARIDWAR,CWC,19,West Bengal,321,PURULIYA,PURULIYA - I,-,-,Ganga,Ganga,Bhagirathi-II (WB)*,Kangsabati,-,Kumari,23.00069444,86.63944444,14-05-2026 20:00,0.5
1247,KHARIDWAR,CWC,19,West Bengal,321,PURULIYA,PURULIYA - I,-,-,Ganga,Ganga,Bhagirathi-II (WB)*,Kangsabati,-,Kumari,23.00069444,86.63944444,14-05-2026 21:00,0.5
1248,KHARIDWAR,CWC,19,West Bengal,321,PURULIYA,PURULIYA - I,-,-,Ganga,Ganga,Bhagirathi-II (WB)*,Kangsabati,-,Kumari,23.00069444,86.63944444,14-05-2026 22:00,0.5
1249,KHARIDWAR,CWC,19,West Bengal,321,PURULIYA,PURULIYA - I,-,-,Ganga,Ganga,Bhagirathi-II (WB)*,Kangsabati,-,Kumari,23.00069444,86.63944444,14-05-2026 23:00,0.5
1250,KHARIDWAR,CWC,19,West Bengal,321,PURULIYA,PURULIYA - I,-,-,Ganga,Ganga,Bhagirathi-II (WB)*,Kangsabati,-,Kumari,23.00069444,86.63944444,15-05-2026 00:00,1
1251,KHARIDWAR,CWC,19,West Bengal,321,PURULIYA,PURULIYA - I,-,-,Ganga,Ganga,Bhagirathi-II (WB)*,Kangsabati,-,Kumari,23.00069444,86.63944444,15-05-2026 01:00,1
1252,KHARIDWAR,CWC,19,West Bengal,321,PURULIYA,PURULIYA - I,-,-,Ganga,Ganga,Bhagirathi-II (WB)*,Kangsabati,-,Kumari,23.00069444,86.63944444,15-05-2026 02:00,1
1253,KHARIDWAR,CWC,19,West Bengal,321,PURULIYA,PURULIYA - I,-,-,Ganga,Ganga,Bhagirathi-II (WB)*,Kangsabati,-,Kumari,23.00069444,86.63944444,20-05-2026 23:00,0.5
1254,KHARIDWAR,CWC,19,West Bengal,321,PURULIYA,PURULIYA - I,-,-,Ganga,Ganga,Bhagirathi-II (WB)*,Kangsabati,-,Kumari,23.00069444,86.63944444,27-05-2026 10:00,6.5
1255,KHARIDWAR,CWC,19,West Bengal,321,PURULIYA,PURULIYA - I,-,-,Ganga,Ganga,Bhagirathi-II (WB)*,Kangsabati,-,Kumari,23.00069444,86.63944444,27-05-2026 11:00,6.5
1256,KHARIDWAR,CWC,19,West Bengal,321,PURULIYA,PURULIYA - I,-,-,Ganga,Ganga,Bhagirathi-II (WB)*,Kangsabati,-,Kumari,23.00069444,86.63944444,27-05-2026 12:00,6
1257,KHARIDWAR,CWC,19,West Bengal,321,PURULIYA,PURULIYA - I,-,-,Ganga,Ganga,Bhagirathi-II (WB)*,Kangsabati,-,Kumari,23.00069444,86.63944444,27-05-2026 16:00,0.5
1258,KHARIDWAR,CWC,19,West Bengal,321,PURULIYA,PURULIYA - I,-,-,Ganga,Ganga,Bhagirathi-II (WB)*,Kangsabati,-,Kumari,23.00069444,86.63944444,27-05-2026 17:00,12.5
1259,KHARIDWAR,CWC,19,West Bengal,321,PURULIYA,PURULIYA - I,-,-,Ganga,Ganga,Bhagirathi-II (WB)*,Kangsabati,-,Kumari,23.00069444,86.63944444,28-05-2026 01:00,12.5
1260,KHARIDWAR,CWC,19,West Bengal,321,PURULIYA,PURULIYA - I,-,-,Ganga,Ganga,Bhagirathi-II (WB)*,Kangsabati,-,Kumari,23.00069444,86.63944444,29-05-2026 11:00,61
1261,KHARIDWAR,CWC,19,West Bengal,321,PURULIYA,PURULIYA - I,-,-,Ganga,Ganga,Bhagirathi-II (WB)*,Kangsabati,-,Kumari,23.00069444,86.63944444,29-05-2026 14:00,157
1262,KHARIDWAR,CWC,19,West Bengal,321,PURULIYA,PURULIYA - I,-,-,Ganga,Ganga,Bhagirathi-II (WB)*,Kangsabati,-,Kumari,23.00069444,86.63944444,29-05-2026 16:30,98
1263,KHARIDWAR,CWC,19,West Bengal,321,PURULIYA,PURULIYA - I,-,-,Ganga,Ganga,Bhagirathi-II (WB)*,Kangsabati,-,Kumari,23.00069444,86.63944444,29-05-2026 17:00,61
1264,KHARIDWAR,CWC,19,West Bengal,321,PURULIYA,PURULIYA - I,-,-,Ganga,Ganga,Bhagirathi-II (WB)*,Kangsabati,-,Kumari,23.00069444,86.63944444,29-05-2026 19:00,61
1265,KHARIDWAR,CWC,19,West Bengal,321,PURULIYA,PURULIYA - I,-,-,Ganga,Ganga,Bhagirathi-II (WB)*,Kangsabati,-,Kumari,23.00069444,86.63944444,29-05-2026 21:00,61
1266,KHARIDWAR,CWC,19,West Bengal,321,PURULIYA,PURULIYA - I,-,-,Ganga,Ganga,Bhagirathi-II (WB)*,Kangsabati,-,Kumari,23.00069444,86.63944444,30-05-2026 12:00,244.5
1267,KHARIDWAR,CWC,19,West Bengal,321,PURULIYA,PURULIYA - I,-,-,Ganga,Ganga,Bhagirathi-II (WB)*,Kangsabati,-,Kumari,23.00069444,86.63944444,30-05-2026 17:00,4.5
1268,KHARIDWAR,CWC,19,West Bengal,321,PURULIYA,PURULIYA - I,-,-,Ganga,Ganga,Bhagirathi-II (WB)*,Kangsabati,-,Kumari,23.00069444,86.63944444,30-05-2026 21:00,4.5
1269,KHARIDWAR,CWC,19,West Bengal,321,PURULIYA,PURULIYA - I,-,-,Ganga,Ganga,Bhagirathi-II (WB)*,Kangsabati,-,Kumari,23.00069444,86.63944444,30-05-2026 22:00,4.5
1270,KHARIDWAR,CWC,19,West Bengal,321,PURULIYA,PURULIYA - I,-,-,Ganga,Ganga,Bhagirathi-II (WB)*,Kangsabati,-,Kumari,23.00069444,86.63944444,31-05-2026 00:00,4.5
1271,KHARIDWAR,CWC,19,West Bengal,321,PURULIYA,PURULIYA - I,-,-,Ganga,Ganga,Bhagirathi-II (WB)*,Kangsabati,-,Kumari,23.00069444,86.63944444,31-05-2026 02:00,4.5
1272,KHARIDWAR,CWC,19,West Bengal,321,PURULIYA,PURULIYA - I,-,-,Ganga,Ganga,Bhagirathi-II (WB)*,Kangsabati,-,Kumari,23.00069444,86.63944444,02-06-2026 05:00,160
1273,KUSHKARNI,CWC,19,West Bengal,307,BIRBHUM,RAMPURHAT-I,-,-,Hoogly,Ganga,Mayurakshi,Kushkarni,-,Kushkarni,23.95638889,87.31277778,08-01-2026 19:00,160.5
1274,KUSHKARNI,CWC,19,West Bengal,307,BIRBHUM,RAMPURHAT-I,-,-,Hoogly,Ganga,Mayurakshi,Kushkarni,-,Kushkarni,23.95638889,87.31277778,15-01-2026 07:00,192.5
1275,KUSHKARNI,CWC,19,West Bengal,307,BIRBHUM,RAMPURHAT-I,-,-,Hoogly,Ganga,Mayurakshi,Kushkarni,-,Kushkarni,23.95638889,87.31277778,16-01-2026 08:00,120
1276,KUSHKARNI,CWC,19,West Bengal,307,BIRBHUM,RAMPURHAT-I,-,-,Hoogly,Ganga,Mayurakshi,Kushkarni,-,Kushkarni,23.95638889,87.31277778,17-01-2026 04:00,116
1277,KUSHKARNI,CWC,19,West Bengal,307,BIRBHUM,RAMPURHAT-I,-,-,Hoogly,Ganga,Mayurakshi,Kushkarni,-,Kushkarni,23.95638889,87.31277778,31-01-2026 07:30,281
1278,KUSHKARNI,CWC,19,West Bengal,307,BIRBHUM,RAMPURHAT-I,-,-,Hoogly,Ganga,Mayurakshi,Kushkarni,-,Kushkarni,23.95638889,87.31277778,02-02-2026 07:00,400.5
1279,KUSHKARNI,CWC,19,West Bengal,307,BIRBHUM,RAMPURHAT-I,-,-,Hoogly,Ganga,Mayurakshi,Kushkarni,-,Kushkarni,23.95638889,87.31277778,02-02-2026 08:00,0.5
1280,KUSHKARNI,CWC,19,West Bengal,307,BIRBHUM,RAMPURHAT-I,-,-,Hoogly,Ganga,Mayurakshi,Kushkarni,-,Kushkarni,23.95638889,87.31277778,04-02-2026 04:00,187
1281,KUSHKARNI,CWC,19,West Bengal,307,BIRBHUM,RAMPURHAT-I,-,-,Hoogly,Ganga,Mayurakshi,Kushkarni,-,Kushkarni,23.95638889,87.31277778,10-02-2026 15:00,16
1282,KUSHKARNI,CWC,19,West Bengal,307,BIRBHUM,RAMPURHAT-I,-,-,Hoogly,Ganga,Mayurakshi,Kushkarni,-,Kushkarni,23.95638889,87.31277778,11-02-2026 12:00,96
1283,KUSHKARNI,CWC,19,West Bengal,307,BIRBHUM,RAMPURHAT-I,-,-,Hoogly,Ganga,Mayurakshi,Kushkarni,-,Kushkarni,23.95638889,87.31277778,20-02-2026 10:00,272
1284,KUSHKARNI,CWC,19,West Bengal,307,BIRBHUM,RAMPURHAT-I,-,-,Hoogly,Ganga,Mayurakshi,Kushkarni,-,Kushkarni,23.95638889,87.31277778,20-02-2026 18:00,34
1285,KUSHKARNI,CWC,19,West Bengal,307,BIRBHUM,RAMPURHAT-I,-,-,Hoogly,Ganga,Mayurakshi,Kushkarni,-,Kushkarni,23.95638889,87.31277778,26-02-2026 12:00,60
1286,KUSHKARNI,CWC,19,West Bengal,307,BIRBHUM,RAMPURHAT-I,-,-,Hoogly,Ganga,Mayurakshi,Kushkarni,-,Kushkarni,23.95638889,87.31277778,01-03-2026 02:30,135
1287,KUSHKARNI,CWC,19,West Bengal,307,BIRBHUM,RAMPURHAT-I,-,-,Hoogly,Ganga,Mayurakshi,Kushkarni,-,Kushkarni,23.95638889,87.31277778,02-03-2026 01:00,337
1288,KUSHKARNI,CWC,19,West Bengal,307,BIRBHUM,RAMPURHAT-I,-,-,Hoogly,Ganga,Mayurakshi,Kushkarni,-,Kushkarni,23.95638889,87.31277778,02-03-2026 17:00,213
1289,KUSHKARNI,CWC,19,West Bengal,307,BIRBHUM,RAMPURHAT-I,-,-,Hoogly,Ganga,Mayurakshi,Kushkarni,-,Kushkarni,23.95638889,87.31277778,24-03-2026 07:00,6
1290,KUSHKARNI,CWC,19,West Bengal,307,BIRBHUM,RAMPURHAT-I,-,-,Hoogly,Ganga,Mayurakshi,Kushkarni,-,Kushkarni,23.95638889,87.31277778,27-03-2026 10:00,1.5
1291,KUSHKARNI,CWC,19,West Bengal,307,BIRBHUM,RAMPURHAT-I,-,-,Hoogly,Ganga,Mayurakshi,Kushkarni,-,Kushkarni,23.95638889,87.31277778,27-03-2026 23:00,0.5
1292,KUSHKARNI,CWC,19,West Bengal,307,BIRBHUM,RAMPURHAT-I,-,-,Hoogly,Ganga,Mayurakshi,Kushkarni,-,Kushkarni,23.95638889,87.31277778,28-03-2026 00:00,0.5
1293,KUSHKARNI,CWC,19,West Bengal,307,BIRBHUM,RAMPURHAT-I,-,-,Hoogly,Ganga,Mayurakshi,Kushkarni,-,Kushkarni,23.95638889,87.31277778,28-03-2026 03:00,0.5
1294,KUSHKARNI,CWC,19,West Bengal,307,BIRBHUM,RAMPURHAT-I,-,-,Hoogly,Ganga,Mayurakshi,Kushkarni,-,Kushkarni,23.95638889,87.31277778,28-03-2026 05:00,0.5
1295,KUSHKARNI,CWC,19,West Bengal,307,BIRBHUM,RAMPURHAT-I,-,-,Hoogly,Ganga,Mayurakshi,Kushkarni,-,Kushkarni,23.95638889,87.31277778,28-03-2026 06:00,0.5
1296,KUSHKARNI,CWC,19,West Bengal,307,BIRBHUM,RAMPURHAT-I,-,-,Hoogly,Ganga,Mayurakshi,Kushkarni,-,Kushkarni,23.95638889,87.31277778,28-03-2026 07:00,0.5
1297,KUSHKARNI,CWC,19,West Bengal,307,BIRBHUM,RAMPURHAT-I,-,-,Hoogly,Ganga,Mayurakshi,Kushkarni,-,Kushkarni,23.95638889,87.31277778,28-03-2026 10:00,0.5
1298,KUSHKARNI,CWC,19,West Bengal,307,BIRBHUM,RAMPURHAT-I,-,-,Hoogly,Ganga,Mayurakshi,Kushkarni,-,Kushkarni,23.95638889,87.31277778,28-03-2026 17:00,0.5
1299,KUSHKARNI,CWC,19,West Bengal,307,BIRBHUM,RAMPURHAT-I,-,-,Hoogly,Ganga,Mayurakshi,Kushkarni,-,Kushkarni,23.95638889,87.31277778,28-03-2026 19:00,0.5
1300,KUSHKARNI,CWC,19,West Bengal,307,BIRBHUM,RAMPURHAT-I,-,-,Hoogly,Ganga,Mayurakshi,Kushkarni,-,Kushkarni,23.95638889,87.31277778,28-03-2026 20:00,0.5
1301,KUSHKARNI,CWC,19,West Bengal,307,BIRBHUM,RAMPURHAT-I,-,-,Hoogly,Ganga,Mayurakshi,Kushkarni,-,Kushkarni,23.95638889,87.31277778,28-03-2026 23:00,0.5
1302,KUSHKARNI,CWC,19,West Bengal,307,BIRBHUM,RAMPURHAT-I,-,-,Hoogly,Ganga,Mayurakshi,Kushkarni,-,Kushkarni,23.95638889,87.31277778,29-03-2026 01:00,0.5
1303,KUSHKARNI,CWC,19,West Bengal,307,BIRBHUM,RAMPURHAT-I,-,-,Hoogly,Ganga,Mayurakshi,Kushkarni,-,Kushkarni,23.95638889,87.31277778,29-03-2026 13:00,160.5
1304,KUSHKARNI,CWC,19,West Bengal,307,BIRBHUM,RAMPURHAT-I,-,-,Hoogly,Ganga,Mayurakshi,Kushkarni,-,Kushkarni,23.95638889,87.31277778,30-03-2026 14:00,7
1305,KUSHKARNI,CWC,19,West Bengal,307,BIRBHUM,RAMPURHAT-I,-,-,Hoogly,Ganga,Mayurakshi,Kushkarni,-,Kushkarni,23.95638889,87.31277778,30-03-2026 15:00,2.5
1306,KUSHKARNI,CWC,19,West Bengal,307,BIRBHUM,RAMPURHAT-I,-,-,Hoogly,Ganga,Mayurakshi,Kushkarni,-,Kushkarni,23.95638889,87.31277778,30-03-2026 17:00,9.5
1307,KUSHKARNI,CWC,19,West Bengal,307,BIRBHUM,RAMPURHAT-I,-,-,Hoogly,Ganga,Mayurakshi,Kushkarni,-,Kushkarni,23.95638889,87.31277778,30-03-2026 20:00,9.5
1308,KUSHKARNI,CWC,19,West Bengal,307,BIRBHUM,RAMPURHAT-I,-,-,Hoogly,Ganga,Mayurakshi,Kushkarni,-,Kushkarni,23.95638889,87.31277778,31-03-2026 00:00,9.5
1309,KUSHKARNI,CWC,19,West Bengal,307,BIRBHUM,RAMPURHAT-I,-,-,Hoogly,Ganga,Mayurakshi,Kushkarni,-,Kushkarni,23.95638889,87.31277778,31-03-2026 01:00,10
1310,KUSHKARNI,CWC,19,West Bengal,307,BIRBHUM,RAMPURHAT-I,-,-,Hoogly,Ganga,Mayurakshi,Kushkarni,-,Kushkarni,23.95638889,87.31277778,31-03-2026 11:00,35.5
1311,KUSHKARNI,CWC,19,West Bengal,307,BIRBHUM,RAMPURHAT-I,-,-,Hoogly,Ganga,Mayurakshi,Kushkarni,-,Kushkarni,23.95638889,87.31277778,05-04-2026 01:00,1.5
1312,KUSHKARNI,CWC,19,West Bengal,307,BIRBHUM,RAMPURHAT-I,-,-,Hoogly,Ganga,Mayurakshi,Kushkarni,-,Kushkarni,23.95638889,87.31277778,05-04-2026 02:00,0.5
1313,KUSHKARNI,CWC,19,West Bengal,307,BIRBHUM,RAMPURHAT-I,-,-,Hoogly,Ganga,Mayurakshi,Kushkarni,-,Kushkarni,23.95638889,87.31277778,05-04-2026 03:00,0.5
1314,KUSHKARNI,CWC,19,West Bengal,307,BIRBHUM,RAMPURHAT-I,-,-,Hoogly,Ganga,Mayurakshi,Kushkarni,-,Kushkarni,23.95638889,87.31277778,05-04-2026 04:00,0.5
1315,KUSHKARNI,CWC,19,West Bengal,307,BIRBHUM,RAMPURHAT-I,-,-,Hoogly,Ganga,Mayurakshi,Kushkarni,-,Kushkarni,23.95638889,87.31277778,05-04-2026 07:00,0.5
1316,KUSHKARNI,CWC,19,West Bengal,307,BIRBHUM,RAMPURHAT-I,-,-,Hoogly,Ganga,Mayurakshi,Kushkarni,-,Kushkarni,23.95638889,87.31277778,05-04-2026 09:00,0.5
1317,KUSHKARNI,CWC,19,West Bengal,307,BIRBHUM,RAMPURHAT-I,-,-,Hoogly,Ganga,Mayurakshi,Kushkarni,-,Kushkarni,23.95638889,87.31277778,05-04-2026 13:00,0.5
1318,KUSHKARNI,CWC,19,West Bengal,307,BIRBHUM,RAMPURHAT-I,-,-,Hoogly,Ganga,Mayurakshi,Kushkarni,-,Kushkarni,23.95638889,87.31277778,05-04-2026 22:00,1
1319,KUSHKARNI,CWC,19,West Bengal,307,BIRBHUM,RAMPURHAT-I,-,-,Hoogly,Ganga,Mayurakshi,Kushkarni,-,Kushkarni,23.95638889,87.31277778,05-04-2026 23:00,0.5
1320,KUSHKARNI,CWC,19,West Bengal,307,BIRBHUM,RAMPURHAT-I,-,-,Hoogly,Ganga,Mayurakshi,Kushkarni,-,Kushkarni,23.95638889,87.31277778,06-04-2026 00:00,3.5
1321,KUSHKARNI,CWC,19,West Bengal,307,BIRBHUM,RAMPURHAT-I,-,-,Hoogly,Ganga,Mayurakshi,Kushkarni,-,Kushkarni,23.95638889,87.31277778,06-04-2026 02:00,4.5
1322,KUSHKARNI,CWC,19,West Bengal,307,BIRBHUM,RAMPURHAT-I,-,-,Hoogly,Ganga,Mayurakshi,Kushkarni,-,Kushkarni,23.95638889,87.31277778,06-04-2026 22:00,0.5
1323,KUSHKARNI,CWC,19,West Bengal,307,BIRBHUM,RAMPURHAT-I,-,-,Hoogly,Ganga,Mayurakshi,Kushkarni,-,Kushkarni,23.95638889,87.31277778,06-04-2026 23:00,0.5
1324,KUSHKARNI,CWC,19,West Bengal,307,BIRBHUM,RAMPURHAT-I,-,-,Hoogly,Ganga,Mayurakshi,Kushkarni,-,Kushkarni,23.95638889,87.31277778,07-04-2026 00:00,0.5
1325,KUSHKARNI,CWC,19,West Bengal,307,BIRBHUM,RAMPURHAT-I,-,-,Hoogly,Ganga,Mayurakshi,Kushkarni,-,Kushkarni,23.95638889,87.31277778,07-04-2026 11:00,0.5
1326,KUSHKARNI,CWC,19,West Bengal,307,BIRBHUM,RAMPURHAT-I,-,-,Hoogly,Ganga,Mayurakshi,Kushkarni,-,Kushkarni,23.95638889,87.31277778,07-04-2026 12:00,0.5
1327,KUSHKARNI,CWC,19,West Bengal,307,BIRBHUM,RAMPURHAT-I,-,-,Hoogly,Ganga,Mayurakshi,Kushkarni,-,Kushkarni,23.95638889,87.31277778,07-04-2026 17:00,0.5
1328,KUSHKARNI,CWC,19,West Bengal,307,BIRBHUM,RAMPURHAT-I,-,-,Hoogly,Ganga,Mayurakshi,Kushkarni,-,Kushkarni,23.95638889,87.31277778,07-04-2026 19:00,0.5
1329,KUSHKARNI,CWC,19,West Bengal,307,BIRBHUM,RAMPURHAT-I,-,-,Hoogly,Ganga,Mayurakshi,Kushkarni,-,Kushkarni,23.95638889,87.31277778,08-04-2026 00:00,0.5
1330,KUSHKARNI,CWC,19,West Bengal,307,BIRBHUM,RAMPURHAT-I,-,-,Hoogly,Ganga,Mayurakshi,Kushkarni,-,Kushkarni,23.95638889,87.31277778,08-04-2026 01:00,0.5
1331,KUSHKARNI,CWC,19,West Bengal,307,BIRBHUM,RAMPURHAT-I,-,-,Hoogly,Ganga,Mayurakshi,Kushkarni,-,Kushkarni,23.95638889,87.31277778,08-04-2026 02:00,0.5
1332,KUSHKARNI,CWC,19,West Bengal,307,BIRBHUM,RAMPURHAT-I,-,-,Hoogly,Ganga,Mayurakshi,Kushkarni,-,Kushkarni,23.95638889,87.31277778,08-04-2026 09:00,7
1333,KUSHKARNI,CWC,19,West Bengal,307,BIRBHUM,RAMPURHAT-I,-,-,Hoogly,Ganga,Mayurakshi,Kushkarni,-,Kushkarni,23.95638889,87.31277778,08-04-2026 11:00,10.5
1334,KUSHKARNI,CWC,19,West Bengal,307,BIRBHUM,RAMPURHAT-I,-,-,Hoogly,Ganga,Mayurakshi,Kushkarni,-,Kushkarni,23.95638889,87.31277778,08-04-2026 12:00,10.5
1335,KUSHKARNI,CWC,19,West Bengal,307,BIRBHUM,RAMPURHAT-I,-,-,Hoogly,Ganga,Mayurakshi,Kushkarni,-,Kushkarni,23.95638889,87.31277778,08-04-2026 13:00,10.5
1336,KUSHKARNI,CWC,19,West Bengal,307,BIRBHUM,RAMPURHAT-I,-,-,Hoogly,Ganga,Mayurakshi,Kushkarni,-,Kushkarni,23.95638889,87.31277778,08-04-2026 15:00,10.5
1337,KUSHKARNI,CWC,19,West Bengal,307,BIRBHUM,RAMPURHAT-I,-,-,Hoogly,Ganga,Mayurakshi,Kushkarni,-,Kushkarni,23.95638889,87.31277778,08-04-2026 17:00,10.5
1338,KUSHKARNI,CWC,19,West Bengal,307,BIRBHUM,RAMPURHAT-I,-,-,Hoogly,Ganga,Mayurakshi,Kushkarni,-,Kushkarni,23.95638889,87.31277778,08-04-2026 20:00,0.5
1339,KUSHKARNI,CWC,19,West Bengal,307,BIRBHUM,RAMPURHAT-I,-,-,Hoogly,Ganga,Mayurakshi,Kushkarni,-,Kushkarni,23.95638889,87.31277778,08-04-2026 21:00,11.5
1340,KUSHKARNI,CWC,19,West Bengal,307,BIRBHUM,RAMPURHAT-I,-,-,Hoogly,Ganga,Mayurakshi,Kushkarni,-,Kushkarni,23.95638889,87.31277778,08-04-2026 23:00,11.5
1341,KUSHKARNI,CWC,19,West Bengal,307,BIRBHUM,RAMPURHAT-I,-,-,Hoogly,Ganga,Mayurakshi,Kushkarni,-,Kushkarni,23.95638889,87.31277778,09-04-2026 02:00,11.5
1342,KUSHKARNI,CWC,19,West Bengal,307,BIRBHUM,RAMPURHAT-I,-,-,Hoogly,Ganga,Mayurakshi,Kushkarni,-,Kushkarni,23.95638889,87.31277778,25-04-2026 16:00,12.5
1343,KUSHKARNI,CWC,19,West Bengal,307,BIRBHUM,RAMPURHAT-I,-,-,Hoogly,Ganga,Mayurakshi,Kushkarni,-,Kushkarni,23.95638889,87.31277778,25-04-2026 17:00,12.5
1344,KUSHKARNI,CWC,19,West Bengal,307,BIRBHUM,RAMPURHAT-I,-,-,Hoogly,Ganga,Mayurakshi,Kushkarni,-,Kushkarni,23.95638889,87.31277778,25-04-2026 18:00,12.5
1345,KUSHKARNI,CWC,19,West Bengal,307,BIRBHUM,RAMPURHAT-I,-,-,Hoogly,Ganga,Mayurakshi,Kushkarni,-,Kushkarni,23.95638889,87.31277778,25-04-2026 19:00,12.5
1346,KUSHKARNI,CWC,19,West Bengal,307,BIRBHUM,RAMPURHAT-I,-,-,Hoogly,Ganga,Mayurakshi,Kushkarni,-,Kushkarni,23.95638889,87.31277778,25-04-2026 20:00,12.5
1347,KUSHKARNI,CWC,19,West Bengal,307,BIRBHUM,RAMPURHAT-I,-,-,Hoogly,Ganga,Mayurakshi,Kushkarni,-,Kushkarni,23.95638889,87.31277778,25-04-2026 23:00,12.5
1348,KUSHKARNI,CWC,19,West Bengal,307,BIRBHUM,RAMPURHAT-I,-,-,Hoogly,Ganga,Mayurakshi,Kushkarni,-,Kushkarni,23.95638889,87.31277778,26-04-2026 01:00,12.5
1349,KUSHKARNI,CWC,19,West Bengal,307,BIRBHUM,RAMPURHAT-I,-,-,Hoogly,Ganga,Mayurakshi,Kushkarni,-,Kushkarni,23.95638889,87.31277778,27-04-2026 12:00,1
1350,KUSHKARNI,CWC,19,West Bengal,307,BIRBHUM,RAMPURHAT-I,-,-,Hoogly,Ganga,Mayurakshi,Kushkarni,-,Kushkarni,23.95638889,87.31277778,27-04-2026 14:00,1
1351,KUSHKARNI,CWC,19,West Bengal,307,BIRBHUM,RAMPURHAT-I,-,-,Hoogly,Ganga,Mayurakshi,Kushkarni,-,Kushkarni,23.95638889,87.31277778,27-04-2026 18:00,1
1352,KUSHKARNI,CWC,19,West Bengal,307,BIRBHUM,RAMPURHAT-I,-,-,Hoogly,Ganga,Mayurakshi,Kushkarni,-,Kushkarni,23.95638889,87.31277778,27-04-2026 21:00,1
1353,KUSHKARNI,CWC,19,West Bengal,307,BIRBHUM,RAMPURHAT-I,-,-,Hoogly,Ganga,Mayurakshi,Kushkarni,-,Kushkarni,23.95638889,87.31277778,27-04-2026 23:00,1
1354,KUSHKARNI,CWC,19,West Bengal,307,BIRBHUM,RAMPURHAT-I,-,-,Hoogly,Ganga,Mayurakshi,Kushkarni,-,Kushkarni,23.95638889,87.31277778,28-04-2026 05:00,1
1355,KUSHKARNI,CWC,19,West Bengal,307,BIRBHUM,RAMPURHAT-I,-,-,Hoogly,Ganga,Mayurakshi,Kushkarni,-,Kushkarni,23.95638889,87.31277778,28-04-2026 09:00,1
1356,KUSHKARNI,CWC,19,West Bengal,307,BIRBHUM,RAMPURHAT-I,-,-,Hoogly,Ganga,Mayurakshi,Kushkarni,-,Kushkarni,23.95638889,87.31277778,28-04-2026 11:00,1
1357,KUSHKARNI,CWC,19,West Bengal,307,BIRBHUM,RAMPURHAT-I,-,-,Hoogly,Ganga,Mayurakshi,Kushkarni,-,Kushkarni,23.95638889,87.31277778,28-04-2026 13:00,1
1358,KUSHKARNI,CWC,19,West Bengal,307,BIRBHUM,RAMPURHAT-I,-,-,Hoogly,Ganga,Mayurakshi,Kushkarni,-,Kushkarni,23.95638889,87.31277778,28-04-2026 22:00,1
1359,KUSHKARNI,CWC,19,West Bengal,307,BIRBHUM,RAMPURHAT-I,-,-,Hoogly,Ganga,Mayurakshi,Kushkarni,-,Kushkarni,23.95638889,87.31277778,28-04-2026 23:00,1
1360,KUSHKARNI,CWC,19,West Bengal,307,BIRBHUM,RAMPURHAT-I,-,-,Hoogly,Ganga,Mayurakshi,Kushkarni,-,Kushkarni,23.95638889,87.31277778,29-04-2026 13:00,9.5
1361,KUSHKARNI,CWC,19,West Bengal,307,BIRBHUM,RAMPURHAT-I,-,-,Hoogly,Ganga,Mayurakshi,Kushkarni,-,Kushkarni,23.95638889,87.31277778,29-04-2026 14:00,2
1362,KUSHKARNI,CWC,19,West Bengal,307,BIRBHUM,RAMPURHAT-I,-,-,Hoogly,Ganga,Mayurakshi,Kushkarni,-,Kushkarni,23.95638889,87.31277778,29-04-2026 15:00,13
1363,KUSHKARNI,CWC,19,West Bengal,307,BIRBHUM,RAMPURHAT-I,-,-,Hoogly,Ganga,Mayurakshi,Kushkarni,-,Kushkarni,23.95638889,87.31277778,29-04-2026 16:00,0.5
1364,KUSHKARNI,CWC,19,West Bengal,307,BIRBHUM,RAMPURHAT-I,-,-,Hoogly,Ganga,Mayurakshi,Kushkarni,-,Kushkarni,23.95638889,87.31277778,29-04-2026 17:00,13
1365,KUSHKARNI,CWC,19,West Bengal,307,BIRBHUM,RAMPURHAT-I,-,-,Hoogly,Ganga,Mayurakshi,Kushkarni,-,Kushkarni,23.95638889,87.31277778,29-04-2026 19:00,13
1366,KUSHKARNI,CWC,19,West Bengal,307,BIRBHUM,RAMPURHAT-I,-,-,Hoogly,Ganga,Mayurakshi,Kushkarni,-,Kushkarni,23.95638889,87.31277778,29-04-2026 20:00,13
1367,KUSHKARNI,CWC,19,West Bengal,307,BIRBHUM,RAMPURHAT-I,-,-,Hoogly,Ganga,Mayurakshi,Kushkarni,-,Kushkarni,23.95638889,87.31277778,29-04-2026 22:00,13
1368,KUSHKARNI,CWC,19,West Bengal,307,BIRBHUM,RAMPURHAT-I,-,-,Hoogly,Ganga,Mayurakshi,Kushkarni,-,Kushkarni,23.95638889,87.31277778,30-04-2026 23:00,10
1369,KUSHKARNI,CWC,19,West Bengal,307,BIRBHUM,RAMPURHAT-I,-,-,Hoogly,Ganga,Mayurakshi,Kushkarni,-,Kushkarni,23.95638889,87.31277778,09-05-2026 23:00,15
1370,KUSHKARNI,CWC,19,West Bengal,307,BIRBHUM,RAMPURHAT-I,-,-,Hoogly,Ganga,Mayurakshi,Kushkarni,-,Kushkarni,23.95638889,87.31277778,13-05-2026 20:00,7
1371,KUSHKARNI,CWC,19,West Bengal,307,BIRBHUM,RAMPURHAT-I,-,-,Hoogly,Ganga,Mayurakshi,Kushkarni,-,Kushkarni,23.95638889,87.31277778,13-05-2026 21:00,7
1372,KUSHKARNI,CWC,19,West Bengal,307,BIRBHUM,RAMPURHAT-I,-,-,Hoogly,Ganga,Mayurakshi,Kushkarni,-,Kushkarni,23.95638889,87.31277778,13-05-2026 23:00,7.5
1373,KUSHKARNI,CWC,19,West Bengal,307,BIRBHUM,RAMPURHAT-I,-,-,Hoogly,Ganga,Mayurakshi,Kushkarni,-,Kushkarni,23.95638889,87.31277778,14-05-2026 00:00,7.5
1374,KUSHKARNI,CWC,19,West Bengal,307,BIRBHUM,RAMPURHAT-I,-,-,Hoogly,Ganga,Mayurakshi,Kushkarni,-,Kushkarni,23.95638889,87.31277778,14-05-2026 01:00,7.5
1375,KUSHKARNI,CWC,19,West Bengal,307,BIRBHUM,RAMPURHAT-I,-,-,Hoogly,Ganga,Mayurakshi,Kushkarni,-,Kushkarni,23.95638889,87.31277778,14-05-2026 02:00,7.5
1376,KUSHKARNI,CWC,19,West Bengal,307,BIRBHUM,RAMPURHAT-I,-,-,Hoogly,Ganga,Mayurakshi,Kushkarni,-,Kushkarni,23.95638889,87.31277778,15-05-2026 12:00,5.5
1377,KUSHKARNI,CWC,19,West Bengal,307,BIRBHUM,RAMPURHAT-I,-,-,Hoogly,Ganga,Mayurakshi,Kushkarni,-,Kushkarni,23.95638889,87.31277778,15-05-2026 13:00,9.5
1378,KUSHKARNI,CWC,19,West Bengal,307,BIRBHUM,RAMPURHAT-I,-,-,Hoogly,Ganga,Mayurakshi,Kushkarni,-,Kushkarni,23.95638889,87.31277778,15-05-2026 14:00,9.5
1379,KUSHKARNI,CWC,19,West Bengal,307,BIRBHUM,RAMPURHAT-I,-,-,Hoogly,Ganga,Mayurakshi,Kushkarni,-,Kushkarni,23.95638889,87.31277778,15-05-2026 15:00,9.5
1380,KUSHKARNI,CWC,19,West Bengal,307,BIRBHUM,RAMPURHAT-I,-,-,Hoogly,Ganga,Mayurakshi,Kushkarni,-,Kushkarni,23.95638889,87.31277778,15-05-2026 16:00,9.5
1381,KUSHKARNI,CWC,19,West Bengal,307,BIRBHUM,RAMPURHAT-I,-,-,Hoogly,Ganga,Mayurakshi,Kushkarni,-,Kushkarni,23.95638889,87.31277778,15-05-2026 17:00,9.5
1382,KUSHKARNI,CWC,19,West Bengal,307,BIRBHUM,RAMPURHAT-I,-,-,Hoogly,Ganga,Mayurakshi,Kushkarni,-,Kushkarni,23.95638889,87.31277778,15-05-2026 18:00,9.5
1383,KUSHKARNI,CWC,19,West Bengal,307,BIRBHUM,RAMPURHAT-I,-,-,Hoogly,Ganga,Mayurakshi,Kushkarni,-,Kushkarni,23.95638889,87.31277778,15-05-2026 19:00,9.5
1384,KUSHKARNI,CWC,19,West Bengal,307,BIRBHUM,RAMPURHAT-I,-,-,Hoogly,Ganga,Mayurakshi,Kushkarni,-,Kushkarni,23.95638889,87.31277778,15-05-2026 20:00,9.5
1385,KUSHKARNI,CWC,19,West Bengal,307,BIRBHUM,RAMPURHAT-I,-,-,Hoogly,Ganga,Mayurakshi,Kushkarni,-,Kushkarni,23.95638889,87.31277778,15-05-2026 21:00,9.5
1386,KUSHKARNI,CWC,19,West Bengal,307,BIRBHUM,RAMPURHAT-I,-,-,Hoogly,Ganga,Mayurakshi,Kushkarni,-,Kushkarni,23.95638889,87.31277778,15-05-2026 22:00,9.5
1387,KUSHKARNI,CWC,19,West Bengal,307,BIRBHUM,RAMPURHAT-I,-,-,Hoogly,Ganga,Mayurakshi,Kushkarni,-,Kushkarni,23.95638889,87.31277778,15-05-2026 23:00,9.5
1388,KUSHKARNI,CWC,19,West Bengal,307,BIRBHUM,RAMPURHAT-I,-,-,Hoogly,Ganga,Mayurakshi,Kushkarni,-,Kushkarni,23.95638889,87.31277778,16-05-2026 00:00,9.5
1389,KUSHKARNI,CWC,19,West Bengal,307,BIRBHUM,RAMPURHAT-I,-,-,Hoogly,Ganga,Mayurakshi,Kushkarni,-,Kushkarni,23.95638889,87.31277778,16-05-2026 01:00,9.5
1390,KUSHKARNI,CWC,19,West Bengal,307,BIRBHUM,RAMPURHAT-I,-,-,Hoogly,Ganga,Mayurakshi,Kushkarni,-,Kushkarni,23.95638889,87.31277778,16-05-2026 02:00,9.5
1391,KUSHKARNI,CWC,19,West Bengal,307,BIRBHUM,RAMPURHAT-I,-,-,Hoogly,Ganga,Mayurakshi,Kushkarni,-,Kushkarni,23.95638889,87.31277778,20-05-2026 23:00,4
1392,KUSHKARNI,CWC,19,West Bengal,307,BIRBHUM,RAMPURHAT-I,-,-,Hoogly,Ganga,Mayurakshi,Kushkarni,-,Kushkarni,23.95638889,87.31277778,26-05-2026 23:00,3
1393,KUSHKARNI,CWC,19,West Bengal,307,BIRBHUM,RAMPURHAT-I,-,-,Hoogly,Ganga,Mayurakshi,Kushkarni,-,Kushkarni,23.95638889,87.31277778,27-05-2026 00:00,3
1394,KUSHKARNI,CWC,19,West Bengal,307,BIRBHUM,RAMPURHAT-I,-,-,Hoogly,Ganga,Mayurakshi,Kushkarni,-,Kushkarni,23.95638889,87.31277778,29-05-2026 06:00,16.5
1395,KUSHKARNI,CWC,19,West Bengal,307,BIRBHUM,RAMPURHAT-I,-,-,Hoogly,Ganga,Mayurakshi,Kushkarni,-,Kushkarni,23.95638889,87.31277778,29-05-2026 07:00,16.5
1396,KUSHKARNI,CWC,19,West Bengal,307,BIRBHUM,RAMPURHAT-I,-,-,Hoogly,Ganga,Mayurakshi,Kushkarni,-,Kushkarni,23.95638889,87.31277778,29-05-2026 08:00,3.5
1397,KUSHKARNI,CWC,19,West Bengal,307,BIRBHUM,RAMPURHAT-I,-,-,Hoogly,Ganga,Mayurakshi,Kushkarni,-,Kushkarni,23.95638889,87.31277778,29-05-2026 09:00,3.5
1398,KUSHKARNI,CWC,19,West Bengal,307,BIRBHUM,RAMPURHAT-I,-,-,Hoogly,Ganga,Mayurakshi,Kushkarni,-,Kushkarni,23.95638889,87.31277778,29-05-2026 10:00,1
1399,KUSHKARNI,CWC,19,West Bengal,307,BIRBHUM,RAMPURHAT-I,-,-,Hoogly,Ganga,Mayurakshi,Kushkarni,-,Kushkarni,23.95638889,87.31277778,29-05-2026 13:00,0.5
1400,KUSHKARNI,CWC,19,West Bengal,307,BIRBHUM,RAMPURHAT-I,-,-,Hoogly,Ganga,Mayurakshi,Kushkarni,-,Kushkarni,23.95638889,87.31277778,29-05-2026 23:00,25
1401,KUSHKARNI,CWC,19,West Bengal,307,BIRBHUM,RAMPURHAT-I,-,-,Hoogly,Ganga,Mayurakshi,Kushkarni,-,Kushkarni,23.95638889,87.31277778,30-05-2026 01:00,25
1402,Lalgarh,CWC,19,West Bengal,703,JHARGRAM,JHARGRAM,-,-,Ganga,Ganga,Bhagirathi-II (WB)*,Kangsabati,-,Kangsabati,22.58333333,87.04388889,05-01-2026 04:30,0.5
1403,Lalgarh,CWC,19,West Bengal,703,JHARGRAM,JHARGRAM,-,-,Ganga,Ganga,Bhagirathi-II (WB)*,Kangsabati,-,Kangsabati,22.58333333,87.04388889,15-04-2026 01:00,1
1404,Lalgarh,CWC,19,West Bengal,703,JHARGRAM,JHARGRAM,-,-,Ganga,Ganga,Bhagirathi-II (WB)*,Kangsabati,-,Kangsabati,22.58333333,87.04388889,15-04-2026 02:00,1
1405,Lalgarh,CWC,19,West Bengal,703,JHARGRAM,JHARGRAM,-,-,Ganga,Ganga,Bhagirathi-II (WB)*,Kangsabati,-,Kangsabati,22.58333333,87.04388889,15-04-2026 03:00,1
1406,Lalgarh,CWC,19,West Bengal,703,JHARGRAM,JHARGRAM,-,-,Ganga,Ganga,Bhagirathi-II (WB)*,Kangsabati,-,Kangsabati,22.58333333,87.04388889,16-04-2026 14:00,0.5
1407,Lalgarh,CWC,19,West Bengal,703,JHARGRAM,JHARGRAM,-,-,Ganga,Ganga,Bhagirathi-II (WB)*,Kangsabati,-,Kangsabati,22.58333333,87.04388889,16-04-2026 15:00,0.5
1408,Lalgarh,CWC,19,West Bengal,703,JHARGRAM,JHARGRAM,-,-,Ganga,Ganga,Bhagirathi-II (WB)*,Kangsabati,-,Kangsabati,22.58333333,87.04388889,16-04-2026 17:00,0.5
1409,Lalgarh,CWC,19,West Bengal,703,JHARGRAM,JHARGRAM,-,-,Ganga,Ganga,Bhagirathi-II (WB)*,Kangsabati,-,Kangsabati,22.58333333,87.04388889,16-04-2026 23:00,0.5
1410,Lalgarh,CWC,19,West Bengal,703,JHARGRAM,JHARGRAM,-,-,Ganga,Ganga,Bhagirathi-II (WB)*,Kangsabati,-,Kangsabati,22.58333333,87.04388889,23-04-2026 08:00,5
1411,Lalgarh,CWC,19,West Bengal,703,JHARGRAM,JHARGRAM,-,-,Ganga,Ganga,Bhagirathi-II (WB)*,Kangsabati,-,Kangsabati,22.58333333,87.04388889,27-04-2026 12:00,3
1412,Lalgarh,CWC,19,West Bengal,703,JHARGRAM,JHARGRAM,-,-,Ganga,Ganga,Bhagirathi-II (WB)*,Kangsabati,-,Kangsabati,22.58333333,87.04388889,27-04-2026 13:00,4.5
1413,Lalgarh,CWC,19,West Bengal,703,JHARGRAM,JHARGRAM,-,-,Ganga,Ganga,Bhagirathi-II (WB)*,Kangsabati,-,Kangsabati,22.58333333,87.04388889,27-04-2026 14:00,4.5
1414,Lalgarh,CWC,19,West Bengal,703,JHARGRAM,JHARGRAM,-,-,Ganga,Ganga,Bhagirathi-II (WB)*,Kangsabati,-,Kangsabati,22.58333333,87.04388889,27-04-2026 16:00,4.5
1415,Lalgarh,CWC,19,West Bengal,703,JHARGRAM,JHARGRAM,-,-,Ganga,Ganga,Bhagirathi-II (WB)*,Kangsabati,-,Kangsabati,22.58333333,87.04388889,27-04-2026 18:00,4.5
1416,Lalgarh,CWC,19,West Bengal,703,JHARGRAM,JHARGRAM,-,-,Ganga,Ganga,Bhagirathi-II (WB)*,Kangsabati,-,Kangsabati,22.58333333,87.04388889,27-04-2026 21:00,4.5
1417,Lalgarh,CWC,19,West Bengal,703,JHARGRAM,JHARGRAM,-,-,Ganga,Ganga,Bhagirathi-II (WB)*,Kangsabati,-,Kangsabati,22.58333333,87.04388889,27-04-2026 23:00,4.5
1418,Lalgarh,CWC,19,West Bengal,703,JHARGRAM,JHARGRAM,-,-,Ganga,Ganga,Bhagirathi-II (WB)*,Kangsabati,-,Kangsabati,22.58333333,87.04388889,28-04-2026 22:00,1.5
1419,Lalgarh,CWC,19,West Bengal,703,JHARGRAM,JHARGRAM,-,-,Ganga,Ganga,Bhagirathi-II (WB)*,Kangsabati,-,Kangsabati,22.58333333,87.04388889,28-04-2026 23:00,2
1420,Lalgarh,CWC,19,West Bengal,703,JHARGRAM,JHARGRAM,-,-,Ganga,Ganga,Bhagirathi-II (WB)*,Kangsabati,-,Kangsabati,22.58333333,87.04388889,29-04-2026 00:00,0.5
1421,Lalgarh,CWC,19,West Bengal,703,JHARGRAM,JHARGRAM,-,-,Ganga,Ganga,Bhagirathi-II (WB)*,Kangsabati,-,Kangsabati,22.58333333,87.04388889,29-04-2026 02:00,6
1422,Lalgarh,CWC,19,West Bengal,703,JHARGRAM,JHARGRAM,-,-,Ganga,Ganga,Bhagirathi-II (WB)*,Kangsabati,-,Kangsabati,22.58333333,87.04388889,29-04-2026 03:00,0.5
1423,Lalgarh,CWC,19,West Bengal,703,JHARGRAM,JHARGRAM,-,-,Ganga,Ganga,Bhagirathi-II (WB)*,Kangsabati,-,Kangsabati,22.58333333,87.04388889,29-04-2026 13:00,4.5
1424,Lalgarh,CWC,19,West Bengal,703,JHARGRAM,JHARGRAM,-,-,Ganga,Ganga,Bhagirathi-II (WB)*,Kangsabati,-,Kangsabati,22.58333333,87.04388889,29-04-2026 14:00,4.5
1425,Lalgarh,CWC,19,West Bengal,703,JHARGRAM,JHARGRAM,-,-,Ganga,Ganga,Bhagirathi-II (WB)*,Kangsabati,-,Kangsabati,22.58333333,87.04388889,29-04-2026 15:00,7.5
1426,Lalgarh,CWC,19,West Bengal,703,JHARGRAM,JHARGRAM,-,-,Ganga,Ganga,Bhagirathi-II (WB)*,Kangsabati,-,Kangsabati,22.58333333,87.04388889,29-04-2026 16:00,1
1427,Lalgarh,CWC,19,West Bengal,703,JHARGRAM,JHARGRAM,-,-,Ganga,Ganga,Bhagirathi-II (WB)*,Kangsabati,-,Kangsabati,22.58333333,87.04388889,29-04-2026 17:00,9.5
1428,Lalgarh,CWC,19,West Bengal,703,JHARGRAM,JHARGRAM,-,-,Ganga,Ganga,Bhagirathi-II (WB)*,Kangsabati,-,Kangsabati,22.58333333,87.04388889,29-04-2026 18:00,1.5
1429,Lalgarh,CWC,19,West Bengal,703,JHARGRAM,JHARGRAM,-,-,Ganga,Ganga,Bhagirathi-II (WB)*,Kangsabati,-,Kangsabati,22.58333333,87.04388889,29-04-2026 19:00,13
1430,Lalgarh,CWC,19,West Bengal,703,JHARGRAM,JHARGRAM,-,-,Ganga,Ganga,Bhagirathi-II (WB)*,Kangsabati,-,Kangsabati,22.58333333,87.04388889,29-04-2026 20:00,13.5
1431,Lalgarh,CWC,19,West Bengal,703,JHARGRAM,JHARGRAM,-,-,Ganga,Ganga,Bhagirathi-II (WB)*,Kangsabati,-,Kangsabati,22.58333333,87.04388889,29-04-2026 21:00,0.5
1432,Lalgarh,CWC,19,West Bengal,703,JHARGRAM,JHARGRAM,-,-,Ganga,Ganga,Bhagirathi-II (WB)*,Kangsabati,-,Kangsabati,22.58333333,87.04388889,29-04-2026 22:00,13.5
1433,Lalgarh,CWC,19,West Bengal,703,JHARGRAM,JHARGRAM,-,-,Ganga,Ganga,Bhagirathi-II (WB)*,Kangsabati,-,Kangsabati,22.58333333,87.04388889,30-04-2026 23:00,22.5
1434,Lalgarh,CWC,19,West Bengal,703,JHARGRAM,JHARGRAM,-,-,Ganga,Ganga,Bhagirathi-II (WB)*,Kangsabati,-,Kangsabati,22.58333333,87.04388889,01-05-2026 16:00,5
1435,Lalgarh,CWC,19,West Bengal,703,JHARGRAM,JHARGRAM,-,-,Ganga,Ganga,Bhagirathi-II (WB)*,Kangsabati,-,Kangsabati,22.58333333,87.04388889,02-05-2026 00:00,6
1436,Lalgarh,CWC,19,West Bengal,703,JHARGRAM,JHARGRAM,-,-,Ganga,Ganga,Bhagirathi-II (WB)*,Kangsabati,-,Kangsabati,22.58333333,87.04388889,02-05-2026 01:00,6
1437,Lalgarh,CWC,19,West Bengal,703,JHARGRAM,JHARGRAM,-,-,Ganga,Ganga,Bhagirathi-II (WB)*,Kangsabati,-,Kangsabati,22.58333333,87.04388889,02-05-2026 02:00,6
1438,Lalgarh,CWC,19,West Bengal,703,JHARGRAM,JHARGRAM,-,-,Ganga,Ganga,Bhagirathi-II (WB)*,Kangsabati,-,Kangsabati,22.58333333,87.04388889,02-05-2026 11:00,4
1439,Lalgarh,CWC,19,West Bengal,703,JHARGRAM,JHARGRAM,-,-,Ganga,Ganga,Bhagirathi-II (WB)*,Kangsabati,-,Kangsabati,22.58333333,87.04388889,02-05-2026 13:00,6.5
1440,Lalgarh,CWC,19,West Bengal,703,JHARGRAM,JHARGRAM,-,-,Ganga,Ganga,Bhagirathi-II (WB)*,Kangsabati,-,Kangsabati,22.58333333,87.04388889,02-05-2026 14:00,6.5
1441,Lalgarh,CWC,19,West Bengal,703,JHARGRAM,JHARGRAM,-,-,Ganga,Ganga,Bhagirathi-II (WB)*,Kangsabati,-,Kangsabati,22.58333333,87.04388889,02-05-2026 15:00,6.5
1442,Lalgarh,CWC,19,West Bengal,703,JHARGRAM,JHARGRAM,-,-,Ganga,Ganga,Bhagirathi-II (WB)*,Kangsabati,-,Kangsabati,22.58333333,87.04388889,02-05-2026 18:00,6.5
1443,Lalgarh,CWC,19,West Bengal,703,JHARGRAM,JHARGRAM,-,-,Ganga,Ganga,Bhagirathi-II (WB)*,Kangsabati,-,Kangsabati,22.58333333,87.04388889,02-05-2026 20:00,6.5
1444,Lalgarh,CWC,19,West Bengal,703,JHARGRAM,JHARGRAM,-,-,Ganga,Ganga,Bhagirathi-II (WB)*,Kangsabati,-,Kangsabati,22.58333333,87.04388889,02-05-2026 21:00,6.5
1445,Lalgarh,CWC,19,West Bengal,703,JHARGRAM,JHARGRAM,-,-,Ganga,Ganga,Bhagirathi-II (WB)*,Kangsabati,-,Kangsabati,22.58333333,87.04388889,02-05-2026 22:00,6.5
1446,Lalgarh,CWC,19,West Bengal,703,JHARGRAM,JHARGRAM,-,-,Ganga,Ganga,Bhagirathi-II (WB)*,Kangsabati,-,Kangsabati,22.58333333,87.04388889,09-05-2026 23:00,1
1447,Lalgarh,CWC,19,West Bengal,703,JHARGRAM,JHARGRAM,-,-,Ganga,Ganga,Bhagirathi-II (WB)*,Kangsabati,-,Kangsabati,22.58333333,87.04388889,10-05-2026 02:00,1
1448,Lalgarh,CWC,19,West Bengal,703,JHARGRAM,JHARGRAM,-,-,Ganga,Ganga,Bhagirathi-II (WB)*,Kangsabati,-,Kangsabati,22.58333333,87.04388889,12-05-2026 15:00,0.5
1449,Lalgarh,CWC,19,West Bengal,703,JHARGRAM,JHARGRAM,-,-,Ganga,Ganga,Bhagirathi-II (WB)*,Kangsabati,-,Kangsabati,22.58333333,87.04388889,12-05-2026 21:00,0.5
1450,Lalgarh,CWC,19,West Bengal,703,JHARGRAM,JHARGRAM,-,-,Ganga,Ganga,Bhagirathi-II (WB)*,Kangsabati,-,Kangsabati,22.58333333,87.04388889,12-05-2026 22:00,0.5
1451,Lalgarh,CWC,19,West Bengal,703,JHARGRAM,JHARGRAM,-,-,Ganga,Ganga,Bhagirathi-II (WB)*,Kangsabati,-,Kangsabati,22.58333333,87.04388889,12-05-2026 23:00,0.5
1452,Lalgarh,CWC,19,West Bengal,703,JHARGRAM,JHARGRAM,-,-,Ganga,Ganga,Bhagirathi-II (WB)*,Kangsabati,-,Kangsabati,22.58333333,87.04388889,15-05-2026 12:00,8
1453,Lalgarh,CWC,19,West Bengal,703,JHARGRAM,JHARGRAM,-,-,Ganga,Ganga,Bhagirathi-II (WB)*,Kangsabati,-,Kangsabati,22.58333333,87.04388889,15-05-2026 13:00,8.5
1454,Lalgarh,CWC,19,West Bengal,703,JHARGRAM,JHARGRAM,-,-,Ganga,Ganga,Bhagirathi-II (WB)*,Kangsabati,-,Kangsabati,22.58333333,87.04388889,15-05-2026 14:00,8.5
1455,Lalgarh,CWC,19,West Bengal,703,JHARGRAM,JHARGRAM,-,-,Ganga,Ganga,Bhagirathi-II (WB)*,Kangsabati,-,Kangsabati,22.58333333,87.04388889,15-05-2026 15:00,8.5
1456,Lalgarh,CWC,19,West Bengal,703,JHARGRAM,JHARGRAM,-,-,Ganga,Ganga,Bhagirathi-II (WB)*,Kangsabati,-,Kangsabati,22.58333333,87.04388889,15-05-2026 16:00,8.5
1457,Lalgarh,CWC,19,West Bengal,703,JHARGRAM,JHARGRAM,-,-,Ganga,Ganga,Bhagirathi-II (WB)*,Kangsabati,-,Kangsabati,22.58333333,87.04388889,15-05-2026 17:00,8.5
1458,Lalgarh,CWC,19,West Bengal,703,JHARGRAM,JHARGRAM,-,-,Ganga,Ganga,Bhagirathi-II (WB)*,Kangsabati,-,Kangsabati,22.58333333,87.04388889,15-05-2026 18:00,8.5
1459,Lalgarh,CWC,19,West Bengal,703,JHARGRAM,JHARGRAM,-,-,Ganga,Ganga,Bhagirathi-II (WB)*,Kangsabati,-,Kangsabati,22.58333333,87.04388889,15-05-2026 19:00,8.5
1460,Lalgarh,CWC,19,West Bengal,703,JHARGRAM,JHARGRAM,-,-,Ganga,Ganga,Bhagirathi-II (WB)*,Kangsabati,-,Kangsabati,22.58333333,87.04388889,15-05-2026 20:00,8.5
1461,Lalgarh,CWC,19,West Bengal,703,JHARGRAM,JHARGRAM,-,-,Ganga,Ganga,Bhagirathi-II (WB)*,Kangsabati,-,Kangsabati,22.58333333,87.04388889,15-05-2026 21:00,8.5
1462,Lalgarh,CWC,19,West Bengal,703,JHARGRAM,JHARGRAM,-,-,Ganga,Ganga,Bhagirathi-II (WB)*,Kangsabati,-,Kangsabati,22.58333333,87.04388889,15-05-2026 22:00,8.5
1463,Lalgarh,CWC,19,West Bengal,703,JHARGRAM,JHARGRAM,-,-,Ganga,Ganga,Bhagirathi-II (WB)*,Kangsabati,-,Kangsabati,22.58333333,87.04388889,15-05-2026 23:00,8.5
1464,Lalgarh,CWC,19,West Bengal,703,JHARGRAM,JHARGRAM,-,-,Ganga,Ganga,Bhagirathi-II (WB)*,Kangsabati,-,Kangsabati,22.58333333,87.04388889,16-05-2026 00:00,8.5
1465,Lalgarh,CWC,19,West Bengal,703,JHARGRAM,JHARGRAM,-,-,Ganga,Ganga,Bhagirathi-II (WB)*,Kangsabati,-,Kangsabati,22.58333333,87.04388889,16-05-2026 01:00,8.5
1466,Lalgarh,CWC,19,West Bengal,703,JHARGRAM,JHARGRAM,-,-,Ganga,Ganga,Bhagirathi-II (WB)*,Kangsabati,-,Kangsabati,22.58333333,87.04388889,16-05-2026 02:00,8.5
1467,Lalgarh,CWC,19,West Bengal,703,JHARGRAM,JHARGRAM,-,-,Ganga,Ganga,Bhagirathi-II (WB)*,Kangsabati,-,Kangsabati,22.58333333,87.04388889,22-05-2026 23:00,2
1468,Lalgarh,CWC,19,West Bengal,703,JHARGRAM,JHARGRAM,-,-,Ganga,Ganga,Bhagirathi-II (WB)*,Kangsabati,-,Kangsabati,22.58333333,87.04388889,23-05-2026 06:00,0.5
1469,Lalgarh,CWC,19,West Bengal,703,JHARGRAM,JHARGRAM,-,-,Ganga,Ganga,Bhagirathi-II (WB)*,Kangsabati,-,Kangsabati,22.58333333,87.04388889,23-05-2026 23:00,0.5
1470,Lalgarh,CWC,19,West Bengal,703,JHARGRAM,JHARGRAM,-,-,Ganga,Ganga,Bhagirathi-II (WB)*,Kangsabati,-,Kangsabati,22.58333333,87.04388889,24-05-2026 01:00,0.5
1471,Lalgarh,CWC,19,West Bengal,703,JHARGRAM,JHARGRAM,-,-,Ganga,Ganga,Bhagirathi-II (WB)*,Kangsabati,-,Kangsabati,22.58333333,87.04388889,24-05-2026 02:00,0.5
1472,Lalgarh,CWC,19,West Bengal,703,JHARGRAM,JHARGRAM,-,-,Ganga,Ganga,Bhagirathi-II (WB)*,Kangsabati,-,Kangsabati,22.58333333,87.04388889,27-05-2026 09:00,1.5
1473,Lalgarh,CWC,19,West Bengal,703,JHARGRAM,JHARGRAM,-,-,Ganga,Ganga,Bhagirathi-II (WB)*,Kangsabati,-,Kangsabati,22.58333333,87.04388889,27-05-2026 11:00,1.5
1474,Lalgarh,CWC,19,West Bengal,703,JHARGRAM,JHARGRAM,-,-,Ganga,Ganga,Bhagirathi-II (WB)*,Kangsabati,-,Kangsabati,22.58333333,87.04388889,27-05-2026 18:00,1.5
1475,Lalgarh,CWC,19,West Bengal,703,JHARGRAM,JHARGRAM,-,-,Ganga,Ganga,Bhagirathi-II (WB)*,Kangsabati,-,Kangsabati,22.58333333,87.04388889,27-05-2026 20:00,1.5
1476,Lalgarh,CWC,19,West Bengal,703,JHARGRAM,JHARGRAM,-,-,Ganga,Ganga,Bhagirathi-II (WB)*,Kangsabati,-,Kangsabati,22.58333333,87.04388889,27-05-2026 23:00,1.5
1477,Lalgarh,CWC,19,West Bengal,703,JHARGRAM,JHARGRAM,-,-,Ganga,Ganga,Bhagirathi-II (WB)*,Kangsabati,-,Kangsabati,22.58333333,87.04388889,28-05-2026 02:00,1.5
1478,Lalgarh,CWC,19,West Bengal,703,JHARGRAM,JHARGRAM,-,-,Ganga,Ganga,Bhagirathi-II (WB)*,Kangsabati,-,Kangsabati,22.58333333,87.04388889,29-05-2026 07:00,15.5
1479,Lalgarh,CWC,19,West Bengal,703,JHARGRAM,JHARGRAM,-,-,Ganga,Ganga,Bhagirathi-II (WB)*,Kangsabati,-,Kangsabati,22.58333333,87.04388889,29-05-2026 08:00,15.5
1480,Lalgarh,CWC,19,West Bengal,703,JHARGRAM,JHARGRAM,-,-,Ganga,Ganga,Bhagirathi-II (WB)*,Kangsabati,-,Kangsabati,22.58333333,87.04388889,29-05-2026 23:00,15.5
1481,Lalgarh,CWC,19,West Bengal,703,JHARGRAM,JHARGRAM,-,-,Ganga,Ganga,Bhagirathi-II (WB)*,Kangsabati,-,Kangsabati,22.58333333,87.04388889,30-05-2026 01:00,15.5
1482,Mohanpur,CWC,19,West Bengal,317,MEDINIPUR,MIDNAPORE,-,-,Ganga,Ganga,Bhagirathi-II (WB)*,Kangsabati,-,Kangsabati,22.39833333,87.34361111,15-01-2026 05:00,193
1483,Mohanpur,CWC,19,West Bengal,317,MEDINIPUR,MIDNAPORE,-,-,Ganga,Ganga,Bhagirathi-II (WB)*,Kangsabati,-,Kangsabati,22.39833333,87.34361111,03-02-2026 14:00,0.5
1484,Mohanpur,CWC,19,West Bengal,317,MEDINIPUR,MIDNAPORE,-,-,Ganga,Ganga,Bhagirathi-II (WB)*,Kangsabati,-,Kangsabati,22.39833333,87.34361111,06-02-2026 17:00,65.5
1485,Mohanpur,CWC,19,West Bengal,317,MEDINIPUR,MIDNAPORE,-,-,Ganga,Ganga,Bhagirathi-II (WB)*,Kangsabati,-,Kangsabati,22.39833333,87.34361111,08-02-2026 10:00,18
1486,Mohanpur,CWC,19,West Bengal,317,MEDINIPUR,MIDNAPORE,-,-,Ganga,Ganga,Bhagirathi-II (WB)*,Kangsabati,-,Kangsabati,22.39833333,87.34361111,13-02-2026 13:00,160.5
1487,Mohanpur,CWC,19,West Bengal,317,MEDINIPUR,MIDNAPORE,-,-,Ganga,Ganga,Bhagirathi-II (WB)*,Kangsabati,-,Kangsabati,22.39833333,87.34361111,14-02-2026 13:00,160
1488,Mohanpur,CWC,19,West Bengal,317,MEDINIPUR,MIDNAPORE,-,-,Ganga,Ganga,Bhagirathi-II (WB)*,Kangsabati,-,Kangsabati,22.39833333,87.34361111,21-02-2026 01:00,377
1489,Mohanpur,CWC,19,West Bengal,317,MEDINIPUR,MIDNAPORE,-,-,Ganga,Ganga,Bhagirathi-II (WB)*,Kangsabati,-,Kangsabati,22.39833333,87.34361111,21-02-2026 05:00,80.5
1490,Mohanpur,CWC,19,West Bengal,317,MEDINIPUR,MIDNAPORE,-,-,Ganga,Ganga,Bhagirathi-II (WB)*,Kangsabati,-,Kangsabati,22.39833333,87.34361111,23-02-2026 22:00,1
1491,Mohanpur,CWC,19,West Bengal,317,MEDINIPUR,MIDNAPORE,-,-,Ganga,Ganga,Bhagirathi-II (WB)*,Kangsabati,-,Kangsabati,22.39833333,87.34361111,24-02-2026 15:00,0.5
1492,Mohanpur,CWC,19,West Bengal,317,MEDINIPUR,MIDNAPORE,-,-,Ganga,Ganga,Bhagirathi-II (WB)*,Kangsabati,-,Kangsabati,22.39833333,87.34361111,25-03-2026 14:00,351.5
1493,Mohanpur,CWC,19,West Bengal,317,MEDINIPUR,MIDNAPORE,-,-,Ganga,Ganga,Bhagirathi-II (WB)*,Kangsabati,-,Kangsabati,22.39833333,87.34361111,25-03-2026 15:00,159
1494,Mohanpur,CWC,19,West Bengal,317,MEDINIPUR,MIDNAPORE,-,-,Ganga,Ganga,Bhagirathi-II (WB)*,Kangsabati,-,Kangsabati,22.39833333,87.34361111,25-03-2026 23:00,358.5
1495,Mohanpur,CWC,19,West Bengal,317,MEDINIPUR,MIDNAPORE,-,-,Ganga,Ganga,Bhagirathi-II (WB)*,Kangsabati,-,Kangsabati,22.39833333,87.34361111,27-03-2026 08:00,481
1496,Mohanpur,CWC,19,West Bengal,317,MEDINIPUR,MIDNAPORE,-,-,Ganga,Ganga,Bhagirathi-II (WB)*,Kangsabati,-,Kangsabati,22.39833333,87.34361111,27-03-2026 18:00,10
1497,Mohanpur,CWC,19,West Bengal,317,MEDINIPUR,MIDNAPORE,-,-,Ganga,Ganga,Bhagirathi-II (WB)*,Kangsabati,-,Kangsabati,22.39833333,87.34361111,27-03-2026 19:00,3.5
1498,Mohanpur,CWC,19,West Bengal,317,MEDINIPUR,MIDNAPORE,-,-,Ganga,Ganga,Bhagirathi-II (WB)*,Kangsabati,-,Kangsabati,22.39833333,87.34361111,27-03-2026 20:00,14
1499,Mohanpur,CWC,19,West Bengal,317,MEDINIPUR,MIDNAPORE,-,-,Ganga,Ganga,Bhagirathi-II (WB)*,Kangsabati,-,Kangsabati,22.39833333,87.34361111,27-03-2026 21:00,14
1500,Mohanpur,CWC,19,West Bengal,317,MEDINIPUR,MIDNAPORE,-,-,Ganga,Ganga,Bhagirathi-II (WB)*,Kangsabati,-,Kangsabati,22.39833333,87.34361111,27-03-2026 22:00,14
1501,Mohanpur,CWC,19,West Bengal,317,MEDINIPUR,MIDNAPORE,-,-,Ganga,Ganga,Bhagirathi-II (WB)*,Kangsabati,-,Kangsabati,22.39833333,87.34361111,27-03-2026 23:00,14
1502,Mohanpur,CWC,19,West Bengal,317,MEDINIPUR,MIDNAPORE,-,-,Ganga,Ganga,Bhagirathi-II (WB)*,Kangsabati,-,Kangsabati,22.39833333,87.34361111,28-03-2026 01:00,14
1503,Mohanpur,CWC,19,West Bengal,317,MEDINIPUR,MIDNAPORE,-,-,Ganga,Ganga,Bhagirathi-II (WB)*,Kangsabati,-,Kangsabati,22.39833333,87.34361111,29-03-2026 11:30,83
1504,Mohanpur,CWC,19,West Bengal,317,MEDINIPUR,MIDNAPORE,-,-,Ganga,Ganga,Bhagirathi-II (WB)*,Kangsabati,-,Kangsabati,22.39833333,87.34361111,29-03-2026 12:30,160.5
1505,Mohanpur,CWC,19,West Bengal,317,MEDINIPUR,MIDNAPORE,-,-,Ganga,Ganga,Bhagirathi-II (WB)*,Kangsabati,-,Kangsabati,22.39833333,87.34361111,29-03-2026 15:00,1.5
1506,Mohanpur,CWC,19,West Bengal,317,MEDINIPUR,MIDNAPORE,-,-,Ganga,Ganga,Bhagirathi-II (WB)*,Kangsabati,-,Kangsabati,22.39833333,87.34361111,30-03-2026 16:00,13.5
1507,Mohanpur,CWC,19,West Bengal,317,MEDINIPUR,MIDNAPORE,-,-,Ganga,Ganga,Bhagirathi-II (WB)*,Kangsabati,-,Kangsabati,22.39833333,87.34361111,30-03-2026 17:00,17.5
1508,Mohanpur,CWC,19,West Bengal,317,MEDINIPUR,MIDNAPORE,-,-,Ganga,Ganga,Bhagirathi-II (WB)*,Kangsabati,-,Kangsabati,22.39833333,87.34361111,30-03-2026 18:00,1
1509,Mohanpur,CWC,19,West Bengal,317,MEDINIPUR,MIDNAPORE,-,-,Ganga,Ganga,Bhagirathi-II (WB)*,Kangsabati,-,Kangsabati,22.39833333,87.34361111,30-03-2026 19:00,0.5
1510,Mohanpur,CWC,19,West Bengal,317,MEDINIPUR,MIDNAPORE,-,-,Ganga,Ganga,Bhagirathi-II (WB)*,Kangsabati,-,Kangsabati,22.39833333,87.34361111,30-03-2026 20:00,18.5
1511,Mohanpur,CWC,19,West Bengal,317,MEDINIPUR,MIDNAPORE,-,-,Ganga,Ganga,Bhagirathi-II (WB)*,Kangsabati,-,Kangsabati,22.39833333,87.34361111,31-03-2026 00:00,18.5
1512,Mohanpur,CWC,19,West Bengal,317,MEDINIPUR,MIDNAPORE,-,-,Ganga,Ganga,Bhagirathi-II (WB)*,Kangsabati,-,Kangsabati,22.39833333,87.34361111,31-03-2026 01:00,19
1513,Mohanpur,CWC,19,West Bengal,317,MEDINIPUR,MIDNAPORE,-,-,Ganga,Ganga,Bhagirathi-II (WB)*,Kangsabati,-,Kangsabati,22.39833333,87.34361111,31-03-2026 07:00,1
1514,Mohanpur,CWC,19,West Bengal,317,MEDINIPUR,MIDNAPORE,-,-,Ganga,Ganga,Bhagirathi-II (WB)*,Kangsabati,-,Kangsabati,22.39833333,87.34361111,31-03-2026 08:00,1
1515,Mohanpur,CWC,19,West Bengal,317,MEDINIPUR,MIDNAPORE,-,-,Ganga,Ganga,Bhagirathi-II (WB)*,Kangsabati,-,Kangsabati,22.39833333,87.34361111,31-03-2026 09:00,1
1516,Mohanpur,CWC,19,West Bengal,317,MEDINIPUR,MIDNAPORE,-,-,Ganga,Ganga,Bhagirathi-II (WB)*,Kangsabati,-,Kangsabati,22.39833333,87.34361111,31-03-2026 10:00,1
1517,Mohanpur,CWC,19,West Bengal,317,MEDINIPUR,MIDNAPORE,-,-,Ganga,Ganga,Bhagirathi-II (WB)*,Kangsabati,-,Kangsabati,22.39833333,87.34361111,31-03-2026 12:00,1
1518,Mohanpur,CWC,19,West Bengal,317,MEDINIPUR,MIDNAPORE,-,-,Ganga,Ganga,Bhagirathi-II (WB)*,Kangsabati,-,Kangsabati,22.39833333,87.34361111,31-03-2026 13:00,1
1519,Mohanpur,CWC,19,West Bengal,317,MEDINIPUR,MIDNAPORE,-,-,Ganga,Ganga,Bhagirathi-II (WB)*,Kangsabati,-,Kangsabati,22.39833333,87.34361111,31-03-2026 14:00,1
1520,Mohanpur,CWC,19,West Bengal,317,MEDINIPUR,MIDNAPORE,-,-,Ganga,Ganga,Bhagirathi-II (WB)*,Kangsabati,-,Kangsabati,22.39833333,87.34361111,31-03-2026 15:00,1
1521,Mohanpur,CWC,19,West Bengal,317,MEDINIPUR,MIDNAPORE,-,-,Ganga,Ganga,Bhagirathi-II (WB)*,Kangsabati,-,Kangsabati,22.39833333,87.34361111,31-03-2026 16:00,1
1522,Mohanpur,CWC,19,West Bengal,317,MEDINIPUR,MIDNAPORE,-,-,Ganga,Ganga,Bhagirathi-II (WB)*,Kangsabati,-,Kangsabati,22.39833333,87.34361111,31-03-2026 17:00,1
1523,Mohanpur,CWC,19,West Bengal,317,MEDINIPUR,MIDNAPORE,-,-,Ganga,Ganga,Bhagirathi-II (WB)*,Kangsabati,-,Kangsabati,22.39833333,87.34361111,31-03-2026 19:00,1
1524,Mohanpur,CWC,19,West Bengal,317,MEDINIPUR,MIDNAPORE,-,-,Ganga,Ganga,Bhagirathi-II (WB)*,Kangsabati,-,Kangsabati,22.39833333,87.34361111,31-03-2026 20:00,1
1525,Mohanpur,CWC,19,West Bengal,317,MEDINIPUR,MIDNAPORE,-,-,Ganga,Ganga,Bhagirathi-II (WB)*,Kangsabati,-,Kangsabati,22.39833333,87.34361111,31-03-2026 21:00,1
1526,Mohanpur,CWC,19,West Bengal,317,MEDINIPUR,MIDNAPORE,-,-,Ganga,Ganga,Bhagirathi-II (WB)*,Kangsabati,-,Kangsabati,22.39833333,87.34361111,31-03-2026 22:00,1
1527,Mohanpur,CWC,19,West Bengal,317,MEDINIPUR,MIDNAPORE,-,-,Ganga,Ganga,Bhagirathi-II (WB)*,Kangsabati,-,Kangsabati,22.39833333,87.34361111,31-03-2026 23:00,1
1528,Mohanpur,CWC,19,West Bengal,317,MEDINIPUR,MIDNAPORE,-,-,Ganga,Ganga,Bhagirathi-II (WB)*,Kangsabati,-,Kangsabati,22.39833333,87.34361111,01-04-2026 00:00,1
1529,Mohanpur,CWC,19,West Bengal,317,MEDINIPUR,MIDNAPORE,-,-,Ganga,Ganga,Bhagirathi-II (WB)*,Kangsabati,-,Kangsabati,22.39833333,87.34361111,01-04-2026 04:00,10
1530,Mohanpur,CWC,19,West Bengal,317,MEDINIPUR,MIDNAPORE,-,-,Ganga,Ganga,Bhagirathi-II (WB)*,Kangsabati,-,Kangsabati,22.39833333,87.34361111,05-04-2026 02:00,0.5
1531,Mohanpur,CWC,19,West Bengal,317,MEDINIPUR,MIDNAPORE,-,-,Ganga,Ganga,Bhagirathi-II (WB)*,Kangsabati,-,Kangsabati,22.39833333,87.34361111,05-04-2026 03:00,0.5
1532,Mohanpur,CWC,19,West Bengal,317,MEDINIPUR,MIDNAPORE,-,-,Ganga,Ganga,Bhagirathi-II (WB)*,Kangsabati,-,Kangsabati,22.39833333,87.34361111,05-04-2026 09:00,6.5
1533,Mohanpur,CWC,19,West Bengal,317,MEDINIPUR,MIDNAPORE,-,-,Ganga,Ganga,Bhagirathi-II (WB)*,Kangsabati,-,Kangsabati,22.39833333,87.34361111,05-04-2026 10:00,3
1534,Mohanpur,CWC,19,West Bengal,317,MEDINIPUR,MIDNAPORE,-,-,Ganga,Ganga,Bhagirathi-II (WB)*,Kangsabati,-,Kangsabati,22.39833333,87.34361111,05-04-2026 11:00,1
1535,Mohanpur,CWC,19,West Bengal,317,MEDINIPUR,MIDNAPORE,-,-,Ganga,Ganga,Bhagirathi-II (WB)*,Kangsabati,-,Kangsabati,22.39833333,87.34361111,05-04-2026 12:00,1
1536,Mohanpur,CWC,19,West Bengal,317,MEDINIPUR,MIDNAPORE,-,-,Ganga,Ganga,Bhagirathi-II (WB)*,Kangsabati,-,Kangsabati,22.39833333,87.34361111,05-04-2026 13:00,0.5
1537,Mohanpur,CWC,19,West Bengal,317,MEDINIPUR,MIDNAPORE,-,-,Ganga,Ganga,Bhagirathi-II (WB)*,Kangsabati,-,Kangsabati,22.39833333,87.34361111,05-04-2026 22:00,9
1538,Mohanpur,CWC,19,West Bengal,317,MEDINIPUR,MIDNAPORE,-,-,Ganga,Ganga,Bhagirathi-II (WB)*,Kangsabati,-,Kangsabati,22.39833333,87.34361111,06-04-2026 02:00,9
1539,Mohanpur,CWC,19,West Bengal,317,MEDINIPUR,MIDNAPORE,-,-,Ganga,Ganga,Bhagirathi-II (WB)*,Kangsabati,-,Kangsabati,22.39833333,87.34361111,06-04-2026 14:00,0.5
1540,Mohanpur,CWC,19,West Bengal,317,MEDINIPUR,MIDNAPORE,-,-,Ganga,Ganga,Bhagirathi-II (WB)*,Kangsabati,-,Kangsabati,22.39833333,87.34361111,06-04-2026 15:00,8.5
1541,Mohanpur,CWC,19,West Bengal,317,MEDINIPUR,MIDNAPORE,-,-,Ganga,Ganga,Bhagirathi-II (WB)*,Kangsabati,-,Kangsabati,22.39833333,87.34361111,06-04-2026 16:00,3.5
1542,Mohanpur,CWC,19,West Bengal,317,MEDINIPUR,MIDNAPORE,-,-,Ganga,Ganga,Bhagirathi-II (WB)*,Kangsabati,-,Kangsabati,22.39833333,87.34361111,06-04-2026 17:00,2
1543,Mohanpur,CWC,19,West Bengal,317,MEDINIPUR,MIDNAPORE,-,-,Ganga,Ganga,Bhagirathi-II (WB)*,Kangsabati,-,Kangsabati,22.39833333,87.34361111,06-04-2026 18:00,13
1544,Mohanpur,CWC,19,West Bengal,317,MEDINIPUR,MIDNAPORE,-,-,Ganga,Ganga,Bhagirathi-II (WB)*,Kangsabati,-,Kangsabati,22.39833333,87.34361111,06-04-2026 19:00,1
1545,Mohanpur,CWC,19,West Bengal,317,MEDINIPUR,MIDNAPORE,-,-,Ganga,Ganga,Bhagirathi-II (WB)*,Kangsabati,-,Kangsabati,22.39833333,87.34361111,06-04-2026 20:00,1.5
1546,Mohanpur,CWC,19,West Bengal,317,MEDINIPUR,MIDNAPORE,-,-,Ganga,Ganga,Bhagirathi-II (WB)*,Kangsabati,-,Kangsabati,22.39833333,87.34361111,06-04-2026 21:00,1.5
1547,Mohanpur,CWC,19,West Bengal,317,MEDINIPUR,MIDNAPORE,-,-,Ganga,Ganga,Bhagirathi-II (WB)*,Kangsabati,-,Kangsabati,22.39833333,87.34361111,06-04-2026 22:00,18
1548,Mohanpur,CWC,19,West Bengal,317,MEDINIPUR,MIDNAPORE,-,-,Ganga,Ganga,Bhagirathi-II (WB)*,Kangsabati,-,Kangsabati,22.39833333,87.34361111,06-04-2026 23:00,19.5
1549,Mohanpur,CWC,19,West Bengal,317,MEDINIPUR,MIDNAPORE,-,-,Ganga,Ganga,Bhagirathi-II (WB)*,Kangsabati,-,Kangsabati,22.39833333,87.34361111,07-04-2026 00:00,20.5
1550,Mohanpur,CWC,19,West Bengal,317,MEDINIPUR,MIDNAPORE,-,-,Ganga,Ganga,Bhagirathi-II (WB)*,Kangsabati,-,Kangsabati,22.39833333,87.34361111,07-04-2026 01:00,1
1551,Mohanpur,CWC,19,West Bengal,317,MEDINIPUR,MIDNAPORE,-,-,Ganga,Ganga,Bhagirathi-II (WB)*,Kangsabati,-,Kangsabati,22.39833333,87.34361111,07-04-2026 02:00,1
1552,Mohanpur,CWC,19,West Bengal,317,MEDINIPUR,MIDNAPORE,-,-,Ganga,Ganga,Bhagirathi-II (WB)*,Kangsabati,-,Kangsabati,22.39833333,87.34361111,07-04-2026 03:00,1
1553,Mohanpur,CWC,19,West Bengal,317,MEDINIPUR,MIDNAPORE,-,-,Ganga,Ganga,Bhagirathi-II (WB)*,Kangsabati,-,Kangsabati,22.39833333,87.34361111,07-04-2026 04:00,1
1554,Mohanpur,CWC,19,West Bengal,317,MEDINIPUR,MIDNAPORE,-,-,Ganga,Ganga,Bhagirathi-II (WB)*,Kangsabati,-,Kangsabati,22.39833333,87.34361111,07-04-2026 05:00,3
1555,Mohanpur,CWC,19,West Bengal,317,MEDINIPUR,MIDNAPORE,-,-,Ganga,Ganga,Bhagirathi-II (WB)*,Kangsabati,-,Kangsabati,22.39833333,87.34361111,07-04-2026 06:00,1
1556,Mohanpur,CWC,19,West Bengal,317,MEDINIPUR,MIDNAPORE,-,-,Ganga,Ganga,Bhagirathi-II (WB)*,Kangsabati,-,Kangsabati,22.39833333,87.34361111,07-04-2026 07:00,0.5
1557,Mohanpur,CWC,19,West Bengal,317,MEDINIPUR,MIDNAPORE,-,-,Ganga,Ganga,Bhagirathi-II (WB)*,Kangsabati,-,Kangsabati,22.39833333,87.34361111,07-04-2026 08:00,0.5
1558,Mohanpur,CWC,19,West Bengal,317,MEDINIPUR,MIDNAPORE,-,-,Ganga,Ganga,Bhagirathi-II (WB)*,Kangsabati,-,Kangsabati,22.39833333,87.34361111,07-04-2026 10:00,5
1559,Mohanpur,CWC,19,West Bengal,317,MEDINIPUR,MIDNAPORE,-,-,Ganga,Ganga,Bhagirathi-II (WB)*,Kangsabati,-,Kangsabati,22.39833333,87.34361111,07-04-2026 11:00,0.5
1560,Mohanpur,CWC,19,West Bengal,317,MEDINIPUR,MIDNAPORE,-,-,Ganga,Ganga,Bhagirathi-II (WB)*,Kangsabati,-,Kangsabati,22.39833333,87.34361111,07-04-2026 13:00,0.5
1561,Mohanpur,CWC,19,West Bengal,317,MEDINIPUR,MIDNAPORE,-,-,Ganga,Ganga,Bhagirathi-II (WB)*,Kangsabati,-,Kangsabati,22.39833333,87.34361111,07-04-2026 14:00,2
1562,Mohanpur,CWC,19,West Bengal,317,MEDINIPUR,MIDNAPORE,-,-,Ganga,Ganga,Bhagirathi-II (WB)*,Kangsabati,-,Kangsabati,22.39833333,87.34361111,07-04-2026 15:00,4.5
1563,Mohanpur,CWC,19,West Bengal,317,MEDINIPUR,MIDNAPORE,-,-,Ganga,Ganga,Bhagirathi-II (WB)*,Kangsabati,-,Kangsabati,22.39833333,87.34361111,07-04-2026 17:00,18.5
1564,Mohanpur,CWC,19,West Bengal,317,MEDINIPUR,MIDNAPORE,-,-,Ganga,Ganga,Bhagirathi-II (WB)*,Kangsabati,-,Kangsabati,22.39833333,87.34361111,07-04-2026 18:00,1
1565,Mohanpur,CWC,19,West Bengal,317,MEDINIPUR,MIDNAPORE,-,-,Ganga,Ganga,Bhagirathi-II (WB)*,Kangsabati,-,Kangsabati,22.39833333,87.34361111,07-04-2026 19:00,0.5
1566,Mohanpur,CWC,19,West Bengal,317,MEDINIPUR,MIDNAPORE,-,-,Ganga,Ganga,Bhagirathi-II (WB)*,Kangsabati,-,Kangsabati,22.39833333,87.34361111,08-04-2026 01:00,19
1567,Mohanpur,CWC,19,West Bengal,317,MEDINIPUR,MIDNAPORE,-,-,Ganga,Ganga,Bhagirathi-II (WB)*,Kangsabati,-,Kangsabati,22.39833333,87.34361111,08-04-2026 02:00,19
1568,Mohanpur,CWC,19,West Bengal,317,MEDINIPUR,MIDNAPORE,-,-,Ganga,Ganga,Bhagirathi-II (WB)*,Kangsabati,-,Kangsabati,22.39833333,87.34361111,08-04-2026 11:00,1
1569,Mohanpur,CWC,19,West Bengal,317,MEDINIPUR,MIDNAPORE,-,-,Ganga,Ganga,Bhagirathi-II (WB)*,Kangsabati,-,Kangsabati,22.39833333,87.34361111,08-04-2026 12:00,1
1570,Mohanpur,CWC,19,West Bengal,317,MEDINIPUR,MIDNAPORE,-,-,Ganga,Ganga,Bhagirathi-II (WB)*,Kangsabati,-,Kangsabati,22.39833333,87.34361111,08-04-2026 13:00,1.5
1571,Mohanpur,CWC,19,West Bengal,317,MEDINIPUR,MIDNAPORE,-,-,Ganga,Ganga,Bhagirathi-II (WB)*,Kangsabati,-,Kangsabati,22.39833333,87.34361111,08-04-2026 14:00,2
1572,Mohanpur,CWC,19,West Bengal,317,MEDINIPUR,MIDNAPORE,-,-,Ganga,Ganga,Bhagirathi-II (WB)*,Kangsabati,-,Kangsabati,22.39833333,87.34361111,08-04-2026 15:00,0.5
1573,Mohanpur,CWC,19,West Bengal,317,MEDINIPUR,MIDNAPORE,-,-,Ganga,Ganga,Bhagirathi-II (WB)*,Kangsabati,-,Kangsabati,22.39833333,87.34361111,08-04-2026 16:00,0.5
1574,Mohanpur,CWC,19,West Bengal,317,MEDINIPUR,MIDNAPORE,-,-,Ganga,Ganga,Bhagirathi-II (WB)*,Kangsabati,-,Kangsabati,22.39833333,87.34361111,08-04-2026 17:00,3
1575,Mohanpur,CWC,19,West Bengal,317,MEDINIPUR,MIDNAPORE,-,-,Ganga,Ganga,Bhagirathi-II (WB)*,Kangsabati,-,Kangsabati,22.39833333,87.34361111,08-04-2026 18:00,3
1576,Mohanpur,CWC,19,West Bengal,317,MEDINIPUR,MIDNAPORE,-,-,Ganga,Ganga,Bhagirathi-II (WB)*,Kangsabati,-,Kangsabati,22.39833333,87.34361111,08-04-2026 20:00,3
1577,Mohanpur,CWC,19,West Bengal,317,MEDINIPUR,MIDNAPORE,-,-,Ganga,Ganga,Bhagirathi-II (WB)*,Kangsabati,-,Kangsabati,22.39833333,87.34361111,08-04-2026 21:00,3
1578,Mohanpur,CWC,19,West Bengal,317,MEDINIPUR,MIDNAPORE,-,-,Ganga,Ganga,Bhagirathi-II (WB)*,Kangsabati,-,Kangsabati,22.39833333,87.34361111,08-04-2026 23:00,3
1579,Mohanpur,CWC,19,West Bengal,317,MEDINIPUR,MIDNAPORE,-,-,Ganga,Ganga,Bhagirathi-II (WB)*,Kangsabati,-,Kangsabati,22.39833333,87.34361111,09-04-2026 02:00,3
1580,Mohanpur,CWC,19,West Bengal,317,MEDINIPUR,MIDNAPORE,-,-,Ganga,Ganga,Bhagirathi-II (WB)*,Kangsabati,-,Kangsabati,22.39833333,87.34361111,15-04-2026 09:00,1
1581,Mohanpur,CWC,19,West Bengal,317,MEDINIPUR,MIDNAPORE,-,-,Ganga,Ganga,Bhagirathi-II (WB)*,Kangsabati,-,Kangsabati,22.39833333,87.34361111,15-04-2026 10:00,1
1582,Mohanpur,CWC,19,West Bengal,317,MEDINIPUR,MIDNAPORE,-,-,Ganga,Ganga,Bhagirathi-II (WB)*,Kangsabati,-,Kangsabati,22.39833333,87.34361111,15-04-2026 12:00,1
1583,Mohanpur,CWC,19,West Bengal,317,MEDINIPUR,MIDNAPORE,-,-,Ganga,Ganga,Bhagirathi-II (WB)*,Kangsabati,-,Kangsabati,22.39833333,87.34361111,15-04-2026 13:00,1
1584,Mohanpur,CWC,19,West Bengal,317,MEDINIPUR,MIDNAPORE,-,-,Ganga,Ganga,Bhagirathi-II (WB)*,Kangsabati,-,Kangsabati,22.39833333,87.34361111,15-04-2026 17:00,1
1585,Mohanpur,CWC,19,West Bengal,317,MEDINIPUR,MIDNAPORE,-,-,Ganga,Ganga,Bhagirathi-II (WB)*,Kangsabati,-,Kangsabati,22.39833333,87.34361111,15-04-2026 20:00,1
1586,Mohanpur,CWC,19,West Bengal,317,MEDINIPUR,MIDNAPORE,-,-,Ganga,Ganga,Bhagirathi-II (WB)*,Kangsabati,-,Kangsabati,22.39833333,87.34361111,15-04-2026 22:00,1
1587,Mohanpur,CWC,19,West Bengal,317,MEDINIPUR,MIDNAPORE,-,-,Ganga,Ganga,Bhagirathi-II (WB)*,Kangsabati,-,Kangsabati,22.39833333,87.34361111,15-04-2026 23:00,1
1588,Mohanpur,CWC,19,West Bengal,317,MEDINIPUR,MIDNAPORE,-,-,Ganga,Ganga,Bhagirathi-II (WB)*,Kangsabati,-,Kangsabati,22.39833333,87.34361111,16-04-2026 00:00,1
1589,Mohanpur,CWC,19,West Bengal,317,MEDINIPUR,MIDNAPORE,-,-,Ganga,Ganga,Bhagirathi-II (WB)*,Kangsabati,-,Kangsabati,22.39833333,87.34361111,16-04-2026 01:00,1
1590,Mohanpur,CWC,19,West Bengal,317,MEDINIPUR,MIDNAPORE,-,-,Ganga,Ganga,Bhagirathi-II (WB)*,Kangsabati,-,Kangsabati,22.39833333,87.34361111,29-04-2026 04:00,2.5
1591,Mohanpur,CWC,19,West Bengal,317,MEDINIPUR,MIDNAPORE,-,-,Ganga,Ganga,Bhagirathi-II (WB)*,Kangsabati,-,Kangsabati,22.39833333,87.34361111,29-04-2026 06:00,2.5
1592,Mohanpur,CWC,19,West Bengal,317,MEDINIPUR,MIDNAPORE,-,-,Ganga,Ganga,Bhagirathi-II (WB)*,Kangsabati,-,Kangsabati,22.39833333,87.34361111,29-04-2026 09:00,2.5
1593,Mohanpur,CWC,19,West Bengal,317,MEDINIPUR,MIDNAPORE,-,-,Ganga,Ganga,Bhagirathi-II (WB)*,Kangsabati,-,Kangsabati,22.39833333,87.34361111,29-04-2026 11:00,2.5
1594,Mohanpur,CWC,19,West Bengal,317,MEDINIPUR,MIDNAPORE,-,-,Ganga,Ganga,Bhagirathi-II (WB)*,Kangsabati,-,Kangsabati,22.39833333,87.34361111,29-04-2026 12:00,2.5
1595,Mohanpur,CWC,19,West Bengal,317,MEDINIPUR,MIDNAPORE,-,-,Ganga,Ganga,Bhagirathi-II (WB)*,Kangsabati,-,Kangsabati,22.39833333,87.34361111,29-04-2026 15:00,34.5
1596,Mohanpur,CWC,19,West Bengal,317,MEDINIPUR,MIDNAPORE,-,-,Ganga,Ganga,Bhagirathi-II (WB)*,Kangsabati,-,Kangsabati,22.39833333,87.34361111,29-04-2026 16:00,4.5
1597,Mohanpur,CWC,19,West Bengal,317,MEDINIPUR,MIDNAPORE,-,-,Ganga,Ganga,Bhagirathi-II (WB)*,Kangsabati,-,Kangsabati,22.39833333,87.34361111,29-04-2026 17:00,38
1598,Mohanpur,CWC,19,West Bengal,317,MEDINIPUR,MIDNAPORE,-,-,Ganga,Ganga,Bhagirathi-II (WB)*,Kangsabati,-,Kangsabati,22.39833333,87.34361111,29-04-2026 18:00,0.5
1599,Mohanpur,CWC,19,West Bengal,317,MEDINIPUR,MIDNAPORE,-,-,Ganga,Ganga,Bhagirathi-II (WB)*,Kangsabati,-,Kangsabati,22.39833333,87.34361111,29-04-2026 19:00,40.5
1600,Mohanpur,CWC,19,West Bengal,317,MEDINIPUR,MIDNAPORE,-,-,Ganga,Ganga,Bhagirathi-II (WB)*,Kangsabati,-,Kangsabati,22.39833333,87.34361111,29-04-2026 20:00,42
1601,Mohanpur,CWC,19,West Bengal,317,MEDINIPUR,MIDNAPORE,-,-,Ganga,Ganga,Bhagirathi-II (WB)*,Kangsabati,-,Kangsabati,22.39833333,87.34361111,29-04-2026 21:00,1.5
1602,Mohanpur,CWC,19,West Bengal,317,MEDINIPUR,MIDNAPORE,-,-,Ganga,Ganga,Bhagirathi-II (WB)*,Kangsabati,-,Kangsabati,22.39833333,87.34361111,29-04-2026 22:00,0.5
1603,Mohanpur,CWC,19,West Bengal,317,MEDINIPUR,MIDNAPORE,-,-,Ganga,Ganga,Bhagirathi-II (WB)*,Kangsabati,-,Kangsabati,22.39833333,87.34361111,30-04-2026 23:00,39
1604,Mohanpur,CWC,19,West Bengal,317,MEDINIPUR,MIDNAPORE,-,-,Ganga,Ganga,Bhagirathi-II (WB)*,Kangsabati,-,Kangsabati,22.39833333,87.34361111,01-05-2026 16:00,14.5
1605,Mohanpur,CWC,19,West Bengal,317,MEDINIPUR,MIDNAPORE,-,-,Ganga,Ganga,Bhagirathi-II (WB)*,Kangsabati,-,Kangsabati,22.39833333,87.34361111,01-05-2026 18:00,0.5
1606,Mohanpur,CWC,19,West Bengal,317,MEDINIPUR,MIDNAPORE,-,-,Ganga,Ganga,Bhagirathi-II (WB)*,Kangsabati,-,Kangsabati,22.39833333,87.34361111,02-05-2026 00:00,21.5
1607,Mohanpur,CWC,19,West Bengal,317,MEDINIPUR,MIDNAPORE,-,-,Ganga,Ganga,Bhagirathi-II (WB)*,Kangsabati,-,Kangsabati,22.39833333,87.34361111,02-05-2026 01:00,21.5
1608,Mohanpur,CWC,19,West Bengal,317,MEDINIPUR,MIDNAPORE,-,-,Ganga,Ganga,Bhagirathi-II (WB)*,Kangsabati,-,Kangsabati,22.39833333,87.34361111,02-05-2026 02:00,21.5
1609,Mohanpur,CWC,19,West Bengal,317,MEDINIPUR,MIDNAPORE,-,-,Ganga,Ganga,Bhagirathi-II (WB)*,Kangsabati,-,Kangsabati,22.39833333,87.34361111,02-05-2026 11:00,23
1610,Mohanpur,CWC,19,West Bengal,317,MEDINIPUR,MIDNAPORE,-,-,Ganga,Ganga,Bhagirathi-II (WB)*,Kangsabati,-,Kangsabati,22.39833333,87.34361111,02-05-2026 12:00,0.5
1611,Mohanpur,CWC,19,West Bengal,317,MEDINIPUR,MIDNAPORE,-,-,Ganga,Ganga,Bhagirathi-II (WB)*,Kangsabati,-,Kangsabati,22.39833333,87.34361111,02-05-2026 13:00,23.5
1612,Mohanpur,CWC,19,West Bengal,317,MEDINIPUR,MIDNAPORE,-,-,Ganga,Ganga,Bhagirathi-II (WB)*,Kangsabati,-,Kangsabati,22.39833333,87.34361111,02-05-2026 14:00,23.5
1613,Mohanpur,CWC,19,West Bengal,317,MEDINIPUR,MIDNAPORE,-,-,Ganga,Ganga,Bhagirathi-II (WB)*,Kangsabati,-,Kangsabati,22.39833333,87.34361111,02-05-2026 18:00,23.5
1614,Mohanpur,CWC,19,West Bengal,317,MEDINIPUR,MIDNAPORE,-,-,Ganga,Ganga,Bhagirathi-II (WB)*,Kangsabati,-,Kangsabati,22.39833333,87.34361111,02-05-2026 20:00,23.5
1615,Mohanpur,CWC,19,West Bengal,317,MEDINIPUR,MIDNAPORE,-,-,Ganga,Ganga,Bhagirathi-II (WB)*,Kangsabati,-,Kangsabati,22.39833333,87.34361111,02-05-2026 21:00,23.5
1616,Mohanpur,CWC,19,West Bengal,317,MEDINIPUR,MIDNAPORE,-,-,Ganga,Ganga,Bhagirathi-II (WB)*,Kangsabati,-,Kangsabati,22.39833333,87.34361111,15-05-2026 13:00,10.5
1617,Mohanpur,CWC,19,West Bengal,317,MEDINIPUR,MIDNAPORE,-,-,Ganga,Ganga,Bhagirathi-II (WB)*,Kangsabati,-,Kangsabati,22.39833333,87.34361111,15-05-2026 14:00,10.5
1618,Mohanpur,CWC,19,West Bengal,317,MEDINIPUR,MIDNAPORE,-,-,Ganga,Ganga,Bhagirathi-II (WB)*,Kangsabati,-,Kangsabati,22.39833333,87.34361111,15-05-2026 15:00,10.5
1619,Mohanpur,CWC,19,West Bengal,317,MEDINIPUR,MIDNAPORE,-,-,Ganga,Ganga,Bhagirathi-II (WB)*,Kangsabati,-,Kangsabati,22.39833333,87.34361111,15-05-2026 16:00,10.5
1620,Mohanpur,CWC,19,West Bengal,317,MEDINIPUR,MIDNAPORE,-,-,Ganga,Ganga,Bhagirathi-II (WB)*,Kangsabati,-,Kangsabati,22.39833333,87.34361111,15-05-2026 17:00,10.5
1621,Mohanpur,CWC,19,West Bengal,317,MEDINIPUR,MIDNAPORE,-,-,Ganga,Ganga,Bhagirathi-II (WB)*,Kangsabati,-,Kangsabati,22.39833333,87.34361111,15-05-2026 18:00,10.5
1622,Mohanpur,CWC,19,West Bengal,317,MEDINIPUR,MIDNAPORE,-,-,Ganga,Ganga,Bhagirathi-II (WB)*,Kangsabati,-,Kangsabati,22.39833333,87.34361111,15-05-2026 20:00,10.5
1623,Mohanpur,CWC,19,West Bengal,317,MEDINIPUR,MIDNAPORE,-,-,Ganga,Ganga,Bhagirathi-II (WB)*,Kangsabati,-,Kangsabati,22.39833333,87.34361111,15-05-2026 21:00,10.5
1624,Mohanpur,CWC,19,West Bengal,317,MEDINIPUR,MIDNAPORE,-,-,Ganga,Ganga,Bhagirathi-II (WB)*,Kangsabati,-,Kangsabati,22.39833333,87.34361111,15-05-2026 22:00,10.5
1625,Mohanpur,CWC,19,West Bengal,317,MEDINIPUR,MIDNAPORE,-,-,Ganga,Ganga,Bhagirathi-II (WB)*,Kangsabati,-,Kangsabati,22.39833333,87.34361111,15-05-2026 23:00,10.5
1626,Mohanpur,CWC,19,West Bengal,317,MEDINIPUR,MIDNAPORE,-,-,Ganga,Ganga,Bhagirathi-II (WB)*,Kangsabati,-,Kangsabati,22.39833333,87.34361111,16-05-2026 00:00,10.5
1627,Mohanpur,CWC,19,West Bengal,317,MEDINIPUR,MIDNAPORE,-,-,Ganga,Ganga,Bhagirathi-II (WB)*,Kangsabati,-,Kangsabati,22.39833333,87.34361111,16-05-2026 01:00,10.5
1628,Mohanpur,CWC,19,West Bengal,317,MEDINIPUR,MIDNAPORE,-,-,Ganga,Ganga,Bhagirathi-II (WB)*,Kangsabati,-,Kangsabati,22.39833333,87.34361111,16-05-2026 02:00,10.5
1629,Mohanpur,CWC,19,West Bengal,317,MEDINIPUR,MIDNAPORE,-,-,Ganga,Ganga,Bhagirathi-II (WB)*,Kangsabati,-,Kangsabati,22.39833333,87.34361111,21-05-2026 05:00,213.5
1630,Mohanpur,CWC,19,West Bengal,317,MEDINIPUR,MIDNAPORE,-,-,Ganga,Ganga,Bhagirathi-II (WB)*,Kangsabati,-,Kangsabati,22.39833333,87.34361111,21-05-2026 06:00,454
1631,Mohanpur,CWC,19,West Bengal,317,MEDINIPUR,MIDNAPORE,-,-,Ganga,Ganga,Bhagirathi-II (WB)*,Kangsabati,-,Kangsabati,22.39833333,87.34361111,25-05-2026 13:00,5
1632,Mohanpur,CWC,19,West Bengal,317,MEDINIPUR,MIDNAPORE,-,-,Ganga,Ganga,Bhagirathi-II (WB)*,Kangsabati,-,Kangsabati,22.39833333,87.34361111,25-05-2026 14:00,5
1633,Mohanpur,CWC,19,West Bengal,317,MEDINIPUR,MIDNAPORE,-,-,Ganga,Ganga,Bhagirathi-II (WB)*,Kangsabati,-,Kangsabati,22.39833333,87.34361111,25-05-2026 23:00,5
1634,Mohanpur,CWC,19,West Bengal,317,MEDINIPUR,MIDNAPORE,-,-,Ganga,Ganga,Bhagirathi-II (WB)*,Kangsabati,-,Kangsabati,22.39833333,87.34361111,26-05-2026 01:00,5
1635,Mohanpur,CWC,19,West Bengal,317,MEDINIPUR,MIDNAPORE,-,-,Ganga,Ganga,Bhagirathi-II (WB)*,Kangsabati,-,Kangsabati,22.39833333,87.34361111,27-05-2026 10:00,2.5
1636,Mohanpur,CWC,19,West Bengal,317,MEDINIPUR,MIDNAPORE,-,-,Ganga,Ganga,Bhagirathi-II (WB)*,Kangsabati,-,Kangsabati,22.39833333,87.34361111,27-05-2026 15:00,2.5
1637,Mohanpur,CWC,19,West Bengal,317,MEDINIPUR,MIDNAPORE,-,-,Ganga,Ganga,Bhagirathi-II (WB)*,Kangsabati,-,Kangsabati,22.39833333,87.34361111,27-05-2026 17:00,2.5
1638,Mohanpur,CWC,19,West Bengal,317,MEDINIPUR,MIDNAPORE,-,-,Ganga,Ganga,Bhagirathi-II (WB)*,Kangsabati,-,Kangsabati,22.39833333,87.34361111,27-05-2026 20:00,2.5
1639,Mohanpur,CWC,19,West Bengal,317,MEDINIPUR,MIDNAPORE,-,-,Ganga,Ganga,Bhagirathi-II (WB)*,Kangsabati,-,Kangsabati,22.39833333,87.34361111,27-05-2026 22:00,2.5
1640,Mohanpur,CWC,19,West Bengal,317,MEDINIPUR,MIDNAPORE,-,-,Ganga,Ganga,Bhagirathi-II (WB)*,Kangsabati,-,Kangsabati,22.39833333,87.34361111,27-05-2026 23:00,2.5
1641,Mohanpur,CWC,19,West Bengal,317,MEDINIPUR,MIDNAPORE,-,-,Ganga,Ganga,Bhagirathi-II (WB)*,Kangsabati,-,Kangsabati,22.39833333,87.34361111,28-05-2026 02:00,2.5
1642,Mohanpur,CWC,19,West Bengal,317,MEDINIPUR,MIDNAPORE,-,-,Ganga,Ganga,Bhagirathi-II (WB)*,Kangsabati,-,Kangsabati,22.39833333,87.34361111,29-05-2026 09:00,29
1643,Mohanpur,CWC,19,West Bengal,317,MEDINIPUR,MIDNAPORE,-,-,Ganga,Ganga,Bhagirathi-II (WB)*,Kangsabati,-,Kangsabati,22.39833333,87.34361111,29-05-2026 10:00,30
1644,Mohanpur,CWC,19,West Bengal,317,MEDINIPUR,MIDNAPORE,-,-,Ganga,Ganga,Bhagirathi-II (WB)*,Kangsabati,-,Kangsabati,22.39833333,87.34361111,29-05-2026 11:00,0.5
1645,Mohanpur,CWC,19,West Bengal,317,MEDINIPUR,MIDNAPORE,-,-,Ganga,Ganga,Bhagirathi-II (WB)*,Kangsabati,-,Kangsabati,22.39833333,87.34361111,29-05-2026 23:00,30
1646,Mohanpur,CWC,19,West Bengal,317,MEDINIPUR,MIDNAPORE,-,-,Ganga,Ganga,Bhagirathi-II (WB)*,Kangsabati,-,Kangsabati,22.39833333,87.34361111,30-05-2026 01:00,30
1647,Mohanpur,CWC,19,West Bengal,317,MEDINIPUR,MIDNAPORE,-,-,Ganga,Ganga,Bhagirathi-II (WB)*,Kangsabati,-,Kangsabati,22.39833333,87.34361111,03-06-2026 10:00,11
1648,Mohanpur,CWC,19,West Bengal,317,MEDINIPUR,MIDNAPORE,-,-,Ganga,Ganga,Bhagirathi-II (WB)*,Kangsabati,-,Kangsabati,22.39833333,87.34361111,03-06-2026 11:00,55.5
1649,Mohanpur,CWC,19,West Bengal,317,MEDINIPUR,MIDNAPORE,-,-,Ganga,Ganga,Bhagirathi-II (WB)*,Kangsabati,-,Kangsabati,22.39833333,87.34361111,03-06-2026 12:00,61.5
1650,Mohanpur,CWC,19,West Bengal,317,MEDINIPUR,MIDNAPORE,-,-,Ganga,Ganga,Bhagirathi-II (WB)*,Kangsabati,-,Kangsabati,22.39833333,87.34361111,03-06-2026 13:00,61.5
1651,Mohanpur,CWC,19,West Bengal,317,MEDINIPUR,MIDNAPORE,-,-,Ganga,Ganga,Bhagirathi-II (WB)*,Kangsabati,-,Kangsabati,22.39833333,87.34361111,03-06-2026 14:00,61.5
1652,Mohanpur,CWC,19,West Bengal,317,MEDINIPUR,MIDNAPORE,-,-,Ganga,Ganga,Bhagirathi-II (WB)*,Kangsabati,-,Kangsabati,22.39833333,87.34361111,03-06-2026 15:00,61.5
1653,Mohanpur,CWC,19,West Bengal,317,MEDINIPUR,MIDNAPORE,-,-,Ganga,Ganga,Bhagirathi-II (WB)*,Kangsabati,-,Kangsabati,22.39833333,87.34361111,03-06-2026 16:00,61.5
1654,Mohanpur,CWC,19,West Bengal,317,MEDINIPUR,MIDNAPORE,-,-,Ganga,Ganga,Bhagirathi-II (WB)*,Kangsabati,-,Kangsabati,22.39833333,87.34361111,03-06-2026 17:00,61.5
1655,Mohanpur,CWC,19,West Bengal,317,MEDINIPUR,MIDNAPORE,-,-,Ganga,Ganga,Bhagirathi-II (WB)*,Kangsabati,-,Kangsabati,22.39833333,87.34361111,03-06-2026 18:00,61.5
1656,Mohanpur,CWC,19,West Bengal,317,MEDINIPUR,MIDNAPORE,-,-,Ganga,Ganga,Bhagirathi-II (WB)*,Kangsabati,-,Kangsabati,22.39833333,87.34361111,03-06-2026 19:00,61.5
1657,Mohanpur,CWC,19,West Bengal,317,MEDINIPUR,MIDNAPORE,-,-,Ganga,Ganga,Bhagirathi-II (WB)*,Kangsabati,-,Kangsabati,22.39833333,87.34361111,03-06-2026 20:00,61.5
1658,Mohanpur,CWC,19,West Bengal,317,MEDINIPUR,MIDNAPORE,-,-,Ganga,Ganga,Bhagirathi-II (WB)*,Kangsabati,-,Kangsabati,22.39833333,87.34361111,03-06-2026 21:00,61.5
1659,Phulberia,CWC,19,West Bengal,321,PURULIYA,-,-,-,Ganga,Ganga,Bhagirathi-II (WB)*,Kangsabati,-,Totka & Jamuna,22.91916667,86.62694444,04-01-2026 07:00,3.5
1660,Phulberia,CWC,19,West Bengal,321,PURULIYA,-,-,-,Ganga,Ganga,Bhagirathi-II (WB)*,Kangsabati,-,Totka & Jamuna,22.91916667,86.62694444,13-01-2026 02:00,62.5
1661,Phulberia,CWC,19,West Bengal,321,PURULIYA,-,-,-,Ganga,Ganga,Bhagirathi-II (WB)*,Kangsabati,-,Totka & Jamuna,22.91916667,86.62694444,14-01-2026 05:00,1
1662,Phulberia,CWC,19,West Bengal,321,PURULIYA,-,-,-,Ganga,Ganga,Bhagirathi-II (WB)*,Kangsabati,-,Totka & Jamuna,22.91916667,86.62694444,29-01-2026 14:00,0.5
1663,Phulberia,CWC,19,West Bengal,321,PURULIYA,-,-,-,Ganga,Ganga,Bhagirathi-II (WB)*,Kangsabati,-,Totka & Jamuna,22.91916667,86.62694444,04-02-2026 19:00,18
1664,Phulberia,CWC,19,West Bengal,321,PURULIYA,-,-,-,Ganga,Ganga,Bhagirathi-II (WB)*,Kangsabati,-,Totka & Jamuna,22.91916667,86.62694444,07-02-2026 19:00,0.5
1665,Phulberia,CWC,19,West Bengal,321,PURULIYA,-,-,-,Ganga,Ganga,Bhagirathi-II (WB)*,Kangsabati,-,Totka & Jamuna,22.91916667,86.62694444,08-02-2026 19:00,96
1666,Phulberia,CWC,19,West Bengal,321,PURULIYA,-,-,-,Ganga,Ganga,Bhagirathi-II (WB)*,Kangsabati,-,Totka & Jamuna,22.91916667,86.62694444,09-02-2026 15:00,160
1667,Phulberia,CWC,19,West Bengal,321,PURULIYA,-,-,-,Ganga,Ganga,Bhagirathi-II (WB)*,Kangsabati,-,Totka & Jamuna,22.91916667,86.62694444,10-02-2026 15:00,123
1668,Phulberia,CWC,19,West Bengal,321,PURULIYA,-,-,-,Ganga,Ganga,Bhagirathi-II (WB)*,Kangsabati,-,Totka & Jamuna,22.91916667,86.62694444,14-02-2026 02:00,208.5
1669,Phulberia,CWC,19,West Bengal,321,PURULIYA,-,-,-,Ganga,Ganga,Bhagirathi-II (WB)*,Kangsabati,-,Totka & Jamuna,22.91916667,86.62694444,14-02-2026 18:00,232
1670,Phulberia,CWC,19,West Bengal,321,PURULIYA,-,-,-,Ganga,Ganga,Bhagirathi-II (WB)*,Kangsabati,-,Totka & Jamuna,22.91916667,86.62694444,16-02-2026 21:00,48
1671,Phulberia,CWC,19,West Bengal,321,PURULIYA,-,-,-,Ganga,Ganga,Bhagirathi-II (WB)*,Kangsabati,-,Totka & Jamuna,22.91916667,86.62694444,18-02-2026 11:00,113
1672,Phulberia,CWC,19,West Bengal,321,PURULIYA,-,-,-,Ganga,Ganga,Bhagirathi-II (WB)*,Kangsabati,-,Totka & Jamuna,22.91916667,86.62694444,20-02-2026 08:00,256.5
1673,Phulberia,CWC,19,West Bengal,321,PURULIYA,-,-,-,Ganga,Ganga,Bhagirathi-II (WB)*,Kangsabati,-,Totka & Jamuna,22.91916667,86.62694444,21-02-2026 04:00,200.5
1674,Phulberia,CWC,19,West Bengal,321,PURULIYA,-,-,-,Ganga,Ganga,Bhagirathi-II (WB)*,Kangsabati,-,Totka & Jamuna,22.91916667,86.62694444,23-02-2026 20:00,2
1675,Phulberia,CWC,19,West Bengal,321,PURULIYA,-,-,-,Ganga,Ganga,Bhagirathi-II (WB)*,Kangsabati,-,Totka & Jamuna,22.91916667,86.62694444,23-02-2026 21:00,2.5
1676,Phulberia,CWC,19,West Bengal,321,PURULIYA,-,-,-,Ganga,Ganga,Bhagirathi-II (WB)*,Kangsabati,-,Totka & Jamuna,22.91916667,86.62694444,24-02-2026 12:00,4.5
1677,Phulberia,CWC,19,West Bengal,321,PURULIYA,-,-,-,Ganga,Ganga,Bhagirathi-II (WB)*,Kangsabati,-,Totka & Jamuna,22.91916667,86.62694444,24-02-2026 17:00,4.5
1678,Phulberia,CWC,19,West Bengal,321,PURULIYA,-,-,-,Ganga,Ganga,Bhagirathi-II (WB)*,Kangsabati,-,Totka & Jamuna,22.91916667,86.62694444,24-02-2026 18:00,4.5
1679,Phulberia,CWC,19,West Bengal,321,PURULIYA,-,-,-,Ganga,Ganga,Bhagirathi-II (WB)*,Kangsabati,-,Totka & Jamuna,22.91916667,86.62694444,26-02-2026 13:00,160.5
1680,Phulberia,CWC,19,West Bengal,321,PURULIYA,-,-,-,Ganga,Ganga,Bhagirathi-II (WB)*,Kangsabati,-,Totka & Jamuna,22.91916667,86.62694444,26-02-2026 17:00,72
1681,Phulberia,CWC,19,West Bengal,321,PURULIYA,-,-,-,Ganga,Ganga,Bhagirathi-II (WB)*,Kangsabati,-,Totka & Jamuna,22.91916667,86.62694444,26-02-2026 18:00,36
1682,Phulberia,CWC,19,West Bengal,321,PURULIYA,-,-,-,Ganga,Ganga,Bhagirathi-II (WB)*,Kangsabati,-,Totka & Jamuna,22.91916667,86.62694444,27-02-2026 04:00,149
1683,Phulberia,CWC,19,West Bengal,321,PURULIYA,-,-,-,Ganga,Ganga,Bhagirathi-II (WB)*,Kangsabati,-,Totka & Jamuna,22.91916667,86.62694444,27-02-2026 20:00,172
1684,Phulberia,CWC,19,West Bengal,321,PURULIYA,-,-,-,Ganga,Ganga,Bhagirathi-II (WB)*,Kangsabati,-,Totka & Jamuna,22.91916667,86.62694444,02-03-2026 21:00,0.5
1685,Phulberia,CWC,19,West Bengal,321,PURULIYA,-,-,-,Ganga,Ganga,Bhagirathi-II (WB)*,Kangsabati,-,Totka & Jamuna,22.91916667,86.62694444,19-03-2026 07:00,2.5
1686,Phulberia,CWC,19,West Bengal,321,PURULIYA,-,-,-,Ganga,Ganga,Bhagirathi-II (WB)*,Kangsabati,-,Totka & Jamuna,22.91916667,86.62694444,27-03-2026 08:00,160
1687,Phulberia,CWC,19,West Bengal,321,PURULIYA,-,-,-,Ganga,Ganga,Bhagirathi-II (WB)*,Kangsabati,-,Totka & Jamuna,22.91916667,86.62694444,28-03-2026 03:30,4.5
1688,Phulberia,CWC,19,West Bengal,321,PURULIYA,-,-,-,Ganga,Ganga,Bhagirathi-II (WB)*,Kangsabati,-,Totka & Jamuna,22.91916667,86.62694444,31-03-2026 12:00,4.5
1689,Phulberia,CWC,19,West Bengal,321,PURULIYA,-,-,-,Ganga,Ganga,Bhagirathi-II (WB)*,Kangsabati,-,Totka & Jamuna,22.91916667,86.62694444,31-03-2026 13:00,4.5
1690,Phulberia,CWC,19,West Bengal,321,PURULIYA,-,-,-,Ganga,Ganga,Bhagirathi-II (WB)*,Kangsabati,-,Totka & Jamuna,22.91916667,86.62694444,31-03-2026 14:00,4.5
1691,Phulberia,CWC,19,West Bengal,321,PURULIYA,-,-,-,Ganga,Ganga,Bhagirathi-II (WB)*,Kangsabati,-,Totka & Jamuna,22.91916667,86.62694444,31-03-2026 15:00,4.5
1692,Phulberia,CWC,19,West Bengal,321,PURULIYA,-,-,-,Ganga,Ganga,Bhagirathi-II (WB)*,Kangsabati,-,Totka & Jamuna,22.91916667,86.62694444,31-03-2026 16:00,4.5
1693,Phulberia,CWC,19,West Bengal,321,PURULIYA,-,-,-,Ganga,Ganga,Bhagirathi-II (WB)*,Kangsabati,-,Totka & Jamuna,22.91916667,86.62694444,31-03-2026 17:00,4.5
1694,Phulberia,CWC,19,West Bengal,321,PURULIYA,-,-,-,Ganga,Ganga,Bhagirathi-II (WB)*,Kangsabati,-,Totka & Jamuna,22.91916667,86.62694444,31-03-2026 18:00,4.5
1695,Phulberia,CWC,19,West Bengal,321,PURULIYA,-,-,-,Ganga,Ganga,Bhagirathi-II (WB)*,Kangsabati,-,Totka & Jamuna,22.91916667,86.62694444,31-03-2026 19:00,4.5
1696,Phulberia,CWC,19,West Bengal,321,PURULIYA,-,-,-,Ganga,Ganga,Bhagirathi-II (WB)*,Kangsabati,-,Totka & Jamuna,22.91916667,86.62694444,31-03-2026 20:00,4.5
1697,Phulberia,CWC,19,West Bengal,321,PURULIYA,-,-,-,Ganga,Ganga,Bhagirathi-II (WB)*,Kangsabati,-,Totka & Jamuna,22.91916667,86.62694444,31-03-2026 21:00,4.5
1698,Phulberia,CWC,19,West Bengal,321,PURULIYA,-,-,-,Ganga,Ganga,Bhagirathi-II (WB)*,Kangsabati,-,Totka & Jamuna,22.91916667,86.62694444,31-03-2026 22:00,4.5
1699,Phulberia,CWC,19,West Bengal,321,PURULIYA,-,-,-,Ganga,Ganga,Bhagirathi-II (WB)*,Kangsabati,-,Totka & Jamuna,22.91916667,86.62694444,31-03-2026 23:00,4.5
1700,Phulberia,CWC,19,West Bengal,321,PURULIYA,-,-,-,Ganga,Ganga,Bhagirathi-II (WB)*,Kangsabati,-,Totka & Jamuna,22.91916667,86.62694444,02-04-2026 05:00,3
1701,Phulberia,CWC,19,West Bengal,321,PURULIYA,-,-,-,Ganga,Ganga,Bhagirathi-II (WB)*,Kangsabati,-,Totka & Jamuna,22.91916667,86.62694444,06-04-2026 07:00,5
1702,Phulberia,CWC,19,West Bengal,321,PURULIYA,-,-,-,Ganga,Ganga,Bhagirathi-II (WB)*,Kangsabati,-,Totka & Jamuna,22.91916667,86.62694444,07-04-2026 07:00,0.5
1703,Phulberia,CWC,19,West Bengal,321,PURULIYA,-,-,-,Ganga,Ganga,Bhagirathi-II (WB)*,Kangsabati,-,Totka & Jamuna,22.91916667,86.62694444,08-04-2026 01:00,1
1704,Phulberia,CWC,19,West Bengal,321,PURULIYA,-,-,-,Ganga,Ganga,Bhagirathi-II (WB)*,Kangsabati,-,Totka & Jamuna,22.91916667,86.62694444,08-04-2026 02:00,1
1705,Phulberia,CWC,19,West Bengal,321,PURULIYA,-,-,-,Ganga,Ganga,Bhagirathi-II (WB)*,Kangsabati,-,Totka & Jamuna,22.91916667,86.62694444,20-04-2026 10:00,160
1706,Phulberia,CWC,19,West Bengal,321,PURULIYA,-,-,-,Ganga,Ganga,Bhagirathi-II (WB)*,Kangsabati,-,Totka & Jamuna,22.91916667,86.62694444,23-04-2026 10:00,138
1707,Phulberia,CWC,19,West Bengal,321,PURULIYA,-,-,-,Ganga,Ganga,Bhagirathi-II (WB)*,Kangsabati,-,Totka & Jamuna,22.91916667,86.62694444,28-04-2026 09:00,485.5
1708,Phulberia,CWC,19,West Bengal,321,PURULIYA,-,-,-,Ganga,Ganga,Bhagirathi-II (WB)*,Kangsabati,-,Totka & Jamuna,22.91916667,86.62694444,02-05-2026 09:00,11.5
1709,Phulberia,CWC,19,West Bengal,321,PURULIYA,-,-,-,Ganga,Ganga,Bhagirathi-II (WB)*,Kangsabati,-,Totka & Jamuna,22.91916667,86.62694444,14-05-2026 05:00,2.5
1710,Phulberia,CWC,19,West Bengal,321,PURULIYA,-,-,-,Ganga,Ganga,Bhagirathi-II (WB)*,Kangsabati,-,Totka & Jamuna,22.91916667,86.62694444,31-05-2026 01:00,3.5
1711,Phulberia,CWC,19,West Bengal,321,PURULIYA,-,-,-,Ganga,Ganga,Bhagirathi-II (WB)*,Kangsabati,-,Totka & Jamuna,22.91916667,86.62694444,31-05-2026 02:00,3.5
1712,Phulberia,CWC,19,West Bengal,321,PURULIYA,-,-,-,Ganga,Ganga,Bhagirathi-II (WB)*,Kangsabati,-,Totka & Jamuna,22.91916667,86.62694444,03-06-2026 01:00,0.5
1713,Phulberia,CWC,19,West Bengal,321,PURULIYA,-,-,-,Ganga,Ganga,Bhagirathi-II (WB)*,Kangsabati,-,Totka & Jamuna,22.91916667,86.62694444,03-06-2026 02:00,0.5
1714,Sankosh LRP,CWC,19,West Bengal,664,ALIPURDUAR,KUMARGRAM,-,-,Brahmaputra,Brahmaputra,Sankosh,-,-,Sankosh,26.45777778,89.85805556,01-01-2026 00:00,NaN
1715,Sankosh LRP,CWC,19,West Bengal,664,ALIPURDUAR,KUMARGRAM,-,-,Brahmaputra,Brahmaputra,Sankosh,-,-,Sankosh,26.45777778,89.85805556,01-01-2026 01:00,NaN
1716,Sankosh LRP,CWC,19,West Bengal,664,ALIPURDUAR,KUMARGRAM,-,-,Brahmaputra,Brahmaputra,Sankosh,-,-,Sankosh,26.45777778,89.85805556,02-01-2026 00:00,NaN
1717,Sankosh LRP,CWC,19,West Bengal,664,ALIPURDUAR,KUMARGRAM,-,-,Brahmaputra,Brahmaputra,Sankosh,-,-,Sankosh,26.45777778,89.85805556,02-01-2026 01:00,NaN
1718,Sankosh LRP,CWC,19,West Bengal,664,ALIPURDUAR,KUMARGRAM,-,-,Brahmaputra,Brahmaputra,Sankosh,-,-,Sankosh,26.45777778,89.85805556,02-01-2026 02:00,NaN
1719,Sankosh LRP,CWC,19,West Bengal,664,ALIPURDUAR,KUMARGRAM,-,-,Brahmaputra,Brahmaputra,Sankosh,-,-,Sankosh,26.45777778,89.85805556,02-01-2026 03:00,NaN
1720,Sankosh LRP,CWC,19,West Bengal,664,ALIPURDUAR,KUMARGRAM,-,-,Brahmaputra,Brahmaputra,Sankosh,-,-,Sankosh,26.45777778,89.85805556,02-01-2026 04:00,NaN
1721,Sankosh LRP,CWC,19,West Bengal,664,ALIPURDUAR,KUMARGRAM,-,-,Brahmaputra,Brahmaputra,Sankosh,-,-,Sankosh,26.45777778,89.85805556,02-01-2026 13:00,NaN
1722,Sankosh LRP,CWC,19,West Bengal,664,ALIPURDUAR,KUMARGRAM,-,-,Brahmaputra,Brahmaputra,Sankosh,-,-,Sankosh,26.45777778,89.85805556,02-01-2026 14:00,NaN
1723,Sankosh LRP,CWC,19,West Bengal,664,ALIPURDUAR,KUMARGRAM,-,-,Brahmaputra,Brahmaputra,Sankosh,-,-,Sankosh,26.45777778,89.85805556,04-01-2026 08:00,NaN
1724,Sankosh LRP,CWC,19,West Bengal,664,ALIPURDUAR,KUMARGRAM,-,-,Brahmaputra,Brahmaputra,Sankosh,-,-,Sankosh,26.45777778,89.85805556,04-01-2026 09:00,NaN
1725,Sankosh LRP,CWC,19,West Bengal,664,ALIPURDUAR,KUMARGRAM,-,-,Brahmaputra,Brahmaputra,Sankosh,-,-,Sankosh,26.45777778,89.85805556,04-01-2026 10:00,NaN
1726,Sankosh LRP,CWC,19,West Bengal,664,ALIPURDUAR,KUMARGRAM,-,-,Brahmaputra,Brahmaputra,Sankosh,-,-,Sankosh,26.45777778,89.85805556,04-01-2026 11:00,NaN
1727,Sankosh LRP,CWC,19,West Bengal,664,ALIPURDUAR,KUMARGRAM,-,-,Brahmaputra,Brahmaputra,Sankosh,-,-,Sankosh,26.45777778,89.85805556,04-01-2026 16:00,NaN
1728,Sankosh LRP,CWC,19,West Bengal,664,ALIPURDUAR,KUMARGRAM,-,-,Brahmaputra,Brahmaputra,Sankosh,-,-,Sankosh,26.45777778,89.85805556,04-01-2026 19:00,NaN
1729,Sankosh LRP,CWC,19,West Bengal,664,ALIPURDUAR,KUMARGRAM,-,-,Brahmaputra,Brahmaputra,Sankosh,-,-,Sankosh,26.45777778,89.85805556,04-01-2026 20:00,NaN
1730,Sankosh LRP,CWC,19,West Bengal,664,ALIPURDUAR,KUMARGRAM,-,-,Brahmaputra,Brahmaputra,Sankosh,-,-,Sankosh,26.45777778,89.85805556,04-01-2026 21:00,NaN
1731,Sankosh LRP,CWC,19,West Bengal,664,ALIPURDUAR,KUMARGRAM,-,-,Brahmaputra,Brahmaputra,Sankosh,-,-,Sankosh,26.45777778,89.85805556,04-01-2026 22:00,NaN
1732,Sankosh LRP,CWC,19,West Bengal,664,ALIPURDUAR,KUMARGRAM,-,-,Brahmaputra,Brahmaputra,Sankosh,-,-,Sankosh,26.45777778,89.85805556,04-01-2026 23:00,NaN
1733,Sankosh LRP,CWC,19,West Bengal,664,ALIPURDUAR,KUMARGRAM,-,-,Brahmaputra,Brahmaputra,Sankosh,-,-,Sankosh,26.45777778,89.85805556,05-01-2026 05:00,NaN
1734,Sankosh LRP,CWC,19,West Bengal,664,ALIPURDUAR,KUMARGRAM,-,-,Brahmaputra,Brahmaputra,Sankosh,-,-,Sankosh,26.45777778,89.85805556,05-01-2026 06:00,NaN
1735,Sankosh LRP,CWC,19,West Bengal,664,ALIPURDUAR,KUMARGRAM,-,-,Brahmaputra,Brahmaputra,Sankosh,-,-,Sankosh,26.45777778,89.85805556,05-01-2026 07:00,NaN
1736,Sankosh LRP,CWC,19,West Bengal,664,ALIPURDUAR,KUMARGRAM,-,-,Brahmaputra,Brahmaputra,Sankosh,-,-,Sankosh,26.45777778,89.85805556,05-01-2026 10:00,NaN
1737,Sankosh LRP,CWC,19,West Bengal,664,ALIPURDUAR,KUMARGRAM,-,-,Brahmaputra,Brahmaputra,Sankosh,-,-,Sankosh,26.45777778,89.85805556,05-01-2026 11:00,NaN
1738,Sankosh LRP,CWC,19,West Bengal,664,ALIPURDUAR,KUMARGRAM,-,-,Brahmaputra,Brahmaputra,Sankosh,-,-,Sankosh,26.45777778,89.85805556,05-01-2026 12:00,NaN
1739,Sankosh LRP,CWC,19,West Bengal,664,ALIPURDUAR,KUMARGRAM,-,-,Brahmaputra,Brahmaputra,Sankosh,-,-,Sankosh,26.45777778,89.85805556,05-01-2026 15:00,NaN
1740,Sankosh LRP,CWC,19,West Bengal,664,ALIPURDUAR,KUMARGRAM,-,-,Brahmaputra,Brahmaputra,Sankosh,-,-,Sankosh,26.45777778,89.85805556,05-01-2026 16:00,NaN
1741,Sankosh LRP,CWC,19,West Bengal,664,ALIPURDUAR,KUMARGRAM,-,-,Brahmaputra,Brahmaputra,Sankosh,-,-,Sankosh,26.45777778,89.85805556,05-01-2026 17:00,NaN
1742,Sankosh LRP,CWC,19,West Bengal,664,ALIPURDUAR,KUMARGRAM,-,-,Brahmaputra,Brahmaputra,Sankosh,-,-,Sankosh,26.45777778,89.85805556,08-01-2026 00:00,NaN
1743,Sankosh LRP,CWC,19,West Bengal,664,ALIPURDUAR,KUMARGRAM,-,-,Brahmaputra,Brahmaputra,Sankosh,-,-,Sankosh,26.45777778,89.85805556,08-01-2026 01:00,NaN
1744,Sankosh LRP,CWC,19,West Bengal,664,ALIPURDUAR,KUMARGRAM,-,-,Brahmaputra,Brahmaputra,Sankosh,-,-,Sankosh,26.45777778,89.85805556,08-01-2026 02:00,NaN
1745,Sankosh LRP,CWC,19,West Bengal,664,ALIPURDUAR,KUMARGRAM,-,-,Brahmaputra,Brahmaputra,Sankosh,-,-,Sankosh,26.45777778,89.85805556,08-01-2026 14:00,NaN
1746,Sankosh LRP,CWC,19,West Bengal,664,ALIPURDUAR,KUMARGRAM,-,-,Brahmaputra,Brahmaputra,Sankosh,-,-,Sankosh,26.45777778,89.85805556,08-01-2026 15:00,NaN
1747,Sankosh LRP,CWC,19,West Bengal,664,ALIPURDUAR,KUMARGRAM,-,-,Brahmaputra,Brahmaputra,Sankosh,-,-,Sankosh,26.45777778,89.85805556,08-01-2026 23:00,NaN
1748,Sankosh LRP,CWC,19,West Bengal,664,ALIPURDUAR,KUMARGRAM,-,-,Brahmaputra,Brahmaputra,Sankosh,-,-,Sankosh,26.45777778,89.85805556,10-01-2026 21:00,NaN
1749,Sankosh LRP,CWC,19,West Bengal,664,ALIPURDUAR,KUMARGRAM,-,-,Brahmaputra,Brahmaputra,Sankosh,-,-,Sankosh,26.45777778,89.85805556,10-01-2026 22:00,NaN
1750,Sankosh LRP,CWC,19,West Bengal,664,ALIPURDUAR,KUMARGRAM,-,-,Brahmaputra,Brahmaputra,Sankosh,-,-,Sankosh,26.45777778,89.85805556,10-01-2026 23:00,NaN
1751,Simulia,CWC,19,West Bengal,321,PURULIYA,PURULIYA - I,-,-,Ganga,Ganga,Bhagirathi-II (WB)*,Kangsabati,-,Kangsabati,23.28777778,86.36027778,13-01-2026 07:00,216
1752,Simulia,CWC,19,West Bengal,321,PURULIYA,PURULIYA - I,-,-,Ganga,Ganga,Bhagirathi-II (WB)*,Kangsabati,-,Kangsabati,23.28777778,86.36027778,15-01-2026 08:00,305
1753,Simulia,CWC,19,West Bengal,321,PURULIYA,PURULIYA - I,-,-,Ganga,Ganga,Bhagirathi-II (WB)*,Kangsabati,-,Kangsabati,23.28777778,86.36027778,29-01-2026 06:00,142
1754,Simulia,CWC,19,West Bengal,321,PURULIYA,PURULIYA - I,-,-,Ganga,Ganga,Bhagirathi-II (WB)*,Kangsabati,-,Kangsabati,23.28777778,86.36027778,31-01-2026 05:00,40.5
1755,Simulia,CWC,19,West Bengal,321,PURULIYA,PURULIYA - I,-,-,Ganga,Ganga,Bhagirathi-II (WB)*,Kangsabati,-,Kangsabati,23.28777778,86.36027778,01-02-2026 03:00,58
1756,Simulia,CWC,19,West Bengal,321,PURULIYA,PURULIYA - I,-,-,Ganga,Ganga,Bhagirathi-II (WB)*,Kangsabati,-,Kangsabati,23.28777778,86.36027778,01-02-2026 16:00,192
1757,Simulia,CWC,19,West Bengal,321,PURULIYA,PURULIYA - I,-,-,Ganga,Ganga,Bhagirathi-II (WB)*,Kangsabati,-,Kangsabati,23.28777778,86.36027778,02-02-2026 10:00,379.5
1758,Simulia,CWC,19,West Bengal,321,PURULIYA,PURULIYA - I,-,-,Ganga,Ganga,Bhagirathi-II (WB)*,Kangsabati,-,Kangsabati,23.28777778,86.36027778,02-02-2026 11:00,212.5
1759,Simulia,CWC,19,West Bengal,321,PURULIYA,PURULIYA - I,-,-,Ganga,Ganga,Bhagirathi-II (WB)*,Kangsabati,-,Kangsabati,23.28777778,86.36027778,02-02-2026 19:00,63
1760,Simulia,CWC,19,West Bengal,321,PURULIYA,PURULIYA - I,-,-,Ganga,Ganga,Bhagirathi-II (WB)*,Kangsabati,-,Kangsabati,23.28777778,86.36027778,05-02-2026 05:00,85
1761,Simulia,CWC,19,West Bengal,321,PURULIYA,PURULIYA - I,-,-,Ganga,Ganga,Bhagirathi-II (WB)*,Kangsabati,-,Kangsabati,23.28777778,86.36027778,07-02-2026 13:00,0.5
1762,Simulia,CWC,19,West Bengal,321,PURULIYA,PURULIYA - I,-,-,Ganga,Ganga,Bhagirathi-II (WB)*,Kangsabati,-,Kangsabati,23.28777778,86.36027778,08-02-2026 14:00,197
1763,Simulia,CWC,19,West Bengal,321,PURULIYA,PURULIYA - I,-,-,Ganga,Ganga,Bhagirathi-II (WB)*,Kangsabati,-,Kangsabati,23.28777778,86.36027778,11-02-2026 13:00,5
1764,Simulia,CWC,19,West Bengal,321,PURULIYA,PURULIYA - I,-,-,Ganga,Ganga,Bhagirathi-II (WB)*,Kangsabati,-,Kangsabati,23.28777778,86.36027778,22-02-2026 23:00,0.5
1765,Simulia,CWC,19,West Bengal,321,PURULIYA,PURULIYA - I,-,-,Ganga,Ganga,Bhagirathi-II (WB)*,Kangsabati,-,Kangsabati,23.28777778,86.36027778,23-02-2026 15:00,8.5
1766,Simulia,CWC,19,West Bengal,321,PURULIYA,PURULIYA - I,-,-,Ganga,Ganga,Bhagirathi-II (WB)*,Kangsabati,-,Kangsabati,23.28777778,86.36027778,23-02-2026 19:00,1.5
1767,Simulia,CWC,19,West Bengal,321,PURULIYA,PURULIYA - I,-,-,Ganga,Ganga,Bhagirathi-II (WB)*,Kangsabati,-,Kangsabati,23.28777778,86.36027778,23-02-2026 22:00,1
1768,Simulia,CWC,19,West Bengal,321,PURULIYA,PURULIYA - I,-,-,Ganga,Ganga,Bhagirathi-II (WB)*,Kangsabati,-,Kangsabati,23.28777778,86.36027778,23-02-2026 23:00,0.5
1769,Simulia,CWC,19,West Bengal,321,PURULIYA,PURULIYA - I,-,-,Ganga,Ganga,Bhagirathi-II (WB)*,Kangsabati,-,Kangsabati,23.28777778,86.36027778,01-03-2026 04:00,18
1770,Simulia,CWC,19,West Bengal,321,PURULIYA,PURULIYA - I,-,-,Ganga,Ganga,Bhagirathi-II (WB)*,Kangsabati,-,Kangsabati,23.28777778,86.36027778,17-03-2026 02:00,160
1771,Simulia,CWC,19,West Bengal,321,PURULIYA,PURULIYA - I,-,-,Ganga,Ganga,Bhagirathi-II (WB)*,Kangsabati,-,Kangsabati,23.28777778,86.36027778,18-03-2026 20:00,136
1772,Simulia,CWC,19,West Bengal,321,PURULIYA,PURULIYA - I,-,-,Ganga,Ganga,Bhagirathi-II (WB)*,Kangsabati,-,Kangsabati,23.28777778,86.36027778,27-03-2026 03:00,24
1773,Simulia,CWC,19,West Bengal,321,PURULIYA,PURULIYA - I,-,-,Ganga,Ganga,Bhagirathi-II (WB)*,Kangsabati,-,Kangsabati,23.28777778,86.36027778,27-03-2026 23:00,170.5
1774,Simulia,CWC,19,West Bengal,321,PURULIYA,PURULIYA - I,-,-,Ganga,Ganga,Bhagirathi-II (WB)*,Kangsabati,-,Kangsabati,23.28777778,86.36027778,28-03-2026 00:00,165.5
1775,Simulia,CWC,19,West Bengal,321,PURULIYA,PURULIYA - I,-,-,Ganga,Ganga,Bhagirathi-II (WB)*,Kangsabati,-,Kangsabati,23.28777778,86.36027778,31-03-2026 11:00,1
1776,Simulia,CWC,19,West Bengal,321,PURULIYA,PURULIYA - I,-,-,Ganga,Ganga,Bhagirathi-II (WB)*,Kangsabati,-,Kangsabati,23.28777778,86.36027778,31-03-2026 12:00,1.5
1777,Simulia,CWC,19,West Bengal,321,PURULIYA,PURULIYA - I,-,-,Ganga,Ganga,Bhagirathi-II (WB)*,Kangsabati,-,Kangsabati,23.28777778,86.36027778,31-03-2026 13:00,1.5
1778,Simulia,CWC,19,West Bengal,321,PURULIYA,PURULIYA - I,-,-,Ganga,Ganga,Bhagirathi-II (WB)*,Kangsabati,-,Kangsabati,23.28777778,86.36027778,31-03-2026 14:00,1.5
1779,Simulia,CWC,19,West Bengal,321,PURULIYA,PURULIYA - I,-,-,Ganga,Ganga,Bhagirathi-II (WB)*,Kangsabati,-,Kangsabati,23.28777778,86.36027778,31-03-2026 15:00,1.5
1780,Simulia,CWC,19,West Bengal,321,PURULIYA,PURULIYA - I,-,-,Ganga,Ganga,Bhagirathi-II (WB)*,Kangsabati,-,Kangsabati,23.28777778,86.36027778,31-03-2026 16:00,1.5
1781,Simulia,CWC,19,West Bengal,321,PURULIYA,PURULIYA - I,-,-,Ganga,Ganga,Bhagirathi-II (WB)*,Kangsabati,-,Kangsabati,23.28777778,86.36027778,31-03-2026 17:00,1.5
1782,Simulia,CWC,19,West Bengal,321,PURULIYA,PURULIYA - I,-,-,Ganga,Ganga,Bhagirathi-II (WB)*,Kangsabati,-,Kangsabati,23.28777778,86.36027778,31-03-2026 18:00,1.5
1783,Simulia,CWC,19,West Bengal,321,PURULIYA,PURULIYA - I,-,-,Ganga,Ganga,Bhagirathi-II (WB)*,Kangsabati,-,Kangsabati,23.28777778,86.36027778,31-03-2026 19:00,1.5
1784,Simulia,CWC,19,West Bengal,321,PURULIYA,PURULIYA - I,-,-,Ganga,Ganga,Bhagirathi-II (WB)*,Kangsabati,-,Kangsabati,23.28777778,86.36027778,31-03-2026 20:00,1.5
1785,Simulia,CWC,19,West Bengal,321,PURULIYA,PURULIYA - I,-,-,Ganga,Ganga,Bhagirathi-II (WB)*,Kangsabati,-,Kangsabati,23.28777778,86.36027778,31-03-2026 21:00,1.5
1786,Simulia,CWC,19,West Bengal,321,PURULIYA,PURULIYA - I,-,-,Ganga,Ganga,Bhagirathi-II (WB)*,Kangsabati,-,Kangsabati,23.28777778,86.36027778,31-03-2026 22:00,1.5
1787,Simulia,CWC,19,West Bengal,321,PURULIYA,PURULIYA - I,-,-,Ganga,Ganga,Bhagirathi-II (WB)*,Kangsabati,-,Kangsabati,23.28777778,86.36027778,31-03-2026 23:00,1.5
1788,Simulia,CWC,19,West Bengal,321,PURULIYA,PURULIYA - I,-,-,Ganga,Ganga,Bhagirathi-II (WB)*,Kangsabati,-,Kangsabati,23.28777778,86.36027778,04-04-2026 19:00,260
1789,Simulia,CWC,19,West Bengal,321,PURULIYA,PURULIYA - I,-,-,Ganga,Ganga,Bhagirathi-II (WB)*,Kangsabati,-,Kangsabati,23.28777778,86.36027778,05-04-2026 01:00,0.5
1790,Simulia,CWC,19,West Bengal,321,PURULIYA,PURULIYA - I,-,-,Ganga,Ganga,Bhagirathi-II (WB)*,Kangsabati,-,Kangsabati,23.28777778,86.36027778,05-04-2026 02:00,0.5
1791,Simulia,CWC,19,West Bengal,321,PURULIYA,PURULIYA - I,-,-,Ganga,Ganga,Bhagirathi-II (WB)*,Kangsabati,-,Kangsabati,23.28777778,86.36027778,06-04-2026 11:00,0.5
1792,Simulia,CWC,19,West Bengal,321,PURULIYA,PURULIYA - I,-,-,Ganga,Ganga,Bhagirathi-II (WB)*,Kangsabati,-,Kangsabati,23.28777778,86.36027778,06-04-2026 12:00,0.5
1793,Simulia,CWC,19,West Bengal,321,PURULIYA,PURULIYA - I,-,-,Ganga,Ganga,Bhagirathi-II (WB)*,Kangsabati,-,Kangsabati,23.28777778,86.36027778,06-04-2026 13:00,0.5
1794,Simulia,CWC,19,West Bengal,321,PURULIYA,PURULIYA - I,-,-,Ganga,Ganga,Bhagirathi-II (WB)*,Kangsabati,-,Kangsabati,23.28777778,86.36027778,06-04-2026 15:00,1
1795,Simulia,CWC,19,West Bengal,321,PURULIYA,PURULIYA - I,-,-,Ganga,Ganga,Bhagirathi-II (WB)*,Kangsabati,-,Kangsabati,23.28777778,86.36027778,06-04-2026 18:00,1
1796,Simulia,CWC,19,West Bengal,321,PURULIYA,PURULIYA - I,-,-,Ganga,Ganga,Bhagirathi-II (WB)*,Kangsabati,-,Kangsabati,23.28777778,86.36027778,06-04-2026 22:00,0.5
1797,Simulia,CWC,19,West Bengal,321,PURULIYA,PURULIYA - I,-,-,Ganga,Ganga,Bhagirathi-II (WB)*,Kangsabati,-,Kangsabati,23.28777778,86.36027778,06-04-2026 23:00,3.5
1798,Simulia,CWC,19,West Bengal,321,PURULIYA,PURULIYA - I,-,-,Ganga,Ganga,Bhagirathi-II (WB)*,Kangsabati,-,Kangsabati,23.28777778,86.36027778,07-04-2026 00:00,3.5
1799,Simulia,CWC,19,West Bengal,321,PURULIYA,PURULIYA - I,-,-,Ganga,Ganga,Bhagirathi-II (WB)*,Kangsabati,-,Kangsabati,23.28777778,86.36027778,07-04-2026 02:00,0.5
1800,Simulia,CWC,19,West Bengal,321,PURULIYA,PURULIYA - I,-,-,Ganga,Ganga,Bhagirathi-II (WB)*,Kangsabati,-,Kangsabati,23.28777778,86.36027778,07-04-2026 04:00,0.5
1801,Simulia,CWC,19,West Bengal,321,PURULIYA,PURULIYA - I,-,-,Ganga,Ganga,Bhagirathi-II (WB)*,Kangsabati,-,Kangsabati,23.28777778,86.36027778,07-04-2026 10:00,1
1802,Simulia,CWC,19,West Bengal,321,PURULIYA,PURULIYA - I,-,-,Ganga,Ganga,Bhagirathi-II (WB)*,Kangsabati,-,Kangsabati,23.28777778,86.36027778,07-04-2026 11:00,0.5
1803,Simulia,CWC,19,West Bengal,321,PURULIYA,PURULIYA - I,-,-,Ganga,Ganga,Bhagirathi-II (WB)*,Kangsabati,-,Kangsabati,23.28777778,86.36027778,07-04-2026 13:00,1
1804,Simulia,CWC,19,West Bengal,321,PURULIYA,PURULIYA - I,-,-,Ganga,Ganga,Bhagirathi-II (WB)*,Kangsabati,-,Kangsabati,23.28777778,86.36027778,07-04-2026 17:00,1
1805,Simulia,CWC,19,West Bengal,321,PURULIYA,PURULIYA - I,-,-,Ganga,Ganga,Bhagirathi-II (WB)*,Kangsabati,-,Kangsabati,23.28777778,86.36027778,07-04-2026 19:00,1
1806,Simulia,CWC,19,West Bengal,321,PURULIYA,PURULIYA - I,-,-,Ganga,Ganga,Bhagirathi-II (WB)*,Kangsabati,-,Kangsabati,23.28777778,86.36027778,07-04-2026 20:00,1
1807,Simulia,CWC,19,West Bengal,321,PURULIYA,PURULIYA - I,-,-,Ganga,Ganga,Bhagirathi-II (WB)*,Kangsabati,-,Kangsabati,23.28777778,86.36027778,08-04-2026 00:00,1
1808,Simulia,CWC,19,West Bengal,321,PURULIYA,PURULIYA - I,-,-,Ganga,Ganga,Bhagirathi-II (WB)*,Kangsabati,-,Kangsabati,23.28777778,86.36027778,08-04-2026 01:00,1
1809,Simulia,CWC,19,West Bengal,321,PURULIYA,PURULIYA - I,-,-,Ganga,Ganga,Bhagirathi-II (WB)*,Kangsabati,-,Kangsabati,23.28777778,86.36027778,08-04-2026 02:00,1
1810,Simulia,CWC,19,West Bengal,321,PURULIYA,PURULIYA - I,-,-,Ganga,Ganga,Bhagirathi-II (WB)*,Kangsabati,-,Kangsabati,23.28777778,86.36027778,08-04-2026 17:00,0.5
1811,Simulia,CWC,19,West Bengal,321,PURULIYA,PURULIYA - I,-,-,Ganga,Ganga,Bhagirathi-II (WB)*,Kangsabati,-,Kangsabati,23.28777778,86.36027778,08-04-2026 18:00,0.5
1812,Simulia,CWC,19,West Bengal,321,PURULIYA,PURULIYA - I,-,-,Ganga,Ganga,Bhagirathi-II (WB)*,Kangsabati,-,Kangsabati,23.28777778,86.36027778,08-04-2026 21:00,0.5
1813,Simulia,CWC,19,West Bengal,321,PURULIYA,PURULIYA - I,-,-,Ganga,Ganga,Bhagirathi-II (WB)*,Kangsabati,-,Kangsabati,23.28777778,86.36027778,08-04-2026 23:00,0.5
1814,Simulia,CWC,19,West Bengal,321,PURULIYA,PURULIYA - I,-,-,Ganga,Ganga,Bhagirathi-II (WB)*,Kangsabati,-,Kangsabati,23.28777778,86.36027778,09-04-2026 02:00,0.5
1815,Simulia,CWC,19,West Bengal,321,PURULIYA,PURULIYA - I,-,-,Ganga,Ganga,Bhagirathi-II (WB)*,Kangsabati,-,Kangsabati,23.28777778,86.36027778,09-04-2026 18:00,0.5
1816,Simulia,CWC,19,West Bengal,321,PURULIYA,PURULIYA - I,-,-,Ganga,Ganga,Bhagirathi-II (WB)*,Kangsabati,-,Kangsabati,23.28777778,86.36027778,09-04-2026 19:00,0.5
1817,Simulia,CWC,19,West Bengal,321,PURULIYA,PURULIYA - I,-,-,Ganga,Ganga,Bhagirathi-II (WB)*,Kangsabati,-,Kangsabati,23.28777778,86.36027778,09-04-2026 20:00,0.5
1818,Simulia,CWC,19,West Bengal,321,PURULIYA,PURULIYA - I,-,-,Ganga,Ganga,Bhagirathi-II (WB)*,Kangsabati,-,Kangsabati,23.28777778,86.36027778,09-04-2026 22:00,0.5
1819,Simulia,CWC,19,West Bengal,321,PURULIYA,PURULIYA - I,-,-,Ganga,Ganga,Bhagirathi-II (WB)*,Kangsabati,-,Kangsabati,23.28777778,86.36027778,09-04-2026 23:00,0.5
1820,Simulia,CWC,19,West Bengal,321,PURULIYA,PURULIYA - I,-,-,Ganga,Ganga,Bhagirathi-II (WB)*,Kangsabati,-,Kangsabati,23.28777778,86.36027778,10-04-2026 01:00,0.5
1821,Simulia,CWC,19,West Bengal,321,PURULIYA,PURULIYA - I,-,-,Ganga,Ganga,Bhagirathi-II (WB)*,Kangsabati,-,Kangsabati,23.28777778,86.36027778,10-04-2026 02:00,0.5
1822,Simulia,CWC,19,West Bengal,321,PURULIYA,PURULIYA - I,-,-,Ganga,Ganga,Bhagirathi-II (WB)*,Kangsabati,-,Kangsabati,23.28777778,86.36027778,29-04-2026 11:00,1
1823,Simulia,CWC,19,West Bengal,321,PURULIYA,PURULIYA - I,-,-,Ganga,Ganga,Bhagirathi-II (WB)*,Kangsabati,-,Kangsabati,23.28777778,86.36027778,29-04-2026 12:00,1
1824,Simulia,CWC,19,West Bengal,321,PURULIYA,PURULIYA - I,-,-,Ganga,Ganga,Bhagirathi-II (WB)*,Kangsabati,-,Kangsabati,23.28777778,86.36027778,29-04-2026 13:00,5
1825,Simulia,CWC,19,West Bengal,321,PURULIYA,PURULIYA - I,-,-,Ganga,Ganga,Bhagirathi-II (WB)*,Kangsabati,-,Kangsabati,23.28777778,86.36027778,29-04-2026 14:00,2
1826,Simulia,CWC,19,West Bengal,321,PURULIYA,PURULIYA - I,-,-,Ganga,Ganga,Bhagirathi-II (WB)*,Kangsabati,-,Kangsabati,23.28777778,86.36027778,29-04-2026 15:00,6.5
1827,Simulia,CWC,19,West Bengal,321,PURULIYA,PURULIYA - I,-,-,Ganga,Ganga,Bhagirathi-II (WB)*,Kangsabati,-,Kangsabati,23.28777778,86.36027778,29-04-2026 16:00,0.5
1828,Simulia,CWC,19,West Bengal,321,PURULIYA,PURULIYA - I,-,-,Ganga,Ganga,Bhagirathi-II (WB)*,Kangsabati,-,Kangsabati,23.28777778,86.36027778,29-04-2026 17:00,7
1829,Simulia,CWC,19,West Bengal,321,PURULIYA,PURULIYA - I,-,-,Ganga,Ganga,Bhagirathi-II (WB)*,Kangsabati,-,Kangsabati,23.28777778,86.36027778,29-04-2026 18:00,0.5
1830,Simulia,CWC,19,West Bengal,321,PURULIYA,PURULIYA - I,-,-,Ganga,Ganga,Bhagirathi-II (WB)*,Kangsabati,-,Kangsabati,23.28777778,86.36027778,29-04-2026 20:00,7
1831,Simulia,CWC,19,West Bengal,321,PURULIYA,PURULIYA - I,-,-,Ganga,Ganga,Bhagirathi-II (WB)*,Kangsabati,-,Kangsabati,23.28777778,86.36027778,30-04-2026 23:00,7.5
1832,Simulia,CWC,19,West Bengal,321,PURULIYA,PURULIYA - I,-,-,Ganga,Ganga,Bhagirathi-II (WB)*,Kangsabati,-,Kangsabati,23.28777778,86.36027778,01-05-2026 02:00,0.5
1833,Simulia,CWC,19,West Bengal,321,PURULIYA,PURULIYA - I,-,-,Ganga,Ganga,Bhagirathi-II (WB)*,Kangsabati,-,Kangsabati,23.28777778,86.36027778,01-05-2026 06:00,0.5
1834,Simulia,CWC,19,West Bengal,321,PURULIYA,PURULIYA - I,-,-,Ganga,Ganga,Bhagirathi-II (WB)*,Kangsabati,-,Kangsabati,23.28777778,86.36027778,01-05-2026 15:00,0.5
1835,Simulia,CWC,19,West Bengal,321,PURULIYA,PURULIYA - I,-,-,Ganga,Ganga,Bhagirathi-II (WB)*,Kangsabati,-,Kangsabati,23.28777778,86.36027778,02-05-2026 00:00,1
1836,Simulia,CWC,19,West Bengal,321,PURULIYA,PURULIYA - I,-,-,Ganga,Ganga,Bhagirathi-II (WB)*,Kangsabati,-,Kangsabati,23.28777778,86.36027778,02-05-2026 01:00,1
1837,Simulia,CWC,19,West Bengal,321,PURULIYA,PURULIYA - I,-,-,Ganga,Ganga,Bhagirathi-II (WB)*,Kangsabati,-,Kangsabati,23.28777778,86.36027778,02-05-2026 09:00,0.5
1838,Simulia,CWC,19,West Bengal,321,PURULIYA,PURULIYA - I,-,-,Ganga,Ganga,Bhagirathi-II (WB)*,Kangsabati,-,Kangsabati,23.28777778,86.36027778,02-05-2026 11:00,1
1839,Simulia,CWC,19,West Bengal,321,PURULIYA,PURULIYA - I,-,-,Ganga,Ganga,Bhagirathi-II (WB)*,Kangsabati,-,Kangsabati,23.28777778,86.36027778,02-05-2026 13:00,1
1840,Simulia,CWC,19,West Bengal,321,PURULIYA,PURULIYA - I,-,-,Ganga,Ganga,Bhagirathi-II (WB)*,Kangsabati,-,Kangsabati,23.28777778,86.36027778,02-05-2026 14:00,1
1841,Simulia,CWC,19,West Bengal,321,PURULIYA,PURULIYA - I,-,-,Ganga,Ganga,Bhagirathi-II (WB)*,Kangsabati,-,Kangsabati,23.28777778,86.36027778,02-05-2026 18:00,1
1842,Simulia,CWC,19,West Bengal,321,PURULIYA,PURULIYA - I,-,-,Ganga,Ganga,Bhagirathi-II (WB)*,Kangsabati,-,Kangsabati,23.28777778,86.36027778,02-05-2026 19:00,1
1843,Simulia,CWC,19,West Bengal,321,PURULIYA,PURULIYA - I,-,-,Ganga,Ganga,Bhagirathi-II (WB)*,Kangsabati,-,Kangsabati,23.28777778,86.36027778,02-05-2026 21:00,1
1844,Simulia,CWC,19,West Bengal,321,PURULIYA,PURULIYA - I,-,-,Ganga,Ganga,Bhagirathi-II (WB)*,Kangsabati,-,Kangsabati,23.28777778,86.36027778,09-05-2026 23:00,0.5
1845,Simulia,CWC,19,West Bengal,321,PURULIYA,PURULIYA - I,-,-,Ganga,Ganga,Bhagirathi-II (WB)*,Kangsabati,-,Kangsabati,23.28777778,86.36027778,10-05-2026 02:00,1
1846,Simulia,CWC,19,West Bengal,321,PURULIYA,PURULIYA - I,-,-,Ganga,Ganga,Bhagirathi-II (WB)*,Kangsabati,-,Kangsabati,23.28777778,86.36027778,10-05-2026 03:00,0.5
1847,Simulia,CWC,19,West Bengal,321,PURULIYA,PURULIYA - I,-,-,Ganga,Ganga,Bhagirathi-II (WB)*,Kangsabati,-,Kangsabati,23.28777778,86.36027778,10-05-2026 20:00,0.5
1848,Simulia,CWC,19,West Bengal,321,PURULIYA,PURULIYA - I,-,-,Ganga,Ganga,Bhagirathi-II (WB)*,Kangsabati,-,Kangsabati,23.28777778,86.36027778,10-05-2026 21:00,0.5
1849,Simulia,CWC,19,West Bengal,321,PURULIYA,PURULIYA - I,-,-,Ganga,Ganga,Bhagirathi-II (WB)*,Kangsabati,-,Kangsabati,23.28777778,86.36027778,10-05-2026 23:00,0.5
1850,Simulia,CWC,19,West Bengal,321,PURULIYA,PURULIYA - I,-,-,Ganga,Ganga,Bhagirathi-II (WB)*,Kangsabati,-,Kangsabati,23.28777778,86.36027778,11-05-2026 02:00,0.5
1851,Simulia,CWC,19,West Bengal,321,PURULIYA,PURULIYA - I,-,-,Ganga,Ganga,Bhagirathi-II (WB)*,Kangsabati,-,Kangsabati,23.28777778,86.36027778,11-05-2026 17:00,0.5
1852,Simulia,CWC,19,West Bengal,321,PURULIYA,PURULIYA - I,-,-,Ganga,Ganga,Bhagirathi-II (WB)*,Kangsabati,-,Kangsabati,23.28777778,86.36027778,11-05-2026 18:00,0.5
1853,Simulia,CWC,19,West Bengal,321,PURULIYA,PURULIYA - I,-,-,Ganga,Ganga,Bhagirathi-II (WB)*,Kangsabati,-,Kangsabati,23.28777778,86.36027778,11-05-2026 19:00,0.5
1854,Simulia,CWC,19,West Bengal,321,PURULIYA,PURULIYA - I,-,-,Ganga,Ganga,Bhagirathi-II (WB)*,Kangsabati,-,Kangsabati,23.28777778,86.36027778,11-05-2026 21:00,0.5
1855,Simulia,CWC,19,West Bengal,321,PURULIYA,PURULIYA - I,-,-,Ganga,Ganga,Bhagirathi-II (WB)*,Kangsabati,-,Kangsabati,23.28777778,86.36027778,11-05-2026 22:00,0.5
1856,Simulia,CWC,19,West Bengal,321,PURULIYA,PURULIYA - I,-,-,Ganga,Ganga,Bhagirathi-II (WB)*,Kangsabati,-,Kangsabati,23.28777778,86.36027778,11-05-2026 23:00,0.5
1857,Simulia,CWC,19,West Bengal,321,PURULIYA,PURULIYA - I,-,-,Ganga,Ganga,Bhagirathi-II (WB)*,Kangsabati,-,Kangsabati,23.28777778,86.36027778,12-05-2026 01:00,0.5
1858,Simulia,CWC,19,West Bengal,321,PURULIYA,PURULIYA - I,-,-,Ganga,Ganga,Bhagirathi-II (WB)*,Kangsabati,-,Kangsabati,23.28777778,86.36027778,12-05-2026 17:00,0.5
1859,Simulia,CWC,19,West Bengal,321,PURULIYA,PURULIYA - I,-,-,Ganga,Ganga,Bhagirathi-II (WB)*,Kangsabati,-,Kangsabati,23.28777778,86.36027778,12-05-2026 22:00,0.5
1860,Simulia,CWC,19,West Bengal,321,PURULIYA,PURULIYA - I,-,-,Ganga,Ganga,Bhagirathi-II (WB)*,Kangsabati,-,Kangsabati,23.28777778,86.36027778,12-05-2026 23:00,0.5
1861,Simulia,CWC,19,West Bengal,321,PURULIYA,PURULIYA - I,-,-,Ganga,Ganga,Bhagirathi-II (WB)*,Kangsabati,-,Kangsabati,23.28777778,86.36027778,13-05-2026 02:00,0.5
1862,Simulia,CWC,19,West Bengal,321,PURULIYA,PURULIYA - I,-,-,Ganga,Ganga,Bhagirathi-II (WB)*,Kangsabati,-,Kangsabati,23.28777778,86.36027778,13-05-2026 17:00,0.5
1863,Simulia,CWC,19,West Bengal,321,PURULIYA,PURULIYA - I,-,-,Ganga,Ganga,Bhagirathi-II (WB)*,Kangsabati,-,Kangsabati,23.28777778,86.36027778,13-05-2026 19:00,0.5
1864,Simulia,CWC,19,West Bengal,321,PURULIYA,PURULIYA - I,-,-,Ganga,Ganga,Bhagirathi-II (WB)*,Kangsabati,-,Kangsabati,23.28777778,86.36027778,13-05-2026 21:00,0.5
1865,Simulia,CWC,19,West Bengal,321,PURULIYA,PURULIYA - I,-,-,Ganga,Ganga,Bhagirathi-II (WB)*,Kangsabati,-,Kangsabati,23.28777778,86.36027778,13-05-2026 23:00,0.5
1866,Simulia,CWC,19,West Bengal,321,PURULIYA,PURULIYA - I,-,-,Ganga,Ganga,Bhagirathi-II (WB)*,Kangsabati,-,Kangsabati,23.28777778,86.36027778,14-05-2026 00:00,0.5
1867,Simulia,CWC,19,West Bengal,321,PURULIYA,PURULIYA - I,-,-,Ganga,Ganga,Bhagirathi-II (WB)*,Kangsabati,-,Kangsabati,23.28777778,86.36027778,14-05-2026 01:00,0.5
1868,Simulia,CWC,19,West Bengal,321,PURULIYA,PURULIYA - I,-,-,Ganga,Ganga,Bhagirathi-II (WB)*,Kangsabati,-,Kangsabati,23.28777778,86.36027778,14-05-2026 02:00,0.5
1869,Simulia,CWC,19,West Bengal,321,PURULIYA,PURULIYA - I,-,-,Ganga,Ganga,Bhagirathi-II (WB)*,Kangsabati,-,Kangsabati,23.28777778,86.36027778,14-05-2026 03:00,0.5
1870,Simulia,CWC,19,West Bengal,321,PURULIYA,PURULIYA - I,-,-,Ganga,Ganga,Bhagirathi-II (WB)*,Kangsabati,-,Kangsabati,23.28777778,86.36027778,14-05-2026 04:00,0.5
1871,Simulia,CWC,19,West Bengal,321,PURULIYA,PURULIYA - I,-,-,Ganga,Ganga,Bhagirathi-II (WB)*,Kangsabati,-,Kangsabati,23.28777778,86.36027778,14-05-2026 05:00,0.5
1872,Simulia,CWC,19,West Bengal,321,PURULIYA,PURULIYA - I,-,-,Ganga,Ganga,Bhagirathi-II (WB)*,Kangsabati,-,Kangsabati,23.28777778,86.36027778,14-05-2026 05:30,0.5
1873,Simulia,CWC,19,West Bengal,321,PURULIYA,PURULIYA - I,-,-,Ganga,Ganga,Bhagirathi-II (WB)*,Kangsabati,-,Kangsabati,23.28777778,86.36027778,14-05-2026 07:00,0.5
1874,Simulia,CWC,19,West Bengal,321,PURULIYA,PURULIYA - I,-,-,Ganga,Ganga,Bhagirathi-II (WB)*,Kangsabati,-,Kangsabati,23.28777778,86.36027778,14-05-2026 08:00,0.5
1875,Simulia,CWC,19,West Bengal,321,PURULIYA,PURULIYA - I,-,-,Ganga,Ganga,Bhagirathi-II (WB)*,Kangsabati,-,Kangsabati,23.28777778,86.36027778,14-05-2026 10:00,0.5
1876,Simulia,CWC,19,West Bengal,321,PURULIYA,PURULIYA - I,-,-,Ganga,Ganga,Bhagirathi-II (WB)*,Kangsabati,-,Kangsabati,23.28777778,86.36027778,14-05-2026 11:00,0.5
1877,Simulia,CWC,19,West Bengal,321,PURULIYA,PURULIYA - I,-,-,Ganga,Ganga,Bhagirathi-II (WB)*,Kangsabati,-,Kangsabati,23.28777778,86.36027778,14-05-2026 12:00,0.5
1878,Simulia,CWC,19,West Bengal,321,PURULIYA,PURULIYA - I,-,-,Ganga,Ganga,Bhagirathi-II (WB)*,Kangsabati,-,Kangsabati,23.28777778,86.36027778,14-05-2026 13:00,0.5
1879,Simulia,CWC,19,West Bengal,321,PURULIYA,PURULIYA - I,-,-,Ganga,Ganga,Bhagirathi-II (WB)*,Kangsabati,-,Kangsabati,23.28777778,86.36027778,14-05-2026 14:00,0.5
1880,Simulia,CWC,19,West Bengal,321,PURULIYA,PURULIYA - I,-,-,Ganga,Ganga,Bhagirathi-II (WB)*,Kangsabati,-,Kangsabati,23.28777778,86.36027778,14-05-2026 15:00,1
1881,Simulia,CWC,19,West Bengal,321,PURULIYA,PURULIYA - I,-,-,Ganga,Ganga,Bhagirathi-II (WB)*,Kangsabati,-,Kangsabati,23.28777778,86.36027778,14-05-2026 16:00,1
1882,Simulia,CWC,19,West Bengal,321,PURULIYA,PURULIYA - I,-,-,Ganga,Ganga,Bhagirathi-II (WB)*,Kangsabati,-,Kangsabati,23.28777778,86.36027778,14-05-2026 17:00,1
1883,Simulia,CWC,19,West Bengal,321,PURULIYA,PURULIYA - I,-,-,Ganga,Ganga,Bhagirathi-II (WB)*,Kangsabati,-,Kangsabati,23.28777778,86.36027778,14-05-2026 18:00,1
1884,Simulia,CWC,19,West Bengal,321,PURULIYA,PURULIYA - I,-,-,Ganga,Ganga,Bhagirathi-II (WB)*,Kangsabati,-,Kangsabati,23.28777778,86.36027778,14-05-2026 19:00,1
1885,Simulia,CWC,19,West Bengal,321,PURULIYA,PURULIYA - I,-,-,Ganga,Ganga,Bhagirathi-II (WB)*,Kangsabati,-,Kangsabati,23.28777778,86.36027778,14-05-2026 20:00,1
1886,Simulia,CWC,19,West Bengal,321,PURULIYA,PURULIYA - I,-,-,Ganga,Ganga,Bhagirathi-II (WB)*,Kangsabati,-,Kangsabati,23.28777778,86.36027778,14-05-2026 21:00,1
1887,Simulia,CWC,19,West Bengal,321,PURULIYA,PURULIYA - I,-,-,Ganga,Ganga,Bhagirathi-II (WB)*,Kangsabati,-,Kangsabati,23.28777778,86.36027778,14-05-2026 22:00,1
1888,Simulia,CWC,19,West Bengal,321,PURULIYA,PURULIYA - I,-,-,Ganga,Ganga,Bhagirathi-II (WB)*,Kangsabati,-,Kangsabati,23.28777778,86.36027778,14-05-2026 23:00,1
1889,Simulia,CWC,19,West Bengal,321,PURULIYA,PURULIYA - I,-,-,Ganga,Ganga,Bhagirathi-II (WB)*,Kangsabati,-,Kangsabati,23.28777778,86.36027778,15-05-2026 00:00,1
1890,Simulia,CWC,19,West Bengal,321,PURULIYA,PURULIYA - I,-,-,Ganga,Ganga,Bhagirathi-II (WB)*,Kangsabati,-,Kangsabati,23.28777778,86.36027778,15-05-2026 02:00,1
1891,Simulia,CWC,19,West Bengal,321,PURULIYA,PURULIYA - I,-,-,Ganga,Ganga,Bhagirathi-II (WB)*,Kangsabati,-,Kangsabati,23.28777778,86.36027778,15-05-2026 11:00,0.5
1892,Simulia,CWC,19,West Bengal,321,PURULIYA,PURULIYA - I,-,-,Ganga,Ganga,Bhagirathi-II (WB)*,Kangsabati,-,Kangsabati,23.28777778,86.36027778,15-05-2026 12:00,0.5
1893,Simulia,CWC,19,West Bengal,321,PURULIYA,PURULIYA - I,-,-,Ganga,Ganga,Bhagirathi-II (WB)*,Kangsabati,-,Kangsabati,23.28777778,86.36027778,15-05-2026 13:00,0.5
1894,Simulia,CWC,19,West Bengal,321,PURULIYA,PURULIYA - I,-,-,Ganga,Ganga,Bhagirathi-II (WB)*,Kangsabati,-,Kangsabati,23.28777778,86.36027778,15-05-2026 14:00,0.5
1895,Simulia,CWC,19,West Bengal,321,PURULIYA,PURULIYA - I,-,-,Ganga,Ganga,Bhagirathi-II (WB)*,Kangsabati,-,Kangsabati,23.28777778,86.36027778,15-05-2026 15:00,0.5
1896,Simulia,CWC,19,West Bengal,321,PURULIYA,PURULIYA - I,-,-,Ganga,Ganga,Bhagirathi-II (WB)*,Kangsabati,-,Kangsabati,23.28777778,86.36027778,15-05-2026 16:00,0.5
1897,Simulia,CWC,19,West Bengal,321,PURULIYA,PURULIYA - I,-,-,Ganga,Ganga,Bhagirathi-II (WB)*,Kangsabati,-,Kangsabati,23.28777778,86.36027778,15-05-2026 17:00,0.5
1898,Simulia,CWC,19,West Bengal,321,PURULIYA,PURULIYA - I,-,-,Ganga,Ganga,Bhagirathi-II (WB)*,Kangsabati,-,Kangsabati,23.28777778,86.36027778,15-05-2026 18:00,0.5
1899,Simulia,CWC,19,West Bengal,321,PURULIYA,PURULIYA - I,-,-,Ganga,Ganga,Bhagirathi-II (WB)*,Kangsabati,-,Kangsabati,23.28777778,86.36027778,15-05-2026 19:00,0.5
1900,Simulia,CWC,19,West Bengal,321,PURULIYA,PURULIYA - I,-,-,Ganga,Ganga,Bhagirathi-II (WB)*,Kangsabati,-,Kangsabati,23.28777778,86.36027778,15-05-2026 20:00,0.5
1901,Simulia,CWC,19,West Bengal,321,PURULIYA,PURULIYA - I,-,-,Ganga,Ganga,Bhagirathi-II (WB)*,Kangsabati,-,Kangsabati,23.28777778,86.36027778,15-05-2026 21:00,0.5
1902,Simulia,CWC,19,West Bengal,321,PURULIYA,PURULIYA - I,-,-,Ganga,Ganga,Bhagirathi-II (WB)*,Kangsabati,-,Kangsabati,23.28777778,86.36027778,15-05-2026 22:00,0.5
1903,Simulia,CWC,19,West Bengal,321,PURULIYA,PURULIYA - I,-,-,Ganga,Ganga,Bhagirathi-II (WB)*,Kangsabati,-,Kangsabati,23.28777778,86.36027778,15-05-2026 23:00,0.5
1904,Simulia,CWC,19,West Bengal,321,PURULIYA,PURULIYA - I,-,-,Ganga,Ganga,Bhagirathi-II (WB)*,Kangsabati,-,Kangsabati,23.28777778,86.36027778,16-05-2026 00:00,0.5
1905,Simulia,CWC,19,West Bengal,321,PURULIYA,PURULIYA - I,-,-,Ganga,Ganga,Bhagirathi-II (WB)*,Kangsabati,-,Kangsabati,23.28777778,86.36027778,16-05-2026 01:00,0.5
1906,Simulia,CWC,19,West Bengal,321,PURULIYA,PURULIYA - I,-,-,Ganga,Ganga,Bhagirathi-II (WB)*,Kangsabati,-,Kangsabati,23.28777778,86.36027778,16-05-2026 02:00,0.5
1907,Simulia,CWC,19,West Bengal,321,PURULIYA,PURULIYA - I,-,-,Ganga,Ganga,Bhagirathi-II (WB)*,Kangsabati,-,Kangsabati,23.28777778,86.36027778,16-05-2026 06:00,0.5
1908,Simulia,CWC,19,West Bengal,321,PURULIYA,PURULIYA - I,-,-,Ganga,Ganga,Bhagirathi-II (WB)*,Kangsabati,-,Kangsabati,23.28777778,86.36027778,16-05-2026 07:00,0.5
1909,Simulia,CWC,19,West Bengal,321,PURULIYA,PURULIYA - I,-,-,Ganga,Ganga,Bhagirathi-II (WB)*,Kangsabati,-,Kangsabati,23.28777778,86.36027778,16-05-2026 08:00,0.5
1910,Simulia,CWC,19,West Bengal,321,PURULIYA,PURULIYA - I,-,-,Ganga,Ganga,Bhagirathi-II (WB)*,Kangsabati,-,Kangsabati,23.28777778,86.36027778,16-05-2026 09:00,0.5
1911,Simulia,CWC,19,West Bengal,321,PURULIYA,PURULIYA - I,-,-,Ganga,Ganga,Bhagirathi-II (WB)*,Kangsabati,-,Kangsabati,23.28777778,86.36027778,16-05-2026 11:00,0.5
1912,Simulia,CWC,19,West Bengal,321,PURULIYA,PURULIYA - I,-,-,Ganga,Ganga,Bhagirathi-II (WB)*,Kangsabati,-,Kangsabati,23.28777778,86.36027778,16-05-2026 12:00,0.5
1913,Simulia,CWC,19,West Bengal,321,PURULIYA,PURULIYA - I,-,-,Ganga,Ganga,Bhagirathi-II (WB)*,Kangsabati,-,Kangsabati,23.28777778,86.36027778,16-05-2026 13:00,0.5
1914,Simulia,CWC,19,West Bengal,321,PURULIYA,PURULIYA - I,-,-,Ganga,Ganga,Bhagirathi-II (WB)*,Kangsabati,-,Kangsabati,23.28777778,86.36027778,16-05-2026 14:00,0.5
1915,Simulia,CWC,19,West Bengal,321,PURULIYA,PURULIYA - I,-,-,Ganga,Ganga,Bhagirathi-II (WB)*,Kangsabati,-,Kangsabati,23.28777778,86.36027778,16-05-2026 15:00,0.5
1916,Simulia,CWC,19,West Bengal,321,PURULIYA,PURULIYA - I,-,-,Ganga,Ganga,Bhagirathi-II (WB)*,Kangsabati,-,Kangsabati,23.28777778,86.36027778,16-05-2026 16:00,0.5
1917,Simulia,CWC,19,West Bengal,321,PURULIYA,PURULIYA - I,-,-,Ganga,Ganga,Bhagirathi-II (WB)*,Kangsabati,-,Kangsabati,23.28777778,86.36027778,16-05-2026 17:00,0.5
1918,Simulia,CWC,19,West Bengal,321,PURULIYA,PURULIYA - I,-,-,Ganga,Ganga,Bhagirathi-II (WB)*,Kangsabati,-,Kangsabati,23.28777778,86.36027778,16-05-2026 18:00,0.5
1919,Simulia,CWC,19,West Bengal,321,PURULIYA,PURULIYA - I,-,-,Ganga,Ganga,Bhagirathi-II (WB)*,Kangsabati,-,Kangsabati,23.28777778,86.36027778,16-05-2026 19:00,0.5
1920,Simulia,CWC,19,West Bengal,321,PURULIYA,PURULIYA - I,-,-,Ganga,Ganga,Bhagirathi-II (WB)*,Kangsabati,-,Kangsabati,23.28777778,86.36027778,16-05-2026 20:00,0.5
1921,Simulia,CWC,19,West Bengal,321,PURULIYA,PURULIYA - I,-,-,Ganga,Ganga,Bhagirathi-II (WB)*,Kangsabati,-,Kangsabati,23.28777778,86.36027778,16-05-2026 21:00,1
1922,Simulia,CWC,19,West Bengal,321,PURULIYA,PURULIYA - I,-,-,Ganga,Ganga,Bhagirathi-II (WB)*,Kangsabati,-,Kangsabati,23.28777778,86.36027778,16-05-2026 22:00,1
1923,Simulia,CWC,19,West Bengal,321,PURULIYA,PURULIYA - I,-,-,Ganga,Ganga,Bhagirathi-II (WB)*,Kangsabati,-,Kangsabati,23.28777778,86.36027778,16-05-2026 23:00,1
1924,Simulia,CWC,19,West Bengal,321,PURULIYA,PURULIYA - I,-,-,Ganga,Ganga,Bhagirathi-II (WB)*,Kangsabati,-,Kangsabati,23.28777778,86.36027778,17-05-2026 00:00,1
1925,Simulia,CWC,19,West Bengal,321,PURULIYA,PURULIYA - I,-,-,Ganga,Ganga,Bhagirathi-II (WB)*,Kangsabati,-,Kangsabati,23.28777778,86.36027778,17-05-2026 01:00,1
1926,Simulia,CWC,19,West Bengal,321,PURULIYA,PURULIYA - I,-,-,Ganga,Ganga,Bhagirathi-II (WB)*,Kangsabati,-,Kangsabati,23.28777778,86.36027778,17-05-2026 16:00,0.5
1927,Simulia,CWC,19,West Bengal,321,PURULIYA,PURULIYA - I,-,-,Ganga,Ganga,Bhagirathi-II (WB)*,Kangsabati,-,Kangsabati,23.28777778,86.36027778,17-05-2026 17:00,0.5
1928,Simulia,CWC,19,West Bengal,321,PURULIYA,PURULIYA - I,-,-,Ganga,Ganga,Bhagirathi-II (WB)*,Kangsabati,-,Kangsabati,23.28777778,86.36027778,17-05-2026 18:00,0.5
1929,Simulia,CWC,19,West Bengal,321,PURULIYA,PURULIYA - I,-,-,Ganga,Ganga,Bhagirathi-II (WB)*,Kangsabati,-,Kangsabati,23.28777778,86.36027778,17-05-2026 20:00,0.5
1930,Simulia,CWC,19,West Bengal,321,PURULIYA,PURULIYA - I,-,-,Ganga,Ganga,Bhagirathi-II (WB)*,Kangsabati,-,Kangsabati,23.28777778,86.36027778,17-05-2026 21:00,0.5
1931,Simulia,CWC,19,West Bengal,321,PURULIYA,PURULIYA - I,-,-,Ganga,Ganga,Bhagirathi-II (WB)*,Kangsabati,-,Kangsabati,23.28777778,86.36027778,17-05-2026 22:00,0.5
1932,Simulia,CWC,19,West Bengal,321,PURULIYA,PURULIYA - I,-,-,Ganga,Ganga,Bhagirathi-II (WB)*,Kangsabati,-,Kangsabati,23.28777778,86.36027778,17-05-2026 23:00,0.5
1933,Simulia,CWC,19,West Bengal,321,PURULIYA,PURULIYA - I,-,-,Ganga,Ganga,Bhagirathi-II (WB)*,Kangsabati,-,Kangsabati,23.28777778,86.36027778,18-05-2026 00:00,0.5
1934,Simulia,CWC,19,West Bengal,321,PURULIYA,PURULIYA - I,-,-,Ganga,Ganga,Bhagirathi-II (WB)*,Kangsabati,-,Kangsabati,23.28777778,86.36027778,18-05-2026 01:00,0.5
1935,Simulia,CWC,19,West Bengal,321,PURULIYA,PURULIYA - I,-,-,Ganga,Ganga,Bhagirathi-II (WB)*,Kangsabati,-,Kangsabati,23.28777778,86.36027778,18-05-2026 02:00,0.5
1936,Simulia,CWC,19,West Bengal,321,PURULIYA,PURULIYA - I,-,-,Ganga,Ganga,Bhagirathi-II (WB)*,Kangsabati,-,Kangsabati,23.28777778,86.36027778,27-05-2026 11:00,7
1937,Simulia,CWC,19,West Bengal,321,PURULIYA,PURULIYA - I,-,-,Ganga,Ganga,Bhagirathi-II (WB)*,Kangsabati,-,Kangsabati,23.28777778,86.36027778,27-05-2026 12:00,4
1938,Simulia,CWC,19,West Bengal,321,PURULIYA,PURULIYA - I,-,-,Ganga,Ganga,Bhagirathi-II (WB)*,Kangsabati,-,Kangsabati,23.28777778,86.36027778,27-05-2026 13:00,3.5
1939,Simulia,CWC,19,West Bengal,321,PURULIYA,PURULIYA - I,-,-,Ganga,Ganga,Bhagirathi-II (WB)*,Kangsabati,-,Kangsabati,23.28777778,86.36027778,27-05-2026 14:00,3
1940,Simulia,CWC,19,West Bengal,321,PURULIYA,PURULIYA - I,-,-,Ganga,Ganga,Bhagirathi-II (WB)*,Kangsabati,-,Kangsabati,23.28777778,86.36027778,27-05-2026 15:00,2.5
1941,Simulia,CWC,19,West Bengal,321,PURULIYA,PURULIYA - I,-,-,Ganga,Ganga,Bhagirathi-II (WB)*,Kangsabati,-,Kangsabati,23.28777778,86.36027778,27-05-2026 16:00,2
1942,Simulia,CWC,19,West Bengal,321,PURULIYA,PURULIYA - I,-,-,Ganga,Ganga,Bhagirathi-II (WB)*,Kangsabati,-,Kangsabati,23.28777778,86.36027778,27-05-2026 17:00,2
1943,Simulia,CWC,19,West Bengal,321,PURULIYA,PURULIYA - I,-,-,Ganga,Ganga,Bhagirathi-II (WB)*,Kangsabati,-,Kangsabati,23.28777778,86.36027778,27-05-2026 18:00,22
1944,Simulia,CWC,19,West Bengal,321,PURULIYA,PURULIYA - I,-,-,Ganga,Ganga,Bhagirathi-II (WB)*,Kangsabati,-,Kangsabati,23.28777778,86.36027778,27-05-2026 19:00,0.5
1945,Simulia,CWC,19,West Bengal,321,PURULIYA,PURULIYA - I,-,-,Ganga,Ganga,Bhagirathi-II (WB)*,Kangsabati,-,Kangsabati,23.28777778,86.36027778,27-05-2026 20:00,22
1946,Simulia,CWC,19,West Bengal,321,PURULIYA,PURULIYA - I,-,-,Ganga,Ganga,Bhagirathi-II (WB)*,Kangsabati,-,Kangsabati,23.28777778,86.36027778,27-05-2026 23:00,22
1947,Simulia,CWC,19,West Bengal,321,PURULIYA,PURULIYA - I,-,-,Ganga,Ganga,Bhagirathi-II (WB)*,Kangsabati,-,Kangsabati,23.28777778,86.36027778,28-05-2026 01:00,0.5
1948,Simulia,CWC,19,West Bengal,321,PURULIYA,PURULIYA - I,-,-,Ganga,Ganga,Bhagirathi-II (WB)*,Kangsabati,-,Kangsabati,23.28777778,86.36027778,29-05-2026 06:00,7
1949,Simulia,CWC,19,West Bengal,321,PURULIYA,PURULIYA - I,-,-,Ganga,Ganga,Bhagirathi-II (WB)*,Kangsabati,-,Kangsabati,23.28777778,86.36027778,29-05-2026 07:00,4
1950,Simulia,CWC,19,West Bengal,321,PURULIYA,PURULIYA - I,-,-,Ganga,Ganga,Bhagirathi-II (WB)*,Kangsabati,-,Kangsabati,23.28777778,86.36027778,29-05-2026 08:00,4
1951,Simulia,CWC,19,West Bengal,321,PURULIYA,PURULIYA - I,-,-,Ganga,Ganga,Bhagirathi-II (WB)*,Kangsabati,-,Kangsabati,23.28777778,86.36027778,29-05-2026 09:00,3
1952,Simulia,CWC,19,West Bengal,321,PURULIYA,PURULIYA - I,-,-,Ganga,Ganga,Bhagirathi-II (WB)*,Kangsabati,-,Kangsabati,23.28777778,86.36027778,29-05-2026 10:00,2
1953,Simulia,CWC,19,West Bengal,321,PURULIYA,PURULIYA - I,-,-,Ganga,Ganga,Bhagirathi-II (WB)*,Kangsabati,-,Kangsabati,23.28777778,86.36027778,29-05-2026 11:00,2
1954,Simulia,CWC,19,West Bengal,321,PURULIYA,PURULIYA - I,-,-,Ganga,Ganga,Bhagirathi-II (WB)*,Kangsabati,-,Kangsabati,23.28777778,86.36027778,29-05-2026 12:00,1
1955,Simulia,CWC,19,West Bengal,321,PURULIYA,PURULIYA - I,-,-,Ganga,Ganga,Bhagirathi-II (WB)*,Kangsabati,-,Kangsabati,23.28777778,86.36027778,29-05-2026 13:00,1.5
1956,Simulia,CWC,19,West Bengal,321,PURULIYA,PURULIYA - I,-,-,Ganga,Ganga,Bhagirathi-II (WB)*,Kangsabati,-,Kangsabati,23.28777778,86.36027778,29-05-2026 14:00,21.5
1957,Simulia,CWC,19,West Bengal,321,PURULIYA,PURULIYA - I,-,-,Ganga,Ganga,Bhagirathi-II (WB)*,Kangsabati,-,Kangsabati,23.28777778,86.36027778,29-05-2026 15:00,0.5
1958,Simulia,CWC,19,West Bengal,321,PURULIYA,PURULIYA - I,-,-,Ganga,Ganga,Bhagirathi-II (WB)*,Kangsabati,-,Kangsabati,23.28777778,86.36027778,29-05-2026 16:00,0.5
1959,Simulia,CWC,19,West Bengal,321,PURULIYA,PURULIYA - I,-,-,Ganga,Ganga,Bhagirathi-II (WB)*,Kangsabati,-,Kangsabati,23.28777778,86.36027778,29-05-2026 17:00,0.5
1960,Simulia,CWC,19,West Bengal,321,PURULIYA,PURULIYA - I,-,-,Ganga,Ganga,Bhagirathi-II (WB)*,Kangsabati,-,Kangsabati,23.28777778,86.36027778,29-05-2026 18:00,0.5
1961,Simulia,CWC,19,West Bengal,321,PURULIYA,PURULIYA - I,-,-,Ganga,Ganga,Bhagirathi-II (WB)*,Kangsabati,-,Kangsabati,23.28777778,86.36027778,29-05-2026 20:00,0.5
1962,Simulia,CWC,19,West Bengal,321,PURULIYA,PURULIYA - I,-,-,Ganga,Ganga,Bhagirathi-II (WB)*,Kangsabati,-,Kangsabati,23.28777778,86.36027778,29-05-2026 22:00,24
1963,Simulia,CWC,19,West Bengal,321,PURULIYA,PURULIYA - I,-,-,Ganga,Ganga,Bhagirathi-II (WB)*,Kangsabati,-,Kangsabati,23.28777778,86.36027778,29-05-2026 23:00,24
1964,Simulia,CWC,19,West Bengal,321,PURULIYA,PURULIYA - I,-,-,Ganga,Ganga,Bhagirathi-II (WB)*,Kangsabati,-,Kangsabati,23.28777778,86.36027778,30-05-2026 00:00,24
1965,Simulia,CWC,19,West Bengal,321,PURULIYA,PURULIYA - I,-,-,Ganga,Ganga,Bhagirathi-II (WB)*,Kangsabati,-,Kangsabati,23.28777778,86.36027778,30-05-2026 03:00,0.5
1966,Simulia,CWC,19,West Bengal,321,PURULIYA,PURULIYA - I,-,-,Ganga,Ganga,Bhagirathi-II (WB)*,Kangsabati,-,Kangsabati,23.28777778,86.36027778,30-05-2026 11:00,0.5
1967,Simulia,CWC,19,West Bengal,321,PURULIYA,PURULIYA - I,-,-,Ganga,Ganga,Bhagirathi-II (WB)*,Kangsabati,-,Kangsabati,23.28777778,86.36027778,30-05-2026 12:00,0.5
1968,Simulia,CWC,19,West Bengal,321,PURULIYA,PURULIYA - I,-,-,Ganga,Ganga,Bhagirathi-II (WB)*,Kangsabati,-,Kangsabati,23.28777778,86.36027778,30-05-2026 13:00,0.5
1969,Simulia,CWC,19,West Bengal,321,PURULIYA,PURULIYA - I,-,-,Ganga,Ganga,Bhagirathi-II (WB)*,Kangsabati,-,Kangsabati,23.28777778,86.36027778,30-05-2026 14:00,1
1970,Simulia,CWC,19,West Bengal,321,PURULIYA,PURULIYA - I,-,-,Ganga,Ganga,Bhagirathi-II (WB)*,Kangsabati,-,Kangsabati,23.28777778,86.36027778,30-05-2026 15:00,0.5
1971,Simulia,CWC,19,West Bengal,321,PURULIYA,PURULIYA - I,-,-,Ganga,Ganga,Bhagirathi-II (WB)*,Kangsabati,-,Kangsabati,23.28777778,86.36027778,30-05-2026 16:00,0.5
1972,Simulia,CWC,19,West Bengal,321,PURULIYA,PURULIYA - I,-,-,Ganga,Ganga,Bhagirathi-II (WB)*,Kangsabati,-,Kangsabati,23.28777778,86.36027778,30-05-2026 18:00,0.5
1973,Simulia,CWC,19,West Bengal,321,PURULIYA,PURULIYA - I,-,-,Ganga,Ganga,Bhagirathi-II (WB)*,Kangsabati,-,Kangsabati,23.28777778,86.36027778,30-05-2026 19:00,2.5
1974,Simulia,CWC,19,West Bengal,321,PURULIYA,PURULIYA - I,-,-,Ganga,Ganga,Bhagirathi-II (WB)*,Kangsabati,-,Kangsabati,23.28777778,86.36027778,30-05-2026 20:00,2.5
1975,Simulia,CWC,19,West Bengal,321,PURULIYA,PURULIYA - I,-,-,Ganga,Ganga,Bhagirathi-II (WB)*,Kangsabati,-,Kangsabati,23.28777778,86.36027778,30-05-2026 22:00,3
1976,Simulia,CWC,19,West Bengal,321,PURULIYA,PURULIYA - I,-,-,Ganga,Ganga,Bhagirathi-II (WB)*,Kangsabati,-,Kangsabati,23.28777778,86.36027778,31-05-2026 00:00,3.5
1977,Simulia,CWC,19,West Bengal,321,PURULIYA,PURULIYA - I,-,-,Ganga,Ganga,Bhagirathi-II (WB)*,Kangsabati,-,Kangsabati,23.28777778,86.36027778,31-05-2026 01:00,4
1978,Simulia,CWC,19,West Bengal,321,PURULIYA,PURULIYA - I,-,-,Ganga,Ganga,Bhagirathi-II (WB)*,Kangsabati,-,Kangsabati,23.28777778,86.36027778,31-05-2026 02:00,4
1979,Simulia,CWC,19,West Bengal,321,PURULIYA,PURULIYA - I,-,-,Ganga,Ganga,Bhagirathi-II (WB)*,Kangsabati,-,Kangsabati,23.28777778,86.36027778,31-05-2026 03:00,0.5
1980,Simulia,CWC,19,West Bengal,321,PURULIYA,PURULIYA - I,-,-,Ganga,Ganga,Bhagirathi-II (WB)*,Kangsabati,-,Kangsabati,23.28777778,86.36027778,31-05-2026 04:00,0.5
1981,Simulia,CWC,19,West Bengal,321,PURULIYA,PURULIYA - I,-,-,Ganga,Ganga,Bhagirathi-II (WB)*,Kangsabati,-,Kangsabati,23.28777778,86.36027778,31-05-2026 05:00,0.5
1982,Simulia,CWC,19,West Bengal,321,PURULIYA,PURULIYA - I,-,-,Ganga,Ganga,Bhagirathi-II (WB)*,Kangsabati,-,Kangsabati,23.28777778,86.36027778,31-05-2026 06:00,0.5
1983,Simulia,CWC,19,West Bengal,321,PURULIYA,PURULIYA - I,-,-,Ganga,Ganga,Bhagirathi-II (WB)*,Kangsabati,-,Kangsabati,23.28777778,86.36027778,31-05-2026 08:00,1
1984,Simulia,CWC,19,West Bengal,321,PURULIYA,PURULIYA - I,-,-,Ganga,Ganga,Bhagirathi-II (WB)*,Kangsabati,-,Kangsabati,23.28777778,86.36027778,31-05-2026 09:00,1
1985,Simulia,CWC,19,West Bengal,321,PURULIYA,PURULIYA - I,-,-,Ganga,Ganga,Bhagirathi-II (WB)*,Kangsabati,-,Kangsabati,23.28777778,86.36027778,31-05-2026 10:00,1.5
1986,Simulia,CWC,19,West Bengal,321,PURULIYA,PURULIYA - I,-,-,Ganga,Ganga,Bhagirathi-II (WB)*,Kangsabati,-,Kangsabati,23.28777778,86.36027778,31-05-2026 11:00,1.5
1987,Simulia,CWC,19,West Bengal,321,PURULIYA,PURULIYA - I,-,-,Ganga,Ganga,Bhagirathi-II (WB)*,Kangsabati,-,Kangsabati,23.28777778,86.36027778,31-05-2026 12:00,1.5
1988,Simulia,CWC,19,West Bengal,321,PURULIYA,PURULIYA - I,-,-,Ganga,Ganga,Bhagirathi-II (WB)*,Kangsabati,-,Kangsabati,23.28777778,86.36027778,31-05-2026 13:00,1.5
1989,Simulia,CWC,19,West Bengal,321,PURULIYA,PURULIYA - I,-,-,Ganga,Ganga,Bhagirathi-II (WB)*,Kangsabati,-,Kangsabati,23.28777778,86.36027778,31-05-2026 14:00,1.5
1990,Simulia,CWC,19,West Bengal,321,PURULIYA,PURULIYA - I,-,-,Ganga,Ganga,Bhagirathi-II (WB)*,Kangsabati,-,Kangsabati,23.28777778,86.36027778,31-05-2026 15:00,2
1991,Simulia,CWC,19,West Bengal,321,PURULIYA,PURULIYA - I,-,-,Ganga,Ganga,Bhagirathi-II (WB)*,Kangsabati,-,Kangsabati,23.28777778,86.36027778,31-05-2026 16:00,2
1992,Simulia,CWC,19,West Bengal,321,PURULIYA,PURULIYA - I,-,-,Ganga,Ganga,Bhagirathi-II (WB)*,Kangsabati,-,Kangsabati,23.28777778,86.36027778,31-05-2026 17:00,2
1993,Simulia,CWC,19,West Bengal,321,PURULIYA,PURULIYA - I,-,-,Ganga,Ganga,Bhagirathi-II (WB)*,Kangsabati,-,Kangsabati,23.28777778,86.36027778,31-05-2026 18:00,2
1994,Simulia,CWC,19,West Bengal,321,PURULIYA,PURULIYA - I,-,-,Ganga,Ganga,Bhagirathi-II (WB)*,Kangsabati,-,Kangsabati,23.28777778,86.36027778,31-05-2026 19:00,2
1995,Simulia,CWC,19,West Bengal,321,PURULIYA,PURULIYA - I,-,-,Ganga,Ganga,Bhagirathi-II (WB)*,Kangsabati,-,Kangsabati,23.28777778,86.36027778,31-05-2026 20:00,2
1996,Simulia,CWC,19,West Bengal,321,PURULIYA,PURULIYA - I,-,-,Ganga,Ganga,Bhagirathi-II (WB)*,Kangsabati,-,Kangsabati,23.28777778,86.36027778,31-05-2026 21:00,2
1997,Simulia,CWC,19,West Bengal,321,PURULIYA,PURULIYA - I,-,-,Ganga,Ganga,Bhagirathi-II (WB)*,Kangsabati,-,Kangsabati,23.28777778,86.36027778,31-05-2026 22:00,2.5
1998,Simulia,CWC,19,West Bengal,321,PURULIYA,PURULIYA - I,-,-,Ganga,Ganga,Bhagirathi-II (WB)*,Kangsabati,-,Kangsabati,23.28777778,86.36027778,31-05-2026 23:00,2.5
1999,Simulia,CWC,19,West Bengal,321,PURULIYA,PURULIYA - I,-,-,Ganga,Ganga,Bhagirathi-II (WB)*,Kangsabati,-,Kangsabati,23.28777778,86.36027778,01-06-2026 00:00,2.5
2000,Simulia,CWC,19,West Bengal,321,PURULIYA,PURULIYA - I,-,-,Ganga,Ganga,Bhagirathi-II (WB)*,Kangsabati,-,Kangsabati,23.28777778,86.36027778,01-06-2026 02:00,2.5
2001,Simulia,CWC,19,West Bengal,321,PURULIYA,PURULIYA - I,-,-,Ganga,Ganga,Bhagirathi-II (WB)*,Kangsabati,-,Kangsabati,23.28777778,86.36027778,01-06-2026 07:00,0.5
2002,Simulia,CWC,19,West Bengal,321,PURULIYA,PURULIYA - I,-,-,Ganga,Ganga,Bhagirathi-II (WB)*,Kangsabati,-,Kangsabati,23.28777778,86.36027778,01-06-2026 08:00,0.5
2003,Simulia,CWC,19,West Bengal,321,PURULIYA,PURULIYA - I,-,-,Ganga,Ganga,Bhagirathi-II (WB)*,Kangsabati,-,Kangsabati,23.28777778,86.36027778,01-06-2026 09:00,0.5
2004,Simulia,CWC,19,West Bengal,321,PURULIYA,PURULIYA - I,-,-,Ganga,Ganga,Bhagirathi-II (WB)*,Kangsabati,-,Kangsabati,23.28777778,86.36027778,01-06-2026 10:00,0.5
2005,Simulia,CWC,19,West Bengal,321,PURULIYA,PURULIYA - I,-,-,Ganga,Ganga,Bhagirathi-II (WB)*,Kangsabati,-,Kangsabati,23.28777778,86.36027778,01-06-2026 12:00,0.5
2006,Simulia,CWC,19,West Bengal,321,PURULIYA,PURULIYA - I,-,-,Ganga,Ganga,Bhagirathi-II (WB)*,Kangsabati,-,Kangsabati,23.28777778,86.36027778,01-06-2026 14:00,0.5
2007,Simulia,CWC,19,West Bengal,321,PURULIYA,PURULIYA - I,-,-,Ganga,Ganga,Bhagirathi-II (WB)*,Kangsabati,-,Kangsabati,23.28777778,86.36027778,01-06-2026 17:00,0.5
2008,Simulia,CWC,19,West Bengal,321,PURULIYA,PURULIYA - I,-,-,Ganga,Ganga,Bhagirathi-II (WB)*,Kangsabati,-,Kangsabati,23.28777778,86.36027778,01-06-2026 18:00,1
2009,Simulia,CWC,19,West Bengal,321,PURULIYA,PURULIYA - I,-,-,Ganga,Ganga,Bhagirathi-II (WB)*,Kangsabati,-,Kangsabati,23.28777778,86.36027778,01-06-2026 23:00,1
2010,Simulia,CWC,19,West Bengal,321,PURULIYA,PURULIYA - I,-,-,Ganga,Ganga,Bhagirathi-II (WB)*,Kangsabati,-,Kangsabati,23.28777778,86.36027778,02-06-2026 02:00,1
2011,Simulia,CWC,19,West Bengal,321,PURULIYA,PURULIYA - I,-,-,Ganga,Ganga,Bhagirathi-II (WB)*,Kangsabati,-,Kangsabati,23.28777778,86.36027778,02-06-2026 08:00,0.5
2012,Simulia,CWC,19,West Bengal,321,PURULIYA,PURULIYA - I,-,-,Ganga,Ganga,Bhagirathi-II (WB)*,Kangsabati,-,Kangsabati,23.28777778,86.36027778,02-06-2026 09:00,0.5
2013,Simulia,CWC,19,West Bengal,321,PURULIYA,PURULIYA - I,-,-,Ganga,Ganga,Bhagirathi-II (WB)*,Kangsabati,-,Kangsabati,23.28777778,86.36027778,02-06-2026 11:00,0.5
2014,Simulia,CWC,19,West Bengal,321,PURULIYA,PURULIYA - I,-,-,Ganga,Ganga,Bhagirathi-II (WB)*,Kangsabati,-,Kangsabati,23.28777778,86.36027778,02-06-2026 12:00,0.5
2015,Simulia,CWC,19,West Bengal,321,PURULIYA,PURULIYA - I,-,-,Ganga,Ganga,Bhagirathi-II (WB)*,Kangsabati,-,Kangsabati,23.28777778,86.36027778,02-06-2026 13:00,0.5
2016,Simulia,CWC,19,West Bengal,321,PURULIYA,PURULIYA - I,-,-,Ganga,Ganga,Bhagirathi-II (WB)*,Kangsabati,-,Kangsabati,23.28777778,86.36027778,02-06-2026 14:00,0.5
2017,Simulia,CWC,19,West Bengal,321,PURULIYA,PURULIYA - I,-,-,Ganga,Ganga,Bhagirathi-II (WB)*,Kangsabati,-,Kangsabati,23.28777778,86.36027778,02-06-2026 15:00,0.5
2018,Simulia,CWC,19,West Bengal,321,PURULIYA,PURULIYA - I,-,-,Ganga,Ganga,Bhagirathi-II (WB)*,Kangsabati,-,Kangsabati,23.28777778,86.36027778,02-06-2026 16:00,0.5
2019,Simulia,CWC,19,West Bengal,321,PURULIYA,PURULIYA - I,-,-,Ganga,Ganga,Bhagirathi-II (WB)*,Kangsabati,-,Kangsabati,23.28777778,86.36027778,02-06-2026 19:00,0.5
2020,Simulia,CWC,19,West Bengal,321,PURULIYA,PURULIYA - I,-,-,Ganga,Ganga,Bhagirathi-II (WB)*,Kangsabati,-,Kangsabati,23.28777778,86.36027778,02-06-2026 21:00,0.5
2021,Simulia,CWC,19,West Bengal,321,PURULIYA,PURULIYA - I,-,-,Ganga,Ganga,Bhagirathi-II (WB)*,Kangsabati,-,Kangsabati,23.28777778,86.36027778,02-06-2026 22:00,0.5
2022,Simulia,CWC,19,West Bengal,321,PURULIYA,PURULIYA - I,-,-,Ganga,Ganga,Bhagirathi-II (WB)*,Kangsabati,-,Kangsabati,23.28777778,86.36027778,03-06-2026 00:00,0.5
2023,Simulia,CWC,19,West Bengal,321,PURULIYA,PURULIYA - I,-,-,Ganga,Ganga,Bhagirathi-II (WB)*,Kangsabati,-,Kangsabati,23.28777778,86.36027778,03-06-2026 01:00,0.5
2024,Simulia,CWC,19,West Bengal,321,PURULIYA,PURULIYA - I,-,-,Ganga,Ganga,Bhagirathi-II (WB)*,Kangsabati,-,Kangsabati,23.28777778,86.36027778,03-06-2026 02:00,0.5
2025,Simulia,CWC,19,West Bengal,321,PURULIYA,PURULIYA - I,-,-,Ganga,Ganga,Bhagirathi-II (WB)*,Kangsabati,-,Kangsabati,23.28777778,86.36027778,03-06-2026 16:00,0.5
2026,Simulia,CWC,19,West Bengal,321,PURULIYA,PURULIYA - I,-,-,Ganga,Ganga,Bhagirathi-II (WB)*,Kangsabati,-,Kangsabati,23.28777778,86.36027778,03-06-2026 17:00,0.5
2027,Simulia,CWC,19,West Bengal,321,PURULIYA,PURULIYA - I,-,-,Ganga,Ganga,Bhagirathi-II (WB)*,Kangsabati,-,Kangsabati,23.28777778,86.36027778,03-06-2026 18:00,0.5
2028,Simulia,CWC,19,West Bengal,321,PURULIYA,PURULIYA - I,-,-,Ganga,Ganga,Bhagirathi-II (WB)*,Kangsabati,-,Kangsabati,23.28777778,86.36027778,03-06-2026 19:00,0.5
2029,Simulia,CWC,19,West Bengal,321,PURULIYA,PURULIYA - I,-,-,Ganga,Ganga,Bhagirathi-II (WB)*,Kangsabati,-,Kangsabati,23.28777778,86.36027778,03-06-2026 20:00,0.5
2030,Simulia,CWC,19,West Bengal,321,PURULIYA,PURULIYA - I,-,-,Ganga,Ganga,Bhagirathi-II (WB)*,Kangsabati,-,Kangsabati,23.28777778,86.36027778,03-06-2026 21:00,0.5
2031,Tusuma,CWC,19,West Bengal,321,PURULIYA,JHALIDA - I,-,-,Ganga,Ganga,Bhagirathi-II (WB)*,Kangsabati,-,Kangsabati,23.10444444,86.66166667,08-01-2026 02:30,104
2032,Tusuma,CWC,19,West Bengal,321,PURULIYA,JHALIDA - I,-,-,Ganga,Ganga,Bhagirathi-II (WB)*,Kangsabati,-,Kangsabati,23.10444444,86.66166667,12-01-2026 05:30,2.5
2033,Tusuma,CWC,19,West Bengal,321,PURULIYA,JHALIDA - I,-,-,Ganga,Ganga,Bhagirathi-II (WB)*,Kangsabati,-,Kangsabati,23.10444444,86.66166667,29-01-2026 07:00,160.5
2034,Tusuma,CWC,19,West Bengal,321,PURULIYA,JHALIDA - I,-,-,Ganga,Ganga,Bhagirathi-II (WB)*,Kangsabati,-,Kangsabati,23.10444444,86.66166667,31-01-2026 14:00,0.5
2035,Tusuma,CWC,19,West Bengal,321,PURULIYA,JHALIDA - I,-,-,Ganga,Ganga,Bhagirathi-II (WB)*,Kangsabati,-,Kangsabati,23.10444444,86.66166667,07-02-2026 04:00,6
2036,Tusuma,CWC,19,West Bengal,321,PURULIYA,JHALIDA - I,-,-,Ganga,Ganga,Bhagirathi-II (WB)*,Kangsabati,-,Kangsabati,23.10444444,86.66166667,07-02-2026 06:00,144
2037,Tusuma,CWC,19,West Bengal,321,PURULIYA,JHALIDA - I,-,-,Ganga,Ganga,Bhagirathi-II (WB)*,Kangsabati,-,Kangsabati,23.10444444,86.66166667,11-02-2026 09:30,157.5
2038,Tusuma,CWC,19,West Bengal,321,PURULIYA,JHALIDA - I,-,-,Ganga,Ganga,Bhagirathi-II (WB)*,Kangsabati,-,Kangsabati,23.10444444,86.66166667,12-02-2026 10:00,40.5
2039,Tusuma,CWC,19,West Bengal,321,PURULIYA,JHALIDA - I,-,-,Ganga,Ganga,Bhagirathi-II (WB)*,Kangsabati,-,Kangsabati,23.10444444,86.66166667,13-02-2026 21:00,246
2040,Tusuma,CWC,19,West Bengal,321,PURULIYA,JHALIDA - I,-,-,Ganga,Ganga,Bhagirathi-II (WB)*,Kangsabati,-,Kangsabati,23.10444444,86.66166667,14-02-2026 20:00,34.5
2041,Tusuma,CWC,19,West Bengal,321,PURULIYA,JHALIDA - I,-,-,Ganga,Ganga,Bhagirathi-II (WB)*,Kangsabati,-,Kangsabati,23.10444444,86.66166667,23-02-2026 04:00,34
2042,Tusuma,CWC,19,West Bengal,321,PURULIYA,JHALIDA - I,-,-,Ganga,Ganga,Bhagirathi-II (WB)*,Kangsabati,-,Kangsabati,23.10444444,86.66166667,23-02-2026 14:00,54
2043,Tusuma,CWC,19,West Bengal,321,PURULIYA,JHALIDA - I,-,-,Ganga,Ganga,Bhagirathi-II (WB)*,Kangsabati,-,Kangsabati,23.10444444,86.66166667,23-02-2026 20:00,10.5
2044,Tusuma,CWC,19,West Bengal,321,PURULIYA,JHALIDA - I,-,-,Ganga,Ganga,Bhagirathi-II (WB)*,Kangsabati,-,Kangsabati,23.10444444,86.66166667,23-02-2026 21:00,0.5
2045,Tusuma,CWC,19,West Bengal,321,PURULIYA,JHALIDA - I,-,-,Ganga,Ganga,Bhagirathi-II (WB)*,Kangsabati,-,Kangsabati,23.10444444,86.66166667,27-02-2026 11:00,471.5
2046,Tusuma,CWC,19,West Bengal,321,PURULIYA,JHALIDA - I,-,-,Ganga,Ganga,Bhagirathi-II (WB)*,Kangsabati,-,Kangsabati,23.10444444,86.66166667,28-02-2026 11:00,260
2047,Tusuma,CWC,19,West Bengal,321,PURULIYA,JHALIDA - I,-,-,Ganga,Ganga,Bhagirathi-II (WB)*,Kangsabati,-,Kangsabati,23.10444444,86.66166667,01-03-2026 08:00,20
2048,Tusuma,CWC,19,West Bengal,321,PURULIYA,JHALIDA - I,-,-,Ganga,Ganga,Bhagirathi-II (WB)*,Kangsabati,-,Kangsabati,23.10444444,86.66166667,17-03-2026 13:00,272
2049,Tusuma,CWC,19,West Bengal,321,PURULIYA,JHALIDA - I,-,-,Ganga,Ganga,Bhagirathi-II (WB)*,Kangsabati,-,Kangsabati,23.10444444,86.66166667,24-03-2026 17:00,0.5
2050,Tusuma,CWC,19,West Bengal,321,PURULIYA,JHALIDA - I,-,-,Ganga,Ganga,Bhagirathi-II (WB)*,Kangsabati,-,Kangsabati,23.10444444,86.66166667,24-03-2026 18:00,0.5
2051,Tusuma,CWC,19,West Bengal,321,PURULIYA,JHALIDA - I,-,-,Ganga,Ganga,Bhagirathi-II (WB)*,Kangsabati,-,Kangsabati,23.10444444,86.66166667,24-03-2026 19:00,0.5
2052,Tusuma,CWC,19,West Bengal,321,PURULIYA,JHALIDA - I,-,-,Ganga,Ganga,Bhagirathi-II (WB)*,Kangsabati,-,Kangsabati,23.10444444,86.66166667,24-03-2026 20:00,0.5
2053,Tusuma,CWC,19,West Bengal,321,PURULIYA,JHALIDA - I,-,-,Ganga,Ganga,Bhagirathi-II (WB)*,Kangsabati,-,Kangsabati,23.10444444,86.66166667,24-03-2026 21:00,0.5
2054,Tusuma,CWC,19,West Bengal,321,PURULIYA,JHALIDA - I,-,-,Ganga,Ganga,Bhagirathi-II (WB)*,Kangsabati,-,Kangsabati,23.10444444,86.66166667,24-03-2026 23:00,0.5
2055,Tusuma,CWC,19,West Bengal,321,PURULIYA,JHALIDA - I,-,-,Ganga,Ganga,Bhagirathi-II (WB)*,Kangsabati,-,Kangsabati,23.10444444,86.66166667,25-03-2026 00:00,0.5
2056,Tusuma,CWC,19,West Bengal,321,PURULIYA,JHALIDA - I,-,-,Ganga,Ganga,Bhagirathi-II (WB)*,Kangsabati,-,Kangsabati,23.10444444,86.66166667,25-03-2026 01:00,0.5
2057,Tusuma,CWC,19,West Bengal,321,PURULIYA,JHALIDA - I,-,-,Ganga,Ganga,Bhagirathi-II (WB)*,Kangsabati,-,Kangsabati,23.10444444,86.66166667,25-03-2026 11:00,1
2058,Tusuma,CWC,19,West Bengal,321,PURULIYA,JHALIDA - I,-,-,Ganga,Ganga,Bhagirathi-II (WB)*,Kangsabati,-,Kangsabati,23.10444444,86.66166667,25-03-2026 12:00,1.5
2059,Tusuma,CWC,19,West Bengal,321,PURULIYA,JHALIDA - I,-,-,Ganga,Ganga,Bhagirathi-II (WB)*,Kangsabati,-,Kangsabati,23.10444444,86.66166667,25-03-2026 13:00,0.5
2060,Tusuma,CWC,19,West Bengal,321,PURULIYA,JHALIDA - I,-,-,Ganga,Ganga,Bhagirathi-II (WB)*,Kangsabati,-,Kangsabati,23.10444444,86.66166667,25-03-2026 15:00,0.5
2061,Tusuma,CWC,19,West Bengal,321,PURULIYA,JHALIDA - I,-,-,Ganga,Ganga,Bhagirathi-II (WB)*,Kangsabati,-,Kangsabati,23.10444444,86.66166667,25-03-2026 17:00,2.5
2062,Tusuma,CWC,19,West Bengal,321,PURULIYA,JHALIDA - I,-,-,Ganga,Ganga,Bhagirathi-II (WB)*,Kangsabati,-,Kangsabati,23.10444444,86.66166667,25-03-2026 18:00,2.5
2063,Tusuma,CWC,19,West Bengal,321,PURULIYA,JHALIDA - I,-,-,Ganga,Ganga,Bhagirathi-II (WB)*,Kangsabati,-,Kangsabati,23.10444444,86.66166667,25-03-2026 23:00,2.5
2064,Tusuma,CWC,19,West Bengal,321,PURULIYA,JHALIDA - I,-,-,Ganga,Ganga,Bhagirathi-II (WB)*,Kangsabati,-,Kangsabati,23.10444444,86.66166667,27-03-2026 17:00,0.5
2065,Tusuma,CWC,19,West Bengal,321,PURULIYA,JHALIDA - I,-,-,Ganga,Ganga,Bhagirathi-II (WB)*,Kangsabati,-,Kangsabati,23.10444444,86.66166667,27-03-2026 18:00,0.5
2066,Tusuma,CWC,19,West Bengal,321,PURULIYA,JHALIDA - I,-,-,Ganga,Ganga,Bhagirathi-II (WB)*,Kangsabati,-,Kangsabati,23.10444444,86.66166667,27-03-2026 20:00,0.5
2067,Tusuma,CWC,19,West Bengal,321,PURULIYA,JHALIDA - I,-,-,Ganga,Ganga,Bhagirathi-II (WB)*,Kangsabati,-,Kangsabati,23.10444444,86.66166667,27-03-2026 21:00,5.5
2068,Tusuma,CWC,19,West Bengal,321,PURULIYA,JHALIDA - I,-,-,Ganga,Ganga,Bhagirathi-II (WB)*,Kangsabati,-,Kangsabati,23.10444444,86.66166667,27-03-2026 22:00,3
2069,Tusuma,CWC,19,West Bengal,321,PURULIYA,JHALIDA - I,-,-,Ganga,Ganga,Bhagirathi-II (WB)*,Kangsabati,-,Kangsabati,23.10444444,86.66166667,27-03-2026 23:00,10
2070,Tusuma,CWC,19,West Bengal,321,PURULIYA,JHALIDA - I,-,-,Ganga,Ganga,Bhagirathi-II (WB)*,Kangsabati,-,Kangsabati,23.10444444,86.66166667,28-03-2026 00:00,11
2071,Tusuma,CWC,19,West Bengal,321,PURULIYA,JHALIDA - I,-,-,Ganga,Ganga,Bhagirathi-II (WB)*,Kangsabati,-,Kangsabati,23.10444444,86.66166667,28-03-2026 01:00,12
2072,Tusuma,CWC,19,West Bengal,321,PURULIYA,JHALIDA - I,-,-,Ganga,Ganga,Bhagirathi-II (WB)*,Kangsabati,-,Kangsabati,23.10444444,86.66166667,28-03-2026 02:00,1
2073,Tusuma,CWC,19,West Bengal,321,PURULIYA,JHALIDA - I,-,-,Ganga,Ganga,Bhagirathi-II (WB)*,Kangsabati,-,Kangsabati,23.10444444,86.66166667,28-03-2026 02:30,12.5
2074,Tusuma,CWC,19,West Bengal,321,PURULIYA,JHALIDA - I,-,-,Ganga,Ganga,Bhagirathi-II (WB)*,Kangsabati,-,Kangsabati,23.10444444,86.66166667,28-03-2026 03:00,0.5
2075,Tusuma,CWC,19,West Bengal,321,PURULIYA,JHALIDA - I,-,-,Ganga,Ganga,Bhagirathi-II (WB)*,Kangsabati,-,Kangsabati,23.10444444,86.66166667,28-03-2026 03:30,0.5
2076,Tusuma,CWC,19,West Bengal,321,PURULIYA,JHALIDA - I,-,-,Ganga,Ganga,Bhagirathi-II (WB)*,Kangsabati,-,Kangsabati,23.10444444,86.66166667,28-03-2026 04:00,0.5
2077,Tusuma,CWC,19,West Bengal,321,PURULIYA,JHALIDA - I,-,-,Ganga,Ganga,Bhagirathi-II (WB)*,Kangsabati,-,Kangsabati,23.10444444,86.66166667,28-03-2026 06:00,0.5
2078,Tusuma,CWC,19,West Bengal,321,PURULIYA,JHALIDA - I,-,-,Ganga,Ganga,Bhagirathi-II (WB)*,Kangsabati,-,Kangsabati,23.10444444,86.66166667,28-03-2026 07:00,0.5
2079,Tusuma,CWC,19,West Bengal,321,PURULIYA,JHALIDA - I,-,-,Ganga,Ganga,Bhagirathi-II (WB)*,Kangsabati,-,Kangsabati,23.10444444,86.66166667,28-03-2026 09:00,0.5
2080,Tusuma,CWC,19,West Bengal,321,PURULIYA,JHALIDA - I,-,-,Ganga,Ganga,Bhagirathi-II (WB)*,Kangsabati,-,Kangsabati,23.10444444,86.66166667,28-03-2026 10:00,0.5
2081,Tusuma,CWC,19,West Bengal,321,PURULIYA,JHALIDA - I,-,-,Ganga,Ganga,Bhagirathi-II (WB)*,Kangsabati,-,Kangsabati,23.10444444,86.66166667,28-03-2026 13:00,0.5
2082,Tusuma,CWC,19,West Bengal,321,PURULIYA,JHALIDA - I,-,-,Ganga,Ganga,Bhagirathi-II (WB)*,Kangsabati,-,Kangsabati,23.10444444,86.66166667,28-03-2026 17:00,0.5
2083,Tusuma,CWC,19,West Bengal,321,PURULIYA,JHALIDA - I,-,-,Ganga,Ganga,Bhagirathi-II (WB)*,Kangsabati,-,Kangsabati,23.10444444,86.66166667,28-03-2026 19:00,0.5
2084,Tusuma,CWC,19,West Bengal,321,PURULIYA,JHALIDA - I,-,-,Ganga,Ganga,Bhagirathi-II (WB)*,Kangsabati,-,Kangsabati,23.10444444,86.66166667,28-03-2026 20:00,0.5
2085,Tusuma,CWC,19,West Bengal,321,PURULIYA,JHALIDA - I,-,-,Ganga,Ganga,Bhagirathi-II (WB)*,Kangsabati,-,Kangsabati,23.10444444,86.66166667,28-03-2026 23:00,0.5
2086,Tusuma,CWC,19,West Bengal,321,PURULIYA,JHALIDA - I,-,-,Ganga,Ganga,Bhagirathi-II (WB)*,Kangsabati,-,Kangsabati,23.10444444,86.66166667,29-03-2026 01:00,0.5
2087,Tusuma,CWC,19,West Bengal,321,PURULIYA,JHALIDA - I,-,-,Ganga,Ganga,Bhagirathi-II (WB)*,Kangsabati,-,Kangsabati,23.10444444,86.66166667,30-03-2026 23:00,0.5
2088,Tusuma,CWC,19,West Bengal,321,PURULIYA,JHALIDA - I,-,-,Ganga,Ganga,Bhagirathi-II (WB)*,Kangsabati,-,Kangsabati,23.10444444,86.66166667,31-03-2026 00:00,0.5
2089,Tusuma,CWC,19,West Bengal,321,PURULIYA,JHALIDA - I,-,-,Ganga,Ganga,Bhagirathi-II (WB)*,Kangsabati,-,Kangsabati,23.10444444,86.66166667,31-03-2026 01:00,0.5
2090,Tusuma,CWC,19,West Bengal,321,PURULIYA,JHALIDA - I,-,-,Ganga,Ganga,Bhagirathi-II (WB)*,Kangsabati,-,Kangsabati,23.10444444,86.66166667,01-04-2026 04:00,1
2091,Tusuma,CWC,19,West Bengal,321,PURULIYA,JHALIDA - I,-,-,Ganga,Ganga,Bhagirathi-II (WB)*,Kangsabati,-,Kangsabati,23.10444444,86.66166667,01-04-2026 05:00,1
2092,Tusuma,CWC,19,West Bengal,321,PURULIYA,JHALIDA - I,-,-,Ganga,Ganga,Bhagirathi-II (WB)*,Kangsabati,-,Kangsabati,23.10444444,86.66166667,01-04-2026 07:00,0.5
2093,Tusuma,CWC,19,West Bengal,321,PURULIYA,JHALIDA - I,-,-,Ganga,Ganga,Bhagirathi-II (WB)*,Kangsabati,-,Kangsabati,23.10444444,86.66166667,01-04-2026 09:00,1.5
2094,Tusuma,CWC,19,West Bengal,321,PURULIYA,JHALIDA - I,-,-,Ganga,Ganga,Bhagirathi-II (WB)*,Kangsabati,-,Kangsabati,23.10444444,86.66166667,01-04-2026 23:00,1.5
2095,Tusuma,CWC,19,West Bengal,321,PURULIYA,JHALIDA - I,-,-,Ganga,Ganga,Bhagirathi-II (WB)*,Kangsabati,-,Kangsabati,23.10444444,86.66166667,02-04-2026 00:00,1.5
2096,Tusuma,CWC,19,West Bengal,321,PURULIYA,JHALIDA - I,-,-,Ganga,Ganga,Bhagirathi-II (WB)*,Kangsabati,-,Kangsabati,23.10444444,86.66166667,05-04-2026 03:00,0.5
2097,Tusuma,CWC,19,West Bengal,321,PURULIYA,JHALIDA - I,-,-,Ganga,Ganga,Bhagirathi-II (WB)*,Kangsabati,-,Kangsabati,23.10444444,86.66166667,05-04-2026 04:00,0.5
2098,Tusuma,CWC,19,West Bengal,321,PURULIYA,JHALIDA - I,-,-,Ganga,Ganga,Bhagirathi-II (WB)*,Kangsabati,-,Kangsabati,23.10444444,86.66166667,05-04-2026 08:00,0.5
2099,Tusuma,CWC,19,West Bengal,321,PURULIYA,JHALIDA - I,-,-,Ganga,Ganga,Bhagirathi-II (WB)*,Kangsabati,-,Kangsabati,23.10444444,86.66166667,05-04-2026 12:00,0.5
2100,Tusuma,CWC,19,West Bengal,321,PURULIYA,JHALIDA - I,-,-,Ganga,Ganga,Bhagirathi-II (WB)*,Kangsabati,-,Kangsabati,23.10444444,86.66166667,05-04-2026 16:00,1
2101,Tusuma,CWC,19,West Bengal,321,PURULIYA,JHALIDA - I,-,-,Ganga,Ganga,Bhagirathi-II (WB)*,Kangsabati,-,Kangsabati,23.10444444,86.66166667,05-04-2026 17:00,1
2102,Tusuma,CWC,19,West Bengal,321,PURULIYA,JHALIDA - I,-,-,Ganga,Ganga,Bhagirathi-II (WB)*,Kangsabati,-,Kangsabati,23.10444444,86.66166667,05-04-2026 18:00,1
2103,Tusuma,CWC,19,West Bengal,321,PURULIYA,JHALIDA - I,-,-,Ganga,Ganga,Bhagirathi-II (WB)*,Kangsabati,-,Kangsabati,23.10444444,86.66166667,05-04-2026 22:00,1
2104,Tusuma,CWC,19,West Bengal,321,PURULIYA,JHALIDA - I,-,-,Ganga,Ganga,Bhagirathi-II (WB)*,Kangsabati,-,Kangsabati,23.10444444,86.66166667,06-04-2026 00:00,1
2105,Tusuma,CWC,19,West Bengal,321,PURULIYA,JHALIDA - I,-,-,Ganga,Ganga,Bhagirathi-II (WB)*,Kangsabati,-,Kangsabati,23.10444444,86.66166667,06-04-2026 23:00,1
2106,Tusuma,CWC,19,West Bengal,321,PURULIYA,JHALIDA - I,-,-,Ganga,Ganga,Bhagirathi-II (WB)*,Kangsabati,-,Kangsabati,23.10444444,86.66166667,07-04-2026 00:00,0.5
2107,Tusuma,CWC,19,West Bengal,321,PURULIYA,JHALIDA - I,-,-,Ganga,Ganga,Bhagirathi-II (WB)*,Kangsabati,-,Kangsabati,23.10444444,86.66166667,07-04-2026 01:00,0.5
2108,Tusuma,CWC,19,West Bengal,321,PURULIYA,JHALIDA - I,-,-,Ganga,Ganga,Bhagirathi-II (WB)*,Kangsabati,-,Kangsabati,23.10444444,86.66166667,07-04-2026 02:00,0.5
2109,Tusuma,CWC,19,West Bengal,321,PURULIYA,JHALIDA - I,-,-,Ganga,Ganga,Bhagirathi-II (WB)*,Kangsabati,-,Kangsabati,23.10444444,86.66166667,07-04-2026 11:00,0.5
2110,Tusuma,CWC,19,West Bengal,321,PURULIYA,JHALIDA - I,-,-,Ganga,Ganga,Bhagirathi-II (WB)*,Kangsabati,-,Kangsabati,23.10444444,86.66166667,07-04-2026 12:00,0.5
2111,Tusuma,CWC,19,West Bengal,321,PURULIYA,JHALIDA - I,-,-,Ganga,Ganga,Bhagirathi-II (WB)*,Kangsabati,-,Kangsabati,23.10444444,86.66166667,07-04-2026 15:00,0.5
2112,Tusuma,CWC,19,West Bengal,321,PURULIYA,JHALIDA - I,-,-,Ganga,Ganga,Bhagirathi-II (WB)*,Kangsabati,-,Kangsabati,23.10444444,86.66166667,07-04-2026 19:00,0.5
2113,Tusuma,CWC,19,West Bengal,321,PURULIYA,JHALIDA - I,-,-,Ganga,Ganga,Bhagirathi-II (WB)*,Kangsabati,-,Kangsabati,23.10444444,86.66166667,08-04-2026 00:00,1.5
2114,Tusuma,CWC,19,West Bengal,321,PURULIYA,JHALIDA - I,-,-,Ganga,Ganga,Bhagirathi-II (WB)*,Kangsabati,-,Kangsabati,23.10444444,86.66166667,08-04-2026 01:00,1.5
2115,Tusuma,CWC,19,West Bengal,321,PURULIYA,JHALIDA - I,-,-,Ganga,Ganga,Bhagirathi-II (WB)*,Kangsabati,-,Kangsabati,23.10444444,86.66166667,08-04-2026 02:00,1.5
2116,Tusuma,CWC,19,West Bengal,321,PURULIYA,JHALIDA - I,-,-,Ganga,Ganga,Bhagirathi-II (WB)*,Kangsabati,-,Kangsabati,23.10444444,86.66166667,08-04-2026 11:00,0.5
2117,Tusuma,CWC,19,West Bengal,321,PURULIYA,JHALIDA - I,-,-,Ganga,Ganga,Bhagirathi-II (WB)*,Kangsabati,-,Kangsabati,23.10444444,86.66166667,08-04-2026 12:00,0.5
2118,Tusuma,CWC,19,West Bengal,321,PURULIYA,JHALIDA - I,-,-,Ganga,Ganga,Bhagirathi-II (WB)*,Kangsabati,-,Kangsabati,23.10444444,86.66166667,08-04-2026 13:00,0.5
2119,Tusuma,CWC,19,West Bengal,321,PURULIYA,JHALIDA - I,-,-,Ganga,Ganga,Bhagirathi-II (WB)*,Kangsabati,-,Kangsabati,23.10444444,86.66166667,08-04-2026 14:00,0.5
2120,Tusuma,CWC,19,West Bengal,321,PURULIYA,JHALIDA - I,-,-,Ganga,Ganga,Bhagirathi-II (WB)*,Kangsabati,-,Kangsabati,23.10444444,86.66166667,08-04-2026 17:00,0.5
2121,Tusuma,CWC,19,West Bengal,321,PURULIYA,JHALIDA - I,-,-,Ganga,Ganga,Bhagirathi-II (WB)*,Kangsabati,-,Kangsabati,23.10444444,86.66166667,08-04-2026 21:00,0.5
2122,Tusuma,CWC,19,West Bengal,321,PURULIYA,JHALIDA - I,-,-,Ganga,Ganga,Bhagirathi-II (WB)*,Kangsabati,-,Kangsabati,23.10444444,86.66166667,08-04-2026 23:00,0.5
2123,Tusuma,CWC,19,West Bengal,321,PURULIYA,JHALIDA - I,-,-,Ganga,Ganga,Bhagirathi-II (WB)*,Kangsabati,-,Kangsabati,23.10444444,86.66166667,09-04-2026 06:00,0.5
2124,Tusuma,CWC,19,West Bengal,321,PURULIYA,JHALIDA - I,-,-,Ganga,Ganga,Bhagirathi-II (WB)*,Kangsabati,-,Kangsabati,23.10444444,86.66166667,09-04-2026 07:00,0.5
2125,Tusuma,CWC,19,West Bengal,321,PURULIYA,JHALIDA - I,-,-,Ganga,Ganga,Bhagirathi-II (WB)*,Kangsabati,-,Kangsabati,23.10444444,86.66166667,09-04-2026 16:00,0.5
2126,Tusuma,CWC,19,West Bengal,321,PURULIYA,JHALIDA - I,-,-,Ganga,Ganga,Bhagirathi-II (WB)*,Kangsabati,-,Kangsabati,23.10444444,86.66166667,09-04-2026 19:00,0.5
2127,Tusuma,CWC,19,West Bengal,321,PURULIYA,JHALIDA - I,-,-,Ganga,Ganga,Bhagirathi-II (WB)*,Kangsabati,-,Kangsabati,23.10444444,86.66166667,09-04-2026 20:00,0.5
2128,Tusuma,CWC,19,West Bengal,321,PURULIYA,JHALIDA - I,-,-,Ganga,Ganga,Bhagirathi-II (WB)*,Kangsabati,-,Kangsabati,23.10444444,86.66166667,09-04-2026 21:00,0.5
2129,Tusuma,CWC,19,West Bengal,321,PURULIYA,JHALIDA - I,-,-,Ganga,Ganga,Bhagirathi-II (WB)*,Kangsabati,-,Kangsabati,23.10444444,86.66166667,09-04-2026 22:00,0.5
2130,Tusuma,CWC,19,West Bengal,321,PURULIYA,JHALIDA - I,-,-,Ganga,Ganga,Bhagirathi-II (WB)*,Kangsabati,-,Kangsabati,23.10444444,86.66166667,09-04-2026 23:00,0.5
2131,Tusuma,CWC,19,West Bengal,321,PURULIYA,JHALIDA - I,-,-,Ganga,Ganga,Bhagirathi-II (WB)*,Kangsabati,-,Kangsabati,23.10444444,86.66166667,10-04-2026 01:00,0.5
2132,Tusuma,CWC,19,West Bengal,321,PURULIYA,JHALIDA - I,-,-,Ganga,Ganga,Bhagirathi-II (WB)*,Kangsabati,-,Kangsabati,23.10444444,86.66166667,10-04-2026 02:00,0.5
2133,Tusuma,CWC,19,West Bengal,321,PURULIYA,JHALIDA - I,-,-,Ganga,Ganga,Bhagirathi-II (WB)*,Kangsabati,-,Kangsabati,23.10444444,86.66166667,10-04-2026 23:00,0.5
2134,Tusuma,CWC,19,West Bengal,321,PURULIYA,JHALIDA - I,-,-,Ganga,Ganga,Bhagirathi-II (WB)*,Kangsabati,-,Kangsabati,23.10444444,86.66166667,11-04-2026 00:00,0.5
2135,Tusuma,CWC,19,West Bengal,321,PURULIYA,JHALIDA - I,-,-,Ganga,Ganga,Bhagirathi-II (WB)*,Kangsabati,-,Kangsabati,23.10444444,86.66166667,14-04-2026 07:00,0.5
2136,Tusuma,CWC,19,West Bengal,321,PURULIYA,JHALIDA - I,-,-,Ganga,Ganga,Bhagirathi-II (WB)*,Kangsabati,-,Kangsabati,23.10444444,86.66166667,16-04-2026 21:00,0.5
2137,Tusuma,CWC,19,West Bengal,321,PURULIYA,JHALIDA - I,-,-,Ganga,Ganga,Bhagirathi-II (WB)*,Kangsabati,-,Kangsabati,23.10444444,86.66166667,16-04-2026 22:00,0.5
2138,Tusuma,CWC,19,West Bengal,321,PURULIYA,JHALIDA - I,-,-,Ganga,Ganga,Bhagirathi-II (WB)*,Kangsabati,-,Kangsabati,23.10444444,86.66166667,16-04-2026 23:00,0.5
2139,Tusuma,CWC,19,West Bengal,321,PURULIYA,JHALIDA - I,-,-,Ganga,Ganga,Bhagirathi-II (WB)*,Kangsabati,-,Kangsabati,23.10444444,86.66166667,17-04-2026 00:00,0.5
2140,Tusuma,CWC,19,West Bengal,321,PURULIYA,JHALIDA - I,-,-,Ganga,Ganga,Bhagirathi-II (WB)*,Kangsabati,-,Kangsabati,23.10444444,86.66166667,17-04-2026 01:00,0.5
2141,Tusuma,CWC,19,West Bengal,321,PURULIYA,JHALIDA - I,-,-,Ganga,Ganga,Bhagirathi-II (WB)*,Kangsabati,-,Kangsabati,23.10444444,86.66166667,28-04-2026 19:00,0.5
2142,Tusuma,CWC,19,West Bengal,321,PURULIYA,JHALIDA - I,-,-,Ganga,Ganga,Bhagirathi-II (WB)*,Kangsabati,-,Kangsabati,23.10444444,86.66166667,28-04-2026 20:00,0.5
2143,Tusuma,CWC,19,West Bengal,321,PURULIYA,JHALIDA - I,-,-,Ganga,Ganga,Bhagirathi-II (WB)*,Kangsabati,-,Kangsabati,23.10444444,86.66166667,28-04-2026 22:00,0.5
2144,Tusuma,CWC,19,West Bengal,321,PURULIYA,JHALIDA - I,-,-,Ganga,Ganga,Bhagirathi-II (WB)*,Kangsabati,-,Kangsabati,23.10444444,86.66166667,28-04-2026 23:00,1.5
2145,Tusuma,CWC,19,West Bengal,321,PURULIYA,JHALIDA - I,-,-,Ganga,Ganga,Bhagirathi-II (WB)*,Kangsabati,-,Kangsabati,23.10444444,86.66166667,29-04-2026 06:00,0.5
2146,Tusuma,CWC,19,West Bengal,321,PURULIYA,JHALIDA - I,-,-,Ganga,Ganga,Bhagirathi-II (WB)*,Kangsabati,-,Kangsabati,23.10444444,86.66166667,29-04-2026 11:00,0.5
2147,Tusuma,CWC,19,West Bengal,321,PURULIYA,JHALIDA - I,-,-,Ganga,Ganga,Bhagirathi-II (WB)*,Kangsabati,-,Kangsabati,23.10444444,86.66166667,29-04-2026 13:00,0.5
2148,Tusuma,CWC,19,West Bengal,321,PURULIYA,JHALIDA - I,-,-,Ganga,Ganga,Bhagirathi-II (WB)*,Kangsabati,-,Kangsabati,23.10444444,86.66166667,29-04-2026 14:00,2.5
2149,Tusuma,CWC,19,West Bengal,321,PURULIYA,JHALIDA - I,-,-,Ganga,Ganga,Bhagirathi-II (WB)*,Kangsabati,-,Kangsabati,23.10444444,86.66166667,29-04-2026 15:00,2
2150,Tusuma,CWC,19,West Bengal,321,PURULIYA,JHALIDA - I,-,-,Ganga,Ganga,Bhagirathi-II (WB)*,Kangsabati,-,Kangsabati,23.10444444,86.66166667,29-04-2026 16:00,8
2151,Tusuma,CWC,19,West Bengal,321,PURULIYA,JHALIDA - I,-,-,Ganga,Ganga,Bhagirathi-II (WB)*,Kangsabati,-,Kangsabati,23.10444444,86.66166667,29-04-2026 17:00,9
2152,Tusuma,CWC,19,West Bengal,321,PURULIYA,JHALIDA - I,-,-,Ganga,Ganga,Bhagirathi-II (WB)*,Kangsabati,-,Kangsabati,23.10444444,86.66166667,29-04-2026 18:00,1
2153,Tusuma,CWC,19,West Bengal,321,PURULIYA,JHALIDA - I,-,-,Ganga,Ganga,Bhagirathi-II (WB)*,Kangsabati,-,Kangsabati,23.10444444,86.66166667,29-04-2026 19:00,10
2154,Tusuma,CWC,19,West Bengal,321,PURULIYA,JHALIDA - I,-,-,Ganga,Ganga,Bhagirathi-II (WB)*,Kangsabati,-,Kangsabati,23.10444444,86.66166667,29-04-2026 20:00,10.5
2155,Tusuma,CWC,19,West Bengal,321,PURULIYA,JHALIDA - I,-,-,Ganga,Ganga,Bhagirathi-II (WB)*,Kangsabati,-,Kangsabati,23.10444444,86.66166667,29-04-2026 21:00,0.5
2156,Tusuma,CWC,19,West Bengal,321,PURULIYA,JHALIDA - I,-,-,Ganga,Ganga,Bhagirathi-II (WB)*,Kangsabati,-,Kangsabati,23.10444444,86.66166667,29-04-2026 22:00,0.5
2157,Tusuma,CWC,19,West Bengal,321,PURULIYA,JHALIDA - I,-,-,Ganga,Ganga,Bhagirathi-II (WB)*,Kangsabati,-,Kangsabati,23.10444444,86.66166667,29-04-2026 23:00,0.5
2158,Tusuma,CWC,19,West Bengal,321,PURULIYA,JHALIDA - I,-,-,Ganga,Ganga,Bhagirathi-II (WB)*,Kangsabati,-,Kangsabati,23.10444444,86.66166667,30-04-2026 23:00,2.5
2159,Tusuma,CWC,19,West Bengal,321,PURULIYA,JHALIDA - I,-,-,Ganga,Ganga,Bhagirathi-II (WB)*,Kangsabati,-,Kangsabati,23.10444444,86.66166667,01-05-2026 00:00,0.5
2160,Tusuma,CWC,19,West Bengal,321,PURULIYA,JHALIDA - I,-,-,Ganga,Ganga,Bhagirathi-II (WB)*,Kangsabati,-,Kangsabati,23.10444444,86.66166667,02-05-2026 09:00,0.5
2161,Tusuma,CWC,19,West Bengal,321,PURULIYA,JHALIDA - I,-,-,Ganga,Ganga,Bhagirathi-II (WB)*,Kangsabati,-,Kangsabati,23.10444444,86.66166667,02-05-2026 11:00,7
2162,Tusuma,CWC,19,West Bengal,321,PURULIYA,JHALIDA - I,-,-,Ganga,Ganga,Bhagirathi-II (WB)*,Kangsabati,-,Kangsabati,23.10444444,86.66166667,02-05-2026 12:00,6.5
2163,Tusuma,CWC,19,West Bengal,321,PURULIYA,JHALIDA - I,-,-,Ganga,Ganga,Bhagirathi-II (WB)*,Kangsabati,-,Kangsabati,23.10444444,86.66166667,02-05-2026 13:00,28.5
2164,Tusuma,CWC,19,West Bengal,321,PURULIYA,JHALIDA - I,-,-,Ganga,Ganga,Bhagirathi-II (WB)*,Kangsabati,-,Kangsabati,23.10444444,86.66166667,02-05-2026 14:00,35
2165,Tusuma,CWC,19,West Bengal,321,PURULIYA,JHALIDA - I,-,-,Ganga,Ganga,Bhagirathi-II (WB)*,Kangsabati,-,Kangsabati,23.10444444,86.66166667,02-05-2026 15:00,6.5
2166,Tusuma,CWC,19,West Bengal,321,PURULIYA,JHALIDA - I,-,-,Ganga,Ganga,Bhagirathi-II (WB)*,Kangsabati,-,Kangsabati,23.10444444,86.66166667,02-05-2026 16:00,4.5
2167,Tusuma,CWC,19,West Bengal,321,PURULIYA,JHALIDA - I,-,-,Ganga,Ganga,Bhagirathi-II (WB)*,Kangsabati,-,Kangsabati,23.10444444,86.66166667,02-05-2026 17:00,41.5
2168,Tusuma,CWC,19,West Bengal,321,PURULIYA,JHALIDA - I,-,-,Ganga,Ganga,Bhagirathi-II (WB)*,Kangsabati,-,Kangsabati,23.10444444,86.66166667,02-05-2026 18:00,41.5
2169,Tusuma,CWC,19,West Bengal,321,PURULIYA,JHALIDA - I,-,-,Ganga,Ganga,Bhagirathi-II (WB)*,Kangsabati,-,Kangsabati,23.10444444,86.66166667,02-05-2026 20:00,41.5
2170,Tusuma,CWC,19,West Bengal,321,PURULIYA,JHALIDA - I,-,-,Ganga,Ganga,Bhagirathi-II (WB)*,Kangsabati,-,Kangsabati,23.10444444,86.66166667,13-05-2026 01:00,0.5
2171,Tusuma,CWC,19,West Bengal,321,PURULIYA,JHALIDA - I,-,-,Ganga,Ganga,Bhagirathi-II (WB)*,Kangsabati,-,Kangsabati,23.10444444,86.66166667,20-05-2026 23:00,0.5
2172,Tusuma,CWC,19,West Bengal,321,PURULIYA,JHALIDA - I,-,-,Ganga,Ganga,Bhagirathi-II (WB)*,Kangsabati,-,Kangsabati,23.10444444,86.66166667,27-05-2026 11:00,0.5
2173,Tusuma,CWC,19,West Bengal,321,PURULIYA,JHALIDA - I,-,-,Ganga,Ganga,Bhagirathi-II (WB)*,Kangsabati,-,Kangsabati,23.10444444,86.66166667,27-05-2026 12:00,1.5
2174,Tusuma,CWC,19,West Bengal,321,PURULIYA,JHALIDA - I,-,-,Ganga,Ganga,Bhagirathi-II (WB)*,Kangsabati,-,Kangsabati,23.10444444,86.66166667,27-05-2026 15:00,2
2175,Tusuma,CWC,19,West Bengal,321,PURULIYA,JHALIDA - I,-,-,Ganga,Ganga,Bhagirathi-II (WB)*,Kangsabati,-,Kangsabati,23.10444444,86.66166667,27-05-2026 17:00,2
2176,Tusuma,CWC,19,West Bengal,321,PURULIYA,JHALIDA - I,-,-,Ganga,Ganga,Bhagirathi-II (WB)*,Kangsabati,-,Kangsabati,23.10444444,86.66166667,27-05-2026 20:00,2
2177,Tusuma,CWC,19,West Bengal,321,PURULIYA,JHALIDA - I,-,-,Ganga,Ganga,Bhagirathi-II (WB)*,Kangsabati,-,Kangsabati,23.10444444,86.66166667,27-05-2026 22:00,2
2178,Tusuma,CWC,19,West Bengal,321,PURULIYA,JHALIDA - I,-,-,Ganga,Ganga,Bhagirathi-II (WB)*,Kangsabati,-,Kangsabati,23.10444444,86.66166667,27-05-2026 23:00,2
2179,Tusuma,CWC,19,West Bengal,321,PURULIYA,JHALIDA - I,-,-,Ganga,Ganga,Bhagirathi-II (WB)*,Kangsabati,-,Kangsabati,23.10444444,86.66166667,29-05-2026 06:00,12
2180,Tusuma,CWC,19,West Bengal,321,PURULIYA,JHALIDA - I,-,-,Ganga,Ganga,Bhagirathi-II (WB)*,Kangsabati,-,Kangsabati,23.10444444,86.66166667,29-05-2026 07:00,12.5
2181,Tusuma,CWC,19,West Bengal,321,PURULIYA,JHALIDA - I,-,-,Ganga,Ganga,Bhagirathi-II (WB)*,Kangsabati,-,Kangsabati,23.10444444,86.66166667,29-05-2026 09:00,0.5
2182,Tusuma,CWC,19,West Bengal,321,PURULIYA,JHALIDA - I,-,-,Ganga,Ganga,Bhagirathi-II (WB)*,Kangsabati,-,Kangsabati,23.10444444,86.66166667,29-05-2026 23:00,25
2183,Tusuma,CWC,19,West Bengal,321,PURULIYA,JHALIDA - I,-,-,Ganga,Ganga,Bhagirathi-II (WB)*,Kangsabati,-,Kangsabati,23.10444444,86.66166667,30-05-2026 00:00,25
2184,Tusuma,CWC,19,West Bengal,321,PURULIYA,JHALIDA - I,-,-,Ganga,Ganga,Bhagirathi-II (WB)*,Kangsabati,-,Kangsabati,23.10444444,86.66166667,30-05-2026 01:00,25
2185,Tusuma,CWC,19,West Bengal,321,PURULIYA,JHALIDA - I,-,-,Ganga,Ganga,Bhagirathi-II (WB)*,Kangsabati,-,Kangsabati,23.10444444,86.66166667,30-05-2026 02:00,25
