SlNo,Station,Agency,State LGD Code,State,District LGD Code,District,Tehsil,Block,Village,River,Basin,Tributary,Subtributary,SubSubtributary,Local River,Latitude,Longitude,Data Acquisition Time,Manual Daily River Water Discharge (m3/sec)
1,Ambabal (Narangi),CWC,22,Chhattisgarh,374,BASTAR,BASTAR,BASTAR,Bhanpuri,Godavari,Godavari,Indravathi,Narangi,-,Narangi,19.29666667,81.78888889,01-01-2026 08:00,0
2,Ambabal (Narangi),CWC,22,Chhattisgarh,374,BASTAR,BASTAR,BASTAR,Bhanpuri,Godavari,Godavari,Indravathi,Narangi,-,Narangi,19.29666667,81.78888889,02-01-2026 08:00,0
3,Ambabal (Narangi),CWC,22,Chhattisgarh,374,BASTAR,BASTAR,BASTAR,Bhanpuri,Godavari,Godavari,Indravathi,Narangi,-,Narangi,19.29666667,81.78888889,03-01-2026 08:00,0
4,Ambabal (Narangi),CWC,22,Chhattisgarh,374,BASTAR,BASTAR,BASTAR,Bhanpuri,Godavari,Godavari,Indravathi,Narangi,-,Narangi,19.29666667,81.78888889,04-01-2026 08:00,0
5,Ambabal (Narangi),CWC,22,Chhattisgarh,374,BASTAR,BASTAR,BASTAR,Bhanpuri,Godavari,Godavari,Indravathi,Narangi,-,Narangi,19.29666667,81.78888889,05-01-2026 08:00,0
6,Ambabal (Narangi),CWC,22,Chhattisgarh,374,BASTAR,BASTAR,BASTAR,Bhanpuri,Godavari,Godavari,Indravathi,Narangi,-,Narangi,19.29666667,81.78888889,06-01-2026 08:00,0
7,Ambabal (Narangi),CWC,22,Chhattisgarh,374,BASTAR,BASTAR,BASTAR,Bhanpuri,Godavari,Godavari,Indravathi,Narangi,-,Narangi,19.29666667,81.78888889,07-01-2026 08:00,0
8,Ambabal (Narangi),CWC,22,Chhattisgarh,374,BASTAR,BASTAR,BASTAR,Bhanpuri,Godavari,Godavari,Indravathi,Narangi,-,Narangi,19.29666667,81.78888889,08-01-2026 08:00,0
9,Ambabal (Narangi),CWC,22,Chhattisgarh,374,BASTAR,BASTAR,BASTAR,Bhanpuri,Godavari,Godavari,Indravathi,Narangi,-,Narangi,19.29666667,81.78888889,09-01-2026 08:00,0
10,Ambabal (Narangi),CWC,22,Chhattisgarh,374,BASTAR,BASTAR,BASTAR,Bhanpuri,Godavari,Godavari,Indravathi,Narangi,-,Narangi,19.29666667,81.78888889,10-01-2026 08:00,0
11,Ambabal (Narangi),CWC,22,Chhattisgarh,374,BASTAR,BASTAR,BASTAR,Bhanpuri,Godavari,Godavari,Indravathi,Narangi,-,Narangi,19.29666667,81.78888889,11-01-2026 08:00,0
12,Ambabal (Narangi),CWC,22,Chhattisgarh,374,BASTAR,BASTAR,BASTAR,Bhanpuri,Godavari,Godavari,Indravathi,Narangi,-,Narangi,19.29666667,81.78888889,12-01-2026 08:00,0
13,Ambabal (Narangi),CWC,22,Chhattisgarh,374,BASTAR,BASTAR,BASTAR,Bhanpuri,Godavari,Godavari,Indravathi,Narangi,-,Narangi,19.29666667,81.78888889,13-01-2026 08:00,0
14,Ambabal (Narangi),CWC,22,Chhattisgarh,374,BASTAR,BASTAR,BASTAR,Bhanpuri,Godavari,Godavari,Indravathi,Narangi,-,Narangi,19.29666667,81.78888889,14-01-2026 08:00,0
15,Ambabal (Narangi),CWC,22,Chhattisgarh,374,BASTAR,BASTAR,BASTAR,Bhanpuri,Godavari,Godavari,Indravathi,Narangi,-,Narangi,19.29666667,81.78888889,15-01-2026 08:00,0
16,Ambabal (Narangi),CWC,22,Chhattisgarh,374,BASTAR,BASTAR,BASTAR,Bhanpuri,Godavari,Godavari,Indravathi,Narangi,-,Narangi,19.29666667,81.78888889,16-01-2026 08:00,0
17,Ambabal (Narangi),CWC,22,Chhattisgarh,374,BASTAR,BASTAR,BASTAR,Bhanpuri,Godavari,Godavari,Indravathi,Narangi,-,Narangi,19.29666667,81.78888889,17-01-2026 08:00,0
18,Ambabal (Narangi),CWC,22,Chhattisgarh,374,BASTAR,BASTAR,BASTAR,Bhanpuri,Godavari,Godavari,Indravathi,Narangi,-,Narangi,19.29666667,81.78888889,18-01-2026 08:00,0
19,Ambabal (Narangi),CWC,22,Chhattisgarh,374,BASTAR,BASTAR,BASTAR,Bhanpuri,Godavari,Godavari,Indravathi,Narangi,-,Narangi,19.29666667,81.78888889,19-01-2026 08:00,0
20,Ambabal (Narangi),CWC,22,Chhattisgarh,374,BASTAR,BASTAR,BASTAR,Bhanpuri,Godavari,Godavari,Indravathi,Narangi,-,Narangi,19.29666667,81.78888889,20-01-2026 08:00,0
21,Ambabal (Narangi),CWC,22,Chhattisgarh,374,BASTAR,BASTAR,BASTAR,Bhanpuri,Godavari,Godavari,Indravathi,Narangi,-,Narangi,19.29666667,81.78888889,21-01-2026 08:00,0
22,Ambabal (Narangi),CWC,22,Chhattisgarh,374,BASTAR,BASTAR,BASTAR,Bhanpuri,Godavari,Godavari,Indravathi,Narangi,-,Narangi,19.29666667,81.78888889,22-01-2026 08:00,0
23,Ambabal (Narangi),CWC,22,Chhattisgarh,374,BASTAR,BASTAR,BASTAR,Bhanpuri,Godavari,Godavari,Indravathi,Narangi,-,Narangi,19.29666667,81.78888889,23-01-2026 08:00,0
24,Ambabal (Narangi),CWC,22,Chhattisgarh,374,BASTAR,BASTAR,BASTAR,Bhanpuri,Godavari,Godavari,Indravathi,Narangi,-,Narangi,19.29666667,81.78888889,24-01-2026 08:00,0
25,Ambabal (Narangi),CWC,22,Chhattisgarh,374,BASTAR,BASTAR,BASTAR,Bhanpuri,Godavari,Godavari,Indravathi,Narangi,-,Narangi,19.29666667,81.78888889,25-01-2026 08:00,0
26,Ambabal (Narangi),CWC,22,Chhattisgarh,374,BASTAR,BASTAR,BASTAR,Bhanpuri,Godavari,Godavari,Indravathi,Narangi,-,Narangi,19.29666667,81.78888889,26-01-2026 08:00,0
27,Ambabal (Narangi),CWC,22,Chhattisgarh,374,BASTAR,BASTAR,BASTAR,Bhanpuri,Godavari,Godavari,Indravathi,Narangi,-,Narangi,19.29666667,81.78888889,27-01-2026 08:00,0
28,Ambabal (Narangi),CWC,22,Chhattisgarh,374,BASTAR,BASTAR,BASTAR,Bhanpuri,Godavari,Godavari,Indravathi,Narangi,-,Narangi,19.29666667,81.78888889,28-01-2026 08:00,0
29,Ambabal (Narangi),CWC,22,Chhattisgarh,374,BASTAR,BASTAR,BASTAR,Bhanpuri,Godavari,Godavari,Indravathi,Narangi,-,Narangi,19.29666667,81.78888889,29-01-2026 08:00,0
30,Ambabal (Narangi),CWC,22,Chhattisgarh,374,BASTAR,BASTAR,BASTAR,Bhanpuri,Godavari,Godavari,Indravathi,Narangi,-,Narangi,19.29666667,81.78888889,30-01-2026 08:00,0
31,Ambabal (Narangi),CWC,22,Chhattisgarh,374,BASTAR,BASTAR,BASTAR,Bhanpuri,Godavari,Godavari,Indravathi,Narangi,-,Narangi,19.29666667,81.78888889,31-01-2026 08:00,0
32,Ambabal (Narangi),CWC,22,Chhattisgarh,374,BASTAR,BASTAR,BASTAR,Bhanpuri,Godavari,Godavari,Indravathi,Narangi,-,Narangi,19.29666667,81.78888889,01-02-2026 08:00,0
33,Ambabal (Narangi),CWC,22,Chhattisgarh,374,BASTAR,BASTAR,BASTAR,Bhanpuri,Godavari,Godavari,Indravathi,Narangi,-,Narangi,19.29666667,81.78888889,02-02-2026 08:00,0
34,Ambabal (Narangi),CWC,22,Chhattisgarh,374,BASTAR,BASTAR,BASTAR,Bhanpuri,Godavari,Godavari,Indravathi,Narangi,-,Narangi,19.29666667,81.78888889,03-02-2026 08:00,0
35,Ambabal (Narangi),CWC,22,Chhattisgarh,374,BASTAR,BASTAR,BASTAR,Bhanpuri,Godavari,Godavari,Indravathi,Narangi,-,Narangi,19.29666667,81.78888889,04-02-2026 08:00,0
36,Ambabal (Narangi),CWC,22,Chhattisgarh,374,BASTAR,BASTAR,BASTAR,Bhanpuri,Godavari,Godavari,Indravathi,Narangi,-,Narangi,19.29666667,81.78888889,05-02-2026 08:00,0
37,Ambabal (Narangi),CWC,22,Chhattisgarh,374,BASTAR,BASTAR,BASTAR,Bhanpuri,Godavari,Godavari,Indravathi,Narangi,-,Narangi,19.29666667,81.78888889,06-02-2026 08:00,0
38,Ambabal (Narangi),CWC,22,Chhattisgarh,374,BASTAR,BASTAR,BASTAR,Bhanpuri,Godavari,Godavari,Indravathi,Narangi,-,Narangi,19.29666667,81.78888889,07-02-2026 08:00,0
39,Ambabal (Narangi),CWC,22,Chhattisgarh,374,BASTAR,BASTAR,BASTAR,Bhanpuri,Godavari,Godavari,Indravathi,Narangi,-,Narangi,19.29666667,81.78888889,08-02-2026 08:00,0
40,Ambabal (Narangi),CWC,22,Chhattisgarh,374,BASTAR,BASTAR,BASTAR,Bhanpuri,Godavari,Godavari,Indravathi,Narangi,-,Narangi,19.29666667,81.78888889,09-02-2026 08:00,0
41,Ambabal (Narangi),CWC,22,Chhattisgarh,374,BASTAR,BASTAR,BASTAR,Bhanpuri,Godavari,Godavari,Indravathi,Narangi,-,Narangi,19.29666667,81.78888889,10-02-2026 08:00,0
42,Ambabal (Narangi),CWC,22,Chhattisgarh,374,BASTAR,BASTAR,BASTAR,Bhanpuri,Godavari,Godavari,Indravathi,Narangi,-,Narangi,19.29666667,81.78888889,11-02-2026 08:00,0
43,Ambabal (Narangi),CWC,22,Chhattisgarh,374,BASTAR,BASTAR,BASTAR,Bhanpuri,Godavari,Godavari,Indravathi,Narangi,-,Narangi,19.29666667,81.78888889,12-02-2026 08:00,0
44,Ambabal (Narangi),CWC,22,Chhattisgarh,374,BASTAR,BASTAR,BASTAR,Bhanpuri,Godavari,Godavari,Indravathi,Narangi,-,Narangi,19.29666667,81.78888889,13-02-2026 08:00,0
45,Ambabal (Narangi),CWC,22,Chhattisgarh,374,BASTAR,BASTAR,BASTAR,Bhanpuri,Godavari,Godavari,Indravathi,Narangi,-,Narangi,19.29666667,81.78888889,14-02-2026 08:00,0
46,Ambabal (Narangi),CWC,22,Chhattisgarh,374,BASTAR,BASTAR,BASTAR,Bhanpuri,Godavari,Godavari,Indravathi,Narangi,-,Narangi,19.29666667,81.78888889,15-02-2026 08:00,0
47,Ambabal (Narangi),CWC,22,Chhattisgarh,374,BASTAR,BASTAR,BASTAR,Bhanpuri,Godavari,Godavari,Indravathi,Narangi,-,Narangi,19.29666667,81.78888889,16-02-2026 08:00,0
48,Ambabal (Narangi),CWC,22,Chhattisgarh,374,BASTAR,BASTAR,BASTAR,Bhanpuri,Godavari,Godavari,Indravathi,Narangi,-,Narangi,19.29666667,81.78888889,17-02-2026 08:00,0
49,Ambabal (Narangi),CWC,22,Chhattisgarh,374,BASTAR,BASTAR,BASTAR,Bhanpuri,Godavari,Godavari,Indravathi,Narangi,-,Narangi,19.29666667,81.78888889,18-02-2026 08:00,0
50,Ambabal (Narangi),CWC,22,Chhattisgarh,374,BASTAR,BASTAR,BASTAR,Bhanpuri,Godavari,Godavari,Indravathi,Narangi,-,Narangi,19.29666667,81.78888889,19-02-2026 08:00,0
51,Ambabal (Narangi),CWC,22,Chhattisgarh,374,BASTAR,BASTAR,BASTAR,Bhanpuri,Godavari,Godavari,Indravathi,Narangi,-,Narangi,19.29666667,81.78888889,20-02-2026 08:00,0
52,Ambabal (Narangi),CWC,22,Chhattisgarh,374,BASTAR,BASTAR,BASTAR,Bhanpuri,Godavari,Godavari,Indravathi,Narangi,-,Narangi,19.29666667,81.78888889,21-02-2026 08:00,0
53,Ambabal (Narangi),CWC,22,Chhattisgarh,374,BASTAR,BASTAR,BASTAR,Bhanpuri,Godavari,Godavari,Indravathi,Narangi,-,Narangi,19.29666667,81.78888889,22-02-2026 08:00,0
54,Ambabal (Narangi),CWC,22,Chhattisgarh,374,BASTAR,BASTAR,BASTAR,Bhanpuri,Godavari,Godavari,Indravathi,Narangi,-,Narangi,19.29666667,81.78888889,23-02-2026 08:00,0
55,Ambabal (Narangi),CWC,22,Chhattisgarh,374,BASTAR,BASTAR,BASTAR,Bhanpuri,Godavari,Godavari,Indravathi,Narangi,-,Narangi,19.29666667,81.78888889,24-02-2026 08:00,0
56,Ambabal (Narangi),CWC,22,Chhattisgarh,374,BASTAR,BASTAR,BASTAR,Bhanpuri,Godavari,Godavari,Indravathi,Narangi,-,Narangi,19.29666667,81.78888889,25-02-2026 08:00,0
57,Ambabal (Narangi),CWC,22,Chhattisgarh,374,BASTAR,BASTAR,BASTAR,Bhanpuri,Godavari,Godavari,Indravathi,Narangi,-,Narangi,19.29666667,81.78888889,26-02-2026 08:00,0
58,Ambabal (Narangi),CWC,22,Chhattisgarh,374,BASTAR,BASTAR,BASTAR,Bhanpuri,Godavari,Godavari,Indravathi,Narangi,-,Narangi,19.29666667,81.78888889,27-02-2026 08:00,0
59,Ambabal (Narangi),CWC,22,Chhattisgarh,374,BASTAR,BASTAR,BASTAR,Bhanpuri,Godavari,Godavari,Indravathi,Narangi,-,Narangi,19.29666667,81.78888889,28-02-2026 08:00,0
60,Ambabal (Narangi),CWC,22,Chhattisgarh,374,BASTAR,BASTAR,BASTAR,Bhanpuri,Godavari,Godavari,Indravathi,Narangi,-,Narangi,19.29666667,81.78888889,01-03-2026 08:00,0
61,Ambabal (Narangi),CWC,22,Chhattisgarh,374,BASTAR,BASTAR,BASTAR,Bhanpuri,Godavari,Godavari,Indravathi,Narangi,-,Narangi,19.29666667,81.78888889,02-03-2026 08:00,0
62,Ambabal (Narangi),CWC,22,Chhattisgarh,374,BASTAR,BASTAR,BASTAR,Bhanpuri,Godavari,Godavari,Indravathi,Narangi,-,Narangi,19.29666667,81.78888889,03-03-2026 08:00,0
63,Ambabal (Narangi),CWC,22,Chhattisgarh,374,BASTAR,BASTAR,BASTAR,Bhanpuri,Godavari,Godavari,Indravathi,Narangi,-,Narangi,19.29666667,81.78888889,04-03-2026 08:00,0
64,Ambabal (Narangi),CWC,22,Chhattisgarh,374,BASTAR,BASTAR,BASTAR,Bhanpuri,Godavari,Godavari,Indravathi,Narangi,-,Narangi,19.29666667,81.78888889,05-03-2026 08:00,0
65,Ambabal (Narangi),CWC,22,Chhattisgarh,374,BASTAR,BASTAR,BASTAR,Bhanpuri,Godavari,Godavari,Indravathi,Narangi,-,Narangi,19.29666667,81.78888889,06-03-2026 08:00,0
66,Ambabal (Narangi),CWC,22,Chhattisgarh,374,BASTAR,BASTAR,BASTAR,Bhanpuri,Godavari,Godavari,Indravathi,Narangi,-,Narangi,19.29666667,81.78888889,07-03-2026 08:00,0
67,Ambabal (Narangi),CWC,22,Chhattisgarh,374,BASTAR,BASTAR,BASTAR,Bhanpuri,Godavari,Godavari,Indravathi,Narangi,-,Narangi,19.29666667,81.78888889,08-03-2026 08:00,0
68,Ambabal (Narangi),CWC,22,Chhattisgarh,374,BASTAR,BASTAR,BASTAR,Bhanpuri,Godavari,Godavari,Indravathi,Narangi,-,Narangi,19.29666667,81.78888889,09-03-2026 08:00,0
69,Ambabal (Narangi),CWC,22,Chhattisgarh,374,BASTAR,BASTAR,BASTAR,Bhanpuri,Godavari,Godavari,Indravathi,Narangi,-,Narangi,19.29666667,81.78888889,10-03-2026 08:00,0
70,Ambabal (Narangi),CWC,22,Chhattisgarh,374,BASTAR,BASTAR,BASTAR,Bhanpuri,Godavari,Godavari,Indravathi,Narangi,-,Narangi,19.29666667,81.78888889,11-03-2026 08:00,0
71,Ambabal (Narangi),CWC,22,Chhattisgarh,374,BASTAR,BASTAR,BASTAR,Bhanpuri,Godavari,Godavari,Indravathi,Narangi,-,Narangi,19.29666667,81.78888889,12-03-2026 08:00,0
72,Ambabal (Narangi),CWC,22,Chhattisgarh,374,BASTAR,BASTAR,BASTAR,Bhanpuri,Godavari,Godavari,Indravathi,Narangi,-,Narangi,19.29666667,81.78888889,13-03-2026 08:00,0
73,Ambabal (Narangi),CWC,22,Chhattisgarh,374,BASTAR,BASTAR,BASTAR,Bhanpuri,Godavari,Godavari,Indravathi,Narangi,-,Narangi,19.29666667,81.78888889,14-03-2026 08:00,0
74,Ambabal (Narangi),CWC,22,Chhattisgarh,374,BASTAR,BASTAR,BASTAR,Bhanpuri,Godavari,Godavari,Indravathi,Narangi,-,Narangi,19.29666667,81.78888889,15-03-2026 08:00,0
75,Ambabal (Narangi),CWC,22,Chhattisgarh,374,BASTAR,BASTAR,BASTAR,Bhanpuri,Godavari,Godavari,Indravathi,Narangi,-,Narangi,19.29666667,81.78888889,16-03-2026 08:00,0
76,Ambabal (Narangi),CWC,22,Chhattisgarh,374,BASTAR,BASTAR,BASTAR,Bhanpuri,Godavari,Godavari,Indravathi,Narangi,-,Narangi,19.29666667,81.78888889,17-03-2026 08:00,0
77,Ambabal (Narangi),CWC,22,Chhattisgarh,374,BASTAR,BASTAR,BASTAR,Bhanpuri,Godavari,Godavari,Indravathi,Narangi,-,Narangi,19.29666667,81.78888889,18-03-2026 08:00,0
78,Ambabal (Narangi),CWC,22,Chhattisgarh,374,BASTAR,BASTAR,BASTAR,Bhanpuri,Godavari,Godavari,Indravathi,Narangi,-,Narangi,19.29666667,81.78888889,19-03-2026 08:00,0
79,Ambabal (Narangi),CWC,22,Chhattisgarh,374,BASTAR,BASTAR,BASTAR,Bhanpuri,Godavari,Godavari,Indravathi,Narangi,-,Narangi,19.29666667,81.78888889,20-03-2026 08:00,0
80,Ambabal (Narangi),CWC,22,Chhattisgarh,374,BASTAR,BASTAR,BASTAR,Bhanpuri,Godavari,Godavari,Indravathi,Narangi,-,Narangi,19.29666667,81.78888889,21-03-2026 08:00,0
81,Ambabal (Narangi),CWC,22,Chhattisgarh,374,BASTAR,BASTAR,BASTAR,Bhanpuri,Godavari,Godavari,Indravathi,Narangi,-,Narangi,19.29666667,81.78888889,22-03-2026 08:00,0
82,Ambabal (Narangi),CWC,22,Chhattisgarh,374,BASTAR,BASTAR,BASTAR,Bhanpuri,Godavari,Godavari,Indravathi,Narangi,-,Narangi,19.29666667,81.78888889,23-03-2026 08:00,0
83,Ambabal (Narangi),CWC,22,Chhattisgarh,374,BASTAR,BASTAR,BASTAR,Bhanpuri,Godavari,Godavari,Indravathi,Narangi,-,Narangi,19.29666667,81.78888889,24-03-2026 08:00,0
84,Ambabal (Narangi),CWC,22,Chhattisgarh,374,BASTAR,BASTAR,BASTAR,Bhanpuri,Godavari,Godavari,Indravathi,Narangi,-,Narangi,19.29666667,81.78888889,25-03-2026 08:00,0
85,Ambabal (Narangi),CWC,22,Chhattisgarh,374,BASTAR,BASTAR,BASTAR,Bhanpuri,Godavari,Godavari,Indravathi,Narangi,-,Narangi,19.29666667,81.78888889,26-03-2026 08:00,0
86,Ambabal (Narangi),CWC,22,Chhattisgarh,374,BASTAR,BASTAR,BASTAR,Bhanpuri,Godavari,Godavari,Indravathi,Narangi,-,Narangi,19.29666667,81.78888889,27-03-2026 08:00,0
87,Ambabal (Narangi),CWC,22,Chhattisgarh,374,BASTAR,BASTAR,BASTAR,Bhanpuri,Godavari,Godavari,Indravathi,Narangi,-,Narangi,19.29666667,81.78888889,28-03-2026 08:00,0
88,Ambabal (Narangi),CWC,22,Chhattisgarh,374,BASTAR,BASTAR,BASTAR,Bhanpuri,Godavari,Godavari,Indravathi,Narangi,-,Narangi,19.29666667,81.78888889,29-03-2026 08:00,0
89,Ambabal (Narangi),CWC,22,Chhattisgarh,374,BASTAR,BASTAR,BASTAR,Bhanpuri,Godavari,Godavari,Indravathi,Narangi,-,Narangi,19.29666667,81.78888889,30-03-2026 08:00,0
90,Ambabal (Narangi),CWC,22,Chhattisgarh,374,BASTAR,BASTAR,BASTAR,Bhanpuri,Godavari,Godavari,Indravathi,Narangi,-,Narangi,19.29666667,81.78888889,31-03-2026 08:00,0
91,Ambabal (Narangi),CWC,22,Chhattisgarh,374,BASTAR,BASTAR,BASTAR,Bhanpuri,Godavari,Godavari,Indravathi,Narangi,-,Narangi,19.29666667,81.78888889,01-04-2026 08:00,0
92,Ambabal (Narangi),CWC,22,Chhattisgarh,374,BASTAR,BASTAR,BASTAR,Bhanpuri,Godavari,Godavari,Indravathi,Narangi,-,Narangi,19.29666667,81.78888889,02-04-2026 08:00,0
93,Ambabal (Narangi),CWC,22,Chhattisgarh,374,BASTAR,BASTAR,BASTAR,Bhanpuri,Godavari,Godavari,Indravathi,Narangi,-,Narangi,19.29666667,81.78888889,03-04-2026 08:00,0
94,Ambabal (Narangi),CWC,22,Chhattisgarh,374,BASTAR,BASTAR,BASTAR,Bhanpuri,Godavari,Godavari,Indravathi,Narangi,-,Narangi,19.29666667,81.78888889,04-04-2026 08:00,0
95,Ambabal (Narangi),CWC,22,Chhattisgarh,374,BASTAR,BASTAR,BASTAR,Bhanpuri,Godavari,Godavari,Indravathi,Narangi,-,Narangi,19.29666667,81.78888889,05-04-2026 08:00,0
96,Ambabal (Narangi),CWC,22,Chhattisgarh,374,BASTAR,BASTAR,BASTAR,Bhanpuri,Godavari,Godavari,Indravathi,Narangi,-,Narangi,19.29666667,81.78888889,06-04-2026 08:00,0
97,Ambabal (Narangi),CWC,22,Chhattisgarh,374,BASTAR,BASTAR,BASTAR,Bhanpuri,Godavari,Godavari,Indravathi,Narangi,-,Narangi,19.29666667,81.78888889,07-04-2026 08:00,0
98,Ambabal (Narangi),CWC,22,Chhattisgarh,374,BASTAR,BASTAR,BASTAR,Bhanpuri,Godavari,Godavari,Indravathi,Narangi,-,Narangi,19.29666667,81.78888889,08-04-2026 08:00,0
99,Ambabal (Narangi),CWC,22,Chhattisgarh,374,BASTAR,BASTAR,BASTAR,Bhanpuri,Godavari,Godavari,Indravathi,Narangi,-,Narangi,19.29666667,81.78888889,09-04-2026 08:00,0
100,Ambabal (Narangi),CWC,22,Chhattisgarh,374,BASTAR,BASTAR,BASTAR,Bhanpuri,Godavari,Godavari,Indravathi,Narangi,-,Narangi,19.29666667,81.78888889,10-04-2026 08:00,0
101,Ambabal (Narangi),CWC,22,Chhattisgarh,374,BASTAR,BASTAR,BASTAR,Bhanpuri,Godavari,Godavari,Indravathi,Narangi,-,Narangi,19.29666667,81.78888889,11-04-2026 08:00,0
102,Ambabal (Narangi),CWC,22,Chhattisgarh,374,BASTAR,BASTAR,BASTAR,Bhanpuri,Godavari,Godavari,Indravathi,Narangi,-,Narangi,19.29666667,81.78888889,12-04-2026 08:00,0
103,Ambabal (Narangi),CWC,22,Chhattisgarh,374,BASTAR,BASTAR,BASTAR,Bhanpuri,Godavari,Godavari,Indravathi,Narangi,-,Narangi,19.29666667,81.78888889,13-04-2026 08:00,0
104,Ambabal (Narangi),CWC,22,Chhattisgarh,374,BASTAR,BASTAR,BASTAR,Bhanpuri,Godavari,Godavari,Indravathi,Narangi,-,Narangi,19.29666667,81.78888889,14-04-2026 08:00,0
105,Ambabal (Narangi),CWC,22,Chhattisgarh,374,BASTAR,BASTAR,BASTAR,Bhanpuri,Godavari,Godavari,Indravathi,Narangi,-,Narangi,19.29666667,81.78888889,15-04-2026 08:00,0
106,Ambabal (Narangi),CWC,22,Chhattisgarh,374,BASTAR,BASTAR,BASTAR,Bhanpuri,Godavari,Godavari,Indravathi,Narangi,-,Narangi,19.29666667,81.78888889,16-04-2026 08:00,0
107,Ambabal (Narangi),CWC,22,Chhattisgarh,374,BASTAR,BASTAR,BASTAR,Bhanpuri,Godavari,Godavari,Indravathi,Narangi,-,Narangi,19.29666667,81.78888889,17-04-2026 08:00,0
108,Ambabal (Narangi),CWC,22,Chhattisgarh,374,BASTAR,BASTAR,BASTAR,Bhanpuri,Godavari,Godavari,Indravathi,Narangi,-,Narangi,19.29666667,81.78888889,18-04-2026 08:00,0
109,Ambabal (Narangi),CWC,22,Chhattisgarh,374,BASTAR,BASTAR,BASTAR,Bhanpuri,Godavari,Godavari,Indravathi,Narangi,-,Narangi,19.29666667,81.78888889,19-04-2026 08:00,0
110,Ambabal (Narangi),CWC,22,Chhattisgarh,374,BASTAR,BASTAR,BASTAR,Bhanpuri,Godavari,Godavari,Indravathi,Narangi,-,Narangi,19.29666667,81.78888889,20-04-2026 08:00,0
111,Ambabal (Narangi),CWC,22,Chhattisgarh,374,BASTAR,BASTAR,BASTAR,Bhanpuri,Godavari,Godavari,Indravathi,Narangi,-,Narangi,19.29666667,81.78888889,21-04-2026 08:00,0
112,Ambabal (Narangi),CWC,22,Chhattisgarh,374,BASTAR,BASTAR,BASTAR,Bhanpuri,Godavari,Godavari,Indravathi,Narangi,-,Narangi,19.29666667,81.78888889,22-04-2026 08:00,0
113,Ambabal (Narangi),CWC,22,Chhattisgarh,374,BASTAR,BASTAR,BASTAR,Bhanpuri,Godavari,Godavari,Indravathi,Narangi,-,Narangi,19.29666667,81.78888889,23-04-2026 08:00,0
114,Ambabal (Narangi),CWC,22,Chhattisgarh,374,BASTAR,BASTAR,BASTAR,Bhanpuri,Godavari,Godavari,Indravathi,Narangi,-,Narangi,19.29666667,81.78888889,24-04-2026 08:00,0
115,Ambabal (Narangi),CWC,22,Chhattisgarh,374,BASTAR,BASTAR,BASTAR,Bhanpuri,Godavari,Godavari,Indravathi,Narangi,-,Narangi,19.29666667,81.78888889,25-04-2026 08:00,0
116,Ambabal (Narangi),CWC,22,Chhattisgarh,374,BASTAR,BASTAR,BASTAR,Bhanpuri,Godavari,Godavari,Indravathi,Narangi,-,Narangi,19.29666667,81.78888889,26-04-2026 08:00,0
117,Ambabal (Narangi),CWC,22,Chhattisgarh,374,BASTAR,BASTAR,BASTAR,Bhanpuri,Godavari,Godavari,Indravathi,Narangi,-,Narangi,19.29666667,81.78888889,27-04-2026 08:00,0
118,Ambabal (Narangi),CWC,22,Chhattisgarh,374,BASTAR,BASTAR,BASTAR,Bhanpuri,Godavari,Godavari,Indravathi,Narangi,-,Narangi,19.29666667,81.78888889,28-04-2026 08:00,0
119,Ambabal (Narangi),CWC,22,Chhattisgarh,374,BASTAR,BASTAR,BASTAR,Bhanpuri,Godavari,Godavari,Indravathi,Narangi,-,Narangi,19.29666667,81.78888889,29-04-2026 08:00,0
120,Ambabal (Narangi),CWC,22,Chhattisgarh,374,BASTAR,BASTAR,BASTAR,Bhanpuri,Godavari,Godavari,Indravathi,Narangi,-,Narangi,19.29666667,81.78888889,30-04-2026 08:00,0
121,Ambabal (Narangi),CWC,22,Chhattisgarh,374,BASTAR,BASTAR,BASTAR,Bhanpuri,Godavari,Godavari,Indravathi,Narangi,-,Narangi,19.29666667,81.78888889,01-05-2026 08:00,0
122,Ambabal (Narangi),CWC,22,Chhattisgarh,374,BASTAR,BASTAR,BASTAR,Bhanpuri,Godavari,Godavari,Indravathi,Narangi,-,Narangi,19.29666667,81.78888889,02-05-2026 08:00,0
123,Ambabal (Narangi),CWC,22,Chhattisgarh,374,BASTAR,BASTAR,BASTAR,Bhanpuri,Godavari,Godavari,Indravathi,Narangi,-,Narangi,19.29666667,81.78888889,03-05-2026 08:00,0
124,Ambabal (Narangi),CWC,22,Chhattisgarh,374,BASTAR,BASTAR,BASTAR,Bhanpuri,Godavari,Godavari,Indravathi,Narangi,-,Narangi,19.29666667,81.78888889,04-05-2026 08:00,0
125,Ambabal (Narangi),CWC,22,Chhattisgarh,374,BASTAR,BASTAR,BASTAR,Bhanpuri,Godavari,Godavari,Indravathi,Narangi,-,Narangi,19.29666667,81.78888889,05-05-2026 08:00,0
126,Ambabal (Narangi),CWC,22,Chhattisgarh,374,BASTAR,BASTAR,BASTAR,Bhanpuri,Godavari,Godavari,Indravathi,Narangi,-,Narangi,19.29666667,81.78888889,06-05-2026 08:00,0
127,Ambabal (Narangi),CWC,22,Chhattisgarh,374,BASTAR,BASTAR,BASTAR,Bhanpuri,Godavari,Godavari,Indravathi,Narangi,-,Narangi,19.29666667,81.78888889,07-05-2026 08:00,0
128,Ambabal (Narangi),CWC,22,Chhattisgarh,374,BASTAR,BASTAR,BASTAR,Bhanpuri,Godavari,Godavari,Indravathi,Narangi,-,Narangi,19.29666667,81.78888889,08-05-2026 08:00,0
129,Ambabal (Narangi),CWC,22,Chhattisgarh,374,BASTAR,BASTAR,BASTAR,Bhanpuri,Godavari,Godavari,Indravathi,Narangi,-,Narangi,19.29666667,81.78888889,09-05-2026 08:00,0
130,Ambabal (Narangi),CWC,22,Chhattisgarh,374,BASTAR,BASTAR,BASTAR,Bhanpuri,Godavari,Godavari,Indravathi,Narangi,-,Narangi,19.29666667,81.78888889,10-05-2026 08:00,0
131,Ambabal (Narangi),CWC,22,Chhattisgarh,374,BASTAR,BASTAR,BASTAR,Bhanpuri,Godavari,Godavari,Indravathi,Narangi,-,Narangi,19.29666667,81.78888889,11-05-2026 08:00,0
132,Ambabal (Narangi),CWC,22,Chhattisgarh,374,BASTAR,BASTAR,BASTAR,Bhanpuri,Godavari,Godavari,Indravathi,Narangi,-,Narangi,19.29666667,81.78888889,12-05-2026 08:00,0
133,Ambabal (Narangi),CWC,22,Chhattisgarh,374,BASTAR,BASTAR,BASTAR,Bhanpuri,Godavari,Godavari,Indravathi,Narangi,-,Narangi,19.29666667,81.78888889,13-05-2026 08:00,0
134,Ambabal (Narangi),CWC,22,Chhattisgarh,374,BASTAR,BASTAR,BASTAR,Bhanpuri,Godavari,Godavari,Indravathi,Narangi,-,Narangi,19.29666667,81.78888889,14-05-2026 08:00,0
135,Ambabal (Narangi),CWC,22,Chhattisgarh,374,BASTAR,BASTAR,BASTAR,Bhanpuri,Godavari,Godavari,Indravathi,Narangi,-,Narangi,19.29666667,81.78888889,15-05-2026 08:00,0
136,Ambabal (Narangi),CWC,22,Chhattisgarh,374,BASTAR,BASTAR,BASTAR,Bhanpuri,Godavari,Godavari,Indravathi,Narangi,-,Narangi,19.29666667,81.78888889,16-05-2026 08:00,0
137,Ambabal (Narangi),CWC,22,Chhattisgarh,374,BASTAR,BASTAR,BASTAR,Bhanpuri,Godavari,Godavari,Indravathi,Narangi,-,Narangi,19.29666667,81.78888889,17-05-2026 08:00,0
138,Ambabal (Narangi),CWC,22,Chhattisgarh,374,BASTAR,BASTAR,BASTAR,Bhanpuri,Godavari,Godavari,Indravathi,Narangi,-,Narangi,19.29666667,81.78888889,18-05-2026 08:00,0
139,Ambabal (Narangi),CWC,22,Chhattisgarh,374,BASTAR,BASTAR,BASTAR,Bhanpuri,Godavari,Godavari,Indravathi,Narangi,-,Narangi,19.29666667,81.78888889,19-05-2026 08:00,0
140,Ambabal (Narangi),CWC,22,Chhattisgarh,374,BASTAR,BASTAR,BASTAR,Bhanpuri,Godavari,Godavari,Indravathi,Narangi,-,Narangi,19.29666667,81.78888889,20-05-2026 08:00,0
141,Ambabal (Narangi),CWC,22,Chhattisgarh,374,BASTAR,BASTAR,BASTAR,Bhanpuri,Godavari,Godavari,Indravathi,Narangi,-,Narangi,19.29666667,81.78888889,21-05-2026 08:00,0
142,Ambabal (Narangi),CWC,22,Chhattisgarh,374,BASTAR,BASTAR,BASTAR,Bhanpuri,Godavari,Godavari,Indravathi,Narangi,-,Narangi,19.29666667,81.78888889,22-05-2026 08:00,0
143,Ambabal (Narangi),CWC,22,Chhattisgarh,374,BASTAR,BASTAR,BASTAR,Bhanpuri,Godavari,Godavari,Indravathi,Narangi,-,Narangi,19.29666667,81.78888889,23-05-2026 08:00,0
144,Ambabal (Narangi),CWC,22,Chhattisgarh,374,BASTAR,BASTAR,BASTAR,Bhanpuri,Godavari,Godavari,Indravathi,Narangi,-,Narangi,19.29666667,81.78888889,24-05-2026 08:00,0
145,Ambabal (Narangi),CWC,22,Chhattisgarh,374,BASTAR,BASTAR,BASTAR,Bhanpuri,Godavari,Godavari,Indravathi,Narangi,-,Narangi,19.29666667,81.78888889,25-05-2026 08:00,0
146,Ambabal (Narangi),CWC,22,Chhattisgarh,374,BASTAR,BASTAR,BASTAR,Bhanpuri,Godavari,Godavari,Indravathi,Narangi,-,Narangi,19.29666667,81.78888889,26-05-2026 08:00,0
147,Ambabal (Narangi),CWC,22,Chhattisgarh,374,BASTAR,BASTAR,BASTAR,Bhanpuri,Godavari,Godavari,Indravathi,Narangi,-,Narangi,19.29666667,81.78888889,27-05-2026 08:00,0
148,Ambabal (Narangi),CWC,22,Chhattisgarh,374,BASTAR,BASTAR,BASTAR,Bhanpuri,Godavari,Godavari,Indravathi,Narangi,-,Narangi,19.29666667,81.78888889,28-05-2026 08:00,0
149,Ambabal (Narangi),CWC,22,Chhattisgarh,374,BASTAR,BASTAR,BASTAR,Bhanpuri,Godavari,Godavari,Indravathi,Narangi,-,Narangi,19.29666667,81.78888889,29-05-2026 08:00,0
150,Ambabal (Narangi),CWC,22,Chhattisgarh,374,BASTAR,BASTAR,BASTAR,Bhanpuri,Godavari,Godavari,Indravathi,Narangi,-,Narangi,19.29666667,81.78888889,30-05-2026 08:00,0
151,Ambabal (Narangi),CWC,22,Chhattisgarh,374,BASTAR,BASTAR,BASTAR,Bhanpuri,Godavari,Godavari,Indravathi,Narangi,-,Narangi,19.29666667,81.78888889,01-06-2026 08:00,0
152,Ambabal (Narangi),CWC,22,Chhattisgarh,374,BASTAR,BASTAR,BASTAR,Bhanpuri,Godavari,Godavari,Indravathi,Narangi,-,Narangi,19.29666667,81.78888889,02-06-2026 08:00,0
153,Ambabal (Narangi),CWC,22,Chhattisgarh,374,BASTAR,BASTAR,BASTAR,Bhanpuri,Godavari,Godavari,Indravathi,Narangi,-,Narangi,19.29666667,81.78888889,03-06-2026 08:00,0
154,Ambabal (Narangi),CWC,22,Chhattisgarh,374,BASTAR,BASTAR,BASTAR,Bhanpuri,Godavari,Godavari,Indravathi,Narangi,-,Narangi,19.29666667,81.78888889,04-06-2026 08:00,0
155,Ambabal (Narangi),CWC,22,Chhattisgarh,374,BASTAR,BASTAR,BASTAR,Bhanpuri,Godavari,Godavari,Indravathi,Narangi,-,Narangi,19.29666667,81.78888889,05-06-2026 08:00,0
156,Ambabal (Narangi),CWC,22,Chhattisgarh,374,BASTAR,BASTAR,BASTAR,Bhanpuri,Godavari,Godavari,Indravathi,Narangi,-,Narangi,19.29666667,81.78888889,06-06-2026 08:00,0
157,Ambabal (Narangi),CWC,22,Chhattisgarh,374,BASTAR,BASTAR,BASTAR,Bhanpuri,Godavari,Godavari,Indravathi,Narangi,-,Narangi,19.29666667,81.78888889,07-06-2026 08:00,0
158,Ambabal (Narangi),CWC,22,Chhattisgarh,374,BASTAR,BASTAR,BASTAR,Bhanpuri,Godavari,Godavari,Indravathi,Narangi,-,Narangi,19.29666667,81.78888889,08-06-2026 08:00,0
159,Ambabal (Narangi),CWC,22,Chhattisgarh,374,BASTAR,BASTAR,BASTAR,Bhanpuri,Godavari,Godavari,Indravathi,Narangi,-,Narangi,19.29666667,81.78888889,09-06-2026 08:00,0
160,Ambabal (Narangi),CWC,22,Chhattisgarh,374,BASTAR,BASTAR,BASTAR,Bhanpuri,Godavari,Godavari,Indravathi,Narangi,-,Narangi,19.29666667,81.78888889,10-06-2026 08:00,0
161,Ambabal (Narangi),CWC,22,Chhattisgarh,374,BASTAR,BASTAR,BASTAR,Bhanpuri,Godavari,Godavari,Indravathi,Narangi,-,Narangi,19.29666667,81.78888889,11-06-2026 08:00,0
162,Ambabal (Narangi),CWC,22,Chhattisgarh,374,BASTAR,BASTAR,BASTAR,Bhanpuri,Godavari,Godavari,Indravathi,Narangi,-,Narangi,19.29666667,81.78888889,12-06-2026 08:00,0
163,Ambabal (Narangi),CWC,22,Chhattisgarh,374,BASTAR,BASTAR,BASTAR,Bhanpuri,Godavari,Godavari,Indravathi,Narangi,-,Narangi,19.29666667,81.78888889,13-06-2026 08:00,0
164,Ambabal (Narangi),CWC,22,Chhattisgarh,374,BASTAR,BASTAR,BASTAR,Bhanpuri,Godavari,Godavari,Indravathi,Narangi,-,Narangi,19.29666667,81.78888889,14-06-2026 08:00,0
165,Ambabal (Narangi),CWC,22,Chhattisgarh,374,BASTAR,BASTAR,BASTAR,Bhanpuri,Godavari,Godavari,Indravathi,Narangi,-,Narangi,19.29666667,81.78888889,15-06-2026 08:00,0
166,Ambabal (Narangi),CWC,22,Chhattisgarh,374,BASTAR,BASTAR,BASTAR,Bhanpuri,Godavari,Godavari,Indravathi,Narangi,-,Narangi,19.29666667,81.78888889,16-06-2026 08:00,0
167,Ambabal (Narangi),CWC,22,Chhattisgarh,374,BASTAR,BASTAR,BASTAR,Bhanpuri,Godavari,Godavari,Indravathi,Narangi,-,Narangi,19.29666667,81.78888889,17-06-2026 08:00,0
168,Ambabal (Narangi),CWC,22,Chhattisgarh,374,BASTAR,BASTAR,BASTAR,Bhanpuri,Godavari,Godavari,Indravathi,Narangi,-,Narangi,19.29666667,81.78888889,18-06-2026 08:00,0
169,Ambabal (Narangi),CWC,22,Chhattisgarh,374,BASTAR,BASTAR,BASTAR,Bhanpuri,Godavari,Godavari,Indravathi,Narangi,-,Narangi,19.29666667,81.78888889,19-06-2026 08:00,0
170,Ambabal (Narangi),CWC,22,Chhattisgarh,374,BASTAR,BASTAR,BASTAR,Bhanpuri,Godavari,Godavari,Indravathi,Narangi,-,Narangi,19.29666667,81.78888889,20-06-2026 08:00,0
171,Ambabal (Narangi),CWC,22,Chhattisgarh,374,BASTAR,BASTAR,BASTAR,Bhanpuri,Godavari,Godavari,Indravathi,Narangi,-,Narangi,19.29666667,81.78888889,21-06-2026 08:00,0
172,Ambabal (Narangi),CWC,22,Chhattisgarh,374,BASTAR,BASTAR,BASTAR,Bhanpuri,Godavari,Godavari,Indravathi,Narangi,-,Narangi,19.29666667,81.78888889,22-06-2026 08:00,0
173,Ambabal (Narangi),CWC,22,Chhattisgarh,374,BASTAR,BASTAR,BASTAR,Bhanpuri,Godavari,Godavari,Indravathi,Narangi,-,Narangi,19.29666667,81.78888889,23-06-2026 08:00,0
174,Ambabal (Narangi),CWC,22,Chhattisgarh,374,BASTAR,BASTAR,BASTAR,Bhanpuri,Godavari,Godavari,Indravathi,Narangi,-,Narangi,19.29666667,81.78888889,24-06-2026 08:00,0
175,Ambabal (Narangi),CWC,22,Chhattisgarh,374,BASTAR,BASTAR,BASTAR,Bhanpuri,Godavari,Godavari,Indravathi,Narangi,-,Narangi,19.29666667,81.78888889,25-06-2026 08:00,0
176,Ambabal (Narangi),CWC,22,Chhattisgarh,374,BASTAR,BASTAR,BASTAR,Bhanpuri,Godavari,Godavari,Indravathi,Narangi,-,Narangi,19.29666667,81.78888889,26-06-2026 08:00,0
177,Ambabal (Narangi),CWC,22,Chhattisgarh,374,BASTAR,BASTAR,BASTAR,Bhanpuri,Godavari,Godavari,Indravathi,Narangi,-,Narangi,19.29666667,81.78888889,27-06-2026 08:00,0
178,Ambabal (Narangi),CWC,22,Chhattisgarh,374,BASTAR,BASTAR,BASTAR,Bhanpuri,Godavari,Godavari,Indravathi,Narangi,-,Narangi,19.29666667,81.78888889,28-06-2026 08:00,0
179,Ambabal (Narangi),CWC,22,Chhattisgarh,374,BASTAR,BASTAR,BASTAR,Bhanpuri,Godavari,Godavari,Indravathi,Narangi,-,Narangi,19.29666667,81.78888889,29-06-2026 08:00,0
180,Ambabal (Narangi),CWC,22,Chhattisgarh,374,BASTAR,BASTAR,BASTAR,Bhanpuri,Godavari,Godavari,Indravathi,Narangi,-,Narangi,19.29666667,81.78888889,30-06-2026 08:00,0
181,Ambabal (Narangi),CWC,22,Chhattisgarh,374,BASTAR,BASTAR,BASTAR,Bhanpuri,Godavari,Godavari,Indravathi,Narangi,-,Narangi,19.29666667,81.78888889,01-07-2026 08:00,0
182,Ambabal (Narangi),CWC,22,Chhattisgarh,374,BASTAR,BASTAR,BASTAR,Bhanpuri,Godavari,Godavari,Indravathi,Narangi,-,Narangi,19.29666667,81.78888889,02-07-2026 08:00,0
183,Ambabal (Narangi),CWC,22,Chhattisgarh,374,BASTAR,BASTAR,BASTAR,Bhanpuri,Godavari,Godavari,Indravathi,Narangi,-,Narangi,19.29666667,81.78888889,03-07-2026 08:00,0
184,Ambabal (Narangi),CWC,22,Chhattisgarh,374,BASTAR,BASTAR,BASTAR,Bhanpuri,Godavari,Godavari,Indravathi,Narangi,-,Narangi,19.29666667,81.78888889,04-07-2026 08:00,0
185,Ambabal (Narangi),CWC,22,Chhattisgarh,374,BASTAR,BASTAR,BASTAR,Bhanpuri,Godavari,Godavari,Indravathi,Narangi,-,Narangi,19.29666667,81.78888889,05-07-2026 08:00,0
186,Ambabal (Narangi),CWC,22,Chhattisgarh,374,BASTAR,BASTAR,BASTAR,Bhanpuri,Godavari,Godavari,Indravathi,Narangi,-,Narangi,19.29666667,81.78888889,06-07-2026 08:00,0
187,Ambabal (Narangi),CWC,22,Chhattisgarh,374,BASTAR,BASTAR,BASTAR,Bhanpuri,Godavari,Godavari,Indravathi,Narangi,-,Narangi,19.29666667,81.78888889,07-07-2026 08:00,0
188,Ambabal (Narangi),CWC,22,Chhattisgarh,374,BASTAR,BASTAR,BASTAR,Bhanpuri,Godavari,Godavari,Indravathi,Narangi,-,Narangi,19.29666667,81.78888889,08-07-2026 08:00,2.684
189,Ambabal (Narangi),CWC,22,Chhattisgarh,374,BASTAR,BASTAR,BASTAR,Bhanpuri,Godavari,Godavari,Indravathi,Narangi,-,Narangi,19.29666667,81.78888889,09-07-2026 08:00,2.708
190,Ambabal (Narangi),CWC,22,Chhattisgarh,374,BASTAR,BASTAR,BASTAR,Bhanpuri,Godavari,Godavari,Indravathi,Narangi,-,Narangi,19.29666667,81.78888889,10-07-2026 08:00,6.569
191,Ambabal (Narangi),CWC,22,Chhattisgarh,374,BASTAR,BASTAR,BASTAR,Bhanpuri,Godavari,Godavari,Indravathi,Narangi,-,Narangi,19.29666667,81.78888889,11-07-2026 08:00,6
192,Ambabal (Narangi),CWC,22,Chhattisgarh,374,BASTAR,BASTAR,BASTAR,Bhanpuri,Godavari,Godavari,Indravathi,Narangi,-,Narangi,19.29666667,81.78888889,12-07-2026 08:00,4
193,Ambabal (Narangi),CWC,22,Chhattisgarh,374,BASTAR,BASTAR,BASTAR,Bhanpuri,Godavari,Godavari,Indravathi,Narangi,-,Narangi,19.29666667,81.78888889,13-07-2026 08:00,4.822
194,Ambabal (Narangi),CWC,22,Chhattisgarh,374,BASTAR,BASTAR,BASTAR,Bhanpuri,Godavari,Godavari,Indravathi,Narangi,-,Narangi,19.29666667,81.78888889,14-07-2026 08:00,3.496
195,Ambabal (Narangi),CWC,22,Chhattisgarh,374,BASTAR,BASTAR,BASTAR,Bhanpuri,Godavari,Godavari,Indravathi,Narangi,-,Narangi,19.29666667,81.78888889,15-07-2026 08:00,3.409
196,Ambabal (Narangi),CWC,22,Chhattisgarh,374,BASTAR,BASTAR,BASTAR,Bhanpuri,Godavari,Godavari,Indravathi,Narangi,-,Narangi,19.29666667,81.78888889,16-07-2026 08:00,3.588
197,Ambabal (Narangi),CWC,22,Chhattisgarh,374,BASTAR,BASTAR,BASTAR,Bhanpuri,Godavari,Godavari,Indravathi,Narangi,-,Narangi,19.29666667,81.78888889,17-07-2026 08:00,2.075
198,Ambabal (Narangi),CWC,22,Chhattisgarh,374,BASTAR,BASTAR,BASTAR,Bhanpuri,Godavari,Godavari,Indravathi,Narangi,-,Narangi,19.29666667,81.78888889,18-07-2026 08:00,0.977
199,Ambabal (Narangi),CWC,22,Chhattisgarh,374,BASTAR,BASTAR,BASTAR,Bhanpuri,Godavari,Godavari,Indravathi,Narangi,-,Narangi,19.29666667,81.78888889,19-07-2026 08:00,5
200,Ambabal (Narangi),CWC,22,Chhattisgarh,374,BASTAR,BASTAR,BASTAR,Bhanpuri,Godavari,Godavari,Indravathi,Narangi,-,Narangi,19.29666667,81.78888889,20-07-2026 08:00,9.246
201,Ambabal (Narangi),CWC,22,Chhattisgarh,374,BASTAR,BASTAR,BASTAR,Bhanpuri,Godavari,Godavari,Indravathi,Narangi,-,Narangi,19.29666667,81.78888889,21-07-2026 08:00,6.096
202,Ambabal (Narangi),CWC,22,Chhattisgarh,374,BASTAR,BASTAR,BASTAR,Bhanpuri,Godavari,Godavari,Indravathi,Narangi,-,Narangi,19.29666667,81.78888889,22-07-2026 08:00,5.038
203,Ambabal (Narangi),CWC,22,Chhattisgarh,374,BASTAR,BASTAR,BASTAR,Bhanpuri,Godavari,Godavari,Indravathi,Narangi,-,Narangi,19.29666667,81.78888889,23-07-2026 08:00,5.003
204,Ambabal (Narangi),CWC,22,Chhattisgarh,374,BASTAR,BASTAR,BASTAR,Bhanpuri,Godavari,Godavari,Indravathi,Narangi,-,Narangi,19.29666667,81.78888889,24-07-2026 08:00,7.925
205,Ambabal (Narangi),CWC,22,Chhattisgarh,374,BASTAR,BASTAR,BASTAR,Bhanpuri,Godavari,Godavari,Indravathi,Narangi,-,Narangi,19.29666667,81.78888889,25-07-2026 08:00,5.956
206,Ambabal (Narangi),CWC,22,Chhattisgarh,374,BASTAR,BASTAR,BASTAR,Bhanpuri,Godavari,Godavari,Indravathi,Narangi,-,Narangi,19.29666667,81.78888889,26-07-2026 08:00,5
207,Ambabal (Narangi),CWC,22,Chhattisgarh,374,BASTAR,BASTAR,BASTAR,Bhanpuri,Godavari,Godavari,Indravathi,Narangi,-,Narangi,19.29666667,81.78888889,27-07-2026 08:00,3.695
208,Ambabal (Narangi),CWC,22,Chhattisgarh,374,BASTAR,BASTAR,BASTAR,Bhanpuri,Godavari,Godavari,Indravathi,Narangi,-,Narangi,19.29666667,81.78888889,28-07-2026 08:00,3.759
209,Ambabal (Narangi),CWC,22,Chhattisgarh,374,BASTAR,BASTAR,BASTAR,Bhanpuri,Godavari,Godavari,Indravathi,Narangi,-,Narangi,19.29666667,81.78888889,29-07-2026 08:00,24.731
210,Ambabal (Narangi),CWC,22,Chhattisgarh,374,BASTAR,BASTAR,BASTAR,Bhanpuri,Godavari,Godavari,Indravathi,Narangi,-,Narangi,19.29666667,81.78888889,30-07-2026 08:00,850
211,Ambabal (Narangi),CWC,22,Chhattisgarh,374,BASTAR,BASTAR,BASTAR,Bhanpuri,Godavari,Godavari,Indravathi,Narangi,-,Narangi,19.29666667,81.78888889,31-07-2026 08:00,800
212,Ambabal (Narangi),CWC,22,Chhattisgarh,374,BASTAR,BASTAR,BASTAR,Bhanpuri,Godavari,Godavari,Indravathi,Narangi,-,Narangi,19.29666667,81.78888889,01-08-2026 09:00,126.099
213,Ambabal (Narangi),CWC,22,Chhattisgarh,374,BASTAR,BASTAR,BASTAR,Bhanpuri,Godavari,Godavari,Indravathi,Narangi,-,Narangi,19.29666667,81.78888889,02-08-2026 08:00,45
214,Ambabal (Narangi),CWC,22,Chhattisgarh,374,BASTAR,BASTAR,BASTAR,Bhanpuri,Godavari,Godavari,Indravathi,Narangi,-,Narangi,19.29666667,81.78888889,03-08-2026 09:00,48.351
215,Ambabal (Narangi),CWC,22,Chhattisgarh,374,BASTAR,BASTAR,BASTAR,Bhanpuri,Godavari,Godavari,Indravathi,Narangi,-,Narangi,19.29666667,81.78888889,04-08-2026 09:00,46.471
216,Ambabal (Narangi),CWC,22,Chhattisgarh,374,BASTAR,BASTAR,BASTAR,Bhanpuri,Godavari,Godavari,Indravathi,Narangi,-,Narangi,19.29666667,81.78888889,05-08-2026 09:00,43.75
217,Ambabal (Narangi),CWC,22,Chhattisgarh,374,BASTAR,BASTAR,BASTAR,Bhanpuri,Godavari,Godavari,Indravathi,Narangi,-,Narangi,19.29666667,81.78888889,06-08-2026 09:00,44.764
218,Ambabal (Narangi),CWC,22,Chhattisgarh,374,BASTAR,BASTAR,BASTAR,Bhanpuri,Godavari,Godavari,Indravathi,Narangi,-,Narangi,19.29666667,81.78888889,07-08-2026 09:00,46.207
219,Ambabal (Narangi),CWC,22,Chhattisgarh,374,BASTAR,BASTAR,BASTAR,Bhanpuri,Godavari,Godavari,Indravathi,Narangi,-,Narangi,19.29666667,81.78888889,08-08-2026 08:00,34
220,Ambabal (Narangi),CWC,22,Chhattisgarh,374,BASTAR,BASTAR,BASTAR,Bhanpuri,Godavari,Godavari,Indravathi,Narangi,-,Narangi,19.29666667,81.78888889,09-08-2026 08:00,41
221,Ambabal (Narangi),CWC,22,Chhattisgarh,374,BASTAR,BASTAR,BASTAR,Bhanpuri,Godavari,Godavari,Indravathi,Narangi,-,Narangi,19.29666667,81.78888889,10-08-2026 09:00,46.55913
222,Ambabal (Narangi),CWC,22,Chhattisgarh,374,BASTAR,BASTAR,BASTAR,Bhanpuri,Godavari,Godavari,Indravathi,Narangi,-,Narangi,19.29666667,81.78888889,11-08-2026 09:00,31.8784
223,Andhiyarkhore,CWC,22,Chhattisgarh,650,BEMETARA,NAWAGARH,-,-,Mahanadi,Mahanadi,Seonath,Hamp,Hamp,Hamp,21.83472222,81.59722222,01-01-2026 08:00,8
224,Andhiyarkhore,CWC,22,Chhattisgarh,650,BEMETARA,NAWAGARH,-,-,Mahanadi,Mahanadi,Seonath,Hamp,Hamp,Hamp,21.83472222,81.59722222,02-01-2026 08:00,8
225,Andhiyarkhore,CWC,22,Chhattisgarh,650,BEMETARA,NAWAGARH,-,-,Mahanadi,Mahanadi,Seonath,Hamp,Hamp,Hamp,21.83472222,81.59722222,03-01-2026 08:00,8
226,Andhiyarkhore,CWC,22,Chhattisgarh,650,BEMETARA,NAWAGARH,-,-,Mahanadi,Mahanadi,Seonath,Hamp,Hamp,Hamp,21.83472222,81.59722222,04-01-2026 08:00,8
227,Andhiyarkhore,CWC,22,Chhattisgarh,650,BEMETARA,NAWAGARH,-,-,Mahanadi,Mahanadi,Seonath,Hamp,Hamp,Hamp,21.83472222,81.59722222,05-01-2026 08:00,8
228,Andhiyarkhore,CWC,22,Chhattisgarh,650,BEMETARA,NAWAGARH,-,-,Mahanadi,Mahanadi,Seonath,Hamp,Hamp,Hamp,21.83472222,81.59722222,06-01-2026 08:00,8
229,Andhiyarkhore,CWC,22,Chhattisgarh,650,BEMETARA,NAWAGARH,-,-,Mahanadi,Mahanadi,Seonath,Hamp,Hamp,Hamp,21.83472222,81.59722222,07-01-2026 08:00,8
230,Andhiyarkhore,CWC,22,Chhattisgarh,650,BEMETARA,NAWAGARH,-,-,Mahanadi,Mahanadi,Seonath,Hamp,Hamp,Hamp,21.83472222,81.59722222,08-01-2026 08:00,8
231,Andhiyarkhore,CWC,22,Chhattisgarh,650,BEMETARA,NAWAGARH,-,-,Mahanadi,Mahanadi,Seonath,Hamp,Hamp,Hamp,21.83472222,81.59722222,09-01-2026 08:00,8
232,Andhiyarkhore,CWC,22,Chhattisgarh,650,BEMETARA,NAWAGARH,-,-,Mahanadi,Mahanadi,Seonath,Hamp,Hamp,Hamp,21.83472222,81.59722222,10-01-2026 08:00,8
233,Andhiyarkhore,CWC,22,Chhattisgarh,650,BEMETARA,NAWAGARH,-,-,Mahanadi,Mahanadi,Seonath,Hamp,Hamp,Hamp,21.83472222,81.59722222,11-01-2026 08:00,8
234,Andhiyarkhore,CWC,22,Chhattisgarh,650,BEMETARA,NAWAGARH,-,-,Mahanadi,Mahanadi,Seonath,Hamp,Hamp,Hamp,21.83472222,81.59722222,12-01-2026 08:00,8
235,Andhiyarkhore,CWC,22,Chhattisgarh,650,BEMETARA,NAWAGARH,-,-,Mahanadi,Mahanadi,Seonath,Hamp,Hamp,Hamp,21.83472222,81.59722222,13-01-2026 08:00,8
236,Andhiyarkhore,CWC,22,Chhattisgarh,650,BEMETARA,NAWAGARH,-,-,Mahanadi,Mahanadi,Seonath,Hamp,Hamp,Hamp,21.83472222,81.59722222,14-01-2026 08:00,8
237,Andhiyarkhore,CWC,22,Chhattisgarh,650,BEMETARA,NAWAGARH,-,-,Mahanadi,Mahanadi,Seonath,Hamp,Hamp,Hamp,21.83472222,81.59722222,15-01-2026 08:15,3.864
238,Andhiyarkhore,CWC,22,Chhattisgarh,650,BEMETARA,NAWAGARH,-,-,Mahanadi,Mahanadi,Seonath,Hamp,Hamp,Hamp,21.83472222,81.59722222,16-01-2026 08:15,2.528
239,Andhiyarkhore,CWC,22,Chhattisgarh,650,BEMETARA,NAWAGARH,-,-,Mahanadi,Mahanadi,Seonath,Hamp,Hamp,Hamp,21.83472222,81.59722222,17-01-2026 08:15,2.329
240,Andhiyarkhore,CWC,22,Chhattisgarh,650,BEMETARA,NAWAGARH,-,-,Mahanadi,Mahanadi,Seonath,Hamp,Hamp,Hamp,21.83472222,81.59722222,18-01-2026 08:00,2.39
241,Andhiyarkhore,CWC,22,Chhattisgarh,650,BEMETARA,NAWAGARH,-,-,Mahanadi,Mahanadi,Seonath,Hamp,Hamp,Hamp,21.83472222,81.59722222,19-01-2026 08:15,2.24
242,Andhiyarkhore,CWC,22,Chhattisgarh,650,BEMETARA,NAWAGARH,-,-,Mahanadi,Mahanadi,Seonath,Hamp,Hamp,Hamp,21.83472222,81.59722222,20-01-2026 08:15,3.374
243,Andhiyarkhore,CWC,22,Chhattisgarh,650,BEMETARA,NAWAGARH,-,-,Mahanadi,Mahanadi,Seonath,Hamp,Hamp,Hamp,21.83472222,81.59722222,21-01-2026 08:15,3.328
244,Andhiyarkhore,CWC,22,Chhattisgarh,650,BEMETARA,NAWAGARH,-,-,Mahanadi,Mahanadi,Seonath,Hamp,Hamp,Hamp,21.83472222,81.59722222,22-01-2026 08:15,2.423
245,Andhiyarkhore,CWC,22,Chhattisgarh,650,BEMETARA,NAWAGARH,-,-,Mahanadi,Mahanadi,Seonath,Hamp,Hamp,Hamp,21.83472222,81.59722222,23-01-2026 09:15,1.741
246,Andhiyarkhore,CWC,22,Chhattisgarh,650,BEMETARA,NAWAGARH,-,-,Mahanadi,Mahanadi,Seonath,Hamp,Hamp,Hamp,21.83472222,81.59722222,24-01-2026 08:15,1.652
247,Andhiyarkhore,CWC,22,Chhattisgarh,650,BEMETARA,NAWAGARH,-,-,Mahanadi,Mahanadi,Seonath,Hamp,Hamp,Hamp,21.83472222,81.59722222,25-01-2026 08:00,1.63
248,Andhiyarkhore,CWC,22,Chhattisgarh,650,BEMETARA,NAWAGARH,-,-,Mahanadi,Mahanadi,Seonath,Hamp,Hamp,Hamp,21.83472222,81.59722222,26-01-2026 08:00,1.63
249,Andhiyarkhore,CWC,22,Chhattisgarh,650,BEMETARA,NAWAGARH,-,-,Mahanadi,Mahanadi,Seonath,Hamp,Hamp,Hamp,21.83472222,81.59722222,27-01-2026 09:15,1.892
250,Andhiyarkhore,CWC,22,Chhattisgarh,650,BEMETARA,NAWAGARH,-,-,Mahanadi,Mahanadi,Seonath,Hamp,Hamp,Hamp,21.83472222,81.59722222,28-01-2026 08:15,1.79
251,Andhiyarkhore,CWC,22,Chhattisgarh,650,BEMETARA,NAWAGARH,-,-,Mahanadi,Mahanadi,Seonath,Hamp,Hamp,Hamp,21.83472222,81.59722222,29-01-2026 08:15,2.965
252,Andhiyarkhore,CWC,22,Chhattisgarh,650,BEMETARA,NAWAGARH,-,-,Mahanadi,Mahanadi,Seonath,Hamp,Hamp,Hamp,21.83472222,81.59722222,30-01-2026 08:15,2.958
253,Andhiyarkhore,CWC,22,Chhattisgarh,650,BEMETARA,NAWAGARH,-,-,Mahanadi,Mahanadi,Seonath,Hamp,Hamp,Hamp,21.83472222,81.59722222,31-01-2026 08:15,2.094
254,Andhiyarkhore,CWC,22,Chhattisgarh,650,BEMETARA,NAWAGARH,-,-,Mahanadi,Mahanadi,Seonath,Hamp,Hamp,Hamp,21.83472222,81.59722222,01-02-2026 08:00,2.09
255,Andhiyarkhore,CWC,22,Chhattisgarh,650,BEMETARA,NAWAGARH,-,-,Mahanadi,Mahanadi,Seonath,Hamp,Hamp,Hamp,21.83472222,81.59722222,01-02-2026 08:00,1.72
256,Andhiyarkhore,CWC,22,Chhattisgarh,650,BEMETARA,NAWAGARH,-,-,Mahanadi,Mahanadi,Seonath,Hamp,Hamp,Hamp,21.83472222,81.59722222,02-02-2026 08:00,1.46
257,Andhiyarkhore,CWC,22,Chhattisgarh,650,BEMETARA,NAWAGARH,-,-,Mahanadi,Mahanadi,Seonath,Hamp,Hamp,Hamp,21.83472222,81.59722222,03-02-2026 08:00,1.39
258,Andhiyarkhore,CWC,22,Chhattisgarh,650,BEMETARA,NAWAGARH,-,-,Mahanadi,Mahanadi,Seonath,Hamp,Hamp,Hamp,21.83472222,81.59722222,04-02-2026 08:00,1.4
259,Andhiyarkhore,CWC,22,Chhattisgarh,650,BEMETARA,NAWAGARH,-,-,Mahanadi,Mahanadi,Seonath,Hamp,Hamp,Hamp,21.83472222,81.59722222,05-02-2026 08:00,1.49
260,Andhiyarkhore,CWC,22,Chhattisgarh,650,BEMETARA,NAWAGARH,-,-,Mahanadi,Mahanadi,Seonath,Hamp,Hamp,Hamp,21.83472222,81.59722222,06-02-2026 08:00,1.95
261,Andhiyarkhore,CWC,22,Chhattisgarh,650,BEMETARA,NAWAGARH,-,-,Mahanadi,Mahanadi,Seonath,Hamp,Hamp,Hamp,21.83472222,81.59722222,07-02-2026 08:00,1.33
262,Andhiyarkhore,CWC,22,Chhattisgarh,650,BEMETARA,NAWAGARH,-,-,Mahanadi,Mahanadi,Seonath,Hamp,Hamp,Hamp,21.83472222,81.59722222,08-02-2026 08:00,1.33
263,Andhiyarkhore,CWC,22,Chhattisgarh,650,BEMETARA,NAWAGARH,-,-,Mahanadi,Mahanadi,Seonath,Hamp,Hamp,Hamp,21.83472222,81.59722222,08-02-2026 08:00,1.33
264,Andhiyarkhore,CWC,22,Chhattisgarh,650,BEMETARA,NAWAGARH,-,-,Mahanadi,Mahanadi,Seonath,Hamp,Hamp,Hamp,21.83472222,81.59722222,09-02-2026 08:00,1.44
265,Andhiyarkhore,CWC,22,Chhattisgarh,650,BEMETARA,NAWAGARH,-,-,Mahanadi,Mahanadi,Seonath,Hamp,Hamp,Hamp,21.83472222,81.59722222,10-02-2026 08:00,1.43
266,Andhiyarkhore,CWC,22,Chhattisgarh,650,BEMETARA,NAWAGARH,-,-,Mahanadi,Mahanadi,Seonath,Hamp,Hamp,Hamp,21.83472222,81.59722222,11-02-2026 08:00,1.21
267,Andhiyarkhore,CWC,22,Chhattisgarh,650,BEMETARA,NAWAGARH,-,-,Mahanadi,Mahanadi,Seonath,Hamp,Hamp,Hamp,21.83472222,81.59722222,12-02-2026 08:00,1.22
268,Andhiyarkhore,CWC,22,Chhattisgarh,650,BEMETARA,NAWAGARH,-,-,Mahanadi,Mahanadi,Seonath,Hamp,Hamp,Hamp,21.83472222,81.59722222,13-02-2026 08:00,1.15
269,Andhiyarkhore,CWC,22,Chhattisgarh,650,BEMETARA,NAWAGARH,-,-,Mahanadi,Mahanadi,Seonath,Hamp,Hamp,Hamp,21.83472222,81.59722222,14-02-2026 08:00,1.15
270,Andhiyarkhore,CWC,22,Chhattisgarh,650,BEMETARA,NAWAGARH,-,-,Mahanadi,Mahanadi,Seonath,Hamp,Hamp,Hamp,21.83472222,81.59722222,15-02-2026 08:00,1.15
271,Andhiyarkhore,CWC,22,Chhattisgarh,650,BEMETARA,NAWAGARH,-,-,Mahanadi,Mahanadi,Seonath,Hamp,Hamp,Hamp,21.83472222,81.59722222,15-02-2026 08:00,1.13
272,Andhiyarkhore,CWC,22,Chhattisgarh,650,BEMETARA,NAWAGARH,-,-,Mahanadi,Mahanadi,Seonath,Hamp,Hamp,Hamp,21.83472222,81.59722222,16-02-2026 08:00,0.987
273,Andhiyarkhore,CWC,22,Chhattisgarh,650,BEMETARA,NAWAGARH,-,-,Mahanadi,Mahanadi,Seonath,Hamp,Hamp,Hamp,21.83472222,81.59722222,17-02-2026 08:00,0.548
274,Andhiyarkhore,CWC,22,Chhattisgarh,650,BEMETARA,NAWAGARH,-,-,Mahanadi,Mahanadi,Seonath,Hamp,Hamp,Hamp,21.83472222,81.59722222,18-02-2026 08:00,0.797
275,Andhiyarkhore,CWC,22,Chhattisgarh,650,BEMETARA,NAWAGARH,-,-,Mahanadi,Mahanadi,Seonath,Hamp,Hamp,Hamp,21.83472222,81.59722222,19-02-2026 08:00,0.76
276,Andhiyarkhore,CWC,22,Chhattisgarh,650,BEMETARA,NAWAGARH,-,-,Mahanadi,Mahanadi,Seonath,Hamp,Hamp,Hamp,21.83472222,81.59722222,20-02-2026 08:00,0.76
277,Andhiyarkhore,CWC,22,Chhattisgarh,650,BEMETARA,NAWAGARH,-,-,Mahanadi,Mahanadi,Seonath,Hamp,Hamp,Hamp,21.83472222,81.59722222,21-02-2026 08:00,0.753
278,Andhiyarkhore,CWC,22,Chhattisgarh,650,BEMETARA,NAWAGARH,-,-,Mahanadi,Mahanadi,Seonath,Hamp,Hamp,Hamp,21.83472222,81.59722222,22-02-2026 08:00,0.753
279,Andhiyarkhore,CWC,22,Chhattisgarh,650,BEMETARA,NAWAGARH,-,-,Mahanadi,Mahanadi,Seonath,Hamp,Hamp,Hamp,21.83472222,81.59722222,22-02-2026 08:00,0.753
280,Andhiyarkhore,CWC,22,Chhattisgarh,650,BEMETARA,NAWAGARH,-,-,Mahanadi,Mahanadi,Seonath,Hamp,Hamp,Hamp,21.83472222,81.59722222,23-02-2026 08:00,0.72
281,Andhiyarkhore,CWC,22,Chhattisgarh,650,BEMETARA,NAWAGARH,-,-,Mahanadi,Mahanadi,Seonath,Hamp,Hamp,Hamp,21.83472222,81.59722222,24-02-2026 08:00,0.698
282,Andhiyarkhore,CWC,22,Chhattisgarh,650,BEMETARA,NAWAGARH,-,-,Mahanadi,Mahanadi,Seonath,Hamp,Hamp,Hamp,21.83472222,81.59722222,25-02-2026 08:00,0.682
283,Andhiyarkhore,CWC,22,Chhattisgarh,650,BEMETARA,NAWAGARH,-,-,Mahanadi,Mahanadi,Seonath,Hamp,Hamp,Hamp,21.83472222,81.59722222,26-02-2026 08:00,0.789
284,Andhiyarkhore,CWC,22,Chhattisgarh,650,BEMETARA,NAWAGARH,-,-,Mahanadi,Mahanadi,Seonath,Hamp,Hamp,Hamp,21.83472222,81.59722222,27-02-2026 08:00,1.09
285,Andhiyarkhore,CWC,22,Chhattisgarh,650,BEMETARA,NAWAGARH,-,-,Mahanadi,Mahanadi,Seonath,Hamp,Hamp,Hamp,21.83472222,81.59722222,28-02-2026 08:00,0.858
286,Andhiyarkhore,CWC,22,Chhattisgarh,650,BEMETARA,NAWAGARH,-,-,Mahanadi,Mahanadi,Seonath,Hamp,Hamp,Hamp,21.83472222,81.59722222,01-03-2026 08:00,0.858
287,Andhiyarkhore,CWC,22,Chhattisgarh,650,BEMETARA,NAWAGARH,-,-,Mahanadi,Mahanadi,Seonath,Hamp,Hamp,Hamp,21.83472222,81.59722222,01-03-2026 08:00,0.858
288,Andhiyarkhore,CWC,22,Chhattisgarh,650,BEMETARA,NAWAGARH,-,-,Mahanadi,Mahanadi,Seonath,Hamp,Hamp,Hamp,21.83472222,81.59722222,02-03-2026 08:00,0.621
289,Andhiyarkhore,CWC,22,Chhattisgarh,650,BEMETARA,NAWAGARH,-,-,Mahanadi,Mahanadi,Seonath,Hamp,Hamp,Hamp,21.83472222,81.59722222,03-03-2026 08:00,0.514
290,Andhiyarkhore,CWC,22,Chhattisgarh,650,BEMETARA,NAWAGARH,-,-,Mahanadi,Mahanadi,Seonath,Hamp,Hamp,Hamp,21.83472222,81.59722222,04-03-2026 08:00,0.514
291,Andhiyarkhore,CWC,22,Chhattisgarh,650,BEMETARA,NAWAGARH,-,-,Mahanadi,Mahanadi,Seonath,Hamp,Hamp,Hamp,21.83472222,81.59722222,04-03-2026 08:00,0.514
292,Andhiyarkhore,CWC,22,Chhattisgarh,650,BEMETARA,NAWAGARH,-,-,Mahanadi,Mahanadi,Seonath,Hamp,Hamp,Hamp,21.83472222,81.59722222,05-03-2026 08:00,0.428
293,Andhiyarkhore,CWC,22,Chhattisgarh,650,BEMETARA,NAWAGARH,-,-,Mahanadi,Mahanadi,Seonath,Hamp,Hamp,Hamp,21.83472222,81.59722222,06-03-2026 08:00,0.494
294,Andhiyarkhore,CWC,22,Chhattisgarh,650,BEMETARA,NAWAGARH,-,-,Mahanadi,Mahanadi,Seonath,Hamp,Hamp,Hamp,21.83472222,81.59722222,07-03-2026 08:00,0.382
295,Andhiyarkhore,CWC,22,Chhattisgarh,650,BEMETARA,NAWAGARH,-,-,Mahanadi,Mahanadi,Seonath,Hamp,Hamp,Hamp,21.83472222,81.59722222,08-03-2026 08:00,0.382
296,Andhiyarkhore,CWC,22,Chhattisgarh,650,BEMETARA,NAWAGARH,-,-,Mahanadi,Mahanadi,Seonath,Hamp,Hamp,Hamp,21.83472222,81.59722222,08-03-2026 08:00,0.382
297,Andhiyarkhore,CWC,22,Chhattisgarh,650,BEMETARA,NAWAGARH,-,-,Mahanadi,Mahanadi,Seonath,Hamp,Hamp,Hamp,21.83472222,81.59722222,09-03-2026 08:00,0.386
298,Andhiyarkhore,CWC,22,Chhattisgarh,650,BEMETARA,NAWAGARH,-,-,Mahanadi,Mahanadi,Seonath,Hamp,Hamp,Hamp,21.83472222,81.59722222,10-03-2026 08:00,0.446
299,Andhiyarkhore,CWC,22,Chhattisgarh,650,BEMETARA,NAWAGARH,-,-,Mahanadi,Mahanadi,Seonath,Hamp,Hamp,Hamp,21.83472222,81.59722222,11-03-2026 08:00,0
300,Andhiyarkhore,CWC,22,Chhattisgarh,650,BEMETARA,NAWAGARH,-,-,Mahanadi,Mahanadi,Seonath,Hamp,Hamp,Hamp,21.83472222,81.59722222,11-03-2026 08:00,0.429
301,Andhiyarkhore,CWC,22,Chhattisgarh,650,BEMETARA,NAWAGARH,-,-,Mahanadi,Mahanadi,Seonath,Hamp,Hamp,Hamp,21.83472222,81.59722222,12-03-2026 08:00,0
302,Andhiyarkhore,CWC,22,Chhattisgarh,650,BEMETARA,NAWAGARH,-,-,Mahanadi,Mahanadi,Seonath,Hamp,Hamp,Hamp,21.83472222,81.59722222,12-03-2026 08:00,0.356
303,Andhiyarkhore,CWC,22,Chhattisgarh,650,BEMETARA,NAWAGARH,-,-,Mahanadi,Mahanadi,Seonath,Hamp,Hamp,Hamp,21.83472222,81.59722222,13-03-2026 08:00,0
304,Andhiyarkhore,CWC,22,Chhattisgarh,650,BEMETARA,NAWAGARH,-,-,Mahanadi,Mahanadi,Seonath,Hamp,Hamp,Hamp,21.83472222,81.59722222,13-03-2026 08:00,0.276
305,Andhiyarkhore,CWC,22,Chhattisgarh,650,BEMETARA,NAWAGARH,-,-,Mahanadi,Mahanadi,Seonath,Hamp,Hamp,Hamp,21.83472222,81.59722222,14-03-2026 08:00,0.243
306,Andhiyarkhore,CWC,22,Chhattisgarh,650,BEMETARA,NAWAGARH,-,-,Mahanadi,Mahanadi,Seonath,Hamp,Hamp,Hamp,21.83472222,81.59722222,14-03-2026 08:00,0
307,Andhiyarkhore,CWC,22,Chhattisgarh,650,BEMETARA,NAWAGARH,-,-,Mahanadi,Mahanadi,Seonath,Hamp,Hamp,Hamp,21.83472222,81.59722222,15-03-2026 08:00,0.243
308,Andhiyarkhore,CWC,22,Chhattisgarh,650,BEMETARA,NAWAGARH,-,-,Mahanadi,Mahanadi,Seonath,Hamp,Hamp,Hamp,21.83472222,81.59722222,15-03-2026 08:00,0.243
309,Andhiyarkhore,CWC,22,Chhattisgarh,650,BEMETARA,NAWAGARH,-,-,Mahanadi,Mahanadi,Seonath,Hamp,Hamp,Hamp,21.83472222,81.59722222,16-03-2026 08:00,0
310,Andhiyarkhore,CWC,22,Chhattisgarh,650,BEMETARA,NAWAGARH,-,-,Mahanadi,Mahanadi,Seonath,Hamp,Hamp,Hamp,21.83472222,81.59722222,16-03-2026 08:00,0
311,Andhiyarkhore,CWC,22,Chhattisgarh,650,BEMETARA,NAWAGARH,-,-,Mahanadi,Mahanadi,Seonath,Hamp,Hamp,Hamp,21.83472222,81.59722222,17-03-2026 08:00,0
312,Andhiyarkhore,CWC,22,Chhattisgarh,650,BEMETARA,NAWAGARH,-,-,Mahanadi,Mahanadi,Seonath,Hamp,Hamp,Hamp,21.83472222,81.59722222,17-03-2026 08:00,0
313,Andhiyarkhore,CWC,22,Chhattisgarh,650,BEMETARA,NAWAGARH,-,-,Mahanadi,Mahanadi,Seonath,Hamp,Hamp,Hamp,21.83472222,81.59722222,18-03-2026 08:00,0
314,Andhiyarkhore,CWC,22,Chhattisgarh,650,BEMETARA,NAWAGARH,-,-,Mahanadi,Mahanadi,Seonath,Hamp,Hamp,Hamp,21.83472222,81.59722222,18-03-2026 08:00,0
315,Andhiyarkhore,CWC,22,Chhattisgarh,650,BEMETARA,NAWAGARH,-,-,Mahanadi,Mahanadi,Seonath,Hamp,Hamp,Hamp,21.83472222,81.59722222,19-03-2026 08:00,0
316,Andhiyarkhore,CWC,22,Chhattisgarh,650,BEMETARA,NAWAGARH,-,-,Mahanadi,Mahanadi,Seonath,Hamp,Hamp,Hamp,21.83472222,81.59722222,19-03-2026 08:00,0
317,Andhiyarkhore,CWC,22,Chhattisgarh,650,BEMETARA,NAWAGARH,-,-,Mahanadi,Mahanadi,Seonath,Hamp,Hamp,Hamp,21.83472222,81.59722222,20-03-2026 08:00,0
318,Andhiyarkhore,CWC,22,Chhattisgarh,650,BEMETARA,NAWAGARH,-,-,Mahanadi,Mahanadi,Seonath,Hamp,Hamp,Hamp,21.83472222,81.59722222,20-03-2026 08:00,0
319,Andhiyarkhore,CWC,22,Chhattisgarh,650,BEMETARA,NAWAGARH,-,-,Mahanadi,Mahanadi,Seonath,Hamp,Hamp,Hamp,21.83472222,81.59722222,21-03-2026 08:00,0
320,Andhiyarkhore,CWC,22,Chhattisgarh,650,BEMETARA,NAWAGARH,-,-,Mahanadi,Mahanadi,Seonath,Hamp,Hamp,Hamp,21.83472222,81.59722222,21-03-2026 08:00,0
321,Andhiyarkhore,CWC,22,Chhattisgarh,650,BEMETARA,NAWAGARH,-,-,Mahanadi,Mahanadi,Seonath,Hamp,Hamp,Hamp,21.83472222,81.59722222,22-03-2026 08:00,0
322,Andhiyarkhore,CWC,22,Chhattisgarh,650,BEMETARA,NAWAGARH,-,-,Mahanadi,Mahanadi,Seonath,Hamp,Hamp,Hamp,21.83472222,81.59722222,22-03-2026 08:00,0
323,Andhiyarkhore,CWC,22,Chhattisgarh,650,BEMETARA,NAWAGARH,-,-,Mahanadi,Mahanadi,Seonath,Hamp,Hamp,Hamp,21.83472222,81.59722222,23-03-2026 08:00,0
324,Andhiyarkhore,CWC,22,Chhattisgarh,650,BEMETARA,NAWAGARH,-,-,Mahanadi,Mahanadi,Seonath,Hamp,Hamp,Hamp,21.83472222,81.59722222,23-03-2026 08:00,0
325,Andhiyarkhore,CWC,22,Chhattisgarh,650,BEMETARA,NAWAGARH,-,-,Mahanadi,Mahanadi,Seonath,Hamp,Hamp,Hamp,21.83472222,81.59722222,24-03-2026 08:00,0
326,Andhiyarkhore,CWC,22,Chhattisgarh,650,BEMETARA,NAWAGARH,-,-,Mahanadi,Mahanadi,Seonath,Hamp,Hamp,Hamp,21.83472222,81.59722222,24-03-2026 08:00,0
327,Andhiyarkhore,CWC,22,Chhattisgarh,650,BEMETARA,NAWAGARH,-,-,Mahanadi,Mahanadi,Seonath,Hamp,Hamp,Hamp,21.83472222,81.59722222,25-03-2026 08:00,0
328,Andhiyarkhore,CWC,22,Chhattisgarh,650,BEMETARA,NAWAGARH,-,-,Mahanadi,Mahanadi,Seonath,Hamp,Hamp,Hamp,21.83472222,81.59722222,25-03-2026 08:00,0
329,Andhiyarkhore,CWC,22,Chhattisgarh,650,BEMETARA,NAWAGARH,-,-,Mahanadi,Mahanadi,Seonath,Hamp,Hamp,Hamp,21.83472222,81.59722222,26-03-2026 08:00,0
330,Andhiyarkhore,CWC,22,Chhattisgarh,650,BEMETARA,NAWAGARH,-,-,Mahanadi,Mahanadi,Seonath,Hamp,Hamp,Hamp,21.83472222,81.59722222,26-03-2026 08:00,0
331,Andhiyarkhore,CWC,22,Chhattisgarh,650,BEMETARA,NAWAGARH,-,-,Mahanadi,Mahanadi,Seonath,Hamp,Hamp,Hamp,21.83472222,81.59722222,27-03-2026 08:00,0
332,Andhiyarkhore,CWC,22,Chhattisgarh,650,BEMETARA,NAWAGARH,-,-,Mahanadi,Mahanadi,Seonath,Hamp,Hamp,Hamp,21.83472222,81.59722222,27-03-2026 08:00,0
333,Andhiyarkhore,CWC,22,Chhattisgarh,650,BEMETARA,NAWAGARH,-,-,Mahanadi,Mahanadi,Seonath,Hamp,Hamp,Hamp,21.83472222,81.59722222,28-03-2026 08:00,0
334,Andhiyarkhore,CWC,22,Chhattisgarh,650,BEMETARA,NAWAGARH,-,-,Mahanadi,Mahanadi,Seonath,Hamp,Hamp,Hamp,21.83472222,81.59722222,28-03-2026 08:00,0
335,Andhiyarkhore,CWC,22,Chhattisgarh,650,BEMETARA,NAWAGARH,-,-,Mahanadi,Mahanadi,Seonath,Hamp,Hamp,Hamp,21.83472222,81.59722222,29-03-2026 08:00,0
336,Andhiyarkhore,CWC,22,Chhattisgarh,650,BEMETARA,NAWAGARH,-,-,Mahanadi,Mahanadi,Seonath,Hamp,Hamp,Hamp,21.83472222,81.59722222,29-03-2026 08:00,0
337,Andhiyarkhore,CWC,22,Chhattisgarh,650,BEMETARA,NAWAGARH,-,-,Mahanadi,Mahanadi,Seonath,Hamp,Hamp,Hamp,21.83472222,81.59722222,30-03-2026 08:00,0
338,Andhiyarkhore,CWC,22,Chhattisgarh,650,BEMETARA,NAWAGARH,-,-,Mahanadi,Mahanadi,Seonath,Hamp,Hamp,Hamp,21.83472222,81.59722222,30-03-2026 08:00,0
339,Andhiyarkhore,CWC,22,Chhattisgarh,650,BEMETARA,NAWAGARH,-,-,Mahanadi,Mahanadi,Seonath,Hamp,Hamp,Hamp,21.83472222,81.59722222,31-03-2026 08:00,0
340,Andhiyarkhore,CWC,22,Chhattisgarh,650,BEMETARA,NAWAGARH,-,-,Mahanadi,Mahanadi,Seonath,Hamp,Hamp,Hamp,21.83472222,81.59722222,31-03-2026 08:00,0
341,Andhiyarkhore,CWC,22,Chhattisgarh,650,BEMETARA,NAWAGARH,-,-,Mahanadi,Mahanadi,Seonath,Hamp,Hamp,Hamp,21.83472222,81.59722222,01-04-2026 08:00,0
342,Andhiyarkhore,CWC,22,Chhattisgarh,650,BEMETARA,NAWAGARH,-,-,Mahanadi,Mahanadi,Seonath,Hamp,Hamp,Hamp,21.83472222,81.59722222,01-04-2026 08:00,0
343,Andhiyarkhore,CWC,22,Chhattisgarh,650,BEMETARA,NAWAGARH,-,-,Mahanadi,Mahanadi,Seonath,Hamp,Hamp,Hamp,21.83472222,81.59722222,02-04-2026 08:00,0
344,Andhiyarkhore,CWC,22,Chhattisgarh,650,BEMETARA,NAWAGARH,-,-,Mahanadi,Mahanadi,Seonath,Hamp,Hamp,Hamp,21.83472222,81.59722222,02-04-2026 08:00,0
345,Andhiyarkhore,CWC,22,Chhattisgarh,650,BEMETARA,NAWAGARH,-,-,Mahanadi,Mahanadi,Seonath,Hamp,Hamp,Hamp,21.83472222,81.59722222,03-04-2026 08:00,0
346,Andhiyarkhore,CWC,22,Chhattisgarh,650,BEMETARA,NAWAGARH,-,-,Mahanadi,Mahanadi,Seonath,Hamp,Hamp,Hamp,21.83472222,81.59722222,03-04-2026 08:00,0
347,Andhiyarkhore,CWC,22,Chhattisgarh,650,BEMETARA,NAWAGARH,-,-,Mahanadi,Mahanadi,Seonath,Hamp,Hamp,Hamp,21.83472222,81.59722222,04-04-2026 08:00,0
348,Andhiyarkhore,CWC,22,Chhattisgarh,650,BEMETARA,NAWAGARH,-,-,Mahanadi,Mahanadi,Seonath,Hamp,Hamp,Hamp,21.83472222,81.59722222,04-04-2026 08:00,0
349,Andhiyarkhore,CWC,22,Chhattisgarh,650,BEMETARA,NAWAGARH,-,-,Mahanadi,Mahanadi,Seonath,Hamp,Hamp,Hamp,21.83472222,81.59722222,05-04-2026 08:00,0
350,Andhiyarkhore,CWC,22,Chhattisgarh,650,BEMETARA,NAWAGARH,-,-,Mahanadi,Mahanadi,Seonath,Hamp,Hamp,Hamp,21.83472222,81.59722222,05-04-2026 08:00,0
351,Andhiyarkhore,CWC,22,Chhattisgarh,650,BEMETARA,NAWAGARH,-,-,Mahanadi,Mahanadi,Seonath,Hamp,Hamp,Hamp,21.83472222,81.59722222,06-04-2026 08:00,0
352,Andhiyarkhore,CWC,22,Chhattisgarh,650,BEMETARA,NAWAGARH,-,-,Mahanadi,Mahanadi,Seonath,Hamp,Hamp,Hamp,21.83472222,81.59722222,06-04-2026 08:00,0
353,Andhiyarkhore,CWC,22,Chhattisgarh,650,BEMETARA,NAWAGARH,-,-,Mahanadi,Mahanadi,Seonath,Hamp,Hamp,Hamp,21.83472222,81.59722222,07-04-2026 08:00,0
354,Andhiyarkhore,CWC,22,Chhattisgarh,650,BEMETARA,NAWAGARH,-,-,Mahanadi,Mahanadi,Seonath,Hamp,Hamp,Hamp,21.83472222,81.59722222,07-04-2026 08:00,0
355,Andhiyarkhore,CWC,22,Chhattisgarh,650,BEMETARA,NAWAGARH,-,-,Mahanadi,Mahanadi,Seonath,Hamp,Hamp,Hamp,21.83472222,81.59722222,08-04-2026 08:00,0
356,Andhiyarkhore,CWC,22,Chhattisgarh,650,BEMETARA,NAWAGARH,-,-,Mahanadi,Mahanadi,Seonath,Hamp,Hamp,Hamp,21.83472222,81.59722222,08-04-2026 08:00,0
357,Andhiyarkhore,CWC,22,Chhattisgarh,650,BEMETARA,NAWAGARH,-,-,Mahanadi,Mahanadi,Seonath,Hamp,Hamp,Hamp,21.83472222,81.59722222,09-04-2026 08:00,0
358,Andhiyarkhore,CWC,22,Chhattisgarh,650,BEMETARA,NAWAGARH,-,-,Mahanadi,Mahanadi,Seonath,Hamp,Hamp,Hamp,21.83472222,81.59722222,09-04-2026 08:00,0
359,Andhiyarkhore,CWC,22,Chhattisgarh,650,BEMETARA,NAWAGARH,-,-,Mahanadi,Mahanadi,Seonath,Hamp,Hamp,Hamp,21.83472222,81.59722222,10-04-2026 08:00,0
360,Andhiyarkhore,CWC,22,Chhattisgarh,650,BEMETARA,NAWAGARH,-,-,Mahanadi,Mahanadi,Seonath,Hamp,Hamp,Hamp,21.83472222,81.59722222,10-04-2026 08:00,0
361,Andhiyarkhore,CWC,22,Chhattisgarh,650,BEMETARA,NAWAGARH,-,-,Mahanadi,Mahanadi,Seonath,Hamp,Hamp,Hamp,21.83472222,81.59722222,11-04-2026 08:00,0
362,Andhiyarkhore,CWC,22,Chhattisgarh,650,BEMETARA,NAWAGARH,-,-,Mahanadi,Mahanadi,Seonath,Hamp,Hamp,Hamp,21.83472222,81.59722222,11-04-2026 08:00,0
363,Andhiyarkhore,CWC,22,Chhattisgarh,650,BEMETARA,NAWAGARH,-,-,Mahanadi,Mahanadi,Seonath,Hamp,Hamp,Hamp,21.83472222,81.59722222,12-04-2026 08:00,0
364,Andhiyarkhore,CWC,22,Chhattisgarh,650,BEMETARA,NAWAGARH,-,-,Mahanadi,Mahanadi,Seonath,Hamp,Hamp,Hamp,21.83472222,81.59722222,12-04-2026 08:00,0
365,Andhiyarkhore,CWC,22,Chhattisgarh,650,BEMETARA,NAWAGARH,-,-,Mahanadi,Mahanadi,Seonath,Hamp,Hamp,Hamp,21.83472222,81.59722222,13-04-2026 08:00,0
366,Andhiyarkhore,CWC,22,Chhattisgarh,650,BEMETARA,NAWAGARH,-,-,Mahanadi,Mahanadi,Seonath,Hamp,Hamp,Hamp,21.83472222,81.59722222,13-04-2026 08:00,0
367,Andhiyarkhore,CWC,22,Chhattisgarh,650,BEMETARA,NAWAGARH,-,-,Mahanadi,Mahanadi,Seonath,Hamp,Hamp,Hamp,21.83472222,81.59722222,14-04-2026 08:00,0
368,Andhiyarkhore,CWC,22,Chhattisgarh,650,BEMETARA,NAWAGARH,-,-,Mahanadi,Mahanadi,Seonath,Hamp,Hamp,Hamp,21.83472222,81.59722222,14-04-2026 08:00,0
369,Andhiyarkhore,CWC,22,Chhattisgarh,650,BEMETARA,NAWAGARH,-,-,Mahanadi,Mahanadi,Seonath,Hamp,Hamp,Hamp,21.83472222,81.59722222,15-04-2026 08:00,0
370,Andhiyarkhore,CWC,22,Chhattisgarh,650,BEMETARA,NAWAGARH,-,-,Mahanadi,Mahanadi,Seonath,Hamp,Hamp,Hamp,21.83472222,81.59722222,15-04-2026 08:00,0
371,Andhiyarkhore,CWC,22,Chhattisgarh,650,BEMETARA,NAWAGARH,-,-,Mahanadi,Mahanadi,Seonath,Hamp,Hamp,Hamp,21.83472222,81.59722222,16-04-2026 08:00,0
372,Andhiyarkhore,CWC,22,Chhattisgarh,650,BEMETARA,NAWAGARH,-,-,Mahanadi,Mahanadi,Seonath,Hamp,Hamp,Hamp,21.83472222,81.59722222,16-04-2026 08:00,0
373,Andhiyarkhore,CWC,22,Chhattisgarh,650,BEMETARA,NAWAGARH,-,-,Mahanadi,Mahanadi,Seonath,Hamp,Hamp,Hamp,21.83472222,81.59722222,17-04-2026 08:00,0
374,Andhiyarkhore,CWC,22,Chhattisgarh,650,BEMETARA,NAWAGARH,-,-,Mahanadi,Mahanadi,Seonath,Hamp,Hamp,Hamp,21.83472222,81.59722222,17-04-2026 08:00,0
375,Andhiyarkhore,CWC,22,Chhattisgarh,650,BEMETARA,NAWAGARH,-,-,Mahanadi,Mahanadi,Seonath,Hamp,Hamp,Hamp,21.83472222,81.59722222,18-04-2026 08:00,0
376,Andhiyarkhore,CWC,22,Chhattisgarh,650,BEMETARA,NAWAGARH,-,-,Mahanadi,Mahanadi,Seonath,Hamp,Hamp,Hamp,21.83472222,81.59722222,18-04-2026 08:00,0
377,Andhiyarkhore,CWC,22,Chhattisgarh,650,BEMETARA,NAWAGARH,-,-,Mahanadi,Mahanadi,Seonath,Hamp,Hamp,Hamp,21.83472222,81.59722222,19-04-2026 08:00,0
378,Andhiyarkhore,CWC,22,Chhattisgarh,650,BEMETARA,NAWAGARH,-,-,Mahanadi,Mahanadi,Seonath,Hamp,Hamp,Hamp,21.83472222,81.59722222,19-04-2026 08:00,0
379,Andhiyarkhore,CWC,22,Chhattisgarh,650,BEMETARA,NAWAGARH,-,-,Mahanadi,Mahanadi,Seonath,Hamp,Hamp,Hamp,21.83472222,81.59722222,20-04-2026 08:00,0
380,Andhiyarkhore,CWC,22,Chhattisgarh,650,BEMETARA,NAWAGARH,-,-,Mahanadi,Mahanadi,Seonath,Hamp,Hamp,Hamp,21.83472222,81.59722222,20-04-2026 08:00,0
381,Andhiyarkhore,CWC,22,Chhattisgarh,650,BEMETARA,NAWAGARH,-,-,Mahanadi,Mahanadi,Seonath,Hamp,Hamp,Hamp,21.83472222,81.59722222,21-04-2026 08:00,0
382,Andhiyarkhore,CWC,22,Chhattisgarh,650,BEMETARA,NAWAGARH,-,-,Mahanadi,Mahanadi,Seonath,Hamp,Hamp,Hamp,21.83472222,81.59722222,21-04-2026 08:00,0
383,Andhiyarkhore,CWC,22,Chhattisgarh,650,BEMETARA,NAWAGARH,-,-,Mahanadi,Mahanadi,Seonath,Hamp,Hamp,Hamp,21.83472222,81.59722222,22-04-2026 08:00,0
384,Andhiyarkhore,CWC,22,Chhattisgarh,650,BEMETARA,NAWAGARH,-,-,Mahanadi,Mahanadi,Seonath,Hamp,Hamp,Hamp,21.83472222,81.59722222,22-04-2026 08:00,0
385,Andhiyarkhore,CWC,22,Chhattisgarh,650,BEMETARA,NAWAGARH,-,-,Mahanadi,Mahanadi,Seonath,Hamp,Hamp,Hamp,21.83472222,81.59722222,23-04-2026 08:00,0
386,Andhiyarkhore,CWC,22,Chhattisgarh,650,BEMETARA,NAWAGARH,-,-,Mahanadi,Mahanadi,Seonath,Hamp,Hamp,Hamp,21.83472222,81.59722222,23-04-2026 08:00,0
387,Andhiyarkhore,CWC,22,Chhattisgarh,650,BEMETARA,NAWAGARH,-,-,Mahanadi,Mahanadi,Seonath,Hamp,Hamp,Hamp,21.83472222,81.59722222,24-04-2026 08:00,0
388,Andhiyarkhore,CWC,22,Chhattisgarh,650,BEMETARA,NAWAGARH,-,-,Mahanadi,Mahanadi,Seonath,Hamp,Hamp,Hamp,21.83472222,81.59722222,24-04-2026 08:00,0
389,Andhiyarkhore,CWC,22,Chhattisgarh,650,BEMETARA,NAWAGARH,-,-,Mahanadi,Mahanadi,Seonath,Hamp,Hamp,Hamp,21.83472222,81.59722222,25-04-2026 08:00,0
390,Andhiyarkhore,CWC,22,Chhattisgarh,650,BEMETARA,NAWAGARH,-,-,Mahanadi,Mahanadi,Seonath,Hamp,Hamp,Hamp,21.83472222,81.59722222,25-04-2026 08:00,0
391,Andhiyarkhore,CWC,22,Chhattisgarh,650,BEMETARA,NAWAGARH,-,-,Mahanadi,Mahanadi,Seonath,Hamp,Hamp,Hamp,21.83472222,81.59722222,26-04-2026 08:00,0
392,Andhiyarkhore,CWC,22,Chhattisgarh,650,BEMETARA,NAWAGARH,-,-,Mahanadi,Mahanadi,Seonath,Hamp,Hamp,Hamp,21.83472222,81.59722222,26-04-2026 08:00,0
393,Andhiyarkhore,CWC,22,Chhattisgarh,650,BEMETARA,NAWAGARH,-,-,Mahanadi,Mahanadi,Seonath,Hamp,Hamp,Hamp,21.83472222,81.59722222,27-04-2026 08:00,0
394,Andhiyarkhore,CWC,22,Chhattisgarh,650,BEMETARA,NAWAGARH,-,-,Mahanadi,Mahanadi,Seonath,Hamp,Hamp,Hamp,21.83472222,81.59722222,27-04-2026 08:00,0
395,Andhiyarkhore,CWC,22,Chhattisgarh,650,BEMETARA,NAWAGARH,-,-,Mahanadi,Mahanadi,Seonath,Hamp,Hamp,Hamp,21.83472222,81.59722222,28-04-2026 08:00,0
396,Andhiyarkhore,CWC,22,Chhattisgarh,650,BEMETARA,NAWAGARH,-,-,Mahanadi,Mahanadi,Seonath,Hamp,Hamp,Hamp,21.83472222,81.59722222,28-04-2026 08:00,0
397,Andhiyarkhore,CWC,22,Chhattisgarh,650,BEMETARA,NAWAGARH,-,-,Mahanadi,Mahanadi,Seonath,Hamp,Hamp,Hamp,21.83472222,81.59722222,29-04-2026 08:00,0
398,Andhiyarkhore,CWC,22,Chhattisgarh,650,BEMETARA,NAWAGARH,-,-,Mahanadi,Mahanadi,Seonath,Hamp,Hamp,Hamp,21.83472222,81.59722222,29-04-2026 08:00,0
399,Andhiyarkhore,CWC,22,Chhattisgarh,650,BEMETARA,NAWAGARH,-,-,Mahanadi,Mahanadi,Seonath,Hamp,Hamp,Hamp,21.83472222,81.59722222,30-04-2026 08:00,0
400,Andhiyarkhore,CWC,22,Chhattisgarh,650,BEMETARA,NAWAGARH,-,-,Mahanadi,Mahanadi,Seonath,Hamp,Hamp,Hamp,21.83472222,81.59722222,30-04-2026 08:00,0
401,Andhiyarkhore,CWC,22,Chhattisgarh,650,BEMETARA,NAWAGARH,-,-,Mahanadi,Mahanadi,Seonath,Hamp,Hamp,Hamp,21.83472222,81.59722222,01-05-2026 08:00,0
402,Andhiyarkhore,CWC,22,Chhattisgarh,650,BEMETARA,NAWAGARH,-,-,Mahanadi,Mahanadi,Seonath,Hamp,Hamp,Hamp,21.83472222,81.59722222,02-05-2026 08:00,0
403,Andhiyarkhore,CWC,22,Chhattisgarh,650,BEMETARA,NAWAGARH,-,-,Mahanadi,Mahanadi,Seonath,Hamp,Hamp,Hamp,21.83472222,81.59722222,03-05-2026 08:00,0
404,Andhiyarkhore,CWC,22,Chhattisgarh,650,BEMETARA,NAWAGARH,-,-,Mahanadi,Mahanadi,Seonath,Hamp,Hamp,Hamp,21.83472222,81.59722222,04-05-2026 08:00,0
405,Andhiyarkhore,CWC,22,Chhattisgarh,650,BEMETARA,NAWAGARH,-,-,Mahanadi,Mahanadi,Seonath,Hamp,Hamp,Hamp,21.83472222,81.59722222,05-05-2026 08:00,0
406,Andhiyarkhore,CWC,22,Chhattisgarh,650,BEMETARA,NAWAGARH,-,-,Mahanadi,Mahanadi,Seonath,Hamp,Hamp,Hamp,21.83472222,81.59722222,06-05-2026 08:00,0
407,Andhiyarkhore,CWC,22,Chhattisgarh,650,BEMETARA,NAWAGARH,-,-,Mahanadi,Mahanadi,Seonath,Hamp,Hamp,Hamp,21.83472222,81.59722222,07-05-2026 08:00,0
408,Andhiyarkhore,CWC,22,Chhattisgarh,650,BEMETARA,NAWAGARH,-,-,Mahanadi,Mahanadi,Seonath,Hamp,Hamp,Hamp,21.83472222,81.59722222,08-05-2026 08:00,0
409,Andhiyarkhore,CWC,22,Chhattisgarh,650,BEMETARA,NAWAGARH,-,-,Mahanadi,Mahanadi,Seonath,Hamp,Hamp,Hamp,21.83472222,81.59722222,09-05-2026 08:00,0
410,Andhiyarkhore,CWC,22,Chhattisgarh,650,BEMETARA,NAWAGARH,-,-,Mahanadi,Mahanadi,Seonath,Hamp,Hamp,Hamp,21.83472222,81.59722222,10-05-2026 08:00,0
411,Andhiyarkhore,CWC,22,Chhattisgarh,650,BEMETARA,NAWAGARH,-,-,Mahanadi,Mahanadi,Seonath,Hamp,Hamp,Hamp,21.83472222,81.59722222,11-05-2026 08:00,0
412,Andhiyarkhore,CWC,22,Chhattisgarh,650,BEMETARA,NAWAGARH,-,-,Mahanadi,Mahanadi,Seonath,Hamp,Hamp,Hamp,21.83472222,81.59722222,12-05-2026 08:00,0
413,Andhiyarkhore,CWC,22,Chhattisgarh,650,BEMETARA,NAWAGARH,-,-,Mahanadi,Mahanadi,Seonath,Hamp,Hamp,Hamp,21.83472222,81.59722222,13-05-2026 08:00,0
414,Andhiyarkhore,CWC,22,Chhattisgarh,650,BEMETARA,NAWAGARH,-,-,Mahanadi,Mahanadi,Seonath,Hamp,Hamp,Hamp,21.83472222,81.59722222,14-05-2026 08:00,0
415,Andhiyarkhore,CWC,22,Chhattisgarh,650,BEMETARA,NAWAGARH,-,-,Mahanadi,Mahanadi,Seonath,Hamp,Hamp,Hamp,21.83472222,81.59722222,15-05-2026 08:00,0
416,Andhiyarkhore,CWC,22,Chhattisgarh,650,BEMETARA,NAWAGARH,-,-,Mahanadi,Mahanadi,Seonath,Hamp,Hamp,Hamp,21.83472222,81.59722222,16-05-2026 08:00,0
417,Andhiyarkhore,CWC,22,Chhattisgarh,650,BEMETARA,NAWAGARH,-,-,Mahanadi,Mahanadi,Seonath,Hamp,Hamp,Hamp,21.83472222,81.59722222,17-05-2026 08:00,0
418,Andhiyarkhore,CWC,22,Chhattisgarh,650,BEMETARA,NAWAGARH,-,-,Mahanadi,Mahanadi,Seonath,Hamp,Hamp,Hamp,21.83472222,81.59722222,17-05-2026 08:00,0
419,Andhiyarkhore,CWC,22,Chhattisgarh,650,BEMETARA,NAWAGARH,-,-,Mahanadi,Mahanadi,Seonath,Hamp,Hamp,Hamp,21.83472222,81.59722222,18-05-2026 08:00,0
420,Andhiyarkhore,CWC,22,Chhattisgarh,650,BEMETARA,NAWAGARH,-,-,Mahanadi,Mahanadi,Seonath,Hamp,Hamp,Hamp,21.83472222,81.59722222,18-05-2026 08:00,0
421,Andhiyarkhore,CWC,22,Chhattisgarh,650,BEMETARA,NAWAGARH,-,-,Mahanadi,Mahanadi,Seonath,Hamp,Hamp,Hamp,21.83472222,81.59722222,19-05-2026 08:00,0
422,Andhiyarkhore,CWC,22,Chhattisgarh,650,BEMETARA,NAWAGARH,-,-,Mahanadi,Mahanadi,Seonath,Hamp,Hamp,Hamp,21.83472222,81.59722222,19-05-2026 08:00,0
423,Andhiyarkhore,CWC,22,Chhattisgarh,650,BEMETARA,NAWAGARH,-,-,Mahanadi,Mahanadi,Seonath,Hamp,Hamp,Hamp,21.83472222,81.59722222,20-05-2026 08:00,0
424,Andhiyarkhore,CWC,22,Chhattisgarh,650,BEMETARA,NAWAGARH,-,-,Mahanadi,Mahanadi,Seonath,Hamp,Hamp,Hamp,21.83472222,81.59722222,20-05-2026 08:00,0
425,Andhiyarkhore,CWC,22,Chhattisgarh,650,BEMETARA,NAWAGARH,-,-,Mahanadi,Mahanadi,Seonath,Hamp,Hamp,Hamp,21.83472222,81.59722222,21-05-2026 08:00,0
426,Andhiyarkhore,CWC,22,Chhattisgarh,650,BEMETARA,NAWAGARH,-,-,Mahanadi,Mahanadi,Seonath,Hamp,Hamp,Hamp,21.83472222,81.59722222,21-05-2026 08:00,0
427,Andhiyarkhore,CWC,22,Chhattisgarh,650,BEMETARA,NAWAGARH,-,-,Mahanadi,Mahanadi,Seonath,Hamp,Hamp,Hamp,21.83472222,81.59722222,22-05-2026 08:00,0
428,Andhiyarkhore,CWC,22,Chhattisgarh,650,BEMETARA,NAWAGARH,-,-,Mahanadi,Mahanadi,Seonath,Hamp,Hamp,Hamp,21.83472222,81.59722222,22-05-2026 08:00,0
429,Andhiyarkhore,CWC,22,Chhattisgarh,650,BEMETARA,NAWAGARH,-,-,Mahanadi,Mahanadi,Seonath,Hamp,Hamp,Hamp,21.83472222,81.59722222,23-05-2026 08:00,0
430,Andhiyarkhore,CWC,22,Chhattisgarh,650,BEMETARA,NAWAGARH,-,-,Mahanadi,Mahanadi,Seonath,Hamp,Hamp,Hamp,21.83472222,81.59722222,23-05-2026 08:00,0
431,Andhiyarkhore,CWC,22,Chhattisgarh,650,BEMETARA,NAWAGARH,-,-,Mahanadi,Mahanadi,Seonath,Hamp,Hamp,Hamp,21.83472222,81.59722222,24-05-2026 08:00,0
432,Andhiyarkhore,CWC,22,Chhattisgarh,650,BEMETARA,NAWAGARH,-,-,Mahanadi,Mahanadi,Seonath,Hamp,Hamp,Hamp,21.83472222,81.59722222,24-05-2026 08:00,0
433,Andhiyarkhore,CWC,22,Chhattisgarh,650,BEMETARA,NAWAGARH,-,-,Mahanadi,Mahanadi,Seonath,Hamp,Hamp,Hamp,21.83472222,81.59722222,25-05-2026 08:00,0
434,Andhiyarkhore,CWC,22,Chhattisgarh,650,BEMETARA,NAWAGARH,-,-,Mahanadi,Mahanadi,Seonath,Hamp,Hamp,Hamp,21.83472222,81.59722222,25-05-2026 08:00,0
435,Andhiyarkhore,CWC,22,Chhattisgarh,650,BEMETARA,NAWAGARH,-,-,Mahanadi,Mahanadi,Seonath,Hamp,Hamp,Hamp,21.83472222,81.59722222,26-05-2026 08:00,0
436,Andhiyarkhore,CWC,22,Chhattisgarh,650,BEMETARA,NAWAGARH,-,-,Mahanadi,Mahanadi,Seonath,Hamp,Hamp,Hamp,21.83472222,81.59722222,26-05-2026 08:00,0
437,Andhiyarkhore,CWC,22,Chhattisgarh,650,BEMETARA,NAWAGARH,-,-,Mahanadi,Mahanadi,Seonath,Hamp,Hamp,Hamp,21.83472222,81.59722222,27-05-2026 08:00,0
438,Andhiyarkhore,CWC,22,Chhattisgarh,650,BEMETARA,NAWAGARH,-,-,Mahanadi,Mahanadi,Seonath,Hamp,Hamp,Hamp,21.83472222,81.59722222,28-05-2026 08:00,0
439,Andhiyarkhore,CWC,22,Chhattisgarh,650,BEMETARA,NAWAGARH,-,-,Mahanadi,Mahanadi,Seonath,Hamp,Hamp,Hamp,21.83472222,81.59722222,29-05-2026 08:00,0
440,Andhiyarkhore,CWC,22,Chhattisgarh,650,BEMETARA,NAWAGARH,-,-,Mahanadi,Mahanadi,Seonath,Hamp,Hamp,Hamp,21.83472222,81.59722222,30-05-2026 08:00,0
441,Andhiyarkhore,CWC,22,Chhattisgarh,650,BEMETARA,NAWAGARH,-,-,Mahanadi,Mahanadi,Seonath,Hamp,Hamp,Hamp,21.83472222,81.59722222,31-05-2026 08:00,0
442,Andhiyarkhore,CWC,22,Chhattisgarh,650,BEMETARA,NAWAGARH,-,-,Mahanadi,Mahanadi,Seonath,Hamp,Hamp,Hamp,21.83472222,81.59722222,01-06-2026 08:00,0
443,Andhiyarkhore,CWC,22,Chhattisgarh,650,BEMETARA,NAWAGARH,-,-,Mahanadi,Mahanadi,Seonath,Hamp,Hamp,Hamp,21.83472222,81.59722222,02-06-2026 08:00,0
444,Andhiyarkhore,CWC,22,Chhattisgarh,650,BEMETARA,NAWAGARH,-,-,Mahanadi,Mahanadi,Seonath,Hamp,Hamp,Hamp,21.83472222,81.59722222,03-06-2026 08:00,0
445,Andhiyarkhore,CWC,22,Chhattisgarh,650,BEMETARA,NAWAGARH,-,-,Mahanadi,Mahanadi,Seonath,Hamp,Hamp,Hamp,21.83472222,81.59722222,04-06-2026 08:00,0
446,Andhiyarkhore,CWC,22,Chhattisgarh,650,BEMETARA,NAWAGARH,-,-,Mahanadi,Mahanadi,Seonath,Hamp,Hamp,Hamp,21.83472222,81.59722222,05-06-2026 08:00,0
447,Andhiyarkhore,CWC,22,Chhattisgarh,650,BEMETARA,NAWAGARH,-,-,Mahanadi,Mahanadi,Seonath,Hamp,Hamp,Hamp,21.83472222,81.59722222,06-06-2026 08:00,0
448,Andhiyarkhore,CWC,22,Chhattisgarh,650,BEMETARA,NAWAGARH,-,-,Mahanadi,Mahanadi,Seonath,Hamp,Hamp,Hamp,21.83472222,81.59722222,07-06-2026 08:00,0
449,Andhiyarkhore,CWC,22,Chhattisgarh,650,BEMETARA,NAWAGARH,-,-,Mahanadi,Mahanadi,Seonath,Hamp,Hamp,Hamp,21.83472222,81.59722222,08-06-2026 08:00,0
450,Andhiyarkhore,CWC,22,Chhattisgarh,650,BEMETARA,NAWAGARH,-,-,Mahanadi,Mahanadi,Seonath,Hamp,Hamp,Hamp,21.83472222,81.59722222,09-06-2026 08:00,0
451,Andhiyarkhore,CWC,22,Chhattisgarh,650,BEMETARA,NAWAGARH,-,-,Mahanadi,Mahanadi,Seonath,Hamp,Hamp,Hamp,21.83472222,81.59722222,10-06-2026 08:00,0
452,Andhiyarkhore,CWC,22,Chhattisgarh,650,BEMETARA,NAWAGARH,-,-,Mahanadi,Mahanadi,Seonath,Hamp,Hamp,Hamp,21.83472222,81.59722222,11-06-2026 08:00,0
453,Andhiyarkhore,CWC,22,Chhattisgarh,650,BEMETARA,NAWAGARH,-,-,Mahanadi,Mahanadi,Seonath,Hamp,Hamp,Hamp,21.83472222,81.59722222,12-06-2026 08:00,0
454,Andhiyarkhore,CWC,22,Chhattisgarh,650,BEMETARA,NAWAGARH,-,-,Mahanadi,Mahanadi,Seonath,Hamp,Hamp,Hamp,21.83472222,81.59722222,13-06-2026 08:00,0
455,Andhiyarkhore,CWC,22,Chhattisgarh,650,BEMETARA,NAWAGARH,-,-,Mahanadi,Mahanadi,Seonath,Hamp,Hamp,Hamp,21.83472222,81.59722222,14-06-2026 08:00,0
456,Andhiyarkhore,CWC,22,Chhattisgarh,650,BEMETARA,NAWAGARH,-,-,Mahanadi,Mahanadi,Seonath,Hamp,Hamp,Hamp,21.83472222,81.59722222,15-06-2026 08:00,0
457,Andhiyarkhore,CWC,22,Chhattisgarh,650,BEMETARA,NAWAGARH,-,-,Mahanadi,Mahanadi,Seonath,Hamp,Hamp,Hamp,21.83472222,81.59722222,16-06-2026 08:00,0
458,Andhiyarkhore,CWC,22,Chhattisgarh,650,BEMETARA,NAWAGARH,-,-,Mahanadi,Mahanadi,Seonath,Hamp,Hamp,Hamp,21.83472222,81.59722222,17-06-2026 08:00,0
459,Andhiyarkhore,CWC,22,Chhattisgarh,650,BEMETARA,NAWAGARH,-,-,Mahanadi,Mahanadi,Seonath,Hamp,Hamp,Hamp,21.83472222,81.59722222,18-06-2026 08:00,0
460,Andhiyarkhore,CWC,22,Chhattisgarh,650,BEMETARA,NAWAGARH,-,-,Mahanadi,Mahanadi,Seonath,Hamp,Hamp,Hamp,21.83472222,81.59722222,19-06-2026 08:00,0
461,Andhiyarkhore,CWC,22,Chhattisgarh,650,BEMETARA,NAWAGARH,-,-,Mahanadi,Mahanadi,Seonath,Hamp,Hamp,Hamp,21.83472222,81.59722222,20-06-2026 08:00,0
462,Andhiyarkhore,CWC,22,Chhattisgarh,650,BEMETARA,NAWAGARH,-,-,Mahanadi,Mahanadi,Seonath,Hamp,Hamp,Hamp,21.83472222,81.59722222,21-06-2026 08:00,0
463,Andhiyarkhore,CWC,22,Chhattisgarh,650,BEMETARA,NAWAGARH,-,-,Mahanadi,Mahanadi,Seonath,Hamp,Hamp,Hamp,21.83472222,81.59722222,22-06-2026 08:00,0
464,Andhiyarkhore,CWC,22,Chhattisgarh,650,BEMETARA,NAWAGARH,-,-,Mahanadi,Mahanadi,Seonath,Hamp,Hamp,Hamp,21.83472222,81.59722222,23-06-2026 08:00,0
465,Andhiyarkhore,CWC,22,Chhattisgarh,650,BEMETARA,NAWAGARH,-,-,Mahanadi,Mahanadi,Seonath,Hamp,Hamp,Hamp,21.83472222,81.59722222,24-06-2026 08:00,0
466,Andhiyarkhore,CWC,22,Chhattisgarh,650,BEMETARA,NAWAGARH,-,-,Mahanadi,Mahanadi,Seonath,Hamp,Hamp,Hamp,21.83472222,81.59722222,25-06-2026 08:00,0
467,Andhiyarkhore,CWC,22,Chhattisgarh,650,BEMETARA,NAWAGARH,-,-,Mahanadi,Mahanadi,Seonath,Hamp,Hamp,Hamp,21.83472222,81.59722222,26-06-2026 08:00,0
468,Andhiyarkhore,CWC,22,Chhattisgarh,650,BEMETARA,NAWAGARH,-,-,Mahanadi,Mahanadi,Seonath,Hamp,Hamp,Hamp,21.83472222,81.59722222,27-06-2026 08:00,0
469,Andhiyarkhore,CWC,22,Chhattisgarh,650,BEMETARA,NAWAGARH,-,-,Mahanadi,Mahanadi,Seonath,Hamp,Hamp,Hamp,21.83472222,81.59722222,28-06-2026 08:00,0
470,Andhiyarkhore,CWC,22,Chhattisgarh,650,BEMETARA,NAWAGARH,-,-,Mahanadi,Mahanadi,Seonath,Hamp,Hamp,Hamp,21.83472222,81.59722222,29-06-2026 08:00,0
471,Andhiyarkhore,CWC,22,Chhattisgarh,650,BEMETARA,NAWAGARH,-,-,Mahanadi,Mahanadi,Seonath,Hamp,Hamp,Hamp,21.83472222,81.59722222,30-06-2026 08:00,0
472,Andhiyarkhore,CWC,22,Chhattisgarh,650,BEMETARA,NAWAGARH,-,-,Mahanadi,Mahanadi,Seonath,Hamp,Hamp,Hamp,21.83472222,81.59722222,01-07-2026 08:00,0
473,Andhiyarkhore,CWC,22,Chhattisgarh,650,BEMETARA,NAWAGARH,-,-,Mahanadi,Mahanadi,Seonath,Hamp,Hamp,Hamp,21.83472222,81.59722222,02-07-2026 08:00,0
474,Andhiyarkhore,CWC,22,Chhattisgarh,650,BEMETARA,NAWAGARH,-,-,Mahanadi,Mahanadi,Seonath,Hamp,Hamp,Hamp,21.83472222,81.59722222,03-07-2026 08:00,0
475,Andhiyarkhore,CWC,22,Chhattisgarh,650,BEMETARA,NAWAGARH,-,-,Mahanadi,Mahanadi,Seonath,Hamp,Hamp,Hamp,21.83472222,81.59722222,04-07-2026 08:00,0
476,Andhiyarkhore,CWC,22,Chhattisgarh,650,BEMETARA,NAWAGARH,-,-,Mahanadi,Mahanadi,Seonath,Hamp,Hamp,Hamp,21.83472222,81.59722222,05-07-2026 08:00,0
477,Andhiyarkhore,CWC,22,Chhattisgarh,650,BEMETARA,NAWAGARH,-,-,Mahanadi,Mahanadi,Seonath,Hamp,Hamp,Hamp,21.83472222,81.59722222,06-07-2026 08:00,65
478,Andhiyarkhore,CWC,22,Chhattisgarh,650,BEMETARA,NAWAGARH,-,-,Mahanadi,Mahanadi,Seonath,Hamp,Hamp,Hamp,21.83472222,81.59722222,07-07-2026 08:00,100
479,Andhiyarkhore,CWC,22,Chhattisgarh,650,BEMETARA,NAWAGARH,-,-,Mahanadi,Mahanadi,Seonath,Hamp,Hamp,Hamp,21.83472222,81.59722222,08-07-2026 08:00,35
480,Andhiyarkhore,CWC,22,Chhattisgarh,650,BEMETARA,NAWAGARH,-,-,Mahanadi,Mahanadi,Seonath,Hamp,Hamp,Hamp,21.83472222,81.59722222,09-07-2026 08:00,20
481,Andhiyarkhore,CWC,22,Chhattisgarh,650,BEMETARA,NAWAGARH,-,-,Mahanadi,Mahanadi,Seonath,Hamp,Hamp,Hamp,21.83472222,81.59722222,10-07-2026 08:00,9.89
482,Andhiyarkhore,CWC,22,Chhattisgarh,650,BEMETARA,NAWAGARH,-,-,Mahanadi,Mahanadi,Seonath,Hamp,Hamp,Hamp,21.83472222,81.59722222,11-07-2026 08:00,7.21
483,Andhiyarkhore,CWC,22,Chhattisgarh,650,BEMETARA,NAWAGARH,-,-,Mahanadi,Mahanadi,Seonath,Hamp,Hamp,Hamp,21.83472222,81.59722222,12-07-2026 08:00,7.21
484,Andhiyarkhore,CWC,22,Chhattisgarh,650,BEMETARA,NAWAGARH,-,-,Mahanadi,Mahanadi,Seonath,Hamp,Hamp,Hamp,21.83472222,81.59722222,13-07-2026 08:00,1.08
485,Andhiyarkhore,CWC,22,Chhattisgarh,650,BEMETARA,NAWAGARH,-,-,Mahanadi,Mahanadi,Seonath,Hamp,Hamp,Hamp,21.83472222,81.59722222,14-07-2026 08:00,1.7
486,Andhiyarkhore,CWC,22,Chhattisgarh,650,BEMETARA,NAWAGARH,-,-,Mahanadi,Mahanadi,Seonath,Hamp,Hamp,Hamp,21.83472222,81.59722222,15-07-2026 08:00,0.74
487,Andhiyarkhore,CWC,22,Chhattisgarh,650,BEMETARA,NAWAGARH,-,-,Mahanadi,Mahanadi,Seonath,Hamp,Hamp,Hamp,21.83472222,81.59722222,16-07-2026 08:00,0.426
488,Andhiyarkhore,CWC,22,Chhattisgarh,650,BEMETARA,NAWAGARH,-,-,Mahanadi,Mahanadi,Seonath,Hamp,Hamp,Hamp,21.83472222,81.59722222,17-07-2026 08:00,1.22
489,Andhiyarkhore,CWC,22,Chhattisgarh,650,BEMETARA,NAWAGARH,-,-,Mahanadi,Mahanadi,Seonath,Hamp,Hamp,Hamp,21.83472222,81.59722222,18-07-2026 08:00,2.22
490,Andhiyarkhore,CWC,22,Chhattisgarh,650,BEMETARA,NAWAGARH,-,-,Mahanadi,Mahanadi,Seonath,Hamp,Hamp,Hamp,21.83472222,81.59722222,19-07-2026 08:00,2.22
491,Andhiyarkhore,CWC,22,Chhattisgarh,650,BEMETARA,NAWAGARH,-,-,Mahanadi,Mahanadi,Seonath,Hamp,Hamp,Hamp,21.83472222,81.59722222,20-07-2026 08:00,16.45
492,Andhiyarkhore,CWC,22,Chhattisgarh,650,BEMETARA,NAWAGARH,-,-,Mahanadi,Mahanadi,Seonath,Hamp,Hamp,Hamp,21.83472222,81.59722222,21-07-2026 08:00,9.62
493,Andhiyarkhore,CWC,22,Chhattisgarh,650,BEMETARA,NAWAGARH,-,-,Mahanadi,Mahanadi,Seonath,Hamp,Hamp,Hamp,21.83472222,81.59722222,22-07-2026 08:00,10.49
494,Andhiyarkhore,CWC,22,Chhattisgarh,650,BEMETARA,NAWAGARH,-,-,Mahanadi,Mahanadi,Seonath,Hamp,Hamp,Hamp,21.83472222,81.59722222,23-07-2026 08:00,13.12
495,Andhiyarkhore,CWC,22,Chhattisgarh,650,BEMETARA,NAWAGARH,-,-,Mahanadi,Mahanadi,Seonath,Hamp,Hamp,Hamp,21.83472222,81.59722222,24-07-2026 08:00,18.71
496,Andhiyarkhore,CWC,22,Chhattisgarh,650,BEMETARA,NAWAGARH,-,-,Mahanadi,Mahanadi,Seonath,Hamp,Hamp,Hamp,21.83472222,81.59722222,25-07-2026 08:00,7.87
497,Andhiyarkhore,CWC,22,Chhattisgarh,650,BEMETARA,NAWAGARH,-,-,Mahanadi,Mahanadi,Seonath,Hamp,Hamp,Hamp,21.83472222,81.59722222,26-07-2026 08:00,7.87
498,Andhiyarkhore,CWC,22,Chhattisgarh,650,BEMETARA,NAWAGARH,-,-,Mahanadi,Mahanadi,Seonath,Hamp,Hamp,Hamp,21.83472222,81.59722222,27-07-2026 08:00,23
499,Andhiyarkhore,CWC,22,Chhattisgarh,650,BEMETARA,NAWAGARH,-,-,Mahanadi,Mahanadi,Seonath,Hamp,Hamp,Hamp,21.83472222,81.59722222,28-07-2026 08:00,3.39
500,Andhiyarkhore,CWC,22,Chhattisgarh,650,BEMETARA,NAWAGARH,-,-,Mahanadi,Mahanadi,Seonath,Hamp,Hamp,Hamp,21.83472222,81.59722222,29-07-2026 08:00,22
501,Andhiyarkhore,CWC,22,Chhattisgarh,650,BEMETARA,NAWAGARH,-,-,Mahanadi,Mahanadi,Seonath,Hamp,Hamp,Hamp,21.83472222,81.59722222,30-07-2026 08:00,11.01
502,Andhiyarkhore,CWC,22,Chhattisgarh,650,BEMETARA,NAWAGARH,-,-,Mahanadi,Mahanadi,Seonath,Hamp,Hamp,Hamp,21.83472222,81.59722222,31-07-2026 08:00,13.41
503,Bamnidhi,CWC,22,Chhattisgarh,379,JANJGIR - CHAMPA,CHAMPA,-,-,Mahanadi,Mahanadi,Hasdeo,-,-,Hasdeo,21.90000000,82.71333333,01-01-2026 08:00,20
504,Bamnidhi,CWC,22,Chhattisgarh,379,JANJGIR - CHAMPA,CHAMPA,-,-,Mahanadi,Mahanadi,Hasdeo,-,-,Hasdeo,21.90000000,82.71333333,02-01-2026 08:00,20
505,Bamnidhi,CWC,22,Chhattisgarh,379,JANJGIR - CHAMPA,CHAMPA,-,-,Mahanadi,Mahanadi,Hasdeo,-,-,Hasdeo,21.90000000,82.71333333,03-01-2026 08:00,20
506,Bamnidhi,CWC,22,Chhattisgarh,379,JANJGIR - CHAMPA,CHAMPA,-,-,Mahanadi,Mahanadi,Hasdeo,-,-,Hasdeo,21.90000000,82.71333333,04-01-2026 08:00,20
507,Bamnidhi,CWC,22,Chhattisgarh,379,JANJGIR - CHAMPA,CHAMPA,-,-,Mahanadi,Mahanadi,Hasdeo,-,-,Hasdeo,21.90000000,82.71333333,05-01-2026 08:00,20
508,Bamnidhi,CWC,22,Chhattisgarh,379,JANJGIR - CHAMPA,CHAMPA,-,-,Mahanadi,Mahanadi,Hasdeo,-,-,Hasdeo,21.90000000,82.71333333,06-01-2026 08:00,20
509,Bamnidhi,CWC,22,Chhattisgarh,379,JANJGIR - CHAMPA,CHAMPA,-,-,Mahanadi,Mahanadi,Hasdeo,-,-,Hasdeo,21.90000000,82.71333333,07-01-2026 08:00,20
510,Bamnidhi,CWC,22,Chhattisgarh,379,JANJGIR - CHAMPA,CHAMPA,-,-,Mahanadi,Mahanadi,Hasdeo,-,-,Hasdeo,21.90000000,82.71333333,08-01-2026 08:00,20
511,Bamnidhi,CWC,22,Chhattisgarh,379,JANJGIR - CHAMPA,CHAMPA,-,-,Mahanadi,Mahanadi,Hasdeo,-,-,Hasdeo,21.90000000,82.71333333,09-01-2026 08:00,20
512,Bamnidhi,CWC,22,Chhattisgarh,379,JANJGIR - CHAMPA,CHAMPA,-,-,Mahanadi,Mahanadi,Hasdeo,-,-,Hasdeo,21.90000000,82.71333333,10-01-2026 08:00,20
513,Bamnidhi,CWC,22,Chhattisgarh,379,JANJGIR - CHAMPA,CHAMPA,-,-,Mahanadi,Mahanadi,Hasdeo,-,-,Hasdeo,21.90000000,82.71333333,11-01-2026 08:00,20
514,Bamnidhi,CWC,22,Chhattisgarh,379,JANJGIR - CHAMPA,CHAMPA,-,-,Mahanadi,Mahanadi,Hasdeo,-,-,Hasdeo,21.90000000,82.71333333,12-01-2026 08:00,19
515,Bamnidhi,CWC,22,Chhattisgarh,379,JANJGIR - CHAMPA,CHAMPA,-,-,Mahanadi,Mahanadi,Hasdeo,-,-,Hasdeo,21.90000000,82.71333333,13-01-2026 08:00,19
516,Bamnidhi,CWC,22,Chhattisgarh,379,JANJGIR - CHAMPA,CHAMPA,-,-,Mahanadi,Mahanadi,Hasdeo,-,-,Hasdeo,21.90000000,82.71333333,14-01-2026 08:00,19
517,Bamnidhi,CWC,22,Chhattisgarh,379,JANJGIR - CHAMPA,CHAMPA,-,-,Mahanadi,Mahanadi,Hasdeo,-,-,Hasdeo,21.90000000,82.71333333,15-01-2026 08:00,19.98
518,Bamnidhi,CWC,22,Chhattisgarh,379,JANJGIR - CHAMPA,CHAMPA,-,-,Mahanadi,Mahanadi,Hasdeo,-,-,Hasdeo,21.90000000,82.71333333,15-01-2026 09:00,9.826455
519,Bamnidhi,CWC,22,Chhattisgarh,379,JANJGIR - CHAMPA,CHAMPA,-,-,Mahanadi,Mahanadi,Hasdeo,-,-,Hasdeo,21.90000000,82.71333333,16-01-2026 08:00,12
520,Bamnidhi,CWC,22,Chhattisgarh,379,JANJGIR - CHAMPA,CHAMPA,-,-,Mahanadi,Mahanadi,Hasdeo,-,-,Hasdeo,21.90000000,82.71333333,16-01-2026 09:00,12.927395
521,Bamnidhi,CWC,22,Chhattisgarh,379,JANJGIR - CHAMPA,CHAMPA,-,-,Mahanadi,Mahanadi,Hasdeo,-,-,Hasdeo,21.90000000,82.71333333,17-01-2026 08:00,15.57
522,Bamnidhi,CWC,22,Chhattisgarh,379,JANJGIR - CHAMPA,CHAMPA,-,-,Mahanadi,Mahanadi,Hasdeo,-,-,Hasdeo,21.90000000,82.71333333,17-01-2026 09:00,16.556368
523,Bamnidhi,CWC,22,Chhattisgarh,379,JANJGIR - CHAMPA,CHAMPA,-,-,Mahanadi,Mahanadi,Hasdeo,-,-,Hasdeo,21.90000000,82.71333333,18-01-2026 08:00,15.57
524,Bamnidhi,CWC,22,Chhattisgarh,379,JANJGIR - CHAMPA,CHAMPA,-,-,Mahanadi,Mahanadi,Hasdeo,-,-,Hasdeo,21.90000000,82.71333333,19-01-2026 08:00,15.308
525,Bamnidhi,CWC,22,Chhattisgarh,379,JANJGIR - CHAMPA,CHAMPA,-,-,Mahanadi,Mahanadi,Hasdeo,-,-,Hasdeo,21.90000000,82.71333333,19-01-2026 09:00,21.518278
526,Bamnidhi,CWC,22,Chhattisgarh,379,JANJGIR - CHAMPA,CHAMPA,-,-,Mahanadi,Mahanadi,Hasdeo,-,-,Hasdeo,21.90000000,82.71333333,20-01-2026 08:00,15.04
527,Bamnidhi,CWC,22,Chhattisgarh,379,JANJGIR - CHAMPA,CHAMPA,-,-,Mahanadi,Mahanadi,Hasdeo,-,-,Hasdeo,21.90000000,82.71333333,20-01-2026 09:00,14.2138
528,Bamnidhi,CWC,22,Chhattisgarh,379,JANJGIR - CHAMPA,CHAMPA,-,-,Mahanadi,Mahanadi,Hasdeo,-,-,Hasdeo,21.90000000,82.71333333,21-01-2026 08:00,14.97
529,Bamnidhi,CWC,22,Chhattisgarh,379,JANJGIR - CHAMPA,CHAMPA,-,-,Mahanadi,Mahanadi,Hasdeo,-,-,Hasdeo,21.90000000,82.71333333,21-01-2026 09:00,20.402428
530,Bamnidhi,CWC,22,Chhattisgarh,379,JANJGIR - CHAMPA,CHAMPA,-,-,Mahanadi,Mahanadi,Hasdeo,-,-,Hasdeo,21.90000000,82.71333333,22-01-2026 08:00,17.73
531,Bamnidhi,CWC,22,Chhattisgarh,379,JANJGIR - CHAMPA,CHAMPA,-,-,Mahanadi,Mahanadi,Hasdeo,-,-,Hasdeo,21.90000000,82.71333333,22-01-2026 09:00,24.118628
532,Bamnidhi,CWC,22,Chhattisgarh,379,JANJGIR - CHAMPA,CHAMPA,-,-,Mahanadi,Mahanadi,Hasdeo,-,-,Hasdeo,21.90000000,82.71333333,23-01-2026 08:00,14.8
533,Bamnidhi,CWC,22,Chhattisgarh,379,JANJGIR - CHAMPA,CHAMPA,-,-,Mahanadi,Mahanadi,Hasdeo,-,-,Hasdeo,21.90000000,82.71333333,23-01-2026 09:00,19.477516
534,Bamnidhi,CWC,22,Chhattisgarh,379,JANJGIR - CHAMPA,CHAMPA,-,-,Mahanadi,Mahanadi,Hasdeo,-,-,Hasdeo,21.90000000,82.71333333,24-01-2026 08:00,14.49
535,Bamnidhi,CWC,22,Chhattisgarh,379,JANJGIR - CHAMPA,CHAMPA,-,-,Mahanadi,Mahanadi,Hasdeo,-,-,Hasdeo,21.90000000,82.71333333,24-01-2026 09:00,19.060646
536,Bamnidhi,CWC,22,Chhattisgarh,379,JANJGIR - CHAMPA,CHAMPA,-,-,Mahanadi,Mahanadi,Hasdeo,-,-,Hasdeo,21.90000000,82.71333333,25-01-2026 08:00,14.5
537,Bamnidhi,CWC,22,Chhattisgarh,379,JANJGIR - CHAMPA,CHAMPA,-,-,Mahanadi,Mahanadi,Hasdeo,-,-,Hasdeo,21.90000000,82.71333333,26-01-2026 08:00,15
538,Bamnidhi,CWC,22,Chhattisgarh,379,JANJGIR - CHAMPA,CHAMPA,-,-,Mahanadi,Mahanadi,Hasdeo,-,-,Hasdeo,21.90000000,82.71333333,27-01-2026 08:00,15.54
539,Bamnidhi,CWC,22,Chhattisgarh,379,JANJGIR - CHAMPA,CHAMPA,-,-,Mahanadi,Mahanadi,Hasdeo,-,-,Hasdeo,21.90000000,82.71333333,27-01-2026 09:00,21.267838
540,Bamnidhi,CWC,22,Chhattisgarh,379,JANJGIR - CHAMPA,CHAMPA,-,-,Mahanadi,Mahanadi,Hasdeo,-,-,Hasdeo,21.90000000,82.71333333,28-01-2026 08:00,22.04
541,Bamnidhi,CWC,22,Chhattisgarh,379,JANJGIR - CHAMPA,CHAMPA,-,-,Mahanadi,Mahanadi,Hasdeo,-,-,Hasdeo,21.90000000,82.71333333,28-01-2026 09:00,32.819405
542,Bamnidhi,CWC,22,Chhattisgarh,379,JANJGIR - CHAMPA,CHAMPA,-,-,Mahanadi,Mahanadi,Hasdeo,-,-,Hasdeo,21.90000000,82.71333333,29-01-2026 08:00,21.94
543,Bamnidhi,CWC,22,Chhattisgarh,379,JANJGIR - CHAMPA,CHAMPA,-,-,Mahanadi,Mahanadi,Hasdeo,-,-,Hasdeo,21.90000000,82.71333333,29-01-2026 09:00,32.69459
544,Bamnidhi,CWC,22,Chhattisgarh,379,JANJGIR - CHAMPA,CHAMPA,-,-,Mahanadi,Mahanadi,Hasdeo,-,-,Hasdeo,21.90000000,82.71333333,30-01-2026 08:00,21.19
545,Bamnidhi,CWC,22,Chhattisgarh,379,JANJGIR - CHAMPA,CHAMPA,-,-,Mahanadi,Mahanadi,Hasdeo,-,-,Hasdeo,21.90000000,82.71333333,30-01-2026 09:00,31.447525
546,Bamnidhi,CWC,22,Chhattisgarh,379,JANJGIR - CHAMPA,CHAMPA,-,-,Mahanadi,Mahanadi,Hasdeo,-,-,Hasdeo,21.90000000,82.71333333,31-01-2026 08:00,20.8
547,Bamnidhi,CWC,22,Chhattisgarh,379,JANJGIR - CHAMPA,CHAMPA,-,-,Mahanadi,Mahanadi,Hasdeo,-,-,Hasdeo,21.90000000,82.71333333,31-01-2026 09:00,31.075106
548,Bamnidhi,CWC,22,Chhattisgarh,379,JANJGIR - CHAMPA,CHAMPA,-,-,Mahanadi,Mahanadi,Hasdeo,-,-,Hasdeo,21.90000000,82.71333333,02-02-2026 08:00,23.19
549,Bamnidhi,CWC,22,Chhattisgarh,379,JANJGIR - CHAMPA,CHAMPA,-,-,Mahanadi,Mahanadi,Hasdeo,-,-,Hasdeo,21.90000000,82.71333333,02-02-2026 09:00,34.390533
550,Bamnidhi,CWC,22,Chhattisgarh,379,JANJGIR - CHAMPA,CHAMPA,-,-,Mahanadi,Mahanadi,Hasdeo,-,-,Hasdeo,21.90000000,82.71333333,03-02-2026 08:00,21.75
551,Bamnidhi,CWC,22,Chhattisgarh,379,JANJGIR - CHAMPA,CHAMPA,-,-,Mahanadi,Mahanadi,Hasdeo,-,-,Hasdeo,21.90000000,82.71333333,03-02-2026 09:00,33.064457
552,Bamnidhi,CWC,22,Chhattisgarh,379,JANJGIR - CHAMPA,CHAMPA,-,-,Mahanadi,Mahanadi,Hasdeo,-,-,Hasdeo,21.90000000,82.71333333,04-02-2026 08:00,18.76
553,Bamnidhi,CWC,22,Chhattisgarh,379,JANJGIR - CHAMPA,CHAMPA,-,-,Mahanadi,Mahanadi,Hasdeo,-,-,Hasdeo,21.90000000,82.71333333,04-02-2026 09:00,27.958405
554,Bamnidhi,CWC,22,Chhattisgarh,379,JANJGIR - CHAMPA,CHAMPA,-,-,Mahanadi,Mahanadi,Hasdeo,-,-,Hasdeo,21.90000000,82.71333333,05-02-2026 08:00,18.79
555,Bamnidhi,CWC,22,Chhattisgarh,379,JANJGIR - CHAMPA,CHAMPA,-,-,Mahanadi,Mahanadi,Hasdeo,-,-,Hasdeo,21.90000000,82.71333333,05-02-2026 09:00,27.999508
556,Bamnidhi,CWC,22,Chhattisgarh,379,JANJGIR - CHAMPA,CHAMPA,-,-,Mahanadi,Mahanadi,Hasdeo,-,-,Hasdeo,21.90000000,82.71333333,06-02-2026 08:00,25.96
557,Bamnidhi,CWC,22,Chhattisgarh,379,JANJGIR - CHAMPA,CHAMPA,-,-,Mahanadi,Mahanadi,Hasdeo,-,-,Hasdeo,21.90000000,82.71333333,06-02-2026 09:00,37.42913
558,Bamnidhi,CWC,22,Chhattisgarh,379,JANJGIR - CHAMPA,CHAMPA,-,-,Mahanadi,Mahanadi,Hasdeo,-,-,Hasdeo,21.90000000,82.71333333,07-02-2026 08:00,24.56
559,Bamnidhi,CWC,22,Chhattisgarh,379,JANJGIR - CHAMPA,CHAMPA,-,-,Mahanadi,Mahanadi,Hasdeo,-,-,Hasdeo,21.90000000,82.71333333,07-02-2026 09:00,36.779205
560,Bamnidhi,CWC,22,Chhattisgarh,379,JANJGIR - CHAMPA,CHAMPA,-,-,Mahanadi,Mahanadi,Hasdeo,-,-,Hasdeo,21.90000000,82.71333333,09-02-2026 08:00,15.57
561,Bamnidhi,CWC,22,Chhattisgarh,379,JANJGIR - CHAMPA,CHAMPA,-,-,Mahanadi,Mahanadi,Hasdeo,-,-,Hasdeo,21.90000000,82.71333333,09-02-2026 09:00,23.191952
562,Bamnidhi,CWC,22,Chhattisgarh,379,JANJGIR - CHAMPA,CHAMPA,-,-,Mahanadi,Mahanadi,Hasdeo,-,-,Hasdeo,21.90000000,82.71333333,10-02-2026 08:00,11
563,Bamnidhi,CWC,22,Chhattisgarh,379,JANJGIR - CHAMPA,CHAMPA,-,-,Mahanadi,Mahanadi,Hasdeo,-,-,Hasdeo,21.90000000,82.71333333,10-02-2026 09:00,9.424147
564,Bamnidhi,CWC,22,Chhattisgarh,379,JANJGIR - CHAMPA,CHAMPA,-,-,Mahanadi,Mahanadi,Hasdeo,-,-,Hasdeo,21.90000000,82.71333333,11-02-2026 08:00,11.17
565,Bamnidhi,CWC,22,Chhattisgarh,379,JANJGIR - CHAMPA,CHAMPA,-,-,Mahanadi,Mahanadi,Hasdeo,-,-,Hasdeo,21.90000000,82.71333333,11-02-2026 09:00,9.772839
566,Bamnidhi,CWC,22,Chhattisgarh,379,JANJGIR - CHAMPA,CHAMPA,-,-,Mahanadi,Mahanadi,Hasdeo,-,-,Hasdeo,21.90000000,82.71333333,12-02-2026 08:00,14.91
567,Bamnidhi,CWC,22,Chhattisgarh,379,JANJGIR - CHAMPA,CHAMPA,-,-,Mahanadi,Mahanadi,Hasdeo,-,-,Hasdeo,21.90000000,82.71333333,12-02-2026 09:00,13.529895
568,Bamnidhi,CWC,22,Chhattisgarh,379,JANJGIR - CHAMPA,CHAMPA,-,-,Mahanadi,Mahanadi,Hasdeo,-,-,Hasdeo,21.90000000,82.71333333,13-02-2026 08:00,12.54
569,Bamnidhi,CWC,22,Chhattisgarh,379,JANJGIR - CHAMPA,CHAMPA,-,-,Mahanadi,Mahanadi,Hasdeo,-,-,Hasdeo,21.90000000,82.71333333,13-02-2026 09:00,13.470603
570,Bamnidhi,CWC,22,Chhattisgarh,379,JANJGIR - CHAMPA,CHAMPA,-,-,Mahanadi,Mahanadi,Hasdeo,-,-,Hasdeo,21.90000000,82.71333333,14-02-2026 08:00,12.55
571,Bamnidhi,CWC,22,Chhattisgarh,379,JANJGIR - CHAMPA,CHAMPA,-,-,Mahanadi,Mahanadi,Hasdeo,-,-,Hasdeo,21.90000000,82.71333333,14-02-2026 09:00,13.492135
572,Bamnidhi,CWC,22,Chhattisgarh,379,JANJGIR - CHAMPA,CHAMPA,-,-,Mahanadi,Mahanadi,Hasdeo,-,-,Hasdeo,21.90000000,82.71333333,16-02-2026 08:00,20.97
573,Bamnidhi,CWC,22,Chhattisgarh,379,JANJGIR - CHAMPA,CHAMPA,-,-,Mahanadi,Mahanadi,Hasdeo,-,-,Hasdeo,21.90000000,82.71333333,16-02-2026 09:00,34.828323
574,Bamnidhi,CWC,22,Chhattisgarh,379,JANJGIR - CHAMPA,CHAMPA,-,-,Mahanadi,Mahanadi,Hasdeo,-,-,Hasdeo,21.90000000,82.71333333,17-02-2026 08:00,11.3
575,Bamnidhi,CWC,22,Chhattisgarh,379,JANJGIR - CHAMPA,CHAMPA,-,-,Mahanadi,Mahanadi,Hasdeo,-,-,Hasdeo,21.90000000,82.71333333,17-02-2026 09:00,17.116936
576,Bamnidhi,CWC,22,Chhattisgarh,379,JANJGIR - CHAMPA,CHAMPA,-,-,Mahanadi,Mahanadi,Hasdeo,-,-,Hasdeo,21.90000000,82.71333333,18-02-2026 08:00,10.06
577,Bamnidhi,CWC,22,Chhattisgarh,379,JANJGIR - CHAMPA,CHAMPA,-,-,Mahanadi,Mahanadi,Hasdeo,-,-,Hasdeo,21.90000000,82.71333333,18-02-2026 09:00,15.578851
578,Bamnidhi,CWC,22,Chhattisgarh,379,JANJGIR - CHAMPA,CHAMPA,-,-,Mahanadi,Mahanadi,Hasdeo,-,-,Hasdeo,21.90000000,82.71333333,19-02-2026 08:00,8.52
579,Bamnidhi,CWC,22,Chhattisgarh,379,JANJGIR - CHAMPA,CHAMPA,-,-,Mahanadi,Mahanadi,Hasdeo,-,-,Hasdeo,21.90000000,82.71333333,19-02-2026 09:00,11.423139
580,Bamnidhi,CWC,22,Chhattisgarh,379,JANJGIR - CHAMPA,CHAMPA,-,-,Mahanadi,Mahanadi,Hasdeo,-,-,Hasdeo,21.90000000,82.71333333,20-02-2026 08:00,8.85
581,Bamnidhi,CWC,22,Chhattisgarh,379,JANJGIR - CHAMPA,CHAMPA,-,-,Mahanadi,Mahanadi,Hasdeo,-,-,Hasdeo,21.90000000,82.71333333,20-02-2026 09:00,11.313759
582,Bamnidhi,CWC,22,Chhattisgarh,379,JANJGIR - CHAMPA,CHAMPA,-,-,Mahanadi,Mahanadi,Hasdeo,-,-,Hasdeo,21.90000000,82.71333333,21-02-2026 08:00,8.99
583,Bamnidhi,CWC,22,Chhattisgarh,379,JANJGIR - CHAMPA,CHAMPA,-,-,Mahanadi,Mahanadi,Hasdeo,-,-,Hasdeo,21.90000000,82.71333333,21-02-2026 09:00,11.36435
584,Bamnidhi,CWC,22,Chhattisgarh,379,JANJGIR - CHAMPA,CHAMPA,-,-,Mahanadi,Mahanadi,Hasdeo,-,-,Hasdeo,21.90000000,82.71333333,23-02-2026 08:00,7.4
585,Bamnidhi,CWC,22,Chhattisgarh,379,JANJGIR - CHAMPA,CHAMPA,-,-,Mahanadi,Mahanadi,Hasdeo,-,-,Hasdeo,21.90000000,82.71333333,23-02-2026 09:00,12.09045
586,Bamnidhi,CWC,22,Chhattisgarh,379,JANJGIR - CHAMPA,CHAMPA,-,-,Mahanadi,Mahanadi,Hasdeo,-,-,Hasdeo,21.90000000,82.71333333,24-02-2026 08:00,7.48
587,Bamnidhi,CWC,22,Chhattisgarh,379,JANJGIR - CHAMPA,CHAMPA,-,-,Mahanadi,Mahanadi,Hasdeo,-,-,Hasdeo,21.90000000,82.71333333,24-02-2026 09:00,12.037125
588,Bamnidhi,CWC,22,Chhattisgarh,379,JANJGIR - CHAMPA,CHAMPA,-,-,Mahanadi,Mahanadi,Hasdeo,-,-,Hasdeo,21.90000000,82.71333333,25-02-2026 08:00,11.44
589,Bamnidhi,CWC,22,Chhattisgarh,379,JANJGIR - CHAMPA,CHAMPA,-,-,Mahanadi,Mahanadi,Hasdeo,-,-,Hasdeo,21.90000000,82.71333333,25-02-2026 09:00,12.010463
590,Bamnidhi,CWC,22,Chhattisgarh,379,JANJGIR - CHAMPA,CHAMPA,-,-,Mahanadi,Mahanadi,Hasdeo,-,-,Hasdeo,21.90000000,82.71333333,26-02-2026 08:00,10.61
591,Bamnidhi,CWC,22,Chhattisgarh,379,JANJGIR - CHAMPA,CHAMPA,-,-,Mahanadi,Mahanadi,Hasdeo,-,-,Hasdeo,21.90000000,82.71333333,26-02-2026 09:00,10.811486
592,Bamnidhi,CWC,22,Chhattisgarh,379,JANJGIR - CHAMPA,CHAMPA,-,-,Mahanadi,Mahanadi,Hasdeo,-,-,Hasdeo,21.90000000,82.71333333,27-02-2026 08:00,13.18
593,Bamnidhi,CWC,22,Chhattisgarh,379,JANJGIR - CHAMPA,CHAMPA,-,-,Mahanadi,Mahanadi,Hasdeo,-,-,Hasdeo,21.90000000,82.71333333,27-02-2026 09:00,13.027769
594,Bamnidhi,CWC,22,Chhattisgarh,379,JANJGIR - CHAMPA,CHAMPA,-,-,Mahanadi,Mahanadi,Hasdeo,-,-,Hasdeo,21.90000000,82.71333333,28-02-2026 08:00,12.65
595,Bamnidhi,CWC,22,Chhattisgarh,379,JANJGIR - CHAMPA,CHAMPA,-,-,Mahanadi,Mahanadi,Hasdeo,-,-,Hasdeo,21.90000000,82.71333333,28-02-2026 09:00,12.6746435
596,Bamnidhi,CWC,22,Chhattisgarh,379,JANJGIR - CHAMPA,CHAMPA,-,-,Mahanadi,Mahanadi,Hasdeo,-,-,Hasdeo,21.90000000,82.71333333,01-03-2026 08:00,0
597,Bamnidhi,CWC,22,Chhattisgarh,379,JANJGIR - CHAMPA,CHAMPA,-,-,Mahanadi,Mahanadi,Hasdeo,-,-,Hasdeo,21.90000000,82.71333333,02-03-2026 08:00,12.46
598,Bamnidhi,CWC,22,Chhattisgarh,379,JANJGIR - CHAMPA,CHAMPA,-,-,Mahanadi,Mahanadi,Hasdeo,-,-,Hasdeo,21.90000000,82.71333333,03-03-2026 08:00,12.39
599,Bamnidhi,CWC,22,Chhattisgarh,379,JANJGIR - CHAMPA,CHAMPA,-,-,Mahanadi,Mahanadi,Hasdeo,-,-,Hasdeo,21.90000000,82.71333333,03-03-2026 09:00,12.404166
600,Bamnidhi,CWC,22,Chhattisgarh,379,JANJGIR - CHAMPA,CHAMPA,-,-,Mahanadi,Mahanadi,Hasdeo,-,-,Hasdeo,21.90000000,82.71333333,04-03-2026 08:00,0
601,Bamnidhi,CWC,22,Chhattisgarh,379,JANJGIR - CHAMPA,CHAMPA,-,-,Mahanadi,Mahanadi,Hasdeo,-,-,Hasdeo,21.90000000,82.71333333,05-03-2026 08:00,12.63
602,Bamnidhi,CWC,22,Chhattisgarh,379,JANJGIR - CHAMPA,CHAMPA,-,-,Mahanadi,Mahanadi,Hasdeo,-,-,Hasdeo,21.90000000,82.71333333,06-03-2026 08:00,12.6
603,Bamnidhi,CWC,22,Chhattisgarh,379,JANJGIR - CHAMPA,CHAMPA,-,-,Mahanadi,Mahanadi,Hasdeo,-,-,Hasdeo,21.90000000,82.71333333,07-03-2026 08:00,12.38
604,Bamnidhi,CWC,22,Chhattisgarh,379,JANJGIR - CHAMPA,CHAMPA,-,-,Mahanadi,Mahanadi,Hasdeo,-,-,Hasdeo,21.90000000,82.71333333,07-03-2026 09:00,12.597766
605,Bamnidhi,CWC,22,Chhattisgarh,379,JANJGIR - CHAMPA,CHAMPA,-,-,Mahanadi,Mahanadi,Hasdeo,-,-,Hasdeo,21.90000000,82.71333333,08-03-2026 08:00,0
606,Bamnidhi,CWC,22,Chhattisgarh,379,JANJGIR - CHAMPA,CHAMPA,-,-,Mahanadi,Mahanadi,Hasdeo,-,-,Hasdeo,21.90000000,82.71333333,09-03-2026 08:00,16.34
607,Bamnidhi,CWC,22,Chhattisgarh,379,JANJGIR - CHAMPA,CHAMPA,-,-,Mahanadi,Mahanadi,Hasdeo,-,-,Hasdeo,21.90000000,82.71333333,10-03-2026 08:00,15.99
608,Bamnidhi,CWC,22,Chhattisgarh,379,JANJGIR - CHAMPA,CHAMPA,-,-,Mahanadi,Mahanadi,Hasdeo,-,-,Hasdeo,21.90000000,82.71333333,10-03-2026 09:00,16.562422
609,Bamnidhi,CWC,22,Chhattisgarh,379,JANJGIR - CHAMPA,CHAMPA,-,-,Mahanadi,Mahanadi,Hasdeo,-,-,Hasdeo,21.90000000,82.71333333,11-03-2026 08:00,16.11
610,Bamnidhi,CWC,22,Chhattisgarh,379,JANJGIR - CHAMPA,CHAMPA,-,-,Mahanadi,Mahanadi,Hasdeo,-,-,Hasdeo,21.90000000,82.71333333,12-03-2026 08:00,15.7
611,Bamnidhi,CWC,22,Chhattisgarh,379,JANJGIR - CHAMPA,CHAMPA,-,-,Mahanadi,Mahanadi,Hasdeo,-,-,Hasdeo,21.90000000,82.71333333,12-03-2026 09:00,16.210627
612,Bamnidhi,CWC,22,Chhattisgarh,379,JANJGIR - CHAMPA,CHAMPA,-,-,Mahanadi,Mahanadi,Hasdeo,-,-,Hasdeo,21.90000000,82.71333333,13-03-2026 08:00,16.6
613,Bamnidhi,CWC,22,Chhattisgarh,379,JANJGIR - CHAMPA,CHAMPA,-,-,Mahanadi,Mahanadi,Hasdeo,-,-,Hasdeo,21.90000000,82.71333333,13-03-2026 09:00,17.135696
614,Bamnidhi,CWC,22,Chhattisgarh,379,JANJGIR - CHAMPA,CHAMPA,-,-,Mahanadi,Mahanadi,Hasdeo,-,-,Hasdeo,21.90000000,82.71333333,14-03-2026 08:00,16.01
615,Bamnidhi,CWC,22,Chhattisgarh,379,JANJGIR - CHAMPA,CHAMPA,-,-,Mahanadi,Mahanadi,Hasdeo,-,-,Hasdeo,21.90000000,82.71333333,14-03-2026 09:00,20.000612
616,Bamnidhi,CWC,22,Chhattisgarh,379,JANJGIR - CHAMPA,CHAMPA,-,-,Mahanadi,Mahanadi,Hasdeo,-,-,Hasdeo,21.90000000,82.71333333,15-03-2026 08:00,14
617,Bamnidhi,CWC,22,Chhattisgarh,379,JANJGIR - CHAMPA,CHAMPA,-,-,Mahanadi,Mahanadi,Hasdeo,-,-,Hasdeo,21.90000000,82.71333333,16-03-2026 08:00,12.13
618,Bamnidhi,CWC,22,Chhattisgarh,379,JANJGIR - CHAMPA,CHAMPA,-,-,Mahanadi,Mahanadi,Hasdeo,-,-,Hasdeo,21.90000000,82.71333333,16-03-2026 09:00,12.107809
619,Bamnidhi,CWC,22,Chhattisgarh,379,JANJGIR - CHAMPA,CHAMPA,-,-,Mahanadi,Mahanadi,Hasdeo,-,-,Hasdeo,21.90000000,82.71333333,17-03-2026 08:00,12.1
620,Bamnidhi,CWC,22,Chhattisgarh,379,JANJGIR - CHAMPA,CHAMPA,-,-,Mahanadi,Mahanadi,Hasdeo,-,-,Hasdeo,21.90000000,82.71333333,17-03-2026 09:00,12.081843
621,Bamnidhi,CWC,22,Chhattisgarh,379,JANJGIR - CHAMPA,CHAMPA,-,-,Mahanadi,Mahanadi,Hasdeo,-,-,Hasdeo,21.90000000,82.71333333,18-03-2026 08:00,13.96
622,Bamnidhi,CWC,22,Chhattisgarh,379,JANJGIR - CHAMPA,CHAMPA,-,-,Mahanadi,Mahanadi,Hasdeo,-,-,Hasdeo,21.90000000,82.71333333,19-03-2026 08:00,14.05
623,Bamnidhi,CWC,22,Chhattisgarh,379,JANJGIR - CHAMPA,CHAMPA,-,-,Mahanadi,Mahanadi,Hasdeo,-,-,Hasdeo,21.90000000,82.71333333,20-03-2026 08:00,12.62
624,Bamnidhi,CWC,22,Chhattisgarh,379,JANJGIR - CHAMPA,CHAMPA,-,-,Mahanadi,Mahanadi,Hasdeo,-,-,Hasdeo,21.90000000,82.71333333,21-03-2026 08:00,12.62
625,Bamnidhi,CWC,22,Chhattisgarh,379,JANJGIR - CHAMPA,CHAMPA,-,-,Mahanadi,Mahanadi,Hasdeo,-,-,Hasdeo,21.90000000,82.71333333,22-03-2026 08:00,12.4
626,Bamnidhi,CWC,22,Chhattisgarh,379,JANJGIR - CHAMPA,CHAMPA,-,-,Mahanadi,Mahanadi,Hasdeo,-,-,Hasdeo,21.90000000,82.71333333,23-03-2026 08:00,12.4
627,Bamnidhi,CWC,22,Chhattisgarh,379,JANJGIR - CHAMPA,CHAMPA,-,-,Mahanadi,Mahanadi,Hasdeo,-,-,Hasdeo,21.90000000,82.71333333,24-03-2026 08:00,12.13
628,Bamnidhi,CWC,22,Chhattisgarh,379,JANJGIR - CHAMPA,CHAMPA,-,-,Mahanadi,Mahanadi,Hasdeo,-,-,Hasdeo,21.90000000,82.71333333,25-03-2026 08:00,12.02
629,Bamnidhi,CWC,22,Chhattisgarh,379,JANJGIR - CHAMPA,CHAMPA,-,-,Mahanadi,Mahanadi,Hasdeo,-,-,Hasdeo,21.90000000,82.71333333,26-03-2026 08:00,12.08
630,Bamnidhi,CWC,22,Chhattisgarh,379,JANJGIR - CHAMPA,CHAMPA,-,-,Mahanadi,Mahanadi,Hasdeo,-,-,Hasdeo,21.90000000,82.71333333,27-03-2026 08:00,11.75
631,Bamnidhi,CWC,22,Chhattisgarh,379,JANJGIR - CHAMPA,CHAMPA,-,-,Mahanadi,Mahanadi,Hasdeo,-,-,Hasdeo,21.90000000,82.71333333,28-03-2026 08:00,11.73
632,Bamnidhi,CWC,22,Chhattisgarh,379,JANJGIR - CHAMPA,CHAMPA,-,-,Mahanadi,Mahanadi,Hasdeo,-,-,Hasdeo,21.90000000,82.71333333,29-03-2026 08:00,11.5
633,Bamnidhi,CWC,22,Chhattisgarh,379,JANJGIR - CHAMPA,CHAMPA,-,-,Mahanadi,Mahanadi,Hasdeo,-,-,Hasdeo,21.90000000,82.71333333,30-03-2026 08:00,11.61
634,Bamnidhi,CWC,22,Chhattisgarh,379,JANJGIR - CHAMPA,CHAMPA,-,-,Mahanadi,Mahanadi,Hasdeo,-,-,Hasdeo,21.90000000,82.71333333,31-03-2026 08:00,11.61
635,Bamnidhi,CWC,22,Chhattisgarh,379,JANJGIR - CHAMPA,CHAMPA,-,-,Mahanadi,Mahanadi,Hasdeo,-,-,Hasdeo,21.90000000,82.71333333,01-04-2026 08:00,13.06
636,Bamnidhi,CWC,22,Chhattisgarh,379,JANJGIR - CHAMPA,CHAMPA,-,-,Mahanadi,Mahanadi,Hasdeo,-,-,Hasdeo,21.90000000,82.71333333,02-04-2026 08:00,24.35
637,Bamnidhi,CWC,22,Chhattisgarh,379,JANJGIR - CHAMPA,CHAMPA,-,-,Mahanadi,Mahanadi,Hasdeo,-,-,Hasdeo,21.90000000,82.71333333,03-04-2026 08:00,24.3
638,Bamnidhi,CWC,22,Chhattisgarh,379,JANJGIR - CHAMPA,CHAMPA,-,-,Mahanadi,Mahanadi,Hasdeo,-,-,Hasdeo,21.90000000,82.71333333,03-04-2026 08:00,0
639,Bamnidhi,CWC,22,Chhattisgarh,379,JANJGIR - CHAMPA,CHAMPA,-,-,Mahanadi,Mahanadi,Hasdeo,-,-,Hasdeo,21.90000000,82.71333333,04-04-2026 08:00,14.54
640,Bamnidhi,CWC,22,Chhattisgarh,379,JANJGIR - CHAMPA,CHAMPA,-,-,Mahanadi,Mahanadi,Hasdeo,-,-,Hasdeo,21.90000000,82.71333333,05-04-2026 08:00,14.5
641,Bamnidhi,CWC,22,Chhattisgarh,379,JANJGIR - CHAMPA,CHAMPA,-,-,Mahanadi,Mahanadi,Hasdeo,-,-,Hasdeo,21.90000000,82.71333333,05-04-2026 08:00,0
642,Bamnidhi,CWC,22,Chhattisgarh,379,JANJGIR - CHAMPA,CHAMPA,-,-,Mahanadi,Mahanadi,Hasdeo,-,-,Hasdeo,21.90000000,82.71333333,06-04-2026 08:00,14.11
643,Bamnidhi,CWC,22,Chhattisgarh,379,JANJGIR - CHAMPA,CHAMPA,-,-,Mahanadi,Mahanadi,Hasdeo,-,-,Hasdeo,21.90000000,82.71333333,07-04-2026 08:00,13.96
644,Bamnidhi,CWC,22,Chhattisgarh,379,JANJGIR - CHAMPA,CHAMPA,-,-,Mahanadi,Mahanadi,Hasdeo,-,-,Hasdeo,21.90000000,82.71333333,08-04-2026 08:00,13.86
645,Bamnidhi,CWC,22,Chhattisgarh,379,JANJGIR - CHAMPA,CHAMPA,-,-,Mahanadi,Mahanadi,Hasdeo,-,-,Hasdeo,21.90000000,82.71333333,09-04-2026 08:00,14.01
646,Bamnidhi,CWC,22,Chhattisgarh,379,JANJGIR - CHAMPA,CHAMPA,-,-,Mahanadi,Mahanadi,Hasdeo,-,-,Hasdeo,21.90000000,82.71333333,10-04-2026 08:00,22.44
647,Bamnidhi,CWC,22,Chhattisgarh,379,JANJGIR - CHAMPA,CHAMPA,-,-,Mahanadi,Mahanadi,Hasdeo,-,-,Hasdeo,21.90000000,82.71333333,11-04-2026 08:00,21.22
648,Bamnidhi,CWC,22,Chhattisgarh,379,JANJGIR - CHAMPA,CHAMPA,-,-,Mahanadi,Mahanadi,Hasdeo,-,-,Hasdeo,21.90000000,82.71333333,12-04-2026 08:00,0
649,Bamnidhi,CWC,22,Chhattisgarh,379,JANJGIR - CHAMPA,CHAMPA,-,-,Mahanadi,Mahanadi,Hasdeo,-,-,Hasdeo,21.90000000,82.71333333,12-04-2026 08:00,21.2
650,Bamnidhi,CWC,22,Chhattisgarh,379,JANJGIR - CHAMPA,CHAMPA,-,-,Mahanadi,Mahanadi,Hasdeo,-,-,Hasdeo,21.90000000,82.71333333,13-04-2026 08:00,20.01
651,Bamnidhi,CWC,22,Chhattisgarh,379,JANJGIR - CHAMPA,CHAMPA,-,-,Mahanadi,Mahanadi,Hasdeo,-,-,Hasdeo,21.90000000,82.71333333,14-04-2026 08:00,0
652,Bamnidhi,CWC,22,Chhattisgarh,379,JANJGIR - CHAMPA,CHAMPA,-,-,Mahanadi,Mahanadi,Hasdeo,-,-,Hasdeo,21.90000000,82.71333333,14-04-2026 08:00,20
653,Bamnidhi,CWC,22,Chhattisgarh,379,JANJGIR - CHAMPA,CHAMPA,-,-,Mahanadi,Mahanadi,Hasdeo,-,-,Hasdeo,21.90000000,82.71333333,15-04-2026 08:00,18.42
654,Bamnidhi,CWC,22,Chhattisgarh,379,JANJGIR - CHAMPA,CHAMPA,-,-,Mahanadi,Mahanadi,Hasdeo,-,-,Hasdeo,21.90000000,82.71333333,16-04-2026 08:00,18.27
655,Bamnidhi,CWC,22,Chhattisgarh,379,JANJGIR - CHAMPA,CHAMPA,-,-,Mahanadi,Mahanadi,Hasdeo,-,-,Hasdeo,21.90000000,82.71333333,17-04-2026 08:00,17.85
656,Bamnidhi,CWC,22,Chhattisgarh,379,JANJGIR - CHAMPA,CHAMPA,-,-,Mahanadi,Mahanadi,Hasdeo,-,-,Hasdeo,21.90000000,82.71333333,18-04-2026 08:00,16.58
657,Bamnidhi,CWC,22,Chhattisgarh,379,JANJGIR - CHAMPA,CHAMPA,-,-,Mahanadi,Mahanadi,Hasdeo,-,-,Hasdeo,21.90000000,82.71333333,19-04-2026 08:00,16.5
658,Bamnidhi,CWC,22,Chhattisgarh,379,JANJGIR - CHAMPA,CHAMPA,-,-,Mahanadi,Mahanadi,Hasdeo,-,-,Hasdeo,21.90000000,82.71333333,19-04-2026 08:00,0
659,Bamnidhi,CWC,22,Chhattisgarh,379,JANJGIR - CHAMPA,CHAMPA,-,-,Mahanadi,Mahanadi,Hasdeo,-,-,Hasdeo,21.90000000,82.71333333,20-04-2026 08:00,16.25
660,Bamnidhi,CWC,22,Chhattisgarh,379,JANJGIR - CHAMPA,CHAMPA,-,-,Mahanadi,Mahanadi,Hasdeo,-,-,Hasdeo,21.90000000,82.71333333,21-04-2026 08:00,16.06
661,Bamnidhi,CWC,22,Chhattisgarh,379,JANJGIR - CHAMPA,CHAMPA,-,-,Mahanadi,Mahanadi,Hasdeo,-,-,Hasdeo,21.90000000,82.71333333,22-04-2026 08:00,16.18
662,Bamnidhi,CWC,22,Chhattisgarh,379,JANJGIR - CHAMPA,CHAMPA,-,-,Mahanadi,Mahanadi,Hasdeo,-,-,Hasdeo,21.90000000,82.71333333,23-04-2026 08:00,16.23
663,Bamnidhi,CWC,22,Chhattisgarh,379,JANJGIR - CHAMPA,CHAMPA,-,-,Mahanadi,Mahanadi,Hasdeo,-,-,Hasdeo,21.90000000,82.71333333,24-04-2026 08:00,16.17
664,Bamnidhi,CWC,22,Chhattisgarh,379,JANJGIR - CHAMPA,CHAMPA,-,-,Mahanadi,Mahanadi,Hasdeo,-,-,Hasdeo,21.90000000,82.71333333,25-04-2026 08:00,16.22
665,Bamnidhi,CWC,22,Chhattisgarh,379,JANJGIR - CHAMPA,CHAMPA,-,-,Mahanadi,Mahanadi,Hasdeo,-,-,Hasdeo,21.90000000,82.71333333,26-04-2026 08:00,20.25
666,Bamnidhi,CWC,22,Chhattisgarh,379,JANJGIR - CHAMPA,CHAMPA,-,-,Mahanadi,Mahanadi,Hasdeo,-,-,Hasdeo,21.90000000,82.71333333,26-04-2026 08:00,0
667,Bamnidhi,CWC,22,Chhattisgarh,379,JANJGIR - CHAMPA,CHAMPA,-,-,Mahanadi,Mahanadi,Hasdeo,-,-,Hasdeo,21.90000000,82.71333333,27-04-2026 08:00,24.65
668,Bamnidhi,CWC,22,Chhattisgarh,379,JANJGIR - CHAMPA,CHAMPA,-,-,Mahanadi,Mahanadi,Hasdeo,-,-,Hasdeo,21.90000000,82.71333333,28-04-2026 08:00,17.25
669,Bamnidhi,CWC,22,Chhattisgarh,379,JANJGIR - CHAMPA,CHAMPA,-,-,Mahanadi,Mahanadi,Hasdeo,-,-,Hasdeo,21.90000000,82.71333333,29-04-2026 08:00,16.75
670,Bamnidhi,CWC,22,Chhattisgarh,379,JANJGIR - CHAMPA,CHAMPA,-,-,Mahanadi,Mahanadi,Hasdeo,-,-,Hasdeo,21.90000000,82.71333333,30-04-2026 08:00,14.48
671,Bamnidhi,CWC,22,Chhattisgarh,379,JANJGIR - CHAMPA,CHAMPA,-,-,Mahanadi,Mahanadi,Hasdeo,-,-,Hasdeo,21.90000000,82.71333333,01-05-2026 08:00,13.44
672,Bamnidhi,CWC,22,Chhattisgarh,379,JANJGIR - CHAMPA,CHAMPA,-,-,Mahanadi,Mahanadi,Hasdeo,-,-,Hasdeo,21.90000000,82.71333333,01-05-2026 08:00,0
673,Bamnidhi,CWC,22,Chhattisgarh,379,JANJGIR - CHAMPA,CHAMPA,-,-,Mahanadi,Mahanadi,Hasdeo,-,-,Hasdeo,21.90000000,82.71333333,02-05-2026 08:00,13.443
674,Bamnidhi,CWC,22,Chhattisgarh,379,JANJGIR - CHAMPA,CHAMPA,-,-,Mahanadi,Mahanadi,Hasdeo,-,-,Hasdeo,21.90000000,82.71333333,03-05-2026 08:00,0
675,Bamnidhi,CWC,22,Chhattisgarh,379,JANJGIR - CHAMPA,CHAMPA,-,-,Mahanadi,Mahanadi,Hasdeo,-,-,Hasdeo,21.90000000,82.71333333,03-05-2026 08:00,13.45
676,Bamnidhi,CWC,22,Chhattisgarh,379,JANJGIR - CHAMPA,CHAMPA,-,-,Mahanadi,Mahanadi,Hasdeo,-,-,Hasdeo,21.90000000,82.71333333,04-05-2026 08:00,14.048
677,Bamnidhi,CWC,22,Chhattisgarh,379,JANJGIR - CHAMPA,CHAMPA,-,-,Mahanadi,Mahanadi,Hasdeo,-,-,Hasdeo,21.90000000,82.71333333,05-05-2026 08:00,14.066
678,Bamnidhi,CWC,22,Chhattisgarh,379,JANJGIR - CHAMPA,CHAMPA,-,-,Mahanadi,Mahanadi,Hasdeo,-,-,Hasdeo,21.90000000,82.71333333,06-05-2026 08:00,16.964
679,Bamnidhi,CWC,22,Chhattisgarh,379,JANJGIR - CHAMPA,CHAMPA,-,-,Mahanadi,Mahanadi,Hasdeo,-,-,Hasdeo,21.90000000,82.71333333,07-05-2026 08:00,16.723
680,Bamnidhi,CWC,22,Chhattisgarh,379,JANJGIR - CHAMPA,CHAMPA,-,-,Mahanadi,Mahanadi,Hasdeo,-,-,Hasdeo,21.90000000,82.71333333,08-05-2026 08:00,16.41
681,Bamnidhi,CWC,22,Chhattisgarh,379,JANJGIR - CHAMPA,CHAMPA,-,-,Mahanadi,Mahanadi,Hasdeo,-,-,Hasdeo,21.90000000,82.71333333,09-05-2026 08:00,17.22
682,Bamnidhi,CWC,22,Chhattisgarh,379,JANJGIR - CHAMPA,CHAMPA,-,-,Mahanadi,Mahanadi,Hasdeo,-,-,Hasdeo,21.90000000,82.71333333,10-05-2026 08:00,17.22
683,Bamnidhi,CWC,22,Chhattisgarh,379,JANJGIR - CHAMPA,CHAMPA,-,-,Mahanadi,Mahanadi,Hasdeo,-,-,Hasdeo,21.90000000,82.71333333,10-05-2026 08:00,0
684,Bamnidhi,CWC,22,Chhattisgarh,379,JANJGIR - CHAMPA,CHAMPA,-,-,Mahanadi,Mahanadi,Hasdeo,-,-,Hasdeo,21.90000000,82.71333333,11-05-2026 08:00,18.648
685,Bamnidhi,CWC,22,Chhattisgarh,379,JANJGIR - CHAMPA,CHAMPA,-,-,Mahanadi,Mahanadi,Hasdeo,-,-,Hasdeo,21.90000000,82.71333333,12-05-2026 08:00,18.707
686,Bamnidhi,CWC,22,Chhattisgarh,379,JANJGIR - CHAMPA,CHAMPA,-,-,Mahanadi,Mahanadi,Hasdeo,-,-,Hasdeo,21.90000000,82.71333333,13-05-2026 08:00,18.162
687,Bamnidhi,CWC,22,Chhattisgarh,379,JANJGIR - CHAMPA,CHAMPA,-,-,Mahanadi,Mahanadi,Hasdeo,-,-,Hasdeo,21.90000000,82.71333333,14-05-2026 08:00,16.386
688,Bamnidhi,CWC,22,Chhattisgarh,379,JANJGIR - CHAMPA,CHAMPA,-,-,Mahanadi,Mahanadi,Hasdeo,-,-,Hasdeo,21.90000000,82.71333333,15-05-2026 08:00,17.455
689,Bamnidhi,CWC,22,Chhattisgarh,379,JANJGIR - CHAMPA,CHAMPA,-,-,Mahanadi,Mahanadi,Hasdeo,-,-,Hasdeo,21.90000000,82.71333333,16-05-2026 08:00,16.854
690,Bamnidhi,CWC,22,Chhattisgarh,379,JANJGIR - CHAMPA,CHAMPA,-,-,Mahanadi,Mahanadi,Hasdeo,-,-,Hasdeo,21.90000000,82.71333333,17-05-2026 08:00,16.854
691,Bamnidhi,CWC,22,Chhattisgarh,379,JANJGIR - CHAMPA,CHAMPA,-,-,Mahanadi,Mahanadi,Hasdeo,-,-,Hasdeo,21.90000000,82.71333333,17-05-2026 08:00,0
692,Bamnidhi,CWC,22,Chhattisgarh,379,JANJGIR - CHAMPA,CHAMPA,-,-,Mahanadi,Mahanadi,Hasdeo,-,-,Hasdeo,21.90000000,82.71333333,18-05-2026 08:00,11.7
693,Bamnidhi,CWC,22,Chhattisgarh,379,JANJGIR - CHAMPA,CHAMPA,-,-,Mahanadi,Mahanadi,Hasdeo,-,-,Hasdeo,21.90000000,82.71333333,19-05-2026 08:00,11.628
694,Bamnidhi,CWC,22,Chhattisgarh,379,JANJGIR - CHAMPA,CHAMPA,-,-,Mahanadi,Mahanadi,Hasdeo,-,-,Hasdeo,21.90000000,82.71333333,20-05-2026 08:00,11.501
695,Bamnidhi,CWC,22,Chhattisgarh,379,JANJGIR - CHAMPA,CHAMPA,-,-,Mahanadi,Mahanadi,Hasdeo,-,-,Hasdeo,21.90000000,82.71333333,21-05-2026 08:00,11.739
696,Bamnidhi,CWC,22,Chhattisgarh,379,JANJGIR - CHAMPA,CHAMPA,-,-,Mahanadi,Mahanadi,Hasdeo,-,-,Hasdeo,21.90000000,82.71333333,22-05-2026 08:00,11.364
697,Bamnidhi,CWC,22,Chhattisgarh,379,JANJGIR - CHAMPA,CHAMPA,-,-,Mahanadi,Mahanadi,Hasdeo,-,-,Hasdeo,21.90000000,82.71333333,23-05-2026 08:00,11.058
698,Bamnidhi,CWC,22,Chhattisgarh,379,JANJGIR - CHAMPA,CHAMPA,-,-,Mahanadi,Mahanadi,Hasdeo,-,-,Hasdeo,21.90000000,82.71333333,24-05-2026 08:00,11.058
699,Bamnidhi,CWC,22,Chhattisgarh,379,JANJGIR - CHAMPA,CHAMPA,-,-,Mahanadi,Mahanadi,Hasdeo,-,-,Hasdeo,21.90000000,82.71333333,24-05-2026 08:00,0
700,Bamnidhi,CWC,22,Chhattisgarh,379,JANJGIR - CHAMPA,CHAMPA,-,-,Mahanadi,Mahanadi,Hasdeo,-,-,Hasdeo,21.90000000,82.71333333,25-05-2026 08:00,8.03
701,Bamnidhi,CWC,22,Chhattisgarh,379,JANJGIR - CHAMPA,CHAMPA,-,-,Mahanadi,Mahanadi,Hasdeo,-,-,Hasdeo,21.90000000,82.71333333,26-05-2026 08:00,8.648
702,Bamnidhi,CWC,22,Chhattisgarh,379,JANJGIR - CHAMPA,CHAMPA,-,-,Mahanadi,Mahanadi,Hasdeo,-,-,Hasdeo,21.90000000,82.71333333,27-05-2026 08:00,8.428
703,Bamnidhi,CWC,22,Chhattisgarh,379,JANJGIR - CHAMPA,CHAMPA,-,-,Mahanadi,Mahanadi,Hasdeo,-,-,Hasdeo,21.90000000,82.71333333,28-05-2026 08:00,8.428
704,Bamnidhi,CWC,22,Chhattisgarh,379,JANJGIR - CHAMPA,CHAMPA,-,-,Mahanadi,Mahanadi,Hasdeo,-,-,Hasdeo,21.90000000,82.71333333,28-05-2026 08:00,0
705,Bamnidhi,CWC,22,Chhattisgarh,379,JANJGIR - CHAMPA,CHAMPA,-,-,Mahanadi,Mahanadi,Hasdeo,-,-,Hasdeo,21.90000000,82.71333333,29-05-2026 08:00,8.036
706,Bamnidhi,CWC,22,Chhattisgarh,379,JANJGIR - CHAMPA,CHAMPA,-,-,Mahanadi,Mahanadi,Hasdeo,-,-,Hasdeo,21.90000000,82.71333333,30-05-2026 08:00,8.211
707,Bamnidhi,CWC,22,Chhattisgarh,379,JANJGIR - CHAMPA,CHAMPA,-,-,Mahanadi,Mahanadi,Hasdeo,-,-,Hasdeo,21.90000000,82.71333333,31-05-2026 08:00,8.2
708,Bamnidhi,CWC,22,Chhattisgarh,379,JANJGIR - CHAMPA,CHAMPA,-,-,Mahanadi,Mahanadi,Hasdeo,-,-,Hasdeo,21.90000000,82.71333333,31-05-2026 08:00,0
709,Bamnidhi,CWC,22,Chhattisgarh,379,JANJGIR - CHAMPA,CHAMPA,-,-,Mahanadi,Mahanadi,Hasdeo,-,-,Hasdeo,21.90000000,82.71333333,01-06-2026 08:15,8.468
710,Bamnidhi,CWC,22,Chhattisgarh,379,JANJGIR - CHAMPA,CHAMPA,-,-,Mahanadi,Mahanadi,Hasdeo,-,-,Hasdeo,21.90000000,82.71333333,02-06-2026 09:00,7.831
711,Bamnidhi,CWC,22,Chhattisgarh,379,JANJGIR - CHAMPA,CHAMPA,-,-,Mahanadi,Mahanadi,Hasdeo,-,-,Hasdeo,21.90000000,82.71333333,03-06-2026 08:15,8.454
712,Bamnidhi,CWC,22,Chhattisgarh,379,JANJGIR - CHAMPA,CHAMPA,-,-,Mahanadi,Mahanadi,Hasdeo,-,-,Hasdeo,21.90000000,82.71333333,04-06-2026 08:15,7.868
713,Bamnidhi,CWC,22,Chhattisgarh,379,JANJGIR - CHAMPA,CHAMPA,-,-,Mahanadi,Mahanadi,Hasdeo,-,-,Hasdeo,21.90000000,82.71333333,05-06-2026 08:15,8.31
714,Bamnidhi,CWC,22,Chhattisgarh,379,JANJGIR - CHAMPA,CHAMPA,-,-,Mahanadi,Mahanadi,Hasdeo,-,-,Hasdeo,21.90000000,82.71333333,06-06-2026 08:15,8.346
715,Bamnidhi,CWC,22,Chhattisgarh,379,JANJGIR - CHAMPA,CHAMPA,-,-,Mahanadi,Mahanadi,Hasdeo,-,-,Hasdeo,21.90000000,82.71333333,08-06-2026 08:00,9.751
716,Bamnidhi,CWC,22,Chhattisgarh,379,JANJGIR - CHAMPA,CHAMPA,-,-,Mahanadi,Mahanadi,Hasdeo,-,-,Hasdeo,21.90000000,82.71333333,09-06-2026 08:00,9.408
717,Bamnidhi,CWC,22,Chhattisgarh,379,JANJGIR - CHAMPA,CHAMPA,-,-,Mahanadi,Mahanadi,Hasdeo,-,-,Hasdeo,21.90000000,82.71333333,10-06-2026 09:00,9.552
718,Bamnidhi,CWC,22,Chhattisgarh,379,JANJGIR - CHAMPA,CHAMPA,-,-,Mahanadi,Mahanadi,Hasdeo,-,-,Hasdeo,21.90000000,82.71333333,11-06-2026 08:00,9.275
719,Bamnidhi,CWC,22,Chhattisgarh,379,JANJGIR - CHAMPA,CHAMPA,-,-,Mahanadi,Mahanadi,Hasdeo,-,-,Hasdeo,21.90000000,82.71333333,12-06-2026 08:00,189.977
720,Bamnidhi,CWC,22,Chhattisgarh,379,JANJGIR - CHAMPA,CHAMPA,-,-,Mahanadi,Mahanadi,Hasdeo,-,-,Hasdeo,21.90000000,82.71333333,13-06-2026 08:00,9.618
721,Bamnidhi,CWC,22,Chhattisgarh,379,JANJGIR - CHAMPA,CHAMPA,-,-,Mahanadi,Mahanadi,Hasdeo,-,-,Hasdeo,21.90000000,82.71333333,15-06-2026 08:00,12.273
722,Bamnidhi,CWC,22,Chhattisgarh,379,JANJGIR - CHAMPA,CHAMPA,-,-,Mahanadi,Mahanadi,Hasdeo,-,-,Hasdeo,21.90000000,82.71333333,16-06-2026 08:00,12.849
723,Bamnidhi,CWC,22,Chhattisgarh,379,JANJGIR - CHAMPA,CHAMPA,-,-,Mahanadi,Mahanadi,Hasdeo,-,-,Hasdeo,21.90000000,82.71333333,17-06-2026 08:00,10.53
724,Bamnidhi,CWC,22,Chhattisgarh,379,JANJGIR - CHAMPA,CHAMPA,-,-,Mahanadi,Mahanadi,Hasdeo,-,-,Hasdeo,21.90000000,82.71333333,18-06-2026 08:00,9.069
725,Bamnidhi,CWC,22,Chhattisgarh,379,JANJGIR - CHAMPA,CHAMPA,-,-,Mahanadi,Mahanadi,Hasdeo,-,-,Hasdeo,21.90000000,82.71333333,19-06-2026 08:00,9.087
726,Bamnidhi,CWC,22,Chhattisgarh,379,JANJGIR - CHAMPA,CHAMPA,-,-,Mahanadi,Mahanadi,Hasdeo,-,-,Hasdeo,21.90000000,82.71333333,20-06-2026 08:00,9.315
727,Bamnidhi,CWC,22,Chhattisgarh,379,JANJGIR - CHAMPA,CHAMPA,-,-,Mahanadi,Mahanadi,Hasdeo,-,-,Hasdeo,21.90000000,82.71333333,22-06-2026 08:00,9.099
728,Bamnidhi,CWC,22,Chhattisgarh,379,JANJGIR - CHAMPA,CHAMPA,-,-,Mahanadi,Mahanadi,Hasdeo,-,-,Hasdeo,21.90000000,82.71333333,23-06-2026 08:00,8.666
729,Bamnidhi,CWC,22,Chhattisgarh,379,JANJGIR - CHAMPA,CHAMPA,-,-,Mahanadi,Mahanadi,Hasdeo,-,-,Hasdeo,21.90000000,82.71333333,24-06-2026 08:00,14.421
730,Bamnidhi,CWC,22,Chhattisgarh,379,JANJGIR - CHAMPA,CHAMPA,-,-,Mahanadi,Mahanadi,Hasdeo,-,-,Hasdeo,21.90000000,82.71333333,25-06-2026 08:00,13.643
731,Bamnidhi,CWC,22,Chhattisgarh,379,JANJGIR - CHAMPA,CHAMPA,-,-,Mahanadi,Mahanadi,Hasdeo,-,-,Hasdeo,21.90000000,82.71333333,27-06-2026 08:00,13.207
732,Bamnidhi,CWC,22,Chhattisgarh,379,JANJGIR - CHAMPA,CHAMPA,-,-,Mahanadi,Mahanadi,Hasdeo,-,-,Hasdeo,21.90000000,82.71333333,29-06-2026 08:00,13.105
733,Bamnidhi,CWC,22,Chhattisgarh,379,JANJGIR - CHAMPA,CHAMPA,-,-,Mahanadi,Mahanadi,Hasdeo,-,-,Hasdeo,21.90000000,82.71333333,30-06-2026 08:00,13.76
734,Baronda,CWC,22,Chhattisgarh,645,GARIABAND,RAJIM,-,-,Mahanadi,Mahanadi,Pairi,Pairi,Pairi,Pairi,20.91055556,81.88722222,01-01-2026 08:00,1
735,Baronda,CWC,22,Chhattisgarh,645,GARIABAND,RAJIM,-,-,Mahanadi,Mahanadi,Pairi,Pairi,Pairi,Pairi,20.91055556,81.88722222,02-01-2026 08:00,1
736,Baronda,CWC,22,Chhattisgarh,645,GARIABAND,RAJIM,-,-,Mahanadi,Mahanadi,Pairi,Pairi,Pairi,Pairi,20.91055556,81.88722222,03-01-2026 08:00,1
737,Baronda,CWC,22,Chhattisgarh,645,GARIABAND,RAJIM,-,-,Mahanadi,Mahanadi,Pairi,Pairi,Pairi,Pairi,20.91055556,81.88722222,04-01-2026 08:00,1
738,Baronda,CWC,22,Chhattisgarh,645,GARIABAND,RAJIM,-,-,Mahanadi,Mahanadi,Pairi,Pairi,Pairi,Pairi,20.91055556,81.88722222,05-01-2026 08:00,1
739,Baronda,CWC,22,Chhattisgarh,645,GARIABAND,RAJIM,-,-,Mahanadi,Mahanadi,Pairi,Pairi,Pairi,Pairi,20.91055556,81.88722222,06-01-2026 08:00,1
740,Baronda,CWC,22,Chhattisgarh,645,GARIABAND,RAJIM,-,-,Mahanadi,Mahanadi,Pairi,Pairi,Pairi,Pairi,20.91055556,81.88722222,07-01-2026 08:00,1
741,Baronda,CWC,22,Chhattisgarh,645,GARIABAND,RAJIM,-,-,Mahanadi,Mahanadi,Pairi,Pairi,Pairi,Pairi,20.91055556,81.88722222,08-01-2026 08:00,1
742,Baronda,CWC,22,Chhattisgarh,645,GARIABAND,RAJIM,-,-,Mahanadi,Mahanadi,Pairi,Pairi,Pairi,Pairi,20.91055556,81.88722222,09-01-2026 08:00,1
743,Baronda,CWC,22,Chhattisgarh,645,GARIABAND,RAJIM,-,-,Mahanadi,Mahanadi,Pairi,Pairi,Pairi,Pairi,20.91055556,81.88722222,10-01-2026 08:00,1
744,Baronda,CWC,22,Chhattisgarh,645,GARIABAND,RAJIM,-,-,Mahanadi,Mahanadi,Pairi,Pairi,Pairi,Pairi,20.91055556,81.88722222,11-01-2026 08:00,1
745,Baronda,CWC,22,Chhattisgarh,645,GARIABAND,RAJIM,-,-,Mahanadi,Mahanadi,Pairi,Pairi,Pairi,Pairi,20.91055556,81.88722222,12-01-2026 08:00,1
746,Baronda,CWC,22,Chhattisgarh,645,GARIABAND,RAJIM,-,-,Mahanadi,Mahanadi,Pairi,Pairi,Pairi,Pairi,20.91055556,81.88722222,13-01-2026 08:00,1
747,Baronda,CWC,22,Chhattisgarh,645,GARIABAND,RAJIM,-,-,Mahanadi,Mahanadi,Pairi,Pairi,Pairi,Pairi,20.91055556,81.88722222,14-01-2026 08:00,1
748,Baronda,CWC,22,Chhattisgarh,645,GARIABAND,RAJIM,-,-,Mahanadi,Mahanadi,Pairi,Pairi,Pairi,Pairi,20.91055556,81.88722222,15-01-2026 08:00,2.175
749,Baronda,CWC,22,Chhattisgarh,645,GARIABAND,RAJIM,-,-,Mahanadi,Mahanadi,Pairi,Pairi,Pairi,Pairi,20.91055556,81.88722222,16-01-2026 08:00,2.102
750,Baronda,CWC,22,Chhattisgarh,645,GARIABAND,RAJIM,-,-,Mahanadi,Mahanadi,Pairi,Pairi,Pairi,Pairi,20.91055556,81.88722222,17-01-2026 08:00,2.056
751,Baronda,CWC,22,Chhattisgarh,645,GARIABAND,RAJIM,-,-,Mahanadi,Mahanadi,Pairi,Pairi,Pairi,Pairi,20.91055556,81.88722222,18-01-2026 08:00,2.33
752,Baronda,CWC,22,Chhattisgarh,645,GARIABAND,RAJIM,-,-,Mahanadi,Mahanadi,Pairi,Pairi,Pairi,Pairi,20.91055556,81.88722222,19-01-2026 08:00,2.253
753,Baronda,CWC,22,Chhattisgarh,645,GARIABAND,RAJIM,-,-,Mahanadi,Mahanadi,Pairi,Pairi,Pairi,Pairi,20.91055556,81.88722222,20-01-2026 08:00,2.274
754,Baronda,CWC,22,Chhattisgarh,645,GARIABAND,RAJIM,-,-,Mahanadi,Mahanadi,Pairi,Pairi,Pairi,Pairi,20.91055556,81.88722222,21-01-2026 08:15,2.362
755,Baronda,CWC,22,Chhattisgarh,645,GARIABAND,RAJIM,-,-,Mahanadi,Mahanadi,Pairi,Pairi,Pairi,Pairi,20.91055556,81.88722222,22-01-2026 08:00,2.251
756,Baronda,CWC,22,Chhattisgarh,645,GARIABAND,RAJIM,-,-,Mahanadi,Mahanadi,Pairi,Pairi,Pairi,Pairi,20.91055556,81.88722222,23-01-2026 08:15,2.17
757,Baronda,CWC,22,Chhattisgarh,645,GARIABAND,RAJIM,-,-,Mahanadi,Mahanadi,Pairi,Pairi,Pairi,Pairi,20.91055556,81.88722222,24-01-2026 08:00,2.048
758,Baronda,CWC,22,Chhattisgarh,645,GARIABAND,RAJIM,-,-,Mahanadi,Mahanadi,Pairi,Pairi,Pairi,Pairi,20.91055556,81.88722222,25-01-2026 08:00,2.13
759,Baronda,CWC,22,Chhattisgarh,645,GARIABAND,RAJIM,-,-,Mahanadi,Mahanadi,Pairi,Pairi,Pairi,Pairi,20.91055556,81.88722222,26-01-2026 08:00,2.12
760,Baronda,CWC,22,Chhattisgarh,645,GARIABAND,RAJIM,-,-,Mahanadi,Mahanadi,Pairi,Pairi,Pairi,Pairi,20.91055556,81.88722222,27-01-2026 08:00,2.112
761,Baronda,CWC,22,Chhattisgarh,645,GARIABAND,RAJIM,-,-,Mahanadi,Mahanadi,Pairi,Pairi,Pairi,Pairi,20.91055556,81.88722222,28-01-2026 08:00,1.89
762,Baronda,CWC,22,Chhattisgarh,645,GARIABAND,RAJIM,-,-,Mahanadi,Mahanadi,Pairi,Pairi,Pairi,Pairi,20.91055556,81.88722222,29-01-2026 08:00,1.966
763,Baronda,CWC,22,Chhattisgarh,645,GARIABAND,RAJIM,-,-,Mahanadi,Mahanadi,Pairi,Pairi,Pairi,Pairi,20.91055556,81.88722222,30-01-2026 08:00,1.898
764,Baronda,CWC,22,Chhattisgarh,645,GARIABAND,RAJIM,-,-,Mahanadi,Mahanadi,Pairi,Pairi,Pairi,Pairi,20.91055556,81.88722222,31-01-2026 08:00,2.723
765,Baronda,CWC,22,Chhattisgarh,645,GARIABAND,RAJIM,-,-,Mahanadi,Mahanadi,Pairi,Pairi,Pairi,Pairi,20.91055556,81.88722222,01-02-2026 08:00,2.8
766,Baronda,CWC,22,Chhattisgarh,645,GARIABAND,RAJIM,-,-,Mahanadi,Mahanadi,Pairi,Pairi,Pairi,Pairi,20.91055556,81.88722222,02-02-2026 08:00,2.97
767,Baronda,CWC,22,Chhattisgarh,645,GARIABAND,RAJIM,-,-,Mahanadi,Mahanadi,Pairi,Pairi,Pairi,Pairi,20.91055556,81.88722222,03-02-2026 08:00,3.62
768,Baronda,CWC,22,Chhattisgarh,645,GARIABAND,RAJIM,-,-,Mahanadi,Mahanadi,Pairi,Pairi,Pairi,Pairi,20.91055556,81.88722222,04-02-2026 08:00,2.52
769,Baronda,CWC,22,Chhattisgarh,645,GARIABAND,RAJIM,-,-,Mahanadi,Mahanadi,Pairi,Pairi,Pairi,Pairi,20.91055556,81.88722222,05-02-2026 08:00,2.57
770,Baronda,CWC,22,Chhattisgarh,645,GARIABAND,RAJIM,-,-,Mahanadi,Mahanadi,Pairi,Pairi,Pairi,Pairi,20.91055556,81.88722222,06-02-2026 08:00,3.7
771,Baronda,CWC,22,Chhattisgarh,645,GARIABAND,RAJIM,-,-,Mahanadi,Mahanadi,Pairi,Pairi,Pairi,Pairi,20.91055556,81.88722222,07-02-2026 08:00,2.85
772,Baronda,CWC,22,Chhattisgarh,645,GARIABAND,RAJIM,-,-,Mahanadi,Mahanadi,Pairi,Pairi,Pairi,Pairi,20.91055556,81.88722222,08-02-2026 08:00,2.67
773,Baronda,CWC,22,Chhattisgarh,645,GARIABAND,RAJIM,-,-,Mahanadi,Mahanadi,Pairi,Pairi,Pairi,Pairi,20.91055556,81.88722222,09-02-2026 08:00,2.36
774,Baronda,CWC,22,Chhattisgarh,645,GARIABAND,RAJIM,-,-,Mahanadi,Mahanadi,Pairi,Pairi,Pairi,Pairi,20.91055556,81.88722222,10-02-2026 08:00,1.98
775,Baronda,CWC,22,Chhattisgarh,645,GARIABAND,RAJIM,-,-,Mahanadi,Mahanadi,Pairi,Pairi,Pairi,Pairi,20.91055556,81.88722222,11-02-2026 08:00,1.87
776,Baronda,CWC,22,Chhattisgarh,645,GARIABAND,RAJIM,-,-,Mahanadi,Mahanadi,Pairi,Pairi,Pairi,Pairi,20.91055556,81.88722222,12-02-2026 08:00,1.85
777,Baronda,CWC,22,Chhattisgarh,645,GARIABAND,RAJIM,-,-,Mahanadi,Mahanadi,Pairi,Pairi,Pairi,Pairi,20.91055556,81.88722222,13-02-2026 08:00,1.84
778,Baronda,CWC,22,Chhattisgarh,645,GARIABAND,RAJIM,-,-,Mahanadi,Mahanadi,Pairi,Pairi,Pairi,Pairi,20.91055556,81.88722222,14-02-2026 08:00,2.02
779,Baronda,CWC,22,Chhattisgarh,645,GARIABAND,RAJIM,-,-,Mahanadi,Mahanadi,Pairi,Pairi,Pairi,Pairi,20.91055556,81.88722222,15-02-2026 08:00,2
780,Baronda,CWC,22,Chhattisgarh,645,GARIABAND,RAJIM,-,-,Mahanadi,Mahanadi,Pairi,Pairi,Pairi,Pairi,20.91055556,81.88722222,16-02-2026 08:00,2.71
781,Baronda,CWC,22,Chhattisgarh,645,GARIABAND,RAJIM,-,-,Mahanadi,Mahanadi,Pairi,Pairi,Pairi,Pairi,20.91055556,81.88722222,17-02-2026 08:00,2.68
782,Baronda,CWC,22,Chhattisgarh,645,GARIABAND,RAJIM,-,-,Mahanadi,Mahanadi,Pairi,Pairi,Pairi,Pairi,20.91055556,81.88722222,18-02-2026 08:00,2.39
783,Baronda,CWC,22,Chhattisgarh,645,GARIABAND,RAJIM,-,-,Mahanadi,Mahanadi,Pairi,Pairi,Pairi,Pairi,20.91055556,81.88722222,19-02-2026 08:00,2.83
784,Baronda,CWC,22,Chhattisgarh,645,GARIABAND,RAJIM,-,-,Mahanadi,Mahanadi,Pairi,Pairi,Pairi,Pairi,20.91055556,81.88722222,20-02-2026 08:00,2.49
785,Baronda,CWC,22,Chhattisgarh,645,GARIABAND,RAJIM,-,-,Mahanadi,Mahanadi,Pairi,Pairi,Pairi,Pairi,20.91055556,81.88722222,21-02-2026 08:00,2.24
786,Baronda,CWC,22,Chhattisgarh,645,GARIABAND,RAJIM,-,-,Mahanadi,Mahanadi,Pairi,Pairi,Pairi,Pairi,20.91055556,81.88722222,22-02-2026 08:00,1.85
787,Baronda,CWC,22,Chhattisgarh,645,GARIABAND,RAJIM,-,-,Mahanadi,Mahanadi,Pairi,Pairi,Pairi,Pairi,20.91055556,81.88722222,23-02-2026 08:00,1.87
788,Baronda,CWC,22,Chhattisgarh,645,GARIABAND,RAJIM,-,-,Mahanadi,Mahanadi,Pairi,Pairi,Pairi,Pairi,20.91055556,81.88722222,24-02-2026 08:00,1.97
789,Baronda,CWC,22,Chhattisgarh,645,GARIABAND,RAJIM,-,-,Mahanadi,Mahanadi,Pairi,Pairi,Pairi,Pairi,20.91055556,81.88722222,25-02-2026 08:00,1.77
790,Baronda,CWC,22,Chhattisgarh,645,GARIABAND,RAJIM,-,-,Mahanadi,Mahanadi,Pairi,Pairi,Pairi,Pairi,20.91055556,81.88722222,26-02-2026 08:00,1.61
791,Baronda,CWC,22,Chhattisgarh,645,GARIABAND,RAJIM,-,-,Mahanadi,Mahanadi,Pairi,Pairi,Pairi,Pairi,20.91055556,81.88722222,27-02-2026 08:00,1.56
792,Baronda,CWC,22,Chhattisgarh,645,GARIABAND,RAJIM,-,-,Mahanadi,Mahanadi,Pairi,Pairi,Pairi,Pairi,20.91055556,81.88722222,28-02-2026 08:00,1.48
793,Baronda,CWC,22,Chhattisgarh,645,GARIABAND,RAJIM,-,-,Mahanadi,Mahanadi,Pairi,Pairi,Pairi,Pairi,20.91055556,81.88722222,01-03-2026 08:00,1.4
794,Baronda,CWC,22,Chhattisgarh,645,GARIABAND,RAJIM,-,-,Mahanadi,Mahanadi,Pairi,Pairi,Pairi,Pairi,20.91055556,81.88722222,02-03-2026 08:00,1.4
795,Baronda,CWC,22,Chhattisgarh,645,GARIABAND,RAJIM,-,-,Mahanadi,Mahanadi,Pairi,Pairi,Pairi,Pairi,20.91055556,81.88722222,03-03-2026 08:00,1.21
796,Baronda,CWC,22,Chhattisgarh,645,GARIABAND,RAJIM,-,-,Mahanadi,Mahanadi,Pairi,Pairi,Pairi,Pairi,20.91055556,81.88722222,04-03-2026 08:00,0
797,Baronda,CWC,22,Chhattisgarh,645,GARIABAND,RAJIM,-,-,Mahanadi,Mahanadi,Pairi,Pairi,Pairi,Pairi,20.91055556,81.88722222,05-03-2026 08:00,0
798,Baronda,CWC,22,Chhattisgarh,645,GARIABAND,RAJIM,-,-,Mahanadi,Mahanadi,Pairi,Pairi,Pairi,Pairi,20.91055556,81.88722222,06-03-2026 08:00,0
799,Baronda,CWC,22,Chhattisgarh,645,GARIABAND,RAJIM,-,-,Mahanadi,Mahanadi,Pairi,Pairi,Pairi,Pairi,20.91055556,81.88722222,07-03-2026 08:00,0
800,Baronda,CWC,22,Chhattisgarh,645,GARIABAND,RAJIM,-,-,Mahanadi,Mahanadi,Pairi,Pairi,Pairi,Pairi,20.91055556,81.88722222,08-03-2026 08:00,0
801,Baronda,CWC,22,Chhattisgarh,645,GARIABAND,RAJIM,-,-,Mahanadi,Mahanadi,Pairi,Pairi,Pairi,Pairi,20.91055556,81.88722222,09-03-2026 08:00,0
802,Baronda,CWC,22,Chhattisgarh,645,GARIABAND,RAJIM,-,-,Mahanadi,Mahanadi,Pairi,Pairi,Pairi,Pairi,20.91055556,81.88722222,10-03-2026 08:00,0
803,Baronda,CWC,22,Chhattisgarh,645,GARIABAND,RAJIM,-,-,Mahanadi,Mahanadi,Pairi,Pairi,Pairi,Pairi,20.91055556,81.88722222,11-03-2026 08:00,0
804,Baronda,CWC,22,Chhattisgarh,645,GARIABAND,RAJIM,-,-,Mahanadi,Mahanadi,Pairi,Pairi,Pairi,Pairi,20.91055556,81.88722222,12-03-2026 08:00,0
805,Baronda,CWC,22,Chhattisgarh,645,GARIABAND,RAJIM,-,-,Mahanadi,Mahanadi,Pairi,Pairi,Pairi,Pairi,20.91055556,81.88722222,13-03-2026 08:00,0
806,Baronda,CWC,22,Chhattisgarh,645,GARIABAND,RAJIM,-,-,Mahanadi,Mahanadi,Pairi,Pairi,Pairi,Pairi,20.91055556,81.88722222,14-03-2026 08:00,0
807,Baronda,CWC,22,Chhattisgarh,645,GARIABAND,RAJIM,-,-,Mahanadi,Mahanadi,Pairi,Pairi,Pairi,Pairi,20.91055556,81.88722222,15-03-2026 08:00,0
808,Baronda,CWC,22,Chhattisgarh,645,GARIABAND,RAJIM,-,-,Mahanadi,Mahanadi,Pairi,Pairi,Pairi,Pairi,20.91055556,81.88722222,16-03-2026 08:00,0
809,Baronda,CWC,22,Chhattisgarh,645,GARIABAND,RAJIM,-,-,Mahanadi,Mahanadi,Pairi,Pairi,Pairi,Pairi,20.91055556,81.88722222,17-03-2026 08:00,0
810,Baronda,CWC,22,Chhattisgarh,645,GARIABAND,RAJIM,-,-,Mahanadi,Mahanadi,Pairi,Pairi,Pairi,Pairi,20.91055556,81.88722222,18-03-2026 08:00,0
811,Baronda,CWC,22,Chhattisgarh,645,GARIABAND,RAJIM,-,-,Mahanadi,Mahanadi,Pairi,Pairi,Pairi,Pairi,20.91055556,81.88722222,19-03-2026 08:00,0
812,Baronda,CWC,22,Chhattisgarh,645,GARIABAND,RAJIM,-,-,Mahanadi,Mahanadi,Pairi,Pairi,Pairi,Pairi,20.91055556,81.88722222,20-03-2026 08:00,0
813,Baronda,CWC,22,Chhattisgarh,645,GARIABAND,RAJIM,-,-,Mahanadi,Mahanadi,Pairi,Pairi,Pairi,Pairi,20.91055556,81.88722222,21-03-2026 08:00,0
814,Baronda,CWC,22,Chhattisgarh,645,GARIABAND,RAJIM,-,-,Mahanadi,Mahanadi,Pairi,Pairi,Pairi,Pairi,20.91055556,81.88722222,22-03-2026 08:00,0
815,Baronda,CWC,22,Chhattisgarh,645,GARIABAND,RAJIM,-,-,Mahanadi,Mahanadi,Pairi,Pairi,Pairi,Pairi,20.91055556,81.88722222,23-03-2026 08:00,0
816,Baronda,CWC,22,Chhattisgarh,645,GARIABAND,RAJIM,-,-,Mahanadi,Mahanadi,Pairi,Pairi,Pairi,Pairi,20.91055556,81.88722222,24-03-2026 08:00,0
817,Baronda,CWC,22,Chhattisgarh,645,GARIABAND,RAJIM,-,-,Mahanadi,Mahanadi,Pairi,Pairi,Pairi,Pairi,20.91055556,81.88722222,25-03-2026 08:00,0
818,Baronda,CWC,22,Chhattisgarh,645,GARIABAND,RAJIM,-,-,Mahanadi,Mahanadi,Pairi,Pairi,Pairi,Pairi,20.91055556,81.88722222,26-03-2026 08:00,0
819,Baronda,CWC,22,Chhattisgarh,645,GARIABAND,RAJIM,-,-,Mahanadi,Mahanadi,Pairi,Pairi,Pairi,Pairi,20.91055556,81.88722222,27-03-2026 08:00,0
820,Baronda,CWC,22,Chhattisgarh,645,GARIABAND,RAJIM,-,-,Mahanadi,Mahanadi,Pairi,Pairi,Pairi,Pairi,20.91055556,81.88722222,28-03-2026 08:00,0
821,Baronda,CWC,22,Chhattisgarh,645,GARIABAND,RAJIM,-,-,Mahanadi,Mahanadi,Pairi,Pairi,Pairi,Pairi,20.91055556,81.88722222,29-03-2026 08:00,0
822,Baronda,CWC,22,Chhattisgarh,645,GARIABAND,RAJIM,-,-,Mahanadi,Mahanadi,Pairi,Pairi,Pairi,Pairi,20.91055556,81.88722222,30-03-2026 08:00,0
823,Baronda,CWC,22,Chhattisgarh,645,GARIABAND,RAJIM,-,-,Mahanadi,Mahanadi,Pairi,Pairi,Pairi,Pairi,20.91055556,81.88722222,31-03-2026 08:00,0
824,Baronda,CWC,22,Chhattisgarh,645,GARIABAND,RAJIM,-,-,Mahanadi,Mahanadi,Pairi,Pairi,Pairi,Pairi,20.91055556,81.88722222,01-04-2026 08:00,0.947
825,Baronda,CWC,22,Chhattisgarh,645,GARIABAND,RAJIM,-,-,Mahanadi,Mahanadi,Pairi,Pairi,Pairi,Pairi,20.91055556,81.88722222,02-04-2026 08:00,1.206
826,Baronda,CWC,22,Chhattisgarh,645,GARIABAND,RAJIM,-,-,Mahanadi,Mahanadi,Pairi,Pairi,Pairi,Pairi,20.91055556,81.88722222,03-04-2026 08:00,1.2
827,Baronda,CWC,22,Chhattisgarh,645,GARIABAND,RAJIM,-,-,Mahanadi,Mahanadi,Pairi,Pairi,Pairi,Pairi,20.91055556,81.88722222,04-04-2026 08:00,1.193
828,Baronda,CWC,22,Chhattisgarh,645,GARIABAND,RAJIM,-,-,Mahanadi,Mahanadi,Pairi,Pairi,Pairi,Pairi,20.91055556,81.88722222,05-04-2026 08:00,1.15
829,Baronda,CWC,22,Chhattisgarh,645,GARIABAND,RAJIM,-,-,Mahanadi,Mahanadi,Pairi,Pairi,Pairi,Pairi,20.91055556,81.88722222,06-04-2026 08:00,1.076
830,Baronda,CWC,22,Chhattisgarh,645,GARIABAND,RAJIM,-,-,Mahanadi,Mahanadi,Pairi,Pairi,Pairi,Pairi,20.91055556,81.88722222,07-04-2026 08:00,0.979
831,Baronda,CWC,22,Chhattisgarh,645,GARIABAND,RAJIM,-,-,Mahanadi,Mahanadi,Pairi,Pairi,Pairi,Pairi,20.91055556,81.88722222,08-04-2026 08:00,0
832,Baronda,CWC,22,Chhattisgarh,645,GARIABAND,RAJIM,-,-,Mahanadi,Mahanadi,Pairi,Pairi,Pairi,Pairi,20.91055556,81.88722222,09-04-2026 08:00,0
833,Baronda,CWC,22,Chhattisgarh,645,GARIABAND,RAJIM,-,-,Mahanadi,Mahanadi,Pairi,Pairi,Pairi,Pairi,20.91055556,81.88722222,10-04-2026 08:00,0
834,Baronda,CWC,22,Chhattisgarh,645,GARIABAND,RAJIM,-,-,Mahanadi,Mahanadi,Pairi,Pairi,Pairi,Pairi,20.91055556,81.88722222,11-04-2026 08:00,0
835,Baronda,CWC,22,Chhattisgarh,645,GARIABAND,RAJIM,-,-,Mahanadi,Mahanadi,Pairi,Pairi,Pairi,Pairi,20.91055556,81.88722222,12-04-2026 08:00,0
836,Baronda,CWC,22,Chhattisgarh,645,GARIABAND,RAJIM,-,-,Mahanadi,Mahanadi,Pairi,Pairi,Pairi,Pairi,20.91055556,81.88722222,13-04-2026 08:00,0
837,Baronda,CWC,22,Chhattisgarh,645,GARIABAND,RAJIM,-,-,Mahanadi,Mahanadi,Pairi,Pairi,Pairi,Pairi,20.91055556,81.88722222,14-04-2026 08:00,0
838,Baronda,CWC,22,Chhattisgarh,645,GARIABAND,RAJIM,-,-,Mahanadi,Mahanadi,Pairi,Pairi,Pairi,Pairi,20.91055556,81.88722222,15-04-2026 08:00,0
839,Baronda,CWC,22,Chhattisgarh,645,GARIABAND,RAJIM,-,-,Mahanadi,Mahanadi,Pairi,Pairi,Pairi,Pairi,20.91055556,81.88722222,16-04-2026 08:00,0
840,Baronda,CWC,22,Chhattisgarh,645,GARIABAND,RAJIM,-,-,Mahanadi,Mahanadi,Pairi,Pairi,Pairi,Pairi,20.91055556,81.88722222,17-04-2026 08:00,0
841,Baronda,CWC,22,Chhattisgarh,645,GARIABAND,RAJIM,-,-,Mahanadi,Mahanadi,Pairi,Pairi,Pairi,Pairi,20.91055556,81.88722222,18-04-2026 08:00,0
842,Baronda,CWC,22,Chhattisgarh,645,GARIABAND,RAJIM,-,-,Mahanadi,Mahanadi,Pairi,Pairi,Pairi,Pairi,20.91055556,81.88722222,19-04-2026 08:00,0
843,Baronda,CWC,22,Chhattisgarh,645,GARIABAND,RAJIM,-,-,Mahanadi,Mahanadi,Pairi,Pairi,Pairi,Pairi,20.91055556,81.88722222,20-04-2026 08:00,0
844,Baronda,CWC,22,Chhattisgarh,645,GARIABAND,RAJIM,-,-,Mahanadi,Mahanadi,Pairi,Pairi,Pairi,Pairi,20.91055556,81.88722222,21-04-2026 08:00,0
845,Baronda,CWC,22,Chhattisgarh,645,GARIABAND,RAJIM,-,-,Mahanadi,Mahanadi,Pairi,Pairi,Pairi,Pairi,20.91055556,81.88722222,22-04-2026 08:00,0
846,Baronda,CWC,22,Chhattisgarh,645,GARIABAND,RAJIM,-,-,Mahanadi,Mahanadi,Pairi,Pairi,Pairi,Pairi,20.91055556,81.88722222,23-04-2026 08:00,0
847,Baronda,CWC,22,Chhattisgarh,645,GARIABAND,RAJIM,-,-,Mahanadi,Mahanadi,Pairi,Pairi,Pairi,Pairi,20.91055556,81.88722222,24-04-2026 08:00,0
848,Baronda,CWC,22,Chhattisgarh,645,GARIABAND,RAJIM,-,-,Mahanadi,Mahanadi,Pairi,Pairi,Pairi,Pairi,20.91055556,81.88722222,25-04-2026 08:00,0
849,Baronda,CWC,22,Chhattisgarh,645,GARIABAND,RAJIM,-,-,Mahanadi,Mahanadi,Pairi,Pairi,Pairi,Pairi,20.91055556,81.88722222,26-04-2026 08:00,0
850,Baronda,CWC,22,Chhattisgarh,645,GARIABAND,RAJIM,-,-,Mahanadi,Mahanadi,Pairi,Pairi,Pairi,Pairi,20.91055556,81.88722222,27-04-2026 08:00,0
851,Baronda,CWC,22,Chhattisgarh,645,GARIABAND,RAJIM,-,-,Mahanadi,Mahanadi,Pairi,Pairi,Pairi,Pairi,20.91055556,81.88722222,28-04-2026 08:00,0
852,Baronda,CWC,22,Chhattisgarh,645,GARIABAND,RAJIM,-,-,Mahanadi,Mahanadi,Pairi,Pairi,Pairi,Pairi,20.91055556,81.88722222,29-04-2026 08:00,0
853,Baronda,CWC,22,Chhattisgarh,645,GARIABAND,RAJIM,-,-,Mahanadi,Mahanadi,Pairi,Pairi,Pairi,Pairi,20.91055556,81.88722222,30-04-2026 08:00,0
854,Baronda,CWC,22,Chhattisgarh,645,GARIABAND,RAJIM,-,-,Mahanadi,Mahanadi,Pairi,Pairi,Pairi,Pairi,20.91055556,81.88722222,01-05-2026 08:00,0
855,Baronda,CWC,22,Chhattisgarh,645,GARIABAND,RAJIM,-,-,Mahanadi,Mahanadi,Pairi,Pairi,Pairi,Pairi,20.91055556,81.88722222,02-05-2026 08:00,0
856,Baronda,CWC,22,Chhattisgarh,645,GARIABAND,RAJIM,-,-,Mahanadi,Mahanadi,Pairi,Pairi,Pairi,Pairi,20.91055556,81.88722222,03-05-2026 08:00,0
857,Baronda,CWC,22,Chhattisgarh,645,GARIABAND,RAJIM,-,-,Mahanadi,Mahanadi,Pairi,Pairi,Pairi,Pairi,20.91055556,81.88722222,04-05-2026 08:00,0
858,Baronda,CWC,22,Chhattisgarh,645,GARIABAND,RAJIM,-,-,Mahanadi,Mahanadi,Pairi,Pairi,Pairi,Pairi,20.91055556,81.88722222,05-05-2026 08:00,0
859,Baronda,CWC,22,Chhattisgarh,645,GARIABAND,RAJIM,-,-,Mahanadi,Mahanadi,Pairi,Pairi,Pairi,Pairi,20.91055556,81.88722222,06-05-2026 08:00,0
860,Baronda,CWC,22,Chhattisgarh,645,GARIABAND,RAJIM,-,-,Mahanadi,Mahanadi,Pairi,Pairi,Pairi,Pairi,20.91055556,81.88722222,07-05-2026 08:00,0
861,Baronda,CWC,22,Chhattisgarh,645,GARIABAND,RAJIM,-,-,Mahanadi,Mahanadi,Pairi,Pairi,Pairi,Pairi,20.91055556,81.88722222,08-05-2026 08:00,0
862,Baronda,CWC,22,Chhattisgarh,645,GARIABAND,RAJIM,-,-,Mahanadi,Mahanadi,Pairi,Pairi,Pairi,Pairi,20.91055556,81.88722222,09-05-2026 08:00,0
863,Baronda,CWC,22,Chhattisgarh,645,GARIABAND,RAJIM,-,-,Mahanadi,Mahanadi,Pairi,Pairi,Pairi,Pairi,20.91055556,81.88722222,10-05-2026 08:00,0
864,Baronda,CWC,22,Chhattisgarh,645,GARIABAND,RAJIM,-,-,Mahanadi,Mahanadi,Pairi,Pairi,Pairi,Pairi,20.91055556,81.88722222,11-05-2026 08:00,0
865,Baronda,CWC,22,Chhattisgarh,645,GARIABAND,RAJIM,-,-,Mahanadi,Mahanadi,Pairi,Pairi,Pairi,Pairi,20.91055556,81.88722222,12-05-2026 08:00,0
866,Baronda,CWC,22,Chhattisgarh,645,GARIABAND,RAJIM,-,-,Mahanadi,Mahanadi,Pairi,Pairi,Pairi,Pairi,20.91055556,81.88722222,13-05-2026 08:00,0
867,Baronda,CWC,22,Chhattisgarh,645,GARIABAND,RAJIM,-,-,Mahanadi,Mahanadi,Pairi,Pairi,Pairi,Pairi,20.91055556,81.88722222,13-05-2026 08:00,0
868,Baronda,CWC,22,Chhattisgarh,645,GARIABAND,RAJIM,-,-,Mahanadi,Mahanadi,Pairi,Pairi,Pairi,Pairi,20.91055556,81.88722222,14-05-2026 08:00,0
869,Baronda,CWC,22,Chhattisgarh,645,GARIABAND,RAJIM,-,-,Mahanadi,Mahanadi,Pairi,Pairi,Pairi,Pairi,20.91055556,81.88722222,14-05-2026 08:00,0
870,Baronda,CWC,22,Chhattisgarh,645,GARIABAND,RAJIM,-,-,Mahanadi,Mahanadi,Pairi,Pairi,Pairi,Pairi,20.91055556,81.88722222,15-05-2026 08:00,0
871,Baronda,CWC,22,Chhattisgarh,645,GARIABAND,RAJIM,-,-,Mahanadi,Mahanadi,Pairi,Pairi,Pairi,Pairi,20.91055556,81.88722222,15-05-2026 08:00,0
872,Baronda,CWC,22,Chhattisgarh,645,GARIABAND,RAJIM,-,-,Mahanadi,Mahanadi,Pairi,Pairi,Pairi,Pairi,20.91055556,81.88722222,16-05-2026 08:00,0
873,Baronda,CWC,22,Chhattisgarh,645,GARIABAND,RAJIM,-,-,Mahanadi,Mahanadi,Pairi,Pairi,Pairi,Pairi,20.91055556,81.88722222,16-05-2026 08:00,0
874,Baronda,CWC,22,Chhattisgarh,645,GARIABAND,RAJIM,-,-,Mahanadi,Mahanadi,Pairi,Pairi,Pairi,Pairi,20.91055556,81.88722222,17-05-2026 08:00,0
875,Baronda,CWC,22,Chhattisgarh,645,GARIABAND,RAJIM,-,-,Mahanadi,Mahanadi,Pairi,Pairi,Pairi,Pairi,20.91055556,81.88722222,17-05-2026 08:00,0
876,Baronda,CWC,22,Chhattisgarh,645,GARIABAND,RAJIM,-,-,Mahanadi,Mahanadi,Pairi,Pairi,Pairi,Pairi,20.91055556,81.88722222,18-05-2026 08:00,0
877,Baronda,CWC,22,Chhattisgarh,645,GARIABAND,RAJIM,-,-,Mahanadi,Mahanadi,Pairi,Pairi,Pairi,Pairi,20.91055556,81.88722222,18-05-2026 08:00,0
878,Baronda,CWC,22,Chhattisgarh,645,GARIABAND,RAJIM,-,-,Mahanadi,Mahanadi,Pairi,Pairi,Pairi,Pairi,20.91055556,81.88722222,19-05-2026 08:00,0
879,Baronda,CWC,22,Chhattisgarh,645,GARIABAND,RAJIM,-,-,Mahanadi,Mahanadi,Pairi,Pairi,Pairi,Pairi,20.91055556,81.88722222,19-05-2026 08:00,0
880,Baronda,CWC,22,Chhattisgarh,645,GARIABAND,RAJIM,-,-,Mahanadi,Mahanadi,Pairi,Pairi,Pairi,Pairi,20.91055556,81.88722222,20-05-2026 08:00,0
881,Baronda,CWC,22,Chhattisgarh,645,GARIABAND,RAJIM,-,-,Mahanadi,Mahanadi,Pairi,Pairi,Pairi,Pairi,20.91055556,81.88722222,20-05-2026 08:00,0
882,Baronda,CWC,22,Chhattisgarh,645,GARIABAND,RAJIM,-,-,Mahanadi,Mahanadi,Pairi,Pairi,Pairi,Pairi,20.91055556,81.88722222,21-05-2026 08:00,0
883,Baronda,CWC,22,Chhattisgarh,645,GARIABAND,RAJIM,-,-,Mahanadi,Mahanadi,Pairi,Pairi,Pairi,Pairi,20.91055556,81.88722222,21-05-2026 08:00,0
884,Baronda,CWC,22,Chhattisgarh,645,GARIABAND,RAJIM,-,-,Mahanadi,Mahanadi,Pairi,Pairi,Pairi,Pairi,20.91055556,81.88722222,22-05-2026 08:00,0
885,Baronda,CWC,22,Chhattisgarh,645,GARIABAND,RAJIM,-,-,Mahanadi,Mahanadi,Pairi,Pairi,Pairi,Pairi,20.91055556,81.88722222,23-05-2026 08:00,0
886,Baronda,CWC,22,Chhattisgarh,645,GARIABAND,RAJIM,-,-,Mahanadi,Mahanadi,Pairi,Pairi,Pairi,Pairi,20.91055556,81.88722222,24-05-2026 08:00,0
887,Baronda,CWC,22,Chhattisgarh,645,GARIABAND,RAJIM,-,-,Mahanadi,Mahanadi,Pairi,Pairi,Pairi,Pairi,20.91055556,81.88722222,25-05-2026 08:00,0
888,Baronda,CWC,22,Chhattisgarh,645,GARIABAND,RAJIM,-,-,Mahanadi,Mahanadi,Pairi,Pairi,Pairi,Pairi,20.91055556,81.88722222,26-05-2026 08:00,0
889,Baronda,CWC,22,Chhattisgarh,645,GARIABAND,RAJIM,-,-,Mahanadi,Mahanadi,Pairi,Pairi,Pairi,Pairi,20.91055556,81.88722222,27-05-2026 08:00,0
890,Baronda,CWC,22,Chhattisgarh,645,GARIABAND,RAJIM,-,-,Mahanadi,Mahanadi,Pairi,Pairi,Pairi,Pairi,20.91055556,81.88722222,28-05-2026 08:00,0
891,Baronda,CWC,22,Chhattisgarh,645,GARIABAND,RAJIM,-,-,Mahanadi,Mahanadi,Pairi,Pairi,Pairi,Pairi,20.91055556,81.88722222,29-05-2026 08:00,0
892,Baronda,CWC,22,Chhattisgarh,645,GARIABAND,RAJIM,-,-,Mahanadi,Mahanadi,Pairi,Pairi,Pairi,Pairi,20.91055556,81.88722222,30-05-2026 08:00,0
893,Baronda,CWC,22,Chhattisgarh,645,GARIABAND,RAJIM,-,-,Mahanadi,Mahanadi,Pairi,Pairi,Pairi,Pairi,20.91055556,81.88722222,31-05-2026 08:00,0
894,Baronda,CWC,22,Chhattisgarh,645,GARIABAND,RAJIM,-,-,Mahanadi,Mahanadi,Pairi,Pairi,Pairi,Pairi,20.91055556,81.88722222,01-06-2026 08:00,0
895,Baronda,CWC,22,Chhattisgarh,645,GARIABAND,RAJIM,-,-,Mahanadi,Mahanadi,Pairi,Pairi,Pairi,Pairi,20.91055556,81.88722222,02-06-2026 08:00,0
896,Baronda,CWC,22,Chhattisgarh,645,GARIABAND,RAJIM,-,-,Mahanadi,Mahanadi,Pairi,Pairi,Pairi,Pairi,20.91055556,81.88722222,03-06-2026 08:00,0
897,Baronda,CWC,22,Chhattisgarh,645,GARIABAND,RAJIM,-,-,Mahanadi,Mahanadi,Pairi,Pairi,Pairi,Pairi,20.91055556,81.88722222,04-06-2026 08:00,0
898,Baronda,CWC,22,Chhattisgarh,645,GARIABAND,RAJIM,-,-,Mahanadi,Mahanadi,Pairi,Pairi,Pairi,Pairi,20.91055556,81.88722222,05-06-2026 08:00,0
899,Baronda,CWC,22,Chhattisgarh,645,GARIABAND,RAJIM,-,-,Mahanadi,Mahanadi,Pairi,Pairi,Pairi,Pairi,20.91055556,81.88722222,06-06-2026 08:00,0
900,Baronda,CWC,22,Chhattisgarh,645,GARIABAND,RAJIM,-,-,Mahanadi,Mahanadi,Pairi,Pairi,Pairi,Pairi,20.91055556,81.88722222,07-06-2026 08:00,0
901,Baronda,CWC,22,Chhattisgarh,645,GARIABAND,RAJIM,-,-,Mahanadi,Mahanadi,Pairi,Pairi,Pairi,Pairi,20.91055556,81.88722222,08-06-2026 08:00,0
902,Baronda,CWC,22,Chhattisgarh,645,GARIABAND,RAJIM,-,-,Mahanadi,Mahanadi,Pairi,Pairi,Pairi,Pairi,20.91055556,81.88722222,09-06-2026 08:00,0
903,Baronda,CWC,22,Chhattisgarh,645,GARIABAND,RAJIM,-,-,Mahanadi,Mahanadi,Pairi,Pairi,Pairi,Pairi,20.91055556,81.88722222,10-06-2026 08:00,0
904,Baronda,CWC,22,Chhattisgarh,645,GARIABAND,RAJIM,-,-,Mahanadi,Mahanadi,Pairi,Pairi,Pairi,Pairi,20.91055556,81.88722222,11-06-2026 08:00,0
905,Baronda,CWC,22,Chhattisgarh,645,GARIABAND,RAJIM,-,-,Mahanadi,Mahanadi,Pairi,Pairi,Pairi,Pairi,20.91055556,81.88722222,12-06-2026 08:00,0
906,Baronda,CWC,22,Chhattisgarh,645,GARIABAND,RAJIM,-,-,Mahanadi,Mahanadi,Pairi,Pairi,Pairi,Pairi,20.91055556,81.88722222,13-06-2026 08:00,0
907,Baronda,CWC,22,Chhattisgarh,645,GARIABAND,RAJIM,-,-,Mahanadi,Mahanadi,Pairi,Pairi,Pairi,Pairi,20.91055556,81.88722222,14-06-2026 08:00,0
908,Baronda,CWC,22,Chhattisgarh,645,GARIABAND,RAJIM,-,-,Mahanadi,Mahanadi,Pairi,Pairi,Pairi,Pairi,20.91055556,81.88722222,15-06-2026 08:00,0
909,Baronda,CWC,22,Chhattisgarh,645,GARIABAND,RAJIM,-,-,Mahanadi,Mahanadi,Pairi,Pairi,Pairi,Pairi,20.91055556,81.88722222,16-06-2026 08:00,0
910,Baronda,CWC,22,Chhattisgarh,645,GARIABAND,RAJIM,-,-,Mahanadi,Mahanadi,Pairi,Pairi,Pairi,Pairi,20.91055556,81.88722222,17-06-2026 08:00,0
911,Baronda,CWC,22,Chhattisgarh,645,GARIABAND,RAJIM,-,-,Mahanadi,Mahanadi,Pairi,Pairi,Pairi,Pairi,20.91055556,81.88722222,18-06-2026 08:00,0
912,Baronda,CWC,22,Chhattisgarh,645,GARIABAND,RAJIM,-,-,Mahanadi,Mahanadi,Pairi,Pairi,Pairi,Pairi,20.91055556,81.88722222,19-06-2026 08:00,0
913,Baronda,CWC,22,Chhattisgarh,645,GARIABAND,RAJIM,-,-,Mahanadi,Mahanadi,Pairi,Pairi,Pairi,Pairi,20.91055556,81.88722222,20-06-2026 08:00,0
914,Baronda,CWC,22,Chhattisgarh,645,GARIABAND,RAJIM,-,-,Mahanadi,Mahanadi,Pairi,Pairi,Pairi,Pairi,20.91055556,81.88722222,21-06-2026 08:00,0
915,Baronda,CWC,22,Chhattisgarh,645,GARIABAND,RAJIM,-,-,Mahanadi,Mahanadi,Pairi,Pairi,Pairi,Pairi,20.91055556,81.88722222,22-06-2026 08:00,0
916,Baronda,CWC,22,Chhattisgarh,645,GARIABAND,RAJIM,-,-,Mahanadi,Mahanadi,Pairi,Pairi,Pairi,Pairi,20.91055556,81.88722222,23-06-2026 08:00,0
917,Baronda,CWC,22,Chhattisgarh,645,GARIABAND,RAJIM,-,-,Mahanadi,Mahanadi,Pairi,Pairi,Pairi,Pairi,20.91055556,81.88722222,24-06-2026 08:00,0
918,Baronda,CWC,22,Chhattisgarh,645,GARIABAND,RAJIM,-,-,Mahanadi,Mahanadi,Pairi,Pairi,Pairi,Pairi,20.91055556,81.88722222,25-06-2026 08:00,0
919,Baronda,CWC,22,Chhattisgarh,645,GARIABAND,RAJIM,-,-,Mahanadi,Mahanadi,Pairi,Pairi,Pairi,Pairi,20.91055556,81.88722222,26-06-2026 08:00,0
920,Baronda,CWC,22,Chhattisgarh,645,GARIABAND,RAJIM,-,-,Mahanadi,Mahanadi,Pairi,Pairi,Pairi,Pairi,20.91055556,81.88722222,27-06-2026 08:00,0
921,Baronda,CWC,22,Chhattisgarh,645,GARIABAND,RAJIM,-,-,Mahanadi,Mahanadi,Pairi,Pairi,Pairi,Pairi,20.91055556,81.88722222,28-06-2026 08:00,0
922,Baronda,CWC,22,Chhattisgarh,645,GARIABAND,RAJIM,-,-,Mahanadi,Mahanadi,Pairi,Pairi,Pairi,Pairi,20.91055556,81.88722222,29-06-2026 08:00,0
923,Baronda,CWC,22,Chhattisgarh,645,GARIABAND,RAJIM,-,-,Mahanadi,Mahanadi,Pairi,Pairi,Pairi,Pairi,20.91055556,81.88722222,30-06-2026 08:00,0
924,Baronda,CWC,22,Chhattisgarh,645,GARIABAND,RAJIM,-,-,Mahanadi,Mahanadi,Pairi,Pairi,Pairi,Pairi,20.91055556,81.88722222,01-07-2026 08:00,0
925,Baronda,CWC,22,Chhattisgarh,645,GARIABAND,RAJIM,-,-,Mahanadi,Mahanadi,Pairi,Pairi,Pairi,Pairi,20.91055556,81.88722222,02-07-2026 08:00,0
926,Baronda,CWC,22,Chhattisgarh,645,GARIABAND,RAJIM,-,-,Mahanadi,Mahanadi,Pairi,Pairi,Pairi,Pairi,20.91055556,81.88722222,03-07-2026 08:00,0
927,Baronda,CWC,22,Chhattisgarh,645,GARIABAND,RAJIM,-,-,Mahanadi,Mahanadi,Pairi,Pairi,Pairi,Pairi,20.91055556,81.88722222,04-07-2026 08:00,0
928,Baronda,CWC,22,Chhattisgarh,645,GARIABAND,RAJIM,-,-,Mahanadi,Mahanadi,Pairi,Pairi,Pairi,Pairi,20.91055556,81.88722222,05-07-2026 08:00,0
929,Baronda,CWC,22,Chhattisgarh,645,GARIABAND,RAJIM,-,-,Mahanadi,Mahanadi,Pairi,Pairi,Pairi,Pairi,20.91055556,81.88722222,06-07-2026 08:00,125
930,Baronda,CWC,22,Chhattisgarh,645,GARIABAND,RAJIM,-,-,Mahanadi,Mahanadi,Pairi,Pairi,Pairi,Pairi,20.91055556,81.88722222,07-07-2026 08:00,62
931,Baronda,CWC,22,Chhattisgarh,645,GARIABAND,RAJIM,-,-,Mahanadi,Mahanadi,Pairi,Pairi,Pairi,Pairi,20.91055556,81.88722222,08-07-2026 08:00,15
932,Baronda,CWC,22,Chhattisgarh,645,GARIABAND,RAJIM,-,-,Mahanadi,Mahanadi,Pairi,Pairi,Pairi,Pairi,20.91055556,81.88722222,09-07-2026 08:00,7
933,Baronda,CWC,22,Chhattisgarh,645,GARIABAND,RAJIM,-,-,Mahanadi,Mahanadi,Pairi,Pairi,Pairi,Pairi,20.91055556,81.88722222,10-07-2026 08:00,5
934,Baronda,CWC,22,Chhattisgarh,645,GARIABAND,RAJIM,-,-,Mahanadi,Mahanadi,Pairi,Pairi,Pairi,Pairi,20.91055556,81.88722222,11-07-2026 08:00,3
935,Baronda,CWC,22,Chhattisgarh,645,GARIABAND,RAJIM,-,-,Mahanadi,Mahanadi,Pairi,Pairi,Pairi,Pairi,20.91055556,81.88722222,12-07-2026 08:00,2
936,Baronda,CWC,22,Chhattisgarh,645,GARIABAND,RAJIM,-,-,Mahanadi,Mahanadi,Pairi,Pairi,Pairi,Pairi,20.91055556,81.88722222,12-07-2026 08:00,2
937,Baronda,CWC,22,Chhattisgarh,645,GARIABAND,RAJIM,-,-,Mahanadi,Mahanadi,Pairi,Pairi,Pairi,Pairi,20.91055556,81.88722222,13-07-2026 08:00,1
938,Baronda,CWC,22,Chhattisgarh,645,GARIABAND,RAJIM,-,-,Mahanadi,Mahanadi,Pairi,Pairi,Pairi,Pairi,20.91055556,81.88722222,14-07-2026 08:00,1
939,Baronda,CWC,22,Chhattisgarh,645,GARIABAND,RAJIM,-,-,Mahanadi,Mahanadi,Pairi,Pairi,Pairi,Pairi,20.91055556,81.88722222,15-07-2026 08:00,3.02
940,Baronda,CWC,22,Chhattisgarh,645,GARIABAND,RAJIM,-,-,Mahanadi,Mahanadi,Pairi,Pairi,Pairi,Pairi,20.91055556,81.88722222,16-07-2026 08:00,2.98
941,Baronda,CWC,22,Chhattisgarh,645,GARIABAND,RAJIM,-,-,Mahanadi,Mahanadi,Pairi,Pairi,Pairi,Pairi,20.91055556,81.88722222,17-07-2026 08:00,8.4
942,Baronda,CWC,22,Chhattisgarh,645,GARIABAND,RAJIM,-,-,Mahanadi,Mahanadi,Pairi,Pairi,Pairi,Pairi,20.91055556,81.88722222,18-07-2026 08:00,50
943,Baronda,CWC,22,Chhattisgarh,645,GARIABAND,RAJIM,-,-,Mahanadi,Mahanadi,Pairi,Pairi,Pairi,Pairi,20.91055556,81.88722222,19-07-2026 08:00,18
944,Baronda,CWC,22,Chhattisgarh,645,GARIABAND,RAJIM,-,-,Mahanadi,Mahanadi,Pairi,Pairi,Pairi,Pairi,20.91055556,81.88722222,20-07-2026 08:00,115
945,Baronda,CWC,22,Chhattisgarh,645,GARIABAND,RAJIM,-,-,Mahanadi,Mahanadi,Pairi,Pairi,Pairi,Pairi,20.91055556,81.88722222,21-07-2026 08:00,102
946,Baronda,CWC,22,Chhattisgarh,645,GARIABAND,RAJIM,-,-,Mahanadi,Mahanadi,Pairi,Pairi,Pairi,Pairi,20.91055556,81.88722222,22-07-2026 08:00,100
947,Baronda,CWC,22,Chhattisgarh,645,GARIABAND,RAJIM,-,-,Mahanadi,Mahanadi,Pairi,Pairi,Pairi,Pairi,20.91055556,81.88722222,23-07-2026 08:00,75
948,Baronda,CWC,22,Chhattisgarh,645,GARIABAND,RAJIM,-,-,Mahanadi,Mahanadi,Pairi,Pairi,Pairi,Pairi,20.91055556,81.88722222,24-07-2026 08:00,70
949,Baronda,CWC,22,Chhattisgarh,645,GARIABAND,RAJIM,-,-,Mahanadi,Mahanadi,Pairi,Pairi,Pairi,Pairi,20.91055556,81.88722222,25-07-2026 08:00,30
950,Baronda,CWC,22,Chhattisgarh,645,GARIABAND,RAJIM,-,-,Mahanadi,Mahanadi,Pairi,Pairi,Pairi,Pairi,20.91055556,81.88722222,26-07-2026 08:00,20
951,Baronda,CWC,22,Chhattisgarh,645,GARIABAND,RAJIM,-,-,Mahanadi,Mahanadi,Pairi,Pairi,Pairi,Pairi,20.91055556,81.88722222,27-07-2026 08:00,20
952,Baronda,CWC,22,Chhattisgarh,645,GARIABAND,RAJIM,-,-,Mahanadi,Mahanadi,Pairi,Pairi,Pairi,Pairi,20.91055556,81.88722222,28-07-2026 08:00,25
953,Baronda,CWC,22,Chhattisgarh,645,GARIABAND,RAJIM,-,-,Mahanadi,Mahanadi,Pairi,Pairi,Pairi,Pairi,20.91055556,81.88722222,29-07-2026 08:00,230
954,Baronda,CWC,22,Chhattisgarh,645,GARIABAND,RAJIM,-,-,Mahanadi,Mahanadi,Pairi,Pairi,Pairi,Pairi,20.91055556,81.88722222,30-07-2026 08:00,3188.64
955,Baronda,CWC,22,Chhattisgarh,645,GARIABAND,RAJIM,-,-,Mahanadi,Mahanadi,Pairi,Pairi,Pairi,Pairi,20.91055556,81.88722222,31-07-2026 08:00,280
956,Basantpur,CWC,22,Chhattisgarh,379,JANJGIR - CHAMPA,CHAMPA,-,-,Mahanadi,Mahanadi,-,-,-,Mahanadi,21.72750000,82.78805556,01-01-2026 08:00,200
957,Basantpur,CWC,22,Chhattisgarh,379,JANJGIR - CHAMPA,CHAMPA,-,-,Mahanadi,Mahanadi,-,-,-,Mahanadi,21.72750000,82.78805556,02-01-2026 08:00,200
958,Basantpur,CWC,22,Chhattisgarh,379,JANJGIR - CHAMPA,CHAMPA,-,-,Mahanadi,Mahanadi,-,-,-,Mahanadi,21.72750000,82.78805556,03-01-2026 08:00,200
959,Basantpur,CWC,22,Chhattisgarh,379,JANJGIR - CHAMPA,CHAMPA,-,-,Mahanadi,Mahanadi,-,-,-,Mahanadi,21.72750000,82.78805556,04-01-2026 08:00,200
960,Basantpur,CWC,22,Chhattisgarh,379,JANJGIR - CHAMPA,CHAMPA,-,-,Mahanadi,Mahanadi,-,-,-,Mahanadi,21.72750000,82.78805556,05-01-2026 08:00,200
961,Basantpur,CWC,22,Chhattisgarh,379,JANJGIR - CHAMPA,CHAMPA,-,-,Mahanadi,Mahanadi,-,-,-,Mahanadi,21.72750000,82.78805556,06-01-2026 08:00,200
962,Basantpur,CWC,22,Chhattisgarh,379,JANJGIR - CHAMPA,CHAMPA,-,-,Mahanadi,Mahanadi,-,-,-,Mahanadi,21.72750000,82.78805556,07-01-2026 08:00,200
963,Basantpur,CWC,22,Chhattisgarh,379,JANJGIR - CHAMPA,CHAMPA,-,-,Mahanadi,Mahanadi,-,-,-,Mahanadi,21.72750000,82.78805556,08-01-2026 08:00,200
964,Basantpur,CWC,22,Chhattisgarh,379,JANJGIR - CHAMPA,CHAMPA,-,-,Mahanadi,Mahanadi,-,-,-,Mahanadi,21.72750000,82.78805556,09-01-2026 08:00,200
965,Basantpur,CWC,22,Chhattisgarh,379,JANJGIR - CHAMPA,CHAMPA,-,-,Mahanadi,Mahanadi,-,-,-,Mahanadi,21.72750000,82.78805556,10-01-2026 08:00,200
966,Basantpur,CWC,22,Chhattisgarh,379,JANJGIR - CHAMPA,CHAMPA,-,-,Mahanadi,Mahanadi,-,-,-,Mahanadi,21.72750000,82.78805556,11-01-2026 08:00,200
967,Basantpur,CWC,22,Chhattisgarh,379,JANJGIR - CHAMPA,CHAMPA,-,-,Mahanadi,Mahanadi,-,-,-,Mahanadi,21.72750000,82.78805556,12-01-2026 08:00,200
968,Basantpur,CWC,22,Chhattisgarh,379,JANJGIR - CHAMPA,CHAMPA,-,-,Mahanadi,Mahanadi,-,-,-,Mahanadi,21.72750000,82.78805556,13-01-2026 08:00,200
969,Basantpur,CWC,22,Chhattisgarh,379,JANJGIR - CHAMPA,CHAMPA,-,-,Mahanadi,Mahanadi,-,-,-,Mahanadi,21.72750000,82.78805556,14-01-2026 08:00,200
970,Basantpur,CWC,22,Chhattisgarh,379,JANJGIR - CHAMPA,CHAMPA,-,-,Mahanadi,Mahanadi,-,-,-,Mahanadi,21.72750000,82.78805556,15-01-2026 09:00,0
971,Basantpur,CWC,22,Chhattisgarh,379,JANJGIR - CHAMPA,CHAMPA,-,-,Mahanadi,Mahanadi,-,-,-,Mahanadi,21.72750000,82.78805556,15-01-2026 09:00,0
972,Basantpur,CWC,22,Chhattisgarh,379,JANJGIR - CHAMPA,CHAMPA,-,-,Mahanadi,Mahanadi,-,-,-,Mahanadi,21.72750000,82.78805556,16-01-2026 09:00,20.408
973,Basantpur,CWC,22,Chhattisgarh,379,JANJGIR - CHAMPA,CHAMPA,-,-,Mahanadi,Mahanadi,-,-,-,Mahanadi,21.72750000,82.78805556,17-01-2026 09:00,21.219
974,Basantpur,CWC,22,Chhattisgarh,379,JANJGIR - CHAMPA,CHAMPA,-,-,Mahanadi,Mahanadi,-,-,-,Mahanadi,21.72750000,82.78805556,18-01-2026 08:00,21.219
975,Basantpur,CWC,22,Chhattisgarh,379,JANJGIR - CHAMPA,CHAMPA,-,-,Mahanadi,Mahanadi,-,-,-,Mahanadi,21.72750000,82.78805556,18-01-2026 08:00,21.219
976,Basantpur,CWC,22,Chhattisgarh,379,JANJGIR - CHAMPA,CHAMPA,-,-,Mahanadi,Mahanadi,-,-,-,Mahanadi,21.72750000,82.78805556,19-01-2026 09:00,24.931
977,Basantpur,CWC,22,Chhattisgarh,379,JANJGIR - CHAMPA,CHAMPA,-,-,Mahanadi,Mahanadi,-,-,-,Mahanadi,21.72750000,82.78805556,20-01-2026 09:00,25.433
978,Basantpur,CWC,22,Chhattisgarh,379,JANJGIR - CHAMPA,CHAMPA,-,-,Mahanadi,Mahanadi,-,-,-,Mahanadi,21.72750000,82.78805556,21-01-2026 09:00,25.351
979,Basantpur,CWC,22,Chhattisgarh,379,JANJGIR - CHAMPA,CHAMPA,-,-,Mahanadi,Mahanadi,-,-,-,Mahanadi,21.72750000,82.78805556,22-01-2026 09:00,25.886
980,Basantpur,CWC,22,Chhattisgarh,379,JANJGIR - CHAMPA,CHAMPA,-,-,Mahanadi,Mahanadi,-,-,-,Mahanadi,21.72750000,82.78805556,23-01-2026 09:00,25.899
981,Basantpur,CWC,22,Chhattisgarh,379,JANJGIR - CHAMPA,CHAMPA,-,-,Mahanadi,Mahanadi,-,-,-,Mahanadi,21.72750000,82.78805556,24-01-2026 09:00,25.348
982,Basantpur,CWC,22,Chhattisgarh,379,JANJGIR - CHAMPA,CHAMPA,-,-,Mahanadi,Mahanadi,-,-,-,Mahanadi,21.72750000,82.78805556,25-01-2026 08:15,25
983,Basantpur,CWC,22,Chhattisgarh,379,JANJGIR - CHAMPA,CHAMPA,-,-,Mahanadi,Mahanadi,-,-,-,Mahanadi,21.72750000,82.78805556,26-01-2026 08:15,25.649
984,Basantpur,CWC,22,Chhattisgarh,379,JANJGIR - CHAMPA,CHAMPA,-,-,Mahanadi,Mahanadi,-,-,-,Mahanadi,21.72750000,82.78805556,26-01-2026 08:15,25.649
985,Basantpur,CWC,22,Chhattisgarh,379,JANJGIR - CHAMPA,CHAMPA,-,-,Mahanadi,Mahanadi,-,-,-,Mahanadi,21.72750000,82.78805556,27-01-2026 09:00,25.649
986,Basantpur,CWC,22,Chhattisgarh,379,JANJGIR - CHAMPA,CHAMPA,-,-,Mahanadi,Mahanadi,-,-,-,Mahanadi,21.72750000,82.78805556,28-01-2026 09:00,24.142
987,Basantpur,CWC,22,Chhattisgarh,379,JANJGIR - CHAMPA,CHAMPA,-,-,Mahanadi,Mahanadi,-,-,-,Mahanadi,21.72750000,82.78805556,29-01-2026 09:00,26.2
988,Basantpur,CWC,22,Chhattisgarh,379,JANJGIR - CHAMPA,CHAMPA,-,-,Mahanadi,Mahanadi,-,-,-,Mahanadi,21.72750000,82.78805556,30-01-2026 08:00,23.85
989,Basantpur,CWC,22,Chhattisgarh,379,JANJGIR - CHAMPA,CHAMPA,-,-,Mahanadi,Mahanadi,-,-,-,Mahanadi,21.72750000,82.78805556,31-01-2026 08:00,24.44
990,Basantpur,CWC,22,Chhattisgarh,379,JANJGIR - CHAMPA,CHAMPA,-,-,Mahanadi,Mahanadi,-,-,-,Mahanadi,21.72750000,82.78805556,01-02-2026 08:00,24.05
991,Basantpur,CWC,22,Chhattisgarh,379,JANJGIR - CHAMPA,CHAMPA,-,-,Mahanadi,Mahanadi,-,-,-,Mahanadi,21.72750000,82.78805556,02-02-2026 08:00,24.05
992,Basantpur,CWC,22,Chhattisgarh,379,JANJGIR - CHAMPA,CHAMPA,-,-,Mahanadi,Mahanadi,-,-,-,Mahanadi,21.72750000,82.78805556,03-02-2026 08:00,24.09
993,Basantpur,CWC,22,Chhattisgarh,379,JANJGIR - CHAMPA,CHAMPA,-,-,Mahanadi,Mahanadi,-,-,-,Mahanadi,21.72750000,82.78805556,03-02-2026 09:00,23.457762
994,Basantpur,CWC,22,Chhattisgarh,379,JANJGIR - CHAMPA,CHAMPA,-,-,Mahanadi,Mahanadi,-,-,-,Mahanadi,21.72750000,82.78805556,04-02-2026 08:00,46.51
995,Basantpur,CWC,22,Chhattisgarh,379,JANJGIR - CHAMPA,CHAMPA,-,-,Mahanadi,Mahanadi,-,-,-,Mahanadi,21.72750000,82.78805556,04-02-2026 09:00,48.664143
996,Basantpur,CWC,22,Chhattisgarh,379,JANJGIR - CHAMPA,CHAMPA,-,-,Mahanadi,Mahanadi,-,-,-,Mahanadi,21.72750000,82.78805556,05-02-2026 08:00,51.35
997,Basantpur,CWC,22,Chhattisgarh,379,JANJGIR - CHAMPA,CHAMPA,-,-,Mahanadi,Mahanadi,-,-,-,Mahanadi,21.72750000,82.78805556,05-02-2026 09:00,52.566
998,Basantpur,CWC,22,Chhattisgarh,379,JANJGIR - CHAMPA,CHAMPA,-,-,Mahanadi,Mahanadi,-,-,-,Mahanadi,21.72750000,82.78805556,06-02-2026 08:00,52.77
999,Basantpur,CWC,22,Chhattisgarh,379,JANJGIR - CHAMPA,CHAMPA,-,-,Mahanadi,Mahanadi,-,-,-,Mahanadi,21.72750000,82.78805556,07-02-2026 08:00,52.49
1000,Basantpur,CWC,22,Chhattisgarh,379,JANJGIR - CHAMPA,CHAMPA,-,-,Mahanadi,Mahanadi,-,-,-,Mahanadi,21.72750000,82.78805556,08-02-2026 08:00,52
1001,Basantpur,CWC,22,Chhattisgarh,379,JANJGIR - CHAMPA,CHAMPA,-,-,Mahanadi,Mahanadi,-,-,-,Mahanadi,21.72750000,82.78805556,09-02-2026 08:00,47.89
1002,Basantpur,CWC,22,Chhattisgarh,379,JANJGIR - CHAMPA,CHAMPA,-,-,Mahanadi,Mahanadi,-,-,-,Mahanadi,21.72750000,82.78805556,10-02-2026 08:00,45.78
1003,Basantpur,CWC,22,Chhattisgarh,379,JANJGIR - CHAMPA,CHAMPA,-,-,Mahanadi,Mahanadi,-,-,-,Mahanadi,21.72750000,82.78805556,10-02-2026 09:00,45.822918
1004,Basantpur,CWC,22,Chhattisgarh,379,JANJGIR - CHAMPA,CHAMPA,-,-,Mahanadi,Mahanadi,-,-,-,Mahanadi,21.72750000,82.78805556,11-02-2026 08:00,49.97
1005,Basantpur,CWC,22,Chhattisgarh,379,JANJGIR - CHAMPA,CHAMPA,-,-,Mahanadi,Mahanadi,-,-,-,Mahanadi,21.72750000,82.78805556,12-02-2026 08:00,50.24
1006,Basantpur,CWC,22,Chhattisgarh,379,JANJGIR - CHAMPA,CHAMPA,-,-,Mahanadi,Mahanadi,-,-,-,Mahanadi,21.72750000,82.78805556,12-02-2026 09:00,50.093193
1007,Basantpur,CWC,22,Chhattisgarh,379,JANJGIR - CHAMPA,CHAMPA,-,-,Mahanadi,Mahanadi,-,-,-,Mahanadi,21.72750000,82.78805556,13-02-2026 08:00,47.17
1008,Basantpur,CWC,22,Chhattisgarh,379,JANJGIR - CHAMPA,CHAMPA,-,-,Mahanadi,Mahanadi,-,-,-,Mahanadi,21.72750000,82.78805556,13-02-2026 09:00,48.212563
1009,Basantpur,CWC,22,Chhattisgarh,379,JANJGIR - CHAMPA,CHAMPA,-,-,Mahanadi,Mahanadi,-,-,-,Mahanadi,21.72750000,82.78805556,14-02-2026 08:00,21.6
1010,Basantpur,CWC,22,Chhattisgarh,379,JANJGIR - CHAMPA,CHAMPA,-,-,Mahanadi,Mahanadi,-,-,-,Mahanadi,21.72750000,82.78805556,15-02-2026 08:00,21
1011,Basantpur,CWC,22,Chhattisgarh,379,JANJGIR - CHAMPA,CHAMPA,-,-,Mahanadi,Mahanadi,-,-,-,Mahanadi,21.72750000,82.78805556,16-02-2026 08:00,19.44
1012,Basantpur,CWC,22,Chhattisgarh,379,JANJGIR - CHAMPA,CHAMPA,-,-,Mahanadi,Mahanadi,-,-,-,Mahanadi,21.72750000,82.78805556,16-02-2026 09:00,19.438646
1013,Basantpur,CWC,22,Chhattisgarh,379,JANJGIR - CHAMPA,CHAMPA,-,-,Mahanadi,Mahanadi,-,-,-,Mahanadi,21.72750000,82.78805556,17-02-2026 08:00,14.86
1014,Basantpur,CWC,22,Chhattisgarh,379,JANJGIR - CHAMPA,CHAMPA,-,-,Mahanadi,Mahanadi,-,-,-,Mahanadi,21.72750000,82.78805556,17-02-2026 09:00,15.733336
1015,Basantpur,CWC,22,Chhattisgarh,379,JANJGIR - CHAMPA,CHAMPA,-,-,Mahanadi,Mahanadi,-,-,-,Mahanadi,21.72750000,82.78805556,18-02-2026 08:00,14.45
1016,Basantpur,CWC,22,Chhattisgarh,379,JANJGIR - CHAMPA,CHAMPA,-,-,Mahanadi,Mahanadi,-,-,-,Mahanadi,21.72750000,82.78805556,18-02-2026 09:00,14.714886
1017,Basantpur,CWC,22,Chhattisgarh,379,JANJGIR - CHAMPA,CHAMPA,-,-,Mahanadi,Mahanadi,-,-,-,Mahanadi,21.72750000,82.78805556,19-02-2026 08:00,15.65
1018,Basantpur,CWC,22,Chhattisgarh,379,JANJGIR - CHAMPA,CHAMPA,-,-,Mahanadi,Mahanadi,-,-,-,Mahanadi,21.72750000,82.78805556,19-02-2026 09:00,15.651227
1019,Basantpur,CWC,22,Chhattisgarh,379,JANJGIR - CHAMPA,CHAMPA,-,-,Mahanadi,Mahanadi,-,-,-,Mahanadi,21.72750000,82.78805556,20-02-2026 08:00,15.01
1020,Basantpur,CWC,22,Chhattisgarh,379,JANJGIR - CHAMPA,CHAMPA,-,-,Mahanadi,Mahanadi,-,-,-,Mahanadi,21.72750000,82.78805556,20-02-2026 09:00,15.064028
1021,Basantpur,CWC,22,Chhattisgarh,379,JANJGIR - CHAMPA,CHAMPA,-,-,Mahanadi,Mahanadi,-,-,-,Mahanadi,21.72750000,82.78805556,21-02-2026 08:00,23.53
1022,Basantpur,CWC,22,Chhattisgarh,379,JANJGIR - CHAMPA,CHAMPA,-,-,Mahanadi,Mahanadi,-,-,-,Mahanadi,21.72750000,82.78805556,21-02-2026 09:00,23.639065
1023,Basantpur,CWC,22,Chhattisgarh,379,JANJGIR - CHAMPA,CHAMPA,-,-,Mahanadi,Mahanadi,-,-,-,Mahanadi,21.72750000,82.78805556,22-02-2026 08:00,17.9
1024,Basantpur,CWC,22,Chhattisgarh,379,JANJGIR - CHAMPA,CHAMPA,-,-,Mahanadi,Mahanadi,-,-,-,Mahanadi,21.72750000,82.78805556,23-02-2026 08:00,17.89
1025,Basantpur,CWC,22,Chhattisgarh,379,JANJGIR - CHAMPA,CHAMPA,-,-,Mahanadi,Mahanadi,-,-,-,Mahanadi,21.72750000,82.78805556,23-02-2026 09:00,18.82988
1026,Basantpur,CWC,22,Chhattisgarh,379,JANJGIR - CHAMPA,CHAMPA,-,-,Mahanadi,Mahanadi,-,-,-,Mahanadi,21.72750000,82.78805556,24-02-2026 08:00,17.53
1027,Basantpur,CWC,22,Chhattisgarh,379,JANJGIR - CHAMPA,CHAMPA,-,-,Mahanadi,Mahanadi,-,-,-,Mahanadi,21.72750000,82.78805556,24-02-2026 09:00,17.52793
1028,Basantpur,CWC,22,Chhattisgarh,379,JANJGIR - CHAMPA,CHAMPA,-,-,Mahanadi,Mahanadi,-,-,-,Mahanadi,21.72750000,82.78805556,25-02-2026 08:00,16.51
1029,Basantpur,CWC,22,Chhattisgarh,379,JANJGIR - CHAMPA,CHAMPA,-,-,Mahanadi,Mahanadi,-,-,-,Mahanadi,21.72750000,82.78805556,25-02-2026 09:00,15.383282
1030,Basantpur,CWC,22,Chhattisgarh,379,JANJGIR - CHAMPA,CHAMPA,-,-,Mahanadi,Mahanadi,-,-,-,Mahanadi,21.72750000,82.78805556,26-02-2026 08:00,18.15
1031,Basantpur,CWC,22,Chhattisgarh,379,JANJGIR - CHAMPA,CHAMPA,-,-,Mahanadi,Mahanadi,-,-,-,Mahanadi,21.72750000,82.78805556,26-02-2026 09:00,18.155567
1032,Basantpur,CWC,22,Chhattisgarh,379,JANJGIR - CHAMPA,CHAMPA,-,-,Mahanadi,Mahanadi,-,-,-,Mahanadi,21.72750000,82.78805556,27-02-2026 08:00,18.55
1033,Basantpur,CWC,22,Chhattisgarh,379,JANJGIR - CHAMPA,CHAMPA,-,-,Mahanadi,Mahanadi,-,-,-,Mahanadi,21.72750000,82.78805556,27-02-2026 09:00,18.543058
1034,Basantpur,CWC,22,Chhattisgarh,379,JANJGIR - CHAMPA,CHAMPA,-,-,Mahanadi,Mahanadi,-,-,-,Mahanadi,21.72750000,82.78805556,28-02-2026 08:00,18.21
1035,Basantpur,CWC,22,Chhattisgarh,379,JANJGIR - CHAMPA,CHAMPA,-,-,Mahanadi,Mahanadi,-,-,-,Mahanadi,21.72750000,82.78805556,28-02-2026 09:00,17.642689
1036,Basantpur,CWC,22,Chhattisgarh,379,JANJGIR - CHAMPA,CHAMPA,-,-,Mahanadi,Mahanadi,-,-,-,Mahanadi,21.72750000,82.78805556,01-03-2026 08:00,18
1037,Basantpur,CWC,22,Chhattisgarh,379,JANJGIR - CHAMPA,CHAMPA,-,-,Mahanadi,Mahanadi,-,-,-,Mahanadi,21.72750000,82.78805556,02-03-2026 08:00,18.32
1038,Basantpur,CWC,22,Chhattisgarh,379,JANJGIR - CHAMPA,CHAMPA,-,-,Mahanadi,Mahanadi,-,-,-,Mahanadi,21.72750000,82.78805556,03-03-2026 08:00,17.19
1039,Basantpur,CWC,22,Chhattisgarh,379,JANJGIR - CHAMPA,CHAMPA,-,-,Mahanadi,Mahanadi,-,-,-,Mahanadi,21.72750000,82.78805556,04-03-2026 08:00,17.2
1040,Basantpur,CWC,22,Chhattisgarh,379,JANJGIR - CHAMPA,CHAMPA,-,-,Mahanadi,Mahanadi,-,-,-,Mahanadi,21.72750000,82.78805556,05-03-2026 08:00,16.43
1041,Basantpur,CWC,22,Chhattisgarh,379,JANJGIR - CHAMPA,CHAMPA,-,-,Mahanadi,Mahanadi,-,-,-,Mahanadi,21.72750000,82.78805556,05-03-2026 09:00,16.370447
1042,Basantpur,CWC,22,Chhattisgarh,379,JANJGIR - CHAMPA,CHAMPA,-,-,Mahanadi,Mahanadi,-,-,-,Mahanadi,21.72750000,82.78805556,06-03-2026 08:00,16.84
1043,Basantpur,CWC,22,Chhattisgarh,379,JANJGIR - CHAMPA,CHAMPA,-,-,Mahanadi,Mahanadi,-,-,-,Mahanadi,21.72750000,82.78805556,06-03-2026 09:00,18.26253
1044,Basantpur,CWC,22,Chhattisgarh,379,JANJGIR - CHAMPA,CHAMPA,-,-,Mahanadi,Mahanadi,-,-,-,Mahanadi,21.72750000,82.78805556,07-03-2026 08:00,18.74
1045,Basantpur,CWC,22,Chhattisgarh,379,JANJGIR - CHAMPA,CHAMPA,-,-,Mahanadi,Mahanadi,-,-,-,Mahanadi,21.72750000,82.78805556,07-03-2026 09:00,18.624552
1046,Basantpur,CWC,22,Chhattisgarh,379,JANJGIR - CHAMPA,CHAMPA,-,-,Mahanadi,Mahanadi,-,-,-,Mahanadi,21.72750000,82.78805556,08-03-2026 08:00,18.7
1047,Basantpur,CWC,22,Chhattisgarh,379,JANJGIR - CHAMPA,CHAMPA,-,-,Mahanadi,Mahanadi,-,-,-,Mahanadi,21.72750000,82.78805556,09-03-2026 08:00,22.9
1048,Basantpur,CWC,22,Chhattisgarh,379,JANJGIR - CHAMPA,CHAMPA,-,-,Mahanadi,Mahanadi,-,-,-,Mahanadi,21.72750000,82.78805556,09-03-2026 09:00,22.889643
1049,Basantpur,CWC,22,Chhattisgarh,379,JANJGIR - CHAMPA,CHAMPA,-,-,Mahanadi,Mahanadi,-,-,-,Mahanadi,21.72750000,82.78805556,10-03-2026 08:00,26.75
1050,Basantpur,CWC,22,Chhattisgarh,379,JANJGIR - CHAMPA,CHAMPA,-,-,Mahanadi,Mahanadi,-,-,-,Mahanadi,21.72750000,82.78805556,11-03-2026 08:00,26.8
1051,Basantpur,CWC,22,Chhattisgarh,379,JANJGIR - CHAMPA,CHAMPA,-,-,Mahanadi,Mahanadi,-,-,-,Mahanadi,21.72750000,82.78805556,12-03-2026 08:00,28.02
1052,Basantpur,CWC,22,Chhattisgarh,379,JANJGIR - CHAMPA,CHAMPA,-,-,Mahanadi,Mahanadi,-,-,-,Mahanadi,21.72750000,82.78805556,13-03-2026 08:00,25.87
1053,Basantpur,CWC,22,Chhattisgarh,379,JANJGIR - CHAMPA,CHAMPA,-,-,Mahanadi,Mahanadi,-,-,-,Mahanadi,21.72750000,82.78805556,14-03-2026 08:00,26.19
1054,Basantpur,CWC,22,Chhattisgarh,379,JANJGIR - CHAMPA,CHAMPA,-,-,Mahanadi,Mahanadi,-,-,-,Mahanadi,21.72750000,82.78805556,16-03-2026 08:00,26.31
1055,Basantpur,CWC,22,Chhattisgarh,379,JANJGIR - CHAMPA,CHAMPA,-,-,Mahanadi,Mahanadi,-,-,-,Mahanadi,21.72750000,82.78805556,17-03-2026 08:00,26.01
1056,Basantpur,CWC,22,Chhattisgarh,379,JANJGIR - CHAMPA,CHAMPA,-,-,Mahanadi,Mahanadi,-,-,-,Mahanadi,21.72750000,82.78805556,18-03-2026 08:00,26.95
1057,Basantpur,CWC,22,Chhattisgarh,379,JANJGIR - CHAMPA,CHAMPA,-,-,Mahanadi,Mahanadi,-,-,-,Mahanadi,21.72750000,82.78805556,18-03-2026 09:00,26.941935
1058,Basantpur,CWC,22,Chhattisgarh,379,JANJGIR - CHAMPA,CHAMPA,-,-,Mahanadi,Mahanadi,-,-,-,Mahanadi,21.72750000,82.78805556,19-03-2026 08:00,25.81
1059,Basantpur,CWC,22,Chhattisgarh,379,JANJGIR - CHAMPA,CHAMPA,-,-,Mahanadi,Mahanadi,-,-,-,Mahanadi,21.72750000,82.78805556,20-03-2026 08:00,22.8
1060,Basantpur,CWC,22,Chhattisgarh,379,JANJGIR - CHAMPA,CHAMPA,-,-,Mahanadi,Mahanadi,-,-,-,Mahanadi,21.72750000,82.78805556,20-03-2026 09:00,22.593397
1061,Basantpur,CWC,22,Chhattisgarh,379,JANJGIR - CHAMPA,CHAMPA,-,-,Mahanadi,Mahanadi,-,-,-,Mahanadi,21.72750000,82.78805556,21-03-2026 08:00,22.3
1062,Basantpur,CWC,22,Chhattisgarh,379,JANJGIR - CHAMPA,CHAMPA,-,-,Mahanadi,Mahanadi,-,-,-,Mahanadi,21.72750000,82.78805556,22-03-2026 08:00,22.3
1063,Basantpur,CWC,22,Chhattisgarh,379,JANJGIR - CHAMPA,CHAMPA,-,-,Mahanadi,Mahanadi,-,-,-,Mahanadi,21.72750000,82.78805556,23-03-2026 08:00,22.36
1064,Basantpur,CWC,22,Chhattisgarh,379,JANJGIR - CHAMPA,CHAMPA,-,-,Mahanadi,Mahanadi,-,-,-,Mahanadi,21.72750000,82.78805556,23-03-2026 09:00,22.353645
1065,Basantpur,CWC,22,Chhattisgarh,379,JANJGIR - CHAMPA,CHAMPA,-,-,Mahanadi,Mahanadi,-,-,-,Mahanadi,21.72750000,82.78805556,24-03-2026 08:00,22.37
1066,Basantpur,CWC,22,Chhattisgarh,379,JANJGIR - CHAMPA,CHAMPA,-,-,Mahanadi,Mahanadi,-,-,-,Mahanadi,21.72750000,82.78805556,24-03-2026 09:00,21.71934
1067,Basantpur,CWC,22,Chhattisgarh,379,JANJGIR - CHAMPA,CHAMPA,-,-,Mahanadi,Mahanadi,-,-,-,Mahanadi,21.72750000,82.78805556,25-03-2026 08:00,26.11
1068,Basantpur,CWC,22,Chhattisgarh,379,JANJGIR - CHAMPA,CHAMPA,-,-,Mahanadi,Mahanadi,-,-,-,Mahanadi,21.72750000,82.78805556,26-03-2026 08:00,25.85
1069,Basantpur,CWC,22,Chhattisgarh,379,JANJGIR - CHAMPA,CHAMPA,-,-,Mahanadi,Mahanadi,-,-,-,Mahanadi,21.72750000,82.78805556,27-03-2026 08:00,25.62
1070,Basantpur,CWC,22,Chhattisgarh,379,JANJGIR - CHAMPA,CHAMPA,-,-,Mahanadi,Mahanadi,-,-,-,Mahanadi,21.72750000,82.78805556,28-03-2026 08:00,24.93
1071,Basantpur,CWC,22,Chhattisgarh,379,JANJGIR - CHAMPA,CHAMPA,-,-,Mahanadi,Mahanadi,-,-,-,Mahanadi,21.72750000,82.78805556,29-03-2026 08:00,23
1072,Basantpur,CWC,22,Chhattisgarh,379,JANJGIR - CHAMPA,CHAMPA,-,-,Mahanadi,Mahanadi,-,-,-,Mahanadi,21.72750000,82.78805556,30-03-2026 08:00,22.64
1073,Basantpur,CWC,22,Chhattisgarh,379,JANJGIR - CHAMPA,CHAMPA,-,-,Mahanadi,Mahanadi,-,-,-,Mahanadi,21.72750000,82.78805556,31-03-2026 08:00,22.95
1074,Basantpur,CWC,22,Chhattisgarh,379,JANJGIR - CHAMPA,CHAMPA,-,-,Mahanadi,Mahanadi,-,-,-,Mahanadi,21.72750000,82.78805556,01-04-2026 08:00,23.179
1075,Basantpur,CWC,22,Chhattisgarh,379,JANJGIR - CHAMPA,CHAMPA,-,-,Mahanadi,Mahanadi,-,-,-,Mahanadi,21.72750000,82.78805556,02-04-2026 08:00,23.574
1076,Basantpur,CWC,22,Chhattisgarh,379,JANJGIR - CHAMPA,CHAMPA,-,-,Mahanadi,Mahanadi,-,-,-,Mahanadi,21.72750000,82.78805556,03-04-2026 08:00,23.576
1077,Basantpur,CWC,22,Chhattisgarh,379,JANJGIR - CHAMPA,CHAMPA,-,-,Mahanadi,Mahanadi,-,-,-,Mahanadi,21.72750000,82.78805556,04-04-2026 08:00,23.422
1078,Basantpur,CWC,22,Chhattisgarh,379,JANJGIR - CHAMPA,CHAMPA,-,-,Mahanadi,Mahanadi,-,-,-,Mahanadi,21.72750000,82.78805556,05-04-2026 08:00,23.4
1079,Basantpur,CWC,22,Chhattisgarh,379,JANJGIR - CHAMPA,CHAMPA,-,-,Mahanadi,Mahanadi,-,-,-,Mahanadi,21.72750000,82.78805556,05-04-2026 08:00,0
1080,Basantpur,CWC,22,Chhattisgarh,379,JANJGIR - CHAMPA,CHAMPA,-,-,Mahanadi,Mahanadi,-,-,-,Mahanadi,21.72750000,82.78805556,06-04-2026 08:00,23.074
1081,Basantpur,CWC,22,Chhattisgarh,379,JANJGIR - CHAMPA,CHAMPA,-,-,Mahanadi,Mahanadi,-,-,-,Mahanadi,21.72750000,82.78805556,07-04-2026 08:00,23.274
1082,Basantpur,CWC,22,Chhattisgarh,379,JANJGIR - CHAMPA,CHAMPA,-,-,Mahanadi,Mahanadi,-,-,-,Mahanadi,21.72750000,82.78805556,08-04-2026 09:00,16.517
1083,Basantpur,CWC,22,Chhattisgarh,379,JANJGIR - CHAMPA,CHAMPA,-,-,Mahanadi,Mahanadi,-,-,-,Mahanadi,21.72750000,82.78805556,09-04-2026 08:00,15.782
1084,Basantpur,CWC,22,Chhattisgarh,379,JANJGIR - CHAMPA,CHAMPA,-,-,Mahanadi,Mahanadi,-,-,-,Mahanadi,21.72750000,82.78805556,10-04-2026 09:00,15.426
1085,Basantpur,CWC,22,Chhattisgarh,379,JANJGIR - CHAMPA,CHAMPA,-,-,Mahanadi,Mahanadi,-,-,-,Mahanadi,21.72750000,82.78805556,11-04-2026 09:00,14.796
1086,Basantpur,CWC,22,Chhattisgarh,379,JANJGIR - CHAMPA,CHAMPA,-,-,Mahanadi,Mahanadi,-,-,-,Mahanadi,21.72750000,82.78805556,12-04-2026 09:00,0
1087,Basantpur,CWC,22,Chhattisgarh,379,JANJGIR - CHAMPA,CHAMPA,-,-,Mahanadi,Mahanadi,-,-,-,Mahanadi,21.72750000,82.78805556,12-04-2026 09:00,15.2
1088,Basantpur,CWC,22,Chhattisgarh,379,JANJGIR - CHAMPA,CHAMPA,-,-,Mahanadi,Mahanadi,-,-,-,Mahanadi,21.72750000,82.78805556,13-04-2026 08:00,36.793
1089,Basantpur,CWC,22,Chhattisgarh,379,JANJGIR - CHAMPA,CHAMPA,-,-,Mahanadi,Mahanadi,-,-,-,Mahanadi,21.72750000,82.78805556,14-04-2026 08:00,0
1090,Basantpur,CWC,22,Chhattisgarh,379,JANJGIR - CHAMPA,CHAMPA,-,-,Mahanadi,Mahanadi,-,-,-,Mahanadi,21.72750000,82.78805556,14-04-2026 08:00,36
1091,Basantpur,CWC,22,Chhattisgarh,379,JANJGIR - CHAMPA,CHAMPA,-,-,Mahanadi,Mahanadi,-,-,-,Mahanadi,21.72750000,82.78805556,15-04-2026 08:00,29.34
1092,Basantpur,CWC,22,Chhattisgarh,379,JANJGIR - CHAMPA,CHAMPA,-,-,Mahanadi,Mahanadi,-,-,-,Mahanadi,21.72750000,82.78805556,16-04-2026 08:00,25.029
1093,Basantpur,CWC,22,Chhattisgarh,379,JANJGIR - CHAMPA,CHAMPA,-,-,Mahanadi,Mahanadi,-,-,-,Mahanadi,21.72750000,82.78805556,17-04-2026 08:00,26.309
1094,Basantpur,CWC,22,Chhattisgarh,379,JANJGIR - CHAMPA,CHAMPA,-,-,Mahanadi,Mahanadi,-,-,-,Mahanadi,21.72750000,82.78805556,18-04-2026 08:00,24.176
1095,Basantpur,CWC,22,Chhattisgarh,379,JANJGIR - CHAMPA,CHAMPA,-,-,Mahanadi,Mahanadi,-,-,-,Mahanadi,21.72750000,82.78805556,19-04-2026 08:00,25
1096,Basantpur,CWC,22,Chhattisgarh,379,JANJGIR - CHAMPA,CHAMPA,-,-,Mahanadi,Mahanadi,-,-,-,Mahanadi,21.72750000,82.78805556,19-04-2026 08:00,0
1097,Basantpur,CWC,22,Chhattisgarh,379,JANJGIR - CHAMPA,CHAMPA,-,-,Mahanadi,Mahanadi,-,-,-,Mahanadi,21.72750000,82.78805556,20-04-2026 08:00,29.641
1098,Basantpur,CWC,22,Chhattisgarh,379,JANJGIR - CHAMPA,CHAMPA,-,-,Mahanadi,Mahanadi,-,-,-,Mahanadi,21.72750000,82.78805556,21-04-2026 08:00,25.873
1099,Basantpur,CWC,22,Chhattisgarh,379,JANJGIR - CHAMPA,CHAMPA,-,-,Mahanadi,Mahanadi,-,-,-,Mahanadi,21.72750000,82.78805556,22-04-2026 08:00,25.415
1100,Basantpur,CWC,22,Chhattisgarh,379,JANJGIR - CHAMPA,CHAMPA,-,-,Mahanadi,Mahanadi,-,-,-,Mahanadi,21.72750000,82.78805556,23-04-2026 08:00,25.954
1101,Basantpur,CWC,22,Chhattisgarh,379,JANJGIR - CHAMPA,CHAMPA,-,-,Mahanadi,Mahanadi,-,-,-,Mahanadi,21.72750000,82.78805556,24-04-2026 08:00,26.352
1102,Basantpur,CWC,22,Chhattisgarh,379,JANJGIR - CHAMPA,CHAMPA,-,-,Mahanadi,Mahanadi,-,-,-,Mahanadi,21.72750000,82.78805556,25-04-2026 09:00,26.748
1103,Basantpur,CWC,22,Chhattisgarh,379,JANJGIR - CHAMPA,CHAMPA,-,-,Mahanadi,Mahanadi,-,-,-,Mahanadi,21.72750000,82.78805556,26-04-2026 08:00,0
1104,Basantpur,CWC,22,Chhattisgarh,379,JANJGIR - CHAMPA,CHAMPA,-,-,Mahanadi,Mahanadi,-,-,-,Mahanadi,21.72750000,82.78805556,26-04-2026 08:00,30
1105,Basantpur,CWC,22,Chhattisgarh,379,JANJGIR - CHAMPA,CHAMPA,-,-,Mahanadi,Mahanadi,-,-,-,Mahanadi,21.72750000,82.78805556,27-04-2026 08:00,30.981
1106,Basantpur,CWC,22,Chhattisgarh,379,JANJGIR - CHAMPA,CHAMPA,-,-,Mahanadi,Mahanadi,-,-,-,Mahanadi,21.72750000,82.78805556,28-04-2026 08:00,31.205
1107,Basantpur,CWC,22,Chhattisgarh,379,JANJGIR - CHAMPA,CHAMPA,-,-,Mahanadi,Mahanadi,-,-,-,Mahanadi,21.72750000,82.78805556,29-04-2026 09:00,34.199
1108,Basantpur,CWC,22,Chhattisgarh,379,JANJGIR - CHAMPA,CHAMPA,-,-,Mahanadi,Mahanadi,-,-,-,Mahanadi,21.72750000,82.78805556,30-04-2026 08:00,32.861
1109,Basantpur,CWC,22,Chhattisgarh,379,JANJGIR - CHAMPA,CHAMPA,-,-,Mahanadi,Mahanadi,-,-,-,Mahanadi,21.72750000,82.78805556,01-05-2026 08:00,35
1110,Basantpur,CWC,22,Chhattisgarh,379,JANJGIR - CHAMPA,CHAMPA,-,-,Mahanadi,Mahanadi,-,-,-,Mahanadi,21.72750000,82.78805556,02-05-2026 08:00,36.031
1111,Basantpur,CWC,22,Chhattisgarh,379,JANJGIR - CHAMPA,CHAMPA,-,-,Mahanadi,Mahanadi,-,-,-,Mahanadi,21.72750000,82.78805556,03-05-2026 08:00,30
1112,Basantpur,CWC,22,Chhattisgarh,379,JANJGIR - CHAMPA,CHAMPA,-,-,Mahanadi,Mahanadi,-,-,-,Mahanadi,21.72750000,82.78805556,04-05-2026 08:00,22.241
1113,Basantpur,CWC,22,Chhattisgarh,379,JANJGIR - CHAMPA,CHAMPA,-,-,Mahanadi,Mahanadi,-,-,-,Mahanadi,21.72750000,82.78805556,05-05-2026 08:00,22.573
1114,Basantpur,CWC,22,Chhattisgarh,379,JANJGIR - CHAMPA,CHAMPA,-,-,Mahanadi,Mahanadi,-,-,-,Mahanadi,21.72750000,82.78805556,06-05-2026 08:00,22.597
1115,Basantpur,CWC,22,Chhattisgarh,379,JANJGIR - CHAMPA,CHAMPA,-,-,Mahanadi,Mahanadi,-,-,-,Mahanadi,21.72750000,82.78805556,07-05-2026 08:00,22.313
1116,Basantpur,CWC,22,Chhattisgarh,379,JANJGIR - CHAMPA,CHAMPA,-,-,Mahanadi,Mahanadi,-,-,-,Mahanadi,21.72750000,82.78805556,08-05-2026 09:00,23.548
1117,Basantpur,CWC,22,Chhattisgarh,379,JANJGIR - CHAMPA,CHAMPA,-,-,Mahanadi,Mahanadi,-,-,-,Mahanadi,21.72750000,82.78805556,09-05-2026 09:00,23.653
1118,Basantpur,CWC,22,Chhattisgarh,379,JANJGIR - CHAMPA,CHAMPA,-,-,Mahanadi,Mahanadi,-,-,-,Mahanadi,21.72750000,82.78805556,10-05-2026 08:00,24
1119,Basantpur,CWC,22,Chhattisgarh,379,JANJGIR - CHAMPA,CHAMPA,-,-,Mahanadi,Mahanadi,-,-,-,Mahanadi,21.72750000,82.78805556,11-05-2026 08:00,24.051
1120,Basantpur,CWC,22,Chhattisgarh,379,JANJGIR - CHAMPA,CHAMPA,-,-,Mahanadi,Mahanadi,-,-,-,Mahanadi,21.72750000,82.78805556,12-05-2026 08:00,23.146
1121,Basantpur,CWC,22,Chhattisgarh,379,JANJGIR - CHAMPA,CHAMPA,-,-,Mahanadi,Mahanadi,-,-,-,Mahanadi,21.72750000,82.78805556,13-05-2026 08:00,23.701
1122,Basantpur,CWC,22,Chhattisgarh,379,JANJGIR - CHAMPA,CHAMPA,-,-,Mahanadi,Mahanadi,-,-,-,Mahanadi,21.72750000,82.78805556,14-05-2026 08:00,23.242
1123,Basantpur,CWC,22,Chhattisgarh,379,JANJGIR - CHAMPA,CHAMPA,-,-,Mahanadi,Mahanadi,-,-,-,Mahanadi,21.72750000,82.78805556,14-05-2026 09:00,21.063358
1124,Basantpur,CWC,22,Chhattisgarh,379,JANJGIR - CHAMPA,CHAMPA,-,-,Mahanadi,Mahanadi,-,-,-,Mahanadi,21.72750000,82.78805556,15-05-2026 08:00,26.269
1125,Basantpur,CWC,22,Chhattisgarh,379,JANJGIR - CHAMPA,CHAMPA,-,-,Mahanadi,Mahanadi,-,-,-,Mahanadi,21.72750000,82.78805556,16-05-2026 09:00,26.498
1126,Basantpur,CWC,22,Chhattisgarh,379,JANJGIR - CHAMPA,CHAMPA,-,-,Mahanadi,Mahanadi,-,-,-,Mahanadi,21.72750000,82.78805556,17-05-2026 08:00,26.5
1127,Basantpur,CWC,22,Chhattisgarh,379,JANJGIR - CHAMPA,CHAMPA,-,-,Mahanadi,Mahanadi,-,-,-,Mahanadi,21.72750000,82.78805556,18-05-2026 08:00,25.685
1128,Basantpur,CWC,22,Chhattisgarh,379,JANJGIR - CHAMPA,CHAMPA,-,-,Mahanadi,Mahanadi,-,-,-,Mahanadi,21.72750000,82.78805556,19-05-2026 08:00,23.267
1129,Basantpur,CWC,22,Chhattisgarh,379,JANJGIR - CHAMPA,CHAMPA,-,-,Mahanadi,Mahanadi,-,-,-,Mahanadi,21.72750000,82.78805556,20-05-2026 08:00,24.714
1130,Basantpur,CWC,22,Chhattisgarh,379,JANJGIR - CHAMPA,CHAMPA,-,-,Mahanadi,Mahanadi,-,-,-,Mahanadi,21.72750000,82.78805556,21-05-2026 08:00,25.17
1131,Basantpur,CWC,22,Chhattisgarh,379,JANJGIR - CHAMPA,CHAMPA,-,-,Mahanadi,Mahanadi,-,-,-,Mahanadi,21.72750000,82.78805556,22-05-2026 08:00,24.795
1132,Basantpur,CWC,22,Chhattisgarh,379,JANJGIR - CHAMPA,CHAMPA,-,-,Mahanadi,Mahanadi,-,-,-,Mahanadi,21.72750000,82.78805556,23-05-2026 09:00,27.146
1133,Basantpur,CWC,22,Chhattisgarh,379,JANJGIR - CHAMPA,CHAMPA,-,-,Mahanadi,Mahanadi,-,-,-,Mahanadi,21.72750000,82.78805556,24-05-2026 08:00,27.16
1134,Basantpur,CWC,22,Chhattisgarh,379,JANJGIR - CHAMPA,CHAMPA,-,-,Mahanadi,Mahanadi,-,-,-,Mahanadi,21.72750000,82.78805556,25-05-2026 08:00,6.561
1135,Basantpur,CWC,22,Chhattisgarh,379,JANJGIR - CHAMPA,CHAMPA,-,-,Mahanadi,Mahanadi,-,-,-,Mahanadi,21.72750000,82.78805556,26-05-2026 08:00,6.551
1136,Basantpur,CWC,22,Chhattisgarh,379,JANJGIR - CHAMPA,CHAMPA,-,-,Mahanadi,Mahanadi,-,-,-,Mahanadi,21.72750000,82.78805556,27-05-2026 08:00,6.789
1137,Basantpur,CWC,22,Chhattisgarh,379,JANJGIR - CHAMPA,CHAMPA,-,-,Mahanadi,Mahanadi,-,-,-,Mahanadi,21.72750000,82.78805556,28-05-2026 08:00,6.78
1138,Basantpur,CWC,22,Chhattisgarh,379,JANJGIR - CHAMPA,CHAMPA,-,-,Mahanadi,Mahanadi,-,-,-,Mahanadi,21.72750000,82.78805556,29-05-2026 08:00,5.969
1139,Basantpur,CWC,22,Chhattisgarh,379,JANJGIR - CHAMPA,CHAMPA,-,-,Mahanadi,Mahanadi,-,-,-,Mahanadi,21.72750000,82.78805556,30-05-2026 08:00,4.617
1140,Basantpur,CWC,22,Chhattisgarh,379,JANJGIR - CHAMPA,CHAMPA,-,-,Mahanadi,Mahanadi,-,-,-,Mahanadi,21.72750000,82.78805556,31-05-2026 08:00,5.8
1141,Basantpur,CWC,22,Chhattisgarh,379,JANJGIR - CHAMPA,CHAMPA,-,-,Mahanadi,Mahanadi,-,-,-,Mahanadi,21.72750000,82.78805556,01-06-2026 08:00,4.937221
1142,Cherribeda (Bardha),CWC,22,Chhattisgarh,637,NARAYANPUR,NARAYANPUR,-,-,Godavari,Godavari,Indravathi,Bardha,-,Bardha,19.64583333,81.48583333,01-01-2026 08:00,1.15
1143,Cherribeda (Bardha),CWC,22,Chhattisgarh,637,NARAYANPUR,NARAYANPUR,-,-,Godavari,Godavari,Indravathi,Bardha,-,Bardha,19.64583333,81.48583333,02-01-2026 08:00,1.13
1144,Cherribeda (Bardha),CWC,22,Chhattisgarh,637,NARAYANPUR,NARAYANPUR,-,-,Godavari,Godavari,Indravathi,Bardha,-,Bardha,19.64583333,81.48583333,03-01-2026 08:00,1.13
1145,Cherribeda (Bardha),CWC,22,Chhattisgarh,637,NARAYANPUR,NARAYANPUR,-,-,Godavari,Godavari,Indravathi,Bardha,-,Bardha,19.64583333,81.48583333,04-01-2026 08:00,1.13
1146,Cherribeda (Bardha),CWC,22,Chhattisgarh,637,NARAYANPUR,NARAYANPUR,-,-,Godavari,Godavari,Indravathi,Bardha,-,Bardha,19.64583333,81.48583333,05-01-2026 08:00,1.12
1147,Cherribeda (Bardha),CWC,22,Chhattisgarh,637,NARAYANPUR,NARAYANPUR,-,-,Godavari,Godavari,Indravathi,Bardha,-,Bardha,19.64583333,81.48583333,06-01-2026 08:00,1.1
1148,Cherribeda (Bardha),CWC,22,Chhattisgarh,637,NARAYANPUR,NARAYANPUR,-,-,Godavari,Godavari,Indravathi,Bardha,-,Bardha,19.64583333,81.48583333,07-01-2026 08:00,1.1
1149,Cherribeda (Bardha),CWC,22,Chhattisgarh,637,NARAYANPUR,NARAYANPUR,-,-,Godavari,Godavari,Indravathi,Bardha,-,Bardha,19.64583333,81.48583333,08-01-2026 08:00,1.1
1150,Cherribeda (Bardha),CWC,22,Chhattisgarh,637,NARAYANPUR,NARAYANPUR,-,-,Godavari,Godavari,Indravathi,Bardha,-,Bardha,19.64583333,81.48583333,09-01-2026 08:00,1.1
1151,Cherribeda (Bardha),CWC,22,Chhattisgarh,637,NARAYANPUR,NARAYANPUR,-,-,Godavari,Godavari,Indravathi,Bardha,-,Bardha,19.64583333,81.48583333,10-01-2026 08:00,1.1
1152,Cherribeda (Bardha),CWC,22,Chhattisgarh,637,NARAYANPUR,NARAYANPUR,-,-,Godavari,Godavari,Indravathi,Bardha,-,Bardha,19.64583333,81.48583333,11-01-2026 08:00,1.08
1153,Cherribeda (Bardha),CWC,22,Chhattisgarh,637,NARAYANPUR,NARAYANPUR,-,-,Godavari,Godavari,Indravathi,Bardha,-,Bardha,19.64583333,81.48583333,12-01-2026 08:00,1.08
1154,Cherribeda (Bardha),CWC,22,Chhattisgarh,637,NARAYANPUR,NARAYANPUR,-,-,Godavari,Godavari,Indravathi,Bardha,-,Bardha,19.64583333,81.48583333,13-01-2026 08:00,1.06
1155,Cherribeda (Bardha),CWC,22,Chhattisgarh,637,NARAYANPUR,NARAYANPUR,-,-,Godavari,Godavari,Indravathi,Bardha,-,Bardha,19.64583333,81.48583333,14-01-2026 08:00,1.06
1156,Cherribeda (Bardha),CWC,22,Chhattisgarh,637,NARAYANPUR,NARAYANPUR,-,-,Godavari,Godavari,Indravathi,Bardha,-,Bardha,19.64583333,81.48583333,15-01-2026 08:00,1.06
1157,Cherribeda (Bardha),CWC,22,Chhattisgarh,637,NARAYANPUR,NARAYANPUR,-,-,Godavari,Godavari,Indravathi,Bardha,-,Bardha,19.64583333,81.48583333,16-01-2026 08:00,1.0038517
1158,Cherribeda (Bardha),CWC,22,Chhattisgarh,637,NARAYANPUR,NARAYANPUR,-,-,Godavari,Godavari,Indravathi,Bardha,-,Bardha,19.64583333,81.48583333,17-01-2026 08:00,0.88531685
1159,Cherribeda (Bardha),CWC,22,Chhattisgarh,637,NARAYANPUR,NARAYANPUR,-,-,Godavari,Godavari,Indravathi,Bardha,-,Bardha,19.64583333,81.48583333,18-01-2026 08:00,0.8
1160,Cherribeda (Bardha),CWC,22,Chhattisgarh,637,NARAYANPUR,NARAYANPUR,-,-,Godavari,Godavari,Indravathi,Bardha,-,Bardha,19.64583333,81.48583333,19-01-2026 08:00,0.743871
1161,Cherribeda (Bardha),CWC,22,Chhattisgarh,637,NARAYANPUR,NARAYANPUR,-,-,Godavari,Godavari,Indravathi,Bardha,-,Bardha,19.64583333,81.48583333,20-01-2026 08:00,0.65596694
1162,Cherribeda (Bardha),CWC,22,Chhattisgarh,637,NARAYANPUR,NARAYANPUR,-,-,Godavari,Godavari,Indravathi,Bardha,-,Bardha,19.64583333,81.48583333,21-01-2026 08:00,0.461
1163,Cherribeda (Bardha),CWC,22,Chhattisgarh,637,NARAYANPUR,NARAYANPUR,-,-,Godavari,Godavari,Indravathi,Bardha,-,Bardha,19.64583333,81.48583333,22-01-2026 08:00,0.543
1164,Cherribeda (Bardha),CWC,22,Chhattisgarh,637,NARAYANPUR,NARAYANPUR,-,-,Godavari,Godavari,Indravathi,Bardha,-,Bardha,19.64583333,81.48583333,23-01-2026 08:00,0.572
1165,Cherribeda (Bardha),CWC,22,Chhattisgarh,637,NARAYANPUR,NARAYANPUR,-,-,Godavari,Godavari,Indravathi,Bardha,-,Bardha,19.64583333,81.48583333,24-01-2026 08:00,0.545
1166,Cherribeda (Bardha),CWC,22,Chhattisgarh,637,NARAYANPUR,NARAYANPUR,-,-,Godavari,Godavari,Indravathi,Bardha,-,Bardha,19.64583333,81.48583333,25-01-2026 08:00,0.5
1167,Cherribeda (Bardha),CWC,22,Chhattisgarh,637,NARAYANPUR,NARAYANPUR,-,-,Godavari,Godavari,Indravathi,Bardha,-,Bardha,19.64583333,81.48583333,26-01-2026 08:00,0.5
1168,Cherribeda (Bardha),CWC,22,Chhattisgarh,637,NARAYANPUR,NARAYANPUR,-,-,Godavari,Godavari,Indravathi,Bardha,-,Bardha,19.64583333,81.48583333,27-01-2026 08:00,0.447
1169,Cherribeda (Bardha),CWC,22,Chhattisgarh,637,NARAYANPUR,NARAYANPUR,-,-,Godavari,Godavari,Indravathi,Bardha,-,Bardha,19.64583333,81.48583333,28-01-2026 08:00,0.4435354
1170,Cherribeda (Bardha),CWC,22,Chhattisgarh,637,NARAYANPUR,NARAYANPUR,-,-,Godavari,Godavari,Indravathi,Bardha,-,Bardha,19.64583333,81.48583333,29-01-2026 08:00,0.42
1171,Cherribeda (Bardha),CWC,22,Chhattisgarh,637,NARAYANPUR,NARAYANPUR,-,-,Godavari,Godavari,Indravathi,Bardha,-,Bardha,19.64583333,81.48583333,30-01-2026 08:00,0.553
1172,Cherribeda (Bardha),CWC,22,Chhattisgarh,637,NARAYANPUR,NARAYANPUR,-,-,Godavari,Godavari,Indravathi,Bardha,-,Bardha,19.64583333,81.48583333,31-01-2026 08:00,0.523
1173,Cherribeda (Bardha),CWC,22,Chhattisgarh,637,NARAYANPUR,NARAYANPUR,-,-,Godavari,Godavari,Indravathi,Bardha,-,Bardha,19.64583333,81.48583333,01-02-2026 08:00,0.52
1174,Cherribeda (Bardha),CWC,22,Chhattisgarh,637,NARAYANPUR,NARAYANPUR,-,-,Godavari,Godavari,Indravathi,Bardha,-,Bardha,19.64583333,81.48583333,02-02-2026 08:00,0.443
1175,Cherribeda (Bardha),CWC,22,Chhattisgarh,637,NARAYANPUR,NARAYANPUR,-,-,Godavari,Godavari,Indravathi,Bardha,-,Bardha,19.64583333,81.48583333,03-02-2026 08:00,0.391
1176,Cherribeda (Bardha),CWC,22,Chhattisgarh,637,NARAYANPUR,NARAYANPUR,-,-,Godavari,Godavari,Indravathi,Bardha,-,Bardha,19.64583333,81.48583333,04-02-2026 08:00,0.432
1177,Cherribeda (Bardha),CWC,22,Chhattisgarh,637,NARAYANPUR,NARAYANPUR,-,-,Godavari,Godavari,Indravathi,Bardha,-,Bardha,19.64583333,81.48583333,05-02-2026 08:00,0.399
1178,Cherribeda (Bardha),CWC,22,Chhattisgarh,637,NARAYANPUR,NARAYANPUR,-,-,Godavari,Godavari,Indravathi,Bardha,-,Bardha,19.64583333,81.48583333,06-02-2026 08:00,0.313
1179,Cherribeda (Bardha),CWC,22,Chhattisgarh,637,NARAYANPUR,NARAYANPUR,-,-,Godavari,Godavari,Indravathi,Bardha,-,Bardha,19.64583333,81.48583333,07-02-2026 08:00,0.25
1180,Cherribeda (Bardha),CWC,22,Chhattisgarh,637,NARAYANPUR,NARAYANPUR,-,-,Godavari,Godavari,Indravathi,Bardha,-,Bardha,19.64583333,81.48583333,08-02-2026 08:00,0.2
1181,Cherribeda (Bardha),CWC,22,Chhattisgarh,637,NARAYANPUR,NARAYANPUR,-,-,Godavari,Godavari,Indravathi,Bardha,-,Bardha,19.64583333,81.48583333,09-02-2026 08:00,0.156
1182,Cherribeda (Bardha),CWC,22,Chhattisgarh,637,NARAYANPUR,NARAYANPUR,-,-,Godavari,Godavari,Indravathi,Bardha,-,Bardha,19.64583333,81.48583333,10-02-2026 08:00,0.134
1183,Cherribeda (Bardha),CWC,22,Chhattisgarh,637,NARAYANPUR,NARAYANPUR,-,-,Godavari,Godavari,Indravathi,Bardha,-,Bardha,19.64583333,81.48583333,11-02-2026 08:00,0.222
1184,Cherribeda (Bardha),CWC,22,Chhattisgarh,637,NARAYANPUR,NARAYANPUR,-,-,Godavari,Godavari,Indravathi,Bardha,-,Bardha,19.64583333,81.48583333,12-02-2026 08:00,0.179
1185,Cherribeda (Bardha),CWC,22,Chhattisgarh,637,NARAYANPUR,NARAYANPUR,-,-,Godavari,Godavari,Indravathi,Bardha,-,Bardha,19.64583333,81.48583333,13-02-2026 08:00,0.128
1186,Cherribeda (Bardha),CWC,22,Chhattisgarh,637,NARAYANPUR,NARAYANPUR,-,-,Godavari,Godavari,Indravathi,Bardha,-,Bardha,19.64583333,81.48583333,14-02-2026 08:00,0.12
1187,Cherribeda (Bardha),CWC,22,Chhattisgarh,637,NARAYANPUR,NARAYANPUR,-,-,Godavari,Godavari,Indravathi,Bardha,-,Bardha,19.64583333,81.48583333,15-02-2026 08:00,0.12
1188,Cherribeda (Bardha),CWC,22,Chhattisgarh,637,NARAYANPUR,NARAYANPUR,-,-,Godavari,Godavari,Indravathi,Bardha,-,Bardha,19.64583333,81.48583333,16-02-2026 08:00,0.139
1189,Cherribeda (Bardha),CWC,22,Chhattisgarh,637,NARAYANPUR,NARAYANPUR,-,-,Godavari,Godavari,Indravathi,Bardha,-,Bardha,19.64583333,81.48583333,17-02-2026 08:00,0.13
1190,Cherribeda (Bardha),CWC,22,Chhattisgarh,637,NARAYANPUR,NARAYANPUR,-,-,Godavari,Godavari,Indravathi,Bardha,-,Bardha,19.64583333,81.48583333,18-02-2026 08:00,0.127
1191,Cherribeda (Bardha),CWC,22,Chhattisgarh,637,NARAYANPUR,NARAYANPUR,-,-,Godavari,Godavari,Indravathi,Bardha,-,Bardha,19.64583333,81.48583333,19-02-2026 08:00,0.097
1192,Cherribeda (Bardha),CWC,22,Chhattisgarh,637,NARAYANPUR,NARAYANPUR,-,-,Godavari,Godavari,Indravathi,Bardha,-,Bardha,19.64583333,81.48583333,20-02-2026 08:00,0.091
1193,Cherribeda (Bardha),CWC,22,Chhattisgarh,637,NARAYANPUR,NARAYANPUR,-,-,Godavari,Godavari,Indravathi,Bardha,-,Bardha,19.64583333,81.48583333,21-02-2026 08:00,0.095
1194,Cherribeda (Bardha),CWC,22,Chhattisgarh,637,NARAYANPUR,NARAYANPUR,-,-,Godavari,Godavari,Indravathi,Bardha,-,Bardha,19.64583333,81.48583333,22-02-2026 08:00,0.09
1195,Cherribeda (Bardha),CWC,22,Chhattisgarh,637,NARAYANPUR,NARAYANPUR,-,-,Godavari,Godavari,Indravathi,Bardha,-,Bardha,19.64583333,81.48583333,23-02-2026 08:00,0.075
1196,Cherribeda (Bardha),CWC,22,Chhattisgarh,637,NARAYANPUR,NARAYANPUR,-,-,Godavari,Godavari,Indravathi,Bardha,-,Bardha,19.64583333,81.48583333,24-02-2026 08:00,0.078
1197,Cherribeda (Bardha),CWC,22,Chhattisgarh,637,NARAYANPUR,NARAYANPUR,-,-,Godavari,Godavari,Indravathi,Bardha,-,Bardha,19.64583333,81.48583333,25-02-2026 08:00,0.091
1198,Cherribeda (Bardha),CWC,22,Chhattisgarh,637,NARAYANPUR,NARAYANPUR,-,-,Godavari,Godavari,Indravathi,Bardha,-,Bardha,19.64583333,81.48583333,26-02-2026 08:00,0.089195594
1199,Cherribeda (Bardha),CWC,22,Chhattisgarh,637,NARAYANPUR,NARAYANPUR,-,-,Godavari,Godavari,Indravathi,Bardha,-,Bardha,19.64583333,81.48583333,27-02-2026 08:00,0.07655105
1200,Cherribeda (Bardha),CWC,22,Chhattisgarh,637,NARAYANPUR,NARAYANPUR,-,-,Godavari,Godavari,Indravathi,Bardha,-,Bardha,19.64583333,81.48583333,28-02-2026 08:00,0.07368287
1201,Cherribeda (Bardha),CWC,22,Chhattisgarh,637,NARAYANPUR,NARAYANPUR,-,-,Godavari,Godavari,Indravathi,Bardha,-,Bardha,19.64583333,81.48583333,01-03-2026 08:00,0
1202,Cherribeda (Bardha),CWC,22,Chhattisgarh,637,NARAYANPUR,NARAYANPUR,-,-,Godavari,Godavari,Indravathi,Bardha,-,Bardha,19.64583333,81.48583333,02-03-2026 08:00,0
1203,Cherribeda (Bardha),CWC,22,Chhattisgarh,637,NARAYANPUR,NARAYANPUR,-,-,Godavari,Godavari,Indravathi,Bardha,-,Bardha,19.64583333,81.48583333,03-03-2026 08:00,0
1204,Cherribeda (Bardha),CWC,22,Chhattisgarh,637,NARAYANPUR,NARAYANPUR,-,-,Godavari,Godavari,Indravathi,Bardha,-,Bardha,19.64583333,81.48583333,04-03-2026 08:00,0
1205,Cherribeda (Bardha),CWC,22,Chhattisgarh,637,NARAYANPUR,NARAYANPUR,-,-,Godavari,Godavari,Indravathi,Bardha,-,Bardha,19.64583333,81.48583333,05-03-2026 08:00,0
1206,Cherribeda (Bardha),CWC,22,Chhattisgarh,637,NARAYANPUR,NARAYANPUR,-,-,Godavari,Godavari,Indravathi,Bardha,-,Bardha,19.64583333,81.48583333,06-03-2026 08:00,0
1207,Cherribeda (Bardha),CWC,22,Chhattisgarh,637,NARAYANPUR,NARAYANPUR,-,-,Godavari,Godavari,Indravathi,Bardha,-,Bardha,19.64583333,81.48583333,07-03-2026 08:00,0
1208,Cherribeda (Bardha),CWC,22,Chhattisgarh,637,NARAYANPUR,NARAYANPUR,-,-,Godavari,Godavari,Indravathi,Bardha,-,Bardha,19.64583333,81.48583333,08-03-2026 08:00,0
1209,Cherribeda (Bardha),CWC,22,Chhattisgarh,637,NARAYANPUR,NARAYANPUR,-,-,Godavari,Godavari,Indravathi,Bardha,-,Bardha,19.64583333,81.48583333,09-03-2026 08:00,0
1210,Cherribeda (Bardha),CWC,22,Chhattisgarh,637,NARAYANPUR,NARAYANPUR,-,-,Godavari,Godavari,Indravathi,Bardha,-,Bardha,19.64583333,81.48583333,10-03-2026 08:00,0
1211,Cherribeda (Bardha),CWC,22,Chhattisgarh,637,NARAYANPUR,NARAYANPUR,-,-,Godavari,Godavari,Indravathi,Bardha,-,Bardha,19.64583333,81.48583333,11-03-2026 08:00,0
1212,Cherribeda (Bardha),CWC,22,Chhattisgarh,637,NARAYANPUR,NARAYANPUR,-,-,Godavari,Godavari,Indravathi,Bardha,-,Bardha,19.64583333,81.48583333,12-03-2026 08:00,0
1213,Cherribeda (Bardha),CWC,22,Chhattisgarh,637,NARAYANPUR,NARAYANPUR,-,-,Godavari,Godavari,Indravathi,Bardha,-,Bardha,19.64583333,81.48583333,13-03-2026 08:00,0
1214,Cherribeda (Bardha),CWC,22,Chhattisgarh,637,NARAYANPUR,NARAYANPUR,-,-,Godavari,Godavari,Indravathi,Bardha,-,Bardha,19.64583333,81.48583333,14-03-2026 08:00,0
1215,Cherribeda (Bardha),CWC,22,Chhattisgarh,637,NARAYANPUR,NARAYANPUR,-,-,Godavari,Godavari,Indravathi,Bardha,-,Bardha,19.64583333,81.48583333,15-03-2026 08:00,0
1216,Cherribeda (Bardha),CWC,22,Chhattisgarh,637,NARAYANPUR,NARAYANPUR,-,-,Godavari,Godavari,Indravathi,Bardha,-,Bardha,19.64583333,81.48583333,16-03-2026 08:00,0
1217,Cherribeda (Bardha),CWC,22,Chhattisgarh,637,NARAYANPUR,NARAYANPUR,-,-,Godavari,Godavari,Indravathi,Bardha,-,Bardha,19.64583333,81.48583333,17-03-2026 08:00,0
1218,Cherribeda (Bardha),CWC,22,Chhattisgarh,637,NARAYANPUR,NARAYANPUR,-,-,Godavari,Godavari,Indravathi,Bardha,-,Bardha,19.64583333,81.48583333,18-03-2026 08:00,0
1219,Cherribeda (Bardha),CWC,22,Chhattisgarh,637,NARAYANPUR,NARAYANPUR,-,-,Godavari,Godavari,Indravathi,Bardha,-,Bardha,19.64583333,81.48583333,19-03-2026 08:00,0
1220,Cherribeda (Bardha),CWC,22,Chhattisgarh,637,NARAYANPUR,NARAYANPUR,-,-,Godavari,Godavari,Indravathi,Bardha,-,Bardha,19.64583333,81.48583333,20-03-2026 08:00,0
1221,Cherribeda (Bardha),CWC,22,Chhattisgarh,637,NARAYANPUR,NARAYANPUR,-,-,Godavari,Godavari,Indravathi,Bardha,-,Bardha,19.64583333,81.48583333,21-03-2026 08:00,0
1222,Cherribeda (Bardha),CWC,22,Chhattisgarh,637,NARAYANPUR,NARAYANPUR,-,-,Godavari,Godavari,Indravathi,Bardha,-,Bardha,19.64583333,81.48583333,22-03-2026 08:00,0
1223,Cherribeda (Bardha),CWC,22,Chhattisgarh,637,NARAYANPUR,NARAYANPUR,-,-,Godavari,Godavari,Indravathi,Bardha,-,Bardha,19.64583333,81.48583333,23-03-2026 08:00,0
1224,Cherribeda (Bardha),CWC,22,Chhattisgarh,637,NARAYANPUR,NARAYANPUR,-,-,Godavari,Godavari,Indravathi,Bardha,-,Bardha,19.64583333,81.48583333,24-03-2026 08:00,0
1225,Cherribeda (Bardha),CWC,22,Chhattisgarh,637,NARAYANPUR,NARAYANPUR,-,-,Godavari,Godavari,Indravathi,Bardha,-,Bardha,19.64583333,81.48583333,25-03-2026 08:00,0
1226,Cherribeda (Bardha),CWC,22,Chhattisgarh,637,NARAYANPUR,NARAYANPUR,-,-,Godavari,Godavari,Indravathi,Bardha,-,Bardha,19.64583333,81.48583333,26-03-2026 08:00,0
1227,Cherribeda (Bardha),CWC,22,Chhattisgarh,637,NARAYANPUR,NARAYANPUR,-,-,Godavari,Godavari,Indravathi,Bardha,-,Bardha,19.64583333,81.48583333,27-03-2026 08:00,0
1228,Cherribeda (Bardha),CWC,22,Chhattisgarh,637,NARAYANPUR,NARAYANPUR,-,-,Godavari,Godavari,Indravathi,Bardha,-,Bardha,19.64583333,81.48583333,28-03-2026 08:00,0
1229,Cherribeda (Bardha),CWC,22,Chhattisgarh,637,NARAYANPUR,NARAYANPUR,-,-,Godavari,Godavari,Indravathi,Bardha,-,Bardha,19.64583333,81.48583333,29-03-2026 08:00,0
1230,Cherribeda (Bardha),CWC,22,Chhattisgarh,637,NARAYANPUR,NARAYANPUR,-,-,Godavari,Godavari,Indravathi,Bardha,-,Bardha,19.64583333,81.48583333,30-03-2026 08:00,0
1231,Cherribeda (Bardha),CWC,22,Chhattisgarh,637,NARAYANPUR,NARAYANPUR,-,-,Godavari,Godavari,Indravathi,Bardha,-,Bardha,19.64583333,81.48583333,31-03-2026 08:00,0
1232,Cherribeda (Bardha),CWC,22,Chhattisgarh,637,NARAYANPUR,NARAYANPUR,-,-,Godavari,Godavari,Indravathi,Bardha,-,Bardha,19.64583333,81.48583333,01-04-2026 08:00,0
1233,Cherribeda (Bardha),CWC,22,Chhattisgarh,637,NARAYANPUR,NARAYANPUR,-,-,Godavari,Godavari,Indravathi,Bardha,-,Bardha,19.64583333,81.48583333,02-04-2026 08:00,0
1234,Cherribeda (Bardha),CWC,22,Chhattisgarh,637,NARAYANPUR,NARAYANPUR,-,-,Godavari,Godavari,Indravathi,Bardha,-,Bardha,19.64583333,81.48583333,03-04-2026 08:00,0
1235,Cherribeda (Bardha),CWC,22,Chhattisgarh,637,NARAYANPUR,NARAYANPUR,-,-,Godavari,Godavari,Indravathi,Bardha,-,Bardha,19.64583333,81.48583333,04-04-2026 08:00,0
1236,Cherribeda (Bardha),CWC,22,Chhattisgarh,637,NARAYANPUR,NARAYANPUR,-,-,Godavari,Godavari,Indravathi,Bardha,-,Bardha,19.64583333,81.48583333,05-04-2026 08:00,0
1237,Cherribeda (Bardha),CWC,22,Chhattisgarh,637,NARAYANPUR,NARAYANPUR,-,-,Godavari,Godavari,Indravathi,Bardha,-,Bardha,19.64583333,81.48583333,06-04-2026 08:00,0
1238,Cherribeda (Bardha),CWC,22,Chhattisgarh,637,NARAYANPUR,NARAYANPUR,-,-,Godavari,Godavari,Indravathi,Bardha,-,Bardha,19.64583333,81.48583333,07-04-2026 08:00,0
1239,Cherribeda (Bardha),CWC,22,Chhattisgarh,637,NARAYANPUR,NARAYANPUR,-,-,Godavari,Godavari,Indravathi,Bardha,-,Bardha,19.64583333,81.48583333,08-04-2026 08:00,0
1240,Cherribeda (Bardha),CWC,22,Chhattisgarh,637,NARAYANPUR,NARAYANPUR,-,-,Godavari,Godavari,Indravathi,Bardha,-,Bardha,19.64583333,81.48583333,09-04-2026 08:00,0
1241,Cherribeda (Bardha),CWC,22,Chhattisgarh,637,NARAYANPUR,NARAYANPUR,-,-,Godavari,Godavari,Indravathi,Bardha,-,Bardha,19.64583333,81.48583333,10-04-2026 08:00,0
1242,Cherribeda (Bardha),CWC,22,Chhattisgarh,637,NARAYANPUR,NARAYANPUR,-,-,Godavari,Godavari,Indravathi,Bardha,-,Bardha,19.64583333,81.48583333,11-04-2026 08:00,0
1243,Cherribeda (Bardha),CWC,22,Chhattisgarh,637,NARAYANPUR,NARAYANPUR,-,-,Godavari,Godavari,Indravathi,Bardha,-,Bardha,19.64583333,81.48583333,12-04-2026 08:00,0
1244,Cherribeda (Bardha),CWC,22,Chhattisgarh,637,NARAYANPUR,NARAYANPUR,-,-,Godavari,Godavari,Indravathi,Bardha,-,Bardha,19.64583333,81.48583333,13-04-2026 08:00,0
1245,Cherribeda (Bardha),CWC,22,Chhattisgarh,637,NARAYANPUR,NARAYANPUR,-,-,Godavari,Godavari,Indravathi,Bardha,-,Bardha,19.64583333,81.48583333,14-04-2026 08:00,0
1246,Cherribeda (Bardha),CWC,22,Chhattisgarh,637,NARAYANPUR,NARAYANPUR,-,-,Godavari,Godavari,Indravathi,Bardha,-,Bardha,19.64583333,81.48583333,15-04-2026 08:00,0
1247,Cherribeda (Bardha),CWC,22,Chhattisgarh,637,NARAYANPUR,NARAYANPUR,-,-,Godavari,Godavari,Indravathi,Bardha,-,Bardha,19.64583333,81.48583333,16-04-2026 08:00,0
1248,Cherribeda (Bardha),CWC,22,Chhattisgarh,637,NARAYANPUR,NARAYANPUR,-,-,Godavari,Godavari,Indravathi,Bardha,-,Bardha,19.64583333,81.48583333,17-04-2026 08:00,0
1249,Cherribeda (Bardha),CWC,22,Chhattisgarh,637,NARAYANPUR,NARAYANPUR,-,-,Godavari,Godavari,Indravathi,Bardha,-,Bardha,19.64583333,81.48583333,18-04-2026 08:00,0
1250,Cherribeda (Bardha),CWC,22,Chhattisgarh,637,NARAYANPUR,NARAYANPUR,-,-,Godavari,Godavari,Indravathi,Bardha,-,Bardha,19.64583333,81.48583333,19-04-2026 08:00,0
1251,Cherribeda (Bardha),CWC,22,Chhattisgarh,637,NARAYANPUR,NARAYANPUR,-,-,Godavari,Godavari,Indravathi,Bardha,-,Bardha,19.64583333,81.48583333,20-04-2026 08:00,0
1252,Cherribeda (Bardha),CWC,22,Chhattisgarh,637,NARAYANPUR,NARAYANPUR,-,-,Godavari,Godavari,Indravathi,Bardha,-,Bardha,19.64583333,81.48583333,21-04-2026 08:00,0
1253,Cherribeda (Bardha),CWC,22,Chhattisgarh,637,NARAYANPUR,NARAYANPUR,-,-,Godavari,Godavari,Indravathi,Bardha,-,Bardha,19.64583333,81.48583333,22-04-2026 08:00,0
1254,Cherribeda (Bardha),CWC,22,Chhattisgarh,637,NARAYANPUR,NARAYANPUR,-,-,Godavari,Godavari,Indravathi,Bardha,-,Bardha,19.64583333,81.48583333,23-04-2026 08:00,0
1255,Cherribeda (Bardha),CWC,22,Chhattisgarh,637,NARAYANPUR,NARAYANPUR,-,-,Godavari,Godavari,Indravathi,Bardha,-,Bardha,19.64583333,81.48583333,24-04-2026 08:00,0
1256,Cherribeda (Bardha),CWC,22,Chhattisgarh,637,NARAYANPUR,NARAYANPUR,-,-,Godavari,Godavari,Indravathi,Bardha,-,Bardha,19.64583333,81.48583333,25-04-2026 08:00,0
1257,Cherribeda (Bardha),CWC,22,Chhattisgarh,637,NARAYANPUR,NARAYANPUR,-,-,Godavari,Godavari,Indravathi,Bardha,-,Bardha,19.64583333,81.48583333,26-04-2026 08:00,0
1258,Cherribeda (Bardha),CWC,22,Chhattisgarh,637,NARAYANPUR,NARAYANPUR,-,-,Godavari,Godavari,Indravathi,Bardha,-,Bardha,19.64583333,81.48583333,27-04-2026 08:00,0
1259,Cherribeda (Bardha),CWC,22,Chhattisgarh,637,NARAYANPUR,NARAYANPUR,-,-,Godavari,Godavari,Indravathi,Bardha,-,Bardha,19.64583333,81.48583333,28-04-2026 08:00,0
1260,Cherribeda (Bardha),CWC,22,Chhattisgarh,637,NARAYANPUR,NARAYANPUR,-,-,Godavari,Godavari,Indravathi,Bardha,-,Bardha,19.64583333,81.48583333,29-04-2026 08:00,0
1261,Cherribeda (Bardha),CWC,22,Chhattisgarh,637,NARAYANPUR,NARAYANPUR,-,-,Godavari,Godavari,Indravathi,Bardha,-,Bardha,19.64583333,81.48583333,30-04-2026 08:00,0
1262,Cherribeda (Bardha),CWC,22,Chhattisgarh,637,NARAYANPUR,NARAYANPUR,-,-,Godavari,Godavari,Indravathi,Bardha,-,Bardha,19.64583333,81.48583333,01-05-2026 08:00,0
1263,Cherribeda (Bardha),CWC,22,Chhattisgarh,637,NARAYANPUR,NARAYANPUR,-,-,Godavari,Godavari,Indravathi,Bardha,-,Bardha,19.64583333,81.48583333,02-05-2026 08:00,0
1264,Cherribeda (Bardha),CWC,22,Chhattisgarh,637,NARAYANPUR,NARAYANPUR,-,-,Godavari,Godavari,Indravathi,Bardha,-,Bardha,19.64583333,81.48583333,03-05-2026 08:00,0
1265,Cherribeda (Bardha),CWC,22,Chhattisgarh,637,NARAYANPUR,NARAYANPUR,-,-,Godavari,Godavari,Indravathi,Bardha,-,Bardha,19.64583333,81.48583333,04-05-2026 08:00,0
1266,Cherribeda (Bardha),CWC,22,Chhattisgarh,637,NARAYANPUR,NARAYANPUR,-,-,Godavari,Godavari,Indravathi,Bardha,-,Bardha,19.64583333,81.48583333,05-05-2026 08:00,0
1267,Cherribeda (Bardha),CWC,22,Chhattisgarh,637,NARAYANPUR,NARAYANPUR,-,-,Godavari,Godavari,Indravathi,Bardha,-,Bardha,19.64583333,81.48583333,06-05-2026 08:00,0.342
1268,Cherribeda (Bardha),CWC,22,Chhattisgarh,637,NARAYANPUR,NARAYANPUR,-,-,Godavari,Godavari,Indravathi,Bardha,-,Bardha,19.64583333,81.48583333,07-05-2026 08:00,0.316
1269,Cherribeda (Bardha),CWC,22,Chhattisgarh,637,NARAYANPUR,NARAYANPUR,-,-,Godavari,Godavari,Indravathi,Bardha,-,Bardha,19.64583333,81.48583333,08-05-2026 08:00,0.127
1270,Cherribeda (Bardha),CWC,22,Chhattisgarh,637,NARAYANPUR,NARAYANPUR,-,-,Godavari,Godavari,Indravathi,Bardha,-,Bardha,19.64583333,81.48583333,09-05-2026 08:00,0.09
1271,Cherribeda (Bardha),CWC,22,Chhattisgarh,637,NARAYANPUR,NARAYANPUR,-,-,Godavari,Godavari,Indravathi,Bardha,-,Bardha,19.64583333,81.48583333,10-05-2026 08:00,0.13
1272,Cherribeda (Bardha),CWC,22,Chhattisgarh,637,NARAYANPUR,NARAYANPUR,-,-,Godavari,Godavari,Indravathi,Bardha,-,Bardha,19.64583333,81.48583333,11-05-2026 08:00,0.147
1273,Cherribeda (Bardha),CWC,22,Chhattisgarh,637,NARAYANPUR,NARAYANPUR,-,-,Godavari,Godavari,Indravathi,Bardha,-,Bardha,19.64583333,81.48583333,12-05-2026 08:00,0.111
1274,Cherribeda (Bardha),CWC,22,Chhattisgarh,637,NARAYANPUR,NARAYANPUR,-,-,Godavari,Godavari,Indravathi,Bardha,-,Bardha,19.64583333,81.48583333,13-05-2026 08:00,0
1275,Cherribeda (Bardha),CWC,22,Chhattisgarh,637,NARAYANPUR,NARAYANPUR,-,-,Godavari,Godavari,Indravathi,Bardha,-,Bardha,19.64583333,81.48583333,14-05-2026 08:00,0
1276,Cherribeda (Bardha),CWC,22,Chhattisgarh,637,NARAYANPUR,NARAYANPUR,-,-,Godavari,Godavari,Indravathi,Bardha,-,Bardha,19.64583333,81.48583333,15-05-2026 08:00,0
1277,Cherribeda (Bardha),CWC,22,Chhattisgarh,637,NARAYANPUR,NARAYANPUR,-,-,Godavari,Godavari,Indravathi,Bardha,-,Bardha,19.64583333,81.48583333,16-05-2026 08:00,0
1278,Cherribeda (Bardha),CWC,22,Chhattisgarh,637,NARAYANPUR,NARAYANPUR,-,-,Godavari,Godavari,Indravathi,Bardha,-,Bardha,19.64583333,81.48583333,17-05-2026 08:00,1.2
1279,Cherribeda (Bardha),CWC,22,Chhattisgarh,637,NARAYANPUR,NARAYANPUR,-,-,Godavari,Godavari,Indravathi,Bardha,-,Bardha,19.64583333,81.48583333,18-05-2026 08:00,2.506
1280,Cherribeda (Bardha),CWC,22,Chhattisgarh,637,NARAYANPUR,NARAYANPUR,-,-,Godavari,Godavari,Indravathi,Bardha,-,Bardha,19.64583333,81.48583333,19-05-2026 08:00,0.916
1281,Cherribeda (Bardha),CWC,22,Chhattisgarh,637,NARAYANPUR,NARAYANPUR,-,-,Godavari,Godavari,Indravathi,Bardha,-,Bardha,19.64583333,81.48583333,20-05-2026 08:00,0.478
1282,Cherribeda (Bardha),CWC,22,Chhattisgarh,637,NARAYANPUR,NARAYANPUR,-,-,Godavari,Godavari,Indravathi,Bardha,-,Bardha,19.64583333,81.48583333,21-05-2026 08:00,0.306
1283,Cherribeda (Bardha),CWC,22,Chhattisgarh,637,NARAYANPUR,NARAYANPUR,-,-,Godavari,Godavari,Indravathi,Bardha,-,Bardha,19.64583333,81.48583333,22-05-2026 08:00,0.189
1284,Cherribeda (Bardha),CWC,22,Chhattisgarh,637,NARAYANPUR,NARAYANPUR,-,-,Godavari,Godavari,Indravathi,Bardha,-,Bardha,19.64583333,81.48583333,23-05-2026 08:00,0.143
1285,Cherribeda (Bardha),CWC,22,Chhattisgarh,637,NARAYANPUR,NARAYANPUR,-,-,Godavari,Godavari,Indravathi,Bardha,-,Bardha,19.64583333,81.48583333,24-05-2026 08:00,0.09
1286,Cherribeda (Bardha),CWC,22,Chhattisgarh,637,NARAYANPUR,NARAYANPUR,-,-,Godavari,Godavari,Indravathi,Bardha,-,Bardha,19.64583333,81.48583333,25-05-2026 08:00,0
1287,Cherribeda (Bardha),CWC,22,Chhattisgarh,637,NARAYANPUR,NARAYANPUR,-,-,Godavari,Godavari,Indravathi,Bardha,-,Bardha,19.64583333,81.48583333,26-05-2026 08:00,0
1288,Cherribeda (Bardha),CWC,22,Chhattisgarh,637,NARAYANPUR,NARAYANPUR,-,-,Godavari,Godavari,Indravathi,Bardha,-,Bardha,19.64583333,81.48583333,27-05-2026 08:00,0
1289,Cherribeda (Bardha),CWC,22,Chhattisgarh,637,NARAYANPUR,NARAYANPUR,-,-,Godavari,Godavari,Indravathi,Bardha,-,Bardha,19.64583333,81.48583333,28-05-2026 08:00,0
1290,Cherribeda (Bardha),CWC,22,Chhattisgarh,637,NARAYANPUR,NARAYANPUR,-,-,Godavari,Godavari,Indravathi,Bardha,-,Bardha,19.64583333,81.48583333,29-05-2026 08:00,0
1291,Cherribeda (Bardha),CWC,22,Chhattisgarh,637,NARAYANPUR,NARAYANPUR,-,-,Godavari,Godavari,Indravathi,Bardha,-,Bardha,19.64583333,81.48583333,30-05-2026 08:00,0
1292,Cherribeda (Bardha),CWC,22,Chhattisgarh,637,NARAYANPUR,NARAYANPUR,-,-,Godavari,Godavari,Indravathi,Bardha,-,Bardha,19.64583333,81.48583333,01-06-2026 08:00,0
1293,Cherribeda (Bardha),CWC,22,Chhattisgarh,637,NARAYANPUR,NARAYANPUR,-,-,Godavari,Godavari,Indravathi,Bardha,-,Bardha,19.64583333,81.48583333,02-06-2026 08:00,0
1294,Cherribeda (Bardha),CWC,22,Chhattisgarh,637,NARAYANPUR,NARAYANPUR,-,-,Godavari,Godavari,Indravathi,Bardha,-,Bardha,19.64583333,81.48583333,03-06-2026 08:00,0
1295,Cherribeda (Bardha),CWC,22,Chhattisgarh,637,NARAYANPUR,NARAYANPUR,-,-,Godavari,Godavari,Indravathi,Bardha,-,Bardha,19.64583333,81.48583333,04-06-2026 08:00,0
1296,Cherribeda (Bardha),CWC,22,Chhattisgarh,637,NARAYANPUR,NARAYANPUR,-,-,Godavari,Godavari,Indravathi,Bardha,-,Bardha,19.64583333,81.48583333,05-06-2026 08:00,0
1297,Cherribeda (Bardha),CWC,22,Chhattisgarh,637,NARAYANPUR,NARAYANPUR,-,-,Godavari,Godavari,Indravathi,Bardha,-,Bardha,19.64583333,81.48583333,06-06-2026 08:00,0
1298,Cherribeda (Bardha),CWC,22,Chhattisgarh,637,NARAYANPUR,NARAYANPUR,-,-,Godavari,Godavari,Indravathi,Bardha,-,Bardha,19.64583333,81.48583333,07-06-2026 08:00,0
1299,Cherribeda (Bardha),CWC,22,Chhattisgarh,637,NARAYANPUR,NARAYANPUR,-,-,Godavari,Godavari,Indravathi,Bardha,-,Bardha,19.64583333,81.48583333,08-06-2026 08:00,0
1300,Cherribeda (Bardha),CWC,22,Chhattisgarh,637,NARAYANPUR,NARAYANPUR,-,-,Godavari,Godavari,Indravathi,Bardha,-,Bardha,19.64583333,81.48583333,09-06-2026 08:00,0
1301,Cherribeda (Bardha),CWC,22,Chhattisgarh,637,NARAYANPUR,NARAYANPUR,-,-,Godavari,Godavari,Indravathi,Bardha,-,Bardha,19.64583333,81.48583333,10-06-2026 08:00,0
1302,Cherribeda (Bardha),CWC,22,Chhattisgarh,637,NARAYANPUR,NARAYANPUR,-,-,Godavari,Godavari,Indravathi,Bardha,-,Bardha,19.64583333,81.48583333,11-06-2026 08:00,0
1303,Cherribeda (Bardha),CWC,22,Chhattisgarh,637,NARAYANPUR,NARAYANPUR,-,-,Godavari,Godavari,Indravathi,Bardha,-,Bardha,19.64583333,81.48583333,12-06-2026 08:00,0
1304,Cherribeda (Bardha),CWC,22,Chhattisgarh,637,NARAYANPUR,NARAYANPUR,-,-,Godavari,Godavari,Indravathi,Bardha,-,Bardha,19.64583333,81.48583333,13-06-2026 08:00,0
1305,Cherribeda (Bardha),CWC,22,Chhattisgarh,637,NARAYANPUR,NARAYANPUR,-,-,Godavari,Godavari,Indravathi,Bardha,-,Bardha,19.64583333,81.48583333,14-06-2026 08:00,0
1306,Cherribeda (Bardha),CWC,22,Chhattisgarh,637,NARAYANPUR,NARAYANPUR,-,-,Godavari,Godavari,Indravathi,Bardha,-,Bardha,19.64583333,81.48583333,15-06-2026 08:00,0
1307,Cherribeda (Bardha),CWC,22,Chhattisgarh,637,NARAYANPUR,NARAYANPUR,-,-,Godavari,Godavari,Indravathi,Bardha,-,Bardha,19.64583333,81.48583333,16-06-2026 08:00,0
1308,Cherribeda (Bardha),CWC,22,Chhattisgarh,637,NARAYANPUR,NARAYANPUR,-,-,Godavari,Godavari,Indravathi,Bardha,-,Bardha,19.64583333,81.48583333,17-06-2026 08:00,0
1309,Cherribeda (Bardha),CWC,22,Chhattisgarh,637,NARAYANPUR,NARAYANPUR,-,-,Godavari,Godavari,Indravathi,Bardha,-,Bardha,19.64583333,81.48583333,18-06-2026 08:00,0
1310,Cherribeda (Bardha),CWC,22,Chhattisgarh,637,NARAYANPUR,NARAYANPUR,-,-,Godavari,Godavari,Indravathi,Bardha,-,Bardha,19.64583333,81.48583333,19-06-2026 08:00,0
1311,Cherribeda (Bardha),CWC,22,Chhattisgarh,637,NARAYANPUR,NARAYANPUR,-,-,Godavari,Godavari,Indravathi,Bardha,-,Bardha,19.64583333,81.48583333,20-06-2026 08:00,0
1312,Cherribeda (Bardha),CWC,22,Chhattisgarh,637,NARAYANPUR,NARAYANPUR,-,-,Godavari,Godavari,Indravathi,Bardha,-,Bardha,19.64583333,81.48583333,21-06-2026 08:00,0
1313,Cherribeda (Bardha),CWC,22,Chhattisgarh,637,NARAYANPUR,NARAYANPUR,-,-,Godavari,Godavari,Indravathi,Bardha,-,Bardha,19.64583333,81.48583333,22-06-2026 08:00,0
1314,Cherribeda (Bardha),CWC,22,Chhattisgarh,637,NARAYANPUR,NARAYANPUR,-,-,Godavari,Godavari,Indravathi,Bardha,-,Bardha,19.64583333,81.48583333,23-06-2026 08:00,0
1315,Cherribeda (Bardha),CWC,22,Chhattisgarh,637,NARAYANPUR,NARAYANPUR,-,-,Godavari,Godavari,Indravathi,Bardha,-,Bardha,19.64583333,81.48583333,24-06-2026 08:00,0
1316,Cherribeda (Bardha),CWC,22,Chhattisgarh,637,NARAYANPUR,NARAYANPUR,-,-,Godavari,Godavari,Indravathi,Bardha,-,Bardha,19.64583333,81.48583333,25-06-2026 08:00,0
1317,Cherribeda (Bardha),CWC,22,Chhattisgarh,637,NARAYANPUR,NARAYANPUR,-,-,Godavari,Godavari,Indravathi,Bardha,-,Bardha,19.64583333,81.48583333,26-06-2026 08:00,0
1318,Cherribeda (Bardha),CWC,22,Chhattisgarh,637,NARAYANPUR,NARAYANPUR,-,-,Godavari,Godavari,Indravathi,Bardha,-,Bardha,19.64583333,81.48583333,27-06-2026 08:00,0
1319,Cherribeda (Bardha),CWC,22,Chhattisgarh,637,NARAYANPUR,NARAYANPUR,-,-,Godavari,Godavari,Indravathi,Bardha,-,Bardha,19.64583333,81.48583333,28-06-2026 08:00,4.5
1320,Cherribeda (Bardha),CWC,22,Chhattisgarh,637,NARAYANPUR,NARAYANPUR,-,-,Godavari,Godavari,Indravathi,Bardha,-,Bardha,19.64583333,81.48583333,29-06-2026 08:00,1.401
1321,Cherribeda (Bardha),CWC,22,Chhattisgarh,637,NARAYANPUR,NARAYANPUR,-,-,Godavari,Godavari,Indravathi,Bardha,-,Bardha,19.64583333,81.48583333,30-06-2026 08:00,0.559
1322,Cherribeda (Bardha),CWC,22,Chhattisgarh,637,NARAYANPUR,NARAYANPUR,-,-,Godavari,Godavari,Indravathi,Bardha,-,Bardha,19.64583333,81.48583333,01-07-2026 08:00,0.331
1323,Cherribeda (Bardha),CWC,22,Chhattisgarh,637,NARAYANPUR,NARAYANPUR,-,-,Godavari,Godavari,Indravathi,Bardha,-,Bardha,19.64583333,81.48583333,02-07-2026 08:00,0.283
1324,Cherribeda (Bardha),CWC,22,Chhattisgarh,637,NARAYANPUR,NARAYANPUR,-,-,Godavari,Godavari,Indravathi,Bardha,-,Bardha,19.64583333,81.48583333,03-07-2026 08:00,0.978
1325,Cherribeda (Bardha),CWC,22,Chhattisgarh,637,NARAYANPUR,NARAYANPUR,-,-,Godavari,Godavari,Indravathi,Bardha,-,Bardha,19.64583333,81.48583333,04-07-2026 08:00,13.836
1326,Cherribeda (Bardha),CWC,22,Chhattisgarh,637,NARAYANPUR,NARAYANPUR,-,-,Godavari,Godavari,Indravathi,Bardha,-,Bardha,19.64583333,81.48583333,05-07-2026 08:00,12
1327,Cherribeda (Bardha),CWC,22,Chhattisgarh,637,NARAYANPUR,NARAYANPUR,-,-,Godavari,Godavari,Indravathi,Bardha,-,Bardha,19.64583333,81.48583333,06-07-2026 08:00,20.533
1328,Cherribeda (Bardha),CWC,22,Chhattisgarh,637,NARAYANPUR,NARAYANPUR,-,-,Godavari,Godavari,Indravathi,Bardha,-,Bardha,19.64583333,81.48583333,07-07-2026 08:00,12.982
1329,Cherribeda (Bardha),CWC,22,Chhattisgarh,637,NARAYANPUR,NARAYANPUR,-,-,Godavari,Godavari,Indravathi,Bardha,-,Bardha,19.64583333,81.48583333,08-07-2026 08:00,9.285
1330,Cherribeda (Bardha),CWC,22,Chhattisgarh,637,NARAYANPUR,NARAYANPUR,-,-,Godavari,Godavari,Indravathi,Bardha,-,Bardha,19.64583333,81.48583333,09-07-2026 08:00,5.833
1331,Cherribeda (Bardha),CWC,22,Chhattisgarh,637,NARAYANPUR,NARAYANPUR,-,-,Godavari,Godavari,Indravathi,Bardha,-,Bardha,19.64583333,81.48583333,10-07-2026 08:00,5.552
1332,Cherribeda (Bardha),CWC,22,Chhattisgarh,637,NARAYANPUR,NARAYANPUR,-,-,Godavari,Godavari,Indravathi,Bardha,-,Bardha,19.64583333,81.48583333,11-07-2026 08:00,3.2
1333,Cherribeda (Bardha),CWC,22,Chhattisgarh,637,NARAYANPUR,NARAYANPUR,-,-,Godavari,Godavari,Indravathi,Bardha,-,Bardha,19.64583333,81.48583333,12-07-2026 08:00,1.1
1334,Cherribeda (Bardha),CWC,22,Chhattisgarh,637,NARAYANPUR,NARAYANPUR,-,-,Godavari,Godavari,Indravathi,Bardha,-,Bardha,19.64583333,81.48583333,13-07-2026 08:00,1.961
1335,Cherribeda (Bardha),CWC,22,Chhattisgarh,637,NARAYANPUR,NARAYANPUR,-,-,Godavari,Godavari,Indravathi,Bardha,-,Bardha,19.64583333,81.48583333,14-07-2026 08:00,1.287
1336,Cherribeda (Bardha),CWC,22,Chhattisgarh,637,NARAYANPUR,NARAYANPUR,-,-,Godavari,Godavari,Indravathi,Bardha,-,Bardha,19.64583333,81.48583333,15-07-2026 08:00,0.998
1337,Cherribeda (Bardha),CWC,22,Chhattisgarh,637,NARAYANPUR,NARAYANPUR,-,-,Godavari,Godavari,Indravathi,Bardha,-,Bardha,19.64583333,81.48583333,16-07-2026 08:00,0.787
1338,Cherribeda (Bardha),CWC,22,Chhattisgarh,637,NARAYANPUR,NARAYANPUR,-,-,Godavari,Godavari,Indravathi,Bardha,-,Bardha,19.64583333,81.48583333,17-07-2026 08:00,2.091
1339,Cherribeda (Bardha),CWC,22,Chhattisgarh,637,NARAYANPUR,NARAYANPUR,-,-,Godavari,Godavari,Indravathi,Bardha,-,Bardha,19.64583333,81.48583333,18-07-2026 08:00,11.301
1340,Cherribeda (Bardha),CWC,22,Chhattisgarh,637,NARAYANPUR,NARAYANPUR,-,-,Godavari,Godavari,Indravathi,Bardha,-,Bardha,19.64583333,81.48583333,19-07-2026 08:00,8.6
1341,Cherribeda (Bardha),CWC,22,Chhattisgarh,637,NARAYANPUR,NARAYANPUR,-,-,Godavari,Godavari,Indravathi,Bardha,-,Bardha,19.64583333,81.48583333,20-07-2026 08:00,6.05
1342,Cherribeda (Bardha),CWC,22,Chhattisgarh,637,NARAYANPUR,NARAYANPUR,-,-,Godavari,Godavari,Indravathi,Bardha,-,Bardha,19.64583333,81.48583333,21-07-2026 08:00,5.766
1343,Cherribeda (Bardha),CWC,22,Chhattisgarh,637,NARAYANPUR,NARAYANPUR,-,-,Godavari,Godavari,Indravathi,Bardha,-,Bardha,19.64583333,81.48583333,22-07-2026 08:00,10.187
1344,Cherribeda (Bardha),CWC,22,Chhattisgarh,637,NARAYANPUR,NARAYANPUR,-,-,Godavari,Godavari,Indravathi,Bardha,-,Bardha,19.64583333,81.48583333,23-07-2026 08:00,30.252
1345,Cherribeda (Bardha),CWC,22,Chhattisgarh,637,NARAYANPUR,NARAYANPUR,-,-,Godavari,Godavari,Indravathi,Bardha,-,Bardha,19.64583333,81.48583333,24-07-2026 08:00,27.328
1346,Cherribeda (Bardha),CWC,22,Chhattisgarh,637,NARAYANPUR,NARAYANPUR,-,-,Godavari,Godavari,Indravathi,Bardha,-,Bardha,19.64583333,81.48583333,25-07-2026 08:00,13.861
1347,Cherribeda (Bardha),CWC,22,Chhattisgarh,637,NARAYANPUR,NARAYANPUR,-,-,Godavari,Godavari,Indravathi,Bardha,-,Bardha,19.64583333,81.48583333,26-07-2026 08:00,17
1348,Cherribeda (Bardha),CWC,22,Chhattisgarh,637,NARAYANPUR,NARAYANPUR,-,-,Godavari,Godavari,Indravathi,Bardha,-,Bardha,19.64583333,81.48583333,27-07-2026 08:00,9.562
1349,Cherribeda (Bardha),CWC,22,Chhattisgarh,637,NARAYANPUR,NARAYANPUR,-,-,Godavari,Godavari,Indravathi,Bardha,-,Bardha,19.64583333,81.48583333,28-07-2026 08:00,58.135
1350,Cherribeda (Bardha),CWC,22,Chhattisgarh,637,NARAYANPUR,NARAYANPUR,-,-,Godavari,Godavari,Indravathi,Bardha,-,Bardha,19.64583333,81.48583333,29-07-2026 08:00,139.484
1351,Cherribeda (Bardha),CWC,22,Chhattisgarh,637,NARAYANPUR,NARAYANPUR,-,-,Godavari,Godavari,Indravathi,Bardha,-,Bardha,19.64583333,81.48583333,30-07-2026 08:00,840
1352,Cherribeda (Bardha),CWC,22,Chhattisgarh,637,NARAYANPUR,NARAYANPUR,-,-,Godavari,Godavari,Indravathi,Bardha,-,Bardha,19.64583333,81.48583333,31-07-2026 09:00,209.688
1353,Cherribeda (Bardha),CWC,22,Chhattisgarh,637,NARAYANPUR,NARAYANPUR,-,-,Godavari,Godavari,Indravathi,Bardha,-,Bardha,19.64583333,81.48583333,01-08-2026 08:15,95.095
1354,Cherribeda (Bardha),CWC,22,Chhattisgarh,637,NARAYANPUR,NARAYANPUR,-,-,Godavari,Godavari,Indravathi,Bardha,-,Bardha,19.64583333,81.48583333,02-08-2026 08:00,81
1355,Cherribeda (Bardha),CWC,22,Chhattisgarh,637,NARAYANPUR,NARAYANPUR,-,-,Godavari,Godavari,Indravathi,Bardha,-,Bardha,19.64583333,81.48583333,03-08-2026 08:15,66.186
1356,Cherribeda (Bardha),CWC,22,Chhattisgarh,637,NARAYANPUR,NARAYANPUR,-,-,Godavari,Godavari,Indravathi,Bardha,-,Bardha,19.64583333,81.48583333,04-08-2026 08:15,45.896
1357,Cherribeda (Bardha),CWC,22,Chhattisgarh,637,NARAYANPUR,NARAYANPUR,-,-,Godavari,Godavari,Indravathi,Bardha,-,Bardha,19.64583333,81.48583333,05-08-2026 08:15,37.287
1358,Cherribeda (Bardha),CWC,22,Chhattisgarh,637,NARAYANPUR,NARAYANPUR,-,-,Godavari,Godavari,Indravathi,Bardha,-,Bardha,19.64583333,81.48583333,06-08-2026 08:15,34.793
1359,Cherribeda (Bardha),CWC,22,Chhattisgarh,637,NARAYANPUR,NARAYANPUR,-,-,Godavari,Godavari,Indravathi,Bardha,-,Bardha,19.64583333,81.48583333,07-08-2026 08:15,23.473
1360,Cherribeda (Bardha),CWC,22,Chhattisgarh,637,NARAYANPUR,NARAYANPUR,-,-,Godavari,Godavari,Indravathi,Bardha,-,Bardha,19.64583333,81.48583333,08-08-2026 08:00,27
1361,Cherribeda (Bardha),CWC,22,Chhattisgarh,637,NARAYANPUR,NARAYANPUR,-,-,Godavari,Godavari,Indravathi,Bardha,-,Bardha,19.64583333,81.48583333,09-08-2026 08:00,125
1362,Cherribeda (Bardha),CWC,22,Chhattisgarh,637,NARAYANPUR,NARAYANPUR,-,-,Godavari,Godavari,Indravathi,Bardha,-,Bardha,19.64583333,81.48583333,10-08-2026 08:15,65.18488
1363,Cherribeda (Bardha),CWC,22,Chhattisgarh,637,NARAYANPUR,NARAYANPUR,-,-,Godavari,Godavari,Indravathi,Bardha,-,Bardha,19.64583333,81.48583333,11-08-2026 08:15,44.267075
1364,Chindnar,CWC,22,Chhattisgarh,376,DANTEWADA,DANTEWADA,DANTEWADA,Bacheli,Godavari,Godavari,Indravathi,-,-,Indravathi,19.08305556,81.30000000,01-01-2026 08:00,12.5
1365,Chindnar,CWC,22,Chhattisgarh,376,DANTEWADA,DANTEWADA,DANTEWADA,Bacheli,Godavari,Godavari,Indravathi,-,-,Indravathi,19.08305556,81.30000000,02-01-2026 08:00,12
1366,Chindnar,CWC,22,Chhattisgarh,376,DANTEWADA,DANTEWADA,DANTEWADA,Bacheli,Godavari,Godavari,Indravathi,-,-,Indravathi,19.08305556,81.30000000,03-01-2026 08:00,12
1367,Chindnar,CWC,22,Chhattisgarh,376,DANTEWADA,DANTEWADA,DANTEWADA,Bacheli,Godavari,Godavari,Indravathi,-,-,Indravathi,19.08305556,81.30000000,04-01-2026 08:00,11.5
1368,Chindnar,CWC,22,Chhattisgarh,376,DANTEWADA,DANTEWADA,DANTEWADA,Bacheli,Godavari,Godavari,Indravathi,-,-,Indravathi,19.08305556,81.30000000,05-01-2026 08:00,11.5
1369,Chindnar,CWC,22,Chhattisgarh,376,DANTEWADA,DANTEWADA,DANTEWADA,Bacheli,Godavari,Godavari,Indravathi,-,-,Indravathi,19.08305556,81.30000000,06-01-2026 08:00,11.5
1370,Chindnar,CWC,22,Chhattisgarh,376,DANTEWADA,DANTEWADA,DANTEWADA,Bacheli,Godavari,Godavari,Indravathi,-,-,Indravathi,19.08305556,81.30000000,07-01-2026 08:00,11
1371,Chindnar,CWC,22,Chhattisgarh,376,DANTEWADA,DANTEWADA,DANTEWADA,Bacheli,Godavari,Godavari,Indravathi,-,-,Indravathi,19.08305556,81.30000000,08-01-2026 08:00,10.5
1372,Chindnar,CWC,22,Chhattisgarh,376,DANTEWADA,DANTEWADA,DANTEWADA,Bacheli,Godavari,Godavari,Indravathi,-,-,Indravathi,19.08305556,81.30000000,09-01-2026 08:00,10
1373,Chindnar,CWC,22,Chhattisgarh,376,DANTEWADA,DANTEWADA,DANTEWADA,Bacheli,Godavari,Godavari,Indravathi,-,-,Indravathi,19.08305556,81.30000000,10-01-2026 08:00,10
1374,Chindnar,CWC,22,Chhattisgarh,376,DANTEWADA,DANTEWADA,DANTEWADA,Bacheli,Godavari,Godavari,Indravathi,-,-,Indravathi,19.08305556,81.30000000,11-01-2026 08:00,9.5
1375,Chindnar,CWC,22,Chhattisgarh,376,DANTEWADA,DANTEWADA,DANTEWADA,Bacheli,Godavari,Godavari,Indravathi,-,-,Indravathi,19.08305556,81.30000000,12-01-2026 08:00,9
1376,Chindnar,CWC,22,Chhattisgarh,376,DANTEWADA,DANTEWADA,DANTEWADA,Bacheli,Godavari,Godavari,Indravathi,-,-,Indravathi,19.08305556,81.30000000,13-01-2026 08:00,9
1377,Chindnar,CWC,22,Chhattisgarh,376,DANTEWADA,DANTEWADA,DANTEWADA,Bacheli,Godavari,Godavari,Indravathi,-,-,Indravathi,19.08305556,81.30000000,14-01-2026 08:00,8.5
1378,Chindnar,CWC,22,Chhattisgarh,376,DANTEWADA,DANTEWADA,DANTEWADA,Bacheli,Godavari,Godavari,Indravathi,-,-,Indravathi,19.08305556,81.30000000,15-01-2026 08:00,9.303362
1379,Chindnar,CWC,22,Chhattisgarh,376,DANTEWADA,DANTEWADA,DANTEWADA,Bacheli,Godavari,Godavari,Indravathi,-,-,Indravathi,19.08305556,81.30000000,16-01-2026 08:00,9.105063
1380,Chindnar,CWC,22,Chhattisgarh,376,DANTEWADA,DANTEWADA,DANTEWADA,Bacheli,Godavari,Godavari,Indravathi,-,-,Indravathi,19.08305556,81.30000000,17-01-2026 08:00,8.899961
1381,Chindnar,CWC,22,Chhattisgarh,376,DANTEWADA,DANTEWADA,DANTEWADA,Bacheli,Godavari,Godavari,Indravathi,-,-,Indravathi,19.08305556,81.30000000,18-01-2026 08:00,9
1382,Chindnar,CWC,22,Chhattisgarh,376,DANTEWADA,DANTEWADA,DANTEWADA,Bacheli,Godavari,Godavari,Indravathi,-,-,Indravathi,19.08305556,81.30000000,19-01-2026 08:00,8.679319
1383,Chindnar,CWC,22,Chhattisgarh,376,DANTEWADA,DANTEWADA,DANTEWADA,Bacheli,Godavari,Godavari,Indravathi,-,-,Indravathi,19.08305556,81.30000000,20-01-2026 08:00,7.870908
1384,Chindnar,CWC,22,Chhattisgarh,376,DANTEWADA,DANTEWADA,DANTEWADA,Bacheli,Godavari,Godavari,Indravathi,-,-,Indravathi,19.08305556,81.30000000,21-01-2026 08:00,7.1718254
1385,Chindnar,CWC,22,Chhattisgarh,376,DANTEWADA,DANTEWADA,DANTEWADA,Bacheli,Godavari,Godavari,Indravathi,-,-,Indravathi,19.08305556,81.30000000,22-01-2026 08:00,6.9332237
1386,Chindnar,CWC,22,Chhattisgarh,376,DANTEWADA,DANTEWADA,DANTEWADA,Bacheli,Godavari,Godavari,Indravathi,-,-,Indravathi,19.08305556,81.30000000,23-01-2026 08:00,7.1014056
1387,Chindnar,CWC,22,Chhattisgarh,376,DANTEWADA,DANTEWADA,DANTEWADA,Bacheli,Godavari,Godavari,Indravathi,-,-,Indravathi,19.08305556,81.30000000,24-01-2026 08:00,7.111
1388,Chindnar,CWC,22,Chhattisgarh,376,DANTEWADA,DANTEWADA,DANTEWADA,Bacheli,Godavari,Godavari,Indravathi,-,-,Indravathi,19.08305556,81.30000000,25-01-2026 08:00,7
1389,Chindnar,CWC,22,Chhattisgarh,376,DANTEWADA,DANTEWADA,DANTEWADA,Bacheli,Godavari,Godavari,Indravathi,-,-,Indravathi,19.08305556,81.30000000,26-01-2026 08:00,6.5
1390,Chindnar,CWC,22,Chhattisgarh,376,DANTEWADA,DANTEWADA,DANTEWADA,Bacheli,Godavari,Godavari,Indravathi,-,-,Indravathi,19.08305556,81.30000000,27-01-2026 08:00,7.378
1391,Chindnar,CWC,22,Chhattisgarh,376,DANTEWADA,DANTEWADA,DANTEWADA,Bacheli,Godavari,Godavari,Indravathi,-,-,Indravathi,19.08305556,81.30000000,28-01-2026 08:00,6.914
1392,Chindnar,CWC,22,Chhattisgarh,376,DANTEWADA,DANTEWADA,DANTEWADA,Bacheli,Godavari,Godavari,Indravathi,-,-,Indravathi,19.08305556,81.30000000,29-01-2026 08:00,6.866
1393,Chindnar,CWC,22,Chhattisgarh,376,DANTEWADA,DANTEWADA,DANTEWADA,Bacheli,Godavari,Godavari,Indravathi,-,-,Indravathi,19.08305556,81.30000000,30-01-2026 08:00,7.229
1394,Chindnar,CWC,22,Chhattisgarh,376,DANTEWADA,DANTEWADA,DANTEWADA,Bacheli,Godavari,Godavari,Indravathi,-,-,Indravathi,19.08305556,81.30000000,31-01-2026 08:00,7.24
1395,Chindnar,CWC,22,Chhattisgarh,376,DANTEWADA,DANTEWADA,DANTEWADA,Bacheli,Godavari,Godavari,Indravathi,-,-,Indravathi,19.08305556,81.30000000,01-02-2026 08:00,7
1396,Chindnar,CWC,22,Chhattisgarh,376,DANTEWADA,DANTEWADA,DANTEWADA,Bacheli,Godavari,Godavari,Indravathi,-,-,Indravathi,19.08305556,81.30000000,02-02-2026 08:00,7.63
1397,Chindnar,CWC,22,Chhattisgarh,376,DANTEWADA,DANTEWADA,DANTEWADA,Bacheli,Godavari,Godavari,Indravathi,-,-,Indravathi,19.08305556,81.30000000,03-02-2026 08:00,7.485
1398,Chindnar,CWC,22,Chhattisgarh,376,DANTEWADA,DANTEWADA,DANTEWADA,Bacheli,Godavari,Godavari,Indravathi,-,-,Indravathi,19.08305556,81.30000000,04-02-2026 08:00,6.802
1399,Chindnar,CWC,22,Chhattisgarh,376,DANTEWADA,DANTEWADA,DANTEWADA,Bacheli,Godavari,Godavari,Indravathi,-,-,Indravathi,19.08305556,81.30000000,05-02-2026 08:00,6.679
1400,Chindnar,CWC,22,Chhattisgarh,376,DANTEWADA,DANTEWADA,DANTEWADA,Bacheli,Godavari,Godavari,Indravathi,-,-,Indravathi,19.08305556,81.30000000,06-02-2026 08:00,6.0275598
1401,Chindnar,CWC,22,Chhattisgarh,376,DANTEWADA,DANTEWADA,DANTEWADA,Bacheli,Godavari,Godavari,Indravathi,-,-,Indravathi,19.08305556,81.30000000,07-02-2026 08:00,6.078
1402,Chindnar,CWC,22,Chhattisgarh,376,DANTEWADA,DANTEWADA,DANTEWADA,Bacheli,Godavari,Godavari,Indravathi,-,-,Indravathi,19.08305556,81.30000000,08-02-2026 08:00,5.8
1403,Chindnar,CWC,22,Chhattisgarh,376,DANTEWADA,DANTEWADA,DANTEWADA,Bacheli,Godavari,Godavari,Indravathi,-,-,Indravathi,19.08305556,81.30000000,09-02-2026 08:00,6.067
1404,Chindnar,CWC,22,Chhattisgarh,376,DANTEWADA,DANTEWADA,DANTEWADA,Bacheli,Godavari,Godavari,Indravathi,-,-,Indravathi,19.08305556,81.30000000,10-02-2026 08:00,5.576
1405,Chindnar,CWC,22,Chhattisgarh,376,DANTEWADA,DANTEWADA,DANTEWADA,Bacheli,Godavari,Godavari,Indravathi,-,-,Indravathi,19.08305556,81.30000000,11-02-2026 08:00,5.531
1406,Chindnar,CWC,22,Chhattisgarh,376,DANTEWADA,DANTEWADA,DANTEWADA,Bacheli,Godavari,Godavari,Indravathi,-,-,Indravathi,19.08305556,81.30000000,12-02-2026 08:00,5.405
1407,Chindnar,CWC,22,Chhattisgarh,376,DANTEWADA,DANTEWADA,DANTEWADA,Bacheli,Godavari,Godavari,Indravathi,-,-,Indravathi,19.08305556,81.30000000,13-02-2026 08:00,5.249
1408,Chindnar,CWC,22,Chhattisgarh,376,DANTEWADA,DANTEWADA,DANTEWADA,Bacheli,Godavari,Godavari,Indravathi,-,-,Indravathi,19.08305556,81.30000000,14-02-2026 08:00,5
1409,Chindnar,CWC,22,Chhattisgarh,376,DANTEWADA,DANTEWADA,DANTEWADA,Bacheli,Godavari,Godavari,Indravathi,-,-,Indravathi,19.08305556,81.30000000,15-02-2026 08:00,4.9
1410,Chindnar,CWC,22,Chhattisgarh,376,DANTEWADA,DANTEWADA,DANTEWADA,Bacheli,Godavari,Godavari,Indravathi,-,-,Indravathi,19.08305556,81.30000000,16-02-2026 08:00,4.632
1411,Chindnar,CWC,22,Chhattisgarh,376,DANTEWADA,DANTEWADA,DANTEWADA,Bacheli,Godavari,Godavari,Indravathi,-,-,Indravathi,19.08305556,81.30000000,17-02-2026 08:00,4.506
1412,Chindnar,CWC,22,Chhattisgarh,376,DANTEWADA,DANTEWADA,DANTEWADA,Bacheli,Godavari,Godavari,Indravathi,-,-,Indravathi,19.08305556,81.30000000,18-02-2026 08:00,4.077
1413,Chindnar,CWC,22,Chhattisgarh,376,DANTEWADA,DANTEWADA,DANTEWADA,Bacheli,Godavari,Godavari,Indravathi,-,-,Indravathi,19.08305556,81.30000000,19-02-2026 08:00,4.014
1414,Chindnar,CWC,22,Chhattisgarh,376,DANTEWADA,DANTEWADA,DANTEWADA,Bacheli,Godavari,Godavari,Indravathi,-,-,Indravathi,19.08305556,81.30000000,20-02-2026 08:00,4.064
1415,Chindnar,CWC,22,Chhattisgarh,376,DANTEWADA,DANTEWADA,DANTEWADA,Bacheli,Godavari,Godavari,Indravathi,-,-,Indravathi,19.08305556,81.30000000,21-02-2026 08:00,3.998
1416,Chindnar,CWC,22,Chhattisgarh,376,DANTEWADA,DANTEWADA,DANTEWADA,Bacheli,Godavari,Godavari,Indravathi,-,-,Indravathi,19.08305556,81.30000000,22-02-2026 08:00,4
1417,Chindnar,CWC,22,Chhattisgarh,376,DANTEWADA,DANTEWADA,DANTEWADA,Bacheli,Godavari,Godavari,Indravathi,-,-,Indravathi,19.08305556,81.30000000,23-02-2026 08:00,3.813
1418,Chindnar,CWC,22,Chhattisgarh,376,DANTEWADA,DANTEWADA,DANTEWADA,Bacheli,Godavari,Godavari,Indravathi,-,-,Indravathi,19.08305556,81.30000000,24-02-2026 08:00,3.736
1419,Chindnar,CWC,22,Chhattisgarh,376,DANTEWADA,DANTEWADA,DANTEWADA,Bacheli,Godavari,Godavari,Indravathi,-,-,Indravathi,19.08305556,81.30000000,25-02-2026 08:00,3.659
1420,Chindnar,CWC,22,Chhattisgarh,376,DANTEWADA,DANTEWADA,DANTEWADA,Bacheli,Godavari,Godavari,Indravathi,-,-,Indravathi,19.08305556,81.30000000,26-02-2026 08:00,2.733
1421,Chindnar,CWC,22,Chhattisgarh,376,DANTEWADA,DANTEWADA,DANTEWADA,Bacheli,Godavari,Godavari,Indravathi,-,-,Indravathi,19.08305556,81.30000000,27-02-2026 08:00,2.647
1422,Chindnar,CWC,22,Chhattisgarh,376,DANTEWADA,DANTEWADA,DANTEWADA,Bacheli,Godavari,Godavari,Indravathi,-,-,Indravathi,19.08305556,81.30000000,28-02-2026 08:00,2.872
1423,Chindnar,CWC,22,Chhattisgarh,376,DANTEWADA,DANTEWADA,DANTEWADA,Bacheli,Godavari,Godavari,Indravathi,-,-,Indravathi,19.08305556,81.30000000,01-03-2026 08:00,4
1424,Chindnar,CWC,22,Chhattisgarh,376,DANTEWADA,DANTEWADA,DANTEWADA,Bacheli,Godavari,Godavari,Indravathi,-,-,Indravathi,19.08305556,81.30000000,02-03-2026 08:00,3.016
1425,Chindnar,CWC,22,Chhattisgarh,376,DANTEWADA,DANTEWADA,DANTEWADA,Bacheli,Godavari,Godavari,Indravathi,-,-,Indravathi,19.08305556,81.30000000,03-03-2026 08:00,2.918
1426,Chindnar,CWC,22,Chhattisgarh,376,DANTEWADA,DANTEWADA,DANTEWADA,Bacheli,Godavari,Godavari,Indravathi,-,-,Indravathi,19.08305556,81.30000000,04-03-2026 08:00,2.851
1427,Chindnar,CWC,22,Chhattisgarh,376,DANTEWADA,DANTEWADA,DANTEWADA,Bacheli,Godavari,Godavari,Indravathi,-,-,Indravathi,19.08305556,81.30000000,05-03-2026 08:00,2.793
1428,Chindnar,CWC,22,Chhattisgarh,376,DANTEWADA,DANTEWADA,DANTEWADA,Bacheli,Godavari,Godavari,Indravathi,-,-,Indravathi,19.08305556,81.30000000,06-03-2026 08:00,2.759
1429,Chindnar,CWC,22,Chhattisgarh,376,DANTEWADA,DANTEWADA,DANTEWADA,Bacheli,Godavari,Godavari,Indravathi,-,-,Indravathi,19.08305556,81.30000000,07-03-2026 08:00,2.307
1430,Chindnar,CWC,22,Chhattisgarh,376,DANTEWADA,DANTEWADA,DANTEWADA,Bacheli,Godavari,Godavari,Indravathi,-,-,Indravathi,19.08305556,81.30000000,08-03-2026 08:00,2
1431,Chindnar,CWC,22,Chhattisgarh,376,DANTEWADA,DANTEWADA,DANTEWADA,Bacheli,Godavari,Godavari,Indravathi,-,-,Indravathi,19.08305556,81.30000000,09-03-2026 08:00,2.413
1432,Chindnar,CWC,22,Chhattisgarh,376,DANTEWADA,DANTEWADA,DANTEWADA,Bacheli,Godavari,Godavari,Indravathi,-,-,Indravathi,19.08305556,81.30000000,10-03-2026 08:00,2.449
1433,Chindnar,CWC,22,Chhattisgarh,376,DANTEWADA,DANTEWADA,DANTEWADA,Bacheli,Godavari,Godavari,Indravathi,-,-,Indravathi,19.08305556,81.30000000,11-03-2026 08:00,2.344
1434,Chindnar,CWC,22,Chhattisgarh,376,DANTEWADA,DANTEWADA,DANTEWADA,Bacheli,Godavari,Godavari,Indravathi,-,-,Indravathi,19.08305556,81.30000000,12-03-2026 08:00,2.272
1435,Chindnar,CWC,22,Chhattisgarh,376,DANTEWADA,DANTEWADA,DANTEWADA,Bacheli,Godavari,Godavari,Indravathi,-,-,Indravathi,19.08305556,81.30000000,13-03-2026 08:00,1.822
1436,Chindnar,CWC,22,Chhattisgarh,376,DANTEWADA,DANTEWADA,DANTEWADA,Bacheli,Godavari,Godavari,Indravathi,-,-,Indravathi,19.08305556,81.30000000,14-03-2026 08:00,1.5
1437,Chindnar,CWC,22,Chhattisgarh,376,DANTEWADA,DANTEWADA,DANTEWADA,Bacheli,Godavari,Godavari,Indravathi,-,-,Indravathi,19.08305556,81.30000000,15-03-2026 08:00,1.4
1438,Chindnar,CWC,22,Chhattisgarh,376,DANTEWADA,DANTEWADA,DANTEWADA,Bacheli,Godavari,Godavari,Indravathi,-,-,Indravathi,19.08305556,81.30000000,16-03-2026 08:00,0.903
1439,Chindnar,CWC,22,Chhattisgarh,376,DANTEWADA,DANTEWADA,DANTEWADA,Bacheli,Godavari,Godavari,Indravathi,-,-,Indravathi,19.08305556,81.30000000,17-03-2026 08:00,0.828
1440,Chindnar,CWC,22,Chhattisgarh,376,DANTEWADA,DANTEWADA,DANTEWADA,Bacheli,Godavari,Godavari,Indravathi,-,-,Indravathi,19.08305556,81.30000000,18-03-2026 08:00,1.236
1441,Chindnar,CWC,22,Chhattisgarh,376,DANTEWADA,DANTEWADA,DANTEWADA,Bacheli,Godavari,Godavari,Indravathi,-,-,Indravathi,19.08305556,81.30000000,19-03-2026 08:00,1.2
1442,Chindnar,CWC,22,Chhattisgarh,376,DANTEWADA,DANTEWADA,DANTEWADA,Bacheli,Godavari,Godavari,Indravathi,-,-,Indravathi,19.08305556,81.30000000,20-03-2026 08:00,1.1708131
1443,Chindnar,CWC,22,Chhattisgarh,376,DANTEWADA,DANTEWADA,DANTEWADA,Bacheli,Godavari,Godavari,Indravathi,-,-,Indravathi,19.08305556,81.30000000,21-03-2026 08:00,1.2
1444,Chindnar,CWC,22,Chhattisgarh,376,DANTEWADA,DANTEWADA,DANTEWADA,Bacheli,Godavari,Godavari,Indravathi,-,-,Indravathi,19.08305556,81.30000000,22-03-2026 08:00,1.2
1445,Chindnar,CWC,22,Chhattisgarh,376,DANTEWADA,DANTEWADA,DANTEWADA,Bacheli,Godavari,Godavari,Indravathi,-,-,Indravathi,19.08305556,81.30000000,23-03-2026 08:00,3.514
1446,Chindnar,CWC,22,Chhattisgarh,376,DANTEWADA,DANTEWADA,DANTEWADA,Bacheli,Godavari,Godavari,Indravathi,-,-,Indravathi,19.08305556,81.30000000,24-03-2026 08:00,3.64
1447,Chindnar,CWC,22,Chhattisgarh,376,DANTEWADA,DANTEWADA,DANTEWADA,Bacheli,Godavari,Godavari,Indravathi,-,-,Indravathi,19.08305556,81.30000000,25-03-2026 08:00,3.008
1448,Chindnar,CWC,22,Chhattisgarh,376,DANTEWADA,DANTEWADA,DANTEWADA,Bacheli,Godavari,Godavari,Indravathi,-,-,Indravathi,19.08305556,81.30000000,26-03-2026 08:00,3.025
1449,Chindnar,CWC,22,Chhattisgarh,376,DANTEWADA,DANTEWADA,DANTEWADA,Bacheli,Godavari,Godavari,Indravathi,-,-,Indravathi,19.08305556,81.30000000,27-03-2026 08:00,7.0153975
1450,Chindnar,CWC,22,Chhattisgarh,376,DANTEWADA,DANTEWADA,DANTEWADA,Bacheli,Godavari,Godavari,Indravathi,-,-,Indravathi,19.08305556,81.30000000,28-03-2026 08:00,7.5413766
1451,Chindnar,CWC,22,Chhattisgarh,376,DANTEWADA,DANTEWADA,DANTEWADA,Bacheli,Godavari,Godavari,Indravathi,-,-,Indravathi,19.08305556,81.30000000,01-04-2026 08:00,4.8
1452,Chindnar,CWC,22,Chhattisgarh,376,DANTEWADA,DANTEWADA,DANTEWADA,Bacheli,Godavari,Godavari,Indravathi,-,-,Indravathi,19.08305556,81.30000000,02-04-2026 08:00,3.958
1453,Chindnar,CWC,22,Chhattisgarh,376,DANTEWADA,DANTEWADA,DANTEWADA,Bacheli,Godavari,Godavari,Indravathi,-,-,Indravathi,19.08305556,81.30000000,03-04-2026 08:00,3.5
1454,Chindnar,CWC,22,Chhattisgarh,376,DANTEWADA,DANTEWADA,DANTEWADA,Bacheli,Godavari,Godavari,Indravathi,-,-,Indravathi,19.08305556,81.30000000,03-04-2026 08:00,3.5
1455,Chindnar,CWC,22,Chhattisgarh,376,DANTEWADA,DANTEWADA,DANTEWADA,Bacheli,Godavari,Godavari,Indravathi,-,-,Indravathi,19.08305556,81.30000000,04-04-2026 08:00,2.823
1456,Chindnar,CWC,22,Chhattisgarh,376,DANTEWADA,DANTEWADA,DANTEWADA,Bacheli,Godavari,Godavari,Indravathi,-,-,Indravathi,19.08305556,81.30000000,05-04-2026 08:00,7.4
1457,Chindnar,CWC,22,Chhattisgarh,376,DANTEWADA,DANTEWADA,DANTEWADA,Bacheli,Godavari,Godavari,Indravathi,-,-,Indravathi,19.08305556,81.30000000,05-04-2026 08:00,7.4
1458,Chindnar,CWC,22,Chhattisgarh,376,DANTEWADA,DANTEWADA,DANTEWADA,Bacheli,Godavari,Godavari,Indravathi,-,-,Indravathi,19.08305556,81.30000000,06-04-2026 08:00,7.959
1459,Chindnar,CWC,22,Chhattisgarh,376,DANTEWADA,DANTEWADA,DANTEWADA,Bacheli,Godavari,Godavari,Indravathi,-,-,Indravathi,19.08305556,81.30000000,07-04-2026 08:00,7.656
1460,Chindnar,CWC,22,Chhattisgarh,376,DANTEWADA,DANTEWADA,DANTEWADA,Bacheli,Godavari,Godavari,Indravathi,-,-,Indravathi,19.08305556,81.30000000,08-04-2026 08:00,7.264
1461,Chindnar,CWC,22,Chhattisgarh,376,DANTEWADA,DANTEWADA,DANTEWADA,Bacheli,Godavari,Godavari,Indravathi,-,-,Indravathi,19.08305556,81.30000000,09-04-2026 08:00,7.087
1462,Chindnar,CWC,22,Chhattisgarh,376,DANTEWADA,DANTEWADA,DANTEWADA,Bacheli,Godavari,Godavari,Indravathi,-,-,Indravathi,19.08305556,81.30000000,10-04-2026 08:00,6.724
1463,Chindnar,CWC,22,Chhattisgarh,376,DANTEWADA,DANTEWADA,DANTEWADA,Bacheli,Godavari,Godavari,Indravathi,-,-,Indravathi,19.08305556,81.30000000,11-04-2026 08:00,6.4
1464,Chindnar,CWC,22,Chhattisgarh,376,DANTEWADA,DANTEWADA,DANTEWADA,Bacheli,Godavari,Godavari,Indravathi,-,-,Indravathi,19.08305556,81.30000000,12-04-2026 08:00,6.2
1465,Chindnar,CWC,22,Chhattisgarh,376,DANTEWADA,DANTEWADA,DANTEWADA,Bacheli,Godavari,Godavari,Indravathi,-,-,Indravathi,19.08305556,81.30000000,13-04-2026 08:00,7.26
1466,Chindnar,CWC,22,Chhattisgarh,376,DANTEWADA,DANTEWADA,DANTEWADA,Bacheli,Godavari,Godavari,Indravathi,-,-,Indravathi,19.08305556,81.30000000,14-04-2026 08:00,6.1
1467,Chindnar,CWC,22,Chhattisgarh,376,DANTEWADA,DANTEWADA,DANTEWADA,Bacheli,Godavari,Godavari,Indravathi,-,-,Indravathi,19.08305556,81.30000000,15-04-2026 08:00,6.035
1468,Chindnar,CWC,22,Chhattisgarh,376,DANTEWADA,DANTEWADA,DANTEWADA,Bacheli,Godavari,Godavari,Indravathi,-,-,Indravathi,19.08305556,81.30000000,16-04-2026 08:00,4.48
1469,Chindnar,CWC,22,Chhattisgarh,376,DANTEWADA,DANTEWADA,DANTEWADA,Bacheli,Godavari,Godavari,Indravathi,-,-,Indravathi,19.08305556,81.30000000,17-04-2026 08:00,3.711
1470,Chindnar,CWC,22,Chhattisgarh,376,DANTEWADA,DANTEWADA,DANTEWADA,Bacheli,Godavari,Godavari,Indravathi,-,-,Indravathi,19.08305556,81.30000000,18-04-2026 08:00,2.959
1471,Chindnar,CWC,22,Chhattisgarh,376,DANTEWADA,DANTEWADA,DANTEWADA,Bacheli,Godavari,Godavari,Indravathi,-,-,Indravathi,19.08305556,81.30000000,19-04-2026 08:00,2.7
1472,Chindnar,CWC,22,Chhattisgarh,376,DANTEWADA,DANTEWADA,DANTEWADA,Bacheli,Godavari,Godavari,Indravathi,-,-,Indravathi,19.08305556,81.30000000,20-04-2026 08:00,6.117
1473,Chindnar,CWC,22,Chhattisgarh,376,DANTEWADA,DANTEWADA,DANTEWADA,Bacheli,Godavari,Godavari,Indravathi,-,-,Indravathi,19.08305556,81.30000000,21-04-2026 08:00,3.721
1474,Chindnar,CWC,22,Chhattisgarh,376,DANTEWADA,DANTEWADA,DANTEWADA,Bacheli,Godavari,Godavari,Indravathi,-,-,Indravathi,19.08305556,81.30000000,22-04-2026 08:00,3.218
1475,Chindnar,CWC,22,Chhattisgarh,376,DANTEWADA,DANTEWADA,DANTEWADA,Bacheli,Godavari,Godavari,Indravathi,-,-,Indravathi,19.08305556,81.30000000,23-04-2026 08:00,2.909
1476,Chindnar,CWC,22,Chhattisgarh,376,DANTEWADA,DANTEWADA,DANTEWADA,Bacheli,Godavari,Godavari,Indravathi,-,-,Indravathi,19.08305556,81.30000000,24-04-2026 08:00,2.832
1477,Chindnar,CWC,22,Chhattisgarh,376,DANTEWADA,DANTEWADA,DANTEWADA,Bacheli,Godavari,Godavari,Indravathi,-,-,Indravathi,19.08305556,81.30000000,25-04-2026 08:00,2.742
1478,Chindnar,CWC,22,Chhattisgarh,376,DANTEWADA,DANTEWADA,DANTEWADA,Bacheli,Godavari,Godavari,Indravathi,-,-,Indravathi,19.08305556,81.30000000,26-04-2026 08:00,2.5
1479,Chindnar,CWC,22,Chhattisgarh,376,DANTEWADA,DANTEWADA,DANTEWADA,Bacheli,Godavari,Godavari,Indravathi,-,-,Indravathi,19.08305556,81.30000000,27-04-2026 08:00,1.986
1480,Chindnar,CWC,22,Chhattisgarh,376,DANTEWADA,DANTEWADA,DANTEWADA,Bacheli,Godavari,Godavari,Indravathi,-,-,Indravathi,19.08305556,81.30000000,28-04-2026 08:00,1.591
1481,Chindnar,CWC,22,Chhattisgarh,376,DANTEWADA,DANTEWADA,DANTEWADA,Bacheli,Godavari,Godavari,Indravathi,-,-,Indravathi,19.08305556,81.30000000,29-04-2026 08:00,1.514
1482,Chindnar,CWC,22,Chhattisgarh,376,DANTEWADA,DANTEWADA,DANTEWADA,Bacheli,Godavari,Godavari,Indravathi,-,-,Indravathi,19.08305556,81.30000000,30-04-2026 08:00,1.436
1483,Chindnar,CWC,22,Chhattisgarh,376,DANTEWADA,DANTEWADA,DANTEWADA,Bacheli,Godavari,Godavari,Indravathi,-,-,Indravathi,19.08305556,81.30000000,05-05-2026 08:15,0.619
1484,Chindnar,CWC,22,Chhattisgarh,376,DANTEWADA,DANTEWADA,DANTEWADA,Bacheli,Godavari,Godavari,Indravathi,-,-,Indravathi,19.08305556,81.30000000,07-05-2026 08:00,2.964
1485,Chindnar,CWC,22,Chhattisgarh,376,DANTEWADA,DANTEWADA,DANTEWADA,Bacheli,Godavari,Godavari,Indravathi,-,-,Indravathi,19.08305556,81.30000000,08-05-2026 08:00,2.2719495
1486,Chindnar,CWC,22,Chhattisgarh,376,DANTEWADA,DANTEWADA,DANTEWADA,Bacheli,Godavari,Godavari,Indravathi,-,-,Indravathi,19.08305556,81.30000000,14-05-2026 08:00,10.9595375
1487,Chindnar,CWC,22,Chhattisgarh,376,DANTEWADA,DANTEWADA,DANTEWADA,Bacheli,Godavari,Godavari,Indravathi,-,-,Indravathi,19.08305556,81.30000000,15-05-2026 08:00,10.848659
1488,Chindnar,CWC,22,Chhattisgarh,376,DANTEWADA,DANTEWADA,DANTEWADA,Bacheli,Godavari,Godavari,Indravathi,-,-,Indravathi,19.08305556,81.30000000,18-05-2026 08:00,11.232962
1489,Chindnar,CWC,22,Chhattisgarh,376,DANTEWADA,DANTEWADA,DANTEWADA,Bacheli,Godavari,Godavari,Indravathi,-,-,Indravathi,19.08305556,81.30000000,19-05-2026 08:00,10.101862
1490,Chindnar,CWC,22,Chhattisgarh,376,DANTEWADA,DANTEWADA,DANTEWADA,Bacheli,Godavari,Godavari,Indravathi,-,-,Indravathi,19.08305556,81.30000000,20-05-2026 08:00,10.748332
1491,Chindnar,CWC,22,Chhattisgarh,376,DANTEWADA,DANTEWADA,DANTEWADA,Bacheli,Godavari,Godavari,Indravathi,-,-,Indravathi,19.08305556,81.30000000,21-05-2026 08:00,10.627306
1492,Chindnar,CWC,22,Chhattisgarh,376,DANTEWADA,DANTEWADA,DANTEWADA,Bacheli,Godavari,Godavari,Indravathi,-,-,Indravathi,19.08305556,81.30000000,22-05-2026 08:00,10.051837
1493,Chindnar,CWC,22,Chhattisgarh,376,DANTEWADA,DANTEWADA,DANTEWADA,Bacheli,Godavari,Godavari,Indravathi,-,-,Indravathi,19.08305556,81.30000000,23-05-2026 08:00,9.827416
1494,Chindnar,CWC,22,Chhattisgarh,376,DANTEWADA,DANTEWADA,DANTEWADA,Bacheli,Godavari,Godavari,Indravathi,-,-,Indravathi,19.08305556,81.30000000,25-05-2026 08:00,9.908798
1495,Chindnar,CWC,22,Chhattisgarh,376,DANTEWADA,DANTEWADA,DANTEWADA,Bacheli,Godavari,Godavari,Indravathi,-,-,Indravathi,19.08305556,81.30000000,26-05-2026 08:00,9.026467
1496,Chindnar,CWC,22,Chhattisgarh,376,DANTEWADA,DANTEWADA,DANTEWADA,Bacheli,Godavari,Godavari,Indravathi,-,-,Indravathi,19.08305556,81.30000000,29-05-2026 08:00,8.5875435
1497,Chindnar,CWC,22,Chhattisgarh,376,DANTEWADA,DANTEWADA,DANTEWADA,Bacheli,Godavari,Godavari,Indravathi,-,-,Indravathi,19.08305556,81.30000000,30-05-2026 08:00,8.5676365
1498,Ghatora,CWC,22,Chhattisgarh,375,BILASPUR,MASTURI,-,-,Mahanadi,Mahanadi,Seonath,Arpa,-,Arpa,22.04861111,82.22166667,15-01-2026 09:00,8.268
1499,Ghatora,CWC,22,Chhattisgarh,375,BILASPUR,MASTURI,-,-,Mahanadi,Mahanadi,Seonath,Arpa,-,Arpa,22.04861111,82.22166667,16-01-2026 09:00,5.436
1500,Ghatora,CWC,22,Chhattisgarh,375,BILASPUR,MASTURI,-,-,Mahanadi,Mahanadi,Seonath,Arpa,-,Arpa,22.04861111,82.22166667,17-01-2026 09:00,4.723
1501,Ghatora,CWC,22,Chhattisgarh,375,BILASPUR,MASTURI,-,-,Mahanadi,Mahanadi,Seonath,Arpa,-,Arpa,22.04861111,82.22166667,19-01-2026 09:00,4.515
1502,Ghatora,CWC,22,Chhattisgarh,375,BILASPUR,MASTURI,-,-,Mahanadi,Mahanadi,Seonath,Arpa,-,Arpa,22.04861111,82.22166667,20-01-2026 09:00,4.528
1503,Ghatora,CWC,22,Chhattisgarh,375,BILASPUR,MASTURI,-,-,Mahanadi,Mahanadi,Seonath,Arpa,-,Arpa,22.04861111,82.22166667,21-01-2026 09:00,4.469
1504,Ghatora,CWC,22,Chhattisgarh,375,BILASPUR,MASTURI,-,-,Mahanadi,Mahanadi,Seonath,Arpa,-,Arpa,22.04861111,82.22166667,22-01-2026 09:00,4.464
1505,Ghatora,CWC,22,Chhattisgarh,375,BILASPUR,MASTURI,-,-,Mahanadi,Mahanadi,Seonath,Arpa,-,Arpa,22.04861111,82.22166667,23-01-2026 09:00,4.484
1506,Ghatora,CWC,22,Chhattisgarh,375,BILASPUR,MASTURI,-,-,Mahanadi,Mahanadi,Seonath,Arpa,-,Arpa,22.04861111,82.22166667,24-01-2026 09:00,6.944
1507,Ghatora,CWC,22,Chhattisgarh,375,BILASPUR,MASTURI,-,-,Mahanadi,Mahanadi,Seonath,Arpa,-,Arpa,22.04861111,82.22166667,27-01-2026 09:00,3.235
1508,Ghatora,CWC,22,Chhattisgarh,375,BILASPUR,MASTURI,-,-,Mahanadi,Mahanadi,Seonath,Arpa,-,Arpa,22.04861111,82.22166667,28-01-2026 09:00,3.217
1509,Ghatora,CWC,22,Chhattisgarh,375,BILASPUR,MASTURI,-,-,Mahanadi,Mahanadi,Seonath,Arpa,-,Arpa,22.04861111,82.22166667,29-01-2026 09:00,3.009
1510,Ghatora,CWC,22,Chhattisgarh,375,BILASPUR,MASTURI,-,-,Mahanadi,Mahanadi,Seonath,Arpa,-,Arpa,22.04861111,82.22166667,30-01-2026 09:00,4.236
1511,Ghatora,CWC,22,Chhattisgarh,375,BILASPUR,MASTURI,-,-,Mahanadi,Mahanadi,Seonath,Arpa,-,Arpa,22.04861111,82.22166667,31-01-2026 09:00,4.271
1512,Ghatora,CWC,22,Chhattisgarh,375,BILASPUR,MASTURI,-,-,Mahanadi,Mahanadi,Seonath,Arpa,-,Arpa,22.04861111,82.22166667,02-02-2026 08:00,4.439
1513,Ghatora,CWC,22,Chhattisgarh,375,BILASPUR,MASTURI,-,-,Mahanadi,Mahanadi,Seonath,Arpa,-,Arpa,22.04861111,82.22166667,02-02-2026 09:00,4.3052325
1514,Ghatora,CWC,22,Chhattisgarh,375,BILASPUR,MASTURI,-,-,Mahanadi,Mahanadi,Seonath,Arpa,-,Arpa,22.04861111,82.22166667,03-02-2026 08:00,0.424
1515,Ghatora,CWC,22,Chhattisgarh,375,BILASPUR,MASTURI,-,-,Mahanadi,Mahanadi,Seonath,Arpa,-,Arpa,22.04861111,82.22166667,03-02-2026 09:00,4.4155674
1516,Ghatora,CWC,22,Chhattisgarh,375,BILASPUR,MASTURI,-,-,Mahanadi,Mahanadi,Seonath,Arpa,-,Arpa,22.04861111,82.22166667,04-02-2026 08:00,4.335
1517,Ghatora,CWC,22,Chhattisgarh,375,BILASPUR,MASTURI,-,-,Mahanadi,Mahanadi,Seonath,Arpa,-,Arpa,22.04861111,82.22166667,04-02-2026 09:00,4.3959637
1518,Ghatora,CWC,22,Chhattisgarh,375,BILASPUR,MASTURI,-,-,Mahanadi,Mahanadi,Seonath,Arpa,-,Arpa,22.04861111,82.22166667,05-02-2026 08:00,4.207
1519,Ghatora,CWC,22,Chhattisgarh,375,BILASPUR,MASTURI,-,-,Mahanadi,Mahanadi,Seonath,Arpa,-,Arpa,22.04861111,82.22166667,05-02-2026 09:00,4.0491242
1520,Ghatora,CWC,22,Chhattisgarh,375,BILASPUR,MASTURI,-,-,Mahanadi,Mahanadi,Seonath,Arpa,-,Arpa,22.04861111,82.22166667,06-02-2026 08:00,4.116
1521,Ghatora,CWC,22,Chhattisgarh,375,BILASPUR,MASTURI,-,-,Mahanadi,Mahanadi,Seonath,Arpa,-,Arpa,22.04861111,82.22166667,06-02-2026 09:00,4.181261
1522,Ghatora,CWC,22,Chhattisgarh,375,BILASPUR,MASTURI,-,-,Mahanadi,Mahanadi,Seonath,Arpa,-,Arpa,22.04861111,82.22166667,07-02-2026 08:00,4.21
1523,Ghatora,CWC,22,Chhattisgarh,375,BILASPUR,MASTURI,-,-,Mahanadi,Mahanadi,Seonath,Arpa,-,Arpa,22.04861111,82.22166667,07-02-2026 09:00,4.199728
1524,Ghatora,CWC,22,Chhattisgarh,375,BILASPUR,MASTURI,-,-,Mahanadi,Mahanadi,Seonath,Arpa,-,Arpa,22.04861111,82.22166667,09-02-2026 08:00,3.139
1525,Ghatora,CWC,22,Chhattisgarh,375,BILASPUR,MASTURI,-,-,Mahanadi,Mahanadi,Seonath,Arpa,-,Arpa,22.04861111,82.22166667,09-02-2026 09:00,2.8086698
1526,Ghatora,CWC,22,Chhattisgarh,375,BILASPUR,MASTURI,-,-,Mahanadi,Mahanadi,Seonath,Arpa,-,Arpa,22.04861111,82.22166667,10-02-2026 08:00,3.123
1527,Ghatora,CWC,22,Chhattisgarh,375,BILASPUR,MASTURI,-,-,Mahanadi,Mahanadi,Seonath,Arpa,-,Arpa,22.04861111,82.22166667,10-02-2026 09:00,3.125675
1528,Ghatora,CWC,22,Chhattisgarh,375,BILASPUR,MASTURI,-,-,Mahanadi,Mahanadi,Seonath,Arpa,-,Arpa,22.04861111,82.22166667,11-02-2026 08:00,3.032
1529,Ghatora,CWC,22,Chhattisgarh,375,BILASPUR,MASTURI,-,-,Mahanadi,Mahanadi,Seonath,Arpa,-,Arpa,22.04861111,82.22166667,11-02-2026 09:00,3.8775976
1530,Ghatora,CWC,22,Chhattisgarh,375,BILASPUR,MASTURI,-,-,Mahanadi,Mahanadi,Seonath,Arpa,-,Arpa,22.04861111,82.22166667,12-02-2026 08:00,3.014
1531,Ghatora,CWC,22,Chhattisgarh,375,BILASPUR,MASTURI,-,-,Mahanadi,Mahanadi,Seonath,Arpa,-,Arpa,22.04861111,82.22166667,13-02-2026 08:00,3.022
1532,Ghatora,CWC,22,Chhattisgarh,375,BILASPUR,MASTURI,-,-,Mahanadi,Mahanadi,Seonath,Arpa,-,Arpa,22.04861111,82.22166667,13-02-2026 09:00,3.0186212
1533,Ghatora,CWC,22,Chhattisgarh,375,BILASPUR,MASTURI,-,-,Mahanadi,Mahanadi,Seonath,Arpa,-,Arpa,22.04861111,82.22166667,14-02-2026 08:00,2.992
1534,Ghatora,CWC,22,Chhattisgarh,375,BILASPUR,MASTURI,-,-,Mahanadi,Mahanadi,Seonath,Arpa,-,Arpa,22.04861111,82.22166667,14-02-2026 09:00,3.0073397
1535,Ghatora,CWC,22,Chhattisgarh,375,BILASPUR,MASTURI,-,-,Mahanadi,Mahanadi,Seonath,Arpa,-,Arpa,22.04861111,82.22166667,15-02-2026 09:00,2.9888558
1536,Ghatora,CWC,22,Chhattisgarh,375,BILASPUR,MASTURI,-,-,Mahanadi,Mahanadi,Seonath,Arpa,-,Arpa,22.04861111,82.22166667,16-02-2026 08:00,2.993
1537,Ghatora,CWC,22,Chhattisgarh,375,BILASPUR,MASTURI,-,-,Mahanadi,Mahanadi,Seonath,Arpa,-,Arpa,22.04861111,82.22166667,16-02-2026 09:00,2.9941657
1538,Ghatora,CWC,22,Chhattisgarh,375,BILASPUR,MASTURI,-,-,Mahanadi,Mahanadi,Seonath,Arpa,-,Arpa,22.04861111,82.22166667,17-02-2026 08:00,2.907
1539,Ghatora,CWC,22,Chhattisgarh,375,BILASPUR,MASTURI,-,-,Mahanadi,Mahanadi,Seonath,Arpa,-,Arpa,22.04861111,82.22166667,17-02-2026 09:00,2.8204925
1540,Ghatora,CWC,22,Chhattisgarh,375,BILASPUR,MASTURI,-,-,Mahanadi,Mahanadi,Seonath,Arpa,-,Arpa,22.04861111,82.22166667,18-02-2026 08:00,2.957
1541,Ghatora,CWC,22,Chhattisgarh,375,BILASPUR,MASTURI,-,-,Mahanadi,Mahanadi,Seonath,Arpa,-,Arpa,22.04861111,82.22166667,18-02-2026 09:00,2.9541957
1542,Ghatora,CWC,22,Chhattisgarh,375,BILASPUR,MASTURI,-,-,Mahanadi,Mahanadi,Seonath,Arpa,-,Arpa,22.04861111,82.22166667,19-02-2026 08:00,3.024
1543,Ghatora,CWC,22,Chhattisgarh,375,BILASPUR,MASTURI,-,-,Mahanadi,Mahanadi,Seonath,Arpa,-,Arpa,22.04861111,82.22166667,19-02-2026 09:00,3.0212932
1544,Ghatora,CWC,22,Chhattisgarh,375,BILASPUR,MASTURI,-,-,Mahanadi,Mahanadi,Seonath,Arpa,-,Arpa,22.04861111,82.22166667,20-02-2026 08:00,2.484
1545,Ghatora,CWC,22,Chhattisgarh,375,BILASPUR,MASTURI,-,-,Mahanadi,Mahanadi,Seonath,Arpa,-,Arpa,22.04861111,82.22166667,20-02-2026 09:00,2.3643756
1546,Ghatora,CWC,22,Chhattisgarh,375,BILASPUR,MASTURI,-,-,Mahanadi,Mahanadi,Seonath,Arpa,-,Arpa,22.04861111,82.22166667,21-02-2026 08:00,2.443
1547,Ghatora,CWC,22,Chhattisgarh,375,BILASPUR,MASTURI,-,-,Mahanadi,Mahanadi,Seonath,Arpa,-,Arpa,22.04861111,82.22166667,21-02-2026 09:00,2.4930007
1548,Ghatora,CWC,22,Chhattisgarh,375,BILASPUR,MASTURI,-,-,Mahanadi,Mahanadi,Seonath,Arpa,-,Arpa,22.04861111,82.22166667,23-02-2026 08:00,3.162
1549,Ghatora,CWC,22,Chhattisgarh,375,BILASPUR,MASTURI,-,-,Mahanadi,Mahanadi,Seonath,Arpa,-,Arpa,22.04861111,82.22166667,23-02-2026 09:00,3.1622293
1550,Ghatora,CWC,22,Chhattisgarh,375,BILASPUR,MASTURI,-,-,Mahanadi,Mahanadi,Seonath,Arpa,-,Arpa,22.04861111,82.22166667,24-02-2026 08:00,3.081
1551,Ghatora,CWC,22,Chhattisgarh,375,BILASPUR,MASTURI,-,-,Mahanadi,Mahanadi,Seonath,Arpa,-,Arpa,22.04861111,82.22166667,24-02-2026 09:00,3.097572
1552,Ghatora,CWC,22,Chhattisgarh,375,BILASPUR,MASTURI,-,-,Mahanadi,Mahanadi,Seonath,Arpa,-,Arpa,22.04861111,82.22166667,25-02-2026 08:00,0
1553,Ghatora,CWC,22,Chhattisgarh,375,BILASPUR,MASTURI,-,-,Mahanadi,Mahanadi,Seonath,Arpa,-,Arpa,22.04861111,82.22166667,26-02-2026 08:00,0
1554,Ghatora,CWC,22,Chhattisgarh,375,BILASPUR,MASTURI,-,-,Mahanadi,Mahanadi,Seonath,Arpa,-,Arpa,22.04861111,82.22166667,27-02-2026 08:00,0
1555,Ghatora,CWC,22,Chhattisgarh,375,BILASPUR,MASTURI,-,-,Mahanadi,Mahanadi,Seonath,Arpa,-,Arpa,22.04861111,82.22166667,28-02-2026 08:00,0
1556,Ghatora,CWC,22,Chhattisgarh,375,BILASPUR,MASTURI,-,-,Mahanadi,Mahanadi,Seonath,Arpa,-,Arpa,22.04861111,82.22166667,01-04-2026 08:00,1.635
1557,Ghatora,CWC,22,Chhattisgarh,375,BILASPUR,MASTURI,-,-,Mahanadi,Mahanadi,Seonath,Arpa,-,Arpa,22.04861111,82.22166667,02-04-2026 08:00,1.629
1558,Ghatora,CWC,22,Chhattisgarh,375,BILASPUR,MASTURI,-,-,Mahanadi,Mahanadi,Seonath,Arpa,-,Arpa,22.04861111,82.22166667,03-04-2026 08:00,1.61
1559,Ghatora,CWC,22,Chhattisgarh,375,BILASPUR,MASTURI,-,-,Mahanadi,Mahanadi,Seonath,Arpa,-,Arpa,22.04861111,82.22166667,04-04-2026 08:00,1.593
1560,Ghatora,CWC,22,Chhattisgarh,375,BILASPUR,MASTURI,-,-,Mahanadi,Mahanadi,Seonath,Arpa,-,Arpa,22.04861111,82.22166667,05-04-2026 08:00,1.61
1561,Ghatora,CWC,22,Chhattisgarh,375,BILASPUR,MASTURI,-,-,Mahanadi,Mahanadi,Seonath,Arpa,-,Arpa,22.04861111,82.22166667,06-04-2026 08:00,1.623
1562,Ghatora,CWC,22,Chhattisgarh,375,BILASPUR,MASTURI,-,-,Mahanadi,Mahanadi,Seonath,Arpa,-,Arpa,22.04861111,82.22166667,07-04-2026 09:00,1.525
1563,Ghatora,CWC,22,Chhattisgarh,375,BILASPUR,MASTURI,-,-,Mahanadi,Mahanadi,Seonath,Arpa,-,Arpa,22.04861111,82.22166667,08-04-2026 08:00,1.749
1564,Ghatora,CWC,22,Chhattisgarh,375,BILASPUR,MASTURI,-,-,Mahanadi,Mahanadi,Seonath,Arpa,-,Arpa,22.04861111,82.22166667,09-04-2026 08:00,1.766
1565,Ghatora,CWC,22,Chhattisgarh,375,BILASPUR,MASTURI,-,-,Mahanadi,Mahanadi,Seonath,Arpa,-,Arpa,22.04861111,82.22166667,10-04-2026 09:00,1.755
1566,Ghatora,CWC,22,Chhattisgarh,375,BILASPUR,MASTURI,-,-,Mahanadi,Mahanadi,Seonath,Arpa,-,Arpa,22.04861111,82.22166667,11-04-2026 08:00,1.74
1567,Ghatora,CWC,22,Chhattisgarh,375,BILASPUR,MASTURI,-,-,Mahanadi,Mahanadi,Seonath,Arpa,-,Arpa,22.04861111,82.22166667,12-04-2026 08:00,1.74
1568,Ghatora,CWC,22,Chhattisgarh,375,BILASPUR,MASTURI,-,-,Mahanadi,Mahanadi,Seonath,Arpa,-,Arpa,22.04861111,82.22166667,13-04-2026 09:00,1.788
1569,Ghatora,CWC,22,Chhattisgarh,375,BILASPUR,MASTURI,-,-,Mahanadi,Mahanadi,Seonath,Arpa,-,Arpa,22.04861111,82.22166667,14-04-2026 08:00,1.788
1570,Ghatora,CWC,22,Chhattisgarh,375,BILASPUR,MASTURI,-,-,Mahanadi,Mahanadi,Seonath,Arpa,-,Arpa,22.04861111,82.22166667,15-04-2026 08:00,1.788
1571,Ghatora,CWC,22,Chhattisgarh,375,BILASPUR,MASTURI,-,-,Mahanadi,Mahanadi,Seonath,Arpa,-,Arpa,22.04861111,82.22166667,16-04-2026 08:00,1.721
1572,Ghatora,CWC,22,Chhattisgarh,375,BILASPUR,MASTURI,-,-,Mahanadi,Mahanadi,Seonath,Arpa,-,Arpa,22.04861111,82.22166667,17-04-2026 08:00,1.722
1573,Ghatora,CWC,22,Chhattisgarh,375,BILASPUR,MASTURI,-,-,Mahanadi,Mahanadi,Seonath,Arpa,-,Arpa,22.04861111,82.22166667,18-04-2026 08:00,1.707
1574,Ghatora,CWC,22,Chhattisgarh,375,BILASPUR,MASTURI,-,-,Mahanadi,Mahanadi,Seonath,Arpa,-,Arpa,22.04861111,82.22166667,19-04-2026 08:00,1.7
1575,Ghatora,CWC,22,Chhattisgarh,375,BILASPUR,MASTURI,-,-,Mahanadi,Mahanadi,Seonath,Arpa,-,Arpa,22.04861111,82.22166667,20-04-2026 08:00,1.728
1576,Ghatora,CWC,22,Chhattisgarh,375,BILASPUR,MASTURI,-,-,Mahanadi,Mahanadi,Seonath,Arpa,-,Arpa,22.04861111,82.22166667,21-04-2026 08:00,1.721
1577,Ghatora,CWC,22,Chhattisgarh,375,BILASPUR,MASTURI,-,-,Mahanadi,Mahanadi,Seonath,Arpa,-,Arpa,22.04861111,82.22166667,22-04-2026 08:00,1.717
1578,Ghatora,CWC,22,Chhattisgarh,375,BILASPUR,MASTURI,-,-,Mahanadi,Mahanadi,Seonath,Arpa,-,Arpa,22.04861111,82.22166667,23-04-2026 08:00,1.724
1579,Ghatora,CWC,22,Chhattisgarh,375,BILASPUR,MASTURI,-,-,Mahanadi,Mahanadi,Seonath,Arpa,-,Arpa,22.04861111,82.22166667,24-04-2026 08:00,1.729
1580,Ghatora,CWC,22,Chhattisgarh,375,BILASPUR,MASTURI,-,-,Mahanadi,Mahanadi,Seonath,Arpa,-,Arpa,22.04861111,82.22166667,25-04-2026 08:00,1.696
1581,Ghatora,CWC,22,Chhattisgarh,375,BILASPUR,MASTURI,-,-,Mahanadi,Mahanadi,Seonath,Arpa,-,Arpa,22.04861111,82.22166667,26-04-2026 08:00,1.696
1582,Ghatora,CWC,22,Chhattisgarh,375,BILASPUR,MASTURI,-,-,Mahanadi,Mahanadi,Seonath,Arpa,-,Arpa,22.04861111,82.22166667,27-04-2026 08:00,1.693
1583,Ghatora,CWC,22,Chhattisgarh,375,BILASPUR,MASTURI,-,-,Mahanadi,Mahanadi,Seonath,Arpa,-,Arpa,22.04861111,82.22166667,28-04-2026 08:00,1.709
1584,Ghatora,CWC,22,Chhattisgarh,375,BILASPUR,MASTURI,-,-,Mahanadi,Mahanadi,Seonath,Arpa,-,Arpa,22.04861111,82.22166667,29-04-2026 09:00,1.706
1585,Ghatora,CWC,22,Chhattisgarh,375,BILASPUR,MASTURI,-,-,Mahanadi,Mahanadi,Seonath,Arpa,-,Arpa,22.04861111,82.22166667,30-04-2026 08:00,1.719
1586,Ghatora,CWC,22,Chhattisgarh,375,BILASPUR,MASTURI,-,-,Mahanadi,Mahanadi,Seonath,Arpa,-,Arpa,22.04861111,82.22166667,01-05-2026 08:00,0
1587,Ghatora,CWC,22,Chhattisgarh,375,BILASPUR,MASTURI,-,-,Mahanadi,Mahanadi,Seonath,Arpa,-,Arpa,22.04861111,82.22166667,02-05-2026 08:00,0
1588,Ghatora,CWC,22,Chhattisgarh,375,BILASPUR,MASTURI,-,-,Mahanadi,Mahanadi,Seonath,Arpa,-,Arpa,22.04861111,82.22166667,03-05-2026 08:00,0
1589,Ghatora,CWC,22,Chhattisgarh,375,BILASPUR,MASTURI,-,-,Mahanadi,Mahanadi,Seonath,Arpa,-,Arpa,22.04861111,82.22166667,04-05-2026 08:00,0
1590,Ghatora,CWC,22,Chhattisgarh,375,BILASPUR,MASTURI,-,-,Mahanadi,Mahanadi,Seonath,Arpa,-,Arpa,22.04861111,82.22166667,05-05-2026 08:00,0
1591,Ghatora,CWC,22,Chhattisgarh,375,BILASPUR,MASTURI,-,-,Mahanadi,Mahanadi,Seonath,Arpa,-,Arpa,22.04861111,82.22166667,06-05-2026 08:00,0
1592,Ghatora,CWC,22,Chhattisgarh,375,BILASPUR,MASTURI,-,-,Mahanadi,Mahanadi,Seonath,Arpa,-,Arpa,22.04861111,82.22166667,07-05-2026 08:00,0
1593,Ghatora,CWC,22,Chhattisgarh,375,BILASPUR,MASTURI,-,-,Mahanadi,Mahanadi,Seonath,Arpa,-,Arpa,22.04861111,82.22166667,08-05-2026 08:00,0
1594,Ghatora,CWC,22,Chhattisgarh,375,BILASPUR,MASTURI,-,-,Mahanadi,Mahanadi,Seonath,Arpa,-,Arpa,22.04861111,82.22166667,09-05-2026 08:00,0
1595,Ghatora,CWC,22,Chhattisgarh,375,BILASPUR,MASTURI,-,-,Mahanadi,Mahanadi,Seonath,Arpa,-,Arpa,22.04861111,82.22166667,10-05-2026 08:00,0
1596,Ghatora,CWC,22,Chhattisgarh,375,BILASPUR,MASTURI,-,-,Mahanadi,Mahanadi,Seonath,Arpa,-,Arpa,22.04861111,82.22166667,11-05-2026 08:00,0
1597,Ghatora,CWC,22,Chhattisgarh,375,BILASPUR,MASTURI,-,-,Mahanadi,Mahanadi,Seonath,Arpa,-,Arpa,22.04861111,82.22166667,12-05-2026 08:00,0
1598,Ghatora,CWC,22,Chhattisgarh,375,BILASPUR,MASTURI,-,-,Mahanadi,Mahanadi,Seonath,Arpa,-,Arpa,22.04861111,82.22166667,13-05-2026 08:00,0
1599,Ghatora,CWC,22,Chhattisgarh,375,BILASPUR,MASTURI,-,-,Mahanadi,Mahanadi,Seonath,Arpa,-,Arpa,22.04861111,82.22166667,14-05-2026 08:00,0
1600,Ghatora,CWC,22,Chhattisgarh,375,BILASPUR,MASTURI,-,-,Mahanadi,Mahanadi,Seonath,Arpa,-,Arpa,22.04861111,82.22166667,15-05-2026 08:00,0
1601,Ghatora,CWC,22,Chhattisgarh,375,BILASPUR,MASTURI,-,-,Mahanadi,Mahanadi,Seonath,Arpa,-,Arpa,22.04861111,82.22166667,16-05-2026 08:00,0
1602,Ghatora,CWC,22,Chhattisgarh,375,BILASPUR,MASTURI,-,-,Mahanadi,Mahanadi,Seonath,Arpa,-,Arpa,22.04861111,82.22166667,17-05-2026 08:00,0
1603,Ghatora,CWC,22,Chhattisgarh,375,BILASPUR,MASTURI,-,-,Mahanadi,Mahanadi,Seonath,Arpa,-,Arpa,22.04861111,82.22166667,18-05-2026 08:00,0
1604,Ghatora,CWC,22,Chhattisgarh,375,BILASPUR,MASTURI,-,-,Mahanadi,Mahanadi,Seonath,Arpa,-,Arpa,22.04861111,82.22166667,19-05-2026 08:00,0
1605,Ghatora,CWC,22,Chhattisgarh,375,BILASPUR,MASTURI,-,-,Mahanadi,Mahanadi,Seonath,Arpa,-,Arpa,22.04861111,82.22166667,20-05-2026 08:00,0
1606,Ghatora,CWC,22,Chhattisgarh,375,BILASPUR,MASTURI,-,-,Mahanadi,Mahanadi,Seonath,Arpa,-,Arpa,22.04861111,82.22166667,21-05-2026 08:00,0
1607,Ghatora,CWC,22,Chhattisgarh,375,BILASPUR,MASTURI,-,-,Mahanadi,Mahanadi,Seonath,Arpa,-,Arpa,22.04861111,82.22166667,22-05-2026 08:00,0
1608,Ghatora,CWC,22,Chhattisgarh,375,BILASPUR,MASTURI,-,-,Mahanadi,Mahanadi,Seonath,Arpa,-,Arpa,22.04861111,82.22166667,23-05-2026 08:00,0
1609,Ghatora,CWC,22,Chhattisgarh,375,BILASPUR,MASTURI,-,-,Mahanadi,Mahanadi,Seonath,Arpa,-,Arpa,22.04861111,82.22166667,24-05-2026 08:00,0
1610,Ghatora,CWC,22,Chhattisgarh,375,BILASPUR,MASTURI,-,-,Mahanadi,Mahanadi,Seonath,Arpa,-,Arpa,22.04861111,82.22166667,25-05-2026 08:00,0
1611,Ghatora,CWC,22,Chhattisgarh,375,BILASPUR,MASTURI,-,-,Mahanadi,Mahanadi,Seonath,Arpa,-,Arpa,22.04861111,82.22166667,26-05-2026 08:00,0
1612,Ghatora,CWC,22,Chhattisgarh,375,BILASPUR,MASTURI,-,-,Mahanadi,Mahanadi,Seonath,Arpa,-,Arpa,22.04861111,82.22166667,27-05-2026 08:00,0
1613,Ghatora,CWC,22,Chhattisgarh,375,BILASPUR,MASTURI,-,-,Mahanadi,Mahanadi,Seonath,Arpa,-,Arpa,22.04861111,82.22166667,28-05-2026 08:00,0
1614,Ghatora,CWC,22,Chhattisgarh,375,BILASPUR,MASTURI,-,-,Mahanadi,Mahanadi,Seonath,Arpa,-,Arpa,22.04861111,82.22166667,29-05-2026 08:00,0
1615,Ghatora,CWC,22,Chhattisgarh,375,BILASPUR,MASTURI,-,-,Mahanadi,Mahanadi,Seonath,Arpa,-,Arpa,22.04861111,82.22166667,30-05-2026 08:00,0
1616,Ghatora,CWC,22,Chhattisgarh,375,BILASPUR,MASTURI,-,-,Mahanadi,Mahanadi,Seonath,Arpa,-,Arpa,22.04861111,82.22166667,31-05-2026 08:00,0
1617,Ghatora,CWC,22,Chhattisgarh,375,BILASPUR,MASTURI,-,-,Mahanadi,Mahanadi,Seonath,Arpa,-,Arpa,22.04861111,82.22166667,01-06-2026 08:00,0
1618,Ghatora,CWC,22,Chhattisgarh,375,BILASPUR,MASTURI,-,-,Mahanadi,Mahanadi,Seonath,Arpa,-,Arpa,22.04861111,82.22166667,02-06-2026 08:00,0
1619,Ghatora,CWC,22,Chhattisgarh,375,BILASPUR,MASTURI,-,-,Mahanadi,Mahanadi,Seonath,Arpa,-,Arpa,22.04861111,82.22166667,03-06-2026 08:00,0
1620,Ghatora,CWC,22,Chhattisgarh,375,BILASPUR,MASTURI,-,-,Mahanadi,Mahanadi,Seonath,Arpa,-,Arpa,22.04861111,82.22166667,04-06-2026 08:00,0
1621,Ghatora,CWC,22,Chhattisgarh,375,BILASPUR,MASTURI,-,-,Mahanadi,Mahanadi,Seonath,Arpa,-,Arpa,22.04861111,82.22166667,05-06-2026 08:00,0
1622,Ghatora,CWC,22,Chhattisgarh,375,BILASPUR,MASTURI,-,-,Mahanadi,Mahanadi,Seonath,Arpa,-,Arpa,22.04861111,82.22166667,06-06-2026 08:00,0
1623,Ghatora,CWC,22,Chhattisgarh,375,BILASPUR,MASTURI,-,-,Mahanadi,Mahanadi,Seonath,Arpa,-,Arpa,22.04861111,82.22166667,07-06-2026 08:00,0
1624,Ghatora,CWC,22,Chhattisgarh,375,BILASPUR,MASTURI,-,-,Mahanadi,Mahanadi,Seonath,Arpa,-,Arpa,22.04861111,82.22166667,08-06-2026 08:00,0
1625,Ghatora,CWC,22,Chhattisgarh,375,BILASPUR,MASTURI,-,-,Mahanadi,Mahanadi,Seonath,Arpa,-,Arpa,22.04861111,82.22166667,09-06-2026 08:00,0
1626,Ghatora,CWC,22,Chhattisgarh,375,BILASPUR,MASTURI,-,-,Mahanadi,Mahanadi,Seonath,Arpa,-,Arpa,22.04861111,82.22166667,10-06-2026 08:00,0
1627,Ghatora,CWC,22,Chhattisgarh,375,BILASPUR,MASTURI,-,-,Mahanadi,Mahanadi,Seonath,Arpa,-,Arpa,22.04861111,82.22166667,11-06-2026 08:00,0
1628,Ghatora,CWC,22,Chhattisgarh,375,BILASPUR,MASTURI,-,-,Mahanadi,Mahanadi,Seonath,Arpa,-,Arpa,22.04861111,82.22166667,12-06-2026 08:00,0
1629,Ghatora,CWC,22,Chhattisgarh,375,BILASPUR,MASTURI,-,-,Mahanadi,Mahanadi,Seonath,Arpa,-,Arpa,22.04861111,82.22166667,13-06-2026 08:00,0
1630,Ghatora,CWC,22,Chhattisgarh,375,BILASPUR,MASTURI,-,-,Mahanadi,Mahanadi,Seonath,Arpa,-,Arpa,22.04861111,82.22166667,14-06-2026 08:00,0
1631,Ghatora,CWC,22,Chhattisgarh,375,BILASPUR,MASTURI,-,-,Mahanadi,Mahanadi,Seonath,Arpa,-,Arpa,22.04861111,82.22166667,15-06-2026 08:00,0
1632,Ghatora,CWC,22,Chhattisgarh,375,BILASPUR,MASTURI,-,-,Mahanadi,Mahanadi,Seonath,Arpa,-,Arpa,22.04861111,82.22166667,16-06-2026 08:00,0
1633,Ghatora,CWC,22,Chhattisgarh,375,BILASPUR,MASTURI,-,-,Mahanadi,Mahanadi,Seonath,Arpa,-,Arpa,22.04861111,82.22166667,17-06-2026 08:00,0
1634,Ghatora,CWC,22,Chhattisgarh,375,BILASPUR,MASTURI,-,-,Mahanadi,Mahanadi,Seonath,Arpa,-,Arpa,22.04861111,82.22166667,18-06-2026 08:00,0
1635,Ghatora,CWC,22,Chhattisgarh,375,BILASPUR,MASTURI,-,-,Mahanadi,Mahanadi,Seonath,Arpa,-,Arpa,22.04861111,82.22166667,19-06-2026 08:00,0
1636,Ghatora,CWC,22,Chhattisgarh,375,BILASPUR,MASTURI,-,-,Mahanadi,Mahanadi,Seonath,Arpa,-,Arpa,22.04861111,82.22166667,20-06-2026 08:00,0
1637,Ghatora,CWC,22,Chhattisgarh,375,BILASPUR,MASTURI,-,-,Mahanadi,Mahanadi,Seonath,Arpa,-,Arpa,22.04861111,82.22166667,21-06-2026 08:00,0
1638,Ghatora,CWC,22,Chhattisgarh,375,BILASPUR,MASTURI,-,-,Mahanadi,Mahanadi,Seonath,Arpa,-,Arpa,22.04861111,82.22166667,22-06-2026 08:00,0
1639,Ghatora,CWC,22,Chhattisgarh,375,BILASPUR,MASTURI,-,-,Mahanadi,Mahanadi,Seonath,Arpa,-,Arpa,22.04861111,82.22166667,23-06-2026 08:00,0
1640,Ghatora,CWC,22,Chhattisgarh,375,BILASPUR,MASTURI,-,-,Mahanadi,Mahanadi,Seonath,Arpa,-,Arpa,22.04861111,82.22166667,24-06-2026 08:00,0
1641,Ghatora,CWC,22,Chhattisgarh,375,BILASPUR,MASTURI,-,-,Mahanadi,Mahanadi,Seonath,Arpa,-,Arpa,22.04861111,82.22166667,25-06-2026 08:00,0
1642,Ghatora,CWC,22,Chhattisgarh,375,BILASPUR,MASTURI,-,-,Mahanadi,Mahanadi,Seonath,Arpa,-,Arpa,22.04861111,82.22166667,26-06-2026 08:00,0
1643,Ghatora,CWC,22,Chhattisgarh,375,BILASPUR,MASTURI,-,-,Mahanadi,Mahanadi,Seonath,Arpa,-,Arpa,22.04861111,82.22166667,27-06-2026 08:00,0
1644,Ghatora,CWC,22,Chhattisgarh,375,BILASPUR,MASTURI,-,-,Mahanadi,Mahanadi,Seonath,Arpa,-,Arpa,22.04861111,82.22166667,28-06-2026 08:00,0
1645,Ghatora,CWC,22,Chhattisgarh,375,BILASPUR,MASTURI,-,-,Mahanadi,Mahanadi,Seonath,Arpa,-,Arpa,22.04861111,82.22166667,29-06-2026 08:00,0
1646,Ghatora,CWC,22,Chhattisgarh,375,BILASPUR,MASTURI,-,-,Mahanadi,Mahanadi,Seonath,Arpa,-,Arpa,22.04861111,82.22166667,30-06-2026 08:00,0
1647,Gunderdehi,CWC,22,Chhattisgarh,646,BALOD,GUNDERDEHI,-,-,Mahanadi,Mahanadi,Seonath,Tandula, Tandula,Tandula,20.95388889,81.29500000,01-01-2026 08:00,9.4
1648,Gunderdehi,CWC,22,Chhattisgarh,646,BALOD,GUNDERDEHI,-,-,Mahanadi,Mahanadi,Seonath,Tandula, Tandula,Tandula,20.95388889,81.29500000,02-01-2026 08:00,0
1649,Gunderdehi,CWC,22,Chhattisgarh,646,BALOD,GUNDERDEHI,-,-,Mahanadi,Mahanadi,Seonath,Tandula, Tandula,Tandula,20.95388889,81.29500000,03-01-2026 08:00,0
1650,Gunderdehi,CWC,22,Chhattisgarh,646,BALOD,GUNDERDEHI,-,-,Mahanadi,Mahanadi,Seonath,Tandula, Tandula,Tandula,20.95388889,81.29500000,04-01-2026 08:00,0
1651,Gunderdehi,CWC,22,Chhattisgarh,646,BALOD,GUNDERDEHI,-,-,Mahanadi,Mahanadi,Seonath,Tandula, Tandula,Tandula,20.95388889,81.29500000,05-01-2026 08:00,0
1652,Gunderdehi,CWC,22,Chhattisgarh,646,BALOD,GUNDERDEHI,-,-,Mahanadi,Mahanadi,Seonath,Tandula, Tandula,Tandula,20.95388889,81.29500000,06-01-2026 08:00,0
1653,Gunderdehi,CWC,22,Chhattisgarh,646,BALOD,GUNDERDEHI,-,-,Mahanadi,Mahanadi,Seonath,Tandula, Tandula,Tandula,20.95388889,81.29500000,07-01-2026 08:00,10.063
1654,Gunderdehi,CWC,22,Chhattisgarh,646,BALOD,GUNDERDEHI,-,-,Mahanadi,Mahanadi,Seonath,Tandula, Tandula,Tandula,20.95388889,81.29500000,08-01-2026 08:00,10.181
1655,Gunderdehi,CWC,22,Chhattisgarh,646,BALOD,GUNDERDEHI,-,-,Mahanadi,Mahanadi,Seonath,Tandula, Tandula,Tandula,20.95388889,81.29500000,09-01-2026 08:00,9.625
1656,Gunderdehi,CWC,22,Chhattisgarh,646,BALOD,GUNDERDEHI,-,-,Mahanadi,Mahanadi,Seonath,Tandula, Tandula,Tandula,20.95388889,81.29500000,10-01-2026 08:00,9.972
1657,Gunderdehi,CWC,22,Chhattisgarh,646,BALOD,GUNDERDEHI,-,-,Mahanadi,Mahanadi,Seonath,Tandula, Tandula,Tandula,20.95388889,81.29500000,11-01-2026 08:00,9.95
1658,Gunderdehi,CWC,22,Chhattisgarh,646,BALOD,GUNDERDEHI,-,-,Mahanadi,Mahanadi,Seonath,Tandula, Tandula,Tandula,20.95388889,81.29500000,12-01-2026 08:00,10.74
1659,Gunderdehi,CWC,22,Chhattisgarh,646,BALOD,GUNDERDEHI,-,-,Mahanadi,Mahanadi,Seonath,Tandula, Tandula,Tandula,20.95388889,81.29500000,13-01-2026 08:00,11.752
1660,Gunderdehi,CWC,22,Chhattisgarh,646,BALOD,GUNDERDEHI,-,-,Mahanadi,Mahanadi,Seonath,Tandula, Tandula,Tandula,20.95388889,81.29500000,14-01-2026 08:15,13.412
1661,Gunderdehi,CWC,22,Chhattisgarh,646,BALOD,GUNDERDEHI,-,-,Mahanadi,Mahanadi,Seonath,Tandula, Tandula,Tandula,20.95388889,81.29500000,15-01-2026 08:00,8.769
1662,Gunderdehi,CWC,22,Chhattisgarh,646,BALOD,GUNDERDEHI,-,-,Mahanadi,Mahanadi,Seonath,Tandula, Tandula,Tandula,20.95388889,81.29500000,16-01-2026 08:00,8.335
1663,Gunderdehi,CWC,22,Chhattisgarh,646,BALOD,GUNDERDEHI,-,-,Mahanadi,Mahanadi,Seonath,Tandula, Tandula,Tandula,20.95388889,81.29500000,17-01-2026 08:00,6.346
1664,Gunderdehi,CWC,22,Chhattisgarh,646,BALOD,GUNDERDEHI,-,-,Mahanadi,Mahanadi,Seonath,Tandula, Tandula,Tandula,20.95388889,81.29500000,18-01-2026 08:00,6.22
1665,Gunderdehi,CWC,22,Chhattisgarh,646,BALOD,GUNDERDEHI,-,-,Mahanadi,Mahanadi,Seonath,Tandula, Tandula,Tandula,20.95388889,81.29500000,19-01-2026 08:00,7.819
1666,Gunderdehi,CWC,22,Chhattisgarh,646,BALOD,GUNDERDEHI,-,-,Mahanadi,Mahanadi,Seonath,Tandula, Tandula,Tandula,20.95388889,81.29500000,20-01-2026 08:00,7.317
1667,Gunderdehi,CWC,22,Chhattisgarh,646,BALOD,GUNDERDEHI,-,-,Mahanadi,Mahanadi,Seonath,Tandula, Tandula,Tandula,20.95388889,81.29500000,21-01-2026 08:00,7.173
1668,Gunderdehi,CWC,22,Chhattisgarh,646,BALOD,GUNDERDEHI,-,-,Mahanadi,Mahanadi,Seonath,Tandula, Tandula,Tandula,20.95388889,81.29500000,22-01-2026 08:00,6.688
1669,Gunderdehi,CWC,22,Chhattisgarh,646,BALOD,GUNDERDEHI,-,-,Mahanadi,Mahanadi,Seonath,Tandula, Tandula,Tandula,20.95388889,81.29500000,23-01-2026 08:00,5.683
1670,Gunderdehi,CWC,22,Chhattisgarh,646,BALOD,GUNDERDEHI,-,-,Mahanadi,Mahanadi,Seonath,Tandula, Tandula,Tandula,20.95388889,81.29500000,24-01-2026 08:00,5.484
1671,Gunderdehi,CWC,22,Chhattisgarh,646,BALOD,GUNDERDEHI,-,-,Mahanadi,Mahanadi,Seonath,Tandula, Tandula,Tandula,20.95388889,81.29500000,25-01-2026 08:00,5.49
1672,Gunderdehi,CWC,22,Chhattisgarh,646,BALOD,GUNDERDEHI,-,-,Mahanadi,Mahanadi,Seonath,Tandula, Tandula,Tandula,20.95388889,81.29500000,26-01-2026 08:00,5.66
1673,Gunderdehi,CWC,22,Chhattisgarh,646,BALOD,GUNDERDEHI,-,-,Mahanadi,Mahanadi,Seonath,Tandula, Tandula,Tandula,20.95388889,81.29500000,27-01-2026 08:00,6.83
1674,Gunderdehi,CWC,22,Chhattisgarh,646,BALOD,GUNDERDEHI,-,-,Mahanadi,Mahanadi,Seonath,Tandula, Tandula,Tandula,20.95388889,81.29500000,28-01-2026 08:00,6.017
1675,Gunderdehi,CWC,22,Chhattisgarh,646,BALOD,GUNDERDEHI,-,-,Mahanadi,Mahanadi,Seonath,Tandula, Tandula,Tandula,20.95388889,81.29500000,29-01-2026 08:00,5.626
1676,Gunderdehi,CWC,22,Chhattisgarh,646,BALOD,GUNDERDEHI,-,-,Mahanadi,Mahanadi,Seonath,Tandula, Tandula,Tandula,20.95388889,81.29500000,30-01-2026 08:00,6.46
1677,Gunderdehi,CWC,22,Chhattisgarh,646,BALOD,GUNDERDEHI,-,-,Mahanadi,Mahanadi,Seonath,Tandula, Tandula,Tandula,20.95388889,81.29500000,31-01-2026 08:00,6.09
1678,Gunderdehi,CWC,22,Chhattisgarh,646,BALOD,GUNDERDEHI,-,-,Mahanadi,Mahanadi,Seonath,Tandula, Tandula,Tandula,20.95388889,81.29500000,01-02-2026 08:00,6.08
1679,Gunderdehi,CWC,22,Chhattisgarh,646,BALOD,GUNDERDEHI,-,-,Mahanadi,Mahanadi,Seonath,Tandula, Tandula,Tandula,20.95388889,81.29500000,01-02-2026 08:00,6.08
1680,Gunderdehi,CWC,22,Chhattisgarh,646,BALOD,GUNDERDEHI,-,-,Mahanadi,Mahanadi,Seonath,Tandula, Tandula,Tandula,20.95388889,81.29500000,02-02-2026 08:00,4.318
1681,Gunderdehi,CWC,22,Chhattisgarh,646,BALOD,GUNDERDEHI,-,-,Mahanadi,Mahanadi,Seonath,Tandula, Tandula,Tandula,20.95388889,81.29500000,03-02-2026 09:00,4.871
1682,Gunderdehi,CWC,22,Chhattisgarh,646,BALOD,GUNDERDEHI,-,-,Mahanadi,Mahanadi,Seonath,Tandula, Tandula,Tandula,20.95388889,81.29500000,04-02-2026 09:00,3.676
1683,Gunderdehi,CWC,22,Chhattisgarh,646,BALOD,GUNDERDEHI,-,-,Mahanadi,Mahanadi,Seonath,Tandula, Tandula,Tandula,20.95388889,81.29500000,05-02-2026 08:00,3.73
1684,Gunderdehi,CWC,22,Chhattisgarh,646,BALOD,GUNDERDEHI,-,-,Mahanadi,Mahanadi,Seonath,Tandula, Tandula,Tandula,20.95388889,81.29500000,06-02-2026 08:00,4.223
1685,Gunderdehi,CWC,22,Chhattisgarh,646,BALOD,GUNDERDEHI,-,-,Mahanadi,Mahanadi,Seonath,Tandula, Tandula,Tandula,20.95388889,81.29500000,07-02-2026 08:00,3.701
1686,Gunderdehi,CWC,22,Chhattisgarh,646,BALOD,GUNDERDEHI,-,-,Mahanadi,Mahanadi,Seonath,Tandula, Tandula,Tandula,20.95388889,81.29500000,08-02-2026 08:00,3.69
1687,Gunderdehi,CWC,22,Chhattisgarh,646,BALOD,GUNDERDEHI,-,-,Mahanadi,Mahanadi,Seonath,Tandula, Tandula,Tandula,20.95388889,81.29500000,08-02-2026 08:00,3.69
1688,Gunderdehi,CWC,22,Chhattisgarh,646,BALOD,GUNDERDEHI,-,-,Mahanadi,Mahanadi,Seonath,Tandula, Tandula,Tandula,20.95388889,81.29500000,09-02-2026 08:00,3.37
1689,Gunderdehi,CWC,22,Chhattisgarh,646,BALOD,GUNDERDEHI,-,-,Mahanadi,Mahanadi,Seonath,Tandula, Tandula,Tandula,20.95388889,81.29500000,09-02-2026 08:00,3.37
1690,Gunderdehi,CWC,22,Chhattisgarh,646,BALOD,GUNDERDEHI,-,-,Mahanadi,Mahanadi,Seonath,Tandula, Tandula,Tandula,20.95388889,81.29500000,10-02-2026 08:00,3.14
1691,Gunderdehi,CWC,22,Chhattisgarh,646,BALOD,GUNDERDEHI,-,-,Mahanadi,Mahanadi,Seonath,Tandula, Tandula,Tandula,20.95388889,81.29500000,10-02-2026 08:00,3.14
1692,Gunderdehi,CWC,22,Chhattisgarh,646,BALOD,GUNDERDEHI,-,-,Mahanadi,Mahanadi,Seonath,Tandula, Tandula,Tandula,20.95388889,81.29500000,11-02-2026 08:00,3.49
1693,Gunderdehi,CWC,22,Chhattisgarh,646,BALOD,GUNDERDEHI,-,-,Mahanadi,Mahanadi,Seonath,Tandula, Tandula,Tandula,20.95388889,81.29500000,12-02-2026 08:00,3.51
1694,Gunderdehi,CWC,22,Chhattisgarh,646,BALOD,GUNDERDEHI,-,-,Mahanadi,Mahanadi,Seonath,Tandula, Tandula,Tandula,20.95388889,81.29500000,13-02-2026 08:00,3.56
1695,Gunderdehi,CWC,22,Chhattisgarh,646,BALOD,GUNDERDEHI,-,-,Mahanadi,Mahanadi,Seonath,Tandula, Tandula,Tandula,20.95388889,81.29500000,14-02-2026 08:00,3.2
1696,Gunderdehi,CWC,22,Chhattisgarh,646,BALOD,GUNDERDEHI,-,-,Mahanadi,Mahanadi,Seonath,Tandula, Tandula,Tandula,20.95388889,81.29500000,15-02-2026 08:00,0
1697,Gunderdehi,CWC,22,Chhattisgarh,646,BALOD,GUNDERDEHI,-,-,Mahanadi,Mahanadi,Seonath,Tandula, Tandula,Tandula,20.95388889,81.29500000,15-02-2026 08:00,3.19
1698,Gunderdehi,CWC,22,Chhattisgarh,646,BALOD,GUNDERDEHI,-,-,Mahanadi,Mahanadi,Seonath,Tandula, Tandula,Tandula,20.95388889,81.29500000,16-02-2026 08:00,1.81
1699,Gunderdehi,CWC,22,Chhattisgarh,646,BALOD,GUNDERDEHI,-,-,Mahanadi,Mahanadi,Seonath,Tandula, Tandula,Tandula,20.95388889,81.29500000,17-02-2026 08:00,2.94
1700,Gunderdehi,CWC,22,Chhattisgarh,646,BALOD,GUNDERDEHI,-,-,Mahanadi,Mahanadi,Seonath,Tandula, Tandula,Tandula,20.95388889,81.29500000,18-02-2026 08:00,2.97
1701,Gunderdehi,CWC,22,Chhattisgarh,646,BALOD,GUNDERDEHI,-,-,Mahanadi,Mahanadi,Seonath,Tandula, Tandula,Tandula,20.95388889,81.29500000,19-02-2026 08:00,3.05
1702,Gunderdehi,CWC,22,Chhattisgarh,646,BALOD,GUNDERDEHI,-,-,Mahanadi,Mahanadi,Seonath,Tandula, Tandula,Tandula,20.95388889,81.29500000,20-02-2026 08:00,2.92
1703,Gunderdehi,CWC,22,Chhattisgarh,646,BALOD,GUNDERDEHI,-,-,Mahanadi,Mahanadi,Seonath,Tandula, Tandula,Tandula,20.95388889,81.29500000,21-02-2026 08:00,2.78
1704,Gunderdehi,CWC,22,Chhattisgarh,646,BALOD,GUNDERDEHI,-,-,Mahanadi,Mahanadi,Seonath,Tandula, Tandula,Tandula,20.95388889,81.29500000,22-02-2026 08:00,2.77
1705,Gunderdehi,CWC,22,Chhattisgarh,646,BALOD,GUNDERDEHI,-,-,Mahanadi,Mahanadi,Seonath,Tandula, Tandula,Tandula,20.95388889,81.29500000,22-02-2026 08:00,2.77
1706,Gunderdehi,CWC,22,Chhattisgarh,646,BALOD,GUNDERDEHI,-,-,Mahanadi,Mahanadi,Seonath,Tandula, Tandula,Tandula,20.95388889,81.29500000,23-02-2026 08:00,2.66
1707,Gunderdehi,CWC,22,Chhattisgarh,646,BALOD,GUNDERDEHI,-,-,Mahanadi,Mahanadi,Seonath,Tandula, Tandula,Tandula,20.95388889,81.29500000,24-02-2026 08:00,2.96
1708,Gunderdehi,CWC,22,Chhattisgarh,646,BALOD,GUNDERDEHI,-,-,Mahanadi,Mahanadi,Seonath,Tandula, Tandula,Tandula,20.95388889,81.29500000,25-02-2026 08:00,2.85
1709,Gunderdehi,CWC,22,Chhattisgarh,646,BALOD,GUNDERDEHI,-,-,Mahanadi,Mahanadi,Seonath,Tandula, Tandula,Tandula,20.95388889,81.29500000,26-02-2026 08:00,2.35
1710,Gunderdehi,CWC,22,Chhattisgarh,646,BALOD,GUNDERDEHI,-,-,Mahanadi,Mahanadi,Seonath,Tandula, Tandula,Tandula,20.95388889,81.29500000,27-02-2026 08:00,2.29
1711,Gunderdehi,CWC,22,Chhattisgarh,646,BALOD,GUNDERDEHI,-,-,Mahanadi,Mahanadi,Seonath,Tandula, Tandula,Tandula,20.95388889,81.29500000,28-02-2026 08:00,1.59
1712,Gunderdehi,CWC,22,Chhattisgarh,646,BALOD,GUNDERDEHI,-,-,Mahanadi,Mahanadi,Seonath,Tandula, Tandula,Tandula,20.95388889,81.29500000,01-03-2026 08:00,1.58
1713,Gunderdehi,CWC,22,Chhattisgarh,646,BALOD,GUNDERDEHI,-,-,Mahanadi,Mahanadi,Seonath,Tandula, Tandula,Tandula,20.95388889,81.29500000,01-03-2026 08:00,1.58
1714,Gunderdehi,CWC,22,Chhattisgarh,646,BALOD,GUNDERDEHI,-,-,Mahanadi,Mahanadi,Seonath,Tandula, Tandula,Tandula,20.95388889,81.29500000,02-03-2026 08:00,1.41
1715,Gunderdehi,CWC,22,Chhattisgarh,646,BALOD,GUNDERDEHI,-,-,Mahanadi,Mahanadi,Seonath,Tandula, Tandula,Tandula,20.95388889,81.29500000,02-03-2026 08:00,1.41
1716,Gunderdehi,CWC,22,Chhattisgarh,646,BALOD,GUNDERDEHI,-,-,Mahanadi,Mahanadi,Seonath,Tandula, Tandula,Tandula,20.95388889,81.29500000,03-03-2026 08:00,1.45
1717,Gunderdehi,CWC,22,Chhattisgarh,646,BALOD,GUNDERDEHI,-,-,Mahanadi,Mahanadi,Seonath,Tandula, Tandula,Tandula,20.95388889,81.29500000,03-03-2026 08:00,1.45
1718,Gunderdehi,CWC,22,Chhattisgarh,646,BALOD,GUNDERDEHI,-,-,Mahanadi,Mahanadi,Seonath,Tandula, Tandula,Tandula,20.95388889,81.29500000,03-03-2026 09:00,1.453
1719,Gunderdehi,CWC,22,Chhattisgarh,646,BALOD,GUNDERDEHI,-,-,Mahanadi,Mahanadi,Seonath,Tandula, Tandula,Tandula,20.95388889,81.29500000,04-03-2026 08:00,1.295
1720,Gunderdehi,CWC,22,Chhattisgarh,646,BALOD,GUNDERDEHI,-,-,Mahanadi,Mahanadi,Seonath,Tandula, Tandula,Tandula,20.95388889,81.29500000,04-03-2026 08:00,1.44
1721,Gunderdehi,CWC,22,Chhattisgarh,646,BALOD,GUNDERDEHI,-,-,Mahanadi,Mahanadi,Seonath,Tandula, Tandula,Tandula,20.95388889,81.29500000,05-03-2026 08:00,1.11
1722,Gunderdehi,CWC,22,Chhattisgarh,646,BALOD,GUNDERDEHI,-,-,Mahanadi,Mahanadi,Seonath,Tandula, Tandula,Tandula,20.95388889,81.29500000,05-03-2026 08:00,1.11
1723,Gunderdehi,CWC,22,Chhattisgarh,646,BALOD,GUNDERDEHI,-,-,Mahanadi,Mahanadi,Seonath,Tandula, Tandula,Tandula,20.95388889,81.29500000,05-03-2026 09:00,1.11
1724,Gunderdehi,CWC,22,Chhattisgarh,646,BALOD,GUNDERDEHI,-,-,Mahanadi,Mahanadi,Seonath,Tandula, Tandula,Tandula,20.95388889,81.29500000,06-03-2026 08:00,1.03
1725,Gunderdehi,CWC,22,Chhattisgarh,646,BALOD,GUNDERDEHI,-,-,Mahanadi,Mahanadi,Seonath,Tandula, Tandula,Tandula,20.95388889,81.29500000,06-03-2026 08:00,1.03
1726,Gunderdehi,CWC,22,Chhattisgarh,646,BALOD,GUNDERDEHI,-,-,Mahanadi,Mahanadi,Seonath,Tandula, Tandula,Tandula,20.95388889,81.29500000,06-03-2026 09:00,1.033
1727,Gunderdehi,CWC,22,Chhattisgarh,646,BALOD,GUNDERDEHI,-,-,Mahanadi,Mahanadi,Seonath,Tandula, Tandula,Tandula,20.95388889,81.29500000,07-03-2026 08:00,1.33
1728,Gunderdehi,CWC,22,Chhattisgarh,646,BALOD,GUNDERDEHI,-,-,Mahanadi,Mahanadi,Seonath,Tandula, Tandula,Tandula,20.95388889,81.29500000,07-03-2026 08:00,1.33
1729,Gunderdehi,CWC,22,Chhattisgarh,646,BALOD,GUNDERDEHI,-,-,Mahanadi,Mahanadi,Seonath,Tandula, Tandula,Tandula,20.95388889,81.29500000,08-03-2026 08:00,1.32
1730,Gunderdehi,CWC,22,Chhattisgarh,646,BALOD,GUNDERDEHI,-,-,Mahanadi,Mahanadi,Seonath,Tandula, Tandula,Tandula,20.95388889,81.29500000,08-03-2026 08:00,1.32
1731,Gunderdehi,CWC,22,Chhattisgarh,646,BALOD,GUNDERDEHI,-,-,Mahanadi,Mahanadi,Seonath,Tandula, Tandula,Tandula,20.95388889,81.29500000,09-03-2026 08:00,1.02
1732,Gunderdehi,CWC,22,Chhattisgarh,646,BALOD,GUNDERDEHI,-,-,Mahanadi,Mahanadi,Seonath,Tandula, Tandula,Tandula,20.95388889,81.29500000,09-03-2026 08:00,1.02
1733,Gunderdehi,CWC,22,Chhattisgarh,646,BALOD,GUNDERDEHI,-,-,Mahanadi,Mahanadi,Seonath,Tandula, Tandula,Tandula,20.95388889,81.29500000,10-03-2026 08:00,0.94
1734,Gunderdehi,CWC,22,Chhattisgarh,646,BALOD,GUNDERDEHI,-,-,Mahanadi,Mahanadi,Seonath,Tandula, Tandula,Tandula,20.95388889,81.29500000,10-03-2026 08:00,0.94
1735,Gunderdehi,CWC,22,Chhattisgarh,646,BALOD,GUNDERDEHI,-,-,Mahanadi,Mahanadi,Seonath,Tandula, Tandula,Tandula,20.95388889,81.29500000,11-03-2026 08:00,0
1736,Gunderdehi,CWC,22,Chhattisgarh,646,BALOD,GUNDERDEHI,-,-,Mahanadi,Mahanadi,Seonath,Tandula, Tandula,Tandula,20.95388889,81.29500000,12-03-2026 08:00,0
1737,Gunderdehi,CWC,22,Chhattisgarh,646,BALOD,GUNDERDEHI,-,-,Mahanadi,Mahanadi,Seonath,Tandula, Tandula,Tandula,20.95388889,81.29500000,13-03-2026 08:00,0
1738,Gunderdehi,CWC,22,Chhattisgarh,646,BALOD,GUNDERDEHI,-,-,Mahanadi,Mahanadi,Seonath,Tandula, Tandula,Tandula,20.95388889,81.29500000,14-03-2026 08:00,0
1739,Gunderdehi,CWC,22,Chhattisgarh,646,BALOD,GUNDERDEHI,-,-,Mahanadi,Mahanadi,Seonath,Tandula, Tandula,Tandula,20.95388889,81.29500000,15-03-2026 08:00,0
1740,Gunderdehi,CWC,22,Chhattisgarh,646,BALOD,GUNDERDEHI,-,-,Mahanadi,Mahanadi,Seonath,Tandula, Tandula,Tandula,20.95388889,81.29500000,16-03-2026 08:00,0
1741,Gunderdehi,CWC,22,Chhattisgarh,646,BALOD,GUNDERDEHI,-,-,Mahanadi,Mahanadi,Seonath,Tandula, Tandula,Tandula,20.95388889,81.29500000,17-03-2026 08:00,0
1742,Gunderdehi,CWC,22,Chhattisgarh,646,BALOD,GUNDERDEHI,-,-,Mahanadi,Mahanadi,Seonath,Tandula, Tandula,Tandula,20.95388889,81.29500000,18-03-2026 08:00,0
1743,Gunderdehi,CWC,22,Chhattisgarh,646,BALOD,GUNDERDEHI,-,-,Mahanadi,Mahanadi,Seonath,Tandula, Tandula,Tandula,20.95388889,81.29500000,19-03-2026 08:00,0
1744,Gunderdehi,CWC,22,Chhattisgarh,646,BALOD,GUNDERDEHI,-,-,Mahanadi,Mahanadi,Seonath,Tandula, Tandula,Tandula,20.95388889,81.29500000,20-03-2026 08:00,0
1745,Gunderdehi,CWC,22,Chhattisgarh,646,BALOD,GUNDERDEHI,-,-,Mahanadi,Mahanadi,Seonath,Tandula, Tandula,Tandula,20.95388889,81.29500000,21-03-2026 08:00,0
1746,Gunderdehi,CWC,22,Chhattisgarh,646,BALOD,GUNDERDEHI,-,-,Mahanadi,Mahanadi,Seonath,Tandula, Tandula,Tandula,20.95388889,81.29500000,22-03-2026 08:00,0
1747,Gunderdehi,CWC,22,Chhattisgarh,646,BALOD,GUNDERDEHI,-,-,Mahanadi,Mahanadi,Seonath,Tandula, Tandula,Tandula,20.95388889,81.29500000,23-03-2026 08:00,0
1748,Gunderdehi,CWC,22,Chhattisgarh,646,BALOD,GUNDERDEHI,-,-,Mahanadi,Mahanadi,Seonath,Tandula, Tandula,Tandula,20.95388889,81.29500000,24-03-2026 08:00,0
1749,Gunderdehi,CWC,22,Chhattisgarh,646,BALOD,GUNDERDEHI,-,-,Mahanadi,Mahanadi,Seonath,Tandula, Tandula,Tandula,20.95388889,81.29500000,25-03-2026 08:00,0
1750,Gunderdehi,CWC,22,Chhattisgarh,646,BALOD,GUNDERDEHI,-,-,Mahanadi,Mahanadi,Seonath,Tandula, Tandula,Tandula,20.95388889,81.29500000,26-03-2026 08:00,0
1751,Gunderdehi,CWC,22,Chhattisgarh,646,BALOD,GUNDERDEHI,-,-,Mahanadi,Mahanadi,Seonath,Tandula, Tandula,Tandula,20.95388889,81.29500000,27-03-2026 08:00,0
1752,Gunderdehi,CWC,22,Chhattisgarh,646,BALOD,GUNDERDEHI,-,-,Mahanadi,Mahanadi,Seonath,Tandula, Tandula,Tandula,20.95388889,81.29500000,28-03-2026 08:00,0
1753,Gunderdehi,CWC,22,Chhattisgarh,646,BALOD,GUNDERDEHI,-,-,Mahanadi,Mahanadi,Seonath,Tandula, Tandula,Tandula,20.95388889,81.29500000,29-03-2026 08:00,0
1754,Gunderdehi,CWC,22,Chhattisgarh,646,BALOD,GUNDERDEHI,-,-,Mahanadi,Mahanadi,Seonath,Tandula, Tandula,Tandula,20.95388889,81.29500000,30-03-2026 08:00,0
1755,Gunderdehi,CWC,22,Chhattisgarh,646,BALOD,GUNDERDEHI,-,-,Mahanadi,Mahanadi,Seonath,Tandula, Tandula,Tandula,20.95388889,81.29500000,31-03-2026 08:00,0
1756,Gunderdehi,CWC,22,Chhattisgarh,646,BALOD,GUNDERDEHI,-,-,Mahanadi,Mahanadi,Seonath,Tandula, Tandula,Tandula,20.95388889,81.29500000,01-04-2026 08:00,0
1757,Gunderdehi,CWC,22,Chhattisgarh,646,BALOD,GUNDERDEHI,-,-,Mahanadi,Mahanadi,Seonath,Tandula, Tandula,Tandula,20.95388889,81.29500000,02-04-2026 08:00,0
1758,Gunderdehi,CWC,22,Chhattisgarh,646,BALOD,GUNDERDEHI,-,-,Mahanadi,Mahanadi,Seonath,Tandula, Tandula,Tandula,20.95388889,81.29500000,03-04-2026 08:00,0
1759,Gunderdehi,CWC,22,Chhattisgarh,646,BALOD,GUNDERDEHI,-,-,Mahanadi,Mahanadi,Seonath,Tandula, Tandula,Tandula,20.95388889,81.29500000,04-04-2026 08:00,0
1760,Gunderdehi,CWC,22,Chhattisgarh,646,BALOD,GUNDERDEHI,-,-,Mahanadi,Mahanadi,Seonath,Tandula, Tandula,Tandula,20.95388889,81.29500000,05-04-2026 08:00,0
1761,Gunderdehi,CWC,22,Chhattisgarh,646,BALOD,GUNDERDEHI,-,-,Mahanadi,Mahanadi,Seonath,Tandula, Tandula,Tandula,20.95388889,81.29500000,06-04-2026 08:00,0
1762,Gunderdehi,CWC,22,Chhattisgarh,646,BALOD,GUNDERDEHI,-,-,Mahanadi,Mahanadi,Seonath,Tandula, Tandula,Tandula,20.95388889,81.29500000,07-04-2026 08:00,0
1763,Gunderdehi,CWC,22,Chhattisgarh,646,BALOD,GUNDERDEHI,-,-,Mahanadi,Mahanadi,Seonath,Tandula, Tandula,Tandula,20.95388889,81.29500000,08-04-2026 08:00,0
1764,Gunderdehi,CWC,22,Chhattisgarh,646,BALOD,GUNDERDEHI,-,-,Mahanadi,Mahanadi,Seonath,Tandula, Tandula,Tandula,20.95388889,81.29500000,09-04-2026 08:00,0
1765,Gunderdehi,CWC,22,Chhattisgarh,646,BALOD,GUNDERDEHI,-,-,Mahanadi,Mahanadi,Seonath,Tandula, Tandula,Tandula,20.95388889,81.29500000,10-04-2026 08:00,0
1766,Gunderdehi,CWC,22,Chhattisgarh,646,BALOD,GUNDERDEHI,-,-,Mahanadi,Mahanadi,Seonath,Tandula, Tandula,Tandula,20.95388889,81.29500000,11-04-2026 08:00,0
1767,Gunderdehi,CWC,22,Chhattisgarh,646,BALOD,GUNDERDEHI,-,-,Mahanadi,Mahanadi,Seonath,Tandula, Tandula,Tandula,20.95388889,81.29500000,12-04-2026 08:00,0
1768,Gunderdehi,CWC,22,Chhattisgarh,646,BALOD,GUNDERDEHI,-,-,Mahanadi,Mahanadi,Seonath,Tandula, Tandula,Tandula,20.95388889,81.29500000,13-04-2026 08:00,0
1769,Gunderdehi,CWC,22,Chhattisgarh,646,BALOD,GUNDERDEHI,-,-,Mahanadi,Mahanadi,Seonath,Tandula, Tandula,Tandula,20.95388889,81.29500000,14-04-2026 08:00,0
1770,Gunderdehi,CWC,22,Chhattisgarh,646,BALOD,GUNDERDEHI,-,-,Mahanadi,Mahanadi,Seonath,Tandula, Tandula,Tandula,20.95388889,81.29500000,15-04-2026 08:00,0
1771,Gunderdehi,CWC,22,Chhattisgarh,646,BALOD,GUNDERDEHI,-,-,Mahanadi,Mahanadi,Seonath,Tandula, Tandula,Tandula,20.95388889,81.29500000,16-04-2026 08:00,0
1772,Gunderdehi,CWC,22,Chhattisgarh,646,BALOD,GUNDERDEHI,-,-,Mahanadi,Mahanadi,Seonath,Tandula, Tandula,Tandula,20.95388889,81.29500000,16-04-2026 08:00,0
1773,Gunderdehi,CWC,22,Chhattisgarh,646,BALOD,GUNDERDEHI,-,-,Mahanadi,Mahanadi,Seonath,Tandula, Tandula,Tandula,20.95388889,81.29500000,17-04-2026 08:00,0
1774,Gunderdehi,CWC,22,Chhattisgarh,646,BALOD,GUNDERDEHI,-,-,Mahanadi,Mahanadi,Seonath,Tandula, Tandula,Tandula,20.95388889,81.29500000,17-04-2026 08:00,0
1775,Gunderdehi,CWC,22,Chhattisgarh,646,BALOD,GUNDERDEHI,-,-,Mahanadi,Mahanadi,Seonath,Tandula, Tandula,Tandula,20.95388889,81.29500000,18-04-2026 08:00,0
1776,Gunderdehi,CWC,22,Chhattisgarh,646,BALOD,GUNDERDEHI,-,-,Mahanadi,Mahanadi,Seonath,Tandula, Tandula,Tandula,20.95388889,81.29500000,18-04-2026 08:00,0
1777,Gunderdehi,CWC,22,Chhattisgarh,646,BALOD,GUNDERDEHI,-,-,Mahanadi,Mahanadi,Seonath,Tandula, Tandula,Tandula,20.95388889,81.29500000,19-04-2026 08:00,0
1778,Gunderdehi,CWC,22,Chhattisgarh,646,BALOD,GUNDERDEHI,-,-,Mahanadi,Mahanadi,Seonath,Tandula, Tandula,Tandula,20.95388889,81.29500000,19-04-2026 08:00,0
1779,Gunderdehi,CWC,22,Chhattisgarh,646,BALOD,GUNDERDEHI,-,-,Mahanadi,Mahanadi,Seonath,Tandula, Tandula,Tandula,20.95388889,81.29500000,20-04-2026 08:00,0
1780,Gunderdehi,CWC,22,Chhattisgarh,646,BALOD,GUNDERDEHI,-,-,Mahanadi,Mahanadi,Seonath,Tandula, Tandula,Tandula,20.95388889,81.29500000,20-04-2026 08:00,0
1781,Gunderdehi,CWC,22,Chhattisgarh,646,BALOD,GUNDERDEHI,-,-,Mahanadi,Mahanadi,Seonath,Tandula, Tandula,Tandula,20.95388889,81.29500000,21-04-2026 08:00,0
1782,Gunderdehi,CWC,22,Chhattisgarh,646,BALOD,GUNDERDEHI,-,-,Mahanadi,Mahanadi,Seonath,Tandula, Tandula,Tandula,20.95388889,81.29500000,21-04-2026 08:00,0
1783,Gunderdehi,CWC,22,Chhattisgarh,646,BALOD,GUNDERDEHI,-,-,Mahanadi,Mahanadi,Seonath,Tandula, Tandula,Tandula,20.95388889,81.29500000,22-04-2026 08:00,0
1784,Gunderdehi,CWC,22,Chhattisgarh,646,BALOD,GUNDERDEHI,-,-,Mahanadi,Mahanadi,Seonath,Tandula, Tandula,Tandula,20.95388889,81.29500000,22-04-2026 08:00,0
1785,Gunderdehi,CWC,22,Chhattisgarh,646,BALOD,GUNDERDEHI,-,-,Mahanadi,Mahanadi,Seonath,Tandula, Tandula,Tandula,20.95388889,81.29500000,23-04-2026 08:00,0
1786,Gunderdehi,CWC,22,Chhattisgarh,646,BALOD,GUNDERDEHI,-,-,Mahanadi,Mahanadi,Seonath,Tandula, Tandula,Tandula,20.95388889,81.29500000,23-04-2026 08:00,0
1787,Gunderdehi,CWC,22,Chhattisgarh,646,BALOD,GUNDERDEHI,-,-,Mahanadi,Mahanadi,Seonath,Tandula, Tandula,Tandula,20.95388889,81.29500000,24-04-2026 08:00,0
1788,Gunderdehi,CWC,22,Chhattisgarh,646,BALOD,GUNDERDEHI,-,-,Mahanadi,Mahanadi,Seonath,Tandula, Tandula,Tandula,20.95388889,81.29500000,24-04-2026 08:00,0
1789,Gunderdehi,CWC,22,Chhattisgarh,646,BALOD,GUNDERDEHI,-,-,Mahanadi,Mahanadi,Seonath,Tandula, Tandula,Tandula,20.95388889,81.29500000,25-04-2026 08:00,0
1790,Gunderdehi,CWC,22,Chhattisgarh,646,BALOD,GUNDERDEHI,-,-,Mahanadi,Mahanadi,Seonath,Tandula, Tandula,Tandula,20.95388889,81.29500000,25-04-2026 08:00,0
1791,Gunderdehi,CWC,22,Chhattisgarh,646,BALOD,GUNDERDEHI,-,-,Mahanadi,Mahanadi,Seonath,Tandula, Tandula,Tandula,20.95388889,81.29500000,26-04-2026 08:00,0
1792,Gunderdehi,CWC,22,Chhattisgarh,646,BALOD,GUNDERDEHI,-,-,Mahanadi,Mahanadi,Seonath,Tandula, Tandula,Tandula,20.95388889,81.29500000,26-04-2026 08:00,0
1793,Gunderdehi,CWC,22,Chhattisgarh,646,BALOD,GUNDERDEHI,-,-,Mahanadi,Mahanadi,Seonath,Tandula, Tandula,Tandula,20.95388889,81.29500000,27-04-2026 08:00,0
1794,Gunderdehi,CWC,22,Chhattisgarh,646,BALOD,GUNDERDEHI,-,-,Mahanadi,Mahanadi,Seonath,Tandula, Tandula,Tandula,20.95388889,81.29500000,27-04-2026 08:00,0
1795,Gunderdehi,CWC,22,Chhattisgarh,646,BALOD,GUNDERDEHI,-,-,Mahanadi,Mahanadi,Seonath,Tandula, Tandula,Tandula,20.95388889,81.29500000,28-04-2026 08:00,0
1796,Gunderdehi,CWC,22,Chhattisgarh,646,BALOD,GUNDERDEHI,-,-,Mahanadi,Mahanadi,Seonath,Tandula, Tandula,Tandula,20.95388889,81.29500000,28-04-2026 08:00,0
1797,Gunderdehi,CWC,22,Chhattisgarh,646,BALOD,GUNDERDEHI,-,-,Mahanadi,Mahanadi,Seonath,Tandula, Tandula,Tandula,20.95388889,81.29500000,29-04-2026 08:00,0
1798,Gunderdehi,CWC,22,Chhattisgarh,646,BALOD,GUNDERDEHI,-,-,Mahanadi,Mahanadi,Seonath,Tandula, Tandula,Tandula,20.95388889,81.29500000,29-04-2026 08:00,0
1799,Gunderdehi,CWC,22,Chhattisgarh,646,BALOD,GUNDERDEHI,-,-,Mahanadi,Mahanadi,Seonath,Tandula, Tandula,Tandula,20.95388889,81.29500000,30-04-2026 08:00,0
1800,Gunderdehi,CWC,22,Chhattisgarh,646,BALOD,GUNDERDEHI,-,-,Mahanadi,Mahanadi,Seonath,Tandula, Tandula,Tandula,20.95388889,81.29500000,30-04-2026 08:00,0
1801,Gunderdehi,CWC,22,Chhattisgarh,646,BALOD,GUNDERDEHI,-,-,Mahanadi,Mahanadi,Seonath,Tandula, Tandula,Tandula,20.95388889,81.29500000,01-05-2026 08:00,0
1802,Gunderdehi,CWC,22,Chhattisgarh,646,BALOD,GUNDERDEHI,-,-,Mahanadi,Mahanadi,Seonath,Tandula, Tandula,Tandula,20.95388889,81.29500000,02-05-2026 08:00,0
1803,Gunderdehi,CWC,22,Chhattisgarh,646,BALOD,GUNDERDEHI,-,-,Mahanadi,Mahanadi,Seonath,Tandula, Tandula,Tandula,20.95388889,81.29500000,03-05-2026 08:00,0
1804,Gunderdehi,CWC,22,Chhattisgarh,646,BALOD,GUNDERDEHI,-,-,Mahanadi,Mahanadi,Seonath,Tandula, Tandula,Tandula,20.95388889,81.29500000,04-05-2026 08:00,0
1805,Gunderdehi,CWC,22,Chhattisgarh,646,BALOD,GUNDERDEHI,-,-,Mahanadi,Mahanadi,Seonath,Tandula, Tandula,Tandula,20.95388889,81.29500000,05-05-2026 08:00,0
1806,Gunderdehi,CWC,22,Chhattisgarh,646,BALOD,GUNDERDEHI,-,-,Mahanadi,Mahanadi,Seonath,Tandula, Tandula,Tandula,20.95388889,81.29500000,06-05-2026 08:00,0
1807,Gunderdehi,CWC,22,Chhattisgarh,646,BALOD,GUNDERDEHI,-,-,Mahanadi,Mahanadi,Seonath,Tandula, Tandula,Tandula,20.95388889,81.29500000,07-05-2026 08:00,0
1808,Gunderdehi,CWC,22,Chhattisgarh,646,BALOD,GUNDERDEHI,-,-,Mahanadi,Mahanadi,Seonath,Tandula, Tandula,Tandula,20.95388889,81.29500000,08-05-2026 08:00,0
1809,Gunderdehi,CWC,22,Chhattisgarh,646,BALOD,GUNDERDEHI,-,-,Mahanadi,Mahanadi,Seonath,Tandula, Tandula,Tandula,20.95388889,81.29500000,09-05-2026 08:00,0
1810,Gunderdehi,CWC,22,Chhattisgarh,646,BALOD,GUNDERDEHI,-,-,Mahanadi,Mahanadi,Seonath,Tandula, Tandula,Tandula,20.95388889,81.29500000,10-05-2026 08:00,0
1811,Gunderdehi,CWC,22,Chhattisgarh,646,BALOD,GUNDERDEHI,-,-,Mahanadi,Mahanadi,Seonath,Tandula, Tandula,Tandula,20.95388889,81.29500000,11-05-2026 08:00,0
1812,Gunderdehi,CWC,22,Chhattisgarh,646,BALOD,GUNDERDEHI,-,-,Mahanadi,Mahanadi,Seonath,Tandula, Tandula,Tandula,20.95388889,81.29500000,12-05-2026 08:00,0
1813,Gunderdehi,CWC,22,Chhattisgarh,646,BALOD,GUNDERDEHI,-,-,Mahanadi,Mahanadi,Seonath,Tandula, Tandula,Tandula,20.95388889,81.29500000,13-05-2026 08:00,0
1814,Gunderdehi,CWC,22,Chhattisgarh,646,BALOD,GUNDERDEHI,-,-,Mahanadi,Mahanadi,Seonath,Tandula, Tandula,Tandula,20.95388889,81.29500000,14-05-2026 08:00,0
1815,Gunderdehi,CWC,22,Chhattisgarh,646,BALOD,GUNDERDEHI,-,-,Mahanadi,Mahanadi,Seonath,Tandula, Tandula,Tandula,20.95388889,81.29500000,15-05-2026 08:00,0
1816,Gunderdehi,CWC,22,Chhattisgarh,646,BALOD,GUNDERDEHI,-,-,Mahanadi,Mahanadi,Seonath,Tandula, Tandula,Tandula,20.95388889,81.29500000,16-05-2026 08:00,0
1817,Gunderdehi,CWC,22,Chhattisgarh,646,BALOD,GUNDERDEHI,-,-,Mahanadi,Mahanadi,Seonath,Tandula, Tandula,Tandula,20.95388889,81.29500000,17-05-2026 08:00,0
1818,Gunderdehi,CWC,22,Chhattisgarh,646,BALOD,GUNDERDEHI,-,-,Mahanadi,Mahanadi,Seonath,Tandula, Tandula,Tandula,20.95388889,81.29500000,18-05-2026 08:00,0
1819,Gunderdehi,CWC,22,Chhattisgarh,646,BALOD,GUNDERDEHI,-,-,Mahanadi,Mahanadi,Seonath,Tandula, Tandula,Tandula,20.95388889,81.29500000,19-05-2026 08:00,0
1820,Gunderdehi,CWC,22,Chhattisgarh,646,BALOD,GUNDERDEHI,-,-,Mahanadi,Mahanadi,Seonath,Tandula, Tandula,Tandula,20.95388889,81.29500000,20-05-2026 08:00,0
1821,Gunderdehi,CWC,22,Chhattisgarh,646,BALOD,GUNDERDEHI,-,-,Mahanadi,Mahanadi,Seonath,Tandula, Tandula,Tandula,20.95388889,81.29500000,21-05-2026 08:00,0
1822,Gunderdehi,CWC,22,Chhattisgarh,646,BALOD,GUNDERDEHI,-,-,Mahanadi,Mahanadi,Seonath,Tandula, Tandula,Tandula,20.95388889,81.29500000,22-05-2026 08:00,0
1823,Gunderdehi,CWC,22,Chhattisgarh,646,BALOD,GUNDERDEHI,-,-,Mahanadi,Mahanadi,Seonath,Tandula, Tandula,Tandula,20.95388889,81.29500000,23-05-2026 08:00,0
1824,Gunderdehi,CWC,22,Chhattisgarh,646,BALOD,GUNDERDEHI,-,-,Mahanadi,Mahanadi,Seonath,Tandula, Tandula,Tandula,20.95388889,81.29500000,24-05-2026 08:00,0
1825,Gunderdehi,CWC,22,Chhattisgarh,646,BALOD,GUNDERDEHI,-,-,Mahanadi,Mahanadi,Seonath,Tandula, Tandula,Tandula,20.95388889,81.29500000,25-05-2026 08:00,0
1826,Gunderdehi,CWC,22,Chhattisgarh,646,BALOD,GUNDERDEHI,-,-,Mahanadi,Mahanadi,Seonath,Tandula, Tandula,Tandula,20.95388889,81.29500000,26-05-2026 08:00,0
1827,Gunderdehi,CWC,22,Chhattisgarh,646,BALOD,GUNDERDEHI,-,-,Mahanadi,Mahanadi,Seonath,Tandula, Tandula,Tandula,20.95388889,81.29500000,27-05-2026 08:00,0
1828,Gunderdehi,CWC,22,Chhattisgarh,646,BALOD,GUNDERDEHI,-,-,Mahanadi,Mahanadi,Seonath,Tandula, Tandula,Tandula,20.95388889,81.29500000,28-05-2026 08:00,0
1829,Gunderdehi,CWC,22,Chhattisgarh,646,BALOD,GUNDERDEHI,-,-,Mahanadi,Mahanadi,Seonath,Tandula, Tandula,Tandula,20.95388889,81.29500000,29-05-2026 08:00,0
1830,Gunderdehi,CWC,22,Chhattisgarh,646,BALOD,GUNDERDEHI,-,-,Mahanadi,Mahanadi,Seonath,Tandula, Tandula,Tandula,20.95388889,81.29500000,30-05-2026 08:00,0
1831,Gunderdehi,CWC,22,Chhattisgarh,646,BALOD,GUNDERDEHI,-,-,Mahanadi,Mahanadi,Seonath,Tandula, Tandula,Tandula,20.95388889,81.29500000,31-05-2026 08:00,0
1832,Gunderdehi,CWC,22,Chhattisgarh,646,BALOD,GUNDERDEHI,-,-,Mahanadi,Mahanadi,Seonath,Tandula, Tandula,Tandula,20.95388889,81.29500000,01-06-2026 08:00,0
1833,Gunderdehi,CWC,22,Chhattisgarh,646,BALOD,GUNDERDEHI,-,-,Mahanadi,Mahanadi,Seonath,Tandula, Tandula,Tandula,20.95388889,81.29500000,02-06-2026 08:00,0
1834,Gunderdehi,CWC,22,Chhattisgarh,646,BALOD,GUNDERDEHI,-,-,Mahanadi,Mahanadi,Seonath,Tandula, Tandula,Tandula,20.95388889,81.29500000,03-06-2026 08:00,0
1835,Gunderdehi,CWC,22,Chhattisgarh,646,BALOD,GUNDERDEHI,-,-,Mahanadi,Mahanadi,Seonath,Tandula, Tandula,Tandula,20.95388889,81.29500000,04-06-2026 08:00,0
1836,Gunderdehi,CWC,22,Chhattisgarh,646,BALOD,GUNDERDEHI,-,-,Mahanadi,Mahanadi,Seonath,Tandula, Tandula,Tandula,20.95388889,81.29500000,05-06-2026 08:00,0
1837,Gunderdehi,CWC,22,Chhattisgarh,646,BALOD,GUNDERDEHI,-,-,Mahanadi,Mahanadi,Seonath,Tandula, Tandula,Tandula,20.95388889,81.29500000,06-06-2026 08:00,0
1838,Gunderdehi,CWC,22,Chhattisgarh,646,BALOD,GUNDERDEHI,-,-,Mahanadi,Mahanadi,Seonath,Tandula, Tandula,Tandula,20.95388889,81.29500000,07-06-2026 08:00,0
1839,Gunderdehi,CWC,22,Chhattisgarh,646,BALOD,GUNDERDEHI,-,-,Mahanadi,Mahanadi,Seonath,Tandula, Tandula,Tandula,20.95388889,81.29500000,08-06-2026 08:00,0
1840,Gunderdehi,CWC,22,Chhattisgarh,646,BALOD,GUNDERDEHI,-,-,Mahanadi,Mahanadi,Seonath,Tandula, Tandula,Tandula,20.95388889,81.29500000,09-06-2026 08:00,0
1841,Gunderdehi,CWC,22,Chhattisgarh,646,BALOD,GUNDERDEHI,-,-,Mahanadi,Mahanadi,Seonath,Tandula, Tandula,Tandula,20.95388889,81.29500000,10-06-2026 08:00,0
1842,Gunderdehi,CWC,22,Chhattisgarh,646,BALOD,GUNDERDEHI,-,-,Mahanadi,Mahanadi,Seonath,Tandula, Tandula,Tandula,20.95388889,81.29500000,11-06-2026 08:00,0
1843,Gunderdehi,CWC,22,Chhattisgarh,646,BALOD,GUNDERDEHI,-,-,Mahanadi,Mahanadi,Seonath,Tandula, Tandula,Tandula,20.95388889,81.29500000,12-06-2026 08:00,0
1844,Gunderdehi,CWC,22,Chhattisgarh,646,BALOD,GUNDERDEHI,-,-,Mahanadi,Mahanadi,Seonath,Tandula, Tandula,Tandula,20.95388889,81.29500000,13-06-2026 08:00,0
1845,Gunderdehi,CWC,22,Chhattisgarh,646,BALOD,GUNDERDEHI,-,-,Mahanadi,Mahanadi,Seonath,Tandula, Tandula,Tandula,20.95388889,81.29500000,14-06-2026 08:00,0
1846,Gunderdehi,CWC,22,Chhattisgarh,646,BALOD,GUNDERDEHI,-,-,Mahanadi,Mahanadi,Seonath,Tandula, Tandula,Tandula,20.95388889,81.29500000,15-06-2026 08:00,0
1847,Gunderdehi,CWC,22,Chhattisgarh,646,BALOD,GUNDERDEHI,-,-,Mahanadi,Mahanadi,Seonath,Tandula, Tandula,Tandula,20.95388889,81.29500000,16-06-2026 08:00,0
1848,Gunderdehi,CWC,22,Chhattisgarh,646,BALOD,GUNDERDEHI,-,-,Mahanadi,Mahanadi,Seonath,Tandula, Tandula,Tandula,20.95388889,81.29500000,17-06-2026 08:00,0
1849,Gunderdehi,CWC,22,Chhattisgarh,646,BALOD,GUNDERDEHI,-,-,Mahanadi,Mahanadi,Seonath,Tandula, Tandula,Tandula,20.95388889,81.29500000,18-06-2026 08:00,0
1850,Gunderdehi,CWC,22,Chhattisgarh,646,BALOD,GUNDERDEHI,-,-,Mahanadi,Mahanadi,Seonath,Tandula, Tandula,Tandula,20.95388889,81.29500000,19-06-2026 08:00,0
1851,Gunderdehi,CWC,22,Chhattisgarh,646,BALOD,GUNDERDEHI,-,-,Mahanadi,Mahanadi,Seonath,Tandula, Tandula,Tandula,20.95388889,81.29500000,20-06-2026 08:00,0
1852,Gunderdehi,CWC,22,Chhattisgarh,646,BALOD,GUNDERDEHI,-,-,Mahanadi,Mahanadi,Seonath,Tandula, Tandula,Tandula,20.95388889,81.29500000,21-06-2026 08:00,0
1853,Gunderdehi,CWC,22,Chhattisgarh,646,BALOD,GUNDERDEHI,-,-,Mahanadi,Mahanadi,Seonath,Tandula, Tandula,Tandula,20.95388889,81.29500000,22-06-2026 08:00,0
1854,Gunderdehi,CWC,22,Chhattisgarh,646,BALOD,GUNDERDEHI,-,-,Mahanadi,Mahanadi,Seonath,Tandula, Tandula,Tandula,20.95388889,81.29500000,23-06-2026 08:00,0
1855,Gunderdehi,CWC,22,Chhattisgarh,646,BALOD,GUNDERDEHI,-,-,Mahanadi,Mahanadi,Seonath,Tandula, Tandula,Tandula,20.95388889,81.29500000,24-06-2026 08:00,0
1856,Gunderdehi,CWC,22,Chhattisgarh,646,BALOD,GUNDERDEHI,-,-,Mahanadi,Mahanadi,Seonath,Tandula, Tandula,Tandula,20.95388889,81.29500000,25-06-2026 08:00,0
1857,Gunderdehi,CWC,22,Chhattisgarh,646,BALOD,GUNDERDEHI,-,-,Mahanadi,Mahanadi,Seonath,Tandula, Tandula,Tandula,20.95388889,81.29500000,26-06-2026 08:00,0
1858,Gunderdehi,CWC,22,Chhattisgarh,646,BALOD,GUNDERDEHI,-,-,Mahanadi,Mahanadi,Seonath,Tandula, Tandula,Tandula,20.95388889,81.29500000,27-06-2026 08:00,0
1859,Gunderdehi,CWC,22,Chhattisgarh,646,BALOD,GUNDERDEHI,-,-,Mahanadi,Mahanadi,Seonath,Tandula, Tandula,Tandula,20.95388889,81.29500000,28-06-2026 08:00,0
1860,Gunderdehi,CWC,22,Chhattisgarh,646,BALOD,GUNDERDEHI,-,-,Mahanadi,Mahanadi,Seonath,Tandula, Tandula,Tandula,20.95388889,81.29500000,29-06-2026 08:00,0
1861,Gunderdehi,CWC,22,Chhattisgarh,646,BALOD,GUNDERDEHI,-,-,Mahanadi,Mahanadi,Seonath,Tandula, Tandula,Tandula,20.95388889,81.29500000,30-06-2026 08:00,0
1862,Gunderdehi,CWC,22,Chhattisgarh,646,BALOD,GUNDERDEHI,-,-,Mahanadi,Mahanadi,Seonath,Tandula, Tandula,Tandula,20.95388889,81.29500000,01-07-2026 08:00,0
1863,Gunderdehi,CWC,22,Chhattisgarh,646,BALOD,GUNDERDEHI,-,-,Mahanadi,Mahanadi,Seonath,Tandula, Tandula,Tandula,20.95388889,81.29500000,02-07-2026 08:00,0
1864,Gunderdehi,CWC,22,Chhattisgarh,646,BALOD,GUNDERDEHI,-,-,Mahanadi,Mahanadi,Seonath,Tandula, Tandula,Tandula,20.95388889,81.29500000,03-07-2026 08:00,0
1865,Gunderdehi,CWC,22,Chhattisgarh,646,BALOD,GUNDERDEHI,-,-,Mahanadi,Mahanadi,Seonath,Tandula, Tandula,Tandula,20.95388889,81.29500000,04-07-2026 08:00,0
1866,Gunderdehi,CWC,22,Chhattisgarh,646,BALOD,GUNDERDEHI,-,-,Mahanadi,Mahanadi,Seonath,Tandula, Tandula,Tandula,20.95388889,81.29500000,05-07-2026 08:00,0
1867,Gunderdehi,CWC,22,Chhattisgarh,646,BALOD,GUNDERDEHI,-,-,Mahanadi,Mahanadi,Seonath,Tandula, Tandula,Tandula,20.95388889,81.29500000,06-07-2026 08:00,8
1868,Gunderdehi,CWC,22,Chhattisgarh,646,BALOD,GUNDERDEHI,-,-,Mahanadi,Mahanadi,Seonath,Tandula, Tandula,Tandula,20.95388889,81.29500000,07-07-2026 08:00,46
1869,Gunderdehi,CWC,22,Chhattisgarh,646,BALOD,GUNDERDEHI,-,-,Mahanadi,Mahanadi,Seonath,Tandula, Tandula,Tandula,20.95388889,81.29500000,08-07-2026 08:00,44
1870,Gunderdehi,CWC,22,Chhattisgarh,646,BALOD,GUNDERDEHI,-,-,Mahanadi,Mahanadi,Seonath,Tandula, Tandula,Tandula,20.95388889,81.29500000,09-07-2026 08:00,32
1871,Gunderdehi,CWC,22,Chhattisgarh,646,BALOD,GUNDERDEHI,-,-,Mahanadi,Mahanadi,Seonath,Tandula, Tandula,Tandula,20.95388889,81.29500000,10-07-2026 08:00,28.3
1872,Gunderdehi,CWC,22,Chhattisgarh,646,BALOD,GUNDERDEHI,-,-,Mahanadi,Mahanadi,Seonath,Tandula, Tandula,Tandula,20.95388889,81.29500000,11-07-2026 08:00,24.62
1873,Gunderdehi,CWC,22,Chhattisgarh,646,BALOD,GUNDERDEHI,-,-,Mahanadi,Mahanadi,Seonath,Tandula, Tandula,Tandula,20.95388889,81.29500000,12-07-2026 08:00,24.63
1874,Gunderdehi,CWC,22,Chhattisgarh,646,BALOD,GUNDERDEHI,-,-,Mahanadi,Mahanadi,Seonath,Tandula, Tandula,Tandula,20.95388889,81.29500000,13-07-2026 08:00,22.8
1875,Gunderdehi,CWC,22,Chhattisgarh,646,BALOD,GUNDERDEHI,-,-,Mahanadi,Mahanadi,Seonath,Tandula, Tandula,Tandula,20.95388889,81.29500000,14-07-2026 08:00,21.41
1876,Gunderdehi,CWC,22,Chhattisgarh,646,BALOD,GUNDERDEHI,-,-,Mahanadi,Mahanadi,Seonath,Tandula, Tandula,Tandula,20.95388889,81.29500000,15-07-2026 08:00,19.26
1877,Gunderdehi,CWC,22,Chhattisgarh,646,BALOD,GUNDERDEHI,-,-,Mahanadi,Mahanadi,Seonath,Tandula, Tandula,Tandula,20.95388889,81.29500000,16-07-2026 08:00,17.68
1878,Gunderdehi,CWC,22,Chhattisgarh,646,BALOD,GUNDERDEHI,-,-,Mahanadi,Mahanadi,Seonath,Tandula, Tandula,Tandula,20.95388889,81.29500000,17-07-2026 08:00,24.71
1879,Gunderdehi,CWC,22,Chhattisgarh,646,BALOD,GUNDERDEHI,-,-,Mahanadi,Mahanadi,Seonath,Tandula, Tandula,Tandula,20.95388889,81.29500000,18-07-2026 08:00,25.59
1880,Gunderdehi,CWC,22,Chhattisgarh,646,BALOD,GUNDERDEHI,-,-,Mahanadi,Mahanadi,Seonath,Tandula, Tandula,Tandula,20.95388889,81.29500000,19-07-2026 08:00,25.6
1881,Gunderdehi,CWC,22,Chhattisgarh,646,BALOD,GUNDERDEHI,-,-,Mahanadi,Mahanadi,Seonath,Tandula, Tandula,Tandula,20.95388889,81.29500000,20-07-2026 08:00,26.83
1882,Gunderdehi,CWC,22,Chhattisgarh,646,BALOD,GUNDERDEHI,-,-,Mahanadi,Mahanadi,Seonath,Tandula, Tandula,Tandula,20.95388889,81.29500000,21-07-2026 08:00,27.45
1883,Gunderdehi,CWC,22,Chhattisgarh,646,BALOD,GUNDERDEHI,-,-,Mahanadi,Mahanadi,Seonath,Tandula, Tandula,Tandula,20.95388889,81.29500000,22-07-2026 08:00,29.32
1884,Gunderdehi,CWC,22,Chhattisgarh,646,BALOD,GUNDERDEHI,-,-,Mahanadi,Mahanadi,Seonath,Tandula, Tandula,Tandula,20.95388889,81.29500000,23-07-2026 08:00,32.76
1885,Gunderdehi,CWC,22,Chhattisgarh,646,BALOD,GUNDERDEHI,-,-,Mahanadi,Mahanadi,Seonath,Tandula, Tandula,Tandula,20.95388889,81.29500000,24-07-2026 08:00,35.26
1886,Gunderdehi,CWC,22,Chhattisgarh,646,BALOD,GUNDERDEHI,-,-,Mahanadi,Mahanadi,Seonath,Tandula, Tandula,Tandula,20.95388889,81.29500000,25-07-2026 08:00,33.3
1887,Gunderdehi,CWC,22,Chhattisgarh,646,BALOD,GUNDERDEHI,-,-,Mahanadi,Mahanadi,Seonath,Tandula, Tandula,Tandula,20.95388889,81.29500000,26-07-2026 08:00,33.29
1888,Gunderdehi,CWC,22,Chhattisgarh,646,BALOD,GUNDERDEHI,-,-,Mahanadi,Mahanadi,Seonath,Tandula, Tandula,Tandula,20.95388889,81.29500000,27-07-2026 08:00,28.15
1889,Gunderdehi,CWC,22,Chhattisgarh,646,BALOD,GUNDERDEHI,-,-,Mahanadi,Mahanadi,Seonath,Tandula, Tandula,Tandula,20.95388889,81.29500000,28-07-2026 08:00,26.66
1890,Gunderdehi,CWC,22,Chhattisgarh,646,BALOD,GUNDERDEHI,-,-,Mahanadi,Mahanadi,Seonath,Tandula, Tandula,Tandula,20.95388889,81.29500000,29-07-2026 08:00,31.71
1891,Gunderdehi,CWC,22,Chhattisgarh,646,BALOD,GUNDERDEHI,-,-,Mahanadi,Mahanadi,Seonath,Tandula, Tandula,Tandula,20.95388889,81.29500000,30-07-2026 08:00,62.37
1892,Gunderdehi,CWC,22,Chhattisgarh,646,BALOD,GUNDERDEHI,-,-,Mahanadi,Mahanadi,Seonath,Tandula, Tandula,Tandula,20.95388889,81.29500000,31-07-2026 08:00,59.58
1893,Jagdalpur,CWC,22,Chhattisgarh,374,BASTAR,JAGDALPUR,-,-,Godavari,Godavari,Indravathi,-,-,Indravathi,19.10805556,82.02277778,01-01-2026 08:00,7
1894,Jagdalpur,CWC,22,Chhattisgarh,374,BASTAR,JAGDALPUR,-,-,Godavari,Godavari,Indravathi,-,-,Indravathi,19.10805556,82.02277778,02-01-2026 08:00,7
1895,Jagdalpur,CWC,22,Chhattisgarh,374,BASTAR,JAGDALPUR,-,-,Godavari,Godavari,Indravathi,-,-,Indravathi,19.10805556,82.02277778,03-01-2026 08:00,7
1896,Jagdalpur,CWC,22,Chhattisgarh,374,BASTAR,JAGDALPUR,-,-,Godavari,Godavari,Indravathi,-,-,Indravathi,19.10805556,82.02277778,04-01-2026 08:00,7
1897,Jagdalpur,CWC,22,Chhattisgarh,374,BASTAR,JAGDALPUR,-,-,Godavari,Godavari,Indravathi,-,-,Indravathi,19.10805556,82.02277778,05-01-2026 08:00,7
1898,Jagdalpur,CWC,22,Chhattisgarh,374,BASTAR,JAGDALPUR,-,-,Godavari,Godavari,Indravathi,-,-,Indravathi,19.10805556,82.02277778,06-01-2026 08:00,7
1899,Jagdalpur,CWC,22,Chhattisgarh,374,BASTAR,JAGDALPUR,-,-,Godavari,Godavari,Indravathi,-,-,Indravathi,19.10805556,82.02277778,07-01-2026 08:00,7
1900,Jagdalpur,CWC,22,Chhattisgarh,374,BASTAR,JAGDALPUR,-,-,Godavari,Godavari,Indravathi,-,-,Indravathi,19.10805556,82.02277778,08-01-2026 08:00,7
1901,Jagdalpur,CWC,22,Chhattisgarh,374,BASTAR,JAGDALPUR,-,-,Godavari,Godavari,Indravathi,-,-,Indravathi,19.10805556,82.02277778,09-01-2026 08:00,7
1902,Jagdalpur,CWC,22,Chhattisgarh,374,BASTAR,JAGDALPUR,-,-,Godavari,Godavari,Indravathi,-,-,Indravathi,19.10805556,82.02277778,10-01-2026 08:00,5
1903,Jagdalpur,CWC,22,Chhattisgarh,374,BASTAR,JAGDALPUR,-,-,Godavari,Godavari,Indravathi,-,-,Indravathi,19.10805556,82.02277778,11-01-2026 08:00,5
1904,Jagdalpur,CWC,22,Chhattisgarh,374,BASTAR,JAGDALPUR,-,-,Godavari,Godavari,Indravathi,-,-,Indravathi,19.10805556,82.02277778,12-01-2026 08:00,7
1905,Jagdalpur,CWC,22,Chhattisgarh,374,BASTAR,JAGDALPUR,-,-,Godavari,Godavari,Indravathi,-,-,Indravathi,19.10805556,82.02277778,13-01-2026 08:00,7
1906,Jagdalpur,CWC,22,Chhattisgarh,374,BASTAR,JAGDALPUR,-,-,Godavari,Godavari,Indravathi,-,-,Indravathi,19.10805556,82.02277778,14-01-2026 08:00,7
1907,Jagdalpur,CWC,22,Chhattisgarh,374,BASTAR,JAGDALPUR,-,-,Godavari,Godavari,Indravathi,-,-,Indravathi,19.10805556,82.02277778,15-01-2026 08:00,7
1908,Jagdalpur,CWC,22,Chhattisgarh,374,BASTAR,JAGDALPUR,-,-,Godavari,Godavari,Indravathi,-,-,Indravathi,19.10805556,82.02277778,16-01-2026 08:00,7
1909,Jagdalpur,CWC,22,Chhattisgarh,374,BASTAR,JAGDALPUR,-,-,Godavari,Godavari,Indravathi,-,-,Indravathi,19.10805556,82.02277778,17-01-2026 08:00,7
1910,Jagdalpur,CWC,22,Chhattisgarh,374,BASTAR,JAGDALPUR,-,-,Godavari,Godavari,Indravathi,-,-,Indravathi,19.10805556,82.02277778,18-01-2026 08:00,6
1911,Jagdalpur,CWC,22,Chhattisgarh,374,BASTAR,JAGDALPUR,-,-,Godavari,Godavari,Indravathi,-,-,Indravathi,19.10805556,82.02277778,19-01-2026 08:00,0
1912,Jagdalpur,CWC,22,Chhattisgarh,374,BASTAR,JAGDALPUR,-,-,Godavari,Godavari,Indravathi,-,-,Indravathi,19.10805556,82.02277778,20-01-2026 08:00,0
1913,Jagdalpur,CWC,22,Chhattisgarh,374,BASTAR,JAGDALPUR,-,-,Godavari,Godavari,Indravathi,-,-,Indravathi,19.10805556,82.02277778,21-01-2026 08:00,0
1914,Jagdalpur,CWC,22,Chhattisgarh,374,BASTAR,JAGDALPUR,-,-,Godavari,Godavari,Indravathi,-,-,Indravathi,19.10805556,82.02277778,22-01-2026 08:00,0
1915,Jagdalpur,CWC,22,Chhattisgarh,374,BASTAR,JAGDALPUR,-,-,Godavari,Godavari,Indravathi,-,-,Indravathi,19.10805556,82.02277778,23-01-2026 08:00,0
1916,Jagdalpur,CWC,22,Chhattisgarh,374,BASTAR,JAGDALPUR,-,-,Godavari,Godavari,Indravathi,-,-,Indravathi,19.10805556,82.02277778,24-01-2026 08:00,0
1917,Jagdalpur,CWC,22,Chhattisgarh,374,BASTAR,JAGDALPUR,-,-,Godavari,Godavari,Indravathi,-,-,Indravathi,19.10805556,82.02277778,25-01-2026 08:00,0
1918,Jagdalpur,CWC,22,Chhattisgarh,374,BASTAR,JAGDALPUR,-,-,Godavari,Godavari,Indravathi,-,-,Indravathi,19.10805556,82.02277778,26-01-2026 08:00,0
1919,Jagdalpur,CWC,22,Chhattisgarh,374,BASTAR,JAGDALPUR,-,-,Godavari,Godavari,Indravathi,-,-,Indravathi,19.10805556,82.02277778,27-01-2026 08:00,0
1920,Jagdalpur,CWC,22,Chhattisgarh,374,BASTAR,JAGDALPUR,-,-,Godavari,Godavari,Indravathi,-,-,Indravathi,19.10805556,82.02277778,28-01-2026 08:00,0
1921,Jagdalpur,CWC,22,Chhattisgarh,374,BASTAR,JAGDALPUR,-,-,Godavari,Godavari,Indravathi,-,-,Indravathi,19.10805556,82.02277778,29-01-2026 08:00,0
1922,Jagdalpur,CWC,22,Chhattisgarh,374,BASTAR,JAGDALPUR,-,-,Godavari,Godavari,Indravathi,-,-,Indravathi,19.10805556,82.02277778,30-01-2026 08:00,0
1923,Jagdalpur,CWC,22,Chhattisgarh,374,BASTAR,JAGDALPUR,-,-,Godavari,Godavari,Indravathi,-,-,Indravathi,19.10805556,82.02277778,31-01-2026 08:00,0
1924,Jagdalpur,CWC,22,Chhattisgarh,374,BASTAR,JAGDALPUR,-,-,Godavari,Godavari,Indravathi,-,-,Indravathi,19.10805556,82.02277778,01-02-2026 08:00,0
1925,Jagdalpur,CWC,22,Chhattisgarh,374,BASTAR,JAGDALPUR,-,-,Godavari,Godavari,Indravathi,-,-,Indravathi,19.10805556,82.02277778,02-02-2026 08:00,0
1926,Jagdalpur,CWC,22,Chhattisgarh,374,BASTAR,JAGDALPUR,-,-,Godavari,Godavari,Indravathi,-,-,Indravathi,19.10805556,82.02277778,03-02-2026 08:00,0
1927,Jagdalpur,CWC,22,Chhattisgarh,374,BASTAR,JAGDALPUR,-,-,Godavari,Godavari,Indravathi,-,-,Indravathi,19.10805556,82.02277778,04-02-2026 08:00,0
1928,Jagdalpur,CWC,22,Chhattisgarh,374,BASTAR,JAGDALPUR,-,-,Godavari,Godavari,Indravathi,-,-,Indravathi,19.10805556,82.02277778,05-02-2026 08:00,0
1929,Jagdalpur,CWC,22,Chhattisgarh,374,BASTAR,JAGDALPUR,-,-,Godavari,Godavari,Indravathi,-,-,Indravathi,19.10805556,82.02277778,06-02-2026 08:00,0
1930,Jagdalpur,CWC,22,Chhattisgarh,374,BASTAR,JAGDALPUR,-,-,Godavari,Godavari,Indravathi,-,-,Indravathi,19.10805556,82.02277778,07-02-2026 08:00,0
1931,Jagdalpur,CWC,22,Chhattisgarh,374,BASTAR,JAGDALPUR,-,-,Godavari,Godavari,Indravathi,-,-,Indravathi,19.10805556,82.02277778,08-02-2026 08:00,0
1932,Jagdalpur,CWC,22,Chhattisgarh,374,BASTAR,JAGDALPUR,-,-,Godavari,Godavari,Indravathi,-,-,Indravathi,19.10805556,82.02277778,09-02-2026 08:00,0
1933,Jagdalpur,CWC,22,Chhattisgarh,374,BASTAR,JAGDALPUR,-,-,Godavari,Godavari,Indravathi,-,-,Indravathi,19.10805556,82.02277778,10-02-2026 08:00,0
1934,Jagdalpur,CWC,22,Chhattisgarh,374,BASTAR,JAGDALPUR,-,-,Godavari,Godavari,Indravathi,-,-,Indravathi,19.10805556,82.02277778,11-02-2026 08:00,0
1935,Jagdalpur,CWC,22,Chhattisgarh,374,BASTAR,JAGDALPUR,-,-,Godavari,Godavari,Indravathi,-,-,Indravathi,19.10805556,82.02277778,12-02-2026 08:00,0
1936,Jagdalpur,CWC,22,Chhattisgarh,374,BASTAR,JAGDALPUR,-,-,Godavari,Godavari,Indravathi,-,-,Indravathi,19.10805556,82.02277778,13-02-2026 08:00,0
1937,Jagdalpur,CWC,22,Chhattisgarh,374,BASTAR,JAGDALPUR,-,-,Godavari,Godavari,Indravathi,-,-,Indravathi,19.10805556,82.02277778,14-02-2026 08:00,0
1938,Jagdalpur,CWC,22,Chhattisgarh,374,BASTAR,JAGDALPUR,-,-,Godavari,Godavari,Indravathi,-,-,Indravathi,19.10805556,82.02277778,15-02-2026 08:00,0
1939,Jagdalpur,CWC,22,Chhattisgarh,374,BASTAR,JAGDALPUR,-,-,Godavari,Godavari,Indravathi,-,-,Indravathi,19.10805556,82.02277778,16-02-2026 08:00,0
1940,Jagdalpur,CWC,22,Chhattisgarh,374,BASTAR,JAGDALPUR,-,-,Godavari,Godavari,Indravathi,-,-,Indravathi,19.10805556,82.02277778,17-02-2026 08:00,0
1941,Jagdalpur,CWC,22,Chhattisgarh,374,BASTAR,JAGDALPUR,-,-,Godavari,Godavari,Indravathi,-,-,Indravathi,19.10805556,82.02277778,18-02-2026 08:00,0
1942,Jagdalpur,CWC,22,Chhattisgarh,374,BASTAR,JAGDALPUR,-,-,Godavari,Godavari,Indravathi,-,-,Indravathi,19.10805556,82.02277778,19-02-2026 08:00,0
1943,Jagdalpur,CWC,22,Chhattisgarh,374,BASTAR,JAGDALPUR,-,-,Godavari,Godavari,Indravathi,-,-,Indravathi,19.10805556,82.02277778,20-02-2026 08:00,0
1944,Jagdalpur,CWC,22,Chhattisgarh,374,BASTAR,JAGDALPUR,-,-,Godavari,Godavari,Indravathi,-,-,Indravathi,19.10805556,82.02277778,21-02-2026 08:00,0
1945,Jagdalpur,CWC,22,Chhattisgarh,374,BASTAR,JAGDALPUR,-,-,Godavari,Godavari,Indravathi,-,-,Indravathi,19.10805556,82.02277778,22-02-2026 08:00,0
1946,Jagdalpur,CWC,22,Chhattisgarh,374,BASTAR,JAGDALPUR,-,-,Godavari,Godavari,Indravathi,-,-,Indravathi,19.10805556,82.02277778,23-02-2026 08:00,0
1947,Jagdalpur,CWC,22,Chhattisgarh,374,BASTAR,JAGDALPUR,-,-,Godavari,Godavari,Indravathi,-,-,Indravathi,19.10805556,82.02277778,24-02-2026 08:00,0
1948,Jagdalpur,CWC,22,Chhattisgarh,374,BASTAR,JAGDALPUR,-,-,Godavari,Godavari,Indravathi,-,-,Indravathi,19.10805556,82.02277778,25-02-2026 08:00,0
1949,Jagdalpur,CWC,22,Chhattisgarh,374,BASTAR,JAGDALPUR,-,-,Godavari,Godavari,Indravathi,-,-,Indravathi,19.10805556,82.02277778,26-02-2026 08:00,0
1950,Jagdalpur,CWC,22,Chhattisgarh,374,BASTAR,JAGDALPUR,-,-,Godavari,Godavari,Indravathi,-,-,Indravathi,19.10805556,82.02277778,27-02-2026 08:00,0
1951,Jagdalpur,CWC,22,Chhattisgarh,374,BASTAR,JAGDALPUR,-,-,Godavari,Godavari,Indravathi,-,-,Indravathi,19.10805556,82.02277778,28-02-2026 08:00,0
1952,Jagdalpur,CWC,22,Chhattisgarh,374,BASTAR,JAGDALPUR,-,-,Godavari,Godavari,Indravathi,-,-,Indravathi,19.10805556,82.02277778,01-03-2026 08:00,0
1953,Jagdalpur,CWC,22,Chhattisgarh,374,BASTAR,JAGDALPUR,-,-,Godavari,Godavari,Indravathi,-,-,Indravathi,19.10805556,82.02277778,02-03-2026 08:00,0
1954,Jagdalpur,CWC,22,Chhattisgarh,374,BASTAR,JAGDALPUR,-,-,Godavari,Godavari,Indravathi,-,-,Indravathi,19.10805556,82.02277778,03-03-2026 08:00,0
1955,Jagdalpur,CWC,22,Chhattisgarh,374,BASTAR,JAGDALPUR,-,-,Godavari,Godavari,Indravathi,-,-,Indravathi,19.10805556,82.02277778,04-03-2026 08:00,0
1956,Jagdalpur,CWC,22,Chhattisgarh,374,BASTAR,JAGDALPUR,-,-,Godavari,Godavari,Indravathi,-,-,Indravathi,19.10805556,82.02277778,05-03-2026 08:00,0
1957,Jagdalpur,CWC,22,Chhattisgarh,374,BASTAR,JAGDALPUR,-,-,Godavari,Godavari,Indravathi,-,-,Indravathi,19.10805556,82.02277778,06-03-2026 08:00,0
1958,Jagdalpur,CWC,22,Chhattisgarh,374,BASTAR,JAGDALPUR,-,-,Godavari,Godavari,Indravathi,-,-,Indravathi,19.10805556,82.02277778,07-03-2026 08:00,0
1959,Jagdalpur,CWC,22,Chhattisgarh,374,BASTAR,JAGDALPUR,-,-,Godavari,Godavari,Indravathi,-,-,Indravathi,19.10805556,82.02277778,08-03-2026 08:00,0
1960,Jagdalpur,CWC,22,Chhattisgarh,374,BASTAR,JAGDALPUR,-,-,Godavari,Godavari,Indravathi,-,-,Indravathi,19.10805556,82.02277778,09-03-2026 08:00,0
1961,Jagdalpur,CWC,22,Chhattisgarh,374,BASTAR,JAGDALPUR,-,-,Godavari,Godavari,Indravathi,-,-,Indravathi,19.10805556,82.02277778,10-03-2026 08:00,0
1962,Jagdalpur,CWC,22,Chhattisgarh,374,BASTAR,JAGDALPUR,-,-,Godavari,Godavari,Indravathi,-,-,Indravathi,19.10805556,82.02277778,11-03-2026 08:00,0
1963,Jagdalpur,CWC,22,Chhattisgarh,374,BASTAR,JAGDALPUR,-,-,Godavari,Godavari,Indravathi,-,-,Indravathi,19.10805556,82.02277778,12-03-2026 08:00,0
1964,Jagdalpur,CWC,22,Chhattisgarh,374,BASTAR,JAGDALPUR,-,-,Godavari,Godavari,Indravathi,-,-,Indravathi,19.10805556,82.02277778,13-03-2026 08:00,0
1965,Jagdalpur,CWC,22,Chhattisgarh,374,BASTAR,JAGDALPUR,-,-,Godavari,Godavari,Indravathi,-,-,Indravathi,19.10805556,82.02277778,14-03-2026 08:00,0
1966,Jagdalpur,CWC,22,Chhattisgarh,374,BASTAR,JAGDALPUR,-,-,Godavari,Godavari,Indravathi,-,-,Indravathi,19.10805556,82.02277778,15-03-2026 08:00,0
1967,Jagdalpur,CWC,22,Chhattisgarh,374,BASTAR,JAGDALPUR,-,-,Godavari,Godavari,Indravathi,-,-,Indravathi,19.10805556,82.02277778,16-03-2026 08:00,0
1968,Jagdalpur,CWC,22,Chhattisgarh,374,BASTAR,JAGDALPUR,-,-,Godavari,Godavari,Indravathi,-,-,Indravathi,19.10805556,82.02277778,17-03-2026 08:00,0
1969,Jagdalpur,CWC,22,Chhattisgarh,374,BASTAR,JAGDALPUR,-,-,Godavari,Godavari,Indravathi,-,-,Indravathi,19.10805556,82.02277778,18-03-2026 08:00,0
1970,Jagdalpur,CWC,22,Chhattisgarh,374,BASTAR,JAGDALPUR,-,-,Godavari,Godavari,Indravathi,-,-,Indravathi,19.10805556,82.02277778,19-03-2026 08:00,0
1971,Jagdalpur,CWC,22,Chhattisgarh,374,BASTAR,JAGDALPUR,-,-,Godavari,Godavari,Indravathi,-,-,Indravathi,19.10805556,82.02277778,20-03-2026 08:00,0
1972,Jagdalpur,CWC,22,Chhattisgarh,374,BASTAR,JAGDALPUR,-,-,Godavari,Godavari,Indravathi,-,-,Indravathi,19.10805556,82.02277778,21-03-2026 08:00,0
1973,Jagdalpur,CWC,22,Chhattisgarh,374,BASTAR,JAGDALPUR,-,-,Godavari,Godavari,Indravathi,-,-,Indravathi,19.10805556,82.02277778,22-03-2026 08:00,0
1974,Jagdalpur,CWC,22,Chhattisgarh,374,BASTAR,JAGDALPUR,-,-,Godavari,Godavari,Indravathi,-,-,Indravathi,19.10805556,82.02277778,23-03-2026 08:00,0
1975,Jagdalpur,CWC,22,Chhattisgarh,374,BASTAR,JAGDALPUR,-,-,Godavari,Godavari,Indravathi,-,-,Indravathi,19.10805556,82.02277778,24-03-2026 08:00,0
1976,Jagdalpur,CWC,22,Chhattisgarh,374,BASTAR,JAGDALPUR,-,-,Godavari,Godavari,Indravathi,-,-,Indravathi,19.10805556,82.02277778,25-03-2026 08:00,0
1977,Jagdalpur,CWC,22,Chhattisgarh,374,BASTAR,JAGDALPUR,-,-,Godavari,Godavari,Indravathi,-,-,Indravathi,19.10805556,82.02277778,26-03-2026 08:00,0
1978,Jagdalpur,CWC,22,Chhattisgarh,374,BASTAR,JAGDALPUR,-,-,Godavari,Godavari,Indravathi,-,-,Indravathi,19.10805556,82.02277778,27-03-2026 08:00,0
1979,Jagdalpur,CWC,22,Chhattisgarh,374,BASTAR,JAGDALPUR,-,-,Godavari,Godavari,Indravathi,-,-,Indravathi,19.10805556,82.02277778,28-03-2026 08:00,0
1980,Jagdalpur,CWC,22,Chhattisgarh,374,BASTAR,JAGDALPUR,-,-,Godavari,Godavari,Indravathi,-,-,Indravathi,19.10805556,82.02277778,29-03-2026 08:00,0
1981,Jagdalpur,CWC,22,Chhattisgarh,374,BASTAR,JAGDALPUR,-,-,Godavari,Godavari,Indravathi,-,-,Indravathi,19.10805556,82.02277778,30-03-2026 08:00,0
1982,Jagdalpur,CWC,22,Chhattisgarh,374,BASTAR,JAGDALPUR,-,-,Godavari,Godavari,Indravathi,-,-,Indravathi,19.10805556,82.02277778,31-03-2026 08:00,0
1983,Jagdalpur,CWC,22,Chhattisgarh,374,BASTAR,JAGDALPUR,-,-,Godavari,Godavari,Indravathi,-,-,Indravathi,19.10805556,82.02277778,01-04-2026 08:00,0
1984,Jagdalpur,CWC,22,Chhattisgarh,374,BASTAR,JAGDALPUR,-,-,Godavari,Godavari,Indravathi,-,-,Indravathi,19.10805556,82.02277778,02-04-2026 08:00,0
1985,Jagdalpur,CWC,22,Chhattisgarh,374,BASTAR,JAGDALPUR,-,-,Godavari,Godavari,Indravathi,-,-,Indravathi,19.10805556,82.02277778,03-04-2026 08:00,0
1986,Jagdalpur,CWC,22,Chhattisgarh,374,BASTAR,JAGDALPUR,-,-,Godavari,Godavari,Indravathi,-,-,Indravathi,19.10805556,82.02277778,04-04-2026 08:00,0
1987,Jagdalpur,CWC,22,Chhattisgarh,374,BASTAR,JAGDALPUR,-,-,Godavari,Godavari,Indravathi,-,-,Indravathi,19.10805556,82.02277778,05-04-2026 08:00,0
1988,Jagdalpur,CWC,22,Chhattisgarh,374,BASTAR,JAGDALPUR,-,-,Godavari,Godavari,Indravathi,-,-,Indravathi,19.10805556,82.02277778,06-04-2026 08:00,0
1989,Jagdalpur,CWC,22,Chhattisgarh,374,BASTAR,JAGDALPUR,-,-,Godavari,Godavari,Indravathi,-,-,Indravathi,19.10805556,82.02277778,07-04-2026 08:00,7.1
1990,Jagdalpur,CWC,22,Chhattisgarh,374,BASTAR,JAGDALPUR,-,-,Godavari,Godavari,Indravathi,-,-,Indravathi,19.10805556,82.02277778,08-04-2026 08:00,7.862
1991,Jagdalpur,CWC,22,Chhattisgarh,374,BASTAR,JAGDALPUR,-,-,Godavari,Godavari,Indravathi,-,-,Indravathi,19.10805556,82.02277778,10-04-2026 08:00,7.637
1992,Jagdalpur,CWC,22,Chhattisgarh,374,BASTAR,JAGDALPUR,-,-,Godavari,Godavari,Indravathi,-,-,Indravathi,19.10805556,82.02277778,11-04-2026 08:00,6
1993,Jagdalpur,CWC,22,Chhattisgarh,374,BASTAR,JAGDALPUR,-,-,Godavari,Godavari,Indravathi,-,-,Indravathi,19.10805556,82.02277778,12-04-2026 08:00,6
1994,Jagdalpur,CWC,22,Chhattisgarh,374,BASTAR,JAGDALPUR,-,-,Godavari,Godavari,Indravathi,-,-,Indravathi,19.10805556,82.02277778,13-04-2026 08:00,3.539
1995,Jagdalpur,CWC,22,Chhattisgarh,374,BASTAR,JAGDALPUR,-,-,Godavari,Godavari,Indravathi,-,-,Indravathi,19.10805556,82.02277778,16-04-2026 08:00,3.182
1996,Jagdalpur,CWC,22,Chhattisgarh,374,BASTAR,JAGDALPUR,-,-,Godavari,Godavari,Indravathi,-,-,Indravathi,19.10805556,82.02277778,16-04-2026 08:00,0
1997,Jagdalpur,CWC,22,Chhattisgarh,374,BASTAR,JAGDALPUR,-,-,Godavari,Godavari,Indravathi,-,-,Indravathi,19.10805556,82.02277778,17-04-2026 08:00,0
1998,Jagdalpur,CWC,22,Chhattisgarh,374,BASTAR,JAGDALPUR,-,-,Godavari,Godavari,Indravathi,-,-,Indravathi,19.10805556,82.02277778,18-04-2026 08:00,0
1999,Jagdalpur,CWC,22,Chhattisgarh,374,BASTAR,JAGDALPUR,-,-,Godavari,Godavari,Indravathi,-,-,Indravathi,19.10805556,82.02277778,19-04-2026 08:00,0
2000,Jagdalpur,CWC,22,Chhattisgarh,374,BASTAR,JAGDALPUR,-,-,Godavari,Godavari,Indravathi,-,-,Indravathi,19.10805556,82.02277778,20-04-2026 08:00,1.131
2001,Jagdalpur,CWC,22,Chhattisgarh,374,BASTAR,JAGDALPUR,-,-,Godavari,Godavari,Indravathi,-,-,Indravathi,19.10805556,82.02277778,21-04-2026 08:00,1.236
2002,Jagdalpur,CWC,22,Chhattisgarh,374,BASTAR,JAGDALPUR,-,-,Godavari,Godavari,Indravathi,-,-,Indravathi,19.10805556,82.02277778,22-04-2026 08:00,3.003
2003,Jagdalpur,CWC,22,Chhattisgarh,374,BASTAR,JAGDALPUR,-,-,Godavari,Godavari,Indravathi,-,-,Indravathi,19.10805556,82.02277778,23-04-2026 08:00,3.873
2004,Jagdalpur,CWC,22,Chhattisgarh,374,BASTAR,JAGDALPUR,-,-,Godavari,Godavari,Indravathi,-,-,Indravathi,19.10805556,82.02277778,24-04-2026 08:00,3.576
2005,Jagdalpur,CWC,22,Chhattisgarh,374,BASTAR,JAGDALPUR,-,-,Godavari,Godavari,Indravathi,-,-,Indravathi,19.10805556,82.02277778,25-04-2026 08:00,3.465
2006,Jagdalpur,CWC,22,Chhattisgarh,374,BASTAR,JAGDALPUR,-,-,Godavari,Godavari,Indravathi,-,-,Indravathi,19.10805556,82.02277778,26-04-2026 08:00,4
2007,Jagdalpur,CWC,22,Chhattisgarh,374,BASTAR,JAGDALPUR,-,-,Godavari,Godavari,Indravathi,-,-,Indravathi,19.10805556,82.02277778,27-04-2026 08:00,1.828
2008,Jagdalpur,CWC,22,Chhattisgarh,374,BASTAR,JAGDALPUR,-,-,Godavari,Godavari,Indravathi,-,-,Indravathi,19.10805556,82.02277778,28-04-2026 08:00,1.478
2009,Jagdalpur,CWC,22,Chhattisgarh,374,BASTAR,JAGDALPUR,-,-,Godavari,Godavari,Indravathi,-,-,Indravathi,19.10805556,82.02277778,29-04-2026 08:00,1.516
2010,Jagdalpur,CWC,22,Chhattisgarh,374,BASTAR,JAGDALPUR,-,-,Godavari,Godavari,Indravathi,-,-,Indravathi,19.10805556,82.02277778,30-04-2026 08:00,1.839
2011,Jagdalpur,CWC,22,Chhattisgarh,374,BASTAR,JAGDALPUR,-,-,Godavari,Godavari,Indravathi,-,-,Indravathi,19.10805556,82.02277778,01-05-2026 08:00,2
2012,Jagdalpur,CWC,22,Chhattisgarh,374,BASTAR,JAGDALPUR,-,-,Godavari,Godavari,Indravathi,-,-,Indravathi,19.10805556,82.02277778,02-05-2026 08:00,1.943
2013,Jagdalpur,CWC,22,Chhattisgarh,374,BASTAR,JAGDALPUR,-,-,Godavari,Godavari,Indravathi,-,-,Indravathi,19.10805556,82.02277778,04-05-2026 08:00,8.238
2014,Jagdalpur,CWC,22,Chhattisgarh,374,BASTAR,JAGDALPUR,-,-,Godavari,Godavari,Indravathi,-,-,Indravathi,19.10805556,82.02277778,05-05-2026 08:00,10
2015,Jagdalpur,CWC,22,Chhattisgarh,374,BASTAR,JAGDALPUR,-,-,Godavari,Godavari,Indravathi,-,-,Indravathi,19.10805556,82.02277778,06-05-2026 08:00,9.5
2016,Jagdalpur,CWC,22,Chhattisgarh,374,BASTAR,JAGDALPUR,-,-,Godavari,Godavari,Indravathi,-,-,Indravathi,19.10805556,82.02277778,07-05-2026 08:00,9
2017,Jagdalpur,CWC,22,Chhattisgarh,374,BASTAR,JAGDALPUR,-,-,Godavari,Godavari,Indravathi,-,-,Indravathi,19.10805556,82.02277778,08-05-2026 08:00,10
2018,Jagdalpur,CWC,22,Chhattisgarh,374,BASTAR,JAGDALPUR,-,-,Godavari,Godavari,Indravathi,-,-,Indravathi,19.10805556,82.02277778,09-05-2026 08:00,9.5
2019,Jagdalpur,CWC,22,Chhattisgarh,374,BASTAR,JAGDALPUR,-,-,Godavari,Godavari,Indravathi,-,-,Indravathi,19.10805556,82.02277778,10-05-2026 08:00,9.5
2020,Jagdalpur,CWC,22,Chhattisgarh,374,BASTAR,JAGDALPUR,-,-,Godavari,Godavari,Indravathi,-,-,Indravathi,19.10805556,82.02277778,14-05-2026 08:00,6.622
2021,Jagdalpur,CWC,22,Chhattisgarh,374,BASTAR,JAGDALPUR,-,-,Godavari,Godavari,Indravathi,-,-,Indravathi,19.10805556,82.02277778,15-05-2026 08:00,5.962
2022,Jagdalpur,CWC,22,Chhattisgarh,374,BASTAR,JAGDALPUR,-,-,Godavari,Godavari,Indravathi,-,-,Indravathi,19.10805556,82.02277778,16-05-2026 08:00,5.577762
2023,Jagdalpur,CWC,22,Chhattisgarh,374,BASTAR,JAGDALPUR,-,-,Godavari,Godavari,Indravathi,-,-,Indravathi,19.10805556,82.02277778,18-05-2026 08:00,9.091723
2024,Jagdalpur,CWC,22,Chhattisgarh,374,BASTAR,JAGDALPUR,-,-,Godavari,Godavari,Indravathi,-,-,Indravathi,19.10805556,82.02277778,20-05-2026 08:00,9.383376
2025,Jagdalpur,CWC,22,Chhattisgarh,374,BASTAR,JAGDALPUR,-,-,Godavari,Godavari,Indravathi,-,-,Indravathi,19.10805556,82.02277778,21-05-2026 08:00,8.225421
2026,Jagdalpur,CWC,22,Chhattisgarh,374,BASTAR,JAGDALPUR,-,-,Godavari,Godavari,Indravathi,-,-,Indravathi,19.10805556,82.02277778,23-05-2026 08:00,7.0412545
2027,Jagdalpur,CWC,22,Chhattisgarh,374,BASTAR,JAGDALPUR,-,-,Godavari,Godavari,Indravathi,-,-,Indravathi,19.10805556,82.02277778,25-05-2026 08:00,7.080405
2028,Jagdalpur,CWC,22,Chhattisgarh,374,BASTAR,JAGDALPUR,-,-,Godavari,Godavari,Indravathi,-,-,Indravathi,19.10805556,82.02277778,26-05-2026 08:00,3.7371898
2029,Jagdalpur,CWC,22,Chhattisgarh,374,BASTAR,JAGDALPUR,-,-,Godavari,Godavari,Indravathi,-,-,Indravathi,19.10805556,82.02277778,29-05-2026 08:00,7.418469
2030,Jagdalpur,CWC,22,Chhattisgarh,374,BASTAR,JAGDALPUR,-,-,Godavari,Godavari,Indravathi,-,-,Indravathi,19.10805556,82.02277778,30-05-2026 08:00,7.6407347
2031,Jagdalpur,CWC,22,Chhattisgarh,374,BASTAR,JAGDALPUR,-,-,Godavari,Godavari,Indravathi,-,-,Indravathi,19.10805556,82.02277778,01-06-2026 08:00,7.881
2032,Jagdalpur,CWC,22,Chhattisgarh,374,BASTAR,JAGDALPUR,-,-,Godavari,Godavari,Indravathi,-,-,Indravathi,19.10805556,82.02277778,02-06-2026 08:00,7.603
2033,Jagdalpur,CWC,22,Chhattisgarh,374,BASTAR,JAGDALPUR,-,-,Godavari,Godavari,Indravathi,-,-,Indravathi,19.10805556,82.02277778,03-06-2026 08:00,7.6527505
2034,Jagdalpur,CWC,22,Chhattisgarh,374,BASTAR,JAGDALPUR,-,-,Godavari,Godavari,Indravathi,-,-,Indravathi,19.10805556,82.02277778,04-06-2026 08:00,7.077
2035,Jagdalpur,CWC,22,Chhattisgarh,374,BASTAR,JAGDALPUR,-,-,Godavari,Godavari,Indravathi,-,-,Indravathi,19.10805556,82.02277778,05-06-2026 08:00,6.521
2036,Jagdalpur,CWC,22,Chhattisgarh,374,BASTAR,JAGDALPUR,-,-,Godavari,Godavari,Indravathi,-,-,Indravathi,19.10805556,82.02277778,06-06-2026 08:00,6.571
2037,Jagdalpur,CWC,22,Chhattisgarh,374,BASTAR,JAGDALPUR,-,-,Godavari,Godavari,Indravathi,-,-,Indravathi,19.10805556,82.02277778,07-06-2026 08:00,7
2038,Jagdalpur,CWC,22,Chhattisgarh,374,BASTAR,JAGDALPUR,-,-,Godavari,Godavari,Indravathi,-,-,Indravathi,19.10805556,82.02277778,08-06-2026 08:00,5.851
2039,Jagdalpur,CWC,22,Chhattisgarh,374,BASTAR,JAGDALPUR,-,-,Godavari,Godavari,Indravathi,-,-,Indravathi,19.10805556,82.02277778,09-06-2026 08:00,5.376
2040,Jagdalpur,CWC,22,Chhattisgarh,374,BASTAR,JAGDALPUR,-,-,Godavari,Godavari,Indravathi,-,-,Indravathi,19.10805556,82.02277778,10-06-2026 08:00,5.15
2041,Jagdalpur,CWC,22,Chhattisgarh,374,BASTAR,JAGDALPUR,-,-,Godavari,Godavari,Indravathi,-,-,Indravathi,19.10805556,82.02277778,11-06-2026 08:00,5.1788096
2042,Jagdalpur,CWC,22,Chhattisgarh,374,BASTAR,JAGDALPUR,-,-,Godavari,Godavari,Indravathi,-,-,Indravathi,19.10805556,82.02277778,12-06-2026 08:00,3.864
2043,Jagdalpur,CWC,22,Chhattisgarh,374,BASTAR,JAGDALPUR,-,-,Godavari,Godavari,Indravathi,-,-,Indravathi,19.10805556,82.02277778,13-06-2026 08:00,3.5
2044,Jagdalpur,CWC,22,Chhattisgarh,374,BASTAR,JAGDALPUR,-,-,Godavari,Godavari,Indravathi,-,-,Indravathi,19.10805556,82.02277778,14-06-2026 08:00,3.5
2045,Jagdalpur,CWC,22,Chhattisgarh,374,BASTAR,JAGDALPUR,-,-,Godavari,Godavari,Indravathi,-,-,Indravathi,19.10805556,82.02277778,15-06-2026 08:00,2.798
2046,Jagdalpur,CWC,22,Chhattisgarh,374,BASTAR,JAGDALPUR,-,-,Godavari,Godavari,Indravathi,-,-,Indravathi,19.10805556,82.02277778,16-06-2026 08:00,2.356
2047,Jagdalpur,CWC,22,Chhattisgarh,374,BASTAR,JAGDALPUR,-,-,Godavari,Godavari,Indravathi,-,-,Indravathi,19.10805556,82.02277778,17-06-2026 08:00,1.804
2048,Jagdalpur,CWC,22,Chhattisgarh,374,BASTAR,JAGDALPUR,-,-,Godavari,Godavari,Indravathi,-,-,Indravathi,19.10805556,82.02277778,18-06-2026 08:00,2.186
2049,Jagdalpur,CWC,22,Chhattisgarh,374,BASTAR,JAGDALPUR,-,-,Godavari,Godavari,Indravathi,-,-,Indravathi,19.10805556,82.02277778,19-06-2026 08:00,2.502
2050,Jagdalpur,CWC,22,Chhattisgarh,374,BASTAR,JAGDALPUR,-,-,Godavari,Godavari,Indravathi,-,-,Indravathi,19.10805556,82.02277778,20-06-2026 08:00,3.9
2051,Jagdalpur,CWC,22,Chhattisgarh,374,BASTAR,JAGDALPUR,-,-,Godavari,Godavari,Indravathi,-,-,Indravathi,19.10805556,82.02277778,21-06-2026 08:00,8
2052,Jagdalpur,CWC,22,Chhattisgarh,374,BASTAR,JAGDALPUR,-,-,Godavari,Godavari,Indravathi,-,-,Indravathi,19.10805556,82.02277778,22-06-2026 08:00,4.266
2053,Jagdalpur,CWC,22,Chhattisgarh,374,BASTAR,JAGDALPUR,-,-,Godavari,Godavari,Indravathi,-,-,Indravathi,19.10805556,82.02277778,23-06-2026 08:00,3.255
2054,Jagdalpur,CWC,22,Chhattisgarh,374,BASTAR,JAGDALPUR,-,-,Godavari,Godavari,Indravathi,-,-,Indravathi,19.10805556,82.02277778,24-06-2026 08:00,7.009
2055,Jagdalpur,CWC,22,Chhattisgarh,374,BASTAR,JAGDALPUR,-,-,Godavari,Godavari,Indravathi,-,-,Indravathi,19.10805556,82.02277778,25-06-2026 08:00,4.997
2056,Jagdalpur,CWC,22,Chhattisgarh,374,BASTAR,JAGDALPUR,-,-,Godavari,Godavari,Indravathi,-,-,Indravathi,19.10805556,82.02277778,26-06-2026 08:00,3.5
2057,Jagdalpur,CWC,22,Chhattisgarh,374,BASTAR,JAGDALPUR,-,-,Godavari,Godavari,Indravathi,-,-,Indravathi,19.10805556,82.02277778,27-06-2026 08:00,5.033
2058,Jagdalpur,CWC,22,Chhattisgarh,374,BASTAR,JAGDALPUR,-,-,Godavari,Godavari,Indravathi,-,-,Indravathi,19.10805556,82.02277778,28-06-2026 08:00,7
2059,Jagdalpur,CWC,22,Chhattisgarh,374,BASTAR,JAGDALPUR,-,-,Godavari,Godavari,Indravathi,-,-,Indravathi,19.10805556,82.02277778,29-06-2026 08:00,10.03
2060,Jagdalpur,CWC,22,Chhattisgarh,374,BASTAR,JAGDALPUR,-,-,Godavari,Godavari,Indravathi,-,-,Indravathi,19.10805556,82.02277778,30-06-2026 08:00,8.361
2061,Jondhra,CWC,22,Chhattisgarh,375,BILASPUR,MASTURI,-,-,Mahanadi,Mahanadi,Seonath,-,-,Seonath,21.71694444,82.33833333,15-01-2026 09:00,0
2062,Jondhra,CWC,22,Chhattisgarh,375,BILASPUR,MASTURI,-,-,Mahanadi,Mahanadi,Seonath,-,-,Seonath,21.71694444,82.33833333,16-01-2026 09:00,0
2063,Jondhra,CWC,22,Chhattisgarh,375,BILASPUR,MASTURI,-,-,Mahanadi,Mahanadi,Seonath,-,-,Seonath,21.71694444,82.33833333,17-01-2026 09:00,16.773
2064,Jondhra,CWC,22,Chhattisgarh,375,BILASPUR,MASTURI,-,-,Mahanadi,Mahanadi,Seonath,-,-,Seonath,21.71694444,82.33833333,18-01-2026 09:00,0
2065,Jondhra,CWC,22,Chhattisgarh,375,BILASPUR,MASTURI,-,-,Mahanadi,Mahanadi,Seonath,-,-,Seonath,21.71694444,82.33833333,19-01-2026 09:00,14.827
2066,Jondhra,CWC,22,Chhattisgarh,375,BILASPUR,MASTURI,-,-,Mahanadi,Mahanadi,Seonath,-,-,Seonath,21.71694444,82.33833333,21-01-2026 09:00,11.123
2067,Jondhra,CWC,22,Chhattisgarh,375,BILASPUR,MASTURI,-,-,Mahanadi,Mahanadi,Seonath,-,-,Seonath,21.71694444,82.33833333,22-01-2026 09:00,11.242
2068,Jondhra,CWC,22,Chhattisgarh,375,BILASPUR,MASTURI,-,-,Mahanadi,Mahanadi,Seonath,-,-,Seonath,21.71694444,82.33833333,23-01-2026 09:00,10.749
2069,Jondhra,CWC,22,Chhattisgarh,375,BILASPUR,MASTURI,-,-,Mahanadi,Mahanadi,Seonath,-,-,Seonath,21.71694444,82.33833333,24-01-2026 09:00,9.851
2070,Jondhra,CWC,22,Chhattisgarh,375,BILASPUR,MASTURI,-,-,Mahanadi,Mahanadi,Seonath,-,-,Seonath,21.71694444,82.33833333,27-01-2026 09:00,10.378
2071,Jondhra,CWC,22,Chhattisgarh,375,BILASPUR,MASTURI,-,-,Mahanadi,Mahanadi,Seonath,-,-,Seonath,21.71694444,82.33833333,28-01-2026 09:00,10.754
2072,Jondhra,CWC,22,Chhattisgarh,375,BILASPUR,MASTURI,-,-,Mahanadi,Mahanadi,Seonath,-,-,Seonath,21.71694444,82.33833333,29-01-2026 09:00,11.32
2073,Jondhra,CWC,22,Chhattisgarh,375,BILASPUR,MASTURI,-,-,Mahanadi,Mahanadi,Seonath,-,-,Seonath,21.71694444,82.33833333,30-01-2026 09:00,12.115
2074,Jondhra,CWC,22,Chhattisgarh,375,BILASPUR,MASTURI,-,-,Mahanadi,Mahanadi,Seonath,-,-,Seonath,21.71694444,82.33833333,31-01-2026 09:00,13.817
2075,Jondhra,CWC,22,Chhattisgarh,375,BILASPUR,MASTURI,-,-,Mahanadi,Mahanadi,Seonath,-,-,Seonath,21.71694444,82.33833333,01-02-2026 08:00,14.32
2076,Jondhra,CWC,22,Chhattisgarh,375,BILASPUR,MASTURI,-,-,Mahanadi,Mahanadi,Seonath,-,-,Seonath,21.71694444,82.33833333,02-02-2026 08:00,14.78
2077,Jondhra,CWC,22,Chhattisgarh,375,BILASPUR,MASTURI,-,-,Mahanadi,Mahanadi,Seonath,-,-,Seonath,21.71694444,82.33833333,02-02-2026 09:00,14.750969
2078,Jondhra,CWC,22,Chhattisgarh,375,BILASPUR,MASTURI,-,-,Mahanadi,Mahanadi,Seonath,-,-,Seonath,21.71694444,82.33833333,03-02-2026 08:00,5.39
2079,Jondhra,CWC,22,Chhattisgarh,375,BILASPUR,MASTURI,-,-,Mahanadi,Mahanadi,Seonath,-,-,Seonath,21.71694444,82.33833333,03-02-2026 09:00,5.3923464
2080,Jondhra,CWC,22,Chhattisgarh,375,BILASPUR,MASTURI,-,-,Mahanadi,Mahanadi,Seonath,-,-,Seonath,21.71694444,82.33833333,04-02-2026 08:00,7.25
2081,Jondhra,CWC,22,Chhattisgarh,375,BILASPUR,MASTURI,-,-,Mahanadi,Mahanadi,Seonath,-,-,Seonath,21.71694444,82.33833333,04-02-2026 09:00,7.24724
2082,Jondhra,CWC,22,Chhattisgarh,375,BILASPUR,MASTURI,-,-,Mahanadi,Mahanadi,Seonath,-,-,Seonath,21.71694444,82.33833333,05-02-2026 08:00,8.49
2083,Jondhra,CWC,22,Chhattisgarh,375,BILASPUR,MASTURI,-,-,Mahanadi,Mahanadi,Seonath,-,-,Seonath,21.71694444,82.33833333,05-02-2026 09:00,8.4848585
2084,Jondhra,CWC,22,Chhattisgarh,375,BILASPUR,MASTURI,-,-,Mahanadi,Mahanadi,Seonath,-,-,Seonath,21.71694444,82.33833333,06-02-2026 08:00,9.28
2085,Jondhra,CWC,22,Chhattisgarh,375,BILASPUR,MASTURI,-,-,Mahanadi,Mahanadi,Seonath,-,-,Seonath,21.71694444,82.33833333,06-02-2026 09:00,9.277615
2086,Jondhra,CWC,22,Chhattisgarh,375,BILASPUR,MASTURI,-,-,Mahanadi,Mahanadi,Seonath,-,-,Seonath,21.71694444,82.33833333,07-02-2026 08:00,6.37
2087,Jondhra,CWC,22,Chhattisgarh,375,BILASPUR,MASTURI,-,-,Mahanadi,Mahanadi,Seonath,-,-,Seonath,21.71694444,82.33833333,07-02-2026 09:00,6.3641915
2088,Jondhra,CWC,22,Chhattisgarh,375,BILASPUR,MASTURI,-,-,Mahanadi,Mahanadi,Seonath,-,-,Seonath,21.71694444,82.33833333,08-02-2026 08:00,6.15
2089,Jondhra,CWC,22,Chhattisgarh,375,BILASPUR,MASTURI,-,-,Mahanadi,Mahanadi,Seonath,-,-,Seonath,21.71694444,82.33833333,09-02-2026 08:00,5.93
2090,Jondhra,CWC,22,Chhattisgarh,375,BILASPUR,MASTURI,-,-,Mahanadi,Mahanadi,Seonath,-,-,Seonath,21.71694444,82.33833333,09-02-2026 09:00,5.9259953
2091,Jondhra,CWC,22,Chhattisgarh,375,BILASPUR,MASTURI,-,-,Mahanadi,Mahanadi,Seonath,-,-,Seonath,21.71694444,82.33833333,10-02-2026 08:00,6.81
2092,Jondhra,CWC,22,Chhattisgarh,375,BILASPUR,MASTURI,-,-,Mahanadi,Mahanadi,Seonath,-,-,Seonath,21.71694444,82.33833333,10-02-2026 09:00,6.802608
2093,Jondhra,CWC,22,Chhattisgarh,375,BILASPUR,MASTURI,-,-,Mahanadi,Mahanadi,Seonath,-,-,Seonath,21.71694444,82.33833333,11-02-2026 08:00,6.04
2094,Jondhra,CWC,22,Chhattisgarh,375,BILASPUR,MASTURI,-,-,Mahanadi,Mahanadi,Seonath,-,-,Seonath,21.71694444,82.33833333,11-02-2026 09:00,6.039937
2095,Jondhra,CWC,22,Chhattisgarh,375,BILASPUR,MASTURI,-,-,Mahanadi,Mahanadi,Seonath,-,-,Seonath,21.71694444,82.33833333,12-02-2026 08:00,5.38
2096,Jondhra,CWC,22,Chhattisgarh,375,BILASPUR,MASTURI,-,-,Mahanadi,Mahanadi,Seonath,-,-,Seonath,21.71694444,82.33833333,12-02-2026 09:00,5.458446
2097,Jondhra,CWC,22,Chhattisgarh,375,BILASPUR,MASTURI,-,-,Mahanadi,Mahanadi,Seonath,-,-,Seonath,21.71694444,82.33833333,13-02-2026 08:00,5.4
2098,Jondhra,CWC,22,Chhattisgarh,375,BILASPUR,MASTURI,-,-,Mahanadi,Mahanadi,Seonath,-,-,Seonath,21.71694444,82.33833333,13-02-2026 09:00,5.372692
2099,Jondhra,CWC,22,Chhattisgarh,375,BILASPUR,MASTURI,-,-,Mahanadi,Mahanadi,Seonath,-,-,Seonath,21.71694444,82.33833333,14-02-2026 08:00,6.62
2100,Jondhra,CWC,22,Chhattisgarh,375,BILASPUR,MASTURI,-,-,Mahanadi,Mahanadi,Seonath,-,-,Seonath,21.71694444,82.33833333,14-02-2026 09:00,6.6026263
2101,Jondhra,CWC,22,Chhattisgarh,375,BILASPUR,MASTURI,-,-,Mahanadi,Mahanadi,Seonath,-,-,Seonath,21.71694444,82.33833333,15-02-2026 08:00,5.56
2102,Jondhra,CWC,22,Chhattisgarh,375,BILASPUR,MASTURI,-,-,Mahanadi,Mahanadi,Seonath,-,-,Seonath,21.71694444,82.33833333,16-02-2026 08:00,4.49
2103,Jondhra,CWC,22,Chhattisgarh,375,BILASPUR,MASTURI,-,-,Mahanadi,Mahanadi,Seonath,-,-,Seonath,21.71694444,82.33833333,16-02-2026 09:00,4.485893
2104,Jondhra,CWC,22,Chhattisgarh,375,BILASPUR,MASTURI,-,-,Mahanadi,Mahanadi,Seonath,-,-,Seonath,21.71694444,82.33833333,17-02-2026 08:00,4.27
2105,Jondhra,CWC,22,Chhattisgarh,375,BILASPUR,MASTURI,-,-,Mahanadi,Mahanadi,Seonath,-,-,Seonath,21.71694444,82.33833333,17-02-2026 09:00,4.2705116
2106,Jondhra,CWC,22,Chhattisgarh,375,BILASPUR,MASTURI,-,-,Mahanadi,Mahanadi,Seonath,-,-,Seonath,21.71694444,82.33833333,18-02-2026 08:00,5.48
2107,Jondhra,CWC,22,Chhattisgarh,375,BILASPUR,MASTURI,-,-,Mahanadi,Mahanadi,Seonath,-,-,Seonath,21.71694444,82.33833333,18-02-2026 09:00,5.481555
2108,Jondhra,CWC,22,Chhattisgarh,375,BILASPUR,MASTURI,-,-,Mahanadi,Mahanadi,Seonath,-,-,Seonath,21.71694444,82.33833333,19-02-2026 08:00,6.3
2109,Jondhra,CWC,22,Chhattisgarh,375,BILASPUR,MASTURI,-,-,Mahanadi,Mahanadi,Seonath,-,-,Seonath,21.71694444,82.33833333,19-02-2026 09:00,6.3002834
2110,Jondhra,CWC,22,Chhattisgarh,375,BILASPUR,MASTURI,-,-,Mahanadi,Mahanadi,Seonath,-,-,Seonath,21.71694444,82.33833333,20-02-2026 08:00,5.26
2111,Jondhra,CWC,22,Chhattisgarh,375,BILASPUR,MASTURI,-,-,Mahanadi,Mahanadi,Seonath,-,-,Seonath,21.71694444,82.33833333,20-02-2026 09:00,5.2628045
2112,Jondhra,CWC,22,Chhattisgarh,375,BILASPUR,MASTURI,-,-,Mahanadi,Mahanadi,Seonath,-,-,Seonath,21.71694444,82.33833333,21-02-2026 08:00,1.37
2113,Jondhra,CWC,22,Chhattisgarh,375,BILASPUR,MASTURI,-,-,Mahanadi,Mahanadi,Seonath,-,-,Seonath,21.71694444,82.33833333,21-02-2026 09:00,1.364933
2114,Jondhra,CWC,22,Chhattisgarh,375,BILASPUR,MASTURI,-,-,Mahanadi,Mahanadi,Seonath,-,-,Seonath,21.71694444,82.33833333,22-02-2026 08:00,1.56
2115,Jondhra,CWC,22,Chhattisgarh,375,BILASPUR,MASTURI,-,-,Mahanadi,Mahanadi,Seonath,-,-,Seonath,21.71694444,82.33833333,23-02-2026 08:00,1.74
2116,Jondhra,CWC,22,Chhattisgarh,375,BILASPUR,MASTURI,-,-,Mahanadi,Mahanadi,Seonath,-,-,Seonath,21.71694444,82.33833333,23-02-2026 09:00,1.742621
2117,Jondhra,CWC,22,Chhattisgarh,375,BILASPUR,MASTURI,-,-,Mahanadi,Mahanadi,Seonath,-,-,Seonath,21.71694444,82.33833333,24-02-2026 08:00,2.39
2118,Jondhra,CWC,22,Chhattisgarh,375,BILASPUR,MASTURI,-,-,Mahanadi,Mahanadi,Seonath,-,-,Seonath,21.71694444,82.33833333,25-02-2026 08:00,1.4
2119,Jondhra,CWC,22,Chhattisgarh,375,BILASPUR,MASTURI,-,-,Mahanadi,Mahanadi,Seonath,-,-,Seonath,21.71694444,82.33833333,26-02-2026 08:00,1.46
2120,Jondhra,CWC,22,Chhattisgarh,375,BILASPUR,MASTURI,-,-,Mahanadi,Mahanadi,Seonath,-,-,Seonath,21.71694444,82.33833333,27-02-2026 08:00,0
2121,Jondhra,CWC,22,Chhattisgarh,375,BILASPUR,MASTURI,-,-,Mahanadi,Mahanadi,Seonath,-,-,Seonath,21.71694444,82.33833333,28-02-2026 08:00,0
2122,Jondhra,CWC,22,Chhattisgarh,375,BILASPUR,MASTURI,-,-,Mahanadi,Mahanadi,Seonath,-,-,Seonath,21.71694444,82.33833333,01-03-2026 08:00,0
2123,Jondhra,CWC,22,Chhattisgarh,375,BILASPUR,MASTURI,-,-,Mahanadi,Mahanadi,Seonath,-,-,Seonath,21.71694444,82.33833333,01-03-2026 08:00,0
2124,Jondhra,CWC,22,Chhattisgarh,375,BILASPUR,MASTURI,-,-,Mahanadi,Mahanadi,Seonath,-,-,Seonath,21.71694444,82.33833333,02-03-2026 08:00,0
2125,Jondhra,CWC,22,Chhattisgarh,375,BILASPUR,MASTURI,-,-,Mahanadi,Mahanadi,Seonath,-,-,Seonath,21.71694444,82.33833333,02-03-2026 08:00,0
2126,Jondhra,CWC,22,Chhattisgarh,375,BILASPUR,MASTURI,-,-,Mahanadi,Mahanadi,Seonath,-,-,Seonath,21.71694444,82.33833333,03-03-2026 08:00,0
2127,Jondhra,CWC,22,Chhattisgarh,375,BILASPUR,MASTURI,-,-,Mahanadi,Mahanadi,Seonath,-,-,Seonath,21.71694444,82.33833333,03-03-2026 08:00,0
2128,Jondhra,CWC,22,Chhattisgarh,375,BILASPUR,MASTURI,-,-,Mahanadi,Mahanadi,Seonath,-,-,Seonath,21.71694444,82.33833333,04-03-2026 08:00,0
2129,Jondhra,CWC,22,Chhattisgarh,375,BILASPUR,MASTURI,-,-,Mahanadi,Mahanadi,Seonath,-,-,Seonath,21.71694444,82.33833333,04-03-2026 08:00,0
2130,Jondhra,CWC,22,Chhattisgarh,375,BILASPUR,MASTURI,-,-,Mahanadi,Mahanadi,Seonath,-,-,Seonath,21.71694444,82.33833333,05-03-2026 08:00,0
2131,Jondhra,CWC,22,Chhattisgarh,375,BILASPUR,MASTURI,-,-,Mahanadi,Mahanadi,Seonath,-,-,Seonath,21.71694444,82.33833333,05-03-2026 08:00,0
2132,Jondhra,CWC,22,Chhattisgarh,375,BILASPUR,MASTURI,-,-,Mahanadi,Mahanadi,Seonath,-,-,Seonath,21.71694444,82.33833333,06-03-2026 08:00,0
2133,Jondhra,CWC,22,Chhattisgarh,375,BILASPUR,MASTURI,-,-,Mahanadi,Mahanadi,Seonath,-,-,Seonath,21.71694444,82.33833333,06-03-2026 08:00,0
2134,Jondhra,CWC,22,Chhattisgarh,375,BILASPUR,MASTURI,-,-,Mahanadi,Mahanadi,Seonath,-,-,Seonath,21.71694444,82.33833333,07-03-2026 08:00,0
2135,Jondhra,CWC,22,Chhattisgarh,375,BILASPUR,MASTURI,-,-,Mahanadi,Mahanadi,Seonath,-,-,Seonath,21.71694444,82.33833333,07-03-2026 08:00,0
2136,Jondhra,CWC,22,Chhattisgarh,375,BILASPUR,MASTURI,-,-,Mahanadi,Mahanadi,Seonath,-,-,Seonath,21.71694444,82.33833333,08-03-2026 08:00,0
2137,Jondhra,CWC,22,Chhattisgarh,375,BILASPUR,MASTURI,-,-,Mahanadi,Mahanadi,Seonath,-,-,Seonath,21.71694444,82.33833333,08-03-2026 08:00,0
2138,Jondhra,CWC,22,Chhattisgarh,375,BILASPUR,MASTURI,-,-,Mahanadi,Mahanadi,Seonath,-,-,Seonath,21.71694444,82.33833333,09-03-2026 08:00,0
2139,Jondhra,CWC,22,Chhattisgarh,375,BILASPUR,MASTURI,-,-,Mahanadi,Mahanadi,Seonath,-,-,Seonath,21.71694444,82.33833333,09-03-2026 08:00,0
2140,Jondhra,CWC,22,Chhattisgarh,375,BILASPUR,MASTURI,-,-,Mahanadi,Mahanadi,Seonath,-,-,Seonath,21.71694444,82.33833333,10-03-2026 08:00,0
2141,Jondhra,CWC,22,Chhattisgarh,375,BILASPUR,MASTURI,-,-,Mahanadi,Mahanadi,Seonath,-,-,Seonath,21.71694444,82.33833333,10-03-2026 08:00,0
2142,Jondhra,CWC,22,Chhattisgarh,375,BILASPUR,MASTURI,-,-,Mahanadi,Mahanadi,Seonath,-,-,Seonath,21.71694444,82.33833333,11-03-2026 08:00,0
2143,Jondhra,CWC,22,Chhattisgarh,375,BILASPUR,MASTURI,-,-,Mahanadi,Mahanadi,Seonath,-,-,Seonath,21.71694444,82.33833333,11-03-2026 08:00,0
2144,Jondhra,CWC,22,Chhattisgarh,375,BILASPUR,MASTURI,-,-,Mahanadi,Mahanadi,Seonath,-,-,Seonath,21.71694444,82.33833333,12-03-2026 08:00,0
2145,Jondhra,CWC,22,Chhattisgarh,375,BILASPUR,MASTURI,-,-,Mahanadi,Mahanadi,Seonath,-,-,Seonath,21.71694444,82.33833333,12-03-2026 08:00,0
2146,Jondhra,CWC,22,Chhattisgarh,375,BILASPUR,MASTURI,-,-,Mahanadi,Mahanadi,Seonath,-,-,Seonath,21.71694444,82.33833333,13-03-2026 08:00,0
2147,Jondhra,CWC,22,Chhattisgarh,375,BILASPUR,MASTURI,-,-,Mahanadi,Mahanadi,Seonath,-,-,Seonath,21.71694444,82.33833333,13-03-2026 08:00,0
2148,Jondhra,CWC,22,Chhattisgarh,375,BILASPUR,MASTURI,-,-,Mahanadi,Mahanadi,Seonath,-,-,Seonath,21.71694444,82.33833333,14-03-2026 08:00,0
2149,Jondhra,CWC,22,Chhattisgarh,375,BILASPUR,MASTURI,-,-,Mahanadi,Mahanadi,Seonath,-,-,Seonath,21.71694444,82.33833333,14-03-2026 08:00,0
2150,Jondhra,CWC,22,Chhattisgarh,375,BILASPUR,MASTURI,-,-,Mahanadi,Mahanadi,Seonath,-,-,Seonath,21.71694444,82.33833333,15-03-2026 08:00,0
2151,Jondhra,CWC,22,Chhattisgarh,375,BILASPUR,MASTURI,-,-,Mahanadi,Mahanadi,Seonath,-,-,Seonath,21.71694444,82.33833333,15-03-2026 08:00,0
2152,Jondhra,CWC,22,Chhattisgarh,375,BILASPUR,MASTURI,-,-,Mahanadi,Mahanadi,Seonath,-,-,Seonath,21.71694444,82.33833333,16-03-2026 08:00,0
2153,Jondhra,CWC,22,Chhattisgarh,375,BILASPUR,MASTURI,-,-,Mahanadi,Mahanadi,Seonath,-,-,Seonath,21.71694444,82.33833333,16-03-2026 08:00,0
2154,Jondhra,CWC,22,Chhattisgarh,375,BILASPUR,MASTURI,-,-,Mahanadi,Mahanadi,Seonath,-,-,Seonath,21.71694444,82.33833333,17-03-2026 08:00,0
2155,Jondhra,CWC,22,Chhattisgarh,375,BILASPUR,MASTURI,-,-,Mahanadi,Mahanadi,Seonath,-,-,Seonath,21.71694444,82.33833333,17-03-2026 08:00,0
2156,Jondhra,CWC,22,Chhattisgarh,375,BILASPUR,MASTURI,-,-,Mahanadi,Mahanadi,Seonath,-,-,Seonath,21.71694444,82.33833333,18-03-2026 08:00,0
2157,Jondhra,CWC,22,Chhattisgarh,375,BILASPUR,MASTURI,-,-,Mahanadi,Mahanadi,Seonath,-,-,Seonath,21.71694444,82.33833333,18-03-2026 08:00,0
2158,Jondhra,CWC,22,Chhattisgarh,375,BILASPUR,MASTURI,-,-,Mahanadi,Mahanadi,Seonath,-,-,Seonath,21.71694444,82.33833333,19-03-2026 08:00,0
2159,Jondhra,CWC,22,Chhattisgarh,375,BILASPUR,MASTURI,-,-,Mahanadi,Mahanadi,Seonath,-,-,Seonath,21.71694444,82.33833333,19-03-2026 08:00,0
2160,Jondhra,CWC,22,Chhattisgarh,375,BILASPUR,MASTURI,-,-,Mahanadi,Mahanadi,Seonath,-,-,Seonath,21.71694444,82.33833333,20-03-2026 08:00,0
2161,Jondhra,CWC,22,Chhattisgarh,375,BILASPUR,MASTURI,-,-,Mahanadi,Mahanadi,Seonath,-,-,Seonath,21.71694444,82.33833333,20-03-2026 08:00,0
2162,Jondhra,CWC,22,Chhattisgarh,375,BILASPUR,MASTURI,-,-,Mahanadi,Mahanadi,Seonath,-,-,Seonath,21.71694444,82.33833333,21-03-2026 08:00,0
2163,Jondhra,CWC,22,Chhattisgarh,375,BILASPUR,MASTURI,-,-,Mahanadi,Mahanadi,Seonath,-,-,Seonath,21.71694444,82.33833333,21-03-2026 08:00,0
2164,Jondhra,CWC,22,Chhattisgarh,375,BILASPUR,MASTURI,-,-,Mahanadi,Mahanadi,Seonath,-,-,Seonath,21.71694444,82.33833333,22-03-2026 08:00,0
2165,Jondhra,CWC,22,Chhattisgarh,375,BILASPUR,MASTURI,-,-,Mahanadi,Mahanadi,Seonath,-,-,Seonath,21.71694444,82.33833333,22-03-2026 08:00,0
2166,Jondhra,CWC,22,Chhattisgarh,375,BILASPUR,MASTURI,-,-,Mahanadi,Mahanadi,Seonath,-,-,Seonath,21.71694444,82.33833333,22-03-2026 09:00,11.242165
2167,Jondhra,CWC,22,Chhattisgarh,375,BILASPUR,MASTURI,-,-,Mahanadi,Mahanadi,Seonath,-,-,Seonath,21.71694444,82.33833333,23-03-2026 08:00,0
2168,Jondhra,CWC,22,Chhattisgarh,375,BILASPUR,MASTURI,-,-,Mahanadi,Mahanadi,Seonath,-,-,Seonath,21.71694444,82.33833333,23-03-2026 08:00,0
2169,Jondhra,CWC,22,Chhattisgarh,375,BILASPUR,MASTURI,-,-,Mahanadi,Mahanadi,Seonath,-,-,Seonath,21.71694444,82.33833333,24-03-2026 08:00,0
2170,Jondhra,CWC,22,Chhattisgarh,375,BILASPUR,MASTURI,-,-,Mahanadi,Mahanadi,Seonath,-,-,Seonath,21.71694444,82.33833333,24-03-2026 08:00,0
2171,Jondhra,CWC,22,Chhattisgarh,375,BILASPUR,MASTURI,-,-,Mahanadi,Mahanadi,Seonath,-,-,Seonath,21.71694444,82.33833333,25-03-2026 08:00,0
2172,Jondhra,CWC,22,Chhattisgarh,375,BILASPUR,MASTURI,-,-,Mahanadi,Mahanadi,Seonath,-,-,Seonath,21.71694444,82.33833333,25-03-2026 08:00,0
2173,Jondhra,CWC,22,Chhattisgarh,375,BILASPUR,MASTURI,-,-,Mahanadi,Mahanadi,Seonath,-,-,Seonath,21.71694444,82.33833333,26-03-2026 08:00,0
2174,Jondhra,CWC,22,Chhattisgarh,375,BILASPUR,MASTURI,-,-,Mahanadi,Mahanadi,Seonath,-,-,Seonath,21.71694444,82.33833333,26-03-2026 08:00,0
2175,Jondhra,CWC,22,Chhattisgarh,375,BILASPUR,MASTURI,-,-,Mahanadi,Mahanadi,Seonath,-,-,Seonath,21.71694444,82.33833333,27-03-2026 08:00,0
2176,Jondhra,CWC,22,Chhattisgarh,375,BILASPUR,MASTURI,-,-,Mahanadi,Mahanadi,Seonath,-,-,Seonath,21.71694444,82.33833333,27-03-2026 08:00,0
2177,Jondhra,CWC,22,Chhattisgarh,375,BILASPUR,MASTURI,-,-,Mahanadi,Mahanadi,Seonath,-,-,Seonath,21.71694444,82.33833333,28-03-2026 08:00,0
2178,Jondhra,CWC,22,Chhattisgarh,375,BILASPUR,MASTURI,-,-,Mahanadi,Mahanadi,Seonath,-,-,Seonath,21.71694444,82.33833333,28-03-2026 08:00,0
2179,Jondhra,CWC,22,Chhattisgarh,375,BILASPUR,MASTURI,-,-,Mahanadi,Mahanadi,Seonath,-,-,Seonath,21.71694444,82.33833333,29-03-2026 08:00,0
2180,Jondhra,CWC,22,Chhattisgarh,375,BILASPUR,MASTURI,-,-,Mahanadi,Mahanadi,Seonath,-,-,Seonath,21.71694444,82.33833333,29-03-2026 08:00,0
2181,Jondhra,CWC,22,Chhattisgarh,375,BILASPUR,MASTURI,-,-,Mahanadi,Mahanadi,Seonath,-,-,Seonath,21.71694444,82.33833333,30-03-2026 08:00,0
2182,Jondhra,CWC,22,Chhattisgarh,375,BILASPUR,MASTURI,-,-,Mahanadi,Mahanadi,Seonath,-,-,Seonath,21.71694444,82.33833333,30-03-2026 08:00,0
2183,Jondhra,CWC,22,Chhattisgarh,375,BILASPUR,MASTURI,-,-,Mahanadi,Mahanadi,Seonath,-,-,Seonath,21.71694444,82.33833333,31-03-2026 08:00,0
2184,Jondhra,CWC,22,Chhattisgarh,375,BILASPUR,MASTURI,-,-,Mahanadi,Mahanadi,Seonath,-,-,Seonath,21.71694444,82.33833333,31-03-2026 08:00,0
2185,Jondhra,CWC,22,Chhattisgarh,375,BILASPUR,MASTURI,-,-,Mahanadi,Mahanadi,Seonath,-,-,Seonath,21.71694444,82.33833333,01-04-2026 08:00,0
2186,Jondhra,CWC,22,Chhattisgarh,375,BILASPUR,MASTURI,-,-,Mahanadi,Mahanadi,Seonath,-,-,Seonath,21.71694444,82.33833333,02-04-2026 08:00,0
2187,Jondhra,CWC,22,Chhattisgarh,375,BILASPUR,MASTURI,-,-,Mahanadi,Mahanadi,Seonath,-,-,Seonath,21.71694444,82.33833333,03-04-2026 08:00,4.486
2188,Jondhra,CWC,22,Chhattisgarh,375,BILASPUR,MASTURI,-,-,Mahanadi,Mahanadi,Seonath,-,-,Seonath,21.71694444,82.33833333,04-04-2026 08:00,4.499
2189,Jondhra,CWC,22,Chhattisgarh,375,BILASPUR,MASTURI,-,-,Mahanadi,Mahanadi,Seonath,-,-,Seonath,21.71694444,82.33833333,05-04-2026 08:00,4.39
2190,Jondhra,CWC,22,Chhattisgarh,375,BILASPUR,MASTURI,-,-,Mahanadi,Mahanadi,Seonath,-,-,Seonath,21.71694444,82.33833333,05-04-2026 08:00,4.39
2191,Jondhra,CWC,22,Chhattisgarh,375,BILASPUR,MASTURI,-,-,Mahanadi,Mahanadi,Seonath,-,-,Seonath,21.71694444,82.33833333,06-04-2026 08:00,4.271
2192,Jondhra,CWC,22,Chhattisgarh,375,BILASPUR,MASTURI,-,-,Mahanadi,Mahanadi,Seonath,-,-,Seonath,21.71694444,82.33833333,07-04-2026 08:00,4.14
2193,Jondhra,CWC,22,Chhattisgarh,375,BILASPUR,MASTURI,-,-,Mahanadi,Mahanadi,Seonath,-,-,Seonath,21.71694444,82.33833333,08-04-2026 08:00,3.814
2194,Jondhra,CWC,22,Chhattisgarh,375,BILASPUR,MASTURI,-,-,Mahanadi,Mahanadi,Seonath,-,-,Seonath,21.71694444,82.33833333,09-04-2026 08:00,3.664
2195,Jondhra,CWC,22,Chhattisgarh,375,BILASPUR,MASTURI,-,-,Mahanadi,Mahanadi,Seonath,-,-,Seonath,21.71694444,82.33833333,10-04-2026 08:00,4.17
2196,Jondhra,CWC,22,Chhattisgarh,375,BILASPUR,MASTURI,-,-,Mahanadi,Mahanadi,Seonath,-,-,Seonath,21.71694444,82.33833333,11-04-2026 08:00,4.6
2197,Jondhra,CWC,22,Chhattisgarh,375,BILASPUR,MASTURI,-,-,Mahanadi,Mahanadi,Seonath,-,-,Seonath,21.71694444,82.33833333,12-04-2026 08:00,4.36
2198,Jondhra,CWC,22,Chhattisgarh,375,BILASPUR,MASTURI,-,-,Mahanadi,Mahanadi,Seonath,-,-,Seonath,21.71694444,82.33833333,12-04-2026 08:00,4.36
2199,Jondhra,CWC,22,Chhattisgarh,375,BILASPUR,MASTURI,-,-,Mahanadi,Mahanadi,Seonath,-,-,Seonath,21.71694444,82.33833333,13-04-2026 08:00,4.15
2200,Jondhra,CWC,22,Chhattisgarh,375,BILASPUR,MASTURI,-,-,Mahanadi,Mahanadi,Seonath,-,-,Seonath,21.71694444,82.33833333,14-04-2026 08:00,3.95
2201,Jondhra,CWC,22,Chhattisgarh,375,BILASPUR,MASTURI,-,-,Mahanadi,Mahanadi,Seonath,-,-,Seonath,21.71694444,82.33833333,14-04-2026 08:00,3.95
2202,Jondhra,CWC,22,Chhattisgarh,375,BILASPUR,MASTURI,-,-,Mahanadi,Mahanadi,Seonath,-,-,Seonath,21.71694444,82.33833333,15-04-2026 08:00,3.782
2203,Jondhra,CWC,22,Chhattisgarh,375,BILASPUR,MASTURI,-,-,Mahanadi,Mahanadi,Seonath,-,-,Seonath,21.71694444,82.33833333,16-04-2026 08:00,4.414
2204,Jondhra,CWC,22,Chhattisgarh,375,BILASPUR,MASTURI,-,-,Mahanadi,Mahanadi,Seonath,-,-,Seonath,21.71694444,82.33833333,17-04-2026 09:00,4.481
2205,Jondhra,CWC,22,Chhattisgarh,375,BILASPUR,MASTURI,-,-,Mahanadi,Mahanadi,Seonath,-,-,Seonath,21.71694444,82.33833333,18-04-2026 08:00,3.776
2206,Jondhra,CWC,22,Chhattisgarh,375,BILASPUR,MASTURI,-,-,Mahanadi,Mahanadi,Seonath,-,-,Seonath,21.71694444,82.33833333,19-04-2026 08:00,3.63
2207,Jondhra,CWC,22,Chhattisgarh,375,BILASPUR,MASTURI,-,-,Mahanadi,Mahanadi,Seonath,-,-,Seonath,21.71694444,82.33833333,19-04-2026 08:00,3.63
2208,Jondhra,CWC,22,Chhattisgarh,375,BILASPUR,MASTURI,-,-,Mahanadi,Mahanadi,Seonath,-,-,Seonath,21.71694444,82.33833333,20-04-2026 08:00,3.482
2209,Jondhra,CWC,22,Chhattisgarh,375,BILASPUR,MASTURI,-,-,Mahanadi,Mahanadi,Seonath,-,-,Seonath,21.71694444,82.33833333,21-04-2026 08:00,3.664
2210,Jondhra,CWC,22,Chhattisgarh,375,BILASPUR,MASTURI,-,-,Mahanadi,Mahanadi,Seonath,-,-,Seonath,21.71694444,82.33833333,22-04-2026 08:00,3.955
2211,Jondhra,CWC,22,Chhattisgarh,375,BILASPUR,MASTURI,-,-,Mahanadi,Mahanadi,Seonath,-,-,Seonath,21.71694444,82.33833333,23-04-2026 08:00,3.537
2212,Jondhra,CWC,22,Chhattisgarh,375,BILASPUR,MASTURI,-,-,Mahanadi,Mahanadi,Seonath,-,-,Seonath,21.71694444,82.33833333,24-04-2026 08:00,3.119
2213,Jondhra,CWC,22,Chhattisgarh,375,BILASPUR,MASTURI,-,-,Mahanadi,Mahanadi,Seonath,-,-,Seonath,21.71694444,82.33833333,25-04-2026 08:00,2.556
2214,Jondhra,CWC,22,Chhattisgarh,375,BILASPUR,MASTURI,-,-,Mahanadi,Mahanadi,Seonath,-,-,Seonath,21.71694444,82.33833333,26-04-2026 08:00,2.73
2215,Jondhra,CWC,22,Chhattisgarh,375,BILASPUR,MASTURI,-,-,Mahanadi,Mahanadi,Seonath,-,-,Seonath,21.71694444,82.33833333,26-04-2026 08:00,2.73
2216,Jondhra,CWC,22,Chhattisgarh,375,BILASPUR,MASTURI,-,-,Mahanadi,Mahanadi,Seonath,-,-,Seonath,21.71694444,82.33833333,27-04-2026 08:00,2.894
2217,Jondhra,CWC,22,Chhattisgarh,375,BILASPUR,MASTURI,-,-,Mahanadi,Mahanadi,Seonath,-,-,Seonath,21.71694444,82.33833333,28-04-2026 08:00,3.193
2218,Jondhra,CWC,22,Chhattisgarh,375,BILASPUR,MASTURI,-,-,Mahanadi,Mahanadi,Seonath,-,-,Seonath,21.71694444,82.33833333,29-04-2026 08:00,3.354
2219,Jondhra,CWC,22,Chhattisgarh,375,BILASPUR,MASTURI,-,-,Mahanadi,Mahanadi,Seonath,-,-,Seonath,21.71694444,82.33833333,30-04-2026 08:00,3.537
2220,Jondhra,CWC,22,Chhattisgarh,375,BILASPUR,MASTURI,-,-,Mahanadi,Mahanadi,Seonath,-,-,Seonath,21.71694444,82.33833333,01-05-2026 08:00,0
2221,Jondhra,CWC,22,Chhattisgarh,375,BILASPUR,MASTURI,-,-,Mahanadi,Mahanadi,Seonath,-,-,Seonath,21.71694444,82.33833333,01-05-2026 08:00,0
2222,Jondhra,CWC,22,Chhattisgarh,375,BILASPUR,MASTURI,-,-,Mahanadi,Mahanadi,Seonath,-,-,Seonath,21.71694444,82.33833333,02-05-2026 08:00,0
2223,Jondhra,CWC,22,Chhattisgarh,375,BILASPUR,MASTURI,-,-,Mahanadi,Mahanadi,Seonath,-,-,Seonath,21.71694444,82.33833333,02-05-2026 08:00,0
2224,Jondhra,CWC,22,Chhattisgarh,375,BILASPUR,MASTURI,-,-,Mahanadi,Mahanadi,Seonath,-,-,Seonath,21.71694444,82.33833333,03-05-2026 08:00,0
2225,Jondhra,CWC,22,Chhattisgarh,375,BILASPUR,MASTURI,-,-,Mahanadi,Mahanadi,Seonath,-,-,Seonath,21.71694444,82.33833333,03-05-2026 08:00,0
2226,Jondhra,CWC,22,Chhattisgarh,375,BILASPUR,MASTURI,-,-,Mahanadi,Mahanadi,Seonath,-,-,Seonath,21.71694444,82.33833333,04-05-2026 08:00,0
2227,Jondhra,CWC,22,Chhattisgarh,375,BILASPUR,MASTURI,-,-,Mahanadi,Mahanadi,Seonath,-,-,Seonath,21.71694444,82.33833333,04-05-2026 08:00,0
2228,Jondhra,CWC,22,Chhattisgarh,375,BILASPUR,MASTURI,-,-,Mahanadi,Mahanadi,Seonath,-,-,Seonath,21.71694444,82.33833333,05-05-2026 08:00,0
2229,Jondhra,CWC,22,Chhattisgarh,375,BILASPUR,MASTURI,-,-,Mahanadi,Mahanadi,Seonath,-,-,Seonath,21.71694444,82.33833333,05-05-2026 08:00,0
2230,Jondhra,CWC,22,Chhattisgarh,375,BILASPUR,MASTURI,-,-,Mahanadi,Mahanadi,Seonath,-,-,Seonath,21.71694444,82.33833333,06-05-2026 08:00,0
2231,Jondhra,CWC,22,Chhattisgarh,375,BILASPUR,MASTURI,-,-,Mahanadi,Mahanadi,Seonath,-,-,Seonath,21.71694444,82.33833333,06-05-2026 08:00,0
2232,Jondhra,CWC,22,Chhattisgarh,375,BILASPUR,MASTURI,-,-,Mahanadi,Mahanadi,Seonath,-,-,Seonath,21.71694444,82.33833333,07-05-2026 08:00,0
2233,Jondhra,CWC,22,Chhattisgarh,375,BILASPUR,MASTURI,-,-,Mahanadi,Mahanadi,Seonath,-,-,Seonath,21.71694444,82.33833333,07-05-2026 08:00,0
2234,Jondhra,CWC,22,Chhattisgarh,375,BILASPUR,MASTURI,-,-,Mahanadi,Mahanadi,Seonath,-,-,Seonath,21.71694444,82.33833333,08-05-2026 08:00,0
2235,Jondhra,CWC,22,Chhattisgarh,375,BILASPUR,MASTURI,-,-,Mahanadi,Mahanadi,Seonath,-,-,Seonath,21.71694444,82.33833333,08-05-2026 08:00,0
2236,Jondhra,CWC,22,Chhattisgarh,375,BILASPUR,MASTURI,-,-,Mahanadi,Mahanadi,Seonath,-,-,Seonath,21.71694444,82.33833333,09-05-2026 08:00,0
2237,Jondhra,CWC,22,Chhattisgarh,375,BILASPUR,MASTURI,-,-,Mahanadi,Mahanadi,Seonath,-,-,Seonath,21.71694444,82.33833333,09-05-2026 08:00,0
2238,Jondhra,CWC,22,Chhattisgarh,375,BILASPUR,MASTURI,-,-,Mahanadi,Mahanadi,Seonath,-,-,Seonath,21.71694444,82.33833333,10-05-2026 08:00,0
2239,Jondhra,CWC,22,Chhattisgarh,375,BILASPUR,MASTURI,-,-,Mahanadi,Mahanadi,Seonath,-,-,Seonath,21.71694444,82.33833333,10-05-2026 08:00,0
2240,Jondhra,CWC,22,Chhattisgarh,375,BILASPUR,MASTURI,-,-,Mahanadi,Mahanadi,Seonath,-,-,Seonath,21.71694444,82.33833333,11-05-2026 08:00,0
2241,Jondhra,CWC,22,Chhattisgarh,375,BILASPUR,MASTURI,-,-,Mahanadi,Mahanadi,Seonath,-,-,Seonath,21.71694444,82.33833333,11-05-2026 08:00,0
2242,Jondhra,CWC,22,Chhattisgarh,375,BILASPUR,MASTURI,-,-,Mahanadi,Mahanadi,Seonath,-,-,Seonath,21.71694444,82.33833333,12-05-2026 08:00,0
2243,Jondhra,CWC,22,Chhattisgarh,375,BILASPUR,MASTURI,-,-,Mahanadi,Mahanadi,Seonath,-,-,Seonath,21.71694444,82.33833333,12-05-2026 08:00,0
2244,Jondhra,CWC,22,Chhattisgarh,375,BILASPUR,MASTURI,-,-,Mahanadi,Mahanadi,Seonath,-,-,Seonath,21.71694444,82.33833333,13-05-2026 08:00,4.121
2245,Jondhra,CWC,22,Chhattisgarh,375,BILASPUR,MASTURI,-,-,Mahanadi,Mahanadi,Seonath,-,-,Seonath,21.71694444,82.33833333,13-05-2026 08:00,4.1210227
2246,Jondhra,CWC,22,Chhattisgarh,375,BILASPUR,MASTURI,-,-,Mahanadi,Mahanadi,Seonath,-,-,Seonath,21.71694444,82.33833333,14-05-2026 08:00,0
2247,Jondhra,CWC,22,Chhattisgarh,375,BILASPUR,MASTURI,-,-,Mahanadi,Mahanadi,Seonath,-,-,Seonath,21.71694444,82.33833333,14-05-2026 08:00,0
2248,Jondhra,CWC,22,Chhattisgarh,375,BILASPUR,MASTURI,-,-,Mahanadi,Mahanadi,Seonath,-,-,Seonath,21.71694444,82.33833333,15-05-2026 08:00,3.71
2249,Jondhra,CWC,22,Chhattisgarh,375,BILASPUR,MASTURI,-,-,Mahanadi,Mahanadi,Seonath,-,-,Seonath,21.71694444,82.33833333,15-05-2026 08:00,3.7103171
2250,Jondhra,CWC,22,Chhattisgarh,375,BILASPUR,MASTURI,-,-,Mahanadi,Mahanadi,Seonath,-,-,Seonath,21.71694444,82.33833333,16-05-2026 09:00,4.414
2251,Jondhra,CWC,22,Chhattisgarh,375,BILASPUR,MASTURI,-,-,Mahanadi,Mahanadi,Seonath,-,-,Seonath,21.71694444,82.33833333,16-05-2026 09:00,4.414341
2252,Jondhra,CWC,22,Chhattisgarh,375,BILASPUR,MASTURI,-,-,Mahanadi,Mahanadi,Seonath,-,-,Seonath,21.71694444,82.33833333,17-05-2026 08:00,4.481
2253,Jondhra,CWC,22,Chhattisgarh,375,BILASPUR,MASTURI,-,-,Mahanadi,Mahanadi,Seonath,-,-,Seonath,21.71694444,82.33833333,17-05-2026 08:00,4.4814353
2254,Jondhra,CWC,22,Chhattisgarh,375,BILASPUR,MASTURI,-,-,Mahanadi,Mahanadi,Seonath,-,-,Seonath,21.71694444,82.33833333,18-05-2026 08:00,3.776004
2255,Jondhra,CWC,22,Chhattisgarh,375,BILASPUR,MASTURI,-,-,Mahanadi,Mahanadi,Seonath,-,-,Seonath,21.71694444,82.33833333,18-05-2026 08:00,3.776
2256,Jondhra,CWC,22,Chhattisgarh,375,BILASPUR,MASTURI,-,-,Mahanadi,Mahanadi,Seonath,-,-,Seonath,21.71694444,82.33833333,19-05-2026 08:00,0
2257,Jondhra,CWC,22,Chhattisgarh,375,BILASPUR,MASTURI,-,-,Mahanadi,Mahanadi,Seonath,-,-,Seonath,21.71694444,82.33833333,19-05-2026 08:00,0
2258,Jondhra,CWC,22,Chhattisgarh,375,BILASPUR,MASTURI,-,-,Mahanadi,Mahanadi,Seonath,-,-,Seonath,21.71694444,82.33833333,20-05-2026 08:00,3.4816127
2259,Jondhra,CWC,22,Chhattisgarh,375,BILASPUR,MASTURI,-,-,Mahanadi,Mahanadi,Seonath,-,-,Seonath,21.71694444,82.33833333,20-05-2026 08:00,3.482
2260,Jondhra,CWC,22,Chhattisgarh,375,BILASPUR,MASTURI,-,-,Mahanadi,Mahanadi,Seonath,-,-,Seonath,21.71694444,82.33833333,21-05-2026 08:00,0
2261,Jondhra,CWC,22,Chhattisgarh,375,BILASPUR,MASTURI,-,-,Mahanadi,Mahanadi,Seonath,-,-,Seonath,21.71694444,82.33833333,21-05-2026 08:00,0
2262,Jondhra,CWC,22,Chhattisgarh,375,BILASPUR,MASTURI,-,-,Mahanadi,Mahanadi,Seonath,-,-,Seonath,21.71694444,82.33833333,22-05-2026 08:00,0
2263,Jondhra,CWC,22,Chhattisgarh,375,BILASPUR,MASTURI,-,-,Mahanadi,Mahanadi,Seonath,-,-,Seonath,21.71694444,82.33833333,22-05-2026 08:00,0
2264,Jondhra,CWC,22,Chhattisgarh,375,BILASPUR,MASTURI,-,-,Mahanadi,Mahanadi,Seonath,-,-,Seonath,21.71694444,82.33833333,23-05-2026 08:00,0
2265,Jondhra,CWC,22,Chhattisgarh,375,BILASPUR,MASTURI,-,-,Mahanadi,Mahanadi,Seonath,-,-,Seonath,21.71694444,82.33833333,23-05-2026 08:00,0
2266,Jondhra,CWC,22,Chhattisgarh,375,BILASPUR,MASTURI,-,-,Mahanadi,Mahanadi,Seonath,-,-,Seonath,21.71694444,82.33833333,24-05-2026 08:00,0
2267,Jondhra,CWC,22,Chhattisgarh,375,BILASPUR,MASTURI,-,-,Mahanadi,Mahanadi,Seonath,-,-,Seonath,21.71694444,82.33833333,24-05-2026 08:00,0
2268,Jondhra,CWC,22,Chhattisgarh,375,BILASPUR,MASTURI,-,-,Mahanadi,Mahanadi,Seonath,-,-,Seonath,21.71694444,82.33833333,25-05-2026 08:00,0
2269,Jondhra,CWC,22,Chhattisgarh,375,BILASPUR,MASTURI,-,-,Mahanadi,Mahanadi,Seonath,-,-,Seonath,21.71694444,82.33833333,25-05-2026 08:00,0
2270,Jondhra,CWC,22,Chhattisgarh,375,BILASPUR,MASTURI,-,-,Mahanadi,Mahanadi,Seonath,-,-,Seonath,21.71694444,82.33833333,26-05-2026 08:00,0
2271,Jondhra,CWC,22,Chhattisgarh,375,BILASPUR,MASTURI,-,-,Mahanadi,Mahanadi,Seonath,-,-,Seonath,21.71694444,82.33833333,26-05-2026 08:00,0
2272,Jondhra,CWC,22,Chhattisgarh,375,BILASPUR,MASTURI,-,-,Mahanadi,Mahanadi,Seonath,-,-,Seonath,21.71694444,82.33833333,27-05-2026 08:00,0
2273,Jondhra,CWC,22,Chhattisgarh,375,BILASPUR,MASTURI,-,-,Mahanadi,Mahanadi,Seonath,-,-,Seonath,21.71694444,82.33833333,27-05-2026 08:00,0
2274,Jondhra,CWC,22,Chhattisgarh,375,BILASPUR,MASTURI,-,-,Mahanadi,Mahanadi,Seonath,-,-,Seonath,21.71694444,82.33833333,28-05-2026 08:00,0
2275,Jondhra,CWC,22,Chhattisgarh,375,BILASPUR,MASTURI,-,-,Mahanadi,Mahanadi,Seonath,-,-,Seonath,21.71694444,82.33833333,28-05-2026 08:00,0
2276,Jondhra,CWC,22,Chhattisgarh,375,BILASPUR,MASTURI,-,-,Mahanadi,Mahanadi,Seonath,-,-,Seonath,21.71694444,82.33833333,29-05-2026 08:00,0
2277,Jondhra,CWC,22,Chhattisgarh,375,BILASPUR,MASTURI,-,-,Mahanadi,Mahanadi,Seonath,-,-,Seonath,21.71694444,82.33833333,29-05-2026 08:00,0
2278,Jondhra,CWC,22,Chhattisgarh,375,BILASPUR,MASTURI,-,-,Mahanadi,Mahanadi,Seonath,-,-,Seonath,21.71694444,82.33833333,30-05-2026 08:00,0
2279,Jondhra,CWC,22,Chhattisgarh,375,BILASPUR,MASTURI,-,-,Mahanadi,Mahanadi,Seonath,-,-,Seonath,21.71694444,82.33833333,30-05-2026 08:00,0
2280,Jondhra,CWC,22,Chhattisgarh,375,BILASPUR,MASTURI,-,-,Mahanadi,Mahanadi,Seonath,-,-,Seonath,21.71694444,82.33833333,31-05-2026 08:00,0
2281,Jondhra,CWC,22,Chhattisgarh,375,BILASPUR,MASTURI,-,-,Mahanadi,Mahanadi,Seonath,-,-,Seonath,21.71694444,82.33833333,31-05-2026 08:00,0
2282,Jondhra,CWC,22,Chhattisgarh,375,BILASPUR,MASTURI,-,-,Mahanadi,Mahanadi,Seonath,-,-,Seonath,21.71694444,82.33833333,01-06-2026 08:00,0
2283,Jondhra,CWC,22,Chhattisgarh,375,BILASPUR,MASTURI,-,-,Mahanadi,Mahanadi,Seonath,-,-,Seonath,21.71694444,82.33833333,02-06-2026 08:00,0
2284,Jondhra,CWC,22,Chhattisgarh,375,BILASPUR,MASTURI,-,-,Mahanadi,Mahanadi,Seonath,-,-,Seonath,21.71694444,82.33833333,03-06-2026 08:00,0
2285,Jondhra,CWC,22,Chhattisgarh,375,BILASPUR,MASTURI,-,-,Mahanadi,Mahanadi,Seonath,-,-,Seonath,21.71694444,82.33833333,04-06-2026 08:00,0
2286,Jondhra,CWC,22,Chhattisgarh,375,BILASPUR,MASTURI,-,-,Mahanadi,Mahanadi,Seonath,-,-,Seonath,21.71694444,82.33833333,05-06-2026 08:00,0
2287,Jondhra,CWC,22,Chhattisgarh,375,BILASPUR,MASTURI,-,-,Mahanadi,Mahanadi,Seonath,-,-,Seonath,21.71694444,82.33833333,06-06-2026 08:00,0
2288,Jondhra,CWC,22,Chhattisgarh,375,BILASPUR,MASTURI,-,-,Mahanadi,Mahanadi,Seonath,-,-,Seonath,21.71694444,82.33833333,07-06-2026 08:00,0
2289,Jondhra,CWC,22,Chhattisgarh,375,BILASPUR,MASTURI,-,-,Mahanadi,Mahanadi,Seonath,-,-,Seonath,21.71694444,82.33833333,08-06-2026 08:00,0
2290,Jondhra,CWC,22,Chhattisgarh,375,BILASPUR,MASTURI,-,-,Mahanadi,Mahanadi,Seonath,-,-,Seonath,21.71694444,82.33833333,09-06-2026 08:00,0
2291,Jondhra,CWC,22,Chhattisgarh,375,BILASPUR,MASTURI,-,-,Mahanadi,Mahanadi,Seonath,-,-,Seonath,21.71694444,82.33833333,10-06-2026 08:00,0
2292,Jondhra,CWC,22,Chhattisgarh,375,BILASPUR,MASTURI,-,-,Mahanadi,Mahanadi,Seonath,-,-,Seonath,21.71694444,82.33833333,11-06-2026 08:00,0
2293,Jondhra,CWC,22,Chhattisgarh,375,BILASPUR,MASTURI,-,-,Mahanadi,Mahanadi,Seonath,-,-,Seonath,21.71694444,82.33833333,12-06-2026 08:00,0
2294,Jondhra,CWC,22,Chhattisgarh,375,BILASPUR,MASTURI,-,-,Mahanadi,Mahanadi,Seonath,-,-,Seonath,21.71694444,82.33833333,13-06-2026 08:00,0
2295,Jondhra,CWC,22,Chhattisgarh,375,BILASPUR,MASTURI,-,-,Mahanadi,Mahanadi,Seonath,-,-,Seonath,21.71694444,82.33833333,14-06-2026 08:00,0
2296,Jondhra,CWC,22,Chhattisgarh,375,BILASPUR,MASTURI,-,-,Mahanadi,Mahanadi,Seonath,-,-,Seonath,21.71694444,82.33833333,15-06-2026 08:00,0
2297,Jondhra,CWC,22,Chhattisgarh,375,BILASPUR,MASTURI,-,-,Mahanadi,Mahanadi,Seonath,-,-,Seonath,21.71694444,82.33833333,16-06-2026 08:00,0
2298,Jondhra,CWC,22,Chhattisgarh,375,BILASPUR,MASTURI,-,-,Mahanadi,Mahanadi,Seonath,-,-,Seonath,21.71694444,82.33833333,17-06-2026 08:00,0
2299,Jondhra,CWC,22,Chhattisgarh,375,BILASPUR,MASTURI,-,-,Mahanadi,Mahanadi,Seonath,-,-,Seonath,21.71694444,82.33833333,18-06-2026 08:00,0
2300,Jondhra,CWC,22,Chhattisgarh,375,BILASPUR,MASTURI,-,-,Mahanadi,Mahanadi,Seonath,-,-,Seonath,21.71694444,82.33833333,19-06-2026 08:00,0
2301,Jondhra,CWC,22,Chhattisgarh,375,BILASPUR,MASTURI,-,-,Mahanadi,Mahanadi,Seonath,-,-,Seonath,21.71694444,82.33833333,20-06-2026 08:00,0
2302,Jondhra,CWC,22,Chhattisgarh,375,BILASPUR,MASTURI,-,-,Mahanadi,Mahanadi,Seonath,-,-,Seonath,21.71694444,82.33833333,21-06-2026 08:00,0
2303,Jondhra,CWC,22,Chhattisgarh,375,BILASPUR,MASTURI,-,-,Mahanadi,Mahanadi,Seonath,-,-,Seonath,21.71694444,82.33833333,22-06-2026 08:00,0
2304,Jondhra,CWC,22,Chhattisgarh,375,BILASPUR,MASTURI,-,-,Mahanadi,Mahanadi,Seonath,-,-,Seonath,21.71694444,82.33833333,23-06-2026 08:00,0
2305,Jondhra,CWC,22,Chhattisgarh,375,BILASPUR,MASTURI,-,-,Mahanadi,Mahanadi,Seonath,-,-,Seonath,21.71694444,82.33833333,24-06-2026 08:00,0
2306,Jondhra,CWC,22,Chhattisgarh,375,BILASPUR,MASTURI,-,-,Mahanadi,Mahanadi,Seonath,-,-,Seonath,21.71694444,82.33833333,25-06-2026 08:00,0
2307,Jondhra,CWC,22,Chhattisgarh,375,BILASPUR,MASTURI,-,-,Mahanadi,Mahanadi,Seonath,-,-,Seonath,21.71694444,82.33833333,26-06-2026 08:00,0
2308,Jondhra,CWC,22,Chhattisgarh,375,BILASPUR,MASTURI,-,-,Mahanadi,Mahanadi,Seonath,-,-,Seonath,21.71694444,82.33833333,27-06-2026 08:00,0
2309,Jondhra,CWC,22,Chhattisgarh,375,BILASPUR,MASTURI,-,-,Mahanadi,Mahanadi,Seonath,-,-,Seonath,21.71694444,82.33833333,28-06-2026 08:00,0
2310,Jondhra,CWC,22,Chhattisgarh,375,BILASPUR,MASTURI,-,-,Mahanadi,Mahanadi,Seonath,-,-,Seonath,21.71694444,82.33833333,29-06-2026 08:00,0
2311,Jondhra,CWC,22,Chhattisgarh,375,BILASPUR,MASTURI,-,-,Mahanadi,Mahanadi,Seonath,-,-,Seonath,21.71694444,82.33833333,30-06-2026 08:00,0
2312,KALMA,CWC,22,Chhattisgarh,379,JANJGIR - CHAMPA,DABHRA,-,-,Mahanadi,Mahanadi,-,-,-,Mahanadi,21.69472222,83.27777778,01-01-2026 08:00,152.296
2313,KALMA,CWC,22,Chhattisgarh,379,JANJGIR - CHAMPA,DABHRA,-,-,Mahanadi,Mahanadi,-,-,-,Mahanadi,21.69472222,83.27777778,02-01-2026 08:00,41.32
2314,KALMA,CWC,22,Chhattisgarh,379,JANJGIR - CHAMPA,DABHRA,-,-,Mahanadi,Mahanadi,-,-,-,Mahanadi,21.69472222,83.27777778,03-01-2026 08:00,119.612
2315,KALMA,CWC,22,Chhattisgarh,379,JANJGIR - CHAMPA,DABHRA,-,-,Mahanadi,Mahanadi,-,-,-,Mahanadi,21.69472222,83.27777778,04-01-2026 08:00,80
2316,KALMA,CWC,22,Chhattisgarh,379,JANJGIR - CHAMPA,DABHRA,-,-,Mahanadi,Mahanadi,-,-,-,Mahanadi,21.69472222,83.27777778,05-01-2026 08:00,0.99
2317,KALMA,CWC,22,Chhattisgarh,379,JANJGIR - CHAMPA,DABHRA,-,-,Mahanadi,Mahanadi,-,-,-,Mahanadi,21.69472222,83.27777778,06-01-2026 08:00,125.744
2318,KALMA,CWC,22,Chhattisgarh,379,JANJGIR - CHAMPA,DABHRA,-,-,Mahanadi,Mahanadi,-,-,-,Mahanadi,21.69472222,83.27777778,07-01-2026 08:00,97.597
2319,KALMA,CWC,22,Chhattisgarh,379,JANJGIR - CHAMPA,DABHRA,-,-,Mahanadi,Mahanadi,-,-,-,Mahanadi,21.69472222,83.27777778,08-01-2026 08:00,25.74
2320,KALMA,CWC,22,Chhattisgarh,379,JANJGIR - CHAMPA,DABHRA,-,-,Mahanadi,Mahanadi,-,-,-,Mahanadi,21.69472222,83.27777778,09-01-2026 08:00,70.549
2321,KALMA,CWC,22,Chhattisgarh,379,JANJGIR - CHAMPA,DABHRA,-,-,Mahanadi,Mahanadi,-,-,-,Mahanadi,21.69472222,83.27777778,10-01-2026 08:00,4.73
2322,KALMA,CWC,22,Chhattisgarh,379,JANJGIR - CHAMPA,DABHRA,-,-,Mahanadi,Mahanadi,-,-,-,Mahanadi,21.69472222,83.27777778,11-01-2026 08:00,4.7
2323,KALMA,CWC,22,Chhattisgarh,379,JANJGIR - CHAMPA,DABHRA,-,-,Mahanadi,Mahanadi,-,-,-,Mahanadi,21.69472222,83.27777778,12-01-2026 08:00,2.79
2324,KALMA,CWC,22,Chhattisgarh,379,JANJGIR - CHAMPA,DABHRA,-,-,Mahanadi,Mahanadi,-,-,-,Mahanadi,21.69472222,83.27777778,13-01-2026 08:00,1.18
2325,KALMA,CWC,22,Chhattisgarh,379,JANJGIR - CHAMPA,DABHRA,-,-,Mahanadi,Mahanadi,-,-,-,Mahanadi,21.69472222,83.27777778,14-01-2026 08:00,1.11
2326,KALMA,CWC,22,Chhattisgarh,379,JANJGIR - CHAMPA,DABHRA,-,-,Mahanadi,Mahanadi,-,-,-,Mahanadi,21.69472222,83.27777778,15-01-2026 08:00,1.09
2327,KALMA,CWC,22,Chhattisgarh,379,JANJGIR - CHAMPA,DABHRA,-,-,Mahanadi,Mahanadi,-,-,-,Mahanadi,21.69472222,83.27777778,16-01-2026 08:00,1.302
2328,KALMA,CWC,22,Chhattisgarh,379,JANJGIR - CHAMPA,DABHRA,-,-,Mahanadi,Mahanadi,-,-,-,Mahanadi,21.69472222,83.27777778,17-01-2026 08:00,1.231
2329,KALMA,CWC,22,Chhattisgarh,379,JANJGIR - CHAMPA,DABHRA,-,-,Mahanadi,Mahanadi,-,-,-,Mahanadi,21.69472222,83.27777778,18-01-2026 08:00,1.2
2330,KALMA,CWC,22,Chhattisgarh,379,JANJGIR - CHAMPA,DABHRA,-,-,Mahanadi,Mahanadi,-,-,-,Mahanadi,21.69472222,83.27777778,19-01-2026 08:00,0.884
2331,KALMA,CWC,22,Chhattisgarh,379,JANJGIR - CHAMPA,DABHRA,-,-,Mahanadi,Mahanadi,-,-,-,Mahanadi,21.69472222,83.27777778,20-01-2026 08:00,0.664
2332,KALMA,CWC,22,Chhattisgarh,379,JANJGIR - CHAMPA,DABHRA,-,-,Mahanadi,Mahanadi,-,-,-,Mahanadi,21.69472222,83.27777778,21-01-2026 08:00,1.066
2333,KALMA,CWC,22,Chhattisgarh,379,JANJGIR - CHAMPA,DABHRA,-,-,Mahanadi,Mahanadi,-,-,-,Mahanadi,21.69472222,83.27777778,22-01-2026 08:00,1.045
2334,KALMA,CWC,22,Chhattisgarh,379,JANJGIR - CHAMPA,DABHRA,-,-,Mahanadi,Mahanadi,-,-,-,Mahanadi,21.69472222,83.27777778,23-01-2026 08:00,0.586
2335,KALMA,CWC,22,Chhattisgarh,379,JANJGIR - CHAMPA,DABHRA,-,-,Mahanadi,Mahanadi,-,-,-,Mahanadi,21.69472222,83.27777778,24-01-2026 08:00,0.591
2336,KALMA,CWC,22,Chhattisgarh,379,JANJGIR - CHAMPA,DABHRA,-,-,Mahanadi,Mahanadi,-,-,-,Mahanadi,21.69472222,83.27777778,25-01-2026 08:00,151.1
2337,KALMA,CWC,22,Chhattisgarh,379,JANJGIR - CHAMPA,DABHRA,-,-,Mahanadi,Mahanadi,-,-,-,Mahanadi,21.69472222,83.27777778,26-01-2026 08:00,1.1
2338,KALMA,CWC,22,Chhattisgarh,379,JANJGIR - CHAMPA,DABHRA,-,-,Mahanadi,Mahanadi,-,-,-,Mahanadi,21.69472222,83.27777778,27-01-2026 08:00,3.182
2339,KALMA,CWC,22,Chhattisgarh,379,JANJGIR - CHAMPA,DABHRA,-,-,Mahanadi,Mahanadi,-,-,-,Mahanadi,21.69472222,83.27777778,28-01-2026 08:00,11.862
2340,KALMA,CWC,22,Chhattisgarh,379,JANJGIR - CHAMPA,DABHRA,-,-,Mahanadi,Mahanadi,-,-,-,Mahanadi,21.69472222,83.27777778,29-01-2026 08:00,11.958
2341,KALMA,CWC,22,Chhattisgarh,379,JANJGIR - CHAMPA,DABHRA,-,-,Mahanadi,Mahanadi,-,-,-,Mahanadi,21.69472222,83.27777778,30-01-2026 08:00,33.781
2342,KALMA,CWC,22,Chhattisgarh,379,JANJGIR - CHAMPA,DABHRA,-,-,Mahanadi,Mahanadi,-,-,-,Mahanadi,21.69472222,83.27777778,31-01-2026 08:00,7.294
2343,KALMA,CWC,22,Chhattisgarh,379,JANJGIR - CHAMPA,DABHRA,-,-,Mahanadi,Mahanadi,-,-,-,Mahanadi,21.69472222,83.27777778,01-02-2026 08:00,11
2344,KALMA,CWC,22,Chhattisgarh,379,JANJGIR - CHAMPA,DABHRA,-,-,Mahanadi,Mahanadi,-,-,-,Mahanadi,21.69472222,83.27777778,02-02-2026 08:00,5.734
2345,KALMA,CWC,22,Chhattisgarh,379,JANJGIR - CHAMPA,DABHRA,-,-,Mahanadi,Mahanadi,-,-,-,Mahanadi,21.69472222,83.27777778,03-02-2026 08:00,60.528
2346,KALMA,CWC,22,Chhattisgarh,379,JANJGIR - CHAMPA,DABHRA,-,-,Mahanadi,Mahanadi,-,-,-,Mahanadi,21.69472222,83.27777778,04-02-2026 08:00,81.186
2347,KALMA,CWC,22,Chhattisgarh,379,JANJGIR - CHAMPA,DABHRA,-,-,Mahanadi,Mahanadi,-,-,-,Mahanadi,21.69472222,83.27777778,05-02-2026 08:00,26.818
2348,KALMA,CWC,22,Chhattisgarh,379,JANJGIR - CHAMPA,DABHRA,-,-,Mahanadi,Mahanadi,-,-,-,Mahanadi,21.69472222,83.27777778,06-02-2026 08:00,8.205
2349,KALMA,CWC,22,Chhattisgarh,379,JANJGIR - CHAMPA,DABHRA,-,-,Mahanadi,Mahanadi,-,-,-,Mahanadi,21.69472222,83.27777778,07-02-2026 08:00,62.427
2350,KALMA,CWC,22,Chhattisgarh,379,JANJGIR - CHAMPA,DABHRA,-,-,Mahanadi,Mahanadi,-,-,-,Mahanadi,21.69472222,83.27777778,08-02-2026 08:00,12.5
2351,KALMA,CWC,22,Chhattisgarh,379,JANJGIR - CHAMPA,DABHRA,-,-,Mahanadi,Mahanadi,-,-,-,Mahanadi,21.69472222,83.27777778,09-02-2026 08:00,69.468
2352,KALMA,CWC,22,Chhattisgarh,379,JANJGIR - CHAMPA,DABHRA,-,-,Mahanadi,Mahanadi,-,-,-,Mahanadi,21.69472222,83.27777778,10-02-2026 08:00,2.608
2353,KALMA,CWC,22,Chhattisgarh,379,JANJGIR - CHAMPA,DABHRA,-,-,Mahanadi,Mahanadi,-,-,-,Mahanadi,21.69472222,83.27777778,11-02-2026 08:00,17.788
2354,KALMA,CWC,22,Chhattisgarh,379,JANJGIR - CHAMPA,DABHRA,-,-,Mahanadi,Mahanadi,-,-,-,Mahanadi,21.69472222,83.27777778,12-02-2026 08:00,1.71
2355,KALMA,CWC,22,Chhattisgarh,379,JANJGIR - CHAMPA,DABHRA,-,-,Mahanadi,Mahanadi,-,-,-,Mahanadi,21.69472222,83.27777778,13-02-2026 08:00,31.801
2356,KALMA,CWC,22,Chhattisgarh,379,JANJGIR - CHAMPA,DABHRA,-,-,Mahanadi,Mahanadi,-,-,-,Mahanadi,21.69472222,83.27777778,14-02-2026 08:00,26.019
2357,KALMA,CWC,22,Chhattisgarh,379,JANJGIR - CHAMPA,DABHRA,-,-,Mahanadi,Mahanadi,-,-,-,Mahanadi,21.69472222,83.27777778,15-02-2026 08:00,14
2358,KALMA,CWC,22,Chhattisgarh,379,JANJGIR - CHAMPA,DABHRA,-,-,Mahanadi,Mahanadi,-,-,-,Mahanadi,21.69472222,83.27777778,16-02-2026 08:00,1.315
2359,KALMA,CWC,22,Chhattisgarh,379,JANJGIR - CHAMPA,DABHRA,-,-,Mahanadi,Mahanadi,-,-,-,Mahanadi,21.69472222,83.27777778,17-02-2026 08:00,1.298
2360,KALMA,CWC,22,Chhattisgarh,379,JANJGIR - CHAMPA,DABHRA,-,-,Mahanadi,Mahanadi,-,-,-,Mahanadi,21.69472222,83.27777778,18-02-2026 09:00,1.276
2361,KALMA,CWC,22,Chhattisgarh,379,JANJGIR - CHAMPA,DABHRA,-,-,Mahanadi,Mahanadi,-,-,-,Mahanadi,21.69472222,83.27777778,19-02-2026 08:00,1.667
2362,KALMA,CWC,22,Chhattisgarh,379,JANJGIR - CHAMPA,DABHRA,-,-,Mahanadi,Mahanadi,-,-,-,Mahanadi,21.69472222,83.27777778,20-02-2026 08:00,1.323
2363,KALMA,CWC,22,Chhattisgarh,379,JANJGIR - CHAMPA,DABHRA,-,-,Mahanadi,Mahanadi,-,-,-,Mahanadi,21.69472222,83.27777778,21-02-2026 08:00,1.313
2364,KALMA,CWC,22,Chhattisgarh,379,JANJGIR - CHAMPA,DABHRA,-,-,Mahanadi,Mahanadi,-,-,-,Mahanadi,21.69472222,83.27777778,22-02-2026 08:00,1.3
2365,KALMA,CWC,22,Chhattisgarh,379,JANJGIR - CHAMPA,DABHRA,-,-,Mahanadi,Mahanadi,-,-,-,Mahanadi,21.69472222,83.27777778,23-02-2026 08:00,1.279
2366,KALMA,CWC,22,Chhattisgarh,379,JANJGIR - CHAMPA,DABHRA,-,-,Mahanadi,Mahanadi,-,-,-,Mahanadi,21.69472222,83.27777778,24-02-2026 08:00,1.291
2367,KALMA,CWC,22,Chhattisgarh,379,JANJGIR - CHAMPA,DABHRA,-,-,Mahanadi,Mahanadi,-,-,-,Mahanadi,21.69472222,83.27777778,25-02-2026 09:00,1.304
2368,KALMA,CWC,22,Chhattisgarh,379,JANJGIR - CHAMPA,DABHRA,-,-,Mahanadi,Mahanadi,-,-,-,Mahanadi,21.69472222,83.27777778,26-02-2026 08:00,1.331
2369,KALMA,CWC,22,Chhattisgarh,379,JANJGIR - CHAMPA,DABHRA,-,-,Mahanadi,Mahanadi,-,-,-,Mahanadi,21.69472222,83.27777778,27-02-2026 08:00,1.321
2370,KALMA,CWC,22,Chhattisgarh,379,JANJGIR - CHAMPA,DABHRA,-,-,Mahanadi,Mahanadi,-,-,-,Mahanadi,21.69472222,83.27777778,28-02-2026 08:00,1.341
2371,KALMA,CWC,22,Chhattisgarh,379,JANJGIR - CHAMPA,DABHRA,-,-,Mahanadi,Mahanadi,-,-,-,Mahanadi,21.69472222,83.27777778,01-03-2026 08:00,1.32
2372,KALMA,CWC,22,Chhattisgarh,379,JANJGIR - CHAMPA,DABHRA,-,-,Mahanadi,Mahanadi,-,-,-,Mahanadi,21.69472222,83.27777778,02-03-2026 08:00,1.296
2373,KALMA,CWC,22,Chhattisgarh,379,JANJGIR - CHAMPA,DABHRA,-,-,Mahanadi,Mahanadi,-,-,-,Mahanadi,21.69472222,83.27777778,03-03-2026 08:00,1.391
2374,KALMA,CWC,22,Chhattisgarh,379,JANJGIR - CHAMPA,DABHRA,-,-,Mahanadi,Mahanadi,-,-,-,Mahanadi,21.69472222,83.27777778,04-03-2026 08:00,1.4
2375,KALMA,CWC,22,Chhattisgarh,379,JANJGIR - CHAMPA,DABHRA,-,-,Mahanadi,Mahanadi,-,-,-,Mahanadi,21.69472222,83.27777778,05-03-2026 08:00,1.271
2376,KALMA,CWC,22,Chhattisgarh,379,JANJGIR - CHAMPA,DABHRA,-,-,Mahanadi,Mahanadi,-,-,-,Mahanadi,21.69472222,83.27777778,06-03-2026 08:00,1.09
2377,KALMA,CWC,22,Chhattisgarh,379,JANJGIR - CHAMPA,DABHRA,-,-,Mahanadi,Mahanadi,-,-,-,Mahanadi,21.69472222,83.27777778,07-03-2026 08:00,1.054
2378,KALMA,CWC,22,Chhattisgarh,379,JANJGIR - CHAMPA,DABHRA,-,-,Mahanadi,Mahanadi,-,-,-,Mahanadi,21.69472222,83.27777778,08-03-2026 08:00,1.06
2379,KALMA,CWC,22,Chhattisgarh,379,JANJGIR - CHAMPA,DABHRA,-,-,Mahanadi,Mahanadi,-,-,-,Mahanadi,21.69472222,83.27777778,09-03-2026 08:00,1.094
2380,KALMA,CWC,22,Chhattisgarh,379,JANJGIR - CHAMPA,DABHRA,-,-,Mahanadi,Mahanadi,-,-,-,Mahanadi,21.69472222,83.27777778,10-03-2026 08:00,1.076
2381,KALMA,CWC,22,Chhattisgarh,379,JANJGIR - CHAMPA,DABHRA,-,-,Mahanadi,Mahanadi,-,-,-,Mahanadi,21.69472222,83.27777778,11-03-2026 08:00,1.385
2382,KALMA,CWC,22,Chhattisgarh,379,JANJGIR - CHAMPA,DABHRA,-,-,Mahanadi,Mahanadi,-,-,-,Mahanadi,21.69472222,83.27777778,12-03-2026 08:00,1.363
2383,KALMA,CWC,22,Chhattisgarh,379,JANJGIR - CHAMPA,DABHRA,-,-,Mahanadi,Mahanadi,-,-,-,Mahanadi,21.69472222,83.27777778,13-03-2026 08:00,1.121
2384,KALMA,CWC,22,Chhattisgarh,379,JANJGIR - CHAMPA,DABHRA,-,-,Mahanadi,Mahanadi,-,-,-,Mahanadi,21.69472222,83.27777778,14-03-2026 08:00,1.143
2385,KALMA,CWC,22,Chhattisgarh,379,JANJGIR - CHAMPA,DABHRA,-,-,Mahanadi,Mahanadi,-,-,-,Mahanadi,21.69472222,83.27777778,15-03-2026 08:00,1.33
2386,KALMA,CWC,22,Chhattisgarh,379,JANJGIR - CHAMPA,DABHRA,-,-,Mahanadi,Mahanadi,-,-,-,Mahanadi,21.69472222,83.27777778,16-03-2026 08:00,20.952
2387,KALMA,CWC,22,Chhattisgarh,379,JANJGIR - CHAMPA,DABHRA,-,-,Mahanadi,Mahanadi,-,-,-,Mahanadi,21.69472222,83.27777778,17-03-2026 08:00,39.284
2388,KALMA,CWC,22,Chhattisgarh,379,JANJGIR - CHAMPA,DABHRA,-,-,Mahanadi,Mahanadi,-,-,-,Mahanadi,21.69472222,83.27777778,18-03-2026 08:00,11.6
2389,KALMA,CWC,22,Chhattisgarh,379,JANJGIR - CHAMPA,DABHRA,-,-,Mahanadi,Mahanadi,-,-,-,Mahanadi,21.69472222,83.27777778,19-03-2026 08:00,9.656
2390,KALMA,CWC,22,Chhattisgarh,379,JANJGIR - CHAMPA,DABHRA,-,-,Mahanadi,Mahanadi,-,-,-,Mahanadi,21.69472222,83.27777778,20-03-2026 08:00,10.153
2391,KALMA,CWC,22,Chhattisgarh,379,JANJGIR - CHAMPA,DABHRA,-,-,Mahanadi,Mahanadi,-,-,-,Mahanadi,21.69472222,83.27777778,21-03-2026 08:00,1.41
2392,KALMA,CWC,22,Chhattisgarh,379,JANJGIR - CHAMPA,DABHRA,-,-,Mahanadi,Mahanadi,-,-,-,Mahanadi,21.69472222,83.27777778,22-03-2026 08:00,1.35
2393,KALMA,CWC,22,Chhattisgarh,379,JANJGIR - CHAMPA,DABHRA,-,-,Mahanadi,Mahanadi,-,-,-,Mahanadi,21.69472222,83.27777778,23-03-2026 08:00,1.154
2394,KALMA,CWC,22,Chhattisgarh,379,JANJGIR - CHAMPA,DABHRA,-,-,Mahanadi,Mahanadi,-,-,-,Mahanadi,21.69472222,83.27777778,24-03-2026 08:00,1.21
2395,KALMA,CWC,22,Chhattisgarh,379,JANJGIR - CHAMPA,DABHRA,-,-,Mahanadi,Mahanadi,-,-,-,Mahanadi,21.69472222,83.27777778,25-03-2026 08:00,10.458
2396,KALMA,CWC,22,Chhattisgarh,379,JANJGIR - CHAMPA,DABHRA,-,-,Mahanadi,Mahanadi,-,-,-,Mahanadi,21.69472222,83.27777778,26-03-2026 08:00,9.667
2397,KALMA,CWC,22,Chhattisgarh,379,JANJGIR - CHAMPA,DABHRA,-,-,Mahanadi,Mahanadi,-,-,-,Mahanadi,21.69472222,83.27777778,27-03-2026 08:00,9.881
2398,KALMA,CWC,22,Chhattisgarh,379,JANJGIR - CHAMPA,DABHRA,-,-,Mahanadi,Mahanadi,-,-,-,Mahanadi,21.69472222,83.27777778,28-03-2026 08:00,9.881
2399,KALMA,CWC,22,Chhattisgarh,379,JANJGIR - CHAMPA,DABHRA,-,-,Mahanadi,Mahanadi,-,-,-,Mahanadi,21.69472222,83.27777778,29-03-2026 08:00,1.41
2400,KALMA,CWC,22,Chhattisgarh,379,JANJGIR - CHAMPA,DABHRA,-,-,Mahanadi,Mahanadi,-,-,-,Mahanadi,21.69472222,83.27777778,30-03-2026 08:00,1.357
2401,KALMA,CWC,22,Chhattisgarh,379,JANJGIR - CHAMPA,DABHRA,-,-,Mahanadi,Mahanadi,-,-,-,Mahanadi,21.69472222,83.27777778,31-03-2026 08:00,1.16
2402,KALMA,CWC,22,Chhattisgarh,379,JANJGIR - CHAMPA,DABHRA,-,-,Mahanadi,Mahanadi,-,-,-,Mahanadi,21.69472222,83.27777778,01-04-2026 08:00,1.419
2403,KALMA,CWC,22,Chhattisgarh,379,JANJGIR - CHAMPA,DABHRA,-,-,Mahanadi,Mahanadi,-,-,-,Mahanadi,21.69472222,83.27777778,02-04-2026 08:00,1.448
2404,KALMA,CWC,22,Chhattisgarh,379,JANJGIR - CHAMPA,DABHRA,-,-,Mahanadi,Mahanadi,-,-,-,Mahanadi,21.69472222,83.27777778,03-04-2026 08:00,1.42
2405,KALMA,CWC,22,Chhattisgarh,379,JANJGIR - CHAMPA,DABHRA,-,-,Mahanadi,Mahanadi,-,-,-,Mahanadi,21.69472222,83.27777778,04-04-2026 08:00,5.599
2406,KALMA,CWC,22,Chhattisgarh,379,JANJGIR - CHAMPA,DABHRA,-,-,Mahanadi,Mahanadi,-,-,-,Mahanadi,21.69472222,83.27777778,05-04-2026 08:00,5.52
2407,KALMA,CWC,22,Chhattisgarh,379,JANJGIR - CHAMPA,DABHRA,-,-,Mahanadi,Mahanadi,-,-,-,Mahanadi,21.69472222,83.27777778,06-04-2026 08:00,5.722
2408,KALMA,CWC,22,Chhattisgarh,379,JANJGIR - CHAMPA,DABHRA,-,-,Mahanadi,Mahanadi,-,-,-,Mahanadi,21.69472222,83.27777778,07-04-2026 08:00,4.735
2409,KALMA,CWC,22,Chhattisgarh,379,JANJGIR - CHAMPA,DABHRA,-,-,Mahanadi,Mahanadi,-,-,-,Mahanadi,21.69472222,83.27777778,08-04-2026 08:00,4.396
2410,KALMA,CWC,22,Chhattisgarh,379,JANJGIR - CHAMPA,DABHRA,-,-,Mahanadi,Mahanadi,-,-,-,Mahanadi,21.69472222,83.27777778,09-04-2026 08:00,4.579
2411,KALMA,CWC,22,Chhattisgarh,379,JANJGIR - CHAMPA,DABHRA,-,-,Mahanadi,Mahanadi,-,-,-,Mahanadi,21.69472222,83.27777778,10-04-2026 08:00,1.476
2412,KALMA,CWC,22,Chhattisgarh,379,JANJGIR - CHAMPA,DABHRA,-,-,Mahanadi,Mahanadi,-,-,-,Mahanadi,21.69472222,83.27777778,11-04-2026 08:00,1.429
2413,KALMA,CWC,22,Chhattisgarh,379,JANJGIR - CHAMPA,DABHRA,-,-,Mahanadi,Mahanadi,-,-,-,Mahanadi,21.69472222,83.27777778,12-04-2026 08:00,1.38
2414,KALMA,CWC,22,Chhattisgarh,379,JANJGIR - CHAMPA,DABHRA,-,-,Mahanadi,Mahanadi,-,-,-,Mahanadi,21.69472222,83.27777778,13-04-2026 08:00,1.196
2415,KALMA,CWC,22,Chhattisgarh,379,JANJGIR - CHAMPA,DABHRA,-,-,Mahanadi,Mahanadi,-,-,-,Mahanadi,21.69472222,83.27777778,14-04-2026 08:00,1.42
2416,KALMA,CWC,22,Chhattisgarh,379,JANJGIR - CHAMPA,DABHRA,-,-,Mahanadi,Mahanadi,-,-,-,Mahanadi,21.69472222,83.27777778,15-04-2026 08:00,1.476
2417,KALMA,CWC,22,Chhattisgarh,379,JANJGIR - CHAMPA,DABHRA,-,-,Mahanadi,Mahanadi,-,-,-,Mahanadi,21.69472222,83.27777778,16-04-2026 08:00,1.423
2418,KALMA,CWC,22,Chhattisgarh,379,JANJGIR - CHAMPA,DABHRA,-,-,Mahanadi,Mahanadi,-,-,-,Mahanadi,21.69472222,83.27777778,17-04-2026 08:00,9.144
2419,KALMA,CWC,22,Chhattisgarh,379,JANJGIR - CHAMPA,DABHRA,-,-,Mahanadi,Mahanadi,-,-,-,Mahanadi,21.69472222,83.27777778,18-04-2026 08:00,31.109
2420,KALMA,CWC,22,Chhattisgarh,379,JANJGIR - CHAMPA,DABHRA,-,-,Mahanadi,Mahanadi,-,-,-,Mahanadi,21.69472222,83.27777778,19-04-2026 08:00,31.5
2421,KALMA,CWC,22,Chhattisgarh,379,JANJGIR - CHAMPA,DABHRA,-,-,Mahanadi,Mahanadi,-,-,-,Mahanadi,21.69472222,83.27777778,20-04-2026 08:00,34.193
2422,KALMA,CWC,22,Chhattisgarh,379,JANJGIR - CHAMPA,DABHRA,-,-,Mahanadi,Mahanadi,-,-,-,Mahanadi,21.69472222,83.27777778,21-04-2026 08:00,34.956
2423,KALMA,CWC,22,Chhattisgarh,379,JANJGIR - CHAMPA,DABHRA,-,-,Mahanadi,Mahanadi,-,-,-,Mahanadi,21.69472222,83.27777778,22-04-2026 08:00,1.419
2424,KALMA,CWC,22,Chhattisgarh,379,JANJGIR - CHAMPA,DABHRA,-,-,Mahanadi,Mahanadi,-,-,-,Mahanadi,21.69472222,83.27777778,23-04-2026 08:00,7.004
2425,KALMA,CWC,22,Chhattisgarh,379,JANJGIR - CHAMPA,DABHRA,-,-,Mahanadi,Mahanadi,-,-,-,Mahanadi,21.69472222,83.27777778,24-04-2026 08:00,8.975
2426,KALMA,CWC,22,Chhattisgarh,379,JANJGIR - CHAMPA,DABHRA,-,-,Mahanadi,Mahanadi,-,-,-,Mahanadi,21.69472222,83.27777778,25-04-2026 08:00,9.185
2427,KALMA,CWC,22,Chhattisgarh,379,JANJGIR - CHAMPA,DABHRA,-,-,Mahanadi,Mahanadi,-,-,-,Mahanadi,21.69472222,83.27777778,26-04-2026 08:00,7.03
2428,KALMA,CWC,22,Chhattisgarh,379,JANJGIR - CHAMPA,DABHRA,-,-,Mahanadi,Mahanadi,-,-,-,Mahanadi,21.69472222,83.27777778,27-04-2026 08:00,6.906
2429,KALMA,CWC,22,Chhattisgarh,379,JANJGIR - CHAMPA,DABHRA,-,-,Mahanadi,Mahanadi,-,-,-,Mahanadi,21.69472222,83.27777778,28-04-2026 08:00,5.505
2430,KALMA,CWC,22,Chhattisgarh,379,JANJGIR - CHAMPA,DABHRA,-,-,Mahanadi,Mahanadi,-,-,-,Mahanadi,21.69472222,83.27777778,29-04-2026 08:00,1.396
2431,KALMA,CWC,22,Chhattisgarh,379,JANJGIR - CHAMPA,DABHRA,-,-,Mahanadi,Mahanadi,-,-,-,Mahanadi,21.69472222,83.27777778,30-04-2026 08:00,1.207
2432,KALMA,CWC,22,Chhattisgarh,379,JANJGIR - CHAMPA,DABHRA,-,-,Mahanadi,Mahanadi,-,-,-,Mahanadi,21.69472222,83.27777778,01-05-2026 08:00,1.24
2433,KALMA,CWC,22,Chhattisgarh,379,JANJGIR - CHAMPA,DABHRA,-,-,Mahanadi,Mahanadi,-,-,-,Mahanadi,21.69472222,83.27777778,02-05-2026 08:00,1.511
2434,KALMA,CWC,22,Chhattisgarh,379,JANJGIR - CHAMPA,DABHRA,-,-,Mahanadi,Mahanadi,-,-,-,Mahanadi,21.69472222,83.27777778,03-05-2026 08:00,10.72
2435,KALMA,CWC,22,Chhattisgarh,379,JANJGIR - CHAMPA,DABHRA,-,-,Mahanadi,Mahanadi,-,-,-,Mahanadi,21.69472222,83.27777778,04-05-2026 08:00,49.231
2436,KALMA,CWC,22,Chhattisgarh,379,JANJGIR - CHAMPA,DABHRA,-,-,Mahanadi,Mahanadi,-,-,-,Mahanadi,21.69472222,83.27777778,04-05-2026 08:00,1.511
2437,KALMA,CWC,22,Chhattisgarh,379,JANJGIR - CHAMPA,DABHRA,-,-,Mahanadi,Mahanadi,-,-,-,Mahanadi,21.69472222,83.27777778,05-05-2026 08:00,12.344
2438,KALMA,CWC,22,Chhattisgarh,379,JANJGIR - CHAMPA,DABHRA,-,-,Mahanadi,Mahanadi,-,-,-,Mahanadi,21.69472222,83.27777778,06-05-2026 08:00,10.521
2439,KALMA,CWC,22,Chhattisgarh,379,JANJGIR - CHAMPA,DABHRA,-,-,Mahanadi,Mahanadi,-,-,-,Mahanadi,21.69472222,83.27777778,06-05-2026 08:15,10.521
2440,KALMA,CWC,22,Chhattisgarh,379,JANJGIR - CHAMPA,DABHRA,-,-,Mahanadi,Mahanadi,-,-,-,Mahanadi,21.69472222,83.27777778,07-05-2026 08:00,8.705
2441,KALMA,CWC,22,Chhattisgarh,379,JANJGIR - CHAMPA,DABHRA,-,-,Mahanadi,Mahanadi,-,-,-,Mahanadi,21.69472222,83.27777778,08-05-2026 08:00,1.46
2442,KALMA,CWC,22,Chhattisgarh,379,JANJGIR - CHAMPA,DABHRA,-,-,Mahanadi,Mahanadi,-,-,-,Mahanadi,21.69472222,83.27777778,09-05-2026 08:00,1.515
2443,KALMA,CWC,22,Chhattisgarh,379,JANJGIR - CHAMPA,DABHRA,-,-,Mahanadi,Mahanadi,-,-,-,Mahanadi,21.69472222,83.27777778,10-05-2026 08:00,1.5
2444,KALMA,CWC,22,Chhattisgarh,379,JANJGIR - CHAMPA,DABHRA,-,-,Mahanadi,Mahanadi,-,-,-,Mahanadi,21.69472222,83.27777778,11-05-2026 08:00,7.143
2445,KALMA,CWC,22,Chhattisgarh,379,JANJGIR - CHAMPA,DABHRA,-,-,Mahanadi,Mahanadi,-,-,-,Mahanadi,21.69472222,83.27777778,12-05-2026 08:00,1.442
2446,KALMA,CWC,22,Chhattisgarh,379,JANJGIR - CHAMPA,DABHRA,-,-,Mahanadi,Mahanadi,-,-,-,Mahanadi,21.69472222,83.27777778,13-05-2026 08:00,1.202
2447,KALMA,CWC,22,Chhattisgarh,379,JANJGIR - CHAMPA,DABHRA,-,-,Mahanadi,Mahanadi,-,-,-,Mahanadi,21.69472222,83.27777778,14-05-2026 08:00,1.465
2448,KALMA,CWC,22,Chhattisgarh,379,JANJGIR - CHAMPA,DABHRA,-,-,Mahanadi,Mahanadi,-,-,-,Mahanadi,21.69472222,83.27777778,15-05-2026 08:00,1.515
2449,KALMA,CWC,22,Chhattisgarh,379,JANJGIR - CHAMPA,DABHRA,-,-,Mahanadi,Mahanadi,-,-,-,Mahanadi,21.69472222,83.27777778,16-05-2026 08:00,1.346
2450,KALMA,CWC,22,Chhattisgarh,379,JANJGIR - CHAMPA,DABHRA,-,-,Mahanadi,Mahanadi,-,-,-,Mahanadi,21.69472222,83.27777778,17-05-2026 08:00,1.5
2451,KALMA,CWC,22,Chhattisgarh,379,JANJGIR - CHAMPA,DABHRA,-,-,Mahanadi,Mahanadi,-,-,-,Mahanadi,21.69472222,83.27777778,18-05-2026 08:00,1.533
2452,KALMA,CWC,22,Chhattisgarh,379,JANJGIR - CHAMPA,DABHRA,-,-,Mahanadi,Mahanadi,-,-,-,Mahanadi,21.69472222,83.27777778,19-05-2026 08:00,1.481
2453,KALMA,CWC,22,Chhattisgarh,379,JANJGIR - CHAMPA,DABHRA,-,-,Mahanadi,Mahanadi,-,-,-,Mahanadi,21.69472222,83.27777778,20-05-2026 08:00,1.226
2454,KALMA,CWC,22,Chhattisgarh,379,JANJGIR - CHAMPA,DABHRA,-,-,Mahanadi,Mahanadi,-,-,-,Mahanadi,21.69472222,83.27777778,21-05-2026 08:00,1.277
2455,KALMA,CWC,22,Chhattisgarh,379,JANJGIR - CHAMPA,DABHRA,-,-,Mahanadi,Mahanadi,-,-,-,Mahanadi,21.69472222,83.27777778,22-05-2026 08:00,1.505
2456,KALMA,CWC,22,Chhattisgarh,379,JANJGIR - CHAMPA,DABHRA,-,-,Mahanadi,Mahanadi,-,-,-,Mahanadi,21.69472222,83.27777778,23-05-2026 08:00,1.423
2457,KALMA,CWC,22,Chhattisgarh,379,JANJGIR - CHAMPA,DABHRA,-,-,Mahanadi,Mahanadi,-,-,-,Mahanadi,21.69472222,83.27777778,24-05-2026 08:00,1.5
2458,KALMA,CWC,22,Chhattisgarh,379,JANJGIR - CHAMPA,DABHRA,-,-,Mahanadi,Mahanadi,-,-,-,Mahanadi,21.69472222,83.27777778,25-05-2026 08:00,1.545
2459,KALMA,CWC,22,Chhattisgarh,379,JANJGIR - CHAMPA,DABHRA,-,-,Mahanadi,Mahanadi,-,-,-,Mahanadi,21.69472222,83.27777778,26-05-2026 08:00,1.471
2460,KALMA,CWC,22,Chhattisgarh,379,JANJGIR - CHAMPA,DABHRA,-,-,Mahanadi,Mahanadi,-,-,-,Mahanadi,21.69472222,83.27777778,27-05-2026 08:00,1.4
2461,KALMA,CWC,22,Chhattisgarh,379,JANJGIR - CHAMPA,DABHRA,-,-,Mahanadi,Mahanadi,-,-,-,Mahanadi,21.69472222,83.27777778,28-05-2026 08:00,1.24
2462,KALMA,CWC,22,Chhattisgarh,379,JANJGIR - CHAMPA,DABHRA,-,-,Mahanadi,Mahanadi,-,-,-,Mahanadi,21.69472222,83.27777778,29-05-2026 08:00,1.247
2463,KALMA,CWC,22,Chhattisgarh,379,JANJGIR - CHAMPA,DABHRA,-,-,Mahanadi,Mahanadi,-,-,-,Mahanadi,21.69472222,83.27777778,30-05-2026 08:00,1.484
2464,KALMA,CWC,22,Chhattisgarh,379,JANJGIR - CHAMPA,DABHRA,-,-,Mahanadi,Mahanadi,-,-,-,Mahanadi,21.69472222,83.27777778,31-05-2026 08:00,1.5
2465,KALMA,CWC,22,Chhattisgarh,379,JANJGIR - CHAMPA,DABHRA,-,-,Mahanadi,Mahanadi,-,-,-,Mahanadi,21.69472222,83.27777778,01-06-2026 08:00,1.385
2466,KALMA,CWC,22,Chhattisgarh,379,JANJGIR - CHAMPA,DABHRA,-,-,Mahanadi,Mahanadi,-,-,-,Mahanadi,21.69472222,83.27777778,02-06-2026 08:00,1.229
2467,KALMA,CWC,22,Chhattisgarh,379,JANJGIR - CHAMPA,DABHRA,-,-,Mahanadi,Mahanadi,-,-,-,Mahanadi,21.69472222,83.27777778,03-06-2026 08:00,1.213
2468,KALMA,CWC,22,Chhattisgarh,379,JANJGIR - CHAMPA,DABHRA,-,-,Mahanadi,Mahanadi,-,-,-,Mahanadi,21.69472222,83.27777778,04-06-2026 08:00,1.223
2469,KALMA,CWC,22,Chhattisgarh,379,JANJGIR - CHAMPA,DABHRA,-,-,Mahanadi,Mahanadi,-,-,-,Mahanadi,21.69472222,83.27777778,05-06-2026 08:00,18.349
2470,KALMA,CWC,22,Chhattisgarh,379,JANJGIR - CHAMPA,DABHRA,-,-,Mahanadi,Mahanadi,-,-,-,Mahanadi,21.69472222,83.27777778,06-06-2026 08:00,30.709
2471,KALMA,CWC,22,Chhattisgarh,379,JANJGIR - CHAMPA,DABHRA,-,-,Mahanadi,Mahanadi,-,-,-,Mahanadi,21.69472222,83.27777778,08-06-2026 08:00,24.621
2472,KALMA,CWC,22,Chhattisgarh,379,JANJGIR - CHAMPA,DABHRA,-,-,Mahanadi,Mahanadi,-,-,-,Mahanadi,21.69472222,83.27777778,09-06-2026 08:00,27.377
2473,KALMA,CWC,22,Chhattisgarh,379,JANJGIR - CHAMPA,DABHRA,-,-,Mahanadi,Mahanadi,-,-,-,Mahanadi,21.69472222,83.27777778,10-06-2026 08:00,25.346
2474,KALMA,CWC,22,Chhattisgarh,379,JANJGIR - CHAMPA,DABHRA,-,-,Mahanadi,Mahanadi,-,-,-,Mahanadi,21.69472222,83.27777778,11-06-2026 08:00,26.113
2475,KALMA,CWC,22,Chhattisgarh,379,JANJGIR - CHAMPA,DABHRA,-,-,Mahanadi,Mahanadi,-,-,-,Mahanadi,21.69472222,83.27777778,12-06-2026 08:00,72.072
2476,KALMA,CWC,22,Chhattisgarh,379,JANJGIR - CHAMPA,DABHRA,-,-,Mahanadi,Mahanadi,-,-,-,Mahanadi,21.69472222,83.27777778,13-06-2026 08:00,60.364
2477,KALMA,CWC,22,Chhattisgarh,379,JANJGIR - CHAMPA,DABHRA,-,-,Mahanadi,Mahanadi,-,-,-,Mahanadi,21.69472222,83.27777778,14-06-2026 08:00,16.3
2478,KALMA,CWC,22,Chhattisgarh,379,JANJGIR - CHAMPA,DABHRA,-,-,Mahanadi,Mahanadi,-,-,-,Mahanadi,21.69472222,83.27777778,15-06-2026 08:00,10.164
2479,KALMA,CWC,22,Chhattisgarh,379,JANJGIR - CHAMPA,DABHRA,-,-,Mahanadi,Mahanadi,-,-,-,Mahanadi,21.69472222,83.27777778,16-06-2026 08:00,9.23
2480,KALMA,CWC,22,Chhattisgarh,379,JANJGIR - CHAMPA,DABHRA,-,-,Mahanadi,Mahanadi,-,-,-,Mahanadi,21.69472222,83.27777778,17-06-2026 08:00,7.188
2481,KALMA,CWC,22,Chhattisgarh,379,JANJGIR - CHAMPA,DABHRA,-,-,Mahanadi,Mahanadi,-,-,-,Mahanadi,21.69472222,83.27777778,18-06-2026 08:00,6.111
2482,KALMA,CWC,22,Chhattisgarh,379,JANJGIR - CHAMPA,DABHRA,-,-,Mahanadi,Mahanadi,-,-,-,Mahanadi,21.69472222,83.27777778,19-06-2026 08:00,1.246
2483,KALMA,CWC,22,Chhattisgarh,379,JANJGIR - CHAMPA,DABHRA,-,-,Mahanadi,Mahanadi,-,-,-,Mahanadi,21.69472222,83.27777778,20-06-2026 08:00,1.186
2484,KALMA,CWC,22,Chhattisgarh,379,JANJGIR - CHAMPA,DABHRA,-,-,Mahanadi,Mahanadi,-,-,-,Mahanadi,21.69472222,83.27777778,22-06-2026 08:00,1.103
2485,KALMA,CWC,22,Chhattisgarh,379,JANJGIR - CHAMPA,DABHRA,-,-,Mahanadi,Mahanadi,-,-,-,Mahanadi,21.69472222,83.27777778,23-06-2026 08:00,1.076
2486,KALMA,CWC,22,Chhattisgarh,379,JANJGIR - CHAMPA,DABHRA,-,-,Mahanadi,Mahanadi,-,-,-,Mahanadi,21.69472222,83.27777778,24-06-2026 09:00,1.155
2487,KALMA,CWC,22,Chhattisgarh,379,JANJGIR - CHAMPA,DABHRA,-,-,Mahanadi,Mahanadi,-,-,-,Mahanadi,21.69472222,83.27777778,25-06-2026 08:00,1.064
2488,KALMA,CWC,22,Chhattisgarh,379,JANJGIR - CHAMPA,DABHRA,-,-,Mahanadi,Mahanadi,-,-,-,Mahanadi,21.69472222,83.27777778,27-06-2026 08:00,1.189
2489,KALMA,CWC,22,Chhattisgarh,379,JANJGIR - CHAMPA,DABHRA,-,-,Mahanadi,Mahanadi,-,-,-,Mahanadi,21.69472222,83.27777778,29-06-2026 08:00,1.777
2490,KALMA,CWC,22,Chhattisgarh,379,JANJGIR - CHAMPA,DABHRA,-,-,Mahanadi,Mahanadi,-,-,-,Mahanadi,21.69472222,83.27777778,30-06-2026 08:00,1.774
2491,KALMA,CWC,22,Chhattisgarh,379,JANJGIR - CHAMPA,DABHRA,-,-,Mahanadi,Mahanadi,-,-,-,Mahanadi,21.69472222,83.27777778,01-07-2026 08:00,1.743
2492,KALMA,CWC,22,Chhattisgarh,379,JANJGIR - CHAMPA,DABHRA,-,-,Mahanadi,Mahanadi,-,-,-,Mahanadi,21.69472222,83.27777778,01-07-2026 08:00,1.744
2493,KALMA,CWC,22,Chhattisgarh,379,JANJGIR - CHAMPA,DABHRA,-,-,Mahanadi,Mahanadi,-,-,-,Mahanadi,21.69472222,83.27777778,02-07-2026 08:00,95.808
2494,KALMA,CWC,22,Chhattisgarh,379,JANJGIR - CHAMPA,DABHRA,-,-,Mahanadi,Mahanadi,-,-,-,Mahanadi,21.69472222,83.27777778,03-07-2026 08:00,236.634
2495,KALMA,CWC,22,Chhattisgarh,379,JANJGIR - CHAMPA,DABHRA,-,-,Mahanadi,Mahanadi,-,-,-,Mahanadi,21.69472222,83.27777778,04-07-2026 09:00,1075.201
2496,KALMA,CWC,22,Chhattisgarh,379,JANJGIR - CHAMPA,DABHRA,-,-,Mahanadi,Mahanadi,-,-,-,Mahanadi,21.69472222,83.27777778,05-07-2026 08:00,520.1
2497,KALMA,CWC,22,Chhattisgarh,379,JANJGIR - CHAMPA,DABHRA,-,-,Mahanadi,Mahanadi,-,-,-,Mahanadi,21.69472222,83.27777778,06-07-2026 09:00,2120.222
2498,KALMA,CWC,22,Chhattisgarh,379,JANJGIR - CHAMPA,DABHRA,-,-,Mahanadi,Mahanadi,-,-,-,Mahanadi,21.69472222,83.27777778,07-07-2026 09:00,6030.68
2499,KALMA,CWC,22,Chhattisgarh,379,JANJGIR - CHAMPA,DABHRA,-,-,Mahanadi,Mahanadi,-,-,-,Mahanadi,21.69472222,83.27777778,08-07-2026 09:00,5476.255
2500,KALMA,CWC,22,Chhattisgarh,379,JANJGIR - CHAMPA,DABHRA,-,-,Mahanadi,Mahanadi,-,-,-,Mahanadi,21.69472222,83.27777778,09-07-2026 09:00,3224.588
2501,KALMA,CWC,22,Chhattisgarh,379,JANJGIR - CHAMPA,DABHRA,-,-,Mahanadi,Mahanadi,-,-,-,Mahanadi,21.69472222,83.27777778,10-07-2026 09:00,1612.719
2502,KALMA,CWC,22,Chhattisgarh,379,JANJGIR - CHAMPA,DABHRA,-,-,Mahanadi,Mahanadi,-,-,-,Mahanadi,21.69472222,83.27777778,11-07-2026 09:00,1149.404
2503,KALMA,CWC,22,Chhattisgarh,379,JANJGIR - CHAMPA,DABHRA,-,-,Mahanadi,Mahanadi,-,-,-,Mahanadi,21.69472222,83.27777778,12-07-2026 08:00,1078
2504,KALMA,CWC,22,Chhattisgarh,379,JANJGIR - CHAMPA,DABHRA,-,-,Mahanadi,Mahanadi,-,-,-,Mahanadi,21.69472222,83.27777778,13-07-2026 09:00,451.937
2505,KALMA,CWC,22,Chhattisgarh,379,JANJGIR - CHAMPA,DABHRA,-,-,Mahanadi,Mahanadi,-,-,-,Mahanadi,21.69472222,83.27777778,14-07-2026 09:00,292.224
2506,KALMA,CWC,22,Chhattisgarh,379,JANJGIR - CHAMPA,DABHRA,-,-,Mahanadi,Mahanadi,-,-,-,Mahanadi,21.69472222,83.27777778,15-07-2026 09:00,319.797
2507,KALMA,CWC,22,Chhattisgarh,379,JANJGIR - CHAMPA,DABHRA,-,-,Mahanadi,Mahanadi,-,-,-,Mahanadi,21.69472222,83.27777778,16-07-2026 08:00,306.71
2508,KALMA,CWC,22,Chhattisgarh,379,JANJGIR - CHAMPA,DABHRA,-,-,Mahanadi,Mahanadi,-,-,-,Mahanadi,21.69472222,83.27777778,17-07-2026 09:00,579.255
2509,KALMA,CWC,22,Chhattisgarh,379,JANJGIR - CHAMPA,DABHRA,-,-,Mahanadi,Mahanadi,-,-,-,Mahanadi,21.69472222,83.27777778,18-07-2026 09:00,2961.84
2510,KALMA,CWC,22,Chhattisgarh,379,JANJGIR - CHAMPA,DABHRA,-,-,Mahanadi,Mahanadi,-,-,-,Mahanadi,21.69472222,83.27777778,19-07-2026 08:00,1028.22
2511,KALMA,CWC,22,Chhattisgarh,379,JANJGIR - CHAMPA,DABHRA,-,-,Mahanadi,Mahanadi,-,-,-,Mahanadi,21.69472222,83.27777778,20-07-2026 09:00,2916.462
2512,KALMA,CWC,22,Chhattisgarh,379,JANJGIR - CHAMPA,DABHRA,-,-,Mahanadi,Mahanadi,-,-,-,Mahanadi,21.69472222,83.27777778,21-07-2026 09:00,2936.427
2513,KALMA,CWC,22,Chhattisgarh,379,JANJGIR - CHAMPA,DABHRA,-,-,Mahanadi,Mahanadi,-,-,-,Mahanadi,21.69472222,83.27777778,22-07-2026 09:00,4857.304
2514,KALMA,CWC,22,Chhattisgarh,379,JANJGIR - CHAMPA,DABHRA,-,-,Mahanadi,Mahanadi,-,-,-,Mahanadi,21.69472222,83.27777778,23-07-2026 09:00,6071.552
2515,KALMA,CWC,22,Chhattisgarh,379,JANJGIR - CHAMPA,DABHRA,-,-,Mahanadi,Mahanadi,-,-,-,Mahanadi,21.69472222,83.27777778,24-07-2026 09:00,4528.347
2516,KALMA,CWC,22,Chhattisgarh,379,JANJGIR - CHAMPA,DABHRA,-,-,Mahanadi,Mahanadi,-,-,-,Mahanadi,21.69472222,83.27777778,25-07-2026 09:00,3657.487
2517,KALMA,CWC,22,Chhattisgarh,379,JANJGIR - CHAMPA,DABHRA,-,-,Mahanadi,Mahanadi,-,-,-,Mahanadi,21.69472222,83.27777778,26-07-2026 08:00,2550
2518,KALMA,CWC,22,Chhattisgarh,379,JANJGIR - CHAMPA,DABHRA,-,-,Mahanadi,Mahanadi,-,-,-,Mahanadi,21.69472222,83.27777778,27-07-2026 09:00,3422.169
2519,KALMA,CWC,22,Chhattisgarh,379,JANJGIR - CHAMPA,DABHRA,-,-,Mahanadi,Mahanadi,-,-,-,Mahanadi,21.69472222,83.27777778,28-07-2026 09:00,3732.533
2520,KALMA,CWC,22,Chhattisgarh,379,JANJGIR - CHAMPA,DABHRA,-,-,Mahanadi,Mahanadi,-,-,-,Mahanadi,21.69472222,83.27777778,29-07-2026 08:00,3847.05
2521,KALMA,CWC,22,Chhattisgarh,379,JANJGIR - CHAMPA,DABHRA,-,-,Mahanadi,Mahanadi,-,-,-,Mahanadi,21.69472222,83.27777778,30-07-2026 09:00,6804.912
2522,KALMA,CWC,22,Chhattisgarh,379,JANJGIR - CHAMPA,DABHRA,-,-,Mahanadi,Mahanadi,-,-,-,Mahanadi,21.69472222,83.27777778,31-07-2026 09:00,10913.106
2523,KALMA,CWC,22,Chhattisgarh,379,JANJGIR - CHAMPA,DABHRA,-,-,Mahanadi,Mahanadi,-,-,-,Mahanadi,21.69472222,83.27777778,01-08-2026 09:00,7594.859
2524,KALMA,CWC,22,Chhattisgarh,379,JANJGIR - CHAMPA,DABHRA,-,-,Mahanadi,Mahanadi,-,-,-,Mahanadi,21.69472222,83.27777778,03-08-2026 09:00,2408.982
2525,KALMA,CWC,22,Chhattisgarh,379,JANJGIR - CHAMPA,DABHRA,-,-,Mahanadi,Mahanadi,-,-,-,Mahanadi,21.69472222,83.27777778,04-08-2026 09:00,1622.185
2526,KALMA,CWC,22,Chhattisgarh,379,JANJGIR - CHAMPA,DABHRA,-,-,Mahanadi,Mahanadi,-,-,-,Mahanadi,21.69472222,83.27777778,05-08-2026 09:00,1526.868
2527,KALMA,CWC,22,Chhattisgarh,379,JANJGIR - CHAMPA,DABHRA,-,-,Mahanadi,Mahanadi,-,-,-,Mahanadi,21.69472222,83.27777778,06-08-2026 09:00,2112.58
2528,KALMA,CWC,22,Chhattisgarh,379,JANJGIR - CHAMPA,DABHRA,-,-,Mahanadi,Mahanadi,-,-,-,Mahanadi,21.69472222,83.27777778,07-08-2026 09:00,3060.592
2529,KALMA,CWC,22,Chhattisgarh,379,JANJGIR - CHAMPA,DABHRA,-,-,Mahanadi,Mahanadi,-,-,-,Mahanadi,21.69472222,83.27777778,08-08-2026 09:00,3580.5522
2530,KALMA,CWC,22,Chhattisgarh,379,JANJGIR - CHAMPA,DABHRA,-,-,Mahanadi,Mahanadi,-,-,-,Mahanadi,21.69472222,83.27777778,10-08-2026 09:00,5325.665
2531,Kelo at Raigarh,CWC,22,Chhattisgarh,386,RAIGARH,RAIGARH,-,-,Mahanadi,Mahanadi,Kelo,-,-,Kelo,21.89111111,83.39916667,01-06-2026 08:00,23
2532,Kelo at Raigarh,CWC,22,Chhattisgarh,386,RAIGARH,RAIGARH,-,-,Mahanadi,Mahanadi,Kelo,-,-,Kelo,21.89111111,83.39916667,02-06-2026 08:00,22.5
2533,Kelo at Raigarh,CWC,22,Chhattisgarh,386,RAIGARH,RAIGARH,-,-,Mahanadi,Mahanadi,Kelo,-,-,Kelo,21.89111111,83.39916667,03-06-2026 08:00,22.5
2534,Kelo at Raigarh,CWC,22,Chhattisgarh,386,RAIGARH,RAIGARH,-,-,Mahanadi,Mahanadi,Kelo,-,-,Kelo,21.89111111,83.39916667,04-06-2026 08:00,22.5
2535,Kelo at Raigarh,CWC,22,Chhattisgarh,386,RAIGARH,RAIGARH,-,-,Mahanadi,Mahanadi,Kelo,-,-,Kelo,21.89111111,83.39916667,05-06-2026 08:00,22.5
2536,Kelo at Raigarh,CWC,22,Chhattisgarh,386,RAIGARH,RAIGARH,-,-,Mahanadi,Mahanadi,Kelo,-,-,Kelo,21.89111111,83.39916667,06-06-2026 08:00,22.5
2537,Kelo at Raigarh,CWC,22,Chhattisgarh,386,RAIGARH,RAIGARH,-,-,Mahanadi,Mahanadi,Kelo,-,-,Kelo,21.89111111,83.39916667,07-06-2026 08:00,22.5
2538,Kelo at Raigarh,CWC,22,Chhattisgarh,386,RAIGARH,RAIGARH,-,-,Mahanadi,Mahanadi,Kelo,-,-,Kelo,21.89111111,83.39916667,08-06-2026 08:00,22.5
2539,Kelo at Raigarh,CWC,22,Chhattisgarh,386,RAIGARH,RAIGARH,-,-,Mahanadi,Mahanadi,Kelo,-,-,Kelo,21.89111111,83.39916667,09-06-2026 08:00,22.5
2540,Kelo at Raigarh,CWC,22,Chhattisgarh,386,RAIGARH,RAIGARH,-,-,Mahanadi,Mahanadi,Kelo,-,-,Kelo,21.89111111,83.39916667,10-06-2026 08:00,22.5
2541,Kelo at Raigarh,CWC,22,Chhattisgarh,386,RAIGARH,RAIGARH,-,-,Mahanadi,Mahanadi,Kelo,-,-,Kelo,21.89111111,83.39916667,11-06-2026 08:00,22.5
2542,Kelo at Raigarh,CWC,22,Chhattisgarh,386,RAIGARH,RAIGARH,-,-,Mahanadi,Mahanadi,Kelo,-,-,Kelo,21.89111111,83.39916667,12-06-2026 08:00,22.5
2543,Kelo at Raigarh,CWC,22,Chhattisgarh,386,RAIGARH,RAIGARH,-,-,Mahanadi,Mahanadi,Kelo,-,-,Kelo,21.89111111,83.39916667,13-06-2026 08:00,22.5
2544,Kelo at Raigarh,CWC,22,Chhattisgarh,386,RAIGARH,RAIGARH,-,-,Mahanadi,Mahanadi,Kelo,-,-,Kelo,21.89111111,83.39916667,14-06-2026 08:00,22.5
2545,Kelo at Raigarh,CWC,22,Chhattisgarh,386,RAIGARH,RAIGARH,-,-,Mahanadi,Mahanadi,Kelo,-,-,Kelo,21.89111111,83.39916667,15-06-2026 08:00,22.5
2546,Kelo at Raigarh,CWC,22,Chhattisgarh,386,RAIGARH,RAIGARH,-,-,Mahanadi,Mahanadi,Kelo,-,-,Kelo,21.89111111,83.39916667,16-06-2026 08:00,22
2547,Kelo at Raigarh,CWC,22,Chhattisgarh,386,RAIGARH,RAIGARH,-,-,Mahanadi,Mahanadi,Kelo,-,-,Kelo,21.89111111,83.39916667,17-06-2026 08:00,22
2548,Kelo at Raigarh,CWC,22,Chhattisgarh,386,RAIGARH,RAIGARH,-,-,Mahanadi,Mahanadi,Kelo,-,-,Kelo,21.89111111,83.39916667,18-06-2026 08:00,22
2549,Kelo at Raigarh,CWC,22,Chhattisgarh,386,RAIGARH,RAIGARH,-,-,Mahanadi,Mahanadi,Kelo,-,-,Kelo,21.89111111,83.39916667,19-06-2026 08:00,22
2550,Kelo at Raigarh,CWC,22,Chhattisgarh,386,RAIGARH,RAIGARH,-,-,Mahanadi,Mahanadi,Kelo,-,-,Kelo,21.89111111,83.39916667,20-06-2026 08:00,22
2551,Kelo at Raigarh,CWC,22,Chhattisgarh,386,RAIGARH,RAIGARH,-,-,Mahanadi,Mahanadi,Kelo,-,-,Kelo,21.89111111,83.39916667,21-06-2026 08:00,22
2552,Kelo at Raigarh,CWC,22,Chhattisgarh,386,RAIGARH,RAIGARH,-,-,Mahanadi,Mahanadi,Kelo,-,-,Kelo,21.89111111,83.39916667,22-06-2026 08:00,22
2553,Kelo at Raigarh,CWC,22,Chhattisgarh,386,RAIGARH,RAIGARH,-,-,Mahanadi,Mahanadi,Kelo,-,-,Kelo,21.89111111,83.39916667,23-06-2026 08:00,22
2554,Kelo at Raigarh,CWC,22,Chhattisgarh,386,RAIGARH,RAIGARH,-,-,Mahanadi,Mahanadi,Kelo,-,-,Kelo,21.89111111,83.39916667,24-06-2026 08:00,22
2555,Kelo at Raigarh,CWC,22,Chhattisgarh,386,RAIGARH,RAIGARH,-,-,Mahanadi,Mahanadi,Kelo,-,-,Kelo,21.89111111,83.39916667,25-06-2026 08:00,22
2556,Kelo at Raigarh,CWC,22,Chhattisgarh,386,RAIGARH,RAIGARH,-,-,Mahanadi,Mahanadi,Kelo,-,-,Kelo,21.89111111,83.39916667,26-06-2026 08:00,22
2557,Kelo at Raigarh,CWC,22,Chhattisgarh,386,RAIGARH,RAIGARH,-,-,Mahanadi,Mahanadi,Kelo,-,-,Kelo,21.89111111,83.39916667,27-06-2026 08:00,22
2558,Kelo at Raigarh,CWC,22,Chhattisgarh,386,RAIGARH,RAIGARH,-,-,Mahanadi,Mahanadi,Kelo,-,-,Kelo,21.89111111,83.39916667,28-06-2026 08:00,22
2559,Kelo at Raigarh,CWC,22,Chhattisgarh,386,RAIGARH,RAIGARH,-,-,Mahanadi,Mahanadi,Kelo,-,-,Kelo,21.89111111,83.39916667,29-06-2026 08:00,22
2560,Kelo at Raigarh,CWC,22,Chhattisgarh,386,RAIGARH,RAIGARH,-,-,Mahanadi,Mahanadi,Kelo,-,-,Kelo,21.89111111,83.39916667,30-06-2026 08:00,22
2561,Kelo at Raigarh,CWC,22,Chhattisgarh,386,RAIGARH,RAIGARH,-,-,Mahanadi,Mahanadi,Kelo,-,-,Kelo,21.89111111,83.39916667,01-07-2026 08:00,22
2562,Kelo at Raigarh,CWC,22,Chhattisgarh,386,RAIGARH,RAIGARH,-,-,Mahanadi,Mahanadi,Kelo,-,-,Kelo,21.89111111,83.39916667,02-07-2026 08:00,22
2563,Kelo at Raigarh,CWC,22,Chhattisgarh,386,RAIGARH,RAIGARH,-,-,Mahanadi,Mahanadi,Kelo,-,-,Kelo,21.89111111,83.39916667,03-07-2026 08:00,22
2564,Kelo at Raigarh,CWC,22,Chhattisgarh,386,RAIGARH,RAIGARH,-,-,Mahanadi,Mahanadi,Kelo,-,-,Kelo,21.89111111,83.39916667,04-07-2026 08:00,32
2565,Kelo at Raigarh,CWC,22,Chhattisgarh,386,RAIGARH,RAIGARH,-,-,Mahanadi,Mahanadi,Kelo,-,-,Kelo,21.89111111,83.39916667,05-07-2026 08:00,22
2566,Kelo at Raigarh,CWC,22,Chhattisgarh,386,RAIGARH,RAIGARH,-,-,Mahanadi,Mahanadi,Kelo,-,-,Kelo,21.89111111,83.39916667,06-07-2026 08:00,500
2567,Kelo at Raigarh,CWC,22,Chhattisgarh,386,RAIGARH,RAIGARH,-,-,Mahanadi,Mahanadi,Kelo,-,-,Kelo,21.89111111,83.39916667,07-07-2026 08:00,300
2568,Kelo at Raigarh,CWC,22,Chhattisgarh,386,RAIGARH,RAIGARH,-,-,Mahanadi,Mahanadi,Kelo,-,-,Kelo,21.89111111,83.39916667,08-07-2026 08:00,60
2569,Kelo at Raigarh,CWC,22,Chhattisgarh,386,RAIGARH,RAIGARH,-,-,Mahanadi,Mahanadi,Kelo,-,-,Kelo,21.89111111,83.39916667,09-07-2026 08:00,40
2570,Kelo at Raigarh,CWC,22,Chhattisgarh,386,RAIGARH,RAIGARH,-,-,Mahanadi,Mahanadi,Kelo,-,-,Kelo,21.89111111,83.39916667,10-07-2026 08:00,40
2571,Kelo at Raigarh,CWC,22,Chhattisgarh,386,RAIGARH,RAIGARH,-,-,Mahanadi,Mahanadi,Kelo,-,-,Kelo,21.89111111,83.39916667,11-07-2026 08:00,40
2572,Kelo at Raigarh,CWC,22,Chhattisgarh,386,RAIGARH,RAIGARH,-,-,Mahanadi,Mahanadi,Kelo,-,-,Kelo,21.89111111,83.39916667,12-07-2026 08:00,25
2573,Kelo at Raigarh,CWC,22,Chhattisgarh,386,RAIGARH,RAIGARH,-,-,Mahanadi,Mahanadi,Kelo,-,-,Kelo,21.89111111,83.39916667,13-07-2026 08:00,25
2574,Kelo at Raigarh,CWC,22,Chhattisgarh,386,RAIGARH,RAIGARH,-,-,Mahanadi,Mahanadi,Kelo,-,-,Kelo,21.89111111,83.39916667,14-07-2026 08:00,25
2575,Kelo at Raigarh,CWC,22,Chhattisgarh,386,RAIGARH,RAIGARH,-,-,Mahanadi,Mahanadi,Kelo,-,-,Kelo,21.89111111,83.39916667,15-07-2026 08:00,25
2576,Kelo at Raigarh,CWC,22,Chhattisgarh,386,RAIGARH,RAIGARH,-,-,Mahanadi,Mahanadi,Kelo,-,-,Kelo,21.89111111,83.39916667,16-07-2026 08:00,25
2577,Kelo at Raigarh,CWC,22,Chhattisgarh,386,RAIGARH,RAIGARH,-,-,Mahanadi,Mahanadi,Kelo,-,-,Kelo,21.89111111,83.39916667,17-07-2026 08:00,25
2578,Kelo at Raigarh,CWC,22,Chhattisgarh,386,RAIGARH,RAIGARH,-,-,Mahanadi,Mahanadi,Kelo,-,-,Kelo,21.89111111,83.39916667,18-07-2026 08:00,22.5
2579,Kelo at Raigarh,CWC,22,Chhattisgarh,386,RAIGARH,RAIGARH,-,-,Mahanadi,Mahanadi,Kelo,-,-,Kelo,21.89111111,83.39916667,19-07-2026 08:00,22.5
2580,Kelo at Raigarh,CWC,22,Chhattisgarh,386,RAIGARH,RAIGARH,-,-,Mahanadi,Mahanadi,Kelo,-,-,Kelo,21.89111111,83.39916667,20-07-2026 08:00,22.5
2581,Kelo at Raigarh,CWC,22,Chhattisgarh,386,RAIGARH,RAIGARH,-,-,Mahanadi,Mahanadi,Kelo,-,-,Kelo,21.89111111,83.39916667,21-07-2026 08:00,22.5
2582,Kelo at Raigarh,CWC,22,Chhattisgarh,386,RAIGARH,RAIGARH,-,-,Mahanadi,Mahanadi,Kelo,-,-,Kelo,21.89111111,83.39916667,22-07-2026 08:00,500
2583,Kelo at Raigarh,CWC,22,Chhattisgarh,386,RAIGARH,RAIGARH,-,-,Mahanadi,Mahanadi,Kelo,-,-,Kelo,21.89111111,83.39916667,23-07-2026 08:00,180
2584,Kelo at Raigarh,CWC,22,Chhattisgarh,386,RAIGARH,RAIGARH,-,-,Mahanadi,Mahanadi,Kelo,-,-,Kelo,21.89111111,83.39916667,24-07-2026 08:00,170
2585,Kelo at Raigarh,CWC,22,Chhattisgarh,386,RAIGARH,RAIGARH,-,-,Mahanadi,Mahanadi,Kelo,-,-,Kelo,21.89111111,83.39916667,25-07-2026 08:00,45
2586,Kelo at Raigarh,CWC,22,Chhattisgarh,386,RAIGARH,RAIGARH,-,-,Mahanadi,Mahanadi,Kelo,-,-,Kelo,21.89111111,83.39916667,26-07-2026 08:00,40
2587,Kelo at Raigarh,CWC,22,Chhattisgarh,386,RAIGARH,RAIGARH,-,-,Mahanadi,Mahanadi,Kelo,-,-,Kelo,21.89111111,83.39916667,27-07-2026 08:00,75
2588,Kelo at Raigarh,CWC,22,Chhattisgarh,386,RAIGARH,RAIGARH,-,-,Mahanadi,Mahanadi,Kelo,-,-,Kelo,21.89111111,83.39916667,28-07-2026 08:00,300
2589,Kelo at Raigarh,CWC,22,Chhattisgarh,386,RAIGARH,RAIGARH,-,-,Mahanadi,Mahanadi,Kelo,-,-,Kelo,21.89111111,83.39916667,29-07-2026 08:00,180
2590,Kelo at Raigarh,CWC,22,Chhattisgarh,386,RAIGARH,RAIGARH,-,-,Mahanadi,Mahanadi,Kelo,-,-,Kelo,21.89111111,83.39916667,30-07-2026 08:00,140
2591,Kelo at Raigarh,CWC,22,Chhattisgarh,386,RAIGARH,RAIGARH,-,-,Mahanadi,Mahanadi,Kelo,-,-,Kelo,21.89111111,83.39916667,31-07-2026 08:00,40
2592,Kerlapal (Malinger),CWC,22,Chhattisgarh,642,SUKMA,KONTA,-,-,Godavari,Godavari,Sabari,-,-,-,18.29194444,81.57000000,22-01-2026 08:00,13.09
2593,Kerlapal (Malinger),CWC,22,Chhattisgarh,642,SUKMA,KONTA,-,-,Godavari,Godavari,Sabari,-,-,-,18.29194444,81.57000000,23-01-2026 08:00,15.058
2594,Kerlapal (Malinger),CWC,22,Chhattisgarh,642,SUKMA,KONTA,-,-,Godavari,Godavari,Sabari,-,-,-,18.29194444,81.57000000,24-01-2026 08:00,14.899
2595,Kerlapal (Malinger),CWC,22,Chhattisgarh,642,SUKMA,KONTA,-,-,Godavari,Godavari,Sabari,-,-,-,18.29194444,81.57000000,27-01-2026 08:00,8.93
2596,Kerlapal (Malinger),CWC,22,Chhattisgarh,642,SUKMA,KONTA,-,-,Godavari,Godavari,Sabari,-,-,-,18.29194444,81.57000000,28-01-2026 08:00,7.59
2597,Kerlapal (Malinger),CWC,22,Chhattisgarh,642,SUKMA,KONTA,-,-,Godavari,Godavari,Sabari,-,-,-,18.29194444,81.57000000,29-01-2026 08:00,5.999
2598,Kerlapal (Malinger),CWC,22,Chhattisgarh,642,SUKMA,KONTA,-,-,Godavari,Godavari,Sabari,-,-,-,18.29194444,81.57000000,30-01-2026 08:00,4.532
2599,Kerlapal (Malinger),CWC,22,Chhattisgarh,642,SUKMA,KONTA,-,-,Godavari,Godavari,Sabari,-,-,-,18.29194444,81.57000000,31-01-2026 08:00,4.32
2600,Kerlapal (Malinger),CWC,22,Chhattisgarh,642,SUKMA,KONTA,-,-,Godavari,Godavari,Sabari,-,-,-,18.29194444,81.57000000,01-02-2026 08:00,4.22
2601,Kerlapal (Malinger),CWC,22,Chhattisgarh,642,SUKMA,KONTA,-,-,Godavari,Godavari,Sabari,-,-,-,18.29194444,81.57000000,02-02-2026 08:00,3.122
2602,Kerlapal (Malinger),CWC,22,Chhattisgarh,642,SUKMA,KONTA,-,-,Godavari,Godavari,Sabari,-,-,-,18.29194444,81.57000000,03-02-2026 08:00,2.884
2603,Kerlapal (Malinger),CWC,22,Chhattisgarh,642,SUKMA,KONTA,-,-,Godavari,Godavari,Sabari,-,-,-,18.29194444,81.57000000,04-02-2026 08:00,2.413
2604,Kerlapal (Malinger),CWC,22,Chhattisgarh,642,SUKMA,KONTA,-,-,Godavari,Godavari,Sabari,-,-,-,18.29194444,81.57000000,05-02-2026 08:00,1.901
2605,Kerlapal (Malinger),CWC,22,Chhattisgarh,642,SUKMA,KONTA,-,-,Godavari,Godavari,Sabari,-,-,-,18.29194444,81.57000000,06-02-2026 08:00,1.868
2606,Kerlapal (Malinger),CWC,22,Chhattisgarh,642,SUKMA,KONTA,-,-,Godavari,Godavari,Sabari,-,-,-,18.29194444,81.57000000,07-02-2026 08:00,1.794
2607,Kerlapal (Malinger),CWC,22,Chhattisgarh,642,SUKMA,KONTA,-,-,Godavari,Godavari,Sabari,-,-,-,18.29194444,81.57000000,08-02-2026 08:00,1.76
2608,Kerlapal (Malinger),CWC,22,Chhattisgarh,642,SUKMA,KONTA,-,-,Godavari,Godavari,Sabari,-,-,-,18.29194444,81.57000000,09-02-2026 08:00,1.737
2609,Kerlapal (Malinger),CWC,22,Chhattisgarh,642,SUKMA,KONTA,-,-,Godavari,Godavari,Sabari,-,-,-,18.29194444,81.57000000,10-02-2026 08:00,1.605
2610,Kerlapal (Malinger),CWC,22,Chhattisgarh,642,SUKMA,KONTA,-,-,Godavari,Godavari,Sabari,-,-,-,18.29194444,81.57000000,11-02-2026 08:00,1.538
2611,Kerlapal (Malinger),CWC,22,Chhattisgarh,642,SUKMA,KONTA,-,-,Godavari,Godavari,Sabari,-,-,-,18.29194444,81.57000000,12-02-2026 08:00,1.439
2612,Kerlapal (Malinger),CWC,22,Chhattisgarh,642,SUKMA,KONTA,-,-,Godavari,Godavari,Sabari,-,-,-,18.29194444,81.57000000,13-02-2026 08:00,1.393
2613,Kerlapal (Malinger),CWC,22,Chhattisgarh,642,SUKMA,KONTA,-,-,Godavari,Godavari,Sabari,-,-,-,18.29194444,81.57000000,14-02-2026 08:00,1.35
2614,Kerlapal (Malinger),CWC,22,Chhattisgarh,642,SUKMA,KONTA,-,-,Godavari,Godavari,Sabari,-,-,-,18.29194444,81.57000000,15-02-2026 08:00,1.25
2615,Kerlapal (Malinger),CWC,22,Chhattisgarh,642,SUKMA,KONTA,-,-,Godavari,Godavari,Sabari,-,-,-,18.29194444,81.57000000,16-02-2026 08:00,1.11
2616,Kerlapal (Malinger),CWC,22,Chhattisgarh,642,SUKMA,KONTA,-,-,Godavari,Godavari,Sabari,-,-,-,18.29194444,81.57000000,17-02-2026 08:00,1.093
2617,Kerlapal (Malinger),CWC,22,Chhattisgarh,642,SUKMA,KONTA,-,-,Godavari,Godavari,Sabari,-,-,-,18.29194444,81.57000000,18-02-2026 08:00,1.028
2618,Kerlapal (Malinger),CWC,22,Chhattisgarh,642,SUKMA,KONTA,-,-,Godavari,Godavari,Sabari,-,-,-,18.29194444,81.57000000,19-02-2026 08:00,0.91
2619,Kerlapal (Malinger),CWC,22,Chhattisgarh,642,SUKMA,KONTA,-,-,Godavari,Godavari,Sabari,-,-,-,18.29194444,81.57000000,20-02-2026 08:00,0.88
2620,Kerlapal (Malinger),CWC,22,Chhattisgarh,642,SUKMA,KONTA,-,-,Godavari,Godavari,Sabari,-,-,-,18.29194444,81.57000000,21-02-2026 08:00,0.91
2621,Kerlapal (Malinger),CWC,22,Chhattisgarh,642,SUKMA,KONTA,-,-,Godavari,Godavari,Sabari,-,-,-,18.29194444,81.57000000,22-02-2026 08:00,0.87
2622,Kerlapal (Malinger),CWC,22,Chhattisgarh,642,SUKMA,KONTA,-,-,Godavari,Godavari,Sabari,-,-,-,18.29194444,81.57000000,23-02-2026 08:00,0.87
2623,Kerlapal (Malinger),CWC,22,Chhattisgarh,642,SUKMA,KONTA,-,-,Godavari,Godavari,Sabari,-,-,-,18.29194444,81.57000000,24-02-2026 08:00,0.84
2624,Kerlapal (Malinger),CWC,22,Chhattisgarh,642,SUKMA,KONTA,-,-,Godavari,Godavari,Sabari,-,-,-,18.29194444,81.57000000,25-02-2026 08:00,0.84
2625,Kerlapal (Malinger),CWC,22,Chhattisgarh,642,SUKMA,KONTA,-,-,Godavari,Godavari,Sabari,-,-,-,18.29194444,81.57000000,26-02-2026 08:00,0.9
2626,Kerlapal (Malinger),CWC,22,Chhattisgarh,642,SUKMA,KONTA,-,-,Godavari,Godavari,Sabari,-,-,-,18.29194444,81.57000000,27-02-2026 08:00,0.84
2627,Kerlapal (Malinger),CWC,22,Chhattisgarh,642,SUKMA,KONTA,-,-,Godavari,Godavari,Sabari,-,-,-,18.29194444,81.57000000,28-02-2026 08:00,0.87
2628,Kerlapal (Malinger),CWC,22,Chhattisgarh,642,SUKMA,KONTA,-,-,Godavari,Godavari,Sabari,-,-,-,18.29194444,81.57000000,01-07-2026 09:00,0
2629,Kerlapal (Malinger),CWC,22,Chhattisgarh,642,SUKMA,KONTA,-,-,Godavari,Godavari,Sabari,-,-,-,18.29194444,81.57000000,04-07-2026 08:00,4.541
2630,Kerlapal (Malinger),CWC,22,Chhattisgarh,642,SUKMA,KONTA,-,-,Godavari,Godavari,Sabari,-,-,-,18.29194444,81.57000000,08-07-2026 08:00,5.257
2631,Kerlapal (Malinger),CWC,22,Chhattisgarh,642,SUKMA,KONTA,-,-,Godavari,Godavari,Sabari,-,-,-,18.29194444,81.57000000,09-07-2026 08:00,4.236
2632,Kerlapal (Malinger),CWC,22,Chhattisgarh,642,SUKMA,KONTA,-,-,Godavari,Godavari,Sabari,-,-,-,18.29194444,81.57000000,10-07-2026 08:00,5.384
2633,Kerlapal (Malinger),CWC,22,Chhattisgarh,642,SUKMA,KONTA,-,-,Godavari,Godavari,Sabari,-,-,-,18.29194444,81.57000000,11-07-2026 09:00,0
2634,Kerlapal (Malinger),CWC,22,Chhattisgarh,642,SUKMA,KONTA,-,-,Godavari,Godavari,Sabari,-,-,-,18.29194444,81.57000000,12-07-2026 09:00,0
2635,Kerlapal (Malinger),CWC,22,Chhattisgarh,642,SUKMA,KONTA,-,-,Godavari,Godavari,Sabari,-,-,-,18.29194444,81.57000000,13-07-2026 09:00,0
2636,Kerlapal (Malinger),CWC,22,Chhattisgarh,642,SUKMA,KONTA,-,-,Godavari,Godavari,Sabari,-,-,-,18.29194444,81.57000000,14-07-2026 09:00,0
2637,Kerlapal (Malinger),CWC,22,Chhattisgarh,642,SUKMA,KONTA,-,-,Godavari,Godavari,Sabari,-,-,-,18.29194444,81.57000000,15-07-2026 09:00,0
2638,Kerlapal (Malinger),CWC,22,Chhattisgarh,642,SUKMA,KONTA,-,-,Godavari,Godavari,Sabari,-,-,-,18.29194444,81.57000000,16-07-2026 08:00,8.289
2639,Kerlapal (Malinger),CWC,22,Chhattisgarh,642,SUKMA,KONTA,-,-,Godavari,Godavari,Sabari,-,-,-,18.29194444,81.57000000,17-07-2026 08:00,4.983
2640,Kerlapal (Malinger),CWC,22,Chhattisgarh,642,SUKMA,KONTA,-,-,Godavari,Godavari,Sabari,-,-,-,18.29194444,81.57000000,18-07-2026 08:00,4.518
2641,Kerlapal (Malinger),CWC,22,Chhattisgarh,642,SUKMA,KONTA,-,-,Godavari,Godavari,Sabari,-,-,-,18.29194444,81.57000000,20-07-2026 08:00,3.935
2642,Kerlapal (Malinger),CWC,22,Chhattisgarh,642,SUKMA,KONTA,-,-,Godavari,Godavari,Sabari,-,-,-,18.29194444,81.57000000,21-07-2026 08:00,3.823
2643,Kerlapal (Malinger),CWC,22,Chhattisgarh,642,SUKMA,KONTA,-,-,Godavari,Godavari,Sabari,-,-,-,18.29194444,81.57000000,22-07-2026 08:00,4.734
2644,Kerlapal (Malinger),CWC,22,Chhattisgarh,642,SUKMA,KONTA,-,-,Godavari,Godavari,Sabari,-,-,-,18.29194444,81.57000000,23-07-2026 08:00,8.058
2645,Kerlapal (Malinger),CWC,22,Chhattisgarh,642,SUKMA,KONTA,-,-,Godavari,Godavari,Sabari,-,-,-,18.29194444,81.57000000,24-07-2026 08:00,5.212
2646,Kerlapal (Malinger),CWC,22,Chhattisgarh,642,SUKMA,KONTA,-,-,Godavari,Godavari,Sabari,-,-,-,18.29194444,81.57000000,25-07-2026 09:00,4.869
2647,Kerlapal (Malinger),CWC,22,Chhattisgarh,642,SUKMA,KONTA,-,-,Godavari,Godavari,Sabari,-,-,-,18.29194444,81.57000000,27-07-2026 08:00,2.925
2648,Kerlapal (Malinger),CWC,22,Chhattisgarh,642,SUKMA,KONTA,-,-,Godavari,Godavari,Sabari,-,-,-,18.29194444,81.57000000,28-07-2026 08:00,5.328
2649,Kiwaibalenga (Bawardhi),CWC,22,Chhattisgarh,643,KONDAGAON,KONDAGAON,KONDAGAON,Chipawand,Godavari,Godavari,Indravathi,Bawardhi,-,Bawardhi,19.64472222,81.55138889,01-01-2026 08:00,0
2650,Kiwaibalenga (Bawardhi),CWC,22,Chhattisgarh,643,KONDAGAON,KONDAGAON,KONDAGAON,Chipawand,Godavari,Godavari,Indravathi,Bawardhi,-,Bawardhi,19.64472222,81.55138889,02-01-2026 08:00,0
2651,Kiwaibalenga (Bawardhi),CWC,22,Chhattisgarh,643,KONDAGAON,KONDAGAON,KONDAGAON,Chipawand,Godavari,Godavari,Indravathi,Bawardhi,-,Bawardhi,19.64472222,81.55138889,03-01-2026 08:00,0
2652,Kiwaibalenga (Bawardhi),CWC,22,Chhattisgarh,643,KONDAGAON,KONDAGAON,KONDAGAON,Chipawand,Godavari,Godavari,Indravathi,Bawardhi,-,Bawardhi,19.64472222,81.55138889,04-01-2026 08:00,0
2653,Kiwaibalenga (Bawardhi),CWC,22,Chhattisgarh,643,KONDAGAON,KONDAGAON,KONDAGAON,Chipawand,Godavari,Godavari,Indravathi,Bawardhi,-,Bawardhi,19.64472222,81.55138889,05-01-2026 08:00,0
2654,Kiwaibalenga (Bawardhi),CWC,22,Chhattisgarh,643,KONDAGAON,KONDAGAON,KONDAGAON,Chipawand,Godavari,Godavari,Indravathi,Bawardhi,-,Bawardhi,19.64472222,81.55138889,06-01-2026 08:00,0
2655,Kiwaibalenga (Bawardhi),CWC,22,Chhattisgarh,643,KONDAGAON,KONDAGAON,KONDAGAON,Chipawand,Godavari,Godavari,Indravathi,Bawardhi,-,Bawardhi,19.64472222,81.55138889,07-01-2026 08:00,0
2656,Kiwaibalenga (Bawardhi),CWC,22,Chhattisgarh,643,KONDAGAON,KONDAGAON,KONDAGAON,Chipawand,Godavari,Godavari,Indravathi,Bawardhi,-,Bawardhi,19.64472222,81.55138889,08-01-2026 08:00,0
2657,Kiwaibalenga (Bawardhi),CWC,22,Chhattisgarh,643,KONDAGAON,KONDAGAON,KONDAGAON,Chipawand,Godavari,Godavari,Indravathi,Bawardhi,-,Bawardhi,19.64472222,81.55138889,09-01-2026 08:00,0
2658,Kiwaibalenga (Bawardhi),CWC,22,Chhattisgarh,643,KONDAGAON,KONDAGAON,KONDAGAON,Chipawand,Godavari,Godavari,Indravathi,Bawardhi,-,Bawardhi,19.64472222,81.55138889,10-01-2026 08:00,0
2659,Kiwaibalenga (Bawardhi),CWC,22,Chhattisgarh,643,KONDAGAON,KONDAGAON,KONDAGAON,Chipawand,Godavari,Godavari,Indravathi,Bawardhi,-,Bawardhi,19.64472222,81.55138889,11-01-2026 08:00,0
2660,Kiwaibalenga (Bawardhi),CWC,22,Chhattisgarh,643,KONDAGAON,KONDAGAON,KONDAGAON,Chipawand,Godavari,Godavari,Indravathi,Bawardhi,-,Bawardhi,19.64472222,81.55138889,12-01-2026 08:00,0
2661,Kiwaibalenga (Bawardhi),CWC,22,Chhattisgarh,643,KONDAGAON,KONDAGAON,KONDAGAON,Chipawand,Godavari,Godavari,Indravathi,Bawardhi,-,Bawardhi,19.64472222,81.55138889,13-01-2026 08:00,0
2662,Kiwaibalenga (Bawardhi),CWC,22,Chhattisgarh,643,KONDAGAON,KONDAGAON,KONDAGAON,Chipawand,Godavari,Godavari,Indravathi,Bawardhi,-,Bawardhi,19.64472222,81.55138889,14-01-2026 08:00,0
2663,Kiwaibalenga (Bawardhi),CWC,22,Chhattisgarh,643,KONDAGAON,KONDAGAON,KONDAGAON,Chipawand,Godavari,Godavari,Indravathi,Bawardhi,-,Bawardhi,19.64472222,81.55138889,15-01-2026 08:00,0
2664,Kiwaibalenga (Bawardhi),CWC,22,Chhattisgarh,643,KONDAGAON,KONDAGAON,KONDAGAON,Chipawand,Godavari,Godavari,Indravathi,Bawardhi,-,Bawardhi,19.64472222,81.55138889,16-01-2026 08:00,0
2665,Kiwaibalenga (Bawardhi),CWC,22,Chhattisgarh,643,KONDAGAON,KONDAGAON,KONDAGAON,Chipawand,Godavari,Godavari,Indravathi,Bawardhi,-,Bawardhi,19.64472222,81.55138889,17-01-2026 08:00,0
2666,Kiwaibalenga (Bawardhi),CWC,22,Chhattisgarh,643,KONDAGAON,KONDAGAON,KONDAGAON,Chipawand,Godavari,Godavari,Indravathi,Bawardhi,-,Bawardhi,19.64472222,81.55138889,18-01-2026 08:00,0
2667,Kiwaibalenga (Bawardhi),CWC,22,Chhattisgarh,643,KONDAGAON,KONDAGAON,KONDAGAON,Chipawand,Godavari,Godavari,Indravathi,Bawardhi,-,Bawardhi,19.64472222,81.55138889,19-01-2026 08:00,0
2668,Kiwaibalenga (Bawardhi),CWC,22,Chhattisgarh,643,KONDAGAON,KONDAGAON,KONDAGAON,Chipawand,Godavari,Godavari,Indravathi,Bawardhi,-,Bawardhi,19.64472222,81.55138889,20-01-2026 08:00,0
2669,Kiwaibalenga (Bawardhi),CWC,22,Chhattisgarh,643,KONDAGAON,KONDAGAON,KONDAGAON,Chipawand,Godavari,Godavari,Indravathi,Bawardhi,-,Bawardhi,19.64472222,81.55138889,21-01-2026 08:00,0
2670,Kiwaibalenga (Bawardhi),CWC,22,Chhattisgarh,643,KONDAGAON,KONDAGAON,KONDAGAON,Chipawand,Godavari,Godavari,Indravathi,Bawardhi,-,Bawardhi,19.64472222,81.55138889,22-01-2026 08:00,0
2671,Kiwaibalenga (Bawardhi),CWC,22,Chhattisgarh,643,KONDAGAON,KONDAGAON,KONDAGAON,Chipawand,Godavari,Godavari,Indravathi,Bawardhi,-,Bawardhi,19.64472222,81.55138889,23-01-2026 08:00,0
2672,Kiwaibalenga (Bawardhi),CWC,22,Chhattisgarh,643,KONDAGAON,KONDAGAON,KONDAGAON,Chipawand,Godavari,Godavari,Indravathi,Bawardhi,-,Bawardhi,19.64472222,81.55138889,24-01-2026 08:00,0
2673,Kiwaibalenga (Bawardhi),CWC,22,Chhattisgarh,643,KONDAGAON,KONDAGAON,KONDAGAON,Chipawand,Godavari,Godavari,Indravathi,Bawardhi,-,Bawardhi,19.64472222,81.55138889,25-01-2026 08:00,0
2674,Kiwaibalenga (Bawardhi),CWC,22,Chhattisgarh,643,KONDAGAON,KONDAGAON,KONDAGAON,Chipawand,Godavari,Godavari,Indravathi,Bawardhi,-,Bawardhi,19.64472222,81.55138889,26-01-2026 08:00,0
2675,Kiwaibalenga (Bawardhi),CWC,22,Chhattisgarh,643,KONDAGAON,KONDAGAON,KONDAGAON,Chipawand,Godavari,Godavari,Indravathi,Bawardhi,-,Bawardhi,19.64472222,81.55138889,27-01-2026 08:00,0
2676,Kiwaibalenga (Bawardhi),CWC,22,Chhattisgarh,643,KONDAGAON,KONDAGAON,KONDAGAON,Chipawand,Godavari,Godavari,Indravathi,Bawardhi,-,Bawardhi,19.64472222,81.55138889,28-01-2026 08:00,0
2677,Kiwaibalenga (Bawardhi),CWC,22,Chhattisgarh,643,KONDAGAON,KONDAGAON,KONDAGAON,Chipawand,Godavari,Godavari,Indravathi,Bawardhi,-,Bawardhi,19.64472222,81.55138889,29-01-2026 08:00,0
2678,Kiwaibalenga (Bawardhi),CWC,22,Chhattisgarh,643,KONDAGAON,KONDAGAON,KONDAGAON,Chipawand,Godavari,Godavari,Indravathi,Bawardhi,-,Bawardhi,19.64472222,81.55138889,30-01-2026 08:00,0
2679,Kiwaibalenga (Bawardhi),CWC,22,Chhattisgarh,643,KONDAGAON,KONDAGAON,KONDAGAON,Chipawand,Godavari,Godavari,Indravathi,Bawardhi,-,Bawardhi,19.64472222,81.55138889,31-01-2026 08:00,0
2680,Kiwaibalenga (Bawardhi),CWC,22,Chhattisgarh,643,KONDAGAON,KONDAGAON,KONDAGAON,Chipawand,Godavari,Godavari,Indravathi,Bawardhi,-,Bawardhi,19.64472222,81.55138889,01-02-2026 08:00,0
2681,Kiwaibalenga (Bawardhi),CWC,22,Chhattisgarh,643,KONDAGAON,KONDAGAON,KONDAGAON,Chipawand,Godavari,Godavari,Indravathi,Bawardhi,-,Bawardhi,19.64472222,81.55138889,02-02-2026 08:00,0
2682,Kiwaibalenga (Bawardhi),CWC,22,Chhattisgarh,643,KONDAGAON,KONDAGAON,KONDAGAON,Chipawand,Godavari,Godavari,Indravathi,Bawardhi,-,Bawardhi,19.64472222,81.55138889,03-02-2026 08:00,0
2683,Kiwaibalenga (Bawardhi),CWC,22,Chhattisgarh,643,KONDAGAON,KONDAGAON,KONDAGAON,Chipawand,Godavari,Godavari,Indravathi,Bawardhi,-,Bawardhi,19.64472222,81.55138889,04-02-2026 08:00,0
2684,Kiwaibalenga (Bawardhi),CWC,22,Chhattisgarh,643,KONDAGAON,KONDAGAON,KONDAGAON,Chipawand,Godavari,Godavari,Indravathi,Bawardhi,-,Bawardhi,19.64472222,81.55138889,05-02-2026 08:00,0
2685,Kiwaibalenga (Bawardhi),CWC,22,Chhattisgarh,643,KONDAGAON,KONDAGAON,KONDAGAON,Chipawand,Godavari,Godavari,Indravathi,Bawardhi,-,Bawardhi,19.64472222,81.55138889,06-02-2026 08:00,0
2686,Kiwaibalenga (Bawardhi),CWC,22,Chhattisgarh,643,KONDAGAON,KONDAGAON,KONDAGAON,Chipawand,Godavari,Godavari,Indravathi,Bawardhi,-,Bawardhi,19.64472222,81.55138889,07-02-2026 08:00,0
2687,Kiwaibalenga (Bawardhi),CWC,22,Chhattisgarh,643,KONDAGAON,KONDAGAON,KONDAGAON,Chipawand,Godavari,Godavari,Indravathi,Bawardhi,-,Bawardhi,19.64472222,81.55138889,08-02-2026 08:00,0
2688,Kiwaibalenga (Bawardhi),CWC,22,Chhattisgarh,643,KONDAGAON,KONDAGAON,KONDAGAON,Chipawand,Godavari,Godavari,Indravathi,Bawardhi,-,Bawardhi,19.64472222,81.55138889,09-02-2026 08:00,0
2689,Kiwaibalenga (Bawardhi),CWC,22,Chhattisgarh,643,KONDAGAON,KONDAGAON,KONDAGAON,Chipawand,Godavari,Godavari,Indravathi,Bawardhi,-,Bawardhi,19.64472222,81.55138889,10-02-2026 08:00,0
2690,Kiwaibalenga (Bawardhi),CWC,22,Chhattisgarh,643,KONDAGAON,KONDAGAON,KONDAGAON,Chipawand,Godavari,Godavari,Indravathi,Bawardhi,-,Bawardhi,19.64472222,81.55138889,11-02-2026 08:00,0
2691,Kiwaibalenga (Bawardhi),CWC,22,Chhattisgarh,643,KONDAGAON,KONDAGAON,KONDAGAON,Chipawand,Godavari,Godavari,Indravathi,Bawardhi,-,Bawardhi,19.64472222,81.55138889,12-02-2026 08:00,0
2692,Kiwaibalenga (Bawardhi),CWC,22,Chhattisgarh,643,KONDAGAON,KONDAGAON,KONDAGAON,Chipawand,Godavari,Godavari,Indravathi,Bawardhi,-,Bawardhi,19.64472222,81.55138889,13-02-2026 08:00,0
2693,Kiwaibalenga (Bawardhi),CWC,22,Chhattisgarh,643,KONDAGAON,KONDAGAON,KONDAGAON,Chipawand,Godavari,Godavari,Indravathi,Bawardhi,-,Bawardhi,19.64472222,81.55138889,14-02-2026 08:00,0
2694,Kiwaibalenga (Bawardhi),CWC,22,Chhattisgarh,643,KONDAGAON,KONDAGAON,KONDAGAON,Chipawand,Godavari,Godavari,Indravathi,Bawardhi,-,Bawardhi,19.64472222,81.55138889,15-02-2026 08:00,0
2695,Kiwaibalenga (Bawardhi),CWC,22,Chhattisgarh,643,KONDAGAON,KONDAGAON,KONDAGAON,Chipawand,Godavari,Godavari,Indravathi,Bawardhi,-,Bawardhi,19.64472222,81.55138889,16-02-2026 08:00,0
2696,Kiwaibalenga (Bawardhi),CWC,22,Chhattisgarh,643,KONDAGAON,KONDAGAON,KONDAGAON,Chipawand,Godavari,Godavari,Indravathi,Bawardhi,-,Bawardhi,19.64472222,81.55138889,17-02-2026 08:00,0
2697,Kiwaibalenga (Bawardhi),CWC,22,Chhattisgarh,643,KONDAGAON,KONDAGAON,KONDAGAON,Chipawand,Godavari,Godavari,Indravathi,Bawardhi,-,Bawardhi,19.64472222,81.55138889,18-02-2026 08:00,0
2698,Kiwaibalenga (Bawardhi),CWC,22,Chhattisgarh,643,KONDAGAON,KONDAGAON,KONDAGAON,Chipawand,Godavari,Godavari,Indravathi,Bawardhi,-,Bawardhi,19.64472222,81.55138889,19-02-2026 08:00,0
2699,Kiwaibalenga (Bawardhi),CWC,22,Chhattisgarh,643,KONDAGAON,KONDAGAON,KONDAGAON,Chipawand,Godavari,Godavari,Indravathi,Bawardhi,-,Bawardhi,19.64472222,81.55138889,20-02-2026 08:00,0
2700,Kiwaibalenga (Bawardhi),CWC,22,Chhattisgarh,643,KONDAGAON,KONDAGAON,KONDAGAON,Chipawand,Godavari,Godavari,Indravathi,Bawardhi,-,Bawardhi,19.64472222,81.55138889,21-02-2026 08:00,0
2701,Kiwaibalenga (Bawardhi),CWC,22,Chhattisgarh,643,KONDAGAON,KONDAGAON,KONDAGAON,Chipawand,Godavari,Godavari,Indravathi,Bawardhi,-,Bawardhi,19.64472222,81.55138889,22-02-2026 08:00,0
2702,Kiwaibalenga (Bawardhi),CWC,22,Chhattisgarh,643,KONDAGAON,KONDAGAON,KONDAGAON,Chipawand,Godavari,Godavari,Indravathi,Bawardhi,-,Bawardhi,19.64472222,81.55138889,23-02-2026 08:00,0
2703,Kiwaibalenga (Bawardhi),CWC,22,Chhattisgarh,643,KONDAGAON,KONDAGAON,KONDAGAON,Chipawand,Godavari,Godavari,Indravathi,Bawardhi,-,Bawardhi,19.64472222,81.55138889,24-02-2026 08:00,0
2704,Kiwaibalenga (Bawardhi),CWC,22,Chhattisgarh,643,KONDAGAON,KONDAGAON,KONDAGAON,Chipawand,Godavari,Godavari,Indravathi,Bawardhi,-,Bawardhi,19.64472222,81.55138889,25-02-2026 08:00,0
2705,Kiwaibalenga (Bawardhi),CWC,22,Chhattisgarh,643,KONDAGAON,KONDAGAON,KONDAGAON,Chipawand,Godavari,Godavari,Indravathi,Bawardhi,-,Bawardhi,19.64472222,81.55138889,26-02-2026 08:00,0
2706,Kiwaibalenga (Bawardhi),CWC,22,Chhattisgarh,643,KONDAGAON,KONDAGAON,KONDAGAON,Chipawand,Godavari,Godavari,Indravathi,Bawardhi,-,Bawardhi,19.64472222,81.55138889,27-02-2026 08:00,0
2707,Kiwaibalenga (Bawardhi),CWC,22,Chhattisgarh,643,KONDAGAON,KONDAGAON,KONDAGAON,Chipawand,Godavari,Godavari,Indravathi,Bawardhi,-,Bawardhi,19.64472222,81.55138889,28-02-2026 08:00,0
2708,Kiwaibalenga (Bawardhi),CWC,22,Chhattisgarh,643,KONDAGAON,KONDAGAON,KONDAGAON,Chipawand,Godavari,Godavari,Indravathi,Bawardhi,-,Bawardhi,19.64472222,81.55138889,01-03-2026 08:00,0
2709,Kiwaibalenga (Bawardhi),CWC,22,Chhattisgarh,643,KONDAGAON,KONDAGAON,KONDAGAON,Chipawand,Godavari,Godavari,Indravathi,Bawardhi,-,Bawardhi,19.64472222,81.55138889,02-03-2026 08:00,0
2710,Kiwaibalenga (Bawardhi),CWC,22,Chhattisgarh,643,KONDAGAON,KONDAGAON,KONDAGAON,Chipawand,Godavari,Godavari,Indravathi,Bawardhi,-,Bawardhi,19.64472222,81.55138889,03-03-2026 08:00,0
2711,Kiwaibalenga (Bawardhi),CWC,22,Chhattisgarh,643,KONDAGAON,KONDAGAON,KONDAGAON,Chipawand,Godavari,Godavari,Indravathi,Bawardhi,-,Bawardhi,19.64472222,81.55138889,04-03-2026 08:00,0
2712,Kiwaibalenga (Bawardhi),CWC,22,Chhattisgarh,643,KONDAGAON,KONDAGAON,KONDAGAON,Chipawand,Godavari,Godavari,Indravathi,Bawardhi,-,Bawardhi,19.64472222,81.55138889,05-03-2026 08:00,0
2713,Kiwaibalenga (Bawardhi),CWC,22,Chhattisgarh,643,KONDAGAON,KONDAGAON,KONDAGAON,Chipawand,Godavari,Godavari,Indravathi,Bawardhi,-,Bawardhi,19.64472222,81.55138889,06-03-2026 08:00,0
2714,Kiwaibalenga (Bawardhi),CWC,22,Chhattisgarh,643,KONDAGAON,KONDAGAON,KONDAGAON,Chipawand,Godavari,Godavari,Indravathi,Bawardhi,-,Bawardhi,19.64472222,81.55138889,07-03-2026 08:00,0
2715,Kiwaibalenga (Bawardhi),CWC,22,Chhattisgarh,643,KONDAGAON,KONDAGAON,KONDAGAON,Chipawand,Godavari,Godavari,Indravathi,Bawardhi,-,Bawardhi,19.64472222,81.55138889,08-03-2026 08:00,0
2716,Kiwaibalenga (Bawardhi),CWC,22,Chhattisgarh,643,KONDAGAON,KONDAGAON,KONDAGAON,Chipawand,Godavari,Godavari,Indravathi,Bawardhi,-,Bawardhi,19.64472222,81.55138889,09-03-2026 08:00,0
2717,Kiwaibalenga (Bawardhi),CWC,22,Chhattisgarh,643,KONDAGAON,KONDAGAON,KONDAGAON,Chipawand,Godavari,Godavari,Indravathi,Bawardhi,-,Bawardhi,19.64472222,81.55138889,10-03-2026 08:00,0
2718,Kiwaibalenga (Bawardhi),CWC,22,Chhattisgarh,643,KONDAGAON,KONDAGAON,KONDAGAON,Chipawand,Godavari,Godavari,Indravathi,Bawardhi,-,Bawardhi,19.64472222,81.55138889,11-03-2026 08:00,0
2719,Kiwaibalenga (Bawardhi),CWC,22,Chhattisgarh,643,KONDAGAON,KONDAGAON,KONDAGAON,Chipawand,Godavari,Godavari,Indravathi,Bawardhi,-,Bawardhi,19.64472222,81.55138889,12-03-2026 08:00,0
2720,Kiwaibalenga (Bawardhi),CWC,22,Chhattisgarh,643,KONDAGAON,KONDAGAON,KONDAGAON,Chipawand,Godavari,Godavari,Indravathi,Bawardhi,-,Bawardhi,19.64472222,81.55138889,13-03-2026 08:00,0
2721,Kiwaibalenga (Bawardhi),CWC,22,Chhattisgarh,643,KONDAGAON,KONDAGAON,KONDAGAON,Chipawand,Godavari,Godavari,Indravathi,Bawardhi,-,Bawardhi,19.64472222,81.55138889,14-03-2026 08:00,0
2722,Kiwaibalenga (Bawardhi),CWC,22,Chhattisgarh,643,KONDAGAON,KONDAGAON,KONDAGAON,Chipawand,Godavari,Godavari,Indravathi,Bawardhi,-,Bawardhi,19.64472222,81.55138889,15-03-2026 08:00,0
2723,Kiwaibalenga (Bawardhi),CWC,22,Chhattisgarh,643,KONDAGAON,KONDAGAON,KONDAGAON,Chipawand,Godavari,Godavari,Indravathi,Bawardhi,-,Bawardhi,19.64472222,81.55138889,16-03-2026 08:00,0
2724,Kiwaibalenga (Bawardhi),CWC,22,Chhattisgarh,643,KONDAGAON,KONDAGAON,KONDAGAON,Chipawand,Godavari,Godavari,Indravathi,Bawardhi,-,Bawardhi,19.64472222,81.55138889,17-03-2026 08:00,0
2725,Kiwaibalenga (Bawardhi),CWC,22,Chhattisgarh,643,KONDAGAON,KONDAGAON,KONDAGAON,Chipawand,Godavari,Godavari,Indravathi,Bawardhi,-,Bawardhi,19.64472222,81.55138889,18-03-2026 08:00,0
2726,Kiwaibalenga (Bawardhi),CWC,22,Chhattisgarh,643,KONDAGAON,KONDAGAON,KONDAGAON,Chipawand,Godavari,Godavari,Indravathi,Bawardhi,-,Bawardhi,19.64472222,81.55138889,19-03-2026 08:00,0
2727,Kiwaibalenga (Bawardhi),CWC,22,Chhattisgarh,643,KONDAGAON,KONDAGAON,KONDAGAON,Chipawand,Godavari,Godavari,Indravathi,Bawardhi,-,Bawardhi,19.64472222,81.55138889,20-03-2026 08:00,0
2728,Kiwaibalenga (Bawardhi),CWC,22,Chhattisgarh,643,KONDAGAON,KONDAGAON,KONDAGAON,Chipawand,Godavari,Godavari,Indravathi,Bawardhi,-,Bawardhi,19.64472222,81.55138889,21-03-2026 08:00,0
2729,Kiwaibalenga (Bawardhi),CWC,22,Chhattisgarh,643,KONDAGAON,KONDAGAON,KONDAGAON,Chipawand,Godavari,Godavari,Indravathi,Bawardhi,-,Bawardhi,19.64472222,81.55138889,22-03-2026 08:00,0
2730,Kiwaibalenga (Bawardhi),CWC,22,Chhattisgarh,643,KONDAGAON,KONDAGAON,KONDAGAON,Chipawand,Godavari,Godavari,Indravathi,Bawardhi,-,Bawardhi,19.64472222,81.55138889,23-03-2026 08:00,0
2731,Kiwaibalenga (Bawardhi),CWC,22,Chhattisgarh,643,KONDAGAON,KONDAGAON,KONDAGAON,Chipawand,Godavari,Godavari,Indravathi,Bawardhi,-,Bawardhi,19.64472222,81.55138889,24-03-2026 08:00,0
2732,Kiwaibalenga (Bawardhi),CWC,22,Chhattisgarh,643,KONDAGAON,KONDAGAON,KONDAGAON,Chipawand,Godavari,Godavari,Indravathi,Bawardhi,-,Bawardhi,19.64472222,81.55138889,25-03-2026 08:00,0
2733,Kiwaibalenga (Bawardhi),CWC,22,Chhattisgarh,643,KONDAGAON,KONDAGAON,KONDAGAON,Chipawand,Godavari,Godavari,Indravathi,Bawardhi,-,Bawardhi,19.64472222,81.55138889,26-03-2026 08:00,0
2734,Kiwaibalenga (Bawardhi),CWC,22,Chhattisgarh,643,KONDAGAON,KONDAGAON,KONDAGAON,Chipawand,Godavari,Godavari,Indravathi,Bawardhi,-,Bawardhi,19.64472222,81.55138889,27-03-2026 08:00,0
2735,Kiwaibalenga (Bawardhi),CWC,22,Chhattisgarh,643,KONDAGAON,KONDAGAON,KONDAGAON,Chipawand,Godavari,Godavari,Indravathi,Bawardhi,-,Bawardhi,19.64472222,81.55138889,28-03-2026 08:00,0
2736,Kiwaibalenga (Bawardhi),CWC,22,Chhattisgarh,643,KONDAGAON,KONDAGAON,KONDAGAON,Chipawand,Godavari,Godavari,Indravathi,Bawardhi,-,Bawardhi,19.64472222,81.55138889,29-03-2026 08:00,0
2737,Kiwaibalenga (Bawardhi),CWC,22,Chhattisgarh,643,KONDAGAON,KONDAGAON,KONDAGAON,Chipawand,Godavari,Godavari,Indravathi,Bawardhi,-,Bawardhi,19.64472222,81.55138889,30-03-2026 08:00,0
2738,Kiwaibalenga (Bawardhi),CWC,22,Chhattisgarh,643,KONDAGAON,KONDAGAON,KONDAGAON,Chipawand,Godavari,Godavari,Indravathi,Bawardhi,-,Bawardhi,19.64472222,81.55138889,31-03-2026 08:00,0
2739,Kiwaibalenga (Bawardhi),CWC,22,Chhattisgarh,643,KONDAGAON,KONDAGAON,KONDAGAON,Chipawand,Godavari,Godavari,Indravathi,Bawardhi,-,Bawardhi,19.64472222,81.55138889,01-04-2026 08:00,0
2740,Kiwaibalenga (Bawardhi),CWC,22,Chhattisgarh,643,KONDAGAON,KONDAGAON,KONDAGAON,Chipawand,Godavari,Godavari,Indravathi,Bawardhi,-,Bawardhi,19.64472222,81.55138889,02-04-2026 08:00,0
2741,Kiwaibalenga (Bawardhi),CWC,22,Chhattisgarh,643,KONDAGAON,KONDAGAON,KONDAGAON,Chipawand,Godavari,Godavari,Indravathi,Bawardhi,-,Bawardhi,19.64472222,81.55138889,03-04-2026 08:00,0
2742,Kiwaibalenga (Bawardhi),CWC,22,Chhattisgarh,643,KONDAGAON,KONDAGAON,KONDAGAON,Chipawand,Godavari,Godavari,Indravathi,Bawardhi,-,Bawardhi,19.64472222,81.55138889,04-04-2026 08:00,0
2743,Kiwaibalenga (Bawardhi),CWC,22,Chhattisgarh,643,KONDAGAON,KONDAGAON,KONDAGAON,Chipawand,Godavari,Godavari,Indravathi,Bawardhi,-,Bawardhi,19.64472222,81.55138889,05-04-2026 08:00,0
2744,Kiwaibalenga (Bawardhi),CWC,22,Chhattisgarh,643,KONDAGAON,KONDAGAON,KONDAGAON,Chipawand,Godavari,Godavari,Indravathi,Bawardhi,-,Bawardhi,19.64472222,81.55138889,06-04-2026 08:00,0
2745,Kiwaibalenga (Bawardhi),CWC,22,Chhattisgarh,643,KONDAGAON,KONDAGAON,KONDAGAON,Chipawand,Godavari,Godavari,Indravathi,Bawardhi,-,Bawardhi,19.64472222,81.55138889,07-04-2026 08:00,0
2746,Kiwaibalenga (Bawardhi),CWC,22,Chhattisgarh,643,KONDAGAON,KONDAGAON,KONDAGAON,Chipawand,Godavari,Godavari,Indravathi,Bawardhi,-,Bawardhi,19.64472222,81.55138889,08-04-2026 08:00,0
2747,Kiwaibalenga (Bawardhi),CWC,22,Chhattisgarh,643,KONDAGAON,KONDAGAON,KONDAGAON,Chipawand,Godavari,Godavari,Indravathi,Bawardhi,-,Bawardhi,19.64472222,81.55138889,09-04-2026 08:00,0
2748,Kiwaibalenga (Bawardhi),CWC,22,Chhattisgarh,643,KONDAGAON,KONDAGAON,KONDAGAON,Chipawand,Godavari,Godavari,Indravathi,Bawardhi,-,Bawardhi,19.64472222,81.55138889,10-04-2026 08:00,0
2749,Kiwaibalenga (Bawardhi),CWC,22,Chhattisgarh,643,KONDAGAON,KONDAGAON,KONDAGAON,Chipawand,Godavari,Godavari,Indravathi,Bawardhi,-,Bawardhi,19.64472222,81.55138889,11-04-2026 08:00,0
2750,Kiwaibalenga (Bawardhi),CWC,22,Chhattisgarh,643,KONDAGAON,KONDAGAON,KONDAGAON,Chipawand,Godavari,Godavari,Indravathi,Bawardhi,-,Bawardhi,19.64472222,81.55138889,12-04-2026 08:00,0
2751,Kiwaibalenga (Bawardhi),CWC,22,Chhattisgarh,643,KONDAGAON,KONDAGAON,KONDAGAON,Chipawand,Godavari,Godavari,Indravathi,Bawardhi,-,Bawardhi,19.64472222,81.55138889,13-04-2026 08:00,0
2752,Kiwaibalenga (Bawardhi),CWC,22,Chhattisgarh,643,KONDAGAON,KONDAGAON,KONDAGAON,Chipawand,Godavari,Godavari,Indravathi,Bawardhi,-,Bawardhi,19.64472222,81.55138889,14-04-2026 08:00,0
2753,Kiwaibalenga (Bawardhi),CWC,22,Chhattisgarh,643,KONDAGAON,KONDAGAON,KONDAGAON,Chipawand,Godavari,Godavari,Indravathi,Bawardhi,-,Bawardhi,19.64472222,81.55138889,15-04-2026 08:00,0
2754,Kiwaibalenga (Bawardhi),CWC,22,Chhattisgarh,643,KONDAGAON,KONDAGAON,KONDAGAON,Chipawand,Godavari,Godavari,Indravathi,Bawardhi,-,Bawardhi,19.64472222,81.55138889,16-04-2026 08:00,0
2755,Kiwaibalenga (Bawardhi),CWC,22,Chhattisgarh,643,KONDAGAON,KONDAGAON,KONDAGAON,Chipawand,Godavari,Godavari,Indravathi,Bawardhi,-,Bawardhi,19.64472222,81.55138889,17-04-2026 08:00,0
2756,Kiwaibalenga (Bawardhi),CWC,22,Chhattisgarh,643,KONDAGAON,KONDAGAON,KONDAGAON,Chipawand,Godavari,Godavari,Indravathi,Bawardhi,-,Bawardhi,19.64472222,81.55138889,18-04-2026 08:00,0
2757,Kiwaibalenga (Bawardhi),CWC,22,Chhattisgarh,643,KONDAGAON,KONDAGAON,KONDAGAON,Chipawand,Godavari,Godavari,Indravathi,Bawardhi,-,Bawardhi,19.64472222,81.55138889,19-04-2026 08:00,0
2758,Kiwaibalenga (Bawardhi),CWC,22,Chhattisgarh,643,KONDAGAON,KONDAGAON,KONDAGAON,Chipawand,Godavari,Godavari,Indravathi,Bawardhi,-,Bawardhi,19.64472222,81.55138889,20-04-2026 08:00,0
2759,Kiwaibalenga (Bawardhi),CWC,22,Chhattisgarh,643,KONDAGAON,KONDAGAON,KONDAGAON,Chipawand,Godavari,Godavari,Indravathi,Bawardhi,-,Bawardhi,19.64472222,81.55138889,21-04-2026 08:00,0
2760,Kiwaibalenga (Bawardhi),CWC,22,Chhattisgarh,643,KONDAGAON,KONDAGAON,KONDAGAON,Chipawand,Godavari,Godavari,Indravathi,Bawardhi,-,Bawardhi,19.64472222,81.55138889,01-05-2026 08:00,0
2761,Kiwaibalenga (Bawardhi),CWC,22,Chhattisgarh,643,KONDAGAON,KONDAGAON,KONDAGAON,Chipawand,Godavari,Godavari,Indravathi,Bawardhi,-,Bawardhi,19.64472222,81.55138889,02-05-2026 08:00,0
2762,Kiwaibalenga (Bawardhi),CWC,22,Chhattisgarh,643,KONDAGAON,KONDAGAON,KONDAGAON,Chipawand,Godavari,Godavari,Indravathi,Bawardhi,-,Bawardhi,19.64472222,81.55138889,03-05-2026 08:00,0
2763,Kiwaibalenga (Bawardhi),CWC,22,Chhattisgarh,643,KONDAGAON,KONDAGAON,KONDAGAON,Chipawand,Godavari,Godavari,Indravathi,Bawardhi,-,Bawardhi,19.64472222,81.55138889,04-05-2026 08:00,0
2764,Kiwaibalenga (Bawardhi),CWC,22,Chhattisgarh,643,KONDAGAON,KONDAGAON,KONDAGAON,Chipawand,Godavari,Godavari,Indravathi,Bawardhi,-,Bawardhi,19.64472222,81.55138889,05-05-2026 08:00,0
2765,Kiwaibalenga (Bawardhi),CWC,22,Chhattisgarh,643,KONDAGAON,KONDAGAON,KONDAGAON,Chipawand,Godavari,Godavari,Indravathi,Bawardhi,-,Bawardhi,19.64472222,81.55138889,06-05-2026 08:00,0
2766,Kiwaibalenga (Bawardhi),CWC,22,Chhattisgarh,643,KONDAGAON,KONDAGAON,KONDAGAON,Chipawand,Godavari,Godavari,Indravathi,Bawardhi,-,Bawardhi,19.64472222,81.55138889,07-05-2026 08:00,0
2767,Kiwaibalenga (Bawardhi),CWC,22,Chhattisgarh,643,KONDAGAON,KONDAGAON,KONDAGAON,Chipawand,Godavari,Godavari,Indravathi,Bawardhi,-,Bawardhi,19.64472222,81.55138889,08-05-2026 08:00,0
2768,Kiwaibalenga (Bawardhi),CWC,22,Chhattisgarh,643,KONDAGAON,KONDAGAON,KONDAGAON,Chipawand,Godavari,Godavari,Indravathi,Bawardhi,-,Bawardhi,19.64472222,81.55138889,09-05-2026 08:00,0
2769,Kiwaibalenga (Bawardhi),CWC,22,Chhattisgarh,643,KONDAGAON,KONDAGAON,KONDAGAON,Chipawand,Godavari,Godavari,Indravathi,Bawardhi,-,Bawardhi,19.64472222,81.55138889,10-05-2026 08:00,0
2770,Kiwaibalenga (Bawardhi),CWC,22,Chhattisgarh,643,KONDAGAON,KONDAGAON,KONDAGAON,Chipawand,Godavari,Godavari,Indravathi,Bawardhi,-,Bawardhi,19.64472222,81.55138889,11-05-2026 08:00,0
2771,Kiwaibalenga (Bawardhi),CWC,22,Chhattisgarh,643,KONDAGAON,KONDAGAON,KONDAGAON,Chipawand,Godavari,Godavari,Indravathi,Bawardhi,-,Bawardhi,19.64472222,81.55138889,12-05-2026 08:00,0
2772,Kiwaibalenga (Bawardhi),CWC,22,Chhattisgarh,643,KONDAGAON,KONDAGAON,KONDAGAON,Chipawand,Godavari,Godavari,Indravathi,Bawardhi,-,Bawardhi,19.64472222,81.55138889,13-05-2026 08:00,0
2773,Kiwaibalenga (Bawardhi),CWC,22,Chhattisgarh,643,KONDAGAON,KONDAGAON,KONDAGAON,Chipawand,Godavari,Godavari,Indravathi,Bawardhi,-,Bawardhi,19.64472222,81.55138889,01-06-2026 08:00,10.4384165
2774,Konta,CWC,22,Chhattisgarh,642,SUKMA,KONTA,KONTA,Konta,Godavari,Godavari,Sabari,-,-,Sabari,17.79888889,81.39277778,01-02-2026 08:00,160
2775,Konta,CWC,22,Chhattisgarh,642,SUKMA,KONTA,KONTA,Konta,Godavari,Godavari,Sabari,-,-,Sabari,17.79888889,81.39277778,02-02-2026 08:00,130
2776,Konta,CWC,22,Chhattisgarh,642,SUKMA,KONTA,KONTA,Konta,Godavari,Godavari,Sabari,-,-,Sabari,17.79888889,81.39277778,03-02-2026 08:00,190
2777,Konta,CWC,22,Chhattisgarh,642,SUKMA,KONTA,KONTA,Konta,Godavari,Godavari,Sabari,-,-,Sabari,17.79888889,81.39277778,04-02-2026 08:00,190
2778,Konta,CWC,22,Chhattisgarh,642,SUKMA,KONTA,KONTA,Konta,Godavari,Godavari,Sabari,-,-,Sabari,17.79888889,81.39277778,05-02-2026 08:00,200
2779,Konta,CWC,22,Chhattisgarh,642,SUKMA,KONTA,KONTA,Konta,Godavari,Godavari,Sabari,-,-,Sabari,17.79888889,81.39277778,06-02-2026 08:00,200
2780,Konta,CWC,22,Chhattisgarh,642,SUKMA,KONTA,KONTA,Konta,Godavari,Godavari,Sabari,-,-,Sabari,17.79888889,81.39277778,07-02-2026 08:00,210
2781,Konta,CWC,22,Chhattisgarh,642,SUKMA,KONTA,KONTA,Konta,Godavari,Godavari,Sabari,-,-,Sabari,17.79888889,81.39277778,08-02-2026 08:00,200
2782,Konta,CWC,22,Chhattisgarh,642,SUKMA,KONTA,KONTA,Konta,Godavari,Godavari,Sabari,-,-,Sabari,17.79888889,81.39277778,09-02-2026 08:00,180
2783,Konta,CWC,22,Chhattisgarh,642,SUKMA,KONTA,KONTA,Konta,Godavari,Godavari,Sabari,-,-,Sabari,17.79888889,81.39277778,10-02-2026 08:00,210
2784,Konta,CWC,22,Chhattisgarh,642,SUKMA,KONTA,KONTA,Konta,Godavari,Godavari,Sabari,-,-,Sabari,17.79888889,81.39277778,11-02-2026 08:00,200
2785,Konta,CWC,22,Chhattisgarh,642,SUKMA,KONTA,KONTA,Konta,Godavari,Godavari,Sabari,-,-,Sabari,17.79888889,81.39277778,12-02-2026 08:00,140
2786,Konta,CWC,22,Chhattisgarh,642,SUKMA,KONTA,KONTA,Konta,Godavari,Godavari,Sabari,-,-,Sabari,17.79888889,81.39277778,13-02-2026 08:00,150
2787,Konta,CWC,22,Chhattisgarh,642,SUKMA,KONTA,KONTA,Konta,Godavari,Godavari,Sabari,-,-,Sabari,17.79888889,81.39277778,14-02-2026 08:00,140
2788,Konta,CWC,22,Chhattisgarh,642,SUKMA,KONTA,KONTA,Konta,Godavari,Godavari,Sabari,-,-,Sabari,17.79888889,81.39277778,15-02-2026 08:00,120
2789,Konta,CWC,22,Chhattisgarh,642,SUKMA,KONTA,KONTA,Konta,Godavari,Godavari,Sabari,-,-,Sabari,17.79888889,81.39277778,16-02-2026 08:00,180
2790,Konta,CWC,22,Chhattisgarh,642,SUKMA,KONTA,KONTA,Konta,Godavari,Godavari,Sabari,-,-,Sabari,17.79888889,81.39277778,17-02-2026 08:00,150
2791,Konta,CWC,22,Chhattisgarh,642,SUKMA,KONTA,KONTA,Konta,Godavari,Godavari,Sabari,-,-,Sabari,17.79888889,81.39277778,18-02-2026 08:00,130
2792,Konta,CWC,22,Chhattisgarh,642,SUKMA,KONTA,KONTA,Konta,Godavari,Godavari,Sabari,-,-,Sabari,17.79888889,81.39277778,19-02-2026 08:00,140
2793,Konta,CWC,22,Chhattisgarh,642,SUKMA,KONTA,KONTA,Konta,Godavari,Godavari,Sabari,-,-,Sabari,17.79888889,81.39277778,20-02-2026 08:00,130
2794,Konta,CWC,22,Chhattisgarh,642,SUKMA,KONTA,KONTA,Konta,Godavari,Godavari,Sabari,-,-,Sabari,17.79888889,81.39277778,21-02-2026 08:00,160
2795,Konta,CWC,22,Chhattisgarh,642,SUKMA,KONTA,KONTA,Konta,Godavari,Godavari,Sabari,-,-,Sabari,17.79888889,81.39277778,22-02-2026 08:00,130
2796,Konta,CWC,22,Chhattisgarh,642,SUKMA,KONTA,KONTA,Konta,Godavari,Godavari,Sabari,-,-,Sabari,17.79888889,81.39277778,23-02-2026 08:00,140
2797,Konta,CWC,22,Chhattisgarh,642,SUKMA,KONTA,KONTA,Konta,Godavari,Godavari,Sabari,-,-,Sabari,17.79888889,81.39277778,24-02-2026 08:00,110
2798,Konta,CWC,22,Chhattisgarh,642,SUKMA,KONTA,KONTA,Konta,Godavari,Godavari,Sabari,-,-,Sabari,17.79888889,81.39277778,25-02-2026 08:00,150
2799,Konta,CWC,22,Chhattisgarh,642,SUKMA,KONTA,KONTA,Konta,Godavari,Godavari,Sabari,-,-,Sabari,17.79888889,81.39277778,26-02-2026 08:00,150
2800,Konta,CWC,22,Chhattisgarh,642,SUKMA,KONTA,KONTA,Konta,Godavari,Godavari,Sabari,-,-,Sabari,17.79888889,81.39277778,27-02-2026 08:00,110
2801,Konta,CWC,22,Chhattisgarh,642,SUKMA,KONTA,KONTA,Konta,Godavari,Godavari,Sabari,-,-,Sabari,17.79888889,81.39277778,28-02-2026 08:00,120
2802,Konta,CWC,22,Chhattisgarh,642,SUKMA,KONTA,KONTA,Konta,Godavari,Godavari,Sabari,-,-,Sabari,17.79888889,81.39277778,01-03-2026 08:00,150
2803,Konta,CWC,22,Chhattisgarh,642,SUKMA,KONTA,KONTA,Konta,Godavari,Godavari,Sabari,-,-,Sabari,17.79888889,81.39277778,02-03-2026 08:00,100
2804,Konta,CWC,22,Chhattisgarh,642,SUKMA,KONTA,KONTA,Konta,Godavari,Godavari,Sabari,-,-,Sabari,17.79888889,81.39277778,03-03-2026 08:00,150
2805,Konta,CWC,22,Chhattisgarh,642,SUKMA,KONTA,KONTA,Konta,Godavari,Godavari,Sabari,-,-,Sabari,17.79888889,81.39277778,04-03-2026 08:00,130
2806,Konta,CWC,22,Chhattisgarh,642,SUKMA,KONTA,KONTA,Konta,Godavari,Godavari,Sabari,-,-,Sabari,17.79888889,81.39277778,05-03-2026 08:00,140
2807,Konta,CWC,22,Chhattisgarh,642,SUKMA,KONTA,KONTA,Konta,Godavari,Godavari,Sabari,-,-,Sabari,17.79888889,81.39277778,06-03-2026 08:00,130
2808,Konta,CWC,22,Chhattisgarh,642,SUKMA,KONTA,KONTA,Konta,Godavari,Godavari,Sabari,-,-,Sabari,17.79888889,81.39277778,07-03-2026 08:00,140
2809,Konta,CWC,22,Chhattisgarh,642,SUKMA,KONTA,KONTA,Konta,Godavari,Godavari,Sabari,-,-,Sabari,17.79888889,81.39277778,08-03-2026 08:00,130
2810,Konta,CWC,22,Chhattisgarh,642,SUKMA,KONTA,KONTA,Konta,Godavari,Godavari,Sabari,-,-,Sabari,17.79888889,81.39277778,09-03-2026 08:00,150
2811,Konta,CWC,22,Chhattisgarh,642,SUKMA,KONTA,KONTA,Konta,Godavari,Godavari,Sabari,-,-,Sabari,17.79888889,81.39277778,10-03-2026 08:00,150
2812,Konta,CWC,22,Chhattisgarh,642,SUKMA,KONTA,KONTA,Konta,Godavari,Godavari,Sabari,-,-,Sabari,17.79888889,81.39277778,11-03-2026 08:00,32.04
2813,Konta,CWC,22,Chhattisgarh,642,SUKMA,KONTA,KONTA,Konta,Godavari,Godavari,Sabari,-,-,Sabari,17.79888889,81.39277778,12-03-2026 08:00,32.05
2814,Konta,CWC,22,Chhattisgarh,642,SUKMA,KONTA,KONTA,Konta,Godavari,Godavari,Sabari,-,-,Sabari,17.79888889,81.39277778,13-03-2026 08:00,32.07
2815,Konta,CWC,22,Chhattisgarh,642,SUKMA,KONTA,KONTA,Konta,Godavari,Godavari,Sabari,-,-,Sabari,17.79888889,81.39277778,14-03-2026 08:00,32.04
2816,Konta,CWC,22,Chhattisgarh,642,SUKMA,KONTA,KONTA,Konta,Godavari,Godavari,Sabari,-,-,Sabari,17.79888889,81.39277778,15-03-2026 08:00,31.93
2817,Konta,CWC,22,Chhattisgarh,642,SUKMA,KONTA,KONTA,Konta,Godavari,Godavari,Sabari,-,-,Sabari,17.79888889,81.39277778,16-03-2026 08:00,32.52
2818,Konta,CWC,22,Chhattisgarh,642,SUKMA,KONTA,KONTA,Konta,Godavari,Godavari,Sabari,-,-,Sabari,17.79888889,81.39277778,17-03-2026 08:00,32.23
2819,Konta,CWC,22,Chhattisgarh,642,SUKMA,KONTA,KONTA,Konta,Godavari,Godavari,Sabari,-,-,Sabari,17.79888889,81.39277778,18-03-2026 08:00,239
2820,Konta,CWC,22,Chhattisgarh,642,SUKMA,KONTA,KONTA,Konta,Godavari,Godavari,Sabari,-,-,Sabari,17.79888889,81.39277778,19-03-2026 08:00,32.3
2821,Konta,CWC,22,Chhattisgarh,642,SUKMA,KONTA,KONTA,Konta,Godavari,Godavari,Sabari,-,-,Sabari,17.79888889,81.39277778,20-03-2026 08:00,330
2822,Konta,CWC,22,Chhattisgarh,642,SUKMA,KONTA,KONTA,Konta,Godavari,Godavari,Sabari,-,-,Sabari,17.79888889,81.39277778,21-03-2026 08:00,330
2823,Konta,CWC,22,Chhattisgarh,642,SUKMA,KONTA,KONTA,Konta,Godavari,Godavari,Sabari,-,-,Sabari,17.79888889,81.39277778,23-03-2026 08:00,329
2824,Konta,CWC,22,Chhattisgarh,642,SUKMA,KONTA,KONTA,Konta,Godavari,Godavari,Sabari,-,-,Sabari,17.79888889,81.39277778,24-03-2026 08:00,351
2825,Konta,CWC,22,Chhattisgarh,642,SUKMA,KONTA,KONTA,Konta,Godavari,Godavari,Sabari,-,-,Sabari,17.79888889,81.39277778,25-03-2026 08:00,367
2826,Konta,CWC,22,Chhattisgarh,642,SUKMA,KONTA,KONTA,Konta,Godavari,Godavari,Sabari,-,-,Sabari,17.79888889,81.39277778,26-03-2026 08:00,306
2827,Konta,CWC,22,Chhattisgarh,642,SUKMA,KONTA,KONTA,Konta,Godavari,Godavari,Sabari,-,-,Sabari,17.79888889,81.39277778,27-03-2026 08:00,257
2828,Konta,CWC,22,Chhattisgarh,642,SUKMA,KONTA,KONTA,Konta,Godavari,Godavari,Sabari,-,-,Sabari,17.79888889,81.39277778,28-03-2026 08:00,230
2829,Konta,CWC,22,Chhattisgarh,642,SUKMA,KONTA,KONTA,Konta,Godavari,Godavari,Sabari,-,-,Sabari,17.79888889,81.39277778,30-03-2026 08:00,289
2830,Konta,CWC,22,Chhattisgarh,642,SUKMA,KONTA,KONTA,Konta,Godavari,Godavari,Sabari,-,-,Sabari,17.79888889,81.39277778,01-04-2026 08:00,26
2831,Konta,CWC,22,Chhattisgarh,642,SUKMA,KONTA,KONTA,Konta,Godavari,Godavari,Sabari,-,-,Sabari,17.79888889,81.39277778,06-04-2026 08:00,200
2832,Konta,CWC,22,Chhattisgarh,642,SUKMA,KONTA,KONTA,Konta,Godavari,Godavari,Sabari,-,-,Sabari,17.79888889,81.39277778,08-04-2026 08:00,168
2833,Konta,CWC,22,Chhattisgarh,642,SUKMA,KONTA,KONTA,Konta,Godavari,Godavari,Sabari,-,-,Sabari,17.79888889,81.39277778,10-04-2026 08:00,184
2834,Konta,CWC,22,Chhattisgarh,642,SUKMA,KONTA,KONTA,Konta,Godavari,Godavari,Sabari,-,-,Sabari,17.79888889,81.39277778,13-04-2026 08:00,238
2835,Konta,CWC,22,Chhattisgarh,642,SUKMA,KONTA,KONTA,Konta,Godavari,Godavari,Sabari,-,-,Sabari,17.79888889,81.39277778,15-04-2026 08:00,217
2836,Konta,CWC,22,Chhattisgarh,642,SUKMA,KONTA,KONTA,Konta,Godavari,Godavari,Sabari,-,-,Sabari,17.79888889,81.39277778,17-04-2026 08:00,242
2837,Konta,CWC,22,Chhattisgarh,642,SUKMA,KONTA,KONTA,Konta,Godavari,Godavari,Sabari,-,-,Sabari,17.79888889,81.39277778,20-04-2026 08:00,162
2838,Konta,CWC,22,Chhattisgarh,642,SUKMA,KONTA,KONTA,Konta,Godavari,Godavari,Sabari,-,-,Sabari,17.79888889,81.39277778,22-04-2026 08:00,103
2839,Konta,CWC,22,Chhattisgarh,642,SUKMA,KONTA,KONTA,Konta,Godavari,Godavari,Sabari,-,-,Sabari,17.79888889,81.39277778,24-04-2026 08:00,281
2840,Konta,CWC,22,Chhattisgarh,642,SUKMA,KONTA,KONTA,Konta,Godavari,Godavari,Sabari,-,-,Sabari,17.79888889,81.39277778,27-04-2026 08:00,375
2841,Konta,CWC,22,Chhattisgarh,642,SUKMA,KONTA,KONTA,Konta,Godavari,Godavari,Sabari,-,-,Sabari,17.79888889,81.39277778,29-04-2026 08:00,187
2842,Konta,CWC,22,Chhattisgarh,642,SUKMA,KONTA,KONTA,Konta,Godavari,Godavari,Sabari,-,-,Sabari,17.79888889,81.39277778,02-05-2026 08:00,191
2843,Konta,CWC,22,Chhattisgarh,642,SUKMA,KONTA,KONTA,Konta,Godavari,Godavari,Sabari,-,-,Sabari,17.79888889,81.39277778,01-06-2026 08:00,270
2844,Konta,CWC,22,Chhattisgarh,642,SUKMA,KONTA,KONTA,Konta,Godavari,Godavari,Sabari,-,-,Sabari,17.79888889,81.39277778,02-06-2026 08:00,290
2845,Konta,CWC,22,Chhattisgarh,642,SUKMA,KONTA,KONTA,Konta,Godavari,Godavari,Sabari,-,-,Sabari,17.79888889,81.39277778,03-06-2026 08:00,290
2846,Konta,CWC,22,Chhattisgarh,642,SUKMA,KONTA,KONTA,Konta,Godavari,Godavari,Sabari,-,-,Sabari,17.79888889,81.39277778,04-06-2026 08:00,290
2847,Konta,CWC,22,Chhattisgarh,642,SUKMA,KONTA,KONTA,Konta,Godavari,Godavari,Sabari,-,-,Sabari,17.79888889,81.39277778,05-06-2026 08:00,170
2848,Konta,CWC,22,Chhattisgarh,642,SUKMA,KONTA,KONTA,Konta,Godavari,Godavari,Sabari,-,-,Sabari,17.79888889,81.39277778,06-06-2026 08:00,290
2849,Konta,CWC,22,Chhattisgarh,642,SUKMA,KONTA,KONTA,Konta,Godavari,Godavari,Sabari,-,-,Sabari,17.79888889,81.39277778,07-06-2026 08:00,270
2850,Konta,CWC,22,Chhattisgarh,642,SUKMA,KONTA,KONTA,Konta,Godavari,Godavari,Sabari,-,-,Sabari,17.79888889,81.39277778,08-06-2026 08:00,270
2851,Konta,CWC,22,Chhattisgarh,642,SUKMA,KONTA,KONTA,Konta,Godavari,Godavari,Sabari,-,-,Sabari,17.79888889,81.39277778,09-06-2026 08:00,290
2852,Konta,CWC,22,Chhattisgarh,642,SUKMA,KONTA,KONTA,Konta,Godavari,Godavari,Sabari,-,-,Sabari,17.79888889,81.39277778,10-06-2026 08:00,250
2853,Konta,CWC,22,Chhattisgarh,642,SUKMA,KONTA,KONTA,Konta,Godavari,Godavari,Sabari,-,-,Sabari,17.79888889,81.39277778,11-06-2026 08:00,220
2854,Konta,CWC,22,Chhattisgarh,642,SUKMA,KONTA,KONTA,Konta,Godavari,Godavari,Sabari,-,-,Sabari,17.79888889,81.39277778,12-06-2026 08:00,160
2855,Konta,CWC,22,Chhattisgarh,642,SUKMA,KONTA,KONTA,Konta,Godavari,Godavari,Sabari,-,-,Sabari,17.79888889,81.39277778,13-06-2026 08:00,200
2856,Konta,CWC,22,Chhattisgarh,642,SUKMA,KONTA,KONTA,Konta,Godavari,Godavari,Sabari,-,-,Sabari,17.79888889,81.39277778,14-06-2026 08:00,200
2857,Konta,CWC,22,Chhattisgarh,642,SUKMA,KONTA,KONTA,Konta,Godavari,Godavari,Sabari,-,-,Sabari,17.79888889,81.39277778,15-06-2026 08:00,260
2858,Konta,CWC,22,Chhattisgarh,642,SUKMA,KONTA,KONTA,Konta,Godavari,Godavari,Sabari,-,-,Sabari,17.79888889,81.39277778,16-06-2026 08:00,210
2859,Konta,CWC,22,Chhattisgarh,642,SUKMA,KONTA,KONTA,Konta,Godavari,Godavari,Sabari,-,-,Sabari,17.79888889,81.39277778,17-06-2026 08:00,260
2860,Konta,CWC,22,Chhattisgarh,642,SUKMA,KONTA,KONTA,Konta,Godavari,Godavari,Sabari,-,-,Sabari,17.79888889,81.39277778,18-06-2026 08:00,220
2861,Konta,CWC,22,Chhattisgarh,642,SUKMA,KONTA,KONTA,Konta,Godavari,Godavari,Sabari,-,-,Sabari,17.79888889,81.39277778,19-06-2026 08:00,220
2862,Konta,CWC,22,Chhattisgarh,642,SUKMA,KONTA,KONTA,Konta,Godavari,Godavari,Sabari,-,-,Sabari,17.79888889,81.39277778,20-06-2026 08:00,220
2863,Konta,CWC,22,Chhattisgarh,642,SUKMA,KONTA,KONTA,Konta,Godavari,Godavari,Sabari,-,-,Sabari,17.79888889,81.39277778,21-06-2026 08:00,260
2864,Konta,CWC,22,Chhattisgarh,642,SUKMA,KONTA,KONTA,Konta,Godavari,Godavari,Sabari,-,-,Sabari,17.79888889,81.39277778,22-06-2026 08:00,210
2865,Konta,CWC,22,Chhattisgarh,642,SUKMA,KONTA,KONTA,Konta,Godavari,Godavari,Sabari,-,-,Sabari,17.79888889,81.39277778,23-06-2026 08:00,260
2866,Konta,CWC,22,Chhattisgarh,642,SUKMA,KONTA,KONTA,Konta,Godavari,Godavari,Sabari,-,-,Sabari,17.79888889,81.39277778,24-06-2026 08:00,270
2867,Konta,CWC,22,Chhattisgarh,642,SUKMA,KONTA,KONTA,Konta,Godavari,Godavari,Sabari,-,-,Sabari,17.79888889,81.39277778,25-06-2026 08:00,350
2868,Konta,CWC,22,Chhattisgarh,642,SUKMA,KONTA,KONTA,Konta,Godavari,Godavari,Sabari,-,-,Sabari,17.79888889,81.39277778,26-06-2026 08:00,360
2869,Konta,CWC,22,Chhattisgarh,642,SUKMA,KONTA,KONTA,Konta,Godavari,Godavari,Sabari,-,-,Sabari,17.79888889,81.39277778,27-06-2026 08:00,350
2870,Konta,CWC,22,Chhattisgarh,642,SUKMA,KONTA,KONTA,Konta,Godavari,Godavari,Sabari,-,-,Sabari,17.79888889,81.39277778,28-06-2026 08:00,360
2871,Konta,CWC,22,Chhattisgarh,642,SUKMA,KONTA,KONTA,Konta,Godavari,Godavari,Sabari,-,-,Sabari,17.79888889,81.39277778,29-06-2026 08:00,370
2872,Konta,CWC,22,Chhattisgarh,642,SUKMA,KONTA,KONTA,Konta,Godavari,Godavari,Sabari,-,-,Sabari,17.79888889,81.39277778,30-06-2026 08:00,350
2873,Konta,CWC,22,Chhattisgarh,642,SUKMA,KONTA,KONTA,Konta,Godavari,Godavari,Sabari,-,-,Sabari,17.79888889,81.39277778,07-07-2026 08:00,732
2874,Konta,CWC,22,Chhattisgarh,642,SUKMA,KONTA,KONTA,Konta,Godavari,Godavari,Sabari,-,-,Sabari,17.79888889,81.39277778,09-07-2026 08:00,447
2875,Konta,CWC,22,Chhattisgarh,642,SUKMA,KONTA,KONTA,Konta,Godavari,Godavari,Sabari,-,-,Sabari,17.79888889,81.39277778,14-07-2026 08:00,327
2876,Kotni,CWC,22,Chhattisgarh,378,DURG,DURG,-,-,Mahanadi,Mahanadi,Seonath,-,-,Seonath,21.22083333,81.24111111,01-01-2026 08:00,0
2877,Kotni,CWC,22,Chhattisgarh,378,DURG,DURG,-,-,Mahanadi,Mahanadi,Seonath,-,-,Seonath,21.22083333,81.24111111,02-01-2026 08:00,0
2878,Kotni,CWC,22,Chhattisgarh,378,DURG,DURG,-,-,Mahanadi,Mahanadi,Seonath,-,-,Seonath,21.22083333,81.24111111,03-01-2026 08:00,0
2879,Kotni,CWC,22,Chhattisgarh,378,DURG,DURG,-,-,Mahanadi,Mahanadi,Seonath,-,-,Seonath,21.22083333,81.24111111,04-01-2026 08:00,0
2880,Kotni,CWC,22,Chhattisgarh,378,DURG,DURG,-,-,Mahanadi,Mahanadi,Seonath,-,-,Seonath,21.22083333,81.24111111,05-01-2026 08:00,0
2881,Kotni,CWC,22,Chhattisgarh,378,DURG,DURG,-,-,Mahanadi,Mahanadi,Seonath,-,-,Seonath,21.22083333,81.24111111,06-01-2026 08:00,0
2882,Kotni,CWC,22,Chhattisgarh,378,DURG,DURG,-,-,Mahanadi,Mahanadi,Seonath,-,-,Seonath,21.22083333,81.24111111,07-01-2026 08:00,0
2883,Kotni,CWC,22,Chhattisgarh,378,DURG,DURG,-,-,Mahanadi,Mahanadi,Seonath,-,-,Seonath,21.22083333,81.24111111,08-01-2026 08:00,0
2884,Kotni,CWC,22,Chhattisgarh,378,DURG,DURG,-,-,Mahanadi,Mahanadi,Seonath,-,-,Seonath,21.22083333,81.24111111,09-01-2026 08:00,0
2885,Kotni,CWC,22,Chhattisgarh,378,DURG,DURG,-,-,Mahanadi,Mahanadi,Seonath,-,-,Seonath,21.22083333,81.24111111,10-01-2026 08:00,0
2886,Kotni,CWC,22,Chhattisgarh,378,DURG,DURG,-,-,Mahanadi,Mahanadi,Seonath,-,-,Seonath,21.22083333,81.24111111,11-01-2026 08:00,0
2887,Kotni,CWC,22,Chhattisgarh,378,DURG,DURG,-,-,Mahanadi,Mahanadi,Seonath,-,-,Seonath,21.22083333,81.24111111,12-01-2026 08:00,0
2888,Kotni,CWC,22,Chhattisgarh,378,DURG,DURG,-,-,Mahanadi,Mahanadi,Seonath,-,-,Seonath,21.22083333,81.24111111,13-01-2026 08:00,0
2889,Kotni,CWC,22,Chhattisgarh,378,DURG,DURG,-,-,Mahanadi,Mahanadi,Seonath,-,-,Seonath,21.22083333,81.24111111,14-01-2026 08:00,0
2890,Kotni,CWC,22,Chhattisgarh,378,DURG,DURG,-,-,Mahanadi,Mahanadi,Seonath,-,-,Seonath,21.22083333,81.24111111,15-01-2026 08:00,0
2891,Kotni,CWC,22,Chhattisgarh,378,DURG,DURG,-,-,Mahanadi,Mahanadi,Seonath,-,-,Seonath,21.22083333,81.24111111,16-01-2026 08:00,0
2892,Kotni,CWC,22,Chhattisgarh,378,DURG,DURG,-,-,Mahanadi,Mahanadi,Seonath,-,-,Seonath,21.22083333,81.24111111,17-01-2026 08:00,0
2893,Kotni,CWC,22,Chhattisgarh,378,DURG,DURG,-,-,Mahanadi,Mahanadi,Seonath,-,-,Seonath,21.22083333,81.24111111,18-01-2026 08:00,0
2894,Kotni,CWC,22,Chhattisgarh,378,DURG,DURG,-,-,Mahanadi,Mahanadi,Seonath,-,-,Seonath,21.22083333,81.24111111,19-01-2026 08:00,0
2895,Kotni,CWC,22,Chhattisgarh,378,DURG,DURG,-,-,Mahanadi,Mahanadi,Seonath,-,-,Seonath,21.22083333,81.24111111,20-01-2026 08:00,0
2896,Kotni,CWC,22,Chhattisgarh,378,DURG,DURG,-,-,Mahanadi,Mahanadi,Seonath,-,-,Seonath,21.22083333,81.24111111,21-01-2026 08:00,0
2897,Kotni,CWC,22,Chhattisgarh,378,DURG,DURG,-,-,Mahanadi,Mahanadi,Seonath,-,-,Seonath,21.22083333,81.24111111,22-01-2026 08:00,0
2898,Kotni,CWC,22,Chhattisgarh,378,DURG,DURG,-,-,Mahanadi,Mahanadi,Seonath,-,-,Seonath,21.22083333,81.24111111,23-01-2026 08:00,0
2899,Kotni,CWC,22,Chhattisgarh,378,DURG,DURG,-,-,Mahanadi,Mahanadi,Seonath,-,-,Seonath,21.22083333,81.24111111,24-01-2026 08:00,0
2900,Kotni,CWC,22,Chhattisgarh,378,DURG,DURG,-,-,Mahanadi,Mahanadi,Seonath,-,-,Seonath,21.22083333,81.24111111,25-01-2026 08:00,0
2901,Kotni,CWC,22,Chhattisgarh,378,DURG,DURG,-,-,Mahanadi,Mahanadi,Seonath,-,-,Seonath,21.22083333,81.24111111,26-01-2026 08:00,0
2902,Kotni,CWC,22,Chhattisgarh,378,DURG,DURG,-,-,Mahanadi,Mahanadi,Seonath,-,-,Seonath,21.22083333,81.24111111,27-01-2026 08:00,0
2903,Kotni,CWC,22,Chhattisgarh,378,DURG,DURG,-,-,Mahanadi,Mahanadi,Seonath,-,-,Seonath,21.22083333,81.24111111,28-01-2026 08:00,0
2904,Kotni,CWC,22,Chhattisgarh,378,DURG,DURG,-,-,Mahanadi,Mahanadi,Seonath,-,-,Seonath,21.22083333,81.24111111,29-01-2026 08:00,0
2905,Kotni,CWC,22,Chhattisgarh,378,DURG,DURG,-,-,Mahanadi,Mahanadi,Seonath,-,-,Seonath,21.22083333,81.24111111,30-01-2026 08:00,0
2906,Kotni,CWC,22,Chhattisgarh,378,DURG,DURG,-,-,Mahanadi,Mahanadi,Seonath,-,-,Seonath,21.22083333,81.24111111,31-01-2026 08:00,0
2907,Kotni,CWC,22,Chhattisgarh,378,DURG,DURG,-,-,Mahanadi,Mahanadi,Seonath,-,-,Seonath,21.22083333,81.24111111,01-02-2026 08:00,0
2908,Kotni,CWC,22,Chhattisgarh,378,DURG,DURG,-,-,Mahanadi,Mahanadi,Seonath,-,-,Seonath,21.22083333,81.24111111,02-02-2026 08:00,0
2909,Kotni,CWC,22,Chhattisgarh,378,DURG,DURG,-,-,Mahanadi,Mahanadi,Seonath,-,-,Seonath,21.22083333,81.24111111,03-02-2026 08:00,0
2910,Kotni,CWC,22,Chhattisgarh,378,DURG,DURG,-,-,Mahanadi,Mahanadi,Seonath,-,-,Seonath,21.22083333,81.24111111,04-02-2026 08:00,0
2911,Kotni,CWC,22,Chhattisgarh,378,DURG,DURG,-,-,Mahanadi,Mahanadi,Seonath,-,-,Seonath,21.22083333,81.24111111,05-02-2026 08:00,0
2912,Kotni,CWC,22,Chhattisgarh,378,DURG,DURG,-,-,Mahanadi,Mahanadi,Seonath,-,-,Seonath,21.22083333,81.24111111,06-02-2026 08:00,0
2913,Kotni,CWC,22,Chhattisgarh,378,DURG,DURG,-,-,Mahanadi,Mahanadi,Seonath,-,-,Seonath,21.22083333,81.24111111,07-02-2026 08:00,0
2914,Kotni,CWC,22,Chhattisgarh,378,DURG,DURG,-,-,Mahanadi,Mahanadi,Seonath,-,-,Seonath,21.22083333,81.24111111,08-02-2026 08:00,0
2915,Kotni,CWC,22,Chhattisgarh,378,DURG,DURG,-,-,Mahanadi,Mahanadi,Seonath,-,-,Seonath,21.22083333,81.24111111,09-02-2026 08:00,0
2916,Kotni,CWC,22,Chhattisgarh,378,DURG,DURG,-,-,Mahanadi,Mahanadi,Seonath,-,-,Seonath,21.22083333,81.24111111,10-02-2026 08:00,0
2917,Kotni,CWC,22,Chhattisgarh,378,DURG,DURG,-,-,Mahanadi,Mahanadi,Seonath,-,-,Seonath,21.22083333,81.24111111,11-02-2026 08:00,0
2918,Kotni,CWC,22,Chhattisgarh,378,DURG,DURG,-,-,Mahanadi,Mahanadi,Seonath,-,-,Seonath,21.22083333,81.24111111,12-02-2026 08:00,0
2919,Kotni,CWC,22,Chhattisgarh,378,DURG,DURG,-,-,Mahanadi,Mahanadi,Seonath,-,-,Seonath,21.22083333,81.24111111,13-02-2026 08:00,0
2920,Kotni,CWC,22,Chhattisgarh,378,DURG,DURG,-,-,Mahanadi,Mahanadi,Seonath,-,-,Seonath,21.22083333,81.24111111,14-02-2026 08:00,0
2921,Kotni,CWC,22,Chhattisgarh,378,DURG,DURG,-,-,Mahanadi,Mahanadi,Seonath,-,-,Seonath,21.22083333,81.24111111,15-02-2026 08:00,0
2922,Kotni,CWC,22,Chhattisgarh,378,DURG,DURG,-,-,Mahanadi,Mahanadi,Seonath,-,-,Seonath,21.22083333,81.24111111,16-02-2026 08:00,0
2923,Kotni,CWC,22,Chhattisgarh,378,DURG,DURG,-,-,Mahanadi,Mahanadi,Seonath,-,-,Seonath,21.22083333,81.24111111,17-02-2026 08:00,0
2924,Kotni,CWC,22,Chhattisgarh,378,DURG,DURG,-,-,Mahanadi,Mahanadi,Seonath,-,-,Seonath,21.22083333,81.24111111,18-02-2026 08:00,0
2925,Kotni,CWC,22,Chhattisgarh,378,DURG,DURG,-,-,Mahanadi,Mahanadi,Seonath,-,-,Seonath,21.22083333,81.24111111,19-02-2026 08:00,0
2926,Kotni,CWC,22,Chhattisgarh,378,DURG,DURG,-,-,Mahanadi,Mahanadi,Seonath,-,-,Seonath,21.22083333,81.24111111,20-02-2026 08:00,0
2927,Kotni,CWC,22,Chhattisgarh,378,DURG,DURG,-,-,Mahanadi,Mahanadi,Seonath,-,-,Seonath,21.22083333,81.24111111,21-02-2026 08:00,0
2928,Kotni,CWC,22,Chhattisgarh,378,DURG,DURG,-,-,Mahanadi,Mahanadi,Seonath,-,-,Seonath,21.22083333,81.24111111,22-02-2026 08:00,0
2929,Kotni,CWC,22,Chhattisgarh,378,DURG,DURG,-,-,Mahanadi,Mahanadi,Seonath,-,-,Seonath,21.22083333,81.24111111,23-02-2026 08:00,0
2930,Kotni,CWC,22,Chhattisgarh,378,DURG,DURG,-,-,Mahanadi,Mahanadi,Seonath,-,-,Seonath,21.22083333,81.24111111,24-02-2026 08:00,0
2931,Kotni,CWC,22,Chhattisgarh,378,DURG,DURG,-,-,Mahanadi,Mahanadi,Seonath,-,-,Seonath,21.22083333,81.24111111,25-02-2026 08:00,0
2932,Kotni,CWC,22,Chhattisgarh,378,DURG,DURG,-,-,Mahanadi,Mahanadi,Seonath,-,-,Seonath,21.22083333,81.24111111,26-02-2026 08:00,0
2933,Kotni,CWC,22,Chhattisgarh,378,DURG,DURG,-,-,Mahanadi,Mahanadi,Seonath,-,-,Seonath,21.22083333,81.24111111,27-02-2026 08:00,0
2934,Kotni,CWC,22,Chhattisgarh,378,DURG,DURG,-,-,Mahanadi,Mahanadi,Seonath,-,-,Seonath,21.22083333,81.24111111,28-02-2026 08:00,0
2935,Kotni,CWC,22,Chhattisgarh,378,DURG,DURG,-,-,Mahanadi,Mahanadi,Seonath,-,-,Seonath,21.22083333,81.24111111,01-03-2026 08:00,0
2936,Kotni,CWC,22,Chhattisgarh,378,DURG,DURG,-,-,Mahanadi,Mahanadi,Seonath,-,-,Seonath,21.22083333,81.24111111,02-03-2026 08:00,0
2937,Kotni,CWC,22,Chhattisgarh,378,DURG,DURG,-,-,Mahanadi,Mahanadi,Seonath,-,-,Seonath,21.22083333,81.24111111,03-03-2026 08:00,0
2938,Kotni,CWC,22,Chhattisgarh,378,DURG,DURG,-,-,Mahanadi,Mahanadi,Seonath,-,-,Seonath,21.22083333,81.24111111,04-03-2026 08:00,0
2939,Kotni,CWC,22,Chhattisgarh,378,DURG,DURG,-,-,Mahanadi,Mahanadi,Seonath,-,-,Seonath,21.22083333,81.24111111,05-03-2026 08:00,0
2940,Kotni,CWC,22,Chhattisgarh,378,DURG,DURG,-,-,Mahanadi,Mahanadi,Seonath,-,-,Seonath,21.22083333,81.24111111,06-03-2026 08:00,0
2941,Kotni,CWC,22,Chhattisgarh,378,DURG,DURG,-,-,Mahanadi,Mahanadi,Seonath,-,-,Seonath,21.22083333,81.24111111,07-03-2026 08:00,0
2942,Kotni,CWC,22,Chhattisgarh,378,DURG,DURG,-,-,Mahanadi,Mahanadi,Seonath,-,-,Seonath,21.22083333,81.24111111,08-03-2026 08:00,0
2943,Kotni,CWC,22,Chhattisgarh,378,DURG,DURG,-,-,Mahanadi,Mahanadi,Seonath,-,-,Seonath,21.22083333,81.24111111,09-03-2026 08:00,0
2944,Kotni,CWC,22,Chhattisgarh,378,DURG,DURG,-,-,Mahanadi,Mahanadi,Seonath,-,-,Seonath,21.22083333,81.24111111,10-03-2026 08:00,0
2945,Kotni,CWC,22,Chhattisgarh,378,DURG,DURG,-,-,Mahanadi,Mahanadi,Seonath,-,-,Seonath,21.22083333,81.24111111,11-03-2026 08:00,0
2946,Kotni,CWC,22,Chhattisgarh,378,DURG,DURG,-,-,Mahanadi,Mahanadi,Seonath,-,-,Seonath,21.22083333,81.24111111,12-03-2026 08:00,0
2947,Kotni,CWC,22,Chhattisgarh,378,DURG,DURG,-,-,Mahanadi,Mahanadi,Seonath,-,-,Seonath,21.22083333,81.24111111,13-03-2026 08:00,0
2948,Kotni,CWC,22,Chhattisgarh,378,DURG,DURG,-,-,Mahanadi,Mahanadi,Seonath,-,-,Seonath,21.22083333,81.24111111,14-03-2026 08:00,0
2949,Kotni,CWC,22,Chhattisgarh,378,DURG,DURG,-,-,Mahanadi,Mahanadi,Seonath,-,-,Seonath,21.22083333,81.24111111,15-03-2026 08:00,0
2950,Kotni,CWC,22,Chhattisgarh,378,DURG,DURG,-,-,Mahanadi,Mahanadi,Seonath,-,-,Seonath,21.22083333,81.24111111,16-03-2026 08:00,0
2951,Kotni,CWC,22,Chhattisgarh,378,DURG,DURG,-,-,Mahanadi,Mahanadi,Seonath,-,-,Seonath,21.22083333,81.24111111,17-03-2026 08:00,0
2952,Kotni,CWC,22,Chhattisgarh,378,DURG,DURG,-,-,Mahanadi,Mahanadi,Seonath,-,-,Seonath,21.22083333,81.24111111,18-03-2026 08:00,0
2953,Kotni,CWC,22,Chhattisgarh,378,DURG,DURG,-,-,Mahanadi,Mahanadi,Seonath,-,-,Seonath,21.22083333,81.24111111,19-03-2026 08:00,0
2954,Kotni,CWC,22,Chhattisgarh,378,DURG,DURG,-,-,Mahanadi,Mahanadi,Seonath,-,-,Seonath,21.22083333,81.24111111,20-03-2026 08:00,0
2955,Kotni,CWC,22,Chhattisgarh,378,DURG,DURG,-,-,Mahanadi,Mahanadi,Seonath,-,-,Seonath,21.22083333,81.24111111,21-03-2026 08:00,0
2956,Kotni,CWC,22,Chhattisgarh,378,DURG,DURG,-,-,Mahanadi,Mahanadi,Seonath,-,-,Seonath,21.22083333,81.24111111,22-03-2026 08:00,0
2957,Kotni,CWC,22,Chhattisgarh,378,DURG,DURG,-,-,Mahanadi,Mahanadi,Seonath,-,-,Seonath,21.22083333,81.24111111,23-03-2026 08:00,0
2958,Kotni,CWC,22,Chhattisgarh,378,DURG,DURG,-,-,Mahanadi,Mahanadi,Seonath,-,-,Seonath,21.22083333,81.24111111,24-03-2026 08:00,0
2959,Kotni,CWC,22,Chhattisgarh,378,DURG,DURG,-,-,Mahanadi,Mahanadi,Seonath,-,-,Seonath,21.22083333,81.24111111,25-03-2026 08:00,0
2960,Kotni,CWC,22,Chhattisgarh,378,DURG,DURG,-,-,Mahanadi,Mahanadi,Seonath,-,-,Seonath,21.22083333,81.24111111,26-03-2026 08:00,0
2961,Kotni,CWC,22,Chhattisgarh,378,DURG,DURG,-,-,Mahanadi,Mahanadi,Seonath,-,-,Seonath,21.22083333,81.24111111,27-03-2026 08:00,0
2962,Kotni,CWC,22,Chhattisgarh,378,DURG,DURG,-,-,Mahanadi,Mahanadi,Seonath,-,-,Seonath,21.22083333,81.24111111,28-03-2026 08:00,0
2963,Kotni,CWC,22,Chhattisgarh,378,DURG,DURG,-,-,Mahanadi,Mahanadi,Seonath,-,-,Seonath,21.22083333,81.24111111,29-03-2026 08:00,0
2964,Kotni,CWC,22,Chhattisgarh,378,DURG,DURG,-,-,Mahanadi,Mahanadi,Seonath,-,-,Seonath,21.22083333,81.24111111,30-03-2026 08:00,0
2965,Kotni,CWC,22,Chhattisgarh,378,DURG,DURG,-,-,Mahanadi,Mahanadi,Seonath,-,-,Seonath,21.22083333,81.24111111,31-03-2026 08:00,0
2966,Kotni,CWC,22,Chhattisgarh,378,DURG,DURG,-,-,Mahanadi,Mahanadi,Seonath,-,-,Seonath,21.22083333,81.24111111,01-04-2026 08:00,0
2967,Kotni,CWC,22,Chhattisgarh,378,DURG,DURG,-,-,Mahanadi,Mahanadi,Seonath,-,-,Seonath,21.22083333,81.24111111,02-04-2026 08:00,0
2968,Kotni,CWC,22,Chhattisgarh,378,DURG,DURG,-,-,Mahanadi,Mahanadi,Seonath,-,-,Seonath,21.22083333,81.24111111,03-04-2026 08:00,0
2969,Kotni,CWC,22,Chhattisgarh,378,DURG,DURG,-,-,Mahanadi,Mahanadi,Seonath,-,-,Seonath,21.22083333,81.24111111,04-04-2026 08:00,0
2970,Kotni,CWC,22,Chhattisgarh,378,DURG,DURG,-,-,Mahanadi,Mahanadi,Seonath,-,-,Seonath,21.22083333,81.24111111,05-04-2026 08:00,0
2971,Kotni,CWC,22,Chhattisgarh,378,DURG,DURG,-,-,Mahanadi,Mahanadi,Seonath,-,-,Seonath,21.22083333,81.24111111,06-04-2026 08:00,0
2972,Kotni,CWC,22,Chhattisgarh,378,DURG,DURG,-,-,Mahanadi,Mahanadi,Seonath,-,-,Seonath,21.22083333,81.24111111,07-04-2026 08:00,0
2973,Kotni,CWC,22,Chhattisgarh,378,DURG,DURG,-,-,Mahanadi,Mahanadi,Seonath,-,-,Seonath,21.22083333,81.24111111,08-04-2026 08:00,0
2974,Kotni,CWC,22,Chhattisgarh,378,DURG,DURG,-,-,Mahanadi,Mahanadi,Seonath,-,-,Seonath,21.22083333,81.24111111,09-04-2026 08:00,0
2975,Kotni,CWC,22,Chhattisgarh,378,DURG,DURG,-,-,Mahanadi,Mahanadi,Seonath,-,-,Seonath,21.22083333,81.24111111,10-04-2026 08:00,0
2976,Kotni,CWC,22,Chhattisgarh,378,DURG,DURG,-,-,Mahanadi,Mahanadi,Seonath,-,-,Seonath,21.22083333,81.24111111,11-04-2026 08:00,0
2977,Kotni,CWC,22,Chhattisgarh,378,DURG,DURG,-,-,Mahanadi,Mahanadi,Seonath,-,-,Seonath,21.22083333,81.24111111,12-04-2026 08:00,0
2978,Kotni,CWC,22,Chhattisgarh,378,DURG,DURG,-,-,Mahanadi,Mahanadi,Seonath,-,-,Seonath,21.22083333,81.24111111,13-04-2026 08:00,0
2979,Kotni,CWC,22,Chhattisgarh,378,DURG,DURG,-,-,Mahanadi,Mahanadi,Seonath,-,-,Seonath,21.22083333,81.24111111,14-04-2026 08:00,0
2980,Kotni,CWC,22,Chhattisgarh,378,DURG,DURG,-,-,Mahanadi,Mahanadi,Seonath,-,-,Seonath,21.22083333,81.24111111,15-04-2026 08:00,0
2981,Kotni,CWC,22,Chhattisgarh,378,DURG,DURG,-,-,Mahanadi,Mahanadi,Seonath,-,-,Seonath,21.22083333,81.24111111,16-04-2026 08:00,0
2982,Kotni,CWC,22,Chhattisgarh,378,DURG,DURG,-,-,Mahanadi,Mahanadi,Seonath,-,-,Seonath,21.22083333,81.24111111,17-04-2026 08:00,0
2983,Kotni,CWC,22,Chhattisgarh,378,DURG,DURG,-,-,Mahanadi,Mahanadi,Seonath,-,-,Seonath,21.22083333,81.24111111,18-04-2026 08:00,0
2984,Kotni,CWC,22,Chhattisgarh,378,DURG,DURG,-,-,Mahanadi,Mahanadi,Seonath,-,-,Seonath,21.22083333,81.24111111,19-04-2026 08:00,0
2985,Kotni,CWC,22,Chhattisgarh,378,DURG,DURG,-,-,Mahanadi,Mahanadi,Seonath,-,-,Seonath,21.22083333,81.24111111,20-04-2026 08:00,0
2986,Kotni,CWC,22,Chhattisgarh,378,DURG,DURG,-,-,Mahanadi,Mahanadi,Seonath,-,-,Seonath,21.22083333,81.24111111,21-04-2026 08:00,0
2987,Kotni,CWC,22,Chhattisgarh,378,DURG,DURG,-,-,Mahanadi,Mahanadi,Seonath,-,-,Seonath,21.22083333,81.24111111,22-04-2026 08:00,0
2988,Kotni,CWC,22,Chhattisgarh,378,DURG,DURG,-,-,Mahanadi,Mahanadi,Seonath,-,-,Seonath,21.22083333,81.24111111,23-04-2026 08:00,0
2989,Kotni,CWC,22,Chhattisgarh,378,DURG,DURG,-,-,Mahanadi,Mahanadi,Seonath,-,-,Seonath,21.22083333,81.24111111,24-04-2026 08:00,0
2990,Kotni,CWC,22,Chhattisgarh,378,DURG,DURG,-,-,Mahanadi,Mahanadi,Seonath,-,-,Seonath,21.22083333,81.24111111,25-04-2026 08:00,0
2991,Kotni,CWC,22,Chhattisgarh,378,DURG,DURG,-,-,Mahanadi,Mahanadi,Seonath,-,-,Seonath,21.22083333,81.24111111,26-04-2026 08:00,0
2992,Kotni,CWC,22,Chhattisgarh,378,DURG,DURG,-,-,Mahanadi,Mahanadi,Seonath,-,-,Seonath,21.22083333,81.24111111,27-04-2026 08:00,0
2993,Kotni,CWC,22,Chhattisgarh,378,DURG,DURG,-,-,Mahanadi,Mahanadi,Seonath,-,-,Seonath,21.22083333,81.24111111,28-04-2026 08:00,0
2994,Kotni,CWC,22,Chhattisgarh,378,DURG,DURG,-,-,Mahanadi,Mahanadi,Seonath,-,-,Seonath,21.22083333,81.24111111,29-04-2026 08:00,0
2995,Kotni,CWC,22,Chhattisgarh,378,DURG,DURG,-,-,Mahanadi,Mahanadi,Seonath,-,-,Seonath,21.22083333,81.24111111,30-04-2026 08:00,0
2996,Kotni,CWC,22,Chhattisgarh,378,DURG,DURG,-,-,Mahanadi,Mahanadi,Seonath,-,-,Seonath,21.22083333,81.24111111,01-05-2026 08:00,0
2997,Kotni,CWC,22,Chhattisgarh,378,DURG,DURG,-,-,Mahanadi,Mahanadi,Seonath,-,-,Seonath,21.22083333,81.24111111,02-05-2026 08:00,0
2998,Kotni,CWC,22,Chhattisgarh,378,DURG,DURG,-,-,Mahanadi,Mahanadi,Seonath,-,-,Seonath,21.22083333,81.24111111,03-05-2026 08:00,0
2999,Kotni,CWC,22,Chhattisgarh,378,DURG,DURG,-,-,Mahanadi,Mahanadi,Seonath,-,-,Seonath,21.22083333,81.24111111,04-05-2026 08:00,0
3000,Kotni,CWC,22,Chhattisgarh,378,DURG,DURG,-,-,Mahanadi,Mahanadi,Seonath,-,-,Seonath,21.22083333,81.24111111,05-05-2026 08:00,0
3001,Kotni,CWC,22,Chhattisgarh,378,DURG,DURG,-,-,Mahanadi,Mahanadi,Seonath,-,-,Seonath,21.22083333,81.24111111,06-05-2026 08:00,0
3002,Kotni,CWC,22,Chhattisgarh,378,DURG,DURG,-,-,Mahanadi,Mahanadi,Seonath,-,-,Seonath,21.22083333,81.24111111,07-05-2026 08:00,0
3003,Kotni,CWC,22,Chhattisgarh,378,DURG,DURG,-,-,Mahanadi,Mahanadi,Seonath,-,-,Seonath,21.22083333,81.24111111,08-05-2026 08:00,0
3004,Kotni,CWC,22,Chhattisgarh,378,DURG,DURG,-,-,Mahanadi,Mahanadi,Seonath,-,-,Seonath,21.22083333,81.24111111,09-05-2026 08:00,0
3005,Kotni,CWC,22,Chhattisgarh,378,DURG,DURG,-,-,Mahanadi,Mahanadi,Seonath,-,-,Seonath,21.22083333,81.24111111,10-05-2026 08:00,0
3006,Kotni,CWC,22,Chhattisgarh,378,DURG,DURG,-,-,Mahanadi,Mahanadi,Seonath,-,-,Seonath,21.22083333,81.24111111,11-05-2026 08:00,0
3007,Kotni,CWC,22,Chhattisgarh,378,DURG,DURG,-,-,Mahanadi,Mahanadi,Seonath,-,-,Seonath,21.22083333,81.24111111,12-05-2026 08:00,0
3008,Kotni,CWC,22,Chhattisgarh,378,DURG,DURG,-,-,Mahanadi,Mahanadi,Seonath,-,-,Seonath,21.22083333,81.24111111,13-05-2026 08:00,0
3009,Kotni,CWC,22,Chhattisgarh,378,DURG,DURG,-,-,Mahanadi,Mahanadi,Seonath,-,-,Seonath,21.22083333,81.24111111,13-05-2026 08:00,0
3010,Kotni,CWC,22,Chhattisgarh,378,DURG,DURG,-,-,Mahanadi,Mahanadi,Seonath,-,-,Seonath,21.22083333,81.24111111,14-05-2026 08:00,0
3011,Kotni,CWC,22,Chhattisgarh,378,DURG,DURG,-,-,Mahanadi,Mahanadi,Seonath,-,-,Seonath,21.22083333,81.24111111,14-05-2026 08:00,0
3012,Kotni,CWC,22,Chhattisgarh,378,DURG,DURG,-,-,Mahanadi,Mahanadi,Seonath,-,-,Seonath,21.22083333,81.24111111,15-05-2026 08:00,0
3013,Kotni,CWC,22,Chhattisgarh,378,DURG,DURG,-,-,Mahanadi,Mahanadi,Seonath,-,-,Seonath,21.22083333,81.24111111,15-05-2026 08:00,0
3014,Kotni,CWC,22,Chhattisgarh,378,DURG,DURG,-,-,Mahanadi,Mahanadi,Seonath,-,-,Seonath,21.22083333,81.24111111,16-05-2026 08:00,0
3015,Kotni,CWC,22,Chhattisgarh,378,DURG,DURG,-,-,Mahanadi,Mahanadi,Seonath,-,-,Seonath,21.22083333,81.24111111,16-05-2026 08:00,0
3016,Kotni,CWC,22,Chhattisgarh,378,DURG,DURG,-,-,Mahanadi,Mahanadi,Seonath,-,-,Seonath,21.22083333,81.24111111,17-05-2026 08:00,0
3017,Kotni,CWC,22,Chhattisgarh,378,DURG,DURG,-,-,Mahanadi,Mahanadi,Seonath,-,-,Seonath,21.22083333,81.24111111,17-05-2026 08:00,0
3018,Kotni,CWC,22,Chhattisgarh,378,DURG,DURG,-,-,Mahanadi,Mahanadi,Seonath,-,-,Seonath,21.22083333,81.24111111,18-05-2026 08:00,0
3019,Kotni,CWC,22,Chhattisgarh,378,DURG,DURG,-,-,Mahanadi,Mahanadi,Seonath,-,-,Seonath,21.22083333,81.24111111,18-05-2026 08:00,0
3020,Kotni,CWC,22,Chhattisgarh,378,DURG,DURG,-,-,Mahanadi,Mahanadi,Seonath,-,-,Seonath,21.22083333,81.24111111,19-05-2026 08:00,0
3021,Kotni,CWC,22,Chhattisgarh,378,DURG,DURG,-,-,Mahanadi,Mahanadi,Seonath,-,-,Seonath,21.22083333,81.24111111,19-05-2026 08:00,0
3022,Kotni,CWC,22,Chhattisgarh,378,DURG,DURG,-,-,Mahanadi,Mahanadi,Seonath,-,-,Seonath,21.22083333,81.24111111,20-05-2026 08:00,0
3023,Kotni,CWC,22,Chhattisgarh,378,DURG,DURG,-,-,Mahanadi,Mahanadi,Seonath,-,-,Seonath,21.22083333,81.24111111,20-05-2026 08:00,0
3024,Kotni,CWC,22,Chhattisgarh,378,DURG,DURG,-,-,Mahanadi,Mahanadi,Seonath,-,-,Seonath,21.22083333,81.24111111,21-05-2026 08:00,0
3025,Kotni,CWC,22,Chhattisgarh,378,DURG,DURG,-,-,Mahanadi,Mahanadi,Seonath,-,-,Seonath,21.22083333,81.24111111,22-05-2026 08:00,0
3026,Kotni,CWC,22,Chhattisgarh,378,DURG,DURG,-,-,Mahanadi,Mahanadi,Seonath,-,-,Seonath,21.22083333,81.24111111,23-05-2026 08:00,0
3027,Kotni,CWC,22,Chhattisgarh,378,DURG,DURG,-,-,Mahanadi,Mahanadi,Seonath,-,-,Seonath,21.22083333,81.24111111,24-05-2026 08:00,0
3028,Kotni,CWC,22,Chhattisgarh,378,DURG,DURG,-,-,Mahanadi,Mahanadi,Seonath,-,-,Seonath,21.22083333,81.24111111,25-05-2026 08:00,0
3029,Kotni,CWC,22,Chhattisgarh,378,DURG,DURG,-,-,Mahanadi,Mahanadi,Seonath,-,-,Seonath,21.22083333,81.24111111,26-05-2026 08:00,0
3030,Kotni,CWC,22,Chhattisgarh,378,DURG,DURG,-,-,Mahanadi,Mahanadi,Seonath,-,-,Seonath,21.22083333,81.24111111,27-05-2026 08:00,0
3031,Kotni,CWC,22,Chhattisgarh,378,DURG,DURG,-,-,Mahanadi,Mahanadi,Seonath,-,-,Seonath,21.22083333,81.24111111,28-05-2026 08:00,0
3032,Kotni,CWC,22,Chhattisgarh,378,DURG,DURG,-,-,Mahanadi,Mahanadi,Seonath,-,-,Seonath,21.22083333,81.24111111,29-05-2026 08:00,0
3033,Kotni,CWC,22,Chhattisgarh,378,DURG,DURG,-,-,Mahanadi,Mahanadi,Seonath,-,-,Seonath,21.22083333,81.24111111,30-05-2026 08:00,0
3034,Kotni,CWC,22,Chhattisgarh,378,DURG,DURG,-,-,Mahanadi,Mahanadi,Seonath,-,-,Seonath,21.22083333,81.24111111,31-05-2026 08:00,0
3035,Kotni,CWC,22,Chhattisgarh,378,DURG,DURG,-,-,Mahanadi,Mahanadi,Seonath,-,-,Seonath,21.22083333,81.24111111,01-06-2026 08:00,0
3036,Kotni,CWC,22,Chhattisgarh,378,DURG,DURG,-,-,Mahanadi,Mahanadi,Seonath,-,-,Seonath,21.22083333,81.24111111,02-06-2026 08:00,0
3037,Kotni,CWC,22,Chhattisgarh,378,DURG,DURG,-,-,Mahanadi,Mahanadi,Seonath,-,-,Seonath,21.22083333,81.24111111,03-06-2026 08:00,0
3038,Kotni,CWC,22,Chhattisgarh,378,DURG,DURG,-,-,Mahanadi,Mahanadi,Seonath,-,-,Seonath,21.22083333,81.24111111,04-06-2026 08:00,0
3039,Kotni,CWC,22,Chhattisgarh,378,DURG,DURG,-,-,Mahanadi,Mahanadi,Seonath,-,-,Seonath,21.22083333,81.24111111,05-06-2026 08:00,0
3040,Kotni,CWC,22,Chhattisgarh,378,DURG,DURG,-,-,Mahanadi,Mahanadi,Seonath,-,-,Seonath,21.22083333,81.24111111,06-06-2026 08:00,0
3041,Kotni,CWC,22,Chhattisgarh,378,DURG,DURG,-,-,Mahanadi,Mahanadi,Seonath,-,-,Seonath,21.22083333,81.24111111,07-06-2026 08:00,0
3042,Kotni,CWC,22,Chhattisgarh,378,DURG,DURG,-,-,Mahanadi,Mahanadi,Seonath,-,-,Seonath,21.22083333,81.24111111,08-06-2026 08:00,0
3043,Kotni,CWC,22,Chhattisgarh,378,DURG,DURG,-,-,Mahanadi,Mahanadi,Seonath,-,-,Seonath,21.22083333,81.24111111,09-06-2026 08:00,0
3044,Kotni,CWC,22,Chhattisgarh,378,DURG,DURG,-,-,Mahanadi,Mahanadi,Seonath,-,-,Seonath,21.22083333,81.24111111,10-06-2026 08:00,0
3045,Kotni,CWC,22,Chhattisgarh,378,DURG,DURG,-,-,Mahanadi,Mahanadi,Seonath,-,-,Seonath,21.22083333,81.24111111,11-06-2026 08:00,0
3046,Kotni,CWC,22,Chhattisgarh,378,DURG,DURG,-,-,Mahanadi,Mahanadi,Seonath,-,-,Seonath,21.22083333,81.24111111,12-06-2026 08:00,0
3047,Kotni,CWC,22,Chhattisgarh,378,DURG,DURG,-,-,Mahanadi,Mahanadi,Seonath,-,-,Seonath,21.22083333,81.24111111,13-06-2026 08:00,0
3048,Kotni,CWC,22,Chhattisgarh,378,DURG,DURG,-,-,Mahanadi,Mahanadi,Seonath,-,-,Seonath,21.22083333,81.24111111,14-06-2026 08:00,0
3049,Kotni,CWC,22,Chhattisgarh,378,DURG,DURG,-,-,Mahanadi,Mahanadi,Seonath,-,-,Seonath,21.22083333,81.24111111,15-06-2026 08:00,0
3050,Kotni,CWC,22,Chhattisgarh,378,DURG,DURG,-,-,Mahanadi,Mahanadi,Seonath,-,-,Seonath,21.22083333,81.24111111,16-06-2026 08:00,0
3051,Kotni,CWC,22,Chhattisgarh,378,DURG,DURG,-,-,Mahanadi,Mahanadi,Seonath,-,-,Seonath,21.22083333,81.24111111,17-06-2026 08:00,0
3052,Kotni,CWC,22,Chhattisgarh,378,DURG,DURG,-,-,Mahanadi,Mahanadi,Seonath,-,-,Seonath,21.22083333,81.24111111,18-06-2026 08:00,0
3053,Kotni,CWC,22,Chhattisgarh,378,DURG,DURG,-,-,Mahanadi,Mahanadi,Seonath,-,-,Seonath,21.22083333,81.24111111,19-06-2026 08:00,0
3054,Kotni,CWC,22,Chhattisgarh,378,DURG,DURG,-,-,Mahanadi,Mahanadi,Seonath,-,-,Seonath,21.22083333,81.24111111,20-06-2026 08:00,0
3055,Kotni,CWC,22,Chhattisgarh,378,DURG,DURG,-,-,Mahanadi,Mahanadi,Seonath,-,-,Seonath,21.22083333,81.24111111,21-06-2026 08:00,0
3056,Kotni,CWC,22,Chhattisgarh,378,DURG,DURG,-,-,Mahanadi,Mahanadi,Seonath,-,-,Seonath,21.22083333,81.24111111,22-06-2026 08:00,0
3057,Kotni,CWC,22,Chhattisgarh,378,DURG,DURG,-,-,Mahanadi,Mahanadi,Seonath,-,-,Seonath,21.22083333,81.24111111,23-06-2026 08:00,0
3058,Kotni,CWC,22,Chhattisgarh,378,DURG,DURG,-,-,Mahanadi,Mahanadi,Seonath,-,-,Seonath,21.22083333,81.24111111,24-06-2026 08:00,0
3059,Kotni,CWC,22,Chhattisgarh,378,DURG,DURG,-,-,Mahanadi,Mahanadi,Seonath,-,-,Seonath,21.22083333,81.24111111,25-06-2026 08:00,0
3060,Kotni,CWC,22,Chhattisgarh,378,DURG,DURG,-,-,Mahanadi,Mahanadi,Seonath,-,-,Seonath,21.22083333,81.24111111,26-06-2026 08:00,0
3061,Kotni,CWC,22,Chhattisgarh,378,DURG,DURG,-,-,Mahanadi,Mahanadi,Seonath,-,-,Seonath,21.22083333,81.24111111,27-06-2026 08:00,0
3062,Kotni,CWC,22,Chhattisgarh,378,DURG,DURG,-,-,Mahanadi,Mahanadi,Seonath,-,-,Seonath,21.22083333,81.24111111,28-06-2026 08:00,0
3063,Kotni,CWC,22,Chhattisgarh,378,DURG,DURG,-,-,Mahanadi,Mahanadi,Seonath,-,-,Seonath,21.22083333,81.24111111,29-06-2026 08:00,0
3064,Kotni,CWC,22,Chhattisgarh,378,DURG,DURG,-,-,Mahanadi,Mahanadi,Seonath,-,-,Seonath,21.22083333,81.24111111,30-06-2026 08:00,0
3065,Kotni,CWC,22,Chhattisgarh,378,DURG,DURG,-,-,Mahanadi,Mahanadi,Seonath,-,-,Seonath,21.22083333,81.24111111,01-07-2026 08:00,0
3066,Kotni,CWC,22,Chhattisgarh,378,DURG,DURG,-,-,Mahanadi,Mahanadi,Seonath,-,-,Seonath,21.22083333,81.24111111,02-07-2026 08:00,0
3067,Kotni,CWC,22,Chhattisgarh,378,DURG,DURG,-,-,Mahanadi,Mahanadi,Seonath,-,-,Seonath,21.22083333,81.24111111,03-07-2026 08:00,0
3068,Kotni,CWC,22,Chhattisgarh,378,DURG,DURG,-,-,Mahanadi,Mahanadi,Seonath,-,-,Seonath,21.22083333,81.24111111,04-07-2026 08:00,0
3069,Kotni,CWC,22,Chhattisgarh,378,DURG,DURG,-,-,Mahanadi,Mahanadi,Seonath,-,-,Seonath,21.22083333,81.24111111,05-07-2026 08:00,0
3070,Kotni,CWC,22,Chhattisgarh,378,DURG,DURG,-,-,Mahanadi,Mahanadi,Seonath,-,-,Seonath,21.22083333,81.24111111,06-07-2026 08:00,1872.04
3071,Kotni,CWC,22,Chhattisgarh,378,DURG,DURG,-,-,Mahanadi,Mahanadi,Seonath,-,-,Seonath,21.22083333,81.24111111,07-07-2026 08:00,1498.82
3072,Kotni,CWC,22,Chhattisgarh,378,DURG,DURG,-,-,Mahanadi,Mahanadi,Seonath,-,-,Seonath,21.22083333,81.24111111,08-07-2026 08:00,745.92
3073,Kotni,CWC,22,Chhattisgarh,378,DURG,DURG,-,-,Mahanadi,Mahanadi,Seonath,-,-,Seonath,21.22083333,81.24111111,09-07-2026 08:00,372.95
3074,Kotni,CWC,22,Chhattisgarh,378,DURG,DURG,-,-,Mahanadi,Mahanadi,Seonath,-,-,Seonath,21.22083333,81.24111111,10-07-2026 08:00,371.22
3075,Kotni,CWC,22,Chhattisgarh,378,DURG,DURG,-,-,Mahanadi,Mahanadi,Seonath,-,-,Seonath,21.22083333,81.24111111,11-07-2026 08:00,369.49
3076,Kotni,CWC,22,Chhattisgarh,378,DURG,DURG,-,-,Mahanadi,Mahanadi,Seonath,-,-,Seonath,21.22083333,81.24111111,12-07-2026 08:00,365.54
3077,Kotni,CWC,22,Chhattisgarh,378,DURG,DURG,-,-,Mahanadi,Mahanadi,Seonath,-,-,Seonath,21.22083333,81.24111111,13-07-2026 08:00,364.21
3078,Kotni,CWC,22,Chhattisgarh,378,DURG,DURG,-,-,Mahanadi,Mahanadi,Seonath,-,-,Seonath,21.22083333,81.24111111,14-07-2026 08:00,0
3079,Kotni,CWC,22,Chhattisgarh,378,DURG,DURG,-,-,Mahanadi,Mahanadi,Seonath,-,-,Seonath,21.22083333,81.24111111,15-07-2026 08:00,0
3080,Kotni,CWC,22,Chhattisgarh,378,DURG,DURG,-,-,Mahanadi,Mahanadi,Seonath,-,-,Seonath,21.22083333,81.24111111,16-07-2026 08:00,0
3081,Kotni,CWC,22,Chhattisgarh,378,DURG,DURG,-,-,Mahanadi,Mahanadi,Seonath,-,-,Seonath,21.22083333,81.24111111,17-07-2026 08:00,0
3082,Kotni,CWC,22,Chhattisgarh,378,DURG,DURG,-,-,Mahanadi,Mahanadi,Seonath,-,-,Seonath,21.22083333,81.24111111,18-07-2026 08:00,0
3083,Kotni,CWC,22,Chhattisgarh,378,DURG,DURG,-,-,Mahanadi,Mahanadi,Seonath,-,-,Seonath,21.22083333,81.24111111,19-07-2026 08:00,0
3084,Kotni,CWC,22,Chhattisgarh,378,DURG,DURG,-,-,Mahanadi,Mahanadi,Seonath,-,-,Seonath,21.22083333,81.24111111,20-07-2026 08:00,0
3085,Kotni,CWC,22,Chhattisgarh,378,DURG,DURG,-,-,Mahanadi,Mahanadi,Seonath,-,-,Seonath,21.22083333,81.24111111,21-07-2026 08:00,0
3086,Kotni,CWC,22,Chhattisgarh,378,DURG,DURG,-,-,Mahanadi,Mahanadi,Seonath,-,-,Seonath,21.22083333,81.24111111,22-07-2026 08:00,360.89
3087,Kotni,CWC,22,Chhattisgarh,378,DURG,DURG,-,-,Mahanadi,Mahanadi,Seonath,-,-,Seonath,21.22083333,81.24111111,23-07-2026 08:00,861.62
3088,Kotni,CWC,22,Chhattisgarh,378,DURG,DURG,-,-,Mahanadi,Mahanadi,Seonath,-,-,Seonath,21.22083333,81.24111111,24-07-2026 08:00,1509.78
3089,Kotni,CWC,22,Chhattisgarh,378,DURG,DURG,-,-,Mahanadi,Mahanadi,Seonath,-,-,Seonath,21.22083333,81.24111111,25-07-2026 08:00,795.52
3090,Kotni,CWC,22,Chhattisgarh,378,DURG,DURG,-,-,Mahanadi,Mahanadi,Seonath,-,-,Seonath,21.22083333,81.24111111,26-07-2026 08:00,453.25
3091,Kotni,CWC,22,Chhattisgarh,378,DURG,DURG,-,-,Mahanadi,Mahanadi,Seonath,-,-,Seonath,21.22083333,81.24111111,27-07-2026 08:00,364.31
3092,Kotni,CWC,22,Chhattisgarh,378,DURG,DURG,-,-,Mahanadi,Mahanadi,Seonath,-,-,Seonath,21.22083333,81.24111111,28-07-2026 08:00,372.95
3093,Kotni,CWC,22,Chhattisgarh,378,DURG,DURG,-,-,Mahanadi,Mahanadi,Seonath,-,-,Seonath,21.22083333,81.24111111,29-07-2026 08:00,861.62
3094,Kotni,CWC,22,Chhattisgarh,378,DURG,DURG,-,-,Mahanadi,Mahanadi,Seonath,-,-,Seonath,21.22083333,81.24111111,30-07-2026 08:00,2099.65
3095,Kotni,CWC,22,Chhattisgarh,378,DURG,DURG,-,-,Mahanadi,Mahanadi,Seonath,-,-,Seonath,21.22083333,81.24111111,31-07-2026 08:00,2858.91
3096,Kurubhata,CWC,22,Chhattisgarh,386,RAIGARH,RAIGARH,-,-,Mahanadi,Mahanadi,Mand,-,-,Mand,21.98111111,83.21055556,01-01-2026 08:00,5.8
3097,Kurubhata,CWC,22,Chhattisgarh,386,RAIGARH,RAIGARH,-,-,Mahanadi,Mahanadi,Mand,-,-,Mand,21.98111111,83.21055556,02-01-2026 08:00,5.7
3098,Kurubhata,CWC,22,Chhattisgarh,386,RAIGARH,RAIGARH,-,-,Mahanadi,Mahanadi,Mand,-,-,Mand,21.98111111,83.21055556,03-01-2026 08:00,5.7
3099,Kurubhata,CWC,22,Chhattisgarh,386,RAIGARH,RAIGARH,-,-,Mahanadi,Mahanadi,Mand,-,-,Mand,21.98111111,83.21055556,04-01-2026 08:00,5.6
3100,Kurubhata,CWC,22,Chhattisgarh,386,RAIGARH,RAIGARH,-,-,Mahanadi,Mahanadi,Mand,-,-,Mand,21.98111111,83.21055556,05-01-2026 08:00,5.5
3101,Kurubhata,CWC,22,Chhattisgarh,386,RAIGARH,RAIGARH,-,-,Mahanadi,Mahanadi,Mand,-,-,Mand,21.98111111,83.21055556,06-01-2026 08:00,5.4
3102,Kurubhata,CWC,22,Chhattisgarh,386,RAIGARH,RAIGARH,-,-,Mahanadi,Mahanadi,Mand,-,-,Mand,21.98111111,83.21055556,07-01-2026 08:00,5.3
3103,Kurubhata,CWC,22,Chhattisgarh,386,RAIGARH,RAIGARH,-,-,Mahanadi,Mahanadi,Mand,-,-,Mand,21.98111111,83.21055556,08-01-2026 08:00,5
3104,Kurubhata,CWC,22,Chhattisgarh,386,RAIGARH,RAIGARH,-,-,Mahanadi,Mahanadi,Mand,-,-,Mand,21.98111111,83.21055556,09-01-2026 08:00,5
3105,Kurubhata,CWC,22,Chhattisgarh,386,RAIGARH,RAIGARH,-,-,Mahanadi,Mahanadi,Mand,-,-,Mand,21.98111111,83.21055556,10-01-2026 08:00,4.8
3106,Kurubhata,CWC,22,Chhattisgarh,386,RAIGARH,RAIGARH,-,-,Mahanadi,Mahanadi,Mand,-,-,Mand,21.98111111,83.21055556,11-01-2026 08:00,4.8
3107,Kurubhata,CWC,22,Chhattisgarh,386,RAIGARH,RAIGARH,-,-,Mahanadi,Mahanadi,Mand,-,-,Mand,21.98111111,83.21055556,12-01-2026 08:00,4.6
3108,Kurubhata,CWC,22,Chhattisgarh,386,RAIGARH,RAIGARH,-,-,Mahanadi,Mahanadi,Mand,-,-,Mand,21.98111111,83.21055556,13-01-2026 08:00,4.6
3109,Kurubhata,CWC,22,Chhattisgarh,386,RAIGARH,RAIGARH,-,-,Mahanadi,Mahanadi,Mand,-,-,Mand,21.98111111,83.21055556,14-01-2026 08:00,4.4
3110,Kurubhata,CWC,22,Chhattisgarh,386,RAIGARH,RAIGARH,-,-,Mahanadi,Mahanadi,Mand,-,-,Mand,21.98111111,83.21055556,15-01-2026 08:00,9.493
3111,Kurubhata,CWC,22,Chhattisgarh,386,RAIGARH,RAIGARH,-,-,Mahanadi,Mahanadi,Mand,-,-,Mand,21.98111111,83.21055556,15-01-2026 11:00,9.478
3112,Kurubhata,CWC,22,Chhattisgarh,386,RAIGARH,RAIGARH,-,-,Mahanadi,Mahanadi,Mand,-,-,Mand,21.98111111,83.21055556,16-01-2026 09:15,9.425
3113,Kurubhata,CWC,22,Chhattisgarh,386,RAIGARH,RAIGARH,-,-,Mahanadi,Mahanadi,Mand,-,-,Mand,21.98111111,83.21055556,17-01-2026 09:15,9.336
3114,Kurubhata,CWC,22,Chhattisgarh,386,RAIGARH,RAIGARH,-,-,Mahanadi,Mahanadi,Mand,-,-,Mand,21.98111111,83.21055556,18-01-2026 08:00,9.2
3115,Kurubhata,CWC,22,Chhattisgarh,386,RAIGARH,RAIGARH,-,-,Mahanadi,Mahanadi,Mand,-,-,Mand,21.98111111,83.21055556,19-01-2026 09:15,8.355
3116,Kurubhata,CWC,22,Chhattisgarh,386,RAIGARH,RAIGARH,-,-,Mahanadi,Mahanadi,Mand,-,-,Mand,21.98111111,83.21055556,20-01-2026 09:15,8.149
3117,Kurubhata,CWC,22,Chhattisgarh,386,RAIGARH,RAIGARH,-,-,Mahanadi,Mahanadi,Mand,-,-,Mand,21.98111111,83.21055556,21-01-2026 09:15,8.146
3118,Kurubhata,CWC,22,Chhattisgarh,386,RAIGARH,RAIGARH,-,-,Mahanadi,Mahanadi,Mand,-,-,Mand,21.98111111,83.21055556,22-01-2026 09:15,7.921
3119,Kurubhata,CWC,22,Chhattisgarh,386,RAIGARH,RAIGARH,-,-,Mahanadi,Mahanadi,Mand,-,-,Mand,21.98111111,83.21055556,23-01-2026 09:15,7.852
3120,Kurubhata,CWC,22,Chhattisgarh,386,RAIGARH,RAIGARH,-,-,Mahanadi,Mahanadi,Mand,-,-,Mand,21.98111111,83.21055556,24-01-2026 09:15,7.608
3121,Kurubhata,CWC,22,Chhattisgarh,386,RAIGARH,RAIGARH,-,-,Mahanadi,Mahanadi,Mand,-,-,Mand,21.98111111,83.21055556,25-01-2026 08:00,7.2
3122,Kurubhata,CWC,22,Chhattisgarh,386,RAIGARH,RAIGARH,-,-,Mahanadi,Mahanadi,Mand,-,-,Mand,21.98111111,83.21055556,26-01-2026 08:00,7.1
3123,Kurubhata,CWC,22,Chhattisgarh,386,RAIGARH,RAIGARH,-,-,Mahanadi,Mahanadi,Mand,-,-,Mand,21.98111111,83.21055556,27-01-2026 09:15,7.273
3124,Kurubhata,CWC,22,Chhattisgarh,386,RAIGARH,RAIGARH,-,-,Mahanadi,Mahanadi,Mand,-,-,Mand,21.98111111,83.21055556,28-01-2026 09:15,10.135
3125,Kurubhata,CWC,22,Chhattisgarh,386,RAIGARH,RAIGARH,-,-,Mahanadi,Mahanadi,Mand,-,-,Mand,21.98111111,83.21055556,29-01-2026 09:00,9.922
3126,Kurubhata,CWC,22,Chhattisgarh,386,RAIGARH,RAIGARH,-,-,Mahanadi,Mahanadi,Mand,-,-,Mand,21.98111111,83.21055556,30-01-2026 09:15,9.38
3127,Kurubhata,CWC,22,Chhattisgarh,386,RAIGARH,RAIGARH,-,-,Mahanadi,Mahanadi,Mand,-,-,Mand,21.98111111,83.21055556,31-01-2026 09:15,9.19
3128,Kurubhata,CWC,22,Chhattisgarh,386,RAIGARH,RAIGARH,-,-,Mahanadi,Mahanadi,Mand,-,-,Mand,21.98111111,83.21055556,01-02-2026 08:00,9
3129,Kurubhata,CWC,22,Chhattisgarh,386,RAIGARH,RAIGARH,-,-,Mahanadi,Mahanadi,Mand,-,-,Mand,21.98111111,83.21055556,01-02-2026 08:00,9
3130,Kurubhata,CWC,22,Chhattisgarh,386,RAIGARH,RAIGARH,-,-,Mahanadi,Mahanadi,Mand,-,-,Mand,21.98111111,83.21055556,02-02-2026 09:15,8.795
3131,Kurubhata,CWC,22,Chhattisgarh,386,RAIGARH,RAIGARH,-,-,Mahanadi,Mahanadi,Mand,-,-,Mand,21.98111111,83.21055556,03-02-2026 09:15,8.573
3132,Kurubhata,CWC,22,Chhattisgarh,386,RAIGARH,RAIGARH,-,-,Mahanadi,Mahanadi,Mand,-,-,Mand,21.98111111,83.21055556,04-02-2026 09:00,7.285
3133,Kurubhata,CWC,22,Chhattisgarh,386,RAIGARH,RAIGARH,-,-,Mahanadi,Mahanadi,Mand,-,-,Mand,21.98111111,83.21055556,05-02-2026 09:15,8.214
3134,Kurubhata,CWC,22,Chhattisgarh,386,RAIGARH,RAIGARH,-,-,Mahanadi,Mahanadi,Mand,-,-,Mand,21.98111111,83.21055556,06-02-2026 09:15,8.002
3135,Kurubhata,CWC,22,Chhattisgarh,386,RAIGARH,RAIGARH,-,-,Mahanadi,Mahanadi,Mand,-,-,Mand,21.98111111,83.21055556,07-02-2026 09:15,7.824
3136,Kurubhata,CWC,22,Chhattisgarh,386,RAIGARH,RAIGARH,-,-,Mahanadi,Mahanadi,Mand,-,-,Mand,21.98111111,83.21055556,08-02-2026 08:00,7
3137,Kurubhata,CWC,22,Chhattisgarh,386,RAIGARH,RAIGARH,-,-,Mahanadi,Mahanadi,Mand,-,-,Mand,21.98111111,83.21055556,09-02-2026 09:15,5.347
3138,Kurubhata,CWC,22,Chhattisgarh,386,RAIGARH,RAIGARH,-,-,Mahanadi,Mahanadi,Mand,-,-,Mand,21.98111111,83.21055556,10-02-2026 09:15,5.295
3139,Kurubhata,CWC,22,Chhattisgarh,386,RAIGARH,RAIGARH,-,-,Mahanadi,Mahanadi,Mand,-,-,Mand,21.98111111,83.21055556,11-02-2026 09:15,5.205
3140,Kurubhata,CWC,22,Chhattisgarh,386,RAIGARH,RAIGARH,-,-,Mahanadi,Mahanadi,Mand,-,-,Mand,21.98111111,83.21055556,12-02-2026 09:15,5.149
3141,Kurubhata,CWC,22,Chhattisgarh,386,RAIGARH,RAIGARH,-,-,Mahanadi,Mahanadi,Mand,-,-,Mand,21.98111111,83.21055556,13-02-2026 09:15,4.61
3142,Kurubhata,CWC,22,Chhattisgarh,386,RAIGARH,RAIGARH,-,-,Mahanadi,Mahanadi,Mand,-,-,Mand,21.98111111,83.21055556,14-02-2026 09:15,5.031
3143,Kurubhata,CWC,22,Chhattisgarh,386,RAIGARH,RAIGARH,-,-,Mahanadi,Mahanadi,Mand,-,-,Mand,21.98111111,83.21055556,15-02-2026 08:00,5
3144,Kurubhata,CWC,22,Chhattisgarh,386,RAIGARH,RAIGARH,-,-,Mahanadi,Mahanadi,Mand,-,-,Mand,21.98111111,83.21055556,15-02-2026 08:00,5
3145,Kurubhata,CWC,22,Chhattisgarh,386,RAIGARH,RAIGARH,-,-,Mahanadi,Mahanadi,Mand,-,-,Mand,21.98111111,83.21055556,16-02-2026 09:15,4.961
3146,Kurubhata,CWC,22,Chhattisgarh,386,RAIGARH,RAIGARH,-,-,Mahanadi,Mahanadi,Mand,-,-,Mand,21.98111111,83.21055556,17-02-2026 09:15,4.851
3147,Kurubhata,CWC,22,Chhattisgarh,386,RAIGARH,RAIGARH,-,-,Mahanadi,Mahanadi,Mand,-,-,Mand,21.98111111,83.21055556,18-02-2026 09:15,4.741
3148,Kurubhata,CWC,22,Chhattisgarh,386,RAIGARH,RAIGARH,-,-,Mahanadi,Mahanadi,Mand,-,-,Mand,21.98111111,83.21055556,19-02-2026 09:15,4.621
3149,Kurubhata,CWC,22,Chhattisgarh,386,RAIGARH,RAIGARH,-,-,Mahanadi,Mahanadi,Mand,-,-,Mand,21.98111111,83.21055556,20-02-2026 09:15,4.577
3150,Kurubhata,CWC,22,Chhattisgarh,386,RAIGARH,RAIGARH,-,-,Mahanadi,Mahanadi,Mand,-,-,Mand,21.98111111,83.21055556,21-02-2026 09:15,4.504
3151,Kurubhata,CWC,22,Chhattisgarh,386,RAIGARH,RAIGARH,-,-,Mahanadi,Mahanadi,Mand,-,-,Mand,21.98111111,83.21055556,22-02-2026 08:00,4.55
3152,Kurubhata,CWC,22,Chhattisgarh,386,RAIGARH,RAIGARH,-,-,Mahanadi,Mahanadi,Mand,-,-,Mand,21.98111111,83.21055556,23-02-2026 09:15,4.842
3153,Kurubhata,CWC,22,Chhattisgarh,386,RAIGARH,RAIGARH,-,-,Mahanadi,Mahanadi,Mand,-,-,Mand,21.98111111,83.21055556,24-02-2026 09:15,4.754
3154,Kurubhata,CWC,22,Chhattisgarh,386,RAIGARH,RAIGARH,-,-,Mahanadi,Mahanadi,Mand,-,-,Mand,21.98111111,83.21055556,25-02-2026 09:15,4.707
3155,Kurubhata,CWC,22,Chhattisgarh,386,RAIGARH,RAIGARH,-,-,Mahanadi,Mahanadi,Mand,-,-,Mand,21.98111111,83.21055556,26-02-2026 09:15,2.44
3156,Kurubhata,CWC,22,Chhattisgarh,386,RAIGARH,RAIGARH,-,-,Mahanadi,Mahanadi,Mand,-,-,Mand,21.98111111,83.21055556,27-02-2026 09:15,4.807
3157,Kurubhata,CWC,22,Chhattisgarh,386,RAIGARH,RAIGARH,-,-,Mahanadi,Mahanadi,Mand,-,-,Mand,21.98111111,83.21055556,28-02-2026 09:15,4.702
3158,Kurubhata,CWC,22,Chhattisgarh,386,RAIGARH,RAIGARH,-,-,Mahanadi,Mahanadi,Mand,-,-,Mand,21.98111111,83.21055556,01-03-2026 08:00,4.65
3159,Kurubhata,CWC,22,Chhattisgarh,386,RAIGARH,RAIGARH,-,-,Mahanadi,Mahanadi,Mand,-,-,Mand,21.98111111,83.21055556,02-03-2026 09:15,4.661
3160,Kurubhata,CWC,22,Chhattisgarh,386,RAIGARH,RAIGARH,-,-,Mahanadi,Mahanadi,Mand,-,-,Mand,21.98111111,83.21055556,03-03-2026 09:15,4.531
3161,Kurubhata,CWC,22,Chhattisgarh,386,RAIGARH,RAIGARH,-,-,Mahanadi,Mahanadi,Mand,-,-,Mand,21.98111111,83.21055556,04-03-2026 08:00,4.6
3162,Kurubhata,CWC,22,Chhattisgarh,386,RAIGARH,RAIGARH,-,-,Mahanadi,Mahanadi,Mand,-,-,Mand,21.98111111,83.21055556,05-03-2026 09:15,4.806
3163,Kurubhata,CWC,22,Chhattisgarh,386,RAIGARH,RAIGARH,-,-,Mahanadi,Mahanadi,Mand,-,-,Mand,21.98111111,83.21055556,06-03-2026 09:15,4.672
3164,Kurubhata,CWC,22,Chhattisgarh,386,RAIGARH,RAIGARH,-,-,Mahanadi,Mahanadi,Mand,-,-,Mand,21.98111111,83.21055556,07-03-2026 09:15,4.555
3165,Kurubhata,CWC,22,Chhattisgarh,386,RAIGARH,RAIGARH,-,-,Mahanadi,Mahanadi,Mand,-,-,Mand,21.98111111,83.21055556,08-03-2026 08:00,4.55
3166,Kurubhata,CWC,22,Chhattisgarh,386,RAIGARH,RAIGARH,-,-,Mahanadi,Mahanadi,Mand,-,-,Mand,21.98111111,83.21055556,09-03-2026 09:15,4.618
3167,Kurubhata,CWC,22,Chhattisgarh,386,RAIGARH,RAIGARH,-,-,Mahanadi,Mahanadi,Mand,-,-,Mand,21.98111111,83.21055556,10-03-2026 09:15,4.387
3168,Kurubhata,CWC,22,Chhattisgarh,386,RAIGARH,RAIGARH,-,-,Mahanadi,Mahanadi,Mand,-,-,Mand,21.98111111,83.21055556,11-03-2026 09:15,4.87
3169,Kurubhata,CWC,22,Chhattisgarh,386,RAIGARH,RAIGARH,-,-,Mahanadi,Mahanadi,Mand,-,-,Mand,21.98111111,83.21055556,12-03-2026 09:15,4.786
3170,Kurubhata,CWC,22,Chhattisgarh,386,RAIGARH,RAIGARH,-,-,Mahanadi,Mahanadi,Mand,-,-,Mand,21.98111111,83.21055556,13-03-2026 09:15,4.729
3171,Kurubhata,CWC,22,Chhattisgarh,386,RAIGARH,RAIGARH,-,-,Mahanadi,Mahanadi,Mand,-,-,Mand,21.98111111,83.21055556,14-03-2026 09:15,4.602
3172,Kurubhata,CWC,22,Chhattisgarh,386,RAIGARH,RAIGARH,-,-,Mahanadi,Mahanadi,Mand,-,-,Mand,21.98111111,83.21055556,15-03-2026 08:00,4.6
3173,Kurubhata,CWC,22,Chhattisgarh,386,RAIGARH,RAIGARH,-,-,Mahanadi,Mahanadi,Mand,-,-,Mand,21.98111111,83.21055556,16-03-2026 09:15,4.494
3174,Kurubhata,CWC,22,Chhattisgarh,386,RAIGARH,RAIGARH,-,-,Mahanadi,Mahanadi,Mand,-,-,Mand,21.98111111,83.21055556,17-03-2026 09:15,4.433
3175,Kurubhata,CWC,22,Chhattisgarh,386,RAIGARH,RAIGARH,-,-,Mahanadi,Mahanadi,Mand,-,-,Mand,21.98111111,83.21055556,18-03-2026 09:15,4.388
3176,Kurubhata,CWC,22,Chhattisgarh,386,RAIGARH,RAIGARH,-,-,Mahanadi,Mahanadi,Mand,-,-,Mand,21.98111111,83.21055556,19-03-2026 09:15,4.922
3177,Kurubhata,CWC,22,Chhattisgarh,386,RAIGARH,RAIGARH,-,-,Mahanadi,Mahanadi,Mand,-,-,Mand,21.98111111,83.21055556,20-03-2026 09:15,4.893
3178,Kurubhata,CWC,22,Chhattisgarh,386,RAIGARH,RAIGARH,-,-,Mahanadi,Mahanadi,Mand,-,-,Mand,21.98111111,83.21055556,21-03-2026 08:00,4.9
3179,Kurubhata,CWC,22,Chhattisgarh,386,RAIGARH,RAIGARH,-,-,Mahanadi,Mahanadi,Mand,-,-,Mand,21.98111111,83.21055556,22-03-2026 08:00,4.8
3180,Kurubhata,CWC,22,Chhattisgarh,386,RAIGARH,RAIGARH,-,-,Mahanadi,Mahanadi,Mand,-,-,Mand,21.98111111,83.21055556,23-03-2026 09:15,4.709
3181,Kurubhata,CWC,22,Chhattisgarh,386,RAIGARH,RAIGARH,-,-,Mahanadi,Mahanadi,Mand,-,-,Mand,21.98111111,83.21055556,24-03-2026 09:15,4.561
3182,Kurubhata,CWC,22,Chhattisgarh,386,RAIGARH,RAIGARH,-,-,Mahanadi,Mahanadi,Mand,-,-,Mand,21.98111111,83.21055556,25-03-2026 09:15,4.526
3183,Kurubhata,CWC,22,Chhattisgarh,386,RAIGARH,RAIGARH,-,-,Mahanadi,Mahanadi,Mand,-,-,Mand,21.98111111,83.21055556,26-03-2026 09:15,4.439
3184,Kurubhata,CWC,22,Chhattisgarh,386,RAIGARH,RAIGARH,-,-,Mahanadi,Mahanadi,Mand,-,-,Mand,21.98111111,83.21055556,27-03-2026 09:15,4.398
3185,Kurubhata,CWC,22,Chhattisgarh,386,RAIGARH,RAIGARH,-,-,Mahanadi,Mahanadi,Mand,-,-,Mand,21.98111111,83.21055556,28-03-2026 09:15,4.241
3186,Kurubhata,CWC,22,Chhattisgarh,386,RAIGARH,RAIGARH,-,-,Mahanadi,Mahanadi,Mand,-,-,Mand,21.98111111,83.21055556,29-03-2026 08:00,4.5
3187,Kurubhata,CWC,22,Chhattisgarh,386,RAIGARH,RAIGARH,-,-,Mahanadi,Mahanadi,Mand,-,-,Mand,21.98111111,83.21055556,30-03-2026 09:15,5.312
3188,Kurubhata,CWC,22,Chhattisgarh,386,RAIGARH,RAIGARH,-,-,Mahanadi,Mahanadi,Mand,-,-,Mand,21.98111111,83.21055556,31-03-2026 08:00,5.2
3189,Kurubhata,CWC,22,Chhattisgarh,386,RAIGARH,RAIGARH,-,-,Mahanadi,Mahanadi,Mand,-,-,Mand,21.98111111,83.21055556,01-04-2026 09:15,5.03
3190,Kurubhata,CWC,22,Chhattisgarh,386,RAIGARH,RAIGARH,-,-,Mahanadi,Mahanadi,Mand,-,-,Mand,21.98111111,83.21055556,02-04-2026 09:15,4.901
3191,Kurubhata,CWC,22,Chhattisgarh,386,RAIGARH,RAIGARH,-,-,Mahanadi,Mahanadi,Mand,-,-,Mand,21.98111111,83.21055556,03-04-2026 08:00,4.8
3192,Kurubhata,CWC,22,Chhattisgarh,386,RAIGARH,RAIGARH,-,-,Mahanadi,Mahanadi,Mand,-,-,Mand,21.98111111,83.21055556,04-04-2026 09:15,4.67
3193,Kurubhata,CWC,22,Chhattisgarh,386,RAIGARH,RAIGARH,-,-,Mahanadi,Mahanadi,Mand,-,-,Mand,21.98111111,83.21055556,05-04-2026 08:00,4.6
3194,Kurubhata,CWC,22,Chhattisgarh,386,RAIGARH,RAIGARH,-,-,Mahanadi,Mahanadi,Mand,-,-,Mand,21.98111111,83.21055556,06-04-2026 09:15,4.517
3195,Kurubhata,CWC,22,Chhattisgarh,386,RAIGARH,RAIGARH,-,-,Mahanadi,Mahanadi,Mand,-,-,Mand,21.98111111,83.21055556,07-04-2026 09:15,4.485
3196,Kurubhata,CWC,22,Chhattisgarh,386,RAIGARH,RAIGARH,-,-,Mahanadi,Mahanadi,Mand,-,-,Mand,21.98111111,83.21055556,08-04-2026 09:15,4.373
3197,Kurubhata,CWC,22,Chhattisgarh,386,RAIGARH,RAIGARH,-,-,Mahanadi,Mahanadi,Mand,-,-,Mand,21.98111111,83.21055556,09-04-2026 09:15,4.411
3198,Kurubhata,CWC,22,Chhattisgarh,386,RAIGARH,RAIGARH,-,-,Mahanadi,Mahanadi,Mand,-,-,Mand,21.98111111,83.21055556,10-04-2026 09:10,4.014
3199,Kurubhata,CWC,22,Chhattisgarh,386,RAIGARH,RAIGARH,-,-,Mahanadi,Mahanadi,Mand,-,-,Mand,21.98111111,83.21055556,10-04-2026 09:15,4.0138535
3200,Kurubhata,CWC,22,Chhattisgarh,386,RAIGARH,RAIGARH,-,-,Mahanadi,Mahanadi,Mand,-,-,Mand,21.98111111,83.21055556,11-04-2026 09:10,3.988
3201,Kurubhata,CWC,22,Chhattisgarh,386,RAIGARH,RAIGARH,-,-,Mahanadi,Mahanadi,Mand,-,-,Mand,21.98111111,83.21055556,11-04-2026 09:15,3.9881606
3202,Kurubhata,CWC,22,Chhattisgarh,386,RAIGARH,RAIGARH,-,-,Mahanadi,Mahanadi,Mand,-,-,Mand,21.98111111,83.21055556,12-04-2026 08:00,2.5
3203,Kurubhata,CWC,22,Chhattisgarh,386,RAIGARH,RAIGARH,-,-,Mahanadi,Mahanadi,Mand,-,-,Mand,21.98111111,83.21055556,13-04-2026 09:15,2.455
3204,Kurubhata,CWC,22,Chhattisgarh,386,RAIGARH,RAIGARH,-,-,Mahanadi,Mahanadi,Mand,-,-,Mand,21.98111111,83.21055556,14-04-2026 09:15,4.692
3205,Kurubhata,CWC,22,Chhattisgarh,386,RAIGARH,RAIGARH,-,-,Mahanadi,Mahanadi,Mand,-,-,Mand,21.98111111,83.21055556,15-04-2026 09:15,4.657
3206,Kurubhata,CWC,22,Chhattisgarh,386,RAIGARH,RAIGARH,-,-,Mahanadi,Mahanadi,Mand,-,-,Mand,21.98111111,83.21055556,16-04-2026 09:15,4.474
3207,Kurubhata,CWC,22,Chhattisgarh,386,RAIGARH,RAIGARH,-,-,Mahanadi,Mahanadi,Mand,-,-,Mand,21.98111111,83.21055556,17-04-2026 09:15,0.504
3208,Kurubhata,CWC,22,Chhattisgarh,386,RAIGARH,RAIGARH,-,-,Mahanadi,Mahanadi,Mand,-,-,Mand,21.98111111,83.21055556,18-04-2026 09:15,0.501
3209,Kurubhata,CWC,22,Chhattisgarh,386,RAIGARH,RAIGARH,-,-,Mahanadi,Mahanadi,Mand,-,-,Mand,21.98111111,83.21055556,19-04-2026 08:00,0.5
3210,Kurubhata,CWC,22,Chhattisgarh,386,RAIGARH,RAIGARH,-,-,Mahanadi,Mahanadi,Mand,-,-,Mand,21.98111111,83.21055556,20-04-2026 09:15,0.566
3211,Kurubhata,CWC,22,Chhattisgarh,386,RAIGARH,RAIGARH,-,-,Mahanadi,Mahanadi,Mand,-,-,Mand,21.98111111,83.21055556,21-04-2026 09:15,0.564
3212,Kurubhata,CWC,22,Chhattisgarh,386,RAIGARH,RAIGARH,-,-,Mahanadi,Mahanadi,Mand,-,-,Mand,21.98111111,83.21055556,22-04-2026 09:15,0.645
3213,Kurubhata,CWC,22,Chhattisgarh,386,RAIGARH,RAIGARH,-,-,Mahanadi,Mahanadi,Mand,-,-,Mand,21.98111111,83.21055556,23-04-2026 09:15,0.502
3214,Kurubhata,CWC,22,Chhattisgarh,386,RAIGARH,RAIGARH,-,-,Mahanadi,Mahanadi,Mand,-,-,Mand,21.98111111,83.21055556,24-04-2026 09:00,0.5
3215,Kurubhata,CWC,22,Chhattisgarh,386,RAIGARH,RAIGARH,-,-,Mahanadi,Mahanadi,Mand,-,-,Mand,21.98111111,83.21055556,24-04-2026 09:15,0.4986744
3216,Kurubhata,CWC,22,Chhattisgarh,386,RAIGARH,RAIGARH,-,-,Mahanadi,Mahanadi,Mand,-,-,Mand,21.98111111,83.21055556,25-04-2026 09:00,0.474
3217,Kurubhata,CWC,22,Chhattisgarh,386,RAIGARH,RAIGARH,-,-,Mahanadi,Mahanadi,Mand,-,-,Mand,21.98111111,83.21055556,26-04-2026 08:00,0.477
3218,Kurubhata,CWC,22,Chhattisgarh,386,RAIGARH,RAIGARH,-,-,Mahanadi,Mahanadi,Mand,-,-,Mand,21.98111111,83.21055556,27-04-2026 09:15,0.621
3219,Kurubhata,CWC,22,Chhattisgarh,386,RAIGARH,RAIGARH,-,-,Mahanadi,Mahanadi,Mand,-,-,Mand,21.98111111,83.21055556,28-04-2026 09:15,0.609
3220,Kurubhata,CWC,22,Chhattisgarh,386,RAIGARH,RAIGARH,-,-,Mahanadi,Mahanadi,Mand,-,-,Mand,21.98111111,83.21055556,29-04-2026 09:15,0.597
3221,Kurubhata,CWC,22,Chhattisgarh,386,RAIGARH,RAIGARH,-,-,Mahanadi,Mahanadi,Mand,-,-,Mand,21.98111111,83.21055556,30-04-2026 09:15,0.586
3222,Kurubhata,CWC,22,Chhattisgarh,386,RAIGARH,RAIGARH,-,-,Mahanadi,Mahanadi,Mand,-,-,Mand,21.98111111,83.21055556,01-05-2026 08:00,0.57
3223,Kurubhata,CWC,22,Chhattisgarh,386,RAIGARH,RAIGARH,-,-,Mahanadi,Mahanadi,Mand,-,-,Mand,21.98111111,83.21055556,02-05-2026 08:00,0.562
3224,Kurubhata,CWC,22,Chhattisgarh,386,RAIGARH,RAIGARH,-,-,Mahanadi,Mahanadi,Mand,-,-,Mand,21.98111111,83.21055556,02-05-2026 09:15,0.562
3225,Kurubhata,CWC,22,Chhattisgarh,386,RAIGARH,RAIGARH,-,-,Mahanadi,Mahanadi,Mand,-,-,Mand,21.98111111,83.21055556,03-05-2026 08:00,0.56
3226,Kurubhata,CWC,22,Chhattisgarh,386,RAIGARH,RAIGARH,-,-,Mahanadi,Mahanadi,Mand,-,-,Mand,21.98111111,83.21055556,04-05-2026 08:00,0.55
3227,Kurubhata,CWC,22,Chhattisgarh,386,RAIGARH,RAIGARH,-,-,Mahanadi,Mahanadi,Mand,-,-,Mand,21.98111111,83.21055556,04-05-2026 09:15,0.551
3228,Kurubhata,CWC,22,Chhattisgarh,386,RAIGARH,RAIGARH,-,-,Mahanadi,Mahanadi,Mand,-,-,Mand,21.98111111,83.21055556,05-05-2026 08:00,0.536
3229,Kurubhata,CWC,22,Chhattisgarh,386,RAIGARH,RAIGARH,-,-,Mahanadi,Mahanadi,Mand,-,-,Mand,21.98111111,83.21055556,05-05-2026 09:15,0.539
3230,Kurubhata,CWC,22,Chhattisgarh,386,RAIGARH,RAIGARH,-,-,Mahanadi,Mahanadi,Mand,-,-,Mand,21.98111111,83.21055556,06-05-2026 08:00,0.626
3231,Kurubhata,CWC,22,Chhattisgarh,386,RAIGARH,RAIGARH,-,-,Mahanadi,Mahanadi,Mand,-,-,Mand,21.98111111,83.21055556,06-05-2026 09:15,0.676
3232,Kurubhata,CWC,22,Chhattisgarh,386,RAIGARH,RAIGARH,-,-,Mahanadi,Mahanadi,Mand,-,-,Mand,21.98111111,83.21055556,07-05-2026 08:00,0.671
3233,Kurubhata,CWC,22,Chhattisgarh,386,RAIGARH,RAIGARH,-,-,Mahanadi,Mahanadi,Mand,-,-,Mand,21.98111111,83.21055556,07-05-2026 09:15,0.702
3234,Kurubhata,CWC,22,Chhattisgarh,386,RAIGARH,RAIGARH,-,-,Mahanadi,Mahanadi,Mand,-,-,Mand,21.98111111,83.21055556,08-05-2026 08:00,0.617
3235,Kurubhata,CWC,22,Chhattisgarh,386,RAIGARH,RAIGARH,-,-,Mahanadi,Mahanadi,Mand,-,-,Mand,21.98111111,83.21055556,08-05-2026 09:15,0.617
3236,Kurubhata,CWC,22,Chhattisgarh,386,RAIGARH,RAIGARH,-,-,Mahanadi,Mahanadi,Mand,-,-,Mand,21.98111111,83.21055556,09-05-2026 08:00,0.606
3237,Kurubhata,CWC,22,Chhattisgarh,386,RAIGARH,RAIGARH,-,-,Mahanadi,Mahanadi,Mand,-,-,Mand,21.98111111,83.21055556,09-05-2026 09:00,0.607
3238,Kurubhata,CWC,22,Chhattisgarh,386,RAIGARH,RAIGARH,-,-,Mahanadi,Mahanadi,Mand,-,-,Mand,21.98111111,83.21055556,09-05-2026 09:15,0.605
3239,Kurubhata,CWC,22,Chhattisgarh,386,RAIGARH,RAIGARH,-,-,Mahanadi,Mahanadi,Mand,-,-,Mand,21.98111111,83.21055556,10-05-2026 08:00,0.6
3240,Kurubhata,CWC,22,Chhattisgarh,386,RAIGARH,RAIGARH,-,-,Mahanadi,Mahanadi,Mand,-,-,Mand,21.98111111,83.21055556,11-05-2026 08:00,0.593
3241,Kurubhata,CWC,22,Chhattisgarh,386,RAIGARH,RAIGARH,-,-,Mahanadi,Mahanadi,Mand,-,-,Mand,21.98111111,83.21055556,11-05-2026 09:15,0.593
3242,Kurubhata,CWC,22,Chhattisgarh,386,RAIGARH,RAIGARH,-,-,Mahanadi,Mahanadi,Mand,-,-,Mand,21.98111111,83.21055556,12-05-2026 08:00,5.282
3243,Kurubhata,CWC,22,Chhattisgarh,386,RAIGARH,RAIGARH,-,-,Mahanadi,Mahanadi,Mand,-,-,Mand,21.98111111,83.21055556,12-05-2026 09:00,5.277
3244,Kurubhata,CWC,22,Chhattisgarh,386,RAIGARH,RAIGARH,-,-,Mahanadi,Mahanadi,Mand,-,-,Mand,21.98111111,83.21055556,13-05-2026 08:00,3.327
3245,Kurubhata,CWC,22,Chhattisgarh,386,RAIGARH,RAIGARH,-,-,Mahanadi,Mahanadi,Mand,-,-,Mand,21.98111111,83.21055556,13-05-2026 09:00,3.429
3246,Kurubhata,CWC,22,Chhattisgarh,386,RAIGARH,RAIGARH,-,-,Mahanadi,Mahanadi,Mand,-,-,Mand,21.98111111,83.21055556,14-05-2026 08:00,3.167
3247,Kurubhata,CWC,22,Chhattisgarh,386,RAIGARH,RAIGARH,-,-,Mahanadi,Mahanadi,Mand,-,-,Mand,21.98111111,83.21055556,14-05-2026 09:00,3.166
3248,Kurubhata,CWC,22,Chhattisgarh,386,RAIGARH,RAIGARH,-,-,Mahanadi,Mahanadi,Mand,-,-,Mand,21.98111111,83.21055556,15-05-2026 08:00,2.96
3249,Kurubhata,CWC,22,Chhattisgarh,386,RAIGARH,RAIGARH,-,-,Mahanadi,Mahanadi,Mand,-,-,Mand,21.98111111,83.21055556,15-05-2026 09:00,2.96
3250,Kurubhata,CWC,22,Chhattisgarh,386,RAIGARH,RAIGARH,-,-,Mahanadi,Mahanadi,Mand,-,-,Mand,21.98111111,83.21055556,16-05-2026 08:00,2.67
3251,Kurubhata,CWC,22,Chhattisgarh,386,RAIGARH,RAIGARH,-,-,Mahanadi,Mahanadi,Mand,-,-,Mand,21.98111111,83.21055556,16-05-2026 09:00,2.627
3252,Kurubhata,CWC,22,Chhattisgarh,386,RAIGARH,RAIGARH,-,-,Mahanadi,Mahanadi,Mand,-,-,Mand,21.98111111,83.21055556,17-05-2026 08:00,2.6
3253,Kurubhata,CWC,22,Chhattisgarh,386,RAIGARH,RAIGARH,-,-,Mahanadi,Mahanadi,Mand,-,-,Mand,21.98111111,83.21055556,18-05-2026 08:00,2.65
3254,Kurubhata,CWC,22,Chhattisgarh,386,RAIGARH,RAIGARH,-,-,Mahanadi,Mahanadi,Mand,-,-,Mand,21.98111111,83.21055556,18-05-2026 09:00,2.647
3255,Kurubhata,CWC,22,Chhattisgarh,386,RAIGARH,RAIGARH,-,-,Mahanadi,Mahanadi,Mand,-,-,Mand,21.98111111,83.21055556,19-05-2026 08:00,2.382
3256,Kurubhata,CWC,22,Chhattisgarh,386,RAIGARH,RAIGARH,-,-,Mahanadi,Mahanadi,Mand,-,-,Mand,21.98111111,83.21055556,19-05-2026 09:00,2.381
3257,Kurubhata,CWC,22,Chhattisgarh,386,RAIGARH,RAIGARH,-,-,Mahanadi,Mahanadi,Mand,-,-,Mand,21.98111111,83.21055556,20-05-2026 08:00,3.176
3258,Kurubhata,CWC,22,Chhattisgarh,386,RAIGARH,RAIGARH,-,-,Mahanadi,Mahanadi,Mand,-,-,Mand,21.98111111,83.21055556,20-05-2026 09:00,3.175
3259,Kurubhata,CWC,22,Chhattisgarh,386,RAIGARH,RAIGARH,-,-,Mahanadi,Mahanadi,Mand,-,-,Mand,21.98111111,83.21055556,21-05-2026 08:00,2.954
3260,Kurubhata,CWC,22,Chhattisgarh,386,RAIGARH,RAIGARH,-,-,Mahanadi,Mahanadi,Mand,-,-,Mand,21.98111111,83.21055556,21-05-2026 09:00,2.9531465
3261,Kurubhata,CWC,22,Chhattisgarh,386,RAIGARH,RAIGARH,-,-,Mahanadi,Mahanadi,Mand,-,-,Mand,21.98111111,83.21055556,21-05-2026 09:15,3.014
3262,Kurubhata,CWC,22,Chhattisgarh,386,RAIGARH,RAIGARH,-,-,Mahanadi,Mahanadi,Mand,-,-,Mand,21.98111111,83.21055556,22-05-2026 08:00,2.898
3263,Kurubhata,CWC,22,Chhattisgarh,386,RAIGARH,RAIGARH,-,-,Mahanadi,Mahanadi,Mand,-,-,Mand,21.98111111,83.21055556,22-05-2026 09:00,2.991
3264,Kurubhata,CWC,22,Chhattisgarh,386,RAIGARH,RAIGARH,-,-,Mahanadi,Mahanadi,Mand,-,-,Mand,21.98111111,83.21055556,23-05-2026 08:00,2.668
3265,Kurubhata,CWC,22,Chhattisgarh,386,RAIGARH,RAIGARH,-,-,Mahanadi,Mahanadi,Mand,-,-,Mand,21.98111111,83.21055556,23-05-2026 09:00,2.665
3266,Kurubhata,CWC,22,Chhattisgarh,386,RAIGARH,RAIGARH,-,-,Mahanadi,Mahanadi,Mand,-,-,Mand,21.98111111,83.21055556,24-05-2026 08:00,2.6
3267,Kurubhata,CWC,22,Chhattisgarh,386,RAIGARH,RAIGARH,-,-,Mahanadi,Mahanadi,Mand,-,-,Mand,21.98111111,83.21055556,25-05-2026 08:00,2.411
3268,Kurubhata,CWC,22,Chhattisgarh,386,RAIGARH,RAIGARH,-,-,Mahanadi,Mahanadi,Mand,-,-,Mand,21.98111111,83.21055556,25-05-2026 09:00,2.423
3269,Kurubhata,CWC,22,Chhattisgarh,386,RAIGARH,RAIGARH,-,-,Mahanadi,Mahanadi,Mand,-,-,Mand,21.98111111,83.21055556,26-05-2026 08:00,2.392
3270,Kurubhata,CWC,22,Chhattisgarh,386,RAIGARH,RAIGARH,-,-,Mahanadi,Mahanadi,Mand,-,-,Mand,21.98111111,83.21055556,26-05-2026 08:28,2.3941379
3271,Kurubhata,CWC,22,Chhattisgarh,386,RAIGARH,RAIGARH,-,-,Mahanadi,Mahanadi,Mand,-,-,Mand,21.98111111,83.21055556,26-05-2026 09:00,2.383
3272,Kurubhata,CWC,22,Chhattisgarh,386,RAIGARH,RAIGARH,-,-,Mahanadi,Mahanadi,Mand,-,-,Mand,21.98111111,83.21055556,27-05-2026 08:00,2.4
3273,Kurubhata,CWC,22,Chhattisgarh,386,RAIGARH,RAIGARH,-,-,Mahanadi,Mahanadi,Mand,-,-,Mand,21.98111111,83.21055556,27-05-2026 09:00,2.6285205
3274,Kurubhata,CWC,22,Chhattisgarh,386,RAIGARH,RAIGARH,-,-,Mahanadi,Mahanadi,Mand,-,-,Mand,21.98111111,83.21055556,28-05-2026 08:00,2.629
3275,Kurubhata,CWC,22,Chhattisgarh,386,RAIGARH,RAIGARH,-,-,Mahanadi,Mahanadi,Mand,-,-,Mand,21.98111111,83.21055556,29-05-2026 08:00,2.605
3276,Kurubhata,CWC,22,Chhattisgarh,386,RAIGARH,RAIGARH,-,-,Mahanadi,Mahanadi,Mand,-,-,Mand,21.98111111,83.21055556,29-05-2026 09:00,2.604
3277,Kurubhata,CWC,22,Chhattisgarh,386,RAIGARH,RAIGARH,-,-,Mahanadi,Mahanadi,Mand,-,-,Mand,21.98111111,83.21055556,30-05-2026 08:00,2.367
3278,Kurubhata,CWC,22,Chhattisgarh,386,RAIGARH,RAIGARH,-,-,Mahanadi,Mahanadi,Mand,-,-,Mand,21.98111111,83.21055556,30-05-2026 09:00,2.366
3279,Kurubhata,CWC,22,Chhattisgarh,386,RAIGARH,RAIGARH,-,-,Mahanadi,Mahanadi,Mand,-,-,Mand,21.98111111,83.21055556,31-05-2026 08:00,3.3
3280,Kurubhata,CWC,22,Chhattisgarh,386,RAIGARH,RAIGARH,-,-,Mahanadi,Mahanadi,Mand,-,-,Mand,21.98111111,83.21055556,01-06-2026 09:00,3.158
3281,Kurubhata,CWC,22,Chhattisgarh,386,RAIGARH,RAIGARH,-,-,Mahanadi,Mahanadi,Mand,-,-,Mand,21.98111111,83.21055556,02-06-2026 09:00,2.915
3282,Kurubhata,CWC,22,Chhattisgarh,386,RAIGARH,RAIGARH,-,-,Mahanadi,Mahanadi,Mand,-,-,Mand,21.98111111,83.21055556,03-06-2026 09:00,2.874
3283,Kurubhata,CWC,22,Chhattisgarh,386,RAIGARH,RAIGARH,-,-,Mahanadi,Mahanadi,Mand,-,-,Mand,21.98111111,83.21055556,04-06-2026 09:00,3.325
3284,Kurubhata,CWC,22,Chhattisgarh,386,RAIGARH,RAIGARH,-,-,Mahanadi,Mahanadi,Mand,-,-,Mand,21.98111111,83.21055556,05-06-2026 09:00,3.315
3285,Kurubhata,CWC,22,Chhattisgarh,386,RAIGARH,RAIGARH,-,-,Mahanadi,Mahanadi,Mand,-,-,Mand,21.98111111,83.21055556,06-06-2026 09:00,3.092
3286,Kurubhata,CWC,22,Chhattisgarh,386,RAIGARH,RAIGARH,-,-,Mahanadi,Mahanadi,Mand,-,-,Mand,21.98111111,83.21055556,07-06-2026 08:00,3
3287,Kurubhata,CWC,22,Chhattisgarh,386,RAIGARH,RAIGARH,-,-,Mahanadi,Mahanadi,Mand,-,-,Mand,21.98111111,83.21055556,08-06-2026 09:00,2.68
3288,Kurubhata,CWC,22,Chhattisgarh,386,RAIGARH,RAIGARH,-,-,Mahanadi,Mahanadi,Mand,-,-,Mand,21.98111111,83.21055556,09-06-2026 09:00,2.669
3289,Kurubhata,CWC,22,Chhattisgarh,386,RAIGARH,RAIGARH,-,-,Mahanadi,Mahanadi,Mand,-,-,Mand,21.98111111,83.21055556,10-06-2026 09:00,3.545
3290,Kurubhata,CWC,22,Chhattisgarh,386,RAIGARH,RAIGARH,-,-,Mahanadi,Mahanadi,Mand,-,-,Mand,21.98111111,83.21055556,11-06-2026 09:00,3.322
3291,Kurubhata,CWC,22,Chhattisgarh,386,RAIGARH,RAIGARH,-,-,Mahanadi,Mahanadi,Mand,-,-,Mand,21.98111111,83.21055556,12-06-2026 09:00,3.972
3292,Kurubhata,CWC,22,Chhattisgarh,386,RAIGARH,RAIGARH,-,-,Mahanadi,Mahanadi,Mand,-,-,Mand,21.98111111,83.21055556,13-06-2026 09:00,4.18
3293,Kurubhata,CWC,22,Chhattisgarh,386,RAIGARH,RAIGARH,-,-,Mahanadi,Mahanadi,Mand,-,-,Mand,21.98111111,83.21055556,14-06-2026 08:00,4
3294,Kurubhata,CWC,22,Chhattisgarh,386,RAIGARH,RAIGARH,-,-,Mahanadi,Mahanadi,Mand,-,-,Mand,21.98111111,83.21055556,15-06-2026 09:00,3.553
3295,Kurubhata,CWC,22,Chhattisgarh,386,RAIGARH,RAIGARH,-,-,Mahanadi,Mahanadi,Mand,-,-,Mand,21.98111111,83.21055556,16-06-2026 09:00,4.2
3296,Kurubhata,CWC,22,Chhattisgarh,386,RAIGARH,RAIGARH,-,-,Mahanadi,Mahanadi,Mand,-,-,Mand,21.98111111,83.21055556,17-06-2026 09:00,3.926
3297,Kurubhata,CWC,22,Chhattisgarh,386,RAIGARH,RAIGARH,-,-,Mahanadi,Mahanadi,Mand,-,-,Mand,21.98111111,83.21055556,18-06-2026 09:00,3.734
3298,Kurubhata,CWC,22,Chhattisgarh,386,RAIGARH,RAIGARH,-,-,Mahanadi,Mahanadi,Mand,-,-,Mand,21.98111111,83.21055556,19-06-2026 09:00,3.475
3299,Kurubhata,CWC,22,Chhattisgarh,386,RAIGARH,RAIGARH,-,-,Mahanadi,Mahanadi,Mand,-,-,Mand,21.98111111,83.21055556,20-06-2026 09:00,3.236
3300,Kurubhata,CWC,22,Chhattisgarh,386,RAIGARH,RAIGARH,-,-,Mahanadi,Mahanadi,Mand,-,-,Mand,21.98111111,83.21055556,22-06-2026 09:00,2.979
3301,Kurubhata,CWC,22,Chhattisgarh,386,RAIGARH,RAIGARH,-,-,Mahanadi,Mahanadi,Mand,-,-,Mand,21.98111111,83.21055556,23-06-2026 09:00,3.947
3302,Kurubhata,CWC,22,Chhattisgarh,386,RAIGARH,RAIGARH,-,-,Mahanadi,Mahanadi,Mand,-,-,Mand,21.98111111,83.21055556,24-06-2026 09:00,5.023
3303,Kurubhata,CWC,22,Chhattisgarh,386,RAIGARH,RAIGARH,-,-,Mahanadi,Mahanadi,Mand,-,-,Mand,21.98111111,83.21055556,25-06-2026 11:00,9.546
3304,Kurubhata,CWC,22,Chhattisgarh,386,RAIGARH,RAIGARH,-,-,Mahanadi,Mahanadi,Mand,-,-,Mand,21.98111111,83.21055556,26-06-2026 08:00,9.3
3305,Kurubhata,CWC,22,Chhattisgarh,386,RAIGARH,RAIGARH,-,-,Mahanadi,Mahanadi,Mand,-,-,Mand,21.98111111,83.21055556,27-06-2026 09:00,9.11
3306,Kurubhata,CWC,22,Chhattisgarh,386,RAIGARH,RAIGARH,-,-,Mahanadi,Mahanadi,Mand,-,-,Mand,21.98111111,83.21055556,28-06-2026 08:00,9
3307,Kurubhata,CWC,22,Chhattisgarh,386,RAIGARH,RAIGARH,-,-,Mahanadi,Mahanadi,Mand,-,-,Mand,21.98111111,83.21055556,29-06-2026 09:00,8.835
3308,Kurubhata,CWC,22,Chhattisgarh,386,RAIGARH,RAIGARH,-,-,Mahanadi,Mahanadi,Mand,-,-,Mand,21.98111111,83.21055556,30-06-2026 09:00,8.579
3309,Kurubhata,CWC,22,Chhattisgarh,386,RAIGARH,RAIGARH,-,-,Mahanadi,Mahanadi,Mand,-,-,Mand,21.98111111,83.21055556,01-07-2026 08:00,10.421
3310,Kurubhata,CWC,22,Chhattisgarh,386,RAIGARH,RAIGARH,-,-,Mahanadi,Mahanadi,Mand,-,-,Mand,21.98111111,83.21055556,01-07-2026 09:00,10.42
3311,Kurubhata,CWC,22,Chhattisgarh,386,RAIGARH,RAIGARH,-,-,Mahanadi,Mahanadi,Mand,-,-,Mand,21.98111111,83.21055556,02-07-2026 09:00,11.462
3312,Kurubhata,CWC,22,Chhattisgarh,386,RAIGARH,RAIGARH,-,-,Mahanadi,Mahanadi,Mand,-,-,Mand,21.98111111,83.21055556,03-07-2026 09:00,50.679
3313,Kurubhata,CWC,22,Chhattisgarh,386,RAIGARH,RAIGARH,-,-,Mahanadi,Mahanadi,Mand,-,-,Mand,21.98111111,83.21055556,04-07-2026 09:00,46.794
3314,Kurubhata,CWC,22,Chhattisgarh,386,RAIGARH,RAIGARH,-,-,Mahanadi,Mahanadi,Mand,-,-,Mand,21.98111111,83.21055556,05-07-2026 08:00,50
3315,Kurubhata,CWC,22,Chhattisgarh,386,RAIGARH,RAIGARH,-,-,Mahanadi,Mahanadi,Mand,-,-,Mand,21.98111111,83.21055556,06-07-2026 10:00,209.317
3316,Kurubhata,CWC,22,Chhattisgarh,386,RAIGARH,RAIGARH,-,-,Mahanadi,Mahanadi,Mand,-,-,Mand,21.98111111,83.21055556,07-07-2026 10:00,153.323
3317,Kurubhata,CWC,22,Chhattisgarh,386,RAIGARH,RAIGARH,-,-,Mahanadi,Mahanadi,Mand,-,-,Mand,21.98111111,83.21055556,08-07-2026 10:00,163.598
3318,Kurubhata,CWC,22,Chhattisgarh,386,RAIGARH,RAIGARH,-,-,Mahanadi,Mahanadi,Mand,-,-,Mand,21.98111111,83.21055556,09-07-2026 10:00,151.621
3319,Kurubhata,CWC,22,Chhattisgarh,386,RAIGARH,RAIGARH,-,-,Mahanadi,Mahanadi,Mand,-,-,Mand,21.98111111,83.21055556,10-07-2026 10:00,109.306
3320,Kurubhata,CWC,22,Chhattisgarh,386,RAIGARH,RAIGARH,-,-,Mahanadi,Mahanadi,Mand,-,-,Mand,21.98111111,83.21055556,11-07-2026 10:00,101.38
3321,Kurubhata,CWC,22,Chhattisgarh,386,RAIGARH,RAIGARH,-,-,Mahanadi,Mahanadi,Mand,-,-,Mand,21.98111111,83.21055556,12-07-2026 08:00,95
3322,Kurubhata,CWC,22,Chhattisgarh,386,RAIGARH,RAIGARH,-,-,Mahanadi,Mahanadi,Mand,-,-,Mand,21.98111111,83.21055556,13-07-2026 10:00,84.685
3323,Kurubhata,CWC,22,Chhattisgarh,386,RAIGARH,RAIGARH,-,-,Mahanadi,Mahanadi,Mand,-,-,Mand,21.98111111,83.21055556,14-07-2026 10:00,80.519
3324,Kurubhata,CWC,22,Chhattisgarh,386,RAIGARH,RAIGARH,-,-,Mahanadi,Mahanadi,Mand,-,-,Mand,21.98111111,83.21055556,15-07-2026 10:00,76.606
3325,Kurubhata,CWC,22,Chhattisgarh,386,RAIGARH,RAIGARH,-,-,Mahanadi,Mahanadi,Mand,-,-,Mand,21.98111111,83.21055556,16-07-2026 10:00,57.772
3326,Kurubhata,CWC,22,Chhattisgarh,386,RAIGARH,RAIGARH,-,-,Mahanadi,Mahanadi,Mand,-,-,Mand,21.98111111,83.21055556,17-07-2026 09:00,49.728
3327,Kurubhata,CWC,22,Chhattisgarh,386,RAIGARH,RAIGARH,-,-,Mahanadi,Mahanadi,Mand,-,-,Mand,21.98111111,83.21055556,18-07-2026 10:00,45.704
3328,Kurubhata,CWC,22,Chhattisgarh,386,RAIGARH,RAIGARH,-,-,Mahanadi,Mahanadi,Mand,-,-,Mand,21.98111111,83.21055556,19-07-2026 08:00,42
3329,Kurubhata,CWC,22,Chhattisgarh,386,RAIGARH,RAIGARH,-,-,Mahanadi,Mahanadi,Mand,-,-,Mand,21.98111111,83.21055556,20-07-2026 10:00,109.306
3330,Kurubhata,CWC,22,Chhattisgarh,386,RAIGARH,RAIGARH,-,-,Mahanadi,Mahanadi,Mand,-,-,Mand,21.98111111,83.21055556,21-07-2026 10:00,166.59
3331,Kurubhata,CWC,22,Chhattisgarh,386,RAIGARH,RAIGARH,-,-,Mahanadi,Mahanadi,Mand,-,-,Mand,21.98111111,83.21055556,22-07-2026 10:00,424.13
3332,Kurubhata,CWC,22,Chhattisgarh,386,RAIGARH,RAIGARH,-,-,Mahanadi,Mahanadi,Mand,-,-,Mand,21.98111111,83.21055556,23-07-2026 10:00,750.024
3333,Kurubhata,CWC,22,Chhattisgarh,386,RAIGARH,RAIGARH,-,-,Mahanadi,Mahanadi,Mand,-,-,Mand,21.98111111,83.21055556,24-07-2026 10:00,321.249
3334,Kurubhata,CWC,22,Chhattisgarh,386,RAIGARH,RAIGARH,-,-,Mahanadi,Mahanadi,Mand,-,-,Mand,21.98111111,83.21055556,25-07-2026 10:00,270.534
3335,Kurubhata,CWC,22,Chhattisgarh,386,RAIGARH,RAIGARH,-,-,Mahanadi,Mahanadi,Mand,-,-,Mand,21.98111111,83.21055556,26-07-2026 08:00,250
3336,Kurubhata,CWC,22,Chhattisgarh,386,RAIGARH,RAIGARH,-,-,Mahanadi,Mahanadi,Mand,-,-,Mand,21.98111111,83.21055556,27-07-2026 10:00,226.701
3337,Kurubhata,CWC,22,Chhattisgarh,386,RAIGARH,RAIGARH,-,-,Mahanadi,Mahanadi,Mand,-,-,Mand,21.98111111,83.21055556,28-07-2026 10:00,300.649
3338,Kurubhata,CWC,22,Chhattisgarh,386,RAIGARH,RAIGARH,-,-,Mahanadi,Mahanadi,Mand,-,-,Mand,21.98111111,83.21055556,29-07-2026 10:00,246.18
3339,Kurubhata,CWC,22,Chhattisgarh,386,RAIGARH,RAIGARH,-,-,Mahanadi,Mahanadi,Mand,-,-,Mand,21.98111111,83.21055556,30-07-2026 10:00,223.14796
3340,Kurubhata,CWC,22,Chhattisgarh,386,RAIGARH,RAIGARH,-,-,Mahanadi,Mahanadi,Mand,-,-,Mand,21.98111111,83.21055556,31-07-2026 10:00,209.45824
3341,Kurubhata,CWC,22,Chhattisgarh,386,RAIGARH,RAIGARH,-,-,Mahanadi,Mahanadi,Mand,-,-,Mand,21.98111111,83.21055556,01-08-2026 10:00,199.531
3342,Kurubhata,CWC,22,Chhattisgarh,386,RAIGARH,RAIGARH,-,-,Mahanadi,Mahanadi,Mand,-,-,Mand,21.98111111,83.21055556,03-08-2026 10:00,182.671
3343,Kurubhata,CWC,22,Chhattisgarh,386,RAIGARH,RAIGARH,-,-,Mahanadi,Mahanadi,Mand,-,-,Mand,21.98111111,83.21055556,04-08-2026 10:00,175.287
3344,Kurubhata,CWC,22,Chhattisgarh,386,RAIGARH,RAIGARH,-,-,Mahanadi,Mahanadi,Mand,-,-,Mand,21.98111111,83.21055556,05-08-2026 10:00,169.245
3345,Kurubhata,CWC,22,Chhattisgarh,386,RAIGARH,RAIGARH,-,-,Mahanadi,Mahanadi,Mand,-,-,Mand,21.98111111,83.21055556,06-08-2026 10:00,228.459
3346,Kurubhata,CWC,22,Chhattisgarh,386,RAIGARH,RAIGARH,-,-,Mahanadi,Mahanadi,Mand,-,-,Mand,21.98111111,83.21055556,07-08-2026 10:00,253.507
3347,Kurubhata,CWC,22,Chhattisgarh,386,RAIGARH,RAIGARH,-,-,Mahanadi,Mahanadi,Mand,-,-,Mand,21.98111111,83.21055556,08-08-2026 10:00,290.94867
3348,Manendragarh,CWC,22,Chhattisgarh,384,KORIYA,MANENDRAGARH,MANENDRAGARH,Manendragarh,Mahanadi,Mahanadi,Hasdeo,-,-,Hasdeo,23.20138889,82.21444444,15-01-2026 08:00,6.285
3349,Manendragarh,CWC,22,Chhattisgarh,384,KORIYA,MANENDRAGARH,MANENDRAGARH,Manendragarh,Mahanadi,Mahanadi,Hasdeo,-,-,Hasdeo,23.20138889,82.21444444,15-01-2026 09:00,6.291732
3350,Manendragarh,CWC,22,Chhattisgarh,384,KORIYA,MANENDRAGARH,MANENDRAGARH,Manendragarh,Mahanadi,Mahanadi,Hasdeo,-,-,Hasdeo,23.20138889,82.21444444,16-01-2026 08:00,6.319
3351,Manendragarh,CWC,22,Chhattisgarh,384,KORIYA,MANENDRAGARH,MANENDRAGARH,Manendragarh,Mahanadi,Mahanadi,Hasdeo,-,-,Hasdeo,23.20138889,82.21444444,16-01-2026 09:00,6.321322
3352,Manendragarh,CWC,22,Chhattisgarh,384,KORIYA,MANENDRAGARH,MANENDRAGARH,Manendragarh,Mahanadi,Mahanadi,Hasdeo,-,-,Hasdeo,23.20138889,82.21444444,17-01-2026 08:00,6.152
3353,Manendragarh,CWC,22,Chhattisgarh,384,KORIYA,MANENDRAGARH,MANENDRAGARH,Manendragarh,Mahanadi,Mahanadi,Hasdeo,-,-,Hasdeo,23.20138889,82.21444444,17-01-2026 09:00,6.153464
3354,Manendragarh,CWC,22,Chhattisgarh,384,KORIYA,MANENDRAGARH,MANENDRAGARH,Manendragarh,Mahanadi,Mahanadi,Hasdeo,-,-,Hasdeo,23.20138889,82.21444444,18-01-2026 08:00,6.062
3355,Manendragarh,CWC,22,Chhattisgarh,384,KORIYA,MANENDRAGARH,MANENDRAGARH,Manendragarh,Mahanadi,Mahanadi,Hasdeo,-,-,Hasdeo,23.20138889,82.21444444,19-01-2026 08:00,5.972
3356,Manendragarh,CWC,22,Chhattisgarh,384,KORIYA,MANENDRAGARH,MANENDRAGARH,Manendragarh,Mahanadi,Mahanadi,Hasdeo,-,-,Hasdeo,23.20138889,82.21444444,19-01-2026 09:00,5.9530234
3357,Manendragarh,CWC,22,Chhattisgarh,384,KORIYA,MANENDRAGARH,MANENDRAGARH,Manendragarh,Mahanadi,Mahanadi,Hasdeo,-,-,Hasdeo,23.20138889,82.21444444,20-01-2026 08:00,5.85
3358,Manendragarh,CWC,22,Chhattisgarh,384,KORIYA,MANENDRAGARH,MANENDRAGARH,Manendragarh,Mahanadi,Mahanadi,Hasdeo,-,-,Hasdeo,23.20138889,82.21444444,20-01-2026 09:00,5.9150624
3359,Manendragarh,CWC,22,Chhattisgarh,384,KORIYA,MANENDRAGARH,MANENDRAGARH,Manendragarh,Mahanadi,Mahanadi,Hasdeo,-,-,Hasdeo,23.20138889,82.21444444,21-01-2026 08:00,5.849
3360,Manendragarh,CWC,22,Chhattisgarh,384,KORIYA,MANENDRAGARH,MANENDRAGARH,Manendragarh,Mahanadi,Mahanadi,Hasdeo,-,-,Hasdeo,23.20138889,82.21444444,21-01-2026 09:00,5.9388165
3361,Manendragarh,CWC,22,Chhattisgarh,384,KORIYA,MANENDRAGARH,MANENDRAGARH,Manendragarh,Mahanadi,Mahanadi,Hasdeo,-,-,Hasdeo,23.20138889,82.21444444,22-01-2026 08:00,5.644
3362,Manendragarh,CWC,22,Chhattisgarh,384,KORIYA,MANENDRAGARH,MANENDRAGARH,Manendragarh,Mahanadi,Mahanadi,Hasdeo,-,-,Hasdeo,23.20138889,82.21444444,22-01-2026 09:00,5.6425877
3363,Manendragarh,CWC,22,Chhattisgarh,384,KORIYA,MANENDRAGARH,MANENDRAGARH,Manendragarh,Mahanadi,Mahanadi,Hasdeo,-,-,Hasdeo,23.20138889,82.21444444,23-01-2026 08:00,5.723
3364,Manendragarh,CWC,22,Chhattisgarh,384,KORIYA,MANENDRAGARH,MANENDRAGARH,Manendragarh,Mahanadi,Mahanadi,Hasdeo,-,-,Hasdeo,23.20138889,82.21444444,23-01-2026 09:00,5.575933
3365,Manendragarh,CWC,22,Chhattisgarh,384,KORIYA,MANENDRAGARH,MANENDRAGARH,Manendragarh,Mahanadi,Mahanadi,Hasdeo,-,-,Hasdeo,23.20138889,82.21444444,24-01-2026 08:00,5.479
3366,Manendragarh,CWC,22,Chhattisgarh,384,KORIYA,MANENDRAGARH,MANENDRAGARH,Manendragarh,Mahanadi,Mahanadi,Hasdeo,-,-,Hasdeo,23.20138889,82.21444444,24-01-2026 09:00,5.452129
3367,Manendragarh,CWC,22,Chhattisgarh,384,KORIYA,MANENDRAGARH,MANENDRAGARH,Manendragarh,Mahanadi,Mahanadi,Hasdeo,-,-,Hasdeo,23.20138889,82.21444444,25-01-2026 08:00,5.44
3368,Manendragarh,CWC,22,Chhattisgarh,384,KORIYA,MANENDRAGARH,MANENDRAGARH,Manendragarh,Mahanadi,Mahanadi,Hasdeo,-,-,Hasdeo,23.20138889,82.21444444,26-01-2026 08:00,5.423
3369,Manendragarh,CWC,22,Chhattisgarh,384,KORIYA,MANENDRAGARH,MANENDRAGARH,Manendragarh,Mahanadi,Mahanadi,Hasdeo,-,-,Hasdeo,23.20138889,82.21444444,27-01-2026 08:00,5.404
3370,Manendragarh,CWC,22,Chhattisgarh,384,KORIYA,MANENDRAGARH,MANENDRAGARH,Manendragarh,Mahanadi,Mahanadi,Hasdeo,-,-,Hasdeo,23.20138889,82.21444444,27-01-2026 09:00,5.4021516
3371,Manendragarh,CWC,22,Chhattisgarh,384,KORIYA,MANENDRAGARH,MANENDRAGARH,Manendragarh,Mahanadi,Mahanadi,Hasdeo,-,-,Hasdeo,23.20138889,82.21444444,28-01-2026 08:00,5.339
3372,Manendragarh,CWC,22,Chhattisgarh,384,KORIYA,MANENDRAGARH,MANENDRAGARH,Manendragarh,Mahanadi,Mahanadi,Hasdeo,-,-,Hasdeo,23.20138889,82.21444444,28-01-2026 09:00,5.3341856
3373,Manendragarh,CWC,22,Chhattisgarh,384,KORIYA,MANENDRAGARH,MANENDRAGARH,Manendragarh,Mahanadi,Mahanadi,Hasdeo,-,-,Hasdeo,23.20138889,82.21444444,29-01-2026 08:00,5.274
3374,Manendragarh,CWC,22,Chhattisgarh,384,KORIYA,MANENDRAGARH,MANENDRAGARH,Manendragarh,Mahanadi,Mahanadi,Hasdeo,-,-,Hasdeo,23.20138889,82.21444444,29-01-2026 09:00,5.343899
3375,Manendragarh,CWC,22,Chhattisgarh,384,KORIYA,MANENDRAGARH,MANENDRAGARH,Manendragarh,Mahanadi,Mahanadi,Hasdeo,-,-,Hasdeo,23.20138889,82.21444444,30-01-2026 08:00,5.159
3376,Manendragarh,CWC,22,Chhattisgarh,384,KORIYA,MANENDRAGARH,MANENDRAGARH,Manendragarh,Mahanadi,Mahanadi,Hasdeo,-,-,Hasdeo,23.20138889,82.21444444,30-01-2026 09:00,5.156122
3377,Manendragarh,CWC,22,Chhattisgarh,384,KORIYA,MANENDRAGARH,MANENDRAGARH,Manendragarh,Mahanadi,Mahanadi,Hasdeo,-,-,Hasdeo,23.20138889,82.21444444,31-01-2026 08:00,4.162
3378,Manendragarh,CWC,22,Chhattisgarh,384,KORIYA,MANENDRAGARH,MANENDRAGARH,Manendragarh,Mahanadi,Mahanadi,Hasdeo,-,-,Hasdeo,23.20138889,82.21444444,31-01-2026 09:00,4.180427
3379,Manendragarh,CWC,22,Chhattisgarh,384,KORIYA,MANENDRAGARH,MANENDRAGARH,Manendragarh,Mahanadi,Mahanadi,Hasdeo,-,-,Hasdeo,23.20138889,82.21444444,01-02-2026 08:00,4.14
3380,Manendragarh,CWC,22,Chhattisgarh,384,KORIYA,MANENDRAGARH,MANENDRAGARH,Manendragarh,Mahanadi,Mahanadi,Hasdeo,-,-,Hasdeo,23.20138889,82.21444444,02-02-2026 08:00,4.117
3381,Manendragarh,CWC,22,Chhattisgarh,384,KORIYA,MANENDRAGARH,MANENDRAGARH,Manendragarh,Mahanadi,Mahanadi,Hasdeo,-,-,Hasdeo,23.20138889,82.21444444,02-02-2026 09:00,4.1124735
3382,Manendragarh,CWC,22,Chhattisgarh,384,KORIYA,MANENDRAGARH,MANENDRAGARH,Manendragarh,Mahanadi,Mahanadi,Hasdeo,-,-,Hasdeo,23.20138889,82.21444444,03-02-2026 08:00,4.042
3383,Manendragarh,CWC,22,Chhattisgarh,384,KORIYA,MANENDRAGARH,MANENDRAGARH,Manendragarh,Mahanadi,Mahanadi,Hasdeo,-,-,Hasdeo,23.20138889,82.21444444,03-02-2026 09:00,4.074446
3384,Manendragarh,CWC,22,Chhattisgarh,384,KORIYA,MANENDRAGARH,MANENDRAGARH,Manendragarh,Mahanadi,Mahanadi,Hasdeo,-,-,Hasdeo,23.20138889,82.21444444,04-02-2026 08:00,4.011
3385,Manendragarh,CWC,22,Chhattisgarh,384,KORIYA,MANENDRAGARH,MANENDRAGARH,Manendragarh,Mahanadi,Mahanadi,Hasdeo,-,-,Hasdeo,23.20138889,82.21444444,04-02-2026 09:00,4.0514455
3386,Manendragarh,CWC,22,Chhattisgarh,384,KORIYA,MANENDRAGARH,MANENDRAGARH,Manendragarh,Mahanadi,Mahanadi,Hasdeo,-,-,Hasdeo,23.20138889,82.21444444,05-02-2026 08:00,4.009
3387,Manendragarh,CWC,22,Chhattisgarh,384,KORIYA,MANENDRAGARH,MANENDRAGARH,Manendragarh,Mahanadi,Mahanadi,Hasdeo,-,-,Hasdeo,23.20138889,82.21444444,06-02-2026 08:00,3.976
3388,Manendragarh,CWC,22,Chhattisgarh,384,KORIYA,MANENDRAGARH,MANENDRAGARH,Manendragarh,Mahanadi,Mahanadi,Hasdeo,-,-,Hasdeo,23.20138889,82.21444444,07-02-2026 08:00,3.954
3389,Manendragarh,CWC,22,Chhattisgarh,384,KORIYA,MANENDRAGARH,MANENDRAGARH,Manendragarh,Mahanadi,Mahanadi,Hasdeo,-,-,Hasdeo,23.20138889,82.21444444,08-02-2026 08:00,4.007
3390,Manendragarh,CWC,22,Chhattisgarh,384,KORIYA,MANENDRAGARH,MANENDRAGARH,Manendragarh,Mahanadi,Mahanadi,Hasdeo,-,-,Hasdeo,23.20138889,82.21444444,09-02-2026 08:00,4.06
3391,Manendragarh,CWC,22,Chhattisgarh,384,KORIYA,MANENDRAGARH,MANENDRAGARH,Manendragarh,Mahanadi,Mahanadi,Hasdeo,-,-,Hasdeo,23.20138889,82.21444444,10-02-2026 08:00,4.127
3392,Manendragarh,CWC,22,Chhattisgarh,384,KORIYA,MANENDRAGARH,MANENDRAGARH,Manendragarh,Mahanadi,Mahanadi,Hasdeo,-,-,Hasdeo,23.20138889,82.21444444,11-02-2026 08:00,4.133
3393,Manendragarh,CWC,22,Chhattisgarh,384,KORIYA,MANENDRAGARH,MANENDRAGARH,Manendragarh,Mahanadi,Mahanadi,Hasdeo,-,-,Hasdeo,23.20138889,82.21444444,12-02-2026 08:00,4.049
3394,Manendragarh,CWC,22,Chhattisgarh,384,KORIYA,MANENDRAGARH,MANENDRAGARH,Manendragarh,Mahanadi,Mahanadi,Hasdeo,-,-,Hasdeo,23.20138889,82.21444444,13-02-2026 08:00,3.923
3395,Manendragarh,CWC,22,Chhattisgarh,384,KORIYA,MANENDRAGARH,MANENDRAGARH,Manendragarh,Mahanadi,Mahanadi,Hasdeo,-,-,Hasdeo,23.20138889,82.21444444,14-02-2026 08:00,3.886
3396,Manendragarh,CWC,22,Chhattisgarh,384,KORIYA,MANENDRAGARH,MANENDRAGARH,Manendragarh,Mahanadi,Mahanadi,Hasdeo,-,-,Hasdeo,23.20138889,82.21444444,15-02-2026 08:00,3.898
3397,Manendragarh,CWC,22,Chhattisgarh,384,KORIYA,MANENDRAGARH,MANENDRAGARH,Manendragarh,Mahanadi,Mahanadi,Hasdeo,-,-,Hasdeo,23.20138889,82.21444444,16-02-2026 08:00,3.91
3398,Manendragarh,CWC,22,Chhattisgarh,384,KORIYA,MANENDRAGARH,MANENDRAGARH,Manendragarh,Mahanadi,Mahanadi,Hasdeo,-,-,Hasdeo,23.20138889,82.21444444,17-02-2026 08:00,3.999
3399,Manendragarh,CWC,22,Chhattisgarh,384,KORIYA,MANENDRAGARH,MANENDRAGARH,Manendragarh,Mahanadi,Mahanadi,Hasdeo,-,-,Hasdeo,23.20138889,82.21444444,18-02-2026 08:00,4.002
3400,Manendragarh,CWC,22,Chhattisgarh,384,KORIYA,MANENDRAGARH,MANENDRAGARH,Manendragarh,Mahanadi,Mahanadi,Hasdeo,-,-,Hasdeo,23.20138889,82.21444444,19-02-2026 08:00,4.006
3401,Manendragarh,CWC,22,Chhattisgarh,384,KORIYA,MANENDRAGARH,MANENDRAGARH,Manendragarh,Mahanadi,Mahanadi,Hasdeo,-,-,Hasdeo,23.20138889,82.21444444,19-02-2026 09:00,4.0054784
3402,Manendragarh,CWC,22,Chhattisgarh,384,KORIYA,MANENDRAGARH,MANENDRAGARH,Manendragarh,Mahanadi,Mahanadi,Hasdeo,-,-,Hasdeo,23.20138889,82.21444444,20-02-2026 08:00,4.021
3403,Manendragarh,CWC,22,Chhattisgarh,384,KORIYA,MANENDRAGARH,MANENDRAGARH,Manendragarh,Mahanadi,Mahanadi,Hasdeo,-,-,Hasdeo,23.20138889,82.21444444,21-02-2026 08:00,4.025
3404,Manendragarh,CWC,22,Chhattisgarh,384,KORIYA,MANENDRAGARH,MANENDRAGARH,Manendragarh,Mahanadi,Mahanadi,Hasdeo,-,-,Hasdeo,23.20138889,82.21444444,22-02-2026 08:00,4.034
3405,Manendragarh,CWC,22,Chhattisgarh,384,KORIYA,MANENDRAGARH,MANENDRAGARH,Manendragarh,Mahanadi,Mahanadi,Hasdeo,-,-,Hasdeo,23.20138889,82.21444444,23-02-2026 08:00,4.042
3406,Manendragarh,CWC,22,Chhattisgarh,384,KORIYA,MANENDRAGARH,MANENDRAGARH,Manendragarh,Mahanadi,Mahanadi,Hasdeo,-,-,Hasdeo,23.20138889,82.21444444,23-02-2026 09:00,5.849977
3407,Manendragarh,CWC,22,Chhattisgarh,384,KORIYA,MANENDRAGARH,MANENDRAGARH,Manendragarh,Mahanadi,Mahanadi,Hasdeo,-,-,Hasdeo,23.20138889,82.21444444,24-02-2026 08:00,3.998
3408,Manendragarh,CWC,22,Chhattisgarh,384,KORIYA,MANENDRAGARH,MANENDRAGARH,Manendragarh,Mahanadi,Mahanadi,Hasdeo,-,-,Hasdeo,23.20138889,82.21444444,24-02-2026 09:00,3.9779062
3409,Manendragarh,CWC,22,Chhattisgarh,384,KORIYA,MANENDRAGARH,MANENDRAGARH,Manendragarh,Mahanadi,Mahanadi,Hasdeo,-,-,Hasdeo,23.20138889,82.21444444,25-02-2026 08:00,3.99
3410,Manendragarh,CWC,22,Chhattisgarh,384,KORIYA,MANENDRAGARH,MANENDRAGARH,Manendragarh,Mahanadi,Mahanadi,Hasdeo,-,-,Hasdeo,23.20138889,82.21444444,25-02-2026 09:00,3.9923916
3411,Manendragarh,CWC,22,Chhattisgarh,384,KORIYA,MANENDRAGARH,MANENDRAGARH,Manendragarh,Mahanadi,Mahanadi,Hasdeo,-,-,Hasdeo,23.20138889,82.21444444,26-02-2026 08:00,3.841
3412,Manendragarh,CWC,22,Chhattisgarh,384,KORIYA,MANENDRAGARH,MANENDRAGARH,Manendragarh,Mahanadi,Mahanadi,Hasdeo,-,-,Hasdeo,23.20138889,82.21444444,26-02-2026 09:00,3.8371754
3413,Manendragarh,CWC,22,Chhattisgarh,384,KORIYA,MANENDRAGARH,MANENDRAGARH,Manendragarh,Mahanadi,Mahanadi,Hasdeo,-,-,Hasdeo,23.20138889,82.21444444,27-02-2026 08:00,3.768
3414,Manendragarh,CWC,22,Chhattisgarh,384,KORIYA,MANENDRAGARH,MANENDRAGARH,Manendragarh,Mahanadi,Mahanadi,Hasdeo,-,-,Hasdeo,23.20138889,82.21444444,27-02-2026 09:00,3.7712197
3415,Manendragarh,CWC,22,Chhattisgarh,384,KORIYA,MANENDRAGARH,MANENDRAGARH,Manendragarh,Mahanadi,Mahanadi,Hasdeo,-,-,Hasdeo,23.20138889,82.21444444,28-02-2026 08:00,3.68
3416,Manendragarh,CWC,22,Chhattisgarh,384,KORIYA,MANENDRAGARH,MANENDRAGARH,Manendragarh,Mahanadi,Mahanadi,Hasdeo,-,-,Hasdeo,23.20138889,82.21444444,28-02-2026 09:00,3.676163
3417,Manendragarh,CWC,22,Chhattisgarh,384,KORIYA,MANENDRAGARH,MANENDRAGARH,Manendragarh,Mahanadi,Mahanadi,Hasdeo,-,-,Hasdeo,23.20138889,82.21444444,01-03-2026 08:00,3.68
3418,Manendragarh,CWC,22,Chhattisgarh,384,KORIYA,MANENDRAGARH,MANENDRAGARH,Manendragarh,Mahanadi,Mahanadi,Hasdeo,-,-,Hasdeo,23.20138889,82.21444444,02-03-2026 08:00,3.68
3419,Manendragarh,CWC,22,Chhattisgarh,384,KORIYA,MANENDRAGARH,MANENDRAGARH,Manendragarh,Mahanadi,Mahanadi,Hasdeo,-,-,Hasdeo,23.20138889,82.21444444,03-03-2026 08:00,3.639
3420,Manendragarh,CWC,22,Chhattisgarh,384,KORIYA,MANENDRAGARH,MANENDRAGARH,Manendragarh,Mahanadi,Mahanadi,Hasdeo,-,-,Hasdeo,23.20138889,82.21444444,04-03-2026 08:00,3.592
3421,Manendragarh,CWC,22,Chhattisgarh,384,KORIYA,MANENDRAGARH,MANENDRAGARH,Manendragarh,Mahanadi,Mahanadi,Hasdeo,-,-,Hasdeo,23.20138889,82.21444444,05-03-2026 08:00,3.545
3422,Manendragarh,CWC,22,Chhattisgarh,384,KORIYA,MANENDRAGARH,MANENDRAGARH,Manendragarh,Mahanadi,Mahanadi,Hasdeo,-,-,Hasdeo,23.20138889,82.21444444,06-03-2026 08:00,3.628
3423,Manendragarh,CWC,22,Chhattisgarh,384,KORIYA,MANENDRAGARH,MANENDRAGARH,Manendragarh,Mahanadi,Mahanadi,Hasdeo,-,-,Hasdeo,23.20138889,82.21444444,07-03-2026 08:00,3.603
3424,Manendragarh,CWC,22,Chhattisgarh,384,KORIYA,MANENDRAGARH,MANENDRAGARH,Manendragarh,Mahanadi,Mahanadi,Hasdeo,-,-,Hasdeo,23.20138889,82.21444444,08-03-2026 08:00,3.567
3425,Manendragarh,CWC,22,Chhattisgarh,384,KORIYA,MANENDRAGARH,MANENDRAGARH,Manendragarh,Mahanadi,Mahanadi,Hasdeo,-,-,Hasdeo,23.20138889,82.21444444,09-03-2026 08:00,3.53
3426,Manendragarh,CWC,22,Chhattisgarh,384,KORIYA,MANENDRAGARH,MANENDRAGARH,Manendragarh,Mahanadi,Mahanadi,Hasdeo,-,-,Hasdeo,23.20138889,82.21444444,10-03-2026 08:00,2.472
3427,Manendragarh,CWC,22,Chhattisgarh,384,KORIYA,MANENDRAGARH,MANENDRAGARH,Manendragarh,Mahanadi,Mahanadi,Hasdeo,-,-,Hasdeo,23.20138889,82.21444444,11-03-2026 08:00,2.263
3428,Manendragarh,CWC,22,Chhattisgarh,384,KORIYA,MANENDRAGARH,MANENDRAGARH,Manendragarh,Mahanadi,Mahanadi,Hasdeo,-,-,Hasdeo,23.20138889,82.21444444,12-03-2026 08:00,1.512
3429,Manendragarh,CWC,22,Chhattisgarh,384,KORIYA,MANENDRAGARH,MANENDRAGARH,Manendragarh,Mahanadi,Mahanadi,Hasdeo,-,-,Hasdeo,23.20138889,82.21444444,13-03-2026 08:00,0
3430,Manendragarh,CWC,22,Chhattisgarh,384,KORIYA,MANENDRAGARH,MANENDRAGARH,Manendragarh,Mahanadi,Mahanadi,Hasdeo,-,-,Hasdeo,23.20138889,82.21444444,14-03-2026 08:00,0
3431,Manendragarh,CWC,22,Chhattisgarh,384,KORIYA,MANENDRAGARH,MANENDRAGARH,Manendragarh,Mahanadi,Mahanadi,Hasdeo,-,-,Hasdeo,23.20138889,82.21444444,15-03-2026 08:00,0
3432,Manendragarh,CWC,22,Chhattisgarh,384,KORIYA,MANENDRAGARH,MANENDRAGARH,Manendragarh,Mahanadi,Mahanadi,Hasdeo,-,-,Hasdeo,23.20138889,82.21444444,16-03-2026 08:00,0
3433,Manendragarh,CWC,22,Chhattisgarh,384,KORIYA,MANENDRAGARH,MANENDRAGARH,Manendragarh,Mahanadi,Mahanadi,Hasdeo,-,-,Hasdeo,23.20138889,82.21444444,17-03-2026 08:00,0
3434,Manendragarh,CWC,22,Chhattisgarh,384,KORIYA,MANENDRAGARH,MANENDRAGARH,Manendragarh,Mahanadi,Mahanadi,Hasdeo,-,-,Hasdeo,23.20138889,82.21444444,18-03-2026 08:00,0
3435,Manendragarh,CWC,22,Chhattisgarh,384,KORIYA,MANENDRAGARH,MANENDRAGARH,Manendragarh,Mahanadi,Mahanadi,Hasdeo,-,-,Hasdeo,23.20138889,82.21444444,19-03-2026 08:00,0
3436,Manendragarh,CWC,22,Chhattisgarh,384,KORIYA,MANENDRAGARH,MANENDRAGARH,Manendragarh,Mahanadi,Mahanadi,Hasdeo,-,-,Hasdeo,23.20138889,82.21444444,20-03-2026 08:00,0
3437,Manendragarh,CWC,22,Chhattisgarh,384,KORIYA,MANENDRAGARH,MANENDRAGARH,Manendragarh,Mahanadi,Mahanadi,Hasdeo,-,-,Hasdeo,23.20138889,82.21444444,21-03-2026 08:00,0
3438,Manendragarh,CWC,22,Chhattisgarh,384,KORIYA,MANENDRAGARH,MANENDRAGARH,Manendragarh,Mahanadi,Mahanadi,Hasdeo,-,-,Hasdeo,23.20138889,82.21444444,22-03-2026 08:00,0
3439,Manendragarh,CWC,22,Chhattisgarh,384,KORIYA,MANENDRAGARH,MANENDRAGARH,Manendragarh,Mahanadi,Mahanadi,Hasdeo,-,-,Hasdeo,23.20138889,82.21444444,23-03-2026 08:00,0
3440,Manendragarh,CWC,22,Chhattisgarh,384,KORIYA,MANENDRAGARH,MANENDRAGARH,Manendragarh,Mahanadi,Mahanadi,Hasdeo,-,-,Hasdeo,23.20138889,82.21444444,24-03-2026 08:00,0
3441,Manendragarh,CWC,22,Chhattisgarh,384,KORIYA,MANENDRAGARH,MANENDRAGARH,Manendragarh,Mahanadi,Mahanadi,Hasdeo,-,-,Hasdeo,23.20138889,82.21444444,25-03-2026 08:00,0
3442,Manendragarh,CWC,22,Chhattisgarh,384,KORIYA,MANENDRAGARH,MANENDRAGARH,Manendragarh,Mahanadi,Mahanadi,Hasdeo,-,-,Hasdeo,23.20138889,82.21444444,26-03-2026 08:00,0
3443,Manendragarh,CWC,22,Chhattisgarh,384,KORIYA,MANENDRAGARH,MANENDRAGARH,Manendragarh,Mahanadi,Mahanadi,Hasdeo,-,-,Hasdeo,23.20138889,82.21444444,27-03-2026 08:00,0
3444,Manendragarh,CWC,22,Chhattisgarh,384,KORIYA,MANENDRAGARH,MANENDRAGARH,Manendragarh,Mahanadi,Mahanadi,Hasdeo,-,-,Hasdeo,23.20138889,82.21444444,28-03-2026 08:00,0
3445,Manendragarh,CWC,22,Chhattisgarh,384,KORIYA,MANENDRAGARH,MANENDRAGARH,Manendragarh,Mahanadi,Mahanadi,Hasdeo,-,-,Hasdeo,23.20138889,82.21444444,29-03-2026 08:00,0
3446,Manendragarh,CWC,22,Chhattisgarh,384,KORIYA,MANENDRAGARH,MANENDRAGARH,Manendragarh,Mahanadi,Mahanadi,Hasdeo,-,-,Hasdeo,23.20138889,82.21444444,30-03-2026 08:00,0
3447,Manendragarh,CWC,22,Chhattisgarh,384,KORIYA,MANENDRAGARH,MANENDRAGARH,Manendragarh,Mahanadi,Mahanadi,Hasdeo,-,-,Hasdeo,23.20138889,82.21444444,31-03-2026 08:00,0
3448,Manendragarh,CWC,22,Chhattisgarh,384,KORIYA,MANENDRAGARH,MANENDRAGARH,Manendragarh,Mahanadi,Mahanadi,Hasdeo,-,-,Hasdeo,23.20138889,82.21444444,01-04-2026 08:00,0
3449,Manendragarh,CWC,22,Chhattisgarh,384,KORIYA,MANENDRAGARH,MANENDRAGARH,Manendragarh,Mahanadi,Mahanadi,Hasdeo,-,-,Hasdeo,23.20138889,82.21444444,02-04-2026 08:00,0
3450,Manendragarh,CWC,22,Chhattisgarh,384,KORIYA,MANENDRAGARH,MANENDRAGARH,Manendragarh,Mahanadi,Mahanadi,Hasdeo,-,-,Hasdeo,23.20138889,82.21444444,03-04-2026 08:00,0
3451,Manendragarh,CWC,22,Chhattisgarh,384,KORIYA,MANENDRAGARH,MANENDRAGARH,Manendragarh,Mahanadi,Mahanadi,Hasdeo,-,-,Hasdeo,23.20138889,82.21444444,04-04-2026 08:00,0
3452,Manendragarh,CWC,22,Chhattisgarh,384,KORIYA,MANENDRAGARH,MANENDRAGARH,Manendragarh,Mahanadi,Mahanadi,Hasdeo,-,-,Hasdeo,23.20138889,82.21444444,05-04-2026 08:00,0
3453,Manendragarh,CWC,22,Chhattisgarh,384,KORIYA,MANENDRAGARH,MANENDRAGARH,Manendragarh,Mahanadi,Mahanadi,Hasdeo,-,-,Hasdeo,23.20138889,82.21444444,06-04-2026 08:00,0
3454,Manendragarh,CWC,22,Chhattisgarh,384,KORIYA,MANENDRAGARH,MANENDRAGARH,Manendragarh,Mahanadi,Mahanadi,Hasdeo,-,-,Hasdeo,23.20138889,82.21444444,07-04-2026 08:00,0
3455,Manendragarh,CWC,22,Chhattisgarh,384,KORIYA,MANENDRAGARH,MANENDRAGARH,Manendragarh,Mahanadi,Mahanadi,Hasdeo,-,-,Hasdeo,23.20138889,82.21444444,08-04-2026 08:00,0
3456,Manendragarh,CWC,22,Chhattisgarh,384,KORIYA,MANENDRAGARH,MANENDRAGARH,Manendragarh,Mahanadi,Mahanadi,Hasdeo,-,-,Hasdeo,23.20138889,82.21444444,09-04-2026 08:00,0
3457,Manendragarh,CWC,22,Chhattisgarh,384,KORIYA,MANENDRAGARH,MANENDRAGARH,Manendragarh,Mahanadi,Mahanadi,Hasdeo,-,-,Hasdeo,23.20138889,82.21444444,10-04-2026 08:00,0
3458,Manendragarh,CWC,22,Chhattisgarh,384,KORIYA,MANENDRAGARH,MANENDRAGARH,Manendragarh,Mahanadi,Mahanadi,Hasdeo,-,-,Hasdeo,23.20138889,82.21444444,11-04-2026 08:00,0
3459,Manendragarh,CWC,22,Chhattisgarh,384,KORIYA,MANENDRAGARH,MANENDRAGARH,Manendragarh,Mahanadi,Mahanadi,Hasdeo,-,-,Hasdeo,23.20138889,82.21444444,12-04-2026 08:00,0
3460,Manendragarh,CWC,22,Chhattisgarh,384,KORIYA,MANENDRAGARH,MANENDRAGARH,Manendragarh,Mahanadi,Mahanadi,Hasdeo,-,-,Hasdeo,23.20138889,82.21444444,13-04-2026 08:00,0
3461,Manendragarh,CWC,22,Chhattisgarh,384,KORIYA,MANENDRAGARH,MANENDRAGARH,Manendragarh,Mahanadi,Mahanadi,Hasdeo,-,-,Hasdeo,23.20138889,82.21444444,14-04-2026 08:00,0
3462,Manendragarh,CWC,22,Chhattisgarh,384,KORIYA,MANENDRAGARH,MANENDRAGARH,Manendragarh,Mahanadi,Mahanadi,Hasdeo,-,-,Hasdeo,23.20138889,82.21444444,15-04-2026 08:00,0
3463,Manendragarh,CWC,22,Chhattisgarh,384,KORIYA,MANENDRAGARH,MANENDRAGARH,Manendragarh,Mahanadi,Mahanadi,Hasdeo,-,-,Hasdeo,23.20138889,82.21444444,16-04-2026 08:00,0
3464,Manendragarh,CWC,22,Chhattisgarh,384,KORIYA,MANENDRAGARH,MANENDRAGARH,Manendragarh,Mahanadi,Mahanadi,Hasdeo,-,-,Hasdeo,23.20138889,82.21444444,17-04-2026 08:00,0
3465,Manendragarh,CWC,22,Chhattisgarh,384,KORIYA,MANENDRAGARH,MANENDRAGARH,Manendragarh,Mahanadi,Mahanadi,Hasdeo,-,-,Hasdeo,23.20138889,82.21444444,18-04-2026 08:00,0
3466,Manendragarh,CWC,22,Chhattisgarh,384,KORIYA,MANENDRAGARH,MANENDRAGARH,Manendragarh,Mahanadi,Mahanadi,Hasdeo,-,-,Hasdeo,23.20138889,82.21444444,19-04-2026 08:00,0
3467,Manendragarh,CWC,22,Chhattisgarh,384,KORIYA,MANENDRAGARH,MANENDRAGARH,Manendragarh,Mahanadi,Mahanadi,Hasdeo,-,-,Hasdeo,23.20138889,82.21444444,20-04-2026 08:00,0
3468,Manendragarh,CWC,22,Chhattisgarh,384,KORIYA,MANENDRAGARH,MANENDRAGARH,Manendragarh,Mahanadi,Mahanadi,Hasdeo,-,-,Hasdeo,23.20138889,82.21444444,21-04-2026 08:00,0
3469,Manendragarh,CWC,22,Chhattisgarh,384,KORIYA,MANENDRAGARH,MANENDRAGARH,Manendragarh,Mahanadi,Mahanadi,Hasdeo,-,-,Hasdeo,23.20138889,82.21444444,22-04-2026 08:00,0
3470,Manendragarh,CWC,22,Chhattisgarh,384,KORIYA,MANENDRAGARH,MANENDRAGARH,Manendragarh,Mahanadi,Mahanadi,Hasdeo,-,-,Hasdeo,23.20138889,82.21444444,23-04-2026 08:00,0
3471,Manendragarh,CWC,22,Chhattisgarh,384,KORIYA,MANENDRAGARH,MANENDRAGARH,Manendragarh,Mahanadi,Mahanadi,Hasdeo,-,-,Hasdeo,23.20138889,82.21444444,24-04-2026 08:00,0
3472,Manendragarh,CWC,22,Chhattisgarh,384,KORIYA,MANENDRAGARH,MANENDRAGARH,Manendragarh,Mahanadi,Mahanadi,Hasdeo,-,-,Hasdeo,23.20138889,82.21444444,25-04-2026 08:00,0
3473,Manendragarh,CWC,22,Chhattisgarh,384,KORIYA,MANENDRAGARH,MANENDRAGARH,Manendragarh,Mahanadi,Mahanadi,Hasdeo,-,-,Hasdeo,23.20138889,82.21444444,26-04-2026 08:00,0
3474,Manendragarh,CWC,22,Chhattisgarh,384,KORIYA,MANENDRAGARH,MANENDRAGARH,Manendragarh,Mahanadi,Mahanadi,Hasdeo,-,-,Hasdeo,23.20138889,82.21444444,27-04-2026 08:00,0
3475,Manendragarh,CWC,22,Chhattisgarh,384,KORIYA,MANENDRAGARH,MANENDRAGARH,Manendragarh,Mahanadi,Mahanadi,Hasdeo,-,-,Hasdeo,23.20138889,82.21444444,28-04-2026 08:00,0
3476,Manendragarh,CWC,22,Chhattisgarh,384,KORIYA,MANENDRAGARH,MANENDRAGARH,Manendragarh,Mahanadi,Mahanadi,Hasdeo,-,-,Hasdeo,23.20138889,82.21444444,29-04-2026 08:00,0
3477,Manendragarh,CWC,22,Chhattisgarh,384,KORIYA,MANENDRAGARH,MANENDRAGARH,Manendragarh,Mahanadi,Mahanadi,Hasdeo,-,-,Hasdeo,23.20138889,82.21444444,30-04-2026 08:00,0
3478,Manendragarh,CWC,22,Chhattisgarh,384,KORIYA,MANENDRAGARH,MANENDRAGARH,Manendragarh,Mahanadi,Mahanadi,Hasdeo,-,-,Hasdeo,23.20138889,82.21444444,01-05-2026 08:00,0
3479,Manendragarh,CWC,22,Chhattisgarh,384,KORIYA,MANENDRAGARH,MANENDRAGARH,Manendragarh,Mahanadi,Mahanadi,Hasdeo,-,-,Hasdeo,23.20138889,82.21444444,02-05-2026 08:00,0
3480,Manendragarh,CWC,22,Chhattisgarh,384,KORIYA,MANENDRAGARH,MANENDRAGARH,Manendragarh,Mahanadi,Mahanadi,Hasdeo,-,-,Hasdeo,23.20138889,82.21444444,03-05-2026 08:00,0
3481,Manendragarh,CWC,22,Chhattisgarh,384,KORIYA,MANENDRAGARH,MANENDRAGARH,Manendragarh,Mahanadi,Mahanadi,Hasdeo,-,-,Hasdeo,23.20138889,82.21444444,04-05-2026 08:00,0
3482,Manendragarh,CWC,22,Chhattisgarh,384,KORIYA,MANENDRAGARH,MANENDRAGARH,Manendragarh,Mahanadi,Mahanadi,Hasdeo,-,-,Hasdeo,23.20138889,82.21444444,05-05-2026 08:00,0
3483,Manendragarh,CWC,22,Chhattisgarh,384,KORIYA,MANENDRAGARH,MANENDRAGARH,Manendragarh,Mahanadi,Mahanadi,Hasdeo,-,-,Hasdeo,23.20138889,82.21444444,06-05-2026 08:00,0
3484,Manendragarh,CWC,22,Chhattisgarh,384,KORIYA,MANENDRAGARH,MANENDRAGARH,Manendragarh,Mahanadi,Mahanadi,Hasdeo,-,-,Hasdeo,23.20138889,82.21444444,07-05-2026 08:00,0
3485,Manendragarh,CWC,22,Chhattisgarh,384,KORIYA,MANENDRAGARH,MANENDRAGARH,Manendragarh,Mahanadi,Mahanadi,Hasdeo,-,-,Hasdeo,23.20138889,82.21444444,08-05-2026 08:00,0
3486,Manendragarh,CWC,22,Chhattisgarh,384,KORIYA,MANENDRAGARH,MANENDRAGARH,Manendragarh,Mahanadi,Mahanadi,Hasdeo,-,-,Hasdeo,23.20138889,82.21444444,09-05-2026 08:00,0
3487,Manendragarh,CWC,22,Chhattisgarh,384,KORIYA,MANENDRAGARH,MANENDRAGARH,Manendragarh,Mahanadi,Mahanadi,Hasdeo,-,-,Hasdeo,23.20138889,82.21444444,10-05-2026 08:00,0
3488,Manendragarh,CWC,22,Chhattisgarh,384,KORIYA,MANENDRAGARH,MANENDRAGARH,Manendragarh,Mahanadi,Mahanadi,Hasdeo,-,-,Hasdeo,23.20138889,82.21444444,11-05-2026 08:00,0
3489,Manendragarh,CWC,22,Chhattisgarh,384,KORIYA,MANENDRAGARH,MANENDRAGARH,Manendragarh,Mahanadi,Mahanadi,Hasdeo,-,-,Hasdeo,23.20138889,82.21444444,12-05-2026 08:00,0
3490,Manendragarh,CWC,22,Chhattisgarh,384,KORIYA,MANENDRAGARH,MANENDRAGARH,Manendragarh,Mahanadi,Mahanadi,Hasdeo,-,-,Hasdeo,23.20138889,82.21444444,13-05-2026 08:00,0
3491,Manendragarh,CWC,22,Chhattisgarh,384,KORIYA,MANENDRAGARH,MANENDRAGARH,Manendragarh,Mahanadi,Mahanadi,Hasdeo,-,-,Hasdeo,23.20138889,82.21444444,14-05-2026 08:00,0
3492,Manendragarh,CWC,22,Chhattisgarh,384,KORIYA,MANENDRAGARH,MANENDRAGARH,Manendragarh,Mahanadi,Mahanadi,Hasdeo,-,-,Hasdeo,23.20138889,82.21444444,15-05-2026 08:00,0
3493,Manendragarh,CWC,22,Chhattisgarh,384,KORIYA,MANENDRAGARH,MANENDRAGARH,Manendragarh,Mahanadi,Mahanadi,Hasdeo,-,-,Hasdeo,23.20138889,82.21444444,16-05-2026 08:00,0
3494,Manendragarh,CWC,22,Chhattisgarh,384,KORIYA,MANENDRAGARH,MANENDRAGARH,Manendragarh,Mahanadi,Mahanadi,Hasdeo,-,-,Hasdeo,23.20138889,82.21444444,17-05-2026 08:00,0
3495,Manendragarh,CWC,22,Chhattisgarh,384,KORIYA,MANENDRAGARH,MANENDRAGARH,Manendragarh,Mahanadi,Mahanadi,Hasdeo,-,-,Hasdeo,23.20138889,82.21444444,18-05-2026 08:00,0
3496,Manendragarh,CWC,22,Chhattisgarh,384,KORIYA,MANENDRAGARH,MANENDRAGARH,Manendragarh,Mahanadi,Mahanadi,Hasdeo,-,-,Hasdeo,23.20138889,82.21444444,19-05-2026 08:00,0
3497,Manendragarh,CWC,22,Chhattisgarh,384,KORIYA,MANENDRAGARH,MANENDRAGARH,Manendragarh,Mahanadi,Mahanadi,Hasdeo,-,-,Hasdeo,23.20138889,82.21444444,20-05-2026 08:00,0
3498,Manendragarh,CWC,22,Chhattisgarh,384,KORIYA,MANENDRAGARH,MANENDRAGARH,Manendragarh,Mahanadi,Mahanadi,Hasdeo,-,-,Hasdeo,23.20138889,82.21444444,21-05-2026 08:00,0
3499,Manendragarh,CWC,22,Chhattisgarh,384,KORIYA,MANENDRAGARH,MANENDRAGARH,Manendragarh,Mahanadi,Mahanadi,Hasdeo,-,-,Hasdeo,23.20138889,82.21444444,22-05-2026 08:00,0
3500,Manendragarh,CWC,22,Chhattisgarh,384,KORIYA,MANENDRAGARH,MANENDRAGARH,Manendragarh,Mahanadi,Mahanadi,Hasdeo,-,-,Hasdeo,23.20138889,82.21444444,23-05-2026 08:00,0
3501,Manendragarh,CWC,22,Chhattisgarh,384,KORIYA,MANENDRAGARH,MANENDRAGARH,Manendragarh,Mahanadi,Mahanadi,Hasdeo,-,-,Hasdeo,23.20138889,82.21444444,24-05-2026 08:00,0
3502,Manendragarh,CWC,22,Chhattisgarh,384,KORIYA,MANENDRAGARH,MANENDRAGARH,Manendragarh,Mahanadi,Mahanadi,Hasdeo,-,-,Hasdeo,23.20138889,82.21444444,25-05-2026 08:00,0
3503,Manendragarh,CWC,22,Chhattisgarh,384,KORIYA,MANENDRAGARH,MANENDRAGARH,Manendragarh,Mahanadi,Mahanadi,Hasdeo,-,-,Hasdeo,23.20138889,82.21444444,26-05-2026 08:00,0
3504,Manendragarh,CWC,22,Chhattisgarh,384,KORIYA,MANENDRAGARH,MANENDRAGARH,Manendragarh,Mahanadi,Mahanadi,Hasdeo,-,-,Hasdeo,23.20138889,82.21444444,27-05-2026 08:00,0
3505,Manendragarh,CWC,22,Chhattisgarh,384,KORIYA,MANENDRAGARH,MANENDRAGARH,Manendragarh,Mahanadi,Mahanadi,Hasdeo,-,-,Hasdeo,23.20138889,82.21444444,28-05-2026 08:00,0
3506,Manendragarh,CWC,22,Chhattisgarh,384,KORIYA,MANENDRAGARH,MANENDRAGARH,Manendragarh,Mahanadi,Mahanadi,Hasdeo,-,-,Hasdeo,23.20138889,82.21444444,29-05-2026 08:00,0
3507,Manendragarh,CWC,22,Chhattisgarh,384,KORIYA,MANENDRAGARH,MANENDRAGARH,Manendragarh,Mahanadi,Mahanadi,Hasdeo,-,-,Hasdeo,23.20138889,82.21444444,30-05-2026 08:00,0
3508,Manendragarh,CWC,22,Chhattisgarh,384,KORIYA,MANENDRAGARH,MANENDRAGARH,Manendragarh,Mahanadi,Mahanadi,Hasdeo,-,-,Hasdeo,23.20138889,82.21444444,31-05-2026 08:00,0
3509,Manendragarh,CWC,22,Chhattisgarh,384,KORIYA,MANENDRAGARH,MANENDRAGARH,Manendragarh,Mahanadi,Mahanadi,Hasdeo,-,-,Hasdeo,23.20138889,82.21444444,01-06-2026 08:00,0
3510,Manendragarh,CWC,22,Chhattisgarh,384,KORIYA,MANENDRAGARH,MANENDRAGARH,Manendragarh,Mahanadi,Mahanadi,Hasdeo,-,-,Hasdeo,23.20138889,82.21444444,02-06-2026 08:00,0
3511,Manendragarh,CWC,22,Chhattisgarh,384,KORIYA,MANENDRAGARH,MANENDRAGARH,Manendragarh,Mahanadi,Mahanadi,Hasdeo,-,-,Hasdeo,23.20138889,82.21444444,03-06-2026 08:00,0
3512,Manendragarh,CWC,22,Chhattisgarh,384,KORIYA,MANENDRAGARH,MANENDRAGARH,Manendragarh,Mahanadi,Mahanadi,Hasdeo,-,-,Hasdeo,23.20138889,82.21444444,04-06-2026 08:00,0
3513,Manendragarh,CWC,22,Chhattisgarh,384,KORIYA,MANENDRAGARH,MANENDRAGARH,Manendragarh,Mahanadi,Mahanadi,Hasdeo,-,-,Hasdeo,23.20138889,82.21444444,05-06-2026 08:00,0
3514,Manendragarh,CWC,22,Chhattisgarh,384,KORIYA,MANENDRAGARH,MANENDRAGARH,Manendragarh,Mahanadi,Mahanadi,Hasdeo,-,-,Hasdeo,23.20138889,82.21444444,06-06-2026 08:00,0
3515,Manendragarh,CWC,22,Chhattisgarh,384,KORIYA,MANENDRAGARH,MANENDRAGARH,Manendragarh,Mahanadi,Mahanadi,Hasdeo,-,-,Hasdeo,23.20138889,82.21444444,07-06-2026 08:00,0
3516,Manendragarh,CWC,22,Chhattisgarh,384,KORIYA,MANENDRAGARH,MANENDRAGARH,Manendragarh,Mahanadi,Mahanadi,Hasdeo,-,-,Hasdeo,23.20138889,82.21444444,08-06-2026 08:00,0
3517,Manendragarh,CWC,22,Chhattisgarh,384,KORIYA,MANENDRAGARH,MANENDRAGARH,Manendragarh,Mahanadi,Mahanadi,Hasdeo,-,-,Hasdeo,23.20138889,82.21444444,09-06-2026 08:00,0
3518,Manendragarh,CWC,22,Chhattisgarh,384,KORIYA,MANENDRAGARH,MANENDRAGARH,Manendragarh,Mahanadi,Mahanadi,Hasdeo,-,-,Hasdeo,23.20138889,82.21444444,10-06-2026 08:00,0
3519,Manendragarh,CWC,22,Chhattisgarh,384,KORIYA,MANENDRAGARH,MANENDRAGARH,Manendragarh,Mahanadi,Mahanadi,Hasdeo,-,-,Hasdeo,23.20138889,82.21444444,11-06-2026 08:00,0
3520,Manendragarh,CWC,22,Chhattisgarh,384,KORIYA,MANENDRAGARH,MANENDRAGARH,Manendragarh,Mahanadi,Mahanadi,Hasdeo,-,-,Hasdeo,23.20138889,82.21444444,12-06-2026 08:00,0
3521,Manendragarh,CWC,22,Chhattisgarh,384,KORIYA,MANENDRAGARH,MANENDRAGARH,Manendragarh,Mahanadi,Mahanadi,Hasdeo,-,-,Hasdeo,23.20138889,82.21444444,13-06-2026 08:00,0
3522,Manendragarh,CWC,22,Chhattisgarh,384,KORIYA,MANENDRAGARH,MANENDRAGARH,Manendragarh,Mahanadi,Mahanadi,Hasdeo,-,-,Hasdeo,23.20138889,82.21444444,14-06-2026 08:00,0
3523,Manendragarh,CWC,22,Chhattisgarh,384,KORIYA,MANENDRAGARH,MANENDRAGARH,Manendragarh,Mahanadi,Mahanadi,Hasdeo,-,-,Hasdeo,23.20138889,82.21444444,15-06-2026 08:00,0
3524,Manendragarh,CWC,22,Chhattisgarh,384,KORIYA,MANENDRAGARH,MANENDRAGARH,Manendragarh,Mahanadi,Mahanadi,Hasdeo,-,-,Hasdeo,23.20138889,82.21444444,16-06-2026 08:00,0
3525,Manendragarh,CWC,22,Chhattisgarh,384,KORIYA,MANENDRAGARH,MANENDRAGARH,Manendragarh,Mahanadi,Mahanadi,Hasdeo,-,-,Hasdeo,23.20138889,82.21444444,17-06-2026 08:00,0
3526,Manendragarh,CWC,22,Chhattisgarh,384,KORIYA,MANENDRAGARH,MANENDRAGARH,Manendragarh,Mahanadi,Mahanadi,Hasdeo,-,-,Hasdeo,23.20138889,82.21444444,18-06-2026 08:00,0
3527,Manendragarh,CWC,22,Chhattisgarh,384,KORIYA,MANENDRAGARH,MANENDRAGARH,Manendragarh,Mahanadi,Mahanadi,Hasdeo,-,-,Hasdeo,23.20138889,82.21444444,19-06-2026 08:00,0
3528,Manendragarh,CWC,22,Chhattisgarh,384,KORIYA,MANENDRAGARH,MANENDRAGARH,Manendragarh,Mahanadi,Mahanadi,Hasdeo,-,-,Hasdeo,23.20138889,82.21444444,20-06-2026 08:00,0
3529,Manendragarh,CWC,22,Chhattisgarh,384,KORIYA,MANENDRAGARH,MANENDRAGARH,Manendragarh,Mahanadi,Mahanadi,Hasdeo,-,-,Hasdeo,23.20138889,82.21444444,21-06-2026 08:00,0
3530,Manendragarh,CWC,22,Chhattisgarh,384,KORIYA,MANENDRAGARH,MANENDRAGARH,Manendragarh,Mahanadi,Mahanadi,Hasdeo,-,-,Hasdeo,23.20138889,82.21444444,22-06-2026 08:00,0
3531,Manendragarh,CWC,22,Chhattisgarh,384,KORIYA,MANENDRAGARH,MANENDRAGARH,Manendragarh,Mahanadi,Mahanadi,Hasdeo,-,-,Hasdeo,23.20138889,82.21444444,23-06-2026 08:00,0
3532,Manendragarh,CWC,22,Chhattisgarh,384,KORIYA,MANENDRAGARH,MANENDRAGARH,Manendragarh,Mahanadi,Mahanadi,Hasdeo,-,-,Hasdeo,23.20138889,82.21444444,24-06-2026 08:00,0
3533,Manendragarh,CWC,22,Chhattisgarh,384,KORIYA,MANENDRAGARH,MANENDRAGARH,Manendragarh,Mahanadi,Mahanadi,Hasdeo,-,-,Hasdeo,23.20138889,82.21444444,25-06-2026 08:00,0
3534,Manendragarh,CWC,22,Chhattisgarh,384,KORIYA,MANENDRAGARH,MANENDRAGARH,Manendragarh,Mahanadi,Mahanadi,Hasdeo,-,-,Hasdeo,23.20138889,82.21444444,26-06-2026 08:00,0
3535,Manendragarh,CWC,22,Chhattisgarh,384,KORIYA,MANENDRAGARH,MANENDRAGARH,Manendragarh,Mahanadi,Mahanadi,Hasdeo,-,-,Hasdeo,23.20138889,82.21444444,27-06-2026 08:00,0
3536,Manendragarh,CWC,22,Chhattisgarh,384,KORIYA,MANENDRAGARH,MANENDRAGARH,Manendragarh,Mahanadi,Mahanadi,Hasdeo,-,-,Hasdeo,23.20138889,82.21444444,28-06-2026 08:00,0
3537,Manendragarh,CWC,22,Chhattisgarh,384,KORIYA,MANENDRAGARH,MANENDRAGARH,Manendragarh,Mahanadi,Mahanadi,Hasdeo,-,-,Hasdeo,23.20138889,82.21444444,29-06-2026 08:00,0
3538,Manendragarh,CWC,22,Chhattisgarh,384,KORIYA,MANENDRAGARH,MANENDRAGARH,Manendragarh,Mahanadi,Mahanadi,Hasdeo,-,-,Hasdeo,23.20138889,82.21444444,30-06-2026 08:00,0
3539,Odinaguda_1,CWC,22,Chhattisgarh,642,SUKMA,SUKMA,-,-,Godavari,Godavari,Sabari,-,-,Sabari,18.05722222,81.47944444,01-02-2026 08:00,120
3540,Odinaguda_1,CWC,22,Chhattisgarh,642,SUKMA,SUKMA,-,-,Godavari,Godavari,Sabari,-,-,Sabari,18.05722222,81.47944444,02-02-2026 08:00,90
3541,Odinaguda_1,CWC,22,Chhattisgarh,642,SUKMA,SUKMA,-,-,Godavari,Godavari,Sabari,-,-,Sabari,18.05722222,81.47944444,03-02-2026 08:00,140
3542,Odinaguda_1,CWC,22,Chhattisgarh,642,SUKMA,SUKMA,-,-,Godavari,Godavari,Sabari,-,-,Sabari,18.05722222,81.47944444,04-02-2026 08:00,140
3543,Odinaguda_1,CWC,22,Chhattisgarh,642,SUKMA,SUKMA,-,-,Godavari,Godavari,Sabari,-,-,Sabari,18.05722222,81.47944444,05-02-2026 08:00,175
3544,Odinaguda_1,CWC,22,Chhattisgarh,642,SUKMA,SUKMA,-,-,Godavari,Godavari,Sabari,-,-,Sabari,18.05722222,81.47944444,06-02-2026 08:00,140
3545,Odinaguda_1,CWC,22,Chhattisgarh,642,SUKMA,SUKMA,-,-,Godavari,Godavari,Sabari,-,-,Sabari,18.05722222,81.47944444,07-02-2026 08:00,175
3546,Odinaguda_1,CWC,22,Chhattisgarh,642,SUKMA,SUKMA,-,-,Godavari,Godavari,Sabari,-,-,Sabari,18.05722222,81.47944444,08-02-2026 08:00,140
3547,Odinaguda_1,CWC,22,Chhattisgarh,642,SUKMA,SUKMA,-,-,Godavari,Godavari,Sabari,-,-,Sabari,18.05722222,81.47944444,09-02-2026 08:00,120
3548,Odinaguda_1,CWC,22,Chhattisgarh,642,SUKMA,SUKMA,-,-,Godavari,Godavari,Sabari,-,-,Sabari,18.05722222,81.47944444,10-02-2026 08:00,180
3549,Odinaguda_1,CWC,22,Chhattisgarh,642,SUKMA,SUKMA,-,-,Godavari,Godavari,Sabari,-,-,Sabari,18.05722222,81.47944444,11-02-2026 08:00,140
3550,Odinaguda_1,CWC,22,Chhattisgarh,642,SUKMA,SUKMA,-,-,Godavari,Godavari,Sabari,-,-,Sabari,18.05722222,81.47944444,12-02-2026 08:00,90
3551,Odinaguda_1,CWC,22,Chhattisgarh,642,SUKMA,SUKMA,-,-,Godavari,Godavari,Sabari,-,-,Sabari,18.05722222,81.47944444,13-02-2026 08:00,90
3552,Odinaguda_1,CWC,22,Chhattisgarh,642,SUKMA,SUKMA,-,-,Godavari,Godavari,Sabari,-,-,Sabari,18.05722222,81.47944444,14-02-2026 08:00,90
3553,Odinaguda_1,CWC,22,Chhattisgarh,642,SUKMA,SUKMA,-,-,Godavari,Godavari,Sabari,-,-,Sabari,18.05722222,81.47944444,15-02-2026 08:00,80
3554,Odinaguda_1,CWC,22,Chhattisgarh,642,SUKMA,SUKMA,-,-,Godavari,Godavari,Sabari,-,-,Sabari,18.05722222,81.47944444,16-02-2026 08:00,120
3555,Odinaguda_1,CWC,22,Chhattisgarh,642,SUKMA,SUKMA,-,-,Godavari,Godavari,Sabari,-,-,Sabari,18.05722222,81.47944444,17-02-2026 08:00,90
3556,Odinaguda_1,CWC,22,Chhattisgarh,642,SUKMA,SUKMA,-,-,Godavari,Godavari,Sabari,-,-,Sabari,18.05722222,81.47944444,18-02-2026 08:00,62
3557,Odinaguda_1,CWC,22,Chhattisgarh,642,SUKMA,SUKMA,-,-,Godavari,Godavari,Sabari,-,-,Sabari,18.05722222,81.47944444,18-02-2026 08:00,62
3558,Odinaguda_1,CWC,22,Chhattisgarh,642,SUKMA,SUKMA,-,-,Godavari,Godavari,Sabari,-,-,Sabari,18.05722222,81.47944444,19-02-2026 08:00,62.1
3559,Odinaguda_1,CWC,22,Chhattisgarh,642,SUKMA,SUKMA,-,-,Godavari,Godavari,Sabari,-,-,Sabari,18.05722222,81.47944444,19-02-2026 08:00,62.1
3560,Odinaguda_1,CWC,22,Chhattisgarh,642,SUKMA,SUKMA,-,-,Godavari,Godavari,Sabari,-,-,Sabari,18.05722222,81.47944444,20-02-2026 08:00,62
3561,Odinaguda_1,CWC,22,Chhattisgarh,642,SUKMA,SUKMA,-,-,Godavari,Godavari,Sabari,-,-,Sabari,18.05722222,81.47944444,20-02-2026 08:00,62
3562,Odinaguda_1,CWC,22,Chhattisgarh,642,SUKMA,SUKMA,-,-,Godavari,Godavari,Sabari,-,-,Sabari,18.05722222,81.47944444,21-02-2026 08:00,62.11
3563,Odinaguda_1,CWC,22,Chhattisgarh,642,SUKMA,SUKMA,-,-,Godavari,Godavari,Sabari,-,-,Sabari,18.05722222,81.47944444,21-02-2026 08:00,62.11
3564,Odinaguda_1,CWC,22,Chhattisgarh,642,SUKMA,SUKMA,-,-,Godavari,Godavari,Sabari,-,-,Sabari,18.05722222,81.47944444,22-02-2026 08:00,62
3565,Odinaguda_1,CWC,22,Chhattisgarh,642,SUKMA,SUKMA,-,-,Godavari,Godavari,Sabari,-,-,Sabari,18.05722222,81.47944444,22-02-2026 08:00,62
3566,Odinaguda_1,CWC,22,Chhattisgarh,642,SUKMA,SUKMA,-,-,Godavari,Godavari,Sabari,-,-,Sabari,18.05722222,81.47944444,23-02-2026 08:00,62.1
3567,Odinaguda_1,CWC,22,Chhattisgarh,642,SUKMA,SUKMA,-,-,Godavari,Godavari,Sabari,-,-,Sabari,18.05722222,81.47944444,23-02-2026 08:00,62.1
3568,Odinaguda_1,CWC,22,Chhattisgarh,642,SUKMA,SUKMA,-,-,Godavari,Godavari,Sabari,-,-,Sabari,18.05722222,81.47944444,24-02-2026 08:00,61.46
3569,Odinaguda_1,CWC,22,Chhattisgarh,642,SUKMA,SUKMA,-,-,Godavari,Godavari,Sabari,-,-,Sabari,18.05722222,81.47944444,24-02-2026 08:00,61.46
3570,Odinaguda_1,CWC,22,Chhattisgarh,642,SUKMA,SUKMA,-,-,Godavari,Godavari,Sabari,-,-,Sabari,18.05722222,81.47944444,25-02-2026 08:00,62.1
3571,Odinaguda_1,CWC,22,Chhattisgarh,642,SUKMA,SUKMA,-,-,Godavari,Godavari,Sabari,-,-,Sabari,18.05722222,81.47944444,25-02-2026 08:00,62.1
3572,Odinaguda_1,CWC,22,Chhattisgarh,642,SUKMA,SUKMA,-,-,Godavari,Godavari,Sabari,-,-,Sabari,18.05722222,81.47944444,26-02-2026 08:00,62.1
3573,Odinaguda_1,CWC,22,Chhattisgarh,642,SUKMA,SUKMA,-,-,Godavari,Godavari,Sabari,-,-,Sabari,18.05722222,81.47944444,26-02-2026 08:00,62.1
3574,Odinaguda_1,CWC,22,Chhattisgarh,642,SUKMA,SUKMA,-,-,Godavari,Godavari,Sabari,-,-,Sabari,18.05722222,81.47944444,27-02-2026 08:00,61.46
3575,Odinaguda_1,CWC,22,Chhattisgarh,642,SUKMA,SUKMA,-,-,Godavari,Godavari,Sabari,-,-,Sabari,18.05722222,81.47944444,27-02-2026 08:00,61.46
3576,Odinaguda_1,CWC,22,Chhattisgarh,642,SUKMA,SUKMA,-,-,Godavari,Godavari,Sabari,-,-,Sabari,18.05722222,81.47944444,28-02-2026 08:00,61.71
3577,Odinaguda_1,CWC,22,Chhattisgarh,642,SUKMA,SUKMA,-,-,Godavari,Godavari,Sabari,-,-,Sabari,18.05722222,81.47944444,28-02-2026 08:00,61.71
3578,Odinaguda_1,CWC,22,Chhattisgarh,642,SUKMA,SUKMA,-,-,Godavari,Godavari,Sabari,-,-,Sabari,18.05722222,81.47944444,22-03-2026 08:00,0
3579,Odinaguda_1,CWC,22,Chhattisgarh,642,SUKMA,SUKMA,-,-,Godavari,Godavari,Sabari,-,-,Sabari,18.05722222,81.47944444,22-03-2026 08:00,0
3580,Pathagudem,CWC,22,Chhattisgarh,636,BIJAPUR,BIJAPUR,-,-,Godavari,Godavari,Indravathi,-,-,Indravathi,18.81638889,80.35000000,01-01-2026 08:00,150
3581,Pathagudem,CWC,22,Chhattisgarh,636,BIJAPUR,BIJAPUR,-,-,Godavari,Godavari,Indravathi,-,-,Indravathi,18.81638889,80.35000000,02-01-2026 08:00,150
3582,Pathagudem,CWC,22,Chhattisgarh,636,BIJAPUR,BIJAPUR,-,-,Godavari,Godavari,Indravathi,-,-,Indravathi,18.81638889,80.35000000,03-01-2026 08:00,150
3583,Pathagudem,CWC,22,Chhattisgarh,636,BIJAPUR,BIJAPUR,-,-,Godavari,Godavari,Indravathi,-,-,Indravathi,18.81638889,80.35000000,04-01-2026 08:00,150
3584,Pathagudem,CWC,22,Chhattisgarh,636,BIJAPUR,BIJAPUR,-,-,Godavari,Godavari,Indravathi,-,-,Indravathi,18.81638889,80.35000000,05-01-2026 08:00,150
3585,Pathagudem,CWC,22,Chhattisgarh,636,BIJAPUR,BIJAPUR,-,-,Godavari,Godavari,Indravathi,-,-,Indravathi,18.81638889,80.35000000,06-01-2026 08:00,150
3586,Pathagudem,CWC,22,Chhattisgarh,636,BIJAPUR,BIJAPUR,-,-,Godavari,Godavari,Indravathi,-,-,Indravathi,18.81638889,80.35000000,07-01-2026 08:00,150
3587,Pathagudem,CWC,22,Chhattisgarh,636,BIJAPUR,BIJAPUR,-,-,Godavari,Godavari,Indravathi,-,-,Indravathi,18.81638889,80.35000000,08-01-2026 08:00,140
3588,Pathagudem,CWC,22,Chhattisgarh,636,BIJAPUR,BIJAPUR,-,-,Godavari,Godavari,Indravathi,-,-,Indravathi,18.81638889,80.35000000,09-01-2026 08:00,140
3589,Pathagudem,CWC,22,Chhattisgarh,636,BIJAPUR,BIJAPUR,-,-,Godavari,Godavari,Indravathi,-,-,Indravathi,18.81638889,80.35000000,10-01-2026 08:00,140
3590,Pathagudem,CWC,22,Chhattisgarh,636,BIJAPUR,BIJAPUR,-,-,Godavari,Godavari,Indravathi,-,-,Indravathi,18.81638889,80.35000000,11-01-2026 08:00,140
3591,Pathagudem,CWC,22,Chhattisgarh,636,BIJAPUR,BIJAPUR,-,-,Godavari,Godavari,Indravathi,-,-,Indravathi,18.81638889,80.35000000,12-01-2026 08:00,140
3592,Pathagudem,CWC,22,Chhattisgarh,636,BIJAPUR,BIJAPUR,-,-,Godavari,Godavari,Indravathi,-,-,Indravathi,18.81638889,80.35000000,13-01-2026 08:00,140
3593,Pathagudem,CWC,22,Chhattisgarh,636,BIJAPUR,BIJAPUR,-,-,Godavari,Godavari,Indravathi,-,-,Indravathi,18.81638889,80.35000000,14-01-2026 08:00,140
3594,Pathagudem,CWC,22,Chhattisgarh,636,BIJAPUR,BIJAPUR,-,-,Godavari,Godavari,Indravathi,-,-,Indravathi,18.81638889,80.35000000,15-01-2026 08:00,43.493
3595,Pathagudem,CWC,22,Chhattisgarh,636,BIJAPUR,BIJAPUR,-,-,Godavari,Godavari,Indravathi,-,-,Indravathi,18.81638889,80.35000000,16-01-2026 08:00,40.91
3596,Pathagudem,CWC,22,Chhattisgarh,636,BIJAPUR,BIJAPUR,-,-,Godavari,Godavari,Indravathi,-,-,Indravathi,18.81638889,80.35000000,17-01-2026 08:00,39.749
3597,Pathagudem,CWC,22,Chhattisgarh,636,BIJAPUR,BIJAPUR,-,-,Godavari,Godavari,Indravathi,-,-,Indravathi,18.81638889,80.35000000,18-01-2026 08:00,40
3598,Pathagudem,CWC,22,Chhattisgarh,636,BIJAPUR,BIJAPUR,-,-,Godavari,Godavari,Indravathi,-,-,Indravathi,18.81638889,80.35000000,19-01-2026 08:00,41.194
3599,Pathagudem,CWC,22,Chhattisgarh,636,BIJAPUR,BIJAPUR,-,-,Godavari,Godavari,Indravathi,-,-,Indravathi,18.81638889,80.35000000,20-01-2026 08:15,41.114
3600,Pathagudem,CWC,22,Chhattisgarh,636,BIJAPUR,BIJAPUR,-,-,Godavari,Godavari,Indravathi,-,-,Indravathi,18.81638889,80.35000000,21-01-2026 08:15,41.07
3601,Pathagudem,CWC,22,Chhattisgarh,636,BIJAPUR,BIJAPUR,-,-,Godavari,Godavari,Indravathi,-,-,Indravathi,18.81638889,80.35000000,22-01-2026 08:15,39.234
3602,Pathagudem,CWC,22,Chhattisgarh,636,BIJAPUR,BIJAPUR,-,-,Godavari,Godavari,Indravathi,-,-,Indravathi,18.81638889,80.35000000,23-01-2026 08:15,36.61
3603,Pathagudem,CWC,22,Chhattisgarh,636,BIJAPUR,BIJAPUR,-,-,Godavari,Godavari,Indravathi,-,-,Indravathi,18.81638889,80.35000000,24-01-2026 08:15,36.29817
3604,Pathagudem,CWC,22,Chhattisgarh,636,BIJAPUR,BIJAPUR,-,-,Godavari,Godavari,Indravathi,-,-,Indravathi,18.81638889,80.35000000,25-01-2026 08:00,35
3605,Pathagudem,CWC,22,Chhattisgarh,636,BIJAPUR,BIJAPUR,-,-,Godavari,Godavari,Indravathi,-,-,Indravathi,18.81638889,80.35000000,26-01-2026 08:00,35
3606,Pathagudem,CWC,22,Chhattisgarh,636,BIJAPUR,BIJAPUR,-,-,Godavari,Godavari,Indravathi,-,-,Indravathi,18.81638889,80.35000000,27-01-2026 08:15,36.265
3607,Pathagudem,CWC,22,Chhattisgarh,636,BIJAPUR,BIJAPUR,-,-,Godavari,Godavari,Indravathi,-,-,Indravathi,18.81638889,80.35000000,28-01-2026 08:15,35.61
3608,Pathagudem,CWC,22,Chhattisgarh,636,BIJAPUR,BIJAPUR,-,-,Godavari,Godavari,Indravathi,-,-,Indravathi,18.81638889,80.35000000,29-01-2026 08:15,41.113583
3609,Pathagudem,CWC,22,Chhattisgarh,636,BIJAPUR,BIJAPUR,-,-,Godavari,Godavari,Indravathi,-,-,Indravathi,18.81638889,80.35000000,30-01-2026 08:15,34.845
3610,Pathagudem,CWC,22,Chhattisgarh,636,BIJAPUR,BIJAPUR,-,-,Godavari,Godavari,Indravathi,-,-,Indravathi,18.81638889,80.35000000,31-01-2026 08:15,34.08
3611,Pathagudem,CWC,22,Chhattisgarh,636,BIJAPUR,BIJAPUR,-,-,Godavari,Godavari,Indravathi,-,-,Indravathi,18.81638889,80.35000000,01-02-2026 08:00,35
3612,Pathagudem,CWC,22,Chhattisgarh,636,BIJAPUR,BIJAPUR,-,-,Godavari,Godavari,Indravathi,-,-,Indravathi,18.81638889,80.35000000,02-02-2026 08:15,32.371
3613,Pathagudem,CWC,22,Chhattisgarh,636,BIJAPUR,BIJAPUR,-,-,Godavari,Godavari,Indravathi,-,-,Indravathi,18.81638889,80.35000000,03-02-2026 08:15,32.097
3614,Pathagudem,CWC,22,Chhattisgarh,636,BIJAPUR,BIJAPUR,-,-,Godavari,Godavari,Indravathi,-,-,Indravathi,18.81638889,80.35000000,04-02-2026 08:15,31.62
3615,Pathagudem,CWC,22,Chhattisgarh,636,BIJAPUR,BIJAPUR,-,-,Godavari,Godavari,Indravathi,-,-,Indravathi,18.81638889,80.35000000,05-02-2026 08:15,30.046
3616,Pathagudem,CWC,22,Chhattisgarh,636,BIJAPUR,BIJAPUR,-,-,Godavari,Godavari,Indravathi,-,-,Indravathi,18.81638889,80.35000000,06-02-2026 08:00,29.446
3617,Pathagudem,CWC,22,Chhattisgarh,636,BIJAPUR,BIJAPUR,-,-,Godavari,Godavari,Indravathi,-,-,Indravathi,18.81638889,80.35000000,07-02-2026 08:15,28.996
3618,Pathagudem,CWC,22,Chhattisgarh,636,BIJAPUR,BIJAPUR,-,-,Godavari,Godavari,Indravathi,-,-,Indravathi,18.81638889,80.35000000,08-02-2026 08:00,29
3619,Pathagudem,CWC,22,Chhattisgarh,636,BIJAPUR,BIJAPUR,-,-,Godavari,Godavari,Indravathi,-,-,Indravathi,18.81638889,80.35000000,09-02-2026 08:15,27.535
3620,Pathagudem,CWC,22,Chhattisgarh,636,BIJAPUR,BIJAPUR,-,-,Godavari,Godavari,Indravathi,-,-,Indravathi,18.81638889,80.35000000,10-02-2026 08:15,26.739
3621,Pathagudem,CWC,22,Chhattisgarh,636,BIJAPUR,BIJAPUR,-,-,Godavari,Godavari,Indravathi,-,-,Indravathi,18.81638889,80.35000000,11-02-2026 08:15,26.07
3622,Pathagudem,CWC,22,Chhattisgarh,636,BIJAPUR,BIJAPUR,-,-,Godavari,Godavari,Indravathi,-,-,Indravathi,18.81638889,80.35000000,12-02-2026 08:15,24.981
3623,Pathagudem,CWC,22,Chhattisgarh,636,BIJAPUR,BIJAPUR,-,-,Godavari,Godavari,Indravathi,-,-,Indravathi,18.81638889,80.35000000,13-02-2026 08:15,24.43
3624,Pathagudem,CWC,22,Chhattisgarh,636,BIJAPUR,BIJAPUR,-,-,Godavari,Godavari,Indravathi,-,-,Indravathi,18.81638889,80.35000000,14-02-2026 08:00,24
3625,Pathagudem,CWC,22,Chhattisgarh,636,BIJAPUR,BIJAPUR,-,-,Godavari,Godavari,Indravathi,-,-,Indravathi,18.81638889,80.35000000,15-02-2026 08:00,24
3626,Pathagudem,CWC,22,Chhattisgarh,636,BIJAPUR,BIJAPUR,-,-,Godavari,Godavari,Indravathi,-,-,Indravathi,18.81638889,80.35000000,16-02-2026 08:15,23.016626
3627,Pathagudem,CWC,22,Chhattisgarh,636,BIJAPUR,BIJAPUR,-,-,Godavari,Godavari,Indravathi,-,-,Indravathi,18.81638889,80.35000000,17-02-2026 08:00,22.543
3628,Pathagudem,CWC,22,Chhattisgarh,636,BIJAPUR,BIJAPUR,-,-,Godavari,Godavari,Indravathi,-,-,Indravathi,18.81638889,80.35000000,18-02-2026 08:15,22.13
3629,Pathagudem,CWC,22,Chhattisgarh,636,BIJAPUR,BIJAPUR,-,-,Godavari,Godavari,Indravathi,-,-,Indravathi,18.81638889,80.35000000,19-02-2026 08:15,21.938
3630,Pathagudem,CWC,22,Chhattisgarh,636,BIJAPUR,BIJAPUR,-,-,Godavari,Godavari,Indravathi,-,-,Indravathi,18.81638889,80.35000000,20-02-2026 08:15,21.327
3631,Pathagudem,CWC,22,Chhattisgarh,636,BIJAPUR,BIJAPUR,-,-,Godavari,Godavari,Indravathi,-,-,Indravathi,18.81638889,80.35000000,21-02-2026 08:15,21.057
3632,Pathagudem,CWC,22,Chhattisgarh,636,BIJAPUR,BIJAPUR,-,-,Godavari,Godavari,Indravathi,-,-,Indravathi,18.81638889,80.35000000,22-02-2026 08:00,21
3633,Pathagudem,CWC,22,Chhattisgarh,636,BIJAPUR,BIJAPUR,-,-,Godavari,Godavari,Indravathi,-,-,Indravathi,18.81638889,80.35000000,23-02-2026 08:15,19.195
3634,Pathagudem,CWC,22,Chhattisgarh,636,BIJAPUR,BIJAPUR,-,-,Godavari,Godavari,Indravathi,-,-,Indravathi,18.81638889,80.35000000,24-02-2026 08:15,18.628
3635,Pathagudem,CWC,22,Chhattisgarh,636,BIJAPUR,BIJAPUR,-,-,Godavari,Godavari,Indravathi,-,-,Indravathi,18.81638889,80.35000000,25-02-2026 08:15,18.462
3636,Pathagudem,CWC,22,Chhattisgarh,636,BIJAPUR,BIJAPUR,-,-,Godavari,Godavari,Indravathi,-,-,Indravathi,18.81638889,80.35000000,26-02-2026 08:15,17.49352
3637,Pathagudem,CWC,22,Chhattisgarh,636,BIJAPUR,BIJAPUR,-,-,Godavari,Godavari,Indravathi,-,-,Indravathi,18.81638889,80.35000000,27-02-2026 08:15,16.909
3638,Pathagudem,CWC,22,Chhattisgarh,636,BIJAPUR,BIJAPUR,-,-,Godavari,Godavari,Indravathi,-,-,Indravathi,18.81638889,80.35000000,28-02-2026 08:15,16.169
3639,Pathagudem,CWC,22,Chhattisgarh,636,BIJAPUR,BIJAPUR,-,-,Godavari,Godavari,Indravathi,-,-,Indravathi,18.81638889,80.35000000,01-03-2026 08:00,16
3640,Pathagudem,CWC,22,Chhattisgarh,636,BIJAPUR,BIJAPUR,-,-,Godavari,Godavari,Indravathi,-,-,Indravathi,18.81638889,80.35000000,02-03-2026 08:15,17.909
3641,Pathagudem,CWC,22,Chhattisgarh,636,BIJAPUR,BIJAPUR,-,-,Godavari,Godavari,Indravathi,-,-,Indravathi,18.81638889,80.35000000,03-03-2026 08:15,17.575
3642,Pathagudem,CWC,22,Chhattisgarh,636,BIJAPUR,BIJAPUR,-,-,Godavari,Godavari,Indravathi,-,-,Indravathi,18.81638889,80.35000000,04-03-2026 08:15,17.147
3643,Pathagudem,CWC,22,Chhattisgarh,636,BIJAPUR,BIJAPUR,-,-,Godavari,Godavari,Indravathi,-,-,Indravathi,18.81638889,80.35000000,05-03-2026 08:15,16.815
3644,Pathagudem,CWC,22,Chhattisgarh,636,BIJAPUR,BIJAPUR,-,-,Godavari,Godavari,Indravathi,-,-,Indravathi,18.81638889,80.35000000,06-03-2026 08:15,16.092
3645,Pathagudem,CWC,22,Chhattisgarh,636,BIJAPUR,BIJAPUR,-,-,Godavari,Godavari,Indravathi,-,-,Indravathi,18.81638889,80.35000000,07-03-2026 08:15,15.5
3646,Pathagudem,CWC,22,Chhattisgarh,636,BIJAPUR,BIJAPUR,-,-,Godavari,Godavari,Indravathi,-,-,Indravathi,18.81638889,80.35000000,08-03-2026 08:00,15
3647,Pathagudem,CWC,22,Chhattisgarh,636,BIJAPUR,BIJAPUR,-,-,Godavari,Godavari,Indravathi,-,-,Indravathi,18.81638889,80.35000000,09-03-2026 08:15,12.48
3648,Pathagudem,CWC,22,Chhattisgarh,636,BIJAPUR,BIJAPUR,-,-,Godavari,Godavari,Indravathi,-,-,Indravathi,18.81638889,80.35000000,10-03-2026 08:15,12.28291
3649,Pathagudem,CWC,22,Chhattisgarh,636,BIJAPUR,BIJAPUR,-,-,Godavari,Godavari,Indravathi,-,-,Indravathi,18.81638889,80.35000000,11-03-2026 08:15,12.232
3650,Pathagudem,CWC,22,Chhattisgarh,636,BIJAPUR,BIJAPUR,-,-,Godavari,Godavari,Indravathi,-,-,Indravathi,18.81638889,80.35000000,12-03-2026 08:15,11.811
3651,Pathagudem,CWC,22,Chhattisgarh,636,BIJAPUR,BIJAPUR,-,-,Godavari,Godavari,Indravathi,-,-,Indravathi,18.81638889,80.35000000,13-03-2026 08:15,11.47
3652,Pathagudem,CWC,22,Chhattisgarh,636,BIJAPUR,BIJAPUR,-,-,Godavari,Godavari,Indravathi,-,-,Indravathi,18.81638889,80.35000000,14-03-2026 08:00,11
3653,Pathagudem,CWC,22,Chhattisgarh,636,BIJAPUR,BIJAPUR,-,-,Godavari,Godavari,Indravathi,-,-,Indravathi,18.81638889,80.35000000,15-03-2026 08:00,11
3654,Pathagudem,CWC,22,Chhattisgarh,636,BIJAPUR,BIJAPUR,-,-,Godavari,Godavari,Indravathi,-,-,Indravathi,18.81638889,80.35000000,16-03-2026 08:15,10.635
3655,Pathagudem,CWC,22,Chhattisgarh,636,BIJAPUR,BIJAPUR,-,-,Godavari,Godavari,Indravathi,-,-,Indravathi,18.81638889,80.35000000,17-03-2026 08:15,10.812
3656,Pathagudem,CWC,22,Chhattisgarh,636,BIJAPUR,BIJAPUR,-,-,Godavari,Godavari,Indravathi,-,-,Indravathi,18.81638889,80.35000000,18-03-2026 08:15,10.439
3657,Pathagudem,CWC,22,Chhattisgarh,636,BIJAPUR,BIJAPUR,-,-,Godavari,Godavari,Indravathi,-,-,Indravathi,18.81638889,80.35000000,19-03-2026 08:00,10
3658,Pathagudem,CWC,22,Chhattisgarh,636,BIJAPUR,BIJAPUR,-,-,Godavari,Godavari,Indravathi,-,-,Indravathi,18.81638889,80.35000000,20-03-2026 08:00,10.224
3659,Pathagudem,CWC,22,Chhattisgarh,636,BIJAPUR,BIJAPUR,-,-,Godavari,Godavari,Indravathi,-,-,Indravathi,18.81638889,80.35000000,21-03-2026 08:00,10
3660,Pathagudem,CWC,22,Chhattisgarh,636,BIJAPUR,BIJAPUR,-,-,Godavari,Godavari,Indravathi,-,-,Indravathi,18.81638889,80.35000000,22-03-2026 08:00,10
3661,Pathagudem,CWC,22,Chhattisgarh,636,BIJAPUR,BIJAPUR,-,-,Godavari,Godavari,Indravathi,-,-,Indravathi,18.81638889,80.35000000,23-03-2026 08:00,7.438
3662,Pathagudem,CWC,22,Chhattisgarh,636,BIJAPUR,BIJAPUR,-,-,Godavari,Godavari,Indravathi,-,-,Indravathi,18.81638889,80.35000000,24-03-2026 08:00,7.08
3663,Pathagudem,CWC,22,Chhattisgarh,636,BIJAPUR,BIJAPUR,-,-,Godavari,Godavari,Indravathi,-,-,Indravathi,18.81638889,80.35000000,25-03-2026 08:00,7.351
3664,Pathagudem,CWC,22,Chhattisgarh,636,BIJAPUR,BIJAPUR,-,-,Godavari,Godavari,Indravathi,-,-,Indravathi,18.81638889,80.35000000,26-03-2026 08:15,7.3811
3665,Pathagudem,CWC,22,Chhattisgarh,636,BIJAPUR,BIJAPUR,-,-,Godavari,Godavari,Indravathi,-,-,Indravathi,18.81638889,80.35000000,27-03-2026 08:00,7.378
3666,Pathagudem,CWC,22,Chhattisgarh,636,BIJAPUR,BIJAPUR,-,-,Godavari,Godavari,Indravathi,-,-,Indravathi,18.81638889,80.35000000,28-03-2026 08:00,7.283
3667,Pathagudem,CWC,22,Chhattisgarh,636,BIJAPUR,BIJAPUR,-,-,Godavari,Godavari,Indravathi,-,-,Indravathi,18.81638889,80.35000000,29-03-2026 08:00,7
3668,Pathagudem,CWC,22,Chhattisgarh,636,BIJAPUR,BIJAPUR,-,-,Godavari,Godavari,Indravathi,-,-,Indravathi,18.81638889,80.35000000,30-03-2026 08:00,6.967
3669,Pathagudem,CWC,22,Chhattisgarh,636,BIJAPUR,BIJAPUR,-,-,Godavari,Godavari,Indravathi,-,-,Indravathi,18.81638889,80.35000000,31-03-2026 08:00,6
3670,Pathagudem,CWC,22,Chhattisgarh,636,BIJAPUR,BIJAPUR,-,-,Godavari,Godavari,Indravathi,-,-,Indravathi,18.81638889,80.35000000,01-04-2026 08:00,6.723
3671,Pathagudem,CWC,22,Chhattisgarh,636,BIJAPUR,BIJAPUR,-,-,Godavari,Godavari,Indravathi,-,-,Indravathi,18.81638889,80.35000000,02-04-2026 08:00,6.454
3672,Pathagudem,CWC,22,Chhattisgarh,636,BIJAPUR,BIJAPUR,-,-,Godavari,Godavari,Indravathi,-,-,Indravathi,18.81638889,80.35000000,03-04-2026 08:00,6
3673,Pathagudem,CWC,22,Chhattisgarh,636,BIJAPUR,BIJAPUR,-,-,Godavari,Godavari,Indravathi,-,-,Indravathi,18.81638889,80.35000000,04-04-2026 08:00,6.133
3674,Pathagudem,CWC,22,Chhattisgarh,636,BIJAPUR,BIJAPUR,-,-,Godavari,Godavari,Indravathi,-,-,Indravathi,18.81638889,80.35000000,05-04-2026 08:00,6
3675,Pathagudem,CWC,22,Chhattisgarh,636,BIJAPUR,BIJAPUR,-,-,Godavari,Godavari,Indravathi,-,-,Indravathi,18.81638889,80.35000000,06-04-2026 08:00,5.9588904
3676,Pathagudem,CWC,22,Chhattisgarh,636,BIJAPUR,BIJAPUR,-,-,Godavari,Godavari,Indravathi,-,-,Indravathi,18.81638889,80.35000000,07-04-2026 08:00,5.941
3677,Pathagudem,CWC,22,Chhattisgarh,636,BIJAPUR,BIJAPUR,-,-,Godavari,Godavari,Indravathi,-,-,Indravathi,18.81638889,80.35000000,08-04-2026 08:00,5.746
3678,Pathagudem,CWC,22,Chhattisgarh,636,BIJAPUR,BIJAPUR,-,-,Godavari,Godavari,Indravathi,-,-,Indravathi,18.81638889,80.35000000,09-04-2026 08:00,5.63
3679,Pathagudem,CWC,22,Chhattisgarh,636,BIJAPUR,BIJAPUR,-,-,Godavari,Godavari,Indravathi,-,-,Indravathi,18.81638889,80.35000000,10-04-2026 08:00,5.491
3680,Pathagudem,CWC,22,Chhattisgarh,636,BIJAPUR,BIJAPUR,-,-,Godavari,Godavari,Indravathi,-,-,Indravathi,18.81638889,80.35000000,11-04-2026 08:00,5
3681,Pathagudem,CWC,22,Chhattisgarh,636,BIJAPUR,BIJAPUR,-,-,Godavari,Godavari,Indravathi,-,-,Indravathi,18.81638889,80.35000000,12-04-2026 08:00,5
3682,Pathagudem,CWC,22,Chhattisgarh,636,BIJAPUR,BIJAPUR,-,-,Godavari,Godavari,Indravathi,-,-,Indravathi,18.81638889,80.35000000,13-04-2026 08:00,5.358
3683,Pathagudem,CWC,22,Chhattisgarh,636,BIJAPUR,BIJAPUR,-,-,Godavari,Godavari,Indravathi,-,-,Indravathi,18.81638889,80.35000000,14-04-2026 08:00,5
3684,Pathagudem,CWC,22,Chhattisgarh,636,BIJAPUR,BIJAPUR,-,-,Godavari,Godavari,Indravathi,-,-,Indravathi,18.81638889,80.35000000,15-04-2026 08:00,5.252
3685,Pathagudem,CWC,22,Chhattisgarh,636,BIJAPUR,BIJAPUR,-,-,Godavari,Godavari,Indravathi,-,-,Indravathi,18.81638889,80.35000000,16-04-2026 08:00,5.259
3686,Pathagudem,CWC,22,Chhattisgarh,636,BIJAPUR,BIJAPUR,-,-,Godavari,Godavari,Indravathi,-,-,Indravathi,18.81638889,80.35000000,17-04-2026 08:00,5.216
3687,Pathagudem,CWC,22,Chhattisgarh,636,BIJAPUR,BIJAPUR,-,-,Godavari,Godavari,Indravathi,-,-,Indravathi,18.81638889,80.35000000,18-04-2026 08:00,5.175
3688,Pathagudem,CWC,22,Chhattisgarh,636,BIJAPUR,BIJAPUR,-,-,Godavari,Godavari,Indravathi,-,-,Indravathi,18.81638889,80.35000000,19-04-2026 08:00,5
3689,Pathagudem,CWC,22,Chhattisgarh,636,BIJAPUR,BIJAPUR,-,-,Godavari,Godavari,Indravathi,-,-,Indravathi,18.81638889,80.35000000,20-04-2026 08:00,5.023
3690,Pathagudem,CWC,22,Chhattisgarh,636,BIJAPUR,BIJAPUR,-,-,Godavari,Godavari,Indravathi,-,-,Indravathi,18.81638889,80.35000000,21-04-2026 08:00,4.968
3691,Pathagudem,CWC,22,Chhattisgarh,636,BIJAPUR,BIJAPUR,-,-,Godavari,Godavari,Indravathi,-,-,Indravathi,18.81638889,80.35000000,22-04-2026 08:00,4.967
3692,Pathagudem,CWC,22,Chhattisgarh,636,BIJAPUR,BIJAPUR,-,-,Godavari,Godavari,Indravathi,-,-,Indravathi,18.81638889,80.35000000,23-04-2026 08:00,4.872
3693,Pathagudem,CWC,22,Chhattisgarh,636,BIJAPUR,BIJAPUR,-,-,Godavari,Godavari,Indravathi,-,-,Indravathi,18.81638889,80.35000000,24-04-2026 08:00,4.846
3694,Pathagudem,CWC,22,Chhattisgarh,636,BIJAPUR,BIJAPUR,-,-,Godavari,Godavari,Indravathi,-,-,Indravathi,18.81638889,80.35000000,25-04-2026 08:00,4.782
3695,Pathagudem,CWC,22,Chhattisgarh,636,BIJAPUR,BIJAPUR,-,-,Godavari,Godavari,Indravathi,-,-,Indravathi,18.81638889,80.35000000,26-04-2026 08:00,4
3696,Pathagudem,CWC,22,Chhattisgarh,636,BIJAPUR,BIJAPUR,-,-,Godavari,Godavari,Indravathi,-,-,Indravathi,18.81638889,80.35000000,27-04-2026 08:00,4.757
3697,Pathagudem,CWC,22,Chhattisgarh,636,BIJAPUR,BIJAPUR,-,-,Godavari,Godavari,Indravathi,-,-,Indravathi,18.81638889,80.35000000,28-04-2026 08:00,4.326
3698,Pathagudem,CWC,22,Chhattisgarh,636,BIJAPUR,BIJAPUR,-,-,Godavari,Godavari,Indravathi,-,-,Indravathi,18.81638889,80.35000000,29-04-2026 08:00,4.063
3699,Pathagudem,CWC,22,Chhattisgarh,636,BIJAPUR,BIJAPUR,-,-,Godavari,Godavari,Indravathi,-,-,Indravathi,18.81638889,80.35000000,30-04-2026 08:00,3.834
3700,Pathagudem,CWC,22,Chhattisgarh,636,BIJAPUR,BIJAPUR,-,-,Godavari,Godavari,Indravathi,-,-,Indravathi,18.81638889,80.35000000,02-05-2026 08:00,4.099
3701,Pathagudem,CWC,22,Chhattisgarh,636,BIJAPUR,BIJAPUR,-,-,Godavari,Godavari,Indravathi,-,-,Indravathi,18.81638889,80.35000000,05-05-2026 08:15,3.958
3702,Pathagudem,CWC,22,Chhattisgarh,636,BIJAPUR,BIJAPUR,-,-,Godavari,Godavari,Indravathi,-,-,Indravathi,18.81638889,80.35000000,07-05-2026 08:00,4.708
3703,Pathagudem,CWC,22,Chhattisgarh,636,BIJAPUR,BIJAPUR,-,-,Godavari,Godavari,Indravathi,-,-,Indravathi,18.81638889,80.35000000,08-05-2026 08:00,5.057724
3704,Pathagudem,CWC,22,Chhattisgarh,636,BIJAPUR,BIJAPUR,-,-,Godavari,Godavari,Indravathi,-,-,Indravathi,18.81638889,80.35000000,13-05-2026 08:00,3.9400377
3705,Pathagudem,CWC,22,Chhattisgarh,636,BIJAPUR,BIJAPUR,-,-,Godavari,Godavari,Indravathi,-,-,Indravathi,18.81638889,80.35000000,14-05-2026 08:00,3.3932147
3706,Pathagudem,CWC,22,Chhattisgarh,636,BIJAPUR,BIJAPUR,-,-,Godavari,Godavari,Indravathi,-,-,Indravathi,18.81638889,80.35000000,15-05-2026 08:00,3.4322827
3707,Pathagudem,CWC,22,Chhattisgarh,636,BIJAPUR,BIJAPUR,-,-,Godavari,Godavari,Indravathi,-,-,Indravathi,18.81638889,80.35000000,16-05-2026 08:00,3.5888429
3708,Pathagudem,CWC,22,Chhattisgarh,636,BIJAPUR,BIJAPUR,-,-,Godavari,Godavari,Indravathi,-,-,Indravathi,18.81638889,80.35000000,18-05-2026 08:00,3.3970335
3709,Pathagudem,CWC,22,Chhattisgarh,636,BIJAPUR,BIJAPUR,-,-,Godavari,Godavari,Indravathi,-,-,Indravathi,18.81638889,80.35000000,19-05-2026 08:00,3.4014163
3710,Pathagudem,CWC,22,Chhattisgarh,636,BIJAPUR,BIJAPUR,-,-,Godavari,Godavari,Indravathi,-,-,Indravathi,18.81638889,80.35000000,20-05-2026 08:00,7.6944833
3711,Pathagudem,CWC,22,Chhattisgarh,636,BIJAPUR,BIJAPUR,-,-,Godavari,Godavari,Indravathi,-,-,Indravathi,18.81638889,80.35000000,21-05-2026 08:00,7.65355
3712,Pathagudem,CWC,22,Chhattisgarh,636,BIJAPUR,BIJAPUR,-,-,Godavari,Godavari,Indravathi,-,-,Indravathi,18.81638889,80.35000000,22-05-2026 08:00,7.691974
3713,Pathagudem,CWC,22,Chhattisgarh,636,BIJAPUR,BIJAPUR,-,-,Godavari,Godavari,Indravathi,-,-,Indravathi,18.81638889,80.35000000,23-05-2026 08:00,7.7586217
3714,Pathagudem,CWC,22,Chhattisgarh,636,BIJAPUR,BIJAPUR,-,-,Godavari,Godavari,Indravathi,-,-,Indravathi,18.81638889,80.35000000,25-05-2026 08:00,11.651044
3715,Pathagudem,CWC,22,Chhattisgarh,636,BIJAPUR,BIJAPUR,-,-,Godavari,Godavari,Indravathi,-,-,Indravathi,18.81638889,80.35000000,26-05-2026 08:00,14.15688
3716,Pathagudem,CWC,22,Chhattisgarh,636,BIJAPUR,BIJAPUR,-,-,Godavari,Godavari,Indravathi,-,-,Indravathi,18.81638889,80.35000000,29-05-2026 08:00,10.704123
3717,Pathagudem,CWC,22,Chhattisgarh,636,BIJAPUR,BIJAPUR,-,-,Godavari,Godavari,Indravathi,-,-,Indravathi,18.81638889,80.35000000,30-05-2026 08:00,10.675568
3718,Pathagudem,CWC,22,Chhattisgarh,636,BIJAPUR,BIJAPUR,-,-,Godavari,Godavari,Indravathi,-,-,Indravathi,18.81638889,80.35000000,02-06-2026 08:00,10.338572
3719,Pathagudem,CWC,22,Chhattisgarh,636,BIJAPUR,BIJAPUR,-,-,Godavari,Godavari,Indravathi,-,-,Indravathi,18.81638889,80.35000000,03-06-2026 08:00,9.998955
3720,Pathagudem,CWC,22,Chhattisgarh,636,BIJAPUR,BIJAPUR,-,-,Godavari,Godavari,Indravathi,-,-,Indravathi,18.81638889,80.35000000,04-06-2026 08:00,9.649696
3721,Pathagudem,CWC,22,Chhattisgarh,636,BIJAPUR,BIJAPUR,-,-,Godavari,Godavari,Indravathi,-,-,Indravathi,18.81638889,80.35000000,05-06-2026 08:00,8.646736
3722,Pathagudem,CWC,22,Chhattisgarh,636,BIJAPUR,BIJAPUR,-,-,Godavari,Godavari,Indravathi,-,-,Indravathi,18.81638889,80.35000000,06-06-2026 08:00,8.427382
3723,Pathagudem,CWC,22,Chhattisgarh,636,BIJAPUR,BIJAPUR,-,-,Godavari,Godavari,Indravathi,-,-,Indravathi,18.81638889,80.35000000,08-06-2026 08:00,7.632899
3724,Pathagudem,CWC,22,Chhattisgarh,636,BIJAPUR,BIJAPUR,-,-,Godavari,Godavari,Indravathi,-,-,Indravathi,18.81638889,80.35000000,09-06-2026 08:00,8.089517
3725,Pathagudem,CWC,22,Chhattisgarh,636,BIJAPUR,BIJAPUR,-,-,Godavari,Godavari,Indravathi,-,-,Indravathi,18.81638889,80.35000000,10-06-2026 08:00,7.4661064
3726,Pathagudem,CWC,22,Chhattisgarh,636,BIJAPUR,BIJAPUR,-,-,Godavari,Godavari,Indravathi,-,-,Indravathi,18.81638889,80.35000000,11-06-2026 08:00,6.893316
3727,Pathagudem,CWC,22,Chhattisgarh,636,BIJAPUR,BIJAPUR,-,-,Godavari,Godavari,Indravathi,-,-,Indravathi,18.81638889,80.35000000,12-06-2026 08:00,6.9906626
3728,Pathagudem,CWC,22,Chhattisgarh,636,BIJAPUR,BIJAPUR,-,-,Godavari,Godavari,Indravathi,-,-,Indravathi,18.81638889,80.35000000,16-06-2026 08:00,4.088
3729,Pathagudem,CWC,22,Chhattisgarh,636,BIJAPUR,BIJAPUR,-,-,Godavari,Godavari,Indravathi,-,-,Indravathi,18.81638889,80.35000000,17-06-2026 08:00,4.196
3730,Pathagudem,CWC,22,Chhattisgarh,636,BIJAPUR,BIJAPUR,-,-,Godavari,Godavari,Indravathi,-,-,Indravathi,18.81638889,80.35000000,18-06-2026 08:00,4.196
3731,Pathagudem,CWC,22,Chhattisgarh,636,BIJAPUR,BIJAPUR,-,-,Godavari,Godavari,Indravathi,-,-,Indravathi,18.81638889,80.35000000,19-06-2026 08:00,4.093
3732,Pathardihi,CWC,22,Chhattisgarh,387,RAIPUR,DHARSIWA,-,-,Mahanadi,Mahanadi,Seonath,kharun,kharun,kharun,21.34194444,81.59277778,01-01-2026 08:00,0
3733,Pathardihi,CWC,22,Chhattisgarh,387,RAIPUR,DHARSIWA,-,-,Mahanadi,Mahanadi,Seonath,kharun,kharun,kharun,21.34194444,81.59277778,02-01-2026 08:00,0
3734,Pathardihi,CWC,22,Chhattisgarh,387,RAIPUR,DHARSIWA,-,-,Mahanadi,Mahanadi,Seonath,kharun,kharun,kharun,21.34194444,81.59277778,03-01-2026 08:00,0
3735,Pathardihi,CWC,22,Chhattisgarh,387,RAIPUR,DHARSIWA,-,-,Mahanadi,Mahanadi,Seonath,kharun,kharun,kharun,21.34194444,81.59277778,04-01-2026 08:00,0
3736,Pathardihi,CWC,22,Chhattisgarh,387,RAIPUR,DHARSIWA,-,-,Mahanadi,Mahanadi,Seonath,kharun,kharun,kharun,21.34194444,81.59277778,05-01-2026 08:00,0
3737,Pathardihi,CWC,22,Chhattisgarh,387,RAIPUR,DHARSIWA,-,-,Mahanadi,Mahanadi,Seonath,kharun,kharun,kharun,21.34194444,81.59277778,06-01-2026 08:00,0
3738,Pathardihi,CWC,22,Chhattisgarh,387,RAIPUR,DHARSIWA,-,-,Mahanadi,Mahanadi,Seonath,kharun,kharun,kharun,21.34194444,81.59277778,07-01-2026 08:00,0
3739,Pathardihi,CWC,22,Chhattisgarh,387,RAIPUR,DHARSIWA,-,-,Mahanadi,Mahanadi,Seonath,kharun,kharun,kharun,21.34194444,81.59277778,08-01-2026 08:00,0
3740,Pathardihi,CWC,22,Chhattisgarh,387,RAIPUR,DHARSIWA,-,-,Mahanadi,Mahanadi,Seonath,kharun,kharun,kharun,21.34194444,81.59277778,09-01-2026 08:00,0
3741,Pathardihi,CWC,22,Chhattisgarh,387,RAIPUR,DHARSIWA,-,-,Mahanadi,Mahanadi,Seonath,kharun,kharun,kharun,21.34194444,81.59277778,10-01-2026 08:00,0
3742,Pathardihi,CWC,22,Chhattisgarh,387,RAIPUR,DHARSIWA,-,-,Mahanadi,Mahanadi,Seonath,kharun,kharun,kharun,21.34194444,81.59277778,11-01-2026 08:00,0
3743,Pathardihi,CWC,22,Chhattisgarh,387,RAIPUR,DHARSIWA,-,-,Mahanadi,Mahanadi,Seonath,kharun,kharun,kharun,21.34194444,81.59277778,12-01-2026 08:00,0
3744,Pathardihi,CWC,22,Chhattisgarh,387,RAIPUR,DHARSIWA,-,-,Mahanadi,Mahanadi,Seonath,kharun,kharun,kharun,21.34194444,81.59277778,13-01-2026 08:00,0
3745,Pathardihi,CWC,22,Chhattisgarh,387,RAIPUR,DHARSIWA,-,-,Mahanadi,Mahanadi,Seonath,kharun,kharun,kharun,21.34194444,81.59277778,14-01-2026 08:00,0
3746,Pathardihi,CWC,22,Chhattisgarh,387,RAIPUR,DHARSIWA,-,-,Mahanadi,Mahanadi,Seonath,kharun,kharun,kharun,21.34194444,81.59277778,15-01-2026 08:00,0
3747,Pathardihi,CWC,22,Chhattisgarh,387,RAIPUR,DHARSIWA,-,-,Mahanadi,Mahanadi,Seonath,kharun,kharun,kharun,21.34194444,81.59277778,16-01-2026 08:00,3.17
3748,Pathardihi,CWC,22,Chhattisgarh,387,RAIPUR,DHARSIWA,-,-,Mahanadi,Mahanadi,Seonath,kharun,kharun,kharun,21.34194444,81.59277778,17-01-2026 08:00,4.54
3749,Pathardihi,CWC,22,Chhattisgarh,387,RAIPUR,DHARSIWA,-,-,Mahanadi,Mahanadi,Seonath,kharun,kharun,kharun,21.34194444,81.59277778,18-01-2026 08:00,7.25
3750,Pathardihi,CWC,22,Chhattisgarh,387,RAIPUR,DHARSIWA,-,-,Mahanadi,Mahanadi,Seonath,kharun,kharun,kharun,21.34194444,81.59277778,19-01-2026 08:00,7.25
3751,Pathardihi,CWC,22,Chhattisgarh,387,RAIPUR,DHARSIWA,-,-,Mahanadi,Mahanadi,Seonath,kharun,kharun,kharun,21.34194444,81.59277778,20-01-2026 08:00,5.48
3752,Pathardihi,CWC,22,Chhattisgarh,387,RAIPUR,DHARSIWA,-,-,Mahanadi,Mahanadi,Seonath,kharun,kharun,kharun,21.34194444,81.59277778,21-01-2026 08:00,5.96
3753,Pathardihi,CWC,22,Chhattisgarh,387,RAIPUR,DHARSIWA,-,-,Mahanadi,Mahanadi,Seonath,kharun,kharun,kharun,21.34194444,81.59277778,22-01-2026 08:00,6.43
3754,Pathardihi,CWC,22,Chhattisgarh,387,RAIPUR,DHARSIWA,-,-,Mahanadi,Mahanadi,Seonath,kharun,kharun,kharun,21.34194444,81.59277778,23-01-2026 08:00,10.98
3755,Pathardihi,CWC,22,Chhattisgarh,387,RAIPUR,DHARSIWA,-,-,Mahanadi,Mahanadi,Seonath,kharun,kharun,kharun,21.34194444,81.59277778,24-01-2026 08:00,10.17
3756,Pathardihi,CWC,22,Chhattisgarh,387,RAIPUR,DHARSIWA,-,-,Mahanadi,Mahanadi,Seonath,kharun,kharun,kharun,21.34194444,81.59277778,25-01-2026 08:00,11.05
3757,Pathardihi,CWC,22,Chhattisgarh,387,RAIPUR,DHARSIWA,-,-,Mahanadi,Mahanadi,Seonath,kharun,kharun,kharun,21.34194444,81.59277778,26-01-2026 08:00,10.5
3758,Pathardihi,CWC,22,Chhattisgarh,387,RAIPUR,DHARSIWA,-,-,Mahanadi,Mahanadi,Seonath,kharun,kharun,kharun,21.34194444,81.59277778,27-01-2026 08:00,9.48
3759,Pathardihi,CWC,22,Chhattisgarh,387,RAIPUR,DHARSIWA,-,-,Mahanadi,Mahanadi,Seonath,kharun,kharun,kharun,21.34194444,81.59277778,28-01-2026 08:00,8.58
3760,Pathardihi,CWC,22,Chhattisgarh,387,RAIPUR,DHARSIWA,-,-,Mahanadi,Mahanadi,Seonath,kharun,kharun,kharun,21.34194444,81.59277778,29-01-2026 08:00,6.89
3761,Pathardihi,CWC,22,Chhattisgarh,387,RAIPUR,DHARSIWA,-,-,Mahanadi,Mahanadi,Seonath,kharun,kharun,kharun,21.34194444,81.59277778,30-01-2026 08:00,2.63
3762,Pathardihi,CWC,22,Chhattisgarh,387,RAIPUR,DHARSIWA,-,-,Mahanadi,Mahanadi,Seonath,kharun,kharun,kharun,21.34194444,81.59277778,31-01-2026 10:00,2.83
3763,Pathardihi,CWC,22,Chhattisgarh,387,RAIPUR,DHARSIWA,-,-,Mahanadi,Mahanadi,Seonath,kharun,kharun,kharun,21.34194444,81.59277778,01-02-2026 08:00,7.7
3764,Pathardihi,CWC,22,Chhattisgarh,387,RAIPUR,DHARSIWA,-,-,Mahanadi,Mahanadi,Seonath,kharun,kharun,kharun,21.34194444,81.59277778,02-02-2026 08:00,7.71
3765,Pathardihi,CWC,22,Chhattisgarh,387,RAIPUR,DHARSIWA,-,-,Mahanadi,Mahanadi,Seonath,kharun,kharun,kharun,21.34194444,81.59277778,02-02-2026 10:00,7.71
3766,Pathardihi,CWC,22,Chhattisgarh,387,RAIPUR,DHARSIWA,-,-,Mahanadi,Mahanadi,Seonath,kharun,kharun,kharun,21.34194444,81.59277778,03-02-2026 08:00,8.04
3767,Pathardihi,CWC,22,Chhattisgarh,387,RAIPUR,DHARSIWA,-,-,Mahanadi,Mahanadi,Seonath,kharun,kharun,kharun,21.34194444,81.59277778,03-02-2026 10:00,8.04
3768,Pathardihi,CWC,22,Chhattisgarh,387,RAIPUR,DHARSIWA,-,-,Mahanadi,Mahanadi,Seonath,kharun,kharun,kharun,21.34194444,81.59277778,04-02-2026 08:00,7.98
3769,Pathardihi,CWC,22,Chhattisgarh,387,RAIPUR,DHARSIWA,-,-,Mahanadi,Mahanadi,Seonath,kharun,kharun,kharun,21.34194444,81.59277778,04-02-2026 10:00,7.98
3770,Pathardihi,CWC,22,Chhattisgarh,387,RAIPUR,DHARSIWA,-,-,Mahanadi,Mahanadi,Seonath,kharun,kharun,kharun,21.34194444,81.59277778,05-02-2026 08:00,9.46
3771,Pathardihi,CWC,22,Chhattisgarh,387,RAIPUR,DHARSIWA,-,-,Mahanadi,Mahanadi,Seonath,kharun,kharun,kharun,21.34194444,81.59277778,05-02-2026 10:00,9.46
3772,Pathardihi,CWC,22,Chhattisgarh,387,RAIPUR,DHARSIWA,-,-,Mahanadi,Mahanadi,Seonath,kharun,kharun,kharun,21.34194444,81.59277778,06-02-2026 08:00,7.54
3773,Pathardihi,CWC,22,Chhattisgarh,387,RAIPUR,DHARSIWA,-,-,Mahanadi,Mahanadi,Seonath,kharun,kharun,kharun,21.34194444,81.59277778,06-02-2026 10:00,7.54
3774,Pathardihi,CWC,22,Chhattisgarh,387,RAIPUR,DHARSIWA,-,-,Mahanadi,Mahanadi,Seonath,kharun,kharun,kharun,21.34194444,81.59277778,07-02-2026 08:00,7.4
3775,Pathardihi,CWC,22,Chhattisgarh,387,RAIPUR,DHARSIWA,-,-,Mahanadi,Mahanadi,Seonath,kharun,kharun,kharun,21.34194444,81.59277778,07-02-2026 10:00,7.4
3776,Pathardihi,CWC,22,Chhattisgarh,387,RAIPUR,DHARSIWA,-,-,Mahanadi,Mahanadi,Seonath,kharun,kharun,kharun,21.34194444,81.59277778,08-02-2026 08:00,7.4
3777,Pathardihi,CWC,22,Chhattisgarh,387,RAIPUR,DHARSIWA,-,-,Mahanadi,Mahanadi,Seonath,kharun,kharun,kharun,21.34194444,81.59277778,09-02-2026 08:00,7.41
3778,Pathardihi,CWC,22,Chhattisgarh,387,RAIPUR,DHARSIWA,-,-,Mahanadi,Mahanadi,Seonath,kharun,kharun,kharun,21.34194444,81.59277778,09-02-2026 10:00,7.41
3779,Pathardihi,CWC,22,Chhattisgarh,387,RAIPUR,DHARSIWA,-,-,Mahanadi,Mahanadi,Seonath,kharun,kharun,kharun,21.34194444,81.59277778,10-02-2026 08:00,7.43
3780,Pathardihi,CWC,22,Chhattisgarh,387,RAIPUR,DHARSIWA,-,-,Mahanadi,Mahanadi,Seonath,kharun,kharun,kharun,21.34194444,81.59277778,10-02-2026 10:00,7.43
3781,Pathardihi,CWC,22,Chhattisgarh,387,RAIPUR,DHARSIWA,-,-,Mahanadi,Mahanadi,Seonath,kharun,kharun,kharun,21.34194444,81.59277778,11-02-2026 08:00,6.88
3782,Pathardihi,CWC,22,Chhattisgarh,387,RAIPUR,DHARSIWA,-,-,Mahanadi,Mahanadi,Seonath,kharun,kharun,kharun,21.34194444,81.59277778,11-02-2026 10:00,7.736
3783,Pathardihi,CWC,22,Chhattisgarh,387,RAIPUR,DHARSIWA,-,-,Mahanadi,Mahanadi,Seonath,kharun,kharun,kharun,21.34194444,81.59277778,12-02-2026 08:00,6.65
3784,Pathardihi,CWC,22,Chhattisgarh,387,RAIPUR,DHARSIWA,-,-,Mahanadi,Mahanadi,Seonath,kharun,kharun,kharun,21.34194444,81.59277778,12-02-2026 10:00,7.592
3785,Pathardihi,CWC,22,Chhattisgarh,387,RAIPUR,DHARSIWA,-,-,Mahanadi,Mahanadi,Seonath,kharun,kharun,kharun,21.34194444,81.59277778,13-02-2026 08:00,6.57
3786,Pathardihi,CWC,22,Chhattisgarh,387,RAIPUR,DHARSIWA,-,-,Mahanadi,Mahanadi,Seonath,kharun,kharun,kharun,21.34194444,81.59277778,13-02-2026 10:00,7.37
3787,Pathardihi,CWC,22,Chhattisgarh,387,RAIPUR,DHARSIWA,-,-,Mahanadi,Mahanadi,Seonath,kharun,kharun,kharun,21.34194444,81.59277778,14-02-2026 08:00,6.26
3788,Pathardihi,CWC,22,Chhattisgarh,387,RAIPUR,DHARSIWA,-,-,Mahanadi,Mahanadi,Seonath,kharun,kharun,kharun,21.34194444,81.59277778,14-02-2026 10:00,7.024
3789,Pathardihi,CWC,22,Chhattisgarh,387,RAIPUR,DHARSIWA,-,-,Mahanadi,Mahanadi,Seonath,kharun,kharun,kharun,21.34194444,81.59277778,15-02-2026 08:00,6.26
3790,Pathardihi,CWC,22,Chhattisgarh,387,RAIPUR,DHARSIWA,-,-,Mahanadi,Mahanadi,Seonath,kharun,kharun,kharun,21.34194444,81.59277778,16-02-2026 08:00,5.83
3791,Pathardihi,CWC,22,Chhattisgarh,387,RAIPUR,DHARSIWA,-,-,Mahanadi,Mahanadi,Seonath,kharun,kharun,kharun,21.34194444,81.59277778,16-02-2026 10:00,4.733
3792,Pathardihi,CWC,22,Chhattisgarh,387,RAIPUR,DHARSIWA,-,-,Mahanadi,Mahanadi,Seonath,kharun,kharun,kharun,21.34194444,81.59277778,17-02-2026 08:00,7.17
3793,Pathardihi,CWC,22,Chhattisgarh,387,RAIPUR,DHARSIWA,-,-,Mahanadi,Mahanadi,Seonath,kharun,kharun,kharun,21.34194444,81.59277778,17-02-2026 10:00,6.127
3794,Pathardihi,CWC,22,Chhattisgarh,387,RAIPUR,DHARSIWA,-,-,Mahanadi,Mahanadi,Seonath,kharun,kharun,kharun,21.34194444,81.59277778,18-02-2026 08:00,7.87
3795,Pathardihi,CWC,22,Chhattisgarh,387,RAIPUR,DHARSIWA,-,-,Mahanadi,Mahanadi,Seonath,kharun,kharun,kharun,21.34194444,81.59277778,18-02-2026 10:00,8.82
3796,Pathardihi,CWC,22,Chhattisgarh,387,RAIPUR,DHARSIWA,-,-,Mahanadi,Mahanadi,Seonath,kharun,kharun,kharun,21.34194444,81.59277778,19-02-2026 08:00,7.98
3797,Pathardihi,CWC,22,Chhattisgarh,387,RAIPUR,DHARSIWA,-,-,Mahanadi,Mahanadi,Seonath,kharun,kharun,kharun,21.34194444,81.59277778,19-02-2026 10:00,8.916
3798,Pathardihi,CWC,22,Chhattisgarh,387,RAIPUR,DHARSIWA,-,-,Mahanadi,Mahanadi,Seonath,kharun,kharun,kharun,21.34194444,81.59277778,20-02-2026 08:00,8.87
3799,Pathardihi,CWC,22,Chhattisgarh,387,RAIPUR,DHARSIWA,-,-,Mahanadi,Mahanadi,Seonath,kharun,kharun,kharun,21.34194444,81.59277778,20-02-2026 10:00,9.011
3800,Pathardihi,CWC,22,Chhattisgarh,387,RAIPUR,DHARSIWA,-,-,Mahanadi,Mahanadi,Seonath,kharun,kharun,kharun,21.34194444,81.59277778,21-02-2026 08:00,7.33
3801,Pathardihi,CWC,22,Chhattisgarh,387,RAIPUR,DHARSIWA,-,-,Mahanadi,Mahanadi,Seonath,kharun,kharun,kharun,21.34194444,81.59277778,21-02-2026 10:00,8.182
3802,Pathardihi,CWC,22,Chhattisgarh,387,RAIPUR,DHARSIWA,-,-,Mahanadi,Mahanadi,Seonath,kharun,kharun,kharun,21.34194444,81.59277778,22-02-2026 08:00,7.33
3803,Pathardihi,CWC,22,Chhattisgarh,387,RAIPUR,DHARSIWA,-,-,Mahanadi,Mahanadi,Seonath,kharun,kharun,kharun,21.34194444,81.59277778,23-02-2026 08:00,7.55
3804,Pathardihi,CWC,22,Chhattisgarh,387,RAIPUR,DHARSIWA,-,-,Mahanadi,Mahanadi,Seonath,kharun,kharun,kharun,21.34194444,81.59277778,23-02-2026 10:00,8.319
3805,Pathardihi,CWC,22,Chhattisgarh,387,RAIPUR,DHARSIWA,-,-,Mahanadi,Mahanadi,Seonath,kharun,kharun,kharun,21.34194444,81.59277778,24-02-2026 08:00,7.6
3806,Pathardihi,CWC,22,Chhattisgarh,387,RAIPUR,DHARSIWA,-,-,Mahanadi,Mahanadi,Seonath,kharun,kharun,kharun,21.34194444,81.59277778,24-02-2026 10:00,7.497
3807,Pathardihi,CWC,22,Chhattisgarh,387,RAIPUR,DHARSIWA,-,-,Mahanadi,Mahanadi,Seonath,kharun,kharun,kharun,21.34194444,81.59277778,25-02-2026 08:00,6.22
3808,Pathardihi,CWC,22,Chhattisgarh,387,RAIPUR,DHARSIWA,-,-,Mahanadi,Mahanadi,Seonath,kharun,kharun,kharun,21.34194444,81.59277778,25-02-2026 10:00,6.99
3809,Pathardihi,CWC,22,Chhattisgarh,387,RAIPUR,DHARSIWA,-,-,Mahanadi,Mahanadi,Seonath,kharun,kharun,kharun,21.34194444,81.59277778,26-02-2026 08:00,6.6
3810,Pathardihi,CWC,22,Chhattisgarh,387,RAIPUR,DHARSIWA,-,-,Mahanadi,Mahanadi,Seonath,kharun,kharun,kharun,21.34194444,81.59277778,26-02-2026 10:00,7.251
3811,Pathardihi,CWC,22,Chhattisgarh,387,RAIPUR,DHARSIWA,-,-,Mahanadi,Mahanadi,Seonath,kharun,kharun,kharun,21.34194444,81.59277778,27-02-2026 08:00,6.63
3812,Pathardihi,CWC,22,Chhattisgarh,387,RAIPUR,DHARSIWA,-,-,Mahanadi,Mahanadi,Seonath,kharun,kharun,kharun,21.34194444,81.59277778,27-02-2026 10:00,7.439
3813,Pathardihi,CWC,22,Chhattisgarh,387,RAIPUR,DHARSIWA,-,-,Mahanadi,Mahanadi,Seonath,kharun,kharun,kharun,21.34194444,81.59277778,28-02-2026 08:00,7.32
3814,Pathardihi,CWC,22,Chhattisgarh,387,RAIPUR,DHARSIWA,-,-,Mahanadi,Mahanadi,Seonath,kharun,kharun,kharun,21.34194444,81.59277778,28-02-2026 10:00,8.176
3815,Pathardihi,CWC,22,Chhattisgarh,387,RAIPUR,DHARSIWA,-,-,Mahanadi,Mahanadi,Seonath,kharun,kharun,kharun,21.34194444,81.59277778,01-03-2026 08:00,7.98
3816,Pathardihi,CWC,22,Chhattisgarh,387,RAIPUR,DHARSIWA,-,-,Mahanadi,Mahanadi,Seonath,kharun,kharun,kharun,21.34194444,81.59277778,02-03-2026 10:00,8.708
3817,Pathardihi,CWC,22,Chhattisgarh,387,RAIPUR,DHARSIWA,-,-,Mahanadi,Mahanadi,Seonath,kharun,kharun,kharun,21.34194444,81.59277778,03-03-2026 10:00,8.152
3818,Pathardihi,CWC,22,Chhattisgarh,387,RAIPUR,DHARSIWA,-,-,Mahanadi,Mahanadi,Seonath,kharun,kharun,kharun,21.34194444,81.59277778,04-03-2026 08:00,8.23
3819,Pathardihi,CWC,22,Chhattisgarh,387,RAIPUR,DHARSIWA,-,-,Mahanadi,Mahanadi,Seonath,kharun,kharun,kharun,21.34194444,81.59277778,05-03-2026 10:00,7.965
3820,Pathardihi,CWC,22,Chhattisgarh,387,RAIPUR,DHARSIWA,-,-,Mahanadi,Mahanadi,Seonath,kharun,kharun,kharun,21.34194444,81.59277778,06-03-2026 10:00,8.483
3821,Pathardihi,CWC,22,Chhattisgarh,387,RAIPUR,DHARSIWA,-,-,Mahanadi,Mahanadi,Seonath,kharun,kharun,kharun,21.34194444,81.59277778,07-03-2026 10:00,7.951
3822,Pathardihi,CWC,22,Chhattisgarh,387,RAIPUR,DHARSIWA,-,-,Mahanadi,Mahanadi,Seonath,kharun,kharun,kharun,21.34194444,81.59277778,09-03-2026 10:00,7.807
3823,Pathardihi,CWC,22,Chhattisgarh,387,RAIPUR,DHARSIWA,-,-,Mahanadi,Mahanadi,Seonath,kharun,kharun,kharun,21.34194444,81.59277778,10-03-2026 10:00,7.492
3824,Pathardihi,CWC,22,Chhattisgarh,387,RAIPUR,DHARSIWA,-,-,Mahanadi,Mahanadi,Seonath,kharun,kharun,kharun,21.34194444,81.59277778,11-03-2026 10:00,7.672
3825,Pathardihi,CWC,22,Chhattisgarh,387,RAIPUR,DHARSIWA,-,-,Mahanadi,Mahanadi,Seonath,kharun,kharun,kharun,21.34194444,81.59277778,12-03-2026 10:00,3.069
3826,Pathardihi,CWC,22,Chhattisgarh,387,RAIPUR,DHARSIWA,-,-,Mahanadi,Mahanadi,Seonath,kharun,kharun,kharun,21.34194444,81.59277778,13-03-2026 10:00,3.718
3827,Pathardihi,CWC,22,Chhattisgarh,387,RAIPUR,DHARSIWA,-,-,Mahanadi,Mahanadi,Seonath,kharun,kharun,kharun,21.34194444,81.59277778,14-03-2026 10:00,3.553
3828,Pathardihi,CWC,22,Chhattisgarh,387,RAIPUR,DHARSIWA,-,-,Mahanadi,Mahanadi,Seonath,kharun,kharun,kharun,21.34194444,81.59277778,15-03-2026 08:00,3.6
3829,Pathardihi,CWC,22,Chhattisgarh,387,RAIPUR,DHARSIWA,-,-,Mahanadi,Mahanadi,Seonath,kharun,kharun,kharun,21.34194444,81.59277778,16-03-2026 10:00,2.231
3830,Pathardihi,CWC,22,Chhattisgarh,387,RAIPUR,DHARSIWA,-,-,Mahanadi,Mahanadi,Seonath,kharun,kharun,kharun,21.34194444,81.59277778,17-03-2026 10:00,6.458
3831,Pathardihi,CWC,22,Chhattisgarh,387,RAIPUR,DHARSIWA,-,-,Mahanadi,Mahanadi,Seonath,kharun,kharun,kharun,21.34194444,81.59277778,18-03-2026 10:00,2.388
3832,Pathardihi,CWC,22,Chhattisgarh,387,RAIPUR,DHARSIWA,-,-,Mahanadi,Mahanadi,Seonath,kharun,kharun,kharun,21.34194444,81.59277778,19-03-2026 10:00,1.448
3833,Pathardihi,CWC,22,Chhattisgarh,387,RAIPUR,DHARSIWA,-,-,Mahanadi,Mahanadi,Seonath,kharun,kharun,kharun,21.34194444,81.59277778,20-03-2026 10:00,1.704
3834,Pathardihi,CWC,22,Chhattisgarh,387,RAIPUR,DHARSIWA,-,-,Mahanadi,Mahanadi,Seonath,kharun,kharun,kharun,21.34194444,81.59277778,21-03-2026 08:00,0.98
3835,Pathardihi,CWC,22,Chhattisgarh,387,RAIPUR,DHARSIWA,-,-,Mahanadi,Mahanadi,Seonath,kharun,kharun,kharun,21.34194444,81.59277778,22-03-2026 08:00,1.23
3836,Pathardihi,CWC,22,Chhattisgarh,387,RAIPUR,DHARSIWA,-,-,Mahanadi,Mahanadi,Seonath,kharun,kharun,kharun,21.34194444,81.59277778,23-03-2026 10:00,2.478
3837,Pathardihi,CWC,22,Chhattisgarh,387,RAIPUR,DHARSIWA,-,-,Mahanadi,Mahanadi,Seonath,kharun,kharun,kharun,21.34194444,81.59277778,24-03-2026 10:00,2.098
3838,Pathardihi,CWC,22,Chhattisgarh,387,RAIPUR,DHARSIWA,-,-,Mahanadi,Mahanadi,Seonath,kharun,kharun,kharun,21.34194444,81.59277778,25-03-2026 10:00,2.35
3839,Pathardihi,CWC,22,Chhattisgarh,387,RAIPUR,DHARSIWA,-,-,Mahanadi,Mahanadi,Seonath,kharun,kharun,kharun,21.34194444,81.59277778,26-03-2026 08:00,1.054
3840,Pathardihi,CWC,22,Chhattisgarh,387,RAIPUR,DHARSIWA,-,-,Mahanadi,Mahanadi,Seonath,kharun,kharun,kharun,21.34194444,81.59277778,27-03-2026 09:00,0.988
3841,Pathardihi,CWC,22,Chhattisgarh,387,RAIPUR,DHARSIWA,-,-,Mahanadi,Mahanadi,Seonath,kharun,kharun,kharun,21.34194444,81.59277778,28-03-2026 08:00,6.96
3842,Pathardihi,CWC,22,Chhattisgarh,387,RAIPUR,DHARSIWA,-,-,Mahanadi,Mahanadi,Seonath,kharun,kharun,kharun,21.34194444,81.59277778,28-03-2026 08:00,0
3843,Pathardihi,CWC,22,Chhattisgarh,387,RAIPUR,DHARSIWA,-,-,Mahanadi,Mahanadi,Seonath,kharun,kharun,kharun,21.34194444,81.59277778,29-03-2026 08:00,6.96
3844,Pathardihi,CWC,22,Chhattisgarh,387,RAIPUR,DHARSIWA,-,-,Mahanadi,Mahanadi,Seonath,kharun,kharun,kharun,21.34194444,81.59277778,30-03-2026 08:00,7.41
3845,Pathardihi,CWC,22,Chhattisgarh,387,RAIPUR,DHARSIWA,-,-,Mahanadi,Mahanadi,Seonath,kharun,kharun,kharun,21.34194444,81.59277778,30-03-2026 08:00,0
3846,Pathardihi,CWC,22,Chhattisgarh,387,RAIPUR,DHARSIWA,-,-,Mahanadi,Mahanadi,Seonath,kharun,kharun,kharun,21.34194444,81.59277778,31-03-2026 08:00,0
3847,Pathardihi,CWC,22,Chhattisgarh,387,RAIPUR,DHARSIWA,-,-,Mahanadi,Mahanadi,Seonath,kharun,kharun,kharun,21.34194444,81.59277778,31-03-2026 08:00,6.21
3848,Pathardihi,CWC,22,Chhattisgarh,387,RAIPUR,DHARSIWA,-,-,Mahanadi,Mahanadi,Seonath,kharun,kharun,kharun,21.34194444,81.59277778,01-04-2026 09:00,6.844
3849,Pathardihi,CWC,22,Chhattisgarh,387,RAIPUR,DHARSIWA,-,-,Mahanadi,Mahanadi,Seonath,kharun,kharun,kharun,21.34194444,81.59277778,02-04-2026 09:00,6.492
3850,Pathardihi,CWC,22,Chhattisgarh,387,RAIPUR,DHARSIWA,-,-,Mahanadi,Mahanadi,Seonath,kharun,kharun,kharun,21.34194444,81.59277778,03-04-2026 08:00,1.4
3851,Pathardihi,CWC,22,Chhattisgarh,387,RAIPUR,DHARSIWA,-,-,Mahanadi,Mahanadi,Seonath,kharun,kharun,kharun,21.34194444,81.59277778,04-04-2026 09:00,6.437
3852,Pathardihi,CWC,22,Chhattisgarh,387,RAIPUR,DHARSIWA,-,-,Mahanadi,Mahanadi,Seonath,kharun,kharun,kharun,21.34194444,81.59277778,05-04-2026 08:00,6.437
3853,Pathardihi,CWC,22,Chhattisgarh,387,RAIPUR,DHARSIWA,-,-,Mahanadi,Mahanadi,Seonath,kharun,kharun,kharun,21.34194444,81.59277778,06-04-2026 09:00,4.467
3854,Pathardihi,CWC,22,Chhattisgarh,387,RAIPUR,DHARSIWA,-,-,Mahanadi,Mahanadi,Seonath,kharun,kharun,kharun,21.34194444,81.59277778,07-04-2026 09:00,4.407
3855,Pathardihi,CWC,22,Chhattisgarh,387,RAIPUR,DHARSIWA,-,-,Mahanadi,Mahanadi,Seonath,kharun,kharun,kharun,21.34194444,81.59277778,08-04-2026 09:00,4.493
3856,Pathardihi,CWC,22,Chhattisgarh,387,RAIPUR,DHARSIWA,-,-,Mahanadi,Mahanadi,Seonath,kharun,kharun,kharun,21.34194444,81.59277778,09-04-2026 09:00,4.361
3857,Pathardihi,CWC,22,Chhattisgarh,387,RAIPUR,DHARSIWA,-,-,Mahanadi,Mahanadi,Seonath,kharun,kharun,kharun,21.34194444,81.59277778,10-04-2026 09:00,7.632
3858,Pathardihi,CWC,22,Chhattisgarh,387,RAIPUR,DHARSIWA,-,-,Mahanadi,Mahanadi,Seonath,kharun,kharun,kharun,21.34194444,81.59277778,11-04-2026 09:00,7.727
3859,Pathardihi,CWC,22,Chhattisgarh,387,RAIPUR,DHARSIWA,-,-,Mahanadi,Mahanadi,Seonath,kharun,kharun,kharun,21.34194444,81.59277778,12-04-2026 08:00,7.65
3860,Pathardihi,CWC,22,Chhattisgarh,387,RAIPUR,DHARSIWA,-,-,Mahanadi,Mahanadi,Seonath,kharun,kharun,kharun,21.34194444,81.59277778,13-04-2026 09:00,7.354
3861,Pathardihi,CWC,22,Chhattisgarh,387,RAIPUR,DHARSIWA,-,-,Mahanadi,Mahanadi,Seonath,kharun,kharun,kharun,21.34194444,81.59277778,14-04-2026 08:00,6.68
3862,Pathardihi,CWC,22,Chhattisgarh,387,RAIPUR,DHARSIWA,-,-,Mahanadi,Mahanadi,Seonath,kharun,kharun,kharun,21.34194444,81.59277778,15-04-2026 09:00,5.973
3863,Pathardihi,CWC,22,Chhattisgarh,387,RAIPUR,DHARSIWA,-,-,Mahanadi,Mahanadi,Seonath,kharun,kharun,kharun,21.34194444,81.59277778,16-04-2026 09:00,5.808
3864,Pathardihi,CWC,22,Chhattisgarh,387,RAIPUR,DHARSIWA,-,-,Mahanadi,Mahanadi,Seonath,kharun,kharun,kharun,21.34194444,81.59277778,17-04-2026 09:00,5.517
3865,Pathardihi,CWC,22,Chhattisgarh,387,RAIPUR,DHARSIWA,-,-,Mahanadi,Mahanadi,Seonath,kharun,kharun,kharun,21.34194444,81.59277778,18-04-2026 09:00,5.53
3866,Pathardihi,CWC,22,Chhattisgarh,387,RAIPUR,DHARSIWA,-,-,Mahanadi,Mahanadi,Seonath,kharun,kharun,kharun,21.34194444,81.59277778,19-04-2026 08:00,5.53
3867,Pathardihi,CWC,22,Chhattisgarh,387,RAIPUR,DHARSIWA,-,-,Mahanadi,Mahanadi,Seonath,kharun,kharun,kharun,21.34194444,81.59277778,20-04-2026 09:00,5.533
3868,Pathardihi,CWC,22,Chhattisgarh,387,RAIPUR,DHARSIWA,-,-,Mahanadi,Mahanadi,Seonath,kharun,kharun,kharun,21.34194444,81.59277778,21-04-2026 08:15,4.966
3869,Pathardihi,CWC,22,Chhattisgarh,387,RAIPUR,DHARSIWA,-,-,Mahanadi,Mahanadi,Seonath,kharun,kharun,kharun,21.34194444,81.59277778,22-04-2026 08:15,5.406
3870,Pathardihi,CWC,22,Chhattisgarh,387,RAIPUR,DHARSIWA,-,-,Mahanadi,Mahanadi,Seonath,kharun,kharun,kharun,21.34194444,81.59277778,23-04-2026 08:15,4.532
3871,Pathardihi,CWC,22,Chhattisgarh,387,RAIPUR,DHARSIWA,-,-,Mahanadi,Mahanadi,Seonath,kharun,kharun,kharun,21.34194444,81.59277778,24-04-2026 08:15,4.76
3872,Pathardihi,CWC,22,Chhattisgarh,387,RAIPUR,DHARSIWA,-,-,Mahanadi,Mahanadi,Seonath,kharun,kharun,kharun,21.34194444,81.59277778,25-04-2026 09:00,4.519
3873,Pathardihi,CWC,22,Chhattisgarh,387,RAIPUR,DHARSIWA,-,-,Mahanadi,Mahanadi,Seonath,kharun,kharun,kharun,21.34194444,81.59277778,26-04-2026 08:00,4.519
3874,Pathardihi,CWC,22,Chhattisgarh,387,RAIPUR,DHARSIWA,-,-,Mahanadi,Mahanadi,Seonath,kharun,kharun,kharun,21.34194444,81.59277778,27-04-2026 09:00,4.206
3875,Pathardihi,CWC,22,Chhattisgarh,387,RAIPUR,DHARSIWA,-,-,Mahanadi,Mahanadi,Seonath,kharun,kharun,kharun,21.34194444,81.59277778,28-04-2026 09:00,4.699
3876,Pathardihi,CWC,22,Chhattisgarh,387,RAIPUR,DHARSIWA,-,-,Mahanadi,Mahanadi,Seonath,kharun,kharun,kharun,21.34194444,81.59277778,29-04-2026 09:00,3.721
3877,Pathardihi,CWC,22,Chhattisgarh,387,RAIPUR,DHARSIWA,-,-,Mahanadi,Mahanadi,Seonath,kharun,kharun,kharun,21.34194444,81.59277778,30-04-2026 09:00,4.099
3878,Pathardihi,CWC,22,Chhattisgarh,387,RAIPUR,DHARSIWA,-,-,Mahanadi,Mahanadi,Seonath,kharun,kharun,kharun,21.34194444,81.59277778,01-05-2026 08:00,3.45
3879,Pathardihi,CWC,22,Chhattisgarh,387,RAIPUR,DHARSIWA,-,-,Mahanadi,Mahanadi,Seonath,kharun,kharun,kharun,21.34194444,81.59277778,02-05-2026 08:00,3.45
3880,Pathardihi,CWC,22,Chhattisgarh,387,RAIPUR,DHARSIWA,-,-,Mahanadi,Mahanadi,Seonath,kharun,kharun,kharun,21.34194444,81.59277778,02-05-2026 09:00,3.443
3881,Pathardihi,CWC,22,Chhattisgarh,387,RAIPUR,DHARSIWA,-,-,Mahanadi,Mahanadi,Seonath,kharun,kharun,kharun,21.34194444,81.59277778,03-05-2026 08:00,3.52
3882,Pathardihi,CWC,22,Chhattisgarh,387,RAIPUR,DHARSIWA,-,-,Mahanadi,Mahanadi,Seonath,kharun,kharun,kharun,21.34194444,81.59277778,04-05-2026 08:00,5.1
3883,Pathardihi,CWC,22,Chhattisgarh,387,RAIPUR,DHARSIWA,-,-,Mahanadi,Mahanadi,Seonath,kharun,kharun,kharun,21.34194444,81.59277778,04-05-2026 09:00,5.229
3884,Pathardihi,CWC,22,Chhattisgarh,387,RAIPUR,DHARSIWA,-,-,Mahanadi,Mahanadi,Seonath,kharun,kharun,kharun,21.34194444,81.59277778,05-05-2026 08:00,5.19
3885,Pathardihi,CWC,22,Chhattisgarh,387,RAIPUR,DHARSIWA,-,-,Mahanadi,Mahanadi,Seonath,kharun,kharun,kharun,21.34194444,81.59277778,05-05-2026 09:00,5.33
3886,Pathardihi,CWC,22,Chhattisgarh,387,RAIPUR,DHARSIWA,-,-,Mahanadi,Mahanadi,Seonath,kharun,kharun,kharun,21.34194444,81.59277778,06-05-2026 08:00,7.31
3887,Pathardihi,CWC,22,Chhattisgarh,387,RAIPUR,DHARSIWA,-,-,Mahanadi,Mahanadi,Seonath,kharun,kharun,kharun,21.34194444,81.59277778,06-05-2026 09:00,7.273
3888,Pathardihi,CWC,22,Chhattisgarh,387,RAIPUR,DHARSIWA,-,-,Mahanadi,Mahanadi,Seonath,kharun,kharun,kharun,21.34194444,81.59277778,07-05-2026 08:00,9.56
3889,Pathardihi,CWC,22,Chhattisgarh,387,RAIPUR,DHARSIWA,-,-,Mahanadi,Mahanadi,Seonath,kharun,kharun,kharun,21.34194444,81.59277778,07-05-2026 09:00,9.582
3890,Pathardihi,CWC,22,Chhattisgarh,387,RAIPUR,DHARSIWA,-,-,Mahanadi,Mahanadi,Seonath,kharun,kharun,kharun,21.34194444,81.59277778,08-05-2026 08:00,8.33
3891,Pathardihi,CWC,22,Chhattisgarh,387,RAIPUR,DHARSIWA,-,-,Mahanadi,Mahanadi,Seonath,kharun,kharun,kharun,21.34194444,81.59277778,08-05-2026 09:00,8.335
3892,Pathardihi,CWC,22,Chhattisgarh,387,RAIPUR,DHARSIWA,-,-,Mahanadi,Mahanadi,Seonath,kharun,kharun,kharun,21.34194444,81.59277778,09-05-2026 08:00,6.4
3893,Pathardihi,CWC,22,Chhattisgarh,387,RAIPUR,DHARSIWA,-,-,Mahanadi,Mahanadi,Seonath,kharun,kharun,kharun,21.34194444,81.59277778,09-05-2026 09:00,7.333
3894,Pathardihi,CWC,22,Chhattisgarh,387,RAIPUR,DHARSIWA,-,-,Mahanadi,Mahanadi,Seonath,kharun,kharun,kharun,21.34194444,81.59277778,10-05-2026 08:00,7.1
3895,Pathardihi,CWC,22,Chhattisgarh,387,RAIPUR,DHARSIWA,-,-,Mahanadi,Mahanadi,Seonath,kharun,kharun,kharun,21.34194444,81.59277778,11-05-2026 08:00,4.1
3896,Pathardihi,CWC,22,Chhattisgarh,387,RAIPUR,DHARSIWA,-,-,Mahanadi,Mahanadi,Seonath,kharun,kharun,kharun,21.34194444,81.59277778,11-05-2026 09:00,4.098
3897,Pathardihi,CWC,22,Chhattisgarh,387,RAIPUR,DHARSIWA,-,-,Mahanadi,Mahanadi,Seonath,kharun,kharun,kharun,21.34194444,81.59277778,12-05-2026 08:00,3.97
3898,Pathardihi,CWC,22,Chhattisgarh,387,RAIPUR,DHARSIWA,-,-,Mahanadi,Mahanadi,Seonath,kharun,kharun,kharun,21.34194444,81.59277778,12-05-2026 09:00,3.969
3899,Pathardihi,CWC,22,Chhattisgarh,387,RAIPUR,DHARSIWA,-,-,Mahanadi,Mahanadi,Seonath,kharun,kharun,kharun,21.34194444,81.59277778,13-05-2026 08:00,2.62
3900,Pathardihi,CWC,22,Chhattisgarh,387,RAIPUR,DHARSIWA,-,-,Mahanadi,Mahanadi,Seonath,kharun,kharun,kharun,21.34194444,81.59277778,13-05-2026 09:00,2.619
3901,Pathardihi,CWC,22,Chhattisgarh,387,RAIPUR,DHARSIWA,-,-,Mahanadi,Mahanadi,Seonath,kharun,kharun,kharun,21.34194444,81.59277778,14-05-2026 08:00,2.49
3902,Pathardihi,CWC,22,Chhattisgarh,387,RAIPUR,DHARSIWA,-,-,Mahanadi,Mahanadi,Seonath,kharun,kharun,kharun,21.34194444,81.59277778,14-05-2026 09:00,2.495
3903,Pathardihi,CWC,22,Chhattisgarh,387,RAIPUR,DHARSIWA,-,-,Mahanadi,Mahanadi,Seonath,kharun,kharun,kharun,21.34194444,81.59277778,15-05-2026 08:00,2.67
3904,Pathardihi,CWC,22,Chhattisgarh,387,RAIPUR,DHARSIWA,-,-,Mahanadi,Mahanadi,Seonath,kharun,kharun,kharun,21.34194444,81.59277778,15-05-2026 09:00,2.664
3905,Pathardihi,CWC,22,Chhattisgarh,387,RAIPUR,DHARSIWA,-,-,Mahanadi,Mahanadi,Seonath,kharun,kharun,kharun,21.34194444,81.59277778,16-05-2026 08:00,2.31
3906,Pathardihi,CWC,22,Chhattisgarh,387,RAIPUR,DHARSIWA,-,-,Mahanadi,Mahanadi,Seonath,kharun,kharun,kharun,21.34194444,81.59277778,16-05-2026 09:00,2.303
3907,Pathardihi,CWC,22,Chhattisgarh,387,RAIPUR,DHARSIWA,-,-,Mahanadi,Mahanadi,Seonath,kharun,kharun,kharun,21.34194444,81.59277778,17-05-2026 08:00,1.99
3908,Pathardihi,CWC,22,Chhattisgarh,387,RAIPUR,DHARSIWA,-,-,Mahanadi,Mahanadi,Seonath,kharun,kharun,kharun,21.34194444,81.59277778,17-05-2026 08:00,1.01
3909,Pathardihi,CWC,22,Chhattisgarh,387,RAIPUR,DHARSIWA,-,-,Mahanadi,Mahanadi,Seonath,kharun,kharun,kharun,21.34194444,81.59277778,18-05-2026 08:00,1.24
3910,Pathardihi,CWC,22,Chhattisgarh,387,RAIPUR,DHARSIWA,-,-,Mahanadi,Mahanadi,Seonath,kharun,kharun,kharun,21.34194444,81.59277778,18-05-2026 09:00,1.24
3911,Pathardihi,CWC,22,Chhattisgarh,387,RAIPUR,DHARSIWA,-,-,Mahanadi,Mahanadi,Seonath,kharun,kharun,kharun,21.34194444,81.59277778,19-05-2026 08:00,1.2
3912,Pathardihi,CWC,22,Chhattisgarh,387,RAIPUR,DHARSIWA,-,-,Mahanadi,Mahanadi,Seonath,kharun,kharun,kharun,21.34194444,81.59277778,19-05-2026 09:00,1.2
3913,Pathardihi,CWC,22,Chhattisgarh,387,RAIPUR,DHARSIWA,-,-,Mahanadi,Mahanadi,Seonath,kharun,kharun,kharun,21.34194444,81.59277778,20-05-2026 08:00,1.12
3914,Pathardihi,CWC,22,Chhattisgarh,387,RAIPUR,DHARSIWA,-,-,Mahanadi,Mahanadi,Seonath,kharun,kharun,kharun,21.34194444,81.59277778,20-05-2026 09:00,0.97082657
3915,Pathardihi,CWC,22,Chhattisgarh,387,RAIPUR,DHARSIWA,-,-,Mahanadi,Mahanadi,Seonath,kharun,kharun,kharun,21.34194444,81.59277778,21-05-2026 08:00,1.06
3916,Pathardihi,CWC,22,Chhattisgarh,387,RAIPUR,DHARSIWA,-,-,Mahanadi,Mahanadi,Seonath,kharun,kharun,kharun,21.34194444,81.59277778,22-05-2026 08:00,1.02
3917,Pathardihi,CWC,22,Chhattisgarh,387,RAIPUR,DHARSIWA,-,-,Mahanadi,Mahanadi,Seonath,kharun,kharun,kharun,21.34194444,81.59277778,23-05-2026 08:00,1.64
3918,Pathardihi,CWC,22,Chhattisgarh,387,RAIPUR,DHARSIWA,-,-,Mahanadi,Mahanadi,Seonath,kharun,kharun,kharun,21.34194444,81.59277778,24-05-2026 08:00,1.5
3919,Pathardihi,CWC,22,Chhattisgarh,387,RAIPUR,DHARSIWA,-,-,Mahanadi,Mahanadi,Seonath,kharun,kharun,kharun,21.34194444,81.59277778,25-05-2026 08:00,5.1
3920,Pathardihi,CWC,22,Chhattisgarh,387,RAIPUR,DHARSIWA,-,-,Mahanadi,Mahanadi,Seonath,kharun,kharun,kharun,21.34194444,81.59277778,26-05-2026 08:00,3.62
3921,Pathardihi,CWC,22,Chhattisgarh,387,RAIPUR,DHARSIWA,-,-,Mahanadi,Mahanadi,Seonath,kharun,kharun,kharun,21.34194444,81.59277778,27-05-2026 08:00,5.25
3922,Pathardihi,CWC,22,Chhattisgarh,387,RAIPUR,DHARSIWA,-,-,Mahanadi,Mahanadi,Seonath,kharun,kharun,kharun,21.34194444,81.59277778,28-05-2026 08:00,4.8
3923,Pathardihi,CWC,22,Chhattisgarh,387,RAIPUR,DHARSIWA,-,-,Mahanadi,Mahanadi,Seonath,kharun,kharun,kharun,21.34194444,81.59277778,29-05-2026 08:00,5.6
3924,Pathardihi,CWC,22,Chhattisgarh,387,RAIPUR,DHARSIWA,-,-,Mahanadi,Mahanadi,Seonath,kharun,kharun,kharun,21.34194444,81.59277778,30-05-2026 08:00,7.88
3925,Pathardihi,CWC,22,Chhattisgarh,387,RAIPUR,DHARSIWA,-,-,Mahanadi,Mahanadi,Seonath,kharun,kharun,kharun,21.34194444,81.59277778,31-05-2026 08:00,6.45
3926,Pathardihi,CWC,22,Chhattisgarh,387,RAIPUR,DHARSIWA,-,-,Mahanadi,Mahanadi,Seonath,kharun,kharun,kharun,21.34194444,81.59277778,01-06-2026 09:00,5.714
3927,Pathardihi,CWC,22,Chhattisgarh,387,RAIPUR,DHARSIWA,-,-,Mahanadi,Mahanadi,Seonath,kharun,kharun,kharun,21.34194444,81.59277778,02-06-2026 09:00,4.696
3928,Pathardihi,CWC,22,Chhattisgarh,387,RAIPUR,DHARSIWA,-,-,Mahanadi,Mahanadi,Seonath,kharun,kharun,kharun,21.34194444,81.59277778,03-06-2026 09:00,4.818
3929,Pathardihi,CWC,22,Chhattisgarh,387,RAIPUR,DHARSIWA,-,-,Mahanadi,Mahanadi,Seonath,kharun,kharun,kharun,21.34194444,81.59277778,04-06-2026 09:00,4.777
3930,Pathardihi,CWC,22,Chhattisgarh,387,RAIPUR,DHARSIWA,-,-,Mahanadi,Mahanadi,Seonath,kharun,kharun,kharun,21.34194444,81.59277778,05-06-2026 08:00,4.26
3931,Pathardihi,CWC,22,Chhattisgarh,387,RAIPUR,DHARSIWA,-,-,Mahanadi,Mahanadi,Seonath,kharun,kharun,kharun,21.34194444,81.59277778,05-06-2026 09:00,4.380148
3932,Pathardihi,CWC,22,Chhattisgarh,387,RAIPUR,DHARSIWA,-,-,Mahanadi,Mahanadi,Seonath,kharun,kharun,kharun,21.34194444,81.59277778,06-06-2026 08:00,3.97
3933,Pathardihi,CWC,22,Chhattisgarh,387,RAIPUR,DHARSIWA,-,-,Mahanadi,Mahanadi,Seonath,kharun,kharun,kharun,21.34194444,81.59277778,06-06-2026 09:00,3.9882598
3934,Pathardihi,CWC,22,Chhattisgarh,387,RAIPUR,DHARSIWA,-,-,Mahanadi,Mahanadi,Seonath,kharun,kharun,kharun,21.34194444,81.59277778,07-06-2026 08:00,3.73
3935,Pathardihi,CWC,22,Chhattisgarh,387,RAIPUR,DHARSIWA,-,-,Mahanadi,Mahanadi,Seonath,kharun,kharun,kharun,21.34194444,81.59277778,08-06-2026 08:00,3.73
3936,Pathardihi,CWC,22,Chhattisgarh,387,RAIPUR,DHARSIWA,-,-,Mahanadi,Mahanadi,Seonath,kharun,kharun,kharun,21.34194444,81.59277778,08-06-2026 09:00,3.7286649
3937,Pathardihi,CWC,22,Chhattisgarh,387,RAIPUR,DHARSIWA,-,-,Mahanadi,Mahanadi,Seonath,kharun,kharun,kharun,21.34194444,81.59277778,09-06-2026 08:00,3.68
3938,Pathardihi,CWC,22,Chhattisgarh,387,RAIPUR,DHARSIWA,-,-,Mahanadi,Mahanadi,Seonath,kharun,kharun,kharun,21.34194444,81.59277778,09-06-2026 09:00,3.6826167
3939,Pathardihi,CWC,22,Chhattisgarh,387,RAIPUR,DHARSIWA,-,-,Mahanadi,Mahanadi,Seonath,kharun,kharun,kharun,21.34194444,81.59277778,10-06-2026 08:00,2.88
3940,Pathardihi,CWC,22,Chhattisgarh,387,RAIPUR,DHARSIWA,-,-,Mahanadi,Mahanadi,Seonath,kharun,kharun,kharun,21.34194444,81.59277778,10-06-2026 09:00,2.878318
3941,Pathardihi,CWC,22,Chhattisgarh,387,RAIPUR,DHARSIWA,-,-,Mahanadi,Mahanadi,Seonath,kharun,kharun,kharun,21.34194444,81.59277778,11-06-2026 08:00,3.04
3942,Pathardihi,CWC,22,Chhattisgarh,387,RAIPUR,DHARSIWA,-,-,Mahanadi,Mahanadi,Seonath,kharun,kharun,kharun,21.34194444,81.59277778,11-06-2026 09:00,3.0395827
3943,Pathardihi,CWC,22,Chhattisgarh,387,RAIPUR,DHARSIWA,-,-,Mahanadi,Mahanadi,Seonath,kharun,kharun,kharun,21.34194444,81.59277778,12-06-2026 08:00,5.49
3944,Pathardihi,CWC,22,Chhattisgarh,387,RAIPUR,DHARSIWA,-,-,Mahanadi,Mahanadi,Seonath,kharun,kharun,kharun,21.34194444,81.59277778,12-06-2026 09:00,5.488417
3945,Pathardihi,CWC,22,Chhattisgarh,387,RAIPUR,DHARSIWA,-,-,Mahanadi,Mahanadi,Seonath,kharun,kharun,kharun,21.34194444,81.59277778,13-06-2026 08:00,4.93
3946,Pathardihi,CWC,22,Chhattisgarh,387,RAIPUR,DHARSIWA,-,-,Mahanadi,Mahanadi,Seonath,kharun,kharun,kharun,21.34194444,81.59277778,13-06-2026 09:00,4.9326897
3947,Pathardihi,CWC,22,Chhattisgarh,387,RAIPUR,DHARSIWA,-,-,Mahanadi,Mahanadi,Seonath,kharun,kharun,kharun,21.34194444,81.59277778,14-06-2026 08:00,3.99
3948,Pathardihi,CWC,22,Chhattisgarh,387,RAIPUR,DHARSIWA,-,-,Mahanadi,Mahanadi,Seonath,kharun,kharun,kharun,21.34194444,81.59277778,15-06-2026 08:00,3.11
3949,Pathardihi,CWC,22,Chhattisgarh,387,RAIPUR,DHARSIWA,-,-,Mahanadi,Mahanadi,Seonath,kharun,kharun,kharun,21.34194444,81.59277778,15-06-2026 09:00,3.1079001
3950,Pathardihi,CWC,22,Chhattisgarh,387,RAIPUR,DHARSIWA,-,-,Mahanadi,Mahanadi,Seonath,kharun,kharun,kharun,21.34194444,81.59277778,16-06-2026 08:00,6.98
3951,Pathardihi,CWC,22,Chhattisgarh,387,RAIPUR,DHARSIWA,-,-,Mahanadi,Mahanadi,Seonath,kharun,kharun,kharun,21.34194444,81.59277778,16-06-2026 09:00,6.918648
3952,Pathardihi,CWC,22,Chhattisgarh,387,RAIPUR,DHARSIWA,-,-,Mahanadi,Mahanadi,Seonath,kharun,kharun,kharun,21.34194444,81.59277778,17-06-2026 08:00,6.99
3953,Pathardihi,CWC,22,Chhattisgarh,387,RAIPUR,DHARSIWA,-,-,Mahanadi,Mahanadi,Seonath,kharun,kharun,kharun,21.34194444,81.59277778,17-06-2026 09:00,6.986133
3954,Pathardihi,CWC,22,Chhattisgarh,387,RAIPUR,DHARSIWA,-,-,Mahanadi,Mahanadi,Seonath,kharun,kharun,kharun,21.34194444,81.59277778,18-06-2026 08:00,6.76
3955,Pathardihi,CWC,22,Chhattisgarh,387,RAIPUR,DHARSIWA,-,-,Mahanadi,Mahanadi,Seonath,kharun,kharun,kharun,21.34194444,81.59277778,18-06-2026 09:00,6.761373
3956,Pathardihi,CWC,22,Chhattisgarh,387,RAIPUR,DHARSIWA,-,-,Mahanadi,Mahanadi,Seonath,kharun,kharun,kharun,21.34194444,81.59277778,19-06-2026 08:00,7.13
3957,Pathardihi,CWC,22,Chhattisgarh,387,RAIPUR,DHARSIWA,-,-,Mahanadi,Mahanadi,Seonath,kharun,kharun,kharun,21.34194444,81.59277778,19-06-2026 09:00,7.1312504
3958,Pathardihi,CWC,22,Chhattisgarh,387,RAIPUR,DHARSIWA,-,-,Mahanadi,Mahanadi,Seonath,kharun,kharun,kharun,21.34194444,81.59277778,20-06-2026 08:00,6.37
3959,Pathardihi,CWC,22,Chhattisgarh,387,RAIPUR,DHARSIWA,-,-,Mahanadi,Mahanadi,Seonath,kharun,kharun,kharun,21.34194444,81.59277778,21-06-2026 08:00,6.2
3960,Pathardihi,CWC,22,Chhattisgarh,387,RAIPUR,DHARSIWA,-,-,Mahanadi,Mahanadi,Seonath,kharun,kharun,kharun,21.34194444,81.59277778,22-06-2026 08:00,6.75
3961,Pathardihi,CWC,22,Chhattisgarh,387,RAIPUR,DHARSIWA,-,-,Mahanadi,Mahanadi,Seonath,kharun,kharun,kharun,21.34194444,81.59277778,22-06-2026 09:00,6.7445197
3962,Pathardihi,CWC,22,Chhattisgarh,387,RAIPUR,DHARSIWA,-,-,Mahanadi,Mahanadi,Seonath,kharun,kharun,kharun,21.34194444,81.59277778,23-06-2026 08:00,6.73
3963,Pathardihi,CWC,22,Chhattisgarh,387,RAIPUR,DHARSIWA,-,-,Mahanadi,Mahanadi,Seonath,kharun,kharun,kharun,21.34194444,81.59277778,23-06-2026 09:00,6.7329736
3964,Pathardihi,CWC,22,Chhattisgarh,387,RAIPUR,DHARSIWA,-,-,Mahanadi,Mahanadi,Seonath,kharun,kharun,kharun,21.34194444,81.59277778,24-06-2026 08:00,6.68
3965,Pathardihi,CWC,22,Chhattisgarh,387,RAIPUR,DHARSIWA,-,-,Mahanadi,Mahanadi,Seonath,kharun,kharun,kharun,21.34194444,81.59277778,24-06-2026 09:00,6.680081
3966,Pathardihi,CWC,22,Chhattisgarh,387,RAIPUR,DHARSIWA,-,-,Mahanadi,Mahanadi,Seonath,kharun,kharun,kharun,21.34194444,81.59277778,25-06-2026 08:00,8.85
3967,Pathardihi,CWC,22,Chhattisgarh,387,RAIPUR,DHARSIWA,-,-,Mahanadi,Mahanadi,Seonath,kharun,kharun,kharun,21.34194444,81.59277778,25-06-2026 09:00,8.915892
3968,Pathardihi,CWC,22,Chhattisgarh,387,RAIPUR,DHARSIWA,-,-,Mahanadi,Mahanadi,Seonath,kharun,kharun,kharun,21.34194444,81.59277778,26-06-2026 08:00,8.99
3969,Pathardihi,CWC,22,Chhattisgarh,387,RAIPUR,DHARSIWA,-,-,Mahanadi,Mahanadi,Seonath,kharun,kharun,kharun,21.34194444,81.59277778,27-06-2026 08:00,6.5
3970,Pathardihi,CWC,22,Chhattisgarh,387,RAIPUR,DHARSIWA,-,-,Mahanadi,Mahanadi,Seonath,kharun,kharun,kharun,21.34194444,81.59277778,27-06-2026 09:00,7.950602
3971,Pathardihi,CWC,22,Chhattisgarh,387,RAIPUR,DHARSIWA,-,-,Mahanadi,Mahanadi,Seonath,kharun,kharun,kharun,21.34194444,81.59277778,28-06-2026 08:00,5.1
3972,Pathardihi,CWC,22,Chhattisgarh,387,RAIPUR,DHARSIWA,-,-,Mahanadi,Mahanadi,Seonath,kharun,kharun,kharun,21.34194444,81.59277778,29-06-2026 08:00,5.33
3973,Pathardihi,CWC,22,Chhattisgarh,387,RAIPUR,DHARSIWA,-,-,Mahanadi,Mahanadi,Seonath,kharun,kharun,kharun,21.34194444,81.59277778,29-06-2026 09:00,5.2641163
3974,Pathardihi,CWC,22,Chhattisgarh,387,RAIPUR,DHARSIWA,-,-,Mahanadi,Mahanadi,Seonath,kharun,kharun,kharun,21.34194444,81.59277778,30-06-2026 08:00,5.84
3975,Pathardihi,CWC,22,Chhattisgarh,387,RAIPUR,DHARSIWA,-,-,Mahanadi,Mahanadi,Seonath,kharun,kharun,kharun,21.34194444,81.59277778,30-06-2026 09:00,6.3466535
3976,Pathardihi,CWC,22,Chhattisgarh,387,RAIPUR,DHARSIWA,-,-,Mahanadi,Mahanadi,Seonath,kharun,kharun,kharun,21.34194444,81.59277778,01-07-2026 09:00,7.259
3977,Pathardihi,CWC,22,Chhattisgarh,387,RAIPUR,DHARSIWA,-,-,Mahanadi,Mahanadi,Seonath,kharun,kharun,kharun,21.34194444,81.59277778,02-07-2026 09:00,6.324
3978,Pathardihi,CWC,22,Chhattisgarh,387,RAIPUR,DHARSIWA,-,-,Mahanadi,Mahanadi,Seonath,kharun,kharun,kharun,21.34194444,81.59277778,03-07-2026 09:00,6.342
3979,Pathardihi,CWC,22,Chhattisgarh,387,RAIPUR,DHARSIWA,-,-,Mahanadi,Mahanadi,Seonath,kharun,kharun,kharun,21.34194444,81.59277778,04-07-2026 09:00,6.594
3980,Pathardihi,CWC,22,Chhattisgarh,387,RAIPUR,DHARSIWA,-,-,Mahanadi,Mahanadi,Seonath,kharun,kharun,kharun,21.34194444,81.59277778,05-07-2026 08:00,65.88
3981,Pathardihi,CWC,22,Chhattisgarh,387,RAIPUR,DHARSIWA,-,-,Mahanadi,Mahanadi,Seonath,kharun,kharun,kharun,21.34194444,81.59277778,06-07-2026 10:00,516.658
3982,Pathardihi,CWC,22,Chhattisgarh,387,RAIPUR,DHARSIWA,-,-,Mahanadi,Mahanadi,Seonath,kharun,kharun,kharun,21.34194444,81.59277778,07-07-2026 10:00,445.535
3983,Pathardihi,CWC,22,Chhattisgarh,387,RAIPUR,DHARSIWA,-,-,Mahanadi,Mahanadi,Seonath,kharun,kharun,kharun,21.34194444,81.59277778,08-07-2026 10:00,281.879
3984,Pathardihi,CWC,22,Chhattisgarh,387,RAIPUR,DHARSIWA,-,-,Mahanadi,Mahanadi,Seonath,kharun,kharun,kharun,21.34194444,81.59277778,09-07-2026 10:00,164.995
3985,Pathardihi,CWC,22,Chhattisgarh,387,RAIPUR,DHARSIWA,-,-,Mahanadi,Mahanadi,Seonath,kharun,kharun,kharun,21.34194444,81.59277778,10-07-2026 10:00,81.45
3986,Pathardihi,CWC,22,Chhattisgarh,387,RAIPUR,DHARSIWA,-,-,Mahanadi,Mahanadi,Seonath,kharun,kharun,kharun,21.34194444,81.59277778,11-07-2026 08:00,58.013
3987,Pathardihi,CWC,22,Chhattisgarh,387,RAIPUR,DHARSIWA,-,-,Mahanadi,Mahanadi,Seonath,kharun,kharun,kharun,21.34194444,81.59277778,12-07-2026 08:00,35
3988,Pathardihi,CWC,22,Chhattisgarh,387,RAIPUR,DHARSIWA,-,-,Mahanadi,Mahanadi,Seonath,kharun,kharun,kharun,21.34194444,81.59277778,13-07-2026 08:00,19.5
3989,Pathardihi,CWC,22,Chhattisgarh,387,RAIPUR,DHARSIWA,-,-,Mahanadi,Mahanadi,Seonath,kharun,kharun,kharun,21.34194444,81.59277778,14-07-2026 08:00,16.75
3990,Pathardihi,CWC,22,Chhattisgarh,387,RAIPUR,DHARSIWA,-,-,Mahanadi,Mahanadi,Seonath,kharun,kharun,kharun,21.34194444,81.59277778,15-07-2026 08:00,15.56
3991,Pathardihi,CWC,22,Chhattisgarh,387,RAIPUR,DHARSIWA,-,-,Mahanadi,Mahanadi,Seonath,kharun,kharun,kharun,21.34194444,81.59277778,16-07-2026 08:00,8.99
3992,Pathardihi,CWC,22,Chhattisgarh,387,RAIPUR,DHARSIWA,-,-,Mahanadi,Mahanadi,Seonath,kharun,kharun,kharun,21.34194444,81.59277778,17-07-2026 08:00,9.64
3993,Pathardihi,CWC,22,Chhattisgarh,387,RAIPUR,DHARSIWA,-,-,Mahanadi,Mahanadi,Seonath,kharun,kharun,kharun,21.34194444,81.59277778,18-07-2026 08:00,10.17
3994,Pathardihi,CWC,22,Chhattisgarh,387,RAIPUR,DHARSIWA,-,-,Mahanadi,Mahanadi,Seonath,kharun,kharun,kharun,21.34194444,81.59277778,19-07-2026 08:00,13.58
3995,Pathardihi,CWC,22,Chhattisgarh,387,RAIPUR,DHARSIWA,-,-,Mahanadi,Mahanadi,Seonath,kharun,kharun,kharun,21.34194444,81.59277778,20-07-2026 08:00,18.7
3996,Pathardihi,CWC,22,Chhattisgarh,387,RAIPUR,DHARSIWA,-,-,Mahanadi,Mahanadi,Seonath,kharun,kharun,kharun,21.34194444,81.59277778,21-07-2026 08:00,88.914
3997,Pathardihi,CWC,22,Chhattisgarh,387,RAIPUR,DHARSIWA,-,-,Mahanadi,Mahanadi,Seonath,kharun,kharun,kharun,21.34194444,81.59277778,22-07-2026 08:00,229.407
3998,Pathardihi,CWC,22,Chhattisgarh,387,RAIPUR,DHARSIWA,-,-,Mahanadi,Mahanadi,Seonath,kharun,kharun,kharun,21.34194444,81.59277778,23-07-2026 08:00,542.345
3999,Pathardihi,CWC,22,Chhattisgarh,387,RAIPUR,DHARSIWA,-,-,Mahanadi,Mahanadi,Seonath,kharun,kharun,kharun,21.34194444,81.59277778,24-07-2026 08:00,293.181
4000,Pathardihi,CWC,22,Chhattisgarh,387,RAIPUR,DHARSIWA,-,-,Mahanadi,Mahanadi,Seonath,kharun,kharun,kharun,21.34194444,81.59277778,25-07-2026 08:00,129.795
4001,Pathardihi,CWC,22,Chhattisgarh,387,RAIPUR,DHARSIWA,-,-,Mahanadi,Mahanadi,Seonath,kharun,kharun,kharun,21.34194444,81.59277778,26-07-2026 08:00,129.795
4002,Pathardihi,CWC,22,Chhattisgarh,387,RAIPUR,DHARSIWA,-,-,Mahanadi,Mahanadi,Seonath,kharun,kharun,kharun,21.34194444,81.59277778,27-07-2026 08:00,20.18
4003,Pathardihi,CWC,22,Chhattisgarh,387,RAIPUR,DHARSIWA,-,-,Mahanadi,Mahanadi,Seonath,kharun,kharun,kharun,21.34194444,81.59277778,28-07-2026 08:00,19.08
4004,Pathardihi,CWC,22,Chhattisgarh,387,RAIPUR,DHARSIWA,-,-,Mahanadi,Mahanadi,Seonath,kharun,kharun,kharun,21.34194444,81.59277778,29-07-2026 08:00,380.818
4005,Pathardihi,CWC,22,Chhattisgarh,387,RAIPUR,DHARSIWA,-,-,Mahanadi,Mahanadi,Seonath,kharun,kharun,kharun,21.34194444,81.59277778,30-07-2026 08:00,922.59
4006,Pathardihi,CWC,22,Chhattisgarh,387,RAIPUR,DHARSIWA,-,-,Mahanadi,Mahanadi,Seonath,kharun,kharun,kharun,21.34194444,81.59277778,31-07-2026 08:00,977.434
4007,RAJIM,CWC,22,Chhattisgarh,645,GARIABAND,RAJIM,-,-,Mahanadi,Mahanadi,-,-,-,Mahanadi,20.97500000,81.88055556,01-01-2026 08:00,820
4008,RAJIM,CWC,22,Chhattisgarh,645,GARIABAND,RAJIM,-,-,Mahanadi,Mahanadi,-,-,-,Mahanadi,20.97500000,81.88055556,01-01-2026 08:00,820
4009,RAJIM,CWC,22,Chhattisgarh,645,GARIABAND,RAJIM,-,-,Mahanadi,Mahanadi,-,-,-,Mahanadi,20.97500000,81.88055556,02-01-2026 08:00,820
4010,RAJIM,CWC,22,Chhattisgarh,645,GARIABAND,RAJIM,-,-,Mahanadi,Mahanadi,-,-,-,Mahanadi,20.97500000,81.88055556,02-01-2026 08:00,820
4011,RAJIM,CWC,22,Chhattisgarh,645,GARIABAND,RAJIM,-,-,Mahanadi,Mahanadi,-,-,-,Mahanadi,20.97500000,81.88055556,03-01-2026 08:00,690
4012,RAJIM,CWC,22,Chhattisgarh,645,GARIABAND,RAJIM,-,-,Mahanadi,Mahanadi,-,-,-,Mahanadi,20.97500000,81.88055556,03-01-2026 08:00,690
4013,RAJIM,CWC,22,Chhattisgarh,645,GARIABAND,RAJIM,-,-,Mahanadi,Mahanadi,-,-,-,Mahanadi,20.97500000,81.88055556,04-01-2026 08:00,690
4014,RAJIM,CWC,22,Chhattisgarh,645,GARIABAND,RAJIM,-,-,Mahanadi,Mahanadi,-,-,-,Mahanadi,20.97500000,81.88055556,04-01-2026 08:00,690
4015,RAJIM,CWC,22,Chhattisgarh,645,GARIABAND,RAJIM,-,-,Mahanadi,Mahanadi,-,-,-,Mahanadi,20.97500000,81.88055556,05-01-2026 08:00,400
4016,RAJIM,CWC,22,Chhattisgarh,645,GARIABAND,RAJIM,-,-,Mahanadi,Mahanadi,-,-,-,Mahanadi,20.97500000,81.88055556,05-01-2026 08:00,400
4017,RAJIM,CWC,22,Chhattisgarh,645,GARIABAND,RAJIM,-,-,Mahanadi,Mahanadi,-,-,-,Mahanadi,20.97500000,81.88055556,06-01-2026 08:00,420
4018,RAJIM,CWC,22,Chhattisgarh,645,GARIABAND,RAJIM,-,-,Mahanadi,Mahanadi,-,-,-,Mahanadi,20.97500000,81.88055556,06-01-2026 08:00,420
4019,RAJIM,CWC,22,Chhattisgarh,645,GARIABAND,RAJIM,-,-,Mahanadi,Mahanadi,-,-,-,Mahanadi,20.97500000,81.88055556,07-01-2026 08:00,420
4020,RAJIM,CWC,22,Chhattisgarh,645,GARIABAND,RAJIM,-,-,Mahanadi,Mahanadi,-,-,-,Mahanadi,20.97500000,81.88055556,07-01-2026 08:00,420
4021,RAJIM,CWC,22,Chhattisgarh,645,GARIABAND,RAJIM,-,-,Mahanadi,Mahanadi,-,-,-,Mahanadi,20.97500000,81.88055556,08-01-2026 08:00,420
4022,RAJIM,CWC,22,Chhattisgarh,645,GARIABAND,RAJIM,-,-,Mahanadi,Mahanadi,-,-,-,Mahanadi,20.97500000,81.88055556,08-01-2026 08:00,420
4023,RAJIM,CWC,22,Chhattisgarh,645,GARIABAND,RAJIM,-,-,Mahanadi,Mahanadi,-,-,-,Mahanadi,20.97500000,81.88055556,09-01-2026 08:00,420
4024,RAJIM,CWC,22,Chhattisgarh,645,GARIABAND,RAJIM,-,-,Mahanadi,Mahanadi,-,-,-,Mahanadi,20.97500000,81.88055556,09-01-2026 08:00,420
4025,RAJIM,CWC,22,Chhattisgarh,645,GARIABAND,RAJIM,-,-,Mahanadi,Mahanadi,-,-,-,Mahanadi,20.97500000,81.88055556,10-01-2026 08:00,360
4026,RAJIM,CWC,22,Chhattisgarh,645,GARIABAND,RAJIM,-,-,Mahanadi,Mahanadi,-,-,-,Mahanadi,20.97500000,81.88055556,10-01-2026 08:00,360
4027,RAJIM,CWC,22,Chhattisgarh,645,GARIABAND,RAJIM,-,-,Mahanadi,Mahanadi,-,-,-,Mahanadi,20.97500000,81.88055556,11-01-2026 08:00,360
4028,RAJIM,CWC,22,Chhattisgarh,645,GARIABAND,RAJIM,-,-,Mahanadi,Mahanadi,-,-,-,Mahanadi,20.97500000,81.88055556,12-01-2026 08:00,225
4029,RAJIM,CWC,22,Chhattisgarh,645,GARIABAND,RAJIM,-,-,Mahanadi,Mahanadi,-,-,-,Mahanadi,20.97500000,81.88055556,13-01-2026 08:00,225
4030,RAJIM,CWC,22,Chhattisgarh,645,GARIABAND,RAJIM,-,-,Mahanadi,Mahanadi,-,-,-,Mahanadi,20.97500000,81.88055556,14-01-2026 08:00,225
4031,RAJIM,CWC,22,Chhattisgarh,645,GARIABAND,RAJIM,-,-,Mahanadi,Mahanadi,-,-,-,Mahanadi,20.97500000,81.88055556,15-01-2026 08:00,4
4032,RAJIM,CWC,22,Chhattisgarh,645,GARIABAND,RAJIM,-,-,Mahanadi,Mahanadi,-,-,-,Mahanadi,20.97500000,81.88055556,15-01-2026 09:00,4
4033,RAJIM,CWC,22,Chhattisgarh,645,GARIABAND,RAJIM,-,-,Mahanadi,Mahanadi,-,-,-,Mahanadi,20.97500000,81.88055556,16-01-2026 08:00,4
4034,RAJIM,CWC,22,Chhattisgarh,645,GARIABAND,RAJIM,-,-,Mahanadi,Mahanadi,-,-,-,Mahanadi,20.97500000,81.88055556,16-01-2026 09:00,4
4035,RAJIM,CWC,22,Chhattisgarh,645,GARIABAND,RAJIM,-,-,Mahanadi,Mahanadi,-,-,-,Mahanadi,20.97500000,81.88055556,17-01-2026 08:00,4.04
4036,RAJIM,CWC,22,Chhattisgarh,645,GARIABAND,RAJIM,-,-,Mahanadi,Mahanadi,-,-,-,Mahanadi,20.97500000,81.88055556,17-01-2026 09:00,4.504
4037,RAJIM,CWC,22,Chhattisgarh,645,GARIABAND,RAJIM,-,-,Mahanadi,Mahanadi,-,-,-,Mahanadi,20.97500000,81.88055556,18-01-2026 08:00,4.504
4038,RAJIM,CWC,22,Chhattisgarh,645,GARIABAND,RAJIM,-,-,Mahanadi,Mahanadi,-,-,-,Mahanadi,20.97500000,81.88055556,19-01-2026 08:00,3.9
4039,RAJIM,CWC,22,Chhattisgarh,645,GARIABAND,RAJIM,-,-,Mahanadi,Mahanadi,-,-,-,Mahanadi,20.97500000,81.88055556,20-01-2026 08:00,4.138
4040,RAJIM,CWC,22,Chhattisgarh,645,GARIABAND,RAJIM,-,-,Mahanadi,Mahanadi,-,-,-,Mahanadi,20.97500000,81.88055556,20-01-2026 09:00,4.354
4041,RAJIM,CWC,22,Chhattisgarh,645,GARIABAND,RAJIM,-,-,Mahanadi,Mahanadi,-,-,-,Mahanadi,20.97500000,81.88055556,21-01-2026 09:00,3.72
4042,RAJIM,CWC,22,Chhattisgarh,645,GARIABAND,RAJIM,-,-,Mahanadi,Mahanadi,-,-,-,Mahanadi,20.97500000,81.88055556,22-01-2026 09:00,2.548
4043,RAJIM,CWC,22,Chhattisgarh,645,GARIABAND,RAJIM,-,-,Mahanadi,Mahanadi,-,-,-,Mahanadi,20.97500000,81.88055556,23-01-2026 09:00,2.596
4044,RAJIM,CWC,22,Chhattisgarh,645,GARIABAND,RAJIM,-,-,Mahanadi,Mahanadi,-,-,-,Mahanadi,20.97500000,81.88055556,24-01-2026 09:00,2.655
4045,RAJIM,CWC,22,Chhattisgarh,645,GARIABAND,RAJIM,-,-,Mahanadi,Mahanadi,-,-,-,Mahanadi,20.97500000,81.88055556,25-01-2026 08:00,2.21
4046,RAJIM,CWC,22,Chhattisgarh,645,GARIABAND,RAJIM,-,-,Mahanadi,Mahanadi,-,-,-,Mahanadi,20.97500000,81.88055556,26-01-2026 08:00,1.76
4047,RAJIM,CWC,22,Chhattisgarh,645,GARIABAND,RAJIM,-,-,Mahanadi,Mahanadi,-,-,-,Mahanadi,20.97500000,81.88055556,27-01-2026 09:00,3.324
4048,RAJIM,CWC,22,Chhattisgarh,645,GARIABAND,RAJIM,-,-,Mahanadi,Mahanadi,-,-,-,Mahanadi,20.97500000,81.88055556,28-01-2026 09:00,16.057
4049,RAJIM,CWC,22,Chhattisgarh,645,GARIABAND,RAJIM,-,-,Mahanadi,Mahanadi,-,-,-,Mahanadi,20.97500000,81.88055556,29-01-2026 09:00,15.538
4050,RAJIM,CWC,22,Chhattisgarh,645,GARIABAND,RAJIM,-,-,Mahanadi,Mahanadi,-,-,-,Mahanadi,20.97500000,81.88055556,30-01-2026 09:00,15.551
4051,RAJIM,CWC,22,Chhattisgarh,645,GARIABAND,RAJIM,-,-,Mahanadi,Mahanadi,-,-,-,Mahanadi,20.97500000,81.88055556,31-01-2026 09:00,14.838
4052,RAJIM,CWC,22,Chhattisgarh,645,GARIABAND,RAJIM,-,-,Mahanadi,Mahanadi,-,-,-,Mahanadi,20.97500000,81.88055556,01-02-2026 08:00,11.1
4053,RAJIM,CWC,22,Chhattisgarh,645,GARIABAND,RAJIM,-,-,Mahanadi,Mahanadi,-,-,-,Mahanadi,20.97500000,81.88055556,02-02-2026 08:00,11.1
4054,RAJIM,CWC,22,Chhattisgarh,645,GARIABAND,RAJIM,-,-,Mahanadi,Mahanadi,-,-,-,Mahanadi,20.97500000,81.88055556,03-02-2026 08:00,4.01
4055,RAJIM,CWC,22,Chhattisgarh,645,GARIABAND,RAJIM,-,-,Mahanadi,Mahanadi,-,-,-,Mahanadi,20.97500000,81.88055556,04-02-2026 08:00,3.98
4056,RAJIM,CWC,22,Chhattisgarh,645,GARIABAND,RAJIM,-,-,Mahanadi,Mahanadi,-,-,-,Mahanadi,20.97500000,81.88055556,05-02-2026 08:00,3.98
4057,RAJIM,CWC,22,Chhattisgarh,645,GARIABAND,RAJIM,-,-,Mahanadi,Mahanadi,-,-,-,Mahanadi,20.97500000,81.88055556,06-02-2026 08:00,3.27
4058,RAJIM,CWC,22,Chhattisgarh,645,GARIABAND,RAJIM,-,-,Mahanadi,Mahanadi,-,-,-,Mahanadi,20.97500000,81.88055556,07-02-2026 08:00,9.24
4059,RAJIM,CWC,22,Chhattisgarh,645,GARIABAND,RAJIM,-,-,Mahanadi,Mahanadi,-,-,-,Mahanadi,20.97500000,81.88055556,08-02-2026 08:00,9
4060,RAJIM,CWC,22,Chhattisgarh,645,GARIABAND,RAJIM,-,-,Mahanadi,Mahanadi,-,-,-,Mahanadi,20.97500000,81.88055556,09-02-2026 08:00,4
4061,RAJIM,CWC,22,Chhattisgarh,645,GARIABAND,RAJIM,-,-,Mahanadi,Mahanadi,-,-,-,Mahanadi,20.97500000,81.88055556,10-02-2026 08:00,4.51
4062,RAJIM,CWC,22,Chhattisgarh,645,GARIABAND,RAJIM,-,-,Mahanadi,Mahanadi,-,-,-,Mahanadi,20.97500000,81.88055556,11-02-2026 08:00,4.42
4063,RAJIM,CWC,22,Chhattisgarh,645,GARIABAND,RAJIM,-,-,Mahanadi,Mahanadi,-,-,-,Mahanadi,20.97500000,81.88055556,12-02-2026 08:00,5.05
4064,RAJIM,CWC,22,Chhattisgarh,645,GARIABAND,RAJIM,-,-,Mahanadi,Mahanadi,-,-,-,Mahanadi,20.97500000,81.88055556,13-02-2026 08:00,5.08
4065,RAJIM,CWC,22,Chhattisgarh,645,GARIABAND,RAJIM,-,-,Mahanadi,Mahanadi,-,-,-,Mahanadi,20.97500000,81.88055556,14-02-2026 08:00,5.06
4066,RAJIM,CWC,22,Chhattisgarh,645,GARIABAND,RAJIM,-,-,Mahanadi,Mahanadi,-,-,-,Mahanadi,20.97500000,81.88055556,15-02-2026 08:00,5.87
4067,RAJIM,CWC,22,Chhattisgarh,645,GARIABAND,RAJIM,-,-,Mahanadi,Mahanadi,-,-,-,Mahanadi,20.97500000,81.88055556,16-02-2026 08:00,6.32
4068,RAJIM,CWC,22,Chhattisgarh,645,GARIABAND,RAJIM,-,-,Mahanadi,Mahanadi,-,-,-,Mahanadi,20.97500000,81.88055556,17-02-2026 08:00,6.42
4069,RAJIM,CWC,22,Chhattisgarh,645,GARIABAND,RAJIM,-,-,Mahanadi,Mahanadi,-,-,-,Mahanadi,20.97500000,81.88055556,18-02-2026 08:00,6.39
4070,RAJIM,CWC,22,Chhattisgarh,645,GARIABAND,RAJIM,-,-,Mahanadi,Mahanadi,-,-,-,Mahanadi,20.97500000,81.88055556,19-02-2026 08:00,6.3
4071,RAJIM,CWC,22,Chhattisgarh,645,GARIABAND,RAJIM,-,-,Mahanadi,Mahanadi,-,-,-,Mahanadi,20.97500000,81.88055556,20-02-2026 08:00,6.16
4072,RAJIM,CWC,22,Chhattisgarh,645,GARIABAND,RAJIM,-,-,Mahanadi,Mahanadi,-,-,-,Mahanadi,20.97500000,81.88055556,21-02-2026 08:00,6.26
4073,RAJIM,CWC,22,Chhattisgarh,645,GARIABAND,RAJIM,-,-,Mahanadi,Mahanadi,-,-,-,Mahanadi,20.97500000,81.88055556,22-02-2026 08:00,6.26
4074,RAJIM,CWC,22,Chhattisgarh,645,GARIABAND,RAJIM,-,-,Mahanadi,Mahanadi,-,-,-,Mahanadi,20.97500000,81.88055556,23-02-2026 08:00,6.32
4075,RAJIM,CWC,22,Chhattisgarh,645,GARIABAND,RAJIM,-,-,Mahanadi,Mahanadi,-,-,-,Mahanadi,20.97500000,81.88055556,24-02-2026 08:00,6.29
4076,RAJIM,CWC,22,Chhattisgarh,645,GARIABAND,RAJIM,-,-,Mahanadi,Mahanadi,-,-,-,Mahanadi,20.97500000,81.88055556,25-02-2026 08:00,6.23
4077,RAJIM,CWC,22,Chhattisgarh,645,GARIABAND,RAJIM,-,-,Mahanadi,Mahanadi,-,-,-,Mahanadi,20.97500000,81.88055556,26-02-2026 08:00,7.66
4078,RAJIM,CWC,22,Chhattisgarh,645,GARIABAND,RAJIM,-,-,Mahanadi,Mahanadi,-,-,-,Mahanadi,20.97500000,81.88055556,27-02-2026 08:00,7.63
4079,RAJIM,CWC,22,Chhattisgarh,645,GARIABAND,RAJIM,-,-,Mahanadi,Mahanadi,-,-,-,Mahanadi,20.97500000,81.88055556,28-02-2026 08:00,7.06
4080,RAJIM,CWC,22,Chhattisgarh,645,GARIABAND,RAJIM,-,-,Mahanadi,Mahanadi,-,-,-,Mahanadi,20.97500000,81.88055556,01-03-2026 08:00,2.45
4081,RAJIM,CWC,22,Chhattisgarh,645,GARIABAND,RAJIM,-,-,Mahanadi,Mahanadi,-,-,-,Mahanadi,20.97500000,81.88055556,02-03-2026 08:00,2.62
4082,RAJIM,CWC,22,Chhattisgarh,645,GARIABAND,RAJIM,-,-,Mahanadi,Mahanadi,-,-,-,Mahanadi,20.97500000,81.88055556,03-03-2026 08:00,2.24
4083,RAJIM,CWC,22,Chhattisgarh,645,GARIABAND,RAJIM,-,-,Mahanadi,Mahanadi,-,-,-,Mahanadi,20.97500000,81.88055556,04-03-2026 08:00,2.24
4084,RAJIM,CWC,22,Chhattisgarh,645,GARIABAND,RAJIM,-,-,Mahanadi,Mahanadi,-,-,-,Mahanadi,20.97500000,81.88055556,05-03-2026 08:00,1.43
4085,RAJIM,CWC,22,Chhattisgarh,645,GARIABAND,RAJIM,-,-,Mahanadi,Mahanadi,-,-,-,Mahanadi,20.97500000,81.88055556,06-03-2026 08:00,1.36
4086,RAJIM,CWC,22,Chhattisgarh,645,GARIABAND,RAJIM,-,-,Mahanadi,Mahanadi,-,-,-,Mahanadi,20.97500000,81.88055556,07-03-2026 08:00,0.94
4087,RAJIM,CWC,22,Chhattisgarh,645,GARIABAND,RAJIM,-,-,Mahanadi,Mahanadi,-,-,-,Mahanadi,20.97500000,81.88055556,08-03-2026 08:00,0
4088,RAJIM,CWC,22,Chhattisgarh,645,GARIABAND,RAJIM,-,-,Mahanadi,Mahanadi,-,-,-,Mahanadi,20.97500000,81.88055556,09-03-2026 08:00,0
4089,RAJIM,CWC,22,Chhattisgarh,645,GARIABAND,RAJIM,-,-,Mahanadi,Mahanadi,-,-,-,Mahanadi,20.97500000,81.88055556,10-03-2026 08:00,0
4090,RAJIM,CWC,22,Chhattisgarh,645,GARIABAND,RAJIM,-,-,Mahanadi,Mahanadi,-,-,-,Mahanadi,20.97500000,81.88055556,11-03-2026 08:00,0
4091,RAJIM,CWC,22,Chhattisgarh,645,GARIABAND,RAJIM,-,-,Mahanadi,Mahanadi,-,-,-,Mahanadi,20.97500000,81.88055556,12-03-2026 08:00,0
4092,RAJIM,CWC,22,Chhattisgarh,645,GARIABAND,RAJIM,-,-,Mahanadi,Mahanadi,-,-,-,Mahanadi,20.97500000,81.88055556,13-03-2026 08:00,0
4093,RAJIM,CWC,22,Chhattisgarh,645,GARIABAND,RAJIM,-,-,Mahanadi,Mahanadi,-,-,-,Mahanadi,20.97500000,81.88055556,14-03-2026 08:00,0
4094,RAJIM,CWC,22,Chhattisgarh,645,GARIABAND,RAJIM,-,-,Mahanadi,Mahanadi,-,-,-,Mahanadi,20.97500000,81.88055556,15-03-2026 08:00,0
4095,RAJIM,CWC,22,Chhattisgarh,645,GARIABAND,RAJIM,-,-,Mahanadi,Mahanadi,-,-,-,Mahanadi,20.97500000,81.88055556,16-03-2026 08:00,0
4096,RAJIM,CWC,22,Chhattisgarh,645,GARIABAND,RAJIM,-,-,Mahanadi,Mahanadi,-,-,-,Mahanadi,20.97500000,81.88055556,17-03-2026 08:00,0
4097,RAJIM,CWC,22,Chhattisgarh,645,GARIABAND,RAJIM,-,-,Mahanadi,Mahanadi,-,-,-,Mahanadi,20.97500000,81.88055556,18-03-2026 08:00,0
4098,RAJIM,CWC,22,Chhattisgarh,645,GARIABAND,RAJIM,-,-,Mahanadi,Mahanadi,-,-,-,Mahanadi,20.97500000,81.88055556,19-03-2026 08:00,0
4099,RAJIM,CWC,22,Chhattisgarh,645,GARIABAND,RAJIM,-,-,Mahanadi,Mahanadi,-,-,-,Mahanadi,20.97500000,81.88055556,20-03-2026 08:00,0
4100,RAJIM,CWC,22,Chhattisgarh,645,GARIABAND,RAJIM,-,-,Mahanadi,Mahanadi,-,-,-,Mahanadi,20.97500000,81.88055556,21-03-2026 08:00,0
4101,RAJIM,CWC,22,Chhattisgarh,645,GARIABAND,RAJIM,-,-,Mahanadi,Mahanadi,-,-,-,Mahanadi,20.97500000,81.88055556,22-03-2026 08:00,0
4102,RAJIM,CWC,22,Chhattisgarh,645,GARIABAND,RAJIM,-,-,Mahanadi,Mahanadi,-,-,-,Mahanadi,20.97500000,81.88055556,23-03-2026 08:00,0
4103,RAJIM,CWC,22,Chhattisgarh,645,GARIABAND,RAJIM,-,-,Mahanadi,Mahanadi,-,-,-,Mahanadi,20.97500000,81.88055556,24-03-2026 08:00,0
4104,RAJIM,CWC,22,Chhattisgarh,645,GARIABAND,RAJIM,-,-,Mahanadi,Mahanadi,-,-,-,Mahanadi,20.97500000,81.88055556,25-03-2026 08:00,0
4105,RAJIM,CWC,22,Chhattisgarh,645,GARIABAND,RAJIM,-,-,Mahanadi,Mahanadi,-,-,-,Mahanadi,20.97500000,81.88055556,26-03-2026 08:00,0
4106,RAJIM,CWC,22,Chhattisgarh,645,GARIABAND,RAJIM,-,-,Mahanadi,Mahanadi,-,-,-,Mahanadi,20.97500000,81.88055556,27-03-2026 08:00,0
4107,RAJIM,CWC,22,Chhattisgarh,645,GARIABAND,RAJIM,-,-,Mahanadi,Mahanadi,-,-,-,Mahanadi,20.97500000,81.88055556,28-03-2026 08:00,0
4108,RAJIM,CWC,22,Chhattisgarh,645,GARIABAND,RAJIM,-,-,Mahanadi,Mahanadi,-,-,-,Mahanadi,20.97500000,81.88055556,29-03-2026 08:00,0
4109,RAJIM,CWC,22,Chhattisgarh,645,GARIABAND,RAJIM,-,-,Mahanadi,Mahanadi,-,-,-,Mahanadi,20.97500000,81.88055556,30-03-2026 08:00,0
4110,RAJIM,CWC,22,Chhattisgarh,645,GARIABAND,RAJIM,-,-,Mahanadi,Mahanadi,-,-,-,Mahanadi,20.97500000,81.88055556,31-03-2026 08:00,0
4111,RAJIM,CWC,22,Chhattisgarh,645,GARIABAND,RAJIM,-,-,Mahanadi,Mahanadi,-,-,-,Mahanadi,20.97500000,81.88055556,01-04-2026 08:00,0
4112,RAJIM,CWC,22,Chhattisgarh,645,GARIABAND,RAJIM,-,-,Mahanadi,Mahanadi,-,-,-,Mahanadi,20.97500000,81.88055556,02-04-2026 08:00,0
4113,RAJIM,CWC,22,Chhattisgarh,645,GARIABAND,RAJIM,-,-,Mahanadi,Mahanadi,-,-,-,Mahanadi,20.97500000,81.88055556,03-04-2026 08:00,0
4114,RAJIM,CWC,22,Chhattisgarh,645,GARIABAND,RAJIM,-,-,Mahanadi,Mahanadi,-,-,-,Mahanadi,20.97500000,81.88055556,04-04-2026 08:00,0
4115,RAJIM,CWC,22,Chhattisgarh,645,GARIABAND,RAJIM,-,-,Mahanadi,Mahanadi,-,-,-,Mahanadi,20.97500000,81.88055556,05-04-2026 08:00,0
4116,RAJIM,CWC,22,Chhattisgarh,645,GARIABAND,RAJIM,-,-,Mahanadi,Mahanadi,-,-,-,Mahanadi,20.97500000,81.88055556,06-04-2026 08:00,0
4117,RAJIM,CWC,22,Chhattisgarh,645,GARIABAND,RAJIM,-,-,Mahanadi,Mahanadi,-,-,-,Mahanadi,20.97500000,81.88055556,07-04-2026 08:00,0
4118,RAJIM,CWC,22,Chhattisgarh,645,GARIABAND,RAJIM,-,-,Mahanadi,Mahanadi,-,-,-,Mahanadi,20.97500000,81.88055556,08-04-2026 08:00,0
4119,RAJIM,CWC,22,Chhattisgarh,645,GARIABAND,RAJIM,-,-,Mahanadi,Mahanadi,-,-,-,Mahanadi,20.97500000,81.88055556,09-04-2026 08:00,0
4120,RAJIM,CWC,22,Chhattisgarh,645,GARIABAND,RAJIM,-,-,Mahanadi,Mahanadi,-,-,-,Mahanadi,20.97500000,81.88055556,10-04-2026 08:00,0
4121,RAJIM,CWC,22,Chhattisgarh,645,GARIABAND,RAJIM,-,-,Mahanadi,Mahanadi,-,-,-,Mahanadi,20.97500000,81.88055556,11-04-2026 08:00,0
4122,RAJIM,CWC,22,Chhattisgarh,645,GARIABAND,RAJIM,-,-,Mahanadi,Mahanadi,-,-,-,Mahanadi,20.97500000,81.88055556,12-04-2026 08:00,0
4123,RAJIM,CWC,22,Chhattisgarh,645,GARIABAND,RAJIM,-,-,Mahanadi,Mahanadi,-,-,-,Mahanadi,20.97500000,81.88055556,13-04-2026 08:00,0
4124,RAJIM,CWC,22,Chhattisgarh,645,GARIABAND,RAJIM,-,-,Mahanadi,Mahanadi,-,-,-,Mahanadi,20.97500000,81.88055556,14-04-2026 08:00,0
4125,RAJIM,CWC,22,Chhattisgarh,645,GARIABAND,RAJIM,-,-,Mahanadi,Mahanadi,-,-,-,Mahanadi,20.97500000,81.88055556,15-04-2026 08:00,0
4126,RAJIM,CWC,22,Chhattisgarh,645,GARIABAND,RAJIM,-,-,Mahanadi,Mahanadi,-,-,-,Mahanadi,20.97500000,81.88055556,16-04-2026 08:00,0
4127,RAJIM,CWC,22,Chhattisgarh,645,GARIABAND,RAJIM,-,-,Mahanadi,Mahanadi,-,-,-,Mahanadi,20.97500000,81.88055556,17-04-2026 08:00,0
4128,RAJIM,CWC,22,Chhattisgarh,645,GARIABAND,RAJIM,-,-,Mahanadi,Mahanadi,-,-,-,Mahanadi,20.97500000,81.88055556,18-04-2026 08:00,0
4129,RAJIM,CWC,22,Chhattisgarh,645,GARIABAND,RAJIM,-,-,Mahanadi,Mahanadi,-,-,-,Mahanadi,20.97500000,81.88055556,19-04-2026 08:00,0
4130,RAJIM,CWC,22,Chhattisgarh,645,GARIABAND,RAJIM,-,-,Mahanadi,Mahanadi,-,-,-,Mahanadi,20.97500000,81.88055556,20-04-2026 08:00,0
4131,RAJIM,CWC,22,Chhattisgarh,645,GARIABAND,RAJIM,-,-,Mahanadi,Mahanadi,-,-,-,Mahanadi,20.97500000,81.88055556,21-04-2026 08:00,0
4132,RAJIM,CWC,22,Chhattisgarh,645,GARIABAND,RAJIM,-,-,Mahanadi,Mahanadi,-,-,-,Mahanadi,20.97500000,81.88055556,22-04-2026 08:00,0
4133,RAJIM,CWC,22,Chhattisgarh,645,GARIABAND,RAJIM,-,-,Mahanadi,Mahanadi,-,-,-,Mahanadi,20.97500000,81.88055556,23-04-2026 08:00,0
4134,RAJIM,CWC,22,Chhattisgarh,645,GARIABAND,RAJIM,-,-,Mahanadi,Mahanadi,-,-,-,Mahanadi,20.97500000,81.88055556,24-04-2026 08:00,0
4135,RAJIM,CWC,22,Chhattisgarh,645,GARIABAND,RAJIM,-,-,Mahanadi,Mahanadi,-,-,-,Mahanadi,20.97500000,81.88055556,25-04-2026 08:00,0
4136,RAJIM,CWC,22,Chhattisgarh,645,GARIABAND,RAJIM,-,-,Mahanadi,Mahanadi,-,-,-,Mahanadi,20.97500000,81.88055556,26-04-2026 08:00,0
4137,RAJIM,CWC,22,Chhattisgarh,645,GARIABAND,RAJIM,-,-,Mahanadi,Mahanadi,-,-,-,Mahanadi,20.97500000,81.88055556,27-04-2026 08:00,0
4138,RAJIM,CWC,22,Chhattisgarh,645,GARIABAND,RAJIM,-,-,Mahanadi,Mahanadi,-,-,-,Mahanadi,20.97500000,81.88055556,28-04-2026 08:00,0
4139,RAJIM,CWC,22,Chhattisgarh,645,GARIABAND,RAJIM,-,-,Mahanadi,Mahanadi,-,-,-,Mahanadi,20.97500000,81.88055556,29-04-2026 08:00,0
4140,RAJIM,CWC,22,Chhattisgarh,645,GARIABAND,RAJIM,-,-,Mahanadi,Mahanadi,-,-,-,Mahanadi,20.97500000,81.88055556,30-04-2026 08:00,0
4141,RAJIM,CWC,22,Chhattisgarh,645,GARIABAND,RAJIM,-,-,Mahanadi,Mahanadi,-,-,-,Mahanadi,20.97500000,81.88055556,01-05-2026 08:00,0
4142,RAJIM,CWC,22,Chhattisgarh,645,GARIABAND,RAJIM,-,-,Mahanadi,Mahanadi,-,-,-,Mahanadi,20.97500000,81.88055556,02-05-2026 08:00,0
4143,RAJIM,CWC,22,Chhattisgarh,645,GARIABAND,RAJIM,-,-,Mahanadi,Mahanadi,-,-,-,Mahanadi,20.97500000,81.88055556,03-05-2026 08:00,0
4144,RAJIM,CWC,22,Chhattisgarh,645,GARIABAND,RAJIM,-,-,Mahanadi,Mahanadi,-,-,-,Mahanadi,20.97500000,81.88055556,04-05-2026 08:00,0
4145,RAJIM,CWC,22,Chhattisgarh,645,GARIABAND,RAJIM,-,-,Mahanadi,Mahanadi,-,-,-,Mahanadi,20.97500000,81.88055556,05-05-2026 08:00,0
4146,RAJIM,CWC,22,Chhattisgarh,645,GARIABAND,RAJIM,-,-,Mahanadi,Mahanadi,-,-,-,Mahanadi,20.97500000,81.88055556,06-05-2026 08:00,0
4147,RAJIM,CWC,22,Chhattisgarh,645,GARIABAND,RAJIM,-,-,Mahanadi,Mahanadi,-,-,-,Mahanadi,20.97500000,81.88055556,07-05-2026 08:00,0
4148,RAJIM,CWC,22,Chhattisgarh,645,GARIABAND,RAJIM,-,-,Mahanadi,Mahanadi,-,-,-,Mahanadi,20.97500000,81.88055556,08-05-2026 08:00,0
4149,RAJIM,CWC,22,Chhattisgarh,645,GARIABAND,RAJIM,-,-,Mahanadi,Mahanadi,-,-,-,Mahanadi,20.97500000,81.88055556,09-05-2026 08:00,0
4150,RAJIM,CWC,22,Chhattisgarh,645,GARIABAND,RAJIM,-,-,Mahanadi,Mahanadi,-,-,-,Mahanadi,20.97500000,81.88055556,10-05-2026 08:00,0
4151,RAJIM,CWC,22,Chhattisgarh,645,GARIABAND,RAJIM,-,-,Mahanadi,Mahanadi,-,-,-,Mahanadi,20.97500000,81.88055556,11-05-2026 08:00,0
4152,RAJIM,CWC,22,Chhattisgarh,645,GARIABAND,RAJIM,-,-,Mahanadi,Mahanadi,-,-,-,Mahanadi,20.97500000,81.88055556,12-05-2026 08:00,0
4153,RAJIM,CWC,22,Chhattisgarh,645,GARIABAND,RAJIM,-,-,Mahanadi,Mahanadi,-,-,-,Mahanadi,20.97500000,81.88055556,13-05-2026 08:00,0
4154,RAJIM,CWC,22,Chhattisgarh,645,GARIABAND,RAJIM,-,-,Mahanadi,Mahanadi,-,-,-,Mahanadi,20.97500000,81.88055556,13-05-2026 08:00,0
4155,RAJIM,CWC,22,Chhattisgarh,645,GARIABAND,RAJIM,-,-,Mahanadi,Mahanadi,-,-,-,Mahanadi,20.97500000,81.88055556,14-05-2026 08:00,0
4156,RAJIM,CWC,22,Chhattisgarh,645,GARIABAND,RAJIM,-,-,Mahanadi,Mahanadi,-,-,-,Mahanadi,20.97500000,81.88055556,14-05-2026 08:00,0
4157,RAJIM,CWC,22,Chhattisgarh,645,GARIABAND,RAJIM,-,-,Mahanadi,Mahanadi,-,-,-,Mahanadi,20.97500000,81.88055556,15-05-2026 08:00,0
4158,RAJIM,CWC,22,Chhattisgarh,645,GARIABAND,RAJIM,-,-,Mahanadi,Mahanadi,-,-,-,Mahanadi,20.97500000,81.88055556,15-05-2026 08:00,0
4159,RAJIM,CWC,22,Chhattisgarh,645,GARIABAND,RAJIM,-,-,Mahanadi,Mahanadi,-,-,-,Mahanadi,20.97500000,81.88055556,16-05-2026 08:00,0
4160,RAJIM,CWC,22,Chhattisgarh,645,GARIABAND,RAJIM,-,-,Mahanadi,Mahanadi,-,-,-,Mahanadi,20.97500000,81.88055556,16-05-2026 08:00,0
4161,RAJIM,CWC,22,Chhattisgarh,645,GARIABAND,RAJIM,-,-,Mahanadi,Mahanadi,-,-,-,Mahanadi,20.97500000,81.88055556,17-05-2026 08:00,0
4162,RAJIM,CWC,22,Chhattisgarh,645,GARIABAND,RAJIM,-,-,Mahanadi,Mahanadi,-,-,-,Mahanadi,20.97500000,81.88055556,17-05-2026 08:00,0
4163,RAJIM,CWC,22,Chhattisgarh,645,GARIABAND,RAJIM,-,-,Mahanadi,Mahanadi,-,-,-,Mahanadi,20.97500000,81.88055556,18-05-2026 08:00,0
4164,RAJIM,CWC,22,Chhattisgarh,645,GARIABAND,RAJIM,-,-,Mahanadi,Mahanadi,-,-,-,Mahanadi,20.97500000,81.88055556,18-05-2026 08:00,0
4165,RAJIM,CWC,22,Chhattisgarh,645,GARIABAND,RAJIM,-,-,Mahanadi,Mahanadi,-,-,-,Mahanadi,20.97500000,81.88055556,19-05-2026 08:00,0
4166,RAJIM,CWC,22,Chhattisgarh,645,GARIABAND,RAJIM,-,-,Mahanadi,Mahanadi,-,-,-,Mahanadi,20.97500000,81.88055556,19-05-2026 08:00,0
4167,RAJIM,CWC,22,Chhattisgarh,645,GARIABAND,RAJIM,-,-,Mahanadi,Mahanadi,-,-,-,Mahanadi,20.97500000,81.88055556,20-05-2026 08:00,0
4168,RAJIM,CWC,22,Chhattisgarh,645,GARIABAND,RAJIM,-,-,Mahanadi,Mahanadi,-,-,-,Mahanadi,20.97500000,81.88055556,20-05-2026 08:00,0
4169,RAJIM,CWC,22,Chhattisgarh,645,GARIABAND,RAJIM,-,-,Mahanadi,Mahanadi,-,-,-,Mahanadi,20.97500000,81.88055556,01-06-2026 08:00,0
4170,RAJIM,CWC,22,Chhattisgarh,645,GARIABAND,RAJIM,-,-,Mahanadi,Mahanadi,-,-,-,Mahanadi,20.97500000,81.88055556,02-06-2026 08:00,0
4171,RAJIM,CWC,22,Chhattisgarh,645,GARIABAND,RAJIM,-,-,Mahanadi,Mahanadi,-,-,-,Mahanadi,20.97500000,81.88055556,03-06-2026 08:00,0
4172,RAJIM,CWC,22,Chhattisgarh,645,GARIABAND,RAJIM,-,-,Mahanadi,Mahanadi,-,-,-,Mahanadi,20.97500000,81.88055556,04-06-2026 08:00,0
4173,RAJIM,CWC,22,Chhattisgarh,645,GARIABAND,RAJIM,-,-,Mahanadi,Mahanadi,-,-,-,Mahanadi,20.97500000,81.88055556,05-06-2026 08:00,0
4174,RAJIM,CWC,22,Chhattisgarh,645,GARIABAND,RAJIM,-,-,Mahanadi,Mahanadi,-,-,-,Mahanadi,20.97500000,81.88055556,06-06-2026 08:00,0
4175,RAJIM,CWC,22,Chhattisgarh,645,GARIABAND,RAJIM,-,-,Mahanadi,Mahanadi,-,-,-,Mahanadi,20.97500000,81.88055556,07-06-2026 08:00,0
4176,RAJIM,CWC,22,Chhattisgarh,645,GARIABAND,RAJIM,-,-,Mahanadi,Mahanadi,-,-,-,Mahanadi,20.97500000,81.88055556,08-06-2026 08:00,0
4177,RAJIM,CWC,22,Chhattisgarh,645,GARIABAND,RAJIM,-,-,Mahanadi,Mahanadi,-,-,-,Mahanadi,20.97500000,81.88055556,09-06-2026 08:00,0
4178,RAJIM,CWC,22,Chhattisgarh,645,GARIABAND,RAJIM,-,-,Mahanadi,Mahanadi,-,-,-,Mahanadi,20.97500000,81.88055556,10-06-2026 08:00,0
4179,RAJIM,CWC,22,Chhattisgarh,645,GARIABAND,RAJIM,-,-,Mahanadi,Mahanadi,-,-,-,Mahanadi,20.97500000,81.88055556,11-06-2026 08:00,0
4180,RAJIM,CWC,22,Chhattisgarh,645,GARIABAND,RAJIM,-,-,Mahanadi,Mahanadi,-,-,-,Mahanadi,20.97500000,81.88055556,12-06-2026 08:00,0
4181,RAJIM,CWC,22,Chhattisgarh,645,GARIABAND,RAJIM,-,-,Mahanadi,Mahanadi,-,-,-,Mahanadi,20.97500000,81.88055556,13-06-2026 08:00,0
4182,RAJIM,CWC,22,Chhattisgarh,645,GARIABAND,RAJIM,-,-,Mahanadi,Mahanadi,-,-,-,Mahanadi,20.97500000,81.88055556,14-06-2026 08:00,0
4183,RAJIM,CWC,22,Chhattisgarh,645,GARIABAND,RAJIM,-,-,Mahanadi,Mahanadi,-,-,-,Mahanadi,20.97500000,81.88055556,15-06-2026 08:00,0
4184,RAJIM,CWC,22,Chhattisgarh,645,GARIABAND,RAJIM,-,-,Mahanadi,Mahanadi,-,-,-,Mahanadi,20.97500000,81.88055556,16-06-2026 08:00,0
4185,RAJIM,CWC,22,Chhattisgarh,645,GARIABAND,RAJIM,-,-,Mahanadi,Mahanadi,-,-,-,Mahanadi,20.97500000,81.88055556,17-06-2026 08:00,0
4186,RAJIM,CWC,22,Chhattisgarh,645,GARIABAND,RAJIM,-,-,Mahanadi,Mahanadi,-,-,-,Mahanadi,20.97500000,81.88055556,18-06-2026 08:00,0
4187,RAJIM,CWC,22,Chhattisgarh,645,GARIABAND,RAJIM,-,-,Mahanadi,Mahanadi,-,-,-,Mahanadi,20.97500000,81.88055556,19-06-2026 08:00,0
4188,RAJIM,CWC,22,Chhattisgarh,645,GARIABAND,RAJIM,-,-,Mahanadi,Mahanadi,-,-,-,Mahanadi,20.97500000,81.88055556,20-06-2026 08:00,0
4189,RAJIM,CWC,22,Chhattisgarh,645,GARIABAND,RAJIM,-,-,Mahanadi,Mahanadi,-,-,-,Mahanadi,20.97500000,81.88055556,21-06-2026 08:00,0
4190,RAJIM,CWC,22,Chhattisgarh,645,GARIABAND,RAJIM,-,-,Mahanadi,Mahanadi,-,-,-,Mahanadi,20.97500000,81.88055556,22-06-2026 08:00,0
4191,RAJIM,CWC,22,Chhattisgarh,645,GARIABAND,RAJIM,-,-,Mahanadi,Mahanadi,-,-,-,Mahanadi,20.97500000,81.88055556,23-06-2026 08:00,0
4192,RAJIM,CWC,22,Chhattisgarh,645,GARIABAND,RAJIM,-,-,Mahanadi,Mahanadi,-,-,-,Mahanadi,20.97500000,81.88055556,24-06-2026 08:00,0
4193,RAJIM,CWC,22,Chhattisgarh,645,GARIABAND,RAJIM,-,-,Mahanadi,Mahanadi,-,-,-,Mahanadi,20.97500000,81.88055556,25-06-2026 08:00,0
4194,RAJIM,CWC,22,Chhattisgarh,645,GARIABAND,RAJIM,-,-,Mahanadi,Mahanadi,-,-,-,Mahanadi,20.97500000,81.88055556,26-06-2026 08:00,0
4195,RAJIM,CWC,22,Chhattisgarh,645,GARIABAND,RAJIM,-,-,Mahanadi,Mahanadi,-,-,-,Mahanadi,20.97500000,81.88055556,27-06-2026 08:00,0
4196,RAJIM,CWC,22,Chhattisgarh,645,GARIABAND,RAJIM,-,-,Mahanadi,Mahanadi,-,-,-,Mahanadi,20.97500000,81.88055556,28-06-2026 08:00,0
4197,RAJIM,CWC,22,Chhattisgarh,645,GARIABAND,RAJIM,-,-,Mahanadi,Mahanadi,-,-,-,Mahanadi,20.97500000,81.88055556,29-06-2026 08:00,0
4198,RAJIM,CWC,22,Chhattisgarh,645,GARIABAND,RAJIM,-,-,Mahanadi,Mahanadi,-,-,-,Mahanadi,20.97500000,81.88055556,30-06-2026 08:00,0
4199,RAJIM,CWC,22,Chhattisgarh,645,GARIABAND,RAJIM,-,-,Mahanadi,Mahanadi,-,-,-,Mahanadi,20.97500000,81.88055556,01-07-2026 08:00,0
4200,RAJIM,CWC,22,Chhattisgarh,645,GARIABAND,RAJIM,-,-,Mahanadi,Mahanadi,-,-,-,Mahanadi,20.97500000,81.88055556,02-07-2026 08:00,0
4201,RAJIM,CWC,22,Chhattisgarh,645,GARIABAND,RAJIM,-,-,Mahanadi,Mahanadi,-,-,-,Mahanadi,20.97500000,81.88055556,03-07-2026 08:00,0
4202,RAJIM,CWC,22,Chhattisgarh,645,GARIABAND,RAJIM,-,-,Mahanadi,Mahanadi,-,-,-,Mahanadi,20.97500000,81.88055556,04-07-2026 08:00,0
4203,RAJIM,CWC,22,Chhattisgarh,645,GARIABAND,RAJIM,-,-,Mahanadi,Mahanadi,-,-,-,Mahanadi,20.97500000,81.88055556,05-07-2026 08:00,0
4204,RAJIM,CWC,22,Chhattisgarh,645,GARIABAND,RAJIM,-,-,Mahanadi,Mahanadi,-,-,-,Mahanadi,20.97500000,81.88055556,06-07-2026 08:00,1560
4205,RAJIM,CWC,22,Chhattisgarh,645,GARIABAND,RAJIM,-,-,Mahanadi,Mahanadi,-,-,-,Mahanadi,20.97500000,81.88055556,07-07-2026 08:00,1320
4206,RAJIM,CWC,22,Chhattisgarh,645,GARIABAND,RAJIM,-,-,Mahanadi,Mahanadi,-,-,-,Mahanadi,20.97500000,81.88055556,08-07-2026 08:00,1020
4207,RAJIM,CWC,22,Chhattisgarh,645,GARIABAND,RAJIM,-,-,Mahanadi,Mahanadi,-,-,-,Mahanadi,20.97500000,81.88055556,09-07-2026 10:00,181.653
4208,RAJIM,CWC,22,Chhattisgarh,645,GARIABAND,RAJIM,-,-,Mahanadi,Mahanadi,-,-,-,Mahanadi,20.97500000,81.88055556,10-07-2026 10:00,28.018
4209,RAJIM,CWC,22,Chhattisgarh,645,GARIABAND,RAJIM,-,-,Mahanadi,Mahanadi,-,-,-,Mahanadi,20.97500000,81.88055556,11-07-2026 09:00,26.067
4210,RAJIM,CWC,22,Chhattisgarh,645,GARIABAND,RAJIM,-,-,Mahanadi,Mahanadi,-,-,-,Mahanadi,20.97500000,81.88055556,12-07-2026 08:00,13.65
4211,RAJIM,CWC,22,Chhattisgarh,645,GARIABAND,RAJIM,-,-,Mahanadi,Mahanadi,-,-,-,Mahanadi,20.97500000,81.88055556,13-07-2026 09:00,7.962
4212,RAJIM,CWC,22,Chhattisgarh,645,GARIABAND,RAJIM,-,-,Mahanadi,Mahanadi,-,-,-,Mahanadi,20.97500000,81.88055556,14-07-2026 09:00,5.863
4213,RAJIM,CWC,22,Chhattisgarh,645,GARIABAND,RAJIM,-,-,Mahanadi,Mahanadi,-,-,-,Mahanadi,20.97500000,81.88055556,15-07-2026 09:00,5.568
4214,RAJIM,CWC,22,Chhattisgarh,645,GARIABAND,RAJIM,-,-,Mahanadi,Mahanadi,-,-,-,Mahanadi,20.97500000,81.88055556,16-07-2026 09:00,3.673
4215,RAJIM,CWC,22,Chhattisgarh,645,GARIABAND,RAJIM,-,-,Mahanadi,Mahanadi,-,-,-,Mahanadi,20.97500000,81.88055556,17-07-2026 09:00,3.925
4216,RAJIM,CWC,22,Chhattisgarh,645,GARIABAND,RAJIM,-,-,Mahanadi,Mahanadi,-,-,-,Mahanadi,20.97500000,81.88055556,18-07-2026 10:00,130.756
4217,RAJIM,CWC,22,Chhattisgarh,645,GARIABAND,RAJIM,-,-,Mahanadi,Mahanadi,-,-,-,Mahanadi,20.97500000,81.88055556,19-07-2026 08:00,101.25
4218,RAJIM,CWC,22,Chhattisgarh,645,GARIABAND,RAJIM,-,-,Mahanadi,Mahanadi,-,-,-,Mahanadi,20.97500000,81.88055556,20-07-2026 09:00,230.297
4219,RAJIM,CWC,22,Chhattisgarh,645,GARIABAND,RAJIM,-,-,Mahanadi,Mahanadi,-,-,-,Mahanadi,20.97500000,81.88055556,21-07-2026 08:00,243.44
4220,RAJIM,CWC,22,Chhattisgarh,645,GARIABAND,RAJIM,-,-,Mahanadi,Mahanadi,-,-,-,Mahanadi,20.97500000,81.88055556,22-07-2026 08:00,299.46
4221,RAJIM,CWC,22,Chhattisgarh,645,GARIABAND,RAJIM,-,-,Mahanadi,Mahanadi,-,-,-,Mahanadi,20.97500000,81.88055556,23-07-2026 08:00,403.39
4222,RAJIM,CWC,22,Chhattisgarh,645,GARIABAND,RAJIM,-,-,Mahanadi,Mahanadi,-,-,-,Mahanadi,20.97500000,81.88055556,24-07-2026 08:00,368.33
4223,RAJIM,CWC,22,Chhattisgarh,645,GARIABAND,RAJIM,-,-,Mahanadi,Mahanadi,-,-,-,Mahanadi,20.97500000,81.88055556,25-07-2026 08:00,220.32
4224,RAJIM,CWC,22,Chhattisgarh,645,GARIABAND,RAJIM,-,-,Mahanadi,Mahanadi,-,-,-,Mahanadi,20.97500000,81.88055556,26-07-2026 08:00,196.35
4225,RAJIM,CWC,22,Chhattisgarh,645,GARIABAND,RAJIM,-,-,Mahanadi,Mahanadi,-,-,-,Mahanadi,20.97500000,81.88055556,27-07-2026 08:00,127.55
4226,RAJIM,CWC,22,Chhattisgarh,645,GARIABAND,RAJIM,-,-,Mahanadi,Mahanadi,-,-,-,Mahanadi,20.97500000,81.88055556,28-07-2026 08:00,224.99
4227,RAJIM,CWC,22,Chhattisgarh,645,GARIABAND,RAJIM,-,-,Mahanadi,Mahanadi,-,-,-,Mahanadi,20.97500000,81.88055556,29-07-2026 08:00,1203.28
4228,RAJIM,CWC,22,Chhattisgarh,645,GARIABAND,RAJIM,-,-,Mahanadi,Mahanadi,-,-,-,Mahanadi,20.97500000,81.88055556,30-07-2026 08:00,5174.15
4229,RAJIM,CWC,22,Chhattisgarh,645,GARIABAND,RAJIM,-,-,Mahanadi,Mahanadi,-,-,-,Mahanadi,20.97500000,81.88055556,31-07-2026 08:00,1430.51
4230,Rampur,CWC,22,Chhattisgarh,644,BALODABAZAR,KASDOL,-,-,Mahanadi,Mahanadi,Jonk,-,-,Jonk,21.64722222,82.51611111,01-01-2026 08:00,0
4231,Rampur,CWC,22,Chhattisgarh,644,BALODABAZAR,KASDOL,-,-,Mahanadi,Mahanadi,Jonk,-,-,Jonk,21.64722222,82.51611111,02-01-2026 08:00,0
4232,Rampur,CWC,22,Chhattisgarh,644,BALODABAZAR,KASDOL,-,-,Mahanadi,Mahanadi,Jonk,-,-,Jonk,21.64722222,82.51611111,03-01-2026 08:00,0
4233,Rampur,CWC,22,Chhattisgarh,644,BALODABAZAR,KASDOL,-,-,Mahanadi,Mahanadi,Jonk,-,-,Jonk,21.64722222,82.51611111,04-01-2026 08:00,0
4234,Rampur,CWC,22,Chhattisgarh,644,BALODABAZAR,KASDOL,-,-,Mahanadi,Mahanadi,Jonk,-,-,Jonk,21.64722222,82.51611111,05-01-2026 08:00,0
4235,Rampur,CWC,22,Chhattisgarh,644,BALODABAZAR,KASDOL,-,-,Mahanadi,Mahanadi,Jonk,-,-,Jonk,21.64722222,82.51611111,06-01-2026 08:00,0
4236,Rampur,CWC,22,Chhattisgarh,644,BALODABAZAR,KASDOL,-,-,Mahanadi,Mahanadi,Jonk,-,-,Jonk,21.64722222,82.51611111,07-01-2026 08:00,0
4237,Rampur,CWC,22,Chhattisgarh,644,BALODABAZAR,KASDOL,-,-,Mahanadi,Mahanadi,Jonk,-,-,Jonk,21.64722222,82.51611111,08-01-2026 08:00,0
4238,Rampur,CWC,22,Chhattisgarh,644,BALODABAZAR,KASDOL,-,-,Mahanadi,Mahanadi,Jonk,-,-,Jonk,21.64722222,82.51611111,09-01-2026 08:00,0
4239,Rampur,CWC,22,Chhattisgarh,644,BALODABAZAR,KASDOL,-,-,Mahanadi,Mahanadi,Jonk,-,-,Jonk,21.64722222,82.51611111,10-01-2026 08:00,0
4240,Rampur,CWC,22,Chhattisgarh,644,BALODABAZAR,KASDOL,-,-,Mahanadi,Mahanadi,Jonk,-,-,Jonk,21.64722222,82.51611111,11-01-2026 08:00,0
4241,Rampur,CWC,22,Chhattisgarh,644,BALODABAZAR,KASDOL,-,-,Mahanadi,Mahanadi,Jonk,-,-,Jonk,21.64722222,82.51611111,12-01-2026 08:00,0
4242,Rampur,CWC,22,Chhattisgarh,644,BALODABAZAR,KASDOL,-,-,Mahanadi,Mahanadi,Jonk,-,-,Jonk,21.64722222,82.51611111,13-01-2026 08:00,0
4243,Rampur,CWC,22,Chhattisgarh,644,BALODABAZAR,KASDOL,-,-,Mahanadi,Mahanadi,Jonk,-,-,Jonk,21.64722222,82.51611111,14-01-2026 08:00,0
4244,Rampur,CWC,22,Chhattisgarh,644,BALODABAZAR,KASDOL,-,-,Mahanadi,Mahanadi,Jonk,-,-,Jonk,21.64722222,82.51611111,15-01-2026 09:00,6.144
4245,Rampur,CWC,22,Chhattisgarh,644,BALODABAZAR,KASDOL,-,-,Mahanadi,Mahanadi,Jonk,-,-,Jonk,21.64722222,82.51611111,16-01-2026 09:00,6.073
4246,Rampur,CWC,22,Chhattisgarh,644,BALODABAZAR,KASDOL,-,-,Mahanadi,Mahanadi,Jonk,-,-,Jonk,21.64722222,82.51611111,17-01-2026 09:00,6.104
4247,Rampur,CWC,22,Chhattisgarh,644,BALODABAZAR,KASDOL,-,-,Mahanadi,Mahanadi,Jonk,-,-,Jonk,21.64722222,82.51611111,18-01-2026 08:00,6.2
4248,Rampur,CWC,22,Chhattisgarh,644,BALODABAZAR,KASDOL,-,-,Mahanadi,Mahanadi,Jonk,-,-,Jonk,21.64722222,82.51611111,19-01-2026 09:00,6.164
4249,Rampur,CWC,22,Chhattisgarh,644,BALODABAZAR,KASDOL,-,-,Mahanadi,Mahanadi,Jonk,-,-,Jonk,21.64722222,82.51611111,20-01-2026 09:00,6.092
4250,Rampur,CWC,22,Chhattisgarh,644,BALODABAZAR,KASDOL,-,-,Mahanadi,Mahanadi,Jonk,-,-,Jonk,21.64722222,82.51611111,21-01-2026 09:00,5.705
4251,Rampur,CWC,22,Chhattisgarh,644,BALODABAZAR,KASDOL,-,-,Mahanadi,Mahanadi,Jonk,-,-,Jonk,21.64722222,82.51611111,22-01-2026 09:00,5.79
4252,Rampur,CWC,22,Chhattisgarh,644,BALODABAZAR,KASDOL,-,-,Mahanadi,Mahanadi,Jonk,-,-,Jonk,21.64722222,82.51611111,23-01-2026 09:00,5.642
4253,Rampur,CWC,22,Chhattisgarh,644,BALODABAZAR,KASDOL,-,-,Mahanadi,Mahanadi,Jonk,-,-,Jonk,21.64722222,82.51611111,24-01-2026 09:00,5.313
4254,Rampur,CWC,22,Chhattisgarh,644,BALODABAZAR,KASDOL,-,-,Mahanadi,Mahanadi,Jonk,-,-,Jonk,21.64722222,82.51611111,25-01-2026 08:00,5.075
4255,Rampur,CWC,22,Chhattisgarh,644,BALODABAZAR,KASDOL,-,-,Mahanadi,Mahanadi,Jonk,-,-,Jonk,21.64722222,82.51611111,26-01-2026 08:00,5.075
4256,Rampur,CWC,22,Chhattisgarh,644,BALODABAZAR,KASDOL,-,-,Mahanadi,Mahanadi,Jonk,-,-,Jonk,21.64722222,82.51611111,27-01-2026 09:00,4.875
4257,Rampur,CWC,22,Chhattisgarh,644,BALODABAZAR,KASDOL,-,-,Mahanadi,Mahanadi,Jonk,-,-,Jonk,21.64722222,82.51611111,28-01-2026 09:00,4.826
4258,Rampur,CWC,22,Chhattisgarh,644,BALODABAZAR,KASDOL,-,-,Mahanadi,Mahanadi,Jonk,-,-,Jonk,21.64722222,82.51611111,29-01-2026 09:00,4.746
4259,Rampur,CWC,22,Chhattisgarh,644,BALODABAZAR,KASDOL,-,-,Mahanadi,Mahanadi,Jonk,-,-,Jonk,21.64722222,82.51611111,30-01-2026 09:00,4.784
4260,Rampur,CWC,22,Chhattisgarh,644,BALODABAZAR,KASDOL,-,-,Mahanadi,Mahanadi,Jonk,-,-,Jonk,21.64722222,82.51611111,31-01-2026 09:00,4.669
4261,Rampur,CWC,22,Chhattisgarh,644,BALODABAZAR,KASDOL,-,-,Mahanadi,Mahanadi,Jonk,-,-,Jonk,21.64722222,82.51611111,01-02-2026 08:00,4.56
4262,Rampur,CWC,22,Chhattisgarh,644,BALODABAZAR,KASDOL,-,-,Mahanadi,Mahanadi,Jonk,-,-,Jonk,21.64722222,82.51611111,02-02-2026 08:15,4.576162
4263,Rampur,CWC,22,Chhattisgarh,644,BALODABAZAR,KASDOL,-,-,Mahanadi,Mahanadi,Jonk,-,-,Jonk,21.64722222,82.51611111,03-02-2026 09:00,4.516933
4264,Rampur,CWC,22,Chhattisgarh,644,BALODABAZAR,KASDOL,-,-,Mahanadi,Mahanadi,Jonk,-,-,Jonk,21.64722222,82.51611111,04-02-2026 09:00,4.0305934
4265,Rampur,CWC,22,Chhattisgarh,644,BALODABAZAR,KASDOL,-,-,Mahanadi,Mahanadi,Jonk,-,-,Jonk,21.64722222,82.51611111,05-02-2026 09:00,4.171793
4266,Rampur,CWC,22,Chhattisgarh,644,BALODABAZAR,KASDOL,-,-,Mahanadi,Mahanadi,Jonk,-,-,Jonk,21.64722222,82.51611111,06-02-2026 09:00,4.118
4267,Rampur,CWC,22,Chhattisgarh,644,BALODABAZAR,KASDOL,-,-,Mahanadi,Mahanadi,Jonk,-,-,Jonk,21.64722222,82.51611111,07-02-2026 09:00,4.038
4268,Rampur,CWC,22,Chhattisgarh,644,BALODABAZAR,KASDOL,-,-,Mahanadi,Mahanadi,Jonk,-,-,Jonk,21.64722222,82.51611111,08-02-2026 08:00,4.02
4269,Rampur,CWC,22,Chhattisgarh,644,BALODABAZAR,KASDOL,-,-,Mahanadi,Mahanadi,Jonk,-,-,Jonk,21.64722222,82.51611111,09-02-2026 09:00,4.005
4270,Rampur,CWC,22,Chhattisgarh,644,BALODABAZAR,KASDOL,-,-,Mahanadi,Mahanadi,Jonk,-,-,Jonk,21.64722222,82.51611111,10-02-2026 09:00,3.726
4271,Rampur,CWC,22,Chhattisgarh,644,BALODABAZAR,KASDOL,-,-,Mahanadi,Mahanadi,Jonk,-,-,Jonk,21.64722222,82.51611111,11-02-2026 09:00,3.73
4272,Rampur,CWC,22,Chhattisgarh,644,BALODABAZAR,KASDOL,-,-,Mahanadi,Mahanadi,Jonk,-,-,Jonk,21.64722222,82.51611111,12-02-2026 09:00,3.761
4273,Rampur,CWC,22,Chhattisgarh,644,BALODABAZAR,KASDOL,-,-,Mahanadi,Mahanadi,Jonk,-,-,Jonk,21.64722222,82.51611111,13-02-2026 09:00,3.828
4274,Rampur,CWC,22,Chhattisgarh,644,BALODABAZAR,KASDOL,-,-,Mahanadi,Mahanadi,Jonk,-,-,Jonk,21.64722222,82.51611111,14-02-2026 09:00,3.752
4275,Rampur,CWC,22,Chhattisgarh,644,BALODABAZAR,KASDOL,-,-,Mahanadi,Mahanadi,Jonk,-,-,Jonk,21.64722222,82.51611111,16-02-2026 09:00,3.643
4276,Rampur,CWC,22,Chhattisgarh,644,BALODABAZAR,KASDOL,-,-,Mahanadi,Mahanadi,Jonk,-,-,Jonk,21.64722222,82.51611111,17-02-2026 09:00,3.616
4277,Rampur,CWC,22,Chhattisgarh,644,BALODABAZAR,KASDOL,-,-,Mahanadi,Mahanadi,Jonk,-,-,Jonk,21.64722222,82.51611111,18-02-2026 09:00,3.215
4278,Rampur,CWC,22,Chhattisgarh,644,BALODABAZAR,KASDOL,-,-,Mahanadi,Mahanadi,Jonk,-,-,Jonk,21.64722222,82.51611111,19-02-2026 09:00,3.159
4279,Rampur,CWC,22,Chhattisgarh,644,BALODABAZAR,KASDOL,-,-,Mahanadi,Mahanadi,Jonk,-,-,Jonk,21.64722222,82.51611111,20-02-2026 09:00,3.148
4280,Rampur,CWC,22,Chhattisgarh,644,BALODABAZAR,KASDOL,-,-,Mahanadi,Mahanadi,Jonk,-,-,Jonk,21.64722222,82.51611111,21-02-2026 08:00,3.025
4281,Rampur,CWC,22,Chhattisgarh,644,BALODABAZAR,KASDOL,-,-,Mahanadi,Mahanadi,Jonk,-,-,Jonk,21.64722222,82.51611111,23-02-2026 08:00,2.815
4282,Rampur,CWC,22,Chhattisgarh,644,BALODABAZAR,KASDOL,-,-,Mahanadi,Mahanadi,Jonk,-,-,Jonk,21.64722222,82.51611111,24-02-2026 08:00,2.785
4283,Rampur,CWC,22,Chhattisgarh,644,BALODABAZAR,KASDOL,-,-,Mahanadi,Mahanadi,Jonk,-,-,Jonk,21.64722222,82.51611111,25-02-2026 08:00,2.425
4284,Rampur,CWC,22,Chhattisgarh,644,BALODABAZAR,KASDOL,-,-,Mahanadi,Mahanadi,Jonk,-,-,Jonk,21.64722222,82.51611111,26-02-2026 08:00,2.399
4285,Rampur,CWC,22,Chhattisgarh,644,BALODABAZAR,KASDOL,-,-,Mahanadi,Mahanadi,Jonk,-,-,Jonk,21.64722222,82.51611111,27-02-2026 08:00,2.363
4286,Rampur,CWC,22,Chhattisgarh,644,BALODABAZAR,KASDOL,-,-,Mahanadi,Mahanadi,Jonk,-,-,Jonk,21.64722222,82.51611111,28-02-2026 08:00,2.261
4287,Rampur,CWC,22,Chhattisgarh,644,BALODABAZAR,KASDOL,-,-,Mahanadi,Mahanadi,Jonk,-,-,Jonk,21.64722222,82.51611111,01-03-2026 08:00,0
4288,Rampur,CWC,22,Chhattisgarh,644,BALODABAZAR,KASDOL,-,-,Mahanadi,Mahanadi,Jonk,-,-,Jonk,21.64722222,82.51611111,02-03-2026 09:00,2.243
4289,Rampur,CWC,22,Chhattisgarh,644,BALODABAZAR,KASDOL,-,-,Mahanadi,Mahanadi,Jonk,-,-,Jonk,21.64722222,82.51611111,03-03-2026 09:00,2.234
4290,Rampur,CWC,22,Chhattisgarh,644,BALODABAZAR,KASDOL,-,-,Mahanadi,Mahanadi,Jonk,-,-,Jonk,21.64722222,82.51611111,04-03-2026 08:00,0
4291,Rampur,CWC,22,Chhattisgarh,644,BALODABAZAR,KASDOL,-,-,Mahanadi,Mahanadi,Jonk,-,-,Jonk,21.64722222,82.51611111,05-03-2026 09:00,2.105
4292,Rampur,CWC,22,Chhattisgarh,644,BALODABAZAR,KASDOL,-,-,Mahanadi,Mahanadi,Jonk,-,-,Jonk,21.64722222,82.51611111,06-03-2026 09:00,1.936
4293,Rampur,CWC,22,Chhattisgarh,644,BALODABAZAR,KASDOL,-,-,Mahanadi,Mahanadi,Jonk,-,-,Jonk,21.64722222,82.51611111,07-03-2026 09:00,1.713
4294,Rampur,CWC,22,Chhattisgarh,644,BALODABAZAR,KASDOL,-,-,Mahanadi,Mahanadi,Jonk,-,-,Jonk,21.64722222,82.51611111,08-03-2026 08:00,0
4295,Rampur,CWC,22,Chhattisgarh,644,BALODABAZAR,KASDOL,-,-,Mahanadi,Mahanadi,Jonk,-,-,Jonk,21.64722222,82.51611111,09-03-2026 08:00,0
4296,Rampur,CWC,22,Chhattisgarh,644,BALODABAZAR,KASDOL,-,-,Mahanadi,Mahanadi,Jonk,-,-,Jonk,21.64722222,82.51611111,10-03-2026 08:00,0
4297,Rampur,CWC,22,Chhattisgarh,644,BALODABAZAR,KASDOL,-,-,Mahanadi,Mahanadi,Jonk,-,-,Jonk,21.64722222,82.51611111,11-03-2026 08:00,0
4298,Rampur,CWC,22,Chhattisgarh,644,BALODABAZAR,KASDOL,-,-,Mahanadi,Mahanadi,Jonk,-,-,Jonk,21.64722222,82.51611111,12-03-2026 08:00,0
4299,Rampur,CWC,22,Chhattisgarh,644,BALODABAZAR,KASDOL,-,-,Mahanadi,Mahanadi,Jonk,-,-,Jonk,21.64722222,82.51611111,13-03-2026 08:00,0
4300,Rampur,CWC,22,Chhattisgarh,644,BALODABAZAR,KASDOL,-,-,Mahanadi,Mahanadi,Jonk,-,-,Jonk,21.64722222,82.51611111,14-03-2026 08:00,0
4301,Rampur,CWC,22,Chhattisgarh,644,BALODABAZAR,KASDOL,-,-,Mahanadi,Mahanadi,Jonk,-,-,Jonk,21.64722222,82.51611111,15-03-2026 08:00,0
4302,Rampur,CWC,22,Chhattisgarh,644,BALODABAZAR,KASDOL,-,-,Mahanadi,Mahanadi,Jonk,-,-,Jonk,21.64722222,82.51611111,16-03-2026 08:00,0
4303,Rampur,CWC,22,Chhattisgarh,644,BALODABAZAR,KASDOL,-,-,Mahanadi,Mahanadi,Jonk,-,-,Jonk,21.64722222,82.51611111,17-03-2026 08:00,0
4304,Rampur,CWC,22,Chhattisgarh,644,BALODABAZAR,KASDOL,-,-,Mahanadi,Mahanadi,Jonk,-,-,Jonk,21.64722222,82.51611111,18-03-2026 08:00,0
4305,Rampur,CWC,22,Chhattisgarh,644,BALODABAZAR,KASDOL,-,-,Mahanadi,Mahanadi,Jonk,-,-,Jonk,21.64722222,82.51611111,19-03-2026 08:00,0
4306,Rampur,CWC,22,Chhattisgarh,644,BALODABAZAR,KASDOL,-,-,Mahanadi,Mahanadi,Jonk,-,-,Jonk,21.64722222,82.51611111,20-03-2026 08:00,0
4307,Rampur,CWC,22,Chhattisgarh,644,BALODABAZAR,KASDOL,-,-,Mahanadi,Mahanadi,Jonk,-,-,Jonk,21.64722222,82.51611111,21-03-2026 08:00,0
4308,Rampur,CWC,22,Chhattisgarh,644,BALODABAZAR,KASDOL,-,-,Mahanadi,Mahanadi,Jonk,-,-,Jonk,21.64722222,82.51611111,22-03-2026 08:00,0
4309,Rampur,CWC,22,Chhattisgarh,644,BALODABAZAR,KASDOL,-,-,Mahanadi,Mahanadi,Jonk,-,-,Jonk,21.64722222,82.51611111,23-03-2026 08:00,0
4310,Rampur,CWC,22,Chhattisgarh,644,BALODABAZAR,KASDOL,-,-,Mahanadi,Mahanadi,Jonk,-,-,Jonk,21.64722222,82.51611111,24-03-2026 08:00,0
4311,Rampur,CWC,22,Chhattisgarh,644,BALODABAZAR,KASDOL,-,-,Mahanadi,Mahanadi,Jonk,-,-,Jonk,21.64722222,82.51611111,25-03-2026 08:00,0
4312,Rampur,CWC,22,Chhattisgarh,644,BALODABAZAR,KASDOL,-,-,Mahanadi,Mahanadi,Jonk,-,-,Jonk,21.64722222,82.51611111,26-03-2026 08:00,0
4313,Rampur,CWC,22,Chhattisgarh,644,BALODABAZAR,KASDOL,-,-,Mahanadi,Mahanadi,Jonk,-,-,Jonk,21.64722222,82.51611111,27-03-2026 08:00,0
4314,Rampur,CWC,22,Chhattisgarh,644,BALODABAZAR,KASDOL,-,-,Mahanadi,Mahanadi,Jonk,-,-,Jonk,21.64722222,82.51611111,28-03-2026 08:00,0
4315,Rampur,CWC,22,Chhattisgarh,644,BALODABAZAR,KASDOL,-,-,Mahanadi,Mahanadi,Jonk,-,-,Jonk,21.64722222,82.51611111,29-03-2026 08:00,0
4316,Rampur,CWC,22,Chhattisgarh,644,BALODABAZAR,KASDOL,-,-,Mahanadi,Mahanadi,Jonk,-,-,Jonk,21.64722222,82.51611111,30-03-2026 08:00,0
4317,Rampur,CWC,22,Chhattisgarh,644,BALODABAZAR,KASDOL,-,-,Mahanadi,Mahanadi,Jonk,-,-,Jonk,21.64722222,82.51611111,31-03-2026 08:00,0
4318,Rampur,CWC,22,Chhattisgarh,644,BALODABAZAR,KASDOL,-,-,Mahanadi,Mahanadi,Jonk,-,-,Jonk,21.64722222,82.51611111,01-04-2026 08:00,0
4319,Rampur,CWC,22,Chhattisgarh,644,BALODABAZAR,KASDOL,-,-,Mahanadi,Mahanadi,Jonk,-,-,Jonk,21.64722222,82.51611111,02-04-2026 08:00,0
4320,Rampur,CWC,22,Chhattisgarh,644,BALODABAZAR,KASDOL,-,-,Mahanadi,Mahanadi,Jonk,-,-,Jonk,21.64722222,82.51611111,03-04-2026 08:00,0
4321,Rampur,CWC,22,Chhattisgarh,644,BALODABAZAR,KASDOL,-,-,Mahanadi,Mahanadi,Jonk,-,-,Jonk,21.64722222,82.51611111,04-04-2026 08:00,0
4322,Rampur,CWC,22,Chhattisgarh,644,BALODABAZAR,KASDOL,-,-,Mahanadi,Mahanadi,Jonk,-,-,Jonk,21.64722222,82.51611111,05-04-2026 08:00,0
4323,Rampur,CWC,22,Chhattisgarh,644,BALODABAZAR,KASDOL,-,-,Mahanadi,Mahanadi,Jonk,-,-,Jonk,21.64722222,82.51611111,06-04-2026 08:00,0
4324,Rampur,CWC,22,Chhattisgarh,644,BALODABAZAR,KASDOL,-,-,Mahanadi,Mahanadi,Jonk,-,-,Jonk,21.64722222,82.51611111,07-04-2026 08:00,0
4325,Rampur,CWC,22,Chhattisgarh,644,BALODABAZAR,KASDOL,-,-,Mahanadi,Mahanadi,Jonk,-,-,Jonk,21.64722222,82.51611111,08-04-2026 08:00,0
4326,Rampur,CWC,22,Chhattisgarh,644,BALODABAZAR,KASDOL,-,-,Mahanadi,Mahanadi,Jonk,-,-,Jonk,21.64722222,82.51611111,09-04-2026 08:00,0
4327,Rampur,CWC,22,Chhattisgarh,644,BALODABAZAR,KASDOL,-,-,Mahanadi,Mahanadi,Jonk,-,-,Jonk,21.64722222,82.51611111,10-04-2026 08:00,0
4328,Rampur,CWC,22,Chhattisgarh,644,BALODABAZAR,KASDOL,-,-,Mahanadi,Mahanadi,Jonk,-,-,Jonk,21.64722222,82.51611111,11-04-2026 08:00,0
4329,Rampur,CWC,22,Chhattisgarh,644,BALODABAZAR,KASDOL,-,-,Mahanadi,Mahanadi,Jonk,-,-,Jonk,21.64722222,82.51611111,12-04-2026 08:00,0
4330,Rampur,CWC,22,Chhattisgarh,644,BALODABAZAR,KASDOL,-,-,Mahanadi,Mahanadi,Jonk,-,-,Jonk,21.64722222,82.51611111,13-04-2026 08:00,0
4331,Rampur,CWC,22,Chhattisgarh,644,BALODABAZAR,KASDOL,-,-,Mahanadi,Mahanadi,Jonk,-,-,Jonk,21.64722222,82.51611111,14-04-2026 08:00,0
4332,Rampur,CWC,22,Chhattisgarh,644,BALODABAZAR,KASDOL,-,-,Mahanadi,Mahanadi,Jonk,-,-,Jonk,21.64722222,82.51611111,15-04-2026 08:00,0
4333,Rampur,CWC,22,Chhattisgarh,644,BALODABAZAR,KASDOL,-,-,Mahanadi,Mahanadi,Jonk,-,-,Jonk,21.64722222,82.51611111,16-04-2026 08:00,0
4334,Rampur,CWC,22,Chhattisgarh,644,BALODABAZAR,KASDOL,-,-,Mahanadi,Mahanadi,Jonk,-,-,Jonk,21.64722222,82.51611111,17-04-2026 08:00,0
4335,Rampur,CWC,22,Chhattisgarh,644,BALODABAZAR,KASDOL,-,-,Mahanadi,Mahanadi,Jonk,-,-,Jonk,21.64722222,82.51611111,18-04-2026 08:00,0
4336,Rampur,CWC,22,Chhattisgarh,644,BALODABAZAR,KASDOL,-,-,Mahanadi,Mahanadi,Jonk,-,-,Jonk,21.64722222,82.51611111,19-04-2026 08:00,0
4337,Rampur,CWC,22,Chhattisgarh,644,BALODABAZAR,KASDOL,-,-,Mahanadi,Mahanadi,Jonk,-,-,Jonk,21.64722222,82.51611111,20-04-2026 08:00,0
4338,Rampur,CWC,22,Chhattisgarh,644,BALODABAZAR,KASDOL,-,-,Mahanadi,Mahanadi,Jonk,-,-,Jonk,21.64722222,82.51611111,21-04-2026 08:00,0
4339,Rampur,CWC,22,Chhattisgarh,644,BALODABAZAR,KASDOL,-,-,Mahanadi,Mahanadi,Jonk,-,-,Jonk,21.64722222,82.51611111,22-04-2026 08:00,0
4340,Rampur,CWC,22,Chhattisgarh,644,BALODABAZAR,KASDOL,-,-,Mahanadi,Mahanadi,Jonk,-,-,Jonk,21.64722222,82.51611111,23-04-2026 08:00,0
4341,Rampur,CWC,22,Chhattisgarh,644,BALODABAZAR,KASDOL,-,-,Mahanadi,Mahanadi,Jonk,-,-,Jonk,21.64722222,82.51611111,24-04-2026 08:00,0
4342,Rampur,CWC,22,Chhattisgarh,644,BALODABAZAR,KASDOL,-,-,Mahanadi,Mahanadi,Jonk,-,-,Jonk,21.64722222,82.51611111,25-04-2026 08:00,0
4343,Rampur,CWC,22,Chhattisgarh,644,BALODABAZAR,KASDOL,-,-,Mahanadi,Mahanadi,Jonk,-,-,Jonk,21.64722222,82.51611111,26-04-2026 08:00,0
4344,Rampur,CWC,22,Chhattisgarh,644,BALODABAZAR,KASDOL,-,-,Mahanadi,Mahanadi,Jonk,-,-,Jonk,21.64722222,82.51611111,27-04-2026 08:00,0
4345,Rampur,CWC,22,Chhattisgarh,644,BALODABAZAR,KASDOL,-,-,Mahanadi,Mahanadi,Jonk,-,-,Jonk,21.64722222,82.51611111,28-04-2026 08:00,0
4346,Rampur,CWC,22,Chhattisgarh,644,BALODABAZAR,KASDOL,-,-,Mahanadi,Mahanadi,Jonk,-,-,Jonk,21.64722222,82.51611111,29-04-2026 08:00,0
4347,Rampur,CWC,22,Chhattisgarh,644,BALODABAZAR,KASDOL,-,-,Mahanadi,Mahanadi,Jonk,-,-,Jonk,21.64722222,82.51611111,30-04-2026 08:00,0
4348,Rampur,CWC,22,Chhattisgarh,644,BALODABAZAR,KASDOL,-,-,Mahanadi,Mahanadi,Jonk,-,-,Jonk,21.64722222,82.51611111,01-05-2026 08:00,0
4349,Rampur,CWC,22,Chhattisgarh,644,BALODABAZAR,KASDOL,-,-,Mahanadi,Mahanadi,Jonk,-,-,Jonk,21.64722222,82.51611111,02-05-2026 08:00,0
4350,Rampur,CWC,22,Chhattisgarh,644,BALODABAZAR,KASDOL,-,-,Mahanadi,Mahanadi,Jonk,-,-,Jonk,21.64722222,82.51611111,03-05-2026 08:00,0
4351,Rampur,CWC,22,Chhattisgarh,644,BALODABAZAR,KASDOL,-,-,Mahanadi,Mahanadi,Jonk,-,-,Jonk,21.64722222,82.51611111,04-05-2026 08:00,0
4352,Rampur,CWC,22,Chhattisgarh,644,BALODABAZAR,KASDOL,-,-,Mahanadi,Mahanadi,Jonk,-,-,Jonk,21.64722222,82.51611111,05-05-2026 08:00,0
4353,Rampur,CWC,22,Chhattisgarh,644,BALODABAZAR,KASDOL,-,-,Mahanadi,Mahanadi,Jonk,-,-,Jonk,21.64722222,82.51611111,06-05-2026 08:00,0
4354,Rampur,CWC,22,Chhattisgarh,644,BALODABAZAR,KASDOL,-,-,Mahanadi,Mahanadi,Jonk,-,-,Jonk,21.64722222,82.51611111,07-05-2026 08:00,0
4355,Rampur,CWC,22,Chhattisgarh,644,BALODABAZAR,KASDOL,-,-,Mahanadi,Mahanadi,Jonk,-,-,Jonk,21.64722222,82.51611111,08-05-2026 08:00,0
4356,Rampur,CWC,22,Chhattisgarh,644,BALODABAZAR,KASDOL,-,-,Mahanadi,Mahanadi,Jonk,-,-,Jonk,21.64722222,82.51611111,09-05-2026 08:00,0
4357,Rampur,CWC,22,Chhattisgarh,644,BALODABAZAR,KASDOL,-,-,Mahanadi,Mahanadi,Jonk,-,-,Jonk,21.64722222,82.51611111,10-05-2026 08:00,0
4358,Rampur,CWC,22,Chhattisgarh,644,BALODABAZAR,KASDOL,-,-,Mahanadi,Mahanadi,Jonk,-,-,Jonk,21.64722222,82.51611111,11-05-2026 08:00,0
4359,Rampur,CWC,22,Chhattisgarh,644,BALODABAZAR,KASDOL,-,-,Mahanadi,Mahanadi,Jonk,-,-,Jonk,21.64722222,82.51611111,12-05-2026 08:00,0
4360,Rampur,CWC,22,Chhattisgarh,644,BALODABAZAR,KASDOL,-,-,Mahanadi,Mahanadi,Jonk,-,-,Jonk,21.64722222,82.51611111,13-05-2026 08:00,0
4361,Rampur,CWC,22,Chhattisgarh,644,BALODABAZAR,KASDOL,-,-,Mahanadi,Mahanadi,Jonk,-,-,Jonk,21.64722222,82.51611111,13-05-2026 08:00,0
4362,Rampur,CWC,22,Chhattisgarh,644,BALODABAZAR,KASDOL,-,-,Mahanadi,Mahanadi,Jonk,-,-,Jonk,21.64722222,82.51611111,14-05-2026 08:00,0
4363,Rampur,CWC,22,Chhattisgarh,644,BALODABAZAR,KASDOL,-,-,Mahanadi,Mahanadi,Jonk,-,-,Jonk,21.64722222,82.51611111,14-05-2026 08:00,0
4364,Rampur,CWC,22,Chhattisgarh,644,BALODABAZAR,KASDOL,-,-,Mahanadi,Mahanadi,Jonk,-,-,Jonk,21.64722222,82.51611111,15-05-2026 08:00,0
4365,Rampur,CWC,22,Chhattisgarh,644,BALODABAZAR,KASDOL,-,-,Mahanadi,Mahanadi,Jonk,-,-,Jonk,21.64722222,82.51611111,15-05-2026 08:00,0
4366,Rampur,CWC,22,Chhattisgarh,644,BALODABAZAR,KASDOL,-,-,Mahanadi,Mahanadi,Jonk,-,-,Jonk,21.64722222,82.51611111,16-05-2026 08:00,0
4367,Rampur,CWC,22,Chhattisgarh,644,BALODABAZAR,KASDOL,-,-,Mahanadi,Mahanadi,Jonk,-,-,Jonk,21.64722222,82.51611111,16-05-2026 08:00,0
4368,Rampur,CWC,22,Chhattisgarh,644,BALODABAZAR,KASDOL,-,-,Mahanadi,Mahanadi,Jonk,-,-,Jonk,21.64722222,82.51611111,17-05-2026 08:00,0
4369,Rampur,CWC,22,Chhattisgarh,644,BALODABAZAR,KASDOL,-,-,Mahanadi,Mahanadi,Jonk,-,-,Jonk,21.64722222,82.51611111,17-05-2026 08:00,0
4370,Rampur,CWC,22,Chhattisgarh,644,BALODABAZAR,KASDOL,-,-,Mahanadi,Mahanadi,Jonk,-,-,Jonk,21.64722222,82.51611111,18-05-2026 08:00,0
4371,Rampur,CWC,22,Chhattisgarh,644,BALODABAZAR,KASDOL,-,-,Mahanadi,Mahanadi,Jonk,-,-,Jonk,21.64722222,82.51611111,18-05-2026 08:00,0
4372,Rampur,CWC,22,Chhattisgarh,644,BALODABAZAR,KASDOL,-,-,Mahanadi,Mahanadi,Jonk,-,-,Jonk,21.64722222,82.51611111,19-05-2026 08:00,0
4373,Rampur,CWC,22,Chhattisgarh,644,BALODABAZAR,KASDOL,-,-,Mahanadi,Mahanadi,Jonk,-,-,Jonk,21.64722222,82.51611111,19-05-2026 08:00,0
4374,Rampur,CWC,22,Chhattisgarh,644,BALODABAZAR,KASDOL,-,-,Mahanadi,Mahanadi,Jonk,-,-,Jonk,21.64722222,82.51611111,20-05-2026 08:00,0
4375,Rampur,CWC,22,Chhattisgarh,644,BALODABAZAR,KASDOL,-,-,Mahanadi,Mahanadi,Jonk,-,-,Jonk,21.64722222,82.51611111,20-05-2026 08:00,0
4376,Rampur,CWC,22,Chhattisgarh,644,BALODABAZAR,KASDOL,-,-,Mahanadi,Mahanadi,Jonk,-,-,Jonk,21.64722222,82.51611111,21-05-2026 08:00,0
4377,Rampur,CWC,22,Chhattisgarh,644,BALODABAZAR,KASDOL,-,-,Mahanadi,Mahanadi,Jonk,-,-,Jonk,21.64722222,82.51611111,22-05-2026 08:00,0
4378,Rampur,CWC,22,Chhattisgarh,644,BALODABAZAR,KASDOL,-,-,Mahanadi,Mahanadi,Jonk,-,-,Jonk,21.64722222,82.51611111,23-05-2026 08:00,0
4379,Rampur,CWC,22,Chhattisgarh,644,BALODABAZAR,KASDOL,-,-,Mahanadi,Mahanadi,Jonk,-,-,Jonk,21.64722222,82.51611111,24-05-2026 08:00,0
4380,Rampur,CWC,22,Chhattisgarh,644,BALODABAZAR,KASDOL,-,-,Mahanadi,Mahanadi,Jonk,-,-,Jonk,21.64722222,82.51611111,25-05-2026 08:00,0
4381,Rampur,CWC,22,Chhattisgarh,644,BALODABAZAR,KASDOL,-,-,Mahanadi,Mahanadi,Jonk,-,-,Jonk,21.64722222,82.51611111,26-05-2026 08:00,0
4382,Rampur,CWC,22,Chhattisgarh,644,BALODABAZAR,KASDOL,-,-,Mahanadi,Mahanadi,Jonk,-,-,Jonk,21.64722222,82.51611111,27-05-2026 08:00,0
4383,Rampur,CWC,22,Chhattisgarh,644,BALODABAZAR,KASDOL,-,-,Mahanadi,Mahanadi,Jonk,-,-,Jonk,21.64722222,82.51611111,28-05-2026 08:00,0
4384,Rampur,CWC,22,Chhattisgarh,644,BALODABAZAR,KASDOL,-,-,Mahanadi,Mahanadi,Jonk,-,-,Jonk,21.64722222,82.51611111,29-05-2026 08:00,0
4385,Rampur,CWC,22,Chhattisgarh,644,BALODABAZAR,KASDOL,-,-,Mahanadi,Mahanadi,Jonk,-,-,Jonk,21.64722222,82.51611111,30-05-2026 08:00,0
4386,Rampur,CWC,22,Chhattisgarh,644,BALODABAZAR,KASDOL,-,-,Mahanadi,Mahanadi,Jonk,-,-,Jonk,21.64722222,82.51611111,31-05-2026 08:00,0
4387,Rampur,CWC,22,Chhattisgarh,644,BALODABAZAR,KASDOL,-,-,Mahanadi,Mahanadi,Jonk,-,-,Jonk,21.64722222,82.51611111,01-06-2026 08:00,0
4388,Rampur,CWC,22,Chhattisgarh,644,BALODABAZAR,KASDOL,-,-,Mahanadi,Mahanadi,Jonk,-,-,Jonk,21.64722222,82.51611111,02-06-2026 08:00,0
4389,Rampur,CWC,22,Chhattisgarh,644,BALODABAZAR,KASDOL,-,-,Mahanadi,Mahanadi,Jonk,-,-,Jonk,21.64722222,82.51611111,03-06-2026 08:00,0
4390,Rampur,CWC,22,Chhattisgarh,644,BALODABAZAR,KASDOL,-,-,Mahanadi,Mahanadi,Jonk,-,-,Jonk,21.64722222,82.51611111,04-06-2026 08:00,0
4391,Rampur,CWC,22,Chhattisgarh,644,BALODABAZAR,KASDOL,-,-,Mahanadi,Mahanadi,Jonk,-,-,Jonk,21.64722222,82.51611111,05-06-2026 08:00,0
4392,Rampur,CWC,22,Chhattisgarh,644,BALODABAZAR,KASDOL,-,-,Mahanadi,Mahanadi,Jonk,-,-,Jonk,21.64722222,82.51611111,06-06-2026 08:00,0
4393,Rampur,CWC,22,Chhattisgarh,644,BALODABAZAR,KASDOL,-,-,Mahanadi,Mahanadi,Jonk,-,-,Jonk,21.64722222,82.51611111,07-06-2026 08:00,0
4394,Rampur,CWC,22,Chhattisgarh,644,BALODABAZAR,KASDOL,-,-,Mahanadi,Mahanadi,Jonk,-,-,Jonk,21.64722222,82.51611111,08-06-2026 08:00,0
4395,Rampur,CWC,22,Chhattisgarh,644,BALODABAZAR,KASDOL,-,-,Mahanadi,Mahanadi,Jonk,-,-,Jonk,21.64722222,82.51611111,09-06-2026 08:00,0
4396,Rampur,CWC,22,Chhattisgarh,644,BALODABAZAR,KASDOL,-,-,Mahanadi,Mahanadi,Jonk,-,-,Jonk,21.64722222,82.51611111,10-06-2026 08:00,0
4397,Rampur,CWC,22,Chhattisgarh,644,BALODABAZAR,KASDOL,-,-,Mahanadi,Mahanadi,Jonk,-,-,Jonk,21.64722222,82.51611111,11-06-2026 08:00,0
4398,Rampur,CWC,22,Chhattisgarh,644,BALODABAZAR,KASDOL,-,-,Mahanadi,Mahanadi,Jonk,-,-,Jonk,21.64722222,82.51611111,12-06-2026 08:00,0
4399,Rampur,CWC,22,Chhattisgarh,644,BALODABAZAR,KASDOL,-,-,Mahanadi,Mahanadi,Jonk,-,-,Jonk,21.64722222,82.51611111,13-06-2026 08:00,0
4400,Rampur,CWC,22,Chhattisgarh,644,BALODABAZAR,KASDOL,-,-,Mahanadi,Mahanadi,Jonk,-,-,Jonk,21.64722222,82.51611111,14-06-2026 08:00,0
4401,Rampur,CWC,22,Chhattisgarh,644,BALODABAZAR,KASDOL,-,-,Mahanadi,Mahanadi,Jonk,-,-,Jonk,21.64722222,82.51611111,15-06-2026 08:00,0
4402,Rampur,CWC,22,Chhattisgarh,644,BALODABAZAR,KASDOL,-,-,Mahanadi,Mahanadi,Jonk,-,-,Jonk,21.64722222,82.51611111,16-06-2026 08:00,0
4403,Rampur,CWC,22,Chhattisgarh,644,BALODABAZAR,KASDOL,-,-,Mahanadi,Mahanadi,Jonk,-,-,Jonk,21.64722222,82.51611111,17-06-2026 08:00,0
4404,Rampur,CWC,22,Chhattisgarh,644,BALODABAZAR,KASDOL,-,-,Mahanadi,Mahanadi,Jonk,-,-,Jonk,21.64722222,82.51611111,18-06-2026 08:00,0
4405,Rampur,CWC,22,Chhattisgarh,644,BALODABAZAR,KASDOL,-,-,Mahanadi,Mahanadi,Jonk,-,-,Jonk,21.64722222,82.51611111,19-06-2026 08:00,0
4406,Rampur,CWC,22,Chhattisgarh,644,BALODABAZAR,KASDOL,-,-,Mahanadi,Mahanadi,Jonk,-,-,Jonk,21.64722222,82.51611111,20-06-2026 08:00,0
4407,Rampur,CWC,22,Chhattisgarh,644,BALODABAZAR,KASDOL,-,-,Mahanadi,Mahanadi,Jonk,-,-,Jonk,21.64722222,82.51611111,21-06-2026 08:00,0
4408,Rampur,CWC,22,Chhattisgarh,644,BALODABAZAR,KASDOL,-,-,Mahanadi,Mahanadi,Jonk,-,-,Jonk,21.64722222,82.51611111,22-06-2026 08:00,0
4409,Rampur,CWC,22,Chhattisgarh,644,BALODABAZAR,KASDOL,-,-,Mahanadi,Mahanadi,Jonk,-,-,Jonk,21.64722222,82.51611111,23-06-2026 08:00,0
4410,Rampur,CWC,22,Chhattisgarh,644,BALODABAZAR,KASDOL,-,-,Mahanadi,Mahanadi,Jonk,-,-,Jonk,21.64722222,82.51611111,24-06-2026 08:00,0
4411,Rampur,CWC,22,Chhattisgarh,644,BALODABAZAR,KASDOL,-,-,Mahanadi,Mahanadi,Jonk,-,-,Jonk,21.64722222,82.51611111,25-06-2026 08:00,0
4412,Rampur,CWC,22,Chhattisgarh,644,BALODABAZAR,KASDOL,-,-,Mahanadi,Mahanadi,Jonk,-,-,Jonk,21.64722222,82.51611111,26-06-2026 08:00,0
4413,Rampur,CWC,22,Chhattisgarh,644,BALODABAZAR,KASDOL,-,-,Mahanadi,Mahanadi,Jonk,-,-,Jonk,21.64722222,82.51611111,27-06-2026 08:00,0
4414,Rampur,CWC,22,Chhattisgarh,644,BALODABAZAR,KASDOL,-,-,Mahanadi,Mahanadi,Jonk,-,-,Jonk,21.64722222,82.51611111,28-06-2026 08:00,0
4415,Rampur,CWC,22,Chhattisgarh,644,BALODABAZAR,KASDOL,-,-,Mahanadi,Mahanadi,Jonk,-,-,Jonk,21.64722222,82.51611111,29-06-2026 08:00,0
4416,Rampur,CWC,22,Chhattisgarh,644,BALODABAZAR,KASDOL,-,-,Mahanadi,Mahanadi,Jonk,-,-,Jonk,21.64722222,82.51611111,30-06-2026 08:00,0
4417,Rampur,CWC,22,Chhattisgarh,644,BALODABAZAR,KASDOL,-,-,Mahanadi,Mahanadi,Jonk,-,-,Jonk,21.64722222,82.51611111,01-07-2026 08:00,0
4418,Rampur,CWC,22,Chhattisgarh,644,BALODABAZAR,KASDOL,-,-,Mahanadi,Mahanadi,Jonk,-,-,Jonk,21.64722222,82.51611111,02-07-2026 08:00,0
4419,Rampur,CWC,22,Chhattisgarh,644,BALODABAZAR,KASDOL,-,-,Mahanadi,Mahanadi,Jonk,-,-,Jonk,21.64722222,82.51611111,03-07-2026 08:00,0
4420,Rampur,CWC,22,Chhattisgarh,644,BALODABAZAR,KASDOL,-,-,Mahanadi,Mahanadi,Jonk,-,-,Jonk,21.64722222,82.51611111,04-07-2026 08:00,0
4421,Rampur,CWC,22,Chhattisgarh,644,BALODABAZAR,KASDOL,-,-,Mahanadi,Mahanadi,Jonk,-,-,Jonk,21.64722222,82.51611111,05-07-2026 08:00,0
4422,Rampur,CWC,22,Chhattisgarh,644,BALODABAZAR,KASDOL,-,-,Mahanadi,Mahanadi,Jonk,-,-,Jonk,21.64722222,82.51611111,06-07-2026 08:00,843.75
4423,Rampur,CWC,22,Chhattisgarh,644,BALODABAZAR,KASDOL,-,-,Mahanadi,Mahanadi,Jonk,-,-,Jonk,21.64722222,82.51611111,06-07-2026 08:00,843.75
4424,Rampur,CWC,22,Chhattisgarh,644,BALODABAZAR,KASDOL,-,-,Mahanadi,Mahanadi,Jonk,-,-,Jonk,21.64722222,82.51611111,07-07-2026 08:00,731.25
4425,Rampur,CWC,22,Chhattisgarh,644,BALODABAZAR,KASDOL,-,-,Mahanadi,Mahanadi,Jonk,-,-,Jonk,21.64722222,82.51611111,07-07-2026 08:00,731.25
4426,Rampur,CWC,22,Chhattisgarh,644,BALODABAZAR,KASDOL,-,-,Mahanadi,Mahanadi,Jonk,-,-,Jonk,21.64722222,82.51611111,08-07-2026 08:00,318.75
4427,Rampur,CWC,22,Chhattisgarh,644,BALODABAZAR,KASDOL,-,-,Mahanadi,Mahanadi,Jonk,-,-,Jonk,21.64722222,82.51611111,08-07-2026 08:00,318.75
4428,Rampur,CWC,22,Chhattisgarh,644,BALODABAZAR,KASDOL,-,-,Mahanadi,Mahanadi,Jonk,-,-,Jonk,21.64722222,82.51611111,09-07-2026 08:00,154.53
4429,Rampur,CWC,22,Chhattisgarh,644,BALODABAZAR,KASDOL,-,-,Mahanadi,Mahanadi,Jonk,-,-,Jonk,21.64722222,82.51611111,09-07-2026 08:00,154.53
4430,Rampur,CWC,22,Chhattisgarh,644,BALODABAZAR,KASDOL,-,-,Mahanadi,Mahanadi,Jonk,-,-,Jonk,21.64722222,82.51611111,10-07-2026 08:00,131.25
4431,Rampur,CWC,22,Chhattisgarh,644,BALODABAZAR,KASDOL,-,-,Mahanadi,Mahanadi,Jonk,-,-,Jonk,21.64722222,82.51611111,10-07-2026 08:00,131.25
4432,Rampur,CWC,22,Chhattisgarh,644,BALODABAZAR,KASDOL,-,-,Mahanadi,Mahanadi,Jonk,-,-,Jonk,21.64722222,82.51611111,11-07-2026 08:00,93.75
4433,Rampur,CWC,22,Chhattisgarh,644,BALODABAZAR,KASDOL,-,-,Mahanadi,Mahanadi,Jonk,-,-,Jonk,21.64722222,82.51611111,12-07-2026 08:00,93.75
4434,Rampur,CWC,22,Chhattisgarh,644,BALODABAZAR,KASDOL,-,-,Mahanadi,Mahanadi,Jonk,-,-,Jonk,21.64722222,82.51611111,13-07-2026 08:00,93.75
4435,Rampur,CWC,22,Chhattisgarh,644,BALODABAZAR,KASDOL,-,-,Mahanadi,Mahanadi,Jonk,-,-,Jonk,21.64722222,82.51611111,14-07-2026 08:00,17.967
4436,Rampur,CWC,22,Chhattisgarh,644,BALODABAZAR,KASDOL,-,-,Mahanadi,Mahanadi,Jonk,-,-,Jonk,21.64722222,82.51611111,15-07-2026 08:00,21.791
4437,Rampur,CWC,22,Chhattisgarh,644,BALODABAZAR,KASDOL,-,-,Mahanadi,Mahanadi,Jonk,-,-,Jonk,21.64722222,82.51611111,16-07-2026 08:00,18.521
4438,Rampur,CWC,22,Chhattisgarh,644,BALODABAZAR,KASDOL,-,-,Mahanadi,Mahanadi,Jonk,-,-,Jonk,21.64722222,82.51611111,17-07-2026 08:00,206.25
4439,Rampur,CWC,22,Chhattisgarh,644,BALODABAZAR,KASDOL,-,-,Mahanadi,Mahanadi,Jonk,-,-,Jonk,21.64722222,82.51611111,18-07-2026 08:00,487.5
4440,Rampur,CWC,22,Chhattisgarh,644,BALODABAZAR,KASDOL,-,-,Mahanadi,Mahanadi,Jonk,-,-,Jonk,21.64722222,82.51611111,19-07-2026 08:00,199.52
4441,Rampur,CWC,22,Chhattisgarh,644,BALODABAZAR,KASDOL,-,-,Mahanadi,Mahanadi,Jonk,-,-,Jonk,21.64722222,82.51611111,20-07-2026 08:00,336.775
4442,Rampur,CWC,22,Chhattisgarh,644,BALODABAZAR,KASDOL,-,-,Mahanadi,Mahanadi,Jonk,-,-,Jonk,21.64722222,82.51611111,21-07-2026 08:00,243.75
4443,Rampur,CWC,22,Chhattisgarh,644,BALODABAZAR,KASDOL,-,-,Mahanadi,Mahanadi,Jonk,-,-,Jonk,21.64722222,82.51611111,22-07-2026 08:00,234.375
4444,Rampur,CWC,22,Chhattisgarh,644,BALODABAZAR,KASDOL,-,-,Mahanadi,Mahanadi,Jonk,-,-,Jonk,21.64722222,82.51611111,23-07-2026 08:00,281.25
4445,Rampur,CWC,22,Chhattisgarh,644,BALODABAZAR,KASDOL,-,-,Mahanadi,Mahanadi,Jonk,-,-,Jonk,21.64722222,82.51611111,24-07-2026 08:00,300
4446,Rampur,CWC,22,Chhattisgarh,644,BALODABAZAR,KASDOL,-,-,Mahanadi,Mahanadi,Jonk,-,-,Jonk,21.64722222,82.51611111,25-07-2026 08:00,217.76
4447,Rampur,CWC,22,Chhattisgarh,644,BALODABAZAR,KASDOL,-,-,Mahanadi,Mahanadi,Jonk,-,-,Jonk,21.64722222,82.51611111,26-07-2026 08:00,217.76
4448,Rampur,CWC,22,Chhattisgarh,644,BALODABAZAR,KASDOL,-,-,Mahanadi,Mahanadi,Jonk,-,-,Jonk,21.64722222,82.51611111,27-07-2026 08:00,862.5
4449,Rampur,CWC,22,Chhattisgarh,644,BALODABAZAR,KASDOL,-,-,Mahanadi,Mahanadi,Jonk,-,-,Jonk,21.64722222,82.51611111,28-07-2026 08:00,656.25
4450,Rampur,CWC,22,Chhattisgarh,644,BALODABAZAR,KASDOL,-,-,Mahanadi,Mahanadi,Jonk,-,-,Jonk,21.64722222,82.51611111,29-07-2026 08:00,675
4451,Rampur,CWC,22,Chhattisgarh,644,BALODABAZAR,KASDOL,-,-,Mahanadi,Mahanadi,Jonk,-,-,Jonk,21.64722222,82.51611111,30-07-2026 08:00,2437.5
4452,Rampur,CWC,22,Chhattisgarh,644,BALODABAZAR,KASDOL,-,-,Mahanadi,Mahanadi,Jonk,-,-,Jonk,21.64722222,82.51611111,31-07-2026 08:00,1593.75
4453,Sangampally (Chintavagu),CWC,22,Chhattisgarh,376,DANTEWADA,BHOPAL PATNAM,-,-,Godavari,Godavari,Indravathi,-,-,-,18.75000000,80.57861111,01-01-2026 08:00,1.8
4454,Sangampally (Chintavagu),CWC,22,Chhattisgarh,376,DANTEWADA,BHOPAL PATNAM,-,-,Godavari,Godavari,Indravathi,-,-,-,18.75000000,80.57861111,02-01-2026 08:00,1.8
4455,Sangampally (Chintavagu),CWC,22,Chhattisgarh,376,DANTEWADA,BHOPAL PATNAM,-,-,Godavari,Godavari,Indravathi,-,-,-,18.75000000,80.57861111,03-01-2026 08:00,1.7
4456,Sangampally (Chintavagu),CWC,22,Chhattisgarh,376,DANTEWADA,BHOPAL PATNAM,-,-,Godavari,Godavari,Indravathi,-,-,-,18.75000000,80.57861111,04-01-2026 08:00,1.7
4457,Sangampally (Chintavagu),CWC,22,Chhattisgarh,376,DANTEWADA,BHOPAL PATNAM,-,-,Godavari,Godavari,Indravathi,-,-,-,18.75000000,80.57861111,05-01-2026 08:00,1.6
4458,Sangampally (Chintavagu),CWC,22,Chhattisgarh,376,DANTEWADA,BHOPAL PATNAM,-,-,Godavari,Godavari,Indravathi,-,-,-,18.75000000,80.57861111,06-01-2026 08:00,1.6
4459,Sangampally (Chintavagu),CWC,22,Chhattisgarh,376,DANTEWADA,BHOPAL PATNAM,-,-,Godavari,Godavari,Indravathi,-,-,-,18.75000000,80.57861111,07-01-2026 08:00,1.5
4460,Sangampally (Chintavagu),CWC,22,Chhattisgarh,376,DANTEWADA,BHOPAL PATNAM,-,-,Godavari,Godavari,Indravathi,-,-,-,18.75000000,80.57861111,08-01-2026 08:00,1.5
4461,Sangampally (Chintavagu),CWC,22,Chhattisgarh,376,DANTEWADA,BHOPAL PATNAM,-,-,Godavari,Godavari,Indravathi,-,-,-,18.75000000,80.57861111,09-01-2026 08:00,1.5
4462,Sangampally (Chintavagu),CWC,22,Chhattisgarh,376,DANTEWADA,BHOPAL PATNAM,-,-,Godavari,Godavari,Indravathi,-,-,-,18.75000000,80.57861111,10-01-2026 08:00,1.4
4463,Sangampally (Chintavagu),CWC,22,Chhattisgarh,376,DANTEWADA,BHOPAL PATNAM,-,-,Godavari,Godavari,Indravathi,-,-,-,18.75000000,80.57861111,11-01-2026 08:00,1.3
4464,Sangampally (Chintavagu),CWC,22,Chhattisgarh,376,DANTEWADA,BHOPAL PATNAM,-,-,Godavari,Godavari,Indravathi,-,-,-,18.75000000,80.57861111,12-01-2026 08:00,1.2
4465,Sangampally (Chintavagu),CWC,22,Chhattisgarh,376,DANTEWADA,BHOPAL PATNAM,-,-,Godavari,Godavari,Indravathi,-,-,-,18.75000000,80.57861111,13-01-2026 08:00,1.2
4466,Sangampally (Chintavagu),CWC,22,Chhattisgarh,376,DANTEWADA,BHOPAL PATNAM,-,-,Godavari,Godavari,Indravathi,-,-,-,18.75000000,80.57861111,14-01-2026 08:00,1.1
4467,Sangampally (Chintavagu),CWC,22,Chhattisgarh,376,DANTEWADA,BHOPAL PATNAM,-,-,Godavari,Godavari,Indravathi,-,-,-,18.75000000,80.57861111,15-01-2026 08:00,1.1
4468,Sangampally (Chintavagu),CWC,22,Chhattisgarh,376,DANTEWADA,BHOPAL PATNAM,-,-,Godavari,Godavari,Indravathi,-,-,-,18.75000000,80.57861111,16-01-2026 08:00,1.1
4469,Sangampally (Chintavagu),CWC,22,Chhattisgarh,376,DANTEWADA,BHOPAL PATNAM,-,-,Godavari,Godavari,Indravathi,-,-,-,18.75000000,80.57861111,17-01-2026 08:00,1.1
4470,Sangampally (Chintavagu),CWC,22,Chhattisgarh,376,DANTEWADA,BHOPAL PATNAM,-,-,Godavari,Godavari,Indravathi,-,-,-,18.75000000,80.57861111,18-01-2026 08:00,1.1
4471,Sangampally (Chintavagu),CWC,22,Chhattisgarh,376,DANTEWADA,BHOPAL PATNAM,-,-,Godavari,Godavari,Indravathi,-,-,-,18.75000000,80.57861111,19-01-2026 08:00,0
4472,Sangampally (Chintavagu),CWC,22,Chhattisgarh,376,DANTEWADA,BHOPAL PATNAM,-,-,Godavari,Godavari,Indravathi,-,-,-,18.75000000,80.57861111,20-01-2026 08:00,0
4473,Sangampally (Chintavagu),CWC,22,Chhattisgarh,376,DANTEWADA,BHOPAL PATNAM,-,-,Godavari,Godavari,Indravathi,-,-,-,18.75000000,80.57861111,21-01-2026 08:00,0
4474,Sangampally (Chintavagu),CWC,22,Chhattisgarh,376,DANTEWADA,BHOPAL PATNAM,-,-,Godavari,Godavari,Indravathi,-,-,-,18.75000000,80.57861111,22-01-2026 08:00,0
4475,Sangampally (Chintavagu),CWC,22,Chhattisgarh,376,DANTEWADA,BHOPAL PATNAM,-,-,Godavari,Godavari,Indravathi,-,-,-,18.75000000,80.57861111,23-01-2026 08:00,0
4476,Sangampally (Chintavagu),CWC,22,Chhattisgarh,376,DANTEWADA,BHOPAL PATNAM,-,-,Godavari,Godavari,Indravathi,-,-,-,18.75000000,80.57861111,24-01-2026 08:00,0
4477,Sangampally (Chintavagu),CWC,22,Chhattisgarh,376,DANTEWADA,BHOPAL PATNAM,-,-,Godavari,Godavari,Indravathi,-,-,-,18.75000000,80.57861111,25-01-2026 08:00,0
4478,Sangampally (Chintavagu),CWC,22,Chhattisgarh,376,DANTEWADA,BHOPAL PATNAM,-,-,Godavari,Godavari,Indravathi,-,-,-,18.75000000,80.57861111,26-01-2026 08:00,0
4479,Sangampally (Chintavagu),CWC,22,Chhattisgarh,376,DANTEWADA,BHOPAL PATNAM,-,-,Godavari,Godavari,Indravathi,-,-,-,18.75000000,80.57861111,27-01-2026 08:00,0
4480,Sangampally (Chintavagu),CWC,22,Chhattisgarh,376,DANTEWADA,BHOPAL PATNAM,-,-,Godavari,Godavari,Indravathi,-,-,-,18.75000000,80.57861111,28-01-2026 08:00,0
4481,Sangampally (Chintavagu),CWC,22,Chhattisgarh,376,DANTEWADA,BHOPAL PATNAM,-,-,Godavari,Godavari,Indravathi,-,-,-,18.75000000,80.57861111,29-01-2026 08:00,0
4482,Sangampally (Chintavagu),CWC,22,Chhattisgarh,376,DANTEWADA,BHOPAL PATNAM,-,-,Godavari,Godavari,Indravathi,-,-,-,18.75000000,80.57861111,30-01-2026 08:00,0
4483,Sangampally (Chintavagu),CWC,22,Chhattisgarh,376,DANTEWADA,BHOPAL PATNAM,-,-,Godavari,Godavari,Indravathi,-,-,-,18.75000000,80.57861111,31-01-2026 08:00,0
4484,Sangampally (Chintavagu),CWC,22,Chhattisgarh,376,DANTEWADA,BHOPAL PATNAM,-,-,Godavari,Godavari,Indravathi,-,-,-,18.75000000,80.57861111,01-02-2026 08:00,0
4485,Sangampally (Chintavagu),CWC,22,Chhattisgarh,376,DANTEWADA,BHOPAL PATNAM,-,-,Godavari,Godavari,Indravathi,-,-,-,18.75000000,80.57861111,02-02-2026 08:00,0
4486,Sangampally (Chintavagu),CWC,22,Chhattisgarh,376,DANTEWADA,BHOPAL PATNAM,-,-,Godavari,Godavari,Indravathi,-,-,-,18.75000000,80.57861111,03-02-2026 08:00,0
4487,Sangampally (Chintavagu),CWC,22,Chhattisgarh,376,DANTEWADA,BHOPAL PATNAM,-,-,Godavari,Godavari,Indravathi,-,-,-,18.75000000,80.57861111,04-02-2026 08:00,0
4488,Sangampally (Chintavagu),CWC,22,Chhattisgarh,376,DANTEWADA,BHOPAL PATNAM,-,-,Godavari,Godavari,Indravathi,-,-,-,18.75000000,80.57861111,05-02-2026 08:00,0
4489,Sangampally (Chintavagu),CWC,22,Chhattisgarh,376,DANTEWADA,BHOPAL PATNAM,-,-,Godavari,Godavari,Indravathi,-,-,-,18.75000000,80.57861111,06-02-2026 08:00,0
4490,Sangampally (Chintavagu),CWC,22,Chhattisgarh,376,DANTEWADA,BHOPAL PATNAM,-,-,Godavari,Godavari,Indravathi,-,-,-,18.75000000,80.57861111,07-02-2026 08:00,0
4491,Sangampally (Chintavagu),CWC,22,Chhattisgarh,376,DANTEWADA,BHOPAL PATNAM,-,-,Godavari,Godavari,Indravathi,-,-,-,18.75000000,80.57861111,08-02-2026 08:00,0
4492,Sangampally (Chintavagu),CWC,22,Chhattisgarh,376,DANTEWADA,BHOPAL PATNAM,-,-,Godavari,Godavari,Indravathi,-,-,-,18.75000000,80.57861111,09-02-2026 08:00,0
4493,Sangampally (Chintavagu),CWC,22,Chhattisgarh,376,DANTEWADA,BHOPAL PATNAM,-,-,Godavari,Godavari,Indravathi,-,-,-,18.75000000,80.57861111,10-02-2026 08:00,0
4494,Sangampally (Chintavagu),CWC,22,Chhattisgarh,376,DANTEWADA,BHOPAL PATNAM,-,-,Godavari,Godavari,Indravathi,-,-,-,18.75000000,80.57861111,11-02-2026 08:00,0
4495,Sangampally (Chintavagu),CWC,22,Chhattisgarh,376,DANTEWADA,BHOPAL PATNAM,-,-,Godavari,Godavari,Indravathi,-,-,-,18.75000000,80.57861111,12-02-2026 08:00,0
4496,Sangampally (Chintavagu),CWC,22,Chhattisgarh,376,DANTEWADA,BHOPAL PATNAM,-,-,Godavari,Godavari,Indravathi,-,-,-,18.75000000,80.57861111,13-02-2026 08:00,0
4497,Sangampally (Chintavagu),CWC,22,Chhattisgarh,376,DANTEWADA,BHOPAL PATNAM,-,-,Godavari,Godavari,Indravathi,-,-,-,18.75000000,80.57861111,14-02-2026 08:00,0
4498,Sangampally (Chintavagu),CWC,22,Chhattisgarh,376,DANTEWADA,BHOPAL PATNAM,-,-,Godavari,Godavari,Indravathi,-,-,-,18.75000000,80.57861111,15-02-2026 08:00,0
4499,Sangampally (Chintavagu),CWC,22,Chhattisgarh,376,DANTEWADA,BHOPAL PATNAM,-,-,Godavari,Godavari,Indravathi,-,-,-,18.75000000,80.57861111,16-02-2026 08:00,0
4500,Sangampally (Chintavagu),CWC,22,Chhattisgarh,376,DANTEWADA,BHOPAL PATNAM,-,-,Godavari,Godavari,Indravathi,-,-,-,18.75000000,80.57861111,17-02-2026 08:00,0
4501,Sangampally (Chintavagu),CWC,22,Chhattisgarh,376,DANTEWADA,BHOPAL PATNAM,-,-,Godavari,Godavari,Indravathi,-,-,-,18.75000000,80.57861111,18-02-2026 08:00,0
4502,Sangampally (Chintavagu),CWC,22,Chhattisgarh,376,DANTEWADA,BHOPAL PATNAM,-,-,Godavari,Godavari,Indravathi,-,-,-,18.75000000,80.57861111,19-02-2026 08:00,0
4503,Sangampally (Chintavagu),CWC,22,Chhattisgarh,376,DANTEWADA,BHOPAL PATNAM,-,-,Godavari,Godavari,Indravathi,-,-,-,18.75000000,80.57861111,20-02-2026 08:00,0
4504,Sangampally (Chintavagu),CWC,22,Chhattisgarh,376,DANTEWADA,BHOPAL PATNAM,-,-,Godavari,Godavari,Indravathi,-,-,-,18.75000000,80.57861111,21-02-2026 08:00,0
4505,Sangampally (Chintavagu),CWC,22,Chhattisgarh,376,DANTEWADA,BHOPAL PATNAM,-,-,Godavari,Godavari,Indravathi,-,-,-,18.75000000,80.57861111,22-02-2026 08:00,0
4506,Sangampally (Chintavagu),CWC,22,Chhattisgarh,376,DANTEWADA,BHOPAL PATNAM,-,-,Godavari,Godavari,Indravathi,-,-,-,18.75000000,80.57861111,23-02-2026 08:00,0
4507,Sangampally (Chintavagu),CWC,22,Chhattisgarh,376,DANTEWADA,BHOPAL PATNAM,-,-,Godavari,Godavari,Indravathi,-,-,-,18.75000000,80.57861111,24-02-2026 08:00,0
4508,Sangampally (Chintavagu),CWC,22,Chhattisgarh,376,DANTEWADA,BHOPAL PATNAM,-,-,Godavari,Godavari,Indravathi,-,-,-,18.75000000,80.57861111,25-02-2026 08:00,0
4509,Sangampally (Chintavagu),CWC,22,Chhattisgarh,376,DANTEWADA,BHOPAL PATNAM,-,-,Godavari,Godavari,Indravathi,-,-,-,18.75000000,80.57861111,26-02-2026 08:00,0
4510,Sangampally (Chintavagu),CWC,22,Chhattisgarh,376,DANTEWADA,BHOPAL PATNAM,-,-,Godavari,Godavari,Indravathi,-,-,-,18.75000000,80.57861111,27-02-2026 08:00,0
4511,Sangampally (Chintavagu),CWC,22,Chhattisgarh,376,DANTEWADA,BHOPAL PATNAM,-,-,Godavari,Godavari,Indravathi,-,-,-,18.75000000,80.57861111,28-02-2026 08:00,0
4512,Sangampally (Chintavagu),CWC,22,Chhattisgarh,376,DANTEWADA,BHOPAL PATNAM,-,-,Godavari,Godavari,Indravathi,-,-,-,18.75000000,80.57861111,01-03-2026 08:00,0
4513,Sangampally (Chintavagu),CWC,22,Chhattisgarh,376,DANTEWADA,BHOPAL PATNAM,-,-,Godavari,Godavari,Indravathi,-,-,-,18.75000000,80.57861111,02-03-2026 08:00,0
4514,Sangampally (Chintavagu),CWC,22,Chhattisgarh,376,DANTEWADA,BHOPAL PATNAM,-,-,Godavari,Godavari,Indravathi,-,-,-,18.75000000,80.57861111,03-03-2026 08:00,0
4515,Sangampally (Chintavagu),CWC,22,Chhattisgarh,376,DANTEWADA,BHOPAL PATNAM,-,-,Godavari,Godavari,Indravathi,-,-,-,18.75000000,80.57861111,04-03-2026 08:00,0
4516,Sangampally (Chintavagu),CWC,22,Chhattisgarh,376,DANTEWADA,BHOPAL PATNAM,-,-,Godavari,Godavari,Indravathi,-,-,-,18.75000000,80.57861111,05-03-2026 08:00,0
4517,Sangampally (Chintavagu),CWC,22,Chhattisgarh,376,DANTEWADA,BHOPAL PATNAM,-,-,Godavari,Godavari,Indravathi,-,-,-,18.75000000,80.57861111,06-03-2026 08:00,0
4518,Sangampally (Chintavagu),CWC,22,Chhattisgarh,376,DANTEWADA,BHOPAL PATNAM,-,-,Godavari,Godavari,Indravathi,-,-,-,18.75000000,80.57861111,07-03-2026 08:00,0
4519,Sangampally (Chintavagu),CWC,22,Chhattisgarh,376,DANTEWADA,BHOPAL PATNAM,-,-,Godavari,Godavari,Indravathi,-,-,-,18.75000000,80.57861111,08-03-2026 08:00,0
4520,Sangampally (Chintavagu),CWC,22,Chhattisgarh,376,DANTEWADA,BHOPAL PATNAM,-,-,Godavari,Godavari,Indravathi,-,-,-,18.75000000,80.57861111,09-03-2026 08:00,0
4521,Sangampally (Chintavagu),CWC,22,Chhattisgarh,376,DANTEWADA,BHOPAL PATNAM,-,-,Godavari,Godavari,Indravathi,-,-,-,18.75000000,80.57861111,10-03-2026 08:00,0
4522,Sangampally (Chintavagu),CWC,22,Chhattisgarh,376,DANTEWADA,BHOPAL PATNAM,-,-,Godavari,Godavari,Indravathi,-,-,-,18.75000000,80.57861111,11-03-2026 08:00,0
4523,Sangampally (Chintavagu),CWC,22,Chhattisgarh,376,DANTEWADA,BHOPAL PATNAM,-,-,Godavari,Godavari,Indravathi,-,-,-,18.75000000,80.57861111,12-03-2026 08:00,0
4524,Sangampally (Chintavagu),CWC,22,Chhattisgarh,376,DANTEWADA,BHOPAL PATNAM,-,-,Godavari,Godavari,Indravathi,-,-,-,18.75000000,80.57861111,13-03-2026 08:00,0
4525,Sangampally (Chintavagu),CWC,22,Chhattisgarh,376,DANTEWADA,BHOPAL PATNAM,-,-,Godavari,Godavari,Indravathi,-,-,-,18.75000000,80.57861111,14-03-2026 08:00,0
4526,Sangampally (Chintavagu),CWC,22,Chhattisgarh,376,DANTEWADA,BHOPAL PATNAM,-,-,Godavari,Godavari,Indravathi,-,-,-,18.75000000,80.57861111,15-03-2026 08:00,0
4527,Sangampally (Chintavagu),CWC,22,Chhattisgarh,376,DANTEWADA,BHOPAL PATNAM,-,-,Godavari,Godavari,Indravathi,-,-,-,18.75000000,80.57861111,16-03-2026 08:00,0
4528,Sangampally (Chintavagu),CWC,22,Chhattisgarh,376,DANTEWADA,BHOPAL PATNAM,-,-,Godavari,Godavari,Indravathi,-,-,-,18.75000000,80.57861111,17-03-2026 08:00,0
4529,Sangampally (Chintavagu),CWC,22,Chhattisgarh,376,DANTEWADA,BHOPAL PATNAM,-,-,Godavari,Godavari,Indravathi,-,-,-,18.75000000,80.57861111,18-03-2026 08:00,0
4530,Sangampally (Chintavagu),CWC,22,Chhattisgarh,376,DANTEWADA,BHOPAL PATNAM,-,-,Godavari,Godavari,Indravathi,-,-,-,18.75000000,80.57861111,19-03-2026 08:00,0
4531,Sangampally (Chintavagu),CWC,22,Chhattisgarh,376,DANTEWADA,BHOPAL PATNAM,-,-,Godavari,Godavari,Indravathi,-,-,-,18.75000000,80.57861111,20-03-2026 08:00,0
4532,Sangampally (Chintavagu),CWC,22,Chhattisgarh,376,DANTEWADA,BHOPAL PATNAM,-,-,Godavari,Godavari,Indravathi,-,-,-,18.75000000,80.57861111,21-03-2026 08:00,0
4533,Sangampally (Chintavagu),CWC,22,Chhattisgarh,376,DANTEWADA,BHOPAL PATNAM,-,-,Godavari,Godavari,Indravathi,-,-,-,18.75000000,80.57861111,22-03-2026 08:00,0
4534,Sangampally (Chintavagu),CWC,22,Chhattisgarh,376,DANTEWADA,BHOPAL PATNAM,-,-,Godavari,Godavari,Indravathi,-,-,-,18.75000000,80.57861111,23-03-2026 08:00,0
4535,Sangampally (Chintavagu),CWC,22,Chhattisgarh,376,DANTEWADA,BHOPAL PATNAM,-,-,Godavari,Godavari,Indravathi,-,-,-,18.75000000,80.57861111,24-03-2026 08:00,0
4536,Sangampally (Chintavagu),CWC,22,Chhattisgarh,376,DANTEWADA,BHOPAL PATNAM,-,-,Godavari,Godavari,Indravathi,-,-,-,18.75000000,80.57861111,25-03-2026 08:00,0
4537,Sangampally (Chintavagu),CWC,22,Chhattisgarh,376,DANTEWADA,BHOPAL PATNAM,-,-,Godavari,Godavari,Indravathi,-,-,-,18.75000000,80.57861111,26-03-2026 08:00,0
4538,Sangampally (Chintavagu),CWC,22,Chhattisgarh,376,DANTEWADA,BHOPAL PATNAM,-,-,Godavari,Godavari,Indravathi,-,-,-,18.75000000,80.57861111,27-03-2026 08:00,0
4539,Sangampally (Chintavagu),CWC,22,Chhattisgarh,376,DANTEWADA,BHOPAL PATNAM,-,-,Godavari,Godavari,Indravathi,-,-,-,18.75000000,80.57861111,28-03-2026 08:00,0
4540,Sangampally (Chintavagu),CWC,22,Chhattisgarh,376,DANTEWADA,BHOPAL PATNAM,-,-,Godavari,Godavari,Indravathi,-,-,-,18.75000000,80.57861111,29-03-2026 08:00,0
4541,Sangampally (Chintavagu),CWC,22,Chhattisgarh,376,DANTEWADA,BHOPAL PATNAM,-,-,Godavari,Godavari,Indravathi,-,-,-,18.75000000,80.57861111,30-03-2026 08:00,0
4542,Sangampally (Chintavagu),CWC,22,Chhattisgarh,376,DANTEWADA,BHOPAL PATNAM,-,-,Godavari,Godavari,Indravathi,-,-,-,18.75000000,80.57861111,31-03-2026 08:00,0
4543,Sangampally (Chintavagu),CWC,22,Chhattisgarh,376,DANTEWADA,BHOPAL PATNAM,-,-,Godavari,Godavari,Indravathi,-,-,-,18.75000000,80.57861111,01-04-2026 08:00,0
4544,Sangampally (Chintavagu),CWC,22,Chhattisgarh,376,DANTEWADA,BHOPAL PATNAM,-,-,Godavari,Godavari,Indravathi,-,-,-,18.75000000,80.57861111,02-04-2026 08:00,0
4545,Sangampally (Chintavagu),CWC,22,Chhattisgarh,376,DANTEWADA,BHOPAL PATNAM,-,-,Godavari,Godavari,Indravathi,-,-,-,18.75000000,80.57861111,03-04-2026 08:00,0
4546,Sangampally (Chintavagu),CWC,22,Chhattisgarh,376,DANTEWADA,BHOPAL PATNAM,-,-,Godavari,Godavari,Indravathi,-,-,-,18.75000000,80.57861111,04-04-2026 08:00,0
4547,Sangampally (Chintavagu),CWC,22,Chhattisgarh,376,DANTEWADA,BHOPAL PATNAM,-,-,Godavari,Godavari,Indravathi,-,-,-,18.75000000,80.57861111,05-04-2026 08:00,0
4548,Sangampally (Chintavagu),CWC,22,Chhattisgarh,376,DANTEWADA,BHOPAL PATNAM,-,-,Godavari,Godavari,Indravathi,-,-,-,18.75000000,80.57861111,06-04-2026 08:00,0
4549,Sangampally (Chintavagu),CWC,22,Chhattisgarh,376,DANTEWADA,BHOPAL PATNAM,-,-,Godavari,Godavari,Indravathi,-,-,-,18.75000000,80.57861111,07-04-2026 08:00,0
4550,Sangampally (Chintavagu),CWC,22,Chhattisgarh,376,DANTEWADA,BHOPAL PATNAM,-,-,Godavari,Godavari,Indravathi,-,-,-,18.75000000,80.57861111,08-04-2026 08:00,0
4551,Sangampally (Chintavagu),CWC,22,Chhattisgarh,376,DANTEWADA,BHOPAL PATNAM,-,-,Godavari,Godavari,Indravathi,-,-,-,18.75000000,80.57861111,09-04-2026 08:00,0
4552,Sangampally (Chintavagu),CWC,22,Chhattisgarh,376,DANTEWADA,BHOPAL PATNAM,-,-,Godavari,Godavari,Indravathi,-,-,-,18.75000000,80.57861111,10-04-2026 08:00,0
4553,Sangampally (Chintavagu),CWC,22,Chhattisgarh,376,DANTEWADA,BHOPAL PATNAM,-,-,Godavari,Godavari,Indravathi,-,-,-,18.75000000,80.57861111,11-04-2026 08:00,0
4554,Sangampally (Chintavagu),CWC,22,Chhattisgarh,376,DANTEWADA,BHOPAL PATNAM,-,-,Godavari,Godavari,Indravathi,-,-,-,18.75000000,80.57861111,12-04-2026 08:00,0
4555,Sangampally (Chintavagu),CWC,22,Chhattisgarh,376,DANTEWADA,BHOPAL PATNAM,-,-,Godavari,Godavari,Indravathi,-,-,-,18.75000000,80.57861111,13-04-2026 08:00,0
4556,Sangampally (Chintavagu),CWC,22,Chhattisgarh,376,DANTEWADA,BHOPAL PATNAM,-,-,Godavari,Godavari,Indravathi,-,-,-,18.75000000,80.57861111,14-04-2026 08:00,0
4557,Sangampally (Chintavagu),CWC,22,Chhattisgarh,376,DANTEWADA,BHOPAL PATNAM,-,-,Godavari,Godavari,Indravathi,-,-,-,18.75000000,80.57861111,15-04-2026 08:00,0
4558,Sangampally (Chintavagu),CWC,22,Chhattisgarh,376,DANTEWADA,BHOPAL PATNAM,-,-,Godavari,Godavari,Indravathi,-,-,-,18.75000000,80.57861111,16-04-2026 08:00,0
4559,Sangampally (Chintavagu),CWC,22,Chhattisgarh,376,DANTEWADA,BHOPAL PATNAM,-,-,Godavari,Godavari,Indravathi,-,-,-,18.75000000,80.57861111,17-04-2026 08:00,0
4560,Sangampally (Chintavagu),CWC,22,Chhattisgarh,376,DANTEWADA,BHOPAL PATNAM,-,-,Godavari,Godavari,Indravathi,-,-,-,18.75000000,80.57861111,18-04-2026 08:00,0
4561,Sangampally (Chintavagu),CWC,22,Chhattisgarh,376,DANTEWADA,BHOPAL PATNAM,-,-,Godavari,Godavari,Indravathi,-,-,-,18.75000000,80.57861111,19-04-2026 08:00,0
4562,Sangampally (Chintavagu),CWC,22,Chhattisgarh,376,DANTEWADA,BHOPAL PATNAM,-,-,Godavari,Godavari,Indravathi,-,-,-,18.75000000,80.57861111,20-04-2026 08:00,0
4563,Sangampally (Chintavagu),CWC,22,Chhattisgarh,376,DANTEWADA,BHOPAL PATNAM,-,-,Godavari,Godavari,Indravathi,-,-,-,18.75000000,80.57861111,21-04-2026 08:00,0
4564,Sangampally (Chintavagu),CWC,22,Chhattisgarh,376,DANTEWADA,BHOPAL PATNAM,-,-,Godavari,Godavari,Indravathi,-,-,-,18.75000000,80.57861111,22-04-2026 08:00,0
4565,Sangampally (Chintavagu),CWC,22,Chhattisgarh,376,DANTEWADA,BHOPAL PATNAM,-,-,Godavari,Godavari,Indravathi,-,-,-,18.75000000,80.57861111,23-04-2026 08:00,0
4566,Sangampally (Chintavagu),CWC,22,Chhattisgarh,376,DANTEWADA,BHOPAL PATNAM,-,-,Godavari,Godavari,Indravathi,-,-,-,18.75000000,80.57861111,24-04-2026 08:00,0
4567,Sangampally (Chintavagu),CWC,22,Chhattisgarh,376,DANTEWADA,BHOPAL PATNAM,-,-,Godavari,Godavari,Indravathi,-,-,-,18.75000000,80.57861111,25-04-2026 08:00,0
4568,Sangampally (Chintavagu),CWC,22,Chhattisgarh,376,DANTEWADA,BHOPAL PATNAM,-,-,Godavari,Godavari,Indravathi,-,-,-,18.75000000,80.57861111,26-04-2026 08:00,0
4569,Sangampally (Chintavagu),CWC,22,Chhattisgarh,376,DANTEWADA,BHOPAL PATNAM,-,-,Godavari,Godavari,Indravathi,-,-,-,18.75000000,80.57861111,27-04-2026 08:00,0
4570,Sangampally (Chintavagu),CWC,22,Chhattisgarh,376,DANTEWADA,BHOPAL PATNAM,-,-,Godavari,Godavari,Indravathi,-,-,-,18.75000000,80.57861111,28-04-2026 08:00,0
4571,Sangampally (Chintavagu),CWC,22,Chhattisgarh,376,DANTEWADA,BHOPAL PATNAM,-,-,Godavari,Godavari,Indravathi,-,-,-,18.75000000,80.57861111,29-04-2026 08:00,0
4572,Sangampally (Chintavagu),CWC,22,Chhattisgarh,376,DANTEWADA,BHOPAL PATNAM,-,-,Godavari,Godavari,Indravathi,-,-,-,18.75000000,80.57861111,10-07-2026 08:00,1.9711545
4573,Sangampally (Chintavagu),CWC,22,Chhattisgarh,376,DANTEWADA,BHOPAL PATNAM,-,-,Godavari,Godavari,Indravathi,-,-,-,18.75000000,80.57861111,14-07-2026 08:00,6.854535
4574,Seorinarayan,CWC,22,Chhattisgarh,379,JANJGIR - CHAMPA,CHAMPA,-,-,Mahanadi,Mahanadi,-,-,-,Mahanadi,21.71833333,82.59750000,01-01-2026 08:00,0
4575,Seorinarayan,CWC,22,Chhattisgarh,379,JANJGIR - CHAMPA,CHAMPA,-,-,Mahanadi,Mahanadi,-,-,-,Mahanadi,21.71833333,82.59750000,02-01-2026 08:00,0
4576,Seorinarayan,CWC,22,Chhattisgarh,379,JANJGIR - CHAMPA,CHAMPA,-,-,Mahanadi,Mahanadi,-,-,-,Mahanadi,21.71833333,82.59750000,03-01-2026 08:00,0
4577,Seorinarayan,CWC,22,Chhattisgarh,379,JANJGIR - CHAMPA,CHAMPA,-,-,Mahanadi,Mahanadi,-,-,-,Mahanadi,21.71833333,82.59750000,04-01-2026 08:00,0
4578,Seorinarayan,CWC,22,Chhattisgarh,379,JANJGIR - CHAMPA,CHAMPA,-,-,Mahanadi,Mahanadi,-,-,-,Mahanadi,21.71833333,82.59750000,05-01-2026 08:00,0
4579,Seorinarayan,CWC,22,Chhattisgarh,379,JANJGIR - CHAMPA,CHAMPA,-,-,Mahanadi,Mahanadi,-,-,-,Mahanadi,21.71833333,82.59750000,06-01-2026 08:00,0
4580,Seorinarayan,CWC,22,Chhattisgarh,379,JANJGIR - CHAMPA,CHAMPA,-,-,Mahanadi,Mahanadi,-,-,-,Mahanadi,21.71833333,82.59750000,07-01-2026 08:00,0
4581,Seorinarayan,CWC,22,Chhattisgarh,379,JANJGIR - CHAMPA,CHAMPA,-,-,Mahanadi,Mahanadi,-,-,-,Mahanadi,21.71833333,82.59750000,08-01-2026 08:00,0
4582,Seorinarayan,CWC,22,Chhattisgarh,379,JANJGIR - CHAMPA,CHAMPA,-,-,Mahanadi,Mahanadi,-,-,-,Mahanadi,21.71833333,82.59750000,09-01-2026 08:00,0
4583,Seorinarayan,CWC,22,Chhattisgarh,379,JANJGIR - CHAMPA,CHAMPA,-,-,Mahanadi,Mahanadi,-,-,-,Mahanadi,21.71833333,82.59750000,10-01-2026 08:00,0
4584,Seorinarayan,CWC,22,Chhattisgarh,379,JANJGIR - CHAMPA,CHAMPA,-,-,Mahanadi,Mahanadi,-,-,-,Mahanadi,21.71833333,82.59750000,11-01-2026 08:00,0
4585,Seorinarayan,CWC,22,Chhattisgarh,379,JANJGIR - CHAMPA,CHAMPA,-,-,Mahanadi,Mahanadi,-,-,-,Mahanadi,21.71833333,82.59750000,12-01-2026 08:00,0
4586,Seorinarayan,CWC,22,Chhattisgarh,379,JANJGIR - CHAMPA,CHAMPA,-,-,Mahanadi,Mahanadi,-,-,-,Mahanadi,21.71833333,82.59750000,13-01-2026 08:00,0
4587,Seorinarayan,CWC,22,Chhattisgarh,379,JANJGIR - CHAMPA,CHAMPA,-,-,Mahanadi,Mahanadi,-,-,-,Mahanadi,21.71833333,82.59750000,14-01-2026 08:00,0
4588,Seorinarayan,CWC,22,Chhattisgarh,379,JANJGIR - CHAMPA,CHAMPA,-,-,Mahanadi,Mahanadi,-,-,-,Mahanadi,21.71833333,82.59750000,15-01-2026 08:00,0
4589,Seorinarayan,CWC,22,Chhattisgarh,379,JANJGIR - CHAMPA,CHAMPA,-,-,Mahanadi,Mahanadi,-,-,-,Mahanadi,21.71833333,82.59750000,16-01-2026 08:00,0
4590,Seorinarayan,CWC,22,Chhattisgarh,379,JANJGIR - CHAMPA,CHAMPA,-,-,Mahanadi,Mahanadi,-,-,-,Mahanadi,21.71833333,82.59750000,17-01-2026 08:00,0
4591,Seorinarayan,CWC,22,Chhattisgarh,379,JANJGIR - CHAMPA,CHAMPA,-,-,Mahanadi,Mahanadi,-,-,-,Mahanadi,21.71833333,82.59750000,18-01-2026 08:00,0
4592,Seorinarayan,CWC,22,Chhattisgarh,379,JANJGIR - CHAMPA,CHAMPA,-,-,Mahanadi,Mahanadi,-,-,-,Mahanadi,21.71833333,82.59750000,19-01-2026 08:00,0
4593,Seorinarayan,CWC,22,Chhattisgarh,379,JANJGIR - CHAMPA,CHAMPA,-,-,Mahanadi,Mahanadi,-,-,-,Mahanadi,21.71833333,82.59750000,20-01-2026 08:00,0
4594,Seorinarayan,CWC,22,Chhattisgarh,379,JANJGIR - CHAMPA,CHAMPA,-,-,Mahanadi,Mahanadi,-,-,-,Mahanadi,21.71833333,82.59750000,21-01-2026 08:00,0
4595,Seorinarayan,CWC,22,Chhattisgarh,379,JANJGIR - CHAMPA,CHAMPA,-,-,Mahanadi,Mahanadi,-,-,-,Mahanadi,21.71833333,82.59750000,22-01-2026 08:00,0
4596,Seorinarayan,CWC,22,Chhattisgarh,379,JANJGIR - CHAMPA,CHAMPA,-,-,Mahanadi,Mahanadi,-,-,-,Mahanadi,21.71833333,82.59750000,23-01-2026 08:00,0
4597,Seorinarayan,CWC,22,Chhattisgarh,379,JANJGIR - CHAMPA,CHAMPA,-,-,Mahanadi,Mahanadi,-,-,-,Mahanadi,21.71833333,82.59750000,24-01-2026 08:00,0
4598,Seorinarayan,CWC,22,Chhattisgarh,379,JANJGIR - CHAMPA,CHAMPA,-,-,Mahanadi,Mahanadi,-,-,-,Mahanadi,21.71833333,82.59750000,25-01-2026 08:00,0
4599,Seorinarayan,CWC,22,Chhattisgarh,379,JANJGIR - CHAMPA,CHAMPA,-,-,Mahanadi,Mahanadi,-,-,-,Mahanadi,21.71833333,82.59750000,26-01-2026 08:00,0
4600,Seorinarayan,CWC,22,Chhattisgarh,379,JANJGIR - CHAMPA,CHAMPA,-,-,Mahanadi,Mahanadi,-,-,-,Mahanadi,21.71833333,82.59750000,27-01-2026 08:00,0
4601,Seorinarayan,CWC,22,Chhattisgarh,379,JANJGIR - CHAMPA,CHAMPA,-,-,Mahanadi,Mahanadi,-,-,-,Mahanadi,21.71833333,82.59750000,28-01-2026 08:00,0
4602,Seorinarayan,CWC,22,Chhattisgarh,379,JANJGIR - CHAMPA,CHAMPA,-,-,Mahanadi,Mahanadi,-,-,-,Mahanadi,21.71833333,82.59750000,29-01-2026 08:00,0
4603,Seorinarayan,CWC,22,Chhattisgarh,379,JANJGIR - CHAMPA,CHAMPA,-,-,Mahanadi,Mahanadi,-,-,-,Mahanadi,21.71833333,82.59750000,30-01-2026 08:00,0
4604,Seorinarayan,CWC,22,Chhattisgarh,379,JANJGIR - CHAMPA,CHAMPA,-,-,Mahanadi,Mahanadi,-,-,-,Mahanadi,21.71833333,82.59750000,31-01-2026 08:00,0
4605,Seorinarayan,CWC,22,Chhattisgarh,379,JANJGIR - CHAMPA,CHAMPA,-,-,Mahanadi,Mahanadi,-,-,-,Mahanadi,21.71833333,82.59750000,01-02-2026 08:00,0
4606,Seorinarayan,CWC,22,Chhattisgarh,379,JANJGIR - CHAMPA,CHAMPA,-,-,Mahanadi,Mahanadi,-,-,-,Mahanadi,21.71833333,82.59750000,02-02-2026 08:00,0
4607,Seorinarayan,CWC,22,Chhattisgarh,379,JANJGIR - CHAMPA,CHAMPA,-,-,Mahanadi,Mahanadi,-,-,-,Mahanadi,21.71833333,82.59750000,02-02-2026 08:00,4.0054784
4608,Seorinarayan,CWC,22,Chhattisgarh,379,JANJGIR - CHAMPA,CHAMPA,-,-,Mahanadi,Mahanadi,-,-,-,Mahanadi,21.71833333,82.59750000,03-02-2026 08:00,0
4609,Seorinarayan,CWC,22,Chhattisgarh,379,JANJGIR - CHAMPA,CHAMPA,-,-,Mahanadi,Mahanadi,-,-,-,Mahanadi,21.71833333,82.59750000,04-02-2026 08:00,0
4610,Seorinarayan,CWC,22,Chhattisgarh,379,JANJGIR - CHAMPA,CHAMPA,-,-,Mahanadi,Mahanadi,-,-,-,Mahanadi,21.71833333,82.59750000,05-02-2026 08:00,0
4611,Seorinarayan,CWC,22,Chhattisgarh,379,JANJGIR - CHAMPA,CHAMPA,-,-,Mahanadi,Mahanadi,-,-,-,Mahanadi,21.71833333,82.59750000,06-02-2026 08:00,0
4612,Seorinarayan,CWC,22,Chhattisgarh,379,JANJGIR - CHAMPA,CHAMPA,-,-,Mahanadi,Mahanadi,-,-,-,Mahanadi,21.71833333,82.59750000,07-02-2026 08:00,0
4613,Seorinarayan,CWC,22,Chhattisgarh,379,JANJGIR - CHAMPA,CHAMPA,-,-,Mahanadi,Mahanadi,-,-,-,Mahanadi,21.71833333,82.59750000,08-02-2026 08:00,0
4614,Seorinarayan,CWC,22,Chhattisgarh,379,JANJGIR - CHAMPA,CHAMPA,-,-,Mahanadi,Mahanadi,-,-,-,Mahanadi,21.71833333,82.59750000,09-02-2026 08:00,0
4615,Seorinarayan,CWC,22,Chhattisgarh,379,JANJGIR - CHAMPA,CHAMPA,-,-,Mahanadi,Mahanadi,-,-,-,Mahanadi,21.71833333,82.59750000,10-02-2026 08:00,0
4616,Seorinarayan,CWC,22,Chhattisgarh,379,JANJGIR - CHAMPA,CHAMPA,-,-,Mahanadi,Mahanadi,-,-,-,Mahanadi,21.71833333,82.59750000,11-02-2026 08:00,0
4617,Seorinarayan,CWC,22,Chhattisgarh,379,JANJGIR - CHAMPA,CHAMPA,-,-,Mahanadi,Mahanadi,-,-,-,Mahanadi,21.71833333,82.59750000,12-02-2026 08:00,0
4618,Seorinarayan,CWC,22,Chhattisgarh,379,JANJGIR - CHAMPA,CHAMPA,-,-,Mahanadi,Mahanadi,-,-,-,Mahanadi,21.71833333,82.59750000,13-02-2026 08:00,0
4619,Seorinarayan,CWC,22,Chhattisgarh,379,JANJGIR - CHAMPA,CHAMPA,-,-,Mahanadi,Mahanadi,-,-,-,Mahanadi,21.71833333,82.59750000,14-02-2026 08:00,0
4620,Seorinarayan,CWC,22,Chhattisgarh,379,JANJGIR - CHAMPA,CHAMPA,-,-,Mahanadi,Mahanadi,-,-,-,Mahanadi,21.71833333,82.59750000,15-02-2026 08:00,0
4621,Seorinarayan,CWC,22,Chhattisgarh,379,JANJGIR - CHAMPA,CHAMPA,-,-,Mahanadi,Mahanadi,-,-,-,Mahanadi,21.71833333,82.59750000,16-02-2026 08:00,0
4622,Seorinarayan,CWC,22,Chhattisgarh,379,JANJGIR - CHAMPA,CHAMPA,-,-,Mahanadi,Mahanadi,-,-,-,Mahanadi,21.71833333,82.59750000,17-02-2026 08:00,0
4623,Seorinarayan,CWC,22,Chhattisgarh,379,JANJGIR - CHAMPA,CHAMPA,-,-,Mahanadi,Mahanadi,-,-,-,Mahanadi,21.71833333,82.59750000,18-02-2026 08:00,0
4624,Seorinarayan,CWC,22,Chhattisgarh,379,JANJGIR - CHAMPA,CHAMPA,-,-,Mahanadi,Mahanadi,-,-,-,Mahanadi,21.71833333,82.59750000,19-02-2026 08:00,0
4625,Seorinarayan,CWC,22,Chhattisgarh,379,JANJGIR - CHAMPA,CHAMPA,-,-,Mahanadi,Mahanadi,-,-,-,Mahanadi,21.71833333,82.59750000,20-02-2026 08:00,0
4626,Seorinarayan,CWC,22,Chhattisgarh,379,JANJGIR - CHAMPA,CHAMPA,-,-,Mahanadi,Mahanadi,-,-,-,Mahanadi,21.71833333,82.59750000,21-02-2026 08:00,0
4627,Seorinarayan,CWC,22,Chhattisgarh,379,JANJGIR - CHAMPA,CHAMPA,-,-,Mahanadi,Mahanadi,-,-,-,Mahanadi,21.71833333,82.59750000,22-02-2026 08:00,0
4628,Seorinarayan,CWC,22,Chhattisgarh,379,JANJGIR - CHAMPA,CHAMPA,-,-,Mahanadi,Mahanadi,-,-,-,Mahanadi,21.71833333,82.59750000,23-02-2026 08:00,0
4629,Seorinarayan,CWC,22,Chhattisgarh,379,JANJGIR - CHAMPA,CHAMPA,-,-,Mahanadi,Mahanadi,-,-,-,Mahanadi,21.71833333,82.59750000,24-02-2026 08:00,0
4630,Seorinarayan,CWC,22,Chhattisgarh,379,JANJGIR - CHAMPA,CHAMPA,-,-,Mahanadi,Mahanadi,-,-,-,Mahanadi,21.71833333,82.59750000,25-02-2026 08:00,0
4631,Seorinarayan,CWC,22,Chhattisgarh,379,JANJGIR - CHAMPA,CHAMPA,-,-,Mahanadi,Mahanadi,-,-,-,Mahanadi,21.71833333,82.59750000,26-02-2026 08:00,0
4632,Seorinarayan,CWC,22,Chhattisgarh,379,JANJGIR - CHAMPA,CHAMPA,-,-,Mahanadi,Mahanadi,-,-,-,Mahanadi,21.71833333,82.59750000,27-02-2026 08:00,0
4633,Seorinarayan,CWC,22,Chhattisgarh,379,JANJGIR - CHAMPA,CHAMPA,-,-,Mahanadi,Mahanadi,-,-,-,Mahanadi,21.71833333,82.59750000,28-02-2026 08:00,0
4634,Seorinarayan,CWC,22,Chhattisgarh,379,JANJGIR - CHAMPA,CHAMPA,-,-,Mahanadi,Mahanadi,-,-,-,Mahanadi,21.71833333,82.59750000,01-03-2026 08:00,0
4635,Seorinarayan,CWC,22,Chhattisgarh,379,JANJGIR - CHAMPA,CHAMPA,-,-,Mahanadi,Mahanadi,-,-,-,Mahanadi,21.71833333,82.59750000,02-03-2026 08:00,0
4636,Seorinarayan,CWC,22,Chhattisgarh,379,JANJGIR - CHAMPA,CHAMPA,-,-,Mahanadi,Mahanadi,-,-,-,Mahanadi,21.71833333,82.59750000,03-03-2026 08:00,0
4637,Seorinarayan,CWC,22,Chhattisgarh,379,JANJGIR - CHAMPA,CHAMPA,-,-,Mahanadi,Mahanadi,-,-,-,Mahanadi,21.71833333,82.59750000,04-03-2026 08:00,0
4638,Seorinarayan,CWC,22,Chhattisgarh,379,JANJGIR - CHAMPA,CHAMPA,-,-,Mahanadi,Mahanadi,-,-,-,Mahanadi,21.71833333,82.59750000,05-03-2026 08:00,0
4639,Seorinarayan,CWC,22,Chhattisgarh,379,JANJGIR - CHAMPA,CHAMPA,-,-,Mahanadi,Mahanadi,-,-,-,Mahanadi,21.71833333,82.59750000,06-03-2026 08:00,0
4640,Seorinarayan,CWC,22,Chhattisgarh,379,JANJGIR - CHAMPA,CHAMPA,-,-,Mahanadi,Mahanadi,-,-,-,Mahanadi,21.71833333,82.59750000,07-03-2026 08:00,0
4641,Seorinarayan,CWC,22,Chhattisgarh,379,JANJGIR - CHAMPA,CHAMPA,-,-,Mahanadi,Mahanadi,-,-,-,Mahanadi,21.71833333,82.59750000,08-03-2026 08:00,0
4642,Seorinarayan,CWC,22,Chhattisgarh,379,JANJGIR - CHAMPA,CHAMPA,-,-,Mahanadi,Mahanadi,-,-,-,Mahanadi,21.71833333,82.59750000,09-03-2026 08:00,0
4643,Seorinarayan,CWC,22,Chhattisgarh,379,JANJGIR - CHAMPA,CHAMPA,-,-,Mahanadi,Mahanadi,-,-,-,Mahanadi,21.71833333,82.59750000,10-03-2026 08:00,0
4644,Seorinarayan,CWC,22,Chhattisgarh,379,JANJGIR - CHAMPA,CHAMPA,-,-,Mahanadi,Mahanadi,-,-,-,Mahanadi,21.71833333,82.59750000,11-03-2026 08:00,0
4645,Seorinarayan,CWC,22,Chhattisgarh,379,JANJGIR - CHAMPA,CHAMPA,-,-,Mahanadi,Mahanadi,-,-,-,Mahanadi,21.71833333,82.59750000,12-03-2026 08:00,0
4646,Seorinarayan,CWC,22,Chhattisgarh,379,JANJGIR - CHAMPA,CHAMPA,-,-,Mahanadi,Mahanadi,-,-,-,Mahanadi,21.71833333,82.59750000,13-03-2026 08:00,0
4647,Seorinarayan,CWC,22,Chhattisgarh,379,JANJGIR - CHAMPA,CHAMPA,-,-,Mahanadi,Mahanadi,-,-,-,Mahanadi,21.71833333,82.59750000,14-03-2026 08:00,0
4648,Seorinarayan,CWC,22,Chhattisgarh,379,JANJGIR - CHAMPA,CHAMPA,-,-,Mahanadi,Mahanadi,-,-,-,Mahanadi,21.71833333,82.59750000,15-03-2026 08:00,0
4649,Seorinarayan,CWC,22,Chhattisgarh,379,JANJGIR - CHAMPA,CHAMPA,-,-,Mahanadi,Mahanadi,-,-,-,Mahanadi,21.71833333,82.59750000,16-03-2026 08:00,0
4650,Seorinarayan,CWC,22,Chhattisgarh,379,JANJGIR - CHAMPA,CHAMPA,-,-,Mahanadi,Mahanadi,-,-,-,Mahanadi,21.71833333,82.59750000,17-03-2026 08:00,0
4651,Seorinarayan,CWC,22,Chhattisgarh,379,JANJGIR - CHAMPA,CHAMPA,-,-,Mahanadi,Mahanadi,-,-,-,Mahanadi,21.71833333,82.59750000,18-03-2026 08:00,0
4652,Seorinarayan,CWC,22,Chhattisgarh,379,JANJGIR - CHAMPA,CHAMPA,-,-,Mahanadi,Mahanadi,-,-,-,Mahanadi,21.71833333,82.59750000,19-03-2026 08:00,0
4653,Seorinarayan,CWC,22,Chhattisgarh,379,JANJGIR - CHAMPA,CHAMPA,-,-,Mahanadi,Mahanadi,-,-,-,Mahanadi,21.71833333,82.59750000,20-03-2026 08:00,0
4654,Seorinarayan,CWC,22,Chhattisgarh,379,JANJGIR - CHAMPA,CHAMPA,-,-,Mahanadi,Mahanadi,-,-,-,Mahanadi,21.71833333,82.59750000,21-03-2026 08:00,0
4655,Seorinarayan,CWC,22,Chhattisgarh,379,JANJGIR - CHAMPA,CHAMPA,-,-,Mahanadi,Mahanadi,-,-,-,Mahanadi,21.71833333,82.59750000,22-03-2026 08:00,0
4656,Seorinarayan,CWC,22,Chhattisgarh,379,JANJGIR - CHAMPA,CHAMPA,-,-,Mahanadi,Mahanadi,-,-,-,Mahanadi,21.71833333,82.59750000,23-03-2026 08:00,0
4657,Seorinarayan,CWC,22,Chhattisgarh,379,JANJGIR - CHAMPA,CHAMPA,-,-,Mahanadi,Mahanadi,-,-,-,Mahanadi,21.71833333,82.59750000,24-03-2026 08:00,0
4658,Seorinarayan,CWC,22,Chhattisgarh,379,JANJGIR - CHAMPA,CHAMPA,-,-,Mahanadi,Mahanadi,-,-,-,Mahanadi,21.71833333,82.59750000,25-03-2026 08:00,0
4659,Seorinarayan,CWC,22,Chhattisgarh,379,JANJGIR - CHAMPA,CHAMPA,-,-,Mahanadi,Mahanadi,-,-,-,Mahanadi,21.71833333,82.59750000,26-03-2026 08:00,0
4660,Seorinarayan,CWC,22,Chhattisgarh,379,JANJGIR - CHAMPA,CHAMPA,-,-,Mahanadi,Mahanadi,-,-,-,Mahanadi,21.71833333,82.59750000,27-03-2026 08:00,0
4661,Seorinarayan,CWC,22,Chhattisgarh,379,JANJGIR - CHAMPA,CHAMPA,-,-,Mahanadi,Mahanadi,-,-,-,Mahanadi,21.71833333,82.59750000,28-03-2026 08:00,0
4662,Seorinarayan,CWC,22,Chhattisgarh,379,JANJGIR - CHAMPA,CHAMPA,-,-,Mahanadi,Mahanadi,-,-,-,Mahanadi,21.71833333,82.59750000,29-03-2026 08:00,0
4663,Seorinarayan,CWC,22,Chhattisgarh,379,JANJGIR - CHAMPA,CHAMPA,-,-,Mahanadi,Mahanadi,-,-,-,Mahanadi,21.71833333,82.59750000,30-03-2026 08:00,0
4664,Seorinarayan,CWC,22,Chhattisgarh,379,JANJGIR - CHAMPA,CHAMPA,-,-,Mahanadi,Mahanadi,-,-,-,Mahanadi,21.71833333,82.59750000,31-03-2026 08:00,0
4665,Seorinarayan,CWC,22,Chhattisgarh,379,JANJGIR - CHAMPA,CHAMPA,-,-,Mahanadi,Mahanadi,-,-,-,Mahanadi,21.71833333,82.59750000,01-04-2026 08:00,0
4666,Seorinarayan,CWC,22,Chhattisgarh,379,JANJGIR - CHAMPA,CHAMPA,-,-,Mahanadi,Mahanadi,-,-,-,Mahanadi,21.71833333,82.59750000,02-04-2026 08:00,0
4667,Seorinarayan,CWC,22,Chhattisgarh,379,JANJGIR - CHAMPA,CHAMPA,-,-,Mahanadi,Mahanadi,-,-,-,Mahanadi,21.71833333,82.59750000,03-04-2026 08:00,0
4668,Seorinarayan,CWC,22,Chhattisgarh,379,JANJGIR - CHAMPA,CHAMPA,-,-,Mahanadi,Mahanadi,-,-,-,Mahanadi,21.71833333,82.59750000,04-04-2026 08:00,0
4669,Seorinarayan,CWC,22,Chhattisgarh,379,JANJGIR - CHAMPA,CHAMPA,-,-,Mahanadi,Mahanadi,-,-,-,Mahanadi,21.71833333,82.59750000,05-04-2026 08:00,0
4670,Seorinarayan,CWC,22,Chhattisgarh,379,JANJGIR - CHAMPA,CHAMPA,-,-,Mahanadi,Mahanadi,-,-,-,Mahanadi,21.71833333,82.59750000,06-04-2026 08:00,0
4671,Seorinarayan,CWC,22,Chhattisgarh,379,JANJGIR - CHAMPA,CHAMPA,-,-,Mahanadi,Mahanadi,-,-,-,Mahanadi,21.71833333,82.59750000,07-04-2026 08:00,0
4672,Seorinarayan,CWC,22,Chhattisgarh,379,JANJGIR - CHAMPA,CHAMPA,-,-,Mahanadi,Mahanadi,-,-,-,Mahanadi,21.71833333,82.59750000,08-04-2026 08:00,0
4673,Seorinarayan,CWC,22,Chhattisgarh,379,JANJGIR - CHAMPA,CHAMPA,-,-,Mahanadi,Mahanadi,-,-,-,Mahanadi,21.71833333,82.59750000,09-04-2026 08:00,0
4674,Seorinarayan,CWC,22,Chhattisgarh,379,JANJGIR - CHAMPA,CHAMPA,-,-,Mahanadi,Mahanadi,-,-,-,Mahanadi,21.71833333,82.59750000,10-04-2026 08:00,0
4675,Seorinarayan,CWC,22,Chhattisgarh,379,JANJGIR - CHAMPA,CHAMPA,-,-,Mahanadi,Mahanadi,-,-,-,Mahanadi,21.71833333,82.59750000,11-04-2026 08:00,0
4676,Seorinarayan,CWC,22,Chhattisgarh,379,JANJGIR - CHAMPA,CHAMPA,-,-,Mahanadi,Mahanadi,-,-,-,Mahanadi,21.71833333,82.59750000,12-04-2026 08:00,0
4677,Seorinarayan,CWC,22,Chhattisgarh,379,JANJGIR - CHAMPA,CHAMPA,-,-,Mahanadi,Mahanadi,-,-,-,Mahanadi,21.71833333,82.59750000,13-04-2026 08:00,0
4678,Seorinarayan,CWC,22,Chhattisgarh,379,JANJGIR - CHAMPA,CHAMPA,-,-,Mahanadi,Mahanadi,-,-,-,Mahanadi,21.71833333,82.59750000,14-04-2026 08:00,0
4679,Seorinarayan,CWC,22,Chhattisgarh,379,JANJGIR - CHAMPA,CHAMPA,-,-,Mahanadi,Mahanadi,-,-,-,Mahanadi,21.71833333,82.59750000,15-04-2026 08:00,0
4680,Seorinarayan,CWC,22,Chhattisgarh,379,JANJGIR - CHAMPA,CHAMPA,-,-,Mahanadi,Mahanadi,-,-,-,Mahanadi,21.71833333,82.59750000,16-04-2026 08:00,0
4681,Seorinarayan,CWC,22,Chhattisgarh,379,JANJGIR - CHAMPA,CHAMPA,-,-,Mahanadi,Mahanadi,-,-,-,Mahanadi,21.71833333,82.59750000,17-04-2026 08:00,0
4682,Seorinarayan,CWC,22,Chhattisgarh,379,JANJGIR - CHAMPA,CHAMPA,-,-,Mahanadi,Mahanadi,-,-,-,Mahanadi,21.71833333,82.59750000,18-04-2026 08:00,0
4683,Seorinarayan,CWC,22,Chhattisgarh,379,JANJGIR - CHAMPA,CHAMPA,-,-,Mahanadi,Mahanadi,-,-,-,Mahanadi,21.71833333,82.59750000,19-04-2026 08:00,0
4684,Seorinarayan,CWC,22,Chhattisgarh,379,JANJGIR - CHAMPA,CHAMPA,-,-,Mahanadi,Mahanadi,-,-,-,Mahanadi,21.71833333,82.59750000,20-04-2026 08:00,0
4685,Seorinarayan,CWC,22,Chhattisgarh,379,JANJGIR - CHAMPA,CHAMPA,-,-,Mahanadi,Mahanadi,-,-,-,Mahanadi,21.71833333,82.59750000,21-04-2026 08:00,0
4686,Seorinarayan,CWC,22,Chhattisgarh,379,JANJGIR - CHAMPA,CHAMPA,-,-,Mahanadi,Mahanadi,-,-,-,Mahanadi,21.71833333,82.59750000,22-04-2026 08:00,0
4687,Seorinarayan,CWC,22,Chhattisgarh,379,JANJGIR - CHAMPA,CHAMPA,-,-,Mahanadi,Mahanadi,-,-,-,Mahanadi,21.71833333,82.59750000,23-04-2026 08:00,0
4688,Seorinarayan,CWC,22,Chhattisgarh,379,JANJGIR - CHAMPA,CHAMPA,-,-,Mahanadi,Mahanadi,-,-,-,Mahanadi,21.71833333,82.59750000,24-04-2026 08:00,0
4689,Seorinarayan,CWC,22,Chhattisgarh,379,JANJGIR - CHAMPA,CHAMPA,-,-,Mahanadi,Mahanadi,-,-,-,Mahanadi,21.71833333,82.59750000,25-04-2026 08:00,0
4690,Seorinarayan,CWC,22,Chhattisgarh,379,JANJGIR - CHAMPA,CHAMPA,-,-,Mahanadi,Mahanadi,-,-,-,Mahanadi,21.71833333,82.59750000,26-04-2026 08:00,0
4691,Seorinarayan,CWC,22,Chhattisgarh,379,JANJGIR - CHAMPA,CHAMPA,-,-,Mahanadi,Mahanadi,-,-,-,Mahanadi,21.71833333,82.59750000,27-04-2026 08:00,0
4692,Seorinarayan,CWC,22,Chhattisgarh,379,JANJGIR - CHAMPA,CHAMPA,-,-,Mahanadi,Mahanadi,-,-,-,Mahanadi,21.71833333,82.59750000,28-04-2026 08:00,0
4693,Seorinarayan,CWC,22,Chhattisgarh,379,JANJGIR - CHAMPA,CHAMPA,-,-,Mahanadi,Mahanadi,-,-,-,Mahanadi,21.71833333,82.59750000,29-04-2026 08:00,0
4694,Seorinarayan,CWC,22,Chhattisgarh,379,JANJGIR - CHAMPA,CHAMPA,-,-,Mahanadi,Mahanadi,-,-,-,Mahanadi,21.71833333,82.59750000,30-04-2026 08:00,0
4695,Seorinarayan,CWC,22,Chhattisgarh,379,JANJGIR - CHAMPA,CHAMPA,-,-,Mahanadi,Mahanadi,-,-,-,Mahanadi,21.71833333,82.59750000,01-05-2026 08:00,0
4696,Seorinarayan,CWC,22,Chhattisgarh,379,JANJGIR - CHAMPA,CHAMPA,-,-,Mahanadi,Mahanadi,-,-,-,Mahanadi,21.71833333,82.59750000,01-05-2026 08:00,0
4697,Seorinarayan,CWC,22,Chhattisgarh,379,JANJGIR - CHAMPA,CHAMPA,-,-,Mahanadi,Mahanadi,-,-,-,Mahanadi,21.71833333,82.59750000,02-05-2026 08:00,0
4698,Seorinarayan,CWC,22,Chhattisgarh,379,JANJGIR - CHAMPA,CHAMPA,-,-,Mahanadi,Mahanadi,-,-,-,Mahanadi,21.71833333,82.59750000,02-05-2026 08:00,0
4699,Seorinarayan,CWC,22,Chhattisgarh,379,JANJGIR - CHAMPA,CHAMPA,-,-,Mahanadi,Mahanadi,-,-,-,Mahanadi,21.71833333,82.59750000,03-05-2026 08:00,0
4700,Seorinarayan,CWC,22,Chhattisgarh,379,JANJGIR - CHAMPA,CHAMPA,-,-,Mahanadi,Mahanadi,-,-,-,Mahanadi,21.71833333,82.59750000,03-05-2026 08:00,0
4701,Seorinarayan,CWC,22,Chhattisgarh,379,JANJGIR - CHAMPA,CHAMPA,-,-,Mahanadi,Mahanadi,-,-,-,Mahanadi,21.71833333,82.59750000,04-05-2026 08:00,0
4702,Seorinarayan,CWC,22,Chhattisgarh,379,JANJGIR - CHAMPA,CHAMPA,-,-,Mahanadi,Mahanadi,-,-,-,Mahanadi,21.71833333,82.59750000,04-05-2026 08:00,0
4703,Seorinarayan,CWC,22,Chhattisgarh,379,JANJGIR - CHAMPA,CHAMPA,-,-,Mahanadi,Mahanadi,-,-,-,Mahanadi,21.71833333,82.59750000,05-05-2026 08:00,0
4704,Seorinarayan,CWC,22,Chhattisgarh,379,JANJGIR - CHAMPA,CHAMPA,-,-,Mahanadi,Mahanadi,-,-,-,Mahanadi,21.71833333,82.59750000,05-05-2026 08:00,0
4705,Seorinarayan,CWC,22,Chhattisgarh,379,JANJGIR - CHAMPA,CHAMPA,-,-,Mahanadi,Mahanadi,-,-,-,Mahanadi,21.71833333,82.59750000,06-05-2026 08:00,0
4706,Seorinarayan,CWC,22,Chhattisgarh,379,JANJGIR - CHAMPA,CHAMPA,-,-,Mahanadi,Mahanadi,-,-,-,Mahanadi,21.71833333,82.59750000,06-05-2026 08:00,0
4707,Seorinarayan,CWC,22,Chhattisgarh,379,JANJGIR - CHAMPA,CHAMPA,-,-,Mahanadi,Mahanadi,-,-,-,Mahanadi,21.71833333,82.59750000,07-05-2026 08:00,0
4708,Seorinarayan,CWC,22,Chhattisgarh,379,JANJGIR - CHAMPA,CHAMPA,-,-,Mahanadi,Mahanadi,-,-,-,Mahanadi,21.71833333,82.59750000,07-05-2026 08:00,0
4709,Seorinarayan,CWC,22,Chhattisgarh,379,JANJGIR - CHAMPA,CHAMPA,-,-,Mahanadi,Mahanadi,-,-,-,Mahanadi,21.71833333,82.59750000,08-05-2026 08:00,0
4710,Seorinarayan,CWC,22,Chhattisgarh,379,JANJGIR - CHAMPA,CHAMPA,-,-,Mahanadi,Mahanadi,-,-,-,Mahanadi,21.71833333,82.59750000,08-05-2026 08:00,0
4711,Seorinarayan,CWC,22,Chhattisgarh,379,JANJGIR - CHAMPA,CHAMPA,-,-,Mahanadi,Mahanadi,-,-,-,Mahanadi,21.71833333,82.59750000,09-05-2026 08:00,0
4712,Seorinarayan,CWC,22,Chhattisgarh,379,JANJGIR - CHAMPA,CHAMPA,-,-,Mahanadi,Mahanadi,-,-,-,Mahanadi,21.71833333,82.59750000,09-05-2026 08:00,0
4713,Seorinarayan,CWC,22,Chhattisgarh,379,JANJGIR - CHAMPA,CHAMPA,-,-,Mahanadi,Mahanadi,-,-,-,Mahanadi,21.71833333,82.59750000,10-05-2026 08:00,0
4714,Seorinarayan,CWC,22,Chhattisgarh,379,JANJGIR - CHAMPA,CHAMPA,-,-,Mahanadi,Mahanadi,-,-,-,Mahanadi,21.71833333,82.59750000,10-05-2026 08:00,0
4715,Seorinarayan,CWC,22,Chhattisgarh,379,JANJGIR - CHAMPA,CHAMPA,-,-,Mahanadi,Mahanadi,-,-,-,Mahanadi,21.71833333,82.59750000,11-05-2026 08:00,0
4716,Seorinarayan,CWC,22,Chhattisgarh,379,JANJGIR - CHAMPA,CHAMPA,-,-,Mahanadi,Mahanadi,-,-,-,Mahanadi,21.71833333,82.59750000,11-05-2026 08:00,0
4717,Seorinarayan,CWC,22,Chhattisgarh,379,JANJGIR - CHAMPA,CHAMPA,-,-,Mahanadi,Mahanadi,-,-,-,Mahanadi,21.71833333,82.59750000,12-05-2026 08:00,0
4718,Seorinarayan,CWC,22,Chhattisgarh,379,JANJGIR - CHAMPA,CHAMPA,-,-,Mahanadi,Mahanadi,-,-,-,Mahanadi,21.71833333,82.59750000,12-05-2026 08:00,0
4719,Seorinarayan,CWC,22,Chhattisgarh,379,JANJGIR - CHAMPA,CHAMPA,-,-,Mahanadi,Mahanadi,-,-,-,Mahanadi,21.71833333,82.59750000,13-05-2026 08:00,0
4720,Seorinarayan,CWC,22,Chhattisgarh,379,JANJGIR - CHAMPA,CHAMPA,-,-,Mahanadi,Mahanadi,-,-,-,Mahanadi,21.71833333,82.59750000,13-05-2026 08:00,0
4721,Seorinarayan,CWC,22,Chhattisgarh,379,JANJGIR - CHAMPA,CHAMPA,-,-,Mahanadi,Mahanadi,-,-,-,Mahanadi,21.71833333,82.59750000,14-05-2026 08:00,0
4722,Seorinarayan,CWC,22,Chhattisgarh,379,JANJGIR - CHAMPA,CHAMPA,-,-,Mahanadi,Mahanadi,-,-,-,Mahanadi,21.71833333,82.59750000,14-05-2026 08:00,0
4723,Seorinarayan,CWC,22,Chhattisgarh,379,JANJGIR - CHAMPA,CHAMPA,-,-,Mahanadi,Mahanadi,-,-,-,Mahanadi,21.71833333,82.59750000,15-05-2026 08:00,0
4724,Seorinarayan,CWC,22,Chhattisgarh,379,JANJGIR - CHAMPA,CHAMPA,-,-,Mahanadi,Mahanadi,-,-,-,Mahanadi,21.71833333,82.59750000,15-05-2026 08:00,0
4725,Seorinarayan,CWC,22,Chhattisgarh,379,JANJGIR - CHAMPA,CHAMPA,-,-,Mahanadi,Mahanadi,-,-,-,Mahanadi,21.71833333,82.59750000,16-05-2026 08:00,0
4726,Seorinarayan,CWC,22,Chhattisgarh,379,JANJGIR - CHAMPA,CHAMPA,-,-,Mahanadi,Mahanadi,-,-,-,Mahanadi,21.71833333,82.59750000,16-05-2026 08:00,0
4727,Seorinarayan,CWC,22,Chhattisgarh,379,JANJGIR - CHAMPA,CHAMPA,-,-,Mahanadi,Mahanadi,-,-,-,Mahanadi,21.71833333,82.59750000,17-05-2026 08:00,0
4728,Seorinarayan,CWC,22,Chhattisgarh,379,JANJGIR - CHAMPA,CHAMPA,-,-,Mahanadi,Mahanadi,-,-,-,Mahanadi,21.71833333,82.59750000,17-05-2026 08:00,0
4729,Seorinarayan,CWC,22,Chhattisgarh,379,JANJGIR - CHAMPA,CHAMPA,-,-,Mahanadi,Mahanadi,-,-,-,Mahanadi,21.71833333,82.59750000,18-05-2026 08:00,0
4730,Seorinarayan,CWC,22,Chhattisgarh,379,JANJGIR - CHAMPA,CHAMPA,-,-,Mahanadi,Mahanadi,-,-,-,Mahanadi,21.71833333,82.59750000,18-05-2026 08:00,0
4731,Seorinarayan,CWC,22,Chhattisgarh,379,JANJGIR - CHAMPA,CHAMPA,-,-,Mahanadi,Mahanadi,-,-,-,Mahanadi,21.71833333,82.59750000,19-05-2026 08:00,0
4732,Seorinarayan,CWC,22,Chhattisgarh,379,JANJGIR - CHAMPA,CHAMPA,-,-,Mahanadi,Mahanadi,-,-,-,Mahanadi,21.71833333,82.59750000,19-05-2026 08:00,0
4733,Seorinarayan,CWC,22,Chhattisgarh,379,JANJGIR - CHAMPA,CHAMPA,-,-,Mahanadi,Mahanadi,-,-,-,Mahanadi,21.71833333,82.59750000,20-05-2026 08:00,0
4734,Seorinarayan,CWC,22,Chhattisgarh,379,JANJGIR - CHAMPA,CHAMPA,-,-,Mahanadi,Mahanadi,-,-,-,Mahanadi,21.71833333,82.59750000,20-05-2026 08:00,0
4735,Seorinarayan,CWC,22,Chhattisgarh,379,JANJGIR - CHAMPA,CHAMPA,-,-,Mahanadi,Mahanadi,-,-,-,Mahanadi,21.71833333,82.59750000,21-05-2026 08:00,0
4736,Seorinarayan,CWC,22,Chhattisgarh,379,JANJGIR - CHAMPA,CHAMPA,-,-,Mahanadi,Mahanadi,-,-,-,Mahanadi,21.71833333,82.59750000,21-05-2026 08:00,0
4737,Seorinarayan,CWC,22,Chhattisgarh,379,JANJGIR - CHAMPA,CHAMPA,-,-,Mahanadi,Mahanadi,-,-,-,Mahanadi,21.71833333,82.59750000,22-05-2026 08:00,0
4738,Seorinarayan,CWC,22,Chhattisgarh,379,JANJGIR - CHAMPA,CHAMPA,-,-,Mahanadi,Mahanadi,-,-,-,Mahanadi,21.71833333,82.59750000,22-05-2026 08:00,0
4739,Seorinarayan,CWC,22,Chhattisgarh,379,JANJGIR - CHAMPA,CHAMPA,-,-,Mahanadi,Mahanadi,-,-,-,Mahanadi,21.71833333,82.59750000,23-05-2026 08:00,0
4740,Seorinarayan,CWC,22,Chhattisgarh,379,JANJGIR - CHAMPA,CHAMPA,-,-,Mahanadi,Mahanadi,-,-,-,Mahanadi,21.71833333,82.59750000,23-05-2026 08:00,0
4741,Seorinarayan,CWC,22,Chhattisgarh,379,JANJGIR - CHAMPA,CHAMPA,-,-,Mahanadi,Mahanadi,-,-,-,Mahanadi,21.71833333,82.59750000,24-05-2026 08:00,0
4742,Seorinarayan,CWC,22,Chhattisgarh,379,JANJGIR - CHAMPA,CHAMPA,-,-,Mahanadi,Mahanadi,-,-,-,Mahanadi,21.71833333,82.59750000,24-05-2026 08:00,0
4743,Seorinarayan,CWC,22,Chhattisgarh,379,JANJGIR - CHAMPA,CHAMPA,-,-,Mahanadi,Mahanadi,-,-,-,Mahanadi,21.71833333,82.59750000,25-05-2026 08:00,0
4744,Seorinarayan,CWC,22,Chhattisgarh,379,JANJGIR - CHAMPA,CHAMPA,-,-,Mahanadi,Mahanadi,-,-,-,Mahanadi,21.71833333,82.59750000,25-05-2026 08:00,0
4745,Seorinarayan,CWC,22,Chhattisgarh,379,JANJGIR - CHAMPA,CHAMPA,-,-,Mahanadi,Mahanadi,-,-,-,Mahanadi,21.71833333,82.59750000,26-05-2026 08:00,0
4746,Seorinarayan,CWC,22,Chhattisgarh,379,JANJGIR - CHAMPA,CHAMPA,-,-,Mahanadi,Mahanadi,-,-,-,Mahanadi,21.71833333,82.59750000,26-05-2026 08:00,0
4747,Seorinarayan,CWC,22,Chhattisgarh,379,JANJGIR - CHAMPA,CHAMPA,-,-,Mahanadi,Mahanadi,-,-,-,Mahanadi,21.71833333,82.59750000,27-05-2026 08:00,0
4748,Seorinarayan,CWC,22,Chhattisgarh,379,JANJGIR - CHAMPA,CHAMPA,-,-,Mahanadi,Mahanadi,-,-,-,Mahanadi,21.71833333,82.59750000,27-05-2026 08:00,0
4749,Seorinarayan,CWC,22,Chhattisgarh,379,JANJGIR - CHAMPA,CHAMPA,-,-,Mahanadi,Mahanadi,-,-,-,Mahanadi,21.71833333,82.59750000,28-05-2026 08:00,0
4750,Seorinarayan,CWC,22,Chhattisgarh,379,JANJGIR - CHAMPA,CHAMPA,-,-,Mahanadi,Mahanadi,-,-,-,Mahanadi,21.71833333,82.59750000,28-05-2026 08:00,0
4751,Seorinarayan,CWC,22,Chhattisgarh,379,JANJGIR - CHAMPA,CHAMPA,-,-,Mahanadi,Mahanadi,-,-,-,Mahanadi,21.71833333,82.59750000,29-05-2026 08:00,0
4752,Seorinarayan,CWC,22,Chhattisgarh,379,JANJGIR - CHAMPA,CHAMPA,-,-,Mahanadi,Mahanadi,-,-,-,Mahanadi,21.71833333,82.59750000,29-05-2026 08:00,0
4753,Seorinarayan,CWC,22,Chhattisgarh,379,JANJGIR - CHAMPA,CHAMPA,-,-,Mahanadi,Mahanadi,-,-,-,Mahanadi,21.71833333,82.59750000,30-05-2026 08:00,0
4754,Seorinarayan,CWC,22,Chhattisgarh,379,JANJGIR - CHAMPA,CHAMPA,-,-,Mahanadi,Mahanadi,-,-,-,Mahanadi,21.71833333,82.59750000,30-05-2026 08:00,0
4755,Seorinarayan,CWC,22,Chhattisgarh,379,JANJGIR - CHAMPA,CHAMPA,-,-,Mahanadi,Mahanadi,-,-,-,Mahanadi,21.71833333,82.59750000,31-05-2026 08:00,0
4756,Seorinarayan,CWC,22,Chhattisgarh,379,JANJGIR - CHAMPA,CHAMPA,-,-,Mahanadi,Mahanadi,-,-,-,Mahanadi,21.71833333,82.59750000,31-05-2026 08:00,0
4757,Seorinarayan,CWC,22,Chhattisgarh,379,JANJGIR - CHAMPA,CHAMPA,-,-,Mahanadi,Mahanadi,-,-,-,Mahanadi,21.71833333,82.59750000,01-06-2026 08:00,0
4758,Seorinarayan,CWC,22,Chhattisgarh,379,JANJGIR - CHAMPA,CHAMPA,-,-,Mahanadi,Mahanadi,-,-,-,Mahanadi,21.71833333,82.59750000,02-06-2026 08:00,0
4759,Seorinarayan,CWC,22,Chhattisgarh,379,JANJGIR - CHAMPA,CHAMPA,-,-,Mahanadi,Mahanadi,-,-,-,Mahanadi,21.71833333,82.59750000,03-06-2026 08:00,0
4760,Seorinarayan,CWC,22,Chhattisgarh,379,JANJGIR - CHAMPA,CHAMPA,-,-,Mahanadi,Mahanadi,-,-,-,Mahanadi,21.71833333,82.59750000,04-06-2026 08:00,0
4761,Seorinarayan,CWC,22,Chhattisgarh,379,JANJGIR - CHAMPA,CHAMPA,-,-,Mahanadi,Mahanadi,-,-,-,Mahanadi,21.71833333,82.59750000,05-06-2026 08:00,0
4762,Seorinarayan,CWC,22,Chhattisgarh,379,JANJGIR - CHAMPA,CHAMPA,-,-,Mahanadi,Mahanadi,-,-,-,Mahanadi,21.71833333,82.59750000,06-06-2026 08:00,0
4763,Seorinarayan,CWC,22,Chhattisgarh,379,JANJGIR - CHAMPA,CHAMPA,-,-,Mahanadi,Mahanadi,-,-,-,Mahanadi,21.71833333,82.59750000,07-06-2026 08:00,0
4764,Seorinarayan,CWC,22,Chhattisgarh,379,JANJGIR - CHAMPA,CHAMPA,-,-,Mahanadi,Mahanadi,-,-,-,Mahanadi,21.71833333,82.59750000,08-06-2026 08:00,0
4765,Seorinarayan,CWC,22,Chhattisgarh,379,JANJGIR - CHAMPA,CHAMPA,-,-,Mahanadi,Mahanadi,-,-,-,Mahanadi,21.71833333,82.59750000,09-06-2026 08:00,0
4766,Seorinarayan,CWC,22,Chhattisgarh,379,JANJGIR - CHAMPA,CHAMPA,-,-,Mahanadi,Mahanadi,-,-,-,Mahanadi,21.71833333,82.59750000,10-06-2026 08:00,0
4767,Seorinarayan,CWC,22,Chhattisgarh,379,JANJGIR - CHAMPA,CHAMPA,-,-,Mahanadi,Mahanadi,-,-,-,Mahanadi,21.71833333,82.59750000,11-06-2026 08:00,0
4768,Seorinarayan,CWC,22,Chhattisgarh,379,JANJGIR - CHAMPA,CHAMPA,-,-,Mahanadi,Mahanadi,-,-,-,Mahanadi,21.71833333,82.59750000,12-06-2026 08:00,0
4769,Seorinarayan,CWC,22,Chhattisgarh,379,JANJGIR - CHAMPA,CHAMPA,-,-,Mahanadi,Mahanadi,-,-,-,Mahanadi,21.71833333,82.59750000,13-06-2026 08:00,0
4770,Seorinarayan,CWC,22,Chhattisgarh,379,JANJGIR - CHAMPA,CHAMPA,-,-,Mahanadi,Mahanadi,-,-,-,Mahanadi,21.71833333,82.59750000,14-06-2026 08:00,0
4771,Seorinarayan,CWC,22,Chhattisgarh,379,JANJGIR - CHAMPA,CHAMPA,-,-,Mahanadi,Mahanadi,-,-,-,Mahanadi,21.71833333,82.59750000,15-06-2026 08:00,0
4772,Seorinarayan,CWC,22,Chhattisgarh,379,JANJGIR - CHAMPA,CHAMPA,-,-,Mahanadi,Mahanadi,-,-,-,Mahanadi,21.71833333,82.59750000,16-06-2026 08:00,0
4773,Seorinarayan,CWC,22,Chhattisgarh,379,JANJGIR - CHAMPA,CHAMPA,-,-,Mahanadi,Mahanadi,-,-,-,Mahanadi,21.71833333,82.59750000,17-06-2026 08:00,0
4774,Seorinarayan,CWC,22,Chhattisgarh,379,JANJGIR - CHAMPA,CHAMPA,-,-,Mahanadi,Mahanadi,-,-,-,Mahanadi,21.71833333,82.59750000,18-06-2026 08:00,0
4775,Seorinarayan,CWC,22,Chhattisgarh,379,JANJGIR - CHAMPA,CHAMPA,-,-,Mahanadi,Mahanadi,-,-,-,Mahanadi,21.71833333,82.59750000,19-06-2026 08:00,0
4776,Seorinarayan,CWC,22,Chhattisgarh,379,JANJGIR - CHAMPA,CHAMPA,-,-,Mahanadi,Mahanadi,-,-,-,Mahanadi,21.71833333,82.59750000,20-06-2026 08:00,0
4777,Seorinarayan,CWC,22,Chhattisgarh,379,JANJGIR - CHAMPA,CHAMPA,-,-,Mahanadi,Mahanadi,-,-,-,Mahanadi,21.71833333,82.59750000,21-06-2026 08:00,0
4778,Seorinarayan,CWC,22,Chhattisgarh,379,JANJGIR - CHAMPA,CHAMPA,-,-,Mahanadi,Mahanadi,-,-,-,Mahanadi,21.71833333,82.59750000,22-06-2026 08:00,0
4779,Seorinarayan,CWC,22,Chhattisgarh,379,JANJGIR - CHAMPA,CHAMPA,-,-,Mahanadi,Mahanadi,-,-,-,Mahanadi,21.71833333,82.59750000,23-06-2026 08:00,0
4780,Seorinarayan,CWC,22,Chhattisgarh,379,JANJGIR - CHAMPA,CHAMPA,-,-,Mahanadi,Mahanadi,-,-,-,Mahanadi,21.71833333,82.59750000,24-06-2026 08:00,0
4781,Seorinarayan,CWC,22,Chhattisgarh,379,JANJGIR - CHAMPA,CHAMPA,-,-,Mahanadi,Mahanadi,-,-,-,Mahanadi,21.71833333,82.59750000,25-06-2026 08:00,0
4782,Seorinarayan,CWC,22,Chhattisgarh,379,JANJGIR - CHAMPA,CHAMPA,-,-,Mahanadi,Mahanadi,-,-,-,Mahanadi,21.71833333,82.59750000,26-06-2026 08:00,0
4783,Seorinarayan,CWC,22,Chhattisgarh,379,JANJGIR - CHAMPA,CHAMPA,-,-,Mahanadi,Mahanadi,-,-,-,Mahanadi,21.71833333,82.59750000,27-06-2026 08:00,0
4784,Seorinarayan,CWC,22,Chhattisgarh,379,JANJGIR - CHAMPA,CHAMPA,-,-,Mahanadi,Mahanadi,-,-,-,Mahanadi,21.71833333,82.59750000,28-06-2026 08:00,0
4785,Seorinarayan,CWC,22,Chhattisgarh,379,JANJGIR - CHAMPA,CHAMPA,-,-,Mahanadi,Mahanadi,-,-,-,Mahanadi,21.71833333,82.59750000,29-06-2026 08:00,0
4786,Seorinarayan,CWC,22,Chhattisgarh,379,JANJGIR - CHAMPA,CHAMPA,-,-,Mahanadi,Mahanadi,-,-,-,Mahanadi,21.71833333,82.59750000,30-06-2026 08:00,0
4787,Simga,CWC,22,Chhattisgarh,644,BALODABAZAR,SIMGA,-,-,Mahanadi,Mahanadi,Seonath,-,-,Seonath,21.63277778,81.68472222,01-01-2026 08:00,0
4788,Simga,CWC,22,Chhattisgarh,644,BALODABAZAR,SIMGA,-,-,Mahanadi,Mahanadi,Seonath,-,-,Seonath,21.63277778,81.68472222,02-01-2026 08:00,0
4789,Simga,CWC,22,Chhattisgarh,644,BALODABAZAR,SIMGA,-,-,Mahanadi,Mahanadi,Seonath,-,-,Seonath,21.63277778,81.68472222,03-01-2026 08:00,0
4790,Simga,CWC,22,Chhattisgarh,644,BALODABAZAR,SIMGA,-,-,Mahanadi,Mahanadi,Seonath,-,-,Seonath,21.63277778,81.68472222,04-01-2026 08:00,0
4791,Simga,CWC,22,Chhattisgarh,644,BALODABAZAR,SIMGA,-,-,Mahanadi,Mahanadi,Seonath,-,-,Seonath,21.63277778,81.68472222,05-01-2026 08:00,0
4792,Simga,CWC,22,Chhattisgarh,644,BALODABAZAR,SIMGA,-,-,Mahanadi,Mahanadi,Seonath,-,-,Seonath,21.63277778,81.68472222,06-01-2026 08:00,0
4793,Simga,CWC,22,Chhattisgarh,644,BALODABAZAR,SIMGA,-,-,Mahanadi,Mahanadi,Seonath,-,-,Seonath,21.63277778,81.68472222,07-01-2026 08:00,0
4794,Simga,CWC,22,Chhattisgarh,644,BALODABAZAR,SIMGA,-,-,Mahanadi,Mahanadi,Seonath,-,-,Seonath,21.63277778,81.68472222,08-01-2026 08:00,0
4795,Simga,CWC,22,Chhattisgarh,644,BALODABAZAR,SIMGA,-,-,Mahanadi,Mahanadi,Seonath,-,-,Seonath,21.63277778,81.68472222,09-01-2026 08:00,0
4796,Simga,CWC,22,Chhattisgarh,644,BALODABAZAR,SIMGA,-,-,Mahanadi,Mahanadi,Seonath,-,-,Seonath,21.63277778,81.68472222,10-01-2026 08:00,0
4797,Simga,CWC,22,Chhattisgarh,644,BALODABAZAR,SIMGA,-,-,Mahanadi,Mahanadi,Seonath,-,-,Seonath,21.63277778,81.68472222,11-01-2026 08:00,0
4798,Simga,CWC,22,Chhattisgarh,644,BALODABAZAR,SIMGA,-,-,Mahanadi,Mahanadi,Seonath,-,-,Seonath,21.63277778,81.68472222,12-01-2026 08:00,0
4799,Simga,CWC,22,Chhattisgarh,644,BALODABAZAR,SIMGA,-,-,Mahanadi,Mahanadi,Seonath,-,-,Seonath,21.63277778,81.68472222,13-01-2026 08:00,0
4800,Simga,CWC,22,Chhattisgarh,644,BALODABAZAR,SIMGA,-,-,Mahanadi,Mahanadi,Seonath,-,-,Seonath,21.63277778,81.68472222,14-01-2026 08:00,0
4801,Simga,CWC,22,Chhattisgarh,644,BALODABAZAR,SIMGA,-,-,Mahanadi,Mahanadi,Seonath,-,-,Seonath,21.63277778,81.68472222,15-01-2026 08:15,1.328
4802,Simga,CWC,22,Chhattisgarh,644,BALODABAZAR,SIMGA,-,-,Mahanadi,Mahanadi,Seonath,-,-,Seonath,21.63277778,81.68472222,16-01-2026 08:15,1.139
4803,Simga,CWC,22,Chhattisgarh,644,BALODABAZAR,SIMGA,-,-,Mahanadi,Mahanadi,Seonath,-,-,Seonath,21.63277778,81.68472222,17-01-2026 08:15,1.149
4804,Simga,CWC,22,Chhattisgarh,644,BALODABAZAR,SIMGA,-,-,Mahanadi,Mahanadi,Seonath,-,-,Seonath,21.63277778,81.68472222,18-01-2026 08:00,1.149
4805,Simga,CWC,22,Chhattisgarh,644,BALODABAZAR,SIMGA,-,-,Mahanadi,Mahanadi,Seonath,-,-,Seonath,21.63277778,81.68472222,19-01-2026 08:15,1.086
4806,Simga,CWC,22,Chhattisgarh,644,BALODABAZAR,SIMGA,-,-,Mahanadi,Mahanadi,Seonath,-,-,Seonath,21.63277778,81.68472222,20-01-2026 08:15,1.113
4807,Simga,CWC,22,Chhattisgarh,644,BALODABAZAR,SIMGA,-,-,Mahanadi,Mahanadi,Seonath,-,-,Seonath,21.63277778,81.68472222,21-01-2026 08:15,1.108
4808,Simga,CWC,22,Chhattisgarh,644,BALODABAZAR,SIMGA,-,-,Mahanadi,Mahanadi,Seonath,-,-,Seonath,21.63277778,81.68472222,22-01-2026 08:15,1.094
4809,Simga,CWC,22,Chhattisgarh,644,BALODABAZAR,SIMGA,-,-,Mahanadi,Mahanadi,Seonath,-,-,Seonath,21.63277778,81.68472222,23-01-2026 08:15,1.055
4810,Simga,CWC,22,Chhattisgarh,644,BALODABAZAR,SIMGA,-,-,Mahanadi,Mahanadi,Seonath,-,-,Seonath,21.63277778,81.68472222,24-01-2026 08:15,1.08
4811,Simga,CWC,22,Chhattisgarh,644,BALODABAZAR,SIMGA,-,-,Mahanadi,Mahanadi,Seonath,-,-,Seonath,21.63277778,81.68472222,25-01-2026 08:00,1.08
4812,Simga,CWC,22,Chhattisgarh,644,BALODABAZAR,SIMGA,-,-,Mahanadi,Mahanadi,Seonath,-,-,Seonath,21.63277778,81.68472222,26-01-2026 08:00,1.081
4813,Simga,CWC,22,Chhattisgarh,644,BALODABAZAR,SIMGA,-,-,Mahanadi,Mahanadi,Seonath,-,-,Seonath,21.63277778,81.68472222,27-01-2026 08:15,1.019
4814,Simga,CWC,22,Chhattisgarh,644,BALODABAZAR,SIMGA,-,-,Mahanadi,Mahanadi,Seonath,-,-,Seonath,21.63277778,81.68472222,28-01-2026 08:15,0.903
4815,Simga,CWC,22,Chhattisgarh,644,BALODABAZAR,SIMGA,-,-,Mahanadi,Mahanadi,Seonath,-,-,Seonath,21.63277778,81.68472222,29-01-2026 09:00,1.939
4816,Simga,CWC,22,Chhattisgarh,644,BALODABAZAR,SIMGA,-,-,Mahanadi,Mahanadi,Seonath,-,-,Seonath,21.63277778,81.68472222,30-01-2026 08:15,2.01
4817,Simga,CWC,22,Chhattisgarh,644,BALODABAZAR,SIMGA,-,-,Mahanadi,Mahanadi,Seonath,-,-,Seonath,21.63277778,81.68472222,31-01-2026 10:00,3.897
4818,Simga,CWC,22,Chhattisgarh,644,BALODABAZAR,SIMGA,-,-,Mahanadi,Mahanadi,Seonath,-,-,Seonath,21.63277778,81.68472222,01-02-2026 08:00,3.776
4819,Simga,CWC,22,Chhattisgarh,644,BALODABAZAR,SIMGA,-,-,Mahanadi,Mahanadi,Seonath,-,-,Seonath,21.63277778,81.68472222,02-02-2026 08:15,4.087
4820,Simga,CWC,22,Chhattisgarh,644,BALODABAZAR,SIMGA,-,-,Mahanadi,Mahanadi,Seonath,-,-,Seonath,21.63277778,81.68472222,03-02-2026 08:15,4.102
4821,Simga,CWC,22,Chhattisgarh,644,BALODABAZAR,SIMGA,-,-,Mahanadi,Mahanadi,Seonath,-,-,Seonath,21.63277778,81.68472222,04-02-2026 08:15,4.112
4822,Simga,CWC,22,Chhattisgarh,644,BALODABAZAR,SIMGA,-,-,Mahanadi,Mahanadi,Seonath,-,-,Seonath,21.63277778,81.68472222,05-02-2026 09:00,3.791
4823,Simga,CWC,22,Chhattisgarh,644,BALODABAZAR,SIMGA,-,-,Mahanadi,Mahanadi,Seonath,-,-,Seonath,21.63277778,81.68472222,06-02-2026 08:15,4.299
4824,Simga,CWC,22,Chhattisgarh,644,BALODABAZAR,SIMGA,-,-,Mahanadi,Mahanadi,Seonath,-,-,Seonath,21.63277778,81.68472222,07-02-2026 08:00,4.299
4825,Simga,CWC,22,Chhattisgarh,644,BALODABAZAR,SIMGA,-,-,Mahanadi,Mahanadi,Seonath,-,-,Seonath,21.63277778,81.68472222,08-02-2026 08:00,4.299
4826,Simga,CWC,22,Chhattisgarh,644,BALODABAZAR,SIMGA,-,-,Mahanadi,Mahanadi,Seonath,-,-,Seonath,21.63277778,81.68472222,09-02-2026 08:00,4.352
4827,Simga,CWC,22,Chhattisgarh,644,BALODABAZAR,SIMGA,-,-,Mahanadi,Mahanadi,Seonath,-,-,Seonath,21.63277778,81.68472222,10-02-2026 08:00,4.109
4828,Simga,CWC,22,Chhattisgarh,644,BALODABAZAR,SIMGA,-,-,Mahanadi,Mahanadi,Seonath,-,-,Seonath,21.63277778,81.68472222,11-02-2026 08:00,4.146
4829,Simga,CWC,22,Chhattisgarh,644,BALODABAZAR,SIMGA,-,-,Mahanadi,Mahanadi,Seonath,-,-,Seonath,21.63277778,81.68472222,12-02-2026 08:00,4.241
4830,Simga,CWC,22,Chhattisgarh,644,BALODABAZAR,SIMGA,-,-,Mahanadi,Mahanadi,Seonath,-,-,Seonath,21.63277778,81.68472222,13-02-2026 08:00,4.303
4831,Simga,CWC,22,Chhattisgarh,644,BALODABAZAR,SIMGA,-,-,Mahanadi,Mahanadi,Seonath,-,-,Seonath,21.63277778,81.68472222,14-02-2026 08:00,4.223
4832,Simga,CWC,22,Chhattisgarh,644,BALODABAZAR,SIMGA,-,-,Mahanadi,Mahanadi,Seonath,-,-,Seonath,21.63277778,81.68472222,15-02-2026 08:00,4.223
4833,Simga,CWC,22,Chhattisgarh,644,BALODABAZAR,SIMGA,-,-,Mahanadi,Mahanadi,Seonath,-,-,Seonath,21.63277778,81.68472222,16-02-2026 08:00,2.583
4834,Simga,CWC,22,Chhattisgarh,644,BALODABAZAR,SIMGA,-,-,Mahanadi,Mahanadi,Seonath,-,-,Seonath,21.63277778,81.68472222,17-02-2026 08:00,3.668
4835,Simga,CWC,22,Chhattisgarh,644,BALODABAZAR,SIMGA,-,-,Mahanadi,Mahanadi,Seonath,-,-,Seonath,21.63277778,81.68472222,18-02-2026 08:00,3.576
4836,Simga,CWC,22,Chhattisgarh,644,BALODABAZAR,SIMGA,-,-,Mahanadi,Mahanadi,Seonath,-,-,Seonath,21.63277778,81.68472222,19-02-2026 08:00,3.646
4837,Simga,CWC,22,Chhattisgarh,644,BALODABAZAR,SIMGA,-,-,Mahanadi,Mahanadi,Seonath,-,-,Seonath,21.63277778,81.68472222,20-02-2026 08:00,3.511
4838,Simga,CWC,22,Chhattisgarh,644,BALODABAZAR,SIMGA,-,-,Mahanadi,Mahanadi,Seonath,-,-,Seonath,21.63277778,81.68472222,21-02-2026 08:00,3.485
4839,Simga,CWC,22,Chhattisgarh,644,BALODABAZAR,SIMGA,-,-,Mahanadi,Mahanadi,Seonath,-,-,Seonath,21.63277778,81.68472222,22-02-2026 08:00,3.485
4840,Simga,CWC,22,Chhattisgarh,644,BALODABAZAR,SIMGA,-,-,Mahanadi,Mahanadi,Seonath,-,-,Seonath,21.63277778,81.68472222,23-02-2026 08:00,3.659
4841,Simga,CWC,22,Chhattisgarh,644,BALODABAZAR,SIMGA,-,-,Mahanadi,Mahanadi,Seonath,-,-,Seonath,21.63277778,81.68472222,24-02-2026 08:00,3.314
4842,Simga,CWC,22,Chhattisgarh,644,BALODABAZAR,SIMGA,-,-,Mahanadi,Mahanadi,Seonath,-,-,Seonath,21.63277778,81.68472222,25-02-2026 08:00,3.553
4843,Simga,CWC,22,Chhattisgarh,644,BALODABAZAR,SIMGA,-,-,Mahanadi,Mahanadi,Seonath,-,-,Seonath,21.63277778,81.68472222,26-02-2026 08:00,3.563
4844,Simga,CWC,22,Chhattisgarh,644,BALODABAZAR,SIMGA,-,-,Mahanadi,Mahanadi,Seonath,-,-,Seonath,21.63277778,81.68472222,27-02-2026 08:00,3.636
4845,Simga,CWC,22,Chhattisgarh,644,BALODABAZAR,SIMGA,-,-,Mahanadi,Mahanadi,Seonath,-,-,Seonath,21.63277778,81.68472222,28-02-2026 08:00,3.412
4846,Simga,CWC,22,Chhattisgarh,644,BALODABAZAR,SIMGA,-,-,Mahanadi,Mahanadi,Seonath,-,-,Seonath,21.63277778,81.68472222,01-03-2026 08:00,3.412
4847,Simga,CWC,22,Chhattisgarh,644,BALODABAZAR,SIMGA,-,-,Mahanadi,Mahanadi,Seonath,-,-,Seonath,21.63277778,81.68472222,02-03-2026 08:15,2.708
4848,Simga,CWC,22,Chhattisgarh,644,BALODABAZAR,SIMGA,-,-,Mahanadi,Mahanadi,Seonath,-,-,Seonath,21.63277778,81.68472222,03-03-2026 08:00,2.815
4849,Simga,CWC,22,Chhattisgarh,644,BALODABAZAR,SIMGA,-,-,Mahanadi,Mahanadi,Seonath,-,-,Seonath,21.63277778,81.68472222,04-03-2026 08:00,2.884
4850,Simga,CWC,22,Chhattisgarh,644,BALODABAZAR,SIMGA,-,-,Mahanadi,Mahanadi,Seonath,-,-,Seonath,21.63277778,81.68472222,05-03-2026 08:15,2.745
4851,Simga,CWC,22,Chhattisgarh,644,BALODABAZAR,SIMGA,-,-,Mahanadi,Mahanadi,Seonath,-,-,Seonath,21.63277778,81.68472222,06-03-2026 08:15,2.766
4852,Simga,CWC,22,Chhattisgarh,644,BALODABAZAR,SIMGA,-,-,Mahanadi,Mahanadi,Seonath,-,-,Seonath,21.63277778,81.68472222,07-03-2026 08:15,2.841
4853,Simga,CWC,22,Chhattisgarh,644,BALODABAZAR,SIMGA,-,-,Mahanadi,Mahanadi,Seonath,-,-,Seonath,21.63277778,81.68472222,08-03-2026 08:00,2.813
4854,Simga,CWC,22,Chhattisgarh,644,BALODABAZAR,SIMGA,-,-,Mahanadi,Mahanadi,Seonath,-,-,Seonath,21.63277778,81.68472222,09-03-2026 08:15,2.633
4855,Simga,CWC,22,Chhattisgarh,644,BALODABAZAR,SIMGA,-,-,Mahanadi,Mahanadi,Seonath,-,-,Seonath,21.63277778,81.68472222,10-03-2026 08:00,3.362
4856,Simga,CWC,22,Chhattisgarh,644,BALODABAZAR,SIMGA,-,-,Mahanadi,Mahanadi,Seonath,-,-,Seonath,21.63277778,81.68472222,11-03-2026 09:15,3.221
4857,Simga,CWC,22,Chhattisgarh,644,BALODABAZAR,SIMGA,-,-,Mahanadi,Mahanadi,Seonath,-,-,Seonath,21.63277778,81.68472222,12-03-2026 08:15,3.151
4858,Simga,CWC,22,Chhattisgarh,644,BALODABAZAR,SIMGA,-,-,Mahanadi,Mahanadi,Seonath,-,-,Seonath,21.63277778,81.68472222,13-03-2026 08:15,3.08
4859,Simga,CWC,22,Chhattisgarh,644,BALODABAZAR,SIMGA,-,-,Mahanadi,Mahanadi,Seonath,-,-,Seonath,21.63277778,81.68472222,14-03-2026 08:15,3.172
4860,Simga,CWC,22,Chhattisgarh,644,BALODABAZAR,SIMGA,-,-,Mahanadi,Mahanadi,Seonath,-,-,Seonath,21.63277778,81.68472222,15-03-2026 08:00,3.138
4861,Simga,CWC,22,Chhattisgarh,644,BALODABAZAR,SIMGA,-,-,Mahanadi,Mahanadi,Seonath,-,-,Seonath,21.63277778,81.68472222,16-03-2026 08:15,3.503
4862,Simga,CWC,22,Chhattisgarh,644,BALODABAZAR,SIMGA,-,-,Mahanadi,Mahanadi,Seonath,-,-,Seonath,21.63277778,81.68472222,17-03-2026 08:15,3.585
4863,Simga,CWC,22,Chhattisgarh,644,BALODABAZAR,SIMGA,-,-,Mahanadi,Mahanadi,Seonath,-,-,Seonath,21.63277778,81.68472222,18-03-2026 08:15,3.602
4864,Simga,CWC,22,Chhattisgarh,644,BALODABAZAR,SIMGA,-,-,Mahanadi,Mahanadi,Seonath,-,-,Seonath,21.63277778,81.68472222,19-03-2026 08:15,3.511
4865,Simga,CWC,22,Chhattisgarh,644,BALODABAZAR,SIMGA,-,-,Mahanadi,Mahanadi,Seonath,-,-,Seonath,21.63277778,81.68472222,20-03-2026 08:15,3.774
4866,Simga,CWC,22,Chhattisgarh,644,BALODABAZAR,SIMGA,-,-,Mahanadi,Mahanadi,Seonath,-,-,Seonath,21.63277778,81.68472222,01-04-2026 08:00,3.322
4867,Simga,CWC,22,Chhattisgarh,644,BALODABAZAR,SIMGA,-,-,Mahanadi,Mahanadi,Seonath,-,-,Seonath,21.63277778,81.68472222,01-04-2026 08:15,3.296
4868,Simga,CWC,22,Chhattisgarh,644,BALODABAZAR,SIMGA,-,-,Mahanadi,Mahanadi,Seonath,-,-,Seonath,21.63277778,81.68472222,02-04-2026 08:00,3.236
4869,Simga,CWC,22,Chhattisgarh,644,BALODABAZAR,SIMGA,-,-,Mahanadi,Mahanadi,Seonath,-,-,Seonath,21.63277778,81.68472222,02-04-2026 08:15,3.234
4870,Simga,CWC,22,Chhattisgarh,644,BALODABAZAR,SIMGA,-,-,Mahanadi,Mahanadi,Seonath,-,-,Seonath,21.63277778,81.68472222,03-04-2026 08:00,3.236
4871,Simga,CWC,22,Chhattisgarh,644,BALODABAZAR,SIMGA,-,-,Mahanadi,Mahanadi,Seonath,-,-,Seonath,21.63277778,81.68472222,04-04-2026 08:00,2.231
4872,Simga,CWC,22,Chhattisgarh,644,BALODABAZAR,SIMGA,-,-,Mahanadi,Mahanadi,Seonath,-,-,Seonath,21.63277778,81.68472222,04-04-2026 08:15,2.269
4873,Simga,CWC,22,Chhattisgarh,644,BALODABAZAR,SIMGA,-,-,Mahanadi,Mahanadi,Seonath,-,-,Seonath,21.63277778,81.68472222,05-04-2026 08:00,2.231
4874,Simga,CWC,22,Chhattisgarh,644,BALODABAZAR,SIMGA,-,-,Mahanadi,Mahanadi,Seonath,-,-,Seonath,21.63277778,81.68472222,06-04-2026 08:00,2.554
4875,Simga,CWC,22,Chhattisgarh,644,BALODABAZAR,SIMGA,-,-,Mahanadi,Mahanadi,Seonath,-,-,Seonath,21.63277778,81.68472222,06-04-2026 08:15,2.553
4876,Simga,CWC,22,Chhattisgarh,644,BALODABAZAR,SIMGA,-,-,Mahanadi,Mahanadi,Seonath,-,-,Seonath,21.63277778,81.68472222,07-04-2026 08:00,2.582
4877,Simga,CWC,22,Chhattisgarh,644,BALODABAZAR,SIMGA,-,-,Mahanadi,Mahanadi,Seonath,-,-,Seonath,21.63277778,81.68472222,07-04-2026 08:15,2.577
4878,Simga,CWC,22,Chhattisgarh,644,BALODABAZAR,SIMGA,-,-,Mahanadi,Mahanadi,Seonath,-,-,Seonath,21.63277778,81.68472222,08-04-2026 08:00,2.696
4879,Simga,CWC,22,Chhattisgarh,644,BALODABAZAR,SIMGA,-,-,Mahanadi,Mahanadi,Seonath,-,-,Seonath,21.63277778,81.68472222,08-04-2026 08:15,2.6
4880,Simga,CWC,22,Chhattisgarh,644,BALODABAZAR,SIMGA,-,-,Mahanadi,Mahanadi,Seonath,-,-,Seonath,21.63277778,81.68472222,09-04-2026 08:00,2.615
4881,Simga,CWC,22,Chhattisgarh,644,BALODABAZAR,SIMGA,-,-,Mahanadi,Mahanadi,Seonath,-,-,Seonath,21.63277778,81.68472222,09-04-2026 08:15,2.612
4882,Simga,CWC,22,Chhattisgarh,644,BALODABAZAR,SIMGA,-,-,Mahanadi,Mahanadi,Seonath,-,-,Seonath,21.63277778,81.68472222,10-04-2026 08:00,1.696
4883,Simga,CWC,22,Chhattisgarh,644,BALODABAZAR,SIMGA,-,-,Mahanadi,Mahanadi,Seonath,-,-,Seonath,21.63277778,81.68472222,10-04-2026 08:15,1.66
4884,Simga,CWC,22,Chhattisgarh,644,BALODABAZAR,SIMGA,-,-,Mahanadi,Mahanadi,Seonath,-,-,Seonath,21.63277778,81.68472222,11-04-2026 08:15,1.201
4885,Simga,CWC,22,Chhattisgarh,644,BALODABAZAR,SIMGA,-,-,Mahanadi,Mahanadi,Seonath,-,-,Seonath,21.63277778,81.68472222,12-04-2026 08:00,1.201
4886,Simga,CWC,22,Chhattisgarh,644,BALODABAZAR,SIMGA,-,-,Mahanadi,Mahanadi,Seonath,-,-,Seonath,21.63277778,81.68472222,13-04-2026 08:15,1.315
4887,Simga,CWC,22,Chhattisgarh,644,BALODABAZAR,SIMGA,-,-,Mahanadi,Mahanadi,Seonath,-,-,Seonath,21.63277778,81.68472222,14-04-2026 08:00,1.288
4888,Simga,CWC,22,Chhattisgarh,644,BALODABAZAR,SIMGA,-,-,Mahanadi,Mahanadi,Seonath,-,-,Seonath,21.63277778,81.68472222,15-04-2026 08:15,1.185
4889,Simga,CWC,22,Chhattisgarh,644,BALODABAZAR,SIMGA,-,-,Mahanadi,Mahanadi,Seonath,-,-,Seonath,21.63277778,81.68472222,16-04-2026 08:15,1.206
4890,Simga,CWC,22,Chhattisgarh,644,BALODABAZAR,SIMGA,-,-,Mahanadi,Mahanadi,Seonath,-,-,Seonath,21.63277778,81.68472222,17-04-2026 08:15,1.093
4891,Simga,CWC,22,Chhattisgarh,644,BALODABAZAR,SIMGA,-,-,Mahanadi,Mahanadi,Seonath,-,-,Seonath,21.63277778,81.68472222,18-04-2026 08:15,1.096
4892,Simga,CWC,22,Chhattisgarh,644,BALODABAZAR,SIMGA,-,-,Mahanadi,Mahanadi,Seonath,-,-,Seonath,21.63277778,81.68472222,19-04-2026 08:00,1.093
4893,Simga,CWC,22,Chhattisgarh,644,BALODABAZAR,SIMGA,-,-,Mahanadi,Mahanadi,Seonath,-,-,Seonath,21.63277778,81.68472222,20-04-2026 08:00,0.711
4894,Simga,CWC,22,Chhattisgarh,644,BALODABAZAR,SIMGA,-,-,Mahanadi,Mahanadi,Seonath,-,-,Seonath,21.63277778,81.68472222,21-04-2026 08:00,0.579
4895,Simga,CWC,22,Chhattisgarh,644,BALODABAZAR,SIMGA,-,-,Mahanadi,Mahanadi,Seonath,-,-,Seonath,21.63277778,81.68472222,22-04-2026 08:00,0.533
4896,Simga,CWC,22,Chhattisgarh,644,BALODABAZAR,SIMGA,-,-,Mahanadi,Mahanadi,Seonath,-,-,Seonath,21.63277778,81.68472222,23-04-2026 08:00,0.512
4897,Simga,CWC,22,Chhattisgarh,644,BALODABAZAR,SIMGA,-,-,Mahanadi,Mahanadi,Seonath,-,-,Seonath,21.63277778,81.68472222,24-04-2026 08:00,0.386
4898,Simga,CWC,22,Chhattisgarh,644,BALODABAZAR,SIMGA,-,-,Mahanadi,Mahanadi,Seonath,-,-,Seonath,21.63277778,81.68472222,25-04-2026 08:00,0.366
4899,Simga,CWC,22,Chhattisgarh,644,BALODABAZAR,SIMGA,-,-,Mahanadi,Mahanadi,Seonath,-,-,Seonath,21.63277778,81.68472222,26-04-2026 08:00,0.366
4900,Simga,CWC,22,Chhattisgarh,644,BALODABAZAR,SIMGA,-,-,Mahanadi,Mahanadi,Seonath,-,-,Seonath,21.63277778,81.68472222,27-04-2026 08:00,0.355
4901,Simga,CWC,22,Chhattisgarh,644,BALODABAZAR,SIMGA,-,-,Mahanadi,Mahanadi,Seonath,-,-,Seonath,21.63277778,81.68472222,28-04-2026 08:00,0.343
4902,Simga,CWC,22,Chhattisgarh,644,BALODABAZAR,SIMGA,-,-,Mahanadi,Mahanadi,Seonath,-,-,Seonath,21.63277778,81.68472222,29-04-2026 08:00,0.337
4903,Simga,CWC,22,Chhattisgarh,644,BALODABAZAR,SIMGA,-,-,Mahanadi,Mahanadi,Seonath,-,-,Seonath,21.63277778,81.68472222,30-04-2026 08:00,0.31
4904,Simga,CWC,22,Chhattisgarh,644,BALODABAZAR,SIMGA,-,-,Mahanadi,Mahanadi,Seonath,-,-,Seonath,21.63277778,81.68472222,01-05-2026 08:00,0.31
4905,Simga,CWC,22,Chhattisgarh,644,BALODABAZAR,SIMGA,-,-,Mahanadi,Mahanadi,Seonath,-,-,Seonath,21.63277778,81.68472222,01-05-2026 08:00,3.31
4906,Simga,CWC,22,Chhattisgarh,644,BALODABAZAR,SIMGA,-,-,Mahanadi,Mahanadi,Seonath,-,-,Seonath,21.63277778,81.68472222,02-05-2026 08:00,0.145
4907,Simga,CWC,22,Chhattisgarh,644,BALODABAZAR,SIMGA,-,-,Mahanadi,Mahanadi,Seonath,-,-,Seonath,21.63277778,81.68472222,03-05-2026 08:00,0.145
4908,Simga,CWC,22,Chhattisgarh,644,BALODABAZAR,SIMGA,-,-,Mahanadi,Mahanadi,Seonath,-,-,Seonath,21.63277778,81.68472222,04-05-2026 08:00,0.144
4909,Simga,CWC,22,Chhattisgarh,644,BALODABAZAR,SIMGA,-,-,Mahanadi,Mahanadi,Seonath,-,-,Seonath,21.63277778,81.68472222,05-05-2026 08:00,0.137
4910,Simga,CWC,22,Chhattisgarh,644,BALODABAZAR,SIMGA,-,-,Mahanadi,Mahanadi,Seonath,-,-,Seonath,21.63277778,81.68472222,06-05-2026 08:00,0.216
4911,Simga,CWC,22,Chhattisgarh,644,BALODABAZAR,SIMGA,-,-,Mahanadi,Mahanadi,Seonath,-,-,Seonath,21.63277778,81.68472222,07-05-2026 08:00,0.15
4912,Simga,CWC,22,Chhattisgarh,644,BALODABAZAR,SIMGA,-,-,Mahanadi,Mahanadi,Seonath,-,-,Seonath,21.63277778,81.68472222,08-05-2026 08:00,0.132
4913,Simga,CWC,22,Chhattisgarh,644,BALODABAZAR,SIMGA,-,-,Mahanadi,Mahanadi,Seonath,-,-,Seonath,21.63277778,81.68472222,08-05-2026 08:15,0.132
4914,Simga,CWC,22,Chhattisgarh,644,BALODABAZAR,SIMGA,-,-,Mahanadi,Mahanadi,Seonath,-,-,Seonath,21.63277778,81.68472222,09-05-2026 08:00,0.099
4915,Simga,CWC,22,Chhattisgarh,644,BALODABAZAR,SIMGA,-,-,Mahanadi,Mahanadi,Seonath,-,-,Seonath,21.63277778,81.68472222,10-05-2026 08:00,0.098
4916,Simga,CWC,22,Chhattisgarh,644,BALODABAZAR,SIMGA,-,-,Mahanadi,Mahanadi,Seonath,-,-,Seonath,21.63277778,81.68472222,11-05-2026 08:00,0.098
4917,Simga,CWC,22,Chhattisgarh,644,BALODABAZAR,SIMGA,-,-,Mahanadi,Mahanadi,Seonath,-,-,Seonath,21.63277778,81.68472222,12-05-2026 08:00,0
4918,Simga,CWC,22,Chhattisgarh,644,BALODABAZAR,SIMGA,-,-,Mahanadi,Mahanadi,Seonath,-,-,Seonath,21.63277778,81.68472222,13-05-2026 08:00,0
4919,Simga,CWC,22,Chhattisgarh,644,BALODABAZAR,SIMGA,-,-,Mahanadi,Mahanadi,Seonath,-,-,Seonath,21.63277778,81.68472222,14-05-2026 08:00,0
4920,Simga,CWC,22,Chhattisgarh,644,BALODABAZAR,SIMGA,-,-,Mahanadi,Mahanadi,Seonath,-,-,Seonath,21.63277778,81.68472222,15-05-2026 08:00,0
4921,Simga,CWC,22,Chhattisgarh,644,BALODABAZAR,SIMGA,-,-,Mahanadi,Mahanadi,Seonath,-,-,Seonath,21.63277778,81.68472222,16-05-2026 08:00,0
4922,Simga,CWC,22,Chhattisgarh,644,BALODABAZAR,SIMGA,-,-,Mahanadi,Mahanadi,Seonath,-,-,Seonath,21.63277778,81.68472222,17-05-2026 08:00,0
4923,Simga,CWC,22,Chhattisgarh,644,BALODABAZAR,SIMGA,-,-,Mahanadi,Mahanadi,Seonath,-,-,Seonath,21.63277778,81.68472222,18-05-2026 08:00,0
4924,Simga,CWC,22,Chhattisgarh,644,BALODABAZAR,SIMGA,-,-,Mahanadi,Mahanadi,Seonath,-,-,Seonath,21.63277778,81.68472222,19-05-2026 08:00,0
4925,Simga,CWC,22,Chhattisgarh,644,BALODABAZAR,SIMGA,-,-,Mahanadi,Mahanadi,Seonath,-,-,Seonath,21.63277778,81.68472222,20-05-2026 08:00,0
4926,Simga,CWC,22,Chhattisgarh,644,BALODABAZAR,SIMGA,-,-,Mahanadi,Mahanadi,Seonath,-,-,Seonath,21.63277778,81.68472222,21-05-2026 08:00,0
4927,Simga,CWC,22,Chhattisgarh,644,BALODABAZAR,SIMGA,-,-,Mahanadi,Mahanadi,Seonath,-,-,Seonath,21.63277778,81.68472222,22-05-2026 08:00,0
4928,Simga,CWC,22,Chhattisgarh,644,BALODABAZAR,SIMGA,-,-,Mahanadi,Mahanadi,Seonath,-,-,Seonath,21.63277778,81.68472222,23-05-2026 08:00,0
4929,Simga,CWC,22,Chhattisgarh,644,BALODABAZAR,SIMGA,-,-,Mahanadi,Mahanadi,Seonath,-,-,Seonath,21.63277778,81.68472222,24-05-2026 08:00,0
4930,Simga,CWC,22,Chhattisgarh,644,BALODABAZAR,SIMGA,-,-,Mahanadi,Mahanadi,Seonath,-,-,Seonath,21.63277778,81.68472222,25-05-2026 08:00,0
4931,Simga,CWC,22,Chhattisgarh,644,BALODABAZAR,SIMGA,-,-,Mahanadi,Mahanadi,Seonath,-,-,Seonath,21.63277778,81.68472222,26-05-2026 08:00,3.166
4932,Simga,CWC,22,Chhattisgarh,644,BALODABAZAR,SIMGA,-,-,Mahanadi,Mahanadi,Seonath,-,-,Seonath,21.63277778,81.68472222,27-05-2026 08:00,3.744
4933,Simga,CWC,22,Chhattisgarh,644,BALODABAZAR,SIMGA,-,-,Mahanadi,Mahanadi,Seonath,-,-,Seonath,21.63277778,81.68472222,28-05-2026 08:00,3.744
4934,Simga,CWC,22,Chhattisgarh,644,BALODABAZAR,SIMGA,-,-,Mahanadi,Mahanadi,Seonath,-,-,Seonath,21.63277778,81.68472222,29-05-2026 08:00,3.431
4935,Simga,CWC,22,Chhattisgarh,644,BALODABAZAR,SIMGA,-,-,Mahanadi,Mahanadi,Seonath,-,-,Seonath,21.63277778,81.68472222,30-05-2026 08:00,3.325
4936,Simga,CWC,22,Chhattisgarh,644,BALODABAZAR,SIMGA,-,-,Mahanadi,Mahanadi,Seonath,-,-,Seonath,21.63277778,81.68472222,31-05-2026 08:00,3.325
4937,Simga,CWC,22,Chhattisgarh,644,BALODABAZAR,SIMGA,-,-,Mahanadi,Mahanadi,Seonath,-,-,Seonath,21.63277778,81.68472222,01-06-2026 08:00,2.427
4938,Simga,CWC,22,Chhattisgarh,644,BALODABAZAR,SIMGA,-,-,Mahanadi,Mahanadi,Seonath,-,-,Seonath,21.63277778,81.68472222,02-06-2026 08:00,2.756
4939,Simga,CWC,22,Chhattisgarh,644,BALODABAZAR,SIMGA,-,-,Mahanadi,Mahanadi,Seonath,-,-,Seonath,21.63277778,81.68472222,03-06-2026 08:00,2.967
4940,Simga,CWC,22,Chhattisgarh,644,BALODABAZAR,SIMGA,-,-,Mahanadi,Mahanadi,Seonath,-,-,Seonath,21.63277778,81.68472222,04-06-2026 08:00,2.403
4941,Simga,CWC,22,Chhattisgarh,644,BALODABAZAR,SIMGA,-,-,Mahanadi,Mahanadi,Seonath,-,-,Seonath,21.63277778,81.68472222,05-06-2026 08:00,2.419
4942,Simga,CWC,22,Chhattisgarh,644,BALODABAZAR,SIMGA,-,-,Mahanadi,Mahanadi,Seonath,-,-,Seonath,21.63277778,81.68472222,06-06-2026 08:00,2.118
4943,Simga,CWC,22,Chhattisgarh,644,BALODABAZAR,SIMGA,-,-,Mahanadi,Mahanadi,Seonath,-,-,Seonath,21.63277778,81.68472222,07-06-2026 08:00,2.121
4944,Simga,CWC,22,Chhattisgarh,644,BALODABAZAR,SIMGA,-,-,Mahanadi,Mahanadi,Seonath,-,-,Seonath,21.63277778,81.68472222,08-06-2026 08:00,2.129
4945,Simga,CWC,22,Chhattisgarh,644,BALODABAZAR,SIMGA,-,-,Mahanadi,Mahanadi,Seonath,-,-,Seonath,21.63277778,81.68472222,09-06-2026 08:00,2.189
4946,Simga,CWC,22,Chhattisgarh,644,BALODABAZAR,SIMGA,-,-,Mahanadi,Mahanadi,Seonath,-,-,Seonath,21.63277778,81.68472222,10-06-2026 08:00,2.24
4947,Simga,CWC,22,Chhattisgarh,644,BALODABAZAR,SIMGA,-,-,Mahanadi,Mahanadi,Seonath,-,-,Seonath,21.63277778,81.68472222,11-06-2026 08:00,2.21
4948,Simga,CWC,22,Chhattisgarh,644,BALODABAZAR,SIMGA,-,-,Mahanadi,Mahanadi,Seonath,-,-,Seonath,21.63277778,81.68472222,12-06-2026 08:00,2.388
4949,Simga,CWC,22,Chhattisgarh,644,BALODABAZAR,SIMGA,-,-,Mahanadi,Mahanadi,Seonath,-,-,Seonath,21.63277778,81.68472222,13-06-2026 08:00,3.405
4950,Simga,CWC,22,Chhattisgarh,644,BALODABAZAR,SIMGA,-,-,Mahanadi,Mahanadi,Seonath,-,-,Seonath,21.63277778,81.68472222,14-06-2026 08:00,2.391
4951,Simga,CWC,22,Chhattisgarh,644,BALODABAZAR,SIMGA,-,-,Mahanadi,Mahanadi,Seonath,-,-,Seonath,21.63277778,81.68472222,15-06-2026 08:00,13.524
4952,Simga,CWC,22,Chhattisgarh,644,BALODABAZAR,SIMGA,-,-,Mahanadi,Mahanadi,Seonath,-,-,Seonath,21.63277778,81.68472222,16-06-2026 08:00,17.152
4953,Simga,CWC,22,Chhattisgarh,644,BALODABAZAR,SIMGA,-,-,Mahanadi,Mahanadi,Seonath,-,-,Seonath,21.63277778,81.68472222,17-06-2026 08:00,19.249
4954,Simga,CWC,22,Chhattisgarh,644,BALODABAZAR,SIMGA,-,-,Mahanadi,Mahanadi,Seonath,-,-,Seonath,21.63277778,81.68472222,18-06-2026 08:00,19.209
4955,Simga,CWC,22,Chhattisgarh,644,BALODABAZAR,SIMGA,-,-,Mahanadi,Mahanadi,Seonath,-,-,Seonath,21.63277778,81.68472222,19-06-2026 08:00,18.678
4956,Simga,CWC,22,Chhattisgarh,644,BALODABAZAR,SIMGA,-,-,Mahanadi,Mahanadi,Seonath,-,-,Seonath,21.63277778,81.68472222,20-06-2026 08:00,16.467
4957,Simga,CWC,22,Chhattisgarh,644,BALODABAZAR,SIMGA,-,-,Mahanadi,Mahanadi,Seonath,-,-,Seonath,21.63277778,81.68472222,21-06-2026 08:00,16.47
4958,Simga,CWC,22,Chhattisgarh,644,BALODABAZAR,SIMGA,-,-,Mahanadi,Mahanadi,Seonath,-,-,Seonath,21.63277778,81.68472222,22-06-2026 08:00,19.046644
4959,Simga,CWC,22,Chhattisgarh,644,BALODABAZAR,SIMGA,-,-,Mahanadi,Mahanadi,Seonath,-,-,Seonath,21.63277778,81.68472222,23-06-2026 09:15,12.220361
4960,Simga,CWC,22,Chhattisgarh,644,BALODABAZAR,SIMGA,-,-,Mahanadi,Mahanadi,Seonath,-,-,Seonath,21.63277778,81.68472222,24-06-2026 08:00,13.252521
4961,Simga,CWC,22,Chhattisgarh,644,BALODABAZAR,SIMGA,-,-,Mahanadi,Mahanadi,Seonath,-,-,Seonath,21.63277778,81.68472222,25-06-2026 08:00,6.564443
4962,Simga,CWC,22,Chhattisgarh,644,BALODABAZAR,SIMGA,-,-,Mahanadi,Mahanadi,Seonath,-,-,Seonath,21.63277778,81.68472222,26-06-2026 08:00,6.566
4963,Simga,CWC,22,Chhattisgarh,644,BALODABAZAR,SIMGA,-,-,Mahanadi,Mahanadi,Seonath,-,-,Seonath,21.63277778,81.68472222,27-06-2026 08:00,3.8991652
4964,Simga,CWC,22,Chhattisgarh,644,BALODABAZAR,SIMGA,-,-,Mahanadi,Mahanadi,Seonath,-,-,Seonath,21.63277778,81.68472222,28-06-2026 08:00,3.902
4965,Simga,CWC,22,Chhattisgarh,644,BALODABAZAR,SIMGA,-,-,Mahanadi,Mahanadi,Seonath,-,-,Seonath,21.63277778,81.68472222,29-06-2026 08:00,3.8297694
4966,Simga,CWC,22,Chhattisgarh,644,BALODABAZAR,SIMGA,-,-,Mahanadi,Mahanadi,Seonath,-,-,Seonath,21.63277778,81.68472222,30-06-2026 08:00,3.7671044
4967,Simga,CWC,22,Chhattisgarh,644,BALODABAZAR,SIMGA,-,-,Mahanadi,Mahanadi,Seonath,-,-,Seonath,21.63277778,81.68472222,01-07-2026 08:00,3.746
4968,Simga,CWC,22,Chhattisgarh,644,BALODABAZAR,SIMGA,-,-,Mahanadi,Mahanadi,Seonath,-,-,Seonath,21.63277778,81.68472222,02-07-2026 09:15,3.743
4969,Simga,CWC,22,Chhattisgarh,644,BALODABAZAR,SIMGA,-,-,Mahanadi,Mahanadi,Seonath,-,-,Seonath,21.63277778,81.68472222,03-07-2026 08:15,3.652
4970,Simga,CWC,22,Chhattisgarh,644,BALODABAZAR,SIMGA,-,-,Mahanadi,Mahanadi,Seonath,-,-,Seonath,21.63277778,81.68472222,04-07-2026 08:15,3.702
4971,Simga,CWC,22,Chhattisgarh,644,BALODABAZAR,SIMGA,-,-,Mahanadi,Mahanadi,Seonath,-,-,Seonath,21.63277778,81.68472222,05-07-2026 08:00,3.704
4972,Simga,CWC,22,Chhattisgarh,644,BALODABAZAR,SIMGA,-,-,Mahanadi,Mahanadi,Seonath,-,-,Seonath,21.63277778,81.68472222,06-07-2026 08:00,920
4973,Simga,CWC,22,Chhattisgarh,644,BALODABAZAR,SIMGA,-,-,Mahanadi,Mahanadi,Seonath,-,-,Seonath,21.63277778,81.68472222,07-07-2026 08:00,2280
4974,Simga,CWC,22,Chhattisgarh,644,BALODABAZAR,SIMGA,-,-,Mahanadi,Mahanadi,Seonath,-,-,Seonath,21.63277778,81.68472222,08-07-2026 08:00,1080
4975,Simga,CWC,22,Chhattisgarh,644,BALODABAZAR,SIMGA,-,-,Mahanadi,Mahanadi,Seonath,-,-,Seonath,21.63277778,81.68472222,09-07-2026 08:00,550
4976,Simga,CWC,22,Chhattisgarh,644,BALODABAZAR,SIMGA,-,-,Mahanadi,Mahanadi,Seonath,-,-,Seonath,21.63277778,81.68472222,10-07-2026 08:00,420
4977,Simga,CWC,22,Chhattisgarh,644,BALODABAZAR,SIMGA,-,-,Mahanadi,Mahanadi,Seonath,-,-,Seonath,21.63277778,81.68472222,11-07-2026 08:00,330
4978,Simga,CWC,22,Chhattisgarh,644,BALODABAZAR,SIMGA,-,-,Mahanadi,Mahanadi,Seonath,-,-,Seonath,21.63277778,81.68472222,12-07-2026 08:00,330
4979,Simga,CWC,22,Chhattisgarh,644,BALODABAZAR,SIMGA,-,-,Mahanadi,Mahanadi,Seonath,-,-,Seonath,21.63277778,81.68472222,13-07-2026 08:00,165
4980,Simga,CWC,22,Chhattisgarh,644,BALODABAZAR,SIMGA,-,-,Mahanadi,Mahanadi,Seonath,-,-,Seonath,21.63277778,81.68472222,14-07-2026 08:00,144
4981,Simga,CWC,22,Chhattisgarh,644,BALODABAZAR,SIMGA,-,-,Mahanadi,Mahanadi,Seonath,-,-,Seonath,21.63277778,81.68472222,15-07-2026 08:00,142.13
4982,Simga,CWC,22,Chhattisgarh,644,BALODABAZAR,SIMGA,-,-,Mahanadi,Mahanadi,Seonath,-,-,Seonath,21.63277778,81.68472222,16-07-2026 08:00,39.15
4983,Simga,CWC,22,Chhattisgarh,644,BALODABAZAR,SIMGA,-,-,Mahanadi,Mahanadi,Seonath,-,-,Seonath,21.63277778,81.68472222,17-07-2026 08:00,42.64
4984,Simga,CWC,22,Chhattisgarh,644,BALODABAZAR,SIMGA,-,-,Mahanadi,Mahanadi,Seonath,-,-,Seonath,21.63277778,81.68472222,18-07-2026 08:00,404.9
4985,Simga,CWC,22,Chhattisgarh,644,BALODABAZAR,SIMGA,-,-,Mahanadi,Mahanadi,Seonath,-,-,Seonath,21.63277778,81.68472222,19-07-2026 08:00,404.9
4986,Simga,CWC,22,Chhattisgarh,644,BALODABAZAR,SIMGA,-,-,Mahanadi,Mahanadi,Seonath,-,-,Seonath,21.63277778,81.68472222,20-07-2026 08:00,510.94
4987,Simga,CWC,22,Chhattisgarh,644,BALODABAZAR,SIMGA,-,-,Mahanadi,Mahanadi,Seonath,-,-,Seonath,21.63277778,81.68472222,21-07-2026 08:00,616.11
4988,Simga,CWC,22,Chhattisgarh,644,BALODABAZAR,SIMGA,-,-,Mahanadi,Mahanadi,Seonath,-,-,Seonath,21.63277778,81.68472222,22-07-2026 08:00,632.23
4989,Simga,CWC,22,Chhattisgarh,644,BALODABAZAR,SIMGA,-,-,Mahanadi,Mahanadi,Seonath,-,-,Seonath,21.63277778,81.68472222,23-07-2026 08:00,1342.79
4990,Simga,CWC,22,Chhattisgarh,644,BALODABAZAR,SIMGA,-,-,Mahanadi,Mahanadi,Seonath,-,-,Seonath,21.63277778,81.68472222,24-07-2026 08:00,2424.02
4991,Simga,CWC,22,Chhattisgarh,644,BALODABAZAR,SIMGA,-,-,Mahanadi,Mahanadi,Seonath,-,-,Seonath,21.63277778,81.68472222,25-07-2026 08:00,2151.94
4992,Simga,CWC,22,Chhattisgarh,644,BALODABAZAR,SIMGA,-,-,Mahanadi,Mahanadi,Seonath,-,-,Seonath,21.63277778,81.68472222,26-07-2026 08:00,2151.94
4993,Simga,CWC,22,Chhattisgarh,644,BALODABAZAR,SIMGA,-,-,Mahanadi,Mahanadi,Seonath,-,-,Seonath,21.63277778,81.68472222,27-07-2026 08:00,626.71
4994,Simga,CWC,22,Chhattisgarh,644,BALODABAZAR,SIMGA,-,-,Mahanadi,Mahanadi,Seonath,-,-,Seonath,21.63277778,81.68472222,28-07-2026 08:00,592.59
4995,Simga,CWC,22,Chhattisgarh,644,BALODABAZAR,SIMGA,-,-,Mahanadi,Mahanadi,Seonath,-,-,Seonath,21.63277778,81.68472222,29-07-2026 08:00,1205.49
4996,Simga,CWC,22,Chhattisgarh,644,BALODABAZAR,SIMGA,-,-,Mahanadi,Mahanadi,Seonath,-,-,Seonath,21.63277778,81.68472222,30-07-2026 08:00,2799.67
4997,Simga,CWC,22,Chhattisgarh,644,BALODABAZAR,SIMGA,-,-,Mahanadi,Mahanadi,Seonath,-,-,Seonath,21.63277778,81.68472222,31-07-2026 08:00,4309.35
4998,Sonarpal (Narangi Markandi),CWC,22,Chhattisgarh,374,BASTAR,BASTAR,BASTAR,Sonarpal,Godavari,Godavari,Indravathi,Narangi,-,Narangi,19.26972222,81.88388889,01-01-2026 08:00,1.5
4999,Sonarpal (Narangi Markandi),CWC,22,Chhattisgarh,374,BASTAR,BASTAR,BASTAR,Sonarpal,Godavari,Godavari,Indravathi,Narangi,-,Narangi,19.26972222,81.88388889,02-01-2026 08:00,1.4
5000,Sonarpal (Narangi Markandi),CWC,22,Chhattisgarh,374,BASTAR,BASTAR,BASTAR,Sonarpal,Godavari,Godavari,Indravathi,Narangi,-,Narangi,19.26972222,81.88388889,03-01-2026 08:00,1.3
5001,Sonarpal (Narangi Markandi),CWC,22,Chhattisgarh,374,BASTAR,BASTAR,BASTAR,Sonarpal,Godavari,Godavari,Indravathi,Narangi,-,Narangi,19.26972222,81.88388889,04-01-2026 08:00,1.3
5002,Sonarpal (Narangi Markandi),CWC,22,Chhattisgarh,374,BASTAR,BASTAR,BASTAR,Sonarpal,Godavari,Godavari,Indravathi,Narangi,-,Narangi,19.26972222,81.88388889,05-01-2026 08:00,1.25
5003,Sonarpal (Narangi Markandi),CWC,22,Chhattisgarh,374,BASTAR,BASTAR,BASTAR,Sonarpal,Godavari,Godavari,Indravathi,Narangi,-,Narangi,19.26972222,81.88388889,06-01-2026 08:00,1.2
5004,Sonarpal (Narangi Markandi),CWC,22,Chhattisgarh,374,BASTAR,BASTAR,BASTAR,Sonarpal,Godavari,Godavari,Indravathi,Narangi,-,Narangi,19.26972222,81.88388889,07-01-2026 08:00,1.1
5005,Sonarpal (Narangi Markandi),CWC,22,Chhattisgarh,374,BASTAR,BASTAR,BASTAR,Sonarpal,Godavari,Godavari,Indravathi,Narangi,-,Narangi,19.26972222,81.88388889,08-01-2026 08:00,1.1
5006,Sonarpal (Narangi Markandi),CWC,22,Chhattisgarh,374,BASTAR,BASTAR,BASTAR,Sonarpal,Godavari,Godavari,Indravathi,Narangi,-,Narangi,19.26972222,81.88388889,09-01-2026 08:00,1.1
5007,Sonarpal (Narangi Markandi),CWC,22,Chhattisgarh,374,BASTAR,BASTAR,BASTAR,Sonarpal,Godavari,Godavari,Indravathi,Narangi,-,Narangi,19.26972222,81.88388889,10-01-2026 08:00,1.1
5008,Sonarpal (Narangi Markandi),CWC,22,Chhattisgarh,374,BASTAR,BASTAR,BASTAR,Sonarpal,Godavari,Godavari,Indravathi,Narangi,-,Narangi,19.26972222,81.88388889,11-01-2026 08:00,1.1
5009,Sonarpal (Narangi Markandi),CWC,22,Chhattisgarh,374,BASTAR,BASTAR,BASTAR,Sonarpal,Godavari,Godavari,Indravathi,Narangi,-,Narangi,19.26972222,81.88388889,12-01-2026 08:00,1.2
5010,Sonarpal (Narangi Markandi),CWC,22,Chhattisgarh,374,BASTAR,BASTAR,BASTAR,Sonarpal,Godavari,Godavari,Indravathi,Narangi,-,Narangi,19.26972222,81.88388889,13-01-2026 08:00,2
5011,Sonarpal (Narangi Markandi),CWC,22,Chhattisgarh,374,BASTAR,BASTAR,BASTAR,Sonarpal,Godavari,Godavari,Indravathi,Narangi,-,Narangi,19.26972222,81.88388889,14-01-2026 08:00,2
5012,Sonarpal (Narangi Markandi),CWC,22,Chhattisgarh,374,BASTAR,BASTAR,BASTAR,Sonarpal,Godavari,Godavari,Indravathi,Narangi,-,Narangi,19.26972222,81.88388889,15-01-2026 08:00,2
5013,Sonarpal (Narangi Markandi),CWC,22,Chhattisgarh,374,BASTAR,BASTAR,BASTAR,Sonarpal,Godavari,Godavari,Indravathi,Narangi,-,Narangi,19.26972222,81.88388889,16-01-2026 08:00,2
5014,Sonarpal (Narangi Markandi),CWC,22,Chhattisgarh,374,BASTAR,BASTAR,BASTAR,Sonarpal,Godavari,Godavari,Indravathi,Narangi,-,Narangi,19.26972222,81.88388889,17-01-2026 08:00,1.3
5015,Sonarpal (Narangi Markandi),CWC,22,Chhattisgarh,374,BASTAR,BASTAR,BASTAR,Sonarpal,Godavari,Godavari,Indravathi,Narangi,-,Narangi,19.26972222,81.88388889,18-01-2026 08:00,1.5
5016,Sonarpal (Narangi Markandi),CWC,22,Chhattisgarh,374,BASTAR,BASTAR,BASTAR,Sonarpal,Godavari,Godavari,Indravathi,Narangi,-,Narangi,19.26972222,81.88388889,19-01-2026 08:00,1.4
5017,Sonarpal (Narangi Markandi),CWC,22,Chhattisgarh,374,BASTAR,BASTAR,BASTAR,Sonarpal,Godavari,Godavari,Indravathi,Narangi,-,Narangi,19.26972222,81.88388889,20-01-2026 08:00,1.304
5018,Sonarpal (Narangi Markandi),CWC,22,Chhattisgarh,374,BASTAR,BASTAR,BASTAR,Sonarpal,Godavari,Godavari,Indravathi,Narangi,-,Narangi,19.26972222,81.88388889,21-01-2026 08:00,0.988
5019,Sonarpal (Narangi Markandi),CWC,22,Chhattisgarh,374,BASTAR,BASTAR,BASTAR,Sonarpal,Godavari,Godavari,Indravathi,Narangi,-,Narangi,19.26972222,81.88388889,22-01-2026 08:00,0.402
5020,Sonarpal (Narangi Markandi),CWC,22,Chhattisgarh,374,BASTAR,BASTAR,BASTAR,Sonarpal,Godavari,Godavari,Indravathi,Narangi,-,Narangi,19.26972222,81.88388889,23-01-2026 08:00,0
5021,Sonarpal (Narangi Markandi),CWC,22,Chhattisgarh,374,BASTAR,BASTAR,BASTAR,Sonarpal,Godavari,Godavari,Indravathi,Narangi,-,Narangi,19.26972222,81.88388889,24-01-2026 08:00,0
5022,Sonarpal (Narangi Markandi),CWC,22,Chhattisgarh,374,BASTAR,BASTAR,BASTAR,Sonarpal,Godavari,Godavari,Indravathi,Narangi,-,Narangi,19.26972222,81.88388889,25-01-2026 08:00,0
5023,Sonarpal (Narangi Markandi),CWC,22,Chhattisgarh,374,BASTAR,BASTAR,BASTAR,Sonarpal,Godavari,Godavari,Indravathi,Narangi,-,Narangi,19.26972222,81.88388889,26-01-2026 08:00,0
5024,Sonarpal (Narangi Markandi),CWC,22,Chhattisgarh,374,BASTAR,BASTAR,BASTAR,Sonarpal,Godavari,Godavari,Indravathi,Narangi,-,Narangi,19.26972222,81.88388889,27-01-2026 08:00,0
5025,Sonarpal (Narangi Markandi),CWC,22,Chhattisgarh,374,BASTAR,BASTAR,BASTAR,Sonarpal,Godavari,Godavari,Indravathi,Narangi,-,Narangi,19.26972222,81.88388889,28-01-2026 08:00,0
5026,Sonarpal (Narangi Markandi),CWC,22,Chhattisgarh,374,BASTAR,BASTAR,BASTAR,Sonarpal,Godavari,Godavari,Indravathi,Narangi,-,Narangi,19.26972222,81.88388889,29-01-2026 08:00,0
5027,Sonarpal (Narangi Markandi),CWC,22,Chhattisgarh,374,BASTAR,BASTAR,BASTAR,Sonarpal,Godavari,Godavari,Indravathi,Narangi,-,Narangi,19.26972222,81.88388889,30-01-2026 08:00,0
5028,Sonarpal (Narangi Markandi),CWC,22,Chhattisgarh,374,BASTAR,BASTAR,BASTAR,Sonarpal,Godavari,Godavari,Indravathi,Narangi,-,Narangi,19.26972222,81.88388889,31-01-2026 08:00,0
5029,Sonarpal (Narangi Markandi),CWC,22,Chhattisgarh,374,BASTAR,BASTAR,BASTAR,Sonarpal,Godavari,Godavari,Indravathi,Narangi,-,Narangi,19.26972222,81.88388889,01-02-2026 08:00,0
5030,Sonarpal (Narangi Markandi),CWC,22,Chhattisgarh,374,BASTAR,BASTAR,BASTAR,Sonarpal,Godavari,Godavari,Indravathi,Narangi,-,Narangi,19.26972222,81.88388889,02-02-2026 08:00,0
5031,Sonarpal (Narangi Markandi),CWC,22,Chhattisgarh,374,BASTAR,BASTAR,BASTAR,Sonarpal,Godavari,Godavari,Indravathi,Narangi,-,Narangi,19.26972222,81.88388889,03-02-2026 08:00,0
5032,Sonarpal (Narangi Markandi),CWC,22,Chhattisgarh,374,BASTAR,BASTAR,BASTAR,Sonarpal,Godavari,Godavari,Indravathi,Narangi,-,Narangi,19.26972222,81.88388889,04-02-2026 08:00,0
5033,Sonarpal (Narangi Markandi),CWC,22,Chhattisgarh,374,BASTAR,BASTAR,BASTAR,Sonarpal,Godavari,Godavari,Indravathi,Narangi,-,Narangi,19.26972222,81.88388889,05-02-2026 08:00,0
5034,Sonarpal (Narangi Markandi),CWC,22,Chhattisgarh,374,BASTAR,BASTAR,BASTAR,Sonarpal,Godavari,Godavari,Indravathi,Narangi,-,Narangi,19.26972222,81.88388889,06-02-2026 08:00,0
5035,Sonarpal (Narangi Markandi),CWC,22,Chhattisgarh,374,BASTAR,BASTAR,BASTAR,Sonarpal,Godavari,Godavari,Indravathi,Narangi,-,Narangi,19.26972222,81.88388889,07-02-2026 08:00,0
5036,Sonarpal (Narangi Markandi),CWC,22,Chhattisgarh,374,BASTAR,BASTAR,BASTAR,Sonarpal,Godavari,Godavari,Indravathi,Narangi,-,Narangi,19.26972222,81.88388889,08-02-2026 08:00,0
5037,Sonarpal (Narangi Markandi),CWC,22,Chhattisgarh,374,BASTAR,BASTAR,BASTAR,Sonarpal,Godavari,Godavari,Indravathi,Narangi,-,Narangi,19.26972222,81.88388889,09-02-2026 08:00,0
5038,Sonarpal (Narangi Markandi),CWC,22,Chhattisgarh,374,BASTAR,BASTAR,BASTAR,Sonarpal,Godavari,Godavari,Indravathi,Narangi,-,Narangi,19.26972222,81.88388889,10-02-2026 08:00,0
5039,Sonarpal (Narangi Markandi),CWC,22,Chhattisgarh,374,BASTAR,BASTAR,BASTAR,Sonarpal,Godavari,Godavari,Indravathi,Narangi,-,Narangi,19.26972222,81.88388889,11-02-2026 08:00,0
5040,Sonarpal (Narangi Markandi),CWC,22,Chhattisgarh,374,BASTAR,BASTAR,BASTAR,Sonarpal,Godavari,Godavari,Indravathi,Narangi,-,Narangi,19.26972222,81.88388889,12-02-2026 08:00,0
5041,Sonarpal (Narangi Markandi),CWC,22,Chhattisgarh,374,BASTAR,BASTAR,BASTAR,Sonarpal,Godavari,Godavari,Indravathi,Narangi,-,Narangi,19.26972222,81.88388889,13-02-2026 08:00,0
5042,Sonarpal (Narangi Markandi),CWC,22,Chhattisgarh,374,BASTAR,BASTAR,BASTAR,Sonarpal,Godavari,Godavari,Indravathi,Narangi,-,Narangi,19.26972222,81.88388889,14-02-2026 08:00,0
5043,Sonarpal (Narangi Markandi),CWC,22,Chhattisgarh,374,BASTAR,BASTAR,BASTAR,Sonarpal,Godavari,Godavari,Indravathi,Narangi,-,Narangi,19.26972222,81.88388889,15-02-2026 08:00,0
5044,Sonarpal (Narangi Markandi),CWC,22,Chhattisgarh,374,BASTAR,BASTAR,BASTAR,Sonarpal,Godavari,Godavari,Indravathi,Narangi,-,Narangi,19.26972222,81.88388889,16-02-2026 08:00,0
5045,Sonarpal (Narangi Markandi),CWC,22,Chhattisgarh,374,BASTAR,BASTAR,BASTAR,Sonarpal,Godavari,Godavari,Indravathi,Narangi,-,Narangi,19.26972222,81.88388889,17-02-2026 08:00,0
5046,Sonarpal (Narangi Markandi),CWC,22,Chhattisgarh,374,BASTAR,BASTAR,BASTAR,Sonarpal,Godavari,Godavari,Indravathi,Narangi,-,Narangi,19.26972222,81.88388889,18-02-2026 08:00,0
5047,Sonarpal (Narangi Markandi),CWC,22,Chhattisgarh,374,BASTAR,BASTAR,BASTAR,Sonarpal,Godavari,Godavari,Indravathi,Narangi,-,Narangi,19.26972222,81.88388889,19-02-2026 08:00,0
5048,Sonarpal (Narangi Markandi),CWC,22,Chhattisgarh,374,BASTAR,BASTAR,BASTAR,Sonarpal,Godavari,Godavari,Indravathi,Narangi,-,Narangi,19.26972222,81.88388889,20-02-2026 08:00,0
5049,Sonarpal (Narangi Markandi),CWC,22,Chhattisgarh,374,BASTAR,BASTAR,BASTAR,Sonarpal,Godavari,Godavari,Indravathi,Narangi,-,Narangi,19.26972222,81.88388889,21-02-2026 08:00,0
5050,Sonarpal (Narangi Markandi),CWC,22,Chhattisgarh,374,BASTAR,BASTAR,BASTAR,Sonarpal,Godavari,Godavari,Indravathi,Narangi,-,Narangi,19.26972222,81.88388889,22-02-2026 08:00,0
5051,Sonarpal (Narangi Markandi),CWC,22,Chhattisgarh,374,BASTAR,BASTAR,BASTAR,Sonarpal,Godavari,Godavari,Indravathi,Narangi,-,Narangi,19.26972222,81.88388889,23-02-2026 08:00,0
5052,Sonarpal (Narangi Markandi),CWC,22,Chhattisgarh,374,BASTAR,BASTAR,BASTAR,Sonarpal,Godavari,Godavari,Indravathi,Narangi,-,Narangi,19.26972222,81.88388889,24-02-2026 08:00,0
5053,Sonarpal (Narangi Markandi),CWC,22,Chhattisgarh,374,BASTAR,BASTAR,BASTAR,Sonarpal,Godavari,Godavari,Indravathi,Narangi,-,Narangi,19.26972222,81.88388889,01-03-2026 08:00,0
5054,Sonarpal (Narangi Markandi),CWC,22,Chhattisgarh,374,BASTAR,BASTAR,BASTAR,Sonarpal,Godavari,Godavari,Indravathi,Narangi,-,Narangi,19.26972222,81.88388889,02-03-2026 08:00,0
5055,Sonarpal (Narangi Markandi),CWC,22,Chhattisgarh,374,BASTAR,BASTAR,BASTAR,Sonarpal,Godavari,Godavari,Indravathi,Narangi,-,Narangi,19.26972222,81.88388889,03-03-2026 08:00,0
5056,Sonarpal (Narangi Markandi),CWC,22,Chhattisgarh,374,BASTAR,BASTAR,BASTAR,Sonarpal,Godavari,Godavari,Indravathi,Narangi,-,Narangi,19.26972222,81.88388889,04-03-2026 08:00,0
5057,Sonarpal (Narangi Markandi),CWC,22,Chhattisgarh,374,BASTAR,BASTAR,BASTAR,Sonarpal,Godavari,Godavari,Indravathi,Narangi,-,Narangi,19.26972222,81.88388889,05-03-2026 08:00,0
5058,Sonarpal (Narangi Markandi),CWC,22,Chhattisgarh,374,BASTAR,BASTAR,BASTAR,Sonarpal,Godavari,Godavari,Indravathi,Narangi,-,Narangi,19.26972222,81.88388889,06-03-2026 08:00,0
5059,Sonarpal (Narangi Markandi),CWC,22,Chhattisgarh,374,BASTAR,BASTAR,BASTAR,Sonarpal,Godavari,Godavari,Indravathi,Narangi,-,Narangi,19.26972222,81.88388889,07-03-2026 08:00,0
5060,Sonarpal (Narangi Markandi),CWC,22,Chhattisgarh,374,BASTAR,BASTAR,BASTAR,Sonarpal,Godavari,Godavari,Indravathi,Narangi,-,Narangi,19.26972222,81.88388889,08-03-2026 08:00,0
5061,Sonarpal (Narangi Markandi),CWC,22,Chhattisgarh,374,BASTAR,BASTAR,BASTAR,Sonarpal,Godavari,Godavari,Indravathi,Narangi,-,Narangi,19.26972222,81.88388889,09-03-2026 08:00,0
5062,Sonarpal (Narangi Markandi),CWC,22,Chhattisgarh,374,BASTAR,BASTAR,BASTAR,Sonarpal,Godavari,Godavari,Indravathi,Narangi,-,Narangi,19.26972222,81.88388889,10-03-2026 08:00,0
5063,Sonarpal (Narangi Markandi),CWC,22,Chhattisgarh,374,BASTAR,BASTAR,BASTAR,Sonarpal,Godavari,Godavari,Indravathi,Narangi,-,Narangi,19.26972222,81.88388889,11-03-2026 08:00,0
5064,Sonarpal (Narangi Markandi),CWC,22,Chhattisgarh,374,BASTAR,BASTAR,BASTAR,Sonarpal,Godavari,Godavari,Indravathi,Narangi,-,Narangi,19.26972222,81.88388889,12-03-2026 08:00,0
5065,Sonarpal (Narangi Markandi),CWC,22,Chhattisgarh,374,BASTAR,BASTAR,BASTAR,Sonarpal,Godavari,Godavari,Indravathi,Narangi,-,Narangi,19.26972222,81.88388889,13-03-2026 08:00,0
5066,Sonarpal (Narangi Markandi),CWC,22,Chhattisgarh,374,BASTAR,BASTAR,BASTAR,Sonarpal,Godavari,Godavari,Indravathi,Narangi,-,Narangi,19.26972222,81.88388889,14-03-2026 08:00,0
5067,Sonarpal (Narangi Markandi),CWC,22,Chhattisgarh,374,BASTAR,BASTAR,BASTAR,Sonarpal,Godavari,Godavari,Indravathi,Narangi,-,Narangi,19.26972222,81.88388889,15-03-2026 08:00,0
5068,Sonarpal (Narangi Markandi),CWC,22,Chhattisgarh,374,BASTAR,BASTAR,BASTAR,Sonarpal,Godavari,Godavari,Indravathi,Narangi,-,Narangi,19.26972222,81.88388889,16-03-2026 08:00,0
5069,Sonarpal (Narangi Markandi),CWC,22,Chhattisgarh,374,BASTAR,BASTAR,BASTAR,Sonarpal,Godavari,Godavari,Indravathi,Narangi,-,Narangi,19.26972222,81.88388889,17-03-2026 08:00,0
5070,Sonarpal (Narangi Markandi),CWC,22,Chhattisgarh,374,BASTAR,BASTAR,BASTAR,Sonarpal,Godavari,Godavari,Indravathi,Narangi,-,Narangi,19.26972222,81.88388889,18-03-2026 08:00,0
5071,Sonarpal (Narangi Markandi),CWC,22,Chhattisgarh,374,BASTAR,BASTAR,BASTAR,Sonarpal,Godavari,Godavari,Indravathi,Narangi,-,Narangi,19.26972222,81.88388889,19-03-2026 08:00,0
5072,Sonarpal (Narangi Markandi),CWC,22,Chhattisgarh,374,BASTAR,BASTAR,BASTAR,Sonarpal,Godavari,Godavari,Indravathi,Narangi,-,Narangi,19.26972222,81.88388889,20-03-2026 08:00,0
5073,Sonarpal (Narangi Markandi),CWC,22,Chhattisgarh,374,BASTAR,BASTAR,BASTAR,Sonarpal,Godavari,Godavari,Indravathi,Narangi,-,Narangi,19.26972222,81.88388889,21-03-2026 08:00,0
5074,Sonarpal (Narangi Markandi),CWC,22,Chhattisgarh,374,BASTAR,BASTAR,BASTAR,Sonarpal,Godavari,Godavari,Indravathi,Narangi,-,Narangi,19.26972222,81.88388889,22-03-2026 08:00,0
5075,Sonarpal (Narangi Markandi),CWC,22,Chhattisgarh,374,BASTAR,BASTAR,BASTAR,Sonarpal,Godavari,Godavari,Indravathi,Narangi,-,Narangi,19.26972222,81.88388889,23-03-2026 08:00,0
5076,Sonarpal (Narangi Markandi),CWC,22,Chhattisgarh,374,BASTAR,BASTAR,BASTAR,Sonarpal,Godavari,Godavari,Indravathi,Narangi,-,Narangi,19.26972222,81.88388889,24-03-2026 08:00,0
5077,Sonarpal (Narangi Markandi),CWC,22,Chhattisgarh,374,BASTAR,BASTAR,BASTAR,Sonarpal,Godavari,Godavari,Indravathi,Narangi,-,Narangi,19.26972222,81.88388889,25-03-2026 08:00,0
5078,Sonarpal (Narangi Markandi),CWC,22,Chhattisgarh,374,BASTAR,BASTAR,BASTAR,Sonarpal,Godavari,Godavari,Indravathi,Narangi,-,Narangi,19.26972222,81.88388889,26-03-2026 08:00,0
5079,Sonarpal (Narangi Markandi),CWC,22,Chhattisgarh,374,BASTAR,BASTAR,BASTAR,Sonarpal,Godavari,Godavari,Indravathi,Narangi,-,Narangi,19.26972222,81.88388889,27-03-2026 08:00,0
5080,Sonarpal (Narangi Markandi),CWC,22,Chhattisgarh,374,BASTAR,BASTAR,BASTAR,Sonarpal,Godavari,Godavari,Indravathi,Narangi,-,Narangi,19.26972222,81.88388889,28-03-2026 08:00,0
5081,Sonarpal (Narangi Markandi),CWC,22,Chhattisgarh,374,BASTAR,BASTAR,BASTAR,Sonarpal,Godavari,Godavari,Indravathi,Narangi,-,Narangi,19.26972222,81.88388889,29-03-2026 08:00,0
5082,Sonarpal (Narangi Markandi),CWC,22,Chhattisgarh,374,BASTAR,BASTAR,BASTAR,Sonarpal,Godavari,Godavari,Indravathi,Narangi,-,Narangi,19.26972222,81.88388889,30-03-2026 08:00,0
5083,Sonarpal (Narangi Markandi),CWC,22,Chhattisgarh,374,BASTAR,BASTAR,BASTAR,Sonarpal,Godavari,Godavari,Indravathi,Narangi,-,Narangi,19.26972222,81.88388889,31-03-2026 08:00,0
5084,Sonarpal (Narangi Markandi),CWC,22,Chhattisgarh,374,BASTAR,BASTAR,BASTAR,Sonarpal,Godavari,Godavari,Indravathi,Narangi,-,Narangi,19.26972222,81.88388889,01-04-2026 08:00,0
5085,Sonarpal (Narangi Markandi),CWC,22,Chhattisgarh,374,BASTAR,BASTAR,BASTAR,Sonarpal,Godavari,Godavari,Indravathi,Narangi,-,Narangi,19.26972222,81.88388889,02-04-2026 08:00,0
5086,Sonarpal (Narangi Markandi),CWC,22,Chhattisgarh,374,BASTAR,BASTAR,BASTAR,Sonarpal,Godavari,Godavari,Indravathi,Narangi,-,Narangi,19.26972222,81.88388889,03-04-2026 08:00,0
5087,Sonarpal (Narangi Markandi),CWC,22,Chhattisgarh,374,BASTAR,BASTAR,BASTAR,Sonarpal,Godavari,Godavari,Indravathi,Narangi,-,Narangi,19.26972222,81.88388889,04-04-2026 08:00,0
5088,Sonarpal (Narangi Markandi),CWC,22,Chhattisgarh,374,BASTAR,BASTAR,BASTAR,Sonarpal,Godavari,Godavari,Indravathi,Narangi,-,Narangi,19.26972222,81.88388889,05-04-2026 08:00,0
5089,Sonarpal (Narangi Markandi),CWC,22,Chhattisgarh,374,BASTAR,BASTAR,BASTAR,Sonarpal,Godavari,Godavari,Indravathi,Narangi,-,Narangi,19.26972222,81.88388889,06-04-2026 08:00,0
5090,Sonarpal (Narangi Markandi),CWC,22,Chhattisgarh,374,BASTAR,BASTAR,BASTAR,Sonarpal,Godavari,Godavari,Indravathi,Narangi,-,Narangi,19.26972222,81.88388889,07-04-2026 08:00,0
5091,Sonarpal (Narangi Markandi),CWC,22,Chhattisgarh,374,BASTAR,BASTAR,BASTAR,Sonarpal,Godavari,Godavari,Indravathi,Narangi,-,Narangi,19.26972222,81.88388889,08-04-2026 08:00,0
5092,Sonarpal (Narangi Markandi),CWC,22,Chhattisgarh,374,BASTAR,BASTAR,BASTAR,Sonarpal,Godavari,Godavari,Indravathi,Narangi,-,Narangi,19.26972222,81.88388889,09-04-2026 08:00,0
5093,Sonarpal (Narangi Markandi),CWC,22,Chhattisgarh,374,BASTAR,BASTAR,BASTAR,Sonarpal,Godavari,Godavari,Indravathi,Narangi,-,Narangi,19.26972222,81.88388889,10-04-2026 08:00,0
5094,Sonarpal (Narangi Markandi),CWC,22,Chhattisgarh,374,BASTAR,BASTAR,BASTAR,Sonarpal,Godavari,Godavari,Indravathi,Narangi,-,Narangi,19.26972222,81.88388889,11-04-2026 08:00,0
5095,Sonarpal (Narangi Markandi),CWC,22,Chhattisgarh,374,BASTAR,BASTAR,BASTAR,Sonarpal,Godavari,Godavari,Indravathi,Narangi,-,Narangi,19.26972222,81.88388889,12-04-2026 08:00,0
5096,Sonarpal (Narangi Markandi),CWC,22,Chhattisgarh,374,BASTAR,BASTAR,BASTAR,Sonarpal,Godavari,Godavari,Indravathi,Narangi,-,Narangi,19.26972222,81.88388889,13-04-2026 08:00,0
5097,Sonarpal (Narangi Markandi),CWC,22,Chhattisgarh,374,BASTAR,BASTAR,BASTAR,Sonarpal,Godavari,Godavari,Indravathi,Narangi,-,Narangi,19.26972222,81.88388889,14-04-2026 08:00,0
5098,Sonarpal (Narangi Markandi),CWC,22,Chhattisgarh,374,BASTAR,BASTAR,BASTAR,Sonarpal,Godavari,Godavari,Indravathi,Narangi,-,Narangi,19.26972222,81.88388889,15-04-2026 08:00,0
5099,Sonarpal (Narangi Markandi),CWC,22,Chhattisgarh,374,BASTAR,BASTAR,BASTAR,Sonarpal,Godavari,Godavari,Indravathi,Narangi,-,Narangi,19.26972222,81.88388889,16-04-2026 08:00,0
5100,Sonarpal (Narangi Markandi),CWC,22,Chhattisgarh,374,BASTAR,BASTAR,BASTAR,Sonarpal,Godavari,Godavari,Indravathi,Narangi,-,Narangi,19.26972222,81.88388889,17-04-2026 08:00,0
5101,Sonarpal (Narangi Markandi),CWC,22,Chhattisgarh,374,BASTAR,BASTAR,BASTAR,Sonarpal,Godavari,Godavari,Indravathi,Narangi,-,Narangi,19.26972222,81.88388889,18-04-2026 08:00,0
5102,Sonarpal (Narangi Markandi),CWC,22,Chhattisgarh,374,BASTAR,BASTAR,BASTAR,Sonarpal,Godavari,Godavari,Indravathi,Narangi,-,Narangi,19.26972222,81.88388889,19-04-2026 08:00,0
5103,Sonarpal (Narangi Markandi),CWC,22,Chhattisgarh,374,BASTAR,BASTAR,BASTAR,Sonarpal,Godavari,Godavari,Indravathi,Narangi,-,Narangi,19.26972222,81.88388889,20-04-2026 08:00,0
5104,Sonarpal (Narangi Markandi),CWC,22,Chhattisgarh,374,BASTAR,BASTAR,BASTAR,Sonarpal,Godavari,Godavari,Indravathi,Narangi,-,Narangi,19.26972222,81.88388889,21-04-2026 08:00,0
5105,Sonarpal (Narangi Markandi),CWC,22,Chhattisgarh,374,BASTAR,BASTAR,BASTAR,Sonarpal,Godavari,Godavari,Indravathi,Narangi,-,Narangi,19.26972222,81.88388889,22-04-2026 08:00,0
5106,Sonarpal (Narangi Markandi),CWC,22,Chhattisgarh,374,BASTAR,BASTAR,BASTAR,Sonarpal,Godavari,Godavari,Indravathi,Narangi,-,Narangi,19.26972222,81.88388889,23-04-2026 08:00,0
5107,Sonarpal (Narangi Markandi),CWC,22,Chhattisgarh,374,BASTAR,BASTAR,BASTAR,Sonarpal,Godavari,Godavari,Indravathi,Narangi,-,Narangi,19.26972222,81.88388889,24-04-2026 08:00,0
5108,Sonarpal (Narangi Markandi),CWC,22,Chhattisgarh,374,BASTAR,BASTAR,BASTAR,Sonarpal,Godavari,Godavari,Indravathi,Narangi,-,Narangi,19.26972222,81.88388889,25-04-2026 08:00,0
5109,Sonarpal (Narangi Markandi),CWC,22,Chhattisgarh,374,BASTAR,BASTAR,BASTAR,Sonarpal,Godavari,Godavari,Indravathi,Narangi,-,Narangi,19.26972222,81.88388889,26-04-2026 08:00,0
5110,Sonarpal (Narangi Markandi),CWC,22,Chhattisgarh,374,BASTAR,BASTAR,BASTAR,Sonarpal,Godavari,Godavari,Indravathi,Narangi,-,Narangi,19.26972222,81.88388889,27-04-2026 08:00,0
5111,Sonarpal (Narangi Markandi),CWC,22,Chhattisgarh,374,BASTAR,BASTAR,BASTAR,Sonarpal,Godavari,Godavari,Indravathi,Narangi,-,Narangi,19.26972222,81.88388889,28-04-2026 08:00,0
5112,Sonarpal (Narangi Markandi),CWC,22,Chhattisgarh,374,BASTAR,BASTAR,BASTAR,Sonarpal,Godavari,Godavari,Indravathi,Narangi,-,Narangi,19.26972222,81.88388889,29-04-2026 08:00,0
5113,Sonarpal (Narangi Markandi),CWC,22,Chhattisgarh,374,BASTAR,BASTAR,BASTAR,Sonarpal,Godavari,Godavari,Indravathi,Narangi,-,Narangi,19.26972222,81.88388889,07-07-2026 09:00,6.1503763
5114,Sonarpal (Narangi Markandi),CWC,22,Chhattisgarh,374,BASTAR,BASTAR,BASTAR,Sonarpal,Godavari,Godavari,Indravathi,Narangi,-,Narangi,19.26972222,81.88388889,08-07-2026 08:00,5.771908
5115,Sonarpal (Narangi Markandi),CWC,22,Chhattisgarh,374,BASTAR,BASTAR,BASTAR,Sonarpal,Godavari,Godavari,Indravathi,Narangi,-,Narangi,19.26972222,81.88388889,09-07-2026 08:00,6.138468
5116,Sonarpal (Narangi Markandi),CWC,22,Chhattisgarh,374,BASTAR,BASTAR,BASTAR,Sonarpal,Godavari,Godavari,Indravathi,Narangi,-,Narangi,19.26972222,81.88388889,10-07-2026 08:00,6.1952887
5117,Sonarpal (Narangi Markandi),CWC,22,Chhattisgarh,374,BASTAR,BASTAR,BASTAR,Sonarpal,Godavari,Godavari,Indravathi,Narangi,-,Narangi,19.26972222,81.88388889,13-07-2026 08:00,4.742646
5118,Sonarpal (Narangi Markandi),CWC,22,Chhattisgarh,374,BASTAR,BASTAR,BASTAR,Sonarpal,Godavari,Godavari,Indravathi,Narangi,-,Narangi,19.26972222,81.88388889,14-07-2026 08:00,2.440789
5119,Sonarpal (Narangi Markandi),CWC,22,Chhattisgarh,374,BASTAR,BASTAR,BASTAR,Sonarpal,Godavari,Godavari,Indravathi,Narangi,-,Narangi,19.26972222,81.88388889,15-07-2026 08:00,0.76104236
5120,Sonarpal (Narangi Markandi),CWC,22,Chhattisgarh,374,BASTAR,BASTAR,BASTAR,Sonarpal,Godavari,Godavari,Indravathi,Narangi,-,Narangi,19.26972222,81.88388889,16-07-2026 08:00,0.8620314
5121,Sonarpal (Narangi Markandi),CWC,22,Chhattisgarh,374,BASTAR,BASTAR,BASTAR,Sonarpal,Godavari,Godavari,Indravathi,Narangi,-,Narangi,19.26972222,81.88388889,17-07-2026 08:00,5.3371296
5122,Sonarpal (Narangi Markandi),CWC,22,Chhattisgarh,374,BASTAR,BASTAR,BASTAR,Sonarpal,Godavari,Godavari,Indravathi,Narangi,-,Narangi,19.26972222,81.88388889,18-07-2026 08:00,27.975306
5123,Sonarpal (Narangi Markandi),CWC,22,Chhattisgarh,374,BASTAR,BASTAR,BASTAR,Sonarpal,Godavari,Godavari,Indravathi,Narangi,-,Narangi,19.26972222,81.88388889,20-07-2026 08:00,23.630243
5124,Sonarpal (Narangi Markandi),CWC,22,Chhattisgarh,374,BASTAR,BASTAR,BASTAR,Sonarpal,Godavari,Godavari,Indravathi,Narangi,-,Narangi,19.26972222,81.88388889,21-07-2026 08:15,15.255117
5125,Sonarpal (Narangi Markandi),CWC,22,Chhattisgarh,374,BASTAR,BASTAR,BASTAR,Sonarpal,Godavari,Godavari,Indravathi,Narangi,-,Narangi,19.26972222,81.88388889,22-07-2026 08:15,13.819931
5126,Sonarpal (Narangi Markandi),CWC,22,Chhattisgarh,374,BASTAR,BASTAR,BASTAR,Sonarpal,Godavari,Godavari,Indravathi,Narangi,-,Narangi,19.26972222,81.88388889,23-07-2026 08:15,17.66196
5127,Sonarpal (Narangi Markandi),CWC,22,Chhattisgarh,374,BASTAR,BASTAR,BASTAR,Sonarpal,Godavari,Godavari,Indravathi,Narangi,-,Narangi,19.26972222,81.88388889,24-07-2026 08:00,20.83523
5128,Sonarpal (Narangi Markandi),CWC,22,Chhattisgarh,374,BASTAR,BASTAR,BASTAR,Sonarpal,Godavari,Godavari,Indravathi,Narangi,-,Narangi,19.26972222,81.88388889,25-07-2026 08:15,22.488932
5129,Sonarpal (Narangi Markandi),CWC,22,Chhattisgarh,374,BASTAR,BASTAR,BASTAR,Sonarpal,Godavari,Godavari,Indravathi,Narangi,-,Narangi,19.26972222,81.88388889,27-07-2026 08:15,12.520942
5130,Sonarpal (Narangi Markandi),CWC,22,Chhattisgarh,374,BASTAR,BASTAR,BASTAR,Sonarpal,Godavari,Godavari,Indravathi,Narangi,-,Narangi,19.26972222,81.88388889,28-07-2026 08:00,6.440126
5131,Sonarpal (Narangi Markandi),CWC,22,Chhattisgarh,374,BASTAR,BASTAR,BASTAR,Sonarpal,Godavari,Godavari,Indravathi,Narangi,-,Narangi,19.26972222,81.88388889,29-07-2026 08:15,20.85709
5132,Sonarpal (Narangi Markandi),CWC,22,Chhattisgarh,374,BASTAR,BASTAR,BASTAR,Sonarpal,Godavari,Godavari,Indravathi,Narangi,-,Narangi,19.26972222,81.88388889,31-07-2026 08:15,262.5815
5133,Talnar,CWC,22,Chhattisgarh,642,SUKMA,KONTA,-,-,Godavari,Godavari,Sabari,-,-,-,18.58527778,81.86166667,22-01-2026 08:00,21.318
5134,Talnar,CWC,22,Chhattisgarh,642,SUKMA,KONTA,-,-,Godavari,Godavari,Sabari,-,-,-,18.58527778,81.86166667,23-01-2026 08:15,26.97
5135,Talnar,CWC,22,Chhattisgarh,642,SUKMA,KONTA,-,-,Godavari,Godavari,Sabari,-,-,-,18.58527778,81.86166667,24-01-2026 10:15,29.021
5136,Talnar,CWC,22,Chhattisgarh,642,SUKMA,KONTA,-,-,Godavari,Godavari,Sabari,-,-,-,18.58527778,81.86166667,27-01-2026 08:15,32.042
5137,Talnar,CWC,22,Chhattisgarh,642,SUKMA,KONTA,-,-,Godavari,Godavari,Sabari,-,-,-,18.58527778,81.86166667,28-01-2026 08:15,28.695
5138,Talnar,CWC,22,Chhattisgarh,642,SUKMA,KONTA,-,-,Godavari,Godavari,Sabari,-,-,-,18.58527778,81.86166667,29-01-2026 08:15,31.962
5139,Talnar,CWC,22,Chhattisgarh,642,SUKMA,KONTA,-,-,Godavari,Godavari,Sabari,-,-,-,18.58527778,81.86166667,30-01-2026 08:15,28.822
5140,Talnar,CWC,22,Chhattisgarh,642,SUKMA,KONTA,-,-,Godavari,Godavari,Sabari,-,-,-,18.58527778,81.86166667,31-01-2026 08:15,34.667
5141,Talnar,CWC,22,Chhattisgarh,642,SUKMA,KONTA,-,-,Godavari,Godavari,Sabari,-,-,-,18.58527778,81.86166667,01-02-2026 08:00,29.1
5142,Talnar,CWC,22,Chhattisgarh,642,SUKMA,KONTA,-,-,Godavari,Godavari,Sabari,-,-,-,18.58527778,81.86166667,02-02-2026 08:00,38.659
5143,Talnar,CWC,22,Chhattisgarh,642,SUKMA,KONTA,-,-,Godavari,Godavari,Sabari,-,-,-,18.58527778,81.86166667,02-02-2026 08:00,38.23
5144,Talnar,CWC,22,Chhattisgarh,642,SUKMA,KONTA,-,-,Godavari,Godavari,Sabari,-,-,-,18.58527778,81.86166667,03-02-2026 08:00,64.9
5145,Talnar,CWC,22,Chhattisgarh,642,SUKMA,KONTA,-,-,Godavari,Godavari,Sabari,-,-,-,18.58527778,81.86166667,04-02-2026 08:00,40.893
5146,Talnar,CWC,22,Chhattisgarh,642,SUKMA,KONTA,-,-,Godavari,Godavari,Sabari,-,-,-,18.58527778,81.86166667,04-02-2026 08:00,40.89
5147,Talnar,CWC,22,Chhattisgarh,642,SUKMA,KONTA,-,-,Godavari,Godavari,Sabari,-,-,-,18.58527778,81.86166667,05-02-2026 08:00,40.004
5148,Talnar,CWC,22,Chhattisgarh,642,SUKMA,KONTA,-,-,Godavari,Godavari,Sabari,-,-,-,18.58527778,81.86166667,05-02-2026 08:00,40.02
5149,Talnar,CWC,22,Chhattisgarh,642,SUKMA,KONTA,-,-,Godavari,Godavari,Sabari,-,-,-,18.58527778,81.86166667,06-02-2026 08:00,43.7
5150,Talnar,CWC,22,Chhattisgarh,642,SUKMA,KONTA,-,-,Godavari,Godavari,Sabari,-,-,-,18.58527778,81.86166667,07-02-2026 08:00,43.1
5151,Talnar,CWC,22,Chhattisgarh,642,SUKMA,KONTA,-,-,Godavari,Godavari,Sabari,-,-,-,18.58527778,81.86166667,08-02-2026 08:00,28.82
5152,Talnar,CWC,22,Chhattisgarh,642,SUKMA,KONTA,-,-,Godavari,Godavari,Sabari,-,-,-,18.58527778,81.86166667,09-02-2026 08:00,34.76
5153,Talnar,CWC,22,Chhattisgarh,642,SUKMA,KONTA,-,-,Godavari,Godavari,Sabari,-,-,-,18.58527778,81.86166667,09-02-2026 08:00,34.002
5154,Talnar,CWC,22,Chhattisgarh,642,SUKMA,KONTA,-,-,Godavari,Godavari,Sabari,-,-,-,18.58527778,81.86166667,10-02-2026 08:00,38.12
5155,Talnar,CWC,22,Chhattisgarh,642,SUKMA,KONTA,-,-,Godavari,Godavari,Sabari,-,-,-,18.58527778,81.86166667,10-02-2026 08:00,38.182
5156,Talnar,CWC,22,Chhattisgarh,642,SUKMA,KONTA,-,-,Godavari,Godavari,Sabari,-,-,-,18.58527778,81.86166667,11-02-2026 08:00,34.12
5157,Talnar,CWC,22,Chhattisgarh,642,SUKMA,KONTA,-,-,Godavari,Godavari,Sabari,-,-,-,18.58527778,81.86166667,11-02-2026 08:00,34.211
5158,Talnar,CWC,22,Chhattisgarh,642,SUKMA,KONTA,-,-,Godavari,Godavari,Sabari,-,-,-,18.58527778,81.86166667,12-02-2026 08:00,34.23
5159,Talnar,CWC,22,Chhattisgarh,642,SUKMA,KONTA,-,-,Godavari,Godavari,Sabari,-,-,-,18.58527778,81.86166667,12-02-2026 08:00,34.226
5160,Talnar,CWC,22,Chhattisgarh,642,SUKMA,KONTA,-,-,Godavari,Godavari,Sabari,-,-,-,18.58527778,81.86166667,13-02-2026 08:00,34.46
5161,Talnar,CWC,22,Chhattisgarh,642,SUKMA,KONTA,-,-,Godavari,Godavari,Sabari,-,-,-,18.58527778,81.86166667,13-02-2026 08:00,34.476
5162,Talnar,CWC,22,Chhattisgarh,642,SUKMA,KONTA,-,-,Godavari,Godavari,Sabari,-,-,-,18.58527778,81.86166667,14-02-2026 08:00,77.2
5163,Talnar,CWC,22,Chhattisgarh,642,SUKMA,KONTA,-,-,Godavari,Godavari,Sabari,-,-,-,18.58527778,81.86166667,15-02-2026 08:00,86.3
5164,Talnar,CWC,22,Chhattisgarh,642,SUKMA,KONTA,-,-,Godavari,Godavari,Sabari,-,-,-,18.58527778,81.86166667,16-02-2026 08:00,40.09
5165,Talnar,CWC,22,Chhattisgarh,642,SUKMA,KONTA,-,-,Godavari,Godavari,Sabari,-,-,-,18.58527778,81.86166667,16-02-2026 08:00,41.101
5166,Talnar,CWC,22,Chhattisgarh,642,SUKMA,KONTA,-,-,Godavari,Godavari,Sabari,-,-,-,18.58527778,81.86166667,17-02-2026 08:00,92.6
5167,Talnar,CWC,22,Chhattisgarh,642,SUKMA,KONTA,-,-,Godavari,Godavari,Sabari,-,-,-,18.58527778,81.86166667,18-02-2026 08:00,70.1
5168,Talnar,CWC,22,Chhattisgarh,642,SUKMA,KONTA,-,-,Godavari,Godavari,Sabari,-,-,-,18.58527778,81.86166667,19-02-2026 08:00,56.4
5169,Talnar,CWC,22,Chhattisgarh,642,SUKMA,KONTA,-,-,Godavari,Godavari,Sabari,-,-,-,18.58527778,81.86166667,20-02-2026 08:00,24.992
5170,Talnar,CWC,22,Chhattisgarh,642,SUKMA,KONTA,-,-,Godavari,Godavari,Sabari,-,-,-,18.58527778,81.86166667,21-02-2026 08:00,27.938
5171,Talnar,CWC,22,Chhattisgarh,642,SUKMA,KONTA,-,-,Godavari,Godavari,Sabari,-,-,-,18.58527778,81.86166667,22-02-2026 08:00,31.79
5172,Talnar,CWC,22,Chhattisgarh,642,SUKMA,KONTA,-,-,Godavari,Godavari,Sabari,-,-,-,18.58527778,81.86166667,23-02-2026 08:00,35.603
5173,Talnar,CWC,22,Chhattisgarh,642,SUKMA,KONTA,-,-,Godavari,Godavari,Sabari,-,-,-,18.58527778,81.86166667,24-02-2026 08:00,65.45
5174,Talnar,CWC,22,Chhattisgarh,642,SUKMA,KONTA,-,-,Godavari,Godavari,Sabari,-,-,-,18.58527778,81.86166667,24-02-2026 08:00,65.45
5175,Talnar,CWC,22,Chhattisgarh,642,SUKMA,KONTA,-,-,Godavari,Godavari,Sabari,-,-,-,18.58527778,81.86166667,25-02-2026 08:00,34.50645
5176,Talnar,CWC,22,Chhattisgarh,642,SUKMA,KONTA,-,-,Godavari,Godavari,Sabari,-,-,-,18.58527778,81.86166667,26-02-2026 08:00,38.424
5177,Talnar,CWC,22,Chhattisgarh,642,SUKMA,KONTA,-,-,Godavari,Godavari,Sabari,-,-,-,18.58527778,81.86166667,27-02-2026 08:00,45.8
5178,Talnar,CWC,22,Chhattisgarh,642,SUKMA,KONTA,-,-,Godavari,Godavari,Sabari,-,-,-,18.58527778,81.86166667,28-02-2026 08:00,40.936
5179,Talnar,CWC,22,Chhattisgarh,642,SUKMA,KONTA,-,-,Godavari,Godavari,Sabari,-,-,-,18.58527778,81.86166667,02-03-2026 08:00,33.887
5180,Talnar,CWC,22,Chhattisgarh,642,SUKMA,KONTA,-,-,Godavari,Godavari,Sabari,-,-,-,18.58527778,81.86166667,03-03-2026 08:00,33.888
5181,Talnar,CWC,22,Chhattisgarh,642,SUKMA,KONTA,-,-,Godavari,Godavari,Sabari,-,-,-,18.58527778,81.86166667,04-03-2026 08:00,34.689
5182,Talnar,CWC,22,Chhattisgarh,642,SUKMA,KONTA,-,-,Godavari,Godavari,Sabari,-,-,-,18.58527778,81.86166667,05-03-2026 08:00,40.513
5183,Talnar,CWC,22,Chhattisgarh,642,SUKMA,KONTA,-,-,Godavari,Godavari,Sabari,-,-,-,18.58527778,81.86166667,06-03-2026 08:00,35.542
5184,Talnar,CWC,22,Chhattisgarh,642,SUKMA,KONTA,-,-,Godavari,Godavari,Sabari,-,-,-,18.58527778,81.86166667,07-03-2026 08:00,28.719
5185,Talnar,CWC,22,Chhattisgarh,642,SUKMA,KONTA,-,-,Godavari,Godavari,Sabari,-,-,-,18.58527778,81.86166667,09-03-2026 08:00,34.426
5186,Talnar,CWC,22,Chhattisgarh,642,SUKMA,KONTA,-,-,Godavari,Godavari,Sabari,-,-,-,18.58527778,81.86166667,10-03-2026 08:00,39.844
5187,Talnar,CWC,22,Chhattisgarh,642,SUKMA,KONTA,-,-,Godavari,Godavari,Sabari,-,-,-,18.58527778,81.86166667,11-03-2026 08:00,32.917
5188,Talnar,CWC,22,Chhattisgarh,642,SUKMA,KONTA,-,-,Godavari,Godavari,Sabari,-,-,-,18.58527778,81.86166667,12-03-2026 08:00,34.669
5189,Talnar,CWC,22,Chhattisgarh,642,SUKMA,KONTA,-,-,Godavari,Godavari,Sabari,-,-,-,18.58527778,81.86166667,19-03-2026 08:00,28.351
5190,Talnar,CWC,22,Chhattisgarh,642,SUKMA,KONTA,-,-,Godavari,Godavari,Sabari,-,-,-,18.58527778,81.86166667,20-03-2026 08:00,38.317
5191,Talnar,CWC,22,Chhattisgarh,642,SUKMA,KONTA,-,-,Godavari,Godavari,Sabari,-,-,-,18.58527778,81.86166667,26-03-2026 08:00,34.166
5192,Talnar,CWC,22,Chhattisgarh,642,SUKMA,KONTA,-,-,Godavari,Godavari,Sabari,-,-,-,18.58527778,81.86166667,28-03-2026 08:00,34.812
5193,Talnar,CWC,22,Chhattisgarh,642,SUKMA,KONTA,-,-,Godavari,Godavari,Sabari,-,-,-,18.58527778,81.86166667,01-04-2026 08:00,31.889
5194,Talnar,CWC,22,Chhattisgarh,642,SUKMA,KONTA,-,-,Godavari,Godavari,Sabari,-,-,-,18.58527778,81.86166667,04-04-2026 08:00,41.469
5195,Talnar,CWC,22,Chhattisgarh,642,SUKMA,KONTA,-,-,Godavari,Godavari,Sabari,-,-,-,18.58527778,81.86166667,07-04-2026 08:00,39.661
5196,Talnar,CWC,22,Chhattisgarh,642,SUKMA,KONTA,-,-,Godavari,Godavari,Sabari,-,-,-,18.58527778,81.86166667,10-04-2026 08:00,33.57
5197,Talnar,CWC,22,Chhattisgarh,642,SUKMA,KONTA,-,-,Godavari,Godavari,Sabari,-,-,-,18.58527778,81.86166667,13-04-2026 08:00,34.998
5198,Talnar,CWC,22,Chhattisgarh,642,SUKMA,KONTA,-,-,Godavari,Godavari,Sabari,-,-,-,18.58527778,81.86166667,14-04-2026 08:00,32.24
5199,Talnar,CWC,22,Chhattisgarh,642,SUKMA,KONTA,-,-,Godavari,Godavari,Sabari,-,-,-,18.58527778,81.86166667,15-04-2026 08:00,28.003
5200,Talnar,CWC,22,Chhattisgarh,642,SUKMA,KONTA,-,-,Godavari,Godavari,Sabari,-,-,-,18.58527778,81.86166667,16-04-2026 08:00,25.031
5201,Talnar,CWC,22,Chhattisgarh,642,SUKMA,KONTA,-,-,Godavari,Godavari,Sabari,-,-,-,18.58527778,81.86166667,17-04-2026 08:00,24.236
5202,Talnar,CWC,22,Chhattisgarh,642,SUKMA,KONTA,-,-,Godavari,Godavari,Sabari,-,-,-,18.58527778,81.86166667,18-04-2026 08:00,11.017
5203,Talnar,CWC,22,Chhattisgarh,642,SUKMA,KONTA,-,-,Godavari,Godavari,Sabari,-,-,-,18.58527778,81.86166667,20-04-2026 08:00,24.416
5204,Talnar,CWC,22,Chhattisgarh,642,SUKMA,KONTA,-,-,Godavari,Godavari,Sabari,-,-,-,18.58527778,81.86166667,21-04-2026 08:00,22.985
5205,Talnar,CWC,22,Chhattisgarh,642,SUKMA,KONTA,-,-,Godavari,Godavari,Sabari,-,-,-,18.58527778,81.86166667,22-04-2026 08:00,24.992
5206,Talnar,CWC,22,Chhattisgarh,642,SUKMA,KONTA,-,-,Godavari,Godavari,Sabari,-,-,-,18.58527778,81.86166667,23-04-2026 08:00,29.35
5207,Talnar,CWC,22,Chhattisgarh,642,SUKMA,KONTA,-,-,Godavari,Godavari,Sabari,-,-,-,18.58527778,81.86166667,24-04-2026 08:00,25.992
5208,Talnar,CWC,22,Chhattisgarh,642,SUKMA,KONTA,-,-,Godavari,Godavari,Sabari,-,-,-,18.58527778,81.86166667,25-04-2026 08:00,34.301
5209,Talnar,CWC,22,Chhattisgarh,642,SUKMA,KONTA,-,-,Godavari,Godavari,Sabari,-,-,-,18.58527778,81.86166667,27-04-2026 08:00,33.48
5210,Talnar,CWC,22,Chhattisgarh,642,SUKMA,KONTA,-,-,Godavari,Godavari,Sabari,-,-,-,18.58527778,81.86166667,28-04-2026 08:00,31.267
5211,Talnar,CWC,22,Chhattisgarh,642,SUKMA,KONTA,-,-,Godavari,Godavari,Sabari,-,-,-,18.58527778,81.86166667,29-04-2026 08:00,24.265
5212,Talnar,CWC,22,Chhattisgarh,642,SUKMA,KONTA,-,-,Godavari,Godavari,Sabari,-,-,-,18.58527778,81.86166667,30-04-2026 08:00,24.856
5213,Talnar,CWC,22,Chhattisgarh,642,SUKMA,KONTA,-,-,Godavari,Godavari,Sabari,-,-,-,18.58527778,81.86166667,01-05-2026 08:00,23.505
5214,Talnar,CWC,22,Chhattisgarh,642,SUKMA,KONTA,-,-,Godavari,Godavari,Sabari,-,-,-,18.58527778,81.86166667,02-05-2026 08:00,22.408
5215,Talnar,CWC,22,Chhattisgarh,642,SUKMA,KONTA,-,-,Godavari,Godavari,Sabari,-,-,-,18.58527778,81.86166667,04-05-2026 08:00,29.454
5216,Talnar,CWC,22,Chhattisgarh,642,SUKMA,KONTA,-,-,Godavari,Godavari,Sabari,-,-,-,18.58527778,81.86166667,11-05-2026 08:00,41.019
5217,Talnar,CWC,22,Chhattisgarh,642,SUKMA,KONTA,-,-,Godavari,Godavari,Sabari,-,-,-,18.58527778,81.86166667,12-05-2026 08:00,37.556
5218,Talnar,CWC,22,Chhattisgarh,642,SUKMA,KONTA,-,-,Godavari,Godavari,Sabari,-,-,-,18.58527778,81.86166667,13-05-2026 08:00,32.106
5219,Talnar,CWC,22,Chhattisgarh,642,SUKMA,KONTA,-,-,Godavari,Godavari,Sabari,-,-,-,18.58527778,81.86166667,14-05-2026 08:00,32.699
5220,Talnar,CWC,22,Chhattisgarh,642,SUKMA,KONTA,-,-,Godavari,Godavari,Sabari,-,-,-,18.58527778,81.86166667,15-05-2026 08:00,35.03
5221,Talnar,CWC,22,Chhattisgarh,642,SUKMA,KONTA,-,-,Godavari,Godavari,Sabari,-,-,-,18.58527778,81.86166667,16-05-2026 08:00,28.204
5222,Talnar,CWC,22,Chhattisgarh,642,SUKMA,KONTA,-,-,Godavari,Godavari,Sabari,-,-,-,18.58527778,81.86166667,18-05-2026 08:00,31.499
5223,Talnar,CWC,22,Chhattisgarh,642,SUKMA,KONTA,-,-,Godavari,Godavari,Sabari,-,-,-,18.58527778,81.86166667,19-05-2026 08:00,39.301
5224,Talnar,CWC,22,Chhattisgarh,642,SUKMA,KONTA,-,-,Godavari,Godavari,Sabari,-,-,-,18.58527778,81.86166667,02-06-2026 08:00,37.357
5225,Talnar,CWC,22,Chhattisgarh,642,SUKMA,KONTA,-,-,Godavari,Godavari,Sabari,-,-,-,18.58527778,81.86166667,03-06-2026 08:00,33.988
5226,Talnar,CWC,22,Chhattisgarh,642,SUKMA,KONTA,-,-,Godavari,Godavari,Sabari,-,-,-,18.58527778,81.86166667,06-06-2026 08:00,0
5227,Talnar,CWC,22,Chhattisgarh,642,SUKMA,KONTA,-,-,Godavari,Godavari,Sabari,-,-,-,18.58527778,81.86166667,06-06-2026 08:00,0
5228,Talnar,CWC,22,Chhattisgarh,642,SUKMA,KONTA,-,-,Godavari,Godavari,Sabari,-,-,-,18.58527778,81.86166667,07-06-2026 08:00,0
5229,Talnar,CWC,22,Chhattisgarh,642,SUKMA,KONTA,-,-,Godavari,Godavari,Sabari,-,-,-,18.58527778,81.86166667,07-06-2026 08:00,0
5230,Talnar,CWC,22,Chhattisgarh,642,SUKMA,KONTA,-,-,Godavari,Godavari,Sabari,-,-,-,18.58527778,81.86166667,10-06-2026 08:00,40.639
5231,Talnar,CWC,22,Chhattisgarh,642,SUKMA,KONTA,-,-,Godavari,Godavari,Sabari,-,-,-,18.58527778,81.86166667,11-06-2026 08:00,31.822
5232,Talnar,CWC,22,Chhattisgarh,642,SUKMA,KONTA,-,-,Godavari,Godavari,Sabari,-,-,-,18.58527778,81.86166667,11-06-2026 08:00,31.822
5233,Talnar,CWC,22,Chhattisgarh,642,SUKMA,KONTA,-,-,Godavari,Godavari,Sabari,-,-,-,18.58527778,81.86166667,12-06-2026 08:00,36.959
5234,Talnar,CWC,22,Chhattisgarh,642,SUKMA,KONTA,-,-,Godavari,Godavari,Sabari,-,-,-,18.58527778,81.86166667,16-06-2026 08:00,32.095
5235,Talnar,CWC,22,Chhattisgarh,642,SUKMA,KONTA,-,-,Godavari,Godavari,Sabari,-,-,-,18.58527778,81.86166667,17-06-2026 08:00,30.602
5236,Talnar,CWC,22,Chhattisgarh,642,SUKMA,KONTA,-,-,Godavari,Godavari,Sabari,-,-,-,18.58527778,81.86166667,18-06-2026 08:00,33.35
5237,Talnar,CWC,22,Chhattisgarh,642,SUKMA,KONTA,-,-,Godavari,Godavari,Sabari,-,-,-,18.58527778,81.86166667,19-06-2026 08:00,30.694
5238,Talnar,CWC,22,Chhattisgarh,642,SUKMA,KONTA,-,-,Godavari,Godavari,Sabari,-,-,-,18.58527778,81.86166667,20-06-2026 08:00,26.125
5239,Talnar,CWC,22,Chhattisgarh,642,SUKMA,KONTA,-,-,Godavari,Godavari,Sabari,-,-,-,18.58527778,81.86166667,22-06-2026 08:00,26.042
5240,Talnar,CWC,22,Chhattisgarh,642,SUKMA,KONTA,-,-,Godavari,Godavari,Sabari,-,-,-,18.58527778,81.86166667,23-06-2026 08:00,16.431
5241,Talnar,CWC,22,Chhattisgarh,642,SUKMA,KONTA,-,-,Godavari,Godavari,Sabari,-,-,-,18.58527778,81.86166667,24-06-2026 08:00,27.688
5242,Talnar,CWC,22,Chhattisgarh,642,SUKMA,KONTA,-,-,Godavari,Godavari,Sabari,-,-,-,18.58527778,81.86166667,25-06-2026 08:00,13.161
5243,Talnar,CWC,22,Chhattisgarh,642,SUKMA,KONTA,-,-,Godavari,Godavari,Sabari,-,-,-,18.58527778,81.86166667,27-06-2026 08:00,27.838
5244,Talnar,CWC,22,Chhattisgarh,642,SUKMA,KONTA,-,-,Godavari,Godavari,Sabari,-,-,-,18.58527778,81.86166667,28-06-2026 08:00,0
5245,Talnar,CWC,22,Chhattisgarh,642,SUKMA,KONTA,-,-,Godavari,Godavari,Sabari,-,-,-,18.58527778,81.86166667,29-06-2026 08:00,32.439
5246,Talnar,CWC,22,Chhattisgarh,642,SUKMA,KONTA,-,-,Godavari,Godavari,Sabari,-,-,-,18.58527778,81.86166667,01-07-2026 08:00,28.322
5247,Talnar,CWC,22,Chhattisgarh,642,SUKMA,KONTA,-,-,Godavari,Godavari,Sabari,-,-,-,18.58527778,81.86166667,17-07-2026 08:00,24.526
5248,Tumnar (Dantewara),CWC,22,Chhattisgarh,376,DANTEWADA,DANTEWADA,-,-,Godavari,Godavari,Indravathi,Dantewara,-,Dantewara,19.01222222,81.23250000,01-01-2026 08:00,14
5249,Tumnar (Dantewara),CWC,22,Chhattisgarh,376,DANTEWADA,DANTEWADA,-,-,Godavari,Godavari,Indravathi,Dantewara,-,Dantewara,19.01222222,81.23250000,02-01-2026 08:00,14
5250,Tumnar (Dantewara),CWC,22,Chhattisgarh,376,DANTEWADA,DANTEWADA,-,-,Godavari,Godavari,Indravathi,Dantewara,-,Dantewara,19.01222222,81.23250000,03-01-2026 08:00,13
5251,Tumnar (Dantewara),CWC,22,Chhattisgarh,376,DANTEWADA,DANTEWADA,-,-,Godavari,Godavari,Indravathi,Dantewara,-,Dantewara,19.01222222,81.23250000,04-01-2026 08:00,13
5252,Tumnar (Dantewara),CWC,22,Chhattisgarh,376,DANTEWADA,DANTEWADA,-,-,Godavari,Godavari,Indravathi,Dantewara,-,Dantewara,19.01222222,81.23250000,05-01-2026 08:00,12
5253,Tumnar (Dantewara),CWC,22,Chhattisgarh,376,DANTEWADA,DANTEWADA,-,-,Godavari,Godavari,Indravathi,Dantewara,-,Dantewara,19.01222222,81.23250000,06-01-2026 08:00,12
5254,Tumnar (Dantewara),CWC,22,Chhattisgarh,376,DANTEWADA,DANTEWADA,-,-,Godavari,Godavari,Indravathi,Dantewara,-,Dantewara,19.01222222,81.23250000,07-01-2026 08:00,11
5255,Tumnar (Dantewara),CWC,22,Chhattisgarh,376,DANTEWADA,DANTEWADA,-,-,Godavari,Godavari,Indravathi,Dantewara,-,Dantewara,19.01222222,81.23250000,08-01-2026 08:00,11
5256,Tumnar (Dantewara),CWC,22,Chhattisgarh,376,DANTEWADA,DANTEWADA,-,-,Godavari,Godavari,Indravathi,Dantewara,-,Dantewara,19.01222222,81.23250000,09-01-2026 08:00,10.5
5257,Tumnar (Dantewara),CWC,22,Chhattisgarh,376,DANTEWADA,DANTEWADA,-,-,Godavari,Godavari,Indravathi,Dantewara,-,Dantewara,19.01222222,81.23250000,10-01-2026 08:00,10.5
5258,Tumnar (Dantewara),CWC,22,Chhattisgarh,376,DANTEWADA,DANTEWADA,-,-,Godavari,Godavari,Indravathi,Dantewara,-,Dantewara,19.01222222,81.23250000,11-01-2026 08:00,10
5259,Tumnar (Dantewara),CWC,22,Chhattisgarh,376,DANTEWADA,DANTEWADA,-,-,Godavari,Godavari,Indravathi,Dantewara,-,Dantewara,19.01222222,81.23250000,12-01-2026 08:00,10
5260,Tumnar (Dantewara),CWC,22,Chhattisgarh,376,DANTEWADA,DANTEWADA,-,-,Godavari,Godavari,Indravathi,Dantewara,-,Dantewara,19.01222222,81.23250000,13-01-2026 08:00,9.5
5261,Tumnar (Dantewara),CWC,22,Chhattisgarh,376,DANTEWADA,DANTEWADA,-,-,Godavari,Godavari,Indravathi,Dantewara,-,Dantewara,19.01222222,81.23250000,14-01-2026 08:00,9.5
5262,Tumnar (Dantewara),CWC,22,Chhattisgarh,376,DANTEWADA,DANTEWADA,-,-,Godavari,Godavari,Indravathi,Dantewara,-,Dantewara,19.01222222,81.23250000,15-01-2026 08:00,0
5263,Tumnar (Dantewara),CWC,22,Chhattisgarh,376,DANTEWADA,DANTEWADA,-,-,Godavari,Godavari,Indravathi,Dantewara,-,Dantewara,19.01222222,81.23250000,16-01-2026 08:00,4.514
5264,Tumnar (Dantewara),CWC,22,Chhattisgarh,376,DANTEWADA,DANTEWADA,-,-,Godavari,Godavari,Indravathi,Dantewara,-,Dantewara,19.01222222,81.23250000,17-01-2026 08:00,4.536
5265,Tumnar (Dantewara),CWC,22,Chhattisgarh,376,DANTEWADA,DANTEWADA,-,-,Godavari,Godavari,Indravathi,Dantewara,-,Dantewara,19.01222222,81.23250000,18-01-2026 08:00,4.2
5266,Tumnar (Dantewara),CWC,22,Chhattisgarh,376,DANTEWADA,DANTEWADA,-,-,Godavari,Godavari,Indravathi,Dantewara,-,Dantewara,19.01222222,81.23250000,19-01-2026 08:00,4.271
5267,Tumnar (Dantewara),CWC,22,Chhattisgarh,376,DANTEWADA,DANTEWADA,-,-,Godavari,Godavari,Indravathi,Dantewara,-,Dantewara,19.01222222,81.23250000,20-01-2026 08:00,4.215
5268,Tumnar (Dantewara),CWC,22,Chhattisgarh,376,DANTEWADA,DANTEWADA,-,-,Godavari,Godavari,Indravathi,Dantewara,-,Dantewara,19.01222222,81.23250000,21-01-2026 08:00,4.128
5269,Tumnar (Dantewara),CWC,22,Chhattisgarh,376,DANTEWADA,DANTEWADA,-,-,Godavari,Godavari,Indravathi,Dantewara,-,Dantewara,19.01222222,81.23250000,22-01-2026 08:00,4.027
5270,Tumnar (Dantewara),CWC,22,Chhattisgarh,376,DANTEWADA,DANTEWADA,-,-,Godavari,Godavari,Indravathi,Dantewara,-,Dantewara,19.01222222,81.23250000,23-01-2026 08:00,3.935
5271,Tumnar (Dantewara),CWC,22,Chhattisgarh,376,DANTEWADA,DANTEWADA,-,-,Godavari,Godavari,Indravathi,Dantewara,-,Dantewara,19.01222222,81.23250000,24-01-2026 08:00,3.853
5272,Tumnar (Dantewara),CWC,22,Chhattisgarh,376,DANTEWADA,DANTEWADA,-,-,Godavari,Godavari,Indravathi,Dantewara,-,Dantewara,19.01222222,81.23250000,25-01-2026 08:00,3.5
5273,Tumnar (Dantewara),CWC,22,Chhattisgarh,376,DANTEWADA,DANTEWADA,-,-,Godavari,Godavari,Indravathi,Dantewara,-,Dantewara,19.01222222,81.23250000,26-01-2026 08:00,3.5
5274,Tumnar (Dantewara),CWC,22,Chhattisgarh,376,DANTEWADA,DANTEWADA,-,-,Godavari,Godavari,Indravathi,Dantewara,-,Dantewara,19.01222222,81.23250000,27-01-2026 08:00,3.813
5275,Tumnar (Dantewara),CWC,22,Chhattisgarh,376,DANTEWADA,DANTEWADA,-,-,Godavari,Godavari,Indravathi,Dantewara,-,Dantewara,19.01222222,81.23250000,28-01-2026 08:00,3.727
5276,Tumnar (Dantewara),CWC,22,Chhattisgarh,376,DANTEWADA,DANTEWADA,-,-,Godavari,Godavari,Indravathi,Dantewara,-,Dantewara,19.01222222,81.23250000,29-01-2026 08:00,3.669
5277,Tumnar (Dantewara),CWC,22,Chhattisgarh,376,DANTEWADA,DANTEWADA,-,-,Godavari,Godavari,Indravathi,Dantewara,-,Dantewara,19.01222222,81.23250000,30-01-2026 08:00,3.132
5278,Tumnar (Dantewara),CWC,22,Chhattisgarh,376,DANTEWADA,DANTEWADA,-,-,Godavari,Godavari,Indravathi,Dantewara,-,Dantewara,19.01222222,81.23250000,31-01-2026 08:00,3.089
5279,Tumnar (Dantewara),CWC,22,Chhattisgarh,376,DANTEWADA,DANTEWADA,-,-,Godavari,Godavari,Indravathi,Dantewara,-,Dantewara,19.01222222,81.23250000,01-02-2026 08:00,3
5280,Tumnar (Dantewara),CWC,22,Chhattisgarh,376,DANTEWADA,DANTEWADA,-,-,Godavari,Godavari,Indravathi,Dantewara,-,Dantewara,19.01222222,81.23250000,02-02-2026 08:00,3.051
5281,Tumnar (Dantewara),CWC,22,Chhattisgarh,376,DANTEWADA,DANTEWADA,-,-,Godavari,Godavari,Indravathi,Dantewara,-,Dantewara,19.01222222,81.23250000,03-02-2026 08:00,3.013
5282,Tumnar (Dantewara),CWC,22,Chhattisgarh,376,DANTEWADA,DANTEWADA,-,-,Godavari,Godavari,Indravathi,Dantewara,-,Dantewara,19.01222222,81.23250000,04-02-2026 08:00,2.967
5283,Tumnar (Dantewara),CWC,22,Chhattisgarh,376,DANTEWADA,DANTEWADA,-,-,Godavari,Godavari,Indravathi,Dantewara,-,Dantewara,19.01222222,81.23250000,05-02-2026 08:00,1.892
5284,Tumnar (Dantewara),CWC,22,Chhattisgarh,376,DANTEWADA,DANTEWADA,-,-,Godavari,Godavari,Indravathi,Dantewara,-,Dantewara,19.01222222,81.23250000,06-02-2026 08:00,1.909
5285,Tumnar (Dantewara),CWC,22,Chhattisgarh,376,DANTEWADA,DANTEWADA,-,-,Godavari,Godavari,Indravathi,Dantewara,-,Dantewara,19.01222222,81.23250000,07-02-2026 08:00,1.882
5286,Tumnar (Dantewara),CWC,22,Chhattisgarh,376,DANTEWADA,DANTEWADA,-,-,Godavari,Godavari,Indravathi,Dantewara,-,Dantewara,19.01222222,81.23250000,08-02-2026 08:00,1.85
5287,Tumnar (Dantewara),CWC,22,Chhattisgarh,376,DANTEWADA,DANTEWADA,-,-,Godavari,Godavari,Indravathi,Dantewara,-,Dantewara,19.01222222,81.23250000,09-02-2026 08:00,1.733
5288,Tumnar (Dantewara),CWC,22,Chhattisgarh,376,DANTEWADA,DANTEWADA,-,-,Godavari,Godavari,Indravathi,Dantewara,-,Dantewara,19.01222222,81.23250000,10-02-2026 08:00,1.706
5289,Tumnar (Dantewara),CWC,22,Chhattisgarh,376,DANTEWADA,DANTEWADA,-,-,Godavari,Godavari,Indravathi,Dantewara,-,Dantewara,19.01222222,81.23250000,11-02-2026 08:00,1.62
5290,Tumnar (Dantewara),CWC,22,Chhattisgarh,376,DANTEWADA,DANTEWADA,-,-,Godavari,Godavari,Indravathi,Dantewara,-,Dantewara,19.01222222,81.23250000,12-02-2026 08:00,1.576
5291,Tumnar (Dantewara),CWC,22,Chhattisgarh,376,DANTEWADA,DANTEWADA,-,-,Godavari,Godavari,Indravathi,Dantewara,-,Dantewara,19.01222222,81.23250000,13-02-2026 08:00,3.047
5292,Tumnar (Dantewara),CWC,22,Chhattisgarh,376,DANTEWADA,DANTEWADA,-,-,Godavari,Godavari,Indravathi,Dantewara,-,Dantewara,19.01222222,81.23250000,14-02-2026 08:00,3
5293,Tumnar (Dantewara),CWC,22,Chhattisgarh,376,DANTEWADA,DANTEWADA,-,-,Godavari,Godavari,Indravathi,Dantewara,-,Dantewara,19.01222222,81.23250000,15-02-2026 08:00,3
5294,Tumnar (Dantewara),CWC,22,Chhattisgarh,376,DANTEWADA,DANTEWADA,-,-,Godavari,Godavari,Indravathi,Dantewara,-,Dantewara,19.01222222,81.23250000,16-02-2026 08:00,2.858
5295,Tumnar (Dantewara),CWC,22,Chhattisgarh,376,DANTEWADA,DANTEWADA,-,-,Godavari,Godavari,Indravathi,Dantewara,-,Dantewara,19.01222222,81.23250000,17-02-2026 08:00,2.802
5296,Tumnar (Dantewara),CWC,22,Chhattisgarh,376,DANTEWADA,DANTEWADA,-,-,Godavari,Godavari,Indravathi,Dantewara,-,Dantewara,19.01222222,81.23250000,18-02-2026 08:00,2.76
5297,Tumnar (Dantewara),CWC,22,Chhattisgarh,376,DANTEWADA,DANTEWADA,-,-,Godavari,Godavari,Indravathi,Dantewara,-,Dantewara,19.01222222,81.23250000,19-02-2026 08:00,2.676
5298,Tumnar (Dantewara),CWC,22,Chhattisgarh,376,DANTEWADA,DANTEWADA,-,-,Godavari,Godavari,Indravathi,Dantewara,-,Dantewara,19.01222222,81.23250000,20-02-2026 08:00,2.635
5299,Tumnar (Dantewara),CWC,22,Chhattisgarh,376,DANTEWADA,DANTEWADA,-,-,Godavari,Godavari,Indravathi,Dantewara,-,Dantewara,19.01222222,81.23250000,21-02-2026 08:00,2.482
5300,Tumnar (Dantewara),CWC,22,Chhattisgarh,376,DANTEWADA,DANTEWADA,-,-,Godavari,Godavari,Indravathi,Dantewara,-,Dantewara,19.01222222,81.23250000,22-02-2026 08:00,2.45
5301,Tumnar (Dantewara),CWC,22,Chhattisgarh,376,DANTEWADA,DANTEWADA,-,-,Godavari,Godavari,Indravathi,Dantewara,-,Dantewara,19.01222222,81.23250000,23-02-2026 08:00,2.432
5302,Tumnar (Dantewara),CWC,22,Chhattisgarh,376,DANTEWADA,DANTEWADA,-,-,Godavari,Godavari,Indravathi,Dantewara,-,Dantewara,19.01222222,81.23250000,24-02-2026 08:00,2.31
5303,Tumnar (Dantewara),CWC,22,Chhattisgarh,376,DANTEWADA,DANTEWADA,-,-,Godavari,Godavari,Indravathi,Dantewara,-,Dantewara,19.01222222,81.23250000,25-02-2026 08:00,2.271
5304,Tumnar (Dantewara),CWC,22,Chhattisgarh,376,DANTEWADA,DANTEWADA,-,-,Godavari,Godavari,Indravathi,Dantewara,-,Dantewara,19.01222222,81.23250000,26-02-2026 08:00,2.109041
5305,Tumnar (Dantewara),CWC,22,Chhattisgarh,376,DANTEWADA,DANTEWADA,-,-,Godavari,Godavari,Indravathi,Dantewara,-,Dantewara,19.01222222,81.23250000,27-02-2026 08:00,2.0565677
5306,Tumnar (Dantewara),CWC,22,Chhattisgarh,376,DANTEWADA,DANTEWADA,-,-,Godavari,Godavari,Indravathi,Dantewara,-,Dantewara,19.01222222,81.23250000,28-02-2026 08:00,2.0295959
5307,Tumnar (Dantewara),CWC,22,Chhattisgarh,376,DANTEWADA,DANTEWADA,-,-,Godavari,Godavari,Indravathi,Dantewara,-,Dantewara,19.01222222,81.23250000,01-03-2026 08:00,2
5308,Tumnar (Dantewara),CWC,22,Chhattisgarh,376,DANTEWADA,DANTEWADA,-,-,Godavari,Godavari,Indravathi,Dantewara,-,Dantewara,19.01222222,81.23250000,02-03-2026 08:00,1.823
5309,Tumnar (Dantewara),CWC,22,Chhattisgarh,376,DANTEWADA,DANTEWADA,-,-,Godavari,Godavari,Indravathi,Dantewara,-,Dantewara,19.01222222,81.23250000,03-03-2026 08:00,1.785
5310,Tumnar (Dantewara),CWC,22,Chhattisgarh,376,DANTEWADA,DANTEWADA,-,-,Godavari,Godavari,Indravathi,Dantewara,-,Dantewara,19.01222222,81.23250000,04-03-2026 08:00,1.793
5311,Tumnar (Dantewara),CWC,22,Chhattisgarh,376,DANTEWADA,DANTEWADA,-,-,Godavari,Godavari,Indravathi,Dantewara,-,Dantewara,19.01222222,81.23250000,05-03-2026 08:00,1.773
5312,Tumnar (Dantewara),CWC,22,Chhattisgarh,376,DANTEWADA,DANTEWADA,-,-,Godavari,Godavari,Indravathi,Dantewara,-,Dantewara,19.01222222,81.23250000,06-03-2026 08:00,1.718
5313,Tumnar (Dantewara),CWC,22,Chhattisgarh,376,DANTEWADA,DANTEWADA,-,-,Godavari,Godavari,Indravathi,Dantewara,-,Dantewara,19.01222222,81.23250000,07-03-2026 08:00,1.648
5314,Tumnar (Dantewara),CWC,22,Chhattisgarh,376,DANTEWADA,DANTEWADA,-,-,Godavari,Godavari,Indravathi,Dantewara,-,Dantewara,19.01222222,81.23250000,08-03-2026 08:00,1.62
5315,Tumnar (Dantewara),CWC,22,Chhattisgarh,376,DANTEWADA,DANTEWADA,-,-,Godavari,Godavari,Indravathi,Dantewara,-,Dantewara,19.01222222,81.23250000,09-03-2026 08:00,1.499
5316,Tumnar (Dantewara),CWC,22,Chhattisgarh,376,DANTEWADA,DANTEWADA,-,-,Godavari,Godavari,Indravathi,Dantewara,-,Dantewara,19.01222222,81.23250000,10-03-2026 08:00,1.339
5317,Tumnar (Dantewara),CWC,22,Chhattisgarh,376,DANTEWADA,DANTEWADA,-,-,Godavari,Godavari,Indravathi,Dantewara,-,Dantewara,19.01222222,81.23250000,11-03-2026 08:00,1.278
5318,Tumnar (Dantewara),CWC,22,Chhattisgarh,376,DANTEWADA,DANTEWADA,-,-,Godavari,Godavari,Indravathi,Dantewara,-,Dantewara,19.01222222,81.23250000,12-03-2026 08:00,1.187
5319,Tumnar (Dantewara),CWC,22,Chhattisgarh,376,DANTEWADA,DANTEWADA,-,-,Godavari,Godavari,Indravathi,Dantewara,-,Dantewara,19.01222222,81.23250000,13-03-2026 08:00,1.162
5320,Tumnar (Dantewara),CWC,22,Chhattisgarh,376,DANTEWADA,DANTEWADA,-,-,Godavari,Godavari,Indravathi,Dantewara,-,Dantewara,19.01222222,81.23250000,14-03-2026 08:00,1.12
5321,Tumnar (Dantewara),CWC,22,Chhattisgarh,376,DANTEWADA,DANTEWADA,-,-,Godavari,Godavari,Indravathi,Dantewara,-,Dantewara,19.01222222,81.23250000,15-03-2026 08:00,1.12
5322,Tumnar (Dantewara),CWC,22,Chhattisgarh,376,DANTEWADA,DANTEWADA,-,-,Godavari,Godavari,Indravathi,Dantewara,-,Dantewara,19.01222222,81.23250000,16-03-2026 08:00,1.123
5323,Tumnar (Dantewara),CWC,22,Chhattisgarh,376,DANTEWADA,DANTEWADA,-,-,Godavari,Godavari,Indravathi,Dantewara,-,Dantewara,19.01222222,81.23250000,17-03-2026 08:00,1.045
5324,Tumnar (Dantewara),CWC,22,Chhattisgarh,376,DANTEWADA,DANTEWADA,-,-,Godavari,Godavari,Indravathi,Dantewara,-,Dantewara,19.01222222,81.23250000,18-03-2026 08:00,1.028
5325,Tumnar (Dantewara),CWC,22,Chhattisgarh,376,DANTEWADA,DANTEWADA,-,-,Godavari,Godavari,Indravathi,Dantewara,-,Dantewara,19.01222222,81.23250000,19-03-2026 08:00,1
5326,Tumnar (Dantewara),CWC,22,Chhattisgarh,376,DANTEWADA,DANTEWADA,-,-,Godavari,Godavari,Indravathi,Dantewara,-,Dantewara,19.01222222,81.23250000,20-03-2026 08:00,1.01
5327,Tumnar (Dantewara),CWC,22,Chhattisgarh,376,DANTEWADA,DANTEWADA,-,-,Godavari,Godavari,Indravathi,Dantewara,-,Dantewara,19.01222222,81.23250000,21-03-2026 08:00,0.95
5328,Tumnar (Dantewara),CWC,22,Chhattisgarh,376,DANTEWADA,DANTEWADA,-,-,Godavari,Godavari,Indravathi,Dantewara,-,Dantewara,19.01222222,81.23250000,22-03-2026 08:00,0.95
5329,Tumnar (Dantewara),CWC,22,Chhattisgarh,376,DANTEWADA,DANTEWADA,-,-,Godavari,Godavari,Indravathi,Dantewara,-,Dantewara,19.01222222,81.23250000,23-03-2026 08:00,0.906
5330,Tumnar (Dantewara),CWC,22,Chhattisgarh,376,DANTEWADA,DANTEWADA,-,-,Godavari,Godavari,Indravathi,Dantewara,-,Dantewara,19.01222222,81.23250000,24-03-2026 08:00,0.867
5331,Tumnar (Dantewara),CWC,22,Chhattisgarh,376,DANTEWADA,DANTEWADA,-,-,Godavari,Godavari,Indravathi,Dantewara,-,Dantewara,19.01222222,81.23250000,25-03-2026 08:00,0.858
5332,Tumnar (Dantewara),CWC,22,Chhattisgarh,376,DANTEWADA,DANTEWADA,-,-,Godavari,Godavari,Indravathi,Dantewara,-,Dantewara,19.01222222,81.23250000,26-03-2026 08:00,0.853
5333,Tumnar (Dantewara),CWC,22,Chhattisgarh,376,DANTEWADA,DANTEWADA,-,-,Godavari,Godavari,Indravathi,Dantewara,-,Dantewara,19.01222222,81.23250000,27-03-2026 08:00,0.828
5334,Tumnar (Dantewara),CWC,22,Chhattisgarh,376,DANTEWADA,DANTEWADA,-,-,Godavari,Godavari,Indravathi,Dantewara,-,Dantewara,19.01222222,81.23250000,28-03-2026 08:00,0.813
5335,Tumnar (Dantewara),CWC,22,Chhattisgarh,376,DANTEWADA,DANTEWADA,-,-,Godavari,Godavari,Indravathi,Dantewara,-,Dantewara,19.01222222,81.23250000,29-03-2026 08:00,0.81
5336,Tumnar (Dantewara),CWC,22,Chhattisgarh,376,DANTEWADA,DANTEWADA,-,-,Godavari,Godavari,Indravathi,Dantewara,-,Dantewara,19.01222222,81.23250000,30-03-2026 08:00,0.798
5337,Tumnar (Dantewara),CWC,22,Chhattisgarh,376,DANTEWADA,DANTEWADA,-,-,Godavari,Godavari,Indravathi,Dantewara,-,Dantewara,19.01222222,81.23250000,31-03-2026 08:00,0.79
5338,Tumnar (Dantewara),CWC,22,Chhattisgarh,376,DANTEWADA,DANTEWADA,-,-,Godavari,Godavari,Indravathi,Dantewara,-,Dantewara,19.01222222,81.23250000,01-04-2026 08:00,0.724
5339,Tumnar (Dantewara),CWC,22,Chhattisgarh,376,DANTEWADA,DANTEWADA,-,-,Godavari,Godavari,Indravathi,Dantewara,-,Dantewara,19.01222222,81.23250000,02-04-2026 08:00,0.71
5340,Tumnar (Dantewara),CWC,22,Chhattisgarh,376,DANTEWADA,DANTEWADA,-,-,Godavari,Godavari,Indravathi,Dantewara,-,Dantewara,19.01222222,81.23250000,03-04-2026 08:00,0.7
5341,Tumnar (Dantewara),CWC,22,Chhattisgarh,376,DANTEWADA,DANTEWADA,-,-,Godavari,Godavari,Indravathi,Dantewara,-,Dantewara,19.01222222,81.23250000,04-04-2026 08:00,0.703
5342,Tumnar (Dantewara),CWC,22,Chhattisgarh,376,DANTEWADA,DANTEWADA,-,-,Godavari,Godavari,Indravathi,Dantewara,-,Dantewara,19.01222222,81.23250000,05-04-2026 08:00,0.67
5343,Tumnar (Dantewara),CWC,22,Chhattisgarh,376,DANTEWADA,DANTEWADA,-,-,Godavari,Godavari,Indravathi,Dantewara,-,Dantewara,19.01222222,81.23250000,06-04-2026 08:00,0.67331237
5344,Tumnar (Dantewara),CWC,22,Chhattisgarh,376,DANTEWADA,DANTEWADA,-,-,Godavari,Godavari,Indravathi,Dantewara,-,Dantewara,19.01222222,81.23250000,07-04-2026 08:00,0.6576538
5345,Tumnar (Dantewara),CWC,22,Chhattisgarh,376,DANTEWADA,DANTEWADA,-,-,Godavari,Godavari,Indravathi,Dantewara,-,Dantewara,19.01222222,81.23250000,08-04-2026 08:00,0.649
5346,Tumnar (Dantewara),CWC,22,Chhattisgarh,376,DANTEWADA,DANTEWADA,-,-,Godavari,Godavari,Indravathi,Dantewara,-,Dantewara,19.01222222,81.23250000,09-04-2026 08:00,0.636
5347,Tumnar (Dantewara),CWC,22,Chhattisgarh,376,DANTEWADA,DANTEWADA,-,-,Godavari,Godavari,Indravathi,Dantewara,-,Dantewara,19.01222222,81.23250000,10-04-2026 08:00,0.613
5348,Tumnar (Dantewara),CWC,22,Chhattisgarh,376,DANTEWADA,DANTEWADA,-,-,Godavari,Godavari,Indravathi,Dantewara,-,Dantewara,19.01222222,81.23250000,11-04-2026 08:00,0.61
5349,Tumnar (Dantewara),CWC,22,Chhattisgarh,376,DANTEWADA,DANTEWADA,-,-,Godavari,Godavari,Indravathi,Dantewara,-,Dantewara,19.01222222,81.23250000,12-04-2026 08:00,0.61
5350,Tumnar (Dantewara),CWC,22,Chhattisgarh,376,DANTEWADA,DANTEWADA,-,-,Godavari,Godavari,Indravathi,Dantewara,-,Dantewara,19.01222222,81.23250000,13-04-2026 08:00,0.606
5351,Tumnar (Dantewara),CWC,22,Chhattisgarh,376,DANTEWADA,DANTEWADA,-,-,Godavari,Godavari,Indravathi,Dantewara,-,Dantewara,19.01222222,81.23250000,14-04-2026 08:00,0.6
5352,Tumnar (Dantewara),CWC,22,Chhattisgarh,376,DANTEWADA,DANTEWADA,-,-,Godavari,Godavari,Indravathi,Dantewara,-,Dantewara,19.01222222,81.23250000,15-04-2026 08:00,0.591
5353,Tumnar (Dantewara),CWC,22,Chhattisgarh,376,DANTEWADA,DANTEWADA,-,-,Godavari,Godavari,Indravathi,Dantewara,-,Dantewara,19.01222222,81.23250000,16-04-2026 08:00,0.584
5354,Tumnar (Dantewara),CWC,22,Chhattisgarh,376,DANTEWADA,DANTEWADA,-,-,Godavari,Godavari,Indravathi,Dantewara,-,Dantewara,19.01222222,81.23250000,17-04-2026 08:00,0.545
5355,Tumnar (Dantewara),CWC,22,Chhattisgarh,376,DANTEWADA,DANTEWADA,-,-,Godavari,Godavari,Indravathi,Dantewara,-,Dantewara,19.01222222,81.23250000,18-04-2026 08:00,0.532
5356,Tumnar (Dantewara),CWC,22,Chhattisgarh,376,DANTEWADA,DANTEWADA,-,-,Godavari,Godavari,Indravathi,Dantewara,-,Dantewara,19.01222222,81.23250000,19-04-2026 08:00,0.5
5357,Tumnar (Dantewara),CWC,22,Chhattisgarh,376,DANTEWADA,DANTEWADA,-,-,Godavari,Godavari,Indravathi,Dantewara,-,Dantewara,19.01222222,81.23250000,20-04-2026 08:00,0.45
5358,Tumnar (Dantewara),CWC,22,Chhattisgarh,376,DANTEWADA,DANTEWADA,-,-,Godavari,Godavari,Indravathi,Dantewara,-,Dantewara,19.01222222,81.23250000,21-04-2026 08:00,0.407
5359,Tumnar (Dantewara),CWC,22,Chhattisgarh,376,DANTEWADA,DANTEWADA,-,-,Godavari,Godavari,Indravathi,Dantewara,-,Dantewara,19.01222222,81.23250000,22-04-2026 08:00,0.4
5360,Tumnar (Dantewara),CWC,22,Chhattisgarh,376,DANTEWADA,DANTEWADA,-,-,Godavari,Godavari,Indravathi,Dantewara,-,Dantewara,19.01222222,81.23250000,23-04-2026 08:00,0.387
5361,Tumnar (Dantewara),CWC,22,Chhattisgarh,376,DANTEWADA,DANTEWADA,-,-,Godavari,Godavari,Indravathi,Dantewara,-,Dantewara,19.01222222,81.23250000,24-04-2026 08:00,0.379
5362,Tumnar (Dantewara),CWC,22,Chhattisgarh,376,DANTEWADA,DANTEWADA,-,-,Godavari,Godavari,Indravathi,Dantewara,-,Dantewara,19.01222222,81.23250000,25-04-2026 08:00,0.373
5363,Tumnar (Dantewara),CWC,22,Chhattisgarh,376,DANTEWADA,DANTEWADA,-,-,Godavari,Godavari,Indravathi,Dantewara,-,Dantewara,19.01222222,81.23250000,26-04-2026 08:00,0.37
5364,Tumnar (Dantewara),CWC,22,Chhattisgarh,376,DANTEWADA,DANTEWADA,-,-,Godavari,Godavari,Indravathi,Dantewara,-,Dantewara,19.01222222,81.23250000,27-04-2026 08:00,0.363
5365,Tumnar (Dantewara),CWC,22,Chhattisgarh,376,DANTEWADA,DANTEWADA,-,-,Godavari,Godavari,Indravathi,Dantewara,-,Dantewara,19.01222222,81.23250000,28-04-2026 08:00,0.349
5366,Tumnar (Dantewara),CWC,22,Chhattisgarh,376,DANTEWADA,DANTEWADA,-,-,Godavari,Godavari,Indravathi,Dantewara,-,Dantewara,19.01222222,81.23250000,29-04-2026 08:00,0.3302536
5367,Tumnar (Dantewara),CWC,22,Chhattisgarh,376,DANTEWADA,DANTEWADA,-,-,Godavari,Godavari,Indravathi,Dantewara,-,Dantewara,19.01222222,81.23250000,30-04-2026 08:00,0.32381722
5368,Tumnar (Dantewara),CWC,22,Chhattisgarh,376,DANTEWADA,DANTEWADA,-,-,Godavari,Godavari,Indravathi,Dantewara,-,Dantewara,19.01222222,81.23250000,01-05-2026 08:00,0.3
5369,Tumnar (Dantewara),CWC,22,Chhattisgarh,376,DANTEWADA,DANTEWADA,-,-,Godavari,Godavari,Indravathi,Dantewara,-,Dantewara,19.01222222,81.23250000,02-05-2026 08:00,0.284
5370,Tumnar (Dantewara),CWC,22,Chhattisgarh,376,DANTEWADA,DANTEWADA,-,-,Godavari,Godavari,Indravathi,Dantewara,-,Dantewara,19.01222222,81.23250000,03-05-2026 08:00,0.3
5371,Tumnar (Dantewara),CWC,22,Chhattisgarh,376,DANTEWADA,DANTEWADA,-,-,Godavari,Godavari,Indravathi,Dantewara,-,Dantewara,19.01222222,81.23250000,04-05-2026 08:00,0.283
5372,Tumnar (Dantewara),CWC,22,Chhattisgarh,376,DANTEWADA,DANTEWADA,-,-,Godavari,Godavari,Indravathi,Dantewara,-,Dantewara,19.01222222,81.23250000,05-05-2026 08:00,0.27
5373,Tumnar (Dantewara),CWC,22,Chhattisgarh,376,DANTEWADA,DANTEWADA,-,-,Godavari,Godavari,Indravathi,Dantewara,-,Dantewara,19.01222222,81.23250000,06-05-2026 08:00,0.267
5374,Tumnar (Dantewara),CWC,22,Chhattisgarh,376,DANTEWADA,DANTEWADA,-,-,Godavari,Godavari,Indravathi,Dantewara,-,Dantewara,19.01222222,81.23250000,07-05-2026 08:00,0.266
5375,Tumnar (Dantewara),CWC,22,Chhattisgarh,376,DANTEWADA,DANTEWADA,-,-,Godavari,Godavari,Indravathi,Dantewara,-,Dantewara,19.01222222,81.23250000,08-05-2026 08:00,0.26
5376,Tumnar (Dantewara),CWC,22,Chhattisgarh,376,DANTEWADA,DANTEWADA,-,-,Godavari,Godavari,Indravathi,Dantewara,-,Dantewara,19.01222222,81.23250000,09-05-2026 08:00,0.25
5377,Tumnar (Dantewara),CWC,22,Chhattisgarh,376,DANTEWADA,DANTEWADA,-,-,Godavari,Godavari,Indravathi,Dantewara,-,Dantewara,19.01222222,81.23250000,10-05-2026 08:00,0.25
5378,Tumnar (Dantewara),CWC,22,Chhattisgarh,376,DANTEWADA,DANTEWADA,-,-,Godavari,Godavari,Indravathi,Dantewara,-,Dantewara,19.01222222,81.23250000,11-05-2026 08:00,0.255
5379,Tumnar (Dantewara),CWC,22,Chhattisgarh,376,DANTEWADA,DANTEWADA,-,-,Godavari,Godavari,Indravathi,Dantewara,-,Dantewara,19.01222222,81.23250000,12-05-2026 08:00,0.243
5380,Tumnar (Dantewara),CWC,22,Chhattisgarh,376,DANTEWADA,DANTEWADA,-,-,Godavari,Godavari,Indravathi,Dantewara,-,Dantewara,19.01222222,81.23250000,13-05-2026 08:00,0.238
5381,Tumnar (Dantewara),CWC,22,Chhattisgarh,376,DANTEWADA,DANTEWADA,-,-,Godavari,Godavari,Indravathi,Dantewara,-,Dantewara,19.01222222,81.23250000,14-05-2026 08:00,0.233
5382,Tumnar (Dantewara),CWC,22,Chhattisgarh,376,DANTEWADA,DANTEWADA,-,-,Godavari,Godavari,Indravathi,Dantewara,-,Dantewara,19.01222222,81.23250000,15-05-2026 08:00,0.23
5383,Tumnar (Dantewara),CWC,22,Chhattisgarh,376,DANTEWADA,DANTEWADA,-,-,Godavari,Godavari,Indravathi,Dantewara,-,Dantewara,19.01222222,81.23250000,16-05-2026 08:00,0.228
5384,Tumnar (Dantewara),CWC,22,Chhattisgarh,376,DANTEWADA,DANTEWADA,-,-,Godavari,Godavari,Indravathi,Dantewara,-,Dantewara,19.01222222,81.23250000,17-05-2026 08:00,0.22
5385,Tumnar (Dantewara),CWC,22,Chhattisgarh,376,DANTEWADA,DANTEWADA,-,-,Godavari,Godavari,Indravathi,Dantewara,-,Dantewara,19.01222222,81.23250000,18-05-2026 08:00,0.225
5386,Tumnar (Dantewara),CWC,22,Chhattisgarh,376,DANTEWADA,DANTEWADA,-,-,Godavari,Godavari,Indravathi,Dantewara,-,Dantewara,19.01222222,81.23250000,19-05-2026 08:00,0.222
5387,Tumnar (Dantewara),CWC,22,Chhattisgarh,376,DANTEWADA,DANTEWADA,-,-,Godavari,Godavari,Indravathi,Dantewara,-,Dantewara,19.01222222,81.23250000,20-05-2026 08:00,0.213
5388,Tumnar (Dantewara),CWC,22,Chhattisgarh,376,DANTEWADA,DANTEWADA,-,-,Godavari,Godavari,Indravathi,Dantewara,-,Dantewara,19.01222222,81.23250000,21-05-2026 08:00,0.207
5389,Tumnar (Dantewara),CWC,22,Chhattisgarh,376,DANTEWADA,DANTEWADA,-,-,Godavari,Godavari,Indravathi,Dantewara,-,Dantewara,19.01222222,81.23250000,22-05-2026 08:00,0.206
5390,Tumnar (Dantewara),CWC,22,Chhattisgarh,376,DANTEWADA,DANTEWADA,-,-,Godavari,Godavari,Indravathi,Dantewara,-,Dantewara,19.01222222,81.23250000,23-05-2026 08:00,0.203
5391,Tumnar (Dantewara),CWC,22,Chhattisgarh,376,DANTEWADA,DANTEWADA,-,-,Godavari,Godavari,Indravathi,Dantewara,-,Dantewara,19.01222222,81.23250000,24-05-2026 08:00,0.2
5392,Tumnar (Dantewara),CWC,22,Chhattisgarh,376,DANTEWADA,DANTEWADA,-,-,Godavari,Godavari,Indravathi,Dantewara,-,Dantewara,19.01222222,81.23250000,25-05-2026 08:00,0.2
5393,Tumnar (Dantewara),CWC,22,Chhattisgarh,376,DANTEWADA,DANTEWADA,-,-,Godavari,Godavari,Indravathi,Dantewara,-,Dantewara,19.01222222,81.23250000,26-05-2026 08:00,0.194
5394,Tumnar (Dantewara),CWC,22,Chhattisgarh,376,DANTEWADA,DANTEWADA,-,-,Godavari,Godavari,Indravathi,Dantewara,-,Dantewara,19.01222222,81.23250000,27-05-2026 08:00,0.188
5395,Tumnar (Dantewara),CWC,22,Chhattisgarh,376,DANTEWADA,DANTEWADA,-,-,Godavari,Godavari,Indravathi,Dantewara,-,Dantewara,19.01222222,81.23250000,28-05-2026 08:00,0.185
5396,Tumnar (Dantewara),CWC,22,Chhattisgarh,376,DANTEWADA,DANTEWADA,-,-,Godavari,Godavari,Indravathi,Dantewara,-,Dantewara,19.01222222,81.23250000,29-05-2026 08:00,0.16
5397,Tumnar (Dantewara),CWC,22,Chhattisgarh,376,DANTEWADA,DANTEWADA,-,-,Godavari,Godavari,Indravathi,Dantewara,-,Dantewara,19.01222222,81.23250000,30-05-2026 08:00,0.1582866
5398,Tumnar (Dantewara),CWC,22,Chhattisgarh,376,DANTEWADA,DANTEWADA,-,-,Godavari,Godavari,Indravathi,Dantewara,-,Dantewara,19.01222222,81.23250000,01-06-2026 08:00,1.6958238
5399,Tumnar (Dantewara),CWC,22,Chhattisgarh,376,DANTEWADA,DANTEWADA,-,-,Godavari,Godavari,Indravathi,Dantewara,-,Dantewara,19.01222222,81.23250000,02-06-2026 08:00,1.6187469
5400,Tumnar (Dantewara),CWC,22,Chhattisgarh,376,DANTEWADA,DANTEWADA,-,-,Godavari,Godavari,Indravathi,Dantewara,-,Dantewara,19.01222222,81.23250000,03-06-2026 08:00,1.6003764
5401,Tumnar (Dantewara),CWC,22,Chhattisgarh,376,DANTEWADA,DANTEWADA,-,-,Godavari,Godavari,Indravathi,Dantewara,-,Dantewara,19.01222222,81.23250000,04-06-2026 08:00,2.712697
5402,Tumnar (Dantewara),CWC,22,Chhattisgarh,376,DANTEWADA,DANTEWADA,-,-,Godavari,Godavari,Indravathi,Dantewara,-,Dantewara,19.01222222,81.23250000,05-06-2026 08:00,2.6828835
5403,Tumnar (Dantewara),CWC,22,Chhattisgarh,376,DANTEWADA,DANTEWADA,-,-,Godavari,Godavari,Indravathi,Dantewara,-,Dantewara,19.01222222,81.23250000,06-06-2026 08:00,1.9622754
5404,Tumnar (Dantewara),CWC,22,Chhattisgarh,376,DANTEWADA,DANTEWADA,-,-,Godavari,Godavari,Indravathi,Dantewara,-,Dantewara,19.01222222,81.23250000,07-06-2026 08:00,0.15
5405,Tumnar (Dantewara),CWC,22,Chhattisgarh,376,DANTEWADA,DANTEWADA,-,-,Godavari,Godavari,Indravathi,Dantewara,-,Dantewara,19.01222222,81.23250000,08-06-2026 08:00,1.541
5406,Tumnar (Dantewara),CWC,22,Chhattisgarh,376,DANTEWADA,DANTEWADA,-,-,Godavari,Godavari,Indravathi,Dantewara,-,Dantewara,19.01222222,81.23250000,09-06-2026 08:00,1.527
5407,Tumnar (Dantewara),CWC,22,Chhattisgarh,376,DANTEWADA,DANTEWADA,-,-,Godavari,Godavari,Indravathi,Dantewara,-,Dantewara,19.01222222,81.23250000,10-06-2026 08:00,1.512
5408,Tumnar (Dantewara),CWC,22,Chhattisgarh,376,DANTEWADA,DANTEWADA,-,-,Godavari,Godavari,Indravathi,Dantewara,-,Dantewara,19.01222222,81.23250000,11-06-2026 08:00,1.449
5409,Tumnar (Dantewara),CWC,22,Chhattisgarh,376,DANTEWADA,DANTEWADA,-,-,Godavari,Godavari,Indravathi,Dantewara,-,Dantewara,19.01222222,81.23250000,12-06-2026 08:00,1.372
5410,Tumnar (Dantewara),CWC,22,Chhattisgarh,376,DANTEWADA,DANTEWADA,-,-,Godavari,Godavari,Indravathi,Dantewara,-,Dantewara,19.01222222,81.23250000,13-06-2026 08:00,1.3
5411,Tumnar (Dantewara),CWC,22,Chhattisgarh,376,DANTEWADA,DANTEWADA,-,-,Godavari,Godavari,Indravathi,Dantewara,-,Dantewara,19.01222222,81.23250000,14-06-2026 08:00,1.3
5412,Tumnar (Dantewara),CWC,22,Chhattisgarh,376,DANTEWADA,DANTEWADA,-,-,Godavari,Godavari,Indravathi,Dantewara,-,Dantewara,19.01222222,81.23250000,15-06-2026 08:00,2.864
5413,Tumnar (Dantewara),CWC,22,Chhattisgarh,376,DANTEWADA,DANTEWADA,-,-,Godavari,Godavari,Indravathi,Dantewara,-,Dantewara,19.01222222,81.23250000,16-06-2026 08:00,2.828
5414,Tumnar (Dantewara),CWC,22,Chhattisgarh,376,DANTEWADA,DANTEWADA,-,-,Godavari,Godavari,Indravathi,Dantewara,-,Dantewara,19.01222222,81.23250000,17-06-2026 08:00,1.796
5415,Tumnar (Dantewara),CWC,22,Chhattisgarh,376,DANTEWADA,DANTEWADA,-,-,Godavari,Godavari,Indravathi,Dantewara,-,Dantewara,19.01222222,81.23250000,18-06-2026 08:00,1.574
5416,Tumnar (Dantewara),CWC,22,Chhattisgarh,376,DANTEWADA,DANTEWADA,-,-,Godavari,Godavari,Indravathi,Dantewara,-,Dantewara,19.01222222,81.23250000,19-06-2026 08:00,1.531
5417,Tumnar (Dantewara),CWC,22,Chhattisgarh,376,DANTEWADA,DANTEWADA,-,-,Godavari,Godavari,Indravathi,Dantewara,-,Dantewara,19.01222222,81.23250000,20-06-2026 08:00,1.397
5418,Tumnar (Dantewara),CWC,22,Chhattisgarh,376,DANTEWADA,DANTEWADA,-,-,Godavari,Godavari,Indravathi,Dantewara,-,Dantewara,19.01222222,81.23250000,21-06-2026 08:00,1.39
5419,Tumnar (Dantewara),CWC,22,Chhattisgarh,376,DANTEWADA,DANTEWADA,-,-,Godavari,Godavari,Indravathi,Dantewara,-,Dantewara,19.01222222,81.23250000,22-06-2026 08:00,1.804
5420,Tumnar (Dantewara),CWC,22,Chhattisgarh,376,DANTEWADA,DANTEWADA,-,-,Godavari,Godavari,Indravathi,Dantewara,-,Dantewara,19.01222222,81.23250000,23-06-2026 08:00,1.794
5421,Tumnar (Dantewara),CWC,22,Chhattisgarh,376,DANTEWADA,DANTEWADA,-,-,Godavari,Godavari,Indravathi,Dantewara,-,Dantewara,19.01222222,81.23250000,24-06-2026 08:00,1.737
5422,Tumnar (Dantewara),CWC,22,Chhattisgarh,376,DANTEWADA,DANTEWADA,-,-,Godavari,Godavari,Indravathi,Dantewara,-,Dantewara,19.01222222,81.23250000,25-06-2026 08:00,3.864
5423,Tumnar (Dantewara),CWC,22,Chhattisgarh,376,DANTEWADA,DANTEWADA,-,-,Godavari,Godavari,Indravathi,Dantewara,-,Dantewara,19.01222222,81.23250000,26-06-2026 08:00,6
5424,Tumnar (Dantewara),CWC,22,Chhattisgarh,376,DANTEWADA,DANTEWADA,-,-,Godavari,Godavari,Indravathi,Dantewara,-,Dantewara,19.01222222,81.23250000,27-06-2026 08:00,5.92
5425,Tumnar (Dantewara),CWC,22,Chhattisgarh,376,DANTEWADA,DANTEWADA,-,-,Godavari,Godavari,Indravathi,Dantewara,-,Dantewara,19.01222222,81.23250000,28-06-2026 08:00,4
5426,Tumnar (Dantewara),CWC,22,Chhattisgarh,376,DANTEWADA,DANTEWADA,-,-,Godavari,Godavari,Indravathi,Dantewara,-,Dantewara,19.01222222,81.23250000,29-06-2026 08:00,7.155759
5427,Tumnar (Dantewara),CWC,22,Chhattisgarh,376,DANTEWADA,DANTEWADA,-,-,Godavari,Godavari,Indravathi,Dantewara,-,Dantewara,19.01222222,81.23250000,30-06-2026 08:00,7.5475907
5428,Tumnar (Dantewara),CWC,22,Chhattisgarh,376,DANTEWADA,DANTEWADA,-,-,Godavari,Godavari,Indravathi,Dantewara,-,Dantewara,19.01222222,81.23250000,01-07-2026 08:00,12.176
5429,Tumnar (Dantewara),CWC,22,Chhattisgarh,376,DANTEWADA,DANTEWADA,-,-,Godavari,Godavari,Indravathi,Dantewara,-,Dantewara,19.01222222,81.23250000,02-07-2026 08:00,20.308
5430,Tumnar (Dantewara),CWC,22,Chhattisgarh,376,DANTEWADA,DANTEWADA,-,-,Godavari,Godavari,Indravathi,Dantewara,-,Dantewara,19.01222222,81.23250000,03-07-2026 08:00,35.625
5431,Tumnar (Dantewara),CWC,22,Chhattisgarh,376,DANTEWADA,DANTEWADA,-,-,Godavari,Godavari,Indravathi,Dantewara,-,Dantewara,19.01222222,81.23250000,04-07-2026 08:00,65.445
5432,Tumnar (Dantewara),CWC,22,Chhattisgarh,376,DANTEWADA,DANTEWADA,-,-,Godavari,Godavari,Indravathi,Dantewara,-,Dantewara,19.01222222,81.23250000,05-07-2026 08:00,98
5433,Tumnar (Dantewara),CWC,22,Chhattisgarh,376,DANTEWADA,DANTEWADA,-,-,Godavari,Godavari,Indravathi,Dantewara,-,Dantewara,19.01222222,81.23250000,06-07-2026 08:00,78.316
5434,Tumnar (Dantewara),CWC,22,Chhattisgarh,376,DANTEWADA,DANTEWADA,-,-,Godavari,Godavari,Indravathi,Dantewara,-,Dantewara,19.01222222,81.23250000,07-07-2026 08:00,35.063
5435,Tumnar (Dantewara),CWC,22,Chhattisgarh,376,DANTEWADA,DANTEWADA,-,-,Godavari,Godavari,Indravathi,Dantewara,-,Dantewara,19.01222222,81.23250000,08-07-2026 08:00,18.012
5436,Tumnar (Dantewara),CWC,22,Chhattisgarh,376,DANTEWADA,DANTEWADA,-,-,Godavari,Godavari,Indravathi,Dantewara,-,Dantewara,19.01222222,81.23250000,09-07-2026 08:00,16.288
5437,Tumnar (Dantewara),CWC,22,Chhattisgarh,376,DANTEWADA,DANTEWADA,-,-,Godavari,Godavari,Indravathi,Dantewara,-,Dantewara,19.01222222,81.23250000,10-07-2026 08:00,50.974
5438,Tumnar (Dantewara),CWC,22,Chhattisgarh,376,DANTEWADA,DANTEWADA,-,-,Godavari,Godavari,Indravathi,Dantewara,-,Dantewara,19.01222222,81.23250000,11-07-2026 08:00,18
5439,Tumnar (Dantewara),CWC,22,Chhattisgarh,376,DANTEWADA,DANTEWADA,-,-,Godavari,Godavari,Indravathi,Dantewara,-,Dantewara,19.01222222,81.23250000,12-07-2026 08:00,18
5440,Tumnar (Dantewara),CWC,22,Chhattisgarh,376,DANTEWADA,DANTEWADA,-,-,Godavari,Godavari,Indravathi,Dantewara,-,Dantewara,19.01222222,81.23250000,13-07-2026 08:00,14.278
5441,Tumnar (Dantewara),CWC,22,Chhattisgarh,376,DANTEWADA,DANTEWADA,-,-,Godavari,Godavari,Indravathi,Dantewara,-,Dantewara,19.01222222,81.23250000,14-07-2026 08:00,12.469
5442,Tumnar (Dantewara),CWC,22,Chhattisgarh,376,DANTEWADA,DANTEWADA,-,-,Godavari,Godavari,Indravathi,Dantewara,-,Dantewara,19.01222222,81.23250000,15-07-2026 08:00,6.572
5443,Tumnar (Dantewara),CWC,22,Chhattisgarh,376,DANTEWADA,DANTEWADA,-,-,Godavari,Godavari,Indravathi,Dantewara,-,Dantewara,19.01222222,81.23250000,16-07-2026 08:00,5.078
5444,Tumnar (Dantewara),CWC,22,Chhattisgarh,376,DANTEWADA,DANTEWADA,-,-,Godavari,Godavari,Indravathi,Dantewara,-,Dantewara,19.01222222,81.23250000,17-07-2026 08:00,5.025
5445,Tumnar (Dantewara),CWC,22,Chhattisgarh,376,DANTEWADA,DANTEWADA,-,-,Godavari,Godavari,Indravathi,Dantewara,-,Dantewara,19.01222222,81.23250000,18-07-2026 08:00,5.975
5446,Tumnar (Dantewara),CWC,22,Chhattisgarh,376,DANTEWADA,DANTEWADA,-,-,Godavari,Godavari,Indravathi,Dantewara,-,Dantewara,19.01222222,81.23250000,19-07-2026 08:00,11
5447,Tumnar (Dantewara),CWC,22,Chhattisgarh,376,DANTEWADA,DANTEWADA,-,-,Godavari,Godavari,Indravathi,Dantewara,-,Dantewara,19.01222222,81.23250000,20-07-2026 08:00,9.739
5448,Tumnar (Dantewara),CWC,22,Chhattisgarh,376,DANTEWADA,DANTEWADA,-,-,Godavari,Godavari,Indravathi,Dantewara,-,Dantewara,19.01222222,81.23250000,21-07-2026 08:00,14.866
5449,Tumnar (Dantewara),CWC,22,Chhattisgarh,376,DANTEWADA,DANTEWADA,-,-,Godavari,Godavari,Indravathi,Dantewara,-,Dantewara,19.01222222,81.23250000,22-07-2026 08:00,29.404
5450,Tumnar (Dantewara),CWC,22,Chhattisgarh,376,DANTEWADA,DANTEWADA,-,-,Godavari,Godavari,Indravathi,Dantewara,-,Dantewara,19.01222222,81.23250000,23-07-2026 08:00,24.498
5451,Tumnar (Dantewara),CWC,22,Chhattisgarh,376,DANTEWADA,DANTEWADA,-,-,Godavari,Godavari,Indravathi,Dantewara,-,Dantewara,19.01222222,81.23250000,24-07-2026 08:00,22.53
5452,Tumnar (Dantewara),CWC,22,Chhattisgarh,376,DANTEWADA,DANTEWADA,-,-,Godavari,Godavari,Indravathi,Dantewara,-,Dantewara,19.01222222,81.23250000,25-07-2026 08:00,14.776
5453,Tumnar (Dantewara),CWC,22,Chhattisgarh,376,DANTEWADA,DANTEWADA,-,-,Godavari,Godavari,Indravathi,Dantewara,-,Dantewara,19.01222222,81.23250000,26-07-2026 08:00,13.5
5454,Tumnar (Dantewara),CWC,22,Chhattisgarh,376,DANTEWADA,DANTEWADA,-,-,Godavari,Godavari,Indravathi,Dantewara,-,Dantewara,19.01222222,81.23250000,27-07-2026 08:00,10.464
5455,Tumnar (Dantewara),CWC,22,Chhattisgarh,376,DANTEWADA,DANTEWADA,-,-,Godavari,Godavari,Indravathi,Dantewara,-,Dantewara,19.01222222,81.23250000,28-07-2026 08:00,9.193
5456,Tumnar (Dantewara),CWC,22,Chhattisgarh,376,DANTEWADA,DANTEWADA,-,-,Godavari,Godavari,Indravathi,Dantewara,-,Dantewara,19.01222222,81.23250000,29-07-2026 08:00,94.916
5457,Tumnar (Dantewara),CWC,22,Chhattisgarh,376,DANTEWADA,DANTEWADA,-,-,Godavari,Godavari,Indravathi,Dantewara,-,Dantewara,19.01222222,81.23250000,30-07-2026 08:00,520
5458,Tumnar (Dantewara),CWC,22,Chhattisgarh,376,DANTEWADA,DANTEWADA,-,-,Godavari,Godavari,Indravathi,Dantewara,-,Dantewara,19.01222222,81.23250000,31-07-2026 08:00,480
5459,Tumnar (Dantewara),CWC,22,Chhattisgarh,376,DANTEWADA,DANTEWADA,-,-,Godavari,Godavari,Indravathi,Dantewara,-,Dantewara,19.01222222,81.23250000,01-08-2026 08:00,290.9
5460,Tumnar (Dantewara),CWC,22,Chhattisgarh,376,DANTEWADA,DANTEWADA,-,-,Godavari,Godavari,Indravathi,Dantewara,-,Dantewara,19.01222222,81.23250000,02-08-2026 08:00,130
5461,Tumnar (Dantewara),CWC,22,Chhattisgarh,376,DANTEWADA,DANTEWADA,-,-,Godavari,Godavari,Indravathi,Dantewara,-,Dantewara,19.01222222,81.23250000,03-08-2026 08:00,96.678
5462,Tumnar (Dantewara),CWC,22,Chhattisgarh,376,DANTEWADA,DANTEWADA,-,-,Godavari,Godavari,Indravathi,Dantewara,-,Dantewara,19.01222222,81.23250000,04-08-2026 08:00,96.069
5463,Tumnar (Dantewara),CWC,22,Chhattisgarh,376,DANTEWADA,DANTEWADA,-,-,Godavari,Godavari,Indravathi,Dantewara,-,Dantewara,19.01222222,81.23250000,05-08-2026 08:00,138.206
5464,Tumnar (Dantewara),CWC,22,Chhattisgarh,376,DANTEWADA,DANTEWADA,-,-,Godavari,Godavari,Indravathi,Dantewara,-,Dantewara,19.01222222,81.23250000,06-08-2026 08:00,76.763
5465,Tumnar (Dantewara),CWC,22,Chhattisgarh,376,DANTEWADA,DANTEWADA,-,-,Godavari,Godavari,Indravathi,Dantewara,-,Dantewara,19.01222222,81.23250000,07-08-2026 08:00,72.46
5466,Tumnar (Dantewara),CWC,22,Chhattisgarh,376,DANTEWADA,DANTEWADA,-,-,Godavari,Godavari,Indravathi,Dantewara,-,Dantewara,19.01222222,81.23250000,08-08-2026 08:00,100
5467,Tumnar (Dantewara),CWC,22,Chhattisgarh,376,DANTEWADA,DANTEWADA,-,-,Godavari,Godavari,Indravathi,Dantewara,-,Dantewara,19.01222222,81.23250000,09-08-2026 08:00,85
5468,Tumnar (Dantewara),CWC,22,Chhattisgarh,376,DANTEWADA,DANTEWADA,-,-,Godavari,Godavari,Indravathi,Dantewara,-,Dantewara,19.01222222,81.23250000,10-08-2026 08:00,235.15268
5469,Tumnar (Dantewara),CWC,22,Chhattisgarh,376,DANTEWADA,DANTEWADA,-,-,Godavari,Godavari,Indravathi,Dantewara,-,Dantewara,19.01222222,81.23250000,11-08-2026 08:00,121.145
