SlNo,Station,Agency,State LGD Code,State,District LGD Code,District,Tehsil,Block,Village,River,Basin,Tributary,Subtributary,SubSubtributary,Local River,Latitude,Longitude,Data Acquisition Time,Electric Conductivity (μS/cm),Colour,Odour,Turbidity (NTU),Temperature (ºC),Total Solids (mg/L)
1,AMRAVATI RIVER D/S OF DONDAICHA DHULE DHULE,CPCB,27,Maharashtra,474,Dhule,SHINDKHEDE,-,-,-,-,-,-,-,-,21.32647900,74.55581500,04-03-2018 08:30,"","","","","",""
2,AMRAVATI RIVER D/S OF DONDAICHA DHULE DHULE,CPCB,27,Maharashtra,474,Dhule,SHINDKHEDE,-,-,-,-,-,-,-,-,21.32647900,74.55581500,01-04-2019 08:30,"","","","","",""
3,AMRAVATI RIVER D/S OF DONDAICHA DHULE DHULE,CPCB,27,Maharashtra,474,Dhule,SHINDKHEDE,-,-,-,-,-,-,-,-,21.32647900,74.55581500,03-10-2019 08:30,"","","","","",""
4,AMRAVATI RIVER D/S OF DONDAICHA DHULE DHULE,CPCB,27,Maharashtra,474,Dhule,SHINDKHEDE,-,-,-,-,-,-,-,-,21.32647900,74.55581500,04-11-2019 08:30,"","","","","",""
5,ANJANGAONAKOT AKOLA,CPCB,27,Maharashtra,467,Akola,Akot,-,-,-,-,-,-,-,-,21.09795000,77.05268600,02-04-2018 08:30,686,"","","","",""
6,ANJANGAONAKOT AKOLA,CPCB,27,Maharashtra,467,Akola,Akot,-,-,-,-,-,-,-,-,21.09795000,77.05268600,04-10-2018 08:30,865,"","","","",""
7,ANJANGAONAKOT AKOLA,CPCB,27,Maharashtra,467,Akola,Akot,-,-,-,-,-,-,-,-,21.09795000,77.05268600,04-04-2019 08:30,223,"","","","",""
8,ARNALA SEA ARNALA VASAI THANE,CPCB,27,Maharashtra,665,Palghar,VASAI,-,-,-,-,-,-,-,-,19.45209500,72.74760900,04-01-2018 08:30,"",Clear,"","","",""
9,ARNALA SEA ARNALA VASAI THANE,CPCB,27,Maharashtra,665,Palghar,VASAI,-,-,-,-,-,-,-,-,19.45209500,72.74760900,02-02-2018 08:30,"",Light Brown,Pungent,"","",""
10,ARNALA SEA ARNALA VASAI THANE,CPCB,27,Maharashtra,665,Palghar,VASAI,-,-,-,-,-,-,-,-,19.45209500,72.74760900,03-03-2018 08:30,"",Light Brown,Pungent,"","",""
11,ARNALA SEA ARNALA VASAI THANE,CPCB,27,Maharashtra,665,Palghar,VASAI,-,-,-,-,-,-,-,-,19.45209500,72.74760900,04-04-2018 08:30,"",Light Brown,Pungent,"","",""
12,ARNALA SEA ARNALA VASAI THANE,CPCB,27,Maharashtra,665,Palghar,VASAI,-,-,-,-,-,-,-,-,19.45209500,72.74760900,03-05-2018 08:30,"",Light Brown,Pungent,"","",""
13,ARNALA SEA ARNALA VASAI THANE,CPCB,27,Maharashtra,665,Palghar,VASAI,-,-,-,-,-,-,-,-,19.45209500,72.74760900,05-06-2018 08:30,"",Light Brown,Pungent,"","",""
14,ARNALA SEA ARNALA VASAI THANE,CPCB,27,Maharashtra,665,Palghar,VASAI,-,-,-,-,-,-,-,-,19.45209500,72.74760900,03-07-2018 08:30,"",Light Brown,Pungent,"","",""
15,ARNALA SEA ARNALA VASAI THANE,CPCB,27,Maharashtra,665,Palghar,VASAI,-,-,-,-,-,-,-,-,19.45209500,72.74760900,03-08-2018 08:30,"",Brown,"","","",""
16,ARNALA SEA ARNALA VASAI THANE,CPCB,27,Maharashtra,665,Palghar,VASAI,-,-,-,-,-,-,-,-,19.45209500,72.74760900,05-09-2018 08:30,"",Light Brown,"","","",""
17,ARNALA SEA ARNALA VASAI THANE,CPCB,27,Maharashtra,665,Palghar,VASAI,-,-,-,-,-,-,-,-,19.45209500,72.74760900,03-10-2018 08:30,"",Light Brown,Pungent,"","",""
18,ARNALA SEA ARNALA VASAI THANE,CPCB,27,Maharashtra,665,Palghar,VASAI,-,-,-,-,-,-,-,-,19.45209500,72.74760900,02-11-2018 08:30,"",Light Brown,"","","",""
19,ARNALA SEA ARNALA VASAI THANE,CPCB,27,Maharashtra,665,Palghar,VASAI,-,-,-,-,-,-,-,-,19.45209500,72.74760900,01-12-2018 08:30,"",Light Brown,Pungent,"","",""
20,ARNALA SEA ARNALA VASAI THANE,CPCB,27,Maharashtra,665,Palghar,VASAI,-,-,-,-,-,-,-,-,19.45209500,72.74760900,02-01-2019 08:30,"","","","","",""
21,ARNALA SEA ARNALA VASAI THANE,CPCB,27,Maharashtra,665,Palghar,VASAI,-,-,-,-,-,-,-,-,19.45209500,72.74760900,04-02-2019 08:30,"",Light Brown,Pungent,"","",""
22,ARNALA SEA ARNALA VASAI THANE,CPCB,27,Maharashtra,665,Palghar,VASAI,-,-,-,-,-,-,-,-,19.45209500,72.74760900,01-03-2019 08:30,"","","","","",""
23,ARNALA SEA ARNALA VASAI THANE,CPCB,27,Maharashtra,665,Palghar,VASAI,-,-,-,-,-,-,-,-,19.45209500,72.74760900,02-04-2019 08:30,"","","","","",""
24,ARNALA SEA ARNALA VASAI THANE,CPCB,27,Maharashtra,665,Palghar,VASAI,-,-,-,-,-,-,-,-,19.45209500,72.74760900,08-05-2019 08:30,"","","","","",""
25,ARNALA SEA ARNALA VASAI THANE,CPCB,27,Maharashtra,665,Palghar,VASAI,-,-,-,-,-,-,-,-,19.45209500,72.74760900,01-06-2019 08:30,"","","","","",""
26,ARNALA SEA ARNALA VASAI THANE,CPCB,27,Maharashtra,665,Palghar,VASAI,-,-,-,-,-,-,-,-,19.45209500,72.74760900,08-07-2019 08:30,"","","","","",""
27,ARNALA SEA ARNALA VASAI THANE,CPCB,27,Maharashtra,665,Palghar,VASAI,-,-,-,-,-,-,-,-,19.45209500,72.74760900,02-08-2019 08:30,"",Light Brown,Pungent,"","",""
28,ARNALA SEA ARNALA VASAI THANE,CPCB,27,Maharashtra,665,Palghar,VASAI,-,-,-,-,-,-,-,-,19.45209500,72.74760900,08-09-2019 08:30,"","","","","",""
29,ARNALA SEA ARNALA VASAI THANE,CPCB,27,Maharashtra,665,Palghar,VASAI,-,-,-,-,-,-,-,-,19.45209500,72.74760900,07-10-2019 08:30,"","","","","",""
30,ARNALA SEA ARNALA VASAI THANE,CPCB,27,Maharashtra,665,Palghar,VASAI,-,-,-,-,-,-,-,-,19.45209500,72.74760900,01-11-2019 08:30,"","","","","",""
31,ARNALA SEA ARNALA VASAI THANE,CPCB,27,Maharashtra,665,Palghar,VASAI,-,-,-,-,-,-,-,-,19.45209500,72.74760900,04-12-2019 08:30,"","","","","",""
32,BASSEIN CREEK AT VASAIFORT AT BASSEIN  VASAITHANE,CPCB,27,Maharashtra,497,Thane,THANE,-,-,-,-,-,-,-,-,19.22945600,73.00208500,04-01-2018 08:30,"",Clear,"","","",""
33,BASSEIN CREEK AT VASAIFORT AT BASSEIN  VASAITHANE,CPCB,27,Maharashtra,497,Thane,THANE,-,-,-,-,-,-,-,-,19.22945600,73.00208500,02-02-2018 08:30,"",Light Brown,Pungent,"","",""
34,BASSEIN CREEK AT VASAIFORT AT BASSEIN  VASAITHANE,CPCB,27,Maharashtra,497,Thane,THANE,-,-,-,-,-,-,-,-,19.22945600,73.00208500,03-03-2018 08:30,"",Clear,Pungent,"","",""
35,BASSEIN CREEK AT VASAIFORT AT BASSEIN  VASAITHANE,CPCB,27,Maharashtra,497,Thane,THANE,-,-,-,-,-,-,-,-,19.22945600,73.00208500,04-04-2018 08:30,"",Clear,Pungent,"","",""
36,BASSEIN CREEK AT VASAIFORT AT BASSEIN  VASAITHANE,CPCB,27,Maharashtra,497,Thane,THANE,-,-,-,-,-,-,-,-,19.22945600,73.00208500,03-05-2018 08:30,"",Light Brown,Pungent,"","",""
37,BASSEIN CREEK AT VASAIFORT AT BASSEIN  VASAITHANE,CPCB,27,Maharashtra,497,Thane,THANE,-,-,-,-,-,-,-,-,19.22945600,73.00208500,05-06-2018 08:30,"",Light Brown,Pungent,"","",""
38,BASSEIN CREEK AT VASAIFORT AT BASSEIN  VASAITHANE,CPCB,27,Maharashtra,497,Thane,THANE,-,-,-,-,-,-,-,-,19.22945600,73.00208500,03-07-2018 08:30,"",Light Brown,Pungent,"","",""
39,BASSEIN CREEK AT VASAIFORT AT BASSEIN  VASAITHANE,CPCB,27,Maharashtra,497,Thane,THANE,-,-,-,-,-,-,-,-,19.22945600,73.00208500,03-08-2018 08:30,"",Brown,"","","",""
40,BASSEIN CREEK AT VASAIFORT AT BASSEIN  VASAITHANE,CPCB,27,Maharashtra,497,Thane,THANE,-,-,-,-,-,-,-,-,19.22945600,73.00208500,05-09-2018 08:30,"",Light Brown,"","","",""
41,BASSEIN CREEK AT VASAIFORT AT BASSEIN  VASAITHANE,CPCB,27,Maharashtra,497,Thane,THANE,-,-,-,-,-,-,-,-,19.22945600,73.00208500,03-10-2018 08:30,"",Clear,Pungent,"","",""
42,BASSEIN CREEK AT VASAIFORT AT BASSEIN  VASAITHANE,CPCB,27,Maharashtra,497,Thane,THANE,-,-,-,-,-,-,-,-,19.22945600,73.00208500,02-11-2018 08:30,"",Light Brown,"","","",""
43,BASSEIN CREEK AT VASAIFORT AT BASSEIN  VASAITHANE,CPCB,27,Maharashtra,497,Thane,THANE,-,-,-,-,-,-,-,-,19.22945600,73.00208500,01-12-2018 08:30,"",Clear,"","","",""
44,BASSEIN CREEK AT VASAIFORT AT BASSEIN  VASAITHANE,CPCB,27,Maharashtra,497,Thane,THANE,-,-,-,-,-,-,-,-,19.22945600,73.00208500,02-01-2019 08:30,"","","","","",""
45,BASSEIN CREEK AT VASAIFORT AT BASSEIN  VASAITHANE,CPCB,27,Maharashtra,497,Thane,THANE,-,-,-,-,-,-,-,-,19.22945600,73.00208500,04-02-2019 08:30,"","","","","",""
46,BASSEIN CREEK AT VASAIFORT AT BASSEIN  VASAITHANE,CPCB,27,Maharashtra,497,Thane,THANE,-,-,-,-,-,-,-,-,19.22945600,73.00208500,01-03-2019 08:30,"","","","","",""
47,BASSEIN CREEK AT VASAIFORT AT BASSEIN  VASAITHANE,CPCB,27,Maharashtra,497,Thane,THANE,-,-,-,-,-,-,-,-,19.22945600,73.00208500,02-04-2019 08:30,"","","","","",""
48,BASSEIN CREEK AT VASAIFORT AT BASSEIN  VASAITHANE,CPCB,27,Maharashtra,497,Thane,THANE,-,-,-,-,-,-,-,-,19.22945600,73.00208500,08-05-2019 08:30,"","","","","",""
49,BASSEIN CREEK AT VASAIFORT AT BASSEIN  VASAITHANE,CPCB,27,Maharashtra,497,Thane,THANE,-,-,-,-,-,-,-,-,19.22945600,73.00208500,01-06-2019 08:30,"","","","","",""
50,BASSEIN CREEK AT VASAIFORT AT BASSEIN  VASAITHANE,CPCB,27,Maharashtra,497,Thane,THANE,-,-,-,-,-,-,-,-,19.22945600,73.00208500,08-07-2019 08:30,"","","","","",""
51,BASSEIN CREEK AT VASAIFORT AT BASSEIN  VASAITHANE,CPCB,27,Maharashtra,497,Thane,THANE,-,-,-,-,-,-,-,-,19.22945600,73.00208500,02-08-2019 08:30,"",Light Brown,Pungent,"","",""
52,BASSEIN CREEK AT VASAIFORT AT BASSEIN  VASAITHANE,CPCB,27,Maharashtra,497,Thane,THANE,-,-,-,-,-,-,-,-,19.22945600,73.00208500,08-09-2019 08:30,"","","","","",""
53,BASSEIN CREEK AT VASAIFORT AT BASSEIN  VASAITHANE,CPCB,27,Maharashtra,497,Thane,THANE,-,-,-,-,-,-,-,-,19.22945600,73.00208500,07-10-2019 08:30,"","","","","",""
54,BASSEIN CREEK AT VASAIFORT AT BASSEIN  VASAITHANE,CPCB,27,Maharashtra,497,Thane,THANE,-,-,-,-,-,-,-,-,19.22945600,73.00208500,01-11-2019 08:30,"","","","","",""
55,BASSEIN CREEK AT VASAIFORT AT BASSEIN  VASAITHANE,CPCB,27,Maharashtra,497,Thane,THANE,-,-,-,-,-,-,-,-,19.22945600,73.00208500,04-12-2019 08:30,"","","","","",""
56,BHATSA AT D/S OF PISE DAM NEAR PISE VILLAGE (ULHAS) BHIWANDI THANE,CPCB,27,Maharashtra,497,Thane,BHIWANDI,-,-,-,-,-,-,-,-,19.31119300,73.16940400,05-01-2018 08:30,"","","","","",""
57,BHATSA AT D/S OF PISE DAM NEAR PISE VILLAGE (ULHAS) BHIWANDI THANE,CPCB,27,Maharashtra,497,Thane,BHIWANDI,-,-,-,-,-,-,-,-,19.31119300,73.16940400,02-02-2018 08:30,"","","","","",""
58,BHATSA AT D/S OF PISE DAM NEAR PISE VILLAGE (ULHAS) BHIWANDI THANE,CPCB,27,Maharashtra,497,Thane,BHIWANDI,-,-,-,-,-,-,-,-,19.31119300,73.16940400,05-03-2018 08:30,"","","","","",""
59,BHATSA AT D/S OF PISE DAM NEAR PISE VILLAGE (ULHAS) BHIWANDI THANE,CPCB,27,Maharashtra,497,Thane,BHIWANDI,-,-,-,-,-,-,-,-,19.31119300,73.16940400,04-04-2018 08:30,"","","","","",""
60,BHATSA AT D/S OF PISE DAM NEAR PISE VILLAGE (ULHAS) BHIWANDI THANE,CPCB,27,Maharashtra,497,Thane,BHIWANDI,-,-,-,-,-,-,-,-,19.31119300,73.16940400,04-05-2018 08:30,"","","","","",""
61,BHATSA AT D/S OF PISE DAM NEAR PISE VILLAGE (ULHAS) BHIWANDI THANE,CPCB,27,Maharashtra,497,Thane,BHIWANDI,-,-,-,-,-,-,-,-,19.31119300,73.16940400,04-06-2018 08:30,"","","","","",""
62,BHATSA AT D/S OF PISE DAM NEAR PISE VILLAGE (ULHAS) BHIWANDI THANE,CPCB,27,Maharashtra,497,Thane,BHIWANDI,-,-,-,-,-,-,-,-,19.31119300,73.16940400,05-07-2018 08:30,"","","","","",""
63,BHATSA AT D/S OF PISE DAM NEAR PISE VILLAGE (ULHAS) BHIWANDI THANE,CPCB,27,Maharashtra,497,Thane,BHIWANDI,-,-,-,-,-,-,-,-,19.31119300,73.16940400,06-08-2018 08:30,"","","","","",""
64,BHATSA AT D/S OF PISE DAM NEAR PISE VILLAGE (ULHAS) BHIWANDI THANE,CPCB,27,Maharashtra,497,Thane,BHIWANDI,-,-,-,-,-,-,-,-,19.31119300,73.16940400,04-09-2018 08:30,"","","","","",""
65,BHATSA AT D/S OF PISE DAM NEAR PISE VILLAGE (ULHAS) BHIWANDI THANE,CPCB,27,Maharashtra,497,Thane,BHIWANDI,-,-,-,-,-,-,-,-,19.31119300,73.16940400,05-10-2018 08:30,"","","","","",""
66,BHATSA AT D/S OF PISE DAM NEAR PISE VILLAGE (ULHAS) BHIWANDI THANE,CPCB,27,Maharashtra,497,Thane,BHIWANDI,-,-,-,-,-,-,-,-,19.31119300,73.16940400,02-11-2018 08:30,"","","","","",""
67,BHATSA AT D/S OF PISE DAM NEAR PISE VILLAGE (ULHAS) BHIWANDI THANE,CPCB,27,Maharashtra,497,Thane,BHIWANDI,-,-,-,-,-,-,-,-,19.31119300,73.16940400,04-12-2018 08:30,"","","","","",""
68,BHATSA AT D/S OF PISE DAM NEAR PISE VILLAGE (ULHAS) BHIWANDI THANE,CPCB,27,Maharashtra,497,Thane,BHIWANDI,-,-,-,-,-,-,-,-,19.31119300,73.16940400,04-01-2019 08:30,"","","","","",""
69,BHATSA AT D/S OF PISE DAM NEAR PISE VILLAGE (ULHAS) BHIWANDI THANE,CPCB,27,Maharashtra,497,Thane,BHIWANDI,-,-,-,-,-,-,-,-,19.31119300,73.16940400,04-02-2019 08:30,"","","","","",""
70,BHATSA AT D/S OF PISE DAM NEAR PISE VILLAGE (ULHAS) BHIWANDI THANE,CPCB,27,Maharashtra,497,Thane,BHIWANDI,-,-,-,-,-,-,-,-,19.31119300,73.16940400,06-03-2019 08:30,"","","","","",""
71,BHATSA AT D/S OF PISE DAM NEAR PISE VILLAGE (ULHAS) BHIWANDI THANE,CPCB,27,Maharashtra,497,Thane,BHIWANDI,-,-,-,-,-,-,-,-,19.31119300,73.16940400,04-04-2019 08:30,"","","","","",""
72,BHATSA AT D/S OF PISE DAM NEAR PISE VILLAGE (ULHAS) BHIWANDI THANE,CPCB,27,Maharashtra,497,Thane,BHIWANDI,-,-,-,-,-,-,-,-,19.31119300,73.16940400,03-05-2019 08:30,"","","","","",""
73,BHATSA AT D/S OF PISE DAM NEAR PISE VILLAGE (ULHAS) BHIWANDI THANE,CPCB,27,Maharashtra,497,Thane,BHIWANDI,-,-,-,-,-,-,-,-,19.31119300,73.16940400,04-06-2019 08:30,"","","","","",""
74,BHATSA AT D/S OF PISE DAM NEAR PISE VILLAGE (ULHAS) BHIWANDI THANE,CPCB,27,Maharashtra,497,Thane,BHIWANDI,-,-,-,-,-,-,-,-,19.31119300,73.16940400,04-07-2019 08:30,"","","","","",""
75,BHATSA AT D/S OF PISE DAM NEAR PISE VILLAGE (ULHAS) BHIWANDI THANE,CPCB,27,Maharashtra,497,Thane,BHIWANDI,-,-,-,-,-,-,-,-,19.31119300,73.16940400,05-08-2019 08:30,"","","","","",""
76,BHATSA AT D/S OF PISE DAM NEAR PISE VILLAGE (ULHAS) BHIWANDI THANE,CPCB,27,Maharashtra,497,Thane,BHIWANDI,-,-,-,-,-,-,-,-,19.31119300,73.16940400,04-09-2019 08:30,"","","","","",""
77,BHATSA AT D/S OF PISE DAM NEAR PISE VILLAGE (ULHAS) BHIWANDI THANE,CPCB,27,Maharashtra,497,Thane,BHIWANDI,-,-,-,-,-,-,-,-,19.31119300,73.16940400,04-10-2019 08:30,"","","","","",""
78,BHATSA AT D/S OF PISE DAM NEAR PISE VILLAGE (ULHAS) BHIWANDI THANE,CPCB,27,Maharashtra,497,Thane,BHIWANDI,-,-,-,-,-,-,-,-,19.31119300,73.16940400,04-11-2019 08:30,"","","","","",""
79,BHATSA AT D/S OF PISE DAM NEAR PISE VILLAGE (ULHAS) BHIWANDI THANE,CPCB,27,Maharashtra,497,Thane,BHIWANDI,-,-,-,-,-,-,-,-,19.31119300,73.16940400,05-12-2019 08:30,"","","","","",""
80,BHATSA RIVER AT D/S OF LIBERTY OIL MILLS SATNE SHAHAPUR THANE,CPCB,27,Maharashtra,497,Thane,SHAHAPUR,-,-,-,-,-,-,-,-,19.45140300,73.32891100,04-01-2018 08:30,"","","","","",""
81,BHATSA RIVER AT D/S OF LIBERTY OIL MILLS SATNE SHAHAPUR THANE,CPCB,27,Maharashtra,497,Thane,SHAHAPUR,-,-,-,-,-,-,-,-,19.45140300,73.32891100,03-02-2018 08:30,"","","","","",""
82,BHATSA RIVER AT D/S OF LIBERTY OIL MILLS SATNE SHAHAPUR THANE,CPCB,27,Maharashtra,497,Thane,SHAHAPUR,-,-,-,-,-,-,-,-,19.45140300,73.32891100,01-03-2018 08:30,"","","","","",""
83,BHATSA RIVER AT D/S OF LIBERTY OIL MILLS SATNE SHAHAPUR THANE,CPCB,27,Maharashtra,497,Thane,SHAHAPUR,-,-,-,-,-,-,-,-,19.45140300,73.32891100,04-04-2018 08:30,"","","","","",""
84,BHATSA RIVER AT D/S OF LIBERTY OIL MILLS SATNE SHAHAPUR THANE,CPCB,27,Maharashtra,497,Thane,SHAHAPUR,-,-,-,-,-,-,-,-,19.45140300,73.32891100,01-05-2018 08:30,"","","","","",""
85,BHATSA RIVER AT D/S OF LIBERTY OIL MILLS SATNE SHAHAPUR THANE,CPCB,27,Maharashtra,497,Thane,SHAHAPUR,-,-,-,-,-,-,-,-,19.45140300,73.32891100,04-06-2018 08:30,"","","","","",""
86,BHATSA RIVER AT D/S OF LIBERTY OIL MILLS SATNE SHAHAPUR THANE,CPCB,27,Maharashtra,497,Thane,SHAHAPUR,-,-,-,-,-,-,-,-,19.45140300,73.32891100,04-07-2018 08:30,"","","","","",""
87,BHATSA RIVER AT D/S OF LIBERTY OIL MILLS SATNE SHAHAPUR THANE,CPCB,27,Maharashtra,497,Thane,SHAHAPUR,-,-,-,-,-,-,-,-,19.45140300,73.32891100,06-08-2018 08:30,"","","","","",""
88,BHATSA RIVER AT D/S OF LIBERTY OIL MILLS SATNE SHAHAPUR THANE,CPCB,27,Maharashtra,497,Thane,SHAHAPUR,-,-,-,-,-,-,-,-,19.45140300,73.32891100,04-09-2018 08:30,"","","","","",""
89,BHATSA RIVER AT D/S OF LIBERTY OIL MILLS SATNE SHAHAPUR THANE,CPCB,27,Maharashtra,497,Thane,SHAHAPUR,-,-,-,-,-,-,-,-,19.45140300,73.32891100,03-10-2018 08:30,"","","","","",""
90,BHATSA RIVER AT D/S OF LIBERTY OIL MILLS SATNE SHAHAPUR THANE,CPCB,27,Maharashtra,497,Thane,SHAHAPUR,-,-,-,-,-,-,-,-,19.45140300,73.32891100,02-11-2018 08:30,"","","","","",""
91,BHATSA RIVER AT D/S OF LIBERTY OIL MILLS SATNE SHAHAPUR THANE,CPCB,27,Maharashtra,497,Thane,SHAHAPUR,-,-,-,-,-,-,-,-,19.45140300,73.32891100,05-12-2018 08:30,"","","","","",""
92,BHATSA RIVER AT D/S OF LIBERTY OIL MILLS SATNE SHAHAPUR THANE,CPCB,27,Maharashtra,497,Thane,SHAHAPUR,-,-,-,-,-,-,-,-,19.45140300,73.32891100,02-01-2019 08:30,"","","","","",""
93,BHATSA RIVER AT D/S OF LIBERTY OIL MILLS SATNE SHAHAPUR THANE,CPCB,27,Maharashtra,497,Thane,SHAHAPUR,-,-,-,-,-,-,-,-,19.45140300,73.32891100,04-02-2019 08:30,"","","","","",""
94,BHATSA RIVER AT D/S OF LIBERTY OIL MILLS SATNE SHAHAPUR THANE,CPCB,27,Maharashtra,497,Thane,SHAHAPUR,-,-,-,-,-,-,-,-,19.45140300,73.32891100,05-03-2019 08:30,"","","","","",""
95,BHATSA RIVER AT D/S OF LIBERTY OIL MILLS SATNE SHAHAPUR THANE,CPCB,27,Maharashtra,497,Thane,SHAHAPUR,-,-,-,-,-,-,-,-,19.45140300,73.32891100,01-04-2019 08:30,"","","","","",""
96,BHATSA RIVER AT D/S OF LIBERTY OIL MILLS SATNE SHAHAPUR THANE,CPCB,27,Maharashtra,497,Thane,SHAHAPUR,-,-,-,-,-,-,-,-,19.45140300,73.32891100,03-05-2019 08:30,"","","","","",""
97,BHATSA RIVER AT D/S OF LIBERTY OIL MILLS SATNE SHAHAPUR THANE,CPCB,27,Maharashtra,497,Thane,SHAHAPUR,-,-,-,-,-,-,-,-,19.45140300,73.32891100,01-06-2019 08:30,"","","","","",""
98,BHATSA RIVER AT D/S OF LIBERTY OIL MILLS SATNE SHAHAPUR THANE,CPCB,27,Maharashtra,497,Thane,SHAHAPUR,-,-,-,-,-,-,-,-,19.45140300,73.32891100,03-07-2019 08:30,"","","","","",""
99,BHATSA RIVER AT D/S OF LIBERTY OIL MILLS SATNE SHAHAPUR THANE,CPCB,27,Maharashtra,497,Thane,SHAHAPUR,-,-,-,-,-,-,-,-,19.45140300,73.32891100,03-08-2019 08:30,"","","","","",""
100,BHATSA RIVER AT D/S OF LIBERTY OIL MILLS SATNE SHAHAPUR THANE,CPCB,27,Maharashtra,497,Thane,SHAHAPUR,-,-,-,-,-,-,-,-,19.45140300,73.32891100,05-09-2019 08:30,"","","","","",""
101,BHATSA RIVER AT D/S OF LIBERTY OIL MILLS SATNE SHAHAPUR THANE,CPCB,27,Maharashtra,497,Thane,SHAHAPUR,-,-,-,-,-,-,-,-,19.45140300,73.32891100,03-10-2019 08:30,"","","","","",""
102,BHATSA RIVER AT D/S OF LIBERTY OIL MILLS SATNE SHAHAPUR THANE,CPCB,27,Maharashtra,497,Thane,SHAHAPUR,-,-,-,-,-,-,-,-,19.45140300,73.32891100,04-11-2019 08:30,"","","","","",""
103,BHATSA RIVER AT D/S OF LIBERTY OIL MILLS SATNE SHAHAPUR THANE,CPCB,27,Maharashtra,497,Thane,SHAHAPUR,-,-,-,-,-,-,-,-,19.45140300,73.32891100,04-12-2019 08:30,"","","","","",""
104,BHATSA RIVER AT U/S OF LIBERTY OIL MILLS SATNE SHAHAPUR THANE,CPCB,27,Maharashtra,497,Thane,SHAHAPUR,-,-,-,-,-,-,-,-,19.45128200,73.32885700,04-01-2018 08:30,"","","","","",""
105,BHATSA RIVER AT U/S OF LIBERTY OIL MILLS SATNE SHAHAPUR THANE,CPCB,27,Maharashtra,497,Thane,SHAHAPUR,-,-,-,-,-,-,-,-,19.45128200,73.32885700,03-02-2018 08:30,"","","","","",""
106,BHATSA RIVER AT U/S OF LIBERTY OIL MILLS SATNE SHAHAPUR THANE,CPCB,27,Maharashtra,497,Thane,SHAHAPUR,-,-,-,-,-,-,-,-,19.45128200,73.32885700,01-03-2018 08:30,"","","","","",""
107,BHATSA RIVER AT U/S OF LIBERTY OIL MILLS SATNE SHAHAPUR THANE,CPCB,27,Maharashtra,497,Thane,SHAHAPUR,-,-,-,-,-,-,-,-,19.45128200,73.32885700,04-04-2018 08:30,"","","","","",""
108,BHATSA RIVER AT U/S OF LIBERTY OIL MILLS SATNE SHAHAPUR THANE,CPCB,27,Maharashtra,497,Thane,SHAHAPUR,-,-,-,-,-,-,-,-,19.45128200,73.32885700,01-05-2018 08:30,"","","","","",""
109,BHATSA RIVER AT U/S OF LIBERTY OIL MILLS SATNE SHAHAPUR THANE,CPCB,27,Maharashtra,497,Thane,SHAHAPUR,-,-,-,-,-,-,-,-,19.45128200,73.32885700,04-06-2018 08:30,"","","","","",""
110,BHATSA RIVER AT U/S OF LIBERTY OIL MILLS SATNE SHAHAPUR THANE,CPCB,27,Maharashtra,497,Thane,SHAHAPUR,-,-,-,-,-,-,-,-,19.45128200,73.32885700,04-07-2018 08:30,"","","","","",""
111,BHATSA RIVER AT U/S OF LIBERTY OIL MILLS SATNE SHAHAPUR THANE,CPCB,27,Maharashtra,497,Thane,SHAHAPUR,-,-,-,-,-,-,-,-,19.45128200,73.32885700,06-08-2018 08:30,"","","","","",""
112,BHATSA RIVER AT U/S OF LIBERTY OIL MILLS SATNE SHAHAPUR THANE,CPCB,27,Maharashtra,497,Thane,SHAHAPUR,-,-,-,-,-,-,-,-,19.45128200,73.32885700,04-09-2018 08:30,"","","","","",""
113,BHATSA RIVER AT U/S OF LIBERTY OIL MILLS SATNE SHAHAPUR THANE,CPCB,27,Maharashtra,497,Thane,SHAHAPUR,-,-,-,-,-,-,-,-,19.45128200,73.32885700,03-10-2018 08:30,"","","","","",""
114,BHATSA RIVER AT U/S OF LIBERTY OIL MILLS SATNE SHAHAPUR THANE,CPCB,27,Maharashtra,497,Thane,SHAHAPUR,-,-,-,-,-,-,-,-,19.45128200,73.32885700,02-11-2018 08:30,"","","","","",""
115,BHATSA RIVER AT U/S OF LIBERTY OIL MILLS SATNE SHAHAPUR THANE,CPCB,27,Maharashtra,497,Thane,SHAHAPUR,-,-,-,-,-,-,-,-,19.45128200,73.32885700,05-12-2018 08:30,"","","","","",""
116,BHATSA RIVER AT U/S OF LIBERTY OIL MILLS SATNE SHAHAPUR THANE,CPCB,27,Maharashtra,497,Thane,SHAHAPUR,-,-,-,-,-,-,-,-,19.45128200,73.32885700,02-01-2019 08:30,"","","","","",""
117,BHATSA RIVER AT U/S OF LIBERTY OIL MILLS SATNE SHAHAPUR THANE,CPCB,27,Maharashtra,497,Thane,SHAHAPUR,-,-,-,-,-,-,-,-,19.45128200,73.32885700,04-02-2019 08:30,"","","","","",""
118,BHATSA RIVER AT U/S OF LIBERTY OIL MILLS SATNE SHAHAPUR THANE,CPCB,27,Maharashtra,497,Thane,SHAHAPUR,-,-,-,-,-,-,-,-,19.45128200,73.32885700,05-03-2019 08:30,"","","","","",""
119,BHATSA RIVER AT U/S OF LIBERTY OIL MILLS SATNE SHAHAPUR THANE,CPCB,27,Maharashtra,497,Thane,SHAHAPUR,-,-,-,-,-,-,-,-,19.45128200,73.32885700,01-04-2019 08:30,"","","","","",""
120,BHATSA RIVER AT U/S OF LIBERTY OIL MILLS SATNE SHAHAPUR THANE,CPCB,27,Maharashtra,497,Thane,SHAHAPUR,-,-,-,-,-,-,-,-,19.45128200,73.32885700,03-05-2019 08:30,"","","","","",""
121,BHATSA RIVER AT U/S OF LIBERTY OIL MILLS SATNE SHAHAPUR THANE,CPCB,27,Maharashtra,497,Thane,SHAHAPUR,-,-,-,-,-,-,-,-,19.45128200,73.32885700,01-06-2019 08:30,"","","","","",""
122,BHATSA RIVER AT U/S OF LIBERTY OIL MILLS SATNE SHAHAPUR THANE,CPCB,27,Maharashtra,497,Thane,SHAHAPUR,-,-,-,-,-,-,-,-,19.45128200,73.32885700,03-07-2019 08:30,"","","","","",""
123,BHATSA RIVER AT U/S OF LIBERTY OIL MILLS SATNE SHAHAPUR THANE,CPCB,27,Maharashtra,497,Thane,SHAHAPUR,-,-,-,-,-,-,-,-,19.45128200,73.32885700,03-08-2019 08:30,"","","","","",""
124,BHATSA RIVER AT U/S OF LIBERTY OIL MILLS SATNE SHAHAPUR THANE,CPCB,27,Maharashtra,497,Thane,SHAHAPUR,-,-,-,-,-,-,-,-,19.45128200,73.32885700,05-09-2019 08:30,"","","","","",""
125,BHATSA RIVER AT U/S OF LIBERTY OIL MILLS SATNE SHAHAPUR THANE,CPCB,27,Maharashtra,497,Thane,SHAHAPUR,-,-,-,-,-,-,-,-,19.45128200,73.32885700,03-10-2019 08:30,"","","","","",""
126,BHATSA RIVER AT U/S OF LIBERTY OIL MILLS SATNE SHAHAPUR THANE,CPCB,27,Maharashtra,497,Thane,SHAHAPUR,-,-,-,-,-,-,-,-,19.45128200,73.32885700,04-11-2019 08:30,"","","","","",""
127,BHATSA RIVER AT U/S OF LIBERTY OIL MILLS SATNE SHAHAPUR THANE,CPCB,27,Maharashtra,497,Thane,SHAHAPUR,-,-,-,-,-,-,-,-,19.45128200,73.32885700,04-12-2019 08:30,"","","","","",""
128,BHAYANDER CREEK AT D/S OF RAILWAY BRIDGE JASAL PARK CHOUPATHY NAVGHAR BHAYANDER THANE,CPCB,27,Maharashtra,497,Thane,THANE,-,-,-,-,-,-,-,-,19.31855300,72.85131600,04-01-2018 08:30,"",Clear,"","","",""
129,BHAYANDER CREEK AT D/S OF RAILWAY BRIDGE JASAL PARK CHOUPATHY NAVGHAR BHAYANDER THANE,CPCB,27,Maharashtra,497,Thane,THANE,-,-,-,-,-,-,-,-,19.31855300,72.85131600,02-02-2018 08:30,"",Light Brown,"","","",""
130,BHAYANDER CREEK AT D/S OF RAILWAY BRIDGE JASAL PARK CHOUPATHY NAVGHAR BHAYANDER THANE,CPCB,27,Maharashtra,497,Thane,THANE,-,-,-,-,-,-,-,-,19.31855300,72.85131600,03-03-2018 08:30,"",Light Brown,Pungent,"","",""
131,BHAYANDER CREEK AT D/S OF RAILWAY BRIDGE JASAL PARK CHOUPATHY NAVGHAR BHAYANDER THANE,CPCB,27,Maharashtra,497,Thane,THANE,-,-,-,-,-,-,-,-,19.31855300,72.85131600,04-04-2018 08:30,"",Light Brown,Pungent,"","",""
132,BHAYANDER CREEK AT D/S OF RAILWAY BRIDGE JASAL PARK CHOUPATHY NAVGHAR BHAYANDER THANE,CPCB,27,Maharashtra,497,Thane,THANE,-,-,-,-,-,-,-,-,19.31855300,72.85131600,03-05-2018 08:30,"",Light Brown,Pungent,"","",""
133,BHAYANDER CREEK AT D/S OF RAILWAY BRIDGE JASAL PARK CHOUPATHY NAVGHAR BHAYANDER THANE,CPCB,27,Maharashtra,497,Thane,THANE,-,-,-,-,-,-,-,-,19.31855300,72.85131600,05-06-2018 08:30,"",Light Brown,Pungent,"","",""
134,BHAYANDER CREEK AT D/S OF RAILWAY BRIDGE JASAL PARK CHOUPATHY NAVGHAR BHAYANDER THANE,CPCB,27,Maharashtra,497,Thane,THANE,-,-,-,-,-,-,-,-,19.31855300,72.85131600,03-07-2018 08:30,"",Light Brown,Pungent,"","",""
135,BHAYANDER CREEK AT D/S OF RAILWAY BRIDGE JASAL PARK CHOUPATHY NAVGHAR BHAYANDER THANE,CPCB,27,Maharashtra,497,Thane,THANE,-,-,-,-,-,-,-,-,19.31855300,72.85131600,03-08-2018 08:30,"",Brown,"","","",""
136,BHAYANDER CREEK AT D/S OF RAILWAY BRIDGE JASAL PARK CHOUPATHY NAVGHAR BHAYANDER THANE,CPCB,27,Maharashtra,497,Thane,THANE,-,-,-,-,-,-,-,-,19.31855300,72.85131600,05-09-2018 08:30,"",Light Brown,"","","",""
137,BHAYANDER CREEK AT D/S OF RAILWAY BRIDGE JASAL PARK CHOUPATHY NAVGHAR BHAYANDER THANE,CPCB,27,Maharashtra,497,Thane,THANE,-,-,-,-,-,-,-,-,19.31855300,72.85131600,03-10-2018 08:30,"",Light Brown,Pungent,"","",""
138,BHAYANDER CREEK AT D/S OF RAILWAY BRIDGE JASAL PARK CHOUPATHY NAVGHAR BHAYANDER THANE,CPCB,27,Maharashtra,497,Thane,THANE,-,-,-,-,-,-,-,-,19.31855300,72.85131600,02-11-2018 08:30,"",Light Brown,"","","",""
139,BHAYANDER CREEK AT D/S OF RAILWAY BRIDGE JASAL PARK CHOUPATHY NAVGHAR BHAYANDER THANE,CPCB,27,Maharashtra,497,Thane,THANE,-,-,-,-,-,-,-,-,19.31855300,72.85131600,01-12-2018 08:30,"",Light Brown,Pungent,"","",""
140,BHAYANDER CREEK AT D/S OF RAILWAY BRIDGE JASAL PARK CHOUPATHY NAVGHAR BHAYANDER THANE,CPCB,27,Maharashtra,497,Thane,THANE,-,-,-,-,-,-,-,-,19.31855300,72.85131600,02-01-2019 08:30,"","","","","",""
141,BHAYANDER CREEK AT D/S OF RAILWAY BRIDGE JASAL PARK CHOUPATHY NAVGHAR BHAYANDER THANE,CPCB,27,Maharashtra,497,Thane,THANE,-,-,-,-,-,-,-,-,19.31855300,72.85131600,04-02-2019 08:30,"",Light Brown,Pungent,"","",""
142,BHAYANDER CREEK AT D/S OF RAILWAY BRIDGE JASAL PARK CHOUPATHY NAVGHAR BHAYANDER THANE,CPCB,27,Maharashtra,497,Thane,THANE,-,-,-,-,-,-,-,-,19.31855300,72.85131600,01-03-2019 08:30,"","","","","",""
143,BHAYANDER CREEK AT D/S OF RAILWAY BRIDGE JASAL PARK CHOUPATHY NAVGHAR BHAYANDER THANE,CPCB,27,Maharashtra,497,Thane,THANE,-,-,-,-,-,-,-,-,19.31855300,72.85131600,02-04-2019 08:30,"","","","","",""
144,BHAYANDER CREEK AT D/S OF RAILWAY BRIDGE JASAL PARK CHOUPATHY NAVGHAR BHAYANDER THANE,CPCB,27,Maharashtra,497,Thane,THANE,-,-,-,-,-,-,-,-,19.31855300,72.85131600,08-05-2019 08:30,"","","","","",""
145,BHAYANDER CREEK AT D/S OF RAILWAY BRIDGE JASAL PARK CHOUPATHY NAVGHAR BHAYANDER THANE,CPCB,27,Maharashtra,497,Thane,THANE,-,-,-,-,-,-,-,-,19.31855300,72.85131600,01-06-2019 08:30,"","","","","",""
146,BHAYANDER CREEK AT D/S OF RAILWAY BRIDGE JASAL PARK CHOUPATHY NAVGHAR BHAYANDER THANE,CPCB,27,Maharashtra,497,Thane,THANE,-,-,-,-,-,-,-,-,19.31855300,72.85131600,08-07-2019 08:30,"","","","","",""
147,BHAYANDER CREEK AT D/S OF RAILWAY BRIDGE JASAL PARK CHOUPATHY NAVGHAR BHAYANDER THANE,CPCB,27,Maharashtra,497,Thane,THANE,-,-,-,-,-,-,-,-,19.31855300,72.85131600,02-08-2019 08:30,"",Light Brown,Pungent,"","",""
148,BHAYANDER CREEK AT D/S OF RAILWAY BRIDGE JASAL PARK CHOUPATHY NAVGHAR BHAYANDER THANE,CPCB,27,Maharashtra,497,Thane,THANE,-,-,-,-,-,-,-,-,19.31855300,72.85131600,08-09-2019 08:30,"","","","","",""
149,BHAYANDER CREEK AT D/S OF RAILWAY BRIDGE JASAL PARK CHOUPATHY NAVGHAR BHAYANDER THANE,CPCB,27,Maharashtra,497,Thane,THANE,-,-,-,-,-,-,-,-,19.31855300,72.85131600,07-10-2019 08:30,"","","","","",""
150,BHAYANDER CREEK AT D/S OF RAILWAY BRIDGE JASAL PARK CHOUPATHY NAVGHAR BHAYANDER THANE,CPCB,27,Maharashtra,497,Thane,THANE,-,-,-,-,-,-,-,-,19.31855300,72.85131600,01-11-2019 08:30,"","","","","",""
151,BHAYANDER CREEK AT D/S OF RAILWAY BRIDGE JASAL PARK CHOUPATHY NAVGHAR BHAYANDER THANE,CPCB,27,Maharashtra,497,Thane,THANE,-,-,-,-,-,-,-,-,19.31855300,72.85131600,04-12-2019 08:30,"","","","","",""
152,BHIMA AFTER CONF. WITH DAUND DAUND PUNE,CPCB,27,Maharashtra,490,Pune,DAUND,-,-,-,-,-,-,-,-,18.46455300,74.58357600,09-01-2018 08:30,"","","","","",""
153,BHIMA AFTER CONF. WITH DAUND DAUND PUNE,CPCB,27,Maharashtra,490,Pune,DAUND,-,-,-,-,-,-,-,-,18.46455300,74.58357600,05-02-2018 08:30,"","","","","",""
154,BHIMA AFTER CONF. WITH DAUND DAUND PUNE,CPCB,27,Maharashtra,490,Pune,DAUND,-,-,-,-,-,-,-,-,18.46455300,74.58357600,07-03-2018 08:30,"","","","","",""
155,BHIMA AFTER CONF. WITH DAUND DAUND PUNE,CPCB,27,Maharashtra,490,Pune,DAUND,-,-,-,-,-,-,-,-,18.46455300,74.58357600,02-04-2018 08:30,"","","","","",""
156,BHIMA AFTER CONF. WITH DAUND DAUND PUNE,CPCB,27,Maharashtra,490,Pune,DAUND,-,-,-,-,-,-,-,-,18.46455300,74.58357600,03-05-2018 08:30,"","","","","",""
157,BHIMA AFTER CONF. WITH DAUND DAUND PUNE,CPCB,27,Maharashtra,490,Pune,DAUND,-,-,-,-,-,-,-,-,18.46455300,74.58357600,03-06-2018 08:30,"","","","","",""
158,BHIMA AFTER CONF. WITH DAUND DAUND PUNE,CPCB,27,Maharashtra,490,Pune,DAUND,-,-,-,-,-,-,-,-,18.46455300,74.58357600,02-07-2018 08:30,"","","","","",""
159,BHIMA AFTER CONF. WITH DAUND DAUND PUNE,CPCB,27,Maharashtra,490,Pune,DAUND,-,-,-,-,-,-,-,-,18.46455300,74.58357600,02-08-2018 08:30,"","","","","",""
160,BHIMA AFTER CONF. WITH DAUND DAUND PUNE,CPCB,27,Maharashtra,490,Pune,DAUND,-,-,-,-,-,-,-,-,18.46455300,74.58357600,03-09-2018 08:30,"","","","","",""
161,BHIMA AFTER CONF. WITH DAUND DAUND PUNE,CPCB,27,Maharashtra,490,Pune,DAUND,-,-,-,-,-,-,-,-,18.46455300,74.58357600,02-10-2018 08:30,"","","","","",""
162,BHIMA AFTER CONF. WITH DAUND DAUND PUNE,CPCB,27,Maharashtra,490,Pune,DAUND,-,-,-,-,-,-,-,-,18.46455300,74.58357600,04-11-2018 08:30,"","","","","",""
163,BHIMA AFTER CONF. WITH DAUND DAUND PUNE,CPCB,27,Maharashtra,490,Pune,DAUND,-,-,-,-,-,-,-,-,18.46455300,74.58357600,10-12-2018 08:30,"","","","","",""
164,BHIMA AFTER CONF. WITH DAUND DAUND PUNE,CPCB,27,Maharashtra,490,Pune,DAUND,-,-,-,-,-,-,-,-,18.46455300,74.58357600,02-01-2019 08:30,"","","","","",""
165,BHIMA AFTER CONF. WITH DAUND DAUND PUNE,CPCB,27,Maharashtra,490,Pune,DAUND,-,-,-,-,-,-,-,-,18.46455300,74.58357600,06-02-2019 08:30,"","","","","",""
166,BHIMA AFTER CONF. WITH DAUND DAUND PUNE,CPCB,27,Maharashtra,490,Pune,DAUND,-,-,-,-,-,-,-,-,18.46455300,74.58357600,06-03-2019 08:30,"","","","","",""
167,BHIMA AFTER CONF. WITH DAUND DAUND PUNE,CPCB,27,Maharashtra,490,Pune,DAUND,-,-,-,-,-,-,-,-,18.46455300,74.58357600,02-04-2019 08:30,"","","","","",""
168,BHIMA AFTER CONF. WITH DAUND DAUND PUNE,CPCB,27,Maharashtra,490,Pune,DAUND,-,-,-,-,-,-,-,-,18.46455300,74.58357600,03-05-2019 08:30,"","","","","",""
169,BHIMA AFTER CONF. WITH DAUND DAUND PUNE,CPCB,27,Maharashtra,490,Pune,DAUND,-,-,-,-,-,-,-,-,18.46455300,74.58357600,03-06-2019 08:30,"","","","","",""
170,BHIMA AFTER CONF. WITH DAUND DAUND PUNE,CPCB,27,Maharashtra,490,Pune,DAUND,-,-,-,-,-,-,-,-,18.46455300,74.58357600,07-07-2019 08:30,"","","","","",""
171,BHIMA AFTER CONF. WITH DAUND DAUND PUNE,CPCB,27,Maharashtra,490,Pune,DAUND,-,-,-,-,-,-,-,-,18.46455300,74.58357600,04-08-2019 08:30,"","","","","",""
172,BHIMA AFTER CONF. WITH DAUND DAUND PUNE,CPCB,27,Maharashtra,490,Pune,DAUND,-,-,-,-,-,-,-,-,18.46455300,74.58357600,02-09-2019 08:30,"","","","","",""
173,BHIMA AFTER CONF. WITH DAUND DAUND PUNE,CPCB,27,Maharashtra,490,Pune,DAUND,-,-,-,-,-,-,-,-,18.46455300,74.58357600,07-10-2019 08:30,"","","","","",""
174,BHIMA AFTER CONF. WITH DAUND DAUND PUNE,CPCB,27,Maharashtra,490,Pune,DAUND,-,-,-,-,-,-,-,-,18.46455300,74.58357600,04-11-2019 08:30,"","","","","",""
175,BHIMA AFTER CONF. WITH DAUND DAUND PUNE,CPCB,27,Maharashtra,490,Pune,DAUND,-,-,-,-,-,-,-,-,18.46455300,74.58357600,09-12-2019 08:30,"","","","","",""
176,BHIMA AT NARSINGPUR (D/S AF.CONFL.WITH R.NIRA) NARSINGPUR MALSHIROS SOLAPUR,CPCB,27,Maharashtra,490,Pune,INDAPUR,-,-,-,-,-,-,-,-,17.98584500,75.11624900,05-04-2018 08:30,"","","","","",""
177,BHIMA AT NARSINGPUR (D/S AF.CONFL.WITH R.NIRA) NARSINGPUR MALSHIROS SOLAPUR,CPCB,27,Maharashtra,490,Pune,INDAPUR,-,-,-,-,-,-,-,-,17.98584500,75.11624900,02-09-2018 08:30,"","","","","",""
178,BHIMA AT NARSINGPUR (D/S AF.CONFL.WITH R.NIRA) NARSINGPUR MALSHIROS SOLAPUR,CPCB,27,Maharashtra,490,Pune,INDAPUR,-,-,-,-,-,-,-,-,17.98584500,75.11624900,05-10-2018 08:30,"","","","","",""
179,BHIMA AT NARSINGPUR (D/S AF.CONFL.WITH R.NIRA) NARSINGPUR MALSHIROS SOLAPUR,CPCB,27,Maharashtra,490,Pune,INDAPUR,-,-,-,-,-,-,-,-,17.98584500,75.11624900,04-12-2018 08:30,"","","","","",""
180,BHIMA AT NARSINGPUR (D/S AF.CONFL.WITH R.NIRA) NARSINGPUR MALSHIROS SOLAPUR,CPCB,27,Maharashtra,490,Pune,INDAPUR,-,-,-,-,-,-,-,-,17.98584500,75.11624900,08-08-2019 08:30,"","","","","",""
181,BHIMA AT NARSINGPUR (D/S AF.CONFL.WITH R.NIRA) NARSINGPUR MALSHIROS SOLAPUR,CPCB,27,Maharashtra,490,Pune,INDAPUR,-,-,-,-,-,-,-,-,17.98584500,75.11624900,08-09-2019 08:30,"","","","","",""
182,BHIMA AT NARSINGPUR (D/S AF.CONFL.WITH R.NIRA) NARSINGPUR MALSHIROS SOLAPUR,CPCB,27,Maharashtra,490,Pune,INDAPUR,-,-,-,-,-,-,-,-,17.98584500,75.11624900,06-10-2019 08:30,"","","","","",""
183,BHIMA AT NARSINGPUR (D/S AF.CONFL.WITH R.NIRA) NARSINGPUR MALSHIROS SOLAPUR,CPCB,27,Maharashtra,490,Pune,INDAPUR,-,-,-,-,-,-,-,-,17.98584500,75.11624900,08-11-2019 08:30,"","","","","",""
184,BHIMA AT NARSINGPUR (D/S AF.CONFL.WITH R.NIRA) NARSINGPUR MALSHIROS SOLAPUR,CPCB,27,Maharashtra,490,Pune,INDAPUR,-,-,-,-,-,-,-,-,17.98584500,75.11624900,08-12-2019 08:30,"","","","","",""
185,BHIMA AT PARGAON (AFTER CONFL.WITH MULA MUTHA)PARGAON DAUND PUNE,CPCB,27,Maharashtra,490,Pune,DAUND,-,-,-,-,-,-,-,-,18.56030300,74.37332000,09-01-2018 08:30,"","","","","",""
186,BHIMA AT PARGAON (AFTER CONFL.WITH MULA MUTHA)PARGAON DAUND PUNE,CPCB,27,Maharashtra,490,Pune,DAUND,-,-,-,-,-,-,-,-,18.56030300,74.37332000,05-02-2018 08:30,"","","","","",""
187,BHIMA AT PARGAON (AFTER CONFL.WITH MULA MUTHA)PARGAON DAUND PUNE,CPCB,27,Maharashtra,490,Pune,DAUND,-,-,-,-,-,-,-,-,18.56030300,74.37332000,07-03-2018 08:30,"","","","","",""
188,BHIMA AT PARGAON (AFTER CONFL.WITH MULA MUTHA)PARGAON DAUND PUNE,CPCB,27,Maharashtra,490,Pune,DAUND,-,-,-,-,-,-,-,-,18.56030300,74.37332000,02-04-2018 08:30,"","","","","",""
189,BHIMA AT PARGAON (AFTER CONFL.WITH MULA MUTHA)PARGAON DAUND PUNE,CPCB,27,Maharashtra,490,Pune,DAUND,-,-,-,-,-,-,-,-,18.56030300,74.37332000,03-05-2018 08:30,"","","","","",""
190,BHIMA AT PARGAON (AFTER CONFL.WITH MULA MUTHA)PARGAON DAUND PUNE,CPCB,27,Maharashtra,490,Pune,DAUND,-,-,-,-,-,-,-,-,18.56030300,74.37332000,03-06-2018 08:30,"","","","","",""
191,BHIMA AT PARGAON (AFTER CONFL.WITH MULA MUTHA)PARGAON DAUND PUNE,CPCB,27,Maharashtra,490,Pune,DAUND,-,-,-,-,-,-,-,-,18.56030300,74.37332000,02-07-2018 08:30,"","","","","",""
192,BHIMA AT PARGAON (AFTER CONFL.WITH MULA MUTHA)PARGAON DAUND PUNE,CPCB,27,Maharashtra,490,Pune,DAUND,-,-,-,-,-,-,-,-,18.56030300,74.37332000,02-08-2018 08:30,"","","","","",""
193,BHIMA AT PARGAON (AFTER CONFL.WITH MULA MUTHA)PARGAON DAUND PUNE,CPCB,27,Maharashtra,490,Pune,DAUND,-,-,-,-,-,-,-,-,18.56030300,74.37332000,03-09-2018 08:30,"","","","","",""
194,BHIMA AT PARGAON (AFTER CONFL.WITH MULA MUTHA)PARGAON DAUND PUNE,CPCB,27,Maharashtra,490,Pune,DAUND,-,-,-,-,-,-,-,-,18.56030300,74.37332000,02-10-2018 08:30,"","","","","",""
195,BHIMA AT PARGAON (AFTER CONFL.WITH MULA MUTHA)PARGAON DAUND PUNE,CPCB,27,Maharashtra,490,Pune,DAUND,-,-,-,-,-,-,-,-,18.56030300,74.37332000,04-11-2018 08:30,"","","","","",""
196,BHIMA AT PARGAON (AFTER CONFL.WITH MULA MUTHA)PARGAON DAUND PUNE,CPCB,27,Maharashtra,490,Pune,DAUND,-,-,-,-,-,-,-,-,18.56030300,74.37332000,10-12-2018 08:30,"","","","","",""
197,BHIMA AT PARGAON (AFTER CONFL.WITH MULA MUTHA)PARGAON DAUND PUNE,CPCB,27,Maharashtra,490,Pune,DAUND,-,-,-,-,-,-,-,-,18.56030300,74.37332000,02-01-2019 08:30,"","","","","",""
198,BHIMA AT PARGAON (AFTER CONFL.WITH MULA MUTHA)PARGAON DAUND PUNE,CPCB,27,Maharashtra,490,Pune,DAUND,-,-,-,-,-,-,-,-,18.56030300,74.37332000,06-02-2019 08:30,"","","","","",""
199,BHIMA AT PARGAON (AFTER CONFL.WITH MULA MUTHA)PARGAON DAUND PUNE,CPCB,27,Maharashtra,490,Pune,DAUND,-,-,-,-,-,-,-,-,18.56030300,74.37332000,06-03-2019 08:30,"","","","","",""
200,BHIMA AT PARGAON (AFTER CONFL.WITH MULA MUTHA)PARGAON DAUND PUNE,CPCB,27,Maharashtra,490,Pune,DAUND,-,-,-,-,-,-,-,-,18.56030300,74.37332000,02-04-2019 08:30,"","","","","",""
201,BHIMA AT PARGAON (AFTER CONFL.WITH MULA MUTHA)PARGAON DAUND PUNE,CPCB,27,Maharashtra,490,Pune,DAUND,-,-,-,-,-,-,-,-,18.56030300,74.37332000,03-05-2019 08:30,"","","","","",""
202,BHIMA AT PARGAON (AFTER CONFL.WITH MULA MUTHA)PARGAON DAUND PUNE,CPCB,27,Maharashtra,490,Pune,DAUND,-,-,-,-,-,-,-,-,18.56030300,74.37332000,03-06-2019 08:30,"","","","","",""
203,BHIMA AT PARGAON (AFTER CONFL.WITH MULA MUTHA)PARGAON DAUND PUNE,CPCB,27,Maharashtra,490,Pune,DAUND,-,-,-,-,-,-,-,-,18.56030300,74.37332000,07-07-2019 08:30,"","","","","",""
204,BHIMA AT PARGAON (AFTER CONFL.WITH MULA MUTHA)PARGAON DAUND PUNE,CPCB,27,Maharashtra,490,Pune,DAUND,-,-,-,-,-,-,-,-,18.56030300,74.37332000,04-08-2019 08:30,"","","","","",""
205,BHIMA AT PARGAON (AFTER CONFL.WITH MULA MUTHA)PARGAON DAUND PUNE,CPCB,27,Maharashtra,490,Pune,DAUND,-,-,-,-,-,-,-,-,18.56030300,74.37332000,02-09-2019 08:30,"","","","","",""
206,BHIMA AT PARGAON (AFTER CONFL.WITH MULA MUTHA)PARGAON DAUND PUNE,CPCB,27,Maharashtra,490,Pune,DAUND,-,-,-,-,-,-,-,-,18.56030300,74.37332000,07-10-2019 08:30,"","","","","",""
207,BHIMA AT PARGAON (AFTER CONFL.WITH MULA MUTHA)PARGAON DAUND PUNE,CPCB,27,Maharashtra,490,Pune,DAUND,-,-,-,-,-,-,-,-,18.56030300,74.37332000,04-11-2019 08:30,"","","","","",""
208,BHIMA AT PARGAON (AFTER CONFL.WITH MULA MUTHA)PARGAON DAUND PUNE,CPCB,27,Maharashtra,490,Pune,DAUND,-,-,-,-,-,-,-,-,18.56030300,74.37332000,09-12-2019 08:30,"","","","","",""
209,BHIMA AT PUNE D/S OF BUNDGARDEN YERWADA HAWELI PUNE,CPCB,27,Maharashtra,490,Pune,PUNE CITY,-,-,-,-,-,-,-,-,18.54325000,73.88503600,04-01-2018 08:30,"","","","","",""
210,BHIMA AT PUNE D/S OF BUNDGARDEN YERWADA HAWELI PUNE,CPCB,27,Maharashtra,490,Pune,PUNE CITY,-,-,-,-,-,-,-,-,18.54325000,73.88503600,01-02-2018 08:30,"","","","","",""
211,BHIMA AT PUNE D/S OF BUNDGARDEN YERWADA HAWELI PUNE,CPCB,27,Maharashtra,490,Pune,PUNE CITY,-,-,-,-,-,-,-,-,18.54325000,73.88503600,02-03-2018 08:30,"","","","","",""
212,BHIMA AT PUNE D/S OF BUNDGARDEN YERWADA HAWELI PUNE,CPCB,27,Maharashtra,490,Pune,PUNE CITY,-,-,-,-,-,-,-,-,18.54325000,73.88503600,04-04-2018 08:30,"","","","","",""
213,BHIMA AT PUNE D/S OF BUNDGARDEN YERWADA HAWELI PUNE,CPCB,27,Maharashtra,490,Pune,PUNE CITY,-,-,-,-,-,-,-,-,18.54325000,73.88503600,04-05-2018 08:30,"","","","","",""
214,BHIMA AT PUNE D/S OF BUNDGARDEN YERWADA HAWELI PUNE,CPCB,27,Maharashtra,490,Pune,PUNE CITY,-,-,-,-,-,-,-,-,18.54325000,73.88503600,10-06-2018 08:30,"","","","","",""
215,BHIMA AT PUNE D/S OF BUNDGARDEN YERWADA HAWELI PUNE,CPCB,27,Maharashtra,490,Pune,PUNE CITY,-,-,-,-,-,-,-,-,18.54325000,73.88503600,03-07-2018 08:30,"","","","","",""
216,BHIMA AT PUNE D/S OF BUNDGARDEN YERWADA HAWELI PUNE,CPCB,27,Maharashtra,490,Pune,PUNE CITY,-,-,-,-,-,-,-,-,18.54325000,73.88503600,03-08-2018 08:30,"","","","","",""
217,BHIMA AT PUNE D/S OF BUNDGARDEN YERWADA HAWELI PUNE,CPCB,27,Maharashtra,490,Pune,PUNE CITY,-,-,-,-,-,-,-,-,18.54325000,73.88503600,09-09-2018 08:30,"","","","","",""
218,BHIMA AT PUNE D/S OF BUNDGARDEN YERWADA HAWELI PUNE,CPCB,27,Maharashtra,490,Pune,PUNE CITY,-,-,-,-,-,-,-,-,18.54325000,73.88503600,05-10-2018 08:30,"","","","","",""
219,BHIMA AT PUNE D/S OF BUNDGARDEN YERWADA HAWELI PUNE,CPCB,27,Maharashtra,490,Pune,PUNE CITY,-,-,-,-,-,-,-,-,18.54325000,73.88503600,03-11-2018 08:30,"","","","","",""
220,BHIMA AT PUNE D/S OF BUNDGARDEN YERWADA HAWELI PUNE,CPCB,27,Maharashtra,490,Pune,PUNE CITY,-,-,-,-,-,-,-,-,18.54325000,73.88503600,05-12-2018 08:30,"","","","","",""
221,BHIMA AT PUNE D/S OF BUNDGARDEN YERWADA HAWELI PUNE,CPCB,27,Maharashtra,490,Pune,PUNE CITY,-,-,-,-,-,-,-,-,18.54325000,73.88503600,04-01-2019 08:30,"","","","","",""
222,BHIMA AT PUNE D/S OF BUNDGARDEN YERWADA HAWELI PUNE,CPCB,27,Maharashtra,490,Pune,PUNE CITY,-,-,-,-,-,-,-,-,18.54325000,73.88503600,05-02-2019 08:30,"","","","","",""
223,BHIMA AT PUNE D/S OF BUNDGARDEN YERWADA HAWELI PUNE,CPCB,27,Maharashtra,490,Pune,PUNE CITY,-,-,-,-,-,-,-,-,18.54325000,73.88503600,06-03-2019 08:30,"","","","","",""
224,BHIMA AT PUNE D/S OF BUNDGARDEN YERWADA HAWELI PUNE,CPCB,27,Maharashtra,490,Pune,PUNE CITY,-,-,-,-,-,-,-,-,18.54325000,73.88503600,04-04-2019 08:30,"","","","","",""
225,BHIMA AT PUNE D/S OF BUNDGARDEN YERWADA HAWELI PUNE,CPCB,27,Maharashtra,490,Pune,PUNE CITY,-,-,-,-,-,-,-,-,18.54325000,73.88503600,05-05-2019 08:30,"","","","","",""
226,BHIMA AT PUNE D/S OF BUNDGARDEN YERWADA HAWELI PUNE,CPCB,27,Maharashtra,490,Pune,PUNE CITY,-,-,-,-,-,-,-,-,18.54325000,73.88503600,05-06-2019 08:30,"","","","","",""
227,BHIMA AT PUNE D/S OF BUNDGARDEN YERWADA HAWELI PUNE,CPCB,27,Maharashtra,490,Pune,PUNE CITY,-,-,-,-,-,-,-,-,18.54325000,73.88503600,04-07-2019 08:30,"","","","","",""
228,BHIMA AT PUNE D/S OF BUNDGARDEN YERWADA HAWELI PUNE,CPCB,27,Maharashtra,490,Pune,PUNE CITY,-,-,-,-,-,-,-,-,18.54325000,73.88503600,03-08-2019 08:30,"","","","","",""
229,BHIMA AT PUNE D/S OF BUNDGARDEN YERWADA HAWELI PUNE,CPCB,27,Maharashtra,490,Pune,PUNE CITY,-,-,-,-,-,-,-,-,18.54325000,73.88503600,08-09-2019 08:30,"","","","","",""
230,BHIMA AT PUNE D/S OF BUNDGARDEN YERWADA HAWELI PUNE,CPCB,27,Maharashtra,490,Pune,PUNE CITY,-,-,-,-,-,-,-,-,18.54325000,73.88503600,09-10-2019 08:30,"","","","","",""
231,BHIMA AT PUNE D/S OF BUNDGARDEN YERWADA HAWELI PUNE,CPCB,27,Maharashtra,490,Pune,PUNE CITY,-,-,-,-,-,-,-,-,18.54325000,73.88503600,02-11-2019 08:30,"","","","","",""
232,BHIMA AT PUNE D/S OF BUNDGARDEN YERWADA HAWELI PUNE,CPCB,27,Maharashtra,490,Pune,PUNE CITY,-,-,-,-,-,-,-,-,18.54325000,73.88503600,04-12-2019 08:30,"","","","","",""
233,BHIMA AT PUNE U/S VITHALWADI HAWELI PUNE,CPCB,27,Maharashtra,490,Pune,HAVELI,-,-,-,-,-,-,-,-,18.48187100,73.82956900,04-01-2018 08:30,"","","","","",""
234,BHIMA AT PUNE U/S VITHALWADI HAWELI PUNE,CPCB,27,Maharashtra,490,Pune,HAVELI,-,-,-,-,-,-,-,-,18.48187100,73.82956900,01-02-2018 08:30,"","","","","",""
235,BHIMA AT PUNE U/S VITHALWADI HAWELI PUNE,CPCB,27,Maharashtra,490,Pune,HAVELI,-,-,-,-,-,-,-,-,18.48187100,73.82956900,02-03-2018 08:30,"","","","","",""
236,BHIMA AT PUNE U/S VITHALWADI HAWELI PUNE,CPCB,27,Maharashtra,490,Pune,HAVELI,-,-,-,-,-,-,-,-,18.48187100,73.82956900,04-04-2018 08:30,"","","","","",""
237,BHIMA AT PUNE U/S VITHALWADI HAWELI PUNE,CPCB,27,Maharashtra,490,Pune,HAVELI,-,-,-,-,-,-,-,-,18.48187100,73.82956900,04-05-2018 08:30,"","","","","",""
238,BHIMA AT PUNE U/S VITHALWADI HAWELI PUNE,CPCB,27,Maharashtra,490,Pune,HAVELI,-,-,-,-,-,-,-,-,18.48187100,73.82956900,10-06-2018 08:30,"","","","","",""
239,BHIMA AT PUNE U/S VITHALWADI HAWELI PUNE,CPCB,27,Maharashtra,490,Pune,HAVELI,-,-,-,-,-,-,-,-,18.48187100,73.82956900,03-07-2018 08:30,"","","","","",""
240,BHIMA AT PUNE U/S VITHALWADI HAWELI PUNE,CPCB,27,Maharashtra,490,Pune,HAVELI,-,-,-,-,-,-,-,-,18.48187100,73.82956900,03-08-2018 08:30,"","","","","",""
241,BHIMA AT PUNE U/S VITHALWADI HAWELI PUNE,CPCB,27,Maharashtra,490,Pune,HAVELI,-,-,-,-,-,-,-,-,18.48187100,73.82956900,09-09-2018 08:30,"","","","","",""
242,BHIMA AT PUNE U/S VITHALWADI HAWELI PUNE,CPCB,27,Maharashtra,490,Pune,HAVELI,-,-,-,-,-,-,-,-,18.48187100,73.82956900,05-10-2018 08:30,"","","","","",""
243,BHIMA AT PUNE U/S VITHALWADI HAWELI PUNE,CPCB,27,Maharashtra,490,Pune,HAVELI,-,-,-,-,-,-,-,-,18.48187100,73.82956900,02-11-2018 08:30,"","","","","",""
244,BHIMA AT PUNE U/S VITHALWADI HAWELI PUNE,CPCB,27,Maharashtra,490,Pune,HAVELI,-,-,-,-,-,-,-,-,18.48187100,73.82956900,06-12-2018 08:30,"","","","","",""
245,BHIMA AT PUNE U/S VITHALWADI HAWELI PUNE,CPCB,27,Maharashtra,490,Pune,HAVELI,-,-,-,-,-,-,-,-,18.48187100,73.82956900,05-01-2019 08:30,"","","","","",""
246,BHIMA AT PUNE U/S VITHALWADI HAWELI PUNE,CPCB,27,Maharashtra,490,Pune,HAVELI,-,-,-,-,-,-,-,-,18.48187100,73.82956900,03-02-2019 08:30,"","","","","",""
247,BHIMA AT PUNE U/S VITHALWADI HAWELI PUNE,CPCB,27,Maharashtra,490,Pune,HAVELI,-,-,-,-,-,-,-,-,18.48187100,73.82956900,01-03-2019 08:30,"","","","","",""
248,BHIMA AT PUNE U/S VITHALWADI HAWELI PUNE,CPCB,27,Maharashtra,490,Pune,HAVELI,-,-,-,-,-,-,-,-,18.48187100,73.82956900,04-04-2019 08:30,"","","","","",""
249,BHIMA AT PUNE U/S VITHALWADI HAWELI PUNE,CPCB,27,Maharashtra,490,Pune,HAVELI,-,-,-,-,-,-,-,-,18.48187100,73.82956900,05-05-2019 08:30,"","","","","",""
250,BHIMA AT PUNE U/S VITHALWADI HAWELI PUNE,CPCB,27,Maharashtra,490,Pune,HAVELI,-,-,-,-,-,-,-,-,18.48187100,73.82956900,05-06-2019 08:30,"","","","","",""
251,BHIMA AT PUNE U/S VITHALWADI HAWELI PUNE,CPCB,27,Maharashtra,490,Pune,HAVELI,-,-,-,-,-,-,-,-,18.48187100,73.82956900,02-07-2019 08:30,"","","","","",""
252,BHIMA AT PUNE U/S VITHALWADI HAWELI PUNE,CPCB,27,Maharashtra,490,Pune,HAVELI,-,-,-,-,-,-,-,-,18.48187100,73.82956900,03-08-2019 08:30,"","","","","",""
253,BHIMA AT PUNE U/S VITHALWADI HAWELI PUNE,CPCB,27,Maharashtra,490,Pune,HAVELI,-,-,-,-,-,-,-,-,18.48187100,73.82956900,08-09-2019 08:30,"","","","","",""
254,BHIMA AT PUNE U/S VITHALWADI HAWELI PUNE,CPCB,27,Maharashtra,490,Pune,HAVELI,-,-,-,-,-,-,-,-,18.48187100,73.82956900,09-10-2019 08:30,"","","","","",""
255,BHIMA AT PUNE U/S VITHALWADI HAWELI PUNE,CPCB,27,Maharashtra,490,Pune,HAVELI,-,-,-,-,-,-,-,-,18.48187100,73.82956900,02-11-2019 08:30,"","","","","",""
256,BHIMA AT PUNE U/S VITHALWADI HAWELI PUNE,CPCB,27,Maharashtra,490,Pune,HAVELI,-,-,-,-,-,-,-,-,18.48187100,73.82956900,04-12-2019 08:30,"","","","","",""
257,BHIMA AT TAKLI SOLAPUR (MAHARASHTRA),CPCB,27,Maharashtra,496,Solapur,PANDHARPUR,-,-,-,-,-,-,-,-,17.64219000,75.52204000,20-12-2018 08:30,"","","","","",""
258,BHIMA AT TAKLI SOUTH SOLAPUR SOLAPUR,CPCB,27,Maharashtra,496,Solapur,MOHOL,-,-,-,-,-,-,-,-,17.70373400,75.54460400,07-01-2018 08:30,"","","","","",""
259,BHIMA AT TAKLI SOUTH SOLAPUR SOLAPUR,CPCB,27,Maharashtra,496,Solapur,MOHOL,-,-,-,-,-,-,-,-,17.70373400,75.54460400,04-02-2018 08:30,"","","","","",""
260,BHIMA AT TAKLI SOUTH SOLAPUR SOLAPUR,CPCB,27,Maharashtra,496,Solapur,MOHOL,-,-,-,-,-,-,-,-,17.70373400,75.54460400,04-03-2018 08:30,"","","","","",""
261,BHIMA AT TAKLI SOUTH SOLAPUR SOLAPUR,CPCB,27,Maharashtra,496,Solapur,MOHOL,-,-,-,-,-,-,-,-,17.70373400,75.54460400,05-04-2018 08:30,"","","","","",""
262,BHIMA AT TAKLI SOUTH SOLAPUR SOLAPUR,CPCB,27,Maharashtra,496,Solapur,MOHOL,-,-,-,-,-,-,-,-,17.70373400,75.54460400,04-05-2018 08:30,"","","","","",""
263,BHIMA AT TAKLI SOUTH SOLAPUR SOLAPUR,CPCB,27,Maharashtra,496,Solapur,MOHOL,-,-,-,-,-,-,-,-,17.70373400,75.54460400,11-06-2018 08:30,"","","","","",""
264,BHIMA AT TAKLI SOUTH SOLAPUR SOLAPUR,CPCB,27,Maharashtra,496,Solapur,MOHOL,-,-,-,-,-,-,-,-,17.70373400,75.54460400,09-07-2018 08:30,"","","","","",""
265,BHIMA AT TAKLI SOUTH SOLAPUR SOLAPUR,CPCB,27,Maharashtra,496,Solapur,MOHOL,-,-,-,-,-,-,-,-,17.70373400,75.54460400,07-08-2018 08:30,"","","","","",""
266,BHIMA AT TAKLI SOUTH SOLAPUR SOLAPUR,CPCB,27,Maharashtra,496,Solapur,MOHOL,-,-,-,-,-,-,-,-,17.70373400,75.54460400,09-09-2018 08:30,"","","","","",""
267,BHIMA AT TAKLI SOUTH SOLAPUR SOLAPUR,CPCB,27,Maharashtra,496,Solapur,MOHOL,-,-,-,-,-,-,-,-,17.70373400,75.54460400,05-10-2018 08:30,"","","","","",""
268,BHIMA AT TAKLI SOUTH SOLAPUR SOLAPUR,CPCB,27,Maharashtra,496,Solapur,MOHOL,-,-,-,-,-,-,-,-,17.70373400,75.54460400,02-11-2018 08:30,"","","","","",""
269,BHIMA AT TAKLI SOUTH SOLAPUR SOLAPUR,CPCB,27,Maharashtra,496,Solapur,MOHOL,-,-,-,-,-,-,-,-,17.70373400,75.54460400,06-12-2018 08:30,"","","","","",""
270,BHIMA AT TAKLI SOUTH SOLAPUR SOLAPUR,CPCB,27,Maharashtra,496,Solapur,MOHOL,-,-,-,-,-,-,-,-,17.70373400,75.54460400,07-01-2019 08:30,"","","","","",""
271,BHIMA AT TAKLI SOUTH SOLAPUR SOLAPUR,CPCB,27,Maharashtra,496,Solapur,MOHOL,-,-,-,-,-,-,-,-,17.70373400,75.54460400,04-02-2019 08:30,"","","","","",""
272,BHIMA AT TAKLI SOUTH SOLAPUR SOLAPUR,CPCB,27,Maharashtra,496,Solapur,MOHOL,-,-,-,-,-,-,-,-,17.70373400,75.54460400,06-03-2019 08:30,"","","","","",""
273,BHIMA AT TAKLI SOUTH SOLAPUR SOLAPUR,CPCB,27,Maharashtra,496,Solapur,MOHOL,-,-,-,-,-,-,-,-,17.70373400,75.54460400,08-04-2019 08:30,"","","","","",""
274,BHIMA AT TAKLI SOUTH SOLAPUR SOLAPUR,CPCB,27,Maharashtra,496,Solapur,MOHOL,-,-,-,-,-,-,-,-,17.70373400,75.54460400,03-05-2019 08:30,"","","","","",""
275,BHIMA AT TAKLI SOUTH SOLAPUR SOLAPUR,CPCB,27,Maharashtra,496,Solapur,MOHOL,-,-,-,-,-,-,-,-,17.70373400,75.54460400,10-06-2019 08:30,"","","","","",""
276,BHIMA AT TAKLI SOUTH SOLAPUR SOLAPUR,CPCB,27,Maharashtra,496,Solapur,MOHOL,-,-,-,-,-,-,-,-,17.70373400,75.54460400,08-07-2019 08:30,"","","","","",""
277,BHIMA AT TAKLI SOUTH SOLAPUR SOLAPUR,CPCB,27,Maharashtra,496,Solapur,MOHOL,-,-,-,-,-,-,-,-,17.70373400,75.54460400,08-08-2019 08:30,"","","","","",""
278,BHIMA AT TAKLI SOUTH SOLAPUR SOLAPUR,CPCB,27,Maharashtra,496,Solapur,MOHOL,-,-,-,-,-,-,-,-,17.70373400,75.54460400,08-09-2019 08:30,"","","","","",""
279,BHIMA AT TAKLI SOUTH SOLAPUR SOLAPUR,CPCB,27,Maharashtra,496,Solapur,MOHOL,-,-,-,-,-,-,-,-,17.70373400,75.54460400,06-10-2019 08:30,"","","","","",""
280,BHIMA AT TAKLI SOUTH SOLAPUR SOLAPUR,CPCB,27,Maharashtra,496,Solapur,MOHOL,-,-,-,-,-,-,-,-,17.70373400,75.54460400,08-11-2019 08:30,"","","","","",""
281,BHIMA AT TAKLI SOUTH SOLAPUR SOLAPUR,CPCB,27,Maharashtra,496,Solapur,MOHOL,-,-,-,-,-,-,-,-,17.70373400,75.54460400,08-12-2019 08:30,"","","","","",""
282,BHIMA RIVER AT KOREGAON NEAR KOREGAON BRIDGE SHIRUR PUNE,CPCB,27,Maharashtra,490,Pune,HAVELI,-,-,-,-,-,-,-,-,18.64571900,74.05644200,05-01-2018 08:30,"","","","","",""
283,BHIMA RIVER AT KOREGAON NEAR KOREGAON BRIDGE SHIRUR PUNE,CPCB,27,Maharashtra,490,Pune,HAVELI,-,-,-,-,-,-,-,-,18.64571900,74.05644200,03-02-2018 08:30,"","","","","",""
284,BHIMA RIVER AT KOREGAON NEAR KOREGAON BRIDGE SHIRUR PUNE,CPCB,27,Maharashtra,490,Pune,HAVELI,-,-,-,-,-,-,-,-,18.64571900,74.05644200,03-03-2018 08:30,"","","","","",""
285,BHIMA RIVER AT KOREGAON NEAR KOREGAON BRIDGE SHIRUR PUNE,CPCB,27,Maharashtra,490,Pune,HAVELI,-,-,-,-,-,-,-,-,18.64571900,74.05644200,04-04-2018 08:30,"","","","","",""
286,BHIMA RIVER AT KOREGAON NEAR KOREGAON BRIDGE SHIRUR PUNE,CPCB,27,Maharashtra,490,Pune,HAVELI,-,-,-,-,-,-,-,-,18.64571900,74.05644200,03-05-2018 08:30,"","","","","",""
287,BHIMA RIVER AT KOREGAON NEAR KOREGAON BRIDGE SHIRUR PUNE,CPCB,27,Maharashtra,490,Pune,HAVELI,-,-,-,-,-,-,-,-,18.64571900,74.05644200,02-06-2018 08:30,"","","","","",""
288,BHIMA RIVER AT KOREGAON NEAR KOREGAON BRIDGE SHIRUR PUNE,CPCB,27,Maharashtra,490,Pune,HAVELI,-,-,-,-,-,-,-,-,18.64571900,74.05644200,05-07-2018 08:30,"","","","","",""
289,BHIMA RIVER AT KOREGAON NEAR KOREGAON BRIDGE SHIRUR PUNE,CPCB,27,Maharashtra,490,Pune,HAVELI,-,-,-,-,-,-,-,-,18.64571900,74.05644200,02-08-2018 08:30,"","","","","",""
290,BHIMA RIVER AT KOREGAON NEAR KOREGAON BRIDGE SHIRUR PUNE,CPCB,27,Maharashtra,490,Pune,HAVELI,-,-,-,-,-,-,-,-,18.64571900,74.05644200,04-09-2018 08:30,"","","","","",""
291,BHIMA RIVER AT KOREGAON NEAR KOREGAON BRIDGE SHIRUR PUNE,CPCB,27,Maharashtra,490,Pune,HAVELI,-,-,-,-,-,-,-,-,18.64571900,74.05644200,04-10-2018 08:30,"","","","","",""
292,BHIMA RIVER AT KOREGAON NEAR KOREGAON BRIDGE SHIRUR PUNE,CPCB,27,Maharashtra,490,Pune,HAVELI,-,-,-,-,-,-,-,-,18.64571900,74.05644200,03-11-2018 08:30,"","","","","",""
293,BHIMA RIVER AT KOREGAON NEAR KOREGAON BRIDGE SHIRUR PUNE,CPCB,27,Maharashtra,490,Pune,HAVELI,-,-,-,-,-,-,-,-,18.64571900,74.05644200,01-12-2018 08:30,"","","","","",""
294,BHIMA RIVER AT KOREGAON NEAR KOREGAON BRIDGE SHIRUR PUNE,CPCB,27,Maharashtra,490,Pune,HAVELI,-,-,-,-,-,-,-,-,18.64571900,74.05644200,04-01-2019 08:30,"","","","","",""
295,BHIMA RIVER AT KOREGAON NEAR KOREGAON BRIDGE SHIRUR PUNE,CPCB,27,Maharashtra,490,Pune,HAVELI,-,-,-,-,-,-,-,-,18.64571900,74.05644200,05-02-2019 08:30,"","","","","",""
296,BHIMA RIVER AT KOREGAON NEAR KOREGAON BRIDGE SHIRUR PUNE,CPCB,27,Maharashtra,490,Pune,HAVELI,-,-,-,-,-,-,-,-,18.64571900,74.05644200,05-03-2019 08:30,"","","","","",""
297,BHIMA RIVER AT KOREGAON NEAR KOREGAON BRIDGE SHIRUR PUNE,CPCB,27,Maharashtra,490,Pune,HAVELI,-,-,-,-,-,-,-,-,18.64571900,74.05644200,04-04-2019 08:30,"","","","","",""
298,BHIMA RIVER AT KOREGAON NEAR KOREGAON BRIDGE SHIRUR PUNE,CPCB,27,Maharashtra,490,Pune,HAVELI,-,-,-,-,-,-,-,-,18.64571900,74.05644200,03-05-2019 08:30,"","","","","",""
299,BHIMA RIVER AT KOREGAON NEAR KOREGAON BRIDGE SHIRUR PUNE,CPCB,27,Maharashtra,490,Pune,HAVELI,-,-,-,-,-,-,-,-,18.64571900,74.05644200,04-06-2019 08:30,"","","","","",""
300,BHIMA RIVER AT KOREGAON NEAR KOREGAON BRIDGE SHIRUR PUNE,CPCB,27,Maharashtra,490,Pune,HAVELI,-,-,-,-,-,-,-,-,18.64571900,74.05644200,07-07-2019 08:30,"","","","","",""
301,BHIMA RIVER AT KOREGAON NEAR KOREGAON BRIDGE SHIRUR PUNE,CPCB,27,Maharashtra,490,Pune,HAVELI,-,-,-,-,-,-,-,-,18.64571900,74.05644200,01-08-2019 08:30,"","","","","",""
302,BHIMA RIVER AT KOREGAON NEAR KOREGAON BRIDGE SHIRUR PUNE,CPCB,27,Maharashtra,490,Pune,HAVELI,-,-,-,-,-,-,-,-,18.64571900,74.05644200,07-09-2019 08:30,"","","","","",""
303,BHIMA RIVER AT KOREGAON NEAR KOREGAON BRIDGE SHIRUR PUNE,CPCB,27,Maharashtra,490,Pune,HAVELI,-,-,-,-,-,-,-,-,18.64571900,74.05644200,04-10-2019 08:30,"","","","","",""
304,BHIMA RIVER AT KOREGAON NEAR KOREGAON BRIDGE SHIRUR PUNE,CPCB,27,Maharashtra,490,Pune,HAVELI,-,-,-,-,-,-,-,-,18.64571900,74.05644200,04-11-2019 08:30,"","","","","",""
305,BHIMA RIVER AT KOREGAON NEAR KOREGAON BRIDGE SHIRUR PUNE,CPCB,27,Maharashtra,490,Pune,HAVELI,-,-,-,-,-,-,-,-,18.64571900,74.05644200,05-12-2019 08:30,"","","","","",""
306,BHIMA RIVER-BACKWATER OF UJANI DAM NEAR RAW WATER PUMP HOUSE KUMBARGAON INDAPUR PUNE,CPCB,27,Maharashtra,490,Pune,INDAPUR,-,-,-,-,-,-,-,-,18.20206100,75.08898900,07-01-2018 08:30,"","","","","",""
307,BHIMA RIVER-BACKWATER OF UJANI DAM NEAR RAW WATER PUMP HOUSE KUMBARGAON INDAPUR PUNE,CPCB,27,Maharashtra,490,Pune,INDAPUR,-,-,-,-,-,-,-,-,18.20206100,75.08898900,04-02-2018 08:30,"","","","","",""
308,BHIMA RIVER-BACKWATER OF UJANI DAM NEAR RAW WATER PUMP HOUSE KUMBARGAON INDAPUR PUNE,CPCB,27,Maharashtra,490,Pune,INDAPUR,-,-,-,-,-,-,-,-,18.20206100,75.08898900,04-03-2018 08:30,"","","","","",""
309,BHIMA RIVER-BACKWATER OF UJANI DAM NEAR RAW WATER PUMP HOUSE KUMBARGAON INDAPUR PUNE,CPCB,27,Maharashtra,490,Pune,INDAPUR,-,-,-,-,-,-,-,-,18.20206100,75.08898900,01-04-2018 08:30,"","","","","",""
310,BHIMA RIVER-BACKWATER OF UJANI DAM NEAR RAW WATER PUMP HOUSE KUMBARGAON INDAPUR PUNE,CPCB,27,Maharashtra,490,Pune,INDAPUR,-,-,-,-,-,-,-,-,18.20206100,75.08898900,06-05-2018 08:30,"","","","","",""
311,BHIMA RIVER-BACKWATER OF UJANI DAM NEAR RAW WATER PUMP HOUSE KUMBARGAON INDAPUR PUNE,CPCB,27,Maharashtra,490,Pune,INDAPUR,-,-,-,-,-,-,-,-,18.20206100,75.08898900,03-06-2018 08:30,"","","","","",""
312,BHIMA RIVER-BACKWATER OF UJANI DAM NEAR RAW WATER PUMP HOUSE KUMBARGAON INDAPUR PUNE,CPCB,27,Maharashtra,490,Pune,INDAPUR,-,-,-,-,-,-,-,-,18.20206100,75.08898900,01-07-2018 08:30,"","","","","",""
313,BHIMA RIVER-BACKWATER OF UJANI DAM NEAR RAW WATER PUMP HOUSE KUMBARGAON INDAPUR PUNE,CPCB,27,Maharashtra,490,Pune,INDAPUR,-,-,-,-,-,-,-,-,18.20206100,75.08898900,05-08-2018 08:30,"","","","","",""
314,BHIMA RIVER-BACKWATER OF UJANI DAM NEAR RAW WATER PUMP HOUSE KUMBARGAON INDAPUR PUNE,CPCB,27,Maharashtra,490,Pune,INDAPUR,-,-,-,-,-,-,-,-,18.20206100,75.08898900,06-09-2018 08:30,"","","","","",""
315,BHIMA RIVER-BACKWATER OF UJANI DAM NEAR RAW WATER PUMP HOUSE KUMBARGAON INDAPUR PUNE,CPCB,27,Maharashtra,490,Pune,INDAPUR,-,-,-,-,-,-,-,-,18.20206100,75.08898900,02-10-2018 08:30,"","","","","",""
316,BHIMA RIVER-BACKWATER OF UJANI DAM NEAR RAW WATER PUMP HOUSE KUMBARGAON INDAPUR PUNE,CPCB,27,Maharashtra,490,Pune,INDAPUR,-,-,-,-,-,-,-,-,18.20206100,75.08898900,04-11-2018 08:30,"","","","","",""
317,BHIMA RIVER-BACKWATER OF UJANI DAM NEAR RAW WATER PUMP HOUSE KUMBARGAON INDAPUR PUNE,CPCB,27,Maharashtra,490,Pune,INDAPUR,-,-,-,-,-,-,-,-,18.20206100,75.08898900,04-12-2018 08:30,"","","","","",""
318,BHIMA RIVER-BACKWATER OF UJANI DAM NEAR RAW WATER PUMP HOUSE KUMBARGAON INDAPUR PUNE,CPCB,27,Maharashtra,490,Pune,INDAPUR,-,-,-,-,-,-,-,-,18.20206100,75.08898900,02-01-2019 08:30,"","","","","",""
319,BHIMA RIVER-BACKWATER OF UJANI DAM NEAR RAW WATER PUMP HOUSE KUMBARGAON INDAPUR PUNE,CPCB,27,Maharashtra,490,Pune,INDAPUR,-,-,-,-,-,-,-,-,18.20206100,75.08898900,06-02-2019 08:30,"","","","","",""
320,BHIMA RIVER-BACKWATER OF UJANI DAM NEAR RAW WATER PUMP HOUSE KUMBARGAON INDAPUR PUNE,CPCB,27,Maharashtra,490,Pune,INDAPUR,-,-,-,-,-,-,-,-,18.20206100,75.08898900,04-03-2019 08:30,"","","","","",""
321,BHIMA RIVER-BACKWATER OF UJANI DAM NEAR RAW WATER PUMP HOUSE KUMBARGAON INDAPUR PUNE,CPCB,27,Maharashtra,490,Pune,INDAPUR,-,-,-,-,-,-,-,-,18.20206100,75.08898900,02-04-2019 08:30,"","","","","",""
322,BHIMA RIVER-BACKWATER OF UJANI DAM NEAR RAW WATER PUMP HOUSE KUMBARGAON INDAPUR PUNE,CPCB,27,Maharashtra,490,Pune,INDAPUR,-,-,-,-,-,-,-,-,18.20206100,75.08898900,03-05-2019 08:30,"","","","","",""
323,BHIMA RIVER-BACKWATER OF UJANI DAM NEAR RAW WATER PUMP HOUSE KUMBARGAON INDAPUR PUNE,CPCB,27,Maharashtra,490,Pune,INDAPUR,-,-,-,-,-,-,-,-,18.20206100,75.08898900,03-06-2019 08:30,"","","","","",""
324,BHIMA RIVER-BACKWATER OF UJANI DAM NEAR RAW WATER PUMP HOUSE KUMBARGAON INDAPUR PUNE,CPCB,27,Maharashtra,490,Pune,INDAPUR,-,-,-,-,-,-,-,-,18.20206100,75.08898900,07-07-2019 08:30,"","","","","",""
325,BHIMA RIVER-BACKWATER OF UJANI DAM NEAR RAW WATER PUMP HOUSE KUMBARGAON INDAPUR PUNE,CPCB,27,Maharashtra,490,Pune,INDAPUR,-,-,-,-,-,-,-,-,18.20206100,75.08898900,04-08-2019 08:30,"","","","","",""
326,BHIMA RIVER-BACKWATER OF UJANI DAM NEAR RAW WATER PUMP HOUSE KUMBARGAON INDAPUR PUNE,CPCB,27,Maharashtra,490,Pune,INDAPUR,-,-,-,-,-,-,-,-,18.20206100,75.08898900,04-09-2019 08:30,"","","","","",""
327,BHIMA RIVER-BACKWATER OF UJANI DAM NEAR RAW WATER PUMP HOUSE KUMBARGAON INDAPUR PUNE,CPCB,27,Maharashtra,490,Pune,INDAPUR,-,-,-,-,-,-,-,-,18.20206100,75.08898900,07-10-2019 08:30,"","","","","",""
328,BHIMA RIVER-BACKWATER OF UJANI DAM NEAR RAW WATER PUMP HOUSE KUMBARGAON INDAPUR PUNE,CPCB,27,Maharashtra,490,Pune,INDAPUR,-,-,-,-,-,-,-,-,18.20206100,75.08898900,03-11-2019 08:30,"","","","","",""
329,BHIMA RIVER-BACKWATER OF UJANI DAM NEAR RAW WATER PUMP HOUSE KUMBARGAON INDAPUR PUNE,CPCB,27,Maharashtra,490,Pune,INDAPUR,-,-,-,-,-,-,-,-,18.20206100,75.08898900,05-12-2019 08:30,"","","","","",""
330,BINDUSARA RIVER AT BEED NEAR INTAKE WATER PUMP HOUSE AT DAM PALIGAON BEED BEED,CPCB,27,Maharashtra,470,Beed,BEED,-,-,-,-,-,-,-,-,18.91651100,75.74388900,03-01-2018 08:30,"","","","","",""
331,BINDUSARA RIVER AT BEED NEAR INTAKE WATER PUMP HOUSE AT DAM PALIGAON BEED BEED,CPCB,27,Maharashtra,470,Beed,BEED,-,-,-,-,-,-,-,-,18.91651100,75.74388900,02-02-2018 08:30,"","","","","",""
332,BINDUSARA RIVER AT BEED NEAR INTAKE WATER PUMP HOUSE AT DAM PALIGAON BEED BEED,CPCB,27,Maharashtra,470,Beed,BEED,-,-,-,-,-,-,-,-,18.91651100,75.74388900,01-03-2018 08:30,"","","","","",""
333,BINDUSARA RIVER AT BEED NEAR INTAKE WATER PUMP HOUSE AT DAM PALIGAON BEED BEED,CPCB,27,Maharashtra,470,Beed,BEED,-,-,-,-,-,-,-,-,18.91651100,75.74388900,06-04-2018 08:30,"","","","","",""
334,BINDUSARA RIVER AT BEED NEAR INTAKE WATER PUMP HOUSE AT DAM PALIGAON BEED BEED,CPCB,27,Maharashtra,470,Beed,BEED,-,-,-,-,-,-,-,-,18.91651100,75.74388900,07-05-2018 08:30,"","","","","",""
335,BINDUSARA RIVER AT BEED NEAR INTAKE WATER PUMP HOUSE AT DAM PALIGAON BEED BEED,CPCB,27,Maharashtra,470,Beed,BEED,-,-,-,-,-,-,-,-,18.91651100,75.74388900,02-06-2018 08:30,"","","","","",""
336,BINDUSARA RIVER AT BEED NEAR INTAKE WATER PUMP HOUSE AT DAM PALIGAON BEED BEED,CPCB,27,Maharashtra,470,Beed,BEED,-,-,-,-,-,-,-,-,18.91651100,75.74388900,02-07-2018 08:30,"","","","","",""
337,BINDUSARA RIVER AT BEED NEAR INTAKE WATER PUMP HOUSE AT DAM PALIGAON BEED BEED,CPCB,27,Maharashtra,470,Beed,BEED,-,-,-,-,-,-,-,-,18.91651100,75.74388900,03-08-2018 08:30,"","","","","",""
338,BINDUSARA RIVER AT BEED NEAR INTAKE WATER PUMP HOUSE AT DAM PALIGAON BEED BEED,CPCB,27,Maharashtra,470,Beed,BEED,-,-,-,-,-,-,-,-,18.91651100,75.74388900,01-09-2018 08:30,"","","","","",""
339,BINDUSARA RIVER AT BEED NEAR INTAKE WATER PUMP HOUSE AT DAM PALIGAON BEED BEED,CPCB,27,Maharashtra,470,Beed,BEED,-,-,-,-,-,-,-,-,18.91651100,75.74388900,03-10-2018 08:30,"","","","","",""
340,BINDUSARA RIVER AT BEED NEAR INTAKE WATER PUMP HOUSE AT DAM PALIGAON BEED BEED,CPCB,27,Maharashtra,470,Beed,BEED,-,-,-,-,-,-,-,-,18.91651100,75.74388900,03-11-2018 08:30,"","","","","",""
341,BINDUSARA RIVER AT BEED NEAR INTAKE WATER PUMP HOUSE AT DAM PALIGAON BEED BEED,CPCB,27,Maharashtra,470,Beed,BEED,-,-,-,-,-,-,-,-,18.91651100,75.74388900,04-12-2018 08:30,"","","","","",""
342,BINDUSARA RIVER AT BEED NEAR INTAKE WATER PUMP HOUSE AT DAM PALIGAON BEED BEED,CPCB,27,Maharashtra,470,Beed,BEED,-,-,-,-,-,-,-,-,18.91651100,75.74388900,01-01-2019 08:30,"","","","","",""
343,BINDUSARA RIVER AT BEED NEAR INTAKE WATER PUMP HOUSE AT DAM PALIGAON BEED BEED,CPCB,27,Maharashtra,470,Beed,BEED,-,-,-,-,-,-,-,-,18.91651100,75.74388900,04-02-2019 08:30,"","","","","",""
344,BINDUSARA RIVER AT BEED NEAR INTAKE WATER PUMP HOUSE AT DAM PALIGAON BEED BEED,CPCB,27,Maharashtra,470,Beed,BEED,-,-,-,-,-,-,-,-,18.91651100,75.74388900,02-03-2019 08:30,"","","","","",""
345,BINDUSARA RIVER AT BEED NEAR INTAKE WATER PUMP HOUSE AT DAM PALIGAON BEED BEED,CPCB,27,Maharashtra,470,Beed,BEED,-,-,-,-,-,-,-,-,18.91651100,75.74388900,04-04-2019 08:30,"","","","","",""
346,BINDUSARA RIVER AT BEED NEAR INTAKE WATER PUMP HOUSE AT DAM PALIGAON BEED BEED,CPCB,27,Maharashtra,470,Beed,BEED,-,-,-,-,-,-,-,-,18.91651100,75.74388900,03-05-2019 08:30,"","","","","",""
347,BINDUSARA RIVER AT BEED NEAR INTAKE WATER PUMP HOUSE AT DAM PALIGAON BEED BEED,CPCB,27,Maharashtra,470,Beed,BEED,-,-,-,-,-,-,-,-,18.91651100,75.74388900,03-06-2019 08:30,"","","","","",""
348,BINDUSARA RIVER AT BEED NEAR INTAKE WATER PUMP HOUSE AT DAM PALIGAON BEED BEED,CPCB,27,Maharashtra,470,Beed,BEED,-,-,-,-,-,-,-,-,18.91651100,75.74388900,05-07-2019 08:30,"","","","","",""
349,BINDUSARA RIVER AT BEED NEAR INTAKE WATER PUMP HOUSE AT DAM PALIGAON BEED BEED,CPCB,27,Maharashtra,470,Beed,BEED,-,-,-,-,-,-,-,-,18.91651100,75.74388900,05-08-2019 08:30,"","","","","",""
350,BINDUSARA RIVER AT BEED NEAR INTAKE WATER PUMP HOUSE AT DAM PALIGAON BEED BEED,CPCB,27,Maharashtra,470,Beed,BEED,-,-,-,-,-,-,-,-,18.91651100,75.74388900,05-09-2019 08:30,"","","","","",""
351,BINDUSARA RIVER AT BEED NEAR INTAKE WATER PUMP HOUSE AT DAM PALIGAON BEED BEED,CPCB,27,Maharashtra,470,Beed,BEED,-,-,-,-,-,-,-,-,18.91651100,75.74388900,04-10-2019 08:30,"","","","","",""
352,BINDUSARA RIVER AT BEED NEAR INTAKE WATER PUMP HOUSE AT DAM PALIGAON BEED BEED,CPCB,27,Maharashtra,470,Beed,BEED,-,-,-,-,-,-,-,-,18.91651100,75.74388900,06-11-2019 08:30,"","","","","",""
353,BINDUSARA RIVER AT BEED NEAR INTAKE WATER PUMP HOUSE AT DAM PALIGAON BEED BEED,CPCB,27,Maharashtra,470,Beed,BEED,-,-,-,-,-,-,-,-,18.91651100,75.74388900,04-12-2019 08:30,"","","","","",""
354,BMW SITE BURUDGAON AHMEDNAGAR,CPCB,27,Maharashtra,9999,Ahmadnagar,Nagar,-,-,-,-,-,-,-,-,19.05748800,74.73806300,01-04-2019 08:30,652,"","",1.7,"",""
355,BORE WELL AT BALE RAILWAY STATION PREMISES OWNED BY SHRI DIGAMBAR JOSHI DAHEGAON NORTH SOLAPUR,CPCB,27,Maharashtra,496,Solapur,SOLAPUR NORTH,-,-,-,-,-,-,-,-,17.67622800,75.84531700,16-04-2018 08:30,658,"","","","",""
356,BORE WELL AT BALE RAILWAY STATION PREMISES OWNED BY SHRI DIGAMBAR JOSHI DAHEGAON NORTH SOLAPUR,CPCB,27,Maharashtra,496,Solapur,SOLAPUR NORTH,-,-,-,-,-,-,-,-,17.67622800,75.84531700,17-10-2019 08:30,4405,"","","","",""
357,BORE WELL AT KATPUR NEAR Z.P SCHOOL KATPUR PAITHAN AURANGABAD,CPCB,27,Maharashtra,469,Aurangabad,PAITHAN,-,-,-,-,-,-,-,-,19.52314500,75.38393300,04-04-2019 08:30,20240,"","","","",""
358,BORE WELL AT KATPUR NEAR Z.P SCHOOL KATPUR PAITHAN AURANGABAD,CPCB,27,Maharashtra,469,Aurangabad,PAITHAN,-,-,-,-,-,-,-,-,19.52314500,75.38393300,03-10-2019 08:30,1432,"","","","",""
359,BORE WELL AT MIDC GOKUL-SHIRGAON KARVIR KOLHAPUR,CPCB,27,Maharashtra,480,Kolhapur,KARVIR,-,-,-,-,-,-,-,-,16.64369000,74.29112300,02-04-2018 08:30,834,Colorless,"","","",""
360,BORE WELL AT MIDC GOKUL-SHIRGAON KARVIR KOLHAPUR,CPCB,27,Maharashtra,480,Kolhapur,KARVIR,-,-,-,-,-,-,-,-,16.64369000,74.29112300,02-10-2018 08:30,1140,"","","","",""
361,BORE WELL AT MIDC GOKUL-SHIRGAON KARVIR KOLHAPUR,CPCB,27,Maharashtra,480,Kolhapur,KARVIR,-,-,-,-,-,-,-,-,16.64369000,74.29112300,09-04-2019 08:30,35240,"","",2.4,"",""
362,BORE WELL AT MIDC GOKUL-SHIRGAON KARVIR KOLHAPUR,CPCB,27,Maharashtra,480,Kolhapur,KARVIR,-,-,-,-,-,-,-,-,16.64369000,74.29112300,03-10-2019 08:30,508,"","",1.1,"",""
363,BORE WELL AT MIDC SHIROLI NEAR M/S PRATIBHA ENTERPRISES HATKANANGALE KOLHAPUR,CPCB,27,Maharashtra,480,Kolhapur,HATKANANGALE,-,-,-,-,-,-,-,-,16.74570000,74.44593400,02-04-2018 08:30,2718,Colorless,"","","",""
364,BORE WELL AT MIDC SHIROLI NEAR M/S PRATIBHA ENTERPRISES HATKANANGALE KOLHAPUR,CPCB,27,Maharashtra,480,Kolhapur,HATKANANGALE,-,-,-,-,-,-,-,-,16.74570000,74.44593400,02-10-2018 08:30,694,"","","","",""
365,BORE WELL AT MIDC SHIROLI NEAR M/S PRATIBHA ENTERPRISES HATKANANGALE KOLHAPUR,CPCB,27,Maharashtra,480,Kolhapur,HATKANANGALE,-,-,-,-,-,-,-,-,16.74570000,74.44593400,09-04-2019 08:30,35330,"","",2.4,"",""
366,BORE WELL AT MIDC SHIROLI NEAR M/S PRATIBHA ENTERPRISES HATKANANGALE KOLHAPUR,CPCB,27,Maharashtra,480,Kolhapur,HATKANANGALE,-,-,-,-,-,-,-,-,16.74570000,74.44593400,03-10-2019 08:30,643,"","",1.1,"",""
367,BORE WELL AT M/S SPECTRON ETHERS SIDDESHWAR MAHADEV MANDIR RASEGAON DINDORI NASHIK,CPCB,27,Maharashtra,487,Nashik,DINDORI,-,-,-,-,-,-,-,-,20.20429200,73.82683700,01-04-2019 08:30,645,"","","","",""
368,BORE WELL AT SHETE VASTI NEAR OLD TULJAPUR ROAD TULJAPUR NAKA SOLAPUR,CPCB,27,Maharashtra,496,Solapur,SOLAPUR NORTH,-,-,-,-,-,-,-,-,17.69297100,75.91866600,04-04-2018 08:30,985,Clear,"","","",""
369,BORE WELL AT SHETE VASTI NEAR OLD TULJAPUR ROAD TULJAPUR NAKA SOLAPUR,CPCB,27,Maharashtra,496,Solapur,SOLAPUR NORTH,-,-,-,-,-,-,-,-,17.69297100,75.91866600,17-10-2019 08:30,5192,"","","","",""
370,BORE WELL AT WAHEGAON NEAR ZILLA PARISHAD SCHOOL WAHEGAONPAITHAN AURANGABAD,CPCB,27,Maharashtra,469,Aurangabad,PAITHAN,-,-,-,-,-,-,-,-,19.56625000,75.39575800,04-04-2019 08:30,21280,"","","","",""
371,BORE WELL AT WAHEGAON NEAR ZILLA PARISHAD SCHOOL WAHEGAONPAITHAN AURANGABAD,CPCB,27,Maharashtra,469,Aurangabad,PAITHAN,-,-,-,-,-,-,-,-,19.56625000,75.39575800,03-10-2019 08:30,3142,"","",1.1,"",""
372,BORE WELL NEAR CHINCHOLI MOHOL SOLAPUR,CPCB,27,Maharashtra,496,Solapur,MOHOL,-,-,-,-,-,-,-,-,17.80286700,75.64547200,09-04-2018 08:30,1545,Clear,"","","",""
373,BORE WELL NEAR CHINCHOLI MOHOL SOLAPUR,CPCB,27,Maharashtra,496,Solapur,MOHOL,-,-,-,-,-,-,-,-,17.80286700,75.64547200,17-10-2019 08:30,3487,"","","","",""
374,BORI RIVER D/S OF AMALNER JALGAON JALGAON,CPCB,27,Maharashtra,478,Jalgaon,AMALNER,-,-,-,-,-,-,-,-,21.03975800,75.06717800,01-03-2018 08:30,"","","","","",""
375,BORI RIVER D/S OF AMALNER JALGAON JALGAON,CPCB,27,Maharashtra,478,Jalgaon,AMALNER,-,-,-,-,-,-,-,-,21.03975800,75.06717800,04-09-2018 08:30,"","","","","",""
376,BORI RIVER D/S OF AMALNER JALGAON JALGAON,CPCB,27,Maharashtra,478,Jalgaon,AMALNER,-,-,-,-,-,-,-,-,21.03975800,75.06717800,03-09-2019 08:30,"","","","","",""
377,BORI RIVER D/S OF AMALNER JALGAON JALGAON,CPCB,27,Maharashtra,478,Jalgaon,AMALNER,-,-,-,-,-,-,-,-,21.03975800,75.06717800,04-10-2019 08:30,"","","","","",""
378,BORI RIVER D/S OF AMALNER JALGAON JALGAON,CPCB,27,Maharashtra,478,Jalgaon,AMALNER,-,-,-,-,-,-,-,-,21.03975800,75.06717800,05-11-2019 08:30,"","","","","",""
379,BORI RIVER D/S OF AMALNER JALGAON JALGAON,CPCB,27,Maharashtra,478,Jalgaon,AMALNER,-,-,-,-,-,-,-,-,21.03975800,75.06717800,03-12-2019 08:30,"","","","","",""
380,BRHAMNI KALMESHWAR NAGPUR,CPCB,27,Maharashtra,484,Nagpur,KALAMESHWAR,-,-,-,-,-,-,-,-,21.23760000,78.90370000,14-04-2018 08:30,846,"","","","",""
381,BRHAMNI KALMESHWAR NAGPUR,CPCB,27,Maharashtra,484,Nagpur,KALAMESHWAR,-,-,-,-,-,-,-,-,21.23760000,78.90370000,30-10-2018 08:30,890,"","","","",""
382,BRHAMNI KALMESHWAR NAGPUR,CPCB,27,Maharashtra,484,Nagpur,KALAMESHWAR,-,-,-,-,-,-,-,-,21.23760000,78.90370000,25-04-2019 08:30,657,"","","","",""
383,BURAI RIVER BEFORE CONFLUECE TO TAPI RIVER MUKUDAS DHULE,CPCB,27,Maharashtra,474,Dhule,SHINDKHEDE,-,-,-,-,-,-,-,-,21.27579200,74.75171400,01-04-2019 08:30,"","","","","",""
384,BURAI RIVER BEFORE CONFLUECE TO TAPI RIVER MUKUDAS DHULE,CPCB,27,Maharashtra,474,Dhule,SHINDKHEDE,-,-,-,-,-,-,-,-,21.27579200,74.75171400,02-07-2019 08:30,"","","","","",""
385,BURAI RIVER BEFORE CONFLUECE TO TAPI RIVER MUKUDAS DHULE,CPCB,27,Maharashtra,474,Dhule,SHINDKHEDE,-,-,-,-,-,-,-,-,21.27579200,74.75171400,04-09-2019 08:30,"","","","","",""
386,BURAI RIVER BEFORE CONFLUECE TO TAPI RIVER MUKUDAS DHULE,CPCB,27,Maharashtra,474,Dhule,SHINDKHEDE,-,-,-,-,-,-,-,-,21.27579200,74.75171400,03-10-2019 08:30,"","","","","",""
387,BURAI RIVER BEFORE CONFLUECE TO TAPI RIVER MUKUDAS DHULE,CPCB,27,Maharashtra,474,Dhule,SHINDKHEDE,-,-,-,-,-,-,-,-,21.27579200,74.75171400,04-11-2019 08:30,"","","","","",""
388,CHANDRABHAGA D/S OF PANDHARPUR TOWN GURSALE PANDHARPUR SOLAPUR,CPCB,27,Maharashtra,496,Solapur,PANDHARPUR,-,-,-,-,-,-,-,-,17.67770600,75.33901100,07-01-2018 08:30,"","","","","",""
389,CHANDRABHAGA D/S OF PANDHARPUR TOWN GURSALE PANDHARPUR SOLAPUR,CPCB,27,Maharashtra,496,Solapur,PANDHARPUR,-,-,-,-,-,-,-,-,17.67770600,75.33901100,04-03-2018 08:30,"","","","","",""
390,CHANDRABHAGA D/S OF PANDHARPUR TOWN GURSALE PANDHARPUR SOLAPUR,CPCB,27,Maharashtra,496,Solapur,PANDHARPUR,-,-,-,-,-,-,-,-,17.67770600,75.33901100,05-04-2018 08:30,"","","","","",""
391,CHANDRABHAGA D/S OF PANDHARPUR TOWN GURSALE PANDHARPUR SOLAPUR,CPCB,27,Maharashtra,496,Solapur,PANDHARPUR,-,-,-,-,-,-,-,-,17.67770600,75.33901100,04-05-2018 08:30,"","","","","",""
392,CHANDRABHAGA D/S OF PANDHARPUR TOWN GURSALE PANDHARPUR SOLAPUR,CPCB,27,Maharashtra,496,Solapur,PANDHARPUR,-,-,-,-,-,-,-,-,17.67770600,75.33901100,03-06-2018 08:30,"","","","","",""
393,CHANDRABHAGA D/S OF PANDHARPUR TOWN GURSALE PANDHARPUR SOLAPUR,CPCB,27,Maharashtra,496,Solapur,PANDHARPUR,-,-,-,-,-,-,-,-,17.67770600,75.33901100,05-07-2018 08:30,"","","","","",""
394,CHANDRABHAGA D/S OF PANDHARPUR TOWN GURSALE PANDHARPUR SOLAPUR,CPCB,27,Maharashtra,496,Solapur,PANDHARPUR,-,-,-,-,-,-,-,-,17.67770600,75.33901100,05-08-2018 08:30,"","","","","",""
395,CHANDRABHAGA D/S OF PANDHARPUR TOWN GURSALE PANDHARPUR SOLAPUR,CPCB,27,Maharashtra,496,Solapur,PANDHARPUR,-,-,-,-,-,-,-,-,17.67770600,75.33901100,02-09-2018 08:30,"","","","","",""
396,CHANDRABHAGA D/S OF PANDHARPUR TOWN GURSALE PANDHARPUR SOLAPUR,CPCB,27,Maharashtra,496,Solapur,PANDHARPUR,-,-,-,-,-,-,-,-,17.67770600,75.33901100,05-10-2018 08:30,"","","","","",""
397,CHANDRABHAGA D/S OF PANDHARPUR TOWN GURSALE PANDHARPUR SOLAPUR,CPCB,27,Maharashtra,496,Solapur,PANDHARPUR,-,-,-,-,-,-,-,-,17.67770600,75.33901100,04-11-2018 08:30,"","","","","",""
398,CHANDRABHAGA D/S OF PANDHARPUR TOWN GURSALE PANDHARPUR SOLAPUR,CPCB,27,Maharashtra,496,Solapur,PANDHARPUR,-,-,-,-,-,-,-,-,17.67770600,75.33901100,04-12-2018 08:30,"","","","","",""
399,CHANDRABHAGA D/S OF PANDHARPUR TOWN GURSALE PANDHARPUR SOLAPUR,CPCB,27,Maharashtra,496,Solapur,PANDHARPUR,-,-,-,-,-,-,-,-,17.67770600,75.33901100,02-01-2019 08:30,"","","","","",""
400,CHANDRABHAGA D/S OF PANDHARPUR TOWN GURSALE PANDHARPUR SOLAPUR,CPCB,27,Maharashtra,496,Solapur,PANDHARPUR,-,-,-,-,-,-,-,-,17.67770600,75.33901100,04-02-2019 08:30,"","","","","",""
401,CHANDRABHAGA D/S OF PANDHARPUR TOWN GURSALE PANDHARPUR SOLAPUR,CPCB,27,Maharashtra,496,Solapur,PANDHARPUR,-,-,-,-,-,-,-,-,17.67770600,75.33901100,06-03-2019 08:30,"","","","","",""
402,CHANDRABHAGA D/S OF PANDHARPUR TOWN GURSALE PANDHARPUR SOLAPUR,CPCB,27,Maharashtra,496,Solapur,PANDHARPUR,-,-,-,-,-,-,-,-,17.67770600,75.33901100,08-04-2019 08:30,"","","","","",""
403,CHANDRABHAGA D/S OF PANDHARPUR TOWN GURSALE PANDHARPUR SOLAPUR,CPCB,27,Maharashtra,496,Solapur,PANDHARPUR,-,-,-,-,-,-,-,-,17.67770600,75.33901100,03-05-2019 08:30,"","","","","",""
404,CHANDRABHAGA D/S OF PANDHARPUR TOWN GURSALE PANDHARPUR SOLAPUR,CPCB,27,Maharashtra,496,Solapur,PANDHARPUR,-,-,-,-,-,-,-,-,17.67770600,75.33901100,10-06-2019 08:30,"","","","","",""
405,CHANDRABHAGA D/S OF PANDHARPUR TOWN GURSALE PANDHARPUR SOLAPUR,CPCB,27,Maharashtra,496,Solapur,PANDHARPUR,-,-,-,-,-,-,-,-,17.67770600,75.33901100,08-07-2019 08:30,"","","","","",""
406,CHANDRABHAGA D/S OF PANDHARPUR TOWN GURSALE PANDHARPUR SOLAPUR,CPCB,27,Maharashtra,496,Solapur,PANDHARPUR,-,-,-,-,-,-,-,-,17.67770600,75.33901100,08-08-2019 08:30,"","","","","",""
407,CHANDRABHAGA D/S OF PANDHARPUR TOWN GURSALE PANDHARPUR SOLAPUR,CPCB,27,Maharashtra,496,Solapur,PANDHARPUR,-,-,-,-,-,-,-,-,17.67770600,75.33901100,08-09-2019 08:30,"","","","","",""
408,CHANDRABHAGA D/S OF PANDHARPUR TOWN GURSALE PANDHARPUR SOLAPUR,CPCB,27,Maharashtra,496,Solapur,PANDHARPUR,-,-,-,-,-,-,-,-,17.67770600,75.33901100,06-10-2019 08:30,"","","","","",""
409,CHANDRABHAGA D/S OF PANDHARPUR TOWN GURSALE PANDHARPUR SOLAPUR,CPCB,27,Maharashtra,496,Solapur,PANDHARPUR,-,-,-,-,-,-,-,-,17.67770600,75.33901100,08-11-2019 08:30,"","","","","",""
410,CHANDRABHAGA D/S OF PANDHARPUR TOWN GURSALE PANDHARPUR SOLAPUR,CPCB,27,Maharashtra,496,Solapur,PANDHARPUR,-,-,-,-,-,-,-,-,17.67770600,75.33901100,08-12-2019 08:30,"","","","","",""
411,CHANDRABHAGA U/S OF PANDHARPUR TOWN GURSALE PANDHARPUR SOLAPUR,CPCB,27,Maharashtra,496,Solapur,PANDHARPUR,-,-,-,-,-,-,-,-,17.72486800,75.32393600,07-01-2018 08:30,"","","","","",""
412,CHANDRABHAGA U/S OF PANDHARPUR TOWN GURSALE PANDHARPUR SOLAPUR,CPCB,27,Maharashtra,496,Solapur,PANDHARPUR,-,-,-,-,-,-,-,-,17.72486800,75.32393600,04-02-2018 08:30,"","","","","",""
413,CHANDRABHAGA U/S OF PANDHARPUR TOWN GURSALE PANDHARPUR SOLAPUR,CPCB,27,Maharashtra,496,Solapur,PANDHARPUR,-,-,-,-,-,-,-,-,17.72486800,75.32393600,04-03-2018 08:30,"","","","","",""
414,CHANDRABHAGA U/S OF PANDHARPUR TOWN GURSALE PANDHARPUR SOLAPUR,CPCB,27,Maharashtra,496,Solapur,PANDHARPUR,-,-,-,-,-,-,-,-,17.72486800,75.32393600,05-04-2018 08:30,"","","","","",""
415,CHANDRABHAGA U/S OF PANDHARPUR TOWN GURSALE PANDHARPUR SOLAPUR,CPCB,27,Maharashtra,496,Solapur,PANDHARPUR,-,-,-,-,-,-,-,-,17.72486800,75.32393600,04-05-2018 08:30,"","","","","",""
416,CHANDRABHAGA U/S OF PANDHARPUR TOWN GURSALE PANDHARPUR SOLAPUR,CPCB,27,Maharashtra,496,Solapur,PANDHARPUR,-,-,-,-,-,-,-,-,17.72486800,75.32393600,03-06-2018 08:30,"","","","","",""
417,CHANDRABHAGA U/S OF PANDHARPUR TOWN GURSALE PANDHARPUR SOLAPUR,CPCB,27,Maharashtra,496,Solapur,PANDHARPUR,-,-,-,-,-,-,-,-,17.72486800,75.32393600,05-07-2018 08:30,"","","","","",""
418,CHANDRABHAGA U/S OF PANDHARPUR TOWN GURSALE PANDHARPUR SOLAPUR,CPCB,27,Maharashtra,496,Solapur,PANDHARPUR,-,-,-,-,-,-,-,-,17.72486800,75.32393600,05-08-2018 08:30,"","","","","",""
419,CHANDRABHAGA U/S OF PANDHARPUR TOWN GURSALE PANDHARPUR SOLAPUR,CPCB,27,Maharashtra,496,Solapur,PANDHARPUR,-,-,-,-,-,-,-,-,17.72486800,75.32393600,02-09-2018 08:30,"","","","","",""
420,CHANDRABHAGA U/S OF PANDHARPUR TOWN GURSALE PANDHARPUR SOLAPUR,CPCB,27,Maharashtra,496,Solapur,PANDHARPUR,-,-,-,-,-,-,-,-,17.72486800,75.32393600,05-10-2018 08:30,"","","","","",""
421,CHANDRABHAGA U/S OF PANDHARPUR TOWN GURSALE PANDHARPUR SOLAPUR,CPCB,27,Maharashtra,496,Solapur,PANDHARPUR,-,-,-,-,-,-,-,-,17.72486800,75.32393600,04-11-2018 08:30,"","","","","",""
422,CHANDRABHAGA U/S OF PANDHARPUR TOWN GURSALE PANDHARPUR SOLAPUR,CPCB,27,Maharashtra,496,Solapur,PANDHARPUR,-,-,-,-,-,-,-,-,17.72486800,75.32393600,04-12-2018 08:30,"","","","","",""
423,CHANDRABHAGA U/S OF PANDHARPUR TOWN GURSALE PANDHARPUR SOLAPUR,CPCB,27,Maharashtra,496,Solapur,PANDHARPUR,-,-,-,-,-,-,-,-,17.72486800,75.32393600,02-01-2019 08:30,"","","","","",""
424,CHANDRABHAGA U/S OF PANDHARPUR TOWN GURSALE PANDHARPUR SOLAPUR,CPCB,27,Maharashtra,496,Solapur,PANDHARPUR,-,-,-,-,-,-,-,-,17.72486800,75.32393600,04-02-2019 08:30,"","","","","",""
425,CHANDRABHAGA U/S OF PANDHARPUR TOWN GURSALE PANDHARPUR SOLAPUR,CPCB,27,Maharashtra,496,Solapur,PANDHARPUR,-,-,-,-,-,-,-,-,17.72486800,75.32393600,06-03-2019 08:30,"","","","","",""
426,CHANDRABHAGA U/S OF PANDHARPUR TOWN GURSALE PANDHARPUR SOLAPUR,CPCB,27,Maharashtra,496,Solapur,PANDHARPUR,-,-,-,-,-,-,-,-,17.72486800,75.32393600,08-04-2019 08:30,"","","","","",""
427,CHANDRABHAGA U/S OF PANDHARPUR TOWN GURSALE PANDHARPUR SOLAPUR,CPCB,27,Maharashtra,496,Solapur,PANDHARPUR,-,-,-,-,-,-,-,-,17.72486800,75.32393600,03-05-2019 08:30,"","","","","",""
428,CHANDRABHAGA U/S OF PANDHARPUR TOWN GURSALE PANDHARPUR SOLAPUR,CPCB,27,Maharashtra,496,Solapur,PANDHARPUR,-,-,-,-,-,-,-,-,17.72486800,75.32393600,10-06-2019 08:30,"","","","","",""
429,CHANDRABHAGA U/S OF PANDHARPUR TOWN GURSALE PANDHARPUR SOLAPUR,CPCB,27,Maharashtra,496,Solapur,PANDHARPUR,-,-,-,-,-,-,-,-,17.72486800,75.32393600,08-07-2019 08:30,"","","","","",""
430,CHANDRABHAGA U/S OF PANDHARPUR TOWN GURSALE PANDHARPUR SOLAPUR,CPCB,27,Maharashtra,496,Solapur,PANDHARPUR,-,-,-,-,-,-,-,-,17.72486800,75.32393600,08-08-2019 08:30,"","","","","",""
431,CHANDRABHAGA U/S OF PANDHARPUR TOWN GURSALE PANDHARPUR SOLAPUR,CPCB,27,Maharashtra,496,Solapur,PANDHARPUR,-,-,-,-,-,-,-,-,17.72486800,75.32393600,08-09-2019 08:30,"","","","","",""
432,CHANDRABHAGA U/S OF PANDHARPUR TOWN GURSALE PANDHARPUR SOLAPUR,CPCB,27,Maharashtra,496,Solapur,PANDHARPUR,-,-,-,-,-,-,-,-,17.72486800,75.32393600,06-10-2019 08:30,"","","","","",""
433,CHANDRABHAGA U/S OF PANDHARPUR TOWN GURSALE PANDHARPUR SOLAPUR,CPCB,27,Maharashtra,496,Solapur,PANDHARPUR,-,-,-,-,-,-,-,-,17.72486800,75.32393600,08-11-2019 08:30,"","","","","",""
434,CHANDRABHAGA U/S OF PANDHARPUR TOWN GURSALE PANDHARPUR SOLAPUR,CPCB,27,Maharashtra,496,Solapur,PANDHARPUR,-,-,-,-,-,-,-,-,17.72486800,75.32393600,08-12-2019 08:30,"","","","","",""
435,CHANGERA GONDIA,CPCB,27,Maharashtra,476,Gondia,GONDIYA,-,-,-,-,-,-,-,-,21.57971200,80.24244900,17-04-2018 08:30,1030,"","","","",""
436,CHANGERA GONDIA,CPCB,27,Maharashtra,476,Gondia,GONDIYA,-,-,-,-,-,-,-,-,21.57971200,80.24244900,16-10-2018 08:30,880,"","","","",""
437,CHANGERA GONDIA,CPCB,27,Maharashtra,476,Gondia,GONDIYA,-,-,-,-,-,-,-,-,21.57971200,80.24244900,04-04-2019 08:30,"","","","","",""
438,CHIKHALI NALLAH MEETS GODAVARI RIVER CHIKHALI NASHIK,CPCB,27,Maharashtra,490,Pune,HAVELI,-,-,-,-,-,-,-,-,18.68309000,73.81981200,03-10-2018 08:30,"","","","","",""
439,DAHANU CREEK AT DAHANU FORT DANUGAON DAHANU THANE,CPCB,27,Maharashtra,665,Palghar,DAHANU,-,-,-,-,-,-,-,-,19.97269100,72.71715400,04-01-2018 08:30,"",Clear,"","","",""
440,DAHANU CREEK AT DAHANU FORT DANUGAON DAHANU THANE,CPCB,27,Maharashtra,665,Palghar,DAHANU,-,-,-,-,-,-,-,-,19.97269100,72.71715400,05-02-2018 08:30,"",Clear,"","","",""
441,DAHANU CREEK AT DAHANU FORT DANUGAON DAHANU THANE,CPCB,27,Maharashtra,665,Palghar,DAHANU,-,-,-,-,-,-,-,-,19.97269100,72.71715400,06-03-2018 08:30,"",Clear,"","","",""
442,DAHANU CREEK AT DAHANU FORT DANUGAON DAHANU THANE,CPCB,27,Maharashtra,665,Palghar,DAHANU,-,-,-,-,-,-,-,-,19.97269100,72.71715400,04-04-2018 08:30,"",Clear,"","","",""
443,DAHANU CREEK AT DAHANU FORT DANUGAON DAHANU THANE,CPCB,27,Maharashtra,665,Palghar,DAHANU,-,-,-,-,-,-,-,-,19.97269100,72.71715400,04-05-2018 08:30,"",Clear,"","","",""
444,DAHANU CREEK AT DAHANU FORT DANUGAON DAHANU THANE,CPCB,27,Maharashtra,665,Palghar,DAHANU,-,-,-,-,-,-,-,-,19.97269100,72.71715400,06-06-2018 08:30,"",Clear,"","","",""
445,DAHANU CREEK AT DAHANU FORT DANUGAON DAHANU THANE,CPCB,27,Maharashtra,665,Palghar,DAHANU,-,-,-,-,-,-,-,-,19.97269100,72.71715400,07-07-2018 08:30,"",Clear,"","","",""
446,DAHANU CREEK AT DAHANU FORT DANUGAON DAHANU THANE,CPCB,27,Maharashtra,665,Palghar,DAHANU,-,-,-,-,-,-,-,-,19.97269100,72.71715400,03-08-2018 08:30,"",Light Brown,"","","",""
447,DAHANU CREEK AT DAHANU FORT DANUGAON DAHANU THANE,CPCB,27,Maharashtra,665,Palghar,DAHANU,-,-,-,-,-,-,-,-,19.97269100,72.71715400,06-09-2018 08:30,"","","","","",""
448,DAHANU CREEK AT DAHANU FORT DANUGAON DAHANU THANE,CPCB,27,Maharashtra,665,Palghar,DAHANU,-,-,-,-,-,-,-,-,19.97269100,72.71715400,04-10-2018 08:30,"",Clear,"","","",""
449,DAHANU CREEK AT DAHANU FORT DANUGAON DAHANU THANE,CPCB,27,Maharashtra,665,Palghar,DAHANU,-,-,-,-,-,-,-,-,19.97269100,72.71715400,02-11-2018 08:30,"","","","","",""
450,DAHANU CREEK AT DAHANU FORT DANUGAON DAHANU THANE,CPCB,27,Maharashtra,665,Palghar,DAHANU,-,-,-,-,-,-,-,-,19.97269100,72.71715400,07-12-2018 08:30,"",Clear,"","","",""
451,DAHANU CREEK AT DAHANU FORT DANUGAON DAHANU THANE,CPCB,27,Maharashtra,665,Palghar,DAHANU,-,-,-,-,-,-,-,-,19.97269100,72.71715400,03-01-2019 08:30,"",Light Brown,"","","",""
452,DAHANU CREEK AT DAHANU FORT DANUGAON DAHANU THANE,CPCB,27,Maharashtra,665,Palghar,DAHANU,-,-,-,-,-,-,-,-,19.97269100,72.71715400,01-02-2019 08:30,"","","","","",""
453,DAHANU CREEK AT DAHANU FORT DANUGAON DAHANU THANE,CPCB,27,Maharashtra,665,Palghar,DAHANU,-,-,-,-,-,-,-,-,19.97269100,72.71715400,01-03-2019 08:30,"","","","","",""
454,DAHANU CREEK AT DAHANU FORT DANUGAON DAHANU THANE,CPCB,27,Maharashtra,665,Palghar,DAHANU,-,-,-,-,-,-,-,-,19.97269100,72.71715400,03-04-2019 08:30,"","","","","",""
455,DAHANU CREEK AT DAHANU FORT DANUGAON DAHANU THANE,CPCB,27,Maharashtra,665,Palghar,DAHANU,-,-,-,-,-,-,-,-,19.97269100,72.71715400,13-05-2019 08:30,"","","","","",""
456,DAHANU CREEK AT DAHANU FORT DANUGAON DAHANU THANE,CPCB,27,Maharashtra,665,Palghar,DAHANU,-,-,-,-,-,-,-,-,19.97269100,72.71715400,07-06-2019 08:30,"","","","","",""
457,DAHANU CREEK AT DAHANU FORT DANUGAON DAHANU THANE,CPCB,27,Maharashtra,665,Palghar,DAHANU,-,-,-,-,-,-,-,-,19.97269100,72.71715400,10-07-2019 08:30,"","","","","",""
458,DAHANU CREEK AT DAHANU FORT DANUGAON DAHANU THANE,CPCB,27,Maharashtra,665,Palghar,DAHANU,-,-,-,-,-,-,-,-,19.97269100,72.71715400,02-08-2019 08:30,"","","","","",""
459,DAHANU CREEK AT DAHANU FORT DANUGAON DAHANU THANE,CPCB,27,Maharashtra,665,Palghar,DAHANU,-,-,-,-,-,-,-,-,19.97269100,72.71715400,05-09-2019 08:30,"","","","","",""
460,DAHANU CREEK AT DAHANU FORT DANUGAON DAHANU THANE,CPCB,27,Maharashtra,665,Palghar,DAHANU,-,-,-,-,-,-,-,-,19.97269100,72.71715400,09-10-2019 08:30,"","","","","",""
461,DAHANU CREEK AT DAHANU FORT DANUGAON DAHANU THANE,CPCB,27,Maharashtra,665,Palghar,DAHANU,-,-,-,-,-,-,-,-,19.97269100,72.71715400,01-11-2019 08:30,"","","","","",""
462,DAHANU CREEK AT DAHANU FORT DANUGAON DAHANU THANE,CPCB,27,Maharashtra,665,Palghar,DAHANU,-,-,-,-,-,-,-,-,19.97269100,72.71715400,09-12-2019 08:30,"","","","","",""
463,DANDI CREEK DANDI PALGHAR THANE,CPCB,27,Maharashtra,665,Palghar,PALGHAR,-,-,-,-,-,-,-,-,19.80063500,72.68487400,09-01-2018 08:30,"",Clear,"","","",""
464,DANDI CREEK DANDI PALGHAR THANE,CPCB,27,Maharashtra,665,Palghar,PALGHAR,-,-,-,-,-,-,-,-,19.80063500,72.68487400,05-02-2018 08:30,"",Light Brown,"","","",""
465,DANDI CREEK DANDI PALGHAR THANE,CPCB,27,Maharashtra,665,Palghar,PALGHAR,-,-,-,-,-,-,-,-,19.80063500,72.68487400,06-03-2018 08:30,"","","","","",""
466,DANDI CREEK DANDI PALGHAR THANE,CPCB,27,Maharashtra,665,Palghar,PALGHAR,-,-,-,-,-,-,-,-,19.80063500,72.68487400,05-04-2018 08:30,"",Light Brown,"","","",""
467,DANDI CREEK DANDI PALGHAR THANE,CPCB,27,Maharashtra,665,Palghar,PALGHAR,-,-,-,-,-,-,-,-,19.80063500,72.68487400,09-05-2018 08:30,"",Light Brown,"","","",""
468,DANDI CREEK DANDI PALGHAR THANE,CPCB,27,Maharashtra,665,Palghar,PALGHAR,-,-,-,-,-,-,-,-,19.80063500,72.68487400,04-06-2018 08:30,"",Clear,"","","",""
469,DANDI CREEK DANDI PALGHAR THANE,CPCB,27,Maharashtra,665,Palghar,PALGHAR,-,-,-,-,-,-,-,-,19.80063500,72.68487400,05-07-2018 08:30,"",Clear,"","","",""
470,DANDI CREEK DANDI PALGHAR THANE,CPCB,27,Maharashtra,665,Palghar,PALGHAR,-,-,-,-,-,-,-,-,19.80063500,72.68487400,09-08-2018 08:30,"",Clear,"","","",""
471,DANDI CREEK DANDI PALGHAR THANE,CPCB,27,Maharashtra,665,Palghar,PALGHAR,-,-,-,-,-,-,-,-,19.80063500,72.68487400,09-09-2018 08:30,"",Light Brown,"","","",""
472,DANDI CREEK DANDI PALGHAR THANE,CPCB,27,Maharashtra,665,Palghar,PALGHAR,-,-,-,-,-,-,-,-,19.80063500,72.68487400,04-10-2018 08:30,"",Light Brown,"","","",""
473,DANDI CREEK DANDI PALGHAR THANE,CPCB,27,Maharashtra,665,Palghar,PALGHAR,-,-,-,-,-,-,-,-,19.80063500,72.68487400,01-11-2018 08:30,"",Light Brown,"","","",""
474,DANDI CREEK DANDI PALGHAR THANE,CPCB,27,Maharashtra,665,Palghar,PALGHAR,-,-,-,-,-,-,-,-,19.80063500,72.68487400,06-12-2018 08:30,"",Light Brown,"","","",""
475,DANDI CREEK DANDI PALGHAR THANE,CPCB,27,Maharashtra,665,Palghar,PALGHAR,-,-,-,-,-,-,-,-,19.80063500,72.68487400,03-01-2019 08:30,"",Light Brown,"","","",""
476,DANDI CREEK DANDI PALGHAR THANE,CPCB,27,Maharashtra,665,Palghar,PALGHAR,-,-,-,-,-,-,-,-,19.80063500,72.68487400,05-02-2019 08:30,"",Light Brown,"","","",""
477,DANDI CREEK DANDI PALGHAR THANE,CPCB,27,Maharashtra,665,Palghar,PALGHAR,-,-,-,-,-,-,-,-,19.80063500,72.68487400,15-03-2019 08:30,"",Light Brown,"","","",""
478,DANDI CREEK DANDI PALGHAR THANE,CPCB,27,Maharashtra,665,Palghar,PALGHAR,-,-,-,-,-,-,-,-,19.80063500,72.68487400,04-04-2019 08:30,"","","","","",""
479,DANDI CREEK DANDI PALGHAR THANE,CPCB,27,Maharashtra,665,Palghar,PALGHAR,-,-,-,-,-,-,-,-,19.80063500,72.68487400,06-05-2019 08:30,"",Light Brown,"","","",""
480,DANDI CREEK DANDI PALGHAR THANE,CPCB,27,Maharashtra,665,Palghar,PALGHAR,-,-,-,-,-,-,-,-,19.80063500,72.68487400,06-06-2019 08:30,"",Light Brown,"","","",""
481,DANDI CREEK DANDI PALGHAR THANE,CPCB,27,Maharashtra,665,Palghar,PALGHAR,-,-,-,-,-,-,-,-,19.80063500,72.68487400,10-07-2019 08:30,"",Light Brown,"","","",""
482,DANDI CREEK DANDI PALGHAR THANE,CPCB,27,Maharashtra,665,Palghar,PALGHAR,-,-,-,-,-,-,-,-,19.80063500,72.68487400,08-08-2019 08:30,"","","","","",""
483,DANDI CREEK DANDI PALGHAR THANE,CPCB,27,Maharashtra,665,Palghar,PALGHAR,-,-,-,-,-,-,-,-,19.80063500,72.68487400,05-09-2019 08:30,"","","","","",""
484,DANDI CREEK DANDI PALGHAR THANE,CPCB,27,Maharashtra,665,Palghar,PALGHAR,-,-,-,-,-,-,-,-,19.80063500,72.68487400,07-10-2019 08:30,"","","","","",""
485,DANDI CREEK DANDI PALGHAR THANE,CPCB,27,Maharashtra,665,Palghar,PALGHAR,-,-,-,-,-,-,-,-,19.80063500,72.68487400,08-11-2019 08:30,"","","","","",""
486,DANDI CREEK DANDI PALGHAR THANE,CPCB,27,Maharashtra,665,Palghar,PALGHAR,-,-,-,-,-,-,-,-,19.80063500,72.68487400,06-12-2019 08:30,"","","","","",""
487,DARNA RIVER AT ASWALI (DARNA DAM) LGATPURI NASHIK,CPCB,27,Maharashtra,487,Nashik,IGATPURI,-,-,-,-,-,-,-,-,19.76198800,73.73718700,03-01-2018 08:30,"","","","","",""
488,DARNA RIVER AT ASWALI (DARNA DAM) LGATPURI NASHIK,CPCB,27,Maharashtra,487,Nashik,IGATPURI,-,-,-,-,-,-,-,-,19.76198800,73.73718700,05-03-2018 08:30,"","","","","",""
489,DARNA RIVER AT ASWALI (DARNA DAM) LGATPURI NASHIK,CPCB,27,Maharashtra,487,Nashik,IGATPURI,-,-,-,-,-,-,-,-,19.76198800,73.73718700,02-04-2018 08:30,"","","","","",""
490,DARNA RIVER AT ASWALI (DARNA DAM) LGATPURI NASHIK,CPCB,27,Maharashtra,487,Nashik,IGATPURI,-,-,-,-,-,-,-,-,19.76198800,73.73718700,02-05-2018 08:30,"","","","","",""
491,DARNA RIVER AT ASWALI (DARNA DAM) LGATPURI NASHIK,CPCB,27,Maharashtra,487,Nashik,IGATPURI,-,-,-,-,-,-,-,-,19.76198800,73.73718700,01-06-2018 08:30,"","","","","",""
492,DARNA RIVER AT ASWALI (DARNA DAM) LGATPURI NASHIK,CPCB,27,Maharashtra,487,Nashik,IGATPURI,-,-,-,-,-,-,-,-,19.76198800,73.73718700,07-07-2018 08:30,"","","","","",""
493,DARNA RIVER AT ASWALI (DARNA DAM) LGATPURI NASHIK,CPCB,27,Maharashtra,487,Nashik,IGATPURI,-,-,-,-,-,-,-,-,19.76198800,73.73718700,03-08-2018 08:30,"","","","","",""
494,DARNA RIVER AT ASWALI (DARNA DAM) LGATPURI NASHIK,CPCB,27,Maharashtra,487,Nashik,IGATPURI,-,-,-,-,-,-,-,-,19.76198800,73.73718700,03-09-2018 08:30,"","","","","",""
495,DARNA RIVER AT ASWALI (DARNA DAM) LGATPURI NASHIK,CPCB,27,Maharashtra,487,Nashik,IGATPURI,-,-,-,-,-,-,-,-,19.76198800,73.73718700,04-10-2018 08:30,"","","","","",""
496,DARNA RIVER AT ASWALI (DARNA DAM) LGATPURI NASHIK,CPCB,27,Maharashtra,487,Nashik,IGATPURI,-,-,-,-,-,-,-,-,19.76198800,73.73718700,03-11-2018 08:30,"","","","","",""
497,DARNA RIVER AT ASWALI (DARNA DAM) LGATPURI NASHIK,CPCB,27,Maharashtra,487,Nashik,IGATPURI,-,-,-,-,-,-,-,-,19.76198800,73.73718700,07-12-2018 08:30,"","","","","",""
498,DARNA RIVER AT ASWALI (DARNA DAM) LGATPURI NASHIK,CPCB,27,Maharashtra,487,Nashik,IGATPURI,-,-,-,-,-,-,-,-,19.76198800,73.73718700,05-01-2019 08:30,"","","","","",""
499,DARNA RIVER AT ASWALI (DARNA DAM) LGATPURI NASHIK,CPCB,27,Maharashtra,487,Nashik,IGATPURI,-,-,-,-,-,-,-,-,19.76198800,73.73718700,05-02-2019 08:30,"","","","","",""
500,DARNA RIVER AT ASWALI (DARNA DAM) LGATPURI NASHIK,CPCB,27,Maharashtra,487,Nashik,IGATPURI,-,-,-,-,-,-,-,-,19.76198800,73.73718700,07-03-2019 08:30,"","","","","",""
501,DARNA RIVER AT ASWALI (DARNA DAM) LGATPURI NASHIK,CPCB,27,Maharashtra,487,Nashik,IGATPURI,-,-,-,-,-,-,-,-,19.76198800,73.73718700,05-04-2019 08:30,"","","","","",""
502,DARNA RIVER AT ASWALI (DARNA DAM) LGATPURI NASHIK,CPCB,27,Maharashtra,487,Nashik,IGATPURI,-,-,-,-,-,-,-,-,19.76198800,73.73718700,04-05-2019 08:30,"","","","","",""
503,DARNA RIVER AT ASWALI (DARNA DAM) LGATPURI NASHIK,CPCB,27,Maharashtra,487,Nashik,IGATPURI,-,-,-,-,-,-,-,-,19.76198800,73.73718700,11-06-2019 08:30,"","","","","",""
504,DARNA RIVER AT ASWALI (DARNA DAM) LGATPURI NASHIK,CPCB,27,Maharashtra,487,Nashik,IGATPURI,-,-,-,-,-,-,-,-,19.76198800,73.73718700,06-07-2019 08:30,"","","","","",""
505,DARNA RIVER AT ASWALI (DARNA DAM) LGATPURI NASHIK,CPCB,27,Maharashtra,487,Nashik,IGATPURI,-,-,-,-,-,-,-,-,19.76198800,73.73718700,06-08-2019 08:30,"","","","","",""
506,DARNA RIVER AT ASWALI (DARNA DAM) LGATPURI NASHIK,CPCB,27,Maharashtra,487,Nashik,IGATPURI,-,-,-,-,-,-,-,-,19.76198800,73.73718700,06-09-2019 08:30,"","","","","",""
507,DARNA RIVER AT ASWALI (DARNA DAM) LGATPURI NASHIK,CPCB,27,Maharashtra,487,Nashik,IGATPURI,-,-,-,-,-,-,-,-,19.76198800,73.73718700,11-10-2019 08:30,"","","","","",""
508,DARNA RIVER AT ASWALI (DARNA DAM) LGATPURI NASHIK,CPCB,27,Maharashtra,487,Nashik,IGATPURI,-,-,-,-,-,-,-,-,19.76198800,73.73718700,05-11-2019 08:30,"","","","","",""
509,DARNA RIVER AT ASWALI (DARNA DAM) LGATPURI NASHIK,CPCB,27,Maharashtra,487,Nashik,IGATPURI,-,-,-,-,-,-,-,-,19.76198800,73.73718700,05-12-2019 08:30,"","","","","",""
510,DARNA RIVER AT BHAGUR PUMPING STATION NEAR PANDHURLI BRIDGE BHAGUR NASHIK,CPCB,27,Maharashtra,487,Nashik,NASHIK,-,-,-,-,-,-,-,-,19.87277200,73.83401100,03-01-2018 08:30,"","","","","",""
511,DARNA RIVER AT BHAGUR PUMPING STATION NEAR PANDHURLI BRIDGE BHAGUR NASHIK,CPCB,27,Maharashtra,487,Nashik,NASHIK,-,-,-,-,-,-,-,-,19.87277200,73.83401100,05-03-2018 08:30,"","","","","",""
512,DARNA RIVER AT BHAGUR PUMPING STATION NEAR PANDHURLI BRIDGE BHAGUR NASHIK,CPCB,27,Maharashtra,487,Nashik,NASHIK,-,-,-,-,-,-,-,-,19.87277200,73.83401100,02-04-2018 08:30,"","","","","",""
513,DARNA RIVER AT BHAGUR PUMPING STATION NEAR PANDHURLI BRIDGE BHAGUR NASHIK,CPCB,27,Maharashtra,487,Nashik,NASHIK,-,-,-,-,-,-,-,-,19.87277200,73.83401100,02-05-2018 08:30,"","","","","",""
514,DARNA RIVER AT BHAGUR PUMPING STATION NEAR PANDHURLI BRIDGE BHAGUR NASHIK,CPCB,27,Maharashtra,487,Nashik,NASHIK,-,-,-,-,-,-,-,-,19.87277200,73.83401100,01-06-2018 08:30,"","","","","",""
515,DARNA RIVER AT BHAGUR PUMPING STATION NEAR PANDHURLI BRIDGE BHAGUR NASHIK,CPCB,27,Maharashtra,487,Nashik,NASHIK,-,-,-,-,-,-,-,-,19.87277200,73.83401100,07-07-2018 08:30,"","","","","",""
516,DARNA RIVER AT BHAGUR PUMPING STATION NEAR PANDHURLI BRIDGE BHAGUR NASHIK,CPCB,27,Maharashtra,487,Nashik,NASHIK,-,-,-,-,-,-,-,-,19.87277200,73.83401100,03-08-2018 08:30,"","","","","",""
517,DARNA RIVER AT BHAGUR PUMPING STATION NEAR PANDHURLI BRIDGE BHAGUR NASHIK,CPCB,27,Maharashtra,487,Nashik,NASHIK,-,-,-,-,-,-,-,-,19.87277200,73.83401100,03-09-2018 08:30,"","","","","",""
518,DARNA RIVER AT BHAGUR PUMPING STATION NEAR PANDHURLI BRIDGE BHAGUR NASHIK,CPCB,27,Maharashtra,487,Nashik,NASHIK,-,-,-,-,-,-,-,-,19.87277200,73.83401100,04-10-2018 08:30,"","","","","",""
519,DARNA RIVER AT BHAGUR PUMPING STATION NEAR PANDHURLI BRIDGE BHAGUR NASHIK,CPCB,27,Maharashtra,487,Nashik,NASHIK,-,-,-,-,-,-,-,-,19.87277200,73.83401100,03-11-2018 08:30,"","","","","",""
520,DARNA RIVER AT BHAGUR PUMPING STATION NEAR PANDHURLI BRIDGE BHAGUR NASHIK,CPCB,27,Maharashtra,487,Nashik,NASHIK,-,-,-,-,-,-,-,-,19.87277200,73.83401100,07-12-2018 08:30,"","","","","",""
521,DARNA RIVER AT BHAGUR PUMPING STATION NEAR PANDHURLI BRIDGE BHAGUR NASHIK,CPCB,27,Maharashtra,487,Nashik,NASHIK,-,-,-,-,-,-,-,-,19.87277200,73.83401100,05-01-2019 08:30,"","","","","",""
522,DARNA RIVER AT BHAGUR PUMPING STATION NEAR PANDHURLI BRIDGE BHAGUR NASHIK,CPCB,27,Maharashtra,487,Nashik,NASHIK,-,-,-,-,-,-,-,-,19.87277200,73.83401100,05-02-2019 08:30,"","","","","",""
523,DARNA RIVER AT BHAGUR PUMPING STATION NEAR PANDHURLI BRIDGE BHAGUR NASHIK,CPCB,27,Maharashtra,487,Nashik,NASHIK,-,-,-,-,-,-,-,-,19.87277200,73.83401100,07-03-2019 08:30,"","","","","",""
524,DARNA RIVER AT BHAGUR PUMPING STATION NEAR PANDHURLI BRIDGE BHAGUR NASHIK,CPCB,27,Maharashtra,487,Nashik,NASHIK,-,-,-,-,-,-,-,-,19.87277200,73.83401100,05-04-2019 08:30,"","","","","",""
525,DARNA RIVER AT BHAGUR PUMPING STATION NEAR PANDHURLI BRIDGE BHAGUR NASHIK,CPCB,27,Maharashtra,487,Nashik,NASHIK,-,-,-,-,-,-,-,-,19.87277200,73.83401100,04-05-2019 08:30,"","","","","",""
526,DARNA RIVER AT BHAGUR PUMPING STATION NEAR PANDHURLI BRIDGE BHAGUR NASHIK,CPCB,27,Maharashtra,487,Nashik,NASHIK,-,-,-,-,-,-,-,-,19.87277200,73.83401100,11-06-2019 08:30,"","","","","",""
527,DARNA RIVER AT BHAGUR PUMPING STATION NEAR PANDHURLI BRIDGE BHAGUR NASHIK,CPCB,27,Maharashtra,487,Nashik,NASHIK,-,-,-,-,-,-,-,-,19.87277200,73.83401100,06-07-2019 08:30,"","","","","",""
528,DARNA RIVER AT BHAGUR PUMPING STATION NEAR PANDHURLI BRIDGE BHAGUR NASHIK,CPCB,27,Maharashtra,487,Nashik,NASHIK,-,-,-,-,-,-,-,-,19.87277200,73.83401100,06-08-2019 08:30,"","","","","",""
529,DARNA RIVER AT BHAGUR PUMPING STATION NEAR PANDHURLI BRIDGE BHAGUR NASHIK,CPCB,27,Maharashtra,487,Nashik,NASHIK,-,-,-,-,-,-,-,-,19.87277200,73.83401100,06-09-2019 08:30,"","","","","",""
530,DARNA RIVER AT BHAGUR PUMPING STATION NEAR PANDHURLI BRIDGE BHAGUR NASHIK,CPCB,27,Maharashtra,487,Nashik,NASHIK,-,-,-,-,-,-,-,-,19.87277200,73.83401100,11-10-2019 08:30,"","","","","",""
531,DARNA RIVER AT BHAGUR PUMPING STATION NEAR PANDHURLI BRIDGE BHAGUR NASHIK,CPCB,27,Maharashtra,487,Nashik,NASHIK,-,-,-,-,-,-,-,-,19.87277200,73.83401100,05-11-2019 08:30,"","","","","",""
532,DARNA RIVER AT BHAGUR PUMPING STATION NEAR PANDHURLI BRIDGE BHAGUR NASHIK,CPCB,27,Maharashtra,487,Nashik,NASHIK,-,-,-,-,-,-,-,-,19.87277200,73.83401100,05-12-2019 08:30,"","","","","",""
533,DARNA RIVER AT CHEHEDI PUMPING STATION CHEHEDI NASHIK NASHIK,CPCB,27,Maharashtra,487,Nashik,NASHIK,-,-,-,-,-,-,-,-,19.93235200,73.85641300,02-01-2018 08:30,"","","","","",""
534,DARNA RIVER AT CHEHEDI PUMPING STATION CHEHEDI NASHIK NASHIK,CPCB,27,Maharashtra,487,Nashik,NASHIK,-,-,-,-,-,-,-,-,19.93235200,73.85641300,05-03-2018 08:30,"","","","","",""
535,DARNA RIVER AT CHEHEDI PUMPING STATION CHEHEDI NASHIK NASHIK,CPCB,27,Maharashtra,487,Nashik,NASHIK,-,-,-,-,-,-,-,-,19.93235200,73.85641300,02-04-2018 08:30,"","","","","",""
536,DARNA RIVER AT CHEHEDI PUMPING STATION CHEHEDI NASHIK NASHIK,CPCB,27,Maharashtra,487,Nashik,NASHIK,-,-,-,-,-,-,-,-,19.93235200,73.85641300,03-05-2018 08:30,"","","","","",""
537,DARNA RIVER AT CHEHEDI PUMPING STATION CHEHEDI NASHIK NASHIK,CPCB,27,Maharashtra,487,Nashik,NASHIK,-,-,-,-,-,-,-,-,19.93235200,73.85641300,01-06-2018 08:30,"","","","","",""
538,DARNA RIVER AT CHEHEDI PUMPING STATION CHEHEDI NASHIK NASHIK,CPCB,27,Maharashtra,487,Nashik,NASHIK,-,-,-,-,-,-,-,-,19.93235200,73.85641300,07-07-2018 08:30,"","","","","",""
539,DARNA RIVER AT CHEHEDI PUMPING STATION CHEHEDI NASHIK NASHIK,CPCB,27,Maharashtra,487,Nashik,NASHIK,-,-,-,-,-,-,-,-,19.93235200,73.85641300,03-08-2018 08:30,"","","","","",""
540,DARNA RIVER AT CHEHEDI PUMPING STATION CHEHEDI NASHIK NASHIK,CPCB,27,Maharashtra,487,Nashik,NASHIK,-,-,-,-,-,-,-,-,19.93235200,73.85641300,03-09-2018 08:30,"","","","","",""
541,DARNA RIVER AT CHEHEDI PUMPING STATION CHEHEDI NASHIK NASHIK,CPCB,27,Maharashtra,487,Nashik,NASHIK,-,-,-,-,-,-,-,-,19.93235200,73.85641300,03-10-2018 08:30,"","","","","",""
542,DARNA RIVER AT CHEHEDI PUMPING STATION CHEHEDI NASHIK NASHIK,CPCB,27,Maharashtra,487,Nashik,NASHIK,-,-,-,-,-,-,-,-,19.93235200,73.85641300,03-11-2018 08:30,"","","","","",""
543,DARNA RIVER AT CHEHEDI PUMPING STATION CHEHEDI NASHIK NASHIK,CPCB,27,Maharashtra,487,Nashik,NASHIK,-,-,-,-,-,-,-,-,19.93235200,73.85641300,07-12-2018 08:30,"","","","","",""
544,DARNA RIVER AT CHEHEDI PUMPING STATION CHEHEDI NASHIK NASHIK,CPCB,27,Maharashtra,487,Nashik,NASHIK,-,-,-,-,-,-,-,-,19.93235200,73.85641300,05-01-2019 08:30,"","","","","",""
545,DARNA RIVER AT CHEHEDI PUMPING STATION CHEHEDI NASHIK NASHIK,CPCB,27,Maharashtra,487,Nashik,NASHIK,-,-,-,-,-,-,-,-,19.93235200,73.85641300,05-02-2019 08:30,"","","","","",""
546,DARNA RIVER AT CHEHEDI PUMPING STATION CHEHEDI NASHIK NASHIK,CPCB,27,Maharashtra,487,Nashik,NASHIK,-,-,-,-,-,-,-,-,19.93235200,73.85641300,07-03-2019 08:30,"","","","","",""
547,DARNA RIVER AT CHEHEDI PUMPING STATION CHEHEDI NASHIK NASHIK,CPCB,27,Maharashtra,487,Nashik,NASHIK,-,-,-,-,-,-,-,-,19.93235200,73.85641300,05-04-2019 08:30,"","","","","",""
548,DARNA RIVER AT CHEHEDI PUMPING STATION CHEHEDI NASHIK NASHIK,CPCB,27,Maharashtra,487,Nashik,NASHIK,-,-,-,-,-,-,-,-,19.93235200,73.85641300,04-05-2019 08:30,"","","","","",""
549,DARNA RIVER AT CHEHEDI PUMPING STATION CHEHEDI NASHIK NASHIK,CPCB,27,Maharashtra,487,Nashik,NASHIK,-,-,-,-,-,-,-,-,19.93235200,73.85641300,11-06-2019 08:30,"","","","","",""
550,DARNA RIVER AT CHEHEDI PUMPING STATION CHEHEDI NASHIK NASHIK,CPCB,27,Maharashtra,487,Nashik,NASHIK,-,-,-,-,-,-,-,-,19.93235200,73.85641300,06-07-2019 08:30,"","","","","",""
551,DARNA RIVER AT CHEHEDI PUMPING STATION CHEHEDI NASHIK NASHIK,CPCB,27,Maharashtra,487,Nashik,NASHIK,-,-,-,-,-,-,-,-,19.93235200,73.85641300,06-08-2019 08:30,"","","","","",""
552,DARNA RIVER AT CHEHEDI PUMPING STATION CHEHEDI NASHIK NASHIK,CPCB,27,Maharashtra,487,Nashik,NASHIK,-,-,-,-,-,-,-,-,19.93235200,73.85641300,06-09-2019 08:30,"","","","","",""
553,DARNA RIVER AT CHEHEDI PUMPING STATION CHEHEDI NASHIK NASHIK,CPCB,27,Maharashtra,487,Nashik,NASHIK,-,-,-,-,-,-,-,-,19.93235200,73.85641300,11-10-2019 08:30,"","","","","",""
554,DARNA RIVER AT CHEHEDI PUMPING STATION CHEHEDI NASHIK NASHIK,CPCB,27,Maharashtra,487,Nashik,NASHIK,-,-,-,-,-,-,-,-,19.93235200,73.85641300,05-11-2019 08:30,"","","","","",""
555,DARNA RIVER AT CHEHEDI PUMPING STATION CHEHEDI NASHIK NASHIK,CPCB,27,Maharashtra,487,Nashik,NASHIK,-,-,-,-,-,-,-,-,19.93235200,73.85641300,05-12-2019 08:30,"","","","","",""
556,DARNA RIVER AT MES SITE PUMPING STATION BHAGUR NASHIK,CPCB,27,Maharashtra,487,Nashik,NASHIK,-,-,-,-,-,-,-,-,19.87049400,73.82991900,03-01-2018 08:30,"","","","","",""
557,DARNA RIVER AT MES SITE PUMPING STATION BHAGUR NASHIK,CPCB,27,Maharashtra,487,Nashik,NASHIK,-,-,-,-,-,-,-,-,19.87049400,73.82991900,05-03-2018 08:30,"","","","","",""
558,DARNA RIVER AT MES SITE PUMPING STATION BHAGUR NASHIK,CPCB,27,Maharashtra,487,Nashik,NASHIK,-,-,-,-,-,-,-,-,19.87049400,73.82991900,02-04-2018 08:30,"","","","","",""
559,DARNA RIVER AT MES SITE PUMPING STATION BHAGUR NASHIK,CPCB,27,Maharashtra,487,Nashik,NASHIK,-,-,-,-,-,-,-,-,19.87049400,73.82991900,02-05-2018 08:30,"","","","","",""
560,DARNA RIVER AT MES SITE PUMPING STATION BHAGUR NASHIK,CPCB,27,Maharashtra,487,Nashik,NASHIK,-,-,-,-,-,-,-,-,19.87049400,73.82991900,01-06-2018 08:30,"","","","","",""
561,DARNA RIVER AT MES SITE PUMPING STATION BHAGUR NASHIK,CPCB,27,Maharashtra,487,Nashik,NASHIK,-,-,-,-,-,-,-,-,19.87049400,73.82991900,07-07-2018 08:30,"","","","","",""
562,DARNA RIVER AT MES SITE PUMPING STATION BHAGUR NASHIK,CPCB,27,Maharashtra,487,Nashik,NASHIK,-,-,-,-,-,-,-,-,19.87049400,73.82991900,03-08-2018 08:30,"","","","","",""
563,DARNA RIVER AT MES SITE PUMPING STATION BHAGUR NASHIK,CPCB,27,Maharashtra,487,Nashik,NASHIK,-,-,-,-,-,-,-,-,19.87049400,73.82991900,03-09-2018 08:30,"","","","","",""
564,DARNA RIVER AT MES SITE PUMPING STATION BHAGUR NASHIK,CPCB,27,Maharashtra,487,Nashik,NASHIK,-,-,-,-,-,-,-,-,19.87049400,73.82991900,04-10-2018 08:30,"","","","","",""
565,DARNA RIVER AT MES SITE PUMPING STATION BHAGUR NASHIK,CPCB,27,Maharashtra,487,Nashik,NASHIK,-,-,-,-,-,-,-,-,19.87049400,73.82991900,03-11-2018 08:30,"","","","","",""
566,DARNA RIVER AT MES SITE PUMPING STATION BHAGUR NASHIK,CPCB,27,Maharashtra,487,Nashik,NASHIK,-,-,-,-,-,-,-,-,19.87049400,73.82991900,07-12-2018 08:30,"","","","","",""
567,DARNA RIVER AT MES SITE PUMPING STATION BHAGUR NASHIK,CPCB,27,Maharashtra,487,Nashik,NASHIK,-,-,-,-,-,-,-,-,19.87049400,73.82991900,05-01-2019 08:30,"","","","","",""
568,DARNA RIVER AT MES SITE PUMPING STATION BHAGUR NASHIK,CPCB,27,Maharashtra,487,Nashik,NASHIK,-,-,-,-,-,-,-,-,19.87049400,73.82991900,05-02-2019 08:30,"","","","","",""
569,DARNA RIVER AT MES SITE PUMPING STATION BHAGUR NASHIK,CPCB,27,Maharashtra,487,Nashik,NASHIK,-,-,-,-,-,-,-,-,19.87049400,73.82991900,07-03-2019 08:30,"","","","","",""
570,DARNA RIVER AT MES SITE PUMPING STATION BHAGUR NASHIK,CPCB,27,Maharashtra,487,Nashik,NASHIK,-,-,-,-,-,-,-,-,19.87049400,73.82991900,05-04-2019 08:30,"","","","","",""
571,DARNA RIVER AT MES SITE PUMPING STATION BHAGUR NASHIK,CPCB,27,Maharashtra,487,Nashik,NASHIK,-,-,-,-,-,-,-,-,19.87049400,73.82991900,04-05-2019 08:30,"","","","","",""
572,DARNA RIVER AT MES SITE PUMPING STATION BHAGUR NASHIK,CPCB,27,Maharashtra,487,Nashik,NASHIK,-,-,-,-,-,-,-,-,19.87049400,73.82991900,11-06-2019 08:30,"","","","","",""
573,DARNA RIVER AT MES SITE PUMPING STATION BHAGUR NASHIK,CPCB,27,Maharashtra,487,Nashik,NASHIK,-,-,-,-,-,-,-,-,19.87049400,73.82991900,06-07-2019 08:30,"","","","","",""
574,DARNA RIVER AT MES SITE PUMPING STATION BHAGUR NASHIK,CPCB,27,Maharashtra,487,Nashik,NASHIK,-,-,-,-,-,-,-,-,19.87049400,73.82991900,06-08-2019 08:30,"","","","","",""
575,DARNA RIVER AT MES SITE PUMPING STATION BHAGUR NASHIK,CPCB,27,Maharashtra,487,Nashik,NASHIK,-,-,-,-,-,-,-,-,19.87049400,73.82991900,06-09-2019 08:30,"","","","","",""
576,DARNA RIVER AT MES SITE PUMPING STATION BHAGUR NASHIK,CPCB,27,Maharashtra,487,Nashik,NASHIK,-,-,-,-,-,-,-,-,19.87049400,73.82991900,11-10-2019 08:30,"","","","","",""
577,DARNA RIVER AT MES SITE PUMPING STATION BHAGUR NASHIK,CPCB,27,Maharashtra,487,Nashik,NASHIK,-,-,-,-,-,-,-,-,19.87049400,73.82991900,05-11-2019 08:30,"","","","","",""
578,DARNA RIVER AT MES SITE PUMPING STATION BHAGUR NASHIK,CPCB,27,Maharashtra,487,Nashik,NASHIK,-,-,-,-,-,-,-,-,19.87049400,73.82991900,05-12-2019 08:30,"","","","","",""
579,DARNA RIVER AT SANSARI  NASHIK NASHIK,CPCB,27,Maharashtra,487,Nashik,NASHIK,-,-,-,-,-,-,-,-,19.90036600,73.83809500,03-01-2018 08:30,"","","","","",""
580,DARNA RIVER AT SANSARI  NASHIK NASHIK,CPCB,27,Maharashtra,487,Nashik,NASHIK,-,-,-,-,-,-,-,-,19.90036600,73.83809500,05-03-2018 08:30,"","","","","",""
581,DARNA RIVER AT SANSARI  NASHIK NASHIK,CPCB,27,Maharashtra,487,Nashik,NASHIK,-,-,-,-,-,-,-,-,19.90036600,73.83809500,02-04-2018 08:30,"","","","","",""
582,DARNA RIVER AT SANSARI  NASHIK NASHIK,CPCB,27,Maharashtra,487,Nashik,NASHIK,-,-,-,-,-,-,-,-,19.90036600,73.83809500,02-05-2018 08:30,"","","","","",""
583,DARNA RIVER AT SANSARI  NASHIK NASHIK,CPCB,27,Maharashtra,487,Nashik,NASHIK,-,-,-,-,-,-,-,-,19.90036600,73.83809500,01-06-2018 08:30,"","","","","",""
584,DARNA RIVER AT SANSARI  NASHIK NASHIK,CPCB,27,Maharashtra,487,Nashik,NASHIK,-,-,-,-,-,-,-,-,19.90036600,73.83809500,07-07-2018 08:30,"","","","","",""
585,DARNA RIVER AT SANSARI  NASHIK NASHIK,CPCB,27,Maharashtra,487,Nashik,NASHIK,-,-,-,-,-,-,-,-,19.90036600,73.83809500,03-08-2018 08:30,"","","","","",""
586,DARNA RIVER AT SANSARI  NASHIK NASHIK,CPCB,27,Maharashtra,487,Nashik,NASHIK,-,-,-,-,-,-,-,-,19.90036600,73.83809500,03-09-2018 08:30,"","","","","",""
587,DARNA RIVER AT SANSARI  NASHIK NASHIK,CPCB,27,Maharashtra,487,Nashik,NASHIK,-,-,-,-,-,-,-,-,19.90036600,73.83809500,04-10-2018 08:30,"","","","","",""
588,DARNA RIVER AT SANSARI  NASHIK NASHIK,CPCB,27,Maharashtra,487,Nashik,NASHIK,-,-,-,-,-,-,-,-,19.90036600,73.83809500,03-11-2018 08:30,"","","","","",""
589,DARNA RIVER AT SANSARI  NASHIK NASHIK,CPCB,27,Maharashtra,487,Nashik,NASHIK,-,-,-,-,-,-,-,-,19.90036600,73.83809500,07-12-2018 08:30,"","","","","",""
590,DARNA RIVER AT SANSARI  NASHIK NASHIK,CPCB,27,Maharashtra,487,Nashik,NASHIK,-,-,-,-,-,-,-,-,19.90036600,73.83809500,05-01-2019 08:30,"","","","","",""
591,DARNA RIVER AT SANSARI  NASHIK NASHIK,CPCB,27,Maharashtra,487,Nashik,NASHIK,-,-,-,-,-,-,-,-,19.90036600,73.83809500,05-02-2019 08:30,"","","","","",""
592,DARNA RIVER AT SANSARI  NASHIK NASHIK,CPCB,27,Maharashtra,487,Nashik,NASHIK,-,-,-,-,-,-,-,-,19.90036600,73.83809500,07-03-2019 08:30,"","","","","",""
593,DARNA RIVER AT SANSARI  NASHIK NASHIK,CPCB,27,Maharashtra,487,Nashik,NASHIK,-,-,-,-,-,-,-,-,19.90036600,73.83809500,05-04-2019 08:30,"","","","","",""
594,DARNA RIVER AT SANSARI  NASHIK NASHIK,CPCB,27,Maharashtra,487,Nashik,NASHIK,-,-,-,-,-,-,-,-,19.90036600,73.83809500,04-05-2019 08:30,"","","","","",""
595,DARNA RIVER AT SANSARI  NASHIK NASHIK,CPCB,27,Maharashtra,487,Nashik,NASHIK,-,-,-,-,-,-,-,-,19.90036600,73.83809500,11-06-2019 08:30,"","","","","",""
596,DARNA RIVER AT SANSARI  NASHIK NASHIK,CPCB,27,Maharashtra,487,Nashik,NASHIK,-,-,-,-,-,-,-,-,19.90036600,73.83809500,06-07-2019 08:30,"","","","","",""
597,DARNA RIVER AT SANSARI  NASHIK NASHIK,CPCB,27,Maharashtra,487,Nashik,NASHIK,-,-,-,-,-,-,-,-,19.90036600,73.83809500,06-08-2019 08:30,"","","","","",""
598,DARNA RIVER AT SANSARI  NASHIK NASHIK,CPCB,27,Maharashtra,487,Nashik,NASHIK,-,-,-,-,-,-,-,-,19.90036600,73.83809500,06-09-2019 08:30,"","","","","",""
599,DARNA RIVER AT SANSARI  NASHIK NASHIK,CPCB,27,Maharashtra,487,Nashik,NASHIK,-,-,-,-,-,-,-,-,19.90036600,73.83809500,11-10-2019 08:30,"","","","","",""
600,DARNA RIVER AT SANSARI  NASHIK NASHIK,CPCB,27,Maharashtra,487,Nashik,NASHIK,-,-,-,-,-,-,-,-,19.90036600,73.83809500,05-12-2019 08:30,"","","","","",""
601,DUG WELL AT GHANE KUNT NEAR AWASTHI OWNED BY SHRI RAJENDRA AMRE  KHED RATNAGIRI,CPCB,27,Maharashtra,492,Ratnagiri,KHED,-,-,-,-,-,-,-,-,17.72173500,73.39855200,04-04-2018 08:30,542,Colorless,"","","",""
602,DUG WELL AT GHANE KUNT NEAR AWASTHI OWNED BY SHRI RAJENDRA AMRE  KHED RATNAGIRI,CPCB,27,Maharashtra,492,Ratnagiri,KHED,-,-,-,-,-,-,-,-,17.72173500,73.39855200,11-10-2018 08:30,106,"","","","",""
603,DUG WELL AT GHANE KUNT NEAR AWASTHI OWNED BY SHRI RAJENDRA AMRE  KHED RATNAGIRI,CPCB,27,Maharashtra,492,Ratnagiri,KHED,-,-,-,-,-,-,-,-,17.72173500,73.39855200,11-04-2019 08:30,33380,"","",2,"",""
604,DUG WELL AT GHANE KUNT NEAR AWASTHI OWNED BY SHRI RAJENDRA AMRE  KHED RATNAGIRI,CPCB,27,Maharashtra,492,Ratnagiri,KHED,-,-,-,-,-,-,-,-,17.72173500,73.39855200,10-10-2019 08:30,150,"","","","",""
605,DUG WELL AT GUNJALWADI SANGAMNER NEAR PRIMARY HEALTH CARE CENTER AHMEDNAGAR,CPCB,27,Maharashtra,9999,Ahmadnagar,Sangamner,-,-,-,-,-,-,-,-,19.43177800,74.20030100,01-04-2019 08:30,658,"","",1.5,"",""
606,DUG WELL AT NAREGAON AURANGABAD,CPCB,27,Maharashtra,469,Aurangabad,AURANGABAD,-,-,-,-,-,-,-,-,19.89506000,75.38920000,04-04-2019 08:30,1140,"","","","",""
607,DUG WELL AT RANJANGAON GANAGAPUR AURANGABAD,CPCB,27,Maharashtra,490,Pune,SHIRUR,-,-,-,-,-,-,-,-,18.75395000,74.24727800,04-04-2019 08:30,2839,"","","","",""
608,DUG WELL AT SAKHARALI NEAR MIDC ISLAMPUR NEAR KRISHNA MILK INDUSTRY WALWA SANGALI,CPCB,27,Maharashtra,493,Sangli,WALWA,-,-,-,-,-,-,-,-,17.06902900,74.27306100,02-04-2018 08:30,2330,Colorless,"","","",""
609,DUG WELL AT SAKHARALI NEAR MIDC ISLAMPUR NEAR KRISHNA MILK INDUSTRY WALWA SANGALI,CPCB,27,Maharashtra,493,Sangli,WALWA,-,-,-,-,-,-,-,-,17.06902900,74.27306100,08-10-2018 08:30,2177,"","","","",""
610,DUG WELL AT SAKHARALI NEAR MIDC ISLAMPUR NEAR KRISHNA MILK INDUSTRY WALWA SANGALI,CPCB,27,Maharashtra,493,Sangli,WALWA,-,-,-,-,-,-,-,-,17.06902900,74.27306100,09-04-2019 08:30,53940,"","",1.4,"",""
611,DUG WELL AT SAKHARALI NEAR MIDC ISLAMPUR NEAR KRISHNA MILK INDUSTRY WALWA SANGALI,CPCB,27,Maharashtra,493,Sangli,WALWA,-,-,-,-,-,-,-,-,17.06902900,74.27306100,04-10-2019 08:30,910,"","","","",""
612,DUG WELL NEAR JILLA PARISHAD PRIMARY SCHOOL VISAPUR BALLARPUR CHANDRAPUR,CPCB,27,Maharashtra,473,Chandrapur,Ballarpur,-,-,-,-,-,-,-,-,19.88981700,79.33187700,04-04-2018 08:30,976,"","","","",""
613,DUG WELL NEAR JILLA PARISHAD PRIMARY SCHOOL VISAPUR BALLARPUR CHANDRAPUR,CPCB,27,Maharashtra,473,Chandrapur,Ballarpur,-,-,-,-,-,-,-,-,19.88981700,79.33187700,09-10-2018 08:30,990,"","","","",""
614,DUG WELL NEAR JILLA PARISHAD PRIMARY SCHOOL VISAPUR BALLARPUR CHANDRAPUR,CPCB,27,Maharashtra,473,Chandrapur,Ballarpur,-,-,-,-,-,-,-,-,19.88981700,79.33187700,02-04-2019 08:30,203,"","","","",""
615,DUG WELL NEAR JILLA PARISHAD PRIMARY SCHOOL VISAPUR BALLARPUR CHANDRAPUR,CPCB,27,Maharashtra,473,Chandrapur,Ballarpur,-,-,-,-,-,-,-,-,19.88981700,79.33187700,07-10-2019 08:30,1729,"","","","",""
616,DUG WELL NEAR RAILWAY STATION COTTON MARKET WARDHA,CPCB,27,Maharashtra,498,Wardha,WARDHA,-,-,-,-,-,-,-,-,20.74530300,78.60221100,09-04-2018 08:30,858,"","","","",""
617,DUG WELL NEAR RAILWAY STATION COTTON MARKET WARDHA,CPCB,27,Maharashtra,498,Wardha,WARDHA,-,-,-,-,-,-,-,-,20.74530300,78.60221100,29-10-2018 08:30,989,"","","","",""
618,DUG WELL NEAR RAILWAY STATION COTTON MARKET WARDHA,CPCB,27,Maharashtra,498,Wardha,WARDHA,-,-,-,-,-,-,-,-,20.74530300,78.60221100,04-04-2019 08:30,"","","","","",""
619,DUG WELL NEAR RAILWAY STATION COTTON MARKET WARDHA,CPCB,27,Maharashtra,498,Wardha,WARDHA,-,-,-,-,-,-,-,-,20.74530300,78.60221100,05-10-2019 08:30,810,"","","","",""
620,DUG WELL NO-1 AT BRAHMANWADI ANJANWEL OWNED BY SHRI VAIDYA GUHAGAR RATNAGIRI,CPCB,27,Maharashtra,492,Ratnagiri,GUHAGAR,-,-,-,-,-,-,-,-,17.48683600,73.18900800,03-04-2018 08:30,321,Colorless,"","","",""
621,DUG WELL NO-1 AT BRAHMANWADI ANJANWEL OWNED BY SHRI VAIDYA GUHAGAR RATNAGIRI,CPCB,27,Maharashtra,492,Ratnagiri,GUHAGAR,-,-,-,-,-,-,-,-,17.48683600,73.18900800,11-10-2018 08:30,98,"","","","",""
622,DUG WELL NO-1 AT BRAHMANWADI ANJANWEL OWNED BY SHRI VAIDYA GUHAGAR RATNAGIRI,CPCB,27,Maharashtra,492,Ratnagiri,GUHAGAR,-,-,-,-,-,-,-,-,17.48683600,73.18900800,10-04-2019 08:30,241,"","",1.2,"",""
623,DUG WELL NO-1 AT BRAHMANWADI ANJANWEL OWNED BY SHRI VAIDYA GUHAGAR RATNAGIRI,CPCB,27,Maharashtra,492,Ratnagiri,GUHAGAR,-,-,-,-,-,-,-,-,17.48683600,73.18900800,10-10-2019 08:30,150,"","","","",""
624,DUG WELL NO-1 AT GROUP GRAM PANCHAYAT AT ARKETWADI NEAR MASJID KHED RATNAGIRI,CPCB,27,Maharashtra,492,Ratnagiri,RATNAGIRI,-,-,-,-,-,-,-,-,16.99002800,73.31197200,04-04-2018 08:30,4526,Colorless,"","","",""
625,DUG WELL NO-1 AT GROUP GRAM PANCHAYAT AT ARKETWADI NEAR MASJID KHED RATNAGIRI,CPCB,27,Maharashtra,492,Ratnagiri,RATNAGIRI,-,-,-,-,-,-,-,-,16.99002800,73.31197200,11-10-2018 08:30,184,"","","","",""
626,DUG WELL NO-1 AT GROUP GRAM PANCHAYAT AT ARKETWADI NEAR MASJID KHED RATNAGIRI,CPCB,27,Maharashtra,492,Ratnagiri,RATNAGIRI,-,-,-,-,-,-,-,-,16.99002800,73.31197200,11-04-2019 08:30,54090,"","",2.1,"",""
627,DUG WELL NO-1 AT GROUP GRAM PANCHAYAT AT ARKETWADI NEAR MASJID KHED RATNAGIRI,CPCB,27,Maharashtra,492,Ratnagiri,RATNAGIRI,-,-,-,-,-,-,-,-,16.99002800,73.31197200,10-10-2019 08:30,150,"","","","",""
628,DUG WELL NO-2 AT ARKETWADI KHED RATNAGIRI,CPCB,27,Maharashtra,492,Ratnagiri,KHED,-,-,-,-,-,-,-,-,17.71955300,73.39681400,04-04-2018 08:30,4667,Colorless,"","","",""
629,DUG WELL NO-2 AT ARKETWADI KHED RATNAGIRI,CPCB,27,Maharashtra,492,Ratnagiri,KHED,-,-,-,-,-,-,-,-,17.71955300,73.39681400,11-10-2018 08:30,383,"","","","",""
630,DUG WELL NO-2 AT ARKETWADI KHED RATNAGIRI,CPCB,27,Maharashtra,492,Ratnagiri,KHED,-,-,-,-,-,-,-,-,17.71955300,73.39681400,11-04-2019 08:30,54870,"","","","",""
631,DUG WELL NO-2 AT ARKETWADI KHED RATNAGIRI,CPCB,27,Maharashtra,492,Ratnagiri,KHED,-,-,-,-,-,-,-,-,17.71955300,73.39681400,10-10-2019 08:30,187,"","","","",""
632,DUG WELL NO-2 OWNED BY GROUP GRAM PANCHAYAT BRAHMANWADI ANJANWEL GUHAGAR RATNAGIRI,CPCB,27,Maharashtra,492,Ratnagiri,GUHAGAR,-,-,-,-,-,-,-,-,17.55370000,73.16741400,03-04-2018 08:30,225,Colorless,"","","",""
633,DUG WELL NO-2 OWNED BY GROUP GRAM PANCHAYAT BRAHMANWADI ANJANWEL GUHAGAR RATNAGIRI,CPCB,27,Maharashtra,492,Ratnagiri,GUHAGAR,-,-,-,-,-,-,-,-,17.55370000,73.16741400,11-10-2018 08:30,276,"","","","",""
634,DUG WELL NO-2 OWNED BY GROUP GRAM PANCHAYAT BRAHMANWADI ANJANWEL GUHAGAR RATNAGIRI,CPCB,27,Maharashtra,492,Ratnagiri,GUHAGAR,-,-,-,-,-,-,-,-,17.55370000,73.16741400,10-04-2019 08:30,55570,"","",3,"",""
635,DUG WELL NO-2 OWNED BY GROUP GRAM PANCHAYAT BRAHMANWADI ANJANWEL GUHAGAR RATNAGIRI,CPCB,27,Maharashtra,492,Ratnagiri,GUHAGAR,-,-,-,-,-,-,-,-,17.55370000,73.16741400,10-10-2019 08:30,150,"","","","",""
636,DUG WELL OWNED BY SHRI DESHMUKH MALEGAON BARAMATI PUNE,CPCB,27,Maharashtra,487,Nashik,MALEGAON,-,-,-,-,-,-,-,-,20.55724000,74.50773200,05-04-2018 08:30,2084,"","","","",""
637,DUG WELL OWNED BY SHRI DESHMUKH MALEGAON BARAMATI PUNE,CPCB,27,Maharashtra,487,Nashik,MALEGAON,-,-,-,-,-,-,-,-,20.55724000,74.50773200,02-10-2018 08:30,2592,"","",1.34,"",""
638,DUG WELL OWNED BY SHRI DESHMUKH MALEGAON BARAMATI PUNE,CPCB,27,Maharashtra,487,Nashik,MALEGAON,-,-,-,-,-,-,-,-,20.55724000,74.50773200,02-04-2019 08:30,"","","","","",""
639,DUG WELL OWNED BY SHRI DESHMUKH MALEGAON BARAMATI PUNE,CPCB,27,Maharashtra,487,Nashik,MALEGAON,-,-,-,-,-,-,-,-,20.55724000,74.50773200,05-10-2019 08:30,4200,"","","","",""
640,DUG WELL OWNED BY SHRI SHIVAJI BABAN DAREKAR SANASWADI SHIRUR PUNE,CPCB,27,Maharashtra,490,Pune,SHIRUR,-,-,-,-,-,-,-,-,18.66474200,74.10843300,05-04-2018 08:30,1690,"","","","",""
641,DUG WELL OWNED BY SHRI SHIVAJI BABAN DAREKAR SANASWADI SHIRUR PUNE,CPCB,27,Maharashtra,490,Pune,SHIRUR,-,-,-,-,-,-,-,-,18.66474200,74.10843300,01-10-2018 08:30,452,"","","","",""
642,DUG WELL OWNED BY SHRI SHIVAJI BABAN DAREKAR SANASWADI SHIRUR PUNE,CPCB,27,Maharashtra,490,Pune,SHIRUR,-,-,-,-,-,-,-,-,18.66474200,74.10843300,04-04-2019 08:30,"","","","","",""
643,DUG WELL OWNED BY SHRI SHIVAJI BABAN DAREKAR SANASWADI SHIRUR PUNE,CPCB,27,Maharashtra,490,Pune,SHIRUR,-,-,-,-,-,-,-,-,18.66474200,74.10843300,04-10-2019 08:30,1171,"","","","",""
644,GHARATWADIALIYALIPALGHAR THANE,CPCB,27,Maharashtra,496,Solapur,SOLAPUR NORTH,-,-,-,-,-,-,-,-,18.37530900,74.91486200,04-04-2018 08:30,1613,Clear,"","","",""
645,GHARATWADIALIYALIPALGHAR THANE,CPCB,27,Maharashtra,496,Solapur,SOLAPUR NORTH,-,-,-,-,-,-,-,-,18.37530900,74.91486200,04-10-2018 08:30,2187,Clear,"","","",""
646,GHARATWADIALIYALIPALGHAR THANE,CPCB,27,Maharashtra,496,Solapur,SOLAPUR NORTH,-,-,-,-,-,-,-,-,18.37530900,74.91486200,09-04-2019 08:30,566,"","","","",""
647,GHARATWADIALIYALIPALGHAR THANE,CPCB,27,Maharashtra,496,Solapur,SOLAPUR NORTH,-,-,-,-,-,-,-,-,18.37530900,74.91486200,09-10-2019 08:30,2037,"","",2,"",""
648,GHOD RIVER AT SHIRUR PUNE,CPCB,27,Maharashtra,490,Pune,SHIRUR,-,-,-,-,-,-,-,-,18.83172200,74.38783900,04-01-2018 08:30,"","","","","",""
649,GHOD RIVER AT SHIRUR PUNE,CPCB,27,Maharashtra,490,Pune,SHIRUR,-,-,-,-,-,-,-,-,18.83172200,74.38783900,03-03-2018 08:30,"","","","","",""
650,GHOD RIVER AT SHIRUR PUNE,CPCB,27,Maharashtra,490,Pune,SHIRUR,-,-,-,-,-,-,-,-,18.83172200,74.38783900,04-04-2018 08:30,"","","","","",""
651,GHOD RIVER AT SHIRUR PUNE,CPCB,27,Maharashtra,490,Pune,SHIRUR,-,-,-,-,-,-,-,-,18.83172200,74.38783900,03-05-2018 08:30,"","","","","",""
652,GHOD RIVER AT SHIRUR PUNE,CPCB,27,Maharashtra,490,Pune,SHIRUR,-,-,-,-,-,-,-,-,18.83172200,74.38783900,02-06-2018 08:30,"","","","","",""
653,GHOD RIVER AT SHIRUR PUNE,CPCB,27,Maharashtra,490,Pune,SHIRUR,-,-,-,-,-,-,-,-,18.83172200,74.38783900,05-07-2018 08:30,"","","","","",""
654,GHOD RIVER AT SHIRUR PUNE,CPCB,27,Maharashtra,490,Pune,SHIRUR,-,-,-,-,-,-,-,-,18.83172200,74.38783900,02-08-2018 08:30,"","","","","",""
655,GHOD RIVER AT SHIRUR PUNE,CPCB,27,Maharashtra,490,Pune,SHIRUR,-,-,-,-,-,-,-,-,18.83172200,74.38783900,04-09-2018 08:30,"","","","","",""
656,GHOD RIVER AT SHIRUR PUNE,CPCB,27,Maharashtra,490,Pune,SHIRUR,-,-,-,-,-,-,-,-,18.83172200,74.38783900,04-10-2018 08:30,"","","","","",""
657,GHOD RIVER AT SHIRUR PUNE,CPCB,27,Maharashtra,490,Pune,SHIRUR,-,-,-,-,-,-,-,-,18.83172200,74.38783900,02-11-2018 08:30,"","","","","",""
658,GHOD RIVER AT SHIRUR PUNE,CPCB,27,Maharashtra,490,Pune,SHIRUR,-,-,-,-,-,-,-,-,18.83172200,74.38783900,04-01-2019 08:30,"","","","","",""
659,GHOD RIVER AT SHIRUR PUNE,CPCB,27,Maharashtra,490,Pune,SHIRUR,-,-,-,-,-,-,-,-,18.83172200,74.38783900,04-04-2019 08:30,"","","","","",""
660,GHOD RIVER AT SHIRUR PUNE,CPCB,27,Maharashtra,490,Pune,SHIRUR,-,-,-,-,-,-,-,-,18.83172200,74.38783900,07-07-2019 08:30,"","","","","",""
661,GHOD RIVER AT SHIRUR PUNE,CPCB,27,Maharashtra,490,Pune,SHIRUR,-,-,-,-,-,-,-,-,18.83172200,74.38783900,01-08-2019 08:30,"","","","","",""
662,GHOD RIVER AT SHIRUR PUNE,CPCB,27,Maharashtra,490,Pune,SHIRUR,-,-,-,-,-,-,-,-,18.83172200,74.38783900,07-09-2019 08:30,"","","","","",""
663,GHOD RIVER AT SHIRUR PUNE,CPCB,27,Maharashtra,490,Pune,SHIRUR,-,-,-,-,-,-,-,-,18.83172200,74.38783900,04-10-2019 08:30,"","","","","",""
664,GHOD RIVER AT SHIRUR PUNE,CPCB,27,Maharashtra,490,Pune,SHIRUR,-,-,-,-,-,-,-,-,18.83172200,74.38783900,04-11-2019 08:30,"","","","","",""
665,GHOD RIVER AT SHIRUR PUNE,CPCB,27,Maharashtra,490,Pune,SHIRUR,-,-,-,-,-,-,-,-,18.83172200,74.38783900,05-12-2019 08:30,"","","","","",""
666,GIRNA AT JALGAON,CPCB,27,Maharashtra,478,Jalgaon,BHADGAON,-,-,-,-,-,-,-,-,20.67477400,75.22279000,03-01-2018 08:30,"","","","","",""
667,GIRNA AT JALGAON,CPCB,27,Maharashtra,478,Jalgaon,BHADGAON,-,-,-,-,-,-,-,-,20.67477400,75.22279000,06-08-2018 08:30,"","","","","",""
668,GIRNA AT JALGAON,CPCB,27,Maharashtra,478,Jalgaon,BHADGAON,-,-,-,-,-,-,-,-,20.67477400,75.22279000,03-09-2018 08:30,"","","","","",""
669,GIRNA AT JALGAON,CPCB,27,Maharashtra,478,Jalgaon,BHADGAON,-,-,-,-,-,-,-,-,20.67477400,75.22279000,01-04-2019 08:30,"","","","","",""
670,GIRNA AT JALGAON,CPCB,27,Maharashtra,478,Jalgaon,BHADGAON,-,-,-,-,-,-,-,-,20.67477400,75.22279000,04-08-2019 08:30,"","","","","",""
671,GIRNA AT JALGAON,CPCB,27,Maharashtra,478,Jalgaon,BHADGAON,-,-,-,-,-,-,-,-,20.67477400,75.22279000,03-09-2019 08:30,"","","","","",""
672,GIRNA AT JALGAON,CPCB,27,Maharashtra,478,Jalgaon,BHADGAON,-,-,-,-,-,-,-,-,20.67477400,75.22279000,04-10-2019 08:30,"","","","","",""
673,GIRNA AT JALGAON,CPCB,27,Maharashtra,478,Jalgaon,BHADGAON,-,-,-,-,-,-,-,-,20.67477400,75.22279000,05-11-2019 08:30,"","","","","",""
674,GIRNA AT JALGAON,CPCB,27,Maharashtra,478,Jalgaon,BHADGAON,-,-,-,-,-,-,-,-,20.67477400,75.22279000,03-12-2019 08:30,"","","","","",""
675,GIRNA AT MALEGAON (MANMAD) NASHIK,CPCB,27,Maharashtra,487,Nashik,MALEGAON,-,-,-,-,-,-,-,-,20.55901400,74.50839400,03-08-2018 08:30,"","","","","",""
676,GIRNA AT MALEGAON (MANMAD) NASHIK,CPCB,27,Maharashtra,487,Nashik,MALEGAON,-,-,-,-,-,-,-,-,20.55901400,74.50839400,05-09-2018 08:30,"","","","","",""
677,GIRNA AT MALEGAON (MANMAD) NASHIK,CPCB,27,Maharashtra,487,Nashik,MALEGAON,-,-,-,-,-,-,-,-,20.55901400,74.50839400,05-04-2019 08:30,"","","","","",""
678,GIRNA AT MALEGAON (MANMAD) NASHIK,CPCB,27,Maharashtra,487,Nashik,MALEGAON,-,-,-,-,-,-,-,-,20.55901400,74.50839400,04-09-2019 08:30,"","","","","",""
679,GIRNA AT MALEGAON (MANMAD) NASHIK,CPCB,27,Maharashtra,487,Nashik,MALEGAON,-,-,-,-,-,-,-,-,20.55901400,74.50839400,05-11-2019 08:30,"","","","","",""
680,GODAVARI AT DHALEGAON PATHARI PARBHANI,CPCB,27,Maharashtra,489,Parbhani,PATHRI,-,-,-,-,-,-,-,-,19.22606800,76.36701300,05-01-2018 08:30,"","","","","",""
681,GODAVARI AT DHALEGAON PATHARI PARBHANI,CPCB,27,Maharashtra,489,Parbhani,PATHRI,-,-,-,-,-,-,-,-,19.22606800,76.36701300,08-02-2018 08:30,"","","","","",""
682,GODAVARI AT DHALEGAON PATHARI PARBHANI,CPCB,27,Maharashtra,489,Parbhani,PATHRI,-,-,-,-,-,-,-,-,19.22606800,76.36701300,03-03-2018 08:30,"","","","","",""
683,GODAVARI AT DHALEGAON PATHARI PARBHANI,CPCB,27,Maharashtra,489,Parbhani,PATHRI,-,-,-,-,-,-,-,-,19.22606800,76.36701300,13-04-2018 08:30,"","","","","",""
684,GODAVARI AT DHALEGAON PATHARI PARBHANI,CPCB,27,Maharashtra,489,Parbhani,PATHRI,-,-,-,-,-,-,-,-,19.22606800,76.36701300,07-05-2018 08:30,"","","","","",""
685,GODAVARI AT DHALEGAON PATHARI PARBHANI,CPCB,27,Maharashtra,489,Parbhani,PATHRI,-,-,-,-,-,-,-,-,19.22606800,76.36701300,07-06-2018 08:30,"","","","","",""
686,GODAVARI AT DHALEGAON PATHARI PARBHANI,CPCB,27,Maharashtra,489,Parbhani,PATHRI,-,-,-,-,-,-,-,-,19.22606800,76.36701300,09-07-2018 08:30,"","","","","",""
687,GODAVARI AT DHALEGAON PATHARI PARBHANI,CPCB,27,Maharashtra,489,Parbhani,PATHRI,-,-,-,-,-,-,-,-,19.22606800,76.36701300,02-08-2018 08:30,"","","","","",""
688,GODAVARI AT DHALEGAON PATHARI PARBHANI,CPCB,27,Maharashtra,489,Parbhani,PATHRI,-,-,-,-,-,-,-,-,19.22606800,76.36701300,10-09-2018 08:30,"","","","","",""
689,GODAVARI AT DHALEGAON PATHARI PARBHANI,CPCB,27,Maharashtra,489,Parbhani,PATHRI,-,-,-,-,-,-,-,-,19.22606800,76.36701300,03-10-2018 08:30,"","","","","",""
690,GODAVARI AT DHALEGAON PATHARI PARBHANI,CPCB,27,Maharashtra,489,Parbhani,PATHRI,-,-,-,-,-,-,-,-,19.22606800,76.36701300,05-11-2018 08:30,"","","","","",""
691,GODAVARI AT DHALEGAON PATHARI PARBHANI,CPCB,27,Maharashtra,489,Parbhani,PATHRI,-,-,-,-,-,-,-,-,19.22606800,76.36701300,10-12-2018 08:30,"","","","","",""
692,GODAVARI AT DHALEGAON PATHARI PARBHANI,CPCB,27,Maharashtra,489,Parbhani,PATHRI,-,-,-,-,-,-,-,-,19.22606800,76.36701300,10-01-2019 08:30,"","","","","",""
693,GODAVARI AT DHALEGAON PATHARI PARBHANI,CPCB,27,Maharashtra,489,Parbhani,PATHRI,-,-,-,-,-,-,-,-,19.22606800,76.36701300,01-02-2019 08:30,"","","","","",""
694,GODAVARI AT DHALEGAON PATHARI PARBHANI,CPCB,27,Maharashtra,489,Parbhani,PATHRI,-,-,-,-,-,-,-,-,19.22606800,76.36701300,07-03-2019 08:30,"","","","","",""
695,GODAVARI AT DHALEGAON PATHARI PARBHANI,CPCB,27,Maharashtra,489,Parbhani,PATHRI,-,-,-,-,-,-,-,-,19.22606800,76.36701300,10-04-2019 08:30,"","","","","",""
696,GODAVARI AT DHALEGAON PATHARI PARBHANI,CPCB,27,Maharashtra,489,Parbhani,PATHRI,-,-,-,-,-,-,-,-,19.22606800,76.36701300,06-08-2019 08:30,"","","","","",""
697,GODAVARI AT DHALEGAON PATHARI PARBHANI,CPCB,27,Maharashtra,489,Parbhani,PATHRI,-,-,-,-,-,-,-,-,19.22606800,76.36701300,05-09-2019 08:30,"","","","","",""
698,GODAVARI AT DHALEGAON PATHARI PARBHANI,CPCB,27,Maharashtra,489,Parbhani,PATHRI,-,-,-,-,-,-,-,-,19.22606800,76.36701300,04-10-2019 08:30,"","","","","",""
699,GODAVARI AT DHALEGAON PATHARI PARBHANI,CPCB,27,Maharashtra,489,Parbhani,PATHRI,-,-,-,-,-,-,-,-,19.22606800,76.36701300,01-11-2019 08:30,"","","","","",""
700,GODAVARI AT DHALEGAON PATHARI PARBHANI,CPCB,27,Maharashtra,489,Parbhani,PATHRI,-,-,-,-,-,-,-,-,19.22606800,76.36701300,03-12-2019 08:30,"","","","","",""
701,GODAVARI AT JAYAKWADI DAM PAITHANAURANAGABAD,CPCB,27,Maharashtra,469,Aurangabad,PAITHAN,-,-,-,-,-,-,-,-,19.48531700,75.37009900,01-01-2018 08:30,"","","","","",""
702,GODAVARI AT JAYAKWADI DAM PAITHANAURANAGABAD,CPCB,27,Maharashtra,469,Aurangabad,PAITHAN,-,-,-,-,-,-,-,-,19.48531700,75.37009900,08-02-2018 08:30,"","","","","",""
703,GODAVARI AT JAYAKWADI DAM PAITHANAURANAGABAD,CPCB,27,Maharashtra,469,Aurangabad,PAITHAN,-,-,-,-,-,-,-,-,19.48531700,75.37009900,06-03-2018 08:30,"","","","","",""
704,GODAVARI AT JAYAKWADI DAM PAITHANAURANAGABAD,CPCB,27,Maharashtra,469,Aurangabad,PAITHAN,-,-,-,-,-,-,-,-,19.48531700,75.37009900,04-04-2018 08:30,"","","","","",""
705,GODAVARI AT JAYAKWADI DAM PAITHANAURANAGABAD,CPCB,27,Maharashtra,469,Aurangabad,PAITHAN,-,-,-,-,-,-,-,-,19.48531700,75.37009900,03-05-2018 08:30,"","","","","",""
706,GODAVARI AT JAYAKWADI DAM PAITHANAURANAGABAD,CPCB,27,Maharashtra,469,Aurangabad,PAITHAN,-,-,-,-,-,-,-,-,19.48531700,75.37009900,08-06-2018 08:30,"","","","","",""
707,GODAVARI AT JAYAKWADI DAM PAITHANAURANAGABAD,CPCB,27,Maharashtra,469,Aurangabad,PAITHAN,-,-,-,-,-,-,-,-,19.48531700,75.37009900,05-07-2018 08:30,"","","","","",""
708,GODAVARI AT JAYAKWADI DAM PAITHANAURANAGABAD,CPCB,27,Maharashtra,469,Aurangabad,PAITHAN,-,-,-,-,-,-,-,-,19.48531700,75.37009900,02-08-2018 08:30,"","","","","",""
709,GODAVARI AT JAYAKWADI DAM PAITHANAURANAGABAD,CPCB,27,Maharashtra,469,Aurangabad,PAITHAN,-,-,-,-,-,-,-,-,19.48531700,75.37009900,05-09-2018 08:30,"","","","","",""
710,GODAVARI AT JAYAKWADI DAM PAITHANAURANAGABAD,CPCB,27,Maharashtra,469,Aurangabad,PAITHAN,-,-,-,-,-,-,-,-,19.48531700,75.37009900,08-10-2018 08:30,"","","","","",""
711,GODAVARI AT JAYAKWADI DAM PAITHANAURANAGABAD,CPCB,27,Maharashtra,469,Aurangabad,PAITHAN,-,-,-,-,-,-,-,-,19.48531700,75.37009900,01-11-2018 08:30,"","","","","",""
712,GODAVARI AT JAYAKWADI DAM PAITHANAURANAGABAD,CPCB,27,Maharashtra,469,Aurangabad,PAITHAN,-,-,-,-,-,-,-,-,19.48531700,75.37009900,01-12-2018 08:30,"","","","","",""
713,GODAVARI AT JAYAKWADI DAM PAITHANAURANAGABAD,CPCB,27,Maharashtra,469,Aurangabad,PAITHAN,-,-,-,-,-,-,-,-,19.48531700,75.37009900,01-01-2019 08:30,"","","","","",""
714,GODAVARI AT JAYAKWADI DAM PAITHANAURANAGABAD,CPCB,27,Maharashtra,469,Aurangabad,PAITHAN,-,-,-,-,-,-,-,-,19.48531700,75.37009900,02-02-2019 08:30,"","","","","",""
715,GODAVARI AT JAYAKWADI DAM PAITHANAURANAGABAD,CPCB,27,Maharashtra,469,Aurangabad,PAITHAN,-,-,-,-,-,-,-,-,19.48531700,75.37009900,05-03-2019 08:30,"","","","","",""
716,GODAVARI AT JAYAKWADI DAM PAITHANAURANAGABAD,CPCB,27,Maharashtra,469,Aurangabad,PAITHAN,-,-,-,-,-,-,-,-,19.48531700,75.37009900,26-04-2019 08:30,"","","","","",""
717,GODAVARI AT JAYAKWADI DAM PAITHANAURANAGABAD,CPCB,27,Maharashtra,469,Aurangabad,PAITHAN,-,-,-,-,-,-,-,-,19.48531700,75.37009900,03-05-2019 08:30,"","","","","",""
718,GODAVARI AT JAYAKWADI DAM PAITHANAURANAGABAD,CPCB,27,Maharashtra,469,Aurangabad,PAITHAN,-,-,-,-,-,-,-,-,19.48531700,75.37009900,01-06-2019 08:30,"","","","","",""
719,GODAVARI AT JAYAKWADI DAM PAITHANAURANAGABAD,CPCB,27,Maharashtra,469,Aurangabad,PAITHAN,-,-,-,-,-,-,-,-,19.48531700,75.37009900,04-07-2019 08:30,"","","","","",""
720,GODAVARI AT JAYAKWADI DAM PAITHANAURANAGABAD,CPCB,27,Maharashtra,469,Aurangabad,PAITHAN,-,-,-,-,-,-,-,-,19.48531700,75.37009900,05-08-2019 08:30,"","","","","",""
721,GODAVARI AT JAYAKWADI DAM PAITHANAURANAGABAD,CPCB,27,Maharashtra,469,Aurangabad,PAITHAN,-,-,-,-,-,-,-,-,19.48531700,75.37009900,05-09-2019 08:30,"","","","","",""
722,GODAVARI AT JAYAKWADI DAM PAITHANAURANAGABAD,CPCB,27,Maharashtra,469,Aurangabad,PAITHAN,-,-,-,-,-,-,-,-,19.48531700,75.37009900,03-10-2019 08:30,"","","","","",""
723,GODAVARI AT JAYAKWADI DAM PAITHANAURANAGABAD,CPCB,27,Maharashtra,469,Aurangabad,PAITHAN,-,-,-,-,-,-,-,-,19.48531700,75.37009900,02-11-2019 08:30,"","","","","",""
724,GODAVARI AT JAYAKWADI DAM PAITHANAURANAGABAD,CPCB,27,Maharashtra,469,Aurangabad,PAITHAN,-,-,-,-,-,-,-,-,19.48531700,75.37009900,04-12-2019 08:30,"","","","","",""
725,GODAVARI AT NASIK D/S GADGEBABA MAHARAJ NAGAR NASHIK,CPCB,27,Maharashtra,487,Nashik,NASHIK,-,-,-,-,-,-,-,-,20.00156800,73.79531400,01-01-2018 08:30,"","","","","",""
726,GODAVARI AT NASIK D/S GADGEBABA MAHARAJ NAGAR NASHIK,CPCB,27,Maharashtra,487,Nashik,NASHIK,-,-,-,-,-,-,-,-,20.00156800,73.79531400,03-03-2018 08:30,"","","","","",""
727,GODAVARI AT NASIK D/S GADGEBABA MAHARAJ NAGAR NASHIK,CPCB,27,Maharashtra,487,Nashik,NASHIK,-,-,-,-,-,-,-,-,20.00156800,73.79531400,02-04-2018 08:30,"","","","","",""
728,GODAVARI AT NASIK D/S GADGEBABA MAHARAJ NAGAR NASHIK,CPCB,27,Maharashtra,487,Nashik,NASHIK,-,-,-,-,-,-,-,-,20.00156800,73.79531400,02-05-2018 08:30,"","","","","",""
729,GODAVARI AT NASIK D/S GADGEBABA MAHARAJ NAGAR NASHIK,CPCB,27,Maharashtra,487,Nashik,NASHIK,-,-,-,-,-,-,-,-,20.00156800,73.79531400,02-06-2018 08:30,"","","","","",""
730,GODAVARI AT NASIK D/S GADGEBABA MAHARAJ NAGAR NASHIK,CPCB,27,Maharashtra,487,Nashik,NASHIK,-,-,-,-,-,-,-,-,20.00156800,73.79531400,07-07-2018 08:30,"","","","","",""
731,GODAVARI AT NASIK D/S GADGEBABA MAHARAJ NAGAR NASHIK,CPCB,27,Maharashtra,487,Nashik,NASHIK,-,-,-,-,-,-,-,-,20.00156800,73.79531400,02-08-2018 08:30,"","","","","",""
732,GODAVARI AT NASIK D/S GADGEBABA MAHARAJ NAGAR NASHIK,CPCB,27,Maharashtra,487,Nashik,NASHIK,-,-,-,-,-,-,-,-,20.00156800,73.79531400,05-09-2018 08:30,"","","","","",""
733,GODAVARI AT NASIK D/S GADGEBABA MAHARAJ NAGAR NASHIK,CPCB,27,Maharashtra,487,Nashik,NASHIK,-,-,-,-,-,-,-,-,20.00156800,73.79531400,03-10-2018 08:30,"","","","","",""
734,GODAVARI AT NASIK D/S GADGEBABA MAHARAJ NAGAR NASHIK,CPCB,27,Maharashtra,487,Nashik,NASHIK,-,-,-,-,-,-,-,-,20.00156800,73.79531400,02-11-2018 08:30,"","","","","",""
735,GODAVARI AT NASIK D/S GADGEBABA MAHARAJ NAGAR NASHIK,CPCB,27,Maharashtra,487,Nashik,NASHIK,-,-,-,-,-,-,-,-,20.00156800,73.79531400,06-12-2018 08:30,"","","","","",""
736,GODAVARI AT NASIK D/S GADGEBABA MAHARAJ NAGAR NASHIK,CPCB,27,Maharashtra,487,Nashik,NASHIK,-,-,-,-,-,-,-,-,20.00156800,73.79531400,04-01-2019 08:30,"","","","","",""
737,GODAVARI AT NASIK D/S GADGEBABA MAHARAJ NAGAR NASHIK,CPCB,27,Maharashtra,487,Nashik,NASHIK,-,-,-,-,-,-,-,-,20.00156800,73.79531400,05-02-2019 08:30,"","","","","",""
738,GODAVARI AT NASIK D/S GADGEBABA MAHARAJ NAGAR NASHIK,CPCB,27,Maharashtra,487,Nashik,NASHIK,-,-,-,-,-,-,-,-,20.00156800,73.79531400,05-03-2019 08:30,"","","","","",""
739,GODAVARI AT NASIK D/S GADGEBABA MAHARAJ NAGAR NASHIK,CPCB,27,Maharashtra,487,Nashik,NASHIK,-,-,-,-,-,-,-,-,20.00156800,73.79531400,03-04-2019 08:30,"","","","","",""
740,GODAVARI AT NASIK D/S GADGEBABA MAHARAJ NAGAR NASHIK,CPCB,27,Maharashtra,487,Nashik,NASHIK,-,-,-,-,-,-,-,-,20.00156800,73.79531400,04-05-2019 08:30,"","","","","",""
741,GODAVARI AT NASIK D/S GADGEBABA MAHARAJ NAGAR NASHIK,CPCB,27,Maharashtra,487,Nashik,NASHIK,-,-,-,-,-,-,-,-,20.00156800,73.79531400,11-06-2019 08:30,"","","","","",""
742,GODAVARI AT NASIK D/S GADGEBABA MAHARAJ NAGAR NASHIK,CPCB,27,Maharashtra,487,Nashik,NASHIK,-,-,-,-,-,-,-,-,20.00156800,73.79531400,09-07-2019 08:30,"","","","","",""
743,GODAVARI AT NASIK D/S GADGEBABA MAHARAJ NAGAR NASHIK,CPCB,27,Maharashtra,487,Nashik,NASHIK,-,-,-,-,-,-,-,-,20.00156800,73.79531400,02-08-2019 08:30,"","","","","",""
744,GODAVARI AT NASIK D/S GADGEBABA MAHARAJ NAGAR NASHIK,CPCB,27,Maharashtra,487,Nashik,NASHIK,-,-,-,-,-,-,-,-,20.00156800,73.79531400,05-09-2019 08:30,"","","","","",""
745,GODAVARI AT NASIK D/S GADGEBABA MAHARAJ NAGAR NASHIK,CPCB,27,Maharashtra,487,Nashik,NASHIK,-,-,-,-,-,-,-,-,20.00156800,73.79531400,09-10-2019 08:30,"","","","","",""
746,GODAVARI AT NASIK D/S GADGEBABA MAHARAJ NAGAR NASHIK,CPCB,27,Maharashtra,487,Nashik,NASHIK,-,-,-,-,-,-,-,-,20.00156800,73.79531400,01-11-2019 08:30,"","","","","",""
747,GODAVARI AT NASIK D/S GADGEBABA MAHARAJ NAGAR NASHIK,CPCB,27,Maharashtra,487,Nashik,NASHIK,-,-,-,-,-,-,-,-,20.00156800,73.79531400,04-12-2019 08:30,"","","","","",""
748,GODAVARI AT PANCHAVATI AT RAMKUNDNASHIK,CPCB,27,Maharashtra,487,Nashik,NASHIK,-,-,-,-,-,-,-,-,20.00867600,73.79236100,01-01-2018 08:30,"","","","","",""
749,GODAVARI AT PANCHAVATI AT RAMKUNDNASHIK,CPCB,27,Maharashtra,487,Nashik,NASHIK,-,-,-,-,-,-,-,-,20.00867600,73.79236100,02-02-2018 08:30,"","","","","",""
750,GODAVARI AT PANCHAVATI AT RAMKUNDNASHIK,CPCB,27,Maharashtra,487,Nashik,NASHIK,-,-,-,-,-,-,-,-,20.00867600,73.79236100,03-03-2018 08:30,"","","","","",""
751,GODAVARI AT PANCHAVATI AT RAMKUNDNASHIK,CPCB,27,Maharashtra,487,Nashik,NASHIK,-,-,-,-,-,-,-,-,20.00867600,73.79236100,02-04-2018 08:30,"","","","","",""
752,GODAVARI AT PANCHAVATI AT RAMKUNDNASHIK,CPCB,27,Maharashtra,487,Nashik,NASHIK,-,-,-,-,-,-,-,-,20.00867600,73.79236100,02-05-2018 08:30,"","","","","",""
753,GODAVARI AT PANCHAVATI AT RAMKUNDNASHIK,CPCB,27,Maharashtra,487,Nashik,NASHIK,-,-,-,-,-,-,-,-,20.00867600,73.79236100,02-06-2018 08:30,"","","","","",""
754,GODAVARI AT PANCHAVATI AT RAMKUNDNASHIK,CPCB,27,Maharashtra,487,Nashik,NASHIK,-,-,-,-,-,-,-,-,20.00867600,73.79236100,07-07-2018 08:30,"","","","","",""
755,GODAVARI AT PANCHAVATI AT RAMKUNDNASHIK,CPCB,27,Maharashtra,487,Nashik,NASHIK,-,-,-,-,-,-,-,-,20.00867600,73.79236100,02-08-2018 08:30,"","","","","",""
756,GODAVARI AT PANCHAVATI AT RAMKUNDNASHIK,CPCB,27,Maharashtra,487,Nashik,NASHIK,-,-,-,-,-,-,-,-,20.00867600,73.79236100,05-09-2018 08:30,"","","","","",""
757,GODAVARI AT PANCHAVATI AT RAMKUNDNASHIK,CPCB,27,Maharashtra,487,Nashik,NASHIK,-,-,-,-,-,-,-,-,20.00867600,73.79236100,03-10-2018 08:30,"","","","","",""
758,GODAVARI AT PANCHAVATI AT RAMKUNDNASHIK,CPCB,27,Maharashtra,487,Nashik,NASHIK,-,-,-,-,-,-,-,-,20.00867600,73.79236100,02-11-2018 08:30,"","","","","",""
759,GODAVARI AT PANCHAVATI AT RAMKUNDNASHIK,CPCB,27,Maharashtra,487,Nashik,NASHIK,-,-,-,-,-,-,-,-,20.00867600,73.79236100,06-12-2018 08:30,"","","","","",""
760,GODAVARI AT PANCHAVATI AT RAMKUNDNASHIK,CPCB,27,Maharashtra,487,Nashik,NASHIK,-,-,-,-,-,-,-,-,20.00867600,73.79236100,04-01-2019 08:30,"","","","","",""
761,GODAVARI AT PANCHAVATI AT RAMKUNDNASHIK,CPCB,27,Maharashtra,487,Nashik,NASHIK,-,-,-,-,-,-,-,-,20.00867600,73.79236100,05-02-2019 08:30,"","","","","",""
762,GODAVARI AT PANCHAVATI AT RAMKUNDNASHIK,CPCB,27,Maharashtra,487,Nashik,NASHIK,-,-,-,-,-,-,-,-,20.00867600,73.79236100,05-03-2019 08:30,"","","","","",""
763,GODAVARI AT PANCHAVATI AT RAMKUNDNASHIK,CPCB,27,Maharashtra,487,Nashik,NASHIK,-,-,-,-,-,-,-,-,20.00867600,73.79236100,03-04-2019 08:30,"","","","","",""
764,GODAVARI AT PANCHAVATI AT RAMKUNDNASHIK,CPCB,27,Maharashtra,487,Nashik,NASHIK,-,-,-,-,-,-,-,-,20.00867600,73.79236100,04-05-2019 08:30,"","","","","",""
765,GODAVARI AT PANCHAVATI AT RAMKUNDNASHIK,CPCB,27,Maharashtra,487,Nashik,NASHIK,-,-,-,-,-,-,-,-,20.00867600,73.79236100,11-06-2019 08:30,"","","","","",""
766,GODAVARI AT PANCHAVATI AT RAMKUNDNASHIK,CPCB,27,Maharashtra,487,Nashik,NASHIK,-,-,-,-,-,-,-,-,20.00867600,73.79236100,09-07-2019 08:30,"","","","","",""
767,GODAVARI AT PANCHAVATI AT RAMKUNDNASHIK,CPCB,27,Maharashtra,487,Nashik,NASHIK,-,-,-,-,-,-,-,-,20.00867600,73.79236100,02-08-2019 08:30,"","","","","",""
768,GODAVARI AT PANCHAVATI AT RAMKUNDNASHIK,CPCB,27,Maharashtra,487,Nashik,NASHIK,-,-,-,-,-,-,-,-,20.00867600,73.79236100,05-09-2019 08:30,"","","","","",""
769,GODAVARI AT PANCHAVATI AT RAMKUNDNASHIK,CPCB,27,Maharashtra,487,Nashik,NASHIK,-,-,-,-,-,-,-,-,20.00867600,73.79236100,09-10-2019 08:30,"","","","","",""
770,GODAVARI AT PANCHAVATI AT RAMKUNDNASHIK,CPCB,27,Maharashtra,487,Nashik,NASHIK,-,-,-,-,-,-,-,-,20.00867600,73.79236100,01-11-2019 08:30,"","","","","",""
771,GODAVARI AT PANCHAVATI AT RAMKUNDNASHIK,CPCB,27,Maharashtra,487,Nashik,NASHIK,-,-,-,-,-,-,-,-,20.00867600,73.79236100,04-12-2019 08:30,"","","","","",""
772,GODAVARI AT RAHER NAYAGAON NANDED,CPCB,27,Maharashtra,485,Nanded,NAIGAON,-,-,-,-,-,-,-,-,18.85443000,77.52747500,05-01-2018 08:30,"","","","","",""
773,GODAVARI AT RAHER NAYAGAON NANDED,CPCB,27,Maharashtra,485,Nanded,NAIGAON,-,-,-,-,-,-,-,-,18.85443000,77.52747500,04-02-2018 08:30,"","","","","",""
774,GODAVARI AT RAHER NAYAGAON NANDED,CPCB,27,Maharashtra,485,Nanded,NAIGAON,-,-,-,-,-,-,-,-,18.85443000,77.52747500,05-03-2018 08:30,"","","","","",""
775,GODAVARI AT RAHER NAYAGAON NANDED,CPCB,27,Maharashtra,485,Nanded,NAIGAON,-,-,-,-,-,-,-,-,18.85443000,77.52747500,08-04-2018 08:30,"","","","","",""
776,GODAVARI AT RAHER NAYAGAON NANDED,CPCB,27,Maharashtra,485,Nanded,NAIGAON,-,-,-,-,-,-,-,-,18.85443000,77.52747500,07-05-2018 08:30,"","","","","",""
777,GODAVARI AT RAHER NAYAGAON NANDED,CPCB,27,Maharashtra,485,Nanded,NAIGAON,-,-,-,-,-,-,-,-,18.85443000,77.52747500,07-06-2018 08:30,"","","","","",""
778,GODAVARI AT RAHER NAYAGAON NANDED,CPCB,27,Maharashtra,485,Nanded,NAIGAON,-,-,-,-,-,-,-,-,18.85443000,77.52747500,05-07-2018 08:30,"","","","","",""
779,GODAVARI AT RAHER NAYAGAON NANDED,CPCB,27,Maharashtra,485,Nanded,NAIGAON,-,-,-,-,-,-,-,-,18.85443000,77.52747500,03-08-2018 08:30,"","","","","",""
780,GODAVARI AT RAHER NAYAGAON NANDED,CPCB,27,Maharashtra,485,Nanded,NAIGAON,-,-,-,-,-,-,-,-,18.85443000,77.52747500,04-09-2018 08:30,"","","","","",""
781,GODAVARI AT RAHER NAYAGAON NANDED,CPCB,27,Maharashtra,485,Nanded,NAIGAON,-,-,-,-,-,-,-,-,18.85443000,77.52747500,09-10-2018 08:30,"","","","","",""
782,GODAVARI AT RAHER NAYAGAON NANDED,CPCB,27,Maharashtra,485,Nanded,NAIGAON,-,-,-,-,-,-,-,-,18.85443000,77.52747500,04-11-2018 08:30,"","","","","",""
783,GODAVARI AT RAHER NAYAGAON NANDED,CPCB,27,Maharashtra,485,Nanded,NAIGAON,-,-,-,-,-,-,-,-,18.85443000,77.52747500,04-12-2018 08:30,"","","","","",""
784,GODAVARI AT RAHER NAYAGAON NANDED,CPCB,27,Maharashtra,485,Nanded,NAIGAON,-,-,-,-,-,-,-,-,18.85443000,77.52747500,10-01-2019 08:30,"","","","","",""
785,GODAVARI AT RAHER NAYAGAON NANDED,CPCB,27,Maharashtra,485,Nanded,NAIGAON,-,-,-,-,-,-,-,-,18.85443000,77.52747500,07-02-2019 08:30,"","","","","",""
786,GODAVARI AT RAHER NAYAGAON NANDED,CPCB,27,Maharashtra,485,Nanded,NAIGAON,-,-,-,-,-,-,-,-,18.85443000,77.52747500,04-03-2019 08:30,"","","","","",""
787,GODAVARI AT RAHER NAYAGAON NANDED,CPCB,27,Maharashtra,485,Nanded,NAIGAON,-,-,-,-,-,-,-,-,18.85443000,77.52747500,04-04-2019 08:30,"","","","","",""
788,GODAVARI AT RAHER NAYAGAON NANDED,CPCB,27,Maharashtra,485,Nanded,NAIGAON,-,-,-,-,-,-,-,-,18.85443000,77.52747500,08-08-2019 08:30,"","","","","",""
789,GODAVARI AT RAHER NAYAGAON NANDED,CPCB,27,Maharashtra,485,Nanded,NAIGAON,-,-,-,-,-,-,-,-,18.85443000,77.52747500,06-09-2019 08:30,"","","","","",""
790,GODAVARI AT RAHER NAYAGAON NANDED,CPCB,27,Maharashtra,485,Nanded,NAIGAON,-,-,-,-,-,-,-,-,18.85443000,77.52747500,10-10-2019 08:30,"","","","","",""
791,GODAVARI AT RAHER NAYAGAON NANDED,CPCB,27,Maharashtra,485,Nanded,NAIGAON,-,-,-,-,-,-,-,-,18.85443000,77.52747500,02-11-2019 08:30,"","","","","",""
792,GODAVARI AT RAHER NAYAGAON NANDED,CPCB,27,Maharashtra,485,Nanded,NAIGAON,-,-,-,-,-,-,-,-,18.85443000,77.52747500,09-12-2019 08:30,"","","","","",""
793,GODAVARI AT U/S OF GANGAPUR DAM NASHIK,CPCB,27,Maharashtra,487,Nashik,NASHIK,-,-,-,-,-,-,-,-,20.04812300,73.67980900,04-01-2019 08:30,"","","","","",""
794,GODAVARI AT U/S OF GANGAPUR DAM NASHIK,CPCB,27,Maharashtra,487,Nashik,NASHIK,-,-,-,-,-,-,-,-,20.04812300,73.67980900,05-02-2019 08:30,"","","","","",""
795,GODAVARI AT U/S OF GANGAPUR DAM NASHIK,CPCB,27,Maharashtra,487,Nashik,NASHIK,-,-,-,-,-,-,-,-,20.04812300,73.67980900,05-03-2019 08:30,"","","","","",""
796,GODAVARI AT U/S OF GANGAPUR DAM NASHIK,CPCB,27,Maharashtra,487,Nashik,NASHIK,-,-,-,-,-,-,-,-,20.04812300,73.67980900,03-04-2019 08:30,"","","","","",""
797,GODAVARI AT U/S OF GANGAPUR DAM NASHIK,CPCB,27,Maharashtra,487,Nashik,NASHIK,-,-,-,-,-,-,-,-,20.04812300,73.67980900,04-05-2019 08:30,"","","","","",""
798,GODAVARI AT U/S OF GANGAPUR DAM NASHIK,CPCB,27,Maharashtra,487,Nashik,NASHIK,-,-,-,-,-,-,-,-,20.04812300,73.67980900,11-06-2019 08:30,"","","","","",""
799,GODAVARI AT U/S OF GANGAPUR DAM NASHIK,CPCB,27,Maharashtra,487,Nashik,NASHIK,-,-,-,-,-,-,-,-,20.04812300,73.67980900,09-07-2019 08:30,"","","","","",""
800,GODAVARI AT U/S OF GANGAPUR DAM NASHIK,CPCB,27,Maharashtra,487,Nashik,NASHIK,-,-,-,-,-,-,-,-,20.04812300,73.67980900,02-08-2019 08:30,"","","","","",""
801,GODAVARI AT U/S OF GANGAPUR DAM NASHIK,CPCB,27,Maharashtra,487,Nashik,NASHIK,-,-,-,-,-,-,-,-,20.04812300,73.67980900,04-09-2019 08:30,"","","","","",""
802,GODAVARI AT U/S OF GANGAPUR DAM NASHIK,CPCB,27,Maharashtra,487,Nashik,NASHIK,-,-,-,-,-,-,-,-,20.04812300,73.67980900,09-10-2019 08:30,"","","","","",""
803,GODAVARI AT U/S OF GANGAPUR DAM NASHIK,CPCB,27,Maharashtra,487,Nashik,NASHIK,-,-,-,-,-,-,-,-,20.04812300,73.67980900,01-11-2019 08:30,"","","","","",""
804,GODAVARI AT U/S OF GANGAPUR DAM NASHIK,CPCB,27,Maharashtra,487,Nashik,NASHIK,-,-,-,-,-,-,-,-,20.04812300,73.67980900,04-12-2019 08:30,"","","","","",""
805,GODAVARI AT VISHNUPURINANDED NANDED,CPCB,27,Maharashtra,485,Nanded,NANDED,-,-,-,-,-,-,-,-,19.11310600,77.28824200,05-01-2018 08:30,"","","","","",""
806,GODAVARI AT VISHNUPURINANDED NANDED,CPCB,27,Maharashtra,485,Nanded,NANDED,-,-,-,-,-,-,-,-,19.11310600,77.28824200,04-02-2018 08:30,"","","","","",""
807,GODAVARI AT VISHNUPURINANDED NANDED,CPCB,27,Maharashtra,485,Nanded,NANDED,-,-,-,-,-,-,-,-,19.11310600,77.28824200,05-03-2018 08:30,"","","","","",""
808,GODAVARI AT VISHNUPURINANDED NANDED,CPCB,27,Maharashtra,485,Nanded,NANDED,-,-,-,-,-,-,-,-,19.11310600,77.28824200,08-04-2018 08:30,"","","","","",""
809,GODAVARI AT VISHNUPURINANDED NANDED,CPCB,27,Maharashtra,485,Nanded,NANDED,-,-,-,-,-,-,-,-,19.11310600,77.28824200,07-05-2018 08:30,"","","","","",""
810,GODAVARI AT VISHNUPURINANDED NANDED,CPCB,27,Maharashtra,485,Nanded,NANDED,-,-,-,-,-,-,-,-,19.11310600,77.28824200,07-06-2018 08:30,"","","","","",""
811,GODAVARI AT VISHNUPURINANDED NANDED,CPCB,27,Maharashtra,485,Nanded,NANDED,-,-,-,-,-,-,-,-,19.11310600,77.28824200,05-07-2018 08:30,"","","","","",""
812,GODAVARI AT VISHNUPURINANDED NANDED,CPCB,27,Maharashtra,485,Nanded,NANDED,-,-,-,-,-,-,-,-,19.11310600,77.28824200,03-08-2018 08:30,"","","","","",""
813,GODAVARI AT VISHNUPURINANDED NANDED,CPCB,27,Maharashtra,485,Nanded,NANDED,-,-,-,-,-,-,-,-,19.11310600,77.28824200,04-09-2018 08:30,"","","","","",""
814,GODAVARI AT VISHNUPURINANDED NANDED,CPCB,27,Maharashtra,485,Nanded,NANDED,-,-,-,-,-,-,-,-,19.11310600,77.28824200,09-10-2018 08:30,"","","","","",""
815,GODAVARI AT VISHNUPURINANDED NANDED,CPCB,27,Maharashtra,485,Nanded,NANDED,-,-,-,-,-,-,-,-,19.11310600,77.28824200,04-11-2018 08:30,"","","","","",""
816,GODAVARI AT VISHNUPURINANDED NANDED,CPCB,27,Maharashtra,485,Nanded,NANDED,-,-,-,-,-,-,-,-,19.11310600,77.28824200,04-12-2018 08:30,"","","","","",""
817,GODAVARI AT VISHNUPURINANDED NANDED,CPCB,27,Maharashtra,485,Nanded,NANDED,-,-,-,-,-,-,-,-,19.11310600,77.28824200,10-01-2019 08:30,"","","","","",""
818,GODAVARI AT VISHNUPURINANDED NANDED,CPCB,27,Maharashtra,485,Nanded,NANDED,-,-,-,-,-,-,-,-,19.11310600,77.28824200,07-02-2019 08:30,"","","","","",""
819,GODAVARI AT VISHNUPURINANDED NANDED,CPCB,27,Maharashtra,485,Nanded,NANDED,-,-,-,-,-,-,-,-,19.11310600,77.28824200,04-03-2019 08:30,"","","","","",""
820,GODAVARI AT VISHNUPURINANDED NANDED,CPCB,27,Maharashtra,485,Nanded,NANDED,-,-,-,-,-,-,-,-,19.11310600,77.28824200,04-04-2019 08:30,"","","","","",""
821,GODAVARI AT VISHNUPURINANDED NANDED,CPCB,27,Maharashtra,485,Nanded,NANDED,-,-,-,-,-,-,-,-,19.11310600,77.28824200,03-05-2019 08:30,"","","","","",""
822,GODAVARI AT VISHNUPURINANDED NANDED,CPCB,27,Maharashtra,485,Nanded,NANDED,-,-,-,-,-,-,-,-,19.11310600,77.28824200,06-06-2019 08:30,"","","","","",""
823,GODAVARI AT VISHNUPURINANDED NANDED,CPCB,27,Maharashtra,485,Nanded,NANDED,-,-,-,-,-,-,-,-,19.11310600,77.28824200,05-07-2019 08:30,"","","","","",""
824,GODAVARI AT VISHNUPURINANDED NANDED,CPCB,27,Maharashtra,485,Nanded,NANDED,-,-,-,-,-,-,-,-,19.11310600,77.28824200,08-08-2019 08:30,"","","","","",""
825,GODAVARI AT VISHNUPURINANDED NANDED,CPCB,27,Maharashtra,485,Nanded,NANDED,-,-,-,-,-,-,-,-,19.11310600,77.28824200,06-09-2019 08:30,"","","","","",""
826,GODAVARI AT VISHNUPURINANDED NANDED,CPCB,27,Maharashtra,485,Nanded,NANDED,-,-,-,-,-,-,-,-,19.11310600,77.28824200,10-10-2019 08:30,"","","","","",""
827,GODAVARI AT VISHNUPURINANDED NANDED,CPCB,27,Maharashtra,485,Nanded,NANDED,-,-,-,-,-,-,-,-,19.11310600,77.28824200,02-11-2019 08:30,"","","","","",""
828,GODAVARI AT VISHNUPURINANDED NANDED,CPCB,27,Maharashtra,485,Nanded,NANDED,-,-,-,-,-,-,-,-,19.11310600,77.28824200,09-12-2019 08:30,"","","","","",""
829,GODAVARI RIVER AT D/S OF PAITHAN AT PATHEGAON BRIDGE PATHEGAON PAITHAN AURANGABAD,CPCB,27,Maharashtra,469,Aurangabad,PAITHAN,-,-,-,-,-,-,-,-,19.46726900,75.39726700,09-01-2018 08:30,"","","","","",""
830,GODAVARI RIVER AT D/S OF PAITHAN AT PATHEGAON BRIDGE PATHEGAON PAITHAN AURANGABAD,CPCB,27,Maharashtra,469,Aurangabad,PAITHAN,-,-,-,-,-,-,-,-,19.46726900,75.39726700,08-02-2018 08:30,"","","","","",""
831,GODAVARI RIVER AT D/S OF PAITHAN AT PATHEGAON BRIDGE PATHEGAON PAITHAN AURANGABAD,CPCB,27,Maharashtra,469,Aurangabad,PAITHAN,-,-,-,-,-,-,-,-,19.46726900,75.39726700,06-03-2018 08:30,"","","","","",""
832,GODAVARI RIVER AT D/S OF PAITHAN AT PATHEGAON BRIDGE PATHEGAON PAITHAN AURANGABAD,CPCB,27,Maharashtra,469,Aurangabad,PAITHAN,-,-,-,-,-,-,-,-,19.46726900,75.39726700,04-04-2018 08:30,"","","","","",""
833,GODAVARI RIVER AT D/S OF PAITHAN AT PATHEGAON BRIDGE PATHEGAON PAITHAN AURANGABAD,CPCB,27,Maharashtra,469,Aurangabad,PAITHAN,-,-,-,-,-,-,-,-,19.46726900,75.39726700,03-05-2018 08:30,"","","","","",""
834,GODAVARI RIVER AT D/S OF PAITHAN AT PATHEGAON BRIDGE PATHEGAON PAITHAN AURANGABAD,CPCB,27,Maharashtra,469,Aurangabad,PAITHAN,-,-,-,-,-,-,-,-,19.46726900,75.39726700,08-06-2018 08:30,"","","","","",""
835,GODAVARI RIVER AT D/S OF PAITHAN AT PATHEGAON BRIDGE PATHEGAON PAITHAN AURANGABAD,CPCB,27,Maharashtra,469,Aurangabad,PAITHAN,-,-,-,-,-,-,-,-,19.46726900,75.39726700,05-07-2018 08:30,"","","","","",""
836,GODAVARI RIVER AT D/S OF PAITHAN AT PATHEGAON BRIDGE PATHEGAON PAITHAN AURANGABAD,CPCB,27,Maharashtra,469,Aurangabad,PAITHAN,-,-,-,-,-,-,-,-,19.46726900,75.39726700,02-08-2018 08:30,"","","","","",""
837,GODAVARI RIVER AT D/S OF PAITHAN AT PATHEGAON BRIDGE PATHEGAON PAITHAN AURANGABAD,CPCB,27,Maharashtra,469,Aurangabad,PAITHAN,-,-,-,-,-,-,-,-,19.46726900,75.39726700,05-09-2018 08:30,"","","","","",""
838,GODAVARI RIVER AT D/S OF PAITHAN AT PATHEGAON BRIDGE PATHEGAON PAITHAN AURANGABAD,CPCB,27,Maharashtra,469,Aurangabad,PAITHAN,-,-,-,-,-,-,-,-,19.46726900,75.39726700,08-10-2018 08:30,"","","","","",""
839,GODAVARI RIVER AT D/S OF PAITHAN AT PATHEGAON BRIDGE PATHEGAON PAITHAN AURANGABAD,CPCB,27,Maharashtra,469,Aurangabad,PAITHAN,-,-,-,-,-,-,-,-,19.46726900,75.39726700,01-11-2018 08:30,"","","","","",""
840,GODAVARI RIVER AT D/S OF PAITHAN AT PATHEGAON BRIDGE PATHEGAON PAITHAN AURANGABAD,CPCB,27,Maharashtra,469,Aurangabad,PAITHAN,-,-,-,-,-,-,-,-,19.46726900,75.39726700,01-12-2018 08:30,"","","","","",""
841,GODAVARI RIVER AT D/S OF PAITHAN AT PATHEGAON BRIDGE PATHEGAON PAITHAN AURANGABAD,CPCB,27,Maharashtra,469,Aurangabad,PAITHAN,-,-,-,-,-,-,-,-,19.46726900,75.39726700,01-01-2019 08:30,"","","","","",""
842,GODAVARI RIVER AT D/S OF PAITHAN AT PATHEGAON BRIDGE PATHEGAON PAITHAN AURANGABAD,CPCB,27,Maharashtra,469,Aurangabad,PAITHAN,-,-,-,-,-,-,-,-,19.46726900,75.39726700,02-02-2019 08:30,"","","","","",""
843,GODAVARI RIVER AT D/S OF PAITHAN AT PATHEGAON BRIDGE PATHEGAON PAITHAN AURANGABAD,CPCB,27,Maharashtra,469,Aurangabad,PAITHAN,-,-,-,-,-,-,-,-,19.46726900,75.39726700,05-03-2019 08:30,"","","","","",""
844,GODAVARI RIVER AT D/S OF PAITHAN AT PATHEGAON BRIDGE PATHEGAON PAITHAN AURANGABAD,CPCB,27,Maharashtra,469,Aurangabad,PAITHAN,-,-,-,-,-,-,-,-,19.46726900,75.39726700,26-04-2019 08:30,"","","","","",""
845,GODAVARI RIVER AT D/S OF PAITHAN AT PATHEGAON BRIDGE PATHEGAON PAITHAN AURANGABAD,CPCB,27,Maharashtra,469,Aurangabad,PAITHAN,-,-,-,-,-,-,-,-,19.46726900,75.39726700,03-05-2019 08:30,"","","","","",""
846,GODAVARI RIVER AT D/S OF PAITHAN AT PATHEGAON BRIDGE PATHEGAON PAITHAN AURANGABAD,CPCB,27,Maharashtra,469,Aurangabad,PAITHAN,-,-,-,-,-,-,-,-,19.46726900,75.39726700,01-06-2019 08:30,"","","","","",""
847,GODAVARI RIVER AT D/S OF PAITHAN AT PATHEGAON BRIDGE PATHEGAON PAITHAN AURANGABAD,CPCB,27,Maharashtra,469,Aurangabad,PAITHAN,-,-,-,-,-,-,-,-,19.46726900,75.39726700,04-07-2019 08:30,"","","","","",""
848,GODAVARI RIVER AT D/S OF PAITHAN AT PATHEGAON BRIDGE PATHEGAON PAITHAN AURANGABAD,CPCB,27,Maharashtra,469,Aurangabad,PAITHAN,-,-,-,-,-,-,-,-,19.46726900,75.39726700,05-09-2019 08:30,"","","","","",""
849,GODAVARI RIVER AT D/S OF PAITHAN AT PATHEGAON BRIDGE PATHEGAON PAITHAN AURANGABAD,CPCB,27,Maharashtra,469,Aurangabad,PAITHAN,-,-,-,-,-,-,-,-,19.46726900,75.39726700,03-10-2019 08:30,"","","","","",""
850,GODAVARI RIVER AT D/S OF PAITHAN AT PATHEGAON BRIDGE PATHEGAON PAITHAN AURANGABAD,CPCB,27,Maharashtra,469,Aurangabad,PAITHAN,-,-,-,-,-,-,-,-,19.46726900,75.39726700,02-11-2019 08:30,"","","","","",""
851,GODAVARI RIVER AT D/S OF PAITHAN AT PATHEGAON BRIDGE PATHEGAON PAITHAN AURANGABAD,CPCB,27,Maharashtra,469,Aurangabad,PAITHAN,-,-,-,-,-,-,-,-,19.46726900,75.39726700,04-12-2019 08:30,"","","","","",""
852,GODAVARI RIVER AT HANUMAN GHAT NASHIK CITY NASHIK,CPCB,27,Maharashtra,487,Nashik,NASHIK,-,-,-,-,-,-,-,-,20.00888700,73.78305200,01-01-2018 08:30,"","","","","",""
853,GODAVARI RIVER AT HANUMAN GHAT NASHIK CITY NASHIK,CPCB,27,Maharashtra,487,Nashik,NASHIK,-,-,-,-,-,-,-,-,20.00888700,73.78305200,02-02-2018 08:30,"","","","","",""
854,GODAVARI RIVER AT HANUMAN GHAT NASHIK CITY NASHIK,CPCB,27,Maharashtra,487,Nashik,NASHIK,-,-,-,-,-,-,-,-,20.00888700,73.78305200,03-03-2018 08:30,"","","","","",""
855,GODAVARI RIVER AT HANUMAN GHAT NASHIK CITY NASHIK,CPCB,27,Maharashtra,487,Nashik,NASHIK,-,-,-,-,-,-,-,-,20.00888700,73.78305200,02-04-2018 08:30,"","","","","",""
856,GODAVARI RIVER AT HANUMAN GHAT NASHIK CITY NASHIK,CPCB,27,Maharashtra,487,Nashik,NASHIK,-,-,-,-,-,-,-,-,20.00888700,73.78305200,02-05-2018 08:30,"","","","","",""
857,GODAVARI RIVER AT HANUMAN GHAT NASHIK CITY NASHIK,CPCB,27,Maharashtra,487,Nashik,NASHIK,-,-,-,-,-,-,-,-,20.00888700,73.78305200,02-06-2018 08:30,"","","","","",""
858,GODAVARI RIVER AT HANUMAN GHAT NASHIK CITY NASHIK,CPCB,27,Maharashtra,487,Nashik,NASHIK,-,-,-,-,-,-,-,-,20.00888700,73.78305200,07-07-2018 08:30,"","","","","",""
859,GODAVARI RIVER AT HANUMAN GHAT NASHIK CITY NASHIK,CPCB,27,Maharashtra,487,Nashik,NASHIK,-,-,-,-,-,-,-,-,20.00888700,73.78305200,02-08-2018 08:30,"","","","","",""
860,GODAVARI RIVER AT HANUMAN GHAT NASHIK CITY NASHIK,CPCB,27,Maharashtra,487,Nashik,NASHIK,-,-,-,-,-,-,-,-,20.00888700,73.78305200,05-09-2018 08:30,"","","","","",""
861,GODAVARI RIVER AT HANUMAN GHAT NASHIK CITY NASHIK,CPCB,27,Maharashtra,487,Nashik,NASHIK,-,-,-,-,-,-,-,-,20.00888700,73.78305200,03-10-2018 08:30,"","","","","",""
862,GODAVARI RIVER AT HANUMAN GHAT NASHIK CITY NASHIK,CPCB,27,Maharashtra,487,Nashik,NASHIK,-,-,-,-,-,-,-,-,20.00888700,73.78305200,02-11-2018 08:30,"","","","","",""
863,GODAVARI RIVER AT HANUMAN GHAT NASHIK CITY NASHIK,CPCB,27,Maharashtra,487,Nashik,NASHIK,-,-,-,-,-,-,-,-,20.00888700,73.78305200,06-12-2018 08:30,"","","","","",""
864,GODAVARI RIVER AT HANUMAN GHAT NASHIK CITY NASHIK,CPCB,27,Maharashtra,487,Nashik,NASHIK,-,-,-,-,-,-,-,-,20.00888700,73.78305200,04-01-2019 08:30,"","","","","",""
865,GODAVARI RIVER AT HANUMAN GHAT NASHIK CITY NASHIK,CPCB,27,Maharashtra,487,Nashik,NASHIK,-,-,-,-,-,-,-,-,20.00888700,73.78305200,05-02-2019 08:30,"","","","","",""
866,GODAVARI RIVER AT HANUMAN GHAT NASHIK CITY NASHIK,CPCB,27,Maharashtra,487,Nashik,NASHIK,-,-,-,-,-,-,-,-,20.00888700,73.78305200,05-03-2019 08:30,"","","","","",""
867,GODAVARI RIVER AT HANUMAN GHAT NASHIK CITY NASHIK,CPCB,27,Maharashtra,487,Nashik,NASHIK,-,-,-,-,-,-,-,-,20.00888700,73.78305200,03-04-2019 08:30,"","","","","",""
868,GODAVARI RIVER AT HANUMAN GHAT NASHIK CITY NASHIK,CPCB,27,Maharashtra,487,Nashik,NASHIK,-,-,-,-,-,-,-,-,20.00888700,73.78305200,04-05-2019 08:30,"","","","","",""
869,GODAVARI RIVER AT HANUMAN GHAT NASHIK CITY NASHIK,CPCB,27,Maharashtra,487,Nashik,NASHIK,-,-,-,-,-,-,-,-,20.00888700,73.78305200,11-06-2019 08:30,"","","","","",""
870,GODAVARI RIVER AT HANUMAN GHAT NASHIK CITY NASHIK,CPCB,27,Maharashtra,487,Nashik,NASHIK,-,-,-,-,-,-,-,-,20.00888700,73.78305200,09-07-2019 08:30,"","","","","",""
871,GODAVARI RIVER AT HANUMAN GHAT NASHIK CITY NASHIK,CPCB,27,Maharashtra,487,Nashik,NASHIK,-,-,-,-,-,-,-,-,20.00888700,73.78305200,02-08-2019 08:30,"","","","","",""
872,GODAVARI RIVER AT HANUMAN GHAT NASHIK CITY NASHIK,CPCB,27,Maharashtra,487,Nashik,NASHIK,-,-,-,-,-,-,-,-,20.00888700,73.78305200,05-09-2019 08:30,"","","","","",""
873,GODAVARI RIVER AT HANUMAN GHAT NASHIK CITY NASHIK,CPCB,27,Maharashtra,487,Nashik,NASHIK,-,-,-,-,-,-,-,-,20.00888700,73.78305200,09-10-2019 08:30,"","","","","",""
874,GODAVARI RIVER AT HANUMAN GHAT NASHIK CITY NASHIK,CPCB,27,Maharashtra,487,Nashik,NASHIK,-,-,-,-,-,-,-,-,20.00888700,73.78305200,01-11-2019 08:30,"","","","","",""
875,GODAVARI RIVER AT HANUMAN GHAT NASHIK CITY NASHIK,CPCB,27,Maharashtra,487,Nashik,NASHIK,-,-,-,-,-,-,-,-,20.00888700,73.78305200,04-12-2019 08:30,"","","","","",""
876,GODAVARI RIVER AT JALNA INTAKE WATER PUMP HOUSE SHAHABAD AMBAD JALNA,CPCB,27,Maharashtra,479,Jalna,AMBAD,-,-,-,-,-,-,-,-,19.36002400,75.70958300,03-01-2018 08:30,"","","","","",""
877,GODAVARI RIVER AT JALNA INTAKE WATER PUMP HOUSE SHAHABAD AMBAD JALNA,CPCB,27,Maharashtra,479,Jalna,AMBAD,-,-,-,-,-,-,-,-,19.36002400,75.70958300,06-02-2018 08:30,"","","","","",""
878,GODAVARI RIVER AT JALNA INTAKE WATER PUMP HOUSE SHAHABAD AMBAD JALNA,CPCB,27,Maharashtra,479,Jalna,AMBAD,-,-,-,-,-,-,-,-,19.36002400,75.70958300,01-03-2018 08:30,"","","","","",""
879,GODAVARI RIVER AT JALNA INTAKE WATER PUMP HOUSE SHAHABAD AMBAD JALNA,CPCB,27,Maharashtra,479,Jalna,AMBAD,-,-,-,-,-,-,-,-,19.36002400,75.70958300,06-04-2018 08:30,"","","","","",""
880,GODAVARI RIVER AT JALNA INTAKE WATER PUMP HOUSE SHAHABAD AMBAD JALNA,CPCB,27,Maharashtra,479,Jalna,AMBAD,-,-,-,-,-,-,-,-,19.36002400,75.70958300,07-05-2018 08:30,"","","","","",""
881,GODAVARI RIVER AT JALNA INTAKE WATER PUMP HOUSE SHAHABAD AMBAD JALNA,CPCB,27,Maharashtra,479,Jalna,AMBAD,-,-,-,-,-,-,-,-,19.36002400,75.70958300,02-06-2018 08:30,"","","","","",""
882,GODAVARI RIVER AT JALNA INTAKE WATER PUMP HOUSE SHAHABAD AMBAD JALNA,CPCB,27,Maharashtra,479,Jalna,AMBAD,-,-,-,-,-,-,-,-,19.36002400,75.70958300,02-07-2018 08:30,"","","","","",""
883,GODAVARI RIVER AT JALNA INTAKE WATER PUMP HOUSE SHAHABAD AMBAD JALNA,CPCB,27,Maharashtra,479,Jalna,AMBAD,-,-,-,-,-,-,-,-,19.36002400,75.70958300,03-08-2018 08:30,"","","","","",""
884,GODAVARI RIVER AT JALNA INTAKE WATER PUMP HOUSE SHAHABAD AMBAD JALNA,CPCB,27,Maharashtra,479,Jalna,AMBAD,-,-,-,-,-,-,-,-,19.36002400,75.70958300,01-09-2018 08:30,"","","","","",""
885,GODAVARI RIVER AT JALNA INTAKE WATER PUMP HOUSE SHAHABAD AMBAD JALNA,CPCB,27,Maharashtra,479,Jalna,AMBAD,-,-,-,-,-,-,-,-,19.36002400,75.70958300,03-10-2018 08:30,"","","","","",""
886,GODAVARI RIVER AT JALNA INTAKE WATER PUMP HOUSE SHAHABAD AMBAD JALNA,CPCB,27,Maharashtra,479,Jalna,AMBAD,-,-,-,-,-,-,-,-,19.36002400,75.70958300,03-11-2018 08:30,"","","","","",""
887,GODAVARI RIVER AT JALNA INTAKE WATER PUMP HOUSE SHAHABAD AMBAD JALNA,CPCB,27,Maharashtra,479,Jalna,AMBAD,-,-,-,-,-,-,-,-,19.36002400,75.70958300,04-12-2018 08:30,"","","","","",""
888,GODAVARI RIVER AT JALNA INTAKE WATER PUMP HOUSE SHAHABAD AMBAD JALNA,CPCB,27,Maharashtra,479,Jalna,AMBAD,-,-,-,-,-,-,-,-,19.36002400,75.70958300,01-01-2019 08:30,"","","","","",""
889,GODAVARI RIVER AT JALNA INTAKE WATER PUMP HOUSE SHAHABAD AMBAD JALNA,CPCB,27,Maharashtra,479,Jalna,AMBAD,-,-,-,-,-,-,-,-,19.36002400,75.70958300,04-02-2019 08:30,"","","","","",""
890,GODAVARI RIVER AT JALNA INTAKE WATER PUMP HOUSE SHAHABAD AMBAD JALNA,CPCB,27,Maharashtra,479,Jalna,AMBAD,-,-,-,-,-,-,-,-,19.36002400,75.70958300,02-03-2019 08:30,"","","","","",""
891,GODAVARI RIVER AT JALNA INTAKE WATER PUMP HOUSE SHAHABAD AMBAD JALNA,CPCB,27,Maharashtra,479,Jalna,AMBAD,-,-,-,-,-,-,-,-,19.36002400,75.70958300,04-04-2019 08:30,"","","","","",""
892,GODAVARI RIVER AT JALNA INTAKE WATER PUMP HOUSE SHAHABAD AMBAD JALNA,CPCB,27,Maharashtra,479,Jalna,AMBAD,-,-,-,-,-,-,-,-,19.36002400,75.70958300,03-05-2019 08:30,"","","","","",""
893,GODAVARI RIVER AT JALNA INTAKE WATER PUMP HOUSE SHAHABAD AMBAD JALNA,CPCB,27,Maharashtra,479,Jalna,AMBAD,-,-,-,-,-,-,-,-,19.36002400,75.70958300,03-06-2019 08:30,"","","","","",""
894,GODAVARI RIVER AT JALNA INTAKE WATER PUMP HOUSE SHAHABAD AMBAD JALNA,CPCB,27,Maharashtra,479,Jalna,AMBAD,-,-,-,-,-,-,-,-,19.36002400,75.70958300,05-07-2019 08:30,"","","","","",""
895,GODAVARI RIVER AT JALNA INTAKE WATER PUMP HOUSE SHAHABAD AMBAD JALNA,CPCB,27,Maharashtra,479,Jalna,AMBAD,-,-,-,-,-,-,-,-,19.36002400,75.70958300,05-08-2019 08:30,"","","","","",""
896,GODAVARI RIVER AT JALNA INTAKE WATER PUMP HOUSE SHAHABAD AMBAD JALNA,CPCB,27,Maharashtra,479,Jalna,AMBAD,-,-,-,-,-,-,-,-,19.36002400,75.70958300,05-09-2019 08:30,"","","","","",""
897,GODAVARI RIVER AT JALNA INTAKE WATER PUMP HOUSE SHAHABAD AMBAD JALNA,CPCB,27,Maharashtra,479,Jalna,AMBAD,-,-,-,-,-,-,-,-,19.36002400,75.70958300,04-10-2019 08:30,"","","","","",""
898,GODAVARI RIVER AT JALNA INTAKE WATER PUMP HOUSE SHAHABAD AMBAD JALNA,CPCB,27,Maharashtra,479,Jalna,AMBAD,-,-,-,-,-,-,-,-,19.36002400,75.70958300,06-11-2019 08:30,"","","","","",""
899,GODAVARI RIVER AT JALNA INTAKE WATER PUMP HOUSE SHAHABAD AMBAD JALNA,CPCB,27,Maharashtra,479,Jalna,AMBAD,-,-,-,-,-,-,-,-,19.36002400,75.70958300,04-12-2019 08:30,"","","","","",""
900,GODAVARI RIVER AT KAPILA- GODAVARI CONFLUENCE POINT TAPOVAN NASHIK,CPCB,27,Maharashtra,487,Nashik,NASHIK,-,-,-,-,-,-,-,-,19.98729000,73.81102600,01-01-2018 08:30,"","","","","",""
901,GODAVARI RIVER AT KAPILA- GODAVARI CONFLUENCE POINT TAPOVAN NASHIK,CPCB,27,Maharashtra,487,Nashik,NASHIK,-,-,-,-,-,-,-,-,19.98729000,73.81102600,03-03-2018 08:30,"","","","","",""
902,GODAVARI RIVER AT KAPILA- GODAVARI CONFLUENCE POINT TAPOVAN NASHIK,CPCB,27,Maharashtra,487,Nashik,NASHIK,-,-,-,-,-,-,-,-,19.98729000,73.81102600,02-05-2018 08:30,"","","","","",""
903,GODAVARI RIVER AT KAPILA- GODAVARI CONFLUENCE POINT TAPOVAN NASHIK,CPCB,27,Maharashtra,487,Nashik,NASHIK,-,-,-,-,-,-,-,-,19.98729000,73.81102600,07-07-2018 08:30,"","","","","",""
904,GODAVARI RIVER AT KAPILA- GODAVARI CONFLUENCE POINT TAPOVAN NASHIK,CPCB,27,Maharashtra,487,Nashik,NASHIK,-,-,-,-,-,-,-,-,19.98729000,73.81102600,02-08-2018 08:30,"","","","","",""
905,GODAVARI RIVER AT KAPILA- GODAVARI CONFLUENCE POINT TAPOVAN NASHIK,CPCB,27,Maharashtra,487,Nashik,NASHIK,-,-,-,-,-,-,-,-,19.98729000,73.81102600,05-09-2018 08:30,"","","","","",""
906,GODAVARI RIVER AT KAPILA- GODAVARI CONFLUENCE POINT TAPOVAN NASHIK,CPCB,27,Maharashtra,487,Nashik,NASHIK,-,-,-,-,-,-,-,-,19.98729000,73.81102600,03-10-2018 08:30,"","","","","",""
907,GODAVARI RIVER AT KAPILA- GODAVARI CONFLUENCE POINT TAPOVAN NASHIK,CPCB,27,Maharashtra,487,Nashik,NASHIK,-,-,-,-,-,-,-,-,19.98729000,73.81102600,02-11-2018 08:30,"","","","","",""
908,GODAVARI RIVER AT KAPILA- GODAVARI CONFLUENCE POINT TAPOVAN NASHIK,CPCB,27,Maharashtra,487,Nashik,NASHIK,-,-,-,-,-,-,-,-,19.98729000,73.81102600,06-12-2018 08:30,"","","","","",""
909,GODAVARI RIVER AT KAPILA- GODAVARI CONFLUENCE POINT TAPOVAN NASHIK,CPCB,27,Maharashtra,487,Nashik,NASHIK,-,-,-,-,-,-,-,-,19.98729000,73.81102600,04-01-2019 08:30,"","","","","",""
910,GODAVARI RIVER AT KAPILA- GODAVARI CONFLUENCE POINT TAPOVAN NASHIK,CPCB,27,Maharashtra,487,Nashik,NASHIK,-,-,-,-,-,-,-,-,19.98729000,73.81102600,05-02-2019 08:30,"","","","","",""
911,GODAVARI RIVER AT KAPILA- GODAVARI CONFLUENCE POINT TAPOVAN NASHIK,CPCB,27,Maharashtra,487,Nashik,NASHIK,-,-,-,-,-,-,-,-,19.98729000,73.81102600,05-03-2019 08:30,"","","","","",""
912,GODAVARI RIVER AT KAPILA- GODAVARI CONFLUENCE POINT TAPOVAN NASHIK,CPCB,27,Maharashtra,487,Nashik,NASHIK,-,-,-,-,-,-,-,-,19.98729000,73.81102600,03-04-2019 08:30,"","","","","",""
913,GODAVARI RIVER AT KAPILA- GODAVARI CONFLUENCE POINT TAPOVAN NASHIK,CPCB,27,Maharashtra,487,Nashik,NASHIK,-,-,-,-,-,-,-,-,19.98729000,73.81102600,09-07-2019 08:30,"","","","","",""
914,GODAVARI RIVER AT KAPILA- GODAVARI CONFLUENCE POINT TAPOVAN NASHIK,CPCB,27,Maharashtra,487,Nashik,NASHIK,-,-,-,-,-,-,-,-,19.98729000,73.81102600,02-08-2019 08:30,"","","","","",""
915,GODAVARI RIVER AT KAPILA- GODAVARI CONFLUENCE POINT TAPOVAN NASHIK,CPCB,27,Maharashtra,487,Nashik,NASHIK,-,-,-,-,-,-,-,-,19.98729000,73.81102600,05-09-2019 08:30,"","","","","",""
916,GODAVARI RIVER AT KAPILA- GODAVARI CONFLUENCE POINT TAPOVAN NASHIK,CPCB,27,Maharashtra,487,Nashik,NASHIK,-,-,-,-,-,-,-,-,19.98729000,73.81102600,09-10-2019 08:30,"","","","","",""
917,GODAVARI RIVER AT KAPILA- GODAVARI CONFLUENCE POINT TAPOVAN NASHIK,CPCB,27,Maharashtra,487,Nashik,NASHIK,-,-,-,-,-,-,-,-,19.98729000,73.81102600,01-11-2019 08:30,"","","","","",""
918,GODAVARI RIVER AT KAPILA- GODAVARI CONFLUENCE POINT TAPOVAN NASHIK,CPCB,27,Maharashtra,487,Nashik,NASHIK,-,-,-,-,-,-,-,-,19.98729000,73.81102600,04-12-2019 08:30,"","","","","",""
919,GODAVARI RIVER AT LATUR WATER INTAKE NEAR PUMP HOUSE AT DHAMEGAON KALUMB OSMANABAD,CPCB,27,Maharashtra,468,Amravati,DHAMANGAON RAILWAY,-,-,-,-,-,-,-,-,20.79332200,78.13933900,05-01-2018 08:30,"","","","","",""
920,GODAVARI RIVER AT LATUR WATER INTAKE NEAR PUMP HOUSE AT DHAMEGAON KALUMB OSMANABAD,CPCB,27,Maharashtra,468,Amravati,DHAMANGAON RAILWAY,-,-,-,-,-,-,-,-,20.79332200,78.13933900,07-02-2018 08:30,"","","","","",""
921,GODAVARI RIVER AT LATUR WATER INTAKE NEAR PUMP HOUSE AT DHAMEGAON KALUMB OSMANABAD,CPCB,27,Maharashtra,468,Amravati,DHAMANGAON RAILWAY,-,-,-,-,-,-,-,-,20.79332200,78.13933900,08-03-2018 08:30,"","","","","",""
922,GODAVARI RIVER AT LATUR WATER INTAKE NEAR PUMP HOUSE AT DHAMEGAON KALUMB OSMANABAD,CPCB,27,Maharashtra,468,Amravati,DHAMANGAON RAILWAY,-,-,-,-,-,-,-,-,20.79332200,78.13933900,05-04-2018 08:30,"","","","","",""
923,GODAVARI RIVER AT LATUR WATER INTAKE NEAR PUMP HOUSE AT DHAMEGAON KALUMB OSMANABAD,CPCB,27,Maharashtra,468,Amravati,DHAMANGAON RAILWAY,-,-,-,-,-,-,-,-,20.79332200,78.13933900,07-05-2018 08:30,"","","","","",""
924,GODAVARI RIVER AT LATUR WATER INTAKE NEAR PUMP HOUSE AT DHAMEGAON KALUMB OSMANABAD,CPCB,27,Maharashtra,468,Amravati,DHAMANGAON RAILWAY,-,-,-,-,-,-,-,-,20.79332200,78.13933900,11-06-2018 08:30,"","","","","",""
925,GODAVARI RIVER AT LATUR WATER INTAKE NEAR PUMP HOUSE AT DHAMEGAON KALUMB OSMANABAD,CPCB,27,Maharashtra,468,Amravati,DHAMANGAON RAILWAY,-,-,-,-,-,-,-,-,20.79332200,78.13933900,02-07-2018 08:30,"","","","","",""
926,GODAVARI RIVER AT LATUR WATER INTAKE NEAR PUMP HOUSE AT DHAMEGAON KALUMB OSMANABAD,CPCB,27,Maharashtra,468,Amravati,DHAMANGAON RAILWAY,-,-,-,-,-,-,-,-,20.79332200,78.13933900,02-08-2018 08:30,"","","","","",""
927,GODAVARI RIVER AT LATUR WATER INTAKE NEAR PUMP HOUSE AT DHAMEGAON KALUMB OSMANABAD,CPCB,27,Maharashtra,468,Amravati,DHAMANGAON RAILWAY,-,-,-,-,-,-,-,-,20.79332200,78.13933900,03-09-2018 08:30,"","","","","",""
928,GODAVARI RIVER AT LATUR WATER INTAKE NEAR PUMP HOUSE AT DHAMEGAON KALUMB OSMANABAD,CPCB,27,Maharashtra,468,Amravati,DHAMANGAON RAILWAY,-,-,-,-,-,-,-,-,20.79332200,78.13933900,04-10-2018 08:30,"","","","","",""
929,GODAVARI RIVER AT LATUR WATER INTAKE NEAR PUMP HOUSE AT DHAMEGAON KALUMB OSMANABAD,CPCB,27,Maharashtra,468,Amravati,DHAMANGAON RAILWAY,-,-,-,-,-,-,-,-,20.79332200,78.13933900,04-11-2018 08:30,"","","","","",""
930,GODAVARI RIVER AT LATUR WATER INTAKE NEAR PUMP HOUSE AT DHAMEGAON KALUMB OSMANABAD,CPCB,27,Maharashtra,468,Amravati,DHAMANGAON RAILWAY,-,-,-,-,-,-,-,-,20.79332200,78.13933900,05-12-2018 08:30,"","","","","",""
931,GODAVARI RIVER AT LATUR WATER INTAKE NEAR PUMP HOUSE AT DHAMEGAON KALUMB OSMANABAD,CPCB,27,Maharashtra,468,Amravati,DHAMANGAON RAILWAY,-,-,-,-,-,-,-,-,20.79332200,78.13933900,01-01-2019 08:30,"","","","","",""
932,GODAVARI RIVER AT LATUR WATER INTAKE NEAR PUMP HOUSE AT DHAMEGAON KALUMB OSMANABAD,CPCB,27,Maharashtra,468,Amravati,DHAMANGAON RAILWAY,-,-,-,-,-,-,-,-,20.79332200,78.13933900,02-02-2019 08:30,"","","","","",""
933,GODAVARI RIVER AT LATUR WATER INTAKE NEAR PUMP HOUSE AT DHAMEGAON KALUMB OSMANABAD,CPCB,27,Maharashtra,468,Amravati,DHAMANGAON RAILWAY,-,-,-,-,-,-,-,-,20.79332200,78.13933900,05-03-2019 08:30,"","","","","",""
934,GODAVARI RIVER AT LATUR WATER INTAKE NEAR PUMP HOUSE AT DHAMEGAON KALUMB OSMANABAD,CPCB,27,Maharashtra,468,Amravati,DHAMANGAON RAILWAY,-,-,-,-,-,-,-,-,20.79332200,78.13933900,04-04-2019 08:30,"","","","","",""
935,GODAVARI RIVER AT LATUR WATER INTAKE NEAR PUMP HOUSE AT DHAMEGAON KALUMB OSMANABAD,CPCB,27,Maharashtra,468,Amravati,DHAMANGAON RAILWAY,-,-,-,-,-,-,-,-,20.79332200,78.13933900,06-05-2019 08:30,"","","","","",""
936,GODAVARI RIVER AT LATUR WATER INTAKE NEAR PUMP HOUSE AT DHAMEGAON KALUMB OSMANABAD,CPCB,27,Maharashtra,468,Amravati,DHAMANGAON RAILWAY,-,-,-,-,-,-,-,-,20.79332200,78.13933900,06-06-2019 08:30,"","","","","",""
937,GODAVARI RIVER AT LATUR WATER INTAKE NEAR PUMP HOUSE AT DHAMEGAON KALUMB OSMANABAD,CPCB,27,Maharashtra,468,Amravati,DHAMANGAON RAILWAY,-,-,-,-,-,-,-,-,20.79332200,78.13933900,05-07-2019 08:30,"","","","","",""
938,GODAVARI RIVER AT LATUR WATER INTAKE NEAR PUMP HOUSE AT DHAMEGAON KALUMB OSMANABAD,CPCB,27,Maharashtra,468,Amravati,DHAMANGAON RAILWAY,-,-,-,-,-,-,-,-,20.79332200,78.13933900,03-08-2019 08:30,"","","","","",""
939,GODAVARI RIVER AT LATUR WATER INTAKE NEAR PUMP HOUSE AT DHAMEGAON KALUMB OSMANABAD,CPCB,27,Maharashtra,468,Amravati,DHAMANGAON RAILWAY,-,-,-,-,-,-,-,-,20.79332200,78.13933900,09-09-2019 08:30,"","","","","",""
940,GODAVARI RIVER AT LATUR WATER INTAKE NEAR PUMP HOUSE AT DHAMEGAON KALUMB OSMANABAD,CPCB,27,Maharashtra,468,Amravati,DHAMANGAON RAILWAY,-,-,-,-,-,-,-,-,20.79332200,78.13933900,04-11-2019 08:30,"","","","","",""
941,GODAVARI RIVER AT LATUR WATER INTAKE NEAR PUMP HOUSE AT DHAMEGAON KALUMB OSMANABAD,CPCB,27,Maharashtra,468,Amravati,DHAMANGAON RAILWAY,-,-,-,-,-,-,-,-,20.79332200,78.13933900,09-12-2019 08:30,"","","","","",""
942,GODAVARI RIVER AT NANDUR- MADMESHWAR DAM NANDUR NASHIK,CPCB,27,Maharashtra,487,Nashik,NIPHAD,-,-,-,-,-,-,-,-,20.01238500,74.11371900,02-01-2018 08:30,"","","","","",""
943,GODAVARI RIVER AT NANDUR- MADMESHWAR DAM NANDUR NASHIK,CPCB,27,Maharashtra,487,Nashik,NIPHAD,-,-,-,-,-,-,-,-,20.01238500,74.11371900,05-03-2018 08:30,"","","","","",""
944,GODAVARI RIVER AT NANDUR- MADMESHWAR DAM NANDUR NASHIK,CPCB,27,Maharashtra,487,Nashik,NIPHAD,-,-,-,-,-,-,-,-,20.01238500,74.11371900,02-04-2018 08:30,"","","","","",""
945,GODAVARI RIVER AT NANDUR- MADMESHWAR DAM NANDUR NASHIK,CPCB,27,Maharashtra,487,Nashik,NIPHAD,-,-,-,-,-,-,-,-,20.01238500,74.11371900,03-05-2018 08:30,"","","","","",""
946,GODAVARI RIVER AT NANDUR- MADMESHWAR DAM NANDUR NASHIK,CPCB,27,Maharashtra,487,Nashik,NIPHAD,-,-,-,-,-,-,-,-,20.01238500,74.11371900,01-06-2018 08:30,"","","","","",""
947,GODAVARI RIVER AT NANDUR- MADMESHWAR DAM NANDUR NASHIK,CPCB,27,Maharashtra,487,Nashik,NIPHAD,-,-,-,-,-,-,-,-,20.01238500,74.11371900,07-07-2018 08:30,"","","","","",""
948,GODAVARI RIVER AT NANDUR- MADMESHWAR DAM NANDUR NASHIK,CPCB,27,Maharashtra,487,Nashik,NIPHAD,-,-,-,-,-,-,-,-,20.01238500,74.11371900,03-08-2018 08:30,"","","","","",""
949,GODAVARI RIVER AT NANDUR- MADMESHWAR DAM NANDUR NASHIK,CPCB,27,Maharashtra,487,Nashik,NIPHAD,-,-,-,-,-,-,-,-,20.01238500,74.11371900,03-09-2018 08:30,"","","","","",""
950,GODAVARI RIVER AT NANDUR- MADMESHWAR DAM NANDUR NASHIK,CPCB,27,Maharashtra,487,Nashik,NIPHAD,-,-,-,-,-,-,-,-,20.01238500,74.11371900,03-10-2018 08:30,"","","","","",""
951,GODAVARI RIVER AT NANDUR- MADMESHWAR DAM NANDUR NASHIK,CPCB,27,Maharashtra,487,Nashik,NIPHAD,-,-,-,-,-,-,-,-,20.01238500,74.11371900,02-11-2018 08:30,"","","","","",""
952,GODAVARI RIVER AT NANDUR- MADMESHWAR DAM NANDUR NASHIK,CPCB,27,Maharashtra,487,Nashik,NIPHAD,-,-,-,-,-,-,-,-,20.01238500,74.11371900,07-12-2018 08:30,"","","","","",""
953,GODAVARI RIVER AT NANDUR- MADMESHWAR DAM NANDUR NASHIK,CPCB,27,Maharashtra,487,Nashik,NIPHAD,-,-,-,-,-,-,-,-,20.01238500,74.11371900,05-01-2019 08:30,"","","","","",""
954,GODAVARI RIVER AT NANDUR- MADMESHWAR DAM NANDUR NASHIK,CPCB,27,Maharashtra,487,Nashik,NIPHAD,-,-,-,-,-,-,-,-,20.01238500,74.11371900,05-02-2019 08:30,"","","","","",""
955,GODAVARI RIVER AT NANDUR- MADMESHWAR DAM NANDUR NASHIK,CPCB,27,Maharashtra,487,Nashik,NIPHAD,-,-,-,-,-,-,-,-,20.01238500,74.11371900,07-03-2019 08:30,"","","","","",""
956,GODAVARI RIVER AT NANDUR- MADMESHWAR DAM NANDUR NASHIK,CPCB,27,Maharashtra,487,Nashik,NIPHAD,-,-,-,-,-,-,-,-,20.01238500,74.11371900,05-04-2019 08:30,"","","","","",""
957,GODAVARI RIVER AT NANDUR- MADMESHWAR DAM NANDUR NASHIK,CPCB,27,Maharashtra,487,Nashik,NIPHAD,-,-,-,-,-,-,-,-,20.01238500,74.11371900,04-05-2019 08:30,"","","","","",""
958,GODAVARI RIVER AT NANDUR- MADMESHWAR DAM NANDUR NASHIK,CPCB,27,Maharashtra,487,Nashik,NIPHAD,-,-,-,-,-,-,-,-,20.01238500,74.11371900,11-06-2019 08:30,"","","","","",""
959,GODAVARI RIVER AT NANDUR- MADMESHWAR DAM NANDUR NASHIK,CPCB,27,Maharashtra,487,Nashik,NIPHAD,-,-,-,-,-,-,-,-,20.01238500,74.11371900,06-07-2019 08:30,"","","","","",""
960,GODAVARI RIVER AT NANDUR- MADMESHWAR DAM NANDUR NASHIK,CPCB,27,Maharashtra,487,Nashik,NIPHAD,-,-,-,-,-,-,-,-,20.01238500,74.11371900,07-08-2019 08:30,"","","","","",""
961,GODAVARI RIVER AT NANDUR- MADMESHWAR DAM NANDUR NASHIK,CPCB,27,Maharashtra,487,Nashik,NIPHAD,-,-,-,-,-,-,-,-,20.01238500,74.11371900,06-09-2019 08:30,"","","","","",""
962,GODAVARI RIVER AT NANDUR- MADMESHWAR DAM NANDUR NASHIK,CPCB,27,Maharashtra,487,Nashik,NIPHAD,-,-,-,-,-,-,-,-,20.01238500,74.11371900,11-10-2019 08:30,"","","","","",""
963,GODAVARI RIVER AT NANDUR- MADMESHWAR DAM NANDUR NASHIK,CPCB,27,Maharashtra,487,Nashik,NIPHAD,-,-,-,-,-,-,-,-,20.01238500,74.11371900,05-11-2019 08:30,"","","","","",""
964,GODAVARI RIVER AT NANDUR- MADMESHWAR DAM NANDUR NASHIK,CPCB,27,Maharashtra,487,Nashik,NIPHAD,-,-,-,-,-,-,-,-,20.01238500,74.11371900,05-12-2019 08:30,"","","","","",""
965,GODAVARI RIVER AT SAIKHEDA NIPHAD NASHIK,CPCB,27,Maharashtra,487,Nashik,NIPHAD,-,-,-,-,-,-,-,-,20.01469500,74.00746300,02-01-2018 08:30,"","","","","",""
966,GODAVARI RIVER AT SAIKHEDA NIPHAD NASHIK,CPCB,27,Maharashtra,487,Nashik,NIPHAD,-,-,-,-,-,-,-,-,20.01469500,74.00746300,05-03-2018 08:30,"","","","","",""
967,GODAVARI RIVER AT SAIKHEDA NIPHAD NASHIK,CPCB,27,Maharashtra,487,Nashik,NIPHAD,-,-,-,-,-,-,-,-,20.01469500,74.00746300,02-04-2018 08:30,"","","","","",""
968,GODAVARI RIVER AT SAIKHEDA NIPHAD NASHIK,CPCB,27,Maharashtra,487,Nashik,NIPHAD,-,-,-,-,-,-,-,-,20.01469500,74.00746300,03-05-2018 08:30,"","","","","",""
969,GODAVARI RIVER AT SAIKHEDA NIPHAD NASHIK,CPCB,27,Maharashtra,487,Nashik,NIPHAD,-,-,-,-,-,-,-,-,20.01469500,74.00746300,01-06-2018 08:30,"","","","","",""
970,GODAVARI RIVER AT SAIKHEDA NIPHAD NASHIK,CPCB,27,Maharashtra,487,Nashik,NIPHAD,-,-,-,-,-,-,-,-,20.01469500,74.00746300,07-07-2018 08:30,"","","","","",""
971,GODAVARI RIVER AT SAIKHEDA NIPHAD NASHIK,CPCB,27,Maharashtra,487,Nashik,NIPHAD,-,-,-,-,-,-,-,-,20.01469500,74.00746300,03-08-2018 08:30,"","","","","",""
972,GODAVARI RIVER AT SAIKHEDA NIPHAD NASHIK,CPCB,27,Maharashtra,487,Nashik,NIPHAD,-,-,-,-,-,-,-,-,20.01469500,74.00746300,03-09-2018 08:30,"","","","","",""
973,GODAVARI RIVER AT SAIKHEDA NIPHAD NASHIK,CPCB,27,Maharashtra,487,Nashik,NIPHAD,-,-,-,-,-,-,-,-,20.01469500,74.00746300,03-10-2018 08:30,"","","","","",""
974,GODAVARI RIVER AT SAIKHEDA NIPHAD NASHIK,CPCB,27,Maharashtra,487,Nashik,NIPHAD,-,-,-,-,-,-,-,-,20.01469500,74.00746300,02-11-2018 08:30,"","","","","",""
975,GODAVARI RIVER AT SAIKHEDA NIPHAD NASHIK,CPCB,27,Maharashtra,487,Nashik,NIPHAD,-,-,-,-,-,-,-,-,20.01469500,74.00746300,07-12-2018 08:30,"","","","","",""
976,GODAVARI RIVER AT SAIKHEDA NIPHAD NASHIK,CPCB,27,Maharashtra,487,Nashik,NIPHAD,-,-,-,-,-,-,-,-,20.01469500,74.00746300,05-01-2019 08:30,"","","","","",""
977,GODAVARI RIVER AT SAIKHEDA NIPHAD NASHIK,CPCB,27,Maharashtra,487,Nashik,NIPHAD,-,-,-,-,-,-,-,-,20.01469500,74.00746300,05-02-2019 08:30,"","","","","",""
978,GODAVARI RIVER AT SAIKHEDA NIPHAD NASHIK,CPCB,27,Maharashtra,487,Nashik,NIPHAD,-,-,-,-,-,-,-,-,20.01469500,74.00746300,07-03-2019 08:30,"","","","","",""
979,GODAVARI RIVER AT SAIKHEDA NIPHAD NASHIK,CPCB,27,Maharashtra,487,Nashik,NIPHAD,-,-,-,-,-,-,-,-,20.01469500,74.00746300,05-04-2019 08:30,"","","","","",""
980,GODAVARI RIVER AT SAIKHEDA NIPHAD NASHIK,CPCB,27,Maharashtra,487,Nashik,NIPHAD,-,-,-,-,-,-,-,-,20.01469500,74.00746300,04-05-2019 08:30,"","","","","",""
981,GODAVARI RIVER AT SAIKHEDA NIPHAD NASHIK,CPCB,27,Maharashtra,487,Nashik,NIPHAD,-,-,-,-,-,-,-,-,20.01469500,74.00746300,11-06-2019 08:30,"","","","","",""
982,GODAVARI RIVER AT SAIKHEDA NIPHAD NASHIK,CPCB,27,Maharashtra,487,Nashik,NIPHAD,-,-,-,-,-,-,-,-,20.01469500,74.00746300,06-07-2019 08:30,"","","","","",""
983,GODAVARI RIVER AT SAIKHEDA NIPHAD NASHIK,CPCB,27,Maharashtra,487,Nashik,NIPHAD,-,-,-,-,-,-,-,-,20.01469500,74.00746300,07-08-2019 08:30,"","","","","",""
984,GODAVARI RIVER AT SAIKHEDA NIPHAD NASHIK,CPCB,27,Maharashtra,487,Nashik,NIPHAD,-,-,-,-,-,-,-,-,20.01469500,74.00746300,06-09-2019 08:30,"","","","","",""
985,GODAVARI RIVER AT SAIKHEDA NIPHAD NASHIK,CPCB,27,Maharashtra,487,Nashik,NIPHAD,-,-,-,-,-,-,-,-,20.01469500,74.00746300,11-10-2019 08:30,"","","","","",""
986,GODAVARI RIVER AT SAIKHEDA NIPHAD NASHIK,CPCB,27,Maharashtra,487,Nashik,NIPHAD,-,-,-,-,-,-,-,-,20.01469500,74.00746300,05-11-2019 08:30,"","","","","",""
987,GODAVARI RIVER AT SAIKHEDA NIPHAD NASHIK,CPCB,27,Maharashtra,487,Nashik,NIPHAD,-,-,-,-,-,-,-,-,20.01469500,74.00746300,05-12-2019 08:30,"","","","","",""
988,GODAVARI RIVER AT TAPOVAN TAPOVAN NASHIK,CPCB,27,Maharashtra,487,Nashik,NASHIK,-,-,-,-,-,-,-,-,19.98730700,73.81102800,01-01-2018 08:30,"","","","","",""
989,GODAVARI RIVER AT TAPOVAN TAPOVAN NASHIK,CPCB,27,Maharashtra,487,Nashik,NASHIK,-,-,-,-,-,-,-,-,19.98730700,73.81102800,02-02-2018 08:30,"","","","","",""
990,GODAVARI RIVER AT TAPOVAN TAPOVAN NASHIK,CPCB,27,Maharashtra,487,Nashik,NASHIK,-,-,-,-,-,-,-,-,19.98730700,73.81102800,03-03-2018 08:30,"","","","","",""
991,GODAVARI RIVER AT TAPOVAN TAPOVAN NASHIK,CPCB,27,Maharashtra,487,Nashik,NASHIK,-,-,-,-,-,-,-,-,19.98730700,73.81102800,02-04-2018 08:30,"","","","","",""
992,GODAVARI RIVER AT TAPOVAN TAPOVAN NASHIK,CPCB,27,Maharashtra,487,Nashik,NASHIK,-,-,-,-,-,-,-,-,19.98730700,73.81102800,02-05-2018 08:30,"","","","","",""
993,GODAVARI RIVER AT TAPOVAN TAPOVAN NASHIK,CPCB,27,Maharashtra,487,Nashik,NASHIK,-,-,-,-,-,-,-,-,19.98730700,73.81102800,02-06-2018 08:30,"","","","","",""
994,GODAVARI RIVER AT TAPOVAN TAPOVAN NASHIK,CPCB,27,Maharashtra,487,Nashik,NASHIK,-,-,-,-,-,-,-,-,19.98730700,73.81102800,07-07-2018 08:30,"","","","","",""
995,GODAVARI RIVER AT TAPOVAN TAPOVAN NASHIK,CPCB,27,Maharashtra,487,Nashik,NASHIK,-,-,-,-,-,-,-,-,19.98730700,73.81102800,02-08-2018 08:30,"","","","","",""
996,GODAVARI RIVER AT TAPOVAN TAPOVAN NASHIK,CPCB,27,Maharashtra,487,Nashik,NASHIK,-,-,-,-,-,-,-,-,19.98730700,73.81102800,05-09-2018 08:30,"","","","","",""
997,GODAVARI RIVER AT TAPOVAN TAPOVAN NASHIK,CPCB,27,Maharashtra,487,Nashik,NASHIK,-,-,-,-,-,-,-,-,19.98730700,73.81102800,03-10-2018 08:30,"","","","","",""
998,GODAVARI RIVER AT TAPOVAN TAPOVAN NASHIK,CPCB,27,Maharashtra,487,Nashik,NASHIK,-,-,-,-,-,-,-,-,19.98730700,73.81102800,02-11-2018 08:30,"","","","","",""
999,GODAVARI RIVER AT TAPOVAN TAPOVAN NASHIK,CPCB,27,Maharashtra,487,Nashik,NASHIK,-,-,-,-,-,-,-,-,19.98730700,73.81102800,06-12-2018 08:30,"","","","","",""
1000,GODAVARI RIVER AT TAPOVAN TAPOVAN NASHIK,CPCB,27,Maharashtra,487,Nashik,NASHIK,-,-,-,-,-,-,-,-,19.98730700,73.81102800,04-01-2019 08:30,"","","","","",""
1001,GODAVARI RIVER AT TAPOVAN TAPOVAN NASHIK,CPCB,27,Maharashtra,487,Nashik,NASHIK,-,-,-,-,-,-,-,-,19.98730700,73.81102800,05-02-2019 08:30,"","","","","",""
1002,GODAVARI RIVER AT TAPOVAN TAPOVAN NASHIK,CPCB,27,Maharashtra,487,Nashik,NASHIK,-,-,-,-,-,-,-,-,19.98730700,73.81102800,05-03-2019 08:30,"","","","","",""
1003,GODAVARI RIVER AT TAPOVAN TAPOVAN NASHIK,CPCB,27,Maharashtra,487,Nashik,NASHIK,-,-,-,-,-,-,-,-,19.98730700,73.81102800,03-04-2019 08:30,"","","","","",""
1004,GODAVARI RIVER AT TAPOVAN TAPOVAN NASHIK,CPCB,27,Maharashtra,487,Nashik,NASHIK,-,-,-,-,-,-,-,-,19.98730700,73.81102800,04-05-2019 08:30,"","","","","",""
1005,GODAVARI RIVER AT TAPOVAN TAPOVAN NASHIK,CPCB,27,Maharashtra,487,Nashik,NASHIK,-,-,-,-,-,-,-,-,19.98730700,73.81102800,11-06-2019 08:30,"","","","","",""
1006,GODAVARI RIVER AT TAPOVAN TAPOVAN NASHIK,CPCB,27,Maharashtra,487,Nashik,NASHIK,-,-,-,-,-,-,-,-,19.98730700,73.81102800,09-07-2019 08:30,"","","","","",""
1007,GODAVARI RIVER AT TAPOVAN TAPOVAN NASHIK,CPCB,27,Maharashtra,487,Nashik,NASHIK,-,-,-,-,-,-,-,-,19.98730700,73.81102800,02-08-2019 08:30,"","","","","",""
1008,GODAVARI RIVER AT TAPOVAN TAPOVAN NASHIK,CPCB,27,Maharashtra,487,Nashik,NASHIK,-,-,-,-,-,-,-,-,19.98730700,73.81102800,05-09-2019 08:30,"","","","","",""
1009,GODAVARI RIVER AT TAPOVAN TAPOVAN NASHIK,CPCB,27,Maharashtra,487,Nashik,NASHIK,-,-,-,-,-,-,-,-,19.98730700,73.81102800,09-10-2019 08:30,"","","","","",""
1010,GODAVARI RIVER AT TAPOVAN TAPOVAN NASHIK,CPCB,27,Maharashtra,487,Nashik,NASHIK,-,-,-,-,-,-,-,-,19.98730700,73.81102800,01-11-2019 08:30,"","","","","",""
1011,GODAVARI RIVER AT TAPOVAN TAPOVAN NASHIK,CPCB,27,Maharashtra,487,Nashik,NASHIK,-,-,-,-,-,-,-,-,19.98730700,73.81102800,04-12-2019 08:30,"","","","","",""
1012,GODAVARI RIVER AT U/S OF AURANGABAD RESERVOIR KAIGAON TOKKA NEAR KAIGAON BRIDGEKAIGAON GANGAPUR AUR,CPCB,27,Maharashtra,469,Aurangabad,GANAGAPUR,-,-,-,-,-,-,-,-,19.63253000,75.02860500,08-01-2018 08:30,"","","","","",""
1013,GODAVARI RIVER AT U/S OF AURANGABAD RESERVOIR KAIGAON TOKKA NEAR KAIGAON BRIDGEKAIGAON GANGAPUR AUR,CPCB,27,Maharashtra,469,Aurangabad,GANAGAPUR,-,-,-,-,-,-,-,-,19.63253000,75.02860500,08-02-2018 08:30,"","","","","",""
1014,GODAVARI RIVER AT U/S OF AURANGABAD RESERVOIR KAIGAON TOKKA NEAR KAIGAON BRIDGEKAIGAON GANGAPUR AUR,CPCB,27,Maharashtra,469,Aurangabad,GANAGAPUR,-,-,-,-,-,-,-,-,19.63253000,75.02860500,06-03-2018 08:30,"","","","","",""
1015,GODAVARI RIVER AT U/S OF AURANGABAD RESERVOIR KAIGAON TOKKA NEAR KAIGAON BRIDGEKAIGAON GANGAPUR AUR,CPCB,27,Maharashtra,469,Aurangabad,GANAGAPUR,-,-,-,-,-,-,-,-,19.63253000,75.02860500,04-04-2018 08:30,"","","","","",""
1016,GODAVARI RIVER AT U/S OF AURANGABAD RESERVOIR KAIGAON TOKKA NEAR KAIGAON BRIDGEKAIGAON GANGAPUR AUR,CPCB,27,Maharashtra,469,Aurangabad,GANAGAPUR,-,-,-,-,-,-,-,-,19.63253000,75.02860500,03-05-2018 08:30,"","","","","",""
1017,GODAVARI RIVER AT U/S OF AURANGABAD RESERVOIR KAIGAON TOKKA NEAR KAIGAON BRIDGEKAIGAON GANGAPUR AUR,CPCB,27,Maharashtra,469,Aurangabad,GANAGAPUR,-,-,-,-,-,-,-,-,19.63253000,75.02860500,06-06-2018 08:30,"","","","","",""
1018,GODAVARI RIVER AT U/S OF AURANGABAD RESERVOIR KAIGAON TOKKA NEAR KAIGAON BRIDGEKAIGAON GANGAPUR AUR,CPCB,27,Maharashtra,469,Aurangabad,GANAGAPUR,-,-,-,-,-,-,-,-,19.63253000,75.02860500,05-07-2018 08:30,"","","","","",""
1019,GODAVARI RIVER AT U/S OF AURANGABAD RESERVOIR KAIGAON TOKKA NEAR KAIGAON BRIDGEKAIGAON GANGAPUR AUR,CPCB,27,Maharashtra,469,Aurangabad,GANAGAPUR,-,-,-,-,-,-,-,-,19.63253000,75.02860500,02-08-2018 08:30,"","","","","",""
1020,GODAVARI RIVER AT U/S OF AURANGABAD RESERVOIR KAIGAON TOKKA NEAR KAIGAON BRIDGEKAIGAON GANGAPUR AUR,CPCB,27,Maharashtra,469,Aurangabad,GANAGAPUR,-,-,-,-,-,-,-,-,19.63253000,75.02860500,05-09-2018 08:30,"","","","","",""
1021,GODAVARI RIVER AT U/S OF AURANGABAD RESERVOIR KAIGAON TOKKA NEAR KAIGAON BRIDGEKAIGAON GANGAPUR AUR,CPCB,27,Maharashtra,469,Aurangabad,GANAGAPUR,-,-,-,-,-,-,-,-,19.63253000,75.02860500,08-10-2018 08:30,"","","","","",""
1022,GODAVARI RIVER AT U/S OF AURANGABAD RESERVOIR KAIGAON TOKKA NEAR KAIGAON BRIDGEKAIGAON GANGAPUR AUR,CPCB,27,Maharashtra,469,Aurangabad,GANAGAPUR,-,-,-,-,-,-,-,-,19.63253000,75.02860500,01-11-2018 08:30,"","","","","",""
1023,GODAVARI RIVER AT U/S OF AURANGABAD RESERVOIR KAIGAON TOKKA NEAR KAIGAON BRIDGEKAIGAON GANGAPUR AUR,CPCB,27,Maharashtra,469,Aurangabad,GANAGAPUR,-,-,-,-,-,-,-,-,19.63253000,75.02860500,01-12-2018 08:30,"","","","","",""
1024,GODAVARI RIVER AT U/S OF AURANGABAD RESERVOIR KAIGAON TOKKA NEAR KAIGAON BRIDGEKAIGAON GANGAPUR AUR,CPCB,27,Maharashtra,469,Aurangabad,GANAGAPUR,-,-,-,-,-,-,-,-,19.63253000,75.02860500,01-01-2019 08:30,"","","","","",""
1025,GODAVARI RIVER AT U/S OF AURANGABAD RESERVOIR KAIGAON TOKKA NEAR KAIGAON BRIDGEKAIGAON GANGAPUR AUR,CPCB,27,Maharashtra,469,Aurangabad,GANAGAPUR,-,-,-,-,-,-,-,-,19.63253000,75.02860500,02-02-2019 08:30,"","","","","",""
1026,GODAVARI RIVER AT U/S OF AURANGABAD RESERVOIR KAIGAON TOKKA NEAR KAIGAON BRIDGEKAIGAON GANGAPUR AUR,CPCB,27,Maharashtra,469,Aurangabad,GANAGAPUR,-,-,-,-,-,-,-,-,19.63253000,75.02860500,05-03-2019 08:30,"","","","","",""
1027,GODAVARI RIVER AT U/S OF AURANGABAD RESERVOIR KAIGAON TOKKA NEAR KAIGAON BRIDGEKAIGAON GANGAPUR AUR,CPCB,27,Maharashtra,469,Aurangabad,GANAGAPUR,-,-,-,-,-,-,-,-,19.63253000,75.02860500,26-04-2019 08:30,"","","","","",""
1028,GODAVARI RIVER AT U/S OF AURANGABAD RESERVOIR KAIGAON TOKKA NEAR KAIGAON BRIDGEKAIGAON GANGAPUR AUR,CPCB,27,Maharashtra,469,Aurangabad,GANAGAPUR,-,-,-,-,-,-,-,-,19.63253000,75.02860500,03-05-2019 08:30,"","","","","",""
1029,GODAVARI RIVER AT U/S OF AURANGABAD RESERVOIR KAIGAON TOKKA NEAR KAIGAON BRIDGEKAIGAON GANGAPUR AUR,CPCB,27,Maharashtra,469,Aurangabad,GANAGAPUR,-,-,-,-,-,-,-,-,19.63253000,75.02860500,01-06-2019 08:30,"","","","","",""
1030,GODAVARI RIVER AT U/S OF AURANGABAD RESERVOIR KAIGAON TOKKA NEAR KAIGAON BRIDGEKAIGAON GANGAPUR AUR,CPCB,27,Maharashtra,469,Aurangabad,GANAGAPUR,-,-,-,-,-,-,-,-,19.63253000,75.02860500,04-07-2019 08:30,"","","","","",""
1031,GODAVARI RIVER AT U/S OF AURANGABAD RESERVOIR KAIGAON TOKKA NEAR KAIGAON BRIDGEKAIGAON GANGAPUR AUR,CPCB,27,Maharashtra,469,Aurangabad,GANAGAPUR,-,-,-,-,-,-,-,-,19.63253000,75.02860500,05-08-2019 08:30,"","","","","",""
1032,GODAVARI RIVER AT U/S OF AURANGABAD RESERVOIR KAIGAON TOKKA NEAR KAIGAON BRIDGEKAIGAON GANGAPUR AUR,CPCB,27,Maharashtra,469,Aurangabad,GANAGAPUR,-,-,-,-,-,-,-,-,19.63253000,75.02860500,05-09-2019 08:30,"","","","","",""
1033,GODAVARI RIVER AT U/S OF AURANGABAD RESERVOIR KAIGAON TOKKA NEAR KAIGAON BRIDGEKAIGAON GANGAPUR AUR,CPCB,27,Maharashtra,469,Aurangabad,GANAGAPUR,-,-,-,-,-,-,-,-,19.63253000,75.02860500,03-10-2019 08:30,"","","","","",""
1034,GODAVARI RIVER AT U/S OF AURANGABAD RESERVOIR KAIGAON TOKKA NEAR KAIGAON BRIDGEKAIGAON GANGAPUR AUR,CPCB,27,Maharashtra,469,Aurangabad,GANAGAPUR,-,-,-,-,-,-,-,-,19.63253000,75.02860500,02-11-2019 08:30,"","","","","",""
1035,GODAVARI RIVER AT U/S OF AURANGABAD RESERVOIR KAIGAON TOKKA NEAR KAIGAON BRIDGEKAIGAON GANGAPUR AUR,CPCB,27,Maharashtra,469,Aurangabad,GANAGAPUR,-,-,-,-,-,-,-,-,19.63253000,75.02860500,04-12-2019 08:30,"","","","","",""
1036,GODAVARI RIVER AT U/S OF PAITHAN AT PAITHAN INTAKE PUMP HOUSE AT JAYAKWADI PAITHAN AURANGABAD,CPCB,27,Maharashtra,469,Aurangabad,PAITHAN,-,-,-,-,-,-,-,-,19.47822800,75.38487900,09-01-2018 08:30,"","","","","",""
1037,GODAVARI RIVER AT U/S OF PAITHAN AT PAITHAN INTAKE PUMP HOUSE AT JAYAKWADI PAITHAN AURANGABAD,CPCB,27,Maharashtra,469,Aurangabad,PAITHAN,-,-,-,-,-,-,-,-,19.47822800,75.38487900,08-02-2018 08:30,"","","","","",""
1038,GODAVARI RIVER AT U/S OF PAITHAN AT PAITHAN INTAKE PUMP HOUSE AT JAYAKWADI PAITHAN AURANGABAD,CPCB,27,Maharashtra,469,Aurangabad,PAITHAN,-,-,-,-,-,-,-,-,19.47822800,75.38487900,06-03-2018 08:30,"","","","","",""
1039,GODAVARI RIVER AT U/S OF PAITHAN AT PAITHAN INTAKE PUMP HOUSE AT JAYAKWADI PAITHAN AURANGABAD,CPCB,27,Maharashtra,469,Aurangabad,PAITHAN,-,-,-,-,-,-,-,-,19.47822800,75.38487900,04-04-2018 08:30,"","","","","",""
1040,GODAVARI RIVER AT U/S OF PAITHAN AT PAITHAN INTAKE PUMP HOUSE AT JAYAKWADI PAITHAN AURANGABAD,CPCB,27,Maharashtra,469,Aurangabad,PAITHAN,-,-,-,-,-,-,-,-,19.47822800,75.38487900,03-05-2018 08:30,"","","","","",""
1041,GODAVARI RIVER AT U/S OF PAITHAN AT PAITHAN INTAKE PUMP HOUSE AT JAYAKWADI PAITHAN AURANGABAD,CPCB,27,Maharashtra,469,Aurangabad,PAITHAN,-,-,-,-,-,-,-,-,19.47822800,75.38487900,08-06-2018 08:30,"","","","","",""
1042,GODAVARI RIVER AT U/S OF PAITHAN AT PAITHAN INTAKE PUMP HOUSE AT JAYAKWADI PAITHAN AURANGABAD,CPCB,27,Maharashtra,469,Aurangabad,PAITHAN,-,-,-,-,-,-,-,-,19.47822800,75.38487900,05-07-2018 08:30,"","","","","",""
1043,GODAVARI RIVER AT U/S OF PAITHAN AT PAITHAN INTAKE PUMP HOUSE AT JAYAKWADI PAITHAN AURANGABAD,CPCB,27,Maharashtra,469,Aurangabad,PAITHAN,-,-,-,-,-,-,-,-,19.47822800,75.38487900,02-08-2018 08:30,"","","","","",""
1044,GODAVARI RIVER AT U/S OF PAITHAN AT PAITHAN INTAKE PUMP HOUSE AT JAYAKWADI PAITHAN AURANGABAD,CPCB,27,Maharashtra,469,Aurangabad,PAITHAN,-,-,-,-,-,-,-,-,19.47822800,75.38487900,05-09-2018 08:30,"","","","","",""
1045,GODAVARI RIVER AT U/S OF PAITHAN AT PAITHAN INTAKE PUMP HOUSE AT JAYAKWADI PAITHAN AURANGABAD,CPCB,27,Maharashtra,469,Aurangabad,PAITHAN,-,-,-,-,-,-,-,-,19.47822800,75.38487900,08-10-2018 08:30,"","","","","",""
1046,GODAVARI RIVER AT U/S OF PAITHAN AT PAITHAN INTAKE PUMP HOUSE AT JAYAKWADI PAITHAN AURANGABAD,CPCB,27,Maharashtra,469,Aurangabad,PAITHAN,-,-,-,-,-,-,-,-,19.47822800,75.38487900,01-11-2018 08:30,"","","","","",""
1047,GODAVARI RIVER AT U/S OF PAITHAN AT PAITHAN INTAKE PUMP HOUSE AT JAYAKWADI PAITHAN AURANGABAD,CPCB,27,Maharashtra,469,Aurangabad,PAITHAN,-,-,-,-,-,-,-,-,19.47822800,75.38487900,01-12-2018 08:30,"","","","","",""
1048,GODAVARI RIVER AT U/S OF PAITHAN AT PAITHAN INTAKE PUMP HOUSE AT JAYAKWADI PAITHAN AURANGABAD,CPCB,27,Maharashtra,469,Aurangabad,PAITHAN,-,-,-,-,-,-,-,-,19.47822800,75.38487900,01-01-2019 08:30,"","","","","",""
1049,GODAVARI RIVER AT U/S OF PAITHAN AT PAITHAN INTAKE PUMP HOUSE AT JAYAKWADI PAITHAN AURANGABAD,CPCB,27,Maharashtra,469,Aurangabad,PAITHAN,-,-,-,-,-,-,-,-,19.47822800,75.38487900,02-02-2019 08:30,"","","","","",""
1050,GODAVARI RIVER AT U/S OF PAITHAN AT PAITHAN INTAKE PUMP HOUSE AT JAYAKWADI PAITHAN AURANGABAD,CPCB,27,Maharashtra,469,Aurangabad,PAITHAN,-,-,-,-,-,-,-,-,19.47822800,75.38487900,05-03-2019 08:30,"","","","","",""
1051,GODAVARI RIVER AT U/S OF PAITHAN AT PAITHAN INTAKE PUMP HOUSE AT JAYAKWADI PAITHAN AURANGABAD,CPCB,27,Maharashtra,469,Aurangabad,PAITHAN,-,-,-,-,-,-,-,-,19.47822800,75.38487900,26-04-2019 08:30,"","","","","",""
1052,GODAVARI RIVER AT U/S OF PAITHAN AT PAITHAN INTAKE PUMP HOUSE AT JAYAKWADI PAITHAN AURANGABAD,CPCB,27,Maharashtra,469,Aurangabad,PAITHAN,-,-,-,-,-,-,-,-,19.47822800,75.38487900,03-05-2019 08:30,"","","","","",""
1053,GODAVARI RIVER AT U/S OF PAITHAN AT PAITHAN INTAKE PUMP HOUSE AT JAYAKWADI PAITHAN AURANGABAD,CPCB,27,Maharashtra,469,Aurangabad,PAITHAN,-,-,-,-,-,-,-,-,19.47822800,75.38487900,01-06-2019 08:30,"","","","","",""
1054,GODAVARI RIVER AT U/S OF PAITHAN AT PAITHAN INTAKE PUMP HOUSE AT JAYAKWADI PAITHAN AURANGABAD,CPCB,27,Maharashtra,469,Aurangabad,PAITHAN,-,-,-,-,-,-,-,-,19.47822800,75.38487900,04-07-2019 08:30,"","","","","",""
1055,GODAVARI RIVER AT U/S OF PAITHAN AT PAITHAN INTAKE PUMP HOUSE AT JAYAKWADI PAITHAN AURANGABAD,CPCB,27,Maharashtra,469,Aurangabad,PAITHAN,-,-,-,-,-,-,-,-,19.47822800,75.38487900,05-08-2019 08:30,"","","","","",""
1056,GODAVARI RIVER AT U/S OF PAITHAN AT PAITHAN INTAKE PUMP HOUSE AT JAYAKWADI PAITHAN AURANGABAD,CPCB,27,Maharashtra,469,Aurangabad,PAITHAN,-,-,-,-,-,-,-,-,19.47822800,75.38487900,05-09-2019 08:30,"","","","","",""
1057,GODAVARI RIVER AT U/S OF PAITHAN AT PAITHAN INTAKE PUMP HOUSE AT JAYAKWADI PAITHAN AURANGABAD,CPCB,27,Maharashtra,469,Aurangabad,PAITHAN,-,-,-,-,-,-,-,-,19.47822800,75.38487900,03-10-2019 08:30,"","","","","",""
1058,GODAVARI RIVER AT U/S OF PAITHAN AT PAITHAN INTAKE PUMP HOUSE AT JAYAKWADI PAITHAN AURANGABAD,CPCB,27,Maharashtra,469,Aurangabad,PAITHAN,-,-,-,-,-,-,-,-,19.47822800,75.38487900,02-11-2019 08:30,"","","","","",""
1059,GODAVARI RIVER AT U/S OF PAITHAN AT PAITHAN INTAKE PUMP HOUSE AT JAYAKWADI PAITHAN AURANGABAD,CPCB,27,Maharashtra,469,Aurangabad,PAITHAN,-,-,-,-,-,-,-,-,19.47822800,75.38487900,04-12-2019 08:30,"","","","","",""
1060,GODAVARI RIVER NEAR SOMESHWAR TEMPLE SOMESHWAR NASHIK,CPCB,27,Maharashtra,487,Nashik,NASHIK,-,-,-,-,-,-,-,-,20.02281200,73.72817800,01-01-2018 08:30,"","","","","",""
1061,GODAVARI RIVER NEAR SOMESHWAR TEMPLE SOMESHWAR NASHIK,CPCB,27,Maharashtra,487,Nashik,NASHIK,-,-,-,-,-,-,-,-,20.02281200,73.72817800,02-02-2018 08:30,"","","","","",""
1062,GODAVARI RIVER NEAR SOMESHWAR TEMPLE SOMESHWAR NASHIK,CPCB,27,Maharashtra,487,Nashik,NASHIK,-,-,-,-,-,-,-,-,20.02281200,73.72817800,03-03-2018 08:30,"","","","","",""
1063,GODAVARI RIVER NEAR SOMESHWAR TEMPLE SOMESHWAR NASHIK,CPCB,27,Maharashtra,487,Nashik,NASHIK,-,-,-,-,-,-,-,-,20.02281200,73.72817800,02-04-2018 08:30,"","","","","",""
1064,GODAVARI RIVER NEAR SOMESHWAR TEMPLE SOMESHWAR NASHIK,CPCB,27,Maharashtra,487,Nashik,NASHIK,-,-,-,-,-,-,-,-,20.02281200,73.72817800,02-05-2018 08:30,"","","","","",""
1065,GODAVARI RIVER NEAR SOMESHWAR TEMPLE SOMESHWAR NASHIK,CPCB,27,Maharashtra,487,Nashik,NASHIK,-,-,-,-,-,-,-,-,20.02281200,73.72817800,02-06-2018 08:30,"","","","","",""
1066,GODAVARI RIVER NEAR SOMESHWAR TEMPLE SOMESHWAR NASHIK,CPCB,27,Maharashtra,487,Nashik,NASHIK,-,-,-,-,-,-,-,-,20.02281200,73.72817800,07-07-2018 08:30,"","","","","",""
1067,GODAVARI RIVER NEAR SOMESHWAR TEMPLE SOMESHWAR NASHIK,CPCB,27,Maharashtra,487,Nashik,NASHIK,-,-,-,-,-,-,-,-,20.02281200,73.72817800,02-08-2018 08:30,"","","","","",""
1068,GODAVARI RIVER NEAR SOMESHWAR TEMPLE SOMESHWAR NASHIK,CPCB,27,Maharashtra,487,Nashik,NASHIK,-,-,-,-,-,-,-,-,20.02281200,73.72817800,05-09-2018 08:30,"","","","","",""
1069,GODAVARI RIVER NEAR SOMESHWAR TEMPLE SOMESHWAR NASHIK,CPCB,27,Maharashtra,487,Nashik,NASHIK,-,-,-,-,-,-,-,-,20.02281200,73.72817800,03-10-2018 08:30,"","","","","",""
1070,GODAVARI RIVER NEAR SOMESHWAR TEMPLE SOMESHWAR NASHIK,CPCB,27,Maharashtra,487,Nashik,NASHIK,-,-,-,-,-,-,-,-,20.02281200,73.72817800,02-11-2018 08:30,"","","","","",""
1071,GODAVARI RIVER NEAR SOMESHWAR TEMPLE SOMESHWAR NASHIK,CPCB,27,Maharashtra,487,Nashik,NASHIK,-,-,-,-,-,-,-,-,20.02281200,73.72817800,06-12-2018 08:30,"","","","","",""
1072,GODAVARI RIVER NEAR SOMESHWAR TEMPLE SOMESHWAR NASHIK,CPCB,27,Maharashtra,487,Nashik,NASHIK,-,-,-,-,-,-,-,-,20.02281200,73.72817800,04-01-2019 08:30,"","","","","",""
1073,GODAVARI RIVER NEAR SOMESHWAR TEMPLE SOMESHWAR NASHIK,CPCB,27,Maharashtra,487,Nashik,NASHIK,-,-,-,-,-,-,-,-,20.02281200,73.72817800,05-02-2019 08:30,"","","","","",""
1074,GODAVARI RIVER NEAR SOMESHWAR TEMPLE SOMESHWAR NASHIK,CPCB,27,Maharashtra,487,Nashik,NASHIK,-,-,-,-,-,-,-,-,20.02281200,73.72817800,05-03-2019 08:30,"","","","","",""
1075,GODAVARI RIVER NEAR SOMESHWAR TEMPLE SOMESHWAR NASHIK,CPCB,27,Maharashtra,487,Nashik,NASHIK,-,-,-,-,-,-,-,-,20.02281200,73.72817800,03-04-2019 08:30,"","","","","",""
1076,GODAVARI RIVER NEAR SOMESHWAR TEMPLE SOMESHWAR NASHIK,CPCB,27,Maharashtra,487,Nashik,NASHIK,-,-,-,-,-,-,-,-,20.02281200,73.72817800,04-05-2019 08:30,"","","","","",""
1077,GODAVARI RIVER NEAR SOMESHWAR TEMPLE SOMESHWAR NASHIK,CPCB,27,Maharashtra,487,Nashik,NASHIK,-,-,-,-,-,-,-,-,20.02281200,73.72817800,11-06-2019 08:30,"","","","","",""
1078,GODAVARI RIVER NEAR SOMESHWAR TEMPLE SOMESHWAR NASHIK,CPCB,27,Maharashtra,487,Nashik,NASHIK,-,-,-,-,-,-,-,-,20.02281200,73.72817800,09-07-2019 08:30,"","","","","",""
1079,GODAVARI RIVER NEAR SOMESHWAR TEMPLE SOMESHWAR NASHIK,CPCB,27,Maharashtra,487,Nashik,NASHIK,-,-,-,-,-,-,-,-,20.02281200,73.72817800,02-08-2019 08:30,"","","","","",""
1080,GODAVARI RIVER NEAR SOMESHWAR TEMPLE SOMESHWAR NASHIK,CPCB,27,Maharashtra,487,Nashik,NASHIK,-,-,-,-,-,-,-,-,20.02281200,73.72817800,04-09-2019 08:30,"","","","","",""
1081,GODAVARI RIVER NEAR SOMESHWAR TEMPLE SOMESHWAR NASHIK,CPCB,27,Maharashtra,487,Nashik,NASHIK,-,-,-,-,-,-,-,-,20.02281200,73.72817800,09-10-2019 08:30,"","","","","",""
1082,GODAVARI RIVER NEAR SOMESHWAR TEMPLE SOMESHWAR NASHIK,CPCB,27,Maharashtra,487,Nashik,NASHIK,-,-,-,-,-,-,-,-,20.02281200,73.72817800,01-11-2019 08:30,"","","","","",""
1083,GODAVARI RIVER NEAR SOMESHWAR TEMPLE SOMESHWAR NASHIK,CPCB,27,Maharashtra,487,Nashik,NASHIK,-,-,-,-,-,-,-,-,20.02281200,73.72817800,04-12-2019 08:30,"","","","","",""
1084,GOKHIWAREVASAI THANE,CPCB,27,Maharashtra,665,Palghar,VASAI,-,-,-,-,-,-,-,-,19.41399500,72.86147400,04-04-2018 08:30,1974,Light Brown,"","","",""
1085,GOKHIWAREVASAI THANE,CPCB,27,Maharashtra,665,Palghar,VASAI,-,-,-,-,-,-,-,-,19.41399500,72.86147400,03-10-2018 08:30,2322,Light Brown,"","","",""
1086,GOKHIWAREVASAI THANE,CPCB,27,Maharashtra,665,Palghar,VASAI,-,-,-,-,-,-,-,-,19.41399500,72.86147400,02-04-2019 08:30,540,"","","","",""
1087,GOKHIWAREVASAI THANE,CPCB,27,Maharashtra,665,Palghar,VASAI,-,-,-,-,-,-,-,-,19.41399500,72.86147400,07-10-2019 08:30,594,"","","","",""
1088,GOMAI RIVER D/S OF SHAHADA DHULE,CPCB,27,Maharashtra,486,Nandurbar,SHAHADE,-,-,-,-,-,-,-,-,21.54564500,74.46832500,04-03-2018 08:30,"","","","","",""
1089,GOMAI RIVER D/S OF SHAHADA DHULE,CPCB,27,Maharashtra,486,Nandurbar,SHAHADE,-,-,-,-,-,-,-,-,21.54564500,74.46832500,01-04-2019 08:30,"","","","","",""
1090,GOMAI RIVER D/S OF SHAHADA DHULE,CPCB,27,Maharashtra,486,Nandurbar,SHAHADE,-,-,-,-,-,-,-,-,21.54564500,74.46832500,04-09-2019 08:30,"","","","","",""
1091,GOMAI RIVER D/S OF SHAHADA DHULE,CPCB,27,Maharashtra,486,Nandurbar,SHAHADE,-,-,-,-,-,-,-,-,21.54564500,74.46832500,03-10-2019 08:30,"","","","","",""
1092,GOMAI RIVER D/S OF SHAHADA DHULE,CPCB,27,Maharashtra,486,Nandurbar,SHAHADE,-,-,-,-,-,-,-,-,21.54564500,74.46832500,04-11-2019 08:30,"","","","","",""
1093,HAND PUMP IN THE PREMISES OF ZILLA PARISHAD PRIMARY SCHOOL BHUGAON WARDHA,CPCB,27,Maharashtra,498,Wardha,WARDHA,-,-,-,-,-,-,-,-,20.76408600,78.60277700,29-10-2018 08:30,962,"","","","",""
1094,HAND PUMP IN THE PREMISES OF ZILLA PARISHAD PRIMARY SCHOOL BHUGAON WARDHA,CPCB,27,Maharashtra,498,Wardha,WARDHA,-,-,-,-,-,-,-,-,20.76408600,78.60277700,05-10-2019 08:30,842,"","","","",""
1095,HAND PUMP WATER AT CIVIL COURT AURANGABAD,CPCB,27,Maharashtra,469,Aurangabad,AURANGABAD,-,-,-,-,-,-,-,-,24.75422200,84.37376800,11-04-2018 08:30,610,"","","","",""
1096,HAND PUMP WATER AT CIVIL COURT AURANGABAD,CPCB,27,Maharashtra,469,Aurangabad,AURANGABAD,-,-,-,-,-,-,-,-,24.75422200,84.37376800,26-10-2018 08:30,906,"","","","",""
1097,HIWARA RIVER D/S OF PACHORA JALGAON,CPCB,27,Maharashtra,478,Jalgaon,PACHORA,-,-,-,-,-,-,-,-,20.65890000,75.34917700,01-03-2018 08:30,"","","","","",""
1098,HIWARA RIVER D/S OF PACHORA JALGAON,CPCB,27,Maharashtra,478,Jalgaon,PACHORA,-,-,-,-,-,-,-,-,20.65890000,75.34917700,03-09-2018 08:30,"","","","","",""
1099,HIWARA RIVER D/S OF PACHORA JALGAON,CPCB,27,Maharashtra,478,Jalgaon,PACHORA,-,-,-,-,-,-,-,-,20.65890000,75.34917700,01-04-2019 08:30,"","","","","",""
1100,HIWARA RIVER D/S OF PACHORA JALGAON,CPCB,27,Maharashtra,478,Jalgaon,PACHORA,-,-,-,-,-,-,-,-,20.65890000,75.34917700,04-09-2019 08:30,"","","","","",""
1101,HIWARA RIVER D/S OF PACHORA JALGAON,CPCB,27,Maharashtra,478,Jalgaon,PACHORA,-,-,-,-,-,-,-,-,20.65890000,75.34917700,05-10-2019 08:30,"","","","","",""
1102,HIWARA RIVER D/S OF PACHORA JALGAON,CPCB,27,Maharashtra,478,Jalgaon,PACHORA,-,-,-,-,-,-,-,-,20.65890000,75.34917700,03-12-2019 08:30,"","","","","",""
1103,INDL. ESTATE TARAPUR PALGHAR THANE,CPCB,27,Maharashtra,665,Palghar,DAHANU,-,-,-,-,-,-,-,-,19.86491400,72.68499700,02-04-2019 08:30,582,"","","","",""
1104,INDRAYANI RIVER AT D/S OF ALANDIGAON HAWELIPUNE,CPCB,27,Maharashtra,490,Pune,KHED,-,-,-,-,-,-,-,-,18.68221600,73.90011600,04-01-2018 08:30,"","","","","",""
1105,INDRAYANI RIVER AT D/S OF ALANDIGAON HAWELIPUNE,CPCB,27,Maharashtra,490,Pune,KHED,-,-,-,-,-,-,-,-,18.68221600,73.90011600,01-02-2018 08:30,"","","","","",""
1106,INDRAYANI RIVER AT D/S OF ALANDIGAON HAWELIPUNE,CPCB,27,Maharashtra,490,Pune,KHED,-,-,-,-,-,-,-,-,18.68221600,73.90011600,01-03-2018 08:30,"","","","","",""
1107,INDRAYANI RIVER AT D/S OF ALANDIGAON HAWELIPUNE,CPCB,27,Maharashtra,490,Pune,KHED,-,-,-,-,-,-,-,-,18.68221600,73.90011600,05-04-2018 08:30,"","","","","",""
1108,INDRAYANI RIVER AT D/S OF ALANDIGAON HAWELIPUNE,CPCB,27,Maharashtra,490,Pune,KHED,-,-,-,-,-,-,-,-,18.68221600,73.90011600,05-05-2018 08:30,"","","","","",""
1109,INDRAYANI RIVER AT D/S OF ALANDIGAON HAWELIPUNE,CPCB,27,Maharashtra,490,Pune,KHED,-,-,-,-,-,-,-,-,18.68221600,73.90011600,01-06-2018 08:30,"","","","","",""
1110,INDRAYANI RIVER AT D/S OF ALANDIGAON HAWELIPUNE,CPCB,27,Maharashtra,490,Pune,KHED,-,-,-,-,-,-,-,-,18.68221600,73.90011600,04-07-2018 08:30,"","","","","",""
1111,INDRAYANI RIVER AT D/S OF ALANDIGAON HAWELIPUNE,CPCB,27,Maharashtra,490,Pune,KHED,-,-,-,-,-,-,-,-,18.68221600,73.90011600,03-08-2018 08:30,"","","","","",""
1112,INDRAYANI RIVER AT D/S OF ALANDIGAON HAWELIPUNE,CPCB,27,Maharashtra,490,Pune,KHED,-,-,-,-,-,-,-,-,18.68221600,73.90011600,02-09-2018 08:30,"","","","","",""
1113,INDRAYANI RIVER AT D/S OF ALANDIGAON HAWELIPUNE,CPCB,27,Maharashtra,490,Pune,KHED,-,-,-,-,-,-,-,-,18.68221600,73.90011600,03-10-2018 08:30,"","","","","",""
1114,INDRAYANI RIVER AT D/S OF ALANDIGAON HAWELIPUNE,CPCB,27,Maharashtra,490,Pune,KHED,-,-,-,-,-,-,-,-,18.68221600,73.90011600,03-11-2018 08:30,"","","","","",""
1115,INDRAYANI RIVER AT D/S OF ALANDIGAON HAWELIPUNE,CPCB,27,Maharashtra,490,Pune,KHED,-,-,-,-,-,-,-,-,18.68221600,73.90011600,04-12-2018 08:30,"","","","","",""
1116,INDRAYANI RIVER AT D/S OF ALANDIGAON HAWELIPUNE,CPCB,27,Maharashtra,490,Pune,KHED,-,-,-,-,-,-,-,-,18.68221600,73.90011600,05-01-2019 08:30,"","","","","",""
1117,INDRAYANI RIVER AT D/S OF ALANDIGAON HAWELIPUNE,CPCB,27,Maharashtra,490,Pune,KHED,-,-,-,-,-,-,-,-,18.68221600,73.90011600,04-02-2019 08:30,"","","","","",""
1118,INDRAYANI RIVER AT D/S OF ALANDIGAON HAWELIPUNE,CPCB,27,Maharashtra,490,Pune,KHED,-,-,-,-,-,-,-,-,18.68221600,73.90011600,05-03-2019 08:30,"","","","","",""
1119,INDRAYANI RIVER AT D/S OF ALANDIGAON HAWELIPUNE,CPCB,27,Maharashtra,490,Pune,KHED,-,-,-,-,-,-,-,-,18.68221600,73.90011600,03-04-2019 08:30,"","","","","",""
1120,INDRAYANI RIVER AT D/S OF ALANDIGAON HAWELIPUNE,CPCB,27,Maharashtra,490,Pune,KHED,-,-,-,-,-,-,-,-,18.68221600,73.90011600,04-05-2019 08:30,"","","","","",""
1121,INDRAYANI RIVER AT D/S OF ALANDIGAON HAWELIPUNE,CPCB,27,Maharashtra,490,Pune,KHED,-,-,-,-,-,-,-,-,18.68221600,73.90011600,04-06-2019 08:30,"","","","","",""
1122,INDRAYANI RIVER AT D/S OF ALANDIGAON HAWELIPUNE,CPCB,27,Maharashtra,490,Pune,KHED,-,-,-,-,-,-,-,-,18.68221600,73.90011600,03-07-2019 08:30,"","","","","",""
1123,INDRAYANI RIVER AT D/S OF ALANDIGAON HAWELIPUNE,CPCB,27,Maharashtra,490,Pune,KHED,-,-,-,-,-,-,-,-,18.68221600,73.90011600,07-08-2019 08:30,"","","","","",""
1124,INDRAYANI RIVER AT D/S OF ALANDIGAON HAWELIPUNE,CPCB,27,Maharashtra,490,Pune,KHED,-,-,-,-,-,-,-,-,18.68221600,73.90011600,04-09-2019 08:30,"","","","","",""
1125,INDRAYANI RIVER AT D/S OF ALANDIGAON HAWELIPUNE,CPCB,27,Maharashtra,490,Pune,KHED,-,-,-,-,-,-,-,-,18.68221600,73.90011600,03-10-2019 08:30,"","","","","",""
1126,INDRAYANI RIVER AT D/S OF ALANDIGAON HAWELIPUNE,CPCB,27,Maharashtra,490,Pune,KHED,-,-,-,-,-,-,-,-,18.68221600,73.90011600,05-11-2019 08:30,"","","","","",""
1127,INDRAYANI RIVER AT D/S OF ALANDIGAON HAWELIPUNE,CPCB,27,Maharashtra,490,Pune,KHED,-,-,-,-,-,-,-,-,18.68221600,73.90011600,04-12-2019 08:30,"","","","","",""
1128,INDRAYANI RIVER AT D/S OF MOSHIGAON HAWELI PUNE,CPCB,27,Maharashtra,490,Pune,HAVELI,-,-,-,-,-,-,-,-,18.67769700,73.85120600,04-01-2018 08:30,"","","","","",""
1129,INDRAYANI RIVER AT D/S OF MOSHIGAON HAWELI PUNE,CPCB,27,Maharashtra,490,Pune,HAVELI,-,-,-,-,-,-,-,-,18.67769700,73.85120600,01-02-2018 08:30,"","","","","",""
1130,INDRAYANI RIVER AT D/S OF MOSHIGAON HAWELI PUNE,CPCB,27,Maharashtra,490,Pune,HAVELI,-,-,-,-,-,-,-,-,18.67769700,73.85120600,01-03-2018 08:30,"","","","","",""
1131,INDRAYANI RIVER AT D/S OF MOSHIGAON HAWELI PUNE,CPCB,27,Maharashtra,490,Pune,HAVELI,-,-,-,-,-,-,-,-,18.67769700,73.85120600,05-04-2018 08:30,"","","","","",""
1132,INDRAYANI RIVER AT D/S OF MOSHIGAON HAWELI PUNE,CPCB,27,Maharashtra,490,Pune,HAVELI,-,-,-,-,-,-,-,-,18.67769700,73.85120600,05-05-2018 08:30,"","","","","",""
1133,INDRAYANI RIVER AT D/S OF MOSHIGAON HAWELI PUNE,CPCB,27,Maharashtra,490,Pune,HAVELI,-,-,-,-,-,-,-,-,18.67769700,73.85120600,04-07-2018 08:30,"","","","","",""
1134,INDRAYANI RIVER AT D/S OF MOSHIGAON HAWELI PUNE,CPCB,27,Maharashtra,490,Pune,HAVELI,-,-,-,-,-,-,-,-,18.67769700,73.85120600,03-08-2018 08:30,"","","","","",""
1135,INDRAYANI RIVER AT D/S OF MOSHIGAON HAWELI PUNE,CPCB,27,Maharashtra,490,Pune,HAVELI,-,-,-,-,-,-,-,-,18.67769700,73.85120600,02-09-2018 08:30,"","","","","",""
1136,INDRAYANI RIVER AT D/S OF MOSHIGAON HAWELI PUNE,CPCB,27,Maharashtra,490,Pune,HAVELI,-,-,-,-,-,-,-,-,18.67769700,73.85120600,03-10-2018 08:30,"","","","","",""
1137,INDRAYANI RIVER AT D/S OF MOSHIGAON HAWELI PUNE,CPCB,27,Maharashtra,490,Pune,HAVELI,-,-,-,-,-,-,-,-,18.67769700,73.85120600,03-11-2018 08:30,"","","","","",""
1138,INDRAYANI RIVER AT D/S OF MOSHIGAON HAWELI PUNE,CPCB,27,Maharashtra,490,Pune,HAVELI,-,-,-,-,-,-,-,-,18.67769700,73.85120600,01-12-2018 08:30,"","","","","",""
1139,INDRAYANI RIVER AT D/S OF MOSHIGAON HAWELI PUNE,CPCB,27,Maharashtra,490,Pune,HAVELI,-,-,-,-,-,-,-,-,18.67769700,73.85120600,05-01-2019 08:30,"","","","","",""
1140,INDRAYANI RIVER AT D/S OF MOSHIGAON HAWELI PUNE,CPCB,27,Maharashtra,490,Pune,HAVELI,-,-,-,-,-,-,-,-,18.67769700,73.85120600,04-02-2019 08:30,"","","","","",""
1141,INDRAYANI RIVER AT D/S OF MOSHIGAON HAWELI PUNE,CPCB,27,Maharashtra,490,Pune,HAVELI,-,-,-,-,-,-,-,-,18.67769700,73.85120600,03-04-2019 08:30,"","","","","",""
1142,INDRAYANI RIVER AT D/S OF MOSHIGAON HAWELI PUNE,CPCB,27,Maharashtra,490,Pune,HAVELI,-,-,-,-,-,-,-,-,18.67769700,73.85120600,03-07-2019 08:30,"","","","","",""
1143,INDRAYANI RIVER AT D/S OF MOSHIGAON HAWELI PUNE,CPCB,27,Maharashtra,490,Pune,HAVELI,-,-,-,-,-,-,-,-,18.67769700,73.85120600,07-08-2019 08:30,"","","","","",""
1144,INDRAYANI RIVER AT D/S OF MOSHIGAON HAWELI PUNE,CPCB,27,Maharashtra,490,Pune,HAVELI,-,-,-,-,-,-,-,-,18.67769700,73.85120600,04-09-2019 08:30,"","","","","",""
1145,INDRAYANI RIVER AT D/S OF MOSHIGAON HAWELI PUNE,CPCB,27,Maharashtra,490,Pune,HAVELI,-,-,-,-,-,-,-,-,18.67769700,73.85120600,03-10-2019 08:30,"","","","","",""
1146,INDRAYANI RIVER AT D/S OF MOSHIGAON HAWELI PUNE,CPCB,27,Maharashtra,490,Pune,HAVELI,-,-,-,-,-,-,-,-,18.67769700,73.85120600,05-11-2019 08:30,"","","","","",""
1147,INDRAYANI RIVER AT D/S OF MOSHIGAON HAWELI PUNE,CPCB,27,Maharashtra,490,Pune,HAVELI,-,-,-,-,-,-,-,-,18.67769700,73.85120600,04-12-2019 08:30,"","","","","",""
1148,INDRAYANI RIVER AT U/S OF MOSHIGAON HAWELI PUNE,CPCB,27,Maharashtra,490,Pune,HAVELI,-,-,-,-,-,-,-,-,18.67748600,73.85123300,04-01-2018 08:30,"","","","","",""
1149,INDRAYANI RIVER AT U/S OF MOSHIGAON HAWELI PUNE,CPCB,27,Maharashtra,490,Pune,HAVELI,-,-,-,-,-,-,-,-,18.67748600,73.85123300,01-02-2018 08:30,"","","","","",""
1150,INDRAYANI RIVER AT U/S OF MOSHIGAON HAWELI PUNE,CPCB,27,Maharashtra,490,Pune,HAVELI,-,-,-,-,-,-,-,-,18.67748600,73.85123300,01-03-2018 08:30,"","","","","",""
1151,INDRAYANI RIVER AT U/S OF MOSHIGAON HAWELI PUNE,CPCB,27,Maharashtra,490,Pune,HAVELI,-,-,-,-,-,-,-,-,18.67748600,73.85123300,05-04-2018 08:30,"","","","","",""
1152,INDRAYANI RIVER AT U/S OF MOSHIGAON HAWELI PUNE,CPCB,27,Maharashtra,490,Pune,HAVELI,-,-,-,-,-,-,-,-,18.67748600,73.85123300,01-06-2018 08:30,"","","","","",""
1153,INDRAYANI RIVER AT U/S OF MOSHIGAON HAWELI PUNE,CPCB,27,Maharashtra,490,Pune,HAVELI,-,-,-,-,-,-,-,-,18.67748600,73.85123300,04-07-2018 08:30,"","","","","",""
1154,INDRAYANI RIVER AT U/S OF MOSHIGAON HAWELI PUNE,CPCB,27,Maharashtra,490,Pune,HAVELI,-,-,-,-,-,-,-,-,18.67748600,73.85123300,03-08-2018 08:30,"","","","","",""
1155,INDRAYANI RIVER AT U/S OF MOSHIGAON HAWELI PUNE,CPCB,27,Maharashtra,490,Pune,HAVELI,-,-,-,-,-,-,-,-,18.67748600,73.85123300,02-09-2018 08:30,"","","","","",""
1156,INDRAYANI RIVER AT U/S OF MOSHIGAON HAWELI PUNE,CPCB,27,Maharashtra,490,Pune,HAVELI,-,-,-,-,-,-,-,-,18.67748600,73.85123300,03-10-2018 08:30,"","","","","",""
1157,INDRAYANI RIVER AT U/S OF MOSHIGAON HAWELI PUNE,CPCB,27,Maharashtra,490,Pune,HAVELI,-,-,-,-,-,-,-,-,18.67748600,73.85123300,03-11-2018 08:30,"","","","","",""
1158,INDRAYANI RIVER AT U/S OF MOSHIGAON HAWELI PUNE,CPCB,27,Maharashtra,490,Pune,HAVELI,-,-,-,-,-,-,-,-,18.67748600,73.85123300,01-12-2018 08:30,"","","","","",""
1159,INDRAYANI RIVER AT U/S OF MOSHIGAON HAWELI PUNE,CPCB,27,Maharashtra,490,Pune,HAVELI,-,-,-,-,-,-,-,-,18.67748600,73.85123300,05-01-2019 08:30,"","","","","",""
1160,INDRAYANI RIVER AT U/S OF MOSHIGAON HAWELI PUNE,CPCB,27,Maharashtra,490,Pune,HAVELI,-,-,-,-,-,-,-,-,18.67748600,73.85123300,04-02-2019 08:30,"","","","","",""
1161,INDRAYANI RIVER AT U/S OF MOSHIGAON HAWELI PUNE,CPCB,27,Maharashtra,490,Pune,HAVELI,-,-,-,-,-,-,-,-,18.67748600,73.85123300,03-04-2019 08:30,"","","","","",""
1162,INDRAYANI RIVER AT U/S OF MOSHIGAON HAWELI PUNE,CPCB,27,Maharashtra,490,Pune,HAVELI,-,-,-,-,-,-,-,-,18.67748600,73.85123300,03-07-2019 08:30,"","","","","",""
1163,INDRAYANI RIVER AT U/S OF MOSHIGAON HAWELI PUNE,CPCB,27,Maharashtra,490,Pune,HAVELI,-,-,-,-,-,-,-,-,18.67748600,73.85123300,07-08-2019 08:30,"","","","","",""
1164,INDRAYANI RIVER AT U/S OF MOSHIGAON HAWELI PUNE,CPCB,27,Maharashtra,490,Pune,HAVELI,-,-,-,-,-,-,-,-,18.67748600,73.85123300,04-09-2019 08:30,"","","","","",""
1165,INDRAYANI RIVER AT U/S OF MOSHIGAON HAWELI PUNE,CPCB,27,Maharashtra,490,Pune,HAVELI,-,-,-,-,-,-,-,-,18.67748600,73.85123300,03-10-2019 08:30,"","","","","",""
1166,INDRAYANI RIVER AT U/S OF MOSHIGAON HAWELI PUNE,CPCB,27,Maharashtra,490,Pune,HAVELI,-,-,-,-,-,-,-,-,18.67748600,73.85123300,05-11-2019 08:30,"","","","","",""
1167,INDRAYANI RIVER AT U/S OF MOSHIGAON HAWELI PUNE,CPCB,27,Maharashtra,490,Pune,HAVELI,-,-,-,-,-,-,-,-,18.67748600,73.85123300,04-12-2019 08:30,"","","","","",""
1168,KALU AT ATALE VILLAGE KALYAN THANE,CPCB,27,Maharashtra,497,Thane,KALYAN,-,-,-,-,-,-,-,-,19.26943500,73.16823900,05-01-2018 08:30,"","","","","",""
1169,KALU AT ATALE VILLAGE KALYAN THANE,CPCB,27,Maharashtra,497,Thane,KALYAN,-,-,-,-,-,-,-,-,19.26943500,73.16823900,05-02-2018 08:30,"","","","","",""
1170,KALU AT ATALE VILLAGE KALYAN THANE,CPCB,27,Maharashtra,497,Thane,KALYAN,-,-,-,-,-,-,-,-,19.26943500,73.16823900,05-03-2018 08:30,"","","","","",""
1171,KALU AT ATALE VILLAGE KALYAN THANE,CPCB,27,Maharashtra,497,Thane,KALYAN,-,-,-,-,-,-,-,-,19.26943500,73.16823900,05-04-2018 08:30,"","","","","",""
1172,KALU AT ATALE VILLAGE KALYAN THANE,CPCB,27,Maharashtra,497,Thane,KALYAN,-,-,-,-,-,-,-,-,19.26943500,73.16823900,05-05-2018 08:30,"","","","","",""
1173,KALU AT ATALE VILLAGE KALYAN THANE,CPCB,27,Maharashtra,497,Thane,KALYAN,-,-,-,-,-,-,-,-,19.26943500,73.16823900,05-06-2018 08:30,"","","","","",""
1174,KALU AT ATALE VILLAGE KALYAN THANE,CPCB,27,Maharashtra,497,Thane,KALYAN,-,-,-,-,-,-,-,-,19.26943500,73.16823900,05-07-2018 08:30,"","","","","",""
1175,KALU AT ATALE VILLAGE KALYAN THANE,CPCB,27,Maharashtra,497,Thane,KALYAN,-,-,-,-,-,-,-,-,19.26943500,73.16823900,02-08-2018 08:30,"","","","","",""
1176,KALU AT ATALE VILLAGE KALYAN THANE,CPCB,27,Maharashtra,497,Thane,KALYAN,-,-,-,-,-,-,-,-,19.26943500,73.16823900,03-09-2018 08:30,"","","","","",""
1177,KALU AT ATALE VILLAGE KALYAN THANE,CPCB,27,Maharashtra,497,Thane,KALYAN,-,-,-,-,-,-,-,-,19.26943500,73.16823900,03-10-2018 08:30,"","","","","",""
1178,KALU AT ATALE VILLAGE KALYAN THANE,CPCB,27,Maharashtra,497,Thane,KALYAN,-,-,-,-,-,-,-,-,19.26943500,73.16823900,03-11-2018 08:30,"","","","","",""
1179,KALU AT ATALE VILLAGE KALYAN THANE,CPCB,27,Maharashtra,497,Thane,KALYAN,-,-,-,-,-,-,-,-,19.26943500,73.16823900,01-12-2018 08:30,"","","","","",""
1180,KALU AT ATALE VILLAGE KALYAN THANE,CPCB,27,Maharashtra,497,Thane,KALYAN,-,-,-,-,-,-,-,-,19.26943500,73.16823900,01-01-2019 08:30,"","","","","",""
1181,KALU AT ATALE VILLAGE KALYAN THANE,CPCB,27,Maharashtra,497,Thane,KALYAN,-,-,-,-,-,-,-,-,19.26943500,73.16823900,02-02-2019 08:30,"","","","","",""
1182,KALU AT ATALE VILLAGE KALYAN THANE,CPCB,27,Maharashtra,497,Thane,KALYAN,-,-,-,-,-,-,-,-,19.26943500,73.16823900,05-03-2019 08:30,"","","","","",""
1183,KALU AT ATALE VILLAGE KALYAN THANE,CPCB,27,Maharashtra,497,Thane,KALYAN,-,-,-,-,-,-,-,-,19.26943500,73.16823900,02-04-2019 08:30,"","","","","",""
1184,KALU AT ATALE VILLAGE KALYAN THANE,CPCB,27,Maharashtra,497,Thane,KALYAN,-,-,-,-,-,-,-,-,19.26943500,73.16823900,08-05-2019 08:30,"","","","","",""
1185,KALU AT ATALE VILLAGE KALYAN THANE,CPCB,27,Maharashtra,497,Thane,KALYAN,-,-,-,-,-,-,-,-,19.26943500,73.16823900,01-06-2019 08:30,"","","","","",""
1186,KALU AT ATALE VILLAGE KALYAN THANE,CPCB,27,Maharashtra,497,Thane,KALYAN,-,-,-,-,-,-,-,-,19.26943500,73.16823900,02-07-2019 08:30,"","","","","",""
1187,KALU AT ATALE VILLAGE KALYAN THANE,CPCB,27,Maharashtra,497,Thane,KALYAN,-,-,-,-,-,-,-,-,19.26943500,73.16823900,05-08-2019 08:30,"","","","","",""
1188,KALU AT ATALE VILLAGE KALYAN THANE,CPCB,27,Maharashtra,497,Thane,KALYAN,-,-,-,-,-,-,-,-,19.26943500,73.16823900,05-09-2019 08:30,"","","","","",""
1189,KALU AT ATALE VILLAGE KALYAN THANE,CPCB,27,Maharashtra,497,Thane,KALYAN,-,-,-,-,-,-,-,-,19.26943500,73.16823900,03-10-2019 08:30,"","","","","",""
1190,KALU AT ATALE VILLAGE KALYAN THANE,CPCB,27,Maharashtra,497,Thane,KALYAN,-,-,-,-,-,-,-,-,19.26943500,73.16823900,05-11-2019 08:30,"","","","","",""
1191,KALU AT ATALE VILLAGE KALYAN THANE,CPCB,27,Maharashtra,497,Thane,KALYAN,-,-,-,-,-,-,-,-,19.26943500,73.16823900,04-12-2019 08:30,"","","","","",""
1192,KANHAN D/S OF NAGPUR AGARGAON KUHI NAGPUR,CPCB,27,Maharashtra,484,Nagpur,KUHI,-,-,-,-,-,-,-,-,21.08709800,79.47442200,03-01-2018 08:30,"","","","","",""
1193,KANHAN D/S OF NAGPUR AGARGAON KUHI NAGPUR,CPCB,27,Maharashtra,484,Nagpur,KUHI,-,-,-,-,-,-,-,-,21.08709800,79.47442200,06-02-2018 08:30,"","","","","",""
1194,KANHAN D/S OF NAGPUR AGARGAON KUHI NAGPUR,CPCB,27,Maharashtra,484,Nagpur,KUHI,-,-,-,-,-,-,-,-,21.08709800,79.47442200,06-03-2018 08:30,"","","","","",""
1195,KANHAN D/S OF NAGPUR AGARGAON KUHI NAGPUR,CPCB,27,Maharashtra,484,Nagpur,KUHI,-,-,-,-,-,-,-,-,21.08709800,79.47442200,04-04-2018 08:30,"","","","","",""
1196,KANHAN D/S OF NAGPUR AGARGAON KUHI NAGPUR,CPCB,27,Maharashtra,484,Nagpur,KUHI,-,-,-,-,-,-,-,-,21.08709800,79.47442200,09-05-2018 08:30,"","","","","",""
1197,KANHAN D/S OF NAGPUR AGARGAON KUHI NAGPUR,CPCB,27,Maharashtra,484,Nagpur,KUHI,-,-,-,-,-,-,-,-,21.08709800,79.47442200,07-06-2018 08:30,"","","","","",""
1198,KANHAN D/S OF NAGPUR AGARGAON KUHI NAGPUR,CPCB,27,Maharashtra,484,Nagpur,KUHI,-,-,-,-,-,-,-,-,21.08709800,79.47442200,09-07-2018 08:30,"","","","","",""
1199,KANHAN D/S OF NAGPUR AGARGAON KUHI NAGPUR,CPCB,27,Maharashtra,484,Nagpur,KUHI,-,-,-,-,-,-,-,-,21.08709800,79.47442200,07-08-2018 08:30,"","","","","",""
1200,KANHAN D/S OF NAGPUR AGARGAON KUHI NAGPUR,CPCB,27,Maharashtra,484,Nagpur,KUHI,-,-,-,-,-,-,-,-,21.08709800,79.47442200,06-09-2018 08:30,"","","","","",""
1201,KANHAN D/S OF NAGPUR AGARGAON KUHI NAGPUR,CPCB,27,Maharashtra,484,Nagpur,KUHI,-,-,-,-,-,-,-,-,21.08709800,79.47442200,21-10-2018 08:30,"","","","","",""
1202,KANHAN D/S OF NAGPUR AGARGAON KUHI NAGPUR,CPCB,27,Maharashtra,484,Nagpur,KUHI,-,-,-,-,-,-,-,-,21.08709800,79.47442200,04-11-2018 08:30,"","","","","",""
1203,KANHAN D/S OF NAGPUR AGARGAON KUHI NAGPUR,CPCB,27,Maharashtra,484,Nagpur,KUHI,-,-,-,-,-,-,-,-,21.08709800,79.47442200,06-12-2018 08:30,"","","","","",""
1204,KANHAN D/S OF NAGPUR AGARGAON KUHI NAGPUR,CPCB,27,Maharashtra,484,Nagpur,KUHI,-,-,-,-,-,-,-,-,21.08709800,79.47442200,09-01-2019 08:30,"","","","","",""
1205,KANHAN D/S OF NAGPUR AGARGAON KUHI NAGPUR,CPCB,27,Maharashtra,484,Nagpur,KUHI,-,-,-,-,-,-,-,-,21.08709800,79.47442200,01-02-2019 08:30,"","","","","",""
1206,KANHAN D/S OF NAGPUR AGARGAON KUHI NAGPUR,CPCB,27,Maharashtra,484,Nagpur,KUHI,-,-,-,-,-,-,-,-,21.08709800,79.47442200,03-04-2019 08:30,"","","","","",""
1207,KANHAN D/S OF NAGPUR AGARGAON KUHI NAGPUR,CPCB,27,Maharashtra,484,Nagpur,KUHI,-,-,-,-,-,-,-,-,21.08709800,79.47442200,03-07-2019 08:30,"","","","","",""
1208,KANHAN D/S OF NAGPUR AGARGAON KUHI NAGPUR,CPCB,27,Maharashtra,484,Nagpur,KUHI,-,-,-,-,-,-,-,-,21.08709800,79.47442200,02-08-2019 08:30,"","","","","",""
1209,KANHAN D/S OF NAGPUR AGARGAON KUHI NAGPUR,CPCB,27,Maharashtra,484,Nagpur,KUHI,-,-,-,-,-,-,-,-,21.08709800,79.47442200,05-09-2019 08:30,"","","","","",""
1210,KANHAN D/S OF NAGPUR AGARGAON KUHI NAGPUR,CPCB,27,Maharashtra,484,Nagpur,KUHI,-,-,-,-,-,-,-,-,21.08709800,79.47442200,04-10-2019 08:30,"","","","","",""
1211,KANHAN D/S OF NAGPUR AGARGAON KUHI NAGPUR,CPCB,27,Maharashtra,484,Nagpur,KUHI,-,-,-,-,-,-,-,-,21.08709800,79.47442200,01-11-2019 08:30,"","","","","",""
1212,KANHAN D/S OF NAGPUR AGARGAON KUHI NAGPUR,CPCB,27,Maharashtra,484,Nagpur,KUHI,-,-,-,-,-,-,-,-,21.08709800,79.47442200,03-12-2019 08:30,"","","","","",""
1213,KANHAN RIVER D/S OF M/S VIDHARBHA PAPER MILL SINORA PARSEONI NAGPUR,CPCB,27,Maharashtra,484,Nagpur,KAMPTEE,-,-,-,-,-,-,-,-,21.20972400,79.23671100,04-01-2018 08:30,"","","","","",""
1214,KANHAN RIVER D/S OF M/S VIDHARBHA PAPER MILL SINORA PARSEONI NAGPUR,CPCB,27,Maharashtra,484,Nagpur,KAMPTEE,-,-,-,-,-,-,-,-,21.20972400,79.23671100,06-02-2018 08:30,"","","","","",""
1215,KANHAN RIVER D/S OF M/S VIDHARBHA PAPER MILL SINORA PARSEONI NAGPUR,CPCB,27,Maharashtra,484,Nagpur,KAMPTEE,-,-,-,-,-,-,-,-,21.20972400,79.23671100,03-03-2018 08:30,"","","","","",""
1216,KANHAN RIVER D/S OF M/S VIDHARBHA PAPER MILL SINORA PARSEONI NAGPUR,CPCB,27,Maharashtra,484,Nagpur,KAMPTEE,-,-,-,-,-,-,-,-,21.20972400,79.23671100,04-04-2018 08:30,"","","","","",""
1217,KANHAN RIVER D/S OF M/S VIDHARBHA PAPER MILL SINORA PARSEONI NAGPUR,CPCB,27,Maharashtra,484,Nagpur,KAMPTEE,-,-,-,-,-,-,-,-,21.20972400,79.23671100,10-05-2018 08:30,"","","","","",""
1218,KANHAN RIVER D/S OF M/S VIDHARBHA PAPER MILL SINORA PARSEONI NAGPUR,CPCB,27,Maharashtra,484,Nagpur,KAMPTEE,-,-,-,-,-,-,-,-,21.20972400,79.23671100,06-06-2018 08:30,"","","","","",""
1219,KANHAN RIVER D/S OF M/S VIDHARBHA PAPER MILL SINORA PARSEONI NAGPUR,CPCB,27,Maharashtra,484,Nagpur,KAMPTEE,-,-,-,-,-,-,-,-,21.20972400,79.23671100,23-07-2018 08:30,"","","","","",""
1220,KANHAN RIVER D/S OF M/S VIDHARBHA PAPER MILL SINORA PARSEONI NAGPUR,CPCB,27,Maharashtra,484,Nagpur,KAMPTEE,-,-,-,-,-,-,-,-,21.20972400,79.23671100,06-08-2018 08:30,"","","","","",""
1221,KANHAN RIVER D/S OF M/S VIDHARBHA PAPER MILL SINORA PARSEONI NAGPUR,CPCB,27,Maharashtra,484,Nagpur,KAMPTEE,-,-,-,-,-,-,-,-,21.20972400,79.23671100,04-09-2018 08:30,"","","","","",""
1222,KANHAN RIVER D/S OF M/S VIDHARBHA PAPER MILL SINORA PARSEONI NAGPUR,CPCB,27,Maharashtra,484,Nagpur,KAMPTEE,-,-,-,-,-,-,-,-,21.20972400,79.23671100,21-10-2018 08:30,"","","","","",""
1223,KANHAN RIVER D/S OF M/S VIDHARBHA PAPER MILL SINORA PARSEONI NAGPUR,CPCB,27,Maharashtra,484,Nagpur,KAMPTEE,-,-,-,-,-,-,-,-,21.20972400,79.23671100,14-11-2018 08:30,"","","","","",""
1224,KANHAN RIVER D/S OF M/S VIDHARBHA PAPER MILL SINORA PARSEONI NAGPUR,CPCB,27,Maharashtra,484,Nagpur,KAMPTEE,-,-,-,-,-,-,-,-,21.20972400,79.23671100,05-12-2018 08:30,"","","","","",""
1225,KANHAN RIVER D/S OF M/S VIDHARBHA PAPER MILL SINORA PARSEONI NAGPUR,CPCB,27,Maharashtra,484,Nagpur,KAMPTEE,-,-,-,-,-,-,-,-,21.20972400,79.23671100,09-01-2019 08:30,"","","","","",""
1226,KANHAN RIVER D/S OF M/S VIDHARBHA PAPER MILL SINORA PARSEONI NAGPUR,CPCB,27,Maharashtra,484,Nagpur,KAMPTEE,-,-,-,-,-,-,-,-,21.20972400,79.23671100,01-02-2019 08:30,"","","","","",""
1227,KANHAN RIVER D/S OF M/S VIDHARBHA PAPER MILL SINORA PARSEONI NAGPUR,CPCB,27,Maharashtra,484,Nagpur,KAMPTEE,-,-,-,-,-,-,-,-,21.20972400,79.23671100,02-03-2019 08:30,"","","","","",""
1228,KANHAN RIVER D/S OF M/S VIDHARBHA PAPER MILL SINORA PARSEONI NAGPUR,CPCB,27,Maharashtra,484,Nagpur,KAMPTEE,-,-,-,-,-,-,-,-,21.20972400,79.23671100,03-04-2019 08:30,"","","","","",""
1229,KANHAN RIVER D/S OF M/S VIDHARBHA PAPER MILL SINORA PARSEONI NAGPUR,CPCB,27,Maharashtra,484,Nagpur,KAMPTEE,-,-,-,-,-,-,-,-,21.20972400,79.23671100,02-05-2019 08:30,"","","","","",""
1230,KANHAN RIVER D/S OF M/S VIDHARBHA PAPER MILL SINORA PARSEONI NAGPUR,CPCB,27,Maharashtra,484,Nagpur,KAMPTEE,-,-,-,-,-,-,-,-,21.20972400,79.23671100,03-06-2019 08:30,"","","","","",""
1231,KANHAN RIVER D/S OF M/S VIDHARBHA PAPER MILL SINORA PARSEONI NAGPUR,CPCB,27,Maharashtra,484,Nagpur,KAMPTEE,-,-,-,-,-,-,-,-,21.20972400,79.23671100,10-07-2019 08:30,"","","","","",""
1232,KANHAN RIVER D/S OF M/S VIDHARBHA PAPER MILL SINORA PARSEONI NAGPUR,CPCB,27,Maharashtra,484,Nagpur,KAMPTEE,-,-,-,-,-,-,-,-,21.20972400,79.23671100,05-08-2019 08:30,"","","","","",""
1233,KANHAN RIVER D/S OF M/S VIDHARBHA PAPER MILL SINORA PARSEONI NAGPUR,CPCB,27,Maharashtra,484,Nagpur,KAMPTEE,-,-,-,-,-,-,-,-,21.20972400,79.23671100,04-09-2019 08:30,"","","","","",""
1234,KANHAN RIVER D/S OF M/S VIDHARBHA PAPER MILL SINORA PARSEONI NAGPUR,CPCB,27,Maharashtra,484,Nagpur,KAMPTEE,-,-,-,-,-,-,-,-,21.20972400,79.23671100,03-10-2019 08:30,"","","","","",""
1235,KANHAN RIVER D/S OF M/S VIDHARBHA PAPER MILL SINORA PARSEONI NAGPUR,CPCB,27,Maharashtra,484,Nagpur,KAMPTEE,-,-,-,-,-,-,-,-,21.20972400,79.23671100,04-11-2019 08:30,"","","","","",""
1236,KANHAN RIVER D/S OF M/S VIDHARBHA PAPER MILL SINORA PARSEONI NAGPUR,CPCB,27,Maharashtra,484,Nagpur,KAMPTEE,-,-,-,-,-,-,-,-,21.20972400,79.23671100,03-12-2019 08:30,"","","","","",""
1237,KANHAN RIVER U/S OF M/S VIDHARBHA PAPER MILL SINORA PARSEONI NAGPUR,CPCB,27,Maharashtra,484,Nagpur,PARSEONI,-,-,-,-,-,-,-,-,21.20678800,79.24619300,04-01-2018 08:30,"","","","","",""
1238,KANHAN RIVER U/S OF M/S VIDHARBHA PAPER MILL SINORA PARSEONI NAGPUR,CPCB,27,Maharashtra,484,Nagpur,PARSEONI,-,-,-,-,-,-,-,-,21.20678800,79.24619300,06-02-2018 08:30,"","","","","",""
1239,KANHAN RIVER U/S OF M/S VIDHARBHA PAPER MILL SINORA PARSEONI NAGPUR,CPCB,27,Maharashtra,484,Nagpur,PARSEONI,-,-,-,-,-,-,-,-,21.20678800,79.24619300,03-03-2018 08:30,"","","","","",""
1240,KANHAN RIVER U/S OF M/S VIDHARBHA PAPER MILL SINORA PARSEONI NAGPUR,CPCB,27,Maharashtra,484,Nagpur,PARSEONI,-,-,-,-,-,-,-,-,21.20678800,79.24619300,04-04-2018 08:30,"","","","","",""
1241,KANHAN RIVER U/S OF M/S VIDHARBHA PAPER MILL SINORA PARSEONI NAGPUR,CPCB,27,Maharashtra,484,Nagpur,PARSEONI,-,-,-,-,-,-,-,-,21.20678800,79.24619300,10-05-2018 08:30,"","","","","",""
1242,KANHAN RIVER U/S OF M/S VIDHARBHA PAPER MILL SINORA PARSEONI NAGPUR,CPCB,27,Maharashtra,484,Nagpur,PARSEONI,-,-,-,-,-,-,-,-,21.20678800,79.24619300,06-06-2018 08:30,"","","","","",""
1243,KANHAN RIVER U/S OF M/S VIDHARBHA PAPER MILL SINORA PARSEONI NAGPUR,CPCB,27,Maharashtra,484,Nagpur,PARSEONI,-,-,-,-,-,-,-,-,21.20678800,79.24619300,23-07-2018 08:30,"","","","","",""
1244,KANHAN RIVER U/S OF M/S VIDHARBHA PAPER MILL SINORA PARSEONI NAGPUR,CPCB,27,Maharashtra,484,Nagpur,PARSEONI,-,-,-,-,-,-,-,-,21.20678800,79.24619300,06-08-2018 08:30,"","","","","",""
1245,KANHAN RIVER U/S OF M/S VIDHARBHA PAPER MILL SINORA PARSEONI NAGPUR,CPCB,27,Maharashtra,484,Nagpur,PARSEONI,-,-,-,-,-,-,-,-,21.20678800,79.24619300,04-09-2018 08:30,"","","","","",""
1246,KANHAN RIVER U/S OF M/S VIDHARBHA PAPER MILL SINORA PARSEONI NAGPUR,CPCB,27,Maharashtra,484,Nagpur,PARSEONI,-,-,-,-,-,-,-,-,21.20678800,79.24619300,21-10-2018 08:30,"","","","","",""
1247,KANHAN RIVER U/S OF M/S VIDHARBHA PAPER MILL SINORA PARSEONI NAGPUR,CPCB,27,Maharashtra,484,Nagpur,PARSEONI,-,-,-,-,-,-,-,-,21.20678800,79.24619300,14-11-2018 08:30,"","","","","",""
1248,KANHAN RIVER U/S OF M/S VIDHARBHA PAPER MILL SINORA PARSEONI NAGPUR,CPCB,27,Maharashtra,484,Nagpur,PARSEONI,-,-,-,-,-,-,-,-,21.20678800,79.24619300,05-12-2018 08:30,"","","","","",""
1249,KANHAN RIVER U/S OF M/S VIDHARBHA PAPER MILL SINORA PARSEONI NAGPUR,CPCB,27,Maharashtra,484,Nagpur,PARSEONI,-,-,-,-,-,-,-,-,21.20678800,79.24619300,09-01-2019 08:30,"","","","","",""
1250,KANHAN RIVER U/S OF M/S VIDHARBHA PAPER MILL SINORA PARSEONI NAGPUR,CPCB,27,Maharashtra,484,Nagpur,PARSEONI,-,-,-,-,-,-,-,-,21.20678800,79.24619300,01-02-2019 08:30,"","","","","",""
1251,KANHAN RIVER U/S OF M/S VIDHARBHA PAPER MILL SINORA PARSEONI NAGPUR,CPCB,27,Maharashtra,484,Nagpur,PARSEONI,-,-,-,-,-,-,-,-,21.20678800,79.24619300,02-03-2019 08:30,"","","","","",""
1252,KANHAN RIVER U/S OF M/S VIDHARBHA PAPER MILL SINORA PARSEONI NAGPUR,CPCB,27,Maharashtra,484,Nagpur,PARSEONI,-,-,-,-,-,-,-,-,21.20678800,79.24619300,03-04-2019 08:30,"","","","","",""
1253,KANHAN RIVER U/S OF M/S VIDHARBHA PAPER MILL SINORA PARSEONI NAGPUR,CPCB,27,Maharashtra,484,Nagpur,PARSEONI,-,-,-,-,-,-,-,-,21.20678800,79.24619300,02-05-2019 08:30,"","","","","",""
1254,KANHAN RIVER U/S OF M/S VIDHARBHA PAPER MILL SINORA PARSEONI NAGPUR,CPCB,27,Maharashtra,484,Nagpur,PARSEONI,-,-,-,-,-,-,-,-,21.20678800,79.24619300,03-06-2019 08:30,"","","","","",""
1255,KANHAN RIVER U/S OF M/S VIDHARBHA PAPER MILL SINORA PARSEONI NAGPUR,CPCB,27,Maharashtra,484,Nagpur,PARSEONI,-,-,-,-,-,-,-,-,21.20678800,79.24619300,10-07-2019 08:30,"","","","","",""
1256,KANHAN RIVER U/S OF M/S VIDHARBHA PAPER MILL SINORA PARSEONI NAGPUR,CPCB,27,Maharashtra,484,Nagpur,PARSEONI,-,-,-,-,-,-,-,-,21.20678800,79.24619300,05-08-2019 08:30,"","","","","",""
1257,KANHAN RIVER U/S OF M/S VIDHARBHA PAPER MILL SINORA PARSEONI NAGPUR,CPCB,27,Maharashtra,484,Nagpur,PARSEONI,-,-,-,-,-,-,-,-,21.20678800,79.24619300,04-09-2019 08:30,"","","","","",""
1258,KANHAN RIVER U/S OF M/S VIDHARBHA PAPER MILL SINORA PARSEONI NAGPUR,CPCB,27,Maharashtra,484,Nagpur,PARSEONI,-,-,-,-,-,-,-,-,21.20678800,79.24619300,03-10-2019 08:30,"","","","","",""
1259,KANHAN RIVER U/S OF M/S VIDHARBHA PAPER MILL SINORA PARSEONI NAGPUR,CPCB,27,Maharashtra,484,Nagpur,PARSEONI,-,-,-,-,-,-,-,-,21.20678800,79.24619300,04-11-2019 08:30,"","","","","",""
1260,KANHAN RIVER U/S OF M/S VIDHARBHA PAPER MILL SINORA PARSEONI NAGPUR,CPCB,27,Maharashtra,484,Nagpur,PARSEONI,-,-,-,-,-,-,-,-,21.20678800,79.24619300,03-12-2019 08:30,"","","","","",""
1261,KAN RIVER NEAR SAKRI WATER WORKS SAKRI DHULE,CPCB,27,Maharashtra,474,Dhule,SAKRI,-,-,-,-,-,-,-,-,20.99262700,74.31404200,04-03-2018 08:30,"","","","","",""
1262,KAN RIVER NEAR SAKRI WATER WORKS SAKRI DHULE,CPCB,27,Maharashtra,474,Dhule,SAKRI,-,-,-,-,-,-,-,-,20.99262700,74.31404200,01-06-2018 08:30,"","","","","",""
1263,KAN RIVER NEAR SAKRI WATER WORKS SAKRI DHULE,CPCB,27,Maharashtra,474,Dhule,SAKRI,-,-,-,-,-,-,-,-,20.99262700,74.31404200,03-07-2018 08:30,"","","","","",""
1264,KAN RIVER NEAR SAKRI WATER WORKS SAKRI DHULE,CPCB,27,Maharashtra,474,Dhule,SAKRI,-,-,-,-,-,-,-,-,20.99262700,74.31404200,02-08-2018 08:30,"","","","","",""
1265,KAN RIVER NEAR SAKRI WATER WORKS SAKRI DHULE,CPCB,27,Maharashtra,474,Dhule,SAKRI,-,-,-,-,-,-,-,-,20.99262700,74.31404200,02-09-2018 08:30,"","","","","",""
1266,KAN RIVER NEAR SAKRI WATER WORKS SAKRI DHULE,CPCB,27,Maharashtra,474,Dhule,SAKRI,-,-,-,-,-,-,-,-,20.99262700,74.31404200,01-04-2019 08:30,"","","","","",""
1267,KAN RIVER NEAR SAKRI WATER WORKS SAKRI DHULE,CPCB,27,Maharashtra,474,Dhule,SAKRI,-,-,-,-,-,-,-,-,20.99262700,74.31404200,02-08-2019 08:30,"","","","","",""
1268,KAN RIVER NEAR SAKRI WATER WORKS SAKRI DHULE,CPCB,27,Maharashtra,474,Dhule,SAKRI,-,-,-,-,-,-,-,-,20.99262700,74.31404200,04-09-2019 08:30,"","","","","",""
1269,KAN RIVER NEAR SAKRI WATER WORKS SAKRI DHULE,CPCB,27,Maharashtra,474,Dhule,SAKRI,-,-,-,-,-,-,-,-,20.99262700,74.31404200,03-10-2019 08:30,"","","","","",""
1270,KAN RIVER NEAR SAKRI WATER WORKS SAKRI DHULE,CPCB,27,Maharashtra,474,Dhule,SAKRI,-,-,-,-,-,-,-,-,20.99262700,74.31404200,04-11-2019 08:30,"","","","","",""
1271,KARAMBAVANE CREEK AT CHIPLUN KARAMBAVANE RATNAGIRI,CPCB,27,Maharashtra,492,Ratnagiri,CHIPLUN,-,-,-,-,-,-,-,-,17.57914900,73.42690800,06-01-2018 08:30,"","","","","",""
1272,KARAMBAVANE CREEK AT CHIPLUN KARAMBAVANE RATNAGIRI,CPCB,27,Maharashtra,492,Ratnagiri,CHIPLUN,-,-,-,-,-,-,-,-,17.57914900,73.42690800,06-02-2018 08:30,"","","","","",""
1273,KARAMBAVANE CREEK AT CHIPLUN KARAMBAVANE RATNAGIRI,CPCB,27,Maharashtra,492,Ratnagiri,CHIPLUN,-,-,-,-,-,-,-,-,17.57914900,73.42690800,07-03-2018 08:30,"",Colorless,"","","",""
1274,KARAMBAVANE CREEK AT CHIPLUN KARAMBAVANE RATNAGIRI,CPCB,27,Maharashtra,492,Ratnagiri,CHIPLUN,-,-,-,-,-,-,-,-,17.57914900,73.42690800,04-04-2018 08:30,"",Colorless,"","","",""
1275,KARAMBAVANE CREEK AT CHIPLUN KARAMBAVANE RATNAGIRI,CPCB,27,Maharashtra,492,Ratnagiri,CHIPLUN,-,-,-,-,-,-,-,-,17.57914900,73.42690800,08-05-2018 08:30,"",Clear,"","","",""
1276,KARAMBAVANE CREEK AT CHIPLUN KARAMBAVANE RATNAGIRI,CPCB,27,Maharashtra,492,Ratnagiri,CHIPLUN,-,-,-,-,-,-,-,-,17.57914900,73.42690800,05-06-2018 08:30,"",Clear,"","","",""
1277,KARAMBAVANE CREEK AT CHIPLUN KARAMBAVANE RATNAGIRI,CPCB,27,Maharashtra,492,Ratnagiri,CHIPLUN,-,-,-,-,-,-,-,-,17.57914900,73.42690800,04-07-2018 08:30,"","","","","",""
1278,KARAMBAVANE CREEK AT CHIPLUN KARAMBAVANE RATNAGIRI,CPCB,27,Maharashtra,492,Ratnagiri,CHIPLUN,-,-,-,-,-,-,-,-,17.57914900,73.42690800,03-08-2018 08:30,"","","","","",""
1279,KARAMBAVANE CREEK AT CHIPLUN KARAMBAVANE RATNAGIRI,CPCB,27,Maharashtra,492,Ratnagiri,CHIPLUN,-,-,-,-,-,-,-,-,17.57914900,73.42690800,08-09-2018 08:30,"","","","","",""
1280,KARAMBAVANE CREEK AT CHIPLUN KARAMBAVANE RATNAGIRI,CPCB,27,Maharashtra,492,Ratnagiri,CHIPLUN,-,-,-,-,-,-,-,-,17.57914900,73.42690800,10-10-2018 08:30,"","","","","",""
1281,KARAMBAVANE CREEK AT CHIPLUN KARAMBAVANE RATNAGIRI,CPCB,27,Maharashtra,492,Ratnagiri,CHIPLUN,-,-,-,-,-,-,-,-,17.57914900,73.42690800,03-11-2018 08:30,"","","","","",""
1282,KARAMBAVANE CREEK AT CHIPLUN KARAMBAVANE RATNAGIRI,CPCB,27,Maharashtra,492,Ratnagiri,CHIPLUN,-,-,-,-,-,-,-,-,17.57914900,73.42690800,05-12-2018 08:30,"",Clear,"","","",""
1283,KARAMBAVANE CREEK AT CHIPLUN KARAMBAVANE RATNAGIRI,CPCB,27,Maharashtra,492,Ratnagiri,CHIPLUN,-,-,-,-,-,-,-,-,17.57914900,73.42690800,08-01-2019 08:30,"","","","","",""
1284,KARAMBAVANE CREEK AT CHIPLUN KARAMBAVANE RATNAGIRI,CPCB,27,Maharashtra,492,Ratnagiri,CHIPLUN,-,-,-,-,-,-,-,-,17.57914900,73.42690800,08-02-2019 08:30,"","","","","",""
1285,KARAMBAVANE CREEK AT CHIPLUN KARAMBAVANE RATNAGIRI,CPCB,27,Maharashtra,492,Ratnagiri,CHIPLUN,-,-,-,-,-,-,-,-,17.57914900,73.42690800,06-03-2019 08:30,"","","","","",""
1286,KARAMBAVANE CREEK AT CHIPLUN KARAMBAVANE RATNAGIRI,CPCB,27,Maharashtra,492,Ratnagiri,CHIPLUN,-,-,-,-,-,-,-,-,17.57914900,73.42690800,01-04-2019 08:30,"","","","","",""
1287,KARAMBAVANE CREEK AT CHIPLUN KARAMBAVANE RATNAGIRI,CPCB,27,Maharashtra,492,Ratnagiri,CHIPLUN,-,-,-,-,-,-,-,-,17.57914900,73.42690800,08-05-2019 08:30,"","","","","",""
1288,KARAMBAVANE CREEK AT CHIPLUN KARAMBAVANE RATNAGIRI,CPCB,27,Maharashtra,492,Ratnagiri,CHIPLUN,-,-,-,-,-,-,-,-,17.57914900,73.42690800,06-06-2019 08:30,"","","","","",""
1289,KARAMBAVANE CREEK AT CHIPLUN KARAMBAVANE RATNAGIRI,CPCB,27,Maharashtra,492,Ratnagiri,CHIPLUN,-,-,-,-,-,-,-,-,17.57914900,73.42690800,01-07-2019 08:30,"",Light Brown,"","","",""
1290,KARAMBAVANE CREEK AT CHIPLUN KARAMBAVANE RATNAGIRI,CPCB,27,Maharashtra,492,Ratnagiri,CHIPLUN,-,-,-,-,-,-,-,-,17.57914900,73.42690800,02-08-2019 08:30,"",Light Brown,"","","",""
1291,KARAMBAVANE CREEK AT CHIPLUN KARAMBAVANE RATNAGIRI,CPCB,27,Maharashtra,492,Ratnagiri,CHIPLUN,-,-,-,-,-,-,-,-,17.57914900,73.42690800,08-09-2019 08:30,"",Light Brown,"","","",""
1292,KARAMBAVANE CREEK AT CHIPLUN KARAMBAVANE RATNAGIRI,CPCB,27,Maharashtra,492,Ratnagiri,CHIPLUN,-,-,-,-,-,-,-,-,17.57914900,73.42690800,03-10-2019 08:30,"","","","","",""
1293,KARAMBAVANE CREEK AT CHIPLUN KARAMBAVANE RATNAGIRI,CPCB,27,Maharashtra,492,Ratnagiri,CHIPLUN,-,-,-,-,-,-,-,-,17.57914900,73.42690800,08-11-2019 08:30,"","","","","",""
1294,KARAMBAVANE CREEK AT CHIPLUN KARAMBAVANE RATNAGIRI,CPCB,27,Maharashtra,492,Ratnagiri,CHIPLUN,-,-,-,-,-,-,-,-,17.57914900,73.42690800,09-12-2019 08:30,"","","","","",""
1295,KASHIMIRABHAYANDER THANE,CPCB,27,Maharashtra,497,Thane,THANE,-,-,-,-,-,-,-,-,19.27969000,72.88556800,04-04-2018 08:30,3138,Light Brown,"","","",""
1296,KASHIMIRABHAYANDER THANE,CPCB,27,Maharashtra,497,Thane,THANE,-,-,-,-,-,-,-,-,19.27969000,72.88556800,03-10-2018 08:30,3213,Light Brown,"","","",""
1297,KASHIMIRABHAYANDER THANE,CPCB,27,Maharashtra,497,Thane,THANE,-,-,-,-,-,-,-,-,19.27969000,72.88556800,02-04-2019 08:30,1280,"","","","",""
1298,KASHIMIRABHAYANDER THANE,CPCB,27,Maharashtra,497,Thane,THANE,-,-,-,-,-,-,-,-,19.27969000,72.88556800,07-10-2019 08:30,2479,"","",1.3,"",""
1299,KHANJIRENAGAR HATKANANGALE KOLHAPUR,CPCB,27,Maharashtra,480,Kolhapur,HATKANANGALE,-,-,-,-,-,-,-,-,16.74512500,74.44644900,02-04-2018 08:30,2040,Colorless,"","","",""
1300,KHANJIRENAGAR HATKANANGALE KOLHAPUR,CPCB,27,Maharashtra,480,Kolhapur,HATKANANGALE,-,-,-,-,-,-,-,-,16.74512500,74.44644900,02-10-2018 08:30,1091,"","","","",""
1301,KHANJIRENAGAR HATKANANGALE KOLHAPUR,CPCB,27,Maharashtra,480,Kolhapur,HATKANANGALE,-,-,-,-,-,-,-,-,16.74512500,74.44644900,09-04-2019 08:30,807,"","",22.3,"",""
1302,KHANJIRENAGAR HATKANANGALE KOLHAPUR,CPCB,27,Maharashtra,480,Kolhapur,HATKANANGALE,-,-,-,-,-,-,-,-,16.74512500,74.44644900,03-10-2019 08:30,1338,"","",1.3,"",""
1303,KHAPERKHEDA SAONERNAGPUR,CPCB,27,Maharashtra,484,Nagpur,SAVNER,-,-,-,-,-,-,-,-,21.26404600,79.10947500,14-04-2018 08:30,1012,"","","","",""
1304,KHAPERKHEDA SAONERNAGPUR,CPCB,27,Maharashtra,484,Nagpur,SAVNER,-,-,-,-,-,-,-,-,21.26404600,79.10947500,21-10-2018 08:30,1212,"","","","",""
1305,KHAPERKHEDA SAONERNAGPUR,CPCB,27,Maharashtra,484,Nagpur,SAVNER,-,-,-,-,-,-,-,-,21.26404600,79.10947500,01-04-2019 08:30,"","","","","",""
1306,KHAREKURAN MURBE CREEK KHAREKURAN PALGHAR THANE,CPCB,27,Maharashtra,665,Palghar,PALGHAR,-,-,-,-,-,-,-,-,19.74137000,72.71152100,09-01-2018 08:30,"",Clear,"","","",""
1307,KHAREKURAN MURBE CREEK KHAREKURAN PALGHAR THANE,CPCB,27,Maharashtra,665,Palghar,PALGHAR,-,-,-,-,-,-,-,-,19.74137000,72.71152100,05-02-2018 08:30,"",Light Brown,"","","",""
1308,KHAREKURAN MURBE CREEK KHAREKURAN PALGHAR THANE,CPCB,27,Maharashtra,665,Palghar,PALGHAR,-,-,-,-,-,-,-,-,19.74137000,72.71152100,06-03-2018 08:30,"",Clear,"","","",""
1309,KHAREKURAN MURBE CREEK KHAREKURAN PALGHAR THANE,CPCB,27,Maharashtra,665,Palghar,PALGHAR,-,-,-,-,-,-,-,-,19.74137000,72.71152100,05-04-2018 08:30,"",Light Brown,"","","",""
1310,KHAREKURAN MURBE CREEK KHAREKURAN PALGHAR THANE,CPCB,27,Maharashtra,665,Palghar,PALGHAR,-,-,-,-,-,-,-,-,19.74137000,72.71152100,09-05-2018 08:30,"",Light Brown,"","","",""
1311,KHAREKURAN MURBE CREEK KHAREKURAN PALGHAR THANE,CPCB,27,Maharashtra,665,Palghar,PALGHAR,-,-,-,-,-,-,-,-,19.74137000,72.71152100,04-06-2018 08:30,"",Light Brown,"","","",""
1312,KHAREKURAN MURBE CREEK KHAREKURAN PALGHAR THANE,CPCB,27,Maharashtra,665,Palghar,PALGHAR,-,-,-,-,-,-,-,-,19.74137000,72.71152100,05-07-2018 08:30,"",Clear,"","","",""
1313,KHAREKURAN MURBE CREEK KHAREKURAN PALGHAR THANE,CPCB,27,Maharashtra,665,Palghar,PALGHAR,-,-,-,-,-,-,-,-,19.74137000,72.71152100,09-08-2018 08:30,"",Clear,"","","",""
1314,KHAREKURAN MURBE CREEK KHAREKURAN PALGHAR THANE,CPCB,27,Maharashtra,665,Palghar,PALGHAR,-,-,-,-,-,-,-,-,19.74137000,72.71152100,09-09-2018 08:30,"",Light Brown,"","","",""
1315,KHAREKURAN MURBE CREEK KHAREKURAN PALGHAR THANE,CPCB,27,Maharashtra,665,Palghar,PALGHAR,-,-,-,-,-,-,-,-,19.74137000,72.71152100,04-10-2018 08:30,"",Light Brown,"","","",""
1316,KHAREKURAN MURBE CREEK KHAREKURAN PALGHAR THANE,CPCB,27,Maharashtra,665,Palghar,PALGHAR,-,-,-,-,-,-,-,-,19.74137000,72.71152100,01-11-2018 08:30,"",Light Brown,"","","",""
1317,KHAREKURAN MURBE CREEK KHAREKURAN PALGHAR THANE,CPCB,27,Maharashtra,665,Palghar,PALGHAR,-,-,-,-,-,-,-,-,19.74137000,72.71152100,06-12-2018 08:30,"",Light Brown,"","","",""
1318,KHAREKURAN MURBE CREEK KHAREKURAN PALGHAR THANE,CPCB,27,Maharashtra,665,Palghar,PALGHAR,-,-,-,-,-,-,-,-,19.74137000,72.71152100,03-01-2019 08:30,"",Light Brown,"","","",""
1319,KHAREKURAN MURBE CREEK KHAREKURAN PALGHAR THANE,CPCB,27,Maharashtra,665,Palghar,PALGHAR,-,-,-,-,-,-,-,-,19.74137000,72.71152100,05-02-2019 08:30,"",Light Brown,"","","",""
1320,KHAREKURAN MURBE CREEK KHAREKURAN PALGHAR THANE,CPCB,27,Maharashtra,665,Palghar,PALGHAR,-,-,-,-,-,-,-,-,19.74137000,72.71152100,15-03-2019 08:30,"",Light Brown,"","","",""
1321,KHAREKURAN MURBE CREEK KHAREKURAN PALGHAR THANE,CPCB,27,Maharashtra,665,Palghar,PALGHAR,-,-,-,-,-,-,-,-,19.74137000,72.71152100,04-04-2019 08:30,"","","","","",""
1322,KHAREKURAN MURBE CREEK KHAREKURAN PALGHAR THANE,CPCB,27,Maharashtra,665,Palghar,PALGHAR,-,-,-,-,-,-,-,-,19.74137000,72.71152100,06-05-2019 08:30,"",Light Brown,"","","",""
1323,KHAREKURAN MURBE CREEK KHAREKURAN PALGHAR THANE,CPCB,27,Maharashtra,665,Palghar,PALGHAR,-,-,-,-,-,-,-,-,19.74137000,72.71152100,06-06-2019 08:30,"",Light Brown,"","","",""
1324,KHAREKURAN MURBE CREEK KHAREKURAN PALGHAR THANE,CPCB,27,Maharashtra,665,Palghar,PALGHAR,-,-,-,-,-,-,-,-,19.74137000,72.71152100,10-07-2019 08:30,"",Brown,"","","",""
1325,KHAREKURAN MURBE CREEK KHAREKURAN PALGHAR THANE,CPCB,27,Maharashtra,665,Palghar,PALGHAR,-,-,-,-,-,-,-,-,19.74137000,72.71152100,08-08-2019 08:30,"","","","","",""
1326,KHAREKURAN MURBE CREEK KHAREKURAN PALGHAR THANE,CPCB,27,Maharashtra,665,Palghar,PALGHAR,-,-,-,-,-,-,-,-,19.74137000,72.71152100,05-09-2019 08:30,"","","","","",""
1327,KHAREKURAN MURBE CREEK KHAREKURAN PALGHAR THANE,CPCB,27,Maharashtra,665,Palghar,PALGHAR,-,-,-,-,-,-,-,-,19.74137000,72.71152100,07-10-2019 08:30,"","","","","",""
1328,KHAREKURAN MURBE CREEK KHAREKURAN PALGHAR THANE,CPCB,27,Maharashtra,665,Palghar,PALGHAR,-,-,-,-,-,-,-,-,19.74137000,72.71152100,08-11-2019 08:30,"","","","","",""
1329,KHAREKURAN MURBE CREEK KHAREKURAN PALGHAR THANE,CPCB,27,Maharashtra,665,Palghar,PALGHAR,-,-,-,-,-,-,-,-,19.74137000,72.71152100,06-12-2019 08:30,"","","","","",""
1330,KOLAR BEFORE CONFLUENCE TO KANHAN AT WAREGAON KAMPTEE NAGPUR,CPCB,27,Maharashtra,484,Nagpur,KAMPTEE,-,-,-,-,-,-,-,-,21.24691700,79.15388200,08-01-2018 08:30,"","","","","",""
1331,KOLAR BEFORE CONFLUENCE TO KANHAN AT WAREGAON KAMPTEE NAGPUR,CPCB,27,Maharashtra,484,Nagpur,KAMPTEE,-,-,-,-,-,-,-,-,21.24691700,79.15388200,06-02-2018 08:30,"","","","","",""
1332,KOLAR BEFORE CONFLUENCE TO KANHAN AT WAREGAON KAMPTEE NAGPUR,CPCB,27,Maharashtra,484,Nagpur,KAMPTEE,-,-,-,-,-,-,-,-,21.24691700,79.15388200,07-03-2018 08:30,"","","","","",""
1333,KOLAR BEFORE CONFLUENCE TO KANHAN AT WAREGAON KAMPTEE NAGPUR,CPCB,27,Maharashtra,484,Nagpur,KAMPTEE,-,-,-,-,-,-,-,-,21.24691700,79.15388200,04-04-2018 08:30,"","","","","",""
1334,KOLAR BEFORE CONFLUENCE TO KANHAN AT WAREGAON KAMPTEE NAGPUR,CPCB,27,Maharashtra,484,Nagpur,KAMPTEE,-,-,-,-,-,-,-,-,21.24691700,79.15388200,10-05-2018 08:30,"","","","","",""
1335,KOLAR BEFORE CONFLUENCE TO KANHAN AT WAREGAON KAMPTEE NAGPUR,CPCB,27,Maharashtra,484,Nagpur,KAMPTEE,-,-,-,-,-,-,-,-,21.24691700,79.15388200,06-06-2018 08:30,"","","","","",""
1336,KOLAR BEFORE CONFLUENCE TO KANHAN AT WAREGAON KAMPTEE NAGPUR,CPCB,27,Maharashtra,484,Nagpur,KAMPTEE,-,-,-,-,-,-,-,-,21.24691700,79.15388200,23-07-2018 08:30,"","","","","",""
1337,KOLAR BEFORE CONFLUENCE TO KANHAN AT WAREGAON KAMPTEE NAGPUR,CPCB,27,Maharashtra,484,Nagpur,KAMPTEE,-,-,-,-,-,-,-,-,21.24691700,79.15388200,06-08-2018 08:30,"","","","","",""
1338,KOLAR BEFORE CONFLUENCE TO KANHAN AT WAREGAON KAMPTEE NAGPUR,CPCB,27,Maharashtra,484,Nagpur,KAMPTEE,-,-,-,-,-,-,-,-,21.24691700,79.15388200,12-09-2018 08:30,"","","","","",""
1339,KOLAR BEFORE CONFLUENCE TO KANHAN AT WAREGAON KAMPTEE NAGPUR,CPCB,27,Maharashtra,484,Nagpur,KAMPTEE,-,-,-,-,-,-,-,-,21.24691700,79.15388200,21-10-2018 08:30,"","","","","",""
1340,KOLAR BEFORE CONFLUENCE TO KANHAN AT WAREGAON KAMPTEE NAGPUR,CPCB,27,Maharashtra,484,Nagpur,KAMPTEE,-,-,-,-,-,-,-,-,21.24691700,79.15388200,14-11-2018 08:30,"","","","","",""
1341,KOLAR BEFORE CONFLUENCE TO KANHAN AT WAREGAON KAMPTEE NAGPUR,CPCB,27,Maharashtra,484,Nagpur,KAMPTEE,-,-,-,-,-,-,-,-,21.24691700,79.15388200,05-12-2018 08:30,"","","","","",""
1342,KOLAR BEFORE CONFLUENCE TO KANHAN AT WAREGAON KAMPTEE NAGPUR,CPCB,27,Maharashtra,484,Nagpur,KAMPTEE,-,-,-,-,-,-,-,-,21.24691700,79.15388200,09-01-2019 08:30,"","","","","",""
1343,KOLAR BEFORE CONFLUENCE TO KANHAN AT WAREGAON KAMPTEE NAGPUR,CPCB,27,Maharashtra,484,Nagpur,KAMPTEE,-,-,-,-,-,-,-,-,21.24691700,79.15388200,01-02-2019 08:30,"","","","","",""
1344,KOLAR BEFORE CONFLUENCE TO KANHAN AT WAREGAON KAMPTEE NAGPUR,CPCB,27,Maharashtra,484,Nagpur,KAMPTEE,-,-,-,-,-,-,-,-,21.24691700,79.15388200,01-03-2019 08:30,"","","","","",""
1345,KOLAR BEFORE CONFLUENCE TO KANHAN AT WAREGAON KAMPTEE NAGPUR,CPCB,27,Maharashtra,484,Nagpur,KAMPTEE,-,-,-,-,-,-,-,-,21.24691700,79.15388200,08-04-2019 08:30,"","","","","",""
1346,KOLAR BEFORE CONFLUENCE TO KANHAN AT WAREGAON KAMPTEE NAGPUR,CPCB,27,Maharashtra,484,Nagpur,KAMPTEE,-,-,-,-,-,-,-,-,21.24691700,79.15388200,04-09-2019 08:30,"","","","","",""
1347,KOLAR BEFORE CONFLUENCE TO KANHAN AT WAREGAON KAMPTEE NAGPUR,CPCB,27,Maharashtra,484,Nagpur,KAMPTEE,-,-,-,-,-,-,-,-,21.24691700,79.15388200,03-10-2019 08:30,"","","","","",""
1348,KOLAR BEFORE CONFLUENCE TO KANHAN AT WAREGAON KAMPTEE NAGPUR,CPCB,27,Maharashtra,484,Nagpur,KAMPTEE,-,-,-,-,-,-,-,-,21.24691700,79.15388200,06-11-2019 08:30,"","","","","",""
1349,KOLAR BEFORE CONFLUENCE TO KANHAN AT WAREGAON KAMPTEE NAGPUR,CPCB,27,Maharashtra,484,Nagpur,KAMPTEE,-,-,-,-,-,-,-,-,21.24691700,79.15388200,03-12-2019 08:30,"","","","","",""
1350,KORADI KAMPTEENAGPUR,CPCB,27,Maharashtra,484,Nagpur,KAMPTEE,-,-,-,-,-,-,-,-,21.23857800,79.11262400,14-04-2018 08:30,1254,"","","","",""
1351,KORADI KAMPTEENAGPUR,CPCB,27,Maharashtra,484,Nagpur,KAMPTEE,-,-,-,-,-,-,-,-,21.23857800,79.11262400,25-04-2019 08:30,"","","","","",""
1352,KOYNA RIVER AT KARAD SATARA,CPCB,27,Maharashtra,494,Satara,KARAD,-,-,-,-,-,-,-,-,17.27858900,74.18370500,07-01-2018 08:30,"","","","","",""
1353,KOYNA RIVER AT KARAD SATARA,CPCB,27,Maharashtra,494,Satara,KARAD,-,-,-,-,-,-,-,-,17.27858900,74.18370500,05-02-2018 08:30,"","","","","",""
1354,KOYNA RIVER AT KARAD SATARA,CPCB,27,Maharashtra,494,Satara,KARAD,-,-,-,-,-,-,-,-,17.27858900,74.18370500,08-03-2018 08:30,"","","","","",""
1355,KOYNA RIVER AT KARAD SATARA,CPCB,27,Maharashtra,494,Satara,KARAD,-,-,-,-,-,-,-,-,17.27858900,74.18370500,11-04-2018 08:30,"","","","","",""
1356,KOYNA RIVER AT KARAD SATARA,CPCB,27,Maharashtra,494,Satara,KARAD,-,-,-,-,-,-,-,-,17.27858900,74.18370500,07-05-2018 08:30,"","","","","",""
1357,KOYNA RIVER AT KARAD SATARA,CPCB,27,Maharashtra,494,Satara,KARAD,-,-,-,-,-,-,-,-,17.27858900,74.18370500,10-06-2018 08:30,"","","","","",""
1358,KOYNA RIVER AT KARAD SATARA,CPCB,27,Maharashtra,494,Satara,KARAD,-,-,-,-,-,-,-,-,17.27858900,74.18370500,10-07-2018 08:30,"","","","","",""
1359,KOYNA RIVER AT KARAD SATARA,CPCB,27,Maharashtra,494,Satara,KARAD,-,-,-,-,-,-,-,-,17.27858900,74.18370500,07-08-2018 08:30,"","","","","",""
1360,KOYNA RIVER AT KARAD SATARA,CPCB,27,Maharashtra,494,Satara,KARAD,-,-,-,-,-,-,-,-,17.27858900,74.18370500,08-09-2018 08:30,"","","","","",""
1361,KOYNA RIVER AT KARAD SATARA,CPCB,27,Maharashtra,494,Satara,KARAD,-,-,-,-,-,-,-,-,17.27858900,74.18370500,10-10-2018 08:30,"","","","","",""
1362,KOYNA RIVER AT KARAD SATARA,CPCB,27,Maharashtra,494,Satara,KARAD,-,-,-,-,-,-,-,-,17.27858900,74.18370500,02-11-2018 08:30,"","","","","",""
1363,KOYNA RIVER AT KARAD SATARA,CPCB,27,Maharashtra,494,Satara,KARAD,-,-,-,-,-,-,-,-,17.27858900,74.18370500,06-12-2018 08:30,"","","","","",""
1364,KOYNA RIVER AT KARAD SATARA,CPCB,27,Maharashtra,494,Satara,KARAD,-,-,-,-,-,-,-,-,17.27858900,74.18370500,01-01-2019 08:30,"","","","","",""
1365,KOYNA RIVER AT KARAD SATARA,CPCB,27,Maharashtra,494,Satara,KARAD,-,-,-,-,-,-,-,-,17.27858900,74.18370500,05-02-2019 08:30,"","","","","",""
1366,KOYNA RIVER AT KARAD SATARA,CPCB,27,Maharashtra,494,Satara,KARAD,-,-,-,-,-,-,-,-,17.27858900,74.18370500,06-03-2019 08:30,"","","","","",""
1367,KOYNA RIVER AT KARAD SATARA,CPCB,27,Maharashtra,494,Satara,KARAD,-,-,-,-,-,-,-,-,17.27858900,74.18370500,08-04-2019 08:30,"","","","","",""
1368,KOYNA RIVER AT KARAD SATARA,CPCB,27,Maharashtra,494,Satara,KARAD,-,-,-,-,-,-,-,-,17.27858900,74.18370500,08-05-2019 08:30,"","","","","",""
1369,KOYNA RIVER AT KARAD SATARA,CPCB,27,Maharashtra,494,Satara,KARAD,-,-,-,-,-,-,-,-,17.27858900,74.18370500,09-06-2019 08:30,"","","","","",""
1370,KOYNA RIVER AT KARAD SATARA,CPCB,27,Maharashtra,494,Satara,KARAD,-,-,-,-,-,-,-,-,17.27858900,74.18370500,09-07-2019 08:30,"","","","","",""
1371,KOYNA RIVER AT KARAD SATARA,CPCB,27,Maharashtra,494,Satara,KARAD,-,-,-,-,-,-,-,-,17.27858900,74.18370500,21-08-2019 08:30,"","","","","",""
1372,KOYNA RIVER AT KARAD SATARA,CPCB,27,Maharashtra,494,Satara,KARAD,-,-,-,-,-,-,-,-,17.27858900,74.18370500,10-09-2019 08:30,"","","","","",""
1373,KOYNA RIVER AT KARAD SATARA,CPCB,27,Maharashtra,494,Satara,KARAD,-,-,-,-,-,-,-,-,17.27858900,74.18370500,04-10-2019 08:30,"","","","","",""
1374,KOYNA RIVER AT KARAD SATARA,CPCB,27,Maharashtra,494,Satara,KARAD,-,-,-,-,-,-,-,-,17.27858900,74.18370500,05-11-2019 08:30,"","","","","",""
1375,KOYNA RIVER AT KARAD SATARA,CPCB,27,Maharashtra,494,Satara,KARAD,-,-,-,-,-,-,-,-,17.27858900,74.18370500,05-12-2019 08:30,"","","","","",""
1376,KRISHNA AT GAWALI GALLYMIRAJSANGLI,CPCB,27,Maharashtra,493,Sangli,MIRAJ,-,-,-,-,-,-,-,-,16.82404500,74.64951000,04-01-2018 08:30,"","","","","",""
1377,KRISHNA AT GAWALI GALLYMIRAJSANGLI,CPCB,27,Maharashtra,493,Sangli,MIRAJ,-,-,-,-,-,-,-,-,16.82404500,74.64951000,01-02-2018 08:30,"","","","","",""
1378,KRISHNA AT GAWALI GALLYMIRAJSANGLI,CPCB,27,Maharashtra,493,Sangli,MIRAJ,-,-,-,-,-,-,-,-,16.82404500,74.64951000,05-03-2018 08:30,"","","","","",""
1379,KRISHNA AT GAWALI GALLYMIRAJSANGLI,CPCB,27,Maharashtra,493,Sangli,MIRAJ,-,-,-,-,-,-,-,-,16.82404500,74.64951000,02-04-2018 08:30,"","","","","",""
1380,KRISHNA AT GAWALI GALLYMIRAJSANGLI,CPCB,27,Maharashtra,493,Sangli,MIRAJ,-,-,-,-,-,-,-,-,16.82404500,74.64951000,04-05-2018 08:30,"","","","","",""
1381,KRISHNA AT GAWALI GALLYMIRAJSANGLI,CPCB,27,Maharashtra,493,Sangli,MIRAJ,-,-,-,-,-,-,-,-,16.82404500,74.64951000,01-06-2018 08:30,"","","","","",""
1382,KRISHNA AT GAWALI GALLYMIRAJSANGLI,CPCB,27,Maharashtra,493,Sangli,MIRAJ,-,-,-,-,-,-,-,-,16.82404500,74.64951000,06-07-2018 08:30,"","","","","",""
1383,KRISHNA AT GAWALI GALLYMIRAJSANGLI,CPCB,27,Maharashtra,493,Sangli,MIRAJ,-,-,-,-,-,-,-,-,16.82404500,74.64951000,03-08-2018 08:30,"","","","","",""
1384,KRISHNA AT GAWALI GALLYMIRAJSANGLI,CPCB,27,Maharashtra,493,Sangli,MIRAJ,-,-,-,-,-,-,-,-,16.82404500,74.64951000,03-09-2018 08:30,"","","","","",""
1385,KRISHNA AT GAWALI GALLYMIRAJSANGLI,CPCB,27,Maharashtra,493,Sangli,MIRAJ,-,-,-,-,-,-,-,-,16.82404500,74.64951000,08-10-2018 08:30,"","","","","",""
1386,KRISHNA AT GAWALI GALLYMIRAJSANGLI,CPCB,27,Maharashtra,493,Sangli,MIRAJ,-,-,-,-,-,-,-,-,16.82404500,74.64951000,02-11-2018 08:30,"","","","","",""
1387,KRISHNA AT GAWALI GALLYMIRAJSANGLI,CPCB,27,Maharashtra,493,Sangli,MIRAJ,-,-,-,-,-,-,-,-,16.82404500,74.64951000,03-12-2018 08:30,"","","","","",""
1388,KRISHNA AT GAWALI GALLYMIRAJSANGLI,CPCB,27,Maharashtra,493,Sangli,MIRAJ,-,-,-,-,-,-,-,-,16.82404500,74.64951000,02-01-2019 08:30,"","","","","",""
1389,KRISHNA AT GAWALI GALLYMIRAJSANGLI,CPCB,27,Maharashtra,493,Sangli,MIRAJ,-,-,-,-,-,-,-,-,16.82404500,74.64951000,05-02-2019 08:30,"","","","","",""
1390,KRISHNA AT GAWALI GALLYMIRAJSANGLI,CPCB,27,Maharashtra,493,Sangli,MIRAJ,-,-,-,-,-,-,-,-,16.82404500,74.64951000,06-03-2019 08:30,"","","","","",""
1391,KRISHNA AT GAWALI GALLYMIRAJSANGLI,CPCB,27,Maharashtra,493,Sangli,MIRAJ,-,-,-,-,-,-,-,-,16.82404500,74.64951000,01-04-2019 08:30,"","","","","",""
1392,KRISHNA AT GAWALI GALLYMIRAJSANGLI,CPCB,27,Maharashtra,493,Sangli,MIRAJ,-,-,-,-,-,-,-,-,16.82404500,74.64951000,06-05-2019 08:30,"","","","","",""
1393,KRISHNA AT GAWALI GALLYMIRAJSANGLI,CPCB,27,Maharashtra,493,Sangli,MIRAJ,-,-,-,-,-,-,-,-,16.82404500,74.64951000,06-06-2019 08:30,"","","","","",""
1394,KRISHNA AT GAWALI GALLYMIRAJSANGLI,CPCB,27,Maharashtra,493,Sangli,MIRAJ,-,-,-,-,-,-,-,-,16.82404500,74.64951000,08-07-2019 08:30,"","","","","",""
1395,KRISHNA AT GAWALI GALLYMIRAJSANGLI,CPCB,27,Maharashtra,493,Sangli,MIRAJ,-,-,-,-,-,-,-,-,16.82404500,74.64951000,02-09-2019 08:30,"","","","","",""
1396,KRISHNA AT GAWALI GALLYMIRAJSANGLI,CPCB,27,Maharashtra,493,Sangli,MIRAJ,-,-,-,-,-,-,-,-,16.82404500,74.64951000,04-10-2019 08:30,"","","","","",""
1397,KRISHNA AT GAWALI GALLYMIRAJSANGLI,CPCB,27,Maharashtra,493,Sangli,MIRAJ,-,-,-,-,-,-,-,-,16.82404500,74.64951000,06-11-2019 08:30,"","","","","",""
1398,KRISHNA AT GAWALI GALLYMIRAJSANGLI,CPCB,27,Maharashtra,493,Sangli,MIRAJ,-,-,-,-,-,-,-,-,16.82404500,74.64951000,02-12-2019 08:30,"","","","","",""
1399,KRISHNA AT KRISHNA BRIDGE KARAD KARAD SATARA,CPCB,27,Maharashtra,494,Satara,KARAD,-,-,-,-,-,-,-,-,17.29525600,74.18877600,07-01-2018 08:30,"","","","","",""
1400,KRISHNA AT KRISHNA BRIDGE KARAD KARAD SATARA,CPCB,27,Maharashtra,494,Satara,KARAD,-,-,-,-,-,-,-,-,17.29525600,74.18877600,05-02-2018 08:30,"","","","","",""
1401,KRISHNA AT KRISHNA BRIDGE KARAD KARAD SATARA,CPCB,27,Maharashtra,494,Satara,KARAD,-,-,-,-,-,-,-,-,17.29525600,74.18877600,08-03-2018 08:30,"","","","","",""
1402,KRISHNA AT KRISHNA BRIDGE KARAD KARAD SATARA,CPCB,27,Maharashtra,494,Satara,KARAD,-,-,-,-,-,-,-,-,17.29525600,74.18877600,11-04-2018 08:30,"","","","","",""
1403,KRISHNA AT KRISHNA BRIDGE KARAD KARAD SATARA,CPCB,27,Maharashtra,494,Satara,KARAD,-,-,-,-,-,-,-,-,17.29525600,74.18877600,07-05-2018 08:30,"","","","","",""
1404,KRISHNA AT KRISHNA BRIDGE KARAD KARAD SATARA,CPCB,27,Maharashtra,494,Satara,KARAD,-,-,-,-,-,-,-,-,17.29525600,74.18877600,10-06-2018 08:30,"","","","","",""
1405,KRISHNA AT KRISHNA BRIDGE KARAD KARAD SATARA,CPCB,27,Maharashtra,494,Satara,KARAD,-,-,-,-,-,-,-,-,17.29525600,74.18877600,10-07-2018 08:30,"","","","","",""
1406,KRISHNA AT KRISHNA BRIDGE KARAD KARAD SATARA,CPCB,27,Maharashtra,494,Satara,KARAD,-,-,-,-,-,-,-,-,17.29525600,74.18877600,07-08-2018 08:30,"","","","","",""
1407,KRISHNA AT KRISHNA BRIDGE KARAD KARAD SATARA,CPCB,27,Maharashtra,494,Satara,KARAD,-,-,-,-,-,-,-,-,17.29525600,74.18877600,08-09-2018 08:30,"","","","","",""
1408,KRISHNA AT KRISHNA BRIDGE KARAD KARAD SATARA,CPCB,27,Maharashtra,494,Satara,KARAD,-,-,-,-,-,-,-,-,17.29525600,74.18877600,10-10-2018 08:30,"","","","","",""
1409,KRISHNA AT KRISHNA BRIDGE KARAD KARAD SATARA,CPCB,27,Maharashtra,494,Satara,KARAD,-,-,-,-,-,-,-,-,17.29525600,74.18877600,02-11-2018 08:30,"","","","","",""
1410,KRISHNA AT KRISHNA BRIDGE KARAD KARAD SATARA,CPCB,27,Maharashtra,494,Satara,KARAD,-,-,-,-,-,-,-,-,17.29525600,74.18877600,06-12-2018 08:30,"","","","","",""
1411,KRISHNA AT KRISHNA BRIDGE KARAD KARAD SATARA,CPCB,27,Maharashtra,494,Satara,KARAD,-,-,-,-,-,-,-,-,17.29525600,74.18877600,01-01-2019 08:30,"","","","","",""
1412,KRISHNA AT KRISHNA BRIDGE KARAD KARAD SATARA,CPCB,27,Maharashtra,494,Satara,KARAD,-,-,-,-,-,-,-,-,17.29525600,74.18877600,05-02-2019 08:30,"","","","","",""
1413,KRISHNA AT KRISHNA BRIDGE KARAD KARAD SATARA,CPCB,27,Maharashtra,494,Satara,KARAD,-,-,-,-,-,-,-,-,17.29525600,74.18877600,06-03-2019 08:30,"","","","","",""
1414,KRISHNA AT KRISHNA BRIDGE KARAD KARAD SATARA,CPCB,27,Maharashtra,494,Satara,KARAD,-,-,-,-,-,-,-,-,17.29525600,74.18877600,08-04-2019 08:30,"","","","","",""
1415,KRISHNA AT KRISHNA BRIDGE KARAD KARAD SATARA,CPCB,27,Maharashtra,494,Satara,KARAD,-,-,-,-,-,-,-,-,17.29525600,74.18877600,08-05-2019 08:30,"","","","","",""
1416,KRISHNA AT KRISHNA BRIDGE KARAD KARAD SATARA,CPCB,27,Maharashtra,494,Satara,KARAD,-,-,-,-,-,-,-,-,17.29525600,74.18877600,09-06-2019 08:30,"","","","","",""
1417,KRISHNA AT KRISHNA BRIDGE KARAD KARAD SATARA,CPCB,27,Maharashtra,494,Satara,KARAD,-,-,-,-,-,-,-,-,17.29525600,74.18877600,09-07-2019 08:30,"","","","","",""
1418,KRISHNA AT KRISHNA BRIDGE KARAD KARAD SATARA,CPCB,27,Maharashtra,494,Satara,KARAD,-,-,-,-,-,-,-,-,17.29525600,74.18877600,21-08-2019 08:30,"","","","","",""
1419,KRISHNA AT KRISHNA BRIDGE KARAD KARAD SATARA,CPCB,27,Maharashtra,494,Satara,KARAD,-,-,-,-,-,-,-,-,17.29525600,74.18877600,10-09-2019 08:30,"","","","","",""
1420,KRISHNA AT KRISHNA BRIDGE KARAD KARAD SATARA,CPCB,27,Maharashtra,494,Satara,KARAD,-,-,-,-,-,-,-,-,17.29525600,74.18877600,04-10-2019 08:30,"","","","","",""
1421,KRISHNA AT KRISHNA BRIDGE KARAD KARAD SATARA,CPCB,27,Maharashtra,494,Satara,KARAD,-,-,-,-,-,-,-,-,17.29525600,74.18877600,05-11-2019 08:30,"","","","","",""
1422,KRISHNA AT KRISHNA BRIDGE KARAD KARAD SATARA,CPCB,27,Maharashtra,494,Satara,KARAD,-,-,-,-,-,-,-,-,17.29525600,74.18877600,05-12-2019 08:30,"","","","","",""
1423,KRISHNA AT KURUNDWAD KOLHAPUR (MAHARASHTRA),CPCB,27,Maharashtra,480,Kolhapur,SHIROL,-,-,-,-,-,-,-,-,16.69500400,74.60348700,19-12-2018 08:30,"","","","","",""
1424,KRISHNA AT KURUNDWAD SHIROL KOLHAPUR,CPCB,27,Maharashtra,480,Kolhapur,SHIROL,-,-,-,-,-,-,-,-,16.68139600,74.59027800,08-01-2018 08:30,"","","","","",""
1425,KRISHNA AT KURUNDWAD SHIROL KOLHAPUR,CPCB,27,Maharashtra,480,Kolhapur,SHIROL,-,-,-,-,-,-,-,-,16.68139600,74.59027800,08-02-2018 08:30,"","","","","",""
1426,KRISHNA AT KURUNDWAD SHIROL KOLHAPUR,CPCB,27,Maharashtra,480,Kolhapur,SHIROL,-,-,-,-,-,-,-,-,16.68139600,74.59027800,05-03-2018 08:30,"","","","","",""
1427,KRISHNA AT KURUNDWAD SHIROL KOLHAPUR,CPCB,27,Maharashtra,480,Kolhapur,SHIROL,-,-,-,-,-,-,-,-,16.68139600,74.59027800,02-04-2018 08:30,"","","","","",""
1428,KRISHNA AT KURUNDWAD SHIROL KOLHAPUR,CPCB,27,Maharashtra,480,Kolhapur,SHIROL,-,-,-,-,-,-,-,-,16.68139600,74.59027800,07-05-2018 08:30,"","","","","",""
1429,KRISHNA AT KURUNDWAD SHIROL KOLHAPUR,CPCB,27,Maharashtra,480,Kolhapur,SHIROL,-,-,-,-,-,-,-,-,16.68139600,74.59027800,07-06-2018 08:30,"","","","","",""
1430,KRISHNA AT KURUNDWAD SHIROL KOLHAPUR,CPCB,27,Maharashtra,480,Kolhapur,SHIROL,-,-,-,-,-,-,-,-,16.68139600,74.59027800,09-07-2018 08:30,"","","","","",""
1431,KRISHNA AT KURUNDWAD SHIROL KOLHAPUR,CPCB,27,Maharashtra,480,Kolhapur,SHIROL,-,-,-,-,-,-,-,-,16.68139600,74.59027800,06-08-2018 08:30,"","","","","",""
1432,KRISHNA AT KURUNDWAD SHIROL KOLHAPUR,CPCB,27,Maharashtra,480,Kolhapur,SHIROL,-,-,-,-,-,-,-,-,16.68139600,74.59027800,04-09-2018 08:30,"","","","","",""
1433,KRISHNA AT KURUNDWAD SHIROL KOLHAPUR,CPCB,27,Maharashtra,480,Kolhapur,SHIROL,-,-,-,-,-,-,-,-,16.68139600,74.59027800,01-10-2018 08:30,"","","","","",""
1434,KRISHNA AT KURUNDWAD SHIROL KOLHAPUR,CPCB,27,Maharashtra,480,Kolhapur,SHIROL,-,-,-,-,-,-,-,-,16.68139600,74.59027800,04-11-2018 08:30,"","","","","",""
1435,KRISHNA AT KURUNDWAD SHIROL KOLHAPUR,CPCB,27,Maharashtra,480,Kolhapur,SHIROL,-,-,-,-,-,-,-,-,16.68139600,74.59027800,06-12-2018 08:30,"","","","","",""
1436,KRISHNA AT KURUNDWAD SHIROL KOLHAPUR,CPCB,27,Maharashtra,480,Kolhapur,SHIROL,-,-,-,-,-,-,-,-,16.68139600,74.59027800,03-01-2019 08:30,"","","","","",""
1437,KRISHNA AT KURUNDWAD SHIROL KOLHAPUR,CPCB,27,Maharashtra,480,Kolhapur,SHIROL,-,-,-,-,-,-,-,-,16.68139600,74.59027800,04-02-2019 08:30,"","","","","",""
1438,KRISHNA AT KURUNDWAD SHIROL KOLHAPUR,CPCB,27,Maharashtra,480,Kolhapur,SHIROL,-,-,-,-,-,-,-,-,16.68139600,74.59027800,06-03-2019 08:30,"","","","","",""
1439,KRISHNA AT KURUNDWAD SHIROL KOLHAPUR,CPCB,27,Maharashtra,480,Kolhapur,SHIROL,-,-,-,-,-,-,-,-,16.68139600,74.59027800,01-04-2019 08:30,"","","","","",""
1440,KRISHNA AT KURUNDWAD SHIROL KOLHAPUR,CPCB,27,Maharashtra,480,Kolhapur,SHIROL,-,-,-,-,-,-,-,-,16.68139600,74.59027800,06-05-2019 08:30,"","","","","",""
1441,KRISHNA AT KURUNDWAD SHIROL KOLHAPUR,CPCB,27,Maharashtra,480,Kolhapur,SHIROL,-,-,-,-,-,-,-,-,16.68139600,74.59027800,10-06-2019 08:30,"","","","","",""
1442,KRISHNA AT KURUNDWAD SHIROL KOLHAPUR,CPCB,27,Maharashtra,480,Kolhapur,SHIROL,-,-,-,-,-,-,-,-,16.68139600,74.59027800,08-07-2019 08:30,"","","","","",""
1443,KRISHNA AT KURUNDWAD SHIROL KOLHAPUR,CPCB,27,Maharashtra,480,Kolhapur,SHIROL,-,-,-,-,-,-,-,-,16.68139600,74.59027800,19-08-2019 08:30,"","","","","",""
1444,KRISHNA AT KURUNDWAD SHIROL KOLHAPUR,CPCB,27,Maharashtra,480,Kolhapur,SHIROL,-,-,-,-,-,-,-,-,16.68139600,74.59027800,03-09-2019 08:30,"","","","","",""
1445,KRISHNA AT KURUNDWAD SHIROL KOLHAPUR,CPCB,27,Maharashtra,480,Kolhapur,SHIROL,-,-,-,-,-,-,-,-,16.68139600,74.59027800,07-10-2019 08:30,"","","","","",""
1446,KRISHNA AT KURUNDWAD SHIROL KOLHAPUR,CPCB,27,Maharashtra,480,Kolhapur,SHIROL,-,-,-,-,-,-,-,-,16.68139600,74.59027800,04-11-2019 08:30,"","","","","",""
1447,KRISHNA AT KURUNDWAD SHIROL KOLHAPUR,CPCB,27,Maharashtra,480,Kolhapur,SHIROL,-,-,-,-,-,-,-,-,16.68139600,74.59027800,02-12-2019 08:30,"","","","","",""
1448,KRISHNA AT MAHABALESHWAR DHOM DAM NEAR KOINA DAM MAHABALESHWAR SATARA,CPCB,27,Maharashtra,494,Satara,WAI,-,-,-,-,-,-,-,-,17.98176400,73.79545600,06-01-2018 08:30,"","","","","",""
1449,KRISHNA AT MAHABALESHWAR DHOM DAM NEAR KOINA DAM MAHABALESHWAR SATARA,CPCB,27,Maharashtra,494,Satara,WAI,-,-,-,-,-,-,-,-,17.98176400,73.79545600,06-02-2018 08:30,"","","","","",""
1450,KRISHNA AT MAHABALESHWAR DHOM DAM NEAR KOINA DAM MAHABALESHWAR SATARA,CPCB,27,Maharashtra,494,Satara,WAI,-,-,-,-,-,-,-,-,17.98176400,73.79545600,07-03-2018 08:30,"","","","","",""
1451,KRISHNA AT MAHABALESHWAR DHOM DAM NEAR KOINA DAM MAHABALESHWAR SATARA,CPCB,27,Maharashtra,494,Satara,WAI,-,-,-,-,-,-,-,-,17.98176400,73.79545600,10-04-2018 08:30,"","","","","",""
1452,KRISHNA AT MAHABALESHWAR DHOM DAM NEAR KOINA DAM MAHABALESHWAR SATARA,CPCB,27,Maharashtra,494,Satara,WAI,-,-,-,-,-,-,-,-,17.98176400,73.79545600,06-05-2018 08:30,"","","","","",""
1453,KRISHNA AT MAHABALESHWAR DHOM DAM NEAR KOINA DAM MAHABALESHWAR SATARA,CPCB,27,Maharashtra,494,Satara,WAI,-,-,-,-,-,-,-,-,17.98176400,73.79545600,03-06-2018 08:30,"","","","","",""
1454,KRISHNA AT MAHABALESHWAR DHOM DAM NEAR KOINA DAM MAHABALESHWAR SATARA,CPCB,27,Maharashtra,494,Satara,WAI,-,-,-,-,-,-,-,-,17.98176400,73.79545600,05-07-2018 08:30,"","","","","",""
1455,KRISHNA AT MAHABALESHWAR DHOM DAM NEAR KOINA DAM MAHABALESHWAR SATARA,CPCB,27,Maharashtra,494,Satara,WAI,-,-,-,-,-,-,-,-,17.98176400,73.79545600,05-08-2018 08:30,"","","","","",""
1456,KRISHNA AT MAHABALESHWAR DHOM DAM NEAR KOINA DAM MAHABALESHWAR SATARA,CPCB,27,Maharashtra,494,Satara,WAI,-,-,-,-,-,-,-,-,17.98176400,73.79545600,02-09-2018 08:30,"","","","","",""
1457,KRISHNA AT MAHABALESHWAR DHOM DAM NEAR KOINA DAM MAHABALESHWAR SATARA,CPCB,27,Maharashtra,494,Satara,WAI,-,-,-,-,-,-,-,-,17.98176400,73.79545600,10-10-2018 08:30,"","","","","",""
1458,KRISHNA AT MAHABALESHWAR DHOM DAM NEAR KOINA DAM MAHABALESHWAR SATARA,CPCB,27,Maharashtra,494,Satara,WAI,-,-,-,-,-,-,-,-,17.98176400,73.79545600,02-11-2018 08:30,"","","","","",""
1459,KRISHNA AT MAHABALESHWAR DHOM DAM NEAR KOINA DAM MAHABALESHWAR SATARA,CPCB,27,Maharashtra,494,Satara,WAI,-,-,-,-,-,-,-,-,17.98176400,73.79545600,04-12-2018 08:30,"","","","","",""
1460,KRISHNA AT MAHABALESHWAR DHOM DAM NEAR KOINA DAM MAHABALESHWAR SATARA,CPCB,27,Maharashtra,494,Satara,WAI,-,-,-,-,-,-,-,-,17.98176400,73.79545600,02-01-2019 08:30,"","","","","",""
1461,KRISHNA AT MAHABALESHWAR DHOM DAM NEAR KOINA DAM MAHABALESHWAR SATARA,CPCB,27,Maharashtra,494,Satara,WAI,-,-,-,-,-,-,-,-,17.98176400,73.79545600,06-02-2019 08:30,"","","","","",""
1462,KRISHNA AT MAHABALESHWAR DHOM DAM NEAR KOINA DAM MAHABALESHWAR SATARA,CPCB,27,Maharashtra,494,Satara,WAI,-,-,-,-,-,-,-,-,17.98176400,73.79545600,07-03-2019 08:30,"","","","","",""
1463,KRISHNA AT MAHABALESHWAR DHOM DAM NEAR KOINA DAM MAHABALESHWAR SATARA,CPCB,27,Maharashtra,494,Satara,WAI,-,-,-,-,-,-,-,-,17.98176400,73.79545600,08-04-2019 08:30,"","","","","",""
1464,KRISHNA AT MAHABALESHWAR DHOM DAM NEAR KOINA DAM MAHABALESHWAR SATARA,CPCB,27,Maharashtra,494,Satara,WAI,-,-,-,-,-,-,-,-,17.98176400,73.79545600,09-05-2019 08:30,"","","","","",""
1465,KRISHNA AT MAHABALESHWAR DHOM DAM NEAR KOINA DAM MAHABALESHWAR SATARA,CPCB,27,Maharashtra,494,Satara,WAI,-,-,-,-,-,-,-,-,17.98176400,73.79545600,10-06-2019 08:30,"","","","","",""
1466,KRISHNA AT MAHABALESHWAR DHOM DAM NEAR KOINA DAM MAHABALESHWAR SATARA,CPCB,27,Maharashtra,494,Satara,WAI,-,-,-,-,-,-,-,-,17.98176400,73.79545600,10-07-2019 08:30,"","","","","",""
1467,KRISHNA AT MAHABALESHWAR DHOM DAM NEAR KOINA DAM MAHABALESHWAR SATARA,CPCB,27,Maharashtra,494,Satara,WAI,-,-,-,-,-,-,-,-,17.98176400,73.79545600,22-08-2019 08:30,"","","","","",""
1468,KRISHNA AT MAHABALESHWAR DHOM DAM NEAR KOINA DAM MAHABALESHWAR SATARA,CPCB,27,Maharashtra,494,Satara,WAI,-,-,-,-,-,-,-,-,17.98176400,73.79545600,09-09-2019 08:30,"","","","","",""
1469,KRISHNA AT MAHABALESHWAR DHOM DAM NEAR KOINA DAM MAHABALESHWAR SATARA,CPCB,27,Maharashtra,494,Satara,WAI,-,-,-,-,-,-,-,-,17.98176400,73.79545600,04-10-2019 08:30,"","","","","",""
1470,KRISHNA AT MAHABALESHWAR DHOM DAM NEAR KOINA DAM MAHABALESHWAR SATARA,CPCB,27,Maharashtra,494,Satara,WAI,-,-,-,-,-,-,-,-,17.98176400,73.79545600,08-11-2019 08:30,"","","","","",""
1471,KRISHNA AT MAHABALESHWAR DHOM DAM NEAR KOINA DAM MAHABALESHWAR SATARA,CPCB,27,Maharashtra,494,Satara,WAI,-,-,-,-,-,-,-,-,17.98176400,73.79545600,06-12-2019 08:30,"","","","","",""
1472,KRISHNA AT RAJAPUR WEIR RAJAPUR SHIROL KOHLAPUR,CPCB,27,Maharashtra,492,Ratnagiri,RAJAPUR,-,-,-,-,-,-,-,-,16.65705300,73.52138600,08-01-2018 08:30,"","","","","",""
1473,KRISHNA AT RAJAPUR WEIR RAJAPUR SHIROL KOHLAPUR,CPCB,27,Maharashtra,492,Ratnagiri,RAJAPUR,-,-,-,-,-,-,-,-,16.65705300,73.52138600,08-02-2018 08:30,"","","","","",""
1474,KRISHNA AT RAJAPUR WEIR RAJAPUR SHIROL KOHLAPUR,CPCB,27,Maharashtra,492,Ratnagiri,RAJAPUR,-,-,-,-,-,-,-,-,16.65705300,73.52138600,05-03-2018 08:30,"","","","","",""
1475,KRISHNA AT RAJAPUR WEIR RAJAPUR SHIROL KOHLAPUR,CPCB,27,Maharashtra,492,Ratnagiri,RAJAPUR,-,-,-,-,-,-,-,-,16.65705300,73.52138600,02-04-2018 08:30,"","","","","",""
1476,KRISHNA AT RAJAPUR WEIR RAJAPUR SHIROL KOHLAPUR,CPCB,27,Maharashtra,492,Ratnagiri,RAJAPUR,-,-,-,-,-,-,-,-,16.65705300,73.52138600,07-05-2018 08:30,"","","","","",""
1477,KRISHNA AT RAJAPUR WEIR RAJAPUR SHIROL KOHLAPUR,CPCB,27,Maharashtra,492,Ratnagiri,RAJAPUR,-,-,-,-,-,-,-,-,16.65705300,73.52138600,07-06-2018 08:30,"","","","","",""
1478,KRISHNA AT RAJAPUR WEIR RAJAPUR SHIROL KOHLAPUR,CPCB,27,Maharashtra,492,Ratnagiri,RAJAPUR,-,-,-,-,-,-,-,-,16.65705300,73.52138600,09-07-2018 08:30,"","","","","",""
1479,KRISHNA AT RAJAPUR WEIR RAJAPUR SHIROL KOHLAPUR,CPCB,27,Maharashtra,492,Ratnagiri,RAJAPUR,-,-,-,-,-,-,-,-,16.65705300,73.52138600,06-08-2018 08:30,"","","","","",""
1480,KRISHNA AT RAJAPUR WEIR RAJAPUR SHIROL KOHLAPUR,CPCB,27,Maharashtra,492,Ratnagiri,RAJAPUR,-,-,-,-,-,-,-,-,16.65705300,73.52138600,04-09-2018 08:30,"","","","","",""
1481,KRISHNA AT RAJAPUR WEIR RAJAPUR SHIROL KOHLAPUR,CPCB,27,Maharashtra,492,Ratnagiri,RAJAPUR,-,-,-,-,-,-,-,-,16.65705300,73.52138600,01-10-2018 08:30,"","","","","",""
1482,KRISHNA AT RAJAPUR WEIR RAJAPUR SHIROL KOHLAPUR,CPCB,27,Maharashtra,492,Ratnagiri,RAJAPUR,-,-,-,-,-,-,-,-,16.65705300,73.52138600,04-11-2018 08:30,"","","","","",""
1483,KRISHNA AT RAJAPUR WEIR RAJAPUR SHIROL KOHLAPUR,CPCB,27,Maharashtra,492,Ratnagiri,RAJAPUR,-,-,-,-,-,-,-,-,16.65705300,73.52138600,06-12-2018 08:30,"","","","","",""
1484,KRISHNA AT RAJAPUR WEIR RAJAPUR SHIROL KOHLAPUR,CPCB,27,Maharashtra,492,Ratnagiri,RAJAPUR,-,-,-,-,-,-,-,-,16.65705300,73.52138600,03-01-2019 08:30,"","","","","",""
1485,KRISHNA AT RAJAPUR WEIR RAJAPUR SHIROL KOHLAPUR,CPCB,27,Maharashtra,492,Ratnagiri,RAJAPUR,-,-,-,-,-,-,-,-,16.65705300,73.52138600,04-02-2019 08:30,"","","","","",""
1486,KRISHNA AT RAJAPUR WEIR RAJAPUR SHIROL KOHLAPUR,CPCB,27,Maharashtra,492,Ratnagiri,RAJAPUR,-,-,-,-,-,-,-,-,16.65705300,73.52138600,06-03-2019 08:30,"","","","","",""
1487,KRISHNA AT RAJAPUR WEIR RAJAPUR SHIROL KOHLAPUR,CPCB,27,Maharashtra,492,Ratnagiri,RAJAPUR,-,-,-,-,-,-,-,-,16.65705300,73.52138600,01-04-2019 08:30,"","","","","",""
1488,KRISHNA AT RAJAPUR WEIR RAJAPUR SHIROL KOHLAPUR,CPCB,27,Maharashtra,492,Ratnagiri,RAJAPUR,-,-,-,-,-,-,-,-,16.65705300,73.52138600,06-05-2019 08:30,"","","","","",""
1489,KRISHNA AT RAJAPUR WEIR RAJAPUR SHIROL KOHLAPUR,CPCB,27,Maharashtra,492,Ratnagiri,RAJAPUR,-,-,-,-,-,-,-,-,16.65705300,73.52138600,10-06-2019 08:30,"","","","","",""
1490,KRISHNA AT RAJAPUR WEIR RAJAPUR SHIROL KOHLAPUR,CPCB,27,Maharashtra,492,Ratnagiri,RAJAPUR,-,-,-,-,-,-,-,-,16.65705300,73.52138600,08-07-2019 08:30,"","","","","",""
1491,KRISHNA AT RAJAPUR WEIR RAJAPUR SHIROL KOHLAPUR,CPCB,27,Maharashtra,492,Ratnagiri,RAJAPUR,-,-,-,-,-,-,-,-,16.65705300,73.52138600,19-08-2019 08:30,"","","","","",""
1492,KRISHNA AT RAJAPUR WEIR RAJAPUR SHIROL KOHLAPUR,CPCB,27,Maharashtra,492,Ratnagiri,RAJAPUR,-,-,-,-,-,-,-,-,16.65705300,73.52138600,03-09-2019 08:30,"","","","","",""
1493,KRISHNA AT RAJAPUR WEIR RAJAPUR SHIROL KOHLAPUR,CPCB,27,Maharashtra,492,Ratnagiri,RAJAPUR,-,-,-,-,-,-,-,-,16.65705300,73.52138600,07-10-2019 08:30,"","","","","",""
1494,KRISHNA AT RAJAPUR WEIR RAJAPUR SHIROL KOHLAPUR,CPCB,27,Maharashtra,492,Ratnagiri,RAJAPUR,-,-,-,-,-,-,-,-,16.65705300,73.52138600,04-11-2019 08:30,"","","","","",""
1495,KRISHNA AT RAJAPUR WEIR RAJAPUR SHIROL KOHLAPUR,CPCB,27,Maharashtra,492,Ratnagiri,RAJAPUR,-,-,-,-,-,-,-,-,16.65705300,73.52138600,02-12-2019 08:30,"","","","","",""
1496,KRISHNA D/S OF ISLAMPUR WALWA SANGLI,CPCB,27,Maharashtra,493,Sangli,WALWA,-,-,-,-,-,-,-,-,17.02927500,74.38006400,04-01-2018 08:30,"","","","","",""
1497,KRISHNA D/S OF ISLAMPUR WALWA SANGLI,CPCB,27,Maharashtra,493,Sangli,WALWA,-,-,-,-,-,-,-,-,17.02927500,74.38006400,01-02-2018 08:30,"","","","","",""
1498,KRISHNA D/S OF ISLAMPUR WALWA SANGLI,CPCB,27,Maharashtra,493,Sangli,WALWA,-,-,-,-,-,-,-,-,17.02927500,74.38006400,05-03-2018 08:30,"","","","","",""
1499,KRISHNA D/S OF ISLAMPUR WALWA SANGLI,CPCB,27,Maharashtra,493,Sangli,WALWA,-,-,-,-,-,-,-,-,17.02927500,74.38006400,02-04-2018 08:30,"","","","","",""
1500,KRISHNA D/S OF ISLAMPUR WALWA SANGLI,CPCB,27,Maharashtra,493,Sangli,WALWA,-,-,-,-,-,-,-,-,17.02927500,74.38006400,04-05-2018 08:30,"","","","","",""
1501,KRISHNA D/S OF ISLAMPUR WALWA SANGLI,CPCB,27,Maharashtra,493,Sangli,WALWA,-,-,-,-,-,-,-,-,17.02927500,74.38006400,01-06-2018 08:30,"","","","","",""
1502,KRISHNA D/S OF ISLAMPUR WALWA SANGLI,CPCB,27,Maharashtra,493,Sangli,WALWA,-,-,-,-,-,-,-,-,17.02927500,74.38006400,06-07-2018 08:30,"","","","","",""
1503,KRISHNA D/S OF ISLAMPUR WALWA SANGLI,CPCB,27,Maharashtra,493,Sangli,WALWA,-,-,-,-,-,-,-,-,17.02927500,74.38006400,03-08-2018 08:30,"","","","","",""
1504,KRISHNA D/S OF ISLAMPUR WALWA SANGLI,CPCB,27,Maharashtra,493,Sangli,WALWA,-,-,-,-,-,-,-,-,17.02927500,74.38006400,03-09-2018 08:30,"","","","","",""
1505,KRISHNA D/S OF ISLAMPUR WALWA SANGLI,CPCB,27,Maharashtra,493,Sangli,WALWA,-,-,-,-,-,-,-,-,17.02927500,74.38006400,08-10-2018 08:30,"","","","","",""
1506,KRISHNA D/S OF ISLAMPUR WALWA SANGLI,CPCB,27,Maharashtra,493,Sangli,WALWA,-,-,-,-,-,-,-,-,17.02927500,74.38006400,02-11-2018 08:30,"","","","","",""
1507,KRISHNA D/S OF ISLAMPUR WALWA SANGLI,CPCB,27,Maharashtra,493,Sangli,WALWA,-,-,-,-,-,-,-,-,17.02927500,74.38006400,03-12-2018 08:30,"","","","","",""
1508,KRISHNA D/S OF ISLAMPUR WALWA SANGLI,CPCB,27,Maharashtra,493,Sangli,WALWA,-,-,-,-,-,-,-,-,17.02927500,74.38006400,02-01-2019 08:30,"","","","","",""
1509,KRISHNA D/S OF ISLAMPUR WALWA SANGLI,CPCB,27,Maharashtra,493,Sangli,WALWA,-,-,-,-,-,-,-,-,17.02927500,74.38006400,05-02-2019 08:30,"","","","","",""
1510,KRISHNA D/S OF ISLAMPUR WALWA SANGLI,CPCB,27,Maharashtra,493,Sangli,WALWA,-,-,-,-,-,-,-,-,17.02927500,74.38006400,06-03-2019 08:30,"","","","","",""
1511,KRISHNA D/S OF ISLAMPUR WALWA SANGLI,CPCB,27,Maharashtra,493,Sangli,WALWA,-,-,-,-,-,-,-,-,17.02927500,74.38006400,01-04-2019 08:30,"","","","","",""
1512,KRISHNA D/S OF ISLAMPUR WALWA SANGLI,CPCB,27,Maharashtra,493,Sangli,WALWA,-,-,-,-,-,-,-,-,17.02927500,74.38006400,06-05-2019 08:30,"","","","","",""
1513,KRISHNA D/S OF ISLAMPUR WALWA SANGLI,CPCB,27,Maharashtra,493,Sangli,WALWA,-,-,-,-,-,-,-,-,17.02927500,74.38006400,06-06-2019 08:30,"","","","","",""
1514,KRISHNA D/S OF ISLAMPUR WALWA SANGLI,CPCB,27,Maharashtra,493,Sangli,WALWA,-,-,-,-,-,-,-,-,17.02927500,74.38006400,08-07-2019 08:30,"","","","","",""
1515,KRISHNA D/S OF ISLAMPUR WALWA SANGLI,CPCB,27,Maharashtra,493,Sangli,WALWA,-,-,-,-,-,-,-,-,17.02927500,74.38006400,02-09-2019 08:30,"","","","","",""
1516,KRISHNA D/S OF ISLAMPUR WALWA SANGLI,CPCB,27,Maharashtra,493,Sangli,WALWA,-,-,-,-,-,-,-,-,17.02927500,74.38006400,04-10-2019 08:30,"","","","","",""
1517,KRISHNA D/S OF ISLAMPUR WALWA SANGLI,CPCB,27,Maharashtra,493,Sangli,WALWA,-,-,-,-,-,-,-,-,17.02927500,74.38006400,06-11-2019 08:30,"","","","","",""
1518,KRISHNA D/S OF ISLAMPUR WALWA SANGLI,CPCB,27,Maharashtra,493,Sangli,WALWA,-,-,-,-,-,-,-,-,17.02927500,74.38006400,02-12-2019 08:30,"","","","","",""
1519,KRISHNA RIVER AT KRISHNA-VENNA SANGAM AT MAHULI SATARA,CPCB,27,Maharashtra,494,Satara,SATARA,-,-,-,-,-,-,-,-,17.68825200,74.06330300,07-01-2018 08:30,"","","","","",""
1520,KRISHNA RIVER AT KRISHNA-VENNA SANGAM AT MAHULI SATARA,CPCB,27,Maharashtra,494,Satara,SATARA,-,-,-,-,-,-,-,-,17.68825200,74.06330300,05-02-2018 08:30,"","","","","",""
1521,KRISHNA RIVER AT KRISHNA-VENNA SANGAM AT MAHULI SATARA,CPCB,27,Maharashtra,494,Satara,SATARA,-,-,-,-,-,-,-,-,17.68825200,74.06330300,08-03-2018 08:30,"","","","","",""
1522,KRISHNA RIVER AT KRISHNA-VENNA SANGAM AT MAHULI SATARA,CPCB,27,Maharashtra,494,Satara,SATARA,-,-,-,-,-,-,-,-,17.68825200,74.06330300,11-04-2018 08:30,"","","","","",""
1523,KRISHNA RIVER AT KRISHNA-VENNA SANGAM AT MAHULI SATARA,CPCB,27,Maharashtra,494,Satara,SATARA,-,-,-,-,-,-,-,-,17.68825200,74.06330300,07-05-2018 08:30,"","","","","",""
1524,KRISHNA RIVER AT KRISHNA-VENNA SANGAM AT MAHULI SATARA,CPCB,27,Maharashtra,494,Satara,SATARA,-,-,-,-,-,-,-,-,17.68825200,74.06330300,10-06-2018 08:30,"","","","","",""
1525,KRISHNA RIVER AT KRISHNA-VENNA SANGAM AT MAHULI SATARA,CPCB,27,Maharashtra,494,Satara,SATARA,-,-,-,-,-,-,-,-,17.68825200,74.06330300,10-07-2018 08:30,"","","","","",""
1526,KRISHNA RIVER AT KRISHNA-VENNA SANGAM AT MAHULI SATARA,CPCB,27,Maharashtra,494,Satara,SATARA,-,-,-,-,-,-,-,-,17.68825200,74.06330300,08-08-2018 08:30,"","","","","",""
1527,KRISHNA RIVER AT KRISHNA-VENNA SANGAM AT MAHULI SATARA,CPCB,27,Maharashtra,494,Satara,SATARA,-,-,-,-,-,-,-,-,17.68825200,74.06330300,08-09-2018 08:30,"","","","","",""
1528,KRISHNA RIVER AT KRISHNA-VENNA SANGAM AT MAHULI SATARA,CPCB,27,Maharashtra,494,Satara,SATARA,-,-,-,-,-,-,-,-,17.68825200,74.06330300,11-10-2018 08:30,"","","","","",""
1529,KRISHNA RIVER AT KRISHNA-VENNA SANGAM AT MAHULI SATARA,CPCB,27,Maharashtra,494,Satara,SATARA,-,-,-,-,-,-,-,-,17.68825200,74.06330300,02-11-2018 08:30,"","","","","",""
1530,KRISHNA RIVER AT KRISHNA-VENNA SANGAM AT MAHULI SATARA,CPCB,27,Maharashtra,494,Satara,SATARA,-,-,-,-,-,-,-,-,17.68825200,74.06330300,06-12-2018 08:30,"","","","","",""
1531,KRISHNA RIVER AT KRISHNA-VENNA SANGAM AT MAHULI SATARA,CPCB,27,Maharashtra,494,Satara,SATARA,-,-,-,-,-,-,-,-,17.68825200,74.06330300,01-01-2019 08:30,"","","","","",""
1532,KRISHNA RIVER AT KRISHNA-VENNA SANGAM AT MAHULI SATARA,CPCB,27,Maharashtra,494,Satara,SATARA,-,-,-,-,-,-,-,-,17.68825200,74.06330300,05-02-2019 08:30,"","","","","",""
1533,KRISHNA RIVER AT KRISHNA-VENNA SANGAM AT MAHULI SATARA,CPCB,27,Maharashtra,494,Satara,SATARA,-,-,-,-,-,-,-,-,17.68825200,74.06330300,06-03-2019 08:30,"","","","","",""
1534,KRISHNA RIVER AT KRISHNA-VENNA SANGAM AT MAHULI SATARA,CPCB,27,Maharashtra,494,Satara,SATARA,-,-,-,-,-,-,-,-,17.68825200,74.06330300,08-04-2019 08:30,"","","","","",""
1535,KRISHNA RIVER AT KRISHNA-VENNA SANGAM AT MAHULI SATARA,CPCB,27,Maharashtra,494,Satara,SATARA,-,-,-,-,-,-,-,-,17.68825200,74.06330300,08-05-2019 08:30,"","","","","",""
1536,KRISHNA RIVER AT KRISHNA-VENNA SANGAM AT MAHULI SATARA,CPCB,27,Maharashtra,494,Satara,SATARA,-,-,-,-,-,-,-,-,17.68825200,74.06330300,09-06-2019 08:30,"","","","","",""
1537,KRISHNA RIVER AT KRISHNA-VENNA SANGAM AT MAHULI SATARA,CPCB,27,Maharashtra,494,Satara,SATARA,-,-,-,-,-,-,-,-,17.68825200,74.06330300,09-07-2019 08:30,"","","","","",""
1538,KRISHNA RIVER AT KRISHNA-VENNA SANGAM AT MAHULI SATARA,CPCB,27,Maharashtra,494,Satara,SATARA,-,-,-,-,-,-,-,-,17.68825200,74.06330300,21-08-2019 08:30,"","","","","",""
1539,KRISHNA RIVER AT KRISHNA-VENNA SANGAM AT MAHULI SATARA,CPCB,27,Maharashtra,494,Satara,SATARA,-,-,-,-,-,-,-,-,17.68825200,74.06330300,10-09-2019 08:30,"","","","","",""
1540,KRISHNA RIVER AT KRISHNA-VENNA SANGAM AT MAHULI SATARA,CPCB,27,Maharashtra,494,Satara,SATARA,-,-,-,-,-,-,-,-,17.68825200,74.06330300,03-10-2019 08:30,"","","","","",""
1541,KRISHNA RIVER AT KRISHNA-VENNA SANGAM AT MAHULI SATARA,CPCB,27,Maharashtra,494,Satara,SATARA,-,-,-,-,-,-,-,-,17.68825200,74.06330300,06-11-2019 08:30,"","","","","",""
1542,KRISHNA RIVER AT KRISHNA-VENNA SANGAM AT MAHULI SATARA,CPCB,27,Maharashtra,494,Satara,SATARA,-,-,-,-,-,-,-,-,17.68825200,74.06330300,05-12-2019 08:30,"","","","","",""
1543,KRISHNA RIVER AT KSHETRA MAHULI MAHULI SATARA,CPCB,27,Maharashtra,494,Satara,SATARA,-,-,-,-,-,-,-,-,17.68854800,74.06332400,06-01-2018 08:30,"","","","","",""
1544,KRISHNA RIVER AT KSHETRA MAHULI MAHULI SATARA,CPCB,27,Maharashtra,494,Satara,SATARA,-,-,-,-,-,-,-,-,17.68854800,74.06332400,05-02-2018 08:30,"","","","","",""
1545,KRISHNA RIVER AT KSHETRA MAHULI MAHULI SATARA,CPCB,27,Maharashtra,494,Satara,SATARA,-,-,-,-,-,-,-,-,17.68854800,74.06332400,07-03-2018 08:30,"","","","","",""
1546,KRISHNA RIVER AT KSHETRA MAHULI MAHULI SATARA,CPCB,27,Maharashtra,494,Satara,SATARA,-,-,-,-,-,-,-,-,17.68854800,74.06332400,10-04-2018 08:30,"","","","","",""
1547,KRISHNA RIVER AT KSHETRA MAHULI MAHULI SATARA,CPCB,27,Maharashtra,494,Satara,SATARA,-,-,-,-,-,-,-,-,17.68854800,74.06332400,06-05-2018 08:30,"","","","","",""
1548,KRISHNA RIVER AT KSHETRA MAHULI MAHULI SATARA,CPCB,27,Maharashtra,494,Satara,SATARA,-,-,-,-,-,-,-,-,17.68854800,74.06332400,11-06-2018 08:30,"","","","","",""
1549,KRISHNA RIVER AT KSHETRA MAHULI MAHULI SATARA,CPCB,27,Maharashtra,494,Satara,SATARA,-,-,-,-,-,-,-,-,17.68854800,74.06332400,09-07-2018 08:30,"","","","","",""
1550,KRISHNA RIVER AT KSHETRA MAHULI MAHULI SATARA,CPCB,27,Maharashtra,494,Satara,SATARA,-,-,-,-,-,-,-,-,17.68854800,74.06332400,08-08-2018 08:30,"","","","","",""
1551,KRISHNA RIVER AT KSHETRA MAHULI MAHULI SATARA,CPCB,27,Maharashtra,494,Satara,SATARA,-,-,-,-,-,-,-,-,17.68854800,74.06332400,09-09-2018 08:30,"","","","","",""
1552,KRISHNA RIVER AT KSHETRA MAHULI MAHULI SATARA,CPCB,27,Maharashtra,494,Satara,SATARA,-,-,-,-,-,-,-,-,17.68854800,74.06332400,11-10-2018 08:30,"","","","","",""
1553,KRISHNA RIVER AT KSHETRA MAHULI MAHULI SATARA,CPCB,27,Maharashtra,494,Satara,SATARA,-,-,-,-,-,-,-,-,17.68854800,74.06332400,02-11-2018 08:30,"","","","","",""
1554,KRISHNA RIVER AT KSHETRA MAHULI MAHULI SATARA,CPCB,27,Maharashtra,494,Satara,SATARA,-,-,-,-,-,-,-,-,17.68854800,74.06332400,06-12-2018 08:30,"","","","","",""
1555,KRISHNA RIVER AT KSHETRA MAHULI MAHULI SATARA,CPCB,27,Maharashtra,494,Satara,SATARA,-,-,-,-,-,-,-,-,17.68854800,74.06332400,01-01-2019 08:30,"","","","","",""
1556,KRISHNA RIVER AT KSHETRA MAHULI MAHULI SATARA,CPCB,27,Maharashtra,494,Satara,SATARA,-,-,-,-,-,-,-,-,17.68854800,74.06332400,05-02-2019 08:30,"","","","","",""
1557,KRISHNA RIVER AT KSHETRA MAHULI MAHULI SATARA,CPCB,27,Maharashtra,494,Satara,SATARA,-,-,-,-,-,-,-,-,17.68854800,74.06332400,06-03-2019 08:30,"","","","","",""
1558,KRISHNA RIVER AT KSHETRA MAHULI MAHULI SATARA,CPCB,27,Maharashtra,494,Satara,SATARA,-,-,-,-,-,-,-,-,17.68854800,74.06332400,08-04-2019 08:30,"","","","","",""
1559,KRISHNA RIVER AT KSHETRA MAHULI MAHULI SATARA,CPCB,27,Maharashtra,494,Satara,SATARA,-,-,-,-,-,-,-,-,17.68854800,74.06332400,09-05-2019 08:30,"","","","","",""
1560,KRISHNA RIVER AT KSHETRA MAHULI MAHULI SATARA,CPCB,27,Maharashtra,494,Satara,SATARA,-,-,-,-,-,-,-,-,17.68854800,74.06332400,09-06-2019 08:30,"","","","","",""
1561,KRISHNA RIVER AT KSHETRA MAHULI MAHULI SATARA,CPCB,27,Maharashtra,494,Satara,SATARA,-,-,-,-,-,-,-,-,17.68854800,74.06332400,09-07-2019 08:30,"","","","","",""
1562,KRISHNA RIVER AT KSHETRA MAHULI MAHULI SATARA,CPCB,27,Maharashtra,494,Satara,SATARA,-,-,-,-,-,-,-,-,17.68854800,74.06332400,21-08-2019 08:30,"","","","","",""
1563,KRISHNA RIVER AT KSHETRA MAHULI MAHULI SATARA,CPCB,27,Maharashtra,494,Satara,SATARA,-,-,-,-,-,-,-,-,17.68854800,74.06332400,09-09-2019 08:30,"","","","","",""
1564,KRISHNA RIVER AT KSHETRA MAHULI MAHULI SATARA,CPCB,27,Maharashtra,494,Satara,SATARA,-,-,-,-,-,-,-,-,17.68854800,74.06332400,03-10-2019 08:30,"","","","","",""
1565,KRISHNA RIVER AT KSHETRA MAHULI MAHULI SATARA,CPCB,27,Maharashtra,494,Satara,SATARA,-,-,-,-,-,-,-,-,17.68854800,74.06332400,06-11-2019 08:30,"","","","","",""
1566,KRISHNA RIVER AT KSHETRA MAHULI MAHULI SATARA,CPCB,27,Maharashtra,494,Satara,SATARA,-,-,-,-,-,-,-,-,17.68854800,74.06332400,06-12-2019 08:30,"","","","","",""
1567,KRISHNA RIVER AT WAI SATARA,CPCB,27,Maharashtra,494,Satara,WAI,-,-,-,-,-,-,-,-,17.94928400,73.89131600,06-01-2018 08:30,"","","","","",""
1568,KRISHNA RIVER AT WAI SATARA,CPCB,27,Maharashtra,494,Satara,WAI,-,-,-,-,-,-,-,-,17.94928400,73.89131600,06-02-2018 08:30,"","","","","",""
1569,KRISHNA RIVER AT WAI SATARA,CPCB,27,Maharashtra,494,Satara,WAI,-,-,-,-,-,-,-,-,17.94928400,73.89131600,07-03-2018 08:30,"","","","","",""
1570,KRISHNA RIVER AT WAI SATARA,CPCB,27,Maharashtra,494,Satara,WAI,-,-,-,-,-,-,-,-,17.94928400,73.89131600,10-04-2018 08:30,"","","","","",""
1571,KRISHNA RIVER AT WAI SATARA,CPCB,27,Maharashtra,494,Satara,WAI,-,-,-,-,-,-,-,-,17.94928400,73.89131600,06-05-2018 08:30,"","","","","",""
1572,KRISHNA RIVER AT WAI SATARA,CPCB,27,Maharashtra,494,Satara,WAI,-,-,-,-,-,-,-,-,17.94928400,73.89131600,11-06-2018 08:30,"","","","","",""
1573,KRISHNA RIVER AT WAI SATARA,CPCB,27,Maharashtra,494,Satara,WAI,-,-,-,-,-,-,-,-,17.94928400,73.89131600,09-07-2018 08:30,"","","","","",""
1574,KRISHNA RIVER AT WAI SATARA,CPCB,27,Maharashtra,494,Satara,WAI,-,-,-,-,-,-,-,-,17.94928400,73.89131600,07-08-2018 08:30,"","","","","",""
1575,KRISHNA RIVER AT WAI SATARA,CPCB,27,Maharashtra,494,Satara,WAI,-,-,-,-,-,-,-,-,17.94928400,73.89131600,09-09-2018 08:30,"","","","","",""
1576,KRISHNA RIVER AT WAI SATARA,CPCB,27,Maharashtra,494,Satara,WAI,-,-,-,-,-,-,-,-,17.94928400,73.89131600,10-10-2018 08:30,"","","","","",""
1577,KRISHNA RIVER AT WAI SATARA,CPCB,27,Maharashtra,494,Satara,WAI,-,-,-,-,-,-,-,-,17.94928400,73.89131600,02-11-2018 08:30,"","","","","",""
1578,KRISHNA RIVER AT WAI SATARA,CPCB,27,Maharashtra,494,Satara,WAI,-,-,-,-,-,-,-,-,17.94928400,73.89131600,06-12-2018 08:30,"","","","","",""
1579,KRISHNA RIVER AT WAI SATARA,CPCB,27,Maharashtra,494,Satara,WAI,-,-,-,-,-,-,-,-,17.94928400,73.89131600,07-01-2019 08:30,"","","","","",""
1580,KRISHNA RIVER AT WAI SATARA,CPCB,27,Maharashtra,494,Satara,WAI,-,-,-,-,-,-,-,-,17.94928400,73.89131600,06-02-2019 08:30,"","","","","",""
1581,KRISHNA RIVER AT WAI SATARA,CPCB,27,Maharashtra,494,Satara,WAI,-,-,-,-,-,-,-,-,17.94928400,73.89131600,07-03-2019 08:30,"","","","","",""
1582,KRISHNA RIVER AT WAI SATARA,CPCB,27,Maharashtra,494,Satara,WAI,-,-,-,-,-,-,-,-,17.94928400,73.89131600,09-04-2019 08:30,"","","","","",""
1583,KRISHNA RIVER AT WAI SATARA,CPCB,27,Maharashtra,494,Satara,WAI,-,-,-,-,-,-,-,-,17.94928400,73.89131600,09-05-2019 08:30,"","","","","",""
1584,KRISHNA RIVER AT WAI SATARA,CPCB,27,Maharashtra,494,Satara,WAI,-,-,-,-,-,-,-,-,17.94928400,73.89131600,10-06-2019 08:30,"","","","","",""
1585,KRISHNA RIVER AT WAI SATARA,CPCB,27,Maharashtra,494,Satara,WAI,-,-,-,-,-,-,-,-,17.94928400,73.89131600,08-07-2019 08:30,"","","","","",""
1586,KRISHNA RIVER AT WAI SATARA,CPCB,27,Maharashtra,494,Satara,WAI,-,-,-,-,-,-,-,-,17.94928400,73.89131600,22-08-2019 08:30,"","","","","",""
1587,KRISHNA RIVER AT WAI SATARA,CPCB,27,Maharashtra,494,Satara,WAI,-,-,-,-,-,-,-,-,17.94928400,73.89131600,09-09-2019 08:30,"","","","","",""
1588,KRISHNA RIVER AT WAI SATARA,CPCB,27,Maharashtra,494,Satara,WAI,-,-,-,-,-,-,-,-,17.94928400,73.89131600,04-10-2019 08:30,"","","","","",""
1589,KRISHNA RIVER AT WAI SATARA,CPCB,27,Maharashtra,494,Satara,WAI,-,-,-,-,-,-,-,-,17.94928400,73.89131600,05-11-2019 08:30,"","","","","",""
1590,KRISHNA RIVER AT WAI SATARA,CPCB,27,Maharashtra,494,Satara,WAI,-,-,-,-,-,-,-,-,17.94928400,73.89131600,06-12-2019 08:30,"","","","","",""
1591,MADVI SEA WATER NEAR JODHALE MARUTI TEMPLE MADVIGAON RATNAGIRI RATNAGIRI,CPCB,27,Maharashtra,492,Ratnagiri,RATNAGIRI,-,-,-,-,-,-,-,-,16.98908500,73.28449900,06-01-2018 08:30,"",Light Brown,"","","",""
1592,MADVI SEA WATER NEAR JODHALE MARUTI TEMPLE MADVIGAON RATNAGIRI RATNAGIRI,CPCB,27,Maharashtra,492,Ratnagiri,RATNAGIRI,-,-,-,-,-,-,-,-,16.98908500,73.28449900,05-02-2018 08:30,"",Light Brown,"","","",""
1593,MADVI SEA WATER NEAR JODHALE MARUTI TEMPLE MADVIGAON RATNAGIRI RATNAGIRI,CPCB,27,Maharashtra,492,Ratnagiri,RATNAGIRI,-,-,-,-,-,-,-,-,16.98908500,73.28449900,08-03-2018 08:30,"",Light Brown,"","","",""
1594,MADVI SEA WATER NEAR JODHALE MARUTI TEMPLE MADVIGAON RATNAGIRI RATNAGIRI,CPCB,27,Maharashtra,492,Ratnagiri,RATNAGIRI,-,-,-,-,-,-,-,-,16.98908500,73.28449900,04-04-2018 08:30,"",Light Brown,"","","",""
1595,MADVI SEA WATER NEAR JODHALE MARUTI TEMPLE MADVIGAON RATNAGIRI RATNAGIRI,CPCB,27,Maharashtra,492,Ratnagiri,RATNAGIRI,-,-,-,-,-,-,-,-,16.98908500,73.28449900,08-05-2018 08:30,"",Light Brown,"","","",""
1596,MADVI SEA WATER NEAR JODHALE MARUTI TEMPLE MADVIGAON RATNAGIRI RATNAGIRI,CPCB,27,Maharashtra,492,Ratnagiri,RATNAGIRI,-,-,-,-,-,-,-,-,16.98908500,73.28449900,04-06-2018 08:30,"",Light Brown,"","","",""
1597,MADVI SEA WATER NEAR JODHALE MARUTI TEMPLE MADVIGAON RATNAGIRI RATNAGIRI,CPCB,27,Maharashtra,492,Ratnagiri,RATNAGIRI,-,-,-,-,-,-,-,-,16.98908500,73.28449900,05-07-2018 08:30,"",Brown,"","","",""
1598,MADVI SEA WATER NEAR JODHALE MARUTI TEMPLE MADVIGAON RATNAGIRI RATNAGIRI,CPCB,27,Maharashtra,492,Ratnagiri,RATNAGIRI,-,-,-,-,-,-,-,-,16.98908500,73.28449900,04-08-2018 08:30,"",Brown,"","","",""
1599,MADVI SEA WATER NEAR JODHALE MARUTI TEMPLE MADVIGAON RATNAGIRI RATNAGIRI,CPCB,27,Maharashtra,492,Ratnagiri,RATNAGIRI,-,-,-,-,-,-,-,-,16.98908500,73.28449900,04-09-2018 08:30,"",Brown,"","","",""
1600,MADVI SEA WATER NEAR JODHALE MARUTI TEMPLE MADVIGAON RATNAGIRI RATNAGIRI,CPCB,27,Maharashtra,492,Ratnagiri,RATNAGIRI,-,-,-,-,-,-,-,-,16.98908500,73.28449900,01-10-2018 08:30,"",Brown,"","","",""
1601,MADVI SEA WATER NEAR JODHALE MARUTI TEMPLE MADVIGAON RATNAGIRI RATNAGIRI,CPCB,27,Maharashtra,492,Ratnagiri,RATNAGIRI,-,-,-,-,-,-,-,-,16.98908500,73.28449900,04-11-2018 08:30,"",Light Brown,"","","",""
1602,MADVI SEA WATER NEAR JODHALE MARUTI TEMPLE MADVIGAON RATNAGIRI RATNAGIRI,CPCB,27,Maharashtra,492,Ratnagiri,RATNAGIRI,-,-,-,-,-,-,-,-,16.98908500,73.28449900,02-12-2018 08:30,"",Brown,"","","",""
1603,MADVI SEA WATER NEAR JODHALE MARUTI TEMPLE MADVIGAON RATNAGIRI RATNAGIRI,CPCB,27,Maharashtra,492,Ratnagiri,RATNAGIRI,-,-,-,-,-,-,-,-,16.98908500,73.28449900,05-01-2019 08:30,"",Brown,"","","",""
1604,MADVI SEA WATER NEAR JODHALE MARUTI TEMPLE MADVIGAON RATNAGIRI RATNAGIRI,CPCB,27,Maharashtra,492,Ratnagiri,RATNAGIRI,-,-,-,-,-,-,-,-,16.98908500,73.28449900,01-02-2019 08:30,"",Brown,"","","",""
1605,MADVI SEA WATER NEAR JODHALE MARUTI TEMPLE MADVIGAON RATNAGIRI RATNAGIRI,CPCB,27,Maharashtra,492,Ratnagiri,RATNAGIRI,-,-,-,-,-,-,-,-,16.98908500,73.28449900,04-03-2019 08:30,"",Brown,"","","",""
1606,MADVI SEA WATER NEAR JODHALE MARUTI TEMPLE MADVIGAON RATNAGIRI RATNAGIRI,CPCB,27,Maharashtra,492,Ratnagiri,RATNAGIRI,-,-,-,-,-,-,-,-,16.98908500,73.28449900,01-04-2019 08:30,"","","","","",""
1607,MADVI SEA WATER NEAR JODHALE MARUTI TEMPLE MADVIGAON RATNAGIRI RATNAGIRI,CPCB,27,Maharashtra,492,Ratnagiri,RATNAGIRI,-,-,-,-,-,-,-,-,16.98908500,73.28449900,04-05-2019 08:30,"",Brown,"","","",""
1608,MADVI SEA WATER NEAR JODHALE MARUTI TEMPLE MADVIGAON RATNAGIRI RATNAGIRI,CPCB,27,Maharashtra,492,Ratnagiri,RATNAGIRI,-,-,-,-,-,-,-,-,16.98908500,73.28449900,05-06-2019 08:30,"",Brown,"","","",""
1609,MADVI SEA WATER NEAR JODHALE MARUTI TEMPLE MADVIGAON RATNAGIRI RATNAGIRI,CPCB,27,Maharashtra,492,Ratnagiri,RATNAGIRI,-,-,-,-,-,-,-,-,16.98908500,73.28449900,05-07-2019 08:30,"",Brown,"","","",""
1610,MADVI SEA WATER NEAR JODHALE MARUTI TEMPLE MADVIGAON RATNAGIRI RATNAGIRI,CPCB,27,Maharashtra,492,Ratnagiri,RATNAGIRI,-,-,-,-,-,-,-,-,16.98908500,73.28449900,02-08-2019 08:30,"",Light Brown,"","","",""
1611,MADVI SEA WATER NEAR JODHALE MARUTI TEMPLE MADVIGAON RATNAGIRI RATNAGIRI,CPCB,27,Maharashtra,492,Ratnagiri,RATNAGIRI,-,-,-,-,-,-,-,-,16.98908500,73.28449900,04-09-2019 08:30,"",Light Brown,"","","",""
1612,MADVI SEA WATER NEAR JODHALE MARUTI TEMPLE MADVIGAON RATNAGIRI RATNAGIRI,CPCB,27,Maharashtra,492,Ratnagiri,RATNAGIRI,-,-,-,-,-,-,-,-,16.98908500,73.28449900,01-10-2019 08:30,"","","","","",""
1613,MADVI SEA WATER NEAR JODHALE MARUTI TEMPLE MADVIGAON RATNAGIRI RATNAGIRI,CPCB,27,Maharashtra,492,Ratnagiri,RATNAGIRI,-,-,-,-,-,-,-,-,16.98908500,73.28449900,03-12-2019 08:30,"","","","","",""
1614,MAHIM CREEK AT MAHIM BAY MAHIM MUMBAI,CPCB,27,Maharashtra,483,Mumbai Suburban,MUMBAI (SUBURBAN),-,-,-,-,-,-,-,-,19.03897900,72.82767400,05-01-2018 08:30,"",Light Brown,"","","",""
1615,MAHIM CREEK AT MAHIM BAY MAHIM MUMBAI,CPCB,27,Maharashtra,483,Mumbai Suburban,MUMBAI (SUBURBAN),-,-,-,-,-,-,-,-,19.03897900,72.82767400,05-02-2018 08:30,"",Light Brown,"","","",""
1616,MAHIM CREEK AT MAHIM BAY MAHIM MUMBAI,CPCB,27,Maharashtra,483,Mumbai Suburban,MUMBAI (SUBURBAN),-,-,-,-,-,-,-,-,19.03897900,72.82767400,05-03-2018 08:30,"",Light Brown,"","","",""
1617,MAHIM CREEK AT MAHIM BAY MAHIM MUMBAI,CPCB,27,Maharashtra,483,Mumbai Suburban,MUMBAI (SUBURBAN),-,-,-,-,-,-,-,-,19.03897900,72.82767400,04-04-2018 08:30,"",Light Brown,"","","",""
1618,MAHIM CREEK AT MAHIM BAY MAHIM MUMBAI,CPCB,27,Maharashtra,483,Mumbai Suburban,MUMBAI (SUBURBAN),-,-,-,-,-,-,-,-,19.03897900,72.82767400,08-05-2018 08:30,"",Light Brown,"","","",""
1619,MAHIM CREEK AT MAHIM BAY MAHIM MUMBAI,CPCB,27,Maharashtra,483,Mumbai Suburban,MUMBAI (SUBURBAN),-,-,-,-,-,-,-,-,19.03897900,72.82767400,04-06-2018 08:30,"",Light Brown,"","","",""
1620,MAHIM CREEK AT MAHIM BAY MAHIM MUMBAI,CPCB,27,Maharashtra,483,Mumbai Suburban,MUMBAI (SUBURBAN),-,-,-,-,-,-,-,-,19.03897900,72.82767400,03-07-2018 08:30,"",Clear,"","","",""
1621,MAHIM CREEK AT MAHIM BAY MAHIM MUMBAI,CPCB,27,Maharashtra,483,Mumbai Suburban,MUMBAI (SUBURBAN),-,-,-,-,-,-,-,-,19.03897900,72.82767400,03-08-2018 08:30,"","","","","",""
1622,MAHIM CREEK AT MAHIM BAY MAHIM MUMBAI,CPCB,27,Maharashtra,483,Mumbai Suburban,MUMBAI (SUBURBAN),-,-,-,-,-,-,-,-,19.03897900,72.82767400,05-09-2018 08:30,"",Light Brown,"","","",""
1623,MAHIM CREEK AT MAHIM BAY MAHIM MUMBAI,CPCB,27,Maharashtra,483,Mumbai Suburban,MUMBAI (SUBURBAN),-,-,-,-,-,-,-,-,19.03897900,72.82767400,04-10-2018 08:30,"",Light Brown,"","","",""
1624,MAHIM CREEK AT MAHIM BAY MAHIM MUMBAI,CPCB,27,Maharashtra,483,Mumbai Suburban,MUMBAI (SUBURBAN),-,-,-,-,-,-,-,-,19.03897900,72.82767400,01-11-2018 08:30,"",Light Brown,"","","",""
1625,MAHIM CREEK AT MAHIM BAY MAHIM MUMBAI,CPCB,27,Maharashtra,483,Mumbai Suburban,MUMBAI (SUBURBAN),-,-,-,-,-,-,-,-,19.03897900,72.82767400,04-12-2018 08:30,"",Light Brown,"","","",""
1626,MAHIM CREEK AT MAHIM BAY MAHIM MUMBAI,CPCB,27,Maharashtra,483,Mumbai Suburban,MUMBAI (SUBURBAN),-,-,-,-,-,-,-,-,19.03897900,72.82767400,04-01-2019 08:30,"",Blackish,"","","",""
1627,MAHIM CREEK AT MAHIM BAY MAHIM MUMBAI,CPCB,27,Maharashtra,483,Mumbai Suburban,MUMBAI (SUBURBAN),-,-,-,-,-,-,-,-,19.03897900,72.82767400,02-02-2019 08:30,"",Light Brown,"","","",""
1628,MAHIM CREEK AT MAHIM BAY MAHIM MUMBAI,CPCB,27,Maharashtra,483,Mumbai Suburban,MUMBAI (SUBURBAN),-,-,-,-,-,-,-,-,19.03897900,72.82767400,02-03-2019 08:30,"","","","","",""
1629,MAHIM CREEK AT MAHIM BAY MAHIM MUMBAI,CPCB,27,Maharashtra,483,Mumbai Suburban,MUMBAI (SUBURBAN),-,-,-,-,-,-,-,-,19.03897900,72.82767400,04-04-2019 08:30,"",Light Brown,"","","",""
1630,MAHIM CREEK AT MAHIM BAY MAHIM MUMBAI,CPCB,27,Maharashtra,483,Mumbai Suburban,MUMBAI (SUBURBAN),-,-,-,-,-,-,-,-,19.03897900,72.82767400,02-05-2019 08:30,"",Light Brown,"","","",""
1631,MAHIM CREEK AT MAHIM BAY MAHIM MUMBAI,CPCB,27,Maharashtra,483,Mumbai Suburban,MUMBAI (SUBURBAN),-,-,-,-,-,-,-,-,19.03897900,72.82767400,03-06-2019 08:30,"",Blackish,"","","",""
1632,MAHIM CREEK AT MAHIM BAY MAHIM MUMBAI,CPCB,27,Maharashtra,483,Mumbai Suburban,MUMBAI (SUBURBAN),-,-,-,-,-,-,-,-,19.03897900,72.82767400,04-07-2019 08:30,"","","","","",""
1633,MAHIM CREEK AT MAHIM BAY MAHIM MUMBAI,CPCB,27,Maharashtra,483,Mumbai Suburban,MUMBAI (SUBURBAN),-,-,-,-,-,-,-,-,19.03897900,72.82767400,05-08-2019 08:30,"","","","","",""
1634,MAHIM CREEK AT MAHIM BAY MAHIM MUMBAI,CPCB,27,Maharashtra,483,Mumbai Suburban,MUMBAI (SUBURBAN),-,-,-,-,-,-,-,-,19.03897900,72.82767400,05-09-2019 08:30,"",Light Brown,"","","",""
1635,MAHIM CREEK AT MAHIM BAY MAHIM MUMBAI,CPCB,27,Maharashtra,483,Mumbai Suburban,MUMBAI (SUBURBAN),-,-,-,-,-,-,-,-,19.03897900,72.82767400,03-10-2019 08:30,"","","","","",""
1636,MAHIM CREEK AT MAHIM BAY MAHIM MUMBAI,CPCB,27,Maharashtra,483,Mumbai Suburban,MUMBAI (SUBURBAN),-,-,-,-,-,-,-,-,19.03897900,72.82767400,05-11-2019 08:30,"","","","","",""
1637,MAHIM CREEK AT MAHIM BAY MAHIM MUMBAI,CPCB,27,Maharashtra,483,Mumbai Suburban,MUMBAI (SUBURBAN),-,-,-,-,-,-,-,-,19.03897900,72.82767400,06-12-2019 08:30,"","","","","",""
1638,MANJEERA RIVER AT D/S OF LATUR NEAR LATUR-NANDED BRIDGE BHATKHEDA LATUR LATUR,CPCB,27,Maharashtra,481,Latur,LATUR,-,-,-,-,-,-,-,-,18.42943100,76.66872300,05-01-2018 08:30,"","","","","",""
1639,MANJEERA RIVER AT D/S OF LATUR NEAR LATUR-NANDED BRIDGE BHATKHEDA LATUR LATUR,CPCB,27,Maharashtra,481,Latur,LATUR,-,-,-,-,-,-,-,-,18.42943100,76.66872300,07-02-2018 08:30,"","","","","",""
1640,MANJEERA RIVER AT D/S OF LATUR NEAR LATUR-NANDED BRIDGE BHATKHEDA LATUR LATUR,CPCB,27,Maharashtra,481,Latur,LATUR,-,-,-,-,-,-,-,-,18.42943100,76.66872300,08-03-2018 08:30,"","","","","",""
1641,MANJEERA RIVER AT D/S OF LATUR NEAR LATUR-NANDED BRIDGE BHATKHEDA LATUR LATUR,CPCB,27,Maharashtra,481,Latur,LATUR,-,-,-,-,-,-,-,-,18.42943100,76.66872300,05-04-2018 08:30,"","","","","",""
1642,MANJEERA RIVER AT D/S OF LATUR NEAR LATUR-NANDED BRIDGE BHATKHEDA LATUR LATUR,CPCB,27,Maharashtra,481,Latur,LATUR,-,-,-,-,-,-,-,-,18.42943100,76.66872300,07-05-2018 08:30,"","","","","",""
1643,MANJEERA RIVER AT D/S OF LATUR NEAR LATUR-NANDED BRIDGE BHATKHEDA LATUR LATUR,CPCB,27,Maharashtra,481,Latur,LATUR,-,-,-,-,-,-,-,-,18.42943100,76.66872300,11-06-2018 08:30,"","","","","",""
1644,MANJEERA RIVER AT D/S OF LATUR NEAR LATUR-NANDED BRIDGE BHATKHEDA LATUR LATUR,CPCB,27,Maharashtra,481,Latur,LATUR,-,-,-,-,-,-,-,-,18.42943100,76.66872300,02-07-2018 08:30,"","","","","",""
1645,MANJEERA RIVER AT D/S OF LATUR NEAR LATUR-NANDED BRIDGE BHATKHEDA LATUR LATUR,CPCB,27,Maharashtra,481,Latur,LATUR,-,-,-,-,-,-,-,-,18.42943100,76.66872300,02-08-2018 08:30,"","","","","",""
1646,MANJEERA RIVER AT D/S OF LATUR NEAR LATUR-NANDED BRIDGE BHATKHEDA LATUR LATUR,CPCB,27,Maharashtra,481,Latur,LATUR,-,-,-,-,-,-,-,-,18.42943100,76.66872300,03-09-2018 08:30,"","","","","",""
1647,MANJEERA RIVER AT D/S OF LATUR NEAR LATUR-NANDED BRIDGE BHATKHEDA LATUR LATUR,CPCB,27,Maharashtra,481,Latur,LATUR,-,-,-,-,-,-,-,-,18.42943100,76.66872300,04-10-2018 08:30,"","","","","",""
1648,MANJEERA RIVER AT D/S OF LATUR NEAR LATUR-NANDED BRIDGE BHATKHEDA LATUR LATUR,CPCB,27,Maharashtra,481,Latur,LATUR,-,-,-,-,-,-,-,-,18.42943100,76.66872300,04-11-2018 08:30,"","","","","",""
1649,MANJEERA RIVER AT D/S OF LATUR NEAR LATUR-NANDED BRIDGE BHATKHEDA LATUR LATUR,CPCB,27,Maharashtra,481,Latur,LATUR,-,-,-,-,-,-,-,-,18.42943100,76.66872300,04-04-2019 08:30,"","","","","",""
1650,MANJEERA RIVER AT D/S OF LATUR NEAR LATUR-NANDED BRIDGE BHATKHEDA LATUR LATUR,CPCB,27,Maharashtra,481,Latur,LATUR,-,-,-,-,-,-,-,-,18.42943100,76.66872300,04-11-2019 08:30,"","","","","",""
1651,MANJEERA RIVER AT D/S OF LATUR NEAR LATUR-NANDED BRIDGE BHATKHEDA LATUR LATUR,CPCB,27,Maharashtra,481,Latur,LATUR,-,-,-,-,-,-,-,-,18.42943100,76.66872300,09-12-2019 08:30,"","","","","",""
1652,MIDC SHINOLI CHANDGAD KOLHAPUR,CPCB,27,Maharashtra,480,Kolhapur,CHANDGAD,-,-,-,-,-,-,-,-,15.94728900,74.18858300,02-04-2018 08:30,552,Colorless,"","","",""
1653,MIDC SHINOLI CHANDGAD KOLHAPUR,CPCB,27,Maharashtra,480,Kolhapur,CHANDGAD,-,-,-,-,-,-,-,-,15.94728900,74.18858300,02-10-2018 08:30,335,"","","","",""
1654,MIDC SHINOLI CHANDGAD KOLHAPUR,CPCB,27,Maharashtra,480,Kolhapur,CHANDGAD,-,-,-,-,-,-,-,-,15.94728900,74.18858300,09-04-2019 08:30,709,"","",9.3,"",""
1655,MIDC SHINOLI CHANDGAD KOLHAPUR,CPCB,27,Maharashtra,480,Kolhapur,CHANDGAD,-,-,-,-,-,-,-,-,15.94728900,74.18858300,03-10-2019 08:30,550,"","",1.1,"",""
1656,MITHI RIVER MAHIM BANDRA MUMBAI,CPCB,27,Maharashtra,483,Mumbai Suburban,MUMBAI (SUBURBAN),-,-,-,-,-,-,-,-,19.05172500,72.84840300,03-01-2018 08:30,"","","","","",""
1657,MITHI RIVER MAHIM BANDRA MUMBAI,CPCB,27,Maharashtra,483,Mumbai Suburban,MUMBAI (SUBURBAN),-,-,-,-,-,-,-,-,19.05172500,72.84840300,05-02-2018 08:30,"","","","","",""
1658,MITHI RIVER MAHIM BANDRA MUMBAI,CPCB,27,Maharashtra,483,Mumbai Suburban,MUMBAI (SUBURBAN),-,-,-,-,-,-,-,-,19.05172500,72.84840300,05-03-2018 08:30,"","","","","",""
1659,MITHI RIVER MAHIM BANDRA MUMBAI,CPCB,27,Maharashtra,483,Mumbai Suburban,MUMBAI (SUBURBAN),-,-,-,-,-,-,-,-,19.05172500,72.84840300,05-04-2018 08:30,"","","","","",""
1660,MITHI RIVER MAHIM BANDRA MUMBAI,CPCB,27,Maharashtra,483,Mumbai Suburban,MUMBAI (SUBURBAN),-,-,-,-,-,-,-,-,19.05172500,72.84840300,04-05-2018 08:30,"","","","","",""
1661,MITHI RIVER MAHIM BANDRA MUMBAI,CPCB,27,Maharashtra,483,Mumbai Suburban,MUMBAI (SUBURBAN),-,-,-,-,-,-,-,-,19.05172500,72.84840300,02-06-2018 08:30,"","","","","",""
1662,MITHI RIVER MAHIM BANDRA MUMBAI,CPCB,27,Maharashtra,483,Mumbai Suburban,MUMBAI (SUBURBAN),-,-,-,-,-,-,-,-,19.05172500,72.84840300,07-07-2018 08:30,"","","","","",""
1663,MITHI RIVER MAHIM BANDRA MUMBAI,CPCB,27,Maharashtra,483,Mumbai Suburban,MUMBAI (SUBURBAN),-,-,-,-,-,-,-,-,19.05172500,72.84840300,03-08-2018 08:30,"","","","","",""
1664,MITHI RIVER MAHIM BANDRA MUMBAI,CPCB,27,Maharashtra,483,Mumbai Suburban,MUMBAI (SUBURBAN),-,-,-,-,-,-,-,-,19.05172500,72.84840300,04-09-2018 08:30,"","","","","",""
1665,MITHI RIVER MAHIM BANDRA MUMBAI,CPCB,27,Maharashtra,483,Mumbai Suburban,MUMBAI (SUBURBAN),-,-,-,-,-,-,-,-,19.05172500,72.84840300,05-10-2018 08:30,"","","","","",""
1666,MITHI RIVER MAHIM BANDRA MUMBAI,CPCB,27,Maharashtra,483,Mumbai Suburban,MUMBAI (SUBURBAN),-,-,-,-,-,-,-,-,19.05172500,72.84840300,03-11-2018 08:30,"","","","","",""
1667,MITHI RIVER MAHIM BANDRA MUMBAI,CPCB,27,Maharashtra,483,Mumbai Suburban,MUMBAI (SUBURBAN),-,-,-,-,-,-,-,-,19.05172500,72.84840300,04-12-2018 08:30,"","","","","",""
1668,MITHI RIVER MAHIM BANDRA MUMBAI,CPCB,27,Maharashtra,483,Mumbai Suburban,MUMBAI (SUBURBAN),-,-,-,-,-,-,-,-,19.05172500,72.84840300,02-01-2019 08:30,"","","","","",""
1669,MITHI RIVER MAHIM BANDRA MUMBAI,CPCB,27,Maharashtra,483,Mumbai Suburban,MUMBAI (SUBURBAN),-,-,-,-,-,-,-,-,19.05172500,72.84840300,01-02-2019 08:30,"","","","","",""
1670,MITHI RIVER MAHIM BANDRA MUMBAI,CPCB,27,Maharashtra,483,Mumbai Suburban,MUMBAI (SUBURBAN),-,-,-,-,-,-,-,-,19.05172500,72.84840300,01-03-2019 08:30,"","","","","",""
1671,MITHI RIVER MAHIM BANDRA MUMBAI,CPCB,27,Maharashtra,483,Mumbai Suburban,MUMBAI (SUBURBAN),-,-,-,-,-,-,-,-,19.05172500,72.84840300,03-04-2019 08:30,"","","","","",""
1672,MITHI RIVER MAHIM BANDRA MUMBAI,CPCB,27,Maharashtra,483,Mumbai Suburban,MUMBAI (SUBURBAN),-,-,-,-,-,-,-,-,19.05172500,72.84840300,03-05-2019 08:30,"","","","","",""
1673,MITHI RIVER MAHIM BANDRA MUMBAI,CPCB,27,Maharashtra,483,Mumbai Suburban,MUMBAI (SUBURBAN),-,-,-,-,-,-,-,-,19.05172500,72.84840300,04-06-2019 08:30,"","","","","",""
1674,MITHI RIVER MAHIM BANDRA MUMBAI,CPCB,27,Maharashtra,483,Mumbai Suburban,MUMBAI (SUBURBAN),-,-,-,-,-,-,-,-,19.05172500,72.84840300,05-07-2019 08:30,"","","","","",""
1675,MITHI RIVER MAHIM BANDRA MUMBAI,CPCB,27,Maharashtra,483,Mumbai Suburban,MUMBAI (SUBURBAN),-,-,-,-,-,-,-,-,19.05172500,72.84840300,06-08-2019 08:30,"","","","","",""
1676,MITHI RIVER MAHIM BANDRA MUMBAI,CPCB,27,Maharashtra,483,Mumbai Suburban,MUMBAI (SUBURBAN),-,-,-,-,-,-,-,-,19.05172500,72.84840300,04-09-2019 08:30,"","","","","",""
1677,MITHI RIVER MAHIM BANDRA MUMBAI,CPCB,27,Maharashtra,483,Mumbai Suburban,MUMBAI (SUBURBAN),-,-,-,-,-,-,-,-,19.05172500,72.84840300,04-10-2019 08:30,"","","","","",""
1678,MITHI RIVER MAHIM BANDRA MUMBAI,CPCB,27,Maharashtra,483,Mumbai Suburban,MUMBAI (SUBURBAN),-,-,-,-,-,-,-,-,19.05172500,72.84840300,05-11-2019 08:30,"","","","","",""
1679,MITHI RIVER MAHIM BANDRA MUMBAI,CPCB,27,Maharashtra,483,Mumbai Suburban,MUMBAI (SUBURBAN),-,-,-,-,-,-,-,-,19.05172500,72.84840300,05-12-2019 08:30,"","","","","",""
1680,MORNA RIVER AT D/S RAILWAY BRIDGE AKOLA AKOLA  AKOLA,CPCB,27,Maharashtra,467,Akola,AKOLA,-,-,-,-,-,-,-,-,20.71477900,76.95756900,03-01-2018 08:30,"","","","","",""
1681,MORNA RIVER AT D/S RAILWAY BRIDGE AKOLA AKOLA  AKOLA,CPCB,27,Maharashtra,467,Akola,AKOLA,-,-,-,-,-,-,-,-,20.71477900,76.95756900,07-02-2018 08:30,"","","","","",""
1682,MORNA RIVER AT D/S RAILWAY BRIDGE AKOLA AKOLA  AKOLA,CPCB,27,Maharashtra,467,Akola,AKOLA,-,-,-,-,-,-,-,-,20.71477900,76.95756900,05-03-2018 08:30,"","","","","",""
1683,MORNA RIVER AT D/S RAILWAY BRIDGE AKOLA AKOLA  AKOLA,CPCB,27,Maharashtra,467,Akola,AKOLA,-,-,-,-,-,-,-,-,20.71477900,76.95756900,02-04-2018 08:30,"","","","","",""
1684,MORNA RIVER AT D/S RAILWAY BRIDGE AKOLA AKOLA  AKOLA,CPCB,27,Maharashtra,467,Akola,AKOLA,-,-,-,-,-,-,-,-,20.71477900,76.95756900,03-05-2018 08:30,"","","","","",""
1685,MORNA RIVER AT D/S RAILWAY BRIDGE AKOLA AKOLA  AKOLA,CPCB,27,Maharashtra,467,Akola,AKOLA,-,-,-,-,-,-,-,-,20.71477900,76.95756900,06-06-2018 08:30,"","","","","",""
1686,MORNA RIVER AT D/S RAILWAY BRIDGE AKOLA AKOLA  AKOLA,CPCB,27,Maharashtra,467,Akola,AKOLA,-,-,-,-,-,-,-,-,20.71477900,76.95756900,02-07-2018 08:30,"","","","","",""
1687,MORNA RIVER AT D/S RAILWAY BRIDGE AKOLA AKOLA  AKOLA,CPCB,27,Maharashtra,467,Akola,AKOLA,-,-,-,-,-,-,-,-,20.71477900,76.95756900,03-08-2018 08:30,"","","","","",""
1688,MORNA RIVER AT D/S RAILWAY BRIDGE AKOLA AKOLA  AKOLA,CPCB,27,Maharashtra,467,Akola,AKOLA,-,-,-,-,-,-,-,-,20.71477900,76.95756900,04-09-2018 08:30,"","","","","",""
1689,MORNA RIVER AT D/S RAILWAY BRIDGE AKOLA AKOLA  AKOLA,CPCB,27,Maharashtra,467,Akola,AKOLA,-,-,-,-,-,-,-,-,20.71477900,76.95756900,04-10-2018 08:30,"","","","","",""
1690,MORNA RIVER AT D/S RAILWAY BRIDGE AKOLA AKOLA  AKOLA,CPCB,27,Maharashtra,467,Akola,AKOLA,-,-,-,-,-,-,-,-,20.71477900,76.95756900,08-04-2019 08:30,"","","","","",""
1691,MORNA RIVER AT D/S RAILWAY BRIDGE AKOLA AKOLA  AKOLA,CPCB,27,Maharashtra,467,Akola,AKOLA,-,-,-,-,-,-,-,-,20.71477900,76.95756900,07-08-2019 08:30,"","","","","",""
1692,MORNA RIVER AT D/S RAILWAY BRIDGE AKOLA AKOLA  AKOLA,CPCB,27,Maharashtra,467,Akola,AKOLA,-,-,-,-,-,-,-,-,20.71477900,76.95756900,08-09-2019 08:30,"","","","","",""
1693,MORNA RIVER AT D/S RAILWAY BRIDGE AKOLA AKOLA  AKOLA,CPCB,27,Maharashtra,467,Akola,AKOLA,-,-,-,-,-,-,-,-,20.71477900,76.95756900,21-10-2019 08:30,"","","","","",""
1694,MORNA RIVER AT D/S RAILWAY BRIDGE AKOLA AKOLA  AKOLA,CPCB,27,Maharashtra,467,Akola,AKOLA,-,-,-,-,-,-,-,-,20.71477900,76.95756900,07-11-2019 08:30,"","","","","",""
1695,MORNA RIVER AT D/S RAILWAY BRIDGE AKOLA AKOLA  AKOLA,CPCB,27,Maharashtra,467,Akola,AKOLA,-,-,-,-,-,-,-,-,20.71477900,76.95756900,05-12-2019 08:30,"","","","","",""
1696,MOR RIVER NEAR PADALSHE JALGAON,CPCB,27,Maharashtra,478,Jalgaon,YAWAL,-,-,-,-,-,-,-,-,21.10579700,75.79837600,01-03-2018 08:30,"","","","","",""
1697,MOR RIVER NEAR PADALSHE JALGAON,CPCB,27,Maharashtra,478,Jalgaon,YAWAL,-,-,-,-,-,-,-,-,21.10579700,75.79837600,06-08-2018 08:30,"","","","","",""
1698,MOR RIVER NEAR PADALSHE JALGAON,CPCB,27,Maharashtra,478,Jalgaon,YAWAL,-,-,-,-,-,-,-,-,21.10579700,75.79837600,03-09-2018 08:30,"","","","","",""
1699,MOR RIVER NEAR PADALSHE JALGAON,CPCB,27,Maharashtra,478,Jalgaon,YAWAL,-,-,-,-,-,-,-,-,21.10579700,75.79837600,01-04-2019 08:30,"","","","","",""
1700,MOR RIVER NEAR PADALSHE JALGAON,CPCB,27,Maharashtra,478,Jalgaon,YAWAL,-,-,-,-,-,-,-,-,21.10579700,75.79837600,04-08-2019 08:30,"","","","","",""
1701,MOR RIVER NEAR PADALSHE JALGAON,CPCB,27,Maharashtra,478,Jalgaon,YAWAL,-,-,-,-,-,-,-,-,21.10579700,75.79837600,03-09-2019 08:30,"","","","","",""
1702,MOR RIVER NEAR PADALSHE JALGAON,CPCB,27,Maharashtra,478,Jalgaon,YAWAL,-,-,-,-,-,-,-,-,21.10579700,75.79837600,04-10-2019 08:30,"","","","","",""
1703,MOR RIVER NEAR PADALSHE JALGAON,CPCB,27,Maharashtra,478,Jalgaon,YAWAL,-,-,-,-,-,-,-,-,21.10579700,75.79837600,05-11-2019 08:30,"","","","","",""
1704,MOTAPADADAHANU THANE,CPCB,27,Maharashtra,665,Palghar,DAHANU,-,-,-,-,-,-,-,-,19.95275000,72.77115800,04-04-2018 08:30,149,Clear,"","","",""
1705,MOTAPADADAHANU THANE,CPCB,27,Maharashtra,665,Palghar,DAHANU,-,-,-,-,-,-,-,-,19.95275000,72.77115800,04-10-2018 08:30,541,Clear,"","","",""
1706,MOTAPADADAHANU THANE,CPCB,27,Maharashtra,665,Palghar,DAHANU,-,-,-,-,-,-,-,-,19.95275000,72.77115800,09-04-2019 08:30,546,"","","","",""
1707,MOTAPADADAHANU THANE,CPCB,27,Maharashtra,665,Palghar,DAHANU,-,-,-,-,-,-,-,-,19.95275000,72.77115800,09-10-2019 08:30,495,"","",2.4,"",""
1708,MSW SITE MOSHIPIMPRI-CHINCHWAD HAWELIPUNE,CPCB,27,Maharashtra,490,Pune,HAVELI,-,-,-,-,-,-,-,-,18.68015200,73.84992700,05-04-2018 08:30,88,"","","","",""
1709,MSW SITE MOSHIPIMPRI-CHINCHWAD HAWELIPUNE,CPCB,27,Maharashtra,490,Pune,HAVELI,-,-,-,-,-,-,-,-,18.68015200,73.84992700,06-10-2018 08:30,838,"","","","",""
1710,MSW SITE MOSHIPIMPRI-CHINCHWAD HAWELIPUNE,CPCB,27,Maharashtra,490,Pune,HAVELI,-,-,-,-,-,-,-,-,18.68015200,73.84992700,08-04-2019 08:30,"","","","","",""
1711,MSW SITE MOSHIPIMPRI-CHINCHWAD HAWELIPUNE,CPCB,27,Maharashtra,490,Pune,HAVELI,-,-,-,-,-,-,-,-,18.68015200,73.84992700,03-10-2019 08:30,320,"","","","",""
1712,MSW SITE PATHARDI NASIK,CPCB,27,Maharashtra,487,Nashik,NASHIK,-,-,-,-,-,-,-,-,19.94527800,73.77377800,02-04-2018 08:30,462,"","","","",""
1713,MUCHKUNDI RIVER AT WAKED NEAR M/S ASAHI INDIA GLASS LTD WAKED LANJA RATNAGIRI,CPCB,27,Maharashtra,492,Ratnagiri,LANJA,-,-,-,-,-,-,-,-,16.77397200,73.58276100,06-01-2018 08:30,"","","","","",""
1714,MUCHKUNDI RIVER AT WAKED NEAR M/S ASAHI INDIA GLASS LTD WAKED LANJA RATNAGIRI,CPCB,27,Maharashtra,492,Ratnagiri,LANJA,-,-,-,-,-,-,-,-,16.77397200,73.58276100,05-02-2018 08:30,"","","","","",""
1715,MUCHKUNDI RIVER AT WAKED NEAR M/S ASAHI INDIA GLASS LTD WAKED LANJA RATNAGIRI,CPCB,27,Maharashtra,492,Ratnagiri,LANJA,-,-,-,-,-,-,-,-,16.77397200,73.58276100,08-03-2018 08:30,"","","","","",""
1716,MUCHKUNDI RIVER AT WAKED NEAR M/S ASAHI INDIA GLASS LTD WAKED LANJA RATNAGIRI,CPCB,27,Maharashtra,492,Ratnagiri,LANJA,-,-,-,-,-,-,-,-,16.77397200,73.58276100,04-04-2018 08:30,"","","","","",""
1717,MUCHKUNDI RIVER AT WAKED NEAR M/S ASAHI INDIA GLASS LTD WAKED LANJA RATNAGIRI,CPCB,27,Maharashtra,492,Ratnagiri,LANJA,-,-,-,-,-,-,-,-,16.77397200,73.58276100,08-05-2018 08:30,"","","","","",""
1718,MUCHKUNDI RIVER AT WAKED NEAR M/S ASAHI INDIA GLASS LTD WAKED LANJA RATNAGIRI,CPCB,27,Maharashtra,492,Ratnagiri,LANJA,-,-,-,-,-,-,-,-,16.77397200,73.58276100,04-06-2018 08:30,"","","","","",""
1719,MUCHKUNDI RIVER AT WAKED NEAR M/S ASAHI INDIA GLASS LTD WAKED LANJA RATNAGIRI,CPCB,27,Maharashtra,492,Ratnagiri,LANJA,-,-,-,-,-,-,-,-,16.77397200,73.58276100,05-07-2018 08:30,"","","","","",""
1720,MUCHKUNDI RIVER AT WAKED NEAR M/S ASAHI INDIA GLASS LTD WAKED LANJA RATNAGIRI,CPCB,27,Maharashtra,492,Ratnagiri,LANJA,-,-,-,-,-,-,-,-,16.77397200,73.58276100,03-08-2018 08:30,"","","","","",""
1721,MUCHKUNDI RIVER AT WAKED NEAR M/S ASAHI INDIA GLASS LTD WAKED LANJA RATNAGIRI,CPCB,27,Maharashtra,492,Ratnagiri,LANJA,-,-,-,-,-,-,-,-,16.77397200,73.58276100,03-09-2018 08:30,"","","","","",""
1722,MUCHKUNDI RIVER AT WAKED NEAR M/S ASAHI INDIA GLASS LTD WAKED LANJA RATNAGIRI,CPCB,27,Maharashtra,492,Ratnagiri,LANJA,-,-,-,-,-,-,-,-,16.77397200,73.58276100,02-10-2018 08:30,"","","","","",""
1723,MUCHKUNDI RIVER AT WAKED NEAR M/S ASAHI INDIA GLASS LTD WAKED LANJA RATNAGIRI,CPCB,27,Maharashtra,492,Ratnagiri,LANJA,-,-,-,-,-,-,-,-,16.77397200,73.58276100,05-11-2018 08:30,"","","","","",""
1724,MUCHKUNDI RIVER AT WAKED NEAR M/S ASAHI INDIA GLASS LTD WAKED LANJA RATNAGIRI,CPCB,27,Maharashtra,492,Ratnagiri,LANJA,-,-,-,-,-,-,-,-,16.77397200,73.58276100,01-12-2018 08:30,"","","","","",""
1725,MUCHKUNDI RIVER AT WAKED NEAR M/S ASAHI INDIA GLASS LTD WAKED LANJA RATNAGIRI,CPCB,27,Maharashtra,492,Ratnagiri,LANJA,-,-,-,-,-,-,-,-,16.77397200,73.58276100,06-01-2019 08:30,"","","","","",""
1726,MUCHKUNDI RIVER AT WAKED NEAR M/S ASAHI INDIA GLASS LTD WAKED LANJA RATNAGIRI,CPCB,27,Maharashtra,492,Ratnagiri,LANJA,-,-,-,-,-,-,-,-,16.77397200,73.58276100,02-02-2019 08:30,"","","","","",""
1727,MUCHKUNDI RIVER AT WAKED NEAR M/S ASAHI INDIA GLASS LTD WAKED LANJA RATNAGIRI,CPCB,27,Maharashtra,492,Ratnagiri,LANJA,-,-,-,-,-,-,-,-,16.77397200,73.58276100,04-03-2019 08:30,"","","","","",""
1728,MUCHKUNDI RIVER AT WAKED NEAR M/S ASAHI INDIA GLASS LTD WAKED LANJA RATNAGIRI,CPCB,27,Maharashtra,492,Ratnagiri,LANJA,-,-,-,-,-,-,-,-,16.77397200,73.58276100,01-04-2019 08:30,"","","","","",""
1729,MUCHKUNDI RIVER AT WAKED NEAR M/S ASAHI INDIA GLASS LTD WAKED LANJA RATNAGIRI,CPCB,27,Maharashtra,492,Ratnagiri,LANJA,-,-,-,-,-,-,-,-,16.77397200,73.58276100,04-05-2019 08:30,"","","","","",""
1730,MUCHKUNDI RIVER AT WAKED NEAR M/S ASAHI INDIA GLASS LTD WAKED LANJA RATNAGIRI,CPCB,27,Maharashtra,492,Ratnagiri,LANJA,-,-,-,-,-,-,-,-,16.77397200,73.58276100,05-06-2019 08:30,"","","","","",""
1731,MUCHKUNDI RIVER AT WAKED NEAR M/S ASAHI INDIA GLASS LTD WAKED LANJA RATNAGIRI,CPCB,27,Maharashtra,492,Ratnagiri,LANJA,-,-,-,-,-,-,-,-,16.77397200,73.58276100,05-07-2019 08:30,"","","","","",""
1732,MUCHKUNDI RIVER AT WAKED NEAR M/S ASAHI INDIA GLASS LTD WAKED LANJA RATNAGIRI,CPCB,27,Maharashtra,492,Ratnagiri,LANJA,-,-,-,-,-,-,-,-,16.77397200,73.58276100,02-08-2019 08:30,"","","","","",""
1733,MUCHKUNDI RIVER AT WAKED NEAR M/S ASAHI INDIA GLASS LTD WAKED LANJA RATNAGIRI,CPCB,27,Maharashtra,492,Ratnagiri,LANJA,-,-,-,-,-,-,-,-,16.77397200,73.58276100,04-09-2019 08:30,"","","","","",""
1734,MUCHKUNDI RIVER AT WAKED NEAR M/S ASAHI INDIA GLASS LTD WAKED LANJA RATNAGIRI,CPCB,27,Maharashtra,492,Ratnagiri,LANJA,-,-,-,-,-,-,-,-,16.77397200,73.58276100,01-10-2019 08:30,"","","","","",""
1735,MUCHKUNDI RIVER AT WAKED NEAR M/S ASAHI INDIA GLASS LTD WAKED LANJA RATNAGIRI,CPCB,27,Maharashtra,492,Ratnagiri,LANJA,-,-,-,-,-,-,-,-,16.77397200,73.58276100,04-11-2019 08:30,"","","","","",""
1736,MUCHKUNDI RIVER AT WAKED NEAR M/S ASAHI INDIA GLASS LTD WAKED LANJA RATNAGIRI,CPCB,27,Maharashtra,492,Ratnagiri,LANJA,-,-,-,-,-,-,-,-,16.77397200,73.58276100,03-12-2019 08:30,"","","","","",""
1737,MULA-MUTHA RIVER AT D/S OF THEUR HAWELI PUNE,CPCB,27,Maharashtra,490,Pune,HAVELI,-,-,-,-,-,-,-,-,18.52166300,74.05056400,04-01-2018 08:30,"","","","","",""
1738,MULA-MUTHA RIVER AT D/S OF THEUR HAWELI PUNE,CPCB,27,Maharashtra,490,Pune,HAVELI,-,-,-,-,-,-,-,-,18.52166300,74.05056400,03-02-2018 08:30,"","","","","",""
1739,MULA-MUTHA RIVER AT D/S OF THEUR HAWELI PUNE,CPCB,27,Maharashtra,490,Pune,HAVELI,-,-,-,-,-,-,-,-,18.52166300,74.05056400,03-03-2018 08:30,"","","","","",""
1740,MULA-MUTHA RIVER AT D/S OF THEUR HAWELI PUNE,CPCB,27,Maharashtra,490,Pune,HAVELI,-,-,-,-,-,-,-,-,18.52166300,74.05056400,04-04-2018 08:30,"","","","","",""
1741,MULA-MUTHA RIVER AT D/S OF THEUR HAWELI PUNE,CPCB,27,Maharashtra,490,Pune,HAVELI,-,-,-,-,-,-,-,-,18.52166300,74.05056400,03-05-2018 08:30,"","","","","",""
1742,MULA-MUTHA RIVER AT D/S OF THEUR HAWELI PUNE,CPCB,27,Maharashtra,490,Pune,HAVELI,-,-,-,-,-,-,-,-,18.52166300,74.05056400,02-06-2018 08:30,"","","","","",""
1743,MULA-MUTHA RIVER AT D/S OF THEUR HAWELI PUNE,CPCB,27,Maharashtra,490,Pune,HAVELI,-,-,-,-,-,-,-,-,18.52166300,74.05056400,05-07-2018 08:30,"","","","","",""
1744,MULA-MUTHA RIVER AT D/S OF THEUR HAWELI PUNE,CPCB,27,Maharashtra,490,Pune,HAVELI,-,-,-,-,-,-,-,-,18.52166300,74.05056400,02-08-2018 08:30,"","","","","",""
1745,MULA-MUTHA RIVER AT D/S OF THEUR HAWELI PUNE,CPCB,27,Maharashtra,490,Pune,HAVELI,-,-,-,-,-,-,-,-,18.52166300,74.05056400,03-09-2018 08:30,"","","","","",""
1746,MULA-MUTHA RIVER AT D/S OF THEUR HAWELI PUNE,CPCB,27,Maharashtra,490,Pune,HAVELI,-,-,-,-,-,-,-,-,18.52166300,74.05056400,04-10-2018 08:30,"","","","","",""
1747,MULA-MUTHA RIVER AT D/S OF THEUR HAWELI PUNE,CPCB,27,Maharashtra,490,Pune,HAVELI,-,-,-,-,-,-,-,-,18.52166300,74.05056400,02-11-2018 08:30,"","","","","",""
1748,MULA-MUTHA RIVER AT D/S OF THEUR HAWELI PUNE,CPCB,27,Maharashtra,490,Pune,HAVELI,-,-,-,-,-,-,-,-,18.52166300,74.05056400,01-12-2018 08:30,"","","","","",""
1749,MULA-MUTHA RIVER AT D/S OF THEUR HAWELI PUNE,CPCB,27,Maharashtra,490,Pune,HAVELI,-,-,-,-,-,-,-,-,18.52166300,74.05056400,04-01-2019 08:30,"","","","","",""
1750,MULA-MUTHA RIVER AT D/S OF THEUR HAWELI PUNE,CPCB,27,Maharashtra,490,Pune,HAVELI,-,-,-,-,-,-,-,-,18.52166300,74.05056400,05-02-2019 08:30,"","","","","",""
1751,MULA-MUTHA RIVER AT D/S OF THEUR HAWELI PUNE,CPCB,27,Maharashtra,490,Pune,HAVELI,-,-,-,-,-,-,-,-,18.52166300,74.05056400,05-03-2019 08:30,"","","","","",""
1752,MULA-MUTHA RIVER AT D/S OF THEUR HAWELI PUNE,CPCB,27,Maharashtra,490,Pune,HAVELI,-,-,-,-,-,-,-,-,18.52166300,74.05056400,04-04-2019 08:30,"","","","","",""
1753,MULA-MUTHA RIVER AT D/S OF THEUR HAWELI PUNE,CPCB,27,Maharashtra,490,Pune,HAVELI,-,-,-,-,-,-,-,-,18.52166300,74.05056400,03-05-2019 08:30,"","","","","",""
1754,MULA-MUTHA RIVER AT D/S OF THEUR HAWELI PUNE,CPCB,27,Maharashtra,490,Pune,HAVELI,-,-,-,-,-,-,-,-,18.52166300,74.05056400,04-06-2019 08:30,"","","","","",""
1755,MULA-MUTHA RIVER AT D/S OF THEUR HAWELI PUNE,CPCB,27,Maharashtra,490,Pune,HAVELI,-,-,-,-,-,-,-,-,18.52166300,74.05056400,07-07-2019 08:30,"","","","","",""
1756,MULA-MUTHA RIVER AT D/S OF THEUR HAWELI PUNE,CPCB,27,Maharashtra,490,Pune,HAVELI,-,-,-,-,-,-,-,-,18.52166300,74.05056400,01-08-2019 08:30,"","","","","",""
1757,MULA-MUTHA RIVER AT D/S OF THEUR HAWELI PUNE,CPCB,27,Maharashtra,490,Pune,HAVELI,-,-,-,-,-,-,-,-,18.52166300,74.05056400,07-09-2019 08:30,"","","","","",""
1758,MULA-MUTHA RIVER AT D/S OF THEUR HAWELI PUNE,CPCB,27,Maharashtra,490,Pune,HAVELI,-,-,-,-,-,-,-,-,18.52166300,74.05056400,04-10-2019 08:30,"","","","","",""
1759,MULA-MUTHA RIVER AT D/S OF THEUR HAWELI PUNE,CPCB,27,Maharashtra,490,Pune,HAVELI,-,-,-,-,-,-,-,-,18.52166300,74.05056400,04-11-2019 08:30,"","","","","",""
1760,MULA-MUTHA RIVER AT D/S OF THEUR HAWELI PUNE,CPCB,27,Maharashtra,490,Pune,HAVELI,-,-,-,-,-,-,-,-,18.52166300,74.05056400,05-12-2019 08:30,"","","","","",""
1761,MULA-MUTHA RIVER AT MUNDHAWA BRIDGE MUNTHAWAHAWELI PUNE,CPCB,27,Maharashtra,490,Pune,PUNE CITY,-,-,-,-,-,-,-,-,18.53537100,73.93330600,04-01-2018 08:30,"","","","","",""
1762,MULA-MUTHA RIVER AT MUNDHAWA BRIDGE MUNTHAWAHAWELI PUNE,CPCB,27,Maharashtra,490,Pune,PUNE CITY,-,-,-,-,-,-,-,-,18.53537100,73.93330600,01-02-2018 08:30,"","","","","",""
1763,MULA-MUTHA RIVER AT MUNDHAWA BRIDGE MUNTHAWAHAWELI PUNE,CPCB,27,Maharashtra,490,Pune,PUNE CITY,-,-,-,-,-,-,-,-,18.53537100,73.93330600,02-03-2018 08:30,"","","","","",""
1764,MULA-MUTHA RIVER AT MUNDHAWA BRIDGE MUNTHAWAHAWELI PUNE,CPCB,27,Maharashtra,490,Pune,PUNE CITY,-,-,-,-,-,-,-,-,18.53537100,73.93330600,04-04-2018 08:30,"","","","","",""
1765,MULA-MUTHA RIVER AT MUNDHAWA BRIDGE MUNTHAWAHAWELI PUNE,CPCB,27,Maharashtra,490,Pune,PUNE CITY,-,-,-,-,-,-,-,-,18.53537100,73.93330600,04-05-2018 08:30,"","","","","",""
1766,MULA-MUTHA RIVER AT MUNDHAWA BRIDGE MUNTHAWAHAWELI PUNE,CPCB,27,Maharashtra,490,Pune,PUNE CITY,-,-,-,-,-,-,-,-,18.53537100,73.93330600,10-06-2018 08:30,"","","","","",""
1767,MULA-MUTHA RIVER AT MUNDHAWA BRIDGE MUNTHAWAHAWELI PUNE,CPCB,27,Maharashtra,490,Pune,PUNE CITY,-,-,-,-,-,-,-,-,18.53537100,73.93330600,03-07-2018 08:30,"","","","","",""
1768,MULA-MUTHA RIVER AT MUNDHAWA BRIDGE MUNTHAWAHAWELI PUNE,CPCB,27,Maharashtra,490,Pune,PUNE CITY,-,-,-,-,-,-,-,-,18.53537100,73.93330600,03-08-2018 08:30,"","","","","",""
1769,MULA-MUTHA RIVER AT MUNDHAWA BRIDGE MUNTHAWAHAWELI PUNE,CPCB,27,Maharashtra,490,Pune,PUNE CITY,-,-,-,-,-,-,-,-,18.53537100,73.93330600,09-09-2018 08:30,"","","","","",""
1770,MULA-MUTHA RIVER AT MUNDHAWA BRIDGE MUNTHAWAHAWELI PUNE,CPCB,27,Maharashtra,490,Pune,PUNE CITY,-,-,-,-,-,-,-,-,18.53537100,73.93330600,05-10-2018 08:30,"","","","","",""
1771,MULA-MUTHA RIVER AT MUNDHAWA BRIDGE MUNTHAWAHAWELI PUNE,CPCB,27,Maharashtra,490,Pune,PUNE CITY,-,-,-,-,-,-,-,-,18.53537100,73.93330600,03-11-2018 08:30,"","","","","",""
1772,MULA-MUTHA RIVER AT MUNDHAWA BRIDGE MUNTHAWAHAWELI PUNE,CPCB,27,Maharashtra,490,Pune,PUNE CITY,-,-,-,-,-,-,-,-,18.53537100,73.93330600,05-12-2018 08:30,"","","","","",""
1773,MULA-MUTHA RIVER AT MUNDHAWA BRIDGE MUNTHAWAHAWELI PUNE,CPCB,27,Maharashtra,490,Pune,PUNE CITY,-,-,-,-,-,-,-,-,18.53537100,73.93330600,04-01-2019 08:30,"","","","","",""
1774,MULA-MUTHA RIVER AT MUNDHAWA BRIDGE MUNTHAWAHAWELI PUNE,CPCB,27,Maharashtra,490,Pune,PUNE CITY,-,-,-,-,-,-,-,-,18.53537100,73.93330600,05-02-2019 08:30,"","","","","",""
1775,MULA-MUTHA RIVER AT MUNDHAWA BRIDGE MUNTHAWAHAWELI PUNE,CPCB,27,Maharashtra,490,Pune,PUNE CITY,-,-,-,-,-,-,-,-,18.53537100,73.93330600,06-03-2019 08:30,"","","","","",""
1776,MULA-MUTHA RIVER AT MUNDHAWA BRIDGE MUNTHAWAHAWELI PUNE,CPCB,27,Maharashtra,490,Pune,PUNE CITY,-,-,-,-,-,-,-,-,18.53537100,73.93330600,04-04-2019 08:30,"","","","","",""
1777,MULA-MUTHA RIVER AT MUNDHAWA BRIDGE MUNTHAWAHAWELI PUNE,CPCB,27,Maharashtra,490,Pune,PUNE CITY,-,-,-,-,-,-,-,-,18.53537100,73.93330600,05-05-2019 08:30,"","","","","",""
1778,MULA-MUTHA RIVER AT MUNDHAWA BRIDGE MUNTHAWAHAWELI PUNE,CPCB,27,Maharashtra,490,Pune,PUNE CITY,-,-,-,-,-,-,-,-,18.53537100,73.93330600,05-06-2019 08:30,"","","","","",""
1779,MULA-MUTHA RIVER AT MUNDHAWA BRIDGE MUNTHAWAHAWELI PUNE,CPCB,27,Maharashtra,490,Pune,PUNE CITY,-,-,-,-,-,-,-,-,18.53537100,73.93330600,04-07-2019 08:30,"","","","","",""
1780,MULA-MUTHA RIVER AT MUNDHAWA BRIDGE MUNTHAWAHAWELI PUNE,CPCB,27,Maharashtra,490,Pune,PUNE CITY,-,-,-,-,-,-,-,-,18.53537100,73.93330600,03-08-2019 08:30,"","","","","",""
1781,MULA-MUTHA RIVER AT MUNDHAWA BRIDGE MUNTHAWAHAWELI PUNE,CPCB,27,Maharashtra,490,Pune,PUNE CITY,-,-,-,-,-,-,-,-,18.53537100,73.93330600,08-09-2019 08:30,"","","","","",""
1782,MULA-MUTHA RIVER AT MUNDHAWA BRIDGE MUNTHAWAHAWELI PUNE,CPCB,27,Maharashtra,490,Pune,PUNE CITY,-,-,-,-,-,-,-,-,18.53537100,73.93330600,09-10-2019 08:30,"","","","","",""
1783,MULA-MUTHA RIVER AT MUNDHAWA BRIDGE MUNTHAWAHAWELI PUNE,CPCB,27,Maharashtra,490,Pune,PUNE CITY,-,-,-,-,-,-,-,-,18.53537100,73.93330600,02-11-2019 08:30,"","","","","",""
1784,MULA-MUTHA RIVER AT MUNDHAWA BRIDGE MUNTHAWAHAWELI PUNE,CPCB,27,Maharashtra,490,Pune,PUNE CITY,-,-,-,-,-,-,-,-,18.53537100,73.93330600,04-12-2019 08:30,"","","","","",""
1785,MULA RIVER AT AUNDH BRIDGE AUNDHGAON HAWELI PUNE,CPCB,27,Maharashtra,490,Pune,PUNE CITY,-,-,-,-,-,-,-,-,18.56773700,73.81175200,04-01-2018 08:30,"","","","","",""
1786,MULA RIVER AT AUNDH BRIDGE AUNDHGAON HAWELI PUNE,CPCB,27,Maharashtra,490,Pune,PUNE CITY,-,-,-,-,-,-,-,-,18.56773700,73.81175200,01-02-2018 08:30,"","","","","",""
1787,MULA RIVER AT AUNDH BRIDGE AUNDHGAON HAWELI PUNE,CPCB,27,Maharashtra,490,Pune,PUNE CITY,-,-,-,-,-,-,-,-,18.56773700,73.81175200,02-03-2018 08:30,"","","","","",""
1788,MULA RIVER AT AUNDH BRIDGE AUNDHGAON HAWELI PUNE,CPCB,27,Maharashtra,490,Pune,PUNE CITY,-,-,-,-,-,-,-,-,18.56773700,73.81175200,04-04-2018 08:30,"","","","","",""
1789,MULA RIVER AT AUNDH BRIDGE AUNDHGAON HAWELI PUNE,CPCB,27,Maharashtra,490,Pune,PUNE CITY,-,-,-,-,-,-,-,-,18.56773700,73.81175200,04-05-2018 08:30,"","","","","",""
1790,MULA RIVER AT AUNDH BRIDGE AUNDHGAON HAWELI PUNE,CPCB,27,Maharashtra,490,Pune,PUNE CITY,-,-,-,-,-,-,-,-,18.56773700,73.81175200,10-06-2018 08:30,"","","","","",""
1791,MULA RIVER AT AUNDH BRIDGE AUNDHGAON HAWELI PUNE,CPCB,27,Maharashtra,490,Pune,PUNE CITY,-,-,-,-,-,-,-,-,18.56773700,73.81175200,03-07-2018 08:30,"","","","","",""
1792,MULA RIVER AT AUNDH BRIDGE AUNDHGAON HAWELI PUNE,CPCB,27,Maharashtra,490,Pune,PUNE CITY,-,-,-,-,-,-,-,-,18.56773700,73.81175200,03-08-2018 08:30,"","","","","",""
1793,MULA RIVER AT AUNDH BRIDGE AUNDHGAON HAWELI PUNE,CPCB,27,Maharashtra,490,Pune,PUNE CITY,-,-,-,-,-,-,-,-,18.56773700,73.81175200,09-09-2018 08:30,"","","","","",""
1794,MULA RIVER AT AUNDH BRIDGE AUNDHGAON HAWELI PUNE,CPCB,27,Maharashtra,490,Pune,PUNE CITY,-,-,-,-,-,-,-,-,18.56773700,73.81175200,05-10-2018 08:30,"","","","","",""
1795,MULA RIVER AT AUNDH BRIDGE AUNDHGAON HAWELI PUNE,CPCB,27,Maharashtra,490,Pune,PUNE CITY,-,-,-,-,-,-,-,-,18.56773700,73.81175200,03-11-2018 08:30,"","","","","",""
1796,MULA RIVER AT AUNDH BRIDGE AUNDHGAON HAWELI PUNE,CPCB,27,Maharashtra,490,Pune,PUNE CITY,-,-,-,-,-,-,-,-,18.56773700,73.81175200,05-12-2018 08:30,"","","","","",""
1797,MULA RIVER AT AUNDH BRIDGE AUNDHGAON HAWELI PUNE,CPCB,27,Maharashtra,490,Pune,PUNE CITY,-,-,-,-,-,-,-,-,18.56773700,73.81175200,04-01-2019 08:30,"","","","","",""
1798,MULA RIVER AT AUNDH BRIDGE AUNDHGAON HAWELI PUNE,CPCB,27,Maharashtra,490,Pune,PUNE CITY,-,-,-,-,-,-,-,-,18.56773700,73.81175200,05-02-2019 08:30,"","","","","",""
1799,MULA RIVER AT AUNDH BRIDGE AUNDHGAON HAWELI PUNE,CPCB,27,Maharashtra,490,Pune,PUNE CITY,-,-,-,-,-,-,-,-,18.56773700,73.81175200,06-03-2019 08:30,"","","","","",""
1800,MULA RIVER AT AUNDH BRIDGE AUNDHGAON HAWELI PUNE,CPCB,27,Maharashtra,490,Pune,PUNE CITY,-,-,-,-,-,-,-,-,18.56773700,73.81175200,04-04-2019 08:30,"","","","","",""
1801,MULA RIVER AT AUNDH BRIDGE AUNDHGAON HAWELI PUNE,CPCB,27,Maharashtra,490,Pune,PUNE CITY,-,-,-,-,-,-,-,-,18.56773700,73.81175200,05-05-2019 08:30,"","","","","",""
1802,MULA RIVER AT AUNDH BRIDGE AUNDHGAON HAWELI PUNE,CPCB,27,Maharashtra,490,Pune,PUNE CITY,-,-,-,-,-,-,-,-,18.56773700,73.81175200,05-06-2019 08:30,"","","","","",""
1803,MULA RIVER AT AUNDH BRIDGE AUNDHGAON HAWELI PUNE,CPCB,27,Maharashtra,490,Pune,PUNE CITY,-,-,-,-,-,-,-,-,18.56773700,73.81175200,04-07-2019 08:30,"","","","","",""
1804,MULA RIVER AT AUNDH BRIDGE AUNDHGAON HAWELI PUNE,CPCB,27,Maharashtra,490,Pune,PUNE CITY,-,-,-,-,-,-,-,-,18.56773700,73.81175200,03-08-2019 08:30,"","","","","",""
1805,MULA RIVER AT AUNDH BRIDGE AUNDHGAON HAWELI PUNE,CPCB,27,Maharashtra,490,Pune,PUNE CITY,-,-,-,-,-,-,-,-,18.56773700,73.81175200,08-09-2019 08:30,"","","","","",""
1806,MULA RIVER AT AUNDH BRIDGE AUNDHGAON HAWELI PUNE,CPCB,27,Maharashtra,490,Pune,PUNE CITY,-,-,-,-,-,-,-,-,18.56773700,73.81175200,10-10-2019 08:30,"","","","","",""
1807,MULA RIVER AT AUNDH BRIDGE AUNDHGAON HAWELI PUNE,CPCB,27,Maharashtra,490,Pune,PUNE CITY,-,-,-,-,-,-,-,-,18.56773700,73.81175200,02-11-2019 08:30,"","","","","",""
1808,MULA RIVER AT AUNDH BRIDGE AUNDHGAON HAWELI PUNE,CPCB,27,Maharashtra,490,Pune,PUNE CITY,-,-,-,-,-,-,-,-,18.56773700,73.81175200,04-12-2019 08:30,"","","","","",""
1809,MULA RIVER AT HARRISON BRIDGE NEAR MULA- PAWANA SANGAM BOPODI HAWELI PUNE,CPCB,27,Maharashtra,490,Pune,PUNE CITY,-,-,-,-,-,-,-,-,18.57460000,73.83605500,04-01-2018 08:30,"","","","","",""
1810,MULA RIVER AT HARRISON BRIDGE NEAR MULA- PAWANA SANGAM BOPODI HAWELI PUNE,CPCB,27,Maharashtra,490,Pune,PUNE CITY,-,-,-,-,-,-,-,-,18.57460000,73.83605500,01-02-2018 08:30,"","","","","",""
1811,MULA RIVER AT HARRISON BRIDGE NEAR MULA- PAWANA SANGAM BOPODI HAWELI PUNE,CPCB,27,Maharashtra,490,Pune,PUNE CITY,-,-,-,-,-,-,-,-,18.57460000,73.83605500,02-03-2018 08:30,"","","","","",""
1812,MULA RIVER AT HARRISON BRIDGE NEAR MULA- PAWANA SANGAM BOPODI HAWELI PUNE,CPCB,27,Maharashtra,490,Pune,PUNE CITY,-,-,-,-,-,-,-,-,18.57460000,73.83605500,04-04-2018 08:30,"","","","","",""
1813,MULA RIVER AT HARRISON BRIDGE NEAR MULA- PAWANA SANGAM BOPODI HAWELI PUNE,CPCB,27,Maharashtra,490,Pune,PUNE CITY,-,-,-,-,-,-,-,-,18.57460000,73.83605500,04-05-2018 08:30,"","","","","",""
1814,MULA RIVER AT HARRISON BRIDGE NEAR MULA- PAWANA SANGAM BOPODI HAWELI PUNE,CPCB,27,Maharashtra,490,Pune,PUNE CITY,-,-,-,-,-,-,-,-,18.57460000,73.83605500,10-06-2018 08:30,"","","","","",""
1815,MULA RIVER AT HARRISON BRIDGE NEAR MULA- PAWANA SANGAM BOPODI HAWELI PUNE,CPCB,27,Maharashtra,490,Pune,PUNE CITY,-,-,-,-,-,-,-,-,18.57460000,73.83605500,03-07-2018 08:30,"","","","","",""
1816,MULA RIVER AT HARRISON BRIDGE NEAR MULA- PAWANA SANGAM BOPODI HAWELI PUNE,CPCB,27,Maharashtra,490,Pune,PUNE CITY,-,-,-,-,-,-,-,-,18.57460000,73.83605500,03-08-2018 08:30,"","","","","",""
1817,MULA RIVER AT HARRISON BRIDGE NEAR MULA- PAWANA SANGAM BOPODI HAWELI PUNE,CPCB,27,Maharashtra,490,Pune,PUNE CITY,-,-,-,-,-,-,-,-,18.57460000,73.83605500,09-09-2018 08:30,"","","","","",""
1818,MULA RIVER AT HARRISON BRIDGE NEAR MULA- PAWANA SANGAM BOPODI HAWELI PUNE,CPCB,27,Maharashtra,490,Pune,PUNE CITY,-,-,-,-,-,-,-,-,18.57460000,73.83605500,05-10-2018 08:30,"","","","","",""
1819,MULA RIVER AT HARRISON BRIDGE NEAR MULA- PAWANA SANGAM BOPODI HAWELI PUNE,CPCB,27,Maharashtra,490,Pune,PUNE CITY,-,-,-,-,-,-,-,-,18.57460000,73.83605500,03-11-2018 08:30,"","","","","",""
1820,MULA RIVER AT HARRISON BRIDGE NEAR MULA- PAWANA SANGAM BOPODI HAWELI PUNE,CPCB,27,Maharashtra,490,Pune,PUNE CITY,-,-,-,-,-,-,-,-,18.57460000,73.83605500,05-12-2018 08:30,"","","","","",""
1821,MULA RIVER AT HARRISON BRIDGE NEAR MULA- PAWANA SANGAM BOPODI HAWELI PUNE,CPCB,27,Maharashtra,490,Pune,PUNE CITY,-,-,-,-,-,-,-,-,18.57460000,73.83605500,04-01-2019 08:30,"","","","","",""
1822,MULA RIVER AT HARRISON BRIDGE NEAR MULA- PAWANA SANGAM BOPODI HAWELI PUNE,CPCB,27,Maharashtra,490,Pune,PUNE CITY,-,-,-,-,-,-,-,-,18.57460000,73.83605500,05-02-2019 08:30,"","","","","",""
1823,MULA RIVER AT HARRISON BRIDGE NEAR MULA- PAWANA SANGAM BOPODI HAWELI PUNE,CPCB,27,Maharashtra,490,Pune,PUNE CITY,-,-,-,-,-,-,-,-,18.57460000,73.83605500,06-03-2019 08:30,"","","","","",""
1824,MULA RIVER AT HARRISON BRIDGE NEAR MULA- PAWANA SANGAM BOPODI HAWELI PUNE,CPCB,27,Maharashtra,490,Pune,PUNE CITY,-,-,-,-,-,-,-,-,18.57460000,73.83605500,04-04-2019 08:30,"","","","","",""
1825,MULA RIVER AT HARRISON BRIDGE NEAR MULA- PAWANA SANGAM BOPODI HAWELI PUNE,CPCB,27,Maharashtra,490,Pune,PUNE CITY,-,-,-,-,-,-,-,-,18.57460000,73.83605500,05-05-2019 08:30,"","","","","",""
1826,MULA RIVER AT HARRISON BRIDGE NEAR MULA- PAWANA SANGAM BOPODI HAWELI PUNE,CPCB,27,Maharashtra,490,Pune,PUNE CITY,-,-,-,-,-,-,-,-,18.57460000,73.83605500,05-06-2019 08:30,"","","","","",""
1827,MULA RIVER AT HARRISON BRIDGE NEAR MULA- PAWANA SANGAM BOPODI HAWELI PUNE,CPCB,27,Maharashtra,490,Pune,PUNE CITY,-,-,-,-,-,-,-,-,18.57460000,73.83605500,04-07-2019 08:30,"","","","","",""
1828,MULA RIVER AT HARRISON BRIDGE NEAR MULA- PAWANA SANGAM BOPODI HAWELI PUNE,CPCB,27,Maharashtra,490,Pune,PUNE CITY,-,-,-,-,-,-,-,-,18.57460000,73.83605500,03-08-2019 08:30,"","","","","",""
1829,MULA RIVER AT HARRISON BRIDGE NEAR MULA- PAWANA SANGAM BOPODI HAWELI PUNE,CPCB,27,Maharashtra,490,Pune,PUNE CITY,-,-,-,-,-,-,-,-,18.57460000,73.83605500,08-09-2019 08:30,"","","","","",""
1830,MULA RIVER AT HARRISON BRIDGE NEAR MULA- PAWANA SANGAM BOPODI HAWELI PUNE,CPCB,27,Maharashtra,490,Pune,PUNE CITY,-,-,-,-,-,-,-,-,18.57460000,73.83605500,10-10-2019 08:30,"","","","","",""
1831,MULA RIVER AT HARRISON BRIDGE NEAR MULA- PAWANA SANGAM BOPODI HAWELI PUNE,CPCB,27,Maharashtra,490,Pune,PUNE CITY,-,-,-,-,-,-,-,-,18.57460000,73.83605500,02-11-2019 08:30,"","","","","",""
1832,MULA RIVER AT HARRISON BRIDGE NEAR MULA- PAWANA SANGAM BOPODI HAWELI PUNE,CPCB,27,Maharashtra,490,Pune,PUNE CITY,-,-,-,-,-,-,-,-,18.57460000,73.83605500,04-12-2019 08:30,"","","","","",""
1833,MUTHA RIVER AT DECCAN BRIDGE DECCAN PUNE,CPCB,27,Maharashtra,490,Pune,PUNE CITY,-,-,-,-,-,-,-,-,18.51553900,73.84444700,04-01-2018 08:30,"","","","","",""
1834,MUTHA RIVER AT DECCAN BRIDGE DECCAN PUNE,CPCB,27,Maharashtra,490,Pune,PUNE CITY,-,-,-,-,-,-,-,-,18.51553900,73.84444700,01-02-2018 08:30,"","","","","",""
1835,MUTHA RIVER AT DECCAN BRIDGE DECCAN PUNE,CPCB,27,Maharashtra,490,Pune,PUNE CITY,-,-,-,-,-,-,-,-,18.51553900,73.84444700,02-03-2018 08:30,"","","","","",""
1836,MUTHA RIVER AT DECCAN BRIDGE DECCAN PUNE,CPCB,27,Maharashtra,490,Pune,PUNE CITY,-,-,-,-,-,-,-,-,18.51553900,73.84444700,04-04-2018 08:30,"","","","","",""
1837,MUTHA RIVER AT DECCAN BRIDGE DECCAN PUNE,CPCB,27,Maharashtra,490,Pune,PUNE CITY,-,-,-,-,-,-,-,-,18.51553900,73.84444700,04-05-2018 08:30,"","","","","",""
1838,MUTHA RIVER AT DECCAN BRIDGE DECCAN PUNE,CPCB,27,Maharashtra,490,Pune,PUNE CITY,-,-,-,-,-,-,-,-,18.51553900,73.84444700,10-06-2018 08:30,"","","","","",""
1839,MUTHA RIVER AT DECCAN BRIDGE DECCAN PUNE,CPCB,27,Maharashtra,490,Pune,PUNE CITY,-,-,-,-,-,-,-,-,18.51553900,73.84444700,03-07-2018 08:30,"","","","","",""
1840,MUTHA RIVER AT DECCAN BRIDGE DECCAN PUNE,CPCB,27,Maharashtra,490,Pune,PUNE CITY,-,-,-,-,-,-,-,-,18.51553900,73.84444700,03-08-2018 08:30,"","","","","",""
1841,MUTHA RIVER AT DECCAN BRIDGE DECCAN PUNE,CPCB,27,Maharashtra,490,Pune,PUNE CITY,-,-,-,-,-,-,-,-,18.51553900,73.84444700,09-09-2018 08:30,"","","","","",""
1842,MUTHA RIVER AT DECCAN BRIDGE DECCAN PUNE,CPCB,27,Maharashtra,490,Pune,PUNE CITY,-,-,-,-,-,-,-,-,18.51553900,73.84444700,05-10-2018 08:30,"","","","","",""
1843,MUTHA RIVER AT DECCAN BRIDGE DECCAN PUNE,CPCB,27,Maharashtra,490,Pune,PUNE CITY,-,-,-,-,-,-,-,-,18.51553900,73.84444700,02-11-2018 08:30,"","","","","",""
1844,MUTHA RIVER AT DECCAN BRIDGE DECCAN PUNE,CPCB,27,Maharashtra,490,Pune,PUNE CITY,-,-,-,-,-,-,-,-,18.51553900,73.84444700,06-12-2018 08:30,"","","","","",""
1845,MUTHA RIVER AT DECCAN BRIDGE DECCAN PUNE,CPCB,27,Maharashtra,490,Pune,PUNE CITY,-,-,-,-,-,-,-,-,18.51553900,73.84444700,05-01-2019 08:30,"","","","","",""
1846,MUTHA RIVER AT DECCAN BRIDGE DECCAN PUNE,CPCB,27,Maharashtra,490,Pune,PUNE CITY,-,-,-,-,-,-,-,-,18.51553900,73.84444700,03-02-2019 08:30,"","","","","",""
1847,MUTHA RIVER AT DECCAN BRIDGE DECCAN PUNE,CPCB,27,Maharashtra,490,Pune,PUNE CITY,-,-,-,-,-,-,-,-,18.51553900,73.84444700,01-03-2019 08:30,"","","","","",""
1848,MUTHA RIVER AT DECCAN BRIDGE DECCAN PUNE,CPCB,27,Maharashtra,490,Pune,PUNE CITY,-,-,-,-,-,-,-,-,18.51553900,73.84444700,03-04-2019 08:30,"","","","","",""
1849,MUTHA RIVER AT DECCAN BRIDGE DECCAN PUNE,CPCB,27,Maharashtra,490,Pune,PUNE CITY,-,-,-,-,-,-,-,-,18.51553900,73.84444700,05-05-2019 08:30,"","","","","",""
1850,MUTHA RIVER AT DECCAN BRIDGE DECCAN PUNE,CPCB,27,Maharashtra,490,Pune,PUNE CITY,-,-,-,-,-,-,-,-,18.51553900,73.84444700,05-06-2019 08:30,"","","","","",""
1851,MUTHA RIVER AT DECCAN BRIDGE DECCAN PUNE,CPCB,27,Maharashtra,490,Pune,PUNE CITY,-,-,-,-,-,-,-,-,18.51553900,73.84444700,04-07-2019 08:30,"","","","","",""
1852,MUTHA RIVER AT DECCAN BRIDGE DECCAN PUNE,CPCB,27,Maharashtra,490,Pune,PUNE CITY,-,-,-,-,-,-,-,-,18.51553900,73.84444700,03-08-2019 08:30,"","","","","",""
1853,MUTHA RIVER AT DECCAN BRIDGE DECCAN PUNE,CPCB,27,Maharashtra,490,Pune,PUNE CITY,-,-,-,-,-,-,-,-,18.51553900,73.84444700,08-09-2019 08:30,"","","","","",""
1854,MUTHA RIVER AT DECCAN BRIDGE DECCAN PUNE,CPCB,27,Maharashtra,490,Pune,PUNE CITY,-,-,-,-,-,-,-,-,18.51553900,73.84444700,09-10-2019 08:30,"","","","","",""
1855,MUTHA RIVER AT DECCAN BRIDGE DECCAN PUNE,CPCB,27,Maharashtra,490,Pune,PUNE CITY,-,-,-,-,-,-,-,-,18.51553900,73.84444700,02-11-2019 08:30,"","","","","",""
1856,MUTHA RIVER AT DECCAN BRIDGE DECCAN PUNE,CPCB,27,Maharashtra,490,Pune,PUNE CITY,-,-,-,-,-,-,-,-,18.51553900,73.84444700,04-12-2019 08:30,"","","","","",""
1857,MUTHA RIVER AT KHADAKVASLA DAM KHADAKVASLA HAWELI PUNE.,CPCB,27,Maharashtra,490,Pune,HAVELI,-,-,-,-,-,-,-,-,18.43014900,73.75494100,04-01-2018 08:30,"","","","","",""
1858,MUTHA RIVER AT KHADAKVASLA DAM KHADAKVASLA HAWELI PUNE.,CPCB,27,Maharashtra,490,Pune,HAVELI,-,-,-,-,-,-,-,-,18.43014900,73.75494100,01-02-2018 08:30,"","","","","",""
1859,MUTHA RIVER AT KHADAKVASLA DAM KHADAKVASLA HAWELI PUNE.,CPCB,27,Maharashtra,490,Pune,HAVELI,-,-,-,-,-,-,-,-,18.43014900,73.75494100,01-03-2018 08:30,"","","","","",""
1860,MUTHA RIVER AT KHADAKVASLA DAM KHADAKVASLA HAWELI PUNE.,CPCB,27,Maharashtra,490,Pune,HAVELI,-,-,-,-,-,-,-,-,18.43014900,73.75494100,04-04-2018 08:30,"","","","","",""
1861,MUTHA RIVER AT KHADAKVASLA DAM KHADAKVASLA HAWELI PUNE.,CPCB,27,Maharashtra,490,Pune,HAVELI,-,-,-,-,-,-,-,-,18.43014900,73.75494100,03-05-2018 08:30,"","","","","",""
1862,MUTHA RIVER AT KHADAKVASLA DAM KHADAKVASLA HAWELI PUNE.,CPCB,27,Maharashtra,490,Pune,HAVELI,-,-,-,-,-,-,-,-,18.43014900,73.75494100,01-06-2018 08:30,"","","","","",""
1863,MUTHA RIVER AT KHADAKVASLA DAM KHADAKVASLA HAWELI PUNE.,CPCB,27,Maharashtra,490,Pune,HAVELI,-,-,-,-,-,-,-,-,18.43014900,73.75494100,04-07-2018 08:30,"","","","","",""
1864,MUTHA RIVER AT KHADAKVASLA DAM KHADAKVASLA HAWELI PUNE.,CPCB,27,Maharashtra,490,Pune,HAVELI,-,-,-,-,-,-,-,-,18.43014900,73.75494100,03-08-2018 08:30,"","","","","",""
1865,MUTHA RIVER AT KHADAKVASLA DAM KHADAKVASLA HAWELI PUNE.,CPCB,27,Maharashtra,490,Pune,HAVELI,-,-,-,-,-,-,-,-,18.43014900,73.75494100,02-09-2018 08:30,"","","","","",""
1866,MUTHA RIVER AT KHADAKVASLA DAM KHADAKVASLA HAWELI PUNE.,CPCB,27,Maharashtra,490,Pune,HAVELI,-,-,-,-,-,-,-,-,18.43014900,73.75494100,05-10-2018 08:30,"","","","","",""
1867,MUTHA RIVER AT KHADAKVASLA DAM KHADAKVASLA HAWELI PUNE.,CPCB,27,Maharashtra,490,Pune,HAVELI,-,-,-,-,-,-,-,-,18.43014900,73.75494100,03-11-2018 08:30,"","","","","",""
1868,MUTHA RIVER AT KHADAKVASLA DAM KHADAKVASLA HAWELI PUNE.,CPCB,27,Maharashtra,490,Pune,HAVELI,-,-,-,-,-,-,-,-,18.43014900,73.75494100,01-12-2018 08:30,"","","","","",""
1869,MUTHA RIVER AT KHADAKVASLA DAM KHADAKVASLA HAWELI PUNE.,CPCB,27,Maharashtra,490,Pune,HAVELI,-,-,-,-,-,-,-,-,18.43014900,73.75494100,05-01-2019 08:30,"","","","","",""
1870,MUTHA RIVER AT KHADAKVASLA DAM KHADAKVASLA HAWELI PUNE.,CPCB,27,Maharashtra,490,Pune,HAVELI,-,-,-,-,-,-,-,-,18.43014900,73.75494100,04-02-2019 08:30,"","","","","",""
1871,MUTHA RIVER AT KHADAKVASLA DAM KHADAKVASLA HAWELI PUNE.,CPCB,27,Maharashtra,490,Pune,HAVELI,-,-,-,-,-,-,-,-,18.43014900,73.75494100,05-03-2019 08:30,"","","","","",""
1872,MUTHA RIVER AT KHADAKVASLA DAM KHADAKVASLA HAWELI PUNE.,CPCB,27,Maharashtra,490,Pune,HAVELI,-,-,-,-,-,-,-,-,18.43014900,73.75494100,03-04-2019 08:30,"","","","","",""
1873,MUTHA RIVER AT KHADAKVASLA DAM KHADAKVASLA HAWELI PUNE.,CPCB,27,Maharashtra,490,Pune,HAVELI,-,-,-,-,-,-,-,-,18.43014900,73.75494100,04-05-2019 08:30,"","","","","",""
1874,MUTHA RIVER AT KHADAKVASLA DAM KHADAKVASLA HAWELI PUNE.,CPCB,27,Maharashtra,490,Pune,HAVELI,-,-,-,-,-,-,-,-,18.43014900,73.75494100,04-06-2019 08:30,"","","","","",""
1875,MUTHA RIVER AT KHADAKVASLA DAM KHADAKVASLA HAWELI PUNE.,CPCB,27,Maharashtra,490,Pune,HAVELI,-,-,-,-,-,-,-,-,18.43014900,73.75494100,03-07-2019 08:30,"","","","","",""
1876,MUTHA RIVER AT KHADAKVASLA DAM KHADAKVASLA HAWELI PUNE.,CPCB,27,Maharashtra,490,Pune,HAVELI,-,-,-,-,-,-,-,-,18.43014900,73.75494100,01-08-2019 08:30,"","","","","",""
1877,MUTHA RIVER AT KHADAKVASLA DAM KHADAKVASLA HAWELI PUNE.,CPCB,27,Maharashtra,490,Pune,HAVELI,-,-,-,-,-,-,-,-,18.43014900,73.75494100,04-09-2019 08:30,"","","","","",""
1878,MUTHA RIVER AT KHADAKVASLA DAM KHADAKVASLA HAWELI PUNE.,CPCB,27,Maharashtra,490,Pune,HAVELI,-,-,-,-,-,-,-,-,18.43014900,73.75494100,03-10-2019 08:30,"","","","","",""
1879,MUTHA RIVER AT KHADAKVASLA DAM KHADAKVASLA HAWELI PUNE.,CPCB,27,Maharashtra,490,Pune,HAVELI,-,-,-,-,-,-,-,-,18.43014900,73.75494100,05-11-2019 08:30,"","","","","",""
1880,MUTHA RIVER AT KHADAKVASLA DAM KHADAKVASLA HAWELI PUNE.,CPCB,27,Maharashtra,490,Pune,HAVELI,-,-,-,-,-,-,-,-,18.43014900,73.75494100,04-12-2019 08:30,"","","","","",""
1881,MUTHA RIVER AT SANGAM BRIDGE NEAR GANAPATHY GHAT SHIVAJINAGAR PUNE,CPCB,27,Maharashtra,490,Pune,PUNE CITY,-,-,-,-,-,-,-,-,18.53237400,73.84341500,04-01-2018 08:30,"","","","","",""
1882,MUTHA RIVER AT SANGAM BRIDGE NEAR GANAPATHY GHAT SHIVAJINAGAR PUNE,CPCB,27,Maharashtra,490,Pune,PUNE CITY,-,-,-,-,-,-,-,-,18.53237400,73.84341500,01-02-2018 08:30,"","","","","",""
1883,MUTHA RIVER AT SANGAM BRIDGE NEAR GANAPATHY GHAT SHIVAJINAGAR PUNE,CPCB,27,Maharashtra,490,Pune,PUNE CITY,-,-,-,-,-,-,-,-,18.53237400,73.84341500,02-03-2018 08:30,"","","","","",""
1884,MUTHA RIVER AT SANGAM BRIDGE NEAR GANAPATHY GHAT SHIVAJINAGAR PUNE,CPCB,27,Maharashtra,490,Pune,PUNE CITY,-,-,-,-,-,-,-,-,18.53237400,73.84341500,04-04-2018 08:30,"","","","","",""
1885,MUTHA RIVER AT SANGAM BRIDGE NEAR GANAPATHY GHAT SHIVAJINAGAR PUNE,CPCB,27,Maharashtra,490,Pune,PUNE CITY,-,-,-,-,-,-,-,-,18.53237400,73.84341500,04-05-2018 08:30,"","","","","",""
1886,MUTHA RIVER AT SANGAM BRIDGE NEAR GANAPATHY GHAT SHIVAJINAGAR PUNE,CPCB,27,Maharashtra,490,Pune,PUNE CITY,-,-,-,-,-,-,-,-,18.53237400,73.84341500,10-06-2018 08:30,"","","","","",""
1887,MUTHA RIVER AT SANGAM BRIDGE NEAR GANAPATHY GHAT SHIVAJINAGAR PUNE,CPCB,27,Maharashtra,490,Pune,PUNE CITY,-,-,-,-,-,-,-,-,18.53237400,73.84341500,03-07-2018 08:30,"","","","","",""
1888,MUTHA RIVER AT SANGAM BRIDGE NEAR GANAPATHY GHAT SHIVAJINAGAR PUNE,CPCB,27,Maharashtra,490,Pune,PUNE CITY,-,-,-,-,-,-,-,-,18.53237400,73.84341500,03-08-2018 08:30,"","","","","",""
1889,MUTHA RIVER AT SANGAM BRIDGE NEAR GANAPATHY GHAT SHIVAJINAGAR PUNE,CPCB,27,Maharashtra,490,Pune,PUNE CITY,-,-,-,-,-,-,-,-,18.53237400,73.84341500,06-09-2018 08:30,"","","","","",""
1890,MUTHA RIVER AT SANGAM BRIDGE NEAR GANAPATHY GHAT SHIVAJINAGAR PUNE,CPCB,27,Maharashtra,490,Pune,PUNE CITY,-,-,-,-,-,-,-,-,18.53237400,73.84341500,05-10-2018 08:30,"","","","","",""
1891,MUTHA RIVER AT SANGAM BRIDGE NEAR GANAPATHY GHAT SHIVAJINAGAR PUNE,CPCB,27,Maharashtra,490,Pune,PUNE CITY,-,-,-,-,-,-,-,-,18.53237400,73.84341500,02-11-2018 08:30,"","","","","",""
1892,MUTHA RIVER AT SANGAM BRIDGE NEAR GANAPATHY GHAT SHIVAJINAGAR PUNE,CPCB,27,Maharashtra,490,Pune,PUNE CITY,-,-,-,-,-,-,-,-,18.53237400,73.84341500,06-12-2018 08:30,"","","","","",""
1893,MUTHA RIVER AT SANGAM BRIDGE NEAR GANAPATHY GHAT SHIVAJINAGAR PUNE,CPCB,27,Maharashtra,490,Pune,PUNE CITY,-,-,-,-,-,-,-,-,18.53237400,73.84341500,05-01-2019 08:30,"","","","","",""
1894,MUTHA RIVER AT SANGAM BRIDGE NEAR GANAPATHY GHAT SHIVAJINAGAR PUNE,CPCB,27,Maharashtra,490,Pune,PUNE CITY,-,-,-,-,-,-,-,-,18.53237400,73.84341500,03-02-2019 08:30,"","","","","",""
1895,MUTHA RIVER AT SANGAM BRIDGE NEAR GANAPATHY GHAT SHIVAJINAGAR PUNE,CPCB,27,Maharashtra,490,Pune,PUNE CITY,-,-,-,-,-,-,-,-,18.53237400,73.84341500,01-03-2019 08:30,"","","","","",""
1896,MUTHA RIVER AT SANGAM BRIDGE NEAR GANAPATHY GHAT SHIVAJINAGAR PUNE,CPCB,27,Maharashtra,490,Pune,PUNE CITY,-,-,-,-,-,-,-,-,18.53237400,73.84341500,03-04-2019 08:30,"","","","","",""
1897,MUTHA RIVER AT SANGAM BRIDGE NEAR GANAPATHY GHAT SHIVAJINAGAR PUNE,CPCB,27,Maharashtra,490,Pune,PUNE CITY,-,-,-,-,-,-,-,-,18.53237400,73.84341500,05-05-2019 08:30,"","","","","",""
1898,MUTHA RIVER AT SANGAM BRIDGE NEAR GANAPATHY GHAT SHIVAJINAGAR PUNE,CPCB,27,Maharashtra,490,Pune,PUNE CITY,-,-,-,-,-,-,-,-,18.53237400,73.84341500,05-06-2019 08:30,"","","","","",""
1899,MUTHA RIVER AT SANGAM BRIDGE NEAR GANAPATHY GHAT SHIVAJINAGAR PUNE,CPCB,27,Maharashtra,490,Pune,PUNE CITY,-,-,-,-,-,-,-,-,18.53237400,73.84341500,03-07-2019 08:30,"","","","","",""
1900,MUTHA RIVER AT SANGAM BRIDGE NEAR GANAPATHY GHAT SHIVAJINAGAR PUNE,CPCB,27,Maharashtra,490,Pune,PUNE CITY,-,-,-,-,-,-,-,-,18.53237400,73.84341500,03-08-2019 08:30,"","","","","",""
1901,MUTHA RIVER AT SANGAM BRIDGE NEAR GANAPATHY GHAT SHIVAJINAGAR PUNE,CPCB,27,Maharashtra,490,Pune,PUNE CITY,-,-,-,-,-,-,-,-,18.53237400,73.84341500,08-09-2019 08:30,"","","","","",""
1902,MUTHA RIVER AT SANGAM BRIDGE NEAR GANAPATHY GHAT SHIVAJINAGAR PUNE,CPCB,27,Maharashtra,490,Pune,PUNE CITY,-,-,-,-,-,-,-,-,18.53237400,73.84341500,09-10-2019 08:30,"","","","","",""
1903,MUTHA RIVER AT SANGAM BRIDGE NEAR GANAPATHY GHAT SHIVAJINAGAR PUNE,CPCB,27,Maharashtra,490,Pune,PUNE CITY,-,-,-,-,-,-,-,-,18.53237400,73.84341500,02-11-2019 08:30,"","","","","",""
1904,MUTHA RIVER AT SANGAM BRIDGE NEAR GANAPATHY GHAT SHIVAJINAGAR PUNE,CPCB,27,Maharashtra,490,Pune,PUNE CITY,-,-,-,-,-,-,-,-,18.53237400,73.84341500,04-12-2019 08:30,"","","","","",""
1905,MUTHA RIVER NEAR VEER SAVARKAR BHAVAN PUNE,CPCB,27,Maharashtra,490,Pune,PUNE CITY,-,-,-,-,-,-,-,-,18.52130300,73.85057800,04-01-2018 08:30,"","","","","",""
1906,MUTHA RIVER NEAR VEER SAVARKAR BHAVAN PUNE,CPCB,27,Maharashtra,490,Pune,PUNE CITY,-,-,-,-,-,-,-,-,18.52130300,73.85057800,01-02-2018 08:30,"","","","","",""
1907,MUTHA RIVER NEAR VEER SAVARKAR BHAVAN PUNE,CPCB,27,Maharashtra,490,Pune,PUNE CITY,-,-,-,-,-,-,-,-,18.52130300,73.85057800,02-03-2018 08:30,"","","","","",""
1908,MUTHA RIVER NEAR VEER SAVARKAR BHAVAN PUNE,CPCB,27,Maharashtra,490,Pune,PUNE CITY,-,-,-,-,-,-,-,-,18.52130300,73.85057800,04-04-2018 08:30,"","","","","",""
1909,MUTHA RIVER NEAR VEER SAVARKAR BHAVAN PUNE,CPCB,27,Maharashtra,490,Pune,PUNE CITY,-,-,-,-,-,-,-,-,18.52130300,73.85057800,04-05-2018 08:30,"","","","","",""
1910,MUTHA RIVER NEAR VEER SAVARKAR BHAVAN PUNE,CPCB,27,Maharashtra,490,Pune,PUNE CITY,-,-,-,-,-,-,-,-,18.52130300,73.85057800,10-06-2018 08:30,"","","","","",""
1911,MUTHA RIVER NEAR VEER SAVARKAR BHAVAN PUNE,CPCB,27,Maharashtra,490,Pune,PUNE CITY,-,-,-,-,-,-,-,-,18.52130300,73.85057800,03-07-2018 08:30,"","","","","",""
1912,MUTHA RIVER NEAR VEER SAVARKAR BHAVAN PUNE,CPCB,27,Maharashtra,490,Pune,PUNE CITY,-,-,-,-,-,-,-,-,18.52130300,73.85057800,03-08-2018 08:30,"","","","","",""
1913,MUTHA RIVER NEAR VEER SAVARKAR BHAVAN PUNE,CPCB,27,Maharashtra,490,Pune,PUNE CITY,-,-,-,-,-,-,-,-,18.52130300,73.85057800,09-09-2018 08:30,"","","","","",""
1914,MUTHA RIVER NEAR VEER SAVARKAR BHAVAN PUNE,CPCB,27,Maharashtra,490,Pune,PUNE CITY,-,-,-,-,-,-,-,-,18.52130300,73.85057800,05-10-2018 08:30,"","","","","",""
1915,MUTHA RIVER NEAR VEER SAVARKAR BHAVAN PUNE,CPCB,27,Maharashtra,490,Pune,PUNE CITY,-,-,-,-,-,-,-,-,18.52130300,73.85057800,02-11-2018 08:30,"","","","","",""
1916,MUTHA RIVER NEAR VEER SAVARKAR BHAVAN PUNE,CPCB,27,Maharashtra,490,Pune,PUNE CITY,-,-,-,-,-,-,-,-,18.52130300,73.85057800,06-12-2018 08:30,"","","","","",""
1917,MUTHA RIVER NEAR VEER SAVARKAR BHAVAN PUNE,CPCB,27,Maharashtra,490,Pune,PUNE CITY,-,-,-,-,-,-,-,-,18.52130300,73.85057800,05-01-2019 08:30,"","","","","",""
1918,MUTHA RIVER NEAR VEER SAVARKAR BHAVAN PUNE,CPCB,27,Maharashtra,490,Pune,PUNE CITY,-,-,-,-,-,-,-,-,18.52130300,73.85057800,03-02-2019 08:30,"","","","","",""
1919,MUTHA RIVER NEAR VEER SAVARKAR BHAVAN PUNE,CPCB,27,Maharashtra,490,Pune,PUNE CITY,-,-,-,-,-,-,-,-,18.52130300,73.85057800,01-03-2019 08:30,"","","","","",""
1920,MUTHA RIVER NEAR VEER SAVARKAR BHAVAN PUNE,CPCB,27,Maharashtra,490,Pune,PUNE CITY,-,-,-,-,-,-,-,-,18.52130300,73.85057800,03-04-2019 08:30,"","","","","",""
1921,MUTHA RIVER NEAR VEER SAVARKAR BHAVAN PUNE,CPCB,27,Maharashtra,490,Pune,PUNE CITY,-,-,-,-,-,-,-,-,18.52130300,73.85057800,05-05-2019 08:30,"","","","","",""
1922,MUTHA RIVER NEAR VEER SAVARKAR BHAVAN PUNE,CPCB,27,Maharashtra,490,Pune,PUNE CITY,-,-,-,-,-,-,-,-,18.52130300,73.85057800,05-06-2019 08:30,"","","","","",""
1923,MUTHA RIVER NEAR VEER SAVARKAR BHAVAN PUNE,CPCB,27,Maharashtra,490,Pune,PUNE CITY,-,-,-,-,-,-,-,-,18.52130300,73.85057800,04-07-2019 08:30,"","","","","",""
1924,MUTHA RIVER NEAR VEER SAVARKAR BHAVAN PUNE,CPCB,27,Maharashtra,490,Pune,PUNE CITY,-,-,-,-,-,-,-,-,18.52130300,73.85057800,03-08-2019 08:30,"","","","","",""
1925,MUTHA RIVER NEAR VEER SAVARKAR BHAVAN PUNE,CPCB,27,Maharashtra,490,Pune,PUNE CITY,-,-,-,-,-,-,-,-,18.52130300,73.85057800,08-09-2019 08:30,"","","","","",""
1926,MUTHA RIVER NEAR VEER SAVARKAR BHAVAN PUNE,CPCB,27,Maharashtra,490,Pune,PUNE CITY,-,-,-,-,-,-,-,-,18.52130300,73.85057800,09-10-2019 08:30,"","","","","",""
1927,MUTHA RIVER NEAR VEER SAVARKAR BHAVAN PUNE,CPCB,27,Maharashtra,490,Pune,PUNE CITY,-,-,-,-,-,-,-,-,18.52130300,73.85057800,02-11-2019 08:30,"","","","","",""
1928,MUTHA RIVER NEAR VEER SAVARKAR BHAVAN PUNE,CPCB,27,Maharashtra,490,Pune,PUNE CITY,-,-,-,-,-,-,-,-,18.52130300,73.85057800,04-12-2019 08:30,"","","","","",""
1929,NALLA AT D/S OF AKLAI MANDIR AKLAI MALSHIRAS SOLAPUR,CPCB,27,Maharashtra,496,Solapur,SOLAPUR NORTH,-,-,-,-,-,-,-,-,17.89403000,75.02658200,05-10-2018 08:30,"","","","","",""
1930,NAVAPURA SEA NAVAPUR PALGHAR THANE,CPCB,27,Maharashtra,665,Palghar,PALGHAR,-,-,-,-,-,-,-,-,19.78943300,72.68845000,09-01-2018 08:30,"",Clear,"","","",""
1931,NAVAPURA SEA NAVAPUR PALGHAR THANE,CPCB,27,Maharashtra,665,Palghar,PALGHAR,-,-,-,-,-,-,-,-,19.78943300,72.68845000,05-02-2018 08:30,"",Light Brown,"","","",""
1932,NAVAPURA SEA NAVAPUR PALGHAR THANE,CPCB,27,Maharashtra,665,Palghar,PALGHAR,-,-,-,-,-,-,-,-,19.78943300,72.68845000,06-03-2018 08:30,"","","","","",""
1933,NAVAPURA SEA NAVAPUR PALGHAR THANE,CPCB,27,Maharashtra,665,Palghar,PALGHAR,-,-,-,-,-,-,-,-,19.78943300,72.68845000,05-04-2018 08:30,"",Light Brown,"","","",""
1934,NAVAPURA SEA NAVAPUR PALGHAR THANE,CPCB,27,Maharashtra,665,Palghar,PALGHAR,-,-,-,-,-,-,-,-,19.78943300,72.68845000,09-05-2018 08:30,"",Light Brown,"","","",""
1935,NAVAPURA SEA NAVAPUR PALGHAR THANE,CPCB,27,Maharashtra,665,Palghar,PALGHAR,-,-,-,-,-,-,-,-,19.78943300,72.68845000,04-06-2018 08:30,"",Light Brown,"","","",""
1936,NAVAPURA SEA NAVAPUR PALGHAR THANE,CPCB,27,Maharashtra,665,Palghar,PALGHAR,-,-,-,-,-,-,-,-,19.78943300,72.68845000,05-07-2018 08:30,"",Clear,"","","",""
1937,NAVAPURA SEA NAVAPUR PALGHAR THANE,CPCB,27,Maharashtra,665,Palghar,PALGHAR,-,-,-,-,-,-,-,-,19.78943300,72.68845000,09-08-2018 08:30,"",Light Brown,"","","",""
1938,NAVAPURA SEA NAVAPUR PALGHAR THANE,CPCB,27,Maharashtra,665,Palghar,PALGHAR,-,-,-,-,-,-,-,-,19.78943300,72.68845000,09-09-2018 08:30,"",Light Brown,"","","",""
1939,NAVAPURA SEA NAVAPUR PALGHAR THANE,CPCB,27,Maharashtra,665,Palghar,PALGHAR,-,-,-,-,-,-,-,-,19.78943300,72.68845000,04-10-2018 08:30,"",Light Brown,"","","",""
1940,NAVAPURA SEA NAVAPUR PALGHAR THANE,CPCB,27,Maharashtra,665,Palghar,PALGHAR,-,-,-,-,-,-,-,-,19.78943300,72.68845000,01-11-2018 08:30,"",Light Brown,"","","",""
1941,NAVAPURA SEA NAVAPUR PALGHAR THANE,CPCB,27,Maharashtra,665,Palghar,PALGHAR,-,-,-,-,-,-,-,-,19.78943300,72.68845000,06-12-2018 08:30,"",Light Brown,"","","",""
1942,NAVAPURA SEA NAVAPUR PALGHAR THANE,CPCB,27,Maharashtra,665,Palghar,PALGHAR,-,-,-,-,-,-,-,-,19.78943300,72.68845000,03-01-2019 08:30,"",Light Brown,"","","",""
1943,NAVAPURA SEA NAVAPUR PALGHAR THANE,CPCB,27,Maharashtra,665,Palghar,PALGHAR,-,-,-,-,-,-,-,-,19.78943300,72.68845000,05-02-2019 08:30,"",Light Brown,"","","",""
1944,NAVAPURA SEA NAVAPUR PALGHAR THANE,CPCB,27,Maharashtra,665,Palghar,PALGHAR,-,-,-,-,-,-,-,-,19.78943300,72.68845000,15-03-2019 08:30,"",Light Brown,"","","",""
1945,NAVAPURA SEA NAVAPUR PALGHAR THANE,CPCB,27,Maharashtra,665,Palghar,PALGHAR,-,-,-,-,-,-,-,-,19.78943300,72.68845000,04-04-2019 08:30,"","","","","",""
1946,NAVAPURA SEA NAVAPUR PALGHAR THANE,CPCB,27,Maharashtra,665,Palghar,PALGHAR,-,-,-,-,-,-,-,-,19.78943300,72.68845000,06-05-2019 08:30,"",Light Brown,"","","",""
1947,NAVAPURA SEA NAVAPUR PALGHAR THANE,CPCB,27,Maharashtra,665,Palghar,PALGHAR,-,-,-,-,-,-,-,-,19.78943300,72.68845000,06-06-2019 08:30,"",Light Brown,"","","",""
1948,NAVAPURA SEA NAVAPUR PALGHAR THANE,CPCB,27,Maharashtra,665,Palghar,PALGHAR,-,-,-,-,-,-,-,-,19.78943300,72.68845000,10-07-2019 08:30,"",Light Brown,"","","",""
1949,NAVAPURA SEA NAVAPUR PALGHAR THANE,CPCB,27,Maharashtra,665,Palghar,PALGHAR,-,-,-,-,-,-,-,-,19.78943300,72.68845000,08-08-2019 08:30,"","","","","",""
1950,NAVAPURA SEA NAVAPUR PALGHAR THANE,CPCB,27,Maharashtra,665,Palghar,PALGHAR,-,-,-,-,-,-,-,-,19.78943300,72.68845000,05-09-2019 08:30,"","","","","",""
1951,NAVAPURA SEA NAVAPUR PALGHAR THANE,CPCB,27,Maharashtra,665,Palghar,PALGHAR,-,-,-,-,-,-,-,-,19.78943300,72.68845000,07-10-2019 08:30,"","","","","",""
1952,NAVAPURA SEA NAVAPUR PALGHAR THANE,CPCB,27,Maharashtra,665,Palghar,PALGHAR,-,-,-,-,-,-,-,-,19.78943300,72.68845000,08-11-2019 08:30,"","","","","",""
1953,NAVAPURA SEA NAVAPUR PALGHAR THANE,CPCB,27,Maharashtra,665,Palghar,PALGHAR,-,-,-,-,-,-,-,-,19.78943300,72.68845000,06-12-2019 08:30,"","","","","",""
1954,NIRA AT SAROLA BDG.ON PUNE-BANGLORE HIGHWAY SAROLA BHOR PUNE,CPCB,27,Maharashtra,494,Satara,KHANDALA,-,-,-,-,-,-,-,-,18.17270300,73.95364400,07-01-2018 08:30,"","","","","",""
1955,NIRA AT SAROLA BDG.ON PUNE-BANGLORE HIGHWAY SAROLA BHOR PUNE,CPCB,27,Maharashtra,494,Satara,KHANDALA,-,-,-,-,-,-,-,-,18.17270300,73.95364400,04-02-2018 08:30,"","","","","",""
1956,NIRA AT SAROLA BDG.ON PUNE-BANGLORE HIGHWAY SAROLA BHOR PUNE,CPCB,27,Maharashtra,494,Satara,KHANDALA,-,-,-,-,-,-,-,-,18.17270300,73.95364400,04-03-2018 08:30,"","","","","",""
1957,NIRA AT SAROLA BDG.ON PUNE-BANGLORE HIGHWAY SAROLA BHOR PUNE,CPCB,27,Maharashtra,494,Satara,KHANDALA,-,-,-,-,-,-,-,-,18.17270300,73.95364400,01-04-2018 08:30,"","","","","",""
1958,NIRA AT SAROLA BDG.ON PUNE-BANGLORE HIGHWAY SAROLA BHOR PUNE,CPCB,27,Maharashtra,494,Satara,KHANDALA,-,-,-,-,-,-,-,-,18.17270300,73.95364400,06-05-2018 08:30,"","","","","",""
1959,NIRA AT SAROLA BDG.ON PUNE-BANGLORE HIGHWAY SAROLA BHOR PUNE,CPCB,27,Maharashtra,494,Satara,KHANDALA,-,-,-,-,-,-,-,-,18.17270300,73.95364400,03-06-2018 08:30,"","","","","",""
1960,NIRA AT SAROLA BDG.ON PUNE-BANGLORE HIGHWAY SAROLA BHOR PUNE,CPCB,27,Maharashtra,494,Satara,KHANDALA,-,-,-,-,-,-,-,-,18.17270300,73.95364400,03-07-2018 08:30,"","","","","",""
1961,NIRA AT SAROLA BDG.ON PUNE-BANGLORE HIGHWAY SAROLA BHOR PUNE,CPCB,27,Maharashtra,494,Satara,KHANDALA,-,-,-,-,-,-,-,-,18.17270300,73.95364400,05-08-2018 08:30,"","","","","",""
1962,NIRA AT SAROLA BDG.ON PUNE-BANGLORE HIGHWAY SAROLA BHOR PUNE,CPCB,27,Maharashtra,494,Satara,KHANDALA,-,-,-,-,-,-,-,-,18.17270300,73.95364400,06-09-2018 08:30,"","","","","",""
1963,NIRA AT SAROLA BDG.ON PUNE-BANGLORE HIGHWAY SAROLA BHOR PUNE,CPCB,27,Maharashtra,494,Satara,KHANDALA,-,-,-,-,-,-,-,-,18.17270300,73.95364400,02-10-2018 08:30,"","","","","",""
1964,NIRA AT SAROLA BDG.ON PUNE-BANGLORE HIGHWAY SAROLA BHOR PUNE,CPCB,27,Maharashtra,494,Satara,KHANDALA,-,-,-,-,-,-,-,-,18.17270300,73.95364400,04-11-2018 08:30,"","","","","",""
1965,NIRA AT SAROLA BDG.ON PUNE-BANGLORE HIGHWAY SAROLA BHOR PUNE,CPCB,27,Maharashtra,494,Satara,KHANDALA,-,-,-,-,-,-,-,-,18.17270300,73.95364400,04-12-2018 08:30,"","","","","",""
1966,NIRA AT SAROLA BDG.ON PUNE-BANGLORE HIGHWAY SAROLA BHOR PUNE,CPCB,27,Maharashtra,494,Satara,KHANDALA,-,-,-,-,-,-,-,-,18.17270300,73.95364400,02-01-2019 08:30,"","","","","",""
1967,NIRA AT SAROLA BDG.ON PUNE-BANGLORE HIGHWAY SAROLA BHOR PUNE,CPCB,27,Maharashtra,494,Satara,KHANDALA,-,-,-,-,-,-,-,-,18.17270300,73.95364400,06-02-2019 08:30,"","","","","",""
1968,NIRA AT SAROLA BDG.ON PUNE-BANGLORE HIGHWAY SAROLA BHOR PUNE,CPCB,27,Maharashtra,494,Satara,KHANDALA,-,-,-,-,-,-,-,-,18.17270300,73.95364400,04-03-2019 08:30,"","","","","",""
1969,NIRA AT SAROLA BDG.ON PUNE-BANGLORE HIGHWAY SAROLA BHOR PUNE,CPCB,27,Maharashtra,494,Satara,KHANDALA,-,-,-,-,-,-,-,-,18.17270300,73.95364400,02-04-2019 08:30,"","","","","",""
1970,NIRA AT SAROLA BDG.ON PUNE-BANGLORE HIGHWAY SAROLA BHOR PUNE,CPCB,27,Maharashtra,494,Satara,KHANDALA,-,-,-,-,-,-,-,-,18.17270300,73.95364400,03-05-2019 08:30,"","","","","",""
1971,NIRA AT SAROLA BDG.ON PUNE-BANGLORE HIGHWAY SAROLA BHOR PUNE,CPCB,27,Maharashtra,494,Satara,KHANDALA,-,-,-,-,-,-,-,-,18.17270300,73.95364400,09-06-2019 08:30,"","","","","",""
1972,NIRA AT SAROLA BDG.ON PUNE-BANGLORE HIGHWAY SAROLA BHOR PUNE,CPCB,27,Maharashtra,494,Satara,KHANDALA,-,-,-,-,-,-,-,-,18.17270300,73.95364400,07-07-2019 08:30,"","","","","",""
1973,NIRA AT SAROLA BDG.ON PUNE-BANGLORE HIGHWAY SAROLA BHOR PUNE,CPCB,27,Maharashtra,494,Satara,KHANDALA,-,-,-,-,-,-,-,-,18.17270300,73.95364400,04-08-2019 08:30,"","","","","",""
1974,NIRA AT SAROLA BDG.ON PUNE-BANGLORE HIGHWAY SAROLA BHOR PUNE,CPCB,27,Maharashtra,494,Satara,KHANDALA,-,-,-,-,-,-,-,-,18.17270300,73.95364400,04-09-2019 08:30,"","","","","",""
1975,NIRA AT SAROLA BDG.ON PUNE-BANGLORE HIGHWAY SAROLA BHOR PUNE,CPCB,27,Maharashtra,494,Satara,KHANDALA,-,-,-,-,-,-,-,-,18.17270300,73.95364400,05-10-2019 08:30,"","","","","",""
1976,NIRA AT SAROLA BDG.ON PUNE-BANGLORE HIGHWAY SAROLA BHOR PUNE,CPCB,27,Maharashtra,494,Satara,KHANDALA,-,-,-,-,-,-,-,-,18.17270300,73.95364400,03-11-2019 08:30,"","","","","",""
1977,NIRA AT SAROLA BDG.ON PUNE-BANGLORE HIGHWAY SAROLA BHOR PUNE,CPCB,27,Maharashtra,494,Satara,KHANDALA,-,-,-,-,-,-,-,-,18.17270300,73.95364400,05-12-2019 08:30,"","","","","",""
1978,NIRA RIVER AT D/S OF JUBILANT ORGANOSIS NIMBUT BARAMATIPUNE.,CPCB,27,Maharashtra,490,Pune,BARAMATI,-,-,-,-,-,-,-,-,18.10340500,74.23480500,07-01-2018 08:30,"","","","","",""
1979,NIRA RIVER AT D/S OF JUBILANT ORGANOSIS NIMBUT BARAMATIPUNE.,CPCB,27,Maharashtra,490,Pune,BARAMATI,-,-,-,-,-,-,-,-,18.10340500,74.23480500,04-02-2018 08:30,"","","","","",""
1980,NIRA RIVER AT D/S OF JUBILANT ORGANOSIS NIMBUT BARAMATIPUNE.,CPCB,27,Maharashtra,490,Pune,BARAMATI,-,-,-,-,-,-,-,-,18.10340500,74.23480500,04-03-2018 08:30,"","","","","",""
1981,NIRA RIVER AT D/S OF JUBILANT ORGANOSIS NIMBUT BARAMATIPUNE.,CPCB,27,Maharashtra,490,Pune,BARAMATI,-,-,-,-,-,-,-,-,18.10340500,74.23480500,01-04-2018 08:30,"","","","","",""
1982,NIRA RIVER AT D/S OF JUBILANT ORGANOSIS NIMBUT BARAMATIPUNE.,CPCB,27,Maharashtra,490,Pune,BARAMATI,-,-,-,-,-,-,-,-,18.10340500,74.23480500,06-05-2018 08:30,"","","","","",""
1983,NIRA RIVER AT D/S OF JUBILANT ORGANOSIS NIMBUT BARAMATIPUNE.,CPCB,27,Maharashtra,490,Pune,BARAMATI,-,-,-,-,-,-,-,-,18.10340500,74.23480500,03-06-2018 08:30,"","","","","",""
1984,NIRA RIVER AT D/S OF JUBILANT ORGANOSIS NIMBUT BARAMATIPUNE.,CPCB,27,Maharashtra,490,Pune,BARAMATI,-,-,-,-,-,-,-,-,18.10340500,74.23480500,01-07-2018 08:30,"","","","","",""
1985,NIRA RIVER AT D/S OF JUBILANT ORGANOSIS NIMBUT BARAMATIPUNE.,CPCB,27,Maharashtra,490,Pune,BARAMATI,-,-,-,-,-,-,-,-,18.10340500,74.23480500,05-08-2018 08:30,"","","","","",""
1986,NIRA RIVER AT D/S OF JUBILANT ORGANOSIS NIMBUT BARAMATIPUNE.,CPCB,27,Maharashtra,490,Pune,BARAMATI,-,-,-,-,-,-,-,-,18.10340500,74.23480500,06-09-2018 08:30,"","","","","",""
1987,NIRA RIVER AT D/S OF JUBILANT ORGANOSIS NIMBUT BARAMATIPUNE.,CPCB,27,Maharashtra,490,Pune,BARAMATI,-,-,-,-,-,-,-,-,18.10340500,74.23480500,02-10-2018 08:30,"","","","","",""
1988,NIRA RIVER AT D/S OF JUBILANT ORGANOSIS NIMBUT BARAMATIPUNE.,CPCB,27,Maharashtra,490,Pune,BARAMATI,-,-,-,-,-,-,-,-,18.10340500,74.23480500,04-11-2018 08:30,"","","","","",""
1989,NIRA RIVER AT D/S OF JUBILANT ORGANOSIS NIMBUT BARAMATIPUNE.,CPCB,27,Maharashtra,490,Pune,BARAMATI,-,-,-,-,-,-,-,-,18.10340500,74.23480500,04-12-2018 08:30,"","","","","",""
1990,NIRA RIVER AT D/S OF JUBILANT ORGANOSIS NIMBUT BARAMATIPUNE.,CPCB,27,Maharashtra,490,Pune,BARAMATI,-,-,-,-,-,-,-,-,18.10340500,74.23480500,02-01-2019 08:30,"","","","","",""
1991,NIRA RIVER AT D/S OF JUBILANT ORGANOSIS NIMBUT BARAMATIPUNE.,CPCB,27,Maharashtra,490,Pune,BARAMATI,-,-,-,-,-,-,-,-,18.10340500,74.23480500,06-02-2019 08:30,"","","","","",""
1992,NIRA RIVER AT D/S OF JUBILANT ORGANOSIS NIMBUT BARAMATIPUNE.,CPCB,27,Maharashtra,490,Pune,BARAMATI,-,-,-,-,-,-,-,-,18.10340500,74.23480500,04-03-2019 08:30,"","","","","",""
1993,NIRA RIVER AT D/S OF JUBILANT ORGANOSIS NIMBUT BARAMATIPUNE.,CPCB,27,Maharashtra,490,Pune,BARAMATI,-,-,-,-,-,-,-,-,18.10340500,74.23480500,04-04-2019 08:30,"","","","","",""
1994,NIRA RIVER AT D/S OF JUBILANT ORGANOSIS NIMBUT BARAMATIPUNE.,CPCB,27,Maharashtra,490,Pune,BARAMATI,-,-,-,-,-,-,-,-,18.10340500,74.23480500,03-05-2019 08:30,"","","","","",""
1995,NIRA RIVER AT D/S OF JUBILANT ORGANOSIS NIMBUT BARAMATIPUNE.,CPCB,27,Maharashtra,490,Pune,BARAMATI,-,-,-,-,-,-,-,-,18.10340500,74.23480500,09-06-2019 08:30,"","","","","",""
1996,NIRA RIVER AT D/S OF JUBILANT ORGANOSIS NIMBUT BARAMATIPUNE.,CPCB,27,Maharashtra,490,Pune,BARAMATI,-,-,-,-,-,-,-,-,18.10340500,74.23480500,07-07-2019 08:30,"","","","","",""
1997,NIRA RIVER AT D/S OF JUBILANT ORGANOSIS NIMBUT BARAMATIPUNE.,CPCB,27,Maharashtra,490,Pune,BARAMATI,-,-,-,-,-,-,-,-,18.10340500,74.23480500,04-08-2019 08:30,"","","","","",""
1998,NIRA RIVER AT D/S OF JUBILANT ORGANOSIS NIMBUT BARAMATIPUNE.,CPCB,27,Maharashtra,490,Pune,BARAMATI,-,-,-,-,-,-,-,-,18.10340500,74.23480500,04-09-2019 08:30,"","","","","",""
1999,NIRA RIVER AT D/S OF JUBILANT ORGANOSIS NIMBUT BARAMATIPUNE.,CPCB,27,Maharashtra,490,Pune,BARAMATI,-,-,-,-,-,-,-,-,18.10340500,74.23480500,05-10-2019 08:30,"","","","","",""
2000,NIRA RIVER AT D/S OF JUBILANT ORGANOSIS NIMBUT BARAMATIPUNE.,CPCB,27,Maharashtra,490,Pune,BARAMATI,-,-,-,-,-,-,-,-,18.10340500,74.23480500,03-11-2019 08:30,"","","","","",""
2001,NIRA RIVER AT D/S OF JUBILANT ORGANOSIS NIMBUT BARAMATIPUNE.,CPCB,27,Maharashtra,490,Pune,BARAMATI,-,-,-,-,-,-,-,-,18.10340500,74.23480500,05-12-2019 08:30,"","","","","",""
2002,NIRA RIVER AT SANGAVI PHALTAN SATARA,CPCB,27,Maharashtra,490,Pune,BARAMATI,-,-,-,-,-,-,-,-,18.05599900,74.48394100,09-01-2018 08:30,"","","","","",""
2003,NIRA RIVER AT SANGAVI PHALTAN SATARA,CPCB,27,Maharashtra,490,Pune,BARAMATI,-,-,-,-,-,-,-,-,18.05599900,74.48394100,06-02-2018 08:30,"","","","","",""
2004,NIRA RIVER AT SANGAVI PHALTAN SATARA,CPCB,27,Maharashtra,490,Pune,BARAMATI,-,-,-,-,-,-,-,-,18.05599900,74.48394100,06-03-2018 08:30,"","","","","",""
2005,NIRA RIVER AT SANGAVI PHALTAN SATARA,CPCB,27,Maharashtra,490,Pune,BARAMATI,-,-,-,-,-,-,-,-,18.05599900,74.48394100,08-04-2018 08:30,"","","","","",""
2006,NIRA RIVER AT SANGAVI PHALTAN SATARA,CPCB,27,Maharashtra,490,Pune,BARAMATI,-,-,-,-,-,-,-,-,18.05599900,74.48394100,04-05-2018 08:30,"","","","","",""
2007,NIRA RIVER AT SANGAVI PHALTAN SATARA,CPCB,27,Maharashtra,490,Pune,BARAMATI,-,-,-,-,-,-,-,-,18.05599900,74.48394100,03-06-2018 08:30,"","","","","",""
2008,NIRA RIVER AT SANGAVI PHALTAN SATARA,CPCB,27,Maharashtra,490,Pune,BARAMATI,-,-,-,-,-,-,-,-,18.05599900,74.48394100,08-07-2018 08:30,"","","","","",""
2009,NIRA RIVER AT SANGAVI PHALTAN SATARA,CPCB,27,Maharashtra,490,Pune,BARAMATI,-,-,-,-,-,-,-,-,18.05599900,74.48394100,08-08-2018 08:30,"","","","","",""
2010,NIRA RIVER AT SANGAVI PHALTAN SATARA,CPCB,27,Maharashtra,490,Pune,BARAMATI,-,-,-,-,-,-,-,-,18.05599900,74.48394100,11-09-2018 08:30,"","","","","",""
2011,NIRA RIVER AT SANGAVI PHALTAN SATARA,CPCB,27,Maharashtra,490,Pune,BARAMATI,-,-,-,-,-,-,-,-,18.05599900,74.48394100,11-10-2018 08:30,"","","","","",""
2012,NIRA RIVER AT SANGAVI PHALTAN SATARA,CPCB,27,Maharashtra,490,Pune,BARAMATI,-,-,-,-,-,-,-,-,18.05599900,74.48394100,02-11-2018 08:30,"","","","","",""
2013,NIRA RIVER AT SANGAVI PHALTAN SATARA,CPCB,27,Maharashtra,490,Pune,BARAMATI,-,-,-,-,-,-,-,-,18.05599900,74.48394100,06-12-2018 08:30,"","","","","",""
2014,NIRA RIVER AT SANGAVI PHALTAN SATARA,CPCB,27,Maharashtra,490,Pune,BARAMATI,-,-,-,-,-,-,-,-,18.05599900,74.48394100,07-01-2019 08:30,"","","","","",""
2015,NIRA RIVER AT SANGAVI PHALTAN SATARA,CPCB,27,Maharashtra,490,Pune,BARAMATI,-,-,-,-,-,-,-,-,18.05599900,74.48394100,06-02-2019 08:30,"","","","","",""
2016,NIRA RIVER AT SANGAVI PHALTAN SATARA,CPCB,27,Maharashtra,490,Pune,BARAMATI,-,-,-,-,-,-,-,-,18.05599900,74.48394100,07-03-2019 08:30,"","","","","",""
2017,NIRA RIVER AT SANGAVI PHALTAN SATARA,CPCB,27,Maharashtra,490,Pune,BARAMATI,-,-,-,-,-,-,-,-,18.05599900,74.48394100,09-04-2019 08:30,"","","","","",""
2018,NIRA RIVER AT SANGAVI PHALTAN SATARA,CPCB,27,Maharashtra,490,Pune,BARAMATI,-,-,-,-,-,-,-,-,18.05599900,74.48394100,09-05-2019 08:30,"","","","","",""
2019,NIRA RIVER AT SANGAVI PHALTAN SATARA,CPCB,27,Maharashtra,490,Pune,BARAMATI,-,-,-,-,-,-,-,-,18.05599900,74.48394100,10-06-2019 08:30,"","","","","",""
2020,NIRA RIVER AT SANGAVI PHALTAN SATARA,CPCB,27,Maharashtra,490,Pune,BARAMATI,-,-,-,-,-,-,-,-,18.05599900,74.48394100,22-08-2019 08:30,"","","","","",""
2021,NIRA RIVER AT SANGAVI PHALTAN SATARA,CPCB,27,Maharashtra,490,Pune,BARAMATI,-,-,-,-,-,-,-,-,18.05599900,74.48394100,07-09-2019 08:30,"","","","","",""
2022,NIRA RIVER AT SANGAVI PHALTAN SATARA,CPCB,27,Maharashtra,490,Pune,BARAMATI,-,-,-,-,-,-,-,-,18.05599900,74.48394100,03-10-2019 08:30,"","","","","",""
2023,NIRA RIVER AT SANGAVI PHALTAN SATARA,CPCB,27,Maharashtra,490,Pune,BARAMATI,-,-,-,-,-,-,-,-,18.05599900,74.48394100,06-11-2019 08:30,"","","","","",""
2024,NIRA RIVER AT SANGAVI PHALTAN SATARA,CPCB,27,Maharashtra,490,Pune,BARAMATI,-,-,-,-,-,-,-,-,18.05599900,74.48394100,05-12-2019 08:30,"","","","","",""
2025,NIRA RIVER AT SHINDEWADI. SHIRVAL KHANDALA SATARA,CPCB,27,Maharashtra,494,Satara,KHANDALA,-,-,-,-,-,-,-,-,18.14743400,73.97728500,09-01-2018 08:30,"","","","","",""
2026,NIRA RIVER AT SHINDEWADI. SHIRVAL KHANDALA SATARA,CPCB,27,Maharashtra,494,Satara,KHANDALA,-,-,-,-,-,-,-,-,18.14743400,73.97728500,06-02-2018 08:30,"","","","","",""
2027,NIRA RIVER AT SHINDEWADI. SHIRVAL KHANDALA SATARA,CPCB,27,Maharashtra,494,Satara,KHANDALA,-,-,-,-,-,-,-,-,18.14743400,73.97728500,06-03-2018 08:30,"","","","","",""
2028,NIRA RIVER AT SHINDEWADI. SHIRVAL KHANDALA SATARA,CPCB,27,Maharashtra,494,Satara,KHANDALA,-,-,-,-,-,-,-,-,18.14743400,73.97728500,08-04-2018 08:30,"","","","","",""
2029,NIRA RIVER AT SHINDEWADI. SHIRVAL KHANDALA SATARA,CPCB,27,Maharashtra,494,Satara,KHANDALA,-,-,-,-,-,-,-,-,18.14743400,73.97728500,04-05-2018 08:30,"","","","","",""
2030,NIRA RIVER AT SHINDEWADI. SHIRVAL KHANDALA SATARA,CPCB,27,Maharashtra,494,Satara,KHANDALA,-,-,-,-,-,-,-,-,18.14743400,73.97728500,03-06-2018 08:30,"","","","","",""
2031,NIRA RIVER AT SHINDEWADI. SHIRVAL KHANDALA SATARA,CPCB,27,Maharashtra,494,Satara,KHANDALA,-,-,-,-,-,-,-,-,18.14743400,73.97728500,08-07-2018 08:30,"","","","","",""
2032,NIRA RIVER AT SHINDEWADI. SHIRVAL KHANDALA SATARA,CPCB,27,Maharashtra,494,Satara,KHANDALA,-,-,-,-,-,-,-,-,18.14743400,73.97728500,08-08-2018 08:30,"","","","","",""
2033,NIRA RIVER AT SHINDEWADI. SHIRVAL KHANDALA SATARA,CPCB,27,Maharashtra,494,Satara,KHANDALA,-,-,-,-,-,-,-,-,18.14743400,73.97728500,11-09-2018 08:30,"","","","","",""
2034,NIRA RIVER AT SHINDEWADI. SHIRVAL KHANDALA SATARA,CPCB,27,Maharashtra,494,Satara,KHANDALA,-,-,-,-,-,-,-,-,18.14743400,73.97728500,11-10-2018 08:30,"","","","","",""
2035,NIRA RIVER AT SHINDEWADI. SHIRVAL KHANDALA SATARA,CPCB,27,Maharashtra,494,Satara,KHANDALA,-,-,-,-,-,-,-,-,18.14743400,73.97728500,02-11-2018 08:30,"","","","","",""
2036,NIRA RIVER AT SHINDEWADI. SHIRVAL KHANDALA SATARA,CPCB,27,Maharashtra,494,Satara,KHANDALA,-,-,-,-,-,-,-,-,18.14743400,73.97728500,06-12-2018 08:30,"","","","","",""
2037,NIRA RIVER AT SHINDEWADI. SHIRVAL KHANDALA SATARA,CPCB,27,Maharashtra,494,Satara,KHANDALA,-,-,-,-,-,-,-,-,18.14743400,73.97728500,07-01-2019 08:30,"","","","","",""
2038,NIRA RIVER AT SHINDEWADI. SHIRVAL KHANDALA SATARA,CPCB,27,Maharashtra,494,Satara,KHANDALA,-,-,-,-,-,-,-,-,18.14743400,73.97728500,06-02-2019 08:30,"","","","","",""
2039,NIRA RIVER AT SHINDEWADI. SHIRVAL KHANDALA SATARA,CPCB,27,Maharashtra,494,Satara,KHANDALA,-,-,-,-,-,-,-,-,18.14743400,73.97728500,07-03-2019 08:30,"","","","","",""
2040,NIRA RIVER AT SHINDEWADI. SHIRVAL KHANDALA SATARA,CPCB,27,Maharashtra,494,Satara,KHANDALA,-,-,-,-,-,-,-,-,18.14743400,73.97728500,09-04-2019 08:30,"","","","","",""
2041,NIRA RIVER AT SHINDEWADI. SHIRVAL KHANDALA SATARA,CPCB,27,Maharashtra,494,Satara,KHANDALA,-,-,-,-,-,-,-,-,18.14743400,73.97728500,09-05-2019 08:30,"","","","","",""
2042,NIRA RIVER AT SHINDEWADI. SHIRVAL KHANDALA SATARA,CPCB,27,Maharashtra,494,Satara,KHANDALA,-,-,-,-,-,-,-,-,18.14743400,73.97728500,10-06-2019 08:30,"","","","","",""
2043,NIRA RIVER AT SHINDEWADI. SHIRVAL KHANDALA SATARA,CPCB,27,Maharashtra,494,Satara,KHANDALA,-,-,-,-,-,-,-,-,18.14743400,73.97728500,08-07-2019 08:30,"","","","","",""
2044,NIRA RIVER AT SHINDEWADI. SHIRVAL KHANDALA SATARA,CPCB,27,Maharashtra,494,Satara,KHANDALA,-,-,-,-,-,-,-,-,18.14743400,73.97728500,22-08-2019 08:30,"","","","","",""
2045,NIRA RIVER AT SHINDEWADI. SHIRVAL KHANDALA SATARA,CPCB,27,Maharashtra,494,Satara,KHANDALA,-,-,-,-,-,-,-,-,18.14743400,73.97728500,07-09-2019 08:30,"","","","","",""
2046,NIRA RIVER AT SHINDEWADI. SHIRVAL KHANDALA SATARA,CPCB,27,Maharashtra,494,Satara,KHANDALA,-,-,-,-,-,-,-,-,18.14743400,73.97728500,03-10-2019 08:30,"","","","","",""
2047,NIRA RIVER AT SHINDEWADI. SHIRVAL KHANDALA SATARA,CPCB,27,Maharashtra,494,Satara,KHANDALA,-,-,-,-,-,-,-,-,18.14743400,73.97728500,06-11-2019 08:30,"","","","","",""
2048,NIRA RIVER AT SHINDEWADI. SHIRVAL KHANDALA SATARA,CPCB,27,Maharashtra,494,Satara,KHANDALA,-,-,-,-,-,-,-,-,18.14743400,73.97728500,05-12-2019 08:30,"","","","","",""
2049,NIRA RIVER AT U/S OF JUBILANT ORGANOSIS NIRA(DATTAGHAT) BARAMATI PUNE,CPCB,27,Maharashtra,494,Satara,SATARA,-,-,-,-,-,-,-,-,18.09775600,74.21367500,07-01-2018 08:30,"","","","","",""
2050,NIRA RIVER AT U/S OF JUBILANT ORGANOSIS NIRA(DATTAGHAT) BARAMATI PUNE,CPCB,27,Maharashtra,494,Satara,SATARA,-,-,-,-,-,-,-,-,18.09775600,74.21367500,04-02-2018 08:30,"","","","","",""
2051,NIRA RIVER AT U/S OF JUBILANT ORGANOSIS NIRA(DATTAGHAT) BARAMATI PUNE,CPCB,27,Maharashtra,494,Satara,SATARA,-,-,-,-,-,-,-,-,18.09775600,74.21367500,04-03-2018 08:30,"","","","","",""
2052,NIRA RIVER AT U/S OF JUBILANT ORGANOSIS NIRA(DATTAGHAT) BARAMATI PUNE,CPCB,27,Maharashtra,494,Satara,SATARA,-,-,-,-,-,-,-,-,18.09775600,74.21367500,01-04-2018 08:30,"","","","","",""
2053,NIRA RIVER AT U/S OF JUBILANT ORGANOSIS NIRA(DATTAGHAT) BARAMATI PUNE,CPCB,27,Maharashtra,494,Satara,SATARA,-,-,-,-,-,-,-,-,18.09775600,74.21367500,06-05-2018 08:30,"","","","","",""
2054,NIRA RIVER AT U/S OF JUBILANT ORGANOSIS NIRA(DATTAGHAT) BARAMATI PUNE,CPCB,27,Maharashtra,494,Satara,SATARA,-,-,-,-,-,-,-,-,18.09775600,74.21367500,03-06-2018 08:30,"","","","","",""
2055,NIRA RIVER AT U/S OF JUBILANT ORGANOSIS NIRA(DATTAGHAT) BARAMATI PUNE,CPCB,27,Maharashtra,494,Satara,SATARA,-,-,-,-,-,-,-,-,18.09775600,74.21367500,01-07-2018 08:30,"","","","","",""
2056,NIRA RIVER AT U/S OF JUBILANT ORGANOSIS NIRA(DATTAGHAT) BARAMATI PUNE,CPCB,27,Maharashtra,494,Satara,SATARA,-,-,-,-,-,-,-,-,18.09775600,74.21367500,05-08-2018 08:30,"","","","","",""
2057,NIRA RIVER AT U/S OF JUBILANT ORGANOSIS NIRA(DATTAGHAT) BARAMATI PUNE,CPCB,27,Maharashtra,494,Satara,SATARA,-,-,-,-,-,-,-,-,18.09775600,74.21367500,06-09-2018 08:30,"","","","","",""
2058,NIRA RIVER AT U/S OF JUBILANT ORGANOSIS NIRA(DATTAGHAT) BARAMATI PUNE,CPCB,27,Maharashtra,494,Satara,SATARA,-,-,-,-,-,-,-,-,18.09775600,74.21367500,02-10-2018 08:30,"","","","","",""
2059,NIRA RIVER AT U/S OF JUBILANT ORGANOSIS NIRA(DATTAGHAT) BARAMATI PUNE,CPCB,27,Maharashtra,494,Satara,SATARA,-,-,-,-,-,-,-,-,18.09775600,74.21367500,04-11-2018 08:30,"","","","","",""
2060,NIRA RIVER AT U/S OF JUBILANT ORGANOSIS NIRA(DATTAGHAT) BARAMATI PUNE,CPCB,27,Maharashtra,494,Satara,SATARA,-,-,-,-,-,-,-,-,18.09775600,74.21367500,04-12-2018 08:30,"","","","","",""
2061,NIRA RIVER AT U/S OF JUBILANT ORGANOSIS NIRA(DATTAGHAT) BARAMATI PUNE,CPCB,27,Maharashtra,494,Satara,SATARA,-,-,-,-,-,-,-,-,18.09775600,74.21367500,02-01-2019 08:30,"","","","","",""
2062,NIRA RIVER AT U/S OF JUBILANT ORGANOSIS NIRA(DATTAGHAT) BARAMATI PUNE,CPCB,27,Maharashtra,494,Satara,SATARA,-,-,-,-,-,-,-,-,18.09775600,74.21367500,06-02-2019 08:30,"","","","","",""
2063,NIRA RIVER AT U/S OF JUBILANT ORGANOSIS NIRA(DATTAGHAT) BARAMATI PUNE,CPCB,27,Maharashtra,494,Satara,SATARA,-,-,-,-,-,-,-,-,18.09775600,74.21367500,04-03-2019 08:30,"","","","","",""
2064,NIRA RIVER AT U/S OF JUBILANT ORGANOSIS NIRA(DATTAGHAT) BARAMATI PUNE,CPCB,27,Maharashtra,494,Satara,SATARA,-,-,-,-,-,-,-,-,18.09775600,74.21367500,02-04-2019 08:30,"","","","","",""
2065,NIRA RIVER AT U/S OF JUBILANT ORGANOSIS NIRA(DATTAGHAT) BARAMATI PUNE,CPCB,27,Maharashtra,494,Satara,SATARA,-,-,-,-,-,-,-,-,18.09775600,74.21367500,03-05-2019 08:30,"","","","","",""
2066,NIRA RIVER AT U/S OF JUBILANT ORGANOSIS NIRA(DATTAGHAT) BARAMATI PUNE,CPCB,27,Maharashtra,494,Satara,SATARA,-,-,-,-,-,-,-,-,18.09775600,74.21367500,09-06-2019 08:30,"","","","","",""
2067,NIRA RIVER AT U/S OF JUBILANT ORGANOSIS NIRA(DATTAGHAT) BARAMATI PUNE,CPCB,27,Maharashtra,494,Satara,SATARA,-,-,-,-,-,-,-,-,18.09775600,74.21367500,07-07-2019 08:30,"","","","","",""
2068,NIRA RIVER AT U/S OF JUBILANT ORGANOSIS NIRA(DATTAGHAT) BARAMATI PUNE,CPCB,27,Maharashtra,494,Satara,SATARA,-,-,-,-,-,-,-,-,18.09775600,74.21367500,04-08-2019 08:30,"","","","","",""
2069,NIRA RIVER AT U/S OF JUBILANT ORGANOSIS NIRA(DATTAGHAT) BARAMATI PUNE,CPCB,27,Maharashtra,494,Satara,SATARA,-,-,-,-,-,-,-,-,18.09775600,74.21367500,04-09-2019 08:30,"","","","","",""
2070,NIRA RIVER AT U/S OF JUBILANT ORGANOSIS NIRA(DATTAGHAT) BARAMATI PUNE,CPCB,27,Maharashtra,494,Satara,SATARA,-,-,-,-,-,-,-,-,18.09775600,74.21367500,05-10-2019 08:30,"","","","","",""
2071,NIRA RIVER AT U/S OF JUBILANT ORGANOSIS NIRA(DATTAGHAT) BARAMATI PUNE,CPCB,27,Maharashtra,494,Satara,SATARA,-,-,-,-,-,-,-,-,18.09775600,74.21367500,03-11-2019 08:30,"","","","","",""
2072,NIRA RIVER AT U/S OF JUBILANT ORGANOSIS NIRA(DATTAGHAT) BARAMATI PUNE,CPCB,27,Maharashtra,494,Satara,SATARA,-,-,-,-,-,-,-,-,18.09775600,74.21367500,05-12-2019 08:30,"","","","","",""
2073,PANCHAGANGA AT ICHALKARANJI SHIRADWADHATKANANGALEKOHLAPUR,CPCB,27,Maharashtra,480,Kolhapur,HATKANANGALE,-,-,-,-,-,-,-,-,16.74615500,74.44571600,08-01-2018 08:30,"","","","","",""
2074,PANCHAGANGA AT ICHALKARANJI SHIRADWADHATKANANGALEKOHLAPUR,CPCB,27,Maharashtra,480,Kolhapur,HATKANANGALE,-,-,-,-,-,-,-,-,16.74615500,74.44571600,08-02-2018 08:30,"","","","","",""
2075,PANCHAGANGA AT ICHALKARANJI SHIRADWADHATKANANGALEKOHLAPUR,CPCB,27,Maharashtra,480,Kolhapur,HATKANANGALE,-,-,-,-,-,-,-,-,16.74615500,74.44571600,05-03-2018 08:30,"","","","","",""
2076,PANCHAGANGA AT ICHALKARANJI SHIRADWADHATKANANGALEKOHLAPUR,CPCB,27,Maharashtra,480,Kolhapur,HATKANANGALE,-,-,-,-,-,-,-,-,16.74615500,74.44571600,02-04-2018 08:30,"","","","","",""
2077,PANCHAGANGA AT ICHALKARANJI SHIRADWADHATKANANGALEKOHLAPUR,CPCB,27,Maharashtra,480,Kolhapur,HATKANANGALE,-,-,-,-,-,-,-,-,16.74615500,74.44571600,07-05-2018 08:30,"","","","","",""
2078,PANCHAGANGA AT ICHALKARANJI SHIRADWADHATKANANGALEKOHLAPUR,CPCB,27,Maharashtra,480,Kolhapur,HATKANANGALE,-,-,-,-,-,-,-,-,16.74615500,74.44571600,07-06-2018 08:30,"","","","","",""
2079,PANCHAGANGA AT ICHALKARANJI SHIRADWADHATKANANGALEKOHLAPUR,CPCB,27,Maharashtra,480,Kolhapur,HATKANANGALE,-,-,-,-,-,-,-,-,16.74615500,74.44571600,09-07-2018 08:30,"","","","","",""
2080,PANCHAGANGA AT ICHALKARANJI SHIRADWADHATKANANGALEKOHLAPUR,CPCB,27,Maharashtra,480,Kolhapur,HATKANANGALE,-,-,-,-,-,-,-,-,16.74615500,74.44571600,06-08-2018 08:30,"","","","","",""
2081,PANCHAGANGA AT ICHALKARANJI SHIRADWADHATKANANGALEKOHLAPUR,CPCB,27,Maharashtra,480,Kolhapur,HATKANANGALE,-,-,-,-,-,-,-,-,16.74615500,74.44571600,04-09-2018 08:30,"","","","","",""
2082,PANCHAGANGA AT ICHALKARANJI SHIRADWADHATKANANGALEKOHLAPUR,CPCB,27,Maharashtra,480,Kolhapur,HATKANANGALE,-,-,-,-,-,-,-,-,16.74615500,74.44571600,01-10-2018 08:30,"","","","","",""
2083,PANCHAGANGA AT ICHALKARANJI SHIRADWADHATKANANGALEKOHLAPUR,CPCB,27,Maharashtra,480,Kolhapur,HATKANANGALE,-,-,-,-,-,-,-,-,16.74615500,74.44571600,04-11-2018 08:30,"","","","","",""
2084,PANCHAGANGA AT ICHALKARANJI SHIRADWADHATKANANGALEKOHLAPUR,CPCB,27,Maharashtra,480,Kolhapur,HATKANANGALE,-,-,-,-,-,-,-,-,16.74615500,74.44571600,06-12-2018 08:30,"","","","","",""
2085,PANCHAGANGA AT ICHALKARANJI SHIRADWADHATKANANGALEKOHLAPUR,CPCB,27,Maharashtra,480,Kolhapur,HATKANANGALE,-,-,-,-,-,-,-,-,16.74615500,74.44571600,03-01-2019 08:30,"","","","","",""
2086,PANCHAGANGA AT ICHALKARANJI SHIRADWADHATKANANGALEKOHLAPUR,CPCB,27,Maharashtra,480,Kolhapur,HATKANANGALE,-,-,-,-,-,-,-,-,16.74615500,74.44571600,04-02-2019 08:30,"","","","","",""
2087,PANCHAGANGA AT ICHALKARANJI SHIRADWADHATKANANGALEKOHLAPUR,CPCB,27,Maharashtra,480,Kolhapur,HATKANANGALE,-,-,-,-,-,-,-,-,16.74615500,74.44571600,06-03-2019 08:30,"","","","","",""
2088,PANCHAGANGA AT ICHALKARANJI SHIRADWADHATKANANGALEKOHLAPUR,CPCB,27,Maharashtra,480,Kolhapur,HATKANANGALE,-,-,-,-,-,-,-,-,16.74615500,74.44571600,01-04-2019 08:30,"","","","","",""
2089,PANCHAGANGA AT ICHALKARANJI SHIRADWADHATKANANGALEKOHLAPUR,CPCB,27,Maharashtra,480,Kolhapur,HATKANANGALE,-,-,-,-,-,-,-,-,16.74615500,74.44571600,06-05-2019 08:30,"","","","","",""
2090,PANCHAGANGA AT ICHALKARANJI SHIRADWADHATKANANGALEKOHLAPUR,CPCB,27,Maharashtra,480,Kolhapur,HATKANANGALE,-,-,-,-,-,-,-,-,16.74615500,74.44571600,10-06-2019 08:30,"","","","","",""
2091,PANCHAGANGA AT ICHALKARANJI SHIRADWADHATKANANGALEKOHLAPUR,CPCB,27,Maharashtra,480,Kolhapur,HATKANANGALE,-,-,-,-,-,-,-,-,16.74615500,74.44571600,08-07-2019 08:30,"","","","","",""
2092,PANCHAGANGA AT ICHALKARANJI SHIRADWADHATKANANGALEKOHLAPUR,CPCB,27,Maharashtra,480,Kolhapur,HATKANANGALE,-,-,-,-,-,-,-,-,16.74615500,74.44571600,19-08-2019 08:30,"","","","","",""
2093,PANCHAGANGA AT ICHALKARANJI SHIRADWADHATKANANGALEKOHLAPUR,CPCB,27,Maharashtra,480,Kolhapur,HATKANANGALE,-,-,-,-,-,-,-,-,16.74615500,74.44571600,03-09-2019 08:30,"","","","","",""
2094,PANCHAGANGA AT ICHALKARANJI SHIRADWADHATKANANGALEKOHLAPUR,CPCB,27,Maharashtra,480,Kolhapur,HATKANANGALE,-,-,-,-,-,-,-,-,16.74615500,74.44571600,07-10-2019 08:30,"","","","","",""
2095,PANCHAGANGA AT ICHALKARANJI SHIRADWADHATKANANGALEKOHLAPUR,CPCB,27,Maharashtra,480,Kolhapur,HATKANANGALE,-,-,-,-,-,-,-,-,16.74615500,74.44571600,04-11-2019 08:30,"","","","","",""
2096,PANCHAGANGA AT ICHALKARANJI SHIRADWADHATKANANGALEKOHLAPUR,CPCB,27,Maharashtra,480,Kolhapur,HATKANANGALE,-,-,-,-,-,-,-,-,16.74615500,74.44571600,02-12-2019 08:30,"","","","","",""
2097,PANCHAGANGA D/S OF KOLHAPUR TOWN UCHEGAON KOLHAPUR,CPCB,27,Maharashtra,480,Kolhapur,KARVIR,-,-,-,-,-,-,-,-,16.69547700,74.27499800,08-01-2018 08:30,"","","","","",""
2098,PANCHAGANGA D/S OF KOLHAPUR TOWN UCHEGAON KOLHAPUR,CPCB,27,Maharashtra,480,Kolhapur,KARVIR,-,-,-,-,-,-,-,-,16.69547700,74.27499800,08-02-2018 08:30,"","","","","",""
2099,PANCHAGANGA D/S OF KOLHAPUR TOWN UCHEGAON KOLHAPUR,CPCB,27,Maharashtra,480,Kolhapur,KARVIR,-,-,-,-,-,-,-,-,16.69547700,74.27499800,05-03-2018 08:30,"","","","","",""
2100,PANCHAGANGA D/S OF KOLHAPUR TOWN UCHEGAON KOLHAPUR,CPCB,27,Maharashtra,480,Kolhapur,KARVIR,-,-,-,-,-,-,-,-,16.69547700,74.27499800,02-04-2018 08:30,"","","","","",""
2101,PANCHAGANGA D/S OF KOLHAPUR TOWN UCHEGAON KOLHAPUR,CPCB,27,Maharashtra,480,Kolhapur,KARVIR,-,-,-,-,-,-,-,-,16.69547700,74.27499800,07-05-2018 08:30,"","","","","",""
2102,PANCHAGANGA D/S OF KOLHAPUR TOWN UCHEGAON KOLHAPUR,CPCB,27,Maharashtra,480,Kolhapur,KARVIR,-,-,-,-,-,-,-,-,16.69547700,74.27499800,07-06-2018 08:30,"","","","","",""
2103,PANCHAGANGA D/S OF KOLHAPUR TOWN UCHEGAON KOLHAPUR,CPCB,27,Maharashtra,480,Kolhapur,KARVIR,-,-,-,-,-,-,-,-,16.69547700,74.27499800,09-07-2018 08:30,"","","","","",""
2104,PANCHAGANGA D/S OF KOLHAPUR TOWN UCHEGAON KOLHAPUR,CPCB,27,Maharashtra,480,Kolhapur,KARVIR,-,-,-,-,-,-,-,-,16.69547700,74.27499800,06-08-2018 08:30,"","","","","",""
2105,PANCHAGANGA D/S OF KOLHAPUR TOWN UCHEGAON KOLHAPUR,CPCB,27,Maharashtra,480,Kolhapur,KARVIR,-,-,-,-,-,-,-,-,16.69547700,74.27499800,04-09-2018 08:30,"","","","","",""
2106,PANCHAGANGA D/S OF KOLHAPUR TOWN UCHEGAON KOLHAPUR,CPCB,27,Maharashtra,480,Kolhapur,KARVIR,-,-,-,-,-,-,-,-,16.69547700,74.27499800,01-10-2018 08:30,"","","","","",""
2107,PANCHAGANGA D/S OF KOLHAPUR TOWN UCHEGAON KOLHAPUR,CPCB,27,Maharashtra,480,Kolhapur,KARVIR,-,-,-,-,-,-,-,-,16.69547700,74.27499800,04-11-2018 08:30,"","","","","",""
2108,PANCHAGANGA D/S OF KOLHAPUR TOWN UCHEGAON KOLHAPUR,CPCB,27,Maharashtra,480,Kolhapur,KARVIR,-,-,-,-,-,-,-,-,16.69547700,74.27499800,06-12-2018 08:30,"","","","","",""
2109,PANCHAGANGA D/S OF KOLHAPUR TOWN UCHEGAON KOLHAPUR,CPCB,27,Maharashtra,480,Kolhapur,KARVIR,-,-,-,-,-,-,-,-,16.69547700,74.27499800,03-01-2019 08:30,"","","","","",""
2110,PANCHAGANGA D/S OF KOLHAPUR TOWN UCHEGAON KOLHAPUR,CPCB,27,Maharashtra,480,Kolhapur,KARVIR,-,-,-,-,-,-,-,-,16.69547700,74.27499800,04-02-2019 08:30,"","","","","",""
2111,PANCHAGANGA D/S OF KOLHAPUR TOWN UCHEGAON KOLHAPUR,CPCB,27,Maharashtra,480,Kolhapur,KARVIR,-,-,-,-,-,-,-,-,16.69547700,74.27499800,06-03-2019 08:30,"","","","","",""
2112,PANCHAGANGA D/S OF KOLHAPUR TOWN UCHEGAON KOLHAPUR,CPCB,27,Maharashtra,480,Kolhapur,KARVIR,-,-,-,-,-,-,-,-,16.69547700,74.27499800,01-04-2019 08:30,"","","","","",""
2113,PANCHAGANGA D/S OF KOLHAPUR TOWN UCHEGAON KOLHAPUR,CPCB,27,Maharashtra,480,Kolhapur,KARVIR,-,-,-,-,-,-,-,-,16.69547700,74.27499800,06-05-2019 08:30,"","","","","",""
2114,PANCHAGANGA D/S OF KOLHAPUR TOWN UCHEGAON KOLHAPUR,CPCB,27,Maharashtra,480,Kolhapur,KARVIR,-,-,-,-,-,-,-,-,16.69547700,74.27499800,10-06-2019 08:30,"","","","","",""
2115,PANCHAGANGA D/S OF KOLHAPUR TOWN UCHEGAON KOLHAPUR,CPCB,27,Maharashtra,480,Kolhapur,KARVIR,-,-,-,-,-,-,-,-,16.69547700,74.27499800,08-07-2019 08:30,"","","","","",""
2116,PANCHAGANGA D/S OF KOLHAPUR TOWN UCHEGAON KOLHAPUR,CPCB,27,Maharashtra,480,Kolhapur,KARVIR,-,-,-,-,-,-,-,-,16.69547700,74.27499800,19-08-2019 08:30,"","","","","",""
2117,PANCHAGANGA D/S OF KOLHAPUR TOWN UCHEGAON KOLHAPUR,CPCB,27,Maharashtra,480,Kolhapur,KARVIR,-,-,-,-,-,-,-,-,16.69547700,74.27499800,03-09-2019 08:30,"","","","","",""
2118,PANCHAGANGA D/S OF KOLHAPUR TOWN UCHEGAON KOLHAPUR,CPCB,27,Maharashtra,480,Kolhapur,KARVIR,-,-,-,-,-,-,-,-,16.69547700,74.27499800,07-10-2019 08:30,"","","","","",""
2119,PANCHAGANGA D/S OF KOLHAPUR TOWN UCHEGAON KOLHAPUR,CPCB,27,Maharashtra,480,Kolhapur,KARVIR,-,-,-,-,-,-,-,-,16.69547700,74.27499800,04-11-2019 08:30,"","","","","",""
2120,PANCHAGANGA D/S OF KOLHAPUR TOWN UCHEGAON KOLHAPUR,CPCB,27,Maharashtra,480,Kolhapur,KARVIR,-,-,-,-,-,-,-,-,16.69547700,74.27499800,02-12-2019 08:30,"","","","","",""
2121,PANCHAGANGA RIVER AT SHIROL NEAR SHIROL INTAKE WELL KOLHAPUR,CPCB,27,Maharashtra,480,Kolhapur,SHIROL,-,-,-,-,-,-,-,-,16.72149200,74.59481900,08-01-2018 08:30,"","","","","",""
2122,PANCHAGANGA RIVER AT SHIROL NEAR SHIROL INTAKE WELL KOLHAPUR,CPCB,27,Maharashtra,480,Kolhapur,SHIROL,-,-,-,-,-,-,-,-,16.72149200,74.59481900,08-02-2018 08:30,"","","","","",""
2123,PANCHAGANGA RIVER AT SHIROL NEAR SHIROL INTAKE WELL KOLHAPUR,CPCB,27,Maharashtra,480,Kolhapur,SHIROL,-,-,-,-,-,-,-,-,16.72149200,74.59481900,05-03-2018 08:30,"","","","","",""
2124,PANCHAGANGA RIVER AT SHIROL NEAR SHIROL INTAKE WELL KOLHAPUR,CPCB,27,Maharashtra,480,Kolhapur,SHIROL,-,-,-,-,-,-,-,-,16.72149200,74.59481900,02-04-2018 08:30,"","","","","",""
2125,PANCHAGANGA RIVER AT SHIROL NEAR SHIROL INTAKE WELL KOLHAPUR,CPCB,27,Maharashtra,480,Kolhapur,SHIROL,-,-,-,-,-,-,-,-,16.72149200,74.59481900,07-05-2018 08:30,"","","","","",""
2126,PANCHAGANGA RIVER AT SHIROL NEAR SHIROL INTAKE WELL KOLHAPUR,CPCB,27,Maharashtra,480,Kolhapur,SHIROL,-,-,-,-,-,-,-,-,16.72149200,74.59481900,07-06-2018 08:30,"","","","","",""
2127,PANCHAGANGA RIVER AT SHIROL NEAR SHIROL INTAKE WELL KOLHAPUR,CPCB,27,Maharashtra,480,Kolhapur,SHIROL,-,-,-,-,-,-,-,-,16.72149200,74.59481900,09-07-2018 08:30,"","","","","",""
2128,PANCHAGANGA RIVER AT SHIROL NEAR SHIROL INTAKE WELL KOLHAPUR,CPCB,27,Maharashtra,480,Kolhapur,SHIROL,-,-,-,-,-,-,-,-,16.72149200,74.59481900,06-08-2018 08:30,"","","","","",""
2129,PANCHAGANGA RIVER AT SHIROL NEAR SHIROL INTAKE WELL KOLHAPUR,CPCB,27,Maharashtra,480,Kolhapur,SHIROL,-,-,-,-,-,-,-,-,16.72149200,74.59481900,04-09-2018 08:30,"","","","","",""
2130,PANCHAGANGA RIVER AT SHIROL NEAR SHIROL INTAKE WELL KOLHAPUR,CPCB,27,Maharashtra,480,Kolhapur,SHIROL,-,-,-,-,-,-,-,-,16.72149200,74.59481900,01-10-2018 08:30,"","","","","",""
2131,PANCHAGANGA RIVER AT SHIROL NEAR SHIROL INTAKE WELL KOLHAPUR,CPCB,27,Maharashtra,480,Kolhapur,SHIROL,-,-,-,-,-,-,-,-,16.72149200,74.59481900,04-11-2018 08:30,"","","","","",""
2132,PANCHAGANGA RIVER AT SHIROL NEAR SHIROL INTAKE WELL KOLHAPUR,CPCB,27,Maharashtra,480,Kolhapur,SHIROL,-,-,-,-,-,-,-,-,16.72149200,74.59481900,06-12-2018 08:30,"","","","","",""
2133,PANCHAGANGA RIVER AT SHIROL NEAR SHIROL INTAKE WELL KOLHAPUR,CPCB,27,Maharashtra,480,Kolhapur,SHIROL,-,-,-,-,-,-,-,-,16.72149200,74.59481900,03-01-2019 08:30,"","","","","",""
2134,PANCHAGANGA RIVER AT SHIROL NEAR SHIROL INTAKE WELL KOLHAPUR,CPCB,27,Maharashtra,480,Kolhapur,SHIROL,-,-,-,-,-,-,-,-,16.72149200,74.59481900,04-02-2019 08:30,"","","","","",""
2135,PANCHAGANGA RIVER AT SHIROL NEAR SHIROL INTAKE WELL KOLHAPUR,CPCB,27,Maharashtra,480,Kolhapur,SHIROL,-,-,-,-,-,-,-,-,16.72149200,74.59481900,06-03-2019 08:30,"","","","","",""
2136,PANCHAGANGA RIVER AT SHIROL NEAR SHIROL INTAKE WELL KOLHAPUR,CPCB,27,Maharashtra,480,Kolhapur,SHIROL,-,-,-,-,-,-,-,-,16.72149200,74.59481900,01-04-2019 08:30,"","","","","",""
2137,PANCHAGANGA RIVER AT SHIROL NEAR SHIROL INTAKE WELL KOLHAPUR,CPCB,27,Maharashtra,480,Kolhapur,SHIROL,-,-,-,-,-,-,-,-,16.72149200,74.59481900,06-05-2019 08:30,"","","","","",""
2138,PANCHAGANGA RIVER AT SHIROL NEAR SHIROL INTAKE WELL KOLHAPUR,CPCB,27,Maharashtra,480,Kolhapur,SHIROL,-,-,-,-,-,-,-,-,16.72149200,74.59481900,10-06-2019 08:30,"","","","","",""
2139,PANCHAGANGA RIVER AT SHIROL NEAR SHIROL INTAKE WELL KOLHAPUR,CPCB,27,Maharashtra,480,Kolhapur,SHIROL,-,-,-,-,-,-,-,-,16.72149200,74.59481900,08-07-2019 08:30,"","","","","",""
2140,PANCHAGANGA RIVER AT SHIROL NEAR SHIROL INTAKE WELL KOLHAPUR,CPCB,27,Maharashtra,480,Kolhapur,SHIROL,-,-,-,-,-,-,-,-,16.72149200,74.59481900,19-08-2019 08:30,"","","","","",""
2141,PANCHAGANGA RIVER AT SHIROL NEAR SHIROL INTAKE WELL KOLHAPUR,CPCB,27,Maharashtra,480,Kolhapur,SHIROL,-,-,-,-,-,-,-,-,16.72149200,74.59481900,03-09-2019 08:30,"","","","","",""
2142,PANCHAGANGA RIVER AT SHIROL NEAR SHIROL INTAKE WELL KOLHAPUR,CPCB,27,Maharashtra,480,Kolhapur,SHIROL,-,-,-,-,-,-,-,-,16.72149200,74.59481900,07-10-2019 08:30,"","","","","",""
2143,PANCHAGANGA RIVER AT SHIROL NEAR SHIROL INTAKE WELL KOLHAPUR,CPCB,27,Maharashtra,480,Kolhapur,SHIROL,-,-,-,-,-,-,-,-,16.72149200,74.59481900,04-11-2019 08:30,"","","","","",""
2144,PANCHAGANGA RIVER AT SHIROL NEAR SHIROL INTAKE WELL KOLHAPUR,CPCB,27,Maharashtra,480,Kolhapur,SHIROL,-,-,-,-,-,-,-,-,16.72149200,74.59481900,02-12-2019 08:30,"","","","","",""
2145,PANCHAGANGA U/S OF KOLHAPUR TOWN BALINGA KARVIR KOLHAPUR,CPCB,27,Maharashtra,480,Kolhapur,KARVIR,-,-,-,-,-,-,-,-,16.68846700,74.16946200,08-01-2018 08:30,"","","","","",""
2146,PANCHAGANGA U/S OF KOLHAPUR TOWN BALINGA KARVIR KOLHAPUR,CPCB,27,Maharashtra,480,Kolhapur,KARVIR,-,-,-,-,-,-,-,-,16.68846700,74.16946200,08-02-2018 08:30,"","","","","",""
2147,PANCHAGANGA U/S OF KOLHAPUR TOWN BALINGA KARVIR KOLHAPUR,CPCB,27,Maharashtra,480,Kolhapur,KARVIR,-,-,-,-,-,-,-,-,16.68846700,74.16946200,05-03-2018 08:30,"","","","","",""
2148,PANCHAGANGA U/S OF KOLHAPUR TOWN BALINGA KARVIR KOLHAPUR,CPCB,27,Maharashtra,480,Kolhapur,KARVIR,-,-,-,-,-,-,-,-,16.68846700,74.16946200,02-04-2018 08:30,"","","","","",""
2149,PANCHAGANGA U/S OF KOLHAPUR TOWN BALINGA KARVIR KOLHAPUR,CPCB,27,Maharashtra,480,Kolhapur,KARVIR,-,-,-,-,-,-,-,-,16.68846700,74.16946200,07-05-2018 08:30,"","","","","",""
2150,PANCHAGANGA U/S OF KOLHAPUR TOWN BALINGA KARVIR KOLHAPUR,CPCB,27,Maharashtra,480,Kolhapur,KARVIR,-,-,-,-,-,-,-,-,16.68846700,74.16946200,07-06-2018 08:30,"","","","","",""
2151,PANCHAGANGA U/S OF KOLHAPUR TOWN BALINGA KARVIR KOLHAPUR,CPCB,27,Maharashtra,480,Kolhapur,KARVIR,-,-,-,-,-,-,-,-,16.68846700,74.16946200,09-07-2018 08:30,"","","","","",""
2152,PANCHAGANGA U/S OF KOLHAPUR TOWN BALINGA KARVIR KOLHAPUR,CPCB,27,Maharashtra,480,Kolhapur,KARVIR,-,-,-,-,-,-,-,-,16.68846700,74.16946200,06-08-2018 08:30,"","","","","",""
2153,PANCHAGANGA U/S OF KOLHAPUR TOWN BALINGA KARVIR KOLHAPUR,CPCB,27,Maharashtra,480,Kolhapur,KARVIR,-,-,-,-,-,-,-,-,16.68846700,74.16946200,04-09-2018 08:30,"","","","","",""
2154,PANCHAGANGA U/S OF KOLHAPUR TOWN BALINGA KARVIR KOLHAPUR,CPCB,27,Maharashtra,480,Kolhapur,KARVIR,-,-,-,-,-,-,-,-,16.68846700,74.16946200,01-10-2018 08:30,"","","","","",""
2155,PANCHAGANGA U/S OF KOLHAPUR TOWN BALINGA KARVIR KOLHAPUR,CPCB,27,Maharashtra,480,Kolhapur,KARVIR,-,-,-,-,-,-,-,-,16.68846700,74.16946200,04-11-2018 08:30,"","","","","",""
2156,PANCHAGANGA U/S OF KOLHAPUR TOWN BALINGA KARVIR KOLHAPUR,CPCB,27,Maharashtra,480,Kolhapur,KARVIR,-,-,-,-,-,-,-,-,16.68846700,74.16946200,06-12-2018 08:30,"","","","","",""
2157,PANCHAGANGA U/S OF KOLHAPUR TOWN BALINGA KARVIR KOLHAPUR,CPCB,27,Maharashtra,480,Kolhapur,KARVIR,-,-,-,-,-,-,-,-,16.68846700,74.16946200,03-01-2019 08:30,"","","","","",""
2158,PANCHAGANGA U/S OF KOLHAPUR TOWN BALINGA KARVIR KOLHAPUR,CPCB,27,Maharashtra,480,Kolhapur,KARVIR,-,-,-,-,-,-,-,-,16.68846700,74.16946200,04-02-2019 08:30,"","","","","",""
2159,PANCHAGANGA U/S OF KOLHAPUR TOWN BALINGA KARVIR KOLHAPUR,CPCB,27,Maharashtra,480,Kolhapur,KARVIR,-,-,-,-,-,-,-,-,16.68846700,74.16946200,06-03-2019 08:30,"","","","","",""
2160,PANCHAGANGA U/S OF KOLHAPUR TOWN BALINGA KARVIR KOLHAPUR,CPCB,27,Maharashtra,480,Kolhapur,KARVIR,-,-,-,-,-,-,-,-,16.68846700,74.16946200,01-04-2019 08:30,"","","","","",""
2161,PANCHAGANGA U/S OF KOLHAPUR TOWN BALINGA KARVIR KOLHAPUR,CPCB,27,Maharashtra,480,Kolhapur,KARVIR,-,-,-,-,-,-,-,-,16.68846700,74.16946200,06-05-2019 08:30,"","","","","",""
2162,PANCHAGANGA U/S OF KOLHAPUR TOWN BALINGA KARVIR KOLHAPUR,CPCB,27,Maharashtra,480,Kolhapur,KARVIR,-,-,-,-,-,-,-,-,16.68846700,74.16946200,10-06-2019 08:30,"","","","","",""
2163,PANCHAGANGA U/S OF KOLHAPUR TOWN BALINGA KARVIR KOLHAPUR,CPCB,27,Maharashtra,480,Kolhapur,KARVIR,-,-,-,-,-,-,-,-,16.68846700,74.16946200,08-07-2019 08:30,"","","","","",""
2164,PANCHAGANGA U/S OF KOLHAPUR TOWN BALINGA KARVIR KOLHAPUR,CPCB,27,Maharashtra,480,Kolhapur,KARVIR,-,-,-,-,-,-,-,-,16.68846700,74.16946200,19-08-2019 08:30,"","","","","",""
2165,PANCHAGANGA U/S OF KOLHAPUR TOWN BALINGA KARVIR KOLHAPUR,CPCB,27,Maharashtra,480,Kolhapur,KARVIR,-,-,-,-,-,-,-,-,16.68846700,74.16946200,03-09-2019 08:30,"","","","","",""
2166,PANCHAGANGA U/S OF KOLHAPUR TOWN BALINGA KARVIR KOLHAPUR,CPCB,27,Maharashtra,480,Kolhapur,KARVIR,-,-,-,-,-,-,-,-,16.68846700,74.16946200,07-10-2019 08:30,"","","","","",""
2167,PANCHAGANGA U/S OF KOLHAPUR TOWN BALINGA KARVIR KOLHAPUR,CPCB,27,Maharashtra,480,Kolhapur,KARVIR,-,-,-,-,-,-,-,-,16.68846700,74.16946200,04-11-2019 08:30,"","","","","",""
2168,PANCHAGANGA U/S OF KOLHAPUR TOWN BALINGA KARVIR KOLHAPUR,CPCB,27,Maharashtra,480,Kolhapur,KARVIR,-,-,-,-,-,-,-,-,16.68846700,74.16946200,02-12-2019 08:30,"","","","","",""
2169,PANZARA RIVER NEAR PANZARAKAN SSK LTD PANZARA DHULE,CPCB,27,Maharashtra,478,Jalgaon,JALGAON,-,-,-,-,-,-,-,-,21.11316000,74.88521300,04-03-2018 08:30,"","","","","",""
2170,PANZARA RIVER NEAR PANZARAKAN SSK LTD PANZARA DHULE,CPCB,27,Maharashtra,478,Jalgaon,JALGAON,-,-,-,-,-,-,-,-,21.11316000,74.88521300,03-07-2018 08:30,"","","","","",""
2171,PANZARA RIVER NEAR PANZARAKAN SSK LTD PANZARA DHULE,CPCB,27,Maharashtra,478,Jalgaon,JALGAON,-,-,-,-,-,-,-,-,21.11316000,74.88521300,02-08-2018 08:30,"","","","","",""
2172,PANZARA RIVER NEAR PANZARAKAN SSK LTD PANZARA DHULE,CPCB,27,Maharashtra,478,Jalgaon,JALGAON,-,-,-,-,-,-,-,-,21.11316000,74.88521300,02-09-2018 08:30,"","","","","",""
2173,PANZARA RIVER NEAR PANZARAKAN SSK LTD PANZARA DHULE,CPCB,27,Maharashtra,478,Jalgaon,JALGAON,-,-,-,-,-,-,-,-,21.11316000,74.88521300,04-10-2018 08:30,"","","","","",""
2174,PANZARA RIVER NEAR PANZARAKAN SSK LTD PANZARA DHULE,CPCB,27,Maharashtra,478,Jalgaon,JALGAON,-,-,-,-,-,-,-,-,21.11316000,74.88521300,04-12-2018 08:30,"","","","","",""
2175,PANZARA RIVER NEAR PANZARAKAN SSK LTD PANZARA DHULE,CPCB,27,Maharashtra,478,Jalgaon,JALGAON,-,-,-,-,-,-,-,-,21.11316000,74.88521300,01-02-2019 08:30,"","","","","",""
2176,PANZARA RIVER NEAR PANZARAKAN SSK LTD PANZARA DHULE,CPCB,27,Maharashtra,478,Jalgaon,JALGAON,-,-,-,-,-,-,-,-,21.11316000,74.88521300,04-03-2019 08:30,"","","","","",""
2177,PANZARA RIVER NEAR PANZARAKAN SSK LTD PANZARA DHULE,CPCB,27,Maharashtra,478,Jalgaon,JALGAON,-,-,-,-,-,-,-,-,21.11316000,74.88521300,01-04-2019 08:30,"","","","","",""
2178,PANZARA RIVER NEAR PANZARAKAN SSK LTD PANZARA DHULE,CPCB,27,Maharashtra,478,Jalgaon,JALGAON,-,-,-,-,-,-,-,-,21.11316000,74.88521300,02-08-2019 08:30,"","","","","",""
2179,PANZARA RIVER NEAR PANZARAKAN SSK LTD PANZARA DHULE,CPCB,27,Maharashtra,478,Jalgaon,JALGAON,-,-,-,-,-,-,-,-,21.11316000,74.88521300,04-09-2019 08:30,"","","","","",""
2180,PANZARA RIVER NEAR PANZARAKAN SSK LTD PANZARA DHULE,CPCB,27,Maharashtra,478,Jalgaon,JALGAON,-,-,-,-,-,-,-,-,21.11316000,74.88521300,03-10-2019 08:30,"","","","","",""
2181,PANZARA RIVER NEAR PANZARAKAN SSK LTD PANZARA DHULE,CPCB,27,Maharashtra,478,Jalgaon,JALGAON,-,-,-,-,-,-,-,-,21.11316000,74.88521300,04-11-2019 08:30,"","","","","",""
2182,PANZARA RIVER NEAR PANZARAKAN SSK LTD PANZARA DHULE,CPCB,27,Maharashtra,478,Jalgaon,JALGAON,-,-,-,-,-,-,-,-,21.11316000,74.88521300,04-12-2019 08:30,"","","","","",""
2183,PARATWADA ACHALPUR AMRAVATI,CPCB,27,Maharashtra,468,Amravati,CHANDURBAZAR,-,-,-,-,-,-,-,-,21.23797800,77.74011900,04-04-2018 08:30,960,"","","","",""
2184,PARATWADA ACHALPUR AMRAVATI,CPCB,27,Maharashtra,468,Amravati,CHANDURBAZAR,-,-,-,-,-,-,-,-,21.23797800,77.74011900,02-04-2019 08:30,257,"","","","",""
2185,PARVATI INDL. ESTATE YADRAV SHIROL KOLHAPUR,CPCB,27,Maharashtra,480,Kolhapur,SHIROL,-,-,-,-,-,-,-,-,16.74804200,74.59088600,02-04-2018 08:30,2623,Colorless,"","","",""
2186,PARVATI INDL. ESTATE YADRAV SHIROL KOLHAPUR,CPCB,27,Maharashtra,480,Kolhapur,SHIROL,-,-,-,-,-,-,-,-,16.74804200,74.59088600,02-10-2018 08:30,1680,"","","","",""
2187,PARVATI INDL. ESTATE YADRAV SHIROL KOLHAPUR,CPCB,27,Maharashtra,480,Kolhapur,SHIROL,-,-,-,-,-,-,-,-,16.74804200,74.59088600,09-04-2019 08:30,59220,"","",1.1,"",""
2188,PARVATI INDL. ESTATE YADRAV SHIROL KOLHAPUR,CPCB,27,Maharashtra,480,Kolhapur,SHIROL,-,-,-,-,-,-,-,-,16.74804200,74.59088600,03-10-2019 08:30,2686,"","",1.4,"",""
2189,PAWANA RIVER AT CHINCHWADGAON HAWELI PUNE,CPCB,27,Maharashtra,490,Pune,HAVELI,-,-,-,-,-,-,-,-,18.64118400,73.79273100,04-01-2018 08:30,"","","","","",""
2190,PAWANA RIVER AT CHINCHWADGAON HAWELI PUNE,CPCB,27,Maharashtra,490,Pune,HAVELI,-,-,-,-,-,-,-,-,18.64118400,73.79273100,02-02-2018 08:30,"","","","","",""
2191,PAWANA RIVER AT CHINCHWADGAON HAWELI PUNE,CPCB,27,Maharashtra,490,Pune,HAVELI,-,-,-,-,-,-,-,-,18.64118400,73.79273100,03-03-2018 08:30,"","","","","",""
2192,PAWANA RIVER AT CHINCHWADGAON HAWELI PUNE,CPCB,27,Maharashtra,490,Pune,HAVELI,-,-,-,-,-,-,-,-,18.64118400,73.79273100,05-04-2018 08:30,"","","","","",""
2193,PAWANA RIVER AT CHINCHWADGAON HAWELI PUNE,CPCB,27,Maharashtra,490,Pune,HAVELI,-,-,-,-,-,-,-,-,18.64118400,73.79273100,04-05-2018 08:30,"","","","","",""
2194,PAWANA RIVER AT CHINCHWADGAON HAWELI PUNE,CPCB,27,Maharashtra,490,Pune,HAVELI,-,-,-,-,-,-,-,-,18.64118400,73.79273100,07-06-2018 08:30,"","","","","",""
2195,PAWANA RIVER AT CHINCHWADGAON HAWELI PUNE,CPCB,27,Maharashtra,490,Pune,HAVELI,-,-,-,-,-,-,-,-,18.64118400,73.79273100,05-07-2018 08:30,"","","","","",""
2196,PAWANA RIVER AT CHINCHWADGAON HAWELI PUNE,CPCB,27,Maharashtra,490,Pune,HAVELI,-,-,-,-,-,-,-,-,18.64118400,73.79273100,09-08-2018 08:30,"","","","","",""
2197,PAWANA RIVER AT CHINCHWADGAON HAWELI PUNE,CPCB,27,Maharashtra,490,Pune,HAVELI,-,-,-,-,-,-,-,-,18.64118400,73.79273100,06-09-2018 08:30,"","","","","",""
2198,PAWANA RIVER AT CHINCHWADGAON HAWELI PUNE,CPCB,27,Maharashtra,490,Pune,HAVELI,-,-,-,-,-,-,-,-,18.64118400,73.79273100,06-10-2018 08:30,"","","","","",""
2199,PAWANA RIVER AT CHINCHWADGAON HAWELI PUNE,CPCB,27,Maharashtra,490,Pune,HAVELI,-,-,-,-,-,-,-,-,18.64118400,73.79273100,02-11-2018 08:30,"","","","","",""
2200,PAWANA RIVER AT CHINCHWADGAON HAWELI PUNE,CPCB,27,Maharashtra,490,Pune,HAVELI,-,-,-,-,-,-,-,-,18.64118400,73.79273100,06-12-2018 08:30,"","","","","",""
2201,PAWANA RIVER AT CHINCHWADGAON HAWELI PUNE,CPCB,27,Maharashtra,490,Pune,HAVELI,-,-,-,-,-,-,-,-,18.64118400,73.79273100,03-01-2019 08:30,"","","","","",""
2202,PAWANA RIVER AT CHINCHWADGAON HAWELI PUNE,CPCB,27,Maharashtra,490,Pune,HAVELI,-,-,-,-,-,-,-,-,18.64118400,73.79273100,05-02-2019 08:30,"","","","","",""
2203,PAWANA RIVER AT CHINCHWADGAON HAWELI PUNE,CPCB,27,Maharashtra,490,Pune,HAVELI,-,-,-,-,-,-,-,-,18.64118400,73.79273100,07-03-2019 08:30,"","","","","",""
2204,PAWANA RIVER AT CHINCHWADGAON HAWELI PUNE,CPCB,27,Maharashtra,490,Pune,HAVELI,-,-,-,-,-,-,-,-,18.64118400,73.79273100,04-04-2019 08:30,"","","","","",""
2205,PAWANA RIVER AT CHINCHWADGAON HAWELI PUNE,CPCB,27,Maharashtra,490,Pune,HAVELI,-,-,-,-,-,-,-,-,18.64118400,73.79273100,04-05-2019 08:30,"","","","","",""
2206,PAWANA RIVER AT CHINCHWADGAON HAWELI PUNE,CPCB,27,Maharashtra,490,Pune,HAVELI,-,-,-,-,-,-,-,-,18.64118400,73.79273100,07-06-2019 08:30,"","","","","",""
2207,PAWANA RIVER AT CHINCHWADGAON HAWELI PUNE,CPCB,27,Maharashtra,490,Pune,HAVELI,-,-,-,-,-,-,-,-,18.64118400,73.79273100,04-07-2019 08:30,"","","","","",""
2208,PAWANA RIVER AT CHINCHWADGAON HAWELI PUNE,CPCB,27,Maharashtra,490,Pune,HAVELI,-,-,-,-,-,-,-,-,18.64118400,73.79273100,05-08-2019 08:30,"","","","","",""
2209,PAWANA RIVER AT CHINCHWADGAON HAWELI PUNE,CPCB,27,Maharashtra,490,Pune,HAVELI,-,-,-,-,-,-,-,-,18.64118400,73.79273100,05-09-2019 08:30,"","","","","",""
2210,PAWANA RIVER AT CHINCHWADGAON HAWELI PUNE,CPCB,27,Maharashtra,490,Pune,HAVELI,-,-,-,-,-,-,-,-,18.64118400,73.79273100,03-10-2019 08:30,"","","","","",""
2211,PAWANA RIVER AT CHINCHWADGAON HAWELI PUNE,CPCB,27,Maharashtra,490,Pune,HAVELI,-,-,-,-,-,-,-,-,18.64118400,73.79273100,07-11-2019 08:30,"","","","","",""
2212,PAWANA RIVER AT CHINCHWADGAON HAWELI PUNE,CPCB,27,Maharashtra,490,Pune,HAVELI,-,-,-,-,-,-,-,-,18.64118400,73.79273100,04-12-2019 08:30,"","","","","",""
2213,PAWANA RIVER AT DAPODI BRIDGE AT PAWANA-MULLA SANGAM DAPODI HAWELI PUNE,CPCB,27,Maharashtra,490,Pune,HAVELI,-,-,-,-,-,-,-,-,18.58277500,73.82615500,02-01-2018 08:30,"","","","","",""
2214,PAWANA RIVER AT DAPODI BRIDGE AT PAWANA-MULLA SANGAM DAPODI HAWELI PUNE,CPCB,27,Maharashtra,490,Pune,HAVELI,-,-,-,-,-,-,-,-,18.58277500,73.82615500,02-02-2018 08:30,"","","","","",""
2215,PAWANA RIVER AT DAPODI BRIDGE AT PAWANA-MULLA SANGAM DAPODI HAWELI PUNE,CPCB,27,Maharashtra,490,Pune,HAVELI,-,-,-,-,-,-,-,-,18.58277500,73.82615500,03-03-2018 08:30,"","","","","",""
2216,PAWANA RIVER AT DAPODI BRIDGE AT PAWANA-MULLA SANGAM DAPODI HAWELI PUNE,CPCB,27,Maharashtra,490,Pune,HAVELI,-,-,-,-,-,-,-,-,18.58277500,73.82615500,05-04-2018 08:30,"","","","","",""
2217,PAWANA RIVER AT DAPODI BRIDGE AT PAWANA-MULLA SANGAM DAPODI HAWELI PUNE,CPCB,27,Maharashtra,490,Pune,HAVELI,-,-,-,-,-,-,-,-,18.58277500,73.82615500,04-05-2018 08:30,"","","","","",""
2218,PAWANA RIVER AT DAPODI BRIDGE AT PAWANA-MULLA SANGAM DAPODI HAWELI PUNE,CPCB,27,Maharashtra,490,Pune,HAVELI,-,-,-,-,-,-,-,-,18.58277500,73.82615500,07-06-2018 08:30,"","","","","",""
2219,PAWANA RIVER AT DAPODI BRIDGE AT PAWANA-MULLA SANGAM DAPODI HAWELI PUNE,CPCB,27,Maharashtra,490,Pune,HAVELI,-,-,-,-,-,-,-,-,18.58277500,73.82615500,05-07-2018 08:30,"","","","","",""
2220,PAWANA RIVER AT DAPODI BRIDGE AT PAWANA-MULLA SANGAM DAPODI HAWELI PUNE,CPCB,27,Maharashtra,490,Pune,HAVELI,-,-,-,-,-,-,-,-,18.58277500,73.82615500,09-08-2018 08:30,"","","","","",""
2221,PAWANA RIVER AT DAPODI BRIDGE AT PAWANA-MULLA SANGAM DAPODI HAWELI PUNE,CPCB,27,Maharashtra,490,Pune,HAVELI,-,-,-,-,-,-,-,-,18.58277500,73.82615500,09-09-2018 08:30,"","","","","",""
2222,PAWANA RIVER AT DAPODI BRIDGE AT PAWANA-MULLA SANGAM DAPODI HAWELI PUNE,CPCB,27,Maharashtra,490,Pune,HAVELI,-,-,-,-,-,-,-,-,18.58277500,73.82615500,06-10-2018 08:30,"","","","","",""
2223,PAWANA RIVER AT DAPODI BRIDGE AT PAWANA-MULLA SANGAM DAPODI HAWELI PUNE,CPCB,27,Maharashtra,490,Pune,HAVELI,-,-,-,-,-,-,-,-,18.58277500,73.82615500,02-11-2018 08:30,"","","","","",""
2224,PAWANA RIVER AT DAPODI BRIDGE AT PAWANA-MULLA SANGAM DAPODI HAWELI PUNE,CPCB,27,Maharashtra,490,Pune,HAVELI,-,-,-,-,-,-,-,-,18.58277500,73.82615500,06-12-2018 08:30,"","","","","",""
2225,PAWANA RIVER AT DAPODI BRIDGE AT PAWANA-MULLA SANGAM DAPODI HAWELI PUNE,CPCB,27,Maharashtra,490,Pune,HAVELI,-,-,-,-,-,-,-,-,18.58277500,73.82615500,03-01-2019 08:30,"","","","","",""
2226,PAWANA RIVER AT DAPODI BRIDGE AT PAWANA-MULLA SANGAM DAPODI HAWELI PUNE,CPCB,27,Maharashtra,490,Pune,HAVELI,-,-,-,-,-,-,-,-,18.58277500,73.82615500,05-02-2019 08:30,"","","","","",""
2227,PAWANA RIVER AT DAPODI BRIDGE AT PAWANA-MULLA SANGAM DAPODI HAWELI PUNE,CPCB,27,Maharashtra,490,Pune,HAVELI,-,-,-,-,-,-,-,-,18.58277500,73.82615500,07-03-2019 08:30,"","","","","",""
2228,PAWANA RIVER AT DAPODI BRIDGE AT PAWANA-MULLA SANGAM DAPODI HAWELI PUNE,CPCB,27,Maharashtra,490,Pune,HAVELI,-,-,-,-,-,-,-,-,18.58277500,73.82615500,04-04-2019 08:30,"","","","","",""
2229,PAWANA RIVER AT DAPODI BRIDGE AT PAWANA-MULLA SANGAM DAPODI HAWELI PUNE,CPCB,27,Maharashtra,490,Pune,HAVELI,-,-,-,-,-,-,-,-,18.58277500,73.82615500,04-05-2019 08:30,"","","","","",""
2230,PAWANA RIVER AT DAPODI BRIDGE AT PAWANA-MULLA SANGAM DAPODI HAWELI PUNE,CPCB,27,Maharashtra,490,Pune,HAVELI,-,-,-,-,-,-,-,-,18.58277500,73.82615500,07-06-2019 08:30,"","","","","",""
2231,PAWANA RIVER AT DAPODI BRIDGE AT PAWANA-MULLA SANGAM DAPODI HAWELI PUNE,CPCB,27,Maharashtra,490,Pune,HAVELI,-,-,-,-,-,-,-,-,18.58277500,73.82615500,04-07-2019 08:30,"","","","","",""
2232,PAWANA RIVER AT DAPODI BRIDGE AT PAWANA-MULLA SANGAM DAPODI HAWELI PUNE,CPCB,27,Maharashtra,490,Pune,HAVELI,-,-,-,-,-,-,-,-,18.58277500,73.82615500,05-08-2019 08:30,"","","","","",""
2233,PAWANA RIVER AT DAPODI BRIDGE AT PAWANA-MULLA SANGAM DAPODI HAWELI PUNE,CPCB,27,Maharashtra,490,Pune,HAVELI,-,-,-,-,-,-,-,-,18.58277500,73.82615500,05-09-2019 08:30,"","","","","",""
2234,PAWANA RIVER AT DAPODI BRIDGE AT PAWANA-MULLA SANGAM DAPODI HAWELI PUNE,CPCB,27,Maharashtra,490,Pune,HAVELI,-,-,-,-,-,-,-,-,18.58277500,73.82615500,03-10-2019 08:30,"","","","","",""
2235,PAWANA RIVER AT DAPODI BRIDGE AT PAWANA-MULLA SANGAM DAPODI HAWELI PUNE,CPCB,27,Maharashtra,490,Pune,HAVELI,-,-,-,-,-,-,-,-,18.58277500,73.82615500,07-11-2019 08:30,"","","","","",""
2236,PAWANA RIVER AT DAPODI BRIDGE AT PAWANA-MULLA SANGAM DAPODI HAWELI PUNE,CPCB,27,Maharashtra,490,Pune,HAVELI,-,-,-,-,-,-,-,-,18.58277500,73.82615500,04-12-2019 08:30,"","","","","",""
2237,PAWANA RIVER AT KASARWADI HAWELI PUNE,CPCB,27,Maharashtra,490,Pune,HAVELI,-,-,-,-,-,-,-,-,18.60677000,73.82106700,02-01-2018 08:30,"","","","","",""
2238,PAWANA RIVER AT KASARWADI HAWELI PUNE,CPCB,27,Maharashtra,490,Pune,HAVELI,-,-,-,-,-,-,-,-,18.60677000,73.82106700,02-02-2018 08:30,"","","","","",""
2239,PAWANA RIVER AT KASARWADI HAWELI PUNE,CPCB,27,Maharashtra,490,Pune,HAVELI,-,-,-,-,-,-,-,-,18.60677000,73.82106700,03-03-2018 08:30,"","","","","",""
2240,PAWANA RIVER AT KASARWADI HAWELI PUNE,CPCB,27,Maharashtra,490,Pune,HAVELI,-,-,-,-,-,-,-,-,18.60677000,73.82106700,05-04-2018 08:30,"","","","","",""
2241,PAWANA RIVER AT KASARWADI HAWELI PUNE,CPCB,27,Maharashtra,490,Pune,HAVELI,-,-,-,-,-,-,-,-,18.60677000,73.82106700,04-05-2018 08:30,"","","","","",""
2242,PAWANA RIVER AT KASARWADI HAWELI PUNE,CPCB,27,Maharashtra,490,Pune,HAVELI,-,-,-,-,-,-,-,-,18.60677000,73.82106700,07-06-2018 08:30,"","","","","",""
2243,PAWANA RIVER AT KASARWADI HAWELI PUNE,CPCB,27,Maharashtra,490,Pune,HAVELI,-,-,-,-,-,-,-,-,18.60677000,73.82106700,05-07-2018 08:30,"","","","","",""
2244,PAWANA RIVER AT KASARWADI HAWELI PUNE,CPCB,27,Maharashtra,490,Pune,HAVELI,-,-,-,-,-,-,-,-,18.60677000,73.82106700,09-08-2018 08:30,"","","","","",""
2245,PAWANA RIVER AT KASARWADI HAWELI PUNE,CPCB,27,Maharashtra,490,Pune,HAVELI,-,-,-,-,-,-,-,-,18.60677000,73.82106700,06-09-2018 08:30,"","","","","",""
2246,PAWANA RIVER AT KASARWADI HAWELI PUNE,CPCB,27,Maharashtra,490,Pune,HAVELI,-,-,-,-,-,-,-,-,18.60677000,73.82106700,06-10-2018 08:30,"","","","","",""
2247,PAWANA RIVER AT KASARWADI HAWELI PUNE,CPCB,27,Maharashtra,490,Pune,HAVELI,-,-,-,-,-,-,-,-,18.60677000,73.82106700,02-11-2018 08:30,"","","","","",""
2248,PAWANA RIVER AT KASARWADI HAWELI PUNE,CPCB,27,Maharashtra,490,Pune,HAVELI,-,-,-,-,-,-,-,-,18.60677000,73.82106700,06-12-2018 08:30,"","","","","",""
2249,PAWANA RIVER AT KASARWADI HAWELI PUNE,CPCB,27,Maharashtra,490,Pune,HAVELI,-,-,-,-,-,-,-,-,18.60677000,73.82106700,03-01-2019 08:30,"","","","","",""
2250,PAWANA RIVER AT KASARWADI HAWELI PUNE,CPCB,27,Maharashtra,490,Pune,HAVELI,-,-,-,-,-,-,-,-,18.60677000,73.82106700,05-02-2019 08:30,"","","","","",""
2251,PAWANA RIVER AT KASARWADI HAWELI PUNE,CPCB,27,Maharashtra,490,Pune,HAVELI,-,-,-,-,-,-,-,-,18.60677000,73.82106700,07-03-2019 08:30,"","","","","",""
2252,PAWANA RIVER AT KASARWADI HAWELI PUNE,CPCB,27,Maharashtra,490,Pune,HAVELI,-,-,-,-,-,-,-,-,18.60677000,73.82106700,04-04-2019 08:30,"","","","","",""
2253,PAWANA RIVER AT KASARWADI HAWELI PUNE,CPCB,27,Maharashtra,490,Pune,HAVELI,-,-,-,-,-,-,-,-,18.60677000,73.82106700,04-05-2019 08:30,"","","","","",""
2254,PAWANA RIVER AT KASARWADI HAWELI PUNE,CPCB,27,Maharashtra,490,Pune,HAVELI,-,-,-,-,-,-,-,-,18.60677000,73.82106700,07-06-2019 08:30,"","","","","",""
2255,PAWANA RIVER AT KASARWADI HAWELI PUNE,CPCB,27,Maharashtra,490,Pune,HAVELI,-,-,-,-,-,-,-,-,18.60677000,73.82106700,04-07-2019 08:30,"","","","","",""
2256,PAWANA RIVER AT KASARWADI HAWELI PUNE,CPCB,27,Maharashtra,490,Pune,HAVELI,-,-,-,-,-,-,-,-,18.60677000,73.82106700,05-08-2019 08:30,"","","","","",""
2257,PAWANA RIVER AT KASARWADI HAWELI PUNE,CPCB,27,Maharashtra,490,Pune,HAVELI,-,-,-,-,-,-,-,-,18.60677000,73.82106700,05-09-2019 08:30,"","","","","",""
2258,PAWANA RIVER AT KASARWADI HAWELI PUNE,CPCB,27,Maharashtra,490,Pune,HAVELI,-,-,-,-,-,-,-,-,18.60677000,73.82106700,03-10-2019 08:30,"","","","","",""
2259,PAWANA RIVER AT KASARWADI HAWELI PUNE,CPCB,27,Maharashtra,490,Pune,HAVELI,-,-,-,-,-,-,-,-,18.60677000,73.82106700,07-11-2019 08:30,"","","","","",""
2260,PAWANA RIVER AT KASARWADI HAWELI PUNE,CPCB,27,Maharashtra,490,Pune,HAVELI,-,-,-,-,-,-,-,-,18.60677000,73.82106700,04-12-2019 08:30,"","","","","",""
2261,PAWANA RIVER AT PIMPRIGAON HAWELI PUNE,CPCB,27,Maharashtra,490,Pune,HAVELI,-,-,-,-,-,-,-,-,18.60778800,73.79794900,04-01-2018 08:30,"","","","","",""
2262,PAWANA RIVER AT PIMPRIGAON HAWELI PUNE,CPCB,27,Maharashtra,490,Pune,HAVELI,-,-,-,-,-,-,-,-,18.60778800,73.79794900,02-02-2018 08:30,"","","","","",""
2263,PAWANA RIVER AT PIMPRIGAON HAWELI PUNE,CPCB,27,Maharashtra,490,Pune,HAVELI,-,-,-,-,-,-,-,-,18.60778800,73.79794900,03-03-2018 08:30,"","","","","",""
2264,PAWANA RIVER AT PIMPRIGAON HAWELI PUNE,CPCB,27,Maharashtra,490,Pune,HAVELI,-,-,-,-,-,-,-,-,18.60778800,73.79794900,05-04-2018 08:30,"","","","","",""
2265,PAWANA RIVER AT PIMPRIGAON HAWELI PUNE,CPCB,27,Maharashtra,490,Pune,HAVELI,-,-,-,-,-,-,-,-,18.60778800,73.79794900,04-05-2018 08:30,"","","","","",""
2266,PAWANA RIVER AT PIMPRIGAON HAWELI PUNE,CPCB,27,Maharashtra,490,Pune,HAVELI,-,-,-,-,-,-,-,-,18.60778800,73.79794900,07-06-2018 08:30,"","","","","",""
2267,PAWANA RIVER AT PIMPRIGAON HAWELI PUNE,CPCB,27,Maharashtra,490,Pune,HAVELI,-,-,-,-,-,-,-,-,18.60778800,73.79794900,05-07-2018 08:30,"","","","","",""
2268,PAWANA RIVER AT PIMPRIGAON HAWELI PUNE,CPCB,27,Maharashtra,490,Pune,HAVELI,-,-,-,-,-,-,-,-,18.60778800,73.79794900,09-08-2018 08:30,"","","","","",""
2269,PAWANA RIVER AT PIMPRIGAON HAWELI PUNE,CPCB,27,Maharashtra,490,Pune,HAVELI,-,-,-,-,-,-,-,-,18.60778800,73.79794900,06-09-2018 08:30,"","","","","",""
2270,PAWANA RIVER AT PIMPRIGAON HAWELI PUNE,CPCB,27,Maharashtra,490,Pune,HAVELI,-,-,-,-,-,-,-,-,18.60778800,73.79794900,06-10-2018 08:30,"","","","","",""
2271,PAWANA RIVER AT PIMPRIGAON HAWELI PUNE,CPCB,27,Maharashtra,490,Pune,HAVELI,-,-,-,-,-,-,-,-,18.60778800,73.79794900,02-11-2018 08:30,"","","","","",""
2272,PAWANA RIVER AT PIMPRIGAON HAWELI PUNE,CPCB,27,Maharashtra,490,Pune,HAVELI,-,-,-,-,-,-,-,-,18.60778800,73.79794900,06-12-2018 08:30,"","","","","",""
2273,PAWANA RIVER AT PIMPRIGAON HAWELI PUNE,CPCB,27,Maharashtra,490,Pune,HAVELI,-,-,-,-,-,-,-,-,18.60778800,73.79794900,03-01-2019 08:30,"","","","","",""
2274,PAWANA RIVER AT PIMPRIGAON HAWELI PUNE,CPCB,27,Maharashtra,490,Pune,HAVELI,-,-,-,-,-,-,-,-,18.60778800,73.79794900,05-02-2019 08:30,"","","","","",""
2275,PAWANA RIVER AT PIMPRIGAON HAWELI PUNE,CPCB,27,Maharashtra,490,Pune,HAVELI,-,-,-,-,-,-,-,-,18.60778800,73.79794900,07-03-2019 08:30,"","","","","",""
2276,PAWANA RIVER AT PIMPRIGAON HAWELI PUNE,CPCB,27,Maharashtra,490,Pune,HAVELI,-,-,-,-,-,-,-,-,18.60778800,73.79794900,04-04-2019 08:30,"","","","","",""
2277,PAWANA RIVER AT PIMPRIGAON HAWELI PUNE,CPCB,27,Maharashtra,490,Pune,HAVELI,-,-,-,-,-,-,-,-,18.60778800,73.79794900,04-05-2019 08:30,"","","","","",""
2278,PAWANA RIVER AT PIMPRIGAON HAWELI PUNE,CPCB,27,Maharashtra,490,Pune,HAVELI,-,-,-,-,-,-,-,-,18.60778800,73.79794900,07-06-2019 08:30,"","","","","",""
2279,PAWANA RIVER AT PIMPRIGAON HAWELI PUNE,CPCB,27,Maharashtra,490,Pune,HAVELI,-,-,-,-,-,-,-,-,18.60778800,73.79794900,04-07-2019 08:30,"","","","","",""
2280,PAWANA RIVER AT PIMPRIGAON HAWELI PUNE,CPCB,27,Maharashtra,490,Pune,HAVELI,-,-,-,-,-,-,-,-,18.60778800,73.79794900,05-08-2019 08:30,"","","","","",""
2281,PAWANA RIVER AT PIMPRIGAON HAWELI PUNE,CPCB,27,Maharashtra,490,Pune,HAVELI,-,-,-,-,-,-,-,-,18.60778800,73.79794900,05-09-2019 08:30,"","","","","",""
2282,PAWANA RIVER AT PIMPRIGAON HAWELI PUNE,CPCB,27,Maharashtra,490,Pune,HAVELI,-,-,-,-,-,-,-,-,18.60778800,73.79794900,03-10-2019 08:30,"","","","","",""
2283,PAWANA RIVER AT PIMPRIGAON HAWELI PUNE,CPCB,27,Maharashtra,490,Pune,HAVELI,-,-,-,-,-,-,-,-,18.60778800,73.79794900,07-11-2019 08:30,"","","","","",""
2284,PAWANA RIVER AT PIMPRIGAON HAWELI PUNE,CPCB,27,Maharashtra,490,Pune,HAVELI,-,-,-,-,-,-,-,-,18.60778800,73.79794900,04-12-2019 08:30,"","","","","",""
2285,PAWANA RIVER AT RAVET WEIR RAVET HAWELI PUNE,CPCB,27,Maharashtra,490,Pune,HAVELI,-,-,-,-,-,-,-,-,18.66092900,73.73189100,04-01-2018 08:30,"","","","","",""
2286,PAWANA RIVER AT RAVET WEIR RAVET HAWELI PUNE,CPCB,27,Maharashtra,490,Pune,HAVELI,-,-,-,-,-,-,-,-,18.66092900,73.73189100,02-02-2018 08:30,"","","","","",""
2287,PAWANA RIVER AT RAVET WEIR RAVET HAWELI PUNE,CPCB,27,Maharashtra,490,Pune,HAVELI,-,-,-,-,-,-,-,-,18.66092900,73.73189100,03-03-2018 08:30,"","","","","",""
2288,PAWANA RIVER AT RAVET WEIR RAVET HAWELI PUNE,CPCB,27,Maharashtra,490,Pune,HAVELI,-,-,-,-,-,-,-,-,18.66092900,73.73189100,05-04-2018 08:30,"","","","","",""
2289,PAWANA RIVER AT RAVET WEIR RAVET HAWELI PUNE,CPCB,27,Maharashtra,490,Pune,HAVELI,-,-,-,-,-,-,-,-,18.66092900,73.73189100,04-05-2018 08:30,"","","","","",""
2290,PAWANA RIVER AT RAVET WEIR RAVET HAWELI PUNE,CPCB,27,Maharashtra,490,Pune,HAVELI,-,-,-,-,-,-,-,-,18.66092900,73.73189100,07-06-2018 08:30,"","","","","",""
2291,PAWANA RIVER AT RAVET WEIR RAVET HAWELI PUNE,CPCB,27,Maharashtra,490,Pune,HAVELI,-,-,-,-,-,-,-,-,18.66092900,73.73189100,05-07-2018 08:30,"","","","","",""
2292,PAWANA RIVER AT RAVET WEIR RAVET HAWELI PUNE,CPCB,27,Maharashtra,490,Pune,HAVELI,-,-,-,-,-,-,-,-,18.66092900,73.73189100,09-08-2018 08:30,"","","","","",""
2293,PAWANA RIVER AT RAVET WEIR RAVET HAWELI PUNE,CPCB,27,Maharashtra,490,Pune,HAVELI,-,-,-,-,-,-,-,-,18.66092900,73.73189100,06-09-2018 08:30,"","","","","",""
2294,PAWANA RIVER AT RAVET WEIR RAVET HAWELI PUNE,CPCB,27,Maharashtra,490,Pune,HAVELI,-,-,-,-,-,-,-,-,18.66092900,73.73189100,06-10-2018 08:30,"","","","","",""
2295,PAWANA RIVER AT RAVET WEIR RAVET HAWELI PUNE,CPCB,27,Maharashtra,490,Pune,HAVELI,-,-,-,-,-,-,-,-,18.66092900,73.73189100,02-11-2018 08:30,"","","","","",""
2296,PAWANA RIVER AT RAVET WEIR RAVET HAWELI PUNE,CPCB,27,Maharashtra,490,Pune,HAVELI,-,-,-,-,-,-,-,-,18.66092900,73.73189100,06-12-2018 08:30,"","","","","",""
2297,PAWANA RIVER AT RAVET WEIR RAVET HAWELI PUNE,CPCB,27,Maharashtra,490,Pune,HAVELI,-,-,-,-,-,-,-,-,18.66092900,73.73189100,03-01-2019 08:30,"","","","","",""
2298,PAWANA RIVER AT RAVET WEIR RAVET HAWELI PUNE,CPCB,27,Maharashtra,490,Pune,HAVELI,-,-,-,-,-,-,-,-,18.66092900,73.73189100,05-02-2019 08:30,"","","","","",""
2299,PAWANA RIVER AT RAVET WEIR RAVET HAWELI PUNE,CPCB,27,Maharashtra,490,Pune,HAVELI,-,-,-,-,-,-,-,-,18.66092900,73.73189100,07-03-2019 08:30,"","","","","",""
2300,PAWANA RIVER AT RAVET WEIR RAVET HAWELI PUNE,CPCB,27,Maharashtra,490,Pune,HAVELI,-,-,-,-,-,-,-,-,18.66092900,73.73189100,04-04-2019 08:30,"","","","","",""
2301,PAWANA RIVER AT RAVET WEIR RAVET HAWELI PUNE,CPCB,27,Maharashtra,490,Pune,HAVELI,-,-,-,-,-,-,-,-,18.66092900,73.73189100,04-05-2019 08:30,"","","","","",""
2302,PAWANA RIVER AT RAVET WEIR RAVET HAWELI PUNE,CPCB,27,Maharashtra,490,Pune,HAVELI,-,-,-,-,-,-,-,-,18.66092900,73.73189100,07-06-2019 08:30,"","","","","",""
2303,PAWANA RIVER AT RAVET WEIR RAVET HAWELI PUNE,CPCB,27,Maharashtra,490,Pune,HAVELI,-,-,-,-,-,-,-,-,18.66092900,73.73189100,04-07-2019 08:30,"","","","","",""
2304,PAWANA RIVER AT RAVET WEIR RAVET HAWELI PUNE,CPCB,27,Maharashtra,490,Pune,HAVELI,-,-,-,-,-,-,-,-,18.66092900,73.73189100,05-08-2019 08:30,"","","","","",""
2305,PAWANA RIVER AT RAVET WEIR RAVET HAWELI PUNE,CPCB,27,Maharashtra,490,Pune,HAVELI,-,-,-,-,-,-,-,-,18.66092900,73.73189100,05-09-2019 08:30,"","","","","",""
2306,PAWANA RIVER AT RAVET WEIR RAVET HAWELI PUNE,CPCB,27,Maharashtra,490,Pune,HAVELI,-,-,-,-,-,-,-,-,18.66092900,73.73189100,03-10-2019 08:30,"","","","","",""
2307,PAWANA RIVER AT RAVET WEIR RAVET HAWELI PUNE,CPCB,27,Maharashtra,490,Pune,HAVELI,-,-,-,-,-,-,-,-,18.66092900,73.73189100,07-11-2019 08:30,"","","","","",""
2308,PAWANA RIVER AT RAVET WEIR RAVET HAWELI PUNE,CPCB,27,Maharashtra,490,Pune,HAVELI,-,-,-,-,-,-,-,-,18.66092900,73.73189100,04-12-2019 08:30,"","","","","",""
2309,PAWANA RIVER AT SANGAVIGAON HAWELI PUNE.,CPCB,27,Maharashtra,490,Pune,MAWAL,-,-,-,-,-,-,-,-,18.67029200,73.68163900,02-01-2018 08:30,"","","","","",""
2310,PAWANA RIVER AT SANGAVIGAON HAWELI PUNE.,CPCB,27,Maharashtra,490,Pune,MAWAL,-,-,-,-,-,-,-,-,18.67029200,73.68163900,02-02-2018 08:30,"","","","","",""
2311,PAWANA RIVER AT SANGAVIGAON HAWELI PUNE.,CPCB,27,Maharashtra,490,Pune,MAWAL,-,-,-,-,-,-,-,-,18.67029200,73.68163900,03-03-2018 08:30,"","","","","",""
2312,PAWANA RIVER AT SANGAVIGAON HAWELI PUNE.,CPCB,27,Maharashtra,490,Pune,MAWAL,-,-,-,-,-,-,-,-,18.67029200,73.68163900,05-04-2018 08:30,"","","","","",""
2313,PAWANA RIVER AT SANGAVIGAON HAWELI PUNE.,CPCB,27,Maharashtra,490,Pune,MAWAL,-,-,-,-,-,-,-,-,18.67029200,73.68163900,04-05-2018 08:30,"","","","","",""
2314,PAWANA RIVER AT SANGAVIGAON HAWELI PUNE.,CPCB,27,Maharashtra,490,Pune,MAWAL,-,-,-,-,-,-,-,-,18.67029200,73.68163900,07-06-2018 08:30,"","","","","",""
2315,PAWANA RIVER AT SANGAVIGAON HAWELI PUNE.,CPCB,27,Maharashtra,490,Pune,MAWAL,-,-,-,-,-,-,-,-,18.67029200,73.68163900,05-07-2018 08:30,"","","","","",""
2316,PAWANA RIVER AT SANGAVIGAON HAWELI PUNE.,CPCB,27,Maharashtra,490,Pune,MAWAL,-,-,-,-,-,-,-,-,18.67029200,73.68163900,09-08-2018 08:30,"","","","","",""
2317,PAWANA RIVER AT SANGAVIGAON HAWELI PUNE.,CPCB,27,Maharashtra,490,Pune,MAWAL,-,-,-,-,-,-,-,-,18.67029200,73.68163900,06-09-2018 08:30,"","","","","",""
2318,PAWANA RIVER AT SANGAVIGAON HAWELI PUNE.,CPCB,27,Maharashtra,490,Pune,MAWAL,-,-,-,-,-,-,-,-,18.67029200,73.68163900,06-10-2018 08:30,"","","","","",""
2319,PAWANA RIVER AT SANGAVIGAON HAWELI PUNE.,CPCB,27,Maharashtra,490,Pune,MAWAL,-,-,-,-,-,-,-,-,18.67029200,73.68163900,02-11-2018 08:30,"","","","","",""
2320,PAWANA RIVER AT SANGAVIGAON HAWELI PUNE.,CPCB,27,Maharashtra,490,Pune,MAWAL,-,-,-,-,-,-,-,-,18.67029200,73.68163900,06-12-2018 08:30,"","","","","",""
2321,PAWANA RIVER AT SANGAVIGAON HAWELI PUNE.,CPCB,27,Maharashtra,490,Pune,MAWAL,-,-,-,-,-,-,-,-,18.67029200,73.68163900,04-01-2019 08:30,"","","","","",""
2322,PAWANA RIVER AT SANGAVIGAON HAWELI PUNE.,CPCB,27,Maharashtra,490,Pune,MAWAL,-,-,-,-,-,-,-,-,18.67029200,73.68163900,05-02-2019 08:30,"","","","","",""
2323,PAWANA RIVER AT SANGAVIGAON HAWELI PUNE.,CPCB,27,Maharashtra,490,Pune,MAWAL,-,-,-,-,-,-,-,-,18.67029200,73.68163900,07-03-2019 08:30,"","","","","",""
2324,PAWANA RIVER AT SANGAVIGAON HAWELI PUNE.,CPCB,27,Maharashtra,490,Pune,MAWAL,-,-,-,-,-,-,-,-,18.67029200,73.68163900,04-04-2019 08:30,"","","","","",""
2325,PAWANA RIVER AT SANGAVIGAON HAWELI PUNE.,CPCB,27,Maharashtra,490,Pune,MAWAL,-,-,-,-,-,-,-,-,18.67029200,73.68163900,04-05-2019 08:30,"","","","","",""
2326,PAWANA RIVER AT SANGAVIGAON HAWELI PUNE.,CPCB,27,Maharashtra,490,Pune,MAWAL,-,-,-,-,-,-,-,-,18.67029200,73.68163900,07-06-2019 08:30,"","","","","",""
2327,PAWANA RIVER AT SANGAVIGAON HAWELI PUNE.,CPCB,27,Maharashtra,490,Pune,MAWAL,-,-,-,-,-,-,-,-,18.67029200,73.68163900,04-07-2019 08:30,"","","","","",""
2328,PAWANA RIVER AT SANGAVIGAON HAWELI PUNE.,CPCB,27,Maharashtra,490,Pune,MAWAL,-,-,-,-,-,-,-,-,18.67029200,73.68163900,05-08-2019 08:30,"","","","","",""
2329,PAWANA RIVER AT SANGAVIGAON HAWELI PUNE.,CPCB,27,Maharashtra,490,Pune,MAWAL,-,-,-,-,-,-,-,-,18.67029200,73.68163900,05-09-2019 08:30,"","","","","",""
2330,PAWANA RIVER AT SANGAVIGAON HAWELI PUNE.,CPCB,27,Maharashtra,490,Pune,MAWAL,-,-,-,-,-,-,-,-,18.67029200,73.68163900,03-10-2019 08:30,"","","","","",""
2331,PAWANA RIVER AT SANGAVIGAON HAWELI PUNE.,CPCB,27,Maharashtra,490,Pune,MAWAL,-,-,-,-,-,-,-,-,18.67029200,73.68163900,07-11-2019 08:30,"","","","","",""
2332,PAWANA RIVER AT SANGAVIGAON HAWELI PUNE.,CPCB,27,Maharashtra,490,Pune,MAWAL,-,-,-,-,-,-,-,-,18.67029200,73.68163900,04-12-2019 08:30,"","","","","",""
2333,PEDHI RIVER NEAR ROAD BRIDGE AT DADHI-PEDHI VILLAGE BHATKULI AMRAVATI,CPCB,27,Maharashtra,468,Amravati,AMRAVATI,-,-,-,-,-,-,-,-,20.99994200,77.70572200,03-01-2018 08:30,"","","","","",""
2334,PEDHI RIVER NEAR ROAD BRIDGE AT DADHI-PEDHI VILLAGE BHATKULI AMRAVATI,CPCB,27,Maharashtra,468,Amravati,AMRAVATI,-,-,-,-,-,-,-,-,20.99994200,77.70572200,07-02-2018 08:30,"","","","","",""
2335,PEDHI RIVER NEAR ROAD BRIDGE AT DADHI-PEDHI VILLAGE BHATKULI AMRAVATI,CPCB,27,Maharashtra,468,Amravati,AMRAVATI,-,-,-,-,-,-,-,-,20.99994200,77.70572200,05-03-2018 08:30,"","","","","",""
2336,PEDHI RIVER NEAR ROAD BRIDGE AT DADHI-PEDHI VILLAGE BHATKULI AMRAVATI,CPCB,27,Maharashtra,468,Amravati,AMRAVATI,-,-,-,-,-,-,-,-,20.99994200,77.70572200,04-04-2018 08:30,"","","","","",""
2337,PEDHI RIVER NEAR ROAD BRIDGE AT DADHI-PEDHI VILLAGE BHATKULI AMRAVATI,CPCB,27,Maharashtra,468,Amravati,AMRAVATI,-,-,-,-,-,-,-,-,20.99994200,77.70572200,04-05-2018 08:30,"","","","","",""
2338,PEDHI RIVER NEAR ROAD BRIDGE AT DADHI-PEDHI VILLAGE BHATKULI AMRAVATI,CPCB,27,Maharashtra,468,Amravati,AMRAVATI,-,-,-,-,-,-,-,-,20.99994200,77.70572200,06-06-2018 08:30,"","","","","",""
2339,PEDHI RIVER NEAR ROAD BRIDGE AT DADHI-PEDHI VILLAGE BHATKULI AMRAVATI,CPCB,27,Maharashtra,468,Amravati,AMRAVATI,-,-,-,-,-,-,-,-,20.99994200,77.70572200,09-07-2018 08:30,"","","","","",""
2340,PEDHI RIVER NEAR ROAD BRIDGE AT DADHI-PEDHI VILLAGE BHATKULI AMRAVATI,CPCB,27,Maharashtra,468,Amravati,AMRAVATI,-,-,-,-,-,-,-,-,20.99994200,77.70572200,01-08-2018 08:30,"","","","","",""
2341,PEDHI RIVER NEAR ROAD BRIDGE AT DADHI-PEDHI VILLAGE BHATKULI AMRAVATI,CPCB,27,Maharashtra,468,Amravati,AMRAVATI,-,-,-,-,-,-,-,-,20.99994200,77.70572200,05-09-2018 08:30,"","","","","",""
2342,PEDHI RIVER NEAR ROAD BRIDGE AT DADHI-PEDHI VILLAGE BHATKULI AMRAVATI,CPCB,27,Maharashtra,468,Amravati,AMRAVATI,-,-,-,-,-,-,-,-,20.99994200,77.70572200,04-10-2018 08:30,"","","","","",""
2343,PEDHI RIVER NEAR ROAD BRIDGE AT DADHI-PEDHI VILLAGE BHATKULI AMRAVATI,CPCB,27,Maharashtra,468,Amravati,AMRAVATI,-,-,-,-,-,-,-,-,20.99994200,77.70572200,03-11-2018 08:30,"","","","","",""
2344,PEDHI RIVER NEAR ROAD BRIDGE AT DADHI-PEDHI VILLAGE BHATKULI AMRAVATI,CPCB,27,Maharashtra,468,Amravati,AMRAVATI,-,-,-,-,-,-,-,-,20.99994200,77.70572200,03-12-2018 08:30,"","","","","",""
2345,PEDHI RIVER NEAR ROAD BRIDGE AT DADHI-PEDHI VILLAGE BHATKULI AMRAVATI,CPCB,27,Maharashtra,468,Amravati,AMRAVATI,-,-,-,-,-,-,-,-,20.99994200,77.70572200,04-01-2019 08:30,"","","","","",""
2346,PEDHI RIVER NEAR ROAD BRIDGE AT DADHI-PEDHI VILLAGE BHATKULI AMRAVATI,CPCB,27,Maharashtra,468,Amravati,AMRAVATI,-,-,-,-,-,-,-,-,20.99994200,77.70572200,04-04-2019 08:30,"","","","","",""
2347,PEDHI RIVER NEAR ROAD BRIDGE AT DADHI-PEDHI VILLAGE BHATKULI AMRAVATI,CPCB,27,Maharashtra,468,Amravati,AMRAVATI,-,-,-,-,-,-,-,-,20.99994200,77.70572200,01-08-2019 08:30,"","","","","",""
2348,PEDHI RIVER NEAR ROAD BRIDGE AT DADHI-PEDHI VILLAGE BHATKULI AMRAVATI,CPCB,27,Maharashtra,468,Amravati,AMRAVATI,-,-,-,-,-,-,-,-,20.99994200,77.70572200,04-09-2019 08:30,"","","","","",""
2349,PEDHI RIVER NEAR ROAD BRIDGE AT DADHI-PEDHI VILLAGE BHATKULI AMRAVATI,CPCB,27,Maharashtra,468,Amravati,AMRAVATI,-,-,-,-,-,-,-,-,20.99994200,77.70572200,05-10-2019 08:30,"","","","","",""
2350,PEDHI RIVER NEAR ROAD BRIDGE AT DADHI-PEDHI VILLAGE BHATKULI AMRAVATI,CPCB,27,Maharashtra,468,Amravati,AMRAVATI,-,-,-,-,-,-,-,-,20.99994200,77.70572200,03-12-2019 08:30,"","","","","",""
2351,PEHLAR DAM ON PEHLAR RIVER-INLET OF WATER WORKS PEHLAR VASAI THANE,CPCB,27,Maharashtra,665,Palghar,VASAI,-,-,-,-,-,-,-,-,19.44407600,72.89836500,04-04-2018 08:30,"","","","","",""
2352,PEHLAR DAM ON PEHLAR RIVER-INLET OF WATER WORKS PEHLAR VASAI THANE,CPCB,27,Maharashtra,665,Palghar,VASAI,-,-,-,-,-,-,-,-,19.44407600,72.89836500,03-10-2018 08:30,"","","","","",""
2353,PEHLAR DAM ON PEHLAR RIVER-INLET OF WATER WORKS PEHLAR VASAI THANE,CPCB,27,Maharashtra,665,Palghar,VASAI,-,-,-,-,-,-,-,-,19.44407600,72.89836500,05-01-2019 08:30,"","","","","",""
2354,PEHLAR DAM ON PEHLAR RIVER-INLET OF WATER WORKS PEHLAR VASAI THANE,CPCB,27,Maharashtra,665,Palghar,VASAI,-,-,-,-,-,-,-,-,19.44407600,72.89836500,04-02-2019 08:30,"","","","","",""
2355,PEHLAR DAM ON PEHLAR RIVER-INLET OF WATER WORKS PEHLAR VASAI THANE,CPCB,27,Maharashtra,665,Palghar,VASAI,-,-,-,-,-,-,-,-,19.44407600,72.89836500,01-03-2019 08:30,"","","","","",""
2356,PEHLAR DAM ON PEHLAR RIVER-INLET OF WATER WORKS PEHLAR VASAI THANE,CPCB,27,Maharashtra,665,Palghar,VASAI,-,-,-,-,-,-,-,-,19.44407600,72.89836500,02-04-2019 08:30,"","","","","",""
2357,PEHLAR DAM ON PEHLAR RIVER-INLET OF WATER WORKS PEHLAR VASAI THANE,CPCB,27,Maharashtra,665,Palghar,VASAI,-,-,-,-,-,-,-,-,19.44407600,72.89836500,08-05-2019 08:30,"","","","","",""
2358,PEHLAR DAM ON PEHLAR RIVER-INLET OF WATER WORKS PEHLAR VASAI THANE,CPCB,27,Maharashtra,665,Palghar,VASAI,-,-,-,-,-,-,-,-,19.44407600,72.89836500,01-06-2019 08:30,"","","","","",""
2359,PEHLAR DAM ON PEHLAR RIVER-INLET OF WATER WORKS PEHLAR VASAI THANE,CPCB,27,Maharashtra,665,Palghar,VASAI,-,-,-,-,-,-,-,-,19.44407600,72.89836500,08-07-2019 08:30,"","","","","",""
2360,PEHLAR DAM ON PEHLAR RIVER-INLET OF WATER WORKS PEHLAR VASAI THANE,CPCB,27,Maharashtra,665,Palghar,VASAI,-,-,-,-,-,-,-,-,19.44407600,72.89836500,02-08-2019 08:30,"","","","","",""
2361,PEHLAR DAM ON PEHLAR RIVER-INLET OF WATER WORKS PEHLAR VASAI THANE,CPCB,27,Maharashtra,665,Palghar,VASAI,-,-,-,-,-,-,-,-,19.44407600,72.89836500,08-09-2019 08:30,"","","","","",""
2362,PEHLAR DAM ON PEHLAR RIVER-INLET OF WATER WORKS PEHLAR VASAI THANE,CPCB,27,Maharashtra,665,Palghar,VASAI,-,-,-,-,-,-,-,-,19.44407600,72.89836500,07-10-2019 08:30,"","","","","",""
2363,PEHLAR DAM ON PEHLAR RIVER-INLET OF WATER WORKS PEHLAR VASAI THANE,CPCB,27,Maharashtra,665,Palghar,VASAI,-,-,-,-,-,-,-,-,19.44407600,72.89836500,01-11-2019 08:30,"","","","","",""
2364,PEHLAR DAM ON PEHLAR RIVER-INLET OF WATER WORKS PEHLAR VASAI THANE,CPCB,27,Maharashtra,665,Palghar,VASAI,-,-,-,-,-,-,-,-,19.44407600,72.89836500,04-12-2019 08:30,"","","","","",""
2365,PENGANGA RIVER AT MEHKAR-BULDANA ROAD BRIDGE MEHKAR BULDANA,CPCB,27,Maharashtra,472,Buldana,MEHKAR,-,-,-,-,-,-,-,-,20.15036400,76.56033600,04-05-2018 08:30,"","","","","",""
2366,PENGANGA RIVER AT MEHKAR-BULDANA ROAD BRIDGE MEHKAR BULDANA,CPCB,27,Maharashtra,472,Buldana,MEHKAR,-,-,-,-,-,-,-,-,20.15036400,76.56033600,02-07-2018 08:30,"","","","","",""
2367,PENGANGA RIVER AT MEHKAR-BULDANA ROAD BRIDGE MEHKAR BULDANA,CPCB,27,Maharashtra,472,Buldana,MEHKAR,-,-,-,-,-,-,-,-,20.15036400,76.56033600,03-08-2018 08:30,"","","","","",""
2368,PENGANGA RIVER AT MEHKAR-BULDANA ROAD BRIDGE MEHKAR BULDANA,CPCB,27,Maharashtra,472,Buldana,MEHKAR,-,-,-,-,-,-,-,-,20.15036400,76.56033600,04-09-2018 08:30,"","","","","",""
2369,PENGANGA RIVER AT MEHKAR-BULDANA ROAD BRIDGE MEHKAR BULDANA,CPCB,27,Maharashtra,472,Buldana,MEHKAR,-,-,-,-,-,-,-,-,20.15036400,76.56033600,04-10-2018 08:30,"","","","","",""
2370,PENGANGA RIVER AT MEHKAR-BULDANA ROAD BRIDGE MEHKAR BULDANA,CPCB,27,Maharashtra,472,Buldana,MEHKAR,-,-,-,-,-,-,-,-,20.15036400,76.56033600,08-04-2019 08:30,"","","","","",""
2371,PENGANGA RIVER AT MEHKAR-BULDANA ROAD BRIDGE MEHKAR BULDANA,CPCB,27,Maharashtra,472,Buldana,MEHKAR,-,-,-,-,-,-,-,-,20.15036400,76.56033600,08-08-2019 08:30,"","","","","",""
2372,PENGANGA RIVER AT MEHKAR-BULDANA ROAD BRIDGE MEHKAR BULDANA,CPCB,27,Maharashtra,472,Buldana,MEHKAR,-,-,-,-,-,-,-,-,20.15036400,76.56033600,07-09-2019 08:30,"","","","","",""
2373,PENGANGA RIVER AT MEHKAR-BULDANA ROAD BRIDGE MEHKAR BULDANA,CPCB,27,Maharashtra,472,Buldana,MEHKAR,-,-,-,-,-,-,-,-,20.15036400,76.56033600,21-10-2019 08:30,"","","","","",""
2374,PENGANGA RIVER AT MEHKAR-BULDANA ROAD BRIDGE MEHKAR BULDANA,CPCB,27,Maharashtra,472,Buldana,MEHKAR,-,-,-,-,-,-,-,-,20.15036400,76.56033600,07-11-2019 08:30,"","","","","",""
2375,PENGANGA RIVER AT MEHKAR-BULDANA ROAD BRIDGE MEHKAR BULDANA,CPCB,27,Maharashtra,472,Buldana,MEHKAR,-,-,-,-,-,-,-,-,20.15036400,76.56033600,04-12-2019 08:30,"","","","","",""
2376,PENGANGA RIVER D/S OF ISAPUR DAM ISAPUR PUSAD YAVATMAL,CPCB,27,Maharashtra,500,Yavatmal,PUSAD,-,-,-,-,-,-,-,-,19.72488100,77.44656700,08-01-2018 08:30,"","","","","",""
2377,PENGANGA RIVER D/S OF ISAPUR DAM ISAPUR PUSAD YAVATMAL,CPCB,27,Maharashtra,500,Yavatmal,PUSAD,-,-,-,-,-,-,-,-,19.72488100,77.44656700,03-02-2018 08:30,"","","","","",""
2378,PENGANGA RIVER D/S OF ISAPUR DAM ISAPUR PUSAD YAVATMAL,CPCB,27,Maharashtra,500,Yavatmal,PUSAD,-,-,-,-,-,-,-,-,19.72488100,77.44656700,07-03-2018 08:30,"","","","","",""
2379,PENGANGA RIVER D/S OF ISAPUR DAM ISAPUR PUSAD YAVATMAL,CPCB,27,Maharashtra,500,Yavatmal,PUSAD,-,-,-,-,-,-,-,-,19.72488100,77.44656700,04-04-2018 08:30,"","","","","",""
2380,PENGANGA RIVER D/S OF ISAPUR DAM ISAPUR PUSAD YAVATMAL,CPCB,27,Maharashtra,500,Yavatmal,PUSAD,-,-,-,-,-,-,-,-,19.72488100,77.44656700,07-05-2018 08:30,"","","","","",""
2381,PENGANGA RIVER D/S OF ISAPUR DAM ISAPUR PUSAD YAVATMAL,CPCB,27,Maharashtra,500,Yavatmal,PUSAD,-,-,-,-,-,-,-,-,19.72488100,77.44656700,06-06-2018 08:30,"","","","","",""
2382,PENGANGA RIVER D/S OF ISAPUR DAM ISAPUR PUSAD YAVATMAL,CPCB,27,Maharashtra,500,Yavatmal,PUSAD,-,-,-,-,-,-,-,-,19.72488100,77.44656700,05-07-2018 08:30,"","","","","",""
2383,PENGANGA RIVER D/S OF ISAPUR DAM ISAPUR PUSAD YAVATMAL,CPCB,27,Maharashtra,500,Yavatmal,PUSAD,-,-,-,-,-,-,-,-,19.72488100,77.44656700,04-08-2018 08:30,"","","","","",""
2384,PENGANGA RIVER D/S OF ISAPUR DAM ISAPUR PUSAD YAVATMAL,CPCB,27,Maharashtra,500,Yavatmal,PUSAD,-,-,-,-,-,-,-,-,19.72488100,77.44656700,05-09-2018 08:30,"","","","","",""
2385,PENGANGA RIVER D/S OF ISAPUR DAM ISAPUR PUSAD YAVATMAL,CPCB,27,Maharashtra,500,Yavatmal,PUSAD,-,-,-,-,-,-,-,-,19.72488100,77.44656700,09-10-2018 08:30,"","","","","",""
2386,PENGANGA RIVER D/S OF ISAPUR DAM ISAPUR PUSAD YAVATMAL,CPCB,27,Maharashtra,500,Yavatmal,PUSAD,-,-,-,-,-,-,-,-,19.72488100,77.44656700,05-11-2018 08:30,"","","","","",""
2387,PENGANGA RIVER D/S OF ISAPUR DAM ISAPUR PUSAD YAVATMAL,CPCB,27,Maharashtra,500,Yavatmal,PUSAD,-,-,-,-,-,-,-,-,19.72488100,77.44656700,04-12-2018 08:30,"","","","","",""
2388,PENGANGA RIVER D/S OF ISAPUR DAM ISAPUR PUSAD YAVATMAL,CPCB,27,Maharashtra,500,Yavatmal,PUSAD,-,-,-,-,-,-,-,-,19.72488100,77.44656700,05-01-2019 08:30,"","","","","",""
2389,PENGANGA RIVER D/S OF ISAPUR DAM ISAPUR PUSAD YAVATMAL,CPCB,27,Maharashtra,500,Yavatmal,PUSAD,-,-,-,-,-,-,-,-,19.72488100,77.44656700,05-02-2019 08:30,"","","","","",""
2390,PENGANGA RIVER D/S OF ISAPUR DAM ISAPUR PUSAD YAVATMAL,CPCB,27,Maharashtra,500,Yavatmal,PUSAD,-,-,-,-,-,-,-,-,19.72488100,77.44656700,08-03-2019 08:30,"","","","","",""
2391,PENGANGA RIVER D/S OF ISAPUR DAM ISAPUR PUSAD YAVATMAL,CPCB,27,Maharashtra,500,Yavatmal,PUSAD,-,-,-,-,-,-,-,-,19.72488100,77.44656700,04-04-2019 08:30,"","","","","",""
2392,PENGANGA RIVER D/S OF ISAPUR DAM ISAPUR PUSAD YAVATMAL,CPCB,27,Maharashtra,500,Yavatmal,PUSAD,-,-,-,-,-,-,-,-,19.72488100,77.44656700,01-05-2019 08:30,"","","","","",""
2393,PENGANGA RIVER D/S OF ISAPUR DAM ISAPUR PUSAD YAVATMAL,CPCB,27,Maharashtra,500,Yavatmal,PUSAD,-,-,-,-,-,-,-,-,19.72488100,77.44656700,07-06-2019 08:30,"","","","","",""
2394,PENGANGA RIVER D/S OF ISAPUR DAM ISAPUR PUSAD YAVATMAL,CPCB,27,Maharashtra,500,Yavatmal,PUSAD,-,-,-,-,-,-,-,-,19.72488100,77.44656700,09-07-2019 08:30,"","","","","",""
2395,PENGANGA RIVER D/S OF ISAPUR DAM ISAPUR PUSAD YAVATMAL,CPCB,27,Maharashtra,500,Yavatmal,PUSAD,-,-,-,-,-,-,-,-,19.72488100,77.44656700,02-08-2019 08:30,"","","","","",""
2396,PENGANGA RIVER D/S OF ISAPUR DAM ISAPUR PUSAD YAVATMAL,CPCB,27,Maharashtra,500,Yavatmal,PUSAD,-,-,-,-,-,-,-,-,19.72488100,77.44656700,05-09-2019 08:30,"","","","","",""
2397,PENGANGA RIVER D/S OF ISAPUR DAM ISAPUR PUSAD YAVATMAL,CPCB,27,Maharashtra,500,Yavatmal,PUSAD,-,-,-,-,-,-,-,-,19.72488100,77.44656700,02-10-2019 08:30,"","","","","",""
2398,PENGANGA RIVER D/S OF ISAPUR DAM ISAPUR PUSAD YAVATMAL,CPCB,27,Maharashtra,500,Yavatmal,PUSAD,-,-,-,-,-,-,-,-,19.72488100,77.44656700,04-11-2019 08:30,"","","","","",""
2399,PENGANGA RIVER D/S OF ISAPUR DAM ISAPUR PUSAD YAVATMAL,CPCB,27,Maharashtra,500,Yavatmal,PUSAD,-,-,-,-,-,-,-,-,19.72488100,77.44656700,03-12-2019 08:30,"","","","","",""
2400,PENGANGA RIVER NEAR WATER SUPPLY SCHEME OF UMARKHED MC BELKHED UMARKHED YAVATMAL,CPCB,27,Maharashtra,500,Yavatmal,UMARKHED,-,-,-,-,-,-,-,-,19.59758900,77.69161400,08-01-2018 08:30,"","","","","",""
2401,PENGANGA RIVER NEAR WATER SUPPLY SCHEME OF UMARKHED MC BELKHED UMARKHED YAVATMAL,CPCB,27,Maharashtra,500,Yavatmal,UMARKHED,-,-,-,-,-,-,-,-,19.59758900,77.69161400,03-02-2018 08:30,"","","","","",""
2402,PENGANGA RIVER NEAR WATER SUPPLY SCHEME OF UMARKHED MC BELKHED UMARKHED YAVATMAL,CPCB,27,Maharashtra,500,Yavatmal,UMARKHED,-,-,-,-,-,-,-,-,19.59758900,77.69161400,07-03-2018 08:30,"","","","","",""
2403,PENGANGA RIVER NEAR WATER SUPPLY SCHEME OF UMARKHED MC BELKHED UMARKHED YAVATMAL,CPCB,27,Maharashtra,500,Yavatmal,UMARKHED,-,-,-,-,-,-,-,-,19.59758900,77.69161400,04-04-2018 08:30,"","","","","",""
2404,PENGANGA RIVER NEAR WATER SUPPLY SCHEME OF UMARKHED MC BELKHED UMARKHED YAVATMAL,CPCB,27,Maharashtra,500,Yavatmal,UMARKHED,-,-,-,-,-,-,-,-,19.59758900,77.69161400,07-05-2018 08:30,"","","","","",""
2405,PENGANGA RIVER NEAR WATER SUPPLY SCHEME OF UMARKHED MC BELKHED UMARKHED YAVATMAL,CPCB,27,Maharashtra,500,Yavatmal,UMARKHED,-,-,-,-,-,-,-,-,19.59758900,77.69161400,06-06-2018 08:30,"","","","","",""
2406,PENGANGA RIVER NEAR WATER SUPPLY SCHEME OF UMARKHED MC BELKHED UMARKHED YAVATMAL,CPCB,27,Maharashtra,500,Yavatmal,UMARKHED,-,-,-,-,-,-,-,-,19.59758900,77.69161400,05-07-2018 08:30,"","","","","",""
2407,PENGANGA RIVER NEAR WATER SUPPLY SCHEME OF UMARKHED MC BELKHED UMARKHED YAVATMAL,CPCB,27,Maharashtra,500,Yavatmal,UMARKHED,-,-,-,-,-,-,-,-,19.59758900,77.69161400,04-08-2018 08:30,"","","","","",""
2408,PENGANGA RIVER NEAR WATER SUPPLY SCHEME OF UMARKHED MC BELKHED UMARKHED YAVATMAL,CPCB,27,Maharashtra,500,Yavatmal,UMARKHED,-,-,-,-,-,-,-,-,19.59758900,77.69161400,05-09-2018 08:30,"","","","","",""
2409,PENGANGA RIVER NEAR WATER SUPPLY SCHEME OF UMARKHED MC BELKHED UMARKHED YAVATMAL,CPCB,27,Maharashtra,500,Yavatmal,UMARKHED,-,-,-,-,-,-,-,-,19.59758900,77.69161400,09-10-2018 08:30,"","","","","",""
2410,PENGANGA RIVER NEAR WATER SUPPLY SCHEME OF UMARKHED MC BELKHED UMARKHED YAVATMAL,CPCB,27,Maharashtra,500,Yavatmal,UMARKHED,-,-,-,-,-,-,-,-,19.59758900,77.69161400,05-11-2018 08:30,"","","","","",""
2411,PENGANGA RIVER NEAR WATER SUPPLY SCHEME OF UMARKHED MC BELKHED UMARKHED YAVATMAL,CPCB,27,Maharashtra,500,Yavatmal,UMARKHED,-,-,-,-,-,-,-,-,19.59758900,77.69161400,04-12-2018 08:30,"","","","","",""
2412,PENGANGA RIVER NEAR WATER SUPPLY SCHEME OF UMARKHED MC BELKHED UMARKHED YAVATMAL,CPCB,27,Maharashtra,500,Yavatmal,UMARKHED,-,-,-,-,-,-,-,-,19.59758900,77.69161400,05-01-2019 08:30,"","","","","",""
2413,PENGANGA RIVER NEAR WATER SUPPLY SCHEME OF UMARKHED MC BELKHED UMARKHED YAVATMAL,CPCB,27,Maharashtra,500,Yavatmal,UMARKHED,-,-,-,-,-,-,-,-,19.59758900,77.69161400,05-02-2019 08:30,"","","","","",""
2414,PENGANGA RIVER NEAR WATER SUPPLY SCHEME OF UMARKHED MC BELKHED UMARKHED YAVATMAL,CPCB,27,Maharashtra,500,Yavatmal,UMARKHED,-,-,-,-,-,-,-,-,19.59758900,77.69161400,08-03-2019 08:30,"","","","","",""
2415,PENGANGA RIVER NEAR WATER SUPPLY SCHEME OF UMARKHED MC BELKHED UMARKHED YAVATMAL,CPCB,27,Maharashtra,500,Yavatmal,UMARKHED,-,-,-,-,-,-,-,-,19.59758900,77.69161400,02-04-2019 08:30,"","","","","",""
2416,PENGANGA RIVER NEAR WATER SUPPLY SCHEME OF UMARKHED MC BELKHED UMARKHED YAVATMAL,CPCB,27,Maharashtra,500,Yavatmal,UMARKHED,-,-,-,-,-,-,-,-,19.59758900,77.69161400,01-05-2019 08:30,"","","","","",""
2417,PENGANGA RIVER NEAR WATER SUPPLY SCHEME OF UMARKHED MC BELKHED UMARKHED YAVATMAL,CPCB,27,Maharashtra,500,Yavatmal,UMARKHED,-,-,-,-,-,-,-,-,19.59758900,77.69161400,07-06-2019 08:30,"","","","","",""
2418,PENGANGA RIVER NEAR WATER SUPPLY SCHEME OF UMARKHED MC BELKHED UMARKHED YAVATMAL,CPCB,27,Maharashtra,500,Yavatmal,UMARKHED,-,-,-,-,-,-,-,-,19.59758900,77.69161400,09-07-2019 08:30,"","","","","",""
2419,PENGANGA RIVER NEAR WATER SUPPLY SCHEME OF UMARKHED MC BELKHED UMARKHED YAVATMAL,CPCB,27,Maharashtra,500,Yavatmal,UMARKHED,-,-,-,-,-,-,-,-,19.59758900,77.69161400,02-08-2019 08:30,"","","","","",""
2420,PENGANGA RIVER NEAR WATER SUPPLY SCHEME OF UMARKHED MC BELKHED UMARKHED YAVATMAL,CPCB,27,Maharashtra,500,Yavatmal,UMARKHED,-,-,-,-,-,-,-,-,19.59758900,77.69161400,05-09-2019 08:30,"","","","","",""
2421,PENGANGA RIVER NEAR WATER SUPPLY SCHEME OF UMARKHED MC BELKHED UMARKHED YAVATMAL,CPCB,27,Maharashtra,500,Yavatmal,UMARKHED,-,-,-,-,-,-,-,-,19.59758900,77.69161400,02-10-2019 08:30,"","","","","",""
2422,PENGANGA RIVER NEAR WATER SUPPLY SCHEME OF UMARKHED MC BELKHED UMARKHED YAVATMAL,CPCB,27,Maharashtra,500,Yavatmal,UMARKHED,-,-,-,-,-,-,-,-,19.59758900,77.69161400,04-11-2019 08:30,"","","","","",""
2423,PENGANGA RIVER NEAR WATER SUPPLY SCHEME OF UMARKHED MC BELKHED UMARKHED YAVATMAL,CPCB,27,Maharashtra,500,Yavatmal,UMARKHED,-,-,-,-,-,-,-,-,19.59758900,77.69161400,03-12-2019 08:30,"","","","","",""
2424,PHANDARPUR GANGAPUR AURANGABAD,CPCB,27,Maharashtra,469,Aurangabad,GANAGAPUR,-,-,-,-,-,-,-,-,19.70048600,75.01778600,04-04-2019 08:30,20350,"","","","",""
2425,PHANDARPUR GANGAPUR AURANGABAD,CPCB,27,Maharashtra,469,Aurangabad,GANAGAPUR,-,-,-,-,-,-,-,-,19.70048600,75.01778600,03-10-2019 08:30,2845,"","","","",""
2426,PURNA AT DHUPESHWAR MALKAPUR AKOLA,CPCB,27,Maharashtra,472,Buldana,MALKAPUR,-,-,-,-,-,-,-,-,20.93346900,76.27687800,03-01-2018 08:30,"","","","","",""
2427,PURNA AT DHUPESHWAR MALKAPUR AKOLA,CPCB,27,Maharashtra,472,Buldana,MALKAPUR,-,-,-,-,-,-,-,-,20.93346900,76.27687800,07-02-2018 08:30,"","","","","",""
2428,PURNA AT DHUPESHWAR MALKAPUR AKOLA,CPCB,27,Maharashtra,472,Buldana,MALKAPUR,-,-,-,-,-,-,-,-,20.93346900,76.27687800,05-03-2018 08:30,"","","","","",""
2429,PURNA AT DHUPESHWAR MALKAPUR AKOLA,CPCB,27,Maharashtra,472,Buldana,MALKAPUR,-,-,-,-,-,-,-,-,20.93346900,76.27687800,02-04-2018 08:30,"","","","","",""
2430,PURNA AT DHUPESHWAR MALKAPUR AKOLA,CPCB,27,Maharashtra,472,Buldana,MALKAPUR,-,-,-,-,-,-,-,-,20.93346900,76.27687800,04-05-2018 08:30,"","","","","",""
2431,PURNA AT DHUPESHWAR MALKAPUR AKOLA,CPCB,27,Maharashtra,472,Buldana,MALKAPUR,-,-,-,-,-,-,-,-,20.93346900,76.27687800,05-06-2018 08:30,"","","","","",""
2432,PURNA AT DHUPESHWAR MALKAPUR AKOLA,CPCB,27,Maharashtra,472,Buldana,MALKAPUR,-,-,-,-,-,-,-,-,20.93346900,76.27687800,02-07-2018 08:30,"","","","","",""
2433,PURNA AT DHUPESHWAR MALKAPUR AKOLA,CPCB,27,Maharashtra,472,Buldana,MALKAPUR,-,-,-,-,-,-,-,-,20.93346900,76.27687800,03-08-2018 08:30,"","","","","",""
2434,PURNA AT DHUPESHWAR MALKAPUR AKOLA,CPCB,27,Maharashtra,472,Buldana,MALKAPUR,-,-,-,-,-,-,-,-,20.93346900,76.27687800,04-09-2018 08:30,"","","","","",""
2435,PURNA AT DHUPESHWAR MALKAPUR AKOLA,CPCB,27,Maharashtra,472,Buldana,MALKAPUR,-,-,-,-,-,-,-,-,20.93346900,76.27687800,04-10-2018 08:30,"","","","","",""
2436,PURNA AT DHUPESHWAR MALKAPUR AKOLA,CPCB,27,Maharashtra,472,Buldana,MALKAPUR,-,-,-,-,-,-,-,-,20.93346900,76.27687800,02-11-2018 08:30,"","","","","",""
2437,PURNA AT DHUPESHWAR MALKAPUR AKOLA,CPCB,27,Maharashtra,472,Buldana,MALKAPUR,-,-,-,-,-,-,-,-,20.93346900,76.27687800,04-12-2018 08:30,"","","","","",""
2438,PURNA AT DHUPESHWAR MALKAPUR AKOLA,CPCB,27,Maharashtra,472,Buldana,MALKAPUR,-,-,-,-,-,-,-,-,20.93346900,76.27687800,04-01-2019 08:30,"","","","","",""
2439,PURNA AT DHUPESHWAR MALKAPUR AKOLA,CPCB,27,Maharashtra,472,Buldana,MALKAPUR,-,-,-,-,-,-,-,-,20.93346900,76.27687800,01-02-2019 08:30,"","","","","",""
2440,PURNA AT DHUPESHWAR MALKAPUR AKOLA,CPCB,27,Maharashtra,472,Buldana,MALKAPUR,-,-,-,-,-,-,-,-,20.93346900,76.27687800,01-03-2019 08:30,"","","","","",""
2441,PURNA AT DHUPESHWAR MALKAPUR AKOLA,CPCB,27,Maharashtra,472,Buldana,MALKAPUR,-,-,-,-,-,-,-,-,20.93346900,76.27687800,04-04-2019 08:30,"","","","","",""
2442,PURNA AT DHUPESHWAR MALKAPUR AKOLA,CPCB,27,Maharashtra,472,Buldana,MALKAPUR,-,-,-,-,-,-,-,-,20.93346900,76.27687800,08-05-2019 08:30,"","","","","",""
2443,PURNA AT DHUPESHWAR MALKAPUR AKOLA,CPCB,27,Maharashtra,472,Buldana,MALKAPUR,-,-,-,-,-,-,-,-,20.93346900,76.27687800,07-08-2019 08:30,"","","","","",""
2444,PURNA AT DHUPESHWAR MALKAPUR AKOLA,CPCB,27,Maharashtra,472,Buldana,MALKAPUR,-,-,-,-,-,-,-,-,20.93346900,76.27687800,07-09-2019 08:30,"","","","","",""
2445,PURNA AT DHUPESHWAR MALKAPUR AKOLA,CPCB,27,Maharashtra,472,Buldana,MALKAPUR,-,-,-,-,-,-,-,-,20.93346900,76.27687800,21-10-2019 08:30,"","","","","",""
2446,PURNA AT DHUPESHWAR MALKAPUR AKOLA,CPCB,27,Maharashtra,472,Buldana,MALKAPUR,-,-,-,-,-,-,-,-,20.93346900,76.27687800,07-11-2019 08:30,"","","","","",""
2447,PURNA AT DHUPESHWAR MALKAPUR AKOLA,CPCB,27,Maharashtra,472,Buldana,MALKAPUR,-,-,-,-,-,-,-,-,20.93346900,76.27687800,05-12-2019 08:30,"","","","","",""
2448,PURNA RIVER A/C OF MORNA ANDURA VILLAGE BALAPUR AKOLA,CPCB,27,Maharashtra,467,Akola,Balapur,-,-,-,-,-,-,-,-,20.88237000,76.85661800,05-03-2018 08:30,"","","","","",""
2449,PURNA RIVER A/C OF MORNA ANDURA VILLAGE BALAPUR AKOLA,CPCB,27,Maharashtra,467,Akola,Balapur,-,-,-,-,-,-,-,-,20.88237000,76.85661800,03-08-2018 08:30,"","","","","",""
2450,PURNA RIVER A/C OF MORNA ANDURA VILLAGE BALAPUR AKOLA,CPCB,27,Maharashtra,467,Akola,Balapur,-,-,-,-,-,-,-,-,20.88237000,76.85661800,04-09-2018 08:30,"","","","","",""
2451,PURNA RIVER A/C OF MORNA ANDURA VILLAGE BALAPUR AKOLA,CPCB,27,Maharashtra,467,Akola,Balapur,-,-,-,-,-,-,-,-,20.88237000,76.85661800,04-10-2018 08:30,"","","","","",""
2452,PURNA RIVER A/C OF MORNA ANDURA VILLAGE BALAPUR AKOLA,CPCB,27,Maharashtra,467,Akola,Balapur,-,-,-,-,-,-,-,-,20.88237000,76.85661800,08-08-2019 08:30,"","","","","",""
2453,PURNA RIVER A/C OF MORNA ANDURA VILLAGE BALAPUR AKOLA,CPCB,27,Maharashtra,467,Akola,Balapur,-,-,-,-,-,-,-,-,20.88237000,76.85661800,09-09-2019 08:30,"","","","","",""
2454,PURNA RIVER A/C OF MORNA ANDURA VILLAGE BALAPUR AKOLA,CPCB,27,Maharashtra,467,Akola,Balapur,-,-,-,-,-,-,-,-,20.88237000,76.85661800,21-10-2019 08:30,"","","","","",""
2455,PURNA RIVER A/C OF MORNA ANDURA VILLAGE BALAPUR AKOLA,CPCB,27,Maharashtra,467,Akola,Balapur,-,-,-,-,-,-,-,-,20.88237000,76.85661800,07-11-2019 08:30,"","","","","",""
2456,PURNA RIVER A/C OF MORNA ANDURA VILLAGE BALAPUR AKOLA,CPCB,27,Maharashtra,467,Akola,Balapur,-,-,-,-,-,-,-,-,20.88237000,76.85661800,05-12-2019 08:30,"","","","","",""
2457,PURNA RIVER NEAR ACHALPUR-AMRAVATI ROAD BRIDGE ASEGAON CHANDUR BAZAR AMRAVATI,CPCB,27,Maharashtra,468,Amravati,BHATKULI,-,-,-,-,-,-,-,-,21.12984400,77.57423000,10-04-2019 08:30,"","","","","",""
2458,PURNA RIVER NEAR ACHALPUR-AMRAVATI ROAD BRIDGE ASEGAON CHANDUR BAZAR AMRAVATI,CPCB,27,Maharashtra,468,Amravati,BHATKULI,-,-,-,-,-,-,-,-,21.12984400,77.57423000,01-08-2019 08:30,"","","","","",""
2459,PURNA RIVER NEAR ACHALPUR-AMRAVATI ROAD BRIDGE ASEGAON CHANDUR BAZAR AMRAVATI,CPCB,27,Maharashtra,468,Amravati,BHATKULI,-,-,-,-,-,-,-,-,21.12984400,77.57423000,04-09-2019 08:30,"","","","","",""
2460,PURNA RIVER NEAR ACHALPUR-AMRAVATI ROAD BRIDGE ASEGAON CHANDUR BAZAR AMRAVATI,CPCB,27,Maharashtra,468,Amravati,BHATKULI,-,-,-,-,-,-,-,-,21.12984400,77.57423000,05-10-2019 08:30,"","","","","",""
2461,PURNA RIVER NEAR ACHALPUR-AMRAVATI ROAD BRIDGE ASEGAON CHANDUR BAZAR AMRAVATI,CPCB,27,Maharashtra,468,Amravati,BHATKULI,-,-,-,-,-,-,-,-,21.12984400,77.57423000,10-11-2019 08:30,"","","","","",""
2462,RAIPURHINGNA NAGPUR,CPCB,27,Maharashtra,484,Nagpur,HINGNA,-,-,-,-,-,-,-,-,21.07737800,78.96710100,29-10-2018 08:30,992,"","","","",""
2463,RAIPURHINGNA NAGPUR,CPCB,27,Maharashtra,484,Nagpur,HINGNA,-,-,-,-,-,-,-,-,21.07737800,78.96710100,25-04-2019 08:30,"","","","","",""
2464,RANGAVALI D/S OF NAVAPUR NANDURBAR,CPCB,27,Maharashtra,486,Nandurbar,NAWAPUR,-,-,-,-,-,-,-,-,21.16162400,73.79375100,04-03-2018 08:30,"","","","","",""
2465,RANGAVALI D/S OF NAVAPUR NANDURBAR,CPCB,27,Maharashtra,486,Nandurbar,NAWAPUR,-,-,-,-,-,-,-,-,21.16162400,73.79375100,01-07-2018 08:30,"","","","","",""
2466,RANGAVALI D/S OF NAVAPUR NANDURBAR,CPCB,27,Maharashtra,486,Nandurbar,NAWAPUR,-,-,-,-,-,-,-,-,21.16162400,73.79375100,02-08-2018 08:30,"","","","","",""
2467,RANGAVALI D/S OF NAVAPUR NANDURBAR,CPCB,27,Maharashtra,486,Nandurbar,NAWAPUR,-,-,-,-,-,-,-,-,21.16162400,73.79375100,02-09-2018 08:30,"","","","","",""
2468,RANGAVALI D/S OF NAVAPUR NANDURBAR,CPCB,27,Maharashtra,486,Nandurbar,NAWAPUR,-,-,-,-,-,-,-,-,21.16162400,73.79375100,04-10-2018 08:30,"","","","","",""
2469,RANGAVALI D/S OF NAVAPUR NANDURBAR,CPCB,27,Maharashtra,486,Nandurbar,NAWAPUR,-,-,-,-,-,-,-,-,21.16162400,73.79375100,04-11-2018 08:30,"","","","","",""
2470,RANGAVALI D/S OF NAVAPUR NANDURBAR,CPCB,27,Maharashtra,486,Nandurbar,NAWAPUR,-,-,-,-,-,-,-,-,21.16162400,73.79375100,04-01-2019 08:30,"","","","","",""
2471,RANGAVALI D/S OF NAVAPUR NANDURBAR,CPCB,27,Maharashtra,486,Nandurbar,NAWAPUR,-,-,-,-,-,-,-,-,21.16162400,73.79375100,02-07-2019 08:30,"","","","","",""
2472,RANGAVALI D/S OF NAVAPUR NANDURBAR,CPCB,27,Maharashtra,486,Nandurbar,NAWAPUR,-,-,-,-,-,-,-,-,21.16162400,73.79375100,02-08-2019 08:30,"","","","","",""
2473,RANGAVALI D/S OF NAVAPUR NANDURBAR,CPCB,27,Maharashtra,486,Nandurbar,NAWAPUR,-,-,-,-,-,-,-,-,21.16162400,73.79375100,04-09-2019 08:30,"","","","","",""
2474,RANGAVALI D/S OF NAVAPUR NANDURBAR,CPCB,27,Maharashtra,486,Nandurbar,NAWAPUR,-,-,-,-,-,-,-,-,21.16162400,73.79375100,03-10-2019 08:30,"","","","","",""
2475,RANGAVALI D/S OF NAVAPUR NANDURBAR,CPCB,27,Maharashtra,486,Nandurbar,NAWAPUR,-,-,-,-,-,-,-,-,21.16162400,73.79375100,04-11-2019 08:30,"","","","","",""
2476,RANGAVALI D/S OF NAVAPUR NANDURBAR,CPCB,27,Maharashtra,486,Nandurbar,NAWAPUR,-,-,-,-,-,-,-,-,21.16162400,73.79375100,04-12-2019 08:30,"","","","","",""
2477,RASULWADI-SAMBARWADI MIRAJSANGLI,CPCB,27,Maharashtra,493,Sangli,MIRAJ,-,-,-,-,-,-,-,-,16.93435400,74.66412200,02-04-2018 08:30,2036,Colorless,"","","",""
2478,RASULWADI-SAMBARWADI MIRAJSANGLI,CPCB,27,Maharashtra,493,Sangli,MIRAJ,-,-,-,-,-,-,-,-,16.93435400,74.66412200,08-10-2018 08:30,958,"","","","",""
2479,RASULWADI-SAMBARWADI MIRAJSANGLI,CPCB,27,Maharashtra,493,Sangli,MIRAJ,-,-,-,-,-,-,-,-,16.93435400,74.66412200,01-04-2019 08:30,33270,"","",2,"",""
2480,RASULWADI-SAMBARWADI MIRAJSANGLI,CPCB,27,Maharashtra,493,Sangli,MIRAJ,-,-,-,-,-,-,-,-,16.93435400,74.66412200,04-10-2019 08:30,924,"","",1.2,"",""
2481,RIVER KALNA AT CHANDEL- PERNEM GOA,CPCB,27,Maharashtra,495,Sindudurg,SAWANTWADI,-,-,-,-,-,-,-,-,15.74629000,73.89949400,01-01-2018 08:30,"","","","","",""
2482,RIVER KALNA AT CHANDEL- PERNEM GOA,CPCB,27,Maharashtra,495,Sindudurg,SAWANTWADI,-,-,-,-,-,-,-,-,15.74629000,73.89949400,02-02-2018 08:30,"","","","","",""
2483,RIVER KALNA AT CHANDEL- PERNEM GOA,CPCB,27,Maharashtra,495,Sindudurg,SAWANTWADI,-,-,-,-,-,-,-,-,15.74629000,73.89949400,12-03-2018 08:30,"","","","","",""
2484,RIVER KALNA AT CHANDEL- PERNEM GOA,CPCB,27,Maharashtra,495,Sindudurg,SAWANTWADI,-,-,-,-,-,-,-,-,15.74629000,73.89949400,02-04-2018 08:30,"","","","","",""
2485,RIVER KALNA AT CHANDEL- PERNEM GOA,CPCB,27,Maharashtra,495,Sindudurg,SAWANTWADI,-,-,-,-,-,-,-,-,15.74629000,73.89949400,07-05-2018 08:30,"","","","","",""
2486,RIVER KALNA AT CHANDEL- PERNEM GOA,CPCB,27,Maharashtra,495,Sindudurg,SAWANTWADI,-,-,-,-,-,-,-,-,15.74629000,73.89949400,11-06-2018 08:30,"","","","","",""
2487,RIVER KALNA AT CHANDEL- PERNEM GOA,CPCB,27,Maharashtra,495,Sindudurg,SAWANTWADI,-,-,-,-,-,-,-,-,15.74629000,73.89949400,02-07-2018 08:30,"","","","","",""
2488,RIVER KALNA AT CHANDEL- PERNEM GOA,CPCB,27,Maharashtra,495,Sindudurg,SAWANTWADI,-,-,-,-,-,-,-,-,15.74629000,73.89949400,13-08-2018 08:30,"","","","","",""
2489,RIVER KALNA AT CHANDEL- PERNEM GOA,CPCB,27,Maharashtra,495,Sindudurg,SAWANTWADI,-,-,-,-,-,-,-,-,15.74629000,73.89949400,03-09-2018 08:30,"","","","","",""
2490,RIVER KALNA AT CHANDEL- PERNEM GOA,CPCB,27,Maharashtra,495,Sindudurg,SAWANTWADI,-,-,-,-,-,-,-,-,15.74629000,73.89949400,01-10-2018 08:30,"","","","","",""
2491,RIVER KALNA AT CHANDEL- PERNEM GOA,CPCB,27,Maharashtra,495,Sindudurg,SAWANTWADI,-,-,-,-,-,-,-,-,15.74629000,73.89949400,02-11-2018 08:30,"","","","","",""
2492,RIVER KALNA AT CHANDEL- PERNEM GOA,CPCB,27,Maharashtra,495,Sindudurg,SAWANTWADI,-,-,-,-,-,-,-,-,15.74629000,73.89949400,10-12-2018 08:30,"","","","","",""
2493,RIVER KALNA AT CHANDEL- PERNEM GOA,CPCB,27,Maharashtra,495,Sindudurg,SAWANTWADI,-,-,-,-,-,-,-,-,15.74629000,73.89949400,07-01-2019 08:30,"","","","","",""
2494,RIVER KALNA AT CHANDEL- PERNEM GOA,CPCB,27,Maharashtra,495,Sindudurg,SAWANTWADI,-,-,-,-,-,-,-,-,15.74629000,73.89949400,01-02-2019 08:30,"","","","","",""
2495,RIVER KALNA AT CHANDEL- PERNEM GOA,CPCB,27,Maharashtra,495,Sindudurg,SAWANTWADI,-,-,-,-,-,-,-,-,15.74629000,73.89949400,19-03-2019 08:30,"","","","","",""
2496,RIVER KALNA AT CHANDEL- PERNEM GOA,CPCB,27,Maharashtra,495,Sindudurg,SAWANTWADI,-,-,-,-,-,-,-,-,15.74629000,73.89949400,19-04-2019 08:30,"","","","","",""
2497,RIVER KALNA AT CHANDEL- PERNEM GOA,CPCB,27,Maharashtra,495,Sindudurg,SAWANTWADI,-,-,-,-,-,-,-,-,15.74629000,73.89949400,13-05-2019 08:30,"","","","","",""
2498,RIVER KALNA AT CHANDEL- PERNEM GOA,CPCB,27,Maharashtra,495,Sindudurg,SAWANTWADI,-,-,-,-,-,-,-,-,15.74629000,73.89949400,11-06-2019 08:30,"","","","","",""
2499,RIVER KALNA AT CHANDEL- PERNEM GOA,CPCB,27,Maharashtra,495,Sindudurg,SAWANTWADI,-,-,-,-,-,-,-,-,15.74629000,73.89949400,19-07-2019 08:30,"","","","","",""
2500,RIVER KALNA AT CHANDEL- PERNEM GOA,CPCB,27,Maharashtra,495,Sindudurg,SAWANTWADI,-,-,-,-,-,-,-,-,15.74629000,73.89949400,13-08-2019 08:30,"","","","","",""
2501,RIVER KALNA AT CHANDEL- PERNEM GOA,CPCB,27,Maharashtra,495,Sindudurg,SAWANTWADI,-,-,-,-,-,-,-,-,15.74629000,73.89949400,16-09-2019 08:30,"","","","","",""
2502,RIVER KALNA AT CHANDEL- PERNEM GOA,CPCB,27,Maharashtra,495,Sindudurg,SAWANTWADI,-,-,-,-,-,-,-,-,15.74629000,73.89949400,18-11-2019 08:30,"","","","","",""
2503,RIVER KALNA AT CHANDEL- PERNEM GOA,CPCB,27,Maharashtra,495,Sindudurg,SAWANTWADI,-,-,-,-,-,-,-,-,15.74629000,73.89949400,04-12-2019 08:30,"","","","","",""
2504,RIVER KALNA AT CHANDEL- PERNEM GOA,CPCB,27,Maharashtra,495,Sindudurg,SAWANTWADI,-,-,-,-,-,-,-,-,15.74629000,73.89949400,03-01-2020 08:30,50,"","",1.99,"",8
2505,RIVER KALNA AT CHANDEL- PERNEM GOA,CPCB,27,Maharashtra,495,Sindudurg,SAWANTWADI,-,-,-,-,-,-,-,-,15.74629000,73.89949400,03-02-2020 08:30,95,"","",1.87,"",""
2506,RIVER KALNA AT CHANDEL- PERNEM GOA,CPCB,27,Maharashtra,495,Sindudurg,SAWANTWADI,-,-,-,-,-,-,-,-,15.74629000,73.89949400,02-03-2020 08:30,93,"","",2.56,"",""
2507,RIVER KALNA AT CHANDEL- PERNEM GOA,CPCB,27,Maharashtra,495,Sindudurg,SAWANTWADI,-,-,-,-,-,-,-,-,15.74629000,73.89949400,08-04-2020 08:30,101,"","",1.08,"",""
2508,RIVER KALNA AT CHANDEL- PERNEM GOA,CPCB,27,Maharashtra,495,Sindudurg,SAWANTWADI,-,-,-,-,-,-,-,-,15.74629000,73.89949400,04-05-2020 08:30,96,"","",2.96,"",""
2509,RIVER KALNA AT CHANDEL- PERNEM GOA,CPCB,27,Maharashtra,495,Sindudurg,SAWANTWADI,-,-,-,-,-,-,-,-,15.74629000,73.89949400,01-06-2020 08:30,82,"","",4.11,"",""
2510,RIVER KALNA AT CHANDEL- PERNEM GOA,CPCB,27,Maharashtra,495,Sindudurg,SAWANTWADI,-,-,-,-,-,-,-,-,15.74629000,73.89949400,01-07-2020 08:30,68,"","",1.82,"",""
2511,RIVER KALNA AT CHANDEL- PERNEM GOA,CPCB,27,Maharashtra,495,Sindudurg,SAWANTWADI,-,-,-,-,-,-,-,-,15.74629000,73.89949400,03-08-2020 08:30,15,"","",6.25,"",""
2512,RIVER KALNA AT CHANDEL- PERNEM GOA,CPCB,27,Maharashtra,495,Sindudurg,SAWANTWADI,-,-,-,-,-,-,-,-,15.74629000,73.89949400,07-09-2020 08:30,55,"","",46.3,"",""
2513,RIVER KALNA AT CHANDEL- PERNEM GOA,CPCB,27,Maharashtra,495,Sindudurg,SAWANTWADI,-,-,-,-,-,-,-,-,15.74629000,73.89949400,05-10-2020 08:30,57,"","",54.4,"",""
2514,RIVER KALNA AT CHANDEL- PERNEM GOA,CPCB,27,Maharashtra,495,Sindudurg,SAWANTWADI,-,-,-,-,-,-,-,-,15.74629000,73.89949400,02-11-2020 08:30,69,"","",4.52,"",""
2515,SARAWALI CREEK SARAWALI PALGHAR THANE,CPCB,27,Maharashtra,665,Palghar,PALGHAR,-,-,-,-,-,-,-,-,19.77559600,72.75590100,09-01-2018 08:30,"",Clear,"","","",""
2516,SARAWALI CREEK SARAWALI PALGHAR THANE,CPCB,27,Maharashtra,665,Palghar,PALGHAR,-,-,-,-,-,-,-,-,19.77559600,72.75590100,05-02-2018 08:30,"",Clear,"","","",""
2517,SARAWALI CREEK SARAWALI PALGHAR THANE,CPCB,27,Maharashtra,665,Palghar,PALGHAR,-,-,-,-,-,-,-,-,19.77559600,72.75590100,06-03-2018 08:30,"",Clear,"","","",""
2518,SARAWALI CREEK SARAWALI PALGHAR THANE,CPCB,27,Maharashtra,665,Palghar,PALGHAR,-,-,-,-,-,-,-,-,19.77559600,72.75590100,05-04-2018 08:30,"",Clear,"","","",""
2519,SARAWALI CREEK SARAWALI PALGHAR THANE,CPCB,27,Maharashtra,665,Palghar,PALGHAR,-,-,-,-,-,-,-,-,19.77559600,72.75590100,09-05-2018 08:30,"",Light Brown,"","","",""
2520,SARAWALI CREEK SARAWALI PALGHAR THANE,CPCB,27,Maharashtra,665,Palghar,PALGHAR,-,-,-,-,-,-,-,-,19.77559600,72.75590100,04-06-2018 08:30,"",Clear,"","","",""
2521,SARAWALI CREEK SARAWALI PALGHAR THANE,CPCB,27,Maharashtra,665,Palghar,PALGHAR,-,-,-,-,-,-,-,-,19.77559600,72.75590100,05-07-2018 08:30,"",Clear,"","","",""
2522,SARAWALI CREEK SARAWALI PALGHAR THANE,CPCB,27,Maharashtra,665,Palghar,PALGHAR,-,-,-,-,-,-,-,-,19.77559600,72.75590100,09-08-2018 08:30,"",Clear,"","","",""
2523,SARAWALI CREEK SARAWALI PALGHAR THANE,CPCB,27,Maharashtra,665,Palghar,PALGHAR,-,-,-,-,-,-,-,-,19.77559600,72.75590100,09-09-2018 08:30,"",Light Brown,"","","",""
2524,SARAWALI CREEK SARAWALI PALGHAR THANE,CPCB,27,Maharashtra,665,Palghar,PALGHAR,-,-,-,-,-,-,-,-,19.77559600,72.75590100,04-10-2018 08:30,"",Light Brown,"","","",""
2525,SARAWALI CREEK SARAWALI PALGHAR THANE,CPCB,27,Maharashtra,665,Palghar,PALGHAR,-,-,-,-,-,-,-,-,19.77559600,72.75590100,01-11-2018 08:30,"",Light Brown,"","","",""
2526,SARAWALI CREEK SARAWALI PALGHAR THANE,CPCB,27,Maharashtra,665,Palghar,PALGHAR,-,-,-,-,-,-,-,-,19.77559600,72.75590100,06-12-2018 08:30,"",Light Brown,"","","",""
2527,SARAWALI CREEK SARAWALI PALGHAR THANE,CPCB,27,Maharashtra,665,Palghar,PALGHAR,-,-,-,-,-,-,-,-,19.77559600,72.75590100,03-01-2019 08:30,"","","","","",""
2528,SARAWALI CREEK SARAWALI PALGHAR THANE,CPCB,27,Maharashtra,665,Palghar,PALGHAR,-,-,-,-,-,-,-,-,19.77559600,72.75590100,05-02-2019 08:30,"","","","","",""
2529,SARAWALI CREEK SARAWALI PALGHAR THANE,CPCB,27,Maharashtra,665,Palghar,PALGHAR,-,-,-,-,-,-,-,-,19.77559600,72.75590100,15-03-2019 08:30,"",Light Green,"","","",""
2530,SARAWALI CREEK SARAWALI PALGHAR THANE,CPCB,27,Maharashtra,665,Palghar,PALGHAR,-,-,-,-,-,-,-,-,19.77559600,72.75590100,04-04-2019 08:30,"","","","","",""
2531,SARAWALI CREEK SARAWALI PALGHAR THANE,CPCB,27,Maharashtra,665,Palghar,PALGHAR,-,-,-,-,-,-,-,-,19.77559600,72.75590100,06-05-2019 08:30,"",Light Brown,"","","",""
2532,SARAWALI CREEK SARAWALI PALGHAR THANE,CPCB,27,Maharashtra,665,Palghar,PALGHAR,-,-,-,-,-,-,-,-,19.77559600,72.75590100,06-06-2019 08:30,"",Light Brown,"","","",""
2533,SARAWALI CREEK SARAWALI PALGHAR THANE,CPCB,27,Maharashtra,665,Palghar,PALGHAR,-,-,-,-,-,-,-,-,19.77559600,72.75590100,10-07-2019 08:30,"",Light Brown,"","","",""
2534,SARAWALI CREEK SARAWALI PALGHAR THANE,CPCB,27,Maharashtra,665,Palghar,PALGHAR,-,-,-,-,-,-,-,-,19.77559600,72.75590100,08-08-2019 08:30,"","","","","",""
2535,SARAWALI CREEK SARAWALI PALGHAR THANE,CPCB,27,Maharashtra,665,Palghar,PALGHAR,-,-,-,-,-,-,-,-,19.77559600,72.75590100,05-09-2019 08:30,"","","","","",""
2536,SARAWALI CREEK SARAWALI PALGHAR THANE,CPCB,27,Maharashtra,665,Palghar,PALGHAR,-,-,-,-,-,-,-,-,19.77559600,72.75590100,07-10-2019 08:30,"","","","","",""
2537,SARAWALI CREEK SARAWALI PALGHAR THANE,CPCB,27,Maharashtra,665,Palghar,PALGHAR,-,-,-,-,-,-,-,-,19.77559600,72.75590100,08-11-2019 08:30,"","","","","",""
2538,SARAWALI CREEK SARAWALI PALGHAR THANE,CPCB,27,Maharashtra,665,Palghar,PALGHAR,-,-,-,-,-,-,-,-,19.77559600,72.75590100,06-12-2019 08:30,"","","","","",""
2539,SAVALI MIRAJ SANGLI,CPCB,27,Maharashtra,493,Sangli,MIRAJ,-,-,-,-,-,-,-,-,16.86198100,74.65092400,02-04-2018 08:30,5826,Colorless,"","","",""
2540,SAVALI MIRAJ SANGLI,CPCB,27,Maharashtra,493,Sangli,MIRAJ,-,-,-,-,-,-,-,-,16.86198100,74.65092400,08-10-2018 08:30,701,"","","","",""
2541,SAVALI MIRAJ SANGLI,CPCB,27,Maharashtra,493,Sangli,MIRAJ,-,-,-,-,-,-,-,-,16.86198100,74.65092400,01-04-2019 08:30,803,"","",7.1,"",""
2542,SAVALI MIRAJ SANGLI,CPCB,27,Maharashtra,493,Sangli,MIRAJ,-,-,-,-,-,-,-,-,16.86198100,74.65092400,04-10-2019 08:30,750,"","","","",""
2543,SAVTA CREEK SAVTA DAHANU THANE,CPCB,27,Maharashtra,665,Palghar,DAHANU,-,-,-,-,-,-,-,-,19.96565900,72.77986300,04-01-2018 08:30,"",Clear,"","","",""
2544,SAVTA CREEK SAVTA DAHANU THANE,CPCB,27,Maharashtra,665,Palghar,DAHANU,-,-,-,-,-,-,-,-,19.96565900,72.77986300,05-02-2018 08:30,"",Clear,"","","",""
2545,SAVTA CREEK SAVTA DAHANU THANE,CPCB,27,Maharashtra,665,Palghar,DAHANU,-,-,-,-,-,-,-,-,19.96565900,72.77986300,06-03-2018 08:30,"",Clear,"","","",""
2546,SAVTA CREEK SAVTA DAHANU THANE,CPCB,27,Maharashtra,665,Palghar,DAHANU,-,-,-,-,-,-,-,-,19.96565900,72.77986300,04-04-2018 08:30,"",Clear,"","","",""
2547,SAVTA CREEK SAVTA DAHANU THANE,CPCB,27,Maharashtra,665,Palghar,DAHANU,-,-,-,-,-,-,-,-,19.96565900,72.77986300,04-05-2018 08:30,"",Clear,"","","",""
2548,SAVTA CREEK SAVTA DAHANU THANE,CPCB,27,Maharashtra,665,Palghar,DAHANU,-,-,-,-,-,-,-,-,19.96565900,72.77986300,06-06-2018 08:30,"",Clear,"","","",""
2549,SAVTA CREEK SAVTA DAHANU THANE,CPCB,27,Maharashtra,665,Palghar,DAHANU,-,-,-,-,-,-,-,-,19.96565900,72.77986300,07-07-2018 08:30,"",Clear,"","","",""
2550,SAVTA CREEK SAVTA DAHANU THANE,CPCB,27,Maharashtra,665,Palghar,DAHANU,-,-,-,-,-,-,-,-,19.96565900,72.77986300,03-08-2018 08:30,"",Light Brown,"","","",""
2551,SAVTA CREEK SAVTA DAHANU THANE,CPCB,27,Maharashtra,665,Palghar,DAHANU,-,-,-,-,-,-,-,-,19.96565900,72.77986300,06-09-2018 08:30,"","","","","",""
2552,SAVTA CREEK SAVTA DAHANU THANE,CPCB,27,Maharashtra,665,Palghar,DAHANU,-,-,-,-,-,-,-,-,19.96565900,72.77986300,04-10-2018 08:30,"",Clear,"","","",""
2553,SAVTA CREEK SAVTA DAHANU THANE,CPCB,27,Maharashtra,665,Palghar,DAHANU,-,-,-,-,-,-,-,-,19.96565900,72.77986300,02-11-2018 08:30,"","","","","",""
2554,SAVTA CREEK SAVTA DAHANU THANE,CPCB,27,Maharashtra,665,Palghar,DAHANU,-,-,-,-,-,-,-,-,19.96565900,72.77986300,07-12-2018 08:30,"",Clear,"","","",""
2555,SAVTA CREEK SAVTA DAHANU THANE,CPCB,27,Maharashtra,665,Palghar,DAHANU,-,-,-,-,-,-,-,-,19.96565900,72.77986300,03-01-2019 08:30,"",Light Brown,"","","",""
2556,SAVTA CREEK SAVTA DAHANU THANE,CPCB,27,Maharashtra,665,Palghar,DAHANU,-,-,-,-,-,-,-,-,19.96565900,72.77986300,01-02-2019 08:30,"","","","","",""
2557,SAVTA CREEK SAVTA DAHANU THANE,CPCB,27,Maharashtra,665,Palghar,DAHANU,-,-,-,-,-,-,-,-,19.96565900,72.77986300,01-03-2019 08:30,"","","","","",""
2558,SAVTA CREEK SAVTA DAHANU THANE,CPCB,27,Maharashtra,665,Palghar,DAHANU,-,-,-,-,-,-,-,-,19.96565900,72.77986300,03-04-2019 08:30,"","","","","",""
2559,SAVTA CREEK SAVTA DAHANU THANE,CPCB,27,Maharashtra,665,Palghar,DAHANU,-,-,-,-,-,-,-,-,19.96565900,72.77986300,13-05-2019 08:30,"","","","","",""
2560,SAVTA CREEK SAVTA DAHANU THANE,CPCB,27,Maharashtra,665,Palghar,DAHANU,-,-,-,-,-,-,-,-,19.96565900,72.77986300,07-06-2019 08:30,"","","","","",""
2561,SAVTA CREEK SAVTA DAHANU THANE,CPCB,27,Maharashtra,665,Palghar,DAHANU,-,-,-,-,-,-,-,-,19.96565900,72.77986300,10-07-2019 08:30,"","","","","",""
2562,SAVTA CREEK SAVTA DAHANU THANE,CPCB,27,Maharashtra,665,Palghar,DAHANU,-,-,-,-,-,-,-,-,19.96565900,72.77986300,02-08-2019 08:30,"","","","","",""
2563,SAVTA CREEK SAVTA DAHANU THANE,CPCB,27,Maharashtra,665,Palghar,DAHANU,-,-,-,-,-,-,-,-,19.96565900,72.77986300,05-09-2019 08:30,"","","","","",""
2564,SAVTA CREEK SAVTA DAHANU THANE,CPCB,27,Maharashtra,665,Palghar,DAHANU,-,-,-,-,-,-,-,-,19.96565900,72.77986300,09-10-2019 08:30,"","","","","",""
2565,SAVTA CREEK SAVTA DAHANU THANE,CPCB,27,Maharashtra,665,Palghar,DAHANU,-,-,-,-,-,-,-,-,19.96565900,72.77986300,01-11-2019 08:30,"","","","","",""
2566,SAVTA CREEK SAVTA DAHANU THANE,CPCB,27,Maharashtra,665,Palghar,DAHANU,-,-,-,-,-,-,-,-,19.96565900,72.77986300,09-12-2019 08:30,"","","","","",""
2567,SAWARGAON YAVATMAL,CPCB,27,Maharashtra,500,Yavatmal,KALAMB,-,-,-,-,-,-,-,-,20.49194200,78.47733900,04-04-2018 08:30,916,"","","","",""
2568,SAWARGAON YAVATMAL,CPCB,27,Maharashtra,500,Yavatmal,KALAMB,-,-,-,-,-,-,-,-,20.49194200,78.47733900,09-10-2018 08:30,1790,"","","","",""
2569,SAWARGAON YAVATMAL,CPCB,27,Maharashtra,500,Yavatmal,KALAMB,-,-,-,-,-,-,-,-,20.49194200,78.47733900,02-04-2019 08:30,236,"","","","",""
2570,SAWARGAON YAVATMAL,CPCB,27,Maharashtra,500,Yavatmal,KALAMB,-,-,-,-,-,-,-,-,20.49194200,78.47733900,07-10-2019 08:30,1690,"","","","",""
2571,SEA WATER AT BHAGWATI BUNDER NEAR ULTRA TECH CEMENT JETTY MIRKARWADA RATNAGIRI RATNAGIRI,CPCB,27,Maharashtra,492,Ratnagiri,RATNAGIRI,-,-,-,-,-,-,-,-,16.99731800,73.27252300,06-01-2018 08:30,"",Light Brown,"","","",""
2572,SEA WATER AT BHAGWATI BUNDER NEAR ULTRA TECH CEMENT JETTY MIRKARWADA RATNAGIRI RATNAGIRI,CPCB,27,Maharashtra,492,Ratnagiri,RATNAGIRI,-,-,-,-,-,-,-,-,16.99731800,73.27252300,05-02-2018 08:30,"",Light Brown,"","","",""
2573,SEA WATER AT BHAGWATI BUNDER NEAR ULTRA TECH CEMENT JETTY MIRKARWADA RATNAGIRI RATNAGIRI,CPCB,27,Maharashtra,492,Ratnagiri,RATNAGIRI,-,-,-,-,-,-,-,-,16.99731800,73.27252300,08-03-2018 08:30,"",Light Brown,"","","",""
2574,SEA WATER AT BHAGWATI BUNDER NEAR ULTRA TECH CEMENT JETTY MIRKARWADA RATNAGIRI RATNAGIRI,CPCB,27,Maharashtra,492,Ratnagiri,RATNAGIRI,-,-,-,-,-,-,-,-,16.99731800,73.27252300,04-04-2018 08:30,"",Light Brown,"","","",""
2575,SEA WATER AT BHAGWATI BUNDER NEAR ULTRA TECH CEMENT JETTY MIRKARWADA RATNAGIRI RATNAGIRI,CPCB,27,Maharashtra,492,Ratnagiri,RATNAGIRI,-,-,-,-,-,-,-,-,16.99731800,73.27252300,08-05-2018 08:30,"",Light Brown,"","","",""
2576,SEA WATER AT BHAGWATI BUNDER NEAR ULTRA TECH CEMENT JETTY MIRKARWADA RATNAGIRI RATNAGIRI,CPCB,27,Maharashtra,492,Ratnagiri,RATNAGIRI,-,-,-,-,-,-,-,-,16.99731800,73.27252300,04-06-2018 08:30,"",Light Brown,"","","",""
2577,SEA WATER AT BHAGWATI BUNDER NEAR ULTRA TECH CEMENT JETTY MIRKARWADA RATNAGIRI RATNAGIRI,CPCB,27,Maharashtra,492,Ratnagiri,RATNAGIRI,-,-,-,-,-,-,-,-,16.99731800,73.27252300,05-07-2018 08:30,"",Brown,"","","",""
2578,SEA WATER AT BHAGWATI BUNDER NEAR ULTRA TECH CEMENT JETTY MIRKARWADA RATNAGIRI RATNAGIRI,CPCB,27,Maharashtra,492,Ratnagiri,RATNAGIRI,-,-,-,-,-,-,-,-,16.99731800,73.27252300,04-08-2018 08:30,"",Brown,"","","",""
2579,SEA WATER AT BHAGWATI BUNDER NEAR ULTRA TECH CEMENT JETTY MIRKARWADA RATNAGIRI RATNAGIRI,CPCB,27,Maharashtra,492,Ratnagiri,RATNAGIRI,-,-,-,-,-,-,-,-,16.99731800,73.27252300,04-09-2018 08:30,"",Brown,"","","",""
2580,SEA WATER AT BHAGWATI BUNDER NEAR ULTRA TECH CEMENT JETTY MIRKARWADA RATNAGIRI RATNAGIRI,CPCB,27,Maharashtra,492,Ratnagiri,RATNAGIRI,-,-,-,-,-,-,-,-,16.99731800,73.27252300,01-10-2018 08:30,"",Brown,"","","",""
2581,SEA WATER AT BHAGWATI BUNDER NEAR ULTRA TECH CEMENT JETTY MIRKARWADA RATNAGIRI RATNAGIRI,CPCB,27,Maharashtra,492,Ratnagiri,RATNAGIRI,-,-,-,-,-,-,-,-,16.99731800,73.27252300,04-11-2018 08:30,"",Light Brown,"","","",""
2582,SEA WATER AT BHAGWATI BUNDER NEAR ULTRA TECH CEMENT JETTY MIRKARWADA RATNAGIRI RATNAGIRI,CPCB,27,Maharashtra,492,Ratnagiri,RATNAGIRI,-,-,-,-,-,-,-,-,16.99731800,73.27252300,02-12-2018 08:30,"",Brown,"","","",""
2583,SEA WATER AT BHAGWATI BUNDER NEAR ULTRA TECH CEMENT JETTY MIRKARWADA RATNAGIRI RATNAGIRI,CPCB,27,Maharashtra,492,Ratnagiri,RATNAGIRI,-,-,-,-,-,-,-,-,16.99731800,73.27252300,05-01-2019 08:30,"",Brown,"","","",""
2584,SEA WATER AT BHAGWATI BUNDER NEAR ULTRA TECH CEMENT JETTY MIRKARWADA RATNAGIRI RATNAGIRI,CPCB,27,Maharashtra,492,Ratnagiri,RATNAGIRI,-,-,-,-,-,-,-,-,16.99731800,73.27252300,01-02-2019 08:30,"",Brown,"","","",""
2585,SEA WATER AT BHAGWATI BUNDER NEAR ULTRA TECH CEMENT JETTY MIRKARWADA RATNAGIRI RATNAGIRI,CPCB,27,Maharashtra,492,Ratnagiri,RATNAGIRI,-,-,-,-,-,-,-,-,16.99731800,73.27252300,04-03-2019 08:30,"",Brown,"","","",""
2586,SEA WATER AT BHAGWATI BUNDER NEAR ULTRA TECH CEMENT JETTY MIRKARWADA RATNAGIRI RATNAGIRI,CPCB,27,Maharashtra,492,Ratnagiri,RATNAGIRI,-,-,-,-,-,-,-,-,16.99731800,73.27252300,01-04-2019 08:30,"","","","","",""
2587,SEA WATER AT BHAGWATI BUNDER NEAR ULTRA TECH CEMENT JETTY MIRKARWADA RATNAGIRI RATNAGIRI,CPCB,27,Maharashtra,492,Ratnagiri,RATNAGIRI,-,-,-,-,-,-,-,-,16.99731800,73.27252300,04-05-2019 08:30,"",Brown,"","","",""
2588,SEA WATER AT BHAGWATI BUNDER NEAR ULTRA TECH CEMENT JETTY MIRKARWADA RATNAGIRI RATNAGIRI,CPCB,27,Maharashtra,492,Ratnagiri,RATNAGIRI,-,-,-,-,-,-,-,-,16.99731800,73.27252300,05-06-2019 08:30,"",Brown,"","","",""
2589,SEA WATER AT BHAGWATI BUNDER NEAR ULTRA TECH CEMENT JETTY MIRKARWADA RATNAGIRI RATNAGIRI,CPCB,27,Maharashtra,492,Ratnagiri,RATNAGIRI,-,-,-,-,-,-,-,-,16.99731800,73.27252300,05-07-2019 08:30,"",Brown,"","","",""
2590,SEA WATER AT BHAGWATI BUNDER NEAR ULTRA TECH CEMENT JETTY MIRKARWADA RATNAGIRI RATNAGIRI,CPCB,27,Maharashtra,492,Ratnagiri,RATNAGIRI,-,-,-,-,-,-,-,-,16.99731800,73.27252300,02-08-2019 08:30,"",Light Brown,"","","",""
2591,SEA WATER AT BHAGWATI BUNDER NEAR ULTRA TECH CEMENT JETTY MIRKARWADA RATNAGIRI RATNAGIRI,CPCB,27,Maharashtra,492,Ratnagiri,RATNAGIRI,-,-,-,-,-,-,-,-,16.99731800,73.27252300,04-09-2019 08:30,"",Light Brown,"","","",""
2592,SEA WATER AT BHAGWATI BUNDER NEAR ULTRA TECH CEMENT JETTY MIRKARWADA RATNAGIRI RATNAGIRI,CPCB,27,Maharashtra,492,Ratnagiri,RATNAGIRI,-,-,-,-,-,-,-,-,16.99731800,73.27252300,01-10-2019 08:30,"","","","","",""
2593,SEA WATER AT BHAGWATI BUNDER NEAR ULTRA TECH CEMENT JETTY MIRKARWADA RATNAGIRI RATNAGIRI,CPCB,27,Maharashtra,492,Ratnagiri,RATNAGIRI,-,-,-,-,-,-,-,-,16.99731800,73.27252300,04-11-2019 08:30,"","","","","",""
2594,SEA WATER AT BHAGWATI BUNDER NEAR ULTRA TECH CEMENT JETTY MIRKARWADA RATNAGIRI RATNAGIRI,CPCB,27,Maharashtra,492,Ratnagiri,RATNAGIRI,-,-,-,-,-,-,-,-,16.99731800,73.27252300,03-12-2019 08:30,"","","","","",""
2595,SEA WATER AT CHARNI ROAD CHOUPATHY GIRGAON MUMBAI,CPCB,27,Maharashtra,483,MUMBAI CITY,MUMBAI,-,-,-,-,-,-,-,-,18.94903700,72.81911100,04-01-2018 08:30,"",Light Brown,"","","",""
2596,SEA WATER AT CHARNI ROAD CHOUPATHY GIRGAON MUMBAI,CPCB,27,Maharashtra,483,MUMBAI CITY,MUMBAI,-,-,-,-,-,-,-,-,18.94903700,72.81911100,03-02-2018 08:30,"",Light Brown,"","","",""
2597,SEA WATER AT CHARNI ROAD CHOUPATHY GIRGAON MUMBAI,CPCB,27,Maharashtra,483,MUMBAI CITY,MUMBAI,-,-,-,-,-,-,-,-,18.94903700,72.81911100,03-03-2018 08:30,"",Light Brown,"","","",""
2598,SEA WATER AT CHARNI ROAD CHOUPATHY GIRGAON MUMBAI,CPCB,27,Maharashtra,483,MUMBAI CITY,MUMBAI,-,-,-,-,-,-,-,-,18.94903700,72.81911100,03-04-2018 08:30,"",Light Brown,"","","",""
2599,SEA WATER AT CHARNI ROAD CHOUPATHY GIRGAON MUMBAI,CPCB,27,Maharashtra,483,MUMBAI CITY,MUMBAI,-,-,-,-,-,-,-,-,18.94903700,72.81911100,07-05-2018 08:30,"",Light Brown,"","","",""
2600,SEA WATER AT CHARNI ROAD CHOUPATHY GIRGAON MUMBAI,CPCB,27,Maharashtra,483,MUMBAI CITY,MUMBAI,-,-,-,-,-,-,-,-,18.94903700,72.81911100,02-06-2018 08:30,"",Light Brown,"","","",""
2601,SEA WATER AT CHARNI ROAD CHOUPATHY GIRGAON MUMBAI,CPCB,27,Maharashtra,483,MUMBAI CITY,MUMBAI,-,-,-,-,-,-,-,-,18.94903700,72.81911100,03-07-2018 08:30,"",Clear,"","","",""
2602,SEA WATER AT CHARNI ROAD CHOUPATHY GIRGAON MUMBAI,CPCB,27,Maharashtra,483,MUMBAI CITY,MUMBAI,-,-,-,-,-,-,-,-,18.94903700,72.81911100,02-08-2018 08:30,"","","","","",""
2603,SEA WATER AT CHARNI ROAD CHOUPATHY GIRGAON MUMBAI,CPCB,27,Maharashtra,483,MUMBAI CITY,MUMBAI,-,-,-,-,-,-,-,-,18.94903700,72.81911100,04-09-2018 08:30,"",Light Brown,"","","",""
2604,SEA WATER AT CHARNI ROAD CHOUPATHY GIRGAON MUMBAI,CPCB,27,Maharashtra,483,MUMBAI CITY,MUMBAI,-,-,-,-,-,-,-,-,18.94903700,72.81911100,03-10-2018 08:30,"",Light Brown,"","","",""
2605,SEA WATER AT CHARNI ROAD CHOUPATHY GIRGAON MUMBAI,CPCB,27,Maharashtra,483,MUMBAI CITY,MUMBAI,-,-,-,-,-,-,-,-,18.94903700,72.81911100,01-11-2018 08:30,"",Light Brown,"","","",""
2606,SEA WATER AT CHARNI ROAD CHOUPATHY GIRGAON MUMBAI,CPCB,27,Maharashtra,483,MUMBAI CITY,MUMBAI,-,-,-,-,-,-,-,-,18.94903700,72.81911100,03-12-2018 08:30,"",Light Brown,"","","",""
2607,SEA WATER AT CHARNI ROAD CHOUPATHY GIRGAON MUMBAI,CPCB,27,Maharashtra,483,MUMBAI CITY,MUMBAI,-,-,-,-,-,-,-,-,18.94903700,72.81911100,04-01-2019 08:30,"",Light Brown,"","","",""
2608,SEA WATER AT CHARNI ROAD CHOUPATHY GIRGAON MUMBAI,CPCB,27,Maharashtra,483,MUMBAI CITY,MUMBAI,-,-,-,-,-,-,-,-,18.94903700,72.81911100,01-02-2019 08:30,"",Light Brown,"","","",""
2609,SEA WATER AT CHARNI ROAD CHOUPATHY GIRGAON MUMBAI,CPCB,27,Maharashtra,483,MUMBAI CITY,MUMBAI,-,-,-,-,-,-,-,-,18.94903700,72.81911100,01-03-2019 08:30,"","","","","",""
2610,SEA WATER AT CHARNI ROAD CHOUPATHY GIRGAON MUMBAI,CPCB,27,Maharashtra,483,MUMBAI CITY,MUMBAI,-,-,-,-,-,-,-,-,18.94903700,72.81911100,03-04-2019 08:30,"",Light Brown,"","","",""
2611,SEA WATER AT CHARNI ROAD CHOUPATHY GIRGAON MUMBAI,CPCB,27,Maharashtra,483,MUMBAI CITY,MUMBAI,-,-,-,-,-,-,-,-,18.94903700,72.81911100,02-05-2019 08:30,"",Light Brown,"","","",""
2612,SEA WATER AT CHARNI ROAD CHOUPATHY GIRGAON MUMBAI,CPCB,27,Maharashtra,483,MUMBAI CITY,MUMBAI,-,-,-,-,-,-,-,-,18.94903700,72.81911100,01-06-2019 08:30,"","","","","",""
2613,SEA WATER AT CHARNI ROAD CHOUPATHY GIRGAON MUMBAI,CPCB,27,Maharashtra,483,MUMBAI CITY,MUMBAI,-,-,-,-,-,-,-,-,18.94903700,72.81911100,03-07-2019 08:30,"","","","","",""
2614,SEA WATER AT CHARNI ROAD CHOUPATHY GIRGAON MUMBAI,CPCB,27,Maharashtra,483,MUMBAI CITY,MUMBAI,-,-,-,-,-,-,-,-,18.94903700,72.81911100,06-08-2019 08:30,"","","","","",""
2615,SEA WATER AT CHARNI ROAD CHOUPATHY GIRGAON MUMBAI,CPCB,27,Maharashtra,483,MUMBAI CITY,MUMBAI,-,-,-,-,-,-,-,-,18.94903700,72.81911100,04-09-2019 08:30,"",Light Brown,"","","",""
2616,SEA WATER AT CHARNI ROAD CHOUPATHY GIRGAON MUMBAI,CPCB,27,Maharashtra,483,MUMBAI CITY,MUMBAI,-,-,-,-,-,-,-,-,18.94903700,72.81911100,04-10-2019 08:30,"","","","","",""
2617,SEA WATER AT CHARNI ROAD CHOUPATHY GIRGAON MUMBAI,CPCB,27,Maharashtra,483,MUMBAI CITY,MUMBAI,-,-,-,-,-,-,-,-,18.94903700,72.81911100,05-11-2019 08:30,"","","","","",""
2618,SEA WATER AT CHARNI ROAD CHOUPATHY GIRGAON MUMBAI,CPCB,27,Maharashtra,483,MUMBAI CITY,MUMBAI,-,-,-,-,-,-,-,-,18.94903700,72.81911100,05-12-2019 08:30,"","","","","",""
2619,SEA WATER AT GANAPATIPULE RATNAGIRI RATNAGIRI,CPCB,27,Maharashtra,492,Ratnagiri,RATNAGIRI,-,-,-,-,-,-,-,-,17.14719500,73.26473000,06-01-2018 08:30,"",Light Brown,"","","",""
2620,SEA WATER AT GANAPATIPULE RATNAGIRI RATNAGIRI,CPCB,27,Maharashtra,492,Ratnagiri,RATNAGIRI,-,-,-,-,-,-,-,-,17.14719500,73.26473000,05-02-2018 08:30,"",Light Brown,"","","",""
2621,SEA WATER AT GANAPATIPULE RATNAGIRI RATNAGIRI,CPCB,27,Maharashtra,492,Ratnagiri,RATNAGIRI,-,-,-,-,-,-,-,-,17.14719500,73.26473000,08-03-2018 08:30,"",Light Brown,"","","",""
2622,SEA WATER AT GANAPATIPULE RATNAGIRI RATNAGIRI,CPCB,27,Maharashtra,492,Ratnagiri,RATNAGIRI,-,-,-,-,-,-,-,-,17.14719500,73.26473000,04-04-2018 08:30,"",Light Brown,"","","",""
2623,SEA WATER AT GANAPATIPULE RATNAGIRI RATNAGIRI,CPCB,27,Maharashtra,492,Ratnagiri,RATNAGIRI,-,-,-,-,-,-,-,-,17.14719500,73.26473000,08-05-2018 08:30,"",Light Brown,"","","",""
2624,SEA WATER AT GANAPATIPULE RATNAGIRI RATNAGIRI,CPCB,27,Maharashtra,492,Ratnagiri,RATNAGIRI,-,-,-,-,-,-,-,-,17.14719500,73.26473000,04-06-2018 08:30,"",Light Brown,"","","",""
2625,SEA WATER AT GANAPATIPULE RATNAGIRI RATNAGIRI,CPCB,27,Maharashtra,492,Ratnagiri,RATNAGIRI,-,-,-,-,-,-,-,-,17.14719500,73.26473000,05-07-2018 08:30,"",Brown,"","","",""
2626,SEA WATER AT GANAPATIPULE RATNAGIRI RATNAGIRI,CPCB,27,Maharashtra,492,Ratnagiri,RATNAGIRI,-,-,-,-,-,-,-,-,17.14719500,73.26473000,04-08-2018 08:30,"",Brown,"","","",""
2627,SEA WATER AT GANAPATIPULE RATNAGIRI RATNAGIRI,CPCB,27,Maharashtra,492,Ratnagiri,RATNAGIRI,-,-,-,-,-,-,-,-,17.14719500,73.26473000,04-09-2018 08:30,"",Brown,"","","",""
2628,SEA WATER AT GANAPATIPULE RATNAGIRI RATNAGIRI,CPCB,27,Maharashtra,492,Ratnagiri,RATNAGIRI,-,-,-,-,-,-,-,-,17.14719500,73.26473000,01-10-2018 08:30,"",Brown,"","","",""
2629,SEA WATER AT GANAPATIPULE RATNAGIRI RATNAGIRI,CPCB,27,Maharashtra,492,Ratnagiri,RATNAGIRI,-,-,-,-,-,-,-,-,17.14719500,73.26473000,04-11-2018 08:30,"",Light Brown,"","","",""
2630,SEA WATER AT GANAPATIPULE RATNAGIRI RATNAGIRI,CPCB,27,Maharashtra,492,Ratnagiri,RATNAGIRI,-,-,-,-,-,-,-,-,17.14719500,73.26473000,02-12-2018 08:30,"",Brown,"","","",""
2631,SEA WATER AT GANAPATIPULE RATNAGIRI RATNAGIRI,CPCB,27,Maharashtra,492,Ratnagiri,RATNAGIRI,-,-,-,-,-,-,-,-,17.14719500,73.26473000,06-01-2019 08:30,"",Brown,"","","",""
2632,SEA WATER AT GANAPATIPULE RATNAGIRI RATNAGIRI,CPCB,27,Maharashtra,492,Ratnagiri,RATNAGIRI,-,-,-,-,-,-,-,-,17.14719500,73.26473000,02-02-2019 08:30,"",Brown,"","","",""
2633,SEA WATER AT GANAPATIPULE RATNAGIRI RATNAGIRI,CPCB,27,Maharashtra,492,Ratnagiri,RATNAGIRI,-,-,-,-,-,-,-,-,17.14719500,73.26473000,04-03-2019 08:30,"",Brown,"","","",""
2634,SEA WATER AT GANAPATIPULE RATNAGIRI RATNAGIRI,CPCB,27,Maharashtra,492,Ratnagiri,RATNAGIRI,-,-,-,-,-,-,-,-,17.14719500,73.26473000,01-04-2019 08:30,"","","","","",""
2635,SEA WATER AT GANAPATIPULE RATNAGIRI RATNAGIRI,CPCB,27,Maharashtra,492,Ratnagiri,RATNAGIRI,-,-,-,-,-,-,-,-,17.14719500,73.26473000,03-05-2019 08:30,"",Brown,"","","",""
2636,SEA WATER AT GANAPATIPULE RATNAGIRI RATNAGIRI,CPCB,27,Maharashtra,492,Ratnagiri,RATNAGIRI,-,-,-,-,-,-,-,-,17.14719500,73.26473000,05-06-2019 08:30,"",Brown,"","","",""
2637,SEA WATER AT GANAPATIPULE RATNAGIRI RATNAGIRI,CPCB,27,Maharashtra,492,Ratnagiri,RATNAGIRI,-,-,-,-,-,-,-,-,17.14719500,73.26473000,05-07-2019 08:30,"",Brown,"","","",""
2638,SEA WATER AT GANAPATIPULE RATNAGIRI RATNAGIRI,CPCB,27,Maharashtra,492,Ratnagiri,RATNAGIRI,-,-,-,-,-,-,-,-,17.14719500,73.26473000,02-08-2019 08:30,"",Light Brown,"","","",""
2639,SEA WATER AT GANAPATIPULE RATNAGIRI RATNAGIRI,CPCB,27,Maharashtra,492,Ratnagiri,RATNAGIRI,-,-,-,-,-,-,-,-,17.14719500,73.26473000,04-09-2019 08:30,"",Light Brown,"","","",""
2640,SEA WATER AT GANAPATIPULE RATNAGIRI RATNAGIRI,CPCB,27,Maharashtra,492,Ratnagiri,RATNAGIRI,-,-,-,-,-,-,-,-,17.14719500,73.26473000,01-10-2019 08:30,"","","","","",""
2641,SEA WATER AT GANAPATIPULE RATNAGIRI RATNAGIRI,CPCB,27,Maharashtra,492,Ratnagiri,RATNAGIRI,-,-,-,-,-,-,-,-,17.14719500,73.26473000,04-11-2019 08:30,"","","","","",""
2642,SEA WATER AT GANAPATIPULE RATNAGIRI RATNAGIRI,CPCB,27,Maharashtra,492,Ratnagiri,RATNAGIRI,-,-,-,-,-,-,-,-,17.14719500,73.26473000,03-12-2019 08:30,"","","","","",""
2643,SEA WATER AT GATEWAY OF INDIACOLABA MUMBAI,CPCB,27,Maharashtra,483,MUMBAI CITY,MUMBAI,-,-,-,-,-,-,-,-,18.92178000,72.83473200,04-01-2018 08:30,"",Light Brown,"","","",""
2644,SEA WATER AT GATEWAY OF INDIACOLABA MUMBAI,CPCB,27,Maharashtra,483,MUMBAI CITY,MUMBAI,-,-,-,-,-,-,-,-,18.92178000,72.83473200,03-02-2018 08:30,"",Light Brown,"","","",""
2645,SEA WATER AT GATEWAY OF INDIACOLABA MUMBAI,CPCB,27,Maharashtra,483,MUMBAI CITY,MUMBAI,-,-,-,-,-,-,-,-,18.92178000,72.83473200,03-03-2018 08:30,"",Light Brown,"","","",""
2646,SEA WATER AT GATEWAY OF INDIACOLABA MUMBAI,CPCB,27,Maharashtra,483,MUMBAI CITY,MUMBAI,-,-,-,-,-,-,-,-,18.92178000,72.83473200,03-04-2018 08:30,"",Light Brown,"","","",""
2647,SEA WATER AT GATEWAY OF INDIACOLABA MUMBAI,CPCB,27,Maharashtra,483,MUMBAI CITY,MUMBAI,-,-,-,-,-,-,-,-,18.92178000,72.83473200,07-05-2018 08:30,"",Light Brown,"","","",""
2648,SEA WATER AT GATEWAY OF INDIACOLABA MUMBAI,CPCB,27,Maharashtra,483,MUMBAI CITY,MUMBAI,-,-,-,-,-,-,-,-,18.92178000,72.83473200,02-06-2018 08:30,"",Light Brown,"","","",""
2649,SEA WATER AT GATEWAY OF INDIACOLABA MUMBAI,CPCB,27,Maharashtra,483,MUMBAI CITY,MUMBAI,-,-,-,-,-,-,-,-,18.92178000,72.83473200,03-07-2018 08:30,"",Clear,"","","",""
2650,SEA WATER AT GATEWAY OF INDIACOLABA MUMBAI,CPCB,27,Maharashtra,483,MUMBAI CITY,MUMBAI,-,-,-,-,-,-,-,-,18.92178000,72.83473200,02-08-2018 08:30,"","","","","",""
2651,SEA WATER AT GATEWAY OF INDIACOLABA MUMBAI,CPCB,27,Maharashtra,483,MUMBAI CITY,MUMBAI,-,-,-,-,-,-,-,-,18.92178000,72.83473200,04-09-2018 08:30,"",Light Brown,"","","",""
2652,SEA WATER AT GATEWAY OF INDIACOLABA MUMBAI,CPCB,27,Maharashtra,483,MUMBAI CITY,MUMBAI,-,-,-,-,-,-,-,-,18.92178000,72.83473200,03-10-2018 08:30,"",Light Brown,"","","",""
2653,SEA WATER AT GATEWAY OF INDIACOLABA MUMBAI,CPCB,27,Maharashtra,483,MUMBAI CITY,MUMBAI,-,-,-,-,-,-,-,-,18.92178000,72.83473200,01-11-2018 08:30,"",Light Brown,"","","",""
2654,SEA WATER AT GATEWAY OF INDIACOLABA MUMBAI,CPCB,27,Maharashtra,483,MUMBAI CITY,MUMBAI,-,-,-,-,-,-,-,-,18.92178000,72.83473200,03-12-2018 08:30,"",Light Brown,"","","",""
2655,SEA WATER AT GATEWAY OF INDIACOLABA MUMBAI,CPCB,27,Maharashtra,483,MUMBAI CITY,MUMBAI,-,-,-,-,-,-,-,-,18.92178000,72.83473200,05-01-2019 08:30,"",Light Brown,"","","",""
2656,SEA WATER AT GATEWAY OF INDIACOLABA MUMBAI,CPCB,27,Maharashtra,483,MUMBAI CITY,MUMBAI,-,-,-,-,-,-,-,-,18.92178000,72.83473200,01-02-2019 08:30,"",Light Brown,"","","",""
2657,SEA WATER AT GATEWAY OF INDIACOLABA MUMBAI,CPCB,27,Maharashtra,483,MUMBAI CITY,MUMBAI,-,-,-,-,-,-,-,-,18.92178000,72.83473200,01-03-2019 08:30,"","","","","",""
2658,SEA WATER AT GATEWAY OF INDIACOLABA MUMBAI,CPCB,27,Maharashtra,483,MUMBAI CITY,MUMBAI,-,-,-,-,-,-,-,-,18.92178000,72.83473200,03-04-2019 08:30,"","","","","",""
2659,SEA WATER AT GATEWAY OF INDIACOLABA MUMBAI,CPCB,27,Maharashtra,483,MUMBAI CITY,MUMBAI,-,-,-,-,-,-,-,-,18.92178000,72.83473200,02-05-2019 08:30,"",Light Brown,"","","",""
2660,SEA WATER AT GATEWAY OF INDIACOLABA MUMBAI,CPCB,27,Maharashtra,483,MUMBAI CITY,MUMBAI,-,-,-,-,-,-,-,-,18.92178000,72.83473200,01-06-2019 08:30,"","","","","",""
2661,SEA WATER AT GATEWAY OF INDIACOLABA MUMBAI,CPCB,27,Maharashtra,483,MUMBAI CITY,MUMBAI,-,-,-,-,-,-,-,-,18.92178000,72.83473200,03-07-2019 08:30,"","","","","",""
2662,SEA WATER AT GATEWAY OF INDIACOLABA MUMBAI,CPCB,27,Maharashtra,483,MUMBAI CITY,MUMBAI,-,-,-,-,-,-,-,-,18.92178000,72.83473200,06-08-2019 08:30,"","","","","",""
2663,SEA WATER AT GATEWAY OF INDIACOLABA MUMBAI,CPCB,27,Maharashtra,483,MUMBAI CITY,MUMBAI,-,-,-,-,-,-,-,-,18.92178000,72.83473200,04-09-2019 08:30,"",Light Brown,"","","",""
2664,SEA WATER AT GATEWAY OF INDIACOLABA MUMBAI,CPCB,27,Maharashtra,483,MUMBAI CITY,MUMBAI,-,-,-,-,-,-,-,-,18.92178000,72.83473200,04-10-2019 08:30,"","","","","",""
2665,SEA WATER AT GATEWAY OF INDIACOLABA MUMBAI,CPCB,27,Maharashtra,483,MUMBAI CITY,MUMBAI,-,-,-,-,-,-,-,-,18.92178000,72.83473200,05-11-2019 08:30,"","","","","",""
2666,SEA WATER AT GATEWAY OF INDIACOLABA MUMBAI,CPCB,27,Maharashtra,483,MUMBAI CITY,MUMBAI,-,-,-,-,-,-,-,-,18.92178000,72.83473200,05-12-2019 08:30,"","","","","",""
2667,SEA WATER AT HAJI ALI WORLI MUMBAI,CPCB,27,Maharashtra,483,MUMBAI CITY,MUMBAI,-,-,-,-,-,-,-,-,18.98229200,72.80892300,05-01-2018 08:30,"",Light Brown,"","","",""
2668,SEA WATER AT HAJI ALI WORLI MUMBAI,CPCB,27,Maharashtra,483,MUMBAI CITY,MUMBAI,-,-,-,-,-,-,-,-,18.98229200,72.80892300,05-02-2018 08:30,"",Light Brown,"","","",""
2669,SEA WATER AT HAJI ALI WORLI MUMBAI,CPCB,27,Maharashtra,483,MUMBAI CITY,MUMBAI,-,-,-,-,-,-,-,-,18.98229200,72.80892300,05-03-2018 08:30,"",Light Brown,"","","",""
2670,SEA WATER AT HAJI ALI WORLI MUMBAI,CPCB,27,Maharashtra,483,MUMBAI CITY,MUMBAI,-,-,-,-,-,-,-,-,18.98229200,72.80892300,04-04-2018 08:30,"",Light Brown,"","","",""
2671,SEA WATER AT HAJI ALI WORLI MUMBAI,CPCB,27,Maharashtra,483,MUMBAI CITY,MUMBAI,-,-,-,-,-,-,-,-,18.98229200,72.80892300,07-05-2018 08:30,"",Light Brown,"","","",""
2672,SEA WATER AT HAJI ALI WORLI MUMBAI,CPCB,27,Maharashtra,483,MUMBAI CITY,MUMBAI,-,-,-,-,-,-,-,-,18.98229200,72.80892300,04-06-2018 08:30,"",Light Brown,"","","",""
2673,SEA WATER AT HAJI ALI WORLI MUMBAI,CPCB,27,Maharashtra,483,MUMBAI CITY,MUMBAI,-,-,-,-,-,-,-,-,18.98229200,72.80892300,03-07-2018 08:30,"",Clear,"","","",""
2674,SEA WATER AT HAJI ALI WORLI MUMBAI,CPCB,27,Maharashtra,483,MUMBAI CITY,MUMBAI,-,-,-,-,-,-,-,-,18.98229200,72.80892300,03-08-2018 08:30,"","","","","",""
2675,SEA WATER AT HAJI ALI WORLI MUMBAI,CPCB,27,Maharashtra,483,MUMBAI CITY,MUMBAI,-,-,-,-,-,-,-,-,18.98229200,72.80892300,05-09-2018 08:30,"",Light Brown,"","","",""
2676,SEA WATER AT HAJI ALI WORLI MUMBAI,CPCB,27,Maharashtra,483,MUMBAI CITY,MUMBAI,-,-,-,-,-,-,-,-,18.98229200,72.80892300,04-10-2018 08:30,"",Light Brown,"","","",""
2677,SEA WATER AT HAJI ALI WORLI MUMBAI,CPCB,27,Maharashtra,483,MUMBAI CITY,MUMBAI,-,-,-,-,-,-,-,-,18.98229200,72.80892300,01-11-2018 08:30,"",Light Brown,"","","",""
2678,SEA WATER AT HAJI ALI WORLI MUMBAI,CPCB,27,Maharashtra,483,MUMBAI CITY,MUMBAI,-,-,-,-,-,-,-,-,18.98229200,72.80892300,04-12-2018 08:30,"",Light Brown,"","","",""
2679,SEA WATER AT HAJI ALI WORLI MUMBAI,CPCB,27,Maharashtra,483,MUMBAI CITY,MUMBAI,-,-,-,-,-,-,-,-,18.98229200,72.80892300,04-01-2019 08:30,"",Light Brown,"","","",""
2680,SEA WATER AT HAJI ALI WORLI MUMBAI,CPCB,27,Maharashtra,483,MUMBAI CITY,MUMBAI,-,-,-,-,-,-,-,-,18.98229200,72.80892300,02-02-2019 08:30,"",Light Brown,"","","",""
2681,SEA WATER AT HAJI ALI WORLI MUMBAI,CPCB,27,Maharashtra,483,MUMBAI CITY,MUMBAI,-,-,-,-,-,-,-,-,18.98229200,72.80892300,02-03-2019 08:30,"","","","","",""
2682,SEA WATER AT HAJI ALI WORLI MUMBAI,CPCB,27,Maharashtra,483,MUMBAI CITY,MUMBAI,-,-,-,-,-,-,-,-,18.98229200,72.80892300,04-04-2019 08:30,"",Dark Brown,"","","",""
2683,SEA WATER AT HAJI ALI WORLI MUMBAI,CPCB,27,Maharashtra,483,MUMBAI CITY,MUMBAI,-,-,-,-,-,-,-,-,18.98229200,72.80892300,02-05-2019 08:30,"",Light Brown,"","","",""
2684,SEA WATER AT HAJI ALI WORLI MUMBAI,CPCB,27,Maharashtra,483,MUMBAI CITY,MUMBAI,-,-,-,-,-,-,-,-,18.98229200,72.80892300,03-06-2019 08:30,"","","","","",""
2685,SEA WATER AT HAJI ALI WORLI MUMBAI,CPCB,27,Maharashtra,483,MUMBAI CITY,MUMBAI,-,-,-,-,-,-,-,-,18.98229200,72.80892300,04-07-2019 08:30,"","","","","",""
2686,SEA WATER AT HAJI ALI WORLI MUMBAI,CPCB,27,Maharashtra,483,MUMBAI CITY,MUMBAI,-,-,-,-,-,-,-,-,18.98229200,72.80892300,05-08-2019 08:30,"","","","","",""
2687,SEA WATER AT HAJI ALI WORLI MUMBAI,CPCB,27,Maharashtra,483,MUMBAI CITY,MUMBAI,-,-,-,-,-,-,-,-,18.98229200,72.80892300,04-09-2019 08:30,"",Light Brown,"","","",""
2688,SEA WATER AT HAJI ALI WORLI MUMBAI,CPCB,27,Maharashtra,483,MUMBAI CITY,MUMBAI,-,-,-,-,-,-,-,-,18.98229200,72.80892300,03-10-2019 08:30,"","","","","",""
2689,SEA WATER AT HAJI ALI WORLI MUMBAI,CPCB,27,Maharashtra,483,MUMBAI CITY,MUMBAI,-,-,-,-,-,-,-,-,18.98229200,72.80892300,05-11-2019 08:30,"","","","","",""
2690,SEA WATER AT HAJI ALI WORLI MUMBAI,CPCB,27,Maharashtra,483,MUMBAI CITY,MUMBAI,-,-,-,-,-,-,-,-,18.98229200,72.80892300,06-12-2019 08:30,"","","","","",""
2691,SEA WATER AT JUHU BEACH JUHUGAON SANTACRUZ MUMBAI,CPCB,27,Maharashtra,483,Mumbai Suburban,MUMBAI (SUBURBAN),-,-,-,-,-,-,-,-,19.08915100,72.82602800,03-01-2018 08:30,"","","","","",""
2692,SEA WATER AT JUHU BEACH JUHUGAON SANTACRUZ MUMBAI,CPCB,27,Maharashtra,483,Mumbai Suburban,MUMBAI (SUBURBAN),-,-,-,-,-,-,-,-,19.08915100,72.82602800,05-02-2018 08:30,"","","","","",""
2693,SEA WATER AT JUHU BEACH JUHUGAON SANTACRUZ MUMBAI,CPCB,27,Maharashtra,483,Mumbai Suburban,MUMBAI (SUBURBAN),-,-,-,-,-,-,-,-,19.08915100,72.82602800,05-03-2018 08:30,"","","","","",""
2694,SEA WATER AT JUHU BEACH JUHUGAON SANTACRUZ MUMBAI,CPCB,27,Maharashtra,483,Mumbai Suburban,MUMBAI (SUBURBAN),-,-,-,-,-,-,-,-,19.08915100,72.82602800,05-04-2018 08:30,"","","","","",""
2695,SEA WATER AT JUHU BEACH JUHUGAON SANTACRUZ MUMBAI,CPCB,27,Maharashtra,483,Mumbai Suburban,MUMBAI (SUBURBAN),-,-,-,-,-,-,-,-,19.08915100,72.82602800,04-05-2018 08:30,"","","","","",""
2696,SEA WATER AT JUHU BEACH JUHUGAON SANTACRUZ MUMBAI,CPCB,27,Maharashtra,483,Mumbai Suburban,MUMBAI (SUBURBAN),-,-,-,-,-,-,-,-,19.08915100,72.82602800,02-06-2018 08:30,"","","","","",""
2697,SEA WATER AT JUHU BEACH JUHUGAON SANTACRUZ MUMBAI,CPCB,27,Maharashtra,483,Mumbai Suburban,MUMBAI (SUBURBAN),-,-,-,-,-,-,-,-,19.08915100,72.82602800,07-07-2018 08:30,"",Light Brown,"","","",""
2698,SEA WATER AT JUHU BEACH JUHUGAON SANTACRUZ MUMBAI,CPCB,27,Maharashtra,483,Mumbai Suburban,MUMBAI (SUBURBAN),-,-,-,-,-,-,-,-,19.08915100,72.82602800,03-08-2018 08:30,"","","","","",""
2699,SEA WATER AT JUHU BEACH JUHUGAON SANTACRUZ MUMBAI,CPCB,27,Maharashtra,483,Mumbai Suburban,MUMBAI (SUBURBAN),-,-,-,-,-,-,-,-,19.08915100,72.82602800,04-09-2018 08:30,"","","","","",""
2700,SEA WATER AT JUHU BEACH JUHUGAON SANTACRUZ MUMBAI,CPCB,27,Maharashtra,483,Mumbai Suburban,MUMBAI (SUBURBAN),-,-,-,-,-,-,-,-,19.08915100,72.82602800,05-10-2018 08:30,"","","","","",""
2701,SEA WATER AT JUHU BEACH JUHUGAON SANTACRUZ MUMBAI,CPCB,27,Maharashtra,483,Mumbai Suburban,MUMBAI (SUBURBAN),-,-,-,-,-,-,-,-,19.08915100,72.82602800,03-11-2018 08:30,"","","","","",""
2702,SEA WATER AT JUHU BEACH JUHUGAON SANTACRUZ MUMBAI,CPCB,27,Maharashtra,483,Mumbai Suburban,MUMBAI (SUBURBAN),-,-,-,-,-,-,-,-,19.08915100,72.82602800,04-12-2018 08:30,"","","","","",""
2703,SEA WATER AT JUHU BEACH JUHUGAON SANTACRUZ MUMBAI,CPCB,27,Maharashtra,483,Mumbai Suburban,MUMBAI (SUBURBAN),-,-,-,-,-,-,-,-,19.08915100,72.82602800,02-01-2019 08:30,"",Light Brown,"","","",""
2704,SEA WATER AT JUHU BEACH JUHUGAON SANTACRUZ MUMBAI,CPCB,27,Maharashtra,483,Mumbai Suburban,MUMBAI (SUBURBAN),-,-,-,-,-,-,-,-,19.08915100,72.82602800,01-02-2019 08:30,"",Light Brown,"","","",""
2705,SEA WATER AT JUHU BEACH JUHUGAON SANTACRUZ MUMBAI,CPCB,27,Maharashtra,483,Mumbai Suburban,MUMBAI (SUBURBAN),-,-,-,-,-,-,-,-,19.08915100,72.82602800,01-03-2019 08:30,"","","","","",""
2706,SEA WATER AT JUHU BEACH JUHUGAON SANTACRUZ MUMBAI,CPCB,27,Maharashtra,483,Mumbai Suburban,MUMBAI (SUBURBAN),-,-,-,-,-,-,-,-,19.08915100,72.82602800,03-04-2019 08:30,"","","","","",""
2707,SEA WATER AT JUHU BEACH JUHUGAON SANTACRUZ MUMBAI,CPCB,27,Maharashtra,483,Mumbai Suburban,MUMBAI (SUBURBAN),-,-,-,-,-,-,-,-,19.08915100,72.82602800,03-05-2019 08:30,"","","","","",""
2708,SEA WATER AT JUHU BEACH JUHUGAON SANTACRUZ MUMBAI,CPCB,27,Maharashtra,483,Mumbai Suburban,MUMBAI (SUBURBAN),-,-,-,-,-,-,-,-,19.08915100,72.82602800,04-06-2019 08:30,"","","","","",""
2709,SEA WATER AT JUHU BEACH JUHUGAON SANTACRUZ MUMBAI,CPCB,27,Maharashtra,483,Mumbai Suburban,MUMBAI (SUBURBAN),-,-,-,-,-,-,-,-,19.08915100,72.82602800,05-07-2019 08:30,"","","","","",""
2710,SEA WATER AT JUHU BEACH JUHUGAON SANTACRUZ MUMBAI,CPCB,27,Maharashtra,483,Mumbai Suburban,MUMBAI (SUBURBAN),-,-,-,-,-,-,-,-,19.08915100,72.82602800,06-08-2019 08:30,"","","","","",""
2711,SEA WATER AT JUHU BEACH JUHUGAON SANTACRUZ MUMBAI,CPCB,27,Maharashtra,483,Mumbai Suburban,MUMBAI (SUBURBAN),-,-,-,-,-,-,-,-,19.08915100,72.82602800,04-09-2019 08:30,"","","","","",""
2712,SEA WATER AT JUHU BEACH JUHUGAON SANTACRUZ MUMBAI,CPCB,27,Maharashtra,483,Mumbai Suburban,MUMBAI (SUBURBAN),-,-,-,-,-,-,-,-,19.08915100,72.82602800,04-10-2019 08:30,"","","","","",""
2713,SEA WATER AT JUHU BEACH JUHUGAON SANTACRUZ MUMBAI,CPCB,27,Maharashtra,483,Mumbai Suburban,MUMBAI (SUBURBAN),-,-,-,-,-,-,-,-,19.08915100,72.82602800,05-11-2019 08:30,"","","","","",""
2714,SEA WATER AT JUHU BEACH JUHUGAON SANTACRUZ MUMBAI,CPCB,27,Maharashtra,483,Mumbai Suburban,MUMBAI (SUBURBAN),-,-,-,-,-,-,-,-,19.08915100,72.82602800,05-12-2019 08:30,"","","","","",""
2715,SEA WATER AT MALABAR HILL WALKESHWAR MUMBAI,CPCB,27,Maharashtra,483,MUMBAI CITY,MUMBAI,-,-,-,-,-,-,-,-,18.95033700,72.80324100,04-01-2018 08:30,"",Light Brown,"","","",""
2716,SEA WATER AT MALABAR HILL WALKESHWAR MUMBAI,CPCB,27,Maharashtra,483,MUMBAI CITY,MUMBAI,-,-,-,-,-,-,-,-,18.95033700,72.80324100,03-02-2018 08:30,"",Light Brown,"","","",""
2717,SEA WATER AT MALABAR HILL WALKESHWAR MUMBAI,CPCB,27,Maharashtra,483,MUMBAI CITY,MUMBAI,-,-,-,-,-,-,-,-,18.95033700,72.80324100,03-03-2018 08:30,"",Light Brown,"","","",""
2718,SEA WATER AT MALABAR HILL WALKESHWAR MUMBAI,CPCB,27,Maharashtra,483,MUMBAI CITY,MUMBAI,-,-,-,-,-,-,-,-,18.95033700,72.80324100,03-04-2018 08:30,"",Light Brown,"","","",""
2719,SEA WATER AT MALABAR HILL WALKESHWAR MUMBAI,CPCB,27,Maharashtra,483,MUMBAI CITY,MUMBAI,-,-,-,-,-,-,-,-,18.95033700,72.80324100,07-05-2018 08:30,"",Light Brown,"","","",""
2720,SEA WATER AT MALABAR HILL WALKESHWAR MUMBAI,CPCB,27,Maharashtra,483,MUMBAI CITY,MUMBAI,-,-,-,-,-,-,-,-,18.95033700,72.80324100,02-06-2018 08:30,"",Light Brown,"","","",""
2721,SEA WATER AT MALABAR HILL WALKESHWAR MUMBAI,CPCB,27,Maharashtra,483,MUMBAI CITY,MUMBAI,-,-,-,-,-,-,-,-,18.95033700,72.80324100,03-07-2018 08:30,"",Clear,"","","",""
2722,SEA WATER AT MALABAR HILL WALKESHWAR MUMBAI,CPCB,27,Maharashtra,483,MUMBAI CITY,MUMBAI,-,-,-,-,-,-,-,-,18.95033700,72.80324100,02-08-2018 08:30,"","","","","",""
2723,SEA WATER AT MALABAR HILL WALKESHWAR MUMBAI,CPCB,27,Maharashtra,483,MUMBAI CITY,MUMBAI,-,-,-,-,-,-,-,-,18.95033700,72.80324100,04-09-2018 08:30,"",Light Brown,"","","",""
2724,SEA WATER AT MALABAR HILL WALKESHWAR MUMBAI,CPCB,27,Maharashtra,483,MUMBAI CITY,MUMBAI,-,-,-,-,-,-,-,-,18.95033700,72.80324100,03-10-2018 08:30,"",Light Brown,"","","",""
2725,SEA WATER AT MALABAR HILL WALKESHWAR MUMBAI,CPCB,27,Maharashtra,483,MUMBAI CITY,MUMBAI,-,-,-,-,-,-,-,-,18.95033700,72.80324100,01-11-2018 08:30,"",Light Brown,"","","",""
2726,SEA WATER AT MALABAR HILL WALKESHWAR MUMBAI,CPCB,27,Maharashtra,483,MUMBAI CITY,MUMBAI,-,-,-,-,-,-,-,-,18.95033700,72.80324100,04-12-2018 08:30,"",Light Brown,"","","",""
2727,SEA WATER AT MALABAR HILL WALKESHWAR MUMBAI,CPCB,27,Maharashtra,483,MUMBAI CITY,MUMBAI,-,-,-,-,-,-,-,-,18.95033700,72.80324100,05-01-2019 08:30,"",Light Brown,"","","",""
2728,SEA WATER AT MALABAR HILL WALKESHWAR MUMBAI,CPCB,27,Maharashtra,483,MUMBAI CITY,MUMBAI,-,-,-,-,-,-,-,-,18.95033700,72.80324100,01-02-2019 08:30,"",Light Brown,"","","",""
2729,SEA WATER AT MALABAR HILL WALKESHWAR MUMBAI,CPCB,27,Maharashtra,483,MUMBAI CITY,MUMBAI,-,-,-,-,-,-,-,-,18.95033700,72.80324100,01-03-2019 08:30,"","","","","",""
2730,SEA WATER AT MALABAR HILL WALKESHWAR MUMBAI,CPCB,27,Maharashtra,483,MUMBAI CITY,MUMBAI,-,-,-,-,-,-,-,-,18.95033700,72.80324100,03-04-2019 08:30,"","","","","",""
2731,SEA WATER AT MALABAR HILL WALKESHWAR MUMBAI,CPCB,27,Maharashtra,483,MUMBAI CITY,MUMBAI,-,-,-,-,-,-,-,-,18.95033700,72.80324100,02-05-2019 08:30,"","","","","",""
2732,SEA WATER AT MALABAR HILL WALKESHWAR MUMBAI,CPCB,27,Maharashtra,483,MUMBAI CITY,MUMBAI,-,-,-,-,-,-,-,-,18.95033700,72.80324100,01-06-2019 08:30,"","","","","",""
2733,SEA WATER AT MALABAR HILL WALKESHWAR MUMBAI,CPCB,27,Maharashtra,483,MUMBAI CITY,MUMBAI,-,-,-,-,-,-,-,-,18.95033700,72.80324100,03-07-2019 08:30,"","","","","",""
2734,SEA WATER AT MALABAR HILL WALKESHWAR MUMBAI,CPCB,27,Maharashtra,483,MUMBAI CITY,MUMBAI,-,-,-,-,-,-,-,-,18.95033700,72.80324100,05-08-2019 08:30,"","","","","",""
2735,SEA WATER AT MALABAR HILL WALKESHWAR MUMBAI,CPCB,27,Maharashtra,483,MUMBAI CITY,MUMBAI,-,-,-,-,-,-,-,-,18.95033700,72.80324100,05-09-2019 08:30,"",Light Brown,"","","",""
2736,SEA WATER AT MALABAR HILL WALKESHWAR MUMBAI,CPCB,27,Maharashtra,483,MUMBAI CITY,MUMBAI,-,-,-,-,-,-,-,-,18.95033700,72.80324100,04-10-2019 08:30,"","","","","",""
2737,SEA WATER AT MALABAR HILL WALKESHWAR MUMBAI,CPCB,27,Maharashtra,483,MUMBAI CITY,MUMBAI,-,-,-,-,-,-,-,-,18.95033700,72.80324100,05-11-2019 08:30,"","","","","",""
2738,SEA WATER AT MALABAR HILL WALKESHWAR MUMBAI,CPCB,27,Maharashtra,483,MUMBAI CITY,MUMBAI,-,-,-,-,-,-,-,-,18.95033700,72.80324100,05-12-2019 08:30,"","","","","",""
2739,SEA WATER AT NARIMAN POINT COLABA MUMBAI,CPCB,27,Maharashtra,483,MUMBAI CITY,MUMBAI,-,-,-,-,-,-,-,-,18.92253800,72.82351400,04-01-2018 08:30,"",Light Brown,"","","",""
2740,SEA WATER AT NARIMAN POINT COLABA MUMBAI,CPCB,27,Maharashtra,483,MUMBAI CITY,MUMBAI,-,-,-,-,-,-,-,-,18.92253800,72.82351400,03-02-2018 08:30,"",Light Brown,"","","",""
2741,SEA WATER AT NARIMAN POINT COLABA MUMBAI,CPCB,27,Maharashtra,483,MUMBAI CITY,MUMBAI,-,-,-,-,-,-,-,-,18.92253800,72.82351400,03-03-2018 08:30,"",Light Brown,"","","",""
2742,SEA WATER AT NARIMAN POINT COLABA MUMBAI,CPCB,27,Maharashtra,483,MUMBAI CITY,MUMBAI,-,-,-,-,-,-,-,-,18.92253800,72.82351400,03-04-2018 08:30,"",Light Brown,"","","",""
2743,SEA WATER AT NARIMAN POINT COLABA MUMBAI,CPCB,27,Maharashtra,483,MUMBAI CITY,MUMBAI,-,-,-,-,-,-,-,-,18.92253800,72.82351400,07-05-2018 08:30,"",Light Brown,"","","",""
2744,SEA WATER AT NARIMAN POINT COLABA MUMBAI,CPCB,27,Maharashtra,483,MUMBAI CITY,MUMBAI,-,-,-,-,-,-,-,-,18.92253800,72.82351400,02-06-2018 08:30,"",Light Brown,"","","",""
2745,SEA WATER AT NARIMAN POINT COLABA MUMBAI,CPCB,27,Maharashtra,483,MUMBAI CITY,MUMBAI,-,-,-,-,-,-,-,-,18.92253800,72.82351400,03-07-2018 08:30,"",Clear,"","","",""
2746,SEA WATER AT NARIMAN POINT COLABA MUMBAI,CPCB,27,Maharashtra,483,MUMBAI CITY,MUMBAI,-,-,-,-,-,-,-,-,18.92253800,72.82351400,02-08-2018 08:30,"","","","","",""
2747,SEA WATER AT NARIMAN POINT COLABA MUMBAI,CPCB,27,Maharashtra,483,MUMBAI CITY,MUMBAI,-,-,-,-,-,-,-,-,18.92253800,72.82351400,04-09-2018 08:30,"",Light Brown,"","","",""
2748,SEA WATER AT NARIMAN POINT COLABA MUMBAI,CPCB,27,Maharashtra,483,MUMBAI CITY,MUMBAI,-,-,-,-,-,-,-,-,18.92253800,72.82351400,03-10-2018 08:30,"",Light Brown,"","","",""
2749,SEA WATER AT NARIMAN POINT COLABA MUMBAI,CPCB,27,Maharashtra,483,MUMBAI CITY,MUMBAI,-,-,-,-,-,-,-,-,18.92253800,72.82351400,01-11-2018 08:30,"",Light Brown,"","","",""
2750,SEA WATER AT NARIMAN POINT COLABA MUMBAI,CPCB,27,Maharashtra,483,MUMBAI CITY,MUMBAI,-,-,-,-,-,-,-,-,18.92253800,72.82351400,03-12-2018 08:30,"",Light Brown,"","","",""
2751,SEA WATER AT NARIMAN POINT COLABA MUMBAI,CPCB,27,Maharashtra,483,MUMBAI CITY,MUMBAI,-,-,-,-,-,-,-,-,18.92253800,72.82351400,05-01-2019 08:30,"",Light Brown,"","","",""
2752,SEA WATER AT NARIMAN POINT COLABA MUMBAI,CPCB,27,Maharashtra,483,MUMBAI CITY,MUMBAI,-,-,-,-,-,-,-,-,18.92253800,72.82351400,01-02-2019 08:30,"",Light Brown,"","","",""
2753,SEA WATER AT NARIMAN POINT COLABA MUMBAI,CPCB,27,Maharashtra,483,MUMBAI CITY,MUMBAI,-,-,-,-,-,-,-,-,18.92253800,72.82351400,01-03-2019 08:30,"","","","","",""
2754,SEA WATER AT NARIMAN POINT COLABA MUMBAI,CPCB,27,Maharashtra,483,MUMBAI CITY,MUMBAI,-,-,-,-,-,-,-,-,18.92253800,72.82351400,03-04-2019 08:30,"","","","","",""
2755,SEA WATER AT NARIMAN POINT COLABA MUMBAI,CPCB,27,Maharashtra,483,MUMBAI CITY,MUMBAI,-,-,-,-,-,-,-,-,18.92253800,72.82351400,02-05-2019 08:30,"","","","","",""
2756,SEA WATER AT NARIMAN POINT COLABA MUMBAI,CPCB,27,Maharashtra,483,MUMBAI CITY,MUMBAI,-,-,-,-,-,-,-,-,18.92253800,72.82351400,01-06-2019 08:30,"",Clear,"","","",""
2757,SEA WATER AT NARIMAN POINT COLABA MUMBAI,CPCB,27,Maharashtra,483,MUMBAI CITY,MUMBAI,-,-,-,-,-,-,-,-,18.92253800,72.82351400,03-07-2019 08:30,"","","","","",""
2758,SEA WATER AT NARIMAN POINT COLABA MUMBAI,CPCB,27,Maharashtra,483,MUMBAI CITY,MUMBAI,-,-,-,-,-,-,-,-,18.92253800,72.82351400,06-08-2019 08:30,"","","","","",""
2759,SEA WATER AT NARIMAN POINT COLABA MUMBAI,CPCB,27,Maharashtra,483,MUMBAI CITY,MUMBAI,-,-,-,-,-,-,-,-,18.92253800,72.82351400,05-09-2019 08:30,"",Light Brown,"","","",""
2760,SEA WATER AT NARIMAN POINT COLABA MUMBAI,CPCB,27,Maharashtra,483,MUMBAI CITY,MUMBAI,-,-,-,-,-,-,-,-,18.92253800,72.82351400,04-10-2019 08:30,"","","","","",""
2761,SEA WATER AT NARIMAN POINT COLABA MUMBAI,CPCB,27,Maharashtra,483,MUMBAI CITY,MUMBAI,-,-,-,-,-,-,-,-,18.92253800,72.82351400,05-11-2019 08:30,"","","","","",""
2762,SEA WATER AT NARIMAN POINT COLABA MUMBAI,CPCB,27,Maharashtra,483,MUMBAI CITY,MUMBAI,-,-,-,-,-,-,-,-,18.92253800,72.82351400,05-12-2019 08:30,"","","","","",""
2763,SEA WATER AT SHIVAJI PARK DADAR CHOUPATHYDADAR MUMBAI,CPCB,27,Maharashtra,483,MUMBAI CITY,MUMBAI,-,-,-,-,-,-,-,-,19.02694500,72.83492500,05-01-2018 08:30,"",Light Brown,"","","",""
2764,SEA WATER AT SHIVAJI PARK DADAR CHOUPATHYDADAR MUMBAI,CPCB,27,Maharashtra,483,MUMBAI CITY,MUMBAI,-,-,-,-,-,-,-,-,19.02694500,72.83492500,05-02-2018 08:30,"",Light Brown,"","","",""
2765,SEA WATER AT SHIVAJI PARK DADAR CHOUPATHYDADAR MUMBAI,CPCB,27,Maharashtra,483,MUMBAI CITY,MUMBAI,-,-,-,-,-,-,-,-,19.02694500,72.83492500,05-03-2018 08:30,"",Light Brown,"","","",""
2766,SEA WATER AT SHIVAJI PARK DADAR CHOUPATHYDADAR MUMBAI,CPCB,27,Maharashtra,483,MUMBAI CITY,MUMBAI,-,-,-,-,-,-,-,-,19.02694500,72.83492500,04-04-2018 08:30,"",Light Brown,"","","",""
2767,SEA WATER AT SHIVAJI PARK DADAR CHOUPATHYDADAR MUMBAI,CPCB,27,Maharashtra,483,MUMBAI CITY,MUMBAI,-,-,-,-,-,-,-,-,19.02694500,72.83492500,08-05-2018 08:30,"",Light Brown,"","","",""
2768,SEA WATER AT SHIVAJI PARK DADAR CHOUPATHYDADAR MUMBAI,CPCB,27,Maharashtra,483,MUMBAI CITY,MUMBAI,-,-,-,-,-,-,-,-,19.02694500,72.83492500,04-06-2018 08:30,"",Light Brown,"","","",""
2769,SEA WATER AT SHIVAJI PARK DADAR CHOUPATHYDADAR MUMBAI,CPCB,27,Maharashtra,483,MUMBAI CITY,MUMBAI,-,-,-,-,-,-,-,-,19.02694500,72.83492500,03-07-2018 08:30,"",Clear,"","","",""
2770,SEA WATER AT SHIVAJI PARK DADAR CHOUPATHYDADAR MUMBAI,CPCB,27,Maharashtra,483,MUMBAI CITY,MUMBAI,-,-,-,-,-,-,-,-,19.02694500,72.83492500,03-08-2018 08:30,"","","","","",""
2771,SEA WATER AT SHIVAJI PARK DADAR CHOUPATHYDADAR MUMBAI,CPCB,27,Maharashtra,483,MUMBAI CITY,MUMBAI,-,-,-,-,-,-,-,-,19.02694500,72.83492500,05-09-2018 08:30,"",Light Brown,"","","",""
2772,SEA WATER AT SHIVAJI PARK DADAR CHOUPATHYDADAR MUMBAI,CPCB,27,Maharashtra,483,MUMBAI CITY,MUMBAI,-,-,-,-,-,-,-,-,19.02694500,72.83492500,04-10-2018 08:30,"",Light Brown,"","","",""
2773,SEA WATER AT SHIVAJI PARK DADAR CHOUPATHYDADAR MUMBAI,CPCB,27,Maharashtra,483,MUMBAI CITY,MUMBAI,-,-,-,-,-,-,-,-,19.02694500,72.83492500,01-11-2018 08:30,"",Light Brown,"","","",""
2774,SEA WATER AT SHIVAJI PARK DADAR CHOUPATHYDADAR MUMBAI,CPCB,27,Maharashtra,483,MUMBAI CITY,MUMBAI,-,-,-,-,-,-,-,-,19.02694500,72.83492500,04-12-2018 08:30,"",Light Brown,"","","",""
2775,SEA WATER AT SHIVAJI PARK DADAR CHOUPATHYDADAR MUMBAI,CPCB,27,Maharashtra,483,MUMBAI CITY,MUMBAI,-,-,-,-,-,-,-,-,19.02694500,72.83492500,04-01-2019 08:30,"",Light Brown,"","","",""
2776,SEA WATER AT SHIVAJI PARK DADAR CHOUPATHYDADAR MUMBAI,CPCB,27,Maharashtra,483,MUMBAI CITY,MUMBAI,-,-,-,-,-,-,-,-,19.02694500,72.83492500,02-02-2019 08:30,"",Light Brown,"","","",""
2777,SEA WATER AT SHIVAJI PARK DADAR CHOUPATHYDADAR MUMBAI,CPCB,27,Maharashtra,483,MUMBAI CITY,MUMBAI,-,-,-,-,-,-,-,-,19.02694500,72.83492500,02-03-2019 08:30,"","","","","",""
2778,SEA WATER AT SHIVAJI PARK DADAR CHOUPATHYDADAR MUMBAI,CPCB,27,Maharashtra,483,MUMBAI CITY,MUMBAI,-,-,-,-,-,-,-,-,19.02694500,72.83492500,04-04-2019 08:30,"",Light Brown,"","","",""
2779,SEA WATER AT SHIVAJI PARK DADAR CHOUPATHYDADAR MUMBAI,CPCB,27,Maharashtra,483,MUMBAI CITY,MUMBAI,-,-,-,-,-,-,-,-,19.02694500,72.83492500,02-05-2019 08:30,"",Light Brown,"","","",""
2780,SEA WATER AT SHIVAJI PARK DADAR CHOUPATHYDADAR MUMBAI,CPCB,27,Maharashtra,483,MUMBAI CITY,MUMBAI,-,-,-,-,-,-,-,-,19.02694500,72.83492500,03-06-2019 08:30,"",Blackish,"","","",""
2781,SEA WATER AT SHIVAJI PARK DADAR CHOUPATHYDADAR MUMBAI,CPCB,27,Maharashtra,483,MUMBAI CITY,MUMBAI,-,-,-,-,-,-,-,-,19.02694500,72.83492500,04-07-2019 08:30,"","","","","",""
2782,SEA WATER AT SHIVAJI PARK DADAR CHOUPATHYDADAR MUMBAI,CPCB,27,Maharashtra,483,MUMBAI CITY,MUMBAI,-,-,-,-,-,-,-,-,19.02694500,72.83492500,05-08-2019 08:30,"","","","","",""
2783,SEA WATER AT SHIVAJI PARK DADAR CHOUPATHYDADAR MUMBAI,CPCB,27,Maharashtra,483,MUMBAI CITY,MUMBAI,-,-,-,-,-,-,-,-,19.02694500,72.83492500,04-09-2019 08:30,"",Light Brown,"","","",""
2784,SEA WATER AT SHIVAJI PARK DADAR CHOUPATHYDADAR MUMBAI,CPCB,27,Maharashtra,483,MUMBAI CITY,MUMBAI,-,-,-,-,-,-,-,-,19.02694500,72.83492500,03-10-2019 08:30,"","","","","",""
2785,SEA WATER AT SHIVAJI PARK DADAR CHOUPATHYDADAR MUMBAI,CPCB,27,Maharashtra,483,MUMBAI CITY,MUMBAI,-,-,-,-,-,-,-,-,19.02694500,72.83492500,05-11-2019 08:30,"","","","","",""
2786,SEA WATER AT SHIVAJI PARK DADAR CHOUPATHYDADAR MUMBAI,CPCB,27,Maharashtra,483,MUMBAI CITY,MUMBAI,-,-,-,-,-,-,-,-,19.02694500,72.83492500,06-12-2019 08:30,"","","","","",""
2787,SEA WATER AT VERSOVA BEACH VERSOVA ANDHERI MUMBAI,CPCB,27,Maharashtra,483,Mumbai Suburban,MUMBAI (SUBURBAN),-,-,-,-,-,-,-,-,19.13379100,72.81034900,03-01-2018 08:30,"","","","","",""
2788,SEA WATER AT VERSOVA BEACH VERSOVA ANDHERI MUMBAI,CPCB,27,Maharashtra,483,Mumbai Suburban,MUMBAI (SUBURBAN),-,-,-,-,-,-,-,-,19.13379100,72.81034900,05-02-2018 08:30,"","","","","",""
2789,SEA WATER AT VERSOVA BEACH VERSOVA ANDHERI MUMBAI,CPCB,27,Maharashtra,483,Mumbai Suburban,MUMBAI (SUBURBAN),-,-,-,-,-,-,-,-,19.13379100,72.81034900,05-03-2018 08:30,"","","","","",""
2790,SEA WATER AT VERSOVA BEACH VERSOVA ANDHERI MUMBAI,CPCB,27,Maharashtra,483,Mumbai Suburban,MUMBAI (SUBURBAN),-,-,-,-,-,-,-,-,19.13379100,72.81034900,05-04-2018 08:30,"","","","","",""
2791,SEA WATER AT VERSOVA BEACH VERSOVA ANDHERI MUMBAI,CPCB,27,Maharashtra,483,Mumbai Suburban,MUMBAI (SUBURBAN),-,-,-,-,-,-,-,-,19.13379100,72.81034900,04-05-2018 08:30,"","","","","",""
2792,SEA WATER AT VERSOVA BEACH VERSOVA ANDHERI MUMBAI,CPCB,27,Maharashtra,483,Mumbai Suburban,MUMBAI (SUBURBAN),-,-,-,-,-,-,-,-,19.13379100,72.81034900,02-06-2018 08:30,"","","","","",""
2793,SEA WATER AT VERSOVA BEACH VERSOVA ANDHERI MUMBAI,CPCB,27,Maharashtra,483,Mumbai Suburban,MUMBAI (SUBURBAN),-,-,-,-,-,-,-,-,19.13379100,72.81034900,07-07-2018 08:30,"",Light Brown,"","","",""
2794,SEA WATER AT VERSOVA BEACH VERSOVA ANDHERI MUMBAI,CPCB,27,Maharashtra,483,Mumbai Suburban,MUMBAI (SUBURBAN),-,-,-,-,-,-,-,-,19.13379100,72.81034900,03-08-2018 08:30,"","","","","",""
2795,SEA WATER AT VERSOVA BEACH VERSOVA ANDHERI MUMBAI,CPCB,27,Maharashtra,483,Mumbai Suburban,MUMBAI (SUBURBAN),-,-,-,-,-,-,-,-,19.13379100,72.81034900,04-09-2018 08:30,"","","","","",""
2796,SEA WATER AT VERSOVA BEACH VERSOVA ANDHERI MUMBAI,CPCB,27,Maharashtra,483,Mumbai Suburban,MUMBAI (SUBURBAN),-,-,-,-,-,-,-,-,19.13379100,72.81034900,05-10-2018 08:30,"","","","","",""
2797,SEA WATER AT VERSOVA BEACH VERSOVA ANDHERI MUMBAI,CPCB,27,Maharashtra,483,Mumbai Suburban,MUMBAI (SUBURBAN),-,-,-,-,-,-,-,-,19.13379100,72.81034900,03-11-2018 08:30,"","","","","",""
2798,SEA WATER AT VERSOVA BEACH VERSOVA ANDHERI MUMBAI,CPCB,27,Maharashtra,483,Mumbai Suburban,MUMBAI (SUBURBAN),-,-,-,-,-,-,-,-,19.13379100,72.81034900,04-12-2018 08:30,"","","","","",""
2799,SEA WATER AT VERSOVA BEACH VERSOVA ANDHERI MUMBAI,CPCB,27,Maharashtra,483,Mumbai Suburban,MUMBAI (SUBURBAN),-,-,-,-,-,-,-,-,19.13379100,72.81034900,02-01-2019 08:30,"",Light Brown,"","","",""
2800,SEA WATER AT VERSOVA BEACH VERSOVA ANDHERI MUMBAI,CPCB,27,Maharashtra,483,Mumbai Suburban,MUMBAI (SUBURBAN),-,-,-,-,-,-,-,-,19.13379100,72.81034900,01-02-2019 08:30,"",Light Brown,"","","",""
2801,SEA WATER AT VERSOVA BEACH VERSOVA ANDHERI MUMBAI,CPCB,27,Maharashtra,483,Mumbai Suburban,MUMBAI (SUBURBAN),-,-,-,-,-,-,-,-,19.13379100,72.81034900,01-03-2019 08:30,"","","","","",""
2802,SEA WATER AT VERSOVA BEACH VERSOVA ANDHERI MUMBAI,CPCB,27,Maharashtra,483,Mumbai Suburban,MUMBAI (SUBURBAN),-,-,-,-,-,-,-,-,19.13379100,72.81034900,03-04-2019 08:30,"","","","","",""
2803,SEA WATER AT VERSOVA BEACH VERSOVA ANDHERI MUMBAI,CPCB,27,Maharashtra,483,Mumbai Suburban,MUMBAI (SUBURBAN),-,-,-,-,-,-,-,-,19.13379100,72.81034900,03-05-2019 08:30,"","","","","",""
2804,SEA WATER AT VERSOVA BEACH VERSOVA ANDHERI MUMBAI,CPCB,27,Maharashtra,483,Mumbai Suburban,MUMBAI (SUBURBAN),-,-,-,-,-,-,-,-,19.13379100,72.81034900,04-06-2019 08:30,"","","","","",""
2805,SEA WATER AT VERSOVA BEACH VERSOVA ANDHERI MUMBAI,CPCB,27,Maharashtra,483,Mumbai Suburban,MUMBAI (SUBURBAN),-,-,-,-,-,-,-,-,19.13379100,72.81034900,05-07-2019 08:30,"","","","","",""
2806,SEA WATER AT VERSOVA BEACH VERSOVA ANDHERI MUMBAI,CPCB,27,Maharashtra,483,Mumbai Suburban,MUMBAI (SUBURBAN),-,-,-,-,-,-,-,-,19.13379100,72.81034900,06-08-2019 08:30,"","","","","",""
2807,SEA WATER AT VERSOVA BEACH VERSOVA ANDHERI MUMBAI,CPCB,27,Maharashtra,483,Mumbai Suburban,MUMBAI (SUBURBAN),-,-,-,-,-,-,-,-,19.13379100,72.81034900,04-09-2019 08:30,"","","","","",""
2808,SEA WATER AT VERSOVA BEACH VERSOVA ANDHERI MUMBAI,CPCB,27,Maharashtra,483,Mumbai Suburban,MUMBAI (SUBURBAN),-,-,-,-,-,-,-,-,19.13379100,72.81034900,04-10-2019 08:30,"","","","","",""
2809,SEA WATER AT VERSOVA BEACH VERSOVA ANDHERI MUMBAI,CPCB,27,Maharashtra,483,Mumbai Suburban,MUMBAI (SUBURBAN),-,-,-,-,-,-,-,-,19.13379100,72.81034900,05-11-2019 08:30,"","","","","",""
2810,SEA WATER AT VERSOVA BEACH VERSOVA ANDHERI MUMBAI,CPCB,27,Maharashtra,483,Mumbai Suburban,MUMBAI (SUBURBAN),-,-,-,-,-,-,-,-,19.13379100,72.81034900,05-12-2019 08:30,"","","","","",""
2811,SEA WATER AT WORLI SEA FACE WORLI MUMBAI,CPCB,27,Maharashtra,483,MUMBAI CITY,MUMBAI,-,-,-,-,-,-,-,-,18.99796800,72.81033600,05-01-2018 08:30,"",Light Brown,"","","",""
2812,SEA WATER AT WORLI SEA FACE WORLI MUMBAI,CPCB,27,Maharashtra,483,MUMBAI CITY,MUMBAI,-,-,-,-,-,-,-,-,18.99796800,72.81033600,05-02-2018 08:30,"",Light Brown,"","","",""
2813,SEA WATER AT WORLI SEA FACE WORLI MUMBAI,CPCB,27,Maharashtra,483,MUMBAI CITY,MUMBAI,-,-,-,-,-,-,-,-,18.99796800,72.81033600,05-03-2018 08:30,"",Light Brown,"","","",""
2814,SEA WATER AT WORLI SEA FACE WORLI MUMBAI,CPCB,27,Maharashtra,483,MUMBAI CITY,MUMBAI,-,-,-,-,-,-,-,-,18.99796800,72.81033600,04-04-2018 08:30,"",Light Brown,"","","",""
2815,SEA WATER AT WORLI SEA FACE WORLI MUMBAI,CPCB,27,Maharashtra,483,MUMBAI CITY,MUMBAI,-,-,-,-,-,-,-,-,18.99796800,72.81033600,08-05-2018 08:30,"",Light Brown,"","","",""
2816,SEA WATER AT WORLI SEA FACE WORLI MUMBAI,CPCB,27,Maharashtra,483,MUMBAI CITY,MUMBAI,-,-,-,-,-,-,-,-,18.99796800,72.81033600,04-06-2018 08:30,"",Light Brown,"","","",""
2817,SEA WATER AT WORLI SEA FACE WORLI MUMBAI,CPCB,27,Maharashtra,483,MUMBAI CITY,MUMBAI,-,-,-,-,-,-,-,-,18.99796800,72.81033600,03-07-2018 08:30,"",Clear,"","","",""
2818,SEA WATER AT WORLI SEA FACE WORLI MUMBAI,CPCB,27,Maharashtra,483,MUMBAI CITY,MUMBAI,-,-,-,-,-,-,-,-,18.99796800,72.81033600,03-08-2018 08:30,"","","","","",""
2819,SEA WATER AT WORLI SEA FACE WORLI MUMBAI,CPCB,27,Maharashtra,483,MUMBAI CITY,MUMBAI,-,-,-,-,-,-,-,-,18.99796800,72.81033600,05-09-2018 08:30,"",Light Brown,"","","",""
2820,SEA WATER AT WORLI SEA FACE WORLI MUMBAI,CPCB,27,Maharashtra,483,MUMBAI CITY,MUMBAI,-,-,-,-,-,-,-,-,18.99796800,72.81033600,04-10-2018 08:30,"",Light Brown,"","","",""
2821,SEA WATER AT WORLI SEA FACE WORLI MUMBAI,CPCB,27,Maharashtra,483,MUMBAI CITY,MUMBAI,-,-,-,-,-,-,-,-,18.99796800,72.81033600,01-11-2018 08:30,"",Light Brown,"","","",""
2822,SEA WATER AT WORLI SEA FACE WORLI MUMBAI,CPCB,27,Maharashtra,483,MUMBAI CITY,MUMBAI,-,-,-,-,-,-,-,-,18.99796800,72.81033600,04-12-2018 08:30,"",Light Brown,"","","",""
2823,SEA WATER AT WORLI SEA FACE WORLI MUMBAI,CPCB,27,Maharashtra,483,MUMBAI CITY,MUMBAI,-,-,-,-,-,-,-,-,18.99796800,72.81033600,04-01-2019 08:30,"",Light Brown,"","","",""
2824,SEA WATER AT WORLI SEA FACE WORLI MUMBAI,CPCB,27,Maharashtra,483,MUMBAI CITY,MUMBAI,-,-,-,-,-,-,-,-,18.99796800,72.81033600,02-02-2019 08:30,"",Light Brown,"","","",""
2825,SEA WATER AT WORLI SEA FACE WORLI MUMBAI,CPCB,27,Maharashtra,483,MUMBAI CITY,MUMBAI,-,-,-,-,-,-,-,-,18.99796800,72.81033600,02-03-2019 08:30,"","","","","",""
2826,SEA WATER AT WORLI SEA FACE WORLI MUMBAI,CPCB,27,Maharashtra,483,MUMBAI CITY,MUMBAI,-,-,-,-,-,-,-,-,18.99796800,72.81033600,04-04-2019 08:30,"",Light Brown,"","","",""
2827,SEA WATER AT WORLI SEA FACE WORLI MUMBAI,CPCB,27,Maharashtra,483,MUMBAI CITY,MUMBAI,-,-,-,-,-,-,-,-,18.99796800,72.81033600,02-05-2019 08:30,"",Light Brown,"","","",""
2828,SEA WATER AT WORLI SEA FACE WORLI MUMBAI,CPCB,27,Maharashtra,483,MUMBAI CITY,MUMBAI,-,-,-,-,-,-,-,-,18.99796800,72.81033600,03-06-2019 08:30,"","","","","",""
2829,SEA WATER AT WORLI SEA FACE WORLI MUMBAI,CPCB,27,Maharashtra,483,MUMBAI CITY,MUMBAI,-,-,-,-,-,-,-,-,18.99796800,72.81033600,04-07-2019 08:30,"","","","","",""
2830,SEA WATER AT WORLI SEA FACE WORLI MUMBAI,CPCB,27,Maharashtra,483,MUMBAI CITY,MUMBAI,-,-,-,-,-,-,-,-,18.99796800,72.81033600,05-08-2019 08:30,"","","","","",""
2831,SEA WATER AT WORLI SEA FACE WORLI MUMBAI,CPCB,27,Maharashtra,483,MUMBAI CITY,MUMBAI,-,-,-,-,-,-,-,-,18.99796800,72.81033600,05-09-2019 08:30,"",Light Brown,"","","",""
2832,SEA WATER AT WORLI SEA FACE WORLI MUMBAI,CPCB,27,Maharashtra,483,MUMBAI CITY,MUMBAI,-,-,-,-,-,-,-,-,18.99796800,72.81033600,03-10-2019 08:30,"","","","","",""
2833,SEA WATER AT WORLI SEA FACE WORLI MUMBAI,CPCB,27,Maharashtra,483,MUMBAI CITY,MUMBAI,-,-,-,-,-,-,-,-,18.99796800,72.81033600,05-11-2019 08:30,"","","","","",""
2834,SEA WATER AT WORLI SEA FACE WORLI MUMBAI,CPCB,27,Maharashtra,483,MUMBAI CITY,MUMBAI,-,-,-,-,-,-,-,-,18.99796800,72.81033600,06-12-2019 08:30,"","","","","",""
2835,SINA RIVER NEAR LABOTI TOLL NAKA LABOTI MOHAL SOLAPUR,CPCB,27,Maharashtra,496,Solapur,MOHOL,-,-,-,-,-,-,-,-,17.78135900,75.72313300,04-02-2018 08:30,"","","","","",""
2836,SINA RIVER NEAR LABOTI TOLL NAKA LABOTI MOHAL SOLAPUR,CPCB,27,Maharashtra,496,Solapur,MOHOL,-,-,-,-,-,-,-,-,17.78135900,75.72313300,05-04-2018 08:30,"","","","","",""
2837,SINA RIVER NEAR LABOTI TOLL NAKA LABOTI MOHAL SOLAPUR,CPCB,27,Maharashtra,496,Solapur,MOHOL,-,-,-,-,-,-,-,-,17.78135900,75.72313300,04-05-2018 08:30,"","","","","",""
2838,SINA RIVER NEAR LABOTI TOLL NAKA LABOTI MOHAL SOLAPUR,CPCB,27,Maharashtra,496,Solapur,MOHOL,-,-,-,-,-,-,-,-,17.78135900,75.72313300,05-08-2018 08:30,"","","","","",""
2839,SINA RIVER NEAR LABOTI TOLL NAKA LABOTI MOHAL SOLAPUR,CPCB,27,Maharashtra,496,Solapur,MOHOL,-,-,-,-,-,-,-,-,17.78135900,75.72313300,02-09-2018 08:30,"","","","","",""
2840,SINA RIVER NEAR LABOTI TOLL NAKA LABOTI MOHAL SOLAPUR,CPCB,27,Maharashtra,496,Solapur,MOHOL,-,-,-,-,-,-,-,-,17.78135900,75.72313300,08-04-2019 08:30,"","","","","",""
2841,SINA RIVER NEAR LABOTI TOLL NAKA LABOTI MOHAL SOLAPUR,CPCB,27,Maharashtra,496,Solapur,MOHOL,-,-,-,-,-,-,-,-,17.78135900,75.72313300,08-09-2019 08:30,"","","","","",""
2842,SINA RIVER NEAR LABOTI TOLL NAKA LABOTI MOHAL SOLAPUR,CPCB,27,Maharashtra,496,Solapur,MOHOL,-,-,-,-,-,-,-,-,17.78135900,75.72313300,06-10-2019 08:30,"","","","","",""
2843,SINA RIVER NEAR LABOTI TOLL NAKA LABOTI MOHAL SOLAPUR,CPCB,27,Maharashtra,496,Solapur,MOHOL,-,-,-,-,-,-,-,-,17.78135900,75.72313300,08-11-2019 08:30,"","","","","",""
2844,SINA RIVER NEAR LABOTI TOLL NAKA LABOTI MOHAL SOLAPUR,CPCB,27,Maharashtra,496,Solapur,MOHOL,-,-,-,-,-,-,-,-,17.78135900,75.72313300,08-12-2019 08:30,"","","","","",""
2845,SURYA RIVER AT INTAKE OF VASAI-VIRAR W/S SCHEME MASVAN PALGHAR THANE,CPCB,27,Maharashtra,665,Palghar,PALGHAR,-,-,-,-,-,-,-,-,19.69769700,72.85103900,04-01-2018 08:30,"","","","","",""
2846,SURYA RIVER AT INTAKE OF VASAI-VIRAR W/S SCHEME MASVAN PALGHAR THANE,CPCB,27,Maharashtra,665,Palghar,PALGHAR,-,-,-,-,-,-,-,-,19.69769700,72.85103900,05-02-2018 08:30,"","","","","",""
2847,SURYA RIVER AT INTAKE OF VASAI-VIRAR W/S SCHEME MASVAN PALGHAR THANE,CPCB,27,Maharashtra,665,Palghar,PALGHAR,-,-,-,-,-,-,-,-,19.69769700,72.85103900,06-03-2018 08:30,"","","","","",""
2848,SURYA RIVER AT INTAKE OF VASAI-VIRAR W/S SCHEME MASVAN PALGHAR THANE,CPCB,27,Maharashtra,665,Palghar,PALGHAR,-,-,-,-,-,-,-,-,19.69769700,72.85103900,04-04-2018 08:30,"","","","","",""
2849,SURYA RIVER AT INTAKE OF VASAI-VIRAR W/S SCHEME MASVAN PALGHAR THANE,CPCB,27,Maharashtra,665,Palghar,PALGHAR,-,-,-,-,-,-,-,-,19.69769700,72.85103900,04-05-2018 08:30,"","","","","",""
2850,SURYA RIVER AT INTAKE OF VASAI-VIRAR W/S SCHEME MASVAN PALGHAR THANE,CPCB,27,Maharashtra,665,Palghar,PALGHAR,-,-,-,-,-,-,-,-,19.69769700,72.85103900,06-06-2018 08:30,"","","","","",""
2851,SURYA RIVER AT INTAKE OF VASAI-VIRAR W/S SCHEME MASVAN PALGHAR THANE,CPCB,27,Maharashtra,665,Palghar,PALGHAR,-,-,-,-,-,-,-,-,19.69769700,72.85103900,07-07-2018 08:30,"","","","","",""
2852,SURYA RIVER AT INTAKE OF VASAI-VIRAR W/S SCHEME MASVAN PALGHAR THANE,CPCB,27,Maharashtra,665,Palghar,PALGHAR,-,-,-,-,-,-,-,-,19.69769700,72.85103900,03-08-2018 08:30,"","","","","",""
2853,SURYA RIVER AT INTAKE OF VASAI-VIRAR W/S SCHEME MASVAN PALGHAR THANE,CPCB,27,Maharashtra,665,Palghar,PALGHAR,-,-,-,-,-,-,-,-,19.69769700,72.85103900,06-09-2018 08:30,"","","","","",""
2854,SURYA RIVER AT INTAKE OF VASAI-VIRAR W/S SCHEME MASVAN PALGHAR THANE,CPCB,27,Maharashtra,665,Palghar,PALGHAR,-,-,-,-,-,-,-,-,19.69769700,72.85103900,04-10-2018 08:30,"","","","","",""
2855,SURYA RIVER AT INTAKE OF VASAI-VIRAR W/S SCHEME MASVAN PALGHAR THANE,CPCB,27,Maharashtra,665,Palghar,PALGHAR,-,-,-,-,-,-,-,-,19.69769700,72.85103900,02-11-2018 08:30,"","","","","",""
2856,SURYA RIVER AT INTAKE OF VASAI-VIRAR W/S SCHEME MASVAN PALGHAR THANE,CPCB,27,Maharashtra,665,Palghar,PALGHAR,-,-,-,-,-,-,-,-,19.69769700,72.85103900,07-12-2018 08:30,"","","","","",""
2857,SURYA RIVER AT INTAKE OF VASAI-VIRAR W/S SCHEME MASVAN PALGHAR THANE,CPCB,27,Maharashtra,665,Palghar,PALGHAR,-,-,-,-,-,-,-,-,19.69769700,72.85103900,03-01-2019 08:30,"","","","","",""
2858,SURYA RIVER AT INTAKE OF VASAI-VIRAR W/S SCHEME MASVAN PALGHAR THANE,CPCB,27,Maharashtra,665,Palghar,PALGHAR,-,-,-,-,-,-,-,-,19.69769700,72.85103900,01-02-2019 08:30,"","","","","",""
2859,SURYA RIVER AT INTAKE OF VASAI-VIRAR W/S SCHEME MASVAN PALGHAR THANE,CPCB,27,Maharashtra,665,Palghar,PALGHAR,-,-,-,-,-,-,-,-,19.69769700,72.85103900,01-03-2019 08:30,"","","","","",""
2860,SURYA RIVER AT INTAKE OF VASAI-VIRAR W/S SCHEME MASVAN PALGHAR THANE,CPCB,27,Maharashtra,665,Palghar,PALGHAR,-,-,-,-,-,-,-,-,19.69769700,72.85103900,03-04-2019 08:30,"","","","","",""
2861,SURYA RIVER AT INTAKE OF VASAI-VIRAR W/S SCHEME MASVAN PALGHAR THANE,CPCB,27,Maharashtra,665,Palghar,PALGHAR,-,-,-,-,-,-,-,-,19.69769700,72.85103900,13-05-2019 08:30,"","","","","",""
2862,SURYA RIVER AT INTAKE OF VASAI-VIRAR W/S SCHEME MASVAN PALGHAR THANE,CPCB,27,Maharashtra,665,Palghar,PALGHAR,-,-,-,-,-,-,-,-,19.69769700,72.85103900,07-06-2019 08:30,"","","","","",""
2863,SURYA RIVER AT INTAKE OF VASAI-VIRAR W/S SCHEME MASVAN PALGHAR THANE,CPCB,27,Maharashtra,665,Palghar,PALGHAR,-,-,-,-,-,-,-,-,19.69769700,72.85103900,10-07-2019 08:30,"","","","","",""
2864,SURYA RIVER AT INTAKE OF VASAI-VIRAR W/S SCHEME MASVAN PALGHAR THANE,CPCB,27,Maharashtra,665,Palghar,PALGHAR,-,-,-,-,-,-,-,-,19.69769700,72.85103900,02-08-2019 08:30,"","","","","",""
2865,SURYA RIVER AT INTAKE OF VASAI-VIRAR W/S SCHEME MASVAN PALGHAR THANE,CPCB,27,Maharashtra,665,Palghar,PALGHAR,-,-,-,-,-,-,-,-,19.69769700,72.85103900,05-09-2019 08:30,"","","","","",""
2866,SURYA RIVER AT INTAKE OF VASAI-VIRAR W/S SCHEME MASVAN PALGHAR THANE,CPCB,27,Maharashtra,665,Palghar,PALGHAR,-,-,-,-,-,-,-,-,19.69769700,72.85103900,09-10-2019 08:30,"","","","","",""
2867,SURYA RIVER AT INTAKE OF VASAI-VIRAR W/S SCHEME MASVAN PALGHAR THANE,CPCB,27,Maharashtra,665,Palghar,PALGHAR,-,-,-,-,-,-,-,-,19.69769700,72.85103900,01-11-2019 08:30,"","","","","",""
2868,SURYA RIVER AT INTAKE OF VASAI-VIRAR W/S SCHEME MASVAN PALGHAR THANE,CPCB,27,Maharashtra,665,Palghar,PALGHAR,-,-,-,-,-,-,-,-,19.69769700,72.85103900,09-12-2019 08:30,"","","","","",""
2869,SURYA RIVER AT MIDC PUMPING STATION GARVASHET PALGHAR THANE,CPCB,27,Maharashtra,665,Palghar,PALGHAR,-,-,-,-,-,-,-,-,19.78996700,72.83530000,04-01-2018 08:30,"","","","","",""
2870,SURYA RIVER AT MIDC PUMPING STATION GARVASHET PALGHAR THANE,CPCB,27,Maharashtra,665,Palghar,PALGHAR,-,-,-,-,-,-,-,-,19.78996700,72.83530000,05-02-2018 08:30,"","","","","",""
2871,SURYA RIVER AT MIDC PUMPING STATION GARVASHET PALGHAR THANE,CPCB,27,Maharashtra,665,Palghar,PALGHAR,-,-,-,-,-,-,-,-,19.78996700,72.83530000,06-03-2018 08:30,"","","","","",""
2872,SURYA RIVER AT MIDC PUMPING STATION GARVASHET PALGHAR THANE,CPCB,27,Maharashtra,665,Palghar,PALGHAR,-,-,-,-,-,-,-,-,19.78996700,72.83530000,04-04-2018 08:30,"","","","","",""
2873,SURYA RIVER AT MIDC PUMPING STATION GARVASHET PALGHAR THANE,CPCB,27,Maharashtra,665,Palghar,PALGHAR,-,-,-,-,-,-,-,-,19.78996700,72.83530000,04-05-2018 08:30,"","","","","",""
2874,SURYA RIVER AT MIDC PUMPING STATION GARVASHET PALGHAR THANE,CPCB,27,Maharashtra,665,Palghar,PALGHAR,-,-,-,-,-,-,-,-,19.78996700,72.83530000,06-06-2018 08:30,"","","","","",""
2875,SURYA RIVER AT MIDC PUMPING STATION GARVASHET PALGHAR THANE,CPCB,27,Maharashtra,665,Palghar,PALGHAR,-,-,-,-,-,-,-,-,19.78996700,72.83530000,07-07-2018 08:30,"","","","","",""
2876,SURYA RIVER AT MIDC PUMPING STATION GARVASHET PALGHAR THANE,CPCB,27,Maharashtra,665,Palghar,PALGHAR,-,-,-,-,-,-,-,-,19.78996700,72.83530000,03-08-2018 08:30,"","","","","",""
2877,SURYA RIVER AT MIDC PUMPING STATION GARVASHET PALGHAR THANE,CPCB,27,Maharashtra,665,Palghar,PALGHAR,-,-,-,-,-,-,-,-,19.78996700,72.83530000,06-09-2018 08:30,"","","","","",""
2878,SURYA RIVER AT MIDC PUMPING STATION GARVASHET PALGHAR THANE,CPCB,27,Maharashtra,665,Palghar,PALGHAR,-,-,-,-,-,-,-,-,19.78996700,72.83530000,04-10-2018 08:30,"","","","","",""
2879,SURYA RIVER AT MIDC PUMPING STATION GARVASHET PALGHAR THANE,CPCB,27,Maharashtra,665,Palghar,PALGHAR,-,-,-,-,-,-,-,-,19.78996700,72.83530000,02-11-2018 08:30,"","","","","",""
2880,SURYA RIVER AT MIDC PUMPING STATION GARVASHET PALGHAR THANE,CPCB,27,Maharashtra,665,Palghar,PALGHAR,-,-,-,-,-,-,-,-,19.78996700,72.83530000,07-12-2018 08:30,"","","","","",""
2881,SURYA RIVER AT MIDC PUMPING STATION GARVASHET PALGHAR THANE,CPCB,27,Maharashtra,665,Palghar,PALGHAR,-,-,-,-,-,-,-,-,19.78996700,72.83530000,03-01-2019 08:30,"","","","","",""
2882,SURYA RIVER AT MIDC PUMPING STATION GARVASHET PALGHAR THANE,CPCB,27,Maharashtra,665,Palghar,PALGHAR,-,-,-,-,-,-,-,-,19.78996700,72.83530000,01-02-2019 08:30,"","","","","",""
2883,SURYA RIVER AT MIDC PUMPING STATION GARVASHET PALGHAR THANE,CPCB,27,Maharashtra,665,Palghar,PALGHAR,-,-,-,-,-,-,-,-,19.78996700,72.83530000,01-03-2019 08:30,"","","","","",""
2884,SURYA RIVER AT MIDC PUMPING STATION GARVASHET PALGHAR THANE,CPCB,27,Maharashtra,665,Palghar,PALGHAR,-,-,-,-,-,-,-,-,19.78996700,72.83530000,03-04-2019 08:30,"","","","","",""
2885,SURYA RIVER AT MIDC PUMPING STATION GARVASHET PALGHAR THANE,CPCB,27,Maharashtra,665,Palghar,PALGHAR,-,-,-,-,-,-,-,-,19.78996700,72.83530000,13-05-2019 08:30,"","","","","",""
2886,SURYA RIVER AT MIDC PUMPING STATION GARVASHET PALGHAR THANE,CPCB,27,Maharashtra,665,Palghar,PALGHAR,-,-,-,-,-,-,-,-,19.78996700,72.83530000,07-06-2019 08:30,"","","","","",""
2887,SURYA RIVER AT MIDC PUMPING STATION GARVASHET PALGHAR THANE,CPCB,27,Maharashtra,665,Palghar,PALGHAR,-,-,-,-,-,-,-,-,19.78996700,72.83530000,10-07-2019 08:30,"","","","","",""
2888,SURYA RIVER AT MIDC PUMPING STATION GARVASHET PALGHAR THANE,CPCB,27,Maharashtra,665,Palghar,PALGHAR,-,-,-,-,-,-,-,-,19.78996700,72.83530000,02-08-2019 08:30,"","","","","",""
2889,SURYA RIVER AT MIDC PUMPING STATION GARVASHET PALGHAR THANE,CPCB,27,Maharashtra,665,Palghar,PALGHAR,-,-,-,-,-,-,-,-,19.78996700,72.83530000,05-09-2019 08:30,"","","","","",""
2890,SURYA RIVER AT MIDC PUMPING STATION GARVASHET PALGHAR THANE,CPCB,27,Maharashtra,665,Palghar,PALGHAR,-,-,-,-,-,-,-,-,19.78996700,72.83530000,09-10-2019 08:30,"","","","","",""
2891,SURYA RIVER AT MIDC PUMPING STATION GARVASHET PALGHAR THANE,CPCB,27,Maharashtra,665,Palghar,PALGHAR,-,-,-,-,-,-,-,-,19.78996700,72.83530000,01-11-2019 08:30,"","","","","",""
2892,SURYA RIVER AT MIDC PUMPING STATION GARVASHET PALGHAR THANE,CPCB,27,Maharashtra,665,Palghar,PALGHAR,-,-,-,-,-,-,-,-,19.78996700,72.83530000,09-12-2019 08:30,"","","","","",""
2893,SURYA RIVER U/S OF SURYA DAM DHAMMI VIKRAMGAD THANE,CPCB,27,Maharashtra,665,Palghar,PALGHAR,-,-,-,-,-,-,-,-,19.69740000,72.85099100,04-01-2018 08:30,"","","","","",""
2894,SURYA RIVER U/S OF SURYA DAM DHAMMI VIKRAMGAD THANE,CPCB,27,Maharashtra,665,Palghar,PALGHAR,-,-,-,-,-,-,-,-,19.69740000,72.85099100,05-02-2018 08:30,"","","","","",""
2895,SURYA RIVER U/S OF SURYA DAM DHAMMI VIKRAMGAD THANE,CPCB,27,Maharashtra,665,Palghar,PALGHAR,-,-,-,-,-,-,-,-,19.69740000,72.85099100,06-03-2018 08:30,"","","","","",""
2896,SURYA RIVER U/S OF SURYA DAM DHAMMI VIKRAMGAD THANE,CPCB,27,Maharashtra,665,Palghar,PALGHAR,-,-,-,-,-,-,-,-,19.69740000,72.85099100,04-04-2018 08:30,"","","","","",""
2897,SURYA RIVER U/S OF SURYA DAM DHAMMI VIKRAMGAD THANE,CPCB,27,Maharashtra,665,Palghar,PALGHAR,-,-,-,-,-,-,-,-,19.69740000,72.85099100,04-05-2018 08:30,"","","","","",""
2898,SURYA RIVER U/S OF SURYA DAM DHAMMI VIKRAMGAD THANE,CPCB,27,Maharashtra,665,Palghar,PALGHAR,-,-,-,-,-,-,-,-,19.69740000,72.85099100,06-06-2018 08:30,"","","","","",""
2899,SURYA RIVER U/S OF SURYA DAM DHAMMI VIKRAMGAD THANE,CPCB,27,Maharashtra,665,Palghar,PALGHAR,-,-,-,-,-,-,-,-,19.69740000,72.85099100,07-07-2018 08:30,"","","","","",""
2900,SURYA RIVER U/S OF SURYA DAM DHAMMI VIKRAMGAD THANE,CPCB,27,Maharashtra,665,Palghar,PALGHAR,-,-,-,-,-,-,-,-,19.69740000,72.85099100,03-08-2018 08:30,"","","","","",""
2901,SURYA RIVER U/S OF SURYA DAM DHAMMI VIKRAMGAD THANE,CPCB,27,Maharashtra,665,Palghar,PALGHAR,-,-,-,-,-,-,-,-,19.69740000,72.85099100,06-09-2018 08:30,"","","","","",""
2902,SURYA RIVER U/S OF SURYA DAM DHAMMI VIKRAMGAD THANE,CPCB,27,Maharashtra,665,Palghar,PALGHAR,-,-,-,-,-,-,-,-,19.69740000,72.85099100,04-10-2018 08:30,"","","","","",""
2903,SURYA RIVER U/S OF SURYA DAM DHAMMI VIKRAMGAD THANE,CPCB,27,Maharashtra,665,Palghar,PALGHAR,-,-,-,-,-,-,-,-,19.69740000,72.85099100,02-11-2018 08:30,"","","","","",""
2904,SURYA RIVER U/S OF SURYA DAM DHAMMI VIKRAMGAD THANE,CPCB,27,Maharashtra,665,Palghar,PALGHAR,-,-,-,-,-,-,-,-,19.69740000,72.85099100,07-12-2018 08:30,"","","","","",""
2905,SURYA RIVER U/S OF SURYA DAM DHAMMI VIKRAMGAD THANE,CPCB,27,Maharashtra,665,Palghar,PALGHAR,-,-,-,-,-,-,-,-,19.69740000,72.85099100,03-01-2019 08:30,"","","","","",""
2906,SURYA RIVER U/S OF SURYA DAM DHAMMI VIKRAMGAD THANE,CPCB,27,Maharashtra,665,Palghar,PALGHAR,-,-,-,-,-,-,-,-,19.69740000,72.85099100,01-02-2019 08:30,"","","","","",""
2907,SURYA RIVER U/S OF SURYA DAM DHAMMI VIKRAMGAD THANE,CPCB,27,Maharashtra,665,Palghar,PALGHAR,-,-,-,-,-,-,-,-,19.69740000,72.85099100,01-03-2019 08:30,"","","","","",""
2908,SURYA RIVER U/S OF SURYA DAM DHAMMI VIKRAMGAD THANE,CPCB,27,Maharashtra,665,Palghar,PALGHAR,-,-,-,-,-,-,-,-,19.69740000,72.85099100,03-04-2019 08:30,"","","","","",""
2909,SURYA RIVER U/S OF SURYA DAM DHAMMI VIKRAMGAD THANE,CPCB,27,Maharashtra,665,Palghar,PALGHAR,-,-,-,-,-,-,-,-,19.69740000,72.85099100,13-05-2019 08:30,"","","","","",""
2910,SURYA RIVER U/S OF SURYA DAM DHAMMI VIKRAMGAD THANE,CPCB,27,Maharashtra,665,Palghar,PALGHAR,-,-,-,-,-,-,-,-,19.69740000,72.85099100,07-06-2019 08:30,"","","","","",""
2911,SURYA RIVER U/S OF SURYA DAM DHAMMI VIKRAMGAD THANE,CPCB,27,Maharashtra,665,Palghar,PALGHAR,-,-,-,-,-,-,-,-,19.69740000,72.85099100,10-07-2019 08:30,"","","","","",""
2912,SURYA RIVER U/S OF SURYA DAM DHAMMI VIKRAMGAD THANE,CPCB,27,Maharashtra,665,Palghar,PALGHAR,-,-,-,-,-,-,-,-,19.69740000,72.85099100,02-08-2019 08:30,"","","","","",""
2913,SURYA RIVER U/S OF SURYA DAM DHAMMI VIKRAMGAD THANE,CPCB,27,Maharashtra,665,Palghar,PALGHAR,-,-,-,-,-,-,-,-,19.69740000,72.85099100,05-09-2019 08:30,"","","","","",""
2914,SURYA RIVER U/S OF SURYA DAM DHAMMI VIKRAMGAD THANE,CPCB,27,Maharashtra,665,Palghar,PALGHAR,-,-,-,-,-,-,-,-,19.69740000,72.85099100,09-10-2019 08:30,"","","","","",""
2915,SURYA RIVER U/S OF SURYA DAM DHAMMI VIKRAMGAD THANE,CPCB,27,Maharashtra,665,Palghar,PALGHAR,-,-,-,-,-,-,-,-,19.69740000,72.85099100,01-11-2019 08:30,"","","","","",""
2916,SURYA RIVER U/S OF SURYA DAM DHAMMI VIKRAMGAD THANE,CPCB,27,Maharashtra,665,Palghar,PALGHAR,-,-,-,-,-,-,-,-,19.69740000,72.85099100,09-12-2019 08:30,"","","","","",""
2917,TANSA RIVER NEAR ROAD BRIDGE VILLAGE DAKEWALI WADA THANE,CPCB,27,Maharashtra,497,Thane,BHIWANDI,-,-,-,-,-,-,-,-,19.48478900,73.08239400,04-07-2018 08:30,"","","","","",""
2918,TANSA RIVER NEAR ROAD BRIDGE VILLAGE DAKEWALI WADA THANE,CPCB,27,Maharashtra,497,Thane,BHIWANDI,-,-,-,-,-,-,-,-,19.48478900,73.08239400,02-08-2018 08:30,"","","","","",""
2919,TANSA RIVER NEAR ROAD BRIDGE VILLAGE DAKEWALI WADA THANE,CPCB,27,Maharashtra,497,Thane,BHIWANDI,-,-,-,-,-,-,-,-,19.48478900,73.08239400,04-09-2018 08:30,"","","","","",""
2920,TANSA RIVER NEAR ROAD BRIDGE VILLAGE DAKEWALI WADA THANE,CPCB,27,Maharashtra,497,Thane,BHIWANDI,-,-,-,-,-,-,-,-,19.48478900,73.08239400,03-10-2018 08:30,"","","","","",""
2921,TANSA RIVER NEAR ROAD BRIDGE VILLAGE DAKEWALI WADA THANE,CPCB,27,Maharashtra,497,Thane,BHIWANDI,-,-,-,-,-,-,-,-,19.48478900,73.08239400,01-11-2018 08:30,"","","","","",""
2922,TANSA RIVER NEAR ROAD BRIDGE VILLAGE DAKEWALI WADA THANE,CPCB,27,Maharashtra,497,Thane,BHIWANDI,-,-,-,-,-,-,-,-,19.48478900,73.08239400,03-07-2019 08:30,"","","","","",""
2923,TANSA RIVER NEAR ROAD BRIDGE VILLAGE DAKEWALI WADA THANE,CPCB,27,Maharashtra,497,Thane,BHIWANDI,-,-,-,-,-,-,-,-,19.48478900,73.08239400,06-08-2019 08:30,"","","","","",""
2924,TANSA RIVER NEAR ROAD BRIDGE VILLAGE DAKEWALI WADA THANE,CPCB,27,Maharashtra,497,Thane,BHIWANDI,-,-,-,-,-,-,-,-,19.48478900,73.08239400,04-09-2019 08:30,"","","","","",""
2925,TANSA RIVER NEAR ROAD BRIDGE VILLAGE DAKEWALI WADA THANE,CPCB,27,Maharashtra,497,Thane,BHIWANDI,-,-,-,-,-,-,-,-,19.48478900,73.08239400,02-10-2019 08:30,"","","","","",""
2926,TANSA RIVER NEAR ROAD BRIDGE VILLAGE DAKEWALI WADA THANE,CPCB,27,Maharashtra,497,Thane,BHIWANDI,-,-,-,-,-,-,-,-,19.48478900,73.08239400,04-11-2019 08:30,"","","","","",""
2927,TANSA RIVER NEAR ROAD BRIDGE VILLAGE DAKEWALI WADA THANE,CPCB,27,Maharashtra,497,Thane,BHIWANDI,-,-,-,-,-,-,-,-,19.48478900,73.08239400,04-12-2019 08:30,"","","","","",""
2928,TAPI AT AJAND VILLAGE RAVER JALGAON,CPCB,27,Maharashtra,478,Jalgaon,RAVER,-,-,-,-,-,-,-,-,21.24294000,76.03414600,03-01-2018 08:30,"","","","","",""
2929,TAPI AT AJAND VILLAGE RAVER JALGAON,CPCB,27,Maharashtra,478,Jalgaon,RAVER,-,-,-,-,-,-,-,-,21.24294000,76.03414600,01-02-2018 08:30,"","","","","",""
2930,TAPI AT AJAND VILLAGE RAVER JALGAON,CPCB,27,Maharashtra,478,Jalgaon,RAVER,-,-,-,-,-,-,-,-,21.24294000,76.03414600,01-03-2018 08:30,"","","","","",""
2931,TAPI AT AJAND VILLAGE RAVER JALGAON,CPCB,27,Maharashtra,478,Jalgaon,RAVER,-,-,-,-,-,-,-,-,21.24294000,76.03414600,02-04-2018 08:30,"","","","","",""
2932,TAPI AT AJAND VILLAGE RAVER JALGAON,CPCB,27,Maharashtra,478,Jalgaon,RAVER,-,-,-,-,-,-,-,-,21.24294000,76.03414600,03-05-2018 08:30,"","","","","",""
2933,TAPI AT AJAND VILLAGE RAVER JALGAON,CPCB,27,Maharashtra,478,Jalgaon,RAVER,-,-,-,-,-,-,-,-,21.24294000,76.03414600,04-07-2018 08:30,"","","","","",""
2934,TAPI AT AJAND VILLAGE RAVER JALGAON,CPCB,27,Maharashtra,478,Jalgaon,RAVER,-,-,-,-,-,-,-,-,21.24294000,76.03414600,06-08-2018 08:30,"","","","","",""
2935,TAPI AT AJAND VILLAGE RAVER JALGAON,CPCB,27,Maharashtra,478,Jalgaon,RAVER,-,-,-,-,-,-,-,-,21.24294000,76.03414600,03-09-2018 08:30,"","","","","",""
2936,TAPI AT AJAND VILLAGE RAVER JALGAON,CPCB,27,Maharashtra,478,Jalgaon,RAVER,-,-,-,-,-,-,-,-,21.24294000,76.03414600,04-10-2018 08:30,"","","","","",""
2937,TAPI AT AJAND VILLAGE RAVER JALGAON,CPCB,27,Maharashtra,478,Jalgaon,RAVER,-,-,-,-,-,-,-,-,21.24294000,76.03414600,04-11-2018 08:30,"","","","","",""
2938,TAPI AT AJAND VILLAGE RAVER JALGAON,CPCB,27,Maharashtra,478,Jalgaon,RAVER,-,-,-,-,-,-,-,-,21.24294000,76.03414600,02-12-2018 08:30,"","","","","",""
2939,TAPI AT AJAND VILLAGE RAVER JALGAON,CPCB,27,Maharashtra,478,Jalgaon,RAVER,-,-,-,-,-,-,-,-,21.24294000,76.03414600,06-01-2019 08:30,"","","","","",""
2940,TAPI AT AJAND VILLAGE RAVER JALGAON,CPCB,27,Maharashtra,478,Jalgaon,RAVER,-,-,-,-,-,-,-,-,21.24294000,76.03414600,01-02-2019 08:30,"","","","","",""
2941,TAPI AT AJAND VILLAGE RAVER JALGAON,CPCB,27,Maharashtra,478,Jalgaon,RAVER,-,-,-,-,-,-,-,-,21.24294000,76.03414600,01-03-2019 08:30,"","","","","",""
2942,TAPI AT AJAND VILLAGE RAVER JALGAON,CPCB,27,Maharashtra,478,Jalgaon,RAVER,-,-,-,-,-,-,-,-,21.24294000,76.03414600,01-04-2019 08:30,"","","","","",""
2943,TAPI AT AJAND VILLAGE RAVER JALGAON,CPCB,27,Maharashtra,478,Jalgaon,RAVER,-,-,-,-,-,-,-,-,21.24294000,76.03414600,03-05-2019 08:30,"","","","","",""
2944,TAPI AT AJAND VILLAGE RAVER JALGAON,CPCB,27,Maharashtra,478,Jalgaon,RAVER,-,-,-,-,-,-,-,-,21.24294000,76.03414600,06-06-2019 08:30,"","","","","",""
2945,TAPI AT AJAND VILLAGE RAVER JALGAON,CPCB,27,Maharashtra,478,Jalgaon,RAVER,-,-,-,-,-,-,-,-,21.24294000,76.03414600,05-07-2019 08:30,"","","","","",""
2946,TAPI AT AJAND VILLAGE RAVER JALGAON,CPCB,27,Maharashtra,478,Jalgaon,RAVER,-,-,-,-,-,-,-,-,21.24294000,76.03414600,04-08-2019 08:30,"","","","","",""
2947,TAPI AT AJAND VILLAGE RAVER JALGAON,CPCB,27,Maharashtra,478,Jalgaon,RAVER,-,-,-,-,-,-,-,-,21.24294000,76.03414600,03-09-2019 08:30,"","","","","",""
2948,TAPI AT AJAND VILLAGE RAVER JALGAON,CPCB,27,Maharashtra,478,Jalgaon,RAVER,-,-,-,-,-,-,-,-,21.24294000,76.03414600,04-10-2019 08:30,"","","","","",""
2949,TAPI AT AJAND VILLAGE RAVER JALGAON,CPCB,27,Maharashtra,478,Jalgaon,RAVER,-,-,-,-,-,-,-,-,21.24294000,76.03414600,05-11-2019 08:30,"","","","","",""
2950,TAPI AT AJAND VILLAGE RAVER JALGAON,CPCB,27,Maharashtra,478,Jalgaon,RAVER,-,-,-,-,-,-,-,-,21.24294000,76.03414600,03-12-2019 08:30,"","","","","",""
2951,TAPI AT BHUSAWAL U/S BHUSAWAL RAILWAY COLONY BHUSAWAL JALGAON,CPCB,27,Maharashtra,478,Jalgaon,BHUSAWAL,-,-,-,-,-,-,-,-,21.04777200,75.78635700,03-01-2018 08:30,"","","","","",""
2952,TAPI AT BHUSAWAL U/S BHUSAWAL RAILWAY COLONY BHUSAWAL JALGAON,CPCB,27,Maharashtra,478,Jalgaon,BHUSAWAL,-,-,-,-,-,-,-,-,21.04777200,75.78635700,01-02-2018 08:30,"","","","","",""
2953,TAPI AT BHUSAWAL U/S BHUSAWAL RAILWAY COLONY BHUSAWAL JALGAON,CPCB,27,Maharashtra,478,Jalgaon,BHUSAWAL,-,-,-,-,-,-,-,-,21.04777200,75.78635700,01-03-2018 08:30,"","","","","",""
2954,TAPI AT BHUSAWAL U/S BHUSAWAL RAILWAY COLONY BHUSAWAL JALGAON,CPCB,27,Maharashtra,478,Jalgaon,BHUSAWAL,-,-,-,-,-,-,-,-,21.04777200,75.78635700,02-04-2018 08:30,"","","","","",""
2955,TAPI AT BHUSAWAL U/S BHUSAWAL RAILWAY COLONY BHUSAWAL JALGAON,CPCB,27,Maharashtra,478,Jalgaon,BHUSAWAL,-,-,-,-,-,-,-,-,21.04777200,75.78635700,03-05-2018 08:30,"","","","","",""
2956,TAPI AT BHUSAWAL U/S BHUSAWAL RAILWAY COLONY BHUSAWAL JALGAON,CPCB,27,Maharashtra,478,Jalgaon,BHUSAWAL,-,-,-,-,-,-,-,-,21.04777200,75.78635700,04-07-2018 08:30,"","","","","",""
2957,TAPI AT BHUSAWAL U/S BHUSAWAL RAILWAY COLONY BHUSAWAL JALGAON,CPCB,27,Maharashtra,478,Jalgaon,BHUSAWAL,-,-,-,-,-,-,-,-,21.04777200,75.78635700,06-08-2018 08:30,"","","","","",""
2958,TAPI AT BHUSAWAL U/S BHUSAWAL RAILWAY COLONY BHUSAWAL JALGAON,CPCB,27,Maharashtra,478,Jalgaon,BHUSAWAL,-,-,-,-,-,-,-,-,21.04777200,75.78635700,03-09-2018 08:30,"","","","","",""
2959,TAPI AT BHUSAWAL U/S BHUSAWAL RAILWAY COLONY BHUSAWAL JALGAON,CPCB,27,Maharashtra,478,Jalgaon,BHUSAWAL,-,-,-,-,-,-,-,-,21.04777200,75.78635700,04-10-2018 08:30,"","","","","",""
2960,TAPI AT BHUSAWAL U/S BHUSAWAL RAILWAY COLONY BHUSAWAL JALGAON,CPCB,27,Maharashtra,478,Jalgaon,BHUSAWAL,-,-,-,-,-,-,-,-,21.04777200,75.78635700,04-11-2018 08:30,"","","","","",""
2961,TAPI AT BHUSAWAL U/S BHUSAWAL RAILWAY COLONY BHUSAWAL JALGAON,CPCB,27,Maharashtra,478,Jalgaon,BHUSAWAL,-,-,-,-,-,-,-,-,21.04777200,75.78635700,02-12-2018 08:30,"","","","","",""
2962,TAPI AT BHUSAWAL U/S BHUSAWAL RAILWAY COLONY BHUSAWAL JALGAON,CPCB,27,Maharashtra,478,Jalgaon,BHUSAWAL,-,-,-,-,-,-,-,-,21.04777200,75.78635700,06-01-2019 08:30,"","","","","",""
2963,TAPI AT BHUSAWAL U/S BHUSAWAL RAILWAY COLONY BHUSAWAL JALGAON,CPCB,27,Maharashtra,478,Jalgaon,BHUSAWAL,-,-,-,-,-,-,-,-,21.04777200,75.78635700,01-04-2019 08:30,"","","","","",""
2964,TAPI AT BHUSAWAL U/S BHUSAWAL RAILWAY COLONY BHUSAWAL JALGAON,CPCB,27,Maharashtra,478,Jalgaon,BHUSAWAL,-,-,-,-,-,-,-,-,21.04777200,75.78635700,05-07-2019 08:30,"","","","","",""
2965,TAPI AT BHUSAWAL U/S BHUSAWAL RAILWAY COLONY BHUSAWAL JALGAON,CPCB,27,Maharashtra,478,Jalgaon,BHUSAWAL,-,-,-,-,-,-,-,-,21.04777200,75.78635700,04-08-2019 08:30,"","","","","",""
2966,TAPI AT BHUSAWAL U/S BHUSAWAL RAILWAY COLONY BHUSAWAL JALGAON,CPCB,27,Maharashtra,478,Jalgaon,BHUSAWAL,-,-,-,-,-,-,-,-,21.04777200,75.78635700,03-09-2019 08:30,"","","","","",""
2967,TAPI AT BHUSAWAL U/S BHUSAWAL RAILWAY COLONY BHUSAWAL JALGAON,CPCB,27,Maharashtra,478,Jalgaon,BHUSAWAL,-,-,-,-,-,-,-,-,21.04777200,75.78635700,04-10-2019 08:30,"","","","","",""
2968,TAPI AT BHUSAWAL U/S BHUSAWAL RAILWAY COLONY BHUSAWAL JALGAON,CPCB,27,Maharashtra,478,Jalgaon,BHUSAWAL,-,-,-,-,-,-,-,-,21.04777200,75.78635700,05-11-2019 08:30,"","","","","",""
2969,TAPI AT BHUSAWAL U/S BHUSAWAL RAILWAY COLONY BHUSAWAL JALGAON,CPCB,27,Maharashtra,478,Jalgaon,BHUSAWAL,-,-,-,-,-,-,-,-,21.04777200,75.78635700,03-12-2019 08:30,"","","","","",""
2970,TAPI AT UBAD VILLAGESHAHADA NANDURBAR,CPCB,27,Maharashtra,486,Nandurbar,SHAHADE,-,-,-,-,-,-,-,-,21.54629100,74.46680700,04-01-2018 08:30,"","","","","",""
2971,TAPI AT UBAD VILLAGESHAHADA NANDURBAR,CPCB,27,Maharashtra,486,Nandurbar,SHAHADE,-,-,-,-,-,-,-,-,21.54629100,74.46680700,01-02-2018 08:30,"","","","","",""
2972,TAPI AT UBAD VILLAGESHAHADA NANDURBAR,CPCB,27,Maharashtra,486,Nandurbar,SHAHADE,-,-,-,-,-,-,-,-,21.54629100,74.46680700,04-03-2018 08:30,"","","","","",""
2973,TAPI AT UBAD VILLAGESHAHADA NANDURBAR,CPCB,27,Maharashtra,486,Nandurbar,SHAHADE,-,-,-,-,-,-,-,-,21.54629100,74.46680700,04-04-2018 08:30,"","","","","",""
2974,TAPI AT UBAD VILLAGESHAHADA NANDURBAR,CPCB,27,Maharashtra,486,Nandurbar,SHAHADE,-,-,-,-,-,-,-,-,21.54629100,74.46680700,02-05-2018 08:30,"","","","","",""
2975,TAPI AT UBAD VILLAGESHAHADA NANDURBAR,CPCB,27,Maharashtra,486,Nandurbar,SHAHADE,-,-,-,-,-,-,-,-,21.54629100,74.46680700,01-06-2018 08:30,"","","","","",""
2976,TAPI AT UBAD VILLAGESHAHADA NANDURBAR,CPCB,27,Maharashtra,486,Nandurbar,SHAHADE,-,-,-,-,-,-,-,-,21.54629100,74.46680700,03-07-2018 08:30,"","","","","",""
2977,TAPI AT UBAD VILLAGESHAHADA NANDURBAR,CPCB,27,Maharashtra,486,Nandurbar,SHAHADE,-,-,-,-,-,-,-,-,21.54629100,74.46680700,02-08-2018 08:30,"","","","","",""
2978,TAPI AT UBAD VILLAGESHAHADA NANDURBAR,CPCB,27,Maharashtra,486,Nandurbar,SHAHADE,-,-,-,-,-,-,-,-,21.54629100,74.46680700,02-09-2018 08:30,"","","","","",""
2979,TAPI AT UBAD VILLAGESHAHADA NANDURBAR,CPCB,27,Maharashtra,486,Nandurbar,SHAHADE,-,-,-,-,-,-,-,-,21.54629100,74.46680700,04-10-2018 08:30,"","","","","",""
2980,TAPI AT UBAD VILLAGESHAHADA NANDURBAR,CPCB,27,Maharashtra,486,Nandurbar,SHAHADE,-,-,-,-,-,-,-,-,21.54629100,74.46680700,01-04-2019 08:30,"","","","","",""
2981,TAPI AT UBAD VILLAGESHAHADA NANDURBAR,CPCB,27,Maharashtra,486,Nandurbar,SHAHADE,-,-,-,-,-,-,-,-,21.54629100,74.46680700,02-08-2019 08:30,"","","","","",""
2982,TAPI AT UBAD VILLAGESHAHADA NANDURBAR,CPCB,27,Maharashtra,486,Nandurbar,SHAHADE,-,-,-,-,-,-,-,-,21.54629100,74.46680700,04-09-2019 08:30,"","","","","",""
2983,TAPI AT UBAD VILLAGESHAHADA NANDURBAR,CPCB,27,Maharashtra,486,Nandurbar,SHAHADE,-,-,-,-,-,-,-,-,21.54629100,74.46680700,03-10-2019 08:30,"","","","","",""
2984,TAPI AT UBAD VILLAGESHAHADA NANDURBAR,CPCB,27,Maharashtra,486,Nandurbar,SHAHADE,-,-,-,-,-,-,-,-,21.54629100,74.46680700,04-11-2019 08:30,"","","","","",""
2985,TAPI AT UBAD VILLAGESHAHADA NANDURBAR,CPCB,27,Maharashtra,486,Nandurbar,SHAHADE,-,-,-,-,-,-,-,-,21.54629100,74.46680700,04-12-2019 08:30,"","","","","",""
2986,THANE CREEK AT KALWA ROAD BRIDGE KALWA THANE,CPCB,27,Maharashtra,497,Thane,THANE,-,-,-,-,-,-,-,-,19.19713200,72.98599300,02-01-2018 08:30,"",Clear,"","","",""
2987,THANE CREEK AT KALWA ROAD BRIDGE KALWA THANE,CPCB,27,Maharashtra,497,Thane,THANE,-,-,-,-,-,-,-,-,19.19713200,72.98599300,03-02-2018 08:30,"",Light Brown,"","","",""
2988,THANE CREEK AT KALWA ROAD BRIDGE KALWA THANE,CPCB,27,Maharashtra,497,Thane,THANE,-,-,-,-,-,-,-,-,19.19713200,72.98599300,03-03-2018 08:30,"",Light Brown,Pungent,"","",""
2989,THANE CREEK AT KALWA ROAD BRIDGE KALWA THANE,CPCB,27,Maharashtra,497,Thane,THANE,-,-,-,-,-,-,-,-,19.19713200,72.98599300,03-04-2018 08:30,"",Clear,"","","",""
2990,THANE CREEK AT KALWA ROAD BRIDGE KALWA THANE,CPCB,27,Maharashtra,497,Thane,THANE,-,-,-,-,-,-,-,-,19.19713200,72.98599300,04-05-2018 08:30,"",Clear,"","","",""
2991,THANE CREEK AT KALWA ROAD BRIDGE KALWA THANE,CPCB,27,Maharashtra,497,Thane,THANE,-,-,-,-,-,-,-,-,19.19713200,72.98599300,07-06-2018 08:30,"",Light Brown,"","","",""
2992,THANE CREEK AT KALWA ROAD BRIDGE KALWA THANE,CPCB,27,Maharashtra,497,Thane,THANE,-,-,-,-,-,-,-,-,19.19713200,72.98599300,04-07-2018 08:30,"",Light Brown,"","","",""
2993,THANE CREEK AT KALWA ROAD BRIDGE KALWA THANE,CPCB,27,Maharashtra,497,Thane,THANE,-,-,-,-,-,-,-,-,19.19713200,72.98599300,06-08-2018 08:30,"",Light Brown,"","","",""
2994,THANE CREEK AT KALWA ROAD BRIDGE KALWA THANE,CPCB,27,Maharashtra,497,Thane,THANE,-,-,-,-,-,-,-,-,19.19713200,72.98599300,06-09-2018 08:30,"","","","","",""
2995,THANE CREEK AT KALWA ROAD BRIDGE KALWA THANE,CPCB,27,Maharashtra,497,Thane,THANE,-,-,-,-,-,-,-,-,19.19713200,72.98599300,08-10-2018 08:30,"",Clear,"","","",""
2996,THANE CREEK AT KALWA ROAD BRIDGE KALWA THANE,CPCB,27,Maharashtra,497,Thane,THANE,-,-,-,-,-,-,-,-,19.19713200,72.98599300,02-11-2018 08:30,"","","","","",""
2997,THANE CREEK AT KALWA ROAD BRIDGE KALWA THANE,CPCB,27,Maharashtra,497,Thane,THANE,-,-,-,-,-,-,-,-,19.19713200,72.98599300,04-12-2018 08:30,"",Clear,"","","",""
2998,THANE CREEK AT KALWA ROAD BRIDGE KALWA THANE,CPCB,27,Maharashtra,497,Thane,THANE,-,-,-,-,-,-,-,-,19.19713200,72.98599300,01-01-2019 08:30,"","","","","",""
2999,THANE CREEK AT KALWA ROAD BRIDGE KALWA THANE,CPCB,27,Maharashtra,497,Thane,THANE,-,-,-,-,-,-,-,-,19.19713200,72.98599300,04-02-2019 08:30,"","","","","",""
3000,THANE CREEK AT KALWA ROAD BRIDGE KALWA THANE,CPCB,27,Maharashtra,497,Thane,THANE,-,-,-,-,-,-,-,-,19.19713200,72.98599300,01-03-2019 08:30,"","","","","",""
3001,THANE CREEK AT KALWA ROAD BRIDGE KALWA THANE,CPCB,27,Maharashtra,497,Thane,THANE,-,-,-,-,-,-,-,-,19.19713200,72.98599300,01-04-2019 08:30,"","","","","",""
3002,THANE CREEK AT KALWA ROAD BRIDGE KALWA THANE,CPCB,27,Maharashtra,497,Thane,THANE,-,-,-,-,-,-,-,-,19.19713200,72.98599300,07-05-2019 08:30,"","","","","",""
3003,THANE CREEK AT KALWA ROAD BRIDGE KALWA THANE,CPCB,27,Maharashtra,497,Thane,THANE,-,-,-,-,-,-,-,-,19.19713200,72.98599300,06-06-2019 08:30,"","","","","",""
3004,THANE CREEK AT KALWA ROAD BRIDGE KALWA THANE,CPCB,27,Maharashtra,497,Thane,THANE,-,-,-,-,-,-,-,-,19.19713200,72.98599300,08-07-2019 08:30,"",Light Brown,"","","",""
3005,THANE CREEK AT KALWA ROAD BRIDGE KALWA THANE,CPCB,27,Maharashtra,497,Thane,THANE,-,-,-,-,-,-,-,-,19.19713200,72.98599300,02-08-2019 08:30,"",Light Brown,"","","",""
3006,THANE CREEK AT KALWA ROAD BRIDGE KALWA THANE,CPCB,27,Maharashtra,497,Thane,THANE,-,-,-,-,-,-,-,-,19.19713200,72.98599300,05-09-2019 08:30,"",Light Brown,"","","",""
3007,THANE CREEK AT KALWA ROAD BRIDGE KALWA THANE,CPCB,27,Maharashtra,497,Thane,THANE,-,-,-,-,-,-,-,-,19.19713200,72.98599300,03-10-2019 08:30,"","","","","",""
3008,THANE CREEK AT KALWA ROAD BRIDGE KALWA THANE,CPCB,27,Maharashtra,497,Thane,THANE,-,-,-,-,-,-,-,-,19.19713200,72.98599300,05-11-2019 08:30,"","","","","",""
3009,THANE CREEK AT KALWA ROAD BRIDGE KALWA THANE,CPCB,27,Maharashtra,497,Thane,THANE,-,-,-,-,-,-,-,-,19.19713200,72.98599300,05-12-2019 08:30,"","","","","",""
3010,TITUR RIVER D/S OF CHALISGAON JALGAON,CPCB,27,Maharashtra,478,Jalgaon,CHALISGAON,-,-,-,-,-,-,-,-,20.47005300,75.02594700,04-09-2018 08:30,"","","","","",""
3011,TITUR RIVER D/S OF CHALISGAON JALGAON,CPCB,27,Maharashtra,478,Jalgaon,CHALISGAON,-,-,-,-,-,-,-,-,20.47005300,75.02594700,01-04-2019 08:30,"","","","","",""
3012,TITUR RIVER D/S OF CHALISGAON JALGAON,CPCB,27,Maharashtra,478,Jalgaon,CHALISGAON,-,-,-,-,-,-,-,-,20.47005300,75.02594700,04-09-2019 08:30,"","","","","",""
3013,TITUR RIVER D/S OF CHALISGAON JALGAON,CPCB,27,Maharashtra,478,Jalgaon,CHALISGAON,-,-,-,-,-,-,-,-,20.47005300,75.02594700,05-10-2019 08:30,"","","","","",""
3014,TITUR RIVER D/S OF CHALISGAON JALGAON,CPCB,27,Maharashtra,478,Jalgaon,CHALISGAON,-,-,-,-,-,-,-,-,20.47005300,75.02594700,05-11-2019 08:30,"","","","","",""
3015,TITUR RIVER D/S OF CHALISGAON JALGAON,CPCB,27,Maharashtra,478,Jalgaon,CHALISGAON,-,-,-,-,-,-,-,-,20.47005300,75.02594700,03-12-2019 08:30,"","","","","",""
3016,TPS-DURGAPUR CHANDRAPUR,CPCB,27,Maharashtra,473,Chandrapur,CHANDRAPUR,-,-,-,-,-,-,-,-,20.01076600,79.29767900,04-04-2018 08:30,934,"","","","",""
3017,TPS-DURGAPUR CHANDRAPUR,CPCB,27,Maharashtra,473,Chandrapur,CHANDRAPUR,-,-,-,-,-,-,-,-,20.01076600,79.29767900,09-10-2018 08:30,1145,"","","","",""
3018,TPS-DURGAPUR CHANDRAPUR,CPCB,27,Maharashtra,473,Chandrapur,CHANDRAPUR,-,-,-,-,-,-,-,-,20.01076600,79.29767900,08-04-2019 08:30,208,"","","","",""
3019,TPS-DURGAPUR CHANDRAPUR,CPCB,27,Maharashtra,473,Chandrapur,CHANDRAPUR,-,-,-,-,-,-,-,-,20.01076600,79.29767900,07-10-2019 08:30,1768,"","","","",""
3020,ULHAS AT U/S OF BADLAPUR KULGAON AMBERNATH THANE,CPCB,27,Maharashtra,497,Thane,Ambarnath,-,-,-,-,-,-,-,-,19.16209900,73.23814800,05-01-2018 08:30,"","","","","",""
3021,ULHAS AT U/S OF BADLAPUR KULGAON AMBERNATH THANE,CPCB,27,Maharashtra,497,Thane,Ambarnath,-,-,-,-,-,-,-,-,19.16209900,73.23814800,05-02-2018 08:30,"","","","","",""
3022,ULHAS AT U/S OF BADLAPUR KULGAON AMBERNATH THANE,CPCB,27,Maharashtra,497,Thane,Ambarnath,-,-,-,-,-,-,-,-,19.16209900,73.23814800,03-03-2018 08:30,"","","","","",""
3023,ULHAS AT U/S OF BADLAPUR KULGAON AMBERNATH THANE,CPCB,27,Maharashtra,497,Thane,Ambarnath,-,-,-,-,-,-,-,-,19.16209900,73.23814800,05-04-2018 08:30,"","","","","",""
3024,ULHAS AT U/S OF BADLAPUR KULGAON AMBERNATH THANE,CPCB,27,Maharashtra,497,Thane,Ambarnath,-,-,-,-,-,-,-,-,19.16209900,73.23814800,04-05-2018 08:30,"","","","","",""
3025,ULHAS AT U/S OF BADLAPUR KULGAON AMBERNATH THANE,CPCB,27,Maharashtra,497,Thane,Ambarnath,-,-,-,-,-,-,-,-,19.16209900,73.23814800,04-06-2018 08:30,"","","","","",""
3026,ULHAS AT U/S OF BADLAPUR KULGAON AMBERNATH THANE,CPCB,27,Maharashtra,497,Thane,Ambarnath,-,-,-,-,-,-,-,-,19.16209900,73.23814800,05-07-2018 08:30,"","","","","",""
3027,ULHAS AT U/S OF BADLAPUR KULGAON AMBERNATH THANE,CPCB,27,Maharashtra,497,Thane,Ambarnath,-,-,-,-,-,-,-,-,19.16209900,73.23814800,06-08-2018 08:30,"","","","","",""
3028,ULHAS AT U/S OF BADLAPUR KULGAON AMBERNATH THANE,CPCB,27,Maharashtra,497,Thane,Ambarnath,-,-,-,-,-,-,-,-,19.16209900,73.23814800,04-09-2018 08:30,"","","","","",""
3029,ULHAS AT U/S OF BADLAPUR KULGAON AMBERNATH THANE,CPCB,27,Maharashtra,497,Thane,Ambarnath,-,-,-,-,-,-,-,-,19.16209900,73.23814800,05-10-2018 08:30,"","","","","",""
3030,ULHAS AT U/S OF BADLAPUR KULGAON AMBERNATH THANE,CPCB,27,Maharashtra,497,Thane,Ambarnath,-,-,-,-,-,-,-,-,19.16209900,73.23814800,03-11-2018 08:30,"","","","","",""
3031,ULHAS AT U/S OF BADLAPUR KULGAON AMBERNATH THANE,CPCB,27,Maharashtra,497,Thane,Ambarnath,-,-,-,-,-,-,-,-,19.16209900,73.23814800,04-12-2018 08:30,"","","","","",""
3032,ULHAS AT U/S OF BADLAPUR KULGAON AMBERNATH THANE,CPCB,27,Maharashtra,497,Thane,Ambarnath,-,-,-,-,-,-,-,-,19.16209900,73.23814800,04-01-2019 08:30,"","","","","",""
3033,ULHAS AT U/S OF BADLAPUR KULGAON AMBERNATH THANE,CPCB,27,Maharashtra,497,Thane,Ambarnath,-,-,-,-,-,-,-,-,19.16209900,73.23814800,01-02-2019 08:30,"","","","","",""
3034,ULHAS AT U/S OF BADLAPUR KULGAON AMBERNATH THANE,CPCB,27,Maharashtra,497,Thane,Ambarnath,-,-,-,-,-,-,-,-,19.16209900,73.23814800,05-03-2019 08:30,"","","","","",""
3035,ULHAS AT U/S OF BADLAPUR KULGAON AMBERNATH THANE,CPCB,27,Maharashtra,497,Thane,Ambarnath,-,-,-,-,-,-,-,-,19.16209900,73.23814800,03-04-2019 08:30,"","","","","",""
3036,ULHAS AT U/S OF BADLAPUR KULGAON AMBERNATH THANE,CPCB,27,Maharashtra,497,Thane,Ambarnath,-,-,-,-,-,-,-,-,19.16209900,73.23814800,04-05-2019 08:30,"","","","","",""
3037,ULHAS AT U/S OF BADLAPUR KULGAON AMBERNATH THANE,CPCB,27,Maharashtra,497,Thane,Ambarnath,-,-,-,-,-,-,-,-,19.16209900,73.23814800,04-06-2019 08:30,"","","","","",""
3038,ULHAS AT U/S OF BADLAPUR KULGAON AMBERNATH THANE,CPCB,27,Maharashtra,497,Thane,Ambarnath,-,-,-,-,-,-,-,-,19.16209900,73.23814800,03-07-2019 08:30,"","","","","",""
3039,ULHAS AT U/S OF BADLAPUR KULGAON AMBERNATH THANE,CPCB,27,Maharashtra,497,Thane,Ambarnath,-,-,-,-,-,-,-,-,19.16209900,73.23814800,05-08-2019 08:30,"","","","","",""
3040,ULHAS AT U/S OF BADLAPUR KULGAON AMBERNATH THANE,CPCB,27,Maharashtra,497,Thane,Ambarnath,-,-,-,-,-,-,-,-,19.16209900,73.23814800,05-09-2019 08:30,"","","","","",""
3041,ULHAS AT U/S OF BADLAPUR KULGAON AMBERNATH THANE,CPCB,27,Maharashtra,497,Thane,Ambarnath,-,-,-,-,-,-,-,-,19.16209900,73.23814800,05-10-2019 08:30,"","","","","",""
3042,ULHAS AT U/S OF BADLAPUR KULGAON AMBERNATH THANE,CPCB,27,Maharashtra,497,Thane,Ambarnath,-,-,-,-,-,-,-,-,19.16209900,73.23814800,01-11-2019 08:30,"","","","","",""
3043,ULHAS AT U/S OF BADLAPUR KULGAON AMBERNATH THANE,CPCB,27,Maharashtra,497,Thane,Ambarnath,-,-,-,-,-,-,-,-,19.16209900,73.23814800,02-12-2019 08:30,"","","","","",""
3044,ULHAS AT U/S OF NRC BUND AT MOHANE KALYAN THANE,CPCB,27,Maharashtra,497,Thane,KALYAN,-,-,-,-,-,-,-,-,19.24565200,73.15648700,05-01-2018 08:30,"","","","","",""
3045,ULHAS AT U/S OF NRC BUND AT MOHANE KALYAN THANE,CPCB,27,Maharashtra,497,Thane,KALYAN,-,-,-,-,-,-,-,-,19.24565200,73.15648700,05-02-2018 08:30,"","","","","",""
3046,ULHAS AT U/S OF NRC BUND AT MOHANE KALYAN THANE,CPCB,27,Maharashtra,497,Thane,KALYAN,-,-,-,-,-,-,-,-,19.24565200,73.15648700,03-03-2018 08:30,"","","","","",""
3047,ULHAS AT U/S OF NRC BUND AT MOHANE KALYAN THANE,CPCB,27,Maharashtra,497,Thane,KALYAN,-,-,-,-,-,-,-,-,19.24565200,73.15648700,05-04-2018 08:30,"","","","","",""
3048,ULHAS AT U/S OF NRC BUND AT MOHANE KALYAN THANE,CPCB,27,Maharashtra,497,Thane,KALYAN,-,-,-,-,-,-,-,-,19.24565200,73.15648700,04-05-2018 08:30,"","","","","",""
3049,ULHAS AT U/S OF NRC BUND AT MOHANE KALYAN THANE,CPCB,27,Maharashtra,497,Thane,KALYAN,-,-,-,-,-,-,-,-,19.24565200,73.15648700,04-06-2018 08:30,"","","","","",""
3050,ULHAS AT U/S OF NRC BUND AT MOHANE KALYAN THANE,CPCB,27,Maharashtra,497,Thane,KALYAN,-,-,-,-,-,-,-,-,19.24565200,73.15648700,05-07-2018 08:30,"","","","","",""
3051,ULHAS AT U/S OF NRC BUND AT MOHANE KALYAN THANE,CPCB,27,Maharashtra,497,Thane,KALYAN,-,-,-,-,-,-,-,-,19.24565200,73.15648700,06-08-2018 08:30,"","","","","",""
3052,ULHAS AT U/S OF NRC BUND AT MOHANE KALYAN THANE,CPCB,27,Maharashtra,497,Thane,KALYAN,-,-,-,-,-,-,-,-,19.24565200,73.15648700,04-09-2018 08:30,"","","","","",""
3053,ULHAS AT U/S OF NRC BUND AT MOHANE KALYAN THANE,CPCB,27,Maharashtra,497,Thane,KALYAN,-,-,-,-,-,-,-,-,19.24565200,73.15648700,05-10-2018 08:30,"","","","","",""
3054,ULHAS AT U/S OF NRC BUND AT MOHANE KALYAN THANE,CPCB,27,Maharashtra,497,Thane,KALYAN,-,-,-,-,-,-,-,-,19.24565200,73.15648700,03-11-2018 08:30,"","","","","",""
3055,ULHAS AT U/S OF NRC BUND AT MOHANE KALYAN THANE,CPCB,27,Maharashtra,497,Thane,KALYAN,-,-,-,-,-,-,-,-,19.24565200,73.15648700,04-12-2018 08:30,"","","","","",""
3056,ULHAS AT U/S OF NRC BUND AT MOHANE KALYAN THANE,CPCB,27,Maharashtra,497,Thane,KALYAN,-,-,-,-,-,-,-,-,19.24565200,73.15648700,04-01-2019 08:30,"","","","","",""
3057,ULHAS AT U/S OF NRC BUND AT MOHANE KALYAN THANE,CPCB,27,Maharashtra,497,Thane,KALYAN,-,-,-,-,-,-,-,-,19.24565200,73.15648700,01-02-2019 08:30,"","","","","",""
3058,ULHAS AT U/S OF NRC BUND AT MOHANE KALYAN THANE,CPCB,27,Maharashtra,497,Thane,KALYAN,-,-,-,-,-,-,-,-,19.24565200,73.15648700,05-03-2019 08:30,"","","","","",""
3059,ULHAS AT U/S OF NRC BUND AT MOHANE KALYAN THANE,CPCB,27,Maharashtra,497,Thane,KALYAN,-,-,-,-,-,-,-,-,19.24565200,73.15648700,03-04-2019 08:30,"","","","","",""
3060,ULHAS AT U/S OF NRC BUND AT MOHANE KALYAN THANE,CPCB,27,Maharashtra,497,Thane,KALYAN,-,-,-,-,-,-,-,-,19.24565200,73.15648700,04-05-2019 08:30,"","","","","",""
3061,ULHAS AT U/S OF NRC BUND AT MOHANE KALYAN THANE,CPCB,27,Maharashtra,497,Thane,KALYAN,-,-,-,-,-,-,-,-,19.24565200,73.15648700,04-06-2019 08:30,"","","","","",""
3062,ULHAS AT U/S OF NRC BUND AT MOHANE KALYAN THANE,CPCB,27,Maharashtra,497,Thane,KALYAN,-,-,-,-,-,-,-,-,19.24565200,73.15648700,03-07-2019 08:30,"","","","","",""
3063,ULHAS AT U/S OF NRC BUND AT MOHANE KALYAN THANE,CPCB,27,Maharashtra,497,Thane,KALYAN,-,-,-,-,-,-,-,-,19.24565200,73.15648700,05-08-2019 08:30,"","","","","",""
3064,ULHAS AT U/S OF NRC BUND AT MOHANE KALYAN THANE,CPCB,27,Maharashtra,497,Thane,KALYAN,-,-,-,-,-,-,-,-,19.24565200,73.15648700,05-09-2019 08:30,"","","","","",""
3065,ULHAS AT U/S OF NRC BUND AT MOHANE KALYAN THANE,CPCB,27,Maharashtra,497,Thane,KALYAN,-,-,-,-,-,-,-,-,19.24565200,73.15648700,05-10-2019 08:30,"","","","","",""
3066,ULHAS AT U/S OF NRC BUND AT MOHANE KALYAN THANE,CPCB,27,Maharashtra,497,Thane,KALYAN,-,-,-,-,-,-,-,-,19.24565200,73.15648700,01-11-2019 08:30,"","","","","",""
3067,ULHAS AT U/S OF NRC BUND AT MOHANE KALYAN THANE,CPCB,27,Maharashtra,497,Thane,KALYAN,-,-,-,-,-,-,-,-,19.24565200,73.15648700,02-12-2019 08:30,"","","","","",""
3068,ULHAS CREEK AT GAIMUKH AT NAGLA BUNDER ON GHOD BUNDER ROAD NAGLA THANE,CPCB,27,Maharashtra,497,Thane,THANE,-,-,-,-,-,-,-,-,19.28702000,72.93764400,02-01-2018 08:30,"",Clear,"","","",""
3069,ULHAS CREEK AT GAIMUKH AT NAGLA BUNDER ON GHOD BUNDER ROAD NAGLA THANE,CPCB,27,Maharashtra,497,Thane,THANE,-,-,-,-,-,-,-,-,19.28702000,72.93764400,03-02-2018 08:30,"",Dark Brown,"","","",""
3070,ULHAS CREEK AT GAIMUKH AT NAGLA BUNDER ON GHOD BUNDER ROAD NAGLA THANE,CPCB,27,Maharashtra,497,Thane,THANE,-,-,-,-,-,-,-,-,19.28702000,72.93764400,03-03-2018 08:30,"",Light Brown,Pungent,"","",""
3071,ULHAS CREEK AT GAIMUKH AT NAGLA BUNDER ON GHOD BUNDER ROAD NAGLA THANE,CPCB,27,Maharashtra,497,Thane,THANE,-,-,-,-,-,-,-,-,19.28702000,72.93764400,03-04-2018 08:30,"",Clear,"","","",""
3072,ULHAS CREEK AT GAIMUKH AT NAGLA BUNDER ON GHOD BUNDER ROAD NAGLA THANE,CPCB,27,Maharashtra,497,Thane,THANE,-,-,-,-,-,-,-,-,19.28702000,72.93764400,04-05-2018 08:30,"",Clear,"","","",""
3073,ULHAS CREEK AT GAIMUKH AT NAGLA BUNDER ON GHOD BUNDER ROAD NAGLA THANE,CPCB,27,Maharashtra,497,Thane,THANE,-,-,-,-,-,-,-,-,19.28702000,72.93764400,07-06-2018 08:30,"",Light Brown,"","","",""
3074,ULHAS CREEK AT GAIMUKH AT NAGLA BUNDER ON GHOD BUNDER ROAD NAGLA THANE,CPCB,27,Maharashtra,497,Thane,THANE,-,-,-,-,-,-,-,-,19.28702000,72.93764400,04-07-2018 08:30,"",Light Brown,"","","",""
3075,ULHAS CREEK AT GAIMUKH AT NAGLA BUNDER ON GHOD BUNDER ROAD NAGLA THANE,CPCB,27,Maharashtra,497,Thane,THANE,-,-,-,-,-,-,-,-,19.28702000,72.93764400,06-08-2018 08:30,"",Light Brown,"","","",""
3076,ULHAS CREEK AT GAIMUKH AT NAGLA BUNDER ON GHOD BUNDER ROAD NAGLA THANE,CPCB,27,Maharashtra,497,Thane,THANE,-,-,-,-,-,-,-,-,19.28702000,72.93764400,06-09-2018 08:30,"","","","","",""
3077,ULHAS CREEK AT GAIMUKH AT NAGLA BUNDER ON GHOD BUNDER ROAD NAGLA THANE,CPCB,27,Maharashtra,497,Thane,THANE,-,-,-,-,-,-,-,-,19.28702000,72.93764400,08-10-2018 08:30,"",Clear,"","","",""
3078,ULHAS CREEK AT GAIMUKH AT NAGLA BUNDER ON GHOD BUNDER ROAD NAGLA THANE,CPCB,27,Maharashtra,497,Thane,THANE,-,-,-,-,-,-,-,-,19.28702000,72.93764400,02-11-2018 08:30,"","","","","",""
3079,ULHAS CREEK AT GAIMUKH AT NAGLA BUNDER ON GHOD BUNDER ROAD NAGLA THANE,CPCB,27,Maharashtra,497,Thane,THANE,-,-,-,-,-,-,-,-,19.28702000,72.93764400,04-12-2018 08:30,"",Clear,"","","",""
3080,ULHAS CREEK AT GAIMUKH AT NAGLA BUNDER ON GHOD BUNDER ROAD NAGLA THANE,CPCB,27,Maharashtra,497,Thane,THANE,-,-,-,-,-,-,-,-,19.28702000,72.93764400,01-01-2019 08:30,"","","","","",""
3081,ULHAS CREEK AT GAIMUKH AT NAGLA BUNDER ON GHOD BUNDER ROAD NAGLA THANE,CPCB,27,Maharashtra,497,Thane,THANE,-,-,-,-,-,-,-,-,19.28702000,72.93764400,04-02-2019 08:30,"","","","","",""
3082,ULHAS CREEK AT GAIMUKH AT NAGLA BUNDER ON GHOD BUNDER ROAD NAGLA THANE,CPCB,27,Maharashtra,497,Thane,THANE,-,-,-,-,-,-,-,-,19.28702000,72.93764400,01-03-2019 08:30,"","","","","",""
3083,ULHAS CREEK AT GAIMUKH AT NAGLA BUNDER ON GHOD BUNDER ROAD NAGLA THANE,CPCB,27,Maharashtra,497,Thane,THANE,-,-,-,-,-,-,-,-,19.28702000,72.93764400,01-04-2019 08:30,"","","","","",""
3084,ULHAS CREEK AT GAIMUKH AT NAGLA BUNDER ON GHOD BUNDER ROAD NAGLA THANE,CPCB,27,Maharashtra,497,Thane,THANE,-,-,-,-,-,-,-,-,19.28702000,72.93764400,07-05-2019 08:30,"","","","","",""
3085,ULHAS CREEK AT GAIMUKH AT NAGLA BUNDER ON GHOD BUNDER ROAD NAGLA THANE,CPCB,27,Maharashtra,497,Thane,THANE,-,-,-,-,-,-,-,-,19.28702000,72.93764400,06-06-2019 08:30,"","","","","",""
3086,ULHAS CREEK AT GAIMUKH AT NAGLA BUNDER ON GHOD BUNDER ROAD NAGLA THANE,CPCB,27,Maharashtra,497,Thane,THANE,-,-,-,-,-,-,-,-,19.28702000,72.93764400,08-07-2019 08:30,"",Light Brown,"","","",""
3087,ULHAS CREEK AT GAIMUKH AT NAGLA BUNDER ON GHOD BUNDER ROAD NAGLA THANE,CPCB,27,Maharashtra,497,Thane,THANE,-,-,-,-,-,-,-,-,19.28702000,72.93764400,02-08-2019 08:30,"",Light Brown,"","","",""
3088,ULHAS CREEK AT GAIMUKH AT NAGLA BUNDER ON GHOD BUNDER ROAD NAGLA THANE,CPCB,27,Maharashtra,497,Thane,THANE,-,-,-,-,-,-,-,-,19.28702000,72.93764400,05-09-2019 08:30,"",Light Brown,"","","",""
3089,ULHAS CREEK AT GAIMUKH AT NAGLA BUNDER ON GHOD BUNDER ROAD NAGLA THANE,CPCB,27,Maharashtra,497,Thane,THANE,-,-,-,-,-,-,-,-,19.28702000,72.93764400,03-10-2019 08:30,"","","","","",""
3090,ULHAS CREEK AT GAIMUKH AT NAGLA BUNDER ON GHOD BUNDER ROAD NAGLA THANE,CPCB,27,Maharashtra,497,Thane,THANE,-,-,-,-,-,-,-,-,19.28702000,72.93764400,05-11-2019 08:30,"","","","","",""
3091,ULHAS CREEK AT GAIMUKH AT NAGLA BUNDER ON GHOD BUNDER ROAD NAGLA THANE,CPCB,27,Maharashtra,497,Thane,THANE,-,-,-,-,-,-,-,-,19.28702000,72.93764400,05-12-2019 08:30,"","","","","",""
3092,ULHAS CREEK AT KOLSHET RETI BUNDER KOLSHET THANE,CPCB,27,Maharashtra,497,Thane,THANE,-,-,-,-,-,-,-,-,19.23601200,72.99958600,02-01-2018 08:30,"",Clear,"","","",""
3093,ULHAS CREEK AT KOLSHET RETI BUNDER KOLSHET THANE,CPCB,27,Maharashtra,497,Thane,THANE,-,-,-,-,-,-,-,-,19.23601200,72.99958600,03-02-2018 08:30,"",Dark Brown,"","","",""
3094,ULHAS CREEK AT KOLSHET RETI BUNDER KOLSHET THANE,CPCB,27,Maharashtra,497,Thane,THANE,-,-,-,-,-,-,-,-,19.23601200,72.99958600,03-03-2018 08:30,"",Light Brown,Pungent,"","",""
3095,ULHAS CREEK AT KOLSHET RETI BUNDER KOLSHET THANE,CPCB,27,Maharashtra,497,Thane,THANE,-,-,-,-,-,-,-,-,19.23601200,72.99958600,03-04-2018 08:30,"",Clear,"","","",""
3096,ULHAS CREEK AT KOLSHET RETI BUNDER KOLSHET THANE,CPCB,27,Maharashtra,497,Thane,THANE,-,-,-,-,-,-,-,-,19.23601200,72.99958600,04-05-2018 08:30,"",Clear,"","","",""
3097,ULHAS CREEK AT KOLSHET RETI BUNDER KOLSHET THANE,CPCB,27,Maharashtra,497,Thane,THANE,-,-,-,-,-,-,-,-,19.23601200,72.99958600,07-06-2018 08:30,"",Light Brown,"","","",""
3098,ULHAS CREEK AT KOLSHET RETI BUNDER KOLSHET THANE,CPCB,27,Maharashtra,497,Thane,THANE,-,-,-,-,-,-,-,-,19.23601200,72.99958600,04-07-2018 08:30,"",Light Brown,"","","",""
3099,ULHAS CREEK AT KOLSHET RETI BUNDER KOLSHET THANE,CPCB,27,Maharashtra,497,Thane,THANE,-,-,-,-,-,-,-,-,19.23601200,72.99958600,06-08-2018 08:30,"",Light Brown,"","","",""
3100,ULHAS CREEK AT KOLSHET RETI BUNDER KOLSHET THANE,CPCB,27,Maharashtra,497,Thane,THANE,-,-,-,-,-,-,-,-,19.23601200,72.99958600,06-09-2018 08:30,"","","","","",""
3101,ULHAS CREEK AT KOLSHET RETI BUNDER KOLSHET THANE,CPCB,27,Maharashtra,497,Thane,THANE,-,-,-,-,-,-,-,-,19.23601200,72.99958600,08-10-2018 08:30,"",Clear,"","","",""
3102,ULHAS CREEK AT KOLSHET RETI BUNDER KOLSHET THANE,CPCB,27,Maharashtra,497,Thane,THANE,-,-,-,-,-,-,-,-,19.23601200,72.99958600,02-11-2018 08:30,"","","","","",""
3103,ULHAS CREEK AT KOLSHET RETI BUNDER KOLSHET THANE,CPCB,27,Maharashtra,497,Thane,THANE,-,-,-,-,-,-,-,-,19.23601200,72.99958600,04-12-2018 08:30,"",Clear,"","","",""
3104,ULHAS CREEK AT KOLSHET RETI BUNDER KOLSHET THANE,CPCB,27,Maharashtra,497,Thane,THANE,-,-,-,-,-,-,-,-,19.23601200,72.99958600,01-01-2019 08:30,"","","","","",""
3105,ULHAS CREEK AT KOLSHET RETI BUNDER KOLSHET THANE,CPCB,27,Maharashtra,497,Thane,THANE,-,-,-,-,-,-,-,-,19.23601200,72.99958600,04-02-2019 08:30,"","","","","",""
3106,ULHAS CREEK AT KOLSHET RETI BUNDER KOLSHET THANE,CPCB,27,Maharashtra,497,Thane,THANE,-,-,-,-,-,-,-,-,19.23601200,72.99958600,01-03-2019 08:30,"","","","","",""
3107,ULHAS CREEK AT KOLSHET RETI BUNDER KOLSHET THANE,CPCB,27,Maharashtra,497,Thane,THANE,-,-,-,-,-,-,-,-,19.23601200,72.99958600,01-04-2019 08:30,"","","","","",""
3108,ULHAS CREEK AT KOLSHET RETI BUNDER KOLSHET THANE,CPCB,27,Maharashtra,497,Thane,THANE,-,-,-,-,-,-,-,-,19.23601200,72.99958600,07-05-2019 08:30,"","","","","",""
3109,ULHAS CREEK AT KOLSHET RETI BUNDER KOLSHET THANE,CPCB,27,Maharashtra,497,Thane,THANE,-,-,-,-,-,-,-,-,19.23601200,72.99958600,06-06-2019 08:30,"","","","","",""
3110,ULHAS CREEK AT KOLSHET RETI BUNDER KOLSHET THANE,CPCB,27,Maharashtra,497,Thane,THANE,-,-,-,-,-,-,-,-,19.23601200,72.99958600,08-07-2019 08:30,"",Light Brown,"","","",""
3111,ULHAS CREEK AT KOLSHET RETI BUNDER KOLSHET THANE,CPCB,27,Maharashtra,497,Thane,THANE,-,-,-,-,-,-,-,-,19.23601200,72.99958600,02-08-2019 08:30,"",Light Brown,"","","",""
3112,ULHAS CREEK AT KOLSHET RETI BUNDER KOLSHET THANE,CPCB,27,Maharashtra,497,Thane,THANE,-,-,-,-,-,-,-,-,19.23601200,72.99958600,05-09-2019 08:30,"",Light Brown,"","","",""
3113,ULHAS CREEK AT KOLSHET RETI BUNDER KOLSHET THANE,CPCB,27,Maharashtra,497,Thane,THANE,-,-,-,-,-,-,-,-,19.23601200,72.99958600,03-10-2019 08:30,"","","","","",""
3114,ULHAS CREEK AT KOLSHET RETI BUNDER KOLSHET THANE,CPCB,27,Maharashtra,497,Thane,THANE,-,-,-,-,-,-,-,-,19.23601200,72.99958600,05-11-2019 08:30,"","","","","",""
3115,ULHAS CREEK AT KOLSHET RETI BUNDER KOLSHET THANE,CPCB,27,Maharashtra,497,Thane,THANE,-,-,-,-,-,-,-,-,19.23601200,72.99958600,05-12-2019 08:30,"","","","","",""
3116,ULHAS CREEK AT MUMBRA RETI BUNDER VILLAGE MUMBRA THANE,CPCB,27,Maharashtra,497,Thane,THANE,-,-,-,-,-,-,-,-,19.20227500,73.02209000,02-01-2018 08:30,"",Light Brown,"","","",""
3117,ULHAS CREEK AT MUMBRA RETI BUNDER VILLAGE MUMBRA THANE,CPCB,27,Maharashtra,497,Thane,THANE,-,-,-,-,-,-,-,-,19.20227500,73.02209000,03-02-2018 08:30,"",Light Brown,"","","",""
3118,ULHAS CREEK AT MUMBRA RETI BUNDER VILLAGE MUMBRA THANE,CPCB,27,Maharashtra,497,Thane,THANE,-,-,-,-,-,-,-,-,19.20227500,73.02209000,03-03-2018 08:30,"",Light Brown,Pungent,"","",""
3119,ULHAS CREEK AT MUMBRA RETI BUNDER VILLAGE MUMBRA THANE,CPCB,27,Maharashtra,497,Thane,THANE,-,-,-,-,-,-,-,-,19.20227500,73.02209000,03-04-2018 08:30,"",Clear,"","","",""
3120,ULHAS CREEK AT MUMBRA RETI BUNDER VILLAGE MUMBRA THANE,CPCB,27,Maharashtra,497,Thane,THANE,-,-,-,-,-,-,-,-,19.20227500,73.02209000,04-05-2018 08:30,"",Clear,"","","",""
3121,ULHAS CREEK AT MUMBRA RETI BUNDER VILLAGE MUMBRA THANE,CPCB,27,Maharashtra,497,Thane,THANE,-,-,-,-,-,-,-,-,19.20227500,73.02209000,07-06-2018 08:30,"",Light Brown,"","","",""
3122,ULHAS CREEK AT MUMBRA RETI BUNDER VILLAGE MUMBRA THANE,CPCB,27,Maharashtra,497,Thane,THANE,-,-,-,-,-,-,-,-,19.20227500,73.02209000,04-07-2018 08:30,"",Light Brown,"","","",""
3123,ULHAS CREEK AT MUMBRA RETI BUNDER VILLAGE MUMBRA THANE,CPCB,27,Maharashtra,497,Thane,THANE,-,-,-,-,-,-,-,-,19.20227500,73.02209000,06-08-2018 08:30,"",Light Brown,"","","",""
3124,ULHAS CREEK AT MUMBRA RETI BUNDER VILLAGE MUMBRA THANE,CPCB,27,Maharashtra,497,Thane,THANE,-,-,-,-,-,-,-,-,19.20227500,73.02209000,06-09-2018 08:30,"","","","","",""
3125,ULHAS CREEK AT MUMBRA RETI BUNDER VILLAGE MUMBRA THANE,CPCB,27,Maharashtra,497,Thane,THANE,-,-,-,-,-,-,-,-,19.20227500,73.02209000,08-10-2018 08:30,"",Clear,"","","",""
3126,ULHAS CREEK AT MUMBRA RETI BUNDER VILLAGE MUMBRA THANE,CPCB,27,Maharashtra,497,Thane,THANE,-,-,-,-,-,-,-,-,19.20227500,73.02209000,02-11-2018 08:30,"","","","","",""
3127,ULHAS CREEK AT MUMBRA RETI BUNDER VILLAGE MUMBRA THANE,CPCB,27,Maharashtra,497,Thane,THANE,-,-,-,-,-,-,-,-,19.20227500,73.02209000,04-12-2018 08:30,"",Clear,"","","",""
3128,ULHAS CREEK AT MUMBRA RETI BUNDER VILLAGE MUMBRA THANE,CPCB,27,Maharashtra,497,Thane,THANE,-,-,-,-,-,-,-,-,19.20227500,73.02209000,01-01-2019 08:30,"","","","","",""
3129,ULHAS CREEK AT MUMBRA RETI BUNDER VILLAGE MUMBRA THANE,CPCB,27,Maharashtra,497,Thane,THANE,-,-,-,-,-,-,-,-,19.20227500,73.02209000,04-02-2019 08:30,"","","","","",""
3130,ULHAS CREEK AT MUMBRA RETI BUNDER VILLAGE MUMBRA THANE,CPCB,27,Maharashtra,497,Thane,THANE,-,-,-,-,-,-,-,-,19.20227500,73.02209000,01-03-2019 08:30,"","","","","",""
3131,ULHAS CREEK AT MUMBRA RETI BUNDER VILLAGE MUMBRA THANE,CPCB,27,Maharashtra,497,Thane,THANE,-,-,-,-,-,-,-,-,19.20227500,73.02209000,01-04-2019 08:30,"",Light Brown,"","","",""
3132,ULHAS CREEK AT MUMBRA RETI BUNDER VILLAGE MUMBRA THANE,CPCB,27,Maharashtra,497,Thane,THANE,-,-,-,-,-,-,-,-,19.20227500,73.02209000,07-05-2019 08:30,"","","","","",""
3133,ULHAS CREEK AT MUMBRA RETI BUNDER VILLAGE MUMBRA THANE,CPCB,27,Maharashtra,497,Thane,THANE,-,-,-,-,-,-,-,-,19.20227500,73.02209000,06-06-2019 08:30,"","","","","",""
3134,ULHAS CREEK AT MUMBRA RETI BUNDER VILLAGE MUMBRA THANE,CPCB,27,Maharashtra,497,Thane,THANE,-,-,-,-,-,-,-,-,19.20227500,73.02209000,08-07-2019 08:30,"",Light Brown,"","","",""
3135,ULHAS CREEK AT MUMBRA RETI BUNDER VILLAGE MUMBRA THANE,CPCB,27,Maharashtra,497,Thane,THANE,-,-,-,-,-,-,-,-,19.20227500,73.02209000,02-08-2019 08:30,"",Light Brown,"","","",""
3136,ULHAS CREEK AT MUMBRA RETI BUNDER VILLAGE MUMBRA THANE,CPCB,27,Maharashtra,497,Thane,THANE,-,-,-,-,-,-,-,-,19.20227500,73.02209000,05-09-2019 08:30,"",Light Brown,"","","",""
3137,ULHAS CREEK AT MUMBRA RETI BUNDER VILLAGE MUMBRA THANE,CPCB,27,Maharashtra,497,Thane,THANE,-,-,-,-,-,-,-,-,19.20227500,73.02209000,03-10-2019 08:30,"","","","","",""
3138,ULHAS CREEK AT MUMBRA RETI BUNDER VILLAGE MUMBRA THANE,CPCB,27,Maharashtra,497,Thane,THANE,-,-,-,-,-,-,-,-,19.20227500,73.02209000,05-11-2019 08:30,"","","","","",""
3139,ULHAS CREEK AT MUMBRA RETI BUNDER VILLAGE MUMBRA THANE,CPCB,27,Maharashtra,497,Thane,THANE,-,-,-,-,-,-,-,-,19.20227500,73.02209000,05-12-2019 08:30,"","","","","",""
3140,ULHAS CREEK AT RETI BUNDER D/S OF KALYAN-BHIWANDI BRIDGE KALYANKALYAN THANE,CPCB,27,Maharashtra,497,Thane,KALYAN,-,-,-,-,-,-,-,-,19.24411800,73.11718700,05-01-2018 08:30,"",Light Brown,"","","",""
3141,ULHAS CREEK AT RETI BUNDER D/S OF KALYAN-BHIWANDI BRIDGE KALYANKALYAN THANE,CPCB,27,Maharashtra,497,Thane,KALYAN,-,-,-,-,-,-,-,-,19.24411800,73.11718700,05-02-2018 08:30,"",Light Brown,"","","",""
3142,ULHAS CREEK AT RETI BUNDER D/S OF KALYAN-BHIWANDI BRIDGE KALYANKALYAN THANE,CPCB,27,Maharashtra,497,Thane,KALYAN,-,-,-,-,-,-,-,-,19.24411800,73.11718700,05-03-2018 08:30,"",Light Brown,"","","",""
3143,ULHAS CREEK AT RETI BUNDER D/S OF KALYAN-BHIWANDI BRIDGE KALYANKALYAN THANE,CPCB,27,Maharashtra,497,Thane,KALYAN,-,-,-,-,-,-,-,-,19.24411800,73.11718700,05-04-2018 08:30,"",Light Brown,"","","",""
3144,ULHAS CREEK AT RETI BUNDER D/S OF KALYAN-BHIWANDI BRIDGE KALYANKALYAN THANE,CPCB,27,Maharashtra,497,Thane,KALYAN,-,-,-,-,-,-,-,-,19.24411800,73.11718700,05-05-2018 08:30,"",Light Brown,"","","",""
3145,ULHAS CREEK AT RETI BUNDER D/S OF KALYAN-BHIWANDI BRIDGE KALYANKALYAN THANE,CPCB,27,Maharashtra,497,Thane,KALYAN,-,-,-,-,-,-,-,-,19.24411800,73.11718700,05-06-2018 08:30,"",Brown,"","","",""
3146,ULHAS CREEK AT RETI BUNDER D/S OF KALYAN-BHIWANDI BRIDGE KALYANKALYAN THANE,CPCB,27,Maharashtra,497,Thane,KALYAN,-,-,-,-,-,-,-,-,19.24411800,73.11718700,05-07-2018 08:30,"",Light Brown,"","","",""
3147,ULHAS CREEK AT RETI BUNDER D/S OF KALYAN-BHIWANDI BRIDGE KALYANKALYAN THANE,CPCB,27,Maharashtra,497,Thane,KALYAN,-,-,-,-,-,-,-,-,19.24411800,73.11718700,02-08-2018 08:30,"","","","","",""
3148,ULHAS CREEK AT RETI BUNDER D/S OF KALYAN-BHIWANDI BRIDGE KALYANKALYAN THANE,CPCB,27,Maharashtra,497,Thane,KALYAN,-,-,-,-,-,-,-,-,19.24411800,73.11718700,03-09-2018 08:30,"","","","","",""
3149,ULHAS CREEK AT RETI BUNDER D/S OF KALYAN-BHIWANDI BRIDGE KALYANKALYAN THANE,CPCB,27,Maharashtra,497,Thane,KALYAN,-,-,-,-,-,-,-,-,19.24411800,73.11718700,03-10-2018 08:30,"",Clear,"","","",""
3150,ULHAS CREEK AT RETI BUNDER D/S OF KALYAN-BHIWANDI BRIDGE KALYANKALYAN THANE,CPCB,27,Maharashtra,497,Thane,KALYAN,-,-,-,-,-,-,-,-,19.24411800,73.11718700,03-11-2018 08:30,"","","","","",""
3151,ULHAS CREEK AT RETI BUNDER D/S OF KALYAN-BHIWANDI BRIDGE KALYANKALYAN THANE,CPCB,27,Maharashtra,497,Thane,KALYAN,-,-,-,-,-,-,-,-,19.24411800,73.11718700,01-12-2018 08:30,"",Light Brown,"","","",""
3152,ULHAS CREEK AT RETI BUNDER D/S OF KALYAN-BHIWANDI BRIDGE KALYANKALYAN THANE,CPCB,27,Maharashtra,497,Thane,KALYAN,-,-,-,-,-,-,-,-,19.24411800,73.11718700,01-01-2019 08:30,"",Light Brown,"","","",""
3153,ULHAS CREEK AT RETI BUNDER D/S OF KALYAN-BHIWANDI BRIDGE KALYANKALYAN THANE,CPCB,27,Maharashtra,497,Thane,KALYAN,-,-,-,-,-,-,-,-,19.24411800,73.11718700,02-02-2019 08:30,"",Light Brown,"","","",""
3154,ULHAS CREEK AT RETI BUNDER D/S OF KALYAN-BHIWANDI BRIDGE KALYANKALYAN THANE,CPCB,27,Maharashtra,497,Thane,KALYAN,-,-,-,-,-,-,-,-,19.24411800,73.11718700,05-03-2019 08:30,"",Light Brown,"","","",""
3155,ULHAS CREEK AT RETI BUNDER D/S OF KALYAN-BHIWANDI BRIDGE KALYANKALYAN THANE,CPCB,27,Maharashtra,497,Thane,KALYAN,-,-,-,-,-,-,-,-,19.24411800,73.11718700,02-04-2019 08:30,"","","","","",""
3156,ULHAS CREEK AT RETI BUNDER D/S OF KALYAN-BHIWANDI BRIDGE KALYANKALYAN THANE,CPCB,27,Maharashtra,497,Thane,KALYAN,-,-,-,-,-,-,-,-,19.24411800,73.11718700,06-05-2019 08:30,"","","","","",""
3157,ULHAS CREEK AT RETI BUNDER D/S OF KALYAN-BHIWANDI BRIDGE KALYANKALYAN THANE,CPCB,27,Maharashtra,497,Thane,KALYAN,-,-,-,-,-,-,-,-,19.24411800,73.11718700,01-06-2019 08:30,"","","","","",""
3158,ULHAS CREEK AT RETI BUNDER D/S OF KALYAN-BHIWANDI BRIDGE KALYANKALYAN THANE,CPCB,27,Maharashtra,497,Thane,KALYAN,-,-,-,-,-,-,-,-,19.24411800,73.11718700,02-07-2019 08:30,"",Brown,"","","",""
3159,ULHAS CREEK AT RETI BUNDER D/S OF KALYAN-BHIWANDI BRIDGE KALYANKALYAN THANE,CPCB,27,Maharashtra,497,Thane,KALYAN,-,-,-,-,-,-,-,-,19.24411800,73.11718700,05-08-2019 08:30,"","","","","",""
3160,ULHAS CREEK AT RETI BUNDER D/S OF KALYAN-BHIWANDI BRIDGE KALYANKALYAN THANE,CPCB,27,Maharashtra,497,Thane,KALYAN,-,-,-,-,-,-,-,-,19.24411800,73.11718700,05-09-2019 08:30,"","","","","",""
3161,ULHAS CREEK AT RETI BUNDER D/S OF KALYAN-BHIWANDI BRIDGE KALYANKALYAN THANE,CPCB,27,Maharashtra,497,Thane,KALYAN,-,-,-,-,-,-,-,-,19.24411800,73.11718700,03-10-2019 08:30,"","","","","",""
3162,ULHAS CREEK AT RETI BUNDER D/S OF KALYAN-BHIWANDI BRIDGE KALYANKALYAN THANE,CPCB,27,Maharashtra,497,Thane,KALYAN,-,-,-,-,-,-,-,-,19.24411800,73.11718700,05-11-2019 08:30,"","","","","",""
3163,ULHAS CREEK AT RETI BUNDER D/S OF KALYAN-BHIWANDI BRIDGE KALYANKALYAN THANE,CPCB,27,Maharashtra,497,Thane,KALYAN,-,-,-,-,-,-,-,-,19.24411800,73.11718700,04-12-2019 08:30,"","","","","",""
3164,ULHAS CREEK AT VERSOVA BRIDGE VERSOVA VASAI THANE,CPCB,27,Maharashtra,497,Thane,THANE,-,-,-,-,-,-,-,-,19.28739700,72.90491800,04-01-2018 08:30,"",Clear,"","","",""
3165,ULHAS CREEK AT VERSOVA BRIDGE VERSOVA VASAI THANE,CPCB,27,Maharashtra,497,Thane,THANE,-,-,-,-,-,-,-,-,19.28739700,72.90491800,02-02-2018 08:30,"",Light Brown,Pungent,"","",""
3166,ULHAS CREEK AT VERSOVA BRIDGE VERSOVA VASAI THANE,CPCB,27,Maharashtra,497,Thane,THANE,-,-,-,-,-,-,-,-,19.28739700,72.90491800,03-03-2018 08:30,"",Brown,Pungent,"","",""
3167,ULHAS CREEK AT VERSOVA BRIDGE VERSOVA VASAI THANE,CPCB,27,Maharashtra,497,Thane,THANE,-,-,-,-,-,-,-,-,19.28739700,72.90491800,04-04-2018 08:30,"",Brown,Pungent,"","",""
3168,ULHAS CREEK AT VERSOVA BRIDGE VERSOVA VASAI THANE,CPCB,27,Maharashtra,497,Thane,THANE,-,-,-,-,-,-,-,-,19.28739700,72.90491800,03-05-2018 08:30,"",Brown,Pungent,"","",""
3169,ULHAS CREEK AT VERSOVA BRIDGE VERSOVA VASAI THANE,CPCB,27,Maharashtra,497,Thane,THANE,-,-,-,-,-,-,-,-,19.28739700,72.90491800,05-06-2018 08:30,"",Brown,Pungent,"","",""
3170,ULHAS CREEK AT VERSOVA BRIDGE VERSOVA VASAI THANE,CPCB,27,Maharashtra,497,Thane,THANE,-,-,-,-,-,-,-,-,19.28739700,72.90491800,03-07-2018 08:30,"",Light Brown,Pungent,"","",""
3171,ULHAS CREEK AT VERSOVA BRIDGE VERSOVA VASAI THANE,CPCB,27,Maharashtra,497,Thane,THANE,-,-,-,-,-,-,-,-,19.28739700,72.90491800,03-08-2018 08:30,"",Brown,"","","",""
3172,ULHAS CREEK AT VERSOVA BRIDGE VERSOVA VASAI THANE,CPCB,27,Maharashtra,497,Thane,THANE,-,-,-,-,-,-,-,-,19.28739700,72.90491800,05-09-2018 08:30,"",Light Brown,Pungent,"","",""
3173,ULHAS CREEK AT VERSOVA BRIDGE VERSOVA VASAI THANE,CPCB,27,Maharashtra,497,Thane,THANE,-,-,-,-,-,-,-,-,19.28739700,72.90491800,03-10-2018 08:30,"",Brown,Pungent,"","",""
3174,ULHAS CREEK AT VERSOVA BRIDGE VERSOVA VASAI THANE,CPCB,27,Maharashtra,497,Thane,THANE,-,-,-,-,-,-,-,-,19.28739700,72.90491800,02-11-2018 08:30,"",Light Brown,Pungent,"","",""
3175,ULHAS CREEK AT VERSOVA BRIDGE VERSOVA VASAI THANE,CPCB,27,Maharashtra,497,Thane,THANE,-,-,-,-,-,-,-,-,19.28739700,72.90491800,01-12-2018 08:30,"",Brown,Pungent,"","",""
3176,ULHAS CREEK AT VERSOVA BRIDGE VERSOVA VASAI THANE,CPCB,27,Maharashtra,497,Thane,THANE,-,-,-,-,-,-,-,-,19.28739700,72.90491800,02-01-2019 08:30,"","","","","",""
3177,ULHAS CREEK AT VERSOVA BRIDGE VERSOVA VASAI THANE,CPCB,27,Maharashtra,497,Thane,THANE,-,-,-,-,-,-,-,-,19.28739700,72.90491800,04-02-2019 08:30,"",Brown,Pungent,"","",""
3178,ULHAS CREEK AT VERSOVA BRIDGE VERSOVA VASAI THANE,CPCB,27,Maharashtra,497,Thane,THANE,-,-,-,-,-,-,-,-,19.28739700,72.90491800,01-03-2019 08:30,"","","","","",""
3179,ULHAS CREEK AT VERSOVA BRIDGE VERSOVA VASAI THANE,CPCB,27,Maharashtra,497,Thane,THANE,-,-,-,-,-,-,-,-,19.28739700,72.90491800,02-04-2019 08:30,"","","","","",""
3180,ULHAS CREEK AT VERSOVA BRIDGE VERSOVA VASAI THANE,CPCB,27,Maharashtra,497,Thane,THANE,-,-,-,-,-,-,-,-,19.28739700,72.90491800,08-05-2019 08:30,"","","","","",""
3181,ULHAS CREEK AT VERSOVA BRIDGE VERSOVA VASAI THANE,CPCB,27,Maharashtra,497,Thane,THANE,-,-,-,-,-,-,-,-,19.28739700,72.90491800,01-06-2019 08:30,"","","","","",""
3182,ULHAS CREEK AT VERSOVA BRIDGE VERSOVA VASAI THANE,CPCB,27,Maharashtra,497,Thane,THANE,-,-,-,-,-,-,-,-,19.28739700,72.90491800,08-07-2019 08:30,"","","","","",""
3183,ULHAS CREEK AT VERSOVA BRIDGE VERSOVA VASAI THANE,CPCB,27,Maharashtra,497,Thane,THANE,-,-,-,-,-,-,-,-,19.28739700,72.90491800,02-08-2019 08:30,"",Light Brown,Pungent,"","",""
3184,ULHAS CREEK AT VERSOVA BRIDGE VERSOVA VASAI THANE,CPCB,27,Maharashtra,497,Thane,THANE,-,-,-,-,-,-,-,-,19.28739700,72.90491800,08-09-2019 08:30,"","","","","",""
3185,ULHAS CREEK AT VERSOVA BRIDGE VERSOVA VASAI THANE,CPCB,27,Maharashtra,497,Thane,THANE,-,-,-,-,-,-,-,-,19.28739700,72.90491800,07-10-2019 08:30,"","","","","",""
3186,ULHAS CREEK AT VERSOVA BRIDGE VERSOVA VASAI THANE,CPCB,27,Maharashtra,497,Thane,THANE,-,-,-,-,-,-,-,-,19.28739700,72.90491800,01-11-2019 08:30,"","","","","",""
3187,ULHAS CREEK AT VERSOVA BRIDGE VERSOVA VASAI THANE,CPCB,27,Maharashtra,497,Thane,THANE,-,-,-,-,-,-,-,-,19.28739700,72.90491800,04-12-2019 08:30,"","","","","",""
3188,ULHAS RIVER AT JAMBHUL WATER WORKS JAMBHUL AMBERNATH THANE,CPCB,27,Maharashtra,497,Thane,KALYAN,-,-,-,-,-,-,-,-,19.21595900,73.24064100,05-01-2018 08:30,"","","","","",""
3189,ULHAS RIVER AT JAMBHUL WATER WORKS JAMBHUL AMBERNATH THANE,CPCB,27,Maharashtra,497,Thane,KALYAN,-,-,-,-,-,-,-,-,19.21595900,73.24064100,05-02-2018 08:30,"","","","","",""
3190,ULHAS RIVER AT JAMBHUL WATER WORKS JAMBHUL AMBERNATH THANE,CPCB,27,Maharashtra,497,Thane,KALYAN,-,-,-,-,-,-,-,-,19.21595900,73.24064100,03-03-2018 08:30,"","","","","",""
3191,ULHAS RIVER AT JAMBHUL WATER WORKS JAMBHUL AMBERNATH THANE,CPCB,27,Maharashtra,497,Thane,KALYAN,-,-,-,-,-,-,-,-,19.21595900,73.24064100,05-04-2018 08:30,"","","","","",""
3192,ULHAS RIVER AT JAMBHUL WATER WORKS JAMBHUL AMBERNATH THANE,CPCB,27,Maharashtra,497,Thane,KALYAN,-,-,-,-,-,-,-,-,19.21595900,73.24064100,04-05-2018 08:30,"","","","","",""
3193,ULHAS RIVER AT JAMBHUL WATER WORKS JAMBHUL AMBERNATH THANE,CPCB,27,Maharashtra,497,Thane,KALYAN,-,-,-,-,-,-,-,-,19.21595900,73.24064100,04-06-2018 08:30,"","","","","",""
3194,ULHAS RIVER AT JAMBHUL WATER WORKS JAMBHUL AMBERNATH THANE,CPCB,27,Maharashtra,497,Thane,KALYAN,-,-,-,-,-,-,-,-,19.21595900,73.24064100,05-07-2018 08:30,"","","","","",""
3195,ULHAS RIVER AT JAMBHUL WATER WORKS JAMBHUL AMBERNATH THANE,CPCB,27,Maharashtra,497,Thane,KALYAN,-,-,-,-,-,-,-,-,19.21595900,73.24064100,06-08-2018 08:30,"","","","","",""
3196,ULHAS RIVER AT JAMBHUL WATER WORKS JAMBHUL AMBERNATH THANE,CPCB,27,Maharashtra,497,Thane,KALYAN,-,-,-,-,-,-,-,-,19.21595900,73.24064100,04-09-2018 08:30,"","","","","",""
3197,ULHAS RIVER AT JAMBHUL WATER WORKS JAMBHUL AMBERNATH THANE,CPCB,27,Maharashtra,497,Thane,KALYAN,-,-,-,-,-,-,-,-,19.21595900,73.24064100,05-10-2018 08:30,"","","","","",""
3198,ULHAS RIVER AT JAMBHUL WATER WORKS JAMBHUL AMBERNATH THANE,CPCB,27,Maharashtra,497,Thane,KALYAN,-,-,-,-,-,-,-,-,19.21595900,73.24064100,03-11-2018 08:30,"","","","","",""
3199,ULHAS RIVER AT JAMBHUL WATER WORKS JAMBHUL AMBERNATH THANE,CPCB,27,Maharashtra,497,Thane,KALYAN,-,-,-,-,-,-,-,-,19.21595900,73.24064100,04-12-2018 08:30,"","","","","",""
3200,ULHAS RIVER AT JAMBHUL WATER WORKS JAMBHUL AMBERNATH THANE,CPCB,27,Maharashtra,497,Thane,KALYAN,-,-,-,-,-,-,-,-,19.21595900,73.24064100,04-01-2019 08:30,"","","","","",""
3201,ULHAS RIVER AT JAMBHUL WATER WORKS JAMBHUL AMBERNATH THANE,CPCB,27,Maharashtra,497,Thane,KALYAN,-,-,-,-,-,-,-,-,19.21595900,73.24064100,01-02-2019 08:30,"","","","","",""
3202,ULHAS RIVER AT JAMBHUL WATER WORKS JAMBHUL AMBERNATH THANE,CPCB,27,Maharashtra,497,Thane,KALYAN,-,-,-,-,-,-,-,-,19.21595900,73.24064100,05-03-2019 08:30,"","","","","",""
3203,ULHAS RIVER AT JAMBHUL WATER WORKS JAMBHUL AMBERNATH THANE,CPCB,27,Maharashtra,497,Thane,KALYAN,-,-,-,-,-,-,-,-,19.21595900,73.24064100,03-04-2019 08:30,"","","","","",""
3204,ULHAS RIVER AT JAMBHUL WATER WORKS JAMBHUL AMBERNATH THANE,CPCB,27,Maharashtra,497,Thane,KALYAN,-,-,-,-,-,-,-,-,19.21595900,73.24064100,04-05-2019 08:30,"","","","","",""
3205,ULHAS RIVER AT JAMBHUL WATER WORKS JAMBHUL AMBERNATH THANE,CPCB,27,Maharashtra,497,Thane,KALYAN,-,-,-,-,-,-,-,-,19.21595900,73.24064100,04-06-2019 08:30,"","","","","",""
3206,ULHAS RIVER AT JAMBHUL WATER WORKS JAMBHUL AMBERNATH THANE,CPCB,27,Maharashtra,497,Thane,KALYAN,-,-,-,-,-,-,-,-,19.21595900,73.24064100,03-07-2019 08:30,"","","","","",""
3207,ULHAS RIVER AT JAMBHUL WATER WORKS JAMBHUL AMBERNATH THANE,CPCB,27,Maharashtra,497,Thane,KALYAN,-,-,-,-,-,-,-,-,19.21595900,73.24064100,05-08-2019 08:30,"","","","","",""
3208,ULHAS RIVER AT JAMBHUL WATER WORKS JAMBHUL AMBERNATH THANE,CPCB,27,Maharashtra,497,Thane,KALYAN,-,-,-,-,-,-,-,-,19.21595900,73.24064100,05-09-2019 08:30,"","","","","",""
3209,ULHAS RIVER AT JAMBHUL WATER WORKS JAMBHUL AMBERNATH THANE,CPCB,27,Maharashtra,497,Thane,KALYAN,-,-,-,-,-,-,-,-,19.21595900,73.24064100,05-10-2019 08:30,"","","","","",""
3210,ULHAS RIVER AT JAMBHUL WATER WORKS JAMBHUL AMBERNATH THANE,CPCB,27,Maharashtra,497,Thane,KALYAN,-,-,-,-,-,-,-,-,19.21595900,73.24064100,01-11-2019 08:30,"","","","","",""
3211,ULHAS RIVER AT JAMBHUL WATER WORKS JAMBHUL AMBERNATH THANE,CPCB,27,Maharashtra,497,Thane,KALYAN,-,-,-,-,-,-,-,-,19.21595900,73.24064100,02-12-2019 08:30,"","","","","",""
3212,URMODI RIVER NAGTHANE SATARA,CPCB,27,Maharashtra,494,Satara,SATARA,-,-,-,-,-,-,-,-,17.57030600,74.05073600,07-01-2018 08:30,"","","","","",""
3213,URMODI RIVER NAGTHANE SATARA,CPCB,27,Maharashtra,494,Satara,SATARA,-,-,-,-,-,-,-,-,17.57030600,74.05073600,05-02-2018 08:30,"","","","","",""
3214,URMODI RIVER NAGTHANE SATARA,CPCB,27,Maharashtra,494,Satara,SATARA,-,-,-,-,-,-,-,-,17.57030600,74.05073600,08-03-2018 08:30,"","","","","",""
3215,URMODI RIVER NAGTHANE SATARA,CPCB,27,Maharashtra,494,Satara,SATARA,-,-,-,-,-,-,-,-,17.57030600,74.05073600,11-04-2018 08:30,"","","","","",""
3216,URMODI RIVER NAGTHANE SATARA,CPCB,27,Maharashtra,494,Satara,SATARA,-,-,-,-,-,-,-,-,17.57030600,74.05073600,07-05-2018 08:30,"","","","","",""
3217,URMODI RIVER NAGTHANE SATARA,CPCB,27,Maharashtra,494,Satara,SATARA,-,-,-,-,-,-,-,-,17.57030600,74.05073600,10-06-2018 08:30,"","","","","",""
3218,URMODI RIVER NAGTHANE SATARA,CPCB,27,Maharashtra,494,Satara,SATARA,-,-,-,-,-,-,-,-,17.57030600,74.05073600,10-07-2018 08:30,"","","","","",""
3219,URMODI RIVER NAGTHANE SATARA,CPCB,27,Maharashtra,494,Satara,SATARA,-,-,-,-,-,-,-,-,17.57030600,74.05073600,07-08-2018 08:30,"","","","","",""
3220,URMODI RIVER NAGTHANE SATARA,CPCB,27,Maharashtra,494,Satara,SATARA,-,-,-,-,-,-,-,-,17.57030600,74.05073600,08-09-2018 08:30,"","","","","",""
3221,URMODI RIVER NAGTHANE SATARA,CPCB,27,Maharashtra,494,Satara,SATARA,-,-,-,-,-,-,-,-,17.57030600,74.05073600,10-10-2018 08:30,"","","","","",""
3222,URMODI RIVER NAGTHANE SATARA,CPCB,27,Maharashtra,494,Satara,SATARA,-,-,-,-,-,-,-,-,17.57030600,74.05073600,02-11-2018 08:30,"","","","","",""
3223,URMODI RIVER NAGTHANE SATARA,CPCB,27,Maharashtra,494,Satara,SATARA,-,-,-,-,-,-,-,-,17.57030600,74.05073600,06-12-2018 08:30,"","","","","",""
3224,URMODI RIVER NAGTHANE SATARA,CPCB,27,Maharashtra,494,Satara,SATARA,-,-,-,-,-,-,-,-,17.57030600,74.05073600,01-01-2019 08:30,"","","","","",""
3225,URMODI RIVER NAGTHANE SATARA,CPCB,27,Maharashtra,494,Satara,SATARA,-,-,-,-,-,-,-,-,17.57030600,74.05073600,05-02-2019 08:30,"","","","","",""
3226,URMODI RIVER NAGTHANE SATARA,CPCB,27,Maharashtra,494,Satara,SATARA,-,-,-,-,-,-,-,-,17.57030600,74.05073600,06-03-2019 08:30,"","","","","",""
3227,URMODI RIVER NAGTHANE SATARA,CPCB,27,Maharashtra,494,Satara,SATARA,-,-,-,-,-,-,-,-,17.57030600,74.05073600,08-04-2019 08:30,"","","","","",""
3228,URMODI RIVER NAGTHANE SATARA,CPCB,27,Maharashtra,494,Satara,SATARA,-,-,-,-,-,-,-,-,17.57030600,74.05073600,08-05-2019 08:30,"","","","","",""
3229,URMODI RIVER NAGTHANE SATARA,CPCB,27,Maharashtra,494,Satara,SATARA,-,-,-,-,-,-,-,-,17.57030600,74.05073600,09-06-2019 08:30,"","","","","",""
3230,URMODI RIVER NAGTHANE SATARA,CPCB,27,Maharashtra,494,Satara,SATARA,-,-,-,-,-,-,-,-,17.57030600,74.05073600,09-07-2019 08:30,"","","","","",""
3231,URMODI RIVER NAGTHANE SATARA,CPCB,27,Maharashtra,494,Satara,SATARA,-,-,-,-,-,-,-,-,17.57030600,74.05073600,21-08-2019 08:30,"","","","","",""
3232,URMODI RIVER NAGTHANE SATARA,CPCB,27,Maharashtra,494,Satara,SATARA,-,-,-,-,-,-,-,-,17.57030600,74.05073600,09-09-2019 08:30,"","","","","",""
3233,URMODI RIVER NAGTHANE SATARA,CPCB,27,Maharashtra,494,Satara,SATARA,-,-,-,-,-,-,-,-,17.57030600,74.05073600,04-10-2019 08:30,"","","","","",""
3234,URMODI RIVER NAGTHANE SATARA,CPCB,27,Maharashtra,494,Satara,SATARA,-,-,-,-,-,-,-,-,17.57030600,74.05073600,05-11-2019 08:30,"","","","","",""
3235,URMODI RIVER NAGTHANE SATARA,CPCB,27,Maharashtra,494,Satara,SATARA,-,-,-,-,-,-,-,-,17.57030600,74.05073600,05-12-2019 08:30,"","","","","",""
3236,UTTAN SEA UTTAN BHAYANDER THANE,CPCB,27,Maharashtra,497,Thane,THANE,-,-,-,-,-,-,-,-,19.28193000,72.78326700,04-01-2018 08:30,"",Clear,"","","",""
3237,UTTAN SEA UTTAN BHAYANDER THANE,CPCB,27,Maharashtra,497,Thane,THANE,-,-,-,-,-,-,-,-,19.28193000,72.78326700,02-02-2018 08:30,"",Light Brown,"","","",""
3238,UTTAN SEA UTTAN BHAYANDER THANE,CPCB,27,Maharashtra,497,Thane,THANE,-,-,-,-,-,-,-,-,19.28193000,72.78326700,03-03-2018 08:30,"",Light Brown,Pungent,"","",""
3239,UTTAN SEA UTTAN BHAYANDER THANE,CPCB,27,Maharashtra,497,Thane,THANE,-,-,-,-,-,-,-,-,19.28193000,72.78326700,04-04-2018 08:30,"",Light Brown,Pungent,"","",""
3240,UTTAN SEA UTTAN BHAYANDER THANE,CPCB,27,Maharashtra,497,Thane,THANE,-,-,-,-,-,-,-,-,19.28193000,72.78326700,03-05-2018 08:30,"",Light Brown,Pungent,"","",""
3241,UTTAN SEA UTTAN BHAYANDER THANE,CPCB,27,Maharashtra,497,Thane,THANE,-,-,-,-,-,-,-,-,19.28193000,72.78326700,05-06-2018 08:30,"",Light Brown,Pungent,"","",""
3242,UTTAN SEA UTTAN BHAYANDER THANE,CPCB,27,Maharashtra,497,Thane,THANE,-,-,-,-,-,-,-,-,19.28193000,72.78326700,03-07-2018 08:30,"",Light Brown,Pungent,"","",""
3243,UTTAN SEA UTTAN BHAYANDER THANE,CPCB,27,Maharashtra,497,Thane,THANE,-,-,-,-,-,-,-,-,19.28193000,72.78326700,03-08-2018 08:30,"",Brown,"","","",""
3244,UTTAN SEA UTTAN BHAYANDER THANE,CPCB,27,Maharashtra,497,Thane,THANE,-,-,-,-,-,-,-,-,19.28193000,72.78326700,05-09-2018 08:30,"",Light Brown,"","","",""
3245,UTTAN SEA UTTAN BHAYANDER THANE,CPCB,27,Maharashtra,497,Thane,THANE,-,-,-,-,-,-,-,-,19.28193000,72.78326700,03-10-2018 08:30,"",Light Brown,Pungent,"","",""
3246,UTTAN SEA UTTAN BHAYANDER THANE,CPCB,27,Maharashtra,497,Thane,THANE,-,-,-,-,-,-,-,-,19.28193000,72.78326700,02-11-2018 08:30,"",Light Brown,"","","",""
3247,UTTAN SEA UTTAN BHAYANDER THANE,CPCB,27,Maharashtra,497,Thane,THANE,-,-,-,-,-,-,-,-,19.28193000,72.78326700,01-12-2018 08:30,"",Light Brown,Pungent,"","",""
3248,UTTAN SEA UTTAN BHAYANDER THANE,CPCB,27,Maharashtra,497,Thane,THANE,-,-,-,-,-,-,-,-,19.28193000,72.78326700,02-01-2019 08:30,"","","","","",""
3249,UTTAN SEA UTTAN BHAYANDER THANE,CPCB,27,Maharashtra,497,Thane,THANE,-,-,-,-,-,-,-,-,19.28193000,72.78326700,04-02-2019 08:30,"","",Pungent,"","",""
3250,UTTAN SEA UTTAN BHAYANDER THANE,CPCB,27,Maharashtra,497,Thane,THANE,-,-,-,-,-,-,-,-,19.28193000,72.78326700,01-03-2019 08:30,"","","","","",""
3251,UTTAN SEA UTTAN BHAYANDER THANE,CPCB,27,Maharashtra,497,Thane,THANE,-,-,-,-,-,-,-,-,19.28193000,72.78326700,02-04-2019 08:30,"","","","","",""
3252,UTTAN SEA UTTAN BHAYANDER THANE,CPCB,27,Maharashtra,497,Thane,THANE,-,-,-,-,-,-,-,-,19.28193000,72.78326700,08-05-2019 08:30,"","","","","",""
3253,UTTAN SEA UTTAN BHAYANDER THANE,CPCB,27,Maharashtra,497,Thane,THANE,-,-,-,-,-,-,-,-,19.28193000,72.78326700,01-06-2019 08:30,"","","","","",""
3254,UTTAN SEA UTTAN BHAYANDER THANE,CPCB,27,Maharashtra,497,Thane,THANE,-,-,-,-,-,-,-,-,19.28193000,72.78326700,08-07-2019 08:30,"","","","","",""
3255,UTTAN SEA UTTAN BHAYANDER THANE,CPCB,27,Maharashtra,497,Thane,THANE,-,-,-,-,-,-,-,-,19.28193000,72.78326700,02-08-2019 08:30,"",Light Brown,Pungent,"","",""
3256,UTTAN SEA UTTAN BHAYANDER THANE,CPCB,27,Maharashtra,497,Thane,THANE,-,-,-,-,-,-,-,-,19.28193000,72.78326700,08-09-2019 08:30,"","","","","",""
3257,UTTAN SEA UTTAN BHAYANDER THANE,CPCB,27,Maharashtra,497,Thane,THANE,-,-,-,-,-,-,-,-,19.28193000,72.78326700,07-10-2019 08:30,"","","","","",""
3258,UTTAN SEA UTTAN BHAYANDER THANE,CPCB,27,Maharashtra,497,Thane,THANE,-,-,-,-,-,-,-,-,19.28193000,72.78326700,01-11-2019 08:30,"","","","","",""
3259,UTTAN SEA UTTAN BHAYANDER THANE,CPCB,27,Maharashtra,497,Thane,THANE,-,-,-,-,-,-,-,-,19.28193000,72.78326700,04-12-2019 08:30,"","","","","",""
3260,VAITARNA RIVER NEAR ROAD BRIDGE GANDHARE VILLAGE WADA THANE,CPCB,27,Maharashtra,497,Thane,VADA,-,-,-,-,-,-,-,-,19.63352500,73.12959200,04-07-2018 08:30,"","","","","",""
3261,VAITARNA RIVER NEAR ROAD BRIDGE GANDHARE VILLAGE WADA THANE,CPCB,27,Maharashtra,497,Thane,VADA,-,-,-,-,-,-,-,-,19.63352500,73.12959200,02-08-2018 08:30,"","","","","",""
3262,VAITARNA RIVER NEAR ROAD BRIDGE GANDHARE VILLAGE WADA THANE,CPCB,27,Maharashtra,497,Thane,VADA,-,-,-,-,-,-,-,-,19.63352500,73.12959200,04-09-2018 08:30,"","","","","",""
3263,VAITARNA RIVER NEAR ROAD BRIDGE GANDHARE VILLAGE WADA THANE,CPCB,27,Maharashtra,497,Thane,VADA,-,-,-,-,-,-,-,-,19.63352500,73.12959200,03-10-2018 08:30,"","","","","",""
3264,VAITARNA RIVER NEAR ROAD BRIDGE GANDHARE VILLAGE WADA THANE,CPCB,27,Maharashtra,497,Thane,VADA,-,-,-,-,-,-,-,-,19.63352500,73.12959200,01-11-2018 08:30,"","","","","",""
3265,VAITARNA RIVER NEAR ROAD BRIDGE GANDHARE VILLAGE WADA THANE,CPCB,27,Maharashtra,497,Thane,VADA,-,-,-,-,-,-,-,-,19.63352500,73.12959200,03-07-2019 08:30,"","","","","",""
3266,VAITARNA RIVER NEAR ROAD BRIDGE GANDHARE VILLAGE WADA THANE,CPCB,27,Maharashtra,497,Thane,VADA,-,-,-,-,-,-,-,-,19.63352500,73.12959200,06-08-2019 08:30,"","","","","",""
3267,VAITARNA RIVER NEAR ROAD BRIDGE GANDHARE VILLAGE WADA THANE,CPCB,27,Maharashtra,497,Thane,VADA,-,-,-,-,-,-,-,-,19.63352500,73.12959200,04-09-2019 08:30,"","","","","",""
3268,VAITARNA RIVER NEAR ROAD BRIDGE GANDHARE VILLAGE WADA THANE,CPCB,27,Maharashtra,497,Thane,VADA,-,-,-,-,-,-,-,-,19.63352500,73.12959200,02-10-2019 08:30,"","","","","",""
3269,VAITARNA RIVER NEAR ROAD BRIDGE GANDHARE VILLAGE WADA THANE,CPCB,27,Maharashtra,497,Thane,VADA,-,-,-,-,-,-,-,-,19.63352500,73.12959200,04-11-2019 08:30,"","","","","",""
3270,VAITARNA RIVER NEAR ROAD BRIDGE GANDHARE VILLAGE WADA THANE,CPCB,27,Maharashtra,497,Thane,VADA,-,-,-,-,-,-,-,-,19.63352500,73.12959200,04-12-2019 08:30,"","","","","",""
3271,VASHI CREEK AT AIROLI BRIDGEAIROLI THANE,CPCB,27,Maharashtra,483,Mumbai Suburban,MUMBAI (SUBURBAN),-,-,-,-,-,-,-,-,19.15042000,72.98089300,04-01-2018 08:30,"",Light Brown,"","","",""
3272,VASHI CREEK AT AIROLI BRIDGEAIROLI THANE,CPCB,27,Maharashtra,483,Mumbai Suburban,MUMBAI (SUBURBAN),-,-,-,-,-,-,-,-,19.15042000,72.98089300,05-02-2018 08:30,"",Light Brown,"","","",""
3273,VASHI CREEK AT AIROLI BRIDGEAIROLI THANE,CPCB,27,Maharashtra,483,Mumbai Suburban,MUMBAI (SUBURBAN),-,-,-,-,-,-,-,-,19.15042000,72.98089300,05-03-2018 08:30,"",Light Brown,"","","",""
3274,VASHI CREEK AT AIROLI BRIDGEAIROLI THANE,CPCB,27,Maharashtra,483,Mumbai Suburban,MUMBAI (SUBURBAN),-,-,-,-,-,-,-,-,19.15042000,72.98089300,04-04-2018 08:30,"",Clear,"","","",""
3275,VASHI CREEK AT AIROLI BRIDGEAIROLI THANE,CPCB,27,Maharashtra,483,Mumbai Suburban,MUMBAI (SUBURBAN),-,-,-,-,-,-,-,-,19.15042000,72.98089300,03-05-2018 08:30,"",Light Brown,"","","",""
3276,VASHI CREEK AT AIROLI BRIDGEAIROLI THANE,CPCB,27,Maharashtra,483,Mumbai Suburban,MUMBAI (SUBURBAN),-,-,-,-,-,-,-,-,19.15042000,72.98089300,05-06-2018 08:30,"",Light Brown,"","","",""
3277,VASHI CREEK AT AIROLI BRIDGEAIROLI THANE,CPCB,27,Maharashtra,483,Mumbai Suburban,MUMBAI (SUBURBAN),-,-,-,-,-,-,-,-,19.15042000,72.98089300,05-07-2018 08:30,"",Clear,"","","",""
3278,VASHI CREEK AT AIROLI BRIDGEAIROLI THANE,CPCB,27,Maharashtra,483,Mumbai Suburban,MUMBAI (SUBURBAN),-,-,-,-,-,-,-,-,19.15042000,72.98089300,02-08-2018 08:30,"","","","","",""
3279,VASHI CREEK AT AIROLI BRIDGEAIROLI THANE,CPCB,27,Maharashtra,483,Mumbai Suburban,MUMBAI (SUBURBAN),-,-,-,-,-,-,-,-,19.15042000,72.98089300,04-09-2018 08:30,"","","","","",""
3280,VASHI CREEK AT AIROLI BRIDGEAIROLI THANE,CPCB,27,Maharashtra,483,Mumbai Suburban,MUMBAI (SUBURBAN),-,-,-,-,-,-,-,-,19.15042000,72.98089300,04-10-2018 08:30,"",Clear,"","","",""
3281,VASHI CREEK AT AIROLI BRIDGEAIROLI THANE,CPCB,27,Maharashtra,483,Mumbai Suburban,MUMBAI (SUBURBAN),-,-,-,-,-,-,-,-,19.15042000,72.98089300,02-11-2018 08:30,"","","","","",""
3282,VASHI CREEK AT AIROLI BRIDGEAIROLI THANE,CPCB,27,Maharashtra,483,Mumbai Suburban,MUMBAI (SUBURBAN),-,-,-,-,-,-,-,-,19.15042000,72.98089300,03-12-2018 08:30,"",Clear,"","","",""
3283,VASHI CREEK AT AIROLI BRIDGEAIROLI THANE,CPCB,27,Maharashtra,483,Mumbai Suburban,MUMBAI (SUBURBAN),-,-,-,-,-,-,-,-,19.15042000,72.98089300,02-01-2019 08:30,"","","","","",""
3284,VASHI CREEK AT AIROLI BRIDGEAIROLI THANE,CPCB,27,Maharashtra,483,Mumbai Suburban,MUMBAI (SUBURBAN),-,-,-,-,-,-,-,-,19.15042000,72.98089300,01-02-2019 08:30,"","","","","",""
3285,VASHI CREEK AT AIROLI BRIDGEAIROLI THANE,CPCB,27,Maharashtra,483,Mumbai Suburban,MUMBAI (SUBURBAN),-,-,-,-,-,-,-,-,19.15042000,72.98089300,01-03-2019 08:30,"","","","","",""
3286,VASHI CREEK AT AIROLI BRIDGEAIROLI THANE,CPCB,27,Maharashtra,483,Mumbai Suburban,MUMBAI (SUBURBAN),-,-,-,-,-,-,-,-,19.15042000,72.98089300,02-04-2019 08:30,"","","","","",""
3287,VASHI CREEK AT AIROLI BRIDGEAIROLI THANE,CPCB,27,Maharashtra,483,Mumbai Suburban,MUMBAI (SUBURBAN),-,-,-,-,-,-,-,-,19.15042000,72.98089300,02-05-2019 08:30,"","","","","",""
3288,VASHI CREEK AT AIROLI BRIDGEAIROLI THANE,CPCB,27,Maharashtra,483,Mumbai Suburban,MUMBAI (SUBURBAN),-,-,-,-,-,-,-,-,19.15042000,72.98089300,03-06-2019 08:30,"","","","","",""
3289,VASHI CREEK AT AIROLI BRIDGEAIROLI THANE,CPCB,27,Maharashtra,483,Mumbai Suburban,MUMBAI (SUBURBAN),-,-,-,-,-,-,-,-,19.15042000,72.98089300,02-07-2019 08:30,"",Light Brown,"","","",""
3290,VASHI CREEK AT AIROLI BRIDGEAIROLI THANE,CPCB,27,Maharashtra,483,Mumbai Suburban,MUMBAI (SUBURBAN),-,-,-,-,-,-,-,-,19.15042000,72.98089300,02-08-2019 08:30,"",Light Brown,"","","",""
3291,VASHI CREEK AT AIROLI BRIDGEAIROLI THANE,CPCB,27,Maharashtra,483,Mumbai Suburban,MUMBAI (SUBURBAN),-,-,-,-,-,-,-,-,19.15042000,72.98089300,04-09-2019 08:30,"","","","","",""
3292,VASHI CREEK AT AIROLI BRIDGEAIROLI THANE,CPCB,27,Maharashtra,483,Mumbai Suburban,MUMBAI (SUBURBAN),-,-,-,-,-,-,-,-,19.15042000,72.98089300,03-10-2019 08:30,"","","","","",""
3293,VASHI CREEK AT AIROLI BRIDGEAIROLI THANE,CPCB,27,Maharashtra,483,Mumbai Suburban,MUMBAI (SUBURBAN),-,-,-,-,-,-,-,-,19.15042000,72.98089300,05-11-2019 08:30,"","","","","",""
3294,VASHI CREEK AT AIROLI BRIDGEAIROLI THANE,CPCB,27,Maharashtra,483,Mumbai Suburban,MUMBAI (SUBURBAN),-,-,-,-,-,-,-,-,19.15042000,72.98089300,05-12-2019 08:30,"","","","","",""
3295,VASHI CREEK AT VASHI BRIDGE VASHITHANE,CPCB,27,Maharashtra,483,Mumbai Suburban,MUMBAI (SUBURBAN),-,-,-,-,-,-,-,-,19.06137100,72.97037700,04-01-2018 08:30,"",Clear,"","","",""
3296,VASHI CREEK AT VASHI BRIDGE VASHITHANE,CPCB,27,Maharashtra,483,Mumbai Suburban,MUMBAI (SUBURBAN),-,-,-,-,-,-,-,-,19.06137100,72.97037700,02-02-2018 08:30,"",Clear,"","","",""
3297,VASHI CREEK AT VASHI BRIDGE VASHITHANE,CPCB,27,Maharashtra,483,Mumbai Suburban,MUMBAI (SUBURBAN),-,-,-,-,-,-,-,-,19.06137100,72.97037700,06-03-2018 08:30,"",Clear,"","","",""
3298,VASHI CREEK AT VASHI BRIDGE VASHITHANE,CPCB,27,Maharashtra,483,Mumbai Suburban,MUMBAI (SUBURBAN),-,-,-,-,-,-,-,-,19.06137100,72.97037700,05-04-2018 08:30,"",Clear,"","","",""
3299,VASHI CREEK AT VASHI BRIDGE VASHITHANE,CPCB,27,Maharashtra,483,Mumbai Suburban,MUMBAI (SUBURBAN),-,-,-,-,-,-,-,-,19.06137100,72.97037700,04-06-2018 08:30,"",Clear,"","","",""
3300,VASHI CREEK AT VASHI BRIDGE VASHITHANE,CPCB,27,Maharashtra,483,Mumbai Suburban,MUMBAI (SUBURBAN),-,-,-,-,-,-,-,-,19.06137100,72.97037700,05-07-2018 08:30,"",Clear,"","","",""
3301,VASHI CREEK AT VASHI BRIDGE VASHITHANE,CPCB,27,Maharashtra,483,Mumbai Suburban,MUMBAI (SUBURBAN),-,-,-,-,-,-,-,-,19.06137100,72.97037700,06-08-2018 08:30,"","","","","",""
3302,VASHI CREEK AT VASHI BRIDGE VASHITHANE,CPCB,27,Maharashtra,483,Mumbai Suburban,MUMBAI (SUBURBAN),-,-,-,-,-,-,-,-,19.06137100,72.97037700,04-09-2018 08:30,"","","","","",""
3303,VASHI CREEK AT VASHI BRIDGE VASHITHANE,CPCB,27,Maharashtra,483,Mumbai Suburban,MUMBAI (SUBURBAN),-,-,-,-,-,-,-,-,19.06137100,72.97037700,03-10-2018 08:30,"","","","","",""
3304,VASHI CREEK AT VASHI BRIDGE VASHITHANE,CPCB,27,Maharashtra,483,Mumbai Suburban,MUMBAI (SUBURBAN),-,-,-,-,-,-,-,-,19.06137100,72.97037700,05-11-2018 08:30,"","","","","",""
3305,VASHI CREEK AT VASHI BRIDGE VASHITHANE,CPCB,27,Maharashtra,483,Mumbai Suburban,MUMBAI (SUBURBAN),-,-,-,-,-,-,-,-,19.06137100,72.97037700,03-12-2018 08:30,"",Clear,"","","",""
3306,VASHI CREEK AT VASHI BRIDGE VASHITHANE,CPCB,27,Maharashtra,483,Mumbai Suburban,MUMBAI (SUBURBAN),-,-,-,-,-,-,-,-,19.06137100,72.97037700,05-01-2019 08:30,"","","","","",""
3307,VASHI CREEK AT VASHI BRIDGE VASHITHANE,CPCB,27,Maharashtra,483,Mumbai Suburban,MUMBAI (SUBURBAN),-,-,-,-,-,-,-,-,19.06137100,72.97037700,05-02-2019 08:30,"","","","","",""
3308,VASHI CREEK AT VASHI BRIDGE VASHITHANE,CPCB,27,Maharashtra,483,Mumbai Suburban,MUMBAI (SUBURBAN),-,-,-,-,-,-,-,-,19.06137100,72.97037700,05-03-2019 08:30,"","","","","",""
3309,VASHI CREEK AT VASHI BRIDGE VASHITHANE,CPCB,27,Maharashtra,483,Mumbai Suburban,MUMBAI (SUBURBAN),-,-,-,-,-,-,-,-,19.06137100,72.97037700,02-04-2019 08:30,"","","","","",""
3310,VASHI CREEK AT VASHI BRIDGE VASHITHANE,CPCB,27,Maharashtra,483,Mumbai Suburban,MUMBAI (SUBURBAN),-,-,-,-,-,-,-,-,19.06137100,72.97037700,02-05-2019 08:30,"","","","","",""
3311,VASHI CREEK AT VASHI BRIDGE VASHITHANE,CPCB,27,Maharashtra,483,Mumbai Suburban,MUMBAI (SUBURBAN),-,-,-,-,-,-,-,-,19.06137100,72.97037700,04-06-2019 08:30,"","","","","",""
3312,VASHI CREEK AT VASHI BRIDGE VASHITHANE,CPCB,27,Maharashtra,483,Mumbai Suburban,MUMBAI (SUBURBAN),-,-,-,-,-,-,-,-,19.06137100,72.97037700,01-07-2019 08:30,"",Light Brown,"","","",""
3313,VASHI CREEK AT VASHI BRIDGE VASHITHANE,CPCB,27,Maharashtra,483,Mumbai Suburban,MUMBAI (SUBURBAN),-,-,-,-,-,-,-,-,19.06137100,72.97037700,03-08-2019 08:30,"","","","","",""
3314,VASHI CREEK AT VASHI BRIDGE VASHITHANE,CPCB,27,Maharashtra,483,Mumbai Suburban,MUMBAI (SUBURBAN),-,-,-,-,-,-,-,-,19.06137100,72.97037700,04-09-2019 08:30,"","","","","",""
3315,VASHI CREEK AT VASHI BRIDGE VASHITHANE,CPCB,27,Maharashtra,483,Mumbai Suburban,MUMBAI (SUBURBAN),-,-,-,-,-,-,-,-,19.06137100,72.97037700,03-10-2019 08:30,"","","","","",""
3316,VASHI CREEK AT VASHI BRIDGE VASHITHANE,CPCB,27,Maharashtra,483,Mumbai Suburban,MUMBAI (SUBURBAN),-,-,-,-,-,-,-,-,19.06137100,72.97037700,01-11-2019 08:30,"","","","","",""
3317,VASHI CREEK AT VASHI BRIDGE VASHITHANE,CPCB,27,Maharashtra,483,Mumbai Suburban,MUMBAI (SUBURBAN),-,-,-,-,-,-,-,-,19.06137100,72.97037700,02-12-2019 08:30,"","","","","",""
3318,VASHISTI RIVER AT D/S OF THREE M PAPER MILLS NEAR CHIPLUN WATER INTAKE JACKWELL KHERDICHIPLUN RATNA,CPCB,27,Maharashtra,492,Ratnagiri,CHIPLUN,-,-,-,-,-,-,-,-,17.52435000,73.54455600,06-01-2018 08:30,"","","","","",""
3319,VASHISTI RIVER AT D/S OF THREE M PAPER MILLS NEAR CHIPLUN WATER INTAKE JACKWELL KHERDICHIPLUN RATNA,CPCB,27,Maharashtra,492,Ratnagiri,CHIPLUN,-,-,-,-,-,-,-,-,17.52435000,73.54455600,06-02-2018 08:30,"","","","","",""
3320,VASHISTI RIVER AT D/S OF THREE M PAPER MILLS NEAR CHIPLUN WATER INTAKE JACKWELL KHERDICHIPLUN RATNA,CPCB,27,Maharashtra,492,Ratnagiri,CHIPLUN,-,-,-,-,-,-,-,-,17.52435000,73.54455600,07-03-2018 08:30,"","","","","",""
3321,VASHISTI RIVER AT D/S OF THREE M PAPER MILLS NEAR CHIPLUN WATER INTAKE JACKWELL KHERDICHIPLUN RATNA,CPCB,27,Maharashtra,492,Ratnagiri,CHIPLUN,-,-,-,-,-,-,-,-,17.52435000,73.54455600,04-04-2018 08:30,"","","","","",""
3322,VASHISTI RIVER AT D/S OF THREE M PAPER MILLS NEAR CHIPLUN WATER INTAKE JACKWELL KHERDICHIPLUN RATNA,CPCB,27,Maharashtra,492,Ratnagiri,CHIPLUN,-,-,-,-,-,-,-,-,17.52435000,73.54455600,08-05-2018 08:30,"","","","","",""
3323,VASHISTI RIVER AT D/S OF THREE M PAPER MILLS NEAR CHIPLUN WATER INTAKE JACKWELL KHERDICHIPLUN RATNA,CPCB,27,Maharashtra,492,Ratnagiri,CHIPLUN,-,-,-,-,-,-,-,-,17.52435000,73.54455600,06-06-2018 08:30,"","","","","",""
3324,VASHISTI RIVER AT D/S OF THREE M PAPER MILLS NEAR CHIPLUN WATER INTAKE JACKWELL KHERDICHIPLUN RATNA,CPCB,27,Maharashtra,492,Ratnagiri,CHIPLUN,-,-,-,-,-,-,-,-,17.52435000,73.54455600,05-07-2018 08:30,"","","","","",""
3325,VASHISTI RIVER AT D/S OF THREE M PAPER MILLS NEAR CHIPLUN WATER INTAKE JACKWELL KHERDICHIPLUN RATNA,CPCB,27,Maharashtra,492,Ratnagiri,CHIPLUN,-,-,-,-,-,-,-,-,17.52435000,73.54455600,02-08-2018 08:30,"","","","","",""
3326,VASHISTI RIVER AT D/S OF THREE M PAPER MILLS NEAR CHIPLUN WATER INTAKE JACKWELL KHERDICHIPLUN RATNA,CPCB,27,Maharashtra,492,Ratnagiri,CHIPLUN,-,-,-,-,-,-,-,-,17.52435000,73.54455600,10-09-2018 08:30,"","","","","",""
3327,VASHISTI RIVER AT D/S OF THREE M PAPER MILLS NEAR CHIPLUN WATER INTAKE JACKWELL KHERDICHIPLUN RATNA,CPCB,27,Maharashtra,492,Ratnagiri,CHIPLUN,-,-,-,-,-,-,-,-,17.52435000,73.54455600,09-10-2018 08:30,"","","","","",""
3328,VASHISTI RIVER AT D/S OF THREE M PAPER MILLS NEAR CHIPLUN WATER INTAKE JACKWELL KHERDICHIPLUN RATNA,CPCB,27,Maharashtra,492,Ratnagiri,CHIPLUN,-,-,-,-,-,-,-,-,17.52435000,73.54455600,05-11-2018 08:30,"","","","","",""
3329,VASHISTI RIVER AT D/S OF THREE M PAPER MILLS NEAR CHIPLUN WATER INTAKE JACKWELL KHERDICHIPLUN RATNA,CPCB,27,Maharashtra,492,Ratnagiri,CHIPLUN,-,-,-,-,-,-,-,-,17.52435000,73.54455600,05-12-2018 08:30,"","","","","",""
3330,VASHISTI RIVER AT D/S OF THREE M PAPER MILLS NEAR CHIPLUN WATER INTAKE JACKWELL KHERDICHIPLUN RATNA,CPCB,27,Maharashtra,492,Ratnagiri,CHIPLUN,-,-,-,-,-,-,-,-,17.52435000,73.54455600,08-01-2019 08:30,"","","","","",""
3331,VASHISTI RIVER AT D/S OF THREE M PAPER MILLS NEAR CHIPLUN WATER INTAKE JACKWELL KHERDICHIPLUN RATNA,CPCB,27,Maharashtra,492,Ratnagiri,CHIPLUN,-,-,-,-,-,-,-,-,17.52435000,73.54455600,08-02-2019 08:30,"","","","","",""
3332,VASHISTI RIVER AT D/S OF THREE M PAPER MILLS NEAR CHIPLUN WATER INTAKE JACKWELL KHERDICHIPLUN RATNA,CPCB,27,Maharashtra,492,Ratnagiri,CHIPLUN,-,-,-,-,-,-,-,-,17.52435000,73.54455600,06-03-2019 08:30,"","","","","",""
3333,VASHISTI RIVER AT D/S OF THREE M PAPER MILLS NEAR CHIPLUN WATER INTAKE JACKWELL KHERDICHIPLUN RATNA,CPCB,27,Maharashtra,492,Ratnagiri,CHIPLUN,-,-,-,-,-,-,-,-,17.52435000,73.54455600,01-04-2019 08:30,"","","","","",""
3334,VASHISTI RIVER AT D/S OF THREE M PAPER MILLS NEAR CHIPLUN WATER INTAKE JACKWELL KHERDICHIPLUN RATNA,CPCB,27,Maharashtra,492,Ratnagiri,CHIPLUN,-,-,-,-,-,-,-,-,17.52435000,73.54455600,08-05-2019 08:30,"","","","","",""
3335,VASHISTI RIVER AT D/S OF THREE M PAPER MILLS NEAR CHIPLUN WATER INTAKE JACKWELL KHERDICHIPLUN RATNA,CPCB,27,Maharashtra,492,Ratnagiri,CHIPLUN,-,-,-,-,-,-,-,-,17.52435000,73.54455600,06-06-2019 08:30,"","","","","",""
3336,VASHISTI RIVER AT D/S OF THREE M PAPER MILLS NEAR CHIPLUN WATER INTAKE JACKWELL KHERDICHIPLUN RATNA,CPCB,27,Maharashtra,492,Ratnagiri,CHIPLUN,-,-,-,-,-,-,-,-,17.52435000,73.54455600,01-07-2019 08:30,"","","","","",""
3337,VASHISTI RIVER AT D/S OF THREE M PAPER MILLS NEAR CHIPLUN WATER INTAKE JACKWELL KHERDICHIPLUN RATNA,CPCB,27,Maharashtra,492,Ratnagiri,CHIPLUN,-,-,-,-,-,-,-,-,17.52435000,73.54455600,02-08-2019 08:30,"","","","","",""
3338,VASHISTI RIVER AT D/S OF THREE M PAPER MILLS NEAR CHIPLUN WATER INTAKE JACKWELL KHERDICHIPLUN RATNA,CPCB,27,Maharashtra,492,Ratnagiri,CHIPLUN,-,-,-,-,-,-,-,-,17.52435000,73.54455600,08-09-2019 08:30,"","","","","",""
3339,VASHISTI RIVER AT D/S OF THREE M PAPER MILLS NEAR CHIPLUN WATER INTAKE JACKWELL KHERDICHIPLUN RATNA,CPCB,27,Maharashtra,492,Ratnagiri,CHIPLUN,-,-,-,-,-,-,-,-,17.52435000,73.54455600,03-10-2019 08:30,"","","","","",""
3340,VASHISTI RIVER AT D/S OF THREE M PAPER MILLS NEAR CHIPLUN WATER INTAKE JACKWELL KHERDICHIPLUN RATNA,CPCB,27,Maharashtra,492,Ratnagiri,CHIPLUN,-,-,-,-,-,-,-,-,17.52435000,73.54455600,08-11-2019 08:30,"","","","","",""
3341,VASHISTI RIVER AT D/S OF THREE M PAPER MILLS NEAR CHIPLUN WATER INTAKE JACKWELL KHERDICHIPLUN RATNA,CPCB,27,Maharashtra,492,Ratnagiri,CHIPLUN,-,-,-,-,-,-,-,-,17.52435000,73.54455600,09-12-2019 08:30,"","","","","",""
3342,VASHISTI RIVER AT U/S OF POPHALI NEAR KONPHANSAWANE BRIDGE CHIPLUN RATNAGIRI,CPCB,27,Maharashtra,492,Ratnagiri,CHIPLUN,-,-,-,-,-,-,-,-,17.53236400,73.51665100,06-01-2018 08:30,"","","","","",""
3343,VASHISTI RIVER AT U/S OF POPHALI NEAR KONPHANSAWANE BRIDGE CHIPLUN RATNAGIRI,CPCB,27,Maharashtra,492,Ratnagiri,CHIPLUN,-,-,-,-,-,-,-,-,17.53236400,73.51665100,06-02-2018 08:30,"","","","","",""
3344,VASHISTI RIVER AT U/S OF POPHALI NEAR KONPHANSAWANE BRIDGE CHIPLUN RATNAGIRI,CPCB,27,Maharashtra,492,Ratnagiri,CHIPLUN,-,-,-,-,-,-,-,-,17.53236400,73.51665100,07-03-2018 08:30,"","","","","",""
3345,VASHISTI RIVER AT U/S OF POPHALI NEAR KONPHANSAWANE BRIDGE CHIPLUN RATNAGIRI,CPCB,27,Maharashtra,492,Ratnagiri,CHIPLUN,-,-,-,-,-,-,-,-,17.53236400,73.51665100,04-04-2018 08:30,"","","","","",""
3346,VASHISTI RIVER AT U/S OF POPHALI NEAR KONPHANSAWANE BRIDGE CHIPLUN RATNAGIRI,CPCB,27,Maharashtra,492,Ratnagiri,CHIPLUN,-,-,-,-,-,-,-,-,17.53236400,73.51665100,08-05-2018 08:30,"","","","","",""
3347,VASHISTI RIVER AT U/S OF POPHALI NEAR KONPHANSAWANE BRIDGE CHIPLUN RATNAGIRI,CPCB,27,Maharashtra,492,Ratnagiri,CHIPLUN,-,-,-,-,-,-,-,-,17.53236400,73.51665100,06-06-2018 08:30,"","","","","",""
3348,VASHISTI RIVER AT U/S OF POPHALI NEAR KONPHANSAWANE BRIDGE CHIPLUN RATNAGIRI,CPCB,27,Maharashtra,492,Ratnagiri,CHIPLUN,-,-,-,-,-,-,-,-,17.53236400,73.51665100,05-07-2018 08:30,"","","","","",""
3349,VASHISTI RIVER AT U/S OF POPHALI NEAR KONPHANSAWANE BRIDGE CHIPLUN RATNAGIRI,CPCB,27,Maharashtra,492,Ratnagiri,CHIPLUN,-,-,-,-,-,-,-,-,17.53236400,73.51665100,02-08-2018 08:30,"","","","","",""
3350,VASHISTI RIVER AT U/S OF POPHALI NEAR KONPHANSAWANE BRIDGE CHIPLUN RATNAGIRI,CPCB,27,Maharashtra,492,Ratnagiri,CHIPLUN,-,-,-,-,-,-,-,-,17.53236400,73.51665100,10-09-2018 08:30,"","","","","",""
3351,VASHISTI RIVER AT U/S OF POPHALI NEAR KONPHANSAWANE BRIDGE CHIPLUN RATNAGIRI,CPCB,27,Maharashtra,492,Ratnagiri,CHIPLUN,-,-,-,-,-,-,-,-,17.53236400,73.51665100,09-10-2018 08:30,"","","","","",""
3352,VASHISTI RIVER AT U/S OF POPHALI NEAR KONPHANSAWANE BRIDGE CHIPLUN RATNAGIRI,CPCB,27,Maharashtra,492,Ratnagiri,CHIPLUN,-,-,-,-,-,-,-,-,17.53236400,73.51665100,05-11-2018 08:30,"","","","","",""
3353,VASHISTI RIVER AT U/S OF POPHALI NEAR KONPHANSAWANE BRIDGE CHIPLUN RATNAGIRI,CPCB,27,Maharashtra,492,Ratnagiri,CHIPLUN,-,-,-,-,-,-,-,-,17.53236400,73.51665100,05-12-2018 08:30,"","","","","",""
3354,VASHISTI RIVER AT U/S OF POPHALI NEAR KONPHANSAWANE BRIDGE CHIPLUN RATNAGIRI,CPCB,27,Maharashtra,492,Ratnagiri,CHIPLUN,-,-,-,-,-,-,-,-,17.53236400,73.51665100,08-01-2019 08:30,"","","","","",""
3355,VASHISTI RIVER AT U/S OF POPHALI NEAR KONPHANSAWANE BRIDGE CHIPLUN RATNAGIRI,CPCB,27,Maharashtra,492,Ratnagiri,CHIPLUN,-,-,-,-,-,-,-,-,17.53236400,73.51665100,08-02-2019 08:30,"","","","","",""
3356,VASHISTI RIVER AT U/S OF POPHALI NEAR KONPHANSAWANE BRIDGE CHIPLUN RATNAGIRI,CPCB,27,Maharashtra,492,Ratnagiri,CHIPLUN,-,-,-,-,-,-,-,-,17.53236400,73.51665100,06-03-2019 08:30,"","","","","",""
3357,VASHISTI RIVER AT U/S OF POPHALI NEAR KONPHANSAWANE BRIDGE CHIPLUN RATNAGIRI,CPCB,27,Maharashtra,492,Ratnagiri,CHIPLUN,-,-,-,-,-,-,-,-,17.53236400,73.51665100,01-04-2019 08:30,"","","","","",""
3358,VASHISTI RIVER AT U/S OF POPHALI NEAR KONPHANSAWANE BRIDGE CHIPLUN RATNAGIRI,CPCB,27,Maharashtra,492,Ratnagiri,CHIPLUN,-,-,-,-,-,-,-,-,17.53236400,73.51665100,08-05-2019 08:30,"","","","","",""
3359,VASHISTI RIVER AT U/S OF POPHALI NEAR KONPHANSAWANE BRIDGE CHIPLUN RATNAGIRI,CPCB,27,Maharashtra,492,Ratnagiri,CHIPLUN,-,-,-,-,-,-,-,-,17.53236400,73.51665100,06-06-2019 08:30,"","","","","",""
3360,VASHISTI RIVER AT U/S OF POPHALI NEAR KONPHANSAWANE BRIDGE CHIPLUN RATNAGIRI,CPCB,27,Maharashtra,492,Ratnagiri,CHIPLUN,-,-,-,-,-,-,-,-,17.53236400,73.51665100,01-07-2019 08:30,"","","","","",""
3361,VASHISTI RIVER AT U/S OF POPHALI NEAR KONPHANSAWANE BRIDGE CHIPLUN RATNAGIRI,CPCB,27,Maharashtra,492,Ratnagiri,CHIPLUN,-,-,-,-,-,-,-,-,17.53236400,73.51665100,02-08-2019 08:30,"","","","","",""
3362,VASHISTI RIVER AT U/S OF POPHALI NEAR KONPHANSAWANE BRIDGE CHIPLUN RATNAGIRI,CPCB,27,Maharashtra,492,Ratnagiri,CHIPLUN,-,-,-,-,-,-,-,-,17.53236400,73.51665100,08-09-2019 08:30,"","","","","",""
3363,VASHISTI RIVER AT U/S OF POPHALI NEAR KONPHANSAWANE BRIDGE CHIPLUN RATNAGIRI,CPCB,27,Maharashtra,492,Ratnagiri,CHIPLUN,-,-,-,-,-,-,-,-,17.53236400,73.51665100,03-10-2019 08:30,"","","","","",""
3364,VASHISTI RIVER AT U/S OF POPHALI NEAR KONPHANSAWANE BRIDGE CHIPLUN RATNAGIRI,CPCB,27,Maharashtra,492,Ratnagiri,CHIPLUN,-,-,-,-,-,-,-,-,17.53236400,73.51665100,08-11-2019 08:30,"","","","","",""
3365,VASHISTI RIVER AT U/S OF POPHALI NEAR KONPHANSAWANE BRIDGE CHIPLUN RATNAGIRI,CPCB,27,Maharashtra,492,Ratnagiri,CHIPLUN,-,-,-,-,-,-,-,-,17.53236400,73.51665100,09-12-2019 08:30,"","","","","",""
3366,VASHISTI RIVER AT U/S OF THREE M PAPER MILLS NEAR M/S MULTIFILMS PLASTIC PVT. LTD. AT KHERDI CHIPLU,CPCB,27,Maharashtra,492,Ratnagiri,CHIPLUN,-,-,-,-,-,-,-,-,17.51802500,73.55395600,06-01-2018 08:30,"","","","","",""
3367,VASHISTI RIVER AT U/S OF THREE M PAPER MILLS NEAR M/S MULTIFILMS PLASTIC PVT. LTD. AT KHERDI CHIPLU,CPCB,27,Maharashtra,492,Ratnagiri,CHIPLUN,-,-,-,-,-,-,-,-,17.51802500,73.55395600,06-02-2018 08:30,"","","","","",""
3368,VASHISTI RIVER AT U/S OF THREE M PAPER MILLS NEAR M/S MULTIFILMS PLASTIC PVT. LTD. AT KHERDI CHIPLU,CPCB,27,Maharashtra,492,Ratnagiri,CHIPLUN,-,-,-,-,-,-,-,-,17.51802500,73.55395600,07-03-2018 08:30,"","","","","",""
3369,VASHISTI RIVER AT U/S OF THREE M PAPER MILLS NEAR M/S MULTIFILMS PLASTIC PVT. LTD. AT KHERDI CHIPLU,CPCB,27,Maharashtra,492,Ratnagiri,CHIPLUN,-,-,-,-,-,-,-,-,17.51802500,73.55395600,04-04-2018 08:30,"","","","","",""
3370,VASHISTI RIVER AT U/S OF THREE M PAPER MILLS NEAR M/S MULTIFILMS PLASTIC PVT. LTD. AT KHERDI CHIPLU,CPCB,27,Maharashtra,492,Ratnagiri,CHIPLUN,-,-,-,-,-,-,-,-,17.51802500,73.55395600,08-05-2018 08:30,"","","","","",""
3371,VASHISTI RIVER AT U/S OF THREE M PAPER MILLS NEAR M/S MULTIFILMS PLASTIC PVT. LTD. AT KHERDI CHIPLU,CPCB,27,Maharashtra,492,Ratnagiri,CHIPLUN,-,-,-,-,-,-,-,-,17.51802500,73.55395600,06-06-2018 08:30,"","","","","",""
3372,VASHISTI RIVER AT U/S OF THREE M PAPER MILLS NEAR M/S MULTIFILMS PLASTIC PVT. LTD. AT KHERDI CHIPLU,CPCB,27,Maharashtra,492,Ratnagiri,CHIPLUN,-,-,-,-,-,-,-,-,17.51802500,73.55395600,05-07-2018 08:30,"","","","","",""
3373,VASHISTI RIVER AT U/S OF THREE M PAPER MILLS NEAR M/S MULTIFILMS PLASTIC PVT. LTD. AT KHERDI CHIPLU,CPCB,27,Maharashtra,492,Ratnagiri,CHIPLUN,-,-,-,-,-,-,-,-,17.51802500,73.55395600,02-08-2018 08:30,"","","","","",""
3374,VASHISTI RIVER AT U/S OF THREE M PAPER MILLS NEAR M/S MULTIFILMS PLASTIC PVT. LTD. AT KHERDI CHIPLU,CPCB,27,Maharashtra,492,Ratnagiri,CHIPLUN,-,-,-,-,-,-,-,-,17.51802500,73.55395600,10-09-2018 08:30,"","","","","",""
3375,VASHISTI RIVER AT U/S OF THREE M PAPER MILLS NEAR M/S MULTIFILMS PLASTIC PVT. LTD. AT KHERDI CHIPLU,CPCB,27,Maharashtra,492,Ratnagiri,CHIPLUN,-,-,-,-,-,-,-,-,17.51802500,73.55395600,09-10-2018 08:30,"","","","","",""
3376,VASHISTI RIVER AT U/S OF THREE M PAPER MILLS NEAR M/S MULTIFILMS PLASTIC PVT. LTD. AT KHERDI CHIPLU,CPCB,27,Maharashtra,492,Ratnagiri,CHIPLUN,-,-,-,-,-,-,-,-,17.51802500,73.55395600,05-11-2018 08:30,"","","","","",""
3377,VASHISTI RIVER AT U/S OF THREE M PAPER MILLS NEAR M/S MULTIFILMS PLASTIC PVT. LTD. AT KHERDI CHIPLU,CPCB,27,Maharashtra,492,Ratnagiri,CHIPLUN,-,-,-,-,-,-,-,-,17.51802500,73.55395600,05-12-2018 08:30,"","","","","",""
3378,VASHISTI RIVER AT U/S OF THREE M PAPER MILLS NEAR M/S MULTIFILMS PLASTIC PVT. LTD. AT KHERDI CHIPLU,CPCB,27,Maharashtra,492,Ratnagiri,CHIPLUN,-,-,-,-,-,-,-,-,17.51802500,73.55395600,08-01-2019 08:30,"","","","","",""
3379,VASHISTI RIVER AT U/S OF THREE M PAPER MILLS NEAR M/S MULTIFILMS PLASTIC PVT. LTD. AT KHERDI CHIPLU,CPCB,27,Maharashtra,492,Ratnagiri,CHIPLUN,-,-,-,-,-,-,-,-,17.51802500,73.55395600,08-02-2019 08:30,"","","","","",""
3380,VASHISTI RIVER AT U/S OF THREE M PAPER MILLS NEAR M/S MULTIFILMS PLASTIC PVT. LTD. AT KHERDI CHIPLU,CPCB,27,Maharashtra,492,Ratnagiri,CHIPLUN,-,-,-,-,-,-,-,-,17.51802500,73.55395600,06-03-2019 08:30,"","","","","",""
3381,VASHISTI RIVER AT U/S OF THREE M PAPER MILLS NEAR M/S MULTIFILMS PLASTIC PVT. LTD. AT KHERDI CHIPLU,CPCB,27,Maharashtra,492,Ratnagiri,CHIPLUN,-,-,-,-,-,-,-,-,17.51802500,73.55395600,01-04-2019 08:30,"","","","","",""
3382,VASHISTI RIVER AT U/S OF THREE M PAPER MILLS NEAR M/S MULTIFILMS PLASTIC PVT. LTD. AT KHERDI CHIPLU,CPCB,27,Maharashtra,492,Ratnagiri,CHIPLUN,-,-,-,-,-,-,-,-,17.51802500,73.55395600,08-05-2019 08:30,"","","","","",""
3383,VASHISTI RIVER AT U/S OF THREE M PAPER MILLS NEAR M/S MULTIFILMS PLASTIC PVT. LTD. AT KHERDI CHIPLU,CPCB,27,Maharashtra,492,Ratnagiri,CHIPLUN,-,-,-,-,-,-,-,-,17.51802500,73.55395600,06-06-2019 08:30,"","","","","",""
3384,VASHISTI RIVER AT U/S OF THREE M PAPER MILLS NEAR M/S MULTIFILMS PLASTIC PVT. LTD. AT KHERDI CHIPLU,CPCB,27,Maharashtra,492,Ratnagiri,CHIPLUN,-,-,-,-,-,-,-,-,17.51802500,73.55395600,01-07-2019 08:30,"","","","","",""
3385,VASHISTI RIVER AT U/S OF THREE M PAPER MILLS NEAR M/S MULTIFILMS PLASTIC PVT. LTD. AT KHERDI CHIPLU,CPCB,27,Maharashtra,492,Ratnagiri,CHIPLUN,-,-,-,-,-,-,-,-,17.51802500,73.55395600,02-08-2019 08:30,"","","","","",""
3386,VASHISTI RIVER AT U/S OF THREE M PAPER MILLS NEAR M/S MULTIFILMS PLASTIC PVT. LTD. AT KHERDI CHIPLU,CPCB,27,Maharashtra,492,Ratnagiri,CHIPLUN,-,-,-,-,-,-,-,-,17.51802500,73.55395600,08-09-2019 08:30,"","","","","",""
3387,VASHISTI RIVER AT U/S OF THREE M PAPER MILLS NEAR M/S MULTIFILMS PLASTIC PVT. LTD. AT KHERDI CHIPLU,CPCB,27,Maharashtra,492,Ratnagiri,CHIPLUN,-,-,-,-,-,-,-,-,17.51802500,73.55395600,03-10-2019 08:30,"","","","","",""
3388,VASHISTI RIVER AT U/S OF THREE M PAPER MILLS NEAR M/S MULTIFILMS PLASTIC PVT. LTD. AT KHERDI CHIPLU,CPCB,27,Maharashtra,492,Ratnagiri,CHIPLUN,-,-,-,-,-,-,-,-,17.51802500,73.55395600,08-11-2019 08:30,"","","","","",""
3389,VASHISTI RIVER AT U/S OF THREE M PAPER MILLS NEAR M/S MULTIFILMS PLASTIC PVT. LTD. AT KHERDI CHIPLU,CPCB,27,Maharashtra,492,Ratnagiri,CHIPLUN,-,-,-,-,-,-,-,-,17.51802500,73.55395600,09-12-2019 08:30,"","","","","",""
3390,VEL RIVER AT SHIKRAPUR SHIRUR PUNE,CPCB,27,Maharashtra,490,Pune,SHIRUR,-,-,-,-,-,-,-,-,18.69277800,74.13348000,05-01-2018 08:30,"","","","","",""
3391,VEL RIVER AT SHIKRAPUR SHIRUR PUNE,CPCB,27,Maharashtra,490,Pune,SHIRUR,-,-,-,-,-,-,-,-,18.69277800,74.13348000,03-05-2018 08:30,"","","","","",""
3392,VEL RIVER AT SHIKRAPUR SHIRUR PUNE,CPCB,27,Maharashtra,490,Pune,SHIRUR,-,-,-,-,-,-,-,-,18.69277800,74.13348000,05-07-2018 08:30,"","","","","",""
3393,VEL RIVER AT SHIKRAPUR SHIRUR PUNE,CPCB,27,Maharashtra,490,Pune,SHIRUR,-,-,-,-,-,-,-,-,18.69277800,74.13348000,02-08-2018 08:30,"","","","","",""
3394,VEL RIVER AT SHIKRAPUR SHIRUR PUNE,CPCB,27,Maharashtra,490,Pune,SHIRUR,-,-,-,-,-,-,-,-,18.69277800,74.13348000,04-09-2018 08:30,"","","","","",""
3395,VEL RIVER AT SHIKRAPUR SHIRUR PUNE,CPCB,27,Maharashtra,490,Pune,SHIRUR,-,-,-,-,-,-,-,-,18.69277800,74.13348000,04-01-2019 08:30,"","","","","",""
3396,VEL RIVER AT SHIKRAPUR SHIRUR PUNE,CPCB,27,Maharashtra,490,Pune,SHIRUR,-,-,-,-,-,-,-,-,18.69277800,74.13348000,03-05-2019 08:30,"","","","","",""
3397,VEL RIVER AT SHIKRAPUR SHIRUR PUNE,CPCB,27,Maharashtra,490,Pune,SHIRUR,-,-,-,-,-,-,-,-,18.69277800,74.13348000,01-08-2019 08:30,"","","","","",""
3398,VEL RIVER AT SHIKRAPUR SHIRUR PUNE,CPCB,27,Maharashtra,490,Pune,SHIRUR,-,-,-,-,-,-,-,-,18.69277800,74.13348000,07-09-2019 08:30,"","","","","",""
3399,VEL RIVER AT SHIKRAPUR SHIRUR PUNE,CPCB,27,Maharashtra,490,Pune,SHIRUR,-,-,-,-,-,-,-,-,18.69277800,74.13348000,04-10-2019 08:30,"","","","","",""
3400,VEL RIVER AT SHIKRAPUR SHIRUR PUNE,CPCB,27,Maharashtra,490,Pune,SHIRUR,-,-,-,-,-,-,-,-,18.69277800,74.13348000,04-11-2019 08:30,"","","","","",""
3401,VEL RIVER AT SHIKRAPUR SHIRUR PUNE,CPCB,27,Maharashtra,490,Pune,SHIRUR,-,-,-,-,-,-,-,-,18.69277800,74.13348000,05-12-2019 08:30,"","","","","",""
3402,VENNA RIVER AT MAHABALESHWAR SATARA,CPCB,27,Maharashtra,494,Satara,MAHABALESHWAR,-,-,-,-,-,-,-,-,17.93373900,73.66509100,06-01-2018 08:30,"","","","","",""
3403,VENNA RIVER AT MAHABALESHWAR SATARA,CPCB,27,Maharashtra,494,Satara,MAHABALESHWAR,-,-,-,-,-,-,-,-,17.93373900,73.66509100,06-02-2018 08:30,"","","","","",""
3404,VENNA RIVER AT MAHABALESHWAR SATARA,CPCB,27,Maharashtra,494,Satara,MAHABALESHWAR,-,-,-,-,-,-,-,-,17.93373900,73.66509100,07-03-2018 08:30,"","","","","",""
3405,VENNA RIVER AT MAHABALESHWAR SATARA,CPCB,27,Maharashtra,494,Satara,MAHABALESHWAR,-,-,-,-,-,-,-,-,17.93373900,73.66509100,10-04-2018 08:30,"","","","","",""
3406,VENNA RIVER AT MAHABALESHWAR SATARA,CPCB,27,Maharashtra,494,Satara,MAHABALESHWAR,-,-,-,-,-,-,-,-,17.93373900,73.66509100,06-05-2018 08:30,"","","","","",""
3407,VENNA RIVER AT MAHABALESHWAR SATARA,CPCB,27,Maharashtra,494,Satara,MAHABALESHWAR,-,-,-,-,-,-,-,-,17.93373900,73.66509100,11-06-2018 08:30,"","","","","",""
3408,VENNA RIVER AT MAHABALESHWAR SATARA,CPCB,27,Maharashtra,494,Satara,MAHABALESHWAR,-,-,-,-,-,-,-,-,17.93373900,73.66509100,09-07-2018 08:30,"","","","","",""
3409,VENNA RIVER AT MAHABALESHWAR SATARA,CPCB,27,Maharashtra,494,Satara,MAHABALESHWAR,-,-,-,-,-,-,-,-,17.93373900,73.66509100,07-08-2018 08:30,"","","","","",""
3410,VENNA RIVER AT MAHABALESHWAR SATARA,CPCB,27,Maharashtra,494,Satara,MAHABALESHWAR,-,-,-,-,-,-,-,-,17.93373900,73.66509100,09-09-2018 08:30,"","","","","",""
3411,VENNA RIVER AT MAHABALESHWAR SATARA,CPCB,27,Maharashtra,494,Satara,MAHABALESHWAR,-,-,-,-,-,-,-,-,17.93373900,73.66509100,10-10-2018 08:30,"","","","","",""
3412,VENNA RIVER AT MAHABALESHWAR SATARA,CPCB,27,Maharashtra,494,Satara,MAHABALESHWAR,-,-,-,-,-,-,-,-,17.93373900,73.66509100,02-11-2018 08:30,"","","","","",""
3413,VENNA RIVER AT MAHABALESHWAR SATARA,CPCB,27,Maharashtra,494,Satara,MAHABALESHWAR,-,-,-,-,-,-,-,-,17.93373900,73.66509100,06-12-2018 08:30,"","","","","",""
3414,VENNA RIVER AT MAHABALESHWAR SATARA,CPCB,27,Maharashtra,494,Satara,MAHABALESHWAR,-,-,-,-,-,-,-,-,17.93373900,73.66509100,07-01-2019 08:30,"","","","","",""
3415,VENNA RIVER AT MAHABALESHWAR SATARA,CPCB,27,Maharashtra,494,Satara,MAHABALESHWAR,-,-,-,-,-,-,-,-,17.93373900,73.66509100,06-02-2019 08:30,"","","","","",""
3416,VENNA RIVER AT MAHABALESHWAR SATARA,CPCB,27,Maharashtra,494,Satara,MAHABALESHWAR,-,-,-,-,-,-,-,-,17.93373900,73.66509100,07-03-2019 08:30,"","","","","",""
3417,VENNA RIVER AT MAHABALESHWAR SATARA,CPCB,27,Maharashtra,494,Satara,MAHABALESHWAR,-,-,-,-,-,-,-,-,17.93373900,73.66509100,08-04-2019 08:30,"","","","","",""
3418,VENNA RIVER AT MAHABALESHWAR SATARA,CPCB,27,Maharashtra,494,Satara,MAHABALESHWAR,-,-,-,-,-,-,-,-,17.93373900,73.66509100,09-05-2019 08:30,"","","","","",""
3419,VENNA RIVER AT MAHABALESHWAR SATARA,CPCB,27,Maharashtra,494,Satara,MAHABALESHWAR,-,-,-,-,-,-,-,-,17.93373900,73.66509100,10-06-2019 08:30,"","","","","",""
3420,VENNA RIVER AT MAHABALESHWAR SATARA,CPCB,27,Maharashtra,494,Satara,MAHABALESHWAR,-,-,-,-,-,-,-,-,17.93373900,73.66509100,10-07-2019 08:30,"","","","","",""
3421,VENNA RIVER AT MAHABALESHWAR SATARA,CPCB,27,Maharashtra,494,Satara,MAHABALESHWAR,-,-,-,-,-,-,-,-,17.93373900,73.66509100,22-08-2019 08:30,"","","","","",""
3422,VENNA RIVER AT MAHABALESHWAR SATARA,CPCB,27,Maharashtra,494,Satara,MAHABALESHWAR,-,-,-,-,-,-,-,-,17.93373900,73.66509100,10-09-2019 08:30,"","","","","",""
3423,VENNA RIVER AT MAHABALESHWAR SATARA,CPCB,27,Maharashtra,494,Satara,MAHABALESHWAR,-,-,-,-,-,-,-,-,17.93373900,73.66509100,04-10-2019 08:30,"","","","","",""
3424,VENNA RIVER AT MAHABALESHWAR SATARA,CPCB,27,Maharashtra,494,Satara,MAHABALESHWAR,-,-,-,-,-,-,-,-,17.93373900,73.66509100,05-11-2019 08:30,"","","","","",""
3425,VENNA RIVER AT MAHABALESHWAR SATARA,CPCB,27,Maharashtra,494,Satara,MAHABALESHWAR,-,-,-,-,-,-,-,-,17.93373900,73.66509100,06-12-2019 08:30,"","","","","",""
3426,VENNA RIVER AT MAHULI SATARA,CPCB,27,Maharashtra,494,Satara,SATARA,-,-,-,-,-,-,-,-,17.69289400,74.05088300,06-01-2018 08:30,"","","","","",""
3427,VENNA RIVER AT MAHULI SATARA,CPCB,27,Maharashtra,494,Satara,SATARA,-,-,-,-,-,-,-,-,17.69289400,74.05088300,05-02-2018 08:30,"","","","","",""
3428,VENNA RIVER AT MAHULI SATARA,CPCB,27,Maharashtra,494,Satara,SATARA,-,-,-,-,-,-,-,-,17.69289400,74.05088300,07-03-2018 08:30,"","","","","",""
3429,VENNA RIVER AT MAHULI SATARA,CPCB,27,Maharashtra,494,Satara,SATARA,-,-,-,-,-,-,-,-,17.69289400,74.05088300,10-04-2018 08:30,"","","","","",""
3430,VENNA RIVER AT MAHULI SATARA,CPCB,27,Maharashtra,494,Satara,SATARA,-,-,-,-,-,-,-,-,17.69289400,74.05088300,06-05-2018 08:30,"","","","","",""
3431,VENNA RIVER AT MAHULI SATARA,CPCB,27,Maharashtra,494,Satara,SATARA,-,-,-,-,-,-,-,-,17.69289400,74.05088300,11-06-2018 08:30,"","","","","",""
3432,VENNA RIVER AT MAHULI SATARA,CPCB,27,Maharashtra,494,Satara,SATARA,-,-,-,-,-,-,-,-,17.69289400,74.05088300,09-07-2018 08:30,"","","","","",""
3433,VENNA RIVER AT MAHULI SATARA,CPCB,27,Maharashtra,494,Satara,SATARA,-,-,-,-,-,-,-,-,17.69289400,74.05088300,08-08-2018 08:30,"","","","","",""
3434,VENNA RIVER AT MAHULI SATARA,CPCB,27,Maharashtra,494,Satara,SATARA,-,-,-,-,-,-,-,-,17.69289400,74.05088300,09-09-2018 08:30,"","","","","",""
3435,VENNA RIVER AT MAHULI SATARA,CPCB,27,Maharashtra,494,Satara,SATARA,-,-,-,-,-,-,-,-,17.69289400,74.05088300,11-10-2018 08:30,"","","","","",""
3436,VENNA RIVER AT MAHULI SATARA,CPCB,27,Maharashtra,494,Satara,SATARA,-,-,-,-,-,-,-,-,17.69289400,74.05088300,02-11-2018 08:30,"","","","","",""
3437,VENNA RIVER AT MAHULI SATARA,CPCB,27,Maharashtra,494,Satara,SATARA,-,-,-,-,-,-,-,-,17.69289400,74.05088300,06-12-2018 08:30,"","","","","",""
3438,VENNA RIVER AT MAHULI SATARA,CPCB,27,Maharashtra,494,Satara,SATARA,-,-,-,-,-,-,-,-,17.69289400,74.05088300,01-01-2019 08:30,"","","","","",""
3439,VENNA RIVER AT MAHULI SATARA,CPCB,27,Maharashtra,494,Satara,SATARA,-,-,-,-,-,-,-,-,17.69289400,74.05088300,05-02-2019 08:30,"","","","","",""
3440,VENNA RIVER AT MAHULI SATARA,CPCB,27,Maharashtra,494,Satara,SATARA,-,-,-,-,-,-,-,-,17.69289400,74.05088300,06-03-2019 08:30,"","","","","",""
3441,VENNA RIVER AT MAHULI SATARA,CPCB,27,Maharashtra,494,Satara,SATARA,-,-,-,-,-,-,-,-,17.69289400,74.05088300,08-04-2019 08:30,"","","","","",""
3442,VENNA RIVER AT MAHULI SATARA,CPCB,27,Maharashtra,494,Satara,SATARA,-,-,-,-,-,-,-,-,17.69289400,74.05088300,08-05-2019 08:30,"","","","","",""
3443,VENNA RIVER AT MAHULI SATARA,CPCB,27,Maharashtra,494,Satara,SATARA,-,-,-,-,-,-,-,-,17.69289400,74.05088300,09-06-2019 08:30,"","","","","",""
3444,VENNA RIVER AT MAHULI SATARA,CPCB,27,Maharashtra,494,Satara,SATARA,-,-,-,-,-,-,-,-,17.69289400,74.05088300,09-07-2019 08:30,"","","","","",""
3445,VENNA RIVER AT MAHULI SATARA,CPCB,27,Maharashtra,494,Satara,SATARA,-,-,-,-,-,-,-,-,17.69289400,74.05088300,21-08-2019 08:30,"","","","","",""
3446,VENNA RIVER AT MAHULI SATARA,CPCB,27,Maharashtra,494,Satara,SATARA,-,-,-,-,-,-,-,-,17.69289400,74.05088300,09-09-2019 08:30,"","","","","",""
3447,VENNA RIVER AT MAHULI SATARA,CPCB,27,Maharashtra,494,Satara,SATARA,-,-,-,-,-,-,-,-,17.69289400,74.05088300,03-10-2019 08:30,"","","","","",""
3448,VENNA RIVER AT MAHULI SATARA,CPCB,27,Maharashtra,494,Satara,SATARA,-,-,-,-,-,-,-,-,17.69289400,74.05088300,06-11-2019 08:30,"","","","","",""
3449,VENNA RIVER AT MAHULI SATARA,CPCB,27,Maharashtra,494,Satara,SATARA,-,-,-,-,-,-,-,-,17.69289400,74.05088300,06-12-2019 08:30,"","","","","",""
3450,VENNA RIVER AT VARYE SATARA.,CPCB,27,Maharashtra,494,Satara,SATARA,-,-,-,-,-,-,-,-,17.73271900,73.99151200,06-01-2018 08:30,"","","","","",""
3451,VENNA RIVER AT VARYE SATARA.,CPCB,27,Maharashtra,494,Satara,SATARA,-,-,-,-,-,-,-,-,17.73271900,73.99151200,06-02-2018 08:30,"","","","","",""
3452,VENNA RIVER AT VARYE SATARA.,CPCB,27,Maharashtra,494,Satara,SATARA,-,-,-,-,-,-,-,-,17.73271900,73.99151200,07-03-2018 08:30,"","","","","",""
3453,VENNA RIVER AT VARYE SATARA.,CPCB,27,Maharashtra,494,Satara,SATARA,-,-,-,-,-,-,-,-,17.73271900,73.99151200,10-04-2018 08:30,"","","","","",""
3454,VENNA RIVER AT VARYE SATARA.,CPCB,27,Maharashtra,494,Satara,SATARA,-,-,-,-,-,-,-,-,17.73271900,73.99151200,06-05-2018 08:30,"","","","","",""
3455,VENNA RIVER AT VARYE SATARA.,CPCB,27,Maharashtra,494,Satara,SATARA,-,-,-,-,-,-,-,-,17.73271900,73.99151200,11-06-2018 08:30,"","","","","",""
3456,VENNA RIVER AT VARYE SATARA.,CPCB,27,Maharashtra,494,Satara,SATARA,-,-,-,-,-,-,-,-,17.73271900,73.99151200,09-07-2018 08:30,"","","","","",""
3457,VENNA RIVER AT VARYE SATARA.,CPCB,27,Maharashtra,494,Satara,SATARA,-,-,-,-,-,-,-,-,17.73271900,73.99151200,08-08-2018 08:30,"","","","","",""
3458,VENNA RIVER AT VARYE SATARA.,CPCB,27,Maharashtra,494,Satara,SATARA,-,-,-,-,-,-,-,-,17.73271900,73.99151200,09-09-2018 08:30,"","","","","",""
3459,VENNA RIVER AT VARYE SATARA.,CPCB,27,Maharashtra,494,Satara,SATARA,-,-,-,-,-,-,-,-,17.73271900,73.99151200,11-10-2018 08:30,"","","","","",""
3460,VENNA RIVER AT VARYE SATARA.,CPCB,27,Maharashtra,494,Satara,SATARA,-,-,-,-,-,-,-,-,17.73271900,73.99151200,02-11-2018 08:30,"","","","","",""
3461,VENNA RIVER AT VARYE SATARA.,CPCB,27,Maharashtra,494,Satara,SATARA,-,-,-,-,-,-,-,-,17.73271900,73.99151200,06-12-2018 08:30,"","","","","",""
3462,VENNA RIVER AT VARYE SATARA.,CPCB,27,Maharashtra,494,Satara,SATARA,-,-,-,-,-,-,-,-,17.73271900,73.99151200,07-01-2019 08:30,"","","","","",""
3463,VENNA RIVER AT VARYE SATARA.,CPCB,27,Maharashtra,494,Satara,SATARA,-,-,-,-,-,-,-,-,17.73271900,73.99151200,05-02-2019 08:30,"","","","","",""
3464,VENNA RIVER AT VARYE SATARA.,CPCB,27,Maharashtra,494,Satara,SATARA,-,-,-,-,-,-,-,-,17.73271900,73.99151200,07-03-2019 08:30,"","","","","",""
3465,VENNA RIVER AT VARYE SATARA.,CPCB,27,Maharashtra,494,Satara,SATARA,-,-,-,-,-,-,-,-,17.73271900,73.99151200,09-04-2019 08:30,"","","","","",""
3466,VENNA RIVER AT VARYE SATARA.,CPCB,27,Maharashtra,494,Satara,SATARA,-,-,-,-,-,-,-,-,17.73271900,73.99151200,09-05-2019 08:30,"","","","","",""
3467,VENNA RIVER AT VARYE SATARA.,CPCB,27,Maharashtra,494,Satara,SATARA,-,-,-,-,-,-,-,-,17.73271900,73.99151200,10-06-2019 08:30,"","","","","",""
3468,VENNA RIVER AT VARYE SATARA.,CPCB,27,Maharashtra,494,Satara,SATARA,-,-,-,-,-,-,-,-,17.73271900,73.99151200,10-07-2019 08:30,"","","","","",""
3469,VENNA RIVER AT VARYE SATARA.,CPCB,27,Maharashtra,494,Satara,SATARA,-,-,-,-,-,-,-,-,17.73271900,73.99151200,22-08-2019 08:30,"","","","","",""
3470,VENNA RIVER AT VARYE SATARA.,CPCB,27,Maharashtra,494,Satara,SATARA,-,-,-,-,-,-,-,-,17.73271900,73.99151200,09-09-2019 08:30,"","","","","",""
3471,VENNA RIVER AT VARYE SATARA.,CPCB,27,Maharashtra,494,Satara,SATARA,-,-,-,-,-,-,-,-,17.73271900,73.99151200,03-10-2019 08:30,"","","","","",""
3472,VENNA RIVER AT VARYE SATARA.,CPCB,27,Maharashtra,494,Satara,SATARA,-,-,-,-,-,-,-,-,17.73271900,73.99151200,06-11-2019 08:30,"","","","","",""
3473,VENNA RIVER AT VARYE SATARA.,CPCB,27,Maharashtra,494,Satara,SATARA,-,-,-,-,-,-,-,-,17.73271900,73.99151200,06-12-2019 08:30,"","","","","",""
3474,WAGHUR RIVER AT SAKEGAON BEFORE CONFLUENCE WITH TAPI RIVER JALGAON,CPCB,27,Maharashtra,478,Jalgaon,JALGAON,-,-,-,-,-,-,-,-,21.04190300,75.73307200,01-03-2018 08:30,"","","","","",""
3475,WAGHUR RIVER AT SAKEGAON BEFORE CONFLUENCE WITH TAPI RIVER JALGAON,CPCB,27,Maharashtra,478,Jalgaon,JALGAON,-,-,-,-,-,-,-,-,21.04190300,75.73307200,03-09-2018 08:30,"","","","","",""
3476,WAGHUR RIVER AT SAKEGAON BEFORE CONFLUENCE WITH TAPI RIVER JALGAON,CPCB,27,Maharashtra,478,Jalgaon,JALGAON,-,-,-,-,-,-,-,-,21.04190300,75.73307200,01-04-2019 08:30,"","","","","",""
3477,WAGHUR RIVER AT SAKEGAON BEFORE CONFLUENCE WITH TAPI RIVER JALGAON,CPCB,27,Maharashtra,478,Jalgaon,JALGAON,-,-,-,-,-,-,-,-,21.04190300,75.73307200,03-09-2019 08:30,"","","","","",""
3478,WAGHUR RIVER AT SAKEGAON BEFORE CONFLUENCE WITH TAPI RIVER JALGAON,CPCB,27,Maharashtra,478,Jalgaon,JALGAON,-,-,-,-,-,-,-,-,21.04190300,75.73307200,04-10-2019 08:30,"","","","","",""
3479,WAGHUR RIVER AT SAKEGAON BEFORE CONFLUENCE WITH TAPI RIVER JALGAON,CPCB,27,Maharashtra,478,Jalgaon,JALGAON,-,-,-,-,-,-,-,-,21.04190300,75.73307200,05-11-2019 08:30,"","","","","",""
3480,WAGHUR RIVER AT SAKEGAON BEFORE CONFLUENCE WITH TAPI RIVER JALGAON,CPCB,27,Maharashtra,478,Jalgaon,JALGAON,-,-,-,-,-,-,-,-,21.04190300,75.73307200,03-12-2019 08:30,"","","","","",""
3481,WAINGANGA AFTER CONLUENCE WITH KANHAN AMBHORA KUHI NAGPUR,CPCB,27,Maharashtra,473,Chandrapur,GONDPIPRI,-,-,-,-,-,-,-,-,19.73112600,79.77640100,03-01-2018 08:30,"","","","","",""
3482,WAINGANGA AFTER CONLUENCE WITH KANHAN AMBHORA KUHI NAGPUR,CPCB,27,Maharashtra,473,Chandrapur,GONDPIPRI,-,-,-,-,-,-,-,-,19.73112600,79.77640100,06-02-2018 08:30,"","","","","",""
3483,WAINGANGA AFTER CONLUENCE WITH KANHAN AMBHORA KUHI NAGPUR,CPCB,27,Maharashtra,473,Chandrapur,GONDPIPRI,-,-,-,-,-,-,-,-,19.73112600,79.77640100,06-03-2018 08:30,"","","","","",""
3484,WAINGANGA AFTER CONLUENCE WITH KANHAN AMBHORA KUHI NAGPUR,CPCB,27,Maharashtra,473,Chandrapur,GONDPIPRI,-,-,-,-,-,-,-,-,19.73112600,79.77640100,04-04-2018 08:30,"","","","","",""
3485,WAINGANGA AFTER CONLUENCE WITH KANHAN AMBHORA KUHI NAGPUR,CPCB,27,Maharashtra,473,Chandrapur,GONDPIPRI,-,-,-,-,-,-,-,-,19.73112600,79.77640100,09-05-2018 08:30,"","","","","",""
3486,WAINGANGA AFTER CONLUENCE WITH KANHAN AMBHORA KUHI NAGPUR,CPCB,27,Maharashtra,473,Chandrapur,GONDPIPRI,-,-,-,-,-,-,-,-,19.73112600,79.77640100,07-06-2018 08:30,"","","","","",""
3487,WAINGANGA AFTER CONLUENCE WITH KANHAN AMBHORA KUHI NAGPUR,CPCB,27,Maharashtra,473,Chandrapur,GONDPIPRI,-,-,-,-,-,-,-,-,19.73112600,79.77640100,09-07-2018 08:30,"","","","","",""
3488,WAINGANGA AFTER CONLUENCE WITH KANHAN AMBHORA KUHI NAGPUR,CPCB,27,Maharashtra,473,Chandrapur,GONDPIPRI,-,-,-,-,-,-,-,-,19.73112600,79.77640100,07-08-2018 08:30,"","","","","",""
3489,WAINGANGA AFTER CONLUENCE WITH KANHAN AMBHORA KUHI NAGPUR,CPCB,27,Maharashtra,473,Chandrapur,GONDPIPRI,-,-,-,-,-,-,-,-,19.73112600,79.77640100,06-09-2018 08:30,"","","","","",""
3490,WAINGANGA AFTER CONLUENCE WITH KANHAN AMBHORA KUHI NAGPUR,CPCB,27,Maharashtra,473,Chandrapur,GONDPIPRI,-,-,-,-,-,-,-,-,19.73112600,79.77640100,21-10-2018 08:30,"","","","","",""
3491,WAINGANGA AFTER CONLUENCE WITH KANHAN AMBHORA KUHI NAGPUR,CPCB,27,Maharashtra,473,Chandrapur,GONDPIPRI,-,-,-,-,-,-,-,-,19.73112600,79.77640100,04-11-2018 08:30,"","","","","",""
3492,WAINGANGA AFTER CONLUENCE WITH KANHAN AMBHORA KUHI NAGPUR,CPCB,27,Maharashtra,473,Chandrapur,GONDPIPRI,-,-,-,-,-,-,-,-,19.73112600,79.77640100,06-12-2018 08:30,"","","","","",""
3493,WAINGANGA AFTER CONLUENCE WITH KANHAN AMBHORA KUHI NAGPUR,CPCB,27,Maharashtra,473,Chandrapur,GONDPIPRI,-,-,-,-,-,-,-,-,19.73112600,79.77640100,09-01-2019 08:30,"","","","","",""
3494,WAINGANGA AFTER CONLUENCE WITH KANHAN AMBHORA KUHI NAGPUR,CPCB,27,Maharashtra,473,Chandrapur,GONDPIPRI,-,-,-,-,-,-,-,-,19.73112600,79.77640100,01-02-2019 08:30,"","","","","",""
3495,WAINGANGA AFTER CONLUENCE WITH KANHAN AMBHORA KUHI NAGPUR,CPCB,27,Maharashtra,473,Chandrapur,GONDPIPRI,-,-,-,-,-,-,-,-,19.73112600,79.77640100,07-03-2019 08:30,"","","","","",""
3496,WAINGANGA AFTER CONLUENCE WITH KANHAN AMBHORA KUHI NAGPUR,CPCB,27,Maharashtra,473,Chandrapur,GONDPIPRI,-,-,-,-,-,-,-,-,19.73112600,79.77640100,03-04-2019 08:30,"","","","","",""
3497,WAINGANGA AFTER CONLUENCE WITH KANHAN AMBHORA KUHI NAGPUR,CPCB,27,Maharashtra,473,Chandrapur,GONDPIPRI,-,-,-,-,-,-,-,-,19.73112600,79.77640100,04-05-2019 08:30,"","","","","",""
3498,WAINGANGA AFTER CONLUENCE WITH KANHAN AMBHORA KUHI NAGPUR,CPCB,27,Maharashtra,473,Chandrapur,GONDPIPRI,-,-,-,-,-,-,-,-,19.73112600,79.77640100,04-06-2019 08:30,"","","","","",""
3499,WAINGANGA AFTER CONLUENCE WITH KANHAN AMBHORA KUHI NAGPUR,CPCB,27,Maharashtra,473,Chandrapur,GONDPIPRI,-,-,-,-,-,-,-,-,19.73112600,79.77640100,03-07-2019 08:30,"","","","","",""
3500,WAINGANGA AFTER CONLUENCE WITH KANHAN AMBHORA KUHI NAGPUR,CPCB,27,Maharashtra,473,Chandrapur,GONDPIPRI,-,-,-,-,-,-,-,-,19.73112600,79.77640100,02-08-2019 08:30,"","","","","",""
3501,WAINGANGA AFTER CONLUENCE WITH KANHAN AMBHORA KUHI NAGPUR,CPCB,27,Maharashtra,473,Chandrapur,GONDPIPRI,-,-,-,-,-,-,-,-,19.73112600,79.77640100,05-09-2019 08:30,"","","","","",""
3502,WAINGANGA AFTER CONLUENCE WITH KANHAN AMBHORA KUHI NAGPUR,CPCB,27,Maharashtra,473,Chandrapur,GONDPIPRI,-,-,-,-,-,-,-,-,19.73112600,79.77640100,04-10-2019 08:30,"","","","","",""
3503,WAINGANGA AFTER CONLUENCE WITH KANHAN AMBHORA KUHI NAGPUR,CPCB,27,Maharashtra,473,Chandrapur,GONDPIPRI,-,-,-,-,-,-,-,-,19.73112600,79.77640100,01-11-2019 08:30,"","","","","",""
3504,WAINGANGA AFTER CONLUENCE WITH KANHAN AMBHORA KUHI NAGPUR,CPCB,27,Maharashtra,473,Chandrapur,GONDPIPRI,-,-,-,-,-,-,-,-,19.73112600,79.77640100,03-12-2019 08:30,"","","","","",""
3505,WAINGANGA AT ASHTIGONDPIPRI CHANDRAPUR,CPCB,27,Maharashtra,473,Chandrapur,GONDPIPRI,-,-,-,-,-,-,-,-,19.71538500,79.68528900,06-01-2018 08:30,"","","","","",""
3506,WAINGANGA AT ASHTIGONDPIPRI CHANDRAPUR,CPCB,27,Maharashtra,473,Chandrapur,GONDPIPRI,-,-,-,-,-,-,-,-,19.71538500,79.68528900,03-02-2018 08:30,"","","","","",""
3507,WAINGANGA AT ASHTIGONDPIPRI CHANDRAPUR,CPCB,27,Maharashtra,473,Chandrapur,GONDPIPRI,-,-,-,-,-,-,-,-,19.71538500,79.68528900,07-03-2018 08:30,"","","","","",""
3508,WAINGANGA AT ASHTIGONDPIPRI CHANDRAPUR,CPCB,27,Maharashtra,473,Chandrapur,GONDPIPRI,-,-,-,-,-,-,-,-,19.71538500,79.68528900,05-04-2018 08:30,"","","","","",""
3509,WAINGANGA AT ASHTIGONDPIPRI CHANDRAPUR,CPCB,27,Maharashtra,473,Chandrapur,GONDPIPRI,-,-,-,-,-,-,-,-,19.71538500,79.68528900,05-05-2018 08:30,"","","","","",""
3510,WAINGANGA AT ASHTIGONDPIPRI CHANDRAPUR,CPCB,27,Maharashtra,473,Chandrapur,GONDPIPRI,-,-,-,-,-,-,-,-,19.71538500,79.68528900,07-06-2018 08:30,"","","","","",""
3511,WAINGANGA AT ASHTIGONDPIPRI CHANDRAPUR,CPCB,27,Maharashtra,473,Chandrapur,GONDPIPRI,-,-,-,-,-,-,-,-,19.71538500,79.68528900,04-07-2018 08:30,"","","","","",""
3512,WAINGANGA AT ASHTIGONDPIPRI CHANDRAPUR,CPCB,27,Maharashtra,473,Chandrapur,GONDPIPRI,-,-,-,-,-,-,-,-,19.71538500,79.68528900,04-08-2018 08:30,"","","","","",""
3513,WAINGANGA AT ASHTIGONDPIPRI CHANDRAPUR,CPCB,27,Maharashtra,473,Chandrapur,GONDPIPRI,-,-,-,-,-,-,-,-,19.71538500,79.68528900,05-09-2018 08:30,"","","","","",""
3514,WAINGANGA AT ASHTIGONDPIPRI CHANDRAPUR,CPCB,27,Maharashtra,473,Chandrapur,GONDPIPRI,-,-,-,-,-,-,-,-,19.71538500,79.68528900,08-10-2018 08:30,"","","","","",""
3515,WAINGANGA AT ASHTIGONDPIPRI CHANDRAPUR,CPCB,27,Maharashtra,473,Chandrapur,GONDPIPRI,-,-,-,-,-,-,-,-,19.71538500,79.68528900,05-11-2018 08:30,"","","","","",""
3516,WAINGANGA AT ASHTIGONDPIPRI CHANDRAPUR,CPCB,27,Maharashtra,473,Chandrapur,GONDPIPRI,-,-,-,-,-,-,-,-,19.71538500,79.68528900,05-12-2018 08:30,"","","","","",""
3517,WAINGANGA AT ASHTIGONDPIPRI CHANDRAPUR,CPCB,27,Maharashtra,473,Chandrapur,GONDPIPRI,-,-,-,-,-,-,-,-,19.71538500,79.68528900,04-01-2019 08:30,"","","","","",""
3518,WAINGANGA AT ASHTIGONDPIPRI CHANDRAPUR,CPCB,27,Maharashtra,473,Chandrapur,GONDPIPRI,-,-,-,-,-,-,-,-,19.71538500,79.68528900,05-02-2019 08:30,"","","","","",""
3519,WAINGANGA AT ASHTIGONDPIPRI CHANDRAPUR,CPCB,27,Maharashtra,473,Chandrapur,GONDPIPRI,-,-,-,-,-,-,-,-,19.71538500,79.68528900,06-03-2019 08:30,"","","","","",""
3520,WAINGANGA AT ASHTIGONDPIPRI CHANDRAPUR,CPCB,27,Maharashtra,473,Chandrapur,GONDPIPRI,-,-,-,-,-,-,-,-,19.71538500,79.68528900,02-04-2019 08:30,"","","","","",""
3521,WAINGANGA AT ASHTIGONDPIPRI CHANDRAPUR,CPCB,27,Maharashtra,473,Chandrapur,GONDPIPRI,-,-,-,-,-,-,-,-,19.71538500,79.68528900,06-05-2019 08:30,"","","","","",""
3522,WAINGANGA AT ASHTIGONDPIPRI CHANDRAPUR,CPCB,27,Maharashtra,473,Chandrapur,GONDPIPRI,-,-,-,-,-,-,-,-,19.71538500,79.68528900,06-06-2019 08:30,"","","","","",""
3523,WAINGANGA AT ASHTIGONDPIPRI CHANDRAPUR,CPCB,27,Maharashtra,473,Chandrapur,GONDPIPRI,-,-,-,-,-,-,-,-,19.71538500,79.68528900,08-07-2019 08:30,"","","","","",""
3524,WAINGANGA AT ASHTIGONDPIPRI CHANDRAPUR,CPCB,27,Maharashtra,473,Chandrapur,GONDPIPRI,-,-,-,-,-,-,-,-,19.71538500,79.68528900,08-08-2019 08:30,"","","","","",""
3525,WAINGANGA AT ASHTIGONDPIPRI CHANDRAPUR,CPCB,27,Maharashtra,473,Chandrapur,GONDPIPRI,-,-,-,-,-,-,-,-,19.71538500,79.68528900,06-09-2019 08:30,"","","","","",""
3526,WAINGANGA AT ASHTIGONDPIPRI CHANDRAPUR,CPCB,27,Maharashtra,473,Chandrapur,GONDPIPRI,-,-,-,-,-,-,-,-,19.71538500,79.68528900,07-10-2019 08:30,"","","","","",""
3527,WAINGANGA AT ASHTIGONDPIPRI CHANDRAPUR,CPCB,27,Maharashtra,473,Chandrapur,GONDPIPRI,-,-,-,-,-,-,-,-,19.71538500,79.68528900,05-11-2019 08:30,"","","","","",""
3528,WAINGANGA AT ASHTIGONDPIPRI CHANDRAPUR,CPCB,27,Maharashtra,473,Chandrapur,GONDPIPRI,-,-,-,-,-,-,-,-,19.71538500,79.68528900,02-12-2019 08:30,"","","","","",""
3529,WAINGANGA D/S OF GAURAV PAPER MILLS NEAR JACKWELL BRAMHPURI CHANDRAPUR,CPCB,27,Maharashtra,473,Chandrapur,BRAHMAPURI,-,-,-,-,-,-,-,-,20.61012600,79.85805100,06-01-2018 08:30,"","","","","",""
3530,WAINGANGA D/S OF GAURAV PAPER MILLS NEAR JACKWELL BRAMHPURI CHANDRAPUR,CPCB,27,Maharashtra,473,Chandrapur,BRAHMAPURI,-,-,-,-,-,-,-,-,20.61012600,79.85805100,03-02-2018 08:30,"","","","","",""
3531,WAINGANGA D/S OF GAURAV PAPER MILLS NEAR JACKWELL BRAMHPURI CHANDRAPUR,CPCB,27,Maharashtra,473,Chandrapur,BRAHMAPURI,-,-,-,-,-,-,-,-,20.61012600,79.85805100,06-03-2018 08:30,"","","","","",""
3532,WAINGANGA D/S OF GAURAV PAPER MILLS NEAR JACKWELL BRAMHPURI CHANDRAPUR,CPCB,27,Maharashtra,473,Chandrapur,BRAHMAPURI,-,-,-,-,-,-,-,-,20.61012600,79.85805100,04-04-2018 08:30,"","","","","",""
3533,WAINGANGA D/S OF GAURAV PAPER MILLS NEAR JACKWELL BRAMHPURI CHANDRAPUR,CPCB,27,Maharashtra,473,Chandrapur,BRAHMAPURI,-,-,-,-,-,-,-,-,20.61012600,79.85805100,05-05-2018 08:30,"","","","","",""
3534,WAINGANGA D/S OF GAURAV PAPER MILLS NEAR JACKWELL BRAMHPURI CHANDRAPUR,CPCB,27,Maharashtra,473,Chandrapur,BRAHMAPURI,-,-,-,-,-,-,-,-,20.61012600,79.85805100,07-06-2018 08:30,"","","","","",""
3535,WAINGANGA D/S OF GAURAV PAPER MILLS NEAR JACKWELL BRAMHPURI CHANDRAPUR,CPCB,27,Maharashtra,473,Chandrapur,BRAHMAPURI,-,-,-,-,-,-,-,-,20.61012600,79.85805100,03-07-2018 08:30,"","","","","",""
3536,WAINGANGA D/S OF GAURAV PAPER MILLS NEAR JACKWELL BRAMHPURI CHANDRAPUR,CPCB,27,Maharashtra,473,Chandrapur,BRAHMAPURI,-,-,-,-,-,-,-,-,20.61012600,79.85805100,06-08-2018 08:30,"","","","","",""
3537,WAINGANGA D/S OF GAURAV PAPER MILLS NEAR JACKWELL BRAMHPURI CHANDRAPUR,CPCB,27,Maharashtra,473,Chandrapur,BRAHMAPURI,-,-,-,-,-,-,-,-,20.61012600,79.85805100,06-09-2018 08:30,"","","","","",""
3538,WAINGANGA D/S OF GAURAV PAPER MILLS NEAR JACKWELL BRAMHPURI CHANDRAPUR,CPCB,27,Maharashtra,473,Chandrapur,BRAHMAPURI,-,-,-,-,-,-,-,-,20.61012600,79.85805100,08-10-2018 08:30,"","","","","",""
3539,WAINGANGA D/S OF GAURAV PAPER MILLS NEAR JACKWELL BRAMHPURI CHANDRAPUR,CPCB,27,Maharashtra,473,Chandrapur,BRAHMAPURI,-,-,-,-,-,-,-,-,20.61012600,79.85805100,05-11-2018 08:30,"","","","","",""
3540,WAINGANGA D/S OF GAURAV PAPER MILLS NEAR JACKWELL BRAMHPURI CHANDRAPUR,CPCB,27,Maharashtra,473,Chandrapur,BRAHMAPURI,-,-,-,-,-,-,-,-,20.61012600,79.85805100,05-12-2018 08:30,"","","","","",""
3541,WAINGANGA D/S OF GAURAV PAPER MILLS NEAR JACKWELL BRAMHPURI CHANDRAPUR,CPCB,27,Maharashtra,473,Chandrapur,BRAHMAPURI,-,-,-,-,-,-,-,-,20.61012600,79.85805100,04-01-2019 08:30,"","","","","",""
3542,WAINGANGA D/S OF GAURAV PAPER MILLS NEAR JACKWELL BRAMHPURI CHANDRAPUR,CPCB,27,Maharashtra,473,Chandrapur,BRAHMAPURI,-,-,-,-,-,-,-,-,20.61012600,79.85805100,01-02-2019 08:30,"","","","","",""
3543,WAINGANGA D/S OF GAURAV PAPER MILLS NEAR JACKWELL BRAMHPURI CHANDRAPUR,CPCB,27,Maharashtra,473,Chandrapur,BRAHMAPURI,-,-,-,-,-,-,-,-,20.61012600,79.85805100,06-03-2019 08:30,"","","","","",""
3544,WAINGANGA D/S OF GAURAV PAPER MILLS NEAR JACKWELL BRAMHPURI CHANDRAPUR,CPCB,27,Maharashtra,473,Chandrapur,BRAHMAPURI,-,-,-,-,-,-,-,-,20.61012600,79.85805100,02-04-2019 08:30,"","","","","",""
3545,WAINGANGA D/S OF GAURAV PAPER MILLS NEAR JACKWELL BRAMHPURI CHANDRAPUR,CPCB,27,Maharashtra,473,Chandrapur,BRAHMAPURI,-,-,-,-,-,-,-,-,20.61012600,79.85805100,04-05-2019 08:30,"","","","","",""
3546,WAINGANGA D/S OF GAURAV PAPER MILLS NEAR JACKWELL BRAMHPURI CHANDRAPUR,CPCB,27,Maharashtra,473,Chandrapur,BRAHMAPURI,-,-,-,-,-,-,-,-,20.61012600,79.85805100,06-06-2019 08:30,"","","","","",""
3547,WAINGANGA D/S OF GAURAV PAPER MILLS NEAR JACKWELL BRAMHPURI CHANDRAPUR,CPCB,27,Maharashtra,473,Chandrapur,BRAHMAPURI,-,-,-,-,-,-,-,-,20.61012600,79.85805100,06-07-2019 08:30,"","","","","",""
3548,WAINGANGA D/S OF GAURAV PAPER MILLS NEAR JACKWELL BRAMHPURI CHANDRAPUR,CPCB,27,Maharashtra,473,Chandrapur,BRAHMAPURI,-,-,-,-,-,-,-,-,20.61012600,79.85805100,09-08-2019 08:30,"","","","","",""
3549,WAINGANGA D/S OF GAURAV PAPER MILLS NEAR JACKWELL BRAMHPURI CHANDRAPUR,CPCB,27,Maharashtra,473,Chandrapur,BRAHMAPURI,-,-,-,-,-,-,-,-,20.61012600,79.85805100,03-09-2019 08:30,"","","","","",""
3550,WAINGANGA D/S OF GAURAV PAPER MILLS NEAR JACKWELL BRAMHPURI CHANDRAPUR,CPCB,27,Maharashtra,473,Chandrapur,BRAHMAPURI,-,-,-,-,-,-,-,-,20.61012600,79.85805100,07-10-2019 08:30,"","","","","",""
3551,WAINGANGA D/S OF GAURAV PAPER MILLS NEAR JACKWELL BRAMHPURI CHANDRAPUR,CPCB,27,Maharashtra,473,Chandrapur,BRAHMAPURI,-,-,-,-,-,-,-,-,20.61012600,79.85805100,06-11-2019 08:30,"","","","","",""
3552,WAINGANGA D/S OF GAURAV PAPER MILLS NEAR JACKWELL BRAMHPURI CHANDRAPUR,CPCB,27,Maharashtra,473,Chandrapur,BRAHMAPURI,-,-,-,-,-,-,-,-,20.61012600,79.85805100,04-12-2019 08:30,"","","","","",""
3553,WAINGANGA RIVER D/S OF ELLORA PAPER MILL TUMSAR TUMSAR BHANDARA,CPCB,27,Maharashtra,471,Bhandara,TUMSAR,-,-,-,-,-,-,-,-,21.38085300,79.74559500,04-01-2018 08:30,"","","","","",""
3554,WAINGANGA RIVER D/S OF ELLORA PAPER MILL TUMSAR TUMSAR BHANDARA,CPCB,27,Maharashtra,471,Bhandara,TUMSAR,-,-,-,-,-,-,-,-,21.38085300,79.74559500,01-02-2018 08:30,"","","","","",""
3555,WAINGANGA RIVER D/S OF ELLORA PAPER MILL TUMSAR TUMSAR BHANDARA,CPCB,27,Maharashtra,471,Bhandara,TUMSAR,-,-,-,-,-,-,-,-,21.38085300,79.74559500,06-03-2018 08:30,"","","","","",""
3556,WAINGANGA RIVER D/S OF ELLORA PAPER MILL TUMSAR TUMSAR BHANDARA,CPCB,27,Maharashtra,471,Bhandara,TUMSAR,-,-,-,-,-,-,-,-,21.38085300,79.74559500,03-04-2018 08:30,"","","","","",""
3557,WAINGANGA RIVER D/S OF ELLORA PAPER MILL TUMSAR TUMSAR BHANDARA,CPCB,27,Maharashtra,471,Bhandara,TUMSAR,-,-,-,-,-,-,-,-,21.38085300,79.74559500,02-05-2018 08:30,"","","","","",""
3558,WAINGANGA RIVER D/S OF ELLORA PAPER MILL TUMSAR TUMSAR BHANDARA,CPCB,27,Maharashtra,471,Bhandara,TUMSAR,-,-,-,-,-,-,-,-,21.38085300,79.74559500,04-06-2018 08:30,"","","","","",""
3559,WAINGANGA RIVER D/S OF ELLORA PAPER MILL TUMSAR TUMSAR BHANDARA,CPCB,27,Maharashtra,471,Bhandara,TUMSAR,-,-,-,-,-,-,-,-,21.38085300,79.74559500,04-07-2018 08:30,"","","","","",""
3560,WAINGANGA RIVER D/S OF ELLORA PAPER MILL TUMSAR TUMSAR BHANDARA,CPCB,27,Maharashtra,471,Bhandara,TUMSAR,-,-,-,-,-,-,-,-,21.38085300,79.74559500,04-08-2018 08:30,"","","","","",""
3561,WAINGANGA RIVER D/S OF ELLORA PAPER MILL TUMSAR TUMSAR BHANDARA,CPCB,27,Maharashtra,471,Bhandara,TUMSAR,-,-,-,-,-,-,-,-,21.38085300,79.74559500,03-09-2018 08:30,"","","","","",""
3562,WAINGANGA RIVER D/S OF ELLORA PAPER MILL TUMSAR TUMSAR BHANDARA,CPCB,27,Maharashtra,471,Bhandara,TUMSAR,-,-,-,-,-,-,-,-,21.38085300,79.74559500,16-10-2018 08:30,"","","","","",""
3563,WAINGANGA RIVER D/S OF ELLORA PAPER MILL TUMSAR TUMSAR BHANDARA,CPCB,27,Maharashtra,471,Bhandara,TUMSAR,-,-,-,-,-,-,-,-,21.38085300,79.74559500,15-11-2018 08:30,"","","","","",""
3564,WAINGANGA RIVER D/S OF ELLORA PAPER MILL TUMSAR TUMSAR BHANDARA,CPCB,27,Maharashtra,471,Bhandara,TUMSAR,-,-,-,-,-,-,-,-,21.38085300,79.74559500,06-12-2018 08:30,"","","","","",""
3565,WAINGANGA RIVER D/S OF ELLORA PAPER MILL TUMSAR TUMSAR BHANDARA,CPCB,27,Maharashtra,471,Bhandara,TUMSAR,-,-,-,-,-,-,-,-,21.38085300,79.74559500,04-01-2019 08:30,"","","","","",""
3566,WAINGANGA RIVER D/S OF ELLORA PAPER MILL TUMSAR TUMSAR BHANDARA,CPCB,27,Maharashtra,471,Bhandara,TUMSAR,-,-,-,-,-,-,-,-,21.38085300,79.74559500,02-02-2019 08:30,"","","","","",""
3567,WAINGANGA RIVER D/S OF ELLORA PAPER MILL TUMSAR TUMSAR BHANDARA,CPCB,27,Maharashtra,471,Bhandara,TUMSAR,-,-,-,-,-,-,-,-,21.38085300,79.74559500,04-03-2019 08:30,"","","","","",""
3568,WAINGANGA RIVER D/S OF ELLORA PAPER MILL TUMSAR TUMSAR BHANDARA,CPCB,27,Maharashtra,471,Bhandara,TUMSAR,-,-,-,-,-,-,-,-,21.38085300,79.74559500,03-04-2019 08:30,"","","","","",""
3569,WAINGANGA RIVER D/S OF ELLORA PAPER MILL TUMSAR TUMSAR BHANDARA,CPCB,27,Maharashtra,471,Bhandara,TUMSAR,-,-,-,-,-,-,-,-,21.38085300,79.74559500,03-07-2019 08:30,"","","","","",""
3570,WAINGANGA RIVER D/S OF ELLORA PAPER MILL TUMSAR TUMSAR BHANDARA,CPCB,27,Maharashtra,471,Bhandara,TUMSAR,-,-,-,-,-,-,-,-,21.38085300,79.74559500,03-08-2019 08:30,"","","","","",""
3571,WAINGANGA RIVER D/S OF ELLORA PAPER MILL TUMSAR TUMSAR BHANDARA,CPCB,27,Maharashtra,471,Bhandara,TUMSAR,-,-,-,-,-,-,-,-,21.38085300,79.74559500,03-09-2019 08:30,"","","","","",""
3572,WAINGANGA RIVER D/S OF ELLORA PAPER MILL TUMSAR TUMSAR BHANDARA,CPCB,27,Maharashtra,471,Bhandara,TUMSAR,-,-,-,-,-,-,-,-,21.38085300,79.74559500,04-10-2019 08:30,"","","","","",""
3573,WAINGANGA RIVER D/S OF ELLORA PAPER MILL TUMSAR TUMSAR BHANDARA,CPCB,27,Maharashtra,471,Bhandara,TUMSAR,-,-,-,-,-,-,-,-,21.38085300,79.74559500,04-11-2019 08:30,"","","","","",""
3574,WAINGANGA RIVER D/S OF ELLORA PAPER MILL TUMSAR TUMSAR BHANDARA,CPCB,27,Maharashtra,471,Bhandara,TUMSAR,-,-,-,-,-,-,-,-,21.38085300,79.74559500,03-12-2019 08:30,"","","","","",""
3575,WAINGANGA RIVER U/S OF ELLORA PAPER MILL TUMSAR TUMSAR BHANDARA,CPCB,27,Maharashtra,471,Bhandara,TUMSAR,-,-,-,-,-,-,-,-,21.38072900,79.74547700,04-01-2018 08:30,"","","","","",""
3576,WAINGANGA RIVER U/S OF ELLORA PAPER MILL TUMSAR TUMSAR BHANDARA,CPCB,27,Maharashtra,471,Bhandara,TUMSAR,-,-,-,-,-,-,-,-,21.38072900,79.74547700,01-02-2018 08:30,"","","","","",""
3577,WAINGANGA RIVER U/S OF ELLORA PAPER MILL TUMSAR TUMSAR BHANDARA,CPCB,27,Maharashtra,471,Bhandara,TUMSAR,-,-,-,-,-,-,-,-,21.38072900,79.74547700,06-03-2018 08:30,"","","","","",""
3578,WAINGANGA RIVER U/S OF ELLORA PAPER MILL TUMSAR TUMSAR BHANDARA,CPCB,27,Maharashtra,471,Bhandara,TUMSAR,-,-,-,-,-,-,-,-,21.38072900,79.74547700,03-04-2018 08:30,"","","","","",""
3579,WAINGANGA RIVER U/S OF ELLORA PAPER MILL TUMSAR TUMSAR BHANDARA,CPCB,27,Maharashtra,471,Bhandara,TUMSAR,-,-,-,-,-,-,-,-,21.38072900,79.74547700,02-05-2018 08:30,"","","","","",""
3580,WAINGANGA RIVER U/S OF ELLORA PAPER MILL TUMSAR TUMSAR BHANDARA,CPCB,27,Maharashtra,471,Bhandara,TUMSAR,-,-,-,-,-,-,-,-,21.38072900,79.74547700,04-06-2018 08:30,"","","","","",""
3581,WAINGANGA RIVER U/S OF ELLORA PAPER MILL TUMSAR TUMSAR BHANDARA,CPCB,27,Maharashtra,471,Bhandara,TUMSAR,-,-,-,-,-,-,-,-,21.38072900,79.74547700,04-07-2018 08:30,"","","","","",""
3582,WAINGANGA RIVER U/S OF ELLORA PAPER MILL TUMSAR TUMSAR BHANDARA,CPCB,27,Maharashtra,471,Bhandara,TUMSAR,-,-,-,-,-,-,-,-,21.38072900,79.74547700,06-08-2018 08:30,"","","","","",""
3583,WAINGANGA RIVER U/S OF ELLORA PAPER MILL TUMSAR TUMSAR BHANDARA,CPCB,27,Maharashtra,471,Bhandara,TUMSAR,-,-,-,-,-,-,-,-,21.38072900,79.74547700,03-09-2018 08:30,"","","","","",""
3584,WAINGANGA RIVER U/S OF ELLORA PAPER MILL TUMSAR TUMSAR BHANDARA,CPCB,27,Maharashtra,471,Bhandara,TUMSAR,-,-,-,-,-,-,-,-,21.38072900,79.74547700,16-10-2018 08:30,"","","","","",""
3585,WAINGANGA RIVER U/S OF ELLORA PAPER MILL TUMSAR TUMSAR BHANDARA,CPCB,27,Maharashtra,471,Bhandara,TUMSAR,-,-,-,-,-,-,-,-,21.38072900,79.74547700,15-11-2018 08:30,"","","","","",""
3586,WAINGANGA RIVER U/S OF ELLORA PAPER MILL TUMSAR TUMSAR BHANDARA,CPCB,27,Maharashtra,471,Bhandara,TUMSAR,-,-,-,-,-,-,-,-,21.38072900,79.74547700,06-12-2018 08:30,"","","","","",""
3587,WAINGANGA RIVER U/S OF ELLORA PAPER MILL TUMSAR TUMSAR BHANDARA,CPCB,27,Maharashtra,471,Bhandara,TUMSAR,-,-,-,-,-,-,-,-,21.38072900,79.74547700,04-01-2019 08:30,"","","","","",""
3588,WAINGANGA RIVER U/S OF ELLORA PAPER MILL TUMSAR TUMSAR BHANDARA,CPCB,27,Maharashtra,471,Bhandara,TUMSAR,-,-,-,-,-,-,-,-,21.38072900,79.74547700,02-02-2019 08:30,"","","","","",""
3589,WAINGANGA RIVER U/S OF ELLORA PAPER MILL TUMSAR TUMSAR BHANDARA,CPCB,27,Maharashtra,471,Bhandara,TUMSAR,-,-,-,-,-,-,-,-,21.38072900,79.74547700,04-03-2019 08:30,"","","","","",""
3590,WAINGANGA RIVER U/S OF ELLORA PAPER MILL TUMSAR TUMSAR BHANDARA,CPCB,27,Maharashtra,471,Bhandara,TUMSAR,-,-,-,-,-,-,-,-,21.38072900,79.74547700,02-04-2019 08:30,"","","","","",""
3591,WAINGANGA RIVER U/S OF ELLORA PAPER MILL TUMSAR TUMSAR BHANDARA,CPCB,27,Maharashtra,471,Bhandara,TUMSAR,-,-,-,-,-,-,-,-,21.38072900,79.74547700,03-07-2019 08:30,"","","","","",""
3592,WAINGANGA RIVER U/S OF ELLORA PAPER MILL TUMSAR TUMSAR BHANDARA,CPCB,27,Maharashtra,471,Bhandara,TUMSAR,-,-,-,-,-,-,-,-,21.38072900,79.74547700,03-08-2019 08:30,"","","","","",""
3593,WAINGANGA RIVER U/S OF ELLORA PAPER MILL TUMSAR TUMSAR BHANDARA,CPCB,27,Maharashtra,471,Bhandara,TUMSAR,-,-,-,-,-,-,-,-,21.38072900,79.74547700,03-09-2019 08:30,"","","","","",""
3594,WAINGANGA RIVER U/S OF ELLORA PAPER MILL TUMSAR TUMSAR BHANDARA,CPCB,27,Maharashtra,471,Bhandara,TUMSAR,-,-,-,-,-,-,-,-,21.38072900,79.74547700,04-10-2019 08:30,"","","","","",""
3595,WAINGANGA RIVER U/S OF ELLORA PAPER MILL TUMSAR TUMSAR BHANDARA,CPCB,27,Maharashtra,471,Bhandara,TUMSAR,-,-,-,-,-,-,-,-,21.38072900,79.74547700,04-11-2019 08:30,"","","","","",""
3596,WAINGANGA RIVER U/S OF ELLORA PAPER MILL TUMSAR TUMSAR BHANDARA,CPCB,27,Maharashtra,471,Bhandara,TUMSAR,-,-,-,-,-,-,-,-,21.38072900,79.74547700,03-12-2019 08:30,"","","","","",""
3597,WAINGANGA U/S OF GAURAV PAPER MILLS NEAR JACKWELL BRAMHPURI CHANDRAPUR,CPCB,27,Maharashtra,473,Chandrapur,BRAHMAPURI,-,-,-,-,-,-,-,-,20.60986700,79.85768100,06-01-2018 08:30,"","","","","",""
3598,WAINGANGA U/S OF GAURAV PAPER MILLS NEAR JACKWELL BRAMHPURI CHANDRAPUR,CPCB,27,Maharashtra,473,Chandrapur,BRAHMAPURI,-,-,-,-,-,-,-,-,20.60986700,79.85768100,03-02-2018 08:30,"","","","","",""
3599,WAINGANGA U/S OF GAURAV PAPER MILLS NEAR JACKWELL BRAMHPURI CHANDRAPUR,CPCB,27,Maharashtra,473,Chandrapur,BRAHMAPURI,-,-,-,-,-,-,-,-,20.60986700,79.85768100,06-03-2018 08:30,"","","","","",""
3600,WAINGANGA U/S OF GAURAV PAPER MILLS NEAR JACKWELL BRAMHPURI CHANDRAPUR,CPCB,27,Maharashtra,473,Chandrapur,BRAHMAPURI,-,-,-,-,-,-,-,-,20.60986700,79.85768100,04-04-2018 08:30,"","","","","",""
3601,WAINGANGA U/S OF GAURAV PAPER MILLS NEAR JACKWELL BRAMHPURI CHANDRAPUR,CPCB,27,Maharashtra,473,Chandrapur,BRAHMAPURI,-,-,-,-,-,-,-,-,20.60986700,79.85768100,07-05-2018 08:30,"","","","","",""
3602,WAINGANGA U/S OF GAURAV PAPER MILLS NEAR JACKWELL BRAMHPURI CHANDRAPUR,CPCB,27,Maharashtra,473,Chandrapur,BRAHMAPURI,-,-,-,-,-,-,-,-,20.60986700,79.85768100,07-06-2018 08:30,"","","","","",""
3603,WAINGANGA U/S OF GAURAV PAPER MILLS NEAR JACKWELL BRAMHPURI CHANDRAPUR,CPCB,27,Maharashtra,473,Chandrapur,BRAHMAPURI,-,-,-,-,-,-,-,-,20.60986700,79.85768100,03-07-2018 08:30,"","","","","",""
3604,WAINGANGA U/S OF GAURAV PAPER MILLS NEAR JACKWELL BRAMHPURI CHANDRAPUR,CPCB,27,Maharashtra,473,Chandrapur,BRAHMAPURI,-,-,-,-,-,-,-,-,20.60986700,79.85768100,06-08-2018 08:30,"","","","","",""
3605,WAINGANGA U/S OF GAURAV PAPER MILLS NEAR JACKWELL BRAMHPURI CHANDRAPUR,CPCB,27,Maharashtra,473,Chandrapur,BRAHMAPURI,-,-,-,-,-,-,-,-,20.60986700,79.85768100,06-09-2018 08:30,"","","","","",""
3606,WAINGANGA U/S OF GAURAV PAPER MILLS NEAR JACKWELL BRAMHPURI CHANDRAPUR,CPCB,27,Maharashtra,473,Chandrapur,BRAHMAPURI,-,-,-,-,-,-,-,-,20.60986700,79.85768100,08-10-2018 08:30,"","","","","",""
3607,WAINGANGA U/S OF GAURAV PAPER MILLS NEAR JACKWELL BRAMHPURI CHANDRAPUR,CPCB,27,Maharashtra,473,Chandrapur,BRAHMAPURI,-,-,-,-,-,-,-,-,20.60986700,79.85768100,05-11-2018 08:30,"","","","","",""
3608,WAINGANGA U/S OF GAURAV PAPER MILLS NEAR JACKWELL BRAMHPURI CHANDRAPUR,CPCB,27,Maharashtra,473,Chandrapur,BRAHMAPURI,-,-,-,-,-,-,-,-,20.60986700,79.85768100,05-12-2018 08:30,"","","","","",""
3609,WAINGANGA U/S OF GAURAV PAPER MILLS NEAR JACKWELL BRAMHPURI CHANDRAPUR,CPCB,27,Maharashtra,473,Chandrapur,BRAHMAPURI,-,-,-,-,-,-,-,-,20.60986700,79.85768100,04-01-2019 08:30,"","","","","",""
3610,WAINGANGA U/S OF GAURAV PAPER MILLS NEAR JACKWELL BRAMHPURI CHANDRAPUR,CPCB,27,Maharashtra,473,Chandrapur,BRAHMAPURI,-,-,-,-,-,-,-,-,20.60986700,79.85768100,01-02-2019 08:30,"","","","","",""
3611,WAINGANGA U/S OF GAURAV PAPER MILLS NEAR JACKWELL BRAMHPURI CHANDRAPUR,CPCB,27,Maharashtra,473,Chandrapur,BRAHMAPURI,-,-,-,-,-,-,-,-,20.60986700,79.85768100,06-03-2019 08:30,"","","","","",""
3612,WAINGANGA U/S OF GAURAV PAPER MILLS NEAR JACKWELL BRAMHPURI CHANDRAPUR,CPCB,27,Maharashtra,473,Chandrapur,BRAHMAPURI,-,-,-,-,-,-,-,-,20.60986700,79.85768100,01-04-2019 08:30,"","","","","",""
3613,WAINGANGA U/S OF GAURAV PAPER MILLS NEAR JACKWELL BRAMHPURI CHANDRAPUR,CPCB,27,Maharashtra,473,Chandrapur,BRAHMAPURI,-,-,-,-,-,-,-,-,20.60986700,79.85768100,04-05-2019 08:30,"","","","","",""
3614,WAINGANGA U/S OF GAURAV PAPER MILLS NEAR JACKWELL BRAMHPURI CHANDRAPUR,CPCB,27,Maharashtra,473,Chandrapur,BRAHMAPURI,-,-,-,-,-,-,-,-,20.60986700,79.85768100,06-06-2019 08:30,"","","","","",""
3615,WAINGANGA U/S OF GAURAV PAPER MILLS NEAR JACKWELL BRAMHPURI CHANDRAPUR,CPCB,27,Maharashtra,473,Chandrapur,BRAHMAPURI,-,-,-,-,-,-,-,-,20.60986700,79.85768100,06-07-2019 08:30,"","","","","",""
3616,WAINGANGA U/S OF GAURAV PAPER MILLS NEAR JACKWELL BRAMHPURI CHANDRAPUR,CPCB,27,Maharashtra,473,Chandrapur,BRAHMAPURI,-,-,-,-,-,-,-,-,20.60986700,79.85768100,08-08-2019 08:30,"","","","","",""
3617,WAINGANGA U/S OF GAURAV PAPER MILLS NEAR JACKWELL BRAMHPURI CHANDRAPUR,CPCB,27,Maharashtra,473,Chandrapur,BRAHMAPURI,-,-,-,-,-,-,-,-,20.60986700,79.85768100,03-09-2019 08:30,"","","","","",""
3618,WAINGANGA U/S OF GAURAV PAPER MILLS NEAR JACKWELL BRAMHPURI CHANDRAPUR,CPCB,27,Maharashtra,473,Chandrapur,BRAHMAPURI,-,-,-,-,-,-,-,-,20.60986700,79.85768100,07-10-2019 08:30,"","","","","",""
3619,WAINGANGA U/S OF GAURAV PAPER MILLS NEAR JACKWELL BRAMHPURI CHANDRAPUR,CPCB,27,Maharashtra,473,Chandrapur,BRAHMAPURI,-,-,-,-,-,-,-,-,20.60986700,79.85768100,06-11-2019 08:30,"","","","","",""
3620,WAINGANGA U/S OF GAURAV PAPER MILLS NEAR JACKWELL BRAMHPURI CHANDRAPUR,CPCB,27,Maharashtra,473,Chandrapur,BRAHMAPURI,-,-,-,-,-,-,-,-,20.60986700,79.85768100,04-12-2019 08:30,"","","","","",""
3621,WARDHA AT PULGAON RAILWAY BRIDGE PULGAON WARDHA WARDHA,CPCB,27,Maharashtra,498,Wardha,DEOLI,-,-,-,-,-,-,-,-,20.72624100,78.31758000,04-01-2018 08:30,"","","","","",""
3622,WARDHA AT PULGAON RAILWAY BRIDGE PULGAON WARDHA WARDHA,CPCB,27,Maharashtra,498,Wardha,DEOLI,-,-,-,-,-,-,-,-,20.72624100,78.31758000,07-02-2018 08:30,"","","","","",""
3623,WARDHA AT PULGAON RAILWAY BRIDGE PULGAON WARDHA WARDHA,CPCB,27,Maharashtra,498,Wardha,DEOLI,-,-,-,-,-,-,-,-,20.72624100,78.31758000,07-03-2018 08:30,"","","","","",""
3624,WARDHA AT PULGAON RAILWAY BRIDGE PULGAON WARDHA WARDHA,CPCB,27,Maharashtra,498,Wardha,DEOLI,-,-,-,-,-,-,-,-,20.72624100,78.31758000,09-04-2018 08:30,"","","","","",""
3625,WARDHA AT PULGAON RAILWAY BRIDGE PULGAON WARDHA WARDHA,CPCB,27,Maharashtra,498,Wardha,DEOLI,-,-,-,-,-,-,-,-,20.72624100,78.31758000,10-05-2018 08:30,"","","","","",""
3626,WARDHA AT PULGAON RAILWAY BRIDGE PULGAON WARDHA WARDHA,CPCB,27,Maharashtra,498,Wardha,DEOLI,-,-,-,-,-,-,-,-,20.72624100,78.31758000,03-07-2018 08:30,"","","","","",""
3627,WARDHA AT PULGAON RAILWAY BRIDGE PULGAON WARDHA WARDHA,CPCB,27,Maharashtra,498,Wardha,DEOLI,-,-,-,-,-,-,-,-,20.72624100,78.31758000,08-08-2018 08:30,"","","","","",""
3628,WARDHA AT PULGAON RAILWAY BRIDGE PULGAON WARDHA WARDHA,CPCB,27,Maharashtra,498,Wardha,DEOLI,-,-,-,-,-,-,-,-,20.72624100,78.31758000,06-09-2018 08:30,"","","","","",""
3629,WARDHA AT PULGAON RAILWAY BRIDGE PULGAON WARDHA WARDHA,CPCB,27,Maharashtra,498,Wardha,DEOLI,-,-,-,-,-,-,-,-,20.72624100,78.31758000,21-10-2018 08:30,"","","","","",""
3630,WARDHA AT PULGAON RAILWAY BRIDGE PULGAON WARDHA WARDHA,CPCB,27,Maharashtra,498,Wardha,DEOLI,-,-,-,-,-,-,-,-,20.72624100,78.31758000,04-11-2018 08:30,"","","","","",""
3631,WARDHA AT PULGAON RAILWAY BRIDGE PULGAON WARDHA WARDHA,CPCB,27,Maharashtra,498,Wardha,DEOLI,-,-,-,-,-,-,-,-,20.72624100,78.31758000,09-12-2018 08:30,"","","","","",""
3632,WARDHA AT PULGAON RAILWAY BRIDGE PULGAON WARDHA WARDHA,CPCB,27,Maharashtra,498,Wardha,DEOLI,-,-,-,-,-,-,-,-,20.72624100,78.31758000,03-04-2019 08:30,"","","","","",""
3633,WARDHA AT PULGAON RAILWAY BRIDGE PULGAON WARDHA WARDHA,CPCB,27,Maharashtra,498,Wardha,DEOLI,-,-,-,-,-,-,-,-,20.72624100,78.31758000,05-08-2019 08:30,"","","","","",""
3634,WARDHA AT PULGAON RAILWAY BRIDGE PULGAON WARDHA WARDHA,CPCB,27,Maharashtra,498,Wardha,DEOLI,-,-,-,-,-,-,-,-,20.72624100,78.31758000,04-09-2019 08:30,"","","","","",""
3635,WARDHA AT PULGAON RAILWAY BRIDGE PULGAON WARDHA WARDHA,CPCB,27,Maharashtra,498,Wardha,DEOLI,-,-,-,-,-,-,-,-,20.72624100,78.31758000,05-10-2019 08:30,"","","","","",""
3636,WARDHA AT PULGAON RAILWAY BRIDGE PULGAON WARDHA WARDHA,CPCB,27,Maharashtra,498,Wardha,DEOLI,-,-,-,-,-,-,-,-,20.72624100,78.31758000,05-11-2019 08:30,"","","","","",""
3637,WARDHA AT PULGAON RAILWAY BRIDGE PULGAON WARDHA WARDHA,CPCB,27,Maharashtra,498,Wardha,DEOLI,-,-,-,-,-,-,-,-,20.72624100,78.31758000,02-12-2019 08:30,"","","","","",""
3638,WARDHA AT RAJURA BRIDGERAJURA CHANDRAPUR CHANDRAPUR,CPCB,27,Maharashtra,473,Chandrapur,RAJURA,-,-,-,-,-,-,-,-,19.77611000,79.35494200,06-01-2018 08:30,"","","","","",""
3639,WARDHA AT RAJURA BRIDGERAJURA CHANDRAPUR CHANDRAPUR,CPCB,27,Maharashtra,473,Chandrapur,RAJURA,-,-,-,-,-,-,-,-,19.77611000,79.35494200,03-02-2018 08:30,"","","","","",""
3640,WARDHA AT RAJURA BRIDGERAJURA CHANDRAPUR CHANDRAPUR,CPCB,27,Maharashtra,473,Chandrapur,RAJURA,-,-,-,-,-,-,-,-,19.77611000,79.35494200,06-03-2018 08:30,"","","","","",""
3641,WARDHA AT RAJURA BRIDGERAJURA CHANDRAPUR CHANDRAPUR,CPCB,27,Maharashtra,473,Chandrapur,RAJURA,-,-,-,-,-,-,-,-,19.77611000,79.35494200,05-04-2018 08:30,"","","","","",""
3642,WARDHA AT RAJURA BRIDGERAJURA CHANDRAPUR CHANDRAPUR,CPCB,27,Maharashtra,473,Chandrapur,RAJURA,-,-,-,-,-,-,-,-,19.77611000,79.35494200,05-05-2018 08:30,"","","","","",""
3643,WARDHA AT RAJURA BRIDGERAJURA CHANDRAPUR CHANDRAPUR,CPCB,27,Maharashtra,473,Chandrapur,RAJURA,-,-,-,-,-,-,-,-,19.77611000,79.35494200,07-06-2018 08:30,"","","","","",""
3644,WARDHA AT RAJURA BRIDGERAJURA CHANDRAPUR CHANDRAPUR,CPCB,27,Maharashtra,473,Chandrapur,RAJURA,-,-,-,-,-,-,-,-,19.77611000,79.35494200,04-07-2018 08:30,"","","","","",""
3645,WARDHA AT RAJURA BRIDGERAJURA CHANDRAPUR CHANDRAPUR,CPCB,27,Maharashtra,473,Chandrapur,RAJURA,-,-,-,-,-,-,-,-,19.77611000,79.35494200,04-08-2018 08:30,"","","","","",""
3646,WARDHA AT RAJURA BRIDGERAJURA CHANDRAPUR CHANDRAPUR,CPCB,27,Maharashtra,473,Chandrapur,RAJURA,-,-,-,-,-,-,-,-,19.77611000,79.35494200,05-09-2018 08:30,"","","","","",""
3647,WARDHA AT RAJURA BRIDGERAJURA CHANDRAPUR CHANDRAPUR,CPCB,27,Maharashtra,473,Chandrapur,RAJURA,-,-,-,-,-,-,-,-,19.77611000,79.35494200,08-10-2018 08:30,"","","","","",""
3648,WARDHA AT RAJURA BRIDGERAJURA CHANDRAPUR CHANDRAPUR,CPCB,27,Maharashtra,473,Chandrapur,RAJURA,-,-,-,-,-,-,-,-,19.77611000,79.35494200,03-11-2018 08:30,"","","","","",""
3649,WARDHA AT RAJURA BRIDGERAJURA CHANDRAPUR CHANDRAPUR,CPCB,27,Maharashtra,473,Chandrapur,RAJURA,-,-,-,-,-,-,-,-,19.77611000,79.35494200,05-12-2018 08:30,"","","","","",""
3650,WARDHA AT RAJURA BRIDGERAJURA CHANDRAPUR CHANDRAPUR,CPCB,27,Maharashtra,473,Chandrapur,RAJURA,-,-,-,-,-,-,-,-,19.77611000,79.35494200,04-01-2019 08:30,"","","","","",""
3651,WARDHA AT RAJURA BRIDGERAJURA CHANDRAPUR CHANDRAPUR,CPCB,27,Maharashtra,473,Chandrapur,RAJURA,-,-,-,-,-,-,-,-,19.77611000,79.35494200,05-02-2019 08:30,"","","","","",""
3652,WARDHA AT RAJURA BRIDGERAJURA CHANDRAPUR CHANDRAPUR,CPCB,27,Maharashtra,473,Chandrapur,RAJURA,-,-,-,-,-,-,-,-,19.77611000,79.35494200,06-03-2019 08:30,"","","","","",""
3653,WARDHA AT RAJURA BRIDGERAJURA CHANDRAPUR CHANDRAPUR,CPCB,27,Maharashtra,473,Chandrapur,RAJURA,-,-,-,-,-,-,-,-,19.77611000,79.35494200,01-04-2019 08:30,"","","","","",""
3654,WARDHA AT RAJURA BRIDGERAJURA CHANDRAPUR CHANDRAPUR,CPCB,27,Maharashtra,473,Chandrapur,RAJURA,-,-,-,-,-,-,-,-,19.77611000,79.35494200,06-05-2019 08:30,"","","","","",""
3655,WARDHA AT RAJURA BRIDGERAJURA CHANDRAPUR CHANDRAPUR,CPCB,27,Maharashtra,473,Chandrapur,RAJURA,-,-,-,-,-,-,-,-,19.77611000,79.35494200,06-06-2019 08:30,"","","","","",""
3656,WARDHA AT RAJURA BRIDGERAJURA CHANDRAPUR CHANDRAPUR,CPCB,27,Maharashtra,473,Chandrapur,RAJURA,-,-,-,-,-,-,-,-,19.77611000,79.35494200,07-07-2019 08:30,"","","","","",""
3657,WARDHA AT RAJURA BRIDGERAJURA CHANDRAPUR CHANDRAPUR,CPCB,27,Maharashtra,473,Chandrapur,RAJURA,-,-,-,-,-,-,-,-,19.77611000,79.35494200,08-08-2019 08:30,"","","","","",""
3658,WARDHA AT RAJURA BRIDGERAJURA CHANDRAPUR CHANDRAPUR,CPCB,27,Maharashtra,473,Chandrapur,RAJURA,-,-,-,-,-,-,-,-,19.77611000,79.35494200,06-09-2019 08:30,"","","","","",""
3659,WARDHA AT RAJURA BRIDGERAJURA CHANDRAPUR CHANDRAPUR,CPCB,27,Maharashtra,473,Chandrapur,RAJURA,-,-,-,-,-,-,-,-,19.77611000,79.35494200,03-10-2019 08:30,"","","","","",""
3660,WARDHA AT RAJURA BRIDGERAJURA CHANDRAPUR CHANDRAPUR,CPCB,27,Maharashtra,473,Chandrapur,RAJURA,-,-,-,-,-,-,-,-,19.77611000,79.35494200,05-11-2019 08:30,"","","","","",""
3661,WARDHA AT RAJURA BRIDGERAJURA CHANDRAPUR CHANDRAPUR,CPCB,27,Maharashtra,473,Chandrapur,RAJURA,-,-,-,-,-,-,-,-,19.77611000,79.35494200,02-12-2019 08:30,"","","","","",""
3662,WARDHA RIVER AT CONFLUENCE POINT OF PENGANGA & WARDHA AT JUGAD WANI YAVATMAL,CPCB,27,Maharashtra,500,Yavatmal,WANI,-,-,-,-,-,-,-,-,20.06242400,78.95645600,08-01-2018 08:30,"","","","","",""
3663,WARDHA RIVER AT CONFLUENCE POINT OF PENGANGA & WARDHA AT JUGAD WANI YAVATMAL,CPCB,27,Maharashtra,500,Yavatmal,WANI,-,-,-,-,-,-,-,-,20.06242400,78.95645600,03-02-2018 08:30,"","","","","",""
3664,WARDHA RIVER AT CONFLUENCE POINT OF PENGANGA & WARDHA AT JUGAD WANI YAVATMAL,CPCB,27,Maharashtra,500,Yavatmal,WANI,-,-,-,-,-,-,-,-,20.06242400,78.95645600,06-03-2018 08:30,"","","","","",""
3665,WARDHA RIVER AT CONFLUENCE POINT OF PENGANGA & WARDHA AT JUGAD WANI YAVATMAL,CPCB,27,Maharashtra,500,Yavatmal,WANI,-,-,-,-,-,-,-,-,20.06242400,78.95645600,04-04-2018 08:30,"","","","","",""
3666,WARDHA RIVER AT CONFLUENCE POINT OF PENGANGA & WARDHA AT JUGAD WANI YAVATMAL,CPCB,27,Maharashtra,500,Yavatmal,WANI,-,-,-,-,-,-,-,-,20.06242400,78.95645600,07-05-2018 08:30,"","","","","",""
3667,WARDHA RIVER AT CONFLUENCE POINT OF PENGANGA & WARDHA AT JUGAD WANI YAVATMAL,CPCB,27,Maharashtra,500,Yavatmal,WANI,-,-,-,-,-,-,-,-,20.06242400,78.95645600,04-06-2018 08:30,"","","","","",""
3668,WARDHA RIVER AT CONFLUENCE POINT OF PENGANGA & WARDHA AT JUGAD WANI YAVATMAL,CPCB,27,Maharashtra,500,Yavatmal,WANI,-,-,-,-,-,-,-,-,20.06242400,78.95645600,02-07-2018 08:30,"","","","","",""
3669,WARDHA RIVER AT CONFLUENCE POINT OF PENGANGA & WARDHA AT JUGAD WANI YAVATMAL,CPCB,27,Maharashtra,500,Yavatmal,WANI,-,-,-,-,-,-,-,-,20.06242400,78.95645600,04-08-2018 08:30,"","","","","",""
3670,WARDHA RIVER AT CONFLUENCE POINT OF PENGANGA & WARDHA AT JUGAD WANI YAVATMAL,CPCB,27,Maharashtra,500,Yavatmal,WANI,-,-,-,-,-,-,-,-,20.06242400,78.95645600,05-09-2018 08:30,"","","","","",""
3671,WARDHA RIVER AT CONFLUENCE POINT OF PENGANGA & WARDHA AT JUGAD WANI YAVATMAL,CPCB,27,Maharashtra,500,Yavatmal,WANI,-,-,-,-,-,-,-,-,20.06242400,78.95645600,09-10-2018 08:30,"","","","","",""
3672,WARDHA RIVER AT CONFLUENCE POINT OF PENGANGA & WARDHA AT JUGAD WANI YAVATMAL,CPCB,27,Maharashtra,500,Yavatmal,WANI,-,-,-,-,-,-,-,-,20.06242400,78.95645600,03-11-2018 08:30,"","","","","",""
3673,WARDHA RIVER AT CONFLUENCE POINT OF PENGANGA & WARDHA AT JUGAD WANI YAVATMAL,CPCB,27,Maharashtra,500,Yavatmal,WANI,-,-,-,-,-,-,-,-,20.06242400,78.95645600,04-12-2018 08:30,"","","","","",""
3674,WARDHA RIVER AT CONFLUENCE POINT OF PENGANGA & WARDHA AT JUGAD WANI YAVATMAL,CPCB,27,Maharashtra,500,Yavatmal,WANI,-,-,-,-,-,-,-,-,20.06242400,78.95645600,05-01-2019 08:30,"","","","","",""
3675,WARDHA RIVER AT CONFLUENCE POINT OF PENGANGA & WARDHA AT JUGAD WANI YAVATMAL,CPCB,27,Maharashtra,500,Yavatmal,WANI,-,-,-,-,-,-,-,-,20.06242400,78.95645600,05-02-2019 08:30,"","","","","",""
3676,WARDHA RIVER AT CONFLUENCE POINT OF PENGANGA & WARDHA AT JUGAD WANI YAVATMAL,CPCB,27,Maharashtra,500,Yavatmal,WANI,-,-,-,-,-,-,-,-,20.06242400,78.95645600,05-03-2019 08:30,"","","","","",""
3677,WARDHA RIVER AT CONFLUENCE POINT OF PENGANGA & WARDHA AT JUGAD WANI YAVATMAL,CPCB,27,Maharashtra,500,Yavatmal,WANI,-,-,-,-,-,-,-,-,20.06242400,78.95645600,02-04-2019 08:30,"","","","","",""
3678,WARDHA RIVER AT CONFLUENCE POINT OF PENGANGA & WARDHA AT JUGAD WANI YAVATMAL,CPCB,27,Maharashtra,500,Yavatmal,WANI,-,-,-,-,-,-,-,-,20.06242400,78.95645600,03-05-2019 08:30,"","","","","",""
3679,WARDHA RIVER AT CONFLUENCE POINT OF PENGANGA & WARDHA AT JUGAD WANI YAVATMAL,CPCB,27,Maharashtra,500,Yavatmal,WANI,-,-,-,-,-,-,-,-,20.06242400,78.95645600,10-07-2019 08:30,"","","","","",""
3680,WARDHA RIVER AT CONFLUENCE POINT OF PENGANGA & WARDHA AT JUGAD WANI YAVATMAL,CPCB,27,Maharashtra,500,Yavatmal,WANI,-,-,-,-,-,-,-,-,20.06242400,78.95645600,08-08-2019 08:30,"","","","","",""
3681,WARDHA RIVER AT CONFLUENCE POINT OF PENGANGA & WARDHA AT JUGAD WANI YAVATMAL,CPCB,27,Maharashtra,500,Yavatmal,WANI,-,-,-,-,-,-,-,-,20.06242400,78.95645600,06-09-2019 08:30,"","","","","",""
3682,WARDHA RIVER AT CONFLUENCE POINT OF PENGANGA & WARDHA AT JUGAD WANI YAVATMAL,CPCB,27,Maharashtra,500,Yavatmal,WANI,-,-,-,-,-,-,-,-,20.06242400,78.95645600,03-10-2019 08:30,"","","","","",""
3683,WARDHA RIVER AT CONFLUENCE POINT OF PENGANGA & WARDHA AT JUGAD WANI YAVATMAL,CPCB,27,Maharashtra,500,Yavatmal,WANI,-,-,-,-,-,-,-,-,20.06242400,78.95645600,05-11-2019 08:30,"","","","","",""
3684,WARDHA RIVER AT CONFLUENCE POINT OF PENGANGA & WARDHA AT JUGAD WANI YAVATMAL,CPCB,27,Maharashtra,500,Yavatmal,WANI,-,-,-,-,-,-,-,-,20.06242400,78.95645600,02-12-2019 08:30,"","","","","",""
3685,WARDHA RIVER AT D/S OF ERAI RIVER HADASTI CHANDRAPUR CHANDRAPUR,CPCB,27,Maharashtra,473,Chandrapur,CHANDRAPUR,-,-,-,-,-,-,-,-,19.96263200,79.27774700,06-01-2018 08:30,"","","","","",""
3686,WARDHA RIVER AT D/S OF ERAI RIVER HADASTI CHANDRAPUR CHANDRAPUR,CPCB,27,Maharashtra,473,Chandrapur,CHANDRAPUR,-,-,-,-,-,-,-,-,19.96263200,79.27774700,03-02-2018 08:30,"","","","","",""
3687,WARDHA RIVER AT D/S OF ERAI RIVER HADASTI CHANDRAPUR CHANDRAPUR,CPCB,27,Maharashtra,473,Chandrapur,CHANDRAPUR,-,-,-,-,-,-,-,-,19.96263200,79.27774700,06-03-2018 08:30,"","","","","",""
3688,WARDHA RIVER AT D/S OF ERAI RIVER HADASTI CHANDRAPUR CHANDRAPUR,CPCB,27,Maharashtra,473,Chandrapur,CHANDRAPUR,-,-,-,-,-,-,-,-,19.96263200,79.27774700,05-04-2018 08:30,"","","","","",""
3689,WARDHA RIVER AT D/S OF ERAI RIVER HADASTI CHANDRAPUR CHANDRAPUR,CPCB,27,Maharashtra,473,Chandrapur,CHANDRAPUR,-,-,-,-,-,-,-,-,19.96263200,79.27774700,05-05-2018 08:30,"","","","","",""
3690,WARDHA RIVER AT D/S OF ERAI RIVER HADASTI CHANDRAPUR CHANDRAPUR,CPCB,27,Maharashtra,473,Chandrapur,CHANDRAPUR,-,-,-,-,-,-,-,-,19.96263200,79.27774700,04-06-2018 08:30,"","","","","",""
3691,WARDHA RIVER AT D/S OF ERAI RIVER HADASTI CHANDRAPUR CHANDRAPUR,CPCB,27,Maharashtra,473,Chandrapur,CHANDRAPUR,-,-,-,-,-,-,-,-,19.96263200,79.27774700,04-07-2018 08:30,"","","","","",""
3692,WARDHA RIVER AT D/S OF ERAI RIVER HADASTI CHANDRAPUR CHANDRAPUR,CPCB,27,Maharashtra,473,Chandrapur,CHANDRAPUR,-,-,-,-,-,-,-,-,19.96263200,79.27774700,04-08-2018 08:30,"","","","","",""
3693,WARDHA RIVER AT D/S OF ERAI RIVER HADASTI CHANDRAPUR CHANDRAPUR,CPCB,27,Maharashtra,473,Chandrapur,CHANDRAPUR,-,-,-,-,-,-,-,-,19.96263200,79.27774700,05-09-2018 08:30,"","","","","",""
3694,WARDHA RIVER AT D/S OF ERAI RIVER HADASTI CHANDRAPUR CHANDRAPUR,CPCB,27,Maharashtra,473,Chandrapur,CHANDRAPUR,-,-,-,-,-,-,-,-,19.96263200,79.27774700,08-10-2018 08:30,"","","","","",""
3695,WARDHA RIVER AT D/S OF ERAI RIVER HADASTI CHANDRAPUR CHANDRAPUR,CPCB,27,Maharashtra,473,Chandrapur,CHANDRAPUR,-,-,-,-,-,-,-,-,19.96263200,79.27774700,03-11-2018 08:30,"","","","","",""
3696,WARDHA RIVER AT D/S OF ERAI RIVER HADASTI CHANDRAPUR CHANDRAPUR,CPCB,27,Maharashtra,473,Chandrapur,CHANDRAPUR,-,-,-,-,-,-,-,-,19.96263200,79.27774700,05-12-2018 08:30,"","","","","",""
3697,WARDHA RIVER AT D/S OF ERAI RIVER HADASTI CHANDRAPUR CHANDRAPUR,CPCB,27,Maharashtra,473,Chandrapur,CHANDRAPUR,-,-,-,-,-,-,-,-,19.96263200,79.27774700,04-01-2019 08:30,"","","","","",""
3698,WARDHA RIVER AT D/S OF ERAI RIVER HADASTI CHANDRAPUR CHANDRAPUR,CPCB,27,Maharashtra,473,Chandrapur,CHANDRAPUR,-,-,-,-,-,-,-,-,19.96263200,79.27774700,05-02-2019 08:30,"","","","","",""
3699,WARDHA RIVER AT D/S OF ERAI RIVER HADASTI CHANDRAPUR CHANDRAPUR,CPCB,27,Maharashtra,473,Chandrapur,CHANDRAPUR,-,-,-,-,-,-,-,-,19.96263200,79.27774700,05-03-2019 08:30,"","","","","",""
3700,WARDHA RIVER AT D/S OF ERAI RIVER HADASTI CHANDRAPUR CHANDRAPUR,CPCB,27,Maharashtra,473,Chandrapur,CHANDRAPUR,-,-,-,-,-,-,-,-,19.96263200,79.27774700,04-04-2019 08:30,"","","","","",""
3701,WARDHA RIVER AT D/S OF ERAI RIVER HADASTI CHANDRAPUR CHANDRAPUR,CPCB,27,Maharashtra,473,Chandrapur,CHANDRAPUR,-,-,-,-,-,-,-,-,19.96263200,79.27774700,06-05-2019 08:30,"","","","","",""
3702,WARDHA RIVER AT D/S OF ERAI RIVER HADASTI CHANDRAPUR CHANDRAPUR,CPCB,27,Maharashtra,473,Chandrapur,CHANDRAPUR,-,-,-,-,-,-,-,-,19.96263200,79.27774700,06-06-2019 08:30,"","","","","",""
3703,WARDHA RIVER AT D/S OF ERAI RIVER HADASTI CHANDRAPUR CHANDRAPUR,CPCB,27,Maharashtra,473,Chandrapur,CHANDRAPUR,-,-,-,-,-,-,-,-,19.96263200,79.27774700,07-07-2019 08:30,"","","","","",""
3704,WARDHA RIVER AT D/S OF ERAI RIVER HADASTI CHANDRAPUR CHANDRAPUR,CPCB,27,Maharashtra,473,Chandrapur,CHANDRAPUR,-,-,-,-,-,-,-,-,19.96263200,79.27774700,08-08-2019 08:30,"","","","","",""
3705,WARDHA RIVER AT D/S OF ERAI RIVER HADASTI CHANDRAPUR CHANDRAPUR,CPCB,27,Maharashtra,473,Chandrapur,CHANDRAPUR,-,-,-,-,-,-,-,-,19.96263200,79.27774700,06-09-2019 08:30,"","","","","",""
3706,WARDHA RIVER AT D/S OF ERAI RIVER HADASTI CHANDRAPUR CHANDRAPUR,CPCB,27,Maharashtra,473,Chandrapur,CHANDRAPUR,-,-,-,-,-,-,-,-,19.96263200,79.27774700,07-10-2019 08:30,"","","","","",""
3707,WARDHA RIVER AT D/S OF ERAI RIVER HADASTI CHANDRAPUR CHANDRAPUR,CPCB,27,Maharashtra,473,Chandrapur,CHANDRAPUR,-,-,-,-,-,-,-,-,19.96263200,79.27774700,05-11-2019 08:30,"","","","","",""
3708,WARDHA RIVER AT D/S OF ERAI RIVER HADASTI CHANDRAPUR CHANDRAPUR,CPCB,27,Maharashtra,473,Chandrapur,CHANDRAPUR,-,-,-,-,-,-,-,-,19.96263200,79.27774700,02-12-2019 08:30,"","","","","",""
3709,WARDHA RIVER AT U/S OF ACC GHUGGUS.  CHANDRAPUR CHANDRAPUR,CPCB,27,Maharashtra,500,Yavatmal,WANI,-,-,-,-,-,-,-,-,19.95602700,79.09954700,06-01-2018 08:30,"","","","","",""
3710,WARDHA RIVER AT U/S OF ACC GHUGGUS.  CHANDRAPUR CHANDRAPUR,CPCB,27,Maharashtra,500,Yavatmal,WANI,-,-,-,-,-,-,-,-,19.95602700,79.09954700,03-02-2018 08:30,"","","","","",""
3711,WARDHA RIVER AT U/S OF ACC GHUGGUS.  CHANDRAPUR CHANDRAPUR,CPCB,27,Maharashtra,500,Yavatmal,WANI,-,-,-,-,-,-,-,-,19.95602700,79.09954700,06-03-2018 08:30,"","","","","",""
3712,WARDHA RIVER AT U/S OF ACC GHUGGUS.  CHANDRAPUR CHANDRAPUR,CPCB,27,Maharashtra,500,Yavatmal,WANI,-,-,-,-,-,-,-,-,19.95602700,79.09954700,05-04-2018 08:30,"","","","","",""
3713,WARDHA RIVER AT U/S OF ACC GHUGGUS.  CHANDRAPUR CHANDRAPUR,CPCB,27,Maharashtra,500,Yavatmal,WANI,-,-,-,-,-,-,-,-,19.95602700,79.09954700,05-05-2018 08:30,"","","","","",""
3714,WARDHA RIVER AT U/S OF ACC GHUGGUS.  CHANDRAPUR CHANDRAPUR,CPCB,27,Maharashtra,500,Yavatmal,WANI,-,-,-,-,-,-,-,-,19.95602700,79.09954700,04-06-2018 08:30,"","","","","",""
3715,WARDHA RIVER AT U/S OF ACC GHUGGUS.  CHANDRAPUR CHANDRAPUR,CPCB,27,Maharashtra,500,Yavatmal,WANI,-,-,-,-,-,-,-,-,19.95602700,79.09954700,02-07-2018 08:30,"","","","","",""
3716,WARDHA RIVER AT U/S OF ACC GHUGGUS.  CHANDRAPUR CHANDRAPUR,CPCB,27,Maharashtra,500,Yavatmal,WANI,-,-,-,-,-,-,-,-,19.95602700,79.09954700,04-08-2018 08:30,"","","","","",""
3717,WARDHA RIVER AT U/S OF ACC GHUGGUS.  CHANDRAPUR CHANDRAPUR,CPCB,27,Maharashtra,500,Yavatmal,WANI,-,-,-,-,-,-,-,-,19.95602700,79.09954700,06-09-2018 08:30,"","","","","",""
3718,WARDHA RIVER AT U/S OF ACC GHUGGUS.  CHANDRAPUR CHANDRAPUR,CPCB,27,Maharashtra,500,Yavatmal,WANI,-,-,-,-,-,-,-,-,19.95602700,79.09954700,08-10-2018 08:30,"","","","","",""
3719,WARDHA RIVER AT U/S OF ACC GHUGGUS.  CHANDRAPUR CHANDRAPUR,CPCB,27,Maharashtra,500,Yavatmal,WANI,-,-,-,-,-,-,-,-,19.95602700,79.09954700,03-11-2018 08:30,"","","","","",""
3720,WARDHA RIVER AT U/S OF ACC GHUGGUS.  CHANDRAPUR CHANDRAPUR,CPCB,27,Maharashtra,500,Yavatmal,WANI,-,-,-,-,-,-,-,-,19.95602700,79.09954700,04-12-2018 08:30,"","","","","",""
3721,WARDHA RIVER AT U/S OF ACC GHUGGUS.  CHANDRAPUR CHANDRAPUR,CPCB,27,Maharashtra,500,Yavatmal,WANI,-,-,-,-,-,-,-,-,19.95602700,79.09954700,05-01-2019 08:30,"","","","","",""
3722,WARDHA RIVER AT U/S OF ACC GHUGGUS.  CHANDRAPUR CHANDRAPUR,CPCB,27,Maharashtra,500,Yavatmal,WANI,-,-,-,-,-,-,-,-,19.95602700,79.09954700,05-02-2019 08:30,"","","","","",""
3723,WARDHA RIVER AT U/S OF ACC GHUGGUS.  CHANDRAPUR CHANDRAPUR,CPCB,27,Maharashtra,500,Yavatmal,WANI,-,-,-,-,-,-,-,-,19.95602700,79.09954700,05-03-2019 08:30,"","","","","",""
3724,WARDHA RIVER AT U/S OF ACC GHUGGUS.  CHANDRAPUR CHANDRAPUR,CPCB,27,Maharashtra,500,Yavatmal,WANI,-,-,-,-,-,-,-,-,19.95602700,79.09954700,01-04-2019 08:30,"","","","","",""
3725,WARDHA RIVER AT U/S OF ACC GHUGGUS.  CHANDRAPUR CHANDRAPUR,CPCB,27,Maharashtra,500,Yavatmal,WANI,-,-,-,-,-,-,-,-,19.95602700,79.09954700,03-05-2019 08:30,"","","","","",""
3726,WARDHA RIVER AT U/S OF ACC GHUGGUS.  CHANDRAPUR CHANDRAPUR,CPCB,27,Maharashtra,500,Yavatmal,WANI,-,-,-,-,-,-,-,-,19.95602700,79.09954700,07-07-2019 08:30,"","","","","",""
3727,WARDHA RIVER AT U/S OF ACC GHUGGUS.  CHANDRAPUR CHANDRAPUR,CPCB,27,Maharashtra,500,Yavatmal,WANI,-,-,-,-,-,-,-,-,19.95602700,79.09954700,08-08-2019 08:30,"","","","","",""
3728,WARDHA RIVER AT U/S OF ACC GHUGGUS.  CHANDRAPUR CHANDRAPUR,CPCB,27,Maharashtra,500,Yavatmal,WANI,-,-,-,-,-,-,-,-,19.95602700,79.09954700,06-09-2019 08:30,"","","","","",""
3729,WARDHA RIVER AT U/S OF ACC GHUGGUS.  CHANDRAPUR CHANDRAPUR,CPCB,27,Maharashtra,500,Yavatmal,WANI,-,-,-,-,-,-,-,-,19.95602700,79.09954700,03-10-2019 08:30,"","","","","",""
3730,WARDHA RIVER AT U/S OF ACC GHUGGUS.  CHANDRAPUR CHANDRAPUR,CPCB,27,Maharashtra,500,Yavatmal,WANI,-,-,-,-,-,-,-,-,19.95602700,79.09954700,05-11-2019 08:30,"","","","","",""
3731,WARDHA RIVER AT U/S OF ACC GHUGGUS.  CHANDRAPUR CHANDRAPUR,CPCB,27,Maharashtra,500,Yavatmal,WANI,-,-,-,-,-,-,-,-,19.95602700,79.09954700,02-12-2019 08:30,"","","","","",""
3732,WARDHA RIVER AT U/S OF ERAI RIVER HADASTI CHANDRAPUR CHANDRAPUR,CPCB,27,Maharashtra,473,Chandrapur,CHANDRAPUR,-,-,-,-,-,-,-,-,19.96278300,79.27728600,06-01-2018 08:30,"","","","","",""
3733,WARDHA RIVER AT U/S OF ERAI RIVER HADASTI CHANDRAPUR CHANDRAPUR,CPCB,27,Maharashtra,473,Chandrapur,CHANDRAPUR,-,-,-,-,-,-,-,-,19.96278300,79.27728600,03-02-2018 08:30,"","","","","",""
3734,WARDHA RIVER AT U/S OF ERAI RIVER HADASTI CHANDRAPUR CHANDRAPUR,CPCB,27,Maharashtra,473,Chandrapur,CHANDRAPUR,-,-,-,-,-,-,-,-,19.96278300,79.27728600,06-03-2018 08:30,"","","","","",""
3735,WARDHA RIVER AT U/S OF ERAI RIVER HADASTI CHANDRAPUR CHANDRAPUR,CPCB,27,Maharashtra,473,Chandrapur,CHANDRAPUR,-,-,-,-,-,-,-,-,19.96278300,79.27728600,05-04-2018 08:30,"","","","","",""
3736,WARDHA RIVER AT U/S OF ERAI RIVER HADASTI CHANDRAPUR CHANDRAPUR,CPCB,27,Maharashtra,473,Chandrapur,CHANDRAPUR,-,-,-,-,-,-,-,-,19.96278300,79.27728600,05-05-2018 08:30,"","","","","",""
3737,WARDHA RIVER AT U/S OF ERAI RIVER HADASTI CHANDRAPUR CHANDRAPUR,CPCB,27,Maharashtra,473,Chandrapur,CHANDRAPUR,-,-,-,-,-,-,-,-,19.96278300,79.27728600,04-06-2018 08:30,"","","","","",""
3738,WARDHA RIVER AT U/S OF ERAI RIVER HADASTI CHANDRAPUR CHANDRAPUR,CPCB,27,Maharashtra,473,Chandrapur,CHANDRAPUR,-,-,-,-,-,-,-,-,19.96278300,79.27728600,04-07-2018 08:30,"","","","","",""
3739,WARDHA RIVER AT U/S OF ERAI RIVER HADASTI CHANDRAPUR CHANDRAPUR,CPCB,27,Maharashtra,473,Chandrapur,CHANDRAPUR,-,-,-,-,-,-,-,-,19.96278300,79.27728600,04-08-2018 08:30,"","","","","",""
3740,WARDHA RIVER AT U/S OF ERAI RIVER HADASTI CHANDRAPUR CHANDRAPUR,CPCB,27,Maharashtra,473,Chandrapur,CHANDRAPUR,-,-,-,-,-,-,-,-,19.96278300,79.27728600,05-09-2018 08:30,"","","","","",""
3741,WARDHA RIVER AT U/S OF ERAI RIVER HADASTI CHANDRAPUR CHANDRAPUR,CPCB,27,Maharashtra,473,Chandrapur,CHANDRAPUR,-,-,-,-,-,-,-,-,19.96278300,79.27728600,08-10-2018 08:30,"","","","","",""
3742,WARDHA RIVER AT U/S OF ERAI RIVER HADASTI CHANDRAPUR CHANDRAPUR,CPCB,27,Maharashtra,473,Chandrapur,CHANDRAPUR,-,-,-,-,-,-,-,-,19.96278300,79.27728600,03-11-2018 08:30,"","","","","",""
3743,WARDHA RIVER AT U/S OF ERAI RIVER HADASTI CHANDRAPUR CHANDRAPUR,CPCB,27,Maharashtra,473,Chandrapur,CHANDRAPUR,-,-,-,-,-,-,-,-,19.96278300,79.27728600,05-12-2018 08:30,"","","","","",""
3744,WARDHA RIVER AT U/S OF ERAI RIVER HADASTI CHANDRAPUR CHANDRAPUR,CPCB,27,Maharashtra,473,Chandrapur,CHANDRAPUR,-,-,-,-,-,-,-,-,19.96278300,79.27728600,04-01-2019 08:30,"","","","","",""
3745,WARDHA RIVER AT U/S OF ERAI RIVER HADASTI CHANDRAPUR CHANDRAPUR,CPCB,27,Maharashtra,473,Chandrapur,CHANDRAPUR,-,-,-,-,-,-,-,-,19.96278300,79.27728600,05-02-2019 08:30,"","","","","",""
3746,WARDHA RIVER AT U/S OF ERAI RIVER HADASTI CHANDRAPUR CHANDRAPUR,CPCB,27,Maharashtra,473,Chandrapur,CHANDRAPUR,-,-,-,-,-,-,-,-,19.96278300,79.27728600,05-03-2019 08:30,"","","","","",""
3747,WARDHA RIVER AT U/S OF ERAI RIVER HADASTI CHANDRAPUR CHANDRAPUR,CPCB,27,Maharashtra,473,Chandrapur,CHANDRAPUR,-,-,-,-,-,-,-,-,19.96278300,79.27728600,01-04-2019 08:30,"","","","","",""
3748,WARDHA RIVER AT U/S OF ERAI RIVER HADASTI CHANDRAPUR CHANDRAPUR,CPCB,27,Maharashtra,473,Chandrapur,CHANDRAPUR,-,-,-,-,-,-,-,-,19.96278300,79.27728600,06-05-2019 08:30,"","","","","",""
3749,WARDHA RIVER AT U/S OF ERAI RIVER HADASTI CHANDRAPUR CHANDRAPUR,CPCB,27,Maharashtra,473,Chandrapur,CHANDRAPUR,-,-,-,-,-,-,-,-,19.96278300,79.27728600,06-06-2019 08:30,"","","","","",""
3750,WARDHA RIVER AT U/S OF ERAI RIVER HADASTI CHANDRAPUR CHANDRAPUR,CPCB,27,Maharashtra,473,Chandrapur,CHANDRAPUR,-,-,-,-,-,-,-,-,19.96278300,79.27728600,07-07-2019 08:30,"","","","","",""
3751,WARDHA RIVER AT U/S OF ERAI RIVER HADASTI CHANDRAPUR CHANDRAPUR,CPCB,27,Maharashtra,473,Chandrapur,CHANDRAPUR,-,-,-,-,-,-,-,-,19.96278300,79.27728600,08-08-2019 08:30,"","","","","",""
3752,WARDHA RIVER AT U/S OF ERAI RIVER HADASTI CHANDRAPUR CHANDRAPUR,CPCB,27,Maharashtra,473,Chandrapur,CHANDRAPUR,-,-,-,-,-,-,-,-,19.96278300,79.27728600,06-09-2019 08:30,"","","","","",""
3753,WARDHA RIVER AT U/S OF ERAI RIVER HADASTI CHANDRAPUR CHANDRAPUR,CPCB,27,Maharashtra,473,Chandrapur,CHANDRAPUR,-,-,-,-,-,-,-,-,19.96278300,79.27728600,07-10-2019 08:30,"","","","","",""
3754,WARDHA RIVER AT U/S OF ERAI RIVER HADASTI CHANDRAPUR CHANDRAPUR,CPCB,27,Maharashtra,473,Chandrapur,CHANDRAPUR,-,-,-,-,-,-,-,-,19.96278300,79.27728600,05-11-2019 08:30,"","","","","",""
3755,WARDHA RIVER AT U/S OF ERAI RIVER HADASTI CHANDRAPUR CHANDRAPUR,CPCB,27,Maharashtra,473,Chandrapur,CHANDRAPUR,-,-,-,-,-,-,-,-,19.96278300,79.27728600,02-12-2019 08:30,"","","","","",""
3756,WARDHA RIVER D/S OF ACC GHUGGUS CHANDRAPUR CHANDRAPUR,CPCB,27,Maharashtra,473,Chandrapur,CHANDRAPUR,-,-,-,-,-,-,-,-,19.92257400,79.11395500,06-01-2018 08:30,"","","","","",""
3757,WARDHA RIVER D/S OF ACC GHUGGUS CHANDRAPUR CHANDRAPUR,CPCB,27,Maharashtra,473,Chandrapur,CHANDRAPUR,-,-,-,-,-,-,-,-,19.92257400,79.11395500,03-02-2018 08:30,"","","","","",""
3758,WARDHA RIVER D/S OF ACC GHUGGUS CHANDRAPUR CHANDRAPUR,CPCB,27,Maharashtra,473,Chandrapur,CHANDRAPUR,-,-,-,-,-,-,-,-,19.92257400,79.11395500,06-03-2018 08:30,"","","","","",""
3759,WARDHA RIVER D/S OF ACC GHUGGUS CHANDRAPUR CHANDRAPUR,CPCB,27,Maharashtra,473,Chandrapur,CHANDRAPUR,-,-,-,-,-,-,-,-,19.92257400,79.11395500,05-04-2018 08:30,"","","","","",""
3760,WARDHA RIVER D/S OF ACC GHUGGUS CHANDRAPUR CHANDRAPUR,CPCB,27,Maharashtra,473,Chandrapur,CHANDRAPUR,-,-,-,-,-,-,-,-,19.92257400,79.11395500,05-05-2018 08:30,"","","","","",""
3761,WARDHA RIVER D/S OF ACC GHUGGUS CHANDRAPUR CHANDRAPUR,CPCB,27,Maharashtra,473,Chandrapur,CHANDRAPUR,-,-,-,-,-,-,-,-,19.92257400,79.11395500,04-06-2018 08:30,"","","","","",""
3762,WARDHA RIVER D/S OF ACC GHUGGUS CHANDRAPUR CHANDRAPUR,CPCB,27,Maharashtra,473,Chandrapur,CHANDRAPUR,-,-,-,-,-,-,-,-,19.92257400,79.11395500,02-07-2018 08:30,"","","","","",""
3763,WARDHA RIVER D/S OF ACC GHUGGUS CHANDRAPUR CHANDRAPUR,CPCB,27,Maharashtra,473,Chandrapur,CHANDRAPUR,-,-,-,-,-,-,-,-,19.92257400,79.11395500,04-08-2018 08:30,"","","","","",""
3764,WARDHA RIVER D/S OF ACC GHUGGUS CHANDRAPUR CHANDRAPUR,CPCB,27,Maharashtra,473,Chandrapur,CHANDRAPUR,-,-,-,-,-,-,-,-,19.92257400,79.11395500,06-09-2018 08:30,"","","","","",""
3765,WARDHA RIVER D/S OF ACC GHUGGUS CHANDRAPUR CHANDRAPUR,CPCB,27,Maharashtra,473,Chandrapur,CHANDRAPUR,-,-,-,-,-,-,-,-,19.92257400,79.11395500,08-10-2018 08:30,"","","","","",""
3766,WARDHA RIVER D/S OF ACC GHUGGUS CHANDRAPUR CHANDRAPUR,CPCB,27,Maharashtra,473,Chandrapur,CHANDRAPUR,-,-,-,-,-,-,-,-,19.92257400,79.11395500,03-11-2018 08:30,"","","","","",""
3767,WARDHA RIVER D/S OF ACC GHUGGUS CHANDRAPUR CHANDRAPUR,CPCB,27,Maharashtra,473,Chandrapur,CHANDRAPUR,-,-,-,-,-,-,-,-,19.92257400,79.11395500,04-12-2018 08:30,"","","","","",""
3768,WARDHA RIVER D/S OF ACC GHUGGUS CHANDRAPUR CHANDRAPUR,CPCB,27,Maharashtra,473,Chandrapur,CHANDRAPUR,-,-,-,-,-,-,-,-,19.92257400,79.11395500,05-01-2019 08:30,"","","","","",""
3769,WARDHA RIVER D/S OF ACC GHUGGUS CHANDRAPUR CHANDRAPUR,CPCB,27,Maharashtra,473,Chandrapur,CHANDRAPUR,-,-,-,-,-,-,-,-,19.92257400,79.11395500,05-02-2019 08:30,"","","","","",""
3770,WARDHA RIVER D/S OF ACC GHUGGUS CHANDRAPUR CHANDRAPUR,CPCB,27,Maharashtra,473,Chandrapur,CHANDRAPUR,-,-,-,-,-,-,-,-,19.92257400,79.11395500,05-03-2019 08:30,"","","","","",""
3771,WARDHA RIVER D/S OF ACC GHUGGUS CHANDRAPUR CHANDRAPUR,CPCB,27,Maharashtra,473,Chandrapur,CHANDRAPUR,-,-,-,-,-,-,-,-,19.92257400,79.11395500,01-04-2019 08:30,"","","","","",""
3772,WARDHA RIVER D/S OF ACC GHUGGUS CHANDRAPUR CHANDRAPUR,CPCB,27,Maharashtra,473,Chandrapur,CHANDRAPUR,-,-,-,-,-,-,-,-,19.92257400,79.11395500,03-05-2019 08:30,"","","","","",""
3773,WARDHA RIVER D/S OF ACC GHUGGUS CHANDRAPUR CHANDRAPUR,CPCB,27,Maharashtra,473,Chandrapur,CHANDRAPUR,-,-,-,-,-,-,-,-,19.92257400,79.11395500,10-07-2019 08:30,"","","","","",""
3774,WARDHA RIVER D/S OF ACC GHUGGUS CHANDRAPUR CHANDRAPUR,CPCB,27,Maharashtra,473,Chandrapur,CHANDRAPUR,-,-,-,-,-,-,-,-,19.92257400,79.11395500,08-08-2019 08:30,"","","","","",""
3775,WARDHA RIVER D/S OF ACC GHUGGUS CHANDRAPUR CHANDRAPUR,CPCB,27,Maharashtra,473,Chandrapur,CHANDRAPUR,-,-,-,-,-,-,-,-,19.92257400,79.11395500,06-09-2019 08:30,"","","","","",""
3776,WARDHA RIVER D/S OF ACC GHUGGUS CHANDRAPUR CHANDRAPUR,CPCB,27,Maharashtra,473,Chandrapur,CHANDRAPUR,-,-,-,-,-,-,-,-,19.92257400,79.11395500,03-10-2019 08:30,"","","","","",""
3777,WARDHA RIVER D/S OF ACC GHUGGUS CHANDRAPUR CHANDRAPUR,CPCB,27,Maharashtra,473,Chandrapur,CHANDRAPUR,-,-,-,-,-,-,-,-,19.92257400,79.11395500,05-11-2019 08:30,"","","","","",""
3778,WARDHA RIVER D/S OF ACC GHUGGUS CHANDRAPUR CHANDRAPUR,CPCB,27,Maharashtra,473,Chandrapur,CHANDRAPUR,-,-,-,-,-,-,-,-,19.92257400,79.11395500,02-12-2019 08:30,"","","","","",""
3779,WENA RIVER AT D/S OF MOHATA MILLS NR RD BRG ON HINGANGHAT-WADNER ROAD HINGANGHAT WARDHA,CPCB,27,Maharashtra,498,Wardha,HINGANGHAT,-,-,-,-,-,-,-,-,20.54428900,78.81197800,09-01-2018 08:30,"","","","","",""
3780,WENA RIVER AT D/S OF MOHATA MILLS NR RD BRG ON HINGANGHAT-WADNER ROAD HINGANGHAT WARDHA,CPCB,27,Maharashtra,498,Wardha,HINGANGHAT,-,-,-,-,-,-,-,-,20.54428900,78.81197800,07-02-2018 08:30,"","","","","",""
3781,WENA RIVER AT D/S OF MOHATA MILLS NR RD BRG ON HINGANGHAT-WADNER ROAD HINGANGHAT WARDHA,CPCB,27,Maharashtra,498,Wardha,HINGANGHAT,-,-,-,-,-,-,-,-,20.54428900,78.81197800,07-03-2018 08:30,"","","","","",""
3782,WENA RIVER AT D/S OF MOHATA MILLS NR RD BRG ON HINGANGHAT-WADNER ROAD HINGANGHAT WARDHA,CPCB,27,Maharashtra,498,Wardha,HINGANGHAT,-,-,-,-,-,-,-,-,20.54428900,78.81197800,09-04-2018 08:30,"","","","","",""
3783,WENA RIVER AT D/S OF MOHATA MILLS NR RD BRG ON HINGANGHAT-WADNER ROAD HINGANGHAT WARDHA,CPCB,27,Maharashtra,498,Wardha,HINGANGHAT,-,-,-,-,-,-,-,-,20.54428900,78.81197800,09-07-2018 08:30,"","","","","",""
3784,WENA RIVER AT D/S OF MOHATA MILLS NR RD BRG ON HINGANGHAT-WADNER ROAD HINGANGHAT WARDHA,CPCB,27,Maharashtra,498,Wardha,HINGANGHAT,-,-,-,-,-,-,-,-,20.54428900,78.81197800,08-08-2018 08:30,"","","","","",""
3785,WENA RIVER AT D/S OF MOHATA MILLS NR RD BRG ON HINGANGHAT-WADNER ROAD HINGANGHAT WARDHA,CPCB,27,Maharashtra,498,Wardha,HINGANGHAT,-,-,-,-,-,-,-,-,20.54428900,78.81197800,06-09-2018 08:30,"","","","","",""
3786,WENA RIVER AT D/S OF MOHATA MILLS NR RD BRG ON HINGANGHAT-WADNER ROAD HINGANGHAT WARDHA,CPCB,27,Maharashtra,498,Wardha,HINGANGHAT,-,-,-,-,-,-,-,-,20.54428900,78.81197800,21-10-2018 08:30,"","","","","",""
3787,WENA RIVER AT D/S OF MOHATA MILLS NR RD BRG ON HINGANGHAT-WADNER ROAD HINGANGHAT WARDHA,CPCB,27,Maharashtra,498,Wardha,HINGANGHAT,-,-,-,-,-,-,-,-,20.54428900,78.81197800,04-11-2018 08:30,"","","","","",""
3788,WENA RIVER AT D/S OF MOHATA MILLS NR RD BRG ON HINGANGHAT-WADNER ROAD HINGANGHAT WARDHA,CPCB,27,Maharashtra,498,Wardha,HINGANGHAT,-,-,-,-,-,-,-,-,20.54428900,78.81197800,06-12-2018 08:30,"","","","","",""
3789,WENA RIVER AT D/S OF MOHATA MILLS NR RD BRG ON HINGANGHAT-WADNER ROAD HINGANGHAT WARDHA,CPCB,27,Maharashtra,498,Wardha,HINGANGHAT,-,-,-,-,-,-,-,-,20.54428900,78.81197800,04-01-2019 08:30,"","","","","",""
3790,WENA RIVER AT D/S OF MOHATA MILLS NR RD BRG ON HINGANGHAT-WADNER ROAD HINGANGHAT WARDHA,CPCB,27,Maharashtra,498,Wardha,HINGANGHAT,-,-,-,-,-,-,-,-,20.54428900,78.81197800,01-02-2019 08:30,"","","","","",""
3791,WENA RIVER AT D/S OF MOHATA MILLS NR RD BRG ON HINGANGHAT-WADNER ROAD HINGANGHAT WARDHA,CPCB,27,Maharashtra,498,Wardha,HINGANGHAT,-,-,-,-,-,-,-,-,20.54428900,78.81197800,05-03-2019 08:30,"","","","","",""
3792,WENA RIVER AT D/S OF MOHATA MILLS NR RD BRG ON HINGANGHAT-WADNER ROAD HINGANGHAT WARDHA,CPCB,27,Maharashtra,498,Wardha,HINGANGHAT,-,-,-,-,-,-,-,-,20.54428900,78.81197800,02-07-2019 08:30,"","","","","",""
3793,WENA RIVER AT D/S OF MOHATA MILLS NR RD BRG ON HINGANGHAT-WADNER ROAD HINGANGHAT WARDHA,CPCB,27,Maharashtra,498,Wardha,HINGANGHAT,-,-,-,-,-,-,-,-,20.54428900,78.81197800,03-08-2019 08:30,"","","","","",""
3794,WENA RIVER AT D/S OF MOHATA MILLS NR RD BRG ON HINGANGHAT-WADNER ROAD HINGANGHAT WARDHA,CPCB,27,Maharashtra,498,Wardha,HINGANGHAT,-,-,-,-,-,-,-,-,20.54428900,78.81197800,04-09-2019 08:30,"","","","","",""
3795,WENA RIVER AT D/S OF MOHATA MILLS NR RD BRG ON HINGANGHAT-WADNER ROAD HINGANGHAT WARDHA,CPCB,27,Maharashtra,498,Wardha,HINGANGHAT,-,-,-,-,-,-,-,-,20.54428900,78.81197800,05-10-2019 08:30,"","","","","",""
3796,WENA RIVER AT D/S OF MOHATA MILLS NR RD BRG ON HINGANGHAT-WADNER ROAD HINGANGHAT WARDHA,CPCB,27,Maharashtra,498,Wardha,HINGANGHAT,-,-,-,-,-,-,-,-,20.54428900,78.81197800,05-11-2019 08:30,"","","","","",""
3797,WENA RIVER AT D/S OF MOHATA MILLS NR RD BRG ON HINGANGHAT-WADNER ROAD HINGANGHAT WARDHA,CPCB,27,Maharashtra,498,Wardha,HINGANGHAT,-,-,-,-,-,-,-,-,20.54428900,78.81197800,06-12-2019 08:30,"","","","","",""
3798,WENA RIVER AT U/S OF MOHATA MILLS NEAR RAILWAY BRIDGE HINGANGHAT WARDHA,CPCB,27,Maharashtra,498,Wardha,HINGANGHAT,-,-,-,-,-,-,-,-,20.55530300,78.81645600,09-01-2018 08:30,"","","","","",""
3799,WENA RIVER AT U/S OF MOHATA MILLS NEAR RAILWAY BRIDGE HINGANGHAT WARDHA,CPCB,27,Maharashtra,498,Wardha,HINGANGHAT,-,-,-,-,-,-,-,-,20.55530300,78.81645600,07-02-2018 08:30,"","","","","",""
3800,WENA RIVER AT U/S OF MOHATA MILLS NEAR RAILWAY BRIDGE HINGANGHAT WARDHA,CPCB,27,Maharashtra,498,Wardha,HINGANGHAT,-,-,-,-,-,-,-,-,20.55530300,78.81645600,07-03-2018 08:30,"","","","","",""
3801,WENA RIVER AT U/S OF MOHATA MILLS NEAR RAILWAY BRIDGE HINGANGHAT WARDHA,CPCB,27,Maharashtra,498,Wardha,HINGANGHAT,-,-,-,-,-,-,-,-,20.55530300,78.81645600,09-04-2018 08:30,"","","","","",""
3802,WENA RIVER AT U/S OF MOHATA MILLS NEAR RAILWAY BRIDGE HINGANGHAT WARDHA,CPCB,27,Maharashtra,498,Wardha,HINGANGHAT,-,-,-,-,-,-,-,-,20.55530300,78.81645600,09-07-2018 08:30,"","","","","",""
3803,WENA RIVER AT U/S OF MOHATA MILLS NEAR RAILWAY BRIDGE HINGANGHAT WARDHA,CPCB,27,Maharashtra,498,Wardha,HINGANGHAT,-,-,-,-,-,-,-,-,20.55530300,78.81645600,08-08-2018 08:30,"","","","","",""
3804,WENA RIVER AT U/S OF MOHATA MILLS NEAR RAILWAY BRIDGE HINGANGHAT WARDHA,CPCB,27,Maharashtra,498,Wardha,HINGANGHAT,-,-,-,-,-,-,-,-,20.55530300,78.81645600,06-09-2018 08:30,"","","","","",""
3805,WENA RIVER AT U/S OF MOHATA MILLS NEAR RAILWAY BRIDGE HINGANGHAT WARDHA,CPCB,27,Maharashtra,498,Wardha,HINGANGHAT,-,-,-,-,-,-,-,-,20.55530300,78.81645600,21-10-2018 08:30,"","","","","",""
3806,WENA RIVER AT U/S OF MOHATA MILLS NEAR RAILWAY BRIDGE HINGANGHAT WARDHA,CPCB,27,Maharashtra,498,Wardha,HINGANGHAT,-,-,-,-,-,-,-,-,20.55530300,78.81645600,04-11-2018 08:30,"","","","","",""
3807,WENA RIVER AT U/S OF MOHATA MILLS NEAR RAILWAY BRIDGE HINGANGHAT WARDHA,CPCB,27,Maharashtra,498,Wardha,HINGANGHAT,-,-,-,-,-,-,-,-,20.55530300,78.81645600,06-12-2018 08:30,"","","","","",""
3808,WENA RIVER AT U/S OF MOHATA MILLS NEAR RAILWAY BRIDGE HINGANGHAT WARDHA,CPCB,27,Maharashtra,498,Wardha,HINGANGHAT,-,-,-,-,-,-,-,-,20.55530300,78.81645600,04-01-2019 08:30,"","","","","",""
3809,WENA RIVER AT U/S OF MOHATA MILLS NEAR RAILWAY BRIDGE HINGANGHAT WARDHA,CPCB,27,Maharashtra,498,Wardha,HINGANGHAT,-,-,-,-,-,-,-,-,20.55530300,78.81645600,01-02-2019 08:30,"","","","","",""
3810,WENA RIVER AT U/S OF MOHATA MILLS NEAR RAILWAY BRIDGE HINGANGHAT WARDHA,CPCB,27,Maharashtra,498,Wardha,HINGANGHAT,-,-,-,-,-,-,-,-,20.55530300,78.81645600,05-03-2019 08:30,"","","","","",""
3811,WENA RIVER AT U/S OF MOHATA MILLS NEAR RAILWAY BRIDGE HINGANGHAT WARDHA,CPCB,27,Maharashtra,498,Wardha,HINGANGHAT,-,-,-,-,-,-,-,-,20.55530300,78.81645600,03-04-2019 08:30,"","","","","",""
3812,WENA RIVER AT U/S OF MOHATA MILLS NEAR RAILWAY BRIDGE HINGANGHAT WARDHA,CPCB,27,Maharashtra,498,Wardha,HINGANGHAT,-,-,-,-,-,-,-,-,20.55530300,78.81645600,02-07-2019 08:30,"","","","","",""
3813,WENA RIVER AT U/S OF MOHATA MILLS NEAR RAILWAY BRIDGE HINGANGHAT WARDHA,CPCB,27,Maharashtra,498,Wardha,HINGANGHAT,-,-,-,-,-,-,-,-,20.55530300,78.81645600,03-08-2019 08:30,"","","","","",""
3814,WENA RIVER AT U/S OF MOHATA MILLS NEAR RAILWAY BRIDGE HINGANGHAT WARDHA,CPCB,27,Maharashtra,498,Wardha,HINGANGHAT,-,-,-,-,-,-,-,-,20.55530300,78.81645600,04-09-2019 08:30,"","","","","",""
3815,WENA RIVER AT U/S OF MOHATA MILLS NEAR RAILWAY BRIDGE HINGANGHAT WARDHA,CPCB,27,Maharashtra,498,Wardha,HINGANGHAT,-,-,-,-,-,-,-,-,20.55530300,78.81645600,05-10-2019 08:30,"","","","","",""
3816,WENA RIVER AT U/S OF MOHATA MILLS NEAR RAILWAY BRIDGE HINGANGHAT WARDHA,CPCB,27,Maharashtra,498,Wardha,HINGANGHAT,-,-,-,-,-,-,-,-,20.55530300,78.81645600,05-11-2019 08:30,"","","","","",""
3817,WENA RIVER AT U/S OF MOHATA MILLS NEAR RAILWAY BRIDGE HINGANGHAT WARDHA,CPCB,27,Maharashtra,498,Wardha,HINGANGHAT,-,-,-,-,-,-,-,-,20.55530300,78.81645600,06-12-2019 08:30,"","","","","",""
