SlNo,Station,Agency,State LGD Code,State,District LGD Code,District,Tehsil,Block,Village,River,Basin,Tributary,Subtributary,SubSubtributary,Local River,Latitude,Longitude,Data Acquisition Time,Electric Conductivity (μS/cm),Colour,Odour,Turbidity (NTU),Temperature (ºC),Total Solids (mg/L)
1,ABBIGERE LAKE,CPCB,29,Karnataka,525,Bangalore Urban,BANGALORE NORTH,-,-,-,-,-,-,-,-,13.07958800,77.52860300,11-01-2021 08:30,906,"","","","",""
2,ABBIGERE LAKE,CPCB,29,Karnataka,525,Bangalore Urban,BANGALORE NORTH,-,-,-,-,-,-,-,-,13.07958800,77.52860300,18-02-2021 08:30,1399,"","","","",""
3,ABBIGERE LAKE,CPCB,29,Karnataka,525,Bangalore Urban,BANGALORE NORTH,-,-,-,-,-,-,-,-,13.07958800,77.52860300,08-03-2021 08:30,688,"","","","",""
4,ABBIGERE LAKE,CPCB,29,Karnataka,525,Bangalore Urban,BANGALORE NORTH,-,-,-,-,-,-,-,-,13.07958800,77.52860300,05-04-2021 08:30,1328,"","","","",""
5,ABBIGERE LAKE,CPCB,29,Karnataka,525,Bangalore Urban,BANGALORE NORTH,-,-,-,-,-,-,-,-,13.07958800,77.52860300,27-05-2021 08:30,1045,"","","","",""
6,ABBIGERE LAKE,CPCB,29,Karnataka,525,Bangalore Urban,BANGALORE NORTH,-,-,-,-,-,-,-,-,13.07958800,77.52860300,22-06-2021 08:30,1230,"","","","",""
7,ABBIGERE LAKE,CPCB,29,Karnataka,525,Bangalore Urban,BANGALORE NORTH,-,-,-,-,-,-,-,-,13.07958800,77.52860300,26-07-2021 08:30,1256,"","","","",""
8,ABBIGERE LAKE,CPCB,29,Karnataka,525,Bangalore Urban,BANGALORE NORTH,-,-,-,-,-,-,-,-,13.07958800,77.52860300,09-08-2021 08:30,1297,"","","","",""
9,ABBIGERE LAKE,CPCB,29,Karnataka,525,Bangalore Urban,BANGALORE NORTH,-,-,-,-,-,-,-,-,13.07958800,77.52860300,07-09-2021 08:30,447,"","","","",""
10,ABBIGERE LAKE,CPCB,29,Karnataka,525,Bangalore Urban,BANGALORE NORTH,-,-,-,-,-,-,-,-,13.07958800,77.52860300,26-10-2021 08:30,301,"","","","",""
11,ABBIGERE LAKE,CPCB,29,Karnataka,525,Bangalore Urban,BANGALORE NORTH,-,-,-,-,-,-,-,-,13.07958800,77.52860300,18-11-2021 08:30,535,"","","","",""
12,ABBIGERE LAKE,CPCB,29,Karnataka,525,Bangalore Urban,BANGALORE NORTH,-,-,-,-,-,-,-,-,13.07958800,77.52860300,07-12-2021 08:30,226,"","","","",""
13,AGARAM LAKE,CPCB,29,Karnataka,525,Bangalore Urban,BANGALORE NORTH,-,-,-,-,-,-,-,-,12.95884700,77.62117100,27-01-2021 08:30,735,"","","","",""
14,AGARAM LAKE,CPCB,29,Karnataka,525,Bangalore Urban,BANGALORE NORTH,-,-,-,-,-,-,-,-,12.95884700,77.62117100,17-02-2021 08:30,781,"","","","",""
15,AGARAM LAKE,CPCB,29,Karnataka,525,Bangalore Urban,BANGALORE NORTH,-,-,-,-,-,-,-,-,12.95884700,77.62117100,03-03-2021 08:30,1046,"","","","",""
16,AGARAM LAKE,CPCB,29,Karnataka,525,Bangalore Urban,BANGALORE NORTH,-,-,-,-,-,-,-,-,12.95884700,77.62117100,05-04-2021 08:30,1252,"","","","",""
17,AGARAM LAKE,CPCB,29,Karnataka,525,Bangalore Urban,BANGALORE NORTH,-,-,-,-,-,-,-,-,12.95884700,77.62117100,19-05-2021 08:30,1268,"","","","",""
18,AGARAM LAKE,CPCB,29,Karnataka,525,Bangalore Urban,BANGALORE NORTH,-,-,-,-,-,-,-,-,12.95884700,77.62117100,03-06-2021 08:30,1175,"","","","",""
19,AGARAM LAKE,CPCB,29,Karnataka,525,Bangalore Urban,BANGALORE NORTH,-,-,-,-,-,-,-,-,12.95884700,77.62117100,12-07-2021 08:30,1012,"","","","",""
20,AGARAM LAKE,CPCB,29,Karnataka,525,Bangalore Urban,BANGALORE NORTH,-,-,-,-,-,-,-,-,12.95884700,77.62117100,05-08-2021 08:30,777,"","","","",""
21,AGARAM LAKE,CPCB,29,Karnataka,525,Bangalore Urban,BANGALORE NORTH,-,-,-,-,-,-,-,-,12.95884700,77.62117100,01-09-2021 08:30,1238,"","","","",""
22,AGARAM LAKE,CPCB,29,Karnataka,525,Bangalore Urban,BANGALORE NORTH,-,-,-,-,-,-,-,-,12.95884700,77.62117100,11-10-2021 08:30,641,"","","","",""
23,AGARAM LAKE,CPCB,29,Karnataka,525,Bangalore Urban,BANGALORE NORTH,-,-,-,-,-,-,-,-,12.95884700,77.62117100,08-11-2021 08:30,888,"","","","",""
24,AGARAM LAKE,CPCB,29,Karnataka,525,Bangalore Urban,BANGALORE NORTH,-,-,-,-,-,-,-,-,12.95884700,77.62117100,06-12-2021 08:30,324,"","","","",""
25,AGHANASHINI RIVER MARIGADDE (SIRSI),CPCB,29,Karnataka,542,Kolar,KOLAR,-,-,-,-,-,-,-,-,14.52064700,74.36938500,28-01-2021 08:30,"","","","","",""
26,AGHANASHINI RIVER MARIGADDE (SIRSI),CPCB,29,Karnataka,542,Kolar,KOLAR,-,-,-,-,-,-,-,-,14.52064700,74.36938500,09-02-2021 08:30,"","","","","",""
27,AGHANASHINI RIVER MARIGADDE (SIRSI),CPCB,29,Karnataka,542,Kolar,KOLAR,-,-,-,-,-,-,-,-,14.52064700,74.36938500,09-03-2021 08:30,"","","","","",""
28,AGHANASHINI RIVER NR BRIDGE KUMATA,CPCB,29,Karnataka,550,Uttara Kannada,KUMTA,-,-,-,-,-,-,-,-,14.52366700,74.36750000,27-01-2021 08:30,"","","","","",""
29,AGHANASHINI RIVER NR BRIDGE KUMATA,CPCB,29,Karnataka,550,Uttara Kannada,KUMTA,-,-,-,-,-,-,-,-,14.52366700,74.36750000,08-02-2021 08:30,"","","","","",""
30,AGHANASHINI RIVER NR BRIDGE KUMATA,CPCB,29,Karnataka,550,Uttara Kannada,KUMTA,-,-,-,-,-,-,-,-,14.52366700,74.36750000,10-03-2021 08:30,"","","","","",""
31,AIANAKERE TANK,CPCB,29,Karnataka,535,Davanagere,DAVANAGERE,-,-,-,-,-,-,-,-,14.79445600,75.97268200,15-01-2021 08:30,1210,"","","","",""
32,AIANAKERE TANK,CPCB,29,Karnataka,535,Davanagere,DAVANAGERE,-,-,-,-,-,-,-,-,14.79445600,75.97268200,20-02-2021 08:30,1940,"","","","",""
33,AIANAKERE TANK,CPCB,29,Karnataka,535,Davanagere,DAVANAGERE,-,-,-,-,-,-,-,-,14.79445600,75.97268200,18-03-2021 08:30,1980,"","","","",""
34,AIANAKERE TANK,CPCB,29,Karnataka,535,Davanagere,DAVANAGERE,-,-,-,-,-,-,-,-,14.79445600,75.97268200,15-06-2021 08:30,1220,"","","","",""
35,AIANAKERE TANK,CPCB,29,Karnataka,535,Davanagere,DAVANAGERE,-,-,-,-,-,-,-,-,14.79445600,75.97268200,28-07-2021 08:30,690,"","","","",""
36,AIANAKERE TANK,CPCB,29,Karnataka,535,Davanagere,DAVANAGERE,-,-,-,-,-,-,-,-,14.79445600,75.97268200,19-08-2021 08:30,654,"","","","",""
37,AIANAKERE TANK,CPCB,29,Karnataka,535,Davanagere,DAVANAGERE,-,-,-,-,-,-,-,-,14.79445600,75.97268200,20-09-2021 08:30,1270,"","","","",""
38,AIANAKERE TANK,CPCB,29,Karnataka,535,Davanagere,DAVANAGERE,-,-,-,-,-,-,-,-,14.79445600,75.97268200,30-10-2021 08:30,840,"","","","",""
39,AIANAKERE TANK,CPCB,29,Karnataka,535,Davanagere,DAVANAGERE,-,-,-,-,-,-,-,-,14.79445600,75.97268200,17-11-2021 08:30,1020,"","","","",""
40,AIANAKERE TANK,CPCB,29,Karnataka,535,Davanagere,DAVANAGERE,-,-,-,-,-,-,-,-,14.79445600,75.97268200,30-12-2021 08:30,1110,"","","","",""
41,AKRAVATHI RIVER BEFORE CONFLUENCE AT SANGAM,CPCB,29,Karnataka,526,Bangalore Rural,RAMANAGARAM,-,-,-,-,-,-,-,-,12.66861700,77.33382100,06-01-2021 08:30,"","","","","",""
42,AKRAVATHI RIVER BEFORE CONFLUENCE AT SANGAM,CPCB,29,Karnataka,526,Bangalore Rural,RAMANAGARAM,-,-,-,-,-,-,-,-,12.66861700,77.33382100,09-02-2021 08:30,"","","","","",""
43,AKRAVATHI RIVER BEFORE CONFLUENCE AT SANGAM,CPCB,29,Karnataka,526,Bangalore Rural,RAMANAGARAM,-,-,-,-,-,-,-,-,12.66861700,77.33382100,02-03-2021 08:30,"","","","","",""
44,ALLASANDRA TANK,CPCB,29,Karnataka,525,Bangalore Urban,BANGALORE NORTH,-,-,-,-,-,-,-,-,13.09059500,77.58520600,06-01-2021 08:30,448,"","","","",""
45,ALLASANDRA TANK,CPCB,29,Karnataka,525,Bangalore Urban,BANGALORE NORTH,-,-,-,-,-,-,-,-,13.09059500,77.58520600,09-02-2021 08:30,509,"","","","",""
46,ALLASANDRA TANK,CPCB,29,Karnataka,525,Bangalore Urban,BANGALORE NORTH,-,-,-,-,-,-,-,-,13.09059500,77.58520600,04-03-2021 08:30,530,"","","","",""
47,ALLASANDRA TANK,CPCB,29,Karnataka,525,Bangalore Urban,BANGALORE NORTH,-,-,-,-,-,-,-,-,13.09059500,77.58520600,06-04-2021 08:30,571,"","","","",""
48,ALLASANDRA TANK,CPCB,29,Karnataka,525,Bangalore Urban,BANGALORE NORTH,-,-,-,-,-,-,-,-,13.09059500,77.58520600,17-05-2021 08:30,1223,"","","","",""
49,ALLASANDRA TANK,CPCB,29,Karnataka,525,Bangalore Urban,BANGALORE NORTH,-,-,-,-,-,-,-,-,13.09059500,77.58520600,08-06-2021 08:30,1117,"","","","",""
50,ALLASANDRA TANK,CPCB,29,Karnataka,525,Bangalore Urban,BANGALORE NORTH,-,-,-,-,-,-,-,-,13.09059500,77.58520600,08-07-2021 08:30,582,"","","","",""
51,ALLASANDRA TANK,CPCB,29,Karnataka,525,Bangalore Urban,BANGALORE NORTH,-,-,-,-,-,-,-,-,13.09059500,77.58520600,03-08-2021 08:30,762,"","","","",""
52,ALLASANDRA TANK,CPCB,29,Karnataka,525,Bangalore Urban,BANGALORE NORTH,-,-,-,-,-,-,-,-,13.09059500,77.58520600,02-09-2021 08:30,550,"","","","",""
53,ALLASANDRA TANK,CPCB,29,Karnataka,525,Bangalore Urban,BANGALORE NORTH,-,-,-,-,-,-,-,-,13.09059500,77.58520600,11-10-2021 08:30,603,"","","","",""
54,ALLASANDRA TANK,CPCB,29,Karnataka,525,Bangalore Urban,BANGALORE NORTH,-,-,-,-,-,-,-,-,13.09059500,77.58520600,09-11-2021 08:30,764,"","","","",""
55,ALLASANDRA TANK,CPCB,29,Karnataka,525,Bangalore Urban,BANGALORE NORTH,-,-,-,-,-,-,-,-,13.09059500,77.58520600,08-12-2021 08:30,421,"","","","",""
56,ALUR KERE,CPCB,29,Karnataka,539,Hassan,ALUR,-,-,-,-,-,-,-,-,12.97929900,75.99130900,11-01-2021 08:30,678,"","","","",""
57,ALUR KERE,CPCB,29,Karnataka,539,Hassan,ALUR,-,-,-,-,-,-,-,-,12.97929900,75.99130900,18-02-2021 08:30,89,"","","","",""
58,ALUR KERE,CPCB,29,Karnataka,539,Hassan,ALUR,-,-,-,-,-,-,-,-,12.97929900,75.99130900,03-03-2021 08:30,182,"","","","",""
59,ALUR KERE,CPCB,29,Karnataka,539,Hassan,ALUR,-,-,-,-,-,-,-,-,12.97929900,75.99130900,19-04-2021 08:30,421,"","","","",""
60,ALUR KERE,CPCB,29,Karnataka,539,Hassan,ALUR,-,-,-,-,-,-,-,-,12.97929900,75.99130900,26-10-2021 08:30,149,"","","","",""
61,ALUR KERE,CPCB,29,Karnataka,539,Hassan,ALUR,-,-,-,-,-,-,-,-,12.97929900,75.99130900,18-11-2021 08:30,120,"","","","",""
62,ALUR KERE,CPCB,29,Karnataka,539,Hassan,ALUR,-,-,-,-,-,-,-,-,12.97929900,75.99130900,07-12-2021 08:30,359,"","","","",""
63,AMRUTHAHALLI LAKE,CPCB,29,Karnataka,525,Bangalore Urban,BANGALORE NORTH,-,-,-,-,-,-,-,-,13.06156300,77.59782300,06-01-2021 08:30,619,"","","","",""
64,AMRUTHAHALLI LAKE,CPCB,29,Karnataka,525,Bangalore Urban,BANGALORE NORTH,-,-,-,-,-,-,-,-,13.06156300,77.59782300,09-02-2021 08:30,788,"","","","",""
65,AMRUTHAHALLI LAKE,CPCB,29,Karnataka,525,Bangalore Urban,BANGALORE NORTH,-,-,-,-,-,-,-,-,13.06156300,77.59782300,04-03-2021 08:30,805,"","","","",""
66,AMRUTHAHALLI LAKE,CPCB,29,Karnataka,525,Bangalore Urban,BANGALORE NORTH,-,-,-,-,-,-,-,-,13.06156300,77.59782300,06-04-2021 08:30,963,"","","","",""
67,AMRUTHAHALLI LAKE,CPCB,29,Karnataka,525,Bangalore Urban,BANGALORE NORTH,-,-,-,-,-,-,-,-,13.06156300,77.59782300,17-05-2021 08:30,820,"","","","",""
68,AMRUTHAHALLI LAKE,CPCB,29,Karnataka,525,Bangalore Urban,BANGALORE NORTH,-,-,-,-,-,-,-,-,13.06156300,77.59782300,08-06-2021 08:30,715,"","","","",""
69,AMRUTHAHALLI LAKE,CPCB,29,Karnataka,525,Bangalore Urban,BANGALORE NORTH,-,-,-,-,-,-,-,-,13.06156300,77.59782300,08-07-2021 08:30,802,"","","","",""
70,AMRUTHAHALLI LAKE,CPCB,29,Karnataka,525,Bangalore Urban,BANGALORE NORTH,-,-,-,-,-,-,-,-,13.06156300,77.59782300,03-08-2021 08:30,738,"","","","",""
71,AMRUTHAHALLI LAKE,CPCB,29,Karnataka,525,Bangalore Urban,BANGALORE NORTH,-,-,-,-,-,-,-,-,13.06156300,77.59782300,02-09-2021 08:30,753,"","","","",""
72,AMRUTHAHALLI LAKE,CPCB,29,Karnataka,525,Bangalore Urban,BANGALORE NORTH,-,-,-,-,-,-,-,-,13.06156300,77.59782300,11-10-2021 08:30,911,"","","","",""
73,AMRUTHAHALLI LAKE,CPCB,29,Karnataka,525,Bangalore Urban,BANGALORE NORTH,-,-,-,-,-,-,-,-,13.06156300,77.59782300,09-11-2021 08:30,593,"","","","",""
74,AMRUTHAHALLI LAKE,CPCB,29,Karnataka,525,Bangalore Urban,BANGALORE NORTH,-,-,-,-,-,-,-,-,13.06156300,77.59782300,08-12-2021 08:30,449,"","","","",""
75,ANDHRAHALLI LAKE ANDHRAHALLI BENGALURU,CPCB,29,Karnataka,525,Bangalore Urban,BANGALORE NORTH,-,-,-,-,-,-,-,-,13.01108900,77.48633000,11-01-2021 08:30,1637,"","","","",""
76,ANDHRAHALLI LAKE ANDHRAHALLI BENGALURU,CPCB,29,Karnataka,525,Bangalore Urban,BANGALORE NORTH,-,-,-,-,-,-,-,-,13.01108900,77.48633000,08-02-2021 08:30,781,"","","","",""
77,ANDHRAHALLI LAKE ANDHRAHALLI BENGALURU,CPCB,29,Karnataka,525,Bangalore Urban,BANGALORE NORTH,-,-,-,-,-,-,-,-,13.01108900,77.48633000,03-03-2021 08:30,826,"","","","",""
78,ANDHRAHALLI LAKE ANDHRAHALLI BENGALURU,CPCB,29,Karnataka,525,Bangalore Urban,BANGALORE NORTH,-,-,-,-,-,-,-,-,13.01108900,77.48633000,15-04-2021 08:30,962,"","","","",""
79,ANDHRAHALLI LAKE ANDHRAHALLI BENGALURU,CPCB,29,Karnataka,525,Bangalore Urban,BANGALORE NORTH,-,-,-,-,-,-,-,-,13.01108900,77.48633000,27-05-2021 08:30,686,"","","","",""
80,ANDHRAHALLI LAKE ANDHRAHALLI BENGALURU,CPCB,29,Karnataka,525,Bangalore Urban,BANGALORE NORTH,-,-,-,-,-,-,-,-,13.01108900,77.48633000,22-06-2021 08:30,830,"","","","",""
81,ANDHRAHALLI LAKE ANDHRAHALLI BENGALURU,CPCB,29,Karnataka,525,Bangalore Urban,BANGALORE NORTH,-,-,-,-,-,-,-,-,13.01108900,77.48633000,26-07-2021 08:30,840,"","","","",""
82,ANDHRAHALLI LAKE ANDHRAHALLI BENGALURU,CPCB,29,Karnataka,525,Bangalore Urban,BANGALORE NORTH,-,-,-,-,-,-,-,-,13.01108900,77.48633000,11-08-2021 08:30,665,"","","","",""
83,ANDHRAHALLI LAKE ANDHRAHALLI BENGALURU,CPCB,29,Karnataka,525,Bangalore Urban,BANGALORE NORTH,-,-,-,-,-,-,-,-,13.01108900,77.48633000,08-09-2021 08:30,358,"","","","",""
84,ANDHRAHALLI LAKE ANDHRAHALLI BENGALURU,CPCB,29,Karnataka,525,Bangalore Urban,BANGALORE NORTH,-,-,-,-,-,-,-,-,13.01108900,77.48633000,11-10-2021 08:30,424,"","","","",""
85,ANDHRAHALLI LAKE ANDHRAHALLI BENGALURU,CPCB,29,Karnataka,525,Bangalore Urban,BANGALORE NORTH,-,-,-,-,-,-,-,-,13.01108900,77.48633000,24-11-2021 08:30,610,"","","","",""
86,ANDHRAHALLI LAKE ANDHRAHALLI BENGALURU,CPCB,29,Karnataka,525,Bangalore Urban,BANGALORE NORTH,-,-,-,-,-,-,-,-,13.01108900,77.48633000,15-12-2021 08:30,447,"","","","",""
87,ANEKAL DODDAKERE TANK,CPCB,29,Karnataka,542,Kolar,MALUR,-,-,-,-,-,-,-,-,13.00910400,77.93115200,20-01-2021 08:30,467,"","","","",""
88,ANEKAL DODDAKERE TANK,CPCB,29,Karnataka,542,Kolar,MALUR,-,-,-,-,-,-,-,-,13.00910400,77.93115200,09-02-2021 08:30,1774,"","","","",""
89,ANEKAL DODDAKERE TANK,CPCB,29,Karnataka,542,Kolar,MALUR,-,-,-,-,-,-,-,-,13.00910400,77.93115200,02-03-2021 08:30,414,"","","","",""
90,ANEKAL DODDAKERE TANK,CPCB,29,Karnataka,542,Kolar,MALUR,-,-,-,-,-,-,-,-,13.00910400,77.93115200,07-04-2021 08:30,1209,"","","","",""
91,ANEKAL DODDAKERE TANK,CPCB,29,Karnataka,542,Kolar,MALUR,-,-,-,-,-,-,-,-,13.00910400,77.93115200,19-05-2021 08:30,3020,"","","","",""
92,ANEKAL DODDAKERE TANK,CPCB,29,Karnataka,542,Kolar,MALUR,-,-,-,-,-,-,-,-,13.00910400,77.93115200,07-06-2021 08:30,741,"","","","",""
93,ANEKAL DODDAKERE TANK,CPCB,29,Karnataka,542,Kolar,MALUR,-,-,-,-,-,-,-,-,13.00910400,77.93115200,06-07-2021 08:30,560,"","","","",""
94,ANEKAL DODDAKERE TANK,CPCB,29,Karnataka,542,Kolar,MALUR,-,-,-,-,-,-,-,-,13.00910400,77.93115200,11-08-2021 08:30,592,"","","","",""
95,ANEKAL DODDAKERE TANK,CPCB,29,Karnataka,542,Kolar,MALUR,-,-,-,-,-,-,-,-,13.00910400,77.93115200,07-09-2021 08:30,446,"","","","",""
96,ANEKAL DODDAKERE TANK,CPCB,29,Karnataka,542,Kolar,MALUR,-,-,-,-,-,-,-,-,13.00910400,77.93115200,04-10-2021 08:30,601,"","","","",""
97,ANEKAL DODDAKERE TANK,CPCB,29,Karnataka,542,Kolar,MALUR,-,-,-,-,-,-,-,-,13.00910400,77.93115200,09-11-2021 08:30,485,"","","","",""
98,ANEKAL DODDAKERE TANK,CPCB,29,Karnataka,542,Kolar,MALUR,-,-,-,-,-,-,-,-,13.00910400,77.93115200,06-12-2021 08:30,739,"","","","",""
99,ANGOL MI TANK,CPCB,29,Karnataka,527,Belgaum,BELGAUM,-,-,-,-,-,-,-,-,15.81584200,74.50728200,29-01-2021 08:30,574,"","","","",""
100,ANGOL MI TANK,CPCB,29,Karnataka,527,Belgaum,BELGAUM,-,-,-,-,-,-,-,-,15.81584200,74.50728200,06-02-2021 08:30,580,"","","","",""
101,ANGOL MI TANK,CPCB,29,Karnataka,527,Belgaum,BELGAUM,-,-,-,-,-,-,-,-,15.81584200,74.50728200,15-03-2021 08:30,520,"","","","",""
102,ANGOL MI TANK,CPCB,29,Karnataka,527,Belgaum,BELGAUM,-,-,-,-,-,-,-,-,15.81584200,74.50728200,15-04-2021 08:30,584,"","","","",""
103,ANGOL MI TANK,CPCB,29,Karnataka,527,Belgaum,BELGAUM,-,-,-,-,-,-,-,-,15.81584200,74.50728200,18-05-2021 08:30,580,"","","","",""
104,ANGOL MI TANK,CPCB,29,Karnataka,527,Belgaum,BELGAUM,-,-,-,-,-,-,-,-,15.81584200,74.50728200,25-06-2021 08:30,448,"","","","",""
105,ANGOL MI TANK,CPCB,29,Karnataka,527,Belgaum,BELGAUM,-,-,-,-,-,-,-,-,15.81584200,74.50728200,06-07-2021 08:30,398,"","","","",""
106,ANGOL MI TANK,CPCB,29,Karnataka,527,Belgaum,BELGAUM,-,-,-,-,-,-,-,-,15.81584200,74.50728200,04-08-2021 08:30,361,"","","","",""
107,ANGOL MI TANK,CPCB,29,Karnataka,527,Belgaum,BELGAUM,-,-,-,-,-,-,-,-,15.81584200,74.50728200,20-09-2021 08:30,580,"","","","",""
108,ANGOL MI TANK,CPCB,29,Karnataka,527,Belgaum,BELGAUM,-,-,-,-,-,-,-,-,15.81584200,74.50728200,11-10-2021 08:30,510,"","","","",""
109,ANGOL MI TANK,CPCB,29,Karnataka,527,Belgaum,BELGAUM,-,-,-,-,-,-,-,-,15.81584200,74.50728200,12-11-2021 08:30,293,"","","","",""
110,ANGOL MI TANK,CPCB,29,Karnataka,527,Belgaum,BELGAUM,-,-,-,-,-,-,-,-,15.81584200,74.50728200,06-12-2021 08:30,528,"","","","",""
111,ANNAYAPPA TANK,CPCB,29,Karnataka,525,Bangalore Urban,BANGALORE NORTH,-,-,-,-,-,-,-,-,13.00701800,77.60046300,06-01-2021 08:30,173,"","","","",""
112,ANNAYAPPA TANK,CPCB,29,Karnataka,525,Bangalore Urban,BANGALORE NORTH,-,-,-,-,-,-,-,-,13.00701800,77.60046300,15-02-2021 08:30,187,"","","","",""
113,ANNAYAPPA TANK,CPCB,29,Karnataka,525,Bangalore Urban,BANGALORE NORTH,-,-,-,-,-,-,-,-,13.00701800,77.60046300,01-03-2021 08:30,220,"","","","",""
114,ANNAYAPPA TANK,CPCB,29,Karnataka,525,Bangalore Urban,BANGALORE NORTH,-,-,-,-,-,-,-,-,13.00701800,77.60046300,06-04-2021 08:30,245,"","","","",""
115,ANNAYAPPA TANK,CPCB,29,Karnataka,525,Bangalore Urban,BANGALORE NORTH,-,-,-,-,-,-,-,-,13.00701800,77.60046300,06-05-2021 08:30,493,"","","","",""
116,ANNAYAPPA TANK,CPCB,29,Karnataka,525,Bangalore Urban,BANGALORE NORTH,-,-,-,-,-,-,-,-,13.00701800,77.60046300,14-06-2021 08:30,393,"","","","",""
117,ANNAYAPPA TANK,CPCB,29,Karnataka,525,Bangalore Urban,BANGALORE NORTH,-,-,-,-,-,-,-,-,13.00701800,77.60046300,27-07-2021 08:30,394,"","","","",""
118,ANNAYAPPA TANK,CPCB,29,Karnataka,525,Bangalore Urban,BANGALORE NORTH,-,-,-,-,-,-,-,-,13.00701800,77.60046300,16-08-2021 08:30,380,"","","","",""
119,ANNAYAPPA TANK,CPCB,29,Karnataka,525,Bangalore Urban,BANGALORE NORTH,-,-,-,-,-,-,-,-,13.00701800,77.60046300,06-09-2021 08:30,267,"","","","",""
120,ANNAYAPPA TANK,CPCB,29,Karnataka,525,Bangalore Urban,BANGALORE NORTH,-,-,-,-,-,-,-,-,13.00701800,77.60046300,07-10-2021 08:30,258,"","","","",""
121,ANNAYAPPA TANK,CPCB,29,Karnataka,525,Bangalore Urban,BANGALORE NORTH,-,-,-,-,-,-,-,-,13.00701800,77.60046300,19-11-2021 08:30,323,"","","","",""
122,ANNAYAPPA TANK,CPCB,29,Karnataka,525,Bangalore Urban,BANGALORE NORTH,-,-,-,-,-,-,-,-,13.00701800,77.60046300,06-12-2021 08:30,212,"","","","",""
123,ARAKERE LAKE,CPCB,29,Karnataka,525,Bangalore Urban,BANGALORE SOUTH,-,-,-,-,-,-,-,-,12.88373000,77.59822600,27-01-2021 08:30,728,"","","","",""
124,ARAKERE LAKE,CPCB,29,Karnataka,525,Bangalore Urban,BANGALORE SOUTH,-,-,-,-,-,-,-,-,12.88373000,77.59822600,01-09-2021 08:30,706,"","","","",""
125,ARAKERE LAKE,CPCB,29,Karnataka,525,Bangalore Urban,BANGALORE SOUTH,-,-,-,-,-,-,-,-,12.88373000,77.59822600,11-10-2021 08:30,818,"","","","",""
126,ARAKERE LAKE,CPCB,29,Karnataka,525,Bangalore Urban,BANGALORE SOUTH,-,-,-,-,-,-,-,-,12.88373000,77.59822600,17-11-2021 08:30,874,"","","","",""
127,ARAKERE LAKE,CPCB,29,Karnataka,525,Bangalore Urban,BANGALORE SOUTH,-,-,-,-,-,-,-,-,12.88373000,77.59822600,06-12-2021 08:30,985,"","","","",""
128,ARKAVATHI AT D/S OF KANAKAPURA TOWN,CPCB,29,Karnataka,526,Bangalore Rural,KANAKAPURA,-,-,-,-,-,-,-,-,12.53541700,77.42479200,06-01-2021 08:30,"","","","","",""
129,ARKAVATHI AT D/S OF KANAKAPURA TOWN,CPCB,29,Karnataka,526,Bangalore Rural,KANAKAPURA,-,-,-,-,-,-,-,-,12.53541700,77.42479200,09-02-2021 08:30,"","","","","",""
130,ARKAVATHI AT D/S OF KANAKAPURA TOWN,CPCB,29,Karnataka,526,Bangalore Rural,KANAKAPURA,-,-,-,-,-,-,-,-,12.53541700,77.42479200,02-03-2021 08:30,"","","","","",""
131,ARKAVATHI AT HESARAGHATTA RESERVOIR,CPCB,29,Karnataka,525,Bangalore Urban,BANGALORE NORTH,-,-,-,-,-,-,-,-,13.14436400,77.48451100,11-01-2021 08:30,"","","","","",""
132,ARKAVATHI AT HESARAGHATTA RESERVOIR,CPCB,29,Karnataka,525,Bangalore Urban,BANGALORE NORTH,-,-,-,-,-,-,-,-,13.14436400,77.48451100,18-02-2021 08:30,"","","","","",""
133,ARKAVATHI AT HESARAGHATTA RESERVOIR,CPCB,29,Karnataka,525,Bangalore Urban,BANGALORE NORTH,-,-,-,-,-,-,-,-,13.14436400,77.48451100,03-03-2021 08:30,"","","","","",""
134,ARKAVATHI AT T.G. HALLI RESERVOIR ,CPCB,29,Karnataka,525,Bangalore Urban,BANGALORE SOUTH,-,-,-,-,-,-,-,-,12.96703900,77.33705300,04-01-2021 08:30,"","","","","",""
135,ARKAVATHI AT T.G. HALLI RESERVOIR ,CPCB,29,Karnataka,525,Bangalore Urban,BANGALORE SOUTH,-,-,-,-,-,-,-,-,12.96703900,77.33705300,02-02-2021 08:30,"","","","","",""
136,ARKAVATHI AT T.G. HALLI RESERVOIR ,CPCB,29,Karnataka,525,Bangalore Urban,BANGALORE SOUTH,-,-,-,-,-,-,-,-,12.96703900,77.33705300,04-03-2021 08:30,"","","","","",""
137,ASANGI NALLA AT ASANGI VILLAGE,CPCB,29,Karnataka,524,Bagalkote,BAGALKOT,-,-,-,-,-,-,-,-,16.50313100,75.11656900,04-01-2021 08:30,"","","","","",""
138,ASANGI NALLA AT ASANGI VILLAGE,CPCB,29,Karnataka,524,Bagalkote,BAGALKOT,-,-,-,-,-,-,-,-,16.50313100,75.11656900,01-02-2021 08:30,"","","","","",""
139,ASANGI NALLA AT ASANGI VILLAGE,CPCB,29,Karnataka,524,Bagalkote,BAGALKOT,-,-,-,-,-,-,-,-,16.50313100,75.11656900,09-03-2021 08:30,"","","","","",""
140,AVALI KERE,CPCB,29,Karnataka,540,Haveri,HIREKERUR,-,-,-,-,-,-,-,-,14.45176600,75.37984400,07-01-2021 08:30,1490,"","","","",""
141,AVALI KERE,CPCB,29,Karnataka,540,Haveri,HIREKERUR,-,-,-,-,-,-,-,-,14.45176600,75.37984400,12-02-2021 08:30,1440,"","","","",""
142,AVALI KERE,CPCB,29,Karnataka,540,Haveri,HIREKERUR,-,-,-,-,-,-,-,-,14.45176600,75.37984400,06-03-2021 08:30,1800,"","","","",""
143,AVALI KERE,CPCB,29,Karnataka,540,Haveri,HIREKERUR,-,-,-,-,-,-,-,-,14.45176600,75.37984400,03-04-2021 08:30,1900,"","","","",""
144,AVALI KERE,CPCB,29,Karnataka,540,Haveri,HIREKERUR,-,-,-,-,-,-,-,-,14.45176600,75.37984400,03-05-2021 08:30,1850,"","","","",""
145,AVALI KERE,CPCB,29,Karnataka,540,Haveri,HIREKERUR,-,-,-,-,-,-,-,-,14.45176600,75.37984400,02-06-2021 08:30,1930,"","","","",""
146,AVALI KERE,CPCB,29,Karnataka,540,Haveri,HIREKERUR,-,-,-,-,-,-,-,-,14.45176600,75.37984400,03-07-2021 08:30,1580,"","","","",""
147,AVALI KERE,CPCB,29,Karnataka,540,Haveri,HIREKERUR,-,-,-,-,-,-,-,-,14.45176600,75.37984400,02-08-2021 08:30,1540,"","","","",""
148,AVALI KERE,CPCB,29,Karnataka,540,Haveri,HIREKERUR,-,-,-,-,-,-,-,-,14.45176600,75.37984400,08-09-2021 08:30,1630,"","","","",""
149,AVALI KERE,CPCB,29,Karnataka,540,Haveri,HIREKERUR,-,-,-,-,-,-,-,-,14.45176600,75.37984400,01-10-2021 08:30,1840,"","","","",""
150,AVALI KERE,CPCB,29,Karnataka,540,Haveri,HIREKERUR,-,-,-,-,-,-,-,-,14.45176600,75.37984400,09-11-2021 08:30,990,"","","","",""
151,AVALI KERE,CPCB,29,Karnataka,540,Haveri,HIREKERUR,-,-,-,-,-,-,-,-,14.45176600,75.37984400,02-12-2021 08:30,980,"","","","",""
152,BANDEMATTA TANK,CPCB,29,Karnataka,525,Bangalore Urban,BANGALORE SOUTH,-,-,-,-,-,-,-,-,12.91657000,77.47566900,26-07-2021 08:30,385,"","","","",""
153,BANDEMATTA TANK,CPCB,29,Karnataka,525,Bangalore Urban,BANGALORE SOUTH,-,-,-,-,-,-,-,-,12.91657000,77.47566900,10-08-2021 08:30,1109,"","","","",""
154,BANDEMATTA TANK,CPCB,29,Karnataka,525,Bangalore Urban,BANGALORE SOUTH,-,-,-,-,-,-,-,-,12.91657000,77.47566900,06-09-2021 08:30,498,"","","","",""
155,BANDEMATTA TANK,CPCB,29,Karnataka,525,Bangalore Urban,BANGALORE SOUTH,-,-,-,-,-,-,-,-,12.91657000,77.47566900,11-10-2021 08:30,196,"","","","",""
156,BANDEMATTA TANK,CPCB,29,Karnataka,525,Bangalore Urban,BANGALORE SOUTH,-,-,-,-,-,-,-,-,12.91657000,77.47566900,16-11-2021 08:30,504,"","","","",""
157,BANDEMATTA TANK,CPCB,29,Karnataka,525,Bangalore Urban,BANGALORE SOUTH,-,-,-,-,-,-,-,-,12.91657000,77.47566900,07-12-2021 08:30,1268,"","","","",""
158,BASAVANAHALLIKERE TANK,CPCB,29,Karnataka,545,Mysore,MYSORE,-,-,-,-,-,-,-,-,12.31599400,76.59804500,05-01-2021 08:30,500,"","","","",""
159,BASAVANAPURA LAKE,CPCB,29,Karnataka,525,Bangalore Urban,BANGALORE SOUTH,-,-,-,-,-,-,-,-,12.84466900,77.58893900,15-01-2021 08:30,670,"","","","",""
160,BASAVANAPURA LAKE,CPCB,29,Karnataka,525,Bangalore Urban,BANGALORE SOUTH,-,-,-,-,-,-,-,-,12.84466900,77.58893900,09-02-2021 08:30,683,"","","","",""
161,BASAVANAPURA LAKE,CPCB,29,Karnataka,525,Bangalore Urban,BANGALORE SOUTH,-,-,-,-,-,-,-,-,12.84466900,77.58893900,03-03-2021 08:30,209,"","","","",""
162,BASAVANAPURA LAKE,CPCB,29,Karnataka,525,Bangalore Urban,BANGALORE SOUTH,-,-,-,-,-,-,-,-,12.84466900,77.58893900,05-04-2021 08:30,668,"","","","",""
163,BASAVANAPURA LAKE,CPCB,29,Karnataka,525,Bangalore Urban,BANGALORE SOUTH,-,-,-,-,-,-,-,-,12.84466900,77.58893900,19-05-2021 08:30,465,"","","","",""
164,BASAVANAPURA LAKE,CPCB,29,Karnataka,525,Bangalore Urban,BANGALORE SOUTH,-,-,-,-,-,-,-,-,12.84466900,77.58893900,03-06-2021 08:30,1194,"","","","",""
165,BASAVANAPURA LAKE,CPCB,29,Karnataka,525,Bangalore Urban,BANGALORE SOUTH,-,-,-,-,-,-,-,-,12.84466900,77.58893900,11-10-2021 08:30,650,"","","","",""
166,BASAVANAPURA LAKE,CPCB,29,Karnataka,525,Bangalore Urban,BANGALORE SOUTH,-,-,-,-,-,-,-,-,12.84466900,77.58893900,06-12-2021 08:30,784,"","","","",""
167,BATTARAHALLI LAKE,CPCB,29,Karnataka,525,Bangalore Urban,BANGALORE EAST,-,-,-,-,-,-,-,-,13.02451300,77.70891100,06-01-2021 08:30,815,"","","","",""
168,BATTARAHALLI LAKE,CPCB,29,Karnataka,525,Bangalore Urban,BANGALORE EAST,-,-,-,-,-,-,-,-,13.02451300,77.70891100,01-02-2021 08:30,801,"","","","",""
169,BATTARAHALLI LAKE,CPCB,29,Karnataka,525,Bangalore Urban,BANGALORE EAST,-,-,-,-,-,-,-,-,13.02451300,77.70891100,24-03-2021 08:30,875,"","","","",""
170,BATTARAHALLI LAKE,CPCB,29,Karnataka,525,Bangalore Urban,BANGALORE EAST,-,-,-,-,-,-,-,-,13.02451300,77.70891100,08-04-2021 08:30,774,"","","","",""
171,BATTARAHALLI LAKE,CPCB,29,Karnataka,525,Bangalore Urban,BANGALORE EAST,-,-,-,-,-,-,-,-,13.02451300,77.70891100,05-05-2021 08:30,949,"","","","",""
172,BATTARAHALLI LAKE,CPCB,29,Karnataka,525,Bangalore Urban,BANGALORE EAST,-,-,-,-,-,-,-,-,13.02451300,77.70891100,08-06-2021 08:30,914,"","","","",""
173,BATTARAHALLI LAKE,CPCB,29,Karnataka,525,Bangalore Urban,BANGALORE EAST,-,-,-,-,-,-,-,-,13.02451300,77.70891100,27-07-2021 08:30,922,"","","","",""
174,BATTARAHALLI LAKE,CPCB,29,Karnataka,525,Bangalore Urban,BANGALORE EAST,-,-,-,-,-,-,-,-,13.02451300,77.70891100,24-08-2021 08:30,908,"","","","",""
175,BATTARAHALLI LAKE,CPCB,29,Karnataka,525,Bangalore Urban,BANGALORE EAST,-,-,-,-,-,-,-,-,13.02451300,77.70891100,14-09-2021 08:30,806,"","","","",""
176,BATTARAHALLI LAKE,CPCB,29,Karnataka,525,Bangalore Urban,BANGALORE EAST,-,-,-,-,-,-,-,-,13.02451300,77.70891100,05-10-2021 08:30,788,"","","","",""
177,BATTARAHALLI LAKE,CPCB,29,Karnataka,525,Bangalore Urban,BANGALORE EAST,-,-,-,-,-,-,-,-,13.02451300,77.70891100,10-11-2021 08:30,720,"","","","",""
178,BATTARAHALLI LAKE,CPCB,29,Karnataka,525,Bangalore Urban,BANGALORE EAST,-,-,-,-,-,-,-,-,13.02451300,77.70891100,13-12-2021 08:30,706,"","","","",""
179,BEENNIGANAHALLI TANK,CPCB,29,Karnataka,525,Bangalore Urban,BANGALORE EAST,-,-,-,-,-,-,-,-,12.99602200,77.66519800,15-01-2021 08:30,333,"","","","",""
180,BEENNIGANAHALLI TANK,CPCB,29,Karnataka,525,Bangalore Urban,BANGALORE EAST,-,-,-,-,-,-,-,-,12.99602200,77.66519800,04-02-2021 08:30,304,"","","","",""
181,BEENNIGANAHALLI TANK,CPCB,29,Karnataka,525,Bangalore Urban,BANGALORE EAST,-,-,-,-,-,-,-,-,12.99602200,77.66519800,24-03-2021 08:30,1079,"","","","",""
182,BEENNIGANAHALLI TANK,CPCB,29,Karnataka,525,Bangalore Urban,BANGALORE EAST,-,-,-,-,-,-,-,-,12.99602200,77.66519800,08-04-2021 08:30,424,"","","","",""
183,BEENNIGANAHALLI TANK,CPCB,29,Karnataka,525,Bangalore Urban,BANGALORE EAST,-,-,-,-,-,-,-,-,12.99602200,77.66519800,05-05-2021 08:30,392,"","","","",""
184,BEENNIGANAHALLI TANK,CPCB,29,Karnataka,525,Bangalore Urban,BANGALORE EAST,-,-,-,-,-,-,-,-,12.99602200,77.66519800,08-06-2021 08:30,357,"","","","",""
185,BEENNIGANAHALLI TANK,CPCB,29,Karnataka,525,Bangalore Urban,BANGALORE EAST,-,-,-,-,-,-,-,-,12.99602200,77.66519800,14-07-2021 08:30,364,"","","","",""
186,BEENNIGANAHALLI TANK,CPCB,29,Karnataka,525,Bangalore Urban,BANGALORE EAST,-,-,-,-,-,-,-,-,12.99602200,77.66519800,09-08-2021 08:30,357,"","","","",""
187,BEENNIGANAHALLI TANK,CPCB,29,Karnataka,525,Bangalore Urban,BANGALORE EAST,-,-,-,-,-,-,-,-,12.99602200,77.66519800,14-09-2021 08:30,336,"","","","",""
188,BEENNIGANAHALLI TANK,CPCB,29,Karnataka,525,Bangalore Urban,BANGALORE EAST,-,-,-,-,-,-,-,-,12.99602200,77.66519800,05-10-2021 08:30,325,"","","","",""
189,BEENNIGANAHALLI TANK,CPCB,29,Karnataka,525,Bangalore Urban,BANGALORE EAST,-,-,-,-,-,-,-,-,12.99602200,77.66519800,10-11-2021 08:30,422,"","","","",""
190,BEENNIGANAHALLI TANK,CPCB,29,Karnataka,525,Bangalore Urban,BANGALORE EAST,-,-,-,-,-,-,-,-,12.99602200,77.66519800,17-12-2021 08:30,685,"","","","",""
191,BEGUR TANK,CPCB,29,Karnataka,525,Bangalore Urban,BANGALORE SOUTH,-,-,-,-,-,-,-,-,12.87511400,77.62879800,27-01-2021 08:30,1191,"","","","",""
192,BEGUR TANK,CPCB,29,Karnataka,525,Bangalore Urban,BANGALORE SOUTH,-,-,-,-,-,-,-,-,12.87511400,77.62879800,17-02-2021 08:30,426,"","","","",""
193,BEGUR TANK,CPCB,29,Karnataka,525,Bangalore Urban,BANGALORE SOUTH,-,-,-,-,-,-,-,-,12.87511400,77.62879800,03-03-2021 08:30,458,"","","","",""
194,BEGUR TANK,CPCB,29,Karnataka,525,Bangalore Urban,BANGALORE SOUTH,-,-,-,-,-,-,-,-,12.87511400,77.62879800,05-04-2021 08:30,1259,"","","","",""
195,BEGUR TANK,CPCB,29,Karnataka,525,Bangalore Urban,BANGALORE SOUTH,-,-,-,-,-,-,-,-,12.87511400,77.62879800,19-05-2021 08:30,1338,"","","","",""
196,BEGUR TANK,CPCB,29,Karnataka,525,Bangalore Urban,BANGALORE SOUTH,-,-,-,-,-,-,-,-,12.87511400,77.62879800,03-06-2021 08:30,1186,"","","","",""
197,BEGUR TANK,CPCB,29,Karnataka,525,Bangalore Urban,BANGALORE SOUTH,-,-,-,-,-,-,-,-,12.87511400,77.62879800,12-07-2021 08:30,541,"","","","",""
198,BEGUR TANK,CPCB,29,Karnataka,525,Bangalore Urban,BANGALORE SOUTH,-,-,-,-,-,-,-,-,12.87511400,77.62879800,05-08-2021 08:30,1444,"","","","",""
199,BEGUR TANK,CPCB,29,Karnataka,525,Bangalore Urban,BANGALORE SOUTH,-,-,-,-,-,-,-,-,12.87511400,77.62879800,01-09-2021 08:30,486,"","","","",""
200,BEGUR TANK,CPCB,29,Karnataka,525,Bangalore Urban,BANGALORE SOUTH,-,-,-,-,-,-,-,-,12.87511400,77.62879800,11-10-2021 08:30,953,"","","","",""
201,BEGUR TANK,CPCB,29,Karnataka,525,Bangalore Urban,BANGALORE SOUTH,-,-,-,-,-,-,-,-,12.87511400,77.62879800,08-11-2021 08:30,902,"","","","",""
202,BEGUR TANK,CPCB,29,Karnataka,525,Bangalore Urban,BANGALORE SOUTH,-,-,-,-,-,-,-,-,12.87511400,77.62879800,06-12-2021 08:30,627,"","","","",""
203,BELLANDUR LAKE,CPCB,29,Karnataka,525,Bangalore Urban,BANGALORE EAST,-,-,-,-,-,-,-,-,12.93590300,77.67007200,27-01-2021 08:30,1044,"","","","",""
204,BELLANDUR LAKE,CPCB,29,Karnataka,525,Bangalore Urban,BANGALORE EAST,-,-,-,-,-,-,-,-,12.93590300,77.67007200,17-02-2021 08:30,1035,"","","","",""
205,BELLANDUR LAKE,CPCB,29,Karnataka,525,Bangalore Urban,BANGALORE EAST,-,-,-,-,-,-,-,-,12.93590300,77.67007200,03-03-2021 08:30,1187,"","","","",""
206,BELLANDUR LAKE,CPCB,29,Karnataka,525,Bangalore Urban,BANGALORE EAST,-,-,-,-,-,-,-,-,12.93590300,77.67007200,06-12-2021 08:30,1187,"","","","",""
207,BENNIOTHORA DAM KURKOTA VILLAGE,CPCB,29,Karnataka,538,Kalaburagi,CHITAPUR,-,-,-,-,-,-,-,-,17.43810600,77.00173000,11-01-2021 08:30,"","","","","",""
208,BENNIOTHORA DAM KURKOTA VILLAGE,CPCB,29,Karnataka,538,Kalaburagi,CHITAPUR,-,-,-,-,-,-,-,-,17.43810600,77.00173000,04-02-2021 08:30,"","","","","",""
209,BENNIOTHORA DAM KURKOTA VILLAGE,CPCB,29,Karnataka,538,Kalaburagi,CHITAPUR,-,-,-,-,-,-,-,-,17.43810600,77.00173000,08-03-2021 08:30,"","","","","",""
210,BHADRA AT D/S OF BHADRAVATHI,CPCB,29,Karnataka,547,Shivamogga,BHADRAVATI,-,-,-,-,-,-,-,-,13.83227200,75.71316400,12-01-2021 08:30,"","","","","",""
211,BHADRA AT D/S OF BHADRAVATHI,CPCB,29,Karnataka,547,Shivamogga,BHADRAVATI,-,-,-,-,-,-,-,-,13.83227200,75.71316400,16-02-2021 08:30,"","","","","",""
212,BHADRA AT D/S OF BHADRAVATHI,CPCB,29,Karnataka,547,Shivamogga,BHADRAVATI,-,-,-,-,-,-,-,-,13.83227200,75.71316400,16-03-2021 08:30,"","","","","",""
213,BHADRA AT D/S OF KIOCL ROAD BRIDGE NEAR HOLEHUNNUR,CPCB,29,Karnataka,547,Shivamogga,BHADRAVATI,-,-,-,-,-,-,-,-,13.98931100,75.68373600,12-01-2021 08:30,"","","","","",""
214,BHADRA AT D/S OF KIOCL ROAD BRIDGE NEAR HOLEHUNNUR,CPCB,29,Karnataka,547,Shivamogga,BHADRAVATI,-,-,-,-,-,-,-,-,13.98931100,75.68373600,16-02-2021 08:30,"","","","","",""
215,BHADRA AT D/S OF KIOCL ROAD BRIDGE NEAR HOLEHUNNUR,CPCB,29,Karnataka,547,Shivamogga,BHADRAVATI,-,-,-,-,-,-,-,-,13.98931100,75.68373600,16-03-2021 08:30,"","","","","",""
216,BHADRA AT MALLESWARAM D/S OF KIOCL,CPCB,29,Karnataka,525,Bangalore Urban,BANGALORE NORTH,-,-,-,-,-,-,-,-,13.00312500,77.56530600,16-01-2021 08:30,"","","","","",""
217,BHADRA AT MALLESWARAM D/S OF KIOCL,CPCB,29,Karnataka,525,Bangalore Urban,BANGALORE NORTH,-,-,-,-,-,-,-,-,13.00312500,77.56530600,11-02-2021 08:30,"","","","","",""
218,BHADRA AT MALLESWARAM D/S OF KIOCL,CPCB,29,Karnataka,525,Bangalore Urban,BANGALORE NORTH,-,-,-,-,-,-,-,-,13.00312500,77.56530600,09-03-2021 08:30,"","","","","",""
219,BHADRA AT U/S OF KIOCL,CPCB,29,Karnataka,532,Chikkamagaluru,MUDIGERE,-,-,-,-,-,-,-,-,13.21275300,75.23421700,16-01-2021 08:30,"","","","","",""
220,BHADRA AT U/S OF KIOCL,CPCB,29,Karnataka,532,Chikkamagaluru,MUDIGERE,-,-,-,-,-,-,-,-,13.21275300,75.23421700,11-02-2021 08:30,"","","","","",""
221,BHADRA AT U/S OF KIOCL,CPCB,29,Karnataka,532,Chikkamagaluru,MUDIGERE,-,-,-,-,-,-,-,-,13.21275300,75.23421700,09-03-2021 08:30,"","","","","",""
222,BHADRA AT U/S OF MPM,CPCB,29,Karnataka,547,Shivamogga,BHADRAVATI,-,-,-,-,-,-,-,-,13.81264700,75.71631900,12-01-2021 08:30,"","","","","",""
223,BHADRA AT U/S OF MPM,CPCB,29,Karnataka,547,Shivamogga,BHADRAVATI,-,-,-,-,-,-,-,-,13.81264700,75.71631900,16-02-2021 08:30,"","","","","",""
224,BHADRA AT U/S OF MPM,CPCB,29,Karnataka,547,Shivamogga,BHADRAVATI,-,-,-,-,-,-,-,-,13.81264700,75.71631900,16-03-2021 08:30,"","","","","",""
225,BHADRA RIVER D/S MPM BHADRAWATI SHIVAMOGGA DIST,CPCB,29,Karnataka,547,Shivamogga,BHADRAVATI,-,-,-,-,-,-,-,-,13.84524700,75.70446700,12-01-2021 08:30,"","","","","",""
226,BHADRA RIVER D/S MPM BHADRAWATI SHIVAMOGGA DIST,CPCB,29,Karnataka,547,Shivamogga,BHADRAVATI,-,-,-,-,-,-,-,-,13.84524700,75.70446700,16-02-2021 08:30,"","","","","",""
227,BHADRA RIVER D/S MPM BHADRAWATI SHIVAMOGGA DIST,CPCB,29,Karnataka,547,Shivamogga,BHADRAVATI,-,-,-,-,-,-,-,-,13.84524700,75.70446700,16-03-2021 08:30,"","","","","",""
228,BHATHIKERE TANK,CPCB,29,Karnataka,535,Davanagere,DAVANAGERE,-,-,-,-,-,-,-,-,14.47251700,75.87437300,06-01-2021 08:30,740,"","","","",""
229,BHATHIKERE TANK,CPCB,29,Karnataka,535,Davanagere,DAVANAGERE,-,-,-,-,-,-,-,-,14.47251700,75.87437300,09-02-2021 08:30,830,"","","","",""
230,BHATHIKERE TANK,CPCB,29,Karnataka,535,Davanagere,DAVANAGERE,-,-,-,-,-,-,-,-,14.47251700,75.87437300,08-03-2021 08:30,435,"","","","",""
231,BHATHIKERE TANK,CPCB,29,Karnataka,535,Davanagere,DAVANAGERE,-,-,-,-,-,-,-,-,14.47251700,75.87437300,05-04-2021 08:30,710,"","","","",""
232,BHATHIKERE TANK,CPCB,29,Karnataka,535,Davanagere,DAVANAGERE,-,-,-,-,-,-,-,-,14.47251700,75.87437300,13-05-2021 08:30,450,"","","","",""
233,BHATHIKERE TANK,CPCB,29,Karnataka,535,Davanagere,DAVANAGERE,-,-,-,-,-,-,-,-,14.47251700,75.87437300,11-06-2021 08:30,600,"","","","",""
234,BHATHIKERE TANK,CPCB,29,Karnataka,535,Davanagere,DAVANAGERE,-,-,-,-,-,-,-,-,14.47251700,75.87437300,13-07-2021 08:30,890,"","","","",""
235,BHATHIKERE TANK,CPCB,29,Karnataka,535,Davanagere,DAVANAGERE,-,-,-,-,-,-,-,-,14.47251700,75.87437300,21-08-2021 08:30,360,"","","","",""
236,BHATHIKERE TANK,CPCB,29,Karnataka,535,Davanagere,DAVANAGERE,-,-,-,-,-,-,-,-,14.47251700,75.87437300,03-09-2021 08:30,360,"","","","",""
237,BHATHIKERE TANK,CPCB,29,Karnataka,535,Davanagere,DAVANAGERE,-,-,-,-,-,-,-,-,14.47251700,75.87437300,04-10-2021 08:30,310,"","","","",""
238,BHATHIKERE TANK,CPCB,29,Karnataka,535,Davanagere,DAVANAGERE,-,-,-,-,-,-,-,-,14.47251700,75.87437300,23-11-2021 08:30,260,"","","","",""
239,BHATHIKERE TANK,CPCB,29,Karnataka,535,Davanagere,DAVANAGERE,-,-,-,-,-,-,-,-,14.47251700,75.87437300,22-12-2021 08:30,780,"","","","",""
240,BHEEMSANDRA TANK,CPCB,29,Karnataka,548,Tumkur,TUMKUR,-,-,-,-,-,-,-,-,13.34107500,77.06965500,02-01-2021 08:30,1870,"","","","",""
241,BHEEMSANDRA TANK,CPCB,29,Karnataka,548,Tumkur,TUMKUR,-,-,-,-,-,-,-,-,13.34107500,77.06965500,04-02-2021 08:30,1439,"","","","",""
242,BHEEMSANDRA TANK,CPCB,29,Karnataka,548,Tumkur,TUMKUR,-,-,-,-,-,-,-,-,13.34107500,77.06965500,08-03-2021 08:30,1234,"","","","",""
243,BHEEMSANDRA TANK,CPCB,29,Karnataka,548,Tumkur,TUMKUR,-,-,-,-,-,-,-,-,13.34107500,77.06965500,01-04-2021 08:30,1539,"","","","",""
244,BHEEMSANDRA TANK,CPCB,29,Karnataka,548,Tumkur,TUMKUR,-,-,-,-,-,-,-,-,13.34107500,77.06965500,04-05-2021 08:30,812,"","","","",""
245,BHEEMSANDRA TANK,CPCB,29,Karnataka,548,Tumkur,TUMKUR,-,-,-,-,-,-,-,-,13.34107500,77.06965500,07-06-2021 08:30,858,"","","","",""
246,BHEEMSANDRA TANK,CPCB,29,Karnataka,548,Tumkur,TUMKUR,-,-,-,-,-,-,-,-,13.34107500,77.06965500,02-07-2021 08:30,1097,"","","","",""
247,BHEEMSANDRA TANK,CPCB,29,Karnataka,548,Tumkur,TUMKUR,-,-,-,-,-,-,-,-,13.34107500,77.06965500,04-08-2021 08:30,740,"","","","",""
248,BHEEMSANDRA TANK,CPCB,29,Karnataka,548,Tumkur,TUMKUR,-,-,-,-,-,-,-,-,13.34107500,77.06965500,06-09-2021 08:30,1024,"","","","",""
249,BHEEMSANDRA TANK,CPCB,29,Karnataka,548,Tumkur,TUMKUR,-,-,-,-,-,-,-,-,13.34107500,77.06965500,26-10-2021 08:30,790,"","","","",""
250,BHEEMSANDRA TANK,CPCB,29,Karnataka,548,Tumkur,TUMKUR,-,-,-,-,-,-,-,-,13.34107500,77.06965500,09-11-2021 08:30,1034,"","","","",""
251,BHEEMSANDRA TANK,CPCB,29,Karnataka,548,Tumkur,TUMKUR,-,-,-,-,-,-,-,-,13.34107500,77.06965500,03-12-2021 08:30,857,"","","","",""
252,BHIMA AT D/S OF BDG. NEAR YADGIR,CPCB,29,Karnataka,538,Kalaburagi,SHAHPUR,-,-,-,-,-,-,-,-,16.73410000,77.13074400,12-01-2021 08:30,"","","","","",""
253,BHIMA AT D/S OF BDG. NEAR YADGIR,CPCB,29,Karnataka,538,Kalaburagi,SHAHPUR,-,-,-,-,-,-,-,-,16.73410000,77.13074400,23-02-2021 08:30,"","","","","",""
254,BHIMA AT D/S OF BDG. NEAR YADGIR,CPCB,29,Karnataka,538,Kalaburagi,SHAHPUR,-,-,-,-,-,-,-,-,16.73410000,77.13074400,25-03-2021 08:30,"","","","","",""
255,BHIMA AT D/S OF ROAD BRIDGE AT GANGAPUR VILLAGE,CPCB,29,Karnataka,538,Kalaburagi,AFZALPUR,-,-,-,-,-,-,-,-,17.17921900,76.56660300,11-01-2021 08:30,"","","","","",""
256,BHIMA AT D/S OF ROAD BRIDGE AT GANGAPUR VILLAGE,CPCB,29,Karnataka,538,Kalaburagi,AFZALPUR,-,-,-,-,-,-,-,-,17.17921900,76.56660300,04-02-2021 08:30,"","","","","",""
257,BHIMA AT D/S OF ROAD BRIDGE AT GANGAPUR VILLAGE,CPCB,29,Karnataka,538,Kalaburagi,AFZALPUR,-,-,-,-,-,-,-,-,17.17921900,76.56660300,08-03-2021 08:30,"","","","","",""
258,BHIMA AT FEROZABAD VILLAGE (D/S),CPCB,29,Karnataka,538,Kalaburagi,JEVARGI,-,-,-,-,-,-,-,-,17.06932800,76.79428300,11-01-2021 08:30,"","","","","",""
259,BHIMA AT FEROZABAD VILLAGE (D/S),CPCB,29,Karnataka,538,Kalaburagi,JEVARGI,-,-,-,-,-,-,-,-,17.06932800,76.79428300,04-02-2021 08:30,"","","","","",""
260,BHIMA AT FEROZABAD VILLAGE (D/S),CPCB,29,Karnataka,538,Kalaburagi,JEVARGI,-,-,-,-,-,-,-,-,17.06932800,76.79428300,08-03-2021 08:30,"","","","","",""
261,BHIMA AT GANGAPUR (BANGALORE),CPCB,29,Karnataka,538,Kalaburagi,CHITAPUR,-,-,-,-,-,-,-,-,17.16977300,76.93549700,04-02-2021 08:30,"","","","","",""
262,BHIMA RIVER AT CONFLUENCE OF JEWARGI TOWN SEWAGE DISPOSAL POINT,CPCB,29,Karnataka,538,Kalaburagi,JEVARGI,-,-,-,-,-,-,-,-,17.04348100,76.81447800,11-01-2021 08:30,"","","","","",""
263,BHIMA RIVER AT CONFLUENCE OF JEWARGI TOWN SEWAGE DISPOSAL POINT,CPCB,29,Karnataka,538,Kalaburagi,JEVARGI,-,-,-,-,-,-,-,-,17.04348100,76.81447800,04-02-2021 08:30,"","","","","",""
264,BHIMA RIVER AT CONFLUENCE OF JEWARGI TOWN SEWAGE DISPOSAL POINT,CPCB,29,Karnataka,538,Kalaburagi,JEVARGI,-,-,-,-,-,-,-,-,17.04348100,76.81447800,08-03-2021 08:30,"","","","","",""
265,BHUTANALA LAKE,CPCB,29,Karnataka,530,Bijapur,BIJAPUR,-,-,-,-,-,-,-,-,16.88688800,75.71369100,04-01-2021 08:30,949,"","","","",""
266,BHUTANALA LAKE,CPCB,29,Karnataka,530,Bijapur,BIJAPUR,-,-,-,-,-,-,-,-,16.88688800,75.71369100,01-02-2021 08:30,710,"","","","",""
267,BHUTANALA LAKE,CPCB,29,Karnataka,530,Bijapur,BIJAPUR,-,-,-,-,-,-,-,-,16.88688800,75.71369100,09-03-2021 08:30,1030,"","","","",""
268,BHUTANALA LAKE,CPCB,29,Karnataka,530,Bijapur,BIJAPUR,-,-,-,-,-,-,-,-,16.88688800,75.71369100,19-04-2021 08:30,1068,"","","","",""
269,BHUTANALA LAKE,CPCB,29,Karnataka,530,Bijapur,BIJAPUR,-,-,-,-,-,-,-,-,16.88688800,75.71369100,17-05-2021 08:30,1070,"","","","",""
270,BHUTANALA LAKE,CPCB,29,Karnataka,530,Bijapur,BIJAPUR,-,-,-,-,-,-,-,-,16.88688800,75.71369100,10-06-2021 08:30,1340,"","","","",""
271,BHUTANALA LAKE,CPCB,29,Karnataka,530,Bijapur,BIJAPUR,-,-,-,-,-,-,-,-,16.88688800,75.71369100,16-07-2021 08:30,890,"","","","",""
272,BHUTANALA LAKE,CPCB,29,Karnataka,530,Bijapur,BIJAPUR,-,-,-,-,-,-,-,-,16.88688800,75.71369100,12-08-2021 08:30,840,"","","","",""
273,BHUTANALA LAKE,CPCB,29,Karnataka,530,Bijapur,BIJAPUR,-,-,-,-,-,-,-,-,16.88688800,75.71369100,23-09-2021 08:30,940,"","","","",""
274,BHUTANALA LAKE,CPCB,29,Karnataka,530,Bijapur,BIJAPUR,-,-,-,-,-,-,-,-,16.88688800,75.71369100,11-10-2021 08:30,708,"","","","",""
275,BHUTANALA LAKE,CPCB,29,Karnataka,530,Bijapur,BIJAPUR,-,-,-,-,-,-,-,-,16.88688800,75.71369100,24-11-2021 08:30,1528,"","","","",""
276,BHUTANALA LAKE,CPCB,29,Karnataka,530,Bijapur,BIJAPUR,-,-,-,-,-,-,-,-,16.88688800,75.71369100,08-12-2021 08:30,943,"","","","",""
277,B KATIHALLI KERE,CPCB,29,Karnataka,525,Bangalore Urban,ANEKAL,-,-,-,-,-,-,-,-,12.89527300,77.77512800,05-01-2021 08:30,450,"","","","",""
278,B KATIHALLI KERE,CPCB,29,Karnataka,525,Bangalore Urban,ANEKAL,-,-,-,-,-,-,-,-,12.89527300,77.77512800,12-02-2021 08:30,450,"","","","",""
279,B KATIHALLI KERE,CPCB,29,Karnataka,525,Bangalore Urban,ANEKAL,-,-,-,-,-,-,-,-,12.89527300,77.77512800,06-03-2021 08:30,420,"","","","",""
280,B KATIHALLI KERE,CPCB,29,Karnataka,525,Bangalore Urban,ANEKAL,-,-,-,-,-,-,-,-,12.89527300,77.77512800,07-09-2021 08:30,380,"","","","",""
281,B KATIHALLI KERE,CPCB,29,Karnataka,525,Bangalore Urban,ANEKAL,-,-,-,-,-,-,-,-,12.89527300,77.77512800,01-10-2021 08:30,420,"","","","",""
282,B KATIHALLI KERE,CPCB,29,Karnataka,525,Bangalore Urban,ANEKAL,-,-,-,-,-,-,-,-,12.89527300,77.77512800,09-11-2021 08:30,390,"","","","",""
283,B KATIHALLI KERE,CPCB,29,Karnataka,525,Bangalore Urban,ANEKAL,-,-,-,-,-,-,-,-,12.89527300,77.77512800,03-12-2021 08:30,290,"","","","",""
284,BOREWELL WATER NEAR MANGALIJYOTHI SCHOOL MSW SITE VAMMANJOOR,CPCB,29,Karnataka,525,Bangalore Urban,BANGALORE NORTH,-,-,-,-,-,-,-,-,12.91900900,74.90333900,07-01-2021 08:30,179,Clear,"","","",""
285,BOREWELL WATER NEAR MANGALIJYOTHI SCHOOL MSW SITE VAMMANJOOR,CPCB,29,Karnataka,525,Bangalore Urban,BANGALORE NORTH,-,-,-,-,-,-,-,-,12.91900900,74.90333900,05-02-2021 08:30,166,Clear,"",4,"",""
286,BOREWELL WATER NEAR MANGALIJYOTHI SCHOOL MSW SITE VAMMANJOOR,CPCB,29,Karnataka,525,Bangalore Urban,BANGALORE NORTH,-,-,-,-,-,-,-,-,12.91900900,74.90333900,22-07-2021 08:30,138,Clear,"",1.7,"",""
287,BOREWELL WATER NEAR MANGALIJYOTHI SCHOOL MSW SITE VAMMANJOOR,CPCB,29,Karnataka,525,Bangalore Urban,BANGALORE NORTH,-,-,-,-,-,-,-,-,12.91900900,74.90333900,03-09-2021 08:30,169,Clear,"",1.4,"",""
288,BUGUDANAHALLI LAKE,CPCB,29,Karnataka,548,Tumkur,TUMKUR,-,-,-,-,-,-,-,-,13.38551300,77.06564000,02-01-2021 08:30,185,"","","","",""
289,BUGUDANAHALLI LAKE,CPCB,29,Karnataka,548,Tumkur,TUMKUR,-,-,-,-,-,-,-,-,13.38551300,77.06564000,04-02-2021 08:30,226,"","","","",""
290,BUGUDANAHALLI LAKE,CPCB,29,Karnataka,548,Tumkur,TUMKUR,-,-,-,-,-,-,-,-,13.38551300,77.06564000,08-03-2021 08:30,312,"","","","",""
291,BUGUDANAHALLI LAKE,CPCB,29,Karnataka,548,Tumkur,TUMKUR,-,-,-,-,-,-,-,-,13.38551300,77.06564000,01-04-2021 08:30,242,"","","","",""
292,BUGUDANAHALLI LAKE,CPCB,29,Karnataka,548,Tumkur,TUMKUR,-,-,-,-,-,-,-,-,13.38551300,77.06564000,04-05-2021 08:30,204,"","","","",""
293,BUGUDANAHALLI LAKE,CPCB,29,Karnataka,548,Tumkur,TUMKUR,-,-,-,-,-,-,-,-,13.38551300,77.06564000,07-06-2021 08:30,141,"","","","",""
294,BUGUDANAHALLI LAKE,CPCB,29,Karnataka,548,Tumkur,TUMKUR,-,-,-,-,-,-,-,-,13.38551300,77.06564000,02-07-2021 08:30,256,"","","","",""
295,BUGUDANAHALLI LAKE,CPCB,29,Karnataka,548,Tumkur,TUMKUR,-,-,-,-,-,-,-,-,13.38551300,77.06564000,04-08-2021 08:30,267,"","","","",""
296,BUGUDANAHALLI LAKE,CPCB,29,Karnataka,548,Tumkur,TUMKUR,-,-,-,-,-,-,-,-,13.38551300,77.06564000,06-09-2021 08:30,282,"","","","",""
297,BUGUDANAHALLI LAKE,CPCB,29,Karnataka,548,Tumkur,TUMKUR,-,-,-,-,-,-,-,-,13.38551300,77.06564000,26-10-2021 08:30,151,"","","","",""
298,BUGUDANAHALLI LAKE,CPCB,29,Karnataka,548,Tumkur,TUMKUR,-,-,-,-,-,-,-,-,13.38551300,77.06564000,09-11-2021 08:30,270,"","","","",""
299,BUGUDANAHALLI LAKE,CPCB,29,Karnataka,548,Tumkur,TUMKUR,-,-,-,-,-,-,-,-,13.38551300,77.06564000,03-12-2021 08:30,224,"","","","",""
300,BYRAMANGALA TANK,CPCB,29,Karnataka,526,Bangalore Rural,RAMANAGARAM,-,-,-,-,-,-,-,-,12.80349600,77.39855300,11-01-2021 08:30,1207,"","","","",""
301,BYRAMANGALA TANK,CPCB,29,Karnataka,526,Bangalore Rural,RAMANAGARAM,-,-,-,-,-,-,-,-,12.80349600,77.39855300,04-02-2021 08:30,1410,"","","","",""
302,BYRAMANGALA TANK,CPCB,29,Karnataka,526,Bangalore Rural,RAMANAGARAM,-,-,-,-,-,-,-,-,12.80349600,77.39855300,04-03-2021 08:30,1413,"","","","",""
303,BYRAMANGALA TANK,CPCB,29,Karnataka,526,Bangalore Rural,RAMANAGARAM,-,-,-,-,-,-,-,-,12.80349600,77.39855300,22-04-2021 08:30,1290,"","","","",""
304,BYRAMANGALA TANK,CPCB,29,Karnataka,526,Bangalore Rural,RAMANAGARAM,-,-,-,-,-,-,-,-,12.80349600,77.39855300,15-06-2021 08:30,1031,"","","","",""
305,BYRAMANGALA TANK,CPCB,29,Karnataka,526,Bangalore Rural,RAMANAGARAM,-,-,-,-,-,-,-,-,12.80349600,77.39855300,14-07-2021 08:30,1080,"","","","",""
306,BYRAMANGALA TANK,CPCB,29,Karnataka,526,Bangalore Rural,RAMANAGARAM,-,-,-,-,-,-,-,-,12.80349600,77.39855300,09-08-2021 08:30,1051,"","","","",""
307,BYRAMANGALA TANK,CPCB,29,Karnataka,526,Bangalore Rural,RAMANAGARAM,-,-,-,-,-,-,-,-,12.80349600,77.39855300,13-09-2021 08:30,1079,"","","","",""
308,BYRAMANGALA TANK,CPCB,29,Karnataka,526,Bangalore Rural,RAMANAGARAM,-,-,-,-,-,-,-,-,12.80349600,77.39855300,04-10-2021 08:30,821,"","","","",""
309,BYRAMANGALA TANK,CPCB,29,Karnataka,526,Bangalore Rural,RAMANAGARAM,-,-,-,-,-,-,-,-,12.80349600,77.39855300,09-11-2021 08:30,938,"","","","",""
310,BYRAMANGALA TANK,CPCB,29,Karnataka,526,Bangalore Rural,RAMANAGARAM,-,-,-,-,-,-,-,-,12.80349600,77.39855300,14-12-2021 08:30,1388,"","","","",""
311,BYRASANDRA TANK,CPCB,29,Karnataka,525,Bangalore Urban,BANGALORE EAST,-,-,-,-,-,-,-,-,12.98031200,77.66790300,18-01-2021 08:30,1091,"","","","",""
312,BYRASANDRA TANK,CPCB,29,Karnataka,525,Bangalore Urban,BANGALORE EAST,-,-,-,-,-,-,-,-,12.98031200,77.66790300,05-07-2021 08:30,1223,"","","","",""
313,BYRASANDRA TANK,CPCB,29,Karnataka,525,Bangalore Urban,BANGALORE EAST,-,-,-,-,-,-,-,-,12.98031200,77.66790300,10-08-2021 08:30,383,"","","","",""
314,BYRASANDRA TANK,CPCB,29,Karnataka,525,Bangalore Urban,BANGALORE EAST,-,-,-,-,-,-,-,-,12.98031200,77.66790300,23-09-2021 08:30,615,"","","","",""
315,BYRASANDRA TANK,CPCB,29,Karnataka,525,Bangalore Urban,BANGALORE EAST,-,-,-,-,-,-,-,-,12.98031200,77.66790300,04-10-2021 08:30,274,"","","","",""
316,BYRASANDRA TANK,CPCB,29,Karnataka,525,Bangalore Urban,BANGALORE EAST,-,-,-,-,-,-,-,-,12.98031200,77.66790300,08-11-2021 08:30,360,"","","","",""
317,BYRASANDRA TANK,CPCB,29,Karnataka,525,Bangalore Urban,BANGALORE EAST,-,-,-,-,-,-,-,-,12.98031200,77.66790300,06-12-2021 08:30,497,"","","","",""
318,CAUVERY AT AJJIBORE (BANGALORE),CPCB,29,Karnataka,531,Chamarajanagara,CHAMARAJANAGAR,-,-,-,-,-,-,-,-,12.24452000,77.47177700,04-03-2021 08:30,"","","","","",""
319,CAUVERY AT BANNUR BRIDGE,CPCB,29,Karnataka,545,Mysore,TIRUMAKUDAL-NARSIPUR,-,-,-,-,-,-,-,-,12.32146900,76.84147200,22-01-2021 08:30,"","","","","",""
320,CAUVERY AT BANNUR BRIDGE,CPCB,29,Karnataka,545,Mysore,TIRUMAKUDAL-NARSIPUR,-,-,-,-,-,-,-,-,12.32146900,76.84147200,18-02-2021 08:30,"","","","","",""
321,CAUVERY AT BANNUR BRIDGE,CPCB,29,Karnataka,545,Mysore,TIRUMAKUDAL-NARSIPUR,-,-,-,-,-,-,-,-,12.32146900,76.84147200,10-03-2021 08:30,"","","","","",""
322,CAUVERY AT D/S OF KAREKUARA VILLAGE,CPCB,29,Karnataka,544,Mandya,SHRIRANGAPATTANA,-,-,-,-,-,-,-,-,12.41818700,76.67925900,29-01-2021 08:30,"","","","","",""
323,CAUVERY AT D/S OF KAREKUARA VILLAGE,CPCB,29,Karnataka,544,Mandya,SHRIRANGAPATTANA,-,-,-,-,-,-,-,-,12.41818700,76.67925900,20-02-2021 08:30,"","","","","",""
324,CAUVERY AT D/S OF KAREKUARA VILLAGE,CPCB,29,Karnataka,544,Mandya,SHRIRANGAPATTANA,-,-,-,-,-,-,-,-,12.41818700,76.67925900,19-03-2021 08:30,"","","","","",""
325,CAUVERY AT KRS DAM BALAMURIKSHETRA,CPCB,29,Karnataka,544,Mandya,PANDAVAPURA,-,-,-,-,-,-,-,-,12.42529100,76.57265000,29-01-2021 08:30,"","","","","",""
326,CAUVERY AT KRS DAM BALAMURIKSHETRA,CPCB,29,Karnataka,544,Mandya,PANDAVAPURA,-,-,-,-,-,-,-,-,12.42529100,76.57265000,20-02-2021 08:30,"","","","","",""
327,CAUVERY AT KRS DAM BALAMURIKSHETRA,CPCB,29,Karnataka,544,Mandya,PANDAVAPURA,-,-,-,-,-,-,-,-,12.42529100,76.57265000,19-03-2021 08:30,"","","","","",""
328,CAUVERY AT KRS DAM MANDYA,CPCB,29,Karnataka,544,Mandya,PANDAVAPURA,-,-,-,-,-,-,-,-,12.42619300,76.57273800,29-01-2021 08:30,"","","","","",""
329,CAUVERY AT KRS DAM MANDYA,CPCB,29,Karnataka,544,Mandya,PANDAVAPURA,-,-,-,-,-,-,-,-,12.42619300,76.57273800,20-02-2021 08:30,"","","","","",""
330,CAUVERY AT KRS DAM MANDYA,CPCB,29,Karnataka,544,Mandya,PANDAVAPURA,-,-,-,-,-,-,-,-,12.42619300,76.57273800,19-03-2021 08:30,"","","","","",""
331,CAUVERY AT KUSHAL NAGAR U/S (NEAR BAICHANAHALLI),CPCB,29,Karnataka,526,Bangalore Rural,DODBALLAPUR,-,-,-,-,-,-,-,-,12.44848900,75.96987000,27-01-2021 08:30,"","","","","",""
332,CAUVERY AT KUSHAL NAGAR U/S (NEAR BAICHANAHALLI),CPCB,29,Karnataka,526,Bangalore Rural,DODBALLAPUR,-,-,-,-,-,-,-,-,12.44848900,75.96987000,17-02-2021 08:30,"","","","","",""
333,CAUVERY AT KUSHAL NAGAR U/S (NEAR BAICHANAHALLI),CPCB,29,Karnataka,526,Bangalore Rural,DODBALLAPUR,-,-,-,-,-,-,-,-,12.44848900,75.96987000,24-03-2021 08:30,"","","","","",""
334,CAUVERY AT NAPOKULU BDG (D/S),CPCB,29,Karnataka,526,Bangalore Rural,DODBALLAPUR,-,-,-,-,-,-,-,-,12.31414900,75.69852200,27-01-2021 08:30,"","","","","",""
335,CAUVERY AT NAPOKULU BDG (D/S),CPCB,29,Karnataka,526,Bangalore Rural,DODBALLAPUR,-,-,-,-,-,-,-,-,12.31414900,75.69852200,17-02-2021 08:30,"","","","","",""
336,CAUVERY AT NAPOKULU BDG (D/S),CPCB,29,Karnataka,526,Bangalore Rural,DODBALLAPUR,-,-,-,-,-,-,-,-,12.31414900,75.69852200,24-03-2021 08:30,"","","","","",""
337,CAUVERY AT RANGANATHITTU,CPCB,29,Karnataka,544,Mandya,SHRIRANGAPATTANA,-,-,-,-,-,-,-,-,12.42502200,76.65354400,29-01-2021 08:30,"","","","","",""
338,CAUVERY AT RANGANATHITTU,CPCB,29,Karnataka,544,Mandya,SHRIRANGAPATTANA,-,-,-,-,-,-,-,-,12.42502200,76.65354400,20-02-2021 08:30,"","","","","",""
339,CAUVERY AT RANGANATHITTU,CPCB,29,Karnataka,544,Mandya,SHRIRANGAPATTANA,-,-,-,-,-,-,-,-,12.42502200,76.65354400,19-03-2021 08:30,"","","","","",""
340,CAUVERY AT SATHYAGALAM BRIDGE,CPCB,29,Karnataka,531,Chamarajanagara,CHAMARAJANAGAR,-,-,-,-,-,-,-,-,12.25531000,77.16351500,28-01-2021 08:30,"","","","","",""
341,CAUVERY AT SATHYAGALAM BRIDGE,CPCB,29,Karnataka,531,Chamarajanagara,CHAMARAJANAGAR,-,-,-,-,-,-,-,-,12.25531000,77.16351500,17-02-2021 08:30,"","","","","",""
342,CAUVERY AT SATHYAGALAM BRIDGE,CPCB,29,Karnataka,531,Chamarajanagara,CHAMARAJANAGAR,-,-,-,-,-,-,-,-,12.25531000,77.16351500,10-03-2021 08:30,"","","","","",""
343,CAUVERY AT SRI RANGAPATTANNA D/S OF ROAD BDG.,CPCB,29,Karnataka,544,Mandya,SHRIRANGAPATTANA,-,-,-,-,-,-,-,-,12.42370500,76.69367200,29-01-2021 08:30,"","","","","",""
344,CAUVERY AT SRI RANGAPATTANNA D/S OF ROAD BDG.,CPCB,29,Karnataka,544,Mandya,SHRIRANGAPATTANA,-,-,-,-,-,-,-,-,12.42370500,76.69367200,19-02-2021 08:30,"","","","","",""
345,CAUVERY AT SRI RANGAPATTANNA D/S OF ROAD BDG.,CPCB,29,Karnataka,544,Mandya,SHRIRANGAPATTANA,-,-,-,-,-,-,-,-,12.42370500,76.69367200,19-03-2021 08:30,"","","","","",""
346,CAUVERY AT WATER SUPPLY INTAKE POINT AT KOLLEGALA DASANAPURA,CPCB,29,Karnataka,544,Mandya,MALVALLI,-,-,-,-,-,-,-,-,12.25917100,77.16132500,28-01-2021 08:30,"","","","","",""
347,CAUVERY AT WATER SUPPLY INTAKE POINT AT KOLLEGALA DASANAPURA,CPCB,29,Karnataka,544,Mandya,MALVALLI,-,-,-,-,-,-,-,-,12.25917100,77.16132500,17-02-2021 08:30,"","","","","",""
348,CAUVERY AT WATER SUPPLY INTAKE POINT AT KOLLEGALA DASANAPURA,CPCB,29,Karnataka,544,Mandya,MALVALLI,-,-,-,-,-,-,-,-,12.25917100,77.16132500,10-03-2021 08:30,"","","","","",""
349,CAUVERY AT WATER SUPPLY INTAKE POINT AT T K HALLI,CPCB,29,Karnataka,544,Mandya,MALVALLI,-,-,-,-,-,-,-,-,12.41467800,77.19498400,29-01-2021 08:30,"","","","","",""
350,CAUVERY AT WATER SUPPLY INTAKE POINT AT T K HALLI,CPCB,29,Karnataka,544,Mandya,MALVALLI,-,-,-,-,-,-,-,-,12.41467800,77.19498400,26-02-2021 08:30,"","","","","",""
351,CAUVERY AT WATER SUPPLY INTAKE POINT AT T K HALLI,CPCB,29,Karnataka,544,Mandya,MALVALLI,-,-,-,-,-,-,-,-,12.41467800,77.19498400,20-03-2021 08:30,"","","","","",""
352,CAUVERY AT WATER SUPPLY INTAKE POINT TO MADIKERI TOWN,CPCB,29,Karnataka,526,Bangalore Rural,DODBALLAPUR,-,-,-,-,-,-,-,-,12.42081100,75.73878800,27-01-2021 08:30,"","","","","",""
353,CAUVERY AT WATER SUPPLY INTAKE POINT TO MADIKERI TOWN,CPCB,29,Karnataka,526,Bangalore Rural,DODBALLAPUR,-,-,-,-,-,-,-,-,12.42081100,75.73878800,17-02-2021 08:30,"","","","","",""
354,CAUVERY AT WATER SUPPLY INTAKE POINT TO MADIKERI TOWN,CPCB,29,Karnataka,526,Bangalore Rural,DODBALLAPUR,-,-,-,-,-,-,-,-,12.42081100,75.73878800,24-03-2021 08:30,"","","","","",""
355,CAUVERY AT WATER SUPPLY INTAKE POINT TO MANDYA TOWN,CPCB,29,Karnataka,544,Mandya,SHRIRANGAPATTANA,-,-,-,-,-,-,-,-,12.42794200,76.67245000,29-01-2021 08:30,"","","","","",""
356,CAUVERY AT WATER SUPPLY INTAKE POINT TO MANDYA TOWN,CPCB,29,Karnataka,544,Mandya,SHRIRANGAPATTANA,-,-,-,-,-,-,-,-,12.42794200,76.67245000,19-02-2021 08:30,"","","","","",""
357,CAUVERY AT WATER SUPPLY INTAKE POINT TO MANDYA TOWN,CPCB,29,Karnataka,544,Mandya,SHRIRANGAPATTANA,-,-,-,-,-,-,-,-,12.42794200,76.67245000,19-03-2021 08:30,"","","","","",""
358,CAUVERY AT WATER SUPPLY INTAKE POINT TO MYSORE PUMP HOUSE,CPCB,29,Karnataka,545,Mysore,MYSORE,-,-,-,-,-,-,-,-,12.36569000,76.62059700,19-01-2021 08:30,"","","","","",""
359,CAUVERY AT WATER SUPPLY INTAKE POINT TO MYSORE PUMP HOUSE,CPCB,29,Karnataka,545,Mysore,MYSORE,-,-,-,-,-,-,-,-,12.36569000,76.62059700,08-02-2021 08:30,"","","","","",""
360,CAUVERY AT WATER SUPPLY INTAKE POINT TO MYSORE PUMP HOUSE,CPCB,29,Karnataka,545,Mysore,MYSORE,-,-,-,-,-,-,-,-,12.36569000,76.62059700,24-03-2021 08:30,"","","","","",""
361,CAUVERY AT WATER SUPPLY INTAKE POINT TO SRIRANGAPATNA TOWN,CPCB,29,Karnataka,544,Mandya,SHRIRANGAPATTANA,-,-,-,-,-,-,-,-,12.41884800,76.68262100,29-01-2021 08:30,"","","","","",""
362,CAUVERY AT WATER SUPPLY INTAKE POINT TO SRIRANGAPATNA TOWN,CPCB,29,Karnataka,544,Mandya,SHRIRANGAPATTANA,-,-,-,-,-,-,-,-,12.41884800,76.68262100,19-02-2021 08:30,"","","","","",""
363,CAUVERY AT WATER SUPPLY INTAKE POINT TO SRIRANGAPATNA TOWN,CPCB,29,Karnataka,544,Mandya,SHRIRANGAPATTANA,-,-,-,-,-,-,-,-,12.41884800,76.68262100,19-03-2021 08:30,"","","","","",""
364,CAUVERY D/S OF KR NAGAR BRIDGE,CPCB,29,Karnataka,545,Mysore,HUNSUR,-,-,-,-,-,-,-,-,12.34938700,76.29189000,05-01-2021 08:30,"","","","","",""
365,CAUVERY D/S OF KR NAGAR BRIDGE,CPCB,29,Karnataka,545,Mysore,HUNSUR,-,-,-,-,-,-,-,-,12.34938700,76.29189000,05-02-2021 08:30,"","","","","",""
366,CAUVERY D/S OF KR NAGAR BRIDGE,CPCB,29,Karnataka,545,Mysore,HUNSUR,-,-,-,-,-,-,-,-,12.34938700,76.29189000,23-03-2021 08:30,"","","","","",""
367,CAUVERY D/S OF KUSHALANAGAR TOWN,CPCB,29,Karnataka,526,Bangalore Rural,DODBALLAPUR,-,-,-,-,-,-,-,-,12.45220300,75.95739500,27-01-2021 08:30,"","","","","",""
368,CAUVERY D/S OF KUSHALANAGAR TOWN,CPCB,29,Karnataka,526,Bangalore Rural,DODBALLAPUR,-,-,-,-,-,-,-,-,12.45220300,75.95739500,17-02-2021 08:30,"","","","","",""
369,CAUVERY D/S OF KUSHALANAGAR TOWN,CPCB,29,Karnataka,526,Bangalore Rural,DODBALLAPUR,-,-,-,-,-,-,-,-,12.45220300,75.95739500,24-03-2021 08:30,"","","","","",""
370,CAUVERY D/S OF MADDUR WATER SUPPLY TREATMENT PLANT AT BACHALLI,CPCB,29,Karnataka,544,Mandya,MADDUR,-,-,-,-,-,-,-,-,12.58560900,77.04289000,29-01-2021 08:30,"","","","","",""
371,CAUVERY D/S OF MADDUR WATER SUPPLY TREATMENT PLANT AT BACHALLI,CPCB,29,Karnataka,544,Mandya,MADDUR,-,-,-,-,-,-,-,-,12.58560900,77.04289000,26-02-2021 08:30,"","","","","",""
372,CAUVERY D/S OF MADDUR WATER SUPPLY TREATMENT PLANT AT BACHALLI,CPCB,29,Karnataka,544,Mandya,MADDUR,-,-,-,-,-,-,-,-,12.58560900,77.04289000,20-03-2021 08:30,"","","","","",""
373,CAUVERY RIVER BEFORE CONFLUENCE AT SANGAM,CPCB,29,Karnataka,544,Mandya,SHRIRANGAPATTANA,-,-,-,-,-,-,-,-,12.40765600,76.72181000,06-01-2021 08:30,"","","","","",""
374,CAUVERY RIVER BEFORE CONFLUENCE AT SANGAM,CPCB,29,Karnataka,544,Mandya,SHRIRANGAPATTANA,-,-,-,-,-,-,-,-,12.40765600,76.72181000,09-02-2021 08:30,"","","","","",""
375,CAUVERY RIVER BEFORE CONFLUENCE AT SANGAM,CPCB,29,Karnataka,544,Mandya,SHRIRANGAPATTANA,-,-,-,-,-,-,-,-,12.40765600,76.72181000,02-03-2021 08:30,"","","","","",""
376,CAUVERY RIVER D/S BARACHUKI FALLS SATHEGALA KOLLEGALA,CPCB,29,Karnataka,531,Chamarajanagara,CHAMARAJANAGAR,-,-,-,-,-,-,-,-,12.28783000,77.18366700,28-01-2021 08:30,"","","","","",""
377,CAUVERY RIVER D/S BARACHUKI FALLS SATHEGALA KOLLEGALA,CPCB,29,Karnataka,531,Chamarajanagara,CHAMARAJANAGAR,-,-,-,-,-,-,-,-,12.28783000,77.18366700,17-02-2021 08:30,"","","","","",""
378,CAUVERY RIVER D/S BARACHUKI FALLS SATHEGALA KOLLEGALA,CPCB,29,Karnataka,531,Chamarajanagara,CHAMARAJANAGAR,-,-,-,-,-,-,-,-,12.28783000,77.18366700,10-03-2021 08:30,"","","","","",""
379,CAUVERY U/S OF KR NAGAR,CPCB,29,Karnataka,545,Mysore,HUNSUR,-,-,-,-,-,-,-,-,12.34423200,76.28288700,05-01-2021 08:30,"","","","","",""
380,CAUVERY U/S OF KR NAGAR,CPCB,29,Karnataka,545,Mysore,HUNSUR,-,-,-,-,-,-,-,-,12.34423200,76.28288700,05-02-2021 08:30,"","","","","",""
381,CAUVERY U/S OF KR NAGAR,CPCB,29,Karnataka,545,Mysore,HUNSUR,-,-,-,-,-,-,-,-,12.34423200,76.28288700,23-03-2021 08:30,"","","","","",""
382,CHANDAPURA LAKE,CPCB,29,Karnataka,525,Bangalore Urban,ANEKAL,-,-,-,-,-,-,-,-,12.80557100,77.70479100,21-01-2021 08:30,1435,"","","","",""
383,CHANDAPURA LAKE,CPCB,29,Karnataka,525,Bangalore Urban,ANEKAL,-,-,-,-,-,-,-,-,12.80557100,77.70479100,10-02-2021 08:30,1513,"","","","",""
384,CHANDAPURA LAKE,CPCB,29,Karnataka,525,Bangalore Urban,ANEKAL,-,-,-,-,-,-,-,-,12.80557100,77.70479100,09-03-2021 08:30,1665,"","","","",""
385,CHANDAPURA LAKE,CPCB,29,Karnataka,525,Bangalore Urban,ANEKAL,-,-,-,-,-,-,-,-,12.80557100,77.70479100,08-04-2021 08:30,2309,"","","","",""
386,CHANDAPURA LAKE,CPCB,29,Karnataka,525,Bangalore Urban,ANEKAL,-,-,-,-,-,-,-,-,12.80557100,77.70479100,14-07-2021 08:30,1693,"","","","",""
387,CHANDAPURA LAKE,CPCB,29,Karnataka,525,Bangalore Urban,ANEKAL,-,-,-,-,-,-,-,-,12.80557100,77.70479100,11-08-2021 08:30,1930,"","","","",""
388,CHANDAPURA LAKE,CPCB,29,Karnataka,525,Bangalore Urban,ANEKAL,-,-,-,-,-,-,-,-,12.80557100,77.70479100,16-09-2021 08:30,1952,"","","","",""
389,CHANDAPURA LAKE,CPCB,29,Karnataka,525,Bangalore Urban,ANEKAL,-,-,-,-,-,-,-,-,12.80557100,77.70479100,27-10-2021 08:30,1285,"","","","",""
390,CHANDAPURA LAKE,CPCB,29,Karnataka,525,Bangalore Urban,ANEKAL,-,-,-,-,-,-,-,-,12.80557100,77.70479100,17-11-2021 08:30,1099,"","","","",""
391,CHANDAPURA LAKE,CPCB,29,Karnataka,525,Bangalore Urban,ANEKAL,-,-,-,-,-,-,-,-,12.80557100,77.70479100,28-12-2021 08:30,1727,"","","","",""
392,CHELEKERE LAKE,CPCB,29,Karnataka,525,Bangalore Urban,BANGALORE EAST,-,-,-,-,-,-,-,-,13.02646300,77.64530000,06-01-2021 08:30,297,"","","","",""
393,CHELEKERE LAKE,CPCB,29,Karnataka,525,Bangalore Urban,BANGALORE EAST,-,-,-,-,-,-,-,-,13.02646300,77.64530000,09-02-2021 08:30,677,"","","","",""
394,CHELEKERE LAKE,CPCB,29,Karnataka,525,Bangalore Urban,BANGALORE EAST,-,-,-,-,-,-,-,-,13.02646300,77.64530000,04-03-2021 08:30,1326,"","","","",""
395,CHELEKERE LAKE,CPCB,29,Karnataka,525,Bangalore Urban,BANGALORE EAST,-,-,-,-,-,-,-,-,13.02646300,77.64530000,06-04-2021 08:30,687,"","","","",""
396,CHELEKERE LAKE,CPCB,29,Karnataka,525,Bangalore Urban,BANGALORE EAST,-,-,-,-,-,-,-,-,13.02646300,77.64530000,17-05-2021 08:30,788,"","","","",""
397,CHELEKERE LAKE,CPCB,29,Karnataka,525,Bangalore Urban,BANGALORE EAST,-,-,-,-,-,-,-,-,13.02646300,77.64530000,08-06-2021 08:30,717,"","","","",""
398,CHELEKERE LAKE,CPCB,29,Karnataka,525,Bangalore Urban,BANGALORE EAST,-,-,-,-,-,-,-,-,13.02646300,77.64530000,08-07-2021 08:30,734,"","","","",""
399,CHELEKERE LAKE,CPCB,29,Karnataka,525,Bangalore Urban,BANGALORE EAST,-,-,-,-,-,-,-,-,13.02646300,77.64530000,03-08-2021 08:30,782,"","","","",""
400,CHELEKERE LAKE,CPCB,29,Karnataka,525,Bangalore Urban,BANGALORE EAST,-,-,-,-,-,-,-,-,13.02646300,77.64530000,02-09-2021 08:30,804,"","","","",""
401,CHELEKERE LAKE,CPCB,29,Karnataka,525,Bangalore Urban,BANGALORE EAST,-,-,-,-,-,-,-,-,13.02646300,77.64530000,11-10-2021 08:30,756,"","","","",""
402,CHELEKERE LAKE,CPCB,29,Karnataka,525,Bangalore Urban,BANGALORE EAST,-,-,-,-,-,-,-,-,13.02646300,77.64530000,09-11-2021 08:30,583,"","","","",""
403,CHELEKERE LAKE,CPCB,29,Karnataka,525,Bangalore Urban,BANGALORE EAST,-,-,-,-,-,-,-,-,13.02646300,77.64530000,08-12-2021 08:30,583,"","","","",""
404,CHIKKABANVARA LAKE CHIKKABANWARA BENGALURU NORTH,CPCB,29,Karnataka,525,Bangalore Urban,BANGALORE NORTH,-,-,-,-,-,-,-,-,13.08245200,77.50674900,11-01-2021 08:30,1785,"","","","",""
405,CHIKKABANVARA LAKE CHIKKABANWARA BENGALURU NORTH,CPCB,29,Karnataka,525,Bangalore Urban,BANGALORE NORTH,-,-,-,-,-,-,-,-,13.08245200,77.50674900,18-02-2021 08:30,1871,"","","","",""
406,CHIKKABANVARA LAKE CHIKKABANWARA BENGALURU NORTH,CPCB,29,Karnataka,525,Bangalore Urban,BANGALORE NORTH,-,-,-,-,-,-,-,-,13.08245200,77.50674900,08-03-2021 08:30,698,"","","","",""
407,CHIKKABANVARA LAKE CHIKKABANWARA BENGALURU NORTH,CPCB,29,Karnataka,525,Bangalore Urban,BANGALORE NORTH,-,-,-,-,-,-,-,-,13.08245200,77.50674900,19-04-2021 08:30,509,"","","","",""
408,CHIKKABANVARA LAKE CHIKKABANWARA BENGALURU NORTH,CPCB,29,Karnataka,525,Bangalore Urban,BANGALORE NORTH,-,-,-,-,-,-,-,-,13.08245200,77.50674900,27-05-2021 08:30,1788,"","","","",""
409,CHIKKABANVARA LAKE CHIKKABANWARA BENGALURU NORTH,CPCB,29,Karnataka,525,Bangalore Urban,BANGALORE NORTH,-,-,-,-,-,-,-,-,13.08245200,77.50674900,22-06-2021 08:30,490,"","","","",""
410,CHIKKABANVARA LAKE CHIKKABANWARA BENGALURU NORTH,CPCB,29,Karnataka,525,Bangalore Urban,BANGALORE NORTH,-,-,-,-,-,-,-,-,13.08245200,77.50674900,26-07-2021 08:30,512,"","","","",""
411,CHIKKABANVARA LAKE CHIKKABANWARA BENGALURU NORTH,CPCB,29,Karnataka,525,Bangalore Urban,BANGALORE NORTH,-,-,-,-,-,-,-,-,13.08245200,77.50674900,09-08-2021 08:30,1688,"","","","",""
412,CHIKKABANVARA LAKE CHIKKABANWARA BENGALURU NORTH,CPCB,29,Karnataka,525,Bangalore Urban,BANGALORE NORTH,-,-,-,-,-,-,-,-,13.08245200,77.50674900,07-09-2021 08:30,1806,"","","","",""
413,CHIKKABANVARA LAKE CHIKKABANWARA BENGALURU NORTH,CPCB,29,Karnataka,525,Bangalore Urban,BANGALORE NORTH,-,-,-,-,-,-,-,-,13.08245200,77.50674900,26-10-2021 08:30,225,"","","","",""
414,CHIKKABANVARA LAKE CHIKKABANWARA BENGALURU NORTH,CPCB,29,Karnataka,525,Bangalore Urban,BANGALORE NORTH,-,-,-,-,-,-,-,-,13.08245200,77.50674900,18-11-2021 08:30,1074,"","","","",""
415,CHIKKABANVARA LAKE CHIKKABANWARA BENGALURU NORTH,CPCB,29,Karnataka,525,Bangalore Urban,BANGALORE NORTH,-,-,-,-,-,-,-,-,13.08245200,77.50674900,07-12-2021 08:30,364,"","","","",""
416,CHINNAKURCHI KERE,CPCB,29,Karnataka,525,Bangalore Urban,BANGALORE SOUTH,-,-,-,-,-,-,-,-,12.81997200,77.46527800,05-01-2021 08:30,430,"","","","",""
417,CHINNAKURCHI KERE,CPCB,29,Karnataka,525,Bangalore Urban,BANGALORE SOUTH,-,-,-,-,-,-,-,-,12.81997200,77.46527800,03-02-2021 08:30,518,"","","","",""
418,CHINNAKURCHI KERE,CPCB,29,Karnataka,525,Bangalore Urban,BANGALORE SOUTH,-,-,-,-,-,-,-,-,12.81997200,77.46527800,09-03-2021 08:30,482,"","","","",""
419,CHINNAKURCHI KERE,CPCB,29,Karnataka,525,Bangalore Urban,BANGALORE SOUTH,-,-,-,-,-,-,-,-,12.81997200,77.46527800,05-04-2021 08:30,521,"","","","",""
420,CHINNAKURCHI KERE,CPCB,29,Karnataka,525,Bangalore Urban,BANGALORE SOUTH,-,-,-,-,-,-,-,-,12.81997200,77.46527800,24-05-2021 08:30,482,"","","","",""
421,CHINNAKURCHI KERE,CPCB,29,Karnataka,525,Bangalore Urban,BANGALORE SOUTH,-,-,-,-,-,-,-,-,12.81997200,77.46527800,08-06-2021 08:30,447,"","","","",""
422,CHINNAKURCHI KERE,CPCB,29,Karnataka,525,Bangalore Urban,BANGALORE SOUTH,-,-,-,-,-,-,-,-,12.81997200,77.46527800,26-07-2021 08:30,208,"","","","",""
423,CHINNAKURCHI KERE,CPCB,29,Karnataka,525,Bangalore Urban,BANGALORE SOUTH,-,-,-,-,-,-,-,-,12.81997200,77.46527800,10-08-2021 08:30,214,"","","","",""
424,CHINNAKURCHI KERE,CPCB,29,Karnataka,525,Bangalore Urban,BANGALORE SOUTH,-,-,-,-,-,-,-,-,12.81997200,77.46527800,06-09-2021 08:30,229,"","","","",""
425,CHINNAKURCHI KERE,CPCB,29,Karnataka,525,Bangalore Urban,BANGALORE SOUTH,-,-,-,-,-,-,-,-,12.81997200,77.46527800,11-10-2021 08:30,294,"","","","",""
426,CHINNAKURCHI KERE,CPCB,29,Karnataka,525,Bangalore Urban,BANGALORE SOUTH,-,-,-,-,-,-,-,-,12.81997200,77.46527800,16-11-2021 08:30,380,"","","","",""
427,CHINNAKURCHI KERE,CPCB,29,Karnataka,525,Bangalore Urban,BANGALORE SOUTH,-,-,-,-,-,-,-,-,12.81997200,77.46527800,07-12-2021 08:30,512,"","","","",""
428,CHINNAPANHALLI LAKE,CPCB,29,Karnataka,525,Bangalore Urban,BANGALORE EAST,-,-,-,-,-,-,-,-,12.96589000,77.70692300,06-01-2021 08:30,1019,"","","","",""
429,CHINNAPANHALLI LAKE,CPCB,29,Karnataka,525,Bangalore Urban,BANGALORE EAST,-,-,-,-,-,-,-,-,12.96589000,77.70692300,01-02-2021 08:30,1019,"","","","",""
430,CHINNAPANHALLI LAKE,CPCB,29,Karnataka,525,Bangalore Urban,BANGALORE EAST,-,-,-,-,-,-,-,-,12.96589000,77.70692300,04-03-2021 08:30,1169,"","","","",""
431,CHINNAPANHALLI LAKE,CPCB,29,Karnataka,525,Bangalore Urban,BANGALORE EAST,-,-,-,-,-,-,-,-,12.96589000,77.70692300,26-04-2021 08:30,1238,"","","","",""
432,CHINNAPANHALLI LAKE,CPCB,29,Karnataka,525,Bangalore Urban,BANGALORE EAST,-,-,-,-,-,-,-,-,12.96589000,77.70692300,08-06-2021 08:30,1033,"","","","",""
433,CHINNAPANHALLI LAKE,CPCB,29,Karnataka,525,Bangalore Urban,BANGALORE EAST,-,-,-,-,-,-,-,-,12.96589000,77.70692300,14-07-2021 08:30,1141,"","","","",""
434,CHINNAPANHALLI LAKE,CPCB,29,Karnataka,525,Bangalore Urban,BANGALORE EAST,-,-,-,-,-,-,-,-,12.96589000,77.70692300,09-08-2021 08:30,1094,"","","","",""
435,CHINNAPANHALLI LAKE,CPCB,29,Karnataka,525,Bangalore Urban,BANGALORE EAST,-,-,-,-,-,-,-,-,12.96589000,77.70692300,20-09-2021 08:30,1045,"","","","",""
436,CHINNAPANHALLI LAKE,CPCB,29,Karnataka,525,Bangalore Urban,BANGALORE EAST,-,-,-,-,-,-,-,-,12.96589000,77.70692300,25-10-2021 08:30,896,"","","","",""
437,CHINNAPANHALLI LAKE,CPCB,29,Karnataka,525,Bangalore Urban,BANGALORE EAST,-,-,-,-,-,-,-,-,12.96589000,77.70692300,10-11-2021 08:30,831,"","","","",""
438,CHINNAPANHALLI LAKE,CPCB,29,Karnataka,525,Bangalore Urban,BANGALORE EAST,-,-,-,-,-,-,-,-,12.96589000,77.70692300,17-12-2021 08:30,671,"","","","",""
439,DAKSHINA PINAKINI RIVER NEAR MUGALUR BRIDGE MUGALUR BENGALURU,CPCB,29,Karnataka,542,Kolar,CHINTAMANI,-,-,-,-,-,-,-,-,13.38390000,78.02073800,21-01-2021 08:30,"","","","","",""
440,DAKSHINA PINAKINI RIVER NEAR MUGALUR BRIDGE MUGALUR BENGALURU,CPCB,29,Karnataka,542,Kolar,CHINTAMANI,-,-,-,-,-,-,-,-,13.38390000,78.02073800,10-02-2021 08:30,"","","","","",""
441,DAKSHINA PINAKINI RIVER NEAR MUGALUR BRIDGE MUGALUR BENGALURU,CPCB,29,Karnataka,542,Kolar,CHINTAMANI,-,-,-,-,-,-,-,-,13.38390000,78.02073800,09-03-2021 08:30,"","","","","",""
442,DALAVAI LAKE,CPCB,29,Karnataka,545,Mysore,MYSORE,-,-,-,-,-,-,-,-,12.25391700,76.65547200,07-01-2021 08:30,835,"","","","",""
443,DALAVAI LAKE,CPCB,29,Karnataka,545,Mysore,MYSORE,-,-,-,-,-,-,-,-,12.25391700,76.65547200,18-02-2021 08:30,1066,"","","","",""
444,DALAVAI LAKE,CPCB,29,Karnataka,545,Mysore,MYSORE,-,-,-,-,-,-,-,-,12.25391700,76.65547200,08-03-2021 08:30,1046,"","","","",""
445,DALAVAI LAKE,CPCB,29,Karnataka,545,Mysore,MYSORE,-,-,-,-,-,-,-,-,12.25391700,76.65547200,20-04-2021 08:30,1014,"","","","",""
446,DALAVAI LAKE,CPCB,29,Karnataka,545,Mysore,MYSORE,-,-,-,-,-,-,-,-,12.25391700,76.65547200,07-05-2021 08:30,984,"","","","",""
447,DALAVAI LAKE,CPCB,29,Karnataka,545,Mysore,MYSORE,-,-,-,-,-,-,-,-,12.25391700,76.65547200,15-06-2021 08:30,888,"","","","",""
448,DALAVAI LAKE,CPCB,29,Karnataka,545,Mysore,MYSORE,-,-,-,-,-,-,-,-,12.25391700,76.65547200,22-07-2021 08:30,871,"","","","",""
449,DALAVAI LAKE,CPCB,29,Karnataka,545,Mysore,MYSORE,-,-,-,-,-,-,-,-,12.25391700,76.65547200,10-08-2021 08:30,842,"","","","",""
450,DALAVAI LAKE,CPCB,29,Karnataka,545,Mysore,MYSORE,-,-,-,-,-,-,-,-,12.25391700,76.65547200,04-09-2021 08:30,820,"","","","",""
451,DALAVAI LAKE,CPCB,29,Karnataka,545,Mysore,MYSORE,-,-,-,-,-,-,-,-,12.25391700,76.65547200,22-10-2021 08:30,725,"","","","",""
452,DALAVAI LAKE,CPCB,29,Karnataka,545,Mysore,MYSORE,-,-,-,-,-,-,-,-,12.25391700,76.65547200,18-11-2021 08:30,920,"","","","",""
453,DALAVAI LAKE,CPCB,29,Karnataka,545,Mysore,MYSORE,-,-,-,-,-,-,-,-,12.25391700,76.65547200,28-12-2021 08:30,1168,"","","","",""
454,DASARAHALLI TANK,CPCB,29,Karnataka,525,Bangalore Urban,BANGALORE NORTH,-,-,-,-,-,-,-,-,13.04007200,77.51210300,19-01-2021 08:30,488,"","","","",""
455,DASARAHALLI TANK,CPCB,29,Karnataka,525,Bangalore Urban,BANGALORE NORTH,-,-,-,-,-,-,-,-,13.04007200,77.51210300,08-02-2021 08:30,508,"","","","",""
456,DASARAHALLI TANK,CPCB,29,Karnataka,525,Bangalore Urban,BANGALORE NORTH,-,-,-,-,-,-,-,-,13.04007200,77.51210300,03-03-2021 08:30,444,"","","","",""
457,DASARAHALLI TANK,CPCB,29,Karnataka,525,Bangalore Urban,BANGALORE NORTH,-,-,-,-,-,-,-,-,13.04007200,77.51210300,19-04-2021 08:30,594,"","","","",""
458,DASARAHALLI TANK,CPCB,29,Karnataka,525,Bangalore Urban,BANGALORE NORTH,-,-,-,-,-,-,-,-,13.04007200,77.51210300,27-05-2021 08:30,1038,"","","","",""
459,DASARAHALLI TANK,CPCB,29,Karnataka,525,Bangalore Urban,BANGALORE NORTH,-,-,-,-,-,-,-,-,13.04007200,77.51210300,22-06-2021 08:30,1020,"","","","",""
460,DASARAHALLI TANK,CPCB,29,Karnataka,525,Bangalore Urban,BANGALORE NORTH,-,-,-,-,-,-,-,-,13.04007200,77.51210300,26-07-2021 08:30,1120,"","","","",""
461,DASARAHALLI TANK,CPCB,29,Karnataka,525,Bangalore Urban,BANGALORE NORTH,-,-,-,-,-,-,-,-,13.04007200,77.51210300,09-08-2021 08:30,535,"","","","",""
462,DASARAHALLI TANK,CPCB,29,Karnataka,525,Bangalore Urban,BANGALORE NORTH,-,-,-,-,-,-,-,-,13.04007200,77.51210300,07-09-2021 08:30,284,"","","","",""
463,DASARAHALLI TANK,CPCB,29,Karnataka,525,Bangalore Urban,BANGALORE NORTH,-,-,-,-,-,-,-,-,13.04007200,77.51210300,26-10-2021 08:30,194,"","","","",""
464,DASARAHALLI TANK,CPCB,29,Karnataka,525,Bangalore Urban,BANGALORE NORTH,-,-,-,-,-,-,-,-,13.04007200,77.51210300,18-11-2021 08:30,355,"","","","",""
465,DASARAHALLI TANK,CPCB,29,Karnataka,525,Bangalore Urban,BANGALORE NORTH,-,-,-,-,-,-,-,-,13.04007200,77.51210300,07-12-2021 08:30,226,"","","","",""
466,DEVARABEESANAHALLI LAKE,CPCB,29,Karnataka,525,Bangalore Urban,BANGALORE EAST,-,-,-,-,-,-,-,-,12.92326200,77.68689200,27-01-2021 08:30,763,"","","","",""
467,DEVARABEESANAHALLI LAKE,CPCB,29,Karnataka,525,Bangalore Urban,BANGALORE EAST,-,-,-,-,-,-,-,-,12.92326200,77.68689200,17-02-2021 08:30,425,"","","","",""
468,DEVARABEESANAHALLI LAKE,CPCB,29,Karnataka,525,Bangalore Urban,BANGALORE EAST,-,-,-,-,-,-,-,-,12.92326200,77.68689200,03-03-2021 08:30,1039,"","","","",""
469,DEVARABEESANAHALLI LAKE,CPCB,29,Karnataka,525,Bangalore Urban,BANGALORE EAST,-,-,-,-,-,-,-,-,12.92326200,77.68689200,05-04-2021 08:30,956,"","","","",""
470,DEVARABEESANAHALLI LAKE,CPCB,29,Karnataka,525,Bangalore Urban,BANGALORE EAST,-,-,-,-,-,-,-,-,12.92326200,77.68689200,19-05-2021 08:30,1336,"","","","",""
471,DEVARABEESANAHALLI LAKE,CPCB,29,Karnataka,525,Bangalore Urban,BANGALORE EAST,-,-,-,-,-,-,-,-,12.92326200,77.68689200,03-06-2021 08:30,539,"","","","",""
472,DEVARABEESANAHALLI LAKE,CPCB,29,Karnataka,525,Bangalore Urban,BANGALORE EAST,-,-,-,-,-,-,-,-,12.92326200,77.68689200,12-07-2021 08:30,959,"","","","",""
473,DEVARABEESANAHALLI LAKE,CPCB,29,Karnataka,525,Bangalore Urban,BANGALORE EAST,-,-,-,-,-,-,-,-,12.92326200,77.68689200,05-08-2021 08:30,1168,"","","","",""
474,DEVARABEESANAHALLI LAKE,CPCB,29,Karnataka,525,Bangalore Urban,BANGALORE EAST,-,-,-,-,-,-,-,-,12.92326200,77.68689200,01-09-2021 08:30,1229,"","","","",""
475,DEVARABEESANAHALLI LAKE,CPCB,29,Karnataka,525,Bangalore Urban,BANGALORE EAST,-,-,-,-,-,-,-,-,12.92326200,77.68689200,11-10-2021 08:30,650,"","","","",""
476,DEVARABEESANAHALLI LAKE,CPCB,29,Karnataka,525,Bangalore Urban,BANGALORE EAST,-,-,-,-,-,-,-,-,12.92326200,77.68689200,08-11-2021 08:30,450,"","","","",""
477,DEVARABEESANAHALLI LAKE,CPCB,29,Karnataka,525,Bangalore Urban,BANGALORE EAST,-,-,-,-,-,-,-,-,12.92326200,77.68689200,06-12-2021 08:30,789,"","","","",""
478,DEVARAKERE TANK,CPCB,29,Karnataka,526,Bangalore Rural,NELAMANGALA,-,-,-,-,-,-,-,-,13.11412800,77.39400200,05-01-2021 08:30,342,"","","","",""
479,DEVARAKERE TANK,CPCB,29,Karnataka,526,Bangalore Rural,NELAMANGALA,-,-,-,-,-,-,-,-,13.11412800,77.39400200,03-02-2021 08:30,1488,"","","","",""
480,DEVARAKERE TANK,CPCB,29,Karnataka,526,Bangalore Rural,NELAMANGALA,-,-,-,-,-,-,-,-,13.11412800,77.39400200,09-03-2021 08:30,1285,"","","","",""
481,DEVARAKERE TANK,CPCB,29,Karnataka,526,Bangalore Rural,NELAMANGALA,-,-,-,-,-,-,-,-,13.11412800,77.39400200,05-04-2021 08:30,2540,"","","","",""
482,DEVARAKERE TANK,CPCB,29,Karnataka,526,Bangalore Rural,NELAMANGALA,-,-,-,-,-,-,-,-,13.11412800,77.39400200,24-05-2021 08:30,426,"","","","",""
483,DEVARAKERE TANK,CPCB,29,Karnataka,526,Bangalore Rural,NELAMANGALA,-,-,-,-,-,-,-,-,13.11412800,77.39400200,08-06-2021 08:30,271,"","","","",""
484,DEVARAKERE TANK,CPCB,29,Karnataka,526,Bangalore Rural,NELAMANGALA,-,-,-,-,-,-,-,-,13.11412800,77.39400200,26-07-2021 08:30,312,"","","","",""
485,DEVARAKERE TANK,CPCB,29,Karnataka,526,Bangalore Rural,NELAMANGALA,-,-,-,-,-,-,-,-,13.11412800,77.39400200,10-08-2021 08:30,317,"","","","",""
486,DEVARAKERE TANK,CPCB,29,Karnataka,526,Bangalore Rural,NELAMANGALA,-,-,-,-,-,-,-,-,13.11412800,77.39400200,06-09-2021 08:30,298,"","","","",""
487,DEVARAKERE TANK,CPCB,29,Karnataka,526,Bangalore Rural,NELAMANGALA,-,-,-,-,-,-,-,-,13.11412800,77.39400200,11-10-2021 08:30,279,"","","","",""
488,DEVARAKERE TANK,CPCB,29,Karnataka,526,Bangalore Rural,NELAMANGALA,-,-,-,-,-,-,-,-,13.11412800,77.39400200,16-11-2021 08:30,308,"","","","",""
489,DEVARAKERE TANK,CPCB,29,Karnataka,526,Bangalore Rural,NELAMANGALA,-,-,-,-,-,-,-,-,13.11412800,77.39400200,07-12-2021 08:30,394,"","","","",""
490,DEVARAYASAMUDRA LAKE,CPCB,29,Karnataka,542,Kolar,MULBAGAL,-,-,-,-,-,-,-,-,13.13935200,78.30386300,18-01-2021 08:30,353,"","","","",""
491,DEVARAYASAMUDRA LAKE,CPCB,29,Karnataka,542,Kolar,MULBAGAL,-,-,-,-,-,-,-,-,13.13935200,78.30386300,18-02-2021 08:30,366,"","","","",""
492,DEVARAYASAMUDRA LAKE,CPCB,29,Karnataka,542,Kolar,MULBAGAL,-,-,-,-,-,-,-,-,13.13935200,78.30386300,16-03-2021 08:30,447,"","","","",""
493,DEVARAYASAMUDRA LAKE,CPCB,29,Karnataka,542,Kolar,MULBAGAL,-,-,-,-,-,-,-,-,13.13935200,78.30386300,05-04-2021 08:30,482,"","","","",""
494,DEVARAYASAMUDRA LAKE,CPCB,29,Karnataka,542,Kolar,MULBAGAL,-,-,-,-,-,-,-,-,13.13935200,78.30386300,19-05-2021 08:30,1114,"","","","",""
495,DEVARAYASAMUDRA LAKE,CPCB,29,Karnataka,542,Kolar,MULBAGAL,-,-,-,-,-,-,-,-,13.13935200,78.30386300,18-06-2021 08:30,953,"","","","",""
496,DEVARAYASAMUDRA LAKE,CPCB,29,Karnataka,542,Kolar,MULBAGAL,-,-,-,-,-,-,-,-,13.13935200,78.30386300,17-07-2021 08:30,336,"","","","",""
497,DEVARAYASAMUDRA LAKE,CPCB,29,Karnataka,542,Kolar,MULBAGAL,-,-,-,-,-,-,-,-,13.13935200,78.30386300,23-08-2021 08:30,274,"","","","",""
498,DEVARAYASAMUDRA LAKE,CPCB,29,Karnataka,542,Kolar,MULBAGAL,-,-,-,-,-,-,-,-,13.13935200,78.30386300,20-09-2021 08:30,222,"","","","",""
499,DEVARAYASAMUDRA LAKE,CPCB,29,Karnataka,542,Kolar,MULBAGAL,-,-,-,-,-,-,-,-,13.13935200,78.30386300,25-10-2021 08:30,282,"","","","",""
500,DEVARAYASAMUDRA LAKE,CPCB,29,Karnataka,542,Kolar,MULBAGAL,-,-,-,-,-,-,-,-,13.13935200,78.30386300,16-11-2021 08:30,185,"","","","",""
501,DEVARAYASAMUDRA LAKE,CPCB,29,Karnataka,542,Kolar,MULBAGAL,-,-,-,-,-,-,-,-,13.13935200,78.30386300,29-12-2021 08:30,445,"","","","",""
502,DHOREKERE TANK,CPCB,29,Karnataka,545,Mysore,PIRIYAPATNA,-,-,-,-,-,-,-,-,12.39457900,76.14009300,05-01-2021 08:30,1070,"","","","",""
503,DHOREKERE TANK,CPCB,29,Karnataka,545,Mysore,PIRIYAPATNA,-,-,-,-,-,-,-,-,12.39457900,76.14009300,03-02-2021 08:30,1044,"","","","",""
504,DHOREKERE TANK,CPCB,29,Karnataka,545,Mysore,PIRIYAPATNA,-,-,-,-,-,-,-,-,12.39457900,76.14009300,09-03-2021 08:30,1145,"","","","",""
505,DHOREKERE TANK,CPCB,29,Karnataka,545,Mysore,PIRIYAPATNA,-,-,-,-,-,-,-,-,12.39457900,76.14009300,05-04-2021 08:30,1035,"","","","",""
506,DHOREKERE TANK,CPCB,29,Karnataka,545,Mysore,PIRIYAPATNA,-,-,-,-,-,-,-,-,12.39457900,76.14009300,24-05-2021 08:30,794,"","","","",""
507,DHOREKERE TANK,CPCB,29,Karnataka,545,Mysore,PIRIYAPATNA,-,-,-,-,-,-,-,-,12.39457900,76.14009300,08-06-2021 08:30,557,"","","","",""
508,DHOREKERE TANK,CPCB,29,Karnataka,545,Mysore,PIRIYAPATNA,-,-,-,-,-,-,-,-,12.39457900,76.14009300,26-07-2021 08:30,237,"","","","",""
509,DHOREKERE TANK,CPCB,29,Karnataka,545,Mysore,PIRIYAPATNA,-,-,-,-,-,-,-,-,12.39457900,76.14009300,10-08-2021 08:30,702,"","","","",""
510,DHOREKERE TANK,CPCB,29,Karnataka,545,Mysore,PIRIYAPATNA,-,-,-,-,-,-,-,-,12.39457900,76.14009300,06-09-2021 08:30,587,"","","","",""
511,DHOREKERE TANK,CPCB,29,Karnataka,545,Mysore,PIRIYAPATNA,-,-,-,-,-,-,-,-,12.39457900,76.14009300,11-10-2021 08:30,561,"","","","",""
512,DHOREKERE TANK,CPCB,29,Karnataka,545,Mysore,PIRIYAPATNA,-,-,-,-,-,-,-,-,12.39457900,76.14009300,16-11-2021 08:30,826,"","","","",""
513,DHOREKERE TANK,CPCB,29,Karnataka,545,Mysore,PIRIYAPATNA,-,-,-,-,-,-,-,-,12.39457900,76.14009300,07-12-2021 08:30,697,"","","","",""
514,DODDABIDARAKALLU LAKE,CPCB,29,Karnataka,525,Bangalore Urban,BANGALORE NORTH,-,-,-,-,-,-,-,-,13.04333700,77.49563700,19-01-2021 08:30,1528,"","","","",""
515,DODDABIDARAKALLU LAKE,CPCB,29,Karnataka,525,Bangalore Urban,BANGALORE NORTH,-,-,-,-,-,-,-,-,13.04333700,77.49563700,08-02-2021 08:30,1451,"","","","",""
516,DODDABIDARAKALLU LAKE,CPCB,29,Karnataka,525,Bangalore Urban,BANGALORE NORTH,-,-,-,-,-,-,-,-,13.04333700,77.49563700,03-03-2021 08:30,1393,"","","","",""
517,DODDABIDARAKALLU LAKE,CPCB,29,Karnataka,525,Bangalore Urban,BANGALORE NORTH,-,-,-,-,-,-,-,-,13.04333700,77.49563700,05-04-2021 08:30,1593,"","","","",""
518,DODDABIDARAKALLU LAKE,CPCB,29,Karnataka,525,Bangalore Urban,BANGALORE NORTH,-,-,-,-,-,-,-,-,13.04333700,77.49563700,27-05-2021 08:30,1363,"","","","",""
519,DODDABIDARAKALLU LAKE,CPCB,29,Karnataka,525,Bangalore Urban,BANGALORE NORTH,-,-,-,-,-,-,-,-,13.04333700,77.49563700,22-06-2021 08:30,1426,"","","","",""
520,DODDABIDARAKALLU LAKE,CPCB,29,Karnataka,525,Bangalore Urban,BANGALORE NORTH,-,-,-,-,-,-,-,-,13.04333700,77.49563700,26-07-2021 08:30,1209,"","","","",""
521,DODDABIDARAKALLU LAKE,CPCB,29,Karnataka,525,Bangalore Urban,BANGALORE NORTH,-,-,-,-,-,-,-,-,13.04333700,77.49563700,09-08-2021 08:30,1527,"","","","",""
522,DODDABIDARAKALLU LAKE,CPCB,29,Karnataka,525,Bangalore Urban,BANGALORE NORTH,-,-,-,-,-,-,-,-,13.04333700,77.49563700,07-09-2021 08:30,1737,"","","","",""
523,DODDABIDARAKALLU LAKE,CPCB,29,Karnataka,525,Bangalore Urban,BANGALORE NORTH,-,-,-,-,-,-,-,-,13.04333700,77.49563700,26-10-2021 08:30,1558,"","","","",""
524,DODDABIDARAKALLU LAKE,CPCB,29,Karnataka,525,Bangalore Urban,BANGALORE NORTH,-,-,-,-,-,-,-,-,13.04333700,77.49563700,18-11-2021 08:30,974,"","","","",""
525,DODDABIDARAKALLU LAKE,CPCB,29,Karnataka,525,Bangalore Urban,BANGALORE NORTH,-,-,-,-,-,-,-,-,13.04333700,77.49563700,07-12-2021 08:30,1695,"","","","",""
526,DODDAKERE TANK,CPCB,29,Karnataka,545,Mysore,MYSORE,-,-,-,-,-,-,-,-,12.29991000,76.65965000,01-01-2021 08:30,186,"","","","",""
527,DODDAKERE TANK,CPCB,29,Karnataka,545,Mysore,MYSORE,-,-,-,-,-,-,-,-,12.29991000,76.65965000,04-02-2021 08:30,280,"","","","",""
528,DODDAKERE TANK,CPCB,29,Karnataka,545,Mysore,MYSORE,-,-,-,-,-,-,-,-,12.29991000,76.65965000,08-03-2021 08:30,278,"","","","",""
529,DODDAKERE TANK,CPCB,29,Karnataka,545,Mysore,MYSORE,-,-,-,-,-,-,-,-,12.29991000,76.65965000,01-04-2021 08:30,207,"","","","",""
530,DODDAKERE TANK,CPCB,29,Karnataka,545,Mysore,MYSORE,-,-,-,-,-,-,-,-,12.29991000,76.65965000,04-05-2021 08:30,206,"","","","",""
531,DODDAKERE TANK,CPCB,29,Karnataka,545,Mysore,MYSORE,-,-,-,-,-,-,-,-,12.29991000,76.65965000,07-06-2021 08:30,406,"","","","",""
532,DODDAKERE TANK,CPCB,29,Karnataka,545,Mysore,MYSORE,-,-,-,-,-,-,-,-,12.29991000,76.65965000,06-07-2021 08:30,298,"","","","",""
533,DODDAKERE TANK,CPCB,29,Karnataka,545,Mysore,MYSORE,-,-,-,-,-,-,-,-,12.29991000,76.65965000,10-08-2021 08:30,254,"","","","",""
534,DODDAKERE TANK,CPCB,29,Karnataka,545,Mysore,MYSORE,-,-,-,-,-,-,-,-,12.29991000,76.65965000,13-09-2021 08:30,155,"","","","",""
535,DODDAKERE TANK,CPCB,29,Karnataka,545,Mysore,MYSORE,-,-,-,-,-,-,-,-,12.29991000,76.65965000,04-10-2021 08:30,185,"","","","",""
536,DODDAKERE TANK,CPCB,29,Karnataka,545,Mysore,MYSORE,-,-,-,-,-,-,-,-,12.29991000,76.65965000,17-11-2021 08:30,182,"","","","",""
537,DODDAKERE TANK,CPCB,29,Karnataka,545,Mysore,MYSORE,-,-,-,-,-,-,-,-,12.29991000,76.65965000,08-12-2021 08:30,230,"","","","",""
538,DODDANAKUNDI TANK,CPCB,29,Karnataka,525,Bangalore Urban,BANGALORE EAST,-,-,-,-,-,-,-,-,12.97677900,77.70279300,12-01-2021 08:30,829,"","","","",""
539,DODDANAKUNDI TANK,CPCB,29,Karnataka,525,Bangalore Urban,BANGALORE EAST,-,-,-,-,-,-,-,-,12.97677900,77.70279300,04-03-2021 08:30,859,"","","","",""
540,DODDANAKUNDI TANK,CPCB,29,Karnataka,525,Bangalore Urban,BANGALORE EAST,-,-,-,-,-,-,-,-,12.97677900,77.70279300,05-05-2021 08:30,2730,"","","","",""
541,DODDANAKUNDI TANK,CPCB,29,Karnataka,525,Bangalore Urban,BANGALORE EAST,-,-,-,-,-,-,-,-,12.97677900,77.70279300,08-06-2021 08:30,932,"","","","",""
542,DODDANAKUNDI TANK,CPCB,29,Karnataka,525,Bangalore Urban,BANGALORE EAST,-,-,-,-,-,-,-,-,12.97677900,77.70279300,09-08-2021 08:30,1027,"","","","",""
543,DODDANAKUNDI TANK,CPCB,29,Karnataka,525,Bangalore Urban,BANGALORE EAST,-,-,-,-,-,-,-,-,12.97677900,77.70279300,21-10-2021 08:30,646,"","","","",""
544,DODDANAKUNDI TANK,CPCB,29,Karnataka,525,Bangalore Urban,BANGALORE EAST,-,-,-,-,-,-,-,-,12.97677900,77.70279300,17-12-2021 08:30,574,"","","","",""
545,D/S OF CAUVERY AT BHAGAMANDALA BRIDGE,CPCB,29,Karnataka,526,Bangalore Rural,DODBALLAPUR,-,-,-,-,-,-,-,-,12.38470100,75.53292900,27-01-2021 08:30,"","","","","",""
546,D/S OF CAUVERY AT BHAGAMANDALA BRIDGE,CPCB,29,Karnataka,526,Bangalore Rural,DODBALLAPUR,-,-,-,-,-,-,-,-,12.38470100,75.53292900,17-02-2021 08:30,"","","","","",""
547,D/S OF CAUVERY AT BHAGAMANDALA BRIDGE,CPCB,29,Karnataka,526,Bangalore Rural,DODBALLAPUR,-,-,-,-,-,-,-,-,12.38470100,75.53292900,24-03-2021 08:30,"","","","","",""
548,D/S OF CAUVERY AT KANIVE RAMALINGESWARA TEMPLE BRIDGE KUSHALNAGAR,CPCB,29,Karnataka,526,Bangalore Rural,DODBALLAPUR,-,-,-,-,-,-,-,-,12.50864200,75.96221800,27-01-2021 08:30,"","","","","",""
549,D/S OF CAUVERY AT KANIVE RAMALINGESWARA TEMPLE BRIDGE KUSHALNAGAR,CPCB,29,Karnataka,526,Bangalore Rural,DODBALLAPUR,-,-,-,-,-,-,-,-,12.50864200,75.96221800,17-02-2021 08:30,"","","","","",""
550,D/S OF CAUVERY AT KANIVE RAMALINGESWARA TEMPLE BRIDGE KUSHALNAGAR,CPCB,29,Karnataka,526,Bangalore Rural,DODBALLAPUR,-,-,-,-,-,-,-,-,12.50864200,75.96221800,24-03-2021 08:30,"","","","","",""
551,DYAVASANDRA TANK,CPCB,29,Karnataka,525,Bangalore Urban,ANEKAL,-,-,-,-,-,-,-,-,12.75406100,77.64641100,06-01-2021 08:30,576,"","","","",""
552,DYAVASANDRA TANK,CPCB,29,Karnataka,525,Bangalore Urban,ANEKAL,-,-,-,-,-,-,-,-,12.75406100,77.64641100,01-02-2021 08:30,481,"","","","",""
553,DYAVASANDRA TANK,CPCB,29,Karnataka,525,Bangalore Urban,ANEKAL,-,-,-,-,-,-,-,-,12.75406100,77.64641100,04-03-2021 08:30,523,"","","","",""
554,DYAVASANDRA TANK,CPCB,29,Karnataka,525,Bangalore Urban,ANEKAL,-,-,-,-,-,-,-,-,12.75406100,77.64641100,08-04-2021 08:30,556,"","","","",""
555,DYAVASANDRA TANK,CPCB,29,Karnataka,525,Bangalore Urban,ANEKAL,-,-,-,-,-,-,-,-,12.75406100,77.64641100,05-05-2021 08:30,775,"","","","",""
556,DYAVASANDRA TANK,CPCB,29,Karnataka,525,Bangalore Urban,ANEKAL,-,-,-,-,-,-,-,-,12.75406100,77.64641100,08-06-2021 08:30,236,"","","","",""
557,DYAVASANDRA TANK,CPCB,29,Karnataka,525,Bangalore Urban,ANEKAL,-,-,-,-,-,-,-,-,12.75406100,77.64641100,14-07-2021 08:30,541,"","","","",""
558,DYAVASANDRA TANK,CPCB,29,Karnataka,525,Bangalore Urban,ANEKAL,-,-,-,-,-,-,-,-,12.75406100,77.64641100,09-08-2021 08:30,621,"","","","",""
559,DYAVASANDRA TANK,CPCB,29,Karnataka,525,Bangalore Urban,ANEKAL,-,-,-,-,-,-,-,-,12.75406100,77.64641100,07-09-2021 08:30,450,"","","","",""
560,DYAVASANDRA TANK,CPCB,29,Karnataka,525,Bangalore Urban,ANEKAL,-,-,-,-,-,-,-,-,12.75406100,77.64641100,25-10-2021 08:30,396,"","","","",""
561,DYAVASANDRA TANK,CPCB,29,Karnataka,525,Bangalore Urban,ANEKAL,-,-,-,-,-,-,-,-,12.75406100,77.64641100,10-11-2021 08:30,437,"","","","",""
562,DYAVASANDRA TANK,CPCB,29,Karnataka,525,Bangalore Urban,ANEKAL,-,-,-,-,-,-,-,-,12.75406100,77.64641100,13-12-2021 08:30,427,"","","","",""
563,GANGAVALI RIVER NR BRIDGE ANKOLA,CPCB,29,Karnataka,550,Uttara Kannada,ANKOLA,-,-,-,-,-,-,-,-,14.60052000,74.38215000,27-01-2021 08:30,"","","","","",""
564,GANGAVALI RIVER NR BRIDGE ANKOLA,CPCB,29,Karnataka,550,Uttara Kannada,ANKOLA,-,-,-,-,-,-,-,-,14.60052000,74.38215000,08-02-2021 08:30,"","","","","",""
565,GANGAVALI RIVER NR BRIDGE ANKOLA,CPCB,29,Karnataka,550,Uttara Kannada,ANKOLA,-,-,-,-,-,-,-,-,14.60052000,74.38215000,10-03-2021 08:30,"","","","","",""
566,GANGONDANA HALLI LAKE BENGALURU NORTH,CPCB,29,Karnataka,525,Bangalore Urban,BANGALORE NORTH,-,-,-,-,-,-,-,-,13.06516300,77.43161400,19-01-2021 08:30,2320,"","","","",""
567,GANGONDANA HALLI LAKE BENGALURU NORTH,CPCB,29,Karnataka,525,Bangalore Urban,BANGALORE NORTH,-,-,-,-,-,-,-,-,13.06516300,77.43161400,08-02-2021 08:30,2860,"","","","",""
568,GANGONDANA HALLI LAKE BENGALURU NORTH,CPCB,29,Karnataka,525,Bangalore Urban,BANGALORE NORTH,-,-,-,-,-,-,-,-,13.06516300,77.43161400,08-03-2021 08:30,2600,"","","","",""
569,GANGONDANA HALLI LAKE BENGALURU NORTH,CPCB,29,Karnataka,525,Bangalore Urban,BANGALORE NORTH,-,-,-,-,-,-,-,-,13.06516300,77.43161400,15-04-2021 08:30,3010,"","","","",""
570,GANGONDANA HALLI LAKE BENGALURU NORTH,CPCB,29,Karnataka,525,Bangalore Urban,BANGALORE NORTH,-,-,-,-,-,-,-,-,13.06516300,77.43161400,27-05-2021 08:30,2110,"","","","",""
571,GANGONDANA HALLI LAKE BENGALURU NORTH,CPCB,29,Karnataka,525,Bangalore Urban,BANGALORE NORTH,-,-,-,-,-,-,-,-,13.06516300,77.43161400,22-06-2021 08:30,1900,"","","","",""
572,GANGONDANA HALLI LAKE BENGALURU NORTH,CPCB,29,Karnataka,525,Bangalore Urban,BANGALORE NORTH,-,-,-,-,-,-,-,-,13.06516300,77.43161400,28-07-2021 08:30,1998,"","","","",""
573,GANGONDANA HALLI LAKE BENGALURU NORTH,CPCB,29,Karnataka,525,Bangalore Urban,BANGALORE NORTH,-,-,-,-,-,-,-,-,13.06516300,77.43161400,11-08-2021 08:30,2188,"","","","",""
574,GANGONDANA HALLI LAKE BENGALURU NORTH,CPCB,29,Karnataka,525,Bangalore Urban,BANGALORE NORTH,-,-,-,-,-,-,-,-,13.06516300,77.43161400,08-09-2021 08:30,1501,"","","","",""
575,GANGONDANA HALLI LAKE BENGALURU NORTH,CPCB,29,Karnataka,525,Bangalore Urban,BANGALORE NORTH,-,-,-,-,-,-,-,-,13.06516300,77.43161400,11-10-2021 08:30,1246,"","","","",""
576,GANGONDANA HALLI LAKE BENGALURU NORTH,CPCB,29,Karnataka,525,Bangalore Urban,BANGALORE NORTH,-,-,-,-,-,-,-,-,13.06516300,77.43161400,18-11-2021 08:30,359,"","","","",""
577,GANGONDANA HALLI LAKE BENGALURU NORTH,CPCB,29,Karnataka,525,Bangalore Urban,BANGALORE NORTH,-,-,-,-,-,-,-,-,13.06516300,77.43161400,15-12-2021 08:30,1906,"","","","",""
578,GANIGARAHOSAHALLIKERE TANK,CPCB,29,Karnataka,539,Hassan,HASSAN,-,-,-,-,-,-,-,-,12.93628600,76.13234600,05-01-2021 08:30,480,"","","","",""
579,GANIGARAHOSAHALLIKERE TANK,CPCB,29,Karnataka,539,Hassan,HASSAN,-,-,-,-,-,-,-,-,12.93628600,76.13234600,12-02-2021 08:30,460,"","","","",""
580,GANIGARAHOSAHALLIKERE TANK,CPCB,29,Karnataka,539,Hassan,HASSAN,-,-,-,-,-,-,-,-,12.93628600,76.13234600,08-09-2021 08:30,1180,"","","","",""
581,GANIGARAHOSAHALLIKERE TANK,CPCB,29,Karnataka,539,Hassan,HASSAN,-,-,-,-,-,-,-,-,12.93628600,76.13234600,04-10-2021 08:30,980,"","","","",""
582,GANIGARAHOSAHALLIKERE TANK,CPCB,29,Karnataka,539,Hassan,HASSAN,-,-,-,-,-,-,-,-,12.93628600,76.13234600,09-11-2021 08:30,550,"","","","",""
583,GANIGARAHOSAHALLIKERE TANK,CPCB,29,Karnataka,539,Hassan,HASSAN,-,-,-,-,-,-,-,-,12.93628600,76.13234600,03-12-2021 08:30,560,"","","","",""
584,GARUDACHARPALYA LAKE,CPCB,29,Karnataka,525,Bangalore Urban,BANGALORE EAST,-,-,-,-,-,-,-,-,12.98769400,77.69750000,06-01-2021 08:30,381,"","","","",""
585,GARUDACHARPALYA LAKE,CPCB,29,Karnataka,525,Bangalore Urban,BANGALORE EAST,-,-,-,-,-,-,-,-,12.98769400,77.69750000,04-03-2021 08:30,615,"","","","",""
586,GARUDACHARPALYA LAKE,CPCB,29,Karnataka,525,Bangalore Urban,BANGALORE EAST,-,-,-,-,-,-,-,-,12.98769400,77.69750000,05-05-2021 08:30,955,"","","","",""
587,GARUDACHARPALYA LAKE,CPCB,29,Karnataka,525,Bangalore Urban,BANGALORE EAST,-,-,-,-,-,-,-,-,12.98769400,77.69750000,08-06-2021 08:30,385,"","","","",""
588,GARUDACHARPALYA LAKE,CPCB,29,Karnataka,525,Bangalore Urban,BANGALORE EAST,-,-,-,-,-,-,-,-,12.98769400,77.69750000,14-07-2021 08:30,576,"","","","",""
589,GARUDACHARPALYA LAKE,CPCB,29,Karnataka,525,Bangalore Urban,BANGALORE EAST,-,-,-,-,-,-,-,-,12.98769400,77.69750000,09-08-2021 08:30,325,"","","","",""
590,GARUDACHARPALYA LAKE,CPCB,29,Karnataka,525,Bangalore Urban,BANGALORE EAST,-,-,-,-,-,-,-,-,12.98769400,77.69750000,20-09-2021 08:30,332,"","","","",""
591,GARUDACHARPALYA LAKE,CPCB,29,Karnataka,525,Bangalore Urban,BANGALORE EAST,-,-,-,-,-,-,-,-,12.98769400,77.69750000,25-10-2021 08:30,1769,"","","","",""
592,GARUDACHARPALYA LAKE,CPCB,29,Karnataka,525,Bangalore Urban,BANGALORE EAST,-,-,-,-,-,-,-,-,12.98769400,77.69750000,10-11-2021 08:30,401,"","","","",""
593,GARUDACHARPALYA LAKE,CPCB,29,Karnataka,525,Bangalore Urban,BANGALORE EAST,-,-,-,-,-,-,-,-,12.98769400,77.69750000,17-12-2021 08:30,341,"","","","",""
594,GAVENAHALLIKERE,CPCB,29,Karnataka,539,Hassan,HASSAN,-,-,-,-,-,-,-,-,13.00413600,76.12860300,05-01-2021 08:30,460,"","","","",""
595,GAVENAHALLIKERE,CPCB,29,Karnataka,539,Hassan,HASSAN,-,-,-,-,-,-,-,-,13.00413600,76.12860300,12-02-2021 08:30,440,"","","","",""
596,GAVENAHALLIKERE,CPCB,29,Karnataka,539,Hassan,HASSAN,-,-,-,-,-,-,-,-,13.00413600,76.12860300,06-03-2021 08:30,450,"","","","",""
597,GAVENAHALLIKERE,CPCB,29,Karnataka,539,Hassan,HASSAN,-,-,-,-,-,-,-,-,13.00413600,76.12860300,03-04-2021 08:30,460,"","","","",""
598,GAVENAHALLIKERE,CPCB,29,Karnataka,539,Hassan,HASSAN,-,-,-,-,-,-,-,-,13.00413600,76.12860300,03-05-2021 08:30,450,"","","","",""
599,GAVENAHALLIKERE,CPCB,29,Karnataka,539,Hassan,HASSAN,-,-,-,-,-,-,-,-,13.00413600,76.12860300,02-06-2021 08:30,470,"","","","",""
600,GAVENAHALLIKERE,CPCB,29,Karnataka,539,Hassan,HASSAN,-,-,-,-,-,-,-,-,13.00413600,76.12860300,03-07-2021 08:30,400,"","","","",""
601,GAVENAHALLIKERE,CPCB,29,Karnataka,539,Hassan,HASSAN,-,-,-,-,-,-,-,-,13.00413600,76.12860300,02-08-2021 08:30,390,"","","","",""
602,GAVENAHALLIKERE,CPCB,29,Karnataka,539,Hassan,HASSAN,-,-,-,-,-,-,-,-,13.00413600,76.12860300,07-09-2021 08:30,430,"","","","",""
603,GAVENAHALLIKERE,CPCB,29,Karnataka,539,Hassan,HASSAN,-,-,-,-,-,-,-,-,13.00413600,76.12860300,01-10-2021 08:30,450,"","","","",""
604,GAVENAHALLIKERE,CPCB,29,Karnataka,539,Hassan,HASSAN,-,-,-,-,-,-,-,-,13.00413600,76.12860300,09-11-2021 08:30,420,"","","","",""
605,GAVENAHALLIKERE,CPCB,29,Karnataka,539,Hassan,HASSAN,-,-,-,-,-,-,-,-,13.00413600,76.12860300,03-12-2021 08:30,330,"","","","",""
606,GHATPRABHA AT D/S OF MUDHOL RD. CROSS BDG.,CPCB,29,Karnataka,524,Bagalkote,BAGALKOT,-,-,-,-,-,-,-,-,16.32810300,75.26833300,04-01-2021 08:30,"","","","","",""
607,GHATPRABHA AT D/S OF MUDHOL RD. CROSS BDG.,CPCB,29,Karnataka,524,Bagalkote,BAGALKOT,-,-,-,-,-,-,-,-,16.32810300,75.26833300,01-02-2021 08:30,"","","","","",""
608,GHATPRABHA AT D/S OF MUDHOL RD. CROSS BDG.,CPCB,29,Karnataka,524,Bagalkote,BAGALKOT,-,-,-,-,-,-,-,-,16.32810300,75.26833300,09-03-2021 08:30,"","","","","",""
609,GHATPRABHA AT W.A. POINT TO GOKAK TOWN,CPCB,29,Karnataka,527,Belgaum,GOKAK,-,-,-,-,-,-,-,-,16.17496100,74.82250800,06-01-2021 08:30,"","","","","",""
610,GHATPRABHA AT W.A. POINT TO GOKAK TOWN,CPCB,29,Karnataka,527,Belgaum,GOKAK,-,-,-,-,-,-,-,-,16.17496100,74.82250800,09-02-2021 08:30,"","","","","",""
611,GHATPRABHA AT W.A. POINT TO GOKAK TOWN,CPCB,29,Karnataka,527,Belgaum,GOKAK,-,-,-,-,-,-,-,-,16.17496100,74.82250800,08-03-2021 08:30,"","","","","",""
612,GHATPRABHA RIVER DAVALSHWAR BARAAGE JACKWELL FOR DRINKING WATER SUPPLY,CPCB,29,Karnataka,524,Bagalkote,BAGALKOT,-,-,-,-,-,-,-,-,16.32196400,75.24511500,04-01-2021 08:30,"","","","","",""
613,GHATPRABHA RIVER DAVALSHWAR BARAAGE JACKWELL FOR DRINKING WATER SUPPLY,CPCB,29,Karnataka,524,Bagalkote,BAGALKOT,-,-,-,-,-,-,-,-,16.32196400,75.24511500,01-02-2021 08:30,"","","","","",""
614,GHATPRABHA RIVER DAVALSHWAR BARAAGE JACKWELL FOR DRINKING WATER SUPPLY,CPCB,29,Karnataka,524,Bagalkote,BAGALKOT,-,-,-,-,-,-,-,-,16.32196400,75.24511500,09-03-2021 08:30,"","","","","",""
615,GOTTIGERE LAKE,CPCB,29,Karnataka,548,Tumkur,TURUVEKERE,-,-,-,-,-,-,-,-,13.05251400,76.60899600,01-01-2021 08:30,2206,"","","","",""
616,GOTTIGERE LAKE,CPCB,29,Karnataka,525,Bangalore Urban,BANGALORE SOUTH,-,-,-,-,-,-,-,-,12.85178900,77.59079000,27-01-2021 08:30,718,"","","","",""
617,GOTTIGERE LAKE,CPCB,29,Karnataka,548,Tumkur,TURUVEKERE,-,-,-,-,-,-,-,-,13.05251400,76.60899600,04-02-2021 08:30,1738,"","","","",""
618,GOTTIGERE LAKE,CPCB,29,Karnataka,525,Bangalore Urban,BANGALORE SOUTH,-,-,-,-,-,-,-,-,12.85178900,77.59079000,17-02-2021 08:30,935,"","","","",""
619,GOTTIGERE LAKE,CPCB,29,Karnataka,525,Bangalore Urban,BANGALORE SOUTH,-,-,-,-,-,-,-,-,12.85178900,77.59079000,03-03-2021 08:30,221,"","","","",""
620,GOTTIGERE LAKE,CPCB,29,Karnataka,548,Tumkur,TURUVEKERE,-,-,-,-,-,-,-,-,13.05251400,76.60899600,08-03-2021 08:30,899,"","","","",""
621,GOTTIGERE LAKE,CPCB,29,Karnataka,548,Tumkur,TURUVEKERE,-,-,-,-,-,-,-,-,13.05251400,76.60899600,01-04-2021 08:30,965,"","","","",""
622,GOTTIGERE LAKE,CPCB,29,Karnataka,525,Bangalore Urban,BANGALORE SOUTH,-,-,-,-,-,-,-,-,12.85178900,77.59079000,05-04-2021 08:30,891,"","","","",""
623,GOTTIGERE LAKE,CPCB,29,Karnataka,548,Tumkur,TURUVEKERE,-,-,-,-,-,-,-,-,13.05251400,76.60899600,04-05-2021 08:30,1174,"","","","",""
624,GOTTIGERE LAKE,CPCB,29,Karnataka,525,Bangalore Urban,BANGALORE SOUTH,-,-,-,-,-,-,-,-,12.85178900,77.59079000,19-05-2021 08:30,566,"","","","",""
625,GOTTIGERE LAKE,CPCB,29,Karnataka,525,Bangalore Urban,BANGALORE SOUTH,-,-,-,-,-,-,-,-,12.85178900,77.59079000,03-06-2021 08:30,540,"","","","",""
626,GOTTIGERE LAKE,CPCB,29,Karnataka,548,Tumkur,TURUVEKERE,-,-,-,-,-,-,-,-,13.05251400,76.60899600,07-06-2021 08:30,2440,"","","","",""
627,GOTTIGERE LAKE,CPCB,29,Karnataka,548,Tumkur,TURUVEKERE,-,-,-,-,-,-,-,-,13.05251400,76.60899600,06-07-2021 08:30,2720,"","","","",""
628,GOTTIGERE LAKE,CPCB,29,Karnataka,525,Bangalore Urban,BANGALORE SOUTH,-,-,-,-,-,-,-,-,12.85178900,77.59079000,12-07-2021 08:30,491,"","","","",""
629,GOTTIGERE LAKE,CPCB,29,Karnataka,525,Bangalore Urban,BANGALORE SOUTH,-,-,-,-,-,-,-,-,12.85178900,77.59079000,05-08-2021 08:30,1453,"","","","",""
630,GOTTIGERE LAKE,CPCB,29,Karnataka,548,Tumkur,TURUVEKERE,-,-,-,-,-,-,-,-,13.05251400,76.60899600,10-08-2021 08:30,1953,"","","","",""
631,GOTTIGERE LAKE,CPCB,29,Karnataka,525,Bangalore Urban,BANGALORE SOUTH,-,-,-,-,-,-,-,-,12.85178900,77.59079000,01-09-2021 08:30,491,"","","","",""
632,GOTTIGERE LAKE,CPCB,29,Karnataka,548,Tumkur,TURUVEKERE,-,-,-,-,-,-,-,-,13.05251400,76.60899600,13-09-2021 08:30,1212,"","","","",""
633,GOTTIGERE LAKE,CPCB,29,Karnataka,548,Tumkur,TURUVEKERE,-,-,-,-,-,-,-,-,13.05251400,76.60899600,04-10-2021 08:30,1308,"","","","",""
634,GOTTIGERE LAKE,CPCB,29,Karnataka,525,Bangalore Urban,BANGALORE SOUTH,-,-,-,-,-,-,-,-,12.85178900,77.59079000,11-10-2021 08:30,442,"","","","",""
635,GOTTIGERE LAKE,CPCB,29,Karnataka,525,Bangalore Urban,BANGALORE SOUTH,-,-,-,-,-,-,-,-,12.85178900,77.59079000,17-11-2021 08:30,964,"","","","",""
636,GOTTIGERE LAKE,CPCB,29,Karnataka,548,Tumkur,TURUVEKERE,-,-,-,-,-,-,-,-,13.05251400,76.60899600,17-11-2021 08:30,745,"","","","",""
637,GOTTIGERE LAKE,CPCB,29,Karnataka,525,Bangalore Urban,BANGALORE SOUTH,-,-,-,-,-,-,-,-,12.85178900,77.59079000,06-12-2021 08:30,953,"","","","",""
638,GOTTIGERE LAKE,CPCB,29,Karnataka,548,Tumkur,TURUVEKERE,-,-,-,-,-,-,-,-,13.05251400,76.60899600,08-12-2021 08:30,240,"","","","",""
639,GUBBALAL KERE,CPCB,29,Karnataka,525,Bangalore Urban,BANGALORE SOUTH,-,-,-,-,-,-,-,-,12.88066700,77.53972200,26-07-2021 08:30,265,"","","","",""
640,GUBBALAL KERE,CPCB,29,Karnataka,525,Bangalore Urban,BANGALORE SOUTH,-,-,-,-,-,-,-,-,12.88066700,77.53972200,10-08-2021 08:30,301,"","","","",""
641,GUBBALAL KERE,CPCB,29,Karnataka,525,Bangalore Urban,BANGALORE SOUTH,-,-,-,-,-,-,-,-,12.88066700,77.53972200,06-09-2021 08:30,247,"","","","",""
642,GUBBALAL KERE,CPCB,29,Karnataka,525,Bangalore Urban,BANGALORE SOUTH,-,-,-,-,-,-,-,-,12.88066700,77.53972200,11-10-2021 08:30,272,"","","","",""
643,GUBBALAL KERE,CPCB,29,Karnataka,525,Bangalore Urban,BANGALORE SOUTH,-,-,-,-,-,-,-,-,12.88066700,77.53972200,16-11-2021 08:30,278,"","","","",""
644,GUBBALAL KERE,CPCB,29,Karnataka,525,Bangalore Urban,BANGALORE SOUTH,-,-,-,-,-,-,-,-,12.88066700,77.53972200,07-12-2021 08:30,371,"","","","",""
645,GUNDABAI RIVER AT HADINABAI BRIDGE,CPCB,29,Karnataka,542,Kolar,KOLAR,-,-,-,-,-,-,-,-,14.29703000,74.52951000,27-01-2021 08:30,"","","","","",""
646,GUNDABAI RIVER AT HADINABAI BRIDGE,CPCB,29,Karnataka,542,Kolar,KOLAR,-,-,-,-,-,-,-,-,14.29703000,74.52951000,08-02-2021 08:30,"","","","","",""
647,GUNDABAI RIVER AT HADINABAI BRIDGE,CPCB,29,Karnataka,542,Kolar,KOLAR,-,-,-,-,-,-,-,-,14.29703000,74.52951000,10-03-2021 08:30,"","","","","",""
648,GUNDAL RESERVOIR GUNDAL KOLLEGALA TQ & CHAMARAJANAGARA DIST,CPCB,29,Karnataka,531,Chamarajanagara,CHAMARAJANAGAR,-,-,-,-,-,-,-,-,12.08659700,77.19879300,28-01-2021 08:30,"","","","","",""
649,GUNDAL RESERVOIR GUNDAL KOLLEGALA TQ & CHAMARAJANAGARA DIST,CPCB,29,Karnataka,531,Chamarajanagara,CHAMARAJANAGAR,-,-,-,-,-,-,-,-,12.08659700,77.19879300,17-02-2021 08:30,"","","","","",""
650,GUNDAL RESERVOIR GUNDAL KOLLEGALA TQ & CHAMARAJANAGARA DIST,CPCB,29,Karnataka,531,Chamarajanagara,CHAMARAJANAGAR,-,-,-,-,-,-,-,-,12.08659700,77.19879300,10-03-2021 08:30,"","","","","",""
651,HANUMANTHAPURAKATTE TANK,CPCB,29,Karnataka,544,Mandya,KRISHNARAJPET,-,-,-,-,-,-,-,-,12.67458000,76.56963000,07-01-2021 08:30,460,"","","","",""
652,HANUMANTHAPURAKATTE TANK,CPCB,29,Karnataka,544,Mandya,KRISHNARAJPET,-,-,-,-,-,-,-,-,12.67458000,76.56963000,12-02-2021 08:30,470,"","","","",""
653,HANUMANTHAPURAKATTE TANK,CPCB,29,Karnataka,544,Mandya,KRISHNARAJPET,-,-,-,-,-,-,-,-,12.67458000,76.56963000,06-03-2021 08:30,480,"","","","",""
654,HANUMANTHAPURAKATTE TANK,CPCB,29,Karnataka,544,Mandya,KRISHNARAJPET,-,-,-,-,-,-,-,-,12.67458000,76.56963000,02-08-2021 08:30,440,"","","","",""
655,HANUMANTHAPURAKATTE TANK,CPCB,29,Karnataka,544,Mandya,KRISHNARAJPET,-,-,-,-,-,-,-,-,12.67458000,76.56963000,08-09-2021 08:30,470,"","","","",""
656,HANUMANTHAPURAKATTE TANK,CPCB,29,Karnataka,544,Mandya,KRISHNARAJPET,-,-,-,-,-,-,-,-,12.67458000,76.56963000,04-10-2021 08:30,500,"","","","",""
657,HANUMANTHAPURAKATTE TANK,CPCB,29,Karnataka,544,Mandya,KRISHNARAJPET,-,-,-,-,-,-,-,-,12.67458000,76.56963000,09-11-2021 08:30,390,"","","","",""
658,HANUMANTHAPURAKATTE TANK,CPCB,29,Karnataka,544,Mandya,KRISHNARAJPET,-,-,-,-,-,-,-,-,12.67458000,76.56963000,03-12-2021 08:30,420,"","","","",""
659,HARALAKUNTE LAKE,CPCB,29,Karnataka,542,Kolar,KOLAR,-,-,-,-,-,-,-,-,13.09222200,78.20770700,27-01-2021 08:30,1192,"","","","",""
660,HARALAKUNTE LAKE,CPCB,29,Karnataka,542,Kolar,KOLAR,-,-,-,-,-,-,-,-,13.09222200,78.20770700,17-02-2021 08:30,866,"","","","",""
661,HARALAKUNTE LAKE,CPCB,29,Karnataka,542,Kolar,KOLAR,-,-,-,-,-,-,-,-,13.09222200,78.20770700,03-03-2021 08:30,1015,"","","","",""
662,HARALAKUNTE LAKE,CPCB,29,Karnataka,542,Kolar,KOLAR,-,-,-,-,-,-,-,-,13.09222200,78.20770700,05-04-2021 08:30,891,"","","","",""
663,HARALAKUNTE LAKE,CPCB,29,Karnataka,542,Kolar,KOLAR,-,-,-,-,-,-,-,-,13.09222200,78.20770700,19-05-2021 08:30,1282,"","","","",""
664,HARALAKUNTE LAKE,CPCB,29,Karnataka,542,Kolar,KOLAR,-,-,-,-,-,-,-,-,13.09222200,78.20770700,03-06-2021 08:30,1195,"","","","",""
665,HARALAKUNTE LAKE,CPCB,29,Karnataka,542,Kolar,KOLAR,-,-,-,-,-,-,-,-,13.09222200,78.20770700,12-07-2021 08:30,1041,"","","","",""
666,HARALAKUNTE LAKE,CPCB,29,Karnataka,542,Kolar,KOLAR,-,-,-,-,-,-,-,-,13.09222200,78.20770700,05-08-2021 08:30,1211,"","","","",""
667,HARALAKUNTE LAKE,CPCB,29,Karnataka,542,Kolar,KOLAR,-,-,-,-,-,-,-,-,13.09222200,78.20770700,01-09-2021 08:30,1231,"","","","",""
668,HARALAKUNTE LAKE,CPCB,29,Karnataka,542,Kolar,KOLAR,-,-,-,-,-,-,-,-,13.09222200,78.20770700,11-10-2021 08:30,814,"","","","",""
669,HARALAKUNTE LAKE,CPCB,29,Karnataka,542,Kolar,KOLAR,-,-,-,-,-,-,-,-,13.09222200,78.20770700,08-11-2021 08:30,812,"","","","",""
670,HARALAKUNTE LAKE,CPCB,29,Karnataka,542,Kolar,KOLAR,-,-,-,-,-,-,-,-,13.09222200,78.20770700,06-12-2021 08:30,951,"","","","",""
671,HEBALLA VALLEY LAKE AT D/S ROAD BRIDGE NR. MANDYA,CPCB,29,Karnataka,544,Mandya,PANDAVAPURA,-,-,-,-,-,-,-,-,12.56370600,76.73553300,29-01-2021 08:30,483,"","","","",""
672,HEBALLA VALLEY LAKE AT D/S ROAD BRIDGE NR. MANDYA,CPCB,29,Karnataka,544,Mandya,PANDAVAPURA,-,-,-,-,-,-,-,-,12.56370600,76.73553300,23-02-2021 08:30,512,"","","","",""
673,HEBALLA VALLEY LAKE AT D/S ROAD BRIDGE NR. MANDYA,CPCB,29,Karnataka,544,Mandya,PANDAVAPURA,-,-,-,-,-,-,-,-,12.56370600,76.73553300,23-03-2021 08:30,606,"","","","",""
674,HEBALLA VALLEY LAKE AT D/S ROAD BRIDGE NR. MANDYA,CPCB,29,Karnataka,544,Mandya,PANDAVAPURA,-,-,-,-,-,-,-,-,12.56370600,76.73553300,16-04-2021 08:30,494,"","","","",""
675,HEBALLA VALLEY LAKE AT D/S ROAD BRIDGE NR. MANDYA,CPCB,29,Karnataka,544,Mandya,PANDAVAPURA,-,-,-,-,-,-,-,-,12.56370600,76.73553300,18-05-2021 08:30,509,"","","","",""
676,HEBALLA VALLEY LAKE AT D/S ROAD BRIDGE NR. MANDYA,CPCB,29,Karnataka,544,Mandya,PANDAVAPURA,-,-,-,-,-,-,-,-,12.56370600,76.73553300,16-06-2021 08:30,509,"","","","",""
677,HEBALLA VALLEY LAKE AT D/S ROAD BRIDGE NR. MANDYA,CPCB,29,Karnataka,544,Mandya,PANDAVAPURA,-,-,-,-,-,-,-,-,12.56370600,76.73553300,30-07-2021 08:30,655,"","","","",""
678,HEBALLA VALLEY LAKE AT D/S ROAD BRIDGE NR. MANDYA,CPCB,29,Karnataka,544,Mandya,PANDAVAPURA,-,-,-,-,-,-,-,-,12.56370600,76.73553300,09-08-2021 08:30,430,"","","","",""
679,HEBALLA VALLEY LAKE AT D/S ROAD BRIDGE NR. MANDYA,CPCB,29,Karnataka,544,Mandya,PANDAVAPURA,-,-,-,-,-,-,-,-,12.56370600,76.73553300,13-09-2021 08:30,406,"","","","",""
680,HEBALLA VALLEY LAKE AT D/S ROAD BRIDGE NR. MANDYA,CPCB,29,Karnataka,544,Mandya,PANDAVAPURA,-,-,-,-,-,-,-,-,12.56370600,76.73553300,11-10-2021 08:30,386,"","","","",""
681,HEBALLA VALLEY LAKE AT D/S ROAD BRIDGE NR. MANDYA,CPCB,29,Karnataka,544,Mandya,PANDAVAPURA,-,-,-,-,-,-,-,-,12.56370600,76.73553300,16-11-2021 08:30,514,"","","","",""
682,HEBALLA VALLEY LAKE AT D/S ROAD BRIDGE NR. MANDYA,CPCB,29,Karnataka,544,Mandya,PANDAVAPURA,-,-,-,-,-,-,-,-,12.56370600,76.73553300,08-12-2021 08:30,620,"","","","",""
683,HEBBAL LAKE,CPCB,29,Karnataka,525,Bangalore Urban,BANGALORE NORTH,-,-,-,-,-,-,-,-,13.04446800,77.58591200,06-01-2021 08:30,1339,"","","","",""
684,HEBBAL LAKE,CPCB,29,Karnataka,525,Bangalore Urban,BANGALORE NORTH,-,-,-,-,-,-,-,-,13.04877400,77.58720500,06-01-2021 08:30,303,"","","","",""
685,HEBBAL LAKE,CPCB,29,Karnataka,525,Bangalore Urban,BANGALORE NORTH,-,-,-,-,-,-,-,-,13.04877400,77.58720500,09-02-2021 08:30,672,"","","","",""
686,HEBBAL LAKE,CPCB,29,Karnataka,525,Bangalore Urban,BANGALORE NORTH,-,-,-,-,-,-,-,-,13.04446800,77.58591200,18-02-2021 08:30,1334,"","","","",""
687,HEBBAL LAKE,CPCB,29,Karnataka,525,Bangalore Urban,BANGALORE NORTH,-,-,-,-,-,-,-,-,13.04877400,77.58720500,04-03-2021 08:30,759,"","","","",""
688,HEBBAL LAKE,CPCB,29,Karnataka,525,Bangalore Urban,BANGALORE NORTH,-,-,-,-,-,-,-,-,13.04446800,77.58591200,08-03-2021 08:30,1268,"","","","",""
689,HEBBAL LAKE,CPCB,29,Karnataka,525,Bangalore Urban,BANGALORE NORTH,-,-,-,-,-,-,-,-,13.04877400,77.58720500,06-04-2021 08:30,683,"","","","",""
690,HEBBAL LAKE,CPCB,29,Karnataka,525,Bangalore Urban,BANGALORE NORTH,-,-,-,-,-,-,-,-,13.04446800,77.58591200,17-04-2021 08:30,1336,"","","","",""
691,HEBBAL LAKE,CPCB,29,Karnataka,525,Bangalore Urban,BANGALORE NORTH,-,-,-,-,-,-,-,-,13.04446800,77.58591200,07-05-2021 08:30,1240,"","","","",""
692,HEBBAL LAKE,CPCB,29,Karnataka,525,Bangalore Urban,BANGALORE NORTH,-,-,-,-,-,-,-,-,13.04877400,77.58720500,17-05-2021 08:30,714,"","","","",""
693,HEBBAL LAKE,CPCB,29,Karnataka,525,Bangalore Urban,BANGALORE NORTH,-,-,-,-,-,-,-,-,13.04877400,77.58720500,08-06-2021 08:30,717,"","","","",""
694,HEBBAL LAKE,CPCB,29,Karnataka,525,Bangalore Urban,BANGALORE NORTH,-,-,-,-,-,-,-,-,13.04446800,77.58591200,15-06-2021 08:30,1250,"","","","",""
695,HEBBAL LAKE,CPCB,29,Karnataka,525,Bangalore Urban,BANGALORE NORTH,-,-,-,-,-,-,-,-,13.04877400,77.58720500,08-07-2021 08:30,741,"","","","",""
696,HEBBAL LAKE,CPCB,29,Karnataka,525,Bangalore Urban,BANGALORE NORTH,-,-,-,-,-,-,-,-,13.04446800,77.58591200,22-07-2021 08:30,1161,"","","","",""
697,HEBBAL LAKE,CPCB,29,Karnataka,525,Bangalore Urban,BANGALORE NORTH,-,-,-,-,-,-,-,-,13.04877400,77.58720500,03-08-2021 08:30,376,"","","","",""
698,HEBBAL LAKE,CPCB,29,Karnataka,525,Bangalore Urban,BANGALORE NORTH,-,-,-,-,-,-,-,-,13.04446800,77.58591200,10-08-2021 08:30,1228,"","","","",""
699,HEBBAL LAKE,CPCB,29,Karnataka,525,Bangalore Urban,BANGALORE NORTH,-,-,-,-,-,-,-,-,13.04877400,77.58720500,02-09-2021 08:30,740,"","","","",""
700,HEBBAL LAKE,CPCB,29,Karnataka,525,Bangalore Urban,BANGALORE NORTH,-,-,-,-,-,-,-,-,13.04446800,77.58591200,04-09-2021 08:30,1164,"","","","",""
701,HEBBAL LAKE,CPCB,29,Karnataka,525,Bangalore Urban,BANGALORE NORTH,-,-,-,-,-,-,-,-,13.04877400,77.58720500,11-10-2021 08:30,974,"","","","",""
702,HEBBAL LAKE,CPCB,29,Karnataka,525,Bangalore Urban,BANGALORE NORTH,-,-,-,-,-,-,-,-,13.04446800,77.58591200,22-10-2021 08:30,986,"","","","",""
703,HEBBAL LAKE,CPCB,29,Karnataka,525,Bangalore Urban,BANGALORE NORTH,-,-,-,-,-,-,-,-,13.04877400,77.58720500,09-11-2021 08:30,592,"","","","",""
704,HEBBAL LAKE,CPCB,29,Karnataka,525,Bangalore Urban,BANGALORE NORTH,-,-,-,-,-,-,-,-,13.04446800,77.58591200,18-11-2021 08:30,1127,"","","","",""
705,HEBBAL LAKE,CPCB,29,Karnataka,525,Bangalore Urban,BANGALORE NORTH,-,-,-,-,-,-,-,-,13.04877400,77.58720500,08-12-2021 08:30,550,"","","","",""
706,HEBBAL LAKE,CPCB,29,Karnataka,525,Bangalore Urban,BANGALORE NORTH,-,-,-,-,-,-,-,-,13.04446800,77.58591200,15-12-2021 08:30,1549,"","","","",""
707,HEMAVATI AT D/S OF HOLENARASIPURA TOWN AT RAMADEVALA WEIR,CPCB,29,Karnataka,539,Hassan,HOLENARSIPUR,-,-,-,-,-,-,-,-,12.80969400,76.20564200,04-01-2021 08:30,"","","","","",""
708,HEMAVATI AT D/S OF HOLENARASIPURA TOWN AT RAMADEVALA WEIR,CPCB,29,Karnataka,539,Hassan,HOLENARSIPUR,-,-,-,-,-,-,-,-,12.80969400,76.20564200,05-02-2021 08:30,"","","","","",""
709,HEMAVATI AT D/S OF HOLENARASIPURA TOWN AT RAMADEVALA WEIR,CPCB,29,Karnataka,539,Hassan,HOLENARSIPUR,-,-,-,-,-,-,-,-,12.80969400,76.20564200,10-03-2021 08:30,"","","","","",""
710,HEREKERE TANK,CPCB,29,Karnataka,525,Bangalore Urban,BANGALORE SOUTH,-,-,-,-,-,-,-,-,12.88323700,77.59804900,12-01-2021 08:30,870,"","","","",""
711,HEREKERE TANK,CPCB,29,Karnataka,525,Bangalore Urban,BANGALORE SOUTH,-,-,-,-,-,-,-,-,12.88323700,77.59804900,10-02-2021 08:30,739,"","","","",""
712,HEREKERE TANK,CPCB,29,Karnataka,525,Bangalore Urban,BANGALORE SOUTH,-,-,-,-,-,-,-,-,12.88323700,77.59804900,08-03-2021 08:30,824,"","","","",""
713,HEREKERE TANK,CPCB,29,Karnataka,525,Bangalore Urban,BANGALORE SOUTH,-,-,-,-,-,-,-,-,12.88323700,77.59804900,15-04-2021 08:30,803,"","","","",""
714,HEREKERE TANK,CPCB,29,Karnataka,525,Bangalore Urban,BANGALORE SOUTH,-,-,-,-,-,-,-,-,12.88323700,77.59804900,17-05-2021 08:30,758,"","","","",""
715,HEREKERE TANK,CPCB,29,Karnataka,525,Bangalore Urban,BANGALORE SOUTH,-,-,-,-,-,-,-,-,12.88323700,77.59804900,11-06-2021 08:30,810,"","","","",""
716,HEREKERE TANK,CPCB,29,Karnataka,525,Bangalore Urban,BANGALORE SOUTH,-,-,-,-,-,-,-,-,12.88323700,77.59804900,08-07-2021 08:30,834,"","","","",""
717,HEREKERE TANK,CPCB,29,Karnataka,525,Bangalore Urban,BANGALORE SOUTH,-,-,-,-,-,-,-,-,12.88323700,77.59804900,11-08-2021 08:30,845,"","","","",""
718,HEREKERE TANK,CPCB,29,Karnataka,525,Bangalore Urban,BANGALORE SOUTH,-,-,-,-,-,-,-,-,12.88323700,77.59804900,09-09-2021 08:30,889,"","","","",""
719,HEREKERE TANK,CPCB,29,Karnataka,525,Bangalore Urban,BANGALORE SOUTH,-,-,-,-,-,-,-,-,12.88323700,77.59804900,12-10-2021 08:30,790,"","","","",""
720,HEREKERE TANK,CPCB,29,Karnataka,525,Bangalore Urban,BANGALORE SOUTH,-,-,-,-,-,-,-,-,12.88323700,77.59804900,09-11-2021 08:30,842,"","","","",""
721,HEREKERE TANK,CPCB,29,Karnataka,525,Bangalore Urban,BANGALORE SOUTH,-,-,-,-,-,-,-,-,12.88323700,77.59804900,14-12-2021 08:30,820,"","","","",""
722,HEROHALLI TANK,CPCB,29,Karnataka,525,Bangalore Urban,BANGALORE NORTH,-,-,-,-,-,-,-,-,12.98926100,77.49237400,11-01-2021 08:30,1566,"","","","",""
723,HEROHALLI TANK,CPCB,29,Karnataka,525,Bangalore Urban,BANGALORE NORTH,-,-,-,-,-,-,-,-,12.98926100,77.49237400,08-02-2021 08:30,908,"","","","",""
724,HEROHALLI TANK,CPCB,29,Karnataka,525,Bangalore Urban,BANGALORE NORTH,-,-,-,-,-,-,-,-,12.98926100,77.49237400,03-03-2021 08:30,659,"","","","",""
725,HEROHALLI TANK,CPCB,29,Karnataka,525,Bangalore Urban,BANGALORE NORTH,-,-,-,-,-,-,-,-,12.98926100,77.49237400,15-04-2021 08:30,392,"","","","",""
726,HEROHALLI TANK,CPCB,29,Karnataka,525,Bangalore Urban,BANGALORE NORTH,-,-,-,-,-,-,-,-,12.98926100,77.49237400,27-05-2021 08:30,679,"","","","",""
727,HEROHALLI TANK,CPCB,29,Karnataka,525,Bangalore Urban,BANGALORE NORTH,-,-,-,-,-,-,-,-,12.98926100,77.49237400,22-06-2021 08:30,749,"","","","",""
728,HEROHALLI TANK,CPCB,29,Karnataka,525,Bangalore Urban,BANGALORE NORTH,-,-,-,-,-,-,-,-,12.98926100,77.49237400,26-07-2021 08:30,760,"","","","",""
729,HEROHALLI TANK,CPCB,29,Karnataka,525,Bangalore Urban,BANGALORE NORTH,-,-,-,-,-,-,-,-,12.98926100,77.49237400,11-08-2021 08:30,321,"","","","",""
730,HEROHALLI TANK,CPCB,29,Karnataka,525,Bangalore Urban,BANGALORE NORTH,-,-,-,-,-,-,-,-,12.98926100,77.49237400,08-09-2021 08:30,359,"","","","",""
731,HEROHALLI TANK,CPCB,29,Karnataka,525,Bangalore Urban,BANGALORE NORTH,-,-,-,-,-,-,-,-,12.98926100,77.49237400,11-10-2021 08:30,406,"","","","",""
732,HEROHALLI TANK,CPCB,29,Karnataka,525,Bangalore Urban,BANGALORE NORTH,-,-,-,-,-,-,-,-,12.98926100,77.49237400,24-11-2021 08:30,322,"","","","",""
733,HEROHALLI TANK,CPCB,29,Karnataka,525,Bangalore Urban,BANGALORE NORTH,-,-,-,-,-,-,-,-,12.98926100,77.49237400,15-12-2021 08:30,504,"","","","",""
734,HESARAGHATTA TANK,CPCB,29,Karnataka,525,Bangalore Urban,BANGALORE NORTH,-,-,-,-,-,-,-,-,13.17089400,77.48948500,11-01-2021 08:30,272,"","","","",""
735,HESARAGHATTA TANK,CPCB,29,Karnataka,525,Bangalore Urban,BANGALORE NORTH,-,-,-,-,-,-,-,-,13.17089400,77.48948500,18-02-2021 08:30,251,"","","","",""
736,HESARAGHATTA TANK,CPCB,29,Karnataka,525,Bangalore Urban,BANGALORE NORTH,-,-,-,-,-,-,-,-,13.17089400,77.48948500,03-03-2021 08:30,189,"","","","",""
737,HESARAGHATTA TANK,CPCB,29,Karnataka,525,Bangalore Urban,BANGALORE NORTH,-,-,-,-,-,-,-,-,13.17089400,77.48948500,19-04-2021 08:30,380,"","","","",""
738,HESARAGHATTA TANK,CPCB,29,Karnataka,525,Bangalore Urban,BANGALORE NORTH,-,-,-,-,-,-,-,-,13.17089400,77.48948500,27-05-2021 08:30,309,"","","","",""
739,HESARAGHATTA TANK,CPCB,29,Karnataka,525,Bangalore Urban,BANGALORE NORTH,-,-,-,-,-,-,-,-,13.17089400,77.48948500,22-06-2021 08:30,360,"","","","",""
740,HESARAGHATTA TANK,CPCB,29,Karnataka,525,Bangalore Urban,BANGALORE NORTH,-,-,-,-,-,-,-,-,13.17089400,77.48948500,09-08-2021 08:30,140,"","","","",""
741,HESARAGHATTA TANK,CPCB,29,Karnataka,525,Bangalore Urban,BANGALORE NORTH,-,-,-,-,-,-,-,-,13.17089400,77.48948500,07-09-2021 08:30,150,"","","","",""
742,HESARAGHATTA TANK,CPCB,29,Karnataka,525,Bangalore Urban,BANGALORE NORTH,-,-,-,-,-,-,-,-,13.17089400,77.48948500,26-10-2021 08:30,150,"","","","",""
743,HESARAGHATTA TANK,CPCB,29,Karnataka,525,Bangalore Urban,BANGALORE NORTH,-,-,-,-,-,-,-,-,13.17089400,77.48948500,18-11-2021 08:30,702,"","","","",""
744,HESARAGHATTA TANK,CPCB,29,Karnataka,525,Bangalore Urban,BANGALORE NORTH,-,-,-,-,-,-,-,-,13.17089400,77.48948500,07-12-2021 08:30,123,"","","","",""
745,HOSAKEREHALLI LAKE,CPCB,29,Karnataka,525,Bangalore Urban,BANGALORE SOUTH,-,-,-,-,-,-,-,-,12.92562100,77.53400500,05-01-2021 08:30,1357,"","","","",""
746,HOSAKEREHALLI LAKE,CPCB,29,Karnataka,525,Bangalore Urban,BANGALORE SOUTH,-,-,-,-,-,-,-,-,12.92562100,77.53400500,03-02-2021 08:30,982,"","","","",""
747,HOSAKEREHALLI LAKE,CPCB,29,Karnataka,525,Bangalore Urban,BANGALORE SOUTH,-,-,-,-,-,-,-,-,12.92562100,77.53400500,09-03-2021 08:30,566,"","","","",""
748,HOSAKEREHALLI LAKE,CPCB,29,Karnataka,525,Bangalore Urban,BANGALORE SOUTH,-,-,-,-,-,-,-,-,12.92562100,77.53400500,05-04-2021 08:30,1576,"","","","",""
749,HOSAKEREHALLI LAKE,CPCB,29,Karnataka,525,Bangalore Urban,BANGALORE SOUTH,-,-,-,-,-,-,-,-,12.92562100,77.53400500,24-05-2021 08:30,550,"","","","",""
750,HOSAKEREHALLI LAKE,CPCB,29,Karnataka,525,Bangalore Urban,BANGALORE SOUTH,-,-,-,-,-,-,-,-,12.92562100,77.53400500,08-06-2021 08:30,1053,"","","","",""
751,HOSAKEREHALLI LAKE,CPCB,29,Karnataka,525,Bangalore Urban,BANGALORE SOUTH,-,-,-,-,-,-,-,-,12.92562100,77.53400500,26-07-2021 08:30,1425,"","","","",""
752,HOSAKEREHALLI LAKE,CPCB,29,Karnataka,525,Bangalore Urban,BANGALORE SOUTH,-,-,-,-,-,-,-,-,12.92562100,77.53400500,10-08-2021 08:30,1352,"","","","",""
753,HOSAKEREHALLI LAKE,CPCB,29,Karnataka,525,Bangalore Urban,BANGALORE SOUTH,-,-,-,-,-,-,-,-,12.92562100,77.53400500,06-09-2021 08:30,954,"","","","",""
754,HOSAKEREHALLI LAKE,CPCB,29,Karnataka,525,Bangalore Urban,BANGALORE SOUTH,-,-,-,-,-,-,-,-,12.92562100,77.53400500,11-10-2021 08:30,1007,"","","","",""
755,HOSAKEREHALLI LAKE,CPCB,29,Karnataka,525,Bangalore Urban,BANGALORE SOUTH,-,-,-,-,-,-,-,-,12.92562100,77.53400500,16-11-2021 08:30,1092,"","","","",""
756,HOSAKEREHALLI LAKE,CPCB,29,Karnataka,525,Bangalore Urban,BANGALORE SOUTH,-,-,-,-,-,-,-,-,12.92562100,77.53400500,07-12-2021 08:30,1264,"","","","",""
757,HULIMAVU LAKE,CPCB,29,Karnataka,525,Bangalore Urban,BANGALORE SOUTH,-,-,-,-,-,-,-,-,12.87008800,77.60303100,27-01-2021 08:30,752,"","","","",""
758,HULIMAVU LAKE,CPCB,29,Karnataka,525,Bangalore Urban,BANGALORE SOUTH,-,-,-,-,-,-,-,-,12.87008800,77.60303100,17-02-2021 08:30,787,"","","","",""
759,HULIMAVU LAKE,CPCB,29,Karnataka,525,Bangalore Urban,BANGALORE SOUTH,-,-,-,-,-,-,-,-,12.87008800,77.60303100,03-03-2021 08:30,217,"","","","",""
760,HULIMAVU LAKE,CPCB,29,Karnataka,525,Bangalore Urban,BANGALORE SOUTH,-,-,-,-,-,-,-,-,12.87008800,77.60303100,05-04-2021 08:30,947,"","","","",""
761,HULIMAVU LAKE,CPCB,29,Karnataka,525,Bangalore Urban,BANGALORE SOUTH,-,-,-,-,-,-,-,-,12.87008800,77.60303100,19-05-2021 08:30,1261,"","","","",""
762,HULIMAVU LAKE,CPCB,29,Karnataka,525,Bangalore Urban,BANGALORE SOUTH,-,-,-,-,-,-,-,-,12.87008800,77.60303100,03-06-2021 08:30,1190,"","","","",""
763,HULIMAVU LAKE,CPCB,29,Karnataka,525,Bangalore Urban,BANGALORE SOUTH,-,-,-,-,-,-,-,-,12.87008800,77.60303100,12-07-2021 08:30,1136,"","","","",""
764,HULIMAVU LAKE,CPCB,29,Karnataka,525,Bangalore Urban,BANGALORE SOUTH,-,-,-,-,-,-,-,-,12.87008800,77.60303100,05-08-2021 08:30,1466,"","","","",""
765,HULIMAVU LAKE,CPCB,29,Karnataka,525,Bangalore Urban,BANGALORE SOUTH,-,-,-,-,-,-,-,-,12.87008800,77.60303100,01-09-2021 08:30,1310,"","","","",""
766,HULIMAVU LAKE,CPCB,29,Karnataka,525,Bangalore Urban,BANGALORE SOUTH,-,-,-,-,-,-,-,-,12.87008800,77.60303100,11-10-2021 08:30,815,"","","","",""
767,HULIMAVU LAKE,CPCB,29,Karnataka,525,Bangalore Urban,BANGALORE SOUTH,-,-,-,-,-,-,-,-,12.87008800,77.60303100,08-11-2021 08:30,856,"","","","",""
768,HULIMAVU LAKE,CPCB,29,Karnataka,525,Bangalore Urban,BANGALORE SOUTH,-,-,-,-,-,-,-,-,12.87008800,77.60303100,06-12-2021 08:30,960,"","","","",""
769,HULLIGE TANK,CPCB,29,Karnataka,543,Koppal,KOPPAL,-,-,-,-,-,-,-,-,15.30652800,76.34362800,07-01-2021 08:30,312,"","","","",""
770,HULLIGE TANK,CPCB,29,Karnataka,543,Koppal,KOPPAL,-,-,-,-,-,-,-,-,15.30652800,76.34362800,10-02-2021 08:30,442,"","","","",""
771,HULLIGE TANK,CPCB,29,Karnataka,543,Koppal,KOPPAL,-,-,-,-,-,-,-,-,15.30652800,76.34362800,09-03-2021 08:30,466,"","","","",""
772,HULLIGE TANK,CPCB,29,Karnataka,543,Koppal,KOPPAL,-,-,-,-,-,-,-,-,15.30652800,76.34362800,06-04-2021 08:30,496,"","","","",""
773,HULLIGE TANK,CPCB,29,Karnataka,543,Koppal,KOPPAL,-,-,-,-,-,-,-,-,15.30652800,76.34362800,12-05-2021 08:30,546,"","","","",""
774,HULLIGE TANK,CPCB,29,Karnataka,543,Koppal,KOPPAL,-,-,-,-,-,-,-,-,15.30652800,76.34362800,23-06-2021 08:30,451,"","","","",""
775,HULLIGE TANK,CPCB,29,Karnataka,543,Koppal,KOPPAL,-,-,-,-,-,-,-,-,15.30652800,76.34362800,26-07-2021 08:30,1485,"","","","",""
776,HULLIGE TANK,CPCB,29,Karnataka,543,Koppal,KOPPAL,-,-,-,-,-,-,-,-,15.30652800,76.34362800,09-08-2021 08:30,565,"","","","",""
777,HULLIGE TANK,CPCB,29,Karnataka,543,Koppal,KOPPAL,-,-,-,-,-,-,-,-,15.30652800,76.34362800,15-09-2021 08:30,350,"","","","",""
778,HULLIGE TANK,CPCB,29,Karnataka,543,Koppal,KOPPAL,-,-,-,-,-,-,-,-,15.30652800,76.34362800,11-10-2021 08:30,382,"","","","",""
779,HULLIGE TANK,CPCB,29,Karnataka,543,Koppal,KOPPAL,-,-,-,-,-,-,-,-,15.30652800,76.34362800,11-11-2021 08:30,405,"","","","",""
780,HULLIGE TANK,CPCB,29,Karnataka,543,Koppal,KOPPAL,-,-,-,-,-,-,-,-,15.30652800,76.34362800,07-12-2021 08:30,391,"","","","",""
781,HUNASINA KERE TANK,CPCB,29,Karnataka,539,Hassan,HASSAN,-,-,-,-,-,-,-,-,13.01143100,76.08299900,07-01-2021 08:30,500,"","","","",""
782,HUNASINA KERE TANK,CPCB,29,Karnataka,539,Hassan,HASSAN,-,-,-,-,-,-,-,-,13.01143100,76.08299900,16-02-2021 08:30,490,"","","","",""
783,HUNASINA KERE TANK,CPCB,29,Karnataka,539,Hassan,HASSAN,-,-,-,-,-,-,-,-,13.01143100,76.08299900,06-03-2021 08:30,460,"","","","",""
784,HUNASINA KERE TANK,CPCB,29,Karnataka,539,Hassan,HASSAN,-,-,-,-,-,-,-,-,13.01143100,76.08299900,03-04-2021 08:30,510,"","","","",""
785,HUNASINA KERE TANK,CPCB,29,Karnataka,539,Hassan,HASSAN,-,-,-,-,-,-,-,-,13.01143100,76.08299900,03-05-2021 08:30,480,"","","","",""
786,HUNASINA KERE TANK,CPCB,29,Karnataka,539,Hassan,HASSAN,-,-,-,-,-,-,-,-,13.01143100,76.08299900,02-06-2021 08:30,490,"","","","",""
787,HUNASINA KERE TANK,CPCB,29,Karnataka,539,Hassan,HASSAN,-,-,-,-,-,-,-,-,13.01143100,76.08299900,03-07-2021 08:30,450,"","","","",""
788,HUNASINA KERE TANK,CPCB,29,Karnataka,539,Hassan,HASSAN,-,-,-,-,-,-,-,-,13.01143100,76.08299900,02-08-2021 08:30,440,"","","","",""
789,HUNASINA KERE TANK,CPCB,29,Karnataka,539,Hassan,HASSAN,-,-,-,-,-,-,-,-,13.01143100,76.08299900,07-09-2021 08:30,480,"","","","",""
790,HUNASINA KERE TANK,CPCB,29,Karnataka,539,Hassan,HASSAN,-,-,-,-,-,-,-,-,13.01143100,76.08299900,01-10-2021 08:30,530,"","","","",""
791,HUNASINA KERE TANK,CPCB,29,Karnataka,539,Hassan,HASSAN,-,-,-,-,-,-,-,-,13.01143100,76.08299900,15-11-2021 08:30,460,"","","","",""
792,HUNASINA KERE TANK,CPCB,29,Karnataka,539,Hassan,HASSAN,-,-,-,-,-,-,-,-,13.01143100,76.08299900,03-12-2021 08:30,470,"","","","",""
793,HUNDIKERE (KOPPAL) TANK,CPCB,29,Karnataka,545,Mysore,MYSORE,-,-,-,-,-,-,-,-,12.34886200,76.56352000,07-01-2021 08:30,326,"","","","",""
794,HUNDIKERE (KOPPAL) TANK,CPCB,29,Karnataka,545,Mysore,MYSORE,-,-,-,-,-,-,-,-,12.34886200,76.56352000,10-02-2021 08:30,460,"","","","",""
795,HUNDIKERE (KOPPAL) TANK,CPCB,29,Karnataka,545,Mysore,MYSORE,-,-,-,-,-,-,-,-,12.34886200,76.56352000,09-03-2021 08:30,405,"","","","",""
796,HUNDIKERE (KOPPAL) TANK,CPCB,29,Karnataka,545,Mysore,MYSORE,-,-,-,-,-,-,-,-,12.34886200,76.56352000,06-04-2021 08:30,481,"","","","",""
797,HUNDIKERE (KOPPAL) TANK,CPCB,29,Karnataka,545,Mysore,MYSORE,-,-,-,-,-,-,-,-,12.34886200,76.56352000,12-05-2021 08:30,592,"","","","",""
798,HUNDIKERE (KOPPAL) TANK,CPCB,29,Karnataka,545,Mysore,MYSORE,-,-,-,-,-,-,-,-,12.34886200,76.56352000,23-06-2021 08:30,610,"","","","",""
799,HUNDIKERE (KOPPAL) TANK,CPCB,29,Karnataka,545,Mysore,MYSORE,-,-,-,-,-,-,-,-,12.34886200,76.56352000,26-07-2021 08:30,1458,"","","","",""
800,HUNDIKERE (KOPPAL) TANK,CPCB,29,Karnataka,545,Mysore,MYSORE,-,-,-,-,-,-,-,-,12.34886200,76.56352000,09-08-2021 08:30,735,"","","","",""
801,HUNDIKERE (KOPPAL) TANK,CPCB,29,Karnataka,545,Mysore,MYSORE,-,-,-,-,-,-,-,-,12.34886200,76.56352000,15-09-2021 08:30,365,"","","","",""
802,HUNDIKERE (KOPPAL) TANK,CPCB,29,Karnataka,545,Mysore,MYSORE,-,-,-,-,-,-,-,-,12.34886200,76.56352000,11-10-2021 08:30,373,"","","","",""
803,HUNDIKERE (KOPPAL) TANK,CPCB,29,Karnataka,545,Mysore,MYSORE,-,-,-,-,-,-,-,-,12.34886200,76.56352000,11-11-2021 08:30,400,"","","","",""
804,HUNDIKERE (KOPPAL) TANK,CPCB,29,Karnataka,545,Mysore,MYSORE,-,-,-,-,-,-,-,-,12.34886200,76.56352000,07-12-2021 08:30,390,"","","","",""
805,IBBALUR LAKE,CPCB,29,Karnataka,525,Bangalore Urban,BANGALORE SOUTH,-,-,-,-,-,-,-,-,12.92248700,77.66783300,27-01-2021 08:30,668,"","","","",""
806,IBBALUR LAKE,CPCB,29,Karnataka,525,Bangalore Urban,BANGALORE SOUTH,-,-,-,-,-,-,-,-,12.92248700,77.66783300,17-02-2021 08:30,380,"","","","",""
807,IBBALUR LAKE,CPCB,29,Karnataka,525,Bangalore Urban,BANGALORE SOUTH,-,-,-,-,-,-,-,-,12.92248700,77.66783300,03-03-2021 08:30,206,"","","","",""
808,IBBALUR LAKE,CPCB,29,Karnataka,525,Bangalore Urban,BANGALORE SOUTH,-,-,-,-,-,-,-,-,12.92248700,77.66783300,05-04-2021 08:30,738,"","","","",""
809,IBBALUR LAKE,CPCB,29,Karnataka,525,Bangalore Urban,BANGALORE SOUTH,-,-,-,-,-,-,-,-,12.92248700,77.66783300,19-05-2021 08:30,656,"","","","",""
810,IBBALUR LAKE,CPCB,29,Karnataka,525,Bangalore Urban,BANGALORE SOUTH,-,-,-,-,-,-,-,-,12.92248700,77.66783300,03-06-2021 08:30,565,"","","","",""
811,IBBALUR LAKE,CPCB,29,Karnataka,525,Bangalore Urban,BANGALORE SOUTH,-,-,-,-,-,-,-,-,12.92248700,77.66783300,12-07-2021 08:30,564,"","","","",""
812,IBBALUR LAKE,CPCB,29,Karnataka,525,Bangalore Urban,BANGALORE SOUTH,-,-,-,-,-,-,-,-,12.92248700,77.66783300,05-08-2021 08:30,545,"","","","",""
813,IBBALUR LAKE,CPCB,29,Karnataka,525,Bangalore Urban,BANGALORE SOUTH,-,-,-,-,-,-,-,-,12.92248700,77.66783300,01-09-2021 08:30,487,"","","","",""
814,IBBALUR LAKE,CPCB,29,Karnataka,525,Bangalore Urban,BANGALORE SOUTH,-,-,-,-,-,-,-,-,12.92248700,77.66783300,11-10-2021 08:30,363,"","","","",""
815,IBBALUR LAKE,CPCB,29,Karnataka,525,Bangalore Urban,BANGALORE SOUTH,-,-,-,-,-,-,-,-,12.92248700,77.66783300,08-11-2021 08:30,691,"","","","",""
816,IBBALUR LAKE,CPCB,29,Karnataka,525,Bangalore Urban,BANGALORE SOUTH,-,-,-,-,-,-,-,-,12.92248700,77.66783300,06-12-2021 08:30,727,"","","","",""
817,INORKATTE KERE,CPCB,29,Karnataka,544,Mandya,MANDYA,-,-,-,-,-,-,-,-,12.65441300,76.76221000,02-08-2021 08:30,430,"","","","",""
818,INORKATTE KERE,CPCB,29,Karnataka,544,Mandya,MANDYA,-,-,-,-,-,-,-,-,12.65441300,76.76221000,08-09-2021 08:30,440,"","","","",""
819,INORKATTE KERE,CPCB,29,Karnataka,544,Mandya,MANDYA,-,-,-,-,-,-,-,-,12.65441300,76.76221000,04-10-2021 08:30,380,"","","","",""
820,INORKATTE KERE,CPCB,29,Karnataka,544,Mandya,MANDYA,-,-,-,-,-,-,-,-,12.65441300,76.76221000,09-11-2021 08:30,320,"","","","",""
821,INORKATTE KERE,CPCB,29,Karnataka,544,Mandya,MANDYA,-,-,-,-,-,-,-,-,12.65441300,76.76221000,03-12-2021 08:30,360,"","","","",""
822,JAKKSANDRA LAKE,CPCB,29,Karnataka,525,Bangalore Urban,BANGALORE SOUTH,-,-,-,-,-,-,-,-,12.91980400,77.63907700,27-01-2021 08:30,762,"","","","",""
823,JAKKSANDRA LAKE,CPCB,29,Karnataka,525,Bangalore Urban,BANGALORE SOUTH,-,-,-,-,-,-,-,-,12.91980400,77.63907700,17-02-2021 08:30,863,"","","","",""
824,JAKKSANDRA LAKE,CPCB,29,Karnataka,525,Bangalore Urban,BANGALORE SOUTH,-,-,-,-,-,-,-,-,12.91980400,77.63907700,05-04-2021 08:30,712,"","","","",""
825,JAKKSANDRA LAKE,CPCB,29,Karnataka,525,Bangalore Urban,BANGALORE SOUTH,-,-,-,-,-,-,-,-,12.91980400,77.63907700,19-05-2021 08:30,802,"","","","",""
826,JAKKSANDRA LAKE,CPCB,29,Karnataka,525,Bangalore Urban,BANGALORE SOUTH,-,-,-,-,-,-,-,-,12.91980400,77.63907700,03-06-2021 08:30,840,"","","","",""
827,JAKKSANDRA LAKE,CPCB,29,Karnataka,525,Bangalore Urban,BANGALORE SOUTH,-,-,-,-,-,-,-,-,12.91980400,77.63907700,12-07-2021 08:30,1017,"","","","",""
828,JAKKSANDRA LAKE,CPCB,29,Karnataka,525,Bangalore Urban,BANGALORE SOUTH,-,-,-,-,-,-,-,-,12.91980400,77.63907700,05-08-2021 08:30,521,"","","","",""
829,JAKKSANDRA LAKE,CPCB,29,Karnataka,525,Bangalore Urban,BANGALORE SOUTH,-,-,-,-,-,-,-,-,12.91980400,77.63907700,01-09-2021 08:30,868,"","","","",""
830,JAKKSANDRA LAKE,CPCB,29,Karnataka,525,Bangalore Urban,BANGALORE SOUTH,-,-,-,-,-,-,-,-,12.91980400,77.63907700,11-10-2021 08:30,902,"","","","",""
831,JAKKUR LAKE,CPCB,29,Karnataka,525,Bangalore Urban,BANGALORE NORTH,-,-,-,-,-,-,-,-,13.08944700,77.61071300,06-01-2021 08:30,1079,"","","","",""
832,JAKKUR LAKE,CPCB,29,Karnataka,525,Bangalore Urban,BANGALORE NORTH,-,-,-,-,-,-,-,-,13.08944700,77.61071300,09-02-2021 08:30,1248,"","","","",""
833,JAKKUR LAKE,CPCB,29,Karnataka,525,Bangalore Urban,BANGALORE NORTH,-,-,-,-,-,-,-,-,13.08944700,77.61071300,04-03-2021 08:30,1323,"","","","",""
834,JAKKUR LAKE,CPCB,29,Karnataka,525,Bangalore Urban,BANGALORE NORTH,-,-,-,-,-,-,-,-,13.08944700,77.61071300,06-04-2021 08:30,1123,"","","","",""
835,JAKKUR LAKE,CPCB,29,Karnataka,525,Bangalore Urban,BANGALORE NORTH,-,-,-,-,-,-,-,-,13.08944700,77.61071300,17-05-2021 08:30,1230,"","","","",""
836,JAKKUR LAKE,CPCB,29,Karnataka,525,Bangalore Urban,BANGALORE NORTH,-,-,-,-,-,-,-,-,13.08944700,77.61071300,08-06-2021 08:30,1112,"","","","",""
837,JAKKUR LAKE,CPCB,29,Karnataka,525,Bangalore Urban,BANGALORE NORTH,-,-,-,-,-,-,-,-,13.08944700,77.61071300,08-07-2021 08:30,1062,"","","","",""
838,JAKKUR LAKE,CPCB,29,Karnataka,525,Bangalore Urban,BANGALORE NORTH,-,-,-,-,-,-,-,-,13.08944700,77.61071300,03-08-2021 08:30,447,"","","","",""
839,JAKKUR LAKE,CPCB,29,Karnataka,525,Bangalore Urban,BANGALORE NORTH,-,-,-,-,-,-,-,-,13.08944700,77.61071300,02-09-2021 08:30,955,"","","","",""
840,JAKKUR LAKE,CPCB,29,Karnataka,525,Bangalore Urban,BANGALORE NORTH,-,-,-,-,-,-,-,-,13.08944700,77.61071300,11-10-2021 08:30,996,"","","","",""
841,JAKKUR LAKE,CPCB,29,Karnataka,525,Bangalore Urban,BANGALORE NORTH,-,-,-,-,-,-,-,-,13.08944700,77.61071300,09-11-2021 08:30,820,"","","","",""
842,JAKKUR LAKE,CPCB,29,Karnataka,525,Bangalore Urban,BANGALORE NORTH,-,-,-,-,-,-,-,-,13.08944700,77.61071300,08-12-2021 08:30,769,"","","","",""
843,JIGANI TNAK,CPCB,29,Karnataka,525,Bangalore Urban,ANEKAL,-,-,-,-,-,-,-,-,12.79305200,77.63540300,20-01-2021 08:30,1288,"","","","",""
844,JIGANI TNAK,CPCB,29,Karnataka,525,Bangalore Urban,ANEKAL,-,-,-,-,-,-,-,-,12.79305200,77.63540300,09-02-2021 08:30,410,"","","","",""
845,JIGANI TNAK,CPCB,29,Karnataka,525,Bangalore Urban,ANEKAL,-,-,-,-,-,-,-,-,12.79305200,77.63540300,02-03-2021 08:30,427,"","","","",""
846,JIGANI TNAK,CPCB,29,Karnataka,525,Bangalore Urban,ANEKAL,-,-,-,-,-,-,-,-,12.79305200,77.63540300,07-04-2021 08:30,532,"","","","",""
847,JIGANI TNAK,CPCB,29,Karnataka,525,Bangalore Urban,ANEKAL,-,-,-,-,-,-,-,-,12.79305200,77.63540300,19-05-2021 08:30,678,"","","","",""
848,JIGANI TNAK,CPCB,29,Karnataka,525,Bangalore Urban,ANEKAL,-,-,-,-,-,-,-,-,12.79305200,77.63540300,07-06-2021 08:30,577,"","","","",""
849,JIGANI TNAK,CPCB,29,Karnataka,525,Bangalore Urban,ANEKAL,-,-,-,-,-,-,-,-,12.79305200,77.63540300,06-07-2021 08:30,1543,"","","","",""
850,JIGANI TNAK,CPCB,29,Karnataka,525,Bangalore Urban,ANEKAL,-,-,-,-,-,-,-,-,12.79305200,77.63540300,11-08-2021 08:30,612,"","","","",""
851,JIGANI TNAK,CPCB,29,Karnataka,525,Bangalore Urban,ANEKAL,-,-,-,-,-,-,-,-,12.79305200,77.63540300,07-09-2021 08:30,574,"","","","",""
852,JIGANI TNAK,CPCB,29,Karnataka,525,Bangalore Urban,ANEKAL,-,-,-,-,-,-,-,-,12.79305200,77.63540300,04-10-2021 08:30,655,"","","","",""
853,JIGANI TNAK,CPCB,29,Karnataka,525,Bangalore Urban,ANEKAL,-,-,-,-,-,-,-,-,12.79305200,77.63540300,09-11-2021 08:30,492,"","","","",""
854,JIGANI TNAK,CPCB,29,Karnataka,525,Bangalore Urban,ANEKAL,-,-,-,-,-,-,-,-,12.79305200,77.63540300,06-12-2021 08:30,394,"","","","",""
855,JOLADAKATTE TANK,CPCB,29,Karnataka,532,Chikkamagaluru,CHIKMAGALUR,-,-,-,-,-,-,-,-,13.31492500,75.70145500,05-01-2021 08:30,500,"","","","",""
856,JOLADAKATTE TANK,CPCB,29,Karnataka,532,Chikkamagaluru,CHIKMAGALUR,-,-,-,-,-,-,-,-,13.31492500,75.70145500,12-02-2021 08:30,470,"","","","",""
857,JOLADAKATTE TANK,CPCB,29,Karnataka,532,Chikkamagaluru,CHIKMAGALUR,-,-,-,-,-,-,-,-,13.31492500,75.70145500,06-03-2021 08:30,650,"","","","",""
858,JOLADAKATTE TANK,CPCB,29,Karnataka,532,Chikkamagaluru,CHIKMAGALUR,-,-,-,-,-,-,-,-,13.31492500,75.70145500,02-08-2021 08:30,450,"","","","",""
859,JOLADAKATTE TANK,CPCB,29,Karnataka,532,Chikkamagaluru,CHIKMAGALUR,-,-,-,-,-,-,-,-,13.31492500,75.70145500,07-09-2021 08:30,470,"","","","",""
860,JOLADAKATTE TANK,CPCB,29,Karnataka,532,Chikkamagaluru,CHIKMAGALUR,-,-,-,-,-,-,-,-,13.31492500,75.70145500,04-10-2021 08:30,490,"","","","",""
861,JOLADAKATTE TANK,CPCB,29,Karnataka,532,Chikkamagaluru,CHIKMAGALUR,-,-,-,-,-,-,-,-,13.31492500,75.70145500,09-11-2021 08:30,390,"","","","",""
862,JOLADAKATTE TANK,CPCB,29,Karnataka,532,Chikkamagaluru,CHIKMAGALUR,-,-,-,-,-,-,-,-,13.31492500,75.70145500,03-12-2021 08:30,470,"","","","",""
863,KABINI AT BATHING GHAT NANJANAGUD,CPCB,29,Karnataka,545,Mysore,NANJANGUD,-,-,-,-,-,-,-,-,12.12877500,76.68373600,22-01-2021 08:30,"","","","","",""
864,KABINI AT BATHING GHAT NANJANAGUD,CPCB,29,Karnataka,545,Mysore,NANJANGUD,-,-,-,-,-,-,-,-,12.12877500,76.68373600,18-02-2021 08:30,"","","","","",""
865,KABINI AT BATHING GHAT NANJANAGUD,CPCB,29,Karnataka,545,Mysore,NANJANGUD,-,-,-,-,-,-,-,-,12.12877500,76.68373600,08-03-2021 08:30,"","","","","",""
866,KABINI AT CAUSE WAY SATTUR,CPCB,29,Karnataka,545,Mysore,NANJANGUD,-,-,-,-,-,-,-,-,12.16676100,76.79290800,22-01-2021 08:30,"","","","","",""
867,KABINI AT CAUSE WAY SATTUR,CPCB,29,Karnataka,545,Mysore,NANJANGUD,-,-,-,-,-,-,-,-,12.16676100,76.79290800,18-02-2021 08:30,"","","","","",""
868,KABINI AT CAUSE WAY SATTUR,CPCB,29,Karnataka,545,Mysore,NANJANGUD,-,-,-,-,-,-,-,-,12.16676100,76.79290800,08-03-2021 08:30,"","","","","",""
869,KABINI AT SARAGUR VILLAGE D/S,CPCB,29,Karnataka,545,Mysore,HEGGADADEVANKOTE,-,-,-,-,-,-,-,-,12.01985300,76.38807500,05-01-2021 08:30,"","","","","",""
870,KABINI AT SARAGUR VILLAGE D/S,CPCB,29,Karnataka,545,Mysore,HEGGADADEVANKOTE,-,-,-,-,-,-,-,-,12.01985300,76.38807500,16-02-2021 08:30,"","","","","",""
871,KABINI AT SARAGUR VILLAGE D/S,CPCB,29,Karnataka,545,Mysore,HEGGADADEVANKOTE,-,-,-,-,-,-,-,-,12.01985300,76.38807500,10-03-2021 08:30,"","","","","",""
872,KABINI AT WATER INTAKE OF KIADB AT NANJANGUD,CPCB,29,Karnataka,545,Mysore,NANJANGUD,-,-,-,-,-,-,-,-,12.12843900,76.68391900,22-01-2021 08:30,"","","","","",""
873,KABINI AT WATER INTAKE OF KIADB AT NANJANGUD,CPCB,29,Karnataka,545,Mysore,NANJANGUD,-,-,-,-,-,-,-,-,12.12843900,76.68391900,18-02-2021 08:30,"","","","","",""
874,KABINI AT WATER INTAKE OF KIADB AT NANJANGUD,CPCB,29,Karnataka,545,Mysore,NANJANGUD,-,-,-,-,-,-,-,-,12.12843900,76.68391900,08-03-2021 08:30,"","","","","",""
875,KABINI AT WATER SUPPLY INTAKE POINT TO T. NARASIPURA,CPCB,29,Karnataka,545,Mysore,TIRUMAKUDAL-NARSIPUR,-,-,-,-,-,-,-,-,12.21557500,76.90817300,22-01-2021 08:30,"","","","","",""
876,KABINI AT WATER SUPPLY INTAKE POINT TO T. NARASIPURA,CPCB,29,Karnataka,545,Mysore,TIRUMAKUDAL-NARSIPUR,-,-,-,-,-,-,-,-,12.21557500,76.90817300,18-02-2021 08:30,"","","","","",""
877,KABINI AT WATER SUPPLY INTAKE POINT TO T. NARASIPURA,CPCB,29,Karnataka,545,Mysore,TIRUMAKUDAL-NARSIPUR,-,-,-,-,-,-,-,-,12.21557500,76.90817300,10-03-2021 08:30,"","","","","",""
878,KABINI U/S INTAKE POINT TO NANJANAGUD & GUNDLUPET AT DEBUR,CPCB,29,Karnataka,545,Mysore,NANJANGUD,-,-,-,-,-,-,-,-,12.10917200,76.61134900,22-01-2021 08:30,"","","","","",""
879,KABINI U/S INTAKE POINT TO NANJANAGUD & GUNDLUPET AT DEBUR,CPCB,29,Karnataka,545,Mysore,NANJANGUD,-,-,-,-,-,-,-,-,12.10917200,76.61134900,18-02-2021 08:30,"","","","","",""
880,KABINI U/S INTAKE POINT TO NANJANAGUD & GUNDLUPET AT DEBUR,CPCB,29,Karnataka,545,Mysore,NANJANGUD,-,-,-,-,-,-,-,-,12.10917200,76.61134900,08-03-2021 08:30,"","","","","",""
881,KACHOHALLI LAKE KACHOHALLI BENGALURU NORTH,CPCB,29,Karnataka,525,Bangalore Urban,BANGALORE NORTH,-,-,-,-,-,-,-,-,13.00012000,77.46598600,19-01-2021 08:30,1697,"","","","",""
882,KACHOHALLI LAKE KACHOHALLI BENGALURU NORTH,CPCB,29,Karnataka,525,Bangalore Urban,BANGALORE NORTH,-,-,-,-,-,-,-,-,13.00012000,77.46598600,08-02-2021 08:30,1826,"","","","",""
883,KACHOHALLI LAKE KACHOHALLI BENGALURU NORTH,CPCB,29,Karnataka,525,Bangalore Urban,BANGALORE NORTH,-,-,-,-,-,-,-,-,13.00012000,77.46598600,08-03-2021 08:30,2280,"","","","",""
884,KACHOHALLI LAKE KACHOHALLI BENGALURU NORTH,CPCB,29,Karnataka,525,Bangalore Urban,BANGALORE NORTH,-,-,-,-,-,-,-,-,13.00012000,77.46598600,15-04-2021 08:30,552,"","","","",""
885,KACHOHALLI LAKE KACHOHALLI BENGALURU NORTH,CPCB,29,Karnataka,525,Bangalore Urban,BANGALORE NORTH,-,-,-,-,-,-,-,-,13.00012000,77.46598600,27-05-2021 08:30,1442,"","","","",""
886,KACHOHALLI LAKE KACHOHALLI BENGALURU NORTH,CPCB,29,Karnataka,525,Bangalore Urban,BANGALORE NORTH,-,-,-,-,-,-,-,-,13.00012000,77.46598600,22-06-2021 08:30,1158,"","","","",""
887,KACHOHALLI LAKE KACHOHALLI BENGALURU NORTH,CPCB,29,Karnataka,525,Bangalore Urban,BANGALORE NORTH,-,-,-,-,-,-,-,-,13.00012000,77.46598600,26-07-2021 08:30,1180,"","","","",""
888,KACHOHALLI LAKE KACHOHALLI BENGALURU NORTH,CPCB,29,Karnataka,525,Bangalore Urban,BANGALORE NORTH,-,-,-,-,-,-,-,-,13.00012000,77.46598600,11-08-2021 08:30,1956,"","","","",""
889,KACHOHALLI LAKE KACHOHALLI BENGALURU NORTH,CPCB,29,Karnataka,525,Bangalore Urban,BANGALORE NORTH,-,-,-,-,-,-,-,-,13.00012000,77.46598600,08-09-2021 08:30,286,"","","","",""
890,KACHOHALLI LAKE KACHOHALLI BENGALURU NORTH,CPCB,29,Karnataka,525,Bangalore Urban,BANGALORE NORTH,-,-,-,-,-,-,-,-,13.00012000,77.46598600,11-10-2021 08:30,1086,"","","","",""
891,KACHOHALLI LAKE KACHOHALLI BENGALURU NORTH,CPCB,29,Karnataka,525,Bangalore Urban,BANGALORE NORTH,-,-,-,-,-,-,-,-,13.00012000,77.46598600,24-11-2021 08:30,1094,"","","","",""
892,KACHOHALLI LAKE KACHOHALLI BENGALURU NORTH,CPCB,29,Karnataka,525,Bangalore Urban,BANGALORE NORTH,-,-,-,-,-,-,-,-,13.00012000,77.46598600,15-12-2021 08:30,2268,"","","","",""
893,KAGINA AT SHAHABAD BRIDGE,CPCB,29,Karnataka,538,Kalaburagi,CHITAPUR,-,-,-,-,-,-,-,-,17.13936900,76.96673900,12-01-2021 08:30,"","","","","",""
894,KAGINA AT SHAHABAD BRIDGE,CPCB,29,Karnataka,538,Kalaburagi,CHITAPUR,-,-,-,-,-,-,-,-,17.13936900,76.96673900,04-02-2021 08:30,"","","","","",""
895,KAGINA AT SHAHABAD BRIDGE,CPCB,29,Karnataka,538,Kalaburagi,CHITAPUR,-,-,-,-,-,-,-,-,17.13936900,76.96673900,08-03-2021 08:30,"","","","","",""
896,KAGINA D/S OF SEWAGE DISPOSAL POINT,CPCB,29,Karnataka,538,Kalaburagi,CHITAPUR,-,-,-,-,-,-,-,-,17.10748300,76.95531100,12-01-2021 08:30,"","","","","",""
897,KAGINA D/S OF SEWAGE DISPOSAL POINT,CPCB,29,Karnataka,538,Kalaburagi,CHITAPUR,-,-,-,-,-,-,-,-,17.10748300,76.95531100,04-02-2021 08:30,"","","","","",""
898,KAGINA D/S OF SEWAGE DISPOSAL POINT,CPCB,29,Karnataka,538,Kalaburagi,CHITAPUR,-,-,-,-,-,-,-,-,17.10748300,76.95531100,08-03-2021 08:30,"","","","","",""
899,KAGINA RIVER AT D/S OF BRIDGE CUM BARRAGE SADEM TQ,CPCB,29,Karnataka,538,Kalaburagi,SEDAM,-,-,-,-,-,-,-,-,17.22055100,77.26361100,12-01-2021 08:30,"","","","","",""
900,KAGINA RIVER AT D/S OF BRIDGE CUM BARRAGE SADEM TQ,CPCB,29,Karnataka,538,Kalaburagi,SEDAM,-,-,-,-,-,-,-,-,17.22055100,77.26361100,04-02-2021 08:30,"","","","","",""
901,KAGINA RIVER AT D/S OF BRIDGE CUM BARRAGE SADEM TQ,CPCB,29,Karnataka,538,Kalaburagi,SEDAM,-,-,-,-,-,-,-,-,17.22055100,77.26361100,08-03-2021 08:30,"","","","","",""
902,KAIKONDANAHALLI LAKE,CPCB,29,Karnataka,525,Bangalore Urban,BANGALORE EAST,-,-,-,-,-,-,-,-,12.91236600,77.67372200,27-01-2021 08:30,729,"","","","",""
903,KAIKONDANAHALLI LAKE,CPCB,29,Karnataka,525,Bangalore Urban,BANGALORE EAST,-,-,-,-,-,-,-,-,12.91236600,77.67372200,17-02-2021 08:30,1449,"","","","",""
904,KAIKONDANAHALLI LAKE,CPCB,29,Karnataka,525,Bangalore Urban,BANGALORE EAST,-,-,-,-,-,-,-,-,12.91236600,77.67372200,03-03-2021 08:30,1374,"","","","",""
905,KAIKONDANAHALLI LAKE,CPCB,29,Karnataka,525,Bangalore Urban,BANGALORE EAST,-,-,-,-,-,-,-,-,12.91236600,77.67372200,05-04-2021 08:30,1121,"","","","",""
906,KAIKONDANAHALLI LAKE,CPCB,29,Karnataka,525,Bangalore Urban,BANGALORE EAST,-,-,-,-,-,-,-,-,12.91236600,77.67372200,19-05-2021 08:30,1293,"","","","",""
907,KAIKONDANAHALLI LAKE,CPCB,29,Karnataka,525,Bangalore Urban,BANGALORE EAST,-,-,-,-,-,-,-,-,12.91236600,77.67372200,03-06-2021 08:30,1369,"","","","",""
908,KAIKONDANAHALLI LAKE,CPCB,29,Karnataka,525,Bangalore Urban,BANGALORE EAST,-,-,-,-,-,-,-,-,12.91236600,77.67372200,12-07-2021 08:30,1038,"","","","",""
909,KAIKONDANAHALLI LAKE,CPCB,29,Karnataka,525,Bangalore Urban,BANGALORE EAST,-,-,-,-,-,-,-,-,12.91236600,77.67372200,05-08-2021 08:30,693,"","","","",""
910,KAIKONDANAHALLI LAKE,CPCB,29,Karnataka,525,Bangalore Urban,BANGALORE EAST,-,-,-,-,-,-,-,-,12.91236600,77.67372200,01-09-2021 08:30,868,"","","","",""
911,KAIKONDANAHALLI LAKE,CPCB,29,Karnataka,525,Bangalore Urban,BANGALORE EAST,-,-,-,-,-,-,-,-,12.91236600,77.67372200,11-10-2021 08:30,708,"","","","",""
912,KAIKONDANAHALLI LAKE,CPCB,29,Karnataka,525,Bangalore Urban,BANGALORE EAST,-,-,-,-,-,-,-,-,12.91236600,77.67372200,08-11-2021 08:30,1109,"","","","",""
913,KAIKONDANAHALLI LAKE,CPCB,29,Karnataka,525,Bangalore Urban,BANGALORE EAST,-,-,-,-,-,-,-,-,12.91236600,77.67372200,06-12-2021 08:30,629,"","","","",""
914,KAKATI POND,CPCB,29,Karnataka,527,Belgaum,BELGAUM,-,-,-,-,-,-,-,-,15.92394300,74.52998400,29-01-2021 08:30,2250,"","","","",""
915,KAKATI POND,CPCB,29,Karnataka,527,Belgaum,BELGAUM,-,-,-,-,-,-,-,-,15.92394300,74.52998400,06-02-2021 08:30,2511,"","","","",""
916,KAKATI POND,CPCB,29,Karnataka,527,Belgaum,BELGAUM,-,-,-,-,-,-,-,-,15.92394300,74.52998400,12-03-2021 08:30,2810,"","","","",""
917,KAKATI POND,CPCB,29,Karnataka,527,Belgaum,BELGAUM,-,-,-,-,-,-,-,-,15.92394300,74.52998400,15-04-2021 08:30,3210,"","","","",""
918,KAKATI POND,CPCB,29,Karnataka,527,Belgaum,BELGAUM,-,-,-,-,-,-,-,-,15.92394300,74.52998400,18-05-2021 08:30,3480,"","","","",""
919,KAKATI POND,CPCB,29,Karnataka,527,Belgaum,BELGAUM,-,-,-,-,-,-,-,-,15.92394300,74.52998400,14-06-2021 08:30,1990,"","","","",""
920,KAKATI POND,CPCB,29,Karnataka,527,Belgaum,BELGAUM,-,-,-,-,-,-,-,-,15.92394300,74.52998400,06-07-2021 08:30,3819,"","","","",""
921,KAKATI POND,CPCB,29,Karnataka,527,Belgaum,BELGAUM,-,-,-,-,-,-,-,-,15.92394300,74.52998400,17-08-2021 08:30,2048,"","","","",""
922,KAKATI POND,CPCB,29,Karnataka,527,Belgaum,BELGAUM,-,-,-,-,-,-,-,-,15.92394300,74.52998400,20-09-2021 08:30,1900,"","","","",""
923,KAKATI POND,CPCB,29,Karnataka,527,Belgaum,BELGAUM,-,-,-,-,-,-,-,-,15.92394300,74.52998400,11-10-2021 08:30,1649,"","","","",""
924,KAKATI POND,CPCB,29,Karnataka,527,Belgaum,BELGAUM,-,-,-,-,-,-,-,-,15.92394300,74.52998400,12-11-2021 08:30,1180,"","","","",""
925,KAKATI POND,CPCB,29,Karnataka,527,Belgaum,BELGAUM,-,-,-,-,-,-,-,-,15.92394300,74.52998400,06-12-2021 08:30,1564,"","","","",""
926,KALENA AGRAHARA LAKE,CPCB,29,Karnataka,525,Bangalore Urban,BANGALORE SOUTH,-,-,-,-,-,-,-,-,12.86557800,77.59027500,27-01-2021 08:30,761,"","","","",""
927,KALENA AGRAHARA LAKE,CPCB,29,Karnataka,525,Bangalore Urban,BANGALORE SOUTH,-,-,-,-,-,-,-,-,12.86557800,77.59027500,17-02-2021 08:30,424,"","","","",""
928,KALENA AGRAHARA LAKE,CPCB,29,Karnataka,525,Bangalore Urban,BANGALORE SOUTH,-,-,-,-,-,-,-,-,12.86557800,77.59027500,03-03-2021 08:30,456,"","","","",""
929,KALENA AGRAHARA LAKE,CPCB,29,Karnataka,525,Bangalore Urban,BANGALORE SOUTH,-,-,-,-,-,-,-,-,12.86557800,77.59027500,05-04-2021 08:30,891,"","","","",""
930,KALENA AGRAHARA LAKE,CPCB,29,Karnataka,525,Bangalore Urban,BANGALORE SOUTH,-,-,-,-,-,-,-,-,12.86557800,77.59027500,19-05-2021 08:30,1304,"","","","",""
931,KALENA AGRAHARA LAKE,CPCB,29,Karnataka,525,Bangalore Urban,BANGALORE SOUTH,-,-,-,-,-,-,-,-,12.86557800,77.59027500,03-06-2021 08:30,1195,"","","","",""
932,KALENA AGRAHARA LAKE,CPCB,29,Karnataka,525,Bangalore Urban,BANGALORE SOUTH,-,-,-,-,-,-,-,-,12.86557800,77.59027500,12-07-2021 08:30,576,"","","","",""
933,KALENA AGRAHARA LAKE,CPCB,29,Karnataka,525,Bangalore Urban,BANGALORE SOUTH,-,-,-,-,-,-,-,-,12.86557800,77.59027500,05-08-2021 08:30,716,"","","","",""
934,KALENA AGRAHARA LAKE,CPCB,29,Karnataka,525,Bangalore Urban,BANGALORE SOUTH,-,-,-,-,-,-,-,-,12.86557800,77.59027500,01-09-2021 08:30,966,"","","","",""
935,KALENA AGRAHARA LAKE,CPCB,29,Karnataka,525,Bangalore Urban,BANGALORE SOUTH,-,-,-,-,-,-,-,-,12.86557800,77.59027500,11-10-2021 08:30,814,"","","","",""
936,KALENA AGRAHARA LAKE,CPCB,29,Karnataka,525,Bangalore Urban,BANGALORE SOUTH,-,-,-,-,-,-,-,-,12.86557800,77.59027500,08-11-2021 08:30,818,"","","","",""
937,KALENA AGRAHARA LAKE,CPCB,29,Karnataka,525,Bangalore Urban,BANGALORE SOUTH,-,-,-,-,-,-,-,-,12.86557800,77.59027500,06-12-2021 08:30,951,"","","","",""
938,KALI AT D/S WEST COAST PAPER MILL (WCPM) ,CPCB,29,Karnataka,542,Kolar,KOLAR,-,-,-,-,-,-,-,-,15.23527200,74.61865000,05-01-2021 08:30,"","","","","",""
939,KALI AT D/S WEST COAST PAPER MILL (WCPM) ,CPCB,29,Karnataka,542,Kolar,KOLAR,-,-,-,-,-,-,-,-,15.23527200,74.61865000,05-02-2021 08:30,"","","","","",""
940,KALI AT D/S WEST COAST PAPER MILL (WCPM) ,CPCB,29,Karnataka,542,Kolar,KOLAR,-,-,-,-,-,-,-,-,15.23527200,74.61865000,15-03-2021 08:30,"","","","","",""
941,KALI AT U/S OF WCPM DANDELI,CPCB,29,Karnataka,542,Kolar,KOLAR,-,-,-,-,-,-,-,-,15.25324700,74.60122500,05-01-2021 08:30,"","","","","",""
942,KALI AT U/S OF WCPM DANDELI,CPCB,29,Karnataka,542,Kolar,KOLAR,-,-,-,-,-,-,-,-,15.25324700,74.60122500,05-02-2021 08:30,"","","","","",""
943,KALI AT U/S OF WCPM DANDELI,CPCB,29,Karnataka,542,Kolar,KOLAR,-,-,-,-,-,-,-,-,15.25324700,74.60122500,15-03-2021 08:30,"","","","","",""
944,KALKERE TANK,CPCB,29,Karnataka,525,Bangalore Urban,BANGALORE EAST,-,-,-,-,-,-,-,-,13.04668400,77.66003400,12-01-2021 08:30,818,"","","","",""
945,KALKERE TANK,CPCB,29,Karnataka,525,Bangalore Urban,BANGALORE EAST,-,-,-,-,-,-,-,-,13.04668400,77.66003400,24-03-2021 08:30,1072,"","","","",""
946,KALKERE TANK,CPCB,29,Karnataka,525,Bangalore Urban,BANGALORE EAST,-,-,-,-,-,-,-,-,13.04668400,77.66003400,08-04-2021 08:30,1109,"","","","",""
947,KALKERE TANK,CPCB,29,Karnataka,525,Bangalore Urban,BANGALORE EAST,-,-,-,-,-,-,-,-,13.04668400,77.66003400,05-05-2021 08:30,393,"","","","",""
948,KALKERE TANK,CPCB,29,Karnataka,525,Bangalore Urban,BANGALORE EAST,-,-,-,-,-,-,-,-,13.04668400,77.66003400,08-06-2021 08:30,1151,"","","","",""
949,KALKERE TANK,CPCB,29,Karnataka,525,Bangalore Urban,BANGALORE EAST,-,-,-,-,-,-,-,-,13.04668400,77.66003400,27-07-2021 08:30,1201,"","","","",""
950,KALKERE TANK,CPCB,29,Karnataka,525,Bangalore Urban,BANGALORE EAST,-,-,-,-,-,-,-,-,13.04668400,77.66003400,09-08-2021 08:30,540,"","","","",""
951,KALKERE TANK,CPCB,29,Karnataka,525,Bangalore Urban,BANGALORE EAST,-,-,-,-,-,-,-,-,13.04668400,77.66003400,14-09-2021 08:30,897,"","","","",""
952,KALKERE TANK,CPCB,29,Karnataka,525,Bangalore Urban,BANGALORE EAST,-,-,-,-,-,-,-,-,13.04668400,77.66003400,05-10-2021 08:30,790,"","","","",""
953,KALKERE TANK,CPCB,29,Karnataka,525,Bangalore Urban,BANGALORE EAST,-,-,-,-,-,-,-,-,13.04668400,77.66003400,17-11-2021 08:30,841,"","","","",""
954,KALKERE TANK,CPCB,29,Karnataka,525,Bangalore Urban,BANGALORE EAST,-,-,-,-,-,-,-,-,13.04668400,77.66003400,13-12-2021 08:30,1120,"","","","",""
955,KAMMASANDRA TANK,CPCB,29,Karnataka,525,Bangalore Urban,ANEKAL,-,-,-,-,-,-,-,-,12.83474400,77.68825200,21-01-2021 08:30,1697,"","","","",""
956,KAMMASANDRA TANK,CPCB,29,Karnataka,525,Bangalore Urban,ANEKAL,-,-,-,-,-,-,-,-,12.83474400,77.68825200,10-02-2021 08:30,1684,"","","","",""
957,KAMMASANDRA TANK,CPCB,29,Karnataka,525,Bangalore Urban,ANEKAL,-,-,-,-,-,-,-,-,12.83474400,77.68825200,09-03-2021 08:30,1979,"","","","",""
958,KAMMASANDRA TANK,CPCB,29,Karnataka,525,Bangalore Urban,ANEKAL,-,-,-,-,-,-,-,-,12.83474400,77.68825200,08-04-2021 08:30,2135,"","","","",""
959,KAMMASANDRA TANK,CPCB,29,Karnataka,525,Bangalore Urban,ANEKAL,-,-,-,-,-,-,-,-,12.83474400,77.68825200,14-07-2021 08:30,1317,"","","","",""
960,KAMMASANDRA TANK,CPCB,29,Karnataka,525,Bangalore Urban,ANEKAL,-,-,-,-,-,-,-,-,12.83474400,77.68825200,11-08-2021 08:30,1302,"","","","",""
961,KAMMASANDRA TANK,CPCB,29,Karnataka,525,Bangalore Urban,ANEKAL,-,-,-,-,-,-,-,-,12.83474400,77.68825200,16-09-2021 08:30,1304,"","","","",""
962,KAMMASANDRA TANK,CPCB,29,Karnataka,525,Bangalore Urban,ANEKAL,-,-,-,-,-,-,-,-,12.83474400,77.68825200,27-10-2021 08:30,1391,"","","","",""
963,KAMMASANDRA TANK,CPCB,29,Karnataka,525,Bangalore Urban,ANEKAL,-,-,-,-,-,-,-,-,12.83474400,77.68825200,17-11-2021 08:30,1265,"","","","",""
964,KAMMASANDRA TANK,CPCB,29,Karnataka,525,Bangalore Urban,ANEKAL,-,-,-,-,-,-,-,-,12.83474400,77.68825200,28-12-2021 08:30,1237,"","","","",""
965,KAMMGONDANAHALLI LAKE,CPCB,29,Karnataka,525,Bangalore Urban,BANGALORE NORTH,-,-,-,-,-,-,-,-,13.06881400,77.52500800,11-01-2021 08:30,1335,"","","","",""
966,KAMMGONDANAHALLI LAKE,CPCB,29,Karnataka,525,Bangalore Urban,BANGALORE NORTH,-,-,-,-,-,-,-,-,13.06881400,77.52500800,18-02-2021 08:30,1502,"","","","",""
967,KAMMGONDANAHALLI LAKE,CPCB,29,Karnataka,525,Bangalore Urban,BANGALORE NORTH,-,-,-,-,-,-,-,-,13.06881400,77.52500800,08-03-2021 08:30,1447,"","","","",""
968,KAMMGONDANAHALLI LAKE,CPCB,29,Karnataka,525,Bangalore Urban,BANGALORE NORTH,-,-,-,-,-,-,-,-,13.06881400,77.52500800,19-04-2021 08:30,1106,"","","","",""
969,KAMMGONDANAHALLI LAKE,CPCB,29,Karnataka,525,Bangalore Urban,BANGALORE NORTH,-,-,-,-,-,-,-,-,13.06881400,77.52500800,27-05-2021 08:30,2116,"","","","",""
970,KAMMGONDANAHALLI LAKE,CPCB,29,Karnataka,525,Bangalore Urban,BANGALORE NORTH,-,-,-,-,-,-,-,-,13.06881400,77.52500800,22-06-2021 08:30,510,"","","","",""
971,KAMMGONDANAHALLI LAKE,CPCB,29,Karnataka,525,Bangalore Urban,BANGALORE NORTH,-,-,-,-,-,-,-,-,13.06881400,77.52500800,26-07-2021 08:30,526,"","","","",""
972,KAMMGONDANAHALLI LAKE,CPCB,29,Karnataka,525,Bangalore Urban,BANGALORE NORTH,-,-,-,-,-,-,-,-,13.06881400,77.52500800,09-08-2021 08:30,421,"","","","",""
973,KAMMGONDANAHALLI LAKE,CPCB,29,Karnataka,525,Bangalore Urban,BANGALORE NORTH,-,-,-,-,-,-,-,-,13.06881400,77.52500800,07-09-2021 08:30,383,"","","","",""
974,KAMMGONDANAHALLI LAKE,CPCB,29,Karnataka,525,Bangalore Urban,BANGALORE NORTH,-,-,-,-,-,-,-,-,13.06881400,77.52500800,26-10-2021 08:30,196,"","","","",""
975,KAMMGONDANAHALLI LAKE,CPCB,29,Karnataka,525,Bangalore Urban,BANGALORE NORTH,-,-,-,-,-,-,-,-,13.06881400,77.52500800,18-11-2021 08:30,180,"","","","",""
976,KAMMGONDANAHALLI LAKE,CPCB,29,Karnataka,525,Bangalore Urban,BANGALORE NORTH,-,-,-,-,-,-,-,-,13.06881400,77.52500800,07-12-2021 08:30,366,"","","","",""
977,KANCHANAHALLI KOPPALU KERE,CPCB,29,Karnataka,525,Bangalore Urban,BANGALORE NORTH,-,-,-,-,-,-,-,-,13.00031400,77.46969600,07-01-2021 08:30,1580,"","","","",""
978,KANCHANAHALLI KOPPALU KERE,CPCB,29,Karnataka,525,Bangalore Urban,BANGALORE NORTH,-,-,-,-,-,-,-,-,13.00031400,77.46969600,12-02-2021 08:30,2900,"","","","",""
979,KANCHANAHALLI KOPPALU KERE,CPCB,29,Karnataka,525,Bangalore Urban,BANGALORE NORTH,-,-,-,-,-,-,-,-,13.00031400,77.46969600,06-03-2021 08:30,3600,"","","","",""
980,KANCHANAHALLI KOPPALU KERE,CPCB,29,Karnataka,525,Bangalore Urban,BANGALORE NORTH,-,-,-,-,-,-,-,-,13.00031400,77.46969600,03-04-2021 08:30,4100,"","","","",""
981,KANCHANAHALLI KOPPALU KERE,CPCB,29,Karnataka,525,Bangalore Urban,BANGALORE NORTH,-,-,-,-,-,-,-,-,13.00031400,77.46969600,03-05-2021 08:30,4300,"","","","",""
982,KANCHANAHALLI KOPPALU KERE,CPCB,29,Karnataka,525,Bangalore Urban,BANGALORE NORTH,-,-,-,-,-,-,-,-,13.00031400,77.46969600,02-06-2021 08:30,4200,"","","","",""
983,KANCHANAHALLI KOPPALU KERE,CPCB,29,Karnataka,525,Bangalore Urban,BANGALORE NORTH,-,-,-,-,-,-,-,-,13.00031400,77.46969600,03-07-2021 08:30,2900,"","","","",""
984,KANCHANAHALLI KOPPALU KERE,CPCB,29,Karnataka,525,Bangalore Urban,BANGALORE NORTH,-,-,-,-,-,-,-,-,13.00031400,77.46969600,02-08-2021 08:30,1620,"","","","",""
985,KANCHANAHALLI KOPPALU KERE,CPCB,29,Karnataka,525,Bangalore Urban,BANGALORE NORTH,-,-,-,-,-,-,-,-,13.00031400,77.46969600,08-09-2021 08:30,1750,"","","","",""
986,KANCHANAHALLI KOPPALU KERE,CPCB,29,Karnataka,525,Bangalore Urban,BANGALORE NORTH,-,-,-,-,-,-,-,-,13.00031400,77.46969600,01-10-2021 08:30,3300,"","","","",""
987,KANCHANAHALLI KOPPALU KERE,CPCB,29,Karnataka,525,Bangalore Urban,BANGALORE NORTH,-,-,-,-,-,-,-,-,13.00031400,77.46969600,15-11-2021 08:30,990,"","","","",""
988,KANCHANAHALLI KOPPALU KERE,CPCB,29,Karnataka,525,Bangalore Urban,BANGALORE NORTH,-,-,-,-,-,-,-,-,13.00031400,77.46969600,02-12-2021 08:30,1100,"","","","",""
989,KARANJIKERE TANK,CPCB,29,Karnataka,545,Mysore,MYSORE,-,-,-,-,-,-,-,-,12.30258700,76.67346100,18-02-2021 08:30,742,"","","","",""
990,KARANJIKERE TANK,CPCB,29,Karnataka,545,Mysore,MYSORE,-,-,-,-,-,-,-,-,12.30258700,76.67346100,08-03-2021 08:30,764,"","","","",""
991,KARANJIKERE TANK,CPCB,29,Karnataka,545,Mysore,MYSORE,-,-,-,-,-,-,-,-,12.30258700,76.67346100,20-04-2021 08:30,732,"","","","",""
992,KARANJIKERE TANK,CPCB,29,Karnataka,545,Mysore,MYSORE,-,-,-,-,-,-,-,-,12.30258700,76.67346100,07-05-2021 08:30,586,"","","","",""
993,KARANJIKERE TANK,CPCB,29,Karnataka,545,Mysore,MYSORE,-,-,-,-,-,-,-,-,12.30258700,76.67346100,15-06-2021 08:30,726,"","","","",""
994,KARANJIKERE TANK,CPCB,29,Karnataka,545,Mysore,MYSORE,-,-,-,-,-,-,-,-,12.30258700,76.67346100,23-07-2021 08:30,696,"","","","",""
995,KARANJIKERE TANK,CPCB,29,Karnataka,545,Mysore,MYSORE,-,-,-,-,-,-,-,-,12.30258700,76.67346100,10-08-2021 08:30,718,"","","","",""
996,KARANJIKERE TANK,CPCB,29,Karnataka,545,Mysore,MYSORE,-,-,-,-,-,-,-,-,12.30258700,76.67346100,04-09-2021 08:30,679,"","","","",""
997,KARANJIKERE TANK,CPCB,29,Karnataka,545,Mysore,MYSORE,-,-,-,-,-,-,-,-,12.30258700,76.67346100,22-10-2021 08:30,611,"","","","",""
998,KARANJIKERE TANK,CPCB,29,Karnataka,545,Mysore,MYSORE,-,-,-,-,-,-,-,-,12.30258700,76.67346100,18-11-2021 08:30,496,"","","","",""
999,KARANJIKERE TANK,CPCB,29,Karnataka,545,Mysore,MYSORE,-,-,-,-,-,-,-,-,12.30258700,76.67346100,15-12-2021 08:30,679,"","","","",""
1000,KARIHOBANAHALLI LAKE,CPCB,29,Karnataka,525,Bangalore Urban,BANGALORE NORTH,-,-,-,-,-,-,-,-,13.01186800,77.48589100,05-01-2021 08:30,1651,"","","","",""
1001,KARIHOBANAHALLI LAKE,CPCB,29,Karnataka,525,Bangalore Urban,BANGALORE NORTH,-,-,-,-,-,-,-,-,13.01186800,77.48589100,10-02-2021 08:30,2450,"","","","",""
1002,KARIHOBANAHALLI LAKE,CPCB,29,Karnataka,525,Bangalore Urban,BANGALORE NORTH,-,-,-,-,-,-,-,-,13.01186800,77.48589100,04-03-2021 08:30,2300,"","","","",""
1003,KARIHOBANAHALLI LAKE,CPCB,29,Karnataka,525,Bangalore Urban,BANGALORE NORTH,-,-,-,-,-,-,-,-,13.01186800,77.48589100,06-04-2021 08:30,2860,"","","","",""
1004,KARIHOBANAHALLI LAKE,CPCB,29,Karnataka,525,Bangalore Urban,BANGALORE NORTH,-,-,-,-,-,-,-,-,13.01186800,77.48589100,25-05-2021 08:30,1593,"","","","",""
1005,KARIHOBANAHALLI LAKE,CPCB,29,Karnataka,525,Bangalore Urban,BANGALORE NORTH,-,-,-,-,-,-,-,-,13.01186800,77.48589100,09-06-2021 08:30,1715,"","","","",""
1006,KARIHOBANAHALLI LAKE,CPCB,29,Karnataka,525,Bangalore Urban,BANGALORE NORTH,-,-,-,-,-,-,-,-,13.01186800,77.48589100,15-07-2021 08:30,1163,"","","","",""
1007,KARIHOBANAHALLI LAKE,CPCB,29,Karnataka,525,Bangalore Urban,BANGALORE NORTH,-,-,-,-,-,-,-,-,13.01186800,77.48589100,10-08-2021 08:30,1467,"","","","",""
1008,KARIHOBANAHALLI LAKE,CPCB,29,Karnataka,525,Bangalore Urban,BANGALORE NORTH,-,-,-,-,-,-,-,-,13.01186800,77.48589100,14-09-2021 08:30,1566,"","","","",""
1009,KARIHOBANAHALLI LAKE,CPCB,29,Karnataka,525,Bangalore Urban,BANGALORE NORTH,-,-,-,-,-,-,-,-,13.01186800,77.48589100,11-10-2021 08:30,1214,"","","","",""
1010,KARIHOBANAHALLI LAKE,CPCB,29,Karnataka,525,Bangalore Urban,BANGALORE NORTH,-,-,-,-,-,-,-,-,13.01186800,77.48589100,17-11-2021 08:30,827,"","","","",""
1011,KARIHOBANAHALLI LAKE,CPCB,29,Karnataka,525,Bangalore Urban,BANGALORE NORTH,-,-,-,-,-,-,-,-,13.01186800,77.48589100,15-12-2021 08:30,2155,"","","","",""
1012,KASAVANAHALLI LAKE,CPCB,29,Karnataka,525,Bangalore Urban,BANGALORE EAST,-,-,-,-,-,-,-,-,12.90381600,77.66717600,03-03-2021 08:30,210,"","","","",""
1013,KASAVANAHALLI LAKE,CPCB,29,Karnataka,525,Bangalore Urban,BANGALORE EAST,-,-,-,-,-,-,-,-,12.90381600,77.66717600,17-11-2021 08:30,853,"","","","",""
1014,KASAVANAHALLI LAKE,CPCB,29,Karnataka,525,Bangalore Urban,BANGALORE EAST,-,-,-,-,-,-,-,-,12.90381600,77.66717600,06-12-2021 08:30,634,"","","","",""
1015,KELEGERE TANK,CPCB,29,Karnataka,536,Dharwad,DHARWAD,-,-,-,-,-,-,-,-,15.46226000,74.97068000,12-01-2021 08:30,490,"","","","",""
1016,KELEGERE TANK,CPCB,29,Karnataka,536,Dharwad,DHARWAD,-,-,-,-,-,-,-,-,15.46226000,74.97068000,10-02-2021 08:30,527,"","","","",""
1017,KELEGERE TANK,CPCB,29,Karnataka,536,Dharwad,DHARWAD,-,-,-,-,-,-,-,-,15.46226000,74.97068000,08-03-2021 08:30,545,"","","","",""
1018,KELEGERE TANK,CPCB,29,Karnataka,536,Dharwad,DHARWAD,-,-,-,-,-,-,-,-,15.46226000,74.97068000,15-04-2021 08:30,586,"","","","",""
1019,KELEGERE TANK,CPCB,29,Karnataka,536,Dharwad,DHARWAD,-,-,-,-,-,-,-,-,15.46226000,74.97068000,17-05-2021 08:30,586,"","","","",""
1020,KELEGERE TANK,CPCB,29,Karnataka,536,Dharwad,DHARWAD,-,-,-,-,-,-,-,-,15.46226000,74.97068000,11-06-2021 08:30,592,"","","","",""
1021,KELEGERE TANK,CPCB,29,Karnataka,536,Dharwad,DHARWAD,-,-,-,-,-,-,-,-,15.46226000,74.97068000,08-07-2021 08:30,524,"","","","",""
1022,KELEGERE TANK,CPCB,29,Karnataka,536,Dharwad,DHARWAD,-,-,-,-,-,-,-,-,15.46226000,74.97068000,11-08-2021 08:30,447,"","","","",""
1023,KELEGERE TANK,CPCB,29,Karnataka,536,Dharwad,DHARWAD,-,-,-,-,-,-,-,-,15.46226000,74.97068000,09-09-2021 08:30,520,"","","","",""
1024,KELEGERE TANK,CPCB,29,Karnataka,536,Dharwad,DHARWAD,-,-,-,-,-,-,-,-,15.46226000,74.97068000,12-10-2021 08:30,530,"","","","",""
1025,KELEGERE TANK,CPCB,29,Karnataka,536,Dharwad,DHARWAD,-,-,-,-,-,-,-,-,15.46226000,74.97068000,09-11-2021 08:30,590,"","","","",""
1026,KELEGERE TANK,CPCB,29,Karnataka,536,Dharwad,DHARWAD,-,-,-,-,-,-,-,-,15.46226000,74.97068000,14-12-2021 08:30,558,"","","","",""
1027,KEMPAMBUDHI LAKE,CPCB,29,Karnataka,525,Bangalore Urban,BANGALORE NORTH,-,-,-,-,-,-,-,-,12.95151400,77.56038600,06-01-2021 08:30,535,"","","","",""
1028,KEMPAMBUDHI LAKE,CPCB,29,Karnataka,525,Bangalore Urban,BANGALORE NORTH,-,-,-,-,-,-,-,-,12.95151400,77.56038600,15-02-2021 08:30,624,"","","","",""
1029,KEMPAMBUDHI LAKE,CPCB,29,Karnataka,525,Bangalore Urban,BANGALORE NORTH,-,-,-,-,-,-,-,-,12.95151400,77.56038600,01-03-2021 08:30,551,"","","","",""
1030,KEMPAMBUDHI LAKE,CPCB,29,Karnataka,525,Bangalore Urban,BANGALORE NORTH,-,-,-,-,-,-,-,-,12.95151400,77.56038600,06-04-2021 08:30,787,"","","","",""
1031,KEMPAMBUDHI LAKE,CPCB,29,Karnataka,525,Bangalore Urban,BANGALORE NORTH,-,-,-,-,-,-,-,-,12.95151400,77.56038600,06-05-2021 08:30,484,"","","","",""
1032,KEMPAMBUDHI LAKE,CPCB,29,Karnataka,525,Bangalore Urban,BANGALORE NORTH,-,-,-,-,-,-,-,-,12.95151400,77.56038600,14-06-2021 08:30,466,"","","","",""
1033,KEMPAMBUDHI LAKE,CPCB,29,Karnataka,525,Bangalore Urban,BANGALORE NORTH,-,-,-,-,-,-,-,-,12.95151400,77.56038600,27-07-2021 08:30,491,"","","","",""
1034,KEMPAMBUDHI LAKE,CPCB,29,Karnataka,525,Bangalore Urban,BANGALORE NORTH,-,-,-,-,-,-,-,-,12.95151400,77.56038600,16-08-2021 08:30,468,"","","","",""
1035,KEMPAMBUDHI LAKE,CPCB,29,Karnataka,525,Bangalore Urban,BANGALORE NORTH,-,-,-,-,-,-,-,-,12.95151400,77.56038600,06-09-2021 08:30,580,"","","","",""
1036,KEMPAMBUDHI LAKE,CPCB,29,Karnataka,525,Bangalore Urban,BANGALORE NORTH,-,-,-,-,-,-,-,-,12.95151400,77.56038600,07-10-2021 08:30,318,"","","","",""
1037,KEMPAMBUDHI LAKE,CPCB,29,Karnataka,525,Bangalore Urban,BANGALORE NORTH,-,-,-,-,-,-,-,-,12.95151400,77.56038600,19-11-2021 08:30,299,"","","","",""
1038,KEMPAMBUDHI LAKE,CPCB,29,Karnataka,525,Bangalore Urban,BANGALORE NORTH,-,-,-,-,-,-,-,-,12.95151400,77.56038600,06-12-2021 08:30,335,"","","","",""
1039,KENGERI TANK,CPCB,29,Karnataka,525,Bangalore Urban,BANGALORE SOUTH,-,-,-,-,-,-,-,-,12.89272800,77.48464100,05-01-2021 08:30,373,"","","","",""
1040,KENGERI TANK,CPCB,29,Karnataka,525,Bangalore Urban,BANGALORE SOUTH,-,-,-,-,-,-,-,-,12.89272800,77.48464100,03-02-2021 08:30,506,"","","","",""
1041,KENGERI TANK,CPCB,29,Karnataka,525,Bangalore Urban,BANGALORE SOUTH,-,-,-,-,-,-,-,-,12.89272800,77.48464100,09-03-2021 08:30,1389,"","","","",""
1042,KENGERI TANK,CPCB,29,Karnataka,525,Bangalore Urban,BANGALORE SOUTH,-,-,-,-,-,-,-,-,12.89272800,77.48464100,05-04-2021 08:30,467,"","","","",""
1043,KENGERI TANK,CPCB,29,Karnataka,525,Bangalore Urban,BANGALORE SOUTH,-,-,-,-,-,-,-,-,12.89272800,77.48464100,24-05-2021 08:30,527,"","","","",""
1044,KENGERI TANK,CPCB,29,Karnataka,525,Bangalore Urban,BANGALORE SOUTH,-,-,-,-,-,-,-,-,12.89272800,77.48464100,08-06-2021 08:30,598,"","","","",""
1045,KENGERI TANK,CPCB,29,Karnataka,525,Bangalore Urban,BANGALORE SOUTH,-,-,-,-,-,-,-,-,12.89272800,77.48464100,26-07-2021 08:30,908,"","","","",""
1046,KENGERI TANK,CPCB,29,Karnataka,525,Bangalore Urban,BANGALORE SOUTH,-,-,-,-,-,-,-,-,12.89272800,77.48464100,10-08-2021 08:30,632,"","","","",""
1047,KENGERI TANK,CPCB,29,Karnataka,525,Bangalore Urban,BANGALORE SOUTH,-,-,-,-,-,-,-,-,12.89272800,77.48464100,06-09-2021 08:30,573,"","","","",""
1048,KENGERI TANK,CPCB,29,Karnataka,525,Bangalore Urban,BANGALORE SOUTH,-,-,-,-,-,-,-,-,12.89272800,77.48464100,11-10-2021 08:30,289,"","","","",""
1049,KENGERI TANK,CPCB,29,Karnataka,525,Bangalore Urban,BANGALORE SOUTH,-,-,-,-,-,-,-,-,12.89272800,77.48464100,16-11-2021 08:30,464,"","","","",""
1050,KENGERI TANK,CPCB,29,Karnataka,525,Bangalore Urban,BANGALORE SOUTH,-,-,-,-,-,-,-,-,12.89272800,77.48464100,07-12-2021 08:30,462,"","","","",""
1051,KENGRE HOLE (SIRSI),CPCB,29,Karnataka,542,Kolar,KOLAR,-,-,-,-,-,-,-,-,14.65661700,74.76694400,28-01-2021 08:30,"","","","","",""
1052,KENGRE HOLE (SIRSI),CPCB,29,Karnataka,542,Kolar,KOLAR,-,-,-,-,-,-,-,-,14.65661700,74.76694400,09-02-2021 08:30,"","","","","",""
1053,KENGRE HOLE (SIRSI),CPCB,29,Karnataka,542,Kolar,KOLAR,-,-,-,-,-,-,-,-,14.65661700,74.76694400,09-03-2021 08:30,"","","","","",""
1054,KILLA LAKE,CPCB,29,Karnataka,527,Belgaum,BELGAUM,-,-,-,-,-,-,-,-,15.86707900,74.52494500,29-01-2021 08:30,460,"","","","",""
1055,KILLA LAKE,CPCB,29,Karnataka,527,Belgaum,BELGAUM,-,-,-,-,-,-,-,-,15.86707900,74.52494500,06-02-2021 08:30,445,"","","","",""
1056,KILLA LAKE,CPCB,29,Karnataka,527,Belgaum,BELGAUM,-,-,-,-,-,-,-,-,15.86707900,74.52494500,25-03-2021 08:30,448,"","","","",""
1057,KILLA LAKE,CPCB,29,Karnataka,527,Belgaum,BELGAUM,-,-,-,-,-,-,-,-,15.86707900,74.52494500,15-04-2021 08:30,444,"","","","",""
1058,KILLA LAKE,CPCB,29,Karnataka,527,Belgaum,BELGAUM,-,-,-,-,-,-,-,-,15.86707900,74.52494500,18-05-2021 08:30,530,"","","","",""
1059,KILLA LAKE,CPCB,29,Karnataka,527,Belgaum,BELGAUM,-,-,-,-,-,-,-,-,15.86707900,74.52494500,14-06-2021 08:30,410,"","","","",""
1060,KILLA LAKE,CPCB,29,Karnataka,527,Belgaum,BELGAUM,-,-,-,-,-,-,-,-,15.86707900,74.52494500,06-07-2021 08:30,524,"","","","",""
1061,KILLA LAKE,CPCB,29,Karnataka,527,Belgaum,BELGAUM,-,-,-,-,-,-,-,-,15.86707900,74.52494500,17-08-2021 08:30,338,"","","","",""
1062,KILLA LAKE,CPCB,29,Karnataka,527,Belgaum,BELGAUM,-,-,-,-,-,-,-,-,15.86707900,74.52494500,20-09-2021 08:30,390,"","","","",""
1063,KILLA LAKE,CPCB,29,Karnataka,527,Belgaum,BELGAUM,-,-,-,-,-,-,-,-,15.86707900,74.52494500,11-10-2021 08:30,332,"","","","",""
1064,KILLA LAKE,CPCB,29,Karnataka,527,Belgaum,BELGAUM,-,-,-,-,-,-,-,-,15.86707900,74.52494500,12-11-2021 08:30,692,"","","","",""
1065,KILLA LAKE,CPCB,29,Karnataka,527,Belgaum,BELGAUM,-,-,-,-,-,-,-,-,15.86707900,74.52494500,06-12-2021 08:30,415,"","","","",""
1066,KODI SINGASANDRA LAKE,CPCB,29,Karnataka,525,Bangalore Urban,BANGALORE SOUTH,-,-,-,-,-,-,-,-,12.87795900,77.64183200,27-01-2021 08:30,654,"","","","",""
1067,KODI SINGASANDRA LAKE,CPCB,29,Karnataka,525,Bangalore Urban,BANGALORE SOUTH,-,-,-,-,-,-,-,-,12.87795900,77.64183200,17-02-2021 08:30,847,"","","","",""
1068,KODI SINGASANDRA LAKE,CPCB,29,Karnataka,525,Bangalore Urban,BANGALORE SOUTH,-,-,-,-,-,-,-,-,12.87795900,77.64183200,03-03-2021 08:30,1253,"","","","",""
1069,KODI SINGASANDRA LAKE,CPCB,29,Karnataka,525,Bangalore Urban,BANGALORE SOUTH,-,-,-,-,-,-,-,-,12.87795900,77.64183200,05-04-2021 08:30,885,"","","","",""
1070,KODI SINGASANDRA LAKE,CPCB,29,Karnataka,525,Bangalore Urban,BANGALORE SOUTH,-,-,-,-,-,-,-,-,12.87795900,77.64183200,19-05-2021 08:30,501,"","","","",""
1071,KODI SINGASANDRA LAKE,CPCB,29,Karnataka,525,Bangalore Urban,BANGALORE SOUTH,-,-,-,-,-,-,-,-,12.87795900,77.64183200,03-06-2021 08:30,647,"","","","",""
1072,KODI SINGASANDRA LAKE,CPCB,29,Karnataka,525,Bangalore Urban,BANGALORE SOUTH,-,-,-,-,-,-,-,-,12.87795900,77.64183200,12-07-2021 08:30,1142,"","","","",""
1073,KODI SINGASANDRA LAKE,CPCB,29,Karnataka,525,Bangalore Urban,BANGALORE SOUTH,-,-,-,-,-,-,-,-,12.87795900,77.64183200,05-08-2021 08:30,543,"","","","",""
1074,KODI SINGASANDRA LAKE,CPCB,29,Karnataka,525,Bangalore Urban,BANGALORE SOUTH,-,-,-,-,-,-,-,-,12.87795900,77.64183200,01-09-2021 08:30,488,"","","","",""
1075,KODI SINGASANDRA LAKE,CPCB,29,Karnataka,525,Bangalore Urban,BANGALORE SOUTH,-,-,-,-,-,-,-,-,12.87795900,77.64183200,11-10-2021 08:30,710,"","","","",""
1076,KODI SINGASANDRA LAKE,CPCB,29,Karnataka,525,Bangalore Urban,BANGALORE SOUTH,-,-,-,-,-,-,-,-,12.87795900,77.64183200,17-11-2021 08:30,1033,"","","","",""
1077,KODI SINGASANDRA LAKE,CPCB,29,Karnataka,525,Bangalore Urban,BANGALORE SOUTH,-,-,-,-,-,-,-,-,12.87795900,77.64183200,06-12-2021 08:30,571,"","","","",""
1078,KOGILU KERE,CPCB,29,Karnataka,525,Bangalore Urban,BANGALORE NORTH,-,-,-,-,-,-,-,-,13.10817700,77.61851700,09-02-2021 08:30,591,"","","","",""
1079,KOGILU KERE,CPCB,29,Karnataka,525,Bangalore Urban,BANGALORE NORTH,-,-,-,-,-,-,-,-,13.10817700,77.61851700,04-03-2021 08:30,1332,"","","","",""
1080,KOGILU KERE,CPCB,29,Karnataka,525,Bangalore Urban,BANGALORE NORTH,-,-,-,-,-,-,-,-,13.10817700,77.61851700,06-04-2021 08:30,927,"","","","",""
1081,KOGILU KERE,CPCB,29,Karnataka,525,Bangalore Urban,BANGALORE NORTH,-,-,-,-,-,-,-,-,13.10817700,77.61851700,17-05-2021 08:30,726,"","","","",""
1082,KOGILU KERE,CPCB,29,Karnataka,525,Bangalore Urban,BANGALORE NORTH,-,-,-,-,-,-,-,-,13.10817700,77.61851700,08-06-2021 08:30,710,"","","","",""
1083,KOGILU KERE,CPCB,29,Karnataka,525,Bangalore Urban,BANGALORE NORTH,-,-,-,-,-,-,-,-,13.10817700,77.61851700,08-07-2021 08:30,1068,"","","","",""
1084,KOGILU KERE,CPCB,29,Karnataka,525,Bangalore Urban,BANGALORE NORTH,-,-,-,-,-,-,-,-,13.10817700,77.61851700,03-08-2021 08:30,407,"","","","",""
1085,KOGILU KERE,CPCB,29,Karnataka,525,Bangalore Urban,BANGALORE NORTH,-,-,-,-,-,-,-,-,13.10817700,77.61851700,02-09-2021 08:30,806,"","","","",""
1086,KOGILU KERE,CPCB,29,Karnataka,525,Bangalore Urban,BANGALORE NORTH,-,-,-,-,-,-,-,-,13.10817700,77.61851700,11-10-2021 08:30,684,"","","","",""
1087,KOGILU KERE,CPCB,29,Karnataka,525,Bangalore Urban,BANGALORE NORTH,-,-,-,-,-,-,-,-,13.10817700,77.61851700,09-11-2021 08:30,590,"","","","",""
1088,KOGILU KERE,CPCB,29,Karnataka,525,Bangalore Urban,BANGALORE NORTH,-,-,-,-,-,-,-,-,13.10817700,77.61851700,08-12-2021 08:30,587,"","","","",""
1089,KOKKANAGHATTADODDAKERE TANK,CPCB,29,Karnataka,544,Mandya,PANDAVAPURA,-,-,-,-,-,-,-,-,12.57440900,76.67880000,07-01-2021 08:30,500,"","","","",""
1090,KOKKANAGHATTADODDAKERE TANK,CPCB,29,Karnataka,544,Mandya,PANDAVAPURA,-,-,-,-,-,-,-,-,12.57440900,76.67880000,12-02-2021 08:30,530,"","","","",""
1091,KOKKANAGHATTADODDAKERE TANK,CPCB,29,Karnataka,544,Mandya,PANDAVAPURA,-,-,-,-,-,-,-,-,12.57440900,76.67880000,06-03-2021 08:30,2700,"","","","",""
1092,KOKKANAGHATTADODDAKERE TANK,CPCB,29,Karnataka,544,Mandya,PANDAVAPURA,-,-,-,-,-,-,-,-,12.57440900,76.67880000,03-04-2021 08:30,2900,"","","","",""
1093,KOKKANAGHATTADODDAKERE TANK,CPCB,29,Karnataka,544,Mandya,PANDAVAPURA,-,-,-,-,-,-,-,-,12.57440900,76.67880000,03-05-2021 08:30,2600,"","","","",""
1094,KOKKANAGHATTADODDAKERE TANK,CPCB,29,Karnataka,544,Mandya,PANDAVAPURA,-,-,-,-,-,-,-,-,12.57440900,76.67880000,02-06-2021 08:30,2700,"","","","",""
1095,KOKKANAGHATTADODDAKERE TANK,CPCB,29,Karnataka,544,Mandya,PANDAVAPURA,-,-,-,-,-,-,-,-,12.57440900,76.67880000,03-07-2021 08:30,1360,"","","","",""
1096,KOKKANAGHATTADODDAKERE TANK,CPCB,29,Karnataka,544,Mandya,PANDAVAPURA,-,-,-,-,-,-,-,-,12.57440900,76.67880000,02-08-2021 08:30,1370,"","","","",""
1097,KOKKANAGHATTADODDAKERE TANK,CPCB,29,Karnataka,544,Mandya,PANDAVAPURA,-,-,-,-,-,-,-,-,12.57440900,76.67880000,08-09-2021 08:30,1520,"","","","",""
1098,KOKKANAGHATTADODDAKERE TANK,CPCB,29,Karnataka,544,Mandya,PANDAVAPURA,-,-,-,-,-,-,-,-,12.57440900,76.67880000,01-10-2021 08:30,1760,"","","","",""
1099,KOKKANAGHATTADODDAKERE TANK,CPCB,29,Karnataka,544,Mandya,PANDAVAPURA,-,-,-,-,-,-,-,-,12.57440900,76.67880000,15-11-2021 08:30,860,"","","","",""
1100,KOKKANAGHATTADODDAKERE TANK,CPCB,29,Karnataka,544,Mandya,PANDAVAPURA,-,-,-,-,-,-,-,-,12.57440900,76.67880000,03-12-2021 08:30,890,"","","","",""
1101,KONDAGGIKERE TANK,CPCB,29,Karnataka,535,Davanagere,DAVANAGERE,-,-,-,-,-,-,-,-,14.56950500,75.88669100,25-01-2021 08:30,350,"","","","",""
1102,KONDAGGIKERE TANK,CPCB,29,Karnataka,535,Davanagere,DAVANAGERE,-,-,-,-,-,-,-,-,14.56950500,75.88669100,16-02-2021 08:30,250,"","","","",""
1103,KONDAGGIKERE TANK,CPCB,29,Karnataka,535,Davanagere,DAVANAGERE,-,-,-,-,-,-,-,-,14.56950500,75.88669100,12-03-2021 08:30,370,"","","","",""
1104,KONDAGGIKERE TANK,CPCB,29,Karnataka,535,Davanagere,DAVANAGERE,-,-,-,-,-,-,-,-,14.56950500,75.88669100,05-04-2021 08:30,280,"","","","",""
1105,KONDAGGIKERE TANK,CPCB,29,Karnataka,535,Davanagere,DAVANAGERE,-,-,-,-,-,-,-,-,14.56950500,75.88669100,13-05-2021 08:30,350,"","","","",""
1106,KONDAGGIKERE TANK,CPCB,29,Karnataka,535,Davanagere,DAVANAGERE,-,-,-,-,-,-,-,-,14.56950500,75.88669100,11-06-2021 08:30,240,"","","","",""
1107,KONDAGGIKERE TANK,CPCB,29,Karnataka,535,Davanagere,DAVANAGERE,-,-,-,-,-,-,-,-,14.56950500,75.88669100,13-07-2021 08:30,250,"","","","",""
1108,KONDAGGIKERE TANK,CPCB,29,Karnataka,535,Davanagere,DAVANAGERE,-,-,-,-,-,-,-,-,14.56950500,75.88669100,21-08-2021 08:30,230,"","","","",""
1109,KONDAGGIKERE TANK,CPCB,29,Karnataka,535,Davanagere,DAVANAGERE,-,-,-,-,-,-,-,-,14.56950500,75.88669100,03-09-2021 08:30,272,"","","","",""
1110,KONDAGGIKERE TANK,CPCB,29,Karnataka,535,Davanagere,DAVANAGERE,-,-,-,-,-,-,-,-,14.56950500,75.88669100,04-10-2021 08:30,220,"","","","",""
1111,KONDAGGIKERE TANK,CPCB,29,Karnataka,535,Davanagere,DAVANAGERE,-,-,-,-,-,-,-,-,14.56950500,75.88669100,23-11-2021 08:30,240,"","","","",""
1112,KONDAGGIKERE TANK,CPCB,29,Karnataka,535,Davanagere,DAVANAGERE,-,-,-,-,-,-,-,-,14.56950500,75.88669100,28-12-2021 08:30,260,"","","","",""
1113,KOTHUNURU LAKE,CPCB,29,Karnataka,525,Bangalore Urban,BANGALORE SOUTH,-,-,-,-,-,-,-,-,12.87369100,77.57947200,27-01-2021 08:30,1235,"","","","",""
1114,KOTHUNURU LAKE,CPCB,29,Karnataka,525,Bangalore Urban,BANGALORE SOUTH,-,-,-,-,-,-,-,-,12.87369100,77.57947200,17-02-2021 08:30,830,"","","","",""
1115,KOTHUNURU LAKE,CPCB,29,Karnataka,525,Bangalore Urban,BANGALORE SOUTH,-,-,-,-,-,-,-,-,12.87369100,77.57947200,03-03-2021 08:30,1345,"","","","",""
1116,KOTHUNURU LAKE,CPCB,29,Karnataka,525,Bangalore Urban,BANGALORE SOUTH,-,-,-,-,-,-,-,-,12.87369100,77.57947200,05-04-2021 08:30,724,"","","","",""
1117,KOTHUNURU LAKE,CPCB,29,Karnataka,525,Bangalore Urban,BANGALORE SOUTH,-,-,-,-,-,-,-,-,12.87369100,77.57947200,19-05-2021 08:30,1330,"","","","",""
1118,KOTHUNURU LAKE,CPCB,29,Karnataka,525,Bangalore Urban,BANGALORE SOUTH,-,-,-,-,-,-,-,-,12.87369100,77.57947200,03-06-2021 08:30,1206,"","","","",""
1119,KOTHUNURU LAKE,CPCB,29,Karnataka,525,Bangalore Urban,BANGALORE SOUTH,-,-,-,-,-,-,-,-,12.87369100,77.57947200,12-07-2021 08:30,572,"","","","",""
1120,KOTHUNURU LAKE,CPCB,29,Karnataka,525,Bangalore Urban,BANGALORE SOUTH,-,-,-,-,-,-,-,-,12.87369100,77.57947200,05-08-2021 08:30,717,"","","","",""
1121,KOTHUNURU LAKE,CPCB,29,Karnataka,525,Bangalore Urban,BANGALORE SOUTH,-,-,-,-,-,-,-,-,12.87369100,77.57947200,01-09-2021 08:30,488,"","","","",""
1122,KOTHUNURU LAKE,CPCB,29,Karnataka,525,Bangalore Urban,BANGALORE SOUTH,-,-,-,-,-,-,-,-,12.87369100,77.57947200,11-10-2021 08:30,369,"","","","",""
1123,KOTHUNURU LAKE,CPCB,29,Karnataka,525,Bangalore Urban,BANGALORE SOUTH,-,-,-,-,-,-,-,-,12.87369100,77.57947200,17-11-2021 08:30,903,"","","","",""
1124,KOTHUNURU LAKE,CPCB,29,Karnataka,525,Bangalore Urban,BANGALORE SOUTH,-,-,-,-,-,-,-,-,12.87369100,77.57947200,06-12-2021 08:30,727,"","","","",""
1125,KOUSHIKA KERE,CPCB,29,Karnataka,539,Hassan,HASSAN,-,-,-,-,-,-,-,-,12.95638700,76.16894000,05-01-2021 08:30,520,"","","","",""
1126,KOUSHIKA KERE,CPCB,29,Karnataka,539,Hassan,HASSAN,-,-,-,-,-,-,-,-,12.95638700,76.16894000,12-02-2021 08:30,510,"","","","",""
1127,KOUSHIKA KERE,CPCB,29,Karnataka,539,Hassan,HASSAN,-,-,-,-,-,-,-,-,12.95638700,76.16894000,06-03-2021 08:30,500,"","","","",""
1128,KOUSHIKA KERE,CPCB,29,Karnataka,539,Hassan,HASSAN,-,-,-,-,-,-,-,-,12.95638700,76.16894000,03-04-2021 08:30,510,"","","","",""
1129,KOUSHIKA KERE,CPCB,29,Karnataka,539,Hassan,HASSAN,-,-,-,-,-,-,-,-,12.95638700,76.16894000,03-05-2021 08:30,520,"","","","",""
1130,KOUSHIKA KERE,CPCB,29,Karnataka,539,Hassan,HASSAN,-,-,-,-,-,-,-,-,12.95638700,76.16894000,02-06-2021 08:30,540,"","","","",""
1131,KOUSHIKA KERE,CPCB,29,Karnataka,539,Hassan,HASSAN,-,-,-,-,-,-,-,-,12.95638700,76.16894000,03-07-2021 08:30,450,"","","","",""
1132,KOUSHIKA KERE,CPCB,29,Karnataka,539,Hassan,HASSAN,-,-,-,-,-,-,-,-,12.95638700,76.16894000,02-08-2021 08:30,470,"","","","",""
1133,KOUSHIKA KERE,CPCB,29,Karnataka,539,Hassan,HASSAN,-,-,-,-,-,-,-,-,12.95638700,76.16894000,08-09-2021 08:30,480,"","","","",""
1134,KOUSHIKA KERE,CPCB,29,Karnataka,539,Hassan,HASSAN,-,-,-,-,-,-,-,-,12.95638700,76.16894000,04-10-2021 08:30,500,"","","","",""
1135,KOUSHIKA KERE,CPCB,29,Karnataka,539,Hassan,HASSAN,-,-,-,-,-,-,-,-,12.95638700,76.16894000,09-11-2021 08:30,460,"","","","",""
1136,KOUSHIKA KERE,CPCB,29,Karnataka,539,Hassan,HASSAN,-,-,-,-,-,-,-,-,12.95638700,76.16894000,02-12-2021 08:30,480,"","","","",""
1137,KOWDHENAHALLI LAKE,CPCB,29,Karnataka,525,Bangalore Urban,BANGALORE EAST,-,-,-,-,-,-,-,-,13.01255300,77.68472300,06-01-2021 08:30,718,"","","","",""
1138,KOWDHENAHALLI LAKE,CPCB,29,Karnataka,525,Bangalore Urban,BANGALORE EAST,-,-,-,-,-,-,-,-,13.01255300,77.68472300,24-03-2021 08:30,314,"","","","",""
1139,KOWDHENAHALLI LAKE,CPCB,29,Karnataka,525,Bangalore Urban,BANGALORE EAST,-,-,-,-,-,-,-,-,13.01255300,77.68472300,08-04-2021 08:30,1106,"","","","",""
1140,KOWDHENAHALLI LAKE,CPCB,29,Karnataka,525,Bangalore Urban,BANGALORE EAST,-,-,-,-,-,-,-,-,13.01255300,77.68472300,05-05-2021 08:30,700,"","","","",""
1141,KOWDHENAHALLI LAKE,CPCB,29,Karnataka,525,Bangalore Urban,BANGALORE EAST,-,-,-,-,-,-,-,-,13.01255300,77.68472300,08-06-2021 08:30,3370,"","","","",""
1142,KOWDHENAHALLI LAKE,CPCB,29,Karnataka,525,Bangalore Urban,BANGALORE EAST,-,-,-,-,-,-,-,-,13.01255300,77.68472300,27-07-2021 08:30,313,"","","","",""
1143,KOWDHENAHALLI LAKE,CPCB,29,Karnataka,525,Bangalore Urban,BANGALORE EAST,-,-,-,-,-,-,-,-,13.01255300,77.68472300,09-08-2021 08:30,366,"","","","",""
1144,KOWDHENAHALLI LAKE,CPCB,29,Karnataka,525,Bangalore Urban,BANGALORE EAST,-,-,-,-,-,-,-,-,13.01255300,77.68472300,14-09-2021 08:30,892,"","","","",""
1145,KOWDHENAHALLI LAKE,CPCB,29,Karnataka,525,Bangalore Urban,BANGALORE EAST,-,-,-,-,-,-,-,-,13.01255300,77.68472300,05-10-2021 08:30,789,"","","","",""
1146,KOWDHENAHALLI LAKE,CPCB,29,Karnataka,525,Bangalore Urban,BANGALORE EAST,-,-,-,-,-,-,-,-,13.01255300,77.68472300,17-11-2021 08:30,839,"","","","",""
1147,KOWDHENAHALLI LAKE,CPCB,29,Karnataka,525,Bangalore Urban,BANGALORE EAST,-,-,-,-,-,-,-,-,13.01255300,77.68472300,13-12-2021 08:30,1715,"","","","",""
1148,KRISHNA - ANKALI BRIDGE ALONG CHIKKODI KAGWAD ROAD,CPCB,29,Karnataka,527,Belgaum,CHIKODI,-,-,-,-,-,-,-,-,16.55750000,74.67971700,04-01-2021 08:30,"","","","","",""
1149,KRISHNA - ANKALI BRIDGE ALONG CHIKKODI KAGWAD ROAD,CPCB,29,Karnataka,527,Belgaum,CHIKODI,-,-,-,-,-,-,-,-,16.55750000,74.67971700,09-02-2021 08:30,"","","","","",""
1150,KRISHNA - ANKALI BRIDGE ALONG CHIKKODI KAGWAD ROAD,CPCB,29,Karnataka,527,Belgaum,CHIKODI,-,-,-,-,-,-,-,-,16.55750000,74.67971700,09-03-2021 08:30,"","","","","",""
1151,KRISHNA AT DEODURGA (BANGALORE),CPCB,29,Karnataka,546,Raichur,DEVADURGA,-,-,-,-,-,-,-,-,16.42397500,76.93549700,09-02-2021 08:30,"","","","","",""
1152,KRISHNA AT D/S OF ALAMATTI DAM,CPCB,29,Karnataka,530,Bijapur,BASAVANA BAGEVADI,-,-,-,-,-,-,-,-,16.32506900,75.89992500,04-01-2021 08:30,"","","","","",""
1153,KRISHNA AT D/S OF ALAMATTI DAM,CPCB,29,Karnataka,530,Bijapur,BASAVANA BAGEVADI,-,-,-,-,-,-,-,-,16.32506900,75.89992500,11-02-2021 08:30,"","","","","",""
1154,KRISHNA AT D/S OF ALAMATTI DAM,CPCB,29,Karnataka,530,Bijapur,BASAVANA BAGEVADI,-,-,-,-,-,-,-,-,16.32506900,75.89992500,04-03-2021 08:30,"","","","","",""
1155,KRISHNA AT D/S OF DEVASAGAR BDG.,CPCB,29,Karnataka,546,Raichur,RAICHUR,-,-,-,-,-,-,-,-,16.38050800,77.36272500,04-01-2021 08:30,"","","","","",""
1156,KRISHNA AT D/S OF DEVASAGAR BDG.,CPCB,29,Karnataka,546,Raichur,RAICHUR,-,-,-,-,-,-,-,-,16.38050800,77.36272500,01-02-2021 08:30,"","","","","",""
1157,KRISHNA AT D/S OF DEVASAGAR BDG.,CPCB,29,Karnataka,546,Raichur,RAICHUR,-,-,-,-,-,-,-,-,16.38050800,77.36272500,12-03-2021 08:30,"","","","","",""
1158,KRISHNA AT D/S OF NARAYANPURA DAM,CPCB,29,Karnataka,538,Kalaburagi,SHORAPUR,-,-,-,-,-,-,-,-,16.24243600,76.37067800,04-01-2021 08:30,"","","","","",""
1159,KRISHNA AT D/S OF NARAYANPURA DAM,CPCB,29,Karnataka,538,Kalaburagi,SHORAPUR,-,-,-,-,-,-,-,-,16.24243600,76.37067800,11-02-2021 08:30,"","","","","",""
1160,KRISHNA AT D/S OF NARAYANPURA DAM,CPCB,29,Karnataka,538,Kalaburagi,SHORAPUR,-,-,-,-,-,-,-,-,16.24243600,76.37067800,04-03-2021 08:30,"","","","","",""
1161,KRISHNA AT TINTINI BRIDGE,CPCB,29,Karnataka,538,Kalaburagi,SHORAPUR,-,-,-,-,-,-,-,-,16.36917200,76.65664700,11-01-2021 08:30,"","","","","",""
1162,KRISHNA AT TINTINI BRIDGE,CPCB,29,Karnataka,538,Kalaburagi,SHORAPUR,-,-,-,-,-,-,-,-,16.36917200,76.65664700,04-02-2021 08:30,"","","","","",""
1163,KRISHNA AT TINTINI BRIDGE,CPCB,29,Karnataka,538,Kalaburagi,SHORAPUR,-,-,-,-,-,-,-,-,16.36917200,76.65664700,06-03-2021 08:30,"","","","","",""
1164,KRISHNA AT U/S OF UGARKHURD BARRAGE,CPCB,29,Karnataka,527,Belgaum,RAYBAG,-,-,-,-,-,-,-,-,16.64086400,74.82130800,04-01-2021 08:30,"","","","","",""
1165,KRISHNA AT U/S OF UGARKHURD BARRAGE,CPCB,29,Karnataka,527,Belgaum,RAYBAG,-,-,-,-,-,-,-,-,16.64086400,74.82130800,09-02-2021 08:30,"","","","","",""
1166,KRISHNA AT U/S OF UGARKHURD BARRAGE,CPCB,29,Karnataka,527,Belgaum,RAYBAG,-,-,-,-,-,-,-,-,16.64086400,74.82130800,09-03-2021 08:30,"","","","","",""
1167,KUKKARAHALLI LAKE,CPCB,29,Karnataka,545,Mysore,MYSORE,-,-,-,-,-,-,-,-,12.31043400,76.62817400,06-01-2021 08:30,770,"","","","",""
1168,KUKKARAHALLI LAKE,CPCB,29,Karnataka,545,Mysore,MYSORE,-,-,-,-,-,-,-,-,12.31043400,76.62817400,18-02-2021 08:30,579,"","","","",""
1169,KUKKARAHALLI LAKE,CPCB,29,Karnataka,545,Mysore,MYSORE,-,-,-,-,-,-,-,-,12.31043400,76.62817400,08-03-2021 08:30,589,"","","","",""
1170,KUKKARAHALLI LAKE,CPCB,29,Karnataka,545,Mysore,MYSORE,-,-,-,-,-,-,-,-,12.31043400,76.62817400,20-04-2021 08:30,602,"","","","",""
1171,KUKKARAHALLI LAKE,CPCB,29,Karnataka,545,Mysore,MYSORE,-,-,-,-,-,-,-,-,12.31043400,76.62817400,07-05-2021 08:30,548,"","","","",""
1172,KUKKARAHALLI LAKE,CPCB,29,Karnataka,545,Mysore,MYSORE,-,-,-,-,-,-,-,-,12.31043400,76.62817400,15-06-2021 08:30,740,"","","","",""
1173,KUKKARAHALLI LAKE,CPCB,29,Karnataka,545,Mysore,MYSORE,-,-,-,-,-,-,-,-,12.31043400,76.62817400,22-07-2021 08:30,581,"","","","",""
1174,KUKKARAHALLI LAKE,CPCB,29,Karnataka,545,Mysore,MYSORE,-,-,-,-,-,-,-,-,12.31043400,76.62817400,10-08-2021 08:30,578,"","","","",""
1175,KUKKARAHALLI LAKE,CPCB,29,Karnataka,545,Mysore,MYSORE,-,-,-,-,-,-,-,-,12.31043400,76.62817400,04-09-2021 08:30,682,"","","","",""
1176,KUKKARAHALLI LAKE,CPCB,29,Karnataka,545,Mysore,MYSORE,-,-,-,-,-,-,-,-,12.31043400,76.62817400,22-10-2021 08:30,556,"","","","",""
1177,KUKKARAHALLI LAKE,CPCB,29,Karnataka,545,Mysore,MYSORE,-,-,-,-,-,-,-,-,12.31043400,76.62817400,18-11-2021 08:30,495,"","","","",""
1178,KUKKARAHALLI LAKE,CPCB,29,Karnataka,545,Mysore,MYSORE,-,-,-,-,-,-,-,-,12.31043400,76.62817400,28-12-2021 08:30,553,"","","","",""
1179,KUMARADHARA - U/S OF UPPINAGADY TOWN BEFORE CONFLUENCE WITH RIVER NETHRAVATHI,CPCB,29,Karnataka,525,Bangalore Urban,BANGALORE NORTH,-,-,-,-,-,-,-,-,12.83010000,75.24243900,07-01-2021 08:30,"","","","","",""
1180,KUMARADHARA - U/S OF UPPINAGADY TOWN BEFORE CONFLUENCE WITH RIVER NETHRAVATHI,CPCB,29,Karnataka,525,Bangalore Urban,BANGALORE NORTH,-,-,-,-,-,-,-,-,12.83010000,75.24243900,05-02-2021 08:30,"","","","","",""
1181,KUMARADHARA - U/S OF UPPINAGADY TOWN BEFORE CONFLUENCE WITH RIVER NETHRAVATHI,CPCB,29,Karnataka,525,Bangalore Urban,BANGALORE NORTH,-,-,-,-,-,-,-,-,12.83010000,75.24243900,15-03-2021 08:30,"","","","","",""
1182,KUNDALAHALLI LAKE,CPCB,29,Karnataka,525,Bangalore Urban,BANGALORE EAST,-,-,-,-,-,-,-,-,12.96947100,77.72050100,06-01-2021 08:30,1031,"","","","",""
1183,KUNDALAHALLI LAKE,CPCB,29,Karnataka,525,Bangalore Urban,BANGALORE EAST,-,-,-,-,-,-,-,-,12.96947100,77.72050100,01-02-2021 08:30,1021,"","","","",""
1184,KUNDALAHALLI LAKE,CPCB,29,Karnataka,525,Bangalore Urban,BANGALORE EAST,-,-,-,-,-,-,-,-,12.96947100,77.72050100,04-03-2021 08:30,1154,"","","","",""
1185,KUNDALAHALLI LAKE,CPCB,29,Karnataka,525,Bangalore Urban,BANGALORE EAST,-,-,-,-,-,-,-,-,12.96947100,77.72050100,26-04-2021 08:30,1199,"","","","",""
1186,KUNDALAHALLI LAKE,CPCB,29,Karnataka,525,Bangalore Urban,BANGALORE EAST,-,-,-,-,-,-,-,-,12.96947100,77.72050100,05-05-2021 08:30,1299,"","","","",""
1187,KUNDALAHALLI LAKE,CPCB,29,Karnataka,525,Bangalore Urban,BANGALORE EAST,-,-,-,-,-,-,-,-,12.96947100,77.72050100,08-06-2021 08:30,1170,"","","","",""
1188,KUNDALAHALLI LAKE,CPCB,29,Karnataka,525,Bangalore Urban,BANGALORE EAST,-,-,-,-,-,-,-,-,12.96947100,77.72050100,14-07-2021 08:30,1060,"","","","",""
1189,KUNDALAHALLI LAKE,CPCB,29,Karnataka,525,Bangalore Urban,BANGALORE EAST,-,-,-,-,-,-,-,-,12.96947100,77.72050100,09-08-2021 08:30,1043,"","","","",""
1190,KUNDALAHALLI LAKE,CPCB,29,Karnataka,525,Bangalore Urban,BANGALORE EAST,-,-,-,-,-,-,-,-,12.96947100,77.72050100,20-09-2021 08:30,1085,"","","","",""
1191,KUNDALAHALLI LAKE,CPCB,29,Karnataka,525,Bangalore Urban,BANGALORE EAST,-,-,-,-,-,-,-,-,12.96947100,77.72050100,25-10-2021 08:30,858,"","","","",""
1192,KUNDALAHALLI LAKE,CPCB,29,Karnataka,525,Bangalore Urban,BANGALORE EAST,-,-,-,-,-,-,-,-,12.96947100,77.72050100,10-11-2021 08:30,980,"","","","",""
1193,KUNDALAHALLI LAKE,CPCB,29,Karnataka,525,Bangalore Urban,BANGALORE EAST,-,-,-,-,-,-,-,-,12.96947100,77.72050100,17-12-2021 08:30,725,"","","","",""
1194,KUNDUVADAKERE TANK,CPCB,29,Karnataka,535,Davanagere,DAVANAGERE,-,-,-,-,-,-,-,-,14.45723200,75.88897100,06-01-2021 08:30,330,"","","","",""
1195,LAKSHMANTIRTHA AT D/S OF HUNSUR TOWN,CPCB,29,Karnataka,545,Mysore,HUNSUR,-,-,-,-,-,-,-,-,12.30218900,76.28616400,05-01-2021 08:30,"","","","","",""
1196,LAKSHMANTIRTHA AT D/S OF HUNSUR TOWN,CPCB,29,Karnataka,545,Mysore,HUNSUR,-,-,-,-,-,-,-,-,12.30218900,76.28616400,16-02-2021 08:30,"","","","","",""
1197,LAKSHMANTIRTHA AT D/S OF KATTEMALAVADI,CPCB,29,Karnataka,545,Mysore,HUNSUR,-,-,-,-,-,-,-,-,12.34461400,76.28617500,05-01-2021 08:30,"","","","","",""
1198,LAKSHMANTIRTHA AT D/S OF KATTEMALAVADI,CPCB,29,Karnataka,545,Mysore,HUNSUR,-,-,-,-,-,-,-,-,12.34461400,76.28617500,16-02-2021 08:30,"","","","","",""
1199,LAKSHMANTIRTHA AT WATER SUPPLY INTAKE POINT TO HUNSUR TOWN,CPCB,29,Karnataka,545,Mysore,HUNSUR,-,-,-,-,-,-,-,-,12.37243900,76.41103800,05-01-2021 08:30,"","","","","",""
1200,LAKSHMANTIRTHA AT WATER SUPPLY INTAKE POINT TO HUNSUR TOWN,CPCB,29,Karnataka,545,Mysore,HUNSUR,-,-,-,-,-,-,-,-,12.37243900,76.41103800,16-02-2021 08:30,"","","","","",""
1201,LAKSHMANTIRTHA AT WATER SUPPLY INTAKE POINT TO HUNSUR TOWN,CPCB,29,Karnataka,545,Mysore,HUNSUR,-,-,-,-,-,-,-,-,12.37243900,76.41103800,23-03-2021 08:30,"","","","","",""
1202,LALBAGH TANK,CPCB,29,Karnataka,525,Bangalore Urban,BANGALORE NORTH,-,-,-,-,-,-,-,-,12.88527700,74.83820400,06-01-2021 08:30,397,"","","","",""
1203,LALBAGH TANK,CPCB,29,Karnataka,525,Bangalore Urban,BANGALORE NORTH,-,-,-,-,-,-,-,-,12.88527700,74.83820400,15-02-2021 08:30,418,"","","","",""
1204,LALBAGH TANK,CPCB,29,Karnataka,525,Bangalore Urban,BANGALORE NORTH,-,-,-,-,-,-,-,-,12.88527700,74.83820400,01-03-2021 08:30,404,"","","","",""
1205,LALBAGH TANK,CPCB,29,Karnataka,525,Bangalore Urban,BANGALORE NORTH,-,-,-,-,-,-,-,-,12.88527700,74.83820400,06-04-2021 08:30,489,"","","","",""
1206,LALBAGH TANK,CPCB,29,Karnataka,525,Bangalore Urban,BANGALORE NORTH,-,-,-,-,-,-,-,-,12.88527700,74.83820400,06-05-2021 08:30,484,"","","","",""
1207,LALBAGH TANK,CPCB,29,Karnataka,525,Bangalore Urban,BANGALORE NORTH,-,-,-,-,-,-,-,-,12.88527700,74.83820400,14-06-2021 08:30,430,"","","","",""
1208,LALBAGH TANK,CPCB,29,Karnataka,525,Bangalore Urban,BANGALORE NORTH,-,-,-,-,-,-,-,-,12.88527700,74.83820400,27-07-2021 08:30,509,"","","","",""
1209,LALBAGH TANK,CPCB,29,Karnataka,525,Bangalore Urban,BANGALORE NORTH,-,-,-,-,-,-,-,-,12.88527700,74.83820400,16-08-2021 08:30,452,"","","","",""
1210,LALBAGH TANK,CPCB,29,Karnataka,525,Bangalore Urban,BANGALORE NORTH,-,-,-,-,-,-,-,-,12.88527700,74.83820400,06-09-2021 08:30,475,"","","","",""
1211,LALBAGH TANK,CPCB,29,Karnataka,525,Bangalore Urban,BANGALORE NORTH,-,-,-,-,-,-,-,-,12.88527700,74.83820400,07-10-2021 08:30,422,"","","","",""
1212,LALBAGH TANK,CPCB,29,Karnataka,525,Bangalore Urban,BANGALORE NORTH,-,-,-,-,-,-,-,-,12.88527700,74.83820400,19-11-2021 08:30,400,"","","","",""
1213,LALBAGH TANK,CPCB,29,Karnataka,525,Bangalore Urban,BANGALORE NORTH,-,-,-,-,-,-,-,-,12.88527700,74.83820400,06-12-2021 08:30,455,"","","","",""
1214,LIMBHABUDI LAKE,CPCB,29,Karnataka,545,Mysore,MYSORE,-,-,-,-,-,-,-,-,12.26954700,76.61171700,06-01-2021 08:30,564,"","","","",""
1215,LIMBHABUDI LAKE,CPCB,29,Karnataka,545,Mysore,MYSORE,-,-,-,-,-,-,-,-,12.26954700,76.61171700,18-02-2021 08:30,816,"","","","",""
1216,LIMBHABUDI LAKE,CPCB,29,Karnataka,545,Mysore,MYSORE,-,-,-,-,-,-,-,-,12.26954700,76.61171700,08-03-2021 08:30,785,"","","","",""
1217,LIMBHABUDI LAKE,CPCB,29,Karnataka,545,Mysore,MYSORE,-,-,-,-,-,-,-,-,12.26954700,76.61171700,17-04-2021 08:30,768,"","","","",""
1218,LIMBHABUDI LAKE,CPCB,29,Karnataka,545,Mysore,MYSORE,-,-,-,-,-,-,-,-,12.26954700,76.61171700,07-05-2021 08:30,624,"","","","",""
1219,LIMBHABUDI LAKE,CPCB,29,Karnataka,545,Mysore,MYSORE,-,-,-,-,-,-,-,-,12.26954700,76.61171700,15-06-2021 08:30,738,"","","","",""
1220,LIMBHABUDI LAKE,CPCB,29,Karnataka,545,Mysore,MYSORE,-,-,-,-,-,-,-,-,12.26954700,76.61171700,22-07-2021 08:30,722,"","","","",""
1221,LIMBHABUDI LAKE,CPCB,29,Karnataka,545,Mysore,MYSORE,-,-,-,-,-,-,-,-,12.26954700,76.61171700,10-08-2021 08:30,840,"","","","",""
1222,LIMBHABUDI LAKE,CPCB,29,Karnataka,545,Mysore,MYSORE,-,-,-,-,-,-,-,-,12.26954700,76.61171700,04-09-2021 08:30,850,"","","","",""
1223,LIMBHABUDI LAKE,CPCB,29,Karnataka,545,Mysore,MYSORE,-,-,-,-,-,-,-,-,12.26954700,76.61171700,22-10-2021 08:30,648,"","","","",""
1224,LIMBHABUDI LAKE,CPCB,29,Karnataka,545,Mysore,MYSORE,-,-,-,-,-,-,-,-,12.26954700,76.61171700,18-11-2021 08:30,743,"","","","",""
1225,LIMBHABUDI LAKE,CPCB,29,Karnataka,545,Mysore,MYSORE,-,-,-,-,-,-,-,-,12.26954700,76.61171700,15-12-2021 08:30,716,"","","","",""
1226,LINGAPPANAKATTE TANK,CPCB,29,Karnataka,548,Tumkur,CHIKNAYAKANHALLI,-,-,-,-,-,-,-,-,13.59724500,76.54269400,05-01-2021 08:30,510,"","","","",""
1227,LINGAPPANAKATTE TANK,CPCB,29,Karnataka,548,Tumkur,CHIKNAYAKANHALLI,-,-,-,-,-,-,-,-,13.59724500,76.54269400,12-02-2021 08:30,470,"","","","",""
1228,LINGAPPANAKATTE TANK,CPCB,29,Karnataka,548,Tumkur,CHIKNAYAKANHALLI,-,-,-,-,-,-,-,-,13.59724500,76.54269400,06-03-2021 08:30,620,"","","","",""
1229,LINGAPPANAKATTE TANK,CPCB,29,Karnataka,548,Tumkur,CHIKNAYAKANHALLI,-,-,-,-,-,-,-,-,13.59724500,76.54269400,03-04-2021 08:30,540,"","","","",""
1230,LINGAPPANAKATTE TANK,CPCB,29,Karnataka,548,Tumkur,CHIKNAYAKANHALLI,-,-,-,-,-,-,-,-,13.59724500,76.54269400,03-05-2021 08:30,530,"","","","",""
1231,LINGAPPANAKATTE TANK,CPCB,29,Karnataka,548,Tumkur,CHIKNAYAKANHALLI,-,-,-,-,-,-,-,-,13.59724500,76.54269400,02-06-2021 08:30,550,"","","","",""
1232,LINGAPPANAKATTE TANK,CPCB,29,Karnataka,548,Tumkur,CHIKNAYAKANHALLI,-,-,-,-,-,-,-,-,13.59724500,76.54269400,03-07-2021 08:30,460,"","","","",""
1233,LINGAPPANAKATTE TANK,CPCB,29,Karnataka,548,Tumkur,CHIKNAYAKANHALLI,-,-,-,-,-,-,-,-,13.59724500,76.54269400,02-08-2021 08:30,410,"","","","",""
1234,LINGAPPANAKATTE TANK,CPCB,29,Karnataka,548,Tumkur,CHIKNAYAKANHALLI,-,-,-,-,-,-,-,-,13.59724500,76.54269400,07-09-2021 08:30,400,"","","","",""
1235,LINGAPPANAKATTE TANK,CPCB,29,Karnataka,548,Tumkur,CHIKNAYAKANHALLI,-,-,-,-,-,-,-,-,13.59724500,76.54269400,04-10-2021 08:30,430,"","","","",""
1236,LINGAPPANAKATTE TANK,CPCB,29,Karnataka,548,Tumkur,CHIKNAYAKANHALLI,-,-,-,-,-,-,-,-,13.59724500,76.54269400,09-11-2021 08:30,370,"","","","",""
1237,LINGAPPANAKATTE TANK,CPCB,29,Karnataka,548,Tumkur,CHIKNAYAKANHALLI,-,-,-,-,-,-,-,-,13.59724500,76.54269400,02-12-2021 08:30,460,"","","","",""
1238,MACHOHALLI LAKE,CPCB,29,Karnataka,525,Bangalore Urban,BANGALORE NORTH,-,-,-,-,-,-,-,-,13.01247300,77.45481900,19-01-2021 08:30,516,"","","","",""
1239,MACHOHALLI LAKE,CPCB,29,Karnataka,525,Bangalore Urban,BANGALORE NORTH,-,-,-,-,-,-,-,-,13.01247300,77.45481900,08-02-2021 08:30,2168,"","","","",""
1240,MACHOHALLI LAKE,CPCB,29,Karnataka,525,Bangalore Urban,BANGALORE NORTH,-,-,-,-,-,-,-,-,13.01247300,77.45481900,08-03-2021 08:30,4200,"","","","",""
1241,MACHOHALLI LAKE,CPCB,29,Karnataka,525,Bangalore Urban,BANGALORE NORTH,-,-,-,-,-,-,-,-,13.01247300,77.45481900,15-04-2021 08:30,985,"","","","",""
1242,MACHOHALLI LAKE,CPCB,29,Karnataka,525,Bangalore Urban,BANGALORE NORTH,-,-,-,-,-,-,-,-,13.01247300,77.45481900,27-05-2021 08:30,1771,"","","","",""
1243,MACHOHALLI LAKE,CPCB,29,Karnataka,525,Bangalore Urban,BANGALORE NORTH,-,-,-,-,-,-,-,-,13.01247300,77.45481900,22-06-2021 08:30,1200,"","","","",""
1244,MACHOHALLI LAKE,CPCB,29,Karnataka,525,Bangalore Urban,BANGALORE NORTH,-,-,-,-,-,-,-,-,13.01247300,77.45481900,26-07-2021 08:30,1280,"","","","",""
1245,MACHOHALLI LAKE,CPCB,29,Karnataka,525,Bangalore Urban,BANGALORE NORTH,-,-,-,-,-,-,-,-,13.01247300,77.45481900,11-08-2021 08:30,385,"","","","",""
1246,MACHOHALLI LAKE,CPCB,29,Karnataka,525,Bangalore Urban,BANGALORE NORTH,-,-,-,-,-,-,-,-,13.01247300,77.45481900,08-09-2021 08:30,2550,"","","","",""
1247,MACHOHALLI LAKE,CPCB,29,Karnataka,525,Bangalore Urban,BANGALORE NORTH,-,-,-,-,-,-,-,-,13.01247300,77.45481900,11-10-2021 08:30,1247,"","","","",""
1248,MACHOHALLI LAKE,CPCB,29,Karnataka,525,Bangalore Urban,BANGALORE NORTH,-,-,-,-,-,-,-,-,13.01247300,77.45481900,24-11-2021 08:30,1491,"","","","",""
1249,MADAVARA TANK,CPCB,29,Karnataka,525,Bangalore Urban,BANGALORE NORTH,-,-,-,-,-,-,-,-,13.04672300,77.46665700,19-01-2021 08:30,855,"","","","",""
1250,MADAVARA TANK,CPCB,29,Karnataka,525,Bangalore Urban,BANGALORE NORTH,-,-,-,-,-,-,-,-,13.04672300,77.46665700,08-02-2021 08:30,499,"","","","",""
1251,MADAVARA TANK,CPCB,29,Karnataka,525,Bangalore Urban,BANGALORE NORTH,-,-,-,-,-,-,-,-,13.04672300,77.46665700,03-03-2021 08:30,718,"","","","",""
1252,MADAVARA TANK,CPCB,29,Karnataka,525,Bangalore Urban,BANGALORE NORTH,-,-,-,-,-,-,-,-,13.04672300,77.46665700,19-04-2021 08:30,597,"","","","",""
1253,MADAVARA TANK,CPCB,29,Karnataka,525,Bangalore Urban,BANGALORE NORTH,-,-,-,-,-,-,-,-,13.04672300,77.46665700,27-05-2021 08:30,1044,"","","","",""
1254,MADAVARA TANK,CPCB,29,Karnataka,525,Bangalore Urban,BANGALORE NORTH,-,-,-,-,-,-,-,-,13.04672300,77.46665700,22-06-2021 08:30,1240,"","","","",""
1255,MADAVARA TANK,CPCB,29,Karnataka,525,Bangalore Urban,BANGALORE NORTH,-,-,-,-,-,-,-,-,13.04672300,77.46665700,26-07-2021 08:30,538,"","","","",""
1256,MADAVARA TANK,CPCB,29,Karnataka,525,Bangalore Urban,BANGALORE NORTH,-,-,-,-,-,-,-,-,13.04672300,77.46665700,09-08-2021 08:30,517,"","","","",""
1257,MADAVARA TANK,CPCB,29,Karnataka,525,Bangalore Urban,BANGALORE NORTH,-,-,-,-,-,-,-,-,13.04672300,77.46665700,07-09-2021 08:30,486,"","","","",""
1258,MADAVARA TANK,CPCB,29,Karnataka,525,Bangalore Urban,BANGALORE NORTH,-,-,-,-,-,-,-,-,13.04672300,77.46665700,26-10-2021 08:30,295,"","","","",""
1259,MADAVARA TANK,CPCB,29,Karnataka,525,Bangalore Urban,BANGALORE NORTH,-,-,-,-,-,-,-,-,13.04672300,77.46665700,18-11-2021 08:30,213,"","","","",""
1260,MADAVARA TANK,CPCB,29,Karnataka,525,Bangalore Urban,BANGALORE NORTH,-,-,-,-,-,-,-,-,13.04672300,77.46665700,07-12-2021 08:30,366,"","","","",""
1261,MADHURE TANK,CPCB,29,Karnataka,526,Bangalore Rural,DODBALLAPUR,-,-,-,-,-,-,-,-,13.20167400,77.45785000,21-01-2021 08:30,202,"","","","",""
1262,MADHURE TANK,CPCB,29,Karnataka,526,Bangalore Rural,DODBALLAPUR,-,-,-,-,-,-,-,-,13.20167400,77.45785000,16-06-2021 08:30,398,"","","","",""
1263,MADHURE TANK,CPCB,29,Karnataka,526,Bangalore Rural,DODBALLAPUR,-,-,-,-,-,-,-,-,13.20167400,77.45785000,12-07-2021 08:30,64,"","","","",""
1264,MADHURE TANK,CPCB,29,Karnataka,526,Bangalore Rural,DODBALLAPUR,-,-,-,-,-,-,-,-,13.20167400,77.45785000,17-08-2021 08:30,238,"","","","",""
1265,MADHURE TANK,CPCB,29,Karnataka,526,Bangalore Rural,DODBALLAPUR,-,-,-,-,-,-,-,-,13.20167400,77.45785000,13-09-2021 08:30,180,"","","","",""
1266,MADHURE TANK,CPCB,29,Karnataka,526,Bangalore Rural,DODBALLAPUR,-,-,-,-,-,-,-,-,13.20167400,77.45785000,11-10-2021 08:30,394,"","","","",""
1267,MADHURE TANK,CPCB,29,Karnataka,526,Bangalore Rural,DODBALLAPUR,-,-,-,-,-,-,-,-,13.20167400,77.45785000,17-11-2021 08:30,344,"","","","",""
1268,MADHURE TANK,CPCB,29,Karnataka,526,Bangalore Rural,DODBALLAPUR,-,-,-,-,-,-,-,-,13.20167400,77.45785000,17-12-2021 08:30,160,"","","","",""
1269,MADIWALA TANK,CPCB,29,Karnataka,525,Bangalore Urban,BANGALORE SOUTH,-,-,-,-,-,-,-,-,12.90869400,77.61642700,27-01-2021 08:30,1402,"","","","",""
1270,MADIWALA TANK,CPCB,29,Karnataka,525,Bangalore Urban,BANGALORE SOUTH,-,-,-,-,-,-,-,-,12.90869400,77.61642700,17-02-2021 08:30,425,"","","","",""
1271,MADIWALA TANK,CPCB,29,Karnataka,525,Bangalore Urban,BANGALORE SOUTH,-,-,-,-,-,-,-,-,12.90869400,77.61642700,03-03-2021 08:30,1036,"","","","",""
1272,MADIWALA TANK,CPCB,29,Karnataka,525,Bangalore Urban,BANGALORE SOUTH,-,-,-,-,-,-,-,-,12.90869400,77.61642700,05-04-2021 08:30,893,"","","","",""
1273,MADIWALA TANK,CPCB,29,Karnataka,525,Bangalore Urban,BANGALORE SOUTH,-,-,-,-,-,-,-,-,12.90869400,77.61642700,19-05-2021 08:30,1273,"","","","",""
1274,MADIWALA TANK,CPCB,29,Karnataka,525,Bangalore Urban,BANGALORE SOUTH,-,-,-,-,-,-,-,-,12.90869400,77.61642700,03-06-2021 08:30,856,"","","","",""
1275,MADIWALA TANK,CPCB,29,Karnataka,525,Bangalore Urban,BANGALORE SOUTH,-,-,-,-,-,-,-,-,12.90869400,77.61642700,12-07-2021 08:30,521,"","","","",""
1276,MADIWALA TANK,CPCB,29,Karnataka,525,Bangalore Urban,BANGALORE SOUTH,-,-,-,-,-,-,-,-,12.90869400,77.61642700,05-08-2021 08:30,1162,"","","","",""
1277,MADIWALA TANK,CPCB,29,Karnataka,525,Bangalore Urban,BANGALORE SOUTH,-,-,-,-,-,-,-,-,12.90869400,77.61642700,01-09-2021 08:30,1211,"","","","",""
1278,MADIWALA TANK,CPCB,29,Karnataka,525,Bangalore Urban,BANGALORE SOUTH,-,-,-,-,-,-,-,-,12.90869400,77.61642700,11-10-2021 08:30,286,"","","","",""
1279,MADIWALA TANK,CPCB,29,Karnataka,525,Bangalore Urban,BANGALORE SOUTH,-,-,-,-,-,-,-,-,12.90869400,77.61642700,08-11-2021 08:30,503,"","","","",""
1280,MADIWALA TANK,CPCB,29,Karnataka,525,Bangalore Urban,BANGALORE SOUTH,-,-,-,-,-,-,-,-,12.90869400,77.61642700,06-12-2021 08:30,955,"","","","",""
1281,MAKANA KERE,CPCB,29,Karnataka,542,Kolar,MALUR,-,-,-,-,-,-,-,-,12.92740200,78.02383000,07-01-2021 08:30,1100,"","","","",""
1282,MAKANA KERE,CPCB,29,Karnataka,542,Kolar,MALUR,-,-,-,-,-,-,-,-,12.92740200,78.02383000,16-02-2021 08:30,1120,"","","","",""
1283,MAKANA KERE,CPCB,29,Karnataka,542,Kolar,MALUR,-,-,-,-,-,-,-,-,12.92740200,78.02383000,06-03-2021 08:30,1080,"","","","",""
1284,MAKANA KERE,CPCB,29,Karnataka,542,Kolar,MALUR,-,-,-,-,-,-,-,-,12.92740200,78.02383000,03-04-2021 08:30,1250,"","","","",""
1285,MAKANA KERE,CPCB,29,Karnataka,542,Kolar,MALUR,-,-,-,-,-,-,-,-,12.92740200,78.02383000,03-05-2021 08:30,1400,"","","","",""
1286,MAKANA KERE,CPCB,29,Karnataka,542,Kolar,MALUR,-,-,-,-,-,-,-,-,12.92740200,78.02383000,02-06-2021 08:30,1340,"","","","",""
1287,MAKANA KERE,CPCB,29,Karnataka,542,Kolar,MALUR,-,-,-,-,-,-,-,-,12.92740200,78.02383000,03-07-2021 08:30,1050,"","","","",""
1288,MAKANA KERE,CPCB,29,Karnataka,542,Kolar,MALUR,-,-,-,-,-,-,-,-,12.92740200,78.02383000,03-08-2021 08:30,830,"","","","",""
1289,MAKANA KERE,CPCB,29,Karnataka,542,Kolar,MALUR,-,-,-,-,-,-,-,-,12.92740200,78.02383000,09-09-2021 08:30,880,"","","","",""
1290,MAKANA KERE,CPCB,29,Karnataka,542,Kolar,MALUR,-,-,-,-,-,-,-,-,12.92740200,78.02383000,04-10-2021 08:30,1100,"","","","",""
1291,MAKANA KERE,CPCB,29,Karnataka,542,Kolar,MALUR,-,-,-,-,-,-,-,-,12.92740200,78.02383000,15-11-2021 08:30,740,"","","","",""
1292,MAKANA KERE,CPCB,29,Karnataka,542,Kolar,MALUR,-,-,-,-,-,-,-,-,12.92740200,78.02383000,03-12-2021 08:30,790,"","","","",""
1293,MALATHAHALLI TANK,CPCB,29,Karnataka,525,Bangalore Urban,BANGALORE NORTH,-,-,-,-,-,-,-,-,12.96514900,77.49533400,05-01-2021 08:30,1898,"","","","",""
1294,MALATHAHALLI TANK,CPCB,29,Karnataka,525,Bangalore Urban,BANGALORE NORTH,-,-,-,-,-,-,-,-,12.96514900,77.49533400,03-02-2021 08:30,1565,"","","","",""
1295,MALATHAHALLI TANK,CPCB,29,Karnataka,525,Bangalore Urban,BANGALORE NORTH,-,-,-,-,-,-,-,-,12.96514900,77.49533400,09-03-2021 08:30,1734,"","","","",""
1296,MALATHAHALLI TANK,CPCB,29,Karnataka,525,Bangalore Urban,BANGALORE NORTH,-,-,-,-,-,-,-,-,12.96514900,77.49533400,05-04-2021 08:30,1691,"","","","",""
1297,MALATHAHALLI TANK,CPCB,29,Karnataka,525,Bangalore Urban,BANGALORE NORTH,-,-,-,-,-,-,-,-,12.96514900,77.49533400,24-05-2021 08:30,703,"","","","",""
1298,MALATHAHALLI TANK,CPCB,29,Karnataka,525,Bangalore Urban,BANGALORE NORTH,-,-,-,-,-,-,-,-,12.96514900,77.49533400,08-06-2021 08:30,687,"","","","",""
1299,MALATHAHALLI TANK,CPCB,29,Karnataka,525,Bangalore Urban,BANGALORE NORTH,-,-,-,-,-,-,-,-,12.96514900,77.49533400,26-07-2021 08:30,375,"","","","",""
1300,MALATHAHALLI TANK,CPCB,29,Karnataka,525,Bangalore Urban,BANGALORE NORTH,-,-,-,-,-,-,-,-,12.96514900,77.49533400,10-08-2021 08:30,1068,"","","","",""
1301,MALATHAHALLI TANK,CPCB,29,Karnataka,525,Bangalore Urban,BANGALORE NORTH,-,-,-,-,-,-,-,-,12.96514900,77.49533400,06-09-2021 08:30,1689,"","","","",""
1302,MALATHAHALLI TANK,CPCB,29,Karnataka,525,Bangalore Urban,BANGALORE NORTH,-,-,-,-,-,-,-,-,12.96514900,77.49533400,11-10-2021 08:30,1006,"","","","",""
1303,MALATHAHALLI TANK,CPCB,29,Karnataka,525,Bangalore Urban,BANGALORE NORTH,-,-,-,-,-,-,-,-,12.96514900,77.49533400,16-11-2021 08:30,841,"","","","",""
1304,MALATHAHALLI TANK,CPCB,29,Karnataka,525,Bangalore Urban,BANGALORE NORTH,-,-,-,-,-,-,-,-,12.96514900,77.49533400,07-12-2021 08:30,1644,"","","","",""
1305,MALPRABHA AT BADAMI BRIDGE,CPCB,29,Karnataka,524,Bagalkote,BAGALKOT,-,-,-,-,-,-,-,-,15.87567200,75.72227200,15-01-2021 08:30,"","","","","",""
1306,MALPRABHA AT BADAMI BRIDGE,CPCB,29,Karnataka,524,Bagalkote,BAGALKOT,-,-,-,-,-,-,-,-,15.87567200,75.72227200,02-02-2021 08:30,"","","","","",""
1307,MALPRABHA AT BADAMI BRIDGE,CPCB,29,Karnataka,524,Bagalkote,BAGALKOT,-,-,-,-,-,-,-,-,15.87567200,75.72227200,09-03-2021 08:30,"","","","","",""
1308,MALPRABHA AT D/S OF AIHOLE TOWN,CPCB,29,Karnataka,524,Bagalkote,BAGALKOT,-,-,-,-,-,-,-,-,16.00931900,75.87802200,15-01-2021 08:30,"","","","","",""
1309,MALPRABHA AT D/S OF AIHOLE TOWN,CPCB,29,Karnataka,524,Bagalkote,BAGALKOT,-,-,-,-,-,-,-,-,16.00931900,75.87802200,02-02-2021 08:30,"","","","","",""
1310,MALPRABHA AT D/S OF AIHOLE TOWN,CPCB,29,Karnataka,524,Bagalkote,BAGALKOT,-,-,-,-,-,-,-,-,16.00931900,75.87802200,09-03-2021 08:30,"","","","","",""
1311,MALPRABHA AT D/S OF KHANAPUR VILLAGE,CPCB,29,Karnataka,527,Belgaum,KHANAPUR,-,-,-,-,-,-,-,-,15.63343100,74.51032200,08-01-2021 08:30,"","","","","",""
1312,MALPRABHA AT D/S OF KHANAPUR VILLAGE,CPCB,29,Karnataka,527,Belgaum,KHANAPUR,-,-,-,-,-,-,-,-,15.63343100,74.51032200,03-02-2021 08:30,"","","","","",""
1313,MALPRABHA AT D/S OF KHANAPUR VILLAGE,CPCB,29,Karnataka,527,Belgaum,KHANAPUR,-,-,-,-,-,-,-,-,15.63343100,74.51032200,15-03-2021 08:30,"","","","","",""
1314,MALPRABHA AT WATER ABSTR. PT. TO HUBLI DHARWAR,CPCB,29,Karnataka,527,Belgaum,PARASGAD,-,-,-,-,-,-,-,-,15.79798300,75.19149200,12-01-2021 08:30,"","","","","",""
1315,MALPRABHA AT WATER ABSTR. PT. TO HUBLI DHARWAR,CPCB,29,Karnataka,527,Belgaum,PARASGAD,-,-,-,-,-,-,-,-,15.79798300,75.19149200,15-02-2021 08:30,"","","","","",""
1316,MALPRABHA AT WATER ABSTR. PT. TO HUBLI DHARWAR,CPCB,29,Karnataka,527,Belgaum,PARASGAD,-,-,-,-,-,-,-,-,15.79798300,75.19149200,05-03-2021 08:30,"","","","","",""
1317,MANCHALAPUR TANK MANCHALAPUR RAICHUR TQ & DIST,CPCB,29,Karnataka,526,Bangalore Rural,MAGADI,-,-,-,-,-,-,-,-,12.87519500,77.33567100,04-01-2021 08:30,1435,"","","","",""
1318,MANCHALAPUR TANK MANCHALAPUR RAICHUR TQ & DIST,CPCB,29,Karnataka,526,Bangalore Rural,MAGADI,-,-,-,-,-,-,-,-,12.87519500,77.33567100,01-02-2021 08:30,1622,"","","","",""
1319,MANCHALAPUR TANK MANCHALAPUR RAICHUR TQ & DIST,CPCB,29,Karnataka,526,Bangalore Rural,MAGADI,-,-,-,-,-,-,-,-,12.87519500,77.33567100,12-03-2021 08:30,1938,"","","","",""
1320,MANCHALAPUR TANK MANCHALAPUR RAICHUR TQ & DIST,CPCB,29,Karnataka,526,Bangalore Rural,MAGADI,-,-,-,-,-,-,-,-,12.87519500,77.33567100,03-04-2021 08:30,2385,"","","","",""
1321,MANCHALAPUR TANK MANCHALAPUR RAICHUR TQ & DIST,CPCB,29,Karnataka,526,Bangalore Rural,MAGADI,-,-,-,-,-,-,-,-,12.87519500,77.33567100,26-05-2021 08:30,1885,"","","","",""
1322,MANCHALAPUR TANK MANCHALAPUR RAICHUR TQ & DIST,CPCB,29,Karnataka,526,Bangalore Rural,MAGADI,-,-,-,-,-,-,-,-,12.87519500,77.33567100,29-06-2021 08:30,2066,"","","","",""
1323,MANCHALAPUR TANK MANCHALAPUR RAICHUR TQ & DIST,CPCB,29,Karnataka,526,Bangalore Rural,MAGADI,-,-,-,-,-,-,-,-,12.87519500,77.33567100,06-07-2021 08:30,1582,"","","","",""
1324,MANCHALAPUR TANK MANCHALAPUR RAICHUR TQ & DIST,CPCB,29,Karnataka,526,Bangalore Rural,MAGADI,-,-,-,-,-,-,-,-,12.87519500,77.33567100,10-08-2021 08:30,1718,"","","","",""
1325,MANCHALAPUR TANK MANCHALAPUR RAICHUR TQ & DIST,CPCB,29,Karnataka,526,Bangalore Rural,MAGADI,-,-,-,-,-,-,-,-,12.87519500,77.33567100,09-09-2021 08:30,1500,"","","","",""
1326,MANCHALAPUR TANK MANCHALAPUR RAICHUR TQ & DIST,CPCB,29,Karnataka,526,Bangalore Rural,MAGADI,-,-,-,-,-,-,-,-,12.87519500,77.33567100,11-10-2021 08:30,922,"","","","",""
1327,MANCHALAPUR TANK MANCHALAPUR RAICHUR TQ & DIST,CPCB,29,Karnataka,526,Bangalore Rural,MAGADI,-,-,-,-,-,-,-,-,12.87519500,77.33567100,11-11-2021 08:30,1523,"","","","",""
1328,MANCHALAPUR TANK MANCHALAPUR RAICHUR TQ & DIST,CPCB,29,Karnataka,526,Bangalore Rural,MAGADI,-,-,-,-,-,-,-,-,12.87519500,77.33567100,15-12-2021 08:30,1690,"","","","",""
1329,MANCHANABALE DAM,CPCB,29,Karnataka,526,Bangalore Rural,MAGADI,-,-,-,-,-,-,-,-,12.87495500,77.33605700,11-01-2021 08:30,849,"","","","",""
1330,MANCHANABALE DAM,CPCB,29,Karnataka,526,Bangalore Rural,MAGADI,-,-,-,-,-,-,-,-,12.87493600,77.33606400,19-01-2021 08:30,676,"","","","",""
1331,MANCHANABALE DAM,CPCB,29,Karnataka,526,Bangalore Rural,MAGADI,-,-,-,-,-,-,-,-,12.87495500,77.33605700,04-02-2021 08:30,870,"","","","",""
1332,MANCHANABALE DAM,CPCB,29,Karnataka,526,Bangalore Rural,MAGADI,-,-,-,-,-,-,-,-,12.87493600,77.33606400,08-02-2021 08:30,784,"","","","",""
1333,MANCHANABALE DAM,CPCB,29,Karnataka,526,Bangalore Rural,MAGADI,-,-,-,-,-,-,-,-,12.87493600,77.33606400,08-03-2021 08:30,1537,"","","","",""
1334,MANCHANABALE DAM,CPCB,29,Karnataka,526,Bangalore Rural,MAGADI,-,-,-,-,-,-,-,-,12.87495500,77.33605700,09-03-2021 08:30,887,"","","","",""
1335,MANCHANABALE DAM,CPCB,29,Karnataka,526,Bangalore Rural,MAGADI,-,-,-,-,-,-,-,-,12.87493600,77.33606400,15-04-2021 08:30,1586,"","","","",""
1336,MANCHANABALE DAM,CPCB,29,Karnataka,526,Bangalore Rural,MAGADI,-,-,-,-,-,-,-,-,12.87495500,77.33605700,22-04-2021 08:30,896,"","","","",""
1337,MANCHANABALE DAM,CPCB,29,Karnataka,526,Bangalore Rural,MAGADI,-,-,-,-,-,-,-,-,12.87493600,77.33606400,27-05-2021 08:30,1358,"","","","",""
1338,MANCHANABALE DAM,CPCB,29,Karnataka,526,Bangalore Rural,MAGADI,-,-,-,-,-,-,-,-,12.87495500,77.33605700,15-06-2021 08:30,1011,"","","","",""
1339,MANCHANABALE DAM,CPCB,29,Karnataka,526,Bangalore Rural,MAGADI,-,-,-,-,-,-,-,-,12.87493600,77.33606400,22-06-2021 08:30,785,"","","","",""
1340,MANCHANABALE DAM,CPCB,29,Karnataka,526,Bangalore Rural,MAGADI,-,-,-,-,-,-,-,-,12.87495500,77.33605700,23-07-2021 08:30,985,"","","","",""
1341,MANCHANABALE DAM,CPCB,29,Karnataka,526,Bangalore Rural,MAGADI,-,-,-,-,-,-,-,-,12.87493600,77.33606400,26-07-2021 08:30,812,"","","","",""
1342,MANCHANABALE DAM,CPCB,29,Karnataka,526,Bangalore Rural,MAGADI,-,-,-,-,-,-,-,-,12.87495500,77.33605700,09-08-2021 08:30,1100,"","","","",""
1343,MANCHANABALE DAM,CPCB,29,Karnataka,526,Bangalore Rural,MAGADI,-,-,-,-,-,-,-,-,12.87493600,77.33606400,11-08-2021 08:30,1297,"","","","",""
1344,MANCHANABALE DAM,CPCB,29,Karnataka,526,Bangalore Rural,MAGADI,-,-,-,-,-,-,-,-,12.87495500,77.33605700,08-09-2021 08:30,643,"","","","",""
1345,MANCHANABALE DAM,CPCB,29,Karnataka,526,Bangalore Rural,MAGADI,-,-,-,-,-,-,-,-,12.87493600,77.33606400,08-09-2021 08:30,1733,"","","","",""
1346,MANCHANABALE DAM,CPCB,29,Karnataka,526,Bangalore Rural,MAGADI,-,-,-,-,-,-,-,-,12.87495500,77.33605700,04-10-2021 08:30,1031,"","","","",""
1347,MANCHANABALE DAM,CPCB,29,Karnataka,526,Bangalore Rural,MAGADI,-,-,-,-,-,-,-,-,12.87493600,77.33606400,11-10-2021 08:30,183,"","","","",""
1348,MANCHANABALE DAM,CPCB,29,Karnataka,526,Bangalore Rural,MAGADI,-,-,-,-,-,-,-,-,12.87495500,77.33605700,09-11-2021 08:30,958,"","","","",""
1349,MANCHANABALE DAM,CPCB,29,Karnataka,526,Bangalore Rural,MAGADI,-,-,-,-,-,-,-,-,12.87493600,77.33606400,24-11-2021 08:30,1294,"","","","",""
1350,MANCHANABALE DAM,CPCB,29,Karnataka,526,Bangalore Rural,MAGADI,-,-,-,-,-,-,-,-,12.87495500,77.33605700,14-12-2021 08:30,806,"","","","",""
1351,MANCHANABALE DAM,CPCB,29,Karnataka,526,Bangalore Rural,MAGADI,-,-,-,-,-,-,-,-,12.87493600,77.33606400,15-12-2021 08:30,1612,"","","","",""
1352,MANJEERA AT JANWADA(BANGALORE),CPCB,29,Karnataka,529,Bidar,BIDAR,-,-,-,-,-,-,-,-,17.97503600,77.41178100,02-02-2021 08:30,"","","","","",""
1353,MARKANDEYA RIVER RAKKASAKOPPA RESERVOIR RAKKASAKOPPA VILL BELAGAVI,CPCB,29,Karnataka,527,Belgaum,GOKAK,-,-,-,-,-,-,-,-,16.14007800,74.75621100,29-01-2021 08:30,"","","","","",""
1354,MARKANDEYA RIVER RAKKASAKOPPA RESERVOIR RAKKASAKOPPA VILL BELAGAVI,CPCB,29,Karnataka,527,Belgaum,GOKAK,-,-,-,-,-,-,-,-,16.14007800,74.75621100,06-02-2021 08:30,"","","","","",""
1355,MARKANDEYA RIVER RAKKASAKOPPA RESERVOIR RAKKASAKOPPA VILL BELAGAVI,CPCB,29,Karnataka,527,Belgaum,GOKAK,-,-,-,-,-,-,-,-,16.14007800,74.75621100,25-03-2021 08:30,"","","","","",""
1356,MATTADAKERE TANK,CPCB,29,Karnataka,533,Chitradurga,CHITRADURGA,-,-,-,-,-,-,-,-,14.23954100,76.37856000,11-01-2021 08:30,820,"","","","",""
1357,MATTADAKERE TANK,CPCB,29,Karnataka,533,Chitradurga,CHITRADURGA,-,-,-,-,-,-,-,-,14.23954100,76.37856000,03-02-2021 08:30,910,"","","","",""
1358,MATTADAKERE TANK,CPCB,29,Karnataka,533,Chitradurga,CHITRADURGA,-,-,-,-,-,-,-,-,14.23954100,76.37856000,03-03-2021 08:30,900,"","","","",""
1359,MATTADAKERE TANK,CPCB,29,Karnataka,533,Chitradurga,CHITRADURGA,-,-,-,-,-,-,-,-,14.23954100,76.37856000,05-04-2021 08:30,900,"","","","",""
1360,MATTADAKERE TANK,CPCB,29,Karnataka,533,Chitradurga,CHITRADURGA,-,-,-,-,-,-,-,-,14.23954100,76.37856000,04-05-2021 08:30,910,"","","","",""
1361,MATTADAKERE TANK,CPCB,29,Karnataka,533,Chitradurga,CHITRADURGA,-,-,-,-,-,-,-,-,14.23954100,76.37856000,07-06-2021 08:30,870,"","","","",""
1362,MATTADAKERE TANK,CPCB,29,Karnataka,533,Chitradurga,CHITRADURGA,-,-,-,-,-,-,-,-,14.23954100,76.37856000,02-07-2021 08:30,920,"","","","",""
1363,MATTADAKERE TANK,CPCB,29,Karnataka,533,Chitradurga,CHITRADURGA,-,-,-,-,-,-,-,-,14.23954100,76.37856000,06-08-2021 08:30,840,"","","","",""
1364,MATTADAKERE TANK,CPCB,29,Karnataka,533,Chitradurga,CHITRADURGA,-,-,-,-,-,-,-,-,14.23954100,76.37856000,06-09-2021 08:30,850,"","","","",""
1365,MATTADAKERE TANK,CPCB,29,Karnataka,533,Chitradurga,CHITRADURGA,-,-,-,-,-,-,-,-,14.23954100,76.37856000,05-10-2021 08:30,870,"","","","",""
1366,MATTADAKERE TANK,CPCB,29,Karnataka,533,Chitradurga,CHITRADURGA,-,-,-,-,-,-,-,-,14.23954100,76.37856000,24-11-2021 08:30,770,"","","","",""
1367,MATTADAKERE TANK,CPCB,29,Karnataka,533,Chitradurga,CHITRADURGA,-,-,-,-,-,-,-,-,14.23954100,76.37856000,06-12-2021 08:30,850,"","","","",""
1368,MAVENAKERE TANK,CPCB,29,Karnataka,539,Hassan,HOLENARSIPUR,-,-,-,-,-,-,-,-,12.83406700,76.18248500,04-01-2021 08:30,962,"","","","",""
1369,MAVENAKERE TANK,CPCB,29,Karnataka,539,Hassan,HOLENARSIPUR,-,-,-,-,-,-,-,-,12.83406700,76.18248500,01-02-2021 08:30,1295,"","","","",""
1370,MAVENAKERE TANK,CPCB,29,Karnataka,539,Hassan,HOLENARSIPUR,-,-,-,-,-,-,-,-,12.83406700,76.18248500,12-03-2021 08:30,1135,"","","","",""
1371,MAVENAKERE TANK,CPCB,29,Karnataka,539,Hassan,HOLENARSIPUR,-,-,-,-,-,-,-,-,12.83406700,76.18248500,09-09-2021 08:30,1300,"","","","",""
1372,MAVENAKERE TANK,CPCB,29,Karnataka,539,Hassan,HOLENARSIPUR,-,-,-,-,-,-,-,-,12.83406700,76.18248500,11-10-2021 08:30,993,"","","","",""
1373,MAVENAKERE TANK,CPCB,29,Karnataka,539,Hassan,HOLENARSIPUR,-,-,-,-,-,-,-,-,12.83406700,76.18248500,18-11-2021 08:30,2156,"","","","",""
1374,MAVENAKERE TANK,CPCB,29,Karnataka,539,Hassan,HOLENARSIPUR,-,-,-,-,-,-,-,-,12.83406700,76.18248500,16-12-2021 08:30,1286,"","","","",""
1375,MELEKOTE TANK,CPCB,29,Karnataka,526,Bangalore Rural,DODBALLAPUR,-,-,-,-,-,-,-,-,13.36675500,77.60492400,02-01-2021 08:30,1348,"","","","",""
1376,MELEKOTE TANK,CPCB,29,Karnataka,526,Bangalore Rural,DODBALLAPUR,-,-,-,-,-,-,-,-,13.36675500,77.60492400,04-02-2021 08:30,1022,"","","","",""
1377,MELEKOTE TANK,CPCB,29,Karnataka,526,Bangalore Rural,DODBALLAPUR,-,-,-,-,-,-,-,-,13.36675500,77.60492400,08-03-2021 08:30,1126,"","","","",""
1378,MELEKOTE TANK,CPCB,29,Karnataka,526,Bangalore Rural,DODBALLAPUR,-,-,-,-,-,-,-,-,13.36675500,77.60492400,01-04-2021 08:30,1389,"","","","",""
1379,MELEKOTE TANK,CPCB,29,Karnataka,526,Bangalore Rural,DODBALLAPUR,-,-,-,-,-,-,-,-,13.36675500,77.60492400,04-05-2021 08:30,1397,"","","","",""
1380,MELEKOTE TANK,CPCB,29,Karnataka,526,Bangalore Rural,DODBALLAPUR,-,-,-,-,-,-,-,-,13.36675500,77.60492400,07-06-2021 08:30,1282,"","","","",""
1381,MELEKOTE TANK,CPCB,29,Karnataka,526,Bangalore Rural,DODBALLAPUR,-,-,-,-,-,-,-,-,13.36675500,77.60492400,02-07-2021 08:30,1068,"","","","",""
1382,MELEKOTE TANK,CPCB,29,Karnataka,526,Bangalore Rural,DODBALLAPUR,-,-,-,-,-,-,-,-,13.36675500,77.60492400,04-08-2021 08:30,1160,"","","","",""
1383,MELEKOTE TANK,CPCB,29,Karnataka,526,Bangalore Rural,DODBALLAPUR,-,-,-,-,-,-,-,-,13.36675500,77.60492400,06-09-2021 08:30,704,"","","","",""
1384,MELEKOTE TANK,CPCB,29,Karnataka,526,Bangalore Rural,DODBALLAPUR,-,-,-,-,-,-,-,-,13.36675500,77.60492400,26-10-2021 08:30,793,"","","","",""
1385,MELEKOTE TANK,CPCB,29,Karnataka,526,Bangalore Rural,DODBALLAPUR,-,-,-,-,-,-,-,-,13.36675500,77.60492400,09-11-2021 08:30,1044,"","","","",""
1386,MELEKOTE TANK,CPCB,29,Karnataka,526,Bangalore Rural,DODBALLAPUR,-,-,-,-,-,-,-,-,13.36675500,77.60492400,03-12-2021 08:30,844,"","","","",""
1387,MULBHAGAL LAKE,CPCB,29,Karnataka,542,Kolar,MULBAGAL,-,-,-,-,-,-,-,-,13.15311000,78.39257400,18-01-2021 08:30,1109,"","","","",""
1388,MULBHAGAL LAKE,CPCB,29,Karnataka,542,Kolar,MULBAGAL,-,-,-,-,-,-,-,-,13.15311000,78.39257400,18-02-2021 08:30,1104,"","","","",""
1389,MULBHAGAL LAKE,CPCB,29,Karnataka,542,Kolar,MULBAGAL,-,-,-,-,-,-,-,-,13.15311000,78.39257400,16-03-2021 08:30,1591,"","","","",""
1390,MULBHAGAL LAKE,CPCB,29,Karnataka,542,Kolar,MULBAGAL,-,-,-,-,-,-,-,-,13.15311000,78.39257400,05-04-2021 08:30,1713,"","","","",""
1391,MULBHAGAL LAKE,CPCB,29,Karnataka,542,Kolar,MULBAGAL,-,-,-,-,-,-,-,-,13.15311000,78.39257400,19-05-2021 08:30,2009,"","","","",""
1392,MULBHAGAL LAKE,CPCB,29,Karnataka,542,Kolar,MULBAGAL,-,-,-,-,-,-,-,-,13.15311000,78.39257400,18-06-2021 08:30,1524,"","","","",""
1393,MULBHAGAL LAKE,CPCB,29,Karnataka,542,Kolar,MULBAGAL,-,-,-,-,-,-,-,-,13.15311000,78.39257400,17-07-2021 08:30,1647,"","","","",""
1394,MULBHAGAL LAKE,CPCB,29,Karnataka,542,Kolar,MULBAGAL,-,-,-,-,-,-,-,-,13.15311000,78.39257400,23-08-2021 08:30,1470,"","","","",""
1395,MULBHAGAL LAKE,CPCB,29,Karnataka,542,Kolar,MULBAGAL,-,-,-,-,-,-,-,-,13.15311000,78.39257400,20-09-2021 08:30,1233,"","","","",""
1396,MULBHAGAL LAKE,CPCB,29,Karnataka,542,Kolar,MULBAGAL,-,-,-,-,-,-,-,-,13.15311000,78.39257400,25-10-2021 08:30,647,"","","","",""
1397,MULBHAGAL LAKE,CPCB,29,Karnataka,542,Kolar,MULBAGAL,-,-,-,-,-,-,-,-,13.15311000,78.39257400,16-11-2021 08:30,859,"","","","",""
1398,MULBHAGAL LAKE,CPCB,29,Karnataka,542,Kolar,MULBAGAL,-,-,-,-,-,-,-,-,13.15311000,78.39257400,29-12-2021 08:30,929,"","","","",""
1399,MYDALA TANK,CPCB,29,Karnataka,548,Tumkur,TUMKUR,-,-,-,-,-,-,-,-,13.31350500,77.19040900,02-01-2021 08:30,185,"","","","",""
1400,MYDALA TANK,CPCB,29,Karnataka,548,Tumkur,TUMKUR,-,-,-,-,-,-,-,-,13.31350500,77.19040900,04-02-2021 08:30,257,"","","","",""
1401,MYDALA TANK,CPCB,29,Karnataka,548,Tumkur,TUMKUR,-,-,-,-,-,-,-,-,13.31350500,77.19040900,08-03-2021 08:30,290,"","","","",""
1402,MYDALA TANK,CPCB,29,Karnataka,548,Tumkur,TUMKUR,-,-,-,-,-,-,-,-,13.31350500,77.19040900,01-04-2021 08:30,207,"","","","",""
1403,MYDALA TANK,CPCB,29,Karnataka,548,Tumkur,TUMKUR,-,-,-,-,-,-,-,-,13.31350500,77.19040900,04-05-2021 08:30,205,"","","","",""
1404,MYDALA TANK,CPCB,29,Karnataka,548,Tumkur,TUMKUR,-,-,-,-,-,-,-,-,13.31350500,77.19040900,07-06-2021 08:30,599,"","","","",""
1405,MYDALA TANK,CPCB,29,Karnataka,548,Tumkur,TUMKUR,-,-,-,-,-,-,-,-,13.31350500,77.19040900,02-07-2021 08:30,512,"","","","",""
1406,MYDALA TANK,CPCB,29,Karnataka,548,Tumkur,TUMKUR,-,-,-,-,-,-,-,-,13.31350500,77.19040900,04-08-2021 08:30,267,"","","","",""
1407,MYDALA TANK,CPCB,29,Karnataka,548,Tumkur,TUMKUR,-,-,-,-,-,-,-,-,13.31350500,77.19040900,06-09-2021 08:30,282,"","","","",""
1408,MYDALA TANK,CPCB,29,Karnataka,548,Tumkur,TUMKUR,-,-,-,-,-,-,-,-,13.31350500,77.19040900,26-10-2021 08:30,151,"","","","",""
1409,MYDALA TANK,CPCB,29,Karnataka,548,Tumkur,TUMKUR,-,-,-,-,-,-,-,-,13.31350500,77.19040900,09-11-2021 08:30,270,"","","","",""
1410,MYDALA TANK,CPCB,29,Karnataka,548,Tumkur,TUMKUR,-,-,-,-,-,-,-,-,13.31350500,77.19040900,03-12-2021 08:30,234,"","","","",""
1411,NAGAVARA TANK,CPCB,29,Karnataka,525,Bangalore Urban,BANGALORE NORTH,-,-,-,-,-,-,-,-,13.04545500,77.60957400,06-01-2021 08:30,308,"","","","",""
1412,NAGAVARA TANK,CPCB,29,Karnataka,525,Bangalore Urban,BANGALORE NORTH,-,-,-,-,-,-,-,-,13.04545500,77.60957400,09-02-2021 08:30,677,"","","","",""
1413,NAGAVARA TANK,CPCB,29,Karnataka,525,Bangalore Urban,BANGALORE NORTH,-,-,-,-,-,-,-,-,13.04545500,77.60957400,04-03-2021 08:30,773,"","","","",""
1414,NAGAVARA TANK,CPCB,29,Karnataka,525,Bangalore Urban,BANGALORE NORTH,-,-,-,-,-,-,-,-,13.04545500,77.60957400,06-04-2021 08:30,692,"","","","",""
1415,NAGAVARA TANK,CPCB,29,Karnataka,525,Bangalore Urban,BANGALORE NORTH,-,-,-,-,-,-,-,-,13.04545500,77.60957400,17-05-2021 08:30,731,"","","","",""
1416,NAGAVARA TANK,CPCB,29,Karnataka,525,Bangalore Urban,BANGALORE NORTH,-,-,-,-,-,-,-,-,13.04545500,77.60957400,08-06-2021 08:30,716,"","","","",""
1417,NAGAVARA TANK,CPCB,29,Karnataka,525,Bangalore Urban,BANGALORE NORTH,-,-,-,-,-,-,-,-,13.04545500,77.60957400,08-07-2021 08:30,739,"","","","",""
1418,NAGAVARA TANK,CPCB,29,Karnataka,525,Bangalore Urban,BANGALORE NORTH,-,-,-,-,-,-,-,-,13.04545500,77.60957400,03-08-2021 08:30,765,"","","","",""
1419,NAGAVARA TANK,CPCB,29,Karnataka,525,Bangalore Urban,BANGALORE NORTH,-,-,-,-,-,-,-,-,13.04545500,77.60957400,02-09-2021 08:30,743,"","","","",""
1420,NAGAVARA TANK,CPCB,29,Karnataka,525,Bangalore Urban,BANGALORE NORTH,-,-,-,-,-,-,-,-,13.04545500,77.60957400,11-10-2021 08:30,754,"","","","",""
1421,NAGAVARA TANK,CPCB,29,Karnataka,525,Bangalore Urban,BANGALORE NORTH,-,-,-,-,-,-,-,-,13.04545500,77.60957400,09-11-2021 08:30,567,"","","","",""
1422,NAGAVARA TANK,CPCB,29,Karnataka,525,Bangalore Urban,BANGALORE NORTH,-,-,-,-,-,-,-,-,13.04545500,77.60957400,08-12-2021 08:30,463,"","","","",""
1423,NALLURAHALLI LAKE,CPCB,29,Karnataka,525,Bangalore Urban,BANGALORE EAST,-,-,-,-,-,-,-,-,12.97435300,77.73554200,04-02-2021 08:30,820,"","","","",""
1424,NALLURAHALLI LAKE,CPCB,29,Karnataka,525,Bangalore Urban,BANGALORE EAST,-,-,-,-,-,-,-,-,12.97435300,77.73554200,21-10-2021 08:30,646,"","","","",""
1425,NALLURAHALLI LAKE,CPCB,29,Karnataka,525,Bangalore Urban,BANGALORE EAST,-,-,-,-,-,-,-,-,12.97435300,77.73554200,10-11-2021 08:30,492,"","","","",""
1426,NALLURAHALLI LAKE,CPCB,29,Karnataka,525,Bangalore Urban,BANGALORE EAST,-,-,-,-,-,-,-,-,12.97435300,77.73554200,17-12-2021 08:30,374,"","","","",""
1427,NARASAPURA LAKE,CPCB,29,Karnataka,526,Bangalore Rural,NELAMANGALA,-,-,-,-,-,-,-,-,13.20073700,77.32436800,18-01-2021 08:30,765,"","","","",""
1428,NARASAPURA LAKE,CPCB,29,Karnataka,526,Bangalore Rural,NELAMANGALA,-,-,-,-,-,-,-,-,13.20073700,77.32436800,18-02-2021 08:30,905,"","","","",""
1429,NARASAPURA LAKE,CPCB,29,Karnataka,526,Bangalore Rural,NELAMANGALA,-,-,-,-,-,-,-,-,13.20073700,77.32436800,16-03-2021 08:30,832,"","","","",""
1430,NARASAPURA LAKE,CPCB,29,Karnataka,526,Bangalore Rural,NELAMANGALA,-,-,-,-,-,-,-,-,13.20073700,77.32436800,05-04-2021 08:30,1021,"","","","",""
1431,NARASAPURA LAKE,CPCB,29,Karnataka,526,Bangalore Rural,NELAMANGALA,-,-,-,-,-,-,-,-,13.20073700,77.32436800,19-05-2021 08:30,850,"","","","",""
1432,NARASAPURA LAKE,CPCB,29,Karnataka,526,Bangalore Rural,NELAMANGALA,-,-,-,-,-,-,-,-,13.20073700,77.32436800,18-06-2021 08:30,685,"","","","",""
1433,NARASAPURA LAKE,CPCB,29,Karnataka,526,Bangalore Rural,NELAMANGALA,-,-,-,-,-,-,-,-,13.20073700,77.32436800,17-07-2021 08:30,703,"","","","",""
1434,NARASAPURA LAKE,CPCB,29,Karnataka,526,Bangalore Rural,NELAMANGALA,-,-,-,-,-,-,-,-,13.20073700,77.32436800,24-08-2021 08:30,688,"","","","",""
1435,NARASAPURA LAKE,CPCB,29,Karnataka,526,Bangalore Rural,NELAMANGALA,-,-,-,-,-,-,-,-,13.20073700,77.32436800,20-09-2021 08:30,810,"","","","",""
1436,NARASAPURA LAKE,CPCB,29,Karnataka,526,Bangalore Rural,NELAMANGALA,-,-,-,-,-,-,-,-,13.20073700,77.32436800,25-10-2021 08:30,600,"","","","",""
1437,NARASAPURA LAKE,CPCB,29,Karnataka,526,Bangalore Rural,NELAMANGALA,-,-,-,-,-,-,-,-,13.20073700,77.32436800,16-11-2021 08:30,543,"","","","",""
1438,NARASAPURA LAKE,CPCB,29,Karnataka,526,Bangalore Rural,NELAMANGALA,-,-,-,-,-,-,-,-,13.20073700,77.32436800,29-12-2021 08:30,556,"","","","",""
1439,NARASIPURA LAKE,CPCB,29,Karnataka,525,Bangalore Urban,BANGALORE NORTH,-,-,-,-,-,-,-,-,13.07213900,77.55833300,06-01-2021 08:30,304,"","","","",""
1440,NARASIPURA LAKE,CPCB,29,Karnataka,525,Bangalore Urban,BANGALORE NORTH,-,-,-,-,-,-,-,-,13.07213900,77.55833300,09-02-2021 08:30,674,"","","","",""
1441,NARASIPURA LAKE,CPCB,29,Karnataka,525,Bangalore Urban,BANGALORE NORTH,-,-,-,-,-,-,-,-,13.07213900,77.55833300,04-03-2021 08:30,779,"","","","",""
1442,NARASIPURA LAKE,CPCB,29,Karnataka,525,Bangalore Urban,BANGALORE NORTH,-,-,-,-,-,-,-,-,13.07213900,77.55833300,06-04-2021 08:30,703,"","","","",""
1443,NARASIPURA LAKE,CPCB,29,Karnataka,525,Bangalore Urban,BANGALORE NORTH,-,-,-,-,-,-,-,-,13.07213900,77.55833300,17-05-2021 08:30,711,"","","","",""
1444,NARASIPURA LAKE,CPCB,29,Karnataka,525,Bangalore Urban,BANGALORE NORTH,-,-,-,-,-,-,-,-,13.07213900,77.55833300,08-06-2021 08:30,723,"","","","",""
1445,NARASIPURA LAKE,CPCB,29,Karnataka,525,Bangalore Urban,BANGALORE NORTH,-,-,-,-,-,-,-,-,13.07213900,77.55833300,08-07-2021 08:30,740,"","","","",""
1446,NARASIPURA LAKE,CPCB,29,Karnataka,525,Bangalore Urban,BANGALORE NORTH,-,-,-,-,-,-,-,-,13.07213900,77.55833300,03-08-2021 08:30,759,"","","","",""
1447,NARASIPURA LAKE,CPCB,29,Karnataka,525,Bangalore Urban,BANGALORE NORTH,-,-,-,-,-,-,-,-,13.07213900,77.55833300,02-09-2021 08:30,804,"","","","",""
1448,NARASIPURA LAKE,CPCB,29,Karnataka,525,Bangalore Urban,BANGALORE NORTH,-,-,-,-,-,-,-,-,13.07213900,77.55833300,11-10-2021 08:30,821,"","","","",""
1449,NARASIPURA LAKE,CPCB,29,Karnataka,525,Bangalore Urban,BANGALORE NORTH,-,-,-,-,-,-,-,-,13.07213900,77.55833300,09-11-2021 08:30,713,"","","","",""
1450,NARASIPURA LAKE,CPCB,29,Karnataka,525,Bangalore Urban,BANGALORE NORTH,-,-,-,-,-,-,-,-,13.07213900,77.55833300,08-12-2021 08:30,418,"","","","",""
1451,NAVALOORU LAKE,CPCB,29,Karnataka,536,Dharwad,DHARWAD,-,-,-,-,-,-,-,-,15.43041100,75.03755700,12-01-2021 08:30,810,"","","","",""
1452,NAVALOORU LAKE,CPCB,29,Karnataka,536,Dharwad,DHARWAD,-,-,-,-,-,-,-,-,15.43041100,75.03755700,10-02-2021 08:30,850,"","","","",""
1453,NAVALOORU LAKE,CPCB,29,Karnataka,536,Dharwad,DHARWAD,-,-,-,-,-,-,-,-,15.43041100,75.03755700,08-03-2021 08:30,910,"","","","",""
1454,NAVALOORU LAKE,CPCB,29,Karnataka,536,Dharwad,DHARWAD,-,-,-,-,-,-,-,-,15.43041100,75.03755700,15-04-2021 08:30,1011,"","","","",""
1455,NAVALOORU LAKE,CPCB,29,Karnataka,536,Dharwad,DHARWAD,-,-,-,-,-,-,-,-,15.43041100,75.03755700,17-05-2021 08:30,1011,"","","","",""
1456,NAVALOORU LAKE,CPCB,29,Karnataka,536,Dharwad,DHARWAD,-,-,-,-,-,-,-,-,15.43041100,75.03755700,11-06-2021 08:30,1070,"","","","",""
1457,NAVALOORU LAKE,CPCB,29,Karnataka,536,Dharwad,DHARWAD,-,-,-,-,-,-,-,-,15.43041100,75.03755700,08-07-2021 08:30,997,"","","","",""
1458,NAVALOORU LAKE,CPCB,29,Karnataka,536,Dharwad,DHARWAD,-,-,-,-,-,-,-,-,15.43041100,75.03755700,11-08-2021 08:30,823,"","","","",""
1459,NAVALOORU LAKE,CPCB,29,Karnataka,536,Dharwad,DHARWAD,-,-,-,-,-,-,-,-,15.43041100,75.03755700,09-09-2021 08:30,874,"","","","",""
1460,NAVALOORU LAKE,CPCB,29,Karnataka,536,Dharwad,DHARWAD,-,-,-,-,-,-,-,-,15.43041100,75.03755700,12-10-2021 08:30,890,"","","","",""
1461,NAVALOORU LAKE,CPCB,29,Karnataka,536,Dharwad,DHARWAD,-,-,-,-,-,-,-,-,15.43041100,75.03755700,09-11-2021 08:30,942,"","","","",""
1462,NAVALOORU LAKE,CPCB,29,Karnataka,536,Dharwad,DHARWAD,-,-,-,-,-,-,-,-,15.43041100,75.03755700,14-12-2021 08:30,810,"","","","",""
1463,NAYANDANAHALLI TANK,CPCB,29,Karnataka,525,Bangalore Urban,BANGALORE SOUTH,-,-,-,-,-,-,-,-,12.93998800,77.52107800,05-01-2021 08:30,482,"","","","",""
1464,NAYANDANAHALLI TANK,CPCB,29,Karnataka,525,Bangalore Urban,BANGALORE SOUTH,-,-,-,-,-,-,-,-,12.93998800,77.52107800,03-02-2021 08:30,494,"","","","",""
1465,NAYANDANAHALLI TANK,CPCB,29,Karnataka,525,Bangalore Urban,BANGALORE SOUTH,-,-,-,-,-,-,-,-,12.93998800,77.52107800,09-03-2021 08:30,512,"","","","",""
1466,NAYANDANAHALLI TANK,CPCB,29,Karnataka,525,Bangalore Urban,BANGALORE SOUTH,-,-,-,-,-,-,-,-,12.93998800,77.52107800,05-04-2021 08:30,641,"","","","",""
1467,NAYANDANAHALLI TANK,CPCB,29,Karnataka,525,Bangalore Urban,BANGALORE SOUTH,-,-,-,-,-,-,-,-,12.93998800,77.52107800,24-05-2021 08:30,1080,"","","","",""
1468,NAYANDANAHALLI TANK,CPCB,29,Karnataka,525,Bangalore Urban,BANGALORE SOUTH,-,-,-,-,-,-,-,-,12.93998800,77.52107800,08-06-2021 08:30,563,"","","","",""
1469,NAYANDANAHALLI TANK,CPCB,29,Karnataka,525,Bangalore Urban,BANGALORE SOUTH,-,-,-,-,-,-,-,-,12.93998800,77.52107800,26-07-2021 08:30,214,"","","","",""
1470,NAYANDANAHALLI TANK,CPCB,29,Karnataka,525,Bangalore Urban,BANGALORE SOUTH,-,-,-,-,-,-,-,-,12.93998800,77.52107800,10-08-2021 08:30,691,"","","","",""
1471,NAYANDANAHALLI TANK,CPCB,29,Karnataka,525,Bangalore Urban,BANGALORE SOUTH,-,-,-,-,-,-,-,-,12.93998800,77.52107800,06-09-2021 08:30,591,"","","","",""
1472,NAYANDANAHALLI TANK,CPCB,29,Karnataka,525,Bangalore Urban,BANGALORE SOUTH,-,-,-,-,-,-,-,-,12.93998800,77.52107800,11-10-2021 08:30,211,"","","","",""
1473,NAYANDANAHALLI TANK,CPCB,29,Karnataka,525,Bangalore Urban,BANGALORE SOUTH,-,-,-,-,-,-,-,-,12.93998800,77.52107800,16-11-2021 08:30,824,"","","","",""
1474,NAYANDANAHALLI TANK,CPCB,29,Karnataka,525,Bangalore Urban,BANGALORE SOUTH,-,-,-,-,-,-,-,-,12.93998800,77.52107800,07-12-2021 08:30,1231,"","","","",""
1475,NELAMANGALA LAKE,CPCB,29,Karnataka,526,Bangalore Rural,NELAMANGALA,-,-,-,-,-,-,-,-,13.08100600,77.39954300,29-01-2021 08:30,1633,"","","","",""
1476,NELAMANGALA LAKE,CPCB,29,Karnataka,526,Bangalore Rural,NELAMANGALA,-,-,-,-,-,-,-,-,13.08100600,77.39954300,18-02-2021 08:30,1598,"","","","",""
1477,NELAMANGALA LAKE,CPCB,29,Karnataka,526,Bangalore Rural,NELAMANGALA,-,-,-,-,-,-,-,-,13.08100600,77.39954300,03-03-2021 08:30,1781,"","","","",""
1478,NELAMANGALA LAKE,CPCB,29,Karnataka,526,Bangalore Rural,NELAMANGALA,-,-,-,-,-,-,-,-,13.08100600,77.39954300,05-04-2021 08:30,2120,"","","","",""
1479,NELAMANGALA LAKE,CPCB,29,Karnataka,526,Bangalore Rural,NELAMANGALA,-,-,-,-,-,-,-,-,13.08100600,77.39954300,28-05-2021 08:30,1572,"","","","",""
1480,NELAMANGALA LAKE,CPCB,29,Karnataka,526,Bangalore Rural,NELAMANGALA,-,-,-,-,-,-,-,-,13.08100600,77.39954300,09-06-2021 08:30,582,"","","","",""
1481,NELAMANGALA LAKE,CPCB,29,Karnataka,526,Bangalore Rural,NELAMANGALA,-,-,-,-,-,-,-,-,13.08100600,77.39954300,08-07-2021 08:30,1320,"","","","",""
1482,NELAMANGALA LAKE,CPCB,29,Karnataka,526,Bangalore Rural,NELAMANGALA,-,-,-,-,-,-,-,-,13.08100600,77.39954300,05-08-2021 08:30,1121,"","","","",""
1483,NELAMANGALA LAKE,CPCB,29,Karnataka,526,Bangalore Rural,NELAMANGALA,-,-,-,-,-,-,-,-,13.08100600,77.39954300,01-09-2021 08:30,1439,"","","","",""
1484,NELAMANGALA LAKE,CPCB,29,Karnataka,526,Bangalore Rural,NELAMANGALA,-,-,-,-,-,-,-,-,13.08100600,77.39954300,05-10-2021 08:30,1394,"","","","",""
1485,NELAMANGALA LAKE,CPCB,29,Karnataka,526,Bangalore Rural,NELAMANGALA,-,-,-,-,-,-,-,-,13.08100600,77.39954300,18-11-2021 08:30,422,"","","","",""
1486,NELAMANGALA LAKE,CPCB,29,Karnataka,526,Bangalore Rural,NELAMANGALA,-,-,-,-,-,-,-,-,13.08100600,77.39954300,07-12-2021 08:30,965,"","","","",""
1487,NETRAVATHI AT THUMBE WATER SUPPLY STATIONS TO MANGALORE CITY,CPCB,29,Karnataka,525,Bangalore Urban,BANGALORE NORTH,-,-,-,-,-,-,-,-,12.87404100,75.00494300,07-01-2021 08:30,"","","","","",""
1488,NETRAVATHI AT THUMBE WATER SUPPLY STATIONS TO MANGALORE CITY,CPCB,29,Karnataka,525,Bangalore Urban,BANGALORE NORTH,-,-,-,-,-,-,-,-,12.87404100,75.00494300,05-02-2021 08:30,"","","","","",""
1489,NETRAVATHI AT THUMBE WATER SUPPLY STATIONS TO MANGALORE CITY,CPCB,29,Karnataka,525,Bangalore Urban,BANGALORE NORTH,-,-,-,-,-,-,-,-,12.87404100,75.00494300,15-03-2021 08:30,"","","","","",""
1490,NETRAVATHI AT U/S OF UPIINGADY TOWN,CPCB,29,Karnataka,525,Bangalore Urban,BANGALORE NORTH,-,-,-,-,-,-,-,-,12.84178800,75.39877400,07-01-2021 08:30,"","","","","",""
1491,NETRAVATHI AT U/S OF UPIINGADY TOWN,CPCB,29,Karnataka,525,Bangalore Urban,BANGALORE NORTH,-,-,-,-,-,-,-,-,12.84178800,75.39877400,05-02-2021 08:30,"","","","","",""
1492,NETRAVATHI AT U/S OF UPIINGADY TOWN,CPCB,29,Karnataka,525,Bangalore Urban,BANGALORE NORTH,-,-,-,-,-,-,-,-,12.84178800,75.39877400,15-03-2021 08:30,"","","","","",""
1493,NETRAVATHI U/S OF DHARMASTALA AT WATER SUPPLY INTAKE POINT,CPCB,29,Karnataka,525,Bangalore Urban,BANGALORE NORTH,-,-,-,-,-,-,-,-,12.94764400,75.35952500,07-01-2021 08:30,"","","","","",""
1494,NETRAVATHI U/S OF DHARMASTALA AT WATER SUPPLY INTAKE POINT,CPCB,29,Karnataka,525,Bangalore Urban,BANGALORE NORTH,-,-,-,-,-,-,-,-,12.94764400,75.35952500,05-02-2021 08:30,"","","","","",""
1495,NETRAVATHI U/S OF DHARMASTALA AT WATER SUPPLY INTAKE POINT,CPCB,29,Karnataka,525,Bangalore Urban,BANGALORE NORTH,-,-,-,-,-,-,-,-,12.94764400,75.35952500,15-03-2021 08:30,"","","","","",""
1496,NIRASAGARAKERE TANK,CPCB,29,Karnataka,536,Dharwad,DHARWAD,-,-,-,-,-,-,-,-,15.31771000,74.98042100,12-01-2021 08:30,426,"","","","",""
1497,NIRASAGARAKERE TANK,CPCB,29,Karnataka,536,Dharwad,DHARWAD,-,-,-,-,-,-,-,-,15.31771000,74.98042100,10-02-2021 08:30,438,"","","","",""
1498,NIRASAGARAKERE TANK,CPCB,29,Karnataka,536,Dharwad,DHARWAD,-,-,-,-,-,-,-,-,15.31771000,74.98042100,08-03-2021 08:30,428,"","","","",""
1499,NIRASAGARAKERE TANK,CPCB,29,Karnataka,536,Dharwad,DHARWAD,-,-,-,-,-,-,-,-,15.31771000,74.98042100,15-04-2021 08:30,436,"","","","",""
1500,NIRASAGARAKERE TANK,CPCB,29,Karnataka,536,Dharwad,DHARWAD,-,-,-,-,-,-,-,-,15.31771000,74.98042100,17-05-2021 08:30,436,"","","","",""
1501,NIRASAGARAKERE TANK,CPCB,29,Karnataka,536,Dharwad,DHARWAD,-,-,-,-,-,-,-,-,15.31771000,74.98042100,11-06-2021 08:30,431,"","","","",""
1502,NIRASAGARAKERE TANK,CPCB,29,Karnataka,536,Dharwad,DHARWAD,-,-,-,-,-,-,-,-,15.31771000,74.98042100,08-07-2021 08:30,422,"","","","",""
1503,NIRASAGARAKERE TANK,CPCB,29,Karnataka,536,Dharwad,DHARWAD,-,-,-,-,-,-,-,-,15.31771000,74.98042100,11-08-2021 08:30,329,"","","","",""
1504,NIRASAGARAKERE TANK,CPCB,29,Karnataka,536,Dharwad,DHARWAD,-,-,-,-,-,-,-,-,15.31771000,74.98042100,09-09-2021 08:30,343,"","","","",""
1505,NIRASAGARAKERE TANK,CPCB,29,Karnataka,536,Dharwad,DHARWAD,-,-,-,-,-,-,-,-,15.31771000,74.98042100,12-10-2021 08:30,326,"","","","",""
1506,NIRASAGARAKERE TANK,CPCB,29,Karnataka,536,Dharwad,DHARWAD,-,-,-,-,-,-,-,-,15.31771000,74.98042100,09-11-2021 08:30,340,"","","","",""
1507,NIRASAGARAKERE TANK,CPCB,29,Karnataka,536,Dharwad,DHARWAD,-,-,-,-,-,-,-,-,15.31771000,74.98042100,14-12-2021 08:30,363,"","","","",""
1508,NUGGIKERE TANK,CPCB,29,Karnataka,536,Dharwad,DHARWAD,-,-,-,-,-,-,-,-,15.41444300,75.00638700,12-01-2021 08:30,696,"","","","",""
1509,NUGGIKERE TANK,CPCB,29,Karnataka,536,Dharwad,DHARWAD,-,-,-,-,-,-,-,-,15.41444300,75.00638700,10-02-2021 08:30,744,"","","","",""
1510,NUGGIKERE TANK,CPCB,29,Karnataka,536,Dharwad,DHARWAD,-,-,-,-,-,-,-,-,15.41444300,75.00638700,08-03-2021 08:30,812,"","","","",""
1511,NUGGIKERE TANK,CPCB,29,Karnataka,536,Dharwad,DHARWAD,-,-,-,-,-,-,-,-,15.41444300,75.00638700,15-04-2021 08:30,850,"","","","",""
1512,NUGGIKERE TANK,CPCB,29,Karnataka,536,Dharwad,DHARWAD,-,-,-,-,-,-,-,-,15.41444300,75.00638700,17-05-2021 08:30,795,"","","","",""
1513,NUGGIKERE TANK,CPCB,29,Karnataka,536,Dharwad,DHARWAD,-,-,-,-,-,-,-,-,15.41444300,75.00638700,11-06-2021 08:30,820,"","","","",""
1514,NUGGIKERE TANK,CPCB,29,Karnataka,536,Dharwad,DHARWAD,-,-,-,-,-,-,-,-,15.41444300,75.00638700,08-07-2021 08:30,767,"","","","",""
1515,NUGGIKERE TANK,CPCB,29,Karnataka,536,Dharwad,DHARWAD,-,-,-,-,-,-,-,-,15.41444300,75.00638700,11-08-2021 08:30,620,"","","","",""
1516,NUGGIKERE TANK,CPCB,29,Karnataka,536,Dharwad,DHARWAD,-,-,-,-,-,-,-,-,15.41444300,75.00638700,09-09-2021 08:30,734,"","","","",""
1517,NUGGIKERE TANK,CPCB,29,Karnataka,536,Dharwad,DHARWAD,-,-,-,-,-,-,-,-,15.41444300,75.00638700,12-10-2021 08:30,680,"","","","",""
1518,NUGGIKERE TANK,CPCB,29,Karnataka,536,Dharwad,DHARWAD,-,-,-,-,-,-,-,-,15.41444300,75.00638700,09-11-2021 08:30,703,"","","","",""
1519,NUGGIKERE TANK,CPCB,29,Karnataka,536,Dharwad,DHARWAD,-,-,-,-,-,-,-,-,15.41444300,75.00638700,14-12-2021 08:30,690,"","","","",""
1520,PARAPPANA AGRAHARA LAKE,CPCB,29,Karnataka,525,Bangalore Urban,BANGALORE SOUTH,-,-,-,-,-,-,-,-,12.87910500,77.66223500,27-01-2021 08:30,637,"","","","",""
1521,PARAPPANA AGRAHARA LAKE,CPCB,29,Karnataka,525,Bangalore Urban,BANGALORE SOUTH,-,-,-,-,-,-,-,-,12.87910500,77.66223500,17-02-2021 08:30,699,"","","","",""
1522,PARAPPANA AGRAHARA LAKE,CPCB,29,Karnataka,525,Bangalore Urban,BANGALORE SOUTH,-,-,-,-,-,-,-,-,12.87910500,77.66223500,03-03-2021 08:30,207,"","","","",""
1523,PARAPPANA AGRAHARA LAKE,CPCB,29,Karnataka,525,Bangalore Urban,BANGALORE SOUTH,-,-,-,-,-,-,-,-,12.87910500,77.66223500,05-04-2021 08:30,635,"","","","",""
1524,PARAPPANA AGRAHARA LAKE,CPCB,29,Karnataka,525,Bangalore Urban,BANGALORE SOUTH,-,-,-,-,-,-,-,-,12.87910500,77.66223500,19-05-2021 08:30,1297,"","","","",""
1525,PARAPPANA AGRAHARA LAKE,CPCB,29,Karnataka,525,Bangalore Urban,BANGALORE SOUTH,-,-,-,-,-,-,-,-,12.87910500,77.66223500,03-06-2021 08:30,1026,"","","","",""
1526,PARAPPANA AGRAHARA LAKE,CPCB,29,Karnataka,525,Bangalore Urban,BANGALORE SOUTH,-,-,-,-,-,-,-,-,12.87910500,77.66223500,12-07-2021 08:30,563,"","","","",""
1527,PARAPPANA AGRAHARA LAKE,CPCB,29,Karnataka,525,Bangalore Urban,BANGALORE SOUTH,-,-,-,-,-,-,-,-,12.87910500,77.66223500,05-08-2021 08:30,715,"","","","",""
1528,PARAPPANA AGRAHARA LAKE,CPCB,29,Karnataka,525,Bangalore Urban,BANGALORE SOUTH,-,-,-,-,-,-,-,-,12.87910500,77.66223500,01-09-2021 08:30,1237,"","","","",""
1529,PARAPPANA AGRAHARA LAKE,CPCB,29,Karnataka,525,Bangalore Urban,BANGALORE SOUTH,-,-,-,-,-,-,-,-,12.87910500,77.66223500,11-10-2021 08:30,706,"","","","",""
1530,PARAPPANA AGRAHARA LAKE,CPCB,29,Karnataka,525,Bangalore Urban,BANGALORE SOUTH,-,-,-,-,-,-,-,-,12.87910500,77.66223500,08-11-2021 08:30,485,"","","","",""
1531,PARAPPANA AGRAHARA LAKE,CPCB,29,Karnataka,525,Bangalore Urban,BANGALORE SOUTH,-,-,-,-,-,-,-,-,12.87910500,77.66223500,06-12-2021 08:30,623,"","","","",""
1532,PATTANDUR AGARAHARA,CPCB,29,Karnataka,525,Bangalore Urban,BANGALORE EAST,-,-,-,-,-,-,-,-,12.98019600,77.73840200,06-01-2021 08:30,469,"","","","",""
1533,PATTANDUR AGARAHARA,CPCB,29,Karnataka,525,Bangalore Urban,BANGALORE EAST,-,-,-,-,-,-,-,-,12.98019600,77.73840200,01-02-2021 08:30,596,"","","","",""
1534,PATTANDUR AGARAHARA,CPCB,29,Karnataka,525,Bangalore Urban,BANGALORE EAST,-,-,-,-,-,-,-,-,12.98019600,77.73840200,04-03-2021 08:30,550,"","","","",""
1535,PATTANDUR AGARAHARA,CPCB,29,Karnataka,525,Bangalore Urban,BANGALORE EAST,-,-,-,-,-,-,-,-,12.98019600,77.73840200,26-04-2021 08:30,741,"","","","",""
1536,PATTANDUR AGARAHARA,CPCB,29,Karnataka,525,Bangalore Urban,BANGALORE EAST,-,-,-,-,-,-,-,-,12.98019600,77.73840200,08-06-2021 08:30,689,"","","","",""
1537,PATTANDUR AGARAHARA,CPCB,29,Karnataka,525,Bangalore Urban,BANGALORE EAST,-,-,-,-,-,-,-,-,12.98019600,77.73840200,14-07-2021 08:30,582,"","","","",""
1538,PATTANDUR AGARAHARA,CPCB,29,Karnataka,525,Bangalore Urban,BANGALORE EAST,-,-,-,-,-,-,-,-,12.98019600,77.73840200,09-08-2021 08:30,505,"","","","",""
1539,PATTANDUR AGARAHARA,CPCB,29,Karnataka,525,Bangalore Urban,BANGALORE EAST,-,-,-,-,-,-,-,-,12.98019600,77.73840200,07-09-2021 08:30,457,"","","","",""
1540,PATTANDUR AGARAHARA,CPCB,29,Karnataka,525,Bangalore Urban,BANGALORE EAST,-,-,-,-,-,-,-,-,12.98019600,77.73840200,25-10-2021 08:30,359,"","","","",""
1541,PATTANDUR AGARAHARA,CPCB,29,Karnataka,525,Bangalore Urban,BANGALORE EAST,-,-,-,-,-,-,-,-,12.98019600,77.73840200,10-11-2021 08:30,407,"","","","",""
1542,PATTANDUR AGARAHARA,CPCB,29,Karnataka,525,Bangalore Urban,BANGALORE EAST,-,-,-,-,-,-,-,-,12.98019600,77.73840200,17-12-2021 08:30,346,"","","","",""
1543,PEREMINAHALLI KERE,CPCB,29,Karnataka,544,Mandya,KRISHNARAJPET,-,-,-,-,-,-,-,-,12.66722500,76.61299600,07-01-2021 08:30,450,"","","","",""
1544,PEREMINAHALLI KERE,CPCB,29,Karnataka,544,Mandya,KRISHNARAJPET,-,-,-,-,-,-,-,-,12.66722500,76.61299600,12-02-2021 08:30,460,"","","","",""
1545,PEREMINAHALLI KERE,CPCB,29,Karnataka,544,Mandya,KRISHNARAJPET,-,-,-,-,-,-,-,-,12.66722500,76.61299600,06-03-2021 08:30,470,"","","","",""
1546,PEREMINAHALLI KERE,CPCB,29,Karnataka,544,Mandya,KRISHNARAJPET,-,-,-,-,-,-,-,-,12.66722500,76.61299600,03-04-2021 08:30,510,"","","","",""
1547,PEREMINAHALLI KERE,CPCB,29,Karnataka,544,Mandya,KRISHNARAJPET,-,-,-,-,-,-,-,-,12.66722500,76.61299600,03-05-2021 08:30,490,"","","","",""
1548,PEREMINAHALLI KERE,CPCB,29,Karnataka,544,Mandya,KRISHNARAJPET,-,-,-,-,-,-,-,-,12.66722500,76.61299600,02-06-2021 08:30,520,"","","","",""
1549,PEREMINAHALLI KERE,CPCB,29,Karnataka,544,Mandya,KRISHNARAJPET,-,-,-,-,-,-,-,-,12.66722500,76.61299600,03-07-2021 08:30,430,"","","","",""
1550,PEREMINAHALLI KERE,CPCB,29,Karnataka,544,Mandya,KRISHNARAJPET,-,-,-,-,-,-,-,-,12.66722500,76.61299600,02-08-2021 08:30,400,"","","","",""
1551,PEREMINAHALLI KERE,CPCB,29,Karnataka,544,Mandya,KRISHNARAJPET,-,-,-,-,-,-,-,-,12.66722500,76.61299600,08-09-2021 08:30,410,"","","","",""
1552,PEREMINAHALLI KERE,CPCB,29,Karnataka,544,Mandya,KRISHNARAJPET,-,-,-,-,-,-,-,-,12.66722500,76.61299600,04-10-2021 08:30,490,"","","","",""
1553,PEREMINAHALLI KERE,CPCB,29,Karnataka,544,Mandya,KRISHNARAJPET,-,-,-,-,-,-,-,-,12.66722500,76.61299600,09-11-2021 08:30,400,"","","","",""
1554,PEREMINAHALLI KERE,CPCB,29,Karnataka,544,Mandya,KRISHNARAJPET,-,-,-,-,-,-,-,-,12.66722500,76.61299600,03-12-2021 08:30,380,"","","","",""
1555,PILIKULA TANK,CPCB,29,Karnataka,525,Bangalore Urban,BANGALORE NORTH,-,-,-,-,-,-,-,-,12.92848700,74.89620800,07-01-2021 08:30,147,"","","","",""
1556,PILIKULA TANK,CPCB,29,Karnataka,525,Bangalore Urban,BANGALORE NORTH,-,-,-,-,-,-,-,-,12.92848700,74.89620800,05-02-2021 08:30,138,"","","","",""
1557,PILIKULA TANK,CPCB,29,Karnataka,525,Bangalore Urban,BANGALORE NORTH,-,-,-,-,-,-,-,-,12.92848700,74.89620800,15-03-2021 08:30,169,"","","","",""
1558,PILIKULA TANK,CPCB,29,Karnataka,525,Bangalore Urban,BANGALORE NORTH,-,-,-,-,-,-,-,-,12.92848700,74.89620800,21-04-2021 08:30,192,"","","","",""
1559,PILIKULA TANK,CPCB,29,Karnataka,525,Bangalore Urban,BANGALORE NORTH,-,-,-,-,-,-,-,-,12.92848700,74.89620800,26-05-2021 08:30,139,"","","","",""
1560,PILIKULA TANK,CPCB,29,Karnataka,525,Bangalore Urban,BANGALORE NORTH,-,-,-,-,-,-,-,-,12.92848700,74.89620800,22-06-2021 08:30,132,"","","","",""
1561,PILIKULA TANK,CPCB,29,Karnataka,525,Bangalore Urban,BANGALORE NORTH,-,-,-,-,-,-,-,-,12.92848700,74.89620800,22-07-2021 08:30,128,"","","","",""
1562,PILIKULA TANK,CPCB,29,Karnataka,525,Bangalore Urban,BANGALORE NORTH,-,-,-,-,-,-,-,-,12.92848700,74.89620800,06-08-2021 08:30,156,"","","","",""
1563,PILIKULA TANK,CPCB,29,Karnataka,525,Bangalore Urban,BANGALORE NORTH,-,-,-,-,-,-,-,-,12.92848700,74.89620800,03-09-2021 08:30,148,"","","","",""
1564,PILIKULA TANK,CPCB,29,Karnataka,525,Bangalore Urban,BANGALORE NORTH,-,-,-,-,-,-,-,-,12.92848700,74.89620800,11-10-2021 08:30,224,"","","","",""
1565,PILIKULA TANK,CPCB,29,Karnataka,525,Bangalore Urban,BANGALORE NORTH,-,-,-,-,-,-,-,-,12.92848700,74.89620800,15-11-2021 08:30,144,"","","","",""
1566,PILIKULA TANK,CPCB,29,Karnataka,525,Bangalore Urban,BANGALORE NORTH,-,-,-,-,-,-,-,-,12.92848700,74.89620800,09-12-2021 08:30,151,"","","","",""
1567,PUTTENAHALLI LAKE,CPCB,29,Karnataka,525,Bangalore Urban,BANGALORE NORTH,-,-,-,-,-,-,-,-,13.11174800,77.57610900,06-01-2021 08:30,617,"","","","",""
1568,PUTTENAHALLI LAKE,CPCB,29,Karnataka,525,Bangalore Urban,BANGALORE NORTH,-,-,-,-,-,-,-,-,13.11174800,77.57610900,09-02-2021 08:30,777,"","","","",""
1569,PUTTENAHALLI LAKE,CPCB,29,Karnataka,525,Bangalore Urban,BANGALORE NORTH,-,-,-,-,-,-,-,-,13.11174800,77.57610900,04-03-2021 08:30,787,"","","","",""
1570,PUTTENAHALLI LAKE,CPCB,29,Karnataka,525,Bangalore Urban,BANGALORE NORTH,-,-,-,-,-,-,-,-,13.11174800,77.57610900,06-04-2021 08:30,907,"","","","",""
1571,PUTTENAHALLI LAKE,CPCB,29,Karnataka,525,Bangalore Urban,BANGALORE NORTH,-,-,-,-,-,-,-,-,13.11174800,77.57610900,17-05-2021 08:30,925,"","","","",""
1572,PUTTENAHALLI LAKE,CPCB,29,Karnataka,525,Bangalore Urban,BANGALORE NORTH,-,-,-,-,-,-,-,-,13.11174800,77.57610900,08-06-2021 08:30,1173,"","","","",""
1573,PUTTENAHALLI LAKE,CPCB,29,Karnataka,525,Bangalore Urban,BANGALORE NORTH,-,-,-,-,-,-,-,-,13.11174800,77.57610900,08-07-2021 08:30,804,"","","","",""
1574,PUTTENAHALLI LAKE,CPCB,29,Karnataka,525,Bangalore Urban,BANGALORE NORTH,-,-,-,-,-,-,-,-,13.11174800,77.57610900,03-08-2021 08:30,865,"","","","",""
1575,PUTTENAHALLI LAKE,CPCB,29,Karnataka,525,Bangalore Urban,BANGALORE NORTH,-,-,-,-,-,-,-,-,13.11174800,77.57610900,02-09-2021 08:30,750,"","","","",""
1576,PUTTENAHALLI LAKE,CPCB,29,Karnataka,525,Bangalore Urban,BANGALORE NORTH,-,-,-,-,-,-,-,-,13.11174800,77.57610900,11-10-2021 08:30,699,"","","","",""
1577,PUTTENAHALLI LAKE,CPCB,29,Karnataka,525,Bangalore Urban,BANGALORE NORTH,-,-,-,-,-,-,-,-,13.11174800,77.57610900,09-11-2021 08:30,701,"","","","",""
1578,PUTTENAHALLI LAKE,CPCB,29,Karnataka,525,Bangalore Urban,BANGALORE NORTH,-,-,-,-,-,-,-,-,13.11174800,77.57610900,08-12-2021 08:30,459,"","","","",""
1579,PUTTENAHALLI LAKE (S),CPCB,29,Karnataka,525,Bangalore Urban,BANGALORE NORTH,-,-,-,-,-,-,-,-,13.11029500,77.57491800,01-09-2021 08:30,1233,"","","","",""
1580,PUTTENAHALLI LAKE (S),CPCB,29,Karnataka,525,Bangalore Urban,BANGALORE NORTH,-,-,-,-,-,-,-,-,13.11029500,77.57491800,11-10-2021 08:30,290,"","","","",""
1581,PUTTENAHALLI LAKE (S),CPCB,29,Karnataka,525,Bangalore Urban,BANGALORE NORTH,-,-,-,-,-,-,-,-,13.11029500,77.57491800,17-11-2021 08:30,1031,"","","","",""
1582,PUTTENAHALLI LAKE (S),CPCB,29,Karnataka,525,Bangalore Urban,BANGALORE NORTH,-,-,-,-,-,-,-,-,13.11029500,77.57491800,06-12-2021 08:30,956,"","","","",""
1583,RACHENAHALLI LAKE,CPCB,29,Karnataka,525,Bangalore Urban,BANGALORE EAST,-,-,-,-,-,-,-,-,13.06242000,77.61421200,06-01-2021 08:30,1150,"","","","",""
1584,RACHENAHALLI LAKE,CPCB,29,Karnataka,525,Bangalore Urban,BANGALORE EAST,-,-,-,-,-,-,-,-,13.06242000,77.61421200,09-02-2021 08:30,1236,"","","","",""
1585,RACHENAHALLI LAKE,CPCB,29,Karnataka,525,Bangalore Urban,BANGALORE EAST,-,-,-,-,-,-,-,-,13.06242000,77.61421200,04-03-2021 08:30,543,"","","","",""
1586,RACHENAHALLI LAKE,CPCB,29,Karnataka,525,Bangalore Urban,BANGALORE EAST,-,-,-,-,-,-,-,-,13.06242000,77.61421200,06-04-2021 08:30,583,"","","","",""
1587,RACHENAHALLI LAKE,CPCB,29,Karnataka,525,Bangalore Urban,BANGALORE EAST,-,-,-,-,-,-,-,-,13.06242000,77.61421200,17-05-2021 08:30,1019,"","","","",""
1588,RACHENAHALLI LAKE,CPCB,29,Karnataka,525,Bangalore Urban,BANGALORE EAST,-,-,-,-,-,-,-,-,13.06242000,77.61421200,08-06-2021 08:30,1111,"","","","",""
1589,RACHENAHALLI LAKE,CPCB,29,Karnataka,525,Bangalore Urban,BANGALORE EAST,-,-,-,-,-,-,-,-,13.06242000,77.61421200,08-07-2021 08:30,1044,"","","","",""
1590,RACHENAHALLI LAKE,CPCB,29,Karnataka,525,Bangalore Urban,BANGALORE EAST,-,-,-,-,-,-,-,-,13.06242000,77.61421200,03-08-2021 08:30,792,"","","","",""
1591,RACHENAHALLI LAKE,CPCB,29,Karnataka,525,Bangalore Urban,BANGALORE EAST,-,-,-,-,-,-,-,-,13.06242000,77.61421200,02-09-2021 08:30,1042,"","","","",""
1592,RACHENAHALLI LAKE,CPCB,29,Karnataka,525,Bangalore Urban,BANGALORE EAST,-,-,-,-,-,-,-,-,13.06242000,77.61421200,11-10-2021 08:30,882,"","","","",""
1593,RACHENAHALLI LAKE,CPCB,29,Karnataka,525,Bangalore Urban,BANGALORE EAST,-,-,-,-,-,-,-,-,13.06242000,77.61421200,09-11-2021 08:30,594,"","","","",""
1594,RACHENAHALLI LAKE,CPCB,29,Karnataka,525,Bangalore Urban,BANGALORE EAST,-,-,-,-,-,-,-,-,13.06242000,77.61421200,08-12-2021 08:30,413,"","","","",""
1595,RAMAMMANA KERE,CPCB,29,Karnataka,526,Bangalore Rural,CHANNAPATNA,-,-,-,-,-,-,-,-,12.66146300,77.19377100,11-01-2021 08:30,1013,"","","","",""
1596,RAMAMMANA KERE,CPCB,29,Karnataka,526,Bangalore Rural,CHANNAPATNA,-,-,-,-,-,-,-,-,12.66146300,77.19377100,19-01-2021 08:30,507,"","","","",""
1597,RAMAMMANA KERE,CPCB,29,Karnataka,526,Bangalore Rural,CHANNAPATNA,-,-,-,-,-,-,-,-,12.66146300,77.19377100,04-02-2021 08:30,1162,"","","","",""
1598,RAMAMMANA KERE,CPCB,29,Karnataka,526,Bangalore Rural,CHANNAPATNA,-,-,-,-,-,-,-,-,12.66146300,77.19377100,18-02-2021 08:30,1188,"","","","",""
1599,RAMAMMANA KERE,CPCB,29,Karnataka,526,Bangalore Rural,CHANNAPATNA,-,-,-,-,-,-,-,-,12.66146300,77.19377100,03-03-2021 08:30,453,"","","","",""
1600,RAMAMMANA KERE,CPCB,29,Karnataka,526,Bangalore Rural,CHANNAPATNA,-,-,-,-,-,-,-,-,12.66146300,77.19377100,04-03-2021 08:30,1206,"","","","",""
1601,RAMAMMANA KERE,CPCB,29,Karnataka,526,Bangalore Rural,CHANNAPATNA,-,-,-,-,-,-,-,-,12.66146300,77.19377100,19-04-2021 08:30,1071,"","","","",""
1602,RAMAMMANA KERE,CPCB,29,Karnataka,526,Bangalore Rural,CHANNAPATNA,-,-,-,-,-,-,-,-,12.66146300,77.19377100,22-04-2021 08:30,1365,"","","","",""
1603,RAMAMMANA KERE,CPCB,29,Karnataka,526,Bangalore Rural,CHANNAPATNA,-,-,-,-,-,-,-,-,12.66146300,77.19377100,27-05-2021 08:30,1039,"","","","",""
1604,RAMAMMANA KERE,CPCB,29,Karnataka,526,Bangalore Rural,CHANNAPATNA,-,-,-,-,-,-,-,-,12.66146300,77.19377100,15-06-2021 08:30,1283,"","","","",""
1605,RAMAMMANA KERE,CPCB,29,Karnataka,526,Bangalore Rural,CHANNAPATNA,-,-,-,-,-,-,-,-,12.66146300,77.19377100,22-06-2021 08:30,970,"","","","",""
1606,RAMAMMANA KERE,CPCB,29,Karnataka,526,Bangalore Rural,CHANNAPATNA,-,-,-,-,-,-,-,-,12.66146300,77.19377100,14-07-2021 08:30,1348,"","","","",""
1607,RAMAMMANA KERE,CPCB,29,Karnataka,526,Bangalore Rural,CHANNAPATNA,-,-,-,-,-,-,-,-,12.66146300,77.19377100,26-07-2021 08:30,1327,"","","","",""
1608,RAMAMMANA KERE,CPCB,29,Karnataka,526,Bangalore Rural,CHANNAPATNA,-,-,-,-,-,-,-,-,12.66146300,77.19377100,09-08-2021 08:30,12751366,"","","","",""
1609,RAMAMMANA KERE,CPCB,29,Karnataka,526,Bangalore Rural,CHANNAPATNA,-,-,-,-,-,-,-,-,12.66146300,77.19377100,07-09-2021 08:30,285,"","","","",""
1610,RAMAMMANA KERE,CPCB,29,Karnataka,526,Bangalore Rural,CHANNAPATNA,-,-,-,-,-,-,-,-,12.66146300,77.19377100,08-09-2021 08:30,1053,"","","","",""
1611,RAMAMMANA KERE,CPCB,29,Karnataka,526,Bangalore Rural,CHANNAPATNA,-,-,-,-,-,-,-,-,12.66146300,77.19377100,04-10-2021 08:30,924,"","","","",""
1612,RAMAMMANA KERE,CPCB,29,Karnataka,526,Bangalore Rural,CHANNAPATNA,-,-,-,-,-,-,-,-,12.66146300,77.19377100,26-10-2021 08:30,295,"","","","",""
1613,RAMAMMANA KERE,CPCB,29,Karnataka,526,Bangalore Rural,CHANNAPATNA,-,-,-,-,-,-,-,-,12.66146300,77.19377100,09-11-2021 08:30,914,"","","","",""
1614,RAMAMMANA KERE,CPCB,29,Karnataka,526,Bangalore Rural,CHANNAPATNA,-,-,-,-,-,-,-,-,12.66146300,77.19377100,18-11-2021 08:30,250,"","","","",""
1615,RAMAMMANA KERE,CPCB,29,Karnataka,526,Bangalore Rural,CHANNAPATNA,-,-,-,-,-,-,-,-,12.66146300,77.19377100,07-12-2021 08:30,230,"","","","",""
1616,RAMAMMANA KERE,CPCB,29,Karnataka,526,Bangalore Rural,CHANNAPATNA,-,-,-,-,-,-,-,-,12.66146300,77.19377100,14-12-2021 08:30,896,"","","","",""
1617,RAMPURA LAKE,CPCB,29,Karnataka,525,Bangalore Urban,BANGALORE EAST,-,-,-,-,-,-,-,-,13.04500000,77.69055600,24-03-2021 08:30,1480,"","","","",""
1618,RAMPURA LAKE,CPCB,29,Karnataka,525,Bangalore Urban,BANGALORE EAST,-,-,-,-,-,-,-,-,13.04500000,77.69055600,08-04-2021 08:30,1413,"","","","",""
1619,RAMPURA LAKE,CPCB,29,Karnataka,525,Bangalore Urban,BANGALORE EAST,-,-,-,-,-,-,-,-,13.04500000,77.69055600,05-05-2021 08:30,1229,"","","","",""
1620,RAMPURA LAKE,CPCB,29,Karnataka,525,Bangalore Urban,BANGALORE EAST,-,-,-,-,-,-,-,-,13.04500000,77.69055600,08-06-2021 08:30,1175,"","","","",""
1621,RAMPURA LAKE,CPCB,29,Karnataka,525,Bangalore Urban,BANGALORE EAST,-,-,-,-,-,-,-,-,13.04500000,77.69055600,14-07-2021 08:30,1023,"","","","",""
1622,RAMPURA LAKE,CPCB,29,Karnataka,525,Bangalore Urban,BANGALORE EAST,-,-,-,-,-,-,-,-,13.04500000,77.69055600,09-08-2021 08:30,1063,"","","","",""
1623,RAMPURA LAKE,CPCB,29,Karnataka,525,Bangalore Urban,BANGALORE EAST,-,-,-,-,-,-,-,-,13.04500000,77.69055600,05-10-2021 08:30,1083,"","","","",""
1624,RAMPURA LAKE,CPCB,29,Karnataka,525,Bangalore Urban,BANGALORE EAST,-,-,-,-,-,-,-,-,13.04500000,77.69055600,13-12-2021 08:30,1273,"","","","",""
1625,RAYASANDRA LAKE,CPCB,29,Karnataka,525,Bangalore Urban,BANGALORE SOUTH,-,-,-,-,-,-,-,-,12.87036400,77.67728300,21-01-2021 08:30,1343,"","","","",""
1626,RAYASANDRA LAKE,CPCB,29,Karnataka,525,Bangalore Urban,BANGALORE SOUTH,-,-,-,-,-,-,-,-,12.87036400,77.67728300,10-02-2021 08:30,1470,"","","","",""
1627,RAYASANDRA LAKE,CPCB,29,Karnataka,525,Bangalore Urban,BANGALORE SOUTH,-,-,-,-,-,-,-,-,12.87036400,77.67728300,09-03-2021 08:30,1563,"","","","",""
1628,RAYASANDRA LAKE,CPCB,29,Karnataka,525,Bangalore Urban,BANGALORE SOUTH,-,-,-,-,-,-,-,-,12.87036400,77.67728300,08-04-2021 08:30,1359,"","","","",""
1629,RAYASANDRA LAKE,CPCB,29,Karnataka,525,Bangalore Urban,BANGALORE SOUTH,-,-,-,-,-,-,-,-,12.87036400,77.67728300,14-07-2021 08:30,1487,"","","","",""
1630,RAYASANDRA LAKE,CPCB,29,Karnataka,525,Bangalore Urban,BANGALORE SOUTH,-,-,-,-,-,-,-,-,12.87036400,77.67728300,11-08-2021 08:30,1413,"","","","",""
1631,RAYASANDRA LAKE,CPCB,29,Karnataka,525,Bangalore Urban,BANGALORE SOUTH,-,-,-,-,-,-,-,-,12.87036400,77.67728300,16-09-2021 08:30,1413,"","","","",""
1632,RAYASANDRA LAKE,CPCB,29,Karnataka,525,Bangalore Urban,BANGALORE SOUTH,-,-,-,-,-,-,-,-,12.87036400,77.67728300,27-10-2021 08:30,1035,"","","","",""
1633,RAYASANDRA LAKE,CPCB,29,Karnataka,525,Bangalore Urban,BANGALORE SOUTH,-,-,-,-,-,-,-,-,12.87036400,77.67728300,17-11-2021 08:30,1051,"","","","",""
1634,RAYASANDRA LAKE,CPCB,29,Karnataka,525,Bangalore Urban,BANGALORE SOUTH,-,-,-,-,-,-,-,-,12.87036400,77.67728300,28-12-2021 08:30,1426,"","","","",""
1635,SADRAMANGALA LAKE,CPCB,29,Karnataka,525,Bangalore Urban,BANGALORE EAST,-,-,-,-,-,-,-,-,12.99949500,77.72836700,06-01-2021 08:30,552,"","","","",""
1636,SADRAMANGALA LAKE,CPCB,29,Karnataka,525,Bangalore Urban,BANGALORE EAST,-,-,-,-,-,-,-,-,12.99949500,77.72836700,01-02-2021 08:30,616,"","","","",""
1637,SADRAMANGALA LAKE,CPCB,29,Karnataka,525,Bangalore Urban,BANGALORE EAST,-,-,-,-,-,-,-,-,12.99949500,77.72836700,04-03-2021 08:30,703,"","","","",""
1638,SADRAMANGALA LAKE,CPCB,29,Karnataka,525,Bangalore Urban,BANGALORE EAST,-,-,-,-,-,-,-,-,12.99949500,77.72836700,26-04-2021 08:30,801,"","","","",""
1639,SADRAMANGALA LAKE,CPCB,29,Karnataka,525,Bangalore Urban,BANGALORE EAST,-,-,-,-,-,-,-,-,12.99949500,77.72836700,05-05-2021 08:30,804,"","","","",""
1640,SADRAMANGALA LAKE,CPCB,29,Karnataka,525,Bangalore Urban,BANGALORE EAST,-,-,-,-,-,-,-,-,12.99949500,77.72836700,14-07-2021 08:30,947,"","","","",""
1641,SADRAMANGALA LAKE,CPCB,29,Karnataka,525,Bangalore Urban,BANGALORE EAST,-,-,-,-,-,-,-,-,12.99949500,77.72836700,09-08-2021 08:30,1027,"","","","",""
1642,SADRAMANGALA LAKE,CPCB,29,Karnataka,525,Bangalore Urban,BANGALORE EAST,-,-,-,-,-,-,-,-,12.99949500,77.72836700,20-09-2021 08:30,682,"","","","",""
1643,SADRAMANGALA LAKE,CPCB,29,Karnataka,525,Bangalore Urban,BANGALORE EAST,-,-,-,-,-,-,-,-,12.99949500,77.72836700,10-11-2021 08:30,567,"","","","",""
1644,SADRAMANGALA LAKE,CPCB,29,Karnataka,525,Bangalore Urban,BANGALORE EAST,-,-,-,-,-,-,-,-,12.99949500,77.72836700,17-12-2021 08:30,723,"","","","",""
1645,SANAVALLI DAM MUNGOD,CPCB,29,Karnataka,542,Kolar,KOLAR,-,-,-,-,-,-,-,-,14.95680600,75.07416700,28-01-2021 08:30,163,"","","","",""
1646,SANAVALLI DAM MUNGOD,CPCB,29,Karnataka,542,Kolar,KOLAR,-,-,-,-,-,-,-,-,14.95680600,75.07416700,09-02-2021 08:30,192,"","","","",""
1647,SANAVALLI DAM MUNGOD,CPCB,29,Karnataka,542,Kolar,KOLAR,-,-,-,-,-,-,-,-,14.95680600,75.07416700,09-03-2021 08:30,178,"","","","",""
1648,SANAVALLI DAM MUNGOD,CPCB,29,Karnataka,542,Kolar,KOLAR,-,-,-,-,-,-,-,-,14.95680600,75.07416700,06-04-2021 08:30,193,"","","","",""
1649,SANAVALLI DAM MUNGOD,CPCB,29,Karnataka,542,Kolar,KOLAR,-,-,-,-,-,-,-,-,14.95680600,75.07416700,19-05-2021 08:30,243,"","","","",""
1650,SANAVALLI DAM MUNGOD,CPCB,29,Karnataka,542,Kolar,KOLAR,-,-,-,-,-,-,-,-,14.95680600,75.07416700,19-06-2021 08:30,221,"","","","",""
1651,SANAVALLI DAM MUNGOD,CPCB,29,Karnataka,542,Kolar,KOLAR,-,-,-,-,-,-,-,-,14.95680600,75.07416700,05-07-2021 08:30,189,"","","","",""
1652,SANAVALLI DAM MUNGOD,CPCB,29,Karnataka,542,Kolar,KOLAR,-,-,-,-,-,-,-,-,14.95680600,75.07416700,03-08-2021 08:30,209,"","","","",""
1653,SANAVALLI DAM MUNGOD,CPCB,29,Karnataka,542,Kolar,KOLAR,-,-,-,-,-,-,-,-,14.95680600,75.07416700,03-09-2021 08:30,223,"","","","",""
1654,SANAVALLI DAM MUNGOD,CPCB,29,Karnataka,542,Kolar,KOLAR,-,-,-,-,-,-,-,-,14.95680600,75.07416700,26-10-2021 08:30,234,"","","","",""
1655,SANAVALLI DAM MUNGOD,CPCB,29,Karnataka,542,Kolar,KOLAR,-,-,-,-,-,-,-,-,14.95680600,75.07416700,18-11-2021 08:30,243,"","","","",""
1656,SANAVALLI DAM MUNGOD,CPCB,29,Karnataka,542,Kolar,KOLAR,-,-,-,-,-,-,-,-,14.95680600,75.07416700,06-12-2021 08:30,251,"","","","",""
1657,SANKALAPURAKERE TANK,CPCB,29,Karnataka,539,Hassan,HASSAN,-,-,-,-,-,-,-,-,12.97322600,76.10843100,07-01-2021 08:30,510,"","","","",""
1658,SANKALAPURAKERE TANK,CPCB,29,Karnataka,539,Hassan,HASSAN,-,-,-,-,-,-,-,-,12.97322600,76.10843100,12-02-2021 08:30,490,"","","","",""
1659,SANKALAPURAKERE TANK,CPCB,29,Karnataka,539,Hassan,HASSAN,-,-,-,-,-,-,-,-,12.97322600,76.10843100,06-03-2021 08:30,450,"","","","",""
1660,SANKALAPURAKERE TANK,CPCB,29,Karnataka,539,Hassan,HASSAN,-,-,-,-,-,-,-,-,12.97322600,76.10843100,02-08-2021 08:30,610,"","","","",""
1661,SANKALAPURAKERE TANK,CPCB,29,Karnataka,539,Hassan,HASSAN,-,-,-,-,-,-,-,-,12.97322600,76.10843100,07-09-2021 08:30,670,"","","","",""
1662,SANKALAPURAKERE TANK,CPCB,29,Karnataka,539,Hassan,HASSAN,-,-,-,-,-,-,-,-,12.97322600,76.10843100,04-10-2021 08:30,700,"","","","",""
1663,SANKALAPURAKERE TANK,CPCB,29,Karnataka,539,Hassan,HASSAN,-,-,-,-,-,-,-,-,12.97322600,76.10843100,15-11-2021 08:30,490,"","","","",""
1664,SANKALAPURAKERE TANK,CPCB,29,Karnataka,539,Hassan,HASSAN,-,-,-,-,-,-,-,-,12.97322600,76.10843100,03-12-2021 08:30,450,"","","","",""
1665,SANKEY TANK,CPCB,29,Karnataka,525,Bangalore Urban,BANGALORE NORTH,-,-,-,-,-,-,-,-,13.00877500,77.57412400,19-01-2021 08:30,437,"","","","",""
1666,SANKEY TANK,CPCB,29,Karnataka,525,Bangalore Urban,BANGALORE NORTH,-,-,-,-,-,-,-,-,13.00877500,77.57412400,08-02-2021 08:30,442,"","","","",""
1667,SANKEY TANK,CPCB,29,Karnataka,525,Bangalore Urban,BANGALORE NORTH,-,-,-,-,-,-,-,-,13.00877500,77.57412400,03-03-2021 08:30,454,"","","","",""
1668,SANKEY TANK,CPCB,29,Karnataka,525,Bangalore Urban,BANGALORE NORTH,-,-,-,-,-,-,-,-,13.00877500,77.57412400,07-04-2021 08:30,483,"","","","",""
1669,SANKEY TANK,CPCB,29,Karnataka,525,Bangalore Urban,BANGALORE NORTH,-,-,-,-,-,-,-,-,13.00877500,77.57412400,19-05-2021 08:30,416,"","","","",""
1670,SANKEY TANK,CPCB,29,Karnataka,525,Bangalore Urban,BANGALORE NORTH,-,-,-,-,-,-,-,-,13.00877500,77.57412400,16-06-2021 08:30,617,"","","","",""
1671,SANKEY TANK,CPCB,29,Karnataka,525,Bangalore Urban,BANGALORE NORTH,-,-,-,-,-,-,-,-,13.00877500,77.57412400,28-07-2021 08:30,385,"","","","",""
1672,SANKEY TANK,CPCB,29,Karnataka,525,Bangalore Urban,BANGALORE NORTH,-,-,-,-,-,-,-,-,13.00877500,77.57412400,23-08-2021 08:30,267,"","","","",""
1673,SANKEY TANK,CPCB,29,Karnataka,525,Bangalore Urban,BANGALORE NORTH,-,-,-,-,-,-,-,-,13.00877500,77.57412400,08-09-2021 08:30,402,"","","","",""
1674,SANKEY TANK,CPCB,29,Karnataka,525,Bangalore Urban,BANGALORE NORTH,-,-,-,-,-,-,-,-,13.00877500,77.57412400,26-10-2021 08:30,582,"","","","",""
1675,SANKEY TANK,CPCB,29,Karnataka,525,Bangalore Urban,BANGALORE NORTH,-,-,-,-,-,-,-,-,13.00877500,77.57412400,24-11-2021 08:30,435,"","","","",""
1676,SANKEY TANK,CPCB,29,Karnataka,525,Bangalore Urban,BANGALORE NORTH,-,-,-,-,-,-,-,-,13.00877500,77.57412400,20-12-2021 08:30,815,"","","","",""
1677,SARAKKI LAKE,CPCB,29,Karnataka,525,Bangalore Urban,BANGALORE SOUTH,-,-,-,-,-,-,-,-,12.89954200,77.57989500,06-01-2021 08:30,623,"","","","",""
1678,SARAKKI LAKE,CPCB,29,Karnataka,525,Bangalore Urban,BANGALORE SOUTH,-,-,-,-,-,-,-,-,12.89954200,77.57989500,15-02-2021 08:30,674,"","","","",""
1679,SARAKKI LAKE,CPCB,29,Karnataka,525,Bangalore Urban,BANGALORE SOUTH,-,-,-,-,-,-,-,-,12.89954200,77.57989500,01-03-2021 08:30,665,"","","","",""
1680,SARAKKI LAKE,CPCB,29,Karnataka,525,Bangalore Urban,BANGALORE SOUTH,-,-,-,-,-,-,-,-,12.89954200,77.57989500,06-04-2021 08:30,758,"","","","",""
1681,SARAKKI LAKE,CPCB,29,Karnataka,525,Bangalore Urban,BANGALORE SOUTH,-,-,-,-,-,-,-,-,12.89954200,77.57989500,06-05-2021 08:30,783,"","","","",""
1682,SARAKKI LAKE,CPCB,29,Karnataka,525,Bangalore Urban,BANGALORE SOUTH,-,-,-,-,-,-,-,-,12.89954200,77.57989500,14-06-2021 08:30,606,"","","","",""
1683,SARAKKI LAKE,CPCB,29,Karnataka,525,Bangalore Urban,BANGALORE SOUTH,-,-,-,-,-,-,-,-,12.89954200,77.57989500,27-07-2021 08:30,631,"","","","",""
1684,SARAKKI LAKE,CPCB,29,Karnataka,525,Bangalore Urban,BANGALORE SOUTH,-,-,-,-,-,-,-,-,12.89954200,77.57989500,16-08-2021 08:30,625,"","","","",""
1685,SARAKKI LAKE,CPCB,29,Karnataka,525,Bangalore Urban,BANGALORE SOUTH,-,-,-,-,-,-,-,-,12.89954200,77.57989500,06-09-2021 08:30,615,"","","","",""
1686,SARAKKI LAKE,CPCB,29,Karnataka,525,Bangalore Urban,BANGALORE SOUTH,-,-,-,-,-,-,-,-,12.89954200,77.57989500,07-10-2021 08:30,555,"","","","",""
1687,SARAKKI LAKE,CPCB,29,Karnataka,525,Bangalore Urban,BANGALORE SOUTH,-,-,-,-,-,-,-,-,12.89954200,77.57989500,19-11-2021 08:30,415,"","","","",""
1688,SARAKKI LAKE,CPCB,29,Karnataka,525,Bangalore Urban,BANGALORE SOUTH,-,-,-,-,-,-,-,-,12.89954200,77.57989500,06-12-2021 08:30,453,"","","","",""
1689,SATHENAHALLIDODDAKERE TANK,CPCB,29,Karnataka,539,Hassan,CHANNARAYAPATNA,-,-,-,-,-,-,-,-,13.05516600,76.33852400,05-01-2021 08:30,930,"","","","",""
1690,SATHENAHALLIDODDAKERE TANK,CPCB,29,Karnataka,539,Hassan,CHANNARAYAPATNA,-,-,-,-,-,-,-,-,13.05516600,76.33852400,16-02-2021 08:30,920,"","","","",""
1691,SATHENAHALLIDODDAKERE TANK,CPCB,29,Karnataka,539,Hassan,CHANNARAYAPATNA,-,-,-,-,-,-,-,-,13.05516600,76.33852400,06-03-2021 08:30,980,"","","","",""
1692,SATHENAHALLIDODDAKERE TANK,CPCB,29,Karnataka,539,Hassan,CHANNARAYAPATNA,-,-,-,-,-,-,-,-,13.05516600,76.33852400,03-04-2021 08:30,1080,"","","","",""
1693,SATHENAHALLIDODDAKERE TANK,CPCB,29,Karnataka,539,Hassan,CHANNARAYAPATNA,-,-,-,-,-,-,-,-,13.05516600,76.33852400,03-05-2021 08:30,1070,"","","","",""
1694,SATHENAHALLIDODDAKERE TANK,CPCB,29,Karnataka,539,Hassan,CHANNARAYAPATNA,-,-,-,-,-,-,-,-,13.05516600,76.33852400,02-06-2021 08:30,1100,"","","","",""
1695,SATHENAHALLIDODDAKERE TANK,CPCB,29,Karnataka,539,Hassan,CHANNARAYAPATNA,-,-,-,-,-,-,-,-,13.05516600,76.33852400,03-07-2021 08:30,850,"","","","",""
1696,SATHENAHALLIDODDAKERE TANK,CPCB,29,Karnataka,539,Hassan,CHANNARAYAPATNA,-,-,-,-,-,-,-,-,13.05516600,76.33852400,02-08-2021 08:30,990,"","","","",""
1697,SATHENAHALLIDODDAKERE TANK,CPCB,29,Karnataka,539,Hassan,CHANNARAYAPATNA,-,-,-,-,-,-,-,-,13.05516600,76.33852400,08-09-2021 08:30,1240,"","","","",""
1698,SATHENAHALLIDODDAKERE TANK,CPCB,29,Karnataka,539,Hassan,CHANNARAYAPATNA,-,-,-,-,-,-,-,-,13.05516600,76.33852400,04-10-2021 08:30,1280,"","","","",""
1699,SATHENAHALLIDODDAKERE TANK,CPCB,29,Karnataka,539,Hassan,CHANNARAYAPATNA,-,-,-,-,-,-,-,-,13.05516600,76.33852400,09-11-2021 08:30,880,"","","","",""
1700,SATHENAHALLIDODDAKERE TANK,CPCB,29,Karnataka,539,Hassan,CHANNARAYAPATNA,-,-,-,-,-,-,-,-,13.05516600,76.33852400,03-12-2021 08:30,780,"","","","",""
1701,SATHYAMANGALA KERE,CPCB,29,Karnataka,539,Hassan,HASSAN,-,-,-,-,-,-,-,-,13.02159300,76.11934900,05-01-2021 08:30,420,"","","","",""
1702,SATHYAMANGALA KERE,CPCB,29,Karnataka,539,Hassan,HASSAN,-,-,-,-,-,-,-,-,13.02159300,76.11934900,12-02-2021 08:30,430,"","","","",""
1703,SATHYAMANGALA KERE,CPCB,29,Karnataka,539,Hassan,HASSAN,-,-,-,-,-,-,-,-,13.02159300,76.11934900,06-03-2021 08:30,440,"","","","",""
1704,SATHYAMANGALA KERE,CPCB,29,Karnataka,539,Hassan,HASSAN,-,-,-,-,-,-,-,-,13.02159300,76.11934900,03-04-2021 08:30,460,"","","","",""
1705,SATHYAMANGALA KERE,CPCB,29,Karnataka,539,Hassan,HASSAN,-,-,-,-,-,-,-,-,13.02159300,76.11934900,03-05-2021 08:30,470,"","","","",""
1706,SATHYAMANGALA KERE,CPCB,29,Karnataka,539,Hassan,HASSAN,-,-,-,-,-,-,-,-,13.02159300,76.11934900,02-06-2021 08:30,450,"","","","",""
1707,SATHYAMANGALA KERE,CPCB,29,Karnataka,539,Hassan,HASSAN,-,-,-,-,-,-,-,-,13.02159300,76.11934900,03-07-2021 08:30,380,"","","","",""
1708,SATHYAMANGALA KERE,CPCB,29,Karnataka,539,Hassan,HASSAN,-,-,-,-,-,-,-,-,13.02159300,76.11934900,02-08-2021 08:30,370,"","","","",""
1709,SATHYAMANGALA KERE,CPCB,29,Karnataka,539,Hassan,HASSAN,-,-,-,-,-,-,-,-,13.02159300,76.11934900,07-09-2021 08:30,380,"","","","",""
1710,SATHYAMANGALA KERE,CPCB,29,Karnataka,539,Hassan,HASSAN,-,-,-,-,-,-,-,-,13.02159300,76.11934900,01-10-2021 08:30,430,"","","","",""
1711,SATHYAMANGALA KERE,CPCB,29,Karnataka,539,Hassan,HASSAN,-,-,-,-,-,-,-,-,13.02159300,76.11934900,15-11-2021 08:30,400,"","","","",""
1712,SATHYAMANGALA KERE,CPCB,29,Karnataka,539,Hassan,HASSAN,-,-,-,-,-,-,-,-,13.02159300,76.11934900,03-12-2021 08:30,390,"","","","",""
1713,SEETHARAM PALYA LAKE,CPCB,29,Karnataka,525,Bangalore Urban,BANGALORE EAST,-,-,-,-,-,-,-,-,12.98226200,77.71318900,06-01-2021 08:30,1859,"","","","",""
1714,SEETHARAM PALYA LAKE,CPCB,29,Karnataka,525,Bangalore Urban,BANGALORE EAST,-,-,-,-,-,-,-,-,12.98226200,77.71318900,01-02-2021 08:30,1285,"","","","",""
1715,SEETHARAM PALYA LAKE,CPCB,29,Karnataka,525,Bangalore Urban,BANGALORE EAST,-,-,-,-,-,-,-,-,12.98226200,77.71318900,04-03-2021 08:30,3210,"","","","",""
1716,SEETHARAM PALYA LAKE,CPCB,29,Karnataka,525,Bangalore Urban,BANGALORE EAST,-,-,-,-,-,-,-,-,12.98226200,77.71318900,26-04-2021 08:30,3860,"","","","",""
1717,SEETHARAM PALYA LAKE,CPCB,29,Karnataka,525,Bangalore Urban,BANGALORE EAST,-,-,-,-,-,-,-,-,12.98226200,77.71318900,05-05-2021 08:30,2690,"","","","",""
1718,SEETHARAM PALYA LAKE,CPCB,29,Karnataka,525,Bangalore Urban,BANGALORE EAST,-,-,-,-,-,-,-,-,12.98226200,77.71318900,08-06-2021 08:30,3460,"","","","",""
1719,SEETHARAM PALYA LAKE,CPCB,29,Karnataka,525,Bangalore Urban,BANGALORE EAST,-,-,-,-,-,-,-,-,12.98226200,77.71318900,14-07-2021 08:30,2840,"","","","",""
1720,SEETHARAM PALYA LAKE,CPCB,29,Karnataka,525,Bangalore Urban,BANGALORE EAST,-,-,-,-,-,-,-,-,12.98226200,77.71318900,09-08-2021 08:30,512,"","","","",""
1721,SEETHARAM PALYA LAKE,CPCB,29,Karnataka,525,Bangalore Urban,BANGALORE EAST,-,-,-,-,-,-,-,-,12.98226200,77.71318900,07-09-2021 08:30,2104,"","","","",""
1722,SEETHARAM PALYA LAKE,CPCB,29,Karnataka,525,Bangalore Urban,BANGALORE EAST,-,-,-,-,-,-,-,-,12.98226200,77.71318900,25-10-2021 08:30,1515,"","","","",""
1723,SEETHARAM PALYA LAKE,CPCB,29,Karnataka,525,Bangalore Urban,BANGALORE EAST,-,-,-,-,-,-,-,-,12.98226200,77.71318900,10-11-2021 08:30,1355,"","","","",""
1724,SEETHARAM PALYA LAKE,CPCB,29,Karnataka,525,Bangalore Urban,BANGALORE EAST,-,-,-,-,-,-,-,-,12.98226200,77.71318900,17-12-2021 08:30,737,"","","","",""
1725,SHANTHISAGARKERE TANK,CPCB,29,Karnataka,535,Davanagere,DAVANAGERE,-,-,-,-,-,-,-,-,14.12695200,75.89731500,12-01-2021 08:30,280,"","","","",""
1726,SHANTHISAGARKERE TANK,CPCB,29,Karnataka,535,Davanagere,DAVANAGERE,-,-,-,-,-,-,-,-,14.12695200,75.89731500,08-02-2021 08:30,152,"","","","",""
1727,SHANTHISAGARKERE TANK,CPCB,29,Karnataka,535,Davanagere,DAVANAGERE,-,-,-,-,-,-,-,-,14.12695200,75.89731500,19-03-2021 08:30,137,"","","","",""
1728,SHANTHISAGARKERE TANK,CPCB,29,Karnataka,535,Davanagere,DAVANAGERE,-,-,-,-,-,-,-,-,14.12695200,75.89731500,04-04-2021 08:30,104,"","","","",""
1729,SHANTHISAGARKERE TANK,CPCB,29,Karnataka,535,Davanagere,DAVANAGERE,-,-,-,-,-,-,-,-,14.12695200,75.89731500,13-05-2021 08:30,140,"","","","",""
1730,SHANTHISAGARKERE TANK,CPCB,29,Karnataka,535,Davanagere,DAVANAGERE,-,-,-,-,-,-,-,-,14.12695200,75.89731500,05-06-2021 08:30,190,"","","","",""
1731,SHANTHISAGARKERE TANK,CPCB,29,Karnataka,535,Davanagere,DAVANAGERE,-,-,-,-,-,-,-,-,14.12695200,75.89731500,13-07-2021 08:30,220,"","","","",""
1732,SHANTHISAGARKERE TANK,CPCB,29,Karnataka,535,Davanagere,DAVANAGERE,-,-,-,-,-,-,-,-,14.12695200,75.89731500,21-08-2021 08:30,240,"","","","",""
1733,SHANTHISAGARKERE TANK,CPCB,29,Karnataka,535,Davanagere,DAVANAGERE,-,-,-,-,-,-,-,-,14.12695200,75.89731500,03-09-2021 08:30,153,"","","","",""
1734,SHANTHISAGARKERE TANK,CPCB,29,Karnataka,535,Davanagere,DAVANAGERE,-,-,-,-,-,-,-,-,14.12695200,75.89731500,04-10-2021 08:30,166,"","","","",""
1735,SHANTHISAGARKERE TANK,CPCB,29,Karnataka,535,Davanagere,DAVANAGERE,-,-,-,-,-,-,-,-,14.12695200,75.89731500,23-11-2021 08:30,120,"","","","",""
1736,SHANTHISAGARKERE TANK,CPCB,29,Karnataka,535,Davanagere,DAVANAGERE,-,-,-,-,-,-,-,-,14.12695200,75.89731500,28-12-2021 08:30,330,"","","","",""
1737,SHARANABAWESHWARA KERE TANK,CPCB,29,Karnataka,548,Tumkur,GUBBI,-,-,-,-,-,-,-,-,13.31839600,76.89948800,04-01-2021 08:30,1035,"","","","",""
1738,SHARANABAWESHWARA KERE TANK,CPCB,29,Karnataka,548,Tumkur,GUBBI,-,-,-,-,-,-,-,-,13.31839600,76.89948800,04-02-2021 08:30,1259,"","","","",""
1739,SHARANABAWESHWARA KERE TANK,CPCB,29,Karnataka,548,Tumkur,GUBBI,-,-,-,-,-,-,-,-,13.31839600,76.89948800,04-03-2021 08:30,1292,"","","","",""
1740,SHARANABAWESHWARA KERE TANK,CPCB,29,Karnataka,548,Tumkur,GUBBI,-,-,-,-,-,-,-,-,13.31839600,76.89948800,19-04-2021 08:30,1300,"","","","",""
1741,SHARANABAWESHWARA KERE TANK,CPCB,29,Karnataka,548,Tumkur,GUBBI,-,-,-,-,-,-,-,-,13.31839600,76.89948800,19-05-2021 08:30,1462,"","","","",""
1742,SHARANABAWESHWARA KERE TANK,CPCB,29,Karnataka,548,Tumkur,GUBBI,-,-,-,-,-,-,-,-,13.31839600,76.89948800,15-06-2021 08:30,1469,"","","","",""
1743,SHARANABAWESHWARA KERE TANK,CPCB,29,Karnataka,548,Tumkur,GUBBI,-,-,-,-,-,-,-,-,13.31839600,76.89948800,26-07-2021 08:30,1106,"","","","",""
1744,SHARANABAWESHWARA KERE TANK,CPCB,29,Karnataka,548,Tumkur,GUBBI,-,-,-,-,-,-,-,-,13.31839600,76.89948800,17-08-2021 08:30,1385,"","","","",""
1745,SHARANABAWESHWARA KERE TANK,CPCB,29,Karnataka,548,Tumkur,GUBBI,-,-,-,-,-,-,-,-,13.31839600,76.89948800,15-09-2021 08:30,1195,"","","","",""
1746,SHARANABAWESHWARA KERE TANK,CPCB,29,Karnataka,548,Tumkur,GUBBI,-,-,-,-,-,-,-,-,13.31839600,76.89948800,25-10-2021 08:30,1670,"","","","",""
1747,SHARANABAWESHWARA KERE TANK,CPCB,29,Karnataka,548,Tumkur,GUBBI,-,-,-,-,-,-,-,-,13.31839600,76.89948800,17-11-2021 08:30,1564,"","","","",""
1748,SHARANABAWESHWARA KERE TANK,CPCB,29,Karnataka,548,Tumkur,GUBBI,-,-,-,-,-,-,-,-,13.31839600,76.89948800,13-12-2021 08:30,1154,"","","","",""
1749,SHARAVATHI RIVER NR BRIDGE AT HONNAVARA,CPCB,29,Karnataka,550,Uttara Kannada,HONAVAR,-,-,-,-,-,-,-,-,14.26742400,74.46186500,27-01-2021 08:30,"","","","","",""
1750,SHARAVATHI RIVER NR BRIDGE AT HONNAVARA,CPCB,29,Karnataka,550,Uttara Kannada,HONAVAR,-,-,-,-,-,-,-,-,14.26742400,74.46186500,08-02-2021 08:30,"","","","","",""
1751,SHARAVATHI RIVER NR BRIDGE AT HONNAVARA,CPCB,29,Karnataka,550,Uttara Kannada,HONAVAR,-,-,-,-,-,-,-,-,14.26742400,74.46186500,10-03-2021 08:30,"","","","","",""
1752,SHETTYKERE LAKE,CPCB,29,Karnataka,545,Mysore,MYSORE,-,-,-,-,-,-,-,-,12.23833200,76.65907600,07-01-2021 08:30,1010,"","","","",""
1753,SHETTYKERE LAKE,CPCB,29,Karnataka,545,Mysore,MYSORE,-,-,-,-,-,-,-,-,12.23833200,76.65907600,18-02-2021 08:30,1028,"","","","",""
1754,SHETTYKERE LAKE,CPCB,29,Karnataka,545,Mysore,MYSORE,-,-,-,-,-,-,-,-,12.23833200,76.65907600,08-03-2021 08:30,990,"","","","",""
1755,SHETTYKERE LAKE,CPCB,29,Karnataka,545,Mysore,MYSORE,-,-,-,-,-,-,-,-,12.23833200,76.65907600,17-04-2021 08:30,918,"","","","",""
1756,SHETTYKERE LAKE,CPCB,29,Karnataka,545,Mysore,MYSORE,-,-,-,-,-,-,-,-,12.23833200,76.65907600,07-05-2021 08:30,724,"","","","",""
1757,SHETTYKERE LAKE,CPCB,29,Karnataka,545,Mysore,MYSORE,-,-,-,-,-,-,-,-,12.23833200,76.65907600,15-06-2021 08:30,895,"","","","",""
1758,SHETTYKERE LAKE,CPCB,29,Karnataka,545,Mysore,MYSORE,-,-,-,-,-,-,-,-,12.23833200,76.65907600,22-07-2021 08:30,870,"","","","",""
1759,SHETTYKERE LAKE,CPCB,29,Karnataka,545,Mysore,MYSORE,-,-,-,-,-,-,-,-,12.23833200,76.65907600,10-08-2021 08:30,716,"","","","",""
1760,SHETTYKERE LAKE,CPCB,29,Karnataka,545,Mysore,MYSORE,-,-,-,-,-,-,-,-,12.23833200,76.65907600,04-09-2021 08:30,704,"","","","",""
1761,SHETTYKERE LAKE,CPCB,29,Karnataka,545,Mysore,MYSORE,-,-,-,-,-,-,-,-,12.23833200,76.65907600,22-10-2021 08:30,584,"","","","",""
1762,SHETTYKERE LAKE,CPCB,29,Karnataka,545,Mysore,MYSORE,-,-,-,-,-,-,-,-,12.23833200,76.65907600,18-11-2021 08:30,583,"","","","",""
1763,SHETTYKERE LAKE,CPCB,29,Karnataka,545,Mysore,MYSORE,-,-,-,-,-,-,-,-,12.23833200,76.65907600,15-12-2021 08:30,766,"","","","",""
1764,SHIMSHA AT D/S OF BRIDGE HALAGUR,CPCB,29,Karnataka,544,Mandya,MALVALLI,-,-,-,-,-,-,-,-,12.42276400,77.22614400,29-01-2021 08:30,"","","","","",""
1765,SHIMSHA AT D/S OF BRIDGE HALAGUR,CPCB,29,Karnataka,544,Mandya,MALVALLI,-,-,-,-,-,-,-,-,12.42276400,77.22614400,26-02-2021 08:30,"","","","","",""
1766,SHIMSHA AT D/S OF HIGHWAY BRIDGE YEDIYAR,CPCB,29,Karnataka,548,Tumkur,KUNIGAL,-,-,-,-,-,-,-,-,12.97910800,76.85162200,01-01-2021 08:30,"","","","","",""
1767,SHIMSHA AT D/S OF HIGHWAY BRIDGE YEDIYAR,CPCB,29,Karnataka,548,Tumkur,KUNIGAL,-,-,-,-,-,-,-,-,12.97910800,76.85162200,04-02-2021 08:30,"","","","","",""
1768,SHIMSHA AT D/S OF HIGHWAY BRIDGE YEDIYAR,CPCB,29,Karnataka,548,Tumkur,KUNIGAL,-,-,-,-,-,-,-,-,12.97910800,76.85162200,08-03-2021 08:30,"","","","","",""
1769,SHIMSHA AT WATER SUPPLY INTAKE POINT AT MADDUAR,CPCB,29,Karnataka,544,Mandya,MADDUR,-,-,-,-,-,-,-,-,12.58421600,77.04151500,29-01-2021 08:30,"","","","","",""
1770,SHIMSHA AT WATER SUPPLY INTAKE POINT AT MADDUAR,CPCB,29,Karnataka,544,Mandya,MADDUR,-,-,-,-,-,-,-,-,12.58421600,77.04151500,26-02-2021 08:30,"","","","","",""
1771,SHIMSHA AT WATER SUPPLY INTAKE POINT AT MADDUAR,CPCB,29,Karnataka,544,Mandya,MADDUR,-,-,-,-,-,-,-,-,12.58421600,77.04151500,20-03-2021 08:30,"","","","","",""
1772,SHIMSHA D/S NEAR MADDUAR TOWN,CPCB,29,Karnataka,544,Mandya,MADDUR,-,-,-,-,-,-,-,-,12.58471600,77.04978700,29-01-2021 08:30,"","","","","",""
1773,SHIMSHA D/S NEAR MADDUAR TOWN,CPCB,29,Karnataka,544,Mandya,MADDUR,-,-,-,-,-,-,-,-,12.58471600,77.04978700,23-02-2021 08:30,"","","","","",""
1774,SHIVAPURA TANK,CPCB,29,Karnataka,526,Bangalore Rural,DODBALLAPUR,-,-,-,-,-,-,-,-,13.31497000,77.56985200,05-01-2021 08:30,1749,"","","","",""
1775,SHIVAPURA TANK,CPCB,29,Karnataka,526,Bangalore Rural,DODBALLAPUR,-,-,-,-,-,-,-,-,13.31497000,77.56985200,10-02-2021 08:30,3520,"","","","",""
1776,SHIVAPURA TANK,CPCB,29,Karnataka,526,Bangalore Rural,DODBALLAPUR,-,-,-,-,-,-,-,-,13.31497000,77.56985200,04-03-2021 08:30,3770,"","","","",""
1777,SHIVAPURA TANK,CPCB,29,Karnataka,526,Bangalore Rural,DODBALLAPUR,-,-,-,-,-,-,-,-,13.31497000,77.56985200,06-04-2021 08:30,4110,"","","","",""
1778,SHIVAPURA TANK,CPCB,29,Karnataka,526,Bangalore Rural,DODBALLAPUR,-,-,-,-,-,-,-,-,13.31497000,77.56985200,25-05-2021 08:30,2710,"","","","",""
1779,SHIVAPURA TANK,CPCB,29,Karnataka,526,Bangalore Rural,DODBALLAPUR,-,-,-,-,-,-,-,-,13.31497000,77.56985200,09-06-2021 08:30,2540,"","","","",""
1780,SHIVAPURA TANK,CPCB,29,Karnataka,526,Bangalore Rural,DODBALLAPUR,-,-,-,-,-,-,-,-,13.31497000,77.56985200,15-07-2021 08:30,1762,"","","","",""
1781,SHIVAPURA TANK,CPCB,29,Karnataka,526,Bangalore Rural,DODBALLAPUR,-,-,-,-,-,-,-,-,13.31497000,77.56985200,10-08-2021 08:30,1914,"","","","",""
1782,SHIVAPURA TANK,CPCB,29,Karnataka,526,Bangalore Rural,DODBALLAPUR,-,-,-,-,-,-,-,-,13.31497000,77.56985200,14-09-2021 08:30,2180,"","","","",""
1783,SHIVAPURA TANK,CPCB,29,Karnataka,526,Bangalore Rural,DODBALLAPUR,-,-,-,-,-,-,-,-,13.31497000,77.56985200,11-10-2021 08:30,1074,"","","","",""
1784,SHIVAPURA TANK,CPCB,29,Karnataka,526,Bangalore Rural,DODBALLAPUR,-,-,-,-,-,-,-,-,13.31497000,77.56985200,17-11-2021 08:30,762,"","","","",""
1785,SHIVAPURA TANK,CPCB,29,Karnataka,526,Bangalore Rural,DODBALLAPUR,-,-,-,-,-,-,-,-,13.31497000,77.56985200,15-12-2021 08:30,2040,"","","","",""
1786,SINGAPURA LAKE,CPCB,29,Karnataka,525,Bangalore Urban,BANGALORE NORTH,-,-,-,-,-,-,-,-,13.08472400,77.53851200,06-01-2021 08:30,1220,"","","","",""
1787,SINGAPURA LAKE,CPCB,29,Karnataka,525,Bangalore Urban,BANGALORE NORTH,-,-,-,-,-,-,-,-,13.08472400,77.53851200,09-02-2021 08:30,1120,"","","","",""
1788,SINGAPURA LAKE,CPCB,29,Karnataka,525,Bangalore Urban,BANGALORE NORTH,-,-,-,-,-,-,-,-,13.08472400,77.53851200,04-03-2021 08:30,932,"","","","",""
1789,SINGAPURA LAKE,CPCB,29,Karnataka,525,Bangalore Urban,BANGALORE NORTH,-,-,-,-,-,-,-,-,13.08472400,77.53851200,06-04-2021 08:30,1358,"","","","",""
1790,SINGAPURA LAKE,CPCB,29,Karnataka,525,Bangalore Urban,BANGALORE NORTH,-,-,-,-,-,-,-,-,13.08472400,77.53851200,17-05-2021 08:30,886,"","","","",""
1791,SINGAPURA LAKE,CPCB,29,Karnataka,525,Bangalore Urban,BANGALORE NORTH,-,-,-,-,-,-,-,-,13.08472400,77.53851200,08-06-2021 08:30,1157,"","","","",""
1792,SINGAPURA LAKE,CPCB,29,Karnataka,525,Bangalore Urban,BANGALORE NORTH,-,-,-,-,-,-,-,-,13.08472400,77.53851200,08-07-2021 08:30,1228,"","","","",""
1793,SINGAPURA LAKE,CPCB,29,Karnataka,525,Bangalore Urban,BANGALORE NORTH,-,-,-,-,-,-,-,-,13.08472400,77.53851200,03-08-2021 08:30,1374,"","","","",""
1794,SINGAPURA LAKE,CPCB,29,Karnataka,525,Bangalore Urban,BANGALORE NORTH,-,-,-,-,-,-,-,-,13.08472400,77.53851200,02-09-2021 08:30,1160,"","","","",""
1795,SINGAPURA LAKE,CPCB,29,Karnataka,525,Bangalore Urban,BANGALORE NORTH,-,-,-,-,-,-,-,-,13.08472400,77.53851200,11-10-2021 08:30,1148,"","","","",""
1796,SINGAPURA LAKE,CPCB,29,Karnataka,525,Bangalore Urban,BANGALORE NORTH,-,-,-,-,-,-,-,-,13.08472400,77.53851200,09-11-2021 08:30,1085,"","","","",""
1797,SINGAPURA LAKE,CPCB,29,Karnataka,525,Bangalore Urban,BANGALORE NORTH,-,-,-,-,-,-,-,-,13.08472400,77.53851200,08-12-2021 08:30,1036,"","","","",""
1798,SINGASANDRA LAKE,CPCB,29,Karnataka,525,Bangalore Urban,BANGALORE SOUTH,-,-,-,-,-,-,-,-,12.88198200,77.64481600,27-01-2021 08:30,1194,"","","","",""
1799,SINGASANDRA LAKE,CPCB,29,Karnataka,525,Bangalore Urban,BANGALORE SOUTH,-,-,-,-,-,-,-,-,12.88198200,77.64481600,17-02-2021 08:30,713,"","","","",""
1800,SINGASANDRA LAKE,CPCB,29,Karnataka,525,Bangalore Urban,BANGALORE SOUTH,-,-,-,-,-,-,-,-,12.88198200,77.64481600,03-03-2021 08:30,1253,"","","","",""
1801,SINGASANDRA LAKE,CPCB,29,Karnataka,525,Bangalore Urban,BANGALORE SOUTH,-,-,-,-,-,-,-,-,12.88198200,77.64481600,05-04-2021 08:30,706,"","","","",""
1802,SINGASANDRA LAKE,CPCB,29,Karnataka,525,Bangalore Urban,BANGALORE SOUTH,-,-,-,-,-,-,-,-,12.88198200,77.64481600,19-05-2021 08:30,1367,"","","","",""
1803,SINGASANDRA LAKE,CPCB,29,Karnataka,525,Bangalore Urban,BANGALORE SOUTH,-,-,-,-,-,-,-,-,12.88198200,77.64481600,03-06-2021 08:30,856,"","","","",""
1804,SINGASANDRA LAKE,CPCB,29,Karnataka,525,Bangalore Urban,BANGALORE SOUTH,-,-,-,-,-,-,-,-,12.88198200,77.64481600,12-07-2021 08:30,562,"","","","",""
1805,SINGASANDRA LAKE,CPCB,29,Karnataka,525,Bangalore Urban,BANGALORE SOUTH,-,-,-,-,-,-,-,-,12.88198200,77.64481600,05-08-2021 08:30,1227,"","","","",""
1806,SINGASANDRA LAKE,CPCB,29,Karnataka,525,Bangalore Urban,BANGALORE SOUTH,-,-,-,-,-,-,-,-,12.88198200,77.64481600,01-09-2021 08:30,867,"","","","",""
1807,SINGASANDRA LAKE,CPCB,29,Karnataka,525,Bangalore Urban,BANGALORE SOUTH,-,-,-,-,-,-,-,-,12.88198200,77.64481600,11-10-2021 08:30,1170,"","","","",""
1808,SINGASANDRA LAKE,CPCB,29,Karnataka,525,Bangalore Urban,BANGALORE SOUTH,-,-,-,-,-,-,-,-,12.88198200,77.64481600,08-11-2021 08:30,797,"","","","",""
1809,SINGASANDRA LAKE,CPCB,29,Karnataka,525,Bangalore Urban,BANGALORE SOUTH,-,-,-,-,-,-,-,-,12.88198200,77.64481600,06-12-2021 08:30,634,"","","","",""
1810,SOMASUNDRA PALYA LAKE,CPCB,29,Karnataka,525,Bangalore Urban,BANGALORE SOUTH,-,-,-,-,-,-,-,-,12.89924900,77.64750500,17-02-2021 08:30,937,"","","","",""
1811,SOMASUNDRA PALYA LAKE,CPCB,29,Karnataka,525,Bangalore Urban,BANGALORE SOUTH,-,-,-,-,-,-,-,-,12.89924900,77.64750500,03-03-2021 08:30,216,"","","","",""
1812,SOMASUNDRA PALYA LAKE,CPCB,29,Karnataka,525,Bangalore Urban,BANGALORE SOUTH,-,-,-,-,-,-,-,-,12.89924900,77.64750500,05-04-2021 08:30,952,"","","","",""
1813,SOMASUNDRA PALYA LAKE,CPCB,29,Karnataka,525,Bangalore Urban,BANGALORE SOUTH,-,-,-,-,-,-,-,-,12.89924900,77.64750500,19-05-2021 08:30,1323,"","","","",""
1814,SOMASUNDRA PALYA LAKE,CPCB,29,Karnataka,525,Bangalore Urban,BANGALORE SOUTH,-,-,-,-,-,-,-,-,12.89924900,77.64750500,03-06-2021 08:30,541,"","","","",""
1815,SOMASUNDRA PALYA LAKE,CPCB,29,Karnataka,525,Bangalore Urban,BANGALORE SOUTH,-,-,-,-,-,-,-,-,12.89924900,77.64750500,12-07-2021 08:30,544,"","","","",""
1816,SOMASUNDRA PALYA LAKE,CPCB,29,Karnataka,525,Bangalore Urban,BANGALORE SOUTH,-,-,-,-,-,-,-,-,12.89924900,77.64750500,05-08-2021 08:30,1149,"","","","",""
1817,SOMASUNDRA PALYA LAKE,CPCB,29,Karnataka,525,Bangalore Urban,BANGALORE SOUTH,-,-,-,-,-,-,-,-,12.89924900,77.64750500,01-09-2021 08:30,1234,"","","","",""
1818,SOMASUNDRA PALYA LAKE,CPCB,29,Karnataka,525,Bangalore Urban,BANGALORE SOUTH,-,-,-,-,-,-,-,-,12.89924900,77.64750500,11-10-2021 08:30,747,"","","","",""
1819,SOMASUNDRA PALYA LAKE,CPCB,29,Karnataka,525,Bangalore Urban,BANGALORE SOUTH,-,-,-,-,-,-,-,-,12.89924900,77.64750500,17-11-2021 08:30,958,"","","","",""
1820,SOMASUNDRA PALYA LAKE,CPCB,29,Karnataka,525,Bangalore Urban,BANGALORE SOUTH,-,-,-,-,-,-,-,-,12.89924900,77.64750500,06-12-2021 08:30,602,"","","","",""
1821,SOMESHWARAKERE TANK,CPCB,29,Karnataka,549,Udupi,KARKAL,-,-,-,-,-,-,-,-,13.48804400,75.06534800,12-01-2021 08:30,931,"","","","",""
1822,SOMESHWARAKERE TANK,CPCB,29,Karnataka,549,Udupi,KARKAL,-,-,-,-,-,-,-,-,13.48804400,75.06534800,10-02-2021 08:30,1051,"","","","",""
1823,SOMESHWARAKERE TANK,CPCB,29,Karnataka,549,Udupi,KARKAL,-,-,-,-,-,-,-,-,13.48804400,75.06534800,08-03-2021 08:30,1143,"","","","",""
1824,SOMESHWARAKERE TANK,CPCB,29,Karnataka,549,Udupi,KARKAL,-,-,-,-,-,-,-,-,13.48804400,75.06534800,15-04-2021 08:30,1340,"","","","",""
1825,SOMESHWARAKERE TANK,CPCB,29,Karnataka,549,Udupi,KARKAL,-,-,-,-,-,-,-,-,13.48804400,75.06534800,17-05-2021 08:30,1205,"","","","",""
1826,SOMESHWARAKERE TANK,CPCB,29,Karnataka,549,Udupi,KARKAL,-,-,-,-,-,-,-,-,13.48804400,75.06534800,11-06-2021 08:30,1109,"","","","",""
1827,SOMESHWARAKERE TANK,CPCB,29,Karnataka,549,Udupi,KARKAL,-,-,-,-,-,-,-,-,13.48804400,75.06534800,08-07-2021 08:30,994,"","","","",""
1828,SOMESHWARAKERE TANK,CPCB,29,Karnataka,549,Udupi,KARKAL,-,-,-,-,-,-,-,-,13.48804400,75.06534800,11-08-2021 08:30,732,"","","","",""
1829,SOMESHWARAKERE TANK,CPCB,29,Karnataka,549,Udupi,KARKAL,-,-,-,-,-,-,-,-,13.48804400,75.06534800,09-09-2021 08:30,903,"","","","",""
1830,SOMESHWARAKERE TANK,CPCB,29,Karnataka,549,Udupi,KARKAL,-,-,-,-,-,-,-,-,13.48804400,75.06534800,12-10-2021 08:30,780,"","","","",""
1831,SOMESHWARAKERE TANK,CPCB,29,Karnataka,549,Udupi,KARKAL,-,-,-,-,-,-,-,-,13.48804400,75.06534800,09-11-2021 08:30,860,"","","","",""
1832,SOMESHWARAKERE TANK,CPCB,29,Karnataka,549,Udupi,KARKAL,-,-,-,-,-,-,-,-,13.48804400,75.06534800,14-12-2021 08:30,1026,"","","","",""
1833,SOMPURA LAKE,CPCB,29,Karnataka,525,Bangalore Urban,BANGALORE SOUTH,-,-,-,-,-,-,-,-,12.87473700,77.49851100,05-01-2021 08:30,309,"","","","",""
1834,SOMPURA LAKE,CPCB,29,Karnataka,525,Bangalore Urban,BANGALORE SOUTH,-,-,-,-,-,-,-,-,12.87473700,77.49851100,03-02-2021 08:30,388,"","","","",""
1835,SOMPURA LAKE,CPCB,29,Karnataka,525,Bangalore Urban,BANGALORE SOUTH,-,-,-,-,-,-,-,-,12.87473700,77.49851100,09-03-2021 08:30,341,"","","","",""
1836,SOMPURA LAKE,CPCB,29,Karnataka,525,Bangalore Urban,BANGALORE SOUTH,-,-,-,-,-,-,-,-,12.87473700,77.49851100,05-04-2021 08:30,369,"","","","",""
1837,SOMPURA LAKE,CPCB,29,Karnataka,525,Bangalore Urban,BANGALORE SOUTH,-,-,-,-,-,-,-,-,12.87473700,77.49851100,24-05-2021 08:30,460,"","","","",""
1838,SOMPURA LAKE,CPCB,29,Karnataka,525,Bangalore Urban,BANGALORE SOUTH,-,-,-,-,-,-,-,-,12.87473700,77.49851100,08-06-2021 08:30,349,"","","","",""
1839,SOMPURA LAKE,CPCB,29,Karnataka,525,Bangalore Urban,BANGALORE SOUTH,-,-,-,-,-,-,-,-,12.87473700,77.49851100,26-07-2021 08:30,250,"","","","",""
1840,SOMPURA LAKE,CPCB,29,Karnataka,525,Bangalore Urban,BANGALORE SOUTH,-,-,-,-,-,-,-,-,12.87473700,77.49851100,10-08-2021 08:30,258,"","","","",""
1841,SOMPURA LAKE,CPCB,29,Karnataka,525,Bangalore Urban,BANGALORE SOUTH,-,-,-,-,-,-,-,-,12.87473700,77.49851100,06-09-2021 08:30,239,"","","","",""
1842,SOMPURA LAKE,CPCB,29,Karnataka,525,Bangalore Urban,BANGALORE SOUTH,-,-,-,-,-,-,-,-,12.87473700,77.49851100,11-10-2021 08:30,240,"","","","",""
1843,SOMPURA LAKE,CPCB,29,Karnataka,525,Bangalore Urban,BANGALORE SOUTH,-,-,-,-,-,-,-,-,12.87473700,77.49851100,16-11-2021 08:30,365,"","","","",""
1844,SOMPURA LAKE,CPCB,29,Karnataka,525,Bangalore Urban,BANGALORE SOUTH,-,-,-,-,-,-,-,-,12.87473700,77.49851100,07-12-2021 08:30,532,"","","","",""
1845,SOUDRALLI KERE,CPCB,29,Karnataka,533,Chitradurga,HOLALKERE,-,-,-,-,-,-,-,-,14.13849800,76.21052000,07-01-2021 08:30,1100,"","","","",""
1846,SOUDRALLI KERE,CPCB,29,Karnataka,533,Chitradurga,HOLALKERE,-,-,-,-,-,-,-,-,14.13849800,76.21052000,12-02-2021 08:30,1100,"","","","",""
1847,SOUDRALLI KERE,CPCB,29,Karnataka,533,Chitradurga,HOLALKERE,-,-,-,-,-,-,-,-,14.13849800,76.21052000,06-03-2021 08:30,1040,"","","","",""
1848,SOUDRALLI KERE,CPCB,29,Karnataka,533,Chitradurga,HOLALKERE,-,-,-,-,-,-,-,-,14.13849800,76.21052000,03-04-2021 08:30,1030,"","","","",""
1849,SOUDRALLI KERE,CPCB,29,Karnataka,533,Chitradurga,HOLALKERE,-,-,-,-,-,-,-,-,14.13849800,76.21052000,03-05-2021 08:30,1100,"","","","",""
1850,SOUDRALLI KERE,CPCB,29,Karnataka,533,Chitradurga,HOLALKERE,-,-,-,-,-,-,-,-,14.13849800,76.21052000,02-06-2021 08:30,1150,"","","","",""
1851,SOUDRALLI KERE,CPCB,29,Karnataka,533,Chitradurga,HOLALKERE,-,-,-,-,-,-,-,-,14.13849800,76.21052000,03-07-2021 08:30,890,"","","","",""
1852,SOUDRALLI KERE,CPCB,29,Karnataka,533,Chitradurga,HOLALKERE,-,-,-,-,-,-,-,-,14.13849800,76.21052000,02-08-2021 08:30,840,"","","","",""
1853,SOUDRALLI KERE,CPCB,29,Karnataka,533,Chitradurga,HOLALKERE,-,-,-,-,-,-,-,-,14.13849800,76.21052000,08-09-2021 08:30,800,"","","","",""
1854,SOUDRALLI KERE,CPCB,29,Karnataka,533,Chitradurga,HOLALKERE,-,-,-,-,-,-,-,-,14.13849800,76.21052000,01-10-2021 08:30,710,"","","","",""
1855,SOUDRALLI KERE,CPCB,29,Karnataka,533,Chitradurga,HOLALKERE,-,-,-,-,-,-,-,-,14.13849800,76.21052000,09-11-2021 08:30,690,"","","","",""
1856,SOUDRALLI KERE,CPCB,29,Karnataka,533,Chitradurga,HOLALKERE,-,-,-,-,-,-,-,-,14.13849800,76.21052000,02-12-2021 08:30,760,"","","","",""
1857,SUBRAMANYAPURA TANK,CPCB,29,Karnataka,525,Bangalore Urban,BANGALORE SOUTH,-,-,-,-,-,-,-,-,12.89641200,77.54284900,05-04-2021 08:30,2005,"","","","",""
1858,SUBRAMANYAPURA TANK,CPCB,29,Karnataka,525,Bangalore Urban,BANGALORE SOUTH,-,-,-,-,-,-,-,-,12.89641200,77.54284900,24-05-2021 08:30,1379,"","","","",""
1859,SUBRAMANYAPURA TANK,CPCB,29,Karnataka,525,Bangalore Urban,BANGALORE SOUTH,-,-,-,-,-,-,-,-,12.89641200,77.54284900,08-06-2021 08:30,1058,"","","","",""
1860,SUBRAMANYAPURA TANK,CPCB,29,Karnataka,525,Bangalore Urban,BANGALORE SOUTH,-,-,-,-,-,-,-,-,12.89641200,77.54284900,26-07-2021 08:30,1423,"","","","",""
1861,SUBRAMANYAPURA TANK,CPCB,29,Karnataka,525,Bangalore Urban,BANGALORE SOUTH,-,-,-,-,-,-,-,-,12.89641200,77.54284900,10-08-2021 08:30,1353,"","","","",""
1862,SUBRAMANYAPURA TANK,CPCB,29,Karnataka,525,Bangalore Urban,BANGALORE SOUTH,-,-,-,-,-,-,-,-,12.89641200,77.54284900,06-09-2021 08:30,969,"","","","",""
1863,SUBRAMANYAPURA TANK,CPCB,29,Karnataka,525,Bangalore Urban,BANGALORE SOUTH,-,-,-,-,-,-,-,-,12.89641200,77.54284900,11-10-2021 08:30,995,"","","","",""
1864,SUBRAMANYAPURA TANK,CPCB,29,Karnataka,525,Bangalore Urban,BANGALORE SOUTH,-,-,-,-,-,-,-,-,12.89641200,77.54284900,16-11-2021 08:30,1101,"","","","",""
1865,SUBRAMANYAPURA TANK,CPCB,29,Karnataka,525,Bangalore Urban,BANGALORE SOUTH,-,-,-,-,-,-,-,-,12.89641200,77.54284900,07-12-2021 08:30,1179,"","","","",""
1866,SUDANAKERE TANK,CPCB,29,Karnataka,525,Bangalore Urban,BANGALORE NORTH,-,-,-,-,-,-,-,-,12.77088500,75.18990900,12-01-2021 08:30,581,"","","","",""
1867,SUDANAKERE TANK,CPCB,29,Karnataka,525,Bangalore Urban,BANGALORE NORTH,-,-,-,-,-,-,-,-,12.77088500,75.18990900,10-02-2021 08:30,640,"","","","",""
1868,SUDANAKERE TANK,CPCB,29,Karnataka,525,Bangalore Urban,BANGALORE NORTH,-,-,-,-,-,-,-,-,12.77088500,75.18990900,08-03-2021 08:30,731,"","","","",""
1869,SUDANAKERE TANK,CPCB,29,Karnataka,525,Bangalore Urban,BANGALORE NORTH,-,-,-,-,-,-,-,-,12.77088500,75.18990900,15-04-2021 08:30,790,"","","","",""
1870,SUDANAKERE TANK,CPCB,29,Karnataka,525,Bangalore Urban,BANGALORE NORTH,-,-,-,-,-,-,-,-,12.77088500,75.18990900,17-05-2021 08:30,714,"","","","",""
1871,SUDANAKERE TANK,CPCB,29,Karnataka,525,Bangalore Urban,BANGALORE NORTH,-,-,-,-,-,-,-,-,12.77088500,75.18990900,11-06-2021 08:30,610,"","","","",""
1872,SUDANAKERE TANK,CPCB,29,Karnataka,525,Bangalore Urban,BANGALORE NORTH,-,-,-,-,-,-,-,-,12.77088500,75.18990900,08-07-2021 08:30,656,"","","","",""
1873,SUDANAKERE TANK,CPCB,29,Karnataka,525,Bangalore Urban,BANGALORE NORTH,-,-,-,-,-,-,-,-,12.77088500,75.18990900,11-08-2021 08:30,701,"","","","",""
1874,SUDANAKERE TANK,CPCB,29,Karnataka,525,Bangalore Urban,BANGALORE NORTH,-,-,-,-,-,-,-,-,12.77088500,75.18990900,09-09-2021 08:30,784,"","","","",""
1875,SUDANAKERE TANK,CPCB,29,Karnataka,525,Bangalore Urban,BANGALORE NORTH,-,-,-,-,-,-,-,-,12.77088500,75.18990900,12-10-2021 08:30,763,"","","","",""
1876,SUDANAKERE TANK,CPCB,29,Karnataka,525,Bangalore Urban,BANGALORE NORTH,-,-,-,-,-,-,-,-,12.77088500,75.18990900,09-11-2021 08:30,756,"","","","",""
1877,SUDANAKERE TANK,CPCB,29,Karnataka,525,Bangalore Urban,BANGALORE NORTH,-,-,-,-,-,-,-,-,12.77088500,75.18990900,14-12-2021 08:30,720,"","","","",""
1878,SUVARANVATHI RESERVOIR ATTIGULLIPURA CHAMARAJANAGAR,CPCB,29,Karnataka,531,Chamarajanagara,CHAMARAJANAGAR,-,-,-,-,-,-,-,-,11.82767600,77.02636900,28-01-2021 08:30,"","","","","",""
1879,SUVARANVATHI RESERVOIR ATTIGULLIPURA CHAMARAJANAGAR,CPCB,29,Karnataka,531,Chamarajanagara,CHAMARAJANAGAR,-,-,-,-,-,-,-,-,11.82767600,77.02636900,17-02-2021 08:30,"","","","","",""
1880,SUVARANVATHI RESERVOIR ATTIGULLIPURA CHAMARAJANAGAR,CPCB,29,Karnataka,531,Chamarajanagara,CHAMARAJANAGAR,-,-,-,-,-,-,-,-,11.82767600,77.02636900,10-03-2021 08:30,"","","","","",""
1881,SWARANA KUNTE,CPCB,29,Karnataka,525,Bangalore Urban,BANGALORE SOUTH,-,-,-,-,-,-,-,-,12.86236100,77.60722200,27-01-2021 08:30,483,"","","","",""
1882,SWARANA KUNTE,CPCB,29,Karnataka,525,Bangalore Urban,BANGALORE SOUTH,-,-,-,-,-,-,-,-,12.86236100,77.60722200,17-02-2021 08:30,701,"","","","",""
1883,SWARANA KUNTE,CPCB,29,Karnataka,525,Bangalore Urban,BANGALORE SOUTH,-,-,-,-,-,-,-,-,12.86236100,77.60722200,03-03-2021 08:30,444,"","","","",""
1884,SWARANA KUNTE,CPCB,29,Karnataka,525,Bangalore Urban,BANGALORE SOUTH,-,-,-,-,-,-,-,-,12.86236100,77.60722200,05-04-2021 08:30,691,"","","","",""
1885,SWARANA KUNTE,CPCB,29,Karnataka,525,Bangalore Urban,BANGALORE SOUTH,-,-,-,-,-,-,-,-,12.86236100,77.60722200,19-05-2021 08:30,1320,"","","","",""
1886,SWARANA KUNTE,CPCB,29,Karnataka,525,Bangalore Urban,BANGALORE SOUTH,-,-,-,-,-,-,-,-,12.86236100,77.60722200,03-06-2021 08:30,564,"","","","",""
1887,SWARANA KUNTE,CPCB,29,Karnataka,525,Bangalore Urban,BANGALORE SOUTH,-,-,-,-,-,-,-,-,12.86236100,77.60722200,12-07-2021 08:30,1151,"","","","",""
1888,SWARANA KUNTE,CPCB,29,Karnataka,525,Bangalore Urban,BANGALORE SOUTH,-,-,-,-,-,-,-,-,12.86236100,77.60722200,05-08-2021 08:30,548,"","","","",""
1889,SWARANA KUNTE,CPCB,29,Karnataka,525,Bangalore Urban,BANGALORE SOUTH,-,-,-,-,-,-,-,-,12.86236100,77.60722200,01-09-2021 08:30,487,"","","","",""
1890,SWARANA KUNTE,CPCB,29,Karnataka,525,Bangalore Urban,BANGALORE SOUTH,-,-,-,-,-,-,-,-,12.86236100,77.60722200,11-10-2021 08:30,577,"","","","",""
1891,SWARANA KUNTE,CPCB,29,Karnataka,525,Bangalore Urban,BANGALORE SOUTH,-,-,-,-,-,-,-,-,12.86236100,77.60722200,17-11-2021 08:30,1037,"","","","",""
1892,SWARANA KUNTE,CPCB,29,Karnataka,525,Bangalore Urban,BANGALORE SOUTH,-,-,-,-,-,-,-,-,12.86236100,77.60722200,06-12-2021 08:30,732,"","","","",""
1893,TUBRAHALLI LAKE,CPCB,29,Karnataka,525,Bangalore Urban,BANGALORE EAST,-,-,-,-,-,-,-,-,12.95862800,77.72473400,12-01-2021 08:30,1593,"","","","",""
1894,TUBRAHALLI LAKE,CPCB,29,Karnataka,525,Bangalore Urban,BANGALORE EAST,-,-,-,-,-,-,-,-,12.95862800,77.72473400,04-02-2021 08:30,1137,"","","","",""
1895,TUBRAHALLI LAKE,CPCB,29,Karnataka,525,Bangalore Urban,BANGALORE EAST,-,-,-,-,-,-,-,-,12.95862800,77.72473400,04-03-2021 08:30,1109,"","","","",""
1896,TUNGA AT D/S OF SHIMOGA TOWN,CPCB,29,Karnataka,547,Shivamogga,SHIMOGA,-,-,-,-,-,-,-,-,13.92646400,75.58333600,12-01-2021 08:30,"","","","","",""
1897,TUNGA AT D/S OF SHIMOGA TOWN,CPCB,29,Karnataka,547,Shivamogga,SHIMOGA,-,-,-,-,-,-,-,-,13.92646400,75.58333600,16-02-2021 08:30,"","","","","",""
1898,TUNGA AT D/S OF SHIMOGA TOWN,CPCB,29,Karnataka,547,Shivamogga,SHIMOGA,-,-,-,-,-,-,-,-,13.92646400,75.58333600,16-03-2021 08:30,"","","","","",""
1899,TUNGABHADRA AT CONFLUENCE POINT OF TUNGA AND BHADRA AT KUDLI,CPCB,29,Karnataka,547,Shivamogga,SHIMOGA,-,-,-,-,-,-,-,-,14.01133300,75.67666700,12-01-2021 08:30,"","","","","",""
1900,TUNGABHADRA AT CONFLUENCE POINT OF TUNGA AND BHADRA AT KUDLI,CPCB,29,Karnataka,547,Shivamogga,SHIMOGA,-,-,-,-,-,-,-,-,14.01133300,75.67666700,16-02-2021 08:30,"","","","","",""
1901,TUNGABHADRA AT CONFLUENCE POINT OF TUNGA AND BHADRA AT KUDLI,CPCB,29,Karnataka,547,Shivamogga,SHIMOGA,-,-,-,-,-,-,-,-,14.01133300,75.67666700,16-03-2021 08:30,"","","","","",""
1902,TUNGABHADRA AT DADESUGUR BRIDGE GAUGING STATION,CPCB,29,Karnataka,546,Raichur,SINDHNUR,-,-,-,-,-,-,-,-,15.69184800,76.89572100,22-01-2021 08:30,"","","","","",""
1903,TUNGABHADRA AT DADESUGUR BRIDGE GAUGING STATION,CPCB,29,Karnataka,546,Raichur,SINDHNUR,-,-,-,-,-,-,-,-,15.69184800,76.89572100,09-02-2021 08:30,"","","","","",""
1904,TUNGABHADRA AT DADESUGUR BRIDGE GAUGING STATION,CPCB,29,Karnataka,546,Raichur,SINDHNUR,-,-,-,-,-,-,-,-,15.69184800,76.89572100,31-03-2021 08:30,"","","","","",""
1905,TUNGABHADRA AT D/S OF GANGAWATHI,CPCB,29,Karnataka,543,Koppal,GANGAWATI,-,-,-,-,-,-,-,-,15.41225000,76.58625000,07-01-2021 08:30,"","","","","",""
1906,TUNGABHADRA AT D/S OF GANGAWATHI,CPCB,29,Karnataka,543,Koppal,GANGAWATI,-,-,-,-,-,-,-,-,15.41225000,76.58625000,10-02-2021 08:30,"","","","","",""
1907,TUNGABHADRA AT D/S OF GANGAWATHI,CPCB,29,Karnataka,543,Koppal,GANGAWATI,-,-,-,-,-,-,-,-,15.41225000,76.58625000,09-03-2021 08:30,"","","","","",""
1908,TUNGABHADRA AT D/S OF HPF,CPCB,29,Karnataka,540,Haveri,RANIBENNUR,-,-,-,-,-,-,-,-,14.51427800,75.78569700,05-01-2021 08:30,"","","","","",""
1909,TUNGABHADRA AT D/S OF HPF,CPCB,29,Karnataka,540,Haveri,RANIBENNUR,-,-,-,-,-,-,-,-,14.51427800,75.78569700,03-02-2021 08:30,"","","","","",""
1910,TUNGABHADRA AT D/S OF HPF,CPCB,29,Karnataka,540,Haveri,RANIBENNUR,-,-,-,-,-,-,-,-,14.51427800,75.78569700,02-03-2021 08:30,"","","","","",""
1911,TUNGABHADRA AT HARALAHALLI BRIDGE,CPCB,29,Karnataka,535,Davanagere,DAVANAGERE,-,-,-,-,-,-,-,-,14.32539700,75.77109200,05-01-2021 08:30,"","","","","",""
1912,TUNGABHADRA AT HARALAHALLI BRIDGE,CPCB,29,Karnataka,535,Davanagere,DAVANAGERE,-,-,-,-,-,-,-,-,14.32539700,75.77109200,03-02-2021 08:30,"","","","","",""
1913,TUNGABHADRA AT HARALAHALLI BRIDGE,CPCB,29,Karnataka,535,Davanagere,DAVANAGERE,-,-,-,-,-,-,-,-,14.32539700,75.77109200,02-03-2021 08:30,"","","","","",""
1914,TUNGABHADRA AT HARIHAR WATER SUPPLY INTAKE,CPCB,29,Karnataka,535,Davanagere,DAVANAGERE,-,-,-,-,-,-,-,-,14.51583600,75.79793900,05-01-2021 08:30,"","","","","",""
1915,TUNGABHADRA AT HARIHAR WATER SUPPLY INTAKE,CPCB,29,Karnataka,535,Davanagere,DAVANAGERE,-,-,-,-,-,-,-,-,14.51583600,75.79793900,03-02-2021 08:30,"","","","","",""
1916,TUNGABHADRA AT HARIHAR WATER SUPPLY INTAKE,CPCB,29,Karnataka,535,Davanagere,DAVANAGERE,-,-,-,-,-,-,-,-,14.51583600,75.79793900,02-03-2021 08:30,"","","","","",""
1917,TUNGABHADRA AT HOCHECHALLI (BANGALORE),CPCB,29,Karnataka,528,Bellary,SIRUGUPPA,-,-,-,-,-,-,-,-,15.76604400,76.98655000,09-02-2021 08:30,"","","","","",""
1918,TUNGABHADRA AT HONNALI BRIDGE,CPCB,29,Karnataka,535,Davanagere,DAVANAGERE,-,-,-,-,-,-,-,-,14.23612200,75.65935600,04-01-2021 08:30,"","","","","",""
1919,TUNGABHADRA AT HONNALI BRIDGE,CPCB,29,Karnataka,535,Davanagere,DAVANAGERE,-,-,-,-,-,-,-,-,14.23612200,75.65935600,02-02-2021 08:30,"","","","","",""
1920,TUNGABHADRA AT HONNALI BRIDGE,CPCB,29,Karnataka,535,Davanagere,DAVANAGERE,-,-,-,-,-,-,-,-,14.23612200,75.65935600,01-03-2021 08:30,"","","","","",""
1921,TUNGABHADRA AT JACKWELL POINT,CPCB,29,Karnataka,535,Davanagere,DAVANAGERE,-,-,-,-,-,-,-,-,14.52650000,75.79607200,05-01-2021 08:30,"","","","","",""
1922,TUNGABHADRA AT JACKWELL POINT,CPCB,29,Karnataka,535,Davanagere,DAVANAGERE,-,-,-,-,-,-,-,-,14.52650000,75.79607200,03-02-2021 08:30,"","","","","",""
1923,TUNGABHADRA AT JACKWELL POINT,CPCB,29,Karnataka,535,Davanagere,DAVANAGERE,-,-,-,-,-,-,-,-,14.52650000,75.79607200,02-03-2021 08:30,"","","","","",""
1924,TUNGABHADRA AT MANTHRALAYAM KURNOOL,CPCB,29,Karnataka,546,Raichur,RAICHUR,-,-,-,-,-,-,-,-,15.94445300,77.41970900,19-01-2021 08:30,"","","","","",""
1925,TUNGABHADRA AT MANTHRALAYAM KURNOOL,CPCB,29,Karnataka,546,Raichur,RAICHUR,-,-,-,-,-,-,-,-,15.94445300,77.41970900,07-02-2021 08:30,"","","","","",""
1926,TUNGABHADRA AT MANTHRALAYAM KURNOOL,CPCB,29,Karnataka,546,Raichur,RAICHUR,-,-,-,-,-,-,-,-,15.94445300,77.41970900,05-03-2021 08:30,"","","","","",""
1927,TUNGABHADRA AT NEW BRIDGE,CPCB,29,Karnataka,540,Haveri,RANIBENNUR,-,-,-,-,-,-,-,-,14.51427800,75.78569700,05-01-2021 08:30,"","","","","",""
1928,TUNGABHADRA AT NEW BRIDGE,CPCB,29,Karnataka,540,Haveri,RANIBENNUR,-,-,-,-,-,-,-,-,14.51427800,75.78569700,03-02-2021 08:30,"","","","","",""
1929,TUNGABHADRA AT NEW BRIDGE,CPCB,29,Karnataka,540,Haveri,RANIBENNUR,-,-,-,-,-,-,-,-,14.51427800,75.78569700,02-03-2021 08:30,"","","","","",""
1930,TUNGABHADRA AT ULLANUR,CPCB,29,Karnataka,543,Koppal,GANGAWATI,-,-,-,-,-,-,-,-,15.49484400,76.69241700,07-01-2021 08:30,"","","","","",""
1931,TUNGABHADRA AT ULLANUR,CPCB,29,Karnataka,543,Koppal,GANGAWATI,-,-,-,-,-,-,-,-,15.49484400,76.69241700,10-02-2021 08:30,"","","","","",""
1932,TUNGABHADRA AT ULLANUR,CPCB,29,Karnataka,543,Koppal,GANGAWATI,-,-,-,-,-,-,-,-,15.49484400,76.69241700,09-03-2021 08:30,"","","","","",""
1933,TUNGABHADRA AT U/S OF HPF,CPCB,29,Karnataka,540,Haveri,RANIBENNUR,-,-,-,-,-,-,-,-,14.51427800,75.78569700,05-01-2021 08:30,"","","","","",""
1934,TUNGABHADRA AT U/S OF HPF,CPCB,29,Karnataka,540,Haveri,RANIBENNUR,-,-,-,-,-,-,-,-,14.51427800,75.78569700,03-02-2021 08:30,"","","","","",""
1935,TUNGABHADRA AT U/S OF HPF,CPCB,29,Karnataka,540,Haveri,RANIBENNUR,-,-,-,-,-,-,-,-,14.51427800,75.78569700,02-03-2021 08:30,"","","","","",""
1936,TUNGABHADRA RIVER AT ARAVI,CPCB,29,Karnataka,540,Haveri,RANIBENNUR,-,-,-,-,-,-,-,-,14.58941200,75.80520900,05-01-2021 08:30,"","","","","",""
1937,TUNGABHADRA RIVER AT ARAVI,CPCB,29,Karnataka,540,Haveri,RANIBENNUR,-,-,-,-,-,-,-,-,14.58941200,75.80520900,03-02-2021 08:30,"","","","","",""
1938,TUNGABHADRA RIVER AT ARAVI,CPCB,29,Karnataka,540,Haveri,RANIBENNUR,-,-,-,-,-,-,-,-,14.58941200,75.80520900,02-03-2021 08:30,"","","","","",""
1939,TUNGABHADRA RIVER AT MYLARA,CPCB,29,Karnataka,528,Bellary,HADAGALLI,-,-,-,-,-,-,-,-,14.82601800,75.67404900,05-01-2021 08:30,"","","","","",""
1940,TUNGABHADRA RIVER AT MYLARA,CPCB,29,Karnataka,528,Bellary,HADAGALLI,-,-,-,-,-,-,-,-,14.82601800,75.67404900,03-02-2021 08:30,"","","","","",""
1941,TUNGABHADRA RIVER AT MYLARA,CPCB,29,Karnataka,528,Bellary,HADAGALLI,-,-,-,-,-,-,-,-,14.82601800,75.67404900,02-03-2021 08:30,"","","","","",""
1942,TUNGA RIVER U/S SHIVAMOGGA CITY,CPCB,29,Karnataka,532,Chikkamagaluru,Narasimharajapura,-,-,-,-,-,-,-,-,13.70286900,75.40420000,12-01-2021 08:30,"","","","","",""
1943,TUNGA RIVER U/S SHIVAMOGGA CITY,CPCB,29,Karnataka,532,Chikkamagaluru,Narasimharajapura,-,-,-,-,-,-,-,-,13.70286900,75.40420000,16-02-2021 08:30,"","","","","",""
1944,TUNGA RIVER U/S SHIVAMOGGA CITY,CPCB,29,Karnataka,532,Chikkamagaluru,Narasimharajapura,-,-,-,-,-,-,-,-,13.70286900,75.40420000,16-03-2021 08:30,"","","","","",""
1945,ULLALU LAKE,CPCB,29,Karnataka,525,Bangalore Urban,BANGALORE NORTH,-,-,-,-,-,-,-,-,12.96069200,77.48058000,05-01-2021 08:30,1504,"","","","",""
1946,ULLALU LAKE,CPCB,29,Karnataka,525,Bangalore Urban,BANGALORE NORTH,-,-,-,-,-,-,-,-,12.96069200,77.48058000,03-02-2021 08:30,785,"","","","",""
1947,ULLALU LAKE,CPCB,29,Karnataka,525,Bangalore Urban,BANGALORE NORTH,-,-,-,-,-,-,-,-,12.96069200,77.48058000,09-03-2021 08:30,1516,"","","","",""
1948,ULLALU LAKE,CPCB,29,Karnataka,525,Bangalore Urban,BANGALORE NORTH,-,-,-,-,-,-,-,-,12.96069200,77.48058000,05-04-2021 08:30,1561,"","","","",""
1949,ULLALU LAKE,CPCB,29,Karnataka,525,Bangalore Urban,BANGALORE NORTH,-,-,-,-,-,-,-,-,12.96069200,77.48058000,24-05-2021 08:30,1065,"","","","",""
1950,ULLALU LAKE,CPCB,29,Karnataka,525,Bangalore Urban,BANGALORE NORTH,-,-,-,-,-,-,-,-,12.96069200,77.48058000,08-06-2021 08:30,394,"","","","",""
1951,ULLALU LAKE,CPCB,29,Karnataka,525,Bangalore Urban,BANGALORE NORTH,-,-,-,-,-,-,-,-,12.96069200,77.48058000,26-07-2021 08:30,369,"","","","",""
1952,ULLALU LAKE,CPCB,29,Karnataka,525,Bangalore Urban,BANGALORE NORTH,-,-,-,-,-,-,-,-,12.96069200,77.48058000,10-08-2021 08:30,1138,"","","","",""
1953,ULLALU LAKE,CPCB,29,Karnataka,525,Bangalore Urban,BANGALORE NORTH,-,-,-,-,-,-,-,-,12.96069200,77.48058000,06-09-2021 08:30,1414,"","","","",""
1954,ULLALU LAKE,CPCB,29,Karnataka,525,Bangalore Urban,BANGALORE NORTH,-,-,-,-,-,-,-,-,12.96069200,77.48058000,11-10-2021 08:30,409,"","","","",""
1955,ULLALU LAKE,CPCB,29,Karnataka,525,Bangalore Urban,BANGALORE NORTH,-,-,-,-,-,-,-,-,12.96069200,77.48058000,16-11-2021 08:30,504,"","","","",""
1956,ULLALU LAKE,CPCB,29,Karnataka,525,Bangalore Urban,BANGALORE NORTH,-,-,-,-,-,-,-,-,12.96069200,77.48058000,07-12-2021 08:30,579,"","","","",""
1957,ULSOOR LAKE TRAINING CENTRE OF FISH BREEDING,CPCB,29,Karnataka,525,Bangalore Urban,BANGALORE NORTH,-,-,-,-,-,-,-,-,12.98326900,77.62000000,04-01-2021 08:30,570,"","","","",""
1958,ULSOOR LAKE TRAINING CENTRE OF FISH BREEDING,CPCB,29,Karnataka,525,Bangalore Urban,BANGALORE NORTH,-,-,-,-,-,-,-,-,12.98490700,77.61867000,04-01-2021 08:30,416,"","","","",""
1959,ULSOOR LAKE TRAINING CENTRE OF FISH BREEDING,CPCB,29,Karnataka,525,Bangalore Urban,BANGALORE NORTH,-,-,-,-,-,-,-,-,12.98490700,77.61867000,01-02-2021 08:30,397,"","","","",""
1960,ULSOOR LAKE TRAINING CENTRE OF FISH BREEDING,CPCB,29,Karnataka,525,Bangalore Urban,BANGALORE NORTH,-,-,-,-,-,-,-,-,12.98326900,77.62000000,01-02-2021 08:30,392,"","","","",""
1961,ULSOOR LAKE TRAINING CENTRE OF FISH BREEDING,CPCB,29,Karnataka,525,Bangalore Urban,BANGALORE NORTH,-,-,-,-,-,-,-,-,12.98326900,77.62000000,01-03-2021 08:30,373,"","","","",""
1962,ULSOOR LAKE TRAINING CENTRE OF FISH BREEDING,CPCB,29,Karnataka,525,Bangalore Urban,BANGALORE NORTH,-,-,-,-,-,-,-,-,12.98490700,77.61867000,01-03-2021 08:30,381,"","","","",""
1963,ULSOOR LAKE TRAINING CENTRE OF FISH BREEDING,CPCB,29,Karnataka,525,Bangalore Urban,BANGALORE NORTH,-,-,-,-,-,-,-,-,12.98326900,77.62000000,01-04-2021 08:30,425,"","","","",""
1964,ULSOOR LAKE TRAINING CENTRE OF FISH BREEDING,CPCB,29,Karnataka,525,Bangalore Urban,BANGALORE NORTH,-,-,-,-,-,-,-,-,12.98490700,77.61867000,01-04-2021 08:30,424,"","","","",""
1965,ULSOOR LAKE TRAINING CENTRE OF FISH BREEDING,CPCB,29,Karnataka,525,Bangalore Urban,BANGALORE NORTH,-,-,-,-,-,-,-,-,12.98326900,77.62000000,03-05-2021 08:30,400,"","","","",""
1966,ULSOOR LAKE TRAINING CENTRE OF FISH BREEDING,CPCB,29,Karnataka,525,Bangalore Urban,BANGALORE NORTH,-,-,-,-,-,-,-,-,12.98490700,77.61867000,03-05-2021 08:30,398,"","","","",""
1967,ULSOOR LAKE TRAINING CENTRE OF FISH BREEDING,CPCB,29,Karnataka,525,Bangalore Urban,BANGALORE NORTH,-,-,-,-,-,-,-,-,12.98490700,77.61867000,08-06-2021 08:30,363,"","","","",""
1968,ULSOOR LAKE TRAINING CENTRE OF FISH BREEDING,CPCB,29,Karnataka,525,Bangalore Urban,BANGALORE NORTH,-,-,-,-,-,-,-,-,12.98326900,77.62000000,08-06-2021 08:30,356,"","","","",""
1969,ULSOOR LAKE TRAINING CENTRE OF FISH BREEDING,CPCB,29,Karnataka,525,Bangalore Urban,BANGALORE NORTH,-,-,-,-,-,-,-,-,12.98326900,77.62000000,05-07-2021 08:30,335,"","","","",""
1970,ULSOOR LAKE TRAINING CENTRE OF FISH BREEDING,CPCB,29,Karnataka,525,Bangalore Urban,BANGALORE NORTH,-,-,-,-,-,-,-,-,12.98490700,77.61867000,05-07-2021 08:30,340,"","","","",""
1971,ULSOOR LAKE TRAINING CENTRE OF FISH BREEDING,CPCB,29,Karnataka,525,Bangalore Urban,BANGALORE NORTH,-,-,-,-,-,-,-,-,12.98326900,77.62000000,10-08-2021 08:30,463,"","","","",""
1972,ULSOOR LAKE TRAINING CENTRE OF FISH BREEDING,CPCB,29,Karnataka,525,Bangalore Urban,BANGALORE NORTH,-,-,-,-,-,-,-,-,12.98490700,77.61867000,10-08-2021 08:30,464,"","","","",""
1973,ULSOOR LAKE TRAINING CENTRE OF FISH BREEDING,CPCB,29,Karnataka,525,Bangalore Urban,BANGALORE NORTH,-,-,-,-,-,-,-,-,12.98326900,77.62000000,23-09-2021 08:30,412,"","","","",""
1974,ULSOOR LAKE TRAINING CENTRE OF FISH BREEDING,CPCB,29,Karnataka,525,Bangalore Urban,BANGALORE NORTH,-,-,-,-,-,-,-,-,12.98490700,77.61867000,23-09-2021 08:30,551,"","","","",""
1975,ULSOOR LAKE TRAINING CENTRE OF FISH BREEDING,CPCB,29,Karnataka,525,Bangalore Urban,BANGALORE NORTH,-,-,-,-,-,-,-,-,12.98490700,77.61867000,04-10-2021 08:30,348,"","","","",""
1976,ULSOOR LAKE TRAINING CENTRE OF FISH BREEDING,CPCB,29,Karnataka,525,Bangalore Urban,BANGALORE NORTH,-,-,-,-,-,-,-,-,12.98326900,77.62000000,04-10-2021 08:30,438,"","","","",""
1977,ULSOOR LAKE TRAINING CENTRE OF FISH BREEDING,CPCB,29,Karnataka,525,Bangalore Urban,BANGALORE NORTH,-,-,-,-,-,-,-,-,12.98490700,77.61867000,08-11-2021 08:30,254,"","","","",""
1978,ULSOOR LAKE TRAINING CENTRE OF FISH BREEDING,CPCB,29,Karnataka,525,Bangalore Urban,BANGALORE NORTH,-,-,-,-,-,-,-,-,12.98326900,77.62000000,08-11-2021 08:30,253,"","","","",""
1979,ULSOOR LAKE TRAINING CENTRE OF FISH BREEDING,CPCB,29,Karnataka,525,Bangalore Urban,BANGALORE NORTH,-,-,-,-,-,-,-,-,12.98326900,77.62000000,06-12-2021 08:30,260,"","","","",""
1980,ULSOOR LAKE TRAINING CENTRE OF FISH BREEDING,CPCB,29,Karnataka,525,Bangalore Urban,BANGALORE NORTH,-,-,-,-,-,-,-,-,12.98490700,77.61867000,06-12-2021 08:30,356,"","","","",""
1981,UNAKALKERE TANK,CPCB,29,Karnataka,536,Dharwad,DHARWAD,-,-,-,-,-,-,-,-,15.37720400,75.10949200,12-01-2021 08:30,985,"","","","",""
1982,UNAKALKERE TANK,CPCB,29,Karnataka,536,Dharwad,DHARWAD,-,-,-,-,-,-,-,-,15.37720400,75.10949200,10-02-2021 08:30,995,"","","","",""
1983,UNAKALKERE TANK,CPCB,29,Karnataka,536,Dharwad,DHARWAD,-,-,-,-,-,-,-,-,15.37720400,75.10949200,08-03-2021 08:30,980,"","","","",""
1984,UNAKALKERE TANK,CPCB,29,Karnataka,536,Dharwad,DHARWAD,-,-,-,-,-,-,-,-,15.37720400,75.10949200,15-04-2021 08:30,1008,"","","","",""
1985,UNAKALKERE TANK,CPCB,29,Karnataka,536,Dharwad,DHARWAD,-,-,-,-,-,-,-,-,15.37720400,75.10949200,17-05-2021 08:30,982,"","","","",""
1986,UNAKALKERE TANK,CPCB,29,Karnataka,536,Dharwad,DHARWAD,-,-,-,-,-,-,-,-,15.37720400,75.10949200,11-06-2021 08:30,1003,"","","","",""
1987,UNAKALKERE TANK,CPCB,29,Karnataka,536,Dharwad,DHARWAD,-,-,-,-,-,-,-,-,15.37720400,75.10949200,08-07-2021 08:30,961,"","","","",""
1988,UNAKALKERE TANK,CPCB,29,Karnataka,536,Dharwad,DHARWAD,-,-,-,-,-,-,-,-,15.37720400,75.10949200,11-08-2021 08:30,876,"","","","",""
1989,UNAKALKERE TANK,CPCB,29,Karnataka,536,Dharwad,DHARWAD,-,-,-,-,-,-,-,-,15.37720400,75.10949200,09-09-2021 08:30,951,"","","","",""
1990,UNAKALKERE TANK,CPCB,29,Karnataka,536,Dharwad,DHARWAD,-,-,-,-,-,-,-,-,15.37720400,75.10949200,12-10-2021 08:30,932,"","","","",""
1991,UNAKALKERE TANK,CPCB,29,Karnataka,536,Dharwad,DHARWAD,-,-,-,-,-,-,-,-,15.37720400,75.10949200,09-11-2021 08:30,972,"","","","",""
1992,UNAKALKERE TANK,CPCB,29,Karnataka,536,Dharwad,DHARWAD,-,-,-,-,-,-,-,-,15.37720400,75.10949200,14-12-2021 08:30,964,"","","","",""
1993,UTTARAHALLI DORAIKERE,CPCB,29,Karnataka,525,Bangalore Urban,BANGALORE SOUTH,-,-,-,-,-,-,-,-,12.90247400,77.54987200,05-01-2021 08:30,202,"","","","",""
1994,UTTARAHALLI DORAIKERE,CPCB,29,Karnataka,525,Bangalore Urban,BANGALORE SOUTH,-,-,-,-,-,-,-,-,12.90247400,77.54987200,03-02-2021 08:30,324,"","","","",""
1995,UTTARAHALLI DORAIKERE,CPCB,29,Karnataka,525,Bangalore Urban,BANGALORE SOUTH,-,-,-,-,-,-,-,-,12.90247400,77.54987200,09-03-2021 08:30,312,"","","","",""
1996,UTTARAHALLI DORAIKERE,CPCB,29,Karnataka,525,Bangalore Urban,BANGALORE SOUTH,-,-,-,-,-,-,-,-,12.90247400,77.54987200,05-04-2021 08:30,412,"","","","",""
1997,UTTARAHALLI DORAIKERE,CPCB,29,Karnataka,525,Bangalore Urban,BANGALORE SOUTH,-,-,-,-,-,-,-,-,12.90247400,77.54987200,24-05-2021 08:30,450,"","","","",""
1998,UTTARAHALLI DORAIKERE,CPCB,29,Karnataka,525,Bangalore Urban,BANGALORE SOUTH,-,-,-,-,-,-,-,-,12.90247400,77.54987200,08-06-2021 08:30,216,"","","","",""
1999,UTTARAHALLI DORAIKERE,CPCB,29,Karnataka,525,Bangalore Urban,BANGALORE SOUTH,-,-,-,-,-,-,-,-,12.90247400,77.54987200,26-07-2021 08:30,227,"","","","",""
2000,UTTARAHALLI DORAIKERE,CPCB,29,Karnataka,525,Bangalore Urban,BANGALORE SOUTH,-,-,-,-,-,-,-,-,12.90247400,77.54987200,10-08-2021 08:30,208,"","","","",""
2001,UTTARAHALLI DORAIKERE,CPCB,29,Karnataka,525,Bangalore Urban,BANGALORE SOUTH,-,-,-,-,-,-,-,-,12.90247400,77.54987200,06-09-2021 08:30,192,"","","","",""
2002,UTTARAHALLI DORAIKERE,CPCB,29,Karnataka,525,Bangalore Urban,BANGALORE SOUTH,-,-,-,-,-,-,-,-,12.90247400,77.54987200,11-10-2021 08:30,229,"","","","",""
2003,UTTARAHALLI DORAIKERE,CPCB,29,Karnataka,525,Bangalore Urban,BANGALORE SOUTH,-,-,-,-,-,-,-,-,12.90247400,77.54987200,16-11-2021 08:30,221,"","","","",""
2004,UTTARAHALLI DORAIKERE,CPCB,29,Karnataka,525,Bangalore Urban,BANGALORE SOUTH,-,-,-,-,-,-,-,-,12.90247400,77.54987200,07-12-2021 08:30,321,"","","","",""
2005,VARTHUR LAKE,CPCB,29,Karnataka,525,Bangalore Urban,BANGALORE EAST,-,-,-,-,-,-,-,-,12.94514600,77.74068000,12-01-2021 08:30,1252,"","","","",""
2006,VARTHUR LAKE,CPCB,29,Karnataka,525,Bangalore Urban,BANGALORE EAST,-,-,-,-,-,-,-,-,12.94514600,77.74068000,04-02-2021 08:30,1172,"","","","",""
2007,VARTHUR LAKE,CPCB,29,Karnataka,525,Bangalore Urban,BANGALORE EAST,-,-,-,-,-,-,-,-,12.94514600,77.74068000,04-03-2021 08:30,1126,"","","","",""
2008,VARTHUR LAKE,CPCB,29,Karnataka,525,Bangalore Urban,BANGALORE EAST,-,-,-,-,-,-,-,-,12.94514600,77.74068000,26-04-2021 08:30,1183,"","","","",""
2009,VARTHUR LAKE,CPCB,29,Karnataka,525,Bangalore Urban,BANGALORE EAST,-,-,-,-,-,-,-,-,12.94514600,77.74068000,05-05-2021 08:30,1347,"","","","",""
2010,VARTHUR LAKE,CPCB,29,Karnataka,525,Bangalore Urban,BANGALORE EAST,-,-,-,-,-,-,-,-,12.94514600,77.74068000,08-06-2021 08:30,1204,"","","","",""
2011,VARTHUR LAKE,CPCB,29,Karnataka,525,Bangalore Urban,BANGALORE EAST,-,-,-,-,-,-,-,-,12.94514600,77.74068000,14-07-2021 08:30,1003,"","","","",""
2012,VARTHUR LAKE,CPCB,29,Karnataka,525,Bangalore Urban,BANGALORE EAST,-,-,-,-,-,-,-,-,12.94514600,77.74068000,09-08-2021 08:30,1059,"","","","",""
2013,VARTHUR LAKE,CPCB,29,Karnataka,525,Bangalore Urban,BANGALORE EAST,-,-,-,-,-,-,-,-,12.94514600,77.74068000,07-09-2021 08:30,908,"","","","",""
2014,VARTHUR LAKE,CPCB,29,Karnataka,525,Bangalore Urban,BANGALORE EAST,-,-,-,-,-,-,-,-,12.94514600,77.74068000,25-10-2021 08:30,833,"","","","",""
2015,VARTHUR LAKE,CPCB,29,Karnataka,525,Bangalore Urban,BANGALORE EAST,-,-,-,-,-,-,-,-,12.94514600,77.74068000,17-11-2021 08:30,798,"","","","",""
2016,VARTHUR LAKE,CPCB,29,Karnataka,525,Bangalore Urban,BANGALORE EAST,-,-,-,-,-,-,-,-,12.94514600,77.74068000,17-12-2021 08:30,960,"","","","",""
2017,VEERAPURA TANK,CPCB,29,Karnataka,526,Bangalore Rural,DODBALLAPUR,-,-,-,-,-,-,-,-,13.25237700,77.53448200,21-01-2021 08:30,1719,"","","","",""
2018,VEERAPURA TANK,CPCB,29,Karnataka,526,Bangalore Rural,DODBALLAPUR,-,-,-,-,-,-,-,-,13.25237700,77.53448200,11-02-2021 08:30,1947,"","","","",""
2019,VEERAPURA TANK,CPCB,29,Karnataka,526,Bangalore Rural,DODBALLAPUR,-,-,-,-,-,-,-,-,13.25237700,77.53448200,05-03-2021 08:30,2671,"","","","",""
2020,VEERAPURA TANK,CPCB,29,Karnataka,526,Bangalore Rural,DODBALLAPUR,-,-,-,-,-,-,-,-,13.25237700,77.53448200,15-04-2021 08:30,5860,"","","","",""
2021,VEERAPURA TANK,CPCB,29,Karnataka,526,Bangalore Rural,DODBALLAPUR,-,-,-,-,-,-,-,-,13.25237700,77.53448200,16-06-2021 08:30,675,"","","","",""
2022,VEERAPURA TANK,CPCB,29,Karnataka,526,Bangalore Rural,DODBALLAPUR,-,-,-,-,-,-,-,-,13.25237700,77.53448200,12-07-2021 08:30,309,"","","","",""
2023,VEERAPURA TANK,CPCB,29,Karnataka,526,Bangalore Rural,DODBALLAPUR,-,-,-,-,-,-,-,-,13.25237700,77.53448200,17-08-2021 08:30,532,"","","","",""
2024,VEERAPURA TANK,CPCB,29,Karnataka,526,Bangalore Rural,DODBALLAPUR,-,-,-,-,-,-,-,-,13.25237700,77.53448200,13-09-2021 08:30,473,"","","","",""
2025,VEERAPURA TANK,CPCB,29,Karnataka,526,Bangalore Rural,DODBALLAPUR,-,-,-,-,-,-,-,-,13.25237700,77.53448200,11-10-2021 08:30,347,"","","","",""
2026,VEERAPURA TANK,CPCB,29,Karnataka,526,Bangalore Rural,DODBALLAPUR,-,-,-,-,-,-,-,-,13.25237700,77.53448200,17-11-2021 08:30,479,"","","","",""
2027,VEERAPURA TANK,CPCB,29,Karnataka,526,Bangalore Rural,DODBALLAPUR,-,-,-,-,-,-,-,-,13.25237700,77.53448200,20-12-2021 08:30,692,"","","","",""
2028,VENGAIHNAKERE,CPCB,29,Karnataka,525,Bangalore Urban,BANGALORE EAST,-,-,-,-,-,-,-,-,13.01691900,77.70057200,15-01-2021 08:30,1325,"","","","",""
2029,VENGAIHNAKERE,CPCB,29,Karnataka,525,Bangalore Urban,BANGALORE EAST,-,-,-,-,-,-,-,-,13.01691900,77.70057200,04-02-2021 08:30,1255,"","","","",""
2030,VENGAIHNAKERE,CPCB,29,Karnataka,525,Bangalore Urban,BANGALORE EAST,-,-,-,-,-,-,-,-,13.01691900,77.70057200,24-03-2021 08:30,1330,"","","","",""
2031,VENGAIHNAKERE,CPCB,29,Karnataka,525,Bangalore Urban,BANGALORE EAST,-,-,-,-,-,-,-,-,13.01691900,77.70057200,08-04-2021 08:30,1118,"","","","",""
2032,VENGAIHNAKERE,CPCB,29,Karnataka,525,Bangalore Urban,BANGALORE EAST,-,-,-,-,-,-,-,-,13.01691900,77.70057200,05-05-2021 08:30,1300,"","","","",""
2033,VENGAIHNAKERE,CPCB,29,Karnataka,525,Bangalore Urban,BANGALORE EAST,-,-,-,-,-,-,-,-,13.01691900,77.70057200,08-06-2021 08:30,1055,"","","","",""
2034,VENGAIHNAKERE,CPCB,29,Karnataka,525,Bangalore Urban,BANGALORE EAST,-,-,-,-,-,-,-,-,13.01691900,77.70057200,27-07-2021 08:30,690,"","","","",""
2035,VENGAIHNAKERE,CPCB,29,Karnataka,525,Bangalore Urban,BANGALORE EAST,-,-,-,-,-,-,-,-,13.01691900,77.70057200,24-08-2021 08:30,946,"","","","",""
2036,VENGAIHNAKERE,CPCB,29,Karnataka,525,Bangalore Urban,BANGALORE EAST,-,-,-,-,-,-,-,-,13.01691900,77.70057200,14-09-2021 08:30,988,"","","","",""
2037,VENGAIHNAKERE,CPCB,29,Karnataka,525,Bangalore Urban,BANGALORE EAST,-,-,-,-,-,-,-,-,13.01691900,77.70057200,05-10-2021 08:30,667,"","","","",""
2038,VENGAIHNAKERE,CPCB,29,Karnataka,525,Bangalore Urban,BANGALORE EAST,-,-,-,-,-,-,-,-,13.01691900,77.70057200,17-12-2021 08:30,1098,"","","","",""
2039,VENKATPUR RIVER NR KADIVINAKATTE DAM,CPCB,29,Karnataka,542,Kolar,KOLAR,-,-,-,-,-,-,-,-,14.01384900,74.55726700,27-01-2021 08:30,"","","","","",""
2040,VENKATPUR RIVER NR KADIVINAKATTE DAM,CPCB,29,Karnataka,542,Kolar,KOLAR,-,-,-,-,-,-,-,-,14.01384900,74.55726700,08-02-2021 08:30,"","","","","",""
2041,VENKATPUR RIVER NR KADIVINAKATTE DAM,CPCB,29,Karnataka,542,Kolar,KOLAR,-,-,-,-,-,-,-,-,14.01384900,74.55726700,10-03-2021 08:30,"","","","","",""
2042,VIMANABHUTHIKERE TANK,CPCB,29,Karnataka,525,Bangalore Urban,BANGALORE EAST,-,-,-,-,-,-,-,-,12.96783400,77.67426300,06-01-2021 08:30,290,"","","","",""
2043,VIMANABHUTHIKERE TANK,CPCB,29,Karnataka,525,Bangalore Urban,BANGALORE EAST,-,-,-,-,-,-,-,-,12.96783400,77.67426300,09-02-2021 08:30,164,"","","","",""
2044,VIMANABHUTHIKERE TANK,CPCB,29,Karnataka,525,Bangalore Urban,BANGALORE EAST,-,-,-,-,-,-,-,-,12.96783400,77.67426300,08-03-2021 08:30,118,"","","","",""
2045,VIMANABHUTHIKERE TANK,CPCB,29,Karnataka,525,Bangalore Urban,BANGALORE EAST,-,-,-,-,-,-,-,-,12.96783400,77.67426300,05-04-2021 08:30,100,"","","","",""
2046,VIMANABHUTHIKERE TANK,CPCB,29,Karnataka,525,Bangalore Urban,BANGALORE EAST,-,-,-,-,-,-,-,-,12.96783400,77.67426300,13-05-2021 08:30,102,"","","","",""
2047,VIMANABHUTHIKERE TANK,CPCB,29,Karnataka,525,Bangalore Urban,BANGALORE EAST,-,-,-,-,-,-,-,-,12.96783400,77.67426300,11-06-2021 08:30,124,"","","","",""
2048,VIMANABHUTHIKERE TANK,CPCB,29,Karnataka,525,Bangalore Urban,BANGALORE EAST,-,-,-,-,-,-,-,-,12.96783400,77.67426300,13-07-2021 08:30,122,"","","","",""
2049,VIMANABHUTHIKERE TANK,CPCB,29,Karnataka,525,Bangalore Urban,BANGALORE EAST,-,-,-,-,-,-,-,-,12.96783400,77.67426300,21-08-2021 08:30,92,"","","","",""
2050,VIMANABHUTHIKERE TANK,CPCB,29,Karnataka,525,Bangalore Urban,BANGALORE EAST,-,-,-,-,-,-,-,-,12.96783400,77.67426300,03-09-2021 08:30,110,"","","","",""
2051,VIMANABHUTHIKERE TANK,CPCB,29,Karnataka,525,Bangalore Urban,BANGALORE EAST,-,-,-,-,-,-,-,-,12.96783400,77.67426300,04-10-2021 08:30,98,"","","","",""
2052,VIMANABHUTHIKERE TANK,CPCB,29,Karnataka,525,Bangalore Urban,BANGALORE EAST,-,-,-,-,-,-,-,-,12.96783400,77.67426300,23-11-2021 08:30,98,"","","","",""
2053,VIMANABHUTHIKERE TANK,CPCB,29,Karnataka,525,Bangalore Urban,BANGALORE EAST,-,-,-,-,-,-,-,-,12.96783400,77.67426300,22-12-2021 08:30,144,"","","","",""
2054,WHITEFIELD KERE,CPCB,29,Karnataka,525,Bangalore Urban,BANGALORE EAST,-,-,-,-,-,-,-,-,12.96400000,77.74166700,04-02-2021 08:30,512,"","","","",""
2055,WHITEFIELD KERE,CPCB,29,Karnataka,525,Bangalore Urban,BANGALORE EAST,-,-,-,-,-,-,-,-,12.96400000,77.74166700,04-03-2021 08:30,594,"","","","",""
2056,WHITEFIELD KERE,CPCB,29,Karnataka,525,Bangalore Urban,BANGALORE EAST,-,-,-,-,-,-,-,-,12.96400000,77.74166700,26-04-2021 08:30,668,"","","","",""
2057,WHITEFIELD KERE,CPCB,29,Karnataka,525,Bangalore Urban,BANGALORE EAST,-,-,-,-,-,-,-,-,12.96400000,77.74166700,05-05-2021 08:30,889,"","","","",""
2058,WHITEFIELD KERE,CPCB,29,Karnataka,525,Bangalore Urban,BANGALORE EAST,-,-,-,-,-,-,-,-,12.96400000,77.74166700,08-06-2021 08:30,579,"","","","",""
2059,WHITEFIELD KERE,CPCB,29,Karnataka,525,Bangalore Urban,BANGALORE EAST,-,-,-,-,-,-,-,-,12.96400000,77.74166700,14-07-2021 08:30,512,"","","","",""
2060,WHITEFIELD KERE,CPCB,29,Karnataka,525,Bangalore Urban,BANGALORE EAST,-,-,-,-,-,-,-,-,12.96400000,77.74166700,09-08-2021 08:30,496,"","","","",""
2061,WHITEFIELD KERE,CPCB,29,Karnataka,525,Bangalore Urban,BANGALORE EAST,-,-,-,-,-,-,-,-,12.96400000,77.74166700,07-09-2021 08:30,507,"","","","",""
2062,WHITEFIELD KERE,CPCB,29,Karnataka,525,Bangalore Urban,BANGALORE EAST,-,-,-,-,-,-,-,-,12.96400000,77.74166700,25-10-2021 08:30,545,"","","","",""
2063,WHITEFIELD KERE,CPCB,29,Karnataka,525,Bangalore Urban,BANGALORE EAST,-,-,-,-,-,-,-,-,12.96400000,77.74166700,10-11-2021 08:30,664,"","","","",""
2064,WHITEFIELD KERE,CPCB,29,Karnataka,525,Bangalore Urban,BANGALORE EAST,-,-,-,-,-,-,-,-,12.96400000,77.74166700,17-12-2021 08:30,536,"","","","",""
2065,YAGACHI RIVER NEAR PUMPING STATION. HASSAN CITY,CPCB,29,Karnataka,539,Hassan,HASSAN,-,-,-,-,-,-,-,-,13.00681400,76.09955300,07-01-2021 08:30,"","","","","",""
2066,YAGACHI RIVER NEAR PUMPING STATION. HASSAN CITY,CPCB,29,Karnataka,539,Hassan,HASSAN,-,-,-,-,-,-,-,-,13.00681400,76.09955300,16-02-2021 08:30,"","","","","",""
2067,YAGACHI RIVER NEAR PUMPING STATION. HASSAN CITY,CPCB,29,Karnataka,539,Hassan,HASSAN,-,-,-,-,-,-,-,-,13.00681400,76.09955300,06-03-2021 08:30,"","","","","",""
2068,YEDIYUR LAKE,CPCB,29,Karnataka,525,Bangalore Urban,BANGALORE NORTH,-,-,-,-,-,-,-,-,12.93369700,77.57768900,06-01-2021 08:30,201,"","","","",""
2069,YEDIYUR LAKE,CPCB,29,Karnataka,525,Bangalore Urban,BANGALORE NORTH,-,-,-,-,-,-,-,-,12.93369700,77.57768900,15-02-2021 08:30,206,"","","","",""
2070,YEDIYUR LAKE,CPCB,29,Karnataka,525,Bangalore Urban,BANGALORE NORTH,-,-,-,-,-,-,-,-,12.93369700,77.57768900,01-03-2021 08:30,225,"","","","",""
2071,YEDIYUR LAKE,CPCB,29,Karnataka,525,Bangalore Urban,BANGALORE NORTH,-,-,-,-,-,-,-,-,12.93369700,77.57768900,06-04-2021 08:30,233,"","","","",""
2072,YEDIYUR LAKE,CPCB,29,Karnataka,525,Bangalore Urban,BANGALORE NORTH,-,-,-,-,-,-,-,-,12.93369700,77.57768900,06-05-2021 08:30,252,"","","","",""
2073,YEDIYUR LAKE,CPCB,29,Karnataka,525,Bangalore Urban,BANGALORE NORTH,-,-,-,-,-,-,-,-,12.93369700,77.57768900,14-06-2021 08:30,219,"","","","",""
2074,YEDIYUR LAKE,CPCB,29,Karnataka,525,Bangalore Urban,BANGALORE NORTH,-,-,-,-,-,-,-,-,12.93369700,77.57768900,27-07-2021 08:30,315,"","","","",""
2075,YEDIYUR LAKE,CPCB,29,Karnataka,525,Bangalore Urban,BANGALORE NORTH,-,-,-,-,-,-,-,-,12.93369700,77.57768900,16-08-2021 08:30,241,"","","","",""
2076,YEDIYUR LAKE,CPCB,29,Karnataka,525,Bangalore Urban,BANGALORE NORTH,-,-,-,-,-,-,-,-,12.93369700,77.57768900,06-09-2021 08:30,334,"","","","",""
2077,YEDIYUR LAKE,CPCB,29,Karnataka,525,Bangalore Urban,BANGALORE NORTH,-,-,-,-,-,-,-,-,12.93369700,77.57768900,07-10-2021 08:30,208,"","","","",""
2078,YEDIYUR LAKE,CPCB,29,Karnataka,525,Bangalore Urban,BANGALORE NORTH,-,-,-,-,-,-,-,-,12.93369700,77.57768900,19-11-2021 08:30,261,"","","","",""
2079,YEDIYUR LAKE,CPCB,29,Karnataka,525,Bangalore Urban,BANGALORE NORTH,-,-,-,-,-,-,-,-,12.93369700,77.57768900,06-12-2021 08:30,244,"","","","",""
2080,YELAHANKA TANK,CPCB,29,Karnataka,525,Bangalore Urban,BANGALORE NORTH,-,-,-,-,-,-,-,-,13.11094400,77.59623200,06-01-2021 08:30,865,"","","","",""
2081,YELAHANKA TANK,CPCB,29,Karnataka,525,Bangalore Urban,BANGALORE NORTH,-,-,-,-,-,-,-,-,13.11094400,77.59623200,09-02-2021 08:30,512,"","","","",""
2082,YELAHANKA TANK,CPCB,29,Karnataka,525,Bangalore Urban,BANGALORE NORTH,-,-,-,-,-,-,-,-,13.11094400,77.59623200,04-03-2021 08:30,538,"","","","",""
2083,YELAHANKA TANK,CPCB,29,Karnataka,525,Bangalore Urban,BANGALORE NORTH,-,-,-,-,-,-,-,-,13.11094400,77.59623200,06-04-2021 08:30,1120,"","","","",""
2084,YELAHANKA TANK,CPCB,29,Karnataka,525,Bangalore Urban,BANGALORE NORTH,-,-,-,-,-,-,-,-,13.11094400,77.59623200,17-05-2021 08:30,1098,"","","","",""
2085,YELAHANKA TANK,CPCB,29,Karnataka,525,Bangalore Urban,BANGALORE NORTH,-,-,-,-,-,-,-,-,13.11094400,77.59623200,08-06-2021 08:30,573,"","","","",""
2086,YELAHANKA TANK,CPCB,29,Karnataka,525,Bangalore Urban,BANGALORE NORTH,-,-,-,-,-,-,-,-,13.11094400,77.59623200,08-07-2021 08:30,579,"","","","",""
2087,YELAHANKA TANK,CPCB,29,Karnataka,525,Bangalore Urban,BANGALORE NORTH,-,-,-,-,-,-,-,-,13.11094400,77.59623200,03-08-2021 08:30,844,"","","","",""
2088,YELAHANKA TANK,CPCB,29,Karnataka,525,Bangalore Urban,BANGALORE NORTH,-,-,-,-,-,-,-,-,13.11094400,77.59623200,02-09-2021 08:30,557,"","","","",""
2089,YELAHANKA TANK,CPCB,29,Karnataka,525,Bangalore Urban,BANGALORE NORTH,-,-,-,-,-,-,-,-,13.11094400,77.59623200,11-10-2021 08:30,976,"","","","",""
2090,YELAHANKA TANK,CPCB,29,Karnataka,525,Bangalore Urban,BANGALORE NORTH,-,-,-,-,-,-,-,-,13.11094400,77.59623200,09-11-2021 08:30,785,"","","","",""
2091,YELAHANKA TANK,CPCB,29,Karnataka,525,Bangalore Urban,BANGALORE NORTH,-,-,-,-,-,-,-,-,13.11094400,77.59623200,08-12-2021 08:30,585,"","","","",""
2092,YELLAMALLAPPA TANK,CPCB,29,Karnataka,527,Belgaum,PARASGAD,-,-,-,-,-,-,-,-,15.75531900,75.15046000,15-01-2021 08:30,1600,"","","","",""
2093,YELLAMALLAPPA TANK,CPCB,29,Karnataka,527,Belgaum,PARASGAD,-,-,-,-,-,-,-,-,15.75531900,75.15046000,04-02-2021 08:30,1321,"","","","",""
2094,YELLAMALLAPPA TANK,CPCB,29,Karnataka,527,Belgaum,PARASGAD,-,-,-,-,-,-,-,-,15.75531900,75.15046000,24-03-2021 08:30,1570,"","","","",""
2095,YELLAMALLAPPA TANK,CPCB,29,Karnataka,527,Belgaum,PARASGAD,-,-,-,-,-,-,-,-,15.75531900,75.15046000,08-04-2021 08:30,1658,"","","","",""
2096,YELLAMALLAPPA TANK,CPCB,29,Karnataka,527,Belgaum,PARASGAD,-,-,-,-,-,-,-,-,15.75531900,75.15046000,05-05-2021 08:30,1194,"","","","",""
2097,YELLAMALLAPPA TANK,CPCB,29,Karnataka,527,Belgaum,PARASGAD,-,-,-,-,-,-,-,-,15.75531900,75.15046000,08-06-2021 08:30,1062,"","","","",""
2098,YELLAMALLAPPA TANK,CPCB,29,Karnataka,527,Belgaum,PARASGAD,-,-,-,-,-,-,-,-,15.75531900,75.15046000,27-07-2021 08:30,1199,"","","","",""
2099,YELLAMALLAPPA TANK,CPCB,29,Karnataka,527,Belgaum,PARASGAD,-,-,-,-,-,-,-,-,15.75531900,75.15046000,24-08-2021 08:30,887,"","","","",""
2100,YELLAMALLAPPA TANK,CPCB,29,Karnataka,527,Belgaum,PARASGAD,-,-,-,-,-,-,-,-,15.75531900,75.15046000,14-09-2021 08:30,1053,"","","","",""
2101,YELLAMALLAPPA TANK,CPCB,29,Karnataka,527,Belgaum,PARASGAD,-,-,-,-,-,-,-,-,15.75531900,75.15046000,05-10-2021 08:30,1044,"","","","",""
2102,YELLAMALLAPPA TANK,CPCB,29,Karnataka,527,Belgaum,PARASGAD,-,-,-,-,-,-,-,-,15.75531900,75.15046000,10-11-2021 08:30,1791,"","","","",""
2103,YELLAMALLAPPA TANK,CPCB,29,Karnataka,527,Belgaum,PARASGAD,-,-,-,-,-,-,-,-,15.75531900,75.15046000,13-12-2021 08:30,1730,"","","","",""
2104,YENNEHOLE LAKE,CPCB,29,Karnataka,549,Udupi,KARKAL,-,-,-,-,-,-,-,-,13.29719400,74.98450600,07-01-2021 08:30,1037,"","","","",""
2105,YENNEHOLE LAKE,CPCB,29,Karnataka,549,Udupi,KARKAL,-,-,-,-,-,-,-,-,13.29719400,74.98450600,18-02-2021 08:30,1158,"","","","",""
2106,YENNEHOLE LAKE,CPCB,29,Karnataka,549,Udupi,KARKAL,-,-,-,-,-,-,-,-,13.29719400,74.98450600,08-03-2021 08:30,1156,"","","","",""
2107,YENNEHOLE LAKE,CPCB,29,Karnataka,549,Udupi,KARKAL,-,-,-,-,-,-,-,-,13.29719400,74.98450600,17-04-2021 08:30,1252,"","","","",""
2108,YENNEHOLE LAKE,CPCB,29,Karnataka,549,Udupi,KARKAL,-,-,-,-,-,-,-,-,13.29719400,74.98450600,07-05-2021 08:30,1014,"","","","",""
2109,YENNEHOLE LAKE,CPCB,29,Karnataka,549,Udupi,KARKAL,-,-,-,-,-,-,-,-,13.29719400,74.98450600,15-06-2021 08:30,890,"","","","",""
2110,YENNEHOLE LAKE,CPCB,29,Karnataka,549,Udupi,KARKAL,-,-,-,-,-,-,-,-,13.29719400,74.98450600,22-07-2021 08:30,993,"","","","",""
2111,YENNEHOLE LAKE,CPCB,29,Karnataka,549,Udupi,KARKAL,-,-,-,-,-,-,-,-,13.29719400,74.98450600,10-08-2021 08:30,982,"","","","",""
2112,YENNEHOLE LAKE,CPCB,29,Karnataka,549,Udupi,KARKAL,-,-,-,-,-,-,-,-,13.29719400,74.98450600,04-09-2021 08:30,920,"","","","",""
2113,YENNEHOLE LAKE,CPCB,29,Karnataka,549,Udupi,KARKAL,-,-,-,-,-,-,-,-,13.29719400,74.98450600,22-10-2021 08:30,748,"","","","",""
2114,YENNEHOLE LAKE,CPCB,29,Karnataka,549,Udupi,KARKAL,-,-,-,-,-,-,-,-,13.29719400,74.98450600,18-11-2021 08:30,742,"","","","",""
2115,YENNEHOLE LAKE,CPCB,29,Karnataka,549,Udupi,KARKAL,-,-,-,-,-,-,-,-,13.29719400,74.98450600,28-12-2021 08:30,1174,"","","","",""
