<?xml version="1.0" encoding="utf-8" ?>
<kml xmlns="http://www.opengis.net/kml/2.2">
<Document id="root_doc">
<Schema name="wb_sac_ch" id="wb_sac_ch">
	<SimpleField name="Name" type="string"></SimpleField>
	<SimpleField name="id" type="int"></SimpleField>
	<SimpleField name="objectid_1" type="float"></SimpleField>
	<SimpleField name="wetcode" type="int"></SimpleField>
	<SimpleField name="wetname" type="string"></SimpleField>
	<SimpleField name="aqveg" type="string"></SimpleField>
	<SimpleField name="turbidity" type="string"></SimpleField>
	<SimpleField name="level_i" type="string"></SimpleField>
	<SimpleField name="level_ii" type="string"></SimpleField>
	<SimpleField name="l4type" type="string"></SimpleField>
	<SimpleField name="area_ha" type="float"></SimpleField>
	<SimpleField name="remarks" type="string"></SimpleField>
	<SimpleField name="lat" type="float"></SimpleField>
	<SimpleField name="long" type="float"></SimpleField>
	<SimpleField name="state" type="string"></SimpleField>
	<SimpleField name="shape_length" type="float"></SimpleField>
	<SimpleField name="shape_area" type="float"></SimpleField>
	<SimpleField name="ds_name" type="string"></SimpleField>
	<SimpleField name="src_agency" type="string"></SimpleField>
</Schema>
<Folder><name>wb_sac_ch</name>
  <Placemark>
	<name>Tank/Pond</name>
	<Style><LineStyle><color>ff0000ff</color></LineStyle><PolyStyle><fill>0</fill></PolyStyle></Style>
	<ExtendedData><SchemaData schemaUrl="#wb_sac_ch">
		<SimpleData name="id">4</SimpleData>
		<SimpleData name="objectid_1">4</SimpleData>
		<SimpleData name="wetcode">1202</SimpleData>
		<SimpleData name="wetname">Water Treatment Plant</SimpleData>
		<SimpleData name="aqveg">No</SimpleData>
		<SimpleData name="turbidity">Moderate</SimpleData>
		<SimpleData name="level_i">Inland</SimpleData>
		<SimpleData name="level_ii">Man-made</SimpleData>
		<SimpleData name="l4type">Industrial</SimpleData>
		<SimpleData name="area_ha">1.65672468900208</SimpleData>
		<SimpleData name="remarks"></SimpleData>
		<SimpleData name="lat">30.7478502239</SimpleData>
		<SimpleData name="long">76.7275783251</SimpleData>
		<SimpleData name="state">Chandigarh</SimpleData>
		<SimpleData name="shape_length">515.170211253638</SimpleData>
		<SimpleData name="shape_area">16567.2468900208</SimpleData>
		<SimpleData name="ds_name">Hydrological Layer</SimpleData>
		<SimpleData name="src_agency">SAC N</SimpleData>
	</SchemaData></ExtendedData>
      <MultiGeometry><Polygon><outerBoundaryIs><LinearRing><coordinates>76.7285390757056,30.7477442085363 76.7273690113621,30.7470196696915 76.7266499971398,30.7479964014263 76.7277376060601,30.7486648969403 76.7285390757056,30.7477442085363</coordinates></LinearRing></outerBoundaryIs></Polygon></MultiGeometry>
  </Placemark>
  <Placemark>
	<name>Tank/Pond</name>
	<Style><LineStyle><color>ff0000ff</color></LineStyle><PolyStyle><fill>0</fill></PolyStyle></Style>
	<ExtendedData><SchemaData schemaUrl="#wb_sac_ch">
		<SimpleData name="id">10</SimpleData>
		<SimpleData name="objectid_1">10</SimpleData>
		<SimpleData name="wetcode">1202</SimpleData>
		<SimpleData name="wetname"></SimpleData>
		<SimpleData name="aqveg">No</SimpleData>
		<SimpleData name="turbidity">Moderate</SimpleData>
		<SimpleData name="level_i">Inland</SimpleData>
		<SimpleData name="level_ii">Man-made</SimpleData>
		<SimpleData name="l4type">Urban</SimpleData>
		<SimpleData name="area_ha">0.436916415488394</SimpleData>
		<SimpleData name="remarks"></SimpleData>
		<SimpleData name="lat">30.7739393643</SimpleData>
		<SimpleData name="long">76.7719376965</SimpleData>
		<SimpleData name="state">Chandigarh</SimpleData>
		<SimpleData name="shape_length">241.956829623975</SimpleData>
		<SimpleData name="shape_area">4369.16415488394</SimpleData>
		<SimpleData name="ds_name">Hydrological Layer</SimpleData>
		<SimpleData name="src_agency">SAC N</SimpleData>
	</SchemaData></ExtendedData>
      <MultiGeometry><Polygon><outerBoundaryIs><LinearRing><coordinates>76.7720552548824,30.7736826609892 76.7718883336295,30.7736430991763 76.7717621002748,30.773652687715 76.7716283925144,30.7736802582318 76.7715430071064,30.7737329585072 76.771498310426,30.7738348093237 76.7715146479919,30.774010386897 76.7715953834535,30.7741328506922 76.7717335224336,30.774202059513 76.7719215904238,30.7742359971316 76.7721177761464,30.7742277916035 76.772266598599,30.7741582171172 76.7723314780263,30.7740869817752 76.7724043145827,30.7739796447991 76.7724207087884,30.7738893192899 76.7723391712335,30.7737970581285 76.7721597022173,30.7737028584272 76.7720552548824,30.7736826609892</coordinates></LinearRing></outerBoundaryIs></Polygon></MultiGeometry>
  </Placemark>
  <Placemark>
	<name>Tank/Pond</name>
	<Style><LineStyle><color>ff0000ff</color></LineStyle><PolyStyle><fill>0</fill></PolyStyle></Style>
	<ExtendedData><SchemaData schemaUrl="#wb_sac_ch">
		<SimpleData name="id">1</SimpleData>
		<SimpleData name="objectid_1">1</SimpleData>
		<SimpleData name="wetcode">1202</SimpleData>
		<SimpleData name="wetname"></SimpleData>
		<SimpleData name="aqveg">Yes</SimpleData>
		<SimpleData name="turbidity">Moderate</SimpleData>
		<SimpleData name="level_i">Inland</SimpleData>
		<SimpleData name="level_ii">Man-made</SimpleData>
		<SimpleData name="l4type">Urban</SimpleData>
		<SimpleData name="area_ha">1.12594945523399</SimpleData>
		<SimpleData name="remarks"></SimpleData>
		<SimpleData name="lat">30.6727079689</SimpleData>
		<SimpleData name="long">76.7748548048</SimpleData>
		<SimpleData name="state">Chandigarh</SimpleData>
		<SimpleData name="shape_length">439.656039098154</SimpleData>
		<SimpleData name="shape_area">11259.4945523399</SimpleData>
		<SimpleData name="ds_name">Hydrological Layer</SimpleData>
		<SimpleData name="src_agency">SAC N</SimpleData>
	</SchemaData></ExtendedData>
      <MultiGeometry><Polygon><outerBoundaryIs><LinearRing><coordinates>76.7746310491819,30.6721759122961 76.7744805563294,30.6720751745208 76.7743953311873,30.6721018659446 76.7742520071793,30.6728255518354 76.7741027874826,30.6730851735153 76.7743584022085,30.6731224894517 76.7746357900802,30.6731903092044 76.7749123057515,30.6732104009372 76.7751182734148,30.673147912264 76.7753224955292,30.6729899682091 76.7754997635002,30.6728681964816 76.7756343103236,30.6726754005705 76.7756590792313,30.6725199083754 76.775657551556,30.6724363857298 76.7754494030465,30.6723795565809 76.7752007153867,30.6723710207262 76.7749518098902,30.6723505528177 76.7747848538408,30.672281225218 76.7746310491819,30.6721759122961</coordinates></LinearRing></outerBoundaryIs></Polygon></MultiGeometry>
  </Placemark>
  <Placemark>
	<name>Tank/Pond</name>
	<Style><LineStyle><color>ff0000ff</color></LineStyle><PolyStyle><fill>0</fill></PolyStyle></Style>
	<ExtendedData><SchemaData schemaUrl="#wb_sac_ch">
		<SimpleData name="id">2</SimpleData>
		<SimpleData name="objectid_1">2</SimpleData>
		<SimpleData name="wetcode">1202</SimpleData>
		<SimpleData name="wetname"></SimpleData>
		<SimpleData name="aqveg">Yes</SimpleData>
		<SimpleData name="turbidity">Moderate</SimpleData>
		<SimpleData name="level_i">Inland</SimpleData>
		<SimpleData name="level_ii">Man-made</SimpleData>
		<SimpleData name="l4type">Urban</SimpleData>
		<SimpleData name="area_ha">0.74581354324868</SimpleData>
		<SimpleData name="remarks"></SimpleData>
		<SimpleData name="lat">30.7435727901</SimpleData>
		<SimpleData name="long">76.7062234487</SimpleData>
		<SimpleData name="state">Chandigarh</SimpleData>
		<SimpleData name="shape_length">467.749273737203</SimpleData>
		<SimpleData name="shape_area">7458.1354324868</SimpleData>
		<SimpleData name="ds_name">Hydrological Layer</SimpleData>
		<SimpleData name="src_agency">SAC N</SimpleData>
	</SchemaData></ExtendedData>
      <MultiGeometry><Polygon><outerBoundaryIs><LinearRing><coordinates>76.7066298170216,30.7432417566502 76.7066114721239,30.7431417446496 76.7065449101958,30.743128299488 76.7064286167406,30.7431155074412 76.7063295316954,30.7431382923179 76.7061975452411,30.7431758340598 76.7060570163345,30.7431991660124 76.7058582134617,30.7432089402108 76.7056190443868,30.7431844227016 76.7053587503335,30.7430937703575 76.705354571452,30.7430914428081 76.7056642212388,30.7434020462256 76.7060509123381,30.7438122280942 76.7064272364376,30.7442088327928 76.7065057867328,30.7443690522423 76.7065754250868,30.7445110918237 76.70656738199,30.7444026527985 76.7065637213273,30.7441950337157 76.7065927097386,30.7439583412308 76.7066103422918,30.7438291186187 76.7066109521787,30.7436635077731 76.7066114870204,30.7435182561907 76.7066229169336,30.7433206184028 76.7066298170216,30.7432417566502</coordinates></LinearRing></outerBoundaryIs></Polygon></MultiGeometry>
  </Placemark>
  <Placemark>
	<name>Tank/Pond</name>
	<Style><LineStyle><color>ff0000ff</color></LineStyle><PolyStyle><fill>0</fill></PolyStyle></Style>
	<ExtendedData><SchemaData schemaUrl="#wb_sac_ch">
		<SimpleData name="id">3</SimpleData>
		<SimpleData name="objectid_1">3</SimpleData>
		<SimpleData name="wetcode">1202</SimpleData>
		<SimpleData name="wetname"></SimpleData>
		<SimpleData name="aqveg">No</SimpleData>
		<SimpleData name="turbidity">Moderate</SimpleData>
		<SimpleData name="level_i">Inland</SimpleData>
		<SimpleData name="level_ii">Man-made</SimpleData>
		<SimpleData name="l4type">Urban</SimpleData>
		<SimpleData name="area_ha">0.0267845845380469</SimpleData>
		<SimpleData name="remarks"></SimpleData>
		<SimpleData name="lat">30.7879303349</SimpleData>
		<SimpleData name="long">76.7587960162</SimpleData>
		<SimpleData name="state">Chandigarh</SimpleData>
		<SimpleData name="shape_length">79.1412948910121</SimpleData>
		<SimpleData name="shape_area">267.845845380469</SimpleData>
		<SimpleData name="ds_name">Hydrological Layer</SimpleData>
		<SimpleData name="src_agency">SAC N</SimpleData>
	</SchemaData></ExtendedData>
      <MultiGeometry><Polygon><outerBoundaryIs><LinearRing><coordinates>76.758829670206,30.7878828173419 76.7587213488387,30.7878556439979 76.7586079701885,30.7878571822494 76.7587182038118,30.7879397421427 76.7587382078708,30.787954726014 76.7589226929351,30.7880411917808 76.7589231000093,30.7880032828337 76.7588965285813,30.7879105529418 76.758829670206,30.7878828173419</coordinates></LinearRing></outerBoundaryIs></Polygon></MultiGeometry>
  </Placemark>
  <Placemark>
	<name>Tank/Pond</name>
	<Style><LineStyle><color>ff0000ff</color></LineStyle><PolyStyle><fill>0</fill></PolyStyle></Style>
	<ExtendedData><SchemaData schemaUrl="#wb_sac_ch">
		<SimpleData name="id">5</SimpleData>
		<SimpleData name="objectid_1">5</SimpleData>
		<SimpleData name="wetcode">1202</SimpleData>
		<SimpleData name="wetname">Water Treatment Plant</SimpleData>
		<SimpleData name="aqveg">No</SimpleData>
		<SimpleData name="turbidity">Moderate</SimpleData>
		<SimpleData name="level_i">Inland</SimpleData>
		<SimpleData name="level_ii">Man-made</SimpleData>
		<SimpleData name="l4type">Industrial</SimpleData>
		<SimpleData name="area_ha">8.59757385985186</SimpleData>
		<SimpleData name="remarks"></SimpleData>
		<SimpleData name="lat">30.7521341466</SimpleData>
		<SimpleData name="long">76.7277045732</SimpleData>
		<SimpleData name="state">Chandigarh</SimpleData>
		<SimpleData name="shape_length">1575.94509640796</SimpleData>
		<SimpleData name="shape_area">85975.7385985186</SimpleData>
		<SimpleData name="ds_name">Hydrological Layer</SimpleData>
		<SimpleData name="src_agency">SAC N</SimpleData>
	</SchemaData></ExtendedData>
      <MultiGeometry><Polygon><outerBoundaryIs><LinearRing><coordinates>76.7258570537738,30.7501598238645 76.7252998286299,30.7498041499629 76.7245404465524,30.7507196210429 76.728161350202,30.7532036948146 76.7299812932991,30.7544851674147 76.7308065256276,30.75346221434 76.7272327281697,30.7510456283068 76.7258570537738,30.7501598238645</coordinates></LinearRing></outerBoundaryIs></Polygon></MultiGeometry>
  </Placemark>
  <Placemark>
	<name>Tank/Pond</name>
	<Style><LineStyle><color>ff0000ff</color></LineStyle><PolyStyle><fill>0</fill></PolyStyle></Style>
	<ExtendedData><SchemaData schemaUrl="#wb_sac_ch">
		<SimpleData name="id">6</SimpleData>
		<SimpleData name="objectid_1">6</SimpleData>
		<SimpleData name="wetcode">1202</SimpleData>
		<SimpleData name="wetname">Water Treatment Plant</SimpleData>
		<SimpleData name="aqveg">No</SimpleData>
		<SimpleData name="turbidity">Moderate</SimpleData>
		<SimpleData name="level_i">Inland</SimpleData>
		<SimpleData name="level_ii">Man-made</SimpleData>
		<SimpleData name="l4type">Industrial</SimpleData>
		<SimpleData name="area_ha">0.888795961059627</SimpleData>
		<SimpleData name="remarks"></SimpleData>
		<SimpleData name="lat">30.7519867968</SimpleData>
		<SimpleData name="long">76.7241731634</SimpleData>
		<SimpleData name="state">Chandigarh</SimpleData>
		<SimpleData name="shape_length">377.397263658969</SimpleData>
		<SimpleData name="shape_area">8887.95961059627</SimpleData>
		<SimpleData name="ds_name">Hydrological Layer</SimpleData>
		<SimpleData name="src_agency">SAC N</SimpleData>
	</SchemaData></ExtendedData>
      <MultiGeometry><Polygon><outerBoundaryIs><LinearRing><coordinates>76.7248615710914,30.7518743573782 76.7240348344737,30.7513923962783 76.7234852493637,30.752052197745 76.724296048116,30.7526063638367 76.7248615710914,30.7518743573782</coordinates></LinearRing></outerBoundaryIs></Polygon></MultiGeometry>
  </Placemark>
  <Placemark>
	<name>Tank/Pond</name>
	<Style><LineStyle><color>ff0000ff</color></LineStyle><PolyStyle><fill>0</fill></PolyStyle></Style>
	<ExtendedData><SchemaData schemaUrl="#wb_sac_ch">
		<SimpleData name="id">16</SimpleData>
		<SimpleData name="objectid_1">16</SimpleData>
		<SimpleData name="wetcode">1202</SimpleData>
		<SimpleData name="wetname"></SimpleData>
		<SimpleData name="aqveg">No</SimpleData>
		<SimpleData name="turbidity">Moderate</SimpleData>
		<SimpleData name="level_i">Inland</SimpleData>
		<SimpleData name="level_ii">Man-made</SimpleData>
		<SimpleData name="l4type">Urban</SimpleData>
		<SimpleData name="area_ha">0.290370304646826</SimpleData>
		<SimpleData name="remarks"></SimpleData>
		<SimpleData name="lat">30.7319674166</SimpleData>
		<SimpleData name="long">76.841336001</SimpleData>
		<SimpleData name="state">Chandigarh</SimpleData>
		<SimpleData name="shape_length">198.919399889598</SimpleData>
		<SimpleData name="shape_area">2903.70304646826</SimpleData>
		<SimpleData name="ds_name">Hydrological Layer</SimpleData>
		<SimpleData name="src_agency">SAC N</SimpleData>
	</SchemaData></ExtendedData>
      <MultiGeometry><Polygon><outerBoundaryIs><LinearRing><coordinates>76.8412801157047,30.7316464981911 76.8411921004003,30.7316411668338 76.8411330782137,30.7316509020762 76.8410984779132,30.731690120423 76.8410791549144,30.7317876556956 76.8410749211157,30.7319507544398 76.8410879404427,30.7320960576724 76.8411158998013,30.7321509928251 76.8411769532474,30.7322247005013 76.8412433316657,30.7322549971892 76.8413647248269,30.732268227056 76.841452928752,30.7322663089986 76.8415251024478,30.7322350713227 76.8416154699523,30.7321497906167 76.8416429012259,30.7320632909347 76.8416284701721,30.7319723558055 76.8415856103452,30.7318446070528 76.8413923637857,30.7316885609732 76.8413342834313,30.7316620515163 76.8412801157047,30.7316464981911</coordinates></LinearRing></outerBoundaryIs></Polygon></MultiGeometry>
  </Placemark>
  <Placemark>
	<name>Tank/Pond</name>
	<Style><LineStyle><color>ff0000ff</color></LineStyle><PolyStyle><fill>0</fill></PolyStyle></Style>
	<ExtendedData><SchemaData schemaUrl="#wb_sac_ch">
		<SimpleData name="id">18</SimpleData>
		<SimpleData name="objectid_1">18</SimpleData>
		<SimpleData name="wetcode">1202</SimpleData>
		<SimpleData name="wetname"></SimpleData>
		<SimpleData name="aqveg">No</SimpleData>
		<SimpleData name="turbidity">Moderate</SimpleData>
		<SimpleData name="level_i">Inland</SimpleData>
		<SimpleData name="level_ii">Man-made</SimpleData>
		<SimpleData name="l4type">Urban</SimpleData>
		<SimpleData name="area_ha">0.722862591563782</SimpleData>
		<SimpleData name="remarks"></SimpleData>
		<SimpleData name="lat">30.7567141454</SimpleData>
		<SimpleData name="long">76.8283195019</SimpleData>
		<SimpleData name="state">Chandigarh</SimpleData>
		<SimpleData name="shape_length">306.313405932097</SimpleData>
		<SimpleData name="shape_area">7228.62591563782</SimpleData>
		<SimpleData name="ds_name">Hydrological Layer</SimpleData>
		<SimpleData name="src_agency">SAC N</SimpleData>
	</SchemaData></ExtendedData>
      <MultiGeometry><Polygon><outerBoundaryIs><LinearRing><coordinates>76.8285250750096,30.7563083668359 76.828382677485,30.7562947201659 76.8282186347025,30.7563060346779 76.828091605919,30.7563470772816 76.8279846138925,30.7564247704872 76.8278595126686,30.7565528767261 76.8277764704519,30.756678173591 76.8277696287082,30.7567795701488 76.8278047507057,30.7568817827755 76.8278783988997,30.7569557361471 76.8279853359958,30.7570412156707 76.8281302303236,30.7571201806369 76.828234388253,30.7571512144269 76.8283304371212,30.7571712125412 76.8284061633647,30.7571654323919 76.8284826464706,30.7571306594066 76.8286109051866,30.7570425015358 76.8287063461685,30.7569246961583 76.8288115986272,30.7567526917378 76.8288600274485,30.7566666069637 76.8288583812847,30.7565686716252 76.8288188727583,30.7564736264634 76.8286995352205,30.7563806546252 76.8286209342989,30.756335613721 76.8285250750096,30.7563083668359</coordinates></LinearRing></outerBoundaryIs></Polygon></MultiGeometry>
  </Placemark>
  <Placemark>
	<name>Tank/Pond</name>
	<Style><LineStyle><color>ff0000ff</color></LineStyle><PolyStyle><fill>0</fill></PolyStyle></Style>
	<ExtendedData><SchemaData schemaUrl="#wb_sac_ch">
		<SimpleData name="id">28</SimpleData>
		<SimpleData name="objectid_1">28</SimpleData>
		<SimpleData name="wetcode">1202</SimpleData>
		<SimpleData name="wetname"></SimpleData>
		<SimpleData name="aqveg">No</SimpleData>
		<SimpleData name="turbidity">Moderate</SimpleData>
		<SimpleData name="level_i">Inland</SimpleData>
		<SimpleData name="level_ii">Man-made</SimpleData>
		<SimpleData name="l4type">Urban</SimpleData>
		<SimpleData name="area_ha">0.411616462947082</SimpleData>
		<SimpleData name="remarks"></SimpleData>
		<SimpleData name="lat">30.7602579522</SimpleData>
		<SimpleData name="long">76.8031205048</SimpleData>
		<SimpleData name="state">Chandigarh</SimpleData>
		<SimpleData name="shape_length">271.436562180642</SimpleData>
		<SimpleData name="shape_area">4116.16462947082</SimpleData>
		<SimpleData name="ds_name">Hydrological Layer</SimpleData>
		<SimpleData name="src_agency">SAC N</SimpleData>
	</SchemaData></ExtendedData>
      <MultiGeometry><Polygon><outerBoundaryIs><LinearRing><coordinates>76.8033231655371,30.7605918699699 76.8036305552001,30.7602389147633 76.8035959607463,30.7602159264963 76.8035332717202,30.7601742691256 76.8030329650522,30.7598645994216 76.8027678892507,30.7601710059293 76.8026203142218,30.7603351493428 76.8029540502073,30.7605773835325 76.8030788118735,30.7604409094196 76.8032468117495,30.760543809594 76.8033231655371,30.7605918699699</coordinates></LinearRing></outerBoundaryIs></Polygon></MultiGeometry>
  </Placemark>
  <Placemark>
	<name>Tank/Pond</name>
	<Style><LineStyle><color>ff0000ff</color></LineStyle><PolyStyle><fill>0</fill></PolyStyle></Style>
	<ExtendedData><SchemaData schemaUrl="#wb_sac_ch">
		<SimpleData name="id">7</SimpleData>
		<SimpleData name="objectid_1">7</SimpleData>
		<SimpleData name="wetcode">1202</SimpleData>
		<SimpleData name="wetname">Water Treatment Plant</SimpleData>
		<SimpleData name="aqveg">No</SimpleData>
		<SimpleData name="turbidity">Moderate</SimpleData>
		<SimpleData name="level_i">Inland</SimpleData>
		<SimpleData name="level_ii">Man-made</SimpleData>
		<SimpleData name="l4type">Industrial</SimpleData>
		<SimpleData name="area_ha">3.96752623798655</SimpleData>
		<SimpleData name="remarks"></SimpleData>
		<SimpleData name="lat">30.7511889089</SimpleData>
		<SimpleData name="long">76.7320113565</SimpleData>
		<SimpleData name="state">Chandigarh</SimpleData>
		<SimpleData name="shape_length">1083.46613652716</SimpleData>
		<SimpleData name="shape_area">39675.2623798655</SimpleData>
		<SimpleData name="ds_name">Hydrological Layer</SimpleData>
		<SimpleData name="src_agency">SAC N</SimpleData>
	</SchemaData></ExtendedData>
      <MultiGeometry><Polygon><outerBoundaryIs><LinearRing><coordinates>76.732752621436,30.7503217917587 76.7315063839911,30.7495135689587 76.7306580200703,30.7504611285942 76.7317885182843,30.7512017656526 76.7312069364925,30.7519080925745 76.7330414843883,30.753010937201 76.7330448948783,30.7516330668247 76.7320927915211,30.7511280871779 76.732752621436,30.7503217917587</coordinates></LinearRing></outerBoundaryIs></Polygon></MultiGeometry>
  </Placemark>
  <Placemark>
	<name>Tank/Pond</name>
	<Style><LineStyle><color>ff0000ff</color></LineStyle><PolyStyle><fill>0</fill></PolyStyle></Style>
	<ExtendedData><SchemaData schemaUrl="#wb_sac_ch">
		<SimpleData name="id">8</SimpleData>
		<SimpleData name="objectid_1">8</SimpleData>
		<SimpleData name="wetcode">1202</SimpleData>
		<SimpleData name="wetname">Dhanas Lake</SimpleData>
		<SimpleData name="aqveg">Yes</SimpleData>
		<SimpleData name="turbidity">Moderate</SimpleData>
		<SimpleData name="level_i">Inland</SimpleData>
		<SimpleData name="level_ii">Man-made</SimpleData>
		<SimpleData name="l4type">Urban</SimpleData>
		<SimpleData name="area_ha">6.84031826891204</SimpleData>
		<SimpleData name="remarks"></SimpleData>
		<SimpleData name="lat">30.7664081883</SimpleData>
		<SimpleData name="long">76.7578909593</SimpleData>
		<SimpleData name="state">Chandigarh</SimpleData>
		<SimpleData name="shape_length">1287.17636606992</SimpleData>
		<SimpleData name="shape_area">68403.1826891204</SimpleData>
		<SimpleData name="ds_name">Hydrological Layer</SimpleData>
		<SimpleData name="src_agency">SAC N</SimpleData>
	</SchemaData></ExtendedData>
      <MultiGeometry><Polygon><outerBoundaryIs><LinearRing><coordinates>76.7558674531858,30.7644145981179 76.7557947103134,30.7644131514619 76.7556609833933,30.7645990466925 76.7553936583007,30.7649660032467 76.7553513949106,30.7650811956455 76.7553502349424,30.7651246849467 76.7553933257123,30.765188392607 76.7557608920628,30.7654712830324 76.756381355195,30.7659284143607 76.7568639890282,30.7663054473061 76.7571923925991,30.7665875532466 76.7575027223201,30.7669176471566 76.7578280370021,30.7673157232593 76.7580432408464,30.7676439240183 76.7581307137159,30.7677230174897 76.7582406980468,30.7677977232611 76.7584348784126,30.7678644329418 76.7586136878815,30.7678776549352 76.7588094125338,30.767886378742 76.758965323444,30.7679184843939 76.7591648431137,30.7679949682953 76.75935329938,30.7680663980983 76.7594476558013,30.768097280484 76.7595482520582,30.7681041137046 76.7596769569472,30.7681066692943 76.7598176253741,30.7680804562003 76.7599530837226,30.7680396336626 76.7601115701688,30.7679750962111 76.7601745395763,30.7679231656895 76.7602165409479,30.7678176366978 76.7602106261796,30.7676192969272 76.7601951921457,30.7673579177957 76.7601598831832,30.7672121752367 76.7601240584483,30.7670857614118 76.7600194123199,30.7670208327973 76.7597924289583,30.7669244652144 76.7594489655442,30.7667871063186 76.7591193986498,30.7665484933431 76.7586259509655,30.7661567475724 76.7579508095671,30.7656501912396 76.7573678377111,30.7652566623948 76.7566129491771,30.7648016964987 76.75618331441,30.7645369134113 76.7559956386505,30.764436485547 76.7559064943113,30.7644202086315 76.7558674531858,30.7644145981179</coordinates></LinearRing></outerBoundaryIs></Polygon></MultiGeometry>
  </Placemark>
  <Placemark>
	<name>Tank/Pond</name>
	<Style><LineStyle><color>ff0000ff</color></LineStyle><PolyStyle><fill>0</fill></PolyStyle></Style>
	<ExtendedData><SchemaData schemaUrl="#wb_sac_ch">
		<SimpleData name="id">22</SimpleData>
		<SimpleData name="objectid_1">22</SimpleData>
		<SimpleData name="wetcode">1202</SimpleData>
		<SimpleData name="wetname"></SimpleData>
		<SimpleData name="aqveg">Yes</SimpleData>
		<SimpleData name="turbidity">Moderate</SimpleData>
		<SimpleData name="level_i">Inland</SimpleData>
		<SimpleData name="level_ii">Man-made</SimpleData>
		<SimpleData name="l4type">Urban</SimpleData>
		<SimpleData name="area_ha">0.808077400923301</SimpleData>
		<SimpleData name="remarks"></SimpleData>
		<SimpleData name="lat">30.7745305346</SimpleData>
		<SimpleData name="long">76.8098440481</SimpleData>
		<SimpleData name="state">Chandigarh</SimpleData>
		<SimpleData name="shape_length">331.495624140054</SimpleData>
		<SimpleData name="shape_area">8080.77400923301</SimpleData>
		<SimpleData name="ds_name">Hydrological Layer</SimpleData>
		<SimpleData name="src_agency">SAC N</SimpleData>
	</SchemaData></ExtendedData>
      <MultiGeometry><Polygon><outerBoundaryIs><LinearRing><coordinates>76.8098968467251,30.7740482074267 76.8097513471538,30.7740453613884 76.8096440059979,30.7740819394821 76.8095579090964,30.7741624431353 76.8094653283163,30.7742766631028 76.809396526658,30.7743381663098 76.8093445133854,30.7743999996398 76.809308401346,30.774495984347 76.8092949267241,30.77458274385 76.8093150302685,30.7746701582055 76.8093847389546,30.7747875518457 76.8095002309507,30.7748671627794 76.8096772808215,30.7749479792106 76.8098154128163,30.7750183637983 76.8099322992897,30.7750448227479 76.8100273075937,30.7750515143939 76.810111504026,30.7750434909213 76.8101628846079,30.7750058193738 76.8101872961808,30.7749289434542 76.8102245481006,30.7747894699198 76.8102501011076,30.7746691043213 76.8103051550922,30.7744913025566 76.8103193892552,30.774375550439 76.81032777238,30.7742693536338 76.810291007477,30.7741767787164 76.810214307872,30.774112429464 76.8101365956631,30.7740867365938 76.8100419672168,30.7740655487097 76.8098968467251,30.7740482074267</coordinates></LinearRing></outerBoundaryIs></Polygon></MultiGeometry>
  </Placemark>
  <Placemark>
	<name>Waterlogged</name>
	<Style><LineStyle><color>ff0000ff</color></LineStyle><PolyStyle><fill>0</fill></PolyStyle></Style>
	<ExtendedData><SchemaData schemaUrl="#wb_sac_ch">
		<SimpleData name="id">38</SimpleData>
		<SimpleData name="objectid_1">38</SimpleData>
		<SimpleData name="wetcode">1203</SimpleData>
		<SimpleData name="wetname"></SimpleData>
		<SimpleData name="aqveg">Yes</SimpleData>
		<SimpleData name="turbidity">Moderate</SimpleData>
		<SimpleData name="level_i">Inland</SimpleData>
		<SimpleData name="level_ii">Man-made</SimpleData>
		<SimpleData name="l4type"></SimpleData>
		<SimpleData name="area_ha">1.81459481634778</SimpleData>
		<SimpleData name="remarks"></SimpleData>
		<SimpleData name="lat">30.7342562566</SimpleData>
		<SimpleData name="long">76.835463571</SimpleData>
		<SimpleData name="state">Chandigarh</SimpleData>
		<SimpleData name="shape_length">612.399567546404</SimpleData>
		<SimpleData name="shape_area">18145.9481634778</SimpleData>
		<SimpleData name="ds_name">Hydrological Layer</SimpleData>
		<SimpleData name="src_agency">SAC N</SimpleData>
	</SchemaData></ExtendedData>
      <MultiGeometry><Polygon><outerBoundaryIs><LinearRing><coordinates>76.8363236323243,30.7333167900542 76.8360305558348,30.7331865339433 76.8358134623355,30.7332516615605 76.8356614966289,30.7334470459974 76.8354013749671,30.7338570086996 76.8352381626458,30.7340006361914 76.8346737191644,30.7344565325585 76.8345326084102,30.7347930282834 76.8346194460141,30.7350861053415 76.8347497017017,30.7352923438949 76.8348908124179,30.7353683272657 76.8355855138712,30.7347061908323 76.8361825217572,30.7340874728953 76.8363670512103,30.7336532852615 76.8363236323243,30.7333167900542</coordinates></LinearRing></outerBoundaryIs></Polygon></MultiGeometry>
  </Placemark>
  <Placemark>
	<name>Waterlogged</name>
	<Style><LineStyle><color>ff0000ff</color></LineStyle><PolyStyle><fill>0</fill></PolyStyle></Style>
	<ExtendedData><SchemaData schemaUrl="#wb_sac_ch">
		<SimpleData name="id">33</SimpleData>
		<SimpleData name="objectid_1">33</SimpleData>
		<SimpleData name="wetcode">1203</SimpleData>
		<SimpleData name="wetname"></SimpleData>
		<SimpleData name="aqveg">Yes</SimpleData>
		<SimpleData name="turbidity">Moderate</SimpleData>
		<SimpleData name="level_i">Inland</SimpleData>
		<SimpleData name="level_ii">Man-made</SimpleData>
		<SimpleData name="l4type"></SimpleData>
		<SimpleData name="area_ha">1.86167495190462</SimpleData>
		<SimpleData name="remarks"></SimpleData>
		<SimpleData name="lat">30.7843010172</SimpleData>
		<SimpleData name="long">76.7617821272</SimpleData>
		<SimpleData name="state">Chandigarh</SimpleData>
		<SimpleData name="shape_length">659.064268617988</SimpleData>
		<SimpleData name="shape_area">18616.7495190462</SimpleData>
		<SimpleData name="ds_name">Hydrological Layer</SimpleData>
		<SimpleData name="src_agency">SAC N</SimpleData>
	</SchemaData></ExtendedData>
      <MultiGeometry><Polygon><outerBoundaryIs><LinearRing><coordinates>76.7616292887374,30.7845195089815 76.7617023020592,30.7845112894235 76.7617729996808,30.7845900437625 76.7618335326511,30.7846299216409 76.7619275176972,30.7846752963388 76.762022144929,30.7846965125038 76.762207091,30.7846905139961 76.7623813576668,30.7846649651165 76.7624671073473,30.784598984093 76.7625608976823,30.7844413060479 76.7626208510444,30.7842926261162 76.7626694818089,30.7841485553451 76.7626448432952,30.7840223699614 76.7625806426909,30.7839099030445 76.7625545884835,30.7838368677292 76.7625190146544,30.7837007956498 76.7624992005037,30.7836037128305 76.7625019015427,30.7835022419384 76.7624887122583,30.7833666139071 76.762467613041,30.7833178499231 76.7624126763199,30.7832780841117 76.7623059559713,30.7832904690224 76.7621512477585,30.783422766248 76.7620815165398,30.7835180721573 76.7619840600963,30.7836031591052 76.7617891457184,30.7837733336689 76.7615322819383,30.7839567809444 76.761213469425,30.7841535015567 76.7609795053626,30.7843180650373 76.7607571206206,30.7844683545446 76.7607151129113,30.7845738796529 76.760712539035,30.7846705189427 76.76077152849,30.7847683795086 76.7608763189577,30.7848284736935 76.7609758996764,30.7848739609221 76.7610419018803,30.7849187815192 76.7611400672778,30.7850174204796 76.7612152037116,30.7851397743448 76.7613024328342,30.7852285264946 76.7613971901439,30.785244909871 76.7615153625323,30.7852230833026 76.7616017563836,30.7851329425645 76.7616206047422,30.7850559655369 76.7616295457523,30.7849304457949 76.7615991836192,30.7848089807379 76.7615923651558,30.7846444725394 76.7615945523588,30.7845623290364 76.7616292887374,30.7845195089815</coordinates></LinearRing></outerBoundaryIs></Polygon></MultiGeometry>
  </Placemark>
  <Placemark>
	<name>Waterlogged</name>
	<Style><LineStyle><color>ff0000ff</color></LineStyle><PolyStyle><fill>0</fill></PolyStyle></Style>
	<ExtendedData><SchemaData schemaUrl="#wb_sac_ch">
		<SimpleData name="id">39</SimpleData>
		<SimpleData name="objectid_1">39</SimpleData>
		<SimpleData name="wetcode">1203</SimpleData>
		<SimpleData name="wetname"></SimpleData>
		<SimpleData name="aqveg">NA</SimpleData>
		<SimpleData name="turbidity">NA</SimpleData>
		<SimpleData name="level_i">Inland</SimpleData>
		<SimpleData name="level_ii">Man-made</SimpleData>
		<SimpleData name="l4type"></SimpleData>
		<SimpleData name="area_ha">0.81023684568741</SimpleData>
		<SimpleData name="remarks"></SimpleData>
		<SimpleData name="lat">30.7324902001</SimpleData>
		<SimpleData name="long">76.8390688084</SimpleData>
		<SimpleData name="state">Chandigarh</SimpleData>
		<SimpleData name="shape_length">338.036740688936</SimpleData>
		<SimpleData name="shape_area">8102.3684568741</SimpleData>
		<SimpleData name="ds_name">Hydrological Layer</SimpleData>
		<SimpleData name="src_agency">SAC N</SimpleData>
	</SchemaData></ExtendedData>
      <MultiGeometry><Polygon><outerBoundaryIs><LinearRing><coordinates>76.8392869641338,30.7319816625454 76.8389396137234,30.7319599533146 76.8386682460605,30.7320684998977 76.8386465368588,30.7322964487026 76.838668246442,30.7325678157312 76.8387442288056,30.7329477305894 76.8390807253228,30.7330888412737 76.839243545109,30.7330020041225 76.8394389295909,30.7328174737588 76.8395257669658,30.7325569612616 76.8394497840856,30.7321444830562 76.8392869641338,30.7319816625454</coordinates></LinearRing></outerBoundaryIs></Polygon></MultiGeometry>
  </Placemark>
  <Placemark>
	<name>Tank/Pond</name>
	<Style><LineStyle><color>ff0000ff</color></LineStyle><PolyStyle><fill>0</fill></PolyStyle></Style>
	<ExtendedData><SchemaData schemaUrl="#wb_sac_ch">
		<SimpleData name="id">9</SimpleData>
		<SimpleData name="objectid_1">9</SimpleData>
		<SimpleData name="wetcode">1202</SimpleData>
		<SimpleData name="wetname"></SimpleData>
		<SimpleData name="aqveg">No</SimpleData>
		<SimpleData name="turbidity">Moderate</SimpleData>
		<SimpleData name="level_i">Inland</SimpleData>
		<SimpleData name="level_ii">Man-made</SimpleData>
		<SimpleData name="l4type">Urban</SimpleData>
		<SimpleData name="area_ha">3.2412300273357</SimpleData>
		<SimpleData name="remarks"></SimpleData>
		<SimpleData name="lat">30.7752928134</SimpleData>
		<SimpleData name="long">76.7634926978</SimpleData>
		<SimpleData name="state">Chandigarh</SimpleData>
		<SimpleData name="shape_length">944.752529621546</SimpleData>
		<SimpleData name="shape_area">32412.300273357</SimpleData>
		<SimpleData name="ds_name">Hydrological Layer</SimpleData>
		<SimpleData name="src_agency">SAC N</SimpleData>
	</SchemaData></ExtendedData>
      <MultiGeometry><Polygon><outerBoundaryIs><LinearRing><coordinates>76.7656919666444,30.7749433494301 76.7656539232057,30.7749421375044 76.7656209189398,30.7749451641868 76.7655405989409,30.7749575301625 76.7655050093191,30.7749612090557 76.7654466894237,30.7749656514959 76.7654000926705,30.7749692007588 76.7652834412646,30.7749817443758 76.76491187166,30.7750324385023 76.7649002433686,30.7750338624926 76.7647827928458,30.7750482409074 76.764662584235,30.7750595011627 76.7646255305642,30.775061573003 76.764553182284,30.7750656181543 76.7644332851413,30.7750687476867 76.7644053372026,30.7750694770538 76.7643999199549,30.7750695084872 76.764272322102,30.7750702458855 76.764148707176,30.7750679512934 76.7640325457668,30.775062544637 76.7639244393545,30.7750539684275 76.763864800934,30.7750473950844 76.7638054558119,30.7750408540323 76.7636764983999,30.7750236131165 76.7634716733263,30.7749934037991 76.7633651366368,30.774977294464 76.7631768457842,30.7749488261659 76.7631329016234,30.7749408042857 76.7630765385671,30.7749305159723 76.7629867358756,30.7749112629719 76.7629372065484,30.7748990472351 76.7629100698514,30.774892354628 76.7628277683348,30.7748699905618 76.7626282915654,30.7748098764695 76.7625448522013,30.7747818462175 76.7624531680798,30.7747474195609 76.7621684216249,30.774629913592 76.7620978884542,30.7746019884865 76.7620721831173,30.7745918112534 76.7619853008264,30.7745602890116 76.761932600579,30.7745433450514 76.7619049395827,30.7745344519037 76.7618620753627,30.7745200931866 76.7617632292402,30.7744828497805 76.7617162688292,30.7744681063948 76.7616883849703,30.7744615842102 76.761662193756,30.7744574582535 76.7616371756673,30.7744556487779 76.7616130718981,30.7744561396833 76.7615800237943,30.7744580710715 76.7615625137951,30.7744623875555 76.7615515746287,30.7744689668707 76.7615410465854,30.774479101039 76.7615191914725,30.774512291358 76.7615105330276,30.7745345087826 76.7615071828627,30.7745613430574 76.7615083673039,30.7745899803909 76.7615155249463,30.7746500041906 76.7615224010039,30.7747032771006 76.7615337422992,30.7747557131376 76.7615493225735,30.774806272673 76.7615688816404,30.774854117316 76.7615844600744,30.7748846373634 76.7616037658333,30.7749169992562 76.7616575511337,30.7749936628752 76.7617041030753,30.7750500667139 76.7617613560817,30.7751087586869 76.7618288909479,30.7751699853621 76.7619360096433,30.7752602596781 76.7620277170666,30.7753344424513 76.7621185940884,30.7754025796784 76.7622088512918,30.7754648290315 76.7622986049931,30.7755212723081 76.7623791902279,30.775567025091 76.7624690461202,30.7756133537413 76.7625703490122,30.7756614580762 76.7626965141534,30.775717717318 76.7628216124336,30.7757717653313 76.7629115203484,30.775808278785 76.7629940634465,30.7758385668185 76.7630705924332,30.7758629257617 76.763145405873,30.775883163999 76.7632253297784,30.7759017402995 76.7633111422393,30.7759188391124 76.7634046303476,30.7759348202173 76.7635191753049,30.7759520156669 76.7636089514202,30.7759627948559 76.7636901965432,30.7759691006965 76.7637648142283,30.7759709718748 76.7638286848996,30.775969694377 76.7638890785545,30.7759664311076 76.7639462812389,30.7759611685581 76.764000433057,30.7759538903249 76.7640647248634,30.7759417142711 76.7641334023807,30.7759246907064 76.7642080203217,30.7759024877526 76.7642965477449,30.775872740941 76.7643706503397,30.7758444913903 76.7645003243569,30.7757897598153 76.7646843148343,30.7757092977689 76.7651229188385,30.7755039076734 76.7653249814837,30.7754145089189 76.76537835136,30.7753940877912 76.7655066754446,30.77535152822 76.7655628502913,30.7753306692841 76.7656189278001,30.7753046363795 76.7656646065433,30.775276205521 76.7657432058,30.775219049727 76.7657672762304,30.7751990845868 76.765786843245,30.7751803978605 76.76580353497,30.7751610904265 76.7658160055714,30.7751422739804 76.765824387322,30.7751237492345 76.7658287231783,30.7751054128881 76.7658304638558,30.7750773936778 76.7658285583649,30.7750512034352 76.7658231618953,30.7750288451589 76.7658144400752,30.7750108547748 76.7658005841257,30.7749948630313 76.7657804092074,30.7749792695249 76.7657542639202,30.7749643744371 76.7657236447748,30.7749510397436 76.7657084911252,30.7749463676419 76.7656919666444,30.7749433494301</coordinates></LinearRing></outerBoundaryIs></Polygon></MultiGeometry>
  </Placemark>
  <Placemark>
	<name>Tank/Pond</name>
	<Style><LineStyle><color>ff0000ff</color></LineStyle><PolyStyle><fill>0</fill></PolyStyle></Style>
	<ExtendedData><SchemaData schemaUrl="#wb_sac_ch">
		<SimpleData name="id">11</SimpleData>
		<SimpleData name="objectid_1">11</SimpleData>
		<SimpleData name="wetcode">1202</SimpleData>
		<SimpleData name="wetname">New Lake</SimpleData>
		<SimpleData name="aqveg">No</SimpleData>
		<SimpleData name="turbidity">Moderate</SimpleData>
		<SimpleData name="level_i">Inland</SimpleData>
		<SimpleData name="level_ii">Man-made</SimpleData>
		<SimpleData name="l4type">Urban</SimpleData>
		<SimpleData name="area_ha">1.64331592587687</SimpleData>
		<SimpleData name="remarks"></SimpleData>
		<SimpleData name="lat">30.7269477639</SimpleData>
		<SimpleData name="long">76.7380883804</SimpleData>
		<SimpleData name="state">Chandigarh</SimpleData>
		<SimpleData name="shape_length">691.649423607555</SimpleData>
		<SimpleData name="shape_area">16433.1592587687</SimpleData>
		<SimpleData name="ds_name">Hydrological Layer</SimpleData>
		<SimpleData name="src_agency">SAC N</SimpleData>
	</SchemaData></ExtendedData>
      <MultiGeometry><Polygon><outerBoundaryIs><LinearRing><coordinates>76.7396091865353,30.7269730700947 76.7393147796081,30.7268898207517 76.7389978675919,30.7268109553218 76.7387032024474,30.7267373705571 76.7384193365971,30.7266785057628 76.7381574594489,30.7266345866593 76.7379788433945,30.7266165081736 76.7378837462939,30.7266146057609 76.7377660152023,30.7266219204627 76.7376761226382,30.7266346283962 76.7375073996565,30.7266650981482 76.737384332284,30.7266626358264 76.7372672489208,30.726645787714 76.737139885113,30.7265948874906 76.7369196271717,30.7264599310901 76.7367931696984,30.7263752032835 76.7367164095197,30.7263156444551 76.7366439488115,30.7263045243297 76.736576950671,30.7262983480351 76.7365431281585,30.7263073411228 76.7364972110299,30.7263499393993 76.7365231077425,30.7264278194388 76.7366149639039,30.7265505367491 76.7367942508653,30.7267523662544 76.7369419174801,30.7268810355884 76.7371841635551,30.7270309372064 76.7374931476572,30.7271966800053 76.7377588075149,30.727308367387 76.7380031269209,30.7273809475345 76.7382039917435,30.7274043064256 76.7383718110938,30.7274076623345 76.7385623929497,30.7273969697664 76.7387259130436,30.7273518885821 76.7389294963446,30.7272737631074 76.7390928866626,30.7272335134803 76.7392674643625,30.7271934883122 76.7395422148213,30.7271748067872 76.7396486293759,30.7271720990651 76.7396824519237,30.7271631044377 76.7397169217632,30.72712994828 76.7397182164294,30.7270816224902 76.7396975234114,30.7270183525741 76.7396091865353,30.7269730700947</coordinates></LinearRing></outerBoundaryIs></Polygon></MultiGeometry>
  </Placemark>
  <Placemark>
	<name>Tank/Pond</name>
	<Style><LineStyle><color>ff0000ff</color></LineStyle><PolyStyle><fill>0</fill></PolyStyle></Style>
	<ExtendedData><SchemaData schemaUrl="#wb_sac_ch">
		<SimpleData name="id">12</SimpleData>
		<SimpleData name="objectid_1">12</SimpleData>
		<SimpleData name="wetcode">1202</SimpleData>
		<SimpleData name="wetname">Water Treatment Plant</SimpleData>
		<SimpleData name="aqveg">Yes</SimpleData>
		<SimpleData name="turbidity">Moderate</SimpleData>
		<SimpleData name="level_i">Inland</SimpleData>
		<SimpleData name="level_ii">Man-made</SimpleData>
		<SimpleData name="l4type">Industrial</SimpleData>
		<SimpleData name="area_ha">2.62942979462988</SimpleData>
		<SimpleData name="remarks"></SimpleData>
		<SimpleData name="lat">30.6923126925</SimpleData>
		<SimpleData name="long">76.7782093401</SimpleData>
		<SimpleData name="state">Chandigarh</SimpleData>
		<SimpleData name="shape_length">800.365611575508</SimpleData>
		<SimpleData name="shape_area">26294.2979462988</SimpleData>
		<SimpleData name="ds_name">Hydrological Layer</SimpleData>
		<SimpleData name="src_agency">SAC N</SimpleData>
	</SchemaData></ExtendedData>
      <MultiGeometry><Polygon><outerBoundaryIs><LinearRing><coordinates>76.7785848737146,30.6930822480425 76.7787476686754,30.6924278376618 76.7795727843289,30.6925408514678 76.7796026353374,30.6918354586806 76.7781318810023,30.6915936327867 76.7780091051269,30.6915815353208 76.7778821650354,30.6921496153201 76.7769134430524,30.6919660567526 76.7767485915182,30.6926977926251 76.7785848737146,30.6930822480425</coordinates></LinearRing></outerBoundaryIs></Polygon></MultiGeometry>
  </Placemark>
  <Placemark>
	<name>Tank/Pond</name>
	<Style><LineStyle><color>ff0000ff</color></LineStyle><PolyStyle><fill>0</fill></PolyStyle></Style>
	<ExtendedData><SchemaData schemaUrl="#wb_sac_ch">
		<SimpleData name="id">13</SimpleData>
		<SimpleData name="objectid_1">13</SimpleData>
		<SimpleData name="wetcode">1202</SimpleData>
		<SimpleData name="wetname">Water Treatment Plant</SimpleData>
		<SimpleData name="aqveg">No</SimpleData>
		<SimpleData name="turbidity">Moderate</SimpleData>
		<SimpleData name="level_i">Inland</SimpleData>
		<SimpleData name="level_ii">Man-made</SimpleData>
		<SimpleData name="l4type">Industrial</SimpleData>
		<SimpleData name="area_ha">2.08953287765884</SimpleData>
		<SimpleData name="remarks"></SimpleData>
		<SimpleData name="lat">30.679742045</SimpleData>
		<SimpleData name="long">76.8226050669</SimpleData>
		<SimpleData name="state">Chandigarh</SimpleData>
		<SimpleData name="shape_length">566.432175679173</SimpleData>
		<SimpleData name="shape_area">20895.3287765884</SimpleData>
		<SimpleData name="ds_name">Hydrological Layer</SimpleData>
		<SimpleData name="src_agency">SAC N</SimpleData>
	</SchemaData></ExtendedData>
      <MultiGeometry><Polygon><outerBoundaryIs><LinearRing><coordinates>76.8222397134644,30.6787672986721 76.8221070663736,30.678758667451 76.8219876570313,30.679850395256 76.8219796159709,30.6801585072878 76.8220106229386,30.6803102233283 76.8220905576055,30.6804628942269 76.8221863662089,30.6805433417551 76.8223528618875,30.6805949430988 76.8227647898717,30.6806211064404 76.8229606625918,30.6806188807068 76.8230656690943,30.6806148835936 76.8231438179245,30.6805680507666 76.8231951111205,30.6804783832056 76.8232225436068,30.680231094294 76.8232391973798,30.6793247439946 76.8232332331572,30.679221826545 76.8228760693164,30.6789750872809 76.8226250457679,30.6788016700524 76.8222397134644,30.6787672986721</coordinates></LinearRing></outerBoundaryIs></Polygon></MultiGeometry>
  </Placemark>
  <Placemark>
	<name>Tank/Pond</name>
	<Style><LineStyle><color>ff0000ff</color></LineStyle><PolyStyle><fill>0</fill></PolyStyle></Style>
	<ExtendedData><SchemaData schemaUrl="#wb_sac_ch">
		<SimpleData name="id">14</SimpleData>
		<SimpleData name="objectid_1">14</SimpleData>
		<SimpleData name="wetcode">1202</SimpleData>
		<SimpleData name="wetname">Water Treatment Plant</SimpleData>
		<SimpleData name="aqveg">No</SimpleData>
		<SimpleData name="turbidity">Moderate</SimpleData>
		<SimpleData name="level_i">Inland</SimpleData>
		<SimpleData name="level_ii">Man-made</SimpleData>
		<SimpleData name="l4type">Industrial</SimpleData>
		<SimpleData name="area_ha">0.513724272269929</SimpleData>
		<SimpleData name="remarks"></SimpleData>
		<SimpleData name="lat">30.6735777472</SimpleData>
		<SimpleData name="long">76.8140685304</SimpleData>
		<SimpleData name="state">Chandigarh</SimpleData>
		<SimpleData name="shape_length">301.310377842213</SimpleData>
		<SimpleData name="shape_area">5137.24272269929</SimpleData>
		<SimpleData name="ds_name">Hydrological Layer</SimpleData>
		<SimpleData name="src_agency">SAC N</SimpleData>
	</SchemaData></ExtendedData>
      <MultiGeometry><Polygon><outerBoundaryIs><LinearRing><coordinates>76.8143673095337,30.6740270101682 76.8143277977494,30.6731316389381 76.8137683294524,30.6731327909431 76.813789014726,30.6734112462551 76.8137943315889,30.6740097652409 76.8143673095337,30.6740270101682</coordinates></LinearRing></outerBoundaryIs></Polygon></MultiGeometry>
  </Placemark>
  <Placemark>
	<name>Tank/Pond</name>
	<Style><LineStyle><color>ff0000ff</color></LineStyle><PolyStyle><fill>0</fill></PolyStyle></Style>
	<ExtendedData><SchemaData schemaUrl="#wb_sac_ch">
		<SimpleData name="id">15</SimpleData>
		<SimpleData name="objectid_1">15</SimpleData>
		<SimpleData name="wetcode">1202</SimpleData>
		<SimpleData name="wetname"></SimpleData>
		<SimpleData name="aqveg">No</SimpleData>
		<SimpleData name="turbidity">Moderate</SimpleData>
		<SimpleData name="level_i">Inland</SimpleData>
		<SimpleData name="level_ii">Man-made</SimpleData>
		<SimpleData name="l4type">Urban</SimpleData>
		<SimpleData name="area_ha">0.850002657678549</SimpleData>
		<SimpleData name="remarks"></SimpleData>
		<SimpleData name="lat">30.7287419069</SimpleData>
		<SimpleData name="long">76.8090638191</SimpleData>
		<SimpleData name="state">Chandigarh</SimpleData>
		<SimpleData name="shape_length">388.125274861267</SimpleData>
		<SimpleData name="shape_area">8500.02657678549</SimpleData>
		<SimpleData name="ds_name">Hydrological Layer</SimpleData>
		<SimpleData name="src_agency">SAC N</SimpleData>
	</SchemaData></ExtendedData>
      <MultiGeometry><Polygon><outerBoundaryIs><LinearRing><coordinates>76.8087142137913,30.7281100083347 76.8086831822248,30.7281067887218 76.8086554747999,30.7281088587779 76.8086334685113,30.7281155989269 76.808604559229,30.7281296196795 76.808581885025,30.7281439616447 76.8085593909359,30.7281631717462 76.8085377478494,30.7281859875689 76.808501205041,30.7282291343045 76.8084635689078,30.7282728727318 76.8084416798515,30.7283014766697 76.8084249641288,30.7283287016395 76.8084139663954,30.7283543481492 76.8084069319905,30.72838014898 76.8084026597994,30.7284062496607 76.8084013092977,30.728431650969 76.8084029143078,30.7284556682817 76.8084117354395,30.7284982957221 76.8084181694355,30.7285147469701 76.8084261859587,30.7285286488635 76.8084434764781,30.728547665406 76.8084753918417,30.7285731275231 76.8085110823864,30.7285958364892 76.8085815567878,30.7286302145252 76.8086078443846,30.7286446201839 76.8086636325809,30.7286792498468 76.8087070537479,30.7287084155904 76.808744505044,30.7287364228563 76.8087768206591,30.728763969604 76.8088058418014,30.728791911469 76.8088326669098,30.7288204691384 76.8088570335951,30.7288493633647 76.8088787634438,30.7288783795897 76.8089001765909,30.7289115680203 76.8089203647591,30.7289483937203 76.8089395980427,30.7289893261404 76.8089585878656,30.7290358731215 76.8089688768336,30.7290720244767 76.808985610697,30.7291649155539 76.8089937641697,30.7291897334542 76.8090043728143,30.7292108303342 76.8090208027418,30.7292354063265 76.8090387905567,30.7292580903507 76.8090578611619,30.7292782846794 76.809077706658,30.7292956707983 76.8090986484597,30.7293104550996 76.8091232647223,30.729324633324 76.8091517936792,30.7293383572392 76.8091853665304,30.7293521716208 76.8092592066136,30.7293784611872 76.8092888659439,30.7293866710152 76.8093159536934,30.7293922712146 76.8093415448993,30.7293954070861 76.8093651505424,30.7293959310917 76.8093869059605,30.729393844967 76.8094068779445,30.7293891427094 76.8094374375916,30.7293766489733 76.8094706664832,30.7293577548245 76.8094908854188,30.729342462901 76.8095090692262,30.7293238673785 76.809525335094,30.7293018554223 76.8095398694895,30.7292761730139 76.8095521066045,30.7292484720388 76.8095634494816,30.7292162708946 76.8095903130701,30.7291171333353 76.8096034916226,30.7290584028239 76.8096100420136,30.7290051034794 76.8096108641449,30.7289736229834 76.8096093777189,30.7289409579193 76.8096055909496,30.728907319515 76.8095995346182,30.7288729861411 76.8095808116451,30.7288033823321 76.8095541394012,30.7287356633022 76.8095316051146,30.7286950053368 76.8095018924655,30.7286553097682 76.8094647045335,30.7286161623532 76.8094193168001,30.7285767969249 76.8093792006624,30.7285465063769 76.8093322716657,30.7285143318378 76.8091338199245,30.7283907348613 76.8090530974393,30.7283355888103 76.8088953204445,30.7282159095745 76.8088466635287,30.7281827233783 76.808801178593,30.7281552258922 76.8087464055216,30.7281217025039 76.8087298169821,30.72811431485 76.8087142137913,30.7281100083347</coordinates></LinearRing></outerBoundaryIs></Polygon></MultiGeometry>
  </Placemark>
  <Placemark>
	<name>Tank/Pond</name>
	<Style><LineStyle><color>ff0000ff</color></LineStyle><PolyStyle><fill>0</fill></PolyStyle></Style>
	<ExtendedData><SchemaData schemaUrl="#wb_sac_ch">
		<SimpleData name="id">17</SimpleData>
		<SimpleData name="objectid_1">17</SimpleData>
		<SimpleData name="wetcode">1202</SimpleData>
		<SimpleData name="wetname"></SimpleData>
		<SimpleData name="aqveg">No</SimpleData>
		<SimpleData name="turbidity">Moderate</SimpleData>
		<SimpleData name="level_i">Inland</SimpleData>
		<SimpleData name="level_ii">Man-made</SimpleData>
		<SimpleData name="l4type">Urban</SimpleData>
		<SimpleData name="area_ha">1.03392300806394</SimpleData>
		<SimpleData name="remarks"></SimpleData>
		<SimpleData name="lat">30.7570404099</SimpleData>
		<SimpleData name="long">76.8225779271</SimpleData>
		<SimpleData name="state">Chandigarh</SimpleData>
		<SimpleData name="shape_length">370.922291879546</SimpleData>
		<SimpleData name="shape_area">10339.2300806394</SimpleData>
		<SimpleData name="ds_name">Hydrological Layer</SimpleData>
		<SimpleData name="src_agency">SAC N</SimpleData>
	</SchemaData></ExtendedData>
      <MultiGeometry><Polygon><outerBoundaryIs><LinearRing><coordinates>76.8224253963582,30.756417131909 76.8223818053528,30.7564160040634 76.8223520297112,30.756417067671 76.8223267544826,30.7564206428697 76.8223061795203,30.7564268952716 76.8222848409051,30.756439135499 76.8222640262551,30.7564580473799 76.822244354278,30.7564821390934 76.8222125723803,30.7565278111007 76.8221913612369,30.7565614963309 76.8221719853494,30.7566007394318 76.8221541323732,30.7566455096486 76.8221307444149,30.7567135633745 76.8221104101085,30.7567816793203 76.8220941646355,30.756853644646 76.8220820365517,30.7569293383912 76.8220740536587,30.7570085875025 76.822069875533,30.7570757098115 76.8220688367036,30.7571267782725 76.8220707228941,30.7571725880857 76.8220756825933,30.7572140969121 76.8220857880035,30.7572678401982 76.8220971337471,30.757311847098 76.8221108444597,30.7573504492204 76.8221272189384,30.7573843175261 76.8221510160716,30.7574225131331 76.8221775932155,30.7574574381145 76.8222060428942,30.7574879089712 76.8222358142816,30.7575133448537 76.8222764217561,30.7575394431732 76.8223245020284,30.7575623604531 76.8223787430573,30.7575814562406 76.8224365967461,30.7575958211467 76.8224703666652,30.7576011468326 76.8225080612488,30.757604377214 76.8225504505926,30.7576056369273 76.8226043011787,30.7576051317805 76.8226711189094,30.7576032492466 76.8227175446893,30.7575997945268 76.822758340888,30.7575936773982 76.8227937785075,30.7575846482344 76.8228325961419,30.7575700321377 76.8228713664315,30.7575510304965 76.8229086781049,30.7575283312118 76.8229428660384,30.7575029443283 76.8229692667037,30.7574780352702 76.8229949556232,30.7574471206175 76.8230194851948,30.7574115813155 76.8230588759428,30.7573480740311 76.8231114163146,30.7572643277946 76.8231245075054,30.7572362805646 76.8231324453268,30.7572105084599 76.8231349766631,30.7571920051425 76.8231349039607,30.757171048203 76.8231246993675,30.7570938605587 76.8231235519558,30.7570626479504 76.8231267951296,30.7570364527468 76.8231402973648,30.7569713530226 76.8231419138936,30.7569534860535 76.8231413184768,30.7569377185191 76.823137077563,30.7569160307802 76.8231292135402,30.7568938046861 76.823117675194,30.7568708948813 76.8231023198166,30.7568470135258 76.8230622890716,30.7567981026409 76.8229894694649,30.7567232412724 76.8229361705138,30.7566726594079 76.8228800064689,30.7566274351094 76.822817497408,30.7565859629151 76.8227353369993,30.7565400083497 76.8226189258419,30.7564770961161 76.8225511997787,30.7564460136638 76.8225177100242,30.75643402376 76.8224858587376,30.7564252845687 76.8224551699955,30.7564196689584 76.8224253963582,30.756417131909</coordinates></LinearRing></outerBoundaryIs></Polygon></MultiGeometry>
  </Placemark>
  <Placemark>
	<name>Waterlogged</name>
	<Style><LineStyle><color>ff0000ff</color></LineStyle><PolyStyle><fill>0</fill></PolyStyle></Style>
	<ExtendedData><SchemaData schemaUrl="#wb_sac_ch">
		<SimpleData name="id">19</SimpleData>
		<SimpleData name="objectid_1">19</SimpleData>
		<SimpleData name="wetcode">1203</SimpleData>
		<SimpleData name="wetname"></SimpleData>
		<SimpleData name="aqveg">No</SimpleData>
		<SimpleData name="turbidity">Moderate</SimpleData>
		<SimpleData name="level_i">Inland</SimpleData>
		<SimpleData name="level_ii">Man-made</SimpleData>
		<SimpleData name="l4type"></SimpleData>
		<SimpleData name="area_ha">1.5702440410536</SimpleData>
		<SimpleData name="remarks"></SimpleData>
		<SimpleData name="lat">30.7489517885</SimpleData>
		<SimpleData name="long">76.8203370989</SimpleData>
		<SimpleData name="state">Chandigarh</SimpleData>
		<SimpleData name="shape_length">492.668560142229</SimpleData>
		<SimpleData name="shape_area">15702.440410536</SimpleData>
		<SimpleData name="ds_name">Hydrological Layer</SimpleData>
		<SimpleData name="src_agency">SAC N</SimpleData>
	</SchemaData></ExtendedData>
      <MultiGeometry><Polygon><outerBoundaryIs><LinearRing><coordinates>76.8204392779821,30.748248649805 76.8203547695178,30.7482476172446 76.8202783237241,30.7482485801314 76.8202139275145,30.7482515440245 76.8201557067141,30.748256788207 76.8201024252009,30.7482644548736 76.8200057183994,30.7482794165869 76.8199575080017,30.7482900062347 76.8199349686624,30.7482971539002 76.8199151372191,30.748305362139 76.8198977023643,30.7483147637602 76.8198825160637,30.7483254371948 76.8198521652373,30.7483538023896 76.8198306455773,30.7483824439267 76.8198223294161,30.7484007909198 76.8198168772705,30.7484227652935 76.8198108292454,30.7484980937202 76.8198095439113,30.7485512351445 76.8198159991932,30.7486099519509 76.8198285964048,30.748670369154 76.8198712159527,30.7488373026121 76.8198798777875,30.7488885392431 76.8198833865457,30.7489346447299 76.8198873865616,30.7490323784613 76.8198850156125,30.7490614892514 76.8198794079018,30.7490868648934 76.8198687586113,30.7491171299553 76.8198562936064,30.7491441325325 76.8198421472848,30.7491675874399 76.8198264003164,30.749187362855 76.8198145520653,30.7491983370761 76.8197993989873,30.7492090705202 76.8197382430751,30.7492426084729 76.819715402235,30.7492577219795 76.8196373308483,30.7493186233673 76.8196134674386,30.7493399938233 76.8195944508337,30.7493597986482 76.8195788368886,30.7493799055466 76.819567881992,30.749399195105 76.8195614796063,30.7494178580312 76.8195595997364,30.7494359896759 76.8195628176605,30.7494618535119 76.8195711331493,30.7494895499752 76.8195835806773,30.7495159108222 76.819598910291,30.7495382885371 76.8196159180466,30.7495551082348 76.8196386645687,30.7495714084856 76.8196672920132,30.7495874168212 76.8197063087336,30.7496056533302 76.819745463543,30.7496197810143 76.8197916670879,30.7496304225171 76.8198433691003,30.7496377988649 76.8199319599282,30.7496463138023 76.8199920962121,30.74965049773 76.8200584618513,30.7496516628084 76.8201321695867,30.7496499759971 76.820234282544,30.7496449552666 76.8203679195068,30.7496409647397 76.8204250592653,30.7496370370213 76.8204813504834,30.7496282968977 76.8205289697261,30.749614439281 76.8205783999907,30.749592810572 76.8206262992556,30.7495659285624 76.8206702474747,30.7495351558698 76.8207082434838,30.7495018970849 76.8207297039749,30.7494781104991 76.8207507342171,30.7494494538931 76.8208043512017,30.749358725563 76.8208491268965,30.7492732438366 76.8208931999366,30.7491718980575 76.8209405333648,30.7490531382148 76.820969766312,30.748972976175 76.8209926072119,30.748899388555 76.8210086973207,30.7488324213611 76.8210188290653,30.7487672941903 76.8210222534713,30.7487062345923 76.8210190069273,30.74864857904 76.821009062656,30.7485939761631 76.8209936588053,30.7485384007071 76.8209779537916,30.7484990891011 76.8209606725754,30.7484683608529 76.8209393259193,30.7484380412601 76.8209143564775,30.7484087602451 76.8208863216019,30.7483811709806 76.820855880456,30.7483559167463 76.8208236606987,30.7483335104671 76.8207903273204,30.7483144128033 76.8207564712997,30.7482989614547 76.8207065678241,30.7482832585066 76.8206313424874,30.7482675132941 76.8205733093848,30.7482583289383 76.820509751063,30.7482521013056 76.8204392779821,30.748248649805</coordinates></LinearRing></outerBoundaryIs></Polygon></MultiGeometry>
  </Placemark>
  <Placemark>
	<name>Tank/Pond</name>
	<Style><LineStyle><color>ff0000ff</color></LineStyle><PolyStyle><fill>0</fill></PolyStyle></Style>
	<ExtendedData><SchemaData schemaUrl="#wb_sac_ch">
		<SimpleData name="id">20</SimpleData>
		<SimpleData name="objectid_1">20</SimpleData>
		<SimpleData name="wetcode">1202</SimpleData>
		<SimpleData name="wetname"></SimpleData>
		<SimpleData name="aqveg">No</SimpleData>
		<SimpleData name="turbidity">Moderate</SimpleData>
		<SimpleData name="level_i">Inland</SimpleData>
		<SimpleData name="level_ii">Man-made</SimpleData>
		<SimpleData name="l4type">Urban</SimpleData>
		<SimpleData name="area_ha">1.5488133937836</SimpleData>
		<SimpleData name="remarks"></SimpleData>
		<SimpleData name="lat">30.7372767506</SimpleData>
		<SimpleData name="long">76.8290382713</SimpleData>
		<SimpleData name="state">Chandigarh</SimpleData>
		<SimpleData name="shape_length">591.541920748985</SimpleData>
		<SimpleData name="shape_area">15488.133937836</SimpleData>
		<SimpleData name="ds_name">Hydrological Layer</SimpleData>
		<SimpleData name="src_agency">SAC N</SimpleData>
	</SchemaData></ExtendedData>
      <MultiGeometry><Polygon><outerBoundaryIs><LinearRing><coordinates>76.828443997207,30.7365566664215 76.8282302030963,30.7364376781445 76.8278051733085,30.7369068655794 76.8280936857891,30.7371119200873 76.8285144404369,30.7373437193068 76.8289420306771,30.7375816951872 76.8295695925993,30.7379323433484 76.829859842656,30.7380709468882 76.8299229391046,30.7380661302365 76.8299793556362,30.7380490965026 76.8300502314372,30.7380142116088 76.8300936060244,30.7379606608554 76.8300961248479,30.7378640111582 76.8301490106528,30.7377139465569 76.8301669306613,30.7375632022677 76.8301406884482,30.7374962110731 76.8300235364808,30.7374274528043 76.829676705828,30.7372789121815 76.8291484546104,30.7370055872772 76.8288844696305,30.7368371992929 76.828443997207,30.7365566664215</coordinates></LinearRing></outerBoundaryIs></Polygon></MultiGeometry>
  </Placemark>
  <Placemark>
	<name>Tank/Pond</name>
	<Style><LineStyle><color>ff0000ff</color></LineStyle><PolyStyle><fill>0</fill></PolyStyle></Style>
	<ExtendedData><SchemaData schemaUrl="#wb_sac_ch">
		<SimpleData name="id">35</SimpleData>
		<SimpleData name="objectid_1">35</SimpleData>
		<SimpleData name="wetcode">1202</SimpleData>
		<SimpleData name="wetname"></SimpleData>
		<SimpleData name="aqveg">Yes</SimpleData>
		<SimpleData name="turbidity">Moderate</SimpleData>
		<SimpleData name="level_i">Inland</SimpleData>
		<SimpleData name="level_ii">Man-made</SimpleData>
		<SimpleData name="l4type">Urban</SimpleData>
		<SimpleData name="area_ha">0.257084882028598</SimpleData>
		<SimpleData name="remarks"></SimpleData>
		<SimpleData name="lat">30.7768423942</SimpleData>
		<SimpleData name="long">76.765587377</SimpleData>
		<SimpleData name="state">Chandigarh</SimpleData>
		<SimpleData name="shape_length">183.293919984532</SimpleData>
		<SimpleData name="shape_area">2570.84882028598</SimpleData>
		<SimpleData name="ds_name">Hydrological Layer</SimpleData>
		<SimpleData name="src_agency">SAC N</SimpleData>
	</SchemaData></ExtendedData>
      <MultiGeometry><Polygon><outerBoundaryIs><LinearRing><coordinates>76.7657294821707,30.776599874791 76.7656399432077,30.7765980997442 76.7655163118326,30.7766149873573 76.7653640560747,30.7766554799266 76.765295360323,30.7767121328074 76.7652710474798,30.7767841693456 76.7652689914111,30.7768614820263 76.7653225126324,30.7769544003128 76.7654261431705,30.7770579817712 76.7655367829046,30.7771085203266 76.7656036809624,30.7771195154044 76.7656822861797,30.777111404878 76.7657793504421,30.7770408105487 76.7658261747486,30.7769643853621 76.7658731295994,30.776883127863 76.7658865058729,30.7768012056251 76.7658886900111,30.7767190615095 76.7658509293168,30.7766651320696 76.7657961240424,30.7766205344848 76.7657294821707,30.776599874791</coordinates></LinearRing></outerBoundaryIs></Polygon></MultiGeometry>
  </Placemark>
  <Placemark>
	<name>Reservoir/Barrage</name>
	<Style><LineStyle><color>ff0000ff</color></LineStyle><PolyStyle><fill>0</fill></PolyStyle></Style>
	<ExtendedData><SchemaData schemaUrl="#wb_sac_ch">
		<SimpleData name="id">21</SimpleData>
		<SimpleData name="objectid_1">21</SimpleData>
		<SimpleData name="wetcode">1201</SimpleData>
		<SimpleData name="wetname">Sukhna Lake</SimpleData>
		<SimpleData name="aqveg">Yes</SimpleData>
		<SimpleData name="turbidity">Moderate</SimpleData>
		<SimpleData name="level_i">Inland</SimpleData>
		<SimpleData name="level_ii">Man-made</SimpleData>
		<SimpleData name="l4type">Barrage</SimpleData>
		<SimpleData name="area_ha">168.127270024049</SimpleData>
		<SimpleData name="remarks"></SimpleData>
		<SimpleData name="lat">30.7415318928</SimpleData>
		<SimpleData name="long">76.820492174</SimpleData>
		<SimpleData name="state">Chandigarh</SimpleData>
		<SimpleData name="shape_length">6401.97210920087</SimpleData>
		<SimpleData name="shape_area">1681272.70024049</SimpleData>
		<SimpleData name="ds_name">Hydrological Layer</SimpleData>
		<SimpleData name="src_agency">SAC N</SimpleData>
	</SchemaData></ExtendedData>
      <MultiGeometry><Polygon><outerBoundaryIs><LinearRing><coordinates>76.8331769599286,30.7416337096741 76.8332652542154,30.7416220459687 76.83336384032,30.7416090205625 76.8334626913039,30.741574678536 76.8334679677677,30.7415471941544 76.8334574220975,30.7414849823032 76.8334195533193,30.7413502261591 76.8333282494212,30.7410946192538 76.8331534967612,30.7408192624363 76.8328729029909,30.7405781112984 76.8325228480839,30.7403174783833 76.8320256646933,30.7400240451339 76.8313851997244,30.7396308512807 76.8310634399732,30.7393586780423 76.830970579962,30.7392660676887 76.8308656698548,30.739161437435 76.8305351881405,30.7389555733282 76.8302011682705,30.7387673707177 76.82993527683,30.7386175545278 76.8290598920784,30.7381109976068 76.8282185366281,30.7376413587863 76.8280115698014,30.7375243160955 76.8273976865496,30.7371860148355 76.8268734569314,30.7368978043853 76.8261972719559,30.7365341103305 76.8256578014316,30.736293949739 76.8247004834626,30.7359791705235 76.8241093872964,30.7358407416039 76.8231401957089,30.7357130777828 76.8222879942048,30.735660211565 76.8215178159595,30.7356814642476 76.8209712569573,30.7357131176286 76.8206133511301,30.7357544904362 76.8198751376267,30.7358911901334 76.8191006940852,30.736075528974 76.8183253015855,30.736296108362 76.8176243016253,30.7366148357815 76.8167008231287,30.7371467919597 76.8160888280132,30.7375397741013 76.8155322989706,30.7379519671568 76.8150070964508,30.7385037761772 76.81428642973,30.7393055990615 76.8134205108244,30.7403100652992 76.8125307480899,30.7414228451664 76.8120934496461,30.7420367938015 76.8115558583065,30.7426862518027 76.8111483217072,30.7431786982803 76.8108515910413,30.743608038394 76.8106502115124,30.7439232047173 76.8105238222495,30.7445806974579 76.8104531054956,30.7450362118556 76.8103694051233,30.745346426328 76.8102219856498,30.7455248517147 76.8099475408526,30.7457443063381 76.8097657919837,30.7459510680557 76.8097270912277,30.7461461239338 76.8097709820464,30.7463935618503 76.809907570439,30.7466283081335 76.8100632256272,30.7467763985813 76.8102047548102,30.7468226803855 76.8104481335075,30.7468274400656 76.8106770075629,30.7467448881665 76.8108047932597,30.7466748629959 76.8108976794984,30.7466549228019 76.8109983875762,30.7466568919374 76.8111401079969,30.7466959248349 76.8113720531571,30.746816496371 76.8117777717793,30.7470347447907 76.8123078578142,30.7473134411135 76.8126636040717,30.7475162057634 76.8130281241889,30.7477046364004 76.8133365557628,30.7477904383754 76.8137050640795,30.7478266469962 76.813956837875,30.747831565393 76.8142006365148,30.7478381403514 76.814847219917,30.7477298970025 76.8152681068439,30.7476897670374 76.8156060179148,30.7476117541251 76.8158212035171,30.7474104747684 76.8158825268372,30.7472061895146 76.8159848638583,30.7470389676335 76.8161698608032,30.7469217063225 76.8164092251913,30.7468659428321 76.816546570563,30.7469653214752 76.8167239789577,30.747138004772 76.8169576556562,30.7472996989495 76.8171379115435,30.7473636525459 76.8174176577691,30.7473691114963 76.8174907545767,30.7472496661488 76.8175123256458,30.7469599938062 76.817424210935,30.746583572879 76.8171539474057,30.7462156831536 76.8170871705449,30.7460935079943 76.8170636210615,30.7459238273771 76.8170944393203,30.7458156446708 76.8172492462174,30.7457824037191 76.8174984879698,30.7458839653694 76.8176190012523,30.7460917989801 76.8178352135031,30.7463861095689 76.8180800327937,30.7466568046673 76.8184793463119,30.7469063380492 76.8187419467708,30.7470323320394 76.8188818200643,30.7470350602115 76.8189409270723,30.7469153412953 76.8188766770315,30.7466965185799 76.8186915945663,30.7462819449255 76.8185786605551,30.7457841670192 76.8185038975186,30.7454321793168 76.8183140806703,30.7451988191101 76.8182186986224,30.7451002611125 76.8182209100762,30.7450156931121 76.8182908445001,30.7450170574222 76.8184555313313,30.7451411423506 76.818934025531,30.7455735283482 76.8193031515139,30.7459070825517 76.8195181043288,30.7462497153548 76.8197585063377,30.7466895407209 76.8199807250914,30.7467543103892 76.8201066099468,30.7467567647787 76.8201927436526,30.746673833282 76.8202671001821,30.7465060631202 76.820300125797,30.7463133112585 76.8202485977296,30.7461430867245 76.8202800457202,30.7460107408585 76.8204930098632,30.7458940206376 76.8207037649381,30.7458618671031 76.8208690856248,30.7459617876131 76.8210064325607,30.7460611626842 76.8211727017462,30.7461248384625 76.8213408636979,30.7461160288932 76.8216072524451,30.7460970463791 76.8219305358415,30.7460429101257 76.8222401485444,30.7459764189488 76.8224518487112,30.7459080214565 76.8225923528432,30.7458865838271 76.8227204441138,30.7458044691885 76.8228485373499,30.7457223535619 76.8229903019134,30.7456525920641 76.8231597258672,30.7455954562143 76.823441676109,30.7455163377978 76.8235679812496,30.7453955080797 76.8237160514623,30.7450841244595 76.8238787395494,30.7447488510843 76.8239835873789,30.7444849732761 76.8242301957764,30.7441513333225 76.82450067858,30.7439752921976 76.8248261618951,30.7438365816338 76.8252349366217,30.7437236668039 76.8259482716191,30.743737550934 76.8264247740186,30.7437105624915 76.8267477338671,30.7436684973346 76.8269581683672,30.7436484174078 76.8271714380746,30.7435196060094 76.8273179227824,30.7432686234752 76.827465351886,30.7429813968846 76.8276531653238,30.7427553918858 76.8278680074858,30.7425661744778 76.828066657814,30.7424612533235 76.8284468208692,30.7423719479747 76.829275821057,30.7422430199656 76.829593919369,30.7422035581989 76.830426872346,30.7420790493909 76.8311172146919,30.7419282774069 76.8319039337622,30.7418106025112 76.8327465985568,30.7416940084797 76.8329080752068,30.7416692331307 76.8331769599286,30.7416337096741</coordinates></LinearRing></outerBoundaryIs></Polygon></MultiGeometry>
  </Placemark>
  <Placemark>
	<name>Waterlogged</name>
	<Style><LineStyle><color>ff0000ff</color></LineStyle><PolyStyle><fill>0</fill></PolyStyle></Style>
	<ExtendedData><SchemaData schemaUrl="#wb_sac_ch">
		<SimpleData name="id">23</SimpleData>
		<SimpleData name="objectid_1">23</SimpleData>
		<SimpleData name="wetcode">1203</SimpleData>
		<SimpleData name="wetname"></SimpleData>
		<SimpleData name="aqveg">Yes</SimpleData>
		<SimpleData name="turbidity">Moderate</SimpleData>
		<SimpleData name="level_i">Inland</SimpleData>
		<SimpleData name="level_ii">Man-made</SimpleData>
		<SimpleData name="l4type"></SimpleData>
		<SimpleData name="area_ha">2.27656380077954</SimpleData>
		<SimpleData name="remarks"></SimpleData>
		<SimpleData name="lat">30.7350377697</SimpleData>
		<SimpleData name="long">76.8326997143</SimpleData>
		<SimpleData name="state">Chandigarh</SimpleData>
		<SimpleData name="shape_length">837.905965424938</SimpleData>
		<SimpleData name="shape_area">22765.6380077954</SimpleData>
		<SimpleData name="ds_name">Hydrological Layer</SimpleData>
		<SimpleData name="src_agency">SAC N</SimpleData>
	</SchemaData></ExtendedData>
      <MultiGeometry><Polygon><outerBoundaryIs><LinearRing><coordinates>76.8327948579288,30.7350266568245 76.8328694497726,30.7350235260294 76.832948075785,30.7350259648613 76.8330298522957,30.7350339506713 76.8331133612844,30.7350473462735 76.8331612018958,30.735058682301 76.8332131426674,30.7350752886431 76.8332637392926,30.7350945688393 76.8333949074582,30.7351483888401 76.8334696882371,30.7351739323111 76.833520948519,30.7351872634408 76.8336449122752,30.7352154055352 76.8337060352349,30.7352329136404 76.8337415351557,30.7352466130074 76.833779707184,30.7352650186125 76.8339014619261,30.7353353815283 76.8339470314893,30.7353592082145 76.8339936004553,30.7353784072327 76.8340377705413,30.7353904483727 76.834196112046,30.7356288399371 76.8344023512119,30.7356614046298 76.8345272304164,30.7355864761388 76.8344783349748,30.7353140535151 76.8343263681304,30.7349667032515 76.8339088513688,30.7346915060761 76.8338457405935,30.734703777932 76.8338166825607,30.7347105626361 76.8337848585895,30.7347214107524 76.8336798779822,30.7347680862475 76.8336404379606,30.7347830927156 76.8336002533104,30.7347928949176 76.8335815682106,30.7347948931122 76.8335635067183,30.734794998355 76.8335314305671,30.7347916344509 76.833495797597,30.7347843548136 76.8334561312388,30.734773182166 76.8334036111873,30.7347556308415 76.833364000474,30.7347402069049 76.8333215007582,30.7347203246664 76.8332033305612,30.7346550424385 76.8330963947623,30.7345926435352 76.8330578979433,30.7345673430636 76.8326771680456,30.7343794753636 76.8325136343295,30.7343914052756 76.8318949173061,30.734554225499 76.831757498452,30.7345983024175 76.8314476705986,30.7348494283777 76.8314179954257,30.7349708997876 76.8313871288843,30.735108102882 76.8313668572644,30.735211890505 76.8313525476477,30.735305987243 76.8313440472379,30.7353925245284 76.8313374188777,30.7354960874307 76.8313374872246,30.7355306712291 76.8313396429621,30.7355616627291 76.8313438274167,30.7356377041147 76.8313487873035,30.7356708461091 76.8313535725451,30.7356864444974 76.831359893809,30.735699639559 76.8313678503613,30.7357106406317 76.8313775118095,30.7357195367824 76.831392009483,30.7357283030438 76.8314109182114,30.7357362065931 76.8314676349658,30.7357515055652 76.831491703848,30.7357558573228 76.8315191807369,30.7357584643468 76.831614330683,30.7357603997841 76.8316868412881,30.7357641786562 76.8317262196069,30.7357625735652 76.831761112028,30.7357561337549 76.8317986564658,30.735744687242 76.8318394554666,30.7357282073547 76.8318925751146,30.7357030317804 76.8319359305657,30.7356795267884 76.8319892252335,30.7356462455343 76.8320181747588,30.7356258459081 76.8320462723677,30.7356027809238 76.8320737666378,30.7355768470877 76.8321010825021,30.7355476488005 76.8321533400201,30.7354826521489 76.8322513043586,30.7353441638982 76.8322949084486,30.7352870450931 76.8323451947792,30.7352309624522 76.8323704147076,30.7352071434344 76.8323961138705,30.7351857184674 76.8324594993374,30.7351351558456 76.8324929108523,30.7351104241463 76.8325266196997,30.735088979298 76.8325585722359,30.7350728344897 76.832603627252,30.7350565576638 76.8326561166908,30.735043832392 76.8327168432392,30.7350343389302 76.8327948579288,30.7350266568245</coordinates></LinearRing></outerBoundaryIs></Polygon></MultiGeometry>
  </Placemark>
  <Placemark>
	<name>Waterlogged</name>
	<Style><LineStyle><color>ff0000ff</color></LineStyle><PolyStyle><fill>0</fill></PolyStyle></Style>
	<ExtendedData><SchemaData schemaUrl="#wb_sac_ch">
		<SimpleData name="id">24</SimpleData>
		<SimpleData name="objectid_1">24</SimpleData>
		<SimpleData name="wetcode">1203</SimpleData>
		<SimpleData name="wetname"></SimpleData>
		<SimpleData name="aqveg">Yes</SimpleData>
		<SimpleData name="turbidity">Moderate</SimpleData>
		<SimpleData name="level_i">Inland</SimpleData>
		<SimpleData name="level_ii">Man-made</SimpleData>
		<SimpleData name="l4type"></SimpleData>
		<SimpleData name="area_ha">1.53491717928836</SimpleData>
		<SimpleData name="remarks"></SimpleData>
		<SimpleData name="lat">30.7605393112</SimpleData>
		<SimpleData name="long">76.7300294037</SimpleData>
		<SimpleData name="state">Chandigarh</SimpleData>
		<SimpleData name="shape_length">673.132128504887</SimpleData>
		<SimpleData name="shape_area">15349.1717928836</SimpleData>
		<SimpleData name="ds_name">Hydrological Layer</SimpleData>
		<SimpleData name="src_agency">SAC N</SimpleData>
	</SchemaData></ExtendedData>
      <MultiGeometry><Polygon><outerBoundaryIs><LinearRing><coordinates>76.7299070133307,30.7602753370089 76.7299577620082,30.7602618500208 76.7300374978703,30.7602634493632 76.7300826859139,30.7603006156119 76.7301065995906,30.7603482343239 76.7301093352671,30.7604026802105 76.7301369577335,30.7604685029886 76.7301854660204,30.7605383716421 76.7303170296469,30.7606425391549 76.730383688176,30.7606620059203 76.7304797237346,30.7606820605648 76.7305554578262,30.760676326816 76.7306108893971,30.7606448028536 76.7307626497113,30.7606224621212 76.7309345156866,30.7606331582389 76.731043530332,30.7606389701594 76.7310985722282,30.7606219425525 76.731137315695,30.7605864576737 76.7311724476086,30.7605291443687 76.7311870821143,30.7604532896519 76.7311892234287,30.7603735582549 76.7311871699805,30.7602937436974 76.7311716495885,30.7602462933423 76.731142954369,30.7602203359352 76.7310260343617,30.7601962358986 76.7309008180792,30.7601683441092 76.7307420302947,30.7601397784703 76.7305875357254,30.7601076742342 76.7304332360789,30.7600683202096 76.7302625387752,30.7600141339059 76.7301669919179,30.7599759573049 76.7300840345745,30.7599380330143 76.7300169868075,30.7599330635517 76.729928858546,30.7599312959511 76.7298491239114,30.7599296984018 76.72977319542,30.7599426796474 76.7297179577292,30.7599669555399 76.7296793114765,30.7599988157681 76.729640275525,30.7600451716111 76.7296054374187,30.7600916125168 76.7295657183368,30.7601633379333 76.7295350759569,30.7602098629336 76.7295131184746,30.7602456840211 76.7294711231435,30.760298024324 76.7294255828957,30.760378093448 76.7293820575282,30.7604352390348 76.7293180360836,30.7604738429929 76.7292287392374,30.7605155646084 76.7291311439225,30.7605534943744 76.729100598702,30.7605963958069 76.7290907444083,30.7606505892346 76.7291047049642,30.7607560258058 76.7291841547209,30.7609244191255 76.7292764876574,30.7610821917319 76.7293539819884,30.7611671460468 76.7294410394084,30.7612087781893 76.7295831403058,30.7612333841439 76.7297051347359,30.7612249519443 76.7298110246523,30.7611908135651 76.7298624545993,30.761151957962 76.7299136907461,30.7611203501561 76.7299819092183,30.7610818301536 76.7300636913184,30.7610073225898 76.7301370796246,30.7609326448892 76.7302011973601,30.7608904180986 76.7302401349215,30.7608476856329 76.7302464748112,30.7607680375537 76.7302157268488,30.7606622655117 76.730159019585,30.7605849808262 76.7300932378546,30.760532896559 76.7300308736958,30.7605098903544 76.7299556278059,30.760497503912 76.7299015589447,30.760478289348 76.7298812576754,30.7604524990888 76.7298746174983,30.7603870969012 76.7298758850093,30.760339982974 76.729876760729,30.7603073655307 76.7299070133307,30.7602753370089</coordinates></LinearRing></outerBoundaryIs></Polygon></MultiGeometry>
  </Placemark>
  <Placemark>
	<name>Tank/Pond</name>
	<Style><LineStyle><color>ff0000ff</color></LineStyle><PolyStyle><fill>0</fill></PolyStyle></Style>
	<ExtendedData><SchemaData schemaUrl="#wb_sac_ch">
		<SimpleData name="id">25</SimpleData>
		<SimpleData name="objectid_1">25</SimpleData>
		<SimpleData name="wetcode">1202</SimpleData>
		<SimpleData name="wetname"></SimpleData>
		<SimpleData name="aqveg">Yes</SimpleData>
		<SimpleData name="turbidity">Moderate</SimpleData>
		<SimpleData name="level_i">Inland</SimpleData>
		<SimpleData name="level_ii">Man-made</SimpleData>
		<SimpleData name="l4type">Urban</SimpleData>
		<SimpleData name="area_ha">1.20760137911822</SimpleData>
		<SimpleData name="remarks"></SimpleData>
		<SimpleData name="lat">30.7568757772</SimpleData>
		<SimpleData name="long">76.7146791681</SimpleData>
		<SimpleData name="state">Chandigarh</SimpleData>
		<SimpleData name="shape_length">402.118858919878</SimpleData>
		<SimpleData name="shape_area">12076.0137911822</SimpleData>
		<SimpleData name="ds_name">Hydrological Layer</SimpleData>
		<SimpleData name="src_agency">SAC N</SimpleData>
	</SchemaData></ExtendedData>
      <MultiGeometry><Polygon><outerBoundaryIs><LinearRing><coordinates>76.715083586189,30.7562862070993 76.7149580187672,30.7562715913266 76.7147122474101,30.7563029022214 76.7144855008706,30.7564071194168 76.7142062065126,30.7566432349433 76.71403394255,30.7568029414977 76.7139755432921,30.7568924183469 76.7139724423893,30.7570071830282 76.7140111445528,30.7571288337347 76.7141388119667,30.7573247989776 76.7142905630671,30.7574064221451 76.7144922508906,30.7574527893561 76.7146812556917,30.7574505532273 76.7148927111195,30.7573943756551 76.7150352035145,30.7573005491567 76.715086281424,30.7572230124093 76.7151879509938,30.7570860580444 76.715253671246,30.7569846404102 76.7152992231788,30.7568525997394 76.7153028110014,30.7567197148887 76.7152933894009,30.756550304484 76.7152821728045,30.7564473383 76.7152353355706,30.7563678295592 76.7151806874161,30.7563183803832 76.715083586189,30.7562862070993</coordinates></LinearRing></outerBoundaryIs></Polygon></MultiGeometry>
  </Placemark>
  <Placemark>
	<name>Waterlogged</name>
	<Style><LineStyle><color>ff0000ff</color></LineStyle><PolyStyle><fill>0</fill></PolyStyle></Style>
	<ExtendedData><SchemaData schemaUrl="#wb_sac_ch">
		<SimpleData name="id">26</SimpleData>
		<SimpleData name="objectid_1">26</SimpleData>
		<SimpleData name="wetcode">1203</SimpleData>
		<SimpleData name="wetname"></SimpleData>
		<SimpleData name="aqveg">No</SimpleData>
		<SimpleData name="turbidity">Moderate</SimpleData>
		<SimpleData name="level_i">Inland</SimpleData>
		<SimpleData name="level_ii">Man-made</SimpleData>
		<SimpleData name="l4type"></SimpleData>
		<SimpleData name="area_ha">1.205983919649</SimpleData>
		<SimpleData name="remarks"></SimpleData>
		<SimpleData name="lat">30.7578193942</SimpleData>
		<SimpleData name="long">76.7412959278</SimpleData>
		<SimpleData name="state">Chandigarh</SimpleData>
		<SimpleData name="shape_length">527.314218839119</SimpleData>
		<SimpleData name="shape_area">12059.83919649</SimpleData>
		<SimpleData name="ds_name">Hydrological Layer</SimpleData>
		<SimpleData name="src_agency">SAC N</SimpleData>
	</SchemaData></ExtendedData>
      <MultiGeometry><Polygon><outerBoundaryIs><LinearRing><coordinates>76.7413819025973,30.7566556523989 76.7412588058723,30.756653193189 76.7411666920783,30.7567480497335 76.7411625500079,30.7569026806046 76.7411313664231,30.7572308251221 76.7410338164313,30.7575286346276 76.7409292159168,30.7576715897072 76.7409175078107,30.7576906943735 76.740848292505,30.7577666685433 76.7407874194075,30.7579491752361 76.7407598593631,30.7581420167533 76.7407770628677,30.758335752603 76.740863223277,30.7584631793712 76.7410300488858,30.7585051905427 76.7415234787033,30.758476370129 76.7418505990493,30.7583862079843 76.7419195562996,30.7583198985431 76.7419234386419,30.7581749322663 76.7418705906336,30.7580578406725 76.741762047709,30.7579299672476 76.7415868785811,30.7577814242095 76.7414796304926,30.7576052280545 76.7414842898794,30.7574312691599 76.7414879149468,30.7572959658432 76.7415042823199,30.7571029002676 76.7414870778317,30.7569091639522 76.7414581654446,30.7567345332095 76.7413819025973,30.7566556523989</coordinates></LinearRing></outerBoundaryIs></Polygon></MultiGeometry>
  </Placemark>
  <Placemark>
	<name>Waterlogged</name>
	<Style><LineStyle><color>ff0000ff</color></LineStyle><PolyStyle><fill>0</fill></PolyStyle></Style>
	<ExtendedData><SchemaData schemaUrl="#wb_sac_ch">
		<SimpleData name="id">27</SimpleData>
		<SimpleData name="objectid_1">27</SimpleData>
		<SimpleData name="wetcode">1203</SimpleData>
		<SimpleData name="wetname"></SimpleData>
		<SimpleData name="aqveg">Yes</SimpleData>
		<SimpleData name="turbidity">Moderate</SimpleData>
		<SimpleData name="level_i">Inland</SimpleData>
		<SimpleData name="level_ii">Man-made</SimpleData>
		<SimpleData name="l4type"></SimpleData>
		<SimpleData name="area_ha">1.44090407287791</SimpleData>
		<SimpleData name="remarks"></SimpleData>
		<SimpleData name="lat">30.753375197</SimpleData>
		<SimpleData name="long">76.8133968652</SimpleData>
		<SimpleData name="state">Chandigarh</SimpleData>
		<SimpleData name="shape_length">508.170977779874</SimpleData>
		<SimpleData name="shape_area">14409.0407287791</SimpleData>
		<SimpleData name="ds_name">Hydrological Layer</SimpleData>
		<SimpleData name="src_agency">SAC N</SimpleData>
	</SchemaData></ExtendedData>
      <MultiGeometry><Polygon><outerBoundaryIs><LinearRing><coordinates>76.8137372856612,30.7528915549581 76.8136747772924,30.7528912849976 76.8136089567641,30.7528933532411 76.8135386690367,30.7528977928535 76.8133978877719,30.7529117826486 76.8131239498739,30.7529462872963 76.812902529678,30.7529730967625 76.8128280827942,30.7529846215679 76.8127615408621,30.7529972236049 76.8127037278712,30.7530071921562 76.8125418046885,30.7530291600689 76.8124970476057,30.7530376596021 76.8124593362142,30.7530472461073 76.8124202199009,30.7530611943811 76.8123887390953,30.7530777423061 76.812364360635,30.7530971718388 76.8123468756899,30.7531196607195 76.8123281208052,30.7531604172057 76.812316025948,30.7532056748029 76.8123123600722,30.7532486046546 76.8123137703659,30.7532681023488 76.8123173287513,30.7532858832237 76.8123266457676,30.7533111562847 76.8123409457573,30.7533374696247 76.812359706564,30.7533638372472 76.8123818123506,30.7533886749829 76.8123977252541,30.75340297138 76.8124173730636,30.7534174504039 76.8124808168804,30.7534558790021 76.8125203556298,30.7534781428094 76.8125626055213,30.7534994481627 76.8126075080609,30.7535197665073 76.8126549775736,30.7535390568795 76.8127037527272,30.7535565234997 76.8127559604365,30.7535726711543 76.8128117958156,30.7535875630403 76.8128716717527,30.7536013086383 76.8129096987594,30.7536078269206 76.8129528902909,30.7536122112898 76.8130946743488,30.7536178056987 76.8131444377187,30.7536213371476 76.8131908771497,30.7536277766916 76.8132318052568,30.7536373529547 76.8133162885794,30.7536643694882 76.8133469477507,30.7536772124398 76.8133731537353,30.7536908811323 76.8133968216731,30.7537066957622 76.8134211871525,30.7537268986225 76.8134961989839,30.7538020681413 76.813517600597,30.7538246406763 76.8135394456171,30.7538514895772 76.813614834534,30.7539594055685 76.8136485668294,30.7540018242749 76.8136687876366,30.7540227903391 76.8136893141571,30.7540405663891 76.8137105613533,30.7540555058948 76.8137327578031,30.7540677677298 76.8137925191899,30.754093494293 76.8138175849431,30.7541012630516 76.8138409163255,30.7541061409135 76.8138887726024,30.7541108399919 76.8139080306854,30.7541102778369 76.8139248449021,30.7541077803221 76.8139439921711,30.7541017139391 76.8139641180859,30.7540917662559 76.8139854516524,30.7540778777888 76.8140101022073,30.7540586799607 76.8140357063763,30.7540340516869 76.8140619778162,30.7540016767271 76.8140760551205,30.7539793870276 76.8140871549146,30.7539547349179 76.8140953958327,30.7539274723727 76.814100935452,30.7538970762013 76.8141045862396,30.753841407838 76.8141025937423,30.7537289941702 76.8141039019662,30.7536833988221 76.8141059707701,30.75363037199 76.8141062738219,30.7535054384394 76.8141101656989,30.7534441986618 76.8141161028908,30.753405486769 76.8141345238115,30.753315125482 76.8141398989889,30.7532707269348 76.8141424207703,30.75318589703 76.8141401231951,30.7531540548995 76.8141353028927,30.7531255924655 76.8141217302373,30.7530748831794 76.8141057979805,30.7530336463285 76.8140865406999,30.7529994007386 76.8140637532841,30.7529718993697 76.8140437909787,30.7529542357583 76.8140211987412,30.7529378245698 76.8139971985073,30.7529235521683 76.8139729507392,30.7529121072806 76.8139457606635,30.7529036227426 76.8139133106743,30.7528984525527 76.8137970815632,30.7528941684452 76.8137372856612,30.7528915549581</coordinates></LinearRing></outerBoundaryIs></Polygon></MultiGeometry>
  </Placemark>
  <Placemark>
	<name>Tank/Pond</name>
	<Style><LineStyle><color>ff0000ff</color></LineStyle><PolyStyle><fill>0</fill></PolyStyle></Style>
	<ExtendedData><SchemaData schemaUrl="#wb_sac_ch">
		<SimpleData name="id">29</SimpleData>
		<SimpleData name="objectid_1">29</SimpleData>
		<SimpleData name="wetcode">1202</SimpleData>
		<SimpleData name="wetname"></SimpleData>
		<SimpleData name="aqveg">No</SimpleData>
		<SimpleData name="turbidity">Moderate</SimpleData>
		<SimpleData name="level_i">Inland</SimpleData>
		<SimpleData name="level_ii">Man-made</SimpleData>
		<SimpleData name="l4type">Urban</SimpleData>
		<SimpleData name="area_ha">0.39649312738369</SimpleData>
		<SimpleData name="remarks"></SimpleData>
		<SimpleData name="lat">30.7607773842</SimpleData>
		<SimpleData name="long">76.8039788956</SimpleData>
		<SimpleData name="state">Chandigarh</SimpleData>
		<SimpleData name="shape_length">256.966682552554</SimpleData>
		<SimpleData name="shape_area">3964.9312738369</SimpleData>
		<SimpleData name="ds_name">Hydrological Layer</SimpleData>
		<SimpleData name="src_agency">SAC N</SimpleData>
	</SchemaData></ExtendedData>
      <MultiGeometry><Polygon><outerBoundaryIs><LinearRing><coordinates>76.8043242617553,30.7606840059641 76.8038748248597,30.7603706122865 76.8035257552477,30.7607118741301 76.8037726028866,30.7609052650303 76.8037245344759,30.76097684391 76.8037944496814,30.7610326041491 76.8040212679291,30.761189343083 76.8040425371754,30.7611788810078 76.8044432040937,30.7607914914136 76.8044145893807,30.7607619225488 76.8043242617553,30.7606840059641</coordinates></LinearRing></outerBoundaryIs></Polygon></MultiGeometry>
  </Placemark>
  <Placemark>
	<name>Waterlogged</name>
	<Style><LineStyle><color>ff0000ff</color></LineStyle><PolyStyle><fill>0</fill></PolyStyle></Style>
	<ExtendedData><SchemaData schemaUrl="#wb_sac_ch">
		<SimpleData name="id">30</SimpleData>
		<SimpleData name="objectid_1">30</SimpleData>
		<SimpleData name="wetcode">1203</SimpleData>
		<SimpleData name="wetname"></SimpleData>
		<SimpleData name="aqveg">Yes</SimpleData>
		<SimpleData name="turbidity">Moderate</SimpleData>
		<SimpleData name="level_i">Inland</SimpleData>
		<SimpleData name="level_ii">Man-made</SimpleData>
		<SimpleData name="l4type"></SimpleData>
		<SimpleData name="area_ha">2.0879856922292</SimpleData>
		<SimpleData name="remarks"></SimpleData>
		<SimpleData name="lat">30.7586908004</SimpleData>
		<SimpleData name="long">76.735797448</SimpleData>
		<SimpleData name="state">Chandigarh</SimpleData>
		<SimpleData name="shape_length">650.642925056991</SimpleData>
		<SimpleData name="shape_area">20879.856922292</SimpleData>
		<SimpleData name="ds_name">Hydrological Layer</SimpleData>
		<SimpleData name="src_agency">SAC N</SimpleData>
	</SchemaData></ExtendedData>
      <MultiGeometry><Polygon><outerBoundaryIs><LinearRing><coordinates>76.735913467498,30.7592424446783 76.7362632352782,30.7591430776814 76.736411308988,30.7590493448484 76.7364589247061,30.758943931823 76.7365528575204,30.7587814279107 76.7367800432658,30.758660266841 76.7371168037938,30.7586283263555 76.73730860212,30.7585741443895 76.7374345516956,30.7584702978068 76.7374480757472,30.7583835419835 76.7373827445802,30.7583145484178 76.7371263944007,30.7582707417968 76.7369137699939,30.7582664893929 76.7361962669552,30.7583004818595 76.7359164971737,30.7582948837208 76.7357832457672,30.7582535391325 76.7355716598442,30.7582106258422 76.7352682128173,30.7582529010365 76.7348742030151,30.7583320409786 76.734692556804,30.7584251005199 76.7345879491263,30.7585680512638 76.7345403329918,30.7586734638543 76.7345580444375,30.7588478710133 76.7346670994193,30.7589564198777 76.7349096648643,30.7590966498717 76.7350970556475,30.7592067663778 76.7354418975862,30.7592910251112 76.735913467498,30.7592424446783</coordinates></LinearRing></outerBoundaryIs></Polygon></MultiGeometry>
  </Placemark>
  <Placemark>
	<name>Waterlogged</name>
	<Style><LineStyle><color>ff0000ff</color></LineStyle><PolyStyle><fill>0</fill></PolyStyle></Style>
	<ExtendedData><SchemaData schemaUrl="#wb_sac_ch">
		<SimpleData name="id">31</SimpleData>
		<SimpleData name="objectid_1">31</SimpleData>
		<SimpleData name="wetcode">1203</SimpleData>
		<SimpleData name="wetname"></SimpleData>
		<SimpleData name="aqveg">Yes</SimpleData>
		<SimpleData name="turbidity">Moderate</SimpleData>
		<SimpleData name="level_i">Inland</SimpleData>
		<SimpleData name="level_ii">Man-made</SimpleData>
		<SimpleData name="l4type"></SimpleData>
		<SimpleData name="area_ha">1.48893623675259</SimpleData>
		<SimpleData name="remarks"></SimpleData>
		<SimpleData name="lat">30.6885175076</SimpleData>
		<SimpleData name="long">76.819883991</SimpleData>
		<SimpleData name="state">Chandigarh</SimpleData>
		<SimpleData name="shape_length">472.191947216822</SimpleData>
		<SimpleData name="shape_area">14889.3623675259</SimpleData>
		<SimpleData name="ds_name">Hydrological Layer</SimpleData>
		<SimpleData name="src_agency">SAC N</SimpleData>
	</SchemaData></ExtendedData>
      <MultiGeometry><Polygon><outerBoundaryIs><LinearRing><coordinates>76.8199727054541,30.6878651867389 76.8199478057529,30.6878634280373 76.8199197721506,30.6878638945067 76.8198382401802,30.6878722340241 76.8197984101693,30.6878778315588 76.8197573862914,30.687885741452 76.8197149231123,30.6878960091728 76.8196705950008,30.6879087378984 76.819576153645,30.6879414165566 76.8194546871375,30.6879904739568 76.8193532155528,30.6880335093296 76.8192870681204,30.6880648986232 76.8192301143397,30.6880970100886 76.8191824721388,30.688130227089 76.8191303447676,30.6881743275716 76.8190907234509,30.6882154765474 76.8190528274854,30.6882636743848 76.8190409783801,30.6882830815146 76.8190325279723,30.6883013798291 76.8190242319846,30.6883342040972 76.8190190709001,30.6883881561649 76.8190157048456,30.6884381143361 76.8190167979104,30.6884751507441 76.8190224793719,30.6885157655601 76.8190312342152,30.6885519810332 76.8190430789284,30.6885838541412 76.8190580007048,30.6886113489962 76.8190741338216,30.6886322214621 76.8190958855322,30.6886537052441 76.819172463376,30.6887131935671 76.8192418600327,30.6887621116686 76.81931964349,30.6888081998008 76.8194053795795,30.6888512000147 76.8194983096232,30.6888907292363 76.8195421760815,30.688906129103 76.8195922149618,30.6889203280462 76.8197857650866,30.6889632513312 76.8198651265797,30.6889849250785 76.8199255835959,30.6890080264851 76.8200401577179,30.689061562094 76.8200879142647,30.6890816578347 76.8201390175102,30.6890981837798 76.82018644794,30.6891072463867 76.8202260329679,30.6891110432615 76.8202635379892,30.6891127837234 76.8202988372896,30.689112463494 76.8203318462754,30.6891100827521 76.8203640320562,30.6891054169973 76.8203984557478,30.6890980571664 76.82047825545,30.6890742541907 76.820535398438,30.6890527570137 76.8205890912649,30.6890282245188 76.8206382947495,30.6890011353703 76.8206823533344,30.6889718541818 76.8207354447174,30.6889323310042 76.8207682743528,30.6889038167546 76.8207928565399,30.6888759165332 76.8208086656648,30.6888485945055 76.8208182593585,30.6888209630065 76.8208240117227,30.6887927649626 76.8208254829415,30.6887662260212 76.8208226263204,30.6887424866004 76.8208157068433,30.6887225341968 76.8208035671012,30.6887010096803 76.8207865736548,30.6886780070093 76.8207580436154,30.6886445164998 76.820732709873,30.6886194093336 76.8207001706471,30.6885947373095 76.8206661050971,30.6885732867856 76.8205798444523,30.6885234801796 76.8205381403295,30.6884951624133 76.8204546745542,30.6884291529309 76.8203957710086,30.6883763334101 76.8203479987452,30.6883257559699 76.8203008419288,30.6882679304156 76.8202532696471,30.6882016834249 76.8202010149631,30.6881210871202 76.8201908124417,30.6881025171511 76.8201813084026,30.6880805221956 76.8201509179754,30.687988162353 76.8201352749155,30.6879513976577 76.8201244760263,30.6879333560958 76.8201124465202,30.687918346257 76.8200989353542,30.687906061691 76.8200837927279,30.6878963678889 76.8200609701684,30.6878861276701 76.8200341854084,30.687877318825 76.8200042276056,30.6878702098693 76.8199727054541,30.6878651867389</coordinates></LinearRing></outerBoundaryIs></Polygon></MultiGeometry>
  </Placemark>
  <Placemark>
	<name>Waterlogged</name>
	<Style><LineStyle><color>ff0000ff</color></LineStyle><PolyStyle><fill>0</fill></PolyStyle></Style>
	<ExtendedData><SchemaData schemaUrl="#wb_sac_ch">
		<SimpleData name="id">32</SimpleData>
		<SimpleData name="objectid_1">32</SimpleData>
		<SimpleData name="wetcode">1203</SimpleData>
		<SimpleData name="wetname"></SimpleData>
		<SimpleData name="aqveg">Yes</SimpleData>
		<SimpleData name="turbidity">Moderate</SimpleData>
		<SimpleData name="level_i">Inland</SimpleData>
		<SimpleData name="level_ii">Man-made</SimpleData>
		<SimpleData name="l4type"></SimpleData>
		<SimpleData name="area_ha">6.96704202826641</SimpleData>
		<SimpleData name="remarks"></SimpleData>
		<SimpleData name="lat">30.6855908372</SimpleData>
		<SimpleData name="long">76.8218459051</SimpleData>
		<SimpleData name="state">Chandigarh</SimpleData>
		<SimpleData name="shape_length">1119.6243939861</SimpleData>
		<SimpleData name="shape_area">69670.4202826641</SimpleData>
		<SimpleData name="ds_name">Hydrological Layer</SimpleData>
		<SimpleData name="src_agency">SAC N</SimpleData>
	</SchemaData></ExtendedData>
      <MultiGeometry><Polygon><outerBoundaryIs><LinearRing><coordinates>76.8224129006846,30.6873934417297 76.8226256565325,30.6873879175793 76.8228605291713,30.6873924958711 76.8230628565772,30.6873577566778 76.8232209512895,30.6873028110014 76.8233368298178,30.687150333507 76.8233632341754,30.6869961112383 76.8233787067273,30.6868320042349 76.8233258113067,30.6867149219989 76.8231394601573,30.6865662246694 76.8229769939367,30.6863599646057 76.8228495923213,30.6860963633698 76.8227547359668,30.685872080141 76.8226926757936,30.6856774491896 76.822676613507,30.6854353592251 76.8226592899829,30.6852416001311 76.8224461183192,30.6844057306797 76.8223046778946,30.6838227074007 76.8222237831713,30.6834923125181 76.8221475138837,30.6834134564293 76.8220232269998,30.6834593889348 76.8210603711959,30.6841676959915 76.8209281088295,30.6842600778345 76.820515131757,30.6846485368994 76.8204668605822,30.6847829905786 76.8204267459683,30.6850336561102 76.8204725686748,30.6854213930102 76.8207609123479,30.6859492550862 76.8211578199499,30.686604957299 76.821418419649,30.6869098418532 76.821759330442,30.6871389233074 76.8220252324333,30.6872408186081 76.8224129006846,30.6873934417297</coordinates></LinearRing></outerBoundaryIs></Polygon></MultiGeometry>
  </Placemark>
  <Placemark>
	<name>Tank/Pond</name>
	<Style><LineStyle><color>ff0000ff</color></LineStyle><PolyStyle><fill>0</fill></PolyStyle></Style>
	<ExtendedData><SchemaData schemaUrl="#wb_sac_ch">
		<SimpleData name="id">34</SimpleData>
		<SimpleData name="objectid_1">34</SimpleData>
		<SimpleData name="wetcode">1202</SimpleData>
		<SimpleData name="wetname"></SimpleData>
		<SimpleData name="aqveg">No</SimpleData>
		<SimpleData name="turbidity">Moderate</SimpleData>
		<SimpleData name="level_i">Inland</SimpleData>
		<SimpleData name="level_ii">Man-made</SimpleData>
		<SimpleData name="l4type">Urban</SimpleData>
		<SimpleData name="area_ha">0.600133970549274</SimpleData>
		<SimpleData name="remarks"></SimpleData>
		<SimpleData name="lat">30.779657021</SimpleData>
		<SimpleData name="long">76.7690252655</SimpleData>
		<SimpleData name="state">Chandigarh</SimpleData>
		<SimpleData name="shape_length">280.407571471374</SimpleData>
		<SimpleData name="shape_area">6001.33970549274</SimpleData>
		<SimpleData name="ds_name">Hydrological Layer</SimpleData>
		<SimpleData name="src_agency">SAC N</SimpleData>
	</SchemaData></ExtendedData>
      <MultiGeometry><Polygon><outerBoundaryIs><LinearRing><coordinates>76.7691763956876,30.7792489923211 76.7691329947451,30.7792471379494 76.7690910184177,30.7792491736248 76.7690520634074,30.7792550204207 76.7690066387162,30.7792678470038 76.7689531636112,30.7792893213864 76.7689219575369,30.779305237062 76.7688891268903,30.7793259846392 76.768782062698,30.7794067966904 76.7686882732458,30.7794683503849 76.768657851192,30.7794898810714 76.7686268368759,30.779516139849 76.7686034852037,30.7795422534599 76.7685782614315,30.7795802051364 76.7685580183081,30.7796201877457 76.7685438799303,30.7796599577916 76.7685363540907,30.7796980461932 76.7685351184772,30.7797269896568 76.7685375915924,30.7797586432617 76.7685437792601,30.7797931861908 76.7685538104045,30.7798313418369 76.7685746827291,30.7798886349496 76.7685867574863,30.7799130775329 76.7686000506825,30.7799349916118 76.7686243970749,30.7799703336167 76.7686430062538,30.7799927704959 76.7686620957455,30.7800098338787 76.768681749966,30.7800212138958 76.768695199801,30.7800258418586 76.7687114329724,30.7800292988762 76.7687653748674,30.7800349571773 76.7688103758795,30.7800384092583 76.7688571930928,30.7800391765568 76.7689054045034,30.7800372516279 76.7689544148232,30.7800326573987 76.7690004306496,30.7800255517179 76.7690491561401,30.7800149493852 76.7691012358732,30.780000724293 76.7691587280246,30.7799823151239 76.7692197034369,30.7799613610635 76.7692589595794,30.7799460579092 76.7692929735639,30.7799300022777 76.769321548938,30.7799130212638 76.7693469394908,30.7798942404034 76.7693721662419,30.7798721846474 76.7693972052919,30.7798468772762 76.7694220534176,30.7798183200528 76.7694564733125,30.7797730760908 76.7694824220192,30.7797314860286 76.7695003662452,30.7796927907633 76.7695103305614,30.7796569021643 76.7695126541782,30.7796350324171 76.7695122939365,30.7796117043906 76.7695092481352,30.7795869025195 76.7695035124824,30.7795605892599 76.7694840126675,30.7795033974097 76.7694531469535,30.7794382156952 76.7694280025383,30.7793930357104 76.7694052830686,30.7793586240782 76.7693822438195,30.7793308343772 76.7693585787681,30.7793094358 76.7693308282862,30.7792916217405 76.769297829529,30.7792763148603 76.7692603338726,30.7792638698997 76.7692194793296,30.7792546657002 76.7691763956876,30.7792489923211</coordinates></LinearRing></outerBoundaryIs></Polygon></MultiGeometry>
  </Placemark>
  <Placemark>
	<name>Tank/Pond</name>
	<Style><LineStyle><color>ff0000ff</color></LineStyle><PolyStyle><fill>0</fill></PolyStyle></Style>
	<ExtendedData><SchemaData schemaUrl="#wb_sac_ch">
		<SimpleData name="id">36</SimpleData>
		<SimpleData name="objectid_1">36</SimpleData>
		<SimpleData name="wetcode">1202</SimpleData>
		<SimpleData name="wetname"></SimpleData>
		<SimpleData name="aqveg">Yes</SimpleData>
		<SimpleData name="turbidity">Moderate</SimpleData>
		<SimpleData name="level_i">Inland</SimpleData>
		<SimpleData name="level_ii">Man-made</SimpleData>
		<SimpleData name="l4type">Urban</SimpleData>
		<SimpleData name="area_ha">2.36672035664413</SimpleData>
		<SimpleData name="remarks"></SimpleData>
		<SimpleData name="lat">30.7710011945</SimpleData>
		<SimpleData name="long">76.7548359046</SimpleData>
		<SimpleData name="state">Chandigarh</SimpleData>
		<SimpleData name="shape_length">733.802544967085</SimpleData>
		<SimpleData name="shape_area">23667.2035664413</SimpleData>
		<SimpleData name="ds_name">Hydrological Layer</SimpleData>
		<SimpleData name="src_agency">SAC N</SimpleData>
	</SchemaData></ExtendedData>
      <MultiGeometry><Polygon><outerBoundaryIs><LinearRing><coordinates>76.7559220052689,30.7715097006968 76.7559410314568,30.7711112208305 76.755937469554,30.7709298504482 76.7559064067633,30.770834956737 76.7558417682921,30.7707393962339 76.7554797821033,30.7704566215938 76.7552814207567,30.7703366448337 76.7551232896401,30.7702827353327 76.7549802062067,30.7702943932415 76.7548187880123,30.7703637021187 76.7545966790012,30.7705043241425 76.75441557161,30.7706820200339 76.7543296984076,30.7707528322173 76.7542692008615,30.7708168958697 76.7541936549456,30.7708153937423 76.7541188827224,30.7707848972677 76.7540473996313,30.7706311831407 76.7540247317475,30.7705364569222 76.7539343324493,30.7704621375553 76.7537662609236,30.770466045677 76.7535962539189,30.7705424348615 76.7535683645438,30.7706434065879 76.7535644956299,30.7707883708583 76.7535608202117,30.7709260846792 76.7534817932434,30.7710550474487 76.7534039247146,30.7711405214121 76.7534016043028,30.7712274997177 76.753424657678,30.7713077296285 76.7535076300484,30.7713456410703 76.7537172862794,30.7713570646104 76.7539445041463,30.7713398303822 76.7542047175988,30.77134500774 76.7544901135014,30.7713506856647 76.754884050368,30.7713802785156 76.7550685243491,30.7713911993975 76.7552012810724,30.7714518565161 76.7553162843633,30.7715484188302 76.7553795694825,30.7716947165825 76.7554529892658,30.7717759487113 76.7555779331401,30.7718146928524 76.7556954491414,30.7718170298818 76.7557719611717,30.7717822921245 76.7558660354632,30.7717188948425 76.7559220052689,30.7715097006968</coordinates></LinearRing></outerBoundaryIs></Polygon></MultiGeometry>
  </Placemark>
  <Placemark>
	<name>Waterlogged</name>
	<Style><LineStyle><color>ff0000ff</color></LineStyle><PolyStyle><fill>0</fill></PolyStyle></Style>
	<ExtendedData><SchemaData schemaUrl="#wb_sac_ch">
		<SimpleData name="id">37</SimpleData>
		<SimpleData name="objectid_1">37</SimpleData>
		<SimpleData name="wetcode">1203</SimpleData>
		<SimpleData name="wetname"></SimpleData>
		<SimpleData name="aqveg">Yes</SimpleData>
		<SimpleData name="turbidity">Moderate</SimpleData>
		<SimpleData name="level_i">Inland</SimpleData>
		<SimpleData name="level_ii">Man-made</SimpleData>
		<SimpleData name="l4type"></SimpleData>
		<SimpleData name="area_ha">0.608699852259404</SimpleData>
		<SimpleData name="remarks"></SimpleData>
		<SimpleData name="lat">30.6811897949</SimpleData>
		<SimpleData name="long">76.7950651437</SimpleData>
		<SimpleData name="state">Chandigarh</SimpleData>
		<SimpleData name="shape_length">300.287030413905</SimpleData>
		<SimpleData name="shape_area">6086.99852259404</SimpleData>
		<SimpleData name="ds_name">Hydrological Layer</SimpleData>
		<SimpleData name="src_agency">SAC N</SimpleData>
	</SchemaData></ExtendedData>
      <MultiGeometry><Polygon><outerBoundaryIs><LinearRing><coordinates>76.7948171030873,30.6807873271647 76.7947755733365,30.6807850776 76.7947354235494,30.6807869965675 76.7946807035155,30.6807920457339 76.7946645318645,30.6807953226413 76.7946511630031,30.6807998462814 76.7946321277656,30.680810691732 76.7946133486879,30.6808268670111 76.7945946812843,30.6808483583111 76.7945735740831,30.6808781072778 76.7945595613642,30.680902709355 76.7945484069764,30.6809302635199 76.7945403278555,30.6809602403721 76.7945355275435,30.680991896415 76.7945341380127,30.6810245159868 76.7945362333219,30.6810569326902 76.7945417470054,30.6810880970741 76.7945505001007,30.681117015959 76.794562637405,30.6811429684524 76.794580425983,30.6811708843849 76.7946037988732,30.681201018305 76.794639521878,30.6812420748345 76.7946810883811,30.6812837379024 76.7947323579459,30.6813257882439 76.7947933385415,30.6813687267754 76.7948863861592,30.6814282656639 76.7949269105164,30.6814520083963 76.7950204216644,30.6815020563163 76.7950600491156,30.6815259741884 76.7950899226529,30.6815481038227 76.7951631212237,30.681609968983 76.7951860357143,30.6816257140249 76.7952081677004,30.6816376879091 76.7952541843039,30.6816589579342 76.7952843151408,30.6816702703088 76.7953107978079,30.6816762610968 76.795333031728,30.6816764094982 76.7953454360326,30.6816736277603 76.7953583079029,30.6816685871334 76.7953853931172,30.6816517654743 76.795414108749,30.6816260625439 76.7954443638859,30.6815915578819 76.7954597772989,30.6815681648672 76.7954726860801,30.6815395869813 76.795482962152,30.6815076776581 76.7954985070245,30.6814475537904 76.7955151796417,30.6813738655209 76.7955248560583,30.6813015090969 76.7955273780131,30.6812316775896 76.7955227229487,30.6811651482115 76.7955166448565,30.681109784142 76.7955116787981,30.6810813034679 76.7955037041204,30.6810553789724 76.795492607299,30.6810339941397 76.7954746371567,30.68101015765 76.7954541129835,30.6809889995877 76.7954325267734,30.6809720397168 76.7954106374351,30.6809598485575 76.7953968310647,30.6809549650834 76.7953802550938,30.6809513896484 76.7953103645193,30.6809433701995 76.7952573110055,30.6809313768074 76.7951991471218,30.6809134198843 76.7951414386755,30.6808920990089 76.794991184392,30.6808322348554 76.7949466449579,30.680816595436 76.7949064746701,30.6808045125873 76.7948604521164,30.6807937648653 76.7948171030873,30.6807873271647</coordinates></LinearRing></outerBoundaryIs></Polygon></MultiGeometry>
  </Placemark>
</Folder>
</Document></kml>
