<?xml version="1.0" encoding="utf-8" ?>
<kml xmlns="http://www.opengis.net/kml/2.2">
<Document id="root_doc">
<Schema name="wb_sac_dd" id="wb_sac_dd">
	<SimpleField name="Name" type="string"></SimpleField>
	<SimpleField name="id" type="int"></SimpleField>
	<SimpleField name="objectid_1" type="float"></SimpleField>
	<SimpleField name="wetcode" type="int"></SimpleField>
	<SimpleField name="wetname" type="string"></SimpleField>
	<SimpleField name="aqveg" type="string"></SimpleField>
	<SimpleField name="turbidity" type="string"></SimpleField>
	<SimpleField name="level_i" type="string"></SimpleField>
	<SimpleField name="level_ii" type="string"></SimpleField>
	<SimpleField name="l4type" type="string"></SimpleField>
	<SimpleField name="area_ha" type="float"></SimpleField>
	<SimpleField name="remarks" type="string"></SimpleField>
	<SimpleField name="lat" type="float"></SimpleField>
	<SimpleField name="long" type="float"></SimpleField>
	<SimpleField name="state" type="string"></SimpleField>
	<SimpleField name="shape_length" type="float"></SimpleField>
	<SimpleField name="shape_area" type="float"></SimpleField>
	<SimpleField name="ds_name" type="string"></SimpleField>
	<SimpleField name="src_agency" type="string"></SimpleField>
</Schema>
<Folder><name>wb_sac_dd</name>
  <Placemark>
	<name>Tank/Pond</name>
	<Style><LineStyle><color>ff0000ff</color></LineStyle><PolyStyle><fill>0</fill></PolyStyle></Style>
	<ExtendedData><SchemaData schemaUrl="#wb_sac_dd">
		<SimpleData name="id">46</SimpleData>
		<SimpleData name="objectid_1">46</SimpleData>
		<SimpleData name="wetcode">1202</SimpleData>
		<SimpleData name="wetname"></SimpleData>
		<SimpleData name="aqveg">No</SimpleData>
		<SimpleData name="turbidity">High</SimpleData>
		<SimpleData name="level_i">Inland</SimpleData>
		<SimpleData name="level_ii">Man-made</SimpleData>
		<SimpleData name="l4type"></SimpleData>
		<SimpleData name="area_ha">1.75645201638156</SimpleData>
		<SimpleData name="remarks"></SimpleData>
		<SimpleData name="lat">20.1721555576</SimpleData>
		<SimpleData name="long">73.0000907339</SimpleData>
		<SimpleData name="state">Dadra &amp; Nagar Haveli</SimpleData>
		<SimpleData name="shape_length">538.20493679821</SimpleData>
		<SimpleData name="shape_area">17564.5201638156</SimpleData>
		<SimpleData name="ds_name">Hydrological Layer</SimpleData>
		<SimpleData name="src_agency">SAC N</SimpleData>
	</SchemaData></ExtendedData>
      <MultiGeometry><Polygon><outerBoundaryIs><LinearRing><coordinates>73.0007640018408,20.1728553168392 73.0007999642062,20.1715234125005 72.9993815554714,20.1716088516582 72.9993262967612,20.1724685503287 73.0007640018408,20.1728553168392</coordinates></LinearRing></outerBoundaryIs></Polygon></MultiGeometry>
  </Placemark>
  <Placemark>
	<name>Waterlogged</name>
	<Style><LineStyle><color>ff0000ff</color></LineStyle><PolyStyle><fill>0</fill></PolyStyle></Style>
	<ExtendedData><SchemaData schemaUrl="#wb_sac_dd">
		<SimpleData name="id">45</SimpleData>
		<SimpleData name="objectid_1">45</SimpleData>
		<SimpleData name="wetcode">1203</SimpleData>
		<SimpleData name="wetname"></SimpleData>
		<SimpleData name="aqveg">Yes</SimpleData>
		<SimpleData name="turbidity">Moderate</SimpleData>
		<SimpleData name="level_i">Inland</SimpleData>
		<SimpleData name="level_ii">Man-made</SimpleData>
		<SimpleData name="l4type"></SimpleData>
		<SimpleData name="area_ha">25.2624049499956</SimpleData>
		<SimpleData name="remarks"></SimpleData>
		<SimpleData name="lat">20.1609389117</SimpleData>
		<SimpleData name="long">73.0379835999</SimpleData>
		<SimpleData name="state">Dadra &amp; Nagar Haveli</SimpleData>
		<SimpleData name="shape_length">2174.27818432888</SimpleData>
		<SimpleData name="shape_area">252624.049499956</SimpleData>
		<SimpleData name="ds_name">Hydrological Layer</SimpleData>
		<SimpleData name="src_agency">SAC N</SimpleData>
	</SchemaData></ExtendedData>
      <MultiGeometry><Polygon><outerBoundaryIs><LinearRing><coordinates>73.0386775300855,20.162413779725 73.0390119104323,20.1623888279307 73.0393607576454,20.1624213933603 73.0398162426647,20.1624264686032 73.0402570828273,20.1623883612764 73.0405003655732,20.1623623929387 73.0405176974276,20.1621905163949 73.0404310770085,20.1618310748007 73.0402685427303,20.1614707886696 73.0400329614047,20.1608802627969 73.0399642110436,20.1603059344483 73.0400144146375,20.1599336784735 73.0400367590536,20.159360363972 73.0399969413689,20.1589010700014 73.039714204316,20.1584390712547 73.0395055909344,20.1581212875507 73.039205703864,20.1578168272882 73.0390406683511,20.1576572586384 73.03870880607,20.1574814910356 73.038451601775,20.1574069297176 73.0381018703389,20.1574460487418 73.0377360591594,20.157556682739 73.0374604473219,20.1577400173726 73.0370463987833,20.158065198183 73.0367232638121,20.1584057308304 73.0364612167315,20.1587182664879 73.0362593595888,20.1590744910525 73.0360398072735,20.1596312633668 73.0359436874873,20.1600316832519 73.0360460184775,20.1603482851799 73.0361937176065,20.1606797315399 73.0362044138144,20.1610383267342 73.0360506143878,20.1611943397806 73.035851085936,20.1613641813376 73.0356817425633,20.1615486982211 73.0355256080242,20.1618910923983 73.0355037828962,20.1624213932561 73.0355457421566,20.1627086422674 73.0358456300294,20.163013109497 73.0362387690751,20.1631465493405 73.0366317300408,20.1632943248358 73.0367655055251,20.1635252415188 73.0368680181537,20.1638275054202 73.0370928928634,20.1640594389964 73.0373490305245,20.1642200257503 73.0379672304455,20.1645710584114 73.0381937207316,20.1646739567848 73.0383001818169,20.1646608042064 73.0384252313943,20.164375418165 73.0386281675693,20.163933168857 73.0386615798052,20.1636897776501 73.0385906838534,20.1632874932025 73.0385351493577,20.1628710427696 73.0385398097448,20.1624982792051 73.0386775300855,20.162413779725</coordinates></LinearRing></outerBoundaryIs></Polygon></MultiGeometry>
  </Placemark>
  <Placemark>
	<name>Reservoir/Barrage</name>
	<Style><LineStyle><color>ff0000ff</color></LineStyle><PolyStyle><fill>0</fill></PolyStyle></Style>
	<ExtendedData><SchemaData schemaUrl="#wb_sac_dd">
		<SimpleData name="id">47</SimpleData>
		<SimpleData name="objectid_1">47</SimpleData>
		<SimpleData name="wetcode">1201</SimpleData>
		<SimpleData name="wetname">Damanganga</SimpleData>
		<SimpleData name="aqveg">Yes</SimpleData>
		<SimpleData name="turbidity">Low</SimpleData>
		<SimpleData name="level_i">Inland</SimpleData>
		<SimpleData name="level_ii">Man-made</SimpleData>
		<SimpleData name="l4type"></SimpleData>
		<SimpleData name="area_ha">1165.35426617483</SimpleData>
		<SimpleData name="remarks"></SimpleData>
		<SimpleData name="lat">20.1742245434</SimpleData>
		<SimpleData name="long">73.1398359275</SimpleData>
		<SimpleData name="state">Dadra &amp; Nagar Haveli</SimpleData>
		<SimpleData name="shape_length">94238.4869592236</SimpleData>
		<SimpleData name="shape_area">11653542.6617483</SimpleData>
		<SimpleData name="ds_name">Hydrological Layer</SimpleData>
		<SimpleData name="src_agency">SAC N</SimpleData>
	</SchemaData></ExtendedData>
      <MultiGeometry><Polygon><outerBoundaryIs><LinearRing><coordinates>73.083444501844,20.1722664058672 73.0865351721188,20.17081165446 73.0870436190517,20.1703242728103 73.0876048096221,20.1689472952091 73.0884192783913,20.1673673032486 73.0897513971761,20.1642106740317 73.0900927480686,20.1634758693823 73.0897042828803,20.1621800707187 73.0897905752928,20.1612911997681 73.0902645699939,20.1604007548399 73.0902985881596,20.1603172102208 73.0911729502052,20.1600114566585 73.0918972378239,20.1597691839953 73.0919395772224,20.1597550222349 73.0924902101146,20.1595305670207 73.0927631545176,20.1595267508099 73.0927712220223,20.159532077631 73.0927725669144,20.1595314589207 73.0931468473831,20.1593719235379 73.0937872538472,20.1590989487173 73.0950315332899,20.1588923842681 73.0967478767317,20.1574381722233 73.0976491730606,20.1571571540154 73.0986741787289,20.1564626849363 73.0994068982597,20.1562236435623 73.1004114168781,20.1562253305604 73.1003727304484,20.1562105520292 73.1002845836565,20.1559658288945 73.1004220963848,20.1558956165577 73.1006208594699,20.1557830459721 73.1005772203614,20.15562484086 73.1003341226775,20.1556365569458 73.1000749751595,20.1557197966585 73.0998484493451,20.1556169746362 73.0998962538447,20.1554310777198 73.1000353276241,20.1552318266363 73.1002339170204,20.1551335941395 73.1005543144355,20.1550079961803 73.1008738444782,20.1549540858472 73.1012378823347,20.1549866923464 73.1014483581922,20.1551610362765 73.1018111828377,20.1552940046181 73.1020823912802,20.1554690025107 73.1019738583892,20.1556542453994 73.1018653251483,20.1558394891628 73.1018930898972,20.1560548797473 73.1020890788941,20.1561717088556 73.1024065316349,20.1562898478325 73.1027074143045,20.1565225228892 73.1027992716588,20.1566335265469 73.1038678418444,20.1569105515632 73.1047041508197,20.1571872396227 73.1047280919274,20.1570605146984 73.1047124683604,20.1569171790556 73.1044586094235,20.1567421436257 73.1043393970568,20.1565544459007 73.1042360609494,20.1563095629997 73.1041243543283,20.1561291154378 73.1039590751439,20.1559839409767 73.1037876784253,20.1557168135184 73.1035076623548,20.1556420994748 73.1032421374063,20.1556248988998 73.1029841174794,20.1556149481631 73.1026285365628,20.1555107392139 73.1025771301096,20.1553667906137 73.1026017230086,20.155216490886 73.1026348612377,20.1549874166957 73.1025466256803,20.1547498639986 73.1024494983886,20.1546197615962 73.1023675537455,20.1544898232434 73.102050017948,20.1543788531022 73.1020668471484,20.1542428104149 73.1022721598125,20.154216344286 73.1024930867689,20.1541541982458 73.1027437727403,20.1541425611475 73.1029171606724,20.1542448059139 73.1030617423408,20.1542176852411 73.10308642181,20.1540602169153 73.103028377182,20.1538373292876 73.1027629413,20.1538129591069 73.1026196606134,20.1537325486098 73.1026132817784,20.1536321029897 73.1027363889115,20.153497204279 73.1029117673446,20.1534345673239 73.1032165440164,20.1533446444286 73.1033550062435,20.1531955718284 73.1035165879355,20.1530180697384 73.1037003364641,20.1528909931122 73.1039446411229,20.1527789085712 73.1041892062069,20.1526453175368 73.1043494015618,20.1525825150824 73.1045476387065,20.1525129520374 73.1048306778409,20.152336755996 73.1049606806147,20.1522592877562 73.1051739266697,20.1522042251901 73.1054097734025,20.152163745 73.1055536605205,20.1521939726324 73.1056048102099,20.1523594277627 73.1056870163245,20.1524678579011 73.1057947635583,20.1523471323248 73.1059091515285,20.1523053440361 73.1059704868524,20.1522558152268 73.1059111401597,20.1521404616821 73.1060266524752,20.1520054781838 73.1061649367596,20.1518707415103 73.1064087203574,20.1518016663314 73.1065913412558,20.15176778145 73.1068060554542,20.1515908466248 73.1069286385334,20.1514989579625 73.1070648480962,20.1515362705679 73.1070094628461,20.1517220894715 73.1070308528364,20.1518370356908 73.1071453270421,20.1517880787121 73.1072233121178,20.1516168420951 73.1073157899891,20.1515031206963 73.1075066932386,20.1514119654585 73.1076822408387,20.1513349856724 73.1080932891018,20.151246196233 73.1082614182504,20.1511547961622 73.1083771854907,20.1509983057331 73.1084551694902,20.1508270686572 73.108525477113,20.1506629199793 73.1085876742619,20.150541702203 73.1086957635564,20.1503922981543 73.1087730563599,20.1502784125008 73.1089632665051,20.1502446069943 73.1091852229146,20.1500964261024 73.1090499636634,20.1499802570001 73.1091489935519,20.1499526412181 73.1094156329812,20.1498766372834 73.1096051523659,20.1499001815166 73.1098545377564,20.149996065913 73.1100675210989,20.1499625045086 73.1101681902369,20.1497986799846 73.1101251457042,20.1495902940718 73.1102628215509,20.1495057349209 73.1104909859493,20.1494723353004 73.1105597373267,20.1494372233477 73.1105684496049,20.1493441105297 73.1100462641473,20.1488404113056 73.1099429613296,20.1489573993691 73.1096898669085,20.1491697755218 73.1093913110688,20.1493744924064 73.1091330408271,20.1493860583202 73.1086852519534,20.1493740795564 73.108480724749,20.1493360324036 73.1082076178636,20.1493187593659 73.1080111132116,20.1492449502786 73.107828926681,20.1492429923462 73.1076230171555,20.1493196458966 73.1073487877775,20.1493955662127 73.1071515914387,20.1493791064459 73.1068549334654,20.1494261051481 73.1066573924454,20.1494383204843 73.1064694303016,20.1492857341464 73.1065325804746,20.149085660882 73.106467112777,20.1488483550725 73.1063701584099,20.1487039167728 73.1064399475252,20.1485827815217 73.1066155792412,20.1484986327225 73.1066474125654,20.1483770895745 73.10664862282,20.1482767260986 73.1067098698528,20.1482343658926 73.1067718942852,20.148127485615 73.106795704702,20.1480417054876 73.1067346311196,20.148069727448 73.1065662453012,20.14818263248 73.1064050181556,20.1483314640146 73.106296927963,20.1484808660848 73.1061891842204,20.1486015933766 73.106171666412,20.1487949879437 73.1062157437304,20.1489173478257 73.1062513643612,20.1491113150439 73.1060527002091,20.1492167244735 73.1058630962215,20.1492003444517 73.1056738370939,20.149155290279 73.10537648818,20.1492596374821 73.1051266741815,20.1491995900362 73.1048091467634,20.1490886262849 73.1042665721299,20.1487529766901 73.1039882132662,20.1485420570452 73.103829407617,20.1484901579702 73.1036395448503,20.1484952839471 73.1033963721798,20.1485141735469 73.103212974795,20.1486125744163 73.1030457128448,20.1486322817187 73.1029178775611,20.1485305279791 73.1026560891235,20.1482050681794 73.1025743200677,20.1480607924456 73.1025540595466,20.1478526512448 73.1025718397366,20.1476377502012 73.1025457645057,20.1472268031665 73.1024177676577,20.1478225033138 73.1024238858784,20.1479444552993 73.1024753775818,20.1480812351572 73.1025264354782,20.1482538593365 73.1026226933398,20.1484556496202 73.1026891935082,20.1486069309007 73.1028165958263,20.1487445292282 73.1032780038803,20.1488857250681 73.1034598435452,20.1489163633275 73.1038016136101,20.1489057048442 73.1041202646479,20.1489234758563 73.1043013249929,20.1490186322179 73.1044295941869,20.1490845413392 73.1044659918413,20.1492139880354 73.1043737738782,20.1493062022839 73.104311573468,20.1494274181483 73.1043945561932,20.1494713304254 73.1046080588724,20.1493947609565 73.1047365883508,20.1494391637587 73.1048641651292,20.1495624229923 73.1050261517434,20.1499800116805 73.1050704861739,20.1500808658654 73.1051664032701,20.1503113297053 73.1052417948376,20.1503551600608 73.1053163221574,20.150470677453 73.1052844871164,20.1505922205806 73.1051401685752,20.1505978371531 73.1050259553058,20.150625287388 73.1049710008502,20.1507752609377 73.1048930124446,20.1509464952651 73.1046863201252,20.1510876651297 73.1044192450717,20.1511995052771 73.1040152675941,20.1513313811805 73.1037186933988,20.1513712051539 73.1034676644278,20.1514115195294 73.1032163772295,20.1514733396973 73.1029727662727,20.1515280722352 73.1028802855967,20.151641791908 73.1027043892111,20.1517474428022 73.1026341631312,20.1519044203304 73.1025104507111,20.1520894997316 73.1024027006108,20.15221022474 73.1022424193553,20.1522801938531 73.1021500249593,20.1523867435597 73.1019967275474,20.1525069768743 73.1017012767006,20.1524536026168 73.1015204737886,20.1523369375395 73.1013831381672,20.1523928140909 73.1012980747368,20.1525209520266 73.1010925051022,20.1525689229575 73.1009173863273,20.1526100524461 73.1008397395336,20.1527526092277 73.1006634941089,20.1528869327643 73.1004644738991,20.1530210100954 73.1004101208622,20.1531207994555 73.1002566470405,20.1532553684971 73.1001331915512,20.1534189400692 73.1000331179288,20.1535325756696 73.0997725847872,20.1537305160831 73.0994964347038,20.1539641362644 73.099103897821,20.1544044210713 73.0989040925743,20.1546030151317 73.098726454242,20.154852038257 73.0984360731357,20.1550066352844 73.0983133087008,20.1551128548411 73.098137753565,20.1551898249573 73.0980319954745,20.1551456635154 73.0979182129839,20.1551372639199 73.0978108048598,20.1552293092557 73.0976879530231,20.1553426979887 73.0976184143938,20.1554423219998 73.097548181383,20.1555992968609 73.097448103913,20.1557129309837 73.0972258688799,20.1558826026288 73.096935397138,20.1560443647353 73.0964411764767,20.1561035484554 73.0963114271036,20.1561595034088 73.0961811572338,20.1562584707768 73.0960501903463,20.1564147879466 73.0960025546219,20.1565863454336 73.0959708850873,20.1566935489998 73.0957802305532,20.1567631829633 73.0956365160854,20.156718610174 73.0955078967212,20.1566813698357 73.095378147412,20.156737323138 73.0951414215488,20.1568494770746 73.0949062625555,20.1568325932268 73.0947169991988,20.1567875249341 73.0945131637881,20.1566921131031 73.094306609787,20.1561951664703 73.0941514577029,20.1558421705939 73.0940627116234,20.1556476277339 73.0939970002577,20.155431824664 73.0939921940425,20.1552023412139 73.0939633961259,20.1550729750127 73.093841934845,20.1550716589922 73.0937352217217,20.155106352485 73.0935920309964,20.1550187644222 73.0935785028727,20.1548823944156 73.0935952530045,20.1547535203917 73.0937321571053,20.1547334944441 73.0939145228015,20.1547211301926 73.0939688794671,20.1546213420256 73.0940244557413,20.1544211925918 73.0940883198149,20.1541637744591 73.094125299399,20.1536192756035 73.0941039182316,20.1535043290686 73.0939911805347,20.1534099017514 73.0939313225621,20.1533375566087 73.0941375907291,20.1532322447425 73.0942981379808,20.1531407762413 73.0944589454777,20.153027801388 73.0944453289208,20.1528985995059 73.0944245573983,20.152733470266 73.0943806632157,20.1525967708015 73.0942374747186,20.1525091845037 73.0942382581646,20.1524446660687 73.0943986297751,20.152367534937 73.0945361410136,20.1522973264054 73.0946520971154,20.1521265079885 73.0947916880785,20.1516763267976 73.0948539248775,20.1515527249423 73.0949068528567,20.1513621052661 73.094857984738,20.1512181824689 73.0948300559643,20.151017127111 73.094882402797,20.1508742997842 73.0949339387837,20.1507983804154 73.0950360805674,20.1507230086286 73.0951282182272,20.1506379686835 73.0951201836583,20.1504658089885 73.0948463244331,20.1505106430824 73.094754071266,20.1506052411391 73.0947313930274,20.1508057477823 73.0945480461742,20.1508993601143 73.0943944840588,20.1510410925389 73.0943816947322,20.151260825717 73.0943285351479,20.1514705617969 73.0941651981212,20.1515835083354 73.0939335628555,20.1514854055088 73.0937727798867,20.1513880677024 73.0935717414853,20.1512711758711 73.0932982295586,20.1512873323873 73.093094290618,20.1514093987393 73.092942003255,20.1514459877468 73.0928932537525,20.1512925060362 73.0929054648813,20.1511205643451 73.0930494878691,20.1509309329716 73.0931828085422,20.150788982829 73.093286111475,20.1506180276671 73.0932578365949,20.1504456487681 73.0934101227262,20.1504090594762 73.0936628107338,20.1504404750972 73.093875825791,20.1504045425269 73.0941400266632,20.1503213662173 73.0943245333457,20.1501321708712 73.0944392332253,20.1498561832238 73.0945715075819,20.1498002572856 73.0947318265792,20.1499358271865 73.0948130298273,20.1499175863124 73.0948564139518,20.1496790656732 73.0949228258627,20.1492113621889 73.0949442272858,20.1491159975502 73.0948127664956,20.1491050160274 73.0947098130461,20.1492472952916 73.0945982454671,20.1492652072046 73.0943654545902,20.1492626888072 73.094174772084,20.1491267896287 73.0939624559147,20.14910537215 73.0937294324577,20.1491219683155 73.0934341720117,20.1492621650974 73.0932628047996,20.1492029517466 73.0931742669112,20.1489916817984 73.093229051598,20.1486481283511 73.0932304447269,20.1485334284388 73.0930908354086,20.1483598432507 73.0930821065728,20.1482450323857 73.0931246816279,20.1480734204198 73.0932392647556,20.1478069924615 73.0932107585621,20.1476537296253 73.093171202168,20.1475768245224 73.0932017079396,20.1474612437274 73.0932026656779,20.1473823873438 73.093199653228,20.1473178277257 73.0931924548848,20.147285485734 73.0931470827191,20.1472706550658 73.0930403441601,20.1474766318773 73.0930687131497,20.1476808704144 73.093066622702,20.1478529214881 73.0930035742857,20.1480434298781 73.0929501816614,20.1482722831038 73.0929477444694,20.1484730081861 73.0929448420839,20.1487119681173 73.0929521775566,20.1489414771541 73.0929172859702,20.1493139245187 73.0929742994781,20.1496204499764 73.0931848745582,20.1497852446066 73.0933990496471,20.1496537301442 73.0935517979037,20.1495789058029 73.0936112511519,20.1496847058056 73.0935074834561,20.1498938940021 73.0933036623621,20.1500064021742 73.0931309010211,20.1500618887072 73.0928564621616,20.1501545123307 73.0928057389841,20.1501635231169 73.0927742135782,20.1502587774609 73.0926307716326,20.1504006180225 73.0924774412001,20.1505232309836 73.0924542943061,20.1507619703146 73.0924317300543,20.1509529193503 73.092329934408,20.1509996136018 73.0920660788561,20.1510541119113 73.0920430477143,20.1512832930531 73.0920812104102,20.1514748989876 73.0921576527544,20.1518485517611 73.0923190169914,20.1518980990763 73.0925425038741,20.1518336035559 73.092836144365,20.151827225892 73.092936197542,20.1519239054223 73.0929337603097,20.1521246303452 73.0928711728592,20.1522769063183 73.09281870674,20.1524292923332 73.0928167325181,20.1525917841433 73.0927544943128,20.1527153853269 73.0924807471374,20.1527506578745 73.092297048315,20.1528729416179 73.0921937414362,20.1530438955309 73.092130457126,20.153253521173 73.0919760765565,20.1534621586151 73.0919326850628,20.1537006793057 73.0919301287187,20.1539109628186 73.091998425672,20.154122014428 73.0920367038071,20.1543040616422 73.092034264202,20.1545047869998 73.0919601596921,20.1547716526229 73.0919669127872,20.155048954705 73.0919839022508,20.155316808581 73.0919716896415,20.1554887491071 73.0918494147147,20.1555543396873 73.0916579152009,20.1554853465964 73.0914874718301,20.1553496643608 73.0913897410914,20.1550618163073 73.0914145175971,20.1546892606624 73.0913937982469,20.1538955890681 73.0914665087985,20.1537434226328 73.0916305465657,20.1535731289416 73.0918156413662,20.153336145461 73.0919003314185,20.153031155391 73.091882991656,20.1527919769071 73.0917630444439,20.1526664014986 73.0914688207723,20.1527205703323 73.0912143870292,20.1528325262563 73.0911321355512,20.1529367898523 73.090938314636,20.1530589627506 73.0907158721185,20.1530374313558 73.0906259392847,20.1529408603281 73.0905168109007,20.152758044289 73.090547990385,20.152691465073 73.0907810185459,20.1526748737251 73.0909028267294,20.1526475155454 73.0910466199413,20.1524770022952 73.091118633083,20.1523821869037 73.0911708687627,20.1522489189876 73.0911216544104,20.1521336696267 73.0910932663331,20.1519708483546 73.0909535414313,20.1518068198175 73.0910065887926,20.151606643999 73.0909375976465,20.1514529421621 73.0907962458531,20.1514227303426 73.0906336040478,20.1514783233728 73.0903908046279,20.1514661312364 73.0902413079279,20.1512733170534 73.0900790152251,20.1513002355772 73.0900560973916,20.1515198572953 73.0899936246347,20.1516625737522 73.0901950087353,20.1517507946647 73.090385573358,20.1518962556789 73.0901424240109,20.1519127379618 73.0897984084098,20.1518994452768 73.0896453061314,20.1520029398667 73.0895649153636,20.1519542690837 73.0895070950987,20.1517146523259 73.0895002305815,20.1514469084273 73.0893605062494,20.1512828783971 73.0892403291151,20.1511764194993 73.0891307378872,20.1510318358318 73.0891123550967,20.1508786828221 73.0889191173675,20.1509530624093 73.0888366335713,20.1510764411308 73.0889027135056,20.151469101705 73.0890036960694,20.1514893167769 73.0890430185453,20.1515853407735 73.0888301171542,20.1516117073123 73.0887672944803,20.1517830990538 73.0889377315284,20.1519187830231 73.0889363346634,20.1520334832972 73.0886716627048,20.1521548846417 73.0887202927756,20.1523179262228 73.0890433666001,20.1523883504347 73.0893564369939,20.1524491063709 73.0895166362269,20.1525942386336 73.0892022865364,20.1526386251514 73.0889492478578,20.1526358777594 73.08865514086,20.1526804837378 73.0884614339129,20.1527930950722 73.0883512608227,20.1526963029806 73.0883032133843,20.1524854697968 73.08791045328,20.1523186903245 73.0877290799303,20.1522498036263 73.0877613078499,20.1520972004482 73.0877838789029,20.1519062537288 73.0878275081041,20.1516486180389 73.0878613653271,20.1513621990539 73.0876018161185,20.1510630324517 73.0873601821586,20.1509552508248 73.0871689234172,20.150867137549 73.0868327050211,20.150837194317 73.0867517339952,20.1508363152871 73.0866188743025,20.1509400266936 73.0866180584137,20.151006934573 73.0867588269224,20.1510849417239 73.0869495038312,20.1512208478567 73.0871095840148,20.1513755399449 73.0872083532158,20.1515773653097 73.0872271997311,20.1516922846288 73.087114348523,20.1518153339291 73.0871024807572,20.1519585986554 73.0871117865444,20.1520256170393 73.0871805407222,20.1521984363866 73.0871590163042,20.1523033584785 73.0869667081326,20.1523012684885 73.0867944089646,20.1523185156821 73.0865709204257,20.1523830027148 73.0865295014973,20.1524590298351 73.0866703875358,20.152527477959 73.0869022512699,20.1526064746283 73.0870230105564,20.1526651450627 73.0870922308117,20.1527997304859 73.0870604687033,20.152914101428 73.0870484838861,20.1530669236649 73.0872399785489,20.1531359216264 73.0874626535233,20.153138341618 73.0878055061701,20.1532472216441 73.0878860140065,20.1532863342491 73.0879455784161,20.1533825775882 73.0878231884491,20.1534577240088 73.0877516389768,20.1535143047686 73.0875083704083,20.1535403411068 73.0873767899128,20.1535389113017 73.0873553824021,20.1536342743733 73.0874965019408,20.153683606075 73.0876782258757,20.153723818236 73.0878800752084,20.1537738091695 73.0881145031901,20.153642521499 73.0883279883899,20.1535683634456 73.0885503155451,20.1535994567341 73.0885491501037,20.1536950396405 73.088516924645,20.1538476433313 73.0884648025693,20.1539713513403 73.0884630566923,20.1541147267884 73.0884709670457,20.1542964449024 73.0884486283165,20.1544682755372 73.0882351427122,20.1545424338774 73.088062608131,20.1545787973565 73.0879203224084,20.1546250510193 73.0876472694873,20.1546029649598 73.0874561222752,20.1545052925166 73.0872439165075,20.1544743071181 73.087072547234,20.1544150873458 73.0868995475011,20.154489684583 73.086928630806,20.154595156356 73.0870695183396,20.1546636042093 73.0873332651996,20.1546186727735 73.0874840418014,20.154706346353 73.0875836285461,20.1548412630476 73.0877633746311,20.155043967351 73.0879435848979,20.155208438131 73.0879722036647,20.1553521421243 73.0878804097952,20.1554085032274 73.0876879802725,20.1554159715364 73.0875759427875,20.155472112588 73.0875947891997,20.1555870322786 73.0875935071204,20.1556921737157 73.0875120674784,20.1557295274531 73.0872791514136,20.155736556414 73.0872477377096,20.1558222509238 73.0873379009719,20.1558997075433 73.0874273667173,20.1560345140922 73.0875270713101,20.1561598727087 73.0876781985439,20.1562188712359 73.0878276961619,20.1564116880104 73.0880383916616,20.1565669299577 73.0883103989223,20.1566750401943 73.0884607130153,20.1568009472131 73.0884892157925,20.1569542105716 73.0885986944615,20.1571083520713 73.0887784432113,20.1573110555368 73.0889479537922,20.1575232077553 73.0889961199545,20.1577244825489 73.0890843077315,20.1579644291365 73.089343753065,20.1582731534382 73.0894431108613,20.1584271851207 73.0896633505015,20.1586303279671 73.0897522367174,20.1588129242283 73.0897394390724,20.1590326569383 73.0896463630169,20.1591941593421 73.0897238480778,20.1594817882958 73.0896596257352,20.1597678792891 73.0895059334437,20.1599191645756 73.0893620145464,20.160099233285 73.0891678331722,20.1602500789885 73.0889638787437,20.1603721390797 73.0889211796585,20.1605533077228 73.0888087889656,20.1606381232461 73.0885660918778,20.1606163679324 73.0884567281807,20.1604526675509 73.0883986744102,20.1602321659505 73.0880974573729,20.1600281435113 73.0880067094332,20.1599984779336 73.0878355664902,20.1599201420221 73.0878063653321,20.1598242291461 73.0878489498299,20.1596526184212 73.0879414449371,20.1595389087804 73.0878423218323,20.1593657592546 73.0876235976196,20.1590383568379 73.087473399681,20.1589028904014 73.0873735770829,20.1587870906838 73.0872437395786,20.1586422855891 73.0871130866707,20.1585643888082 73.0870337423933,20.1584296931189 73.0871362424187,20.1583256510435 73.0871669580671,20.158297306401 73.0870575980454,20.1581336044681 73.0869898895886,20.1578747598781 73.0868606352791,20.1576821628713 73.0866997338534,20.1575943779327 73.086619924654,20.1574979145846 73.0865502374656,20.1574015607555 73.086511730908,20.1572386299637 73.0864624036538,20.1571329377892 73.0863603700608,20.1571987459406 73.0863175514495,20.157389471557 73.0863256921409,20.1575520728087 73.0863433717262,20.1577625753225 73.0863410405145,20.1579537420685 73.086339176318,20.1581066755285 73.0863366121165,20.1583169581122 73.086345218937,20.1584413261366 73.0864958821844,20.158538560303 73.0865345051116,20.1586919329472 73.0865126291937,20.1588255297571 73.0862685375229,20.15891847186 73.0860757537233,20.1589546131898 73.0859538246626,20.1589915260701 73.085760225274,20.1590945754753 73.085567675143,20.1591116004152 73.0853942022301,20.1592244278419 73.0851818752023,20.1592029987422 73.0850207398289,20.1591343285574 73.084828889229,20.1590940033566 73.0846658881306,20.1591782645706 73.0846135280833,20.159321088666 73.0846426106799,20.1594265604933 73.0848138672453,20.1594953416501 73.0849458039313,20.1594680986833 73.0850880947995,20.1594218494168 73.0853813983682,20.1594441593983 73.0855725502283,20.159541834035 73.085854682661,20.1596500586537 73.0859645096324,20.1597755274183 73.0860341976399,20.1598718817574 73.0861643851415,20.1599880121112 73.0862847998377,20.1600753576886 73.0864372129851,20.1600292166761 73.0865169075551,20.1601352387588 73.0866468617314,20.160270486323 73.0867262066672,20.1604051833922 73.0866538371586,20.1605286707344 73.0865001415427,20.1606799530885 73.086548887253,20.1608334356232 73.0867080427401,20.1610645964672 73.0867658621227,20.1613042147895 73.0866435811817,20.1613698025056 73.0863296798471,20.1613759482189 73.086166326834,20.1614888863738 73.0860834848378,20.1616409400694 73.0858796435024,20.1617534368915 73.0857378166033,20.1617614544311 73.0857103654024,20.1615221662638 73.0857230528476,20.1613119926033 73.0858577882004,20.1610553506109 73.0858601201131,20.1608641841782 73.0855058474858,20.1608603295267 73.0853835663316,20.1609259161801 73.0851687866016,20.1611052118057 73.0850040336029,20.1613328491249 73.0847401594667,20.1613873343677 73.0845289955456,20.1612703205665 73.0844404633046,20.1610590464714 73.0842293001203,20.1609420332038 73.0840275593759,20.1608824795789 73.0838770124082,20.1607756852589 73.0836750386616,20.1607352478994 73.0836624643049,20.1609358619521 73.0838735117472,20.161062434458 73.0840337134735,20.1612075728917 73.0840716343637,20.1614182949957 73.0840791887293,20.1616286879796 73.0842601034462,20.1617358122334 73.0845327009455,20.1617961380265 73.0846725437422,20.1619506130698 73.0847618928159,20.1620949794539 73.0848307644064,20.162258241397 73.0848088872113,20.162391837576 73.0845559491488,20.1623795244348 73.0844031831769,20.1624543388099 73.0843707166966,20.1626260569569 73.0845206824326,20.1627806428926 73.0847919979231,20.1629461086394 73.0850932146012,20.1631501373579 73.0852132811766,20.163266159238 73.0851511471735,20.1633801974428 73.0849477697301,20.1634544614988 73.084747892853,20.1632419754241 73.0846678474349,20.1631646272054 73.0844754084106,20.163172092439 73.0843434698997,20.1631993351842 73.0842439992347,20.1630548578037 73.0841247498438,20.1628719282691 73.0839033456017,20.1627643620948 73.0836704180029,20.1627713855182 73.0834684422617,20.1627309478409 73.08349148802,20.1625017688935 73.0835133675283,20.1623681729376 73.0832511259377,20.1622888401422 73.0829571159008,20.1623238761917 73.0827546730369,20.1623216701267 73.0825746929794,20.1621380778671 73.0824543961332,20.1620411707543 73.0822913908447,20.1621254305938 73.0822896383513,20.1622688044232 73.0823717973498,20.1624835954404 73.0824239750415,20.1625630303026 73.0825658507995,20.1627581578227 73.0827379179774,20.1629679531479 73.0826907030188,20.1631036627765 73.0824994229549,20.1632234619491 73.0823249900073,20.1632072217913 73.08214401814,20.1631048743015 73.0819992503726,20.1631463145175 73.0821043068205,20.1632478342611 73.082254737866,20.1633641890103 73.0824980214884,20.1633381617117 73.0826876371501,20.1633545668057 73.0828467118829,20.1633849798948 73.0830224586984,20.1632936884691 73.0832348505199,20.163310341548 73.0832791750563,20.1634111990967 73.0832552603144,20.1635041447602 73.0831705269787,20.1636035979335 73.0829722669951,20.1636731335964 73.0828351780424,20.1637074893399 73.0827583859214,20.1637783487558 73.0826808046011,20.1639137272718 73.0827474659511,20.1640506777038 73.0830203279952,20.1640894980646 73.083376875538,20.1641148921672 73.083504795591,20.1642094907576 73.0836254755733,20.1642753324881 73.0837986835588,20.1643919333852 73.0840573271012,20.1643517318876 73.0842928456193,20.1643399567289 73.0845500882303,20.1644144542411 73.084768935355,20.1645243820229 73.0850637883428,20.1646279663188 73.0853434581356,20.1647313851334 73.0854335082854,20.164818401956 73.0854701548667,20.1649263453268 73.0855832436575,20.1649921030284 73.0857948508489,20.1650732726374 73.0859529663277,20.1651825374951 73.0861271394991,20.1652202798432 73.0863088172624,20.1652652750472 73.08627696248,20.1653868123486 73.0860249474369,20.1655059561297 73.0859545229456,20.1656772621356 73.0859531234598,20.1657919621758 73.0859971870801,20.1659143255438 73.0861096650368,20.166030264611 73.086254171872,20.1660103267 73.0863829693267,20.1660332366791 73.0864579264775,20.1661129185452 73.0864261598163,20.1662272881255 73.0863567835917,20.1663125695331 73.0863479680293,20.166412849646 73.0864826970439,20.1665720476423 73.0863140147424,20.1667064368856 73.0861678461107,20.1668625796792 73.086036860032,20.1670188880689 73.0858986328408,20.1671464377984 73.0858493198206,20.1674541979609 73.08590865512,20.1675695585096 73.0860132796184,20.1677069209556 73.0860946037943,20.1678870463032 73.086107426438,20.1680807676221 73.0860007018832,20.1681154551757 73.0859084620047,20.1682076581544 73.0859370804927,20.168351362585 73.0860801022149,20.168453293942 73.0862309780285,20.1685338010655 73.0862144828975,20.1686411678292 73.0860855659688,20.168627815148 73.0859213652831,20.1686021302655 73.0857571647087,20.1685764442848 73.0856674262639,20.1686710639588 73.0855893193402,20.1688494557897 73.0853852631643,20.1689786791675 73.0851695742051,20.1690241299827 73.0850186122045,20.1689507887958 73.0849831319501,20.1687472622844 73.0849723750499,20.168591802616 73.084821557566,20.1685065140414 73.0846937114197,20.168612667794 73.0844012297342,20.1687289773425 73.0841339064114,20.168857510883 73.083941627374,20.1690585566564 73.0838259964648,20.1692006908715 73.0836084104476,20.1694014615259 73.0836191648471,20.1695569213772 73.0837180567699,20.1697491896834 73.0837283732974,20.1699404937772 73.0836889546386,20.1700595590774 73.0835858301623,20.1702137782752 73.0837487164652,20.1703469964698 73.0839146706603,20.1702293097065 73.0840169189607,20.1701467768479 73.084143013604,20.1701839983933 73.0841920213121,20.1703159756851 73.0840515213002,20.170421991345 73.0838983675331,20.1705278681118 73.0835798436443,20.1707036409393 73.0833514996648,20.1707489504969 73.0831880281556,20.1706635222251 73.0830773600343,20.1703994289203 73.0829652326379,20.1702548144895 73.0827863338115,20.1703962575629 73.0827208766141,20.1705747852848 73.0827813670105,20.1708024837596 73.0827535782728,20.171005321569 73.0827128426316,20.1712319175753 73.0826851988801,20.1714228064159 73.0826566784039,20.1716853837998 73.08252839213,20.171827378605 73.0822617924135,20.1718961697227 73.0821083432583,20.1720259400732 73.0821572035213,20.1721698654564 73.0824607412172,20.1721851241155 73.0829037592974,20.172178004155 73.0830548708867,20.1722393987594 73.0831779808299,20.1723286957076 73.083444501844,20.1722664058672</coordinates></LinearRing></outerBoundaryIs></Polygon><Polygon><outerBoundaryIs><LinearRing><coordinates>73.0616760394341,20.185448952931 73.0617785676885,20.1851393372731 73.0617002684999,20.1851663574989 73.0616760394341,20.185448952931</coordinates></LinearRing></outerBoundaryIs></Polygon><Polygon><outerBoundaryIs><LinearRing><coordinates>73.1452767179735,20.2003156466754 73.1449984266796,20.1998729592624 73.1449159553212,20.1999963655561 73.1447834252228,20.2000714445419 73.1445298486969,20.2001070063717 73.144216202395,20.2000845740944 73.1439344029761,20.1999382006816 73.1436046992588,20.1995618855559 73.1433077518797,20.1989851615089 73.1430143203529,20.198112119941 73.1429885921753,20.1977198963989 73.1431245219279,20.1973580618573 73.1432379337334,20.1971871840005 73.1433507795959,20.1970640997713 73.1433908255675,20.1971027611439 73.1433989100135,20.1972749230176 73.1433964169297,20.1974852114225 73.1433740146194,20.197666611387 73.1433400144182,20.1979721646695 73.1434403557852,20.1980497034234 73.1435121358525,20.1979739834289 73.1434952851103,20.1976870127284 73.143601178476,20.1972961798921 73.1435742028141,20.1970091009589 73.1436566736126,20.1968856948649 73.1437902211521,20.1967245895302 73.1438937344264,20.1965344873015 73.1439261477544,20.1963627537083 73.1439178349952,20.1962097084921 73.1439802820549,20.1960669717256 73.1438429539608,20.1956926896724 73.1436639956749,20.1954135647342 73.1435967480528,20.1951069416272 73.1436558679243,20.1943905826834 73.1438321763893,20.1940387328305 73.1440149848158,20.1939928632232 73.1442480747809,20.1939762058875 73.1444007365679,20.1939108997048 73.1444632959506,20.1937586025656 73.1445746650454,20.1937597790187 73.1447666918758,20.193790485541 73.1448380156876,20.1937529990888 73.1448400542413,20.1935809444325 73.1447919219983,20.1933701205661 73.144794525675,20.1931502733953 73.144726031628,20.1929487952613 73.1445877981617,20.1926509817815 73.1444595769692,20.1923628344286 73.1443102015419,20.1921509415579 73.1440714040399,20.1917947074208 73.1437223724912,20.1913417120079 73.1434915511872,20.1911671977129 73.1432710817368,20.1909736733078 73.1431015729214,20.1907520066293 73.1429725621869,20.1905307691509 73.1428329747369,20.1903476577945 73.1427368301343,20.1899164514266 73.1427288580693,20.1897347311312 73.1427815190006,20.1895632113408 73.1428537496416,20.1894492577691 73.1430681713261,20.1892985661374 73.1433314003297,20.1893013466487 73.1435634660288,20.1893707166588 73.1438247711985,20.1895359916599 73.1440175848468,20.1894997884385 73.1439690018999,20.1893271997803 73.1438299807123,20.1890962972457 73.1437563648492,20.1887931905757 73.1436289788565,20.1886484494276 73.1435624248492,20.1884971789073 73.1434555259654,20.1885462396695 73.1433405247658,20.1886382320376 73.1431577789642,20.1886793211908 73.1430659819753,20.1887357106523 73.1429890305225,20.1888209359333 73.1428592674005,20.1888769230593 73.1425935062059,20.1888741154182 73.1424036770863,20.1888721092898 73.1422375632753,20.1887914855369 73.1421039468396,20.188531958883 73.1421462476411,20.1881667440528 73.1421963961022,20.1877801028799 73.1422202807348,20.1876871476071 73.1422151518405,20.1874791676447 73.1422543069365,20.1873792034291 73.1423912377801,20.1873591413854 73.1425961657774,20.1873684764991 73.1427018748851,20.1874197821096 73.142799139817,20.1875426969081 73.1429132913529,20.1875223939427 73.1430665121964,20.1874092945074 73.1431516502909,20.1872739668968 73.1431455867252,20.1871448458368 73.1429427823212,20.1869562870816 73.142609537346,20.186881068499 73.1423365270385,20.1868495040522 73.1420403975052,20.1868463753637 73.1418126901517,20.1868367979427 73.1417073229308,20.1867568158903 73.1415807919412,20.1865403836138 73.1415758346448,20.1863180659592 73.1415780450346,20.1861316727747 73.1416282777562,20.1857378626382 73.1416241711561,20.1854438564852 73.1415644474997,20.1853571866768 73.1414822850684,20.1852416003733 73.14133187108,20.1851181240412 73.1410446141309,20.1850075385926 73.1406281907311,20.1849027565958 73.1403998069137,20.1849505305804 73.1403447843512,20.1851076854956 73.1402901031356,20.1852361627849 73.14021357761,20.1852855433752 73.1400014848164,20.1852402805015 73.139596230795,20.1848344809078 73.1394456482363,20.1847253406147 73.1392873022263,20.1846304565207 73.1390905665304,20.1845710157115 73.1389738476944,20.1844168996095 73.1389569563869,20.1844684547182 73.1387424660002,20.1844842497388 73.1368134875043,20.1846265888209 73.1349241269635,20.1849928897161 73.1338964152734,20.1878302138925 73.1336352696057,20.1886661995076 73.1337396822487,20.1886931041561 73.1338198790523,20.188760874656 73.133848657465,20.1888950165701 73.1338877884192,20.1890101484838 73.1338659464657,20.1891437532377 73.133793596573,20.1892672620935 73.1339245279656,20.1893260102017 73.1340068884744,20.1892121671911 73.13417046832,20.1890800674543 73.1341916264896,20.1890038145346 73.1343449690581,20.1888811651788 73.1346191191947,20.1888171568912 73.134790887249,20.1888476579512 73.1350024712914,20.1889359404418 73.1352554617055,20.1889481848346 73.135498100938,20.1889794380502 73.1356578130971,20.1891723262488 73.1356352900478,20.1893632831818 73.1355322282648,20.1895151465556 73.1353180266056,20.1896467110653 73.1351655940919,20.1896928931802 73.1351139498461,20.1897783825091 73.1352639930105,20.1899329303902 73.1354366734642,20.1898869633518 73.1355885376963,20.1898885742547 73.1358523360734,20.1898435737379 73.136035027153,20.1898072708909 73.1361048735653,20.1898940504193 73.136194854434,20.1899906018432 73.136296097,20.1899916755725 73.136337389387,20.1899251951438 73.1363597990167,20.1897437976269 73.1365439670394,20.1895832343634 73.1369123037433,20.189262106405 73.1374237406823,20.1888277767605 73.137507347593,20.188608787676 73.1374588857502,20.1884266392722 73.1373998445299,20.1882826165595 73.1374627483151,20.1881016481438 73.1376265520345,20.1879504266353 73.1378602028094,20.1878859844617 73.1383976885605,20.1878151985034 73.1384677630458,20.1878828585704 73.1385775385984,20.1880178577474 73.1385864139251,20.1881231097549 73.1387165514866,20.1882487650094 73.1389900168213,20.1882421005796 73.1391314152864,20.1882722769281 73.139332648621,20.1883795644651 73.1394426528525,20.1884954458007 73.1394407234754,20.1886579418792 73.1393575735524,20.1888386974518 73.1394063776878,20.1889921711595 73.1394957933398,20.1891365137854 73.1394939772721,20.1892894503862 73.139472026723,20.1894326146224 73.1394202701417,20.1895276649168 73.1393680596984,20.1896609489211 73.1392953740447,20.1898131355625 73.1391703631615,20.1901081657353 73.1392402118245,20.1901949429048 73.1392884492867,20.1903962092885 73.1392372602736,20.1904434663106 73.139024650051,20.1904412149418 73.1389224992357,20.1905166114814 73.1388800715985,20.1906786783655 73.1387468658165,20.1908111041915 73.1385936383544,20.1909241996303 73.1387230962134,20.1911072062901 73.1389047670004,20.1911569288704 73.139047984228,20.1910341675346 73.1390882535605,20.1910537133733 73.1392181670351,20.1911984858931 73.1393498971034,20.1911903204828 73.1395123410373,20.1911538014255 73.1396950337951,20.1911174959302 73.1399091192956,20.1909954844973 73.1400423250777,20.1908630576537 73.1400841835869,20.1907487837267 73.1400563077592,20.190538172581 73.1399356091244,20.19046997699 73.1398977222824,20.1902497021822 73.1399706348511,20.1900783969556 73.1401116940576,20.1901372483693 73.1401301274248,20.1902903997306 73.1401390032064,20.1903956509278 73.1401784794263,20.190482107167 73.1402573179424,20.1906645773551 73.1403888211317,20.1906755283943 73.1404981464515,20.1908487611861 73.1405367141813,20.1910116848297 73.1404444609882,20.191106306592 73.1405129485739,20.191307786356 73.1405411666299,20.1914897216033 73.1404791724766,20.1915942225081 73.1403459673697,20.1917266498854 73.1401324478317,20.1918008695375 73.1400119762995,20.191713556627 73.1399201759305,20.1917699434104 73.1398168889064,20.191940926496 73.1397448826373,20.1920357615896 73.1396830017243,20.1921307044898 73.1397324885388,20.1922268265202 73.1398221330899,20.192352052034 73.1399836700526,20.192392000946 73.1400548812936,20.1923640755308 73.1401982109453,20.1922317541985 73.1403812453569,20.1921667726983 73.1405746303366,20.1920827813145 73.1407470854611,20.192055926338 73.1408170492417,20.1921331451648 73.1408861044377,20.1922868315259 73.1410068032635,20.1923550263854 73.1412293149621,20.192376499096 73.1413299920068,20.1924253637355 73.1413289714419,20.1925113909789 73.1412778954682,20.1925490891848 73.1411962195829,20.19260558448 73.1411954251041,20.1926724943353 73.1413370539128,20.192683552201 73.1414586607451,20.1926752781596 73.1415204275805,20.1925898931711 73.1415222423359,20.1924369560738 73.1415035809393,20.192302921944 73.1414332774622,20.1922543795179 73.1413530756462,20.1921866129119 73.1415358814097,20.1921407463836 73.1417694235859,20.1920858573823 73.1418013845036,20.1919523588026 73.1417018409661,20.191807909537 73.1416218673386,20.1917210258107 73.1415215298605,20.1916434862462 73.141338609802,20.191698910418 73.1411476083365,20.1915821742634 73.1411895802287,20.1914583403794 73.1413732924557,20.1913360065451 73.1416172978956,20.1912525485622 73.1418810978632,20.1912075382884 73.1420631099156,20.1912285828461 73.1423255498352,20.1912982740296 73.1425462453984,20.1914726825591 73.1430190331643,20.1917357924766 73.1431380325485,20.1919473657309 73.14342892241,20.1921798734299 73.143578750073,20.1923535324773 73.1435565756825,20.1925158141588 73.1434197465475,20.1929541196119 73.1432257954454,20.1930859082018 73.1430729081234,20.1931703305427 73.1428593878369,20.1932445532879 73.1426049150585,20.1933565810474 73.1424010649451,20.1934691436544 73.1422278143576,20.1935629105027 73.1421445512584,20.1937532253671 73.1421218078324,20.193963300551 73.1421197677019,20.1941353553269 73.1422403548517,20.1942131079901 73.1424529711102,20.1942153557043 73.1426667200719,20.1941220169962 73.1427784303235,20.1940945187299 73.1429695497412,20.1942016952975 73.1429617304999,20.1948612385343 73.1429644888444,20.1954826530674 73.1429703077071,20.1958459863133 73.1428562159609,20.1960742160123 73.1427464677424,20.1967900389444 73.1426430675613,20.1969705817719 73.1426000745791,20.1971804434625 73.1426681137939,20.1974201565129 73.1427265960732,20.1976119702251 73.1427438979934,20.1978607069394 73.1426079676168,20.1982225422829 73.1426043404881,20.1985284174181 73.1427323348658,20.1988356828175 73.1427287070337,20.1991415581025 73.1427769511687,20.1993428232735 73.1429134854969,20.1997840161728 73.1429520588234,20.1999469397618 73.1430018888261,20.2000143851073 73.1431520636623,20.2001593687268 73.1434031465572,20.2003340982082 73.1440168040503,20.2006751741825 73.144280053548,20.2006779547997 73.1446247557644,20.2006433557965 73.1449396492928,20.2005606426879 73.1451330434557,20.2004766474312 73.1452767179735,20.2003156466754</coordinates></LinearRing></outerBoundaryIs></Polygon><Polygon><outerBoundaryIs><LinearRing><coordinates>73.1702675392009,20.199901473519 73.1711932957678,20.1987789119113 73.1714715149002,20.1984415449473 73.1722882104491,20.1987642984538 73.1742141695035,20.1991666868092 73.1767484249958,20.1993274127099 73.1773018305036,20.1989671382217 73.1788022694861,20.19775231356 73.1793208144873,20.1967766142484 73.1792792654286,20.1956214352019 73.1792785133315,20.1956005310526 73.1785461288198,20.1937786672488 73.1783471575368,20.1934007160535 73.177947680816,20.1926418946284 73.1790590137937,20.1921610239661 73.1797868284019,20.1921611561459 73.180391461608,20.192321700414 73.1813327769156,20.1937768129933 73.1817651540418,20.1943861372628 73.1825360262405,20.1943870655283 73.1835182739395,20.1938992304391 73.184364639631,20.1944033470933 73.1843711857359,20.1944081115906 73.1852172314725,20.1946181961934 73.1863006067805,20.1947832128373 73.1876003660863,20.1949024884487 73.1886357470162,20.1948496614814 73.1900333420735,20.1950972938432 73.1904444287888,20.1953581552345 73.190927077768,20.1958599416681 73.1912049750628,20.1963036140158 73.1917223273579,20.1974297574884 73.1925538369423,20.1969368876495 73.1927505741417,20.1968202519404 73.1927233133507,20.1968003097604 73.1926838061095,20.1967138643357 73.1928371149606,20.1965911608793 73.1931206142395,20.1965940769066 73.1931454188537,20.1965861653352 73.193385344,20.1964439234024 73.1934953913859,20.1963802974628 73.1935909950266,20.196197392793 73.1938354268845,20.196075625565 73.193937889291,20.1959715179375 73.1941512853631,20.1959067912254 73.1943546656846,20.1958324013623 73.194508083182,20.195700137618 73.1945496837434,20.1956049656629 73.1944180604447,20.1956036127131 73.1942040034248,20.1957256930613 73.1939596828178,20.1958379021222 73.1937759994628,20.1959602941985 73.1935720680547,20.196082477891 73.1933774888755,20.1962716774987 73.1931337172476,20.1963360915658 73.1928408651566,20.1962661602222 73.1926268065956,20.1963882384353 73.1923721377629,20.1965194591609 73.1922399615611,20.1965658988719 73.1920595870674,20.196401523222 73.1918491687934,20.1962081584065 73.1916278551381,20.1960816011697 73.1915693131671,20.1958897991123 73.1915607326569,20.1957558716825 73.1917342910755,20.1956333770955 73.1918161728263,20.1955577413364 73.1919384452866,20.1954920785697 73.1920510324848,20.1953880774156 73.1921636195538,20.1952840752694 73.1922555172075,20.1952181014135 73.1924689119639,20.1951533761942 73.1926736155438,20.1949642821801 73.1926748286489,20.1948591344092 73.1923714137379,20.1948273338405 73.1919761014703,20.1948615072862 73.1919272425928,20.1947080447061 73.1920398301556,20.19460404277 73.1919499203181,20.1944979586897 73.1916471671197,20.1944088033806 73.1913534363066,20.1944153407827 73.1911703058869,20.1944899350381 73.1908960527096,20.1945635930401 73.1906227920086,20.1945512192864 73.1905026187732,20.1944352625868 73.1905042747344,20.1942918790887 73.1905780191358,20.1940440792668 73.1906918208352,20.1938349316483 73.1909264579126,20.1936843872035 73.1910701917129,20.1935137871557 73.191172984744,20.193381005551 73.1910317894605,20.1933317526478 73.1908479992506,20.1934637005599 73.1906134730298,20.1936046852262 73.1904587296834,20.1938516510653 73.1902039529825,20.1939924273755 73.1899506120606,20.1940089391169 73.1897188464706,20.1939109519461 73.1895779829142,20.1938330215266 73.1895266960645,20.1938898526528 73.1894946640696,20.1940329228159 73.1893627104857,20.1940602433653 73.1891603246356,20.1940485978861 73.1889169975185,20.1940747710106 73.1887967156077,20.1939683707809 73.1888689159773,20.1938543956586 73.1891020064082,20.1938376777621 73.1891732118561,20.1938097318015 73.189133928163,20.1937041664147 73.1890535927353,20.1936459795476 73.188963795629,20.1935303341085 73.1888946905025,20.1933766618109 73.1888455037708,20.1932518754675 73.1888971225619,20.1931663685197 73.1889686577234,20.1931097446596 73.1890809143432,20.1930344221321 73.1890984628104,20.192830258321 73.1890624291396,20.1926625878328 73.1891653341766,20.1925202481171 73.189141127007,20.1924243995835 73.1887844132521,20.1926238725179 73.1885659472361,20.1929084206307 73.1883714107872,20.1933127149306 73.1883169177793,20.1936467517722 73.1881741098857,20.1939559778261 73.187994161495,20.1941931226669 73.1877516233712,20.1943698718361 73.1874356376631,20.1943307622365 73.1874368818109,20.1942232257846 73.1876154484922,20.1941055682429 73.1877687032162,20.1939876487322 73.1877063896907,20.1939033564018 73.1874267142781,20.1940080220018 73.1870719316858,20.1940402119577 73.1870606590091,20.1939205962271 73.1870749744742,20.1937773437878 73.1869114149636,20.1936920072247 73.1863678991263,20.1936266501949 73.1861788899234,20.1935529991937 73.1859140839473,20.193466616986 73.1857519089553,20.1932617935226 73.1857794348501,20.1930708779257 73.1858322720927,20.1928802244631 73.1857453420098,20.1927359274984 73.1856321308131,20.192675008756 73.1855673288961,20.1928057891347 73.1856281182275,20.193021516228 73.1853103358556,20.1931377356279 73.1847804492702,20.1929888635322 73.1844016027805,20.1929132512504 73.1841102409486,20.1929341407448 73.1837800797642,20.1930263280518 73.1835279310917,20.1929400737538 73.1834913493117,20.1928201953509 73.1836197088777,20.1926661734925 73.1838351359707,20.1926444995016 73.1839616940705,20.1926458070942 73.1842900546411,20.1927089491989 73.1843305151572,20.1924942674981 73.1844470484987,20.1922684226748 73.1845395166011,20.1919347802378 73.1844536951706,20.191694894806 73.1842517562355,20.1916450079362 73.1840729128301,20.191786559716 73.1839056176378,20.1920238303881 73.1836771208246,20.1920812192691 73.1834746273684,20.1920791266222 73.1834258053752,20.1919232719477 73.1833138433431,20.1917548162685 73.1831754608781,20.1916816866492 73.1830981404732,20.1918003862085 73.1831083018069,20.1920155898446 73.183054214258,20.1923137793304 73.182775509139,20.1923347984091 73.1826001292078,20.1921776356994 73.182362025987,20.1919720244878 73.1822378241733,20.1917675905836 73.1822532527654,20.1915287520196 73.1820643869003,20.1914431494238 73.181911824921,20.191501320136 73.1816862403543,20.1913077877014 73.1815614852901,20.1911511486147 73.1816268442523,20.1909725749176 73.1817550650691,20.1908305023613 73.1820222219541,20.1907137671158 73.1821999559598,20.1906678046688 73.1824024472476,20.1906698990423 73.1826170396078,20.1907199178514 73.1827438740786,20.1906973289064 73.1829346794906,20.1906156527979 73.1827837810852,20.1905304423193 73.182695745969,20.1904817324675 73.1825455404085,20.1903367809409 73.1826369021167,20.1900987270093 73.1826142234632,20.1898714431197 73.1825409231366,20.189643636728 73.1825808311013,20.1894767495014 73.1827963913503,20.1894431278087 73.1830613282909,20.189517566971 73.183088024864,20.1893983434616 73.1829763416561,20.1892059894253 73.1829531082215,20.189026500019 73.1829430855053,20.1887993477663 73.1827311281795,20.1885223076714 73.1826455884462,20.1882585253587 73.1825475319795,20.1879826624868 73.182383842366,20.1879092706318 73.1823307257707,20.1881238204142 73.1822008443157,20.1884092756375 73.1819573396512,20.1886696563312 73.1816765610025,20.1888699008539 73.1814721303922,20.1890350847964 73.1813842359024,20.1889744268611 73.1813742148968,20.1887472744706 73.1812884003056,20.1885073870387 73.1812009200644,20.1884108830452 73.1808202850152,20.1884905929321 73.1805272665447,20.1886548597598 73.1803220018672,20.1888917338612 73.1801065802794,20.1889134026975 73.1800079730911,20.1886853340051 73.1801001703215,20.1883755902492 73.1801545386943,20.1880535044862 73.1802958305279,20.1878757183935 73.1804116721698,20.1877096193061 73.1805371585449,20.1875124963119 73.180627214485,20.18713227787 73.1807188540971,20.1868703274164 73.1806591838817,20.1865590123148 73.1803325030573,20.1863524820576 73.1802060893148,20.186339223082 73.1802031753008,20.1865901418895 73.179998052558,20.1868150667693 73.179706563898,20.1868478985653 73.179658579515,20.1866203536358 73.1795840356197,20.1865000820754 73.1794734680851,20.186212139537 73.1794763835143,20.1859612199229 73.179592085198,20.1858070691412 73.1798332300647,20.1857498166945 73.1800104027975,20.185751651141 73.1798867648267,20.1854994234133 73.1799268123109,20.1853205883416 73.1800674069012,20.1852025443247 73.1802341451415,20.1850130717941 73.1800968801632,20.1848443517108 73.179857680125,20.1847343259184 73.1796186188679,20.1846123514631 73.1797215259314,20.1844700175079 73.1799146834507,20.1841852196886 73.1798416667311,20.1839335148497 73.1796909152453,20.1838363544181 73.179374259704,20.1838569757882 73.179222953947,20.183807608891 73.1793005501311,20.1836650129967 73.1792513179003,20.1835450039194 73.1792414384853,20.1833059024933 73.1791180811499,20.1830297772987 73.178991530254,20.1830284664405 73.1788876523394,20.1832544393475 73.1787459470309,20.1834680708051 73.1786213403763,20.1832994803629 73.1786994917466,20.1831090918087 73.1787772265907,20.1829545470998 73.1788557949301,20.1827283119791 73.1789833175863,20.1826459842934 73.1791486650044,20.182575996824 73.1791508858304,20.1823848211735 73.1792270940704,20.1823617098595 73.1793522562816,20.1824825048232 73.1794516910079,20.1826388839427 73.179691581838,20.182689167103 73.1796938018857,20.1824979914222 73.1798343947192,20.1823799470928 73.1799869491852,20.1823217773007 73.1800390939672,20.1821908672408 73.1801685581122,20.1819412586161 73.1803608791646,20.1817281504087 73.1801728575477,20.1815708548636 73.1798837365446,20.1814005639302 73.179644819634,20.1812666416827 73.1794052092082,20.1811924611473 73.1793552828545,20.1811321935185 73.1794078458634,20.1809654401491 73.1794595745244,20.1808703751662 73.1795246535525,20.1807156997963 73.1797404801297,20.1806581846299 73.1799820326837,20.1805650857701 73.180034316098,20.1804222277514 73.1800866003725,20.1802793697798 73.180188948321,20.180184828997 73.1801915846383,20.1799578073461 73.1802067351313,20.1797428654176 73.1804628815514,20.1794826168772 73.1806686867821,20.1791979474588 73.1809112069379,20.1790212070399 73.1811648561003,20.178976031655 73.1813671933921,20.178990073885 73.1815823233661,20.1789922981069 73.1816596387457,20.1788735990996 73.1817252670931,20.178671128366 73.1818156521637,20.1785167133449 73.1819175829632,20.1784580171204 73.1820306441427,20.1785308861012 73.1821424571185,20.1787112906065 73.1821905828491,20.1789268875099 73.1820224692146,20.1792358486487 73.1819203996924,20.1793064932206 73.1819562853968,20.1794861133387 73.1821945095793,20.1796797755176 73.1823337118225,20.1796812140822 73.1824492676741,20.1795390085186 73.1826787162331,20.1793979812305 73.1828949555572,20.1793046160608 73.1830480585588,20.1791986476977 73.1831890610503,20.1790447560155 73.1830385898237,20.1789237021284 73.1829253896759,20.1788627821061 73.1830160486594,20.1786844698383 73.1831959842561,20.1784473292157 73.1832107165272,20.1782682320116 73.183352134013,20.1780784939291 73.183341002274,20.1779469288174 73.1831379730378,20.1779926320497 73.1829862554091,20.1779791137727 73.1830267127181,20.1777644328681 73.1832052614432,20.1776467779974 73.183346124112,20.1775048337019 73.1833876871426,20.177194563581 73.1834926620142,20.1768729989702 73.1835712198095,20.1766467609878 73.1838001091659,20.1765535260537 73.183841255829,20.1762791015633 73.1837181707414,20.1759790811485 73.1836432131496,20.1758946574059 73.1836711508039,20.1756678963598 73.183762223633,20.1754537379706 73.1839421535769,20.1752165963174 73.1839949865968,20.1750259424052 73.183946582408,20.1748342432551 73.1837563511523,20.1748681293393 73.1836650016713,20.1751061848273 73.1835984078297,20.1753922964405 73.1834056839571,20.17564125461 73.1830872446261,20.175817215219 73.1828593256445,20.1758268099728 73.1827722670219,20.1756944608445 73.182800068954,20.1754796491534 73.1829802777678,20.1752186123387 73.1831613163028,20.1748858836534 73.1832395964163,20.1746835426097 73.1832921521969,20.1745167853044 73.1833467835398,20.1741708011162 73.1833738920022,20.1740157322267 73.1833758287368,20.1738484516774 73.1834039063958,20.1736097430868 73.1836461377264,20.1734568946811 73.1837868575364,20.1733268978199 73.1839029593363,20.1731368976467 73.1839428598098,20.1729700100842 73.1837533223418,20.1729441526244 73.1834243116656,20.1729407555686 73.183337393428,20.1727964581387 73.1834904895597,20.1726904900749 73.1837691593879,20.1726694675969 73.1839596654541,20.1726116844463 73.1840622826906,20.1724932446281 73.1840140173511,20.1722895969364 73.1838636891546,20.1721565946536 73.1839053873884,20.1718343761196 73.1838942546523,20.1717028118493 73.1840462442226,20.1716924302198 73.1841704328493,20.1718968612953 73.1842470500233,20.1718379033372 73.1843002952127,20.1716114037329 73.1843016788493,20.1714919179611 73.1844062322628,20.1712061980251 73.1846356664618,20.1710651662707 73.1848887475992,20.1710677774454 73.1850544961724,20.1709619373446 73.1852078665551,20.1708320706339 73.1851351211909,20.1705564709097 73.1852883532133,20.1704385513753 73.185502643203,20.1705124614662 73.1856647966981,20.170717284403 73.185699302673,20.1710163895821 73.1857477079513,20.1712080883288 73.1859622769838,20.1712581016395 73.185964901516,20.1710310782088 73.1859796292853,20.170851981179 73.1861320320982,20.1708057521748 73.1862959821677,20.1708552425486 73.186460209864,20.170880835656 73.1865875797795,20.1708104488115 73.1864371109785,20.1706893973622 73.1865017637037,20.1705705640271 73.1863832778029,20.1705293100585 73.1863713150749,20.170469436686 73.1863784715051,20.170397810821 73.1864107279849,20.1703443682027 73.1865059085951,20.1702121079968 73.186583490157,20.1700695075979 73.1865724947045,20.1699259939011 73.1863720624828,20.1699669481917 73.1862324540678,20.1700013585486 73.1860815720699,20.1699161529855 73.1860077209434,20.1697361415292 73.1860217565748,20.1696167860854 73.1857703351814,20.1694707941104 73.1856847970923,20.1692070129701 73.1858131336581,20.1690529857019 73.1860296335382,20.168935719114 73.1863699089786,20.169058727023 73.1865474787422,20.1690247077866 73.1867524284543,20.1688117207445 73.1870344058179,20.1685039263472 73.187290108189,20.1682795117316 73.1875680807367,20.1683182255457 73.1877554038962,20.1685352556462 73.1880559244734,20.1688132003578 73.1884116157198,20.1686973635567 73.1883889301592,20.1684700799866 73.1881379212861,20.1682882451198 73.1881925396025,20.1679422577922 73.1883822093605,20.167956161429 73.188409448454,20.1677891408509 73.1883351815377,20.1676449770069 73.1883761796237,20.1673824991604 73.1887082140171,20.1671230177516 73.1890398344591,20.166899381758 73.1891435480014,20.1666853492078 73.1891581326228,20.1665181988637 73.1888302382959,20.1664192236188 73.1885380977911,20.1665118155489 73.1882448520201,20.1666999959628 73.1879395056189,20.1668402518585 73.1877256332003,20.1667304994707 73.1877652497899,20.1665875071358 73.1879948130413,20.1664345220263 73.1882368903859,20.1662936154609 73.1884411442983,20.1661403679352 73.1886957372157,20.1660115396087 73.188949915065,20.165918555906 73.1891533404381,20.1658369985466 73.189345076909,20.1656716719405 73.1895610181891,20.1656021947419 73.1898773605736,20.1656054495079 73.1900410316468,20.1656788335196 73.1900011409625,20.1658457223775 73.1897458602115,20.1660342968564 73.1896178061412,20.1661644290423 73.1896906947851,20.166428079048 73.189868399579,20.1663821079632 73.1899953510344,20.1663475636844 73.1902361872084,20.1663141910742 73.1903753784711,20.1663156222507 73.190563944939,20.1664251112973 73.1907509954923,20.1666660352127 73.1908516748704,20.1667148708382 73.1910031067365,20.1667522771717 73.191117129239,20.1667415001922 73.1909667992854,20.1666085048631 73.1908918414953,20.1665240836954 73.1908170201888,20.1664277143741 73.1908061578791,20.1662722525326 73.190832844008,20.166153026857 73.1908471507142,20.1660097734604 73.1908496304227,20.1657946992867 73.1909021751922,20.1656279390801 73.1910428816232,20.1654979355951 73.1914110791471,20.1653941707986 73.1916140892323,20.1653484570361 73.1916637395823,20.165432617511 73.1917127024853,20.1655765210308 73.1919164021083,20.165471063886 73.1920945166837,20.1653892441572 73.1922594279566,20.1653550877807 73.1924995745635,20.1653814555141 73.1926504554819,20.1654666551073 73.1929640458452,20.1657088772315 73.1932017153847,20.1659503179513 73.1934027996553,20.1660718827845 73.1935275487037,20.1662285145417 73.1936649513407,20.1663852747663 73.1936891587882,20.1664811237647 73.1936036056006,20.16731674825 73.1934961821505,20.1678533958059 73.1934805007983,20.1681161350665 73.1935540857894,20.1683200414427 73.1937297280308,20.1684532952001 73.1939574993852,20.1684556330735 73.1940491389657,20.1683304542336 73.1939353558264,20.1681805544496 73.1939240774136,20.168060938651 73.1940279230222,20.1678349544393 73.194055017838,20.1676798827849 73.1941473102495,20.1673581790651 73.1941640898809,20.1669998498476 73.194279900156,20.1668337391454 73.1942838880854,20.1664872287339 73.1942859520253,20.1663079996009 73.194288976507,20.1660451294097 73.1942909023657,20.1658778493072 73.1944184033021,20.1657955081999 73.1947966417814,20.1659188885392 73.1950105185871,20.1660286334541 73.1955040164905,20.166033694874 73.1958587342145,20.1660014826587 73.1962504530114,20.1660532993997 73.1966805452512,20.1660696577195 73.19741281836,20.1662205613543 73.1979431816179,20.1663215950248 73.1982973516507,20.1663371720485 73.1985383233155,20.1662918389168 73.1986783385544,20.166221572186 73.1989314154261,20.1662241634244 73.1990696471536,20.1663092284563 73.1992575354804,20.1664784532869 73.1994224461703,20.1664442907915 73.1997019275981,20.1663515496128 73.1999166324368,20.1663895964453 73.2000015080411,20.1667131161912 73.2002647725726,20.1669309112911 73.2003126462202,20.1671704012596 73.2005495075901,20.1674835254447 73.2007987494194,20.1678206771347 73.2009884212461,20.1678345657079 73.2012531964984,20.1679209230554 73.2014311740529,20.1678510420057 73.2014196160619,20.1677553239421 73.2013582643272,20.1675873965644 73.2014735194933,20.1674690734565 73.2016504010465,20.1674947823186 73.201865244704,20.1675208773716 73.2019546441525,20.1674500913869 73.2020198309421,20.1672834558305 73.2018179157622,20.1672335918342 73.201526189952,20.1672903612107 73.201375987472,20.1671454255306 73.2012769472727,20.16695321092 73.2011897398473,20.1668328190858 73.201014641206,20.1666517775098 73.2009521928653,20.1665794382785 73.2010572614086,20.1662459115867 73.2011340063169,20.1661749954685 73.2012985058253,20.1661766769573 73.2015126621339,20.1662625173704 73.2017017851685,20.1663242000729 73.2018523991024,20.1664332911676 73.2019250353348,20.1667208349489 73.2021134753468,20.1668422612115 73.2023944623568,20.166618080737 73.2025359834018,20.1664163752988 73.2026143693961,20.1662020751934 73.2028322236166,20.165965298703 73.2029715528157,20.1659547710513 73.2030868050857,20.1658364478145 73.2032775712449,20.165754745428 73.203454313623,20.1657924010625 73.2036200446954,20.1656865420106 73.2037982933697,20.1655927613523 73.2042177832889,20.1654297421121 73.204853892163,20.1651374814306 73.2057935518441,20.1648602625169 73.2061356927061,20.1647175381783 73.2055380193978,20.1641745570226 73.2034819841903,20.1647419033819 73.2010382004622,20.1653109530754 73.1980757984776,20.1652736842506 73.1931469182276,20.1645032944378 73.1897148743954,20.1642648869251 73.1896717666256,20.1642618908005 73.1889922265174,20.1622738841273 73.1888590873063,20.1623851996998 73.1888106394242,20.1626356511946 73.1886581353046,20.1626914408989 73.1884216215857,20.1627893864973 73.1882550923005,20.1627446525249 73.1881646498714,20.1626863605268 73.188050438011,20.1627138652109 73.1879722808442,20.1629066505494 73.187886781022,20.1630778504197 73.1878468325407,20.1632495183513 73.1878975770189,20.1634579712878 73.1878636482618,20.1637659314337 73.1876868757767,20.1639505308438 73.1873807050189,20.1641624769788 73.1870974763122,20.1643603195683 73.186699535008,20.1646286791739 73.1864930552639,20.1647556111193 73.1862869894899,20.1648466968376 73.1860594730009,20.16482284171 73.1859454247101,20.164836005359 73.1857769041177,20.1649633285717 73.1856311607764,20.1650908855955 73.1854846699652,20.1652829646446 73.1852014370732,20.1654808029899 73.1849863664793,20.1656936833338 73.1848473839721,20.1658930099737 73.1845966754157,20.165904763648 73.1844421754794,20.1661326085926 73.1843274620345,20.1662031253593 73.1841606818701,20.1661798941209 73.1840392892333,20.1661714714867 73.1839172326577,20.166220401253 73.1838098618219,20.1663125024869 73.1837779159907,20.1664484032617 73.1838451673755,20.1665423062755 73.1837977046483,20.1667067265822 73.1836533687334,20.1667124061641 73.1835007766234,20.1667753615937 73.1833552792211,20.1668814083275 73.1832171234727,20.1670090407138 73.1829976119388,20.1669494151112 73.1830001023625,20.1667343416892 73.1829577046255,20.1664614434873 73.1829223175901,20.1662388083405 73.1829557580778,20.1659738651001 73.1829657594064,20.1657660383015 73.1830519305935,20.165537489192 73.1829620688552,20.1654290111214 73.1830040865664,20.1651162839041 73.183020199515,20.1648177022682 73.1830115587925,20.1644710622901 73.182811315874,20.164277795426 73.1826739262105,20.164121026377 73.1825992502572,20.1640127060503 73.1825502967678,20.163868800646 73.182425146341,20.163748008708 73.1822854032681,20.1637943649373 73.1822613416791,20.163686566273 73.1823005487733,20.163579421781 73.1824918742458,20.1634499483799 73.1826829211784,20.1633443716462 73.1827224040951,20.1632133291812 73.1826228371351,20.1630689022558 73.182345844933,20.1629465405282 73.1821560427269,20.1629445799834 73.1819402428236,20.1630021011341 73.1817183561283,20.1630724188612 73.1817393579887,20.163215124408 73.1820747279138,20.1630817626223 73.1821470176258,20.1630681694472 73.1822344106538,20.1630619020668 73.1823065351292,20.1630626473947 73.1824073135981,20.1631025252741 73.1824653455061,20.163118062759 73.1824878724973,20.1631398054429 73.1825214152654,20.1631939264186 73.1825316326599,20.1632950089231 73.1823272390672,20.1634601978245 73.1821478755678,20.1636495443924 73.1820310875506,20.1638992870035 73.1821100063055,20.1639963000643 73.1821969983664,20.1639971979936 73.1822803458297,20.1640123995965 73.1823519733058,20.1640561596799 73.182415758868,20.1641213477023 73.1824451924114,20.1642023148037 73.1825322331592,20.1642265151746 73.1826454356569,20.1643955821885 73.182689176074,20.1644432361298 73.1826847166584,20.1645005493559 73.182593298328,20.1645264934282 73.1826165297274,20.1647059821775 73.1827582300569,20.1647092386954 73.1827922282126,20.1647239292544 73.1828297324857,20.164763752687 73.1828593948972,20.1648250032039 73.1828585653412,20.164896694227 73.1828025978448,20.1650305529672 73.1827244606913,20.1652209464683 73.1826962593241,20.1654334359119 73.1826039908433,20.1655328637952 73.1824877816878,20.1657324216849 73.1824853735142,20.1659403260461 73.1824379102935,20.1661047458627 73.1823987025656,20.1662118906697 73.182253286954,20.1663107683081 73.1820400403736,20.1663659248238 73.1818420606268,20.1664140682144 73.1817646423121,20.1665423279424 73.1817019931595,20.1667065897284 73.1817228592544,20.166871715802 73.1817434751283,20.1670583483702 73.1817490733444,20.1672304854386 73.1817016919033,20.167387735481 73.1814965341371,20.1673999548712 73.181309219728,20.1671829197883 73.181242967571,20.1670029849267 73.18125338534,20.1667593137551 73.1812942559446,20.16650878695 73.1812685410964,20.1661070026342 73.1810737201586,20.1658827193046 73.1808306853684,20.16588737628 73.1806916152211,20.166093868008 73.1806432358112,20.1663371472289 73.1806939703216,20.1665456005243 73.1806692805688,20.1667102545271 73.1803206204643,20.1666564596275 73.1801706040944,20.1664971685257 73.1798744245379,20.1665012750146 73.1796610934539,20.1665635969745 73.1796821234626,20.1667143847222 73.1798936251239,20.1668097817188 73.1801118037929,20.1669841178485 73.1803677784606,20.167173185072 73.1805715229867,20.1672828412097 73.1807056062455,20.1675064972255 73.1805525959592,20.1676052948167 73.1802870325564,20.1675882079274 73.1799224364109,20.1675987772411 73.179792036016,20.1677121474722 73.1797973830432,20.1679057922217 73.1798255894243,20.1680925029477 73.1799075236254,20.1682295799364 73.1802265682179,20.1682185411754 73.1804765319315,20.1682713162222 73.1804668603192,20.1684504652897 73.1803055921643,20.1686065368589 73.1800247594867,20.168596461249 73.1798668173047,20.1684657682373 73.1796864312278,20.1683061630098 73.1793045002882,20.168065601869 73.1792159237106,20.1680646850988 73.1790508682371,20.1681107762056 73.179010964982,20.1682776626321 73.1791352840599,20.1684701483016 73.1791839577608,20.1686379516547 73.1793586163575,20.1688548580914 73.1793030078071,20.1692844802371 73.1792996788835,20.1695712454666 73.1792846673614,20.1697742388263 73.1792439314397,20.1700128160195 73.1790634462899,20.1702977468717 73.1790477401769,20.1705604826991 73.1790451038973,20.1707875049797 73.1789906040544,20.1711215393143 73.1788726930786,20.1714668671955 73.1787422672585,20.1718001144509 73.178651745603,20.1719664765605 73.1786239405769,20.1721812877541 73.1784192525856,20.1723703673038 73.178165335993,20.1724394366624 73.1781507389499,20.1726065852034 73.1778210354669,20.1726629192214 73.1775301275355,20.1726479553728 73.1772389424021,20.172656889079 73.1769718143337,20.1727736198921 73.1768312290179,20.1728916621957 73.1766907830612,20.172997756279 73.1766259827233,20.1731285338522 73.1770049160952,20.1731922110804 73.1773718889623,20.1731960129997 73.1777376127888,20.1733073518747 73.1777726598491,20.17355866357 73.1777826753176,20.1737858164229 73.1776140045563,20.1741425664071 73.177221581618,20.1741504505613 73.1769671064612,20.1742673124932 73.1769399923774,20.1744223812659 73.1771029703621,20.1745555189496 73.1774080638401,20.1744391811418 73.1776357028066,20.1744534900958 73.1777224784166,20.1746097383864 73.1778594556276,20.1748023562718 73.1779716783,20.1749469188288 73.1778559840896,20.175101068472 73.1777646257883,20.1753391214118 73.1777244407815,20.1755299032121 73.1776457370471,20.1757680870451 73.1775411685403,20.1760538018816 73.1774495319254,20.1763157503195 73.1774852721711,20.1765073200694 73.177445919883,20.1766264111222 73.1771932460466,20.1765879428236 73.1770169172676,20.1765144149881 73.1769898018585,20.1766694831654 73.1770390304301,20.1767894931043 73.1771004974656,20.1769454794164 73.1770477954226,20.1771241813629 73.1769943990573,20.1773626270343 73.1771333206453,20.1773879668036 73.1773985126141,20.1774385152451 73.1773833568267,20.1776534572534 73.1772294185154,20.1778311097462 73.1770248604995,20.1780082385255 73.1771109426999,20.1782242296256 73.1771464057688,20.1784396962596 73.1769941326672,20.1784739674501 73.1769211227104,20.1782222616505 73.1767457633441,20.1780650959485 73.1766331223674,20.1779563784198 73.1765471807897,20.1777284380252 73.1765238174802,20.1775608969264 73.1765382783153,20.1774056986481 73.1766805354657,20.1771442741524 73.1766955516988,20.1769412813521 73.1766079437474,20.1768567240053 73.1764058875342,20.1768187789659 73.1763028450449,20.1769730595925 73.1762252494566,20.1771156547847 73.1761089955456,20.1773175970864 73.1760561532783,20.1775082478706 73.1758279533146,20.1775417310591 73.1757001570167,20.1776479539031 73.1752572462538,20.1776433589607 73.1749158503442,20.1776159167484 73.174686259612,20.1777688828884 73.1745441368033,20.178018355608 73.1746062976642,20.178114600358 73.1750870341781,20.1781315394887 73.1751989781696,20.1783000000832 73.1752867269358,20.1783726093421 73.1753476365783,20.1785763903577 73.1753444369224,20.1788512053868 73.1750276526682,20.1788837683555 73.1749129262492,20.1789542771064 73.1750126346904,20.1790867605194 73.1750743770617,20.1792188506283 73.1750592193083,20.1794337919645 73.1750823025547,20.1796252300231 73.1750179167991,20.1797201614023 73.1748876131974,20.1800414562559 73.1746954264892,20.1802426107319 73.1746546802924,20.1804811856119 73.1746009997011,20.1807435267657 73.174484183764,20.1809932623977 73.174244855409,20.1808951771583 73.1742874116788,20.1805012726253 73.1742301213253,20.1799868315879 73.1742205289295,20.1797238342485 73.1742234502348,20.1794729162292 73.1742653108388,20.1791387533301 73.1743196867875,20.1788166698564 73.1742590573028,20.1785889919891 73.1740439280095,20.1785867590466 73.1739417158597,20.1786693463276 73.1738635611666,20.1788597334032 73.1732907595346,20.1791405825716 73.1729094470926,20.1792800197914 73.1726667796531,20.1794686974445 73.1727666252855,20.1795892332862 73.1730055333258,20.1797231645234 73.1731686528737,20.1798443580839 73.1731915954382,20.1800477457081 73.1731519593638,20.1801907324802 73.1728223788208,20.1802351078827 73.1725945923924,20.180232740695 73.1725041984171,20.180387149618 73.172615863063,20.1805795080937 73.1725144845557,20.1805904052361 73.1722866984969,20.180588037622 73.1722204986555,20.1808382975563 73.1721548557925,20.181040763686 73.1722164582061,20.1811848026117 73.1724669090198,20.1814144530058 73.172400709059,20.1816647141504 73.1724486811847,20.1818922603462 73.172308084258,20.1820102977469 73.1720937868741,20.181936369848 73.1719928264845,20.1819114210662 73.1720036702655,20.1820668822747 73.1721658153978,20.1822717167147 73.172176380335,20.1824510744403 73.1720602566219,20.1826410665221 73.1717045235809,20.1827568664492 73.1716395755539,20.1828995896397 73.1720053164918,20.1830109416154 73.1721924933587,20.18323993532 73.172442807952,20.1834815353835 73.172440578487,20.1836727102754 73.1721623068162,20.1836578672808 73.1719215824435,20.1836792652764 73.1718943206505,20.1838462801073 73.1721076455939,20.184003847205 73.1723455837429,20.1842214178845 73.1725696144753,20.1845463941984 73.17269184761,20.1849181106261 73.1727591412801,20.1856597043445 73.1728061395528,20.1859708893353 73.1729413077097,20.1863188416414 73.1730508864076,20.1866904271366 73.173183687541,20.1872415033511 73.1732920141486,20.1877206237965 73.1736683341508,20.1880113316993 73.1737916848403,20.1882874618906 73.1739155946604,20.1885157970166 73.1740767735238,20.1888042688733 73.1741741187758,20.1891398764977 73.1742590878097,20.1894514564136 73.1744320888711,20.189811750205 73.174692705345,20.1902566035617 73.1749663965527,20.1906657417601 73.1752663740266,20.1909915032095 73.1755413202556,20.1912931054627 73.1759415724052,20.1917035559689 73.1761282085445,20.1919803409849 73.1763354286632,20.1926636349822 73.1763825745636,20.19296287168 73.1763038583947,20.1932010535539 73.1760337724762,20.1935686976751 73.1759674327451,20.1938309072394 73.1759899611642,20.1940701386648 73.1762287548491,20.1942160158303 73.1763010731601,20.1945274642031 73.1762479452247,20.1947420105633 73.1760312639693,20.1948712111603 73.1758391976022,20.1950604153664 73.1756838468095,20.1953575507363 73.1754399023916,20.1956537661678 73.1753992898289,20.1958803928297 73.1753080520678,20.1961064926438 73.1752301678766,20.1962729824287 73.1751020755929,20.1964031018264 73.1752782860754,20.1964885807155 73.1756959374869,20.19649291693 73.1759736764985,20.196555549799 73.1757564341729,20.1967325429305 73.1756152686808,20.1968983752765 73.1753711835241,20.1972065386306 73.1752679845146,20.1973727655739 73.1753159644343,20.1976003116192 73.1751250083932,20.197693928069 73.1748602021838,20.1976075286809 73.1747738361084,20.1974154336057 73.1748403207057,20.1971412761778 73.1748824655075,20.1967832176642 73.1748091744723,20.1965554086193 73.1747208596411,20.1965305905845 73.1743879026114,20.1968617287853 73.1741447888539,20.1970862511307 73.1737247670044,20.1972850346611 73.1733687224548,20.1974247327646 73.1730777697635,20.197409757502 73.172774857925,20.1973349092331 73.172549138557,20.1971533130706 73.1725889192222,20.1969983782924 73.172843575574,20.196869577955 73.1729716694965,20.1967394613074 73.1731769553892,20.1965025970733 73.1732174318888,20.1962879210926 73.1734218790339,20.1961227470103 73.1736380081055,20.1960413446134 73.1738171432542,20.195875907741 73.1738578974254,20.1956373330894 73.1740755581446,20.1954244977066 73.174025629742,20.1953642292969 73.1737841900222,20.1954453698933 73.1735676451878,20.1955626177122 73.1733778044456,20.1955606444547 73.1733043767248,20.1953447833281 73.1733196797982,20.1951178949317 73.1735121667128,20.1948928478025 73.1735532000305,20.1946303757824 73.1734023038648,20.1945451591849 73.173074363657,20.1944461506749 73.1729229110941,20.1944087262674 73.1727183259759,20.1945858477396 73.1727414076988,20.1947772854151 73.1727387595808,20.1950043058344 73.1727742183318,20.1952197725324 73.172935261023,20.1955201940495 73.1728452761564,20.1956387576694 73.1726540412023,20.1957562675244 73.1724393072259,20.1957181853958 73.1723140016364,20.1956093333417 73.1722130318472,20.1955843834859 73.1720867511118,20.1955591700953 73.1720766052995,20.1953439666768 73.1722195853297,20.1950228069107 73.1722094393434,20.1948076036192 73.1721340611004,20.194759020447 73.1719439433557,20.1947809421854 73.171776766726,20.1950062517972 73.1716355980574,20.1951720810045 73.1715826024305,20.1953746774734 73.1715168125344,20.1955890901648 73.1715263999447,20.195852088235 73.1715619970986,20.1960556061096 73.1713714580473,20.1961133723332 73.1712980332302,20.1958975110157 73.1713012423456,20.1956226968275 73.1710873449228,20.195512922296 73.1709089056812,20.1956186138702 73.1708310162224,20.1957851021943 73.1707394933447,20.1960350960843 73.1707998427237,20.1962866715346 73.1706597889401,20.196356913709 73.1704451948062,20.1963068793876 73.1703584162717,20.1961506281143 73.1703873570268,20.195840232417 73.170112972816,20.1954908294067 73.169737202253,20.1951523196877 73.1695736519873,20.1950669676761 73.1693095531219,20.1949208176334 73.1690198623476,20.1947983007556 73.1688446345493,20.1946291776714 73.1689209899316,20.1945941238006 73.1692238934073,20.1946689787638 73.1695013470953,20.194755517619 73.1698794894268,20.1948909041776 73.1701307927349,20.1950488691921 73.1703704191526,20.1951230636579 73.1704483087531,20.1949565766049 73.1702593072601,20.1948829090589 73.1700068861493,20.1948205313671 73.1699077326934,20.1946402518275 73.1696562892338,20.1944942338996 73.1697466949877,20.19433982718 73.1700892428276,20.1942716952152 73.1703062063686,20.1941186064809 73.1703975896132,20.1938805599067 73.1702471150492,20.1937594941245 73.1700462959996,20.1936140055452 73.1699725942929,20.1934220399011 73.169963568101,20.1931112497985 73.1698129535825,20.1930021319702 73.1696603862616,20.1930602930939 73.1695819385825,20.1932745738393 73.1694791571948,20.1934049511188 73.1694136434578,20.1935954665844 73.1694240653947,20.1937867730988 73.1692573046962,20.1939762345122 73.1688921001502,20.1938170812836 73.168603530155,20.1935989767302 73.1683781005626,20.193393479966 73.1680640813548,20.1931870596241 73.1677995675211,20.1930767531726 73.1676250409455,20.1928478861261 73.1675666547147,20.1924290331277 73.1672398419602,20.1922344269404 73.16698854541,20.1920764583415 73.1670283291358,20.1919215248425 73.1671422308723,20.1919227122165 73.167393807222,20.192056784751 73.1676474800904,20.1920116296363 73.1675872761413,20.1917481055539 73.1675265135438,20.1915323749336 73.1676038448644,20.1914136815055 73.1678448608361,20.1913683944071 73.1681217480697,20.1915027289502 73.1684107328236,20.1916849898701 73.1688125022961,20.1919640222805 73.1690668741269,20.1918591230368 73.1689703757697,20.1914518227867 73.168928969369,20.1906627000574 73.1689812685282,20.1905198462695 73.1688052073693,20.1904224129433 73.1687818504203,20.1902548720797 73.1688219122262,20.1900760408647 73.1686870251513,20.1898129341348 73.168431121589,20.1900492651597 73.1681454026706,20.1902374848813 73.1679332362575,20.1901970343546 73.1677099391165,20.190242506568 73.1675361469749,20.1903840928687 73.1675238981652,20.1905656035672 73.1671668580937,20.1907913176417 73.1668615582417,20.1909219720739 73.1665460210807,20.191062079513 73.1663645639043,20.1909932677154 73.1661649823427,20.190742628826 73.1660459515863,20.1905310688664 73.1661892600721,20.1903987258884 73.1662625927499,20.1901891734095 73.166285637228,20.1899504167925 73.1664490823378,20.1898278424625 73.1665616818925,20.1897238582539 73.1664212821619,20.1896076761845 73.1662401619078,20.1895101873957 73.1660795140851,20.1893937930585 73.1659972883737,20.1894980940025 73.1660952884702,20.18977635254 73.1660921546438,20.1900439960634 73.1659991334041,20.190205544041 73.1656751513046,20.1902021634862 73.1656156355143,20.1900963837902 73.1657285718582,20.1899637241904 73.1656094282452,20.189761722609 73.1654586813342,20.189664550937 73.1654300985695,20.1895112951072 73.1653308694245,20.1893381805736 73.1652309693846,20.1892224198202 73.1652028353772,20.1890309284955 73.1650020270382,20.1888854337433 73.16482057261,20.1888166210952 73.1647718546395,20.188653594473 73.1650765916775,20.1885707360444 73.1650576864395,20.1884558200831 73.1647236957444,20.1884427736432 73.1644711476137,20.1883923379888 73.1644529143611,20.1882200691335 73.1645453770718,20.1881063166475 73.1644454777154,20.1879905545515 73.1642319720247,20.188064803541 73.1640188023229,20.1881103772158 73.1636741291142,20.1881450155766 73.1632708375035,20.1879974053189 73.1629690148644,20.1878317324626 73.1627992553785,20.1876292016637 73.1627206149392,20.1874276222086 73.1627533413468,20.1872272076031 73.1627252103556,20.1870357161581 73.1625536587474,20.1869861234234 73.1622196719408,20.1869730723172 73.1618485523068,20.1866728353426 73.1616685602747,20.1864797567894 73.1616314279373,20.1861925726738 73.1614626811891,20.1859040111779 73.1610402722035,20.18566059635 73.1606858164258,20.1856664482393 73.1605563349047,20.1854834561894 73.1604368650523,20.1853101290394 73.160316836053,20.1851845940733 73.1602089489568,20.1848871092884 73.1600894801399,20.1847137810481 73.1597445900525,20.1847675311168 73.159450992114,20.1847644581328 73.159260993074,20.1845617110093 73.159374266472,20.1844003792318 73.1593456899031,20.1842471229741 73.1592663811471,20.18410289396 73.1588905585732,20.184204117507 73.1584669225189,20.1840658431911 73.1582357562989,20.1839200232457 73.1580862548351,20.183717699944 73.1578871462388,20.1834288191491 73.1576467560266,20.1832064229954 73.1575079425173,20.1829564128686 73.1574191871266,20.1827547249192 73.1573099595066,20.1825719437185 73.1572000567748,20.182446513054 73.157087345929,20.1825600508814 73.1570758730272,20.1826746483054 73.1570539394793,20.1828178158584 73.1570210954787,20.1830277888524 73.156897922375,20.1831698957654 73.1567147926052,20.1832444544475 73.1565610225008,20.183405359337 73.1562778893614,20.1833737118961 73.1559334512338,20.1833892186837 73.1557912661412,20.1834259667427 73.1554567256057,20.1834606962788 73.1551737066308,20.1834194882088 73.1549208332926,20.1833977151802 73.1547498516617,20.1833003224838 73.154610592122,20.1830885439744 73.1543698695197,20.1828948211318 73.1539966370331,20.1827761836436 73.1537750378444,20.1826782585631 73.1536042823506,20.182561747402 73.1534946093606,20.1824171987145 73.1532515243504,20.1824242055143 73.1532201391623,20.1825099140674 73.1531580439231,20.1826239795916 73.1529867268642,20.1825552616596 73.1528737878989,20.1826879126238 73.1528115799885,20.1828115375564 73.1526597218251,20.1828099413482 73.15260044319,20.1826850409121 73.1527127069755,20.1826097417336 73.1528053984635,20.1824768780298 73.1528165363524,20.1823909566963 73.1526877432836,20.1821506077521 73.1525474739336,20.1820248557554 73.1522961804627,20.1818692580657 73.152064121446,20.1817999002434 73.1520551246002,20.1817042074488 73.1521682901171,20.1815524392074 73.1523734698899,20.1813251590895 73.1525789867117,20.1810692029976 73.1526815764485,20.1809555627636 73.1526432214583,20.1807735230788 73.1524726949062,20.1806378937107 73.1523931701425,20.1805127805511 73.1521332207956,20.1802328135574 73.1521054405303,20.1800126455933 73.1521591021424,20.1797550935473 73.1522526934101,20.1795457611401 73.1523360485853,20.1793458803714 73.15243841174,20.1792513566994 73.1526706919808,20.1793015966444 73.1527825029741,20.1792645310264 73.1527944282959,20.1791116991055 73.1528465109482,20.1789879686753 73.1529588837046,20.178903111022 73.1531825047512,20.1788289802201 73.1533551694135,20.1787829941133 73.1534474078893,20.1786883638635 73.1535195113944,20.1785839631368 73.1536638312637,20.1783656021684 73.1536243499701,20.1782791487347 73.1532696869384,20.1783041046059 73.1530259320993,20.1783684640869 73.1528852155333,20.1782809470833 73.1528671079884,20.1780991198982 73.1529698084368,20.1779759203728 73.1532137870056,20.1778924438779 73.1534567525634,20.1778949948645 73.1535213890339,20.1777797609165 73.1535531960891,20.1776582072955 73.1536167225803,20.1774222670073 73.1538308371819,20.1772954574761 73.1538700661806,20.177188321487 73.153742257409,20.1770794315035 73.1535904893816,20.1770706682291 73.1534908564653,20.1771484901298 73.1533831239669,20.1772692473225 73.1530715717055,20.1772874853617 73.1528666546604,20.1772781636329 73.1526910109401,20.1773623572612 73.1525698669062,20.177332405123 73.1524349736703,20.1771804206261 73.1523528906569,20.1770576705019 73.1522576506809,20.1767627049008 73.1523417602622,20.1767133994948 73.1525627900536,20.1766440220588 73.152663099643,20.1765088478041 73.1526110500174,20.1764150933517 73.1524523649415,20.1763488967983 73.1523388144132,20.1763190235453 73.1523170493317,20.1762327577122 73.1523804099031,20.1760111561602 73.1525485442555,20.1759197141728 73.1529210025109,20.1758877762224 73.1532478211168,20.1758625285579 73.1534077716563,20.1758211898279 73.1535449447886,20.1757796102994 73.1537511259143,20.1756813967352 73.1539039894201,20.1755969623488 73.1540035373522,20.1755263083077 73.1542091265949,20.1754782763717 73.1544216343223,20.1754876770622 73.1545213500701,20.1754026848704 73.1544553805318,20.1752012362396 73.1543949775027,20.1751719226633 73.1543042038648,20.17514228956 73.1542050793259,20.1751770993606 73.1540691722223,20.1751111433025 73.1540406599293,20.1749531063858 73.1540120611126,20.1748022391978 73.1539616148953,20.1745722737579 73.1539638088983,20.1743858790103 73.153975620913,20.174027509133 73.1540474131567,20.1737342965674 73.1541468749802,20.1736708123555 73.1542381532479,20.1736574303554 73.1544962977453,20.1736601385461 73.154852553655,20.1737140655281 73.1550268422821,20.1737445736377 73.155223740929,20.1737896579187 73.1555193421924,20.1738357776736 73.1555786490455,20.1739582871677 73.155699790637,20.1739882376774 73.1557772335037,20.1738599911872 73.1558315611627,20.1737601817222 73.1559846755428,20.173654239717 73.1562137140993,20.1735490916395 73.1563739989153,20.1734790725072 73.1566170428291,20.1734744504728 73.1569062309245,20.1734201215496 73.1571264958108,20.1734152593959 73.1572791041729,20.1733523294125 73.1574396413851,20.1732608034573 73.1576151942727,20.1731837726355 73.1577378529715,20.1730846789728 73.157724351616,20.1729411392429 73.1576880743629,20.1727973614183 73.1577351444935,20.1726687961672 73.157844133385,20.1724405005886 73.15795928243,20.172334157308 73.1581748182683,20.1720854678316 73.1583816642229,20.1719298963918 73.1585652297726,20.1718170999589 73.1588782856269,20.1716698091961 73.1592527522207,20.1714658001359 73.15943715759,20.1712813121899 73.159483721578,20.1711957607307 73.1596212252214,20.1711255003915 73.1597957653793,20.1711344963268 73.1600844443411,20.1711231755604 73.1602287833174,20.1711175149455 73.1603966571738,20.1710475722382 73.1605573579958,20.1709417045182 73.1607628564241,20.1709008336858 73.1608696534362,20.1708589304035 73.1607571969431,20.1707358666105 73.1606897911673,20.170656292328 73.1606153801296,20.1705264554617 73.1605160912165,20.170575606949 73.1604691919921,20.170689835968 73.1602938116867,20.1707525303622 73.1601516593992,20.1705717960574 73.1601530039516,20.1704570905831 73.1601777147878,20.1702924418727 73.1601413523117,20.1701558339298 73.15999701345,20.1701614934918 73.159919744388,20.17027540394 73.1598191930011,20.1704320896312 73.1596445703951,20.1704302635431 73.1595317782012,20.1703358742799 73.1594111420367,20.1702629128457 73.1593422224674,20.1703123810829 73.1592656263402,20.1703689394462 73.1591226345461,20.1702598937279 73.1590868595809,20.1700731025015 73.1591071773428,20.16963595063 73.1591842780944,20.1695363783648 73.1593594053682,20.1694951919281 73.1595575627747,20.169432735761 73.1596959898929,20.1692836162894 73.1598947339558,20.1691709758279 73.1600556024702,20.1690507702981 73.1602461658475,20.1689882336281 73.1603898303346,20.1690399255186 73.1604291369337,20.1689256180837 73.1603703325448,20.1687600953204 73.1604176514531,20.1686100223265 73.1604418580701,20.1684883869937 73.1605733632671,20.1682818346921 73.1606062550653,20.1680670803161 73.1605255144346,20.1678296288344 73.1604204842691,20.1677209832999 73.1600491386404,20.1676597399546 73.1598142012566,20.1676214331485 73.1596251531971,20.1675549263917 73.159502332357,20.1676683596198 73.1595160017006,20.1677975615762 73.1595138155377,20.1679839560594 73.1593908255015,20.1681117287488 73.1591768132574,20.1682313779725 73.1591828913307,20.1683604995437 73.1591893057563,20.1684609448257 73.1591874544466,20.1686186639941 73.1590801536937,20.1687035799624 73.1587902176012,20.1688224342129 73.1586366057206,20.1689713953215 73.158588105636,20.1692218335012 73.1585758844856,20.1696160507807 73.1585666091168,20.1697593509549 73.1584527243456,20.1697581597279 73.1583697977187,20.1697071023382 73.1583456581513,20.1691762767513 73.158325659387,20.1689394602412 73.1583584695479,20.1687318768441 73.1584591882316,20.1685608528139 73.1583307934538,20.1685021495752 73.1582164045202,20.1685439712284 73.1581045412118,20.1683707219612 73.1581631585349,20.16790529305 73.1581488357591,20.1678442209063 73.1576629150531,20.1678283561297 73.1576014192949,20.1678922407937 73.1575766221909,20.1680640593832 73.1574928547785,20.1680846909205 73.1572430700196,20.1680175461903 73.1570926573194,20.167894081325 73.1570260956587,20.1677428162284 73.1570128489125,20.1675777707393 73.1568906541717,20.1674223380286 73.1568475799204,20.1676417632282 73.1567851577321,20.1677845075524 73.1566320781534,20.1678880619353 73.1566810072198,20.1680319728537 73.1568420756943,20.1681101393408 73.1569223856439,20.1681683394447 73.1571642141835,20.168266471857 73.15714306942,20.1683427290291 73.157192112143,20.1684770804979 73.1573257318752,20.1683064030691 73.1574166144424,20.1683264747776 73.157444962402,20.1684988486487 73.1575442834687,20.1686624065101 73.1573311384386,20.1687079741358 73.1572080906983,20.1688405234876 73.157398519595,20.1690050354618 73.1574160704534,20.1692346563967 73.1573419526358,20.1695111168115 73.1572049631712,20.1699685550833 73.1571564964327,20.1706467979233 73.1570826021628,20.1709041407376 73.1570083698644,20.1711901590019 73.156844378023,20.1713605177127 73.1566592401546,20.1716071345511 73.1564844495651,20.1718347390589 73.1563516120849,20.171938505083 73.1561480243884,20.1720319703772 73.155967604627,20.1718771215281 73.1558173301814,20.1717417077374 73.1557699739484,20.1714639753019 73.1556608671186,20.1712716336241 73.1555825803995,20.1710413772407 73.1553614449702,20.1709052197309 73.1552717995084,20.1707800016728 73.1553044163148,20.1705891467273 73.1554991159252,20.1703904318362 73.1555722257641,20.1702000001668 73.1554312900811,20.1701316041102 73.155290915885,20.1700154136836 73.1550988030396,20.1699942796736 73.1550369393521,20.1700892284495 73.1546018721856,20.170065546189 73.1544003112659,20.1699869527411 73.154307291609,20.1701484938658 73.1543049289483,20.1703492264177 73.1542224832679,20.1704726395829 73.1539599574858,20.1704125252289 73.1538200349141,20.1702580985907 73.1537820171103,20.1700473829341 73.1535298414864,20.1699682577902 73.1534190502589,20.1699192954762 73.1533092728252,20.1697843059647 73.1533105100524,20.1696791600037 73.1535353553637,20.1694998835685 73.1535063352711,20.1693848594902 73.1532839673822,20.169353846886 73.1531410070167,20.1694575047609 73.1530080570838,20.1695708260383 73.1528369794753,20.169482990883 73.1528692617517,20.169320813041 73.1530740859839,20.1691222066272 73.1529436122309,20.1690252379008 73.1528323720145,20.1690145109022 73.1526095529976,20.1690217310829 73.1523662639037,20.1690478549581 73.152182924297,20.1691415284556 73.1520893400495,20.1693508622519 73.151954925471,20.1695884454277 73.1516592170652,20.1697669761734 73.1512949008898,20.1697535879682 73.1512469900682,20.1695236487767 73.1512287717578,20.1693513795852 73.1511305844377,20.1690922318394 73.1511753578653,20.1687294282657 73.1510547828526,20.1686516827512 73.1508724572227,20.168659326635 73.1506699984913,20.1686571986642 73.1505295165938,20.1685505632801 73.1505312075338,20.1684071836828 73.1505017405915,20.1683303948635 73.1502792608073,20.1683089361953 73.150267785073,20.1684235342605 73.1503872313745,20.1685968667668 73.1505275998856,20.1687130598005 73.1504551620361,20.1688461361994 73.1502342602432,20.1686908562888 73.1501451832169,20.168517843079 73.1500155012122,20.1683539617346 73.1498749076696,20.1682568851541 73.149701126835,20.1683984549218 73.149648144568,20.1685986543041 73.1496776110771,20.1686754433131 73.1498771382436,20.1689260981 73.1499051402584,20.1691271480669 73.1500555192304,20.1692530071772 73.1502462781906,20.1693888511177 73.1504048646553,20.1696773137005 73.1505554695121,20.1697840554103 73.1508175420855,20.1698824086921 73.1512114386427,20.169963027469 73.1514020864471,20.1701084293923 73.1511665515744,20.1703353899596 73.1510019913464,20.1705535373125 73.1506960452366,20.1707415178479 73.1504208052381,20.1709011407699 73.1499618833184,20.1711831096648 73.1495265903881,20.1711785314994 73.14927373721,20.1711567517511 73.1490609267041,20.1711736332864 73.148816280637,20.1713144560641 73.1487120020014,20.1715714743737 73.148678022153,20.1718770308859 73.148553046655,20.1721720698239 73.1486512312745,20.1724312191692 73.1488120744341,20.1725285098163 73.1489526706958,20.1726255886987 73.149124313397,20.1726656333245 73.1493470242769,20.1726679767433 73.1496290074172,20.1727952211475 73.1496781576737,20.1729200163139 73.1497671236133,20.1731025890579 73.1498162741128,20.1732273842183 73.1497744283617,20.1733416615299 73.1495415932349,20.1733392125496 73.1492480185725,20.1733361240293 73.149014168894,20.1734197017197 73.1487490464104,20.1735794283207 73.1485645696808,20.1737686828884 73.1484210391069,20.1739201293712 73.1481977622876,20.1739655780561 73.1480371449908,20.17384916873 73.1480488482243,20.1737154540728 73.1481319790204,20.1735346928804 73.1482968862481,20.1732878734357 73.1483791130417,20.1731835810919 73.1483205181124,20.1730013281872 73.1483530328324,20.1728200337553 73.1482330206232,20.1726944913307 73.148255637465,20.1724939736721 73.1481873713128,20.1722733787397 73.1482818652109,20.1719875787713 73.1481922246638,20.1718623571941 73.1480710846591,20.1718324024019 73.1479382425166,20.1719361619431 73.1478059641119,20.1719921289026 73.1475128449166,20.1719508021305 73.1474733685042,20.1718643485131 73.1475967656429,20.1717031303115 73.1478325332388,20.1714570580181 73.1479552511012,20.1713531913541 73.1480573861144,20.1712777875392 73.1479065553309,20.1711901619268 73.1479378268375,20.1711140120578 73.148011059409,20.1709140272499 73.1480938498628,20.1707619411116 73.1483276954479,20.1706783650922 73.1486110288274,20.1706909067274 73.1489133673701,20.1708088063423 73.1489358694289,20.1706178464978 73.1486958499599,20.1703667650005 73.1485052037234,20.1702213604542 73.1483550512027,20.1700763827302 73.1484475123392,20.1699626385318 73.1486025168841,20.169696594585 73.1486461681067,20.1694293779871 73.1486474089686,20.1693242330213 73.1486504553354,20.1690661499166 73.1487437052283,20.1688854945882 73.1486806295573,20.1682252025077 73.1485196782315,20.1681374696534 73.1482969739305,20.1681351258841 73.1481134075307,20.1682479121454 73.1478584159401,20.1684077443994 73.1477351357439,20.1685594038451 73.1475520187695,20.1686339546642 73.1473617160812,20.1684598735994 73.1471706214481,20.1683527032495 73.1469487083931,20.1682834464964 73.1467860650173,20.1683390932179 73.1465632477287,20.1683463053274 73.1464746264546,20.1681350561281 73.1463750919637,20.1679906096607 73.1463558619315,20.1679043679607 73.1463249143469,20.1677731689609 73.1461415168604,20.1678716141879 73.1460789150243,20.168028690888 73.145864978752,20.1681411550705 73.145591491803,20.1681526127161 73.1454096175969,20.1681220160647 73.1452574358801,20.1681490904042 73.1451339273447,20.1683198655094 73.144920328249,20.1684036520538 73.1446934112772,20.1683295603728 73.1444960144624,20.1683274782068 73.1443426454156,20.1684549181749 73.1441153881165,20.1684095018364 73.1440863772835,20.1682944779364 73.1440126608587,20.1681072841665 73.1437859142179,20.1680188534355 73.1435567920047,20.1681311535065 73.1434482960314,20.1683164248141 73.1433259726482,20.1683868328194 73.1430678384689,20.1683841080732 73.1428545788025,20.1684392154417 73.1426544656301,20.1686665393086 73.1424710651684,20.1687649801595 73.1421523632259,20.168747276051 73.1420776312236,20.1686461083051 73.142216157579,20.1684898342856 73.1422482246352,20.1683467757452 73.1421586467267,20.1682167726105 73.1419771141972,20.1681574964773 73.1419752454985,20.1683152136797 73.1416864041772,20.1683408427157 73.1415656089354,20.1682822074075 73.1413813582609,20.1684523371046 73.1412583552398,20.1685800951322 73.141092687158,20.1684636264253 73.1409741011547,20.1682185989584 73.14088418434,20.1681172704115 73.1410068489787,20.1680181890938 73.1413115530959,20.1679353708068 73.1415106480355,20.167794076773 73.1414821473197,20.1676360393419 73.1414232797616,20.1674776798982 73.1414250628576,20.1673271316113 73.1415634200202,20.167185196132 73.1416176683622,20.1670925621726 73.1415119738789,20.1670412567763 73.1413742961933,20.1671258396886 73.1413660249049,20.1671831107459 73.1413418049745,20.1673047429982 73.1412871308771,20.1674332219297 73.1411871595184,20.1675397148428 73.1411015220662,20.1677180552698 73.1409870458696,20.1677670353894 73.1408441549779,20.1676508081297 73.1407468172907,20.1675350613723 73.1406479488257,20.1675483562673 73.1406457392441,20.1677347487225 73.1406512069666,20.1679140529519 73.1404831607092,20.1679983147577 73.1402563311691,20.1679170493303 73.1402040366587,20.1678447977958 73.1402051412982,20.167751601075 73.1402140085929,20.1676441473071 73.1400773506902,20.1676427031101 73.1399483691972,20.1676341696019 73.1398277460339,20.1675611962112 73.139790634959,20.1674891038794 73.139807774546,20.167324379183 73.1398244892402,20.1671954986786 73.13988726591,20.1670240860567 73.1399719686006,20.1669246035335 73.1400419974374,20.1667819468269 73.1400042927675,20.1667600392243 73.139965992597,20.1667883133881 73.1398739521766,20.1668662087664 73.1397969258258,20.1669586020546 73.1396737518827,20.1671006971267 73.1396268399251,20.1672149184455 73.1396023632579,20.1673580569135 73.1395547700557,20.1675296297877 73.1394403779069,20.1675714389303 73.1394609436087,20.1677580723607 73.1394435483212,20.1679443045155 73.1393667762277,20.1680151911756 73.1392228665962,20.1679849893232 73.1390720443452,20.1678973559514 73.1389590134127,20.1678244624783 73.1388928110314,20.1676445157334 73.1388713948605,20.1675295723875 73.1389410001066,20.1674227602803 73.1391616810326,20.1673820749949 73.1392230980727,20.1673253666912 73.139216526048,20.1672392582106 73.1390738070966,20.1671086916451 73.139014175818,20.1670148535014 73.1389704099348,20.1668638232885 73.1389562461199,20.1667776351103 73.1390860768626,20.1667144802548 73.1390876073231,20.1665854395083 73.1390361632149,20.166441497507 73.1389688549053,20.1663547484947 73.1388169291182,20.1663603106631 73.1386418867433,20.1663943087276 73.138444663713,20.1663778818609 73.1382855711866,20.1663475196029 73.1382489720014,20.1662324140429 73.1382885492276,20.1660966061741 73.138268069897,20.165902804052 73.1382312154422,20.1658092059159 73.138148724288,20.1657222943063 73.1380054117167,20.1656419095501 73.1379535447198,20.1655338123777 73.1378943403023,20.1654041298431 73.1377815656675,20.1653097282117 73.1376831250011,20.1652871761475 73.1376886750756,20.1654593112765 73.137641760973,20.1655735326514 73.1375729221436,20.1656158227543 73.1374597230474,20.1655572650027 73.1371887094919,20.1653608114879 73.1370314910906,20.1651727302597 73.1369046404362,20.1649849719051 73.1367928893155,20.1648045419955 73.1366657847581,20.1646382890647 73.1366443709951,20.1645233457554 73.1366835227382,20.1644233816431 73.1368132657706,20.1643673976663 73.1368670916527,20.1643106088806 73.1368605213018,20.1642245005639 73.1367636978575,20.1640657386488 73.1366824012968,20.16387846219 73.1366787534211,20.1635462212026 73.1366941019192,20.1633193387608 73.1366336752241,20.1630797044396 73.1364711704033,20.1629106862489 73.1363190493925,20.1629329748781 73.1362051714952,20.1629317694786 73.1360925713168,20.1628230283312 73.1360433768338,20.1627030108475 73.136095693741,20.1625601677888 73.1361096242201,20.1624527674317 73.1359838025012,20.1623916856576 73.1358686472724,20.1624980137779 73.1358164734616,20.1626289078938 73.1358521618927,20.1628204826895 73.135926235113,20.1629766129267 73.1358233062457,20.1631189203576 73.1357327465101,20.1632852563006 73.1357307589673,20.1634525311323 73.1356419037726,20.1634754901241 73.1354016356072,20.1634609939279 73.1352749610368,20.1634716013586 73.1351853949074,20.163554300997 73.1350710904163,20.1635889378324 73.134984223503,20.1634446215854 73.1349485361068,20.1632530473768 73.1348485895648,20.1631444396968 73.1347341418774,20.1631910260373 73.1346060491487,20.1633211157926 73.1344668641672,20.1633196400753 73.1342024272835,20.1632092880331 73.1341661731474,20.1630655075458 73.1342437960347,20.1629229330915 73.1343603734053,20.1626971243565 73.1343880946523,20.1624942737602 73.1345046714498,20.1622684640943 73.134645985652,20.162090717144 73.1348501382383,20.1619494836088 73.1349657199961,20.1618073114626 73.1351562253142,20.1617495826931 73.1353087712638,20.1616914504078 73.135411557246,20.1615610915083 73.1354253457953,20.1614656402096 73.1352743621875,20.1613923420463 73.13505883565,20.1614259079422 73.134957610847,20.1614248350623 73.1347557318257,20.1613748963657 73.1345532832762,20.1613727501707 73.1343239672649,20.1615017662167 73.1340936555584,20.1617144187046 73.1339540467262,20.1617487883405 73.1337389458457,20.161746506557 73.1335753090411,20.1616730738989 73.1335012383804,20.1615169417418 73.1334904325597,20.161361479708 73.1335808513414,20.1612070924989 73.1337342503488,20.1610772730902 73.133900728297,20.1609117414009 73.1339271695498,20.1608164247907 73.133699133475,20.1608379052982 73.1333442824682,20.1608819410136 73.1331307461219,20.160748228782 73.1330565339087,20.1606040454242 73.1331222156781,20.1604015965956 73.1333519575781,20.1602367377337 73.1335316555873,20.1600235493022 73.1336853373697,20.1598698323326 73.1336118356503,20.1596659077446 73.1338034755985,20.1595125925808 73.1340319368385,20.1594552662874 73.1341344374097,20.1593488053632 73.1342483189947,20.1592501313987 73.1340485109057,20.1591256299 73.1338680147128,20.1589803190793 73.1335515517749,20.1587762077239 73.1334628390126,20.158574511938 73.1333724211069,20.1585161942381 73.1331743560146,20.158571451822 73.1327937502682,20.1586534521724 73.1326900262921,20.1584372574148 73.1326622182804,20.158221866841 73.132892526324,20.1580092154935 73.1330156982151,20.1578671254716 73.132925621988,20.1577801315681 73.1326209336793,20.1578629372815 73.1323926739615,20.1579035351426 73.1321483764649,20.158015659155 73.1319496291836,20.1581282670496 73.1316908314414,20.1581828782454 73.1314168505175,20.1582373287753 73.131234992936,20.1582067188321 73.1312513715283,20.1581065154733 73.1316633672522,20.157938813446 73.1318163933252,20.1578400601051 73.132001834977,20.157569574018 73.1320799687281,20.1573839880151 73.1320813343838,20.1572692851402 73.1319463911966,20.1571244563986 73.1318268045934,20.1569654512738 73.1317527656282,20.1568069284372 73.131555726197,20.15677615778 73.1312810654542,20.1568879589521 73.1310840250399,20.1568571876245 73.1309654629522,20.1566121549147 73.1308743645932,20.156611187689 73.1306302398379,20.1567089725186 73.1305386291685,20.1567510185364 73.1305053589137,20.1569944392025 73.1303228201668,20.1570211791606 73.1302777831815,20.1569776818988 73.1300200127468,20.1569462641766 73.1298529973864,20.1569444897683 73.1296711418843,20.1569138788779 73.1296428255699,20.1567415014807 73.1297956819246,20.1566570878871 73.129964746651,20.1564868086017 73.129981125016,20.1563866055156 73.1299981866142,20.1562290505921 73.1301068585863,20.1560294491073 73.1302146782005,20.1559015379129 73.1300488597372,20.1557993994129 73.1297301873515,20.1557816734654 73.1296718476593,20.1555802977491 73.1296445566889,20.1553218938205 73.1296769729143,20.1551501629843 73.1294958033736,20.1550622001617 73.1292214841923,20.1551453232015 73.1290391186168,20.1551577240526 73.1287936276362,20.1553702093013 73.1285612679333,20.1557549092448 73.1284529358753,20.155925832719 73.1283007643741,20.1559528949322 73.1281651425918,20.1558654147812 73.1282586343448,20.1556656541654 73.1284891141518,20.1554386698446 73.1288125707882,20.155054938678 73.1289215854373,20.1548266624206 73.1289557116747,20.1545115533927 73.1289108459191,20.1544537183118 73.1288049074752,20.1544239125191 73.1286977734095,20.1544944717698 73.1286049669415,20.1546368815916 73.1284210631411,20.1547783235729 73.1282828786091,20.1549059104556 73.1281153537824,20.154947147511 73.1279974809841,20.1546447620117 73.1279691673208,20.1544723847012 73.1280486710618,20.1541720987994 73.1280817731866,20.1539430158945 73.1277474098507,20.1539681394197 73.1275490059747,20.1540520669196 73.1273506037928,20.1541359942526 73.1273480383772,20.1543510618493 73.1273620242218,20.1544515875854 73.1271933019046,20.1545931886585 73.127025263712,20.1546774387393 73.1268434119591,20.1546468244741 73.1267064231782,20.1546740456656 73.1264931793988,20.1547291344232 73.1264191469656,20.154570611098 73.1264815897923,20.1544278793225 73.1266593502688,20.1543771926405 73.1267005224649,20.1543202728736 73.1267010920659,20.1542724794273 73.1265830616959,20.1541058391497 73.1264335052391,20.1537916440339 73.1263648205605,20.1536092771603 73.1262744081205,20.1535509563317 73.1260028297655,20.1534046694118 73.1258791997497,20.1535849881353 73.1257064437476,20.1536405069057 73.1255451794319,20.1535814317994 73.1252836101221,20.1534448106559 73.1250924374747,20.1533471764521 73.1249499328818,20.1534125771596 73.1248978389242,20.1535362994037 73.1250581900704,20.1536718435301 73.1252160297889,20.1540176758355 73.1252641272831,20.1542285016459 73.1252612739673,20.154467465056 73.1252480705187,20.1547254382317 73.1251853977716,20.1548872870882 73.1250531275299,20.15494323661 73.1250036594486,20.1548471112936 73.1249764908948,20.1545791492659 73.1249576173423,20.1544642318909 73.1248452490298,20.1545490719173 73.1247514111057,20.1547775069931 73.1246288073911,20.154871798286 73.1245058587967,20.154994764352 73.1243217225817,20.1551553180172 73.1242185616256,20.1553167349058 73.1241060778388,20.1554111327725 73.1240359105063,20.1553530273285 73.1240577531318,20.1552194238892 73.1241300919357,20.1550959175645 73.1243254918294,20.1548398860829 73.124479605355,20.1546503338346 73.1245238607959,20.1543353336394 73.1245078423853,20.1539814519834 73.1244828440877,20.1535318785539 73.1243106589533,20.1535396032664 73.1242095544161,20.153528966636 73.1239157939715,20.1535449550018 73.1235807448394,20.1536274208393 73.1232753758373,20.1537675625415 73.1231009059304,20.1539664567095 73.1228074855675,20.1539537678895 73.1224332066571,20.1539306577643 73.1222598776209,20.1540339650616 73.1220962131161,20.1541756153405 73.121943127702,20.1542791393734 73.121740347583,20.1543056544545 73.1217286234119,20.1544393663846 73.1219595971683,20.1545947863272 73.1219778968981,20.1547574966287 73.1220351976187,20.1550449001646 73.1221027347331,20.1553228535021 73.1219222555837,20.1551775324295 73.1218130875597,20.1549947326609 73.1217653376839,20.1547552296663 73.1215659881208,20.1544949895002 73.1212622170364,20.1545013071251 73.1208452752574,20.1546593712585 73.1206925318966,20.1547342191208 73.1206098403212,20.1548767322471 73.120740051757,20.1549928391292 73.1208484176121,20.1552425488687 73.1206141251863,20.1553643239551 73.1204932353085,20.1553152343198 73.1204139760036,20.1551709921839 73.1202826199813,20.1551504700383 73.1202915979665,20.1552461633156 73.1203089801769,20.1554853423687 73.1204076821189,20.155696710169 73.120415971873,20.1558497552242 73.1204341563601,20.1560220233782 73.1204422170712,20.1561941851372 73.1203510054463,20.1562027707766 73.1202304576178,20.1561250058618 73.1201111693766,20.1559420964838 73.1201396547186,20.1552541005506 73.1200442016814,20.1550715816611 73.1200006443617,20.1551331190508 73.1197649789899,20.1553695954945 73.1194697247208,20.1555098370027 73.1192148441039,20.155660069377 73.1191428454177,20.1557548966338 73.1192937584654,20.1558329881083 73.1194544496462,20.1559398617268 73.1194127026427,20.1560445722198 73.119078562556,20.1560505616033 73.1189673367028,20.1560398132194 73.1188448414155,20.1561245415122 73.1186015716283,20.1561506211386 73.1185801811694,20.1562459896394 73.1187402999015,20.1564006557546 73.1188602737574,20.156526214458 73.1187980540177,20.1566498268272 73.1185767434196,20.1565327441903 73.1183331297097,20.156587498423 73.1183017318701,20.156673200283 73.1182787371223,20.1569023873621 73.1182662092326,20.1571030078518 73.1180246555897,20.1569857086668 73.1178541866609,20.1568500500521 73.1177137393125,20.1567433913218 73.1175308558722,20.156798793459 73.1173684455263,20.1568352945542 73.1172358266047,20.1569199141344 73.1171841852669,20.1570053990563 73.1172537784918,20.1571113004967 73.1173631706017,20.1572749863674 73.1173211919891,20.1573988130926 73.1170886154875,20.1573772051493 73.1169783051632,20.1572899875748 73.1167550469857,20.1573353977025 73.1164195292889,20.1574560831879 73.1161239251576,20.157624994444 73.116152799542,20.1577495801576 73.1162623066907,20.1579037077295 73.1162810593931,20.1580281840815 73.1160583740562,20.1580258014906 73.1159072315965,20.1579668242115 73.115602651838,20.1580400407419 73.1154179289864,20.158248376693 73.1150901198667,20.1585698960064 73.1149203015634,20.1587085452417 73.1148103630335,20.1589376229611 73.1152355466936,20.1603154287851 73.1156638126391,20.1622177096625 73.115811983311,20.162295623085 73.1168235951443,20.1628275541161 73.1173411331523,20.1634703538944 73.117677926098,20.1638384293548 73.1190948967519,20.163838407042 73.1194831431253,20.1640401944283 73.1194827855315,20.1646721153832 73.1194827527843,20.1647272238655 73.1190518915543,20.1651756125732 73.1188822978087,20.1659407726958 73.1188387499895,20.1675221275721 73.1191524308872,20.1681588326447 73.1191782123814,20.1682111643648 73.1201147259061,20.1690730925516 73.1202320533391,20.168878885546 73.1203262504375,20.1686217800579 73.1203747231359,20.1683785254628 73.1204670313851,20.1682791344573 73.120606265247,20.1680655278339 73.1203351847757,20.1678762175188 73.1202916940458,20.1677036778003 73.1203527736905,20.1676756515579 73.1205958912748,20.1676639091357 73.1207021791673,20.1676650447904 73.1209002591355,20.1676098021475 73.1213414561889,20.1675428165274 73.1215676713158,20.1676742878338 73.1215548914378,20.1674733966108 73.1214965587081,20.1672720207765 73.1216968699482,20.1670303857667 73.1218647524245,20.1669604799659 73.1220522809696,20.1665179544301 73.1222061803168,20.1663475217659 73.1221490487349,20.1660457811102 73.1221819911172,20.1658310388862 73.122155227345,20.1655296216323 73.1223104975391,20.1652444870525 73.1225392848763,20.1651608903778 73.1228564306864,20.1653076712402 73.123084188458,20.1653101004083 73.1234813702107,20.1651135831362 73.1237871048736,20.1649447676596 73.1239556694316,20.1648175091665 73.12421430896,20.164777247583 73.1244715771071,20.1648516874508 73.12468449316,20.1648252779992 73.1249119083167,20.1648563815042 73.1250014691963,20.164986391877 73.1252266565255,20.1652038858599 73.1254528724395,20.165335351922 73.1256362790094,20.1652369285751 73.1259547983702,20.1652690008916 73.1261487641637,20.1655578583256 73.1263325109286,20.1654307596607 73.1262287920735,20.1652145607354 73.1263391899276,20.164871584839 73.1263721253034,20.1646568410318 73.1264806382294,20.1644715817435 73.1267849992153,20.1644174649002 73.1269660066779,20.1645197684778 73.1271306329056,20.1647222754737 73.1275695951794,20.1648416645227 73.1277222890696,20.1647715917196 73.1277396974325,20.1645853614065 73.1277879870782,20.1643564413335 73.1280793869503,20.1641157676445 73.1283103935342,20.1638457714897 73.1284627439597,20.1638043732249 73.1286285682654,20.1639065141977 73.128702093713,20.1641080516344 73.1288525640562,20.1642243685919 73.1290052566098,20.1641542936024 73.1291142791666,20.163926018776 73.1293911765903,20.1636278308579 73.1297131127287,20.1633731393754 73.1298649496867,20.1633747534388 73.1301056682717,20.1635637267352 73.130163327094,20.1638224533915 73.1302056327472,20.1640953564954 73.1302022150376,20.1643821124953 73.1304867783007,20.1647149472178 73.1306479922915,20.1652042084143 73.1306442330213,20.1655196409057 73.1306268286493,20.1657058708189 73.1307754234089,20.1659799037616 73.1308173867039,20.1662814815497 73.1306297120019,20.1667383563451 73.1305507161324,20.1669956298065 73.130286946928,20.1674660359232 73.1301907154775,20.1678952020064 73.1297930210451,20.1681347478905 73.1294287709424,20.1681165364098 73.1291409558486,20.1680561170638 73.1289137061762,20.1680106813534 73.1288224290945,20.1680240505386 73.1288655871444,20.1682252640118 73.1288637058657,20.1683829802766 73.1287094698772,20.1685820945681 73.1286171666507,20.1686814897406 73.1286618641814,20.1687536633553 73.1290111016958,20.1687573785221 73.1292825379332,20.1689180006226 73.1293869462333,20.1690768464751 73.1294425536944,20.1695076271486 73.1292113688265,20.1697919615791 73.1289960509538,20.1700191053836 73.1287344956514,20.1703031164471 73.1285959545369,20.1704593774578 73.1281238689608,20.1705690721164 73.127865391462,20.1705950012134 73.127863509059,20.1707527160143 73.1278892567038,20.1711401600038 73.1278395965231,20.171483781668 73.1276384315885,20.1717971127068 73.127502112641,20.1717669824906 73.127275714654,20.1716498555627 73.1271059448616,20.1718774818002 73.1268744106257,20.1721904870261 73.1268280003632,20.1722616908382 73.1267694296038,20.1723372999942 73.1270793725548,20.1725841445905 73.1284063758752,20.1734366949681 73.13110298734,20.1702379401701 73.1324799785532,20.1694234401172 73.1332955171923,20.169356490386 73.1332957794801,20.1693564693353 73.1334630939197,20.1693427331217 73.1345828883829,20.1695854891694 73.1360383137316,20.1700336805897 73.1364974463283,20.1705253709631 73.136983670805,20.1710460696116 73.1372131957546,20.1717534959239 73.1374957597346,20.1726243822086 73.1376361690831,20.1728948179214 73.1385671860316,20.1746879869038 73.1397693808993,20.1757867276674 73.1418709289964,20.1773635886546 73.1416904608431,20.1777897124033 73.1411853227168,20.1789824375456 73.1401575254973,20.1809292616977 73.139473105496,20.1822678254438 73.1393733819331,20.1828119781397 73.1394975501165,20.1829119212571 73.1395093320892,20.1831988393989 73.1395072042834,20.1833780621397 73.1395812615859,20.183536582442 73.1397239947705,20.1836671505483 73.1398905275373,20.1837119310712 73.1400593582482,20.1835631498015 73.1401078078959,20.1833198890927 73.1401565125427,20.1830551197501 73.1403314880522,20.1830282908789 73.1404600568011,20.1830726697276 73.1405866688748,20.1832819351315 73.1405462386832,20.1834894318278 73.1404298782475,20.1836961264833 73.1402982472163,20.1839098298367 73.1401825678598,20.1840591728225 73.1401049363714,20.184201747823 73.1402265931213,20.1841886946753 73.140409844717,20.184104595613 73.1405024910244,20.1839765185663 73.1406239768758,20.1839778029765 73.1408053558677,20.1840514194211 73.1409416893016,20.1840815405735 73.141041927019,20.183953543696 73.1410052380739,20.1838456085559 73.1409600208617,20.1838164504107 73.1408849418534,20.1837439590959 73.1410298877049,20.1836881323554 73.1411437813275,20.1836893367631 73.1412948739045,20.1837554615065 73.141323629876,20.1838919936768 73.1413674875646,20.184035853141 73.1414879539585,20.1841231652335 73.1415951048171,20.1840526001543 73.1417154018594,20.1841542490739 73.1418054968314,20.1842412398088 73.1420629758234,20.1843013190626 73.1423064604946,20.1842608725506 73.1424883511426,20.1842914741866 73.1426687119098,20.1844511158494 73.1429098177239,20.1846114000273 73.1430017823309,20.18454067301 73.1428978598279,20.1843388197149 73.1426717709106,20.1841930344085 73.1426130668512,20.1840203377006 73.1426296113185,20.1839057953492 73.1428111617398,20.1839650714691 73.1429461361563,20.1841098949459 73.1431582281969,20.1841551526639 73.1432812435581,20.1840273956156 73.1434805276811,20.183871763192 73.1437415745799,20.1836307445739 73.1438936020707,20.1836180091376 73.1442102974099,20.1838077689857 73.1443741165345,20.1840819528783 73.1445082426153,20.1842984635238 73.1447027742551,20.1845442919022 73.14482137594,20.1847893184123 73.1450626541647,20.1849352612247 73.1451559762625,20.1847498295515 73.1451433350758,20.1845346001197 73.1452209614057,20.1843920215313 73.1454050588246,20.1842362277028 73.1453625550239,20.1839776643428 73.1453043570403,20.1837619550423 73.1452007700735,20.1835314267484 73.1450070889229,20.183213909863 73.1446898841913,20.1830671654762 73.1443293294214,20.1827335474621 73.1442405920259,20.1825318553045 73.1440595508975,20.1824295663768 73.1438604399151,20.1825708614813 73.1437357281077,20.1828419986067 73.1434937746905,20.1827534063806 73.1434671401718,20.1824376521755 73.1435920215537,20.1821521765686 73.1438994703171,20.1818399493306 73.1443429087559,20.1815865152218 73.1447085522766,20.1814899947944 73.144845901251,20.1814340850401 73.14507555172,20.1812787714128 73.1449267499525,20.1810190866879 73.1450959970319,20.180834455536 73.1453376096404,20.1809517216767 73.1455930501291,20.181183851854 73.1459104204741,20.1813162561467 73.1461964038651,20.1815343677798 73.1465117422156,20.1818388263047 73.1467514918912,20.1821138068852 73.1473668186904,20.1827368996842 73.1479195434721,20.1835170675185 73.1480842151451,20.1837195594933 73.1480509637765,20.1839629840894 73.1480632699095,20.1842068889301 73.1480902533986,20.1844939679257 73.1480576793155,20.1846800410339 73.1479650378475,20.184808122774 73.1478410089468,20.1850219112871 73.1480352070709,20.18529641219 73.1479261939192,20.185524700079 73.1475547805017,20.1861087149331 73.1475518988952,20.1863524589694 73.1476101016094,20.1865681688843 73.1478804013555,20.1868291317465 73.1479431796379,20.1866577160837 73.1479463993435,20.1863852951548 73.1481461909828,20.1861866441999 73.1483756768603,20.1860456645358 73.1485870964457,20.1861482691491 73.1488879392906,20.186395211858 73.1492966098758,20.1865142333171 73.149430745401,20.1867307409514 73.149564204486,20.187004601254 73.1499583680623,20.1870661080114 73.1502759243639,20.187184167628 73.1503145028646,20.1873470908872 73.1505645048977,20.1876126161294 73.1508901565187,20.1879028361756 73.1513162061701,20.1882658108732 73.1514667005929,20.1882417251238 73.1516941577251,20.1882727966405 73.1517683987211,20.1884169754346 73.1518586706576,20.1884896224321 73.1520542336182,20.1886494161287 73.1522224668341,20.1885508060903 73.152388502578,20.1886385895701 73.1523407460816,20.1888245053479 73.1523076677569,20.1890535931466 73.1522610939697,20.1891391421432 73.1521222174561,20.189324098227 73.1523343206953,20.1893693477356 73.1526383878548,20.1893438636856 73.1528790054162,20.1895471491921 73.1531494878981,20.1897937661119 73.1534213245706,20.1899256805405 73.153393316611,20.1897246298727 73.1532591736097,20.1895081243075 73.1532006247094,20.1893210929418 73.1533244816586,20.1891216370909 73.1533422025604,20.1889067271864 73.1534501982946,20.1887644643899 73.1535128029877,20.1886073840952 73.1534395736697,20.188377179216 73.1535472294127,20.1882635913765 73.1539557415623,20.1883969401437 73.1539844249773,20.1885406394144 73.154195007796,20.1887149271245 73.1543340490006,20.1885156312211 73.1544852380565,20.1885745767092 73.1545139211094,20.1887182758596 73.1545858011325,20.1890631850502 73.1547209587442,20.1891936614007 73.1549499383636,20.1890956861545 73.1551488809667,20.1889687170841 73.1554092441627,20.1887850325117 73.1556527337651,20.1887445677549 73.1558174216885,20.1889470531094 73.1558283893799,20.1893056623009 73.1559620293367,20.1895651794466 73.1562650852236,20.1896257178453 73.1564022696587,20.1895841368483 73.1566012125312,20.1894571667411 73.1567395781786,20.1893152195617 73.1569067982026,20.1893026330773 73.1570428017681,20.1893614183443 73.1570406091514,20.1895478112768 73.1569020746771,20.1897040967507 73.1567937450081,20.1898750381946 73.156867316784,20.1900765666351 73.1571091213612,20.1901794803318 73.1573195409864,20.1903681027903 73.1575125824968,20.1907429615045 73.157752701597,20.1909892542755 73.1578998485376,20.1913923106312 73.157911157747,20.1917222435344 73.1580149359791,20.1919384284911 73.1583915705498,20.1922004908611 73.1586953064661,20.1922036723166 73.1589521343847,20.1923210814775 73.1591164924713,20.1925522398944 73.1590982734676,20.1928101644118 73.1590361775356,20.1929242326227 73.1591094160776,20.193154436611 73.1590017592756,20.1932680271061 73.1591975045133,20.1934134750131 73.1595743131936,20.1936611976245 73.1597820451776,20.1940792260832 73.1600390452307,20.1941822964214 73.1600435928197,20.1937951689437 73.1600781760724,20.1934370368681 73.1601419550213,20.1931795877003 73.160267491462,20.1928367477747 73.1603012331381,20.1925503053033 73.1605442215258,20.1925528482823 73.1608744607166,20.1928861192879 73.1610988975478,20.1931752640954 73.1614588399145,20.1935662033547 73.1619287924948,20.1936428192178 73.1622730465698,20.1940766118949 73.1625159209748,20.1943050038572 73.162551085115,20.1945443687952 73.1625108756869,20.1947351448784 73.1626370130254,20.1947723128698 73.1629915182423,20.1947640701679 73.1634204176397,20.1948880511227 73.1636824097791,20.1952134347777 73.1639819498274,20.1955750591854 73.1643696633483,20.1959734538585 73.1648210796102,20.1963366638864 73.1650070007944,20.1966732016564 73.1651064294993,20.1968295880152 73.1653463348045,20.1968798919451 73.1655737247973,20.1969181152573 73.1658597759703,20.1973512951012 73.1661583465314,20.1977965557931 73.1662594564629,20.1978095613609 73.1665516664832,20.1977170121653 73.1667671007873,20.1976953597684 73.1668150819837,20.1979217120165 73.1669739492541,20.1981910464255 73.1671239205555,20.1983551284901 73.1672742297235,20.1984905351939 73.1674140767278,20.1986545111009 73.1675244453386,20.1987417011113 73.1676848803734,20.1988772133536 73.1678862616305,20.1989749120212 73.1679247490866,20.1991473912531 73.1679432097965,20.1993005421555 73.1681125396433,20.1995413033995 73.1683345077545,20.1996105369658 73.1684067257545,20.1994965718718 73.1683486581498,20.1992665293949 73.1682790130784,20.1991606440266 73.1683808222292,20.1991139068431 73.1685437160286,20.1990391255215 73.168656432815,20.1989255808882 73.1689293606806,20.1989666645305 73.1690687648012,20.1991688759004 73.1692271889484,20.1994764431856 73.1692447567978,20.1997060631195 73.1693553505924,20.1997741343301 73.1695182455778,20.1996993528571 73.1697229810449,20.1995102881735 73.1700370808002,20.1994944393301 73.1700256156969,20.199609038728 73.1699019933582,20.1997893891861 73.1696972567433,20.1999784541246 73.1696149153964,20.2000923151048 73.1696021085007,20.2003216197021 73.1695394580181,20.2004834850934 73.169456558039,20.2006451389949 73.1693136890694,20.2007392495877 73.1692411369638,20.2008818916281 73.1693926777504,20.2009121499322 73.1695751542846,20.2008949315732 73.1697559442575,20.2008781308746 73.1700554057444,20.2007317341101 73.1700794098833,20.2006482549433 73.1702364687928,20.2000138811214 73.1702675392009,20.199901473519</coordinates></LinearRing></outerBoundaryIs></Polygon></MultiGeometry>
  </Placemark>
  <Placemark>
	<name>Reservoir/Barrage</name>
	<Style><LineStyle><color>ff0000ff</color></LineStyle><PolyStyle><fill>0</fill></PolyStyle></Style>
	<ExtendedData><SchemaData schemaUrl="#wb_sac_dd">
		<SimpleData name="id">48</SimpleData>
		<SimpleData name="objectid_1">48</SimpleData>
		<SimpleData name="wetcode">1201</SimpleData>
		<SimpleData name="wetname"></SimpleData>
		<SimpleData name="aqveg">Yes</SimpleData>
		<SimpleData name="turbidity">Low</SimpleData>
		<SimpleData name="level_i">Inland</SimpleData>
		<SimpleData name="level_ii">Man-made</SimpleData>
		<SimpleData name="l4type"></SimpleData>
		<SimpleData name="area_ha">1.86349454808223</SimpleData>
		<SimpleData name="remarks"></SimpleData>
		<SimpleData name="lat">20.7696408265</SimpleData>
		<SimpleData name="long">71.1470832156</SimpleData>
		<SimpleData name="state">Daman &amp; Diu</SimpleData>
		<SimpleData name="shape_length">1052.14441230788</SimpleData>
		<SimpleData name="shape_area">18634.9454808223</SimpleData>
		<SimpleData name="ds_name">Hydrological Layer</SimpleData>
		<SimpleData name="src_agency">SAC N</SimpleData>
	</SchemaData></ExtendedData>
      <MultiGeometry><Polygon><outerBoundaryIs><LinearRing><coordinates>71.1470342645976,20.7683001046353 71.1466072492275,20.7667363460167 71.1466630213324,20.7671070697743 71.146673665471,20.7671715778654 71.1467521802134,20.7676474615266 71.1467723883266,20.7677660585081 71.1465775001894,20.7682441634155 71.1464920627971,20.768498950718 71.1465407977651,20.7684376957197 71.1466410510861,20.7683408622688 71.1470342645976,20.7683001046353</coordinates></LinearRing></outerBoundaryIs></Polygon><Polygon><outerBoundaryIs><LinearRing><coordinates>71.1478012711638,20.7713371067176 71.1473591744175,20.7697177855897 71.1471942345529,20.7697317967058 71.1470953295272,20.7699241920548 71.1468926237265,20.7699625683192 71.1466245582014,20.7698703409013 71.1464259693053,20.7699328566019 71.1464235398554,20.7699742825544 71.1464228636606,20.770082664428 71.1465518585819,20.7702279871749 71.1466519167831,20.77036400855 71.1467420827703,20.7705678890815 71.1467461118834,20.7707034851281 71.1467167560424,20.7707937121197 71.1466486658335,20.770942493477 71.1465615632362,20.7710505096769 71.1463956321836,20.7713366678396 71.1464290714641,20.7713184235061 71.1466441419813,20.7712559982534 71.147012129524,20.7712275021853 71.1472803670898,20.7713316738846 71.1473365559528,20.7713572244045 71.1473382141499,20.7713572488 71.147803472999,20.7713485885272 71.1478012711638,20.7713371067176</coordinates></LinearRing></outerBoundaryIs></Polygon></MultiGeometry>
  </Placemark>
  <Placemark>
	<name>Tank/Pond</name>
	<Style><LineStyle><color>ff0000ff</color></LineStyle><PolyStyle><fill>0</fill></PolyStyle></Style>
	<ExtendedData><SchemaData schemaUrl="#wb_sac_dd">
		<SimpleData name="id">107</SimpleData>
		<SimpleData name="objectid_1">107</SimpleData>
		<SimpleData name="wetcode">1202</SimpleData>
		<SimpleData name="wetname"></SimpleData>
		<SimpleData name="aqveg">No</SimpleData>
		<SimpleData name="turbidity">High</SimpleData>
		<SimpleData name="level_i">Inland</SimpleData>
		<SimpleData name="level_ii">Man-made</SimpleData>
		<SimpleData name="l4type"></SimpleData>
		<SimpleData name="area_ha">3.52365857937333</SimpleData>
		<SimpleData name="remarks"></SimpleData>
		<SimpleData name="lat">20.4319340066</SimpleData>
		<SimpleData name="long">72.8625918102</SimpleData>
		<SimpleData name="state">Daman &amp; Diu</SimpleData>
		<SimpleData name="shape_length">996.429552861837</SimpleData>
		<SimpleData name="shape_area">35236.5857937333</SimpleData>
		<SimpleData name="ds_name">Hydrological Layer</SimpleData>
		<SimpleData name="src_agency">SAC N</SimpleData>
	</SchemaData></ExtendedData>
      <MultiGeometry><Polygon><outerBoundaryIs><LinearRing><coordinates>72.8627700417707,20.4326612403466 72.8627610006778,20.4323982762441 72.8627127867427,20.4322184659597 72.8627904747155,20.4320999413553 72.8630305985361,20.4321506814858 72.8630414560884,20.4322822407673 72.8630266378288,20.4324373819562 72.8629489488952,20.4325559066748 72.8629601361873,20.4326635750522 72.8633758664798,20.4328478984526 72.8639048626557,20.4321733622389 72.8638944997567,20.4320059648216 72.8637832500289,20.4318014852921 72.8635449410627,20.4316193407569 72.863269935538,20.4313411641373 72.8630451259195,20.4310994461039 72.8628458277331,20.4308460923448 72.8626297304768,20.4308912302054 72.8624630027906,20.4310325570238 72.8622457492865,20.4311613152808 72.8619779688556,20.4312775056228 72.8616845122297,20.4314172743814 72.8611994755033,20.4316622196256 72.8613969543099,20.4320469786168 72.8614983378056,20.4320482242153 72.8616003814136,20.4320016869407 72.8618283271786,20.4320164361154 72.8619790804234,20.4321138709484 72.8619782544436,20.4321736001047 72.861811855471,20.4322910345473 72.8616843017386,20.432349206373 72.8618324110946,20.432637775266 72.8620990383773,20.4326052079264 72.8622833517824,20.4330256478592 72.862499451655,20.4329805103612 72.8626788542315,20.4328393396165 72.8627700417707,20.4326612403466</coordinates></LinearRing></outerBoundaryIs></Polygon></MultiGeometry>
  </Placemark>
  <Placemark>
	<name>Tank/Pond</name>
	<Style><LineStyle><color>ff0000ff</color></LineStyle><PolyStyle><fill>0</fill></PolyStyle></Style>
	<ExtendedData><SchemaData schemaUrl="#wb_sac_dd">
		<SimpleData name="id">108</SimpleData>
		<SimpleData name="objectid_1">108</SimpleData>
		<SimpleData name="wetcode">1202</SimpleData>
		<SimpleData name="wetname"></SimpleData>
		<SimpleData name="aqveg">No</SimpleData>
		<SimpleData name="turbidity">High</SimpleData>
		<SimpleData name="level_i">Inland</SimpleData>
		<SimpleData name="level_ii">Man-made</SimpleData>
		<SimpleData name="l4type"></SimpleData>
		<SimpleData name="area_ha">1.23829354832022</SimpleData>
		<SimpleData name="remarks"></SimpleData>
		<SimpleData name="lat">20.4331938243</SimpleData>
		<SimpleData name="long">72.8639077201</SimpleData>
		<SimpleData name="state">Daman &amp; Diu</SimpleData>
		<SimpleData name="shape_length">421.137050966998</SimpleData>
		<SimpleData name="shape_area">12382.9354832022</SimpleData>
		<SimpleData name="ds_name">Hydrological Layer</SimpleData>
		<SimpleData name="src_agency">SAC N</SimpleData>
	</SchemaData></ExtendedData>
      <MultiGeometry><Polygon><outerBoundaryIs><LinearRing><coordinates>72.8639761975055,20.4325147531958 72.8638370439284,20.4324951231722 72.8634310782234,20.4329800039766 72.863354463499,20.4330208806744 72.8633026982238,20.4330979054736 72.8633011303114,20.4332113921142 72.8633058987604,20.4333249550919 72.8633618541056,20.4334033033144 72.8634371491123,20.4334579932203 72.8635047879684,20.4336081724935 72.8635158099312,20.4337277873016 72.8635973595901,20.4337885271479 72.8637045851662,20.4338256876727 72.8638564137224,20.4338454732494 72.8640221535378,20.4337758201688 72.8641118546016,20.4337052338539 72.864296025702,20.4336776249792 72.8644167489451,20.4336552101342 72.8645013507206,20.4334949516056 72.8644973251811,20.4333276322234 72.864455856376,20.4331180339567 72.8644073911791,20.4329561440903 72.8642891435063,20.432799369442 72.8641451365787,20.4326721494835 72.8639761975055,20.4325147531958</coordinates></LinearRing></outerBoundaryIs></Polygon></MultiGeometry>
  </Placemark>
  <Placemark>
	<name>Tank/Pond</name>
	<Style><LineStyle><color>ff0000ff</color></LineStyle><PolyStyle><fill>0</fill></PolyStyle></Style>
	<ExtendedData><SchemaData schemaUrl="#wb_sac_dd">
		<SimpleData name="id">1</SimpleData>
		<SimpleData name="objectid_1">1</SimpleData>
		<SimpleData name="wetcode">1202</SimpleData>
		<SimpleData name="wetname"></SimpleData>
		<SimpleData name="aqveg">No</SimpleData>
		<SimpleData name="turbidity">Low</SimpleData>
		<SimpleData name="level_i">Inland</SimpleData>
		<SimpleData name="level_ii">Man-made</SimpleData>
		<SimpleData name="l4type">Check Dam</SimpleData>
		<SimpleData name="area_ha">0.265117654336028</SimpleData>
		<SimpleData name="remarks"></SimpleData>
		<SimpleData name="lat">20.0773824421</SimpleData>
		<SimpleData name="long">73.113909563</SimpleData>
		<SimpleData name="state">Dadra &amp; Nagar Haveli</SimpleData>
		<SimpleData name="shape_length">194.47880174302</SimpleData>
		<SimpleData name="shape_area">2651.17654336028</SimpleData>
		<SimpleData name="ds_name">Hydrological Layer</SimpleData>
		<SimpleData name="src_agency">SAC N</SimpleData>
	</SchemaData></ExtendedData>
      <MultiGeometry><Polygon><outerBoundaryIs><LinearRing><coordinates>73.1141566180156,20.0775448046995 73.1141850848204,20.0774905108491 73.1142025532852,20.0774129693808 73.1142036232203,20.077361747359 73.1142041927636,20.0773204736351 73.1141998230603,20.0772875213529 73.1141922290946,20.0772586981389 73.1141843506768,20.0772355578931 73.1141690229491,20.0772106581141 73.1141342161651,20.0771834603631 73.1140702594612,20.0771364385747 73.1139532310289,20.0770926666952 73.1139295056689,20.0771065264692 73.1135910356387,20.077304255621 73.1137691632569,20.0776772232461 73.1139343134346,20.0776229840744 73.1140464851418,20.0775868926575 73.1141035140104,20.0775650983023 73.1141566180156,20.0775448046995</coordinates></LinearRing></outerBoundaryIs></Polygon></MultiGeometry>
  </Placemark>
  <Placemark>
	<name>NA</name>
	<Style><LineStyle><color>ff0000ff</color></LineStyle><PolyStyle><fill>0</fill></PolyStyle></Style>
	<ExtendedData><SchemaData schemaUrl="#wb_sac_dd">
		<SimpleData name="id">2</SimpleData>
		<SimpleData name="objectid_1">2</SimpleData>
		<SimpleData name="wetcode">9999</SimpleData>
		<SimpleData name="wetname"></SimpleData>
		<SimpleData name="aqveg">NA</SimpleData>
		<SimpleData name="turbidity">NA</SimpleData>
		<SimpleData name="level_i">NA</SimpleData>
		<SimpleData name="level_ii">NA</SimpleData>
		<SimpleData name="l4type"></SimpleData>
		<SimpleData name="area_ha">0.181140013153431</SimpleData>
		<SimpleData name="remarks"></SimpleData>
		<SimpleData name="lat">20.2019327621</SimpleData>
		<SimpleData name="long">72.9966293685</SimpleData>
		<SimpleData name="state">Dadra &amp; Nagar Haveli</SimpleData>
		<SimpleData name="shape_length">162.274139374889</SimpleData>
		<SimpleData name="shape_area">1811.40013153431</SimpleData>
		<SimpleData name="ds_name">Hydrological Layer</SimpleData>
		<SimpleData name="src_agency">SAC N</SimpleData>
	</SchemaData></ExtendedData>
      <MultiGeometry><Polygon><outerBoundaryIs><LinearRing><coordinates>72.9968208769717,20.2017575253038 72.9967348214962,20.2017565440919 72.9965626488046,20.201759360857 72.9964509775579,20.2017819849929 72.9963743741775,20.2018336858068 72.9963581477076,20.2019147537429 72.9963569248265,20.2020103318833 72.9964371232636,20.2020733803662 72.9966141737699,20.2020849591331 72.9967859177896,20.2021155950669 72.9968625227309,20.2021055297642 72.9968785034834,20.2020019407624 72.9968891782141,20.201959046668 72.9968902175079,20.2018778057168 72.9968657625199,20.2018106134097 72.9968208769717,20.2017575253038</coordinates></LinearRing></outerBoundaryIs></Polygon></MultiGeometry>
  </Placemark>
  <Placemark>
	<name>NA</name>
	<Style><LineStyle><color>ff0000ff</color></LineStyle><PolyStyle><fill>0</fill></PolyStyle></Style>
	<ExtendedData><SchemaData schemaUrl="#wb_sac_dd">
		<SimpleData name="id">3</SimpleData>
		<SimpleData name="objectid_1">3</SimpleData>
		<SimpleData name="wetcode">9999</SimpleData>
		<SimpleData name="wetname"></SimpleData>
		<SimpleData name="aqveg">NA</SimpleData>
		<SimpleData name="turbidity">NA</SimpleData>
		<SimpleData name="level_i">NA</SimpleData>
		<SimpleData name="level_ii">NA</SimpleData>
		<SimpleData name="l4type"></SimpleData>
		<SimpleData name="area_ha">7.03215142596336</SimpleData>
		<SimpleData name="remarks"></SimpleData>
		<SimpleData name="lat">20.1764682833</SimpleData>
		<SimpleData name="long">73.0247934379</SimpleData>
		<SimpleData name="state">Dadra &amp; Nagar Haveli</SimpleData>
		<SimpleData name="shape_length">1303.38939109051</SimpleData>
		<SimpleData name="shape_area">70321.5142596336</SimpleData>
		<SimpleData name="ds_name">Hydrological Layer</SimpleData>
		<SimpleData name="src_agency">SAC N</SimpleData>
	</SchemaData></ExtendedData>
      <MultiGeometry><Polygon><outerBoundaryIs><LinearRing><coordinates>73.0247606803316,20.17381305757 73.0245588313891,20.1737629943475 73.0242860352161,20.1738196760045 73.0241267424683,20.1739075043443 73.0240164798083,20.1741213498558 73.0240059386003,20.1744558067742 73.0240346359311,20.1746891363575 73.0240637843734,20.1748866253269 73.0241500990265,20.1750668315341 73.0242247264041,20.1754715496704 73.0241826112114,20.1758008723863 73.0241413989633,20.1760585101581 73.0240924138203,20.1763304001788 73.024065029957,20.176695735854 73.0240026703352,20.1774263202327 73.0239760090013,20.1777343080049 73.0239880313365,20.1779853753622 73.0241292093883,20.1782307227557 73.0244151798783,20.1784346810503 73.0246110394179,20.1785587621455 73.0248444990598,20.1787119433881 73.0251002832677,20.1789012233702 73.0253338346379,20.1790472350208 73.0253997669167,20.1790479751025 73.0254745291999,20.1789293240919 73.0255395281971,20.1787926388323 73.02559209759,20.1786378903374 73.0256329177724,20.1784113157987 73.0256561104112,20.1780770002467 73.0256454815897,20.177413704901 73.0255707564365,20.1768154089493 73.0255160730943,20.1766355583784 73.0254429360207,20.1764136788796 73.0253771053077,20.1761142117532 73.02524860763,20.1757662436595 73.0251265082828,20.1749105105308 73.0251152833842,20.1747968671154 73.0250612782298,20.1745632530355 73.0250452320799,20.174330065563 73.0250099822079,20.1741145852229 73.0249430987324,20.1738987496702 73.0247606803316,20.17381305757</coordinates></LinearRing></outerBoundaryIs></Polygon></MultiGeometry>
  </Placemark>
  <Placemark>
	<name>NA</name>
	<Style><LineStyle><color>ff0000ff</color></LineStyle><PolyStyle><fill>0</fill></PolyStyle></Style>
	<ExtendedData><SchemaData schemaUrl="#wb_sac_dd">
		<SimpleData name="id">4</SimpleData>
		<SimpleData name="objectid_1">4</SimpleData>
		<SimpleData name="wetcode">9999</SimpleData>
		<SimpleData name="wetname"></SimpleData>
		<SimpleData name="aqveg">NA</SimpleData>
		<SimpleData name="turbidity">NA</SimpleData>
		<SimpleData name="level_i">NA</SimpleData>
		<SimpleData name="level_ii">NA</SimpleData>
		<SimpleData name="l4type"></SimpleData>
		<SimpleData name="area_ha">1.96701221536032</SimpleData>
		<SimpleData name="remarks"></SimpleData>
		<SimpleData name="lat">20.1871574787</SimpleData>
		<SimpleData name="long">73.0070974698</SimpleData>
		<SimpleData name="state">Dadra &amp; Nagar Haveli</SimpleData>
		<SimpleData name="shape_length">651.069922190648</SimpleData>
		<SimpleData name="shape_area">19670.1221536032</SimpleData>
		<SimpleData name="ds_name">Hydrological Layer</SimpleData>
		<SimpleData name="src_agency">SAC N</SimpleData>
	</SchemaData></ExtendedData>
      <MultiGeometry><Polygon><outerBoundaryIs><LinearRing><coordinates>73.0066608623032,20.1862138722231 73.0064909559781,20.1860398802031 73.0063792362869,20.1860672905779 73.0062761803238,20.1862095105729 73.0062434995835,20.1863907640884 73.0062304589772,20.1866200369175 73.0062683971787,20.1868212105823 73.0063578043623,20.1869560535787 73.0065858977181,20.1873314495237 73.0067059184958,20.1874475209209 73.0068148424917,20.1876399405383 73.0071069606253,20.1877579625538 73.0071053804085,20.187882214263 73.0070323283134,20.1880534518542 73.0071829631562,20.1881507513873 73.0074970306265,20.1881351939674 73.0077608450609,20.1880903884938 73.0078448700516,20.1878523597698 73.0079681728603,20.1877103690984 73.0079932644665,20.1876988779728 73.0080009732075,20.1875195572868 73.0079925510777,20.1873856331036 73.0078721653285,20.1872982348888 73.0078220343083,20.1872594298703 73.007682009798,20.187124014336 73.0074706351455,20.1870260260844 73.0073095141415,20.186957286034 73.007108749959,20.1868211805888 73.0069689691242,20.1866666481539 73.0068095500876,20.1864640974189 73.0066895301067,20.1863480262221 73.0066608623032,20.1862138722231</coordinates></LinearRing></outerBoundaryIs></Polygon></MultiGeometry>
  </Placemark>
  <Placemark>
	<name>Tank/Pond</name>
	<Style><LineStyle><color>ff0000ff</color></LineStyle><PolyStyle><fill>0</fill></PolyStyle></Style>
	<ExtendedData><SchemaData schemaUrl="#wb_sac_dd">
		<SimpleData name="id">79</SimpleData>
		<SimpleData name="objectid_1">79</SimpleData>
		<SimpleData name="wetcode">1202</SimpleData>
		<SimpleData name="wetname"></SimpleData>
		<SimpleData name="aqveg">No</SimpleData>
		<SimpleData name="turbidity">High</SimpleData>
		<SimpleData name="level_i">Inland</SimpleData>
		<SimpleData name="level_ii">Man-made</SimpleData>
		<SimpleData name="l4type"></SimpleData>
		<SimpleData name="area_ha">0.868307982409192</SimpleData>
		<SimpleData name="remarks"></SimpleData>
		<SimpleData name="lat">20.3738773295</SimpleData>
		<SimpleData name="long">72.8353829214</SimpleData>
		<SimpleData name="state">Daman &amp; Diu</SimpleData>
		<SimpleData name="shape_length">389.420543188165</SimpleData>
		<SimpleData name="shape_area">8683.07982409192</SimpleData>
		<SimpleData name="ds_name">Hydrological Layer</SimpleData>
		<SimpleData name="src_agency">SAC N</SimpleData>
	</SchemaData></ExtendedData>
      <MultiGeometry><Polygon><outerBoundaryIs><LinearRing><coordinates>72.8360673733954,20.3737340343025 72.8347433823965,20.3734595334764 72.8346971757243,20.3738651848856 72.8351634193682,20.3742294054861 72.835994034653,20.3742683864129 72.8360673733954,20.3737340343025</coordinates></LinearRing></outerBoundaryIs></Polygon></MultiGeometry>
  </Placemark>
  <Placemark>
	<name>Tank/Pond</name>
	<Style><LineStyle><color>ff0000ff</color></LineStyle><PolyStyle><fill>0</fill></PolyStyle></Style>
	<ExtendedData><SchemaData schemaUrl="#wb_sac_dd">
		<SimpleData name="id">93</SimpleData>
		<SimpleData name="objectid_1">93</SimpleData>
		<SimpleData name="wetcode">1202</SimpleData>
		<SimpleData name="wetname"></SimpleData>
		<SimpleData name="aqveg">No</SimpleData>
		<SimpleData name="turbidity">High</SimpleData>
		<SimpleData name="level_i">Inland</SimpleData>
		<SimpleData name="level_ii">Man-made</SimpleData>
		<SimpleData name="l4type"></SimpleData>
		<SimpleData name="area_ha">6.81727203654127</SimpleData>
		<SimpleData name="remarks"></SimpleData>
		<SimpleData name="lat">20.4317649619</SimpleData>
		<SimpleData name="long">72.8569993636</SimpleData>
		<SimpleData name="state">Daman &amp; Diu</SimpleData>
		<SimpleData name="shape_length">1047.73528017391</SimpleData>
		<SimpleData name="shape_area">68172.7203654127</SimpleData>
		<SimpleData name="ds_name">Hydrological Layer</SimpleData>
		<SimpleData name="src_agency">SAC N</SimpleData>
	</SchemaData></ExtendedData>
      <MultiGeometry><Polygon><outerBoundaryIs><LinearRing><coordinates>72.8584440610943,20.4324582664235 72.8572745533752,20.4301427134742 72.8557135293361,20.4302883686114 72.8561043065842,20.4333685595907 72.8576130281395,20.4331577409806 72.8584440610943,20.4324582664235</coordinates></LinearRing></outerBoundaryIs></Polygon></MultiGeometry>
  </Placemark>
  <Placemark>
	<name>NA</name>
	<Style><LineStyle><color>ff0000ff</color></LineStyle><PolyStyle><fill>0</fill></PolyStyle></Style>
	<ExtendedData><SchemaData schemaUrl="#wb_sac_dd">
		<SimpleData name="id">5</SimpleData>
		<SimpleData name="objectid_1">5</SimpleData>
		<SimpleData name="wetcode">9999</SimpleData>
		<SimpleData name="wetname"></SimpleData>
		<SimpleData name="aqveg">NA</SimpleData>
		<SimpleData name="turbidity">NA</SimpleData>
		<SimpleData name="level_i">NA</SimpleData>
		<SimpleData name="level_ii">NA</SimpleData>
		<SimpleData name="l4type"></SimpleData>
		<SimpleData name="area_ha">6.51163799563628</SimpleData>
		<SimpleData name="remarks"></SimpleData>
		<SimpleData name="lat">20.1477003946</SimpleData>
		<SimpleData name="long">73.032592904</SimpleData>
		<SimpleData name="state">Dadra &amp; Nagar Haveli</SimpleData>
		<SimpleData name="shape_length">1059.41075971377</SimpleData>
		<SimpleData name="shape_area">65116.3799563628</SimpleData>
		<SimpleData name="ds_name">Hydrological Layer</SimpleData>
		<SimpleData name="src_agency">SAC N</SimpleData>
	</SchemaData></ExtendedData>
      <MultiGeometry><Polygon><outerBoundaryIs><LinearRing><coordinates>73.032573556773,20.1467891256678 73.0321940252378,20.1467848842232 73.0317381387948,20.1468156361859 73.0313827102496,20.1469072565714 73.0309763784222,20.1470222042479 73.0307732121971,20.1470796785943 73.0306449035764,20.1472216338931 73.0305167444726,20.1473516413235 73.0303435961229,20.1475227324791 73.0308520322083,20.1478572575822 73.031191065435,20.1480641850232 73.0317448711629,20.1482974112678 73.0322873738552,20.1484229677242 73.0328172271084,20.1485483800869 73.0333859328618,20.1486025311266 73.0341316056777,20.1486706038322 73.0344748337179,20.1485429949668 73.0345791842477,20.148293225765 73.0345835200994,20.1479467481826 73.0345357572619,20.147719179578 73.0344759418682,20.1474436797143 73.0344162741702,20.1471562329519 73.034202851068,20.1470224082957 73.0337734628459,20.146957868388 73.0330916516632,20.1468427108339 73.032573556773,20.1467891256678</coordinates></LinearRing></outerBoundaryIs></Polygon></MultiGeometry>
  </Placemark>
  <Placemark>
	<name>Tank/Pond</name>
	<Style><LineStyle><color>ff0000ff</color></LineStyle><PolyStyle><fill>0</fill></PolyStyle></Style>
	<ExtendedData><SchemaData schemaUrl="#wb_sac_dd">
		<SimpleData name="id">26</SimpleData>
		<SimpleData name="objectid_1">26</SimpleData>
		<SimpleData name="wetcode">1202</SimpleData>
		<SimpleData name="wetname"></SimpleData>
		<SimpleData name="aqveg">No</SimpleData>
		<SimpleData name="turbidity">High</SimpleData>
		<SimpleData name="level_i">Inland</SimpleData>
		<SimpleData name="level_ii">Man-made</SimpleData>
		<SimpleData name="l4type"></SimpleData>
		<SimpleData name="area_ha">0.188167513875638</SimpleData>
		<SimpleData name="remarks"></SimpleData>
		<SimpleData name="lat">20.2851020014</SimpleData>
		<SimpleData name="long">73.1248524075</SimpleData>
		<SimpleData name="state">Dadra &amp; Nagar Haveli</SimpleData>
		<SimpleData name="shape_length">193.466292841106</SimpleData>
		<SimpleData name="shape_area">1881.67513875638</SimpleData>
		<SimpleData name="ds_name">Hydrological Layer</SimpleData>
		<SimpleData name="src_agency">SAC N</SimpleData>
	</SchemaData></ExtendedData>
      <MultiGeometry><Polygon><outerBoundaryIs><LinearRing><coordinates>73.1251800432568,20.2849095829467 73.1251095920796,20.2848705901571 73.1250132378038,20.2848791180632 73.1248912718624,20.2849112706929 73.1247483551208,20.285000555644 73.1246408937366,20.2850902215677 73.1245178348029,20.2852131785856 73.1244814578482,20.2852892664482 73.1245668768913,20.2853475386919 73.1247039234683,20.2853251076049 73.1248062039711,20.2852449453712 73.1249948815061,20.2851418108752 73.1252138333887,20.2850485590479 73.1252150969975,20.2849434168395 73.1251800432568,20.2849095829467</coordinates></LinearRing></outerBoundaryIs></Polygon></MultiGeometry>
  </Placemark>
  <Placemark>
	<name>NA</name>
	<Style><LineStyle><color>ff0000ff</color></LineStyle><PolyStyle><fill>0</fill></PolyStyle></Style>
	<ExtendedData><SchemaData schemaUrl="#wb_sac_dd">
		<SimpleData name="id">6</SimpleData>
		<SimpleData name="objectid_1">6</SimpleData>
		<SimpleData name="wetcode">9999</SimpleData>
		<SimpleData name="wetname"></SimpleData>
		<SimpleData name="aqveg">NA</SimpleData>
		<SimpleData name="turbidity">NA</SimpleData>
		<SimpleData name="level_i">NA</SimpleData>
		<SimpleData name="level_ii">NA</SimpleData>
		<SimpleData name="l4type"></SimpleData>
		<SimpleData name="area_ha">2.73779166287817</SimpleData>
		<SimpleData name="remarks"></SimpleData>
		<SimpleData name="lat">20.1250878208</SimpleData>
		<SimpleData name="long">73.0675815875</SimpleData>
		<SimpleData name="state">Dadra &amp; Nagar Haveli</SimpleData>
		<SimpleData name="shape_length">871.40266654129</SimpleData>
		<SimpleData name="shape_area">27377.9166287817</SimpleData>
		<SimpleData name="ds_name">Hydrological Layer</SimpleData>
		<SimpleData name="src_agency">SAC N</SimpleData>
	</SchemaData></ExtendedData>
      <MultiGeometry><Polygon><outerBoundaryIs><LinearRing><coordinates>73.0665998882911,20.1235420775447 73.0664836308796,20.1235312426174 73.0663865551321,20.1236066533227 73.0663856145819,20.1236831200868 73.066530938311,20.123799428655 73.0666765544058,20.1238918410857 73.0668124639569,20.1240447340251 73.0667802843942,20.1240985087211 73.066725217034,20.1242556374934 73.0667915848987,20.1244140971154 73.066993862963,20.1246314059709 73.0673668281019,20.1251660495836 73.0675088300408,20.1253468482948 73.0676724577341,20.1256210886759 73.0678453614915,20.1263757983768 73.067866368407,20.1265194216056 73.0679459077034,20.1266314601551 73.0681989990354,20.1266306127777 73.0683824758387,20.126525079277 73.0684829927175,20.1263756179474 73.0685539427938,20.1261613057152 73.0685264903528,20.1259244067402 73.0685151856058,20.12560881798 73.0684059192878,20.1252347980847 73.0681826309103,20.124873868969 73.0680712514123,20.1246718978882 73.0673357413755,20.1239898863866 73.0671328757813,20.1238203699759 73.0670074980839,20.123728179746 73.0668764719664,20.1236837243842 73.0667256187176,20.1236055941238 73.0665998882911,20.1235420775447</coordinates></LinearRing></outerBoundaryIs></Polygon></MultiGeometry>
  </Placemark>
  <Placemark>
	<name>NA</name>
	<Style><LineStyle><color>ff0000ff</color></LineStyle><PolyStyle><fill>0</fill></PolyStyle></Style>
	<ExtendedData><SchemaData schemaUrl="#wb_sac_dd">
		<SimpleData name="id">16</SimpleData>
		<SimpleData name="objectid_1">16</SimpleData>
		<SimpleData name="wetcode">9999</SimpleData>
		<SimpleData name="wetname"></SimpleData>
		<SimpleData name="aqveg">NA</SimpleData>
		<SimpleData name="turbidity">NA</SimpleData>
		<SimpleData name="level_i">NA</SimpleData>
		<SimpleData name="level_ii">NA</SimpleData>
		<SimpleData name="l4type"></SimpleData>
		<SimpleData name="area_ha">0.370261557768369</SimpleData>
		<SimpleData name="remarks"></SimpleData>
		<SimpleData name="lat">20.2708223744</SimpleData>
		<SimpleData name="long">73.0735220787</SimpleData>
		<SimpleData name="state">Dadra &amp; Nagar Haveli</SimpleData>
		<SimpleData name="shape_length">269.096165676014</SimpleData>
		<SimpleData name="shape_area">3702.61557768369</SimpleData>
		<SimpleData name="ds_name">Hydrological Layer</SimpleData>
		<SimpleData name="src_agency">SAC N</SimpleData>
	</SchemaData></ExtendedData>
      <MultiGeometry><Polygon><outerBoundaryIs><LinearRing><coordinates>73.0734514887364,20.2705924560612 73.0733265838357,20.2705552342674 73.0732239377036,20.2705612750679 73.0731093223147,20.2706137864902 73.0730019923213,20.2706914705546 73.072955437128,20.2707698244641 73.0730533106235,20.2708425968023 73.0732426998142,20.2708876964484 73.0734358435488,20.2709364226163 73.0735340267939,20.2709841048722 73.0737305704543,20.2710651310049 73.0738176693597,20.2710875974731 73.0739315338036,20.2710960193905 73.074032929073,20.2710739223945 73.0740622728587,20.2709684040465 73.07406267202,20.2709361456984 73.0740141326614,20.2708675014505 73.0739426703384,20.2708093588646 73.0738332246411,20.2707507994382 73.0737125166692,20.2706813615609 73.0735990953446,20.2706370972509 73.0734514887364,20.2705924560612</coordinates></LinearRing></outerBoundaryIs></Polygon></MultiGeometry>
  </Placemark>
  <Placemark>
	<name>NA</name>
	<Style><LineStyle><color>ff0000ff</color></LineStyle><PolyStyle><fill>0</fill></PolyStyle></Style>
	<ExtendedData><SchemaData schemaUrl="#wb_sac_dd">
		<SimpleData name="id">7</SimpleData>
		<SimpleData name="objectid_1">7</SimpleData>
		<SimpleData name="wetcode">9999</SimpleData>
		<SimpleData name="wetname"></SimpleData>
		<SimpleData name="aqveg">NA</SimpleData>
		<SimpleData name="turbidity">NA</SimpleData>
		<SimpleData name="level_i">NA</SimpleData>
		<SimpleData name="level_ii">NA</SimpleData>
		<SimpleData name="l4type"></SimpleData>
		<SimpleData name="area_ha">59.8080265895069</SimpleData>
		<SimpleData name="remarks"></SimpleData>
		<SimpleData name="lat">20.1677986269</SimpleData>
		<SimpleData name="long">73.1256780731</SimpleData>
		<SimpleData name="state">Dadra &amp; Nagar Haveli</SimpleData>
		<SimpleData name="shape_length">3935.06640108389</SimpleData>
		<SimpleData name="shape_area">598080.265895069</SimpleData>
		<SimpleData name="ds_name">Hydrological Layer</SimpleData>
		<SimpleData name="src_agency">SAC N</SimpleData>
	</SchemaData></ExtendedData>
      <MultiGeometry><Polygon><outerBoundaryIs><LinearRing><coordinates>73.1201147259061,20.1690730925516 73.1209387469629,20.169831489986 73.1223566980405,20.1706813500997 73.1233406351347,20.1701170029699 73.1236853320306,20.1701145372446 73.1245846123692,20.1705972649492 73.1267694296038,20.1723372999942 73.1268280003632,20.1722616908382 73.1268744106257,20.1721904870261 73.1271059448616,20.1718774818002 73.127275714654,20.1716498555627 73.127502112641,20.1717669824906 73.1276384315885,20.1717971127068 73.1278395965231,20.171483781668 73.1278892567038,20.1711401600038 73.127863509059,20.1707527160143 73.127865391462,20.1705950012134 73.1281238689608,20.1705690721164 73.1285959545369,20.1704593774578 73.1287344956514,20.1703031164471 73.1289960509538,20.1700191053836 73.1292113688265,20.1697919615791 73.1294425536944,20.1695076271486 73.1293869462333,20.1690768464751 73.1292825379332,20.1689180006226 73.1290111016958,20.1687573785221 73.1286618641814,20.1687536633553 73.1286171666507,20.1686814897406 73.1287094698772,20.1685820945681 73.1288637058657,20.1683829802766 73.1288655871444,20.1682252640118 73.1288224290945,20.1680240505386 73.1289137061762,20.1680106813534 73.1291409558486,20.1680561170638 73.1294287709424,20.1681165364098 73.1297930210451,20.1681347478905 73.1301907154775,20.1678952020064 73.130286946928,20.1674660359232 73.1305507161324,20.1669956298065 73.1306297120019,20.1667383563451 73.1308173867039,20.1662814815497 73.1307754234089,20.1659799037616 73.1306268286493,20.1657058708189 73.1306442330213,20.1655196409057 73.1306479922915,20.1652042084143 73.1304867783007,20.1647149472178 73.1302022150376,20.1643821124953 73.1302056327472,20.1640953564954 73.130163327094,20.1638224533915 73.1301056682717,20.1635637267352 73.1298649496867,20.1633747534388 73.1297131127287,20.1633731393754 73.1293911765903,20.1636278308579 73.1291142791666,20.163926018776 73.1290052566098,20.1641542936024 73.1288525640562,20.1642243685919 73.128702093713,20.1641080516344 73.1286285682654,20.1639065141977 73.1284627439597,20.1638043732249 73.1283103935342,20.1638457714897 73.1280793869503,20.1641157676445 73.1277879870782,20.1643564413335 73.1277396974325,20.1645853614065 73.1277222890696,20.1647715917196 73.1275695951794,20.1648416645227 73.1271306329056,20.1647222754737 73.1269660066779,20.1645197684778 73.1267849992153,20.1644174649002 73.1264806382294,20.1644715817435 73.1263721253034,20.1646568410318 73.1263391899276,20.164871584839 73.1262287920735,20.1652145607354 73.1263325109286,20.1654307596607 73.1261487641637,20.1655578583256 73.1259547983702,20.1652690008916 73.1256362790094,20.1652369285751 73.1254528724395,20.165335351922 73.1252266565255,20.1652038858599 73.1250014691963,20.164986391877 73.1249119083167,20.1648563815042 73.12468449316,20.1648252779992 73.1244715771071,20.1648516874508 73.12421430896,20.164777247583 73.1239556694316,20.1648175091665 73.1237871048736,20.1649447676596 73.1234813702107,20.1651135831362 73.123084188458,20.1653101004083 73.1228564306864,20.1653076712402 73.1225392848763,20.1651608903778 73.1223104975391,20.1652444870525 73.122155227345,20.1655296216323 73.1221819911172,20.1658310388862 73.1221490487349,20.1660457811102 73.1222061803168,20.1663475217659 73.1220522809696,20.1665179544301 73.1218647524245,20.1669604799659 73.1216968699482,20.1670303857667 73.1214965587081,20.1672720207765 73.1215548914378,20.1674733966108 73.1215676713158,20.1676742878338 73.1213414561889,20.1675428165274 73.1209002591355,20.1676098021475 73.1207021791673,20.1676650447904 73.1205958912748,20.1676639091357 73.1203527736905,20.1676756515579 73.1202916940458,20.1677036778003 73.1203351847757,20.1678762175188 73.120606265247,20.1680655278339 73.1204670313851,20.1682791344573 73.1203747231359,20.1683785254628 73.1203262504375,20.1686217800579 73.1202320533391,20.168878885546 73.1201147259061,20.1690730925516</coordinates></LinearRing></outerBoundaryIs></Polygon></MultiGeometry>
  </Placemark>
  <Placemark>
	<name>NA</name>
	<Style><LineStyle><color>ff0000ff</color></LineStyle><PolyStyle><fill>0</fill></PolyStyle></Style>
	<ExtendedData><SchemaData schemaUrl="#wb_sac_dd">
		<SimpleData name="id">8</SimpleData>
		<SimpleData name="objectid_1">8</SimpleData>
		<SimpleData name="wetcode">9999</SimpleData>
		<SimpleData name="wetname"></SimpleData>
		<SimpleData name="aqveg">NA</SimpleData>
		<SimpleData name="turbidity">NA</SimpleData>
		<SimpleData name="level_i">NA</SimpleData>
		<SimpleData name="level_ii">NA</SimpleData>
		<SimpleData name="l4type"></SimpleData>
		<SimpleData name="area_ha">2.49569442343242</SimpleData>
		<SimpleData name="remarks"></SimpleData>
		<SimpleData name="lat">20.1605270172</SimpleData>
		<SimpleData name="long">73.1560661874</SimpleData>
		<SimpleData name="state">Dadra &amp; Nagar Haveli</SimpleData>
		<SimpleData name="shape_length">773.19070780729</SimpleData>
		<SimpleData name="shape_area">24956.9442343242</SimpleData>
		<SimpleData name="ds_name">Hydrological Layer</SimpleData>
		<SimpleData name="src_agency">SAC N</SimpleData>
	</SchemaData></ExtendedData>
      <MultiGeometry><Polygon><outerBoundaryIs><LinearRing><coordinates>73.1562731767268,20.1588889890614 73.1561896673324,20.158888113337 73.1560968814415,20.1590305397179 73.1560110129006,20.1592303969709 73.155902706473,20.1594013406742 73.1558014852604,20.1596153776897 73.1557389831159,20.1597652901712 73.1556887128208,20.1601662778164 73.1556020861401,20.1604306569688 73.1555545965723,20.1605950666013 73.1555526585005,20.1607599533113 73.1555888494528,20.160910900664 73.155617867553,20.161025923243 73.1557003760475,20.1617581180384 73.1557358913106,20.1619664185498 73.1557721663705,20.1621101962964 73.1557949737206,20.1621674494437 73.1559705670886,20.1620262362105 73.1560626811611,20.1619411625958 73.1562317246257,20.1617708565599 73.1563709059668,20.1615572176216 73.1565057797836,20.161063906778 73.1565104953993,20.1606624416832 73.1565519922663,20.1603617395305 73.1564914973107,20.1596943054965 73.1564864320692,20.1594791549833 73.1564667721534,20.159213662596 73.1564466074646,20.1589911838705 73.1562731767268,20.1588889890614</coordinates></LinearRing></outerBoundaryIs></Polygon></MultiGeometry>
  </Placemark>
  <Placemark>
	<name>NA</name>
	<Style><LineStyle><color>ff0000ff</color></LineStyle><PolyStyle><fill>0</fill></PolyStyle></Style>
	<ExtendedData><SchemaData schemaUrl="#wb_sac_dd">
		<SimpleData name="id">9</SimpleData>
		<SimpleData name="objectid_1">9</SimpleData>
		<SimpleData name="wetcode">9999</SimpleData>
		<SimpleData name="wetname"></SimpleData>
		<SimpleData name="aqveg">NA</SimpleData>
		<SimpleData name="turbidity">NA</SimpleData>
		<SimpleData name="level_i">NA</SimpleData>
		<SimpleData name="level_ii">NA</SimpleData>
		<SimpleData name="l4type"></SimpleData>
		<SimpleData name="area_ha">7.8628494376286</SimpleData>
		<SimpleData name="remarks"></SimpleData>
		<SimpleData name="lat">20.1146926844</SimpleData>
		<SimpleData name="long">73.0789552251</SimpleData>
		<SimpleData name="state">Dadra &amp; Nagar Haveli</SimpleData>
		<SimpleData name="shape_length">1473.39217404758</SimpleData>
		<SimpleData name="shape_area">78628.494376286</SimpleData>
		<SimpleData name="ds_name">Hydrological Layer</SimpleData>
		<SimpleData name="src_agency">SAC N</SimpleData>
	</SchemaData></ExtendedData>
      <MultiGeometry><Polygon><outerBoundaryIs><LinearRing><coordinates>73.0758538422016,20.1160246553718 73.0761703585368,20.1160042103047 73.0764231898749,20.1160189187976 73.0769056013455,20.1158807874292 73.0773112421431,20.1158135148567 73.0780853068483,20.115618813416 73.0785172670867,20.1154681788497 73.0787955418062,20.1154712107419 73.0794169420047,20.1153465373322 73.0801286331097,20.1150794497684 73.0808028122415,20.1147761022895 73.0813768195632,20.1143880164348 73.0816684904907,20.114122326481 73.0818691334666,20.1138520610716 73.0819638750669,20.1135519629699 73.0819206123887,20.1133650806071 73.0815414999856,20.1133322771133 73.0812068737202,20.1133859935442 73.0806895803827,20.1134807396206 73.0802480060751,20.113590648157 73.0798367858128,20.1137008844449 73.0795164624765,20.1138264506528 73.0791045416444,20.1139940361444 73.0786769168946,20.1142044674109 73.0781287385342,20.1143418869556 73.0776864584814,20.1145091382641 73.0773809601766,20.1146635394954 73.0769084967267,20.1148161202123 73.0762187976285,20.1153534927269 73.0759426009227,20.1155942478831 73.0758049407928,20.115678781693 73.0758099139156,20.1160448066681 73.0758538422016,20.1160246553718</coordinates></LinearRing></outerBoundaryIs></Polygon></MultiGeometry>
  </Placemark>
  <Placemark>
	<name>Tank/Pond</name>
	<Style><LineStyle><color>ff0000ff</color></LineStyle><PolyStyle><fill>0</fill></PolyStyle></Style>
	<ExtendedData><SchemaData schemaUrl="#wb_sac_dd">
		<SimpleData name="id">10</SimpleData>
		<SimpleData name="objectid_1">10</SimpleData>
		<SimpleData name="wetcode">1202</SimpleData>
		<SimpleData name="wetname"></SimpleData>
		<SimpleData name="aqveg">No</SimpleData>
		<SimpleData name="turbidity">High</SimpleData>
		<SimpleData name="level_i">Inland</SimpleData>
		<SimpleData name="level_ii">Man-made</SimpleData>
		<SimpleData name="l4type"></SimpleData>
		<SimpleData name="area_ha">1.38611227525371</SimpleData>
		<SimpleData name="remarks"></SimpleData>
		<SimpleData name="lat">20.1726398114</SimpleData>
		<SimpleData name="long">73.0319700798</SimpleData>
		<SimpleData name="state">Dadra &amp; Nagar Haveli</SimpleData>
		<SimpleData name="shape_length">839.933462574753</SimpleData>
		<SimpleData name="shape_area">13861.1227525371</SimpleData>
		<SimpleData name="ds_name">Hydrological Layer</SimpleData>
		<SimpleData name="src_agency">SAC N</SimpleData>
	</SchemaData></ExtendedData>
      <MultiGeometry><Polygon><outerBoundaryIs><LinearRing><coordinates>73.0338574200574,20.1731516936478 73.0338346086216,20.1731329418507 73.0336765269051,20.1730236319384 73.0335868630477,20.1729079177965 73.0333301763171,20.1727903363628 73.0331862004646,20.1727672177383 73.0328051664735,20.1728776687825 73.0324545010058,20.1729884576213 73.0321880645585,20.1730428332324 73.0319077942041,20.1729895108369 73.031734440434,20.1728871983353 73.0317287374484,20.1727365746636 73.0317605447613,20.172622218361 73.0317028695125,20.1723778109728 73.0316075040131,20.1721114720969 73.0314646087841,20.1720023302899 73.0311989839589,20.1719921881697 73.0311156539676,20.1719769151818 73.0309629159863,20.1720469004506 73.0309244172764,20.1720894875078 73.0307871342466,20.1721381374727 73.030717817326,20.1722162250532 73.0308560322056,20.1726981283623 73.0309520254078,20.1729142877073 73.0311253785634,20.1730166020388 73.0313599174943,20.1730837525126 73.0316698363355,20.1731947637936 73.0318897314191,20.1732187327323 73.03220099969,20.1732222156242 73.0323840153897,20.1731597374412 73.0327428125596,20.1730060225831 73.0330703435431,20.1729236504612 73.0332908691559,20.172897439121 73.0335321012178,20.1730363560566 73.0337409461293,20.1732382790986 73.0338574200574,20.1731516936478</coordinates></LinearRing></outerBoundaryIs></Polygon></MultiGeometry>
  </Placemark>
  <Placemark>
	<name>NA</name>
	<Style><LineStyle><color>ff0000ff</color></LineStyle><PolyStyle><fill>0</fill></PolyStyle></Style>
	<ExtendedData><SchemaData schemaUrl="#wb_sac_dd">
		<SimpleData name="id">11</SimpleData>
		<SimpleData name="objectid_1">11</SimpleData>
		<SimpleData name="wetcode">9999</SimpleData>
		<SimpleData name="wetname"></SimpleData>
		<SimpleData name="aqveg">NA</SimpleData>
		<SimpleData name="turbidity">NA</SimpleData>
		<SimpleData name="level_i">NA</SimpleData>
		<SimpleData name="level_ii">NA</SimpleData>
		<SimpleData name="l4type"></SimpleData>
		<SimpleData name="area_ha">0.618347756128004</SimpleData>
		<SimpleData name="remarks"></SimpleData>
		<SimpleData name="lat">20.172120538</SimpleData>
		<SimpleData name="long">73.1957042133</SimpleData>
		<SimpleData name="state">Dadra &amp; Nagar Haveli</SimpleData>
		<SimpleData name="shape_length">363.304602976244</SimpleData>
		<SimpleData name="shape_area">6183.47756128004</SimpleData>
		<SimpleData name="ds_name">Hydrological Layer</SimpleData>
		<SimpleData name="src_agency">SAC N</SimpleData>
	</SchemaData></ExtendedData>
      <MultiGeometry><Polygon><outerBoundaryIs><LinearRing><coordinates>73.1955274929651,20.1714693598404 73.1953858757691,20.1714583469059 73.1953499481181,20.1715009992308 73.1953386697925,20.1716012640267 73.1953425223202,20.1717064636994 73.1953412022146,20.1718211702866 73.1953704178647,20.1719218494008 73.1953884097674,20.1721180150211 73.1953561141927,20.1722849841032 73.1953646431583,20.1724236919981 73.1954445862876,20.1725153318595 73.1956108522702,20.1725839580707 73.1958735125939,20.1726344527992 73.1961136618476,20.1726712024966 73.196122362567,20.172565304707 73.1960889647138,20.1723881015232 73.1960014272224,20.172076502348 73.1959164224508,20.1719848113005 73.1958057243964,20.1719263154379 73.1956745601128,20.1718867303491 73.1955891707066,20.1718284938808 73.1955595153414,20.1717660488327 73.1955514823604,20.1715843269379 73.1955274929651,20.1714693598404</coordinates></LinearRing></outerBoundaryIs></Polygon></MultiGeometry>
  </Placemark>
  <Placemark>
	<name>Tank/Pond</name>
	<Style><LineStyle><color>ff0000ff</color></LineStyle><PolyStyle><fill>0</fill></PolyStyle></Style>
	<ExtendedData><SchemaData schemaUrl="#wb_sac_dd">
		<SimpleData name="id">12</SimpleData>
		<SimpleData name="objectid_1">12</SimpleData>
		<SimpleData name="wetcode">1202</SimpleData>
		<SimpleData name="wetname"></SimpleData>
		<SimpleData name="aqveg">No</SimpleData>
		<SimpleData name="turbidity">High</SimpleData>
		<SimpleData name="level_i">Inland</SimpleData>
		<SimpleData name="level_ii">Man-made</SimpleData>
		<SimpleData name="l4type"></SimpleData>
		<SimpleData name="area_ha">0.410108610486793</SimpleData>
		<SimpleData name="remarks"></SimpleData>
		<SimpleData name="lat">20.2646336873</SimpleData>
		<SimpleData name="long">73.0993702605</SimpleData>
		<SimpleData name="state">Dadra &amp; Nagar Haveli</SimpleData>
		<SimpleData name="shape_length">320.236290761057</SimpleData>
		<SimpleData name="shape_area">4101.08610486793</SimpleData>
		<SimpleData name="ds_name">Hydrological Layer</SimpleData>
		<SimpleData name="src_agency">SAC N</SimpleData>
	</SchemaData></ExtendedData>
      <MultiGeometry><Polygon><outerBoundaryIs><LinearRing><coordinates>73.0992634289573,20.2643571967441 73.0990904270568,20.2643699583681 73.098945079186,20.2643474704112 73.0988373512979,20.2643552630779 73.0987612033413,20.2643693734581 73.0986747648326,20.2644030806417 73.0987608277217,20.2644521197837 73.0989878534079,20.2645262788957 73.0992673574036,20.2646583648771 73.099470632949,20.2648111317379 73.0995827493812,20.2649629097354 73.0996962627864,20.2649999901053 73.0998944743764,20.2649447826718 73.0999419754933,20.2647875645928 73.0997989474776,20.2646784689112 73.0996273681575,20.2644185013349 73.0994690612177,20.2643164087831 73.0992634289573,20.2643571967441</coordinates></LinearRing></outerBoundaryIs></Polygon></MultiGeometry>
  </Placemark>
  <Placemark>
	<name>NA</name>
	<Style><LineStyle><color>ff0000ff</color></LineStyle><PolyStyle><fill>0</fill></PolyStyle></Style>
	<ExtendedData><SchemaData schemaUrl="#wb_sac_dd">
		<SimpleData name="id">13</SimpleData>
		<SimpleData name="objectid_1">13</SimpleData>
		<SimpleData name="wetcode">9999</SimpleData>
		<SimpleData name="wetname"></SimpleData>
		<SimpleData name="aqveg">NA</SimpleData>
		<SimpleData name="turbidity">NA</SimpleData>
		<SimpleData name="level_i">NA</SimpleData>
		<SimpleData name="level_ii">NA</SimpleData>
		<SimpleData name="l4type"></SimpleData>
		<SimpleData name="area_ha">0.222249632092486</SimpleData>
		<SimpleData name="remarks"></SimpleData>
		<SimpleData name="lat">20.2669060044</SimpleData>
		<SimpleData name="long">73.0872891765</SimpleData>
		<SimpleData name="state">Dadra &amp; Nagar Haveli</SimpleData>
		<SimpleData name="shape_length">200.219821651786</SimpleData>
		<SimpleData name="shape_area">2222.49632092486</SimpleData>
		<SimpleData name="ds_name">Hydrological Layer</SimpleData>
		<SimpleData name="src_agency">SAC N</SimpleData>
	</SchemaData></ExtendedData>
      <MultiGeometry><Polygon><outerBoundaryIs><LinearRing><coordinates>73.0870524281837,20.2667109814037 73.0869688640347,20.2667100701768 73.0868770876381,20.2667592549544 73.0869140611159,20.2668421088961 73.0870081404565,20.266914831986 73.087117063242,20.2670163960243 73.0872452842057,20.2670930765259 73.0873743403104,20.2671016556011 73.0875000377256,20.2670743480768 73.0876525423536,20.2670294106249 73.0876977470907,20.2670132195008 73.0876653440047,20.2669148368394 73.0876128259458,20.2668604910954 73.0875222364566,20.2668128996389 73.0873631448527,20.2667753151393 73.0872304666368,20.2667523581494 73.0871395264396,20.2667334409211 73.0870524281837,20.2667109814037</coordinates></LinearRing></outerBoundaryIs></Polygon></MultiGeometry>
  </Placemark>
  <Placemark>
	<name>Tank/Pond</name>
	<Style><LineStyle><color>ff0000ff</color></LineStyle><PolyStyle><fill>0</fill></PolyStyle></Style>
	<ExtendedData><SchemaData schemaUrl="#wb_sac_dd">
		<SimpleData name="id">27</SimpleData>
		<SimpleData name="objectid_1">27</SimpleData>
		<SimpleData name="wetcode">1202</SimpleData>
		<SimpleData name="wetname"></SimpleData>
		<SimpleData name="aqveg">No</SimpleData>
		<SimpleData name="turbidity">High</SimpleData>
		<SimpleData name="level_i">Inland</SimpleData>
		<SimpleData name="level_ii">Man-made</SimpleData>
		<SimpleData name="l4type"></SimpleData>
		<SimpleData name="area_ha">0.162840803414421</SimpleData>
		<SimpleData name="remarks"></SimpleData>
		<SimpleData name="lat">20.2844866658</SimpleData>
		<SimpleData name="long">73.1233658228</SimpleData>
		<SimpleData name="state">Dadra &amp; Nagar Haveli</SimpleData>
		<SimpleData name="shape_length">165.428993064588</SimpleData>
		<SimpleData name="shape_area">1628.40803414421</SimpleData>
		<SimpleData name="ds_name">Hydrological Layer</SimpleData>
		<SimpleData name="src_agency">SAC N</SimpleData>
	</SchemaData></ExtendedData>
      <MultiGeometry><Polygon><outerBoundaryIs><LinearRing><coordinates>73.1236173220813,20.2842714678004 73.1235263799493,20.2842513738191 73.1233990033645,20.2843121461751 73.1232812395147,20.2844160397242 73.1231638206222,20.2844912582331 73.123061136385,20.2846048730658 73.1231208822891,20.284691550212 73.1232524031665,20.2847072991723 73.123389680048,20.2846657520815 73.1234459724864,20.284618557158 73.1235122800629,20.2845810296768 73.1235637373125,20.2845146644212 73.1236203165756,20.2844435723871 73.1236517433234,20.2843578731238 73.1236173220813,20.2842714678004</coordinates></LinearRing></outerBoundaryIs></Polygon></MultiGeometry>
  </Placemark>
  <Placemark>
	<name>NA</name>
	<Style><LineStyle><color>ff0000ff</color></LineStyle><PolyStyle><fill>0</fill></PolyStyle></Style>
	<ExtendedData><SchemaData schemaUrl="#wb_sac_dd">
		<SimpleData name="id">14</SimpleData>
		<SimpleData name="objectid_1">14</SimpleData>
		<SimpleData name="wetcode">9999</SimpleData>
		<SimpleData name="wetname"></SimpleData>
		<SimpleData name="aqveg">NA</SimpleData>
		<SimpleData name="turbidity">NA</SimpleData>
		<SimpleData name="level_i">NA</SimpleData>
		<SimpleData name="level_ii">NA</SimpleData>
		<SimpleData name="l4type"></SimpleData>
		<SimpleData name="area_ha">0.708067898168627</SimpleData>
		<SimpleData name="remarks"></SimpleData>
		<SimpleData name="lat">20.2665786438</SimpleData>
		<SimpleData name="long">73.0846847003</SimpleData>
		<SimpleData name="state">Dadra &amp; Nagar Haveli</SimpleData>
		<SimpleData name="shape_length">429.864171196129</SimpleData>
		<SimpleData name="shape_area">7080.67898168627</SimpleData>
		<SimpleData name="ds_name">Hydrological Layer</SimpleData>
		<SimpleData name="src_agency">SAC N</SimpleData>
	</SchemaData></ExtendedData>
      <MultiGeometry><Polygon><outerBoundaryIs><LinearRing><coordinates>73.0849303693509,20.266279134271 73.0846964575772,20.2661475243071 73.0845253565641,20.2661599928835 73.0844530124611,20.2661735416372 73.084323516533,20.2662008039366 73.0841982602381,20.2661922648705 73.0841038303532,20.2661482153667 73.0840169520317,20.2661078320797 73.0839300314907,20.2660710335854 73.0838574673428,20.2661025040155 73.0839479666961,20.2661572653287 73.0842270185729,20.2663252171487 73.08430201662,20.2664049029487 73.08441539559,20.2664527447023 73.0844911851593,20.266467912945 73.0845628254507,20.2665117139262 73.0845431304638,20.2665688543484 73.0845157493619,20.2666330826908 73.0845223347677,20.2667156046133 73.0845400063482,20.2668233421572 73.084565450384,20.2669168249417 73.084579807243,20.266985092988 73.0845903662789,20.2670533193724 73.0846089627695,20.2670857861279 73.0846962807316,20.2670903260119 73.0848069610509,20.2670485177035 73.0849176844716,20.2670031254327 73.0850551732608,20.266943686736 73.0852000819728,20.266898667525 73.0853281695729,20.2668665963229 73.0853458276374,20.2667855460129 73.0853428197117,20.2667209877463 73.0852874724353,20.2665877448844 73.0852315531195,20.2665010983932 73.0851862373095,20.2664790943569 73.085099579234,20.2664207906757 73.084990175548,20.2663586530502 73.0849303693509,20.266279134271</coordinates></LinearRing></outerBoundaryIs></Polygon></MultiGeometry>
  </Placemark>
  <Placemark>
	<name>NA</name>
	<Style><LineStyle><color>ff0000ff</color></LineStyle><PolyStyle><fill>0</fill></PolyStyle></Style>
	<ExtendedData><SchemaData schemaUrl="#wb_sac_dd">
		<SimpleData name="id">15</SimpleData>
		<SimpleData name="objectid_1">15</SimpleData>
		<SimpleData name="wetcode">9999</SimpleData>
		<SimpleData name="wetname"></SimpleData>
		<SimpleData name="aqveg">NA</SimpleData>
		<SimpleData name="turbidity">NA</SimpleData>
		<SimpleData name="level_i">NA</SimpleData>
		<SimpleData name="level_ii">NA</SimpleData>
		<SimpleData name="l4type"></SimpleData>
		<SimpleData name="area_ha">2.33483105793728</SimpleData>
		<SimpleData name="remarks"></SimpleData>
		<SimpleData name="lat">20.2704256617</SimpleData>
		<SimpleData name="long">73.0608412004</SimpleData>
		<SimpleData name="state">Dadra &amp; Nagar Haveli</SimpleData>
		<SimpleData name="shape_length">597.155934463097</SimpleData>
		<SimpleData name="shape_area">23348.3105793728</SimpleData>
		<SimpleData name="ds_name">Hydrological Layer</SimpleData>
		<SimpleData name="src_agency">SAC N</SimpleData>
	</SchemaData></ExtendedData>
      <MultiGeometry><Polygon><outerBoundaryIs><LinearRing><coordinates>73.0617521765515,20.2699740890494 73.0616468318129,20.2698916681924 73.0615562639793,20.2698428695764 73.0614350138249,20.2698176303315 73.0613035155532,20.2698018354695 73.0611363875228,20.2697999861583 73.0608266215515,20.2698634729588 73.0607046583566,20.2698955802497 73.0604609695132,20.2699406794372 73.0602125710196,20.2699570484828 73.0599898532915,20.2699450232547 73.0598075909575,20.2699382244264 73.0597257268472,20.270004234007 73.0597397320479,20.270099983421 73.0597991974807,20.2702057944589 73.0598430540264,20.2703448904493 73.0598974563809,20.2704506454173 73.0599459025905,20.2706280305321 73.0602098645344,20.2709894291626 73.06033046251,20.2710672397281 73.0604468276221,20.2710780874797 73.0605989418013,20.2710654320331 73.0608117101618,20.2710630087607 73.0609896219889,20.2710124012287 73.0612081695137,20.2709526845145 73.0614060420247,20.2709261955746 73.0615943195725,20.2708565833908 73.0617634090072,20.2707007251338 73.0618512276471,20.2705630859947 73.0619328906396,20.2703966995936 73.0618505566182,20.2702093819857 73.0618413190605,20.2701375846007 73.0618067574475,20.2700655069099 73.0617521765515,20.2699740890494</coordinates></LinearRing></outerBoundaryIs></Polygon></MultiGeometry>
  </Placemark>
  <Placemark>
	<name>Tank/Pond</name>
	<Style><LineStyle><color>ff0000ff</color></LineStyle><PolyStyle><fill>0</fill></PolyStyle></Style>
	<ExtendedData><SchemaData schemaUrl="#wb_sac_dd">
		<SimpleData name="id">67</SimpleData>
		<SimpleData name="objectid_1">67</SimpleData>
		<SimpleData name="wetcode">1202</SimpleData>
		<SimpleData name="wetname"></SimpleData>
		<SimpleData name="aqveg">No</SimpleData>
		<SimpleData name="turbidity">High</SimpleData>
		<SimpleData name="level_i">Inland</SimpleData>
		<SimpleData name="level_ii">Man-made</SimpleData>
		<SimpleData name="l4type"></SimpleData>
		<SimpleData name="area_ha">0.438373005339984</SimpleData>
		<SimpleData name="remarks"></SimpleData>
		<SimpleData name="lat">20.7134596896</SimpleData>
		<SimpleData name="long">70.9709534604</SimpleData>
		<SimpleData name="state">Daman &amp; Diu</SimpleData>
		<SimpleData name="shape_length">264.90047993047</SimpleData>
		<SimpleData name="shape_area">4383.73005339984</SimpleData>
		<SimpleData name="ds_name">Hydrological Layer</SimpleData>
		<SimpleData name="src_agency">SAC N</SimpleData>
	</SchemaData></ExtendedData>
      <MultiGeometry><Polygon><outerBoundaryIs><LinearRing><coordinates>70.9709373584435,20.713128578574 70.9707543920698,20.7131211153503 70.9706280358741,20.7131703559836 70.9705638018339,20.713309694688 70.9705503571141,20.7134484506567 70.9705974894068,20.7135578371288 70.9706943611848,20.7135854047871 70.9708269713968,20.7136269004743 70.9709401923545,20.7137403093916 70.9710326652201,20.7138205000138 70.9711948684443,20.7138559118998 70.971344540804,20.7131908272044 70.9711258370501,20.7131694356131 70.9709373584435,20.713128578574</coordinates></LinearRing></outerBoundaryIs></Polygon></MultiGeometry>
  </Placemark>
  <Placemark>
	<name>NA</name>
	<Style><LineStyle><color>ff0000ff</color></LineStyle><PolyStyle><fill>0</fill></PolyStyle></Style>
	<ExtendedData><SchemaData schemaUrl="#wb_sac_dd">
		<SimpleData name="id">17</SimpleData>
		<SimpleData name="objectid_1">17</SimpleData>
		<SimpleData name="wetcode">9999</SimpleData>
		<SimpleData name="wetname"></SimpleData>
		<SimpleData name="aqveg">NA</SimpleData>
		<SimpleData name="turbidity">NA</SimpleData>
		<SimpleData name="level_i">NA</SimpleData>
		<SimpleData name="level_ii">NA</SimpleData>
		<SimpleData name="l4type"></SimpleData>
		<SimpleData name="area_ha">0.925987109178839</SimpleData>
		<SimpleData name="remarks"></SimpleData>
		<SimpleData name="lat">20.277813532</SimpleData>
		<SimpleData name="long">73.0326234289</SimpleData>
		<SimpleData name="state">Dadra &amp; Nagar Haveli</SimpleData>
		<SimpleData name="shape_length">465.494232065171</SimpleData>
		<SimpleData name="shape_area">9259.87109178839</SimpleData>
		<SimpleData name="ds_name">Hydrological Layer</SimpleData>
		<SimpleData name="src_agency">SAC N</SimpleData>
	</SchemaData></ExtendedData>
      <MultiGeometry><Polygon><outerBoundaryIs><LinearRing><coordinates>73.0335303555483,20.2775095139322 73.0334890692666,20.2774696194252 73.0334359806387,20.2774618535833 73.0333752046091,20.2774611713403 73.0332495840613,20.2774812680163 73.0331128830595,20.2774761484234 73.0329609439476,20.2774744424863 73.0327858515091,20.2775011530395 73.0325266054974,20.2775735196468 73.0322442056306,20.2776743042115 73.0319661457889,20.2777321192068 73.0318329274011,20.277752131397 73.0316543078464,20.2777572934575 73.0315473174725,20.2778062767057 73.0315619686461,20.2778494581062 73.0317891085972,20.2779129509486 73.0320383616048,20.2780304624882 73.0321595514126,20.2780605017683 73.0324481471472,20.2780709136303 73.0326835192806,20.2780843123303 73.0328308455422,20.2781504917214 73.032974873086,20.2781772017549 73.033131516469,20.278107267648 73.0333038951435,20.2779944923244 73.0333585201866,20.2778803953501 73.0334243157319,20.2777843467518 73.0335100516831,20.2776132424088 73.0335387333394,20.2775606906216 73.0335303555483,20.2775095139322</coordinates></LinearRing></outerBoundaryIs></Polygon></MultiGeometry>
  </Placemark>
  <Placemark>
	<name>NA</name>
	<Style><LineStyle><color>ff0000ff</color></LineStyle><PolyStyle><fill>0</fill></PolyStyle></Style>
	<ExtendedData><SchemaData schemaUrl="#wb_sac_dd">
		<SimpleData name="id">18</SimpleData>
		<SimpleData name="objectid_1">18</SimpleData>
		<SimpleData name="wetcode">9999</SimpleData>
		<SimpleData name="wetname"></SimpleData>
		<SimpleData name="aqveg">NA</SimpleData>
		<SimpleData name="turbidity">NA</SimpleData>
		<SimpleData name="level_i">NA</SimpleData>
		<SimpleData name="level_ii">NA</SimpleData>
		<SimpleData name="l4type"></SimpleData>
		<SimpleData name="area_ha">0.282215048061651</SimpleData>
		<SimpleData name="remarks"></SimpleData>
		<SimpleData name="lat">20.2980177106</SimpleData>
		<SimpleData name="long">73.1581016394</SimpleData>
		<SimpleData name="state">Dadra &amp; Nagar Haveli</SimpleData>
		<SimpleData name="shape_length">232.837604430019</SimpleData>
		<SimpleData name="shape_area">2822.15048061651</SimpleData>
		<SimpleData name="ds_name">Hydrological Layer</SimpleData>
		<SimpleData name="src_agency">SAC N</SimpleData>
	</SchemaData></ExtendedData>
      <MultiGeometry><Polygon><outerBoundaryIs><LinearRing><coordinates>73.1579972350224,20.2976024748908 73.1579367440625,20.2975767445013 73.1579367246991,20.2975767795093 73.1579095551827,20.2976266475505 73.1578740051685,20.2977409895765 73.1578534840331,20.2978698304979 73.1578558838823,20.2979881575162 73.1578620834565,20.2981065243955 73.1578872374343,20.2982286762389 73.157992472321,20.2983265757267 73.1581213507596,20.2983530265747 73.1583945095639,20.2983813910237 73.1583945971107,20.2983813959579 73.1583958306728,20.2982770480509 73.1583814384594,20.2982087834159 73.1583294779379,20.2981042746293 73.1582468263653,20.2980245368465 73.1581681012413,20.2979340851219 73.1581196433067,20.2978547074906 73.1580788270818,20.2977718246471 73.1580494070203,20.2976890630295 73.1579972350224,20.2976024748908</coordinates></LinearRing></outerBoundaryIs></Polygon></MultiGeometry>
  </Placemark>
  <Placemark>
	<name>Tank/Pond</name>
	<Style><LineStyle><color>ff0000ff</color></LineStyle><PolyStyle><fill>0</fill></PolyStyle></Style>
	<ExtendedData><SchemaData schemaUrl="#wb_sac_dd">
		<SimpleData name="id">19</SimpleData>
		<SimpleData name="objectid_1">19</SimpleData>
		<SimpleData name="wetcode">1202</SimpleData>
		<SimpleData name="wetname"></SimpleData>
		<SimpleData name="aqveg">No</SimpleData>
		<SimpleData name="turbidity">High</SimpleData>
		<SimpleData name="level_i">Inland</SimpleData>
		<SimpleData name="level_ii">Man-made</SimpleData>
		<SimpleData name="l4type"></SimpleData>
		<SimpleData name="area_ha">0.816891931806537</SimpleData>
		<SimpleData name="remarks"></SimpleData>
		<SimpleData name="lat">20.1544469329</SimpleData>
		<SimpleData name="long">73.1559630433</SimpleData>
		<SimpleData name="state">Dadra &amp; Nagar Haveli</SimpleData>
		<SimpleData name="shape_length">331.18607337264</SimpleData>
		<SimpleData name="shape_area">8168.91931806537</SimpleData>
		<SimpleData name="ds_name">Hydrological Layer</SimpleData>
		<SimpleData name="src_agency">SAC N</SimpleData>
	</SchemaData></ExtendedData>
      <MultiGeometry><Polygon><outerBoundaryIs><LinearRing><coordinates>73.1562133051836,20.1539876043711 73.1560578050107,20.153975221181 73.1558866164174,20.1540056925047 73.1558100694339,20.1540586646522 73.1557145010342,20.15411502344 73.1556305739945,20.1541499929712 73.1555541958325,20.154188627539 73.1555115988742,20.154259879588 73.1554878983523,20.1543385000032 73.1554754578444,20.1544279941404 73.1554551725541,20.1545389146715 73.1554543734676,20.1546070205477 73.1554685868888,20.1546896234572 73.1555430281966,20.1548158774091 73.1556366591951,20.1549244062433 73.1557846536657,20.1549295413625 73.1558910198679,20.1549234870537 73.1560017290533,20.154870872028 73.1560936279855,20.1548037199818 73.1562198996496,20.1547190041313 73.1563616061486,20.1546129396242 73.1564422435223,20.1545349155188 73.1564925993353,20.1544494035944 73.1564941983872,20.1543131919472 73.1564126278529,20.1541474297655 73.1563341379826,20.1540426445175 73.1562133051836,20.1539876043711</coordinates></LinearRing></outerBoundaryIs></Polygon></MultiGeometry>
  </Placemark>
  <Placemark>
	<name>Tank/Pond</name>
	<Style><LineStyle><color>ff0000ff</color></LineStyle><PolyStyle><fill>0</fill></PolyStyle></Style>
	<ExtendedData><SchemaData schemaUrl="#wb_sac_dd">
		<SimpleData name="id">20</SimpleData>
		<SimpleData name="objectid_1">20</SimpleData>
		<SimpleData name="wetcode">1202</SimpleData>
		<SimpleData name="wetname"></SimpleData>
		<SimpleData name="aqveg">No</SimpleData>
		<SimpleData name="turbidity">High</SimpleData>
		<SimpleData name="level_i">Inland</SimpleData>
		<SimpleData name="level_ii">Man-made</SimpleData>
		<SimpleData name="l4type"></SimpleData>
		<SimpleData name="area_ha">1.64035229650158</SimpleData>
		<SimpleData name="remarks"></SimpleData>
		<SimpleData name="lat">20.3156080419</SimpleData>
		<SimpleData name="long">73.0985498369</SimpleData>
		<SimpleData name="state">Dadra &amp; Nagar Haveli</SimpleData>
		<SimpleData name="shape_length">509.121103556425</SimpleData>
		<SimpleData name="shape_area">16403.5229650158</SimpleData>
		<SimpleData name="ds_name">Hydrological Layer</SimpleData>
		<SimpleData name="src_agency">SAC N</SimpleData>
	</SchemaData></ExtendedData>
      <MultiGeometry><Polygon><outerBoundaryIs><LinearRing><coordinates>73.0986382727285,20.3148588652551 73.0985324117967,20.3148146972515 73.0983421710475,20.3148341366036 73.0982200598485,20.3148758266322 73.0980819629555,20.3149818689836 73.0979437762777,20.315095079152 73.0978897944572,20.315159019023 73.0978494326457,20.3153521597145 73.0979161601154,20.3154891074652 73.098119847922,20.3156132065044 73.0982787281575,20.3156722914266 73.0982836996175,20.3158874333849 73.0981826330552,20.3160727440181 73.098255645173,20.316317304941 73.0984899934032,20.3164202282829 73.0988779883792,20.3163885985322 73.0990470970891,20.3162327059742 73.0991486880792,20.3160043828672 73.0991899240452,20.3157395549791 73.0991628544696,20.3154668164053 73.099059268343,20.3152362625311 73.0989095635206,20.3150482246922 73.0987742674654,20.3149248705973 73.0986382727285,20.3148588652551</coordinates></LinearRing></outerBoundaryIs></Polygon></MultiGeometry>
  </Placemark>
  <Placemark>
	<name>Tank/Pond</name>
	<Style><LineStyle><color>ff0000ff</color></LineStyle><PolyStyle><fill>0</fill></PolyStyle></Style>
	<ExtendedData><SchemaData schemaUrl="#wb_sac_dd">
		<SimpleData name="id">21</SimpleData>
		<SimpleData name="objectid_1">21</SimpleData>
		<SimpleData name="wetcode">1202</SimpleData>
		<SimpleData name="wetname"></SimpleData>
		<SimpleData name="aqveg">No</SimpleData>
		<SimpleData name="turbidity">High</SimpleData>
		<SimpleData name="level_i">Inland</SimpleData>
		<SimpleData name="level_ii">Man-made</SimpleData>
		<SimpleData name="l4type"></SimpleData>
		<SimpleData name="area_ha">0.594512572636054</SimpleData>
		<SimpleData name="remarks"></SimpleData>
		<SimpleData name="lat">20.316478254</SimpleData>
		<SimpleData name="long">73.0967246637</SimpleData>
		<SimpleData name="state">Dadra &amp; Nagar Haveli</SimpleData>
		<SimpleData name="shape_length">317.984368404566</SimpleData>
		<SimpleData name="shape_area">5945.12572636054</SimpleData>
		<SimpleData name="ds_name">Hydrological Layer</SimpleData>
		<SimpleData name="src_agency">SAC N</SimpleData>
	</SchemaData></ExtendedData>
      <MultiGeometry><Polygon><outerBoundaryIs><LinearRing><coordinates>73.097246578434,20.3166916943399 73.0967547013907,20.3159992542184 73.0962146018094,20.3161427419977 73.0966540620641,20.3169780053453 73.097246578434,20.3166916943399</coordinates></LinearRing></outerBoundaryIs></Polygon></MultiGeometry>
  </Placemark>
  <Placemark>
	<name>Tank/Pond</name>
	<Style><LineStyle><color>ff0000ff</color></LineStyle><PolyStyle><fill>0</fill></PolyStyle></Style>
	<ExtendedData><SchemaData schemaUrl="#wb_sac_dd">
		<SimpleData name="id">22</SimpleData>
		<SimpleData name="objectid_1">22</SimpleData>
		<SimpleData name="wetcode">1202</SimpleData>
		<SimpleData name="wetname"></SimpleData>
		<SimpleData name="aqveg">No</SimpleData>
		<SimpleData name="turbidity">High</SimpleData>
		<SimpleData name="level_i">Inland</SimpleData>
		<SimpleData name="level_ii">Man-made</SimpleData>
		<SimpleData name="l4type"></SimpleData>
		<SimpleData name="area_ha">0.388864458658336</SimpleData>
		<SimpleData name="remarks"></SimpleData>
		<SimpleData name="lat">20.3289804938</SimpleData>
		<SimpleData name="long">73.0866377455</SimpleData>
		<SimpleData name="state">Dadra &amp; Nagar Haveli</SimpleData>
		<SimpleData name="shape_length">256.43714962614</SimpleData>
		<SimpleData name="shape_area">3888.64458658336</SimpleData>
		<SimpleData name="ds_name">Hydrological Layer</SimpleData>
		<SimpleData name="src_agency">SAC N</SimpleData>
	</SchemaData></ExtendedData>
      <MultiGeometry><Polygon><outerBoundaryIs><LinearRing><coordinates>73.086906405062,20.3292696075574 73.0869885267338,20.3291844712452 73.0869848711406,20.3290697188079 73.086940155334,20.3289975336372 73.0868956736025,20.3289062322008 73.0869173504372,20.3287917566474 73.0869289528413,20.3286723907496 73.0868687433036,20.3286239352498 73.0867369569721,20.3286272710897 73.0867257649618,20.3287131835687 73.0866090012946,20.3287310247749 73.0865380698605,20.3287302482777 73.0864058131795,20.3287718180793 73.0863184474282,20.3288712350129 73.0862765636759,20.3289807097178 73.086265724509,20.3290379469758 73.086299718782,20.3291578124519 73.0863443767894,20.3292347760182 73.0864152489941,20.3292403316283 73.0864507728351,20.3292359417405 73.0865323066596,20.3291985962001 73.086592928879,20.3292135985384 73.0866325790469,20.329285728677 73.0867639555275,20.3293158454262 73.086906405062,20.3292696075574</coordinates></LinearRing></outerBoundaryIs></Polygon></MultiGeometry>
  </Placemark>
  <Placemark>
	<name>Tank/Pond</name>
	<Style><LineStyle><color>ff0000ff</color></LineStyle><PolyStyle><fill>0</fill></PolyStyle></Style>
	<ExtendedData><SchemaData schemaUrl="#wb_sac_dd">
		<SimpleData name="id">86</SimpleData>
		<SimpleData name="objectid_1">86</SimpleData>
		<SimpleData name="wetcode">1202</SimpleData>
		<SimpleData name="wetname"></SimpleData>
		<SimpleData name="aqveg">No</SimpleData>
		<SimpleData name="turbidity">High</SimpleData>
		<SimpleData name="level_i">Inland</SimpleData>
		<SimpleData name="level_ii">Man-made</SimpleData>
		<SimpleData name="l4type"></SimpleData>
		<SimpleData name="area_ha">1.38278488242378</SimpleData>
		<SimpleData name="remarks"></SimpleData>
		<SimpleData name="lat">20.4528117955</SimpleData>
		<SimpleData name="long">72.8803413641</SimpleData>
		<SimpleData name="state">Daman &amp; Diu</SimpleData>
		<SimpleData name="shape_length">543.382256115405</SimpleData>
		<SimpleData name="shape_area">13827.8488242378</SimpleData>
		<SimpleData name="ds_name">Hydrological Layer</SimpleData>
		<SimpleData name="src_agency">SAC N</SimpleData>
	</SchemaData></ExtendedData>
      <MultiGeometry><Polygon><outerBoundaryIs><LinearRing><coordinates>72.8807635860185,20.4522455390755 72.880352533405,20.4517148185689 72.8800607158305,20.4521951539312 72.8799760024328,20.4532873599912 72.879895363511,20.4536209203682 72.8805072218937,20.4538374685678 72.8806420278192,20.4537136583256 72.8805434164873,20.4535093404556 72.8806585549912,20.4534330826208 72.8806883297319,20.4531108500139 72.8807349858162,20.4529441466722 72.8807135706304,20.452657134649 72.8807635860185,20.4522455390755</coordinates></LinearRing></outerBoundaryIs></Polygon></MultiGeometry>
  </Placemark>
  <Placemark>
	<name>Tank/Pond</name>
	<Style><LineStyle><color>ff0000ff</color></LineStyle><PolyStyle><fill>0</fill></PolyStyle></Style>
	<ExtendedData><SchemaData schemaUrl="#wb_sac_dd">
		<SimpleData name="id">23</SimpleData>
		<SimpleData name="objectid_1">23</SimpleData>
		<SimpleData name="wetcode">1202</SimpleData>
		<SimpleData name="wetname"></SimpleData>
		<SimpleData name="aqveg">No</SimpleData>
		<SimpleData name="turbidity">High</SimpleData>
		<SimpleData name="level_i">Inland</SimpleData>
		<SimpleData name="level_ii">Man-made</SimpleData>
		<SimpleData name="l4type"></SimpleData>
		<SimpleData name="area_ha">6.28026770160943</SimpleData>
		<SimpleData name="remarks"></SimpleData>
		<SimpleData name="lat">20.3120025639</SimpleData>
		<SimpleData name="long">72.9705241192</SimpleData>
		<SimpleData name="state">Dadra &amp; Nagar Haveli</SimpleData>
		<SimpleData name="shape_length">1014.45603689991</SimpleData>
		<SimpleData name="shape_area">62802.6770160943</SimpleData>
		<SimpleData name="ds_name">Hydrological Layer</SimpleData>
		<SimpleData name="src_agency">SAC N</SimpleData>
	</SchemaData></ExtendedData>
      <MultiGeometry><Polygon><outerBoundaryIs><LinearRing><coordinates>72.9718757375124,20.3120617851891 72.9716929713793,20.3115076372611 72.9716275754622,20.3112774650741 72.9715708995647,20.3109613627574 72.9714520347632,20.3107520772444 72.9712192907489,20.3105343018867 72.9709474329594,20.3104021024829 72.9706668573793,20.3103558318176 72.9703318791928,20.3104021292516 72.9701171632137,20.3105501911713 72.9700475638929,20.3106425823164 72.9700820028742,20.3109154107798 72.9700792919991,20.3111232863863 72.970031084649,20.3113234636506 72.9699447906086,20.311530369414 72.9697289515942,20.3117644475636 72.9695700413305,20.3117124181245 72.9694404956171,20.3117395902217 72.9693102010708,20.311824108705 72.9691785971215,20.3120089786932 72.9691240056041,20.3121158829729 72.9690675439948,20.3123661485977 72.969110514696,20.3125673844251 72.9698541540129,20.3132355844567 72.9706084803175,20.3136673221071 72.9707381221479,20.3136329810092 72.9707858617665,20.313468642963 72.9708873522899,20.3132619136376 72.9710650132377,20.3130417303081 72.9712421126933,20.3128645555924 72.9714650826426,20.3126664049316 72.9717175113868,20.3125402864019 72.9718481788274,20.3124270947806 72.971887851154,20.312298509209 72.9718757375124,20.3120617851891</coordinates></LinearRing></outerBoundaryIs></Polygon></MultiGeometry>
  </Placemark>
  <Placemark>
	<name>Tank/Pond</name>
	<Style><LineStyle><color>ff0000ff</color></LineStyle><PolyStyle><fill>0</fill></PolyStyle></Style>
	<ExtendedData><SchemaData schemaUrl="#wb_sac_dd">
		<SimpleData name="id">87</SimpleData>
		<SimpleData name="objectid_1">87</SimpleData>
		<SimpleData name="wetcode">1202</SimpleData>
		<SimpleData name="wetname"></SimpleData>
		<SimpleData name="aqveg">No</SimpleData>
		<SimpleData name="turbidity">High</SimpleData>
		<SimpleData name="level_i">Inland</SimpleData>
		<SimpleData name="level_ii">Man-made</SimpleData>
		<SimpleData name="l4type"></SimpleData>
		<SimpleData name="area_ha">0.886688273093714</SimpleData>
		<SimpleData name="remarks"></SimpleData>
		<SimpleData name="lat">20.459724742</SimpleData>
		<SimpleData name="long">72.8836003178</SimpleData>
		<SimpleData name="state">Daman &amp; Diu</SimpleData>
		<SimpleData name="shape_length">375.449643400582</SimpleData>
		<SimpleData name="shape_area">8866.88273093714</SimpleData>
		<SimpleData name="ds_name">Hydrological Layer</SimpleData>
		<SimpleData name="src_agency">SAC N</SimpleData>
	</SchemaData></ExtendedData>
      <MultiGeometry><Polygon><outerBoundaryIs><LinearRing><coordinates>72.8836879264841,20.4592910364939 72.8833217359755,20.4591850206847 72.883056815324,20.4595521821391 72.8829754409558,20.459939501123 72.8838270965536,20.4602366210958 72.8842893024242,20.4598121203344 72.8837555945323,20.4594412108674 72.8836879264841,20.4592910364939</coordinates></LinearRing></outerBoundaryIs></Polygon></MultiGeometry>
  </Placemark>
  <Placemark>
	<name>Tank/Pond</name>
	<Style><LineStyle><color>ff0000ff</color></LineStyle><PolyStyle><fill>0</fill></PolyStyle></Style>
	<ExtendedData><SchemaData schemaUrl="#wb_sac_dd">
		<SimpleData name="id">24</SimpleData>
		<SimpleData name="objectid_1">24</SimpleData>
		<SimpleData name="wetcode">1202</SimpleData>
		<SimpleData name="wetname"></SimpleData>
		<SimpleData name="aqveg">No</SimpleData>
		<SimpleData name="turbidity">High</SimpleData>
		<SimpleData name="level_i">Inland</SimpleData>
		<SimpleData name="level_ii">Man-made</SimpleData>
		<SimpleData name="l4type"></SimpleData>
		<SimpleData name="area_ha">0.610513511992744</SimpleData>
		<SimpleData name="remarks"></SimpleData>
		<SimpleData name="lat">20.2933743067</SimpleData>
		<SimpleData name="long">73.0422712606</SimpleData>
		<SimpleData name="state">Dadra &amp; Nagar Haveli</SimpleData>
		<SimpleData name="shape_length">481.430972057832</SimpleData>
		<SimpleData name="shape_area">6105.13511992743</SimpleData>
		<SimpleData name="ds_name">Hydrological Layer</SimpleData>
		<SimpleData name="src_agency">SAC N</SimpleData>
	</SchemaData></ExtendedData>
      <MultiGeometry><Polygon><outerBoundaryIs><LinearRing><coordinates>73.0422817810224,20.2925883253921 73.0421045002914,20.2925863416098 73.0422609103153,20.2927374554531 73.0423986263877,20.2928644609859 73.0425490059702,20.2929916076962 73.0425916004343,20.2931294993229 73.0425386965487,20.2933081436023 73.0424176478202,20.2933665351566 73.0422718734579,20.2933768533683 73.0421514255933,20.2933874550017 73.0420435641502,20.2934041716185 73.0419799491399,20.2934273594358 73.0418766936851,20.2935815420346 73.0418310210619,20.2936885726463 73.0417026643392,20.2938245500657 73.041985179495,20.2940188964401 73.0422587110599,20.2939203895486 73.0423544347247,20.293861714611 73.042444576322,20.293743232429 73.0425540889937,20.2935950939431 73.0426252363618,20.2934763979597 73.0427281165789,20.2933520831387 73.0427868248888,20.2932153261534 73.0427946585757,20.2930959220807 73.0427269629501,20.2929398274246 73.0424387173556,20.2926976222908 73.0422817810224,20.2925883253921</coordinates></LinearRing></outerBoundaryIs></Polygon></MultiGeometry>
  </Placemark>
  <Placemark>
	<name>Tank/Pond</name>
	<Style><LineStyle><color>ff0000ff</color></LineStyle><PolyStyle><fill>0</fill></PolyStyle></Style>
	<ExtendedData><SchemaData schemaUrl="#wb_sac_dd">
		<SimpleData name="id">25</SimpleData>
		<SimpleData name="objectid_1">25</SimpleData>
		<SimpleData name="wetcode">1202</SimpleData>
		<SimpleData name="wetname"></SimpleData>
		<SimpleData name="aqveg">No</SimpleData>
		<SimpleData name="turbidity">High</SimpleData>
		<SimpleData name="level_i">Inland</SimpleData>
		<SimpleData name="level_ii">Man-made</SimpleData>
		<SimpleData name="l4type"></SimpleData>
		<SimpleData name="area_ha">0.634275467680516</SimpleData>
		<SimpleData name="remarks"></SimpleData>
		<SimpleData name="lat">20.3051113601</SimpleData>
		<SimpleData name="long">73.143865138</SimpleData>
		<SimpleData name="state">Dadra &amp; Nagar Haveli</SimpleData>
		<SimpleData name="shape_length">341.40268810911</SimpleData>
		<SimpleData name="shape_area">6342.75467680516</SimpleData>
		<SimpleData name="ds_name">Hydrological Layer</SimpleData>
		<SimpleData name="src_agency">SAC N</SimpleData>
	</SchemaData></ExtendedData>
      <MultiGeometry><Polygon><outerBoundaryIs><LinearRing><coordinates>73.1438849714011,20.3048466456642 73.1435445921613,20.3047115873007 73.1431606627478,20.3050421017544 73.1437591011629,20.3053113439985 73.1441870668685,20.305536952406 73.1445208354085,20.3051640797984 73.1443084542168,20.3049168608085 73.1438849714011,20.3048466456642</coordinates></LinearRing></outerBoundaryIs></Polygon></MultiGeometry>
  </Placemark>
  <Placemark>
	<name>Tank/Pond</name>
	<Style><LineStyle><color>ff0000ff</color></LineStyle><PolyStyle><fill>0</fill></PolyStyle></Style>
	<ExtendedData><SchemaData schemaUrl="#wb_sac_dd">
		<SimpleData name="id">28</SimpleData>
		<SimpleData name="objectid_1">28</SimpleData>
		<SimpleData name="wetcode">1202</SimpleData>
		<SimpleData name="wetname"></SimpleData>
		<SimpleData name="aqveg">No</SimpleData>
		<SimpleData name="turbidity">High</SimpleData>
		<SimpleData name="level_i">Inland</SimpleData>
		<SimpleData name="level_ii">Man-made</SimpleData>
		<SimpleData name="l4type"></SimpleData>
		<SimpleData name="area_ha">0.824252164178485</SimpleData>
		<SimpleData name="remarks"></SimpleData>
		<SimpleData name="lat">20.2636080703</SimpleData>
		<SimpleData name="long">73.0945409919</SimpleData>
		<SimpleData name="state">Dadra &amp; Nagar Haveli</SimpleData>
		<SimpleData name="shape_length">443.030448680242</SimpleData>
		<SimpleData name="shape_area">8242.52164178485</SimpleData>
		<SimpleData name="ds_name">Hydrological Layer</SimpleData>
		<SimpleData name="src_agency">SAC N</SimpleData>
	</SchemaData></ExtendedData>
      <MultiGeometry><Polygon><outerBoundaryIs><LinearRing><coordinates>73.0946436566628,20.2637503818502 73.0946325996243,20.2636188186868 73.0947462576174,20.263643952729 73.0948842879535,20.2637470235726 73.0950536796779,20.2638743338956 73.0951926589358,20.2638997431021 73.0953772636532,20.263818104069 73.09489441059,20.263436449269 73.0946746679348,20.2632846929566 73.0944921052534,20.2631990619361 73.0943280971831,20.2631494808605 73.094156299221,20.2632193090421 73.093996942889,20.2633071958836 73.093881534986,20.2634254357697 73.0938485689574,20.263532621234 73.0938717757624,20.2637061398581 73.093966075308,20.2637609373146 73.0941043973238,20.2638401133063 73.0941787592235,20.2639723658073 73.0943548455315,20.2640698752049 73.0945576400305,20.2640541556757 73.0946091591644,20.263983021028 73.0946673741566,20.2638820837315 73.0946743611068,20.2638283863832 73.0946436566628,20.2637503818502</coordinates></LinearRing></outerBoundaryIs></Polygon></MultiGeometry>
  </Placemark>
  <Placemark>
	<name>Tank/Pond</name>
	<Style><LineStyle><color>ff0000ff</color></LineStyle><PolyStyle><fill>0</fill></PolyStyle></Style>
	<ExtendedData><SchemaData schemaUrl="#wb_sac_dd">
		<SimpleData name="id">85</SimpleData>
		<SimpleData name="objectid_1">85</SimpleData>
		<SimpleData name="wetcode">1202</SimpleData>
		<SimpleData name="wetname"></SimpleData>
		<SimpleData name="aqveg">No</SimpleData>
		<SimpleData name="turbidity">High</SimpleData>
		<SimpleData name="level_i">Inland</SimpleData>
		<SimpleData name="level_ii">Man-made</SimpleData>
		<SimpleData name="l4type"></SimpleData>
		<SimpleData name="area_ha">1.72822907139813</SimpleData>
		<SimpleData name="remarks"></SimpleData>
		<SimpleData name="lat">20.4405974196</SimpleData>
		<SimpleData name="long">72.8832142391</SimpleData>
		<SimpleData name="state">Daman &amp; Diu</SimpleData>
		<SimpleData name="shape_length">545.532980801797</SimpleData>
		<SimpleData name="shape_area">17282.2907139813</SimpleData>
		<SimpleData name="ds_name">Hydrological Layer</SimpleData>
		<SimpleData name="src_agency">SAC N</SimpleData>
	</SchemaData></ExtendedData>
      <MultiGeometry><Polygon><outerBoundaryIs><LinearRing><coordinates>72.8835748968892,20.4403359633053 72.8832911846777,20.4397044593375 72.8830699923468,20.439788833347 72.8829436645894,20.4398044480445 72.8825524501433,20.4400224322786 72.8826685648819,20.4409844651612 72.8827148238577,20.4414940131648 72.8839851823339,20.440921627136 72.8838465887317,20.4404898129462 72.8835748968892,20.4403359633053</coordinates></LinearRing></outerBoundaryIs></Polygon></MultiGeometry>
  </Placemark>
  <Placemark>
	<name>Tank/Pond</name>
	<Style><LineStyle><color>ff0000ff</color></LineStyle><PolyStyle><fill>0</fill></PolyStyle></Style>
	<ExtendedData><SchemaData schemaUrl="#wb_sac_dd">
		<SimpleData name="id">29</SimpleData>
		<SimpleData name="objectid_1">29</SimpleData>
		<SimpleData name="wetcode">1202</SimpleData>
		<SimpleData name="wetname"></SimpleData>
		<SimpleData name="aqveg">No</SimpleData>
		<SimpleData name="turbidity">High</SimpleData>
		<SimpleData name="level_i">Inland</SimpleData>
		<SimpleData name="level_ii">Man-made</SimpleData>
		<SimpleData name="l4type"></SimpleData>
		<SimpleData name="area_ha">0.84742383376597</SimpleData>
		<SimpleData name="remarks"></SimpleData>
		<SimpleData name="lat">20.2607707427</SimpleData>
		<SimpleData name="long">73.0953092792</SimpleData>
		<SimpleData name="state">Dadra &amp; Nagar Haveli</SimpleData>
		<SimpleData name="shape_length">483.758419856511</SimpleData>
		<SimpleData name="shape_area">8474.2383376597</SimpleData>
		<SimpleData name="ds_name">Hydrological Layer</SimpleData>
		<SimpleData name="src_agency">SAC N</SimpleData>
	</SchemaData></ExtendedData>
      <MultiGeometry><Polygon><outerBoundaryIs><LinearRing><coordinates>73.0956259608173,20.2610784187895 73.0956205768659,20.2610006900723 73.0955330456219,20.2609101184268 73.095477311949,20.2608079423949 73.0955233731184,20.2606650498835 73.0956371736983,20.2606782358311 73.0958016904464,20.2606859979907 73.0960183080112,20.2605748322166 73.0960577475861,20.2604557667511 73.0960211498258,20.2603418497115 73.0958638381312,20.2602624696222 73.0957308282607,20.2602669996089 73.0955783168909,20.2603131397989 73.0953812009587,20.2603826946075 73.095285298536,20.260459323092 73.095233489081,20.2605543550663 73.0951249252565,20.2606308465994 73.0949470919333,20.2606767106273 73.0947512883625,20.2606387343251 73.094624097553,20.2606851491508 73.094596952228,20.2608342212385 73.0946260515003,20.2610436523661 73.0946936441662,20.2612116786309 73.0948707492407,20.2612255532739 73.094992776389,20.2610834876177 73.0950821308392,20.261024711832 73.0951449969236,20.2610612425921 73.0951188005258,20.2611326545881 73.0951809377114,20.2612289246503 73.0953640819455,20.261266764525 73.0954977481956,20.2612084691724 73.0955678202079,20.2611733834204 73.0956259608173,20.2610784187895</coordinates></LinearRing></outerBoundaryIs></Polygon></MultiGeometry>
  </Placemark>
  <Placemark>
	<name>Tank/Pond</name>
	<Style><LineStyle><color>ff0000ff</color></LineStyle><PolyStyle><fill>0</fill></PolyStyle></Style>
	<ExtendedData><SchemaData schemaUrl="#wb_sac_dd">
		<SimpleData name="id">30</SimpleData>
		<SimpleData name="objectid_1">30</SimpleData>
		<SimpleData name="wetcode">1202</SimpleData>
		<SimpleData name="wetname"></SimpleData>
		<SimpleData name="aqveg">No</SimpleData>
		<SimpleData name="turbidity">High</SimpleData>
		<SimpleData name="level_i">Inland</SimpleData>
		<SimpleData name="level_ii">Man-made</SimpleData>
		<SimpleData name="l4type"></SimpleData>
		<SimpleData name="area_ha">0.518113187363073</SimpleData>
		<SimpleData name="remarks"></SimpleData>
		<SimpleData name="lat">20.2581460936</SimpleData>
		<SimpleData name="long">73.0916620781</SimpleData>
		<SimpleData name="state">Dadra &amp; Nagar Haveli</SimpleData>
		<SimpleData name="shape_length">274.675837234823</SimpleData>
		<SimpleData name="shape_area">5181.13187363073</SimpleData>
		<SimpleData name="ds_name">Hydrological Layer</SimpleData>
		<SimpleData name="src_agency">SAC N</SimpleData>
	</SchemaData></ExtendedData>
      <MultiGeometry><Polygon><outerBoundaryIs><LinearRing><coordinates>73.0919297845773,20.2577646831738 73.0917553334175,20.257741274706 73.0915877774995,20.25777529926 73.0914733065365,20.2578170705818 73.0913652935998,20.2579521178491 73.0912717717426,20.2581446795163 73.0912696676283,20.2583167283335 73.0914135598496,20.2583541423883 73.0914428926223,20.2584404970824 73.0915095943287,20.2585774468215 73.0917911838798,20.2585374953761 73.0918685492339,20.258423623192 73.0919313348947,20.2582594051102 73.092008699967,20.2581455328853 73.0920481710943,20.2580240789226 73.0920425021293,20.2578662851289 73.0919297845773,20.2577646831738</coordinates></LinearRing></outerBoundaryIs></Polygon></MultiGeometry>
  </Placemark>
  <Placemark>
	<name>Tank/Pond</name>
	<Style><LineStyle><color>ff0000ff</color></LineStyle><PolyStyle><fill>0</fill></PolyStyle></Style>
	<ExtendedData><SchemaData schemaUrl="#wb_sac_dd">
		<SimpleData name="id">31</SimpleData>
		<SimpleData name="objectid_1">31</SimpleData>
		<SimpleData name="wetcode">1202</SimpleData>
		<SimpleData name="wetname"></SimpleData>
		<SimpleData name="aqveg">No</SimpleData>
		<SimpleData name="turbidity">High</SimpleData>
		<SimpleData name="level_i">Inland</SimpleData>
		<SimpleData name="level_ii">Man-made</SimpleData>
		<SimpleData name="l4type"></SimpleData>
		<SimpleData name="area_ha">0.459197886598047</SimpleData>
		<SimpleData name="remarks"></SimpleData>
		<SimpleData name="lat">20.2589300286</SimpleData>
		<SimpleData name="long">73.0870813393</SimpleData>
		<SimpleData name="state">Dadra &amp; Nagar Haveli</SimpleData>
		<SimpleData name="shape_length">356.56805763254</SimpleData>
		<SimpleData name="shape_area">4591.97886598047</SimpleData>
		<SimpleData name="ds_name">Hydrological Layer</SimpleData>
		<SimpleData name="src_agency">SAC N</SimpleData>
	</SchemaData></ExtendedData>
      <MultiGeometry><Polygon><outerBoundaryIs><LinearRing><coordinates>73.0873580363021,20.2588566188985 73.0874038121652,20.258737624621 73.0874183012652,20.2585884155782 73.0873248123851,20.2584679023762 73.0872053431776,20.2584008767919 73.0870468672165,20.2584170712551 73.0870016770269,20.258488274453 73.0870450367127,20.25856641862 73.0871651647113,20.258579678834 73.0872723403099,20.2586166969525 73.0873088573025,20.2587365886765 73.0872316499364,20.2588373154697 73.0870988617065,20.2588239168825 73.0869725492424,20.2587986396245 73.0868518351276,20.258833170198 73.0867432688119,20.2589096564675 73.0866977119365,20.2590107287197 73.0867025784438,20.2591302749505 73.0867327650238,20.2592500981074 73.0867639768895,20.2592862866048 73.0868586386376,20.2593112192766 73.0869781075631,20.2593782442363 73.0871241431957,20.2593439904324 73.087181701221,20.2592968210609 73.0872643607292,20.2592678494665 73.0873724151005,20.2592331801443 73.0874376949483,20.2590725766117 73.0874201677777,20.2589528920158 73.0873580363021,20.2588566188985</coordinates></LinearRing></outerBoundaryIs></Polygon></MultiGeometry>
  </Placemark>
  <Placemark>
	<name>Tank/Pond</name>
	<Style><LineStyle><color>ff0000ff</color></LineStyle><PolyStyle><fill>0</fill></PolyStyle></Style>
	<ExtendedData><SchemaData schemaUrl="#wb_sac_dd">
		<SimpleData name="id">32</SimpleData>
		<SimpleData name="objectid_1">32</SimpleData>
		<SimpleData name="wetcode">1202</SimpleData>
		<SimpleData name="wetname"></SimpleData>
		<SimpleData name="aqveg">No</SimpleData>
		<SimpleData name="turbidity">High</SimpleData>
		<SimpleData name="level_i">Inland</SimpleData>
		<SimpleData name="level_ii">Man-made</SimpleData>
		<SimpleData name="l4type"></SimpleData>
		<SimpleData name="area_ha">0.757581520566792</SimpleData>
		<SimpleData name="remarks"></SimpleData>
		<SimpleData name="lat">20.2600670208</SimpleData>
		<SimpleData name="long">73.0828373073</SimpleData>
		<SimpleData name="state">Dadra &amp; Nagar Haveli</SimpleData>
		<SimpleData name="shape_length">397.210724978048</SimpleData>
		<SimpleData name="shape_area">7575.81520566792</SimpleData>
		<SimpleData name="ds_name">Hydrological Layer</SimpleData>
		<SimpleData name="src_agency">SAC N</SimpleData>
	</SchemaData></ExtendedData>
      <MultiGeometry><Polygon><outerBoundaryIs><LinearRing><coordinates>73.0827696150333,20.2594457777541 73.0826557436349,20.2594385575086 73.082528624662,20.2594789902431 73.0823753036942,20.2595908316473 73.0823287162624,20.259775536434 73.0823454321907,20.2599609336878 73.0823934321186,20.2601765467562 73.0824858917948,20.2603806971479 73.0826871400216,20.2604904431187 73.0829646467405,20.2605771233931 73.0834135851688,20.2606238567759 73.0834532551504,20.2604868727246 73.0833919330567,20.2603248858581 73.0833100053159,20.2602941170093 73.0831651411755,20.2602327859851 73.0830270484931,20.2601356800784 73.0828575988381,20.2600143338767 73.0828334514176,20.259918475165 73.0828354317427,20.2597571812038 73.0828374130837,20.2595958863956 73.0827696150333,20.2594457777541</coordinates></LinearRing></outerBoundaryIs></Polygon></MultiGeometry>
  </Placemark>
  <Placemark>
	<name>Tank/Pond</name>
	<Style><LineStyle><color>ff0000ff</color></LineStyle><PolyStyle><fill>0</fill></PolyStyle></Style>
	<ExtendedData><SchemaData schemaUrl="#wb_sac_dd">
		<SimpleData name="id">33</SimpleData>
		<SimpleData name="objectid_1">33</SimpleData>
		<SimpleData name="wetcode">1202</SimpleData>
		<SimpleData name="wetname"></SimpleData>
		<SimpleData name="aqveg">No</SimpleData>
		<SimpleData name="turbidity">High</SimpleData>
		<SimpleData name="level_i">Inland</SimpleData>
		<SimpleData name="level_ii">Man-made</SimpleData>
		<SimpleData name="l4type"></SimpleData>
		<SimpleData name="area_ha">0.175168012868908</SimpleData>
		<SimpleData name="remarks"></SimpleData>
		<SimpleData name="lat">20.2585642749</SimpleData>
		<SimpleData name="long">73.0806070056</SimpleData>
		<SimpleData name="state">Dadra &amp; Nagar Haveli</SimpleData>
		<SimpleData name="shape_length">157.285581465593</SimpleData>
		<SimpleData name="shape_area">1751.68012868908</SimpleData>
		<SimpleData name="ds_name">Hydrological Layer</SimpleData>
		<SimpleData name="src_agency">SAC N</SimpleData>
	</SchemaData></ExtendedData>
      <MultiGeometry><Polygon><outerBoundaryIs><LinearRing><coordinates>73.0807681356003,20.2583818919601 73.0806990900974,20.258333337958 73.0806039170155,20.2583502205802 73.0804891648256,20.2584146850631 73.0804379347592,20.2584619217662 73.0804120266077,20.2585094346916 73.080379346531,20.2585927212658 73.0803725033624,20.2586344695776 73.0803711804691,20.2587419996275 73.0806304996834,20.2587627632605 73.0807569572816,20.258776096742 73.0808084808762,20.2587049653515 73.0808349770238,20.2586096614346 73.080811124884,20.2584899070549 73.0807681356003,20.2583818919601</coordinates></LinearRing></outerBoundaryIs></Polygon></MultiGeometry>
  </Placemark>
  <Placemark>
	<name>Tank/Pond</name>
	<Style><LineStyle><color>ff0000ff</color></LineStyle><PolyStyle><fill>0</fill></PolyStyle></Style>
	<ExtendedData><SchemaData schemaUrl="#wb_sac_dd">
		<SimpleData name="id">34</SimpleData>
		<SimpleData name="objectid_1">34</SimpleData>
		<SimpleData name="wetcode">1202</SimpleData>
		<SimpleData name="wetname"></SimpleData>
		<SimpleData name="aqveg">No</SimpleData>
		<SimpleData name="turbidity">High</SimpleData>
		<SimpleData name="level_i">Inland</SimpleData>
		<SimpleData name="level_ii">Man-made</SimpleData>
		<SimpleData name="l4type"></SimpleData>
		<SimpleData name="area_ha">0.482312692862086</SimpleData>
		<SimpleData name="remarks"></SimpleData>
		<SimpleData name="lat">20.2560065582</SimpleData>
		<SimpleData name="long">73.0633255212</SimpleData>
		<SimpleData name="state">Dadra &amp; Nagar Haveli</SimpleData>
		<SimpleData name="shape_length">305.202177176249</SimpleData>
		<SimpleData name="shape_area">4823.12692862086</SimpleData>
		<SimpleData name="ds_name">Hydrological Layer</SimpleData>
		<SimpleData name="src_agency">SAC N</SimpleData>
	</SchemaData></ExtendedData>
      <MultiGeometry><Polygon><outerBoundaryIs><LinearRing><coordinates>73.063629893669,20.2555320020305 73.063560670986,20.2554983770569 73.0634618882776,20.2555510573661 73.0633752467498,20.2556456933772 73.063246978456,20.2557787062005 73.0631820844654,20.255906443075 73.0631241875875,20.2559804862355 73.0629698209239,20.2561759427892 73.0629183646038,20.2562410952227 73.0628891008302,20.2563035041839 73.0628819555033,20.256369146987 73.0629129763728,20.256420273566 73.062972740526,20.2564508073479 73.0630357825014,20.256472415639 73.0631527774475,20.2564826697263 73.0632233352379,20.2564087670112 73.0632649619888,20.2563703919765 73.0633348144452,20.2563532394755 73.0634205304624,20.2563332755284 73.0635193137683,20.2562805952052 73.0635261990632,20.2562358609505 73.0634891447942,20.2561607693689 73.063499306875,20.2561071096009 73.0635949989525,20.2560484207355 73.0636997412617,20.2560256799848 73.0637317241683,20.2559991474268 73.0637251567367,20.2557630766582 73.0636856037669,20.2556341858705 73.063629893669,20.2555320020305</coordinates></LinearRing></outerBoundaryIs></Polygon></MultiGeometry>
  </Placemark>
  <Placemark>
	<name>Tank/Pond</name>
	<Style><LineStyle><color>ff0000ff</color></LineStyle><PolyStyle><fill>0</fill></PolyStyle></Style>
	<ExtendedData><SchemaData schemaUrl="#wb_sac_dd">
		<SimpleData name="id">35</SimpleData>
		<SimpleData name="objectid_1">35</SimpleData>
		<SimpleData name="wetcode">1202</SimpleData>
		<SimpleData name="wetname"></SimpleData>
		<SimpleData name="aqveg">No</SimpleData>
		<SimpleData name="turbidity">High</SimpleData>
		<SimpleData name="level_i">Inland</SimpleData>
		<SimpleData name="level_ii">Man-made</SimpleData>
		<SimpleData name="l4type"></SimpleData>
		<SimpleData name="area_ha">0.378558219630526</SimpleData>
		<SimpleData name="remarks"></SimpleData>
		<SimpleData name="lat">20.2637312701</SimpleData>
		<SimpleData name="long">73.0625482012</SimpleData>
		<SimpleData name="state">Dadra &amp; Nagar Haveli</SimpleData>
		<SimpleData name="shape_length">235.995226784747</SimpleData>
		<SimpleData name="shape_area">3785.58219630526</SimpleData>
		<SimpleData name="ds_name">Hydrological Layer</SimpleData>
		<SimpleData name="src_agency">SAC N</SimpleData>
	</SchemaData></ExtendedData>
      <MultiGeometry><Polygon><outerBoundaryIs><LinearRing><coordinates>73.0625697904266,20.2634118569983 73.0624368529668,20.2634103874753 73.0623222384134,20.2634628920325 73.0622263195355,20.2635395006607 73.0621806714274,20.2636465387893 73.0621912545416,20.2638139446499 73.0622596284756,20.2639162695336 73.0623915278359,20.2640013732748 73.0626318600822,20.2640219541039 73.062891478949,20.2640188491863 73.0629120274944,20.2638936097471 73.0629388313281,20.2637744137267 73.0628951132736,20.2637261332269 73.0628448411788,20.2636957047818 73.0627316356607,20.2636347073082 73.0626757010811,20.2635504433085 73.0626515654794,20.263454583658 73.0625697904266,20.2634118569983</coordinates></LinearRing></outerBoundaryIs></Polygon></MultiGeometry>
  </Placemark>
  <Placemark>
	<name>Tank/Pond</name>
	<Style><LineStyle><color>ff0000ff</color></LineStyle><PolyStyle><fill>0</fill></PolyStyle></Style>
	<ExtendedData><SchemaData schemaUrl="#wb_sac_dd">
		<SimpleData name="id">36</SimpleData>
		<SimpleData name="objectid_1">36</SimpleData>
		<SimpleData name="wetcode">1202</SimpleData>
		<SimpleData name="wetname"></SimpleData>
		<SimpleData name="aqveg">No</SimpleData>
		<SimpleData name="turbidity">High</SimpleData>
		<SimpleData name="level_i">Inland</SimpleData>
		<SimpleData name="level_ii">Man-made</SimpleData>
		<SimpleData name="l4type"></SimpleData>
		<SimpleData name="area_ha">0.571522211670372</SimpleData>
		<SimpleData name="remarks"></SimpleData>
		<SimpleData name="lat">20.2651776847</SimpleData>
		<SimpleData name="long">73.0610742228</SimpleData>
		<SimpleData name="state">Dadra &amp; Nagar Haveli</SimpleData>
		<SimpleData name="shape_length">331.040615419735</SimpleData>
		<SimpleData name="shape_area">5715.22211670372</SimpleData>
		<SimpleData name="ds_name">Hydrological Layer</SimpleData>
		<SimpleData name="src_agency">SAC N</SimpleData>
	</SchemaData></ExtendedData>
      <MultiGeometry><Polygon><outerBoundaryIs><LinearRing><coordinates>73.0613536736406,20.2646769739225 73.0612365971638,20.2646219067224 73.0610274263989,20.2646411006545 73.060939220275,20.264708235575 73.0608579432634,20.2648292180929 73.0607758642413,20.2650147178748 73.0607510694915,20.2651757578012 73.0607794515957,20.2653373862374 73.0608228924793,20.2655099353369 73.0608925644526,20.2657114529933 73.0609830551969,20.2657662254948 73.0611998681076,20.2657435322981 73.0612691266722,20.2656726027763 73.0612922729237,20.26564418026 73.0612928076108,20.2656011696348 73.0612821700149,20.265540111143 73.0612371691476,20.2654930111162 73.0611619622048,20.2654312384793 73.0611288019285,20.2653484214137 73.061190954701,20.2652379806471 73.061306505232,20.2651102079979 73.061383894584,20.2649963524282 73.0614202163097,20.2648246849683 73.0613536736406,20.2646769739225</coordinates></LinearRing></outerBoundaryIs></Polygon></MultiGeometry>
  </Placemark>
  <Placemark>
	<name>Tank/Pond</name>
	<Style><LineStyle><color>ff0000ff</color></LineStyle><PolyStyle><fill>0</fill></PolyStyle></Style>
	<ExtendedData><SchemaData schemaUrl="#wb_sac_dd">
		<SimpleData name="id">37</SimpleData>
		<SimpleData name="objectid_1">37</SimpleData>
		<SimpleData name="wetcode">1202</SimpleData>
		<SimpleData name="wetname"></SimpleData>
		<SimpleData name="aqveg">No</SimpleData>
		<SimpleData name="turbidity">High</SimpleData>
		<SimpleData name="level_i">Inland</SimpleData>
		<SimpleData name="level_ii">Man-made</SimpleData>
		<SimpleData name="l4type"></SimpleData>
		<SimpleData name="area_ha">0.726765512398649</SimpleData>
		<SimpleData name="remarks"></SimpleData>
		<SimpleData name="lat">20.2649367063</SimpleData>
		<SimpleData name="long">73.0648784767</SimpleData>
		<SimpleData name="state">Dadra &amp; Nagar Haveli</SimpleData>
		<SimpleData name="shape_length">459.312782531502</SimpleData>
		<SimpleData name="shape_area">7267.65512398649</SimpleData>
		<SimpleData name="ds_name">Hydrological Layer</SimpleData>
		<SimpleData name="src_agency">SAC N</SimpleData>
	</SchemaData></ExtendedData>
      <MultiGeometry><Polygon><outerBoundaryIs><LinearRing><coordinates>73.0648576059339,20.2642009905147 73.0647446595717,20.2641190858409 73.0646558484898,20.2641330413022 73.0646319137476,20.2642761689816 73.0646591781087,20.264375050955 73.0647118384071,20.2644682390297 73.0647583162204,20.2645494100361 73.0647722903513,20.2646989297205 73.064710892074,20.2647998198978 73.064608197136,20.2649122033252 73.0645910008763,20.2650225429018 73.0646211709561,20.2651423685713 73.0646583012606,20.2652114868198 73.0646606508764,20.2652772338875 73.0646471387859,20.2653457926664 73.0645471642863,20.265494053946 73.0644897092784,20.2655322544921 73.0644196664831,20.2655643418583 73.0643782589194,20.2655847946769 73.0643590453657,20.2656025056178 73.0643930484076,20.2656686023078 73.0645767784151,20.2656586831496 73.0647835927323,20.2655743359553 73.0649523870298,20.2654925552939 73.0650227999287,20.2654305983845 73.0650331097017,20.2653649924816 73.0650433097123,20.265308346235 73.0651137224713,20.2652463892941 73.0652725387401,20.2652033335366 73.0653456714387,20.2651772551757 73.0653884118084,20.2650492723173 73.0653204439017,20.2649140936371 73.0652232484963,20.2648383380566 73.0650669874373,20.2646752974919 73.064974661086,20.2644621794637 73.064910117573,20.2643061267314 73.0648576059339,20.2642009905147</coordinates></LinearRing></outerBoundaryIs></Polygon></MultiGeometry>
  </Placemark>
  <Placemark>
	<name>Tank/Pond</name>
	<Style><LineStyle><color>ff0000ff</color></LineStyle><PolyStyle><fill>0</fill></PolyStyle></Style>
	<ExtendedData><SchemaData schemaUrl="#wb_sac_dd">
		<SimpleData name="id">38</SimpleData>
		<SimpleData name="objectid_1">38</SimpleData>
		<SimpleData name="wetcode">1202</SimpleData>
		<SimpleData name="wetname"></SimpleData>
		<SimpleData name="aqveg">No</SimpleData>
		<SimpleData name="turbidity">High</SimpleData>
		<SimpleData name="level_i">Inland</SimpleData>
		<SimpleData name="level_ii">Man-made</SimpleData>
		<SimpleData name="l4type"></SimpleData>
		<SimpleData name="area_ha">0.566127387626134</SimpleData>
		<SimpleData name="remarks"></SimpleData>
		<SimpleData name="lat">20.2135932587</SimpleData>
		<SimpleData name="long">73.0462961979</SimpleData>
		<SimpleData name="state">Dadra &amp; Nagar Haveli</SimpleData>
		<SimpleData name="shape_length">295.501904097879</SimpleData>
		<SimpleData name="shape_area">5661.27387626134</SimpleData>
		<SimpleData name="ds_name">Hydrological Layer</SimpleData>
		<SimpleData name="src_agency">SAC N</SimpleData>
	</SchemaData></ExtendedData>
      <MultiGeometry><Polygon><outerBoundaryIs><LinearRing><coordinates>73.0462513742095,20.214028805222 73.0463467461958,20.2139940188214 73.0464919982502,20.214019532728 73.0466248186161,20.2140269845482 73.0466888468392,20.2139679520006 73.0466775321908,20.213860283025 73.0465839505538,20.213751698699 73.046579412822,20.2136082582375 73.0465442027599,20.2133868060604 73.0464640219691,20.213218626196 73.0463509347298,20.2131516466509 73.0461801463139,20.2131437725193 73.0459705683694,20.2132011858249 73.0459511357077,20.2132368172146 73.0459367638728,20.2133740737149 73.0459345995741,20.2135473123144 73.0459832113741,20.2137091674321 73.0460317486183,20.213876995925 73.0460812569129,20.2139671670113 73.0461187042239,20.2140094054662 73.0462513742095,20.214028805222</coordinates></LinearRing></outerBoundaryIs></Polygon></MultiGeometry>
  </Placemark>
  <Placemark>
	<name>Tank/Pond</name>
	<Style><LineStyle><color>ff0000ff</color></LineStyle><PolyStyle><fill>0</fill></PolyStyle></Style>
	<ExtendedData><SchemaData schemaUrl="#wb_sac_dd">
		<SimpleData name="id">39</SimpleData>
		<SimpleData name="objectid_1">39</SimpleData>
		<SimpleData name="wetcode">1202</SimpleData>
		<SimpleData name="wetname"></SimpleData>
		<SimpleData name="aqveg">No</SimpleData>
		<SimpleData name="turbidity">High</SimpleData>
		<SimpleData name="level_i">Inland</SimpleData>
		<SimpleData name="level_ii">Man-made</SimpleData>
		<SimpleData name="l4type"></SimpleData>
		<SimpleData name="area_ha">0.160212727865027</SimpleData>
		<SimpleData name="remarks"></SimpleData>
		<SimpleData name="lat">20.10116352</SimpleData>
		<SimpleData name="long">73.0937366202</SimpleData>
		<SimpleData name="state">Dadra &amp; Nagar Haveli</SimpleData>
		<SimpleData name="shape_length">164.99727882889</SimpleData>
		<SimpleData name="shape_area">1602.12727865027</SimpleData>
		<SimpleData name="ds_name">Hydrological Layer</SimpleData>
		<SimpleData name="src_agency">SAC N</SimpleData>
	</SchemaData></ExtendedData>
      <MultiGeometry><Polygon><outerBoundaryIs><LinearRing><coordinates>73.0937681913014,20.1009284935143 73.0936622380317,20.1009034485046 73.0935353546564,20.1009355365824 73.0935294282296,20.1010071696191 73.0935921288044,20.1012611780909 73.0936251695782,20.1014575089006 73.0939774337504,20.1011984243014 73.0939325380567,20.1011453614903 73.0938630994824,20.1010298943879 73.0937681913014,20.1009284935143</coordinates></LinearRing></outerBoundaryIs></Polygon></MultiGeometry>
  </Placemark>
  <Placemark>
	<name>Tank/Pond</name>
	<Style><LineStyle><color>ff0000ff</color></LineStyle><PolyStyle><fill>0</fill></PolyStyle></Style>
	<ExtendedData><SchemaData schemaUrl="#wb_sac_dd">
		<SimpleData name="id">40</SimpleData>
		<SimpleData name="objectid_1">40</SimpleData>
		<SimpleData name="wetcode">1202</SimpleData>
		<SimpleData name="wetname"></SimpleData>
		<SimpleData name="aqveg">No</SimpleData>
		<SimpleData name="turbidity">High</SimpleData>
		<SimpleData name="level_i">Inland</SimpleData>
		<SimpleData name="level_ii">Man-made</SimpleData>
		<SimpleData name="l4type"></SimpleData>
		<SimpleData name="area_ha">0.665967332874324</SimpleData>
		<SimpleData name="remarks"></SimpleData>
		<SimpleData name="lat">20.0855251835</SimpleData>
		<SimpleData name="long">73.0329342059</SimpleData>
		<SimpleData name="state">Dadra &amp; Nagar Haveli</SimpleData>
		<SimpleData name="shape_length">382.499651759501</SimpleData>
		<SimpleData name="shape_area">6659.67332874324</SimpleData>
		<SimpleData name="ds_name">Hydrological Layer</SimpleData>
		<SimpleData name="src_agency">SAC N</SimpleData>
	</SchemaData></ExtendedData>
      <MultiGeometry><Polygon><outerBoundaryIs><LinearRing><coordinates>73.0332124286647,20.084802608865 73.0330810290658,20.0847915853067 73.0329837255452,20.0848860947887 73.0328101281695,20.0850132137109 73.0326772357571,20.0851216654673 73.0326735089256,20.086230517071 73.0327999715234,20.0862319263462 73.0331147897133,20.0861398400239 73.0331288442933,20.0858245359686 73.0331411806525,20.0852415487354 73.0332215320485,20.0848839654743 73.0332124286647,20.084802608865</coordinates></LinearRing></outerBoundaryIs></Polygon></MultiGeometry>
  </Placemark>
  <Placemark>
	<name>Tank/Pond</name>
	<Style><LineStyle><color>ff0000ff</color></LineStyle><PolyStyle><fill>0</fill></PolyStyle></Style>
	<ExtendedData><SchemaData schemaUrl="#wb_sac_dd">
		<SimpleData name="id">41</SimpleData>
		<SimpleData name="objectid_1">41</SimpleData>
		<SimpleData name="wetcode">1202</SimpleData>
		<SimpleData name="wetname"></SimpleData>
		<SimpleData name="aqveg">No</SimpleData>
		<SimpleData name="turbidity">High</SimpleData>
		<SimpleData name="level_i">Inland</SimpleData>
		<SimpleData name="level_ii">Man-made</SimpleData>
		<SimpleData name="l4type"></SimpleData>
		<SimpleData name="area_ha">0.674349268919627</SimpleData>
		<SimpleData name="remarks"></SimpleData>
		<SimpleData name="lat">20.0944744038</SimpleData>
		<SimpleData name="long">73.0402905502</SimpleData>
		<SimpleData name="state">Dadra &amp; Nagar Haveli</SimpleData>
		<SimpleData name="shape_length">319.551675094284</SimpleData>
		<SimpleData name="shape_area">6743.49268919627</SimpleData>
		<SimpleData name="ds_name">Hydrological Layer</SimpleData>
		<SimpleData name="src_agency">SAC N</SimpleData>
	</SchemaData></ExtendedData>
      <MultiGeometry><Polygon><outerBoundaryIs><LinearRing><coordinates>73.0405768109578,20.0940932438015 73.0404318929804,20.094049811151 73.0402671862302,20.0940718807114 73.0400584381805,20.0940755375055 73.0398873332242,20.0941035103236 73.0398417317831,20.0942105472289 73.0398409881413,20.0942702856556 73.0398520732861,20.0943958758499 73.039875433941,20.0945514764465 73.0399115899119,20.09469527059 73.039954144154,20.0948331601517 73.040016114839,20.0949354169943 73.0401235392079,20.0949425848492 73.0407985838474,20.0945677033175 73.0407867545766,20.0945018516167 73.0407491852112,20.0944715600941 73.0406799998709,20.0944409193849 73.0406683185661,20.0943631195923 73.0406695084401,20.094267537021 73.0406580499016,20.0941718165309 73.0405768109578,20.0940932438015</coordinates></LinearRing></outerBoundaryIs></Polygon></MultiGeometry>
  </Placemark>
  <Placemark>
	<name>Tank/Pond</name>
	<Style><LineStyle><color>ff0000ff</color></LineStyle><PolyStyle><fill>0</fill></PolyStyle></Style>
	<ExtendedData><SchemaData schemaUrl="#wb_sac_dd">
		<SimpleData name="id">42</SimpleData>
		<SimpleData name="objectid_1">42</SimpleData>
		<SimpleData name="wetcode">1202</SimpleData>
		<SimpleData name="wetname"></SimpleData>
		<SimpleData name="aqveg">No</SimpleData>
		<SimpleData name="turbidity">High</SimpleData>
		<SimpleData name="level_i">Inland</SimpleData>
		<SimpleData name="level_ii">Man-made</SimpleData>
		<SimpleData name="l4type"></SimpleData>
		<SimpleData name="area_ha">1.44290477555762</SimpleData>
		<SimpleData name="remarks"></SimpleData>
		<SimpleData name="lat">20.1527370511</SimpleData>
		<SimpleData name="long">73.0570749976</SimpleData>
		<SimpleData name="state">Dadra &amp; Nagar Haveli</SimpleData>
		<SimpleData name="shape_length">493.254101927321</SimpleData>
		<SimpleData name="shape_area">14429.0477555762</SimpleData>
		<SimpleData name="ds_name">Hydrological Layer</SimpleData>
		<SimpleData name="src_agency">SAC N</SimpleData>
	</SchemaData></ExtendedData>
      <MultiGeometry><Polygon><outerBoundaryIs><LinearRing><coordinates>73.0568549661633,20.1520920198596 73.0566475973367,20.1520801712623 73.0564547593865,20.152121059789 73.0563929661477,20.1522064128797 73.0563608272534,20.1523494504102 73.056373583634,20.1525455601988 73.0563859846079,20.1527703439273 73.0564541125931,20.1529909636873 73.0565893910594,20.1531023907775 73.0567955781826,20.1532098204664 73.0570418964788,20.1533463718556 73.0571784164185,20.1533574382128 73.0574821772435,20.1533512312489 73.0578019487625,20.1532782843238 73.0578788634546,20.1531978764199 73.0578893401281,20.1531693139984 73.057901531072,20.1530021582854 73.0578769365772,20.1529445303021 73.0577811977786,20.1529100157738 73.0576901050316,20.1529090113479 73.0575787702951,20.1529077820438 73.0574632013972,20.1528395902404 73.0573893015072,20.1526762644342 73.0573169400492,20.1523886819565 73.0572535163983,20.1521967928425 73.057208502755,20.1521532782473 73.0570319715956,20.1521035335564 73.0568549661633,20.1520920198596</coordinates></LinearRing></outerBoundaryIs></Polygon></MultiGeometry>
  </Placemark>
  <Placemark>
	<name>Tank/Pond</name>
	<Style><LineStyle><color>ff0000ff</color></LineStyle><PolyStyle><fill>0</fill></PolyStyle></Style>
	<ExtendedData><SchemaData schemaUrl="#wb_sac_dd">
		<SimpleData name="id">43</SimpleData>
		<SimpleData name="objectid_1">43</SimpleData>
		<SimpleData name="wetcode">1202</SimpleData>
		<SimpleData name="wetname"></SimpleData>
		<SimpleData name="aqveg">No</SimpleData>
		<SimpleData name="turbidity">High</SimpleData>
		<SimpleData name="level_i">Inland</SimpleData>
		<SimpleData name="level_ii">Man-made</SimpleData>
		<SimpleData name="l4type"></SimpleData>
		<SimpleData name="area_ha">0.744784059404951</SimpleData>
		<SimpleData name="remarks"></SimpleData>
		<SimpleData name="lat">20.1371059585</SimpleData>
		<SimpleData name="long">72.9889816447</SimpleData>
		<SimpleData name="state">Dadra &amp; Nagar Haveli</SimpleData>
		<SimpleData name="shape_length">329.681629805239</SimpleData>
		<SimpleData name="shape_area">7447.84059404951</SimpleData>
		<SimpleData name="ds_name">Hydrological Layer</SimpleData>
		<SimpleData name="src_agency">SAC N</SimpleData>
	</SchemaData></ExtendedData>
      <MultiGeometry><Polygon><outerBoundaryIs><LinearRing><coordinates>72.9891288238997,20.1367892033718 72.9888864960375,20.136743420815 72.9887041538779,20.1367556780312 72.988505346913,20.136868117645 72.9883813384558,20.1370674436674 72.988409128487,20.1372685033573 72.9885292829649,20.1373702476521 72.988695528306,20.137429500844 72.9889535878864,20.1374324469301 72.989226826923,20.1374355672113 72.9894698890039,20.1374240023617 72.9895613358581,20.1373963694036 72.9895948147941,20.1371529923556 72.9895353785661,20.1370519419293 72.9894002280416,20.1369356894717 72.9891288238997,20.1367892033718</coordinates></LinearRing></outerBoundaryIs></Polygon></MultiGeometry>
  </Placemark>
  <Placemark>
	<name>Tank/Pond</name>
	<Style><LineStyle><color>ff0000ff</color></LineStyle><PolyStyle><fill>0</fill></PolyStyle></Style>
	<ExtendedData><SchemaData schemaUrl="#wb_sac_dd">
		<SimpleData name="id">44</SimpleData>
		<SimpleData name="objectid_1">44</SimpleData>
		<SimpleData name="wetcode">1202</SimpleData>
		<SimpleData name="wetname"></SimpleData>
		<SimpleData name="aqveg">No</SimpleData>
		<SimpleData name="turbidity">High</SimpleData>
		<SimpleData name="level_i">Inland</SimpleData>
		<SimpleData name="level_ii">Man-made</SimpleData>
		<SimpleData name="l4type"></SimpleData>
		<SimpleData name="area_ha">2.6936368725785</SimpleData>
		<SimpleData name="remarks"></SimpleData>
		<SimpleData name="lat">20.1353637782</SimpleData>
		<SimpleData name="long">72.9817704477</SimpleData>
		<SimpleData name="state">Dadra &amp; Nagar Haveli</SimpleData>
		<SimpleData name="shape_length">821.79878649611</SimpleData>
		<SimpleData name="shape_area">26936.368725785</SimpleData>
		<SimpleData name="ds_name">Hydrological Layer</SimpleData>
		<SimpleData name="src_agency">SAC N</SimpleData>
	</SchemaData></ExtendedData>
      <MultiGeometry><Polygon><outerBoundaryIs><LinearRing><coordinates>72.9825354817915,20.1338735498213 72.9824140450851,20.1338721580372 72.9821932047036,20.1339269847877 72.9820097611976,20.1340252546467 72.9818639911034,20.1341454630287 72.9817712553512,20.1342734491432 72.9816775085186,20.13448028672 72.9816831638565,20.1346309077552 72.9817273229748,20.1347389542697 72.9817788865572,20.1348614237217 72.98177741335,20.1349761161534 72.9817079077289,20.1350685217627 72.9816311804784,20.1351321672048 72.9814557855752,20.135194681408 72.9812952939862,20.1352788747455 72.9812029265514,20.1353781873645 72.9811557301052,20.1355066951713 72.9811454682257,20.1357144885378 72.9811661204261,20.1358796206617 72.9811644618717,20.1360086494053 72.9811328132472,20.1361086575528 72.9810619659056,20.1362070223609 72.9809692902193,20.136330229242 72.9808762466262,20.1364821085791 72.9808440450386,20.1366251263394 72.9809332808186,20.1367695361969 72.9811950470236,20.136877687172 72.9813569647174,20.1368795428907 72.9816989240018,20.1363589034216 72.9820006378169,20.1359178604494 72.9821397412841,20.1357258811105 72.9823104001449,20.135441061008 72.982443108635,20.1351558069945 72.9825471154217,20.1347411746222 72.982620301023,20.1343620371948 72.9826238889554,20.1340824734246 72.9826025922793,20.1339675199348 72.9825354817915,20.1338735498213</coordinates></LinearRing></outerBoundaryIs></Polygon></MultiGeometry>
  </Placemark>
  <Placemark>
	<name>NA</name>
	<Style><LineStyle><color>ff0000ff</color></LineStyle><PolyStyle><fill>0</fill></PolyStyle></Style>
	<ExtendedData><SchemaData schemaUrl="#wb_sac_dd">
		<SimpleData name="id">49</SimpleData>
		<SimpleData name="objectid_1">49</SimpleData>
		<SimpleData name="wetcode">9999</SimpleData>
		<SimpleData name="wetname"></SimpleData>
		<SimpleData name="aqveg">NA</SimpleData>
		<SimpleData name="turbidity">NA</SimpleData>
		<SimpleData name="level_i">NA</SimpleData>
		<SimpleData name="level_ii">NA</SimpleData>
		<SimpleData name="l4type"></SimpleData>
		<SimpleData name="area_ha">3.43349731202257</SimpleData>
		<SimpleData name="remarks"></SimpleData>
		<SimpleData name="lat">20.7604696354</SimpleData>
		<SimpleData name="long">71.1520523399</SimpleData>
		<SimpleData name="state">Daman &amp; Diu</SimpleData>
		<SimpleData name="shape_length">830.071709383011</SimpleData>
		<SimpleData name="shape_area">34334.9731202257</SimpleData>
		<SimpleData name="ds_name">Hydrological Layer</SimpleData>
		<SimpleData name="src_agency">SAC N</SimpleData>
	</SchemaData></ExtendedData>
      <MultiGeometry><Polygon><outerBoundaryIs><LinearRing><coordinates>71.1531051209811,20.7603137466648 71.1528479916979,20.760095942237 71.1526616446842,20.7599429610248 71.1523740360706,20.7598151430111 71.1522087683835,20.7598052671693 71.1520705933915,20.7599145244534 71.1519496898231,20.7598981186774 71.1518090613908,20.759834169262 71.15162305365,20.7597050780605 71.1515261969484,20.7595927908934 71.1513652516293,20.759439489532 71.1511604475985,20.7593285541988 71.15099518067,20.7593186761043 71.1508117099143,20.7593687631122 71.1507476269781,20.7594566111051 71.150813907708,20.7595240528708 71.1508917124843,20.7596365783436 71.1510077017441,20.7597545998024 71.1510408885127,20.7598557378761 71.1510429182699,20.7599990820863 71.1510324161803,20.7601545293192 71.1509180320035,20.7601499878431 71.1508746814624,20.7602281892022 71.1509579912403,20.7602809095587 71.151085835821,20.7603390453366 71.1511830294085,20.7604752231699 71.1512484742588,20.7606118001122 71.1513270420845,20.760778079163 71.1514618282392,20.7608779438484 71.1517051574393,20.7610182651375 71.1518345246308,20.7611839075695 71.1519203733742,20.7614158069499 71.1520367039294,20.7615577182368 71.1522205150704,20.76153152094 71.1524223621002,20.7614334122659 71.15264452641,20.761424654809 71.1528604272277,20.7614219487524 71.1530441533435,20.7613897766904 71.1532266098596,20.7612680165233 71.1532751248719,20.7611061178392 71.1532091719765,20.7609337076285 71.1532061247205,20.760718692168 71.1532036707306,20.7605454856743 71.1531051209811,20.7603137466648</coordinates></LinearRing></outerBoundaryIs></Polygon></MultiGeometry>
  </Placemark>
  <Placemark>
	<name>Waterlogged</name>
	<Style><LineStyle><color>ff0000ff</color></LineStyle><PolyStyle><fill>0</fill></PolyStyle></Style>
	<ExtendedData><SchemaData schemaUrl="#wb_sac_dd">
		<SimpleData name="id">68</SimpleData>
		<SimpleData name="objectid_1">68</SimpleData>
		<SimpleData name="wetcode">1203</SimpleData>
		<SimpleData name="wetname"></SimpleData>
		<SimpleData name="aqveg">No</SimpleData>
		<SimpleData name="turbidity">High</SimpleData>
		<SimpleData name="level_i">Inland</SimpleData>
		<SimpleData name="level_ii">Man-made</SimpleData>
		<SimpleData name="l4type"></SimpleData>
		<SimpleData name="area_ha">6.0810815905193</SimpleData>
		<SimpleData name="remarks"></SimpleData>
		<SimpleData name="lat">20.7169181592</SimpleData>
		<SimpleData name="long">70.9763572734</SimpleData>
		<SimpleData name="state">Daman &amp; Diu</SimpleData>
		<SimpleData name="shape_length">1105.68300196502</SimpleData>
		<SimpleData name="shape_area">60810.815905193</SimpleData>
		<SimpleData name="ds_name">Hydrological Layer</SimpleData>
		<SimpleData name="src_agency">SAC N</SimpleData>
	</SchemaData></ExtendedData>
      <MultiGeometry><Polygon><outerBoundaryIs><LinearRing><coordinates>70.9777660568432,20.7165750364092 70.9775254027105,20.7156458224642 70.9773943985126,20.715532622224 70.9772953570671,20.7155337611764 70.9771590612455,20.7155998483694 70.9769392387094,20.7156884027018 70.9768019197827,20.715675642177 70.9766026276847,20.7155847339096 70.9764577826202,20.715579227853 70.9762913829344,20.7156743362317 70.9761169934924,20.7157408609761 70.9758273951606,20.7157370176047 70.9756597863794,20.7157389417881 70.9754703457343,20.715819976292 70.9754637491074,20.7158989113709 70.9754889291918,20.7160778502131 70.9754762948721,20.7162787296268 70.9754550190525,20.7164008473759 70.975341855716,20.7164881759211 70.9751363391459,20.7165048729546 70.9749691950876,20.7165426366225 70.9748634627112,20.7166155410219 70.9747742703688,20.7167886227877 70.9747763144253,20.7169463187544 70.9747512265018,20.7172913865353 70.9776606444734,20.7184330377177 70.977815517208,20.7180369582418 70.977483447769,20.7176966598484 70.9772896324917,20.7174408006186 70.9772939945136,20.7171898332568 70.9773064396934,20.7169746165081 70.977449053504,20.7168080897713 70.9776299457796,20.7166554601322 70.9777660568432,20.7165750364092</coordinates></LinearRing></outerBoundaryIs></Polygon></MultiGeometry>
  </Placemark>
  <Placemark>
	<name>NA</name>
	<Style><LineStyle><color>ff0000ff</color></LineStyle><PolyStyle><fill>0</fill></PolyStyle></Style>
	<ExtendedData><SchemaData schemaUrl="#wb_sac_dd">
		<SimpleData name="id">50</SimpleData>
		<SimpleData name="objectid_1">50</SimpleData>
		<SimpleData name="wetcode">9999</SimpleData>
		<SimpleData name="wetname"></SimpleData>
		<SimpleData name="aqveg">NA</SimpleData>
		<SimpleData name="turbidity">NA</SimpleData>
		<SimpleData name="level_i">NA</SimpleData>
		<SimpleData name="level_ii">NA</SimpleData>
		<SimpleData name="l4type"></SimpleData>
		<SimpleData name="area_ha">1.61746591369104</SimpleData>
		<SimpleData name="remarks"></SimpleData>
		<SimpleData name="lat">20.7593824945</SimpleData>
		<SimpleData name="long">71.1471368653</SimpleData>
		<SimpleData name="state">Daman &amp; Diu</SimpleData>
		<SimpleData name="shape_length">802.471352541597</SimpleData>
		<SimpleData name="shape_area">16174.6591369104</SimpleData>
		<SimpleData name="ds_name">Hydrological Layer</SimpleData>
		<SimpleData name="src_agency">SAC N</SimpleData>
	</SchemaData></ExtendedData>
      <MultiGeometry><Polygon><outerBoundaryIs><LinearRing><coordinates>71.1460609166006,20.7591006129525 71.146044940964,20.7592528941025 71.1460680383744,20.759261138517 71.1461894884214,20.7593163723864 71.1462565425757,20.759342415288 71.1463520444372,20.7593591442362 71.1463772337251,20.7593438954047 71.1463698713314,20.7592723018051 71.1464032778079,20.7591643577569 71.1464569570822,20.7591427786394 71.1464956046325,20.7591811244844 71.1465316250425,20.7592583333846 71.1464411739295,20.7594418112163 71.1464158709116,20.7595389018941 71.146409466384,20.7596250039649 71.1464747411996,20.7596600296 71.1465664338536,20.7596768057365 71.146647051128,20.7597188084914 71.1466633035109,20.7597902905134 71.1466149879494,20.7598769155319 71.1466045699441,20.7599487313579 71.1466511504147,20.7600090810028 71.1467346161352,20.759982947443 71.1468173727865,20.7599066451734 71.1469051536507,20.7599163011467 71.1470201611007,20.759965042374 71.1470924496925,20.7599569699272 71.1471069814845,20.7599066102571 71.1470520719273,20.759796184878 71.1470854501105,20.7597312505256 71.1471794241582,20.7597072277975 71.1472470268658,20.7597720927131 71.1473582777657,20.7597796631376 71.1474128433273,20.759820796536 71.1474526722781,20.7599427598968 71.1475234511621,20.7600075868627 71.1476378764305,20.7600151163725 71.1477041293221,20.7599844195151 71.1477633982613,20.7599090067601 71.1478096307684,20.7598098626386 71.1478210643322,20.7597201139802 71.1477562985082,20.7596313173363 71.1476764179729,20.7595964739346 71.1475802829657,20.7595349514712 71.1476107237145,20.7594419788876 71.1476676201445,20.7594233469305 71.1478074876096,20.7594335448331 71.1478749636717,20.7594894511188 71.1479678392189,20.7595450403001 71.1480622024507,20.7594811359503 71.1480828228747,20.7593673776531 71.1481577974934,20.7592798213116 71.1481659299306,20.7591811532249 71.1480569257871,20.7591078444135 71.1479423735461,20.7590913559258 71.1478403957482,20.7590657492044 71.1477762217067,20.7590187624307 71.1477272036944,20.7589208087502 71.1476501184289,20.7588590478846 71.1475540684552,20.7588034982725 71.147369330671,20.758763992329 71.1472488512201,20.758777445086 71.1471956358947,20.7588318740684 71.1471965642149,20.7588975733046 71.147324154273,20.7589377947666 71.1473125927508,20.7590185840233 71.1472046441828,20.7590199340076 71.1470427219068,20.7590219574903 71.1469692755008,20.7589930070569 71.1468863894255,20.7589701486353 71.1467623123775,20.7589537774872 71.1465528077048,20.7589593826577 71.14643872024,20.7589757426738 71.1463536706437,20.759024594771 71.146246987684,20.7591155337262 71.1461231215727,20.759114095044 71.1460609166006,20.7591006129525</coordinates></LinearRing></outerBoundaryIs></Polygon></MultiGeometry>
  </Placemark>
  <Placemark>
	<name>Tank/Pond</name>
	<Style><LineStyle><color>ff0000ff</color></LineStyle><PolyStyle><fill>0</fill></PolyStyle></Style>
	<ExtendedData><SchemaData schemaUrl="#wb_sac_dd">
		<SimpleData name="id">88</SimpleData>
		<SimpleData name="objectid_1">88</SimpleData>
		<SimpleData name="wetcode">1202</SimpleData>
		<SimpleData name="wetname"></SimpleData>
		<SimpleData name="aqveg">No</SimpleData>
		<SimpleData name="turbidity">High</SimpleData>
		<SimpleData name="level_i">Inland</SimpleData>
		<SimpleData name="level_ii">Man-made</SimpleData>
		<SimpleData name="l4type"></SimpleData>
		<SimpleData name="area_ha">3.68738227699458</SimpleData>
		<SimpleData name="remarks"></SimpleData>
		<SimpleData name="lat">20.4603959194</SimpleData>
		<SimpleData name="long">72.8540693031</SimpleData>
		<SimpleData name="state">Daman &amp; Diu</SimpleData>
		<SimpleData name="shape_length">797.678371497662</SimpleData>
		<SimpleData name="shape_area">36873.8227699458</SimpleData>
		<SimpleData name="ds_name">Hydrological Layer</SimpleData>
		<SimpleData name="src_agency">SAC N</SimpleData>
	</SchemaData></ExtendedData>
      <MultiGeometry><Polygon><outerBoundaryIs><LinearRing><coordinates>72.8547609088169,20.459834958124 72.8547112044817,20.4597626571728 72.8546037153206,20.4597434090312 72.8545021490027,20.4597541037688 72.8543242832159,20.459781777326 72.8540517679884,20.45977841433 72.8538112749565,20.4597515495014 72.8536670063784,20.4596422379221 72.8535231519413,20.459503062676 72.8533091711845,20.4593928891579 72.8531067021631,20.4593664927932 72.8529480992678,20.4593764828194 72.8528514576307,20.4594887930147 72.8527985985625,20.4596434618222 72.8527890218142,20.4598763246601 72.8528050434562,20.4600915832923 72.8528465821987,20.4602952097422 72.8529584997418,20.4604519123069 72.8530388944412,20.4605962787442 72.8531198710758,20.460698835893 72.8533017499699,20.4608384812838 72.8535853642541,20.4609554876355 72.8539772144987,20.4610379860712 72.8542992701398,20.4611255970629 72.8544883178341,20.4612055916076 72.8546203292061,20.4612848819938 72.8547396645649,20.4613640151702 72.8549858347926,20.4614387392836 72.8550618871399,20.4614396787493 72.8551448564161,20.4613988845374 72.8552225669951,20.4612803651377 72.8552685070682,20.4611674279505 72.8553094363663,20.4609588460139 72.8553193410285,20.4607020903273 72.8553244015571,20.4603377442719 72.8552700192271,20.4601459082423 72.8550868112503,20.4601018305296 72.8549036023713,20.4600577534659 72.8547971921828,20.4599608580013 72.8547609088169,20.459834958124</coordinates></LinearRing></outerBoundaryIs></Polygon></MultiGeometry>
  </Placemark>
  <Placemark>
	<name>Aquaculture Pond</name>
	<Style><LineStyle><color>ff0000ff</color></LineStyle><PolyStyle><fill>0</fill></PolyStyle></Style>
	<ExtendedData><SchemaData schemaUrl="#wb_sac_dd">
		<SimpleData name="id">106</SimpleData>
		<SimpleData name="objectid_1">106</SimpleData>
		<SimpleData name="wetcode">1205</SimpleData>
		<SimpleData name="wetname"></SimpleData>
		<SimpleData name="aqveg">No</SimpleData>
		<SimpleData name="turbidity">High</SimpleData>
		<SimpleData name="level_i">Inland</SimpleData>
		<SimpleData name="level_ii">Man-made</SimpleData>
		<SimpleData name="l4type"></SimpleData>
		<SimpleData name="area_ha">1.47591307236284</SimpleData>
		<SimpleData name="remarks"></SimpleData>
		<SimpleData name="lat">20.4580918547</SimpleData>
		<SimpleData name="long">72.8486714411</SimpleData>
		<SimpleData name="state">Daman &amp; Diu</SimpleData>
		<SimpleData name="shape_length">509.35435011421</SimpleData>
		<SimpleData name="shape_area">14759.1307236284</SimpleData>
		<SimpleData name="ds_name">Hydrological Layer</SimpleData>
		<SimpleData name="src_agency">SAC N</SimpleData>
	</SchemaData></ExtendedData>
      <MultiGeometry><Polygon><outerBoundaryIs><LinearRing><coordinates>72.8493338250736,20.4584680518905 72.8493784853889,20.4574458750254 72.8488913721166,20.4574685234828 72.8488580248063,20.4576783907381 72.8479330313306,20.4578294327965 72.8479235749308,20.4585079498468 72.848742246778,20.4587092465075 72.8490392344416,20.4585026399302 72.8493338250736,20.4584680518905</coordinates></LinearRing></outerBoundaryIs></Polygon></MultiGeometry>
  </Placemark>
  <Placemark>
	<name>Lagoon</name>
	<Style><LineStyle><color>ff0000ff</color></LineStyle><PolyStyle><fill>0</fill></PolyStyle></Style>
	<ExtendedData><SchemaData schemaUrl="#wb_sac_dd">
		<SimpleData name="id">51</SimpleData>
		<SimpleData name="objectid_1">51</SimpleData>
		<SimpleData name="wetcode">2101</SimpleData>
		<SimpleData name="wetname"></SimpleData>
		<SimpleData name="aqveg">No</SimpleData>
		<SimpleData name="turbidity">Moderate</SimpleData>
		<SimpleData name="level_i">Costal</SimpleData>
		<SimpleData name="level_ii">Natural</SimpleData>
		<SimpleData name="l4type"></SimpleData>
		<SimpleData name="area_ha">113.525609529128</SimpleData>
		<SimpleData name="remarks"></SimpleData>
		<SimpleData name="lat">20.7291601533</SimpleData>
		<SimpleData name="long">70.9760996904</SimpleData>
		<SimpleData name="state">Daman &amp; Diu</SimpleData>
		<SimpleData name="shape_length">15695.1961843494</SimpleData>
		<SimpleData name="shape_area">1135256.09529128</SimpleData>
		<SimpleData name="ds_name">Hydrological Layer</SimpleData>
		<SimpleData name="src_agency">SAC N</SimpleData>
	</SchemaData></ExtendedData>
      <MultiGeometry><Polygon><outerBoundaryIs><LinearRing><coordinates>70.9821876300093,20.7252603299589 70.9821388996226,20.7250874979259 70.9822415120332,20.7257392790004 70.9822100629219,20.7254225688835 70.9821876300093,20.7252603299589</coordinates></LinearRing></outerBoundaryIs></Polygon><Polygon><outerBoundaryIs><LinearRing><coordinates>70.9609500987948,20.7364675974764 70.9614059157466,20.7360699613109 70.9622166559768,20.735134666526 70.9628786863868,20.7343123416474 70.9633006859797,20.7335715121534 70.9633580686154,20.733092796762 70.9634488572224,20.7324649451035 70.9634486268672,20.7320675424434 70.9635105262999,20.7311055679297 70.9638124537066,20.7303828175024 70.9641146485468,20.7299265048008 70.9643544784227,20.729614784181 70.9647144509622,20.7294474660001 70.9651368299089,20.7293027357419 70.9658279976133,20.7292752380637 70.9668217997406,20.7293018105184 70.967786643598,20.7293013411434 70.9688714692176,20.7291877706315 70.9698074335562,20.72898855745 70.9711898791275,20.7287349085042 70.9727257062098,20.7282643516714 70.9735079593653,20.7279838795583 70.9740215892137,20.7278661708594 70.9748326430738,20.7275269260669 70.975254731911,20.7271021870362 70.9760367809596,20.7263926921442 70.9768810423452,20.7254844102809 70.9775718705711,20.7249149564364 70.9782051169161,20.7243771430131 70.979227064387,20.7235952410875 70.9798604834264,20.7232561224225 70.9801339310604,20.7230301594778 70.980551412615,20.7227182696926 70.981007381997,20.7226863766581 70.9812761783948,20.7226861705961 70.9815138632875,20.7228706525628 70.9810425728053,20.7211991058584 70.9809510536337,20.7211929903571 70.9808338996892,20.7207739650359 70.9807447190932,20.7207566191824 70.9805475115525,20.7207290193809 70.9804205317876,20.7207304810051 70.980185464693,20.7207212377619 70.9800273608422,20.7207708511305 70.9797489377288,20.7208457460631 70.9795352447167,20.7210154826102 70.9795223698386,20.7210964400982 70.9794648033748,20.7214583852632 70.9790312999564,20.7218158518653 70.9786419272905,20.7221489120677 70.977639098737,20.7226742258348 70.9771016865784,20.7233435414002 70.9765369341691,20.7238638151837 70.9760898663286,20.724155713198 70.9760809569859,20.72419573594 70.9760538653033,20.7243174309268 70.9760413866744,20.7243612148996 70.9759445402549,20.7247010381718 70.9756265460503,20.7251527565804 70.9750873338799,20.7256846810231 70.974513893539,20.7260258207813 70.9740207448095,20.726192784424 70.9731167506456,20.7265078418844 70.9717770505965,20.7270130917814 70.970658562857,20.7274381320172 70.9690083450754,20.7279947131138 70.9684835123927,20.7281679991951 70.9678707916637,20.7284199539655 70.9675616043225,20.7285728473262 70.9671400561267,20.7288763812363 70.9667230025169,20.7290364815064 70.9662729670759,20.7291013686352 70.9658522882396,20.7289807188996 70.9653084257831,20.7286643233665 70.9647691406939,20.7282104672619 70.9642979300129,20.7276184242204 70.9641284548958,20.7272798264009 70.9641032425734,20.7268021736133 70.9641489507809,20.7264073513092 70.9641639905005,20.7260965177676 70.9641616792883,20.7259173159431 70.9640470068333,20.7258887544408 70.9638887382747,20.7259264073086 70.963844215582,20.7259209414493 70.9637668688799,20.7258322107638 70.9637587474617,20.7256948948397 70.9637825274368,20.7255691636776 70.9638505194189,20.7254250051764 70.9638811096631,20.7253350419371 70.9639755776573,20.7252742217245 70.9641279606135,20.7252724810951 70.9643886638413,20.7252993758958 70.9643430632587,20.7252102826387 70.9645010231645,20.7251487362804 70.964646207546,20.7250813612267 70.9647858138506,20.7250737922539 70.9650892660822,20.7249687639657 70.9652408005424,20.724901315816 70.9655187774429,20.724790603381 70.9657468866399,20.7247521517193 70.9659809591883,20.724683760276 70.9661140619812,20.7246643152955 70.966197063998,20.7246992130724 70.9663186241314,20.7247695144077 70.9663955084441,20.7248224040708 70.9665795595223,20.7248143257118 70.9666737941624,20.7247355835559 70.9668599568619,20.7245960476019 70.966942700818,20.7245126558546 70.9670031909326,20.7244761194134 70.9671171518522,20.7244497243657 70.9672201477755,20.7244592996982 70.9672850018353,20.7244657271211 70.9673111586038,20.7244259981118 70.9673414041451,20.7244077289327 70.9674251667638,20.7244031869423 70.9675435862983,20.7244269246809 70.9677424682021,20.7244855873899 70.9678534069921,20.7245201633315 70.9678991215602,20.724519640618 70.9679061386093,20.7244729616383 70.9677683939207,20.724427938097 70.9676001729358,20.7243832634651 70.9675121380472,20.7243520087162 70.9673559013165,20.7243502114994 70.9672037523797,20.7243698738971 70.9670591751609,20.724385864799 70.9669413120227,20.7244051353082 70.9667902734585,20.7245108144352 70.9667000494716,20.7246050436346 70.9666247844023,20.7246775958269 70.9665494266221,20.7247429789606 70.9664502864916,20.7247369427009 70.9663465962193,20.7246736070083 70.9662467157271,20.7246102258175 70.9661014450173,20.724572456033 70.9659568209899,20.7245848636557 70.9656683162033,20.7246670197881 70.9653834342619,20.7247347973584 70.965167308395,20.7248161263583 70.9650265409193,20.7248320727138 70.9648286763266,20.7248522554612 70.9646729945817,20.7248934641006 70.9644828416158,20.724920726475 70.9643871405886,20.7248859746955 70.9643552301738,20.7247752174337 70.9643577918915,20.7246784054551 70.9643945460546,20.7245740333954 70.964371087972,20.7245277020373 70.9643019616217,20.7244854763603 70.9642818512722,20.7244032609713 70.9643341202834,20.7243202199497 70.9644550999157,20.72424714721 70.9645763581425,20.7241955787518 70.9647350625158,20.7240933987678 70.964871603914,20.7240452407635 70.9650537660893,20.7239893917115 70.9651527677125,20.7239846758775 70.9650492176255,20.723932090565 70.9648386766057,20.7238556355849 70.9647426059454,20.7237922107357 70.964600591557,20.7237113874107 70.9645351362162,20.7236583661655 70.9645760697548,20.7235826239257 70.9647243171608,20.7235558378889 70.9649226418081,20.7235714966663 70.9650982483854,20.7235981668909 70.9655057727975,20.7235863421434 70.9656735297626,20.7235951795687 70.965627121676,20.7235419409055 70.9656111433709,20.7234847713926 70.9656369309218,20.7234163694509 70.9658042244305,20.7233893662296 70.9659608306414,20.723419837462 70.9661671450164,20.7234640788965 70.9665180812421,20.7234959138116 70.9667122267292,20.7234829405616 70.966856570262,20.7234490296999 70.9669897179812,20.7234331689292 70.967157566599,20.7234491727311 70.9674365859059,20.7235176728724 70.9675852953549,20.7235267253602 70.967775352989,20.7234922900626 70.9680141920288,20.7233999442686 70.9681089669508,20.7233630155751 70.9681961682603,20.7233297571831 70.9682722657788,20.7233217171032 70.9683830645487,20.723345540471 70.9684864771577,20.7233873731993 70.9685163500754,20.7233404322675 70.9684128910355,20.7232950164306 70.9683170984667,20.7232530973374 70.9681877151899,20.7232653316523 70.9680168902019,20.723313884489 70.967880350637,20.7233620462483 70.9677019527465,20.7234142700509 70.9676256706189,20.7234079737033 70.9674878817372,20.7233593659552 70.9673769894686,20.7233283728499 70.9672166208613,20.723301530828 70.9670905834191,20.7232778791681 70.9670369256711,20.7232534014382 70.9670171383161,20.7231962748452 70.9671036907494,20.7231128404134 70.9672138883039,20.7230900730467 70.9673088477767,20.723067480086 70.9674033445115,20.7230090466428 70.9674961727349,20.7228215884025 70.9675810590405,20.7226091291819 70.967619397423,20.7223326807413 70.9676259044052,20.7222465764419 70.967662563484,20.7221350366854 70.9676880250855,20.7220415461546 70.967713256659,20.7219301364392 70.9677770910817,20.7218577156901 70.9678874256439,20.7218456999267 70.9681196168829,20.7218287053781 70.9682484903564,20.7217770476879 70.9684112303858,20.7216927415128 70.9684602430894,20.7216527504996 70.9685723037388,20.7214794098472 70.9686437563382,20.7214069023674 70.9686926296588,20.7213561591601 70.9687183697153,20.7212841737478 70.9686837598294,20.7212594774449 70.9686195095622,20.7212996422196 70.9684654078386,20.7214627101163 70.968367566169,20.7215570281736 70.9682962060585,20.721636704536 70.9681481945601,20.7216814125063 70.9680189509792,20.7217043987313 70.9679467102905,20.7217159781598 70.9677599081933,20.7217073614608 70.9676686201198,20.7217191589184 70.9676052948335,20.7218310040413 70.9675891650976,20.7220570158509 70.967538889151,20.722294170654 70.9674665433595,20.7225925159782 70.9673188408574,20.7229562447645 70.9671938690849,20.7230150262441 70.9670649485508,20.7230631000104 70.9669169794484,20.7231113907496 70.9666811163168,20.723139179263 70.9664300140543,20.7231671417439 70.9662659280822,20.7231475094276 70.965909055115,20.7229508523741 70.9656410956835,20.7228535472158 70.9654111390439,20.7227486377636 70.9651659447701,20.7226439022362 70.9649982363213,20.7226386483562 70.9646553826502,20.7226425640731 70.9642440505881,20.7226544299813 70.9640678910751,20.7225847502612 70.9638912681048,20.7224792288852 70.9636385490779,20.7223817460447 70.96332469258,20.7222706228723 70.9630079730126,20.7219372893238 70.9628608120658,20.721752570723 70.9627744170315,20.7215528206011 70.9627214974869,20.7209942340816 70.9627197864906,20.7202701711974 70.9621562682992,20.7202981066419 70.9620887609914,20.7209727740337 70.9619166196661,20.721806354529 70.9618071371812,20.7221803968207 70.9616948989331,20.7223621778375 70.9614901034816,20.7226938648135 70.961486170624,20.7227002339231 70.9607008449024,20.7250319815292 70.9605890004525,20.7258146906453 70.960496505294,20.7263247529005 70.960431019783,20.7271571163718 70.9603922275575,20.7276952434078 70.9606960244444,20.7282079566097 70.9606979635156,20.7283584855076 70.960676582567,20.7284734363087 70.9608008910523,20.7286584161711 70.9608496530657,20.7288944411639 70.9609046506804,20.7290228582409 70.9607133370703,20.7289605170221 70.9605987714898,20.7289403153841 70.9613697973836,20.7302291351716 70.9620293604994,20.7311464273546 70.9623846587207,20.7315151686065 70.9625381152126,20.7321873134009 70.9625838836108,20.7327818277887 70.9624989367215,20.7331344216019 70.9624692255369,20.733257741838 70.9624609160555,20.7332922379168 70.9624432324232,20.7336939085151 70.9621029928243,20.7344935628078 70.9622271240801,20.7346642051843 70.9621111659864,20.7347997466167 70.9620653771494,20.7348532684563 70.9619793746704,20.734953796078 70.9611016919594,20.7354441388282 70.9603146999536,20.7358760903474 70.9599376877959,20.7361886599293 70.9595893987314,20.7363646885028 70.9593574039158,20.7363423186864 70.9591239532179,20.736319807971 70.9587570095046,20.73623079013 70.9582330730271,20.7359834483272 70.9580714984266,20.7362482362964 70.9586025134165,20.7363965383185 70.9592651175037,20.7366084658775 70.9598700727724,20.7367797714119 70.9604125379044,20.7367207494243 70.9609500987948,20.7364675974764</coordinates></LinearRing></outerBoundaryIs></Polygon><Polygon><outerBoundaryIs><LinearRing><coordinates>70.994130083402,20.7358612399458 70.9937406577237,20.7352205453104 70.993293010568,20.7345951005711 70.9921808267308,20.7326866943302 70.9915541174465,20.7321586668046 70.9891266794887,20.7306764860782 70.9880942553447,20.7302009294779 70.9876627859719,20.7306169412824 70.9874143526911,20.7302661399499 70.9872337368129,20.7304402831192 70.9866385280175,20.7299883422566 70.9868772293811,20.7295936767644 70.9859627348431,20.7288108657742 70.985882959429,20.72892649166 70.9854526713236,20.7286542563434 70.9855622992871,20.7284904927109 70.9824519247937,20.7260506588821 70.9822478302862,20.7257794101703 70.982301111934,20.726117850553 70.9827873790894,20.7281904756667 70.9829078242033,20.7287549326255 70.9831483974628,20.7294909647354 70.9834803792906,20.7304707035576 70.9836295346196,20.7310351912653 70.9839948889815,20.7316581478154 70.9844753886577,20.7322539443197 70.985018105164,20.7326510429332 70.9856231958585,20.7329351525875 70.9864634692942,20.7331062658224 70.9872796454609,20.7332185862475 70.9883310389941,20.7333308005775 70.9886959260155,20.7334163578073 70.9890850460472,20.7337547957625 70.9893877657186,20.734093328382 70.9895705437563,20.734517786704 70.9899933875168,20.7351000526702 70.9905073561245,20.7354113012738 70.9909874940308,20.7355509742266 70.9917124431692,20.7356092332957 70.9924949951179,20.735608657503 70.99306640668,20.7357753549558 70.9937580372238,20.7362581241842 70.9940896012367,20.7366281968294 70.9945125219708,20.7371924750864 70.9949354057611,20.7377024718622 70.9953583630067,20.7382982688898 70.9954162458203,20.7386415263175 70.9955065255042,20.7387397412392 70.9955048878464,20.7386149135855 70.995517621123,20.7384235930284 70.9955819025546,20.7382890254453 70.9957165155016,20.7381906807947 70.9958229709143,20.7380759371812 70.9954933415671,20.7376376748655 70.9946681386757,20.7366973571258 70.994130083402,20.7358612399458</coordinates></LinearRing></outerBoundaryIs></Polygon><Polygon><outerBoundaryIs><LinearRing><coordinates>70.9956400954288,20.7388523114519 70.9955215512377,20.7387560887022 70.9955472747314,20.7387840727716 70.9955987719159,20.7388400955273 70.9960768960219,20.7390750430351 70.9960271591247,20.7389242868766 70.9958942710256,20.7388636990991 70.9956400954288,20.7388523114519</coordinates></LinearRing></outerBoundaryIs></Polygon></MultiGeometry>
  </Placemark>
  <Placemark>
	<name>Tank/Pond</name>
	<Style><LineStyle><color>ff0000ff</color></LineStyle><PolyStyle><fill>0</fill></PolyStyle></Style>
	<ExtendedData><SchemaData schemaUrl="#wb_sac_dd">
		<SimpleData name="id">89</SimpleData>
		<SimpleData name="objectid_1">89</SimpleData>
		<SimpleData name="wetcode">1202</SimpleData>
		<SimpleData name="wetname"></SimpleData>
		<SimpleData name="aqveg">No</SimpleData>
		<SimpleData name="turbidity">High</SimpleData>
		<SimpleData name="level_i">Inland</SimpleData>
		<SimpleData name="level_ii">Man-made</SimpleData>
		<SimpleData name="l4type"></SimpleData>
		<SimpleData name="area_ha">0.72417200913592</SimpleData>
		<SimpleData name="remarks"></SimpleData>
		<SimpleData name="lat">20.4532942535</SimpleData>
		<SimpleData name="long">72.845537066</SimpleData>
		<SimpleData name="state">Daman &amp; Diu</SimpleData>
		<SimpleData name="shape_length">353.072337728282</SimpleData>
		<SimpleData name="shape_area">7241.7200913592</SimpleData>
		<SimpleData name="ds_name">Hydrological Layer</SimpleData>
		<SimpleData name="src_agency">SAC N</SimpleData>
	</SchemaData></ExtendedData>
      <MultiGeometry><Polygon><outerBoundaryIs><LinearRing><coordinates>72.846247797817,20.4534063393093 72.8457827713425,20.4529370048816 72.8450150357424,20.4530852028055 72.8447856958696,20.4531683846766 72.8449057699913,20.4532845710989 72.8450159055286,20.4533862976352 72.8451712697357,20.4535172585963 72.8453172260919,20.4535955331067 72.8454841303029,20.453626276246 72.8457274797737,20.4536292904966 72.8459969121415,20.4535800576551 72.8461343968653,20.4535387497715 72.8462009039212,20.4534965611455 72.8462469988018,20.4534636784614 72.846247797817,20.4534063393093</coordinates></LinearRing></outerBoundaryIs></Polygon></MultiGeometry>
  </Placemark>
  <Placemark>
	<name>Tank/Pond</name>
	<Style><LineStyle><color>ff0000ff</color></LineStyle><PolyStyle><fill>0</fill></PolyStyle></Style>
	<ExtendedData><SchemaData schemaUrl="#wb_sac_dd">
		<SimpleData name="id">69</SimpleData>
		<SimpleData name="objectid_1">69</SimpleData>
		<SimpleData name="wetcode">1202</SimpleData>
		<SimpleData name="wetname"></SimpleData>
		<SimpleData name="aqveg">No</SimpleData>
		<SimpleData name="turbidity">High</SimpleData>
		<SimpleData name="level_i">Inland</SimpleData>
		<SimpleData name="level_ii">Man-made</SimpleData>
		<SimpleData name="l4type"></SimpleData>
		<SimpleData name="area_ha">0.539833299435488</SimpleData>
		<SimpleData name="remarks"></SimpleData>
		<SimpleData name="lat">20.716911786</SimpleData>
		<SimpleData name="long">70.9788922103</SimpleData>
		<SimpleData name="state">Daman &amp; Diu</SimpleData>
		<SimpleData name="shape_length">289.739249609048</SimpleData>
		<SimpleData name="shape_area">5398.33299435488</SimpleData>
		<SimpleData name="ds_name">Hydrological Layer</SimpleData>
		<SimpleData name="src_agency">SAC N</SimpleData>
	</SchemaData></ExtendedData>
      <MultiGeometry><Polygon><outerBoundaryIs><LinearRing><coordinates>70.9792724969073,20.7166939287081 70.9791948682061,20.7165837008922 70.979095593619,20.7165669200547 70.9789664494296,20.7165970817807 70.9788635532815,20.7165946799465 70.9787532688693,20.7166102867313 70.9786928332294,20.7166504117537 70.9786214343843,20.716726507696 70.9785882666585,20.716812918327 70.9785737751849,20.7168704364728 70.9785207247002,20.7168925534906 70.9784142503056,20.7169081161821 70.9783535320928,20.7169266566039 70.9783544648322,20.7169984163479 70.9783744884228,20.7170734621269 70.9784362280883,20.7171336888609 70.978512833721,20.7171650687712 70.978585350954,20.7171749893683 70.9787229983104,20.7172128364605 70.9788109387272,20.7172369164317 70.9789709287267,20.7172350764371 70.9790623526873,20.7172340251333 70.9791609751698,20.7172006296898 70.9792552766021,20.7171278548541 70.979273112287,20.7170344516442 70.9793667618385,20.7169115005079 70.9794078258661,20.716846506791 70.9793612755343,20.7167825206781 70.9792724969073,20.7166939287081</coordinates></LinearRing></outerBoundaryIs></Polygon></MultiGeometry>
  </Placemark>
  <Placemark>
	<name>Tank/Pond</name>
	<Style><LineStyle><color>ff0000ff</color></LineStyle><PolyStyle><fill>0</fill></PolyStyle></Style>
	<ExtendedData><SchemaData schemaUrl="#wb_sac_dd">
		<SimpleData name="id">90</SimpleData>
		<SimpleData name="objectid_1">90</SimpleData>
		<SimpleData name="wetcode">1202</SimpleData>
		<SimpleData name="wetname"></SimpleData>
		<SimpleData name="aqveg">No</SimpleData>
		<SimpleData name="turbidity">High</SimpleData>
		<SimpleData name="level_i">Inland</SimpleData>
		<SimpleData name="level_ii">Man-made</SimpleData>
		<SimpleData name="l4type"></SimpleData>
		<SimpleData name="area_ha">1.3893936128256</SimpleData>
		<SimpleData name="remarks"></SimpleData>
		<SimpleData name="lat">20.4412246066</SimpleData>
		<SimpleData name="long">72.8506695424</SimpleData>
		<SimpleData name="state">Daman &amp; Diu</SimpleData>
		<SimpleData name="shape_length">515.579482252084</SimpleData>
		<SimpleData name="shape_area">13893.936128256</SimpleData>
		<SimpleData name="ds_name">Hydrological Layer</SimpleData>
		<SimpleData name="src_agency">SAC N</SimpleData>
	</SchemaData></ExtendedData>
      <MultiGeometry><Polygon><outerBoundaryIs><LinearRing><coordinates>72.8512530848541,20.4407892544793 72.8509098069514,20.4403166600815 72.8506856915215,20.4403903576315 72.8504810555182,20.4405216440613 72.8503577953647,20.4406348199815 72.8502802263217,20.4407437820058 72.8502386073583,20.4408197332087 72.8502127285982,20.4408576470328 72.8501574487431,20.4411867234265 72.8502702752413,20.4418237406134 72.8503131751813,20.4420202139388 72.8503826192551,20.4421309929781 72.8506866517951,20.4421443069909 72.8510819613052,20.4414275434135 72.8510790183498,20.4412745745581 72.8509841614434,20.4411682625637 72.8509355921659,20.4410147309451 72.8509315204004,20.440942993601 72.851008956982,20.440843588438 72.8512530848541,20.4407892544793</coordinates></LinearRing></outerBoundaryIs></Polygon></MultiGeometry>
  </Placemark>
  <Placemark>
	<name>Creek</name>
	<Style><LineStyle><color>ff0000ff</color></LineStyle><PolyStyle><fill>0</fill></PolyStyle></Style>
	<ExtendedData><SchemaData schemaUrl="#wb_sac_dd">
		<SimpleData name="id">52</SimpleData>
		<SimpleData name="objectid_1">52</SimpleData>
		<SimpleData name="wetcode">2102</SimpleData>
		<SimpleData name="wetname"></SimpleData>
		<SimpleData name="aqveg">No</SimpleData>
		<SimpleData name="turbidity">High</SimpleData>
		<SimpleData name="level_i">Costal</SimpleData>
		<SimpleData name="level_ii">Natural</SimpleData>
		<SimpleData name="l4type"></SimpleData>
		<SimpleData name="area_ha">7.23931818549462</SimpleData>
		<SimpleData name="remarks"></SimpleData>
		<SimpleData name="lat">20.7211748521</SimpleData>
		<SimpleData name="long">70.9534022373</SimpleData>
		<SimpleData name="state">Daman &amp; Diu</SimpleData>
		<SimpleData name="shape_length">5666.07514230288</SimpleData>
		<SimpleData name="shape_area">72393.1818549462</SimpleData>
		<SimpleData name="ds_name">Hydrological Layer</SimpleData>
		<SimpleData name="src_agency">SAC N</SimpleData>
	</SchemaData></ExtendedData>
      <MultiGeometry><Polygon><outerBoundaryIs><LinearRing><coordinates>70.9561056401783,20.7198273990408 70.956290933006,20.719607260456 70.9570581462169,20.7190250052966 70.9579462148837,20.7184592939308 70.9585329065201,20.7181598775835 70.9589764894041,20.7180891115345 70.9594528152397,20.7180956357402 70.9600069422214,20.7182267336146 70.9605623778205,20.7184593767744 70.9613778502497,20.7191610218911 70.9618731861995,20.7196572128742 70.9620547290101,20.7199478820119 70.9621462325983,20.7201499639911 70.9621562682992,20.7202981066419 70.9627197864906,20.7202701711974 70.9626824210816,20.7198738111591 70.9621989334417,20.7193117708232 70.9613458239809,20.7186464042332 70.9609222536243,20.718298750125 70.9602448046587,20.7179599603314 70.9600341364185,20.7178727468291 70.9597930301137,20.7178874412777 70.9596655901089,20.717853047649 70.9594614246268,20.7177777064888 70.958997260188,20.7177292236119 70.9585029632867,20.7178065410791 70.9578333523123,20.718077028631 70.9568130314206,20.7187278837873 70.9559829415048,20.7193586475113 70.9554966147323,20.7200571922171 70.9552947645494,20.7206569153349 70.9552319036348,20.7212012888353 70.9550301282513,20.7218069850501 70.9547642464917,20.7223656142041 70.9544392257103,20.7227695839815 70.9539684804254,20.7231991056238 70.9536271559883,20.7233224677764 70.9533628655033,20.7235106721752 70.9526790746048,20.7241636587216 70.9522898636108,20.7245145845667 70.9521448256769,20.724593895938 70.9518789233142,20.7246566559499 70.9516821721813,20.7246648630357 70.9515358330501,20.7246426258778 70.9512993031396,20.7245198480379 70.9509181941684,20.7245122233435 70.9507278693507,20.7245263300044 70.9503843205239,20.7244764557997 70.9500222595775,20.7244686119517 70.9498571026305,20.7244645093545 70.9496088695123,20.7244195294753 70.9491713822913,20.7244722806651 70.948898745942,20.7245052403864 70.9486896787298,20.7245434560867 70.948486348753,20.7245338096555 70.9482310022319,20.7244291647615 70.9480699017075,20.7242457853547 70.9479465914932,20.7240380804975 70.9477612414241,20.7239445907235 70.9475953956936,20.7238867255794 70.9473981108051,20.7238531127285 70.9472900213277,20.7238423886683 70.94714322466,20.7237843066073 70.9470466870322,20.7236838362659 70.9469317900855,20.7236373422907 70.9467023772802,20.7235742199336 70.946354543666,20.7236856936224 70.9461271162878,20.7237778810948 70.9457287932862,20.7239138218186 70.9454320567838,20.7240486121764 70.9452043993001,20.7241228779847 70.9449254129831,20.7241559040437 70.9444997830896,20.7241427923882 70.9442706144257,20.7240987827867 70.9441317701524,20.7241660690829 70.9439865751211,20.7242334278071 70.9438280720475,20.7242531417598 70.943637136109,20.7242194531151 70.9434270762707,20.7241800064791 70.9431281273884,20.7241415630783 70.9428095967108,20.7240615206059 70.9425302281931,20.7240646743721 70.9423521432822,20.7240427882453 70.9420468454524,20.7240044143152 70.941709420241,20.7239365318799 70.9414549164278,20.723897583781 70.9411746340006,20.723829054702 70.9406265418785,20.7236739316469 70.9404359117654,20.7236641338836 70.9404367485049,20.7237298413171 70.9405673762856,20.7237590044119 70.9406660075244,20.7237810249479 70.9412204497015,20.7239360762963 70.9423211588644,20.7241028811081 70.9429761252155,20.7241731518866 70.9433452985367,20.7242406740097 70.94357455865,20.7242918522336 70.9439049500752,20.7243060422044 70.9441525711589,20.7243032443819 70.9442411555636,20.7242783452935 70.9443932337788,20.724252728936 70.9446217307574,20.7242441717919 70.9448254423222,20.7242836903787 70.9450860676482,20.7243046406679 70.9458569386101,20.7240031818747 70.9464071090612,20.723823702979 70.9465586509299,20.7237562709877 70.9467046075884,20.7237486443814 70.9468698399429,20.7237587232686 70.9470743904871,20.7238639461259 70.9472406932187,20.7239576523587 70.9474825759527,20.7240027098824 70.9477055649685,20.7240599283258 70.9478783698123,20.7241655085087 70.9480325864697,20.7243071466336 70.9481367729456,20.7245090924836 70.9483605254157,20.7246260435627 70.9486406582741,20.7246826143997 70.9488567622226,20.7246980895239 70.9491484469188,20.7246649122414 70.949439825478,20.7246078421973 70.949845796568,20.7245733694246 70.9503611573112,20.7246511681879 70.9507932144228,20.724670166721 70.951015438571,20.7246676464553 70.9513082708714,20.7247240682608 70.9515441887267,20.7247990571304 70.9518367907649,20.7248375584742 70.9521791922088,20.7247978269829 70.9523497034286,20.7247242000722 70.9528587837859,20.7243121706424 70.9536059894226,20.7236524891387 70.9539649055079,20.7234154161686 70.9542620919189,20.7233164513436 70.9546203922668,20.7230315898133 70.9549395220014,20.7226635321 70.9552065545699,20.7221945037213 70.955410861083,20.7217859305492 70.9555801220727,20.721120860475 70.9556312046792,20.7206483121872 70.9558593698992,20.7201199814861 70.9561056401783,20.7198273990408</coordinates></LinearRing></outerBoundaryIs></Polygon></MultiGeometry>
  </Placemark>
  <Placemark>
	<name>Creek</name>
	<Style><LineStyle><color>ff0000ff</color></LineStyle><PolyStyle><fill>0</fill></PolyStyle></Style>
	<ExtendedData><SchemaData schemaUrl="#wb_sac_dd">
		<SimpleData name="id">53</SimpleData>
		<SimpleData name="objectid_1">53</SimpleData>
		<SimpleData name="wetcode">2102</SimpleData>
		<SimpleData name="wetname"></SimpleData>
		<SimpleData name="aqveg">No</SimpleData>
		<SimpleData name="turbidity">High</SimpleData>
		<SimpleData name="level_i">Costal</SimpleData>
		<SimpleData name="level_ii">Natural</SimpleData>
		<SimpleData name="l4type"></SimpleData>
		<SimpleData name="area_ha">2.01928721194594</SimpleData>
		<SimpleData name="remarks"></SimpleData>
		<SimpleData name="lat">20.724946502</SimpleData>
		<SimpleData name="long">70.9592607654</SimpleData>
		<SimpleData name="state">Daman &amp; Diu</SimpleData>
		<SimpleData name="shape_length">2327.87519288649</SimpleData>
		<SimpleData name="shape_area">20192.8721194594</SimpleData>
		<SimpleData name="ds_name">Hydrological Layer</SimpleData>
		<SimpleData name="src_agency">SAC N</SimpleData>
	</SchemaData></ExtendedData>
      <MultiGeometry><Polygon><outerBoundaryIs><LinearRing><coordinates>70.960431019783,20.7271571163718 70.9602144163165,20.7268138578328 70.9598947407734,20.7262511402968 70.9596598915473,20.7257663151832 70.959555491759,20.7253516955467 70.9595268233872,20.7249003670281 70.9596123484536,20.7244405687005 70.9598490541208,20.7238858497637 70.9601836990871,20.7232439851118 70.9603559833265,20.7230126103893 70.9606126293113,20.72282328815 70.9607562818999,20.7227356215869 70.960954007386,20.7227046913094 70.9614901034816,20.7226938648135 70.9616948989331,20.7223621778375 70.9614964474031,20.7224201070505 70.9612987860438,20.7224558165796 70.9609736481194,20.7224547425482 70.9606951477518,20.7225248291869 70.9604783985955,20.7226563433138 70.9601916461335,20.7228746843031 70.9599376434075,20.7232694909315 70.95968982709,20.7237502557453 70.9594283689071,20.72435543961 70.9593226489552,20.7248250271735 70.9593063581574,20.7256317398888 70.95918826205,20.7256330840231 70.9589709792173,20.7256248046254 70.9588867069101,20.7255899190221 70.9586651522154,20.7255458428606 70.9585397146965,20.7255687786154 70.9583644738111,20.7255707739251 70.9584133065388,20.7255164489138 70.9584464405406,20.7254264578671 70.9584492824342,20.725351149307 70.9584369311034,20.7252795992527 70.958378818881,20.7252049840479 70.9583320450223,20.7251230724849 70.9582285418972,20.7250740664029 70.9581176954389,20.7250466513116 70.9579767884661,20.7250518397896 70.9578936696392,20.7251065541612 70.9578446985185,20.7251501268107 70.9577899967927,20.7253407315496 70.9577148205941,20.725420447545 70.9576054953847,20.7255113060019 70.9574573817406,20.7255488362372 70.9573129411365,20.7255755727361 70.9572103589267,20.7255982470547 70.9571153497665,20.7256172505198 70.9570321389652,20.7256647972977 70.9569722917535,20.7257515066441 70.9568927050945,20.7257846736926 70.9568315212606,20.7257674461682 70.9567963593065,20.725699740141 70.9566846390046,20.7256042278792 70.9566192309975,20.7255547870879 70.9564852514288,20.7255061274945 70.956385604279,20.7254606617533 70.9562591510072,20.7254047461794 70.9561634517867,20.7253699891302 70.9560987359509,20.7253743099805 70.9560991496076,20.7254065655344 70.9561567539216,20.7254417569859 70.9562983985418,20.725493914247 70.9564479849545,20.7255710731017 70.956643470855,20.7256620487725 70.9567089701084,20.7257186576183 70.9567592782307,20.7257790221352 70.956813255731,20.7258285919032 70.9569047780893,20.7258347204036 70.9569883126307,20.7258122621682 70.9570260859439,20.7257867401535 70.9570481598593,20.7257255528108 70.9571050733302,20.7257069811757 70.9572037077102,20.7256735990308 70.9572758594289,20.7256548547907 70.9573330031957,20.7256542052026 70.957416813232,20.7256532501111 70.9575154935951,20.7256234518217 70.9575495493712,20.7256051411699 70.9576026059913,20.7255830295206 70.9576807075487,20.7255331525003 70.9578165625101,20.725431237294 70.957876900921,20.7253827569778 70.957896051084,20.7252917307287 70.9579196656014,20.7251528576549 70.9580665994214,20.7251225094541 70.9581837330582,20.7251450737927 70.958255582394,20.7252016087229 70.9583176415798,20.7252869317795 70.9583544878788,20.7253868794061 70.9582997216894,20.7254735323609 70.9582145382446,20.7255653116658 70.9582411032586,20.7256558182113 70.9583329013934,20.7256834492162 70.958454746658,20.7256772830617 70.9585710208128,20.7256329435071 70.9587084109324,20.725650497522 70.958840906575,20.7256824446238 70.9589228531995,20.7257340850311 70.9590195470035,20.7257473224595 70.9591769471724,20.7257407504677 70.9592937739002,20.7257394199167 70.9593858799732,20.725790944312 70.9594947620447,20.7259617632477 70.9599010156861,20.7267385696317 70.9603922275575,20.7276952434078 70.960431019783,20.7271571163718</coordinates></LinearRing></outerBoundaryIs></Polygon></MultiGeometry>
  </Placemark>
  <Placemark>
	<name>Creek</name>
	<Style><LineStyle><color>ff0000ff</color></LineStyle><PolyStyle><fill>0</fill></PolyStyle></Style>
	<ExtendedData><SchemaData schemaUrl="#wb_sac_dd">
		<SimpleData name="id">54</SimpleData>
		<SimpleData name="objectid_1">54</SimpleData>
		<SimpleData name="wetcode">2102</SimpleData>
		<SimpleData name="wetname"></SimpleData>
		<SimpleData name="aqveg">No</SimpleData>
		<SimpleData name="turbidity">Moderate</SimpleData>
		<SimpleData name="level_i">Costal</SimpleData>
		<SimpleData name="level_ii">Natural</SimpleData>
		<SimpleData name="l4type"></SimpleData>
		<SimpleData name="area_ha">1.96463605839533</SimpleData>
		<SimpleData name="remarks"></SimpleData>
		<SimpleData name="lat">20.7354445162</SimpleData>
		<SimpleData name="long">70.9494732456</SimpleData>
		<SimpleData name="state">Daman &amp; Diu</SimpleData>
		<SimpleData name="shape_length">1339.91053325964</SimpleData>
		<SimpleData name="shape_area">19646.3605839533</SimpleData>
		<SimpleData name="ds_name">Hydrological Layer</SimpleData>
		<SimpleData name="src_agency">SAC N</SimpleData>
	</SchemaData></ExtendedData>
      <MultiGeometry><Polygon><outerBoundaryIs><LinearRing><coordinates>70.9342669712028,20.7348622638819 70.9344508355265,20.7347376348556 70.9341068805067,20.7348592995956 70.9333666156119,20.7353766383643 70.9332045353178,20.7358157819616 70.9331911269745,20.7358632306284 70.9332629926754,20.7357993629169 70.9333311623255,20.735738780579 70.9342669712028,20.7348622638819</coordinates></LinearRing></outerBoundaryIs></Polygon><Polygon><outerBoundaryIs><LinearRing><coordinates>70.9548116879452,20.7347972376743 70.9540188802383,20.7347775716067 70.9538235924016,20.7348830399491 70.9541417781048,20.7349218832155 70.9551357707595,20.7353188278264 70.9566145304556,20.7356568730534 70.9574885430485,20.7360854270399 70.9580714984266,20.7362482362964 70.9582330730271,20.7359834483272 70.9572061192587,20.7355084215389 70.9565027163785,20.7353300288003 70.9555069144389,20.7349327149939 70.9548116879452,20.7347972376743</coordinates></LinearRing></outerBoundaryIs></Polygon></MultiGeometry>
  </Placemark>
  <Placemark>
	<name>Aquaculture Pond</name>
	<Style><LineStyle><color>ff0000ff</color></LineStyle><PolyStyle><fill>0</fill></PolyStyle></Style>
	<ExtendedData><SchemaData schemaUrl="#wb_sac_dd">
		<SimpleData name="id">55</SimpleData>
		<SimpleData name="objectid_1">55</SimpleData>
		<SimpleData name="wetcode">2202</SimpleData>
		<SimpleData name="wetname"></SimpleData>
		<SimpleData name="aqveg">No</SimpleData>
		<SimpleData name="turbidity">Moderate</SimpleData>
		<SimpleData name="level_i">Costal</SimpleData>
		<SimpleData name="level_ii">Man-made</SimpleData>
		<SimpleData name="l4type"></SimpleData>
		<SimpleData name="area_ha">19.4060854734154</SimpleData>
		<SimpleData name="remarks"></SimpleData>
		<SimpleData name="lat">20.7384321053</SimpleData>
		<SimpleData name="long">70.9988256177</SimpleData>
		<SimpleData name="state">Daman &amp; Diu</SimpleData>
		<SimpleData name="shape_length">1924.32534074255</SimpleData>
		<SimpleData name="shape_area">194060.854734154</SimpleData>
		<SimpleData name="ds_name">Hydrological Layer</SimpleData>
		<SimpleData name="src_agency">SAC N</SimpleData>
	</SchemaData></ExtendedData>
      <MultiGeometry><Polygon><outerBoundaryIs><LinearRing><coordinates>71.0020341319245,20.7386617960398 71.0020033437381,20.7386519206229 70.9985108502823,20.7365514141028 70.9988304255914,20.7361271189973 70.9985437051789,20.735958395401 70.9982140962441,20.7363923652285 70.9970569377278,20.735708027206 70.9970254552248,20.7356319242203 70.9957503560445,20.7373653200484 70.9961481061451,20.7381552671053 70.9967485008076,20.7389010395743 70.9975441738135,20.739525057221 70.9988394494958,20.7404718422764 71.0001388901346,20.7412512913206 71.0020341319245,20.7386617960398</coordinates></LinearRing></outerBoundaryIs></Polygon></MultiGeometry>
  </Placemark>
  <Placemark>
	<name>Creek</name>
	<Style><LineStyle><color>ff0000ff</color></LineStyle><PolyStyle><fill>0</fill></PolyStyle></Style>
	<ExtendedData><SchemaData schemaUrl="#wb_sac_dd">
		<SimpleData name="id">56</SimpleData>
		<SimpleData name="objectid_1">56</SimpleData>
		<SimpleData name="wetcode">2102</SimpleData>
		<SimpleData name="wetname"></SimpleData>
		<SimpleData name="aqveg">No</SimpleData>
		<SimpleData name="turbidity">High</SimpleData>
		<SimpleData name="level_i">Costal</SimpleData>
		<SimpleData name="level_ii">Natural</SimpleData>
		<SimpleData name="l4type"></SimpleData>
		<SimpleData name="area_ha">0.380163586897872</SimpleData>
		<SimpleData name="remarks"></SimpleData>
		<SimpleData name="lat">20.734250492</SimpleData>
		<SimpleData name="long">70.9601040032</SimpleData>
		<SimpleData name="state">Daman &amp; Diu</SimpleData>
		<SimpleData name="shape_length">940.248929543363</SimpleData>
		<SimpleData name="shape_area">3801.63586897872</SimpleData>
		<SimpleData name="ds_name">Hydrological Layer</SimpleData>
		<SimpleData name="src_agency">SAC N</SimpleData>
	</SchemaData></ExtendedData>
      <MultiGeometry><Polygon><outerBoundaryIs><LinearRing><coordinates>70.9621111659864,20.7347997466167 70.9616352647257,20.7345011533734 70.9616176239083,20.7343149577288 70.9612598890514,20.7341517588697 70.960702555397,20.7341523525107 70.9603352613451,20.7341527426605 70.9598777806221,20.7341340605899 70.9591588355952,20.7339319582899 70.9585751616018,20.733976843186 70.957957751464,20.733768800135 70.9579431886507,20.7338215387108 70.9585658015211,20.7340390808937 70.9588756642446,20.7340355523895 70.9591495372189,20.7339989763408 70.959843083443,20.7342013673082 70.9599353177961,20.7342624486307 70.9604633609749,20.7342373113783 70.9612354149914,20.7342237294666 70.9615217256164,20.7343638457715 70.9615183089735,20.7344929289298 70.9619231789083,20.7347655157297 70.9620653771494,20.7348532684563 70.9621111659864,20.7347997466167</coordinates></LinearRing></outerBoundaryIs></Polygon></MultiGeometry>
  </Placemark>
  <Placemark>
	<name>Aquaculture Pond</name>
	<Style><LineStyle><color>ff0000ff</color></LineStyle><PolyStyle><fill>0</fill></PolyStyle></Style>
	<ExtendedData><SchemaData schemaUrl="#wb_sac_dd">
		<SimpleData name="id">63</SimpleData>
		<SimpleData name="objectid_1">63</SimpleData>
		<SimpleData name="wetcode">2202</SimpleData>
		<SimpleData name="wetname"></SimpleData>
		<SimpleData name="aqveg">No</SimpleData>
		<SimpleData name="turbidity">Moderate</SimpleData>
		<SimpleData name="level_i">Costal</SimpleData>
		<SimpleData name="level_ii">Man-made</SimpleData>
		<SimpleData name="l4type"></SimpleData>
		<SimpleData name="area_ha">43.266269530738</SimpleData>
		<SimpleData name="remarks"></SimpleData>
		<SimpleData name="lat">20.7339989234</SimpleData>
		<SimpleData name="long">70.9113011412</SimpleData>
		<SimpleData name="state">Daman &amp; Diu</SimpleData>
		<SimpleData name="shape_length">3097.02366734844</SimpleData>
		<SimpleData name="shape_area">432662.69530738</SimpleData>
		<SimpleData name="ds_name">Hydrological Layer</SimpleData>
		<SimpleData name="src_agency">SAC N</SimpleData>
	</SchemaData></ExtendedData>
      <MultiGeometry><Polygon><outerBoundaryIs><LinearRing><coordinates>70.9175277789556,20.7357095619224 70.9175492474313,20.7345909190128 70.9174706258107,20.7339436242365 70.9094861863288,20.7316187617292 70.909465594324,20.7316055384105 70.9059949837527,20.7316676445646 70.9059402861129,20.7322537535611 70.905647822954,20.7353875740549 70.9065532482966,20.735676257597 70.9088114099733,20.7354600245869 70.9091013496635,20.7354327105834 70.9092427518761,20.7354193904135 70.9111664128291,20.7358759722973 70.9111724153761,20.7363538568684 70.9138835596028,20.7357979559538 70.9175277789556,20.7357095619224</coordinates></LinearRing></outerBoundaryIs></Polygon></MultiGeometry>
  </Placemark>
  <Placemark>
	<name>Creek</name>
	<Style><LineStyle><color>ff0000ff</color></LineStyle><PolyStyle><fill>0</fill></PolyStyle></Style>
	<ExtendedData><SchemaData schemaUrl="#wb_sac_dd">
		<SimpleData name="id">57</SimpleData>
		<SimpleData name="objectid_1">57</SimpleData>
		<SimpleData name="wetcode">2102</SimpleData>
		<SimpleData name="wetname"></SimpleData>
		<SimpleData name="aqveg">No</SimpleData>
		<SimpleData name="turbidity">High</SimpleData>
		<SimpleData name="level_i">Costal</SimpleData>
		<SimpleData name="level_ii">Natural</SimpleData>
		<SimpleData name="l4type"></SimpleData>
		<SimpleData name="area_ha">0.920568863918615</SimpleData>
		<SimpleData name="remarks"></SimpleData>
		<SimpleData name="lat">20.7313315887</SimpleData>
		<SimpleData name="long">70.959661927</SimpleData>
		<SimpleData name="state">Daman &amp; Diu</SimpleData>
		<SimpleData name="shape_length">1614.91860501386</SimpleData>
		<SimpleData name="shape_area">9205.68863918615</SimpleData>
		<SimpleData name="ds_name">Hydrological Layer</SimpleData>
		<SimpleData name="src_agency">SAC N</SimpleData>
	</SchemaData></ExtendedData>
      <MultiGeometry><Polygon><outerBoundaryIs><LinearRing><coordinates>70.9624989367215,20.7331344216019 70.9622204659044,20.7329985226033 70.9615705457834,20.732633143227 70.9614061711501,20.73254331625 70.9612021629574,20.7324318298988 70.96090563562,20.7322870487856 70.9607430867121,20.7322889030427 70.9604713421714,20.7320960448605 70.9602294608424,20.7318550512894 70.9599776053289,20.7316285104116 70.9597827334498,20.731487349008 70.959552059468,20.7313274770603 70.959407985761,20.7311857362438 70.959156439642,20.7309830872793 70.9590593737556,20.7309411782544 70.9588452930693,20.7308862632249 70.958707835844,20.7308639326312 70.9585139506407,20.7307992287072 70.9584003554989,20.7306571397396 70.9583880441659,20.7304900002293 70.9583612320554,20.7303803785789 70.9583698540143,20.7302607949878 70.9583786614395,20.7301555477593 70.9583417512995,20.7300508212111 70.9582231997537,20.7299183469336 70.9580589319593,20.7297863932213 70.9578947269101,20.7296592187767 70.9577718347087,20.7295841462719 70.9575989451211,20.7295717764842 70.9574616749134,20.7295637801987 70.9573447209127,20.7295555514361 70.9572122841528,20.7295283823366 70.9570897611282,20.729481982768 70.9569508308479,20.7293449603149 70.9568382822782,20.7292841086035 70.9567254880855,20.7292041411556 70.9566027802427,20.7291434048611 70.9564902934584,20.7290873313531 70.9564800725122,20.7290826684692 70.9564908463602,20.7291303401971 70.9565779973533,20.7291914811945 70.9567568863471,20.7292754747691 70.9569001581806,20.729355095346 70.9570342540043,20.7295112903633 70.957147110123,20.729596036056 70.9572491922794,20.7296331090569 70.9573561097807,20.7296510104375 70.957437382091,20.7296500860594 70.9576000517114,20.7296577932837 70.9577173727978,20.7296946933856 70.9578502402282,20.7297553130738 70.9579785809067,20.7298589993194 70.9581225920806,20.7299959630095 70.9582203334174,20.7300904393138 70.9582924315289,20.7301660882998 70.9583195501055,20.7302996030942 70.9583126501777,20.7305529908929 70.9583136332847,20.730629449863 70.9583552537497,20.7307054478297 70.9584376339055,20.7307905388681 70.9585100390612,20.7308900818765 70.9586019648527,20.7309272707403 70.9587701441219,20.7309683697617 70.9588518478877,20.7310008956796 70.959000017666,20.7310661192503 70.9591787875572,20.7311405540617 70.9593067008812,20.7312107873636 70.9595792420308,20.7314657711998 70.9602931860063,20.7320693989344 70.9604066612561,20.73220192879 70.9606013500378,20.7323287540703 70.9607189197191,20.7323847666296 70.9609233367205,20.7324780235736 70.9610667367221,20.7325671981767 70.9612915343638,20.732665002194 70.9615730087149,20.7328242918976 70.9618080893304,20.7329315352042 70.9621099450768,20.7330953713973 70.9624692255369,20.733257741838 70.9624989367215,20.7331344216019</coordinates></LinearRing></outerBoundaryIs></Polygon></MultiGeometry>
  </Placemark>
  <Placemark>
	<name>Creek</name>
	<Style><LineStyle><color>ff0000ff</color></LineStyle><PolyStyle><fill>0</fill></PolyStyle></Style>
	<ExtendedData><SchemaData schemaUrl="#wb_sac_dd">
		<SimpleData name="id">58</SimpleData>
		<SimpleData name="objectid_1">58</SimpleData>
		<SimpleData name="wetcode">2102</SimpleData>
		<SimpleData name="wetname"></SimpleData>
		<SimpleData name="aqveg">No</SimpleData>
		<SimpleData name="turbidity">High</SimpleData>
		<SimpleData name="level_i">Costal</SimpleData>
		<SimpleData name="level_ii">Natural</SimpleData>
		<SimpleData name="l4type"></SimpleData>
		<SimpleData name="area_ha">1.57353814125457</SimpleData>
		<SimpleData name="remarks"></SimpleData>
		<SimpleData name="lat">20.7323788566</SimpleData>
		<SimpleData name="long">70.9495883837</SimpleData>
		<SimpleData name="state">Daman &amp; Diu</SimpleData>
		<SimpleData name="shape_length">1979.53563583917</SimpleData>
		<SimpleData name="shape_area">15735.3814125457</SimpleData>
		<SimpleData name="ds_name">Hydrological Layer</SimpleData>
		<SimpleData name="src_agency">SAC N</SimpleData>
	</SchemaData></ExtendedData>
      <MultiGeometry><Polygon><outerBoundaryIs><LinearRing><coordinates>70.9524552133027,20.7346896153181 70.9527205025145,20.7347348647711 70.9526982579319,20.7346626127798 70.9525125358519,20.7344424780134 70.9522961527553,20.7342083536086 70.9521551388261,20.7339088496944 70.9520830688977,20.7336372410626 70.9520879289998,20.7334221111912 70.9521084899105,20.7332426484637 70.9520591873305,20.7329636123962 70.9519034865461,20.7327072904345 70.9517027141415,20.7325016643409 70.9515018495642,20.7322888688743 70.9512865733696,20.7321407594963 70.9510884668493,20.7321430075405 70.9509212060082,20.7321735814203 70.9507689077012,20.732182477762 70.9505775013646,20.7321129570397 70.9504239174383,20.7320215005894 70.9502098365086,20.7319665748827 70.9500037434795,20.7319402352168 70.9498132567807,20.7319423952105 70.9496703221575,20.7320873982537 70.9495876094089,20.7321743660603 70.9494659727247,20.7321972529515 70.949175146725,20.7321001810913 70.9489907186023,20.7319803958013 70.9488591670037,20.7318241643244 70.948566049052,20.7315478891241 70.9483896067302,20.7314566884644 70.948228406538,20.7313653161543 70.9481277929562,20.7312445798174 70.9480570165918,20.7310733222423 70.9480090979525,20.730901804899 70.9478478050622,20.7308032639483 70.9476338188401,20.7307555027731 70.9473739325473,20.7306939232824 70.9470990824863,20.730654020243 70.9467857687385,20.7305858750789 70.9466028108094,20.7305807765724 70.946495772734,20.7305533115485 70.9462887635922,20.7304552869076 70.9461582252464,20.7303779021045 70.946020343206,20.7303221097113 70.9457912101154,20.7302816863385 70.945799104285,20.7303031046531 70.945975909682,20.7304229799769 70.9461982480268,20.7305280017238 70.9463825800003,20.7306406221464 70.9466042777148,20.7306954662125 70.9468180802123,20.7307288925429 70.9471005498219,20.7307687098854 70.9473220636979,20.7308092174399 70.9475890196553,20.7308277018454 70.9478119091378,20.7309757292016 70.9479665005361,20.7311460390246 70.9480911635696,20.7313597017598 70.9482228973372,20.7315302683345 70.9483229589465,20.7316079964694 70.9484687379141,20.7316852059216 70.9486225962573,20.7317981688955 70.9487695701735,20.731968563385 70.9489624423641,20.732152776052 70.9490323038956,20.7322523526866 70.9492546468178,20.7323573690846 70.9493920733675,20.7323773196068 70.9497263219332,20.7322946687957 70.9498010468431,20.7321791163779 70.9499372799782,20.7321058793525 70.950066719596,20.732097242958 70.9503267007348,20.7321659859546 70.9504957993689,20.7322787742319 70.9506641634653,20.7323342188501 70.9508470311478,20.7323321441797 70.9511205987081,20.7322716869641 70.9512202033013,20.7323135714758 70.9513280715502,20.7324055476174 70.9514279520089,20.7324689355715 70.9515896160999,20.732596146327 70.9516670065568,20.7326884671016 70.9517904813466,20.7328089408143 70.9518769621828,20.7330158648023 70.9518944072234,20.7331877260841 70.9519033135708,20.7332879930722 70.951904601282,20.7333883465876 70.951870180518,20.7336755021028 70.9519097482438,20.7337897604999 70.9519952188896,20.7339178346868 70.9520810563861,20.7340745814756 70.9521982930987,20.7343026623145 70.9523688670115,20.734530138589 70.952431387487,20.7346513047981 70.9524552133027,20.7346896153181</coordinates></LinearRing></outerBoundaryIs></Polygon></MultiGeometry>
  </Placemark>
  <Placemark>
	<name>Waterlogged</name>
	<Style><LineStyle><color>ff0000ff</color></LineStyle><PolyStyle><fill>0</fill></PolyStyle></Style>
	<ExtendedData><SchemaData schemaUrl="#wb_sac_dd">
		<SimpleData name="id">59</SimpleData>
		<SimpleData name="objectid_1">59</SimpleData>
		<SimpleData name="wetcode">1203</SimpleData>
		<SimpleData name="wetname"></SimpleData>
		<SimpleData name="aqveg">No</SimpleData>
		<SimpleData name="turbidity">High</SimpleData>
		<SimpleData name="level_i">Inland</SimpleData>
		<SimpleData name="level_ii">Man-made</SimpleData>
		<SimpleData name="l4type"></SimpleData>
		<SimpleData name="area_ha">12.0221944876076</SimpleData>
		<SimpleData name="remarks"></SimpleData>
		<SimpleData name="lat">20.7294044789</SimpleData>
		<SimpleData name="long">70.9333522225</SimpleData>
		<SimpleData name="state">Daman &amp; Diu</SimpleData>
		<SimpleData name="shape_length">1912.03352950888</SimpleData>
		<SimpleData name="shape_area">120221.944876076</SimpleData>
		<SimpleData name="ds_name">Hydrological Layer</SimpleData>
		<SimpleData name="src_agency">SAC N</SimpleData>
	</SchemaData></ExtendedData>
      <MultiGeometry><Polygon><outerBoundaryIs><LinearRing><coordinates>70.9371311844314,20.7293068279063 70.9354693291327,20.7287946418824 70.9350380185649,20.7288353404018 70.934746397739,20.7288744668994 70.9346321059813,20.7288757524328 70.9342248270079,20.7288086409554 70.9339835459378,20.7288113537977 70.9338954111552,20.7288720885981 70.9339995846208,20.7290740444552 70.9340906021061,20.7292403019305 70.9339140299486,20.7293378766357 70.9335962497416,20.7293175518974 70.9333413589645,20.7292487264915 70.9330488249743,20.7292161679631 70.9327181950601,20.7291840372637 70.9323604985313,20.7290207749569 70.9320799070386,20.7289283371534 70.9318631137748,20.7288590810177 70.9318736904626,20.7286916802779 70.931769065559,20.7284538812725 70.9317914318634,20.7282146557033 70.9300329135749,20.7277564494672 70.9298359398122,20.7282485561772 70.9298155401342,20.7286430923636 70.9299076132732,20.7288929815876 70.9301643209285,20.7291051771556 70.9304083306592,20.729317515537 70.9304744010391,20.7295199016077 70.9304764878681,20.7299617960284 70.930937479186,20.7299807025867 70.9337654845611,20.7306419533578 70.9344151157498,20.7307899795397 70.9349157450363,20.7308731431124 70.9352586225347,20.7308692854175 70.9359252961343,20.7303599384706 70.9371311844314,20.7293068279063</coordinates></LinearRing></outerBoundaryIs></Polygon></MultiGeometry>
  </Placemark>
  <Placemark>
	<name>Creek</name>
	<Style><LineStyle><color>ff0000ff</color></LineStyle><PolyStyle><fill>0</fill></PolyStyle></Style>
	<ExtendedData><SchemaData schemaUrl="#wb_sac_dd">
		<SimpleData name="id">60</SimpleData>
		<SimpleData name="objectid_1">60</SimpleData>
		<SimpleData name="wetcode">2102</SimpleData>
		<SimpleData name="wetname"></SimpleData>
		<SimpleData name="aqveg">No</SimpleData>
		<SimpleData name="turbidity">High</SimpleData>
		<SimpleData name="level_i">Costal</SimpleData>
		<SimpleData name="level_ii">Natural</SimpleData>
		<SimpleData name="l4type"></SimpleData>
		<SimpleData name="area_ha">1.13189906172918</SimpleData>
		<SimpleData name="remarks"></SimpleData>
		<SimpleData name="lat">20.7197699815</SimpleData>
		<SimpleData name="long">70.9773493667</SimpleData>
		<SimpleData name="state">Daman &amp; Diu</SimpleData>
		<SimpleData name="shape_length">1388.59256541533</SimpleData>
		<SimpleData name="shape_area">11318.9906172918</SimpleData>
		<SimpleData name="ds_name">Hydrological Layer</SimpleData>
		<SimpleData name="src_agency">SAC N</SimpleData>
	</SchemaData></ExtendedData>
      <MultiGeometry><Polygon><outerBoundaryIs><LinearRing><coordinates>70.9795223698386,20.7210964400982 70.9789915506189,20.7209527394218 70.9789197590785,20.7209009913414 70.978714977125,20.720779083178 70.9785411046314,20.720690275004 70.9783770179442,20.720572676365 70.9781932360027,20.720503099415 70.9779382834749,20.7204295604491 70.9777146754198,20.7204225721769 70.9774799776752,20.7203440208641 70.9772345016937,20.7202177976013 70.9770596380616,20.7200525296567 70.976924788324,20.7198390059614 70.976688045704,20.7196027571259 70.9765116948715,20.7193227997184 70.9763915870611,20.7190708720981 70.9762877727388,20.7189000064377 70.9761329177493,20.7187106098602 70.9760294758651,20.7185684162679 70.9759010089273,20.7184551860847 70.9757377329473,20.718399708481 70.9756806854587,20.7183095555429 70.9756714002031,20.7182302047211 70.9756862270869,20.7181493810978 70.9756849491427,20.7180508223053 70.975658120002,20.7179406065144 70.9755937005862,20.7178696556469 70.9754729174602,20.7178590935791 70.975317253291,20.7178519190244 70.9752025855348,20.7178233644275 70.9750872221443,20.7177410494777 70.9750003110586,20.7176494470364 70.9750000264851,20.7175155064865 70.9749315367232,20.7174873856769 70.9749337645161,20.7176591707074 70.975065929803,20.7178129850621 70.9751266314435,20.7178421582441 70.9751843141527,20.7178833157767 70.9752289111841,20.7178947527747 70.9753211251924,20.7179056424126 70.9754260366958,20.7179163868 70.9754961850638,20.7179394789294 70.9755727584534,20.7179684706474 70.9756113946039,20.7180098462583 70.9756353582257,20.7181439918769 70.9756397335374,20.7182365418756 70.9756536321917,20.7183289836745 70.9756643961388,20.7184244470671 70.9757000115748,20.7184778069439 70.9757607529324,20.7185099672199 70.9758757310436,20.718562415198 70.976280443796,20.7191671392822 70.9766828379664,20.7198376036952 70.9769233323225,20.7202649850331 70.9770711424241,20.7204006936465 70.9772565816922,20.7205001249119 70.9775302866562,20.7205507480164 70.9777659743993,20.7206077803908 70.9779887331634,20.7206470395751 70.9781677453528,20.7207405691075 70.9783273246915,20.7208044505249 70.9785633242725,20.7208853764679 70.9787363768171,20.7210088442625 70.9788901509872,20.7211146113756 70.9789930532755,20.7212149901282 70.9792166665064,20.7213199534912 70.9793314927681,20.7213604524515 70.9794648033748,20.7214583852632 70.9795223698386,20.7210964400982</coordinates></LinearRing></outerBoundaryIs></Polygon></MultiGeometry>
  </Placemark>
  <Placemark>
	<name>Creek</name>
	<Style><LineStyle><color>ff0000ff</color></LineStyle><PolyStyle><fill>0</fill></PolyStyle></Style>
	<ExtendedData><SchemaData schemaUrl="#wb_sac_dd">
		<SimpleData name="id">61</SimpleData>
		<SimpleData name="objectid_1">61</SimpleData>
		<SimpleData name="wetcode">2102</SimpleData>
		<SimpleData name="wetname"></SimpleData>
		<SimpleData name="aqveg">No</SimpleData>
		<SimpleData name="turbidity">High</SimpleData>
		<SimpleData name="level_i">Costal</SimpleData>
		<SimpleData name="level_ii">Natural</SimpleData>
		<SimpleData name="l4type"></SimpleData>
		<SimpleData name="area_ha">1.91346940875681</SimpleData>
		<SimpleData name="remarks"></SimpleData>
		<SimpleData name="lat">20.7207287868</SimpleData>
		<SimpleData name="long">70.9726610452</SimpleData>
		<SimpleData name="state">Daman &amp; Diu</SimpleData>
		<SimpleData name="shape_length">2581.19374080376</SimpleData>
		<SimpleData name="shape_area">19134.6940875681</SimpleData>
		<SimpleData name="ds_name">Hydrological Layer</SimpleData>
		<SimpleData name="src_agency">SAC N</SimpleData>
	</SchemaData></ExtendedData>
      <MultiGeometry><Polygon><outerBoundaryIs><LinearRing><coordinates>70.9760809569859,20.72419573594 70.9755023262937,20.723797739158 70.9752592759986,20.7236631223854 70.9751506924986,20.7235849931173 70.9749323716181,20.7234279062493 70.9743742664892,20.7229922190981 70.9739158142523,20.7224060306612 70.9733741322749,20.7217670272982 70.9731283012728,20.7214173669336 70.9727510803701,20.7207286808291 70.9726139605312,20.7204375160701 70.9724515214978,20.7201526138121 70.9722476571875,20.7201011830239 70.9721647339291,20.7200722624408 70.972074919918,20.7200016006806 70.9719529737916,20.7199014358016 70.9717742740115,20.7198317935345 70.9716094332467,20.7198516052157 70.9714575205988,20.7198891910086 70.9712620163083,20.7199929937718 70.9711348821698,20.7199825019536 70.9710195174752,20.7199001835988 70.9709485963153,20.719817357027 70.9708386539206,20.7196632860081 70.9707355247759,20.7195449814875 70.9705882611184,20.7194510806042 70.9704224161752,20.7193932375878 70.9698480722328,20.7191727932623 70.9698954784343,20.718419494518 70.9702287528185,20.7171849841908 70.9703237549678,20.7171659735217 70.970412716518,20.7171709293808 70.9705143755517,20.7171757394921 70.9706796786745,20.7171917694111 70.9708258567443,20.7172020439559 70.970953066583,20.7172185097579 70.9710554991527,20.7172830526508 70.9710824400097,20.7174022292481 70.9711343906387,20.7174912478664 70.9712358959996,20.7174841110878 70.9712289291572,20.7174363963795 70.9711969526356,20.7174188396711 70.9711770549367,20.7173533514276 70.9711697008688,20.7172757701176 70.9711115559827,20.7171987708291 70.97099007773,20.7171344466137 70.9708432802472,20.7170763854859 70.9706718602999,20.7170783487176 70.9704815495478,20.7170924758619 70.9703542624371,20.7170700368917 70.9702141241777,20.7170357952512 70.9700938819911,20.7170670436274 70.9700410684191,20.7174022057956 70.9697683449375,20.7184090014951 70.9696936111632,20.7190132555979 70.9696960060557,20.7191984308259 70.9698178725266,20.719292622865 70.9700537114185,20.7193616148314 70.9701813867402,20.7194139207039 70.9704176122146,20.7195127777916 70.9705519448745,20.7195889043055 70.9706426859712,20.7197312467141 70.9707462798143,20.7198853907733 70.9709067054533,20.7200149861259 70.9710477734891,20.7201209068705 70.9711886123295,20.7202089074772 70.9713090875206,20.7201955782101 70.9713265109589,20.7200699193584 70.9714272455957,20.7200030492027 70.9715791574697,20.7199654624601 70.9717885193295,20.7199511152107 70.9718853004284,20.7200694910066 70.9719886635252,20.7202057140611 70.972160319063,20.7202216685299 70.9723509432008,20.7202314321294 70.9724110238826,20.7204577652256 70.9726242544682,20.7207420841117 70.973001784918,20.7214546635419 70.9732343749635,20.7217626559175 70.973501855299,20.7221168474303 70.97390481984,20.7226355679255 70.9742148726431,20.7230406475892 70.9746232316579,20.7233872449884 70.9749098094137,20.7237152867703 70.9752158084229,20.7238073614058 70.9755561869435,20.7241021642951 70.9757611429895,20.7242372180889 70.9760413866744,20.7243612148996 70.9760538653033,20.7243174309268 70.9760809569859,20.72419573594</coordinates></LinearRing></outerBoundaryIs></Polygon></MultiGeometry>
  </Placemark>
  <Placemark>
	<name>Aquaculture Pond</name>
	<Style><LineStyle><color>ff0000ff</color></LineStyle><PolyStyle><fill>0</fill></PolyStyle></Style>
	<ExtendedData><SchemaData schemaUrl="#wb_sac_dd">
		<SimpleData name="id">64</SimpleData>
		<SimpleData name="objectid_1">64</SimpleData>
		<SimpleData name="wetcode">2202</SimpleData>
		<SimpleData name="wetname"></SimpleData>
		<SimpleData name="aqveg">No</SimpleData>
		<SimpleData name="turbidity">Moderate</SimpleData>
		<SimpleData name="level_i">Costal</SimpleData>
		<SimpleData name="level_ii">Man-made</SimpleData>
		<SimpleData name="l4type"></SimpleData>
		<SimpleData name="area_ha">13.367914230176</SimpleData>
		<SimpleData name="remarks"></SimpleData>
		<SimpleData name="lat">20.7310480528</SimpleData>
		<SimpleData name="long">70.9032808018</SimpleData>
		<SimpleData name="state">Daman &amp; Diu</SimpleData>
		<SimpleData name="shape_length">2623.49065834638</SimpleData>
		<SimpleData name="shape_area">133679.14230176</SimpleData>
		<SimpleData name="ds_name">Hydrological Layer</SimpleData>
		<SimpleData name="src_agency">SAC N</SimpleData>
	</SchemaData></ExtendedData>
      <MultiGeometry><Polygon><outerBoundaryIs><LinearRing><coordinates>70.8980155580082,20.7319762223572 70.9010675876388,20.7317221809586 70.9025851111587,20.7317253175964 70.9037984255731,20.7317278199927 70.9040364498718,20.7317212994695 70.9059949837527,20.7316676445646 70.909465594324,20.7316055384105 70.9093325347143,20.7315200973373 70.9065329661218,20.7306908402086 70.9039214947873,20.730275272148 70.9038250387544,20.7298748592037 70.9029745112375,20.7301136891928 70.9009552136594,20.7307382407964 70.8998780545249,20.7311372862123 70.8997964909256,20.730708028056 70.8986395547782,20.7308211740945 70.8977006143256,20.7313047122459 70.8976331758817,20.7320080491221 70.8980155580082,20.7319762223572</coordinates></LinearRing></outerBoundaryIs></Polygon></MultiGeometry>
  </Placemark>
  <Placemark>
	<name>Tank/Pond</name>
	<Style><LineStyle><color>ff0000ff</color></LineStyle><PolyStyle><fill>0</fill></PolyStyle></Style>
	<ExtendedData><SchemaData schemaUrl="#wb_sac_dd">
		<SimpleData name="id">120</SimpleData>
		<SimpleData name="objectid_1">120</SimpleData>
		<SimpleData name="wetcode">1202</SimpleData>
		<SimpleData name="wetname"></SimpleData>
		<SimpleData name="aqveg">No</SimpleData>
		<SimpleData name="turbidity">High</SimpleData>
		<SimpleData name="level_i">Inland</SimpleData>
		<SimpleData name="level_ii">Man-made</SimpleData>
		<SimpleData name="l4type"></SimpleData>
		<SimpleData name="area_ha">0.454403847072751</SimpleData>
		<SimpleData name="remarks"></SimpleData>
		<SimpleData name="lat">20.4180164717</SimpleData>
		<SimpleData name="long">72.854844812</SimpleData>
		<SimpleData name="state">Daman &amp; Diu</SimpleData>
		<SimpleData name="shape_length">251.304275446938</SimpleData>
		<SimpleData name="shape_area">4544.03847072751</SimpleData>
		<SimpleData name="ds_name">Hydrological Layer</SimpleData>
		<SimpleData name="src_agency">SAC N</SimpleData>
	</SchemaData></ExtendedData>
      <MultiGeometry><Polygon><outerBoundaryIs><LinearRing><coordinates>72.8551414434513,20.4177635856872 72.854883339256,20.4177317318668 72.8546854634075,20.4177436310286 72.8544401806226,20.4178839828354 72.8544065888456,20.4181129685398 72.8544354110543,20.4182280231169 72.854617088183,20.418287611686 72.8549972379373,20.4182922942762 72.8552267197841,20.4181947589725 72.8552897286145,20.4180378228652 72.8552312887525,20.4178650541517 72.8551414434513,20.4177635856872</coordinates></LinearRing></outerBoundaryIs></Polygon></MultiGeometry>
  </Placemark>
  <Placemark>
	<name>Tank/Pond</name>
	<Style><LineStyle><color>ff0000ff</color></LineStyle><PolyStyle><fill>0</fill></PolyStyle></Style>
	<ExtendedData><SchemaData schemaUrl="#wb_sac_dd">
		<SimpleData name="id">70</SimpleData>
		<SimpleData name="objectid_1">70</SimpleData>
		<SimpleData name="wetcode">1202</SimpleData>
		<SimpleData name="wetname"></SimpleData>
		<SimpleData name="aqveg">Yes</SimpleData>
		<SimpleData name="turbidity">Moderate</SimpleData>
		<SimpleData name="level_i">Inland</SimpleData>
		<SimpleData name="level_ii">Man-made</SimpleData>
		<SimpleData name="l4type"></SimpleData>
		<SimpleData name="area_ha">34.9115050881611</SimpleData>
		<SimpleData name="remarks"></SimpleData>
		<SimpleData name="lat">20.7217677986</SimpleData>
		<SimpleData name="long">70.8853466819</SimpleData>
		<SimpleData name="state">Daman &amp; Diu</SimpleData>
		<SimpleData name="shape_length">4523.45382469377</SimpleData>
		<SimpleData name="shape_area">349115.050881611</SimpleData>
		<SimpleData name="ds_name">Hydrological Layer</SimpleData>
		<SimpleData name="src_agency">SAC N</SimpleData>
	</SchemaData></ExtendedData>
      <MultiGeometry><Polygon><outerBoundaryIs><LinearRing><coordinates>70.8891228366662,20.7237232812793 70.8896592549173,20.7235548840043 70.8899922516146,20.7233696032813 70.890882692714,20.7230730444035 70.8915808186816,20.7228359516769 70.8919663879417,20.722793476012 70.8920654851666,20.7225916434847 70.892926745685,20.7224005472467 70.8946376737319,20.7219037590478 70.8945810526757,20.7214359860042 70.8941437426129,20.7214025641518 70.8940299731675,20.7212413119295 70.8938158043889,20.7211767559816 70.8934809150813,20.7212091191936 70.8929844339165,20.721319732145 70.8928339509478,20.7214743330497 70.8927445388716,20.7216378222824 70.8926749707496,20.7217628558377 70.8924019844247,20.7218710092826 70.8919646734131,20.7218375819721 70.891608277316,20.7217745876692 70.8911598568913,20.7216648071975 70.8908029873416,20.7215635786816 70.8907950830448,20.7217452889949 70.8906429358261,20.7217660796396 70.8905484197262,20.7215185808816 70.8898884423616,20.7215545092927 70.8897224999272,20.7221012022099 70.8894099421618,20.7222958169988 70.8893096562766,20.7224020691608 70.8891376628402,20.7224613125934 70.8889746436997,20.7224248662804 70.8889430999156,20.7223391794377 70.8888807230589,20.7222251547103 70.8886978608438,20.7222271633808 70.8886586468357,20.7223423034137 70.8886508585401,20.7225335707047 70.8884072782558,20.7225553632856 70.8881129024445,20.7225777128917 70.8875028846083,20.7225461692267 70.8874561170426,20.7228716929582 70.8867128454871,20.7227460180612 70.8871775309049,20.7217085340249 70.8858543731876,20.7215222995268 70.8857501983327,20.7221352275623 70.8852312594506,20.7220740004179 70.8851586072577,20.7219505269583 70.8852173145058,20.7217682595716 70.885379959796,20.7209539498816 70.8838408711321,20.7205597641311 70.8828181223881,20.7200165281172 70.8821655895739,20.7198324830018 70.8816687474517,20.719914391061 70.8802248808318,20.7198250238847 70.8791586653687,20.7198749080645 70.8785178276104,20.7198149914736 70.8781913270847,20.7197038450299 70.8779357038561,20.719572806861 70.8790976436386,20.7231639313821 70.8796363140397,20.7231771652195 70.8799914130194,20.7231350478886 70.8803675379813,20.7231500561748 70.8806119472068,20.7231951809095 70.8808874248995,20.7232877615239 70.8810714705904,20.7233813403437 70.8812753621963,20.7234364664694 70.8816110863571,20.7234710319375 70.8817630011944,20.7234311328632 70.8819035752378,20.7232957671751 70.8821657053569,20.7231303932478 70.8822486330432,20.7232633147314 70.8825341516771,20.7233462238298 70.882635388772,20.7233164382023 70.8830384451276,20.7230443708146 70.8831897673049,20.7229566818113 70.8835558515311,20.7229813514974 70.883749228688,20.7230079120921 70.8840743197888,20.7230043529779 70.8842662796986,20.7229162176184 70.8845196655646,20.7228656465418 70.8848861027561,20.7229189873924 70.88510157353,20.7230886910824 70.885286922482,20.7232874021729 70.8856636390328,20.7233501873779 70.8860793340222,20.7232787172536 70.8863928462891,20.7231605703828 70.8866553258432,20.7230238631518 70.8866170571225,20.7232154656987 70.8865871716195,20.7232635893737 70.8880758538049,20.7236869785019 70.8884114603634,20.7237119726118 70.8886552796478,20.7237092957353 70.8891228366662,20.7237232812793</coordinates></LinearRing></outerBoundaryIs></Polygon></MultiGeometry>
  </Placemark>
  <Placemark>
	<name>Tank/Pond</name>
	<Style><LineStyle><color>ff0000ff</color></LineStyle><PolyStyle><fill>0</fill></PolyStyle></Style>
	<ExtendedData><SchemaData schemaUrl="#wb_sac_dd">
		<SimpleData name="id">66</SimpleData>
		<SimpleData name="objectid_1">66</SimpleData>
		<SimpleData name="wetcode">1202</SimpleData>
		<SimpleData name="wetname"></SimpleData>
		<SimpleData name="aqveg">No</SimpleData>
		<SimpleData name="turbidity">High</SimpleData>
		<SimpleData name="level_i">Inland</SimpleData>
		<SimpleData name="level_ii">Man-made</SimpleData>
		<SimpleData name="l4type"></SimpleData>
		<SimpleData name="area_ha">0.70191773970275</SimpleData>
		<SimpleData name="remarks"></SimpleData>
		<SimpleData name="lat">20.7141922425</SimpleData>
		<SimpleData name="long">70.9739087812</SimpleData>
		<SimpleData name="state">Daman &amp; Diu</SimpleData>
		<SimpleData name="shape_length">340.618745801642</SimpleData>
		<SimpleData name="shape_area">7019.1773970275</SimpleData>
		<SimpleData name="ds_name">Hydrological Layer</SimpleData>
		<SimpleData name="src_agency">SAC N</SimpleData>
	</SchemaData></ExtendedData>
      <MultiGeometry><Polygon><outerBoundaryIs><LinearRing><coordinates>70.9737863426348,20.7138558526446 70.9736083917619,20.7138435552003 70.9734625258311,20.7139551543892 70.9733517770959,20.714032894274 70.9732555868197,20.7140578933164 70.9732235782641,20.7142454677187 70.973339760031,20.7142815606855 70.973533565999,20.7143414697776 70.973706933254,20.7143920554427 70.9738706378417,20.714480985612 70.9740187952556,20.7145461979234 70.9742372543735,20.7145484718253 70.9743787854994,20.7144942744979 70.9744637661779,20.7143881536721 70.9745232894443,20.714277543682 70.974546641065,20.7141195560631 70.9744845156666,20.7140294603943 70.9743770518866,20.7139685615496 70.9741987924551,20.7139323711652 70.9740920716659,20.7139288162877 70.9738936819026,20.713907195138 70.9737863426348,20.7138558526446</coordinates></LinearRing></outerBoundaryIs></Polygon></MultiGeometry>
  </Placemark>
  <Placemark>
	<name>Creek</name>
	<Style><LineStyle><color>ff0000ff</color></LineStyle><PolyStyle><fill>0</fill></PolyStyle></Style>
	<ExtendedData><SchemaData schemaUrl="#wb_sac_dd">
		<SimpleData name="id">62</SimpleData>
		<SimpleData name="objectid_1">62</SimpleData>
		<SimpleData name="wetcode">2102</SimpleData>
		<SimpleData name="wetname"></SimpleData>
		<SimpleData name="aqveg">No</SimpleData>
		<SimpleData name="turbidity">Moderate</SimpleData>
		<SimpleData name="level_i">Costal</SimpleData>
		<SimpleData name="level_ii">Natural</SimpleData>
		<SimpleData name="l4type"></SimpleData>
		<SimpleData name="area_ha">156.973191082763</SimpleData>
		<SimpleData name="remarks"></SimpleData>
		<SimpleData name="lat">20.7277482194</SimpleData>
		<SimpleData name="long">70.8985395862</SimpleData>
		<SimpleData name="state">Daman &amp; Diu</SimpleData>
		<SimpleData name="shape_length">17731.1059229918</SimpleData>
		<SimpleData name="shape_area">1569731.91082763</SimpleData>
		<SimpleData name="ds_name">Hydrological Layer</SimpleData>
		<SimpleData name="src_agency">SAC N</SimpleData>
	</SchemaData></ExtendedData>
      <MultiGeometry><Polygon><outerBoundaryIs><LinearRing><coordinates>70.8728267187723,20.7092081176709 70.8733373025231,20.7065686992095 70.8721801271634,20.7068408886314 70.8715912922818,20.7070402641543 70.8713929797072,20.7071074111535 70.8711481106326,20.7073196221993 70.8709273328331,20.707617740272 70.8708126825785,20.7086522216115 70.8708030055028,20.7086722591278 70.8708093776453,20.708682051301 70.8707881928517,20.708873209613 70.8708456839062,20.7102641931189 70.8709704998858,20.7109461322145 70.8712105146106,20.7117138896556 70.8714696317964,20.7128565505344 70.871508093092,20.7138229508925 70.871853645362,20.7160539665591 70.8719304410814,20.7168895233228 70.8721319783536,20.7183527319976 70.8724583891614,20.719305701354 70.8727368112464,20.7197753316496 70.873207255704,20.720425684592 70.8741960814968,20.7213379274622 70.8746425552329,20.7216856838112 70.8749112993809,20.7221012217895 70.8752903134213,20.7225145155917 70.8753062500714,20.7229189444983 70.8757339845437,20.723157895655 70.87567264724,20.7228415238269 70.8754413880732,20.7225027822921 70.8752804675716,20.7218114957992 70.8750956227317,20.7212399585265 70.8750024655796,20.7208944520919 70.8747207397264,20.7207063380335 70.8746163553717,20.7204804446195 70.874624789201,20.7201338315578 70.8746482750906,20.7199782392278 70.8745567374197,20.7197641550462 70.8741345928869,20.719517823961 70.8738784149265,20.7193413792703 70.8736449894109,20.7189496034534 70.8732810522918,20.7182724733162 70.8732113882908,20.7177713729364 70.8731256480844,20.7169956216444 70.8731238851187,20.7168522522595 70.8730043112668,20.7164233889462 70.8728845892073,20.7159825789746 70.8728801839172,20.7156241564012 70.873039386449,20.7151444628684 70.8732006457468,20.7148320344719 70.8732581143902,20.7143414991162 70.8731892529347,20.7128725203047 70.8734174440767,20.7118065743921 70.8732838538188,20.7112703233902 70.873447605276,20.7111609998828 70.873443052714,20.710790629581 70.8733741286656,20.7106550801813 70.8732738666122,20.7104578989025 70.8731826309243,20.7102677077551 70.8730769357741,20.7099342854911 70.8729461392983,20.7096250347203 70.8728267187723,20.7092081176709</coordinates></LinearRing></outerBoundaryIs></Polygon><Polygon><outerBoundaryIs><LinearRing><coordinates>70.8948121157222,20.7319114499281 70.8946354615321,20.7318893481057 70.8936994331236,20.7313834654075 70.8933062396044,20.7316315524836 70.892449140124,20.7315604361517 70.8923955390976,20.7318548630098 70.8921165933654,20.7318937782997 70.891836015369,20.731801274492 70.8916201224889,20.7318036481998 70.8914932751613,20.7318169928754 70.8914290347277,20.7317579549082 70.8914523560544,20.7315904135923 70.8912860739142,20.731496651606 70.8910437439633,20.7314156734523 70.8905338325855,20.7312659440548 70.8891699405946,20.7308746680286 70.8888497836517,20.7306631039232 70.8884278853466,20.7304407067762 70.888020315442,20.7303495900589 70.887537735584,20.7303548870572 70.8870183896733,20.7304681261025 70.8866762442083,20.7305316249289 70.8851102093191,20.7302261748708 70.883835972627,20.7298936167313 70.883426042148,20.7296113316736 70.8830770975292,20.7291252462878 70.882843779061,20.7287454339707 70.8825496252365,20.7285813689243 70.8824874585721,20.7286895895586 70.8821557976132,20.7285737297441 70.8821515142714,20.7282272566905 70.8821213881153,20.7278452207958 70.8819899651213,20.727488189275 70.881873014051,20.7272743882877 70.8816528432534,20.7269302775187 70.881610021398,20.7265483792516 70.88150517926,20.7262866485988 70.8813631256776,20.726097019704 70.8810825636177,20.7260044950571 70.8808034769806,20.7260314450154 70.87971712243,20.7237126740249 70.8794821630887,20.7236100901052 70.8792337942311,20.7236558199512 70.8789874968117,20.7234577676654 70.8757947078674,20.7234710993376 70.8757438858992,20.7232089628218 70.8758177706114,20.7241268206956 70.8758186663609,20.7241379568616 70.8758186640196,20.7247611843025 70.8759674261024,20.7257548295267 70.8764475097523,20.7267483831169 70.8767691559985,20.7271863718009 70.8771291700435,20.7276289988193 70.8775852326272,20.7280670556383 70.8780653047108,20.7285367308633 70.8785453372881,20.7289251153204 70.8792270334462,20.7293947534659 70.8798415191192,20.7297469804149 70.8804752649252,20.7301037827236 70.8813777107975,20.730442467411 70.8824482837546,20.7309527274888 70.8828563196414,20.7310610733719 70.8840469254905,20.7314403970018 70.8848870459542,20.731652572277 70.8857319156122,20.7317518776877 70.8860634211225,20.7317766869188 70.8872393248385,20.7318646849053 70.8875126559788,20.7319005087252 70.887824977138,20.7319414448062 70.8892411293708,20.7320270532174 70.8905661132134,20.7320540423427 70.8914878893838,20.7321532878689 70.8927840024393,20.7322751432613 70.8938689731782,20.7323879333693 70.8946371010011,20.7326000396997 70.8947494168448,20.7326248122343 70.8948121157222,20.7319114499281</coordinates></LinearRing></outerBoundaryIs></Polygon><Polygon><outerBoundaryIs><LinearRing><coordinates>70.8957399437304,20.7328887169196 70.8957860677992,20.7326631540487 70.8960610939309,20.7327174763266 70.8962054505641,20.7320857673601 70.8953853777827,20.7319831714922 70.8953207256031,20.7326252663159 70.8955188401961,20.7326230841349 70.8954924807229,20.7328183889551 70.8957399437304,20.7328887169196</coordinates></LinearRing></outerBoundaryIs></Polygon><Polygon><outerBoundaryIs><LinearRing><coordinates>70.9296327313036,20.7369482490996 70.9292206242304,20.7369026888563 70.9289249639029,20.7369304321143 70.9290542204384,20.7369459880266 70.9297499937157,20.7369607038919 70.9296327313036,20.7369482490996</coordinates></LinearRing></outerBoundaryIs></Polygon><Polygon><outerBoundaryIs><LinearRing><coordinates>70.9242930875849,20.7406642849145 70.9244418011528,20.7402307060681 70.9244981272332,20.7399379124321 70.9244192404487,20.7398994611918 70.9244623033893,20.739287204933 70.9245791454684,20.7388844198621 70.9250363045015,20.7384600154883 70.9253628336348,20.7379903749816 70.9254777181905,20.7378780535501 70.9250269109489,20.738133808669 70.9245945086463,20.738492330793 70.9243528461377,20.7386670968915 70.9242139923607,20.738936301807 70.9242568073579,20.7391078849055 70.9241617353142,20.7396251330449 70.9239324058903,20.7399718230542 70.9237419033246,20.7401746926421 70.923256397637,20.7403521854309 70.9226165562559,20.7403784605757 70.9220150600432,20.7402226831238 70.9214652115807,20.7401332393725 70.9208550059811,20.7400922633739 70.9201930347637,20.7399753913514 70.9197739410764,20.7397793329459 70.9194858435968,20.7394957789454 70.9194721863846,20.7392187220765 70.9195793642608,20.7388542829843 70.9197691481069,20.7385940711934 70.9198493423577,20.7385071447617 70.9199785263134,20.7382762870376 70.9200818142544,20.7384089598814 70.9201345435795,20.738561314192 70.9204314737916,20.7387396188154 70.9206865586973,20.7388228005647 70.9211443597977,20.7388654807566 70.9215802710588,20.7387841370947 70.9218342703878,20.7387812989707 70.9222422383995,20.7389010047612 70.9224755551459,20.7388697190987 70.9227181850838,20.738771415854 70.922613686922,20.7385431689576 70.9222737011314,20.7381741702064 70.9218030858249,20.737921338239 70.9216267463449,20.7376365394536 70.9214214983976,20.7374763307793 70.9207905006103,20.7373973500412 70.9204079240172,20.7376788341145 70.9201858543045,20.7377960221861 70.9201821156284,20.7374997349908 70.9202404212255,20.7372887869043 70.9201958013893,20.7369738373592 70.9200604678524,20.7367172564382 70.9199056582428,20.7365278053362 70.9196081307125,20.736301711228 70.9193421671684,20.7361612950407 70.9191366809593,20.7359819683514 70.9186556781001,20.7357101250434 70.9183397613161,20.7356371768599 70.9178119355944,20.7356813002494 70.9175277789556,20.7357095619224 70.9138835596028,20.7357979559538 70.9111724153761,20.7363538568684 70.9105153417274,20.7363715641926 70.9092956797287,20.736346875108 70.9093626005318,20.7360115655719 70.9090562478637,20.7358906993013 70.909084448773,20.735708764831 70.9091013496635,20.7354327105834 70.9088114099733,20.7354600245869 70.9065532482966,20.735676257597 70.9053146276251,20.7355573544413 70.9051836541379,20.7354440967064 70.9051207217333,20.7352870700913 70.9049813206987,20.735109382167 70.9048189713817,20.7349247790454 70.9046579675979,20.7348477000989 70.90464864343,20.7347115868877 70.9047782696444,20.7347173197234 70.9049457274703,20.7347011266189 70.9049593516172,20.7345719285173 70.9049424968098,20.7344430676328 70.9047889335597,20.7343515683201 70.9046439780184,20.734338834426 70.9043994269512,20.7342841890887 70.9043303104697,20.7342419388123 70.9042298170053,20.7341283432328 70.9040836967679,20.7340224210054 70.9038309870886,20.7339248493308 70.9036012281969,20.7338341917171 70.9032734876092,20.7338306506296 70.9028457033518,20.7337493525663 70.9025856441857,20.7336733665225 70.9022182820504,20.7335483839592 70.9015244335152,20.7335202106414 70.9009680109607,20.7335120238743 70.9004868001919,20.7334241415171 70.9000738999078,20.7333139949551 70.8996769551155,20.7332610263603 70.8993177519163,20.7331789612656 70.8990131401144,20.7331966641624 70.8987083492623,20.733200029061 70.8984264163662,20.733203142064 70.8982433632221,20.7331908242904 70.898105581322,20.7331421591681 70.8979978312582,20.7330573170154 70.8976242837855,20.7330471002996 70.8972575516243,20.7329722840126 70.8967368164424,20.7327701182103 70.8965889795941,20.7331345275296 70.8973591258795,20.7333584505587 70.8983866155549,20.7337421784547 70.8995771857714,20.7341530020374 70.9006141747412,20.7343741231478 70.9010602929999,20.7345200007131 70.9013871480565,20.7346268793155 70.9019584507134,20.7348525984225 70.9026785948099,20.7352950646566 70.9032547413982,20.7355930743587 70.903600438128,20.7358277863679 70.9044455121821,20.7362250574706 70.9049111851052,20.7364102072663 70.9053480396618,20.7365636101828 70.9066011305777,20.7366356159432 70.9076812220411,20.7366625650623 70.9087038674983,20.7367255507489 70.9095343911815,20.7368111676998 70.9096610563255,20.7368171502882 70.9101057134803,20.7368381508467 70.9103601134187,20.7369961853962 70.9107825869341,20.7370819032985 70.911133080977,20.7372082518728 70.911421166146,20.7373572408856 70.9117813601563,20.7377817197218 70.9121271475044,20.7382513393502 70.9123816989446,20.7386350842538 70.9126265960243,20.7390144193314 70.9127545117963,20.7392302996369 70.912837990559,20.7393711840943 70.9131212419651,20.739723357094 70.9133902748713,20.7401433379234 70.9138896040103,20.7405677083355 70.9144034574479,20.7409785489819 70.9148980589868,20.7413623247657 70.9152773307564,20.7416151534229 70.9158632028248,20.7420259994169 70.9163145292657,20.7421522956044 70.9165545620658,20.7422967524314 70.9171259593695,20.7424727405291 70.917654135166,20.7426171429132 70.9184079237565,20.7427975941728 70.9190080928178,20.7429554601578 70.9194930080584,20.7430953732314 70.9199442943699,20.743126822693 70.9202221049028,20.7429888216648 70.9206354968882,20.7427834690064 70.9213266650852,20.7422097047115 70.9217058750114,20.7418257575891 70.9219313508185,20.7415547131222 70.9223537519073,20.7412609632085 70.9226706162988,20.7411028808497 70.9230450005958,20.741044049427 70.9236162917664,20.7409761498767 70.9238275219904,20.7409760433097 70.9242930875849,20.7406642849145</coordinates></LinearRing></outerBoundaryIs></Polygon></MultiGeometry>
  </Placemark>
  <Placemark>
	<name>Tank/Pond</name>
	<Style><LineStyle><color>ff0000ff</color></LineStyle><PolyStyle><fill>0</fill></PolyStyle></Style>
	<ExtendedData><SchemaData schemaUrl="#wb_sac_dd">
		<SimpleData name="id">121</SimpleData>
		<SimpleData name="objectid_1">121</SimpleData>
		<SimpleData name="wetcode">1202</SimpleData>
		<SimpleData name="wetname"></SimpleData>
		<SimpleData name="aqveg">No</SimpleData>
		<SimpleData name="turbidity">High</SimpleData>
		<SimpleData name="level_i">Inland</SimpleData>
		<SimpleData name="level_ii">Man-made</SimpleData>
		<SimpleData name="l4type"></SimpleData>
		<SimpleData name="area_ha">0.203102502744324</SimpleData>
		<SimpleData name="remarks"></SimpleData>
		<SimpleData name="lat">20.4174762313</SimpleData>
		<SimpleData name="long">72.860286667</SimpleData>
		<SimpleData name="state">Daman &amp; Diu</SimpleData>
		<SimpleData name="shape_length">317.029952914322</SimpleData>
		<SimpleData name="shape_area">2031.02502744324</SimpleData>
		<SimpleData name="ds_name">Hydrological Layer</SimpleData>
		<SimpleData name="src_agency">SAC N</SimpleData>
	</SchemaData></ExtendedData>
      <MultiGeometry><Polygon><outerBoundaryIs><LinearRing><coordinates>72.8610030835532,20.4173052006969 72.8607143681679,20.4172873164995 72.8604704783289,20.4173273325666 72.8601503601551,20.4173807486097 72.8598914624956,20.4174062425484 72.8596301852766,20.4176037551861 72.8597207893155,20.4177095305308 72.8604310162195,20.417411123291 72.8610419488417,20.4173938648718 72.8610030835532,20.4173052006969</coordinates></LinearRing></outerBoundaryIs></Polygon></MultiGeometry>
  </Placemark>
  <Placemark>
	<name>Tank/Pond</name>
	<Style><LineStyle><color>ff0000ff</color></LineStyle><PolyStyle><fill>0</fill></PolyStyle></Style>
	<ExtendedData><SchemaData schemaUrl="#wb_sac_dd">
		<SimpleData name="id">65</SimpleData>
		<SimpleData name="objectid_1">65</SimpleData>
		<SimpleData name="wetcode">1202</SimpleData>
		<SimpleData name="wetname"></SimpleData>
		<SimpleData name="aqveg">No</SimpleData>
		<SimpleData name="turbidity">High</SimpleData>
		<SimpleData name="level_i">Inland</SimpleData>
		<SimpleData name="level_ii">Man-made</SimpleData>
		<SimpleData name="l4type"></SimpleData>
		<SimpleData name="area_ha">2.24240678227508</SimpleData>
		<SimpleData name="remarks"></SimpleData>
		<SimpleData name="lat">20.7137616255</SimpleData>
		<SimpleData name="long">70.9722030501</SimpleData>
		<SimpleData name="state">Daman &amp; Diu</SimpleData>
		<SimpleData name="shape_length">613.541785608396</SimpleData>
		<SimpleData name="shape_area">22424.0678227508</SimpleData>
		<SimpleData name="ds_name">Hydrological Layer</SimpleData>
		<SimpleData name="src_agency">SAC N</SimpleData>
	</SchemaData></ExtendedData>
      <MultiGeometry><Polygon><outerBoundaryIs><LinearRing><coordinates>70.9731000562529,20.714207838603 70.9731492991271,20.7140877891597 70.9731523357829,20.7139300342641 70.9731006177891,20.7138589367101 70.9730186111275,20.713802523453 70.9728703299858,20.7137277533667 70.9727569843585,20.7136047882834 70.9726794384246,20.7135005309347 70.9726169435779,20.7133817615472 70.9726051770403,20.713257632236 70.9715785523077,20.7128249122288 70.9712799945363,20.7141088417076 70.9714538421243,20.714178910579 70.9716163703764,20.7141770485152 70.9718093716803,20.7141748363345 70.9719074198963,20.7142931979618 70.9720404010434,20.7143633664767 70.9722345785096,20.7144519494151 70.9723831081223,20.7145458346469 70.9726228111373,20.7146195578396 70.9727956823123,20.714631914713 70.9729262524684,20.7145157119776 70.97301594094,20.7143808605243 70.9731000562529,20.714207838603</coordinates></LinearRing></outerBoundaryIs></Polygon></MultiGeometry>
  </Placemark>
  <Placemark>
	<name>Tank/Pond</name>
	<Style><LineStyle><color>ff0000ff</color></LineStyle><PolyStyle><fill>0</fill></PolyStyle></Style>
	<ExtendedData><SchemaData schemaUrl="#wb_sac_dd">
		<SimpleData name="id">84</SimpleData>
		<SimpleData name="objectid_1">84</SimpleData>
		<SimpleData name="wetcode">1202</SimpleData>
		<SimpleData name="wetname"></SimpleData>
		<SimpleData name="aqveg">No</SimpleData>
		<SimpleData name="turbidity">High</SimpleData>
		<SimpleData name="level_i">Inland</SimpleData>
		<SimpleData name="level_ii">Man-made</SimpleData>
		<SimpleData name="l4type"></SimpleData>
		<SimpleData name="area_ha">0.453300365011329</SimpleData>
		<SimpleData name="remarks"></SimpleData>
		<SimpleData name="lat">20.4021088143</SimpleData>
		<SimpleData name="long">72.8972795441</SimpleData>
		<SimpleData name="state">Daman &amp; Diu</SimpleData>
		<SimpleData name="shape_length">325.337437844457</SimpleData>
		<SimpleData name="shape_area">4533.00365011329</SimpleData>
		<SimpleData name="ds_name">Hydrological Layer</SimpleData>
		<SimpleData name="src_agency">SAC N</SimpleData>
	</SchemaData></ExtendedData>
      <MultiGeometry><Polygon><outerBoundaryIs><LinearRing><coordinates>72.8978034022385,20.4025001853412 72.8979042767522,20.4023508555732 72.8978865297744,20.4023198089137 72.8969573914034,20.4017274938222 72.8968720271833,20.4016819946497 72.896707472611,20.4020138140089 72.8973855588866,20.4024736364713 72.8975772753562,20.4023540785613 72.8978034022385,20.4025001853412</coordinates></LinearRing></outerBoundaryIs></Polygon></MultiGeometry>
  </Placemark>
  <Placemark>
	<name>Tank/Pond</name>
	<Style><LineStyle><color>ff0000ff</color></LineStyle><PolyStyle><fill>0</fill></PolyStyle></Style>
	<ExtendedData><SchemaData schemaUrl="#wb_sac_dd">
		<SimpleData name="id">118</SimpleData>
		<SimpleData name="objectid_1">118</SimpleData>
		<SimpleData name="wetcode">1202</SimpleData>
		<SimpleData name="wetname"></SimpleData>
		<SimpleData name="aqveg">No</SimpleData>
		<SimpleData name="turbidity">High</SimpleData>
		<SimpleData name="level_i">Inland</SimpleData>
		<SimpleData name="level_ii">Man-made</SimpleData>
		<SimpleData name="l4type"></SimpleData>
		<SimpleData name="area_ha">0.354418379555594</SimpleData>
		<SimpleData name="remarks"></SimpleData>
		<SimpleData name="lat">20.4169355565</SimpleData>
		<SimpleData name="long">72.8645370332</SimpleData>
		<SimpleData name="state">Daman &amp; Diu</SimpleData>
		<SimpleData name="shape_length">263.037722522613</SimpleData>
		<SimpleData name="shape_area">3544.18379555594</SimpleData>
		<SimpleData name="ds_name">Hydrological Layer</SimpleData>
		<SimpleData name="src_agency">SAC N</SimpleData>
	</SchemaData></ExtendedData>
      <MultiGeometry><Polygon><outerBoundaryIs><LinearRing><coordinates>72.8647165403442,20.4168744518629 72.8646291281326,20.4165961879749 72.8641752534924,20.4166073485905 72.8641604381576,20.4167624903283 72.8641130142773,20.4168561367135 72.8642445288777,20.4169234549112 72.8645990072241,20.4172350536285 72.8649008403146,20.417307304036 72.8649747220039,20.4172812836064 72.864835945716,20.4170384071113 72.8647165403442,20.4168744518629</coordinates></LinearRing></outerBoundaryIs></Polygon></MultiGeometry>
  </Placemark>
  <Placemark>
	<name>Tank/Pond</name>
	<Style><LineStyle><color>ff0000ff</color></LineStyle><PolyStyle><fill>0</fill></PolyStyle></Style>
	<ExtendedData><SchemaData schemaUrl="#wb_sac_dd">
		<SimpleData name="id">71</SimpleData>
		<SimpleData name="objectid_1">71</SimpleData>
		<SimpleData name="wetcode">1202</SimpleData>
		<SimpleData name="wetname"></SimpleData>
		<SimpleData name="aqveg">Yes</SimpleData>
		<SimpleData name="turbidity">Moderate</SimpleData>
		<SimpleData name="level_i">Inland</SimpleData>
		<SimpleData name="level_ii">Man-made</SimpleData>
		<SimpleData name="l4type"></SimpleData>
		<SimpleData name="area_ha">31.8188081833262</SimpleData>
		<SimpleData name="remarks"></SimpleData>
		<SimpleData name="lat">20.7256493052</SimpleData>
		<SimpleData name="long">70.8917407828</SimpleData>
		<SimpleData name="state">Daman &amp; Diu</SimpleData>
		<SimpleData name="shape_length">3931.73371280481</SimpleData>
		<SimpleData name="shape_area">318188.081833262</SimpleData>
		<SimpleData name="ds_name">Hydrological Layer</SimpleData>
		<SimpleData name="src_agency">SAC N</SimpleData>
	</SchemaData></ExtendedData>
      <MultiGeometry><Polygon><outerBoundaryIs><LinearRing><coordinates>70.8848919573289,20.7256061215683 70.8848587867214,20.7282615391805 70.884870090526,20.7286020767849 70.8872006229509,20.7284904900576 70.887253759601,20.7278590043677 70.8878771416121,20.7277374542394 70.8879698219319,20.727836807143 70.8895686818205,20.7277188798934 70.8895656575408,20.7274751556577 70.8919872420086,20.7273338278353 70.8929279631863,20.7269936894649 70.8926343220651,20.7266671316268 70.8925396814322,20.7264100761997 70.8924904001408,20.7261238446407 70.89247355768,20.7259949813962 70.8926514351585,20.7255915424531 70.8928927606301,20.7253881448613 70.8935467828583,20.7252805768032 70.8961219613781,20.7252378737458 70.8969762263755,20.7253001482924 70.8976591135184,20.7250631986334 70.8981865713703,20.7245842042281 70.8987333767735,20.7244347838277 70.8993103013943,20.7242563519022 70.8989406823244,20.7227261979384 70.8987402575673,20.7225420078607 70.8981443477946,20.72241953565 70.8979164850511,20.722479403112 70.897176585555,20.7230324318235 70.8961458971562,20.7234882941361 70.8950983579084,20.7238152868869 70.894430532311,20.7240377211912 70.8937028198477,20.7243468450065 70.8925484186401,20.7246606608802 70.8920473202312,20.724809560085 70.8915146755595,20.7248727721211 70.8911966193048,20.7250339945959 70.890817785668,20.7252102232256 70.8908505774465,20.7253962662761 70.890777054357,20.725612153503 70.8905034661169,20.7256725153876 70.8901836279153,20.7256903684799 70.8898037237398,20.7257805755049 70.8894390577031,20.7258706122578 70.8891753708041,20.7255007020226 70.8884176933793,20.7258531500424 70.8879307591797,20.7259158500642 70.8875956814422,20.7259338658774 70.8872600693489,20.7259088708092 70.8869676867811,20.7256826585518 70.8866311869268,20.7255859792544 70.8859753811323,20.7255501533129 70.8855029750841,20.7255553318492 70.8852417833738,20.7253861294833 70.8851067624085,20.7255596746932 70.8848919573289,20.7256061215683</coordinates></LinearRing></outerBoundaryIs></Polygon></MultiGeometry>
  </Placemark>
  <Placemark>
	<name>NA</name>
	<Style><LineStyle><color>ff0000ff</color></LineStyle><PolyStyle><fill>0</fill></PolyStyle></Style>
	<ExtendedData><SchemaData schemaUrl="#wb_sac_dd">
		<SimpleData name="id">72</SimpleData>
		<SimpleData name="objectid_1">72</SimpleData>
		<SimpleData name="wetcode">9999</SimpleData>
		<SimpleData name="wetname"></SimpleData>
		<SimpleData name="aqveg">NA</SimpleData>
		<SimpleData name="turbidity">NA</SimpleData>
		<SimpleData name="level_i">NA</SimpleData>
		<SimpleData name="level_ii">NA</SimpleData>
		<SimpleData name="l4type"></SimpleData>
		<SimpleData name="area_ha">0.324254072198838</SimpleData>
		<SimpleData name="remarks"></SimpleData>
		<SimpleData name="lat">20.4164236618</SimpleData>
		<SimpleData name="long">72.8621499954</SimpleData>
		<SimpleData name="state">Daman &amp; Diu</SimpleData>
		<SimpleData name="shape_length">256.18670146977</SimpleData>
		<SimpleData name="shape_area">3242.54072198838</SimpleData>
		<SimpleData name="ds_name">Hydrological Layer</SimpleData>
		<SimpleData name="src_agency">SAC N</SimpleData>
	</SchemaData></ExtendedData>
      <MultiGeometry><Polygon><outerBoundaryIs><LinearRing><coordinates>72.8622002082716,20.4161231192083 72.8621242617607,20.4161162124888 72.8619942533531,20.4161235778327 72.8618515335299,20.4161337729782 72.8617465803907,20.4161623544372 72.8616921073756,20.4162064906469 72.8616786518562,20.4162630779635 72.8617829450739,20.4162822795546 72.8619603056423,20.4162874445318 72.861961946919,20.4163979831014 72.8619735459173,20.4164757867266 72.8620171543146,20.4165300872624 72.8620892318869,20.4165877251843 72.8621518883044,20.4166392730896 72.8622019567862,20.4166846919324 72.8622803700456,20.4167424070591 72.862400585412,20.4167558301918 72.8624931562431,20.4167061885037 72.8625404663786,20.416663975232 72.8625456980061,20.4165724194602 72.8625309724048,20.4164915904635 72.8625096634558,20.4164286021152 72.8624723903961,20.4163743790055 72.862409775404,20.4163198458542 72.8623625458835,20.4162983559114 72.8622872590985,20.4162436662654 72.8622437751186,20.4161804068893 72.8622002082716,20.4161231192083</coordinates></LinearRing></outerBoundaryIs></Polygon></MultiGeometry>
  </Placemark>
  <Placemark>
	<name>Tank/Pond</name>
	<Style><LineStyle><color>ff0000ff</color></LineStyle><PolyStyle><fill>0</fill></PolyStyle></Style>
	<ExtendedData><SchemaData schemaUrl="#wb_sac_dd">
		<SimpleData name="id">73</SimpleData>
		<SimpleData name="objectid_1">73</SimpleData>
		<SimpleData name="wetcode">1202</SimpleData>
		<SimpleData name="wetname"></SimpleData>
		<SimpleData name="aqveg">No</SimpleData>
		<SimpleData name="turbidity">High</SimpleData>
		<SimpleData name="level_i">Inland</SimpleData>
		<SimpleData name="level_ii">Man-made</SimpleData>
		<SimpleData name="l4type"></SimpleData>
		<SimpleData name="area_ha">2.24069134493833</SimpleData>
		<SimpleData name="remarks"></SimpleData>
		<SimpleData name="lat">20.3829171065</SimpleData>
		<SimpleData name="long">72.8555044913</SimpleData>
		<SimpleData name="state">Daman &amp; Diu</SimpleData>
		<SimpleData name="shape_length">558.991906598209</SimpleData>
		<SimpleData name="shape_area">22406.9134493832</SimpleData>
		<SimpleData name="ds_name">Hydrological Layer</SimpleData>
		<SimpleData name="src_agency">SAC N</SimpleData>
	</SchemaData></ExtendedData>
      <MultiGeometry><Polygon><outerBoundaryIs><LinearRing><coordinates>72.8553125559582,20.3822175598358 72.8549390752019,20.3821950441221 72.854754388034,20.3822644589155 72.8546638882014,20.3823947725489 72.8546484086577,20.3825976963785 72.8547327932426,20.3829093804115 72.8548175907727,20.3831912003215 72.8549861406595,20.3833724919172 72.8552434550105,20.383548901038 72.8555648586638,20.3836723326236 72.8559070001755,20.3836705662321 72.8562758834949,20.3835675710104 72.8562586972443,20.3834359322155 72.8562603491673,20.3833164738065 72.8562621655975,20.3831850695397 72.8563026502953,20.383006348278 72.8563177132015,20.382833288266 72.8563210992002,20.3825883982079 72.8562094759643,20.3824137806686 72.8559641692127,20.3822853118079 72.8556541980882,20.3822516315104 72.8553125559582,20.3822175598358</coordinates></LinearRing></outerBoundaryIs></Polygon></MultiGeometry>
  </Placemark>
  <Placemark>
	<name>Tank/Pond</name>
	<Style><LineStyle><color>ff0000ff</color></LineStyle><PolyStyle><fill>0</fill></PolyStyle></Style>
	<ExtendedData><SchemaData schemaUrl="#wb_sac_dd">
		<SimpleData name="id">74</SimpleData>
		<SimpleData name="objectid_1">74</SimpleData>
		<SimpleData name="wetcode">1202</SimpleData>
		<SimpleData name="wetname"></SimpleData>
		<SimpleData name="aqveg">No</SimpleData>
		<SimpleData name="turbidity">High</SimpleData>
		<SimpleData name="level_i">Inland</SimpleData>
		<SimpleData name="level_ii">Man-made</SimpleData>
		<SimpleData name="l4type"></SimpleData>
		<SimpleData name="area_ha">3.59054839650946</SimpleData>
		<SimpleData name="remarks"></SimpleData>
		<SimpleData name="lat">20.3861363728</SimpleData>
		<SimpleData name="long">72.8454526918</SimpleData>
		<SimpleData name="state">Daman &amp; Diu</SimpleData>
		<SimpleData name="shape_length">752.340545177768</SimpleData>
		<SimpleData name="shape_area">35905.4839650946</SimpleData>
		<SimpleData name="ds_name">Hydrological Layer</SimpleData>
		<SimpleData name="src_agency">SAC N</SimpleData>
	</SchemaData></ExtendedData>
      <MultiGeometry><Polygon><outerBoundaryIs><LinearRing><coordinates>72.8466985322195,20.38589349674 72.8460265578648,20.3850106150338 72.8454854688195,20.3851042912124 72.8452263260249,20.3851512704004 72.8450038949813,20.3852918959939 72.844796864985,20.3854183726103 72.8447049520043,20.385467417695 72.8446122403697,20.38557380279 72.8445345327987,20.3856947093262 72.8444412238203,20.3858440994914 72.8443987316387,20.3861661648699 72.8443950442046,20.3864313604047 72.8443922527465,20.386632050086 72.8444346717962,20.3868619728985 72.8445144000865,20.3871425386039 72.8447465571503,20.3873963129923 72.8466985322195,20.38589349674</coordinates></LinearRing></outerBoundaryIs></Polygon></MultiGeometry>
  </Placemark>
  <Placemark>
	<name>Tank/Pond</name>
	<Style><LineStyle><color>ff0000ff</color></LineStyle><PolyStyle><fill>0</fill></PolyStyle></Style>
	<ExtendedData><SchemaData schemaUrl="#wb_sac_dd">
		<SimpleData name="id">75</SimpleData>
		<SimpleData name="objectid_1">75</SimpleData>
		<SimpleData name="wetcode">1202</SimpleData>
		<SimpleData name="wetname"></SimpleData>
		<SimpleData name="aqveg">No</SimpleData>
		<SimpleData name="turbidity">High</SimpleData>
		<SimpleData name="level_i">Inland</SimpleData>
		<SimpleData name="level_ii">Man-made</SimpleData>
		<SimpleData name="l4type"></SimpleData>
		<SimpleData name="area_ha">1.1477169193122</SimpleData>
		<SimpleData name="remarks"></SimpleData>
		<SimpleData name="lat">20.3944522731</SimpleData>
		<SimpleData name="long">72.8498374076</SimpleData>
		<SimpleData name="state">Daman &amp; Diu</SimpleData>
		<SimpleData name="shape_length">427.470480984552</SimpleData>
		<SimpleData name="shape_area">11477.169193122</SimpleData>
		<SimpleData name="ds_name">Hydrological Layer</SimpleData>
		<SimpleData name="src_agency">SAC N</SimpleData>
	</SchemaData></ExtendedData>
      <MultiGeometry><Polygon><outerBoundaryIs><LinearRing><coordinates>72.849936651098,20.3937939586129 72.8497947505706,20.393792206932 72.8496573885254,20.3938287463363 72.8495398338158,20.3938989833981 72.8494971691413,20.3940513888555 72.8494344307657,20.3941892100108 72.8492868924861,20.3945936168576 72.8492747010369,20.3947416195054 72.8493032513385,20.3948757880211 72.8493982145756,20.3949725427561 72.8495599890669,20.3950032132663 72.8496708198047,20.3950523726431 72.8497517731652,20.3950629293732 72.8498689325535,20.395021362467 72.8500371666197,20.3949517513134 72.8502102704448,20.3948965365111 72.850368104253,20.3948459122448 72.8503911604929,20.3946454727083 72.8504113360901,20.3942872851809 72.8503973254916,20.3942010875251 72.8503317084273,20.3941811620316 72.8502100790989,20.3941796625009 72.8501291262896,20.3941691051099 72.8500180980169,20.3941342813033 72.8500091546029,20.3940481467567 72.8500362178222,20.3939242228602 72.8500222735391,20.3938332468046 72.849936651098,20.3937939586129</coordinates></LinearRing></outerBoundaryIs></Polygon></MultiGeometry>
  </Placemark>
  <Placemark>
	<name>Tank/Pond</name>
	<Style><LineStyle><color>ff0000ff</color></LineStyle><PolyStyle><fill>0</fill></PolyStyle></Style>
	<ExtendedData><SchemaData schemaUrl="#wb_sac_dd">
		<SimpleData name="id">76</SimpleData>
		<SimpleData name="objectid_1">76</SimpleData>
		<SimpleData name="wetcode">1202</SimpleData>
		<SimpleData name="wetname"></SimpleData>
		<SimpleData name="aqveg">No</SimpleData>
		<SimpleData name="turbidity">High</SimpleData>
		<SimpleData name="level_i">Inland</SimpleData>
		<SimpleData name="level_ii">Man-made</SimpleData>
		<SimpleData name="l4type"></SimpleData>
		<SimpleData name="area_ha">2.79516326042146</SimpleData>
		<SimpleData name="remarks"></SimpleData>
		<SimpleData name="lat">20.3934675682</SimpleData>
		<SimpleData name="long">72.8368052915</SimpleData>
		<SimpleData name="state">Daman &amp; Diu</SimpleData>
		<SimpleData name="shape_length">681.610098585739</SimpleData>
		<SimpleData name="shape_area">27951.6326042146</SimpleData>
		<SimpleData name="ds_name">Hydrological Layer</SimpleData>
		<SimpleData name="src_agency">SAC N</SimpleData>
	</SchemaData></ExtendedData>
      <MultiGeometry><Polygon><outerBoundaryIs><LinearRing><coordinates>72.8380438326283,20.3930028632054 72.8377433657341,20.3927410644287 72.8373154715959,20.3928934663558 72.8369120824884,20.3929243052624 72.8366483262577,20.3927561510544 72.8365131966303,20.3926326074024 72.83556898301,20.3932804025532 72.836106294969,20.3940039404171 72.8363687530289,20.3942652705863 72.8366032057542,20.394354204128 72.8376758518866,20.3937653470746 72.8380438326283,20.3930028632054</coordinates></LinearRing></outerBoundaryIs></Polygon></MultiGeometry>
  </Placemark>
  <Placemark>
	<name>Tank/Pond</name>
	<Style><LineStyle><color>ff0000ff</color></LineStyle><PolyStyle><fill>0</fill></PolyStyle></Style>
	<ExtendedData><SchemaData schemaUrl="#wb_sac_dd">
		<SimpleData name="id">77</SimpleData>
		<SimpleData name="objectid_1">77</SimpleData>
		<SimpleData name="wetcode">1202</SimpleData>
		<SimpleData name="wetname"></SimpleData>
		<SimpleData name="aqveg">No</SimpleData>
		<SimpleData name="turbidity">High</SimpleData>
		<SimpleData name="level_i">Inland</SimpleData>
		<SimpleData name="level_ii">Man-made</SimpleData>
		<SimpleData name="l4type"></SimpleData>
		<SimpleData name="area_ha">1.4126935848143</SimpleData>
		<SimpleData name="remarks"></SimpleData>
		<SimpleData name="lat">20.3991755287</SimpleData>
		<SimpleData name="long">72.8369482499</SimpleData>
		<SimpleData name="state">Daman &amp; Diu</SimpleData>
		<SimpleData name="shape_length">549.755854908511</SimpleData>
		<SimpleData name="shape_area">14126.935848143</SimpleData>
		<SimpleData name="ds_name">Hydrological Layer</SimpleData>
		<SimpleData name="src_agency">SAC N</SimpleData>
	</SchemaData></ExtendedData>
      <MultiGeometry><Polygon><outerBoundaryIs><LinearRing><coordinates>72.8376846060624,20.3984949849809 72.8369849295993,20.3982353993531 72.836323743542,20.3997565058469 72.8362194634609,20.3999642970379 72.8362169599399,20.4001434826745 72.8363181527725,20.4001566867672 72.8365403798716,20.4001236026857 72.8368678866132,20.3998110533251 72.8372611595318,20.3993260757466 72.8373707729788,20.3991900356532 72.8375003070886,20.3989885315935 72.8376304244955,20.3987452159899 72.8376846060624,20.3984949849809</coordinates></LinearRing></outerBoundaryIs></Polygon></MultiGeometry>
  </Placemark>
  <Placemark>
	<name>Tank/Pond</name>
	<Style><LineStyle><color>ff0000ff</color></LineStyle><PolyStyle><fill>0</fill></PolyStyle></Style>
	<ExtendedData><SchemaData schemaUrl="#wb_sac_dd">
		<SimpleData name="id">78</SimpleData>
		<SimpleData name="objectid_1">78</SimpleData>
		<SimpleData name="wetcode">1202</SimpleData>
		<SimpleData name="wetname"></SimpleData>
		<SimpleData name="aqveg">No</SimpleData>
		<SimpleData name="turbidity">High</SimpleData>
		<SimpleData name="level_i">Inland</SimpleData>
		<SimpleData name="level_ii">Man-made</SimpleData>
		<SimpleData name="l4type"></SimpleData>
		<SimpleData name="area_ha">0.410243512048588</SimpleData>
		<SimpleData name="remarks"></SimpleData>
		<SimpleData name="lat">20.3747642341</SimpleData>
		<SimpleData name="long">72.8400243469</SimpleData>
		<SimpleData name="state">Daman &amp; Diu</SimpleData>
		<SimpleData name="shape_length">268.184027589615</SimpleData>
		<SimpleData name="shape_area">4102.43512048588</SimpleData>
		<SimpleData name="ds_name">Hydrological Layer</SimpleData>
		<SimpleData name="src_agency">SAC N</SimpleData>
	</SchemaData></ExtendedData>
      <MultiGeometry><Polygon><outerBoundaryIs><LinearRing><coordinates>72.8402080237434,20.3745482189073 72.8400117530253,20.374539814434 72.8397959819039,20.3745670130832 72.8395355394672,20.3746175522233 72.8394522822535,20.3746822339303 72.8395015401301,20.3747844002635 72.8397469863159,20.3749009440917 72.8399483433696,20.3749990206503 72.8401065268448,20.3750129271981 72.8402847113552,20.3749553948214 72.8405211485021,20.3748089736911 72.8405730666851,20.3747200078011 72.8405742319515,20.3746363876979 72.8405428113851,20.3746180774979 72.8404037957364,20.3745924603392 72.8402080237434,20.3745482189073</coordinates></LinearRing></outerBoundaryIs></Polygon></MultiGeometry>
  </Placemark>
  <Placemark>
	<name>Tank/Pond</name>
	<Style><LineStyle><color>ff0000ff</color></LineStyle><PolyStyle><fill>0</fill></PolyStyle></Style>
	<ExtendedData><SchemaData schemaUrl="#wb_sac_dd">
		<SimpleData name="id">80</SimpleData>
		<SimpleData name="objectid_1">80</SimpleData>
		<SimpleData name="wetcode">1202</SimpleData>
		<SimpleData name="wetname"></SimpleData>
		<SimpleData name="aqveg">No</SimpleData>
		<SimpleData name="turbidity">High</SimpleData>
		<SimpleData name="level_i">Inland</SimpleData>
		<SimpleData name="level_ii">Man-made</SimpleData>
		<SimpleData name="l4type"></SimpleData>
		<SimpleData name="area_ha">0.612948786736812</SimpleData>
		<SimpleData name="remarks"></SimpleData>
		<SimpleData name="lat">20.3732222645</SimpleData>
		<SimpleData name="long">72.8318499867</SimpleData>
		<SimpleData name="state">Daman &amp; Diu</SimpleData>
		<SimpleData name="shape_length">361.004535885936</SimpleData>
		<SimpleData name="shape_area">6129.48786736812</SimpleData>
		<SimpleData name="ds_name">Hydrological Layer</SimpleData>
		<SimpleData name="src_agency">SAC N</SimpleData>
	</SchemaData></ExtendedData>
      <MultiGeometry><Polygon><outerBoundaryIs><LinearRing><coordinates>72.8318300663866,20.3736748486738 72.8319118330155,20.3732636667687 72.8324397799226,20.3732917328158 72.8323533797299,20.3729465638957 72.8314428030687,20.3728277167541 72.8313494260333,20.3735255010929 72.8318300663866,20.3736748486738</coordinates></LinearRing></outerBoundaryIs></Polygon></MultiGeometry>
  </Placemark>
  <Placemark>
	<name>Tank/Pond</name>
	<Style><LineStyle><color>ff0000ff</color></LineStyle><PolyStyle><fill>0</fill></PolyStyle></Style>
	<ExtendedData><SchemaData schemaUrl="#wb_sac_dd">
		<SimpleData name="id">81</SimpleData>
		<SimpleData name="objectid_1">81</SimpleData>
		<SimpleData name="wetcode">1202</SimpleData>
		<SimpleData name="wetname"></SimpleData>
		<SimpleData name="aqveg">No</SimpleData>
		<SimpleData name="turbidity">High</SimpleData>
		<SimpleData name="level_i">Inland</SimpleData>
		<SimpleData name="level_ii">Man-made</SimpleData>
		<SimpleData name="l4type"></SimpleData>
		<SimpleData name="area_ha">6.04786927463407</SimpleData>
		<SimpleData name="remarks"></SimpleData>
		<SimpleData name="lat">20.383421029</SimpleData>
		<SimpleData name="long">72.8775077841</SimpleData>
		<SimpleData name="state">Daman &amp; Diu</SimpleData>
		<SimpleData name="shape_length">1425.72198016364</SimpleData>
		<SimpleData name="shape_area">60478.6927463407</SimpleData>
		<SimpleData name="ds_name">Hydrological Layer</SimpleData>
		<SimpleData name="src_agency">SAC N</SimpleData>
	</SchemaData></ExtendedData>
      <MultiGeometry><Polygon><outerBoundaryIs><LinearRing><coordinates>72.8786802949549,20.3841659588561 72.8785895191263,20.3835770108878 72.8785144851217,20.3835044107694 72.8784749077257,20.3836186302677 72.8784266514404,20.3838116005456 72.8781917920408,20.3837513923037 72.8780110256683,20.3836273226461 72.8779827790235,20.3834692649168 72.878091454034,20.3833057042937 72.8782588811414,20.3832934044327 72.8784412172828,20.3833027917615 72.878517133602,20.38331088337 72.8785344940323,20.3831533811073 72.8784908473694,20.3830094737259 72.8783022835094,20.3828996466262 72.8781058241023,20.3828112307669 72.8778937703512,20.3827512998362 72.8776117348714,20.3828052180597 72.877453087168,20.3827315991042 72.8775682844349,20.3826469753909 72.8777441958936,20.3825702587513 72.8779663026595,20.3824510923527 72.8781643307372,20.3824248255111 72.8783999727383,20.3824276936929 72.8785822102002,20.382444248374 72.8787374702698,20.382464094947 72.8787811514879,20.382165889555 72.8773791715501,20.3816517911714 72.876959243234,20.3827076649935 72.8766190227909,20.3831240926739 72.8761132358844,20.3837870222758 72.8760083473584,20.38404382329 72.8760754970742,20.3843218348576 72.8768719954439,20.3846374046878 72.8774674912852,20.384826264468 72.8785305224301,20.3849252272281 72.8788153577108,20.3848522253488 72.8789411645199,20.3845478856122 72.8788207186865,20.384460394462 72.8786802949549,20.3841659588561</coordinates></LinearRing></outerBoundaryIs></Polygon></MultiGeometry>
  </Placemark>
  <Placemark>
	<name>Tank/Pond</name>
	<Style><LineStyle><color>ff0000ff</color></LineStyle><PolyStyle><fill>0</fill></PolyStyle></Style>
	<ExtendedData><SchemaData schemaUrl="#wb_sac_dd">
		<SimpleData name="id">105</SimpleData>
		<SimpleData name="objectid_1">105</SimpleData>
		<SimpleData name="wetcode">1202</SimpleData>
		<SimpleData name="wetname"></SimpleData>
		<SimpleData name="aqveg">No</SimpleData>
		<SimpleData name="turbidity">High</SimpleData>
		<SimpleData name="level_i">Inland</SimpleData>
		<SimpleData name="level_ii">Man-made</SimpleData>
		<SimpleData name="l4type"></SimpleData>
		<SimpleData name="area_ha">3.08195391369812</SimpleData>
		<SimpleData name="remarks"></SimpleData>
		<SimpleData name="lat">20.4162692101</SimpleData>
		<SimpleData name="long">72.895482078</SimpleData>
		<SimpleData name="state">Daman &amp; Diu</SimpleData>
		<SimpleData name="shape_length">689.234123614853</SimpleData>
		<SimpleData name="shape_area">30819.5391369812</SimpleData>
		<SimpleData name="ds_name">Hydrological Layer</SimpleData>
		<SimpleData name="src_agency">SAC N</SimpleData>
	</SchemaData></ExtendedData>
      <MultiGeometry><Polygon><outerBoundaryIs><LinearRing><coordinates>72.8963645738676,20.415381637358 72.8961241353842,20.4153548363027 72.8959208998165,20.4153882257994 72.8956154775015,20.415480118974 72.8952968967765,20.4156076984338 72.8947754031231,20.4157447726992 72.8943807895533,20.4158714307836 72.894251633136,20.4160490904445 72.894338872858,20.4161576779932 72.8945253753933,20.4164227907185 72.8948015557821,20.4166172998825 72.8950780629976,20.416787916159 72.8953669169871,20.4169825771003 72.8956684439236,20.4171773893064 72.895971757924,20.4172407959876 72.8962406292149,20.4170409269149 72.8964464645422,20.416816398999 72.8964480884788,20.4166969376088 72.8964381776991,20.4164937000186 72.8964410998055,20.4162786697299 72.896470664959,20.4159683749813 72.8964990926901,20.4157417047457 72.8965018528253,20.4155386199323 72.8963645738676,20.415381637358</coordinates></LinearRing></outerBoundaryIs></Polygon></MultiGeometry>
  </Placemark>
  <Placemark>
	<name>Tank/Pond</name>
	<Style><LineStyle><color>ff0000ff</color></LineStyle><PolyStyle><fill>0</fill></PolyStyle></Style>
	<ExtendedData><SchemaData schemaUrl="#wb_sac_dd">
		<SimpleData name="id">82</SimpleData>
		<SimpleData name="objectid_1">82</SimpleData>
		<SimpleData name="wetcode">1202</SimpleData>
		<SimpleData name="wetname"></SimpleData>
		<SimpleData name="aqveg">No</SimpleData>
		<SimpleData name="turbidity">High</SimpleData>
		<SimpleData name="level_i">Inland</SimpleData>
		<SimpleData name="level_ii">Man-made</SimpleData>
		<SimpleData name="l4type"></SimpleData>
		<SimpleData name="area_ha">5.9534689635906</SimpleData>
		<SimpleData name="remarks"></SimpleData>
		<SimpleData name="lat">20.4008171956</SimpleData>
		<SimpleData name="long">72.8855369139</SimpleData>
		<SimpleData name="state">Daman &amp; Diu</SimpleData>
		<SimpleData name="shape_length">1095.29725879599</SimpleData>
		<SimpleData name="shape_area">59534.689635906</SimpleData>
		<SimpleData name="ds_name">Hydrological Layer</SimpleData>
		<SimpleData name="src_agency">SAC N</SimpleData>
	</SchemaData></ExtendedData>
      <MultiGeometry><Polygon><outerBoundaryIs><LinearRing><coordinates>72.8877645090774,20.400048307147 72.887737250382,20.400003726467 72.8877023112398,20.4000262560811 72.8871513893162,20.3998591747529 72.8871180687885,20.3998371605586 72.8868852278357,20.399848270035 72.8864525835183,20.3997928409032 72.8861025859788,20.3998101030969 72.8857209080621,20.3999201736236 72.8854155461945,20.4000096636362 72.885140886348,20.4000780184132 72.8848974184155,20.4000894009317 72.8844783145153,20.400156001696 72.8840052117757,20.4002792970187 72.8837372718652,20.4004122513922 72.8836137754997,20.4005469584257 72.8835580126912,20.4007326712667 72.8836234954552,20.4009485308419 72.8837496003503,20.4011794655241 72.8838207276575,20.4015387703904 72.883801115332,20.4018611296819 72.8841187502281,20.4019868570895 72.8846442909057,20.4019215501003 72.8849951745192,20.4018397834485 72.8852330000964,20.4016849554827 72.8853565950248,20.40154307847 72.8863603255083,20.4009817498116 72.8873925040718,20.4005641361334 72.8877587258008,20.4004723940282 72.8877864288544,20.4002994826449 72.8877645090774,20.400048307147</coordinates></LinearRing></outerBoundaryIs></Polygon></MultiGeometry>
  </Placemark>
  <Placemark>
	<name>Tank/Pond</name>
	<Style><LineStyle><color>ff0000ff</color></LineStyle><PolyStyle><fill>0</fill></PolyStyle></Style>
	<ExtendedData><SchemaData schemaUrl="#wb_sac_dd">
		<SimpleData name="id">83</SimpleData>
		<SimpleData name="objectid_1">83</SimpleData>
		<SimpleData name="wetcode">1202</SimpleData>
		<SimpleData name="wetname"></SimpleData>
		<SimpleData name="aqveg">No</SimpleData>
		<SimpleData name="turbidity">High</SimpleData>
		<SimpleData name="level_i">Inland</SimpleData>
		<SimpleData name="level_ii">Man-made</SimpleData>
		<SimpleData name="l4type"></SimpleData>
		<SimpleData name="area_ha">7.66001471827855</SimpleData>
		<SimpleData name="remarks"></SimpleData>
		<SimpleData name="lat">20.4084004173</SimpleData>
		<SimpleData name="long">72.8963079902</SimpleData>
		<SimpleData name="state">Daman &amp; Diu</SimpleData>
		<SimpleData name="shape_length">1165.58692587545</SimpleData>
		<SimpleData name="shape_area">76600.1471827855</SimpleData>
		<SimpleData name="ds_name">Hydrological Layer</SimpleData>
		<SimpleData name="src_agency">SAC N</SimpleData>
	</SchemaData></ExtendedData>
      <MultiGeometry><Polygon><outerBoundaryIs><LinearRing><coordinates>72.8979943514485,20.4096259625391 72.8965026683255,20.4065492381629 72.8946950965138,20.4071367568835 72.8953710602041,20.4086862308982 72.8954089172618,20.4096305893217 72.8955915174035,20.4101824078352 72.8979943514485,20.4096259625391</coordinates></LinearRing></outerBoundaryIs></Polygon></MultiGeometry>
  </Placemark>
  <Placemark>
	<name>Tank/Pond</name>
	<Style><LineStyle><color>ff0000ff</color></LineStyle><PolyStyle><fill>0</fill></PolyStyle></Style>
	<ExtendedData><SchemaData schemaUrl="#wb_sac_dd">
		<SimpleData name="id">91</SimpleData>
		<SimpleData name="objectid_1">91</SimpleData>
		<SimpleData name="wetcode">1202</SimpleData>
		<SimpleData name="wetname"></SimpleData>
		<SimpleData name="aqveg">No</SimpleData>
		<SimpleData name="turbidity">High</SimpleData>
		<SimpleData name="level_i">Inland</SimpleData>
		<SimpleData name="level_ii">Man-made</SimpleData>
		<SimpleData name="l4type"></SimpleData>
		<SimpleData name="area_ha">3.24716772381382</SimpleData>
		<SimpleData name="remarks"></SimpleData>
		<SimpleData name="lat">20.4421492787</SimpleData>
		<SimpleData name="long">72.8404456921</SimpleData>
		<SimpleData name="state">Daman &amp; Diu</SimpleData>
		<SimpleData name="shape_length">842.133155519918</SimpleData>
		<SimpleData name="shape_area">32471.6772381382</SimpleData>
		<SimpleData name="ds_name">Hydrological Layer</SimpleData>
		<SimpleData name="src_agency">SAC N</SimpleData>
	</SchemaData></ExtendedData>
      <MultiGeometry><Polygon><outerBoundaryIs><LinearRing><coordinates>72.8404964745428,20.4407940618457 72.840453035805,20.4407278092414 72.8396734545054,20.4407300780345 72.8395829045727,20.4408603780746 72.8395490511188,20.4410152789972 72.8395080249172,20.441229828473 72.8395694623291,20.441822005287 72.8396857701241,20.4421161693423 72.8398037474468,20.4422908758617 72.8401547666688,20.4425700326285 72.8403798025041,20.4427938600657 72.8406229307665,20.4430836242948 72.8408520513625,20.443468796439 72.8409374291278,20.4437088110573 72.841133787075,20.4437172224353 72.8412360947405,20.4436527782243 72.8413263111992,20.4435463689151 72.8413665848441,20.4433855735917 72.8413687539332,20.4432302801724 72.8413705893696,20.4430988770067 72.8412902140006,20.4429545074138 72.841348579508,20.4428596491717 72.8414065282075,20.4427946567029 72.8414140329215,20.4427111149612 72.8413461634013,20.4425788473166 72.8412458600512,20.4424999420069 72.8410339143442,20.4422464093419 72.8409038457792,20.4420297351685 72.8407736946256,20.4418190346478 72.8406945711256,20.4415850713232 72.8406528841113,20.4413933903735 72.8405920204178,20.4412134176262 72.8405252379629,20.4410035037418 72.8404964745428,20.4407940618457</coordinates></LinearRing></outerBoundaryIs></Polygon></MultiGeometry>
  </Placemark>
  <Placemark>
	<name>Tank/Pond</name>
	<Style><LineStyle><color>ff0000ff</color></LineStyle><PolyStyle><fill>0</fill></PolyStyle></Style>
	<ExtendedData><SchemaData schemaUrl="#wb_sac_dd">
		<SimpleData name="id">92</SimpleData>
		<SimpleData name="objectid_1">92</SimpleData>
		<SimpleData name="wetcode">1202</SimpleData>
		<SimpleData name="wetname"></SimpleData>
		<SimpleData name="aqveg">No</SimpleData>
		<SimpleData name="turbidity">High</SimpleData>
		<SimpleData name="level_i">Inland</SimpleData>
		<SimpleData name="level_ii">Man-made</SimpleData>
		<SimpleData name="l4type"></SimpleData>
		<SimpleData name="area_ha">0.430094687623372</SimpleData>
		<SimpleData name="remarks"></SimpleData>
		<SimpleData name="lat">20.4190657187</SimpleData>
		<SimpleData name="long">72.8374174016</SimpleData>
		<SimpleData name="state">Daman &amp; Diu</SimpleData>
		<SimpleData name="shape_length">239.189492589321</SimpleData>
		<SimpleData name="shape_area">4300.94687623372</SimpleData>
		<SimpleData name="ds_name">Hydrological Layer</SimpleData>
		<SimpleData name="src_agency">SAC N</SimpleData>
	</SchemaData></ExtendedData>
      <MultiGeometry><Polygon><outerBoundaryIs><LinearRing><coordinates>72.8377019214327,20.4188262788392 72.837479636493,20.4187709486587 72.8372714896034,20.4187922583836 72.8371292338825,20.418814387338 72.8370625397264,20.4188709077928 72.8370307251521,20.4189708734987 72.8370293227673,20.4190712172208 72.8370481949128,20.4191718126364 72.8371076826439,20.4192681338266 72.8371727068175,20.4193310691703 72.8372889517184,20.4193564098227 72.837441077889,20.4193535190969 72.8375882025257,20.4193457889088 72.837705248217,20.4193137891403 72.8377666740665,20.4192715393777 72.8378035560743,20.419171636117 72.8378046245212,20.4190951839385 72.8378059598842,20.4189996177934 72.8377564745524,20.4189129800969 72.8377019214327,20.4188262788392</coordinates></LinearRing></outerBoundaryIs></Polygon></MultiGeometry>
  </Placemark>
  <Placemark>
	<name>Tank/Pond</name>
	<Style><LineStyle><color>ff0000ff</color></LineStyle><PolyStyle><fill>0</fill></PolyStyle></Style>
	<ExtendedData><SchemaData schemaUrl="#wb_sac_dd">
		<SimpleData name="id">94</SimpleData>
		<SimpleData name="objectid_1">94</SimpleData>
		<SimpleData name="wetcode">1202</SimpleData>
		<SimpleData name="wetname"></SimpleData>
		<SimpleData name="aqveg">No</SimpleData>
		<SimpleData name="turbidity">High</SimpleData>
		<SimpleData name="level_i">Inland</SimpleData>
		<SimpleData name="level_ii">Man-made</SimpleData>
		<SimpleData name="l4type"></SimpleData>
		<SimpleData name="area_ha">0.484140913574722</SimpleData>
		<SimpleData name="remarks"></SimpleData>
		<SimpleData name="lat">20.4289080569</SimpleData>
		<SimpleData name="long">72.8640705263</SimpleData>
		<SimpleData name="state">Daman &amp; Diu</SimpleData>
		<SimpleData name="shape_length">371.783676196138</SimpleData>
		<SimpleData name="shape_area">4841.40913574722</SimpleData>
		<SimpleData name="ds_name">Hydrological Layer</SimpleData>
		<SimpleData name="src_agency">SAC N</SimpleData>
	</SchemaData></ExtendedData>
      <MultiGeometry><Polygon><outerBoundaryIs><LinearRing><coordinates>72.8637010911394,20.4285680320016 72.8632677254086,20.4284267996921 72.8632697891051,20.428448680149 72.8633752786561,20.4286112714264 72.8635201875914,20.4286727908427 72.8636408244895,20.428656349472 72.8637010911394,20.4285680320016</coordinates></LinearRing></outerBoundaryIs></Polygon><Polygon><outerBoundaryIs><LinearRing><coordinates>72.8646205164117,20.4288676722616 72.8638827270356,20.4286272277551 72.8638367557768,20.4286945975542 72.8638409460782,20.4288499717436 72.8638899044278,20.4289760258073 72.8639582017845,20.4290784206818 72.8640385121142,20.4292287554005 72.8641068097155,20.4293311502316 72.8644185264149,20.4292453667712 72.8646219482464,20.4292000701852 72.8647053108091,20.4291294057626 72.8646761027253,20.4289498290914 72.8646205164117,20.4288676722616</coordinates></LinearRing></outerBoundaryIs></Polygon></MultiGeometry>
  </Placemark>
  <Placemark>
	<name>Waterlogged</name>
	<Style><LineStyle><color>ff0000ff</color></LineStyle><PolyStyle><fill>0</fill></PolyStyle></Style>
	<ExtendedData><SchemaData schemaUrl="#wb_sac_dd">
		<SimpleData name="id">95</SimpleData>
		<SimpleData name="objectid_1">95</SimpleData>
		<SimpleData name="wetcode">1203</SimpleData>
		<SimpleData name="wetname"></SimpleData>
		<SimpleData name="aqveg">No</SimpleData>
		<SimpleData name="turbidity">High</SimpleData>
		<SimpleData name="level_i">Inland</SimpleData>
		<SimpleData name="level_ii">Man-made</SimpleData>
		<SimpleData name="l4type"></SimpleData>
		<SimpleData name="area_ha">3.65510556604367</SimpleData>
		<SimpleData name="remarks"></SimpleData>
		<SimpleData name="lat">20.4443841511</SimpleData>
		<SimpleData name="long">72.8696563301</SimpleData>
		<SimpleData name="state">Daman &amp; Diu</SimpleData>
		<SimpleData name="shape_length">889.939632454834</SimpleData>
		<SimpleData name="shape_area">36551.0556604367</SimpleData>
		<SimpleData name="ds_name">Hydrological Layer</SimpleData>
		<SimpleData name="src_agency">SAC N</SimpleData>
	</SchemaData></ExtendedData>
      <MultiGeometry><Polygon><outerBoundaryIs><LinearRing><coordinates>72.8700199577744,20.445498069277 72.8701599985286,20.4452703839678 72.870458447485,20.4451378317225 72.8707879056254,20.4449626461743 72.8707974696236,20.4448205826617 72.8706087089925,20.4445363011165 72.8703998696451,20.4442374364847 72.8702377090728,20.4442306713131 72.8700958930989,20.4442193773402 72.870045921207,20.4441661932287 72.8700521756229,20.444080245346 72.8701188048618,20.4440284902961 72.8702309932351,20.4439820724734 72.8703629344179,20.4439741297411 72.8703318422879,20.4438387371476 72.8703181151052,20.4437310374852 72.8702752553656,20.4435297884316 72.870155758947,20.4433706131766 72.8700183873092,20.4434047746699 72.869896618953,20.4434104518778 72.8697455214547,20.4433369144243 72.8696934772998,20.4432502520255 72.8695262807749,20.4432410360952 72.8694190299366,20.4432970721279 72.8693191857077,20.4433675362965 72.8691064628179,20.443350593052 72.8689771897447,20.4433490092342 72.86883971878,20.4433903375411 72.8687082707903,20.4435464400845 72.8687741394268,20.4437336338282 72.868809887277,20.4438989541608 72.868768703413,20.4441278496114 72.8685843204827,20.4442617959204 72.8685675302053,20.4443762903115 72.8686563114182,20.4445565964144 72.8688842447298,20.4445737269834 72.8690736620901,20.444626229233 72.8690250698043,20.4448406956584 72.8689315446044,20.4450044313729 72.8688303144061,20.4451752406414 72.8689352934261,20.4452840578587 72.8691548330712,20.4453584352971 72.8693227232416,20.4453174798648 72.8694524932092,20.4452832256694 72.8695415712616,20.4454420284912 72.8696698584954,20.4455152873651 72.8698370568206,20.4455245049447 72.8700199577744,20.445498069277</coordinates></LinearRing></outerBoundaryIs></Polygon></MultiGeometry>
  </Placemark>
  <Placemark>
	<name>Waterlogged</name>
	<Style><LineStyle><color>ff0000ff</color></LineStyle><PolyStyle><fill>0</fill></PolyStyle></Style>
	<ExtendedData><SchemaData schemaUrl="#wb_sac_dd">
		<SimpleData name="id">96</SimpleData>
		<SimpleData name="objectid_1">96</SimpleData>
		<SimpleData name="wetcode">1203</SimpleData>
		<SimpleData name="wetname"></SimpleData>
		<SimpleData name="aqveg">No</SimpleData>
		<SimpleData name="turbidity">High</SimpleData>
		<SimpleData name="level_i">Inland</SimpleData>
		<SimpleData name="level_ii">Man-made</SimpleData>
		<SimpleData name="l4type"></SimpleData>
		<SimpleData name="area_ha">1.20360331215319</SimpleData>
		<SimpleData name="remarks"></SimpleData>
		<SimpleData name="lat">20.418492365</SimpleData>
		<SimpleData name="long">72.8820525292</SimpleData>
		<SimpleData name="state">Daman &amp; Diu</SimpleData>
		<SimpleData name="shape_length">595.175387157224</SimpleData>
		<SimpleData name="shape_area">12036.0331215319</SimpleData>
		<SimpleData name="ds_name">Hydrological Layer</SimpleData>
		<SimpleData name="src_agency">SAC N</SimpleData>
	</SchemaData></ExtendedData>
      <MultiGeometry><Polygon><outerBoundaryIs><LinearRing><coordinates>72.8823106004102,20.4179311560164 72.8821233668787,20.4177209839748 72.8820224660695,20.4178703017536 72.8819005220193,20.417890324845 72.8817728379276,20.417774070761 72.8818210069154,20.4175882674515 72.8813170443352,20.4177398505479 72.8816382875159,20.4181595503499 72.8816126329533,20.418367133188 72.8815806503816,20.4184814454003 72.8816001228217,20.418725421339 72.8819404997424,20.41885860089 72.8823893343425,20.4194017204118 72.8828029463328,20.4191845175831 72.8821545155724,20.4182231801317 72.8821790899743,20.4180944396347 72.8823106004102,20.4179311560164</coordinates></LinearRing></outerBoundaryIs></Polygon></MultiGeometry>
  </Placemark>
  <Placemark>
	<name>Tank/Pond</name>
	<Style><LineStyle><color>ff0000ff</color></LineStyle><PolyStyle><fill>0</fill></PolyStyle></Style>
	<ExtendedData><SchemaData schemaUrl="#wb_sac_dd">
		<SimpleData name="id">97</SimpleData>
		<SimpleData name="objectid_1">97</SimpleData>
		<SimpleData name="wetcode">1202</SimpleData>
		<SimpleData name="wetname"></SimpleData>
		<SimpleData name="aqveg">No</SimpleData>
		<SimpleData name="turbidity">High</SimpleData>
		<SimpleData name="level_i">Inland</SimpleData>
		<SimpleData name="level_ii">Man-made</SimpleData>
		<SimpleData name="l4type"></SimpleData>
		<SimpleData name="area_ha">0.427440727866459</SimpleData>
		<SimpleData name="remarks"></SimpleData>
		<SimpleData name="lat">20.731126557</SimpleData>
		<SimpleData name="long">70.9141941732</SimpleData>
		<SimpleData name="state">Daman &amp; Diu</SimpleData>
		<SimpleData name="shape_length">272.065010366213</SimpleData>
		<SimpleData name="shape_area">4274.40727866459</SimpleData>
		<SimpleData name="ds_name">Hydrological Layer</SimpleData>
		<SimpleData name="src_agency">SAC N</SimpleData>
	</SchemaData></ExtendedData>
      <MultiGeometry><Polygon><outerBoundaryIs><LinearRing><coordinates>70.9144584472156,20.7314621770969 70.914465962054,20.7307107094697 70.9140340846865,20.7307362290651 70.9139566123471,20.73125934445 70.9138861923252,20.7315201487121 70.9141776951892,20.7315270835415 70.9144584472156,20.7314621770969</coordinates></LinearRing></outerBoundaryIs></Polygon></MultiGeometry>
  </Placemark>
  <Placemark>
	<name>Tank/Pond</name>
	<Style><LineStyle><color>ff0000ff</color></LineStyle><PolyStyle><fill>0</fill></PolyStyle></Style>
	<ExtendedData><SchemaData schemaUrl="#wb_sac_dd">
		<SimpleData name="id">98</SimpleData>
		<SimpleData name="objectid_1">98</SimpleData>
		<SimpleData name="wetcode">1202</SimpleData>
		<SimpleData name="wetname"></SimpleData>
		<SimpleData name="aqveg">No</SimpleData>
		<SimpleData name="turbidity">High</SimpleData>
		<SimpleData name="level_i">Inland</SimpleData>
		<SimpleData name="level_ii">Man-made</SimpleData>
		<SimpleData name="l4type"></SimpleData>
		<SimpleData name="area_ha">0.349067820836437</SimpleData>
		<SimpleData name="remarks"></SimpleData>
		<SimpleData name="lat">20.7305235472</SimpleData>
		<SimpleData name="long">70.9151512157</SimpleData>
		<SimpleData name="state">Daman &amp; Diu</SimpleData>
		<SimpleData name="shape_length">238.574011841654</SimpleData>
		<SimpleData name="shape_area">3490.67820836437</SimpleData>
		<SimpleData name="ds_name">Hydrological Layer</SimpleData>
		<SimpleData name="src_agency">SAC N</SimpleData>
	</SchemaData></ExtendedData>
      <MultiGeometry><Polygon><outerBoundaryIs><LinearRing><coordinates>70.9154784206203,20.7303172075649 70.9148853066267,20.7302076553153 70.9148094405391,20.7306711556167 70.9154386545327,20.7308531530038 70.9154784206203,20.7303172075649</coordinates></LinearRing></outerBoundaryIs></Polygon></MultiGeometry>
  </Placemark>
  <Placemark>
	<name>Tank/Pond</name>
	<Style><LineStyle><color>ff0000ff</color></LineStyle><PolyStyle><fill>0</fill></PolyStyle></Style>
	<ExtendedData><SchemaData schemaUrl="#wb_sac_dd">
		<SimpleData name="id">99</SimpleData>
		<SimpleData name="objectid_1">99</SimpleData>
		<SimpleData name="wetcode">1202</SimpleData>
		<SimpleData name="wetname"></SimpleData>
		<SimpleData name="aqveg">No</SimpleData>
		<SimpleData name="turbidity">High</SimpleData>
		<SimpleData name="level_i">Inland</SimpleData>
		<SimpleData name="level_ii">Man-made</SimpleData>
		<SimpleData name="l4type"></SimpleData>
		<SimpleData name="area_ha">0.427191828448076</SimpleData>
		<SimpleData name="remarks"></SimpleData>
		<SimpleData name="lat">20.7335309222</SimpleData>
		<SimpleData name="long">70.9193685694</SimpleData>
		<SimpleData name="state">Daman &amp; Diu</SimpleData>
		<SimpleData name="shape_length">263.226827627605</SimpleData>
		<SimpleData name="shape_area">4271.91828448076</SimpleData>
		<SimpleData name="ds_name">Hydrological Layer</SimpleData>
		<SimpleData name="src_agency">SAC N</SimpleData>
	</SchemaData></ExtendedData>
      <MultiGeometry><Polygon><outerBoundaryIs><LinearRing><coordinates>70.9197604809947,20.7332600412854 70.9190513621392,20.7332193307195 70.9189751844858,20.7336947595669 70.9196297675764,20.7338773462866 70.9197604809947,20.7332600412854</coordinates></LinearRing></outerBoundaryIs></Polygon></MultiGeometry>
  </Placemark>
  <Placemark>
	<name>Tank/Pond</name>
	<Style><LineStyle><color>ff0000ff</color></LineStyle><PolyStyle><fill>0</fill></PolyStyle></Style>
	<ExtendedData><SchemaData schemaUrl="#wb_sac_dd">
		<SimpleData name="id">100</SimpleData>
		<SimpleData name="objectid_1">100</SimpleData>
		<SimpleData name="wetcode">1202</SimpleData>
		<SimpleData name="wetname"></SimpleData>
		<SimpleData name="aqveg">No</SimpleData>
		<SimpleData name="turbidity">High</SimpleData>
		<SimpleData name="level_i">Inland</SimpleData>
		<SimpleData name="level_ii">Man-made</SimpleData>
		<SimpleData name="l4type"></SimpleData>
		<SimpleData name="area_ha">3.31172145757484</SimpleData>
		<SimpleData name="remarks"></SimpleData>
		<SimpleData name="lat">20.7148693333</SimpleData>
		<SimpleData name="long">70.9481804469</SimpleData>
		<SimpleData name="state">Daman &amp; Diu</SimpleData>
		<SimpleData name="shape_length">892.251751630036</SimpleData>
		<SimpleData name="shape_area">33117.2145757484</SimpleData>
		<SimpleData name="ds_name">Hydrological Layer</SimpleData>
		<SimpleData name="src_agency">SAC N</SimpleData>
	</SchemaData></ExtendedData>
      <MultiGeometry><Polygon><outerBoundaryIs><LinearRing><coordinates>70.9499730229041,20.7144989531338 70.9498463178115,20.7139232646174 70.9491492805844,20.7141931888124 70.9485206928518,20.7141783725294 70.9473354788202,20.7144940519799 70.9464868381343,20.7151230997804 70.9472583337048,20.7158667150411 70.9481186165491,20.7155624688782 70.9480861909399,20.7152562634756 70.9485987082838,20.7150583550604 70.9499730229041,20.7144989531338</coordinates></LinearRing></outerBoundaryIs></Polygon></MultiGeometry>
  </Placemark>
  <Placemark>
	<name>Tank/Pond</name>
	<Style><LineStyle><color>ff0000ff</color></LineStyle><PolyStyle><fill>0</fill></PolyStyle></Style>
	<ExtendedData><SchemaData schemaUrl="#wb_sac_dd">
		<SimpleData name="id">101</SimpleData>
		<SimpleData name="objectid_1">101</SimpleData>
		<SimpleData name="wetcode">1202</SimpleData>
		<SimpleData name="wetname"></SimpleData>
		<SimpleData name="aqveg">No</SimpleData>
		<SimpleData name="turbidity">High</SimpleData>
		<SimpleData name="level_i">Inland</SimpleData>
		<SimpleData name="level_ii">Man-made</SimpleData>
		<SimpleData name="l4type"></SimpleData>
		<SimpleData name="area_ha">3.74405863730457</SimpleData>
		<SimpleData name="remarks"></SimpleData>
		<SimpleData name="lat">20.7144471668</SimpleData>
		<SimpleData name="long">70.9640166236</SimpleData>
		<SimpleData name="state">Daman &amp; Diu</SimpleData>
		<SimpleData name="shape_length">1036.87432869324</SimpleData>
		<SimpleData name="shape_area">37440.5863730457</SimpleData>
		<SimpleData name="ds_name">Hydrological Layer</SimpleData>
		<SimpleData name="src_agency">SAC N</SimpleData>
	</SchemaData></ExtendedData>
      <MultiGeometry><Polygon><outerBoundaryIs><LinearRing><coordinates>70.9659959524436,20.7142806497385 70.9646991296048,20.7139280578055 70.9646344983951,20.713974266923 70.9645172752339,20.7140908296223 70.9643116542142,20.7141933855995 70.9642403576881,20.7140127387884 70.963776819927,20.7137990187545 70.9637223304938,20.7139409178802 70.9634593539609,20.7138154273957 70.9634891489701,20.7141263440355 70.9621467218768,20.7140590184358 70.9621340788639,20.7150132363981 70.9659554307238,20.7148524103974 70.9659959524436,20.7142806497385</coordinates></LinearRing></outerBoundaryIs></Polygon></MultiGeometry>
  </Placemark>
  <Placemark>
	<name>Tank/Pond</name>
	<Style><LineStyle><color>ff0000ff</color></LineStyle><PolyStyle><fill>0</fill></PolyStyle></Style>
	<ExtendedData><SchemaData schemaUrl="#wb_sac_dd">
		<SimpleData name="id">102</SimpleData>
		<SimpleData name="objectid_1">102</SimpleData>
		<SimpleData name="wetcode">1202</SimpleData>
		<SimpleData name="wetname"></SimpleData>
		<SimpleData name="aqveg">No</SimpleData>
		<SimpleData name="turbidity">High</SimpleData>
		<SimpleData name="level_i">Inland</SimpleData>
		<SimpleData name="level_ii">Man-made</SimpleData>
		<SimpleData name="l4type"></SimpleData>
		<SimpleData name="area_ha">1.05747339467295</SimpleData>
		<SimpleData name="remarks"></SimpleData>
		<SimpleData name="lat">20.7335291842</SimpleData>
		<SimpleData name="long">70.9224678002</SimpleData>
		<SimpleData name="state">Daman &amp; Diu</SimpleData>
		<SimpleData name="shape_length">475.360176785342</SimpleData>
		<SimpleData name="shape_area">10574.7339467295</SimpleData>
		<SimpleData name="ds_name">Hydrological Layer</SimpleData>
		<SimpleData name="src_agency">SAC N</SimpleData>
	</SchemaData></ExtendedData>
      <MultiGeometry><Polygon><outerBoundaryIs><LinearRing><coordinates>70.9232211058598,20.7336726079364 70.9230425042769,20.7332388529275 70.9227333219651,20.7329451691404 70.9225466056383,20.7332867344111 70.9221851285458,20.7330514634438 70.9216844323371,20.7332781941075 70.9221640152718,20.7338384069482 70.9221176750552,20.7341475122663 70.9232211058598,20.7336726079364</coordinates></LinearRing></outerBoundaryIs></Polygon></MultiGeometry>
  </Placemark>
  <Placemark>
	<name>Tank/Pond</name>
	<Style><LineStyle><color>ff0000ff</color></LineStyle><PolyStyle><fill>0</fill></PolyStyle></Style>
	<ExtendedData><SchemaData schemaUrl="#wb_sac_dd">
		<SimpleData name="id">103</SimpleData>
		<SimpleData name="objectid_1">103</SimpleData>
		<SimpleData name="wetcode">1202</SimpleData>
		<SimpleData name="wetname"></SimpleData>
		<SimpleData name="aqveg">No</SimpleData>
		<SimpleData name="turbidity">High</SimpleData>
		<SimpleData name="level_i">Inland</SimpleData>
		<SimpleData name="level_ii">Man-made</SimpleData>
		<SimpleData name="l4type"></SimpleData>
		<SimpleData name="area_ha">2.1573431276662</SimpleData>
		<SimpleData name="remarks"></SimpleData>
		<SimpleData name="lat">20.7319148691</SimpleData>
		<SimpleData name="long">70.9240476657</SimpleData>
		<SimpleData name="state">Daman &amp; Diu</SimpleData>
		<SimpleData name="shape_length">764.282044204502</SimpleData>
		<SimpleData name="shape_area">21573.431276662</SimpleData>
		<SimpleData name="ds_name">Hydrological Layer</SimpleData>
		<SimpleData name="src_agency">SAC N</SimpleData>
	</SchemaData></ExtendedData>
      <MultiGeometry><Polygon><outerBoundaryIs><LinearRing><coordinates>70.9236095649449,20.7324290741131 70.9237049994863,20.7321807872703 70.9242860972628,20.7322661650012 70.9250852152686,20.732261264364 70.9251424166323,20.7315467604608 70.9249812795792,20.7309344557936 70.9240049349005,20.7314004604707 70.9236727319311,20.7319652642775 70.9229616959487,20.7319961111077 70.9229052427777,20.7322095287769 70.9228101268144,20.7324458905675 70.9227897757891,20.732731750483 70.9229500647615,20.732902590683 70.9236095649449,20.7324290741131</coordinates></LinearRing></outerBoundaryIs></Polygon></MultiGeometry>
  </Placemark>
  <Placemark>
	<name>Tank/Pond</name>
	<Style><LineStyle><color>ff0000ff</color></LineStyle><PolyStyle><fill>0</fill></PolyStyle></Style>
	<ExtendedData><SchemaData schemaUrl="#wb_sac_dd">
		<SimpleData name="id">104</SimpleData>
		<SimpleData name="objectid_1">104</SimpleData>
		<SimpleData name="wetcode">1202</SimpleData>
		<SimpleData name="wetname"></SimpleData>
		<SimpleData name="aqveg">No</SimpleData>
		<SimpleData name="turbidity">High</SimpleData>
		<SimpleData name="level_i">Inland</SimpleData>
		<SimpleData name="level_ii">Man-made</SimpleData>
		<SimpleData name="l4type"></SimpleData>
		<SimpleData name="area_ha">5.08346640795249</SimpleData>
		<SimpleData name="remarks"></SimpleData>
		<SimpleData name="lat">20.4138796878</SimpleData>
		<SimpleData name="long">72.8920233498</SimpleData>
		<SimpleData name="state">Daman &amp; Diu</SimpleData>
		<SimpleData name="shape_length">1134.79297883339</SimpleData>
		<SimpleData name="shape_area">50834.6640795249</SimpleData>
		<SimpleData name="ds_name">Hydrological Layer</SimpleData>
		<SimpleData name="src_agency">SAC N</SimpleData>
	</SchemaData></ExtendedData>
      <MultiGeometry><Polygon><outerBoundaryIs><LinearRing><coordinates>72.8929792860081,20.4136201871705 72.8928204089282,20.4131881341981 72.8925453753006,20.4129099995313 72.8922800865566,20.4128470487641 72.892140698731,20.4128453630407 72.8919745050601,20.4129508841536 72.8916799675834,20.4131743320215 72.8913743858389,20.4132781662628 72.891135416459,20.4131438433405 72.8909620831064,20.4128430425811 72.8908027253017,20.4124468263344 72.8907561080958,20.4121475602736 72.8903371357833,20.4122022258011 72.8906019080929,20.4132329667275 72.8923586704941,20.4154526827925 72.8935540429355,20.4151564951512 72.8934084855655,20.4146768111997 72.8929792860081,20.4136201871705</coordinates></LinearRing></outerBoundaryIs></Polygon></MultiGeometry>
  </Placemark>
  <Placemark>
	<name>Tank/Pond</name>
	<Style><LineStyle><color>ff0000ff</color></LineStyle><PolyStyle><fill>0</fill></PolyStyle></Style>
	<ExtendedData><SchemaData schemaUrl="#wb_sac_dd">
		<SimpleData name="id">119</SimpleData>
		<SimpleData name="objectid_1">119</SimpleData>
		<SimpleData name="wetcode">1202</SimpleData>
		<SimpleData name="wetname"></SimpleData>
		<SimpleData name="aqveg">No</SimpleData>
		<SimpleData name="turbidity">High</SimpleData>
		<SimpleData name="level_i">Inland</SimpleData>
		<SimpleData name="level_ii">Man-made</SimpleData>
		<SimpleData name="l4type"></SimpleData>
		<SimpleData name="area_ha">0.826756277211134</SimpleData>
		<SimpleData name="remarks"></SimpleData>
		<SimpleData name="lat">20.4198902313</SimpleData>
		<SimpleData name="long">72.8566318181</SimpleData>
		<SimpleData name="state">Daman &amp; Diu</SimpleData>
		<SimpleData name="shape_length">441.346054135923</SimpleData>
		<SimpleData name="shape_area">8267.56277211134</SimpleData>
		<SimpleData name="ds_name">Hydrological Layer</SimpleData>
		<SimpleData name="src_agency">SAC N</SimpleData>
	</SchemaData></ExtendedData>
      <MultiGeometry><Polygon><outerBoundaryIs><LinearRing><coordinates>72.8573334586097,20.4203848038517 72.8572520315544,20.4197978442021 72.8572244801547,20.4197550545836 72.8571042854658,20.4196484337773 72.8568825854137,20.4195501221892 72.8566603553813,20.4194900372984 72.856407184841,20.4194678032885 72.8560619824822,20.4195017874942 72.8558386948331,20.419518153718 72.8560446951614,20.4200177218921 72.8561978164958,20.4199431411146 72.8563604124995,20.4199164683001 72.8565636922909,20.4198807374097 72.856704821363,20.4199398244472 72.8567734018733,20.420112717913 72.8568426434012,20.4202378281634 72.8570032543716,20.4203545041429 72.8572965805248,20.420405906111 72.8573334586097,20.4203848038517</coordinates></LinearRing></outerBoundaryIs></Polygon></MultiGeometry>
  </Placemark>
  <Placemark>
	<name>Tank/Pond</name>
	<Style><LineStyle><color>ff0000ff</color></LineStyle><PolyStyle><fill>0</fill></PolyStyle></Style>
	<ExtendedData><SchemaData schemaUrl="#wb_sac_dd">
		<SimpleData name="id">109</SimpleData>
		<SimpleData name="objectid_1">109</SimpleData>
		<SimpleData name="wetcode">1202</SimpleData>
		<SimpleData name="wetname"></SimpleData>
		<SimpleData name="aqveg">No</SimpleData>
		<SimpleData name="turbidity">High</SimpleData>
		<SimpleData name="level_i">Inland</SimpleData>
		<SimpleData name="level_ii">Man-made</SimpleData>
		<SimpleData name="l4type"></SimpleData>
		<SimpleData name="area_ha">1.21768048628618</SimpleData>
		<SimpleData name="remarks"></SimpleData>
		<SimpleData name="lat">20.4313922973</SimpleData>
		<SimpleData name="long">72.864430401</SimpleData>
		<SimpleData name="state">Daman &amp; Diu</SimpleData>
		<SimpleData name="shape_length">591.091958100341</SimpleData>
		<SimpleData name="shape_area">12176.8048628618</SimpleData>
		<SimpleData name="ds_name">Hydrological Layer</SimpleData>
		<SimpleData name="src_agency">SAC N</SimpleData>
	</SchemaData></ExtendedData>
      <MultiGeometry><Polygon><outerBoundaryIs><LinearRing><coordinates>72.864908413373,20.43201243338 72.8649033142142,20.4319227606247 72.8649303912574,20.4317976401335 72.864963640699,20.4316845432612 72.8649656194399,20.4315411931165 72.8648848953025,20.4314207231769 72.8647589093761,20.4313654119798 72.8646454312037,20.4313222014373 72.8645512101951,20.4312613070072 72.8645087523132,20.43112338466 72.8645108963382,20.4309680882168 72.864467944275,20.4308660031988 72.8644008829782,20.4306740138317 72.8642771251255,20.4304574331955 72.8641513870546,20.4303842033299 72.8640814398065,20.4304012665941 72.8640109152164,20.4304601398176 72.8639654044665,20.4305432173317 72.8639324031275,20.4306383957413 72.8639110012277,20.4308113776793 72.863908856553,20.4309666731725 72.8639080313989,20.4310264031926 72.8639126354328,20.4311519122973 72.863943244435,20.4312299503044 72.8640549074254,20.431404565087 72.8641294594566,20.43151301096 72.8641659933797,20.4316209907716 72.8642147044284,20.4317649631985 72.8643025903703,20.4318257807157 72.8643659544608,20.4318265583119 72.8645119399177,20.43181042778 72.8645104549926,20.4319179406161 72.8644592680075,20.4319531556806 72.864332539656,20.4319516014584 72.8642244903995,20.431974171526 72.8642421797104,20.4320699714768 72.8643680012741,20.4321372295405 72.864519746159,20.4321629862548 72.8647150208607,20.4322490178364 72.8647829081273,20.4323812781631 72.8648209256029,20.4323817439954 72.8649743210482,20.4322880428516 72.8649700464197,20.4321386418188 72.864908413373,20.43201243338</coordinates></LinearRing></outerBoundaryIs></Polygon></MultiGeometry>
  </Placemark>
  <Placemark>
	<name>Tank/Pond</name>
	<Style><LineStyle><color>ff0000ff</color></LineStyle><PolyStyle><fill>0</fill></PolyStyle></Style>
	<ExtendedData><SchemaData schemaUrl="#wb_sac_dd">
		<SimpleData name="id">110</SimpleData>
		<SimpleData name="objectid_1">110</SimpleData>
		<SimpleData name="wetcode">1202</SimpleData>
		<SimpleData name="wetname"></SimpleData>
		<SimpleData name="aqveg">No</SimpleData>
		<SimpleData name="turbidity">High</SimpleData>
		<SimpleData name="level_i">Inland</SimpleData>
		<SimpleData name="level_ii">Man-made</SimpleData>
		<SimpleData name="l4type"></SimpleData>
		<SimpleData name="area_ha">6.31014216779861</SimpleData>
		<SimpleData name="remarks"></SimpleData>
		<SimpleData name="lat">20.4339342014</SimpleData>
		<SimpleData name="long">72.8670350385</SimpleData>
		<SimpleData name="state">Daman &amp; Diu</SimpleData>
		<SimpleData name="shape_length">2174.02488614818</SimpleData>
		<SimpleData name="shape_area">63101.4216779861</SimpleData>
		<SimpleData name="ds_name">Hydrological Layer</SimpleData>
		<SimpleData name="src_agency">SAC N</SimpleData>
	</SchemaData></ExtendedData>
      <MultiGeometry><Polygon><outerBoundaryIs><LinearRing><coordinates>72.8688823301214,20.4366467341342 72.8687033524291,20.4358711981189 72.8685886989473,20.4356383376914 72.8684557801779,20.4353499586688 72.8683837928285,20.4350551587234 72.8682807966321,20.4348029905767 72.8682596650196,20.4346808625414 72.8681951826955,20.4343933220311 72.8678032413581,20.4341376144323 72.8676378341209,20.4339993816196 72.8674263116436,20.4338964274707 72.8671913833718,20.4338361979105 72.8670034630264,20.4336761825052 72.8669304896109,20.4334530560671 72.8669179518751,20.4332593467111 72.8668442868561,20.4330863933568 72.8666871780552,20.4328980800574 72.86656848382,20.4326815625586 72.8664278700912,20.4324002578568 72.866339096232,20.4322199504881 72.8662521045885,20.4319106277437 72.8661239410279,20.4312782066182 72.865967231132,20.4310612225105 72.8658008397244,20.4309946635163 72.8656180540442,20.431013928462 72.865510811332,20.4310699628766 72.8654105782084,20.4311690967471 72.8653557686636,20.4312831245445 72.8653004659043,20.4314329897048 72.8652515784078,20.4316689586043 72.8652725093382,20.4318054214758 72.865301044396,20.4319419769802 72.8654447237454,20.4320010900245 72.8655657904503,20.432045587696 72.8656559460862,20.4321255485043 72.865729906642,20.432276998827 72.8657585413771,20.4324063883212 72.8658024816098,20.4325287960154 72.8658313139462,20.4326438489173 72.8658445433167,20.4327873861953 72.8659105045518,20.4329674143591 72.8659545443045,20.4330826542486 72.8660369003415,20.4331768571475 72.8661585603954,20.4331783491284 72.8662819023118,20.4330579923769 72.86645866904,20.4329239541466 72.8665336195152,20.4330037285479 72.8665167306541,20.4331253902762 72.8664471096037,20.4332105622659 72.8663087568414,20.4333163965008 72.8662087209796,20.4334011954628 72.8661155959846,20.4335362590317 72.8661142114752,20.4336366051491 72.8661193422531,20.4338158864046 72.8660861566639,20.4340162038012 72.8660682784458,20.4342095413094 72.8660049753517,20.4343879841149 72.8659729766596,20.4345022911047 72.8660250169069,20.4345889541725 72.8661986195167,20.4346842760977 72.8663577070237,20.4347292396328 72.8666086351556,20.4347323164945 72.8667616027705,20.4346696730291 72.8668024898603,20.4344622809365 72.8668665839634,20.4342264978176 72.8669071743952,20.4340406074909 72.8670502629874,20.4341427243181 72.8670331762303,20.4342787209865 72.8669781695882,20.434407083596 72.8669073625295,20.4345782664478 72.8668752654225,20.4346997414884 72.8669815221608,20.4347153816552 72.8671652008143,20.434631607929 72.8673192562437,20.4344901212829 72.867525647894,20.4344137934302 72.8676546169398,20.4344368811714 72.8676535299206,20.4345157238335 72.8675378902695,20.4346290065048 72.8674070429523,20.4347421032058 72.867261382433,20.4348263433687 72.8670705930438,20.4348741854154 72.8668344775214,20.4348999658093 72.8668182806419,20.43497145558 72.8669060657932,20.4352234369475 72.8670487611587,20.4353542235128 72.8671841469337,20.4354634146872 72.8673641704161,20.4356448394115 72.8674908653652,20.4358327796649 72.8676172663248,20.4360422226055 72.8677149310341,20.4361294446596 72.8678673062499,20.4361098052713 72.8680366682673,20.4359613374774 72.8682591598685,20.4358206873506 72.8683880313924,20.4358509414172 72.8684095585411,20.4359443990557 72.8683625510321,20.4360441861105 72.8681863764796,20.4361352208215 72.8680407149267,20.4362194618555 72.8678713515612,20.4363679305621 72.8679076917289,20.4364902447387 72.8679977527053,20.4365773723225 72.8681339320691,20.4366292217451 72.8683104054467,20.436516684467 72.8685466215904,20.4364837347235 72.8687134153958,20.436521621349 72.8688184874469,20.4366232708688 72.8688823301214,20.4366467341342</coordinates></LinearRing></outerBoundaryIs></Polygon></MultiGeometry>
  </Placemark>
  <Placemark>
	<name>Tank/Pond</name>
	<Style><LineStyle><color>ff0000ff</color></LineStyle><PolyStyle><fill>0</fill></PolyStyle></Style>
	<ExtendedData><SchemaData schemaUrl="#wb_sac_dd">
		<SimpleData name="id">111</SimpleData>
		<SimpleData name="objectid_1">111</SimpleData>
		<SimpleData name="wetcode">1202</SimpleData>
		<SimpleData name="wetname"></SimpleData>
		<SimpleData name="aqveg">No</SimpleData>
		<SimpleData name="turbidity">High</SimpleData>
		<SimpleData name="level_i">Inland</SimpleData>
		<SimpleData name="level_ii">Man-made</SimpleData>
		<SimpleData name="l4type"></SimpleData>
		<SimpleData name="area_ha">0.696344328268568</SimpleData>
		<SimpleData name="remarks"></SimpleData>
		<SimpleData name="lat">20.4373675784</SimpleData>
		<SimpleData name="long">72.868670971</SimpleData>
		<SimpleData name="state">Daman &amp; Diu</SimpleData>
		<SimpleData name="shape_length">349.703869549051</SimpleData>
		<SimpleData name="shape_area">6963.44328268568</SimpleData>
		<SimpleData name="ds_name">Hydrological Layer</SimpleData>
		<SimpleData name="src_agency">SAC N</SimpleData>
	</SchemaData></ExtendedData>
      <MultiGeometry><Polygon><outerBoundaryIs><LinearRing><coordinates>72.8689840539434,20.437033688928 72.8689208963124,20.4367989963649 72.8682171596907,20.4370281071449 72.8682852163342,20.4371484208979 72.8683393635131,20.4373581728721 72.868375324538,20.4375079624498 72.8684304615244,20.4376460385883 72.8685179387308,20.437736720418 72.8685930739241,20.4378033534965 72.8687377472246,20.4378827875587 72.8688511486878,20.4379319679672 72.8690157392738,20.4379459324476 72.8690729331989,20.4379346845399 72.8690553232594,20.4378329119239 72.8689834822468,20.4375273602681 72.8690003165609,20.4370941209632 72.8689840539434,20.437033688928</coordinates></LinearRing></outerBoundaryIs></Polygon></MultiGeometry>
  </Placemark>
  <Placemark>
	<name>Tank/Pond</name>
	<Style><LineStyle><color>ff0000ff</color></LineStyle><PolyStyle><fill>0</fill></PolyStyle></Style>
	<ExtendedData><SchemaData schemaUrl="#wb_sac_dd">
		<SimpleData name="id">112</SimpleData>
		<SimpleData name="objectid_1">112</SimpleData>
		<SimpleData name="wetcode">1202</SimpleData>
		<SimpleData name="wetname"></SimpleData>
		<SimpleData name="aqveg">No</SimpleData>
		<SimpleData name="turbidity">High</SimpleData>
		<SimpleData name="level_i">Inland</SimpleData>
		<SimpleData name="level_ii">Man-made</SimpleData>
		<SimpleData name="l4type"></SimpleData>
		<SimpleData name="area_ha">0.491093696785144</SimpleData>
		<SimpleData name="remarks"></SimpleData>
		<SimpleData name="lat">20.4382728093</SimpleData>
		<SimpleData name="long">72.8682205955</SimpleData>
		<SimpleData name="state">Daman &amp; Diu</SimpleData>
		<SimpleData name="shape_length">351.660995804113</SimpleData>
		<SimpleData name="shape_area">4910.93696785144</SimpleData>
		<SimpleData name="ds_name">Hydrological Layer</SimpleData>
		<SimpleData name="src_agency">SAC N</SimpleData>
	</SchemaData></ExtendedData>
      <MultiGeometry><Polygon><outerBoundaryIs><LinearRing><coordinates>72.8682095765092,20.438037613421 72.8681871953993,20.4378222774208 72.8677432967852,20.4378407341968 72.8677729217521,20.437990446061 72.8677830408711,20.4381757623668 72.8677873179335,20.4383251632111 72.8678552094175,20.4384574228128 72.8680374088063,20.43857316115 72.8682646250479,20.4386416582764 72.868422631853,20.4386734637292 72.8686189877916,20.4386818428217 72.8688285119221,20.4386545400221 72.8688360838234,20.4385650236545 72.8687482750465,20.4384982347885 72.8686533068781,20.4384910965738 72.8684697896772,20.43847092699 72.8683250322259,20.4383974653299 72.8682387076954,20.4382231636576 72.8682095765092,20.438037613421</coordinates></LinearRing></outerBoundaryIs></Polygon></MultiGeometry>
  </Placemark>
  <Placemark>
	<name>Tank/Pond</name>
	<Style><LineStyle><color>ff0000ff</color></LineStyle><PolyStyle><fill>0</fill></PolyStyle></Style>
	<ExtendedData><SchemaData schemaUrl="#wb_sac_dd">
		<SimpleData name="id">113</SimpleData>
		<SimpleData name="objectid_1">113</SimpleData>
		<SimpleData name="wetcode">1202</SimpleData>
		<SimpleData name="wetname"></SimpleData>
		<SimpleData name="aqveg">No</SimpleData>
		<SimpleData name="turbidity">High</SimpleData>
		<SimpleData name="level_i">Inland</SimpleData>
		<SimpleData name="level_ii">Man-made</SimpleData>
		<SimpleData name="l4type"></SimpleData>
		<SimpleData name="area_ha">1.5772581765279</SimpleData>
		<SimpleData name="remarks"></SimpleData>
		<SimpleData name="lat">20.438165979</SimpleData>
		<SimpleData name="long">72.8664397717</SimpleData>
		<SimpleData name="state">Daman &amp; Diu</SimpleData>
		<SimpleData name="shape_length">620.138296881152</SimpleData>
		<SimpleData name="shape_area">15772.581765279</SimpleData>
		<SimpleData name="ds_name">Hydrological Layer</SimpleData>
		<SimpleData name="src_agency">SAC N</SimpleData>
	</SchemaData></ExtendedData>
      <MultiGeometry><Polygon><outerBoundaryIs><LinearRing><coordinates>72.8670157962359,20.4386621967033 72.8671379236261,20.4385382396776 72.867258239861,20.4385456890907 72.867372464887,20.4385351420204 72.8673865398507,20.4384337563848 72.8673819332061,20.4383082474835 72.8672752802866,20.4382292791705 72.8671435278019,20.4381320804497 72.8670056035543,20.4380228580713 72.8668939330682,20.4378482444882 72.8667765866252,20.4376257698467 72.8666069797958,20.4375161588672 72.8664799987984,20.4375325238251 72.8663396844019,20.4375965165124 72.866135839296,20.4376716787539 72.8659189907616,20.4377705756576 72.8656955568794,20.4378873142763 72.8654606872248,20.4379143031401 72.8654534434612,20.4379799273227 72.8654847147582,20.4380101806365 72.8655796834853,20.4380173190711 72.865744436584,20.4380193405994 72.8658835143996,20.4380449417458 72.8659079533139,20.4381109562173 72.865881782048,20.4381703743996 72.8657423748501,20.4381686634216 72.86559103706,20.4381130422186 72.8654634784665,20.4381712166263 72.865500014381,20.4382791958302 72.8656313526961,20.4384062598139 72.8657701823629,20.4384497811652 72.8659035008848,20.4384334939293 72.8660304009895,20.4384231022448 72.8661182901712,20.4384839199044 72.8662878150452,20.4385995042915 72.8663626183703,20.4386900313935 72.8664563505971,20.4387867644799 72.8666274422152,20.4387888621928 72.8668688143053,20.4387500030121 72.8670157962359,20.4386621967033</coordinates></LinearRing></outerBoundaryIs></Polygon></MultiGeometry>
  </Placemark>
  <Placemark>
	<name>Tank/Pond</name>
	<Style><LineStyle><color>ff0000ff</color></LineStyle><PolyStyle><fill>0</fill></PolyStyle></Style>
	<ExtendedData><SchemaData schemaUrl="#wb_sac_dd">
		<SimpleData name="id">114</SimpleData>
		<SimpleData name="objectid_1">114</SimpleData>
		<SimpleData name="wetcode">1202</SimpleData>
		<SimpleData name="wetname"></SimpleData>
		<SimpleData name="aqveg">No</SimpleData>
		<SimpleData name="turbidity">High</SimpleData>
		<SimpleData name="level_i">Inland</SimpleData>
		<SimpleData name="level_ii">Man-made</SimpleData>
		<SimpleData name="l4type"></SimpleData>
		<SimpleData name="area_ha">0.704960857987279</SimpleData>
		<SimpleData name="remarks"></SimpleData>
		<SimpleData name="lat">20.4395849267</SimpleData>
		<SimpleData name="long">72.8671720466</SimpleData>
		<SimpleData name="state">Daman &amp; Diu</SimpleData>
		<SimpleData name="shape_length">355.918544077646</SimpleData>
		<SimpleData name="shape_area">7049.60857987279</SimpleData>
		<SimpleData name="ds_name">Hydrological Layer</SimpleData>
		<SimpleData name="src_agency">SAC N</SimpleData>
	</SchemaData></ExtendedData>
      <MultiGeometry><Polygon><outerBoundaryIs><LinearRing><coordinates>72.8672388724536,20.439949331107 72.8672847970753,20.4398363889253 72.8673861845748,20.4398376313646 72.8675756282746,20.4398877460169 72.8677034358163,20.4398116505134 72.8677361076876,20.4397403634096 72.8678133848012,20.4396517011192 72.8676097098746,20.439254924566 72.8675142467259,20.4392836231751 72.8673814221339,20.43926407339 72.8671601300334,20.4392255167537 72.866988049534,20.4392950947969 72.8668920914547,20.4393596323995 72.8668157205106,20.4393825918362 72.8666068551119,20.4393621087658 72.8665181411425,20.4393610209319 72.866485632371,20.4394203612182 72.8665034879142,20.4395042159706 72.8666348284009,20.4396312792204 72.8667980185658,20.4397467860521 72.8669482885527,20.4398800550305 72.8670865428204,20.4399653855538 72.8672388724536,20.439949331107</coordinates></LinearRing></outerBoundaryIs></Polygon></MultiGeometry>
  </Placemark>
  <Placemark>
	<name>Tank/Pond</name>
	<Style><LineStyle><color>ff0000ff</color></LineStyle><PolyStyle><fill>0</fill></PolyStyle></Style>
	<ExtendedData><SchemaData schemaUrl="#wb_sac_dd">
		<SimpleData name="id">115</SimpleData>
		<SimpleData name="objectid_1">115</SimpleData>
		<SimpleData name="wetcode">1202</SimpleData>
		<SimpleData name="wetname"></SimpleData>
		<SimpleData name="aqveg">No</SimpleData>
		<SimpleData name="turbidity">High</SimpleData>
		<SimpleData name="level_i">Inland</SimpleData>
		<SimpleData name="level_ii">Man-made</SimpleData>
		<SimpleData name="l4type"></SimpleData>
		<SimpleData name="area_ha">1.1063856380131</SimpleData>
		<SimpleData name="remarks"></SimpleData>
		<SimpleData name="lat">20.4372699692</SimpleData>
		<SimpleData name="long">72.8661290614</SimpleData>
		<SimpleData name="state">Daman &amp; Diu</SimpleData>
		<SimpleData name="shape_length">524.130333000593</SimpleData>
		<SimpleData name="shape_area">11063.856380131</SimpleData>
		<SimpleData name="ds_name">Hydrological Layer</SimpleData>
		<SimpleData name="src_agency">SAC N</SimpleData>
	</SchemaData></ExtendedData>
      <MultiGeometry><Polygon><outerBoundaryIs><LinearRing><coordinates>72.866348413156,20.4374233789761 72.8665134957132,20.4374015077081 72.8666590740601,20.4374152406052 72.8667794701168,20.4374167166386 72.8668512348533,20.4372682475977 72.8670164826436,20.4372344302875 72.8670993533965,20.4371996014231 72.8671321076986,20.4371223418835 72.8670514619305,20.4369958997779 72.8669633259612,20.4369530019478 72.8668124000379,20.4368675163544 72.8666667394563,20.4368597572746 72.8665697117366,20.437001941335 72.8665377810478,20.4370194722007 72.866398786037,20.4369878979799 72.8662727961473,20.4369325878592 72.8661333892202,20.4369308781197 72.8659366229383,20.4369523604546 72.865746441517,20.4369560014425 72.8655371668714,20.4369653825213 72.8653719189404,20.4369992000241 72.8653202371387,20.4370702521982 72.8653373500089,20.4372078627015 72.8653748746733,20.4372441677538 72.8654439180813,20.4372928059834 72.8654874499615,20.4373530792351 72.8654550239963,20.4374064473572 72.8653536373967,20.4374052035644 72.8652079772848,20.4373974431058 72.8652003201684,20.4374929319358 72.8654138709641,20.4376329531028 72.8655145970597,20.4376819798392 72.8656410014274,20.437707426903 72.8658185109761,20.437703629937 72.8660284453106,20.4376464653775 72.866213528378,20.4375531518027 72.8662909698848,20.4374525440268 72.866348413156,20.4374233789761</coordinates></LinearRing></outerBoundaryIs></Polygon></MultiGeometry>
  </Placemark>
  <Placemark>
	<name>Tank/Pond</name>
	<Style><LineStyle><color>ff0000ff</color></LineStyle><PolyStyle><fill>0</fill></PolyStyle></Style>
	<ExtendedData><SchemaData schemaUrl="#wb_sac_dd">
		<SimpleData name="id">116</SimpleData>
		<SimpleData name="objectid_1">116</SimpleData>
		<SimpleData name="wetcode">1202</SimpleData>
		<SimpleData name="wetname"></SimpleData>
		<SimpleData name="aqveg">No</SimpleData>
		<SimpleData name="turbidity">High</SimpleData>
		<SimpleData name="level_i">Inland</SimpleData>
		<SimpleData name="level_ii">Man-made</SimpleData>
		<SimpleData name="l4type"></SimpleData>
		<SimpleData name="area_ha">1.8190555551094</SimpleData>
		<SimpleData name="remarks"></SimpleData>
		<SimpleData name="lat">20.4360531891</SimpleData>
		<SimpleData name="long">72.8656621618</SimpleData>
		<SimpleData name="state">Daman &amp; Diu</SimpleData>
		<SimpleData name="shape_length">681.795805618812</SimpleData>
		<SimpleData name="shape_area">18190.555551094</SimpleData>
		<SimpleData name="ds_name">Hydrological Layer</SimpleData>
		<SimpleData name="src_agency">SAC N</SimpleData>
	</SchemaData></ExtendedData>
      <MultiGeometry><Polygon><outerBoundaryIs><LinearRing><coordinates>72.8665279101837,20.4368162367753 72.8665613240961,20.4366911934783 72.8665377080027,20.4365654515584 72.8664817504751,20.4364871034178 72.8664013521573,20.4363427418071 72.8663593045966,20.4361749565438 72.866348115227,20.4360672881081 72.8663184922953,20.435917576235 72.8662378470591,20.4357911337885 72.8661000097069,20.4356759390464 72.8659686717445,20.4355488747925 72.8658943643571,20.4354225112183 72.8657880430495,20.4353196491499 72.8655730114766,20.435287142016 72.8654015121562,20.4353149077805 72.8651980822974,20.4353602039008 72.8650335780611,20.4353402643543 72.8648497352861,20.4353439822838 72.8647471950159,20.4354263593365 72.8646881855512,20.4355690097078 72.8647246372137,20.4356829624876 72.8647866013053,20.4357852794884 72.8648996709927,20.4358583547984 72.8649814682054,20.4359011756638 72.8650822766428,20.4359442299208 72.8651392243982,20.4359509028075 72.8651986448018,20.4357783883875 72.8652565817605,20.4357133854135 72.8654020762751,20.4357330922949 72.8654200963877,20.4358049995745 72.8653878364269,20.4358464221309 72.86531689625,20.4359351618418 72.8652522934464,20.4360239778156 72.8652382999918,20.4361193893622 72.865249406607,20.4362330306713 72.8652927733137,20.4363052503613 72.8653804970497,20.4363780139039 72.8654685493026,20.4364268853835 72.8655245071813,20.4365052339455 72.8655231049199,20.4366067735657 72.8655008788301,20.4368394842703 72.8656087671179,20.4368288596244 72.8657619176395,20.4367530772908 72.8660794921397,20.4367032071137 72.8661868026301,20.4367343922543 72.8662494267509,20.4367889266272 72.8663877621319,20.4368682839787 72.8664891483313,20.4368695270694 72.8665279101837,20.4368162367753</coordinates></LinearRing></outerBoundaryIs></Polygon></MultiGeometry>
  </Placemark>
  <Placemark>
	<name>Tank/Pond</name>
	<Style><LineStyle><color>ff0000ff</color></LineStyle><PolyStyle><fill>0</fill></PolyStyle></Style>
	<ExtendedData><SchemaData schemaUrl="#wb_sac_dd">
		<SimpleData name="id">117</SimpleData>
		<SimpleData name="objectid_1">117</SimpleData>
		<SimpleData name="wetcode">1202</SimpleData>
		<SimpleData name="wetname"></SimpleData>
		<SimpleData name="aqveg">No</SimpleData>
		<SimpleData name="turbidity">High</SimpleData>
		<SimpleData name="level_i">Inland</SimpleData>
		<SimpleData name="level_ii">Man-made</SimpleData>
		<SimpleData name="l4type"></SimpleData>
		<SimpleData name="area_ha">1.53908250514398</SimpleData>
		<SimpleData name="remarks"></SimpleData>
		<SimpleData name="lat">20.4346748826</SimpleData>
		<SimpleData name="long">72.8611785205</SimpleData>
		<SimpleData name="state">Daman &amp; Diu</SimpleData>
		<SimpleData name="shape_length">701.09421745241</SimpleData>
		<SimpleData name="shape_area">15390.8250514398</SimpleData>
		<SimpleData name="ds_name">Hydrological Layer</SimpleData>
		<SimpleData name="src_agency">SAC N</SimpleData>
	</SchemaData></ExtendedData>
      <MultiGeometry><Polygon><outerBoundaryIs><LinearRing><coordinates>72.8621225532004,20.43502972256 72.861947113124,20.4348841918839 72.8615405822301,20.4349508843185 72.8615042145035,20.4348309589383 72.8615073543103,20.4346039872407 72.8613826061158,20.434459080017 72.8611049559956,20.434372032029 72.8608161195654,20.4341773147829 72.8606941824814,20.4338293273862 72.860506401228,20.4336597484871 72.8602269355347,20.4337041047722 72.8601099021812,20.4339177277454 72.8601079181637,20.4340610781497 72.8601192685294,20.4341567995631 72.8602456686069,20.4341822492677 72.860435764182,20.4341845871406 72.8605238141352,20.4342334614777 72.860560014727,20.4343653324787 72.8605583614623,20.4344847910348 72.8606577633786,20.4346293876939 72.8608720482946,20.4347156574813 72.8610093037757,20.4348726671877 72.8610078160304,20.4349801793836 72.8610173500664,20.4352073068441 72.8612803444877,20.4354375481659 72.8615711668028,20.4354889141104 72.8618624834063,20.4355044419923 72.8620135696263,20.4355779860424 72.862217661834,20.4354849104098 72.8622336381132,20.4352461494618 72.8621225532004,20.43502972256</coordinates></LinearRing></outerBoundaryIs></Polygon></MultiGeometry>
  </Placemark>
</Folder>
</Document></kml>
